22:51:46 | AI Forex Trading Bot v1.0.0 initialized
22:51:50 | Hot-reload enabled for configuration files in config
22:51:50 | Health check system started
22:51:50 | Initializing MT5 Broker...
22:51:50 | Connection attempt (Process Elevation: Standard User)
22:51:50 | [1;33mBot is NOT running as Administrator. If MT5 is elevated, IPC connection WILL fail with timeout.[0m
22:51:51 | Connecting to existing terminal...
22:51:52 | [1;32m[OK][0m Connected to running MT5 terminal
22:51:52 | [1;32m[OK][0m Already logged in to account 5044383203
22:51:52 | --------------------------------------------------
22:51:52 | [1;32m[OK][0m AI TRADING BOT ACTIVATED | v2.1.0
22:51:52 | --------------------------------------------------
22:51:52 | [1;32m[OK][0m Mode: ACTIVE TRADING
22:51:52 | [1;32m[OK][0m Strategy: TREND FOLLOWING + ML
22:51:52 | [1;32m[OK][0m Feature: MAXOUT MODE [ON] (Aggressive Scaling)
22:51:52 | [1;32m[OK][0m Feature: AUTO-TRAIL [ON] (Dynamic Stop Loss)
22:51:52 | [1;32m[OK][0m Feature: SECURE PROFIT [ON] (Bank Gains > $50)
22:51:52 | [1;32m[OK][0m Feature: PARTIAL PROFIT [ON] (Multi-stage exits)
22:51:52 | [1;32m[OK][0m Feature: TIME EXIT [ON] (Close stagnated trades)
22:51:52 | [1;32m[OK][0m Feature: LIVE IMPROVEMENTS [ON] (Margin, Slippage, Sizing)
22:51:52 | --------------------------------------------------
22:51:52 | [1;34m[INIT][0m Initializing live trading improvements...
22:51:52 | Daily loss limit set to $100.00
22:51:52 | [1;34m[INIT][0m Initializing Three-Layer Architecture...
22:51:52 | [1;34m[INIT][0m Bot initialization complete | Symbols: ['EUR/USD', 'GBP/USD', 'USD/JPY', 'AUD/USD']
22:51:52 | [36m[STATS][0m --- [CYCLE 1] ---
22:51:52 | [36m[STATS][0m Balance: 97973.15 | Equity: 97971.39 | Active: 2 | Margin: 97863.09 | Util: 0.1%
22:51:52 | [POSITION STATS] Open: 2 | Unrealized: $-1.76 | Daily Loss: $0.00/100.00
22:51:52 | [ANALYSIS] Examining EUR/USD | Time: 00:00 | Bars: 100
22:51:52 | [ANALYSIS] Examining GBP/USD | Time: 00:00 | Bars: 100
22:51:52 | First run for GBP/USD: Training ML model on 100 bars...
22:51:52 | [ANALYSIS] GBP/USD | Price: 1.34369 | RSI: 43.8 | ADX: 48.4 | ML: UP(75%)
22:51:52 | [STRATEGY] Added synthetic ML BUY signal (conf: 0.75)
22:51:52 | [ANALYSIS] Examining USD/JPY | Time: 00:00 | Bars: 100
22:51:52 | [ANALYSIS] Examining AUD/USD | Time: 00:00 | Bars: 100
22:51:52 | First run for AUD/USD: Training ML model on 100 bars...
22:51:52 | [ANALYSIS] AUD/USD | Price: 0.67003 | RSI: 46.1 | ADX: 47.4 | ML: UP(75%)
22:51:53 | [STRATEGY] Added synthetic ML BUY signal (conf: 0.75)
22:51:53 | [IDLE] Waiting for next market pulse...
22:52:03 | [36m[STATS][0m --- [CYCLE 2] ---
22:52:03 | [36m[STATS][0m Balance: 97973.15 | Equity: 97971.39 | Active: 2 | Margin: 97863.09 | Util: 0.1%
22:52:03 | [POSITION STATS] Open: 2 | Unrealized: $-1.76 | Daily Loss: $0.00/100.00
22:52:03 | [ANALYSIS] Examining EUR/USD | Time: 00:00 | Bars: 100
22:52:03 | [ANALYSIS] Examining GBP/USD | Time: 00:00 | Bars: 100
22:52:03 | [ANALYSIS] GBP/USD | Price: 1.34357 | RSI: 43.2 | ADX: 48.4 | ML: UP(75%)
22:52:03 | [STRATEGY] Added synthetic ML BUY signal (conf: 0.75)
22:52:03 | [ANALYSIS] Examining USD/JPY | Time: 00:00 | Bars: 100
22:52:03 | [ANALYSIS] Examining AUD/USD | Time: 00:00 | Bars: 100
22:52:03 | [ANALYSIS] AUD/USD | Price: 0.67004 | RSI: 46.2 | ADX: 47.4 | ML: UP(75%)
22:52:03 | [STRATEGY] Added synthetic ML BUY signal (conf: 0.75)
22:52:03 | [IDLE] Waiting for next market pulse...
22:52:13 | [36m[STATS][0m --- [CYCLE 3] ---
22:52:13 | [36m[STATS][0m Balance: 97973.15 | Equity: 97971.36 | Active: 2 | Margin: 97863.06 | Util: 0.1%
22:52:13 | [POSITION STATS] Open: 2 | Unrealized: $-1.79 | Daily Loss: $0.00/100.00
22:52:13 | [ANALYSIS] Examining EUR/USD | Time: 00:00 | Bars: 100
22:52:13 | [ANALYSIS] Examining GBP/USD | Time: 00:00 | Bars: 100
22:52:13 | [ANALYSIS] GBP/USD | Price: 1.34365 | RSI: 43.6 | ADX: 48.4 | ML: UP(75%)
22:52:13 | [STRATEGY] Added synthetic ML BUY signal (conf: 0.75)
22:52:13 | [ANALYSIS] Examining USD/JPY | Time: 00:00 | Bars: 100
22:52:13 | [ANALYSIS] Examining AUD/USD | Time: 00:00 | Bars: 100
22:52:13 | [ANALYSIS] AUD/USD | Price: 0.67004 | RSI: 46.2 | ADX: 47.4 | ML: UP(75%)
22:52:13 | [STRATEGY] Added synthetic ML BUY signal (conf: 0.75)
22:52:13 | [IDLE] Waiting for next market pulse...
22:52:23 | [36m[STATS][0m --- [CYCLE 4] ---
22:52:23 | [36m[STATS][0m Balance: 97973.15 | Equity: 97971.46 | Active: 2 | Margin: 97863.16 | Util: 0.1%
22:52:23 | [POSITION STATS] Open: 2 | Unrealized: $-1.69 | Daily Loss: $0.00/100.00
22:52:23 | [ANALYSIS] Examining EUR/USD | Time: 00:00 | Bars: 100
22:52:23 | [ANALYSIS] Examining GBP/USD | Time: 00:00 | Bars: 100
22:52:23 | [ANALYSIS] GBP/USD | Price: 1.34365 | RSI: 43.6 | ADX: 48.4 | ML: UP(75%)
22:52:23 | [STRATEGY] Added synthetic ML BUY signal (conf: 0.75)
22:52:23 | [ANALYSIS] Examining USD/JPY | Time: 00:00 | Bars: 100
22:52:23 | [ANALYSIS] Examining AUD/USD | Time: 00:00 | Bars: 100
22:52:23 | [ANALYSIS] AUD/USD | Price: 0.67004 | RSI: 46.2 | ADX: 47.4 | ML: UP(75%)
22:52:23 | [STRATEGY] Added synthetic ML BUY signal (conf: 0.75)
22:52:23 | [IDLE] Waiting for next market pulse...
22:52:33 | [36m[STATS][0m --- [CYCLE 5] ---
22:52:33 | [36m[STATS][0m Balance: 97973.15 | Equity: 97971.46 | Active: 2 | Margin: 97863.16 | Util: 0.1%
22:52:33 | [POSITION STATS] Open: 2 | Unrealized: $-1.69 | Daily Loss: $0.00/100.00
22:52:33 | [ANALYSIS] Examining EUR/USD | Time: 00:00 | Bars: 100
22:52:33 | [ANALYSIS] Examining GBP/USD | Time: 00:00 | Bars: 100
22:52:33 | [ANALYSIS] GBP/USD | Price: 1.34365 | RSI: 43.6 | ADX: 48.4 | ML: UP(75%)
22:52:33 | [STRATEGY] Added synthetic ML BUY signal (conf: 0.75)
22:52:33 | [ANALYSIS] Examining USD/JPY | Time: 00:00 | Bars: 100
22:52:33 | [ANALYSIS] Examining AUD/USD | Time: 00:00 | Bars: 100
22:52:33 | [ANALYSIS] AUD/USD | Price: 0.66999 | RSI: 45.7 | ADX: 47.4 | ML: UP(75%)
22:52:33 | [STRATEGY] Added synthetic ML BUY signal (conf: 0.75)
22:52:33 | [SUMMARY] Risk: operational | Positions: 2 | Daily Trades: 0/5 | Exits: 0 (Market: 0, Admin: 0)
22:52:33 | [IDLE] Waiting for next market pulse...
22:52:43 | [36m[STATS][0m --- [CYCLE 6] ---
22:52:43 | [36m[STATS][0m Balance: 97973.15 | Equity: 97971.46 | Active: 2 | Margin: 97863.16 | Util: 0.1%
22:52:43 | [POSITION STATS] Open: 2 | Unrealized: $-1.69 | Daily Loss: $0.00/100.00
22:52:43 | [ANALYSIS] Examining EUR/USD | Time: 00:00 | Bars: 100
22:52:43 | [ANALYSIS] Examining GBP/USD | Time: 00:00 | Bars: 100
22:52:43 | [ANALYSIS] GBP/USD | Price: 1.34366 | RSI: 43.6 | ADX: 48.4 | ML: UP(75%)
22:52:43 | [STRATEGY] Added synthetic ML BUY signal (conf: 0.75)
22:52:43 | [ANALYSIS] Examining USD/JPY | Time: 00:00 | Bars: 100
22:52:43 | [ANALYSIS] Examining AUD/USD | Time: 00:00 | Bars: 100
22:52:43 | [ANALYSIS] AUD/USD | Price: 0.67006 | RSI: 46.4 | ADX: 47.4 | ML: UP(75%)
22:52:43 | [STRATEGY] Added synthetic ML BUY signal (conf: 0.75)
22:52:43 | [IDLE] Waiting for next market pulse...
22:52:54 | [36m[STATS][0m --- [CYCLE 7] ---
22:52:54 | [36m[STATS][0m Balance: 97973.15 | Equity: 97971.46 | Active: 2 | Margin: 97863.16 | Util: 0.1%
22:52:54 | [POSITION STATS] Open: 2 | Unrealized: $-1.69 | Daily Loss: $0.00/100.00
22:52:54 | [ANALYSIS] Examining EUR/USD | Time: 00:00 | Bars: 100
22:52:54 | [ANALYSIS] Examining GBP/USD | Time: 00:00 | Bars: 100
22:52:54 | [ANALYSIS] GBP/USD | Price: 1.34366 | RSI: 43.6 | ADX: 48.4 | ML: UP(75%)
22:52:54 | [STRATEGY] Added synthetic ML BUY signal (conf: 0.75)
22:52:54 | [ANALYSIS] Examining USD/JPY | Time: 00:00 | Bars: 100
22:52:54 | [ANALYSIS] Examining AUD/USD | Time: 00:00 | Bars: 100
22:52:54 | [ANALYSIS] AUD/USD | Price: 0.67006 | RSI: 46.4 | ADX: 47.4 | ML: UP(75%)
22:52:54 | [STRATEGY] Added synthetic ML BUY signal (conf: 0.75)
22:52:54 | [IDLE] Waiting for next market pulse...
22:53:04 | [36m[STATS][0m --- [CYCLE 8] ---
22:53:04 | [36m[STATS][0m Balance: 97973.15 | Equity: 97971.09 | Active: 2 | Margin: 97862.79 | Util: 0.1%
22:53:04 | [POSITION STATS] Open: 2 | Unrealized: $-2.06 | Daily Loss: $0.00/100.00
22:53:04 | [ANALYSIS] Examining EUR/USD | Time: 00:00 | Bars: 100
22:53:04 | [ANALYSIS] Examining GBP/USD | Time: 00:00 | Bars: 100
22:53:04 | [ANALYSIS] GBP/USD | Price: 1.34364 | RSI: 43.5 | ADX: 48.4 | ML: UP(75%)
22:53:04 | [STRATEGY] Added synthetic ML BUY signal (conf: 0.75)
22:53:04 | [ANALYSIS] Examining USD/JPY | Time: 00:00 | Bars: 100
22:53:04 | [ANALYSIS] Examining AUD/USD | Time: 00:00 | Bars: 100
22:53:04 | [ANALYSIS] AUD/USD | Price: 0.67002 | RSI: 46.0 | ADX: 47.4 | ML: UP(75%)
22:53:04 | [STRATEGY] Added synthetic ML BUY signal (conf: 0.75)
22:53:04 | [IDLE] Waiting for next market pulse...
22:53:14 | [36m[STATS][0m --- [CYCLE 9] ---
22:53:14 | [36m[STATS][0m Balance: 97973.15 | Equity: 97971.33 | Active: 2 | Margin: 97863.03 | Util: 0.1%
22:53:14 | [POSITION STATS] Open: 2 | Unrealized: $-1.82 | Daily Loss: $0.00/100.00
22:53:14 | [ANALYSIS] Examining EUR/USD | Time: 00:00 | Bars: 100
22:53:14 | [ANALYSIS] Examining GBP/USD | Time: 00:00 | Bars: 100
22:53:14 | [ANALYSIS] GBP/USD | Price: 1.34368 | RSI: 43.7 | ADX: 48.4 | ML: UP(75%)
22:53:14 | [STRATEGY] Added synthetic ML BUY signal (conf: 0.75)
22:53:14 | [ANALYSIS] Examining USD/JPY | Time: 00:00 | Bars: 100
22:53:14 | [ANALYSIS] Examining AUD/USD | Time: 00:00 | Bars: 100
22:53:14 | [ANALYSIS] AUD/USD | Price: 0.67002 | RSI: 46.0 | ADX: 47.4 | ML: UP(75%)
22:53:14 | [STRATEGY] Added synthetic ML BUY signal (conf: 0.75)
22:53:14 | [IDLE] Waiting for next market pulse...
22:53:25 | [36m[STATS][0m --- [CYCLE 10] ---
22:53:25 | [36m[STATS][0m Balance: 97973.15 | Equity: 97971.41 | Active: 2 | Margin: 97863.11 | Util: 0.1%
22:53:25 | [POSITION STATS] Open: 2 | Unrealized: $-1.74 | Daily Loss: $0.00/100.00
22:53:25 | [ANALYSIS] Examining EUR/USD | Time: 00:00 | Bars: 100
22:53:25 | [ANALYSIS] Examining GBP/USD | Time: 00:00 | Bars: 100
22:53:25 | [ANALYSIS] GBP/USD | Price: 1.34369 | RSI: 43.8 | ADX: 48.4 | ML: UP(75%)
22:53:25 | [STRATEGY] Added synthetic ML BUY signal (conf: 0.75)
22:53:25 | [ANALYSIS] Examining USD/JPY | Time: 00:00 | Bars: 100
22:53:25 | [ANALYSIS] Examining AUD/USD | Time: 00:00 | Bars: 100
22:53:25 | [ANALYSIS] AUD/USD | Price: 0.67001 | RSI: 45.9 | ADX: 47.4 | ML: UP(75%)
22:53:25 | [STRATEGY] Added synthetic ML BUY signal (conf: 0.75)
22:53:25 | [SUMMARY] Risk: operational | Positions: 2 | Daily Trades: 0/5 | Exits: 0 (Market: 0, Admin: 0)
22:53:25 | [IDLE] Waiting for next market pulse...
22:53:35 | [36m[STATS][0m --- [CYCLE 11] ---
22:53:35 | [36m[STATS][0m Balance: 97973.15 | Equity: 97971.36 | Active: 2 | Margin: 97863.06 | Util: 0.1%
22:53:35 | [POSITION STATS] Open: 2 | Unrealized: $-1.79 | Daily Loss: $0.00/100.00
22:53:35 | [ANALYSIS] Examining EUR/USD | Time: 00:00 | Bars: 100
22:53:35 | [ANALYSIS] Examining GBP/USD | Time: 00:00 | Bars: 100
22:53:35 | [ANALYSIS] GBP/USD | Price: 1.34368 | RSI: 43.7 | ADX: 48.4 | ML: UP(75%)
22:53:35 | [STRATEGY] Added synthetic ML BUY signal (conf: 0.75)
22:53:35 | [ANALYSIS] Examining USD/JPY | Time: 00:00 | Bars: 100
22:53:35 | [ANALYSIS] Examining AUD/USD | Time: 00:00 | Bars: 100
22:53:35 | [ANALYSIS] AUD/USD | Price: 0.67002 | RSI: 46.0 | ADX: 47.4 | ML: UP(75%)
22:53:35 | [STRATEGY] Added synthetic ML BUY signal (conf: 0.75)
22:53:35 | [IDLE] Waiting for next market pulse...
22:53:45 | [36m[STATS][0m --- [CYCLE 12] ---
22:53:45 | [36m[STATS][0m Balance: 97973.15 | Equity: 97970.77 | Active: 2 | Margin: 97862.47 | Util: 0.1%
22:53:45 | [POSITION STATS] Open: 2 | Unrealized: $-2.38 | Daily Loss: $0.00/100.00
22:53:45 | [ANALYSIS] Examining EUR/USD | Time: 00:00 | Bars: 100
22:53:45 | [ANALYSIS] Examining GBP/USD | Time: 00:00 | Bars: 100
22:53:45 | [ANALYSIS] GBP/USD | Price: 1.34368 | RSI: 43.7 | ADX: 48.4 | ML: UP(75%)
22:53:45 | [STRATEGY] Added synthetic ML BUY signal (conf: 0.75)
22:53:45 | [ANALYSIS] Examining USD/JPY | Time: 00:00 | Bars: 100
22:53:45 | [ANALYSIS] Examining AUD/USD | Time: 00:00 | Bars: 100
22:53:45 | [ANALYSIS] AUD/USD | Price: 0.67003 | RSI: 46.1 | ADX: 47.4 | ML: UP(75%)
22:53:45 | [STRATEGY] Added synthetic ML BUY signal (conf: 0.75)
22:53:45 | [IDLE] Waiting for next market pulse...
22:53:56 | [36m[STATS][0m --- [CYCLE 13] ---
22:53:56 | [36m[STATS][0m Balance: 97973.15 | Equity: 97971.09 | Active: 2 | Margin: 97862.79 | Util: 0.1%
22:53:56 | [POSITION STATS] Open: 2 | Unrealized: $-2.06 | Daily Loss: $0.00/100.00
22:53:56 | [ANALYSIS] Examining EUR/USD | Time: 00:00 | Bars: 100
22:53:56 | [ANALYSIS] Examining GBP/USD | Time: 00:00 | Bars: 100
22:53:56 | [ANALYSIS] GBP/USD | Price: 1.34369 | RSI: 43.8 | ADX: 48.4 | ML: UP(75%)
22:53:56 | [STRATEGY] Added synthetic ML BUY signal (conf: 0.75)
22:53:56 | [ANALYSIS] Examining USD/JPY | Time: 00:00 | Bars: 100
22:53:56 | [ANALYSIS] Examining AUD/USD | Time: 00:00 | Bars: 100
22:53:56 | [ANALYSIS] AUD/USD | Price: 0.67002 | RSI: 46.0 | ADX: 47.4 | ML: UP(75%)
22:53:56 | [STRATEGY] Added synthetic ML BUY signal (conf: 0.75)
22:53:56 | [IDLE] Waiting for next market pulse...
22:54:06 | [36m[STATS][0m --- [CYCLE 14] ---
22:54:06 | [36m[STATS][0m Balance: 97973.15 | Equity: 97970.66 | Active: 2 | Margin: 97862.36 | Util: 0.1%
22:54:06 | [POSITION STATS] Open: 2 | Unrealized: $-2.49 | Daily Loss: $0.00/100.00
22:54:06 | [ANALYSIS] Examining EUR/USD | Time: 00:00 | Bars: 100
22:54:06 | [ANALYSIS] Examining GBP/USD | Time: 00:00 | Bars: 100
22:54:06 | [ANALYSIS] GBP/USD | Price: 1.34366 | RSI: 43.6 | ADX: 48.4 | ML: UP(75%)
22:54:06 | [STRATEGY] Added synthetic ML BUY signal (conf: 0.75)
22:54:06 | [ANALYSIS] Examining USD/JPY | Time: 00:00 | Bars: 100
22:54:06 | [ANALYSIS] Examining AUD/USD | Time: 00:00 | Bars: 100
22:54:06 | [ANALYSIS] AUD/USD | Price: 0.67001 | RSI: 45.9 | ADX: 47.4 | ML: UP(75%)
22:54:06 | [STRATEGY] Added synthetic ML BUY signal (conf: 0.75)
22:54:06 | [IDLE] Waiting for next market pulse...
22:54:16 | [36m[STATS][0m --- [CYCLE 15] ---
22:54:16 | [36m[STATS][0m Balance: 97973.15 | Equity: 97971.01 | Active: 2 | Margin: 97862.71 | Util: 0.1%
22:54:16 | [POSITION STATS] Open: 2 | Unrealized: $-2.14 | Daily Loss: $0.00/100.00
22:54:16 | [ANALYSIS] Examining EUR/USD | Time: 00:00 | Bars: 100
22:54:16 | [ANALYSIS] Examining GBP/USD | Time: 00:00 | Bars: 100
22:54:16 | [ANALYSIS] GBP/USD | Price: 1.34369 | RSI: 43.8 | ADX: 48.4 | ML: UP(75%)
22:54:16 | [STRATEGY] Added synthetic ML BUY signal (conf: 0.75)
22:54:16 | [ANALYSIS] Examining USD/JPY | Time: 00:00 | Bars: 100
22:54:16 | [ANALYSIS] Examining AUD/USD | Time: 00:00 | Bars: 100
22:54:16 | [ANALYSIS] AUD/USD | Price: 0.67001 | RSI: 45.9 | ADX: 47.4 | ML: UP(75%)
22:54:16 | [STRATEGY] Added synthetic ML BUY signal (conf: 0.75)
22:54:16 | [SUMMARY] Risk: operational | Positions: 2 | Daily Trades: 0/5 | Exits: 0 (Market: 0, Admin: 0)
22:54:16 | [IDLE] Waiting for next market pulse...
22:54:27 | [36m[STATS][0m --- [CYCLE 16] ---
22:54:27 | [36m[STATS][0m Balance: 97973.15 | Equity: 97971.01 | Active: 2 | Margin: 97862.71 | Util: 0.1%
22:54:27 | [POSITION STATS] Open: 2 | Unrealized: $-2.14 | Daily Loss: $0.00/100.00
22:54:27 | [ANALYSIS] Examining EUR/USD | Time: 00:00 | Bars: 100
22:54:27 | [ANALYSIS] Examining GBP/USD | Time: 00:00 | Bars: 100
22:54:27 | [ANALYSIS] GBP/USD | Price: 1.34369 | RSI: 43.8 | ADX: 48.4 | ML: UP(75%)
22:54:27 | [STRATEGY] Added synthetic ML BUY signal (conf: 0.75)
22:54:27 | [ANALYSIS] Examining USD/JPY | Time: 00:00 | Bars: 100
22:54:27 | [ANALYSIS] Examining AUD/USD | Time: 00:00 | Bars: 100
22:54:27 | [ANALYSIS] AUD/USD | Price: 0.67004 | RSI: 46.2 | ADX: 47.4 | ML: UP(75%)
22:54:27 | [STRATEGY] Added synthetic ML BUY signal (conf: 0.75)
22:54:27 | [IDLE] Waiting for next market pulse...
22:54:37 | [36m[STATS][0m --- [CYCLE 17] ---
22:54:37 | [36m[STATS][0m Balance: 97973.15 | Equity: 97970.69 | Active: 2 | Margin: 97862.39 | Util: 0.1%
22:54:37 | [POSITION STATS] Open: 2 | Unrealized: $-2.46 | Daily Loss: $0.00/100.00
22:54:37 | [ANALYSIS] Examining EUR/USD | Time: 00:00 | Bars: 100
22:54:37 | [ANALYSIS] Examining GBP/USD | Time: 00:00 | Bars: 100
22:54:37 | [ANALYSIS] GBP/USD | Price: 1.34369 | RSI: 43.8 | ADX: 48.4 | ML: UP(75%)
22:54:37 | [STRATEGY] Added synthetic ML BUY signal (conf: 0.75)
22:54:37 | [ANALYSIS] Examining USD/JPY | Time: 00:00 | Bars: 100
22:54:37 | [ANALYSIS] Examining AUD/USD | Time: 00:00 | Bars: 100
22:54:37 | [ANALYSIS] AUD/USD | Price: 0.67003 | RSI: 46.1 | ADX: 47.4 | ML: UP(75%)
22:54:37 | [STRATEGY] Added synthetic ML BUY signal (conf: 0.75)
22:54:37 | [IDLE] Waiting for next market pulse...
22:54:47 | [36m[STATS][0m --- [CYCLE 18] ---
22:54:47 | [36m[STATS][0m Balance: 97973.15 | Equity: 97970.91 | Active: 2 | Margin: 97862.61 | Util: 0.1%
22:54:47 | [POSITION STATS] Open: 2 | Unrealized: $-2.24 | Daily Loss: $0.00/100.00
22:54:47 | [ANALYSIS] Examining EUR/USD | Time: 00:00 | Bars: 100
22:54:47 | [ANALYSIS] Examining GBP/USD | Time: 00:00 | Bars: 100
22:54:47 | [ANALYSIS] GBP/USD | Price: 1.34369 | RSI: 43.8 | ADX: 48.4 | ML: UP(75%)
22:54:47 | [STRATEGY] Added synthetic ML BUY signal (conf: 0.75)
22:54:47 | [ANALYSIS] Examining USD/JPY | Time: 00:00 | Bars: 100
22:54:47 | [ANALYSIS] Examining AUD/USD | Time: 00:00 | Bars: 100
22:54:47 | [ANALYSIS] AUD/USD | Price: 0.67004 | RSI: 46.2 | ADX: 47.4 | ML: UP(75%)
22:54:47 | [STRATEGY] Added synthetic ML BUY signal (conf: 0.75)
22:54:47 | [IDLE] Waiting for next market pulse...
22:54:58 | [36m[STATS][0m --- [CYCLE 19] ---
22:54:58 | [36m[STATS][0m Balance: 97973.15 | Equity: 97971.04 | Active: 2 | Margin: 97862.74 | Util: 0.1%
22:54:58 | [POSITION STATS] Open: 2 | Unrealized: $-2.11 | Daily Loss: $0.00/100.00
22:54:58 | [ANALYSIS] Examining EUR/USD | Time: 00:00 | Bars: 100
22:54:58 | [ANALYSIS] Examining GBP/USD | Time: 00:00 | Bars: 100
22:54:58 | [ANALYSIS] GBP/USD | Price: 1.34369 | RSI: 43.8 | ADX: 48.4 | ML: UP(75%)
22:54:58 | [STRATEGY] Added synthetic ML BUY signal (conf: 0.75)
22:54:58 | [ANALYSIS] Examining USD/JPY | Time: 00:00 | Bars: 100
22:54:58 | [ANALYSIS] Examining AUD/USD | Time: 00:00 | Bars: 100
22:54:58 | [ANALYSIS] AUD/USD | Price: 0.67004 | RSI: 46.2 | ADX: 47.4 | ML: UP(75%)
22:54:58 | [STRATEGY] Added synthetic ML BUY signal (conf: 0.75)
22:54:58 | [IDLE] Waiting for next market pulse...
22:55:08 | [36m[STATS][0m --- [CYCLE 20] ---
22:55:08 | [36m[STATS][0m Balance: 97973.15 | Equity: 97971.17 | Active: 2 | Margin: 97862.87 | Util: 0.1%
22:55:08 | [POSITION STATS] Open: 2 | Unrealized: $-1.98 | Daily Loss: $0.00/100.00
22:55:08 | [ANALYSIS] Examining EUR/USD | Time: 00:00 | Bars: 100
22:55:08 | [ANALYSIS] Examining GBP/USD | Time: 00:00 | Bars: 100
22:55:08 | [ANALYSIS] GBP/USD | Price: 1.34367 | RSI: 43.7 | ADX: 48.4 | ML: UP(75%)
22:55:08 | [STRATEGY] Added synthetic ML BUY signal (conf: 0.75)
22:55:08 | [ANALYSIS] Examining USD/JPY | Time: 00:00 | Bars: 100
22:55:08 | [ANALYSIS] Examining AUD/USD | Time: 00:00 | Bars: 100
22:55:08 | [ANALYSIS] AUD/USD | Price: 0.67001 | RSI: 45.9 | ADX: 47.4 | ML: UP(75%)
22:55:08 | [STRATEGY] Added synthetic ML BUY signal (conf: 0.75)
22:55:08 | [SUMMARY] Risk: operational | Positions: 2 | Daily Trades: 0/5 | Exits: 0 (Market: 0, Admin: 0)
22:55:08 | [IDLE] Waiting for next market pulse...
22:55:18 | [36m[STATS][0m --- [CYCLE 21] ---
22:55:18 | [36m[STATS][0m Balance: 97973.15 | Equity: 97971.11 | Active: 2 | Margin: 97862.81 | Util: 0.1%
22:55:18 | [POSITION STATS] Open: 2 | Unrealized: $-2.04 | Daily Loss: $0.00/100.00
22:55:18 | [ANALYSIS] Examining EUR/USD | Time: 00:00 | Bars: 100
22:55:18 | [ANALYSIS] Examining GBP/USD | Time: 00:00 | Bars: 100
22:55:18 | [ANALYSIS] GBP/USD | Price: 1.34364 | RSI: 43.5 | ADX: 48.4 | ML: UP(75%)
22:55:18 | [STRATEGY] Added synthetic ML BUY signal (conf: 0.75)
22:55:18 | [ANALYSIS] Examining USD/JPY | Time: 00:00 | Bars: 100
22:55:18 | [ANALYSIS] Examining AUD/USD | Time: 00:00 | Bars: 100
22:55:18 | [ANALYSIS] AUD/USD | Price: 0.67003 | RSI: 46.1 | ADX: 47.4 | ML: UP(75%)
22:55:18 | [STRATEGY] Added synthetic ML BUY signal (conf: 0.75)
22:55:18 | [IDLE] Waiting for next market pulse...
22:55:29 | [36m[STATS][0m --- [CYCLE 22] ---
22:55:29 | [36m[STATS][0m Balance: 97973.15 | Equity: 97971.07 | Active: 2 | Margin: 97862.77 | Util: 0.1%
22:55:29 | [POSITION STATS] Open: 2 | Unrealized: $-2.08 | Daily Loss: $0.00/100.00
22:55:29 | [ANALYSIS] Examining EUR/USD | Time: 00:00 | Bars: 100
22:55:29 | [ANALYSIS] Examining GBP/USD | Time: 00:00 | Bars: 100
22:55:29 | [ANALYSIS] GBP/USD | Price: 1.34365 | RSI: 43.6 | ADX: 48.4 | ML: UP(75%)
22:55:29 | [STRATEGY] Added synthetic ML BUY signal (conf: 0.75)
22:55:29 | [ANALYSIS] Examining USD/JPY | Time: 00:00 | Bars: 100
22:55:29 | [ANALYSIS] Examining AUD/USD | Time: 00:00 | Bars: 100
22:55:29 | [ANALYSIS] AUD/USD | Price: 0.67006 | RSI: 46.4 | ADX: 47.4 | ML: UP(75%)
22:55:29 | [STRATEGY] Added synthetic ML BUY signal (conf: 0.75)
22:55:29 | [IDLE] Waiting for next market pulse...
22:55:39 | [36m[STATS][0m --- [CYCLE 23] ---
22:55:39 | [36m[STATS][0m Balance: 97973.15 | Equity: 97971.07 | Active: 2 | Margin: 97862.77 | Util: 0.1%
22:55:39 | [POSITION STATS] Open: 2 | Unrealized: $-2.08 | Daily Loss: $0.00/100.00
22:55:39 | [ANALYSIS] Examining EUR/USD | Time: 00:00 | Bars: 100
22:55:39 | [ANALYSIS] Examining GBP/USD | Time: 00:00 | Bars: 100
22:55:39 | [ANALYSIS] GBP/USD | Price: 1.34364 | RSI: 43.5 | ADX: 48.4 | ML: UP(75%)
22:55:39 | [STRATEGY] Added synthetic ML BUY signal (conf: 0.75)
22:55:39 | [ANALYSIS] Examining USD/JPY | Time: 00:00 | Bars: 100
22:55:39 | [ANALYSIS] Examining AUD/USD | Time: 00:00 | Bars: 100
22:55:39 | [ANALYSIS] AUD/USD | Price: 0.67006 | RSI: 46.4 | ADX: 47.4 | ML: UP(75%)
22:55:39 | [STRATEGY] Added synthetic ML BUY signal (conf: 0.75)
22:55:39 | [IDLE] Waiting for next market pulse...
22:55:49 | [36m[STATS][0m --- [CYCLE 24] ---
22:55:49 | [36m[STATS][0m Balance: 97973.15 | Equity: 97971.07 | Active: 2 | Margin: 97862.77 | Util: 0.1%
22:55:49 | [POSITION STATS] Open: 2 | Unrealized: $-2.08 | Daily Loss: $0.00/100.00
22:55:49 | [ANALYSIS] Examining EUR/USD | Time: 00:00 | Bars: 100
22:55:49 | [ANALYSIS] Examining GBP/USD | Time: 00:00 | Bars: 100
22:55:49 | [ANALYSIS] GBP/USD | Price: 1.34364 | RSI: 43.5 | ADX: 48.4 | ML: UP(75%)
22:55:49 | [STRATEGY] Added synthetic ML BUY signal (conf: 0.75)
22:55:49 | [ANALYSIS] Examining USD/JPY | Time: 00:00 | Bars: 100
22:55:49 | [ANALYSIS] Examining AUD/USD | Time: 00:00 | Bars: 100
22:55:49 | [ANALYSIS] AUD/USD | Price: 0.67007 | RSI: 46.6 | ADX: 47.4 | ML: UP(75%)
22:55:49 | [STRATEGY] Added synthetic ML BUY signal (conf: 0.75)
22:55:49 | [IDLE] Waiting for next market pulse...
22:56:00 | [36m[STATS][0m --- [CYCLE 25] ---
22:56:00 | [36m[STATS][0m Balance: 97973.15 | Equity: 97971.07 | Active: 2 | Margin: 97862.77 | Util: 0.1%
22:56:00 | [POSITION STATS] Open: 2 | Unrealized: $-2.08 | Daily Loss: $0.00/100.00
22:56:00 | [ANALYSIS] Examining EUR/USD | Time: 00:00 | Bars: 100
22:56:00 | [ANALYSIS] Examining GBP/USD | Time: 00:00 | Bars: 100
22:56:00 | [ANALYSIS] GBP/USD | Price: 1.34365 | RSI: 43.6 | ADX: 48.4 | ML: UP(75%)
22:56:00 | [STRATEGY] Added synthetic ML BUY signal (conf: 0.75)
22:56:00 | [ANALYSIS] Examining USD/JPY | Time: 00:00 | Bars: 100
22:56:00 | [ANALYSIS] Examining AUD/USD | Time: 00:00 | Bars: 100
22:56:00 | [ANALYSIS] AUD/USD | Price: 0.67005 | RSI: 46.3 | ADX: 47.4 | ML: UP(75%)
22:56:00 | [STRATEGY] Added synthetic ML BUY signal (conf: 0.75)
22:56:00 | [SUMMARY] Risk: operational | Positions: 2 | Daily Trades: 0/5 | Exits: 0 (Market: 0, Admin: 0)
22:56:00 | [IDLE] Waiting for next market pulse...
22:56:10 | [36m[STATS][0m --- [CYCLE 26] ---
22:56:10 | [36m[STATS][0m Balance: 97973.15 | Equity: 97971.07 | Active: 2 | Margin: 97862.77 | Util: 0.1%
22:56:10 | [POSITION STATS] Open: 2 | Unrealized: $-2.08 | Daily Loss: $0.00/100.00
22:56:10 | [ANALYSIS] Examining EUR/USD | Time: 00:00 | Bars: 100
22:56:10 | [ANALYSIS] Examining GBP/USD | Time: 00:00 | Bars: 100
22:56:10 | [ANALYSIS] GBP/USD | Price: 1.34365 | RSI: 43.6 | ADX: 48.4 | ML: UP(75%)
22:56:10 | [STRATEGY] Added synthetic ML BUY signal (conf: 0.75)
22:56:10 | [ANALYSIS] Examining USD/JPY | Time: 00:00 | Bars: 100
22:56:10 | [ANALYSIS] Examining AUD/USD | Time: 00:00 | Bars: 100
22:56:10 | [ANALYSIS] AUD/USD | Price: 0.67006 | RSI: 46.4 | ADX: 47.4 | ML: UP(75%)
22:56:10 | [STRATEGY] Added synthetic ML BUY signal (conf: 0.75)
22:56:10 | [IDLE] Waiting for next market pulse...
22:56:20 | [36m[STATS][0m --- [CYCLE 27] ---
22:56:20 | [36m[STATS][0m Balance: 97973.15 | Equity: 97970.97 | Active: 2 | Margin: 97862.67 | Util: 0.1%
22:56:20 | [POSITION STATS] Open: 2 | Unrealized: $-2.18 | Daily Loss: $0.00/100.00
22:56:20 | [ANALYSIS] Examining EUR/USD | Time: 00:00 | Bars: 100
22:56:20 | [ANALYSIS] Examining GBP/USD | Time: 00:00 | Bars: 100
22:56:20 | [ANALYSIS] GBP/USD | Price: 1.34357 | RSI: 43.2 | ADX: 48.4 | ML: UP(75%)
22:56:20 | [STRATEGY] Added synthetic ML BUY signal (conf: 0.75)
22:56:20 | [ANALYSIS] Examining USD/JPY | Time: 00:00 | Bars: 100
22:56:20 | [ANALYSIS] Examining AUD/USD | Time: 00:00 | Bars: 100
22:56:20 | [ANALYSIS] AUD/USD | Price: 0.67006 | RSI: 46.4 | ADX: 47.4 | ML: UP(75%)
22:56:20 | [STRATEGY] Added synthetic ML BUY signal (conf: 0.75)
22:56:20 | [IDLE] Waiting for next market pulse...
22:56:31 | [36m[STATS][0m --- [CYCLE 28] ---
22:56:31 | [36m[STATS][0m Balance: 97973.15 | Equity: 97970.94 | Active: 2 | Margin: 97862.64 | Util: 0.1%
22:56:31 | [POSITION STATS] Open: 2 | Unrealized: $-2.21 | Daily Loss: $0.00/100.00
22:56:31 | [ANALYSIS] Examining EUR/USD | Time: 00:00 | Bars: 100
22:56:31 | [ANALYSIS] Examining GBP/USD | Time: 00:00 | Bars: 100
22:56:31 | [ANALYSIS] GBP/USD | Price: 1.34364 | RSI: 43.5 | ADX: 48.4 | ML: UP(75%)
22:56:31 | [STRATEGY] Added synthetic ML BUY signal (conf: 0.75)
22:56:31 | [ANALYSIS] Examining USD/JPY | Time: 00:00 | Bars: 100
22:56:31 | [ANALYSIS] Examining AUD/USD | Time: 00:00 | Bars: 100
22:56:31 | [ANALYSIS] AUD/USD | Price: 0.67006 | RSI: 46.4 | ADX: 47.4 | ML: UP(75%)
22:56:31 | [STRATEGY] Added synthetic ML BUY signal (conf: 0.75)
22:56:31 | [IDLE] Waiting for next market pulse...
22:56:41 | [36m[STATS][0m --- [CYCLE 29] ---
22:56:41 | [36m[STATS][0m Balance: 97973.15 | Equity: 97971.37 | Active: 2 | Margin: 97863.07 | Util: 0.1%
22:56:41 | [POSITION STATS] Open: 2 | Unrealized: $-1.78 | Daily Loss: $0.00/100.00
22:56:41 | [ANALYSIS] Examining EUR/USD | Time: 00:00 | Bars: 100
22:56:41 | [ANALYSIS] Examining GBP/USD | Time: 00:00 | Bars: 100
22:56:41 | [ANALYSIS] GBP/USD | Price: 1.34364 | RSI: 43.5 | ADX: 48.4 | ML: UP(75%)
22:56:41 | [STRATEGY] Added synthetic ML BUY signal (conf: 0.75)
22:56:41 | [ANALYSIS] Examining USD/JPY | Time: 00:00 | Bars: 100
22:56:41 | [ANALYSIS] Examining AUD/USD | Time: 00:00 | Bars: 100
22:56:41 | [ANALYSIS] AUD/USD | Price: 0.67003 | RSI: 46.1 | ADX: 47.4 | ML: UP(75%)
22:56:41 | [STRATEGY] Added synthetic ML BUY signal (conf: 0.75)
22:56:41 | [IDLE] Waiting for next market pulse...
22:56:51 | [36m[STATS][0m --- [CYCLE 30] ---
22:56:51 | [36m[STATS][0m Balance: 97973.15 | Equity: 97971.32 | Active: 2 | Margin: 97863.02 | Util: 0.1%
22:56:51 | [POSITION STATS] Open: 2 | Unrealized: $-1.83 | Daily Loss: $0.00/100.00
22:56:51 | [ANALYSIS] Examining EUR/USD | Time: 00:00 | Bars: 100
22:56:51 | [ANALYSIS] Examining GBP/USD | Time: 00:00 | Bars: 100
22:56:51 | [ANALYSIS] GBP/USD | Price: 1.34363 | RSI: 43.5 | ADX: 48.4 | ML: UP(75%)
22:56:51 | [STRATEGY] Added synthetic ML BUY signal (conf: 0.75)
22:56:51 | [ANALYSIS] Examining USD/JPY | Time: 00:00 | Bars: 100
22:56:51 | [ANALYSIS] Examining AUD/USD | Time: 00:00 | Bars: 100
22:56:51 | [ANALYSIS] AUD/USD | Price: 0.67008 | RSI: 46.7 | ADX: 47.4 | ML: UP(75%)
22:56:51 | [STRATEGY] Added synthetic ML BUY signal (conf: 0.75)
22:56:51 | [SUMMARY] Risk: operational | Positions: 2 | Daily Trades: 0/5 | Exits: 0 (Market: 0, Admin: 0)
22:56:51 | [IDLE] Waiting for next market pulse...
22:57:02 | [36m[STATS][0m --- [CYCLE 31] ---
22:57:02 | [36m[STATS][0m Balance: 97973.15 | Equity: 97971.23 | Active: 2 | Margin: 97862.93 | Util: 0.1%
22:57:02 | [POSITION STATS] Open: 2 | Unrealized: $-1.92 | Daily Loss: $0.00/100.00
22:57:02 | [ANALYSIS] Examining EUR/USD | Time: 00:00 | Bars: 100
22:57:02 | [ANALYSIS] Examining GBP/USD | Time: 00:00 | Bars: 100
22:57:02 | [ANALYSIS] GBP/USD | Price: 1.34364 | RSI: 43.5 | ADX: 48.4 | ML: UP(75%)
22:57:02 | [STRATEGY] Added synthetic ML BUY signal (conf: 0.75)
22:57:02 | [ANALYSIS] Examining USD/JPY | Time: 00:00 | Bars: 100
22:57:02 | [ANALYSIS] Examining AUD/USD | Time: 00:00 | Bars: 100
22:57:02 | [ANALYSIS] AUD/USD | Price: 0.67007 | RSI: 46.6 | ADX: 47.4 | ML: UP(75%)
22:57:02 | [STRATEGY] Added synthetic ML BUY signal (conf: 0.75)
22:57:02 | [IDLE] Waiting for next market pulse...
22:57:12 | [36m[STATS][0m --- [CYCLE 32] ---
22:57:12 | [36m[STATS][0m Balance: 97973.15 | Equity: 97971.23 | Active: 2 | Margin: 97862.93 | Util: 0.1%
22:57:12 | [POSITION STATS] Open: 2 | Unrealized: $-1.92 | Daily Loss: $0.00/100.00
22:57:12 | [ANALYSIS] Examining EUR/USD | Time: 00:00 | Bars: 100
22:57:12 | [ANALYSIS] Examining GBP/USD | Time: 00:00 | Bars: 100
22:57:12 | [ANALYSIS] GBP/USD | Price: 1.34364 | RSI: 43.5 | ADX: 48.4 | ML: UP(75%)
22:57:12 | [STRATEGY] Added synthetic ML BUY signal (conf: 0.75)
22:57:12 | [ANALYSIS] Examining USD/JPY | Time: 00:00 | Bars: 100
22:57:12 | [ANALYSIS] Examining AUD/USD | Time: 00:00 | Bars: 100
22:57:12 | [ANALYSIS] AUD/USD | Price: 0.67007 | RSI: 46.6 | ADX: 47.4 | ML: UP(75%)
22:57:12 | [STRATEGY] Added synthetic ML BUY signal (conf: 0.75)
22:57:12 | [IDLE] Waiting for next market pulse...
22:57:23 | [36m[STATS][0m --- [CYCLE 33] ---
22:57:23 | [36m[STATS][0m Balance: 97973.15 | Equity: 97970.96 | Active: 2 | Margin: 97862.66 | Util: 0.1%
22:57:23 | [POSITION STATS] Open: 2 | Unrealized: $-2.19 | Daily Loss: $0.00/100.00
22:57:23 | [ANALYSIS] Examining EUR/USD | Time: 00:00 | Bars: 100
22:57:23 | [ANALYSIS] Examining GBP/USD | Time: 00:00 | Bars: 100
22:57:23 | [ANALYSIS] GBP/USD | Price: 1.34363 | RSI: 43.5 | ADX: 48.4 | ML: UP(75%)
22:57:23 | [STRATEGY] Added synthetic ML BUY signal (conf: 0.75)
22:57:23 | [ANALYSIS] Examining USD/JPY | Time: 00:00 | Bars: 100
22:57:23 | [ANALYSIS] Examining AUD/USD | Time: 00:00 | Bars: 100
22:57:23 | [ANALYSIS] AUD/USD | Price: 0.67007 | RSI: 46.6 | ADX: 47.4 | ML: UP(75%)
22:57:23 | [STRATEGY] Added synthetic ML BUY signal (conf: 0.75)
22:57:23 | [IDLE] Waiting for next market pulse...
22:57:33 | [36m[STATS][0m --- [CYCLE 34] ---
22:57:33 | [36m[STATS][0m Balance: 97973.15 | Equity: 97970.75 | Active: 2 | Margin: 97862.45 | Util: 0.1%
22:57:33 | [POSITION STATS] Open: 2 | Unrealized: $-2.40 | Daily Loss: $0.00/100.00
22:57:33 | [ANALYSIS] Examining EUR/USD | Time: 00:00 | Bars: 100
22:57:33 | [ANALYSIS] Examining GBP/USD | Time: 00:00 | Bars: 100
22:57:33 | [ANALYSIS] GBP/USD | Price: 1.34363 | RSI: 43.5 | ADX: 48.4 | ML: UP(75%)
22:57:33 | [STRATEGY] Added synthetic ML BUY signal (conf: 0.75)
22:57:33 | [ANALYSIS] Examining USD/JPY | Time: 00:00 | Bars: 100
22:57:33 | [ANALYSIS] Examining AUD/USD | Time: 00:00 | Bars: 100
22:57:33 | [ANALYSIS] AUD/USD | Price: 0.67011 | RSI: 47.0 | ADX: 47.3 | ML: UP(75%)
22:57:33 | [STRATEGY] Added synthetic ML BUY signal (conf: 0.75)
22:57:33 | [IDLE] Waiting for next market pulse...
22:57:43 | [36m[STATS][0m --- [CYCLE 35] ---
22:57:43 | [36m[STATS][0m Balance: 97973.15 | Equity: 97970.70 | Active: 2 | Margin: 97862.40 | Util: 0.1%
22:57:43 | [POSITION STATS] Open: 2 | Unrealized: $-2.45 | Daily Loss: $0.00/100.00
22:57:43 | [ANALYSIS] Examining EUR/USD | Time: 00:00 | Bars: 100
22:57:43 | [ANALYSIS] Examining GBP/USD | Time: 00:00 | Bars: 100
22:57:43 | [ANALYSIS] GBP/USD | Price: 1.34363 | RSI: 43.5 | ADX: 48.4 | ML: UP(75%)
22:57:43 | [STRATEGY] Added synthetic ML BUY signal (conf: 0.75)
22:57:43 | [ANALYSIS] Examining USD/JPY | Time: 00:00 | Bars: 100
22:57:43 | [ANALYSIS] Examining AUD/USD | Time: 00:00 | Bars: 100
22:57:43 | [ANALYSIS] AUD/USD | Price: 0.67011 | RSI: 47.0 | ADX: 47.3 | ML: UP(75%)
22:57:44 | [STRATEGY] Added synthetic ML BUY signal (conf: 0.75)
22:57:44 | [SUMMARY] Risk: operational | Positions: 2 | Daily Trades: 0/5 | Exits: 0 (Market: 0, Admin: 0)
22:57:44 | [IDLE] Waiting for next market pulse...
22:57:54 | [36m[STATS][0m --- [CYCLE 36] ---
22:57:54 | [36m[STATS][0m Balance: 97973.15 | Equity: 97970.75 | Active: 2 | Margin: 97862.45 | Util: 0.1%
22:57:54 | [POSITION STATS] Open: 2 | Unrealized: $-2.40 | Daily Loss: $0.00/100.00
22:57:54 | [ANALYSIS] Examining EUR/USD | Time: 00:00 | Bars: 100
22:57:54 | [ANALYSIS] Examining GBP/USD | Time: 00:00 | Bars: 100
22:57:54 | [ANALYSIS] GBP/USD | Price: 1.34362 | RSI: 43.4 | ADX: 48.4 | ML: UP(75%)
22:57:54 | [STRATEGY] Added synthetic ML BUY signal (conf: 0.75)
22:57:54 | [ANALYSIS] Examining USD/JPY | Time: 00:00 | Bars: 100
22:57:54 | [ANALYSIS] Examining AUD/USD | Time: 00:00 | Bars: 100
22:57:54 | [ANALYSIS] AUD/USD | Price: 0.67009 | RSI: 46.8 | ADX: 47.3 | ML: UP(75%)
22:57:54 | [STRATEGY] Added synthetic ML BUY signal (conf: 0.75)
22:57:54 | [IDLE] Waiting for next market pulse...
22:58:04 | [36m[STATS][0m --- [CYCLE 37] ---
22:58:04 | [36m[STATS][0m Balance: 97973.15 | Equity: 97970.75 | Active: 2 | Margin: 97862.45 | Util: 0.1%
22:58:04 | [POSITION STATS] Open: 2 | Unrealized: $-2.40 | Daily Loss: $0.00/100.00
22:58:04 | [ANALYSIS] Examining EUR/USD | Time: 00:00 | Bars: 100
22:58:04 | [ANALYSIS] Examining GBP/USD | Time: 00:00 | Bars: 100
22:58:04 | [ANALYSIS] GBP/USD | Price: 1.34362 | RSI: 43.4 | ADX: 48.4 | ML: UP(75%)
22:58:04 | [STRATEGY] Added synthetic ML BUY signal (conf: 0.75)
22:58:04 | [ANALYSIS] Examining USD/JPY | Time: 00:00 | Bars: 100
22:58:04 | [ANALYSIS] Examining AUD/USD | Time: 00:00 | Bars: 100
22:58:04 | [ANALYSIS] AUD/USD | Price: 0.67009 | RSI: 46.8 | ADX: 47.1 | ML: UP(75%)
22:58:04 | [STRATEGY] Added synthetic ML BUY signal (conf: 0.75)
22:58:04 | [IDLE] Waiting for next market pulse...
22:58:14 | [36m[STATS][0m --- [CYCLE 38] ---
22:58:14 | [36m[STATS][0m Balance: 97973.15 | Equity: 97970.78 | Active: 2 | Margin: 97862.48 | Util: 0.1%
22:58:14 | [POSITION STATS] Open: 2 | Unrealized: $-2.37 | Daily Loss: $0.00/100.00
22:58:14 | [ANALYSIS] Examining EUR/USD | Time: 00:00 | Bars: 100
22:58:14 | [ANALYSIS] Examining GBP/USD | Time: 00:00 | Bars: 100
22:58:14 | [ANALYSIS] GBP/USD | Price: 1.34361 | RSI: 43.4 | ADX: 48.4 | ML: UP(75%)
22:58:14 | [STRATEGY] Added synthetic ML BUY signal (conf: 0.75)
22:58:14 | [ANALYSIS] Examining USD/JPY | Time: 00:00 | Bars: 100
22:58:14 | [ANALYSIS] Examining AUD/USD | Time: 00:00 | Bars: 100
22:58:15 | [ANALYSIS] AUD/USD | Price: 0.67024 | RSI: 48.3 | ADX: 47.1 | ML: UP(75%)
22:58:15 | [STRATEGY] Added synthetic ML BUY signal (conf: 0.75)
22:58:15 | [IDLE] Waiting for next market pulse...
22:58:25 | [36m[STATS][0m --- [CYCLE 39] ---
22:58:25 | [36m[STATS][0m Balance: 97973.15 | Equity: 97970.78 | Active: 2 | Margin: 97862.48 | Util: 0.1%
22:58:25 | [POSITION STATS] Open: 2 | Unrealized: $-2.37 | Daily Loss: $0.00/100.00
22:58:25 | [ANALYSIS] Examining EUR/USD | Time: 00:00 | Bars: 100
22:58:25 | [ANALYSIS] Examining GBP/USD | Time: 00:00 | Bars: 100
22:58:25 | [ANALYSIS] GBP/USD | Price: 1.34366 | RSI: 43.6 | ADX: 48.4 | ML: UP(75%)
22:58:25 | [STRATEGY] Added synthetic ML BUY signal (conf: 0.75)
22:58:25 | [ANALYSIS] Examining USD/JPY | Time: 00:00 | Bars: 100
22:58:25 | [ANALYSIS] Examining AUD/USD | Time: 00:00 | Bars: 100
22:58:25 | [ANALYSIS] AUD/USD | Price: 0.67023 | RSI: 48.2 | ADX: 47.0 | ML: UP(75%)
22:58:25 | [STRATEGY] Added synthetic ML BUY signal (conf: 0.75)
22:58:25 | [IDLE] Waiting for next market pulse...
22:58:35 | [36m[STATS][0m --- [CYCLE 40] ---
22:58:35 | [36m[STATS][0m Balance: 97973.15 | Equity: 97970.81 | Active: 2 | Margin: 97862.51 | Util: 0.1%
22:58:35 | [POSITION STATS] Open: 2 | Unrealized: $-2.34 | Daily Loss: $0.00/100.00
22:58:35 | [ANALYSIS] Examining EUR/USD | Time: 00:00 | Bars: 100
22:58:35 | [ANALYSIS] Examining GBP/USD | Time: 00:00 | Bars: 100
22:58:35 | [ANALYSIS] GBP/USD | Price: 1.34360 | RSI: 43.3 | ADX: 48.4 | ML: UP(75%)
22:58:35 | [STRATEGY] Added synthetic ML BUY signal (conf: 0.75)
22:58:35 | [ANALYSIS] Examining USD/JPY | Time: 00:00 | Bars: 100
22:58:35 | [ANALYSIS] Examining AUD/USD | Time: 00:00 | Bars: 100
22:58:35 | [ANALYSIS] AUD/USD | Price: 0.67020 | RSI: 47.9 | ADX: 47.0 | ML: UP(75%)
22:58:35 | [STRATEGY] Added synthetic ML BUY signal (conf: 0.75)
22:58:35 | [SUMMARY] Risk: operational | Positions: 2 | Daily Trades: 0/5 | Exits: 0 (Market: 0, Admin: 0)
22:58:35 | [IDLE] Waiting for next market pulse...
22:58:45 | [36m[STATS][0m --- [CYCLE 41] ---
22:58:45 | [36m[STATS][0m Balance: 97973.15 | Equity: 97970.81 | Active: 2 | Margin: 97862.51 | Util: 0.1%
22:58:45 | [POSITION STATS] Open: 2 | Unrealized: $-2.34 | Daily Loss: $0.00/100.00
22:58:45 | [ANALYSIS] Examining EUR/USD | Time: 00:00 | Bars: 100
22:58:45 | [ANALYSIS] Examining GBP/USD | Time: 00:00 | Bars: 100
22:58:46 | [ANALYSIS] GBP/USD | Price: 1.34360 | RSI: 43.3 | ADX: 48.4 | ML: UP(75%)
22:58:46 | [STRATEGY] Added synthetic ML BUY signal (conf: 0.75)
22:58:46 | [ANALYSIS] Examining USD/JPY | Time: 00:00 | Bars: 100
22:58:46 | [ANALYSIS] Examining AUD/USD | Time: 00:00 | Bars: 100
22:58:46 | [ANALYSIS] AUD/USD | Price: 0.67013 | RSI: 47.2 | ADX: 47.0 | ML: UP(75%)
22:58:46 | [STRATEGY] Added synthetic ML BUY signal (conf: 0.75)
22:58:46 | [IDLE] Waiting for next market pulse...
22:58:56 | [36m[STATS][0m --- [CYCLE 42] ---
22:58:56 | [36m[STATS][0m Balance: 97973.15 | Equity: 97970.71 | Active: 2 | Margin: 97862.41 | Util: 0.1%
22:58:56 | [POSITION STATS] Open: 2 | Unrealized: $-2.44 | Daily Loss: $0.00/100.00
22:58:56 | [ANALYSIS] Examining EUR/USD | Time: 00:00 | Bars: 100
22:58:56 | [ANALYSIS] Examining GBP/USD | Time: 00:00 | Bars: 100
22:58:56 | [ANALYSIS] GBP/USD | Price: 1.34368 | RSI: 43.7 | ADX: 48.4 | ML: UP(75%)
22:58:56 | [STRATEGY] Added synthetic ML BUY signal (conf: 0.75)
22:58:56 | [ANALYSIS] Examining USD/JPY | Time: 00:00 | Bars: 100
22:58:56 | [ANALYSIS] Examining AUD/USD | Time: 00:00 | Bars: 100
22:58:56 | [ANALYSIS] AUD/USD | Price: 0.67020 | RSI: 47.9 | ADX: 47.0 | ML: UP(75%)
22:58:56 | [STRATEGY] Added synthetic ML BUY signal (conf: 0.75)
22:58:56 | [IDLE] Waiting for next market pulse...
22:59:06 | [36m[STATS][0m --- [CYCLE 43] ---
22:59:06 | [36m[STATS][0m Balance: 97973.15 | Equity: 97970.24 | Active: 2 | Margin: 97861.94 | Util: 0.1%
22:59:06 | [POSITION STATS] Open: 2 | Unrealized: $-2.91 | Daily Loss: $0.00/100.00
22:59:06 | [ANALYSIS] Examining EUR/USD | Time: 00:00 | Bars: 100
22:59:06 | [ANALYSIS] Examining GBP/USD | Time: 00:00 | Bars: 100
22:59:06 | [ANALYSIS] GBP/USD | Price: 1.34358 | RSI: 43.2 | ADX: 48.4 | ML: UP(75%)
22:59:06 | [STRATEGY] Added synthetic ML BUY signal (conf: 0.75)
22:59:06 | [ANALYSIS] Examining USD/JPY | Time: 00:00 | Bars: 100
22:59:06 | [ANALYSIS] Examining AUD/USD | Time: 00:00 | Bars: 100
22:59:06 | [ANALYSIS] AUD/USD | Price: 0.67013 | RSI: 47.2 | ADX: 47.0 | ML: UP(75%)
22:59:06 | [STRATEGY] Added synthetic ML BUY signal (conf: 0.75)
22:59:07 | [IDLE] Waiting for next market pulse...
22:59:17 | [36m[STATS][0m --- [CYCLE 44] ---
22:59:17 | [36m[STATS][0m Balance: 97973.15 | Equity: 97970.27 | Active: 2 | Margin: 97861.97 | Util: 0.1%
22:59:17 | [POSITION STATS] Open: 2 | Unrealized: $-2.88 | Daily Loss: $0.00/100.00
22:59:17 | [ANALYSIS] Examining EUR/USD | Time: 00:00 | Bars: 100
22:59:17 | [ANALYSIS] Examining GBP/USD | Time: 00:00 | Bars: 100
22:59:17 | [ANALYSIS] GBP/USD | Price: 1.34359 | RSI: 43.3 | ADX: 48.4 | ML: UP(75%)
22:59:17 | [STRATEGY] Added synthetic ML BUY signal (conf: 0.75)
22:59:17 | [ANALYSIS] Examining USD/JPY | Time: 00:00 | Bars: 100
22:59:17 | [ANALYSIS] Examining AUD/USD | Time: 00:00 | Bars: 100
22:59:17 | [ANALYSIS] AUD/USD | Price: 0.67014 | RSI: 47.3 | ADX: 47.0 | ML: UP(75%)
22:59:17 | [STRATEGY] Added synthetic ML BUY signal (conf: 0.75)
22:59:17 | [IDLE] Waiting for next market pulse...
22:59:27 | [36m[STATS][0m --- [CYCLE 45] ---
22:59:27 | [36m[STATS][0m Balance: 97973.15 | Equity: 97970.20 | Active: 2 | Margin: 97861.90 | Util: 0.1%
22:59:27 | [POSITION STATS] Open: 2 | Unrealized: $-2.95 | Daily Loss: $0.00/100.00
22:59:27 | [ANALYSIS] Examining EUR/USD | Time: 00:00 | Bars: 100
22:59:27 | [ANALYSIS] Examining GBP/USD | Time: 00:00 | Bars: 100
22:59:27 | [ANALYSIS] GBP/USD | Price: 1.34358 | RSI: 43.2 | ADX: 48.4 | ML: UP(75%)
22:59:27 | [STRATEGY] Added synthetic ML BUY signal (conf: 0.75)
22:59:27 | [ANALYSIS] Examining USD/JPY | Time: 00:00 | Bars: 100
22:59:27 | [ANALYSIS] Examining AUD/USD | Time: 00:00 | Bars: 100
22:59:27 | [ANALYSIS] AUD/USD | Price: 0.67014 | RSI: 47.3 | ADX: 47.0 | ML: UP(75%)
22:59:27 | [STRATEGY] Added synthetic ML BUY signal (conf: 0.75)
22:59:27 | [SUMMARY] Risk: operational | Positions: 2 | Daily Trades: 0/5 | Exits: 0 (Market: 0, Admin: 0)
22:59:27 | [IDLE] Waiting for next market pulse...
22:59:38 | [36m[STATS][0m --- [CYCLE 46] ---
22:59:38 | [36m[STATS][0m Balance: 97973.15 | Equity: 97970.81 | Active: 2 | Margin: 97862.51 | Util: 0.1%
22:59:38 | [POSITION STATS] Open: 2 | Unrealized: $-2.34 | Daily Loss: $0.00/100.00
22:59:38 | [ANALYSIS] Examining EUR/USD | Time: 00:00 | Bars: 100
22:59:38 | [ANALYSIS] Examining GBP/USD | Time: 00:00 | Bars: 100
22:59:38 | [ANALYSIS] GBP/USD | Price: 1.34357 | RSI: 43.2 | ADX: 48.4 | ML: UP(75%)
22:59:38 | [STRATEGY] Added synthetic ML BUY signal (conf: 0.75)
22:59:38 | [ANALYSIS] Examining USD/JPY | Time: 00:00 | Bars: 100
22:59:38 | [ANALYSIS] Examining AUD/USD | Time: 00:00 | Bars: 100
22:59:38 | [ANALYSIS] AUD/USD | Price: 0.67022 | RSI: 48.1 | ADX: 47.0 | ML: UP(75%)
22:59:38 | [STRATEGY] Added synthetic ML BUY signal (conf: 0.75)
22:59:38 | [IDLE] Waiting for next market pulse...
22:59:48 | [36m[STATS][0m --- [CYCLE 47] ---
22:59:48 | [36m[STATS][0m Balance: 97973.15 | Equity: 97970.86 | Active: 2 | Margin: 97862.56 | Util: 0.1%
22:59:48 | [POSITION STATS] Open: 2 | Unrealized: $-2.29 | Daily Loss: $0.00/100.00
22:59:48 | [ANALYSIS] Examining EUR/USD | Time: 00:00 | Bars: 100
22:59:48 | [ANALYSIS] Examining GBP/USD | Time: 00:00 | Bars: 100
22:59:48 | [ANALYSIS] GBP/USD | Price: 1.34353 | RSI: 43.0 | ADX: 48.4 | ML: UP(75%)
22:59:48 | [STRATEGY] Added synthetic ML BUY signal (conf: 0.75)
22:59:48 | [ANALYSIS] Examining USD/JPY | Time: 00:00 | Bars: 100
22:59:48 | [ANALYSIS] Examining AUD/USD | Time: 00:00 | Bars: 100
22:59:48 | [ANALYSIS] AUD/USD | Price: 0.67013 | RSI: 47.2 | ADX: 47.0 | ML: UP(75%)
22:59:48 | [STRATEGY] Added synthetic ML BUY signal (conf: 0.75)
22:59:48 | [IDLE] Waiting for next market pulse...
22:59:58 | [36m[STATS][0m --- [CYCLE 48] ---
22:59:58 | [36m[STATS][0m Balance: 97973.15 | Equity: 97970.27 | Active: 2 | Margin: 97861.97 | Util: 0.1%
22:59:58 | [POSITION STATS] Open: 2 | Unrealized: $-2.88 | Daily Loss: $0.00/100.00
22:59:58 | [ANALYSIS] Examining EUR/USD | Time: 00:00 | Bars: 100
22:59:58 | [ANALYSIS] Examining GBP/USD | Time: 00:00 | Bars: 100
22:59:58 | [ANALYSIS] GBP/USD | Price: 1.34352 | RSI: 43.0 | ADX: 48.4 | ML: UP(75%)
22:59:58 | [STRATEGY] Added synthetic ML BUY signal (conf: 0.75)
22:59:58 | [ANALYSIS] Examining USD/JPY | Time: 00:00 | Bars: 100
22:59:58 | [ANALYSIS] Examining AUD/USD | Time: 00:00 | Bars: 100
22:59:58 | [ANALYSIS] AUD/USD | Price: 0.67014 | RSI: 47.3 | ADX: 47.0 | ML: UP(75%)
22:59:58 | [STRATEGY] Added synthetic ML BUY signal (conf: 0.75)
22:59:58 | [IDLE] Waiting for next market pulse...
23:00:09 | [36m[STATS][0m --- [CYCLE 49] ---
23:00:09 | [36m[STATS][0m Balance: 97973.15 | Equity: 97970.23 | Active: 2 | Margin: 97861.93 | Util: 0.1%
23:00:09 | [POSITION STATS] Open: 2 | Unrealized: $-2.92 | Daily Loss: $0.00/100.00
23:00:09 | [ANALYSIS] Examining EUR/USD | Time: 01:00 | Bars: 100
23:00:09 | [ANALYSIS] Examining GBP/USD | Time: 01:00 | Bars: 100
23:00:09 | [ANALYSIS] GBP/USD | Price: 1.34364 | RSI: 43.8 | ADX: 45.5 | ML: UP(75%)
23:00:09 | [STRATEGY] Added synthetic ML BUY signal (conf: 0.75)
23:00:09 | [ANALYSIS] Examining USD/JPY | Time: 01:00 | Bars: 100
23:00:09 | [ANALYSIS] Examining AUD/USD | Time: 01:00 | Bars: 100
23:00:09 | [ANALYSIS] AUD/USD | Price: 0.67025 | RSI: 48.5 | ADX: 43.0 | ML: UP(75%)
23:00:09 | [STRATEGY] Added synthetic ML BUY signal (conf: 0.75)
23:00:09 | [IDLE] Waiting for next market pulse...
23:00:19 | [36m[STATS][0m --- [CYCLE 50] ---
23:00:19 | [36m[STATS][0m Balance: 97973.15 | Equity: 97970.76 | Active: 2 | Margin: 97862.46 | Util: 0.1%
23:00:19 | [POSITION STATS] Open: 2 | Unrealized: $-2.39 | Daily Loss: $0.00/100.00
23:00:19 | [ANALYSIS] Examining EUR/USD | Time: 01:00 | Bars: 100
23:00:19 | [ANALYSIS] Examining GBP/USD | Time: 01:00 | Bars: 100
23:00:19 | [ANALYSIS] GBP/USD | Price: 1.34377 | RSI: 44.7 | ADX: 45.5 | ML: UP(75%)
23:00:19 | [STRATEGY] Added synthetic ML BUY signal (conf: 0.75)
23:00:19 | [ANALYSIS] Examining USD/JPY | Time: 01:00 | Bars: 100
23:00:19 | [ANALYSIS] Examining AUD/USD | Time: 01:00 | Bars: 100
23:00:19 | [ANALYSIS] AUD/USD | Price: 0.67021 | RSI: 48.0 | ADX: 43.0 | ML: UP(75%)
23:00:19 | [STRATEGY] Added synthetic ML BUY signal (conf: 0.75)
23:00:19 | [SUMMARY] Risk: operational | Positions: 2 | Daily Trades: 0/5 | Exits: 0 (Market: 0, Admin: 0)
23:00:19 | [IDLE] Waiting for next market pulse...
23:00:29 | [36m[STATS][0m --- [CYCLE 51] ---
23:00:29 | [36m[STATS][0m Balance: 97973.15 | Equity: 97971.13 | Active: 2 | Margin: 97862.83 | Util: 0.1%
23:00:29 | [POSITION STATS] Open: 2 | Unrealized: $-2.02 | Daily Loss: $0.00/100.00
23:00:29 | [ANALYSIS] Examining EUR/USD | Time: 01:00 | Bars: 100
23:00:29 | [ANALYSIS] Examining GBP/USD | Time: 01:00 | Bars: 100
23:00:29 | [ANALYSIS] GBP/USD | Price: 1.34374 | RSI: 44.5 | ADX: 45.5 | ML: UP(75%)
23:00:29 | [STRATEGY] Added synthetic ML BUY signal (conf: 0.75)
23:00:29 | [ANALYSIS] Examining USD/JPY | Time: 01:00 | Bars: 100
23:00:29 | [ANALYSIS] Examining AUD/USD | Time: 01:00 | Bars: 100
23:00:29 | [ANALYSIS] AUD/USD | Price: 0.67019 | RSI: 47.8 | ADX: 43.0 | ML: UP(75%)
23:00:29 | [STRATEGY] Added synthetic ML BUY signal (conf: 0.75)
23:00:29 | [IDLE] Waiting for next market pulse...
23:00:40 | [36m[STATS][0m --- [CYCLE 52] ---
23:00:40 | [36m[STATS][0m Balance: 97973.15 | Equity: 97970.48 | Active: 2 | Margin: 97862.18 | Util: 0.1%
23:00:40 | [POSITION STATS] Open: 2 | Unrealized: $-2.67 | Daily Loss: $0.00/100.00
23:00:40 | [ANALYSIS] Examining EUR/USD | Time: 01:00 | Bars: 100
23:00:40 | [ANALYSIS] Examining GBP/USD | Time: 01:00 | Bars: 100
23:00:40 | [ANALYSIS] GBP/USD | Price: 1.34367 | RSI: 44.0 | ADX: 45.5 | ML: UP(75%)
23:00:40 | [STRATEGY] Added synthetic ML BUY signal (conf: 0.75)
23:00:40 | [ANALYSIS] Examining USD/JPY | Time: 01:00 | Bars: 100
23:00:40 | [ANALYSIS] Examining AUD/USD | Time: 01:00 | Bars: 100
23:00:40 | [ANALYSIS] AUD/USD | Price: 0.67018 | RSI: 47.7 | ADX: 43.0 | ML: UP(75%)
23:00:40 | [STRATEGY] Added synthetic ML BUY signal (conf: 0.75)
23:00:40 | [IDLE] Waiting for next market pulse...
23:00:50 | [36m[STATS][0m --- [CYCLE 53] ---
23:00:50 | [36m[STATS][0m Balance: 97973.15 | Equity: 97970.08 | Active: 2 | Margin: 97861.78 | Util: 0.1%
23:00:50 | [POSITION STATS] Open: 2 | Unrealized: $-3.07 | Daily Loss: $0.00/100.00
23:00:50 | [ANALYSIS] Examining EUR/USD | Time: 01:00 | Bars: 100
23:00:50 | [ANALYSIS] Examining GBP/USD | Time: 01:00 | Bars: 100
23:00:50 | [ANALYSIS] GBP/USD | Price: 1.34375 | RSI: 44.5 | ADX: 45.5 | ML: UP(75%)
23:00:50 | [STRATEGY] Added synthetic ML BUY signal (conf: 0.75)
23:00:50 | [ANALYSIS] Examining USD/JPY | Time: 01:00 | Bars: 100
23:00:50 | [ANALYSIS] Examining AUD/USD | Time: 01:00 | Bars: 100
23:00:50 | [ANALYSIS] AUD/USD | Price: 0.67021 | RSI: 48.0 | ADX: 43.0 | ML: UP(75%)
23:00:50 | [STRATEGY] Added synthetic ML BUY signal (conf: 0.75)
23:00:50 | [IDLE] Waiting for next market pulse...
23:01:00 | [36m[STATS][0m --- [CYCLE 54] ---
23:01:00 | [36m[STATS][0m Balance: 97973.15 | Equity: 97970.48 | Active: 2 | Margin: 97862.18 | Util: 0.1%
23:01:00 | [POSITION STATS] Open: 2 | Unrealized: $-2.67 | Daily Loss: $0.00/100.00
23:01:00 | [ANALYSIS] Examining EUR/USD | Time: 01:00 | Bars: 100
23:01:00 | [ANALYSIS] Examining GBP/USD | Time: 01:00 | Bars: 100
23:01:00 | [ANALYSIS] GBP/USD | Price: 1.34375 | RSI: 44.5 | ADX: 45.5 | ML: UP(75%)
23:01:00 | [STRATEGY] Added synthetic ML BUY signal (conf: 0.75)
23:01:00 | [ANALYSIS] Examining USD/JPY | Time: 01:00 | Bars: 100
23:01:00 | [ANALYSIS] Examining AUD/USD | Time: 01:00 | Bars: 100
23:01:00 | [ANALYSIS] AUD/USD | Price: 0.67020 | RSI: 47.9 | ADX: 43.0 | ML: UP(75%)
23:01:00 | [STRATEGY] Added synthetic ML BUY signal (conf: 0.75)
23:01:00 | [IDLE] Waiting for next market pulse...
23:01:11 | [36m[STATS][0m --- [CYCLE 55] ---
23:01:11 | [36m[STATS][0m Balance: 97973.15 | Equity: 97970.70 | Active: 2 | Margin: 97862.40 | Util: 0.1%
23:01:11 | [POSITION STATS] Open: 2 | Unrealized: $-2.45 | Daily Loss: $0.00/100.00
23:01:11 | [ANALYSIS] Examining EUR/USD | Time: 01:00 | Bars: 100
23:01:11 | [ANALYSIS] Examining GBP/USD | Time: 01:00 | Bars: 100
23:01:11 | [ANALYSIS] GBP/USD | Price: 1.34382 | RSI: 45.0 | ADX: 45.5 | ML: UP(75%)
23:01:11 | [STRATEGY] Added synthetic ML BUY signal (conf: 0.75)
23:01:11 | [ANALYSIS] Examining USD/JPY | Time: 01:00 | Bars: 100
23:01:11 | [ANALYSIS] Examining AUD/USD | Time: 01:00 | Bars: 100
23:01:11 | [ANALYSIS] AUD/USD | Price: 0.67025 | RSI: 48.5 | ADX: 43.0 | ML: UP(75%)
23:01:11 | [STRATEGY] Added synthetic ML BUY signal (conf: 0.75)
23:01:11 | [SUMMARY] Risk: operational | Positions: 2 | Daily Trades: 0/5 | Exits: 0 (Market: 0, Admin: 0)
23:01:11 | [IDLE] Waiting for next market pulse...
23:01:21 | [36m[STATS][0m --- [CYCLE 56] ---
23:01:21 | [36m[STATS][0m Balance: 97973.15 | Equity: 97970.46 | Active: 2 | Margin: 97862.16 | Util: 0.1%
23:01:21 | [POSITION STATS] Open: 2 | Unrealized: $-2.69 | Daily Loss: $0.00/100.00
23:01:21 | [ANALYSIS] Examining EUR/USD | Time: 01:00 | Bars: 100
23:01:21 | [ANALYSIS] Examining GBP/USD | Time: 01:00 | Bars: 100
23:01:21 | [ANALYSIS] GBP/USD | Price: 1.34382 | RSI: 45.0 | ADX: 45.5 | ML: UP(75%)
23:01:21 | [STRATEGY] Added synthetic ML BUY signal (conf: 0.75)
23:01:21 | [ANALYSIS] Examining USD/JPY | Time: 01:00 | Bars: 100
23:01:21 | [ANALYSIS] Examining AUD/USD | Time: 01:00 | Bars: 100
23:01:21 | [ANALYSIS] AUD/USD | Price: 0.67024 | RSI: 48.4 | ADX: 43.0 | ML: UP(75%)
23:01:21 | [STRATEGY] Added synthetic ML BUY signal (conf: 0.75)
23:01:21 | [IDLE] Waiting for next market pulse...
23:01:31 | [36m[STATS][0m --- [CYCLE 57] ---
23:01:31 | [36m[STATS][0m Balance: 97973.15 | Equity: 97970.51 | Active: 2 | Margin: 97862.21 | Util: 0.1%
23:01:31 | [POSITION STATS] Open: 2 | Unrealized: $-2.64 | Daily Loss: $0.00/100.00
23:01:31 | [ANALYSIS] Examining EUR/USD | Time: 01:00 | Bars: 100
23:01:31 | [ANALYSIS] Examining GBP/USD | Time: 01:00 | Bars: 100
23:01:31 | [ANALYSIS] GBP/USD | Price: 1.34381 | RSI: 44.9 | ADX: 45.5 | ML: UP(75%)
23:01:31 | [STRATEGY] Added synthetic ML BUY signal (conf: 0.75)
23:01:31 | [ANALYSIS] Examining USD/JPY | Time: 01:00 | Bars: 100
23:01:31 | [ANALYSIS] Examining AUD/USD | Time: 01:00 | Bars: 100
23:01:31 | [ANALYSIS] AUD/USD | Price: 0.67026 | RSI: 48.6 | ADX: 43.0 | ML: UP(75%)
23:01:31 | [STRATEGY] Added synthetic ML BUY signal (conf: 0.75)
23:01:31 | [IDLE] Waiting for next market pulse...
23:01:42 | [36m[STATS][0m --- [CYCLE 58] ---
23:01:42 | [36m[STATS][0m Balance: 97973.15 | Equity: 97970.10 | Active: 2 | Margin: 97861.80 | Util: 0.1%
23:01:42 | [POSITION STATS] Open: 2 | Unrealized: $-3.05 | Daily Loss: $0.00/100.00
23:01:42 | [ANALYSIS] Examining EUR/USD | Time: 01:00 | Bars: 100
23:01:42 | [ANALYSIS] Examining GBP/USD | Time: 01:00 | Bars: 100
23:01:42 | [ANALYSIS] GBP/USD | Price: 1.34378 | RSI: 44.7 | ADX: 45.5 | ML: UP(75%)
23:01:42 | [STRATEGY] Added synthetic ML BUY signal (conf: 0.75)
23:01:42 | [ANALYSIS] Examining USD/JPY | Time: 01:00 | Bars: 100
23:01:42 | [ANALYSIS] Examining AUD/USD | Time: 01:00 | Bars: 100
23:01:42 | [ANALYSIS] AUD/USD | Price: 0.67031 | RSI: 49.1 | ADX: 43.0 | ML: UP(75%)
23:01:42 | [STRATEGY] Added synthetic ML BUY signal (conf: 0.75)
23:01:42 | [IDLE] Waiting for next market pulse...
23:01:52 | [36m[STATS][0m --- [CYCLE 59] ---
23:01:52 | [36m[STATS][0m Balance: 97973.15 | Equity: 97969.91 | Active: 2 | Margin: 97861.61 | Util: 0.1%
23:01:52 | [POSITION STATS] Open: 2 | Unrealized: $-3.24 | Daily Loss: $0.00/100.00
23:01:52 | [ANALYSIS] Examining EUR/USD | Time: 01:00 | Bars: 100
23:01:52 | [ANALYSIS] Examining GBP/USD | Time: 01:00 | Bars: 100
23:01:52 | [ANALYSIS] GBP/USD | Price: 1.34381 | RSI: 44.9 | ADX: 45.5 | ML: UP(75%)
23:01:52 | [STRATEGY] Added synthetic ML BUY signal (conf: 0.75)
23:01:52 | [ANALYSIS] Examining USD/JPY | Time: 01:00 | Bars: 100
23:01:52 | [ANALYSIS] Examining AUD/USD | Time: 01:00 | Bars: 100
23:01:52 | [ANALYSIS] AUD/USD | Price: 0.67031 | RSI: 49.1 | ADX: 43.0 | ML: UP(75%)
23:01:52 | [STRATEGY] Added synthetic ML BUY signal (conf: 0.75)
23:01:52 | [IDLE] Waiting for next market pulse...
23:02:02 | [36m[STATS][0m --- [CYCLE 60] ---
23:02:02 | [36m[STATS][0m Balance: 97973.15 | Equity: 97969.86 | Active: 2 | Margin: 97861.56 | Util: 0.1%
23:02:02 | [POSITION STATS] Open: 2 | Unrealized: $-3.29 | Daily Loss: $0.00/100.00
23:02:02 | [ANALYSIS] Examining EUR/USD | Time: 01:00 | Bars: 100
23:02:02 | [ANALYSIS] Examining GBP/USD | Time: 01:00 | Bars: 100
23:02:02 | [ANALYSIS] GBP/USD | Price: 1.34381 | RSI: 44.9 | ADX: 45.5 | ML: UP(75%)
23:02:02 | [STRATEGY] Added synthetic ML BUY signal (conf: 0.75)
23:02:02 | [ANALYSIS] Examining USD/JPY | Time: 01:00 | Bars: 100
23:02:02 | [ANALYSIS] Examining AUD/USD | Time: 01:00 | Bars: 100
23:02:02 | [ANALYSIS] AUD/USD | Price: 0.67029 | RSI: 48.9 | ADX: 43.0 | ML: UP(75%)
23:02:02 | [STRATEGY] Added synthetic ML BUY signal (conf: 0.75)
23:02:02 | [SUMMARY] Risk: operational | Positions: 2 | Daily Trades: 0/5 | Exits: 0 (Market: 0, Admin: 0)
23:02:02 | [IDLE] Waiting for next market pulse...
23:02:13 | [36m[STATS][0m --- [CYCLE 61] ---
23:02:13 | [36m[STATS][0m Balance: 97973.15 | Equity: 97969.78 | Active: 2 | Margin: 97861.48 | Util: 0.1%
23:02:13 | [POSITION STATS] Open: 2 | Unrealized: $-3.37 | Daily Loss: $0.00/100.00
23:02:13 | [ANALYSIS] Examining EUR/USD | Time: 01:00 | Bars: 100
23:02:13 | [ANALYSIS] Examining GBP/USD | Time: 01:00 | Bars: 100
23:02:13 | [ANALYSIS] GBP/USD | Price: 1.34391 | RSI: 45.6 | ADX: 45.5 | ML: UP(75%)
23:02:13 | [STRATEGY] Added synthetic ML BUY signal (conf: 0.75)
23:02:13 | [ANALYSIS] Examining USD/JPY | Time: 01:00 | Bars: 100
23:02:13 | [ANALYSIS] Examining AUD/USD | Time: 01:00 | Bars: 100
23:02:13 | [ANALYSIS] AUD/USD | Price: 0.67034 | RSI: 49.4 | ADX: 43.0 | ML: UP(75%)
23:02:13 | [STRATEGY] Added synthetic ML BUY signal (conf: 0.75)
23:02:13 | [IDLE] Waiting for next market pulse...
23:02:23 | [36m[STATS][0m --- [CYCLE 62] ---
23:02:23 | [36m[STATS][0m Balance: 97973.15 | Equity: 97969.40 | Active: 3 | Margin: 97793.90 | Util: 0.2%
23:02:23 | [POSITION STATS] Open: 3 | Unrealized: $-3.75 | Daily Loss: $0.00/100.00
23:02:23 | [ANALYSIS] Examining EUR/USD | Time: 01:00 | Bars: 100
23:02:23 | [ANALYSIS] Examining GBP/USD | Time: 01:00 | Bars: 100
23:02:23 | [ANALYSIS] Examining USD/JPY | Time: 01:00 | Bars: 100
23:02:23 | [ANALYSIS] Examining AUD/USD | Time: 01:00 | Bars: 100
23:02:23 | [ANALYSIS] AUD/USD | Price: 0.67035 | RSI: 49.5 | ADX: 42.9 | ML: UP(75%)
23:02:23 | [STRATEGY] Added synthetic ML BUY signal (conf: 0.75)
23:02:23 | [IDLE] Waiting for next market pulse...
23:02:33 | [36m[STATS][0m --- [CYCLE 63] ---
23:02:33 | [36m[STATS][0m Balance: 97973.15 | Equity: 97969.35 | Active: 3 | Margin: 97793.85 | Util: 0.2%
23:02:33 | [POSITION STATS] Open: 3 | Unrealized: $-3.80 | Daily Loss: $0.00/100.00
23:02:33 | [ANALYSIS] Examining EUR/USD | Time: 01:00 | Bars: 100
23:02:33 | [ANALYSIS] Examining GBP/USD | Time: 01:00 | Bars: 100
23:02:33 | [ANALYSIS] Examining USD/JPY | Time: 01:00 | Bars: 100
23:02:33 | [ANALYSIS] Examining AUD/USD | Time: 01:00 | Bars: 100
23:02:33 | [ANALYSIS] AUD/USD | Price: 0.67037 | RSI: 49.7 | ADX: 42.9 | ML: UP(75%)
23:02:33 | [STRATEGY] Added synthetic ML BUY signal (conf: 0.75)
23:02:33 | [IDLE] Waiting for next market pulse...
23:02:44 | [36m[STATS][0m --- [CYCLE 64] ---
23:02:44 | [36m[STATS][0m Balance: 97973.15 | Equity: 97969.38 | Active: 3 | Margin: 97793.88 | Util: 0.2%
23:02:44 | [POSITION STATS] Open: 3 | Unrealized: $-3.77 | Daily Loss: $0.00/100.00
23:02:44 | [ANALYSIS] Examining EUR/USD | Time: 01:00 | Bars: 100
23:02:44 | [ANALYSIS] Examining GBP/USD | Time: 01:00 | Bars: 100
23:02:44 | [ANALYSIS] Examining USD/JPY | Time: 01:00 | Bars: 100
23:02:44 | [ANALYSIS] Examining AUD/USD | Time: 01:00 | Bars: 100
23:02:44 | [ANALYSIS] AUD/USD | Price: 0.67037 | RSI: 49.7 | ADX: 42.9 | ML: UP(75%)
23:02:44 | [STRATEGY] Added synthetic ML BUY signal (conf: 0.75)
23:02:44 | [IDLE] Waiting for next market pulse...
23:02:54 | [36m[STATS][0m --- [CYCLE 65] ---
23:02:54 | [36m[STATS][0m Balance: 97973.15 | Equity: 97969.23 | Active: 3 | Margin: 97793.73 | Util: 0.2%
23:02:54 | [POSITION STATS] Open: 3 | Unrealized: $-3.92 | Daily Loss: $0.00/100.00
23:02:54 | [ANALYSIS] Examining EUR/USD | Time: 01:00 | Bars: 100
23:02:54 | [ANALYSIS] Examining GBP/USD | Time: 01:00 | Bars: 100
23:02:54 | [ANALYSIS] Examining USD/JPY | Time: 01:00 | Bars: 100
23:02:54 | [ANALYSIS] Examining AUD/USD | Time: 01:00 | Bars: 100
23:02:54 | [ANALYSIS] AUD/USD | Price: 0.67036 | RSI: 49.6 | ADX: 42.9 | ML: UP(75%)
23:02:54 | [STRATEGY] Added synthetic ML BUY signal (conf: 0.75)
23:02:54 | [SUMMARY] Risk: operational | Positions: 3 | Daily Trades: 0/5 | Exits: 0 (Market: 0, Admin: 0)
23:02:54 | [IDLE] Waiting for next market pulse...
23:03:04 | [36m[STATS][0m --- [CYCLE 66] ---
23:03:04 | [36m[STATS][0m Balance: 97973.15 | Equity: 97969.46 | Active: 3 | Margin: 97793.96 | Util: 0.2%
23:03:04 | [POSITION STATS] Open: 3 | Unrealized: $-3.69 | Daily Loss: $0.00/100.00
23:03:04 | [ANALYSIS] Examining EUR/USD | Time: 01:00 | Bars: 100
23:03:04 | [ANALYSIS] Examining GBP/USD | Time: 01:00 | Bars: 100
23:03:04 | [ANALYSIS] Examining USD/JPY | Time: 01:00 | Bars: 100
23:03:04 | [ANALYSIS] Examining AUD/USD | Time: 01:00 | Bars: 100
23:03:04 | [ANALYSIS] AUD/USD | Price: 0.67034 | RSI: 49.4 | ADX: 42.9 | ML: UP(75%)
23:03:04 | [STRATEGY] Added synthetic ML BUY signal (conf: 0.75)
23:03:04 | [IDLE] Waiting for next market pulse...
23:03:15 | [36m[STATS][0m --- [CYCLE 67] ---
23:03:15 | [36m[STATS][0m Balance: 97973.15 | Equity: 97969.41 | Active: 3 | Margin: 97793.91 | Util: 0.2%
23:03:15 | [POSITION STATS] Open: 3 | Unrealized: $-3.74 | Daily Loss: $0.00/100.00
23:03:15 | [ANALYSIS] Examining EUR/USD | Time: 01:00 | Bars: 100
23:03:15 | [ANALYSIS] Examining GBP/USD | Time: 01:00 | Bars: 100
23:03:15 | [ANALYSIS] Examining USD/JPY | Time: 01:00 | Bars: 100
23:03:15 | [ANALYSIS] Examining AUD/USD | Time: 01:00 | Bars: 100
23:03:15 | [ANALYSIS] AUD/USD | Price: 0.67034 | RSI: 49.4 | ADX: 42.9 | ML: UP(75%)
23:03:15 | [STRATEGY] Added synthetic ML BUY signal (conf: 0.75)
23:03:15 | [IDLE] Waiting for next market pulse...
23:03:25 | [36m[STATS][0m --- [CYCLE 68] ---
23:03:25 | [36m[STATS][0m Balance: 97973.15 | Equity: 97969.82 | Active: 3 | Margin: 97794.32 | Util: 0.2%
23:03:25 | [POSITION STATS] Open: 3 | Unrealized: $-3.33 | Daily Loss: $0.00/100.00
23:03:25 | [ANALYSIS] Examining EUR/USD | Time: 01:00 | Bars: 100
23:03:25 | [ANALYSIS] Examining GBP/USD | Time: 01:00 | Bars: 100
23:03:25 | [ANALYSIS] Examining USD/JPY | Time: 01:00 | Bars: 100
23:03:25 | [ANALYSIS] Examining AUD/USD | Time: 01:00 | Bars: 100
23:03:25 | [ANALYSIS] AUD/USD | Price: 0.67035 | RSI: 49.5 | ADX: 42.9 | ML: UP(75%)
23:03:25 | [STRATEGY] Added synthetic ML BUY signal (conf: 0.75)
23:03:25 | [IDLE] Waiting for next market pulse...
23:03:35 | [36m[STATS][0m --- [CYCLE 69] ---
23:03:35 | [36m[STATS][0m Balance: 97973.15 | Equity: 97970.03 | Active: 3 | Margin: 97794.53 | Util: 0.2%
23:03:35 | [POSITION STATS] Open: 3 | Unrealized: $-3.12 | Daily Loss: $0.00/100.00
23:03:35 | [ANALYSIS] Examining EUR/USD | Time: 01:00 | Bars: 100
23:03:35 | [ANALYSIS] Examining GBP/USD | Time: 01:00 | Bars: 100
23:03:35 | [ANALYSIS] Examining USD/JPY | Time: 01:00 | Bars: 100
23:03:35 | [ANALYSIS] Examining AUD/USD | Time: 01:00 | Bars: 100
23:03:35 | [ANALYSIS] AUD/USD | Price: 0.67035 | RSI: 49.5 | ADX: 42.9 | ML: UP(75%)
23:03:35 | [STRATEGY] Added synthetic ML BUY signal (conf: 0.75)
23:03:35 | [IDLE] Waiting for next market pulse...
23:03:46 | [36m[STATS][0m --- [CYCLE 70] ---
23:03:46 | [36m[STATS][0m Balance: 97973.15 | Equity: 97969.83 | Active: 3 | Margin: 97794.33 | Util: 0.2%
23:03:46 | [POSITION STATS] Open: 3 | Unrealized: $-3.32 | Daily Loss: $0.00/100.00
23:03:46 | [ANALYSIS] Examining EUR/USD | Time: 01:00 | Bars: 100
23:03:46 | [ANALYSIS] Examining GBP/USD | Time: 01:00 | Bars: 100
23:03:46 | [ANALYSIS] Examining USD/JPY | Time: 01:00 | Bars: 100
23:03:46 | [ANALYSIS] Examining AUD/USD | Time: 01:00 | Bars: 100
23:03:46 | [ANALYSIS] AUD/USD | Price: 0.67035 | RSI: 49.5 | ADX: 42.9 | ML: UP(75%)
23:03:46 | [STRATEGY] Added synthetic ML BUY signal (conf: 0.75)
23:03:46 | [SUMMARY] Risk: operational | Positions: 3 | Daily Trades: 0/5 | Exits: 0 (Market: 0, Admin: 0)
23:03:46 | [IDLE] Waiting for next market pulse...
23:03:56 | [36m[STATS][0m --- [CYCLE 71] ---
23:03:56 | [36m[STATS][0m Balance: 97973.15 | Equity: 97969.98 | Active: 3 | Margin: 97794.48 | Util: 0.2%
23:03:56 | [POSITION STATS] Open: 3 | Unrealized: $-3.17 | Daily Loss: $0.00/100.00
23:03:56 | [ANALYSIS] Examining EUR/USD | Time: 01:00 | Bars: 100
23:03:56 | [ANALYSIS] Examining GBP/USD | Time: 01:00 | Bars: 100
23:03:56 | [ANALYSIS] Examining USD/JPY | Time: 01:00 | Bars: 100
23:03:56 | [ANALYSIS] Examining AUD/USD | Time: 01:00 | Bars: 100
23:03:56 | [ANALYSIS] AUD/USD | Price: 0.67035 | RSI: 49.5 | ADX: 42.9 | ML: UP(75%)
23:03:56 | [STRATEGY] Added synthetic ML BUY signal (conf: 0.75)
23:03:56 | [IDLE] Waiting for next market pulse...
23:04:06 | [36m[STATS][0m --- [CYCLE 72] ---
23:04:06 | [36m[STATS][0m Balance: 97973.15 | Equity: 97970.05 | Active: 3 | Margin: 97794.55 | Util: 0.2%
23:04:06 | [POSITION STATS] Open: 3 | Unrealized: $-3.10 | Daily Loss: $0.00/100.00
23:04:06 | [ANALYSIS] Examining EUR/USD | Time: 01:00 | Bars: 100
23:04:06 | [ANALYSIS] Examining GBP/USD | Time: 01:00 | Bars: 100
23:04:06 | [ANALYSIS] Examining USD/JPY | Time: 01:00 | Bars: 100
23:04:06 | [ANALYSIS] Examining AUD/USD | Time: 01:00 | Bars: 100
23:04:06 | [ANALYSIS] AUD/USD | Price: 0.67034 | RSI: 49.4 | ADX: 42.9 | ML: UP(75%)
23:04:06 | [STRATEGY] Added synthetic ML BUY signal (conf: 0.75)
23:04:06 | [IDLE] Waiting for next market pulse...
23:04:17 | [36m[STATS][0m --- [CYCLE 73] ---
23:04:17 | [36m[STATS][0m Balance: 97973.15 | Equity: 97969.80 | Active: 3 | Margin: 97794.30 | Util: 0.2%
23:04:17 | [POSITION STATS] Open: 3 | Unrealized: $-3.35 | Daily Loss: $0.00/100.00
23:04:17 | [ANALYSIS] Examining EUR/USD | Time: 01:00 | Bars: 100
23:04:17 | [ANALYSIS] Examining GBP/USD | Time: 01:00 | Bars: 100
23:04:17 | [ANALYSIS] Examining USD/JPY | Time: 01:00 | Bars: 100
23:04:17 | [ANALYSIS] Examining AUD/USD | Time: 01:00 | Bars: 100
23:04:17 | [ANALYSIS] AUD/USD | Price: 0.67026 | RSI: 48.6 | ADX: 42.9 | ML: UP(75%)
23:04:17 | [STRATEGY] Added synthetic ML BUY signal (conf: 0.75)
23:04:17 | [IDLE] Waiting for next market pulse...
23:04:27 | [36m[STATS][0m --- [CYCLE 74] ---
23:04:27 | [36m[STATS][0m Balance: 97973.15 | Equity: 97969.80 | Active: 3 | Margin: 97794.30 | Util: 0.2%
23:04:27 | [POSITION STATS] Open: 3 | Unrealized: $-3.35 | Daily Loss: $0.00/100.00
23:04:27 | [ANALYSIS] Examining EUR/USD | Time: 01:00 | Bars: 100
23:04:27 | [ANALYSIS] Examining GBP/USD | Time: 01:00 | Bars: 100
23:04:27 | [ANALYSIS] Examining USD/JPY | Time: 01:00 | Bars: 100
23:04:27 | [ANALYSIS] Examining AUD/USD | Time: 01:00 | Bars: 100
23:04:27 | [ANALYSIS] AUD/USD | Price: 0.67026 | RSI: 48.6 | ADX: 42.9 | ML: UP(75%)
23:04:27 | [STRATEGY] Added synthetic ML BUY signal (conf: 0.75)
23:04:27 | [IDLE] Waiting for next market pulse...
23:04:37 | [36m[STATS][0m --- [CYCLE 75] ---
23:04:37 | [36m[STATS][0m Balance: 97973.15 | Equity: 97969.73 | Active: 3 | Margin: 97794.23 | Util: 0.2%
23:04:37 | [POSITION STATS] Open: 3 | Unrealized: $-3.42 | Daily Loss: $0.00/100.00
23:04:37 | [ANALYSIS] Examining EUR/USD | Time: 01:00 | Bars: 100
23:04:37 | [ANALYSIS] Examining GBP/USD | Time: 01:00 | Bars: 100
23:04:37 | [ANALYSIS] Examining USD/JPY | Time: 01:00 | Bars: 100
23:04:37 | [ANALYSIS] Examining AUD/USD | Time: 01:00 | Bars: 100
23:04:37 | [ANALYSIS] AUD/USD | Price: 0.67018 | RSI: 47.7 | ADX: 42.9 | ML: UP(75%)
23:04:37 | [STRATEGY] Added synthetic ML BUY signal (conf: 0.75)
23:04:37 | [SUMMARY] Risk: operational | Positions: 3 | Daily Trades: 0/5 | Exits: 0 (Market: 0, Admin: 0)
23:04:37 | [IDLE] Waiting for next market pulse...
23:04:48 | [36m[STATS][0m --- [CYCLE 76] ---
23:04:48 | [36m[STATS][0m Balance: 97973.15 | Equity: 97969.68 | Active: 3 | Margin: 97794.18 | Util: 0.2%
23:04:48 | [POSITION STATS] Open: 3 | Unrealized: $-3.47 | Daily Loss: $0.00/100.00
23:04:48 | [ANALYSIS] Examining EUR/USD | Time: 01:00 | Bars: 100
23:04:48 | [ANALYSIS] Examining GBP/USD | Time: 01:00 | Bars: 100
23:04:48 | [ANALYSIS] Examining USD/JPY | Time: 01:00 | Bars: 100
23:04:48 | [ANALYSIS] Examining AUD/USD | Time: 01:00 | Bars: 100
23:04:48 | [ANALYSIS] AUD/USD | Price: 0.67022 | RSI: 48.1 | ADX: 42.9 | ML: UP(75%)
23:04:48 | [STRATEGY] Added synthetic ML BUY signal (conf: 0.75)
23:04:48 | [IDLE] Waiting for next market pulse...
23:04:58 | [36m[STATS][0m --- [CYCLE 77] ---
23:04:58 | [36m[STATS][0m Balance: 97973.15 | Equity: 97969.65 | Active: 3 | Margin: 97794.15 | Util: 0.2%
23:04:58 | [POSITION STATS] Open: 3 | Unrealized: $-3.50 | Daily Loss: $0.00/100.00
23:04:58 | [ANALYSIS] Examining EUR/USD | Time: 01:00 | Bars: 100
23:04:58 | [ANALYSIS] Examining GBP/USD | Time: 01:00 | Bars: 100
23:04:58 | [ANALYSIS] Examining USD/JPY | Time: 01:00 | Bars: 100
23:04:58 | [ANALYSIS] Examining AUD/USD | Time: 01:00 | Bars: 100
23:04:58 | [ANALYSIS] AUD/USD | Price: 0.67018 | RSI: 47.7 | ADX: 42.9 | ML: UP(75%)
23:04:58 | [STRATEGY] Added synthetic ML BUY signal (conf: 0.75)
23:04:58 | [IDLE] Waiting for next market pulse...
23:05:08 | [36m[STATS][0m --- [CYCLE 78] ---
23:05:08 | [36m[STATS][0m Balance: 97973.15 | Equity: 97969.28 | Active: 3 | Margin: 97793.78 | Util: 0.2%
23:05:08 | [POSITION STATS] Open: 3 | Unrealized: $-3.87 | Daily Loss: $0.00/100.00
23:05:08 | [ANALYSIS] Examining EUR/USD | Time: 01:00 | Bars: 100
23:05:08 | [ANALYSIS] Examining GBP/USD | Time: 01:00 | Bars: 100
23:05:08 | [ANALYSIS] Examining USD/JPY | Time: 01:00 | Bars: 100
23:05:08 | [ANALYSIS] Examining AUD/USD | Time: 01:00 | Bars: 100
23:05:08 | [ANALYSIS] AUD/USD | Price: 0.67011 | RSI: 46.9 | ADX: 42.9 | ML: UP(75%)
23:05:08 | [STRATEGY] Added synthetic ML BUY signal (conf: 0.75)
23:05:08 | [IDLE] Waiting for next market pulse...
23:05:19 | [36m[STATS][0m --- [CYCLE 79] ---
23:05:19 | [36m[STATS][0m Balance: 97973.15 | Equity: 97969.62 | Active: 3 | Margin: 97794.12 | Util: 0.2%
23:05:19 | [POSITION STATS] Open: 3 | Unrealized: $-3.53 | Daily Loss: $0.00/100.00
23:05:19 | [ANALYSIS] Examining EUR/USD | Time: 01:00 | Bars: 100
23:05:19 | [ANALYSIS] Examining GBP/USD | Time: 01:00 | Bars: 100
23:05:19 | [ANALYSIS] Examining USD/JPY | Time: 01:00 | Bars: 100
23:05:19 | [ANALYSIS] Examining AUD/USD | Time: 01:00 | Bars: 100
23:05:19 | [ANALYSIS] AUD/USD | Price: 0.67009 | RSI: 46.7 | ADX: 42.9 | ML: UP(75%)
23:05:19 | [STRATEGY] Added synthetic ML BUY signal (conf: 0.75)
23:05:19 | [IDLE] Waiting for next market pulse...
23:05:29 | [36m[STATS][0m --- [CYCLE 80] ---
23:05:29 | [36m[STATS][0m Balance: 97973.15 | Equity: 97969.62 | Active: 3 | Margin: 97794.12 | Util: 0.2%
23:05:29 | [POSITION STATS] Open: 3 | Unrealized: $-3.53 | Daily Loss: $0.00/100.00
23:05:29 | [ANALYSIS] Examining EUR/USD | Time: 01:00 | Bars: 100
23:05:29 | [ANALYSIS] Examining GBP/USD | Time: 01:00 | Bars: 100
23:05:29 | [ANALYSIS] Examining USD/JPY | Time: 01:00 | Bars: 100
23:05:29 | [ANALYSIS] Examining AUD/USD | Time: 01:00 | Bars: 100
23:05:29 | [ANALYSIS] AUD/USD | Price: 0.67010 | RSI: 46.8 | ADX: 42.9 | ML: UP(75%)
23:05:29 | [STRATEGY] Added synthetic ML BUY signal (conf: 0.75)
23:05:29 | [SUMMARY] Risk: operational | Positions: 3 | Daily Trades: 0/5 | Exits: 0 (Market: 0, Admin: 0)
23:05:29 | [IDLE] Waiting for next market pulse...
23:05:39 | [36m[STATS][0m --- [CYCLE 81] ---
23:05:39 | [36m[STATS][0m Balance: 97973.15 | Equity: 97969.47 | Active: 3 | Margin: 97793.97 | Util: 0.2%
23:05:39 | [POSITION STATS] Open: 3 | Unrealized: $-3.68 | Daily Loss: $0.00/100.00
23:05:39 | [ANALYSIS] Examining EUR/USD | Time: 01:00 | Bars: 100
23:05:39 | [ANALYSIS] Examining GBP/USD | Time: 01:00 | Bars: 100
23:05:39 | [ANALYSIS] Examining USD/JPY | Time: 01:00 | Bars: 100
23:05:39 | [ANALYSIS] Examining AUD/USD | Time: 01:00 | Bars: 100
23:05:39 | [ANALYSIS] AUD/USD | Price: 0.67010 | RSI: 46.8 | ADX: 42.9 | ML: UP(75%)
23:05:39 | [STRATEGY] Added synthetic ML BUY signal (conf: 0.75)
23:05:39 | [IDLE] Waiting for next market pulse...
23:05:50 | [36m[STATS][0m --- [CYCLE 82] ---
23:05:50 | [36m[STATS][0m Balance: 97973.15 | Equity: 97969.45 | Active: 3 | Margin: 97793.95 | Util: 0.2%
23:05:50 | [POSITION STATS] Open: 3 | Unrealized: $-3.70 | Daily Loss: $0.00/100.00
23:05:50 | [ANALYSIS] Examining EUR/USD | Time: 01:00 | Bars: 100
23:05:50 | [ANALYSIS] Examining GBP/USD | Time: 01:00 | Bars: 100
23:05:50 | [ANALYSIS] Examining USD/JPY | Time: 01:00 | Bars: 100
23:05:50 | [ANALYSIS] Examining AUD/USD | Time: 01:00 | Bars: 100
23:05:50 | [ANALYSIS] AUD/USD | Price: 0.67011 | RSI: 46.9 | ADX: 42.9 | ML: UP(75%)
23:05:50 | [STRATEGY] Added synthetic ML BUY signal (conf: 0.75)
23:05:50 | [IDLE] Waiting for next market pulse...
23:06:00 | [36m[STATS][0m --- [CYCLE 83] ---
23:06:00 | [36m[STATS][0m Balance: 97973.15 | Equity: 97969.25 | Active: 3 | Margin: 97793.75 | Util: 0.2%
23:06:00 | [POSITION STATS] Open: 3 | Unrealized: $-3.90 | Daily Loss: $0.00/100.00
23:06:00 | [ANALYSIS] Examining EUR/USD | Time: 01:00 | Bars: 100
23:06:00 | [ANALYSIS] Examining GBP/USD | Time: 01:00 | Bars: 100
23:06:00 | [ANALYSIS] Examining USD/JPY | Time: 01:00 | Bars: 100
23:06:00 | [ANALYSIS] Examining AUD/USD | Time: 01:00 | Bars: 100
23:06:00 | [ANALYSIS] AUD/USD | Price: 0.67012 | RSI: 47.0 | ADX: 42.9 | ML: UP(75%)
23:06:00 | [STRATEGY] Added synthetic ML BUY signal (conf: 0.75)
23:06:00 | [IDLE] Waiting for next market pulse...
23:06:10 | [36m[STATS][0m --- [CYCLE 84] ---
23:06:10 | [36m[STATS][0m Balance: 97973.15 | Equity: 97969.18 | Active: 3 | Margin: 97793.68 | Util: 0.2%
23:06:10 | [POSITION STATS] Open: 3 | Unrealized: $-3.97 | Daily Loss: $0.00/100.00
23:06:10 | [ANALYSIS] Examining EUR/USD | Time: 01:00 | Bars: 100
23:06:10 | [ANALYSIS] Examining GBP/USD | Time: 01:00 | Bars: 100
23:06:10 | [ANALYSIS] Examining USD/JPY | Time: 01:00 | Bars: 100
23:06:10 | [ANALYSIS] Examining AUD/USD | Time: 01:00 | Bars: 100
23:06:10 | [ANALYSIS] AUD/USD | Price: 0.67012 | RSI: 47.0 | ADX: 42.9 | ML: UP(75%)
23:06:10 | [STRATEGY] Added synthetic ML BUY signal (conf: 0.75)
23:06:10 | [IDLE] Waiting for next market pulse...
23:06:21 | [36m[STATS][0m --- [CYCLE 85] ---
23:06:21 | [36m[STATS][0m Balance: 97973.15 | Equity: 97969.12 | Active: 3 | Margin: 97793.62 | Util: 0.2%
23:06:21 | [POSITION STATS] Open: 3 | Unrealized: $-4.03 | Daily Loss: $0.00/100.00
23:06:21 | [ANALYSIS] Examining EUR/USD | Time: 01:00 | Bars: 100
23:06:21 | [ANALYSIS] Examining GBP/USD | Time: 01:00 | Bars: 100
23:06:21 | [ANALYSIS] Examining USD/JPY | Time: 01:00 | Bars: 100
23:06:21 | [ANALYSIS] Examining AUD/USD | Time: 01:00 | Bars: 100
23:06:21 | [ANALYSIS] AUD/USD | Price: 0.67011 | RSI: 46.9 | ADX: 42.9 | ML: UP(75%)
23:06:21 | [STRATEGY] Added synthetic ML BUY signal (conf: 0.75)
23:06:21 | [SUMMARY] Risk: operational | Positions: 3 | Daily Trades: 0/5 | Exits: 0 (Market: 0, Admin: 0)
23:06:21 | [IDLE] Waiting for next market pulse...
23:06:31 | [36m[STATS][0m --- [CYCLE 86] ---
23:06:31 | [36m[STATS][0m Balance: 97973.15 | Equity: 97969.09 | Active: 3 | Margin: 97793.59 | Util: 0.2%
23:06:31 | [POSITION STATS] Open: 3 | Unrealized: $-4.06 | Daily Loss: $0.00/100.00
23:06:31 | [ANALYSIS] Examining EUR/USD | Time: 01:00 | Bars: 100
23:06:31 | [ANALYSIS] Examining GBP/USD | Time: 01:00 | Bars: 100
23:06:31 | [ANALYSIS] Examining USD/JPY | Time: 01:00 | Bars: 100
23:06:31 | [ANALYSIS] Examining AUD/USD | Time: 01:00 | Bars: 100
23:06:31 | [ANALYSIS] AUD/USD | Price: 0.67011 | RSI: 46.9 | ADX: 42.9 | ML: UP(75%)
23:06:31 | [STRATEGY] Added synthetic ML BUY signal (conf: 0.75)
23:06:31 | [IDLE] Waiting for next market pulse...
23:06:41 | [36m[STATS][0m --- [CYCLE 87] ---
23:06:41 | [36m[STATS][0m Balance: 97973.15 | Equity: 97968.89 | Active: 3 | Margin: 97793.39 | Util: 0.2%
23:06:41 | [POSITION STATS] Open: 3 | Unrealized: $-4.26 | Daily Loss: $0.00/100.00
23:06:41 | [ANALYSIS] Examining EUR/USD | Time: 01:00 | Bars: 100
23:06:41 | [ANALYSIS] Examining GBP/USD | Time: 01:00 | Bars: 100
23:06:41 | [ANALYSIS] Examining USD/JPY | Time: 01:00 | Bars: 100
23:06:41 | [ANALYSIS] Examining AUD/USD | Time: 01:00 | Bars: 100
23:06:41 | [ANALYSIS] AUD/USD | Price: 0.67011 | RSI: 46.9 | ADX: 42.9 | ML: UP(75%)
23:06:41 | [STRATEGY] Added synthetic ML BUY signal (conf: 0.75)
23:06:41 | [IDLE] Waiting for next market pulse...
23:06:52 | [36m[STATS][0m --- [CYCLE 88] ---
23:06:52 | [36m[STATS][0m Balance: 97973.15 | Equity: 97968.87 | Active: 3 | Margin: 97793.37 | Util: 0.2%
23:06:52 | [POSITION STATS] Open: 3 | Unrealized: $-4.28 | Daily Loss: $0.00/100.00
23:06:52 | [ANALYSIS] Examining EUR/USD | Time: 01:00 | Bars: 100
23:06:52 | [ANALYSIS] Examining GBP/USD | Time: 01:00 | Bars: 100
23:06:52 | [ANALYSIS] Examining USD/JPY | Time: 01:00 | Bars: 100
23:06:52 | [ANALYSIS] Examining AUD/USD | Time: 01:00 | Bars: 100
23:06:52 | [ANALYSIS] AUD/USD | Price: 0.67011 | RSI: 46.9 | ADX: 42.9 | ML: UP(75%)
23:06:52 | [STRATEGY] Added synthetic ML BUY signal (conf: 0.75)
23:06:52 | [IDLE] Waiting for next market pulse...
23:07:02 | [36m[STATS][0m --- [CYCLE 89] ---
23:07:02 | [36m[STATS][0m Balance: 97973.15 | Equity: 97968.64 | Active: 3 | Margin: 97793.14 | Util: 0.2%
23:07:02 | [POSITION STATS] Open: 3 | Unrealized: $-4.51 | Daily Loss: $0.00/100.00
23:07:02 | [ANALYSIS] Examining EUR/USD | Time: 01:00 | Bars: 100
23:07:02 | [ANALYSIS] Examining GBP/USD | Time: 01:00 | Bars: 100
23:07:02 | [ANALYSIS] Examining USD/JPY | Time: 01:00 | Bars: 100
23:07:02 | [ANALYSIS] Examining AUD/USD | Time: 01:00 | Bars: 100
23:07:02 | [ANALYSIS] AUD/USD | Price: 0.67012 | RSI: 47.0 | ADX: 42.9 | ML: UP(75%)
23:07:02 | [STRATEGY] Added synthetic ML BUY signal (conf: 0.75)
23:07:02 | [IDLE] Waiting for next market pulse...
23:07:12 | [36m[STATS][0m --- [CYCLE 90] ---
23:07:12 | [36m[STATS][0m Balance: 97973.15 | Equity: 97968.72 | Active: 3 | Margin: 97793.22 | Util: 0.2%
23:07:12 | [POSITION STATS] Open: 3 | Unrealized: $-4.43 | Daily Loss: $0.00/100.00
23:07:12 | [ANALYSIS] Examining EUR/USD | Time: 01:00 | Bars: 100
23:07:12 | [ANALYSIS] Examining GBP/USD | Time: 01:00 | Bars: 100
23:07:12 | [ANALYSIS] Examining USD/JPY | Time: 01:00 | Bars: 100
23:07:12 | [ANALYSIS] Examining AUD/USD | Time: 01:00 | Bars: 100
23:07:12 | [ANALYSIS] AUD/USD | Price: 0.67012 | RSI: 47.0 | ADX: 42.9 | ML: UP(75%)
23:07:12 | [STRATEGY] Added synthetic ML BUY signal (conf: 0.75)
23:07:12 | [SUMMARY] Risk: operational | Positions: 3 | Daily Trades: 0/5 | Exits: 0 (Market: 0, Admin: 0)
23:07:12 | [IDLE] Waiting for next market pulse...
23:07:23 | [36m[STATS][0m --- [CYCLE 91] ---
23:07:23 | [36m[STATS][0m Balance: 97973.15 | Equity: 97969.07 | Active: 3 | Margin: 97793.57 | Util: 0.2%
23:07:23 | [POSITION STATS] Open: 3 | Unrealized: $-4.08 | Daily Loss: $0.00/100.00
23:07:23 | [ANALYSIS] Examining EUR/USD | Time: 01:00 | Bars: 100
23:07:23 | [ANALYSIS] Examining GBP/USD | Time: 01:00 | Bars: 100
23:07:23 | [ANALYSIS] Examining USD/JPY | Time: 01:00 | Bars: 100
23:07:23 | [ANALYSIS] Examining AUD/USD | Time: 01:00 | Bars: 100
23:07:23 | [ANALYSIS] AUD/USD | Price: 0.67010 | RSI: 46.8 | ADX: 42.9 | ML: UP(75%)
23:07:23 | [STRATEGY] Added synthetic ML BUY signal (conf: 0.75)
23:07:23 | [IDLE] Waiting for next market pulse...
23:07:33 | [36m[STATS][0m --- [CYCLE 92] ---
23:07:33 | [36m[STATS][0m Balance: 97973.15 | Equity: 97969.09 | Active: 3 | Margin: 97793.59 | Util: 0.2%
23:07:33 | [POSITION STATS] Open: 3 | Unrealized: $-4.06 | Daily Loss: $0.00/100.00
23:07:33 | [ANALYSIS] Examining EUR/USD | Time: 01:00 | Bars: 100
23:07:33 | [ANALYSIS] Examining GBP/USD | Time: 01:00 | Bars: 100
23:07:33 | [ANALYSIS] Examining USD/JPY | Time: 01:00 | Bars: 100
23:07:33 | [ANALYSIS] Examining AUD/USD | Time: 01:00 | Bars: 100
23:07:33 | [ANALYSIS] AUD/USD | Price: 0.67011 | RSI: 46.9 | ADX: 42.9 | ML: UP(75%)
23:07:33 | [STRATEGY] Added synthetic ML BUY signal (conf: 0.75)
23:07:33 | [IDLE] Waiting for next market pulse...
23:07:43 | [36m[STATS][0m --- [CYCLE 93] ---
23:07:43 | [36m[STATS][0m Balance: 97973.15 | Equity: 97969.09 | Active: 3 | Margin: 97793.59 | Util: 0.2%
23:07:43 | [POSITION STATS] Open: 3 | Unrealized: $-4.06 | Daily Loss: $0.00/100.00
23:07:43 | [ANALYSIS] Examining EUR/USD | Time: 01:00 | Bars: 100
23:07:43 | [ANALYSIS] Examining GBP/USD | Time: 01:00 | Bars: 100
23:07:43 | [ANALYSIS] Examining USD/JPY | Time: 01:00 | Bars: 100
23:07:43 | [ANALYSIS] Examining AUD/USD | Time: 01:00 | Bars: 100
23:07:43 | [ANALYSIS] AUD/USD | Price: 0.67009 | RSI: 46.7 | ADX: 42.9 | ML: UP(75%)
23:07:43 | [STRATEGY] Added synthetic ML BUY signal (conf: 0.75)
23:07:43 | [IDLE] Waiting for next market pulse...
23:07:54 | [36m[STATS][0m --- [CYCLE 94] ---
23:07:54 | [36m[STATS][0m Balance: 97973.15 | Equity: 97969.05 | Active: 3 | Margin: 97793.55 | Util: 0.2%
23:07:54 | [POSITION STATS] Open: 3 | Unrealized: $-4.10 | Daily Loss: $0.00/100.00
23:07:54 | [ANALYSIS] Examining EUR/USD | Time: 01:00 | Bars: 100
23:07:54 | [ANALYSIS] Examining GBP/USD | Time: 01:00 | Bars: 100
23:07:54 | [ANALYSIS] Examining USD/JPY | Time: 01:00 | Bars: 100
23:07:54 | [ANALYSIS] Examining AUD/USD | Time: 01:00 | Bars: 100
23:07:54 | [ANALYSIS] AUD/USD | Price: 0.67007 | RSI: 46.5 | ADX: 42.9 | ML: UP(75%)
23:07:54 | [STRATEGY] Added synthetic ML BUY signal (conf: 0.75)
23:07:54 | [IDLE] Waiting for next market pulse...
23:08:04 | [36m[STATS][0m --- [CYCLE 95] ---
23:08:04 | [36m[STATS][0m Balance: 97973.15 | Equity: 97968.90 | Active: 3 | Margin: 97793.40 | Util: 0.2%
23:08:04 | [POSITION STATS] Open: 3 | Unrealized: $-4.25 | Daily Loss: $0.00/100.00
23:08:04 | [ANALYSIS] Examining EUR/USD | Time: 01:00 | Bars: 100
23:08:04 | [ANALYSIS] Examining GBP/USD | Time: 01:00 | Bars: 100
23:08:04 | [ANALYSIS] Examining USD/JPY | Time: 01:00 | Bars: 100
23:08:04 | [ANALYSIS] Examining AUD/USD | Time: 01:00 | Bars: 100
23:08:04 | [ANALYSIS] AUD/USD | Price: 0.67007 | RSI: 46.5 | ADX: 42.9 | ML: UP(75%)
23:08:04 | [STRATEGY] Added synthetic ML BUY signal (conf: 0.75)
23:08:04 | [SUMMARY] Risk: operational | Positions: 3 | Daily Trades: 0/5 | Exits: 0 (Market: 0, Admin: 0)
23:08:04 | [IDLE] Waiting for next market pulse...
23:08:14 | [36m[STATS][0m --- [CYCLE 96] ---
23:08:14 | [36m[STATS][0m Balance: 97973.15 | Equity: 97969.00 | Active: 3 | Margin: 97793.50 | Util: 0.2%
23:08:14 | [POSITION STATS] Open: 3 | Unrealized: $-4.15 | Daily Loss: $0.00/100.00
23:08:14 | [ANALYSIS] Examining EUR/USD | Time: 01:00 | Bars: 100
23:08:14 | [ANALYSIS] Examining GBP/USD | Time: 01:00 | Bars: 100
23:08:14 | [ANALYSIS] Examining USD/JPY | Time: 01:00 | Bars: 100
23:08:14 | [ANALYSIS] Examining AUD/USD | Time: 01:00 | Bars: 100
23:08:14 | [ANALYSIS] AUD/USD | Price: 0.67007 | RSI: 46.5 | ADX: 42.9 | ML: UP(75%)
23:08:14 | [STRATEGY] Added synthetic ML BUY signal (conf: 0.75)
23:08:14 | [IDLE] Waiting for next market pulse...
23:08:25 | [36m[STATS][0m --- [CYCLE 97] ---
23:08:25 | [36m[STATS][0m Balance: 97973.15 | Equity: 97969.36 | Active: 3 | Margin: 97793.86 | Util: 0.2%
23:08:25 | [POSITION STATS] Open: 3 | Unrealized: $-3.79 | Daily Loss: $0.00/100.00
23:08:25 | [ANALYSIS] Examining EUR/USD | Time: 01:00 | Bars: 100
23:08:25 | [ANALYSIS] Examining GBP/USD | Time: 01:00 | Bars: 100
23:08:25 | [ANALYSIS] Examining USD/JPY | Time: 01:00 | Bars: 100
23:08:25 | [ANALYSIS] Examining AUD/USD | Time: 01:00 | Bars: 100
23:08:25 | [ANALYSIS] AUD/USD | Price: 0.67007 | RSI: 46.5 | ADX: 42.9 | ML: UP(75%)
23:08:25 | [STRATEGY] Added synthetic ML BUY signal (conf: 0.75)
23:08:25 | [IDLE] Waiting for next market pulse...
23:08:35 | [36m[STATS][0m --- [CYCLE 98] ---
23:08:35 | [36m[STATS][0m Balance: 97973.15 | Equity: 97968.96 | Active: 3 | Margin: 97793.46 | Util: 0.2%
23:08:35 | [POSITION STATS] Open: 3 | Unrealized: $-4.19 | Daily Loss: $0.00/100.00
23:08:35 | [ANALYSIS] Examining EUR/USD | Time: 01:00 | Bars: 100
23:08:35 | [ANALYSIS] Examining GBP/USD | Time: 01:00 | Bars: 100
23:08:35 | [ANALYSIS] Examining USD/JPY | Time: 01:00 | Bars: 100
23:08:35 | [ANALYSIS] Examining AUD/USD | Time: 01:00 | Bars: 100
23:08:35 | [ANALYSIS] AUD/USD | Price: 0.67003 | RSI: 46.2 | ADX: 42.9 | ML: UP(75%)
23:08:35 | [STRATEGY] Added synthetic ML BUY signal (conf: 0.75)
23:08:35 | [IDLE] Waiting for next market pulse...
23:08:45 | [36m[STATS][0m --- [CYCLE 99] ---
23:08:45 | [36m[STATS][0m Balance: 97973.15 | Equity: 97968.91 | Active: 3 | Margin: 97793.41 | Util: 0.2%
23:08:45 | [POSITION STATS] Open: 3 | Unrealized: $-4.24 | Daily Loss: $0.00/100.00
23:08:45 | [ANALYSIS] Examining EUR/USD | Time: 01:00 | Bars: 100
23:08:45 | [ANALYSIS] Examining GBP/USD | Time: 01:00 | Bars: 100
23:08:45 | [ANALYSIS] Examining USD/JPY | Time: 01:00 | Bars: 100
23:08:45 | [ANALYSIS] Examining AUD/USD | Time: 01:00 | Bars: 100
23:08:45 | [ANALYSIS] AUD/USD | Price: 0.67006 | RSI: 46.4 | ADX: 42.9 | ML: UP(75%)
23:08:45 | [STRATEGY] Added synthetic ML BUY signal (conf: 0.75)
23:08:45 | [IDLE] Waiting for next market pulse...
23:08:56 | [36m[STATS][0m --- [CYCLE 100] ---
23:08:56 | [36m[STATS][0m Balance: 97973.15 | Equity: 97968.55 | Active: 3 | Margin: 97793.05 | Util: 0.2%
23:08:56 | [POSITION STATS] Open: 3 | Unrealized: $-4.60 | Daily Loss: $0.00/100.00
23:08:56 | [ANALYSIS] Examining EUR/USD | Time: 01:00 | Bars: 100
23:08:56 | [ANALYSIS] Examining GBP/USD | Time: 01:00 | Bars: 100
23:08:56 | [ANALYSIS] Examining USD/JPY | Time: 01:00 | Bars: 100
23:08:56 | [ANALYSIS] Examining AUD/USD | Time: 01:00 | Bars: 100
23:08:56 | [ANALYSIS] AUD/USD | Price: 0.67009 | RSI: 46.7 | ADX: 42.9 | ML: UP(75%)
23:08:56 | [STRATEGY] Added synthetic ML BUY signal (conf: 0.75)
23:08:56 | [SUMMARY] Risk: operational | Positions: 3 | Daily Trades: 0/5 | Exits: 0 (Market: 0, Admin: 0)
23:08:56 | [IDLE] Waiting for next market pulse...
23:09:06 | [36m[STATS][0m --- [CYCLE 101] ---
23:09:06 | [36m[STATS][0m Balance: 97973.15 | Equity: 97968.52 | Active: 3 | Margin: 97793.02 | Util: 0.2%
23:09:06 | [POSITION STATS] Open: 3 | Unrealized: $-4.63 | Daily Loss: $0.00/100.00
23:09:06 | [ANALYSIS] Examining EUR/USD | Time: 01:00 | Bars: 100
23:09:06 | [ANALYSIS] Examining GBP/USD | Time: 01:00 | Bars: 100
23:09:06 | [ANALYSIS] Examining USD/JPY | Time: 01:00 | Bars: 100
23:09:06 | [ANALYSIS] Examining AUD/USD | Time: 01:00 | Bars: 100
23:09:06 | [ANALYSIS] AUD/USD | Price: 0.67007 | RSI: 46.5 | ADX: 42.9 | ML: UP(75%)
23:09:06 | [STRATEGY] Added synthetic ML BUY signal (conf: 0.75)
23:09:06 | [IDLE] Waiting for next market pulse...
23:09:16 | [36m[STATS][0m --- [CYCLE 102] ---
23:09:16 | [36m[STATS][0m Balance: 97973.15 | Equity: 97968.52 | Active: 3 | Margin: 97793.02 | Util: 0.2%
23:09:16 | [POSITION STATS] Open: 3 | Unrealized: $-4.63 | Daily Loss: $0.00/100.00
23:09:16 | [ANALYSIS] Examining EUR/USD | Time: 01:00 | Bars: 100
23:09:16 | [ANALYSIS] Examining GBP/USD | Time: 01:00 | Bars: 100
23:09:16 | [ANALYSIS] Examining USD/JPY | Time: 01:00 | Bars: 100
23:09:16 | [ANALYSIS] Examining AUD/USD | Time: 01:00 | Bars: 100
23:09:16 | [ANALYSIS] AUD/USD | Price: 0.67007 | RSI: 46.5 | ADX: 42.9 | ML: UP(75%)
23:09:16 | [STRATEGY] Added synthetic ML BUY signal (conf: 0.75)
23:09:16 | [IDLE] Waiting for next market pulse...
23:09:27 | [36m[STATS][0m --- [CYCLE 103] ---
23:09:27 | [36m[STATS][0m Balance: 97973.15 | Equity: 97968.67 | Active: 3 | Margin: 97793.17 | Util: 0.2%
23:09:27 | [POSITION STATS] Open: 3 | Unrealized: $-4.48 | Daily Loss: $0.00/100.00
23:09:27 | [ANALYSIS] Examining EUR/USD | Time: 01:00 | Bars: 100
23:09:27 | [ANALYSIS] Examining GBP/USD | Time: 01:00 | Bars: 100
23:09:27 | [ANALYSIS] Examining USD/JPY | Time: 01:00 | Bars: 100
23:09:27 | [ANALYSIS] Examining AUD/USD | Time: 01:00 | Bars: 100
23:09:27 | [ANALYSIS] AUD/USD | Price: 0.67007 | RSI: 46.5 | ADX: 42.9 | ML: UP(75%)
23:09:27 | [STRATEGY] Added synthetic ML BUY signal (conf: 0.75)
23:09:27 | [IDLE] Waiting for next market pulse...
23:09:37 | [36m[STATS][0m --- [CYCLE 104] ---
23:09:37 | [36m[STATS][0m Balance: 97973.15 | Equity: 97968.70 | Active: 3 | Margin: 97793.20 | Util: 0.2%
23:09:37 | [POSITION STATS] Open: 3 | Unrealized: $-4.45 | Daily Loss: $0.00/100.00
23:09:37 | [ANALYSIS] Examining EUR/USD | Time: 01:00 | Bars: 100
23:09:37 | [ANALYSIS] Examining GBP/USD | Time: 01:00 | Bars: 100
23:09:37 | [ANALYSIS] Examining USD/JPY | Time: 01:00 | Bars: 100
23:09:37 | [ANALYSIS] Examining AUD/USD | Time: 01:00 | Bars: 100
23:09:37 | [ANALYSIS] AUD/USD | Price: 0.67007 | RSI: 46.5 | ADX: 42.9 | ML: UP(75%)
23:09:37 | [STRATEGY] Added synthetic ML BUY signal (conf: 0.75)
23:09:37 | [IDLE] Waiting for next market pulse...
23:09:47 | [36m[STATS][0m --- [CYCLE 105] ---
23:09:47 | [36m[STATS][0m Balance: 97973.15 | Equity: 97968.75 | Active: 3 | Margin: 97793.25 | Util: 0.2%
23:09:47 | [POSITION STATS] Open: 3 | Unrealized: $-4.40 | Daily Loss: $0.00/100.00
23:09:47 | [ANALYSIS] Examining EUR/USD | Time: 01:00 | Bars: 100
23:09:47 | [ANALYSIS] Examining GBP/USD | Time: 01:00 | Bars: 100
23:09:47 | [ANALYSIS] Examining USD/JPY | Time: 01:00 | Bars: 100
23:09:47 | [ANALYSIS] Examining AUD/USD | Time: 01:00 | Bars: 100
23:09:47 | [ANALYSIS] AUD/USD | Price: 0.67002 | RSI: 46.1 | ADX: 42.9 | ML: UP(75%)
23:09:47 | [STRATEGY] Added synthetic ML BUY signal (conf: 0.75)
23:09:47 | SL/TP Details: Entry=0.67012, ATR=0.00075, sl_dist=0.00747, tp_dist=0.02241, SL=0.66265, TP=0.69253
23:09:47 | ATR-based SL/TP: Entry=0.67012, Dir=LONG, SL=0.66265, TP=0.69253, Period=14, RR=3.0
23:09:47 | [SIGNAL ACCEPTED] AUD/USD | Quality: 79% | Entry: 0.67012
23:09:47 | SL/TP Details: Entry=0.67012, ATR=0.00075, sl_dist=0.00747, tp_dist=0.01121, SL=0.66265, TP=0.68133
23:09:47 | [1;36m[SIGNAL][0m AUD/USD | LONG | Entry=0.67012 | SL=0.66265 | TP=0.68133 | Confidence=0.39
23:09:47 | [1;33m[DECISION][0m AUD/USD | LONG @ 0.67012 | SL: 0.66265 | TP: 0.68133
23:09:47 | [1;33m[ACTION][0m Risk OK | Score: 0.02 | RawSize: 0.9800% | EquitySize: 19.5938 | Final: 0.05 lots
23:09:47 | Executing order order_1767913787 for AUD/USD
23:09:47 | Using filling mode: 0 for AUD/USD
23:09:47 | Order placed successfully: 54610340437
23:09:47 | Order order_1767913787 executed: success=True, price=0.6701
23:09:47 | [92m[OPEN] AUD/USD | LONG | Qty=0.010 lots | Entry=0.67012 | SL=0.66265 | TP=0.68133 | Order: 54610340437[0m
23:09:47 | [SUMMARY] Risk: operational | Positions: 3 | Daily Trades: 1/5 | Exits: 0 (Market: 0, Admin: 0)
23:09:47 | [IDLE] Waiting for next market pulse...
23:09:58 | [36m[STATS][0m --- [CYCLE 106] ---
23:09:58 | [36m[STATS][0m Balance: 97973.15 | Equity: 97968.15 | Active: 4 | Margin: 97759.14 | Util: 0.2%
23:09:58 | [POSITION STATS] Open: 4 | Unrealized: $-5.00 | Daily Loss: $0.00/100.00
23:09:58 | [ANALYSIS] Examining EUR/USD | Time: 01:00 | Bars: 100
23:09:58 | [ANALYSIS] Examining GBP/USD | Time: 01:00 | Bars: 100
23:09:58 | [ANALYSIS] Examining USD/JPY | Time: 01:00 | Bars: 100
23:09:58 | [ANALYSIS] Examining AUD/USD | Time: 01:00 | Bars: 100
23:09:58 | [IDLE] Waiting for next market pulse...
23:10:08 | [36m[STATS][0m --- [CYCLE 107] ---
23:10:08 | [36m[STATS][0m Balance: 97973.15 | Equity: 97967.87 | Active: 4 | Margin: 97758.86 | Util: 0.2%
23:10:08 | [POSITION STATS] Open: 4 | Unrealized: $-5.28 | Daily Loss: $0.00/100.00
23:10:08 | [ANALYSIS] Examining EUR/USD | Time: 01:00 | Bars: 100
23:10:08 | [ANALYSIS] Examining GBP/USD | Time: 01:00 | Bars: 100
23:10:08 | [ANALYSIS] Examining USD/JPY | Time: 01:00 | Bars: 100
23:10:08 | [ANALYSIS] Examining AUD/USD | Time: 01:00 | Bars: 100
23:10:08 | [IDLE] Waiting for next market pulse...
23:10:18 | [36m[STATS][0m --- [CYCLE 108] ---
23:10:18 | [36m[STATS][0m Balance: 97973.15 | Equity: 97967.64 | Active: 4 | Margin: 97758.63 | Util: 0.2%
23:10:18 | [POSITION STATS] Open: 4 | Unrealized: $-5.51 | Daily Loss: $0.00/100.00
23:10:18 | [ANALYSIS] Examining EUR/USD | Time: 01:00 | Bars: 100
23:10:18 | [ANALYSIS] Examining GBP/USD | Time: 01:00 | Bars: 100
23:10:18 | [ANALYSIS] Examining USD/JPY | Time: 01:00 | Bars: 100
23:10:18 | [ANALYSIS] Examining AUD/USD | Time: 01:00 | Bars: 100
23:10:18 | [IDLE] Waiting for next market pulse...
23:10:29 | [36m[STATS][0m --- [CYCLE 109] ---
23:10:29 | [36m[STATS][0m Balance: 97973.15 | Equity: 97967.21 | Active: 4 | Margin: 97758.20 | Util: 0.2%
23:10:29 | [POSITION STATS] Open: 4 | Unrealized: $-5.94 | Daily Loss: $0.00/100.00
23:10:29 | [ANALYSIS] Examining EUR/USD | Time: 01:00 | Bars: 100
23:10:29 | [ANALYSIS] Examining GBP/USD | Time: 01:00 | Bars: 100
23:10:29 | [ANALYSIS] Examining USD/JPY | Time: 01:00 | Bars: 100
23:10:29 | [ANALYSIS] Examining AUD/USD | Time: 01:00 | Bars: 100
23:10:29 | [IDLE] Waiting for next market pulse...
23:10:39 | [36m[STATS][0m --- [CYCLE 110] ---
23:10:39 | [36m[STATS][0m Balance: 97973.15 | Equity: 97967.11 | Active: 4 | Margin: 97758.10 | Util: 0.2%
23:10:39 | [POSITION STATS] Open: 4 | Unrealized: $-6.04 | Daily Loss: $0.00/100.00
23:10:39 | [ANALYSIS] Examining EUR/USD | Time: 01:00 | Bars: 100
23:10:39 | [ANALYSIS] Examining GBP/USD | Time: 01:00 | Bars: 100
23:10:39 | [ANALYSIS] Examining USD/JPY | Time: 01:00 | Bars: 100
23:10:39 | [ANALYSIS] Examining AUD/USD | Time: 01:00 | Bars: 100
23:10:39 | [SUMMARY] Risk: operational | Positions: 4 | Daily Trades: 1/5 | Exits: 0 (Market: 0, Admin: 0)
23:10:39 | [IDLE] Waiting for next market pulse...
23:10:49 | [36m[STATS][0m --- [CYCLE 111] ---
23:10:49 | [36m[STATS][0m Balance: 97973.15 | Equity: 97967.38 | Active: 4 | Margin: 97758.37 | Util: 0.2%
23:10:49 | [POSITION STATS] Open: 4 | Unrealized: $-5.77 | Daily Loss: $0.00/100.00
23:10:49 | [ANALYSIS] Examining EUR/USD | Time: 01:00 | Bars: 100
23:10:49 | [ANALYSIS] Examining GBP/USD | Time: 01:00 | Bars: 100
23:10:49 | [ANALYSIS] Examining USD/JPY | Time: 01:00 | Bars: 100
23:10:49 | [ANALYSIS] Examining AUD/USD | Time: 01:00 | Bars: 100
23:10:49 | [IDLE] Waiting for next market pulse...
23:11:00 | [36m[STATS][0m --- [CYCLE 112] ---
23:11:00 | [36m[STATS][0m Balance: 97973.15 | Equity: 97967.38 | Active: 4 | Margin: 97758.37 | Util: 0.2%
23:11:00 | [POSITION STATS] Open: 4 | Unrealized: $-5.77 | Daily Loss: $0.00/100.00
23:11:00 | [ANALYSIS] Examining EUR/USD | Time: 01:00 | Bars: 100
23:11:00 | [ANALYSIS] Examining GBP/USD | Time: 01:00 | Bars: 100
23:11:00 | [ANALYSIS] Examining USD/JPY | Time: 01:00 | Bars: 100
23:11:00 | [ANALYSIS] Examining AUD/USD | Time: 01:00 | Bars: 100
23:11:00 | [IDLE] Waiting for next market pulse...
23:11:10 | [36m[STATS][0m --- [CYCLE 113] ---
23:11:10 | [36m[STATS][0m Balance: 97973.15 | Equity: 97967.33 | Active: 4 | Margin: 97758.32 | Util: 0.2%
23:11:10 | [POSITION STATS] Open: 4 | Unrealized: $-5.82 | Daily Loss: $0.00/100.00
23:11:10 | [ANALYSIS] Examining EUR/USD | Time: 01:00 | Bars: 100
23:11:10 | [ANALYSIS] Examining GBP/USD | Time: 01:00 | Bars: 100
23:11:10 | [ANALYSIS] Examining USD/JPY | Time: 01:00 | Bars: 100
23:11:10 | [ANALYSIS] Examining AUD/USD | Time: 01:00 | Bars: 100
23:11:10 | [IDLE] Waiting for next market pulse...
23:11:20 | [36m[STATS][0m --- [CYCLE 114] ---
23:11:20 | [36m[STATS][0m Balance: 97973.15 | Equity: 97967.28 | Active: 4 | Margin: 97758.27 | Util: 0.2%
23:11:20 | [POSITION STATS] Open: 4 | Unrealized: $-5.87 | Daily Loss: $0.00/100.00
23:11:20 | [ANALYSIS] Examining EUR/USD | Time: 01:00 | Bars: 100
23:11:20 | [ANALYSIS] Examining GBP/USD | Time: 01:00 | Bars: 100
23:11:20 | [ANALYSIS] Examining USD/JPY | Time: 01:00 | Bars: 100
23:11:20 | [ANALYSIS] Examining AUD/USD | Time: 01:00 | Bars: 100
23:11:20 | [IDLE] Waiting for next market pulse...
23:11:31 | [36m[STATS][0m --- [CYCLE 115] ---
23:11:31 | [36m[STATS][0m Balance: 97973.15 | Equity: 97967.33 | Active: 4 | Margin: 97758.32 | Util: 0.2%
23:11:31 | [POSITION STATS] Open: 4 | Unrealized: $-5.82 | Daily Loss: $0.00/100.00
23:11:31 | [ANALYSIS] Examining EUR/USD | Time: 01:00 | Bars: 100
23:11:31 | [ANALYSIS] Examining GBP/USD | Time: 01:00 | Bars: 100
23:11:31 | [ANALYSIS] Examining USD/JPY | Time: 01:00 | Bars: 100
23:11:31 | [ANALYSIS] Examining AUD/USD | Time: 01:00 | Bars: 100
23:11:31 | [SUMMARY] Risk: operational | Positions: 4 | Daily Trades: 1/5 | Exits: 0 (Market: 0, Admin: 0)
23:11:31 | [IDLE] Waiting for next market pulse...
23:11:41 | [36m[STATS][0m --- [CYCLE 116] ---
23:11:41 | [36m[STATS][0m Balance: 97973.15 | Equity: 97967.41 | Active: 4 | Margin: 97758.40 | Util: 0.2%
23:11:41 | [POSITION STATS] Open: 4 | Unrealized: $-5.74 | Daily Loss: $0.00/100.00
23:11:41 | [ANALYSIS] Examining EUR/USD | Time: 01:00 | Bars: 100
23:11:41 | [ANALYSIS] Examining GBP/USD | Time: 01:00 | Bars: 100
23:11:41 | [ANALYSIS] Examining USD/JPY | Time: 01:00 | Bars: 100
23:11:41 | [ANALYSIS] Examining AUD/USD | Time: 01:00 | Bars: 100
23:11:41 | [IDLE] Waiting for next market pulse...
23:11:51 | [36m[STATS][0m --- [CYCLE 117] ---
23:11:51 | [36m[STATS][0m Balance: 97973.15 | Equity: 97967.41 | Active: 4 | Margin: 97758.40 | Util: 0.2%
23:11:51 | [POSITION STATS] Open: 4 | Unrealized: $-5.74 | Daily Loss: $0.00/100.00
23:11:51 | [ANALYSIS] Examining EUR/USD | Time: 01:00 | Bars: 100
23:11:51 | [ANALYSIS] Examining GBP/USD | Time: 01:00 | Bars: 100
23:11:51 | [ANALYSIS] Examining USD/JPY | Time: 01:00 | Bars: 100
23:11:51 | [ANALYSIS] Examining AUD/USD | Time: 01:00 | Bars: 100
23:11:51 | [IDLE] Waiting for next market pulse...
23:12:02 | [36m[STATS][0m --- [CYCLE 118] ---
23:12:02 | [36m[STATS][0m Balance: 97973.15 | Equity: 97967.33 | Active: 4 | Margin: 97758.32 | Util: 0.2%
23:12:02 | [POSITION STATS] Open: 4 | Unrealized: $-5.82 | Daily Loss: $0.00/100.00
23:12:02 | [ANALYSIS] Examining EUR/USD | Time: 01:00 | Bars: 100
23:12:02 | [ANALYSIS] Examining GBP/USD | Time: 01:00 | Bars: 100
23:12:02 | [ANALYSIS] Examining USD/JPY | Time: 01:00 | Bars: 100
23:12:02 | [ANALYSIS] Examining AUD/USD | Time: 01:00 | Bars: 100
23:12:02 | [IDLE] Waiting for next market pulse...
23:12:12 | [36m[STATS][0m --- [CYCLE 119] ---
23:12:12 | [36m[STATS][0m Balance: 97973.15 | Equity: 97967.53 | Active: 4 | Margin: 97758.52 | Util: 0.2%
23:12:12 | [POSITION STATS] Open: 4 | Unrealized: $-5.62 | Daily Loss: $0.00/100.00
23:12:12 | [ANALYSIS] Examining EUR/USD | Time: 01:00 | Bars: 100
23:12:12 | [ANALYSIS] Examining GBP/USD | Time: 01:00 | Bars: 100
23:12:12 | [ANALYSIS] Examining USD/JPY | Time: 01:00 | Bars: 100
23:12:12 | [ANALYSIS] Examining AUD/USD | Time: 01:00 | Bars: 100
23:12:12 | [IDLE] Waiting for next market pulse...
23:12:22 | [36m[STATS][0m --- [CYCLE 120] ---
23:12:22 | [36m[STATS][0m Balance: 97973.15 | Equity: 97967.73 | Active: 4 | Margin: 97758.72 | Util: 0.2%
23:12:22 | [POSITION STATS] Open: 4 | Unrealized: $-5.42 | Daily Loss: $0.00/100.00
23:12:22 | [ANALYSIS] Examining EUR/USD | Time: 01:00 | Bars: 100
23:12:22 | [ANALYSIS] Examining GBP/USD | Time: 01:00 | Bars: 100
23:12:22 | [ANALYSIS] Examining USD/JPY | Time: 01:00 | Bars: 100
23:12:22 | [ANALYSIS] Examining AUD/USD | Time: 01:00 | Bars: 100
23:12:22 | [SUMMARY] Risk: operational | Positions: 4 | Daily Trades: 1/5 | Exits: 0 (Market: 0, Admin: 0)
23:12:22 | [IDLE] Waiting for next market pulse...
23:12:33 | [36m[STATS][0m --- [CYCLE 121] ---
23:12:33 | [36m[STATS][0m Balance: 97973.15 | Equity: 97967.73 | Active: 4 | Margin: 97758.72 | Util: 0.2%
23:12:33 | [POSITION STATS] Open: 4 | Unrealized: $-5.42 | Daily Loss: $0.00/100.00
23:12:33 | [ANALYSIS] Examining EUR/USD | Time: 01:00 | Bars: 100
23:12:33 | [ANALYSIS] Examining GBP/USD | Time: 01:00 | Bars: 100
23:12:33 | [ANALYSIS] Examining USD/JPY | Time: 01:00 | Bars: 100
23:12:33 | [ANALYSIS] Examining AUD/USD | Time: 01:00 | Bars: 100
23:12:33 | [IDLE] Waiting for next market pulse...
23:12:43 | [36m[STATS][0m --- [CYCLE 122] ---
23:12:43 | [36m[STATS][0m Balance: 97973.15 | Equity: 97967.76 | Active: 4 | Margin: 97758.75 | Util: 0.2%
23:12:43 | [POSITION STATS] Open: 4 | Unrealized: $-5.39 | Daily Loss: $0.00/100.00
23:12:43 | [ANALYSIS] Examining EUR/USD | Time: 01:00 | Bars: 100
23:12:43 | [ANALYSIS] Examining GBP/USD | Time: 01:00 | Bars: 100
23:12:43 | [ANALYSIS] Examining USD/JPY | Time: 01:00 | Bars: 100
23:12:43 | [ANALYSIS] Examining AUD/USD | Time: 01:00 | Bars: 100
23:12:43 | [IDLE] Waiting for next market pulse...
23:12:53 | [36m[STATS][0m --- [CYCLE 123] ---
23:12:53 | [36m[STATS][0m Balance: 97973.15 | Equity: 97967.89 | Active: 4 | Margin: 97758.88 | Util: 0.2%
23:12:53 | [POSITION STATS] Open: 4 | Unrealized: $-5.26 | Daily Loss: $0.00/100.00
23:12:53 | [ANALYSIS] Examining EUR/USD | Time: 01:00 | Bars: 100
23:12:53 | [ANALYSIS] Examining GBP/USD | Time: 01:00 | Bars: 100
23:12:53 | [ANALYSIS] Examining USD/JPY | Time: 01:00 | Bars: 100
23:12:53 | [ANALYSIS] Examining AUD/USD | Time: 01:00 | Bars: 100
23:12:53 | [IDLE] Waiting for next market pulse...
23:13:04 | [36m[STATS][0m --- [CYCLE 124] ---
23:13:04 | [36m[STATS][0m Balance: 97973.15 | Equity: 97967.71 | Active: 4 | Margin: 97758.70 | Util: 0.2%
23:13:04 | [POSITION STATS] Open: 4 | Unrealized: $-5.44 | Daily Loss: $0.00/100.00
23:13:04 | [ANALYSIS] Examining EUR/USD | Time: 01:00 | Bars: 100
23:13:04 | [ANALYSIS] Examining GBP/USD | Time: 01:00 | Bars: 100
23:13:04 | [ANALYSIS] Examining USD/JPY | Time: 01:00 | Bars: 100
23:13:04 | [ANALYSIS] Examining AUD/USD | Time: 01:00 | Bars: 100
23:13:04 | [IDLE] Waiting for next market pulse...
23:13:14 | [36m[STATS][0m --- [CYCLE 125] ---
23:13:14 | [36m[STATS][0m Balance: 97973.15 | Equity: 97967.66 | Active: 4 | Margin: 97758.65 | Util: 0.2%
23:13:14 | [POSITION STATS] Open: 4 | Unrealized: $-5.49 | Daily Loss: $0.00/100.00
23:13:14 | [ANALYSIS] Examining EUR/USD | Time: 01:00 | Bars: 100
23:13:14 | [ANALYSIS] Examining GBP/USD | Time: 01:00 | Bars: 100
23:13:14 | [ANALYSIS] Examining USD/JPY | Time: 01:00 | Bars: 100
23:13:14 | [ANALYSIS] Examining AUD/USD | Time: 01:00 | Bars: 100
23:13:14 | [SUMMARY] Risk: operational | Positions: 4 | Daily Trades: 1/5 | Exits: 0 (Market: 0, Admin: 0)
23:13:14 | [IDLE] Waiting for next market pulse...
23:13:24 | [36m[STATS][0m --- [CYCLE 126] ---
23:13:24 | [36m[STATS][0m Balance: 97973.15 | Equity: 97967.61 | Active: 4 | Margin: 97758.60 | Util: 0.2%
23:13:24 | [POSITION STATS] Open: 4 | Unrealized: $-5.54 | Daily Loss: $0.00/100.00
23:13:24 | [ANALYSIS] Examining EUR/USD | Time: 01:00 | Bars: 100
23:13:24 | [ANALYSIS] Examining GBP/USD | Time: 01:00 | Bars: 100
23:13:24 | [ANALYSIS] Examining USD/JPY | Time: 01:00 | Bars: 100
23:13:24 | [ANALYSIS] Examining AUD/USD | Time: 01:00 | Bars: 100
23:13:24 | [IDLE] Waiting for next market pulse...
23:13:35 | [36m[STATS][0m --- [CYCLE 127] ---
23:13:35 | [36m[STATS][0m Balance: 97973.15 | Equity: 97967.61 | Active: 4 | Margin: 97758.60 | Util: 0.2%
23:13:35 | [POSITION STATS] Open: 4 | Unrealized: $-5.54 | Daily Loss: $0.00/100.00
23:13:35 | [ANALYSIS] Examining EUR/USD | Time: 01:00 | Bars: 100
23:13:35 | [ANALYSIS] Examining GBP/USD | Time: 01:00 | Bars: 100
23:13:35 | [ANALYSIS] Examining USD/JPY | Time: 01:00 | Bars: 100
23:13:35 | [ANALYSIS] Examining AUD/USD | Time: 01:00 | Bars: 100
23:13:35 | [IDLE] Waiting for next market pulse...
23:13:45 | [36m[STATS][0m --- [CYCLE 128] ---
23:13:45 | [36m[STATS][0m Balance: 97973.15 | Equity: 97967.61 | Active: 4 | Margin: 97758.60 | Util: 0.2%
23:13:45 | [POSITION STATS] Open: 4 | Unrealized: $-5.54 | Daily Loss: $0.00/100.00
23:13:45 | [ANALYSIS] Examining EUR/USD | Time: 01:00 | Bars: 100
23:13:45 | [ANALYSIS] Examining GBP/USD | Time: 01:00 | Bars: 100
23:13:45 | [ANALYSIS] Examining USD/JPY | Time: 01:00 | Bars: 100
23:13:45 | [ANALYSIS] Examining AUD/USD | Time: 01:00 | Bars: 100
23:13:45 | [IDLE] Waiting for next market pulse...
23:13:55 | [36m[STATS][0m --- [CYCLE 129] ---
23:13:55 | [36m[STATS][0m Balance: 97973.15 | Equity: 97967.23 | Active: 4 | Margin: 97758.22 | Util: 0.2%
23:13:55 | [POSITION STATS] Open: 4 | Unrealized: $-5.92 | Daily Loss: $0.00/100.00
23:13:55 | [ANALYSIS] Examining EUR/USD | Time: 01:00 | Bars: 100
23:13:55 | [ANALYSIS] Examining GBP/USD | Time: 01:00 | Bars: 100
23:13:55 | [ANALYSIS] Examining USD/JPY | Time: 01:00 | Bars: 100
23:13:55 | [ANALYSIS] Examining AUD/USD | Time: 01:00 | Bars: 100
23:13:55 | [IDLE] Waiting for next market pulse...
23:14:06 | [36m[STATS][0m --- [CYCLE 130] ---
23:14:06 | [36m[STATS][0m Balance: 97973.15 | Equity: 97967.48 | Active: 4 | Margin: 97758.47 | Util: 0.2%
23:14:06 | [POSITION STATS] Open: 4 | Unrealized: $-5.67 | Daily Loss: $0.00/100.00
23:14:06 | [ANALYSIS] Examining EUR/USD | Time: 01:00 | Bars: 100
23:14:06 | [ANALYSIS] Examining GBP/USD | Time: 01:00 | Bars: 100
23:14:06 | [ANALYSIS] Examining USD/JPY | Time: 01:00 | Bars: 100
23:14:06 | [ANALYSIS] Examining AUD/USD | Time: 01:00 | Bars: 100
23:14:06 | [SUMMARY] Risk: operational | Positions: 4 | Daily Trades: 1/5 | Exits: 0 (Market: 0, Admin: 0)
23:14:06 | [IDLE] Waiting for next market pulse...
23:14:16 | [36m[STATS][0m --- [CYCLE 131] ---
23:14:16 | [36m[STATS][0m Balance: 97973.15 | Equity: 97967.13 | Active: 4 | Margin: 97758.12 | Util: 0.2%
23:14:16 | [POSITION STATS] Open: 4 | Unrealized: $-6.02 | Daily Loss: $0.00/100.00
23:14:16 | [ANALYSIS] Examining EUR/USD | Time: 01:00 | Bars: 100
23:14:16 | [ANALYSIS] Examining GBP/USD | Time: 01:00 | Bars: 100
23:14:16 | [ANALYSIS] Examining USD/JPY | Time: 01:00 | Bars: 100
23:14:16 | [ANALYSIS] Examining AUD/USD | Time: 01:00 | Bars: 100
23:14:16 | [IDLE] Waiting for next market pulse...
23:14:26 | [36m[STATS][0m --- [CYCLE 132] ---
23:14:26 | [36m[STATS][0m Balance: 97973.15 | Equity: 97967.18 | Active: 4 | Margin: 97758.17 | Util: 0.2%
23:14:26 | [POSITION STATS] Open: 4 | Unrealized: $-5.97 | Daily Loss: $0.00/100.00
23:14:26 | [ANALYSIS] Examining EUR/USD | Time: 01:00 | Bars: 100
23:14:26 | [ANALYSIS] Examining GBP/USD | Time: 01:00 | Bars: 100
23:14:26 | [ANALYSIS] Examining USD/JPY | Time: 01:00 | Bars: 100
23:14:26 | [ANALYSIS] Examining AUD/USD | Time: 01:00 | Bars: 100
23:14:26 | [IDLE] Waiting for next market pulse...
23:14:37 | [36m[STATS][0m --- [CYCLE 133] ---
23:14:37 | [36m[STATS][0m Balance: 97973.15 | Equity: 97967.21 | Active: 4 | Margin: 97758.20 | Util: 0.2%
23:14:37 | [POSITION STATS] Open: 4 | Unrealized: $-5.94 | Daily Loss: $0.00/100.00
23:14:37 | [ANALYSIS] Examining EUR/USD | Time: 01:00 | Bars: 100
23:14:37 | [ANALYSIS] Examining GBP/USD | Time: 01:00 | Bars: 100
23:14:37 | [ANALYSIS] Examining USD/JPY | Time: 01:00 | Bars: 100
23:14:37 | [ANALYSIS] Examining AUD/USD | Time: 01:00 | Bars: 100
23:14:37 | [IDLE] Waiting for next market pulse...
23:14:47 | [36m[STATS][0m --- [CYCLE 134] ---
23:14:47 | [36m[STATS][0m Balance: 97973.15 | Equity: 97967.43 | Active: 4 | Margin: 97758.42 | Util: 0.2%
23:14:47 | [POSITION STATS] Open: 4 | Unrealized: $-5.72 | Daily Loss: $0.00/100.00
23:14:47 | [ANALYSIS] Examining EUR/USD | Time: 01:00 | Bars: 100
23:14:47 | [ANALYSIS] Examining GBP/USD | Time: 01:00 | Bars: 100
23:14:47 | [ANALYSIS] Examining USD/JPY | Time: 01:00 | Bars: 100
23:14:47 | [ANALYSIS] Examining AUD/USD | Time: 01:00 | Bars: 100
23:14:47 | [IDLE] Waiting for next market pulse...
23:14:57 | [36m[STATS][0m --- [CYCLE 135] ---
23:14:57 | [36m[STATS][0m Balance: 97973.15 | Equity: 97967.63 | Active: 4 | Margin: 97758.62 | Util: 0.2%
23:14:57 | [POSITION STATS] Open: 4 | Unrealized: $-5.52 | Daily Loss: $0.00/100.00
23:14:57 | [ANALYSIS] Examining EUR/USD | Time: 01:00 | Bars: 100
23:14:57 | [ANALYSIS] Examining GBP/USD | Time: 01:00 | Bars: 100
23:14:57 | [ANALYSIS] Examining USD/JPY | Time: 01:00 | Bars: 100
23:14:57 | [ANALYSIS] Examining AUD/USD | Time: 01:00 | Bars: 100
23:14:57 | [SUMMARY] Risk: operational | Positions: 4 | Daily Trades: 1/5 | Exits: 0 (Market: 0, Admin: 0)
23:14:57 | [IDLE] Waiting for next market pulse...
23:15:08 | [36m[STATS][0m --- [CYCLE 136] ---
23:15:08 | [36m[STATS][0m Balance: 97973.15 | Equity: 97967.76 | Active: 4 | Margin: 97758.75 | Util: 0.2%
23:15:08 | [POSITION STATS] Open: 4 | Unrealized: $-5.39 | Daily Loss: $0.00/100.00
23:15:08 | [ANALYSIS] Examining EUR/USD | Time: 01:00 | Bars: 100
23:15:08 | [ANALYSIS] Examining GBP/USD | Time: 01:00 | Bars: 100
23:15:08 | [ANALYSIS] Examining USD/JPY | Time: 01:00 | Bars: 100
23:15:08 | [ANALYSIS] Examining AUD/USD | Time: 01:00 | Bars: 100
23:15:08 | [IDLE] Waiting for next market pulse...
23:15:18 | [36m[STATS][0m --- [CYCLE 137] ---
23:15:18 | [36m[STATS][0m Balance: 97973.15 | Equity: 97967.78 | Active: 4 | Margin: 97758.77 | Util: 0.2%
23:15:18 | [POSITION STATS] Open: 4 | Unrealized: $-5.37 | Daily Loss: $0.00/100.00
23:15:18 | [ANALYSIS] Examining EUR/USD | Time: 01:00 | Bars: 100
23:15:18 | [ANALYSIS] Examining GBP/USD | Time: 01:00 | Bars: 100
23:15:18 | [ANALYSIS] Examining USD/JPY | Time: 01:00 | Bars: 100
23:15:18 | [ANALYSIS] Examining AUD/USD | Time: 01:00 | Bars: 100
23:15:18 | [IDLE] Waiting for next market pulse...
23:15:28 | [36m[STATS][0m --- [CYCLE 138] ---
23:15:28 | [36m[STATS][0m Balance: 97973.15 | Equity: 97967.68 | Active: 4 | Margin: 97758.67 | Util: 0.2%
23:15:28 | [POSITION STATS] Open: 4 | Unrealized: $-5.47 | Daily Loss: $0.00/100.00
23:15:28 | [ANALYSIS] Examining EUR/USD | Time: 01:00 | Bars: 100
23:15:28 | [ANALYSIS] Examining GBP/USD | Time: 01:00 | Bars: 100
23:15:28 | [ANALYSIS] Examining USD/JPY | Time: 01:00 | Bars: 100
23:15:28 | [1;33mInvalid symbol info for AUD/USD: bid=0.67008, ask=0.67008. Using OHLC estimate.[0m
23:15:28 | [ANALYSIS] Examining AUD/USD | Time: 01:00 | Bars: 100
23:15:28 | [IDLE] Waiting for next market pulse...
23:15:39 | [36m[STATS][0m --- [CYCLE 139] ---
23:15:39 | [36m[STATS][0m Balance: 97973.15 | Equity: 97967.08 | Active: 4 | Margin: 97758.07 | Util: 0.2%
23:15:39 | [POSITION STATS] Open: 4 | Unrealized: $-6.07 | Daily Loss: $0.00/100.00
23:15:39 | [ANALYSIS] Examining EUR/USD | Time: 01:00 | Bars: 100
23:15:39 | [ANALYSIS] Examining GBP/USD | Time: 01:00 | Bars: 100
23:15:39 | [ANALYSIS] Examining USD/JPY | Time: 01:00 | Bars: 100
23:15:39 | [ANALYSIS] Examining AUD/USD | Time: 01:00 | Bars: 100
23:15:39 | [IDLE] Waiting for next market pulse...
23:15:49 | [36m[STATS][0m --- [CYCLE 140] ---
23:15:49 | [36m[STATS][0m Balance: 97973.15 | Equity: 97967.28 | Active: 4 | Margin: 97758.27 | Util: 0.2%
23:15:49 | [POSITION STATS] Open: 4 | Unrealized: $-5.87 | Daily Loss: $0.00/100.00
23:15:49 | [ANALYSIS] Examining EUR/USD | Time: 01:00 | Bars: 100
23:15:49 | [ANALYSIS] Examining GBP/USD | Time: 01:00 | Bars: 100
23:15:49 | [ANALYSIS] Examining USD/JPY | Time: 01:00 | Bars: 100
23:15:49 | [ANALYSIS] Examining AUD/USD | Time: 01:00 | Bars: 100
23:15:49 | [SUMMARY] Risk: operational | Positions: 4 | Daily Trades: 1/5 | Exits: 0 (Market: 0, Admin: 0)
23:15:49 | [IDLE] Waiting for next market pulse...
23:15:59 | [36m[STATS][0m --- [CYCLE 141] ---
23:15:59 | [36m[STATS][0m Balance: 97973.15 | Equity: 97967.31 | Active: 4 | Margin: 97758.30 | Util: 0.2%
23:15:59 | [POSITION STATS] Open: 4 | Unrealized: $-5.84 | Daily Loss: $0.00/100.00
23:15:59 | [ANALYSIS] Examining EUR/USD | Time: 01:00 | Bars: 100
23:15:59 | [ANALYSIS] Examining GBP/USD | Time: 01:00 | Bars: 100
23:15:59 | [ANALYSIS] Examining USD/JPY | Time: 01:00 | Bars: 100
23:15:59 | [ANALYSIS] Examining AUD/USD | Time: 01:00 | Bars: 100
23:15:59 | [IDLE] Waiting for next market pulse...
23:16:10 | [36m[STATS][0m --- [CYCLE 142] ---
23:16:10 | [36m[STATS][0m Balance: 97973.15 | Equity: 97967.03 | Active: 4 | Margin: 97758.02 | Util: 0.2%
23:16:10 | [POSITION STATS] Open: 4 | Unrealized: $-6.12 | Daily Loss: $0.00/100.00
23:16:10 | [ANALYSIS] Examining EUR/USD | Time: 01:00 | Bars: 100
23:16:10 | [ANALYSIS] Examining GBP/USD | Time: 01:00 | Bars: 100
23:16:10 | [ANALYSIS] Examining USD/JPY | Time: 01:00 | Bars: 100
23:16:10 | [ANALYSIS] Examining AUD/USD | Time: 01:00 | Bars: 100
23:16:10 | [IDLE] Waiting for next market pulse...
23:16:20 | [36m[STATS][0m --- [CYCLE 143] ---
23:16:20 | [36m[STATS][0m Balance: 97973.15 | Equity: 97966.49 | Active: 4 | Margin: 97757.48 | Util: 0.2%
23:16:20 | [POSITION STATS] Open: 4 | Unrealized: $-6.66 | Daily Loss: $0.00/100.00
23:16:20 | [ANALYSIS] Examining EUR/USD | Time: 01:00 | Bars: 100
23:16:20 | [ANALYSIS] Examining GBP/USD | Time: 01:00 | Bars: 100
23:16:20 | [ANALYSIS] Examining USD/JPY | Time: 01:00 | Bars: 100
23:16:20 | [ANALYSIS] Examining AUD/USD | Time: 01:00 | Bars: 100
23:16:20 | [IDLE] Waiting for next market pulse...
23:16:30 | [36m[STATS][0m --- [CYCLE 144] ---
23:16:30 | [36m[STATS][0m Balance: 97973.15 | Equity: 97966.44 | Active: 4 | Margin: 97757.43 | Util: 0.2%
23:16:30 | [POSITION STATS] Open: 4 | Unrealized: $-6.71 | Daily Loss: $0.00/100.00
23:16:30 | [ANALYSIS] Examining EUR/USD | Time: 01:00 | Bars: 100
23:16:30 | [ANALYSIS] Examining GBP/USD | Time: 01:00 | Bars: 100
23:16:30 | [ANALYSIS] Examining USD/JPY | Time: 01:00 | Bars: 100
23:16:30 | [ANALYSIS] Examining AUD/USD | Time: 01:00 | Bars: 100
23:16:30 | [IDLE] Waiting for next market pulse...
23:16:41 | [36m[STATS][0m --- [CYCLE 145] ---
23:16:41 | [36m[STATS][0m Balance: 97973.15 | Equity: 97966.91 | Active: 4 | Margin: 97757.90 | Util: 0.2%
23:16:41 | [POSITION STATS] Open: 4 | Unrealized: $-6.24 | Daily Loss: $0.00/100.00
23:16:41 | [ANALYSIS] Examining EUR/USD | Time: 01:00 | Bars: 100
23:16:41 | [ANALYSIS] Examining GBP/USD | Time: 01:00 | Bars: 100
23:16:41 | [ANALYSIS] Examining USD/JPY | Time: 01:00 | Bars: 100
23:16:41 | [ANALYSIS] Examining AUD/USD | Time: 01:00 | Bars: 100
23:16:41 | [SUMMARY] Risk: operational | Positions: 4 | Daily Trades: 1/5 | Exits: 0 (Market: 0, Admin: 0)
23:16:41 | [IDLE] Waiting for next market pulse...
23:16:51 | [36m[STATS][0m --- [CYCLE 146] ---
23:16:51 | [36m[STATS][0m Balance: 97973.15 | Equity: 97967.39 | Active: 4 | Margin: 97758.38 | Util: 0.2%
23:16:51 | [POSITION STATS] Open: 4 | Unrealized: $-5.76 | Daily Loss: $0.00/100.00
23:16:51 | [ANALYSIS] Examining EUR/USD | Time: 01:00 | Bars: 100
23:16:51 | [ANALYSIS] Examining GBP/USD | Time: 01:00 | Bars: 100
23:16:51 | [ANALYSIS] Examining USD/JPY | Time: 01:00 | Bars: 100
23:16:51 | [ANALYSIS] Examining AUD/USD | Time: 01:00 | Bars: 100
23:16:51 | [IDLE] Waiting for next market pulse...
23:17:01 | [36m[STATS][0m --- [CYCLE 147] ---
23:17:01 | [36m[STATS][0m Balance: 97973.15 | Equity: 97967.21 | Active: 4 | Margin: 97758.20 | Util: 0.2%
23:17:01 | [POSITION STATS] Open: 4 | Unrealized: $-5.94 | Daily Loss: $0.00/100.00
23:17:01 | [ANALYSIS] Examining EUR/USD | Time: 01:00 | Bars: 100
23:17:01 | [ANALYSIS] Examining GBP/USD | Time: 01:00 | Bars: 100
23:17:01 | [ANALYSIS] Examining USD/JPY | Time: 01:00 | Bars: 100
23:17:01 | [ANALYSIS] Examining AUD/USD | Time: 01:00 | Bars: 100
23:17:01 | [IDLE] Waiting for next market pulse...
23:17:12 | [36m[STATS][0m --- [CYCLE 148] ---
23:17:12 | [36m[STATS][0m Balance: 97973.15 | Equity: 97967.50 | Active: 4 | Margin: 97758.49 | Util: 0.2%
23:17:12 | [POSITION STATS] Open: 4 | Unrealized: $-5.65 | Daily Loss: $0.00/100.00
23:17:12 | [ANALYSIS] Examining EUR/USD | Time: 01:00 | Bars: 100
23:17:12 | [ANALYSIS] Examining GBP/USD | Time: 01:00 | Bars: 100
23:17:12 | [ANALYSIS] Examining USD/JPY | Time: 01:00 | Bars: 100
23:17:12 | [ANALYSIS] Examining AUD/USD | Time: 01:00 | Bars: 100
23:17:12 | [IDLE] Waiting for next market pulse...
23:17:22 | [36m[STATS][0m --- [CYCLE 149] ---
23:17:22 | [36m[STATS][0m Balance: 97973.15 | Equity: 97967.67 | Active: 4 | Margin: 97758.66 | Util: 0.2%
23:17:22 | [POSITION STATS] Open: 4 | Unrealized: $-5.48 | Daily Loss: $0.00/100.00
23:17:22 | [ANALYSIS] Examining EUR/USD | Time: 01:00 | Bars: 100
23:17:22 | [ANALYSIS] Examining GBP/USD | Time: 01:00 | Bars: 100
23:17:22 | [ANALYSIS] Examining USD/JPY | Time: 01:00 | Bars: 100
23:17:22 | [ANALYSIS] Examining AUD/USD | Time: 01:00 | Bars: 100
23:17:22 | [IDLE] Waiting for next market pulse...
23:17:32 | [36m[STATS][0m --- [CYCLE 150] ---
23:17:32 | [36m[STATS][0m Balance: 97973.15 | Equity: 97967.90 | Active: 4 | Margin: 97758.89 | Util: 0.2%
23:17:32 | [POSITION STATS] Open: 4 | Unrealized: $-5.25 | Daily Loss: $0.00/100.00
23:17:32 | [ANALYSIS] Examining EUR/USD | Time: 01:00 | Bars: 100
23:17:32 | [ANALYSIS] Examining GBP/USD | Time: 01:00 | Bars: 100
23:17:32 | [ANALYSIS] Examining USD/JPY | Time: 01:00 | Bars: 100
23:17:32 | [ANALYSIS] Examining AUD/USD | Time: 01:00 | Bars: 100
23:17:32 | [SUMMARY] Risk: operational | Positions: 4 | Daily Trades: 1/5 | Exits: 0 (Market: 0, Admin: 0)
23:17:32 | [IDLE] Waiting for next market pulse...
23:17:43 | [36m[STATS][0m --- [CYCLE 151] ---
23:17:43 | [36m[STATS][0m Balance: 97973.15 | Equity: 97967.57 | Active: 4 | Margin: 97758.56 | Util: 0.2%
23:17:43 | [POSITION STATS] Open: 4 | Unrealized: $-5.58 | Daily Loss: $0.00/100.00
23:17:43 | [ANALYSIS] Examining EUR/USD | Time: 01:00 | Bars: 100
23:17:43 | [ANALYSIS] Examining GBP/USD | Time: 01:00 | Bars: 100
23:17:43 | [ANALYSIS] Examining USD/JPY | Time: 01:00 | Bars: 100
23:17:43 | [ANALYSIS] Examining AUD/USD | Time: 01:00 | Bars: 100
23:17:43 | [IDLE] Waiting for next market pulse...
23:17:53 | [36m[STATS][0m --- [CYCLE 152] ---
23:17:53 | [36m[STATS][0m Balance: 97973.15 | Equity: 97967.70 | Active: 4 | Margin: 97758.69 | Util: 0.2%
23:17:53 | [POSITION STATS] Open: 4 | Unrealized: $-5.45 | Daily Loss: $0.00/100.00
23:17:53 | [ANALYSIS] Examining EUR/USD | Time: 01:00 | Bars: 100
23:17:53 | [ANALYSIS] Examining GBP/USD | Time: 01:00 | Bars: 100
23:17:53 | [ANALYSIS] Examining USD/JPY | Time: 01:00 | Bars: 100
23:17:53 | [ANALYSIS] Examining AUD/USD | Time: 01:00 | Bars: 100
23:17:53 | [IDLE] Waiting for next market pulse...
23:18:03 | [36m[STATS][0m --- [CYCLE 153] ---
23:18:03 | [36m[STATS][0m Balance: 97973.15 | Equity: 97967.86 | Active: 4 | Margin: 97758.85 | Util: 0.2%
23:18:03 | [POSITION STATS] Open: 4 | Unrealized: $-5.29 | Daily Loss: $0.00/100.00
23:18:03 | [ANALYSIS] Examining EUR/USD | Time: 01:00 | Bars: 100
23:18:03 | [ANALYSIS] Examining GBP/USD | Time: 01:00 | Bars: 100
23:18:03 | [ANALYSIS] Examining USD/JPY | Time: 01:00 | Bars: 100
23:18:03 | [ANALYSIS] Examining AUD/USD | Time: 01:00 | Bars: 100
23:18:03 | [IDLE] Waiting for next market pulse...
23:18:14 | [36m[STATS][0m --- [CYCLE 154] ---
23:18:14 | [36m[STATS][0m Balance: 97973.15 | Equity: 97967.66 | Active: 4 | Margin: 97758.65 | Util: 0.2%
23:18:14 | [POSITION STATS] Open: 4 | Unrealized: $-5.49 | Daily Loss: $0.00/100.00
23:18:14 | [ANALYSIS] Examining EUR/USD | Time: 01:00 | Bars: 100
23:18:14 | [ANALYSIS] Examining GBP/USD | Time: 01:00 | Bars: 100
23:18:14 | [ANALYSIS] Examining USD/JPY | Time: 01:00 | Bars: 100
23:18:14 | [ANALYSIS] Examining AUD/USD | Time: 01:00 | Bars: 100
23:18:14 | [IDLE] Waiting for next market pulse...
23:18:24 | [36m[STATS][0m --- [CYCLE 155] ---
23:18:24 | [36m[STATS][0m Balance: 97973.15 | Equity: 97967.56 | Active: 4 | Margin: 97758.55 | Util: 0.2%
23:18:24 | [POSITION STATS] Open: 4 | Unrealized: $-5.59 | Daily Loss: $0.00/100.00
23:18:24 | [ANALYSIS] Examining EUR/USD | Time: 01:00 | Bars: 100
23:18:24 | [ANALYSIS] Examining GBP/USD | Time: 01:00 | Bars: 100
23:18:24 | [ANALYSIS] Examining USD/JPY | Time: 01:00 | Bars: 100
23:18:24 | [ANALYSIS] Examining AUD/USD | Time: 01:00 | Bars: 100
23:18:24 | [SUMMARY] Risk: operational | Positions: 4 | Daily Trades: 1/5 | Exits: 0 (Market: 0, Admin: 0)
23:18:24 | [IDLE] Waiting for next market pulse...
23:18:34 | [36m[STATS][0m --- [CYCLE 156] ---
23:18:34 | [36m[STATS][0m Balance: 97973.15 | Equity: 97967.31 | Active: 4 | Margin: 97758.30 | Util: 0.2%
23:18:34 | [POSITION STATS] Open: 4 | Unrealized: $-5.84 | Daily Loss: $0.00/100.00
23:18:34 | [ANALYSIS] Examining EUR/USD | Time: 01:00 | Bars: 100
23:18:34 | [ANALYSIS] Examining GBP/USD | Time: 01:00 | Bars: 100
23:18:34 | [ANALYSIS] Examining USD/JPY | Time: 01:00 | Bars: 100
23:18:34 | [ANALYSIS] Examining AUD/USD | Time: 01:00 | Bars: 100
23:18:34 | [IDLE] Waiting for next market pulse...
23:18:45 | [36m[STATS][0m --- [CYCLE 157] ---
23:18:45 | [36m[STATS][0m Balance: 97973.15 | Equity: 97967.56 | Active: 4 | Margin: 97758.55 | Util: 0.2%
23:18:45 | [POSITION STATS] Open: 4 | Unrealized: $-5.59 | Daily Loss: $0.00/100.00
23:18:45 | [ANALYSIS] Examining EUR/USD | Time: 01:00 | Bars: 100
23:18:45 | [ANALYSIS] Examining GBP/USD | Time: 01:00 | Bars: 100
23:18:45 | [ANALYSIS] Examining USD/JPY | Time: 01:00 | Bars: 100
23:18:45 | [ANALYSIS] Examining AUD/USD | Time: 01:00 | Bars: 100
23:18:45 | [IDLE] Waiting for next market pulse...
23:18:55 | [36m[STATS][0m --- [CYCLE 158] ---
23:18:55 | [36m[STATS][0m Balance: 97973.15 | Equity: 97967.46 | Active: 4 | Margin: 97758.45 | Util: 0.2%
23:18:55 | [POSITION STATS] Open: 4 | Unrealized: $-5.69 | Daily Loss: $0.00/100.00
23:18:55 | [ANALYSIS] Examining EUR/USD | Time: 01:00 | Bars: 100
23:18:55 | [ANALYSIS] Examining GBP/USD | Time: 01:00 | Bars: 100
23:18:55 | [ANALYSIS] Examining USD/JPY | Time: 01:00 | Bars: 100
23:18:55 | [ANALYSIS] Examining AUD/USD | Time: 01:00 | Bars: 100
23:18:55 | [IDLE] Waiting for next market pulse...
23:19:05 | [36m[STATS][0m --- [CYCLE 159] ---
23:19:05 | [36m[STATS][0m Balance: 97973.15 | Equity: 97967.51 | Active: 4 | Margin: 97758.50 | Util: 0.2%
23:19:05 | [POSITION STATS] Open: 4 | Unrealized: $-5.64 | Daily Loss: $0.00/100.00
23:19:05 | [ANALYSIS] Examining EUR/USD | Time: 01:00 | Bars: 100
23:19:05 | [ANALYSIS] Examining GBP/USD | Time: 01:00 | Bars: 100
23:19:05 | [ANALYSIS] Examining USD/JPY | Time: 01:00 | Bars: 100
23:19:05 | [ANALYSIS] Examining AUD/USD | Time: 01:00 | Bars: 100
23:19:05 | [IDLE] Waiting for next market pulse...
23:19:16 | [36m[STATS][0m --- [CYCLE 160] ---
23:19:16 | [36m[STATS][0m Balance: 97973.15 | Equity: 97967.51 | Active: 4 | Margin: 97758.50 | Util: 0.2%
23:19:16 | [POSITION STATS] Open: 4 | Unrealized: $-5.64 | Daily Loss: $0.00/100.00
23:19:16 | [ANALYSIS] Examining EUR/USD | Time: 01:00 | Bars: 100
23:19:16 | [ANALYSIS] Examining GBP/USD | Time: 01:00 | Bars: 100
23:19:16 | [ANALYSIS] Examining USD/JPY | Time: 01:00 | Bars: 100
23:19:16 | [ANALYSIS] Examining AUD/USD | Time: 01:00 | Bars: 100
23:19:16 | [SUMMARY] Risk: operational | Positions: 4 | Daily Trades: 1/5 | Exits: 0 (Market: 0, Admin: 0)
23:19:16 | [IDLE] Waiting for next market pulse...
23:19:26 | [36m[STATS][0m --- [CYCLE 161] ---
23:19:26 | [36m[STATS][0m Balance: 97973.15 | Equity: 97967.46 | Active: 4 | Margin: 97758.45 | Util: 0.2%
23:19:26 | [POSITION STATS] Open: 4 | Unrealized: $-5.69 | Daily Loss: $0.00/100.00
23:19:26 | [ANALYSIS] Examining EUR/USD | Time: 01:00 | Bars: 100
23:19:26 | [ANALYSIS] Examining GBP/USD | Time: 01:00 | Bars: 100
23:19:26 | [ANALYSIS] Examining USD/JPY | Time: 01:00 | Bars: 100
23:19:26 | [ANALYSIS] Examining AUD/USD | Time: 01:00 | Bars: 100
23:19:26 | [IDLE] Waiting for next market pulse...
23:19:36 | [36m[STATS][0m --- [CYCLE 162] ---
23:19:36 | [36m[STATS][0m Balance: 97973.15 | Equity: 97967.69 | Active: 4 | Margin: 97758.68 | Util: 0.2%
23:19:36 | [POSITION STATS] Open: 4 | Unrealized: $-5.46 | Daily Loss: $0.00/100.00
23:19:36 | [ANALYSIS] Examining EUR/USD | Time: 01:00 | Bars: 100
23:19:36 | [ANALYSIS] Examining GBP/USD | Time: 01:00 | Bars: 100
23:19:36 | [ANALYSIS] Examining USD/JPY | Time: 01:00 | Bars: 100
23:19:36 | [ANALYSIS] Examining AUD/USD | Time: 01:00 | Bars: 100
23:19:36 | [IDLE] Waiting for next market pulse...
23:19:47 | [36m[STATS][0m --- [CYCLE 163] ---
23:19:47 | [36m[STATS][0m Balance: 97973.15 | Equity: 97967.64 | Active: 4 | Margin: 97758.63 | Util: 0.2%
23:19:47 | [POSITION STATS] Open: 4 | Unrealized: $-5.51 | Daily Loss: $0.00/100.00
23:19:47 | [ANALYSIS] Examining EUR/USD | Time: 01:00 | Bars: 100
23:19:47 | [ANALYSIS] Examining GBP/USD | Time: 01:00 | Bars: 100
23:19:47 | [ANALYSIS] Examining USD/JPY | Time: 01:00 | Bars: 100
23:19:47 | [ANALYSIS] Examining AUD/USD | Time: 01:00 | Bars: 100
23:19:47 | [IDLE] Waiting for next market pulse...
23:19:57 | [36m[STATS][0m --- [CYCLE 164] ---
23:19:57 | [36m[STATS][0m Balance: 97973.15 | Equity: 97968.04 | Active: 4 | Margin: 97759.03 | Util: 0.2%
23:19:57 | [POSITION STATS] Open: 4 | Unrealized: $-5.11 | Daily Loss: $0.00/100.00
23:19:57 | [ANALYSIS] Examining EUR/USD | Time: 01:00 | Bars: 100
23:19:57 | [ANALYSIS] Examining GBP/USD | Time: 01:00 | Bars: 100
23:19:57 | [ANALYSIS] Examining USD/JPY | Time: 01:00 | Bars: 100
23:19:57 | [ANALYSIS] Examining AUD/USD | Time: 01:00 | Bars: 100
23:19:57 | [IDLE] Waiting for next market pulse...
23:20:07 | [36m[STATS][0m --- [CYCLE 165] ---
23:20:07 | [36m[STATS][0m Balance: 97973.15 | Equity: 97968.10 | Active: 4 | Margin: 97759.09 | Util: 0.2%
23:20:07 | [POSITION STATS] Open: 4 | Unrealized: $-5.05 | Daily Loss: $0.00/100.00
23:20:07 | [ANALYSIS] Examining EUR/USD | Time: 01:00 | Bars: 100
23:20:07 | [ANALYSIS] Examining GBP/USD | Time: 01:00 | Bars: 100
23:20:07 | [ANALYSIS] Examining USD/JPY | Time: 01:00 | Bars: 100
23:20:07 | [ANALYSIS] Examining AUD/USD | Time: 01:00 | Bars: 100
23:20:07 | [SUMMARY] Risk: operational | Positions: 4 | Daily Trades: 1/5 | Exits: 0 (Market: 0, Admin: 0)
23:20:07 | [IDLE] Waiting for next market pulse...
23:20:18 | [36m[STATS][0m --- [CYCLE 166] ---
23:20:18 | [36m[STATS][0m Balance: 97973.15 | Equity: 97968.14 | Active: 4 | Margin: 97759.13 | Util: 0.2%
23:20:18 | [POSITION STATS] Open: 4 | Unrealized: $-5.01 | Daily Loss: $0.00/100.00
23:20:18 | [ANALYSIS] Examining EUR/USD | Time: 01:00 | Bars: 100
23:20:18 | [ANALYSIS] Examining GBP/USD | Time: 01:00 | Bars: 100
23:20:18 | [ANALYSIS] Examining USD/JPY | Time: 01:00 | Bars: 100
23:20:18 | [ANALYSIS] Examining AUD/USD | Time: 01:00 | Bars: 100
23:20:18 | [IDLE] Waiting for next market pulse...
23:20:28 | [36m[STATS][0m --- [CYCLE 167] ---
23:20:28 | [36m[STATS][0m Balance: 97973.15 | Equity: 97968.10 | Active: 4 | Margin: 97759.09 | Util: 0.2%
23:20:28 | [POSITION STATS] Open: 4 | Unrealized: $-5.05 | Daily Loss: $0.00/100.00
23:20:28 | [ANALYSIS] Examining EUR/USD | Time: 01:00 | Bars: 100
23:20:28 | [ANALYSIS] Examining GBP/USD | Time: 01:00 | Bars: 100
23:20:28 | [ANALYSIS] Examining USD/JPY | Time: 01:00 | Bars: 100
23:20:28 | [ANALYSIS] Examining AUD/USD | Time: 01:00 | Bars: 100
23:20:28 | [IDLE] Waiting for next market pulse...
23:20:38 | [36m[STATS][0m --- [CYCLE 168] ---
23:20:38 | [36m[STATS][0m Balance: 97973.15 | Equity: 97968.15 | Active: 4 | Margin: 97759.14 | Util: 0.2%
23:20:38 | [POSITION STATS] Open: 4 | Unrealized: $-5.00 | Daily Loss: $0.00/100.00
23:20:38 | [ANALYSIS] Examining EUR/USD | Time: 01:00 | Bars: 100
23:20:38 | [ANALYSIS] Examining GBP/USD | Time: 01:00 | Bars: 100
23:20:38 | [ANALYSIS] Examining USD/JPY | Time: 01:00 | Bars: 100
23:20:38 | [ANALYSIS] Examining AUD/USD | Time: 01:00 | Bars: 100
23:20:38 | [IDLE] Waiting for next market pulse...
23:20:49 | [36m[STATS][0m --- [CYCLE 169] ---
23:20:49 | [36m[STATS][0m Balance: 97973.15 | Equity: 97968.12 | Active: 4 | Margin: 97759.11 | Util: 0.2%
23:20:49 | [POSITION STATS] Open: 4 | Unrealized: $-5.03 | Daily Loss: $0.00/100.00
23:20:49 | [ANALYSIS] Examining EUR/USD | Time: 01:00 | Bars: 100
23:20:49 | [ANALYSIS] Examining GBP/USD | Time: 01:00 | Bars: 100
23:20:49 | [ANALYSIS] Examining USD/JPY | Time: 01:00 | Bars: 100
23:20:49 | [ANALYSIS] Examining AUD/USD | Time: 01:00 | Bars: 100
23:20:49 | [IDLE] Waiting for next market pulse...
23:20:59 | [36m[STATS][0m --- [CYCLE 170] ---
23:20:59 | [36m[STATS][0m Balance: 97973.15 | Equity: 97968.30 | Active: 4 | Margin: 97759.29 | Util: 0.2%
23:20:59 | [POSITION STATS] Open: 4 | Unrealized: $-4.85 | Daily Loss: $0.00/100.00
23:20:59 | [ANALYSIS] Examining EUR/USD | Time: 01:00 | Bars: 100
23:20:59 | [ANALYSIS] Examining GBP/USD | Time: 01:00 | Bars: 100
23:20:59 | [ANALYSIS] Examining USD/JPY | Time: 01:00 | Bars: 100
23:20:59 | [ANALYSIS] Examining AUD/USD | Time: 01:00 | Bars: 100
23:20:59 | [SUMMARY] Risk: operational | Positions: 4 | Daily Trades: 1/5 | Exits: 0 (Market: 0, Admin: 0)
23:20:59 | [IDLE] Waiting for next market pulse...
23:21:09 | [36m[STATS][0m --- [CYCLE 171] ---
23:21:09 | [36m[STATS][0m Balance: 97973.15 | Equity: 97968.30 | Active: 4 | Margin: 97759.29 | Util: 0.2%
23:21:09 | [POSITION STATS] Open: 4 | Unrealized: $-4.85 | Daily Loss: $0.00/100.00
23:21:09 | [ANALYSIS] Examining EUR/USD | Time: 01:00 | Bars: 100
23:21:09 | [ANALYSIS] Examining GBP/USD | Time: 01:00 | Bars: 100
23:21:09 | [ANALYSIS] Examining USD/JPY | Time: 01:00 | Bars: 100
23:21:09 | [ANALYSIS] Examining AUD/USD | Time: 01:00 | Bars: 100
23:21:09 | [IDLE] Waiting for next market pulse...
23:21:20 | [36m[STATS][0m --- [CYCLE 172] ---
23:21:20 | [36m[STATS][0m Balance: 97973.15 | Equity: 97968.40 | Active: 4 | Margin: 97759.39 | Util: 0.2%
23:21:20 | [POSITION STATS] Open: 4 | Unrealized: $-4.75 | Daily Loss: $0.00/100.00
23:21:20 | [ANALYSIS] Examining EUR/USD | Time: 01:00 | Bars: 100
23:21:20 | [ANALYSIS] Examining GBP/USD | Time: 01:00 | Bars: 100
23:21:20 | [ANALYSIS] Examining USD/JPY | Time: 01:00 | Bars: 100
23:21:20 | [ANALYSIS] Examining AUD/USD | Time: 01:00 | Bars: 100
23:21:20 | [IDLE] Waiting for next market pulse...
23:21:30 | [36m[STATS][0m --- [CYCLE 173] ---
23:21:30 | [36m[STATS][0m Balance: 97973.15 | Equity: 97968.44 | Active: 4 | Margin: 97759.43 | Util: 0.2%
23:21:30 | [POSITION STATS] Open: 4 | Unrealized: $-4.71 | Daily Loss: $0.00/100.00
23:21:30 | [ANALYSIS] Examining EUR/USD | Time: 01:00 | Bars: 100
23:21:30 | [ANALYSIS] Examining GBP/USD | Time: 01:00 | Bars: 100
23:21:30 | [ANALYSIS] Examining USD/JPY | Time: 01:00 | Bars: 100
23:21:30 | [ANALYSIS] Examining AUD/USD | Time: 01:00 | Bars: 100
23:21:30 | [IDLE] Waiting for next market pulse...
23:21:40 | [36m[STATS][0m --- [CYCLE 174] ---
23:21:40 | [36m[STATS][0m Balance: 97973.15 | Equity: 97968.34 | Active: 4 | Margin: 97759.33 | Util: 0.2%
23:21:40 | [POSITION STATS] Open: 4 | Unrealized: $-4.81 | Daily Loss: $0.00/100.00
23:21:40 | [ANALYSIS] Examining EUR/USD | Time: 01:00 | Bars: 100
23:21:40 | [ANALYSIS] Examining GBP/USD | Time: 01:00 | Bars: 100
23:21:40 | [ANALYSIS] Examining USD/JPY | Time: 01:00 | Bars: 100
23:21:40 | [ANALYSIS] Examining AUD/USD | Time: 01:00 | Bars: 100
23:21:40 | [IDLE] Waiting for next market pulse...
23:21:51 | [36m[STATS][0m --- [CYCLE 175] ---
23:21:51 | [36m[STATS][0m Balance: 97973.15 | Equity: 97968.34 | Active: 4 | Margin: 97759.33 | Util: 0.2%
23:21:51 | [POSITION STATS] Open: 4 | Unrealized: $-4.81 | Daily Loss: $0.00/100.00
23:21:51 | [ANALYSIS] Examining EUR/USD | Time: 01:00 | Bars: 100
23:21:51 | [ANALYSIS] Examining GBP/USD | Time: 01:00 | Bars: 100
23:21:51 | [ANALYSIS] Examining USD/JPY | Time: 01:00 | Bars: 100
23:21:51 | [ANALYSIS] Examining AUD/USD | Time: 01:00 | Bars: 100
23:21:51 | [SUMMARY] Risk: operational | Positions: 4 | Daily Trades: 1/5 | Exits: 0 (Market: 0, Admin: 0)
23:21:51 | [IDLE] Waiting for next market pulse...
23:22:01 | [36m[STATS][0m --- [CYCLE 176] ---
23:22:01 | [36m[STATS][0m Balance: 97973.15 | Equity: 97968.34 | Active: 4 | Margin: 97759.33 | Util: 0.2%
23:22:01 | [POSITION STATS] Open: 4 | Unrealized: $-4.81 | Daily Loss: $0.00/100.00
23:22:01 | [ANALYSIS] Examining EUR/USD | Time: 01:00 | Bars: 100
23:22:01 | [ANALYSIS] Examining GBP/USD | Time: 01:00 | Bars: 100
23:22:01 | [ANALYSIS] Examining USD/JPY | Time: 01:00 | Bars: 100
23:22:01 | [ANALYSIS] Examining AUD/USD | Time: 01:00 | Bars: 100
23:22:01 | [IDLE] Waiting for next market pulse...
23:22:11 | [36m[STATS][0m --- [CYCLE 177] ---
23:22:11 | [36m[STATS][0m Balance: 97973.15 | Equity: 97968.39 | Active: 4 | Margin: 97759.38 | Util: 0.2%
23:22:11 | [POSITION STATS] Open: 4 | Unrealized: $-4.76 | Daily Loss: $0.00/100.00
23:22:11 | [ANALYSIS] Examining EUR/USD | Time: 01:00 | Bars: 100
23:22:11 | [ANALYSIS] Examining GBP/USD | Time: 01:00 | Bars: 100
23:22:11 | [ANALYSIS] Examining USD/JPY | Time: 01:00 | Bars: 100
23:22:11 | [ANALYSIS] Examining AUD/USD | Time: 01:00 | Bars: 100
23:22:11 | [IDLE] Waiting for next market pulse...
23:22:22 | [36m[STATS][0m --- [CYCLE 178] ---
23:22:22 | [36m[STATS][0m Balance: 97973.15 | Equity: 97968.49 | Active: 4 | Margin: 97759.48 | Util: 0.2%
23:22:22 | [POSITION STATS] Open: 4 | Unrealized: $-4.66 | Daily Loss: $0.00/100.00
23:22:22 | [ANALYSIS] Examining EUR/USD | Time: 01:00 | Bars: 100
23:22:22 | [ANALYSIS] Examining GBP/USD | Time: 01:00 | Bars: 100
23:22:22 | [ANALYSIS] Examining USD/JPY | Time: 01:00 | Bars: 100
23:22:22 | [ANALYSIS] Examining AUD/USD | Time: 01:00 | Bars: 100
23:22:22 | [IDLE] Waiting for next market pulse...
23:22:32 | [36m[STATS][0m --- [CYCLE 179] ---
23:22:32 | [36m[STATS][0m Balance: 97973.15 | Equity: 97968.44 | Active: 4 | Margin: 97759.43 | Util: 0.2%
23:22:32 | [POSITION STATS] Open: 4 | Unrealized: $-4.71 | Daily Loss: $0.00/100.00
23:22:32 | [ANALYSIS] Examining EUR/USD | Time: 01:00 | Bars: 100
23:22:32 | [ANALYSIS] Examining GBP/USD | Time: 01:00 | Bars: 100
23:22:32 | [ANALYSIS] Examining USD/JPY | Time: 01:00 | Bars: 100
23:22:32 | [ANALYSIS] Examining AUD/USD | Time: 01:00 | Bars: 100
23:22:32 | [IDLE] Waiting for next market pulse...
23:22:42 | [36m[STATS][0m --- [CYCLE 180] ---
23:22:42 | [36m[STATS][0m Balance: 97973.15 | Equity: 97968.50 | Active: 4 | Margin: 97759.49 | Util: 0.2%
23:22:42 | [POSITION STATS] Open: 4 | Unrealized: $-4.65 | Daily Loss: $0.00/100.00
23:22:42 | [ANALYSIS] Examining EUR/USD | Time: 01:00 | Bars: 100
23:22:42 | [ANALYSIS] Examining GBP/USD | Time: 01:00 | Bars: 100
23:22:42 | [ANALYSIS] Examining USD/JPY | Time: 01:00 | Bars: 100
23:22:42 | [ANALYSIS] Examining AUD/USD | Time: 01:00 | Bars: 100
23:22:42 | [SUMMARY] Risk: operational | Positions: 4 | Daily Trades: 1/5 | Exits: 0 (Market: 0, Admin: 0)
23:22:42 | [IDLE] Waiting for next market pulse...
23:22:53 | [36m[STATS][0m --- [CYCLE 181] ---
23:22:53 | [36m[STATS][0m Balance: 97973.15 | Equity: 97968.54 | Active: 4 | Margin: 97759.53 | Util: 0.2%
23:22:53 | [POSITION STATS] Open: 4 | Unrealized: $-4.61 | Daily Loss: $0.00/100.00
23:22:53 | [ANALYSIS] Examining EUR/USD | Time: 01:00 | Bars: 100
23:22:53 | [ANALYSIS] Examining GBP/USD | Time: 01:00 | Bars: 100
23:22:53 | [ANALYSIS] Examining USD/JPY | Time: 01:00 | Bars: 100
23:22:53 | [ANALYSIS] Examining AUD/USD | Time: 01:00 | Bars: 100
23:22:53 | [IDLE] Waiting for next market pulse...
23:23:03 | [36m[STATS][0m --- [CYCLE 182] ---
23:23:03 | [36m[STATS][0m Balance: 97973.15 | Equity: 97968.45 | Active: 4 | Margin: 97759.44 | Util: 0.2%
23:23:03 | [POSITION STATS] Open: 4 | Unrealized: $-4.70 | Daily Loss: $0.00/100.00
23:23:03 | [ANALYSIS] Examining EUR/USD | Time: 01:00 | Bars: 100
23:23:03 | [ANALYSIS] Examining GBP/USD | Time: 01:00 | Bars: 100
23:23:03 | [ANALYSIS] Examining USD/JPY | Time: 01:00 | Bars: 100
23:23:03 | [ANALYSIS] Examining AUD/USD | Time: 01:00 | Bars: 100
23:23:03 | [IDLE] Waiting for next market pulse...
23:23:13 | [36m[STATS][0m --- [CYCLE 183] ---
23:23:13 | [36m[STATS][0m Balance: 97973.15 | Equity: 97968.49 | Active: 4 | Margin: 97759.48 | Util: 0.2%
23:23:13 | [POSITION STATS] Open: 4 | Unrealized: $-4.66 | Daily Loss: $0.00/100.00
23:23:13 | [ANALYSIS] Examining EUR/USD | Time: 01:00 | Bars: 100
23:23:13 | [ANALYSIS] Examining GBP/USD | Time: 01:00 | Bars: 100
23:23:13 | [ANALYSIS] Examining USD/JPY | Time: 01:00 | Bars: 100
23:23:13 | [ANALYSIS] Examining AUD/USD | Time: 01:00 | Bars: 100
23:23:13 | [IDLE] Waiting for next market pulse...
23:23:24 | [36m[STATS][0m --- [CYCLE 184] ---
23:23:24 | [36m[STATS][0m Balance: 97973.15 | Equity: 97968.49 | Active: 4 | Margin: 97759.48 | Util: 0.2%
23:23:24 | [POSITION STATS] Open: 4 | Unrealized: $-4.66 | Daily Loss: $0.00/100.00
23:23:24 | [ANALYSIS] Examining EUR/USD | Time: 01:00 | Bars: 100
23:23:24 | [ANALYSIS] Examining GBP/USD | Time: 01:00 | Bars: 100
23:23:24 | [ANALYSIS] Examining USD/JPY | Time: 01:00 | Bars: 100
23:23:24 | [ANALYSIS] Examining AUD/USD | Time: 01:00 | Bars: 100
23:23:24 | [IDLE] Waiting for next market pulse...
23:23:34 | [36m[STATS][0m --- [CYCLE 185] ---
23:23:34 | [36m[STATS][0m Balance: 97973.15 | Equity: 97968.49 | Active: 4 | Margin: 97759.48 | Util: 0.2%
23:23:34 | [POSITION STATS] Open: 4 | Unrealized: $-4.66 | Daily Loss: $0.00/100.00
23:23:34 | [ANALYSIS] Examining EUR/USD | Time: 01:00 | Bars: 100
23:23:34 | [ANALYSIS] Examining GBP/USD | Time: 01:00 | Bars: 100
23:23:34 | [ANALYSIS] Examining USD/JPY | Time: 01:00 | Bars: 100
23:23:34 | [ANALYSIS] Examining AUD/USD | Time: 01:00 | Bars: 100
23:23:34 | [SUMMARY] Risk: operational | Positions: 4 | Daily Trades: 1/5 | Exits: 0 (Market: 0, Admin: 0)
23:23:34 | [IDLE] Waiting for next market pulse...
23:23:44 | [36m[STATS][0m --- [CYCLE 186] ---
23:23:44 | [36m[STATS][0m Balance: 97973.15 | Equity: 97968.44 | Active: 4 | Margin: 97759.43 | Util: 0.2%
23:23:44 | [POSITION STATS] Open: 4 | Unrealized: $-4.71 | Daily Loss: $0.00/100.00
23:23:44 | [ANALYSIS] Examining EUR/USD | Time: 01:00 | Bars: 100
23:23:44 | [ANALYSIS] Examining GBP/USD | Time: 01:00 | Bars: 100
23:23:44 | [ANALYSIS] Examining USD/JPY | Time: 01:00 | Bars: 100
23:23:44 | [ANALYSIS] Examining AUD/USD | Time: 01:00 | Bars: 100
23:23:44 | [IDLE] Waiting for next market pulse...
23:23:55 | [36m[STATS][0m --- [CYCLE 187] ---
23:23:55 | [36m[STATS][0m Balance: 97973.15 | Equity: 97968.42 | Active: 4 | Margin: 97759.41 | Util: 0.2%
23:23:55 | [POSITION STATS] Open: 4 | Unrealized: $-4.73 | Daily Loss: $0.00/100.00
23:23:55 | [ANALYSIS] Examining EUR/USD | Time: 01:00 | Bars: 100
23:23:55 | [ANALYSIS] Examining GBP/USD | Time: 01:00 | Bars: 100
23:23:55 | [ANALYSIS] Examining USD/JPY | Time: 01:00 | Bars: 100
23:23:55 | [ANALYSIS] Examining AUD/USD | Time: 01:00 | Bars: 100
23:23:55 | [IDLE] Waiting for next market pulse...
23:24:05 | [36m[STATS][0m --- [CYCLE 188] ---
23:24:05 | [36m[STATS][0m Balance: 97973.15 | Equity: 97968.52 | Active: 4 | Margin: 97759.51 | Util: 0.2%
23:24:05 | [POSITION STATS] Open: 4 | Unrealized: $-4.63 | Daily Loss: $0.00/100.00
23:24:05 | [ANALYSIS] Examining EUR/USD | Time: 01:00 | Bars: 100
23:24:05 | [ANALYSIS] Examining GBP/USD | Time: 01:00 | Bars: 100
23:24:05 | [ANALYSIS] Examining USD/JPY | Time: 01:00 | Bars: 100
23:24:05 | [ANALYSIS] Examining AUD/USD | Time: 01:00 | Bars: 100
23:24:05 | [IDLE] Waiting for next market pulse...
23:24:15 | [36m[STATS][0m --- [CYCLE 189] ---
23:24:15 | [36m[STATS][0m Balance: 97973.15 | Equity: 97968.54 | Active: 4 | Margin: 97759.53 | Util: 0.2%
23:24:15 | [POSITION STATS] Open: 4 | Unrealized: $-4.61 | Daily Loss: $0.00/100.00
23:24:15 | [ANALYSIS] Examining EUR/USD | Time: 01:00 | Bars: 100
23:24:15 | [ANALYSIS] Examining GBP/USD | Time: 01:00 | Bars: 100
23:24:15 | [ANALYSIS] Examining USD/JPY | Time: 01:00 | Bars: 100
23:24:15 | [ANALYSIS] Examining AUD/USD | Time: 01:00 | Bars: 100
23:24:15 | [IDLE] Waiting for next market pulse...
23:24:26 | [36m[STATS][0m --- [CYCLE 190] ---
23:24:26 | [36m[STATS][0m Balance: 97973.15 | Equity: 97968.54 | Active: 4 | Margin: 97759.53 | Util: 0.2%
23:24:26 | [POSITION STATS] Open: 4 | Unrealized: $-4.61 | Daily Loss: $0.00/100.00
23:24:26 | [ANALYSIS] Examining EUR/USD | Time: 01:00 | Bars: 100
23:24:26 | [ANALYSIS] Examining GBP/USD | Time: 01:00 | Bars: 100
23:24:26 | [ANALYSIS] Examining USD/JPY | Time: 01:00 | Bars: 100
23:24:26 | [ANALYSIS] Examining AUD/USD | Time: 01:00 | Bars: 100
23:24:26 | [SUMMARY] Risk: operational | Positions: 4 | Daily Trades: 1/5 | Exits: 0 (Market: 0, Admin: 0)
23:24:26 | [IDLE] Waiting for next market pulse...
23:24:36 | [36m[STATS][0m --- [CYCLE 191] ---
23:24:36 | [36m[STATS][0m Balance: 97973.15 | Equity: 97968.54 | Active: 4 | Margin: 97759.53 | Util: 0.2%
23:24:36 | [POSITION STATS] Open: 4 | Unrealized: $-4.61 | Daily Loss: $0.00/100.00
23:24:36 | [ANALYSIS] Examining EUR/USD | Time: 01:00 | Bars: 100
23:24:36 | [ANALYSIS] Examining GBP/USD | Time: 01:00 | Bars: 100
23:24:36 | [ANALYSIS] Examining USD/JPY | Time: 01:00 | Bars: 100
23:24:36 | [ANALYSIS] Examining AUD/USD | Time: 01:00 | Bars: 100
23:24:36 | [IDLE] Waiting for next market pulse...
23:24:46 | [36m[STATS][0m --- [CYCLE 192] ---
23:24:46 | [36m[STATS][0m Balance: 97973.15 | Equity: 97968.44 | Active: 4 | Margin: 97759.43 | Util: 0.2%
23:24:46 | [POSITION STATS] Open: 4 | Unrealized: $-4.71 | Daily Loss: $0.00/100.00
23:24:46 | [ANALYSIS] Examining EUR/USD | Time: 01:00 | Bars: 100
23:24:46 | [ANALYSIS] Examining GBP/USD | Time: 01:00 | Bars: 100
23:24:46 | [ANALYSIS] Examining USD/JPY | Time: 01:00 | Bars: 100
23:24:46 | [ANALYSIS] Examining AUD/USD | Time: 01:00 | Bars: 100
23:24:46 | [IDLE] Waiting for next market pulse...
23:24:57 | [36m[STATS][0m --- [CYCLE 193] ---
23:24:57 | [36m[STATS][0m Balance: 97973.15 | Equity: 97968.37 | Active: 4 | Margin: 97759.36 | Util: 0.2%
23:24:57 | [POSITION STATS] Open: 4 | Unrealized: $-4.78 | Daily Loss: $0.00/100.00
23:24:57 | [ANALYSIS] Examining EUR/USD | Time: 01:00 | Bars: 100
23:24:57 | [ANALYSIS] Examining GBP/USD | Time: 01:00 | Bars: 100
23:24:57 | [ANALYSIS] Examining USD/JPY | Time: 01:00 | Bars: 100
23:24:57 | [ANALYSIS] Examining AUD/USD | Time: 01:00 | Bars: 100
23:24:57 | [IDLE] Waiting for next market pulse...
23:25:07 | [36m[STATS][0m --- [CYCLE 194] ---
23:25:07 | [36m[STATS][0m Balance: 97973.15 | Equity: 97968.37 | Active: 4 | Margin: 97759.36 | Util: 0.2%
23:25:07 | [POSITION STATS] Open: 4 | Unrealized: $-4.78 | Daily Loss: $0.00/100.00
23:25:07 | [ANALYSIS] Examining EUR/USD | Time: 01:00 | Bars: 100
23:25:07 | [ANALYSIS] Examining GBP/USD | Time: 01:00 | Bars: 100
23:25:07 | [ANALYSIS] Examining USD/JPY | Time: 01:00 | Bars: 100
23:25:07 | [ANALYSIS] Examining AUD/USD | Time: 01:00 | Bars: 100
23:25:07 | [IDLE] Waiting for next market pulse...
23:25:17 | [36m[STATS][0m --- [CYCLE 195] ---
23:25:17 | [36m[STATS][0m Balance: 97973.15 | Equity: 97968.34 | Active: 4 | Margin: 97759.33 | Util: 0.2%
23:25:17 | [POSITION STATS] Open: 4 | Unrealized: $-4.81 | Daily Loss: $0.00/100.00
23:25:17 | [ANALYSIS] Examining EUR/USD | Time: 01:00 | Bars: 100
23:25:17 | [ANALYSIS] Examining GBP/USD | Time: 01:00 | Bars: 100
23:25:17 | [ANALYSIS] Examining USD/JPY | Time: 01:00 | Bars: 100
23:25:17 | [ANALYSIS] Examining AUD/USD | Time: 01:00 | Bars: 100
23:25:17 | [SUMMARY] Risk: operational | Positions: 4 | Daily Trades: 1/5 | Exits: 0 (Market: 0, Admin: 0)
23:25:17 | [IDLE] Waiting for next market pulse...
23:25:28 | [36m[STATS][0m --- [CYCLE 196] ---
23:25:28 | [36m[STATS][0m Balance: 97973.15 | Equity: 97968.35 | Active: 4 | Margin: 97759.34 | Util: 0.2%
23:25:28 | [POSITION STATS] Open: 4 | Unrealized: $-4.80 | Daily Loss: $0.00/100.00
23:25:28 | [ANALYSIS] Examining EUR/USD | Time: 01:00 | Bars: 100
23:25:28 | [ANALYSIS] Examining GBP/USD | Time: 01:00 | Bars: 100
23:25:28 | [ANALYSIS] Examining USD/JPY | Time: 01:00 | Bars: 100
23:25:28 | [ANALYSIS] Examining AUD/USD | Time: 01:00 | Bars: 100
23:25:28 | [IDLE] Waiting for next market pulse...
23:25:38 | [36m[STATS][0m --- [CYCLE 197] ---
23:25:38 | [36m[STATS][0m Balance: 97973.15 | Equity: 97968.19 | Active: 4 | Margin: 97759.18 | Util: 0.2%
23:25:38 | [POSITION STATS] Open: 4 | Unrealized: $-4.96 | Daily Loss: $0.00/100.00
23:25:38 | [ANALYSIS] Examining EUR/USD | Time: 01:00 | Bars: 100
23:25:38 | [ANALYSIS] Examining GBP/USD | Time: 01:00 | Bars: 100
23:25:38 | [ANALYSIS] Examining USD/JPY | Time: 01:00 | Bars: 100
23:25:38 | [ANALYSIS] Examining AUD/USD | Time: 01:00 | Bars: 100
23:25:38 | [IDLE] Waiting for next market pulse...
23:25:48 | [36m[STATS][0m --- [CYCLE 198] ---
23:25:48 | [36m[STATS][0m Balance: 97973.15 | Equity: 97968.14 | Active: 4 | Margin: 97759.13 | Util: 0.2%
23:25:48 | [POSITION STATS] Open: 4 | Unrealized: $-5.01 | Daily Loss: $0.00/100.00
23:25:48 | [ANALYSIS] Examining EUR/USD | Time: 01:00 | Bars: 100
23:25:48 | [ANALYSIS] Examining GBP/USD | Time: 01:00 | Bars: 100
23:25:48 | [ANALYSIS] Examining USD/JPY | Time: 01:00 | Bars: 100
23:25:48 | [ANALYSIS] Examining AUD/USD | Time: 01:00 | Bars: 100
23:25:48 | [IDLE] Waiting for next market pulse...
23:25:59 | [36m[STATS][0m --- [CYCLE 199] ---
23:25:59 | [36m[STATS][0m Balance: 97973.15 | Equity: 97968.19 | Active: 4 | Margin: 97759.18 | Util: 0.2%
23:25:59 | [POSITION STATS] Open: 4 | Unrealized: $-4.96 | Daily Loss: $0.00/100.00
23:25:59 | [ANALYSIS] Examining EUR/USD | Time: 01:00 | Bars: 100
23:25:59 | [ANALYSIS] Examining GBP/USD | Time: 01:00 | Bars: 100
23:25:59 | [ANALYSIS] Examining USD/JPY | Time: 01:00 | Bars: 100
23:25:59 | [ANALYSIS] Examining AUD/USD | Time: 01:00 | Bars: 100
23:25:59 | [IDLE] Waiting for next market pulse...
23:26:09 | [36m[STATS][0m --- [CYCLE 200] ---
23:26:09 | [36m[STATS][0m Balance: 97973.15 | Equity: 97968.29 | Active: 4 | Margin: 97759.28 | Util: 0.2%
23:26:09 | [POSITION STATS] Open: 4 | Unrealized: $-4.86 | Daily Loss: $0.00/100.00
23:26:09 | [ANALYSIS] Examining EUR/USD | Time: 01:00 | Bars: 100
23:26:09 | [ANALYSIS] Examining GBP/USD | Time: 01:00 | Bars: 100
23:26:09 | [ANALYSIS] Examining USD/JPY | Time: 01:00 | Bars: 100
23:26:09 | [ANALYSIS] Examining AUD/USD | Time: 01:00 | Bars: 100
23:26:09 | [SUMMARY] Risk: operational | Positions: 4 | Daily Trades: 1/5 | Exits: 0 (Market: 0, Admin: 0)
23:26:09 | [IDLE] Waiting for next market pulse...
23:26:19 | [36m[STATS][0m --- [CYCLE 201] ---
23:26:19 | [36m[STATS][0m Balance: 97973.15 | Equity: 97968.34 | Active: 4 | Margin: 97759.33 | Util: 0.2%
23:26:19 | [POSITION STATS] Open: 4 | Unrealized: $-4.81 | Daily Loss: $0.00/100.00
23:26:19 | [ANALYSIS] Examining EUR/USD | Time: 01:00 | Bars: 100
23:26:19 | [ANALYSIS] Examining GBP/USD | Time: 01:00 | Bars: 100
23:26:19 | [ANALYSIS] Examining USD/JPY | Time: 01:00 | Bars: 100
23:26:19 | [ANALYSIS] Examining AUD/USD | Time: 01:00 | Bars: 100
23:26:19 | [IDLE] Waiting for next market pulse...
23:26:30 | [36m[STATS][0m --- [CYCLE 202] ---
23:26:30 | [36m[STATS][0m Balance: 97973.15 | Equity: 97968.40 | Active: 4 | Margin: 97759.39 | Util: 0.2%
23:26:30 | [POSITION STATS] Open: 4 | Unrealized: $-4.75 | Daily Loss: $0.00/100.00
23:26:30 | [ANALYSIS] Examining EUR/USD | Time: 01:00 | Bars: 100
23:26:30 | [ANALYSIS] Examining GBP/USD | Time: 01:00 | Bars: 100
23:26:30 | [ANALYSIS] Examining USD/JPY | Time: 01:00 | Bars: 100
23:26:30 | [ANALYSIS] Examining AUD/USD | Time: 01:00 | Bars: 100
23:26:30 | [IDLE] Waiting for next market pulse...
23:26:40 | [36m[STATS][0m --- [CYCLE 203] ---
23:26:40 | [36m[STATS][0m Balance: 97973.15 | Equity: 97968.67 | Active: 4 | Margin: 97759.66 | Util: 0.2%
23:26:40 | [POSITION STATS] Open: 4 | Unrealized: $-4.48 | Daily Loss: $0.00/100.00
23:26:40 | [ANALYSIS] Examining EUR/USD | Time: 01:00 | Bars: 100
23:26:40 | [ANALYSIS] Examining GBP/USD | Time: 01:00 | Bars: 100
23:26:40 | [ANALYSIS] Examining USD/JPY | Time: 01:00 | Bars: 100
23:26:40 | [ANALYSIS] Examining AUD/USD | Time: 01:00 | Bars: 100
23:26:40 | [IDLE] Waiting for next market pulse...
23:26:50 | [36m[STATS][0m --- [CYCLE 204] ---
23:26:50 | [36m[STATS][0m Balance: 97973.15 | Equity: 97968.64 | Active: 4 | Margin: 97759.63 | Util: 0.2%
23:26:50 | [POSITION STATS] Open: 4 | Unrealized: $-4.51 | Daily Loss: $0.00/100.00
23:26:50 | [ANALYSIS] Examining EUR/USD | Time: 01:00 | Bars: 100
23:26:50 | [ANALYSIS] Examining GBP/USD | Time: 01:00 | Bars: 100
23:26:50 | [ANALYSIS] Examining USD/JPY | Time: 01:00 | Bars: 100
23:26:50 | [ANALYSIS] Examining AUD/USD | Time: 01:00 | Bars: 100
23:26:50 | [IDLE] Waiting for next market pulse...
23:27:01 | [36m[STATS][0m --- [CYCLE 205] ---
23:27:01 | [36m[STATS][0m Balance: 97973.15 | Equity: 97968.64 | Active: 4 | Margin: 97759.63 | Util: 0.2%
23:27:01 | [POSITION STATS] Open: 4 | Unrealized: $-4.51 | Daily Loss: $0.00/100.00
23:27:01 | [ANALYSIS] Examining EUR/USD | Time: 01:00 | Bars: 100
23:27:01 | [ANALYSIS] Examining GBP/USD | Time: 01:00 | Bars: 100
23:27:01 | [ANALYSIS] Examining USD/JPY | Time: 01:00 | Bars: 100
23:27:01 | [ANALYSIS] Examining AUD/USD | Time: 01:00 | Bars: 100
23:27:01 | [SUMMARY] Risk: operational | Positions: 4 | Daily Trades: 1/5 | Exits: 0 (Market: 0, Admin: 0)
23:27:01 | [IDLE] Waiting for next market pulse...
23:27:11 | [36m[STATS][0m --- [CYCLE 206] ---
23:27:11 | [36m[STATS][0m Balance: 97973.15 | Equity: 97969.19 | Active: 4 | Margin: 97760.18 | Util: 0.2%
23:27:11 | [POSITION STATS] Open: 4 | Unrealized: $-3.96 | Daily Loss: $0.00/100.00
23:27:11 | [ANALYSIS] Examining EUR/USD | Time: 01:00 | Bars: 100
23:27:11 | [ANALYSIS] Examining GBP/USD | Time: 01:00 | Bars: 100
23:27:11 | [ANALYSIS] Examining USD/JPY | Time: 01:00 | Bars: 100
23:27:11 | [ANALYSIS] Examining AUD/USD | Time: 01:00 | Bars: 100
23:27:11 | [IDLE] Waiting for next market pulse...
23:27:21 | [36m[STATS][0m --- [CYCLE 207] ---
23:27:21 | [36m[STATS][0m Balance: 97973.15 | Equity: 97969.19 | Active: 4 | Margin: 97760.18 | Util: 0.2%
23:27:21 | [POSITION STATS] Open: 4 | Unrealized: $-3.96 | Daily Loss: $0.00/100.00
23:27:21 | [ANALYSIS] Examining EUR/USD | Time: 01:00 | Bars: 100
23:27:21 | [ANALYSIS] Examining GBP/USD | Time: 01:00 | Bars: 100
23:27:21 | [ANALYSIS] Examining USD/JPY | Time: 01:00 | Bars: 100
23:27:21 | [ANALYSIS] Examining AUD/USD | Time: 01:00 | Bars: 100
23:27:21 | [IDLE] Waiting for next market pulse...
23:27:32 | [36m[STATS][0m --- [CYCLE 208] ---
23:27:32 | [36m[STATS][0m Balance: 97973.15 | Equity: 97969.19 | Active: 4 | Margin: 97760.18 | Util: 0.2%
23:27:32 | [POSITION STATS] Open: 4 | Unrealized: $-3.96 | Daily Loss: $0.00/100.00
23:27:32 | [ANALYSIS] Examining EUR/USD | Time: 01:00 | Bars: 100
23:27:32 | [ANALYSIS] Examining GBP/USD | Time: 01:00 | Bars: 100
23:27:32 | [ANALYSIS] Examining USD/JPY | Time: 01:00 | Bars: 100
23:27:32 | [ANALYSIS] Examining AUD/USD | Time: 01:00 | Bars: 100
23:27:32 | [IDLE] Waiting for next market pulse...
23:27:42 | [36m[STATS][0m --- [CYCLE 209] ---
23:27:42 | [36m[STATS][0m Balance: 97973.15 | Equity: 97969.22 | Active: 4 | Margin: 97760.21 | Util: 0.2%
23:27:42 | [POSITION STATS] Open: 4 | Unrealized: $-3.93 | Daily Loss: $0.00/100.00
23:27:42 | [ANALYSIS] Examining EUR/USD | Time: 01:00 | Bars: 100
23:27:42 | [ANALYSIS] Examining GBP/USD | Time: 01:00 | Bars: 100
23:27:42 | [ANALYSIS] Examining USD/JPY | Time: 01:00 | Bars: 100
23:27:42 | [ANALYSIS] Examining AUD/USD | Time: 01:00 | Bars: 100
23:27:42 | [IDLE] Waiting for next market pulse...
23:27:52 | [36m[STATS][0m --- [CYCLE 210] ---
23:27:52 | [36m[STATS][0m Balance: 97973.15 | Equity: 97968.17 | Active: 4 | Margin: 97759.16 | Util: 0.2%
23:27:52 | [POSITION STATS] Open: 4 | Unrealized: $-4.98 | Daily Loss: $0.00/100.00
23:27:52 | [ANALYSIS] Examining EUR/USD | Time: 01:00 | Bars: 100
23:27:52 | [ANALYSIS] Examining GBP/USD | Time: 01:00 | Bars: 100
23:27:52 | [ANALYSIS] Examining USD/JPY | Time: 01:00 | Bars: 100
23:27:52 | [ANALYSIS] Examining AUD/USD | Time: 01:00 | Bars: 100
23:27:52 | [SUMMARY] Risk: operational | Positions: 4 | Daily Trades: 1/5 | Exits: 0 (Market: 0, Admin: 0)
23:27:52 | [IDLE] Waiting for next market pulse...
23:28:03 | [36m[STATS][0m --- [CYCLE 211] ---
23:28:03 | [36m[STATS][0m Balance: 97973.15 | Equity: 97968.32 | Active: 4 | Margin: 97759.31 | Util: 0.2%
23:28:03 | [POSITION STATS] Open: 4 | Unrealized: $-4.83 | Daily Loss: $0.00/100.00
23:28:03 | [ANALYSIS] Examining EUR/USD | Time: 01:00 | Bars: 100
23:28:03 | [ANALYSIS] Examining GBP/USD | Time: 01:00 | Bars: 100
23:28:03 | [ANALYSIS] Examining USD/JPY | Time: 01:00 | Bars: 100
23:28:03 | [ANALYSIS] Examining AUD/USD | Time: 01:00 | Bars: 100
23:28:03 | [IDLE] Waiting for next market pulse...
23:28:13 | [36m[STATS][0m --- [CYCLE 212] ---
23:28:13 | [36m[STATS][0m Balance: 97973.15 | Equity: 97968.24 | Active: 4 | Margin: 97759.23 | Util: 0.2%
23:28:13 | [POSITION STATS] Open: 4 | Unrealized: $-4.91 | Daily Loss: $0.00/100.00
23:28:13 | [ANALYSIS] Examining EUR/USD | Time: 01:00 | Bars: 100
23:28:13 | [ANALYSIS] Examining GBP/USD | Time: 01:00 | Bars: 100
23:28:13 | [ANALYSIS] Examining USD/JPY | Time: 01:00 | Bars: 100
23:28:13 | [ANALYSIS] Examining AUD/USD | Time: 01:00 | Bars: 100
23:28:13 | [IDLE] Waiting for next market pulse...
23:28:23 | [36m[STATS][0m --- [CYCLE 213] ---
23:28:23 | [36m[STATS][0m Balance: 97973.15 | Equity: 97968.24 | Active: 4 | Margin: 97759.23 | Util: 0.2%
23:28:23 | [POSITION STATS] Open: 4 | Unrealized: $-4.91 | Daily Loss: $0.00/100.00
23:28:23 | [ANALYSIS] Examining EUR/USD | Time: 01:00 | Bars: 100
23:28:23 | [ANALYSIS] Examining GBP/USD | Time: 01:00 | Bars: 100
23:28:23 | [ANALYSIS] Examining USD/JPY | Time: 01:00 | Bars: 100
23:28:23 | [ANALYSIS] Examining AUD/USD | Time: 01:00 | Bars: 100
23:28:23 | [IDLE] Waiting for next market pulse...
23:28:34 | [36m[STATS][0m --- [CYCLE 214] ---
23:28:34 | [36m[STATS][0m Balance: 97973.15 | Equity: 97968.29 | Active: 4 | Margin: 97759.28 | Util: 0.2%
23:28:34 | [POSITION STATS] Open: 4 | Unrealized: $-4.86 | Daily Loss: $0.00/100.00
23:28:34 | [ANALYSIS] Examining EUR/USD | Time: 01:00 | Bars: 100
23:28:34 | [ANALYSIS] Examining GBP/USD | Time: 01:00 | Bars: 100
23:28:34 | [ANALYSIS] Examining USD/JPY | Time: 01:00 | Bars: 100
23:28:34 | [ANALYSIS] Examining AUD/USD | Time: 01:00 | Bars: 100
23:28:34 | [IDLE] Waiting for next market pulse...
23:28:44 | [36m[STATS][0m --- [CYCLE 215] ---
23:28:44 | [36m[STATS][0m Balance: 97973.15 | Equity: 97968.38 | Active: 4 | Margin: 97759.37 | Util: 0.2%
23:28:44 | [POSITION STATS] Open: 4 | Unrealized: $-4.77 | Daily Loss: $0.00/100.00
23:28:44 | [ANALYSIS] Examining EUR/USD | Time: 01:00 | Bars: 100
23:28:44 | [ANALYSIS] Examining GBP/USD | Time: 01:00 | Bars: 100
23:28:44 | [ANALYSIS] Examining USD/JPY | Time: 01:00 | Bars: 100
23:28:44 | [ANALYSIS] Examining AUD/USD | Time: 01:00 | Bars: 100
23:28:44 | [SUMMARY] Risk: operational | Positions: 4 | Daily Trades: 1/5 | Exits: 0 (Market: 0, Admin: 0)
23:28:44 | [IDLE] Waiting for next market pulse...
23:28:54 | [36m[STATS][0m --- [CYCLE 216] ---
23:28:54 | [36m[STATS][0m Balance: 97973.15 | Equity: 97968.42 | Active: 4 | Margin: 97759.41 | Util: 0.2%
23:28:54 | [POSITION STATS] Open: 4 | Unrealized: $-4.73 | Daily Loss: $0.00/100.00
23:28:54 | [ANALYSIS] Examining EUR/USD | Time: 01:00 | Bars: 100
23:28:54 | [ANALYSIS] Examining GBP/USD | Time: 01:00 | Bars: 100
23:28:54 | [ANALYSIS] Examining USD/JPY | Time: 01:00 | Bars: 100
23:28:54 | [ANALYSIS] Examining AUD/USD | Time: 01:00 | Bars: 100
23:28:54 | [IDLE] Waiting for next market pulse...
23:29:05 | [36m[STATS][0m --- [CYCLE 217] ---
23:29:05 | [36m[STATS][0m Balance: 97973.15 | Equity: 97968.43 | Active: 4 | Margin: 97759.42 | Util: 0.2%
23:29:05 | [POSITION STATS] Open: 4 | Unrealized: $-4.72 | Daily Loss: $0.00/100.00
23:29:05 | [ANALYSIS] Examining EUR/USD | Time: 01:00 | Bars: 100
23:29:05 | [ANALYSIS] Examining GBP/USD | Time: 01:00 | Bars: 100
23:29:05 | [ANALYSIS] Examining USD/JPY | Time: 01:00 | Bars: 100
23:29:05 | [ANALYSIS] Examining AUD/USD | Time: 01:00 | Bars: 100
23:29:05 | [IDLE] Waiting for next market pulse...
23:29:15 | [36m[STATS][0m --- [CYCLE 218] ---
23:29:15 | [36m[STATS][0m Balance: 97973.15 | Equity: 97968.45 | Active: 4 | Margin: 97759.44 | Util: 0.2%
23:29:15 | [POSITION STATS] Open: 4 | Unrealized: $-4.70 | Daily Loss: $0.00/100.00
23:29:15 | [ANALYSIS] Examining EUR/USD | Time: 01:00 | Bars: 100
23:29:15 | [ANALYSIS] Examining GBP/USD | Time: 01:00 | Bars: 100
23:29:15 | [ANALYSIS] Examining USD/JPY | Time: 01:00 | Bars: 100
23:29:15 | [ANALYSIS] Examining AUD/USD | Time: 01:00 | Bars: 100
23:29:15 | [IDLE] Waiting for next market pulse...
23:29:25 | [36m[STATS][0m --- [CYCLE 219] ---
23:29:25 | [36m[STATS][0m Balance: 97973.15 | Equity: 97968.34 | Active: 4 | Margin: 97759.33 | Util: 0.2%
23:29:25 | [POSITION STATS] Open: 4 | Unrealized: $-4.81 | Daily Loss: $0.00/100.00
23:29:25 | [ANALYSIS] Examining EUR/USD | Time: 01:00 | Bars: 100
23:29:25 | [ANALYSIS] Examining GBP/USD | Time: 01:00 | Bars: 100
23:29:25 | [ANALYSIS] Examining USD/JPY | Time: 01:00 | Bars: 100
23:29:25 | [ANALYSIS] Examining AUD/USD | Time: 01:00 | Bars: 100
23:29:25 | [IDLE] Waiting for next market pulse...
23:29:36 | [36m[STATS][0m --- [CYCLE 220] ---
23:29:36 | [36m[STATS][0m Balance: 97973.15 | Equity: 97968.34 | Active: 4 | Margin: 97759.33 | Util: 0.2%
23:29:36 | [POSITION STATS] Open: 4 | Unrealized: $-4.81 | Daily Loss: $0.00/100.00
23:29:36 | [ANALYSIS] Examining EUR/USD | Time: 01:00 | Bars: 100
23:29:36 | [ANALYSIS] Examining GBP/USD | Time: 01:00 | Bars: 100
23:29:36 | [ANALYSIS] Examining USD/JPY | Time: 01:00 | Bars: 100
23:29:36 | [ANALYSIS] Examining AUD/USD | Time: 01:00 | Bars: 100
23:29:36 | [SUMMARY] Risk: operational | Positions: 4 | Daily Trades: 1/5 | Exits: 0 (Market: 0, Admin: 0)
23:29:36 | [IDLE] Waiting for next market pulse...
23:29:46 | [36m[STATS][0m --- [CYCLE 221] ---
23:29:46 | [36m[STATS][0m Balance: 97973.15 | Equity: 97968.24 | Active: 4 | Margin: 97759.23 | Util: 0.2%
23:29:46 | [POSITION STATS] Open: 4 | Unrealized: $-4.91 | Daily Loss: $0.00/100.00
23:29:46 | [ANALYSIS] Examining EUR/USD | Time: 01:00 | Bars: 100
23:29:46 | [ANALYSIS] Examining GBP/USD | Time: 01:00 | Bars: 100
23:29:46 | [ANALYSIS] Examining USD/JPY | Time: 01:00 | Bars: 100
23:29:46 | [ANALYSIS] Examining AUD/USD | Time: 01:00 | Bars: 100
23:29:46 | [IDLE] Waiting for next market pulse...
23:29:56 | [36m[STATS][0m --- [CYCLE 222] ---
23:29:56 | [36m[STATS][0m Balance: 97973.15 | Equity: 97968.19 | Active: 4 | Margin: 97759.18 | Util: 0.2%
23:29:56 | [POSITION STATS] Open: 4 | Unrealized: $-4.96 | Daily Loss: $0.00/100.00
23:29:56 | [ANALYSIS] Examining EUR/USD | Time: 01:00 | Bars: 100
23:29:56 | [ANALYSIS] Examining GBP/USD | Time: 01:00 | Bars: 100
23:29:56 | [ANALYSIS] Examining USD/JPY | Time: 01:00 | Bars: 100
23:29:56 | [ANALYSIS] Examining AUD/USD | Time: 01:00 | Bars: 100
23:29:56 | [IDLE] Waiting for next market pulse...
23:30:07 | [36m[STATS][0m --- [CYCLE 223] ---
23:30:07 | [36m[STATS][0m Balance: 97973.15 | Equity: 97968.07 | Active: 4 | Margin: 97759.06 | Util: 0.2%
23:30:07 | [POSITION STATS] Open: 4 | Unrealized: $-5.08 | Daily Loss: $0.00/100.00
23:30:07 | [ANALYSIS] Examining EUR/USD | Time: 01:00 | Bars: 100
23:30:07 | [ANALYSIS] Examining GBP/USD | Time: 01:00 | Bars: 100
23:30:07 | [ANALYSIS] Examining USD/JPY | Time: 01:00 | Bars: 100
23:30:07 | [ANALYSIS] Examining AUD/USD | Time: 01:00 | Bars: 100
23:30:07 | [IDLE] Waiting for next market pulse...
23:30:17 | [36m[STATS][0m --- [CYCLE 224] ---
23:30:17 | [36m[STATS][0m Balance: 97973.15 | Equity: 97968.83 | Active: 4 | Margin: 97759.82 | Util: 0.2%
23:30:17 | [POSITION STATS] Open: 4 | Unrealized: $-4.32 | Daily Loss: $0.00/100.00
23:30:17 | [ANALYSIS] Examining EUR/USD | Time: 01:00 | Bars: 100
23:30:17 | [ANALYSIS] Examining GBP/USD | Time: 01:00 | Bars: 100
23:30:17 | [ANALYSIS] Examining USD/JPY | Time: 01:00 | Bars: 100
23:30:17 | [ANALYSIS] Examining AUD/USD | Time: 01:00 | Bars: 100
23:30:17 | [IDLE] Waiting for next market pulse...
23:30:27 | [36m[STATS][0m --- [CYCLE 225] ---
23:30:27 | [36m[STATS][0m Balance: 97973.15 | Equity: 97968.64 | Active: 4 | Margin: 97759.63 | Util: 0.2%
23:30:27 | [POSITION STATS] Open: 4 | Unrealized: $-4.51 | Daily Loss: $0.00/100.00
23:30:27 | [ANALYSIS] Examining EUR/USD | Time: 01:00 | Bars: 100
23:30:27 | [ANALYSIS] Examining GBP/USD | Time: 01:00 | Bars: 100
23:30:27 | [ANALYSIS] Examining USD/JPY | Time: 01:00 | Bars: 100
23:30:27 | [ANALYSIS] Examining AUD/USD | Time: 01:00 | Bars: 100
23:30:27 | [SUMMARY] Risk: operational | Positions: 4 | Daily Trades: 1/5 | Exits: 0 (Market: 0, Admin: 0)
23:30:27 | [IDLE] Waiting for next market pulse...
23:30:38 | [36m[STATS][0m --- [CYCLE 226] ---
23:30:38 | [36m[STATS][0m Balance: 97973.15 | Equity: 97968.63 | Active: 4 | Margin: 97759.62 | Util: 0.2%
23:30:38 | [POSITION STATS] Open: 4 | Unrealized: $-4.52 | Daily Loss: $0.00/100.00
23:30:38 | [ANALYSIS] Examining EUR/USD | Time: 01:00 | Bars: 100
23:30:38 | [ANALYSIS] Examining GBP/USD | Time: 01:00 | Bars: 100
23:30:38 | [ANALYSIS] Examining USD/JPY | Time: 01:00 | Bars: 100
23:30:38 | [ANALYSIS] Examining AUD/USD | Time: 01:00 | Bars: 100
23:30:38 | [IDLE] Waiting for next market pulse...
23:30:48 | [36m[STATS][0m --- [CYCLE 227] ---
23:30:48 | [36m[STATS][0m Balance: 97973.15 | Equity: 97968.48 | Active: 4 | Margin: 97759.47 | Util: 0.2%
23:30:48 | [POSITION STATS] Open: 4 | Unrealized: $-4.67 | Daily Loss: $0.00/100.00
23:30:48 | [ANALYSIS] Examining EUR/USD | Time: 01:00 | Bars: 100
23:30:48 | [ANALYSIS] Examining GBP/USD | Time: 01:00 | Bars: 100
23:30:48 | [ANALYSIS] Examining USD/JPY | Time: 01:00 | Bars: 100
23:30:48 | [ANALYSIS] Examining AUD/USD | Time: 01:00 | Bars: 100
23:30:48 | [IDLE] Waiting for next market pulse...
23:30:58 | [36m[STATS][0m --- [CYCLE 228] ---
23:30:58 | [36m[STATS][0m Balance: 97973.15 | Equity: 97968.63 | Active: 4 | Margin: 97759.62 | Util: 0.2%
23:30:58 | [POSITION STATS] Open: 4 | Unrealized: $-4.52 | Daily Loss: $0.00/100.00
23:30:58 | [ANALYSIS] Examining EUR/USD | Time: 01:00 | Bars: 100
23:30:58 | [ANALYSIS] Examining GBP/USD | Time: 01:00 | Bars: 100
23:30:58 | [ANALYSIS] Examining USD/JPY | Time: 01:00 | Bars: 100
23:30:58 | [ANALYSIS] Examining AUD/USD | Time: 01:00 | Bars: 100
23:30:58 | [IDLE] Waiting for next market pulse...
23:31:09 | [36m[STATS][0m --- [CYCLE 229] ---
23:31:09 | [36m[STATS][0m Balance: 97973.15 | Equity: 97968.52 | Active: 4 | Margin: 97759.51 | Util: 0.2%
23:31:09 | [POSITION STATS] Open: 4 | Unrealized: $-4.63 | Daily Loss: $0.00/100.00
23:31:09 | [ANALYSIS] Examining EUR/USD | Time: 01:00 | Bars: 100
23:31:09 | [ANALYSIS] Examining GBP/USD | Time: 01:00 | Bars: 100
23:31:09 | [ANALYSIS] Examining USD/JPY | Time: 01:00 | Bars: 100
23:31:09 | [ANALYSIS] Examining AUD/USD | Time: 01:00 | Bars: 100
23:31:09 | [IDLE] Waiting for next market pulse...
23:31:19 | [36m[STATS][0m --- [CYCLE 230] ---
23:31:19 | [36m[STATS][0m Balance: 97973.15 | Equity: 97968.70 | Active: 4 | Margin: 97759.69 | Util: 0.2%
23:31:19 | [POSITION STATS] Open: 4 | Unrealized: $-4.45 | Daily Loss: $0.00/100.00
23:31:19 | [ANALYSIS] Examining EUR/USD | Time: 01:00 | Bars: 100
23:31:19 | [ANALYSIS] Examining GBP/USD | Time: 01:00 | Bars: 100
23:31:19 | [ANALYSIS] Examining USD/JPY | Time: 01:00 | Bars: 100
23:31:19 | [ANALYSIS] Examining AUD/USD | Time: 01:00 | Bars: 100
23:31:19 | [SUMMARY] Risk: operational | Positions: 4 | Daily Trades: 1/5 | Exits: 0 (Market: 0, Admin: 0)
23:31:19 | [IDLE] Waiting for next market pulse...
23:31:29 | [36m[STATS][0m --- [CYCLE 231] ---
23:31:29 | [36m[STATS][0m Balance: 97973.15 | Equity: 97968.65 | Active: 4 | Margin: 97759.64 | Util: 0.2%
23:31:29 | [POSITION STATS] Open: 4 | Unrealized: $-4.50 | Daily Loss: $0.00/100.00
23:31:29 | [ANALYSIS] Examining EUR/USD | Time: 01:00 | Bars: 100
23:31:29 | [ANALYSIS] Examining GBP/USD | Time: 01:00 | Bars: 100
23:31:29 | [ANALYSIS] Examining USD/JPY | Time: 01:00 | Bars: 100
23:31:29 | [ANALYSIS] Examining AUD/USD | Time: 01:00 | Bars: 100
23:31:29 | [IDLE] Waiting for next market pulse...
23:31:39 | [36m[STATS][0m --- [CYCLE 232] ---
23:31:39 | [36m[STATS][0m Balance: 97973.15 | Equity: 97968.63 | Active: 4 | Margin: 97759.62 | Util: 0.2%
23:31:39 | [POSITION STATS] Open: 4 | Unrealized: $-4.52 | Daily Loss: $0.00/100.00
23:31:40 | [ANALYSIS] Examining EUR/USD | Time: 01:00 | Bars: 100
23:31:40 | [ANALYSIS] Examining GBP/USD | Time: 01:00 | Bars: 100
23:31:40 | [ANALYSIS] Examining USD/JPY | Time: 01:00 | Bars: 100
23:31:40 | [ANALYSIS] Examining AUD/USD | Time: 01:00 | Bars: 100
23:31:40 | [IDLE] Waiting for next market pulse...
23:31:50 | [36m[STATS][0m --- [CYCLE 233] ---
23:31:50 | [36m[STATS][0m Balance: 97973.15 | Equity: 97968.10 | Active: 4 | Margin: 97759.09 | Util: 0.2%
23:31:50 | [POSITION STATS] Open: 4 | Unrealized: $-5.05 | Daily Loss: $0.00/100.00
23:31:50 | [ANALYSIS] Examining EUR/USD | Time: 01:00 | Bars: 100
23:31:50 | [ANALYSIS] Examining GBP/USD | Time: 01:00 | Bars: 100
23:31:50 | [ANALYSIS] Examining USD/JPY | Time: 01:00 | Bars: 100
23:31:50 | [ANALYSIS] Examining AUD/USD | Time: 01:00 | Bars: 100
23:31:50 | [IDLE] Waiting for next market pulse...
23:32:00 | [36m[STATS][0m --- [CYCLE 234] ---
23:32:01 | [36m[STATS][0m Balance: 97973.15 | Equity: 97968.25 | Active: 4 | Margin: 97759.24 | Util: 0.2%
23:32:01 | [POSITION STATS] Open: 4 | Unrealized: $-4.90 | Daily Loss: $0.00/100.00
23:32:01 | [ANALYSIS] Examining EUR/USD | Time: 01:00 | Bars: 100
23:32:01 | [ANALYSIS] Examining GBP/USD | Time: 01:00 | Bars: 100
23:32:01 | [ANALYSIS] Examining USD/JPY | Time: 01:00 | Bars: 100
23:32:01 | [ANALYSIS] Examining AUD/USD | Time: 01:00 | Bars: 100
23:32:01 | [IDLE] Waiting for next market pulse...
23:32:11 | [36m[STATS][0m --- [CYCLE 235] ---
23:32:11 | [36m[STATS][0m Balance: 97973.15 | Equity: 97967.85 | Active: 4 | Margin: 97758.84 | Util: 0.2%
23:32:11 | [POSITION STATS] Open: 4 | Unrealized: $-5.30 | Daily Loss: $0.00/100.00
23:32:11 | [ANALYSIS] Examining EUR/USD | Time: 01:00 | Bars: 100
23:32:11 | [ANALYSIS] Examining GBP/USD | Time: 01:00 | Bars: 100
23:32:11 | [ANALYSIS] Examining USD/JPY | Time: 01:00 | Bars: 100
23:32:11 | [ANALYSIS] Examining AUD/USD | Time: 01:00 | Bars: 100
23:32:11 | [SUMMARY] Risk: operational | Positions: 4 | Daily Trades: 1/5 | Exits: 0 (Market: 0, Admin: 0)
23:32:11 | [IDLE] Waiting for next market pulse...
23:32:21 | [36m[STATS][0m --- [CYCLE 236] ---
23:32:21 | [36m[STATS][0m Balance: 97973.15 | Equity: 97967.60 | Active: 4 | Margin: 97758.59 | Util: 0.2%
23:32:21 | [POSITION STATS] Open: 4 | Unrealized: $-5.55 | Daily Loss: $0.00/100.00
23:32:21 | [ANALYSIS] Examining EUR/USD | Time: 01:00 | Bars: 100
23:32:21 | [ANALYSIS] Examining GBP/USD | Time: 01:00 | Bars: 100
23:32:21 | [ANALYSIS] Examining USD/JPY | Time: 01:00 | Bars: 100
23:32:21 | [ANALYSIS] Examining AUD/USD | Time: 01:00 | Bars: 100
23:32:21 | [IDLE] Waiting for next market pulse...
23:32:31 | [36m[STATS][0m --- [CYCLE 237] ---
23:32:31 | [36m[STATS][0m Balance: 97973.15 | Equity: 97967.88 | Active: 4 | Margin: 97758.87 | Util: 0.2%
23:32:31 | [POSITION STATS] Open: 4 | Unrealized: $-5.27 | Daily Loss: $0.00/100.00
23:32:32 | [ANALYSIS] Examining EUR/USD | Time: 01:00 | Bars: 100
23:32:32 | [ANALYSIS] Examining GBP/USD | Time: 01:00 | Bars: 100
23:32:32 | [ANALYSIS] Examining USD/JPY | Time: 01:00 | Bars: 100
23:32:32 | [ANALYSIS] Examining AUD/USD | Time: 01:00 | Bars: 100
23:32:32 | [IDLE] Waiting for next market pulse...
23:32:42 | [36m[STATS][0m --- [CYCLE 238] ---
23:32:42 | [36m[STATS][0m Balance: 97973.15 | Equity: 97967.84 | Active: 4 | Margin: 97758.83 | Util: 0.2%
23:32:42 | [POSITION STATS] Open: 4 | Unrealized: $-5.31 | Daily Loss: $0.00/100.00
23:32:42 | [ANALYSIS] Examining EUR/USD | Time: 01:00 | Bars: 100
23:32:42 | [ANALYSIS] Examining GBP/USD | Time: 01:00 | Bars: 100
23:32:42 | [ANALYSIS] Examining USD/JPY | Time: 01:00 | Bars: 100
23:32:42 | [ANALYSIS] Examining AUD/USD | Time: 01:00 | Bars: 100
23:32:42 | [IDLE] Waiting for next market pulse...
23:32:52 | [36m[STATS][0m --- [CYCLE 239] ---
23:32:52 | [36m[STATS][0m Balance: 97973.15 | Equity: 97967.94 | Active: 4 | Margin: 97758.93 | Util: 0.2%
23:32:52 | [POSITION STATS] Open: 4 | Unrealized: $-5.21 | Daily Loss: $0.00/100.00
23:32:53 | [ANALYSIS] Examining EUR/USD | Time: 01:00 | Bars: 100
23:32:53 | [ANALYSIS] Examining GBP/USD | Time: 01:00 | Bars: 100
23:32:53 | [ANALYSIS] Examining USD/JPY | Time: 01:00 | Bars: 100
23:32:53 | [ANALYSIS] Examining AUD/USD | Time: 01:00 | Bars: 100
23:32:53 | [IDLE] Waiting for next market pulse...
23:33:03 | [36m[STATS][0m --- [CYCLE 240] ---
23:33:03 | [36m[STATS][0m Balance: 97973.15 | Equity: 97967.89 | Active: 4 | Margin: 97758.88 | Util: 0.2%
23:33:03 | [POSITION STATS] Open: 4 | Unrealized: $-5.26 | Daily Loss: $0.00/100.00
23:33:03 | [ANALYSIS] Examining EUR/USD | Time: 01:00 | Bars: 100
23:33:03 | [ANALYSIS] Examining GBP/USD | Time: 01:00 | Bars: 100
23:33:03 | [ANALYSIS] Examining USD/JPY | Time: 01:00 | Bars: 100
23:33:03 | [ANALYSIS] Examining AUD/USD | Time: 01:00 | Bars: 100
23:33:03 | [SUMMARY] Risk: operational | Positions: 4 | Daily Trades: 1/5 | Exits: 0 (Market: 0, Admin: 0)
23:33:03 | [IDLE] Waiting for next market pulse...
23:33:13 | [36m[STATS][0m --- [CYCLE 241] ---
23:33:14 | [36m[STATS][0m Balance: 97973.15 | Equity: 97968.03 | Active: 4 | Margin: 97759.02 | Util: 0.2%
23:33:14 | [POSITION STATS] Open: 4 | Unrealized: $-5.12 | Daily Loss: $0.00/100.00
23:33:14 | [ANALYSIS] Examining EUR/USD | Time: 01:00 | Bars: 100
23:33:14 | [ANALYSIS] Examining GBP/USD | Time: 01:00 | Bars: 100
23:33:14 | [ANALYSIS] Examining USD/JPY | Time: 01:00 | Bars: 100
23:33:14 | [ANALYSIS] Examining AUD/USD | Time: 01:00 | Bars: 100
23:33:14 | [IDLE] Waiting for next market pulse...
23:33:24 | [36m[STATS][0m --- [CYCLE 242] ---
23:33:24 | [36m[STATS][0m Balance: 97973.15 | Equity: 97967.84 | Active: 4 | Margin: 97758.83 | Util: 0.2%
23:33:24 | [POSITION STATS] Open: 4 | Unrealized: $-5.31 | Daily Loss: $0.00/100.00
23:33:24 | [ANALYSIS] Examining EUR/USD | Time: 01:00 | Bars: 100
23:33:24 | [ANALYSIS] Examining GBP/USD | Time: 01:00 | Bars: 100
23:33:24 | [ANALYSIS] Examining USD/JPY | Time: 01:00 | Bars: 100
23:33:24 | [ANALYSIS] Examining AUD/USD | Time: 01:00 | Bars: 100
23:33:24 | [IDLE] Waiting for next market pulse...
23:33:34 | [36m[STATS][0m --- [CYCLE 243] ---
23:33:34 | [36m[STATS][0m Balance: 97973.15 | Equity: 97967.59 | Active: 4 | Margin: 97758.58 | Util: 0.2%
23:33:34 | [POSITION STATS] Open: 4 | Unrealized: $-5.56 | Daily Loss: $0.00/100.00
23:33:34 | [ANALYSIS] Examining EUR/USD | Time: 01:00 | Bars: 100
23:33:34 | [ANALYSIS] Examining GBP/USD | Time: 01:00 | Bars: 100
23:33:34 | [ANALYSIS] Examining USD/JPY | Time: 01:00 | Bars: 100
23:33:34 | [ANALYSIS] Examining AUD/USD | Time: 01:00 | Bars: 100
23:33:34 | [IDLE] Waiting for next market pulse...
23:33:44 | [36m[STATS][0m --- [CYCLE 244] ---
23:33:45 | [36m[STATS][0m Balance: 97973.15 | Equity: 97967.74 | Active: 4 | Margin: 97758.73 | Util: 0.2%
23:33:45 | [POSITION STATS] Open: 4 | Unrealized: $-5.41 | Daily Loss: $0.00/100.00
23:33:45 | [ANALYSIS] Examining EUR/USD | Time: 01:00 | Bars: 100
23:33:45 | [ANALYSIS] Examining GBP/USD | Time: 01:00 | Bars: 100
23:33:45 | [ANALYSIS] Examining USD/JPY | Time: 01:00 | Bars: 100
23:33:45 | [ANALYSIS] Examining AUD/USD | Time: 01:00 | Bars: 100
23:33:45 | [IDLE] Waiting for next market pulse...
23:33:55 | [36m[STATS][0m --- [CYCLE 245] ---
23:33:55 | [36m[STATS][0m Balance: 97973.15 | Equity: 97967.49 | Active: 4 | Margin: 97758.48 | Util: 0.2%
23:33:55 | [POSITION STATS] Open: 4 | Unrealized: $-5.66 | Daily Loss: $0.00/100.00
23:33:55 | [ANALYSIS] Examining EUR/USD | Time: 01:00 | Bars: 100
23:33:55 | [ANALYSIS] Examining GBP/USD | Time: 01:00 | Bars: 100
23:33:55 | [ANALYSIS] Examining USD/JPY | Time: 01:00 | Bars: 100
23:33:55 | [ANALYSIS] Examining AUD/USD | Time: 01:00 | Bars: 100
23:33:55 | [SUMMARY] Risk: operational | Positions: 4 | Daily Trades: 1/5 | Exits: 0 (Market: 0, Admin: 0)
23:33:55 | [IDLE] Waiting for next market pulse...
23:34:05 | [36m[STATS][0m --- [CYCLE 246] ---
23:34:05 | [36m[STATS][0m Balance: 97973.15 | Equity: 97967.44 | Active: 4 | Margin: 97758.43 | Util: 0.2%
23:34:05 | [POSITION STATS] Open: 4 | Unrealized: $-5.71 | Daily Loss: $0.00/100.00
23:34:05 | [ANALYSIS] Examining EUR/USD | Time: 01:00 | Bars: 100
23:34:05 | [ANALYSIS] Examining GBP/USD | Time: 01:00 | Bars: 100
23:34:05 | [ANALYSIS] Examining USD/JPY | Time: 01:00 | Bars: 100
23:34:05 | [ANALYSIS] Examining AUD/USD | Time: 01:00 | Bars: 100
23:34:05 | [IDLE] Waiting for next market pulse...
23:34:16 | [36m[STATS][0m --- [CYCLE 247] ---
23:34:16 | [36m[STATS][0m Balance: 97973.15 | Equity: 97967.53 | Active: 4 | Margin: 97758.52 | Util: 0.2%
23:34:16 | [POSITION STATS] Open: 4 | Unrealized: $-5.62 | Daily Loss: $0.00/100.00
23:34:16 | [ANALYSIS] Examining EUR/USD | Time: 01:00 | Bars: 100
23:34:16 | [ANALYSIS] Examining GBP/USD | Time: 01:00 | Bars: 100
23:34:16 | [ANALYSIS] Examining USD/JPY | Time: 01:00 | Bars: 100
23:34:16 | [ANALYSIS] Examining AUD/USD | Time: 01:00 | Bars: 100
23:34:16 | [IDLE] Waiting for next market pulse...
23:34:26 | [36m[STATS][0m --- [CYCLE 248] ---
23:34:26 | [36m[STATS][0m Balance: 97973.15 | Equity: 97967.48 | Active: 4 | Margin: 97758.47 | Util: 0.2%
23:34:26 | [POSITION STATS] Open: 4 | Unrealized: $-5.67 | Daily Loss: $0.00/100.00
23:34:26 | [ANALYSIS] Examining EUR/USD | Time: 01:00 | Bars: 100
23:34:26 | [ANALYSIS] Examining GBP/USD | Time: 01:00 | Bars: 100
23:34:26 | [ANALYSIS] Examining USD/JPY | Time: 01:00 | Bars: 100
23:34:26 | [ANALYSIS] Examining AUD/USD | Time: 01:00 | Bars: 100
23:34:26 | [IDLE] Waiting for next market pulse...
23:34:36 | [36m[STATS][0m --- [CYCLE 249] ---
23:34:36 | [36m[STATS][0m Balance: 97973.15 | Equity: 97966.80 | Active: 4 | Margin: 97757.79 | Util: 0.2%
23:34:36 | [POSITION STATS] Open: 4 | Unrealized: $-6.35 | Daily Loss: $0.00/100.00
23:34:36 | [ANALYSIS] Examining EUR/USD | Time: 01:00 | Bars: 100
23:34:36 | [ANALYSIS] Examining GBP/USD | Time: 01:00 | Bars: 100
23:34:36 | [ANALYSIS] Examining USD/JPY | Time: 01:00 | Bars: 100
23:34:36 | [ANALYSIS] Examining AUD/USD | Time: 01:00 | Bars: 100
23:34:36 | [IDLE] Waiting for next market pulse...
23:34:47 | [36m[STATS][0m --- [CYCLE 250] ---
23:34:47 | [36m[STATS][0m Balance: 97973.15 | Equity: 97966.78 | Active: 4 | Margin: 97757.77 | Util: 0.2%
23:34:47 | [POSITION STATS] Open: 4 | Unrealized: $-6.37 | Daily Loss: $0.00/100.00
23:34:47 | [ANALYSIS] Examining EUR/USD | Time: 01:00 | Bars: 100
23:34:47 | [ANALYSIS] Examining GBP/USD | Time: 01:00 | Bars: 100
23:34:47 | [ANALYSIS] Examining USD/JPY | Time: 01:00 | Bars: 100
23:34:47 | [ANALYSIS] Examining AUD/USD | Time: 01:00 | Bars: 100
23:34:47 | [SUMMARY] Risk: operational | Positions: 4 | Daily Trades: 1/5 | Exits: 0 (Market: 0, Admin: 0)
23:34:47 | [IDLE] Waiting for next market pulse...
23:34:57 | [36m[STATS][0m --- [CYCLE 251] ---
23:34:57 | [36m[STATS][0m Balance: 97973.15 | Equity: 97966.73 | Active: 4 | Margin: 97757.72 | Util: 0.2%
23:34:57 | [POSITION STATS] Open: 4 | Unrealized: $-6.42 | Daily Loss: $0.00/100.00
23:34:57 | [ANALYSIS] Examining EUR/USD | Time: 01:00 | Bars: 100
23:34:57 | [ANALYSIS] Examining GBP/USD | Time: 01:00 | Bars: 100
23:34:57 | [ANALYSIS] Examining USD/JPY | Time: 01:00 | Bars: 100
23:34:57 | [ANALYSIS] Examining AUD/USD | Time: 01:00 | Bars: 100
23:34:57 | [IDLE] Waiting for next market pulse...
23:35:07 | [36m[STATS][0m --- [CYCLE 252] ---
23:35:07 | [36m[STATS][0m Balance: 97973.15 | Equity: 97966.93 | Active: 4 | Margin: 97757.92 | Util: 0.2%
23:35:07 | [POSITION STATS] Open: 4 | Unrealized: $-6.22 | Daily Loss: $0.00/100.00
23:35:07 | [ANALYSIS] Examining EUR/USD | Time: 01:00 | Bars: 100
23:35:07 | [ANALYSIS] Examining GBP/USD | Time: 01:00 | Bars: 100
23:35:07 | [ANALYSIS] Examining USD/JPY | Time: 01:00 | Bars: 100
23:35:07 | [ANALYSIS] Examining AUD/USD | Time: 01:00 | Bars: 100
23:35:07 | [IDLE] Waiting for next market pulse...
23:35:18 | [36m[STATS][0m --- [CYCLE 253] ---
23:35:18 | [36m[STATS][0m Balance: 97973.15 | Equity: 97966.88 | Active: 4 | Margin: 97757.87 | Util: 0.2%
23:35:18 | [POSITION STATS] Open: 4 | Unrealized: $-6.27 | Daily Loss: $0.00/100.00
23:35:18 | [ANALYSIS] Examining EUR/USD | Time: 01:00 | Bars: 100
23:35:18 | [ANALYSIS] Examining GBP/USD | Time: 01:00 | Bars: 100
23:35:18 | [ANALYSIS] Examining USD/JPY | Time: 01:00 | Bars: 100
23:35:18 | [ANALYSIS] Examining AUD/USD | Time: 01:00 | Bars: 100
23:35:18 | [IDLE] Waiting for next market pulse...
23:35:28 | [36m[STATS][0m --- [CYCLE 254] ---
23:35:28 | [36m[STATS][0m Balance: 97973.15 | Equity: 97966.83 | Active: 4 | Margin: 97757.82 | Util: 0.2%
23:35:28 | [POSITION STATS] Open: 4 | Unrealized: $-6.32 | Daily Loss: $0.00/100.00
23:35:28 | [ANALYSIS] Examining EUR/USD | Time: 01:00 | Bars: 100
23:35:28 | [ANALYSIS] Examining GBP/USD | Time: 01:00 | Bars: 100
23:35:28 | [ANALYSIS] Examining USD/JPY | Time: 01:00 | Bars: 100
23:35:28 | [ANALYSIS] Examining AUD/USD | Time: 01:00 | Bars: 100
23:35:28 | [IDLE] Waiting for next market pulse...
23:35:38 | [36m[STATS][0m --- [CYCLE 255] ---
23:35:38 | [36m[STATS][0m Balance: 97973.15 | Equity: 97966.89 | Active: 4 | Margin: 97757.88 | Util: 0.2%
23:35:38 | [POSITION STATS] Open: 4 | Unrealized: $-6.26 | Daily Loss: $0.00/100.00
23:35:38 | [ANALYSIS] Examining EUR/USD | Time: 01:00 | Bars: 100
23:35:38 | [ANALYSIS] Examining GBP/USD | Time: 01:00 | Bars: 100
23:35:38 | [ANALYSIS] Examining USD/JPY | Time: 01:00 | Bars: 100
23:35:38 | [ANALYSIS] Examining AUD/USD | Time: 01:00 | Bars: 100
23:35:38 | [SUMMARY] Risk: operational | Positions: 4 | Daily Trades: 1/5 | Exits: 0 (Market: 0, Admin: 0)
23:35:38 | [IDLE] Waiting for next market pulse...
23:35:49 | [36m[STATS][0m --- [CYCLE 256] ---
23:35:49 | [36m[STATS][0m Balance: 97973.15 | Equity: 97966.85 | Active: 4 | Margin: 97757.84 | Util: 0.2%
23:35:49 | [POSITION STATS] Open: 4 | Unrealized: $-6.30 | Daily Loss: $0.00/100.00
23:35:49 | [ANALYSIS] Examining EUR/USD | Time: 01:00 | Bars: 100
23:35:49 | [ANALYSIS] Examining GBP/USD | Time: 01:00 | Bars: 100
23:35:49 | [ANALYSIS] Examining USD/JPY | Time: 01:00 | Bars: 100
23:35:49 | [ANALYSIS] Examining AUD/USD | Time: 01:00 | Bars: 100
23:35:49 | [IDLE] Waiting for next market pulse...
23:35:59 | [36m[STATS][0m --- [CYCLE 257] ---
23:35:59 | [36m[STATS][0m Balance: 97973.15 | Equity: 97966.80 | Active: 4 | Margin: 97757.79 | Util: 0.2%
23:35:59 | [POSITION STATS] Open: 4 | Unrealized: $-6.35 | Daily Loss: $0.00/100.00
23:35:59 | [ANALYSIS] Examining EUR/USD | Time: 01:00 | Bars: 100
23:35:59 | [ANALYSIS] Examining GBP/USD | Time: 01:00 | Bars: 100
23:35:59 | [ANALYSIS] Examining USD/JPY | Time: 01:00 | Bars: 100
23:35:59 | [ANALYSIS] Examining AUD/USD | Time: 01:00 | Bars: 100
23:35:59 | [IDLE] Waiting for next market pulse...
23:36:09 | [36m[STATS][0m --- [CYCLE 258] ---
23:36:09 | [36m[STATS][0m Balance: 97973.15 | Equity: 97967.07 | Active: 4 | Margin: 97758.06 | Util: 0.2%
23:36:09 | [POSITION STATS] Open: 4 | Unrealized: $-6.08 | Daily Loss: $0.00/100.00
23:36:09 | [ANALYSIS] Examining EUR/USD | Time: 01:00 | Bars: 100
23:36:09 | [ANALYSIS] Examining GBP/USD | Time: 01:00 | Bars: 100
23:36:09 | [ANALYSIS] Examining USD/JPY | Time: 01:00 | Bars: 100
23:36:09 | [ANALYSIS] Examining AUD/USD | Time: 01:00 | Bars: 100
23:36:09 | [IDLE] Waiting for next market pulse...
23:36:20 | [36m[STATS][0m --- [CYCLE 259] ---
23:36:20 | [36m[STATS][0m Balance: 97973.15 | Equity: 97966.70 | Active: 4 | Margin: 97757.69 | Util: 0.2%
23:36:20 | [POSITION STATS] Open: 4 | Unrealized: $-6.45 | Daily Loss: $0.00/100.00
23:36:20 | [ANALYSIS] Examining EUR/USD | Time: 01:00 | Bars: 100
23:36:20 | [ANALYSIS] Examining GBP/USD | Time: 01:00 | Bars: 100
23:36:20 | [ANALYSIS] Examining USD/JPY | Time: 01:00 | Bars: 100
23:36:20 | [ANALYSIS] Examining AUD/USD | Time: 01:00 | Bars: 100
23:36:20 | [IDLE] Waiting for next market pulse...
23:36:30 | [36m[STATS][0m --- [CYCLE 260] ---
23:36:30 | [36m[STATS][0m Balance: 97973.15 | Equity: 97966.90 | Active: 4 | Margin: 97757.89 | Util: 0.2%
23:36:30 | [POSITION STATS] Open: 4 | Unrealized: $-6.25 | Daily Loss: $0.00/100.00
23:36:30 | [ANALYSIS] Examining EUR/USD | Time: 01:00 | Bars: 100
23:36:30 | [ANALYSIS] Examining GBP/USD | Time: 01:00 | Bars: 100
23:36:30 | [ANALYSIS] Examining USD/JPY | Time: 01:00 | Bars: 100
23:36:30 | [ANALYSIS] Examining AUD/USD | Time: 01:00 | Bars: 100
23:36:30 | [SUMMARY] Risk: operational | Positions: 4 | Daily Trades: 1/5 | Exits: 0 (Market: 0, Admin: 0)
23:36:30 | [IDLE] Waiting for next market pulse...
23:36:40 | [36m[STATS][0m --- [CYCLE 261] ---
23:36:40 | [36m[STATS][0m Balance: 97973.15 | Equity: 97966.87 | Active: 4 | Margin: 97757.86 | Util: 0.2%
23:36:40 | [POSITION STATS] Open: 4 | Unrealized: $-6.28 | Daily Loss: $0.00/100.00
23:36:40 | [ANALYSIS] Examining EUR/USD | Time: 01:00 | Bars: 100
23:36:40 | [ANALYSIS] Examining GBP/USD | Time: 01:00 | Bars: 100
23:36:40 | [ANALYSIS] Examining USD/JPY | Time: 01:00 | Bars: 100
23:36:40 | [ANALYSIS] Examining AUD/USD | Time: 01:00 | Bars: 100
23:36:40 | [IDLE] Waiting for next market pulse...
23:36:50 | [36m[STATS][0m --- [CYCLE 262] ---
23:36:50 | [36m[STATS][0m Balance: 97973.15 | Equity: 97966.60 | Active: 4 | Margin: 97757.59 | Util: 0.2%
23:36:50 | [POSITION STATS] Open: 4 | Unrealized: $-6.55 | Daily Loss: $0.00/100.00
23:36:51 | [ANALYSIS] Examining EUR/USD | Time: 01:00 | Bars: 100
23:36:51 | [ANALYSIS] Examining GBP/USD | Time: 01:00 | Bars: 100
23:36:51 | [ANALYSIS] Examining USD/JPY | Time: 01:00 | Bars: 100
23:36:51 | [ANALYSIS] Examining AUD/USD | Time: 01:00 | Bars: 100
23:36:51 | [IDLE] Waiting for next market pulse...
23:37:01 | [36m[STATS][0m --- [CYCLE 263] ---
23:37:01 | [36m[STATS][0m Balance: 97973.15 | Equity: 97966.72 | Active: 4 | Margin: 97757.71 | Util: 0.2%
23:37:01 | [POSITION STATS] Open: 4 | Unrealized: $-6.43 | Daily Loss: $0.00/100.00
23:37:01 | [ANALYSIS] Examining EUR/USD | Time: 01:00 | Bars: 100
23:37:01 | [ANALYSIS] Examining GBP/USD | Time: 01:00 | Bars: 100
23:37:01 | [ANALYSIS] Examining USD/JPY | Time: 01:00 | Bars: 100
23:37:01 | [ANALYSIS] Examining AUD/USD | Time: 01:00 | Bars: 100
23:37:01 | [IDLE] Waiting for next market pulse...
23:37:11 | [36m[STATS][0m --- [CYCLE 264] ---
23:37:11 | [36m[STATS][0m Balance: 97973.15 | Equity: 97966.70 | Active: 4 | Margin: 97757.69 | Util: 0.2%
23:37:11 | [POSITION STATS] Open: 4 | Unrealized: $-6.45 | Daily Loss: $0.00/100.00
23:37:11 | [ANALYSIS] Examining EUR/USD | Time: 01:00 | Bars: 100
23:37:11 | [ANALYSIS] Examining GBP/USD | Time: 01:00 | Bars: 100
23:37:11 | [ANALYSIS] Examining USD/JPY | Time: 01:00 | Bars: 100
23:37:11 | [ANALYSIS] Examining AUD/USD | Time: 01:00 | Bars: 100
23:37:11 | [IDLE] Waiting for next market pulse...
23:37:22 | [36m[STATS][0m --- [CYCLE 265] ---
23:37:22 | [36m[STATS][0m Balance: 97973.15 | Equity: 97966.67 | Active: 4 | Margin: 97757.66 | Util: 0.2%
23:37:22 | [POSITION STATS] Open: 4 | Unrealized: $-6.48 | Daily Loss: $0.00/100.00
23:37:22 | [ANALYSIS] Examining EUR/USD | Time: 01:00 | Bars: 100
23:37:22 | [ANALYSIS] Examining GBP/USD | Time: 01:00 | Bars: 100
23:37:22 | [ANALYSIS] Examining USD/JPY | Time: 01:00 | Bars: 100
23:37:22 | [ANALYSIS] Examining AUD/USD | Time: 01:00 | Bars: 100
23:37:22 | [SUMMARY] Risk: operational | Positions: 4 | Daily Trades: 1/5 | Exits: 0 (Market: 0, Admin: 0)
23:37:22 | [IDLE] Waiting for next market pulse...
23:37:32 | [36m[STATS][0m --- [CYCLE 266] ---
23:37:32 | [36m[STATS][0m Balance: 97973.15 | Equity: 97966.81 | Active: 4 | Margin: 97757.80 | Util: 0.2%
23:37:32 | [POSITION STATS] Open: 4 | Unrealized: $-6.34 | Daily Loss: $0.00/100.00
23:37:32 | [ANALYSIS] Examining EUR/USD | Time: 01:00 | Bars: 100
23:37:32 | [ANALYSIS] Examining GBP/USD | Time: 01:00 | Bars: 100
23:37:32 | [ANALYSIS] Examining USD/JPY | Time: 01:00 | Bars: 100
23:37:32 | [ANALYSIS] Examining AUD/USD | Time: 01:00 | Bars: 100
23:37:32 | [IDLE] Waiting for next market pulse...
23:37:42 | [36m[STATS][0m --- [CYCLE 267] ---
23:37:42 | [36m[STATS][0m Balance: 97973.15 | Equity: 97966.76 | Active: 4 | Margin: 97757.75 | Util: 0.2%
23:37:42 | [POSITION STATS] Open: 4 | Unrealized: $-6.39 | Daily Loss: $0.00/100.00
23:37:42 | [ANALYSIS] Examining EUR/USD | Time: 01:00 | Bars: 100
23:37:42 | [ANALYSIS] Examining GBP/USD | Time: 01:00 | Bars: 100
23:37:42 | [ANALYSIS] Examining USD/JPY | Time: 01:00 | Bars: 100
23:37:42 | [ANALYSIS] Examining AUD/USD | Time: 01:00 | Bars: 100
23:37:42 | [IDLE] Waiting for next market pulse...
23:37:53 | [36m[STATS][0m --- [CYCLE 268] ---
23:37:53 | [36m[STATS][0m Balance: 97973.15 | Equity: 97966.66 | Active: 4 | Margin: 97757.65 | Util: 0.2%
23:37:53 | [POSITION STATS] Open: 4 | Unrealized: $-6.49 | Daily Loss: $0.00/100.00
23:37:53 | [ANALYSIS] Examining EUR/USD | Time: 01:00 | Bars: 100
23:37:53 | [ANALYSIS] Examining GBP/USD | Time: 01:00 | Bars: 100
23:37:53 | [ANALYSIS] Examining USD/JPY | Time: 01:00 | Bars: 100
23:37:53 | [ANALYSIS] Examining AUD/USD | Time: 01:00 | Bars: 100
23:37:53 | [IDLE] Waiting for next market pulse...
23:38:03 | [36m[STATS][0m --- [CYCLE 269] ---
23:38:03 | [36m[STATS][0m Balance: 97973.15 | Equity: 97966.63 | Active: 4 | Margin: 97757.62 | Util: 0.2%
23:38:03 | [POSITION STATS] Open: 4 | Unrealized: $-6.52 | Daily Loss: $0.00/100.00
23:38:03 | [ANALYSIS] Examining EUR/USD | Time: 01:00 | Bars: 100
23:38:03 | [ANALYSIS] Examining GBP/USD | Time: 01:00 | Bars: 100
23:38:03 | [ANALYSIS] Examining USD/JPY | Time: 01:00 | Bars: 100
23:38:03 | [ANALYSIS] Examining AUD/USD | Time: 01:00 | Bars: 100
23:38:03 | [IDLE] Waiting for next market pulse...
23:38:13 | [36m[STATS][0m --- [CYCLE 270] ---
23:38:13 | [36m[STATS][0m Balance: 97973.15 | Equity: 97966.75 | Active: 4 | Margin: 97757.74 | Util: 0.2%
23:38:13 | [POSITION STATS] Open: 4 | Unrealized: $-6.40 | Daily Loss: $0.00/100.00
23:38:13 | [ANALYSIS] Examining EUR/USD | Time: 01:00 | Bars: 100
23:38:13 | [ANALYSIS] Examining GBP/USD | Time: 01:00 | Bars: 100
23:38:13 | [ANALYSIS] Examining USD/JPY | Time: 01:00 | Bars: 100
23:38:13 | [ANALYSIS] Examining AUD/USD | Time: 01:00 | Bars: 100
23:38:13 | [SUMMARY] Risk: operational | Positions: 4 | Daily Trades: 1/5 | Exits: 0 (Market: 0, Admin: 0)
23:38:13 | [IDLE] Waiting for next market pulse...
23:38:24 | [36m[STATS][0m --- [CYCLE 271] ---
23:38:24 | [36m[STATS][0m Balance: 97973.15 | Equity: 97966.69 | Active: 4 | Margin: 97757.68 | Util: 0.2%
23:38:24 | [POSITION STATS] Open: 4 | Unrealized: $-6.46 | Daily Loss: $0.00/100.00
23:38:24 | [ANALYSIS] Examining EUR/USD | Time: 01:00 | Bars: 100
23:38:24 | [ANALYSIS] Examining GBP/USD | Time: 01:00 | Bars: 100
23:38:24 | [ANALYSIS] Examining USD/JPY | Time: 01:00 | Bars: 100
23:38:24 | [ANALYSIS] Examining AUD/USD | Time: 01:00 | Bars: 100
23:38:24 | [IDLE] Waiting for next market pulse...
23:38:34 | [36m[STATS][0m --- [CYCLE 272] ---
23:38:34 | [36m[STATS][0m Balance: 97973.15 | Equity: 97966.87 | Active: 4 | Margin: 97757.86 | Util: 0.2%
23:38:34 | [POSITION STATS] Open: 4 | Unrealized: $-6.28 | Daily Loss: $0.00/100.00
23:38:34 | [ANALYSIS] Examining EUR/USD | Time: 01:00 | Bars: 100
23:38:34 | [ANALYSIS] Examining GBP/USD | Time: 01:00 | Bars: 100
23:38:34 | [ANALYSIS] Examining USD/JPY | Time: 01:00 | Bars: 100
23:38:34 | [ANALYSIS] Examining AUD/USD | Time: 01:00 | Bars: 100
23:38:34 | [IDLE] Waiting for next market pulse...
23:38:44 | [36m[STATS][0m --- [CYCLE 273] ---
23:38:44 | [36m[STATS][0m Balance: 97973.15 | Equity: 97966.60 | Active: 4 | Margin: 97757.59 | Util: 0.2%
23:38:44 | [POSITION STATS] Open: 4 | Unrealized: $-6.55 | Daily Loss: $0.00/100.00
23:38:44 | [ANALYSIS] Examining EUR/USD | Time: 01:00 | Bars: 100
23:38:44 | [ANALYSIS] Examining GBP/USD | Time: 01:00 | Bars: 100
23:38:44 | [ANALYSIS] Examining USD/JPY | Time: 01:00 | Bars: 100
23:38:44 | [ANALYSIS] Examining AUD/USD | Time: 01:00 | Bars: 100
23:38:44 | [IDLE] Waiting for next market pulse...
23:38:55 | [36m[STATS][0m --- [CYCLE 274] ---
23:38:55 | [36m[STATS][0m Balance: 97973.15 | Equity: 97966.55 | Active: 4 | Margin: 97757.54 | Util: 0.2%
23:38:55 | [POSITION STATS] Open: 4 | Unrealized: $-6.60 | Daily Loss: $0.00/100.00
23:38:55 | [ANALYSIS] Examining EUR/USD | Time: 01:00 | Bars: 100
23:38:55 | [ANALYSIS] Examining GBP/USD | Time: 01:00 | Bars: 100
23:38:55 | [ANALYSIS] Examining USD/JPY | Time: 01:00 | Bars: 100
23:38:55 | [ANALYSIS] Examining AUD/USD | Time: 01:00 | Bars: 100
23:38:55 | [IDLE] Waiting for next market pulse...
23:39:05 | [36m[STATS][0m --- [CYCLE 275] ---
23:39:05 | [36m[STATS][0m Balance: 97973.15 | Equity: 97966.62 | Active: 4 | Margin: 97757.61 | Util: 0.2%
23:39:05 | [POSITION STATS] Open: 4 | Unrealized: $-6.53 | Daily Loss: $0.00/100.00
23:39:05 | [ANALYSIS] Examining EUR/USD | Time: 01:00 | Bars: 100
23:39:05 | [ANALYSIS] Examining GBP/USD | Time: 01:00 | Bars: 100
23:39:05 | [ANALYSIS] Examining USD/JPY | Time: 01:00 | Bars: 100
23:39:05 | [ANALYSIS] Examining AUD/USD | Time: 01:00 | Bars: 100
23:39:05 | [SUMMARY] Risk: operational | Positions: 4 | Daily Trades: 1/5 | Exits: 0 (Market: 0, Admin: 0)
23:39:05 | [IDLE] Waiting for next market pulse...
23:39:15 | [36m[STATS][0m --- [CYCLE 276] ---
23:39:15 | [36m[STATS][0m Balance: 97973.15 | Equity: 97966.41 | Active: 4 | Margin: 97757.40 | Util: 0.2%
23:39:15 | [POSITION STATS] Open: 4 | Unrealized: $-6.74 | Daily Loss: $0.00/100.00
23:39:15 | [ANALYSIS] Examining EUR/USD | Time: 01:00 | Bars: 100
23:39:15 | [ANALYSIS] Examining GBP/USD | Time: 01:00 | Bars: 100
23:39:15 | [ANALYSIS] Examining USD/JPY | Time: 01:00 | Bars: 100
23:39:15 | [ANALYSIS] Examining AUD/USD | Time: 01:00 | Bars: 100
23:39:15 | [IDLE] Waiting for next market pulse...
23:39:25 | [36m[STATS][0m --- [CYCLE 277] ---
23:39:25 | [36m[STATS][0m Balance: 97973.15 | Equity: 97966.49 | Active: 4 | Margin: 97757.48 | Util: 0.2%
23:39:25 | [POSITION STATS] Open: 4 | Unrealized: $-6.66 | Daily Loss: $0.00/100.00
23:39:26 | [ANALYSIS] Examining EUR/USD | Time: 01:00 | Bars: 100
23:39:26 | [ANALYSIS] Examining GBP/USD | Time: 01:00 | Bars: 100
23:39:26 | [ANALYSIS] Examining USD/JPY | Time: 01:00 | Bars: 100
23:39:26 | [ANALYSIS] Examining AUD/USD | Time: 01:00 | Bars: 100
23:39:26 | [IDLE] Waiting for next market pulse...
23:39:36 | [36m[STATS][0m --- [CYCLE 278] ---
23:39:36 | [36m[STATS][0m Balance: 97973.15 | Equity: 97966.34 | Active: 4 | Margin: 97757.33 | Util: 0.2%
23:39:36 | [POSITION STATS] Open: 4 | Unrealized: $-6.81 | Daily Loss: $0.00/100.00
23:39:36 | [ANALYSIS] Examining EUR/USD | Time: 01:00 | Bars: 100
23:39:36 | [ANALYSIS] Examining GBP/USD | Time: 01:00 | Bars: 100
23:39:36 | [ANALYSIS] Examining USD/JPY | Time: 01:00 | Bars: 100
23:39:36 | [ANALYSIS] Examining AUD/USD | Time: 01:00 | Bars: 100
23:39:36 | [IDLE] Waiting for next market pulse...
23:39:46 | [36m[STATS][0m --- [CYCLE 279] ---
23:39:46 | [36m[STATS][0m Balance: 97973.15 | Equity: 97966.39 | Active: 4 | Margin: 97757.38 | Util: 0.2%
23:39:46 | [POSITION STATS] Open: 4 | Unrealized: $-6.76 | Daily Loss: $0.00/100.00
23:39:46 | [ANALYSIS] Examining EUR/USD | Time: 01:00 | Bars: 100
23:39:46 | [ANALYSIS] Examining GBP/USD | Time: 01:00 | Bars: 100
23:39:46 | [ANALYSIS] Examining USD/JPY | Time: 01:00 | Bars: 100
23:39:46 | [ANALYSIS] Examining AUD/USD | Time: 01:00 | Bars: 100
23:39:46 | [IDLE] Waiting for next market pulse...
23:39:57 | [36m[STATS][0m --- [CYCLE 280] ---
23:39:57 | [36m[STATS][0m Balance: 97973.15 | Equity: 97966.44 | Active: 4 | Margin: 97757.43 | Util: 0.2%
23:39:57 | [POSITION STATS] Open: 4 | Unrealized: $-6.71 | Daily Loss: $0.00/100.00
23:39:57 | [ANALYSIS] Examining EUR/USD | Time: 01:00 | Bars: 100
23:39:57 | [ANALYSIS] Examining GBP/USD | Time: 01:00 | Bars: 100
23:39:57 | [ANALYSIS] Examining USD/JPY | Time: 01:00 | Bars: 100
23:39:57 | [ANALYSIS] Examining AUD/USD | Time: 01:00 | Bars: 100
23:39:57 | [SUMMARY] Risk: operational | Positions: 4 | Daily Trades: 1/5 | Exits: 0 (Market: 0, Admin: 0)
23:39:57 | [IDLE] Waiting for next market pulse...
23:40:07 | [36m[STATS][0m --- [CYCLE 281] ---
23:40:07 | [36m[STATS][0m Balance: 97973.15 | Equity: 97966.47 | Active: 4 | Margin: 97757.46 | Util: 0.2%
23:40:07 | [POSITION STATS] Open: 4 | Unrealized: $-6.68 | Daily Loss: $0.00/100.00
23:40:07 | [ANALYSIS] Examining EUR/USD | Time: 01:00 | Bars: 100
23:40:07 | [ANALYSIS] Examining GBP/USD | Time: 01:00 | Bars: 100
23:40:07 | [ANALYSIS] Examining USD/JPY | Time: 01:00 | Bars: 100
23:40:07 | [ANALYSIS] Examining AUD/USD | Time: 01:00 | Bars: 100
23:40:07 | [IDLE] Waiting for next market pulse...
23:40:17 | [36m[STATS][0m --- [CYCLE 282] ---
23:40:17 | [36m[STATS][0m Balance: 97973.15 | Equity: 97966.54 | Active: 4 | Margin: 97757.53 | Util: 0.2%
23:40:17 | [POSITION STATS] Open: 4 | Unrealized: $-6.61 | Daily Loss: $0.00/100.00
23:40:17 | [ANALYSIS] Examining EUR/USD | Time: 01:00 | Bars: 100
23:40:17 | [ANALYSIS] Examining GBP/USD | Time: 01:00 | Bars: 100
23:40:17 | [ANALYSIS] Examining USD/JPY | Time: 01:00 | Bars: 100
23:40:17 | [ANALYSIS] Examining AUD/USD | Time: 01:00 | Bars: 100
23:40:17 | [IDLE] Waiting for next market pulse...
23:40:28 | [36m[STATS][0m --- [CYCLE 283] ---
23:40:28 | [36m[STATS][0m Balance: 97973.15 | Equity: 97966.67 | Active: 4 | Margin: 97757.66 | Util: 0.2%
23:40:28 | [POSITION STATS] Open: 4 | Unrealized: $-6.48 | Daily Loss: $0.00/100.00
23:40:28 | [ANALYSIS] Examining EUR/USD | Time: 01:00 | Bars: 100
23:40:28 | [ANALYSIS] Examining GBP/USD | Time: 01:00 | Bars: 100
23:40:28 | [ANALYSIS] Examining USD/JPY | Time: 01:00 | Bars: 100
23:40:28 | [ANALYSIS] Examining AUD/USD | Time: 01:00 | Bars: 100
23:40:28 | [IDLE] Waiting for next market pulse...
23:40:38 | [36m[STATS][0m --- [CYCLE 284] ---
23:40:38 | [36m[STATS][0m Balance: 97973.15 | Equity: 97966.75 | Active: 4 | Margin: 97757.74 | Util: 0.2%
23:40:38 | [POSITION STATS] Open: 4 | Unrealized: $-6.40 | Daily Loss: $0.00/100.00
23:40:38 | [ANALYSIS] Examining EUR/USD | Time: 01:00 | Bars: 100
23:40:38 | [ANALYSIS] Examining GBP/USD | Time: 01:00 | Bars: 100
23:40:38 | [ANALYSIS] Examining USD/JPY | Time: 01:00 | Bars: 100
23:40:38 | [ANALYSIS] Examining AUD/USD | Time: 01:00 | Bars: 100
23:40:38 | [IDLE] Waiting for next market pulse...
23:40:48 | [36m[STATS][0m --- [CYCLE 285] ---
23:40:48 | [36m[STATS][0m Balance: 97973.15 | Equity: 97966.69 | Active: 4 | Margin: 97757.68 | Util: 0.2%
23:40:48 | [POSITION STATS] Open: 4 | Unrealized: $-6.46 | Daily Loss: $0.00/100.00
23:40:48 | [ANALYSIS] Examining EUR/USD | Time: 01:00 | Bars: 100
23:40:48 | [ANALYSIS] Examining GBP/USD | Time: 01:00 | Bars: 100
23:40:48 | [ANALYSIS] Examining USD/JPY | Time: 01:00 | Bars: 100
23:40:48 | [ANALYSIS] Examining AUD/USD | Time: 01:00 | Bars: 100
23:40:48 | [SUMMARY] Risk: operational | Positions: 4 | Daily Trades: 1/5 | Exits: 0 (Market: 0, Admin: 0)
23:40:48 | [IDLE] Waiting for next market pulse...
23:40:59 | [36m[STATS][0m --- [CYCLE 286] ---
23:40:59 | [36m[STATS][0m Balance: 97973.15 | Equity: 97966.60 | Active: 4 | Margin: 97757.59 | Util: 0.2%
23:40:59 | [POSITION STATS] Open: 4 | Unrealized: $-6.55 | Daily Loss: $0.00/100.00
23:40:59 | [ANALYSIS] Examining EUR/USD | Time: 01:00 | Bars: 100
23:40:59 | [ANALYSIS] Examining GBP/USD | Time: 01:00 | Bars: 100
23:40:59 | [ANALYSIS] Examining USD/JPY | Time: 01:00 | Bars: 100
23:40:59 | [ANALYSIS] Examining AUD/USD | Time: 01:00 | Bars: 100
23:40:59 | [IDLE] Waiting for next market pulse...
23:41:09 | [36m[STATS][0m --- [CYCLE 287] ---
23:41:09 | [36m[STATS][0m Balance: 97973.15 | Equity: 97966.30 | Active: 4 | Margin: 97757.29 | Util: 0.2%
23:41:09 | [POSITION STATS] Open: 4 | Unrealized: $-6.85 | Daily Loss: $0.00/100.00
23:41:09 | [ANALYSIS] Examining EUR/USD | Time: 01:00 | Bars: 100
23:41:09 | [ANALYSIS] Examining GBP/USD | Time: 01:00 | Bars: 100
23:41:09 | [ANALYSIS] Examining USD/JPY | Time: 01:00 | Bars: 100
23:41:09 | [ANALYSIS] Examining AUD/USD | Time: 01:00 | Bars: 100
23:41:09 | [IDLE] Waiting for next market pulse...
23:41:19 | [36m[STATS][0m --- [CYCLE 288] ---
23:41:19 | [36m[STATS][0m Balance: 97973.15 | Equity: 97966.65 | Active: 4 | Margin: 97757.64 | Util: 0.2%
23:41:19 | [POSITION STATS] Open: 4 | Unrealized: $-6.50 | Daily Loss: $0.00/100.00
23:41:19 | [ANALYSIS] Examining EUR/USD | Time: 01:00 | Bars: 100
23:41:19 | [ANALYSIS] Examining GBP/USD | Time: 01:00 | Bars: 100
23:41:19 | [ANALYSIS] Examining USD/JPY | Time: 01:00 | Bars: 100
23:41:19 | [ANALYSIS] Examining AUD/USD | Time: 01:00 | Bars: 100
23:41:19 | [IDLE] Waiting for next market pulse...
23:41:30 | [36m[STATS][0m --- [CYCLE 289] ---
23:41:30 | [36m[STATS][0m Balance: 97973.15 | Equity: 97966.65 | Active: 4 | Margin: 97757.64 | Util: 0.2%
23:41:30 | [POSITION STATS] Open: 4 | Unrealized: $-6.50 | Daily Loss: $0.00/100.00
23:41:30 | [ANALYSIS] Examining EUR/USD | Time: 01:00 | Bars: 100
23:41:30 | [ANALYSIS] Examining GBP/USD | Time: 01:00 | Bars: 100
23:41:30 | [ANALYSIS] Examining USD/JPY | Time: 01:00 | Bars: 100
23:41:30 | [ANALYSIS] Examining AUD/USD | Time: 01:00 | Bars: 100
23:41:30 | [IDLE] Waiting for next market pulse...
23:41:40 | [36m[STATS][0m --- [CYCLE 290] ---
23:41:40 | [36m[STATS][0m Balance: 97973.15 | Equity: 97966.70 | Active: 4 | Margin: 97757.69 | Util: 0.2%
23:41:40 | [POSITION STATS] Open: 4 | Unrealized: $-6.45 | Daily Loss: $0.00/100.00
23:41:40 | [ANALYSIS] Examining EUR/USD | Time: 01:00 | Bars: 100
23:41:40 | [ANALYSIS] Examining GBP/USD | Time: 01:00 | Bars: 100
23:41:40 | [ANALYSIS] Examining USD/JPY | Time: 01:00 | Bars: 100
23:41:40 | [ANALYSIS] Examining AUD/USD | Time: 01:00 | Bars: 100
23:41:40 | [SUMMARY] Risk: operational | Positions: 4 | Daily Trades: 1/5 | Exits: 0 (Market: 0, Admin: 0)
23:41:40 | [IDLE] Waiting for next market pulse...
23:41:50 | [36m[STATS][0m --- [CYCLE 291] ---
23:41:50 | [36m[STATS][0m Balance: 97973.15 | Equity: 97966.62 | Active: 4 | Margin: 97757.61 | Util: 0.2%
23:41:50 | [POSITION STATS] Open: 4 | Unrealized: $-6.53 | Daily Loss: $0.00/100.00
23:41:50 | [ANALYSIS] Examining EUR/USD | Time: 01:00 | Bars: 100
23:41:50 | [ANALYSIS] Examining GBP/USD | Time: 01:00 | Bars: 100
23:41:50 | [ANALYSIS] Examining USD/JPY | Time: 01:00 | Bars: 100
23:41:50 | [ANALYSIS] Examining AUD/USD | Time: 01:00 | Bars: 100
23:41:50 | [IDLE] Waiting for next market pulse...
23:42:01 | [36m[STATS][0m --- [CYCLE 292] ---
23:42:01 | [36m[STATS][0m Balance: 97973.15 | Equity: 97966.71 | Active: 4 | Margin: 97757.70 | Util: 0.2%
23:42:01 | [POSITION STATS] Open: 4 | Unrealized: $-6.44 | Daily Loss: $0.00/100.00
23:42:01 | [ANALYSIS] Examining EUR/USD | Time: 01:00 | Bars: 100
23:42:01 | [ANALYSIS] Examining GBP/USD | Time: 01:00 | Bars: 100
23:42:01 | [ANALYSIS] Examining USD/JPY | Time: 01:00 | Bars: 100
23:42:01 | [ANALYSIS] Examining AUD/USD | Time: 01:00 | Bars: 100
23:42:01 | [IDLE] Waiting for next market pulse...
23:42:11 | [36m[STATS][0m --- [CYCLE 293] ---
23:42:11 | [36m[STATS][0m Balance: 97973.15 | Equity: 97966.71 | Active: 4 | Margin: 97757.70 | Util: 0.2%
23:42:11 | [POSITION STATS] Open: 4 | Unrealized: $-6.44 | Daily Loss: $0.00/100.00
23:42:11 | [ANALYSIS] Examining EUR/USD | Time: 01:00 | Bars: 100
23:42:11 | [ANALYSIS] Examining GBP/USD | Time: 01:00 | Bars: 100
23:42:11 | [ANALYSIS] Examining USD/JPY | Time: 01:00 | Bars: 100
23:42:11 | [ANALYSIS] Examining AUD/USD | Time: 01:00 | Bars: 100
23:42:11 | [IDLE] Waiting for next market pulse...
23:42:21 | [36m[STATS][0m --- [CYCLE 294] ---
23:42:21 | [36m[STATS][0m Balance: 97973.15 | Equity: 97966.48 | Active: 4 | Margin: 97757.47 | Util: 0.2%
23:42:21 | [POSITION STATS] Open: 4 | Unrealized: $-6.67 | Daily Loss: $0.00/100.00
23:42:21 | [ANALYSIS] Examining EUR/USD | Time: 01:00 | Bars: 100
23:42:21 | [ANALYSIS] Examining GBP/USD | Time: 01:00 | Bars: 100
23:42:21 | [ANALYSIS] Examining USD/JPY | Time: 01:00 | Bars: 100
23:42:21 | [ANALYSIS] Examining AUD/USD | Time: 01:00 | Bars: 100
23:42:21 | [IDLE] Waiting for next market pulse...
23:42:32 | [36m[STATS][0m --- [CYCLE 295] ---
23:42:32 | [36m[STATS][0m Balance: 97973.15 | Equity: 97966.43 | Active: 4 | Margin: 97757.42 | Util: 0.2%
23:42:32 | [POSITION STATS] Open: 4 | Unrealized: $-6.72 | Daily Loss: $0.00/100.00
23:42:32 | [ANALYSIS] Examining EUR/USD | Time: 01:00 | Bars: 100
23:42:32 | [ANALYSIS] Examining GBP/USD | Time: 01:00 | Bars: 100
23:42:32 | [ANALYSIS] Examining USD/JPY | Time: 01:00 | Bars: 100
23:42:32 | [ANALYSIS] Examining AUD/USD | Time: 01:00 | Bars: 100
23:42:32 | [SUMMARY] Risk: operational | Positions: 4 | Daily Trades: 1/5 | Exits: 0 (Market: 0, Admin: 0)
23:42:32 | [IDLE] Waiting for next market pulse...
23:42:42 | [36m[STATS][0m --- [CYCLE 296] ---
23:42:42 | [36m[STATS][0m Balance: 97973.15 | Equity: 97966.51 | Active: 4 | Margin: 97757.50 | Util: 0.2%
23:42:42 | [POSITION STATS] Open: 4 | Unrealized: $-6.64 | Daily Loss: $0.00/100.00
23:42:42 | [ANALYSIS] Examining EUR/USD | Time: 01:00 | Bars: 100
23:42:42 | [ANALYSIS] Examining GBP/USD | Time: 01:00 | Bars: 100
23:42:42 | [ANALYSIS] Examining USD/JPY | Time: 01:00 | Bars: 100
23:42:42 | [ANALYSIS] Examining AUD/USD | Time: 01:00 | Bars: 100
23:42:42 | [IDLE] Waiting for next market pulse...
23:42:52 | [36m[STATS][0m --- [CYCLE 297] ---
23:42:52 | [36m[STATS][0m Balance: 97973.15 | Equity: 97966.46 | Active: 4 | Margin: 97757.45 | Util: 0.2%
23:42:52 | [POSITION STATS] Open: 4 | Unrealized: $-6.69 | Daily Loss: $0.00/100.00
23:42:52 | [ANALYSIS] Examining EUR/USD | Time: 01:00 | Bars: 100
23:42:52 | [ANALYSIS] Examining GBP/USD | Time: 01:00 | Bars: 100
23:42:52 | [ANALYSIS] Examining USD/JPY | Time: 01:00 | Bars: 100
23:42:52 | [ANALYSIS] Examining AUD/USD | Time: 01:00 | Bars: 100
23:42:52 | [IDLE] Waiting for next market pulse...
23:43:03 | [36m[STATS][0m --- [CYCLE 298] ---
23:43:03 | [36m[STATS][0m Balance: 97973.15 | Equity: 97966.22 | Active: 4 | Margin: 97757.21 | Util: 0.2%
23:43:03 | [POSITION STATS] Open: 4 | Unrealized: $-6.93 | Daily Loss: $0.00/100.00
23:43:03 | [ANALYSIS] Examining EUR/USD | Time: 01:00 | Bars: 100
23:43:03 | [ANALYSIS] Examining GBP/USD | Time: 01:00 | Bars: 100
23:43:03 | [ANALYSIS] Examining USD/JPY | Time: 01:00 | Bars: 100
23:43:03 | [ANALYSIS] Examining AUD/USD | Time: 01:00 | Bars: 100
23:43:03 | [IDLE] Waiting for next market pulse...
23:43:13 | [36m[STATS][0m --- [CYCLE 299] ---
23:43:13 | [36m[STATS][0m Balance: 97973.15 | Equity: 97965.71 | Active: 4 | Margin: 97756.70 | Util: 0.2%
23:43:13 | [POSITION STATS] Open: 4 | Unrealized: $-7.44 | Daily Loss: $0.00/100.00
23:43:13 | [ANALYSIS] Examining EUR/USD | Time: 01:00 | Bars: 100
23:43:13 | [ANALYSIS] Examining GBP/USD | Time: 01:00 | Bars: 100
23:43:13 | [ANALYSIS] Examining USD/JPY | Time: 01:00 | Bars: 100
23:43:13 | [ANALYSIS] Examining AUD/USD | Time: 01:00 | Bars: 100
23:43:13 | [IDLE] Waiting for next market pulse...
23:43:23 | [36m[STATS][0m --- [CYCLE 300] ---
23:43:23 | [36m[STATS][0m Balance: 97973.15 | Equity: 97965.73 | Active: 4 | Margin: 97756.72 | Util: 0.2%
23:43:23 | [POSITION STATS] Open: 4 | Unrealized: $-7.42 | Daily Loss: $0.00/100.00
23:43:23 | [ANALYSIS] Examining EUR/USD | Time: 01:00 | Bars: 100
23:43:23 | [ANALYSIS] Examining GBP/USD | Time: 01:00 | Bars: 100
23:43:23 | [ANALYSIS] Examining USD/JPY | Time: 01:00 | Bars: 100
23:43:23 | [ANALYSIS] Examining AUD/USD | Time: 01:00 | Bars: 100
23:43:23 | [SUMMARY] Risk: operational | Positions: 4 | Daily Trades: 1/5 | Exits: 0 (Market: 0, Admin: 0)
23:43:23 | [IDLE] Waiting for next market pulse...
23:43:34 | [36m[STATS][0m --- [CYCLE 301] ---
23:43:34 | [36m[STATS][0m Balance: 97973.15 | Equity: 97965.48 | Active: 4 | Margin: 97756.47 | Util: 0.2%
23:43:34 | [POSITION STATS] Open: 4 | Unrealized: $-7.67 | Daily Loss: $0.00/100.00
23:43:34 | [ANALYSIS] Examining EUR/USD | Time: 01:00 | Bars: 100
23:43:34 | [ANALYSIS] Examining GBP/USD | Time: 01:00 | Bars: 100
23:43:34 | [ANALYSIS] Examining USD/JPY | Time: 01:00 | Bars: 100
23:43:34 | [ANALYSIS] Examining AUD/USD | Time: 01:00 | Bars: 100
23:43:34 | [IDLE] Waiting for next market pulse...
23:43:44 | [36m[STATS][0m --- [CYCLE 302] ---
23:43:44 | [36m[STATS][0m Balance: 97973.15 | Equity: 97965.56 | Active: 4 | Margin: 97756.55 | Util: 0.2%
23:43:44 | [POSITION STATS] Open: 4 | Unrealized: $-7.59 | Daily Loss: $0.00/100.00
23:43:44 | [ANALYSIS] Examining EUR/USD | Time: 01:00 | Bars: 100
23:43:44 | [ANALYSIS] Examining GBP/USD | Time: 01:00 | Bars: 100
23:43:44 | [ANALYSIS] Examining USD/JPY | Time: 01:00 | Bars: 100
23:43:44 | [ANALYSIS] Examining AUD/USD | Time: 01:00 | Bars: 100
23:43:44 | [IDLE] Waiting for next market pulse...
23:43:54 | [36m[STATS][0m --- [CYCLE 303] ---
23:43:54 | [36m[STATS][0m Balance: 97973.15 | Equity: 97965.51 | Active: 4 | Margin: 97756.50 | Util: 0.2%
23:43:54 | [POSITION STATS] Open: 4 | Unrealized: $-7.64 | Daily Loss: $0.00/100.00
23:43:54 | [ANALYSIS] Examining EUR/USD | Time: 01:00 | Bars: 100
23:43:54 | [ANALYSIS] Examining GBP/USD | Time: 01:00 | Bars: 100
23:43:54 | [ANALYSIS] Examining USD/JPY | Time: 01:00 | Bars: 100
23:43:54 | [ANALYSIS] Examining AUD/USD | Time: 01:00 | Bars: 100
23:43:54 | [IDLE] Waiting for next market pulse...
23:44:05 | [36m[STATS][0m --- [CYCLE 304] ---
23:44:05 | [36m[STATS][0m Balance: 97973.15 | Equity: 97965.59 | Active: 4 | Margin: 97756.58 | Util: 0.2%
23:44:05 | [POSITION STATS] Open: 4 | Unrealized: $-7.56 | Daily Loss: $0.00/100.00
23:44:05 | [ANALYSIS] Examining EUR/USD | Time: 01:00 | Bars: 100
23:44:05 | [ANALYSIS] Examining GBP/USD | Time: 01:00 | Bars: 100
23:44:05 | [ANALYSIS] Examining USD/JPY | Time: 01:00 | Bars: 100
23:44:05 | [ANALYSIS] Examining AUD/USD | Time: 01:00 | Bars: 100
23:44:05 | [IDLE] Waiting for next market pulse...
23:44:15 | [36m[STATS][0m --- [CYCLE 305] ---
23:44:15 | [36m[STATS][0m Balance: 97973.15 | Equity: 97965.59 | Active: 4 | Margin: 97756.58 | Util: 0.2%
23:44:15 | [POSITION STATS] Open: 4 | Unrealized: $-7.56 | Daily Loss: $0.00/100.00
23:44:15 | [ANALYSIS] Examining EUR/USD | Time: 01:00 | Bars: 100
23:44:15 | [ANALYSIS] Examining GBP/USD | Time: 01:00 | Bars: 100
23:44:15 | [ANALYSIS] Examining USD/JPY | Time: 01:00 | Bars: 100
23:44:15 | [ANALYSIS] Examining AUD/USD | Time: 01:00 | Bars: 100
23:44:15 | [SUMMARY] Risk: operational | Positions: 4 | Daily Trades: 1/5 | Exits: 0 (Market: 0, Admin: 0)
23:44:15 | [IDLE] Waiting for next market pulse...
23:44:25 | [36m[STATS][0m --- [CYCLE 306] ---
23:44:25 | [36m[STATS][0m Balance: 97973.15 | Equity: 97965.36 | Active: 4 | Margin: 97756.35 | Util: 0.2%
23:44:25 | [POSITION STATS] Open: 4 | Unrealized: $-7.79 | Daily Loss: $0.00/100.00
23:44:25 | [ANALYSIS] Examining EUR/USD | Time: 01:00 | Bars: 100
23:44:25 | [ANALYSIS] Examining GBP/USD | Time: 01:00 | Bars: 100
23:44:25 | [ANALYSIS] Examining USD/JPY | Time: 01:00 | Bars: 100
23:44:25 | [ANALYSIS] Examining AUD/USD | Time: 01:00 | Bars: 100
23:44:25 | [IDLE] Waiting for next market pulse...
23:44:36 | [36m[STATS][0m --- [CYCLE 307] ---
23:44:36 | [36m[STATS][0m Balance: 97973.15 | Equity: 97965.38 | Active: 4 | Margin: 97756.37 | Util: 0.2%
23:44:36 | [POSITION STATS] Open: 4 | Unrealized: $-7.77 | Daily Loss: $0.00/100.00
23:44:36 | [ANALYSIS] Examining EUR/USD | Time: 01:00 | Bars: 100
23:44:36 | [ANALYSIS] Examining GBP/USD | Time: 01:00 | Bars: 100
23:44:36 | [ANALYSIS] Examining USD/JPY | Time: 01:00 | Bars: 100
23:44:36 | [ANALYSIS] Examining AUD/USD | Time: 01:00 | Bars: 100
23:44:36 | [IDLE] Waiting for next market pulse...
23:44:46 | [36m[STATS][0m --- [CYCLE 308] ---
23:44:46 | [36m[STATS][0m Balance: 97973.15 | Equity: 97965.39 | Active: 4 | Margin: 97756.38 | Util: 0.2%
23:44:46 | [POSITION STATS] Open: 4 | Unrealized: $-7.76 | Daily Loss: $0.00/100.00
23:44:46 | [ANALYSIS] Examining EUR/USD | Time: 01:00 | Bars: 100
23:44:46 | [ANALYSIS] Examining GBP/USD | Time: 01:00 | Bars: 100
23:44:46 | [ANALYSIS] Examining USD/JPY | Time: 01:00 | Bars: 100
23:44:46 | [ANALYSIS] Examining AUD/USD | Time: 01:00 | Bars: 100
23:44:46 | [IDLE] Waiting for next market pulse...
23:44:56 | [36m[STATS][0m --- [CYCLE 309] ---
23:44:56 | [36m[STATS][0m Balance: 97973.15 | Equity: 97965.10 | Active: 4 | Margin: 97756.09 | Util: 0.2%
23:44:56 | [POSITION STATS] Open: 4 | Unrealized: $-8.05 | Daily Loss: $0.00/100.00
23:44:56 | [ANALYSIS] Examining EUR/USD | Time: 01:00 | Bars: 100
23:44:56 | [ANALYSIS] Examining GBP/USD | Time: 01:00 | Bars: 100
23:44:56 | [ANALYSIS] Examining USD/JPY | Time: 01:00 | Bars: 100
23:44:56 | [ANALYSIS] Examining AUD/USD | Time: 01:00 | Bars: 100
23:44:56 | [IDLE] Waiting for next market pulse...
23:45:07 | [36m[STATS][0m --- [CYCLE 310] ---
23:45:07 | [36m[STATS][0m Balance: 97973.15 | Equity: 97965.04 | Active: 4 | Margin: 97756.03 | Util: 0.2%
23:45:07 | [POSITION STATS] Open: 4 | Unrealized: $-8.11 | Daily Loss: $0.00/100.00
23:45:07 | [ANALYSIS] Examining EUR/USD | Time: 01:00 | Bars: 100
23:45:07 | [ANALYSIS] Examining GBP/USD | Time: 01:00 | Bars: 100
23:45:07 | [ANALYSIS] Examining USD/JPY | Time: 01:00 | Bars: 100
23:45:07 | [ANALYSIS] Examining AUD/USD | Time: 01:00 | Bars: 100
23:45:07 | [SUMMARY] Risk: operational | Positions: 4 | Daily Trades: 1/5 | Exits: 0 (Market: 0, Admin: 0)
23:45:07 | [IDLE] Waiting for next market pulse...
23:45:17 | [36m[STATS][0m --- [CYCLE 311] ---
23:45:17 | [36m[STATS][0m Balance: 97973.15 | Equity: 97965.23 | Active: 4 | Margin: 97756.22 | Util: 0.2%
23:45:17 | [POSITION STATS] Open: 4 | Unrealized: $-7.92 | Daily Loss: $0.00/100.00
23:45:17 | [ANALYSIS] Examining EUR/USD | Time: 01:00 | Bars: 100
23:45:17 | [ANALYSIS] Examining GBP/USD | Time: 01:00 | Bars: 100
23:45:17 | [ANALYSIS] Examining USD/JPY | Time: 01:00 | Bars: 100
23:45:17 | [ANALYSIS] Examining AUD/USD | Time: 01:00 | Bars: 100
23:45:17 | [IDLE] Waiting for next market pulse...
23:45:27 | [36m[STATS][0m --- [CYCLE 312] ---
23:45:27 | [36m[STATS][0m Balance: 97973.15 | Equity: 97965.58 | Active: 4 | Margin: 97756.57 | Util: 0.2%
23:45:27 | [POSITION STATS] Open: 4 | Unrealized: $-7.57 | Daily Loss: $0.00/100.00
23:45:27 | [ANALYSIS] Examining EUR/USD | Time: 01:00 | Bars: 100
23:45:27 | [ANALYSIS] Examining GBP/USD | Time: 01:00 | Bars: 100
23:45:27 | [ANALYSIS] Examining USD/JPY | Time: 01:00 | Bars: 100
23:45:27 | [ANALYSIS] Examining AUD/USD | Time: 01:00 | Bars: 100
23:45:27 | [IDLE] Waiting for next market pulse...
23:45:38 | [36m[STATS][0m --- [CYCLE 313] ---
23:45:38 | [36m[STATS][0m Balance: 97973.15 | Equity: 97965.44 | Active: 4 | Margin: 97756.43 | Util: 0.2%
23:45:38 | [POSITION STATS] Open: 4 | Unrealized: $-7.71 | Daily Loss: $0.00/100.00
23:45:38 | [ANALYSIS] Examining EUR/USD | Time: 01:00 | Bars: 100
23:45:38 | [ANALYSIS] Examining GBP/USD | Time: 01:00 | Bars: 100
23:45:38 | [ANALYSIS] Examining USD/JPY | Time: 01:00 | Bars: 100
23:45:38 | [ANALYSIS] Examining AUD/USD | Time: 01:00 | Bars: 100
23:45:38 | [IDLE] Waiting for next market pulse...
23:45:48 | [36m[STATS][0m --- [CYCLE 314] ---
23:45:48 | [36m[STATS][0m Balance: 97973.15 | Equity: 97965.41 | Active: 4 | Margin: 97756.40 | Util: 0.2%
23:45:48 | [POSITION STATS] Open: 4 | Unrealized: $-7.74 | Daily Loss: $0.00/100.00
23:45:48 | [ANALYSIS] Examining EUR/USD | Time: 01:00 | Bars: 100
23:45:48 | [ANALYSIS] Examining GBP/USD | Time: 01:00 | Bars: 100
23:45:48 | [ANALYSIS] Examining USD/JPY | Time: 01:00 | Bars: 100
23:45:48 | [ANALYSIS] Examining AUD/USD | Time: 01:00 | Bars: 100
23:45:48 | [IDLE] Waiting for next market pulse...
23:45:58 | [36m[STATS][0m --- [CYCLE 315] ---
23:45:58 | [36m[STATS][0m Balance: 97973.15 | Equity: 97965.52 | Active: 4 | Margin: 97756.51 | Util: 0.2%
23:45:58 | [POSITION STATS] Open: 4 | Unrealized: $-7.63 | Daily Loss: $0.00/100.00
23:45:58 | [ANALYSIS] Examining EUR/USD | Time: 01:00 | Bars: 100
23:45:58 | [ANALYSIS] Examining GBP/USD | Time: 01:00 | Bars: 100
23:45:58 | [ANALYSIS] Examining USD/JPY | Time: 01:00 | Bars: 100
23:45:58 | [ANALYSIS] Examining AUD/USD | Time: 01:00 | Bars: 100
23:45:58 | [SUMMARY] Risk: operational | Positions: 4 | Daily Trades: 1/5 | Exits: 0 (Market: 0, Admin: 0)
23:45:58 | [IDLE] Waiting for next market pulse...
23:46:09 | [36m[STATS][0m --- [CYCLE 316] ---
23:46:09 | [36m[STATS][0m Balance: 97973.15 | Equity: 97965.38 | Active: 4 | Margin: 97756.37 | Util: 0.2%
23:46:09 | [POSITION STATS] Open: 4 | Unrealized: $-7.77 | Daily Loss: $0.00/100.00
23:46:09 | [ANALYSIS] Examining EUR/USD | Time: 01:00 | Bars: 100
23:46:09 | [ANALYSIS] Examining GBP/USD | Time: 01:00 | Bars: 100
23:46:09 | [ANALYSIS] Examining USD/JPY | Time: 01:00 | Bars: 100
23:46:09 | [ANALYSIS] Examining AUD/USD | Time: 01:00 | Bars: 100
23:46:09 | [IDLE] Waiting for next market pulse...
23:46:19 | [36m[STATS][0m --- [CYCLE 317] ---
23:46:19 | [36m[STATS][0m Balance: 97973.15 | Equity: 97965.47 | Active: 4 | Margin: 97756.46 | Util: 0.2%
23:46:19 | [POSITION STATS] Open: 4 | Unrealized: $-7.68 | Daily Loss: $0.00/100.00
23:46:19 | [ANALYSIS] Examining EUR/USD | Time: 01:00 | Bars: 100
23:46:19 | [ANALYSIS] Examining GBP/USD | Time: 01:00 | Bars: 100
23:46:19 | [ANALYSIS] Examining USD/JPY | Time: 01:00 | Bars: 100
23:46:19 | [ANALYSIS] Examining AUD/USD | Time: 01:00 | Bars: 100
23:46:19 | [IDLE] Waiting for next market pulse...
23:46:29 | [36m[STATS][0m --- [CYCLE 318] ---
23:46:29 | [36m[STATS][0m Balance: 97973.15 | Equity: 97965.46 | Active: 4 | Margin: 97756.45 | Util: 0.2%
23:46:29 | [POSITION STATS] Open: 4 | Unrealized: $-7.69 | Daily Loss: $0.00/100.00
23:46:29 | [ANALYSIS] Examining EUR/USD | Time: 01:00 | Bars: 100
23:46:29 | [ANALYSIS] Examining GBP/USD | Time: 01:00 | Bars: 100
23:46:29 | [ANALYSIS] Examining USD/JPY | Time: 01:00 | Bars: 100
23:46:29 | [ANALYSIS] Examining AUD/USD | Time: 01:00 | Bars: 100
23:46:29 | [IDLE] Waiting for next market pulse...
23:46:40 | [36m[STATS][0m --- [CYCLE 319] ---
23:46:40 | [36m[STATS][0m Balance: 97973.15 | Equity: 97965.46 | Active: 4 | Margin: 97756.45 | Util: 0.2%
23:46:40 | [POSITION STATS] Open: 4 | Unrealized: $-7.69 | Daily Loss: $0.00/100.00
23:46:40 | [ANALYSIS] Examining EUR/USD | Time: 01:00 | Bars: 100
23:46:40 | [ANALYSIS] Examining GBP/USD | Time: 01:00 | Bars: 100
23:46:40 | [ANALYSIS] Examining USD/JPY | Time: 01:00 | Bars: 100
23:46:40 | [ANALYSIS] Examining AUD/USD | Time: 01:00 | Bars: 100
23:46:40 | [IDLE] Waiting for next market pulse...
23:46:50 | [36m[STATS][0m --- [CYCLE 320] ---
23:46:50 | [36m[STATS][0m Balance: 97973.15 | Equity: 97965.83 | Active: 4 | Margin: 97756.82 | Util: 0.2%
23:46:50 | [POSITION STATS] Open: 4 | Unrealized: $-7.32 | Daily Loss: $0.00/100.00
23:46:50 | [ANALYSIS] Examining EUR/USD | Time: 01:00 | Bars: 100
23:46:50 | [ANALYSIS] Examining GBP/USD | Time: 01:00 | Bars: 100
23:46:50 | [ANALYSIS] Examining USD/JPY | Time: 01:00 | Bars: 100
23:46:50 | [ANALYSIS] Examining AUD/USD | Time: 01:00 | Bars: 100
23:46:50 | [SUMMARY] Risk: operational | Positions: 4 | Daily Trades: 1/5 | Exits: 0 (Market: 0, Admin: 0)
23:46:50 | [IDLE] Waiting for next market pulse...
23:47:00 | [36m[STATS][0m --- [CYCLE 321] ---
23:47:00 | [36m[STATS][0m Balance: 97973.15 | Equity: 97965.93 | Active: 4 | Margin: 97756.92 | Util: 0.2%
23:47:00 | [POSITION STATS] Open: 4 | Unrealized: $-7.22 | Daily Loss: $0.00/100.00
23:47:00 | [ANALYSIS] Examining EUR/USD | Time: 01:00 | Bars: 100
23:47:00 | [ANALYSIS] Examining GBP/USD | Time: 01:00 | Bars: 100
23:47:00 | [ANALYSIS] Examining USD/JPY | Time: 01:00 | Bars: 100
23:47:00 | [ANALYSIS] Examining AUD/USD | Time: 01:00 | Bars: 100
23:47:00 | [IDLE] Waiting for next market pulse...
23:47:11 | [36m[STATS][0m --- [CYCLE 322] ---
23:47:11 | [36m[STATS][0m Balance: 97973.15 | Equity: 97965.71 | Active: 4 | Margin: 97756.70 | Util: 0.2%
23:47:11 | [POSITION STATS] Open: 4 | Unrealized: $-7.44 | Daily Loss: $0.00/100.00
23:47:11 | [ANALYSIS] Examining EUR/USD | Time: 01:00 | Bars: 100
23:47:11 | [ANALYSIS] Examining GBP/USD | Time: 01:00 | Bars: 100
23:47:11 | [ANALYSIS] Examining USD/JPY | Time: 01:00 | Bars: 100
23:47:11 | [ANALYSIS] Examining AUD/USD | Time: 01:00 | Bars: 100
23:47:11 | [IDLE] Waiting for next market pulse...
23:47:21 | [36m[STATS][0m --- [CYCLE 323] ---
23:47:21 | [36m[STATS][0m Balance: 97973.15 | Equity: 97965.44 | Active: 4 | Margin: 97756.43 | Util: 0.2%
23:47:21 | [POSITION STATS] Open: 4 | Unrealized: $-7.71 | Daily Loss: $0.00/100.00
23:47:21 | [ANALYSIS] Examining EUR/USD | Time: 01:00 | Bars: 100
23:47:21 | [ANALYSIS] Examining GBP/USD | Time: 01:00 | Bars: 100
23:47:21 | [ANALYSIS] Examining USD/JPY | Time: 01:00 | Bars: 100
23:47:21 | [ANALYSIS] Examining AUD/USD | Time: 01:00 | Bars: 100
23:47:21 | [IDLE] Waiting for next market pulse...
23:47:31 | [36m[STATS][0m --- [CYCLE 324] ---
23:47:31 | [36m[STATS][0m Balance: 97973.15 | Equity: 97965.41 | Active: 4 | Margin: 97756.40 | Util: 0.2%
23:47:31 | [POSITION STATS] Open: 4 | Unrealized: $-7.74 | Daily Loss: $0.00/100.00
23:47:31 | [ANALYSIS] Examining EUR/USD | Time: 01:00 | Bars: 100
23:47:31 | [ANALYSIS] Examining GBP/USD | Time: 01:00 | Bars: 100
23:47:31 | [ANALYSIS] Examining USD/JPY | Time: 01:00 | Bars: 100
23:47:31 | [ANALYSIS] Examining AUD/USD | Time: 01:00 | Bars: 100
23:47:31 | [IDLE] Waiting for next market pulse...
23:47:42 | [36m[STATS][0m --- [CYCLE 325] ---
23:47:42 | [36m[STATS][0m Balance: 97973.15 | Equity: 97965.64 | Active: 4 | Margin: 97756.63 | Util: 0.2%
23:47:42 | [POSITION STATS] Open: 4 | Unrealized: $-7.51 | Daily Loss: $0.00/100.00
23:47:42 | [ANALYSIS] Examining EUR/USD | Time: 01:00 | Bars: 100
23:47:42 | [ANALYSIS] Examining GBP/USD | Time: 01:00 | Bars: 100
23:47:42 | [ANALYSIS] Examining USD/JPY | Time: 01:00 | Bars: 100
23:47:42 | [ANALYSIS] Examining AUD/USD | Time: 01:00 | Bars: 100
23:47:42 | [SUMMARY] Risk: operational | Positions: 4 | Daily Trades: 1/5 | Exits: 0 (Market: 0, Admin: 0)
23:47:42 | [IDLE] Waiting for next market pulse...
23:47:52 | [36m[STATS][0m --- [CYCLE 326] ---
23:47:52 | [36m[STATS][0m Balance: 97973.15 | Equity: 97965.69 | Active: 4 | Margin: 97756.68 | Util: 0.2%
23:47:52 | [POSITION STATS] Open: 4 | Unrealized: $-7.46 | Daily Loss: $0.00/100.00
23:47:52 | [ANALYSIS] Examining EUR/USD | Time: 01:00 | Bars: 100
23:47:52 | [ANALYSIS] Examining GBP/USD | Time: 01:00 | Bars: 100
23:47:52 | [ANALYSIS] Examining USD/JPY | Time: 01:00 | Bars: 100
23:47:52 | [ANALYSIS] Examining AUD/USD | Time: 01:00 | Bars: 100
23:47:52 | [IDLE] Waiting for next market pulse...
23:48:02 | [36m[STATS][0m --- [CYCLE 327] ---
23:48:02 | [36m[STATS][0m Balance: 97973.15 | Equity: 97965.42 | Active: 4 | Margin: 97756.41 | Util: 0.2%
23:48:02 | [POSITION STATS] Open: 4 | Unrealized: $-7.73 | Daily Loss: $0.00/100.00
23:48:02 | [ANALYSIS] Examining EUR/USD | Time: 01:00 | Bars: 100
23:48:02 | [ANALYSIS] Examining GBP/USD | Time: 01:00 | Bars: 100
23:48:02 | [ANALYSIS] Examining USD/JPY | Time: 01:00 | Bars: 100
23:48:02 | [ANALYSIS] Examining AUD/USD | Time: 01:00 | Bars: 100
23:48:02 | [IDLE] Waiting for next market pulse...
23:48:13 | [36m[STATS][0m --- [CYCLE 328] ---
23:48:13 | [36m[STATS][0m Balance: 97973.15 | Equity: 97965.41 | Active: 4 | Margin: 97756.40 | Util: 0.2%
23:48:13 | [POSITION STATS] Open: 4 | Unrealized: $-7.74 | Daily Loss: $0.00/100.00
23:48:13 | [ANALYSIS] Examining EUR/USD | Time: 01:00 | Bars: 100
23:48:13 | [ANALYSIS] Examining GBP/USD | Time: 01:00 | Bars: 100
23:48:13 | [ANALYSIS] Examining USD/JPY | Time: 01:00 | Bars: 100
23:48:13 | [ANALYSIS] Examining AUD/USD | Time: 01:00 | Bars: 100
23:48:13 | [IDLE] Waiting for next market pulse...
23:48:23 | [36m[STATS][0m --- [CYCLE 329] ---
23:48:23 | [36m[STATS][0m Balance: 97973.15 | Equity: 97965.54 | Active: 4 | Margin: 97756.53 | Util: 0.2%
23:48:23 | [POSITION STATS] Open: 4 | Unrealized: $-7.61 | Daily Loss: $0.00/100.00
23:48:23 | [ANALYSIS] Examining EUR/USD | Time: 01:00 | Bars: 100
23:48:23 | [ANALYSIS] Examining GBP/USD | Time: 01:00 | Bars: 100
23:48:23 | [ANALYSIS] Examining USD/JPY | Time: 01:00 | Bars: 100
23:48:23 | [ANALYSIS] Examining AUD/USD | Time: 01:00 | Bars: 100
23:48:23 | [IDLE] Waiting for next market pulse...
23:48:33 | [36m[STATS][0m --- [CYCLE 330] ---
23:48:33 | [36m[STATS][0m Balance: 97973.15 | Equity: 97965.32 | Active: 4 | Margin: 97756.31 | Util: 0.2%
23:48:33 | [POSITION STATS] Open: 4 | Unrealized: $-7.83 | Daily Loss: $0.00/100.00
23:48:33 | [ANALYSIS] Examining EUR/USD | Time: 01:00 | Bars: 100
23:48:33 | [ANALYSIS] Examining GBP/USD | Time: 01:00 | Bars: 100
23:48:33 | [ANALYSIS] Examining USD/JPY | Time: 01:00 | Bars: 100
23:48:33 | [ANALYSIS] Examining AUD/USD | Time: 01:00 | Bars: 100
23:48:33 | [SUMMARY] Risk: operational | Positions: 4 | Daily Trades: 1/5 | Exits: 0 (Market: 0, Admin: 0)
23:48:33 | [IDLE] Waiting for next market pulse...
23:48:44 | [36m[STATS][0m --- [CYCLE 331] ---
23:48:44 | [36m[STATS][0m Balance: 97973.15 | Equity: 97965.06 | Active: 4 | Margin: 97756.05 | Util: 0.2%
23:48:44 | [POSITION STATS] Open: 4 | Unrealized: $-8.09 | Daily Loss: $0.00/100.00
23:48:44 | [ANALYSIS] Examining EUR/USD | Time: 01:00 | Bars: 100
23:48:44 | [ANALYSIS] Examining GBP/USD | Time: 01:00 | Bars: 100
23:48:44 | [ANALYSIS] Examining USD/JPY | Time: 01:00 | Bars: 100
23:48:44 | [ANALYSIS] Examining AUD/USD | Time: 01:00 | Bars: 100
23:48:44 | [IDLE] Waiting for next market pulse...
23:48:54 | [36m[STATS][0m --- [CYCLE 332] ---
23:48:54 | [36m[STATS][0m Balance: 97973.15 | Equity: 97965.11 | Active: 4 | Margin: 97756.10 | Util: 0.2%
23:48:54 | [POSITION STATS] Open: 4 | Unrealized: $-8.04 | Daily Loss: $0.00/100.00
23:48:54 | [ANALYSIS] Examining EUR/USD | Time: 01:00 | Bars: 100
23:48:54 | [ANALYSIS] Examining GBP/USD | Time: 01:00 | Bars: 100
23:48:54 | [ANALYSIS] Examining USD/JPY | Time: 01:00 | Bars: 100
23:48:54 | [ANALYSIS] Examining AUD/USD | Time: 01:00 | Bars: 100
23:48:54 | [IDLE] Waiting for next market pulse...
23:49:04 | [36m[STATS][0m --- [CYCLE 333] ---
23:49:04 | [36m[STATS][0m Balance: 97973.15 | Equity: 97965.19 | Active: 4 | Margin: 97756.18 | Util: 0.2%
23:49:04 | [POSITION STATS] Open: 4 | Unrealized: $-7.96 | Daily Loss: $0.00/100.00
23:49:04 | [ANALYSIS] Examining EUR/USD | Time: 01:00 | Bars: 100
23:49:04 | [ANALYSIS] Examining GBP/USD | Time: 01:00 | Bars: 100
23:49:04 | [ANALYSIS] Examining USD/JPY | Time: 01:00 | Bars: 100
23:49:04 | [ANALYSIS] Examining AUD/USD | Time: 01:00 | Bars: 100
23:49:04 | [IDLE] Waiting for next market pulse...
23:49:15 | [36m[STATS][0m --- [CYCLE 334] ---
23:49:15 | [36m[STATS][0m Balance: 97973.15 | Equity: 97965.04 | Active: 4 | Margin: 97756.03 | Util: 0.2%
23:49:15 | [POSITION STATS] Open: 4 | Unrealized: $-8.11 | Daily Loss: $0.00/100.00
23:49:15 | [ANALYSIS] Examining EUR/USD | Time: 01:00 | Bars: 100
23:49:15 | [ANALYSIS] Examining GBP/USD | Time: 01:00 | Bars: 100
23:49:15 | [ANALYSIS] Examining USD/JPY | Time: 01:00 | Bars: 100
23:49:15 | [ANALYSIS] Examining AUD/USD | Time: 01:00 | Bars: 100
23:49:15 | [IDLE] Waiting for next market pulse...
23:49:25 | [36m[STATS][0m --- [CYCLE 335] ---
23:49:25 | [36m[STATS][0m Balance: 97973.15 | Equity: 97964.99 | Active: 4 | Margin: 97755.98 | Util: 0.2%
23:49:25 | [POSITION STATS] Open: 4 | Unrealized: $-8.16 | Daily Loss: $0.00/100.00
23:49:25 | [ANALYSIS] Examining EUR/USD | Time: 01:00 | Bars: 100
23:49:25 | [ANALYSIS] Examining GBP/USD | Time: 01:00 | Bars: 100
23:49:25 | [ANALYSIS] Examining USD/JPY | Time: 01:00 | Bars: 100
23:49:25 | [ANALYSIS] Examining AUD/USD | Time: 01:00 | Bars: 100
23:49:25 | [SUMMARY] Risk: operational | Positions: 4 | Daily Trades: 1/5 | Exits: 0 (Market: 0, Admin: 0)
23:49:25 | [IDLE] Waiting for next market pulse...
23:49:35 | [36m[STATS][0m --- [CYCLE 336] ---
23:49:35 | [36m[STATS][0m Balance: 97973.15 | Equity: 97964.97 | Active: 4 | Margin: 97755.96 | Util: 0.2%
23:49:35 | [POSITION STATS] Open: 4 | Unrealized: $-8.18 | Daily Loss: $0.00/100.00
23:49:35 | [ANALYSIS] Examining EUR/USD | Time: 01:00 | Bars: 100
23:49:35 | [ANALYSIS] Examining GBP/USD | Time: 01:00 | Bars: 100
23:49:35 | [ANALYSIS] Examining USD/JPY | Time: 01:00 | Bars: 100
23:49:35 | [ANALYSIS] Examining AUD/USD | Time: 01:00 | Bars: 100
23:49:35 | [IDLE] Waiting for next market pulse...
23:49:46 | [36m[STATS][0m --- [CYCLE 337] ---
23:49:46 | [36m[STATS][0m Balance: 97973.15 | Equity: 97964.74 | Active: 4 | Margin: 97755.73 | Util: 0.2%
23:49:46 | [POSITION STATS] Open: 4 | Unrealized: $-8.41 | Daily Loss: $0.00/100.00
23:49:46 | [ANALYSIS] Examining EUR/USD | Time: 01:00 | Bars: 100
23:49:46 | [ANALYSIS] Examining GBP/USD | Time: 01:00 | Bars: 100
23:49:46 | [ANALYSIS] Examining USD/JPY | Time: 01:00 | Bars: 100
23:49:46 | [ANALYSIS] Examining AUD/USD | Time: 01:00 | Bars: 100
23:49:46 | [IDLE] Waiting for next market pulse...
23:49:56 | [36m[STATS][0m --- [CYCLE 338] ---
23:49:56 | [36m[STATS][0m Balance: 97973.15 | Equity: 97964.69 | Active: 4 | Margin: 97755.68 | Util: 0.2%
23:49:56 | [POSITION STATS] Open: 4 | Unrealized: $-8.46 | Daily Loss: $0.00/100.00
23:49:56 | [ANALYSIS] Examining EUR/USD | Time: 01:00 | Bars: 100
23:49:56 | [ANALYSIS] Examining GBP/USD | Time: 01:00 | Bars: 100
23:49:56 | [ANALYSIS] Examining USD/JPY | Time: 01:00 | Bars: 100
23:49:56 | [ANALYSIS] Examining AUD/USD | Time: 01:00 | Bars: 100
23:49:56 | [IDLE] Waiting for next market pulse...
23:50:06 | [36m[STATS][0m --- [CYCLE 339] ---
23:50:06 | [36m[STATS][0m Balance: 97973.15 | Equity: 97964.82 | Active: 4 | Margin: 97755.81 | Util: 0.2%
23:50:06 | [POSITION STATS] Open: 4 | Unrealized: $-8.33 | Daily Loss: $0.00/100.00
23:50:06 | [ANALYSIS] Examining EUR/USD | Time: 01:00 | Bars: 100
23:50:06 | [ANALYSIS] Examining GBP/USD | Time: 01:00 | Bars: 100
23:50:06 | [ANALYSIS] Examining USD/JPY | Time: 01:00 | Bars: 100
23:50:06 | [ANALYSIS] Examining AUD/USD | Time: 01:00 | Bars: 100
23:50:06 | [IDLE] Waiting for next market pulse...
23:50:17 | [36m[STATS][0m --- [CYCLE 340] ---
23:50:17 | [36m[STATS][0m Balance: 97973.15 | Equity: 97964.99 | Active: 4 | Margin: 97755.98 | Util: 0.2%
23:50:17 | [POSITION STATS] Open: 4 | Unrealized: $-8.16 | Daily Loss: $0.00/100.00
23:50:17 | [ANALYSIS] Examining EUR/USD | Time: 01:00 | Bars: 100
23:50:17 | [ANALYSIS] Examining GBP/USD | Time: 01:00 | Bars: 100
23:50:17 | [ANALYSIS] Examining USD/JPY | Time: 01:00 | Bars: 100
23:50:17 | [ANALYSIS] Examining AUD/USD | Time: 01:00 | Bars: 100
23:50:17 | [SUMMARY] Risk: operational | Positions: 4 | Daily Trades: 1/5 | Exits: 0 (Market: 0, Admin: 0)
23:50:17 | [IDLE] Waiting for next market pulse...
23:50:27 | [36m[STATS][0m --- [CYCLE 341] ---
23:50:27 | [36m[STATS][0m Balance: 97973.15 | Equity: 97964.94 | Active: 4 | Margin: 97755.93 | Util: 0.2%
23:50:27 | [POSITION STATS] Open: 4 | Unrealized: $-8.21 | Daily Loss: $0.00/100.00
23:50:27 | [ANALYSIS] Examining EUR/USD | Time: 01:00 | Bars: 100
23:50:27 | [ANALYSIS] Examining GBP/USD | Time: 01:00 | Bars: 100
23:50:27 | [ANALYSIS] Examining USD/JPY | Time: 01:00 | Bars: 100
23:50:27 | [ANALYSIS] Examining AUD/USD | Time: 01:00 | Bars: 100
23:50:27 | [IDLE] Waiting for next market pulse...
23:50:37 | [36m[STATS][0m --- [CYCLE 342] ---
23:50:37 | [36m[STATS][0m Balance: 97973.15 | Equity: 97964.94 | Active: 4 | Margin: 97755.93 | Util: 0.2%
23:50:37 | [POSITION STATS] Open: 4 | Unrealized: $-8.21 | Daily Loss: $0.00/100.00
23:50:37 | [ANALYSIS] Examining EUR/USD | Time: 01:00 | Bars: 100
23:50:37 | [ANALYSIS] Examining GBP/USD | Time: 01:00 | Bars: 100
23:50:37 | [ANALYSIS] Examining USD/JPY | Time: 01:00 | Bars: 100
23:50:37 | [ANALYSIS] Examining AUD/USD | Time: 01:00 | Bars: 100
23:50:37 | [IDLE] Waiting for next market pulse...
23:50:48 | [36m[STATS][0m --- [CYCLE 343] ---
23:50:48 | [36m[STATS][0m Balance: 97973.15 | Equity: 97964.99 | Active: 4 | Margin: 97755.98 | Util: 0.2%
23:50:48 | [POSITION STATS] Open: 4 | Unrealized: $-8.16 | Daily Loss: $0.00/100.00
23:50:48 | [ANALYSIS] Examining EUR/USD | Time: 01:00 | Bars: 100
23:50:48 | [ANALYSIS] Examining GBP/USD | Time: 01:00 | Bars: 100
23:50:48 | [ANALYSIS] Examining USD/JPY | Time: 01:00 | Bars: 100
23:50:48 | [ANALYSIS] Examining AUD/USD | Time: 01:00 | Bars: 100
23:50:48 | [IDLE] Waiting for next market pulse...
23:50:58 | [36m[STATS][0m --- [CYCLE 344] ---
23:50:58 | [36m[STATS][0m Balance: 97973.15 | Equity: 97964.94 | Active: 4 | Margin: 97755.93 | Util: 0.2%
23:50:58 | [POSITION STATS] Open: 4 | Unrealized: $-8.21 | Daily Loss: $0.00/100.00
23:50:58 | [ANALYSIS] Examining EUR/USD | Time: 01:00 | Bars: 100
23:50:58 | [ANALYSIS] Examining GBP/USD | Time: 01:00 | Bars: 100
23:50:58 | [ANALYSIS] Examining USD/JPY | Time: 01:00 | Bars: 100
23:50:58 | [ANALYSIS] Examining AUD/USD | Time: 01:00 | Bars: 100
23:50:58 | [IDLE] Waiting for next market pulse...
23:51:08 | [36m[STATS][0m --- [CYCLE 345] ---
23:51:08 | [36m[STATS][0m Balance: 97973.15 | Equity: 97964.96 | Active: 4 | Margin: 97755.95 | Util: 0.2%
23:51:08 | [POSITION STATS] Open: 4 | Unrealized: $-8.19 | Daily Loss: $0.00/100.00
23:51:08 | [ANALYSIS] Examining EUR/USD | Time: 01:00 | Bars: 100
23:51:08 | [ANALYSIS] Examining GBP/USD | Time: 01:00 | Bars: 100
23:51:08 | [ANALYSIS] Examining USD/JPY | Time: 01:00 | Bars: 100
23:51:08 | [ANALYSIS] Examining AUD/USD | Time: 01:00 | Bars: 100
23:51:08 | [SUMMARY] Risk: operational | Positions: 4 | Daily Trades: 1/5 | Exits: 0 (Market: 0, Admin: 0)
23:51:08 | [IDLE] Waiting for next market pulse...
23:51:19 | [36m[STATS][0m --- [CYCLE 346] ---
23:51:19 | [36m[STATS][0m Balance: 97973.15 | Equity: 97965.06 | Active: 4 | Margin: 97756.05 | Util: 0.2%
23:51:19 | [POSITION STATS] Open: 4 | Unrealized: $-8.09 | Daily Loss: $0.00/100.00
23:51:19 | [ANALYSIS] Examining EUR/USD | Time: 01:00 | Bars: 100
23:51:19 | [ANALYSIS] Examining GBP/USD | Time: 01:00 | Bars: 100
23:51:19 | [ANALYSIS] Examining USD/JPY | Time: 01:00 | Bars: 100
23:51:19 | [ANALYSIS] Examining AUD/USD | Time: 01:00 | Bars: 100
23:51:19 | [IDLE] Waiting for next market pulse...
23:51:29 | [36m[STATS][0m --- [CYCLE 347] ---
23:51:29 | [36m[STATS][0m Balance: 97973.15 | Equity: 97965.04 | Active: 4 | Margin: 97756.03 | Util: 0.2%
23:51:29 | [POSITION STATS] Open: 4 | Unrealized: $-8.11 | Daily Loss: $0.00/100.00
23:51:29 | [ANALYSIS] Examining EUR/USD | Time: 01:00 | Bars: 100
23:51:29 | [ANALYSIS] Examining GBP/USD | Time: 01:00 | Bars: 100
23:51:29 | [ANALYSIS] Examining USD/JPY | Time: 01:00 | Bars: 100
23:51:29 | [ANALYSIS] Examining AUD/USD | Time: 01:00 | Bars: 100
23:51:29 | [IDLE] Waiting for next market pulse...
23:51:39 | [36m[STATS][0m --- [CYCLE 348] ---
23:51:39 | [36m[STATS][0m Balance: 97973.15 | Equity: 97965.25 | Active: 4 | Margin: 97756.24 | Util: 0.2%
23:51:39 | [POSITION STATS] Open: 4 | Unrealized: $-7.90 | Daily Loss: $0.00/100.00
23:51:39 | [ANALYSIS] Examining EUR/USD | Time: 01:00 | Bars: 100
23:51:39 | [ANALYSIS] Examining GBP/USD | Time: 01:00 | Bars: 100
23:51:39 | [ANALYSIS] Examining USD/JPY | Time: 01:00 | Bars: 100
23:51:39 | [ANALYSIS] Examining AUD/USD | Time: 01:00 | Bars: 100
23:51:39 | [IDLE] Waiting for next market pulse...
23:51:50 | [36m[STATS][0m --- [CYCLE 349] ---
23:51:50 | [36m[STATS][0m Balance: 97973.15 | Equity: 97966.03 | Active: 4 | Margin: 97757.02 | Util: 0.2%
23:51:50 | [POSITION STATS] Open: 4 | Unrealized: $-7.12 | Daily Loss: $0.00/100.00
23:51:50 | [ANALYSIS] Examining EUR/USD | Time: 01:00 | Bars: 100
23:51:50 | [ANALYSIS] Examining GBP/USD | Time: 01:00 | Bars: 100
23:51:50 | [ANALYSIS] Examining USD/JPY | Time: 01:00 | Bars: 100
23:51:50 | [ANALYSIS] Examining AUD/USD | Time: 01:00 | Bars: 100
23:51:50 | [IDLE] Waiting for next market pulse...
23:52:00 | [36m[STATS][0m --- [CYCLE 350] ---
23:52:00 | [36m[STATS][0m Balance: 97973.15 | Equity: 97965.98 | Active: 4 | Margin: 97756.97 | Util: 0.2%
23:52:00 | [POSITION STATS] Open: 4 | Unrealized: $-7.17 | Daily Loss: $0.00/100.00
23:52:00 | [ANALYSIS] Examining EUR/USD | Time: 01:00 | Bars: 100
23:52:00 | [ANALYSIS] Examining GBP/USD | Time: 01:00 | Bars: 100
23:52:00 | [ANALYSIS] Examining USD/JPY | Time: 01:00 | Bars: 100
23:52:00 | [ANALYSIS] Examining AUD/USD | Time: 01:00 | Bars: 100
23:52:00 | [SUMMARY] Risk: operational | Positions: 4 | Daily Trades: 1/5 | Exits: 0 (Market: 0, Admin: 0)
23:52:00 | [IDLE] Waiting for next market pulse...
23:52:10 | [36m[STATS][0m --- [CYCLE 351] ---
23:52:10 | [36m[STATS][0m Balance: 97973.15 | Equity: 97965.71 | Active: 4 | Margin: 97756.70 | Util: 0.2%
23:52:10 | [POSITION STATS] Open: 4 | Unrealized: $-7.44 | Daily Loss: $0.00/100.00
23:52:10 | [ANALYSIS] Examining EUR/USD | Time: 01:00 | Bars: 100
23:52:10 | [ANALYSIS] Examining GBP/USD | Time: 01:00 | Bars: 100
23:52:10 | [ANALYSIS] Examining USD/JPY | Time: 01:00 | Bars: 100
23:52:10 | [ANALYSIS] Examining AUD/USD | Time: 01:00 | Bars: 100
23:52:10 | [IDLE] Waiting for next market pulse...
23:52:21 | [36m[STATS][0m --- [CYCLE 352] ---
23:52:21 | [36m[STATS][0m Balance: 97973.15 | Equity: 97965.52 | Active: 4 | Margin: 97756.51 | Util: 0.2%
23:52:21 | [POSITION STATS] Open: 4 | Unrealized: $-7.63 | Daily Loss: $0.00/100.00
23:52:21 | [ANALYSIS] Examining EUR/USD | Time: 01:00 | Bars: 100
23:52:21 | [ANALYSIS] Examining GBP/USD | Time: 01:00 | Bars: 100
23:52:21 | [ANALYSIS] Examining USD/JPY | Time: 01:00 | Bars: 100
23:52:21 | [ANALYSIS] Examining AUD/USD | Time: 01:00 | Bars: 100
23:52:21 | [IDLE] Waiting for next market pulse...
23:52:31 | [36m[STATS][0m --- [CYCLE 353] ---
23:52:31 | [36m[STATS][0m Balance: 97973.15 | Equity: 97965.74 | Active: 4 | Margin: 97756.73 | Util: 0.2%
23:52:31 | [POSITION STATS] Open: 4 | Unrealized: $-7.41 | Daily Loss: $0.00/100.00
23:52:31 | [ANALYSIS] Examining EUR/USD | Time: 01:00 | Bars: 100
23:52:31 | [ANALYSIS] Examining GBP/USD | Time: 01:00 | Bars: 100
23:52:31 | [ANALYSIS] Examining USD/JPY | Time: 01:00 | Bars: 100
23:52:31 | [ANALYSIS] Examining AUD/USD | Time: 01:00 | Bars: 100
23:52:31 | [IDLE] Waiting for next market pulse...
23:52:41 | [36m[STATS][0m --- [CYCLE 354] ---
23:52:41 | [36m[STATS][0m Balance: 97973.15 | Equity: 97965.59 | Active: 4 | Margin: 97756.58 | Util: 0.2%
23:52:41 | [POSITION STATS] Open: 4 | Unrealized: $-7.56 | Daily Loss: $0.00/100.00
23:52:41 | [ANALYSIS] Examining EUR/USD | Time: 01:00 | Bars: 100
23:52:41 | [ANALYSIS] Examining GBP/USD | Time: 01:00 | Bars: 100
23:52:41 | [ANALYSIS] Examining USD/JPY | Time: 01:00 | Bars: 100
23:52:41 | [ANALYSIS] Examining AUD/USD | Time: 01:00 | Bars: 100
23:52:41 | [IDLE] Waiting for next market pulse...
23:52:52 | [36m[STATS][0m --- [CYCLE 355] ---
23:52:52 | [36m[STATS][0m Balance: 97973.15 | Equity: 97965.77 | Active: 4 | Margin: 97756.76 | Util: 0.2%
23:52:52 | [POSITION STATS] Open: 4 | Unrealized: $-7.38 | Daily Loss: $0.00/100.00
23:52:52 | [ANALYSIS] Examining EUR/USD | Time: 01:00 | Bars: 100
23:52:52 | [ANALYSIS] Examining GBP/USD | Time: 01:00 | Bars: 100
23:52:52 | [ANALYSIS] Examining USD/JPY | Time: 01:00 | Bars: 100
23:52:52 | [ANALYSIS] Examining AUD/USD | Time: 01:00 | Bars: 100
23:52:52 | [SUMMARY] Risk: operational | Positions: 4 | Daily Trades: 1/5 | Exits: 0 (Market: 0, Admin: 0)
23:52:52 | [IDLE] Waiting for next market pulse...
23:53:02 | [36m[STATS][0m --- [CYCLE 356] ---
23:53:02 | [36m[STATS][0m Balance: 97973.15 | Equity: 97965.50 | Active: 4 | Margin: 97756.49 | Util: 0.2%
23:53:02 | [POSITION STATS] Open: 4 | Unrealized: $-7.65 | Daily Loss: $0.00/100.00
23:53:02 | [ANALYSIS] Examining EUR/USD | Time: 01:00 | Bars: 100
23:53:02 | [ANALYSIS] Examining GBP/USD | Time: 01:00 | Bars: 100
23:53:02 | [ANALYSIS] Examining USD/JPY | Time: 01:00 | Bars: 100
23:53:02 | [ANALYSIS] Examining AUD/USD | Time: 01:00 | Bars: 100
23:53:02 | [IDLE] Waiting for next market pulse...
23:53:12 | [36m[STATS][0m --- [CYCLE 357] ---
23:53:12 | [36m[STATS][0m Balance: 97973.15 | Equity: 97965.67 | Active: 4 | Margin: 97756.66 | Util: 0.2%
23:53:12 | [POSITION STATS] Open: 4 | Unrealized: $-7.48 | Daily Loss: $0.00/100.00
23:53:12 | [ANALYSIS] Examining EUR/USD | Time: 01:00 | Bars: 100
23:53:12 | [ANALYSIS] Examining GBP/USD | Time: 01:00 | Bars: 100
23:53:12 | [ANALYSIS] Examining USD/JPY | Time: 01:00 | Bars: 100
23:53:12 | [ANALYSIS] Examining AUD/USD | Time: 01:00 | Bars: 100
23:53:12 | [IDLE] Waiting for next market pulse...
23:53:23 | [36m[STATS][0m --- [CYCLE 358] ---
23:53:23 | [36m[STATS][0m Balance: 97973.15 | Equity: 97965.74 | Active: 4 | Margin: 97756.73 | Util: 0.2%
23:53:23 | [POSITION STATS] Open: 4 | Unrealized: $-7.41 | Daily Loss: $0.00/100.00
23:53:23 | [ANALYSIS] Examining EUR/USD | Time: 01:00 | Bars: 100
23:53:23 | [ANALYSIS] Examining GBP/USD | Time: 01:00 | Bars: 100
23:53:23 | [ANALYSIS] Examining USD/JPY | Time: 01:00 | Bars: 100
23:53:23 | [ANALYSIS] Examining AUD/USD | Time: 01:00 | Bars: 100
23:53:23 | [IDLE] Waiting for next market pulse...
23:53:33 | [36m[STATS][0m --- [CYCLE 359] ---
23:53:33 | [36m[STATS][0m Balance: 97973.15 | Equity: 97965.77 | Active: 4 | Margin: 97756.76 | Util: 0.2%
23:53:33 | [POSITION STATS] Open: 4 | Unrealized: $-7.38 | Daily Loss: $0.00/100.00
23:53:33 | [ANALYSIS] Examining EUR/USD | Time: 01:00 | Bars: 100
23:53:33 | [ANALYSIS] Examining GBP/USD | Time: 01:00 | Bars: 100
23:53:33 | [ANALYSIS] Examining USD/JPY | Time: 01:00 | Bars: 100
23:53:33 | [ANALYSIS] Examining AUD/USD | Time: 01:00 | Bars: 100
23:53:33 | [IDLE] Waiting for next market pulse...
23:53:43 | [36m[STATS][0m --- [CYCLE 360] ---
23:53:43 | [36m[STATS][0m Balance: 97973.15 | Equity: 97965.92 | Active: 4 | Margin: 97756.91 | Util: 0.2%
23:53:43 | [POSITION STATS] Open: 4 | Unrealized: $-7.23 | Daily Loss: $0.00/100.00
23:53:43 | [ANALYSIS] Examining EUR/USD | Time: 01:00 | Bars: 100
23:53:43 | [ANALYSIS] Examining GBP/USD | Time: 01:00 | Bars: 100
23:53:43 | [ANALYSIS] Examining USD/JPY | Time: 01:00 | Bars: 100
23:53:43 | [ANALYSIS] Examining AUD/USD | Time: 01:00 | Bars: 100
23:53:43 | [SUMMARY] Risk: operational | Positions: 4 | Daily Trades: 1/5 | Exits: 0 (Market: 0, Admin: 0)
23:53:43 | [IDLE] Waiting for next market pulse...
23:53:54 | [36m[STATS][0m --- [CYCLE 361] ---
23:53:54 | [36m[STATS][0m Balance: 97973.15 | Equity: 97966.07 | Active: 4 | Margin: 97757.06 | Util: 0.2%
23:53:54 | [POSITION STATS] Open: 4 | Unrealized: $-7.08 | Daily Loss: $0.00/100.00
23:53:54 | [ANALYSIS] Examining EUR/USD | Time: 01:00 | Bars: 100
23:53:54 | [ANALYSIS] Examining GBP/USD | Time: 01:00 | Bars: 100
23:53:54 | [ANALYSIS] Examining USD/JPY | Time: 01:00 | Bars: 100
23:53:54 | [ANALYSIS] Examining AUD/USD | Time: 01:00 | Bars: 100
23:53:54 | [IDLE] Waiting for next market pulse...
23:54:04 | [36m[STATS][0m --- [CYCLE 362] ---
23:54:04 | [36m[STATS][0m Balance: 97973.15 | Equity: 97965.90 | Active: 4 | Margin: 97756.89 | Util: 0.2%
23:54:04 | [POSITION STATS] Open: 4 | Unrealized: $-7.25 | Daily Loss: $0.00/100.00
23:54:04 | [ANALYSIS] Examining EUR/USD | Time: 01:00 | Bars: 100
23:54:04 | [ANALYSIS] Examining GBP/USD | Time: 01:00 | Bars: 100
23:54:04 | [ANALYSIS] Examining USD/JPY | Time: 01:00 | Bars: 100
23:54:04 | [ANALYSIS] Examining AUD/USD | Time: 01:00 | Bars: 100
23:54:04 | [IDLE] Waiting for next market pulse...
23:54:14 | [36m[STATS][0m --- [CYCLE 363] ---
23:54:14 | [36m[STATS][0m Balance: 97973.15 | Equity: 97965.90 | Active: 4 | Margin: 97756.89 | Util: 0.2%
23:54:14 | [POSITION STATS] Open: 4 | Unrealized: $-7.25 | Daily Loss: $0.00/100.00
23:54:14 | [ANALYSIS] Examining EUR/USD | Time: 01:00 | Bars: 100
23:54:14 | [ANALYSIS] Examining GBP/USD | Time: 01:00 | Bars: 100
23:54:14 | [ANALYSIS] Examining USD/JPY | Time: 01:00 | Bars: 100
23:54:14 | [ANALYSIS] Examining AUD/USD | Time: 01:00 | Bars: 100
23:54:14 | [IDLE] Waiting for next market pulse...
23:54:25 | [36m[STATS][0m --- [CYCLE 364] ---
23:54:25 | [36m[STATS][0m Balance: 97973.15 | Equity: 97965.50 | Active: 4 | Margin: 97756.49 | Util: 0.2%
23:54:25 | [POSITION STATS] Open: 4 | Unrealized: $-7.65 | Daily Loss: $0.00/100.00
23:54:25 | [ANALYSIS] Examining EUR/USD | Time: 01:00 | Bars: 100
23:54:25 | [ANALYSIS] Examining GBP/USD | Time: 01:00 | Bars: 100
23:54:25 | [ANALYSIS] Examining USD/JPY | Time: 01:00 | Bars: 100
23:54:25 | [ANALYSIS] Examining AUD/USD | Time: 01:00 | Bars: 100
23:54:25 | [IDLE] Waiting for next market pulse...
23:54:35 | [36m[STATS][0m --- [CYCLE 365] ---
23:54:35 | [36m[STATS][0m Balance: 97973.15 | Equity: 97965.55 | Active: 4 | Margin: 97756.54 | Util: 0.2%
23:54:35 | [POSITION STATS] Open: 4 | Unrealized: $-7.60 | Daily Loss: $0.00/100.00
23:54:35 | [ANALYSIS] Examining EUR/USD | Time: 01:00 | Bars: 100
23:54:35 | [ANALYSIS] Examining GBP/USD | Time: 01:00 | Bars: 100
23:54:35 | [ANALYSIS] Examining USD/JPY | Time: 01:00 | Bars: 100
23:54:35 | [ANALYSIS] Examining AUD/USD | Time: 01:00 | Bars: 100
23:54:35 | [SUMMARY] Risk: operational | Positions: 4 | Daily Trades: 1/5 | Exits: 0 (Market: 0, Admin: 0)
23:54:35 | [IDLE] Waiting for next market pulse...
23:54:45 | [36m[STATS][0m --- [CYCLE 366] ---
23:54:45 | [36m[STATS][0m Balance: 97973.15 | Equity: 97965.57 | Active: 4 | Margin: 97756.56 | Util: 0.2%
23:54:45 | [POSITION STATS] Open: 4 | Unrealized: $-7.58 | Daily Loss: $0.00/100.00
23:54:45 | [ANALYSIS] Examining EUR/USD | Time: 01:00 | Bars: 100
23:54:45 | [ANALYSIS] Examining GBP/USD | Time: 01:00 | Bars: 100
23:54:45 | [ANALYSIS] Examining USD/JPY | Time: 01:00 | Bars: 100
23:54:45 | [ANALYSIS] Examining AUD/USD | Time: 01:00 | Bars: 100
23:54:45 | [IDLE] Waiting for next market pulse...
23:54:56 | [36m[STATS][0m --- [CYCLE 367] ---
23:54:56 | [36m[STATS][0m Balance: 97973.15 | Equity: 97965.59 | Active: 4 | Margin: 97756.58 | Util: 0.2%
23:54:56 | [POSITION STATS] Open: 4 | Unrealized: $-7.56 | Daily Loss: $0.00/100.00
23:54:56 | [ANALYSIS] Examining EUR/USD | Time: 01:00 | Bars: 100
23:54:56 | [ANALYSIS] Examining GBP/USD | Time: 01:00 | Bars: 100
23:54:56 | [ANALYSIS] Examining USD/JPY | Time: 01:00 | Bars: 100
23:54:56 | [ANALYSIS] Examining AUD/USD | Time: 01:00 | Bars: 100
23:54:56 | [IDLE] Waiting for next market pulse...
23:55:06 | [36m[STATS][0m --- [CYCLE 368] ---
23:55:06 | [36m[STATS][0m Balance: 97973.15 | Equity: 97965.59 | Active: 4 | Margin: 97756.58 | Util: 0.2%
23:55:06 | [POSITION STATS] Open: 4 | Unrealized: $-7.56 | Daily Loss: $0.00/100.00
23:55:06 | [ANALYSIS] Examining EUR/USD | Time: 01:00 | Bars: 100
23:55:06 | [ANALYSIS] Examining GBP/USD | Time: 01:00 | Bars: 100
23:55:06 | [ANALYSIS] Examining USD/JPY | Time: 01:00 | Bars: 100
23:55:06 | [ANALYSIS] Examining AUD/USD | Time: 01:00 | Bars: 100
23:55:06 | [IDLE] Waiting for next market pulse...
23:55:16 | [36m[STATS][0m --- [CYCLE 369] ---
23:55:16 | [36m[STATS][0m Balance: 97973.15 | Equity: 97965.67 | Active: 4 | Margin: 97756.66 | Util: 0.2%
23:55:16 | [POSITION STATS] Open: 4 | Unrealized: $-7.48 | Daily Loss: $0.00/100.00
23:55:16 | [ANALYSIS] Examining EUR/USD | Time: 01:00 | Bars: 100
23:55:16 | [ANALYSIS] Examining GBP/USD | Time: 01:00 | Bars: 100
23:55:16 | [ANALYSIS] Examining USD/JPY | Time: 01:00 | Bars: 100
23:55:16 | [ANALYSIS] Examining AUD/USD | Time: 01:00 | Bars: 100
23:55:16 | [IDLE] Waiting for next market pulse...
23:55:27 | [36m[STATS][0m --- [CYCLE 370] ---
23:55:27 | [36m[STATS][0m Balance: 97973.15 | Equity: 97966.27 | Active: 4 | Margin: 97757.26 | Util: 0.2%
23:55:27 | [POSITION STATS] Open: 4 | Unrealized: $-6.88 | Daily Loss: $0.00/100.00
23:55:27 | [ANALYSIS] Examining EUR/USD | Time: 01:00 | Bars: 100
23:55:27 | [ANALYSIS] Examining GBP/USD | Time: 01:00 | Bars: 100
23:55:27 | [ANALYSIS] Examining USD/JPY | Time: 01:00 | Bars: 100
23:55:27 | [ANALYSIS] Examining AUD/USD | Time: 01:00 | Bars: 100
23:55:27 | [SUMMARY] Risk: operational | Positions: 4 | Daily Trades: 1/5 | Exits: 0 (Market: 0, Admin: 0)
23:55:27 | [IDLE] Waiting for next market pulse...
23:55:37 | [36m[STATS][0m --- [CYCLE 371] ---
23:55:37 | [36m[STATS][0m Balance: 97973.15 | Equity: 97966.27 | Active: 4 | Margin: 97757.26 | Util: 0.2%
23:55:37 | [POSITION STATS] Open: 4 | Unrealized: $-6.88 | Daily Loss: $0.00/100.00
23:55:37 | [ANALYSIS] Examining EUR/USD | Time: 01:00 | Bars: 100
23:55:37 | [ANALYSIS] Examining GBP/USD | Time: 01:00 | Bars: 100
23:55:37 | [ANALYSIS] Examining USD/JPY | Time: 01:00 | Bars: 100
23:55:37 | [ANALYSIS] Examining AUD/USD | Time: 01:00 | Bars: 100
23:55:37 | [IDLE] Waiting for next market pulse...
23:55:47 | [36m[STATS][0m --- [CYCLE 372] ---
23:55:47 | [36m[STATS][0m Balance: 97973.15 | Equity: 97966.31 | Active: 4 | Margin: 97757.30 | Util: 0.2%
23:55:47 | [POSITION STATS] Open: 4 | Unrealized: $-6.84 | Daily Loss: $0.00/100.00
23:55:47 | [ANALYSIS] Examining EUR/USD | Time: 01:00 | Bars: 100
23:55:47 | [ANALYSIS] Examining GBP/USD | Time: 01:00 | Bars: 100
23:55:47 | [ANALYSIS] Examining USD/JPY | Time: 01:00 | Bars: 100
23:55:47 | [ANALYSIS] Examining AUD/USD | Time: 01:00 | Bars: 100
23:55:47 | [IDLE] Waiting for next market pulse...
23:55:58 | [36m[STATS][0m --- [CYCLE 373] ---
23:55:58 | [36m[STATS][0m Balance: 97973.15 | Equity: 97966.31 | Active: 4 | Margin: 97757.30 | Util: 0.2%
23:55:58 | [POSITION STATS] Open: 4 | Unrealized: $-6.84 | Daily Loss: $0.00/100.00
23:55:58 | [ANALYSIS] Examining EUR/USD | Time: 01:00 | Bars: 100
23:55:58 | [ANALYSIS] Examining GBP/USD | Time: 01:00 | Bars: 100
23:55:58 | [ANALYSIS] Examining USD/JPY | Time: 01:00 | Bars: 100
23:55:58 | [ANALYSIS] Examining AUD/USD | Time: 01:00 | Bars: 100
23:55:58 | [IDLE] Waiting for next market pulse...
23:56:08 | [36m[STATS][0m --- [CYCLE 374] ---
23:56:08 | [36m[STATS][0m Balance: 97973.15 | Equity: 97966.35 | Active: 4 | Margin: 97757.34 | Util: 0.2%
23:56:08 | [POSITION STATS] Open: 4 | Unrealized: $-6.80 | Daily Loss: $0.00/100.00
23:56:08 | [ANALYSIS] Examining EUR/USD | Time: 01:00 | Bars: 100
23:56:08 | [ANALYSIS] Examining GBP/USD | Time: 01:00 | Bars: 100
23:56:08 | [ANALYSIS] Examining USD/JPY | Time: 01:00 | Bars: 100
23:56:08 | [ANALYSIS] Examining AUD/USD | Time: 01:00 | Bars: 100
23:56:08 | [IDLE] Waiting for next market pulse...
23:56:18 | [36m[STATS][0m --- [CYCLE 375] ---
23:56:18 | [36m[STATS][0m Balance: 97973.15 | Equity: 97966.26 | Active: 4 | Margin: 97757.25 | Util: 0.2%
23:56:18 | [POSITION STATS] Open: 4 | Unrealized: $-6.89 | Daily Loss: $0.00/100.00
23:56:18 | [ANALYSIS] Examining EUR/USD | Time: 01:00 | Bars: 100
23:56:18 | [ANALYSIS] Examining GBP/USD | Time: 01:00 | Bars: 100
23:56:18 | [ANALYSIS] Examining USD/JPY | Time: 01:00 | Bars: 100
23:56:18 | [ANALYSIS] Examining AUD/USD | Time: 01:00 | Bars: 100
23:56:18 | [SUMMARY] Risk: operational | Positions: 4 | Daily Trades: 1/5 | Exits: 0 (Market: 0, Admin: 0)
23:56:18 | [IDLE] Waiting for next market pulse...
23:56:29 | [36m[STATS][0m --- [CYCLE 376] ---
23:56:29 | [36m[STATS][0m Balance: 97973.15 | Equity: 97966.28 | Active: 4 | Margin: 97757.27 | Util: 0.2%
23:56:29 | [POSITION STATS] Open: 4 | Unrealized: $-6.87 | Daily Loss: $0.00/100.00
23:56:29 | [ANALYSIS] Examining EUR/USD | Time: 01:00 | Bars: 100
23:56:29 | [ANALYSIS] Examining GBP/USD | Time: 01:00 | Bars: 100
23:56:29 | [ANALYSIS] Examining USD/JPY | Time: 01:00 | Bars: 100
23:56:29 | [ANALYSIS] Examining AUD/USD | Time: 01:00 | Bars: 100
23:56:29 | [IDLE] Waiting for next market pulse...
23:56:39 | [36m[STATS][0m --- [CYCLE 377] ---
23:56:39 | [36m[STATS][0m Balance: 97973.15 | Equity: 97966.56 | Active: 4 | Margin: 97757.55 | Util: 0.2%
23:56:39 | [POSITION STATS] Open: 4 | Unrealized: $-6.59 | Daily Loss: $0.00/100.00
23:56:39 | [ANALYSIS] Examining EUR/USD | Time: 01:00 | Bars: 100
23:56:39 | [ANALYSIS] Examining GBP/USD | Time: 01:00 | Bars: 100
23:56:39 | [ANALYSIS] Examining USD/JPY | Time: 01:00 | Bars: 100
23:56:39 | [ANALYSIS] Examining AUD/USD | Time: 01:00 | Bars: 100
23:56:39 | [IDLE] Waiting for next market pulse...
23:56:49 | [36m[STATS][0m --- [CYCLE 378] ---
23:56:49 | [36m[STATS][0m Balance: 97973.15 | Equity: 97966.56 | Active: 4 | Margin: 97757.55 | Util: 0.2%
23:56:49 | [POSITION STATS] Open: 4 | Unrealized: $-6.59 | Daily Loss: $0.00/100.00
23:56:49 | [ANALYSIS] Examining EUR/USD | Time: 01:00 | Bars: 100
23:56:49 | [ANALYSIS] Examining GBP/USD | Time: 01:00 | Bars: 100
23:56:49 | [ANALYSIS] Examining USD/JPY | Time: 01:00 | Bars: 100
23:56:49 | [ANALYSIS] Examining AUD/USD | Time: 01:00 | Bars: 100
23:56:49 | [IDLE] Waiting for next market pulse...
23:57:00 | [36m[STATS][0m --- [CYCLE 379] ---
23:57:00 | [36m[STATS][0m Balance: 97973.15 | Equity: 97966.44 | Active: 4 | Margin: 97757.43 | Util: 0.2%
23:57:00 | [POSITION STATS] Open: 4 | Unrealized: $-6.71 | Daily Loss: $0.00/100.00
23:57:00 | [ANALYSIS] Examining EUR/USD | Time: 01:00 | Bars: 100
23:57:00 | [ANALYSIS] Examining GBP/USD | Time: 01:00 | Bars: 100
23:57:00 | [ANALYSIS] Examining USD/JPY | Time: 01:00 | Bars: 100
23:57:00 | [ANALYSIS] Examining AUD/USD | Time: 01:00 | Bars: 100
23:57:00 | [IDLE] Waiting for next market pulse...
23:57:10 | [36m[STATS][0m --- [CYCLE 380] ---
23:57:10 | [36m[STATS][0m Balance: 97973.15 | Equity: 97966.58 | Active: 4 | Margin: 97757.57 | Util: 0.2%
23:57:10 | [POSITION STATS] Open: 4 | Unrealized: $-6.57 | Daily Loss: $0.00/100.00
23:57:10 | [ANALYSIS] Examining EUR/USD | Time: 01:00 | Bars: 100
23:57:10 | [ANALYSIS] Examining GBP/USD | Time: 01:00 | Bars: 100
23:57:10 | [ANALYSIS] Examining USD/JPY | Time: 01:00 | Bars: 100
23:57:10 | [ANALYSIS] Examining AUD/USD | Time: 01:00 | Bars: 100
23:57:10 | [SUMMARY] Risk: operational | Positions: 4 | Daily Trades: 1/5 | Exits: 0 (Market: 0, Admin: 0)
23:57:10 | [IDLE] Waiting for next market pulse...
23:57:20 | [36m[STATS][0m --- [CYCLE 381] ---
23:57:20 | [36m[STATS][0m Balance: 97973.15 | Equity: 97966.58 | Active: 4 | Margin: 97757.57 | Util: 0.2%
23:57:20 | [POSITION STATS] Open: 4 | Unrealized: $-6.57 | Daily Loss: $0.00/100.00
23:57:20 | [ANALYSIS] Examining EUR/USD | Time: 01:00 | Bars: 100
23:57:20 | [ANALYSIS] Examining GBP/USD | Time: 01:00 | Bars: 100
23:57:20 | [ANALYSIS] Examining USD/JPY | Time: 01:00 | Bars: 100
23:57:20 | [ANALYSIS] Examining AUD/USD | Time: 01:00 | Bars: 100
23:57:20 | [IDLE] Waiting for next market pulse...
23:57:31 | [36m[STATS][0m --- [CYCLE 382] ---
23:57:31 | [36m[STATS][0m Balance: 97973.15 | Equity: 97966.58 | Active: 4 | Margin: 97757.57 | Util: 0.2%
23:57:31 | [POSITION STATS] Open: 4 | Unrealized: $-6.57 | Daily Loss: $0.00/100.00
23:57:31 | [ANALYSIS] Examining EUR/USD | Time: 01:00 | Bars: 100
23:57:31 | [ANALYSIS] Examining GBP/USD | Time: 01:00 | Bars: 100
23:57:31 | [ANALYSIS] Examining USD/JPY | Time: 01:00 | Bars: 100
23:57:31 | [ANALYSIS] Examining AUD/USD | Time: 01:00 | Bars: 100
23:57:31 | [IDLE] Waiting for next market pulse...
23:57:41 | [36m[STATS][0m --- [CYCLE 383] ---
23:57:41 | [36m[STATS][0m Balance: 97973.15 | Equity: 97966.78 | Active: 4 | Margin: 97757.77 | Util: 0.2%
23:57:41 | [POSITION STATS] Open: 4 | Unrealized: $-6.37 | Daily Loss: $0.00/100.00
23:57:41 | [ANALYSIS] Examining EUR/USD | Time: 01:00 | Bars: 100
23:57:41 | [ANALYSIS] Examining GBP/USD | Time: 01:00 | Bars: 100
23:57:41 | [ANALYSIS] Examining USD/JPY | Time: 01:00 | Bars: 100
23:57:41 | [ANALYSIS] Examining AUD/USD | Time: 01:00 | Bars: 100
23:57:41 | [IDLE] Waiting for next market pulse...
23:57:51 | [36m[STATS][0m --- [CYCLE 384] ---
23:57:51 | [36m[STATS][0m Balance: 97973.15 | Equity: 97966.78 | Active: 4 | Margin: 97757.77 | Util: 0.2%
23:57:51 | [POSITION STATS] Open: 4 | Unrealized: $-6.37 | Daily Loss: $0.00/100.00
23:57:51 | [ANALYSIS] Examining EUR/USD | Time: 01:00 | Bars: 100
23:57:51 | [ANALYSIS] Examining GBP/USD | Time: 01:00 | Bars: 100
23:57:51 | [ANALYSIS] Examining USD/JPY | Time: 01:00 | Bars: 100
23:57:51 | [ANALYSIS] Examining AUD/USD | Time: 01:00 | Bars: 100
23:57:51 | [IDLE] Waiting for next market pulse...
23:58:02 | [36m[STATS][0m --- [CYCLE 385] ---
23:58:02 | [36m[STATS][0m Balance: 97973.15 | Equity: 97966.91 | Active: 4 | Margin: 97757.90 | Util: 0.2%
23:58:02 | [POSITION STATS] Open: 4 | Unrealized: $-6.24 | Daily Loss: $0.00/100.00
23:58:02 | [ANALYSIS] Examining EUR/USD | Time: 01:00 | Bars: 100
23:58:02 | [ANALYSIS] Examining GBP/USD | Time: 01:00 | Bars: 100
23:58:02 | [ANALYSIS] Examining USD/JPY | Time: 01:00 | Bars: 100
23:58:02 | [ANALYSIS] Examining AUD/USD | Time: 01:00 | Bars: 100
23:58:02 | [SUMMARY] Risk: operational | Positions: 4 | Daily Trades: 1/5 | Exits: 0 (Market: 0, Admin: 0)
23:58:02 | [IDLE] Waiting for next market pulse...
23:58:12 | [36m[STATS][0m --- [CYCLE 386] ---
23:58:12 | [36m[STATS][0m Balance: 97973.15 | Equity: 97966.68 | Active: 4 | Margin: 97757.67 | Util: 0.2%
23:58:12 | [POSITION STATS] Open: 4 | Unrealized: $-6.47 | Daily Loss: $0.00/100.00
23:58:12 | [ANALYSIS] Examining EUR/USD | Time: 01:00 | Bars: 100
23:58:12 | [ANALYSIS] Examining GBP/USD | Time: 01:00 | Bars: 100
23:58:12 | [ANALYSIS] Examining USD/JPY | Time: 01:00 | Bars: 100
23:58:12 | [ANALYSIS] Examining AUD/USD | Time: 01:00 | Bars: 100
23:58:12 | [IDLE] Waiting for next market pulse...
23:58:22 | [36m[STATS][0m --- [CYCLE 387] ---
23:58:22 | [36m[STATS][0m Balance: 97973.15 | Equity: 97966.79 | Active: 4 | Margin: 97757.78 | Util: 0.2%
23:58:22 | [POSITION STATS] Open: 4 | Unrealized: $-6.36 | Daily Loss: $0.00/100.00
23:58:22 | [ANALYSIS] Examining EUR/USD | Time: 01:00 | Bars: 100
23:58:22 | [ANALYSIS] Examining GBP/USD | Time: 01:00 | Bars: 100
23:58:22 | [ANALYSIS] Examining USD/JPY | Time: 01:00 | Bars: 100
23:58:22 | [ANALYSIS] Examining AUD/USD | Time: 01:00 | Bars: 100
23:58:22 | [IDLE] Waiting for next market pulse...
23:58:33 | [36m[STATS][0m --- [CYCLE 388] ---
23:58:33 | [36m[STATS][0m Balance: 97973.15 | Equity: 97966.53 | Active: 4 | Margin: 97757.52 | Util: 0.2%
23:58:33 | [POSITION STATS] Open: 4 | Unrealized: $-6.62 | Daily Loss: $0.00/100.00
23:58:33 | [ANALYSIS] Examining EUR/USD | Time: 01:00 | Bars: 100
23:58:33 | [ANALYSIS] Examining GBP/USD | Time: 01:00 | Bars: 100
23:58:33 | [ANALYSIS] Examining USD/JPY | Time: 01:00 | Bars: 100
23:58:33 | [ANALYSIS] Examining AUD/USD | Time: 01:00 | Bars: 100
23:58:33 | [IDLE] Waiting for next market pulse...
23:58:43 | [36m[STATS][0m --- [CYCLE 389] ---
23:58:43 | [36m[STATS][0m Balance: 97973.15 | Equity: 97966.36 | Active: 4 | Margin: 97757.35 | Util: 0.2%
23:58:43 | [POSITION STATS] Open: 4 | Unrealized: $-6.79 | Daily Loss: $0.00/100.00
23:58:43 | [ANALYSIS] Examining EUR/USD | Time: 01:00 | Bars: 100
23:58:43 | [ANALYSIS] Examining GBP/USD | Time: 01:00 | Bars: 100
23:58:43 | [ANALYSIS] Examining USD/JPY | Time: 01:00 | Bars: 100
23:58:43 | [ANALYSIS] Examining AUD/USD | Time: 01:00 | Bars: 100
23:58:43 | [IDLE] Waiting for next market pulse...
23:58:53 | [36m[STATS][0m --- [CYCLE 390] ---
23:58:53 | [36m[STATS][0m Balance: 97973.15 | Equity: 97966.33 | Active: 4 | Margin: 97757.32 | Util: 0.2%
23:58:53 | [POSITION STATS] Open: 4 | Unrealized: $-6.82 | Daily Loss: $0.00/100.00
23:58:53 | [ANALYSIS] Examining EUR/USD | Time: 01:00 | Bars: 100
23:58:53 | [ANALYSIS] Examining GBP/USD | Time: 01:00 | Bars: 100
23:58:53 | [ANALYSIS] Examining USD/JPY | Time: 01:00 | Bars: 100
23:58:53 | [ANALYSIS] Examining AUD/USD | Time: 01:00 | Bars: 100
23:58:53 | [SUMMARY] Risk: operational | Positions: 4 | Daily Trades: 1/5 | Exits: 0 (Market: 0, Admin: 0)
23:58:53 | [IDLE] Waiting for next market pulse...
23:59:04 | [36m[STATS][0m --- [CYCLE 391] ---
23:59:04 | [36m[STATS][0m Balance: 97973.15 | Equity: 97966.32 | Active: 4 | Margin: 97757.31 | Util: 0.2%
23:59:04 | [POSITION STATS] Open: 4 | Unrealized: $-6.83 | Daily Loss: $0.00/100.00
23:59:04 | [ANALYSIS] Examining EUR/USD | Time: 01:00 | Bars: 100
23:59:04 | [ANALYSIS] Examining GBP/USD | Time: 01:00 | Bars: 100
23:59:04 | [ANALYSIS] Examining USD/JPY | Time: 01:00 | Bars: 100
23:59:04 | [ANALYSIS] Examining AUD/USD | Time: 01:00 | Bars: 100
23:59:04 | [IDLE] Waiting for next market pulse...
23:59:14 | [36m[STATS][0m --- [CYCLE 392] ---
23:59:14 | [36m[STATS][0m Balance: 97973.15 | Equity: 97966.48 | Active: 4 | Margin: 97757.47 | Util: 0.2%
23:59:14 | [POSITION STATS] Open: 4 | Unrealized: $-6.67 | Daily Loss: $0.00/100.00
23:59:14 | [ANALYSIS] Examining EUR/USD | Time: 01:00 | Bars: 100
23:59:14 | [ANALYSIS] Examining GBP/USD | Time: 01:00 | Bars: 100
23:59:14 | [ANALYSIS] Examining USD/JPY | Time: 01:00 | Bars: 100
23:59:14 | [ANALYSIS] Examining AUD/USD | Time: 01:00 | Bars: 100
23:59:14 | [IDLE] Waiting for next market pulse...
23:59:24 | [36m[STATS][0m --- [CYCLE 393] ---
23:59:24 | [36m[STATS][0m Balance: 97973.15 | Equity: 97966.44 | Active: 4 | Margin: 97757.43 | Util: 0.2%
23:59:24 | [POSITION STATS] Open: 4 | Unrealized: $-6.71 | Daily Loss: $0.00/100.00
23:59:24 | [ANALYSIS] Examining EUR/USD | Time: 01:00 | Bars: 100
23:59:24 | [ANALYSIS] Examining GBP/USD | Time: 01:00 | Bars: 100
23:59:24 | [ANALYSIS] Examining USD/JPY | Time: 01:00 | Bars: 100
23:59:24 | [ANALYSIS] Examining AUD/USD | Time: 01:00 | Bars: 100
23:59:24 | [IDLE] Waiting for next market pulse...
23:59:35 | [36m[STATS][0m --- [CYCLE 394] ---
23:59:35 | [36m[STATS][0m Balance: 97973.15 | Equity: 97966.54 | Active: 4 | Margin: 97757.53 | Util: 0.2%
23:59:35 | [POSITION STATS] Open: 4 | Unrealized: $-6.61 | Daily Loss: $0.00/100.00
23:59:35 | [ANALYSIS] Examining EUR/USD | Time: 01:00 | Bars: 100
23:59:35 | [ANALYSIS] Examining GBP/USD | Time: 01:00 | Bars: 100
23:59:35 | [ANALYSIS] Examining USD/JPY | Time: 01:00 | Bars: 100
23:59:35 | [ANALYSIS] Examining AUD/USD | Time: 01:00 | Bars: 100
23:59:35 | [IDLE] Waiting for next market pulse...
23:59:45 | [36m[STATS][0m --- [CYCLE 395] ---
23:59:45 | [36m[STATS][0m Balance: 97973.15 | Equity: 97966.51 | Active: 4 | Margin: 97757.50 | Util: 0.2%
23:59:45 | [POSITION STATS] Open: 4 | Unrealized: $-6.64 | Daily Loss: $0.00/100.00
23:59:45 | [ANALYSIS] Examining EUR/USD | Time: 01:00 | Bars: 100
23:59:45 | [ANALYSIS] Examining GBP/USD | Time: 01:00 | Bars: 100
23:59:45 | [ANALYSIS] Examining USD/JPY | Time: 01:00 | Bars: 100
23:59:45 | [ANALYSIS] Examining AUD/USD | Time: 01:00 | Bars: 100
23:59:45 | [SUMMARY] Risk: operational | Positions: 4 | Daily Trades: 1/5 | Exits: 0 (Market: 0, Admin: 0)
23:59:45 | [IDLE] Waiting for next market pulse...
23:59:55 | [36m[STATS][0m --- [CYCLE 396] ---
23:59:55 | [36m[STATS][0m Balance: 97973.15 | Equity: 97966.90 | Active: 4 | Margin: 97757.89 | Util: 0.2%
23:59:55 | [POSITION STATS] Open: 4 | Unrealized: $-6.25 | Daily Loss: $0.00/100.00
23:59:55 | [ANALYSIS] Examining EUR/USD | Time: 01:00 | Bars: 100
23:59:55 | [ANALYSIS] Examining GBP/USD | Time: 01:00 | Bars: 100
23:59:55 | [ANALYSIS] Examining USD/JPY | Time: 01:00 | Bars: 100
23:59:55 | [ANALYSIS] Examining AUD/USD | Time: 01:00 | Bars: 100
23:59:55 | [IDLE] Waiting for next market pulse...
00:00:06 | [36m[STATS][0m --- [CYCLE 397] ---
00:00:06 | [36m[STATS][0m Balance: 97973.15 | Equity: 97966.59 | Active: 4 | Margin: 97757.58 | Util: 0.2%
00:00:06 | [POSITION STATS] Open: 4 | Unrealized: $-6.56 | Daily Loss: $0.00/100.00
00:00:06 | Daily loss counter reset
00:00:06 | [ANALYSIS] Examining EUR/USD | Time: 02:00 | Bars: 100
00:00:06 | [ANALYSIS] Examining GBP/USD | Time: 02:00 | Bars: 100
00:00:06 | [ANALYSIS] Examining USD/JPY | Time: 02:00 | Bars: 100
00:00:06 | [ANALYSIS] Examining AUD/USD | Time: 02:00 | Bars: 100
00:00:06 | [IDLE] Waiting for next market pulse...
00:00:16 | [36m[STATS][0m --- [CYCLE 398] ---
00:00:16 | [36m[STATS][0m Balance: 97973.15 | Equity: 97965.54 | Active: 4 | Margin: 97756.53 | Util: 0.2%
00:00:16 | [POSITION STATS] Open: 4 | Unrealized: $-7.61 | Daily Loss: $0.00/100.00
00:00:16 | [ANALYSIS] Examining EUR/USD | Time: 02:00 | Bars: 100
00:00:16 | [ANALYSIS] Examining GBP/USD | Time: 02:00 | Bars: 100
00:00:16 | [ANALYSIS] Examining USD/JPY | Time: 02:00 | Bars: 100
00:00:16 | [ANALYSIS] Examining AUD/USD | Time: 02:00 | Bars: 100
00:00:16 | [IDLE] Waiting for next market pulse...
00:00:26 | [36m[STATS][0m --- [CYCLE 399] ---
00:00:26 | [36m[STATS][0m Balance: 97973.15 | Equity: 97965.48 | Active: 4 | Margin: 97756.47 | Util: 0.2%
00:00:26 | [POSITION STATS] Open: 4 | Unrealized: $-7.67 | Daily Loss: $0.00/100.00
00:00:26 | [ANALYSIS] Examining EUR/USD | Time: 02:00 | Bars: 100
00:00:26 | [ANALYSIS] Examining GBP/USD | Time: 02:00 | Bars: 100
00:00:26 | [ANALYSIS] Examining USD/JPY | Time: 02:00 | Bars: 100
00:00:26 | [ANALYSIS] Examining AUD/USD | Time: 02:00 | Bars: 100
00:00:26 | [IDLE] Waiting for next market pulse...
00:00:37 | [36m[STATS][0m --- [CYCLE 400] ---
00:00:37 | [36m[STATS][0m Balance: 97973.15 | Equity: 97965.29 | Active: 4 | Margin: 97756.28 | Util: 0.2%
00:00:37 | [POSITION STATS] Open: 4 | Unrealized: $-7.86 | Daily Loss: $0.00/100.00
00:00:37 | [ANALYSIS] Examining EUR/USD | Time: 02:00 | Bars: 100
00:00:37 | [ANALYSIS] Examining GBP/USD | Time: 02:00 | Bars: 100
00:00:37 | [ANALYSIS] Examining USD/JPY | Time: 02:00 | Bars: 100
00:00:37 | [ANALYSIS] Examining AUD/USD | Time: 02:00 | Bars: 100
00:00:37 | [SUMMARY] Risk: operational | Positions: 4 | Daily Trades: 1/5 | Exits: 0 (Market: 0, Admin: 0)
00:00:37 | [IDLE] Waiting for next market pulse...
00:00:47 | [36m[STATS][0m --- [CYCLE 401] ---
00:00:47 | [36m[STATS][0m Balance: 97973.15 | Equity: 97964.78 | Active: 4 | Margin: 97755.77 | Util: 0.2%
00:00:47 | [POSITION STATS] Open: 4 | Unrealized: $-8.37 | Daily Loss: $0.00/100.00
00:00:47 | [ANALYSIS] Examining EUR/USD | Time: 02:00 | Bars: 100
00:00:47 | [ANALYSIS] Examining GBP/USD | Time: 02:00 | Bars: 100
00:00:47 | [ANALYSIS] Examining USD/JPY | Time: 02:00 | Bars: 100
00:00:47 | [ANALYSIS] Examining AUD/USD | Time: 02:00 | Bars: 100
00:00:47 | [IDLE] Waiting for next market pulse...
00:00:57 | [36m[STATS][0m --- [CYCLE 402] ---
00:00:57 | [36m[STATS][0m Balance: 97973.15 | Equity: 97965.56 | Active: 4 | Margin: 97756.55 | Util: 0.2%
00:00:57 | [POSITION STATS] Open: 4 | Unrealized: $-7.59 | Daily Loss: $0.00/100.00
00:00:57 | [ANALYSIS] Examining EUR/USD | Time: 02:00 | Bars: 100
00:00:57 | [ANALYSIS] Examining GBP/USD | Time: 02:00 | Bars: 100
00:00:57 | [ANALYSIS] Examining USD/JPY | Time: 02:00 | Bars: 100
00:00:57 | [ANALYSIS] Examining AUD/USD | Time: 02:00 | Bars: 100
00:00:57 | [IDLE] Waiting for next market pulse...
00:01:08 | [36m[STATS][0m --- [CYCLE 403] ---
00:01:08 | [36m[STATS][0m Balance: 97973.15 | Equity: 97965.23 | Active: 4 | Margin: 97756.22 | Util: 0.2%
00:01:08 | [POSITION STATS] Open: 4 | Unrealized: $-7.92 | Daily Loss: $0.00/100.00
00:01:08 | [ANALYSIS] Examining EUR/USD | Time: 02:00 | Bars: 100
00:01:08 | [ANALYSIS] Examining GBP/USD | Time: 02:00 | Bars: 100
00:01:08 | [ANALYSIS] Examining USD/JPY | Time: 02:00 | Bars: 100
00:01:08 | [ANALYSIS] Examining AUD/USD | Time: 02:00 | Bars: 100
00:01:08 | [IDLE] Waiting for next market pulse...
00:01:18 | [36m[STATS][0m --- [CYCLE 404] ---
00:01:18 | [36m[STATS][0m Balance: 97973.15 | Equity: 97964.63 | Active: 4 | Margin: 97755.62 | Util: 0.2%
00:01:18 | [POSITION STATS] Open: 4 | Unrealized: $-8.52 | Daily Loss: $0.00/100.00
00:01:18 | [ANALYSIS] Examining EUR/USD | Time: 02:00 | Bars: 100
00:01:18 | [ANALYSIS] Examining GBP/USD | Time: 02:00 | Bars: 100
00:01:18 | [ANALYSIS] Examining USD/JPY | Time: 02:00 | Bars: 100
00:01:18 | [ANALYSIS] Examining AUD/USD | Time: 02:00 | Bars: 100
00:01:18 | [IDLE] Waiting for next market pulse...
00:01:28 | [36m[STATS][0m --- [CYCLE 405] ---
00:01:28 | [36m[STATS][0m Balance: 97973.15 | Equity: 97964.13 | Active: 4 | Margin: 97755.12 | Util: 0.2%
00:01:28 | [POSITION STATS] Open: 4 | Unrealized: $-9.02 | Daily Loss: $0.00/100.00
00:01:28 | [ANALYSIS] Examining EUR/USD | Time: 02:00 | Bars: 100
00:01:28 | [ANALYSIS] Examining GBP/USD | Time: 02:00 | Bars: 100
00:01:28 | [ANALYSIS] Examining USD/JPY | Time: 02:00 | Bars: 100
00:01:28 | [ANALYSIS] Examining AUD/USD | Time: 02:00 | Bars: 100
00:01:28 | [SUMMARY] Risk: operational | Positions: 4 | Daily Trades: 1/5 | Exits: 0 (Market: 0, Admin: 0)
00:01:28 | [IDLE] Waiting for next market pulse...
00:01:39 | [36m[STATS][0m --- [CYCLE 406] ---
00:01:39 | [36m[STATS][0m Balance: 97973.15 | Equity: 97964.76 | Active: 4 | Margin: 97755.75 | Util: 0.2%
00:01:39 | [POSITION STATS] Open: 4 | Unrealized: $-8.39 | Daily Loss: $0.00/100.00
00:01:39 | [ANALYSIS] Examining EUR/USD | Time: 02:00 | Bars: 100
00:01:39 | [ANALYSIS] Examining GBP/USD | Time: 02:00 | Bars: 100
00:01:39 | [ANALYSIS] Examining USD/JPY | Time: 02:00 | Bars: 100
00:01:39 | [ANALYSIS] Examining AUD/USD | Time: 02:00 | Bars: 100
00:01:39 | [IDLE] Waiting for next market pulse...
00:01:49 | [36m[STATS][0m --- [CYCLE 407] ---
00:01:49 | [36m[STATS][0m Balance: 97973.15 | Equity: 97964.81 | Active: 4 | Margin: 97755.80 | Util: 0.2%
00:01:49 | [POSITION STATS] Open: 4 | Unrealized: $-8.34 | Daily Loss: $0.00/100.00
00:01:49 | [ANALYSIS] Examining EUR/USD | Time: 02:00 | Bars: 100
00:01:49 | [ANALYSIS] Examining GBP/USD | Time: 02:00 | Bars: 100
00:01:49 | [ANALYSIS] Examining USD/JPY | Time: 02:00 | Bars: 100
00:01:49 | [ANALYSIS] Examining AUD/USD | Time: 02:00 | Bars: 100
00:01:49 | [IDLE] Waiting for next market pulse...
00:01:59 | [36m[STATS][0m --- [CYCLE 408] ---
00:01:59 | [36m[STATS][0m Balance: 97973.15 | Equity: 97964.81 | Active: 4 | Margin: 97755.80 | Util: 0.2%
00:01:59 | [POSITION STATS] Open: 4 | Unrealized: $-8.34 | Daily Loss: $0.00/100.00
00:01:59 | [ANALYSIS] Examining EUR/USD | Time: 02:00 | Bars: 100
00:01:59 | [ANALYSIS] Examining GBP/USD | Time: 02:00 | Bars: 100
00:01:59 | [ANALYSIS] Examining USD/JPY | Time: 02:00 | Bars: 100
00:01:59 | [ANALYSIS] Examining AUD/USD | Time: 02:00 | Bars: 100
00:01:59 | [IDLE] Waiting for next market pulse...
00:02:10 | [36m[STATS][0m --- [CYCLE 409] ---
00:02:10 | [36m[STATS][0m Balance: 97973.15 | Equity: 97965.08 | Active: 4 | Margin: 97756.07 | Util: 0.2%
00:02:10 | [POSITION STATS] Open: 4 | Unrealized: $-8.07 | Daily Loss: $0.00/100.00
00:02:10 | [ANALYSIS] Examining EUR/USD | Time: 02:00 | Bars: 100
00:02:10 | [ANALYSIS] Examining GBP/USD | Time: 02:00 | Bars: 100
00:02:10 | [ANALYSIS] Examining USD/JPY | Time: 02:00 | Bars: 100
00:02:10 | [ANALYSIS] Examining AUD/USD | Time: 02:00 | Bars: 100
00:02:10 | [IDLE] Waiting for next market pulse...
00:02:20 | [36m[STATS][0m --- [CYCLE 410] ---
00:02:20 | [36m[STATS][0m Balance: 97973.15 | Equity: 97965.11 | Active: 4 | Margin: 97756.10 | Util: 0.2%
00:02:20 | [POSITION STATS] Open: 4 | Unrealized: $-8.04 | Daily Loss: $0.00/100.00
00:02:20 | [ANALYSIS] Examining EUR/USD | Time: 02:00 | Bars: 100
00:02:20 | [ANALYSIS] Examining GBP/USD | Time: 02:00 | Bars: 100
00:02:20 | [ANALYSIS] Examining USD/JPY | Time: 02:00 | Bars: 100
00:02:20 | [ANALYSIS] Examining AUD/USD | Time: 02:00 | Bars: 100
00:02:20 | [SUMMARY] Risk: operational | Positions: 4 | Daily Trades: 1/5 | Exits: 0 (Market: 0, Admin: 0)
00:02:20 | [IDLE] Waiting for next market pulse...
00:02:30 | [36m[STATS][0m --- [CYCLE 411] ---
00:02:30 | [36m[STATS][0m Balance: 97973.15 | Equity: 97965.62 | Active: 4 | Margin: 97756.61 | Util: 0.2%
00:02:30 | [POSITION STATS] Open: 4 | Unrealized: $-7.53 | Daily Loss: $0.00/100.00
00:02:30 | [ANALYSIS] Examining EUR/USD | Time: 02:00 | Bars: 100
00:02:30 | [ANALYSIS] Examining GBP/USD | Time: 02:00 | Bars: 100
00:02:30 | [ANALYSIS] Examining USD/JPY | Time: 02:00 | Bars: 100
00:02:30 | [ANALYSIS] Examining AUD/USD | Time: 02:00 | Bars: 100
00:02:30 | [IDLE] Waiting for next market pulse...
00:02:40 | [36m[STATS][0m --- [CYCLE 412] ---
00:02:40 | [36m[STATS][0m Balance: 97973.15 | Equity: 97965.57 | Active: 4 | Margin: 97756.56 | Util: 0.2%
00:02:40 | [POSITION STATS] Open: 4 | Unrealized: $-7.58 | Daily Loss: $0.00/100.00
00:02:41 | [ANALYSIS] Examining EUR/USD | Time: 02:00 | Bars: 100
00:02:41 | [ANALYSIS] Examining GBP/USD | Time: 02:00 | Bars: 100
00:02:41 | [ANALYSIS] Examining USD/JPY | Time: 02:00 | Bars: 100
00:02:41 | [ANALYSIS] Examining AUD/USD | Time: 02:00 | Bars: 100
00:02:41 | [IDLE] Waiting for next market pulse...
00:02:51 | [36m[STATS][0m --- [CYCLE 413] ---
00:02:51 | [36m[STATS][0m Balance: 97973.15 | Equity: 97965.79 | Active: 4 | Margin: 97756.78 | Util: 0.2%
00:02:51 | [POSITION STATS] Open: 4 | Unrealized: $-7.36 | Daily Loss: $0.00/100.00
00:02:51 | [ANALYSIS] Examining EUR/USD | Time: 02:00 | Bars: 100
00:02:51 | [ANALYSIS] Examining GBP/USD | Time: 02:00 | Bars: 100
00:02:51 | [ANALYSIS] Examining USD/JPY | Time: 02:00 | Bars: 100
00:02:51 | [ANALYSIS] Examining AUD/USD | Time: 02:00 | Bars: 100
00:02:51 | [IDLE] Waiting for next market pulse...
00:03:01 | [36m[STATS][0m --- [CYCLE 414] ---
00:03:01 | [36m[STATS][0m Balance: 97973.15 | Equity: 97965.24 | Active: 4 | Margin: 97756.23 | Util: 0.2%
00:03:01 | [POSITION STATS] Open: 4 | Unrealized: $-7.91 | Daily Loss: $0.00/100.00
00:03:01 | [ANALYSIS] Examining EUR/USD | Time: 02:00 | Bars: 100
00:03:01 | [ANALYSIS] Examining GBP/USD | Time: 02:00 | Bars: 100
00:03:01 | [ANALYSIS] Examining USD/JPY | Time: 02:00 | Bars: 100
00:03:01 | [ANALYSIS] Examining AUD/USD | Time: 02:00 | Bars: 100
00:03:01 | [IDLE] Waiting for next market pulse...
00:03:12 | [36m[STATS][0m --- [CYCLE 415] ---
00:03:12 | [36m[STATS][0m Balance: 97973.15 | Equity: 97965.46 | Active: 4 | Margin: 97756.45 | Util: 0.2%
00:03:12 | [POSITION STATS] Open: 4 | Unrealized: $-7.69 | Daily Loss: $0.00/100.00
00:03:12 | [ANALYSIS] Examining EUR/USD | Time: 02:00 | Bars: 100
00:03:12 | [ANALYSIS] Examining GBP/USD | Time: 02:00 | Bars: 100
00:03:12 | [ANALYSIS] Examining USD/JPY | Time: 02:00 | Bars: 100
00:03:12 | [ANALYSIS] Examining AUD/USD | Time: 02:00 | Bars: 100
00:03:12 | [SUMMARY] Risk: operational | Positions: 4 | Daily Trades: 1/5 | Exits: 0 (Market: 0, Admin: 0)
00:03:12 | [IDLE] Waiting for next market pulse...
00:03:22 | [36m[STATS][0m --- [CYCLE 416] ---
00:03:22 | [36m[STATS][0m Balance: 97973.15 | Equity: 97965.41 | Active: 4 | Margin: 97756.40 | Util: 0.2%
00:03:22 | [POSITION STATS] Open: 4 | Unrealized: $-7.74 | Daily Loss: $0.00/100.00
00:03:22 | [ANALYSIS] Examining EUR/USD | Time: 02:00 | Bars: 100
00:03:22 | [ANALYSIS] Examining GBP/USD | Time: 02:00 | Bars: 100
00:03:22 | [ANALYSIS] Examining USD/JPY | Time: 02:00 | Bars: 100
00:03:22 | [ANALYSIS] Examining AUD/USD | Time: 02:00 | Bars: 100
00:03:22 | [IDLE] Waiting for next market pulse...
00:03:32 | [36m[STATS][0m --- [CYCLE 417] ---
00:03:32 | [36m[STATS][0m Balance: 97973.15 | Equity: 97965.33 | Active: 4 | Margin: 97756.32 | Util: 0.2%
00:03:32 | [POSITION STATS] Open: 4 | Unrealized: $-7.82 | Daily Loss: $0.00/100.00
00:03:32 | [ANALYSIS] Examining EUR/USD | Time: 02:00 | Bars: 100
00:03:32 | [ANALYSIS] Examining GBP/USD | Time: 02:00 | Bars: 100
00:03:32 | [ANALYSIS] Examining USD/JPY | Time: 02:00 | Bars: 100
00:03:32 | [ANALYSIS] Examining AUD/USD | Time: 02:00 | Bars: 100
00:03:32 | [IDLE] Waiting for next market pulse...
00:03:42 | [36m[STATS][0m --- [CYCLE 418] ---
00:03:42 | [36m[STATS][0m Balance: 97973.15 | Equity: 97965.28 | Active: 4 | Margin: 97756.27 | Util: 0.2%
00:03:42 | [POSITION STATS] Open: 4 | Unrealized: $-7.87 | Daily Loss: $0.00/100.00
00:03:43 | [ANALYSIS] Examining EUR/USD | Time: 02:00 | Bars: 100
00:03:43 | [ANALYSIS] Examining GBP/USD | Time: 02:00 | Bars: 100
00:03:43 | [ANALYSIS] Examining USD/JPY | Time: 02:00 | Bars: 100
00:03:43 | [ANALYSIS] Examining AUD/USD | Time: 02:00 | Bars: 100
00:03:43 | [IDLE] Waiting for next market pulse...
00:03:53 | [36m[STATS][0m --- [CYCLE 419] ---
00:03:53 | [36m[STATS][0m Balance: 97973.15 | Equity: 97965.23 | Active: 4 | Margin: 97756.22 | Util: 0.2%
00:03:53 | [POSITION STATS] Open: 4 | Unrealized: $-7.92 | Daily Loss: $0.00/100.00
00:03:53 | [ANALYSIS] Examining EUR/USD | Time: 02:00 | Bars: 100
00:03:53 | [ANALYSIS] Examining GBP/USD | Time: 02:00 | Bars: 100
00:03:53 | [ANALYSIS] Examining USD/JPY | Time: 02:00 | Bars: 100
00:03:53 | [ANALYSIS] Examining AUD/USD | Time: 02:00 | Bars: 100
00:03:53 | [IDLE] Waiting for next market pulse...
00:04:03 | [36m[STATS][0m --- [CYCLE 420] ---
00:04:03 | [36m[STATS][0m Balance: 97973.15 | Equity: 97964.88 | Active: 4 | Margin: 97755.87 | Util: 0.2%
00:04:03 | [POSITION STATS] Open: 4 | Unrealized: $-8.27 | Daily Loss: $0.00/100.00
00:04:03 | [ANALYSIS] Examining EUR/USD | Time: 02:00 | Bars: 100
00:04:03 | [ANALYSIS] Examining GBP/USD | Time: 02:00 | Bars: 100
00:04:03 | [ANALYSIS] Examining USD/JPY | Time: 02:00 | Bars: 100
00:04:03 | [ANALYSIS] Examining AUD/USD | Time: 02:00 | Bars: 100
00:04:03 | [SUMMARY] Risk: operational | Positions: 4 | Daily Trades: 1/5 | Exits: 0 (Market: 0, Admin: 0)
00:04:03 | [IDLE] Waiting for next market pulse...
00:04:14 | [36m[STATS][0m --- [CYCLE 421] ---
00:04:14 | [36m[STATS][0m Balance: 97973.15 | Equity: 97964.97 | Active: 4 | Margin: 97755.96 | Util: 0.2%
00:04:14 | [POSITION STATS] Open: 4 | Unrealized: $-8.18 | Daily Loss: $0.00/100.00
00:04:14 | [ANALYSIS] Examining EUR/USD | Time: 02:00 | Bars: 100
00:04:14 | [ANALYSIS] Examining GBP/USD | Time: 02:00 | Bars: 100
00:04:14 | [ANALYSIS] Examining USD/JPY | Time: 02:00 | Bars: 100
00:04:14 | [ANALYSIS] Examining AUD/USD | Time: 02:00 | Bars: 100
00:04:14 | [IDLE] Waiting for next market pulse...
00:04:24 | [36m[STATS][0m --- [CYCLE 422] ---
00:04:24 | [36m[STATS][0m Balance: 97973.15 | Equity: 97964.50 | Active: 4 | Margin: 97755.49 | Util: 0.2%
00:04:24 | [POSITION STATS] Open: 4 | Unrealized: $-8.65 | Daily Loss: $0.00/100.00
00:04:24 | [ANALYSIS] Examining EUR/USD | Time: 02:00 | Bars: 100
00:04:24 | [ANALYSIS] Examining GBP/USD | Time: 02:00 | Bars: 100
00:04:24 | [ANALYSIS] Examining USD/JPY | Time: 02:00 | Bars: 100
00:04:24 | [ANALYSIS] Examining AUD/USD | Time: 02:00 | Bars: 100
00:04:24 | [IDLE] Waiting for next market pulse...
00:04:34 | [36m[STATS][0m --- [CYCLE 423] ---
00:04:34 | [36m[STATS][0m Balance: 97973.15 | Equity: 97964.56 | Active: 4 | Margin: 97755.55 | Util: 0.2%
00:04:34 | [POSITION STATS] Open: 4 | Unrealized: $-8.59 | Daily Loss: $0.00/100.00
00:04:34 | [ANALYSIS] Examining EUR/USD | Time: 02:00 | Bars: 100
00:04:34 | [ANALYSIS] Examining GBP/USD | Time: 02:00 | Bars: 100
00:04:34 | [ANALYSIS] Examining USD/JPY | Time: 02:00 | Bars: 100
00:04:34 | [ANALYSIS] Examining AUD/USD | Time: 02:00 | Bars: 100
00:04:34 | [IDLE] Waiting for next market pulse...
00:04:45 | [36m[STATS][0m --- [CYCLE 424] ---
00:04:45 | [36m[STATS][0m Balance: 97973.15 | Equity: 97964.62 | Active: 4 | Margin: 97755.61 | Util: 0.2%
00:04:45 | [POSITION STATS] Open: 4 | Unrealized: $-8.53 | Daily Loss: $0.00/100.00
00:04:45 | [ANALYSIS] Examining EUR/USD | Time: 02:00 | Bars: 100
00:04:45 | [ANALYSIS] Examining GBP/USD | Time: 02:00 | Bars: 100
00:04:45 | [ANALYSIS] Examining USD/JPY | Time: 02:00 | Bars: 100
00:04:45 | [ANALYSIS] Examining AUD/USD | Time: 02:00 | Bars: 100
00:04:45 | [IDLE] Waiting for next market pulse...
00:04:55 | [36m[STATS][0m --- [CYCLE 425] ---
00:04:55 | [36m[STATS][0m Balance: 97964.59 | Equity: 97964.19 | Active: 2 | Margin: 97880.70 | Util: 0.1%
00:04:55 | [POSITION STATS] Open: 2 | Unrealized: $-0.40 | Daily Loss: $0.00/100.00
00:04:55 | [ANALYSIS] Examining EUR/USD | Time: 02:00 | Bars: 100
00:04:55 | First run for EUR/USD: Training ML model on 100 bars...
00:04:55 | [ANALYSIS] EUR/USD | Price: 1.16565 | RSI: 40.0 | ADX: 33.2 | ML: UP(75%)
00:04:55 | [STRATEGY] Added synthetic ML BUY signal (conf: 0.75)
00:04:55 | [ANALYSIS] Examining GBP/USD | Time: 02:00 | Bars: 100
00:04:55 | [ANALYSIS] GBP/USD | Price: 1.34338 | RSI: 42.4 | ADX: 44.3 | ML: UP(75%)
00:04:55 | [STRATEGY] Added synthetic ML BUY signal (conf: 0.75)
00:04:55 | [ANALYSIS] Examining USD/JPY | Time: 02:00 | Bars: 100
00:04:55 | [ANALYSIS] Examining AUD/USD | Time: 02:00 | Bars: 100
00:04:55 | [SUMMARY] Risk: operational | Positions: 2 | Daily Trades: 1/5 | Exits: 0 (Market: 0, Admin: 0)
00:04:55 | [IDLE] Waiting for next market pulse...
00:05:05 | [36m[STATS][0m --- [CYCLE 426] ---
00:05:05 | [36m[STATS][0m Balance: 97964.59 | Equity: 97964.53 | Active: 2 | Margin: 97881.04 | Util: 0.1%
00:05:05 | [POSITION STATS] Open: 2 | Unrealized: $-0.06 | Daily Loss: $0.00/100.00
00:05:05 | [ANALYSIS] Examining EUR/USD | Time: 02:00 | Bars: 100
00:05:05 | [ANALYSIS] EUR/USD | Price: 1.16565 | RSI: 40.0 | ADX: 33.2 | ML: UP(75%)
00:05:05 | [STRATEGY] Added synthetic ML BUY signal (conf: 0.75)
00:05:05 | [ANALYSIS] Examining GBP/USD | Time: 02:00 | Bars: 100
00:05:05 | [ANALYSIS] GBP/USD | Price: 1.34347 | RSI: 42.9 | ADX: 44.3 | ML: UP(75%)
00:05:05 | [STRATEGY] Added synthetic ML BUY signal (conf: 0.75)
00:05:05 | [ANALYSIS] Examining USD/JPY | Time: 02:00 | Bars: 100
00:05:05 | [ANALYSIS] Examining AUD/USD | Time: 02:00 | Bars: 100
00:05:05 | [IDLE] Waiting for next market pulse...
00:05:16 | [36m[STATS][0m --- [CYCLE 427] ---
00:05:16 | [36m[STATS][0m Balance: 97964.59 | Equity: 97963.75 | Active: 2 | Margin: 97880.26 | Util: 0.1%
00:05:16 | [POSITION STATS] Open: 2 | Unrealized: $-0.84 | Daily Loss: $0.00/100.00
00:05:16 | [ANALYSIS] Examining EUR/USD | Time: 02:00 | Bars: 100
00:05:16 | [ANALYSIS] EUR/USD | Price: 1.16564 | RSI: 39.9 | ADX: 33.2 | ML: UP(100%)
00:05:16 | [STRATEGY] Added synthetic ML BUY signal (conf: 1.00)
00:05:16 | SL/TP Details: Entry=1.16574, ATR=0.00092, sl_dist=0.00922, tp_dist=0.02766, SL=1.15652, TP=1.19340
00:05:16 | ATR-based SL/TP: Entry=1.16574, Dir=LONG, SL=1.15652, TP=1.19340, Period=14, RR=3.0
00:05:16 | [SIGNAL ACCEPTED] EUR/USD | Quality: 68% | Entry: 1.16574
00:05:16 | SL/TP Details: Entry=1.16574, ATR=0.00092, sl_dist=0.00922, tp_dist=0.01383, SL=1.15652, TP=1.17957
00:05:16 | [1;36m[SIGNAL][0m EUR/USD | LONG | Entry=1.16574 | SL=1.15652 | TP=1.17957 | Confidence=0.25
00:05:16 | [1;33m[DECISION][0m EUR/USD | LONG @ 1.16574 | SL: 1.15652 | TP: 1.17957
00:05:16 | [RISK GOVERNOR] New trading day - resetting daily limits
00:05:16 | [1;33m[ACTION][0m Risk OK | Score: 0.02 | RawSize: 0.9800% | EquitySize: 19.5928 | Final: 0.05 lots
00:05:16 | Executing order order_1767917116 for EUR/USD
00:05:16 | Using filling mode: 0 for EUR/USD
00:05:17 | Order placed successfully: 54610601385
00:05:17 | Order order_1767917116 executed: success=True, price=1.16568
00:05:17 | [92m[OPEN] EUR/USD | LONG | Qty=0.010 lots | Entry=1.16574 | SL=1.15652 | TP=1.17957 | Order: 54610601385[0m
00:05:17 | [ANALYSIS] Examining GBP/USD | Time: 02:00 | Bars: 100
00:05:17 | [ANALYSIS] GBP/USD | Price: 1.34335 | RSI: 42.2 | ADX: 44.3 | ML: UP(75%)
00:05:17 | [STRATEGY] Added synthetic ML BUY signal (conf: 0.75)
00:05:17 | [ANALYSIS] Examining USD/JPY | Time: 02:00 | Bars: 100
00:05:17 | [ANALYSIS] Examining AUD/USD | Time: 02:00 | Bars: 100
00:05:17 | [IDLE] Waiting for next market pulse...
00:05:27 | [36m[STATS][0m --- [CYCLE 428] ---
00:05:27 | [36m[STATS][0m Balance: 97964.59 | Equity: 97963.43 | Active: 3 | Margin: 97821.66 | Util: 0.1%
00:05:27 | [POSITION STATS] Open: 3 | Unrealized: $-1.16 | Daily Loss: $0.00/100.00
00:05:27 | [ANALYSIS] Examining EUR/USD | Time: 02:00 | Bars: 100
00:05:27 | [ANALYSIS] Examining GBP/USD | Time: 02:00 | Bars: 100
00:05:27 | [ANALYSIS] GBP/USD | Price: 1.34336 | RSI: 42.3 | ADX: 44.3 | ML: UP(75%)
00:05:27 | [STRATEGY] Added synthetic ML BUY signal (conf: 0.75)
00:05:27 | [ANALYSIS] Examining USD/JPY | Time: 02:00 | Bars: 100
00:05:27 | [ANALYSIS] Examining AUD/USD | Time: 02:00 | Bars: 100
00:05:27 | [IDLE] Waiting for next market pulse...
00:05:37 | [36m[STATS][0m --- [CYCLE 429] ---
00:05:37 | [36m[STATS][0m Balance: 97964.59 | Equity: 97963.43 | Active: 3 | Margin: 97821.66 | Util: 0.1%
00:05:37 | [POSITION STATS] Open: 3 | Unrealized: $-1.16 | Daily Loss: $0.00/100.00
00:05:37 | [ANALYSIS] Examining EUR/USD | Time: 02:00 | Bars: 100
00:05:37 | [ANALYSIS] Examining GBP/USD | Time: 02:00 | Bars: 100
00:05:37 | [ANALYSIS] GBP/USD | Price: 1.34336 | RSI: 42.3 | ADX: 44.3 | ML: UP(75%)
00:05:37 | [STRATEGY] Added synthetic ML BUY signal (conf: 0.75)
00:05:37 | [ANALYSIS] Examining USD/JPY | Time: 02:00 | Bars: 100
00:05:37 | [ANALYSIS] Examining AUD/USD | Time: 02:00 | Bars: 100
00:05:37 | [IDLE] Waiting for next market pulse...
00:05:47 | [36m[STATS][0m --- [CYCLE 430] ---
00:05:47 | [36m[STATS][0m Balance: 97964.59 | Equity: 97963.56 | Active: 3 | Margin: 97821.79 | Util: 0.1%
00:05:47 | [POSITION STATS] Open: 3 | Unrealized: $-1.03 | Daily Loss: $0.00/100.00
00:05:47 | [ANALYSIS] Examining EUR/USD | Time: 02:00 | Bars: 100
00:05:47 | [ANALYSIS] Examining GBP/USD | Time: 02:00 | Bars: 100
00:05:47 | [ANALYSIS] GBP/USD | Price: 1.34337 | RSI: 42.3 | ADX: 44.3 | ML: UP(75%)
00:05:47 | [STRATEGY] Added synthetic ML BUY signal (conf: 0.75)
00:05:47 | [ANALYSIS] Examining USD/JPY | Time: 02:00 | Bars: 100
00:05:47 | [ANALYSIS] Examining AUD/USD | Time: 02:00 | Bars: 100
00:05:47 | [SUMMARY] Risk: operational | Positions: 3 | Daily Trades: 1/5 | Exits: 0 (Market: 0, Admin: 0)
00:05:47 | [IDLE] Waiting for next market pulse...
00:05:57 | [36m[STATS][0m --- [CYCLE 431] ---
00:05:57 | [36m[STATS][0m Balance: 97964.59 | Equity: 97964.03 | Active: 3 | Margin: 97822.26 | Util: 0.1%
00:05:57 | [POSITION STATS] Open: 3 | Unrealized: $-0.56 | Daily Loss: $0.00/100.00
00:05:57 | [ANALYSIS] Examining EUR/USD | Time: 02:00 | Bars: 100
00:05:57 | [ANALYSIS] Examining GBP/USD | Time: 02:00 | Bars: 100
00:05:57 | [ANALYSIS] GBP/USD | Price: 1.34338 | RSI: 42.4 | ADX: 44.3 | ML: UP(75%)
00:05:57 | [STRATEGY] Added synthetic ML BUY signal (conf: 0.75)
00:05:57 | [ANALYSIS] Examining USD/JPY | Time: 02:00 | Bars: 100
00:05:57 | [ANALYSIS] Examining AUD/USD | Time: 02:00 | Bars: 100
00:05:57 | [IDLE] Waiting for next market pulse...
00:06:07 | [36m[STATS][0m --- [CYCLE 432] ---
00:06:07 | [36m[STATS][0m Balance: 97964.59 | Equity: 97963.91 | Active: 3 | Margin: 97822.14 | Util: 0.1%
00:06:07 | [POSITION STATS] Open: 3 | Unrealized: $-0.68 | Daily Loss: $0.00/100.00
00:06:07 | [ANALYSIS] Examining EUR/USD | Time: 02:00 | Bars: 100
00:06:07 | [ANALYSIS] Examining GBP/USD | Time: 02:00 | Bars: 100
00:06:07 | [ANALYSIS] GBP/USD | Price: 1.34331 | RSI: 42.0 | ADX: 44.3 | ML: UP(75%)
00:06:07 | [STRATEGY] Added synthetic ML BUY signal (conf: 0.75)
00:06:07 | [ANALYSIS] Examining USD/JPY | Time: 02:00 | Bars: 100
00:06:07 | [ANALYSIS] Examining AUD/USD | Time: 02:00 | Bars: 100
00:06:07 | [IDLE] Waiting for next market pulse...
00:06:18 | [36m[STATS][0m --- [CYCLE 433] ---
00:06:18 | [36m[STATS][0m Balance: 97964.59 | Equity: 97964.01 | Active: 3 | Margin: 97822.24 | Util: 0.1%
00:06:18 | [POSITION STATS] Open: 3 | Unrealized: $-0.58 | Daily Loss: $0.00/100.00
00:06:18 | [ANALYSIS] Examining EUR/USD | Time: 02:00 | Bars: 100
00:06:18 | [ANALYSIS] Examining GBP/USD | Time: 02:00 | Bars: 100
00:06:18 | [ANALYSIS] GBP/USD | Price: 1.34337 | RSI: 42.3 | ADX: 44.3 | ML: UP(75%)
00:06:18 | [STRATEGY] Added synthetic ML BUY signal (conf: 0.75)
00:06:18 | [ANALYSIS] Examining USD/JPY | Time: 02:00 | Bars: 100
00:06:18 | [ANALYSIS] Examining AUD/USD | Time: 02:00 | Bars: 100
00:06:18 | [IDLE] Waiting for next market pulse...
00:06:28 | [36m[STATS][0m --- [CYCLE 434] ---
00:06:28 | [36m[STATS][0m Balance: 97964.59 | Equity: 97964.13 | Active: 3 | Margin: 97822.36 | Util: 0.1%
00:06:28 | [POSITION STATS] Open: 3 | Unrealized: $-0.46 | Daily Loss: $0.00/100.00
00:06:28 | [ANALYSIS] Examining EUR/USD | Time: 02:00 | Bars: 100
00:06:28 | [ANALYSIS] Examining GBP/USD | Time: 02:00 | Bars: 100
00:06:28 | [ANALYSIS] GBP/USD | Price: 1.34341 | RSI: 42.6 | ADX: 44.3 | ML: UP(75%)
00:06:28 | [STRATEGY] Added synthetic ML BUY signal (conf: 0.75)
00:06:28 | [ANALYSIS] Examining USD/JPY | Time: 02:00 | Bars: 100
00:06:28 | [ANALYSIS] Examining AUD/USD | Time: 02:00 | Bars: 100
00:06:28 | [IDLE] Waiting for next market pulse...
00:06:38 | [36m[STATS][0m --- [CYCLE 435] ---
00:06:38 | [36m[STATS][0m Balance: 97964.59 | Equity: 97964.08 | Active: 3 | Margin: 97822.31 | Util: 0.1%
00:06:38 | [POSITION STATS] Open: 3 | Unrealized: $-0.51 | Daily Loss: $0.00/100.00
00:06:38 | [ANALYSIS] Examining EUR/USD | Time: 02:00 | Bars: 100
00:06:38 | [ANALYSIS] Examining GBP/USD | Time: 02:00 | Bars: 100
00:06:38 | [ANALYSIS] GBP/USD | Price: 1.34338 | RSI: 42.4 | ADX: 44.3 | ML: UP(75%)
00:06:38 | [STRATEGY] Added synthetic ML BUY signal (conf: 0.75)
00:06:38 | [ANALYSIS] Examining USD/JPY | Time: 02:00 | Bars: 100
00:06:38 | [ANALYSIS] Examining AUD/USD | Time: 02:00 | Bars: 100
00:06:38 | [SUMMARY] Risk: operational | Positions: 3 | Daily Trades: 1/5 | Exits: 0 (Market: 0, Admin: 0)
00:06:38 | [IDLE] Waiting for next market pulse...
00:06:49 | [36m[STATS][0m --- [CYCLE 436] ---
00:06:49 | [36m[STATS][0m Balance: 97964.59 | Equity: 97964.53 | Active: 3 | Margin: 97822.76 | Util: 0.1%
00:06:49 | [POSITION STATS] Open: 3 | Unrealized: $-0.06 | Daily Loss: $0.00/100.00
00:06:49 | [ANALYSIS] Examining EUR/USD | Time: 02:00 | Bars: 100
00:06:49 | [ANALYSIS] Examining GBP/USD | Time: 02:00 | Bars: 100
00:06:49 | [ANALYSIS] GBP/USD | Price: 1.34339 | RSI: 42.4 | ADX: 44.3 | ML: UP(75%)
00:06:49 | [STRATEGY] Added synthetic ML BUY signal (conf: 0.75)
00:06:49 | [ANALYSIS] Examining USD/JPY | Time: 02:00 | Bars: 100
00:06:49 | [ANALYSIS] Examining AUD/USD | Time: 02:00 | Bars: 100
00:06:49 | [IDLE] Waiting for next market pulse...
00:06:59 | [36m[STATS][0m --- [CYCLE 437] ---
00:06:59 | [36m[STATS][0m Balance: 97964.59 | Equity: 97964.58 | Active: 3 | Margin: 97822.81 | Util: 0.1%
00:06:59 | [POSITION STATS] Open: 3 | Unrealized: $-0.01 | Daily Loss: $0.00/100.00
00:06:59 | [ANALYSIS] Examining EUR/USD | Time: 02:00 | Bars: 100
00:06:59 | [ANALYSIS] Examining GBP/USD | Time: 02:00 | Bars: 100
00:06:59 | [ANALYSIS] GBP/USD | Price: 1.34338 | RSI: 42.4 | ADX: 44.3 | ML: UP(75%)
00:06:59 | [STRATEGY] Added synthetic ML BUY signal (conf: 0.75)
00:06:59 | [ANALYSIS] Examining USD/JPY | Time: 02:00 | Bars: 100
00:06:59 | [ANALYSIS] Examining AUD/USD | Time: 02:00 | Bars: 100
00:06:59 | [IDLE] Waiting for next market pulse...
00:07:09 | [36m[STATS][0m --- [CYCLE 438] ---
00:07:09 | [36m[STATS][0m Balance: 97964.59 | Equity: 97965.05 | Active: 3 | Margin: 97823.28 | Util: 0.1%
00:07:09 | [POSITION STATS] Open: 3 | Unrealized: $0.46 | Daily Loss: $0.00/100.00
00:07:09 | [EQUITY LOCK] USD/JPY | Profit threshold: 10.0 pips reached | Close: 20% of position
00:07:10 | Position 54610599915 closed successfully
00:07:10 | [ADMIN EXIT] USD/JPY | Reason: equity_lock
00:07:10 | [ANALYSIS] Examining EUR/USD | Time: 02:00 | Bars: 100
00:07:10 | [ANALYSIS] Examining GBP/USD | Time: 02:00 | Bars: 100
00:07:10 | [ANALYSIS] GBP/USD | Price: 1.34339 | RSI: 42.4 | ADX: 44.3 | ML: UP(75%)
00:07:10 | [STRATEGY] Added synthetic ML BUY signal (conf: 0.75)
00:07:10 | [ANALYSIS] Examining USD/JPY | Time: 02:00 | Bars: 100
00:07:10 | [ANALYSIS] Examining AUD/USD | Time: 02:00 | Bars: 100
00:07:10 | [IDLE] Waiting for next market pulse...
00:07:20 | [36m[STATS][0m --- [CYCLE 439] ---
00:07:20 | [36m[STATS][0m Balance: 97965.00 | Equity: 97965.07 | Active: 3 | Margin: 97823.30 | Util: 0.1%
00:07:20 | [POSITION STATS] Open: 3 | Unrealized: $0.07 | Daily Loss: $0.00/100.00
00:07:20 | [ANALYSIS] Examining EUR/USD | Time: 02:00 | Bars: 100
00:07:20 | [ANALYSIS] Examining GBP/USD | Time: 02:00 | Bars: 100
00:07:20 | [ANALYSIS] GBP/USD | Price: 1.34339 | RSI: 42.4 | ADX: 44.3 | ML: UP(75%)
00:07:20 | [STRATEGY] Added synthetic ML BUY signal (conf: 0.75)
00:07:20 | [ANALYSIS] Examining USD/JPY | Time: 02:00 | Bars: 100
00:07:20 | [ANALYSIS] Examining AUD/USD | Time: 02:00 | Bars: 100
00:07:20 | [IDLE] Waiting for next market pulse...
00:07:30 | [36m[STATS][0m --- [CYCLE 440] ---
00:07:30 | [36m[STATS][0m Balance: 97965.06 | Equity: 97965.13 | Active: 3 | Margin: 97823.36 | Util: 0.1%
00:07:30 | [POSITION STATS] Open: 3 | Unrealized: $0.07 | Daily Loss: $0.00/100.00
00:07:30 | [ANALYSIS] Examining EUR/USD | Time: 02:00 | Bars: 100
00:07:30 | [ANALYSIS] Examining GBP/USD | Time: 02:00 | Bars: 100
00:07:30 | [ANALYSIS] GBP/USD | Price: 1.34341 | RSI: 42.6 | ADX: 44.3 | ML: UP(75%)
00:07:30 | [STRATEGY] Added synthetic ML BUY signal (conf: 0.75)
00:07:30 | [ANALYSIS] Examining USD/JPY | Time: 02:00 | Bars: 100
00:07:30 | [ANALYSIS] Examining AUD/USD | Time: 02:00 | Bars: 100
00:07:30 | [SUMMARY] Risk: operational | Positions: 3 | Daily Trades: 1/5 | Exits: 1 (Market: 0, Admin: 1)
00:07:30 | [IDLE] Waiting for next market pulse...
00:07:40 | [36m[STATS][0m --- [CYCLE 441] ---
00:07:40 | [36m[STATS][0m Balance: 97965.06 | Equity: 97964.29 | Active: 3 | Margin: 97822.52 | Util: 0.1%
00:07:40 | [POSITION STATS] Open: 3 | Unrealized: $-0.77 | Daily Loss: $0.00/100.00
00:07:40 | [ANALYSIS] Examining EUR/USD | Time: 02:00 | Bars: 100
00:07:40 | [ANALYSIS] Examining GBP/USD | Time: 02:00 | Bars: 100
00:07:40 | [ANALYSIS] GBP/USD | Price: 1.34338 | RSI: 42.4 | ADX: 44.3 | ML: UP(75%)
00:07:40 | [STRATEGY] Added synthetic ML BUY signal (conf: 0.75)
00:07:40 | [ANALYSIS] Examining USD/JPY | Time: 02:00 | Bars: 100
00:07:40 | [ANALYSIS] Examining AUD/USD | Time: 02:00 | Bars: 100
00:07:40 | [IDLE] Waiting for next market pulse...
00:07:51 | [36m[STATS][0m --- [CYCLE 442] ---
00:07:51 | [36m[STATS][0m Balance: 97965.06 | Equity: 97964.70 | Active: 3 | Margin: 97822.93 | Util: 0.1%
00:07:51 | [POSITION STATS] Open: 3 | Unrealized: $-0.36 | Daily Loss: $0.00/100.00
00:07:51 | [ANALYSIS] Examining EUR/USD | Time: 02:00 | Bars: 100
00:07:51 | [ANALYSIS] Examining GBP/USD | Time: 02:00 | Bars: 100
00:07:51 | [ANALYSIS] GBP/USD | Price: 1.34344 | RSI: 42.7 | ADX: 44.3 | ML: UP(75%)
00:07:51 | [STRATEGY] Added synthetic ML BUY signal (conf: 0.75)
00:07:51 | [ANALYSIS] Examining USD/JPY | Time: 02:00 | Bars: 100
00:07:51 | [ANALYSIS] Examining AUD/USD | Time: 02:00 | Bars: 100
00:07:51 | [IDLE] Waiting for next market pulse...
00:08:01 | [36m[STATS][0m --- [CYCLE 443] ---
00:08:01 | [36m[STATS][0m Balance: 97965.06 | Equity: 97964.73 | Active: 3 | Margin: 97822.96 | Util: 0.1%
00:08:01 | [POSITION STATS] Open: 3 | Unrealized: $-0.33 | Daily Loss: $0.00/100.00
00:08:01 | [ANALYSIS] Examining EUR/USD | Time: 02:00 | Bars: 100
00:08:01 | [ANALYSIS] Examining GBP/USD | Time: 02:00 | Bars: 100
00:08:01 | [ANALYSIS] GBP/USD | Price: 1.34340 | RSI: 42.5 | ADX: 44.3 | ML: UP(75%)
00:08:01 | [STRATEGY] Added synthetic ML BUY signal (conf: 0.75)
00:08:01 | [ANALYSIS] Examining USD/JPY | Time: 02:00 | Bars: 100
00:08:01 | [ANALYSIS] Examining AUD/USD | Time: 02:00 | Bars: 100
00:08:01 | [IDLE] Waiting for next market pulse...
00:08:11 | [36m[STATS][0m --- [CYCLE 444] ---
00:08:11 | [36m[STATS][0m Balance: 97965.06 | Equity: 97964.73 | Active: 3 | Margin: 97822.96 | Util: 0.1%
00:08:11 | [POSITION STATS] Open: 3 | Unrealized: $-0.33 | Daily Loss: $0.00/100.00
00:08:11 | [ANALYSIS] Examining EUR/USD | Time: 02:00 | Bars: 100
00:08:11 | [ANALYSIS] Examining GBP/USD | Time: 02:00 | Bars: 100
00:08:11 | [ANALYSIS] GBP/USD | Price: 1.34341 | RSI: 42.6 | ADX: 44.3 | ML: UP(75%)
00:08:11 | [STRATEGY] Added synthetic ML BUY signal (conf: 0.75)
00:08:11 | [ANALYSIS] Examining USD/JPY | Time: 02:00 | Bars: 100
00:08:11 | [ANALYSIS] Examining AUD/USD | Time: 02:00 | Bars: 100
00:08:11 | [IDLE] Waiting for next market pulse...
00:08:22 | [36m[STATS][0m --- [CYCLE 445] ---
00:08:22 | [36m[STATS][0m Balance: 97965.06 | Equity: 97964.54 | Active: 3 | Margin: 97822.77 | Util: 0.1%
00:08:22 | [POSITION STATS] Open: 3 | Unrealized: $-0.52 | Daily Loss: $0.00/100.00
00:08:22 | [ANALYSIS] Examining EUR/USD | Time: 02:00 | Bars: 100
00:08:22 | [ANALYSIS] Examining GBP/USD | Time: 02:00 | Bars: 100
00:08:22 | [ANALYSIS] GBP/USD | Price: 1.34340 | RSI: 42.5 | ADX: 44.3 | ML: UP(75%)
00:08:22 | [STRATEGY] Added synthetic ML BUY signal (conf: 0.75)
00:08:22 | [ANALYSIS] Examining USD/JPY | Time: 02:00 | Bars: 100
00:08:22 | [ANALYSIS] Examining AUD/USD | Time: 02:00 | Bars: 100
00:08:22 | [SUMMARY] Risk: operational | Positions: 3 | Daily Trades: 1/5 | Exits: 1 (Market: 0, Admin: 1)
00:08:22 | [IDLE] Waiting for next market pulse...
00:08:32 | [36m[STATS][0m --- [CYCLE 446] ---
00:08:32 | [36m[STATS][0m Balance: 97965.06 | Equity: 97964.50 | Active: 3 | Margin: 97822.73 | Util: 0.1%
00:08:32 | [POSITION STATS] Open: 3 | Unrealized: $-0.56 | Daily Loss: $0.00/100.00
00:08:32 | [ANALYSIS] Examining EUR/USD | Time: 02:00 | Bars: 100
00:08:32 | [ANALYSIS] Examining GBP/USD | Time: 02:00 | Bars: 100
00:08:32 | [ANALYSIS] GBP/USD | Price: 1.34339 | RSI: 42.4 | ADX: 44.3 | ML: UP(75%)
00:08:32 | [STRATEGY] Added synthetic ML BUY signal (conf: 0.75)
00:08:32 | [ANALYSIS] Examining USD/JPY | Time: 02:00 | Bars: 100
00:08:32 | [ANALYSIS] Examining AUD/USD | Time: 02:00 | Bars: 100
00:08:32 | [IDLE] Waiting for next market pulse...
00:08:42 | [36m[STATS][0m --- [CYCLE 447] ---
00:08:42 | [36m[STATS][0m Balance: 97965.06 | Equity: 97964.31 | Active: 3 | Margin: 97822.54 | Util: 0.1%
00:08:42 | [POSITION STATS] Open: 3 | Unrealized: $-0.75 | Daily Loss: $0.00/100.00
00:08:42 | [ANALYSIS] Examining EUR/USD | Time: 02:00 | Bars: 100
00:08:42 | [ANALYSIS] Examining GBP/USD | Time: 02:00 | Bars: 100
00:08:42 | [ANALYSIS] GBP/USD | Price: 1.34339 | RSI: 42.4 | ADX: 44.3 | ML: UP(75%)
00:08:42 | [STRATEGY] Added synthetic ML BUY signal (conf: 0.75)
00:08:42 | [ANALYSIS] Examining USD/JPY | Time: 02:00 | Bars: 100
00:08:42 | [ANALYSIS] Examining AUD/USD | Time: 02:00 | Bars: 100
00:08:42 | [IDLE] Waiting for next market pulse...
00:08:53 | [36m[STATS][0m --- [CYCLE 448] ---
00:08:53 | [36m[STATS][0m Balance: 97965.06 | Equity: 97964.21 | Active: 3 | Margin: 97822.44 | Util: 0.1%
00:08:53 | [POSITION STATS] Open: 3 | Unrealized: $-0.85 | Daily Loss: $0.00/100.00
00:08:53 | [ANALYSIS] Examining EUR/USD | Time: 02:00 | Bars: 100
00:08:53 | [ANALYSIS] Examining GBP/USD | Time: 02:00 | Bars: 100
00:08:53 | [ANALYSIS] GBP/USD | Price: 1.34335 | RSI: 42.2 | ADX: 44.3 | ML: UP(75%)
00:08:53 | [STRATEGY] Added synthetic ML BUY signal (conf: 0.75)
00:08:53 | [ANALYSIS] Examining USD/JPY | Time: 02:00 | Bars: 100
00:08:53 | [ANALYSIS] Examining AUD/USD | Time: 02:00 | Bars: 100
00:08:53 | [IDLE] Waiting for next market pulse...
00:09:03 | [36m[STATS][0m --- [CYCLE 449] ---
00:09:03 | [36m[STATS][0m Balance: 97965.06 | Equity: 97963.83 | Active: 3 | Margin: 97822.06 | Util: 0.1%
00:09:03 | [POSITION STATS] Open: 3 | Unrealized: $-1.23 | Daily Loss: $0.00/100.00
00:09:03 | [ANALYSIS] Examining EUR/USD | Time: 02:00 | Bars: 100
00:09:03 | [ANALYSIS] Examining GBP/USD | Time: 02:00 | Bars: 100
00:09:03 | [ANALYSIS] GBP/USD | Price: 1.34337 | RSI: 42.3 | ADX: 44.3 | ML: UP(75%)
00:09:03 | [STRATEGY] Added synthetic ML BUY signal (conf: 0.75)
00:09:03 | [ANALYSIS] Examining USD/JPY | Time: 02:00 | Bars: 100
00:09:03 | [ANALYSIS] Examining AUD/USD | Time: 02:00 | Bars: 100
00:09:03 | [IDLE] Waiting for next market pulse...
00:09:13 | [36m[STATS][0m --- [CYCLE 450] ---
00:09:13 | [36m[STATS][0m Balance: 97965.06 | Equity: 97963.52 | Active: 3 | Margin: 97821.75 | Util: 0.1%
00:09:13 | [POSITION STATS] Open: 3 | Unrealized: $-1.54 | Daily Loss: $0.00/100.00
00:09:13 | [ANALYSIS] Examining EUR/USD | Time: 02:00 | Bars: 100
00:09:13 | [ANALYSIS] Examining GBP/USD | Time: 02:00 | Bars: 100
00:09:13 | [ANALYSIS] GBP/USD | Price: 1.34338 | RSI: 42.4 | ADX: 44.3 | ML: UP(75%)
00:09:13 | [STRATEGY] Added synthetic ML BUY signal (conf: 0.75)
00:09:13 | [ANALYSIS] Examining USD/JPY | Time: 02:00 | Bars: 100
00:09:13 | [ANALYSIS] Examining AUD/USD | Time: 02:00 | Bars: 100
00:09:13 | [SUMMARY] Risk: operational | Positions: 3 | Daily Trades: 1/5 | Exits: 1 (Market: 0, Admin: 1)
00:09:13 | [IDLE] Waiting for next market pulse...
00:09:24 | [36m[STATS][0m --- [CYCLE 451] ---
00:09:24 | [36m[STATS][0m Balance: 97965.06 | Equity: 97963.47 | Active: 3 | Margin: 97821.70 | Util: 0.1%
00:09:24 | [POSITION STATS] Open: 3 | Unrealized: $-1.59 | Daily Loss: $0.00/100.00
00:09:24 | [ANALYSIS] Examining EUR/USD | Time: 02:00 | Bars: 100
00:09:24 | [ANALYSIS] Examining GBP/USD | Time: 02:00 | Bars: 100
00:09:24 | [ANALYSIS] GBP/USD | Price: 1.34337 | RSI: 42.3 | ADX: 44.3 | ML: UP(75%)
00:09:24 | [STRATEGY] Added synthetic ML BUY signal (conf: 0.75)
00:09:24 | [ANALYSIS] Examining USD/JPY | Time: 02:00 | Bars: 100
00:09:24 | [ANALYSIS] Examining AUD/USD | Time: 02:00 | Bars: 100
00:09:24 | [IDLE] Waiting for next market pulse...
00:09:34 | [36m[STATS][0m --- [CYCLE 452] ---
00:09:34 | [36m[STATS][0m Balance: 97965.06 | Equity: 97963.55 | Active: 3 | Margin: 97821.78 | Util: 0.1%
00:09:34 | [POSITION STATS] Open: 3 | Unrealized: $-1.51 | Daily Loss: $0.00/100.00
00:09:34 | [ANALYSIS] Examining EUR/USD | Time: 02:00 | Bars: 100
00:09:34 | [ANALYSIS] Examining GBP/USD | Time: 02:00 | Bars: 100
00:09:34 | [ANALYSIS] GBP/USD | Price: 1.34337 | RSI: 42.3 | ADX: 44.3 | ML: UP(75%)
00:09:34 | [STRATEGY] Added synthetic ML BUY signal (conf: 0.75)
00:09:34 | [ANALYSIS] Examining USD/JPY | Time: 02:00 | Bars: 100
00:09:34 | [ANALYSIS] Examining AUD/USD | Time: 02:00 | Bars: 100
00:09:34 | [IDLE] Waiting for next market pulse...
00:09:44 | [36m[STATS][0m --- [CYCLE 453] ---
00:09:44 | [36m[STATS][0m Balance: 97965.06 | Equity: 97963.55 | Active: 3 | Margin: 97821.78 | Util: 0.1%
00:09:44 | [POSITION STATS] Open: 3 | Unrealized: $-1.51 | Daily Loss: $0.00/100.00
00:09:44 | [ANALYSIS] Examining EUR/USD | Time: 02:00 | Bars: 100
00:09:44 | [ANALYSIS] Examining GBP/USD | Time: 02:00 | Bars: 100
00:09:44 | [ANALYSIS] GBP/USD | Price: 1.34337 | RSI: 42.3 | ADX: 44.3 | ML: UP(75%)
00:09:44 | [STRATEGY] Added synthetic ML BUY signal (conf: 0.75)
00:09:44 | [ANALYSIS] Examining USD/JPY | Time: 02:00 | Bars: 100
00:09:44 | [ANALYSIS] Examining AUD/USD | Time: 02:00 | Bars: 100
00:09:44 | [IDLE] Waiting for next market pulse...
00:09:55 | [36m[STATS][0m --- [CYCLE 454] ---
00:09:55 | [36m[STATS][0m Balance: 97965.06 | Equity: 97963.58 | Active: 3 | Margin: 97821.81 | Util: 0.1%
00:09:55 | [POSITION STATS] Open: 3 | Unrealized: $-1.48 | Daily Loss: $0.00/100.00
00:09:55 | [ANALYSIS] Examining EUR/USD | Time: 02:00 | Bars: 100
00:09:55 | [ANALYSIS] Examining GBP/USD | Time: 02:00 | Bars: 100
00:09:55 | [ANALYSIS] GBP/USD | Price: 1.34337 | RSI: 42.3 | ADX: 44.3 | ML: UP(75%)
00:09:55 | [STRATEGY] Added synthetic ML BUY signal (conf: 0.75)
00:09:55 | [ANALYSIS] Examining USD/JPY | Time: 02:00 | Bars: 100
00:09:55 | [ANALYSIS] Examining AUD/USD | Time: 02:00 | Bars: 100
00:09:55 | [IDLE] Waiting for next market pulse...
00:10:05 | [36m[STATS][0m --- [CYCLE 455] ---
00:10:05 | [36m[STATS][0m Balance: 97965.06 | Equity: 97963.27 | Active: 3 | Margin: 97821.50 | Util: 0.1%
00:10:05 | [POSITION STATS] Open: 3 | Unrealized: $-1.79 | Daily Loss: $0.00/100.00
00:10:05 | [ANALYSIS] Examining EUR/USD | Time: 02:00 | Bars: 100
00:10:05 | [ANALYSIS] Examining GBP/USD | Time: 02:00 | Bars: 100
00:10:05 | [ANALYSIS] GBP/USD | Price: 1.34336 | RSI: 42.3 | ADX: 44.3 | ML: UP(75%)
00:10:05 | [STRATEGY] Added synthetic ML BUY signal (conf: 0.75)
00:10:05 | [ANALYSIS] Examining USD/JPY | Time: 02:00 | Bars: 100
00:10:05 | [ANALYSIS] Examining AUD/USD | Time: 02:00 | Bars: 100
00:10:05 | [SUMMARY] Risk: operational | Positions: 3 | Daily Trades: 1/5 | Exits: 1 (Market: 0, Admin: 1)
00:10:05 | [IDLE] Waiting for next market pulse...
00:10:15 | [36m[STATS][0m --- [CYCLE 456] ---
00:10:15 | [36m[STATS][0m Balance: 97965.06 | Equity: 97963.53 | Active: 3 | Margin: 97821.76 | Util: 0.1%
00:10:15 | [POSITION STATS] Open: 3 | Unrealized: $-1.53 | Daily Loss: $0.00/100.00
00:10:15 | [ANALYSIS] Examining EUR/USD | Time: 02:00 | Bars: 100
00:10:15 | [ANALYSIS] Examining GBP/USD | Time: 02:00 | Bars: 100
00:10:15 | [ANALYSIS] GBP/USD | Price: 1.34336 | RSI: 42.3 | ADX: 44.3 | ML: UP(75%)
00:10:15 | [STRATEGY] Added synthetic ML BUY signal (conf: 0.75)
00:10:15 | [ANALYSIS] Examining USD/JPY | Time: 02:00 | Bars: 100
00:10:15 | [ANALYSIS] Examining AUD/USD | Time: 02:00 | Bars: 100
00:10:15 | [IDLE] Waiting for next market pulse...
00:10:26 | [36m[STATS][0m --- [CYCLE 457] ---
00:10:26 | [36m[STATS][0m Balance: 97965.06 | Equity: 97963.55 | Active: 3 | Margin: 97821.78 | Util: 0.1%
00:10:26 | [POSITION STATS] Open: 3 | Unrealized: $-1.51 | Daily Loss: $0.00/100.00
00:10:26 | [ANALYSIS] Examining EUR/USD | Time: 02:00 | Bars: 100
00:10:26 | [ANALYSIS] Examining GBP/USD | Time: 02:00 | Bars: 100
00:10:26 | [ANALYSIS] GBP/USD | Price: 1.34336 | RSI: 42.3 | ADX: 44.3 | ML: UP(75%)
00:10:26 | [STRATEGY] Added synthetic ML BUY signal (conf: 0.75)
00:10:26 | [ANALYSIS] Examining USD/JPY | Time: 02:00 | Bars: 100
00:10:26 | [ANALYSIS] Examining AUD/USD | Time: 02:00 | Bars: 100
00:10:26 | [IDLE] Waiting for next market pulse...
00:10:36 | [36m[STATS][0m --- [CYCLE 458] ---
00:10:36 | [36m[STATS][0m Balance: 97965.06 | Equity: 97963.35 | Active: 3 | Margin: 97821.58 | Util: 0.1%
00:10:36 | [POSITION STATS] Open: 3 | Unrealized: $-1.71 | Daily Loss: $0.00/100.00
00:10:36 | [ANALYSIS] Examining EUR/USD | Time: 02:00 | Bars: 100
00:10:36 | [ANALYSIS] Examining GBP/USD | Time: 02:00 | Bars: 100
00:10:36 | [ANALYSIS] GBP/USD | Price: 1.34337 | RSI: 42.3 | ADX: 44.3 | ML: UP(75%)
00:10:36 | [STRATEGY] Added synthetic ML BUY signal (conf: 0.75)
00:10:36 | [ANALYSIS] Examining USD/JPY | Time: 02:00 | Bars: 100
00:10:36 | [ANALYSIS] Examining AUD/USD | Time: 02:00 | Bars: 100
00:10:36 | [IDLE] Waiting for next market pulse...
00:10:46 | [36m[STATS][0m --- [CYCLE 459] ---
00:10:46 | [36m[STATS][0m Balance: 97965.06 | Equity: 97963.38 | Active: 3 | Margin: 97821.61 | Util: 0.1%
00:10:46 | [POSITION STATS] Open: 3 | Unrealized: $-1.68 | Daily Loss: $0.00/100.00
00:10:46 | [ANALYSIS] Examining EUR/USD | Time: 02:00 | Bars: 100
00:10:46 | [ANALYSIS] Examining GBP/USD | Time: 02:00 | Bars: 100
00:10:46 | [ANALYSIS] GBP/USD | Price: 1.34336 | RSI: 42.3 | ADX: 44.3 | ML: UP(75%)
00:10:46 | [STRATEGY] Added synthetic ML BUY signal (conf: 0.75)
00:10:46 | [ANALYSIS] Examining USD/JPY | Time: 02:00 | Bars: 100
00:10:46 | [ANALYSIS] Examining AUD/USD | Time: 02:00 | Bars: 100
00:10:46 | [IDLE] Waiting for next market pulse...
00:10:57 | [36m[STATS][0m --- [CYCLE 460] ---
00:10:57 | [36m[STATS][0m Balance: 97965.06 | Equity: 97963.40 | Active: 3 | Margin: 97821.63 | Util: 0.1%
00:10:57 | [POSITION STATS] Open: 3 | Unrealized: $-1.66 | Daily Loss: $0.00/100.00
00:10:57 | [ANALYSIS] Examining EUR/USD | Time: 02:00 | Bars: 100
00:10:57 | [ANALYSIS] Examining GBP/USD | Time: 02:00 | Bars: 100
00:10:57 | [ANALYSIS] GBP/USD | Price: 1.34336 | RSI: 42.3 | ADX: 44.3 | ML: UP(75%)
00:10:57 | [STRATEGY] Added synthetic ML BUY signal (conf: 0.75)
00:10:57 | [ANALYSIS] Examining USD/JPY | Time: 02:00 | Bars: 100
00:10:57 | [ANALYSIS] Examining AUD/USD | Time: 02:00 | Bars: 100
00:10:57 | [SUMMARY] Risk: operational | Positions: 3 | Daily Trades: 1/5 | Exits: 1 (Market: 0, Admin: 1)
00:10:57 | [IDLE] Waiting for next market pulse...
00:11:07 | [36m[STATS][0m --- [CYCLE 461] ---
00:11:07 | [36m[STATS][0m Balance: 97965.06 | Equity: 97963.48 | Active: 3 | Margin: 97821.71 | Util: 0.1%
00:11:07 | [POSITION STATS] Open: 3 | Unrealized: $-1.58 | Daily Loss: $0.00/100.00
00:11:07 | [ANALYSIS] Examining EUR/USD | Time: 02:00 | Bars: 100
00:11:07 | [ANALYSIS] Examining GBP/USD | Time: 02:00 | Bars: 100
00:11:07 | [ANALYSIS] GBP/USD | Price: 1.34337 | RSI: 42.3 | ADX: 44.3 | ML: UP(75%)
00:11:07 | [STRATEGY] Added synthetic ML BUY signal (conf: 0.75)
00:11:07 | [ANALYSIS] Examining USD/JPY | Time: 02:00 | Bars: 100
00:11:07 | [ANALYSIS] Examining AUD/USD | Time: 02:00 | Bars: 100
00:11:07 | [IDLE] Waiting for next market pulse...
00:11:17 | [36m[STATS][0m --- [CYCLE 462] ---
00:11:17 | [36m[STATS][0m Balance: 97965.06 | Equity: 97964.01 | Active: 3 | Margin: 97822.24 | Util: 0.1%
00:11:17 | [POSITION STATS] Open: 3 | Unrealized: $-1.05 | Daily Loss: $0.00/100.00
00:11:17 | [ANALYSIS] Examining EUR/USD | Time: 02:00 | Bars: 100
00:11:17 | [ANALYSIS] Examining GBP/USD | Time: 02:00 | Bars: 100
00:11:17 | [ANALYSIS] GBP/USD | Price: 1.34349 | RSI: 43.0 | ADX: 44.3 | ML: UP(75%)
00:11:17 | [STRATEGY] Added synthetic ML BUY signal (conf: 0.75)
00:11:17 | [ANALYSIS] Examining USD/JPY | Time: 02:00 | Bars: 100
00:11:17 | [ANALYSIS] Examining AUD/USD | Time: 02:00 | Bars: 100
00:11:17 | [IDLE] Waiting for next market pulse...
00:11:28 | [36m[STATS][0m --- [CYCLE 463] ---
00:11:28 | [36m[STATS][0m Balance: 97965.06 | Equity: 97963.95 | Active: 3 | Margin: 97822.18 | Util: 0.1%
00:11:28 | [POSITION STATS] Open: 3 | Unrealized: $-1.11 | Daily Loss: $0.00/100.00
00:11:28 | [ANALYSIS] Examining EUR/USD | Time: 02:00 | Bars: 100
00:11:28 | [ANALYSIS] Examining GBP/USD | Time: 02:00 | Bars: 100
00:11:28 | [ANALYSIS] GBP/USD | Price: 1.34349 | RSI: 43.0 | ADX: 44.3 | ML: UP(75%)
00:11:28 | [STRATEGY] Added synthetic ML BUY signal (conf: 0.75)
00:11:28 | [ANALYSIS] Examining USD/JPY | Time: 02:00 | Bars: 100
00:11:28 | [ANALYSIS] Examining AUD/USD | Time: 02:00 | Bars: 100
00:11:28 | [IDLE] Waiting for next market pulse...
00:11:38 | [36m[STATS][0m --- [CYCLE 464] ---
00:11:38 | [36m[STATS][0m Balance: 97965.06 | Equity: 97964.08 | Active: 3 | Margin: 97822.31 | Util: 0.1%
00:11:38 | [POSITION STATS] Open: 3 | Unrealized: $-0.98 | Daily Loss: $0.00/100.00
00:11:38 | [ANALYSIS] Examining EUR/USD | Time: 02:00 | Bars: 100
00:11:38 | [ANALYSIS] Examining GBP/USD | Time: 02:00 | Bars: 100
00:11:38 | [ANALYSIS] GBP/USD | Price: 1.34349 | RSI: 43.0 | ADX: 44.3 | ML: UP(75%)
00:11:38 | [STRATEGY] Added synthetic ML BUY signal (conf: 0.75)
00:11:38 | [ANALYSIS] Examining USD/JPY | Time: 02:00 | Bars: 100
00:11:38 | [ANALYSIS] Examining AUD/USD | Time: 02:00 | Bars: 100
00:11:39 | [IDLE] Waiting for next market pulse...
00:11:49 | [36m[STATS][0m --- [CYCLE 465] ---
00:11:49 | [36m[STATS][0m Balance: 97965.06 | Equity: 97963.76 | Active: 3 | Margin: 97821.99 | Util: 0.1%
00:11:49 | [POSITION STATS] Open: 3 | Unrealized: $-1.30 | Daily Loss: $0.00/100.00
00:11:49 | [ANALYSIS] Examining EUR/USD | Time: 02:00 | Bars: 100
00:11:49 | [ANALYSIS] Examining GBP/USD | Time: 02:00 | Bars: 100
00:11:49 | [ANALYSIS] GBP/USD | Price: 1.34341 | RSI: 42.6 | ADX: 44.3 | ML: UP(75%)
00:11:49 | [STRATEGY] Added synthetic ML BUY signal (conf: 0.75)
00:11:49 | [ANALYSIS] Examining USD/JPY | Time: 02:00 | Bars: 100
00:11:49 | [ANALYSIS] Examining AUD/USD | Time: 02:00 | Bars: 100
00:11:49 | [SUMMARY] Risk: operational | Positions: 3 | Daily Trades: 1/5 | Exits: 1 (Market: 0, Admin: 1)
00:11:49 | [IDLE] Waiting for next market pulse...
00:11:59 | [36m[STATS][0m --- [CYCLE 466] ---
00:11:59 | [36m[STATS][0m Balance: 97965.06 | Equity: 97963.71 | Active: 3 | Margin: 97821.94 | Util: 0.1%
00:11:59 | [POSITION STATS] Open: 3 | Unrealized: $-1.35 | Daily Loss: $0.00/100.00
00:11:59 | [ANALYSIS] Examining EUR/USD | Time: 02:00 | Bars: 100
00:11:59 | [ANALYSIS] Examining GBP/USD | Time: 02:00 | Bars: 100
00:11:59 | [ANALYSIS] GBP/USD | Price: 1.34341 | RSI: 42.6 | ADX: 44.3 | ML: UP(75%)
00:11:59 | [STRATEGY] Added synthetic ML BUY signal (conf: 0.75)
00:11:59 | [ANALYSIS] Examining USD/JPY | Time: 02:00 | Bars: 100
00:11:59 | [ANALYSIS] Examining AUD/USD | Time: 02:00 | Bars: 100
00:11:59 | [IDLE] Waiting for next market pulse...
00:12:09 | [36m[STATS][0m --- [CYCLE 467] ---
00:12:10 | [36m[STATS][0m Balance: 97965.06 | Equity: 97962.84 | Active: 3 | Margin: 97821.07 | Util: 0.1%
00:12:10 | [POSITION STATS] Open: 3 | Unrealized: $-2.22 | Daily Loss: $0.00/100.00
00:12:10 | [ANALYSIS] Examining EUR/USD | Time: 02:00 | Bars: 100
00:12:10 | [ANALYSIS] Examining GBP/USD | Time: 02:00 | Bars: 100
00:12:10 | [ANALYSIS] GBP/USD | Price: 1.34344 | RSI: 42.7 | ADX: 44.3 | ML: UP(75%)
00:12:10 | [STRATEGY] Added synthetic ML BUY signal (conf: 0.75)
00:12:10 | [ANALYSIS] Examining USD/JPY | Time: 02:00 | Bars: 100
00:12:10 | [ANALYSIS] Examining AUD/USD | Time: 02:00 | Bars: 100
00:12:10 | [IDLE] Waiting for next market pulse...
00:12:20 | [36m[STATS][0m --- [CYCLE 468] ---
00:12:20 | [36m[STATS][0m Balance: 97965.06 | Equity: 97963.27 | Active: 3 | Margin: 97821.50 | Util: 0.1%
00:12:20 | [POSITION STATS] Open: 3 | Unrealized: $-1.79 | Daily Loss: $0.00/100.00
00:12:20 | [ANALYSIS] Examining EUR/USD | Time: 02:00 | Bars: 100
00:12:20 | [ANALYSIS] Examining GBP/USD | Time: 02:00 | Bars: 100
00:12:20 | [ANALYSIS] GBP/USD | Price: 1.34339 | RSI: 42.4 | ADX: 44.3 | ML: UP(75%)
00:12:20 | [STRATEGY] Added synthetic ML BUY signal (conf: 0.75)
00:12:20 | [ANALYSIS] Examining USD/JPY | Time: 02:00 | Bars: 100
00:12:20 | [ANALYSIS] Examining AUD/USD | Time: 02:00 | Bars: 100
00:12:20 | [IDLE] Waiting for next market pulse...
00:12:30 | [36m[STATS][0m --- [CYCLE 469] ---
00:12:30 | [36m[STATS][0m Balance: 97965.06 | Equity: 97962.65 | Active: 3 | Margin: 97820.88 | Util: 0.1%
00:12:30 | [POSITION STATS] Open: 3 | Unrealized: $-2.41 | Daily Loss: $0.00/100.00
00:12:30 | [ANALYSIS] Examining EUR/USD | Time: 02:00 | Bars: 100
00:12:30 | [ANALYSIS] Examining GBP/USD | Time: 02:00 | Bars: 100
00:12:30 | [ANALYSIS] GBP/USD | Price: 1.34339 | RSI: 42.4 | ADX: 44.3 | ML: UP(75%)
00:12:30 | [STRATEGY] Added synthetic ML BUY signal (conf: 0.75)
00:12:30 | [ANALYSIS] Examining USD/JPY | Time: 02:00 | Bars: 100
00:12:31 | [ANALYSIS] Examining AUD/USD | Time: 02:00 | Bars: 100
00:12:31 | [IDLE] Waiting for next market pulse...
00:12:41 | [36m[STATS][0m --- [CYCLE 470] ---
00:12:41 | [36m[STATS][0m Balance: 97965.06 | Equity: 97962.44 | Active: 3 | Margin: 97820.67 | Util: 0.1%
00:12:41 | [POSITION STATS] Open: 3 | Unrealized: $-2.62 | Daily Loss: $0.00/100.00
00:12:41 | [ANALYSIS] Examining EUR/USD | Time: 02:00 | Bars: 100
00:12:41 | [ANALYSIS] Examining GBP/USD | Time: 02:00 | Bars: 100
00:12:41 | [ANALYSIS] GBP/USD | Price: 1.34339 | RSI: 42.4 | ADX: 44.3 | ML: UP(75%)
00:12:41 | [STRATEGY] Added synthetic ML BUY signal (conf: 0.75)
00:12:41 | [ANALYSIS] Examining USD/JPY | Time: 02:00 | Bars: 100
00:12:41 | [ANALYSIS] Examining AUD/USD | Time: 02:00 | Bars: 100
00:12:41 | [SUMMARY] Risk: operational | Positions: 3 | Daily Trades: 1/5 | Exits: 1 (Market: 0, Admin: 1)
00:12:41 | [IDLE] Waiting for next market pulse...
00:12:51 | [36m[STATS][0m --- [CYCLE 471] ---
00:12:51 | [36m[STATS][0m Balance: 97965.06 | Equity: 97962.71 | Active: 3 | Margin: 97820.94 | Util: 0.1%
00:12:51 | [POSITION STATS] Open: 3 | Unrealized: $-2.35 | Daily Loss: $0.00/100.00
00:12:51 | [ANALYSIS] Examining EUR/USD | Time: 02:00 | Bars: 100
00:12:51 | [ANALYSIS] Examining GBP/USD | Time: 02:00 | Bars: 100
00:12:51 | [ANALYSIS] GBP/USD | Price: 1.34337 | RSI: 42.3 | ADX: 44.3 | ML: UP(75%)
00:12:51 | [STRATEGY] Added synthetic ML BUY signal (conf: 0.75)
00:12:51 | [ANALYSIS] Examining USD/JPY | Time: 02:00 | Bars: 100
00:12:51 | [ANALYSIS] Examining AUD/USD | Time: 02:00 | Bars: 100
00:12:51 | [IDLE] Waiting for next market pulse...
00:13:01 | [36m[STATS][0m --- [CYCLE 472] ---
00:13:01 | [36m[STATS][0m Balance: 97965.06 | Equity: 97962.00 | Active: 3 | Margin: 97820.23 | Util: 0.1%
00:13:01 | [POSITION STATS] Open: 3 | Unrealized: $-3.06 | Daily Loss: $0.00/100.00
00:13:02 | [ANALYSIS] Examining EUR/USD | Time: 02:00 | Bars: 100
00:13:02 | [ANALYSIS] Examining GBP/USD | Time: 02:00 | Bars: 100
00:13:02 | [ANALYSIS] GBP/USD | Price: 1.34335 | RSI: 42.2 | ADX: 44.3 | ML: UP(75%)
00:13:02 | [STRATEGY] Added synthetic ML BUY signal (conf: 0.75)
00:13:02 | [ANALYSIS] Examining USD/JPY | Time: 02:00 | Bars: 100
00:13:02 | [ANALYSIS] Examining AUD/USD | Time: 02:00 | Bars: 100
00:13:02 | [IDLE] Waiting for next market pulse...
00:13:12 | [36m[STATS][0m --- [CYCLE 473] ---
00:13:12 | [36m[STATS][0m Balance: 97965.06 | Equity: 97961.70 | Active: 3 | Margin: 97819.93 | Util: 0.1%
00:13:12 | [POSITION STATS] Open: 3 | Unrealized: $-3.36 | Daily Loss: $0.00/100.00
00:13:12 | [ANALYSIS] Examining EUR/USD | Time: 02:00 | Bars: 100
00:13:12 | [ANALYSIS] Examining GBP/USD | Time: 02:00 | Bars: 100
00:13:12 | [ANALYSIS] GBP/USD | Price: 1.34329 | RSI: 41.9 | ADX: 44.3 | ML: UP(75%)
00:13:12 | [STRATEGY] Added synthetic ML BUY signal (conf: 0.75)
00:13:12 | [ANALYSIS] Examining USD/JPY | Time: 02:00 | Bars: 100
00:13:12 | [ANALYSIS] Examining AUD/USD | Time: 02:00 | Bars: 100
00:13:12 | [IDLE] Waiting for next market pulse...
00:13:22 | [36m[STATS][0m --- [CYCLE 474] ---
00:13:22 | [36m[STATS][0m Balance: 97965.06 | Equity: 97961.74 | Active: 3 | Margin: 97819.97 | Util: 0.1%
00:13:22 | [POSITION STATS] Open: 3 | Unrealized: $-3.32 | Daily Loss: $0.00/100.00
00:13:22 | [ANALYSIS] Examining EUR/USD | Time: 02:00 | Bars: 100
00:13:22 | [ANALYSIS] Examining GBP/USD | Time: 02:00 | Bars: 100
00:13:22 | [ANALYSIS] GBP/USD | Price: 1.34333 | RSI: 42.1 | ADX: 44.3 | ML: UP(75%)
00:13:22 | [STRATEGY] Added synthetic ML BUY signal (conf: 0.75)
00:13:22 | [ANALYSIS] Examining USD/JPY | Time: 02:00 | Bars: 100
00:13:22 | [ANALYSIS] Examining AUD/USD | Time: 02:00 | Bars: 100
00:13:22 | [IDLE] Waiting for next market pulse...
00:13:33 | [36m[STATS][0m --- [CYCLE 475] ---
00:13:33 | [36m[STATS][0m Balance: 97965.06 | Equity: 97961.91 | Active: 3 | Margin: 97820.14 | Util: 0.1%
00:13:33 | [POSITION STATS] Open: 3 | Unrealized: $-3.15 | Daily Loss: $0.00/100.00
00:13:33 | [ANALYSIS] Examining EUR/USD | Time: 02:00 | Bars: 100
00:13:33 | [ANALYSIS] Examining GBP/USD | Time: 02:00 | Bars: 100
00:13:33 | [ANALYSIS] GBP/USD | Price: 1.34334 | RSI: 42.2 | ADX: 44.3 | ML: UP(75%)
00:13:33 | [STRATEGY] Added synthetic ML BUY signal (conf: 0.75)
00:13:33 | [ANALYSIS] Examining USD/JPY | Time: 02:00 | Bars: 100
00:13:33 | [ANALYSIS] Examining AUD/USD | Time: 02:00 | Bars: 100
00:13:33 | [SUMMARY] Risk: operational | Positions: 3 | Daily Trades: 1/5 | Exits: 1 (Market: 0, Admin: 1)
00:13:33 | [IDLE] Waiting for next market pulse...
00:13:43 | [36m[STATS][0m --- [CYCLE 476] ---
00:13:43 | [36m[STATS][0m Balance: 97965.06 | Equity: 97961.64 | Active: 3 | Margin: 97819.87 | Util: 0.1%
00:13:43 | [POSITION STATS] Open: 3 | Unrealized: $-3.42 | Daily Loss: $0.00/100.00
00:13:43 | [ANALYSIS] Examining EUR/USD | Time: 02:00 | Bars: 100
00:13:43 | [ANALYSIS] Examining GBP/USD | Time: 02:00 | Bars: 100
00:13:43 | [ANALYSIS] GBP/USD | Price: 1.34329 | RSI: 41.9 | ADX: 44.3 | ML: UP(75%)
00:13:43 | [STRATEGY] Added synthetic ML BUY signal (conf: 0.75)
00:13:43 | [ANALYSIS] Examining USD/JPY | Time: 02:00 | Bars: 100
00:13:43 | [ANALYSIS] Examining AUD/USD | Time: 02:00 | Bars: 100
00:13:43 | [IDLE] Waiting for next market pulse...
00:13:53 | [36m[STATS][0m --- [CYCLE 477] ---
00:13:53 | [36m[STATS][0m Balance: 97965.06 | Equity: 97961.39 | Active: 3 | Margin: 97819.62 | Util: 0.1%
00:13:53 | [POSITION STATS] Open: 3 | Unrealized: $-3.67 | Daily Loss: $0.00/100.00
00:13:53 | [ANALYSIS] Examining EUR/USD | Time: 02:00 | Bars: 100
00:13:53 | [ANALYSIS] Examining GBP/USD | Time: 02:00 | Bars: 100
00:13:53 | [ANALYSIS] GBP/USD | Price: 1.34329 | RSI: 41.9 | ADX: 44.3 | ML: UP(75%)
00:13:53 | [STRATEGY] Added synthetic ML BUY signal (conf: 0.75)
00:13:53 | [ANALYSIS] Examining USD/JPY | Time: 02:00 | Bars: 100
00:13:53 | [ANALYSIS] Examining AUD/USD | Time: 02:00 | Bars: 100
00:13:53 | [IDLE] Waiting for next market pulse...
00:13:56 | Configuration reloaded successfully
00:14:04 | [36m[STATS][0m --- [CYCLE 478] ---
00:14:04 | [36m[STATS][0m Balance: 97965.06 | Equity: 97961.40 | Active: 3 | Margin: 97819.63 | Util: 0.1%
00:14:04 | [POSITION STATS] Open: 3 | Unrealized: $-3.66 | Daily Loss: $0.00/100.00
00:14:04 | [ANALYSIS] Examining EUR/USD | Time: 02:00 | Bars: 100
00:14:04 | [ANALYSIS] Examining GBP/USD | Time: 02:00 | Bars: 100
00:14:04 | [ANALYSIS] GBP/USD | Price: 1.34331 | RSI: 42.0 | ADX: 44.3 | ML: UP(75%)
00:14:04 | [STRATEGY] Added synthetic ML BUY signal (conf: 0.75)
00:14:04 | [ANALYSIS] Examining USD/JPY | Time: 02:00 | Bars: 100
00:14:04 | [ANALYSIS] Examining AUD/USD | Time: 02:00 | Bars: 100
00:14:04 | [IDLE] Waiting for next market pulse...
00:14:14 | [36m[STATS][0m --- [CYCLE 479] ---
00:14:14 | [36m[STATS][0m Balance: 97965.06 | Equity: 97961.26 | Active: 3 | Margin: 97819.49 | Util: 0.1%
00:14:14 | [POSITION STATS] Open: 3 | Unrealized: $-3.80 | Daily Loss: $0.00/100.00
00:14:14 | [ANALYSIS] Examining EUR/USD | Time: 02:00 | Bars: 100
00:14:14 | [ANALYSIS] Examining GBP/USD | Time: 02:00 | Bars: 100
00:14:14 | [ANALYSIS] GBP/USD | Price: 1.34328 | RSI: 41.9 | ADX: 44.3 | ML: UP(75%)
00:14:14 | [STRATEGY] Added synthetic ML BUY signal (conf: 0.75)
00:14:14 | [ANALYSIS] Examining USD/JPY | Time: 02:00 | Bars: 100
00:14:14 | [ANALYSIS] Examining AUD/USD | Time: 02:00 | Bars: 100
00:14:14 | [IDLE] Waiting for next market pulse...
00:14:24 | [36m[STATS][0m --- [CYCLE 480] ---
00:14:24 | [36m[STATS][0m Balance: 97965.06 | Equity: 97961.23 | Active: 3 | Margin: 97819.46 | Util: 0.1%
00:14:24 | [POSITION STATS] Open: 3 | Unrealized: $-3.83 | Daily Loss: $0.00/100.00
00:14:24 | [ANALYSIS] Examining EUR/USD | Time: 02:00 | Bars: 100
00:14:24 | [ANALYSIS] Examining GBP/USD | Time: 02:00 | Bars: 100
00:14:24 | [ANALYSIS] GBP/USD | Price: 1.34328 | RSI: 41.9 | ADX: 44.3 | ML: UP(75%)
00:14:24 | [STRATEGY] Added synthetic ML BUY signal (conf: 0.75)
00:14:24 | [ANALYSIS] Examining USD/JPY | Time: 02:00 | Bars: 100
00:14:24 | [ANALYSIS] Examining AUD/USD | Time: 02:00 | Bars: 100
00:14:24 | [SUMMARY] Risk: operational | Positions: 3 | Daily Trades: 1/5 | Exits: 1 (Market: 0, Admin: 1)
00:14:24 | [IDLE] Waiting for next market pulse...
00:14:35 | [36m[STATS][0m --- [CYCLE 481] ---
00:14:35 | [36m[STATS][0m Balance: 97965.06 | Equity: 97961.34 | Active: 3 | Margin: 97819.57 | Util: 0.1%
00:14:35 | [POSITION STATS] Open: 3 | Unrealized: $-3.72 | Daily Loss: $0.00/100.00
00:14:35 | [ANALYSIS] Examining EUR/USD | Time: 02:00 | Bars: 100
00:14:35 | [ANALYSIS] Examining GBP/USD | Time: 02:00 | Bars: 100
00:14:35 | [ANALYSIS] GBP/USD | Price: 1.34330 | RSI: 42.0 | ADX: 44.3 | ML: UP(75%)
00:14:35 | [STRATEGY] Added synthetic ML BUY signal (conf: 0.75)
00:14:35 | [ANALYSIS] Examining USD/JPY | Time: 02:00 | Bars: 100
00:14:35 | [ANALYSIS] Examining AUD/USD | Time: 02:00 | Bars: 100
00:14:35 | [IDLE] Waiting for next market pulse...
00:14:45 | [36m[STATS][0m --- [CYCLE 482] ---
00:14:45 | [36m[STATS][0m Balance: 97965.06 | Equity: 97961.25 | Active: 3 | Margin: 97819.48 | Util: 0.1%
00:14:45 | [POSITION STATS] Open: 3 | Unrealized: $-3.81 | Daily Loss: $0.00/100.00
00:14:45 | [ANALYSIS] Examining EUR/USD | Time: 02:00 | Bars: 100
00:14:45 | [ANALYSIS] Examining GBP/USD | Time: 02:00 | Bars: 100
00:14:45 | [ANALYSIS] GBP/USD | Price: 1.34325 | RSI: 41.7 | ADX: 44.4 | ML: UP(75%)
00:14:45 | [STRATEGY] Added synthetic ML BUY signal (conf: 0.75)
00:14:45 | [ANALYSIS] Examining USD/JPY | Time: 02:00 | Bars: 100
00:14:45 | [ANALYSIS] Examining AUD/USD | Time: 02:00 | Bars: 100
00:14:45 | [IDLE] Waiting for next market pulse...
00:14:55 | [36m[STATS][0m --- [CYCLE 483] ---
00:14:55 | [1;35m[CLOSE][0m GBPUSD | PnL: [91m-$3.30[0m | ID: 54609394147
00:14:55 | [1;35m[CLOSE][0m GBPUSD | PnL: [91m-$3.35[0m | ID: 54609416403
00:14:55 | [1;35m[CLOSE][0m GBPUSD | PnL: [91m-$3.35[0m | ID: 54609399243
00:14:55 | [36m[STATS][0m Balance: 97965.06 | Equity: 97960.58 | Active: 3 | Margin: 97818.81 | Util: 0.1%
00:14:55 | [POSITION STATS] Open: 3 | Unrealized: $-4.48 | Daily Loss: $0.00/100.00
00:14:55 | [ANALYSIS] Examining EUR/USD | Time: 02:00 | Bars: 100
00:14:55 | [ANALYSIS] Examining GBP/USD | Time: 02:00 | Bars: 100
00:14:55 | [ANALYSIS] GBP/USD | Price: 1.34324 | RSI: 41.7 | ADX: 44.4 | ML: UP(75%)
00:14:55 | [STRATEGY] Added synthetic ML BUY signal (conf: 0.75)
00:14:55 | [ANALYSIS] Examining USD/JPY | Time: 02:00 | Bars: 100
00:14:55 | [ANALYSIS] Examining AUD/USD | Time: 02:00 | Bars: 100
00:14:55 | [IDLE] Waiting for next market pulse...
00:15:06 | [36m[STATS][0m --- [CYCLE 484] ---
00:15:06 | [1;35m[CLOSE][0m AUDUSD | PnL: [92m+$3.40[0m | ID: 54608862600
00:15:06 | [1;35m[CLOSE][0m GBPUSD | PnL: [91m-$4.00[0m | ID: 54609377144
00:15:06 | [1;35m[CLOSE][0m GBPUSD | PnL: [91m-$4.00[0m | ID: 54609382625
00:15:06 | [1;35m[CLOSE][0m GBPUSD | PnL: [91m-$3.50[0m | ID: 54609386134
00:15:06 | [1;35m[CLOSE][0m GBPUSD | PnL: [91m-$3.25[0m | ID: 54609388449
00:15:06 | [1;35m[CLOSE][0m GBPUSD | PnL: [91m-$3.25[0m | ID: 54609390961
00:15:06 | [1;35m[CLOSE][0m GBPUSD | PnL: [91m-$3.10[0m | ID: 54609396914
00:15:06 | [1;35m[CLOSE][0m GBPUSD | PnL: [91m-$3.45[0m | ID: 54609401783
00:15:06 | [1;35m[CLOSE][0m GBPUSD | PnL: [91m-$3.50[0m | ID: 54609403557
00:15:06 | [1;35m[CLOSE][0m GBPUSD | PnL: [91m-$3.55[0m | ID: 54609405622
00:15:06 | [1;35m[CLOSE][0m GBPUSD | PnL: [91m-$3.25[0m | ID: 54609407273
00:15:06 | [1;35m[CLOSE][0m GBPUSD | PnL: [91m-$3.45[0m | ID: 54609409603
00:15:06 | [1;35m[CLOSE][0m GBPUSD | PnL: [91m-$3.30[0m | ID: 54609411483
00:15:06 | [1;35m[CLOSE][0m GBPUSD | PnL: [91m-$3.30[0m | ID: 54609413409
00:15:06 | [1;35m[CLOSE][0m GBPUSD | PnL: [91m-$3.55[0m | ID: 54609418972
00:15:06 | [1;35m[CLOSE][0m GBPUSD | PnL: [91m-$3.75[0m | ID: 54609420245
00:15:06 | [1;35m[CLOSE][0m EURUSD | PnL: [92m+$0.40[0m | ID: 54610155942
00:15:06 | [36m[STATS][0m Balance: 97965.06 | Equity: 97960.53 | Active: 3 | Margin: 97818.76 | Util: 0.1%
00:15:06 | [POSITION STATS] Open: 3 | Unrealized: $-4.53 | Daily Loss: $0.00/100.00
00:15:06 | [ANALYSIS] Examining EUR/USD | Time: 02:00 | Bars: 100
00:15:06 | [ANALYSIS] Examining GBP/USD | Time: 02:00 | Bars: 100
00:15:06 | [ANALYSIS] GBP/USD | Price: 1.34320 | RSI: 41.5 | ADX: 44.4 | ML: UP(75%)
00:15:06 | [STRATEGY] Added synthetic ML BUY signal (conf: 0.75)
00:15:06 | [ANALYSIS] Examining USD/JPY | Time: 02:00 | Bars: 100
00:15:06 | [ANALYSIS] Examining AUD/USD | Time: 02:00 | Bars: 100
00:15:06 | [IDLE] Waiting for next market pulse...
00:15:16 | [36m[STATS][0m --- [CYCLE 485] ---
00:15:16 | [36m[STATS][0m Balance: 97965.06 | Equity: 97960.63 | Active: 3 | Margin: 97818.86 | Util: 0.1%
00:15:16 | [POSITION STATS] Open: 3 | Unrealized: $-4.43 | Daily Loss: $0.00/100.00
00:15:16 | [ANALYSIS] Examining EUR/USD | Time: 02:00 | Bars: 100
00:15:16 | [ANALYSIS] Examining GBP/USD | Time: 02:00 | Bars: 100
00:15:16 | [ANALYSIS] GBP/USD | Price: 1.34323 | RSI: 41.6 | ADX: 44.4 | ML: UP(75%)
00:15:16 | [STRATEGY] Added synthetic ML BUY signal (conf: 0.75)
00:15:16 | [ANALYSIS] Examining USD/JPY | Time: 02:00 | Bars: 100
00:15:16 | [ANALYSIS] Examining AUD/USD | Time: 02:00 | Bars: 100
00:15:16 | [SUMMARY] Risk: operational | Positions: 3 | Daily Trades: 1/5 | Exits: 1 (Market: 0, Admin: 1)
00:15:16 | [IDLE] Waiting for next market pulse...
00:15:26 | [36m[STATS][0m --- [CYCLE 486] ---
00:15:26 | [36m[STATS][0m Balance: 97965.06 | Equity: 97960.72 | Active: 3 | Margin: 97818.95 | Util: 0.1%
00:15:26 | [POSITION STATS] Open: 3 | Unrealized: $-4.34 | Daily Loss: $0.00/100.00
00:15:26 | [ANALYSIS] Examining EUR/USD | Time: 02:00 | Bars: 100
00:15:26 | [ANALYSIS] Examining GBP/USD | Time: 02:00 | Bars: 100
00:15:26 | [ANALYSIS] GBP/USD | Price: 1.34325 | RSI: 41.7 | ADX: 44.4 | ML: UP(75%)
00:15:26 | [STRATEGY] Added synthetic ML BUY signal (conf: 0.75)
00:15:26 | [ANALYSIS] Examining USD/JPY | Time: 02:00 | Bars: 100
00:15:26 | [ANALYSIS] Examining AUD/USD | Time: 02:00 | Bars: 100
00:15:26 | [IDLE] Waiting for next market pulse...
00:15:37 | [36m[STATS][0m --- [CYCLE 487] ---
00:15:37 | [36m[STATS][0m Balance: 97965.06 | Equity: 97960.43 | Active: 3 | Margin: 97818.66 | Util: 0.1%
00:15:37 | [POSITION STATS] Open: 3 | Unrealized: $-4.63 | Daily Loss: $0.00/100.00
00:15:37 | [ANALYSIS] Examining EUR/USD | Time: 02:00 | Bars: 100
00:15:37 | [ANALYSIS] Examining GBP/USD | Time: 02:00 | Bars: 100
00:15:37 | [ANALYSIS] GBP/USD | Price: 1.34320 | RSI: 41.5 | ADX: 44.4 | ML: UP(75%)
00:15:37 | [STRATEGY] Added synthetic ML BUY signal (conf: 0.75)
00:15:37 | [ANALYSIS] Examining USD/JPY | Time: 02:00 | Bars: 100
00:15:37 | [ANALYSIS] Examining AUD/USD | Time: 02:00 | Bars: 100
00:15:37 | [IDLE] Waiting for next market pulse...
00:15:47 | [36m[STATS][0m --- [CYCLE 488] ---
00:15:47 | [36m[STATS][0m Balance: 97965.06 | Equity: 97960.43 | Active: 3 | Margin: 97818.66 | Util: 0.1%
00:15:47 | [POSITION STATS] Open: 3 | Unrealized: $-4.63 | Daily Loss: $0.00/100.00
00:15:47 | [ANALYSIS] Examining EUR/USD | Time: 02:00 | Bars: 100
00:15:47 | [ANALYSIS] Examining GBP/USD | Time: 02:00 | Bars: 100
00:15:47 | [ANALYSIS] GBP/USD | Price: 1.34319 | RSI: 41.4 | ADX: 44.4 | ML: UP(75%)
00:15:47 | [STRATEGY] Added synthetic ML BUY signal (conf: 0.75)
00:15:47 | [ANALYSIS] Examining USD/JPY | Time: 02:00 | Bars: 100
00:15:47 | [ANALYSIS] Examining AUD/USD | Time: 02:00 | Bars: 100
00:15:47 | [IDLE] Waiting for next market pulse...
00:15:57 | [36m[STATS][0m --- [CYCLE 489] ---
00:15:57 | [36m[STATS][0m Balance: 97965.06 | Equity: 97960.75 | Active: 3 | Margin: 97818.98 | Util: 0.1%
00:15:57 | [POSITION STATS] Open: 3 | Unrealized: $-4.31 | Daily Loss: $0.00/100.00
00:15:57 | [ANALYSIS] Examining EUR/USD | Time: 02:00 | Bars: 100
00:15:57 | [ANALYSIS] Examining GBP/USD | Time: 02:00 | Bars: 100
00:15:57 | [ANALYSIS] GBP/USD | Price: 1.34324 | RSI: 41.7 | ADX: 44.4 | ML: UP(75%)
00:15:57 | [STRATEGY] Added synthetic ML BUY signal (conf: 0.75)
00:15:57 | [ANALYSIS] Examining USD/JPY | Time: 02:00 | Bars: 100
00:15:57 | [ANALYSIS] Examining AUD/USD | Time: 02:00 | Bars: 100
00:15:57 | [IDLE] Waiting for next market pulse...
00:16:08 | [36m[STATS][0m --- [CYCLE 490] ---
00:16:08 | [36m[STATS][0m Balance: 97965.06 | Equity: 97961.00 | Active: 3 | Margin: 97819.23 | Util: 0.1%
00:16:08 | [POSITION STATS] Open: 3 | Unrealized: $-4.06 | Daily Loss: $0.00/100.00
00:16:08 | [ANALYSIS] Examining EUR/USD | Time: 02:00 | Bars: 100
00:16:08 | [ANALYSIS] Examining GBP/USD | Time: 02:00 | Bars: 100
00:16:08 | [ANALYSIS] GBP/USD | Price: 1.34324 | RSI: 41.7 | ADX: 44.4 | ML: UP(75%)
00:16:08 | [STRATEGY] Added synthetic ML BUY signal (conf: 0.75)
00:16:08 | [ANALYSIS] Examining USD/JPY | Time: 02:00 | Bars: 100
00:16:08 | [ANALYSIS] Examining AUD/USD | Time: 02:00 | Bars: 100
00:16:08 | [SUMMARY] Risk: operational | Positions: 3 | Daily Trades: 1/5 | Exits: 1 (Market: 0, Admin: 1)
00:16:08 | [IDLE] Waiting for next market pulse...
00:16:18 | [36m[STATS][0m --- [CYCLE 491] ---
00:16:18 | [36m[STATS][0m Balance: 97965.06 | Equity: 97960.62 | Active: 3 | Margin: 97818.85 | Util: 0.1%
00:16:18 | [POSITION STATS] Open: 3 | Unrealized: $-4.44 | Daily Loss: $0.00/100.00
00:16:18 | [ANALYSIS] Examining EUR/USD | Time: 02:00 | Bars: 100
00:16:18 | [ANALYSIS] Examining GBP/USD | Time: 02:00 | Bars: 100
00:16:18 | [ANALYSIS] GBP/USD | Price: 1.34319 | RSI: 41.4 | ADX: 44.4 | ML: UP(75%)
00:16:18 | [STRATEGY] Added synthetic ML BUY signal (conf: 0.75)
00:16:18 | [ANALYSIS] Examining USD/JPY | Time: 02:00 | Bars: 100
00:16:18 | [ANALYSIS] Examining AUD/USD | Time: 02:00 | Bars: 100
00:16:18 | [IDLE] Waiting for next market pulse...
00:16:28 | [36m[STATS][0m --- [CYCLE 492] ---
00:16:28 | [36m[STATS][0m Balance: 97965.06 | Equity: 97960.25 | Active: 3 | Margin: 97818.48 | Util: 0.1%
00:16:28 | [POSITION STATS] Open: 3 | Unrealized: $-4.81 | Daily Loss: $0.00/100.00
00:16:28 | [ANALYSIS] Examining EUR/USD | Time: 02:00 | Bars: 100
00:16:28 | [ANALYSIS] Examining GBP/USD | Time: 02:00 | Bars: 100
00:16:28 | [ANALYSIS] GBP/USD | Price: 1.34317 | RSI: 41.3 | ADX: 44.4 | ML: UP(75%)
00:16:28 | [STRATEGY] Added synthetic ML BUY signal (conf: 0.75)
00:16:28 | [ANALYSIS] Examining USD/JPY | Time: 02:00 | Bars: 100
00:16:28 | [ANALYSIS] Examining AUD/USD | Time: 02:00 | Bars: 100
00:16:28 | [IDLE] Waiting for next market pulse...
00:16:39 | [36m[STATS][0m --- [CYCLE 493] ---
00:16:39 | [36m[STATS][0m Balance: 97965.06 | Equity: 97960.36 | Active: 3 | Margin: 97818.59 | Util: 0.1%
00:16:39 | [POSITION STATS] Open: 3 | Unrealized: $-4.70 | Daily Loss: $0.00/100.00
00:16:39 | [ANALYSIS] Examining EUR/USD | Time: 02:00 | Bars: 100
00:16:39 | [ANALYSIS] Examining GBP/USD | Time: 02:00 | Bars: 100
00:16:39 | [ANALYSIS] GBP/USD | Price: 1.34318 | RSI: 41.4 | ADX: 44.4 | ML: UP(75%)
00:16:39 | [STRATEGY] Added synthetic ML BUY signal (conf: 0.75)
00:16:39 | [ANALYSIS] Examining USD/JPY | Time: 02:00 | Bars: 100
00:16:39 | [ANALYSIS] Examining AUD/USD | Time: 02:00 | Bars: 100
00:16:39 | [IDLE] Waiting for next market pulse...
00:16:49 | [36m[STATS][0m --- [CYCLE 494] ---
00:16:49 | [36m[STATS][0m Balance: 97965.06 | Equity: 97961.08 | Active: 3 | Margin: 97819.31 | Util: 0.1%
00:16:49 | [POSITION STATS] Open: 3 | Unrealized: $-3.98 | Daily Loss: $0.00/100.00
00:16:49 | [ANALYSIS] Examining EUR/USD | Time: 02:00 | Bars: 100
00:16:49 | [ANALYSIS] Examining GBP/USD | Time: 02:00 | Bars: 100
00:16:49 | [ANALYSIS] GBP/USD | Price: 1.34328 | RSI: 41.9 | ADX: 44.4 | ML: UP(75%)
00:16:49 | [STRATEGY] Added synthetic ML BUY signal (conf: 0.75)
00:16:49 | [ANALYSIS] Examining USD/JPY | Time: 02:00 | Bars: 100
00:16:49 | [ANALYSIS] Examining AUD/USD | Time: 02:00 | Bars: 100
00:16:49 | [IDLE] Waiting for next market pulse...
00:16:59 | [36m[STATS][0m --- [CYCLE 495] ---
00:16:59 | [36m[STATS][0m Balance: 97965.06 | Equity: 97961.20 | Active: 3 | Margin: 97819.43 | Util: 0.1%
00:16:59 | [POSITION STATS] Open: 3 | Unrealized: $-3.86 | Daily Loss: $0.00/100.00
00:16:59 | [ANALYSIS] Examining EUR/USD | Time: 02:00 | Bars: 100
00:16:59 | [ANALYSIS] Examining GBP/USD | Time: 02:00 | Bars: 100
00:16:59 | [ANALYSIS] GBP/USD | Price: 1.34329 | RSI: 41.9 | ADX: 44.4 | ML: UP(75%)
00:16:59 | [STRATEGY] Added synthetic ML BUY signal (conf: 0.75)
00:16:59 | [ANALYSIS] Examining USD/JPY | Time: 02:00 | Bars: 100
00:16:59 | [ANALYSIS] Examining AUD/USD | Time: 02:00 | Bars: 100
00:16:59 | [SUMMARY] Risk: operational | Positions: 3 | Daily Trades: 1/5 | Exits: 1 (Market: 0, Admin: 1)
00:16:59 | [IDLE] Waiting for next market pulse...
00:17:10 | [36m[STATS][0m --- [CYCLE 496] ---
00:17:10 | [36m[STATS][0m Balance: 97965.06 | Equity: 97960.97 | Active: 3 | Margin: 97819.20 | Util: 0.1%
00:17:10 | [POSITION STATS] Open: 3 | Unrealized: $-4.09 | Daily Loss: $0.00/100.00
00:17:10 | [ANALYSIS] Examining EUR/USD | Time: 02:00 | Bars: 100
00:17:10 | [ANALYSIS] Examining GBP/USD | Time: 02:00 | Bars: 100
00:17:10 | [ANALYSIS] GBP/USD | Price: 1.34329 | RSI: 41.9 | ADX: 44.4 | ML: UP(75%)
00:17:10 | [STRATEGY] Added synthetic ML BUY signal (conf: 0.75)
00:17:10 | [ANALYSIS] Examining USD/JPY | Time: 02:00 | Bars: 100
00:17:10 | [ANALYSIS] Examining AUD/USD | Time: 02:00 | Bars: 100
00:17:10 | [IDLE] Waiting for next market pulse...
00:17:20 | [36m[STATS][0m --- [CYCLE 497] ---
00:17:20 | [36m[STATS][0m Balance: 97965.06 | Equity: 97961.77 | Active: 3 | Margin: 97820.00 | Util: 0.1%
00:17:20 | [POSITION STATS] Open: 3 | Unrealized: $-3.29 | Daily Loss: $0.00/100.00
00:17:20 | [ANALYSIS] Examining EUR/USD | Time: 02:00 | Bars: 100
00:17:20 | [ANALYSIS] Examining GBP/USD | Time: 02:00 | Bars: 100
00:17:20 | [ANALYSIS] GBP/USD | Price: 1.34336 | RSI: 42.3 | ADX: 44.4 | ML: UP(75%)
00:17:20 | [STRATEGY] Added synthetic ML BUY signal (conf: 0.75)
00:17:20 | [ANALYSIS] Examining USD/JPY | Time: 02:00 | Bars: 100
00:17:20 | [ANALYSIS] Examining AUD/USD | Time: 02:00 | Bars: 100
00:17:20 | [IDLE] Waiting for next market pulse...
00:17:30 | [36m[STATS][0m --- [CYCLE 498] ---
00:17:30 | [36m[STATS][0m Balance: 97965.06 | Equity: 97961.63 | Active: 3 | Margin: 97819.86 | Util: 0.1%
00:17:30 | [POSITION STATS] Open: 3 | Unrealized: $-3.43 | Daily Loss: $0.00/100.00
00:17:30 | [ANALYSIS] Examining EUR/USD | Time: 02:00 | Bars: 100
00:17:30 | [ANALYSIS] Examining GBP/USD | Time: 02:00 | Bars: 100
00:17:30 | [ANALYSIS] GBP/USD | Price: 1.34340 | RSI: 42.5 | ADX: 44.4 | ML: UP(75%)
00:17:30 | [STRATEGY] Added synthetic ML BUY signal (conf: 0.75)
00:17:30 | [ANALYSIS] Examining USD/JPY | Time: 02:00 | Bars: 100
00:17:30 | [ANALYSIS] Examining AUD/USD | Time: 02:00 | Bars: 100
00:17:30 | [IDLE] Waiting for next market pulse...
00:17:41 | [36m[STATS][0m --- [CYCLE 499] ---
00:17:41 | [36m[STATS][0m Balance: 97965.06 | Equity: 97961.46 | Active: 3 | Margin: 97819.69 | Util: 0.1%
00:17:41 | [POSITION STATS] Open: 3 | Unrealized: $-3.60 | Daily Loss: $0.00/100.00
00:17:41 | [ANALYSIS] Examining EUR/USD | Time: 02:00 | Bars: 100
00:17:41 | [ANALYSIS] Examining GBP/USD | Time: 02:00 | Bars: 100
00:17:41 | [ANALYSIS] GBP/USD | Price: 1.34340 | RSI: 42.5 | ADX: 44.4 | ML: UP(75%)
00:17:41 | [STRATEGY] Added synthetic ML BUY signal (conf: 0.75)
00:17:41 | [ANALYSIS] Examining USD/JPY | Time: 02:00 | Bars: 100
00:17:41 | [ANALYSIS] Examining AUD/USD | Time: 02:00 | Bars: 100
00:17:41 | [IDLE] Waiting for next market pulse...
00:17:51 | [36m[STATS][0m --- [CYCLE 500] ---
00:17:51 | [36m[STATS][0m Balance: 97965.06 | Equity: 97961.33 | Active: 3 | Margin: 97819.56 | Util: 0.1%
00:17:51 | [POSITION STATS] Open: 3 | Unrealized: $-3.73 | Daily Loss: $0.00/100.00
00:17:51 | [ANALYSIS] Examining EUR/USD | Time: 02:00 | Bars: 100
00:17:51 | [ANALYSIS] Examining GBP/USD | Time: 02:00 | Bars: 100
00:17:51 | [ANALYSIS] GBP/USD | Price: 1.34335 | RSI: 42.2 | ADX: 44.4 | ML: UP(75%)
00:17:51 | [STRATEGY] Added synthetic ML BUY signal (conf: 0.75)
00:17:51 | [ANALYSIS] Examining USD/JPY | Time: 02:00 | Bars: 100
00:17:51 | [ANALYSIS] Examining AUD/USD | Time: 02:00 | Bars: 100
00:17:51 | [SUMMARY] Risk: operational | Positions: 3 | Daily Trades: 1/5 | Exits: 1 (Market: 0, Admin: 1)
00:17:51 | [IDLE] Waiting for next market pulse...
00:18:01 | [36m[STATS][0m --- [CYCLE 501] ---
00:18:01 | [36m[STATS][0m Balance: 97965.06 | Equity: 97961.52 | Active: 3 | Margin: 97819.75 | Util: 0.1%
00:18:01 | [POSITION STATS] Open: 3 | Unrealized: $-3.54 | Daily Loss: $0.00/100.00
00:18:01 | [ANALYSIS] Examining EUR/USD | Time: 02:00 | Bars: 100
00:18:01 | [ANALYSIS] Examining GBP/USD | Time: 02:00 | Bars: 100
00:18:01 | [ANALYSIS] GBP/USD | Price: 1.34336 | RSI: 42.3 | ADX: 44.4 | ML: UP(75%)
00:18:01 | [STRATEGY] Added synthetic ML BUY signal (conf: 0.75)
00:18:01 | [ANALYSIS] Examining USD/JPY | Time: 02:00 | Bars: 100
00:18:01 | [ANALYSIS] Examining AUD/USD | Time: 02:00 | Bars: 100
00:18:01 | [IDLE] Waiting for next market pulse...
00:18:12 | [36m[STATS][0m --- [CYCLE 502] ---
00:18:12 | [36m[STATS][0m Balance: 97965.06 | Equity: 97961.78 | Active: 3 | Margin: 97820.01 | Util: 0.1%
00:18:12 | [POSITION STATS] Open: 3 | Unrealized: $-3.28 | Daily Loss: $0.00/100.00
00:18:12 | [ANALYSIS] Examining EUR/USD | Time: 02:00 | Bars: 100
00:18:12 | [ANALYSIS] Examining GBP/USD | Time: 02:00 | Bars: 100
00:18:12 | [ANALYSIS] GBP/USD | Price: 1.34337 | RSI: 42.3 | ADX: 44.4 | ML: UP(75%)
00:18:12 | [STRATEGY] Added synthetic ML BUY signal (conf: 0.75)
00:18:12 | [ANALYSIS] Examining USD/JPY | Time: 02:00 | Bars: 100
00:18:12 | [ANALYSIS] Examining AUD/USD | Time: 02:00 | Bars: 100
00:18:12 | [IDLE] Waiting for next market pulse...
00:18:22 | [36m[STATS][0m --- [CYCLE 503] ---
00:18:22 | [36m[STATS][0m Balance: 97965.06 | Equity: 97961.58 | Active: 3 | Margin: 97819.81 | Util: 0.1%
00:18:22 | [POSITION STATS] Open: 3 | Unrealized: $-3.48 | Daily Loss: $0.00/100.00
00:18:22 | [ANALYSIS] Examining EUR/USD | Time: 02:00 | Bars: 100
00:18:22 | [ANALYSIS] Examining GBP/USD | Time: 02:00 | Bars: 100
00:18:22 | [ANALYSIS] GBP/USD | Price: 1.34337 | RSI: 42.3 | ADX: 44.4 | ML: UP(75%)
00:18:22 | [STRATEGY] Added synthetic ML BUY signal (conf: 0.75)
00:18:22 | [ANALYSIS] Examining USD/JPY | Time: 02:00 | Bars: 100
00:18:22 | [ANALYSIS] Examining AUD/USD | Time: 02:00 | Bars: 100
00:18:22 | [IDLE] Waiting for next market pulse...
00:18:32 | [36m[STATS][0m --- [CYCLE 504] ---
00:18:32 | [36m[STATS][0m Balance: 97965.06 | Equity: 97961.54 | Active: 3 | Margin: 97819.77 | Util: 0.1%
00:18:32 | [POSITION STATS] Open: 3 | Unrealized: $-3.52 | Daily Loss: $0.00/100.00
00:18:32 | [ANALYSIS] Examining EUR/USD | Time: 02:00 | Bars: 100
00:18:32 | [ANALYSIS] Examining GBP/USD | Time: 02:00 | Bars: 100
00:18:32 | [ANALYSIS] GBP/USD | Price: 1.34337 | RSI: 42.3 | ADX: 44.4 | ML: UP(75%)
00:18:32 | [STRATEGY] Added synthetic ML BUY signal (conf: 0.75)
00:18:32 | [ANALYSIS] Examining USD/JPY | Time: 02:00 | Bars: 100
00:18:32 | [ANALYSIS] Examining AUD/USD | Time: 02:00 | Bars: 100
00:18:32 | [IDLE] Waiting for next market pulse...
00:18:43 | [36m[STATS][0m --- [CYCLE 505] ---
00:18:43 | [36m[STATS][0m Balance: 97965.06 | Equity: 97962.60 | Active: 3 | Margin: 97820.83 | Util: 0.1%
00:18:43 | [POSITION STATS] Open: 3 | Unrealized: $-2.46 | Daily Loss: $0.00/100.00
00:18:43 | [ANALYSIS] Examining EUR/USD | Time: 02:00 | Bars: 100
00:18:43 | [ANALYSIS] Examining GBP/USD | Time: 02:00 | Bars: 100
00:18:43 | [ANALYSIS] GBP/USD | Price: 1.34335 | RSI: 42.2 | ADX: 44.4 | ML: UP(75%)
00:18:43 | [STRATEGY] Added synthetic ML BUY signal (conf: 0.75)
00:18:43 | [ANALYSIS] Examining USD/JPY | Time: 02:00 | Bars: 100
00:18:43 | [ANALYSIS] Examining AUD/USD | Time: 02:00 | Bars: 100
00:18:43 | [SUMMARY] Risk: operational | Positions: 3 | Daily Trades: 1/5 | Exits: 1 (Market: 0, Admin: 1)
00:18:43 | [IDLE] Waiting for next market pulse...
00:18:53 | [36m[STATS][0m --- [CYCLE 506] ---
00:18:53 | [36m[STATS][0m Balance: 97965.06 | Equity: 97962.79 | Active: 3 | Margin: 97821.02 | Util: 0.1%
00:18:53 | [POSITION STATS] Open: 3 | Unrealized: $-2.27 | Daily Loss: $0.00/100.00
00:18:53 | [ANALYSIS] Examining EUR/USD | Time: 02:00 | Bars: 100
00:18:53 | [ANALYSIS] Examining GBP/USD | Time: 02:00 | Bars: 100
00:18:53 | [ANALYSIS] GBP/USD | Price: 1.34337 | RSI: 42.3 | ADX: 44.4 | ML: UP(75%)
00:18:53 | [STRATEGY] Added synthetic ML BUY signal (conf: 0.75)
00:18:53 | [ANALYSIS] Examining USD/JPY | Time: 02:00 | Bars: 100
00:18:53 | [ANALYSIS] Examining AUD/USD | Time: 02:00 | Bars: 100
00:18:53 | [IDLE] Waiting for next market pulse...
00:19:03 | [36m[STATS][0m --- [CYCLE 507] ---
00:19:03 | [36m[STATS][0m Balance: 97965.06 | Equity: 97962.79 | Active: 3 | Margin: 97821.02 | Util: 0.1%
00:19:03 | [POSITION STATS] Open: 3 | Unrealized: $-2.27 | Daily Loss: $0.00/100.00
00:19:03 | [ANALYSIS] Examining EUR/USD | Time: 02:00 | Bars: 100
00:19:03 | [ANALYSIS] Examining GBP/USD | Time: 02:00 | Bars: 100
00:19:03 | [ANALYSIS] GBP/USD | Price: 1.34345 | RSI: 42.8 | ADX: 44.4 | ML: UP(75%)
00:19:03 | [STRATEGY] Added synthetic ML BUY signal (conf: 0.75)
00:19:03 | [ANALYSIS] Examining USD/JPY | Time: 02:00 | Bars: 100
00:19:03 | [ANALYSIS] Examining AUD/USD | Time: 02:00 | Bars: 100
00:19:03 | [IDLE] Waiting for next market pulse...
00:19:14 | [36m[STATS][0m --- [CYCLE 508] ---
00:19:14 | [36m[STATS][0m Balance: 97965.06 | Equity: 97962.71 | Active: 3 | Margin: 97820.94 | Util: 0.1%
00:19:14 | [POSITION STATS] Open: 3 | Unrealized: $-2.35 | Daily Loss: $0.00/100.00
00:19:14 | [ANALYSIS] Examining EUR/USD | Time: 02:00 | Bars: 100
00:19:14 | [ANALYSIS] Examining GBP/USD | Time: 02:00 | Bars: 100
00:19:14 | [ANALYSIS] GBP/USD | Price: 1.34344 | RSI: 42.7 | ADX: 44.4 | ML: UP(75%)
00:19:14 | [STRATEGY] Added synthetic ML BUY signal (conf: 0.75)
00:19:14 | [ANALYSIS] Examining USD/JPY | Time: 02:00 | Bars: 100
00:19:14 | [ANALYSIS] Examining AUD/USD | Time: 02:00 | Bars: 100
00:19:14 | [IDLE] Waiting for next market pulse...
00:19:24 | [36m[STATS][0m --- [CYCLE 509] ---
00:19:24 | [36m[STATS][0m Balance: 97965.06 | Equity: 97962.64 | Active: 3 | Margin: 97820.87 | Util: 0.1%
00:19:24 | [POSITION STATS] Open: 3 | Unrealized: $-2.42 | Daily Loss: $0.00/100.00
00:19:24 | [ANALYSIS] Examining EUR/USD | Time: 02:00 | Bars: 100
00:19:24 | [ANALYSIS] Examining GBP/USD | Time: 02:00 | Bars: 100
00:19:24 | [ANALYSIS] GBP/USD | Price: 1.34345 | RSI: 42.8 | ADX: 44.4 | ML: UP(75%)
00:19:24 | [STRATEGY] Added synthetic ML BUY signal (conf: 0.75)
00:19:24 | [ANALYSIS] Examining USD/JPY | Time: 02:00 | Bars: 100
00:19:24 | [ANALYSIS] Examining AUD/USD | Time: 02:00 | Bars: 100
00:19:24 | [IDLE] Waiting for next market pulse...
00:19:34 | [36m[STATS][0m --- [CYCLE 510] ---
00:19:34 | [36m[STATS][0m Balance: 97965.06 | Equity: 97962.68 | Active: 3 | Margin: 97820.91 | Util: 0.1%
00:19:34 | [POSITION STATS] Open: 3 | Unrealized: $-2.38 | Daily Loss: $0.00/100.00
00:19:34 | [ANALYSIS] Examining EUR/USD | Time: 02:00 | Bars: 100
00:19:34 | [ANALYSIS] Examining GBP/USD | Time: 02:00 | Bars: 100
00:19:34 | [ANALYSIS] GBP/USD | Price: 1.34346 | RSI: 42.8 | ADX: 44.4 | ML: UP(75%)
00:19:34 | [STRATEGY] Added synthetic ML BUY signal (conf: 0.75)
00:19:34 | [ANALYSIS] Examining USD/JPY | Time: 02:00 | Bars: 100
00:19:34 | [ANALYSIS] Examining AUD/USD | Time: 02:00 | Bars: 100
00:19:34 | [SUMMARY] Risk: operational | Positions: 3 | Daily Trades: 1/5 | Exits: 1 (Market: 0, Admin: 1)
00:19:34 | [IDLE] Waiting for next market pulse...
00:19:45 | [36m[STATS][0m --- [CYCLE 511] ---
00:19:45 | [36m[STATS][0m Balance: 97965.06 | Equity: 97962.67 | Active: 3 | Margin: 97820.90 | Util: 0.1%
00:19:45 | [POSITION STATS] Open: 3 | Unrealized: $-2.39 | Daily Loss: $0.00/100.00
00:19:45 | [ANALYSIS] Examining EUR/USD | Time: 02:00 | Bars: 100
00:19:45 | [ANALYSIS] Examining GBP/USD | Time: 02:00 | Bars: 100
00:19:45 | [ANALYSIS] GBP/USD | Price: 1.34345 | RSI: 42.8 | ADX: 44.4 | ML: UP(75%)
00:19:45 | [STRATEGY] Added synthetic ML BUY signal (conf: 0.75)
00:19:45 | [ANALYSIS] Examining USD/JPY | Time: 02:00 | Bars: 100
00:19:45 | [ANALYSIS] Examining AUD/USD | Time: 02:00 | Bars: 100
00:19:45 | [IDLE] Waiting for next market pulse...
00:19:55 | [36m[STATS][0m --- [CYCLE 512] ---
00:19:55 | [36m[STATS][0m Balance: 97965.06 | Equity: 97962.63 | Active: 3 | Margin: 97820.86 | Util: 0.1%
00:19:55 | [POSITION STATS] Open: 3 | Unrealized: $-2.43 | Daily Loss: $0.00/100.00
00:19:55 | [ANALYSIS] Examining EUR/USD | Time: 02:00 | Bars: 100
00:19:55 | [ANALYSIS] Examining GBP/USD | Time: 02:00 | Bars: 100
00:19:55 | [ANALYSIS] GBP/USD | Price: 1.34346 | RSI: 42.8 | ADX: 44.4 | ML: UP(75%)
00:19:55 | [STRATEGY] Added synthetic ML BUY signal (conf: 0.75)
00:19:55 | [ANALYSIS] Examining USD/JPY | Time: 02:00 | Bars: 100
00:19:55 | [ANALYSIS] Examining AUD/USD | Time: 02:00 | Bars: 100
00:19:55 | [IDLE] Waiting for next market pulse...
00:20:05 | [36m[STATS][0m --- [CYCLE 513] ---
00:20:05 | [36m[STATS][0m Balance: 97965.06 | Equity: 97962.63 | Active: 3 | Margin: 97820.86 | Util: 0.1%
00:20:05 | [POSITION STATS] Open: 3 | Unrealized: $-2.43 | Daily Loss: $0.00/100.00
00:20:05 | [ANALYSIS] Examining EUR/USD | Time: 02:00 | Bars: 100
00:20:05 | [ANALYSIS] Examining GBP/USD | Time: 02:00 | Bars: 100
00:20:05 | [ANALYSIS] GBP/USD | Price: 1.34346 | RSI: 42.8 | ADX: 44.4 | ML: UP(75%)
00:20:05 | [STRATEGY] Added synthetic ML BUY signal (conf: 0.75)
00:20:05 | [ANALYSIS] Examining USD/JPY | Time: 02:00 | Bars: 100
00:20:05 | [ANALYSIS] Examining AUD/USD | Time: 02:00 | Bars: 100
00:20:05 | [IDLE] Waiting for next market pulse...
00:20:16 | [36m[STATS][0m --- [CYCLE 514] ---
00:20:16 | [36m[STATS][0m Balance: 97965.06 | Equity: 97962.77 | Active: 3 | Margin: 97821.00 | Util: 0.1%
00:20:16 | [POSITION STATS] Open: 3 | Unrealized: $-2.29 | Daily Loss: $0.00/100.00
00:20:16 | [ANALYSIS] Examining EUR/USD | Time: 02:00 | Bars: 100
00:20:16 | [ANALYSIS] Examining GBP/USD | Time: 02:00 | Bars: 100
00:20:16 | [ANALYSIS] GBP/USD | Price: 1.34346 | RSI: 42.8 | ADX: 44.4 | ML: UP(75%)
00:20:16 | [STRATEGY] Added synthetic ML BUY signal (conf: 0.75)
00:20:16 | [ANALYSIS] Examining USD/JPY | Time: 02:00 | Bars: 100
00:20:16 | [ANALYSIS] Examining AUD/USD | Time: 02:00 | Bars: 100
00:20:16 | [IDLE] Waiting for next market pulse...
00:20:26 | [36m[STATS][0m --- [CYCLE 515] ---
00:20:26 | [36m[STATS][0m Balance: 97965.06 | Equity: 97962.78 | Active: 3 | Margin: 97821.01 | Util: 0.1%
00:20:26 | [POSITION STATS] Open: 3 | Unrealized: $-2.28 | Daily Loss: $0.00/100.00
00:20:26 | [ANALYSIS] Examining EUR/USD | Time: 02:00 | Bars: 100
00:20:26 | [ANALYSIS] Examining GBP/USD | Time: 02:00 | Bars: 100
00:20:26 | [ANALYSIS] GBP/USD | Price: 1.34348 | RSI: 42.9 | ADX: 44.4 | ML: UP(75%)
00:20:26 | [STRATEGY] Added synthetic ML BUY signal (conf: 0.75)
00:20:26 | [ANALYSIS] Examining USD/JPY | Time: 02:00 | Bars: 100
00:20:26 | [ANALYSIS] Examining AUD/USD | Time: 02:00 | Bars: 100
00:20:26 | [SUMMARY] Risk: operational | Positions: 3 | Daily Trades: 1/5 | Exits: 1 (Market: 0, Admin: 1)
00:20:26 | [IDLE] Waiting for next market pulse...
00:20:36 | [36m[STATS][0m --- [CYCLE 516] ---
00:20:36 | [36m[STATS][0m Balance: 97965.06 | Equity: 97962.85 | Active: 3 | Margin: 97821.08 | Util: 0.1%
00:20:36 | [POSITION STATS] Open: 3 | Unrealized: $-2.21 | Daily Loss: $0.00/100.00
00:20:36 | [ANALYSIS] Examining EUR/USD | Time: 02:00 | Bars: 100
00:20:36 | [ANALYSIS] Examining GBP/USD | Time: 02:00 | Bars: 100
00:20:36 | [ANALYSIS] GBP/USD | Price: 1.34348 | RSI: 42.9 | ADX: 44.4 | ML: UP(75%)
00:20:36 | [STRATEGY] Added synthetic ML BUY signal (conf: 0.75)
00:20:36 | [ANALYSIS] Examining USD/JPY | Time: 02:00 | Bars: 100
00:20:36 | [ANALYSIS] Examining AUD/USD | Time: 02:00 | Bars: 100
00:20:36 | [IDLE] Waiting for next market pulse...
00:20:47 | [36m[STATS][0m --- [CYCLE 517] ---
00:20:47 | [36m[STATS][0m Balance: 97965.06 | Equity: 97963.03 | Active: 3 | Margin: 97821.26 | Util: 0.1%
00:20:47 | [POSITION STATS] Open: 3 | Unrealized: $-2.03 | Daily Loss: $0.00/100.00
00:20:47 | [ANALYSIS] Examining EUR/USD | Time: 02:00 | Bars: 100
00:20:47 | [ANALYSIS] Examining GBP/USD | Time: 02:00 | Bars: 100
00:20:47 | [ANALYSIS] GBP/USD | Price: 1.34350 | RSI: 43.0 | ADX: 44.4 | ML: UP(75%)
00:20:47 | [STRATEGY] Added synthetic ML BUY signal (conf: 0.75)
00:20:47 | [ANALYSIS] Examining USD/JPY | Time: 02:00 | Bars: 100
00:20:47 | [ANALYSIS] Examining AUD/USD | Time: 02:00 | Bars: 100
00:20:47 | [IDLE] Waiting for next market pulse...
00:20:57 | [36m[STATS][0m --- [CYCLE 518] ---
00:20:57 | [36m[STATS][0m Balance: 97965.06 | Equity: 97963.48 | Active: 3 | Margin: 97821.71 | Util: 0.1%
00:20:57 | [POSITION STATS] Open: 3 | Unrealized: $-1.58 | Daily Loss: $0.00/100.00
00:20:57 | [ANALYSIS] Examining EUR/USD | Time: 02:00 | Bars: 100
00:20:57 | [ANALYSIS] Examining GBP/USD | Time: 02:00 | Bars: 100
00:20:57 | [ANALYSIS] GBP/USD | Price: 1.34350 | RSI: 43.0 | ADX: 44.4 | ML: UP(75%)
00:20:57 | [STRATEGY] Added synthetic ML BUY signal (conf: 0.75)
00:20:57 | [ANALYSIS] Examining USD/JPY | Time: 02:00 | Bars: 100
00:20:57 | [ANALYSIS] Examining AUD/USD | Time: 02:00 | Bars: 100
00:20:57 | [IDLE] Waiting for next market pulse...
00:21:07 | [36m[STATS][0m --- [CYCLE 519] ---
00:21:07 | [36m[STATS][0m Balance: 97965.06 | Equity: 97963.82 | Active: 3 | Margin: 97822.05 | Util: 0.1%
00:21:07 | [POSITION STATS] Open: 3 | Unrealized: $-1.24 | Daily Loss: $0.00/100.00
00:21:07 | [ANALYSIS] Examining EUR/USD | Time: 02:00 | Bars: 100
00:21:07 | [ANALYSIS] Examining GBP/USD | Time: 02:00 | Bars: 100
00:21:07 | [ANALYSIS] GBP/USD | Price: 1.34351 | RSI: 43.1 | ADX: 44.4 | ML: UP(75%)
00:21:07 | [STRATEGY] Added synthetic ML BUY signal (conf: 0.75)
00:21:07 | [ANALYSIS] Examining USD/JPY | Time: 02:00 | Bars: 100
00:21:07 | [ANALYSIS] Examining AUD/USD | Time: 02:00 | Bars: 100
00:21:07 | [IDLE] Waiting for next market pulse...
00:21:18 | [36m[STATS][0m --- [CYCLE 520] ---
00:21:18 | [36m[STATS][0m Balance: 97965.06 | Equity: 97963.83 | Active: 3 | Margin: 97822.06 | Util: 0.1%
00:21:18 | [POSITION STATS] Open: 3 | Unrealized: $-1.23 | Daily Loss: $0.00/100.00
00:21:18 | [ANALYSIS] Examining EUR/USD | Time: 02:00 | Bars: 100
00:21:18 | [ANALYSIS] Examining GBP/USD | Time: 02:00 | Bars: 100
00:21:18 | [ANALYSIS] GBP/USD | Price: 1.34349 | RSI: 43.0 | ADX: 44.4 | ML: UP(75%)
00:21:18 | [STRATEGY] Added synthetic ML BUY signal (conf: 0.75)
00:21:18 | [ANALYSIS] Examining USD/JPY | Time: 02:00 | Bars: 100
00:21:18 | [ANALYSIS] Examining AUD/USD | Time: 02:00 | Bars: 100
00:21:18 | [SUMMARY] Risk: operational | Positions: 3 | Daily Trades: 1/5 | Exits: 1 (Market: 0, Admin: 1)
00:21:18 | [IDLE] Waiting for next market pulse...
00:21:28 | [36m[STATS][0m --- [CYCLE 521] ---
00:21:28 | [36m[STATS][0m Balance: 97965.06 | Equity: 97963.68 | Active: 3 | Margin: 97821.91 | Util: 0.1%
00:21:28 | [POSITION STATS] Open: 3 | Unrealized: $-1.38 | Daily Loss: $0.00/100.00
00:21:28 | [ANALYSIS] Examining EUR/USD | Time: 02:00 | Bars: 100
00:21:28 | [ANALYSIS] Examining GBP/USD | Time: 02:00 | Bars: 100
00:21:28 | [ANALYSIS] GBP/USD | Price: 1.34350 | RSI: 43.0 | ADX: 44.4 | ML: UP(75%)
00:21:28 | [STRATEGY] Added synthetic ML BUY signal (conf: 0.75)
00:21:28 | [ANALYSIS] Examining USD/JPY | Time: 02:00 | Bars: 100
00:21:28 | [ANALYSIS] Examining AUD/USD | Time: 02:00 | Bars: 100
00:21:28 | [IDLE] Waiting for next market pulse...
00:21:38 | [36m[STATS][0m --- [CYCLE 522] ---
00:21:38 | [36m[STATS][0m Balance: 97965.06 | Equity: 97963.78 | Active: 3 | Margin: 97822.01 | Util: 0.1%
00:21:38 | [POSITION STATS] Open: 3 | Unrealized: $-1.28 | Daily Loss: $0.00/100.00
00:21:38 | [ANALYSIS] Examining EUR/USD | Time: 02:00 | Bars: 100
00:21:38 | [ANALYSIS] Examining GBP/USD | Time: 02:00 | Bars: 100
00:21:38 | [ANALYSIS] GBP/USD | Price: 1.34350 | RSI: 43.0 | ADX: 44.4 | ML: UP(75%)
00:21:38 | [STRATEGY] Added synthetic ML BUY signal (conf: 0.75)
00:21:38 | [ANALYSIS] Examining USD/JPY | Time: 02:00 | Bars: 100
00:21:38 | [ANALYSIS] Examining AUD/USD | Time: 02:00 | Bars: 100
00:21:38 | [IDLE] Waiting for next market pulse...
00:21:49 | [36m[STATS][0m --- [CYCLE 523] ---
00:21:49 | [36m[STATS][0m Balance: 97965.06 | Equity: 97963.50 | Active: 3 | Margin: 97821.73 | Util: 0.1%
00:21:49 | [POSITION STATS] Open: 3 | Unrealized: $-1.56 | Daily Loss: $0.00/100.00
00:21:49 | [ANALYSIS] Examining EUR/USD | Time: 02:00 | Bars: 100
00:21:49 | [ANALYSIS] Examining GBP/USD | Time: 02:00 | Bars: 100
00:21:49 | [ANALYSIS] GBP/USD | Price: 1.34349 | RSI: 43.0 | ADX: 44.4 | ML: UP(75%)
00:21:49 | [STRATEGY] Added synthetic ML BUY signal (conf: 0.75)
00:21:49 | [ANALYSIS] Examining USD/JPY | Time: 02:00 | Bars: 100
00:21:49 | [ANALYSIS] Examining AUD/USD | Time: 02:00 | Bars: 100
00:21:49 | [IDLE] Waiting for next market pulse...
00:21:59 | [36m[STATS][0m --- [CYCLE 524] ---
00:21:59 | [36m[STATS][0m Balance: 97965.06 | Equity: 97963.61 | Active: 3 | Margin: 97821.84 | Util: 0.1%
00:21:59 | [POSITION STATS] Open: 3 | Unrealized: $-1.45 | Daily Loss: $0.00/100.00
00:21:59 | [ANALYSIS] Examining EUR/USD | Time: 02:00 | Bars: 100
00:21:59 | [ANALYSIS] Examining GBP/USD | Time: 02:00 | Bars: 100
00:21:59 | [ANALYSIS] GBP/USD | Price: 1.34349 | RSI: 43.0 | ADX: 44.4 | ML: UP(75%)
00:21:59 | [STRATEGY] Added synthetic ML BUY signal (conf: 0.75)
00:21:59 | [ANALYSIS] Examining USD/JPY | Time: 02:00 | Bars: 100
00:21:59 | [ANALYSIS] Examining AUD/USD | Time: 02:00 | Bars: 100
00:21:59 | [IDLE] Waiting for next market pulse...
00:22:09 | [36m[STATS][0m --- [CYCLE 525] ---
00:22:09 | [36m[STATS][0m Balance: 97965.06 | Equity: 97963.91 | Active: 3 | Margin: 97822.14 | Util: 0.1%
00:22:09 | [POSITION STATS] Open: 3 | Unrealized: $-1.15 | Daily Loss: $0.00/100.00
00:22:09 | [ANALYSIS] Examining EUR/USD | Time: 02:00 | Bars: 100
00:22:09 | [ANALYSIS] Examining GBP/USD | Time: 02:00 | Bars: 100
00:22:09 | [ANALYSIS] GBP/USD | Price: 1.34350 | RSI: 43.0 | ADX: 44.4 | ML: UP(75%)
00:22:09 | [STRATEGY] Added synthetic ML BUY signal (conf: 0.75)
00:22:09 | [ANALYSIS] Examining USD/JPY | Time: 02:00 | Bars: 100
00:22:09 | [ANALYSIS] Examining AUD/USD | Time: 02:00 | Bars: 100
00:22:09 | [SUMMARY] Risk: operational | Positions: 3 | Daily Trades: 1/5 | Exits: 1 (Market: 0, Admin: 1)
00:22:09 | [IDLE] Waiting for next market pulse...
00:22:20 | [36m[STATS][0m --- [CYCLE 526] ---
00:22:20 | [36m[STATS][0m Balance: 97965.06 | Equity: 97964.12 | Active: 3 | Margin: 97822.35 | Util: 0.1%
00:22:20 | [POSITION STATS] Open: 3 | Unrealized: $-0.94 | Daily Loss: $0.00/100.00
00:22:20 | [ANALYSIS] Examining EUR/USD | Time: 02:00 | Bars: 100
00:22:20 | [ANALYSIS] Examining GBP/USD | Time: 02:00 | Bars: 100
00:22:20 | [ANALYSIS] GBP/USD | Price: 1.34349 | RSI: 43.0 | ADX: 44.4 | ML: UP(75%)
00:22:20 | [STRATEGY] Added synthetic ML BUY signal (conf: 0.75)
00:22:20 | [ANALYSIS] Examining USD/JPY | Time: 02:00 | Bars: 100
00:22:20 | [ANALYSIS] Examining AUD/USD | Time: 02:00 | Bars: 100
00:22:20 | [IDLE] Waiting for next market pulse...
00:22:30 | [36m[STATS][0m --- [CYCLE 527] ---
00:22:30 | [36m[STATS][0m Balance: 97965.06 | Equity: 97964.12 | Active: 3 | Margin: 97822.35 | Util: 0.1%
00:22:30 | [POSITION STATS] Open: 3 | Unrealized: $-0.94 | Daily Loss: $0.00/100.00
00:22:30 | [ANALYSIS] Examining EUR/USD | Time: 02:00 | Bars: 100
00:22:30 | [ANALYSIS] Examining GBP/USD | Time: 02:00 | Bars: 100
00:22:30 | [ANALYSIS] GBP/USD | Price: 1.34345 | RSI: 42.8 | ADX: 44.4 | ML: UP(75%)
00:22:30 | [STRATEGY] Added synthetic ML BUY signal (conf: 0.75)
00:22:30 | [ANALYSIS] Examining USD/JPY | Time: 02:00 | Bars: 100
00:22:30 | [ANALYSIS] Examining AUD/USD | Time: 02:00 | Bars: 100
00:22:30 | [IDLE] Waiting for next market pulse...
00:22:40 | [36m[STATS][0m --- [CYCLE 528] ---
00:22:40 | [36m[STATS][0m Balance: 97965.06 | Equity: 97964.12 | Active: 3 | Margin: 97822.35 | Util: 0.1%
00:22:40 | [POSITION STATS] Open: 3 | Unrealized: $-0.94 | Daily Loss: $0.00/100.00
00:22:40 | [ANALYSIS] Examining EUR/USD | Time: 02:00 | Bars: 100
00:22:40 | [ANALYSIS] Examining GBP/USD | Time: 02:00 | Bars: 100
00:22:40 | [ANALYSIS] GBP/USD | Price: 1.34348 | RSI: 42.9 | ADX: 44.4 | ML: UP(75%)
00:22:40 | [STRATEGY] Added synthetic ML BUY signal (conf: 0.75)
00:22:40 | [ANALYSIS] Examining USD/JPY | Time: 02:00 | Bars: 100
00:22:40 | [ANALYSIS] Examining AUD/USD | Time: 02:00 | Bars: 100
00:22:40 | [IDLE] Waiting for next market pulse...
00:22:51 | [36m[STATS][0m --- [CYCLE 529] ---
00:22:51 | [36m[STATS][0m Balance: 97965.06 | Equity: 97964.09 | Active: 3 | Margin: 97822.32 | Util: 0.1%
00:22:51 | [POSITION STATS] Open: 3 | Unrealized: $-0.97 | Daily Loss: $0.00/100.00
00:22:51 | [ANALYSIS] Examining EUR/USD | Time: 02:00 | Bars: 100
00:22:51 | [ANALYSIS] Examining GBP/USD | Time: 02:00 | Bars: 100
00:22:51 | [ANALYSIS] GBP/USD | Price: 1.34347 | RSI: 42.9 | ADX: 44.4 | ML: UP(75%)
00:22:51 | [STRATEGY] Added synthetic ML BUY signal (conf: 0.75)
00:22:51 | [ANALYSIS] Examining USD/JPY | Time: 02:00 | Bars: 100
00:22:51 | [ANALYSIS] Examining AUD/USD | Time: 02:00 | Bars: 100
00:22:51 | [IDLE] Waiting for next market pulse...
00:23:01 | [36m[STATS][0m --- [CYCLE 530] ---
00:23:01 | [36m[STATS][0m Balance: 97965.06 | Equity: 97964.33 | Active: 3 | Margin: 97822.56 | Util: 0.1%
00:23:01 | [POSITION STATS] Open: 3 | Unrealized: $-0.73 | Daily Loss: $0.00/100.00
00:23:01 | [ANALYSIS] Examining EUR/USD | Time: 02:00 | Bars: 100
00:23:01 | [ANALYSIS] Examining GBP/USD | Time: 02:00 | Bars: 100
00:23:01 | [ANALYSIS] GBP/USD | Price: 1.34351 | RSI: 43.1 | ADX: 44.4 | ML: UP(75%)
00:23:01 | [STRATEGY] Added synthetic ML BUY signal (conf: 0.75)
00:23:01 | [ANALYSIS] Examining USD/JPY | Time: 02:00 | Bars: 100
00:23:01 | [ANALYSIS] Examining AUD/USD | Time: 02:00 | Bars: 100
00:23:01 | [SUMMARY] Risk: operational | Positions: 3 | Daily Trades: 1/5 | Exits: 1 (Market: 0, Admin: 1)
00:23:01 | [IDLE] Waiting for next market pulse...
00:23:11 | [36m[STATS][0m --- [CYCLE 531] ---
00:23:11 | [36m[STATS][0m Balance: 97965.06 | Equity: 97964.31 | Active: 3 | Margin: 97822.54 | Util: 0.1%
00:23:11 | [POSITION STATS] Open: 3 | Unrealized: $-0.75 | Daily Loss: $0.00/100.00
00:23:11 | [ANALYSIS] Examining EUR/USD | Time: 02:00 | Bars: 100
00:23:11 | [ANALYSIS] Examining GBP/USD | Time: 02:00 | Bars: 100
00:23:11 | [ANALYSIS] GBP/USD | Price: 1.34350 | RSI: 43.0 | ADX: 44.4 | ML: UP(75%)
00:23:11 | [STRATEGY] Added synthetic ML BUY signal (conf: 0.75)
00:23:11 | [ANALYSIS] Examining USD/JPY | Time: 02:00 | Bars: 100
00:23:11 | [ANALYSIS] Examining AUD/USD | Time: 02:00 | Bars: 100
00:23:11 | [IDLE] Waiting for next market pulse...
00:23:22 | [36m[STATS][0m --- [CYCLE 532] ---
00:23:22 | [36m[STATS][0m Balance: 97965.06 | Equity: 97964.90 | Active: 3 | Margin: 97823.13 | Util: 0.1%
00:23:22 | [POSITION STATS] Open: 3 | Unrealized: $-0.16 | Daily Loss: $0.00/100.00
00:23:22 | [ANALYSIS] Examining EUR/USD | Time: 02:00 | Bars: 100
00:23:22 | [ANALYSIS] Examining GBP/USD | Time: 02:00 | Bars: 100
00:23:22 | [ANALYSIS] GBP/USD | Price: 1.34364 | RSI: 43.9 | ADX: 44.4 | ML: UP(75%)
00:23:22 | [STRATEGY] Added synthetic ML BUY signal (conf: 0.75)
00:23:22 | [ANALYSIS] Examining USD/JPY | Time: 02:00 | Bars: 100
00:23:22 | [ANALYSIS] Examining AUD/USD | Time: 02:00 | Bars: 100
00:23:22 | [IDLE] Waiting for next market pulse...
00:23:32 | [36m[STATS][0m --- [CYCLE 533] ---
00:23:32 | [36m[STATS][0m Balance: 97965.06 | Equity: 97964.98 | Active: 3 | Margin: 97823.21 | Util: 0.1%
00:23:32 | [POSITION STATS] Open: 3 | Unrealized: $-0.08 | Daily Loss: $0.00/100.00
00:23:32 | [ANALYSIS] Examining EUR/USD | Time: 02:00 | Bars: 100
00:23:32 | [ANALYSIS] Examining GBP/USD | Time: 02:00 | Bars: 100
00:23:32 | [ANALYSIS] GBP/USD | Price: 1.34360 | RSI: 43.6 | ADX: 44.4 | ML: UP(75%)
00:23:32 | [STRATEGY] Added synthetic ML BUY signal (conf: 0.75)
00:23:32 | [ANALYSIS] Examining USD/JPY | Time: 02:00 | Bars: 100
00:23:32 | [ANALYSIS] Examining AUD/USD | Time: 02:00 | Bars: 100
00:23:32 | [IDLE] Waiting for next market pulse...
00:23:42 | [36m[STATS][0m --- [CYCLE 534] ---
00:23:42 | [36m[STATS][0m Balance: 97965.06 | Equity: 97964.98 | Active: 3 | Margin: 97823.21 | Util: 0.1%
00:23:42 | [POSITION STATS] Open: 3 | Unrealized: $-0.08 | Daily Loss: $0.00/100.00
00:23:42 | [ANALYSIS] Examining EUR/USD | Time: 02:00 | Bars: 100
00:23:42 | [ANALYSIS] Examining GBP/USD | Time: 02:00 | Bars: 100
00:23:42 | [ANALYSIS] GBP/USD | Price: 1.34359 | RSI: 43.5 | ADX: 44.4 | ML: UP(75%)
00:23:42 | [STRATEGY] Added synthetic ML BUY signal (conf: 0.75)
00:23:42 | [ANALYSIS] Examining USD/JPY | Time: 02:00 | Bars: 100
00:23:42 | [ANALYSIS] Examining AUD/USD | Time: 02:00 | Bars: 100
00:23:42 | [IDLE] Waiting for next market pulse...
00:23:53 | [36m[STATS][0m --- [CYCLE 535] ---
00:23:53 | [36m[STATS][0m Balance: 97965.06 | Equity: 97965.36 | Active: 3 | Margin: 97823.59 | Util: 0.1%
00:23:53 | [POSITION STATS] Open: 3 | Unrealized: $0.30 | Daily Loss: $0.00/100.00
00:23:53 | [ANALYSIS] Examining EUR/USD | Time: 02:00 | Bars: 100
00:23:53 | [ANALYSIS] Examining GBP/USD | Time: 02:00 | Bars: 100
00:23:53 | [ANALYSIS] GBP/USD | Price: 1.34364 | RSI: 43.9 | ADX: 44.4 | ML: UP(75%)
00:23:53 | [STRATEGY] Added synthetic ML BUY signal (conf: 0.75)
00:23:53 | [ANALYSIS] Examining USD/JPY | Time: 02:00 | Bars: 100
00:23:53 | [ANALYSIS] Examining AUD/USD | Time: 02:00 | Bars: 100
00:23:53 | [SUMMARY] Risk: operational | Positions: 3 | Daily Trades: 1/5 | Exits: 1 (Market: 0, Admin: 1)
00:23:53 | [IDLE] Waiting for next market pulse...
00:24:03 | [36m[STATS][0m --- [CYCLE 536] ---
00:24:03 | [36m[STATS][0m Balance: 97965.06 | Equity: 97965.33 | Active: 3 | Margin: 97823.56 | Util: 0.1%
00:24:03 | [POSITION STATS] Open: 3 | Unrealized: $0.27 | Daily Loss: $0.00/100.00
00:24:03 | [ANALYSIS] Examining EUR/USD | Time: 02:00 | Bars: 100
00:24:03 | [ANALYSIS] Examining GBP/USD | Time: 02:00 | Bars: 100
00:24:03 | [ANALYSIS] GBP/USD | Price: 1.34366 | RSI: 44.0 | ADX: 44.4 | ML: UP(75%)
00:24:03 | [STRATEGY] Added synthetic ML BUY signal (conf: 0.75)
00:24:03 | [ANALYSIS] Examining USD/JPY | Time: 02:00 | Bars: 100
00:24:03 | [ANALYSIS] Examining AUD/USD | Time: 02:00 | Bars: 100
00:24:03 | [IDLE] Waiting for next market pulse...
00:24:13 | [36m[STATS][0m --- [CYCLE 537] ---
00:24:13 | [36m[STATS][0m Balance: 97965.06 | Equity: 97965.28 | Active: 3 | Margin: 97823.51 | Util: 0.1%
00:24:13 | [POSITION STATS] Open: 3 | Unrealized: $0.22 | Daily Loss: $0.00/100.00
00:24:13 | [ANALYSIS] Examining EUR/USD | Time: 02:00 | Bars: 100
00:24:13 | [ANALYSIS] Examining GBP/USD | Time: 02:00 | Bars: 100
00:24:13 | [ANALYSIS] GBP/USD | Price: 1.34361 | RSI: 43.7 | ADX: 44.4 | ML: UP(75%)
00:24:13 | [STRATEGY] Added synthetic ML BUY signal (conf: 0.75)
00:24:13 | [ANALYSIS] Examining USD/JPY | Time: 02:00 | Bars: 100
00:24:13 | [ANALYSIS] Examining AUD/USD | Time: 02:00 | Bars: 100
00:24:13 | [IDLE] Waiting for next market pulse...
00:24:24 | [36m[STATS][0m --- [CYCLE 538] ---
00:24:24 | [36m[STATS][0m Balance: 97965.06 | Equity: 97965.37 | Active: 3 | Margin: 97823.60 | Util: 0.1%
00:24:24 | [POSITION STATS] Open: 3 | Unrealized: $0.31 | Daily Loss: $0.00/100.00
00:24:24 | [ANALYSIS] Examining EUR/USD | Time: 02:00 | Bars: 100
00:24:24 | [ANALYSIS] Examining GBP/USD | Time: 02:00 | Bars: 100
00:24:24 | [ANALYSIS] GBP/USD | Price: 1.34365 | RSI: 44.0 | ADX: 44.4 | ML: UP(75%)
00:24:24 | [STRATEGY] Added synthetic ML BUY signal (conf: 0.75)
00:24:24 | [ANALYSIS] Examining USD/JPY | Time: 02:00 | Bars: 100
00:24:24 | [ANALYSIS] Examining AUD/USD | Time: 02:00 | Bars: 100
00:24:24 | [IDLE] Waiting for next market pulse...
00:24:34 | [36m[STATS][0m --- [CYCLE 539] ---
00:24:34 | [36m[STATS][0m Balance: 97965.06 | Equity: 97965.03 | Active: 3 | Margin: 97823.26 | Util: 0.1%
00:24:34 | [POSITION STATS] Open: 3 | Unrealized: $-0.03 | Daily Loss: $0.00/100.00
00:24:34 | [ANALYSIS] Examining EUR/USD | Time: 02:00 | Bars: 100
00:24:34 | [ANALYSIS] Examining GBP/USD | Time: 02:00 | Bars: 100
00:24:34 | [ANALYSIS] GBP/USD | Price: 1.34365 | RSI: 44.0 | ADX: 44.4 | ML: UP(75%)
00:24:34 | [STRATEGY] Added synthetic ML BUY signal (conf: 0.75)
00:24:34 | [ANALYSIS] Examining USD/JPY | Time: 02:00 | Bars: 100
00:24:34 | [ANALYSIS] Examining AUD/USD | Time: 02:00 | Bars: 100
00:24:34 | [IDLE] Waiting for next market pulse...
00:24:44 | [36m[STATS][0m --- [CYCLE 540] ---
00:24:44 | [36m[STATS][0m Balance: 97965.06 | Equity: 97964.55 | Active: 3 | Margin: 97822.78 | Util: 0.1%
00:24:44 | [POSITION STATS] Open: 3 | Unrealized: $-0.51 | Daily Loss: $0.00/100.00
00:24:44 | [ANALYSIS] Examining EUR/USD | Time: 02:00 | Bars: 100
00:24:44 | [ANALYSIS] Examining GBP/USD | Time: 02:00 | Bars: 100
00:24:44 | [ANALYSIS] GBP/USD | Price: 1.34358 | RSI: 43.5 | ADX: 44.4 | ML: UP(75%)
00:24:44 | [STRATEGY] Added synthetic ML BUY signal (conf: 0.75)
00:24:44 | [ANALYSIS] Examining USD/JPY | Time: 02:00 | Bars: 100
00:24:44 | [ANALYSIS] Examining AUD/USD | Time: 02:00 | Bars: 100
00:24:44 | [SUMMARY] Risk: operational | Positions: 3 | Daily Trades: 1/5 | Exits: 1 (Market: 0, Admin: 1)
00:24:44 | [IDLE] Waiting for next market pulse...
00:24:55 | [36m[STATS][0m --- [CYCLE 541] ---
00:24:55 | [36m[STATS][0m Balance: 97965.06 | Equity: 97964.43 | Active: 3 | Margin: 97822.66 | Util: 0.1%
00:24:55 | [POSITION STATS] Open: 3 | Unrealized: $-0.63 | Daily Loss: $0.00/100.00
00:24:55 | [ANALYSIS] Examining EUR/USD | Time: 02:00 | Bars: 100
00:24:55 | [ANALYSIS] Examining GBP/USD | Time: 02:00 | Bars: 100
00:24:55 | [ANALYSIS] GBP/USD | Price: 1.34356 | RSI: 43.4 | ADX: 44.4 | ML: UP(75%)
00:24:55 | [STRATEGY] Added synthetic ML BUY signal (conf: 0.75)
00:24:55 | [ANALYSIS] Examining USD/JPY | Time: 02:00 | Bars: 100
00:24:55 | [ANALYSIS] Examining AUD/USD | Time: 02:00 | Bars: 100
00:24:55 | [IDLE] Waiting for next market pulse...
00:25:05 | [36m[STATS][0m --- [CYCLE 542] ---
00:25:05 | [36m[STATS][0m Balance: 97965.06 | Equity: 97963.98 | Active: 3 | Margin: 97822.21 | Util: 0.1%
00:25:05 | [POSITION STATS] Open: 3 | Unrealized: $-1.08 | Daily Loss: $0.00/100.00
00:25:05 | [ANALYSIS] Examining EUR/USD | Time: 02:00 | Bars: 100
00:25:05 | [ANALYSIS] Examining GBP/USD | Time: 02:00 | Bars: 100
00:25:05 | [ANALYSIS] GBP/USD | Price: 1.34358 | RSI: 43.5 | ADX: 44.4 | ML: UP(75%)
00:25:05 | [STRATEGY] Added synthetic ML BUY signal (conf: 0.75)
00:25:05 | [ANALYSIS] Examining USD/JPY | Time: 02:00 | Bars: 100
00:25:05 | [ANALYSIS] Examining AUD/USD | Time: 02:00 | Bars: 100
00:25:05 | [IDLE] Waiting for next market pulse...
00:25:15 | [36m[STATS][0m --- [CYCLE 543] ---
00:25:15 | [36m[STATS][0m Balance: 97965.06 | Equity: 97962.93 | Active: 3 | Margin: 97821.16 | Util: 0.1%
00:25:15 | [POSITION STATS] Open: 3 | Unrealized: $-2.13 | Daily Loss: $0.00/100.00
00:25:15 | [ANALYSIS] Examining EUR/USD | Time: 02:00 | Bars: 100
00:25:15 | [ANALYSIS] Examining GBP/USD | Time: 02:00 | Bars: 100
00:25:15 | [ANALYSIS] GBP/USD | Price: 1.34343 | RSI: 42.7 | ADX: 44.4 | ML: UP(75%)
00:25:15 | [STRATEGY] Added synthetic ML BUY signal (conf: 0.75)
00:25:15 | [ANALYSIS] Examining USD/JPY | Time: 02:00 | Bars: 100
00:25:15 | [ANALYSIS] Examining AUD/USD | Time: 02:00 | Bars: 100
00:25:15 | [IDLE] Waiting for next market pulse...
00:25:26 | [36m[STATS][0m --- [CYCLE 544] ---
00:25:26 | [36m[STATS][0m Balance: 97965.06 | Equity: 97962.88 | Active: 3 | Margin: 97821.11 | Util: 0.1%
00:25:26 | [POSITION STATS] Open: 3 | Unrealized: $-2.18 | Daily Loss: $0.00/100.00
00:25:26 | [ANALYSIS] Examining EUR/USD | Time: 02:00 | Bars: 100
00:25:26 | [ANALYSIS] Examining GBP/USD | Time: 02:00 | Bars: 100
00:25:26 | [ANALYSIS] GBP/USD | Price: 1.34342 | RSI: 42.6 | ADX: 44.4 | ML: UP(75%)
00:25:26 | [STRATEGY] Added synthetic ML BUY signal (conf: 0.75)
00:25:26 | [ANALYSIS] Examining USD/JPY | Time: 02:00 | Bars: 100
00:25:26 | [ANALYSIS] Examining AUD/USD | Time: 02:00 | Bars: 100
00:25:26 | [IDLE] Waiting for next market pulse...
00:25:36 | [36m[STATS][0m --- [CYCLE 545] ---
00:25:36 | [36m[STATS][0m Balance: 97965.06 | Equity: 97962.26 | Active: 3 | Margin: 97820.49 | Util: 0.1%
00:25:36 | [POSITION STATS] Open: 3 | Unrealized: $-2.80 | Daily Loss: $0.00/100.00
00:25:36 | [ANALYSIS] Examining EUR/USD | Time: 02:00 | Bars: 100
00:25:36 | [ANALYSIS] Examining GBP/USD | Time: 02:00 | Bars: 100
00:25:36 | [ANALYSIS] GBP/USD | Price: 1.34339 | RSI: 42.4 | ADX: 44.4 | ML: UP(75%)
00:25:36 | [STRATEGY] Added synthetic ML BUY signal (conf: 0.75)
00:25:36 | [ANALYSIS] Examining USD/JPY | Time: 02:00 | Bars: 100
00:25:36 | [ANALYSIS] Examining AUD/USD | Time: 02:00 | Bars: 100
00:25:36 | [SUMMARY] Risk: operational | Positions: 3 | Daily Trades: 1/5 | Exits: 1 (Market: 0, Admin: 1)
00:25:36 | [IDLE] Waiting for next market pulse...
00:25:46 | [36m[STATS][0m --- [CYCLE 546] ---
00:25:46 | [36m[STATS][0m Balance: 97965.06 | Equity: 97962.12 | Active: 3 | Margin: 97820.35 | Util: 0.1%
00:25:46 | [POSITION STATS] Open: 3 | Unrealized: $-2.94 | Daily Loss: $0.00/100.00
00:25:46 | [ANALYSIS] Examining EUR/USD | Time: 02:00 | Bars: 100
00:25:46 | [ANALYSIS] Examining GBP/USD | Time: 02:00 | Bars: 100
00:25:46 | [ANALYSIS] GBP/USD | Price: 1.34339 | RSI: 42.4 | ADX: 44.4 | ML: UP(75%)
00:25:46 | [STRATEGY] Added synthetic ML BUY signal (conf: 0.75)
00:25:46 | [ANALYSIS] Examining USD/JPY | Time: 02:00 | Bars: 100
00:25:46 | [ANALYSIS] Examining AUD/USD | Time: 02:00 | Bars: 100
00:25:46 | [IDLE] Waiting for next market pulse...
00:25:57 | [36m[STATS][0m --- [CYCLE 547] ---
00:25:57 | [36m[STATS][0m Balance: 97965.06 | Equity: 97962.00 | Active: 3 | Margin: 97820.23 | Util: 0.1%
00:25:57 | [POSITION STATS] Open: 3 | Unrealized: $-3.06 | Daily Loss: $0.00/100.00
00:25:57 | [ANALYSIS] Examining EUR/USD | Time: 02:00 | Bars: 100
00:25:57 | [ANALYSIS] Examining GBP/USD | Time: 02:00 | Bars: 100
00:25:57 | [ANALYSIS] GBP/USD | Price: 1.34339 | RSI: 42.4 | ADX: 44.4 | ML: UP(75%)
00:25:57 | [STRATEGY] Added synthetic ML BUY signal (conf: 0.75)
00:25:57 | [ANALYSIS] Examining USD/JPY | Time: 02:00 | Bars: 100
00:25:57 | [ANALYSIS] Examining AUD/USD | Time: 02:00 | Bars: 100
00:25:57 | [IDLE] Waiting for next market pulse...
00:26:07 | [36m[STATS][0m --- [CYCLE 548] ---
00:26:07 | [36m[STATS][0m Balance: 97965.06 | Equity: 97962.23 | Active: 3 | Margin: 97820.46 | Util: 0.1%
00:26:07 | [POSITION STATS] Open: 3 | Unrealized: $-2.83 | Daily Loss: $0.00/100.00
00:26:07 | [ANALYSIS] Examining EUR/USD | Time: 02:00 | Bars: 100
00:26:07 | [ANALYSIS] Examining GBP/USD | Time: 02:00 | Bars: 100
00:26:07 | [ANALYSIS] GBP/USD | Price: 1.34340 | RSI: 42.5 | ADX: 44.4 | ML: UP(75%)
00:26:07 | [STRATEGY] Added synthetic ML BUY signal (conf: 0.75)
00:26:07 | [ANALYSIS] Examining USD/JPY | Time: 02:00 | Bars: 100
00:26:07 | [ANALYSIS] Examining AUD/USD | Time: 02:00 | Bars: 100
00:26:07 | [IDLE] Waiting for next market pulse...
00:26:17 | [36m[STATS][0m --- [CYCLE 549] ---
00:26:17 | [36m[STATS][0m Balance: 97965.06 | Equity: 97961.77 | Active: 3 | Margin: 97820.00 | Util: 0.1%
00:26:17 | [POSITION STATS] Open: 3 | Unrealized: $-3.29 | Daily Loss: $0.00/100.00
00:26:17 | [ANALYSIS] Examining EUR/USD | Time: 02:00 | Bars: 100
00:26:17 | [ANALYSIS] Examining GBP/USD | Time: 02:00 | Bars: 100
00:26:17 | [ANALYSIS] GBP/USD | Price: 1.34339 | RSI: 42.4 | ADX: 44.4 | ML: UP(75%)
00:26:17 | [STRATEGY] Added synthetic ML BUY signal (conf: 0.75)
00:26:17 | [ANALYSIS] Examining USD/JPY | Time: 02:00 | Bars: 100
00:26:17 | [ANALYSIS] Examining AUD/USD | Time: 02:00 | Bars: 100
00:26:17 | [IDLE] Waiting for next market pulse...
00:26:28 | [36m[STATS][0m --- [CYCLE 550] ---
00:26:28 | [36m[STATS][0m Balance: 97965.06 | Equity: 97961.73 | Active: 3 | Margin: 97819.96 | Util: 0.1%
00:26:28 | [POSITION STATS] Open: 3 | Unrealized: $-3.33 | Daily Loss: $0.00/100.00
00:26:28 | [ANALYSIS] Examining EUR/USD | Time: 02:00 | Bars: 100
00:26:28 | [ANALYSIS] Examining GBP/USD | Time: 02:00 | Bars: 100
00:26:28 | [ANALYSIS] GBP/USD | Price: 1.34338 | RSI: 42.4 | ADX: 44.4 | ML: UP(75%)
00:26:28 | [STRATEGY] Added synthetic ML BUY signal (conf: 0.75)
00:26:28 | [ANALYSIS] Examining USD/JPY | Time: 02:00 | Bars: 100
00:26:28 | [ANALYSIS] Examining AUD/USD | Time: 02:00 | Bars: 100
00:26:28 | [SUMMARY] Risk: operational | Positions: 3 | Daily Trades: 1/5 | Exits: 1 (Market: 0, Admin: 1)
00:26:28 | [IDLE] Waiting for next market pulse...
00:26:38 | [36m[STATS][0m --- [CYCLE 551] ---
00:26:38 | [36m[STATS][0m Balance: 97965.06 | Equity: 97961.94 | Active: 3 | Margin: 97820.17 | Util: 0.1%
00:26:38 | [POSITION STATS] Open: 3 | Unrealized: $-3.12 | Daily Loss: $0.00/100.00
00:26:38 | [ANALYSIS] Examining EUR/USD | Time: 02:00 | Bars: 100
00:26:38 | [ANALYSIS] Examining GBP/USD | Time: 02:00 | Bars: 100
00:26:38 | [ANALYSIS] GBP/USD | Price: 1.34336 | RSI: 42.3 | ADX: 44.4 | ML: UP(75%)
00:26:38 | [STRATEGY] Added synthetic ML BUY signal (conf: 0.75)
00:26:38 | [ANALYSIS] Examining USD/JPY | Time: 02:00 | Bars: 100
00:26:38 | [ANALYSIS] Examining AUD/USD | Time: 02:00 | Bars: 100
00:26:38 | [IDLE] Waiting for next market pulse...
00:26:48 | [36m[STATS][0m --- [CYCLE 552] ---
00:26:48 | [36m[STATS][0m Balance: 97965.06 | Equity: 97961.74 | Active: 3 | Margin: 97819.97 | Util: 0.1%
00:26:48 | [POSITION STATS] Open: 3 | Unrealized: $-3.32 | Daily Loss: $0.00/100.00
00:26:48 | [ANALYSIS] Examining EUR/USD | Time: 02:00 | Bars: 100
00:26:48 | [ANALYSIS] Examining GBP/USD | Time: 02:00 | Bars: 100
00:26:48 | [ANALYSIS] GBP/USD | Price: 1.34333 | RSI: 42.1 | ADX: 44.4 | ML: UP(75%)
00:26:48 | [STRATEGY] Added synthetic ML BUY signal (conf: 0.75)
00:26:48 | [ANALYSIS] Examining USD/JPY | Time: 02:00 | Bars: 100
00:26:48 | [ANALYSIS] Examining AUD/USD | Time: 02:00 | Bars: 100
00:26:48 | [IDLE] Waiting for next market pulse...
00:26:59 | [36m[STATS][0m --- [CYCLE 553] ---
00:26:59 | [36m[STATS][0m Balance: 97965.06 | Equity: 97962.23 | Active: 3 | Margin: 97820.46 | Util: 0.1%
00:26:59 | [POSITION STATS] Open: 3 | Unrealized: $-2.83 | Daily Loss: $0.00/100.00
00:26:59 | [ANALYSIS] Examining EUR/USD | Time: 02:00 | Bars: 100
00:26:59 | [ANALYSIS] Examining GBP/USD | Time: 02:00 | Bars: 100
00:26:59 | [ANALYSIS] GBP/USD | Price: 1.34330 | RSI: 42.0 | ADX: 44.4 | ML: UP(75%)
00:26:59 | [STRATEGY] Added synthetic ML BUY signal (conf: 0.75)
00:26:59 | [ANALYSIS] Examining USD/JPY | Time: 02:00 | Bars: 100
00:26:59 | [ANALYSIS] Examining AUD/USD | Time: 02:00 | Bars: 100
00:26:59 | [IDLE] Waiting for next market pulse...
00:27:09 | [36m[STATS][0m --- [CYCLE 554] ---
00:27:09 | [36m[STATS][0m Balance: 97965.06 | Equity: 97962.54 | Active: 3 | Margin: 97820.77 | Util: 0.1%
00:27:09 | [POSITION STATS] Open: 3 | Unrealized: $-2.52 | Daily Loss: $0.00/100.00
00:27:09 | [ANALYSIS] Examining EUR/USD | Time: 02:00 | Bars: 100
00:27:09 | [ANALYSIS] Examining GBP/USD | Time: 02:00 | Bars: 100
00:27:09 | [ANALYSIS] GBP/USD | Price: 1.34332 | RSI: 42.1 | ADX: 44.4 | ML: UP(75%)
00:27:09 | [STRATEGY] Added synthetic ML BUY signal (conf: 0.75)
00:27:09 | [ANALYSIS] Examining USD/JPY | Time: 02:00 | Bars: 100
00:27:09 | [ANALYSIS] Examining AUD/USD | Time: 02:00 | Bars: 100
00:27:09 | [IDLE] Waiting for next market pulse...
00:27:19 | [36m[STATS][0m --- [CYCLE 555] ---
00:27:19 | [36m[STATS][0m Balance: 97965.06 | Equity: 97961.89 | Active: 3 | Margin: 97820.12 | Util: 0.1%
00:27:19 | [POSITION STATS] Open: 3 | Unrealized: $-3.17 | Daily Loss: $0.00/100.00
00:27:19 | [ANALYSIS] Examining EUR/USD | Time: 02:00 | Bars: 100
00:27:19 | [ANALYSIS] Examining GBP/USD | Time: 02:00 | Bars: 100
00:27:19 | [ANALYSIS] GBP/USD | Price: 1.34336 | RSI: 42.3 | ADX: 44.4 | ML: UP(75%)
00:27:19 | [STRATEGY] Added synthetic ML BUY signal (conf: 0.75)
00:27:19 | [ANALYSIS] Examining USD/JPY | Time: 02:00 | Bars: 100
00:27:19 | [ANALYSIS] Examining AUD/USD | Time: 02:00 | Bars: 100
00:27:19 | [SUMMARY] Risk: operational | Positions: 3 | Daily Trades: 1/5 | Exits: 1 (Market: 0, Admin: 1)
00:27:19 | [IDLE] Waiting for next market pulse...
00:27:30 | [36m[STATS][0m --- [CYCLE 556] ---
00:27:30 | [36m[STATS][0m Balance: 97965.06 | Equity: 97961.96 | Active: 3 | Margin: 97820.19 | Util: 0.1%
00:27:30 | [POSITION STATS] Open: 3 | Unrealized: $-3.10 | Daily Loss: $0.00/100.00
00:27:30 | [ANALYSIS] Examining EUR/USD | Time: 02:00 | Bars: 100
00:27:30 | [ANALYSIS] Examining GBP/USD | Time: 02:00 | Bars: 100
00:27:30 | [ANALYSIS] GBP/USD | Price: 1.34335 | RSI: 42.2 | ADX: 44.4 | ML: UP(75%)
00:27:30 | [STRATEGY] Added synthetic ML BUY signal (conf: 0.75)
00:27:30 | [ANALYSIS] Examining USD/JPY | Time: 02:00 | Bars: 100
00:27:30 | [ANALYSIS] Examining AUD/USD | Time: 02:00 | Bars: 100
00:27:30 | [IDLE] Waiting for next market pulse...
00:27:40 | [36m[STATS][0m --- [CYCLE 557] ---
00:27:40 | [36m[STATS][0m Balance: 97965.06 | Equity: 97962.01 | Active: 3 | Margin: 97820.24 | Util: 0.1%
00:27:40 | [POSITION STATS] Open: 3 | Unrealized: $-3.05 | Daily Loss: $0.00/100.00
00:27:40 | [ANALYSIS] Examining EUR/USD | Time: 02:00 | Bars: 100
00:27:40 | [ANALYSIS] Examining GBP/USD | Time: 02:00 | Bars: 100
00:27:40 | [ANALYSIS] GBP/USD | Price: 1.34336 | RSI: 42.3 | ADX: 44.4 | ML: UP(75%)
00:27:40 | [STRATEGY] Added synthetic ML BUY signal (conf: 0.75)
00:27:40 | [ANALYSIS] Examining USD/JPY | Time: 02:00 | Bars: 100
00:27:40 | [ANALYSIS] Examining AUD/USD | Time: 02:00 | Bars: 100
00:27:40 | [IDLE] Waiting for next market pulse...
00:27:50 | [36m[STATS][0m --- [CYCLE 558] ---
00:27:50 | [36m[STATS][0m Balance: 97965.06 | Equity: 97962.38 | Active: 3 | Margin: 97820.61 | Util: 0.1%
00:27:50 | [POSITION STATS] Open: 3 | Unrealized: $-2.68 | Daily Loss: $0.00/100.00
00:27:50 | [ANALYSIS] Examining EUR/USD | Time: 02:00 | Bars: 100
00:27:50 | [ANALYSIS] Examining GBP/USD | Time: 02:00 | Bars: 100
00:27:50 | [ANALYSIS] GBP/USD | Price: 1.34339 | RSI: 42.4 | ADX: 44.4 | ML: UP(75%)
00:27:50 | [STRATEGY] Added synthetic ML BUY signal (conf: 0.75)
00:27:50 | [ANALYSIS] Examining USD/JPY | Time: 02:00 | Bars: 100
00:27:50 | [ANALYSIS] Examining AUD/USD | Time: 02:00 | Bars: 100
00:27:50 | [IDLE] Waiting for next market pulse...
00:28:01 | [36m[STATS][0m --- [CYCLE 559] ---
00:28:01 | [36m[STATS][0m Balance: 97965.06 | Equity: 97962.33 | Active: 3 | Margin: 97820.56 | Util: 0.1%
00:28:01 | [POSITION STATS] Open: 3 | Unrealized: $-2.73 | Daily Loss: $0.00/100.00
00:28:01 | [ANALYSIS] Examining EUR/USD | Time: 02:00 | Bars: 100
00:28:01 | [ANALYSIS] Examining GBP/USD | Time: 02:00 | Bars: 100
00:28:01 | [ANALYSIS] GBP/USD | Price: 1.34339 | RSI: 42.4 | ADX: 44.4 | ML: UP(75%)
00:28:01 | [STRATEGY] Added synthetic ML BUY signal (conf: 0.75)
00:28:01 | [ANALYSIS] Examining USD/JPY | Time: 02:00 | Bars: 100
00:28:01 | [ANALYSIS] Examining AUD/USD | Time: 02:00 | Bars: 100
00:28:01 | [IDLE] Waiting for next market pulse...
00:28:11 | [36m[STATS][0m --- [CYCLE 560] ---
00:28:11 | [36m[STATS][0m Balance: 97965.06 | Equity: 97962.61 | Active: 3 | Margin: 97820.84 | Util: 0.1%
00:28:11 | [POSITION STATS] Open: 3 | Unrealized: $-2.45 | Daily Loss: $0.00/100.00
00:28:11 | [ANALYSIS] Examining EUR/USD | Time: 02:00 | Bars: 100
00:28:11 | [ANALYSIS] Examining GBP/USD | Time: 02:00 | Bars: 100
00:28:11 | [ANALYSIS] GBP/USD | Price: 1.34340 | RSI: 42.5 | ADX: 44.4 | ML: UP(75%)
00:28:11 | [STRATEGY] Added synthetic ML BUY signal (conf: 0.75)
00:28:11 | [ANALYSIS] Examining USD/JPY | Time: 02:00 | Bars: 100
00:28:11 | [ANALYSIS] Examining AUD/USD | Time: 02:00 | Bars: 100
00:28:11 | [SUMMARY] Risk: operational | Positions: 3 | Daily Trades: 1/5 | Exits: 1 (Market: 0, Admin: 1)
00:28:11 | [IDLE] Waiting for next market pulse...
00:28:21 | [36m[STATS][0m --- [CYCLE 561] ---
00:28:21 | [36m[STATS][0m Balance: 97965.06 | Equity: 97962.55 | Active: 3 | Margin: 97820.78 | Util: 0.1%
00:28:21 | [POSITION STATS] Open: 3 | Unrealized: $-2.51 | Daily Loss: $0.00/100.00
00:28:21 | [ANALYSIS] Examining EUR/USD | Time: 02:00 | Bars: 100
00:28:21 | [ANALYSIS] Examining GBP/USD | Time: 02:00 | Bars: 100
00:28:21 | [ANALYSIS] GBP/USD | Price: 1.34340 | RSI: 42.5 | ADX: 44.4 | ML: UP(75%)
00:28:21 | [STRATEGY] Added synthetic ML BUY signal (conf: 0.75)
00:28:21 | [ANALYSIS] Examining USD/JPY | Time: 02:00 | Bars: 100
00:28:21 | [ANALYSIS] Examining AUD/USD | Time: 02:00 | Bars: 100
00:28:21 | [IDLE] Waiting for next market pulse...
00:28:32 | [36m[STATS][0m --- [CYCLE 562] ---
00:28:32 | [36m[STATS][0m Balance: 97965.06 | Equity: 97962.50 | Active: 3 | Margin: 97820.73 | Util: 0.1%
00:28:32 | [POSITION STATS] Open: 3 | Unrealized: $-2.56 | Daily Loss: $0.00/100.00
00:28:32 | [ANALYSIS] Examining EUR/USD | Time: 02:00 | Bars: 100
00:28:32 | [ANALYSIS] Examining GBP/USD | Time: 02:00 | Bars: 100
00:28:32 | [ANALYSIS] GBP/USD | Price: 1.34339 | RSI: 42.4 | ADX: 44.4 | ML: UP(75%)
00:28:32 | [STRATEGY] Added synthetic ML BUY signal (conf: 0.75)
00:28:32 | [ANALYSIS] Examining USD/JPY | Time: 02:00 | Bars: 100
00:28:32 | [ANALYSIS] Examining AUD/USD | Time: 02:00 | Bars: 100
00:28:32 | [IDLE] Waiting for next market pulse...
00:28:42 | [36m[STATS][0m --- [CYCLE 563] ---
00:28:42 | [36m[STATS][0m Balance: 97965.06 | Equity: 97962.40 | Active: 3 | Margin: 97820.63 | Util: 0.1%
00:28:42 | [POSITION STATS] Open: 3 | Unrealized: $-2.66 | Daily Loss: $0.00/100.00
00:28:42 | [ANALYSIS] Examining EUR/USD | Time: 02:00 | Bars: 100
00:28:42 | [ANALYSIS] Examining GBP/USD | Time: 02:00 | Bars: 100
00:28:42 | [ANALYSIS] GBP/USD | Price: 1.34339 | RSI: 42.4 | ADX: 44.4 | ML: UP(75%)
00:28:42 | [STRATEGY] Added synthetic ML BUY signal (conf: 0.75)
00:28:42 | [ANALYSIS] Examining USD/JPY | Time: 02:00 | Bars: 100
00:28:42 | [ANALYSIS] Examining AUD/USD | Time: 02:00 | Bars: 100
00:28:42 | [IDLE] Waiting for next market pulse...
00:28:52 | [36m[STATS][0m --- [CYCLE 564] ---
00:28:52 | [36m[STATS][0m Balance: 97965.06 | Equity: 97962.55 | Active: 3 | Margin: 97820.78 | Util: 0.1%
00:28:52 | [POSITION STATS] Open: 3 | Unrealized: $-2.51 | Daily Loss: $0.00/100.00
00:28:52 | [ANALYSIS] Examining EUR/USD | Time: 02:00 | Bars: 100
00:28:52 | [ANALYSIS] Examining GBP/USD | Time: 02:00 | Bars: 100
00:28:52 | [ANALYSIS] GBP/USD | Price: 1.34340 | RSI: 42.5 | ADX: 44.4 | ML: UP(75%)
00:28:52 | [STRATEGY] Added synthetic ML BUY signal (conf: 0.75)
00:28:52 | [ANALYSIS] Examining USD/JPY | Time: 02:00 | Bars: 100
00:28:52 | [ANALYSIS] Examining AUD/USD | Time: 02:00 | Bars: 100
00:28:52 | [IDLE] Waiting for next market pulse...
00:29:03 | [36m[STATS][0m --- [CYCLE 565] ---
00:29:03 | [36m[STATS][0m Balance: 97965.06 | Equity: 97962.53 | Active: 3 | Margin: 97820.76 | Util: 0.1%
00:29:03 | [POSITION STATS] Open: 3 | Unrealized: $-2.53 | Daily Loss: $0.00/100.00
00:29:03 | [ANALYSIS] Examining EUR/USD | Time: 02:00 | Bars: 100
00:29:03 | [ANALYSIS] Examining GBP/USD | Time: 02:00 | Bars: 100
00:29:03 | [ANALYSIS] GBP/USD | Price: 1.34340 | RSI: 42.5 | ADX: 44.4 | ML: UP(75%)
00:29:03 | [STRATEGY] Added synthetic ML BUY signal (conf: 0.75)
00:29:03 | [ANALYSIS] Examining USD/JPY | Time: 02:00 | Bars: 100
00:29:03 | [ANALYSIS] Examining AUD/USD | Time: 02:00 | Bars: 100
00:29:03 | [SUMMARY] Risk: operational | Positions: 3 | Daily Trades: 1/5 | Exits: 1 (Market: 0, Admin: 1)
00:29:03 | [IDLE] Waiting for next market pulse...
00:29:13 | [36m[STATS][0m --- [CYCLE 566] ---
00:29:13 | [36m[STATS][0m Balance: 97965.06 | Equity: 97962.28 | Active: 3 | Margin: 97820.51 | Util: 0.1%
00:29:13 | [POSITION STATS] Open: 3 | Unrealized: $-2.78 | Daily Loss: $0.00/100.00
00:29:13 | [ANALYSIS] Examining EUR/USD | Time: 02:00 | Bars: 100
00:29:13 | [ANALYSIS] Examining GBP/USD | Time: 02:00 | Bars: 100
00:29:13 | [ANALYSIS] GBP/USD | Price: 1.34340 | RSI: 42.5 | ADX: 44.4 | ML: UP(75%)
00:29:13 | [STRATEGY] Added synthetic ML BUY signal (conf: 0.75)
00:29:13 | [ANALYSIS] Examining USD/JPY | Time: 02:00 | Bars: 100
00:29:13 | [ANALYSIS] Examining AUD/USD | Time: 02:00 | Bars: 100
00:29:13 | [IDLE] Waiting for next market pulse...
00:29:23 | [36m[STATS][0m --- [CYCLE 567] ---
00:29:23 | [36m[STATS][0m Balance: 97965.06 | Equity: 97962.25 | Active: 3 | Margin: 97820.48 | Util: 0.1%
00:29:23 | [POSITION STATS] Open: 3 | Unrealized: $-2.81 | Daily Loss: $0.00/100.00
00:29:23 | [ANALYSIS] Examining EUR/USD | Time: 02:00 | Bars: 100
00:29:23 | [ANALYSIS] Examining GBP/USD | Time: 02:00 | Bars: 100
00:29:23 | [ANALYSIS] GBP/USD | Price: 1.34339 | RSI: 42.4 | ADX: 44.4 | ML: UP(75%)
00:29:23 | [STRATEGY] Added synthetic ML BUY signal (conf: 0.75)
00:29:23 | [ANALYSIS] Examining USD/JPY | Time: 02:00 | Bars: 100
00:29:23 | [ANALYSIS] Examining AUD/USD | Time: 02:00 | Bars: 100
00:29:23 | [IDLE] Waiting for next market pulse...
00:29:34 | [36m[STATS][0m --- [CYCLE 568] ---
00:29:34 | [36m[STATS][0m Balance: 97965.06 | Equity: 97962.22 | Active: 3 | Margin: 97820.45 | Util: 0.1%
00:29:34 | [POSITION STATS] Open: 3 | Unrealized: $-2.84 | Daily Loss: $0.00/100.00
00:29:34 | [ANALYSIS] Examining EUR/USD | Time: 02:00 | Bars: 100
00:29:34 | [ANALYSIS] Examining GBP/USD | Time: 02:00 | Bars: 100
00:29:34 | [ANALYSIS] GBP/USD | Price: 1.34340 | RSI: 42.5 | ADX: 44.4 | ML: UP(75%)
00:29:34 | [STRATEGY] Added synthetic ML BUY signal (conf: 0.75)
00:29:34 | [ANALYSIS] Examining USD/JPY | Time: 02:00 | Bars: 100
00:29:34 | [ANALYSIS] Examining AUD/USD | Time: 02:00 | Bars: 100
00:29:34 | [IDLE] Waiting for next market pulse...
00:29:44 | [36m[STATS][0m --- [CYCLE 569] ---
00:29:44 | [36m[STATS][0m Balance: 97965.06 | Equity: 97962.26 | Active: 3 | Margin: 97820.49 | Util: 0.1%
00:29:44 | [POSITION STATS] Open: 3 | Unrealized: $-2.80 | Daily Loss: $0.00/100.00
00:29:44 | [ANALYSIS] Examining EUR/USD | Time: 02:00 | Bars: 100
00:29:44 | [ANALYSIS] Examining GBP/USD | Time: 02:00 | Bars: 100
00:29:44 | [ANALYSIS] GBP/USD | Price: 1.34340 | RSI: 42.5 | ADX: 44.4 | ML: UP(75%)
00:29:44 | [STRATEGY] Added synthetic ML BUY signal (conf: 0.75)
00:29:44 | [ANALYSIS] Examining USD/JPY | Time: 02:00 | Bars: 100
00:29:44 | [ANALYSIS] Examining AUD/USD | Time: 02:00 | Bars: 100
00:29:44 | [IDLE] Waiting for next market pulse...
00:29:54 | [36m[STATS][0m --- [CYCLE 570] ---
00:29:54 | [36m[STATS][0m Balance: 97965.06 | Equity: 97962.05 | Active: 3 | Margin: 97820.28 | Util: 0.1%
00:29:54 | [POSITION STATS] Open: 3 | Unrealized: $-3.01 | Daily Loss: $0.00/100.00
00:29:54 | [ANALYSIS] Examining EUR/USD | Time: 02:00 | Bars: 100
00:29:54 | [ANALYSIS] Examining GBP/USD | Time: 02:00 | Bars: 100
00:29:54 | [ANALYSIS] GBP/USD | Price: 1.34339 | RSI: 42.4 | ADX: 44.4 | ML: UP(75%)
00:29:54 | [STRATEGY] Added synthetic ML BUY signal (conf: 0.75)
00:29:54 | [ANALYSIS] Examining USD/JPY | Time: 02:00 | Bars: 100
00:29:54 | [ANALYSIS] Examining AUD/USD | Time: 02:00 | Bars: 100
00:29:54 | [SUMMARY] Risk: operational | Positions: 3 | Daily Trades: 1/5 | Exits: 1 (Market: 0, Admin: 1)
00:29:54 | [IDLE] Waiting for next market pulse...
00:30:05 | [36m[STATS][0m --- [CYCLE 571] ---
00:30:05 | [36m[STATS][0m Balance: 97965.06 | Equity: 97962.30 | Active: 3 | Margin: 97820.53 | Util: 0.1%
00:30:05 | [POSITION STATS] Open: 3 | Unrealized: $-2.76 | Daily Loss: $0.00/100.00
00:30:05 | [ANALYSIS] Examining EUR/USD | Time: 02:00 | Bars: 100
00:30:05 | [ANALYSIS] Examining GBP/USD | Time: 02:00 | Bars: 100
00:30:05 | [ANALYSIS] GBP/USD | Price: 1.34340 | RSI: 42.5 | ADX: 44.4 | ML: UP(75%)
00:30:05 | [STRATEGY] Added synthetic ML BUY signal (conf: 0.75)
00:30:05 | [ANALYSIS] Examining USD/JPY | Time: 02:00 | Bars: 100
00:30:05 | [ANALYSIS] Examining AUD/USD | Time: 02:00 | Bars: 100
00:30:05 | [IDLE] Waiting for next market pulse...
00:30:15 | [36m[STATS][0m --- [CYCLE 572] ---
00:30:15 | [36m[STATS][0m Balance: 97965.06 | Equity: 97961.95 | Active: 3 | Margin: 97820.18 | Util: 0.1%
00:30:15 | [POSITION STATS] Open: 3 | Unrealized: $-3.11 | Daily Loss: $0.00/100.00
00:30:15 | [ANALYSIS] Examining EUR/USD | Time: 02:00 | Bars: 100
00:30:15 | [ANALYSIS] Examining GBP/USD | Time: 02:00 | Bars: 100
00:30:15 | [ANALYSIS] GBP/USD | Price: 1.34339 | RSI: 42.4 | ADX: 44.4 | ML: UP(75%)
00:30:15 | [STRATEGY] Added synthetic ML BUY signal (conf: 0.75)
00:30:15 | [ANALYSIS] Examining USD/JPY | Time: 02:00 | Bars: 100
00:30:15 | [ANALYSIS] Examining AUD/USD | Time: 02:00 | Bars: 100
00:30:15 | [IDLE] Waiting for next market pulse...
00:30:25 | [36m[STATS][0m --- [CYCLE 573] ---
00:30:25 | [1;35m[CLOSE][0m USDJPY | PnL: [92m+$0.45[0m | ID: 54610230472
00:30:25 | [36m[STATS][0m Balance: 97965.06 | Equity: 97961.63 | Active: 3 | Margin: 97819.86 | Util: 0.1%
00:30:25 | [POSITION STATS] Open: 3 | Unrealized: $-3.43 | Daily Loss: $0.00/100.00
00:30:25 | [ANALYSIS] Examining EUR/USD | Time: 02:00 | Bars: 100
00:30:25 | [ANALYSIS] Examining GBP/USD | Time: 02:00 | Bars: 100
00:30:25 | [ANALYSIS] GBP/USD | Price: 1.34337 | RSI: 42.3 | ADX: 44.4 | ML: UP(75%)
00:30:25 | [STRATEGY] Added synthetic ML BUY signal (conf: 0.75)
00:30:25 | [ANALYSIS] Examining USD/JPY | Time: 02:00 | Bars: 100
00:30:25 | [ANALYSIS] Examining AUD/USD | Time: 02:00 | Bars: 100
00:30:25 | [IDLE] Waiting for next market pulse...
00:30:36 | [36m[STATS][0m --- [CYCLE 574] ---
00:30:36 | [36m[STATS][0m Balance: 97965.06 | Equity: 97961.09 | Active: 3 | Margin: 97819.32 | Util: 0.1%
00:30:36 | [POSITION STATS] Open: 3 | Unrealized: $-3.97 | Daily Loss: $0.00/100.00
00:30:36 | [ANALYSIS] Examining EUR/USD | Time: 02:00 | Bars: 100
00:30:36 | [ANALYSIS] Examining GBP/USD | Time: 02:00 | Bars: 100
00:30:36 | [ANALYSIS] GBP/USD | Price: 1.34330 | RSI: 42.0 | ADX: 44.4 | ML: UP(75%)
00:30:36 | [STRATEGY] Added synthetic ML BUY signal (conf: 0.75)
00:30:36 | [ANALYSIS] Examining USD/JPY | Time: 02:00 | Bars: 100
00:30:36 | [ANALYSIS] Examining AUD/USD | Time: 02:00 | Bars: 100
00:30:36 | [IDLE] Waiting for next market pulse...
00:30:46 | [36m[STATS][0m --- [CYCLE 575] ---
00:30:46 | [36m[STATS][0m Balance: 97965.06 | Equity: 97961.32 | Active: 3 | Margin: 97819.55 | Util: 0.1%
00:30:46 | [POSITION STATS] Open: 3 | Unrealized: $-3.74 | Daily Loss: $0.00/100.00
00:30:46 | [ANALYSIS] Examining EUR/USD | Time: 02:00 | Bars: 100
00:30:46 | [ANALYSIS] Examining GBP/USD | Time: 02:00 | Bars: 100
00:30:46 | [ANALYSIS] GBP/USD | Price: 1.34331 | RSI: 42.0 | ADX: 44.4 | ML: UP(75%)
00:30:46 | [STRATEGY] Added synthetic ML BUY signal (conf: 0.75)
00:30:46 | [ANALYSIS] Examining USD/JPY | Time: 02:00 | Bars: 100
00:30:46 | [ANALYSIS] Examining AUD/USD | Time: 02:00 | Bars: 100
00:30:46 | [SUMMARY] Risk: operational | Positions: 3 | Daily Trades: 1/5 | Exits: 1 (Market: 0, Admin: 1)
00:30:46 | [IDLE] Waiting for next market pulse...
00:30:56 | [36m[STATS][0m --- [CYCLE 576] ---
00:30:56 | [36m[STATS][0m Balance: 97965.06 | Equity: 97961.17 | Active: 3 | Margin: 97819.40 | Util: 0.1%
00:30:56 | [POSITION STATS] Open: 3 | Unrealized: $-3.89 | Daily Loss: $0.00/100.00
00:30:56 | [ANALYSIS] Examining EUR/USD | Time: 02:00 | Bars: 100
00:30:56 | [ANALYSIS] Examining GBP/USD | Time: 02:00 | Bars: 100
00:30:56 | [ANALYSIS] GBP/USD | Price: 1.34339 | RSI: 42.4 | ADX: 44.4 | ML: UP(75%)
00:30:56 | [STRATEGY] Added synthetic ML BUY signal (conf: 0.75)
00:30:56 | [ANALYSIS] Examining USD/JPY | Time: 02:00 | Bars: 100
00:30:56 | [ANALYSIS] Examining AUD/USD | Time: 02:00 | Bars: 100
00:30:56 | [IDLE] Waiting for next market pulse...
00:31:07 | [36m[STATS][0m --- [CYCLE 577] ---
00:31:07 | [36m[STATS][0m Balance: 97965.06 | Equity: 97961.22 | Active: 3 | Margin: 97819.45 | Util: 0.1%
00:31:07 | [POSITION STATS] Open: 3 | Unrealized: $-3.84 | Daily Loss: $0.00/100.00
00:31:07 | [ANALYSIS] Examining EUR/USD | Time: 02:00 | Bars: 100
00:31:07 | [ANALYSIS] Examining GBP/USD | Time: 02:00 | Bars: 100
00:31:07 | [ANALYSIS] GBP/USD | Price: 1.34339 | RSI: 42.4 | ADX: 44.4 | ML: UP(75%)
00:31:07 | [STRATEGY] Added synthetic ML BUY signal (conf: 0.75)
00:31:07 | [ANALYSIS] Examining USD/JPY | Time: 02:00 | Bars: 100
00:31:07 | [ANALYSIS] Examining AUD/USD | Time: 02:00 | Bars: 100
00:31:07 | [IDLE] Waiting for next market pulse...
00:31:17 | [36m[STATS][0m --- [CYCLE 578] ---
00:31:17 | [36m[STATS][0m Balance: 97965.06 | Equity: 97961.05 | Active: 3 | Margin: 97819.28 | Util: 0.1%
00:31:17 | [POSITION STATS] Open: 3 | Unrealized: $-4.01 | Daily Loss: $0.00/100.00
00:31:17 | [ANALYSIS] Examining EUR/USD | Time: 02:00 | Bars: 100
00:31:17 | [ANALYSIS] Examining GBP/USD | Time: 02:00 | Bars: 100
00:31:17 | [ANALYSIS] GBP/USD | Price: 1.34338 | RSI: 42.4 | ADX: 44.4 | ML: UP(75%)
00:31:17 | [STRATEGY] Added synthetic ML BUY signal (conf: 0.75)
00:31:17 | [ANALYSIS] Examining USD/JPY | Time: 02:00 | Bars: 100
00:31:17 | [ANALYSIS] Examining AUD/USD | Time: 02:00 | Bars: 100
00:31:17 | [IDLE] Waiting for next market pulse...
00:31:27 | [36m[STATS][0m --- [CYCLE 579] ---
00:31:27 | [36m[STATS][0m Balance: 97965.06 | Equity: 97960.68 | Active: 3 | Margin: 97818.91 | Util: 0.1%
00:31:27 | [POSITION STATS] Open: 3 | Unrealized: $-4.38 | Daily Loss: $0.00/100.00
00:31:27 | [ANALYSIS] Examining EUR/USD | Time: 02:00 | Bars: 100
00:31:27 | [ANALYSIS] Examining GBP/USD | Time: 02:00 | Bars: 100
00:31:27 | [ANALYSIS] GBP/USD | Price: 1.34338 | RSI: 42.4 | ADX: 44.4 | ML: UP(75%)
00:31:27 | [STRATEGY] Added synthetic ML BUY signal (conf: 0.75)
00:31:27 | [ANALYSIS] Examining USD/JPY | Time: 02:00 | Bars: 100
00:31:27 | [ANALYSIS] Examining AUD/USD | Time: 02:00 | Bars: 100
00:31:27 | [IDLE] Waiting for next market pulse...
00:31:38 | [36m[STATS][0m --- [CYCLE 580] ---
00:31:38 | [36m[STATS][0m Balance: 97965.06 | Equity: 97960.65 | Active: 3 | Margin: 97818.88 | Util: 0.1%
00:31:38 | [POSITION STATS] Open: 3 | Unrealized: $-4.41 | Daily Loss: $0.00/100.00
00:31:38 | [ANALYSIS] Examining EUR/USD | Time: 02:00 | Bars: 100
00:31:38 | [ANALYSIS] Examining GBP/USD | Time: 02:00 | Bars: 100
00:31:38 | [ANALYSIS] GBP/USD | Price: 1.34338 | RSI: 42.4 | ADX: 44.4 | ML: UP(75%)
00:31:38 | [STRATEGY] Added synthetic ML BUY signal (conf: 0.75)
00:31:38 | [ANALYSIS] Examining USD/JPY | Time: 02:00 | Bars: 100
00:31:38 | [ANALYSIS] Examining AUD/USD | Time: 02:00 | Bars: 100
00:31:38 | [SUMMARY] Risk: operational | Positions: 3 | Daily Trades: 1/5 | Exits: 1 (Market: 0, Admin: 1)
00:31:38 | [IDLE] Waiting for next market pulse...
00:31:48 | [36m[STATS][0m --- [CYCLE 581] ---
00:31:48 | [36m[STATS][0m Balance: 97965.06 | Equity: 97960.72 | Active: 3 | Margin: 97818.95 | Util: 0.1%
00:31:48 | [POSITION STATS] Open: 3 | Unrealized: $-4.34 | Daily Loss: $0.00/100.00
00:31:48 | [ANALYSIS] Examining EUR/USD | Time: 02:00 | Bars: 100
00:31:48 | [ANALYSIS] Examining GBP/USD | Time: 02:00 | Bars: 100
00:31:48 | [ANALYSIS] GBP/USD | Price: 1.34343 | RSI: 42.7 | ADX: 44.4 | ML: UP(75%)
00:31:48 | [STRATEGY] Added synthetic ML BUY signal (conf: 0.75)
00:31:48 | [ANALYSIS] Examining USD/JPY | Time: 02:00 | Bars: 100
00:31:48 | [ANALYSIS] Examining AUD/USD | Time: 02:00 | Bars: 100
00:31:48 | [IDLE] Waiting for next market pulse...
00:31:58 | [36m[STATS][0m --- [CYCLE 582] ---
00:31:58 | [36m[STATS][0m Balance: 97965.06 | Equity: 97960.67 | Active: 3 | Margin: 97818.90 | Util: 0.1%
00:31:58 | [POSITION STATS] Open: 3 | Unrealized: $-4.39 | Daily Loss: $0.00/100.00
00:31:58 | [ANALYSIS] Examining EUR/USD | Time: 02:00 | Bars: 100
00:31:58 | [ANALYSIS] Examining GBP/USD | Time: 02:00 | Bars: 100
00:31:58 | [ANALYSIS] GBP/USD | Price: 1.34339 | RSI: 42.4 | ADX: 44.4 | ML: UP(75%)
00:31:58 | [STRATEGY] Added synthetic ML BUY signal (conf: 0.75)
00:31:58 | [ANALYSIS] Examining USD/JPY | Time: 02:00 | Bars: 100
00:31:58 | [ANALYSIS] Examining AUD/USD | Time: 02:00 | Bars: 100
00:31:58 | [IDLE] Waiting for next market pulse...
00:32:09 | [36m[STATS][0m --- [CYCLE 583] ---
00:32:09 | [36m[STATS][0m Balance: 97965.06 | Equity: 97960.72 | Active: 3 | Margin: 97818.95 | Util: 0.1%
00:32:09 | [POSITION STATS] Open: 3 | Unrealized: $-4.34 | Daily Loss: $0.00/100.00
00:32:09 | [ANALYSIS] Examining EUR/USD | Time: 02:00 | Bars: 100
00:32:09 | [ANALYSIS] Examining GBP/USD | Time: 02:00 | Bars: 100
00:32:09 | [ANALYSIS] GBP/USD | Price: 1.34339 | RSI: 42.4 | ADX: 44.4 | ML: UP(75%)
00:32:09 | [STRATEGY] Added synthetic ML BUY signal (conf: 0.75)
00:32:09 | [ANALYSIS] Examining USD/JPY | Time: 02:00 | Bars: 100
00:32:09 | [ANALYSIS] Examining AUD/USD | Time: 02:00 | Bars: 100
00:32:09 | [IDLE] Waiting for next market pulse...
00:32:19 | [36m[STATS][0m --- [CYCLE 584] ---
00:32:19 | [36m[STATS][0m Balance: 97965.06 | Equity: 97960.66 | Active: 3 | Margin: 97818.89 | Util: 0.1%
00:32:19 | [POSITION STATS] Open: 3 | Unrealized: $-4.40 | Daily Loss: $0.00/100.00
00:32:19 | [ANALYSIS] Examining EUR/USD | Time: 02:00 | Bars: 100
00:32:19 | [ANALYSIS] Examining GBP/USD | Time: 02:00 | Bars: 100
00:32:19 | [ANALYSIS] GBP/USD | Price: 1.34334 | RSI: 42.2 | ADX: 44.4 | ML: UP(75%)
00:32:19 | [STRATEGY] Added synthetic ML BUY signal (conf: 0.75)
00:32:19 | [ANALYSIS] Examining USD/JPY | Time: 02:00 | Bars: 100
00:32:19 | [ANALYSIS] Examining AUD/USD | Time: 02:00 | Bars: 100
00:32:19 | [IDLE] Waiting for next market pulse...
00:32:29 | [36m[STATS][0m --- [CYCLE 585] ---
00:32:29 | [36m[STATS][0m Balance: 97965.06 | Equity: 97960.59 | Active: 3 | Margin: 97818.82 | Util: 0.1%
00:32:29 | [POSITION STATS] Open: 3 | Unrealized: $-4.47 | Daily Loss: $0.00/100.00
00:32:29 | [ANALYSIS] Examining EUR/USD | Time: 02:00 | Bars: 100
00:32:29 | [ANALYSIS] Examining GBP/USD | Time: 02:00 | Bars: 100
00:32:29 | [ANALYSIS] GBP/USD | Price: 1.34338 | RSI: 42.4 | ADX: 44.4 | ML: UP(75%)
00:32:29 | [STRATEGY] Added synthetic ML BUY signal (conf: 0.75)
00:32:29 | [ANALYSIS] Examining USD/JPY | Time: 02:00 | Bars: 100
00:32:29 | [ANALYSIS] Examining AUD/USD | Time: 02:00 | Bars: 100
00:32:29 | [SUMMARY] Risk: operational | Positions: 3 | Daily Trades: 1/5 | Exits: 1 (Market: 0, Admin: 1)
00:32:29 | [IDLE] Waiting for next market pulse...
00:32:40 | [36m[STATS][0m --- [CYCLE 586] ---
00:32:40 | [36m[STATS][0m Balance: 97965.06 | Equity: 97960.51 | Active: 3 | Margin: 97818.74 | Util: 0.1%
00:32:40 | [POSITION STATS] Open: 3 | Unrealized: $-4.55 | Daily Loss: $0.00/100.00
00:32:40 | [ANALYSIS] Examining EUR/USD | Time: 02:00 | Bars: 100
00:32:40 | [ANALYSIS] Examining GBP/USD | Time: 02:00 | Bars: 100
00:32:40 | [ANALYSIS] GBP/USD | Price: 1.34337 | RSI: 42.3 | ADX: 44.4 | ML: UP(75%)
00:32:40 | [STRATEGY] Added synthetic ML BUY signal (conf: 0.75)
00:32:40 | [ANALYSIS] Examining USD/JPY | Time: 02:00 | Bars: 100
00:32:40 | [ANALYSIS] Examining AUD/USD | Time: 02:00 | Bars: 100
00:32:40 | [IDLE] Waiting for next market pulse...
00:32:50 | [36m[STATS][0m --- [CYCLE 587] ---
00:32:50 | [36m[STATS][0m Balance: 97965.06 | Equity: 97960.34 | Active: 3 | Margin: 97818.57 | Util: 0.1%
00:32:50 | [POSITION STATS] Open: 3 | Unrealized: $-4.72 | Daily Loss: $0.00/100.00
00:32:50 | [ANALYSIS] Examining EUR/USD | Time: 02:00 | Bars: 100
00:32:50 | [ANALYSIS] Examining GBP/USD | Time: 02:00 | Bars: 100
00:32:50 | [ANALYSIS] GBP/USD | Price: 1.34338 | RSI: 42.4 | ADX: 44.4 | ML: UP(75%)
00:32:50 | [STRATEGY] Added synthetic ML BUY signal (conf: 0.75)
00:32:50 | [ANALYSIS] Examining USD/JPY | Time: 02:00 | Bars: 100
00:32:50 | [ANALYSIS] Examining AUD/USD | Time: 02:00 | Bars: 100
00:32:50 | [IDLE] Waiting for next market pulse...
00:33:00 | [36m[STATS][0m --- [CYCLE 588] ---
00:33:00 | [36m[STATS][0m Balance: 97965.06 | Equity: 97960.28 | Active: 3 | Margin: 97818.51 | Util: 0.1%
00:33:00 | [POSITION STATS] Open: 3 | Unrealized: $-4.78 | Daily Loss: $0.00/100.00
00:33:00 | [ANALYSIS] Examining EUR/USD | Time: 02:00 | Bars: 100
00:33:00 | [ANALYSIS] Examining GBP/USD | Time: 02:00 | Bars: 100
00:33:00 | [ANALYSIS] GBP/USD | Price: 1.34338 | RSI: 42.4 | ADX: 44.4 | ML: UP(75%)
00:33:00 | [STRATEGY] Added synthetic ML BUY signal (conf: 0.75)
00:33:00 | [ANALYSIS] Examining USD/JPY | Time: 02:00 | Bars: 100
00:33:00 | [ANALYSIS] Examining AUD/USD | Time: 02:00 | Bars: 100
00:33:00 | [IDLE] Waiting for next market pulse...
00:33:11 | [36m[STATS][0m --- [CYCLE 589] ---
00:33:11 | [36m[STATS][0m Balance: 97965.06 | Equity: 97960.68 | Active: 3 | Margin: 97818.91 | Util: 0.1%
00:33:11 | [POSITION STATS] Open: 3 | Unrealized: $-4.38 | Daily Loss: $0.00/100.00
00:33:11 | [ANALYSIS] Examining EUR/USD | Time: 02:00 | Bars: 100
00:33:11 | [ANALYSIS] Examining GBP/USD | Time: 02:00 | Bars: 100
00:33:11 | [ANALYSIS] GBP/USD | Price: 1.34343 | RSI: 42.7 | ADX: 44.4 | ML: UP(75%)
00:33:11 | [STRATEGY] Added synthetic ML BUY signal (conf: 0.75)
00:33:11 | [ANALYSIS] Examining USD/JPY | Time: 02:00 | Bars: 100
00:33:11 | [ANALYSIS] Examining AUD/USD | Time: 02:00 | Bars: 100
00:33:11 | [IDLE] Waiting for next market pulse...
00:33:21 | [36m[STATS][0m --- [CYCLE 590] ---
00:33:21 | [36m[STATS][0m Balance: 97965.06 | Equity: 97960.75 | Active: 3 | Margin: 97818.98 | Util: 0.1%
00:33:21 | [POSITION STATS] Open: 3 | Unrealized: $-4.31 | Daily Loss: $0.00/100.00
00:33:21 | [ANALYSIS] Examining EUR/USD | Time: 02:00 | Bars: 100
00:33:21 | [ANALYSIS] Examining GBP/USD | Time: 02:00 | Bars: 100
00:33:21 | [ANALYSIS] GBP/USD | Price: 1.34339 | RSI: 42.4 | ADX: 44.4 | ML: UP(75%)
00:33:21 | [STRATEGY] Added synthetic ML BUY signal (conf: 0.75)
00:33:21 | [ANALYSIS] Examining USD/JPY | Time: 02:00 | Bars: 100
00:33:21 | [ANALYSIS] Examining AUD/USD | Time: 02:00 | Bars: 100
00:33:21 | [SUMMARY] Risk: operational | Positions: 3 | Daily Trades: 1/5 | Exits: 1 (Market: 0, Admin: 1)
00:33:21 | [IDLE] Waiting for next market pulse...
00:33:31 | [36m[STATS][0m --- [CYCLE 591] ---
00:33:31 | [36m[STATS][0m Balance: 97965.06 | Equity: 97960.88 | Active: 3 | Margin: 97819.11 | Util: 0.1%
00:33:31 | [POSITION STATS] Open: 3 | Unrealized: $-4.18 | Daily Loss: $0.00/100.00
00:33:31 | [ANALYSIS] Examining EUR/USD | Time: 02:00 | Bars: 100
00:33:31 | [ANALYSIS] Examining GBP/USD | Time: 02:00 | Bars: 100
00:33:31 | [ANALYSIS] GBP/USD | Price: 1.34338 | RSI: 42.4 | ADX: 44.4 | ML: UP(75%)
00:33:31 | [STRATEGY] Added synthetic ML BUY signal (conf: 0.75)
00:33:31 | [ANALYSIS] Examining USD/JPY | Time: 02:00 | Bars: 100
00:33:31 | [ANALYSIS] Examining AUD/USD | Time: 02:00 | Bars: 100
00:33:31 | [IDLE] Waiting for next market pulse...
00:33:42 | [36m[STATS][0m --- [CYCLE 592] ---
00:33:42 | [36m[STATS][0m Balance: 97965.06 | Equity: 97959.98 | Active: 3 | Margin: 97818.21 | Util: 0.1%
00:33:42 | [POSITION STATS] Open: 3 | Unrealized: $-5.08 | Daily Loss: $0.00/100.00
00:33:42 | [ANALYSIS] Examining EUR/USD | Time: 02:00 | Bars: 100
00:33:42 | [ANALYSIS] Examining GBP/USD | Time: 02:00 | Bars: 100
00:33:42 | [ANALYSIS] GBP/USD | Price: 1.34329 | RSI: 41.9 | ADX: 44.4 | ML: UP(75%)
00:33:42 | [STRATEGY] Added synthetic ML BUY signal (conf: 0.75)
00:33:42 | [ANALYSIS] Examining USD/JPY | Time: 02:00 | Bars: 100
00:33:42 | [ANALYSIS] Examining AUD/USD | Time: 02:00 | Bars: 100
00:33:42 | [IDLE] Waiting for next market pulse...
00:33:52 | [36m[STATS][0m --- [CYCLE 593] ---
00:33:52 | [36m[STATS][0m Balance: 97965.06 | Equity: 97959.95 | Active: 3 | Margin: 97818.18 | Util: 0.1%
00:33:52 | [POSITION STATS] Open: 3 | Unrealized: $-5.11 | Daily Loss: $0.00/100.00
00:33:52 | [ANALYSIS] Examining EUR/USD | Time: 02:00 | Bars: 100
00:33:52 | [ANALYSIS] Examining GBP/USD | Time: 02:00 | Bars: 100
00:33:52 | [ANALYSIS] GBP/USD | Price: 1.34329 | RSI: 41.9 | ADX: 44.4 | ML: UP(75%)
00:33:52 | [STRATEGY] Added synthetic ML BUY signal (conf: 0.75)
00:33:52 | [ANALYSIS] Examining USD/JPY | Time: 02:00 | Bars: 100
00:33:52 | [ANALYSIS] Examining AUD/USD | Time: 02:00 | Bars: 100
00:33:52 | [IDLE] Waiting for next market pulse...
00:34:02 | [36m[STATS][0m --- [CYCLE 594] ---
00:34:02 | [36m[STATS][0m Balance: 97965.06 | Equity: 97960.28 | Active: 3 | Margin: 97818.51 | Util: 0.1%
00:34:02 | [POSITION STATS] Open: 3 | Unrealized: $-4.78 | Daily Loss: $0.00/100.00
00:34:02 | [ANALYSIS] Examining EUR/USD | Time: 02:00 | Bars: 100
00:34:02 | [ANALYSIS] Examining GBP/USD | Time: 02:00 | Bars: 100
00:34:02 | [ANALYSIS] GBP/USD | Price: 1.34329 | RSI: 41.9 | ADX: 44.4 | ML: UP(75%)
00:34:02 | [STRATEGY] Added synthetic ML BUY signal (conf: 0.75)
00:34:02 | [ANALYSIS] Examining USD/JPY | Time: 02:00 | Bars: 100
00:34:02 | [ANALYSIS] Examining AUD/USD | Time: 02:00 | Bars: 100
00:34:02 | [IDLE] Waiting for next market pulse...
00:34:13 | [36m[STATS][0m --- [CYCLE 595] ---
00:34:13 | [36m[STATS][0m Balance: 97965.06 | Equity: 97960.40 | Active: 3 | Margin: 97818.63 | Util: 0.1%
00:34:13 | [POSITION STATS] Open: 3 | Unrealized: $-4.66 | Daily Loss: $0.00/100.00
00:34:13 | [ANALYSIS] Examining EUR/USD | Time: 02:00 | Bars: 100
00:34:13 | [ANALYSIS] Examining GBP/USD | Time: 02:00 | Bars: 100
00:34:13 | [ANALYSIS] GBP/USD | Price: 1.34330 | RSI: 42.0 | ADX: 44.4 | ML: UP(75%)
00:34:13 | [STRATEGY] Added synthetic ML BUY signal (conf: 0.75)
00:34:13 | [ANALYSIS] Examining USD/JPY | Time: 02:00 | Bars: 100
00:34:13 | [ANALYSIS] Examining AUD/USD | Time: 02:00 | Bars: 100
00:34:13 | [SUMMARY] Risk: operational | Positions: 3 | Daily Trades: 1/5 | Exits: 1 (Market: 0, Admin: 1)
00:34:13 | [IDLE] Waiting for next market pulse...
00:34:23 | [36m[STATS][0m --- [CYCLE 596] ---
00:34:23 | [36m[STATS][0m Balance: 97965.06 | Equity: 97959.73 | Active: 3 | Margin: 97817.96 | Util: 0.1%
00:34:23 | [POSITION STATS] Open: 3 | Unrealized: $-5.33 | Daily Loss: $0.00/100.00
00:34:23 | [ANALYSIS] Examining EUR/USD | Time: 02:00 | Bars: 100
00:34:23 | [ANALYSIS] Examining GBP/USD | Time: 02:00 | Bars: 100
00:34:23 | [ANALYSIS] GBP/USD | Price: 1.34320 | RSI: 41.5 | ADX: 44.4 | ML: UP(75%)
00:34:23 | [STRATEGY] Added synthetic ML BUY signal (conf: 0.75)
00:34:23 | [ANALYSIS] Examining USD/JPY | Time: 02:00 | Bars: 100
00:34:23 | [ANALYSIS] Examining AUD/USD | Time: 02:00 | Bars: 100
00:34:23 | [IDLE] Waiting for next market pulse...
00:34:33 | [36m[STATS][0m --- [CYCLE 597] ---
00:34:33 | [36m[STATS][0m Balance: 97965.06 | Equity: 97959.77 | Active: 3 | Margin: 97818.00 | Util: 0.1%
00:34:33 | [POSITION STATS] Open: 3 | Unrealized: $-5.29 | Daily Loss: $0.00/100.00
00:34:33 | [ANALYSIS] Examining EUR/USD | Time: 02:00 | Bars: 100
00:34:33 | [ANALYSIS] Examining GBP/USD | Time: 02:00 | Bars: 100
00:34:33 | [ANALYSIS] GBP/USD | Price: 1.34320 | RSI: 41.5 | ADX: 44.4 | ML: UP(75%)
00:34:33 | [STRATEGY] Added synthetic ML BUY signal (conf: 0.75)
00:34:33 | [ANALYSIS] Examining USD/JPY | Time: 02:00 | Bars: 100
00:34:33 | [ANALYSIS] Examining AUD/USD | Time: 02:00 | Bars: 100
00:34:33 | [IDLE] Waiting for next market pulse...
00:34:44 | [36m[STATS][0m --- [CYCLE 598] ---
00:34:44 | [36m[STATS][0m Balance: 97965.06 | Equity: 97959.70 | Active: 3 | Margin: 97817.93 | Util: 0.1%
00:34:44 | [POSITION STATS] Open: 3 | Unrealized: $-5.36 | Daily Loss: $0.00/100.00
00:34:44 | [ANALYSIS] Examining EUR/USD | Time: 02:00 | Bars: 100
00:34:44 | [ANALYSIS] Examining GBP/USD | Time: 02:00 | Bars: 100
00:34:44 | [ANALYSIS] GBP/USD | Price: 1.34319 | RSI: 41.4 | ADX: 44.4 | ML: UP(75%)
00:34:44 | [STRATEGY] Added synthetic ML BUY signal (conf: 0.75)
00:34:44 | [ANALYSIS] Examining USD/JPY | Time: 02:00 | Bars: 100
00:34:44 | [ANALYSIS] Examining AUD/USD | Time: 02:00 | Bars: 100
00:34:44 | [IDLE] Waiting for next market pulse...
00:34:54 | [36m[STATS][0m --- [CYCLE 599] ---
00:34:54 | [36m[STATS][0m Balance: 97965.06 | Equity: 97960.24 | Active: 3 | Margin: 97818.47 | Util: 0.1%
00:34:54 | [POSITION STATS] Open: 3 | Unrealized: $-4.82 | Daily Loss: $0.00/100.00
00:34:54 | [ANALYSIS] Examining EUR/USD | Time: 02:00 | Bars: 100
00:34:54 | [ANALYSIS] Examining GBP/USD | Time: 02:00 | Bars: 100
00:34:54 | [ANALYSIS] GBP/USD | Price: 1.34329 | RSI: 41.9 | ADX: 44.4 | ML: UP(75%)
00:34:54 | [STRATEGY] Added synthetic ML BUY signal (conf: 0.75)
00:34:54 | [ANALYSIS] Examining USD/JPY | Time: 02:00 | Bars: 100
00:34:54 | [ANALYSIS] Examining AUD/USD | Time: 02:00 | Bars: 100
00:34:54 | [IDLE] Waiting for next market pulse...
00:35:04 | [36m[STATS][0m --- [CYCLE 600] ---
00:35:04 | [36m[STATS][0m Balance: 97965.06 | Equity: 97960.20 | Active: 3 | Margin: 97818.43 | Util: 0.1%
00:35:04 | [POSITION STATS] Open: 3 | Unrealized: $-4.86 | Daily Loss: $0.00/100.00
00:35:04 | [ANALYSIS] Examining EUR/USD | Time: 02:00 | Bars: 100
00:35:04 | [ANALYSIS] Examining GBP/USD | Time: 02:00 | Bars: 100
00:35:04 | [ANALYSIS] GBP/USD | Price: 1.34328 | RSI: 41.9 | ADX: 44.4 | ML: UP(75%)
00:35:04 | [STRATEGY] Added synthetic ML BUY signal (conf: 0.75)
00:35:04 | [ANALYSIS] Examining USD/JPY | Time: 02:00 | Bars: 100
00:35:04 | [ANALYSIS] Examining AUD/USD | Time: 02:00 | Bars: 100
00:35:04 | [SUMMARY] Risk: operational | Positions: 3 | Daily Trades: 1/5 | Exits: 1 (Market: 0, Admin: 1)
00:35:04 | [IDLE] Waiting for next market pulse...
00:35:15 | [36m[STATS][0m --- [CYCLE 601] ---
00:35:15 | [36m[STATS][0m Balance: 97965.06 | Equity: 97960.10 | Active: 3 | Margin: 97818.33 | Util: 0.1%
00:35:15 | [POSITION STATS] Open: 3 | Unrealized: $-4.96 | Daily Loss: $0.00/100.00
00:35:15 | [ANALYSIS] Examining EUR/USD | Time: 02:00 | Bars: 100
00:35:15 | [ANALYSIS] Examining GBP/USD | Time: 02:00 | Bars: 100
00:35:15 | [ANALYSIS] GBP/USD | Price: 1.34327 | RSI: 41.8 | ADX: 44.4 | ML: UP(75%)
00:35:15 | [STRATEGY] Added synthetic ML BUY signal (conf: 0.75)
00:35:15 | [ANALYSIS] Examining USD/JPY | Time: 02:00 | Bars: 100
00:35:15 | [ANALYSIS] Examining AUD/USD | Time: 02:00 | Bars: 100
00:35:15 | [IDLE] Waiting for next market pulse...
00:35:25 | [36m[STATS][0m --- [CYCLE 602] ---
00:35:25 | [36m[STATS][0m Balance: 97965.06 | Equity: 97959.98 | Active: 3 | Margin: 97818.21 | Util: 0.1%
00:35:25 | [POSITION STATS] Open: 3 | Unrealized: $-5.08 | Daily Loss: $0.00/100.00
00:35:25 | [ANALYSIS] Examining EUR/USD | Time: 02:00 | Bars: 100
00:35:25 | [ANALYSIS] Examining GBP/USD | Time: 02:00 | Bars: 100
00:35:25 | [ANALYSIS] GBP/USD | Price: 1.34328 | RSI: 41.9 | ADX: 44.4 | ML: UP(75%)
00:35:25 | [STRATEGY] Added synthetic ML BUY signal (conf: 0.75)
00:35:25 | [ANALYSIS] Examining USD/JPY | Time: 02:00 | Bars: 100
00:35:25 | [ANALYSIS] Examining AUD/USD | Time: 02:00 | Bars: 100
00:35:25 | [IDLE] Waiting for next market pulse...
00:35:35 | [36m[STATS][0m --- [CYCLE 603] ---
00:35:35 | [36m[STATS][0m Balance: 97965.06 | Equity: 97959.83 | Active: 3 | Margin: 97818.06 | Util: 0.1%
00:35:35 | [POSITION STATS] Open: 3 | Unrealized: $-5.23 | Daily Loss: $0.00/100.00
00:35:35 | [ANALYSIS] Examining EUR/USD | Time: 02:00 | Bars: 100
00:35:35 | [ANALYSIS] Examining GBP/USD | Time: 02:00 | Bars: 100
00:35:35 | [ANALYSIS] GBP/USD | Price: 1.34320 | RSI: 41.5 | ADX: 44.4 | ML: UP(75%)
00:35:35 | [STRATEGY] Added synthetic ML BUY signal (conf: 0.75)
00:35:35 | [ANALYSIS] Examining USD/JPY | Time: 02:00 | Bars: 100
00:35:35 | [ANALYSIS] Examining AUD/USD | Time: 02:00 | Bars: 100
00:35:35 | [IDLE] Waiting for next market pulse...
00:35:46 | [36m[STATS][0m --- [CYCLE 604] ---
00:35:46 | [36m[STATS][0m Balance: 97965.06 | Equity: 97960.02 | Active: 3 | Margin: 97818.25 | Util: 0.1%
00:35:46 | [POSITION STATS] Open: 3 | Unrealized: $-5.04 | Daily Loss: $0.00/100.00
00:35:46 | [ANALYSIS] Examining EUR/USD | Time: 02:00 | Bars: 100
00:35:46 | [ANALYSIS] Examining GBP/USD | Time: 02:00 | Bars: 100
00:35:46 | [ANALYSIS] GBP/USD | Price: 1.34327 | RSI: 41.8 | ADX: 44.4 | ML: UP(75%)
00:35:46 | [STRATEGY] Added synthetic ML BUY signal (conf: 0.75)
00:35:46 | [ANALYSIS] Examining USD/JPY | Time: 02:00 | Bars: 100
00:35:46 | [ANALYSIS] Examining AUD/USD | Time: 02:00 | Bars: 100
00:35:46 | [IDLE] Waiting for next market pulse...
00:35:56 | [36m[STATS][0m --- [CYCLE 605] ---
00:35:56 | [36m[STATS][0m Balance: 97965.06 | Equity: 97960.02 | Active: 3 | Margin: 97818.25 | Util: 0.1%
00:35:56 | [POSITION STATS] Open: 3 | Unrealized: $-5.04 | Daily Loss: $0.00/100.00
00:35:56 | [ANALYSIS] Examining EUR/USD | Time: 02:00 | Bars: 100
00:35:56 | [ANALYSIS] Examining GBP/USD | Time: 02:00 | Bars: 100
00:35:56 | [ANALYSIS] GBP/USD | Price: 1.34326 | RSI: 41.8 | ADX: 44.4 | ML: UP(75%)
00:35:56 | [STRATEGY] Added synthetic ML BUY signal (conf: 0.75)
00:35:56 | [ANALYSIS] Examining USD/JPY | Time: 02:00 | Bars: 100
00:35:56 | [ANALYSIS] Examining AUD/USD | Time: 02:00 | Bars: 100
00:35:56 | [SUMMARY] Risk: operational | Positions: 3 | Daily Trades: 1/5 | Exits: 1 (Market: 0, Admin: 1)
00:35:56 | [IDLE] Waiting for next market pulse...
00:36:06 | [36m[STATS][0m --- [CYCLE 606] ---
00:36:06 | [36m[STATS][0m Balance: 97965.06 | Equity: 97959.95 | Active: 3 | Margin: 97818.18 | Util: 0.1%
00:36:06 | [POSITION STATS] Open: 3 | Unrealized: $-5.11 | Daily Loss: $0.00/100.00
00:36:06 | [ANALYSIS] Examining EUR/USD | Time: 02:00 | Bars: 100
00:36:06 | [ANALYSIS] Examining GBP/USD | Time: 02:00 | Bars: 100
00:36:06 | [ANALYSIS] GBP/USD | Price: 1.34326 | RSI: 41.8 | ADX: 44.4 | ML: UP(75%)
00:36:06 | [STRATEGY] Added synthetic ML BUY signal (conf: 0.75)
00:36:06 | [ANALYSIS] Examining USD/JPY | Time: 02:00 | Bars: 100
00:36:06 | [ANALYSIS] Examining AUD/USD | Time: 02:00 | Bars: 100
00:36:06 | [IDLE] Waiting for next market pulse...
00:36:17 | [36m[STATS][0m --- [CYCLE 607] ---
00:36:17 | [36m[STATS][0m Balance: 97965.06 | Equity: 97960.13 | Active: 3 | Margin: 97818.36 | Util: 0.1%
00:36:17 | [POSITION STATS] Open: 3 | Unrealized: $-4.93 | Daily Loss: $0.00/100.00
00:36:17 | [ANALYSIS] Examining EUR/USD | Time: 02:00 | Bars: 100
00:36:17 | [ANALYSIS] Examining GBP/USD | Time: 02:00 | Bars: 100
00:36:17 | [ANALYSIS] GBP/USD | Price: 1.34323 | RSI: 41.6 | ADX: 44.4 | ML: UP(75%)
00:36:17 | [STRATEGY] Added synthetic ML BUY signal (conf: 0.75)
00:36:17 | [ANALYSIS] Examining USD/JPY | Time: 02:00 | Bars: 100
00:36:17 | [ANALYSIS] Examining AUD/USD | Time: 02:00 | Bars: 100
00:36:17 | [IDLE] Waiting for next market pulse...
00:36:27 | [36m[STATS][0m --- [CYCLE 608] ---
00:36:27 | [36m[STATS][0m Balance: 97965.06 | Equity: 97960.13 | Active: 3 | Margin: 97818.36 | Util: 0.1%
00:36:27 | [POSITION STATS] Open: 3 | Unrealized: $-4.93 | Daily Loss: $0.00/100.00
00:36:27 | [ANALYSIS] Examining EUR/USD | Time: 02:00 | Bars: 100
00:36:27 | [ANALYSIS] Examining GBP/USD | Time: 02:00 | Bars: 100
00:36:27 | [ANALYSIS] GBP/USD | Price: 1.34327 | RSI: 41.8 | ADX: 44.4 | ML: UP(75%)
00:36:27 | [STRATEGY] Added synthetic ML BUY signal (conf: 0.75)
00:36:27 | [ANALYSIS] Examining USD/JPY | Time: 02:00 | Bars: 100
00:36:27 | [ANALYSIS] Examining AUD/USD | Time: 02:00 | Bars: 100
00:36:27 | [IDLE] Waiting for next market pulse...
00:36:37 | [36m[STATS][0m --- [CYCLE 609] ---
00:36:37 | [36m[STATS][0m Balance: 97965.06 | Equity: 97960.52 | Active: 3 | Margin: 97818.75 | Util: 0.1%
00:36:37 | [POSITION STATS] Open: 3 | Unrealized: $-4.54 | Daily Loss: $0.00/100.00
00:36:37 | [ANALYSIS] Examining EUR/USD | Time: 02:00 | Bars: 100
00:36:37 | [ANALYSIS] Examining GBP/USD | Time: 02:00 | Bars: 100
00:36:37 | [ANALYSIS] GBP/USD | Price: 1.34335 | RSI: 42.2 | ADX: 44.4 | ML: UP(75%)
00:36:37 | [STRATEGY] Added synthetic ML BUY signal (conf: 0.75)
00:36:37 | [ANALYSIS] Examining USD/JPY | Time: 02:00 | Bars: 100
00:36:37 | [ANALYSIS] Examining AUD/USD | Time: 02:00 | Bars: 100
00:36:37 | [IDLE] Waiting for next market pulse...
00:36:48 | [36m[STATS][0m --- [CYCLE 610] ---
00:36:48 | [36m[STATS][0m Balance: 97965.06 | Equity: 97960.71 | Active: 3 | Margin: 97818.94 | Util: 0.1%
00:36:48 | [POSITION STATS] Open: 3 | Unrealized: $-4.35 | Daily Loss: $0.00/100.00
00:36:48 | [ANALYSIS] Examining EUR/USD | Time: 02:00 | Bars: 100
00:36:48 | [ANALYSIS] Examining GBP/USD | Time: 02:00 | Bars: 100
00:36:48 | [ANALYSIS] GBP/USD | Price: 1.34337 | RSI: 42.3 | ADX: 44.4 | ML: UP(75%)
00:36:48 | [STRATEGY] Added synthetic ML BUY signal (conf: 0.75)
00:36:48 | [ANALYSIS] Examining USD/JPY | Time: 02:00 | Bars: 100
00:36:48 | [ANALYSIS] Examining AUD/USD | Time: 02:00 | Bars: 100
00:36:48 | [SUMMARY] Risk: operational | Positions: 3 | Daily Trades: 1/5 | Exits: 1 (Market: 0, Admin: 1)
00:36:48 | [IDLE] Waiting for next market pulse...
00:36:58 | [36m[STATS][0m --- [CYCLE 611] ---
00:36:58 | [36m[STATS][0m Balance: 97965.06 | Equity: 97960.63 | Active: 3 | Margin: 97818.86 | Util: 0.1%
00:36:58 | [POSITION STATS] Open: 3 | Unrealized: $-4.43 | Daily Loss: $0.00/100.00
00:36:58 | [ANALYSIS] Examining EUR/USD | Time: 02:00 | Bars: 100
00:36:58 | [ANALYSIS] Examining GBP/USD | Time: 02:00 | Bars: 100
00:36:58 | [ANALYSIS] GBP/USD | Price: 1.34337 | RSI: 42.3 | ADX: 44.4 | ML: UP(75%)
00:36:58 | [STRATEGY] Added synthetic ML BUY signal (conf: 0.75)
00:36:58 | [ANALYSIS] Examining USD/JPY | Time: 02:00 | Bars: 100
00:36:58 | [ANALYSIS] Examining AUD/USD | Time: 02:00 | Bars: 100
00:36:58 | [IDLE] Waiting for next market pulse...
00:37:08 | [36m[STATS][0m --- [CYCLE 612] ---
00:37:08 | [36m[STATS][0m Balance: 97965.06 | Equity: 97960.68 | Active: 3 | Margin: 97818.91 | Util: 0.1%
00:37:08 | [POSITION STATS] Open: 3 | Unrealized: $-4.38 | Daily Loss: $0.00/100.00
00:37:08 | [ANALYSIS] Examining EUR/USD | Time: 02:00 | Bars: 100
00:37:08 | [ANALYSIS] Examining GBP/USD | Time: 02:00 | Bars: 100
00:37:08 | [ANALYSIS] GBP/USD | Price: 1.34338 | RSI: 42.4 | ADX: 44.4 | ML: UP(75%)
00:37:08 | [STRATEGY] Added synthetic ML BUY signal (conf: 0.75)
00:37:08 | [ANALYSIS] Examining USD/JPY | Time: 02:00 | Bars: 100
00:37:08 | [ANALYSIS] Examining AUD/USD | Time: 02:00 | Bars: 100
00:37:08 | [IDLE] Waiting for next market pulse...
00:37:19 | [36m[STATS][0m --- [CYCLE 613] ---
00:37:19 | [36m[STATS][0m Balance: 97965.06 | Equity: 97960.63 | Active: 3 | Margin: 97818.86 | Util: 0.1%
00:37:19 | [POSITION STATS] Open: 3 | Unrealized: $-4.43 | Daily Loss: $0.00/100.00
00:37:19 | [ANALYSIS] Examining EUR/USD | Time: 02:00 | Bars: 100
00:37:19 | [ANALYSIS] Examining GBP/USD | Time: 02:00 | Bars: 100
00:37:19 | [ANALYSIS] GBP/USD | Price: 1.34338 | RSI: 42.4 | ADX: 44.4 | ML: UP(75%)
00:37:19 | [STRATEGY] Added synthetic ML BUY signal (conf: 0.75)
00:37:19 | [ANALYSIS] Examining USD/JPY | Time: 02:00 | Bars: 100
00:37:19 | [ANALYSIS] Examining AUD/USD | Time: 02:00 | Bars: 100
00:37:19 | [IDLE] Waiting for next market pulse...
00:37:29 | [36m[STATS][0m --- [CYCLE 614] ---
00:37:29 | [36m[STATS][0m Balance: 97965.06 | Equity: 97960.72 | Active: 3 | Margin: 97818.95 | Util: 0.1%
00:37:29 | [POSITION STATS] Open: 3 | Unrealized: $-4.34 | Daily Loss: $0.00/100.00
00:37:29 | [ANALYSIS] Examining EUR/USD | Time: 02:00 | Bars: 100
00:37:29 | [ANALYSIS] Examining GBP/USD | Time: 02:00 | Bars: 100
00:37:29 | [ANALYSIS] GBP/USD | Price: 1.34339 | RSI: 42.4 | ADX: 44.4 | ML: UP(75%)
00:37:29 | [STRATEGY] Added synthetic ML BUY signal (conf: 0.75)
00:37:29 | [ANALYSIS] Examining USD/JPY | Time: 02:00 | Bars: 100
00:37:29 | [ANALYSIS] Examining AUD/USD | Time: 02:00 | Bars: 100
00:37:29 | [IDLE] Waiting for next market pulse...
00:37:39 | [36m[STATS][0m --- [CYCLE 615] ---
00:37:39 | [36m[STATS][0m Balance: 97965.06 | Equity: 97960.48 | Active: 3 | Margin: 97818.71 | Util: 0.1%
00:37:39 | [POSITION STATS] Open: 3 | Unrealized: $-4.58 | Daily Loss: $0.00/100.00
00:37:39 | [ANALYSIS] Examining EUR/USD | Time: 02:00 | Bars: 100
00:37:39 | [ANALYSIS] Examining GBP/USD | Time: 02:00 | Bars: 100
00:37:39 | [ANALYSIS] GBP/USD | Price: 1.34338 | RSI: 42.4 | ADX: 44.4 | ML: UP(75%)
00:37:39 | [STRATEGY] Added synthetic ML BUY signal (conf: 0.75)
00:37:39 | [ANALYSIS] Examining USD/JPY | Time: 02:00 | Bars: 100
00:37:39 | [ANALYSIS] Examining AUD/USD | Time: 02:00 | Bars: 100
00:37:39 | [SUMMARY] Risk: operational | Positions: 3 | Daily Trades: 1/5 | Exits: 1 (Market: 0, Admin: 1)
00:37:39 | [IDLE] Waiting for next market pulse...
00:37:50 | [36m[STATS][0m --- [CYCLE 616] ---
00:37:50 | [36m[STATS][0m Balance: 97965.06 | Equity: 97960.83 | Active: 3 | Margin: 97819.06 | Util: 0.1%
00:37:50 | [POSITION STATS] Open: 3 | Unrealized: $-4.23 | Daily Loss: $0.00/100.00
00:37:50 | [ANALYSIS] Examining EUR/USD | Time: 02:00 | Bars: 100
00:37:50 | [ANALYSIS] Examining GBP/USD | Time: 02:00 | Bars: 100
00:37:50 | [ANALYSIS] GBP/USD | Price: 1.34340 | RSI: 42.5 | ADX: 44.4 | ML: UP(75%)
00:37:50 | [STRATEGY] Added synthetic ML BUY signal (conf: 0.75)
00:37:50 | [ANALYSIS] Examining USD/JPY | Time: 02:00 | Bars: 100
00:37:50 | [ANALYSIS] Examining AUD/USD | Time: 02:00 | Bars: 100
00:37:50 | [IDLE] Waiting for next market pulse...
00:38:00 | [36m[STATS][0m --- [CYCLE 617] ---
00:38:00 | [36m[STATS][0m Balance: 97965.06 | Equity: 97960.88 | Active: 3 | Margin: 97819.11 | Util: 0.1%
00:38:00 | [POSITION STATS] Open: 3 | Unrealized: $-4.18 | Daily Loss: $0.00/100.00
00:38:00 | [ANALYSIS] Examining EUR/USD | Time: 02:00 | Bars: 100
00:38:00 | [ANALYSIS] Examining GBP/USD | Time: 02:00 | Bars: 100
00:38:00 | [ANALYSIS] GBP/USD | Price: 1.34339 | RSI: 42.4 | ADX: 44.4 | ML: UP(75%)
00:38:00 | [STRATEGY] Added synthetic ML BUY signal (conf: 0.75)
00:38:00 | [ANALYSIS] Examining USD/JPY | Time: 02:00 | Bars: 100
00:38:00 | [ANALYSIS] Examining AUD/USD | Time: 02:00 | Bars: 100
00:38:00 | [IDLE] Waiting for next market pulse...
00:38:10 | [36m[STATS][0m --- [CYCLE 618] ---
00:38:10 | [36m[STATS][0m Balance: 97965.06 | Equity: 97961.41 | Active: 3 | Margin: 97819.64 | Util: 0.1%
00:38:10 | [POSITION STATS] Open: 3 | Unrealized: $-3.65 | Daily Loss: $0.00/100.00
00:38:10 | [ANALYSIS] Examining EUR/USD | Time: 02:00 | Bars: 100
00:38:10 | [ANALYSIS] Examining GBP/USD | Time: 02:00 | Bars: 100
00:38:10 | [ANALYSIS] GBP/USD | Price: 1.34341 | RSI: 42.6 | ADX: 44.4 | ML: UP(75%)
00:38:11 | [STRATEGY] Added synthetic ML BUY signal (conf: 0.75)
00:38:11 | [ANALYSIS] Examining USD/JPY | Time: 02:00 | Bars: 100
00:38:11 | [ANALYSIS] Examining AUD/USD | Time: 02:00 | Bars: 100
00:38:11 | [IDLE] Waiting for next market pulse...
00:38:21 | [36m[STATS][0m --- [CYCLE 619] ---
00:38:21 | [36m[STATS][0m Balance: 97965.06 | Equity: 97961.13 | Active: 3 | Margin: 97819.36 | Util: 0.1%
00:38:21 | [POSITION STATS] Open: 3 | Unrealized: $-3.93 | Daily Loss: $0.00/100.00
00:38:21 | [ANALYSIS] Examining EUR/USD | Time: 02:00 | Bars: 100
00:38:21 | [ANALYSIS] Examining GBP/USD | Time: 02:00 | Bars: 100
00:38:21 | [ANALYSIS] GBP/USD | Price: 1.34339 | RSI: 42.4 | ADX: 44.4 | ML: UP(75%)
00:38:21 | [STRATEGY] Added synthetic ML BUY signal (conf: 0.75)
00:38:21 | [ANALYSIS] Examining USD/JPY | Time: 02:00 | Bars: 100
00:38:21 | [ANALYSIS] Examining AUD/USD | Time: 02:00 | Bars: 100
00:38:21 | [IDLE] Waiting for next market pulse...
00:38:31 | [36m[STATS][0m --- [CYCLE 620] ---
00:38:31 | [36m[STATS][0m Balance: 97965.06 | Equity: 97960.81 | Active: 3 | Margin: 97819.04 | Util: 0.1%
00:38:31 | [POSITION STATS] Open: 3 | Unrealized: $-4.25 | Daily Loss: $0.00/100.00
00:38:31 | [ANALYSIS] Examining EUR/USD | Time: 02:00 | Bars: 100
00:38:31 | [ANALYSIS] Examining GBP/USD | Time: 02:00 | Bars: 100
00:38:31 | [ANALYSIS] GBP/USD | Price: 1.34339 | RSI: 42.4 | ADX: 44.4 | ML: UP(75%)
00:38:31 | [STRATEGY] Added synthetic ML BUY signal (conf: 0.75)
00:38:31 | [ANALYSIS] Examining USD/JPY | Time: 02:00 | Bars: 100
00:38:31 | [ANALYSIS] Examining AUD/USD | Time: 02:00 | Bars: 100
00:38:31 | [SUMMARY] Risk: operational | Positions: 3 | Daily Trades: 1/5 | Exits: 1 (Market: 0, Admin: 1)
00:38:31 | [IDLE] Waiting for next market pulse...
00:38:42 | [36m[STATS][0m --- [CYCLE 621] ---
00:38:42 | [36m[STATS][0m Balance: 97965.06 | Equity: 97960.57 | Active: 3 | Margin: 97818.80 | Util: 0.1%
00:38:42 | [POSITION STATS] Open: 3 | Unrealized: $-4.49 | Daily Loss: $0.00/100.00
00:38:42 | [ANALYSIS] Examining EUR/USD | Time: 02:00 | Bars: 100
00:38:42 | [ANALYSIS] Examining GBP/USD | Time: 02:00 | Bars: 100
00:38:42 | [ANALYSIS] GBP/USD | Price: 1.34338 | RSI: 42.4 | ADX: 44.4 | ML: UP(75%)
00:38:42 | [STRATEGY] Added synthetic ML BUY signal (conf: 0.75)
00:38:42 | [ANALYSIS] Examining USD/JPY | Time: 02:00 | Bars: 100
00:38:42 | [ANALYSIS] Examining AUD/USD | Time: 02:00 | Bars: 100
00:38:42 | [IDLE] Waiting for next market pulse...
00:38:52 | [36m[STATS][0m --- [CYCLE 622] ---
00:38:52 | [36m[STATS][0m Balance: 97965.06 | Equity: 97960.49 | Active: 3 | Margin: 97818.72 | Util: 0.1%
00:38:52 | [POSITION STATS] Open: 3 | Unrealized: $-4.57 | Daily Loss: $0.00/100.00
00:38:52 | [ANALYSIS] Examining EUR/USD | Time: 02:00 | Bars: 100
00:38:52 | [ANALYSIS] Examining GBP/USD | Time: 02:00 | Bars: 100
00:38:52 | [ANALYSIS] GBP/USD | Price: 1.34339 | RSI: 42.4 | ADX: 44.4 | ML: UP(75%)
00:38:52 | [STRATEGY] Added synthetic ML BUY signal (conf: 0.75)
00:38:52 | [ANALYSIS] Examining USD/JPY | Time: 02:00 | Bars: 100
00:38:52 | [ANALYSIS] Examining AUD/USD | Time: 02:00 | Bars: 100
00:38:52 | [IDLE] Waiting for next market pulse...
00:39:02 | [36m[STATS][0m --- [CYCLE 623] ---
00:39:02 | [36m[STATS][0m Balance: 97965.06 | Equity: 97960.38 | Active: 3 | Margin: 97818.61 | Util: 0.1%
00:39:02 | [POSITION STATS] Open: 3 | Unrealized: $-4.68 | Daily Loss: $0.00/100.00
00:39:02 | [ANALYSIS] Examining EUR/USD | Time: 02:00 | Bars: 100
00:39:02 | [ANALYSIS] Examining GBP/USD | Time: 02:00 | Bars: 100
00:39:02 | [ANALYSIS] GBP/USD | Price: 1.34338 | RSI: 42.4 | ADX: 44.4 | ML: UP(75%)
00:39:02 | [STRATEGY] Added synthetic ML BUY signal (conf: 0.75)
00:39:02 | [ANALYSIS] Examining USD/JPY | Time: 02:00 | Bars: 100
00:39:02 | [ANALYSIS] Examining AUD/USD | Time: 02:00 | Bars: 100
00:39:03 | [IDLE] Waiting for next market pulse...
00:39:13 | [36m[STATS][0m --- [CYCLE 624] ---
00:39:13 | [36m[STATS][0m Balance: 97965.06 | Equity: 97960.17 | Active: 3 | Margin: 97818.40 | Util: 0.1%
00:39:13 | [POSITION STATS] Open: 3 | Unrealized: $-4.89 | Daily Loss: $0.00/100.00
00:39:13 | [ANALYSIS] Examining EUR/USD | Time: 02:00 | Bars: 100
00:39:13 | [ANALYSIS] Examining GBP/USD | Time: 02:00 | Bars: 100
00:39:13 | [ANALYSIS] GBP/USD | Price: 1.34338 | RSI: 42.4 | ADX: 44.4 | ML: UP(75%)
00:39:13 | [STRATEGY] Added synthetic ML BUY signal (conf: 0.75)
00:39:13 | [ANALYSIS] Examining USD/JPY | Time: 02:00 | Bars: 100
00:39:13 | [ANALYSIS] Examining AUD/USD | Time: 02:00 | Bars: 100
00:39:13 | [IDLE] Waiting for next market pulse...
00:39:23 | [36m[STATS][0m --- [CYCLE 625] ---
00:39:23 | [36m[STATS][0m Balance: 97965.06 | Equity: 97960.07 | Active: 3 | Margin: 97818.30 | Util: 0.1%
00:39:23 | [POSITION STATS] Open: 3 | Unrealized: $-4.99 | Daily Loss: $0.00/100.00
00:39:23 | [ANALYSIS] Examining EUR/USD | Time: 02:00 | Bars: 100
00:39:23 | [ANALYSIS] Examining GBP/USD | Time: 02:00 | Bars: 100
00:39:23 | [ANALYSIS] GBP/USD | Price: 1.34326 | RSI: 41.8 | ADX: 44.4 | ML: UP(75%)
00:39:23 | [STRATEGY] Added synthetic ML BUY signal (conf: 0.75)
00:39:23 | [ANALYSIS] Examining USD/JPY | Time: 02:00 | Bars: 100
00:39:23 | [ANALYSIS] Examining AUD/USD | Time: 02:00 | Bars: 100
00:39:23 | [SUMMARY] Risk: operational | Positions: 3 | Daily Trades: 1/5 | Exits: 1 (Market: 0, Admin: 1)
00:39:23 | [IDLE] Waiting for next market pulse...
00:39:33 | [36m[STATS][0m --- [CYCLE 626] ---
00:39:33 | [36m[STATS][0m Balance: 97965.06 | Equity: 97959.87 | Active: 3 | Margin: 97818.10 | Util: 0.1%
00:39:33 | [POSITION STATS] Open: 3 | Unrealized: $-5.19 | Daily Loss: $0.00/100.00
00:39:33 | [ANALYSIS] Examining EUR/USD | Time: 02:00 | Bars: 100
00:39:33 | [ANALYSIS] Examining GBP/USD | Time: 02:00 | Bars: 100
00:39:34 | [ANALYSIS] GBP/USD | Price: 1.34335 | RSI: 42.2 | ADX: 44.4 | ML: UP(75%)
00:39:34 | [STRATEGY] Added synthetic ML BUY signal (conf: 0.75)
00:39:34 | [ANALYSIS] Examining USD/JPY | Time: 02:00 | Bars: 100
00:39:34 | [ANALYSIS] Examining AUD/USD | Time: 02:00 | Bars: 100
00:39:34 | [IDLE] Waiting for next market pulse...
00:39:44 | [36m[STATS][0m --- [CYCLE 627] ---
00:39:44 | [36m[STATS][0m Balance: 97965.06 | Equity: 97959.79 | Active: 3 | Margin: 97818.02 | Util: 0.1%
00:39:44 | [POSITION STATS] Open: 3 | Unrealized: $-5.27 | Daily Loss: $0.00/100.00
00:39:44 | [ANALYSIS] Examining EUR/USD | Time: 02:00 | Bars: 100
00:39:44 | [ANALYSIS] Examining GBP/USD | Time: 02:00 | Bars: 100
00:39:44 | [ANALYSIS] GBP/USD | Price: 1.34335 | RSI: 42.2 | ADX: 44.4 | ML: UP(75%)
00:39:44 | [STRATEGY] Added synthetic ML BUY signal (conf: 0.75)
00:39:44 | [ANALYSIS] Examining USD/JPY | Time: 02:00 | Bars: 100
00:39:44 | [ANALYSIS] Examining AUD/USD | Time: 02:00 | Bars: 100
00:39:44 | [IDLE] Waiting for next market pulse...
00:39:54 | [36m[STATS][0m --- [CYCLE 628] ---
00:39:54 | [36m[STATS][0m Balance: 97965.06 | Equity: 97959.97 | Active: 3 | Margin: 97818.20 | Util: 0.1%
00:39:54 | [POSITION STATS] Open: 3 | Unrealized: $-5.09 | Daily Loss: $0.00/100.00
00:39:54 | [ANALYSIS] Examining EUR/USD | Time: 02:00 | Bars: 100
00:39:54 | [ANALYSIS] Examining GBP/USD | Time: 02:00 | Bars: 100
00:39:54 | [ANALYSIS] GBP/USD | Price: 1.34335 | RSI: 42.2 | ADX: 44.4 | ML: UP(75%)
00:39:54 | [STRATEGY] Added synthetic ML BUY signal (conf: 0.75)
00:39:54 | [ANALYSIS] Examining USD/JPY | Time: 02:00 | Bars: 100
00:39:54 | [ANALYSIS] Examining AUD/USD | Time: 02:00 | Bars: 100
00:39:54 | [IDLE] Waiting for next market pulse...
00:40:05 | [36m[STATS][0m --- [CYCLE 629] ---
00:40:05 | [36m[STATS][0m Balance: 97965.06 | Equity: 97959.66 | Active: 3 | Margin: 97817.89 | Util: 0.1%
00:40:05 | [POSITION STATS] Open: 3 | Unrealized: $-5.40 | Daily Loss: $0.00/100.00
00:40:05 | [ANALYSIS] Examining EUR/USD | Time: 02:00 | Bars: 100
00:40:05 | [ANALYSIS] Examining GBP/USD | Time: 02:00 | Bars: 100
00:40:05 | [ANALYSIS] GBP/USD | Price: 1.34331 | RSI: 42.0 | ADX: 44.4 | ML: UP(75%)
00:40:05 | [STRATEGY] Added synthetic ML BUY signal (conf: 0.75)
00:40:05 | [ANALYSIS] Examining USD/JPY | Time: 02:00 | Bars: 100
00:40:05 | [ANALYSIS] Examining AUD/USD | Time: 02:00 | Bars: 100
00:40:05 | [IDLE] Waiting for next market pulse...
00:40:15 | [36m[STATS][0m --- [CYCLE 630] ---
00:40:15 | [36m[STATS][0m Balance: 97965.06 | Equity: 97959.79 | Active: 3 | Margin: 97818.02 | Util: 0.1%
00:40:15 | [POSITION STATS] Open: 3 | Unrealized: $-5.27 | Daily Loss: $0.00/100.00
00:40:15 | [ANALYSIS] Examining EUR/USD | Time: 02:00 | Bars: 100
00:40:15 | [ANALYSIS] Examining GBP/USD | Time: 02:00 | Bars: 100
00:40:15 | [ANALYSIS] GBP/USD | Price: 1.34334 | RSI: 42.2 | ADX: 44.4 | ML: UP(75%)
00:40:15 | [STRATEGY] Added synthetic ML BUY signal (conf: 0.75)
00:40:15 | [ANALYSIS] Examining USD/JPY | Time: 02:00 | Bars: 100
00:40:15 | [ANALYSIS] Examining AUD/USD | Time: 02:00 | Bars: 100
00:40:15 | [SUMMARY] Risk: operational | Positions: 3 | Daily Trades: 1/5 | Exits: 1 (Market: 0, Admin: 1)
00:40:15 | [IDLE] Waiting for next market pulse...
00:40:25 | [36m[STATS][0m --- [CYCLE 631] ---
00:40:25 | [36m[STATS][0m Balance: 97965.06 | Equity: 97959.67 | Active: 3 | Margin: 97817.90 | Util: 0.1%
00:40:25 | [POSITION STATS] Open: 3 | Unrealized: $-5.39 | Daily Loss: $0.00/100.00
00:40:25 | [ANALYSIS] Examining EUR/USD | Time: 02:00 | Bars: 100
00:40:25 | [ANALYSIS] Examining GBP/USD | Time: 02:00 | Bars: 100
00:40:26 | [ANALYSIS] GBP/USD | Price: 1.34333 | RSI: 42.1 | ADX: 44.4 | ML: UP(75%)
00:40:26 | [STRATEGY] Added synthetic ML BUY signal (conf: 0.75)
00:40:26 | [ANALYSIS] Examining USD/JPY | Time: 02:00 | Bars: 100
00:40:26 | [ANALYSIS] Examining AUD/USD | Time: 02:00 | Bars: 100
00:40:26 | [IDLE] Waiting for next market pulse...
00:40:36 | [36m[STATS][0m --- [CYCLE 632] ---
00:40:36 | [36m[STATS][0m Balance: 97965.06 | Equity: 97959.67 | Active: 3 | Margin: 97817.90 | Util: 0.1%
00:40:36 | [POSITION STATS] Open: 3 | Unrealized: $-5.39 | Daily Loss: $0.00/100.00
00:40:36 | [ANALYSIS] Examining EUR/USD | Time: 02:00 | Bars: 100
00:40:36 | [ANALYSIS] Examining GBP/USD | Time: 02:00 | Bars: 100
00:40:36 | [ANALYSIS] GBP/USD | Price: 1.34333 | RSI: 42.1 | ADX: 44.4 | ML: UP(75%)
00:40:36 | [STRATEGY] Added synthetic ML BUY signal (conf: 0.75)
00:40:36 | [ANALYSIS] Examining USD/JPY | Time: 02:00 | Bars: 100
00:40:36 | [ANALYSIS] Examining AUD/USD | Time: 02:00 | Bars: 100
00:40:36 | [IDLE] Waiting for next market pulse...
00:40:46 | [36m[STATS][0m --- [CYCLE 633] ---
00:40:46 | [36m[STATS][0m Balance: 97965.06 | Equity: 97959.69 | Active: 3 | Margin: 97817.92 | Util: 0.1%
00:40:46 | [POSITION STATS] Open: 3 | Unrealized: $-5.37 | Daily Loss: $0.00/100.00
00:40:46 | [ANALYSIS] Examining EUR/USD | Time: 02:00 | Bars: 100
00:40:46 | [ANALYSIS] Examining GBP/USD | Time: 02:00 | Bars: 100
00:40:46 | [ANALYSIS] GBP/USD | Price: 1.34335 | RSI: 42.2 | ADX: 44.4 | ML: UP(75%)
00:40:46 | [STRATEGY] Added synthetic ML BUY signal (conf: 0.75)
00:40:46 | [ANALYSIS] Examining USD/JPY | Time: 02:00 | Bars: 100
00:40:46 | [ANALYSIS] Examining AUD/USD | Time: 02:00 | Bars: 100
00:40:46 | [IDLE] Waiting for next market pulse...
00:40:56 | [36m[STATS][0m --- [CYCLE 634] ---
00:40:57 | [36m[STATS][0m Balance: 97965.06 | Equity: 97959.35 | Active: 3 | Margin: 97817.58 | Util: 0.1%
00:40:57 | [POSITION STATS] Open: 3 | Unrealized: $-5.71 | Daily Loss: $0.00/100.00
00:40:57 | [ANALYSIS] Examining EUR/USD | Time: 02:00 | Bars: 100
00:40:57 | [ANALYSIS] Examining GBP/USD | Time: 02:00 | Bars: 100
00:40:57 | [ANALYSIS] GBP/USD | Price: 1.34329 | RSI: 41.9 | ADX: 44.4 | ML: UP(75%)
00:40:57 | [STRATEGY] Added synthetic ML BUY signal (conf: 0.75)
00:40:57 | [ANALYSIS] Examining USD/JPY | Time: 02:00 | Bars: 100
00:40:57 | [ANALYSIS] Examining AUD/USD | Time: 02:00 | Bars: 100
00:40:57 | [IDLE] Waiting for next market pulse...
00:41:07 | [36m[STATS][0m --- [CYCLE 635] ---
00:41:07 | [36m[STATS][0m Balance: 97965.06 | Equity: 97958.89 | Active: 3 | Margin: 97817.12 | Util: 0.1%
00:41:07 | [POSITION STATS] Open: 3 | Unrealized: $-6.17 | Daily Loss: $0.00/100.00
00:41:07 | [ANALYSIS] Examining EUR/USD | Time: 02:00 | Bars: 100
00:41:07 | [ANALYSIS] Examining GBP/USD | Time: 02:00 | Bars: 100
00:41:07 | [ANALYSIS] GBP/USD | Price: 1.34330 | RSI: 42.0 | ADX: 44.4 | ML: UP(75%)
00:41:07 | [STRATEGY] Added synthetic ML BUY signal (conf: 0.75)
00:41:07 | [ANALYSIS] Examining USD/JPY | Time: 02:00 | Bars: 100
00:41:07 | [ANALYSIS] Examining AUD/USD | Time: 02:00 | Bars: 100
00:41:07 | [SUMMARY] Risk: operational | Positions: 3 | Daily Trades: 1/5 | Exits: 1 (Market: 0, Admin: 1)
00:41:07 | [IDLE] Waiting for next market pulse...
00:41:17 | [36m[STATS][0m --- [CYCLE 636] ---
00:41:17 | [36m[STATS][0m Balance: 97965.06 | Equity: 97958.77 | Active: 3 | Margin: 97817.00 | Util: 0.1%
00:41:17 | [POSITION STATS] Open: 3 | Unrealized: $-6.29 | Daily Loss: $0.00/100.00
00:41:17 | [ANALYSIS] Examining EUR/USD | Time: 02:00 | Bars: 100
00:41:17 | [ANALYSIS] Examining GBP/USD | Time: 02:00 | Bars: 100
00:41:17 | [ANALYSIS] GBP/USD | Price: 1.34327 | RSI: 41.8 | ADX: 44.4 | ML: UP(75%)
00:41:17 | [STRATEGY] Added synthetic ML BUY signal (conf: 0.75)
00:41:17 | [ANALYSIS] Examining USD/JPY | Time: 02:00 | Bars: 100
00:41:17 | [ANALYSIS] Examining AUD/USD | Time: 02:00 | Bars: 100
00:41:17 | [IDLE] Waiting for next market pulse...
00:41:28 | [36m[STATS][0m --- [CYCLE 637] ---
00:41:28 | [36m[STATS][0m Balance: 97965.06 | Equity: 97958.82 | Active: 3 | Margin: 97817.05 | Util: 0.1%
00:41:28 | [POSITION STATS] Open: 3 | Unrealized: $-6.24 | Daily Loss: $0.00/100.00
00:41:28 | [ANALYSIS] Examining EUR/USD | Time: 02:00 | Bars: 100
00:41:28 | [ANALYSIS] Examining GBP/USD | Time: 02:00 | Bars: 100
00:41:28 | [ANALYSIS] GBP/USD | Price: 1.34326 | RSI: 41.8 | ADX: 44.4 | ML: UP(75%)
00:41:28 | [STRATEGY] Added synthetic ML BUY signal (conf: 0.75)
00:41:28 | [ANALYSIS] Examining USD/JPY | Time: 02:00 | Bars: 100
00:41:28 | [ANALYSIS] Examining AUD/USD | Time: 02:00 | Bars: 100
00:41:28 | [IDLE] Waiting for next market pulse...
00:41:38 | [36m[STATS][0m --- [CYCLE 638] ---
00:41:38 | [36m[STATS][0m Balance: 97965.06 | Equity: 97958.82 | Active: 3 | Margin: 97817.05 | Util: 0.1%
00:41:38 | [POSITION STATS] Open: 3 | Unrealized: $-6.24 | Daily Loss: $0.00/100.00
00:41:38 | [ANALYSIS] Examining EUR/USD | Time: 02:00 | Bars: 100
00:41:38 | [ANALYSIS] Examining GBP/USD | Time: 02:00 | Bars: 100
00:41:38 | [ANALYSIS] GBP/USD | Price: 1.34327 | RSI: 41.8 | ADX: 44.4 | ML: UP(75%)
00:41:38 | [STRATEGY] Added synthetic ML BUY signal (conf: 0.75)
00:41:38 | [ANALYSIS] Examining USD/JPY | Time: 02:00 | Bars: 100
00:41:38 | [ANALYSIS] Examining AUD/USD | Time: 02:00 | Bars: 100
00:41:38 | [IDLE] Waiting for next market pulse...
00:41:48 | [36m[STATS][0m --- [CYCLE 639] ---
00:41:48 | [36m[STATS][0m Balance: 97965.06 | Equity: 97958.74 | Active: 3 | Margin: 97816.97 | Util: 0.1%
00:41:48 | [POSITION STATS] Open: 3 | Unrealized: $-6.32 | Daily Loss: $0.00/100.00
00:41:48 | [ANALYSIS] Examining EUR/USD | Time: 02:00 | Bars: 100
00:41:48 | [ANALYSIS] Examining GBP/USD | Time: 02:00 | Bars: 100
00:41:48 | [ANALYSIS] GBP/USD | Price: 1.34327 | RSI: 41.8 | ADX: 44.4 | ML: UP(75%)
00:41:48 | [STRATEGY] Added synthetic ML BUY signal (conf: 0.75)
00:41:48 | [ANALYSIS] Examining USD/JPY | Time: 02:00 | Bars: 100
00:41:48 | [ANALYSIS] Examining AUD/USD | Time: 02:00 | Bars: 100
00:41:48 | [IDLE] Waiting for next market pulse...
00:41:59 | [36m[STATS][0m --- [CYCLE 640] ---
00:41:59 | [36m[STATS][0m Balance: 97965.06 | Equity: 97958.96 | Active: 3 | Margin: 97817.19 | Util: 0.1%
00:41:59 | [POSITION STATS] Open: 3 | Unrealized: $-6.10 | Daily Loss: $0.00/100.00
00:41:59 | [ANALYSIS] Examining EUR/USD | Time: 02:00 | Bars: 100
00:41:59 | [ANALYSIS] Examining GBP/USD | Time: 02:00 | Bars: 100
00:41:59 | [ANALYSIS] GBP/USD | Price: 1.34328 | RSI: 41.9 | ADX: 44.4 | ML: UP(75%)
00:41:59 | [STRATEGY] Added synthetic ML BUY signal (conf: 0.75)
00:41:59 | [ANALYSIS] Examining USD/JPY | Time: 02:00 | Bars: 100
00:41:59 | [ANALYSIS] Examining AUD/USD | Time: 02:00 | Bars: 100
00:41:59 | [SUMMARY] Risk: operational | Positions: 3 | Daily Trades: 1/5 | Exits: 1 (Market: 0, Admin: 1)
00:41:59 | [IDLE] Waiting for next market pulse...
00:42:09 | [36m[STATS][0m --- [CYCLE 641] ---
00:42:09 | [36m[STATS][0m Balance: 97965.06 | Equity: 97958.71 | Active: 3 | Margin: 97816.94 | Util: 0.1%
00:42:09 | [POSITION STATS] Open: 3 | Unrealized: $-6.35 | Daily Loss: $0.00/100.00
00:42:09 | [ANALYSIS] Examining EUR/USD | Time: 02:00 | Bars: 100
00:42:09 | [ANALYSIS] Examining GBP/USD | Time: 02:00 | Bars: 100
00:42:09 | [ANALYSIS] GBP/USD | Price: 1.34326 | RSI: 41.8 | ADX: 44.4 | ML: UP(75%)
00:42:09 | [STRATEGY] Added synthetic ML BUY signal (conf: 0.75)
00:42:09 | [ANALYSIS] Examining USD/JPY | Time: 02:00 | Bars: 100
00:42:09 | [ANALYSIS] Examining AUD/USD | Time: 02:00 | Bars: 100
00:42:09 | [IDLE] Waiting for next market pulse...
00:42:19 | [36m[STATS][0m --- [CYCLE 642] ---
00:42:19 | [36m[STATS][0m Balance: 97965.06 | Equity: 97958.76 | Active: 3 | Margin: 97816.99 | Util: 0.1%
00:42:19 | [POSITION STATS] Open: 3 | Unrealized: $-6.30 | Daily Loss: $0.00/100.00
00:42:19 | [ANALYSIS] Examining EUR/USD | Time: 02:00 | Bars: 100
00:42:19 | [ANALYSIS] Examining GBP/USD | Time: 02:00 | Bars: 100
00:42:19 | [ANALYSIS] GBP/USD | Price: 1.34327 | RSI: 41.8 | ADX: 44.4 | ML: UP(75%)
00:42:19 | [STRATEGY] Added synthetic ML BUY signal (conf: 0.75)
00:42:19 | [ANALYSIS] Examining USD/JPY | Time: 02:00 | Bars: 100
00:42:19 | [ANALYSIS] Examining AUD/USD | Time: 02:00 | Bars: 100
00:42:19 | [IDLE] Waiting for next market pulse...
00:42:30 | [36m[STATS][0m --- [CYCLE 643] ---
00:42:30 | [36m[STATS][0m Balance: 97965.06 | Equity: 97958.66 | Active: 3 | Margin: 97816.89 | Util: 0.1%
00:42:30 | [POSITION STATS] Open: 3 | Unrealized: $-6.40 | Daily Loss: $0.00/100.00
00:42:30 | [ANALYSIS] Examining EUR/USD | Time: 02:00 | Bars: 100
00:42:30 | [ANALYSIS] Examining GBP/USD | Time: 02:00 | Bars: 100
00:42:30 | [ANALYSIS] GBP/USD | Price: 1.34327 | RSI: 41.8 | ADX: 44.4 | ML: UP(75%)
00:42:30 | [STRATEGY] Added synthetic ML BUY signal (conf: 0.75)
00:42:30 | [ANALYSIS] Examining USD/JPY | Time: 02:00 | Bars: 100
00:42:30 | [ANALYSIS] Examining AUD/USD | Time: 02:00 | Bars: 100
00:42:30 | [IDLE] Waiting for next market pulse...
00:42:40 | [36m[STATS][0m --- [CYCLE 644] ---
00:42:40 | [36m[STATS][0m Balance: 97965.06 | Equity: 97958.69 | Active: 3 | Margin: 97816.92 | Util: 0.1%
00:42:40 | [POSITION STATS] Open: 3 | Unrealized: $-6.37 | Daily Loss: $0.00/100.00
00:42:40 | [ANALYSIS] Examining EUR/USD | Time: 02:00 | Bars: 100
00:42:40 | [ANALYSIS] Examining GBP/USD | Time: 02:00 | Bars: 100
00:42:40 | [ANALYSIS] GBP/USD | Price: 1.34327 | RSI: 41.8 | ADX: 44.4 | ML: UP(75%)
00:42:40 | [STRATEGY] Added synthetic ML BUY signal (conf: 0.75)
00:42:40 | [ANALYSIS] Examining USD/JPY | Time: 02:00 | Bars: 100
00:42:40 | [ANALYSIS] Examining AUD/USD | Time: 02:00 | Bars: 100
00:42:40 | [IDLE] Waiting for next market pulse...
00:42:50 | [36m[STATS][0m --- [CYCLE 645] ---
00:42:50 | [36m[STATS][0m Balance: 97965.06 | Equity: 97959.09 | Active: 3 | Margin: 97817.32 | Util: 0.1%
00:42:50 | [POSITION STATS] Open: 3 | Unrealized: $-5.97 | Daily Loss: $0.00/100.00
00:42:50 | [ANALYSIS] Examining EUR/USD | Time: 02:00 | Bars: 100
00:42:50 | [ANALYSIS] Examining GBP/USD | Time: 02:00 | Bars: 100
00:42:50 | [ANALYSIS] GBP/USD | Price: 1.34330 | RSI: 42.0 | ADX: 44.4 | ML: UP(75%)
00:42:50 | [STRATEGY] Added synthetic ML BUY signal (conf: 0.75)
00:42:50 | [ANALYSIS] Examining USD/JPY | Time: 02:00 | Bars: 100
00:42:50 | [ANALYSIS] Examining AUD/USD | Time: 02:00 | Bars: 100
00:42:50 | [SUMMARY] Risk: operational | Positions: 3 | Daily Trades: 1/5 | Exits: 1 (Market: 0, Admin: 1)
00:42:50 | [IDLE] Waiting for next market pulse...
00:43:01 | [36m[STATS][0m --- [CYCLE 646] ---
00:43:01 | [36m[STATS][0m Balance: 97965.06 | Equity: 97959.21 | Active: 3 | Margin: 97817.44 | Util: 0.1%
00:43:01 | [POSITION STATS] Open: 3 | Unrealized: $-5.85 | Daily Loss: $0.00/100.00
00:43:01 | [ANALYSIS] Examining EUR/USD | Time: 02:00 | Bars: 100
00:43:01 | [ANALYSIS] Examining GBP/USD | Time: 02:00 | Bars: 100
00:43:01 | [ANALYSIS] GBP/USD | Price: 1.34329 | RSI: 41.9 | ADX: 44.4 | ML: UP(75%)
00:43:01 | [STRATEGY] Added synthetic ML BUY signal (conf: 0.75)
00:43:01 | [ANALYSIS] Examining USD/JPY | Time: 02:00 | Bars: 100
00:43:01 | [ANALYSIS] Examining AUD/USD | Time: 02:00 | Bars: 100
00:43:01 | [IDLE] Waiting for next market pulse...
00:43:11 | [36m[STATS][0m --- [CYCLE 647] ---
00:43:11 | [36m[STATS][0m Balance: 97965.06 | Equity: 97959.24 | Active: 3 | Margin: 97817.47 | Util: 0.1%
00:43:11 | [POSITION STATS] Open: 3 | Unrealized: $-5.82 | Daily Loss: $0.00/100.00
00:43:11 | [ANALYSIS] Examining EUR/USD | Time: 02:00 | Bars: 100
00:43:11 | [ANALYSIS] Examining GBP/USD | Time: 02:00 | Bars: 100
00:43:11 | [ANALYSIS] GBP/USD | Price: 1.34330 | RSI: 42.0 | ADX: 44.4 | ML: UP(75%)
00:43:11 | [STRATEGY] Added synthetic ML BUY signal (conf: 0.75)
00:43:11 | [ANALYSIS] Examining USD/JPY | Time: 02:00 | Bars: 100
00:43:11 | [ANALYSIS] Examining AUD/USD | Time: 02:00 | Bars: 100
00:43:11 | [IDLE] Waiting for next market pulse...
00:43:21 | [36m[STATS][0m --- [CYCLE 648] ---
00:43:21 | [36m[STATS][0m Balance: 97965.06 | Equity: 97960.01 | Active: 3 | Margin: 97818.24 | Util: 0.1%
00:43:21 | [POSITION STATS] Open: 3 | Unrealized: $-5.05 | Daily Loss: $0.00/100.00
00:43:21 | [ANALYSIS] Examining EUR/USD | Time: 02:00 | Bars: 100
00:43:21 | [ANALYSIS] Examining GBP/USD | Time: 02:00 | Bars: 100
00:43:21 | [ANALYSIS] GBP/USD | Price: 1.34338 | RSI: 42.4 | ADX: 44.4 | ML: UP(75%)
00:43:21 | [STRATEGY] Added synthetic ML BUY signal (conf: 0.75)
00:43:21 | [ANALYSIS] Examining USD/JPY | Time: 02:00 | Bars: 100
00:43:21 | [ANALYSIS] Examining AUD/USD | Time: 02:00 | Bars: 100
00:43:21 | [IDLE] Waiting for next market pulse...
00:43:32 | [36m[STATS][0m --- [CYCLE 649] ---
00:43:32 | [36m[STATS][0m Balance: 97965.06 | Equity: 97960.01 | Active: 3 | Margin: 97818.24 | Util: 0.1%
00:43:32 | [POSITION STATS] Open: 3 | Unrealized: $-5.05 | Daily Loss: $0.00/100.00
00:43:32 | [ANALYSIS] Examining EUR/USD | Time: 02:00 | Bars: 100
00:43:32 | [ANALYSIS] Examining GBP/USD | Time: 02:00 | Bars: 100
00:43:32 | [ANALYSIS] GBP/USD | Price: 1.34338 | RSI: 42.4 | ADX: 44.4 | ML: UP(75%)
00:43:32 | [STRATEGY] Added synthetic ML BUY signal (conf: 0.75)
00:43:32 | [ANALYSIS] Examining USD/JPY | Time: 02:00 | Bars: 100
00:43:32 | [ANALYSIS] Examining AUD/USD | Time: 02:00 | Bars: 100
00:43:32 | [IDLE] Waiting for next market pulse...
00:43:42 | [36m[STATS][0m --- [CYCLE 650] ---
00:43:42 | [36m[STATS][0m Balance: 97965.06 | Equity: 97960.09 | Active: 3 | Margin: 97818.32 | Util: 0.1%
00:43:42 | [POSITION STATS] Open: 3 | Unrealized: $-4.97 | Daily Loss: $0.00/100.00
00:43:42 | [ANALYSIS] Examining EUR/USD | Time: 02:00 | Bars: 100
00:43:42 | [ANALYSIS] Examining GBP/USD | Time: 02:00 | Bars: 100
00:43:42 | [ANALYSIS] GBP/USD | Price: 1.34338 | RSI: 42.4 | ADX: 44.4 | ML: UP(75%)
00:43:42 | [STRATEGY] Added synthetic ML BUY signal (conf: 0.75)
00:43:42 | [ANALYSIS] Examining USD/JPY | Time: 02:00 | Bars: 100
00:43:42 | [ANALYSIS] Examining AUD/USD | Time: 02:00 | Bars: 100
00:43:42 | [SUMMARY] Risk: operational | Positions: 3 | Daily Trades: 1/5 | Exits: 1 (Market: 0, Admin: 1)
00:43:42 | [IDLE] Waiting for next market pulse...
00:43:52 | [36m[STATS][0m --- [CYCLE 651] ---
00:43:52 | [36m[STATS][0m Balance: 97965.06 | Equity: 97960.04 | Active: 3 | Margin: 97818.27 | Util: 0.1%
00:43:52 | [POSITION STATS] Open: 3 | Unrealized: $-5.02 | Daily Loss: $0.00/100.00
00:43:52 | [ANALYSIS] Examining EUR/USD | Time: 02:00 | Bars: 100
00:43:52 | [ANALYSIS] Examining GBP/USD | Time: 02:00 | Bars: 100
00:43:52 | [ANALYSIS] GBP/USD | Price: 1.34337 | RSI: 42.3 | ADX: 44.4 | ML: UP(75%)
00:43:52 | [STRATEGY] Added synthetic ML BUY signal (conf: 0.75)
00:43:52 | [ANALYSIS] Examining USD/JPY | Time: 02:00 | Bars: 100
00:43:52 | [ANALYSIS] Examining AUD/USD | Time: 02:00 | Bars: 100
00:43:52 | [IDLE] Waiting for next market pulse...
00:44:03 | [36m[STATS][0m --- [CYCLE 652] ---
00:44:03 | [36m[STATS][0m Balance: 97965.06 | Equity: 97959.96 | Active: 3 | Margin: 97818.19 | Util: 0.1%
00:44:03 | [POSITION STATS] Open: 3 | Unrealized: $-5.10 | Daily Loss: $0.00/100.00
00:44:03 | [ANALYSIS] Examining EUR/USD | Time: 02:00 | Bars: 100
00:44:03 | [ANALYSIS] Examining GBP/USD | Time: 02:00 | Bars: 100
00:44:03 | [ANALYSIS] GBP/USD | Price: 1.34337 | RSI: 42.3 | ADX: 44.4 | ML: UP(75%)
00:44:03 | [STRATEGY] Added synthetic ML BUY signal (conf: 0.75)
00:44:03 | [ANALYSIS] Examining USD/JPY | Time: 02:00 | Bars: 100
00:44:03 | [ANALYSIS] Examining AUD/USD | Time: 02:00 | Bars: 100
00:44:03 | [IDLE] Waiting for next market pulse...
00:44:13 | [36m[STATS][0m --- [CYCLE 653] ---
00:44:13 | [36m[STATS][0m Balance: 97965.06 | Equity: 97959.58 | Active: 3 | Margin: 97817.81 | Util: 0.1%
00:44:13 | [POSITION STATS] Open: 3 | Unrealized: $-5.48 | Daily Loss: $0.00/100.00
00:44:13 | [ANALYSIS] Examining EUR/USD | Time: 02:00 | Bars: 100
00:44:13 | [ANALYSIS] Examining GBP/USD | Time: 02:00 | Bars: 100
00:44:13 | [ANALYSIS] GBP/USD | Price: 1.34336 | RSI: 42.3 | ADX: 44.4 | ML: UP(75%)
00:44:13 | [STRATEGY] Added synthetic ML BUY signal (conf: 0.75)
00:44:13 | [ANALYSIS] Examining USD/JPY | Time: 02:00 | Bars: 100
00:44:13 | [ANALYSIS] Examining AUD/USD | Time: 02:00 | Bars: 100
00:44:13 | [IDLE] Waiting for next market pulse...
00:44:23 | [36m[STATS][0m --- [CYCLE 654] ---
00:44:23 | [36m[STATS][0m Balance: 97965.06 | Equity: 97959.47 | Active: 3 | Margin: 97817.70 | Util: 0.1%
00:44:23 | [POSITION STATS] Open: 3 | Unrealized: $-5.59 | Daily Loss: $0.00/100.00
00:44:23 | [ANALYSIS] Examining EUR/USD | Time: 02:00 | Bars: 100
00:44:23 | [ANALYSIS] Examining GBP/USD | Time: 02:00 | Bars: 100
00:44:23 | [ANALYSIS] GBP/USD | Price: 1.34335 | RSI: 42.2 | ADX: 44.4 | ML: UP(75%)
00:44:23 | [STRATEGY] Added synthetic ML BUY signal (conf: 0.75)
00:44:23 | [ANALYSIS] Examining USD/JPY | Time: 02:00 | Bars: 100
00:44:23 | [ANALYSIS] Examining AUD/USD | Time: 02:00 | Bars: 100
00:44:23 | [IDLE] Waiting for next market pulse...
00:44:34 | [36m[STATS][0m --- [CYCLE 655] ---
00:44:34 | [36m[STATS][0m Balance: 97965.06 | Equity: 97959.49 | Active: 3 | Margin: 97817.72 | Util: 0.1%
00:44:34 | [POSITION STATS] Open: 3 | Unrealized: $-5.57 | Daily Loss: $0.00/100.00
00:44:34 | [ANALYSIS] Examining EUR/USD | Time: 02:00 | Bars: 100
00:44:34 | [ANALYSIS] Examining GBP/USD | Time: 02:00 | Bars: 100
00:44:34 | [ANALYSIS] GBP/USD | Price: 1.34336 | RSI: 42.3 | ADX: 44.4 | ML: UP(75%)
00:44:34 | [STRATEGY] Added synthetic ML BUY signal (conf: 0.75)
00:44:34 | [ANALYSIS] Examining USD/JPY | Time: 02:00 | Bars: 100
00:44:34 | [ANALYSIS] Examining AUD/USD | Time: 02:00 | Bars: 100
00:44:34 | [SUMMARY] Risk: operational | Positions: 3 | Daily Trades: 1/5 | Exits: 1 (Market: 0, Admin: 1)
00:44:34 | [IDLE] Waiting for next market pulse...
00:44:44 | [36m[STATS][0m --- [CYCLE 656] ---
00:44:44 | [36m[STATS][0m Balance: 97965.06 | Equity: 97959.46 | Active: 3 | Margin: 97817.69 | Util: 0.1%
00:44:44 | [POSITION STATS] Open: 3 | Unrealized: $-5.60 | Daily Loss: $0.00/100.00
00:44:44 | [ANALYSIS] Examining EUR/USD | Time: 02:00 | Bars: 100
00:44:44 | [ANALYSIS] Examining GBP/USD | Time: 02:00 | Bars: 100
00:44:44 | [ANALYSIS] GBP/USD | Price: 1.34336 | RSI: 42.3 | ADX: 44.4 | ML: UP(75%)
00:44:44 | [STRATEGY] Added synthetic ML BUY signal (conf: 0.75)
00:44:44 | [ANALYSIS] Examining USD/JPY | Time: 02:00 | Bars: 100
00:44:44 | [ANALYSIS] Examining AUD/USD | Time: 02:00 | Bars: 100
00:44:44 | [IDLE] Waiting for next market pulse...
00:44:54 | [36m[STATS][0m --- [CYCLE 657] ---
00:44:54 | [36m[STATS][0m Balance: 97965.06 | Equity: 97959.57 | Active: 3 | Margin: 97817.80 | Util: 0.1%
00:44:54 | [POSITION STATS] Open: 3 | Unrealized: $-5.49 | Daily Loss: $0.00/100.00
00:44:54 | [ANALYSIS] Examining EUR/USD | Time: 02:00 | Bars: 100
00:44:54 | [ANALYSIS] Examining GBP/USD | Time: 02:00 | Bars: 100
00:44:54 | [ANALYSIS] GBP/USD | Price: 1.34331 | RSI: 42.0 | ADX: 44.4 | ML: UP(75%)
00:44:54 | [STRATEGY] Added synthetic ML BUY signal (conf: 0.75)
00:44:54 | [ANALYSIS] Examining USD/JPY | Time: 02:00 | Bars: 100
00:44:54 | [ANALYSIS] Examining AUD/USD | Time: 02:00 | Bars: 100
00:44:54 | [IDLE] Waiting for next market pulse...
00:45:05 | [36m[STATS][0m --- [CYCLE 658] ---
00:45:05 | [36m[STATS][0m Balance: 97965.06 | Equity: 97959.87 | Active: 3 | Margin: 97818.10 | Util: 0.1%
00:45:05 | [POSITION STATS] Open: 3 | Unrealized: $-5.19 | Daily Loss: $0.00/100.00
00:45:05 | [ANALYSIS] Examining EUR/USD | Time: 02:00 | Bars: 100
00:45:05 | [ANALYSIS] Examining GBP/USD | Time: 02:00 | Bars: 100
00:45:05 | [ANALYSIS] GBP/USD | Price: 1.34337 | RSI: 42.3 | ADX: 44.4 | ML: UP(75%)
00:45:05 | [STRATEGY] Added synthetic ML BUY signal (conf: 0.75)
00:45:05 | [ANALYSIS] Examining USD/JPY | Time: 02:00 | Bars: 100
00:45:05 | [ANALYSIS] Examining AUD/USD | Time: 02:00 | Bars: 100
00:45:05 | [IDLE] Waiting for next market pulse...
00:45:15 | [36m[STATS][0m --- [CYCLE 659] ---
00:45:15 | [36m[STATS][0m Balance: 97965.06 | Equity: 97959.69 | Active: 3 | Margin: 97817.92 | Util: 0.1%
00:45:15 | [POSITION STATS] Open: 3 | Unrealized: $-5.37 | Daily Loss: $0.00/100.00
00:45:15 | [ANALYSIS] Examining EUR/USD | Time: 02:00 | Bars: 100
00:45:15 | [ANALYSIS] Examining GBP/USD | Time: 02:00 | Bars: 100
00:45:15 | [ANALYSIS] GBP/USD | Price: 1.34332 | RSI: 42.1 | ADX: 44.4 | ML: UP(75%)
00:45:15 | [STRATEGY] Added synthetic ML BUY signal (conf: 0.75)
00:45:15 | [ANALYSIS] Examining USD/JPY | Time: 02:00 | Bars: 100
00:45:15 | [ANALYSIS] Examining AUD/USD | Time: 02:00 | Bars: 100
00:45:15 | [IDLE] Waiting for next market pulse...
00:45:25 | [36m[STATS][0m --- [CYCLE 660] ---
00:45:25 | [36m[STATS][0m Balance: 97965.06 | Equity: 97959.26 | Active: 3 | Margin: 97817.49 | Util: 0.1%
00:45:25 | [POSITION STATS] Open: 3 | Unrealized: $-5.80 | Daily Loss: $0.00/100.00
00:45:25 | [ANALYSIS] Examining EUR/USD | Time: 02:00 | Bars: 100
00:45:25 | [ANALYSIS] Examining GBP/USD | Time: 02:00 | Bars: 100
00:45:25 | [ANALYSIS] GBP/USD | Price: 1.34328 | RSI: 41.9 | ADX: 44.4 | ML: UP(75%)
00:45:25 | [STRATEGY] Added synthetic ML BUY signal (conf: 0.75)
00:45:25 | [ANALYSIS] Examining USD/JPY | Time: 02:00 | Bars: 100
00:45:25 | [ANALYSIS] Examining AUD/USD | Time: 02:00 | Bars: 100
00:45:25 | [SUMMARY] Risk: operational | Positions: 3 | Daily Trades: 1/5 | Exits: 1 (Market: 0, Admin: 1)
00:45:25 | [IDLE] Waiting for next market pulse...
00:45:36 | [36m[STATS][0m --- [CYCLE 661] ---
00:45:36 | [36m[STATS][0m Balance: 97965.06 | Equity: 97959.23 | Active: 3 | Margin: 97817.46 | Util: 0.1%
00:45:36 | [POSITION STATS] Open: 3 | Unrealized: $-5.83 | Daily Loss: $0.00/100.00
00:45:36 | [ANALYSIS] Examining EUR/USD | Time: 02:00 | Bars: 100
00:45:36 | [ANALYSIS] Examining GBP/USD | Time: 02:00 | Bars: 100
00:45:36 | [ANALYSIS] GBP/USD | Price: 1.34328 | RSI: 41.9 | ADX: 44.4 | ML: UP(75%)
00:45:36 | [STRATEGY] Added synthetic ML BUY signal (conf: 0.75)
00:45:36 | [ANALYSIS] Examining USD/JPY | Time: 02:00 | Bars: 100
00:45:36 | [ANALYSIS] Examining AUD/USD | Time: 02:00 | Bars: 100
00:45:36 | [IDLE] Waiting for next market pulse...
00:45:46 | [36m[STATS][0m --- [CYCLE 662] ---
00:45:46 | [36m[STATS][0m Balance: 97965.06 | Equity: 97959.11 | Active: 3 | Margin: 97817.34 | Util: 0.1%
00:45:46 | [POSITION STATS] Open: 3 | Unrealized: $-5.95 | Daily Loss: $0.00/100.00
00:45:46 | [ANALYSIS] Examining EUR/USD | Time: 02:00 | Bars: 100
00:45:46 | [ANALYSIS] Examining GBP/USD | Time: 02:00 | Bars: 100
00:45:46 | [ANALYSIS] GBP/USD | Price: 1.34327 | RSI: 41.8 | ADX: 44.4 | ML: UP(75%)
00:45:46 | [STRATEGY] Added synthetic ML BUY signal (conf: 0.75)
00:45:46 | [ANALYSIS] Examining USD/JPY | Time: 02:00 | Bars: 100
00:45:46 | [ANALYSIS] Examining AUD/USD | Time: 02:00 | Bars: 100
00:45:46 | [IDLE] Waiting for next market pulse...
00:45:56 | [36m[STATS][0m --- [CYCLE 663] ---
00:45:56 | [36m[STATS][0m Balance: 97965.06 | Equity: 97959.07 | Active: 3 | Margin: 97817.30 | Util: 0.1%
00:45:56 | [POSITION STATS] Open: 3 | Unrealized: $-5.99 | Daily Loss: $0.00/100.00
00:45:56 | [ANALYSIS] Examining EUR/USD | Time: 02:00 | Bars: 100
00:45:56 | [ANALYSIS] Examining GBP/USD | Time: 02:00 | Bars: 100
00:45:56 | [ANALYSIS] GBP/USD | Price: 1.34327 | RSI: 41.8 | ADX: 44.4 | ML: UP(75%)
00:45:56 | [STRATEGY] Added synthetic ML BUY signal (conf: 0.75)
00:45:56 | [ANALYSIS] Examining USD/JPY | Time: 02:00 | Bars: 100
00:45:56 | [ANALYSIS] Examining AUD/USD | Time: 02:00 | Bars: 100
00:45:56 | [IDLE] Waiting for next market pulse...
00:46:07 | [36m[STATS][0m --- [CYCLE 664] ---
00:46:07 | [36m[STATS][0m Balance: 97965.06 | Equity: 97959.03 | Active: 3 | Margin: 97817.26 | Util: 0.1%
00:46:07 | [POSITION STATS] Open: 3 | Unrealized: $-6.03 | Daily Loss: $0.00/100.00
00:46:07 | [ANALYSIS] Examining EUR/USD | Time: 02:00 | Bars: 100
00:46:07 | [ANALYSIS] Examining GBP/USD | Time: 02:00 | Bars: 100
00:46:07 | [ANALYSIS] GBP/USD | Price: 1.34326 | RSI: 41.8 | ADX: 44.4 | ML: UP(75%)
00:46:07 | [STRATEGY] Added synthetic ML BUY signal (conf: 0.75)
00:46:07 | [ANALYSIS] Examining USD/JPY | Time: 02:00 | Bars: 100
00:46:07 | [ANALYSIS] Examining AUD/USD | Time: 02:00 | Bars: 100
00:46:07 | [IDLE] Waiting for next market pulse...
00:46:17 | [36m[STATS][0m --- [CYCLE 665] ---
00:46:17 | [36m[STATS][0m Balance: 97965.06 | Equity: 97959.06 | Active: 3 | Margin: 97817.29 | Util: 0.1%
00:46:17 | [POSITION STATS] Open: 3 | Unrealized: $-6.00 | Daily Loss: $0.00/100.00
00:46:17 | [ANALYSIS] Examining EUR/USD | Time: 02:00 | Bars: 100
00:46:17 | [ANALYSIS] Examining GBP/USD | Time: 02:00 | Bars: 100
00:46:17 | [ANALYSIS] GBP/USD | Price: 1.34327 | RSI: 41.8 | ADX: 44.4 | ML: UP(75%)
00:46:17 | [STRATEGY] Added synthetic ML BUY signal (conf: 0.75)
00:46:17 | [ANALYSIS] Examining USD/JPY | Time: 02:00 | Bars: 100
00:46:17 | [ANALYSIS] Examining AUD/USD | Time: 02:00 | Bars: 100
00:46:17 | [SUMMARY] Risk: operational | Positions: 3 | Daily Trades: 1/5 | Exits: 1 (Market: 0, Admin: 1)
00:46:17 | [IDLE] Waiting for next market pulse...
00:46:27 | [36m[STATS][0m --- [CYCLE 666] ---
00:46:27 | [36m[STATS][0m Balance: 97965.06 | Equity: 97958.95 | Active: 3 | Margin: 97817.18 | Util: 0.1%
00:46:27 | [POSITION STATS] Open: 3 | Unrealized: $-6.11 | Daily Loss: $0.00/100.00
00:46:27 | [ANALYSIS] Examining EUR/USD | Time: 02:00 | Bars: 100
00:46:27 | [ANALYSIS] Examining GBP/USD | Time: 02:00 | Bars: 100
00:46:27 | [ANALYSIS] GBP/USD | Price: 1.34326 | RSI: 41.8 | ADX: 44.4 | ML: UP(75%)
00:46:27 | [STRATEGY] Added synthetic ML BUY signal (conf: 0.75)
00:46:27 | [ANALYSIS] Examining USD/JPY | Time: 02:00 | Bars: 100
00:46:27 | [ANALYSIS] Examining AUD/USD | Time: 02:00 | Bars: 100
00:46:27 | [IDLE] Waiting for next market pulse...
00:46:38 | [36m[STATS][0m --- [CYCLE 667] ---
00:46:38 | [36m[STATS][0m Balance: 97965.06 | Equity: 97959.13 | Active: 3 | Margin: 97817.36 | Util: 0.1%
00:46:38 | [POSITION STATS] Open: 3 | Unrealized: $-5.93 | Daily Loss: $0.00/100.00
00:46:38 | [ANALYSIS] Examining EUR/USD | Time: 02:00 | Bars: 100
00:46:38 | [ANALYSIS] Examining GBP/USD | Time: 02:00 | Bars: 100
00:46:38 | [ANALYSIS] GBP/USD | Price: 1.34326 | RSI: 41.8 | ADX: 44.4 | ML: UP(75%)
00:46:38 | [STRATEGY] Added synthetic ML BUY signal (conf: 0.75)
00:46:38 | [ANALYSIS] Examining USD/JPY | Time: 02:00 | Bars: 100
00:46:38 | [ANALYSIS] Examining AUD/USD | Time: 02:00 | Bars: 100
00:46:38 | [IDLE] Waiting for next market pulse...
00:46:48 | [36m[STATS][0m --- [CYCLE 668] ---
00:46:48 | [36m[STATS][0m Balance: 97965.06 | Equity: 97959.04 | Active: 3 | Margin: 97817.27 | Util: 0.1%
00:46:48 | [POSITION STATS] Open: 3 | Unrealized: $-6.02 | Daily Loss: $0.00/100.00
00:46:48 | [ANALYSIS] Examining EUR/USD | Time: 02:00 | Bars: 100
00:46:48 | [ANALYSIS] Examining GBP/USD | Time: 02:00 | Bars: 100
00:46:48 | [ANALYSIS] GBP/USD | Price: 1.34330 | RSI: 42.0 | ADX: 44.4 | ML: UP(75%)
00:46:48 | [STRATEGY] Added synthetic ML BUY signal (conf: 0.75)
00:46:48 | [ANALYSIS] Examining USD/JPY | Time: 02:00 | Bars: 100
00:46:48 | [ANALYSIS] Examining AUD/USD | Time: 02:00 | Bars: 100
00:46:48 | [IDLE] Waiting for next market pulse...
00:46:58 | [36m[STATS][0m --- [CYCLE 669] ---
00:46:58 | [36m[STATS][0m Balance: 97965.06 | Equity: 97959.10 | Active: 3 | Margin: 97817.33 | Util: 0.1%
00:46:58 | [POSITION STATS] Open: 3 | Unrealized: $-5.96 | Daily Loss: $0.00/100.00
00:46:58 | [ANALYSIS] Examining EUR/USD | Time: 02:00 | Bars: 100
00:46:58 | [ANALYSIS] Examining GBP/USD | Time: 02:00 | Bars: 100
00:46:58 | [ANALYSIS] GBP/USD | Price: 1.34326 | RSI: 41.8 | ADX: 44.4 | ML: UP(75%)
00:46:58 | [STRATEGY] Added synthetic ML BUY signal (conf: 0.75)
00:46:58 | [ANALYSIS] Examining USD/JPY | Time: 02:00 | Bars: 100
00:46:58 | [ANALYSIS] Examining AUD/USD | Time: 02:00 | Bars: 100
00:46:58 | [IDLE] Waiting for next market pulse...
00:47:09 | [36m[STATS][0m --- [CYCLE 670] ---
00:47:09 | [36m[STATS][0m Balance: 97965.06 | Equity: 97959.15 | Active: 3 | Margin: 97817.38 | Util: 0.1%
00:47:09 | [POSITION STATS] Open: 3 | Unrealized: $-5.91 | Daily Loss: $0.00/100.00
00:47:09 | [ANALYSIS] Examining EUR/USD | Time: 02:00 | Bars: 100
00:47:09 | [ANALYSIS] Examining GBP/USD | Time: 02:00 | Bars: 100
00:47:09 | [ANALYSIS] GBP/USD | Price: 1.34327 | RSI: 41.8 | ADX: 44.4 | ML: UP(75%)
00:47:09 | [STRATEGY] Added synthetic ML BUY signal (conf: 0.75)
00:47:09 | [ANALYSIS] Examining USD/JPY | Time: 02:00 | Bars: 100
00:47:09 | [ANALYSIS] Examining AUD/USD | Time: 02:00 | Bars: 100
00:47:09 | [SUMMARY] Risk: operational | Positions: 3 | Daily Trades: 1/5 | Exits: 1 (Market: 0, Admin: 1)
00:47:09 | [IDLE] Waiting for next market pulse...
00:47:19 | [36m[STATS][0m --- [CYCLE 671] ---
00:47:19 | [36m[STATS][0m Balance: 97965.06 | Equity: 97959.15 | Active: 3 | Margin: 97817.38 | Util: 0.1%
00:47:19 | [POSITION STATS] Open: 3 | Unrealized: $-5.91 | Daily Loss: $0.00/100.00
00:47:19 | [ANALYSIS] Examining EUR/USD | Time: 02:00 | Bars: 100
00:47:19 | [ANALYSIS] Examining GBP/USD | Time: 02:00 | Bars: 100
00:47:19 | [ANALYSIS] GBP/USD | Price: 1.34327 | RSI: 41.8 | ADX: 44.4 | ML: UP(75%)
00:47:19 | [STRATEGY] Added synthetic ML BUY signal (conf: 0.75)
00:47:19 | [ANALYSIS] Examining USD/JPY | Time: 02:00 | Bars: 100
00:47:19 | [ANALYSIS] Examining AUD/USD | Time: 02:00 | Bars: 100
00:47:19 | [IDLE] Waiting for next market pulse...
00:47:29 | [36m[STATS][0m --- [CYCLE 672] ---
00:47:29 | [36m[STATS][0m Balance: 97965.06 | Equity: 97959.57 | Active: 3 | Margin: 97817.80 | Util: 0.1%
00:47:29 | [POSITION STATS] Open: 3 | Unrealized: $-5.49 | Daily Loss: $0.00/100.00
00:47:29 | [ANALYSIS] Examining EUR/USD | Time: 02:00 | Bars: 100
00:47:29 | [ANALYSIS] Examining GBP/USD | Time: 02:00 | Bars: 100
00:47:29 | [ANALYSIS] GBP/USD | Price: 1.34327 | RSI: 41.8 | ADX: 44.4 | ML: UP(75%)
00:47:29 | [STRATEGY] Added synthetic ML BUY signal (conf: 0.75)
00:47:29 | [ANALYSIS] Examining USD/JPY | Time: 02:00 | Bars: 100
00:47:29 | [ANALYSIS] Examining AUD/USD | Time: 02:00 | Bars: 100
00:47:29 | [IDLE] Waiting for next market pulse...
00:47:40 | [36m[STATS][0m --- [CYCLE 673] ---
00:47:40 | [36m[STATS][0m Balance: 97965.06 | Equity: 97960.14 | Active: 3 | Margin: 97818.37 | Util: 0.1%
00:47:40 | [POSITION STATS] Open: 3 | Unrealized: $-4.92 | Daily Loss: $0.00/100.00
00:47:40 | [ANALYSIS] Examining EUR/USD | Time: 02:00 | Bars: 100
00:47:40 | [ANALYSIS] Examining GBP/USD | Time: 02:00 | Bars: 100
00:47:40 | [ANALYSIS] GBP/USD | Price: 1.34335 | RSI: 42.2 | ADX: 44.4 | ML: UP(75%)
00:47:40 | [STRATEGY] Added synthetic ML BUY signal (conf: 0.75)
00:47:40 | [ANALYSIS] Examining USD/JPY | Time: 02:00 | Bars: 100
00:47:40 | [ANALYSIS] Examining AUD/USD | Time: 02:00 | Bars: 100
00:47:40 | [IDLE] Waiting for next market pulse...
00:47:50 | [36m[STATS][0m --- [CYCLE 674] ---
00:47:50 | [36m[STATS][0m Balance: 97965.06 | Equity: 97959.88 | Active: 3 | Margin: 97818.11 | Util: 0.1%
00:47:50 | [POSITION STATS] Open: 3 | Unrealized: $-5.18 | Daily Loss: $0.00/100.00
00:47:50 | [ANALYSIS] Examining EUR/USD | Time: 02:00 | Bars: 100
00:47:50 | [ANALYSIS] Examining GBP/USD | Time: 02:00 | Bars: 100
00:47:50 | [ANALYSIS] GBP/USD | Price: 1.34334 | RSI: 42.2 | ADX: 44.4 | ML: UP(75%)
00:47:50 | [STRATEGY] Added synthetic ML BUY signal (conf: 0.75)
00:47:50 | [ANALYSIS] Examining USD/JPY | Time: 02:00 | Bars: 100
00:47:50 | [ANALYSIS] Examining AUD/USD | Time: 02:00 | Bars: 100
00:47:50 | [IDLE] Waiting for next market pulse...
00:48:00 | [36m[STATS][0m --- [CYCLE 675] ---
00:48:00 | [36m[STATS][0m Balance: 97965.06 | Equity: 97959.95 | Active: 3 | Margin: 97818.18 | Util: 0.1%
00:48:00 | [POSITION STATS] Open: 3 | Unrealized: $-5.11 | Daily Loss: $0.00/100.00
00:48:00 | [ANALYSIS] Examining EUR/USD | Time: 02:00 | Bars: 100
00:48:00 | [ANALYSIS] Examining GBP/USD | Time: 02:00 | Bars: 100
00:48:00 | [ANALYSIS] GBP/USD | Price: 1.34335 | RSI: 42.2 | ADX: 44.4 | ML: UP(75%)
00:48:00 | [STRATEGY] Added synthetic ML BUY signal (conf: 0.75)
00:48:00 | [ANALYSIS] Examining USD/JPY | Time: 02:00 | Bars: 100
00:48:00 | [ANALYSIS] Examining AUD/USD | Time: 02:00 | Bars: 100
00:48:00 | [SUMMARY] Risk: operational | Positions: 3 | Daily Trades: 1/5 | Exits: 1 (Market: 0, Admin: 1)
00:48:00 | [IDLE] Waiting for next market pulse...
00:48:11 | [36m[STATS][0m --- [CYCLE 676] ---
00:48:11 | [36m[STATS][0m Balance: 97965.06 | Equity: 97960.00 | Active: 3 | Margin: 97818.23 | Util: 0.1%
00:48:11 | [POSITION STATS] Open: 3 | Unrealized: $-5.06 | Daily Loss: $0.00/100.00
00:48:11 | [ANALYSIS] Examining EUR/USD | Time: 02:00 | Bars: 100
00:48:11 | [ANALYSIS] Examining GBP/USD | Time: 02:00 | Bars: 100
00:48:11 | [ANALYSIS] GBP/USD | Price: 1.34338 | RSI: 42.4 | ADX: 44.4 | ML: UP(75%)
00:48:11 | [STRATEGY] Added synthetic ML BUY signal (conf: 0.75)
00:48:11 | [ANALYSIS] Examining USD/JPY | Time: 02:00 | Bars: 100
00:48:11 | [ANALYSIS] Examining AUD/USD | Time: 02:00 | Bars: 100
00:48:11 | [IDLE] Waiting for next market pulse...
00:48:21 | [36m[STATS][0m --- [CYCLE 677] ---
00:48:21 | [36m[STATS][0m Balance: 97965.06 | Equity: 97960.13 | Active: 3 | Margin: 97818.36 | Util: 0.1%
00:48:21 | [POSITION STATS] Open: 3 | Unrealized: $-4.93 | Daily Loss: $0.00/100.00
00:48:21 | [ANALYSIS] Examining EUR/USD | Time: 02:00 | Bars: 100
00:48:21 | [ANALYSIS] Examining GBP/USD | Time: 02:00 | Bars: 100
00:48:21 | [ANALYSIS] GBP/USD | Price: 1.34341 | RSI: 42.6 | ADX: 44.4 | ML: UP(75%)
00:48:21 | [STRATEGY] Added synthetic ML BUY signal (conf: 0.75)
00:48:21 | [ANALYSIS] Examining USD/JPY | Time: 02:00 | Bars: 100
00:48:21 | [ANALYSIS] Examining AUD/USD | Time: 02:00 | Bars: 100
00:48:21 | [IDLE] Waiting for next market pulse...
00:48:31 | [36m[STATS][0m --- [CYCLE 678] ---
00:48:31 | [36m[STATS][0m Balance: 97965.06 | Equity: 97959.99 | Active: 3 | Margin: 97818.22 | Util: 0.1%
00:48:31 | [POSITION STATS] Open: 3 | Unrealized: $-5.07 | Daily Loss: $0.00/100.00
00:48:31 | [ANALYSIS] Examining EUR/USD | Time: 02:00 | Bars: 100
00:48:31 | [ANALYSIS] Examining GBP/USD | Time: 02:00 | Bars: 100
00:48:31 | [ANALYSIS] GBP/USD | Price: 1.34337 | RSI: 42.3 | ADX: 44.4 | ML: UP(75%)
00:48:31 | [STRATEGY] Added synthetic ML BUY signal (conf: 0.75)
00:48:31 | [ANALYSIS] Examining USD/JPY | Time: 02:00 | Bars: 100
00:48:31 | [ANALYSIS] Examining AUD/USD | Time: 02:00 | Bars: 100
00:48:31 | [IDLE] Waiting for next market pulse...
00:48:42 | [36m[STATS][0m --- [CYCLE 679] ---
00:48:42 | [36m[STATS][0m Balance: 97965.06 | Equity: 97959.40 | Active: 3 | Margin: 97817.63 | Util: 0.1%
00:48:42 | [POSITION STATS] Open: 3 | Unrealized: $-5.66 | Daily Loss: $0.00/100.00
00:48:42 | [ANALYSIS] Examining EUR/USD | Time: 02:00 | Bars: 100
00:48:42 | [ANALYSIS] Examining GBP/USD | Time: 02:00 | Bars: 100
00:48:42 | [ANALYSIS] GBP/USD | Price: 1.34330 | RSI: 42.0 | ADX: 44.4 | ML: UP(75%)
00:48:42 | [STRATEGY] Added synthetic ML BUY signal (conf: 0.75)
00:48:42 | [ANALYSIS] Examining USD/JPY | Time: 02:00 | Bars: 100
00:48:42 | [ANALYSIS] Examining AUD/USD | Time: 02:00 | Bars: 100
00:48:42 | [IDLE] Waiting for next market pulse...
00:48:52 | [36m[STATS][0m --- [CYCLE 680] ---
00:48:52 | [36m[STATS][0m Balance: 97965.06 | Equity: 97959.21 | Active: 3 | Margin: 97817.44 | Util: 0.1%
00:48:52 | [POSITION STATS] Open: 3 | Unrealized: $-5.85 | Daily Loss: $0.00/100.00
00:48:52 | [ANALYSIS] Examining EUR/USD | Time: 02:00 | Bars: 100
00:48:52 | [ANALYSIS] Examining GBP/USD | Time: 02:00 | Bars: 100
00:48:52 | [ANALYSIS] GBP/USD | Price: 1.34330 | RSI: 42.0 | ADX: 44.4 | ML: UP(75%)
00:48:52 | [STRATEGY] Added synthetic ML BUY signal (conf: 0.75)
00:48:52 | [ANALYSIS] Examining USD/JPY | Time: 02:00 | Bars: 100
00:48:52 | [ANALYSIS] Examining AUD/USD | Time: 02:00 | Bars: 100
00:48:52 | [SUMMARY] Risk: operational | Positions: 3 | Daily Trades: 1/5 | Exits: 1 (Market: 0, Admin: 1)
00:48:52 | [IDLE] Waiting for next market pulse...
00:49:02 | [36m[STATS][0m --- [CYCLE 681] ---
00:49:02 | [36m[STATS][0m Balance: 97965.06 | Equity: 97959.22 | Active: 3 | Margin: 97817.45 | Util: 0.1%
00:49:02 | [POSITION STATS] Open: 3 | Unrealized: $-5.84 | Daily Loss: $0.00/100.00
00:49:02 | [ANALYSIS] Examining EUR/USD | Time: 02:00 | Bars: 100
00:49:02 | [ANALYSIS] Examining GBP/USD | Time: 02:00 | Bars: 100
00:49:02 | [ANALYSIS] GBP/USD | Price: 1.34329 | RSI: 41.9 | ADX: 44.4 | ML: UP(75%)
00:49:02 | [STRATEGY] Added synthetic ML BUY signal (conf: 0.75)
00:49:02 | [ANALYSIS] Examining USD/JPY | Time: 02:00 | Bars: 100
00:49:02 | [ANALYSIS] Examining AUD/USD | Time: 02:00 | Bars: 100
00:49:02 | [IDLE] Waiting for next market pulse...
00:49:13 | [36m[STATS][0m --- [CYCLE 682] ---
00:49:13 | [36m[STATS][0m Balance: 97965.06 | Equity: 97960.10 | Active: 3 | Margin: 97818.33 | Util: 0.1%
00:49:13 | [POSITION STATS] Open: 3 | Unrealized: $-4.96 | Daily Loss: $0.00/100.00
00:49:13 | [ANALYSIS] Examining EUR/USD | Time: 02:00 | Bars: 100
00:49:13 | [ANALYSIS] Examining GBP/USD | Time: 02:00 | Bars: 100
00:49:13 | [ANALYSIS] GBP/USD | Price: 1.34331 | RSI: 42.0 | ADX: 44.4 | ML: UP(75%)
00:49:13 | [STRATEGY] Added synthetic ML BUY signal (conf: 0.75)
00:49:13 | [ANALYSIS] Examining USD/JPY | Time: 02:00 | Bars: 100
00:49:13 | [ANALYSIS] Examining AUD/USD | Time: 02:00 | Bars: 100
00:49:13 | [IDLE] Waiting for next market pulse...
00:49:23 | [36m[STATS][0m --- [CYCLE 683] ---
00:49:23 | [36m[STATS][0m Balance: 97965.06 | Equity: 97960.90 | Active: 3 | Margin: 97819.13 | Util: 0.1%
00:49:23 | [POSITION STATS] Open: 3 | Unrealized: $-4.16 | Daily Loss: $0.00/100.00
00:49:23 | [ANALYSIS] Examining EUR/USD | Time: 02:00 | Bars: 100
00:49:23 | [ANALYSIS] Examining GBP/USD | Time: 02:00 | Bars: 100
00:49:23 | [ANALYSIS] GBP/USD | Price: 1.34335 | RSI: 42.2 | ADX: 44.4 | ML: UP(75%)
00:49:23 | [STRATEGY] Added synthetic ML BUY signal (conf: 0.75)
00:49:23 | [ANALYSIS] Examining USD/JPY | Time: 02:00 | Bars: 100
00:49:23 | [ANALYSIS] Examining AUD/USD | Time: 02:00 | Bars: 100
00:49:23 | [IDLE] Waiting for next market pulse...
00:49:33 | [36m[STATS][0m --- [CYCLE 684] ---
00:49:33 | [36m[STATS][0m Balance: 97965.06 | Equity: 97960.56 | Active: 3 | Margin: 97818.79 | Util: 0.1%
00:49:33 | [POSITION STATS] Open: 3 | Unrealized: $-4.50 | Daily Loss: $0.00/100.00
00:49:33 | [ANALYSIS] Examining EUR/USD | Time: 02:00 | Bars: 100
00:49:33 | [ANALYSIS] Examining GBP/USD | Time: 02:00 | Bars: 100
00:49:33 | [ANALYSIS] GBP/USD | Price: 1.34335 | RSI: 42.2 | ADX: 44.4 | ML: UP(75%)
00:49:33 | [STRATEGY] Added synthetic ML BUY signal (conf: 0.75)
00:49:33 | [ANALYSIS] Examining USD/JPY | Time: 02:00 | Bars: 100
00:49:33 | [ANALYSIS] Examining AUD/USD | Time: 02:00 | Bars: 100
00:49:33 | [IDLE] Waiting for next market pulse...
00:49:44 | [36m[STATS][0m --- [CYCLE 685] ---
00:49:44 | [36m[STATS][0m Balance: 97965.06 | Equity: 97961.05 | Active: 3 | Margin: 97819.28 | Util: 0.1%
00:49:44 | [POSITION STATS] Open: 3 | Unrealized: $-4.01 | Daily Loss: $0.00/100.00
00:49:44 | [ANALYSIS] Examining EUR/USD | Time: 02:00 | Bars: 100
00:49:44 | [ANALYSIS] Examining GBP/USD | Time: 02:00 | Bars: 100
00:49:44 | [ANALYSIS] GBP/USD | Price: 1.34339 | RSI: 42.4 | ADX: 44.4 | ML: UP(75%)
00:49:44 | [STRATEGY] Added synthetic ML BUY signal (conf: 0.75)
00:49:44 | [ANALYSIS] Examining USD/JPY | Time: 02:00 | Bars: 100
00:49:44 | [ANALYSIS] Examining AUD/USD | Time: 02:00 | Bars: 100
00:49:44 | [SUMMARY] Risk: operational | Positions: 3 | Daily Trades: 1/5 | Exits: 1 (Market: 0, Admin: 1)
00:49:44 | [IDLE] Waiting for next market pulse...
00:49:54 | [36m[STATS][0m --- [CYCLE 686] ---
00:49:54 | [36m[STATS][0m Balance: 97965.06 | Equity: 97960.83 | Active: 3 | Margin: 97819.06 | Util: 0.1%
00:49:54 | [POSITION STATS] Open: 3 | Unrealized: $-4.23 | Daily Loss: $0.00/100.00
00:49:54 | [ANALYSIS] Examining EUR/USD | Time: 02:00 | Bars: 100
00:49:54 | [ANALYSIS] Examining GBP/USD | Time: 02:00 | Bars: 100
00:49:54 | [ANALYSIS] GBP/USD | Price: 1.34338 | RSI: 42.4 | ADX: 44.4 | ML: UP(75%)
00:49:54 | [STRATEGY] Added synthetic ML BUY signal (conf: 0.75)
00:49:54 | [ANALYSIS] Examining USD/JPY | Time: 02:00 | Bars: 100
00:49:54 | [ANALYSIS] Examining AUD/USD | Time: 02:00 | Bars: 100
00:49:54 | [IDLE] Waiting for next market pulse...
00:50:04 | [36m[STATS][0m --- [CYCLE 687] ---
00:50:04 | [36m[STATS][0m Balance: 97965.06 | Equity: 97960.68 | Active: 3 | Margin: 97818.91 | Util: 0.1%
00:50:04 | [POSITION STATS] Open: 3 | Unrealized: $-4.38 | Daily Loss: $0.00/100.00
00:50:04 | [ANALYSIS] Examining EUR/USD | Time: 02:00 | Bars: 100
00:50:04 | [ANALYSIS] Examining GBP/USD | Time: 02:00 | Bars: 100
00:50:04 | [ANALYSIS] GBP/USD | Price: 1.34336 | RSI: 42.3 | ADX: 44.4 | ML: UP(75%)
00:50:04 | [STRATEGY] Added synthetic ML BUY signal (conf: 0.75)
00:50:04 | [ANALYSIS] Examining USD/JPY | Time: 02:00 | Bars: 100
00:50:04 | [ANALYSIS] Examining AUD/USD | Time: 02:00 | Bars: 100
00:50:04 | [IDLE] Waiting for next market pulse...
00:50:15 | [36m[STATS][0m --- [CYCLE 688] ---
00:50:15 | [36m[STATS][0m Balance: 97965.06 | Equity: 97961.83 | Active: 3 | Margin: 97820.06 | Util: 0.1%
00:50:15 | [POSITION STATS] Open: 3 | Unrealized: $-3.23 | Daily Loss: $0.00/100.00
00:50:15 | [ANALYSIS] Examining EUR/USD | Time: 02:00 | Bars: 100
00:50:15 | [ANALYSIS] Examining GBP/USD | Time: 02:00 | Bars: 100
00:50:15 | [ANALYSIS] GBP/USD | Price: 1.34342 | RSI: 42.6 | ADX: 44.4 | ML: UP(75%)
00:50:15 | [STRATEGY] Added synthetic ML BUY signal (conf: 0.75)
00:50:15 | [ANALYSIS] Examining USD/JPY | Time: 02:00 | Bars: 100
00:50:15 | [ANALYSIS] Examining AUD/USD | Time: 02:00 | Bars: 100
00:50:15 | [IDLE] Waiting for next market pulse...
00:50:25 | [36m[STATS][0m --- [CYCLE 689] ---
00:50:25 | [36m[STATS][0m Balance: 97965.06 | Equity: 97961.77 | Active: 3 | Margin: 97820.00 | Util: 0.1%
00:50:25 | [POSITION STATS] Open: 3 | Unrealized: $-3.29 | Daily Loss: $0.00/100.00
00:50:25 | [ANALYSIS] Examining EUR/USD | Time: 02:00 | Bars: 100
00:50:25 | [ANALYSIS] Examining GBP/USD | Time: 02:00 | Bars: 100
00:50:25 | [ANALYSIS] GBP/USD | Price: 1.34339 | RSI: 42.4 | ADX: 44.4 | ML: UP(75%)
00:50:25 | [STRATEGY] Added synthetic ML BUY signal (conf: 0.75)
00:50:25 | [ANALYSIS] Examining USD/JPY | Time: 02:00 | Bars: 100
00:50:25 | [ANALYSIS] Examining AUD/USD | Time: 02:00 | Bars: 100
00:50:25 | [IDLE] Waiting for next market pulse...
00:50:35 | [36m[STATS][0m --- [CYCLE 690] ---
00:50:35 | [36m[STATS][0m Balance: 97965.06 | Equity: 97961.16 | Active: 3 | Margin: 97819.39 | Util: 0.1%
00:50:35 | [POSITION STATS] Open: 3 | Unrealized: $-3.90 | Daily Loss: $0.00/100.00
00:50:35 | [ANALYSIS] Examining EUR/USD | Time: 02:00 | Bars: 100
00:50:35 | [ANALYSIS] Examining GBP/USD | Time: 02:00 | Bars: 100
00:50:35 | [ANALYSIS] GBP/USD | Price: 1.34337 | RSI: 42.3 | ADX: 44.4 | ML: UP(75%)
00:50:35 | [STRATEGY] Added synthetic ML BUY signal (conf: 0.75)
00:50:35 | [ANALYSIS] Examining USD/JPY | Time: 02:00 | Bars: 100
00:50:35 | [ANALYSIS] Examining AUD/USD | Time: 02:00 | Bars: 100
00:50:35 | [SUMMARY] Risk: operational | Positions: 3 | Daily Trades: 1/5 | Exits: 1 (Market: 0, Admin: 1)
00:50:35 | [IDLE] Waiting for next market pulse...
00:50:46 | [36m[STATS][0m --- [CYCLE 691] ---
00:50:46 | [36m[STATS][0m Balance: 97965.06 | Equity: 97961.63 | Active: 3 | Margin: 97819.86 | Util: 0.1%
00:50:46 | [POSITION STATS] Open: 3 | Unrealized: $-3.43 | Daily Loss: $0.00/100.00
00:50:46 | [ANALYSIS] Examining EUR/USD | Time: 02:00 | Bars: 100
00:50:46 | [ANALYSIS] Examining GBP/USD | Time: 02:00 | Bars: 100
00:50:46 | [ANALYSIS] GBP/USD | Price: 1.34340 | RSI: 42.5 | ADX: 44.4 | ML: UP(75%)
00:50:46 | [STRATEGY] Added synthetic ML BUY signal (conf: 0.75)
00:50:46 | [ANALYSIS] Examining USD/JPY | Time: 02:00 | Bars: 100
00:50:46 | [ANALYSIS] Examining AUD/USD | Time: 02:00 | Bars: 100
00:50:46 | [IDLE] Waiting for next market pulse...
00:50:56 | [36m[STATS][0m --- [CYCLE 692] ---
00:50:56 | [36m[STATS][0m Balance: 97965.06 | Equity: 97961.92 | Active: 3 | Margin: 97820.15 | Util: 0.1%
00:50:56 | [POSITION STATS] Open: 3 | Unrealized: $-3.14 | Daily Loss: $0.00/100.00
00:50:56 | [ANALYSIS] Examining EUR/USD | Time: 02:00 | Bars: 100
00:50:56 | [ANALYSIS] Examining GBP/USD | Time: 02:00 | Bars: 100
00:50:56 | [ANALYSIS] GBP/USD | Price: 1.34340 | RSI: 42.5 | ADX: 44.4 | ML: UP(75%)
00:50:56 | [STRATEGY] Added synthetic ML BUY signal (conf: 0.75)
00:50:56 | [ANALYSIS] Examining USD/JPY | Time: 02:00 | Bars: 100
00:50:56 | [ANALYSIS] Examining AUD/USD | Time: 02:00 | Bars: 100
00:50:56 | [IDLE] Waiting for next market pulse...
00:51:06 | [36m[STATS][0m --- [CYCLE 693] ---
00:51:06 | [36m[STATS][0m Balance: 97965.06 | Equity: 97961.50 | Active: 3 | Margin: 97819.73 | Util: 0.1%
00:51:06 | [POSITION STATS] Open: 3 | Unrealized: $-3.56 | Daily Loss: $0.00/100.00
00:51:06 | [ANALYSIS] Examining EUR/USD | Time: 02:00 | Bars: 100
00:51:06 | [ANALYSIS] Examining GBP/USD | Time: 02:00 | Bars: 100
00:51:06 | [ANALYSIS] GBP/USD | Price: 1.34339 | RSI: 42.4 | ADX: 44.4 | ML: UP(75%)
00:51:06 | [STRATEGY] Added synthetic ML BUY signal (conf: 0.75)
00:51:06 | [ANALYSIS] Examining USD/JPY | Time: 02:00 | Bars: 100
00:51:06 | [ANALYSIS] Examining AUD/USD | Time: 02:00 | Bars: 100
00:51:06 | [IDLE] Waiting for next market pulse...
00:51:17 | [36m[STATS][0m --- [CYCLE 694] ---
00:51:17 | [36m[STATS][0m Balance: 97965.06 | Equity: 97961.39 | Active: 3 | Margin: 97819.62 | Util: 0.1%
00:51:17 | [POSITION STATS] Open: 3 | Unrealized: $-3.67 | Daily Loss: $0.00/100.00
00:51:17 | [ANALYSIS] Examining EUR/USD | Time: 02:00 | Bars: 100
00:51:17 | [ANALYSIS] Examining GBP/USD | Time: 02:00 | Bars: 100
00:51:17 | [ANALYSIS] GBP/USD | Price: 1.34337 | RSI: 42.3 | ADX: 44.4 | ML: UP(75%)
00:51:17 | [STRATEGY] Added synthetic ML BUY signal (conf: 0.75)
00:51:17 | [ANALYSIS] Examining USD/JPY | Time: 02:00 | Bars: 100
00:51:17 | [ANALYSIS] Examining AUD/USD | Time: 02:00 | Bars: 100
00:51:17 | [IDLE] Waiting for next market pulse...
00:51:27 | [36m[STATS][0m --- [CYCLE 695] ---
00:51:27 | [36m[STATS][0m Balance: 97965.06 | Equity: 97961.36 | Active: 3 | Margin: 97819.59 | Util: 0.1%
00:51:27 | [POSITION STATS] Open: 3 | Unrealized: $-3.70 | Daily Loss: $0.00/100.00
00:51:27 | [ANALYSIS] Examining EUR/USD | Time: 02:00 | Bars: 100
00:51:27 | [ANALYSIS] Examining GBP/USD | Time: 02:00 | Bars: 100
00:51:27 | [ANALYSIS] GBP/USD | Price: 1.34336 | RSI: 42.3 | ADX: 44.4 | ML: UP(75%)
00:51:27 | [STRATEGY] Added synthetic ML BUY signal (conf: 0.75)
00:51:27 | [ANALYSIS] Examining USD/JPY | Time: 02:00 | Bars: 100
00:51:27 | [ANALYSIS] Examining AUD/USD | Time: 02:00 | Bars: 100
00:51:27 | [SUMMARY] Risk: operational | Positions: 3 | Daily Trades: 1/5 | Exits: 1 (Market: 0, Admin: 1)
00:51:27 | [IDLE] Waiting for next market pulse...
00:51:37 | [36m[STATS][0m --- [CYCLE 696] ---
00:51:37 | [36m[STATS][0m Balance: 97965.06 | Equity: 97961.61 | Active: 3 | Margin: 97819.84 | Util: 0.1%
00:51:37 | [POSITION STATS] Open: 3 | Unrealized: $-3.45 | Daily Loss: $0.00/100.00
00:51:37 | [ANALYSIS] Examining EUR/USD | Time: 02:00 | Bars: 100
00:51:37 | [ANALYSIS] Examining GBP/USD | Time: 02:00 | Bars: 100
00:51:37 | [ANALYSIS] GBP/USD | Price: 1.34340 | RSI: 42.5 | ADX: 44.4 | ML: UP(75%)
00:51:37 | [STRATEGY] Added synthetic ML BUY signal (conf: 0.75)
00:51:37 | [ANALYSIS] Examining USD/JPY | Time: 02:00 | Bars: 100
00:51:37 | [ANALYSIS] Examining AUD/USD | Time: 02:00 | Bars: 100
00:51:37 | [IDLE] Waiting for next market pulse...
00:51:48 | [36m[STATS][0m --- [CYCLE 697] ---
00:51:48 | [36m[STATS][0m Balance: 97965.06 | Equity: 97960.68 | Active: 3 | Margin: 97818.91 | Util: 0.1%
00:51:48 | [POSITION STATS] Open: 3 | Unrealized: $-4.38 | Daily Loss: $0.00/100.00
00:51:48 | [ANALYSIS] Examining EUR/USD | Time: 02:00 | Bars: 100
00:51:48 | [ANALYSIS] Examining GBP/USD | Time: 02:00 | Bars: 100
00:51:48 | [ANALYSIS] GBP/USD | Price: 1.34338 | RSI: 42.4 | ADX: 44.4 | ML: UP(75%)
00:51:48 | [STRATEGY] Added synthetic ML BUY signal (conf: 0.75)
00:51:48 | [ANALYSIS] Examining USD/JPY | Time: 02:00 | Bars: 100
00:51:48 | [ANALYSIS] Examining AUD/USD | Time: 02:00 | Bars: 100
00:51:48 | [IDLE] Waiting for next market pulse...
00:51:58 | [36m[STATS][0m --- [CYCLE 698] ---
00:51:58 | [36m[STATS][0m Balance: 97965.06 | Equity: 97960.58 | Active: 3 | Margin: 97818.81 | Util: 0.1%
00:51:58 | [POSITION STATS] Open: 3 | Unrealized: $-4.48 | Daily Loss: $0.00/100.00
00:51:58 | [ANALYSIS] Examining EUR/USD | Time: 02:00 | Bars: 100
00:51:58 | [ANALYSIS] Examining GBP/USD | Time: 02:00 | Bars: 100
00:51:58 | [ANALYSIS] GBP/USD | Price: 1.34337 | RSI: 42.3 | ADX: 44.4 | ML: UP(75%)
00:51:58 | [STRATEGY] Added synthetic ML BUY signal (conf: 0.75)
00:51:58 | [ANALYSIS] Examining USD/JPY | Time: 02:00 | Bars: 100
00:51:58 | [ANALYSIS] Examining AUD/USD | Time: 02:00 | Bars: 100
00:51:58 | [IDLE] Waiting for next market pulse...
00:52:08 | [36m[STATS][0m --- [CYCLE 699] ---
00:52:08 | [36m[STATS][0m Balance: 97965.06 | Equity: 97959.97 | Active: 3 | Margin: 97818.20 | Util: 0.1%
00:52:08 | [POSITION STATS] Open: 3 | Unrealized: $-5.09 | Daily Loss: $0.00/100.00
00:52:08 | [ANALYSIS] Examining EUR/USD | Time: 02:00 | Bars: 100
00:52:08 | [ANALYSIS] Examining GBP/USD | Time: 02:00 | Bars: 100
00:52:08 | [ANALYSIS] GBP/USD | Price: 1.34334 | RSI: 42.2 | ADX: 44.4 | ML: UP(75%)
00:52:08 | [STRATEGY] Added synthetic ML BUY signal (conf: 0.75)
00:52:08 | [ANALYSIS] Examining USD/JPY | Time: 02:00 | Bars: 100
00:52:08 | [ANALYSIS] Examining AUD/USD | Time: 02:00 | Bars: 100
00:52:08 | [IDLE] Waiting for next market pulse...
00:52:19 | [36m[STATS][0m --- [CYCLE 700] ---
00:52:19 | [36m[STATS][0m Balance: 97965.06 | Equity: 97959.00 | Active: 3 | Margin: 97817.23 | Util: 0.1%
00:52:19 | [POSITION STATS] Open: 3 | Unrealized: $-6.06 | Daily Loss: $0.00/100.00
00:52:19 | [ANALYSIS] Examining EUR/USD | Time: 02:00 | Bars: 100
00:52:19 | [ANALYSIS] Examining GBP/USD | Time: 02:00 | Bars: 100
00:52:19 | [ANALYSIS] GBP/USD | Price: 1.34330 | RSI: 42.0 | ADX: 44.4 | ML: UP(75%)
00:52:19 | [STRATEGY] Added synthetic ML BUY signal (conf: 0.75)
00:52:19 | [ANALYSIS] Examining USD/JPY | Time: 02:00 | Bars: 100
00:52:19 | [ANALYSIS] Examining AUD/USD | Time: 02:00 | Bars: 100
00:52:19 | [SUMMARY] Risk: operational | Positions: 3 | Daily Trades: 1/5 | Exits: 1 (Market: 0, Admin: 1)
00:52:19 | [IDLE] Waiting for next market pulse...
00:52:29 | [36m[STATS][0m --- [CYCLE 701] ---
00:52:29 | [36m[STATS][0m Balance: 97965.06 | Equity: 97959.63 | Active: 3 | Margin: 97817.86 | Util: 0.1%
00:52:29 | [POSITION STATS] Open: 3 | Unrealized: $-5.43 | Daily Loss: $0.00/100.00
00:52:29 | [ANALYSIS] Examining EUR/USD | Time: 02:00 | Bars: 100
00:52:29 | [ANALYSIS] Examining GBP/USD | Time: 02:00 | Bars: 100
00:52:29 | [ANALYSIS] GBP/USD | Price: 1.34330 | RSI: 42.0 | ADX: 44.4 | ML: UP(75%)
00:52:29 | [STRATEGY] Added synthetic ML BUY signal (conf: 0.75)
00:52:29 | [ANALYSIS] Examining USD/JPY | Time: 02:00 | Bars: 100
00:52:29 | [ANALYSIS] Examining AUD/USD | Time: 02:00 | Bars: 100
00:52:29 | [IDLE] Waiting for next market pulse...
00:52:39 | [36m[STATS][0m --- [CYCLE 702] ---
00:52:39 | [36m[STATS][0m Balance: 97965.06 | Equity: 97958.85 | Active: 3 | Margin: 97817.08 | Util: 0.1%
00:52:39 | [POSITION STATS] Open: 3 | Unrealized: $-6.21 | Daily Loss: $0.00/100.00
00:52:39 | [ANALYSIS] Examining EUR/USD | Time: 02:00 | Bars: 100
00:52:39 | [ANALYSIS] Examining GBP/USD | Time: 02:00 | Bars: 100
00:52:39 | [ANALYSIS] GBP/USD | Price: 1.34328 | RSI: 41.9 | ADX: 44.4 | ML: UP(75%)
00:52:39 | [STRATEGY] Added synthetic ML BUY signal (conf: 0.75)
00:52:39 | [ANALYSIS] Examining USD/JPY | Time: 02:00 | Bars: 100
00:52:39 | [ANALYSIS] Examining AUD/USD | Time: 02:00 | Bars: 100
00:52:39 | [IDLE] Waiting for next market pulse...
00:52:50 | [36m[STATS][0m --- [CYCLE 703] ---
00:52:50 | [36m[STATS][0m Balance: 97965.06 | Equity: 97959.73 | Active: 3 | Margin: 97817.96 | Util: 0.1%
00:52:50 | [POSITION STATS] Open: 3 | Unrealized: $-5.33 | Daily Loss: $0.00/100.00
00:52:50 | [ANALYSIS] Examining EUR/USD | Time: 02:00 | Bars: 100
00:52:50 | [ANALYSIS] Examining GBP/USD | Time: 02:00 | Bars: 100
00:52:50 | [ANALYSIS] GBP/USD | Price: 1.34328 | RSI: 41.9 | ADX: 44.4 | ML: UP(75%)
00:52:50 | [STRATEGY] Added synthetic ML BUY signal (conf: 0.75)
00:52:50 | [ANALYSIS] Examining USD/JPY | Time: 02:00 | Bars: 100
00:52:50 | [ANALYSIS] Examining AUD/USD | Time: 02:00 | Bars: 100
00:52:50 | [IDLE] Waiting for next market pulse...
00:53:00 | [36m[STATS][0m --- [CYCLE 704] ---
00:53:00 | [36m[STATS][0m Balance: 97965.06 | Equity: 97958.69 | Active: 3 | Margin: 97816.92 | Util: 0.1%
00:53:00 | [POSITION STATS] Open: 3 | Unrealized: $-6.37 | Daily Loss: $0.00/100.00
00:53:00 | [ANALYSIS] Examining EUR/USD | Time: 02:00 | Bars: 100
00:53:00 | [ANALYSIS] Examining GBP/USD | Time: 02:00 | Bars: 100
00:53:00 | [ANALYSIS] GBP/USD | Price: 1.34327 | RSI: 41.8 | ADX: 44.4 | ML: UP(75%)
00:53:00 | [STRATEGY] Added synthetic ML BUY signal (conf: 0.75)
00:53:00 | [ANALYSIS] Examining USD/JPY | Time: 02:00 | Bars: 100
00:53:00 | [ANALYSIS] Examining AUD/USD | Time: 02:00 | Bars: 100
00:53:00 | [IDLE] Waiting for next market pulse...
00:53:10 | [36m[STATS][0m --- [CYCLE 705] ---
00:53:10 | [36m[STATS][0m Balance: 97965.06 | Equity: 97958.84 | Active: 3 | Margin: 97817.07 | Util: 0.1%
00:53:10 | [POSITION STATS] Open: 3 | Unrealized: $-6.22 | Daily Loss: $0.00/100.00
00:53:10 | [ANALYSIS] Examining EUR/USD | Time: 02:00 | Bars: 100
00:53:10 | [ANALYSIS] Examining GBP/USD | Time: 02:00 | Bars: 100
00:53:10 | [ANALYSIS] GBP/USD | Price: 1.34327 | RSI: 41.8 | ADX: 44.4 | ML: UP(75%)
00:53:10 | [STRATEGY] Added synthetic ML BUY signal (conf: 0.75)
00:53:10 | [ANALYSIS] Examining USD/JPY | Time: 02:00 | Bars: 100
00:53:10 | [ANALYSIS] Examining AUD/USD | Time: 02:00 | Bars: 100
00:53:10 | [SUMMARY] Risk: operational | Positions: 3 | Daily Trades: 1/5 | Exits: 1 (Market: 0, Admin: 1)
00:53:10 | [IDLE] Waiting for next market pulse...
00:53:21 | [36m[STATS][0m --- [CYCLE 706] ---
00:53:21 | [36m[STATS][0m Balance: 97965.06 | Equity: 97959.43 | Active: 3 | Margin: 97817.66 | Util: 0.1%
00:53:21 | [POSITION STATS] Open: 3 | Unrealized: $-5.63 | Daily Loss: $0.00/100.00
00:53:21 | [ANALYSIS] Examining EUR/USD | Time: 02:00 | Bars: 100
00:53:21 | [ANALYSIS] Examining GBP/USD | Time: 02:00 | Bars: 100
00:53:21 | [ANALYSIS] GBP/USD | Price: 1.34334 | RSI: 42.2 | ADX: 44.4 | ML: UP(75%)
00:53:21 | [STRATEGY] Added synthetic ML BUY signal (conf: 0.75)
00:53:21 | [ANALYSIS] Examining USD/JPY | Time: 02:00 | Bars: 100
00:53:21 | [ANALYSIS] Examining AUD/USD | Time: 02:00 | Bars: 100
00:53:21 | [IDLE] Waiting for next market pulse...
00:53:31 | [36m[STATS][0m --- [CYCLE 707] ---
00:53:31 | [36m[STATS][0m Balance: 97965.06 | Equity: 97959.23 | Active: 3 | Margin: 97817.46 | Util: 0.1%
00:53:31 | [POSITION STATS] Open: 3 | Unrealized: $-5.83 | Daily Loss: $0.00/100.00
00:53:31 | [ANALYSIS] Examining EUR/USD | Time: 02:00 | Bars: 100
00:53:31 | [ANALYSIS] Examining GBP/USD | Time: 02:00 | Bars: 100
00:53:31 | [ANALYSIS] GBP/USD | Price: 1.34330 | RSI: 42.0 | ADX: 44.4 | ML: UP(75%)
00:53:31 | [STRATEGY] Added synthetic ML BUY signal (conf: 0.75)
00:53:31 | [ANALYSIS] Examining USD/JPY | Time: 02:00 | Bars: 100
00:53:31 | [ANALYSIS] Examining AUD/USD | Time: 02:00 | Bars: 100
00:53:31 | [IDLE] Waiting for next market pulse...
00:53:41 | [36m[STATS][0m --- [CYCLE 708] ---
00:53:41 | [36m[STATS][0m Balance: 97965.06 | Equity: 97959.02 | Active: 3 | Margin: 97817.25 | Util: 0.1%
00:53:41 | [POSITION STATS] Open: 3 | Unrealized: $-6.04 | Daily Loss: $0.00/100.00
00:53:41 | [ANALYSIS] Examining EUR/USD | Time: 02:00 | Bars: 100
00:53:41 | [ANALYSIS] Examining GBP/USD | Time: 02:00 | Bars: 100
00:53:41 | [ANALYSIS] GBP/USD | Price: 1.34330 | RSI: 42.0 | ADX: 44.4 | ML: UP(75%)
00:53:41 | [STRATEGY] Added synthetic ML BUY signal (conf: 0.75)
00:53:41 | [ANALYSIS] Examining USD/JPY | Time: 02:00 | Bars: 100
00:53:41 | [ANALYSIS] Examining AUD/USD | Time: 02:00 | Bars: 100
00:53:41 | [IDLE] Waiting for next market pulse...
00:53:52 | [36m[STATS][0m --- [CYCLE 709] ---
00:53:52 | [36m[STATS][0m Balance: 97965.06 | Equity: 97958.85 | Active: 3 | Margin: 97817.08 | Util: 0.1%
00:53:52 | [POSITION STATS] Open: 3 | Unrealized: $-6.21 | Daily Loss: $0.00/100.00
00:53:52 | [ANALYSIS] Examining EUR/USD | Time: 02:00 | Bars: 100
00:53:52 | [ANALYSIS] Examining GBP/USD | Time: 02:00 | Bars: 100
00:53:52 | [ANALYSIS] GBP/USD | Price: 1.34317 | RSI: 41.3 | ADX: 44.4 | ML: UP(75%)
00:53:52 | [STRATEGY] Added synthetic ML BUY signal (conf: 0.75)
00:53:52 | [ANALYSIS] Examining USD/JPY | Time: 02:00 | Bars: 100
00:53:52 | [ANALYSIS] Examining AUD/USD | Time: 02:00 | Bars: 100
00:53:52 | [IDLE] Waiting for next market pulse...
00:54:02 | [36m[STATS][0m --- [CYCLE 710] ---
00:54:02 | [36m[STATS][0m Balance: 97965.06 | Equity: 97958.88 | Active: 3 | Margin: 97817.11 | Util: 0.1%
00:54:02 | [POSITION STATS] Open: 3 | Unrealized: $-6.18 | Daily Loss: $0.00/100.00
00:54:02 | [ANALYSIS] Examining EUR/USD | Time: 02:00 | Bars: 100
00:54:02 | [ANALYSIS] Examining GBP/USD | Time: 02:00 | Bars: 100
00:54:02 | [ANALYSIS] GBP/USD | Price: 1.34321 | RSI: 41.5 | ADX: 44.4 | ML: UP(75%)
00:54:02 | [STRATEGY] Added synthetic ML BUY signal (conf: 0.75)
00:54:02 | [ANALYSIS] Examining USD/JPY | Time: 02:00 | Bars: 100
00:54:02 | [ANALYSIS] Examining AUD/USD | Time: 02:00 | Bars: 100
00:54:02 | [SUMMARY] Risk: operational | Positions: 3 | Daily Trades: 1/5 | Exits: 1 (Market: 0, Admin: 1)
00:54:02 | [IDLE] Waiting for next market pulse...
00:54:12 | [36m[STATS][0m --- [CYCLE 711] ---
00:54:12 | [36m[STATS][0m Balance: 97965.06 | Equity: 97959.38 | Active: 3 | Margin: 97817.61 | Util: 0.1%
00:54:12 | [POSITION STATS] Open: 3 | Unrealized: $-5.68 | Daily Loss: $0.00/100.00
00:54:12 | [ANALYSIS] Examining EUR/USD | Time: 02:00 | Bars: 100
00:54:12 | [ANALYSIS] Examining GBP/USD | Time: 02:00 | Bars: 100
00:54:12 | [ANALYSIS] GBP/USD | Price: 1.34328 | RSI: 41.9 | ADX: 44.4 | ML: UP(75%)
00:54:12 | [STRATEGY] Added synthetic ML BUY signal (conf: 0.75)
00:54:12 | [ANALYSIS] Examining USD/JPY | Time: 02:00 | Bars: 100
00:54:12 | [ANALYSIS] Examining AUD/USD | Time: 02:00 | Bars: 100
00:54:12 | [IDLE] Waiting for next market pulse...
00:54:23 | [36m[STATS][0m --- [CYCLE 712] ---
00:54:23 | [36m[STATS][0m Balance: 97965.06 | Equity: 97957.78 | Active: 3 | Margin: 97816.01 | Util: 0.1%
00:54:23 | [POSITION STATS] Open: 3 | Unrealized: $-7.28 | Daily Loss: $0.00/100.00
00:54:23 | [ANALYSIS] Examining EUR/USD | Time: 02:00 | Bars: 100
00:54:23 | [ANALYSIS] Examining GBP/USD | Time: 02:00 | Bars: 100
00:54:23 | [ANALYSIS] GBP/USD | Price: 1.34319 | RSI: 41.4 | ADX: 44.4 | ML: UP(75%)
00:54:23 | [STRATEGY] Added synthetic ML BUY signal (conf: 0.75)
00:54:23 | [ANALYSIS] Examining USD/JPY | Time: 02:00 | Bars: 100
00:54:23 | [ANALYSIS] Examining AUD/USD | Time: 02:00 | Bars: 100
00:54:23 | [IDLE] Waiting for next market pulse...
00:54:33 | [36m[STATS][0m --- [CYCLE 713] ---
00:54:33 | [36m[STATS][0m Balance: 97965.06 | Equity: 97957.83 | Active: 3 | Margin: 97816.06 | Util: 0.1%
00:54:33 | [POSITION STATS] Open: 3 | Unrealized: $-7.23 | Daily Loss: $0.00/100.00
00:54:33 | [ANALYSIS] Examining EUR/USD | Time: 02:00 | Bars: 100
00:54:33 | [ANALYSIS] Examining GBP/USD | Time: 02:00 | Bars: 100
00:54:33 | [ANALYSIS] GBP/USD | Price: 1.34320 | RSI: 41.5 | ADX: 44.4 | ML: UP(75%)
00:54:33 | [STRATEGY] Added synthetic ML BUY signal (conf: 0.75)
00:54:33 | [ANALYSIS] Examining USD/JPY | Time: 02:00 | Bars: 100
00:54:33 | [ANALYSIS] Examining AUD/USD | Time: 02:00 | Bars: 100
00:54:33 | [IDLE] Waiting for next market pulse...
00:54:43 | [36m[STATS][0m --- [CYCLE 714] ---
00:54:43 | [36m[STATS][0m Balance: 97965.06 | Equity: 97958.36 | Active: 3 | Margin: 97816.59 | Util: 0.1%
00:54:43 | [POSITION STATS] Open: 3 | Unrealized: $-6.70 | Daily Loss: $0.00/100.00
00:54:43 | [ANALYSIS] Examining EUR/USD | Time: 02:00 | Bars: 100
00:54:43 | [ANALYSIS] Examining GBP/USD | Time: 02:00 | Bars: 100
00:54:43 | [ANALYSIS] GBP/USD | Price: 1.34326 | RSI: 41.8 | ADX: 44.4 | ML: UP(75%)
00:54:43 | [STRATEGY] Added synthetic ML BUY signal (conf: 0.75)
00:54:43 | [ANALYSIS] Examining USD/JPY | Time: 02:00 | Bars: 100
00:54:43 | [ANALYSIS] Examining AUD/USD | Time: 02:00 | Bars: 100
00:54:43 | [IDLE] Waiting for next market pulse...
00:54:54 | [36m[STATS][0m --- [CYCLE 715] ---
00:54:54 | [36m[STATS][0m Balance: 97965.06 | Equity: 97957.55 | Active: 3 | Margin: 97815.78 | Util: 0.1%
00:54:54 | [POSITION STATS] Open: 3 | Unrealized: $-7.51 | Daily Loss: $0.00/100.00
00:54:54 | [ANALYSIS] Examining EUR/USD | Time: 02:00 | Bars: 100
00:54:54 | [ANALYSIS] Examining GBP/USD | Time: 02:00 | Bars: 100
00:54:54 | [ANALYSIS] GBP/USD | Price: 1.34319 | RSI: 41.4 | ADX: 44.4 | ML: UP(75%)
00:54:54 | [STRATEGY] Added synthetic ML BUY signal (conf: 0.75)
00:54:54 | [ANALYSIS] Examining USD/JPY | Time: 02:00 | Bars: 100
00:54:54 | [ANALYSIS] Examining AUD/USD | Time: 02:00 | Bars: 100
00:54:54 | [SUMMARY] Risk: operational | Positions: 3 | Daily Trades: 1/5 | Exits: 1 (Market: 0, Admin: 1)
00:54:54 | [IDLE] Waiting for next market pulse...
00:55:04 | [36m[STATS][0m --- [CYCLE 716] ---
00:55:04 | [36m[STATS][0m Balance: 97965.06 | Equity: 97958.00 | Active: 3 | Margin: 97816.23 | Util: 0.1%
00:55:04 | [POSITION STATS] Open: 3 | Unrealized: $-7.06 | Daily Loss: $0.00/100.00
00:55:04 | [ANALYSIS] Examining EUR/USD | Time: 02:00 | Bars: 100
00:55:04 | [ANALYSIS] Examining GBP/USD | Time: 02:00 | Bars: 100
00:55:04 | [ANALYSIS] GBP/USD | Price: 1.34319 | RSI: 41.4 | ADX: 44.4 | ML: UP(75%)
00:55:04 | [STRATEGY] Added synthetic ML BUY signal (conf: 0.75)
00:55:04 | [ANALYSIS] Examining USD/JPY | Time: 02:00 | Bars: 100
00:55:04 | [ANALYSIS] Examining AUD/USD | Time: 02:00 | Bars: 100
00:55:04 | [IDLE] Waiting for next market pulse...
00:55:14 | [36m[STATS][0m --- [CYCLE 717] ---
00:55:14 | [36m[STATS][0m Balance: 97965.06 | Equity: 97958.10 | Active: 3 | Margin: 97816.33 | Util: 0.1%
00:55:14 | [POSITION STATS] Open: 3 | Unrealized: $-6.96 | Daily Loss: $0.00/100.00
00:55:14 | [ANALYSIS] Examining EUR/USD | Time: 02:00 | Bars: 100
00:55:14 | [ANALYSIS] Examining GBP/USD | Time: 02:00 | Bars: 100
00:55:14 | [ANALYSIS] GBP/USD | Price: 1.34321 | RSI: 41.5 | ADX: 44.4 | ML: UP(75%)
00:55:14 | [STRATEGY] Added synthetic ML BUY signal (conf: 0.75)
00:55:14 | [ANALYSIS] Examining USD/JPY | Time: 02:00 | Bars: 100
00:55:14 | [ANALYSIS] Examining AUD/USD | Time: 02:00 | Bars: 100
00:55:14 | [IDLE] Waiting for next market pulse...
00:55:25 | [36m[STATS][0m --- [CYCLE 718] ---
00:55:25 | [36m[STATS][0m Balance: 97965.06 | Equity: 97958.64 | Active: 3 | Margin: 97816.87 | Util: 0.1%
00:55:25 | [POSITION STATS] Open: 3 | Unrealized: $-6.42 | Daily Loss: $0.00/100.00
00:55:25 | [ANALYSIS] Examining EUR/USD | Time: 02:00 | Bars: 100
00:55:25 | [ANALYSIS] Examining GBP/USD | Time: 02:00 | Bars: 100
00:55:25 | [ANALYSIS] GBP/USD | Price: 1.34323 | RSI: 41.6 | ADX: 44.4 | ML: UP(75%)
00:55:25 | [STRATEGY] Added synthetic ML BUY signal (conf: 0.75)
00:55:25 | [ANALYSIS] Examining USD/JPY | Time: 02:00 | Bars: 100
00:55:25 | [ANALYSIS] Examining AUD/USD | Time: 02:00 | Bars: 100
00:55:25 | [IDLE] Waiting for next market pulse...
00:55:35 | [36m[STATS][0m --- [CYCLE 719] ---
00:55:35 | [36m[STATS][0m Balance: 97965.06 | Equity: 97958.77 | Active: 3 | Margin: 97817.00 | Util: 0.1%
00:55:35 | [POSITION STATS] Open: 3 | Unrealized: $-6.29 | Daily Loss: $0.00/100.00
00:55:35 | [ANALYSIS] Examining EUR/USD | Time: 02:00 | Bars: 100
00:55:35 | [ANALYSIS] Examining GBP/USD | Time: 02:00 | Bars: 100
00:55:35 | [ANALYSIS] GBP/USD | Price: 1.34324 | RSI: 41.7 | ADX: 44.4 | ML: UP(75%)
00:55:35 | [STRATEGY] Added synthetic ML BUY signal (conf: 0.75)
00:55:35 | [ANALYSIS] Examining USD/JPY | Time: 02:00 | Bars: 100
00:55:35 | [ANALYSIS] Examining AUD/USD | Time: 02:00 | Bars: 100
00:55:35 | [IDLE] Waiting for next market pulse...
00:55:45 | [36m[STATS][0m --- [CYCLE 720] ---
00:55:45 | [36m[STATS][0m Balance: 97965.06 | Equity: 97958.92 | Active: 3 | Margin: 97817.15 | Util: 0.1%
00:55:45 | [POSITION STATS] Open: 3 | Unrealized: $-6.14 | Daily Loss: $0.00/100.00
00:55:45 | [ANALYSIS] Examining EUR/USD | Time: 02:00 | Bars: 100
00:55:45 | [ANALYSIS] Examining GBP/USD | Time: 02:00 | Bars: 100
00:55:45 | [ANALYSIS] GBP/USD | Price: 1.34326 | RSI: 41.8 | ADX: 44.4 | ML: UP(75%)
00:55:45 | [STRATEGY] Added synthetic ML BUY signal (conf: 0.75)
00:55:45 | [ANALYSIS] Examining USD/JPY | Time: 02:00 | Bars: 100
00:55:45 | [ANALYSIS] Examining AUD/USD | Time: 02:00 | Bars: 100
00:55:45 | [SUMMARY] Risk: operational | Positions: 3 | Daily Trades: 1/5 | Exits: 1 (Market: 0, Admin: 1)
00:55:45 | [IDLE] Waiting for next market pulse...
00:55:56 | [36m[STATS][0m --- [CYCLE 721] ---
00:55:56 | [36m[STATS][0m Balance: 97965.06 | Equity: 97958.71 | Active: 3 | Margin: 97816.94 | Util: 0.1%
00:55:56 | [POSITION STATS] Open: 3 | Unrealized: $-6.35 | Daily Loss: $0.00/100.00
00:55:56 | [ANALYSIS] Examining EUR/USD | Time: 02:00 | Bars: 100
00:55:56 | [ANALYSIS] Examining GBP/USD | Time: 02:00 | Bars: 100
00:55:56 | [ANALYSIS] GBP/USD | Price: 1.34323 | RSI: 41.6 | ADX: 44.4 | ML: UP(75%)
00:55:56 | [STRATEGY] Added synthetic ML BUY signal (conf: 0.75)
00:55:56 | [ANALYSIS] Examining USD/JPY | Time: 02:00 | Bars: 100
00:55:56 | [ANALYSIS] Examining AUD/USD | Time: 02:00 | Bars: 100
00:55:56 | [IDLE] Waiting for next market pulse...
00:56:06 | [36m[STATS][0m --- [CYCLE 722] ---
00:56:06 | [36m[STATS][0m Balance: 97965.06 | Equity: 97958.53 | Active: 3 | Margin: 97816.76 | Util: 0.1%
00:56:06 | [POSITION STATS] Open: 3 | Unrealized: $-6.53 | Daily Loss: $0.00/100.00
00:56:06 | [ANALYSIS] Examining EUR/USD | Time: 02:00 | Bars: 100
00:56:06 | [ANALYSIS] Examining GBP/USD | Time: 02:00 | Bars: 100
00:56:06 | [ANALYSIS] GBP/USD | Price: 1.34321 | RSI: 41.5 | ADX: 44.4 | ML: UP(75%)
00:56:06 | [STRATEGY] Added synthetic ML BUY signal (conf: 0.75)
00:56:06 | [ANALYSIS] Examining USD/JPY | Time: 02:00 | Bars: 100
00:56:06 | [ANALYSIS] Examining AUD/USD | Time: 02:00 | Bars: 100
00:56:06 | [IDLE] Waiting for next market pulse...
00:56:16 | [36m[STATS][0m --- [CYCLE 723] ---
00:56:16 | [36m[STATS][0m Balance: 97965.06 | Equity: 97958.69 | Active: 3 | Margin: 97816.92 | Util: 0.1%
00:56:16 | [POSITION STATS] Open: 3 | Unrealized: $-6.37 | Daily Loss: $0.00/100.00
00:56:16 | [ANALYSIS] Examining EUR/USD | Time: 02:00 | Bars: 100
00:56:16 | [ANALYSIS] Examining GBP/USD | Time: 02:00 | Bars: 100
00:56:16 | [ANALYSIS] GBP/USD | Price: 1.34324 | RSI: 41.7 | ADX: 44.4 | ML: UP(75%)
00:56:16 | [STRATEGY] Added synthetic ML BUY signal (conf: 0.75)
00:56:16 | [ANALYSIS] Examining USD/JPY | Time: 02:00 | Bars: 100
00:56:16 | [ANALYSIS] Examining AUD/USD | Time: 02:00 | Bars: 100
00:56:16 | [IDLE] Waiting for next market pulse...
00:56:27 | [36m[STATS][0m --- [CYCLE 724] ---
00:56:27 | [36m[STATS][0m Balance: 97965.06 | Equity: 97958.87 | Active: 3 | Margin: 97817.10 | Util: 0.1%
00:56:27 | [POSITION STATS] Open: 3 | Unrealized: $-6.19 | Daily Loss: $0.00/100.00
00:56:27 | [ANALYSIS] Examining EUR/USD | Time: 02:00 | Bars: 100
00:56:27 | [ANALYSIS] Examining GBP/USD | Time: 02:00 | Bars: 100
00:56:27 | [ANALYSIS] GBP/USD | Price: 1.34324 | RSI: 41.7 | ADX: 44.4 | ML: UP(75%)
00:56:27 | [STRATEGY] Added synthetic ML BUY signal (conf: 0.75)
00:56:27 | [ANALYSIS] Examining USD/JPY | Time: 02:00 | Bars: 100
00:56:27 | [ANALYSIS] Examining AUD/USD | Time: 02:00 | Bars: 100
00:56:27 | [IDLE] Waiting for next market pulse...
00:56:37 | [36m[STATS][0m --- [CYCLE 725] ---
00:56:37 | [36m[STATS][0m Balance: 97965.06 | Equity: 97958.78 | Active: 3 | Margin: 97817.01 | Util: 0.1%
00:56:37 | [POSITION STATS] Open: 3 | Unrealized: $-6.28 | Daily Loss: $0.00/100.00
00:56:37 | [ANALYSIS] Examining EUR/USD | Time: 02:00 | Bars: 100
00:56:37 | [ANALYSIS] Examining GBP/USD | Time: 02:00 | Bars: 100
00:56:37 | [ANALYSIS] GBP/USD | Price: 1.34325 | RSI: 41.7 | ADX: 44.4 | ML: UP(75%)
00:56:37 | [STRATEGY] Added synthetic ML BUY signal (conf: 0.75)
00:56:37 | [ANALYSIS] Examining USD/JPY | Time: 02:00 | Bars: 100
00:56:37 | [ANALYSIS] Examining AUD/USD | Time: 02:00 | Bars: 100
00:56:37 | [SUMMARY] Risk: operational | Positions: 3 | Daily Trades: 1/5 | Exits: 1 (Market: 0, Admin: 1)
00:56:37 | [IDLE] Waiting for next market pulse...
00:56:47 | [36m[STATS][0m --- [CYCLE 726] ---
00:56:47 | [36m[STATS][0m Balance: 97965.06 | Equity: 97959.04 | Active: 3 | Margin: 97817.27 | Util: 0.1%
00:56:47 | [POSITION STATS] Open: 3 | Unrealized: $-6.02 | Daily Loss: $0.00/100.00
00:56:47 | [ANALYSIS] Examining EUR/USD | Time: 02:00 | Bars: 100
00:56:47 | [ANALYSIS] Examining GBP/USD | Time: 02:00 | Bars: 100
00:56:47 | [ANALYSIS] GBP/USD | Price: 1.34321 | RSI: 41.5 | ADX: 44.4 | ML: UP(75%)
00:56:47 | [STRATEGY] Added synthetic ML BUY signal (conf: 0.75)
00:56:47 | [ANALYSIS] Examining USD/JPY | Time: 02:00 | Bars: 100
00:56:47 | [ANALYSIS] Examining AUD/USD | Time: 02:00 | Bars: 100
00:56:47 | [IDLE] Waiting for next market pulse...
00:56:58 | [36m[STATS][0m --- [CYCLE 727] ---
00:56:58 | [36m[STATS][0m Balance: 97965.06 | Equity: 97958.83 | Active: 3 | Margin: 97817.06 | Util: 0.1%
00:56:58 | [POSITION STATS] Open: 3 | Unrealized: $-6.23 | Daily Loss: $0.00/100.00
00:56:58 | [ANALYSIS] Examining EUR/USD | Time: 02:00 | Bars: 100
00:56:58 | [ANALYSIS] Examining GBP/USD | Time: 02:00 | Bars: 100
00:56:58 | [ANALYSIS] GBP/USD | Price: 1.34325 | RSI: 41.7 | ADX: 44.4 | ML: UP(75%)
00:56:58 | [STRATEGY] Added synthetic ML BUY signal (conf: 0.75)
00:56:58 | [ANALYSIS] Examining USD/JPY | Time: 02:00 | Bars: 100
00:56:58 | [ANALYSIS] Examining AUD/USD | Time: 02:00 | Bars: 100
00:56:58 | [IDLE] Waiting for next market pulse...
00:57:08 | [36m[STATS][0m --- [CYCLE 728] ---
00:57:08 | [36m[STATS][0m Balance: 97965.06 | Equity: 97958.93 | Active: 3 | Margin: 97817.16 | Util: 0.1%
00:57:08 | [POSITION STATS] Open: 3 | Unrealized: $-6.13 | Daily Loss: $0.00/100.00
00:57:08 | [ANALYSIS] Examining EUR/USD | Time: 02:00 | Bars: 100
00:57:08 | [ANALYSIS] Examining GBP/USD | Time: 02:00 | Bars: 100
00:57:08 | [ANALYSIS] GBP/USD | Price: 1.34325 | RSI: 41.7 | ADX: 44.4 | ML: UP(75%)
00:57:08 | [STRATEGY] Added synthetic ML BUY signal (conf: 0.75)
00:57:08 | [ANALYSIS] Examining USD/JPY | Time: 02:00 | Bars: 100
00:57:08 | [ANALYSIS] Examining AUD/USD | Time: 02:00 | Bars: 100
00:57:08 | [IDLE] Waiting for next market pulse...
00:57:18 | [36m[STATS][0m --- [CYCLE 729] ---
00:57:18 | [36m[STATS][0m Balance: 97965.06 | Equity: 97959.02 | Active: 3 | Margin: 97817.25 | Util: 0.1%
00:57:18 | [POSITION STATS] Open: 3 | Unrealized: $-6.04 | Daily Loss: $0.00/100.00
00:57:18 | [ANALYSIS] Examining EUR/USD | Time: 02:00 | Bars: 100
00:57:18 | [ANALYSIS] Examining GBP/USD | Time: 02:00 | Bars: 100
00:57:18 | [ANALYSIS] GBP/USD | Price: 1.34329 | RSI: 41.9 | ADX: 44.4 | ML: UP(75%)
00:57:18 | [STRATEGY] Added synthetic ML BUY signal (conf: 0.75)
00:57:18 | [ANALYSIS] Examining USD/JPY | Time: 02:00 | Bars: 100
00:57:18 | [ANALYSIS] Examining AUD/USD | Time: 02:00 | Bars: 100
00:57:18 | [IDLE] Waiting for next market pulse...
00:57:29 | [36m[STATS][0m --- [CYCLE 730] ---
00:57:29 | [36m[STATS][0m Balance: 97965.06 | Equity: 97958.97 | Active: 3 | Margin: 97817.20 | Util: 0.1%
00:57:29 | [POSITION STATS] Open: 3 | Unrealized: $-6.09 | Daily Loss: $0.00/100.00
00:57:29 | [ANALYSIS] Examining EUR/USD | Time: 02:00 | Bars: 100
00:57:29 | [ANALYSIS] Examining GBP/USD | Time: 02:00 | Bars: 100
00:57:29 | [ANALYSIS] GBP/USD | Price: 1.34329 | RSI: 41.9 | ADX: 44.4 | ML: UP(75%)
00:57:29 | [STRATEGY] Added synthetic ML BUY signal (conf: 0.75)
00:57:29 | [ANALYSIS] Examining USD/JPY | Time: 02:00 | Bars: 100
00:57:29 | [ANALYSIS] Examining AUD/USD | Time: 02:00 | Bars: 100
00:57:29 | [SUMMARY] Risk: operational | Positions: 3 | Daily Trades: 1/5 | Exits: 1 (Market: 0, Admin: 1)
00:57:29 | [IDLE] Waiting for next market pulse...
00:57:39 | [36m[STATS][0m --- [CYCLE 731] ---
00:57:39 | [36m[STATS][0m Balance: 97965.06 | Equity: 97959.14 | Active: 3 | Margin: 97817.37 | Util: 0.1%
00:57:39 | [POSITION STATS] Open: 3 | Unrealized: $-5.92 | Daily Loss: $0.00/100.00
00:57:40 | [ANALYSIS] Examining EUR/USD | Time: 02:00 | Bars: 100
00:57:40 | [ANALYSIS] Examining GBP/USD | Time: 02:00 | Bars: 100
00:57:40 | [ANALYSIS] GBP/USD | Price: 1.34329 | RSI: 41.9 | ADX: 44.4 | ML: UP(75%)
00:57:40 | [STRATEGY] Added synthetic ML BUY signal (conf: 0.75)
00:57:40 | [ANALYSIS] Examining USD/JPY | Time: 02:00 | Bars: 100
00:57:40 | [ANALYSIS] Examining AUD/USD | Time: 02:00 | Bars: 100
00:57:40 | [IDLE] Waiting for next market pulse...
00:58:14 | [36m[STATS][0m --- [CYCLE 732] ---
00:58:14 | [36m[STATS][0m Balance: 97965.06 | Equity: 97959.22 | Active: 3 | Margin: 97817.45 | Util: 0.1%
00:58:14 | [POSITION STATS] Open: 3 | Unrealized: $-5.84 | Daily Loss: $0.00/100.00
00:58:15 | [ANALYSIS] Examining EUR/USD | Time: 02:00 | Bars: 100
00:58:15 | [ANALYSIS] Examining GBP/USD | Time: 02:00 | Bars: 100
00:58:15 | [ANALYSIS] GBP/USD | Price: 1.34337 | RSI: 42.3 | ADX: 44.4 | ML: UP(75%)
00:58:15 | [STRATEGY] Added synthetic ML BUY signal (conf: 0.75)
00:58:15 | [ANALYSIS] Examining USD/JPY | Time: 02:00 | Bars: 100
00:58:15 | [ANALYSIS] Examining AUD/USD | Time: 02:00 | Bars: 100
00:58:15 | [IDLE] Waiting for next market pulse...
00:58:25 | [36m[STATS][0m --- [CYCLE 733] ---
00:58:25 | [36m[STATS][0m Balance: 97965.06 | Equity: 97959.22 | Active: 3 | Margin: 97817.45 | Util: 0.1%
00:58:25 | [POSITION STATS] Open: 3 | Unrealized: $-5.84 | Daily Loss: $0.00/100.00
00:58:25 | [ANALYSIS] Examining EUR/USD | Time: 02:00 | Bars: 100
00:58:25 | [ANALYSIS] Examining GBP/USD | Time: 02:00 | Bars: 100
00:58:25 | [ANALYSIS] GBP/USD | Price: 1.34337 | RSI: 42.3 | ADX: 44.4 | ML: UP(75%)
00:58:25 | [STRATEGY] Added synthetic ML BUY signal (conf: 0.75)
00:58:25 | [ANALYSIS] Examining USD/JPY | Time: 02:00 | Bars: 100
00:58:25 | [ANALYSIS] Examining AUD/USD | Time: 02:00 | Bars: 100
00:58:25 | [IDLE] Waiting for next market pulse...
00:58:35 | [36m[STATS][0m --- [CYCLE 734] ---
00:58:35 | [36m[STATS][0m Balance: 97965.06 | Equity: 97959.22 | Active: 3 | Margin: 97817.45 | Util: 0.1%
00:58:35 | [POSITION STATS] Open: 3 | Unrealized: $-5.84 | Daily Loss: $0.00/100.00
00:58:35 | [ANALYSIS] Examining EUR/USD | Time: 02:00 | Bars: 100
00:58:35 | [ANALYSIS] Examining GBP/USD | Time: 02:00 | Bars: 100
00:58:35 | [ANALYSIS] GBP/USD | Price: 1.34337 | RSI: 42.3 | ADX: 44.4 | ML: UP(75%)
00:58:35 | [STRATEGY] Added synthetic ML BUY signal (conf: 0.75)
00:58:35 | [ANALYSIS] Examining USD/JPY | Time: 02:00 | Bars: 100
00:58:35 | [ANALYSIS] Examining AUD/USD | Time: 02:00 | Bars: 100
00:58:35 | [IDLE] Waiting for next market pulse...
00:58:46 | [36m[STATS][0m --- [CYCLE 735] ---
00:58:46 | [36m[STATS][0m Balance: 97965.06 | Equity: 97959.00 | Active: 3 | Margin: 97817.23 | Util: 0.1%
00:58:46 | [POSITION STATS] Open: 3 | Unrealized: $-6.06 | Daily Loss: $0.00/100.00
00:58:46 | [ANALYSIS] Examining EUR/USD | Time: 02:00 | Bars: 100
00:58:46 | [ANALYSIS] Examining GBP/USD | Time: 02:00 | Bars: 100
00:58:46 | [ANALYSIS] GBP/USD | Price: 1.34328 | RSI: 41.9 | ADX: 44.4 | ML: UP(75%)
00:58:46 | [STRATEGY] Added synthetic ML BUY signal (conf: 0.75)
00:58:46 | [ANALYSIS] Examining USD/JPY | Time: 02:00 | Bars: 100
00:58:46 | [ANALYSIS] Examining AUD/USD | Time: 02:00 | Bars: 100
00:58:46 | [SUMMARY] Risk: operational | Positions: 3 | Daily Trades: 1/5 | Exits: 1 (Market: 0, Admin: 1)
00:58:46 | [IDLE] Waiting for next market pulse...
00:58:56 | [36m[STATS][0m --- [CYCLE 736] ---
00:58:56 | [36m[STATS][0m Balance: 97965.06 | Equity: 97958.79 | Active: 3 | Margin: 97817.02 | Util: 0.1%
00:58:56 | [POSITION STATS] Open: 3 | Unrealized: $-6.27 | Daily Loss: $0.00/100.00
00:58:56 | [ANALYSIS] Examining EUR/USD | Time: 02:00 | Bars: 100
00:58:56 | [ANALYSIS] Examining GBP/USD | Time: 02:00 | Bars: 100
00:58:56 | [ANALYSIS] GBP/USD | Price: 1.34326 | RSI: 41.8 | ADX: 44.4 | ML: UP(75%)
00:58:56 | [STRATEGY] Added synthetic ML BUY signal (conf: 0.75)
00:58:56 | [ANALYSIS] Examining USD/JPY | Time: 02:00 | Bars: 100
00:58:56 | [ANALYSIS] Examining AUD/USD | Time: 02:00 | Bars: 100
00:58:56 | [IDLE] Waiting for next market pulse...
00:59:06 | [36m[STATS][0m --- [CYCLE 737] ---
00:59:06 | [36m[STATS][0m Balance: 97965.06 | Equity: 97958.79 | Active: 3 | Margin: 97817.02 | Util: 0.1%
00:59:06 | [POSITION STATS] Open: 3 | Unrealized: $-6.27 | Daily Loss: $0.00/100.00
00:59:06 | [ANALYSIS] Examining EUR/USD | Time: 02:00 | Bars: 100
00:59:06 | [ANALYSIS] Examining GBP/USD | Time: 02:00 | Bars: 100
00:59:06 | [ANALYSIS] GBP/USD | Price: 1.34326 | RSI: 41.8 | ADX: 44.4 | ML: UP(75%)
00:59:06 | [STRATEGY] Added synthetic ML BUY signal (conf: 0.75)
00:59:06 | [ANALYSIS] Examining USD/JPY | Time: 02:00 | Bars: 100
00:59:06 | [ANALYSIS] Examining AUD/USD | Time: 02:00 | Bars: 100
00:59:06 | [IDLE] Waiting for next market pulse...
00:59:17 | [36m[STATS][0m --- [CYCLE 738] ---
00:59:17 | [36m[STATS][0m Balance: 97965.06 | Equity: 97958.07 | Active: 3 | Margin: 97816.30 | Util: 0.1%
00:59:17 | [POSITION STATS] Open: 3 | Unrealized: $-6.99 | Daily Loss: $0.00/100.00
00:59:17 | [ANALYSIS] Examining EUR/USD | Time: 02:00 | Bars: 100
00:59:17 | [ANALYSIS] Examining GBP/USD | Time: 02:00 | Bars: 100
00:59:17 | [ANALYSIS] GBP/USD | Price: 1.34320 | RSI: 41.5 | ADX: 44.4 | ML: UP(75%)
00:59:17 | [STRATEGY] Added synthetic ML BUY signal (conf: 0.75)
00:59:17 | [ANALYSIS] Examining USD/JPY | Time: 02:00 | Bars: 100
00:59:17 | [ANALYSIS] Examining AUD/USD | Time: 02:00 | Bars: 100
00:59:17 | [IDLE] Waiting for next market pulse...
00:59:27 | [36m[STATS][0m --- [CYCLE 739] ---
00:59:27 | [36m[STATS][0m Balance: 97965.06 | Equity: 97958.24 | Active: 3 | Margin: 97816.47 | Util: 0.1%
00:59:27 | [POSITION STATS] Open: 3 | Unrealized: $-6.82 | Daily Loss: $0.00/100.00
00:59:27 | [ANALYSIS] Examining EUR/USD | Time: 02:00 | Bars: 100
00:59:27 | [ANALYSIS] Examining GBP/USD | Time: 02:00 | Bars: 100
00:59:27 | [ANALYSIS] GBP/USD | Price: 1.34321 | RSI: 41.5 | ADX: 44.4 | ML: UP(75%)
00:59:27 | [STRATEGY] Added synthetic ML BUY signal (conf: 0.75)
00:59:27 | [ANALYSIS] Examining USD/JPY | Time: 02:00 | Bars: 100
00:59:27 | [ANALYSIS] Examining AUD/USD | Time: 02:00 | Bars: 100
00:59:27 | [IDLE] Waiting for next market pulse...
00:59:37 | [36m[STATS][0m --- [CYCLE 740] ---
00:59:37 | [36m[STATS][0m Balance: 97965.06 | Equity: 97958.49 | Active: 3 | Margin: 97816.72 | Util: 0.1%
00:59:37 | [POSITION STATS] Open: 3 | Unrealized: $-6.57 | Daily Loss: $0.00/100.00
00:59:37 | [ANALYSIS] Examining EUR/USD | Time: 02:00 | Bars: 100
00:59:37 | [ANALYSIS] Examining GBP/USD | Time: 02:00 | Bars: 100
00:59:37 | [ANALYSIS] GBP/USD | Price: 1.34325 | RSI: 41.7 | ADX: 44.4 | ML: UP(75%)
00:59:37 | [STRATEGY] Added synthetic ML BUY signal (conf: 0.75)
00:59:37 | [ANALYSIS] Examining USD/JPY | Time: 02:00 | Bars: 100
00:59:37 | [ANALYSIS] Examining AUD/USD | Time: 02:00 | Bars: 100
00:59:37 | [SUMMARY] Risk: operational | Positions: 3 | Daily Trades: 1/5 | Exits: 1 (Market: 0, Admin: 1)
00:59:37 | [IDLE] Waiting for next market pulse...
00:59:48 | [36m[STATS][0m --- [CYCLE 741] ---
00:59:48 | [36m[STATS][0m Balance: 97965.06 | Equity: 97958.87 | Active: 3 | Margin: 97817.10 | Util: 0.1%
00:59:48 | [POSITION STATS] Open: 3 | Unrealized: $-6.19 | Daily Loss: $0.00/100.00
00:59:48 | [ANALYSIS] Examining EUR/USD | Time: 02:00 | Bars: 100
00:59:48 | [ANALYSIS] Examining GBP/USD | Time: 02:00 | Bars: 100
00:59:48 | [ANALYSIS] GBP/USD | Price: 1.34324 | RSI: 41.7 | ADX: 44.4 | ML: UP(75%)
00:59:48 | [STRATEGY] Added synthetic ML BUY signal (conf: 0.75)
00:59:48 | [ANALYSIS] Examining USD/JPY | Time: 02:00 | Bars: 100
00:59:48 | [ANALYSIS] Examining AUD/USD | Time: 02:00 | Bars: 100
00:59:48 | [IDLE] Waiting for next market pulse...
00:59:58 | [36m[STATS][0m --- [CYCLE 742] ---
00:59:58 | [36m[STATS][0m Balance: 97965.06 | Equity: 97958.78 | Active: 3 | Margin: 97817.01 | Util: 0.1%
00:59:58 | [POSITION STATS] Open: 3 | Unrealized: $-6.28 | Daily Loss: $0.00/100.00
00:59:58 | [ANALYSIS] Examining EUR/USD | Time: 02:00 | Bars: 100
00:59:58 | [ANALYSIS] Examining GBP/USD | Time: 02:00 | Bars: 100
00:59:58 | [ANALYSIS] GBP/USD | Price: 1.34323 | RSI: 41.6 | ADX: 44.4 | ML: UP(75%)
00:59:58 | [STRATEGY] Added synthetic ML BUY signal (conf: 0.75)
00:59:58 | [ANALYSIS] Examining USD/JPY | Time: 02:00 | Bars: 100
00:59:58 | [ANALYSIS] Examining AUD/USD | Time: 02:00 | Bars: 100
00:59:58 | [IDLE] Waiting for next market pulse...
01:00:08 | [36m[STATS][0m --- [CYCLE 743] ---
01:00:08 | [36m[STATS][0m Balance: 97965.06 | Equity: 97958.81 | Active: 3 | Margin: 97817.04 | Util: 0.1%
01:00:08 | [POSITION STATS] Open: 3 | Unrealized: $-6.25 | Daily Loss: $0.00/100.00
01:00:08 | [ANALYSIS] Examining EUR/USD | Time: 03:00 | Bars: 100
01:00:08 | [ANALYSIS] Examining GBP/USD | Time: 03:00 | Bars: 100
01:00:08 | [ANALYSIS] GBP/USD | Price: 1.34321 | RSI: 41.4 | ADX: 43.3 | ML: UP(75%)
01:00:08 | [STRATEGY] Added synthetic ML BUY signal (conf: 0.75)
01:00:08 | [ANALYSIS] Examining USD/JPY | Time: 03:00 | Bars: 100
01:00:08 | [ANALYSIS] Examining AUD/USD | Time: 03:00 | Bars: 100
01:00:08 | [IDLE] Waiting for next market pulse...
01:00:19 | [36m[STATS][0m --- [CYCLE 744] ---
01:00:19 | [36m[STATS][0m Balance: 97965.06 | Equity: 97958.91 | Active: 3 | Margin: 97817.14 | Util: 0.1%
01:00:19 | [POSITION STATS] Open: 3 | Unrealized: $-6.15 | Daily Loss: $0.00/100.00
01:00:19 | [ANALYSIS] Examining EUR/USD | Time: 03:00 | Bars: 100
01:00:19 | [ANALYSIS] Examining GBP/USD | Time: 03:00 | Bars: 100
01:00:19 | [ANALYSIS] GBP/USD | Price: 1.34322 | RSI: 41.5 | ADX: 43.3 | ML: UP(75%)
01:00:19 | [STRATEGY] Added synthetic ML BUY signal (conf: 0.75)
01:00:19 | [ANALYSIS] Examining USD/JPY | Time: 03:00 | Bars: 100
01:00:19 | [ANALYSIS] Examining AUD/USD | Time: 03:00 | Bars: 100
01:00:19 | [IDLE] Waiting for next market pulse...
01:00:29 | [36m[STATS][0m --- [CYCLE 745] ---
01:00:29 | [36m[STATS][0m Balance: 97965.06 | Equity: 97959.01 | Active: 3 | Margin: 97817.24 | Util: 0.1%
01:00:29 | [POSITION STATS] Open: 3 | Unrealized: $-6.05 | Daily Loss: $0.00/100.00
01:00:29 | [ANALYSIS] Examining EUR/USD | Time: 03:00 | Bars: 100
01:00:29 | [ANALYSIS] Examining GBP/USD | Time: 03:00 | Bars: 100
01:00:29 | [ANALYSIS] GBP/USD | Price: 1.34324 | RSI: 41.6 | ADX: 43.3 | ML: UP(75%)
01:00:29 | [STRATEGY] Added synthetic ML BUY signal (conf: 0.75)
01:00:29 | [ANALYSIS] Examining USD/JPY | Time: 03:00 | Bars: 100
01:00:29 | [ANALYSIS] Examining AUD/USD | Time: 03:00 | Bars: 100
01:00:29 | [SUMMARY] Risk: operational | Positions: 3 | Daily Trades: 1/5 | Exits: 1 (Market: 0, Admin: 1)
01:00:29 | [IDLE] Waiting for next market pulse...
01:00:39 | [36m[STATS][0m --- [CYCLE 746] ---
01:00:39 | [36m[STATS][0m Balance: 97965.06 | Equity: 97959.07 | Active: 3 | Margin: 97817.30 | Util: 0.1%
01:00:39 | [POSITION STATS] Open: 3 | Unrealized: $-5.99 | Daily Loss: $0.00/100.00
01:00:39 | [ANALYSIS] Examining EUR/USD | Time: 03:00 | Bars: 100
01:00:39 | [ANALYSIS] Examining GBP/USD | Time: 03:00 | Bars: 100
01:00:39 | [ANALYSIS] GBP/USD | Price: 1.34325 | RSI: 41.7 | ADX: 43.3 | ML: UP(75%)
01:00:39 | [STRATEGY] Added synthetic ML BUY signal (conf: 0.75)
01:00:39 | [ANALYSIS] Examining USD/JPY | Time: 03:00 | Bars: 100
01:00:39 | [ANALYSIS] Examining AUD/USD | Time: 03:00 | Bars: 100
01:00:39 | [IDLE] Waiting for next market pulse...
01:00:50 | [36m[STATS][0m --- [CYCLE 747] ---
01:00:50 | [36m[STATS][0m Balance: 97965.06 | Equity: 97959.39 | Active: 3 | Margin: 97817.62 | Util: 0.1%
01:00:50 | [POSITION STATS] Open: 3 | Unrealized: $-5.67 | Daily Loss: $0.00/100.00
01:00:50 | [ANALYSIS] Examining EUR/USD | Time: 03:00 | Bars: 100
01:00:50 | [ANALYSIS] Examining GBP/USD | Time: 03:00 | Bars: 100
01:00:50 | [ANALYSIS] GBP/USD | Price: 1.34328 | RSI: 41.9 | ADX: 43.3 | ML: UP(75%)
01:00:50 | [STRATEGY] Added synthetic ML BUY signal (conf: 0.75)
01:00:50 | [ANALYSIS] Examining USD/JPY | Time: 03:00 | Bars: 100
01:00:50 | [ANALYSIS] Examining AUD/USD | Time: 03:00 | Bars: 100
01:00:50 | [IDLE] Waiting for next market pulse...
01:01:00 | [36m[STATS][0m --- [CYCLE 748] ---
01:01:00 | [36m[STATS][0m Balance: 97965.06 | Equity: 97959.26 | Active: 3 | Margin: 97817.49 | Util: 0.1%
01:01:00 | [POSITION STATS] Open: 3 | Unrealized: $-5.80 | Daily Loss: $0.00/100.00
01:01:00 | [ANALYSIS] Examining EUR/USD | Time: 03:00 | Bars: 100
01:01:00 | [ANALYSIS] Examining GBP/USD | Time: 03:00 | Bars: 100
01:01:00 | [ANALYSIS] GBP/USD | Price: 1.34330 | RSI: 42.1 | ADX: 43.3 | ML: UP(75%)
01:01:00 | [STRATEGY] Added synthetic ML BUY signal (conf: 0.75)
01:01:00 | [ANALYSIS] Examining USD/JPY | Time: 03:00 | Bars: 100
01:01:00 | [ANALYSIS] Examining AUD/USD | Time: 03:00 | Bars: 100
01:01:00 | [IDLE] Waiting for next market pulse...
01:01:10 | [36m[STATS][0m --- [CYCLE 749] ---
01:01:10 | [36m[STATS][0m Balance: 97965.06 | Equity: 97958.85 | Active: 3 | Margin: 97817.08 | Util: 0.1%
01:01:10 | [POSITION STATS] Open: 3 | Unrealized: $-6.21 | Daily Loss: $0.00/100.00
01:01:10 | [ANALYSIS] Examining EUR/USD | Time: 03:00 | Bars: 100
01:01:10 | [ANALYSIS] Examining GBP/USD | Time: 03:00 | Bars: 100
01:01:10 | [ANALYSIS] GBP/USD | Price: 1.34321 | RSI: 41.4 | ADX: 43.3 | ML: UP(75%)
01:01:10 | [STRATEGY] Added synthetic ML BUY signal (conf: 0.75)
01:01:10 | [ANALYSIS] Examining USD/JPY | Time: 03:00 | Bars: 100
01:01:10 | [ANALYSIS] Examining AUD/USD | Time: 03:00 | Bars: 100
01:01:10 | [IDLE] Waiting for next market pulse...
01:01:21 | [36m[STATS][0m --- [CYCLE 750] ---
01:01:21 | [36m[STATS][0m Balance: 97965.06 | Equity: 97958.94 | Active: 3 | Margin: 97817.17 | Util: 0.1%
01:01:21 | [POSITION STATS] Open: 3 | Unrealized: $-6.12 | Daily Loss: $0.00/100.00
01:01:21 | [ANALYSIS] Examining EUR/USD | Time: 03:00 | Bars: 100
01:01:21 | [ANALYSIS] Examining GBP/USD | Time: 03:00 | Bars: 100
01:01:21 | [ANALYSIS] GBP/USD | Price: 1.34331 | RSI: 42.1 | ADX: 43.3 | ML: UP(75%)
01:01:21 | [STRATEGY] Added synthetic ML BUY signal (conf: 0.75)
01:01:21 | [ANALYSIS] Examining USD/JPY | Time: 03:00 | Bars: 100
01:01:21 | [ANALYSIS] Examining AUD/USD | Time: 03:00 | Bars: 100
01:01:21 | [SUMMARY] Risk: operational | Positions: 3 | Daily Trades: 1/5 | Exits: 1 (Market: 0, Admin: 1)
01:01:21 | [IDLE] Waiting for next market pulse...
01:01:31 | [36m[STATS][0m --- [CYCLE 751] ---
01:01:31 | [36m[STATS][0m Balance: 97965.06 | Equity: 97958.27 | Active: 3 | Margin: 97816.50 | Util: 0.1%
01:01:31 | [POSITION STATS] Open: 3 | Unrealized: $-6.79 | Daily Loss: $0.00/100.00
01:01:31 | [ANALYSIS] Examining EUR/USD | Time: 03:00 | Bars: 100
01:01:31 | [ANALYSIS] Examining GBP/USD | Time: 03:00 | Bars: 100
01:01:31 | [ANALYSIS] GBP/USD | Price: 1.34326 | RSI: 41.8 | ADX: 43.3 | ML: UP(75%)
01:01:31 | [STRATEGY] Added synthetic ML BUY signal (conf: 0.75)
01:01:31 | [ANALYSIS] Examining USD/JPY | Time: 03:00 | Bars: 100
01:01:31 | [ANALYSIS] Examining AUD/USD | Time: 03:00 | Bars: 100
01:01:31 | [IDLE] Waiting for next market pulse...
01:01:41 | [36m[STATS][0m --- [CYCLE 752] ---
01:01:41 | [36m[STATS][0m Balance: 97965.06 | Equity: 97958.54 | Active: 3 | Margin: 97816.77 | Util: 0.1%
01:01:41 | [POSITION STATS] Open: 3 | Unrealized: $-6.52 | Daily Loss: $0.00/100.00
01:01:41 | [ANALYSIS] Examining EUR/USD | Time: 03:00 | Bars: 100
01:01:41 | [ANALYSIS] Examining GBP/USD | Time: 03:00 | Bars: 100
01:01:41 | [ANALYSIS] GBP/USD | Price: 1.34330 | RSI: 42.1 | ADX: 43.3 | ML: UP(75%)
01:01:41 | [STRATEGY] Added synthetic ML BUY signal (conf: 0.75)
01:01:41 | [ANALYSIS] Examining USD/JPY | Time: 03:00 | Bars: 100
01:01:41 | [ANALYSIS] Examining AUD/USD | Time: 03:00 | Bars: 100
01:01:41 | [IDLE] Waiting for next market pulse...
01:01:52 | [36m[STATS][0m --- [CYCLE 753] ---
01:01:52 | [36m[STATS][0m Balance: 97965.06 | Equity: 97958.39 | Active: 3 | Margin: 97816.62 | Util: 0.1%
01:01:52 | [POSITION STATS] Open: 3 | Unrealized: $-6.67 | Daily Loss: $0.00/100.00
01:01:52 | [ANALYSIS] Examining EUR/USD | Time: 03:00 | Bars: 100
01:01:52 | [ANALYSIS] Examining GBP/USD | Time: 03:00 | Bars: 100
01:01:52 | [ANALYSIS] GBP/USD | Price: 1.34332 | RSI: 42.2 | ADX: 43.3 | ML: UP(75%)
01:01:52 | [STRATEGY] Added synthetic ML BUY signal (conf: 0.75)
01:01:52 | [ANALYSIS] Examining USD/JPY | Time: 03:00 | Bars: 100
01:01:52 | [ANALYSIS] Examining AUD/USD | Time: 03:00 | Bars: 100
01:01:52 | [IDLE] Waiting for next market pulse...
01:02:02 | [36m[STATS][0m --- [CYCLE 754] ---
01:02:02 | [36m[STATS][0m Balance: 97965.06 | Equity: 97958.01 | Active: 3 | Margin: 97816.24 | Util: 0.1%
01:02:02 | [POSITION STATS] Open: 3 | Unrealized: $-7.05 | Daily Loss: $0.00/100.00
01:02:02 | [ANALYSIS] Examining EUR/USD | Time: 03:00 | Bars: 100
01:02:02 | [ANALYSIS] Examining GBP/USD | Time: 03:00 | Bars: 100
01:02:02 | [ANALYSIS] GBP/USD | Price: 1.34326 | RSI: 41.8 | ADX: 43.3 | ML: UP(75%)
01:02:02 | [STRATEGY] Added synthetic ML BUY signal (conf: 0.75)
01:02:02 | [ANALYSIS] Examining USD/JPY | Time: 03:00 | Bars: 100
01:02:02 | [ANALYSIS] Examining AUD/USD | Time: 03:00 | Bars: 100
01:02:02 | [IDLE] Waiting for next market pulse...
01:02:12 | [36m[STATS][0m --- [CYCLE 755] ---
01:02:12 | [36m[STATS][0m Balance: 97965.06 | Equity: 97958.36 | Active: 3 | Margin: 97816.59 | Util: 0.1%
01:02:12 | [POSITION STATS] Open: 3 | Unrealized: $-6.70 | Daily Loss: $0.00/100.00
01:02:12 | [ANALYSIS] Examining EUR/USD | Time: 03:00 | Bars: 100
01:02:12 | [ANALYSIS] Examining GBP/USD | Time: 03:00 | Bars: 100
01:02:12 | [ANALYSIS] GBP/USD | Price: 1.34327 | RSI: 41.8 | ADX: 43.3 | ML: UP(75%)
01:02:12 | [STRATEGY] Added synthetic ML BUY signal (conf: 0.75)
01:02:12 | [ANALYSIS] Examining USD/JPY | Time: 03:00 | Bars: 100
01:02:12 | [ANALYSIS] Examining AUD/USD | Time: 03:00 | Bars: 100
01:02:12 | [SUMMARY] Risk: operational | Positions: 3 | Daily Trades: 1/5 | Exits: 1 (Market: 0, Admin: 1)
01:02:12 | [IDLE] Waiting for next market pulse...
01:02:23 | [36m[STATS][0m --- [CYCLE 756] ---
01:02:23 | [36m[STATS][0m Balance: 97965.06 | Equity: 97958.49 | Active: 3 | Margin: 97816.72 | Util: 0.1%
01:02:23 | [POSITION STATS] Open: 3 | Unrealized: $-6.57 | Daily Loss: $0.00/100.00
01:02:23 | [ANALYSIS] Examining EUR/USD | Time: 03:00 | Bars: 100
01:02:23 | [ANALYSIS] Examining GBP/USD | Time: 03:00 | Bars: 100
01:02:23 | [ANALYSIS] GBP/USD | Price: 1.34325 | RSI: 41.7 | ADX: 43.3 | ML: UP(75%)
01:02:23 | [STRATEGY] Added synthetic ML BUY signal (conf: 0.75)
01:02:23 | [ANALYSIS] Examining USD/JPY | Time: 03:00 | Bars: 100
01:02:23 | [ANALYSIS] Examining AUD/USD | Time: 03:00 | Bars: 100
01:02:23 | [IDLE] Waiting for next market pulse...
01:02:33 | [36m[STATS][0m --- [CYCLE 757] ---
01:02:33 | [36m[STATS][0m Balance: 97965.06 | Equity: 97958.54 | Active: 3 | Margin: 97816.77 | Util: 0.1%
01:02:33 | [POSITION STATS] Open: 3 | Unrealized: $-6.52 | Daily Loss: $0.00/100.00
01:02:33 | [ANALYSIS] Examining EUR/USD | Time: 03:00 | Bars: 100
01:02:33 | [ANALYSIS] Examining GBP/USD | Time: 03:00 | Bars: 100
01:02:33 | [ANALYSIS] GBP/USD | Price: 1.34326 | RSI: 41.8 | ADX: 43.3 | ML: UP(75%)
01:02:33 | [STRATEGY] Added synthetic ML BUY signal (conf: 0.75)
01:02:33 | [ANALYSIS] Examining USD/JPY | Time: 03:00 | Bars: 100
01:02:33 | [ANALYSIS] Examining AUD/USD | Time: 03:00 | Bars: 100
01:02:33 | [IDLE] Waiting for next market pulse...
01:02:43 | [36m[STATS][0m --- [CYCLE 758] ---
01:02:43 | [36m[STATS][0m Balance: 97965.06 | Equity: 97958.41 | Active: 3 | Margin: 97816.64 | Util: 0.1%
01:02:43 | [POSITION STATS] Open: 3 | Unrealized: $-6.65 | Daily Loss: $0.00/100.00
01:02:43 | [ANALYSIS] Examining EUR/USD | Time: 03:00 | Bars: 100
01:02:43 | [ANALYSIS] Examining GBP/USD | Time: 03:00 | Bars: 100
01:02:43 | [ANALYSIS] GBP/USD | Price: 1.34326 | RSI: 41.8 | ADX: 43.3 | ML: UP(75%)
01:02:43 | [STRATEGY] Added synthetic ML BUY signal (conf: 0.75)
01:02:43 | [ANALYSIS] Examining USD/JPY | Time: 03:00 | Bars: 100
01:02:43 | [ANALYSIS] Examining AUD/USD | Time: 03:00 | Bars: 100
01:02:43 | [IDLE] Waiting for next market pulse...
01:02:54 | [36m[STATS][0m --- [CYCLE 759] ---
01:02:54 | [36m[STATS][0m Balance: 97965.06 | Equity: 97958.54 | Active: 3 | Margin: 97816.77 | Util: 0.1%
01:02:54 | [POSITION STATS] Open: 3 | Unrealized: $-6.52 | Daily Loss: $0.00/100.00
01:02:54 | [ANALYSIS] Examining EUR/USD | Time: 03:00 | Bars: 100
01:02:54 | [ANALYSIS] Examining GBP/USD | Time: 03:00 | Bars: 100
01:02:54 | [ANALYSIS] GBP/USD | Price: 1.34327 | RSI: 41.8 | ADX: 43.3 | ML: UP(75%)
01:02:54 | [STRATEGY] Added synthetic ML BUY signal (conf: 0.75)
01:02:54 | [ANALYSIS] Examining USD/JPY | Time: 03:00 | Bars: 100
01:02:54 | [ANALYSIS] Examining AUD/USD | Time: 03:00 | Bars: 100
01:02:54 | [IDLE] Waiting for next market pulse...
01:03:04 | [36m[STATS][0m --- [CYCLE 760] ---
01:03:04 | [36m[STATS][0m Balance: 97965.06 | Equity: 97959.68 | Active: 3 | Margin: 97817.91 | Util: 0.1%
01:03:04 | [POSITION STATS] Open: 3 | Unrealized: $-5.38 | Daily Loss: $0.00/100.00
01:03:04 | [ANALYSIS] Examining EUR/USD | Time: 03:00 | Bars: 100
01:03:04 | [ANALYSIS] Examining GBP/USD | Time: 03:00 | Bars: 100
01:03:04 | [ANALYSIS] GBP/USD | Price: 1.34331 | RSI: 42.1 | ADX: 43.3 | ML: UP(75%)
01:03:04 | [STRATEGY] Added synthetic ML BUY signal (conf: 0.75)
01:03:04 | [ANALYSIS] Examining USD/JPY | Time: 03:00 | Bars: 100
01:03:04 | [ANALYSIS] Examining AUD/USD | Time: 03:00 | Bars: 100
01:03:04 | [SUMMARY] Risk: operational | Positions: 3 | Daily Trades: 1/5 | Exits: 1 (Market: 0, Admin: 1)
01:03:04 | [IDLE] Waiting for next market pulse...
01:03:14 | [36m[STATS][0m --- [CYCLE 761] ---
01:03:14 | [36m[STATS][0m Balance: 97965.06 | Equity: 97959.49 | Active: 3 | Margin: 97817.72 | Util: 0.1%
01:03:14 | [POSITION STATS] Open: 3 | Unrealized: $-5.57 | Daily Loss: $0.00/100.00
01:03:14 | [ANALYSIS] Examining EUR/USD | Time: 03:00 | Bars: 100
01:03:14 | [ANALYSIS] Examining GBP/USD | Time: 03:00 | Bars: 100
01:03:14 | [ANALYSIS] GBP/USD | Price: 1.34336 | RSI: 42.5 | ADX: 43.3 | ML: UP(75%)
01:03:14 | [STRATEGY] Added synthetic ML BUY signal (conf: 0.75)
01:03:14 | [ANALYSIS] Examining USD/JPY | Time: 03:00 | Bars: 100
01:03:14 | [ANALYSIS] Examining AUD/USD | Time: 03:00 | Bars: 100
01:03:14 | [IDLE] Waiting for next market pulse...
01:03:25 | [36m[STATS][0m --- [CYCLE 762] ---
01:03:25 | [36m[STATS][0m Balance: 97965.06 | Equity: 97958.90 | Active: 3 | Margin: 97817.13 | Util: 0.1%
01:03:25 | [POSITION STATS] Open: 3 | Unrealized: $-6.16 | Daily Loss: $0.00/100.00
01:03:25 | [ANALYSIS] Examining EUR/USD | Time: 03:00 | Bars: 100
01:03:25 | [ANALYSIS] Examining GBP/USD | Time: 03:00 | Bars: 100
01:03:25 | [ANALYSIS] GBP/USD | Price: 1.34331 | RSI: 42.1 | ADX: 43.3 | ML: UP(75%)
01:03:25 | [STRATEGY] Added synthetic ML BUY signal (conf: 0.75)
01:03:25 | [ANALYSIS] Examining USD/JPY | Time: 03:00 | Bars: 100
01:03:25 | [ANALYSIS] Examining AUD/USD | Time: 03:00 | Bars: 100
01:03:25 | [IDLE] Waiting for next market pulse...
01:03:35 | [36m[STATS][0m --- [CYCLE 763] ---
01:03:35 | [36m[STATS][0m Balance: 97965.06 | Equity: 97958.35 | Active: 3 | Margin: 97816.58 | Util: 0.1%
01:03:35 | [POSITION STATS] Open: 3 | Unrealized: $-6.71 | Daily Loss: $0.00/100.00
01:03:35 | [ANALYSIS] Examining EUR/USD | Time: 03:00 | Bars: 100
01:03:35 | [ANALYSIS] Examining GBP/USD | Time: 03:00 | Bars: 100
01:03:35 | [ANALYSIS] GBP/USD | Price: 1.34330 | RSI: 42.1 | ADX: 43.3 | ML: UP(75%)
01:03:35 | [STRATEGY] Added synthetic ML BUY signal (conf: 0.75)
01:03:35 | [ANALYSIS] Examining USD/JPY | Time: 03:00 | Bars: 100
01:03:35 | [ANALYSIS] Examining AUD/USD | Time: 03:00 | Bars: 100
01:03:35 | [IDLE] Waiting for next market pulse...
01:03:45 | [36m[STATS][0m --- [CYCLE 764] ---
01:03:45 | [36m[STATS][0m Balance: 97965.06 | Equity: 97958.33 | Active: 3 | Margin: 97816.56 | Util: 0.1%
01:03:45 | [POSITION STATS] Open: 3 | Unrealized: $-6.73 | Daily Loss: $0.00/100.00
01:03:45 | [ANALYSIS] Examining EUR/USD | Time: 03:00 | Bars: 100
01:03:45 | [ANALYSIS] Examining GBP/USD | Time: 03:00 | Bars: 100
01:03:45 | [ANALYSIS] GBP/USD | Price: 1.34331 | RSI: 42.1 | ADX: 43.3 | ML: UP(75%)
01:03:45 | [STRATEGY] Added synthetic ML BUY signal (conf: 0.75)
01:03:45 | [ANALYSIS] Examining USD/JPY | Time: 03:00 | Bars: 100
01:03:45 | [ANALYSIS] Examining AUD/USD | Time: 03:00 | Bars: 100
01:03:45 | [IDLE] Waiting for next market pulse...
01:03:56 | [36m[STATS][0m --- [CYCLE 765] ---
01:03:56 | [36m[STATS][0m Balance: 97965.06 | Equity: 97958.23 | Active: 3 | Margin: 97816.46 | Util: 0.1%
01:03:56 | [POSITION STATS] Open: 3 | Unrealized: $-6.83 | Daily Loss: $0.00/100.00
01:03:56 | [ANALYSIS] Examining EUR/USD | Time: 03:00 | Bars: 100
01:03:56 | [ANALYSIS] Examining GBP/USD | Time: 03:00 | Bars: 100
01:03:56 | [ANALYSIS] GBP/USD | Price: 1.34328 | RSI: 41.9 | ADX: 43.3 | ML: UP(75%)
01:03:56 | [STRATEGY] Added synthetic ML BUY signal (conf: 0.75)
01:03:56 | [ANALYSIS] Examining USD/JPY | Time: 03:00 | Bars: 100
01:03:56 | [ANALYSIS] Examining AUD/USD | Time: 03:00 | Bars: 100
01:03:56 | [SUMMARY] Risk: operational | Positions: 3 | Daily Trades: 1/5 | Exits: 1 (Market: 0, Admin: 1)
01:03:56 | [IDLE] Waiting for next market pulse...
01:04:06 | [36m[STATS][0m --- [CYCLE 766] ---
01:04:06 | [36m[STATS][0m Balance: 97965.06 | Equity: 97958.06 | Active: 3 | Margin: 97816.29 | Util: 0.1%
01:04:06 | [POSITION STATS] Open: 3 | Unrealized: $-7.00 | Daily Loss: $0.00/100.00
01:04:06 | [ANALYSIS] Examining EUR/USD | Time: 03:00 | Bars: 100
01:04:06 | [ANALYSIS] Examining GBP/USD | Time: 03:00 | Bars: 100
01:04:06 | [ANALYSIS] GBP/USD | Price: 1.34331 | RSI: 42.1 | ADX: 43.3 | ML: UP(75%)
01:04:06 | [STRATEGY] Added synthetic ML BUY signal (conf: 0.75)
01:04:06 | [ANALYSIS] Examining USD/JPY | Time: 03:00 | Bars: 100
01:04:06 | [ANALYSIS] Examining AUD/USD | Time: 03:00 | Bars: 100
01:04:06 | [IDLE] Waiting for next market pulse...
01:04:16 | [36m[STATS][0m --- [CYCLE 767] ---
01:04:16 | [36m[STATS][0m Balance: 97965.06 | Equity: 97958.92 | Active: 3 | Margin: 97817.15 | Util: 0.1%
01:04:16 | [POSITION STATS] Open: 3 | Unrealized: $-6.14 | Daily Loss: $0.00/100.00
01:04:16 | [ANALYSIS] Examining EUR/USD | Time: 03:00 | Bars: 100
01:04:16 | [ANALYSIS] Examining GBP/USD | Time: 03:00 | Bars: 100
01:04:16 | [ANALYSIS] GBP/USD | Price: 1.34335 | RSI: 42.4 | ADX: 43.3 | ML: UP(75%)
01:04:16 | [STRATEGY] Added synthetic ML BUY signal (conf: 0.75)
01:04:16 | [ANALYSIS] Examining USD/JPY | Time: 03:00 | Bars: 100
01:04:16 | [ANALYSIS] Examining AUD/USD | Time: 03:00 | Bars: 100
01:04:16 | [IDLE] Waiting for next market pulse...
01:04:27 | [36m[STATS][0m --- [CYCLE 768] ---
01:04:27 | [36m[STATS][0m Balance: 97965.06 | Equity: 97958.87 | Active: 3 | Margin: 97817.10 | Util: 0.1%
01:04:27 | [POSITION STATS] Open: 3 | Unrealized: $-6.19 | Daily Loss: $0.00/100.00
01:04:27 | [ANALYSIS] Examining EUR/USD | Time: 03:00 | Bars: 100
01:04:27 | [ANALYSIS] Examining GBP/USD | Time: 03:00 | Bars: 100
01:04:27 | [ANALYSIS] GBP/USD | Price: 1.34336 | RSI: 42.5 | ADX: 43.3 | ML: UP(75%)
01:04:27 | [STRATEGY] Added synthetic ML BUY signal (conf: 0.75)
01:04:27 | [ANALYSIS] Examining USD/JPY | Time: 03:00 | Bars: 100
01:04:27 | [ANALYSIS] Examining AUD/USD | Time: 03:00 | Bars: 100
01:04:27 | [IDLE] Waiting for next market pulse...
01:04:37 | [36m[STATS][0m --- [CYCLE 769] ---
01:04:37 | [36m[STATS][0m Balance: 97965.06 | Equity: 97957.79 | Active: 3 | Margin: 97816.02 | Util: 0.1%
01:04:37 | [POSITION STATS] Open: 3 | Unrealized: $-7.27 | Daily Loss: $0.00/100.00
01:04:37 | [ANALYSIS] Examining EUR/USD | Time: 03:00 | Bars: 100
01:04:37 | [ANALYSIS] Examining GBP/USD | Time: 03:00 | Bars: 100
01:04:37 | [ANALYSIS] GBP/USD | Price: 1.34332 | RSI: 42.2 | ADX: 43.3 | ML: UP(75%)
01:04:37 | [STRATEGY] Added synthetic ML BUY signal (conf: 0.75)
01:04:37 | [ANALYSIS] Examining USD/JPY | Time: 03:00 | Bars: 100
01:04:37 | [ANALYSIS] Examining AUD/USD | Time: 03:00 | Bars: 100
01:04:37 | [IDLE] Waiting for next market pulse...
01:04:47 | [36m[STATS][0m --- [CYCLE 770] ---
01:04:47 | [36m[STATS][0m Balance: 97965.06 | Equity: 97957.38 | Active: 3 | Margin: 97815.61 | Util: 0.1%
01:04:47 | [POSITION STATS] Open: 3 | Unrealized: $-7.68 | Daily Loss: $0.00/100.00
01:04:47 | [ANALYSIS] Examining EUR/USD | Time: 03:00 | Bars: 100
01:04:47 | [ANALYSIS] Examining GBP/USD | Time: 03:00 | Bars: 100
01:04:47 | [ANALYSIS] GBP/USD | Price: 1.34325 | RSI: 41.7 | ADX: 43.3 | ML: UP(75%)
01:04:47 | [STRATEGY] Added synthetic ML BUY signal (conf: 0.75)
01:04:47 | [ANALYSIS] Examining USD/JPY | Time: 03:00 | Bars: 100
01:04:47 | [ANALYSIS] Examining AUD/USD | Time: 03:00 | Bars: 100
01:04:47 | [SUMMARY] Risk: operational | Positions: 3 | Daily Trades: 1/5 | Exits: 1 (Market: 0, Admin: 1)
01:04:47 | [IDLE] Waiting for next market pulse...
01:04:58 | [36m[STATS][0m --- [CYCLE 771] ---
01:04:58 | [36m[STATS][0m Balance: 97965.06 | Equity: 97957.03 | Active: 3 | Margin: 97815.26 | Util: 0.1%
01:04:58 | [POSITION STATS] Open: 3 | Unrealized: $-8.03 | Daily Loss: $0.00/100.00
01:04:58 | [ANALYSIS] Examining EUR/USD | Time: 03:00 | Bars: 100
01:04:58 | [ANALYSIS] Examining GBP/USD | Time: 03:00 | Bars: 100
01:04:58 | [ANALYSIS] GBP/USD | Price: 1.34322 | RSI: 41.5 | ADX: 43.3 | ML: UP(75%)
01:04:58 | [STRATEGY] Added synthetic ML BUY signal (conf: 0.75)
01:04:58 | [ANALYSIS] Examining USD/JPY | Time: 03:00 | Bars: 100
01:04:58 | [ANALYSIS] Examining AUD/USD | Time: 03:00 | Bars: 100
01:04:58 | [IDLE] Waiting for next market pulse...
01:05:08 | [36m[STATS][0m --- [CYCLE 772] ---
01:05:08 | [36m[STATS][0m Balance: 97965.06 | Equity: 97956.80 | Active: 3 | Margin: 97815.03 | Util: 0.1%
01:05:08 | [POSITION STATS] Open: 3 | Unrealized: $-8.26 | Daily Loss: $0.00/100.00
01:05:08 | [ANALYSIS] Examining EUR/USD | Time: 03:00 | Bars: 100
01:05:08 | [ANALYSIS] Examining GBP/USD | Time: 03:00 | Bars: 100
01:05:08 | [ANALYSIS] GBP/USD | Price: 1.34319 | RSI: 41.3 | ADX: 43.3 | ML: UP(75%)
01:05:08 | [STRATEGY] Added synthetic ML BUY signal (conf: 0.75)
01:05:08 | [ANALYSIS] Examining USD/JPY | Time: 03:00 | Bars: 100
01:05:08 | [ANALYSIS] Examining AUD/USD | Time: 03:00 | Bars: 100
01:05:08 | [IDLE] Waiting for next market pulse...
01:05:18 | [36m[STATS][0m --- [CYCLE 773] ---
01:05:18 | [36m[STATS][0m Balance: 97965.06 | Equity: 97956.10 | Active: 3 | Margin: 97814.33 | Util: 0.1%
01:05:18 | [POSITION STATS] Open: 3 | Unrealized: $-8.96 | Daily Loss: $0.00/100.00
01:05:18 | [ANALYSIS] Examining EUR/USD | Time: 03:00 | Bars: 100
01:05:18 | [ANALYSIS] Examining GBP/USD | Time: 03:00 | Bars: 100
01:05:18 | [ANALYSIS] GBP/USD | Price: 1.34315 | RSI: 41.1 | ADX: 43.3 | ML: UP(75%)
01:05:18 | [STRATEGY] Added synthetic ML BUY signal (conf: 0.75)
01:05:18 | [ANALYSIS] Examining USD/JPY | Time: 03:00 | Bars: 100
01:05:18 | [ANALYSIS] Examining AUD/USD | Time: 03:00 | Bars: 100
01:05:18 | [IDLE] Waiting for next market pulse...
01:05:29 | [36m[STATS][0m --- [CYCLE 774] ---
01:05:29 | [36m[STATS][0m Balance: 97965.06 | Equity: 97956.33 | Active: 3 | Margin: 97814.56 | Util: 0.1%
01:05:29 | [POSITION STATS] Open: 3 | Unrealized: $-8.73 | Daily Loss: $0.00/100.00
01:05:29 | [ANALYSIS] Examining EUR/USD | Time: 03:00 | Bars: 100
01:05:29 | [ANALYSIS] Examining GBP/USD | Time: 03:00 | Bars: 100
01:05:29 | [ANALYSIS] GBP/USD | Price: 1.34314 | RSI: 41.0 | ADX: 43.4 | ML: UP(75%)
01:05:29 | [STRATEGY] Added synthetic ML BUY signal (conf: 0.75)
01:05:29 | [ANALYSIS] Examining USD/JPY | Time: 03:00 | Bars: 100
01:05:29 | [ANALYSIS] Examining AUD/USD | Time: 03:00 | Bars: 100
01:05:29 | [IDLE] Waiting for next market pulse...
01:05:39 | [36m[STATS][0m --- [CYCLE 775] ---
01:05:39 | [36m[STATS][0m Balance: 97965.06 | Equity: 97956.41 | Active: 3 | Margin: 97814.64 | Util: 0.1%
01:05:39 | [POSITION STATS] Open: 3 | Unrealized: $-8.65 | Daily Loss: $0.00/100.00
01:05:39 | [ANALYSIS] Examining EUR/USD | Time: 03:00 | Bars: 100
01:05:39 | [ANALYSIS] Examining GBP/USD | Time: 03:00 | Bars: 100
01:05:39 | [ANALYSIS] GBP/USD | Price: 1.34319 | RSI: 41.3 | ADX: 43.4 | ML: UP(75%)
01:05:39 | [STRATEGY] Added synthetic ML BUY signal (conf: 0.75)
01:05:39 | [ANALYSIS] Examining USD/JPY | Time: 03:00 | Bars: 100
01:05:39 | [ANALYSIS] Examining AUD/USD | Time: 03:00 | Bars: 100
01:05:39 | [SUMMARY] Risk: operational | Positions: 3 | Daily Trades: 1/5 | Exits: 1 (Market: 0, Admin: 1)
01:05:39 | [IDLE] Waiting for next market pulse...
01:05:49 | [36m[STATS][0m --- [CYCLE 776] ---
01:05:49 | [36m[STATS][0m Balance: 97965.06 | Equity: 97956.90 | Active: 3 | Margin: 97815.13 | Util: 0.1%
01:05:49 | [POSITION STATS] Open: 3 | Unrealized: $-8.16 | Daily Loss: $0.00/100.00
01:05:49 | [ANALYSIS] Examining EUR/USD | Time: 03:00 | Bars: 100
01:05:49 | [ANALYSIS] Examining GBP/USD | Time: 03:00 | Bars: 100
01:05:49 | [ANALYSIS] GBP/USD | Price: 1.34322 | RSI: 41.5 | ADX: 43.4 | ML: UP(75%)
01:05:49 | [STRATEGY] Added synthetic ML BUY signal (conf: 0.75)
01:05:49 | [ANALYSIS] Examining USD/JPY | Time: 03:00 | Bars: 100
01:05:49 | [ANALYSIS] Examining AUD/USD | Time: 03:00 | Bars: 100
01:05:49 | [IDLE] Waiting for next market pulse...
01:06:00 | [36m[STATS][0m --- [CYCLE 777] ---
01:06:00 | [36m[STATS][0m Balance: 97965.06 | Equity: 97957.15 | Active: 3 | Margin: 97815.38 | Util: 0.1%
01:06:00 | [POSITION STATS] Open: 3 | Unrealized: $-7.91 | Daily Loss: $0.00/100.00
01:06:00 | [ANALYSIS] Examining EUR/USD | Time: 03:00 | Bars: 100
01:06:00 | [ANALYSIS] Examining GBP/USD | Time: 03:00 | Bars: 100
01:06:00 | [ANALYSIS] GBP/USD | Price: 1.34318 | RSI: 41.2 | ADX: 43.4 | ML: UP(75%)
01:06:00 | [STRATEGY] Added synthetic ML BUY signal (conf: 0.75)
01:06:00 | [ANALYSIS] Examining USD/JPY | Time: 03:00 | Bars: 100
01:06:00 | [ANALYSIS] Examining AUD/USD | Time: 03:00 | Bars: 100
01:06:00 | [IDLE] Waiting for next market pulse...
01:06:10 | [36m[STATS][0m --- [CYCLE 778] ---
01:06:10 | [36m[STATS][0m Balance: 97965.06 | Equity: 97956.73 | Active: 3 | Margin: 97814.96 | Util: 0.1%
01:06:10 | [POSITION STATS] Open: 3 | Unrealized: $-8.33 | Daily Loss: $0.00/100.00
01:06:10 | [ANALYSIS] Examining EUR/USD | Time: 03:00 | Bars: 100
01:06:10 | [ANALYSIS] Examining GBP/USD | Time: 03:00 | Bars: 100
01:06:10 | [ANALYSIS] GBP/USD | Price: 1.34313 | RSI: 41.0 | ADX: 43.4 | ML: UP(75%)
01:06:10 | [STRATEGY] Added synthetic ML BUY signal (conf: 0.75)
01:06:10 | [ANALYSIS] Examining USD/JPY | Time: 03:00 | Bars: 100
01:06:10 | [ANALYSIS] Examining AUD/USD | Time: 03:00 | Bars: 100
01:06:10 | [IDLE] Waiting for next market pulse...
01:06:20 | [36m[STATS][0m --- [CYCLE 779] ---
01:06:20 | [36m[STATS][0m Balance: 97965.06 | Equity: 97955.70 | Active: 3 | Margin: 97813.93 | Util: 0.1%
01:06:20 | [POSITION STATS] Open: 3 | Unrealized: $-9.36 | Daily Loss: $0.00/100.00
01:06:20 | [ANALYSIS] Examining EUR/USD | Time: 03:00 | Bars: 100
01:06:20 | [ANALYSIS] Examining GBP/USD | Time: 03:00 | Bars: 100
01:06:20 | [ANALYSIS] GBP/USD | Price: 1.34317 | RSI: 41.2 | ADX: 43.4 | ML: UP(75%)
01:06:20 | [STRATEGY] Added synthetic ML BUY signal (conf: 0.75)
01:06:20 | [ANALYSIS] Examining USD/JPY | Time: 03:00 | Bars: 100
01:06:21 | [ANALYSIS] Examining AUD/USD | Time: 03:00 | Bars: 100
01:06:21 | [IDLE] Waiting for next market pulse...
01:06:31 | [36m[STATS][0m --- [CYCLE 780] ---
01:06:31 | [36m[STATS][0m Balance: 97965.06 | Equity: 97956.07 | Active: 3 | Margin: 97814.30 | Util: 0.1%
01:06:31 | [POSITION STATS] Open: 3 | Unrealized: $-8.99 | Daily Loss: $0.00/100.00
01:06:31 | [ANALYSIS] Examining EUR/USD | Time: 03:00 | Bars: 100
01:06:31 | [ANALYSIS] Examining GBP/USD | Time: 03:00 | Bars: 100
01:06:31 | [ANALYSIS] GBP/USD | Price: 1.34316 | RSI: 41.1 | ADX: 43.4 | ML: UP(75%)
01:06:31 | [STRATEGY] Added synthetic ML BUY signal (conf: 0.75)
01:06:31 | [ANALYSIS] Examining USD/JPY | Time: 03:00 | Bars: 100
01:06:31 | [ANALYSIS] Examining AUD/USD | Time: 03:00 | Bars: 100
01:06:31 | [SUMMARY] Risk: operational | Positions: 3 | Daily Trades: 1/5 | Exits: 1 (Market: 0, Admin: 1)
01:06:31 | [IDLE] Waiting for next market pulse...
01:06:41 | [36m[STATS][0m --- [CYCLE 781] ---
01:06:41 | [36m[STATS][0m Balance: 97965.06 | Equity: 97956.15 | Active: 3 | Margin: 97814.38 | Util: 0.1%
01:06:41 | [POSITION STATS] Open: 3 | Unrealized: $-8.91 | Daily Loss: $0.00/100.00
01:06:41 | [ANALYSIS] Examining EUR/USD | Time: 03:00 | Bars: 100
01:06:41 | [ANALYSIS] Examining GBP/USD | Time: 03:00 | Bars: 100
01:06:41 | [ANALYSIS] GBP/USD | Price: 1.34313 | RSI: 41.0 | ADX: 43.4 | ML: UP(75%)
01:06:41 | [STRATEGY] Added synthetic ML BUY signal (conf: 0.75)
01:06:41 | [ANALYSIS] Examining USD/JPY | Time: 03:00 | Bars: 100
01:06:41 | [ANALYSIS] Examining AUD/USD | Time: 03:00 | Bars: 100
01:06:41 | [IDLE] Waiting for next market pulse...
01:06:51 | [36m[STATS][0m --- [CYCLE 782] ---
01:06:51 | [36m[STATS][0m Balance: 97965.06 | Equity: 97956.00 | Active: 3 | Margin: 97814.23 | Util: 0.1%
01:06:51 | [POSITION STATS] Open: 3 | Unrealized: $-9.06 | Daily Loss: $0.00/100.00
01:06:51 | [ANALYSIS] Examining EUR/USD | Time: 03:00 | Bars: 100
01:06:52 | [ANALYSIS] Examining GBP/USD | Time: 03:00 | Bars: 100
01:06:52 | [ANALYSIS] GBP/USD | Price: 1.34313 | RSI: 41.0 | ADX: 43.4 | ML: UP(75%)
01:06:52 | [STRATEGY] Added synthetic ML BUY signal (conf: 0.75)
01:06:52 | [ANALYSIS] Examining USD/JPY | Time: 03:00 | Bars: 100
01:06:52 | [ANALYSIS] Examining AUD/USD | Time: 03:00 | Bars: 100
01:06:52 | [IDLE] Waiting for next market pulse...
01:07:02 | [36m[STATS][0m --- [CYCLE 783] ---
01:07:02 | [36m[STATS][0m Balance: 97965.06 | Equity: 97956.25 | Active: 3 | Margin: 97814.48 | Util: 0.1%
01:07:02 | [POSITION STATS] Open: 3 | Unrealized: $-8.81 | Daily Loss: $0.00/100.00
01:07:02 | [ANALYSIS] Examining EUR/USD | Time: 03:00 | Bars: 100
01:07:02 | [ANALYSIS] Examining GBP/USD | Time: 03:00 | Bars: 100
01:07:02 | [ANALYSIS] GBP/USD | Price: 1.34313 | RSI: 41.0 | ADX: 43.4 | ML: UP(75%)
01:07:02 | [STRATEGY] Added synthetic ML BUY signal (conf: 0.75)
01:07:02 | [ANALYSIS] Examining USD/JPY | Time: 03:00 | Bars: 100
01:07:02 | [ANALYSIS] Examining AUD/USD | Time: 03:00 | Bars: 100
01:07:02 | [IDLE] Waiting for next market pulse...
01:07:12 | [36m[STATS][0m --- [CYCLE 784] ---
01:07:12 | [36m[STATS][0m Balance: 97965.06 | Equity: 97956.06 | Active: 3 | Margin: 97814.29 | Util: 0.1%
01:07:12 | [POSITION STATS] Open: 3 | Unrealized: $-9.00 | Daily Loss: $0.00/100.00
01:07:12 | [ANALYSIS] Examining EUR/USD | Time: 03:00 | Bars: 100
01:07:12 | [ANALYSIS] Examining GBP/USD | Time: 03:00 | Bars: 100
01:07:12 | [ANALYSIS] GBP/USD | Price: 1.34315 | RSI: 41.1 | ADX: 43.4 | ML: UP(75%)
01:07:12 | [STRATEGY] Added synthetic ML BUY signal (conf: 0.75)
01:07:12 | [ANALYSIS] Examining USD/JPY | Time: 03:00 | Bars: 100
01:07:12 | [ANALYSIS] Examining AUD/USD | Time: 03:00 | Bars: 100
01:07:12 | [IDLE] Waiting for next market pulse...
01:07:23 | [36m[STATS][0m --- [CYCLE 785] ---
01:07:23 | [36m[STATS][0m Balance: 97965.06 | Equity: 97955.72 | Active: 3 | Margin: 97813.95 | Util: 0.1%
01:07:23 | [POSITION STATS] Open: 3 | Unrealized: $-9.34 | Daily Loss: $0.00/100.00
01:07:23 | [ANALYSIS] Examining EUR/USD | Time: 03:00 | Bars: 100
01:07:23 | [ANALYSIS] Examining GBP/USD | Time: 03:00 | Bars: 100
01:07:23 | [ANALYSIS] GBP/USD | Price: 1.34314 | RSI: 41.0 | ADX: 43.4 | ML: UP(75%)
01:07:23 | [STRATEGY] Added synthetic ML BUY signal (conf: 0.75)
01:07:23 | [ANALYSIS] Examining USD/JPY | Time: 03:00 | Bars: 100
01:07:23 | [ANALYSIS] Examining AUD/USD | Time: 03:00 | Bars: 100
01:07:23 | [SUMMARY] Risk: operational | Positions: 3 | Daily Trades: 1/5 | Exits: 1 (Market: 0, Admin: 1)
01:07:23 | [IDLE] Waiting for next market pulse...
01:07:33 | [36m[STATS][0m --- [CYCLE 786] ---
01:07:33 | [36m[STATS][0m Balance: 97965.06 | Equity: 97956.15 | Active: 3 | Margin: 97814.38 | Util: 0.1%
01:07:33 | [POSITION STATS] Open: 3 | Unrealized: $-8.91 | Daily Loss: $0.00/100.00
01:07:33 | [ANALYSIS] Examining EUR/USD | Time: 03:00 | Bars: 100
01:07:33 | [ANALYSIS] Examining GBP/USD | Time: 03:00 | Bars: 100
01:07:33 | [ANALYSIS] GBP/USD | Price: 1.34315 | RSI: 41.1 | ADX: 43.4 | ML: UP(75%)
01:07:33 | [STRATEGY] Added synthetic ML BUY signal (conf: 0.75)
01:07:33 | [ANALYSIS] Examining USD/JPY | Time: 03:00 | Bars: 100
01:07:33 | [ANALYSIS] Examining AUD/USD | Time: 03:00 | Bars: 100
01:07:33 | [IDLE] Waiting for next market pulse...
01:07:43 | [36m[STATS][0m --- [CYCLE 787] ---
01:07:43 | [36m[STATS][0m Balance: 97965.06 | Equity: 97955.71 | Active: 3 | Margin: 97813.94 | Util: 0.1%
01:07:43 | [POSITION STATS] Open: 3 | Unrealized: $-9.35 | Daily Loss: $0.00/100.00
01:07:44 | [ANALYSIS] Examining EUR/USD | Time: 03:00 | Bars: 100
01:07:44 | [ANALYSIS] Examining GBP/USD | Time: 03:00 | Bars: 100
01:07:44 | [ANALYSIS] GBP/USD | Price: 1.34315 | RSI: 41.1 | ADX: 43.4 | ML: UP(75%)
01:07:44 | [STRATEGY] Added synthetic ML BUY signal (conf: 0.75)
01:07:44 | [ANALYSIS] Examining USD/JPY | Time: 03:00 | Bars: 100
01:07:44 | [ANALYSIS] Examining AUD/USD | Time: 03:00 | Bars: 100
01:07:44 | [IDLE] Waiting for next market pulse...
01:07:54 | [36m[STATS][0m --- [CYCLE 788] ---
01:07:54 | [36m[STATS][0m Balance: 97965.06 | Equity: 97954.97 | Active: 3 | Margin: 97813.20 | Util: 0.1%
01:07:54 | [POSITION STATS] Open: 3 | Unrealized: $-10.09 | Daily Loss: $0.00/100.00
01:07:54 | [ANALYSIS] Examining EUR/USD | Time: 03:00 | Bars: 100
01:07:54 | [ANALYSIS] Examining GBP/USD | Time: 03:00 | Bars: 100
01:07:54 | [ANALYSIS] GBP/USD | Price: 1.34312 | RSI: 40.9 | ADX: 43.4 | ML: UP(75%)
01:07:54 | [STRATEGY] Added synthetic ML BUY signal (conf: 0.75)
01:07:54 | [ANALYSIS] Examining USD/JPY | Time: 03:00 | Bars: 100
01:07:54 | [ANALYSIS] Examining AUD/USD | Time: 03:00 | Bars: 100
01:07:54 | [IDLE] Waiting for next market pulse...
01:08:04 | [36m[STATS][0m --- [CYCLE 789] ---
01:08:04 | [36m[STATS][0m Balance: 97965.06 | Equity: 97954.64 | Active: 3 | Margin: 97812.87 | Util: 0.1%
01:08:04 | [POSITION STATS] Open: 3 | Unrealized: $-10.42 | Daily Loss: $0.00/100.00
01:08:04 | [ANALYSIS] Examining EUR/USD | Time: 03:00 | Bars: 100
01:08:05 | [ANALYSIS] Examining GBP/USD | Time: 03:00 | Bars: 100
01:08:05 | [ANALYSIS] GBP/USD | Price: 1.34306 | RSI: 40.6 | ADX: 43.4 | ML: UP(75%)
01:08:05 | [STRATEGY] Added synthetic ML BUY signal (conf: 0.75)
01:08:05 | [ANALYSIS] Examining USD/JPY | Time: 03:00 | Bars: 100
01:08:05 | [ANALYSIS] Examining AUD/USD | Time: 03:00 | Bars: 100
01:08:05 | [IDLE] Waiting for next market pulse...
01:08:15 | [36m[STATS][0m --- [CYCLE 790] ---
01:08:15 | [36m[STATS][0m Balance: 97965.06 | Equity: 97954.04 | Active: 3 | Margin: 97812.27 | Util: 0.1%
01:08:15 | [POSITION STATS] Open: 3 | Unrealized: $-11.02 | Daily Loss: $0.00/100.00
01:08:15 | [ANALYSIS] Examining EUR/USD | Time: 03:00 | Bars: 100
01:08:15 | [ANALYSIS] Examining GBP/USD | Time: 03:00 | Bars: 100
01:08:15 | [ANALYSIS] GBP/USD | Price: 1.34309 | RSI: 40.7 | ADX: 43.4 | ML: UP(75%)
01:08:15 | [STRATEGY] Added synthetic ML BUY signal (conf: 0.75)
01:08:15 | [ANALYSIS] Examining USD/JPY | Time: 03:00 | Bars: 100
01:08:15 | [ANALYSIS] Examining AUD/USD | Time: 03:00 | Bars: 100
01:08:15 | [SUMMARY] Risk: operational | Positions: 3 | Daily Trades: 1/5 | Exits: 1 (Market: 0, Admin: 1)
01:08:15 | [IDLE] Waiting for next market pulse...
01:08:25 | [36m[STATS][0m --- [CYCLE 791] ---
01:08:25 | [36m[STATS][0m Balance: 97965.06 | Equity: 97954.49 | Active: 3 | Margin: 97812.72 | Util: 0.1%
01:08:25 | [POSITION STATS] Open: 3 | Unrealized: $-10.57 | Daily Loss: $0.00/100.00
01:08:25 | [ANALYSIS] Examining EUR/USD | Time: 03:00 | Bars: 100
01:08:25 | [ANALYSIS] Examining GBP/USD | Time: 03:00 | Bars: 100
01:08:25 | [ANALYSIS] GBP/USD | Price: 1.34300 | RSI: 40.3 | ADX: 43.4 | ML: UP(75%)
01:08:25 | [STRATEGY] Added synthetic ML BUY signal (conf: 0.75)
01:08:25 | [ANALYSIS] Examining USD/JPY | Time: 03:00 | Bars: 100
01:08:25 | [ANALYSIS] Examining AUD/USD | Time: 03:00 | Bars: 100
01:08:25 | [IDLE] Waiting for next market pulse...
01:08:30 | Bot stopping...
01:08:30 | Disconnected from MT5
01:08:30 | Health check system stopped
