22:48:32 | AI Forex Trading Bot v1.0.0 initialized
22:48:36 | Hot-reload enabled for configuration files in config
22:48:36 | Health check system started
22:48:36 | Initializing MT5 Broker...
22:48:36 | Connection attempt (Process Elevation: Standard User)
22:48:36 | [1;33mBot is NOT running as Administrator. If MT5 is elevated, IPC connection WILL fail with timeout.[0m
22:48:37 | Connecting to existing terminal...
22:48:38 | [1;32m[OK][0m Connected to running MT5 terminal
22:48:38 | [1;32m[OK][0m Already logged in to account 5044383203
22:48:38 | --------------------------------------------------
22:48:38 | [1;32m[OK][0m AI TRADING BOT ACTIVATED | v2.1.0
22:48:38 | --------------------------------------------------
22:48:38 | [1;32m[OK][0m Mode: ACTIVE TRADING
22:48:38 | [1;32m[OK][0m Strategy: TREND FOLLOWING + ML
22:48:38 | [1;32m[OK][0m Feature: MAXOUT MODE [ON] (Aggressive Scaling)
22:48:38 | [1;32m[OK][0m Feature: AUTO-TRAIL [ON] (Dynamic Stop Loss)
22:48:38 | [1;32m[OK][0m Feature: SECURE PROFIT [ON] (Bank Gains > $50)
22:48:38 | [1;32m[OK][0m Feature: PARTIAL PROFIT [ON] (Multi-stage exits)
22:48:38 | [1;32m[OK][0m Feature: TIME EXIT [ON] (Close stagnated trades)
22:48:38 | [1;32m[OK][0m Feature: LIVE IMPROVEMENTS [ON] (Margin, Slippage, Sizing)
22:48:38 | --------------------------------------------------
22:48:38 | [1;34m[INIT][0m Initializing live trading improvements...
22:48:38 | Daily loss limit set to $100.00
22:48:38 | [1;34m[INIT][0m Initializing Three-Layer Architecture...
22:48:38 | [1;34m[INIT][0m Bot initialization complete | Symbols: ['EUR/USD', 'GBP/USD', 'USD/JPY', 'AUD/USD']
22:48:38 | [36m[STATS][0m --- [CYCLE 1] ---
22:48:38 | [36m[STATS][0m Balance: 97973.15 | Equity: 97971.48 | Active: 2 | Margin: 97863.18 | Util: 0.1%
22:48:38 | [POSITION STATS] Open: 2 | Unrealized: $-1.67 | Daily Loss: $0.00/100.00
22:48:38 | [ANALYSIS] Examining EUR/USD | Time: 00:00 | Bars: 100
22:48:38 | [ANALYSIS] Examining GBP/USD | Time: 00:00 | Bars: 100
22:48:38 | First run for GBP/USD: Training ML model on 100 bars...
22:48:38 | [ANALYSIS] GBP/USD | Price: 1.34368 | RSI: 43.7 | ADX: 48.4 | ML: UP(75%)
22:48:38 | [STRATEGY] Added synthetic ML BUY signal (conf: 0.75)
22:48:38 | [ANALYSIS] Examining USD/JPY | Time: 00:00 | Bars: 100
22:48:38 | [ANALYSIS] Examining AUD/USD | Time: 00:00 | Bars: 100
22:48:38 | First run for AUD/USD: Training ML model on 100 bars...
22:48:38 | [ANALYSIS] AUD/USD | Price: 0.67004 | RSI: 46.2 | ADX: 47.4 | ML: UP(75%)
22:48:38 | [STRATEGY] Added synthetic ML BUY signal (conf: 0.75)
22:48:38 | [IDLE] Waiting for next market pulse...
22:48:48 | [36m[STATS][0m --- [CYCLE 2] ---
22:48:48 | [36m[STATS][0m Balance: 97973.15 | Equity: 97971.56 | Active: 2 | Margin: 97863.26 | Util: 0.1%
22:48:49 | [POSITION STATS] Open: 2 | Unrealized: $-1.59 | Daily Loss: $0.00/100.00
22:48:49 | [ANALYSIS] Examining EUR/USD | Time: 00:00 | Bars: 100
22:48:49 | [ANALYSIS] Examining GBP/USD | Time: 00:00 | Bars: 100
22:48:49 | [ANALYSIS] GBP/USD | Price: 1.34368 | RSI: 43.7 | ADX: 48.4 | ML: UP(75%)
22:48:49 | [STRATEGY] Added synthetic ML BUY signal (conf: 0.75)
22:48:49 | [ANALYSIS] Examining USD/JPY | Time: 00:00 | Bars: 100
22:48:49 | [ANALYSIS] Examining AUD/USD | Time: 00:00 | Bars: 100
22:48:49 | [ANALYSIS] AUD/USD | Price: 0.67004 | RSI: 46.2 | ADX: 47.4 | ML: UP(75%)
22:48:49 | [STRATEGY] Added synthetic ML BUY signal (conf: 0.75)
22:48:49 | [IDLE] Waiting for next market pulse...
22:48:59 | [36m[STATS][0m --- [CYCLE 3] ---
22:48:59 | [36m[STATS][0m Balance: 97973.15 | Equity: 97971.56 | Active: 2 | Margin: 97863.26 | Util: 0.1%
22:48:59 | [POSITION STATS] Open: 2 | Unrealized: $-1.59 | Daily Loss: $0.00/100.00
22:48:59 | [ANALYSIS] Examining EUR/USD | Time: 00:00 | Bars: 100
22:48:59 | [ANALYSIS] Examining GBP/USD | Time: 00:00 | Bars: 100
22:48:59 | [ANALYSIS] GBP/USD | Price: 1.34368 | RSI: 43.7 | ADX: 48.4 | ML: UP(75%)
22:48:59 | [STRATEGY] Added synthetic ML BUY signal (conf: 0.75)
22:48:59 | [ANALYSIS] Examining USD/JPY | Time: 00:00 | Bars: 100
22:48:59 | [ANALYSIS] Examining AUD/USD | Time: 00:00 | Bars: 100
22:48:59 | [ANALYSIS] AUD/USD | Price: 0.66999 | RSI: 45.7 | ADX: 47.4 | ML: UP(75%)
22:48:59 | [STRATEGY] Added synthetic ML BUY signal (conf: 0.75)
22:48:59 | [IDLE] Waiting for next market pulse...
22:49:09 | [36m[STATS][0m --- [CYCLE 4] ---
22:49:09 | [36m[STATS][0m Balance: 97973.15 | Equity: 97971.40 | Active: 2 | Margin: 97863.10 | Util: 0.1%
22:49:09 | [POSITION STATS] Open: 2 | Unrealized: $-1.75 | Daily Loss: $0.00/100.00
22:49:09 | [ANALYSIS] Examining EUR/USD | Time: 00:00 | Bars: 100
22:49:09 | [ANALYSIS] Examining GBP/USD | Time: 00:00 | Bars: 100
22:49:09 | [ANALYSIS] GBP/USD | Price: 1.34363 | RSI: 43.5 | ADX: 48.4 | ML: UP(75%)
22:49:09 | [STRATEGY] Added synthetic ML BUY signal (conf: 0.75)
22:49:09 | [ANALYSIS] Examining USD/JPY | Time: 00:00 | Bars: 100
22:49:09 | [ANALYSIS] Examining AUD/USD | Time: 00:00 | Bars: 100
22:49:09 | [ANALYSIS] AUD/USD | Price: 0.66999 | RSI: 45.7 | ADX: 47.4 | ML: UP(75%)
22:49:09 | [STRATEGY] Added synthetic ML BUY signal (conf: 0.75)
22:49:09 | [IDLE] Waiting for next market pulse...
22:49:19 | [36m[STATS][0m --- [CYCLE 5] ---
22:49:19 | [36m[STATS][0m Balance: 97973.15 | Equity: 97971.40 | Active: 2 | Margin: 97863.10 | Util: 0.1%
22:49:19 | [POSITION STATS] Open: 2 | Unrealized: $-1.75 | Daily Loss: $0.00/100.00
22:49:19 | [ANALYSIS] Examining EUR/USD | Time: 00:00 | Bars: 100
22:49:19 | [ANALYSIS] Examining GBP/USD | Time: 00:00 | Bars: 100
22:49:19 | [ANALYSIS] GBP/USD | Price: 1.34363 | RSI: 43.5 | ADX: 48.4 | ML: UP(75%)
22:49:19 | [STRATEGY] Added synthetic ML BUY signal (conf: 0.75)
22:49:19 | [ANALYSIS] Examining USD/JPY | Time: 00:00 | Bars: 100
22:49:19 | [ANALYSIS] Examining AUD/USD | Time: 00:00 | Bars: 100
22:49:19 | [ANALYSIS] AUD/USD | Price: 0.66999 | RSI: 45.7 | ADX: 47.4 | ML: UP(75%)
22:49:19 | [STRATEGY] Added synthetic ML BUY signal (conf: 0.75)
22:49:19 | [SUMMARY] Risk: operational | Positions: 2 | Daily Trades: 0/5 | Exits: 0 (Market: 0, Admin: 0)
22:49:19 | [IDLE] Waiting for next market pulse...
22:49:29 | [36m[STATS][0m --- [CYCLE 6] ---
22:49:29 | [36m[STATS][0m Balance: 97973.15 | Equity: 97971.66 | Active: 2 | Margin: 97863.36 | Util: 0.1%
22:49:29 | [POSITION STATS] Open: 2 | Unrealized: $-1.49 | Daily Loss: $0.00/100.00
22:49:29 | [ANALYSIS] Examining EUR/USD | Time: 00:00 | Bars: 100
22:49:29 | [ANALYSIS] Examining GBP/USD | Time: 00:00 | Bars: 100
22:49:29 | [ANALYSIS] GBP/USD | Price: 1.34363 | RSI: 43.5 | ADX: 48.4 | ML: UP(75%)
22:49:29 | [STRATEGY] Added synthetic ML BUY signal (conf: 0.75)
22:49:29 | [ANALYSIS] Examining USD/JPY | Time: 00:00 | Bars: 100
22:49:29 | [ANALYSIS] Examining AUD/USD | Time: 00:00 | Bars: 100
22:49:29 | [ANALYSIS] AUD/USD | Price: 0.66996 | RSI: 45.3 | ADX: 47.4 | ML: UP(75%)
22:49:29 | [STRATEGY] Added synthetic ML BUY signal (conf: 0.75)
22:49:29 | [IDLE] Waiting for next market pulse...
22:49:40 | [36m[STATS][0m --- [CYCLE 7] ---
22:49:40 | [36m[STATS][0m Balance: 97973.15 | Equity: 97971.66 | Active: 2 | Margin: 97863.36 | Util: 0.1%
22:49:40 | [POSITION STATS] Open: 2 | Unrealized: $-1.49 | Daily Loss: $0.00/100.00
22:49:40 | [ANALYSIS] Examining EUR/USD | Time: 00:00 | Bars: 100
22:49:40 | [ANALYSIS] Examining GBP/USD | Time: 00:00 | Bars: 100
22:49:40 | [ANALYSIS] GBP/USD | Price: 1.34363 | RSI: 43.5 | ADX: 48.4 | ML: UP(75%)
22:49:40 | [STRATEGY] Added synthetic ML BUY signal (conf: 0.75)
22:49:40 | [ANALYSIS] Examining USD/JPY | Time: 00:00 | Bars: 100
22:49:40 | [ANALYSIS] Examining AUD/USD | Time: 00:00 | Bars: 100
22:49:40 | [ANALYSIS] AUD/USD | Price: 0.66999 | RSI: 45.7 | ADX: 47.4 | ML: UP(75%)
22:49:40 | [STRATEGY] Added synthetic ML BUY signal (conf: 0.75)
22:49:40 | [IDLE] Waiting for next market pulse...
22:49:50 | [36m[STATS][0m --- [CYCLE 8] ---
22:49:50 | [36m[STATS][0m Balance: 97973.15 | Equity: 97971.51 | Active: 2 | Margin: 97863.21 | Util: 0.1%
22:49:50 | [POSITION STATS] Open: 2 | Unrealized: $-1.64 | Daily Loss: $0.00/100.00
22:49:50 | [ANALYSIS] Examining EUR/USD | Time: 00:00 | Bars: 100
22:49:50 | [ANALYSIS] Examining GBP/USD | Time: 00:00 | Bars: 100
22:49:50 | [ANALYSIS] GBP/USD | Price: 1.34363 | RSI: 43.5 | ADX: 48.4 | ML: UP(75%)
22:49:50 | [STRATEGY] Added synthetic ML BUY signal (conf: 0.75)
22:49:50 | [ANALYSIS] Examining USD/JPY | Time: 00:00 | Bars: 100
22:49:50 | [ANALYSIS] Examining AUD/USD | Time: 00:00 | Bars: 100
22:49:50 | [ANALYSIS] AUD/USD | Price: 0.67003 | RSI: 46.1 | ADX: 47.4 | ML: UP(75%)
22:49:50 | [STRATEGY] Added synthetic ML BUY signal (conf: 0.75)
22:49:50 | [IDLE] Waiting for next market pulse...
22:50:00 | [36m[STATS][0m --- [CYCLE 9] ---
22:50:00 | [36m[STATS][0m Balance: 97973.15 | Equity: 97971.46 | Active: 2 | Margin: 97863.16 | Util: 0.1%
22:50:00 | [POSITION STATS] Open: 2 | Unrealized: $-1.69 | Daily Loss: $0.00/100.00
22:50:00 | [ANALYSIS] Examining EUR/USD | Time: 00:00 | Bars: 100
22:50:00 | [ANALYSIS] Examining GBP/USD | Time: 00:00 | Bars: 100
22:50:00 | [ANALYSIS] GBP/USD | Price: 1.34363 | RSI: 43.5 | ADX: 48.4 | ML: UP(75%)
22:50:00 | [STRATEGY] Added synthetic ML BUY signal (conf: 0.75)
22:50:00 | [ANALYSIS] Examining USD/JPY | Time: 00:00 | Bars: 100
22:50:00 | [ANALYSIS] Examining AUD/USD | Time: 00:00 | Bars: 100
22:50:00 | [ANALYSIS] AUD/USD | Price: 0.67003 | RSI: 46.1 | ADX: 47.4 | ML: UP(75%)
22:50:00 | [STRATEGY] Added synthetic ML BUY signal (conf: 0.75)
22:50:00 | [IDLE] Waiting for next market pulse...
22:50:11 | [36m[STATS][0m --- [CYCLE 10] ---
22:50:11 | [36m[STATS][0m Balance: 97973.15 | Equity: 97971.46 | Active: 2 | Margin: 97863.16 | Util: 0.1%
22:50:11 | [POSITION STATS] Open: 2 | Unrealized: $-1.69 | Daily Loss: $0.00/100.00
22:50:11 | [ANALYSIS] Examining EUR/USD | Time: 00:00 | Bars: 100
22:50:11 | [ANALYSIS] Examining GBP/USD | Time: 00:00 | Bars: 100
22:50:11 | [ANALYSIS] GBP/USD | Price: 1.34363 | RSI: 43.5 | ADX: 48.4 | ML: UP(75%)
22:50:11 | [STRATEGY] Added synthetic ML BUY signal (conf: 0.75)
22:50:11 | [ANALYSIS] Examining USD/JPY | Time: 00:00 | Bars: 100
22:50:11 | [ANALYSIS] Examining AUD/USD | Time: 00:00 | Bars: 100
22:50:11 | [ANALYSIS] AUD/USD | Price: 0.67003 | RSI: 46.1 | ADX: 47.4 | ML: UP(75%)
22:50:11 | [STRATEGY] Added synthetic ML BUY signal (conf: 0.75)
22:50:11 | [SUMMARY] Risk: operational | Positions: 2 | Daily Trades: 0/5 | Exits: 0 (Market: 0, Admin: 0)
22:50:11 | [IDLE] Waiting for next market pulse...
22:50:21 | [36m[STATS][0m --- [CYCLE 11] ---
22:50:21 | [36m[STATS][0m Balance: 97973.15 | Equity: 97971.17 | Active: 2 | Margin: 97862.87 | Util: 0.1%
22:50:21 | [POSITION STATS] Open: 2 | Unrealized: $-1.98 | Daily Loss: $0.00/100.00
22:50:21 | [ANALYSIS] Examining EUR/USD | Time: 00:00 | Bars: 100
22:50:21 | [ANALYSIS] Examining GBP/USD | Time: 00:00 | Bars: 100
22:50:21 | [ANALYSIS] GBP/USD | Price: 1.34363 | RSI: 43.5 | ADX: 48.4 | ML: UP(75%)
22:50:21 | [STRATEGY] Added synthetic ML BUY signal (conf: 0.75)
22:50:21 | [ANALYSIS] Examining USD/JPY | Time: 00:00 | Bars: 100
22:50:21 | [ANALYSIS] Examining AUD/USD | Time: 00:00 | Bars: 100
22:50:21 | [ANALYSIS] AUD/USD | Price: 0.66998 | RSI: 45.5 | ADX: 47.4 | ML: UP(75%)
22:50:21 | [STRATEGY] Added synthetic ML BUY signal (conf: 0.75)
22:50:21 | [IDLE] Waiting for next market pulse...
22:50:31 | [36m[STATS][0m --- [CYCLE 12] ---
22:50:31 | [36m[STATS][0m Balance: 97973.15 | Equity: 97971.41 | Active: 2 | Margin: 97863.11 | Util: 0.1%
22:50:31 | [POSITION STATS] Open: 2 | Unrealized: $-1.74 | Daily Loss: $0.00/100.00
22:50:31 | [ANALYSIS] Examining EUR/USD | Time: 00:00 | Bars: 100
22:50:31 | [ANALYSIS] Examining GBP/USD | Time: 00:00 | Bars: 100
22:50:31 | [ANALYSIS] GBP/USD | Price: 1.34363 | RSI: 43.5 | ADX: 48.4 | ML: UP(75%)
22:50:31 | [STRATEGY] Added synthetic ML BUY signal (conf: 0.75)
22:50:31 | [ANALYSIS] Examining USD/JPY | Time: 00:00 | Bars: 100
22:50:31 | [ANALYSIS] Examining AUD/USD | Time: 00:00 | Bars: 100
22:50:31 | [ANALYSIS] AUD/USD | Price: 0.67003 | RSI: 46.1 | ADX: 47.4 | ML: UP(75%)
22:50:31 | [STRATEGY] Added synthetic ML BUY signal (conf: 0.75)
22:50:31 | [IDLE] Waiting for next market pulse...
22:50:42 | [36m[STATS][0m --- [CYCLE 13] ---
22:50:42 | [36m[STATS][0m Balance: 97973.15 | Equity: 97971.46 | Active: 2 | Margin: 97863.16 | Util: 0.1%
22:50:42 | [POSITION STATS] Open: 2 | Unrealized: $-1.69 | Daily Loss: $0.00/100.00
22:50:42 | [ANALYSIS] Examining EUR/USD | Time: 00:00 | Bars: 100
22:50:42 | [ANALYSIS] Examining GBP/USD | Time: 00:00 | Bars: 100
22:50:42 | [ANALYSIS] GBP/USD | Price: 1.34363 | RSI: 43.5 | ADX: 48.4 | ML: UP(75%)
22:50:42 | [STRATEGY] Added synthetic ML BUY signal (conf: 0.75)
22:50:42 | [ANALYSIS] Examining USD/JPY | Time: 00:00 | Bars: 100
22:50:42 | [ANALYSIS] Examining AUD/USD | Time: 00:00 | Bars: 100
22:50:42 | [ANALYSIS] AUD/USD | Price: 0.67003 | RSI: 46.1 | ADX: 47.4 | ML: UP(75%)
22:50:42 | [STRATEGY] Added synthetic ML BUY signal (conf: 0.75)
22:50:42 | [IDLE] Waiting for next market pulse...
22:50:52 | [36m[STATS][0m --- [CYCLE 14] ---
22:50:52 | [36m[STATS][0m Balance: 97973.15 | Equity: 97971.46 | Active: 2 | Margin: 97863.16 | Util: 0.1%
22:50:52 | [POSITION STATS] Open: 2 | Unrealized: $-1.69 | Daily Loss: $0.00/100.00
22:50:52 | [ANALYSIS] Examining EUR/USD | Time: 00:00 | Bars: 100
22:50:52 | [ANALYSIS] Examining GBP/USD | Time: 00:00 | Bars: 100
22:50:52 | [ANALYSIS] GBP/USD | Price: 1.34367 | RSI: 43.7 | ADX: 48.4 | ML: UP(75%)
22:50:52 | [STRATEGY] Added synthetic ML BUY signal (conf: 0.75)
22:50:52 | [ANALYSIS] Examining USD/JPY | Time: 00:00 | Bars: 100
22:50:52 | [ANALYSIS] Examining AUD/USD | Time: 00:00 | Bars: 100
22:50:52 | [ANALYSIS] AUD/USD | Price: 0.67004 | RSI: 46.2 | ADX: 47.4 | ML: UP(75%)
22:50:52 | [STRATEGY] Added synthetic ML BUY signal (conf: 0.75)
22:50:52 | [IDLE] Waiting for next market pulse...
22:51:02 | [36m[STATS][0m --- [CYCLE 15] ---
22:51:02 | [36m[STATS][0m Balance: 97973.15 | Equity: 97971.46 | Active: 2 | Margin: 97863.16 | Util: 0.1%
22:51:02 | [POSITION STATS] Open: 2 | Unrealized: $-1.69 | Daily Loss: $0.00/100.00
22:51:02 | [ANALYSIS] Examining EUR/USD | Time: 00:00 | Bars: 100
22:51:02 | [ANALYSIS] Examining GBP/USD | Time: 00:00 | Bars: 100
22:51:02 | [ANALYSIS] GBP/USD | Price: 1.34361 | RSI: 43.4 | ADX: 48.4 | ML: UP(75%)
22:51:02 | [STRATEGY] Added synthetic ML BUY signal (conf: 0.75)
22:51:02 | [ANALYSIS] Examining USD/JPY | Time: 00:00 | Bars: 100
22:51:02 | [ANALYSIS] Examining AUD/USD | Time: 00:00 | Bars: 100
22:51:02 | [ANALYSIS] AUD/USD | Price: 0.67004 | RSI: 46.2 | ADX: 47.4 | ML: UP(75%)
22:51:02 | [STRATEGY] Added synthetic ML BUY signal (conf: 0.75)
22:51:02 | [SUMMARY] Risk: operational | Positions: 2 | Daily Trades: 0/5 | Exits: 0 (Market: 0, Admin: 0)
22:51:02 | [IDLE] Waiting for next market pulse...
22:51:13 | [36m[STATS][0m --- [CYCLE 16] ---
22:51:13 | [36m[STATS][0m Balance: 97973.15 | Equity: 97971.39 | Active: 2 | Margin: 97863.09 | Util: 0.1%
22:51:13 | [POSITION STATS] Open: 2 | Unrealized: $-1.76 | Daily Loss: $0.00/100.00
22:51:13 | [ANALYSIS] Examining EUR/USD | Time: 00:00 | Bars: 100
22:51:13 | [ANALYSIS] Examining GBP/USD | Time: 00:00 | Bars: 100
22:51:13 | [ANALYSIS] GBP/USD | Price: 1.34361 | RSI: 43.4 | ADX: 48.4 | ML: UP(75%)
22:51:13 | [STRATEGY] Added synthetic ML BUY signal (conf: 0.75)
22:51:13 | [ANALYSIS] Examining USD/JPY | Time: 00:00 | Bars: 100
22:51:13 | [ANALYSIS] Examining AUD/USD | Time: 00:00 | Bars: 100
22:51:13 | [ANALYSIS] AUD/USD | Price: 0.67003 | RSI: 46.1 | ADX: 47.4 | ML: UP(75%)
22:51:13 | [STRATEGY] Added synthetic ML BUY signal (conf: 0.75)
22:51:13 | [IDLE] Waiting for next market pulse...
22:51:23 | [36m[STATS][0m --- [CYCLE 17] ---
22:51:23 | [36m[STATS][0m Balance: 97973.15 | Equity: 97971.39 | Active: 2 | Margin: 97863.09 | Util: 0.1%
22:51:23 | [POSITION STATS] Open: 2 | Unrealized: $-1.76 | Daily Loss: $0.00/100.00
22:51:23 | [ANALYSIS] Examining EUR/USD | Time: 00:00 | Bars: 100
22:51:23 | [ANALYSIS] Examining GBP/USD | Time: 00:00 | Bars: 100
22:51:23 | [ANALYSIS] GBP/USD | Price: 1.34361 | RSI: 43.4 | ADX: 48.4 | ML: UP(75%)
22:51:23 | [STRATEGY] Added synthetic ML BUY signal (conf: 0.75)
22:51:23 | [ANALYSIS] Examining USD/JPY | Time: 00:00 | Bars: 100
22:51:23 | [ANALYSIS] Examining AUD/USD | Time: 00:00 | Bars: 100
22:51:23 | [ANALYSIS] AUD/USD | Price: 0.67004 | RSI: 46.2 | ADX: 47.4 | ML: UP(75%)
22:51:23 | [STRATEGY] Added synthetic ML BUY signal (conf: 0.75)
22:51:23 | [IDLE] Waiting for next market pulse...
22:51:33 | [36m[STATS][0m --- [CYCLE 18] ---
22:51:33 | [36m[STATS][0m Balance: 97973.15 | Equity: 97971.39 | Active: 2 | Margin: 97863.09 | Util: 0.1%
22:51:33 | [POSITION STATS] Open: 2 | Unrealized: $-1.76 | Daily Loss: $0.00/100.00
22:51:33 | [ANALYSIS] Examining EUR/USD | Time: 00:00 | Bars: 100
22:51:33 | [ANALYSIS] Examining GBP/USD | Time: 00:00 | Bars: 100
22:51:33 | [ANALYSIS] GBP/USD | Price: 1.34361 | RSI: 43.4 | ADX: 48.4 | ML: UP(75%)
22:51:33 | [STRATEGY] Added synthetic ML BUY signal (conf: 0.75)
22:51:33 | [ANALYSIS] Examining USD/JPY | Time: 00:00 | Bars: 100
22:51:33 | [ANALYSIS] Examining AUD/USD | Time: 00:00 | Bars: 100
22:51:33 | [ANALYSIS] AUD/USD | Price: 0.67004 | RSI: 46.2 | ADX: 47.4 | ML: UP(75%)
22:51:33 | [STRATEGY] Added synthetic ML BUY signal (conf: 0.75)
22:51:33 | [IDLE] Waiting for next market pulse...
22:51:44 | [36m[STATS][0m --- [CYCLE 19] ---
22:51:44 | [36m[STATS][0m Balance: 97973.15 | Equity: 97971.39 | Active: 2 | Margin: 97863.09 | Util: 0.1%
22:51:44 | [POSITION STATS] Open: 2 | Unrealized: $-1.76 | Daily Loss: $0.00/100.00
22:51:44 | [ANALYSIS] Examining EUR/USD | Time: 00:00 | Bars: 100
22:51:44 | [ANALYSIS] Examining GBP/USD | Time: 00:00 | Bars: 100
22:51:44 | [ANALYSIS] GBP/USD | Price: 1.34361 | RSI: 43.4 | ADX: 48.4 | ML: UP(75%)
22:51:44 | [STRATEGY] Added synthetic ML BUY signal (conf: 0.75)
22:51:44 | [ANALYSIS] Examining USD/JPY | Time: 00:00 | Bars: 100
22:51:44 | [ANALYSIS] Examining AUD/USD | Time: 00:00 | Bars: 100
22:51:44 | [ANALYSIS] AUD/USD | Price: 0.67003 | RSI: 46.1 | ADX: 47.4 | ML: UP(75%)
22:51:44 | [STRATEGY] Added synthetic ML BUY signal (conf: 0.75)
22:51:44 | [IDLE] Waiting for next market pulse...
22:51:54 | [36m[STATS][0m --- [CYCLE 20] ---
22:51:54 | [36m[STATS][0m Balance: 97973.15 | Equity: 97971.39 | Active: 2 | Margin: 97863.09 | Util: 0.1%
22:51:54 | [POSITION STATS] Open: 2 | Unrealized: $-1.76 | Daily Loss: $0.00/100.00
22:51:54 | [ANALYSIS] Examining EUR/USD | Time: 00:00 | Bars: 100
22:51:54 | [ANALYSIS] Examining GBP/USD | Time: 00:00 | Bars: 100
22:51:54 | [ANALYSIS] GBP/USD | Price: 1.34368 | RSI: 43.7 | ADX: 48.4 | ML: UP(75%)
22:51:54 | [STRATEGY] Added synthetic ML BUY signal (conf: 0.75)
22:51:54 | [ANALYSIS] Examining USD/JPY | Time: 00:00 | Bars: 100
22:51:54 | [ANALYSIS] Examining AUD/USD | Time: 00:00 | Bars: 100
22:51:54 | [ANALYSIS] AUD/USD | Price: 0.67003 | RSI: 46.1 | ADX: 47.4 | ML: UP(75%)
22:51:54 | [STRATEGY] Added synthetic ML BUY signal (conf: 0.75)
22:51:54 | [SUMMARY] Risk: operational | Positions: 2 | Daily Trades: 0/5 | Exits: 0 (Market: 0, Admin: 0)
22:51:54 | [IDLE] Waiting for next market pulse...
22:52:04 | [36m[STATS][0m --- [CYCLE 21] ---
22:52:04 | [36m[STATS][0m Balance: 97973.15 | Equity: 97971.39 | Active: 2 | Margin: 97863.09 | Util: 0.1%
22:52:04 | [POSITION STATS] Open: 2 | Unrealized: $-1.76 | Daily Loss: $0.00/100.00
22:52:04 | [ANALYSIS] Examining EUR/USD | Time: 00:00 | Bars: 100
22:52:04 | [ANALYSIS] Examining GBP/USD | Time: 00:00 | Bars: 100
22:52:04 | [ANALYSIS] GBP/USD | Price: 1.34357 | RSI: 43.2 | ADX: 48.4 | ML: UP(75%)
22:52:04 | [STRATEGY] Added synthetic ML BUY signal (conf: 0.75)
22:52:05 | [ANALYSIS] Examining USD/JPY | Time: 00:00 | Bars: 100
22:52:05 | [ANALYSIS] Examining AUD/USD | Time: 00:00 | Bars: 100
22:52:05 | [ANALYSIS] AUD/USD | Price: 0.67004 | RSI: 46.2 | ADX: 47.4 | ML: UP(75%)
22:52:05 | [STRATEGY] Added synthetic ML BUY signal (conf: 0.75)
22:52:05 | [IDLE] Waiting for next market pulse...
22:52:15 | [36m[STATS][0m --- [CYCLE 22] ---
22:52:15 | [36m[STATS][0m Balance: 97973.15 | Equity: 97971.46 | Active: 2 | Margin: 97863.16 | Util: 0.1%
22:52:15 | [POSITION STATS] Open: 2 | Unrealized: $-1.69 | Daily Loss: $0.00/100.00
22:52:15 | [ANALYSIS] Examining EUR/USD | Time: 00:00 | Bars: 100
22:52:15 | [ANALYSIS] Examining GBP/USD | Time: 00:00 | Bars: 100
22:52:15 | [ANALYSIS] GBP/USD | Price: 1.34363 | RSI: 43.5 | ADX: 48.4 | ML: UP(75%)
22:52:15 | [STRATEGY] Added synthetic ML BUY signal (conf: 0.75)
22:52:15 | [ANALYSIS] Examining USD/JPY | Time: 00:00 | Bars: 100
22:52:15 | [ANALYSIS] Examining AUD/USD | Time: 00:00 | Bars: 100
22:52:15 | [ANALYSIS] AUD/USD | Price: 0.67004 | RSI: 46.2 | ADX: 47.4 | ML: UP(75%)
22:52:15 | [STRATEGY] Added synthetic ML BUY signal (conf: 0.75)
22:52:15 | [IDLE] Waiting for next market pulse...
22:52:25 | [36m[STATS][0m --- [CYCLE 23] ---
22:52:25 | [36m[STATS][0m Balance: 97973.15 | Equity: 97971.46 | Active: 2 | Margin: 97863.16 | Util: 0.1%
22:52:25 | [POSITION STATS] Open: 2 | Unrealized: $-1.69 | Daily Loss: $0.00/100.00
22:52:25 | [ANALYSIS] Examining EUR/USD | Time: 00:00 | Bars: 100
22:52:25 | [ANALYSIS] Examining GBP/USD | Time: 00:00 | Bars: 100
22:52:25 | [ANALYSIS] GBP/USD | Price: 1.34366 | RSI: 43.6 | ADX: 48.4 | ML: UP(75%)
22:52:25 | [STRATEGY] Added synthetic ML BUY signal (conf: 0.75)
22:52:25 | [ANALYSIS] Examining USD/JPY | Time: 00:00 | Bars: 100
22:52:25 | [ANALYSIS] Examining AUD/USD | Time: 00:00 | Bars: 100
22:52:25 | [ANALYSIS] AUD/USD | Price: 0.67004 | RSI: 46.2 | ADX: 47.4 | ML: UP(75%)
22:52:25 | [STRATEGY] Added synthetic ML BUY signal (conf: 0.75)
22:52:25 | [IDLE] Waiting for next market pulse...
22:52:35 | [36m[STATS][0m --- [CYCLE 24] ---
22:52:35 | [36m[STATS][0m Balance: 97973.15 | Equity: 97971.46 | Active: 2 | Margin: 97863.16 | Util: 0.1%
22:52:35 | [POSITION STATS] Open: 2 | Unrealized: $-1.69 | Daily Loss: $0.00/100.00
22:52:35 | [ANALYSIS] Examining EUR/USD | Time: 00:00 | Bars: 100
22:52:35 | [ANALYSIS] Examining GBP/USD | Time: 00:00 | Bars: 100
22:52:35 | [ANALYSIS] GBP/USD | Price: 1.34366 | RSI: 43.6 | ADX: 48.4 | ML: UP(75%)
22:52:35 | [STRATEGY] Added synthetic ML BUY signal (conf: 0.75)
22:52:35 | [ANALYSIS] Examining USD/JPY | Time: 00:00 | Bars: 100
22:52:35 | [ANALYSIS] Examining AUD/USD | Time: 00:00 | Bars: 100
22:52:36 | [ANALYSIS] AUD/USD | Price: 0.66999 | RSI: 45.7 | ADX: 47.4 | ML: UP(75%)
22:52:36 | [STRATEGY] Added synthetic ML BUY signal (conf: 0.75)
22:52:36 | [IDLE] Waiting for next market pulse...
22:52:46 | [36m[STATS][0m --- [CYCLE 25] ---
22:52:46 | [36m[STATS][0m Balance: 97973.15 | Equity: 97971.46 | Active: 2 | Margin: 97863.16 | Util: 0.1%
22:52:46 | [POSITION STATS] Open: 2 | Unrealized: $-1.69 | Daily Loss: $0.00/100.00
22:52:46 | [ANALYSIS] Examining EUR/USD | Time: 00:00 | Bars: 100
22:52:46 | [ANALYSIS] Examining GBP/USD | Time: 00:00 | Bars: 100
22:52:46 | [ANALYSIS] GBP/USD | Price: 1.34367 | RSI: 43.7 | ADX: 48.4 | ML: UP(75%)
22:52:46 | [STRATEGY] Added synthetic ML BUY signal (conf: 0.75)
22:52:46 | [ANALYSIS] Examining USD/JPY | Time: 00:00 | Bars: 100
22:52:46 | [ANALYSIS] Examining AUD/USD | Time: 00:00 | Bars: 100
22:52:46 | [ANALYSIS] AUD/USD | Price: 0.67006 | RSI: 46.4 | ADX: 47.4 | ML: UP(75%)
22:52:46 | [STRATEGY] Added synthetic ML BUY signal (conf: 0.75)
22:52:46 | [SUMMARY] Risk: operational | Positions: 2 | Daily Trades: 0/5 | Exits: 0 (Market: 0, Admin: 0)
22:52:46 | [IDLE] Waiting for next market pulse...
22:52:56 | [36m[STATS][0m --- [CYCLE 26] ---
22:52:56 | [36m[STATS][0m Balance: 97973.15 | Equity: 97971.11 | Active: 2 | Margin: 97862.81 | Util: 0.1%
22:52:56 | [POSITION STATS] Open: 2 | Unrealized: $-2.04 | Daily Loss: $0.00/100.00
22:52:56 | [ANALYSIS] Examining EUR/USD | Time: 00:00 | Bars: 100
22:52:56 | [ANALYSIS] Examining GBP/USD | Time: 00:00 | Bars: 100
22:52:56 | [ANALYSIS] GBP/USD | Price: 1.34366 | RSI: 43.6 | ADX: 48.4 | ML: UP(75%)
22:52:56 | [STRATEGY] Added synthetic ML BUY signal (conf: 0.75)
22:52:56 | [ANALYSIS] Examining USD/JPY | Time: 00:00 | Bars: 100
22:52:56 | [ANALYSIS] Examining AUD/USD | Time: 00:00 | Bars: 100
22:52:56 | [ANALYSIS] AUD/USD | Price: 0.67003 | RSI: 46.1 | ADX: 47.4 | ML: UP(75%)
22:52:56 | [STRATEGY] Added synthetic ML BUY signal (conf: 0.75)
22:52:56 | [IDLE] Waiting for next market pulse...
22:53:06 | [36m[STATS][0m --- [CYCLE 27] ---
22:53:06 | [36m[STATS][0m Balance: 97973.15 | Equity: 97971.38 | Active: 2 | Margin: 97863.08 | Util: 0.1%
22:53:06 | [POSITION STATS] Open: 2 | Unrealized: $-1.77 | Daily Loss: $0.00/100.00
22:53:07 | [ANALYSIS] Examining EUR/USD | Time: 00:00 | Bars: 100
22:53:07 | [ANALYSIS] Examining GBP/USD | Time: 00:00 | Bars: 100
22:53:07 | [ANALYSIS] GBP/USD | Price: 1.34363 | RSI: 43.5 | ADX: 48.4 | ML: UP(75%)
22:53:07 | [STRATEGY] Added synthetic ML BUY signal (conf: 0.75)
22:53:07 | [ANALYSIS] Examining USD/JPY | Time: 00:00 | Bars: 100
22:53:07 | [ANALYSIS] Examining AUD/USD | Time: 00:00 | Bars: 100
22:53:07 | [ANALYSIS] AUD/USD | Price: 0.67002 | RSI: 46.0 | ADX: 47.4 | ML: UP(75%)
22:53:07 | [STRATEGY] Added synthetic ML BUY signal (conf: 0.75)
22:53:07 | [IDLE] Waiting for next market pulse...
22:53:17 | [36m[STATS][0m --- [CYCLE 28] ---
22:53:17 | [36m[STATS][0m Balance: 97973.15 | Equity: 97971.36 | Active: 2 | Margin: 97863.06 | Util: 0.1%
22:53:17 | [POSITION STATS] Open: 2 | Unrealized: $-1.79 | Daily Loss: $0.00/100.00
22:53:17 | [ANALYSIS] Examining EUR/USD | Time: 00:00 | Bars: 100
22:53:17 | [ANALYSIS] Examining GBP/USD | Time: 00:00 | Bars: 100
22:53:17 | [ANALYSIS] GBP/USD | Price: 1.34369 | RSI: 43.8 | ADX: 48.4 | ML: UP(75%)
22:53:17 | [STRATEGY] Added synthetic ML BUY signal (conf: 0.75)
22:53:17 | [ANALYSIS] Examining USD/JPY | Time: 00:00 | Bars: 100
22:53:17 | [ANALYSIS] Examining AUD/USD | Time: 00:00 | Bars: 100
22:53:17 | [ANALYSIS] AUD/USD | Price: 0.67002 | RSI: 46.0 | ADX: 47.4 | ML: UP(75%)
22:53:17 | [STRATEGY] Added synthetic ML BUY signal (conf: 0.75)
22:53:17 | [IDLE] Waiting for next market pulse...
22:53:27 | [36m[STATS][0m --- [CYCLE 29] ---
22:53:27 | [36m[STATS][0m Balance: 97973.15 | Equity: 97971.41 | Active: 2 | Margin: 97863.11 | Util: 0.1%
22:53:27 | [POSITION STATS] Open: 2 | Unrealized: $-1.74 | Daily Loss: $0.00/100.00
22:53:27 | [ANALYSIS] Examining EUR/USD | Time: 00:00 | Bars: 100
22:53:27 | [ANALYSIS] Examining GBP/USD | Time: 00:00 | Bars: 100
22:53:27 | [ANALYSIS] GBP/USD | Price: 1.34368 | RSI: 43.7 | ADX: 48.4 | ML: UP(75%)
22:53:27 | [STRATEGY] Added synthetic ML BUY signal (conf: 0.75)
22:53:27 | [ANALYSIS] Examining USD/JPY | Time: 00:00 | Bars: 100
22:53:28 | [ANALYSIS] Examining AUD/USD | Time: 00:00 | Bars: 100
22:53:28 | [ANALYSIS] AUD/USD | Price: 0.67001 | RSI: 45.9 | ADX: 47.4 | ML: UP(75%)
22:53:28 | [STRATEGY] Added synthetic ML BUY signal (conf: 0.75)
22:53:28 | [IDLE] Waiting for next market pulse...
22:53:38 | [36m[STATS][0m --- [CYCLE 30] ---
22:53:38 | [36m[STATS][0m Balance: 97973.15 | Equity: 97971.36 | Active: 2 | Margin: 97863.06 | Util: 0.1%
22:53:38 | [POSITION STATS] Open: 2 | Unrealized: $-1.79 | Daily Loss: $0.00/100.00
22:53:38 | [ANALYSIS] Examining EUR/USD | Time: 00:00 | Bars: 100
22:53:38 | [ANALYSIS] Examining GBP/USD | Time: 00:00 | Bars: 100
22:53:38 | [ANALYSIS] GBP/USD | Price: 1.34367 | RSI: 43.7 | ADX: 48.4 | ML: UP(75%)
22:53:38 | [STRATEGY] Added synthetic ML BUY signal (conf: 0.75)
22:53:38 | [ANALYSIS] Examining USD/JPY | Time: 00:00 | Bars: 100
22:53:38 | [ANALYSIS] Examining AUD/USD | Time: 00:00 | Bars: 100
22:53:38 | [ANALYSIS] AUD/USD | Price: 0.67002 | RSI: 46.0 | ADX: 47.4 | ML: UP(75%)
22:53:38 | [STRATEGY] Added synthetic ML BUY signal (conf: 0.75)
22:53:38 | [SUMMARY] Risk: operational | Positions: 2 | Daily Trades: 0/5 | Exits: 0 (Market: 0, Admin: 0)
22:53:38 | [IDLE] Waiting for next market pulse...
22:53:48 | [36m[STATS][0m --- [CYCLE 31] ---
22:53:48 | [36m[STATS][0m Balance: 97973.15 | Equity: 97970.72 | Active: 2 | Margin: 97862.42 | Util: 0.1%
22:53:48 | [POSITION STATS] Open: 2 | Unrealized: $-2.43 | Daily Loss: $0.00/100.00
22:53:48 | [ANALYSIS] Examining EUR/USD | Time: 00:00 | Bars: 100
22:53:48 | [ANALYSIS] Examining GBP/USD | Time: 00:00 | Bars: 100
22:53:48 | [ANALYSIS] GBP/USD | Price: 1.34369 | RSI: 43.8 | ADX: 48.4 | ML: UP(75%)
22:53:48 | [STRATEGY] Added synthetic ML BUY signal (conf: 0.75)
22:53:48 | [ANALYSIS] Examining USD/JPY | Time: 00:00 | Bars: 100
22:53:48 | [ANALYSIS] Examining AUD/USD | Time: 00:00 | Bars: 100
22:53:48 | [ANALYSIS] AUD/USD | Price: 0.67003 | RSI: 46.1 | ADX: 47.4 | ML: UP(75%)
22:53:48 | [STRATEGY] Added synthetic ML BUY signal (conf: 0.75)
22:53:48 | [IDLE] Waiting for next market pulse...
22:53:59 | [36m[STATS][0m --- [CYCLE 32] ---
22:53:59 | [36m[STATS][0m Balance: 97973.15 | Equity: 97971.09 | Active: 2 | Margin: 97862.79 | Util: 0.1%
22:53:59 | [POSITION STATS] Open: 2 | Unrealized: $-2.06 | Daily Loss: $0.00/100.00
22:53:59 | [ANALYSIS] Examining EUR/USD | Time: 00:00 | Bars: 100
22:53:59 | [ANALYSIS] Examining GBP/USD | Time: 00:00 | Bars: 100
22:53:59 | [ANALYSIS] GBP/USD | Price: 1.34368 | RSI: 43.7 | ADX: 48.4 | ML: UP(75%)
22:53:59 | [STRATEGY] Added synthetic ML BUY signal (conf: 0.75)
22:53:59 | [ANALYSIS] Examining USD/JPY | Time: 00:00 | Bars: 100
22:53:59 | [ANALYSIS] Examining AUD/USD | Time: 00:00 | Bars: 100
22:53:59 | [ANALYSIS] AUD/USD | Price: 0.67002 | RSI: 46.0 | ADX: 47.4 | ML: UP(75%)
22:53:59 | [STRATEGY] Added synthetic ML BUY signal (conf: 0.75)
22:53:59 | [IDLE] Waiting for next market pulse...
22:54:09 | [36m[STATS][0m --- [CYCLE 33] ---
22:54:09 | [36m[STATS][0m Balance: 97973.15 | Equity: 97970.66 | Active: 2 | Margin: 97862.36 | Util: 0.1%
22:54:09 | [POSITION STATS] Open: 2 | Unrealized: $-2.49 | Daily Loss: $0.00/100.00
22:54:09 | [ANALYSIS] Examining EUR/USD | Time: 00:00 | Bars: 100
22:54:09 | [ANALYSIS] Examining GBP/USD | Time: 00:00 | Bars: 100
22:54:09 | [ANALYSIS] GBP/USD | Price: 1.34366 | RSI: 43.6 | ADX: 48.4 | ML: UP(75%)
22:54:09 | [STRATEGY] Added synthetic ML BUY signal (conf: 0.75)
22:54:09 | [ANALYSIS] Examining USD/JPY | Time: 00:00 | Bars: 100
22:54:09 | [ANALYSIS] Examining AUD/USD | Time: 00:00 | Bars: 100
22:54:09 | [ANALYSIS] AUD/USD | Price: 0.67001 | RSI: 45.9 | ADX: 47.4 | ML: UP(75%)
22:54:09 | [STRATEGY] Added synthetic ML BUY signal (conf: 0.75)
22:54:09 | [IDLE] Waiting for next market pulse...
22:54:19 | [36m[STATS][0m --- [CYCLE 34] ---
22:54:19 | [36m[STATS][0m Balance: 97973.15 | Equity: 97971.01 | Active: 2 | Margin: 97862.71 | Util: 0.1%
22:54:19 | [POSITION STATS] Open: 2 | Unrealized: $-2.14 | Daily Loss: $0.00/100.00
22:54:19 | [ANALYSIS] Examining EUR/USD | Time: 00:00 | Bars: 100
22:54:19 | [ANALYSIS] Examining GBP/USD | Time: 00:00 | Bars: 100
22:54:19 | [ANALYSIS] GBP/USD | Price: 1.34369 | RSI: 43.8 | ADX: 48.4 | ML: UP(75%)
22:54:19 | [STRATEGY] Added synthetic ML BUY signal (conf: 0.75)
22:54:19 | [ANALYSIS] Examining USD/JPY | Time: 00:00 | Bars: 100
22:54:20 | [ANALYSIS] Examining AUD/USD | Time: 00:00 | Bars: 100
22:54:20 | [ANALYSIS] AUD/USD | Price: 0.67004 | RSI: 46.2 | ADX: 47.4 | ML: UP(75%)
22:54:20 | [STRATEGY] Added synthetic ML BUY signal (conf: 0.75)
22:54:20 | [IDLE] Waiting for next market pulse...
22:54:30 | [36m[STATS][0m --- [CYCLE 35] ---
22:54:30 | [36m[STATS][0m Balance: 97973.15 | Equity: 97971.04 | Active: 2 | Margin: 97862.74 | Util: 0.1%
22:54:30 | [POSITION STATS] Open: 2 | Unrealized: $-2.11 | Daily Loss: $0.00/100.00
22:54:30 | [ANALYSIS] Examining EUR/USD | Time: 00:00 | Bars: 100
22:54:30 | [ANALYSIS] Examining GBP/USD | Time: 00:00 | Bars: 100
22:54:30 | [ANALYSIS] GBP/USD | Price: 1.34368 | RSI: 43.7 | ADX: 48.4 | ML: UP(75%)
22:54:30 | [STRATEGY] Added synthetic ML BUY signal (conf: 0.75)
22:54:30 | [ANALYSIS] Examining USD/JPY | Time: 00:00 | Bars: 100
22:54:30 | [ANALYSIS] Examining AUD/USD | Time: 00:00 | Bars: 100
22:54:30 | [ANALYSIS] AUD/USD | Price: 0.67003 | RSI: 46.1 | ADX: 47.4 | ML: UP(75%)
22:54:30 | [STRATEGY] Added synthetic ML BUY signal (conf: 0.75)
22:54:30 | [SUMMARY] Risk: operational | Positions: 2 | Daily Trades: 0/5 | Exits: 0 (Market: 0, Admin: 0)
22:54:30 | [IDLE] Waiting for next market pulse...
22:54:40 | [36m[STATS][0m --- [CYCLE 36] ---
22:54:40 | [36m[STATS][0m Balance: 97973.15 | Equity: 97970.69 | Active: 2 | Margin: 97862.39 | Util: 0.1%
22:54:40 | [POSITION STATS] Open: 2 | Unrealized: $-2.46 | Daily Loss: $0.00/100.00
22:54:40 | [ANALYSIS] Examining EUR/USD | Time: 00:00 | Bars: 100
22:54:40 | [ANALYSIS] Examining GBP/USD | Time: 00:00 | Bars: 100
22:54:40 | [ANALYSIS] GBP/USD | Price: 1.34369 | RSI: 43.8 | ADX: 48.4 | ML: UP(75%)
22:54:40 | [STRATEGY] Added synthetic ML BUY signal (conf: 0.75)
22:54:40 | [ANALYSIS] Examining USD/JPY | Time: 00:00 | Bars: 100
22:54:40 | [ANALYSIS] Examining AUD/USD | Time: 00:00 | Bars: 100
22:54:40 | [ANALYSIS] AUD/USD | Price: 0.67003 | RSI: 46.1 | ADX: 47.4 | ML: UP(75%)
22:54:40 | [STRATEGY] Added synthetic ML BUY signal (conf: 0.75)
22:54:40 | [IDLE] Waiting for next market pulse...
22:54:50 | [36m[STATS][0m --- [CYCLE 37] ---
22:54:50 | [36m[STATS][0m Balance: 97973.15 | Equity: 97971.07 | Active: 2 | Margin: 97862.77 | Util: 0.1%
22:54:50 | [POSITION STATS] Open: 2 | Unrealized: $-2.08 | Daily Loss: $0.00/100.00
22:54:51 | [ANALYSIS] Examining EUR/USD | Time: 00:00 | Bars: 100
22:54:51 | [ANALYSIS] Examining GBP/USD | Time: 00:00 | Bars: 100
22:54:51 | [ANALYSIS] GBP/USD | Price: 1.34369 | RSI: 43.8 | ADX: 48.4 | ML: UP(75%)
22:54:51 | [STRATEGY] Added synthetic ML BUY signal (conf: 0.75)
22:54:51 | [ANALYSIS] Examining USD/JPY | Time: 00:00 | Bars: 100
22:54:51 | [ANALYSIS] Examining AUD/USD | Time: 00:00 | Bars: 100
22:54:51 | [ANALYSIS] AUD/USD | Price: 0.67004 | RSI: 46.2 | ADX: 47.4 | ML: UP(75%)
22:54:51 | [STRATEGY] Added synthetic ML BUY signal (conf: 0.75)
22:54:51 | [IDLE] Waiting for next market pulse...
22:55:01 | [36m[STATS][0m --- [CYCLE 38] ---
22:55:01 | [36m[STATS][0m Balance: 97973.15 | Equity: 97971.17 | Active: 2 | Margin: 97862.87 | Util: 0.1%
22:55:01 | [POSITION STATS] Open: 2 | Unrealized: $-1.98 | Daily Loss: $0.00/100.00
22:55:01 | [ANALYSIS] Examining EUR/USD | Time: 00:00 | Bars: 100
22:55:01 | [ANALYSIS] Examining GBP/USD | Time: 00:00 | Bars: 100
22:55:01 | [ANALYSIS] GBP/USD | Price: 1.34370 | RSI: 43.8 | ADX: 48.4 | ML: UP(75%)
22:55:01 | [STRATEGY] Added synthetic ML BUY signal (conf: 0.75)
22:55:01 | [ANALYSIS] Examining USD/JPY | Time: 00:00 | Bars: 100
22:55:01 | [ANALYSIS] Examining AUD/USD | Time: 00:00 | Bars: 100
22:55:01 | [ANALYSIS] AUD/USD | Price: 0.67004 | RSI: 46.2 | ADX: 47.4 | ML: UP(75%)
22:55:01 | [STRATEGY] Added synthetic ML BUY signal (conf: 0.75)
22:55:01 | [IDLE] Waiting for next market pulse...
22:55:11 | [36m[STATS][0m --- [CYCLE 39] ---
22:55:11 | [36m[STATS][0m Balance: 97973.15 | Equity: 97971.17 | Active: 2 | Margin: 97862.87 | Util: 0.1%
22:55:11 | [POSITION STATS] Open: 2 | Unrealized: $-1.98 | Daily Loss: $0.00/100.00
22:55:11 | [ANALYSIS] Examining EUR/USD | Time: 00:00 | Bars: 100
22:55:11 | [ANALYSIS] Examining GBP/USD | Time: 00:00 | Bars: 100
22:55:11 | [ANALYSIS] GBP/USD | Price: 1.34367 | RSI: 43.7 | ADX: 48.4 | ML: UP(75%)
22:55:11 | [STRATEGY] Added synthetic ML BUY signal (conf: 0.75)
22:55:11 | [ANALYSIS] Examining USD/JPY | Time: 00:00 | Bars: 100
22:55:11 | [ANALYSIS] Examining AUD/USD | Time: 00:00 | Bars: 100
22:55:11 | [ANALYSIS] AUD/USD | Price: 0.67003 | RSI: 46.1 | ADX: 47.4 | ML: UP(75%)
22:55:11 | [STRATEGY] Added synthetic ML BUY signal (conf: 0.75)
22:55:11 | [IDLE] Waiting for next market pulse...
22:55:22 | [36m[STATS][0m --- [CYCLE 40] ---
22:55:22 | [36m[STATS][0m Balance: 97973.15 | Equity: 97971.01 | Active: 2 | Margin: 97862.71 | Util: 0.1%
22:55:22 | [POSITION STATS] Open: 2 | Unrealized: $-2.14 | Daily Loss: $0.00/100.00
22:55:22 | [ANALYSIS] Examining EUR/USD | Time: 00:00 | Bars: 100
22:55:22 | [ANALYSIS] Examining GBP/USD | Time: 00:00 | Bars: 100
22:55:22 | [ANALYSIS] GBP/USD | Price: 1.34365 | RSI: 43.6 | ADX: 48.4 | ML: UP(75%)
22:55:22 | [STRATEGY] Added synthetic ML BUY signal (conf: 0.75)
22:55:22 | [ANALYSIS] Examining USD/JPY | Time: 00:00 | Bars: 100
22:55:22 | [ANALYSIS] Examining AUD/USD | Time: 00:00 | Bars: 100
22:55:22 | [ANALYSIS] AUD/USD | Price: 0.67003 | RSI: 46.1 | ADX: 47.4 | ML: UP(75%)
22:55:22 | [STRATEGY] Added synthetic ML BUY signal (conf: 0.75)
22:55:22 | [SUMMARY] Risk: operational | Positions: 2 | Daily Trades: 0/5 | Exits: 0 (Market: 0, Admin: 0)
22:55:22 | [IDLE] Waiting for next market pulse...
22:55:32 | [36m[STATS][0m --- [CYCLE 41] ---
22:55:32 | [36m[STATS][0m Balance: 97973.15 | Equity: 97971.07 | Active: 2 | Margin: 97862.77 | Util: 0.1%
22:55:32 | [POSITION STATS] Open: 2 | Unrealized: $-2.08 | Daily Loss: $0.00/100.00
22:55:32 | [ANALYSIS] Examining EUR/USD | Time: 00:00 | Bars: 100
22:55:32 | [ANALYSIS] Examining GBP/USD | Time: 00:00 | Bars: 100
22:55:32 | [ANALYSIS] GBP/USD | Price: 1.34365 | RSI: 43.6 | ADX: 48.4 | ML: UP(75%)
22:55:32 | [STRATEGY] Added synthetic ML BUY signal (conf: 0.75)
22:55:32 | [ANALYSIS] Examining USD/JPY | Time: 00:00 | Bars: 100
22:55:32 | [ANALYSIS] Examining AUD/USD | Time: 00:00 | Bars: 100
22:55:32 | [ANALYSIS] AUD/USD | Price: 0.67006 | RSI: 46.4 | ADX: 47.4 | ML: UP(75%)
22:55:32 | [STRATEGY] Added synthetic ML BUY signal (conf: 0.75)
22:55:32 | [IDLE] Waiting for next market pulse...
22:55:42 | [36m[STATS][0m --- [CYCLE 42] ---
22:55:42 | [36m[STATS][0m Balance: 97973.15 | Equity: 97971.02 | Active: 2 | Margin: 97862.72 | Util: 0.1%
22:55:42 | [POSITION STATS] Open: 2 | Unrealized: $-2.13 | Daily Loss: $0.00/100.00
22:55:42 | [ANALYSIS] Examining EUR/USD | Time: 00:00 | Bars: 100
22:55:42 | [ANALYSIS] Examining GBP/USD | Time: 00:00 | Bars: 100
22:55:42 | [ANALYSIS] GBP/USD | Price: 1.34365 | RSI: 43.6 | ADX: 48.4 | ML: UP(75%)
22:55:42 | [STRATEGY] Added synthetic ML BUY signal (conf: 0.75)
22:55:42 | [ANALYSIS] Examining USD/JPY | Time: 00:00 | Bars: 100
22:55:42 | [ANALYSIS] Examining AUD/USD | Time: 00:00 | Bars: 100
22:55:42 | [ANALYSIS] AUD/USD | Price: 0.67006 | RSI: 46.4 | ADX: 47.4 | ML: UP(75%)
22:55:42 | [STRATEGY] Added synthetic ML BUY signal (conf: 0.75)
22:55:42 | [IDLE] Waiting for next market pulse...
22:55:53 | [36m[STATS][0m --- [CYCLE 43] ---
22:55:53 | [36m[STATS][0m Balance: 97973.15 | Equity: 97971.07 | Active: 2 | Margin: 97862.77 | Util: 0.1%
22:55:53 | [POSITION STATS] Open: 2 | Unrealized: $-2.08 | Daily Loss: $0.00/100.00
22:55:53 | [ANALYSIS] Examining EUR/USD | Time: 00:00 | Bars: 100
22:55:53 | [ANALYSIS] Examining GBP/USD | Time: 00:00 | Bars: 100
22:55:53 | [ANALYSIS] GBP/USD | Price: 1.34364 | RSI: 43.5 | ADX: 48.4 | ML: UP(75%)
22:55:53 | [STRATEGY] Added synthetic ML BUY signal (conf: 0.75)
22:55:53 | [ANALYSIS] Examining USD/JPY | Time: 00:00 | Bars: 100
22:55:53 | [ANALYSIS] Examining AUD/USD | Time: 00:00 | Bars: 100
22:55:53 | [ANALYSIS] AUD/USD | Price: 0.67006 | RSI: 46.4 | ADX: 47.4 | ML: UP(75%)
22:55:53 | [STRATEGY] Added synthetic ML BUY signal (conf: 0.75)
22:55:53 | [IDLE] Waiting for next market pulse...
22:56:03 | [36m[STATS][0m --- [CYCLE 44] ---
22:56:03 | [36m[STATS][0m Balance: 97973.15 | Equity: 97971.07 | Active: 2 | Margin: 97862.77 | Util: 0.1%
22:56:03 | [POSITION STATS] Open: 2 | Unrealized: $-2.08 | Daily Loss: $0.00/100.00
22:56:03 | [ANALYSIS] Examining EUR/USD | Time: 00:00 | Bars: 100
22:56:03 | [ANALYSIS] Examining GBP/USD | Time: 00:00 | Bars: 100
22:56:03 | [ANALYSIS] GBP/USD | Price: 1.34364 | RSI: 43.5 | ADX: 48.4 | ML: UP(75%)
22:56:03 | [STRATEGY] Added synthetic ML BUY signal (conf: 0.75)
22:56:03 | [ANALYSIS] Examining USD/JPY | Time: 00:00 | Bars: 100
22:56:03 | [ANALYSIS] Examining AUD/USD | Time: 00:00 | Bars: 100
22:56:03 | [ANALYSIS] AUD/USD | Price: 0.67006 | RSI: 46.4 | ADX: 47.4 | ML: UP(75%)
22:56:03 | [STRATEGY] Added synthetic ML BUY signal (conf: 0.75)
22:56:03 | [IDLE] Waiting for next market pulse...
22:56:13 | [36m[STATS][0m --- [CYCLE 45] ---
22:56:13 | [36m[STATS][0m Balance: 97973.15 | Equity: 97971.07 | Active: 2 | Margin: 97862.77 | Util: 0.1%
22:56:13 | [POSITION STATS] Open: 2 | Unrealized: $-2.08 | Daily Loss: $0.00/100.00
22:56:13 | [ANALYSIS] Examining EUR/USD | Time: 00:00 | Bars: 100
22:56:13 | [ANALYSIS] Examining GBP/USD | Time: 00:00 | Bars: 100
22:56:13 | [ANALYSIS] GBP/USD | Price: 1.34364 | RSI: 43.5 | ADX: 48.4 | ML: UP(75%)
22:56:13 | [STRATEGY] Added synthetic ML BUY signal (conf: 0.75)
22:56:13 | [ANALYSIS] Examining USD/JPY | Time: 00:00 | Bars: 100
22:56:13 | [ANALYSIS] Examining AUD/USD | Time: 00:00 | Bars: 100
22:56:13 | [ANALYSIS] AUD/USD | Price: 0.67006 | RSI: 46.4 | ADX: 47.4 | ML: UP(75%)
22:56:13 | [STRATEGY] Added synthetic ML BUY signal (conf: 0.75)
22:56:13 | [SUMMARY] Risk: operational | Positions: 2 | Daily Trades: 0/5 | Exits: 0 (Market: 0, Admin: 0)
22:56:13 | [IDLE] Waiting for next market pulse...
22:56:24 | [36m[STATS][0m --- [CYCLE 46] ---
22:56:24 | [36m[STATS][0m Balance: 97973.15 | Equity: 97970.56 | Active: 2 | Margin: 97862.26 | Util: 0.1%
22:56:24 | [POSITION STATS] Open: 2 | Unrealized: $-2.59 | Daily Loss: $0.00/100.00
22:56:24 | [ANALYSIS] Examining EUR/USD | Time: 00:00 | Bars: 100
22:56:24 | [ANALYSIS] Examining GBP/USD | Time: 00:00 | Bars: 100
22:56:24 | [ANALYSIS] GBP/USD | Price: 1.34357 | RSI: 43.2 | ADX: 48.4 | ML: UP(75%)
22:56:24 | [STRATEGY] Added synthetic ML BUY signal (conf: 0.75)
22:56:24 | [ANALYSIS] Examining USD/JPY | Time: 00:00 | Bars: 100
22:56:24 | [ANALYSIS] Examining AUD/USD | Time: 00:00 | Bars: 100
22:56:24 | [ANALYSIS] AUD/USD | Price: 0.67006 | RSI: 46.4 | ADX: 47.4 | ML: UP(75%)
22:56:24 | [STRATEGY] Added synthetic ML BUY signal (conf: 0.75)
22:56:24 | [IDLE] Waiting for next market pulse...
22:56:34 | [36m[STATS][0m --- [CYCLE 47] ---
22:56:34 | [36m[STATS][0m Balance: 97973.15 | Equity: 97971.32 | Active: 2 | Margin: 97863.02 | Util: 0.1%
22:56:34 | [POSITION STATS] Open: 2 | Unrealized: $-1.83 | Daily Loss: $0.00/100.00
22:56:34 | [ANALYSIS] Examining EUR/USD | Time: 00:00 | Bars: 100
22:56:34 | [ANALYSIS] Examining GBP/USD | Time: 00:00 | Bars: 100
22:56:34 | [ANALYSIS] GBP/USD | Price: 1.34365 | RSI: 43.6 | ADX: 48.4 | ML: UP(75%)
22:56:34 | [STRATEGY] Added synthetic ML BUY signal (conf: 0.75)
22:56:34 | [ANALYSIS] Examining USD/JPY | Time: 00:00 | Bars: 100
22:56:34 | [ANALYSIS] Examining AUD/USD | Time: 00:00 | Bars: 100
22:56:34 | [ANALYSIS] AUD/USD | Price: 0.67003 | RSI: 46.1 | ADX: 47.4 | ML: UP(75%)
22:56:34 | [STRATEGY] Added synthetic ML BUY signal (conf: 0.75)
22:56:34 | [IDLE] Waiting for next market pulse...
22:56:44 | [36m[STATS][0m --- [CYCLE 48] ---
22:56:44 | [36m[STATS][0m Balance: 97973.15 | Equity: 97971.37 | Active: 2 | Margin: 97863.07 | Util: 0.1%
22:56:44 | [POSITION STATS] Open: 2 | Unrealized: $-1.78 | Daily Loss: $0.00/100.00
22:56:44 | [ANALYSIS] Examining EUR/USD | Time: 00:00 | Bars: 100
22:56:44 | [ANALYSIS] Examining GBP/USD | Time: 00:00 | Bars: 100
22:56:44 | [ANALYSIS] GBP/USD | Price: 1.34364 | RSI: 43.5 | ADX: 48.4 | ML: UP(75%)
22:56:44 | [STRATEGY] Added synthetic ML BUY signal (conf: 0.75)
22:56:44 | [ANALYSIS] Examining USD/JPY | Time: 00:00 | Bars: 100
22:56:44 | [ANALYSIS] Examining AUD/USD | Time: 00:00 | Bars: 100
22:56:44 | [ANALYSIS] AUD/USD | Price: 0.67000 | RSI: 45.8 | ADX: 47.4 | ML: UP(75%)
22:56:44 | [STRATEGY] Added synthetic ML BUY signal (conf: 0.75)
22:56:44 | [IDLE] Waiting for next market pulse...
22:56:55 | [36m[STATS][0m --- [CYCLE 49] ---
22:56:55 | [36m[STATS][0m Balance: 97973.15 | Equity: 97971.32 | Active: 2 | Margin: 97863.02 | Util: 0.1%
22:56:55 | [POSITION STATS] Open: 2 | Unrealized: $-1.83 | Daily Loss: $0.00/100.00
22:56:55 | [ANALYSIS] Examining EUR/USD | Time: 00:00 | Bars: 100
22:56:55 | [ANALYSIS] Examining GBP/USD | Time: 00:00 | Bars: 100
22:56:55 | [ANALYSIS] GBP/USD | Price: 1.34365 | RSI: 43.6 | ADX: 48.4 | ML: UP(75%)
22:56:55 | [STRATEGY] Added synthetic ML BUY signal (conf: 0.75)
22:56:55 | [ANALYSIS] Examining USD/JPY | Time: 00:00 | Bars: 100
22:56:55 | [ANALYSIS] Examining AUD/USD | Time: 00:00 | Bars: 100
22:56:55 | [ANALYSIS] AUD/USD | Price: 0.67008 | RSI: 46.7 | ADX: 47.4 | ML: UP(75%)
22:56:55 | [STRATEGY] Added synthetic ML BUY signal (conf: 0.75)
22:56:55 | [IDLE] Waiting for next market pulse...
22:57:05 | [36m[STATS][0m --- [CYCLE 50] ---
22:57:05 | [36m[STATS][0m Balance: 97973.15 | Equity: 97971.23 | Active: 2 | Margin: 97862.93 | Util: 0.1%
22:57:05 | [POSITION STATS] Open: 2 | Unrealized: $-1.92 | Daily Loss: $0.00/100.00
22:57:05 | [ANALYSIS] Examining EUR/USD | Time: 00:00 | Bars: 100
22:57:05 | [ANALYSIS] Examining GBP/USD | Time: 00:00 | Bars: 100
22:57:05 | [ANALYSIS] GBP/USD | Price: 1.34364 | RSI: 43.5 | ADX: 48.4 | ML: UP(75%)
22:57:05 | [STRATEGY] Added synthetic ML BUY signal (conf: 0.75)
22:57:05 | [ANALYSIS] Examining USD/JPY | Time: 00:00 | Bars: 100
22:57:05 | [ANALYSIS] Examining AUD/USD | Time: 00:00 | Bars: 100
22:57:05 | [ANALYSIS] AUD/USD | Price: 0.67007 | RSI: 46.6 | ADX: 47.4 | ML: UP(75%)
22:57:05 | [STRATEGY] Added synthetic ML BUY signal (conf: 0.75)
22:57:05 | [SUMMARY] Risk: operational | Positions: 2 | Daily Trades: 0/5 | Exits: 0 (Market: 0, Admin: 0)
22:57:05 | [IDLE] Waiting for next market pulse...
22:57:15 | [36m[STATS][0m --- [CYCLE 51] ---
22:57:15 | [36m[STATS][0m Balance: 97973.15 | Equity: 97970.91 | Active: 2 | Margin: 97862.61 | Util: 0.1%
22:57:15 | [POSITION STATS] Open: 2 | Unrealized: $-2.24 | Daily Loss: $0.00/100.00
22:57:15 | [ANALYSIS] Examining EUR/USD | Time: 00:00 | Bars: 100
22:57:15 | [ANALYSIS] Examining GBP/USD | Time: 00:00 | Bars: 100
22:57:15 | [ANALYSIS] GBP/USD | Price: 1.34363 | RSI: 43.5 | ADX: 48.4 | ML: UP(75%)
22:57:15 | [STRATEGY] Added synthetic ML BUY signal (conf: 0.75)
22:57:15 | [ANALYSIS] Examining USD/JPY | Time: 00:00 | Bars: 100
22:57:15 | [ANALYSIS] Examining AUD/USD | Time: 00:00 | Bars: 100
22:57:15 | [ANALYSIS] AUD/USD | Price: 0.67007 | RSI: 46.6 | ADX: 47.4 | ML: UP(75%)
22:57:15 | [STRATEGY] Added synthetic ML BUY signal (conf: 0.75)
22:57:15 | [IDLE] Waiting for next market pulse...
22:57:26 | [36m[STATS][0m --- [CYCLE 52] ---
22:57:26 | [36m[STATS][0m Balance: 97973.15 | Equity: 97970.80 | Active: 2 | Margin: 97862.50 | Util: 0.1%
22:57:26 | [POSITION STATS] Open: 2 | Unrealized: $-2.35 | Daily Loss: $0.00/100.00
22:57:26 | [ANALYSIS] Examining EUR/USD | Time: 00:00 | Bars: 100
22:57:26 | [ANALYSIS] Examining GBP/USD | Time: 00:00 | Bars: 100
22:57:26 | [ANALYSIS] GBP/USD | Price: 1.34363 | RSI: 43.5 | ADX: 48.4 | ML: UP(75%)
22:57:26 | [STRATEGY] Added synthetic ML BUY signal (conf: 0.75)
22:57:26 | [ANALYSIS] Examining USD/JPY | Time: 00:00 | Bars: 100
22:57:26 | [ANALYSIS] Examining AUD/USD | Time: 00:00 | Bars: 100
22:57:26 | [ANALYSIS] AUD/USD | Price: 0.67007 | RSI: 46.6 | ADX: 47.4 | ML: UP(75%)
22:57:26 | [STRATEGY] Added synthetic ML BUY signal (conf: 0.75)
22:57:26 | [IDLE] Waiting for next market pulse...
22:57:36 | [36m[STATS][0m --- [CYCLE 53] ---
22:57:36 | [36m[STATS][0m Balance: 97973.15 | Equity: 97970.75 | Active: 2 | Margin: 97862.45 | Util: 0.1%
22:57:36 | [POSITION STATS] Open: 2 | Unrealized: $-2.40 | Daily Loss: $0.00/100.00
22:57:36 | [ANALYSIS] Examining EUR/USD | Time: 00:00 | Bars: 100
22:57:36 | [ANALYSIS] Examining GBP/USD | Time: 00:00 | Bars: 100
22:57:36 | [ANALYSIS] GBP/USD | Price: 1.34363 | RSI: 43.5 | ADX: 48.4 | ML: UP(75%)
22:57:36 | [STRATEGY] Added synthetic ML BUY signal (conf: 0.75)
22:57:36 | [ANALYSIS] Examining USD/JPY | Time: 00:00 | Bars: 100
22:57:36 | [ANALYSIS] Examining AUD/USD | Time: 00:00 | Bars: 100
22:57:36 | [ANALYSIS] AUD/USD | Price: 0.67011 | RSI: 47.0 | ADX: 47.3 | ML: UP(75%)
22:57:36 | [STRATEGY] Added synthetic ML BUY signal (conf: 0.75)
22:57:36 | [IDLE] Waiting for next market pulse...
22:57:46 | [36m[STATS][0m --- [CYCLE 54] ---
22:57:46 | [36m[STATS][0m Balance: 97973.15 | Equity: 97970.70 | Active: 2 | Margin: 97862.40 | Util: 0.1%
22:57:46 | [POSITION STATS] Open: 2 | Unrealized: $-2.45 | Daily Loss: $0.00/100.00
22:57:46 | [ANALYSIS] Examining EUR/USD | Time: 00:00 | Bars: 100
22:57:46 | [ANALYSIS] Examining GBP/USD | Time: 00:00 | Bars: 100
22:57:46 | [ANALYSIS] GBP/USD | Price: 1.34363 | RSI: 43.5 | ADX: 48.4 | ML: UP(75%)
22:57:46 | [STRATEGY] Added synthetic ML BUY signal (conf: 0.75)
22:57:46 | [ANALYSIS] Examining USD/JPY | Time: 00:00 | Bars: 100
22:57:46 | [ANALYSIS] Examining AUD/USD | Time: 00:00 | Bars: 100
22:57:46 | [ANALYSIS] AUD/USD | Price: 0.67011 | RSI: 47.0 | ADX: 47.3 | ML: UP(75%)
22:57:46 | [STRATEGY] Added synthetic ML BUY signal (conf: 0.75)
22:57:46 | [IDLE] Waiting for next market pulse...
22:57:57 | [36m[STATS][0m --- [CYCLE 55] ---
22:57:57 | [36m[STATS][0m Balance: 97973.15 | Equity: 97970.75 | Active: 2 | Margin: 97862.45 | Util: 0.1%
22:57:57 | [POSITION STATS] Open: 2 | Unrealized: $-2.40 | Daily Loss: $0.00/100.00
22:57:57 | [ANALYSIS] Examining EUR/USD | Time: 00:00 | Bars: 100
22:57:57 | [ANALYSIS] Examining GBP/USD | Time: 00:00 | Bars: 100
22:57:57 | [ANALYSIS] GBP/USD | Price: 1.34362 | RSI: 43.4 | ADX: 48.4 | ML: UP(75%)
22:57:57 | [STRATEGY] Added synthetic ML BUY signal (conf: 0.75)
22:57:57 | [ANALYSIS] Examining USD/JPY | Time: 00:00 | Bars: 100
22:57:57 | [ANALYSIS] Examining AUD/USD | Time: 00:00 | Bars: 100
22:57:57 | [ANALYSIS] AUD/USD | Price: 0.67009 | RSI: 46.8 | ADX: 47.3 | ML: UP(75%)
22:57:57 | [STRATEGY] Added synthetic ML BUY signal (conf: 0.75)
22:57:57 | [SUMMARY] Risk: operational | Positions: 2 | Daily Trades: 0/5 | Exits: 0 (Market: 0, Admin: 0)
22:57:57 | [IDLE] Waiting for next market pulse...
22:58:07 | [36m[STATS][0m --- [CYCLE 56] ---
22:58:07 | [36m[STATS][0m Balance: 97973.15 | Equity: 97970.75 | Active: 2 | Margin: 97862.45 | Util: 0.1%
22:58:07 | [POSITION STATS] Open: 2 | Unrealized: $-2.40 | Daily Loss: $0.00/100.00
22:58:07 | [ANALYSIS] Examining EUR/USD | Time: 00:00 | Bars: 100
22:58:07 | [ANALYSIS] Examining GBP/USD | Time: 00:00 | Bars: 100
22:58:07 | [ANALYSIS] GBP/USD | Price: 1.34362 | RSI: 43.4 | ADX: 48.4 | ML: UP(75%)
22:58:07 | [STRATEGY] Added synthetic ML BUY signal (conf: 0.75)
22:58:07 | [ANALYSIS] Examining USD/JPY | Time: 00:00 | Bars: 100
22:58:07 | [ANALYSIS] Examining AUD/USD | Time: 00:00 | Bars: 100
22:58:07 | [ANALYSIS] AUD/USD | Price: 0.67011 | RSI: 47.0 | ADX: 47.1 | ML: UP(75%)
22:58:07 | [STRATEGY] Added synthetic ML BUY signal (conf: 0.75)
22:58:07 | [IDLE] Waiting for next market pulse...
22:58:17 | [36m[STATS][0m --- [CYCLE 57] ---
22:58:17 | [36m[STATS][0m Balance: 97973.15 | Equity: 97970.78 | Active: 2 | Margin: 97862.48 | Util: 0.1%
22:58:17 | [POSITION STATS] Open: 2 | Unrealized: $-2.37 | Daily Loss: $0.00/100.00
22:58:17 | [ANALYSIS] Examining EUR/USD | Time: 00:00 | Bars: 100
22:58:17 | [ANALYSIS] Examining GBP/USD | Time: 00:00 | Bars: 100
22:58:17 | [ANALYSIS] GBP/USD | Price: 1.34363 | RSI: 43.5 | ADX: 48.4 | ML: UP(75%)
22:58:17 | [STRATEGY] Added synthetic ML BUY signal (conf: 0.75)
22:58:17 | [ANALYSIS] Examining USD/JPY | Time: 00:00 | Bars: 100
22:58:17 | [ANALYSIS] Examining AUD/USD | Time: 00:00 | Bars: 100
22:58:17 | [ANALYSIS] AUD/USD | Price: 0.67025 | RSI: 48.4 | ADX: 47.0 | ML: UP(75%)
22:58:17 | [STRATEGY] Added synthetic ML BUY signal (conf: 0.75)
22:58:17 | [IDLE] Waiting for next market pulse...
22:58:28 | [36m[STATS][0m --- [CYCLE 58] ---
22:58:28 | [36m[STATS][0m Balance: 97973.15 | Equity: 97970.78 | Active: 2 | Margin: 97862.48 | Util: 0.1%
22:58:28 | [POSITION STATS] Open: 2 | Unrealized: $-2.37 | Daily Loss: $0.00/100.00
22:58:28 | [ANALYSIS] Examining EUR/USD | Time: 00:00 | Bars: 100
22:58:28 | [ANALYSIS] Examining GBP/USD | Time: 00:00 | Bars: 100
22:58:28 | [ANALYSIS] GBP/USD | Price: 1.34353 | RSI: 43.0 | ADX: 48.4 | ML: UP(75%)
22:58:28 | [STRATEGY] Added synthetic ML BUY signal (conf: 0.75)
22:58:28 | [ANALYSIS] Examining USD/JPY | Time: 00:00 | Bars: 100
22:58:28 | [ANALYSIS] Examining AUD/USD | Time: 00:00 | Bars: 100
22:58:28 | [ANALYSIS] AUD/USD | Price: 0.67013 | RSI: 47.2 | ADX: 47.0 | ML: UP(75%)
22:58:28 | [STRATEGY] Added synthetic ML BUY signal (conf: 0.75)
22:58:28 | [IDLE] Waiting for next market pulse...
22:58:38 | [36m[STATS][0m --- [CYCLE 59] ---
22:58:38 | [36m[STATS][0m Balance: 97973.15 | Equity: 97970.81 | Active: 2 | Margin: 97862.51 | Util: 0.1%
22:58:38 | [POSITION STATS] Open: 2 | Unrealized: $-2.34 | Daily Loss: $0.00/100.00
22:58:38 | [ANALYSIS] Examining EUR/USD | Time: 00:00 | Bars: 100
22:58:38 | [ANALYSIS] Examining GBP/USD | Time: 00:00 | Bars: 100
22:58:38 | [ANALYSIS] GBP/USD | Price: 1.34360 | RSI: 43.3 | ADX: 48.4 | ML: UP(75%)
22:58:38 | [STRATEGY] Added synthetic ML BUY signal (conf: 0.75)
22:58:38 | [ANALYSIS] Examining USD/JPY | Time: 00:00 | Bars: 100
22:58:38 | [ANALYSIS] Examining AUD/USD | Time: 00:00 | Bars: 100
22:58:38 | [ANALYSIS] AUD/USD | Price: 0.67013 | RSI: 47.2 | ADX: 47.0 | ML: UP(75%)
22:58:38 | [STRATEGY] Added synthetic ML BUY signal (conf: 0.75)
22:58:38 | [IDLE] Waiting for next market pulse...
22:58:48 | [36m[STATS][0m --- [CYCLE 60] ---
22:58:48 | [36m[STATS][0m Balance: 97973.15 | Equity: 97970.76 | Active: 2 | Margin: 97862.46 | Util: 0.1%
22:58:48 | [POSITION STATS] Open: 2 | Unrealized: $-2.39 | Daily Loss: $0.00/100.00
22:58:48 | [ANALYSIS] Examining EUR/USD | Time: 00:00 | Bars: 100
22:58:48 | [ANALYSIS] Examining GBP/USD | Time: 00:00 | Bars: 100
22:58:48 | [ANALYSIS] GBP/USD | Price: 1.34360 | RSI: 43.3 | ADX: 48.4 | ML: UP(75%)
22:58:48 | [STRATEGY] Added synthetic ML BUY signal (conf: 0.75)
22:58:48 | [ANALYSIS] Examining USD/JPY | Time: 00:00 | Bars: 100
22:58:48 | [ANALYSIS] Examining AUD/USD | Time: 00:00 | Bars: 100
22:58:48 | [ANALYSIS] AUD/USD | Price: 0.67013 | RSI: 47.2 | ADX: 47.0 | ML: UP(75%)
22:58:48 | [STRATEGY] Added synthetic ML BUY signal (conf: 0.75)
22:58:48 | [SUMMARY] Risk: operational | Positions: 2 | Daily Trades: 0/5 | Exits: 0 (Market: 0, Admin: 0)
22:58:48 | [IDLE] Waiting for next market pulse...
22:58:59 | [36m[STATS][0m --- [CYCLE 61] ---
22:58:59 | [36m[STATS][0m Balance: 97973.15 | Equity: 97970.71 | Active: 2 | Margin: 97862.41 | Util: 0.1%
22:58:59 | [POSITION STATS] Open: 2 | Unrealized: $-2.44 | Daily Loss: $0.00/100.00
22:58:59 | [ANALYSIS] Examining EUR/USD | Time: 00:00 | Bars: 100
22:58:59 | [ANALYSIS] Examining GBP/USD | Time: 00:00 | Bars: 100
22:58:59 | [ANALYSIS] GBP/USD | Price: 1.34369 | RSI: 43.8 | ADX: 48.4 | ML: UP(75%)
22:58:59 | [STRATEGY] Added synthetic ML BUY signal (conf: 0.75)
22:58:59 | [ANALYSIS] Examining USD/JPY | Time: 00:00 | Bars: 100
22:58:59 | [ANALYSIS] Examining AUD/USD | Time: 00:00 | Bars: 100
22:58:59 | [ANALYSIS] AUD/USD | Price: 0.67014 | RSI: 47.3 | ADX: 47.0 | ML: UP(75%)
22:58:59 | [STRATEGY] Added synthetic ML BUY signal (conf: 0.75)
22:58:59 | [IDLE] Waiting for next market pulse...
22:59:09 | [36m[STATS][0m --- [CYCLE 62] ---
22:59:09 | [36m[STATS][0m Balance: 97973.15 | Equity: 97970.29 | Active: 2 | Margin: 97861.99 | Util: 0.1%
22:59:09 | [POSITION STATS] Open: 2 | Unrealized: $-2.86 | Daily Loss: $0.00/100.00
22:59:09 | [ANALYSIS] Examining EUR/USD | Time: 00:00 | Bars: 100
22:59:09 | [ANALYSIS] Examining GBP/USD | Time: 00:00 | Bars: 100
22:59:09 | [ANALYSIS] GBP/USD | Price: 1.34357 | RSI: 43.2 | ADX: 48.4 | ML: UP(75%)
22:59:09 | [STRATEGY] Added synthetic ML BUY signal (conf: 0.75)
22:59:09 | [ANALYSIS] Examining USD/JPY | Time: 00:00 | Bars: 100
22:59:09 | [ANALYSIS] Examining AUD/USD | Time: 00:00 | Bars: 100
22:59:09 | [ANALYSIS] AUD/USD | Price: 0.67022 | RSI: 48.1 | ADX: 47.0 | ML: UP(75%)
22:59:09 | [STRATEGY] Added synthetic ML BUY signal (conf: 0.75)
22:59:09 | [IDLE] Waiting for next market pulse...
22:59:19 | [36m[STATS][0m --- [CYCLE 63] ---
22:59:19 | [36m[STATS][0m Balance: 97973.15 | Equity: 97970.30 | Active: 2 | Margin: 97862.00 | Util: 0.1%
22:59:19 | [POSITION STATS] Open: 2 | Unrealized: $-2.85 | Daily Loss: $0.00/100.00
22:59:19 | [ANALYSIS] Examining EUR/USD | Time: 00:00 | Bars: 100
22:59:19 | [ANALYSIS] Examining GBP/USD | Time: 00:00 | Bars: 100
22:59:19 | [ANALYSIS] GBP/USD | Price: 1.34360 | RSI: 43.3 | ADX: 48.4 | ML: UP(75%)
22:59:19 | [STRATEGY] Added synthetic ML BUY signal (conf: 0.75)
22:59:19 | [ANALYSIS] Examining USD/JPY | Time: 00:00 | Bars: 100
22:59:19 | [ANALYSIS] Examining AUD/USD | Time: 00:00 | Bars: 100
22:59:19 | [ANALYSIS] AUD/USD | Price: 0.67014 | RSI: 47.3 | ADX: 47.0 | ML: UP(75%)
22:59:19 | [STRATEGY] Added synthetic ML BUY signal (conf: 0.75)
22:59:19 | [IDLE] Waiting for next market pulse...
22:59:30 | [36m[STATS][0m --- [CYCLE 64] ---
22:59:30 | [36m[STATS][0m Balance: 97973.15 | Equity: 97970.30 | Active: 2 | Margin: 97862.00 | Util: 0.1%
22:59:30 | [POSITION STATS] Open: 2 | Unrealized: $-2.85 | Daily Loss: $0.00/100.00
22:59:30 | [ANALYSIS] Examining EUR/USD | Time: 00:00 | Bars: 100
22:59:30 | [ANALYSIS] Examining GBP/USD | Time: 00:00 | Bars: 100
22:59:30 | [ANALYSIS] GBP/USD | Price: 1.34357 | RSI: 43.2 | ADX: 48.4 | ML: UP(75%)
22:59:30 | [STRATEGY] Added synthetic ML BUY signal (conf: 0.75)
22:59:30 | [ANALYSIS] Examining USD/JPY | Time: 00:00 | Bars: 100
22:59:30 | [ANALYSIS] Examining AUD/USD | Time: 00:00 | Bars: 100
22:59:30 | [ANALYSIS] AUD/USD | Price: 0.67021 | RSI: 48.0 | ADX: 47.0 | ML: UP(75%)
22:59:30 | [STRATEGY] Added synthetic ML BUY signal (conf: 0.75)
22:59:30 | [IDLE] Waiting for next market pulse...
22:59:40 | [36m[STATS][0m --- [CYCLE 65] ---
22:59:40 | [36m[STATS][0m Balance: 97973.15 | Equity: 97970.81 | Active: 2 | Margin: 97862.51 | Util: 0.1%
22:59:40 | [POSITION STATS] Open: 2 | Unrealized: $-2.34 | Daily Loss: $0.00/100.00
22:59:40 | [ANALYSIS] Examining EUR/USD | Time: 00:00 | Bars: 100
22:59:40 | [ANALYSIS] Examining GBP/USD | Time: 00:00 | Bars: 100
22:59:40 | [ANALYSIS] GBP/USD | Price: 1.34356 | RSI: 43.2 | ADX: 48.4 | ML: UP(75%)
22:59:40 | [STRATEGY] Added synthetic ML BUY signal (conf: 0.75)
22:59:40 | [ANALYSIS] Examining USD/JPY | Time: 00:00 | Bars: 100
22:59:40 | [ANALYSIS] Examining AUD/USD | Time: 00:00 | Bars: 100
22:59:40 | [ANALYSIS] AUD/USD | Price: 0.67014 | RSI: 47.3 | ADX: 47.0 | ML: UP(75%)
22:59:40 | [STRATEGY] Added synthetic ML BUY signal (conf: 0.75)
22:59:40 | [SUMMARY] Risk: operational | Positions: 2 | Daily Trades: 0/5 | Exits: 0 (Market: 0, Admin: 0)
22:59:40 | [IDLE] Waiting for next market pulse...
22:59:50 | [36m[STATS][0m --- [CYCLE 66] ---
22:59:50 | [36m[STATS][0m Balance: 97973.15 | Equity: 97970.86 | Active: 2 | Margin: 97862.56 | Util: 0.1%
22:59:50 | [POSITION STATS] Open: 2 | Unrealized: $-2.29 | Daily Loss: $0.00/100.00
22:59:50 | [ANALYSIS] Examining EUR/USD | Time: 00:00 | Bars: 100
22:59:50 | [ANALYSIS] Examining GBP/USD | Time: 00:00 | Bars: 100
22:59:50 | [ANALYSIS] GBP/USD | Price: 1.34354 | RSI: 43.1 | ADX: 48.4 | ML: UP(75%)
22:59:50 | [STRATEGY] Added synthetic ML BUY signal (conf: 0.75)
22:59:50 | [ANALYSIS] Examining USD/JPY | Time: 00:00 | Bars: 100
22:59:50 | [ANALYSIS] Examining AUD/USD | Time: 00:00 | Bars: 100
22:59:50 | [ANALYSIS] AUD/USD | Price: 0.67014 | RSI: 47.3 | ADX: 47.0 | ML: UP(75%)
22:59:50 | [STRATEGY] Added synthetic ML BUY signal (conf: 0.75)
22:59:50 | [IDLE] Waiting for next market pulse...
23:00:01 | [36m[STATS][0m --- [CYCLE 67] ---
23:00:01 | [36m[STATS][0m Balance: 97973.15 | Equity: 97970.32 | Active: 2 | Margin: 97862.02 | Util: 0.1%
23:00:01 | [POSITION STATS] Open: 2 | Unrealized: $-2.83 | Daily Loss: $0.00/100.00
23:00:01 | [ANALYSIS] Examining EUR/USD | Time: 01:00 | Bars: 100
23:00:01 | [ANALYSIS] Examining GBP/USD | Time: 01:00 | Bars: 100
23:00:01 | [ANALYSIS] GBP/USD | Price: 1.34359 | RSI: 43.5 | ADX: 45.5 | ML: UP(75%)
23:00:01 | [STRATEGY] Added synthetic ML BUY signal (conf: 0.75)
23:00:01 | [ANALYSIS] Examining USD/JPY | Time: 01:00 | Bars: 100
23:00:01 | [ANALYSIS] Examining AUD/USD | Time: 01:00 | Bars: 100
23:00:01 | [ANALYSIS] AUD/USD | Price: 0.67032 | RSI: 49.2 | ADX: 43.0 | ML: UP(75%)
23:00:01 | [STRATEGY] Added synthetic ML BUY signal (conf: 0.75)
23:00:01 | [IDLE] Waiting for next market pulse...
23:00:11 | [36m[STATS][0m --- [CYCLE 68] ---
23:00:11 | [36m[STATS][0m Balance: 97973.15 | Equity: 97970.20 | Active: 2 | Margin: 97861.90 | Util: 0.1%
23:00:11 | [POSITION STATS] Open: 2 | Unrealized: $-2.95 | Daily Loss: $0.00/100.00
23:00:11 | [ANALYSIS] Examining EUR/USD | Time: 01:00 | Bars: 100
23:00:11 | [ANALYSIS] Examining GBP/USD | Time: 01:00 | Bars: 100
23:00:11 | [ANALYSIS] GBP/USD | Price: 1.34365 | RSI: 43.9 | ADX: 45.5 | ML: UP(75%)
23:00:11 | [STRATEGY] Added synthetic ML BUY signal (conf: 0.75)
23:00:11 | [ANALYSIS] Examining USD/JPY | Time: 01:00 | Bars: 100
23:00:11 | [ANALYSIS] Examining AUD/USD | Time: 01:00 | Bars: 100
23:00:11 | [ANALYSIS] AUD/USD | Price: 0.67023 | RSI: 48.3 | ADX: 43.0 | ML: UP(75%)
23:00:11 | [STRATEGY] Added synthetic ML BUY signal (conf: 0.75)
23:00:11 | [IDLE] Waiting for next market pulse...
23:00:21 | [36m[STATS][0m --- [CYCLE 69] ---
23:00:21 | [36m[STATS][0m Balance: 97973.15 | Equity: 97970.45 | Active: 2 | Margin: 97862.15 | Util: 0.1%
23:00:21 | [POSITION STATS] Open: 2 | Unrealized: $-2.70 | Daily Loss: $0.00/100.00
23:00:21 | [1;33mInvalid symbol info for EUR/USD: bid=1.16597, ask=1.16597. Using OHLC estimate.[0m
23:00:21 | [ANALYSIS] Examining EUR/USD | Time: 01:00 | Bars: 100
23:00:21 | [ANALYSIS] Examining GBP/USD | Time: 01:00 | Bars: 100
23:00:21 | [ANALYSIS] GBP/USD | Price: 1.34377 | RSI: 44.7 | ADX: 45.5 | ML: UP(75%)
23:00:21 | [STRATEGY] Added synthetic ML BUY signal (conf: 0.75)
23:00:21 | [ANALYSIS] Examining USD/JPY | Time: 01:00 | Bars: 100
23:00:21 | [ANALYSIS] Examining AUD/USD | Time: 01:00 | Bars: 100
23:00:21 | [ANALYSIS] AUD/USD | Price: 0.67014 | RSI: 47.2 | ADX: 43.0 | ML: UP(75%)
23:00:21 | [STRATEGY] Added synthetic ML BUY signal (conf: 0.75)
23:00:21 | [IDLE] Waiting for next market pulse...
23:00:32 | [36m[STATS][0m --- [CYCLE 70] ---
23:00:32 | [36m[STATS][0m Balance: 97973.15 | Equity: 97971.12 | Active: 2 | Margin: 97862.82 | Util: 0.1%
23:00:32 | [POSITION STATS] Open: 2 | Unrealized: $-2.03 | Daily Loss: $0.00/100.00
23:00:32 | [ANALYSIS] Examining EUR/USD | Time: 01:00 | Bars: 100
23:00:32 | [ANALYSIS] Examining GBP/USD | Time: 01:00 | Bars: 100
23:00:32 | [ANALYSIS] GBP/USD | Price: 1.34374 | RSI: 44.5 | ADX: 45.5 | ML: UP(75%)
23:00:32 | [STRATEGY] Added synthetic ML BUY signal (conf: 0.75)
23:00:32 | [ANALYSIS] Examining USD/JPY | Time: 01:00 | Bars: 100
23:00:32 | [ANALYSIS] Examining AUD/USD | Time: 01:00 | Bars: 100
23:00:32 | [ANALYSIS] AUD/USD | Price: 0.67020 | RSI: 47.9 | ADX: 43.0 | ML: UP(75%)
23:00:32 | [STRATEGY] Added synthetic ML BUY signal (conf: 0.75)
23:00:32 | [SUMMARY] Risk: operational | Positions: 2 | Daily Trades: 0/5 | Exits: 0 (Market: 0, Admin: 0)
23:00:32 | [IDLE] Waiting for next market pulse...
23:00:42 | [36m[STATS][0m --- [CYCLE 71] ---
23:00:42 | [36m[STATS][0m Balance: 97973.15 | Equity: 97970.08 | Active: 2 | Margin: 97861.78 | Util: 0.1%
23:00:42 | [POSITION STATS] Open: 2 | Unrealized: $-3.07 | Daily Loss: $0.00/100.00
23:00:42 | [ANALYSIS] Examining EUR/USD | Time: 01:00 | Bars: 100
23:00:42 | [ANALYSIS] Examining GBP/USD | Time: 01:00 | Bars: 100
23:00:42 | [ANALYSIS] GBP/USD | Price: 1.34371 | RSI: 44.3 | ADX: 45.5 | ML: UP(75%)
23:00:42 | [STRATEGY] Added synthetic ML BUY signal (conf: 0.75)
23:00:42 | [ANALYSIS] Examining USD/JPY | Time: 01:00 | Bars: 100
23:00:42 | [ANALYSIS] Examining AUD/USD | Time: 01:00 | Bars: 100
23:00:42 | [ANALYSIS] AUD/USD | Price: 0.67018 | RSI: 47.7 | ADX: 43.0 | ML: UP(75%)
23:00:42 | [STRATEGY] Added synthetic ML BUY signal (conf: 0.75)
23:00:42 | [IDLE] Waiting for next market pulse...
23:00:52 | [36m[STATS][0m --- [CYCLE 72] ---
23:00:52 | [36m[STATS][0m Balance: 97973.15 | Equity: 97970.09 | Active: 2 | Margin: 97861.79 | Util: 0.1%
23:00:52 | [POSITION STATS] Open: 2 | Unrealized: $-3.06 | Daily Loss: $0.00/100.00
23:00:52 | [ANALYSIS] Examining EUR/USD | Time: 01:00 | Bars: 100
23:00:52 | [ANALYSIS] Examining GBP/USD | Time: 01:00 | Bars: 100
23:00:52 | [ANALYSIS] GBP/USD | Price: 1.34370 | RSI: 44.2 | ADX: 45.5 | ML: UP(75%)
23:00:52 | [STRATEGY] Added synthetic ML BUY signal (conf: 0.75)
23:00:52 | [ANALYSIS] Examining USD/JPY | Time: 01:00 | Bars: 100
23:00:52 | [ANALYSIS] Examining AUD/USD | Time: 01:00 | Bars: 100
23:00:52 | [ANALYSIS] AUD/USD | Price: 0.67020 | RSI: 47.9 | ADX: 43.0 | ML: UP(75%)
23:00:52 | [STRATEGY] Added synthetic ML BUY signal (conf: 0.75)
23:00:52 | [IDLE] Waiting for next market pulse...
23:01:03 | [36m[STATS][0m --- [CYCLE 73] ---
23:01:03 | [36m[STATS][0m Balance: 97973.15 | Equity: 97970.55 | Active: 2 | Margin: 97862.25 | Util: 0.1%
23:01:03 | [POSITION STATS] Open: 2 | Unrealized: $-2.60 | Daily Loss: $0.00/100.00
23:01:03 | [ANALYSIS] Examining EUR/USD | Time: 01:00 | Bars: 100
23:01:03 | [ANALYSIS] Examining GBP/USD | Time: 01:00 | Bars: 100
23:01:03 | [ANALYSIS] GBP/USD | Price: 1.34384 | RSI: 45.1 | ADX: 45.5 | ML: UP(75%)
23:01:03 | [STRATEGY] Added synthetic ML BUY signal (conf: 0.75)
23:01:03 | [ANALYSIS] Examining USD/JPY | Time: 01:00 | Bars: 100
23:01:03 | [ANALYSIS] Examining AUD/USD | Time: 01:00 | Bars: 100
23:01:03 | [ANALYSIS] AUD/USD | Price: 0.67019 | RSI: 47.8 | ADX: 43.0 | ML: UP(75%)
23:01:03 | [STRATEGY] Added synthetic ML BUY signal (conf: 0.75)
23:01:03 | [IDLE] Waiting for next market pulse...
23:01:13 | [36m[STATS][0m --- [CYCLE 74] ---
23:01:13 | [36m[STATS][0m Balance: 97973.15 | Equity: 97970.44 | Active: 2 | Margin: 97862.14 | Util: 0.1%
23:01:13 | [POSITION STATS] Open: 2 | Unrealized: $-2.71 | Daily Loss: $0.00/100.00
23:01:13 | [ANALYSIS] Examining EUR/USD | Time: 01:00 | Bars: 100
23:01:13 | [ANALYSIS] Examining GBP/USD | Time: 01:00 | Bars: 100
23:01:13 | [ANALYSIS] GBP/USD | Price: 1.34382 | RSI: 45.0 | ADX: 45.5 | ML: UP(75%)
23:01:13 | [STRATEGY] Added synthetic ML BUY signal (conf: 0.75)
23:01:13 | [ANALYSIS] Examining USD/JPY | Time: 01:00 | Bars: 100
23:01:13 | [ANALYSIS] Examining AUD/USD | Time: 01:00 | Bars: 100
23:01:13 | [ANALYSIS] AUD/USD | Price: 0.67025 | RSI: 48.5 | ADX: 43.0 | ML: UP(75%)
23:01:13 | [STRATEGY] Added synthetic ML BUY signal (conf: 0.75)
23:01:13 | [IDLE] Waiting for next market pulse...
23:01:23 | [36m[STATS][0m --- [CYCLE 75] ---
23:01:23 | [36m[STATS][0m Balance: 97973.15 | Equity: 97970.41 | Active: 2 | Margin: 97862.11 | Util: 0.1%
23:01:23 | [POSITION STATS] Open: 2 | Unrealized: $-2.74 | Daily Loss: $0.00/100.00
23:01:23 | [ANALYSIS] Examining EUR/USD | Time: 01:00 | Bars: 100
23:01:23 | [ANALYSIS] Examining GBP/USD | Time: 01:00 | Bars: 100
23:01:23 | [ANALYSIS] GBP/USD | Price: 1.34381 | RSI: 44.9 | ADX: 45.5 | ML: UP(75%)
23:01:23 | [STRATEGY] Added synthetic ML BUY signal (conf: 0.75)
23:01:23 | [ANALYSIS] Examining USD/JPY | Time: 01:00 | Bars: 100
23:01:23 | [ANALYSIS] Examining AUD/USD | Time: 01:00 | Bars: 100
23:01:23 | [ANALYSIS] AUD/USD | Price: 0.67025 | RSI: 48.5 | ADX: 43.0 | ML: UP(75%)
23:01:23 | [STRATEGY] Added synthetic ML BUY signal (conf: 0.75)
23:01:23 | [SUMMARY] Risk: operational | Positions: 2 | Daily Trades: 0/5 | Exits: 0 (Market: 0, Admin: 0)
23:01:23 | [IDLE] Waiting for next market pulse...
23:01:34 | [36m[STATS][0m --- [CYCLE 76] ---
23:01:34 | [36m[STATS][0m Balance: 97973.15 | Equity: 97970.46 | Active: 2 | Margin: 97862.16 | Util: 0.1%
23:01:34 | [POSITION STATS] Open: 2 | Unrealized: $-2.69 | Daily Loss: $0.00/100.00
23:01:34 | [ANALYSIS] Examining EUR/USD | Time: 01:00 | Bars: 100
23:01:34 | [ANALYSIS] Examining GBP/USD | Time: 01:00 | Bars: 100
23:01:34 | [ANALYSIS] GBP/USD | Price: 1.34377 | RSI: 44.7 | ADX: 45.5 | ML: UP(75%)
23:01:34 | [STRATEGY] Added synthetic ML BUY signal (conf: 0.75)
23:01:34 | [ANALYSIS] Examining USD/JPY | Time: 01:00 | Bars: 100
23:01:34 | [ANALYSIS] Examining AUD/USD | Time: 01:00 | Bars: 100
23:01:34 | [ANALYSIS] AUD/USD | Price: 0.67025 | RSI: 48.5 | ADX: 43.0 | ML: UP(75%)
23:01:34 | [STRATEGY] Added synthetic ML BUY signal (conf: 0.75)
23:01:34 | [IDLE] Waiting for next market pulse...
23:01:44 | [36m[STATS][0m --- [CYCLE 77] ---
23:01:44 | [36m[STATS][0m Balance: 97973.15 | Equity: 97969.91 | Active: 2 | Margin: 97861.61 | Util: 0.1%
23:01:44 | [POSITION STATS] Open: 2 | Unrealized: $-3.24 | Daily Loss: $0.00/100.00
23:01:44 | [ANALYSIS] Examining EUR/USD | Time: 01:00 | Bars: 100
23:01:44 | [ANALYSIS] Examining GBP/USD | Time: 01:00 | Bars: 100
23:01:44 | [ANALYSIS] GBP/USD | Price: 1.34378 | RSI: 44.7 | ADX: 45.5 | ML: UP(75%)
23:01:44 | [STRATEGY] Added synthetic ML BUY signal (conf: 0.75)
23:01:44 | [ANALYSIS] Examining USD/JPY | Time: 01:00 | Bars: 100
23:01:44 | [ANALYSIS] Examining AUD/USD | Time: 01:00 | Bars: 100
23:01:44 | [ANALYSIS] AUD/USD | Price: 0.67031 | RSI: 49.1 | ADX: 43.0 | ML: UP(75%)
23:01:44 | [STRATEGY] Added synthetic ML BUY signal (conf: 0.75)
23:01:44 | [IDLE] Waiting for next market pulse...
23:01:54 | [36m[STATS][0m --- [CYCLE 78] ---
23:01:54 | [36m[STATS][0m Balance: 97973.15 | Equity: 97969.86 | Active: 2 | Margin: 97861.56 | Util: 0.1%
23:01:54 | [POSITION STATS] Open: 2 | Unrealized: $-3.29 | Daily Loss: $0.00/100.00
23:01:54 | [ANALYSIS] Examining EUR/USD | Time: 01:00 | Bars: 100
23:01:54 | [ANALYSIS] Examining GBP/USD | Time: 01:00 | Bars: 100
23:01:54 | [ANALYSIS] GBP/USD | Price: 1.34381 | RSI: 44.9 | ADX: 45.5 | ML: UP(75%)
23:01:54 | [STRATEGY] Added synthetic ML BUY signal (conf: 0.75)
23:01:54 | [ANALYSIS] Examining USD/JPY | Time: 01:00 | Bars: 100
23:01:54 | [ANALYSIS] Examining AUD/USD | Time: 01:00 | Bars: 100
23:01:54 | [ANALYSIS] AUD/USD | Price: 0.67031 | RSI: 49.1 | ADX: 43.0 | ML: UP(75%)
23:01:54 | [STRATEGY] Added synthetic ML BUY signal (conf: 0.75)
23:01:54 | [IDLE] Waiting for next market pulse...
23:02:05 | [36m[STATS][0m --- [CYCLE 79] ---
23:02:05 | [36m[STATS][0m Balance: 97973.15 | Equity: 97969.61 | Active: 2 | Margin: 97861.31 | Util: 0.1%
23:02:05 | [POSITION STATS] Open: 2 | Unrealized: $-3.54 | Daily Loss: $0.00/100.00
23:02:05 | [ANALYSIS] Examining EUR/USD | Time: 01:00 | Bars: 100
23:02:05 | [ANALYSIS] Examining GBP/USD | Time: 01:00 | Bars: 100
23:02:05 | [ANALYSIS] GBP/USD | Price: 1.34381 | RSI: 44.9 | ADX: 45.5 | ML: UP(75%)
23:02:05 | [STRATEGY] Added synthetic ML BUY signal (conf: 0.75)
23:02:05 | [ANALYSIS] Examining USD/JPY | Time: 01:00 | Bars: 100
23:02:05 | [ANALYSIS] Examining AUD/USD | Time: 01:00 | Bars: 100
23:02:05 | [ANALYSIS] AUD/USD | Price: 0.67029 | RSI: 48.9 | ADX: 43.0 | ML: UP(75%)
23:02:05 | [STRATEGY] Added synthetic ML BUY signal (conf: 0.75)
23:02:05 | [IDLE] Waiting for next market pulse...
23:02:15 | [36m[STATS][0m --- [CYCLE 80] ---
23:02:15 | [36m[STATS][0m Balance: 97973.15 | Equity: 97969.81 | Active: 2 | Margin: 97861.51 | Util: 0.1%
23:02:15 | [POSITION STATS] Open: 2 | Unrealized: $-3.34 | Daily Loss: $0.00/100.00
23:02:15 | [ANALYSIS] Examining EUR/USD | Time: 01:00 | Bars: 100
23:02:15 | [ANALYSIS] Examining GBP/USD | Time: 01:00 | Bars: 100
23:02:15 | [ANALYSIS] GBP/USD | Price: 1.34395 | RSI: 45.8 | ADX: 45.5 | ML: UP(75%)
23:02:15 | [STRATEGY] Added synthetic ML BUY signal (conf: 0.75)
23:02:15 | [ANALYSIS] Examining USD/JPY | Time: 01:00 | Bars: 100
23:02:15 | [ANALYSIS] Examining AUD/USD | Time: 01:00 | Bars: 100
23:02:15 | [ANALYSIS] AUD/USD | Price: 0.67036 | RSI: 49.6 | ADX: 42.9 | ML: UP(75%)
23:02:15 | [STRATEGY] Added synthetic ML BUY signal (conf: 0.75)
23:02:15 | [SUMMARY] Risk: operational | Positions: 2 | Daily Trades: 0/5 | Exits: 0 (Market: 0, Admin: 0)
23:02:15 | [IDLE] Waiting for next market pulse...
23:02:25 | [36m[STATS][0m --- [CYCLE 81] ---
23:02:25 | [36m[STATS][0m Balance: 97973.15 | Equity: 97969.45 | Active: 3 | Margin: 97793.95 | Util: 0.2%
23:02:25 | [POSITION STATS] Open: 3 | Unrealized: $-3.70 | Daily Loss: $0.00/100.00
23:02:25 | [ANALYSIS] Examining EUR/USD | Time: 01:00 | Bars: 100
23:02:25 | [ANALYSIS] Examining GBP/USD | Time: 01:00 | Bars: 100
23:02:25 | [ANALYSIS] Examining USD/JPY | Time: 01:00 | Bars: 100
23:02:25 | [ANALYSIS] Examining AUD/USD | Time: 01:00 | Bars: 100
23:02:25 | [ANALYSIS] AUD/USD | Price: 0.67035 | RSI: 49.5 | ADX: 42.9 | ML: UP(75%)
23:02:25 | [STRATEGY] Added synthetic ML BUY signal (conf: 0.75)
23:02:25 | [IDLE] Waiting for next market pulse...
23:02:36 | [36m[STATS][0m --- [CYCLE 82] ---
23:02:36 | [36m[STATS][0m Balance: 97973.15 | Equity: 97969.41 | Active: 3 | Margin: 97793.91 | Util: 0.2%
23:02:36 | [POSITION STATS] Open: 3 | Unrealized: $-3.74 | Daily Loss: $0.00/100.00
23:02:36 | [ANALYSIS] Examining EUR/USD | Time: 01:00 | Bars: 100
23:02:36 | [ANALYSIS] Examining GBP/USD | Time: 01:00 | Bars: 100
23:02:36 | [ANALYSIS] Examining USD/JPY | Time: 01:00 | Bars: 100
23:02:36 | [ANALYSIS] Examining AUD/USD | Time: 01:00 | Bars: 100
23:02:36 | [ANALYSIS] AUD/USD | Price: 0.67037 | RSI: 49.7 | ADX: 42.9 | ML: UP(75%)
23:02:36 | [STRATEGY] Added synthetic ML BUY signal (conf: 0.75)
23:02:36 | [IDLE] Waiting for next market pulse...
23:02:46 | [36m[STATS][0m --- [CYCLE 83] ---
23:02:46 | [36m[STATS][0m Balance: 97973.15 | Equity: 97969.18 | Active: 3 | Margin: 97793.68 | Util: 0.2%
23:02:46 | [POSITION STATS] Open: 3 | Unrealized: $-3.97 | Daily Loss: $0.00/100.00
23:02:46 | [ANALYSIS] Examining EUR/USD | Time: 01:00 | Bars: 100
23:02:46 | [ANALYSIS] Examining GBP/USD | Time: 01:00 | Bars: 100
23:02:46 | [ANALYSIS] Examining USD/JPY | Time: 01:00 | Bars: 100
23:02:46 | [ANALYSIS] Examining AUD/USD | Time: 01:00 | Bars: 100
23:02:46 | [ANALYSIS] AUD/USD | Price: 0.67037 | RSI: 49.7 | ADX: 42.9 | ML: UP(75%)
23:02:46 | [STRATEGY] Added synthetic ML BUY signal (conf: 0.75)
23:02:46 | [IDLE] Waiting for next market pulse...
23:02:56 | [36m[STATS][0m --- [CYCLE 84] ---
23:02:56 | [36m[STATS][0m Balance: 97973.15 | Equity: 97969.38 | Active: 3 | Margin: 97793.88 | Util: 0.2%
23:02:56 | [POSITION STATS] Open: 3 | Unrealized: $-3.77 | Daily Loss: $0.00/100.00
23:02:56 | [ANALYSIS] Examining EUR/USD | Time: 01:00 | Bars: 100
23:02:56 | [ANALYSIS] Examining GBP/USD | Time: 01:00 | Bars: 100
23:02:56 | [ANALYSIS] Examining USD/JPY | Time: 01:00 | Bars: 100
23:02:56 | [ANALYSIS] Examining AUD/USD | Time: 01:00 | Bars: 100
23:02:56 | [ANALYSIS] AUD/USD | Price: 0.67036 | RSI: 49.6 | ADX: 42.9 | ML: UP(75%)
23:02:56 | [STRATEGY] Added synthetic ML BUY signal (conf: 0.75)
23:02:56 | [IDLE] Waiting for next market pulse...
23:03:07 | [36m[STATS][0m --- [CYCLE 85] ---
23:03:07 | [36m[STATS][0m Balance: 97973.15 | Equity: 97969.46 | Active: 3 | Margin: 97793.96 | Util: 0.2%
23:03:07 | [POSITION STATS] Open: 3 | Unrealized: $-3.69 | Daily Loss: $0.00/100.00
23:03:07 | [ANALYSIS] Examining EUR/USD | Time: 01:00 | Bars: 100
23:03:07 | [ANALYSIS] Examining GBP/USD | Time: 01:00 | Bars: 100
23:03:07 | [ANALYSIS] Examining USD/JPY | Time: 01:00 | Bars: 100
23:03:07 | [ANALYSIS] Examining AUD/USD | Time: 01:00 | Bars: 100
23:03:07 | [ANALYSIS] AUD/USD | Price: 0.67034 | RSI: 49.4 | ADX: 42.9 | ML: UP(75%)
23:03:07 | [STRATEGY] Added synthetic ML BUY signal (conf: 0.75)
23:03:07 | [SUMMARY] Risk: operational | Positions: 3 | Daily Trades: 0/5 | Exits: 0 (Market: 0, Admin: 0)
23:03:07 | [IDLE] Waiting for next market pulse...
23:03:17 | [36m[STATS][0m --- [CYCLE 86] ---
23:03:17 | [36m[STATS][0m Balance: 97973.15 | Equity: 97969.87 | Active: 3 | Margin: 97794.37 | Util: 0.2%
23:03:17 | [POSITION STATS] Open: 3 | Unrealized: $-3.28 | Daily Loss: $0.00/100.00
23:03:17 | [ANALYSIS] Examining EUR/USD | Time: 01:00 | Bars: 100
23:03:17 | [ANALYSIS] Examining GBP/USD | Time: 01:00 | Bars: 100
23:03:17 | [ANALYSIS] Examining USD/JPY | Time: 01:00 | Bars: 100
23:03:17 | [ANALYSIS] Examining AUD/USD | Time: 01:00 | Bars: 100
23:03:17 | [ANALYSIS] AUD/USD | Price: 0.67034 | RSI: 49.4 | ADX: 42.9 | ML: UP(75%)
23:03:17 | [STRATEGY] Added synthetic ML BUY signal (conf: 0.75)
23:03:17 | [IDLE] Waiting for next market pulse...
23:03:27 | [36m[STATS][0m --- [CYCLE 87] ---
23:03:27 | [36m[STATS][0m Balance: 97973.15 | Equity: 97970.05 | Active: 3 | Margin: 97794.55 | Util: 0.2%
23:03:27 | [POSITION STATS] Open: 3 | Unrealized: $-3.10 | Daily Loss: $0.00/100.00
23:03:27 | [ANALYSIS] Examining EUR/USD | Time: 01:00 | Bars: 100
23:03:27 | [ANALYSIS] Examining GBP/USD | Time: 01:00 | Bars: 100
23:03:27 | [ANALYSIS] Examining USD/JPY | Time: 01:00 | Bars: 100
23:03:27 | [ANALYSIS] Examining AUD/USD | Time: 01:00 | Bars: 100
23:03:27 | [ANALYSIS] AUD/USD | Price: 0.67035 | RSI: 49.5 | ADX: 42.9 | ML: UP(75%)
23:03:27 | [STRATEGY] Added synthetic ML BUY signal (conf: 0.75)
23:03:27 | [IDLE] Waiting for next market pulse...
23:03:38 | [36m[STATS][0m --- [CYCLE 88] ---
23:03:38 | [36m[STATS][0m Balance: 97973.15 | Equity: 97969.78 | Active: 3 | Margin: 97794.28 | Util: 0.2%
23:03:38 | [POSITION STATS] Open: 3 | Unrealized: $-3.37 | Daily Loss: $0.00/100.00
23:03:38 | [ANALYSIS] Examining EUR/USD | Time: 01:00 | Bars: 100
23:03:38 | [ANALYSIS] Examining GBP/USD | Time: 01:00 | Bars: 100
23:03:38 | [ANALYSIS] Examining USD/JPY | Time: 01:00 | Bars: 100
23:03:38 | [ANALYSIS] Examining AUD/USD | Time: 01:00 | Bars: 100
23:03:38 | [ANALYSIS] AUD/USD | Price: 0.67035 | RSI: 49.5 | ADX: 42.9 | ML: UP(75%)
23:03:38 | [STRATEGY] Added synthetic ML BUY signal (conf: 0.75)
23:03:38 | [IDLE] Waiting for next market pulse...
23:03:48 | [36m[STATS][0m --- [CYCLE 89] ---
23:03:48 | [36m[STATS][0m Balance: 97973.15 | Equity: 97969.83 | Active: 3 | Margin: 97794.33 | Util: 0.2%
23:03:48 | [POSITION STATS] Open: 3 | Unrealized: $-3.32 | Daily Loss: $0.00/100.00
23:03:48 | [ANALYSIS] Examining EUR/USD | Time: 01:00 | Bars: 100
23:03:48 | [ANALYSIS] Examining GBP/USD | Time: 01:00 | Bars: 100
23:03:48 | [ANALYSIS] Examining USD/JPY | Time: 01:00 | Bars: 100
23:03:48 | [ANALYSIS] Examining AUD/USD | Time: 01:00 | Bars: 100
23:03:48 | [ANALYSIS] AUD/USD | Price: 0.67035 | RSI: 49.5 | ADX: 42.9 | ML: UP(75%)
23:03:48 | [STRATEGY] Added synthetic ML BUY signal (conf: 0.75)
23:03:48 | [IDLE] Waiting for next market pulse...
23:03:58 | [36m[STATS][0m --- [CYCLE 90] ---
23:03:58 | [36m[STATS][0m Balance: 97973.15 | Equity: 97969.83 | Active: 3 | Margin: 97794.33 | Util: 0.2%
23:03:58 | [POSITION STATS] Open: 3 | Unrealized: $-3.32 | Daily Loss: $0.00/100.00
23:03:58 | [ANALYSIS] Examining EUR/USD | Time: 01:00 | Bars: 100
23:03:58 | [ANALYSIS] Examining GBP/USD | Time: 01:00 | Bars: 100
23:03:58 | [ANALYSIS] Examining USD/JPY | Time: 01:00 | Bars: 100
23:03:58 | [ANALYSIS] Examining AUD/USD | Time: 01:00 | Bars: 100
23:03:58 | [ANALYSIS] AUD/USD | Price: 0.67035 | RSI: 49.5 | ADX: 42.9 | ML: UP(75%)
23:03:58 | [STRATEGY] Added synthetic ML BUY signal (conf: 0.75)
23:03:58 | [SUMMARY] Risk: operational | Positions: 3 | Daily Trades: 0/5 | Exits: 0 (Market: 0, Admin: 0)
23:03:58 | [IDLE] Waiting for next market pulse...
23:04:09 | [36m[STATS][0m --- [CYCLE 91] ---
23:04:09 | [36m[STATS][0m Balance: 97973.15 | Equity: 97969.80 | Active: 3 | Margin: 97794.30 | Util: 0.2%
23:04:09 | [POSITION STATS] Open: 3 | Unrealized: $-3.35 | Daily Loss: $0.00/100.00
23:04:09 | [ANALYSIS] Examining EUR/USD | Time: 01:00 | Bars: 100
23:04:09 | [ANALYSIS] Examining GBP/USD | Time: 01:00 | Bars: 100
23:04:09 | [ANALYSIS] Examining USD/JPY | Time: 01:00 | Bars: 100
23:04:09 | [ANALYSIS] Examining AUD/USD | Time: 01:00 | Bars: 100
23:04:09 | [ANALYSIS] AUD/USD | Price: 0.67026 | RSI: 48.6 | ADX: 42.9 | ML: UP(75%)
23:04:09 | [STRATEGY] Added synthetic ML BUY signal (conf: 0.75)
23:04:09 | [IDLE] Waiting for next market pulse...
23:04:19 | [36m[STATS][0m --- [CYCLE 92] ---
23:04:19 | [36m[STATS][0m Balance: 97973.15 | Equity: 97969.85 | Active: 3 | Margin: 97794.35 | Util: 0.2%
23:04:19 | [POSITION STATS] Open: 3 | Unrealized: $-3.30 | Daily Loss: $0.00/100.00
23:04:19 | [ANALYSIS] Examining EUR/USD | Time: 01:00 | Bars: 100
23:04:19 | [ANALYSIS] Examining GBP/USD | Time: 01:00 | Bars: 100
23:04:19 | [ANALYSIS] Examining USD/JPY | Time: 01:00 | Bars: 100
23:04:19 | [ANALYSIS] Examining AUD/USD | Time: 01:00 | Bars: 100
23:04:19 | [ANALYSIS] AUD/USD | Price: 0.67026 | RSI: 48.6 | ADX: 42.9 | ML: UP(75%)
23:04:19 | [STRATEGY] Added synthetic ML BUY signal (conf: 0.75)
23:04:19 | [IDLE] Waiting for next market pulse...
23:04:29 | [36m[STATS][0m --- [CYCLE 93] ---
23:04:29 | [36m[STATS][0m Balance: 97973.15 | Equity: 97969.56 | Active: 3 | Margin: 97794.06 | Util: 0.2%
23:04:29 | [POSITION STATS] Open: 3 | Unrealized: $-3.59 | Daily Loss: $0.00/100.00
23:04:29 | [ANALYSIS] Examining EUR/USD | Time: 01:00 | Bars: 100
23:04:29 | [ANALYSIS] Examining GBP/USD | Time: 01:00 | Bars: 100
23:04:29 | [ANALYSIS] Examining USD/JPY | Time: 01:00 | Bars: 100
23:04:29 | [ANALYSIS] Examining AUD/USD | Time: 01:00 | Bars: 100
23:04:29 | [ANALYSIS] AUD/USD | Price: 0.67026 | RSI: 48.6 | ADX: 42.9 | ML: UP(75%)
23:04:29 | [STRATEGY] Added synthetic ML BUY signal (conf: 0.75)
23:04:29 | [IDLE] Waiting for next market pulse...
23:04:40 | [36m[STATS][0m --- [CYCLE 94] ---
23:04:40 | [36m[STATS][0m Balance: 97973.15 | Equity: 97969.65 | Active: 3 | Margin: 97794.15 | Util: 0.2%
23:04:40 | [POSITION STATS] Open: 3 | Unrealized: $-3.50 | Daily Loss: $0.00/100.00
23:04:40 | [ANALYSIS] Examining EUR/USD | Time: 01:00 | Bars: 100
23:04:40 | [ANALYSIS] Examining GBP/USD | Time: 01:00 | Bars: 100
23:04:40 | [ANALYSIS] Examining USD/JPY | Time: 01:00 | Bars: 100
23:04:40 | [ANALYSIS] Examining AUD/USD | Time: 01:00 | Bars: 100
23:04:40 | [ANALYSIS] AUD/USD | Price: 0.67018 | RSI: 47.7 | ADX: 42.9 | ML: UP(75%)
23:04:40 | [STRATEGY] Added synthetic ML BUY signal (conf: 0.75)
23:04:40 | [IDLE] Waiting for next market pulse...
23:04:50 | [36m[STATS][0m --- [CYCLE 95] ---
23:04:50 | [36m[STATS][0m Balance: 97973.15 | Equity: 97969.73 | Active: 3 | Margin: 97794.23 | Util: 0.2%
23:04:50 | [POSITION STATS] Open: 3 | Unrealized: $-3.42 | Daily Loss: $0.00/100.00
23:04:50 | [ANALYSIS] Examining EUR/USD | Time: 01:00 | Bars: 100
23:04:50 | [ANALYSIS] Examining GBP/USD | Time: 01:00 | Bars: 100
23:04:50 | [ANALYSIS] Examining USD/JPY | Time: 01:00 | Bars: 100
23:04:50 | [ANALYSIS] Examining AUD/USD | Time: 01:00 | Bars: 100
23:04:50 | [ANALYSIS] AUD/USD | Price: 0.67022 | RSI: 48.1 | ADX: 42.9 | ML: UP(75%)
23:04:50 | [STRATEGY] Added synthetic ML BUY signal (conf: 0.75)
23:04:50 | [SUMMARY] Risk: operational | Positions: 3 | Daily Trades: 0/5 | Exits: 0 (Market: 0, Admin: 0)
23:04:50 | [IDLE] Waiting for next market pulse...
23:05:00 | [36m[STATS][0m --- [CYCLE 96] ---
23:05:00 | [36m[STATS][0m Balance: 97973.15 | Equity: 97969.60 | Active: 3 | Margin: 97794.10 | Util: 0.2%
23:05:00 | [POSITION STATS] Open: 3 | Unrealized: $-3.55 | Daily Loss: $0.00/100.00
23:05:00 | [ANALYSIS] Examining EUR/USD | Time: 01:00 | Bars: 100
23:05:00 | [ANALYSIS] Examining GBP/USD | Time: 01:00 | Bars: 100
23:05:00 | [ANALYSIS] Examining USD/JPY | Time: 01:00 | Bars: 100
23:05:00 | [ANALYSIS] Examining AUD/USD | Time: 01:00 | Bars: 100
23:05:00 | [ANALYSIS] AUD/USD | Price: 0.67018 | RSI: 47.7 | ADX: 42.9 | ML: UP(75%)
23:05:00 | [STRATEGY] Added synthetic ML BUY signal (conf: 0.75)
23:05:00 | [IDLE] Waiting for next market pulse...
23:05:11 | [36m[STATS][0m --- [CYCLE 97] ---
23:05:11 | [36m[STATS][0m Balance: 97973.15 | Equity: 97969.38 | Active: 3 | Margin: 97793.88 | Util: 0.2%
23:05:11 | [POSITION STATS] Open: 3 | Unrealized: $-3.77 | Daily Loss: $0.00/100.00
23:05:11 | [ANALYSIS] Examining EUR/USD | Time: 01:00 | Bars: 100
23:05:11 | [ANALYSIS] Examining GBP/USD | Time: 01:00 | Bars: 100
23:05:11 | [ANALYSIS] Examining USD/JPY | Time: 01:00 | Bars: 100
23:05:11 | [ANALYSIS] Examining AUD/USD | Time: 01:00 | Bars: 100
23:05:11 | [ANALYSIS] AUD/USD | Price: 0.67009 | RSI: 46.7 | ADX: 42.9 | ML: UP(75%)
23:05:11 | [STRATEGY] Added synthetic ML BUY signal (conf: 0.75)
23:05:11 | [IDLE] Waiting for next market pulse...
23:05:21 | [36m[STATS][0m --- [CYCLE 98] ---
23:05:21 | [36m[STATS][0m Balance: 97973.15 | Equity: 97969.62 | Active: 3 | Margin: 97794.12 | Util: 0.2%
23:05:21 | [POSITION STATS] Open: 3 | Unrealized: $-3.53 | Daily Loss: $0.00/100.00
23:05:21 | [ANALYSIS] Examining EUR/USD | Time: 01:00 | Bars: 100
23:05:21 | [ANALYSIS] Examining GBP/USD | Time: 01:00 | Bars: 100
23:05:21 | [ANALYSIS] Examining USD/JPY | Time: 01:00 | Bars: 100
23:05:21 | [ANALYSIS] Examining AUD/USD | Time: 01:00 | Bars: 100
23:05:21 | [ANALYSIS] AUD/USD | Price: 0.67010 | RSI: 46.8 | ADX: 42.9 | ML: UP(75%)
23:05:21 | [STRATEGY] Added synthetic ML BUY signal (conf: 0.75)
23:05:21 | [IDLE] Waiting for next market pulse...
23:05:31 | [36m[STATS][0m --- [CYCLE 99] ---
23:05:31 | [36m[STATS][0m Balance: 97973.15 | Equity: 97969.57 | Active: 3 | Margin: 97794.07 | Util: 0.2%
23:05:31 | [POSITION STATS] Open: 3 | Unrealized: $-3.58 | Daily Loss: $0.00/100.00
23:05:31 | [ANALYSIS] Examining EUR/USD | Time: 01:00 | Bars: 100
23:05:31 | [ANALYSIS] Examining GBP/USD | Time: 01:00 | Bars: 100
23:05:31 | [ANALYSIS] Examining USD/JPY | Time: 01:00 | Bars: 100
23:05:31 | [ANALYSIS] Examining AUD/USD | Time: 01:00 | Bars: 100
23:05:31 | [ANALYSIS] AUD/USD | Price: 0.67010 | RSI: 46.8 | ADX: 42.9 | ML: UP(75%)
23:05:31 | [STRATEGY] Added synthetic ML BUY signal (conf: 0.75)
23:05:31 | [IDLE] Waiting for next market pulse...
23:05:42 | [36m[STATS][0m --- [CYCLE 100] ---
23:05:42 | [36m[STATS][0m Balance: 97973.15 | Equity: 97969.47 | Active: 3 | Margin: 97793.97 | Util: 0.2%
23:05:42 | [POSITION STATS] Open: 3 | Unrealized: $-3.68 | Daily Loss: $0.00/100.00
23:05:42 | [ANALYSIS] Examining EUR/USD | Time: 01:00 | Bars: 100
23:05:42 | [ANALYSIS] Examining GBP/USD | Time: 01:00 | Bars: 100
23:05:42 | [ANALYSIS] Examining USD/JPY | Time: 01:00 | Bars: 100
23:05:42 | [ANALYSIS] Examining AUD/USD | Time: 01:00 | Bars: 100
23:05:42 | [ANALYSIS] AUD/USD | Price: 0.67010 | RSI: 46.8 | ADX: 42.9 | ML: UP(75%)
23:05:42 | [STRATEGY] Added synthetic ML BUY signal (conf: 0.75)
23:05:42 | [SUMMARY] Risk: operational | Positions: 3 | Daily Trades: 0/5 | Exits: 0 (Market: 0, Admin: 0)
23:05:42 | [IDLE] Waiting for next market pulse...
23:05:52 | [36m[STATS][0m --- [CYCLE 101] ---
23:05:52 | [36m[STATS][0m Balance: 97973.15 | Equity: 97969.25 | Active: 3 | Margin: 97793.75 | Util: 0.2%
23:05:52 | [POSITION STATS] Open: 3 | Unrealized: $-3.90 | Daily Loss: $0.00/100.00
23:05:52 | [ANALYSIS] Examining EUR/USD | Time: 01:00 | Bars: 100
23:05:52 | [ANALYSIS] Examining GBP/USD | Time: 01:00 | Bars: 100
23:05:52 | [ANALYSIS] Examining USD/JPY | Time: 01:00 | Bars: 100
23:05:52 | [ANALYSIS] Examining AUD/USD | Time: 01:00 | Bars: 100
23:05:52 | [ANALYSIS] AUD/USD | Price: 0.67011 | RSI: 46.9 | ADX: 42.9 | ML: UP(75%)
23:05:52 | [STRATEGY] Added synthetic ML BUY signal (conf: 0.75)
23:05:52 | [IDLE] Waiting for next market pulse...
23:06:02 | [36m[STATS][0m --- [CYCLE 102] ---
23:06:02 | [36m[STATS][0m Balance: 97973.15 | Equity: 97969.28 | Active: 3 | Margin: 97793.78 | Util: 0.2%
23:06:02 | [POSITION STATS] Open: 3 | Unrealized: $-3.87 | Daily Loss: $0.00/100.00
23:06:02 | [ANALYSIS] Examining EUR/USD | Time: 01:00 | Bars: 100
23:06:02 | [ANALYSIS] Examining GBP/USD | Time: 01:00 | Bars: 100
23:06:02 | [ANALYSIS] Examining USD/JPY | Time: 01:00 | Bars: 100
23:06:02 | [ANALYSIS] Examining AUD/USD | Time: 01:00 | Bars: 100
23:06:02 | [ANALYSIS] AUD/USD | Price: 0.67012 | RSI: 47.0 | ADX: 42.9 | ML: UP(75%)
23:06:02 | [STRATEGY] Added synthetic ML BUY signal (conf: 0.75)
23:06:02 | [IDLE] Waiting for next market pulse...
23:06:13 | [36m[STATS][0m --- [CYCLE 103] ---
23:06:13 | [36m[STATS][0m Balance: 97973.15 | Equity: 97969.18 | Active: 3 | Margin: 97793.68 | Util: 0.2%
23:06:13 | [POSITION STATS] Open: 3 | Unrealized: $-3.97 | Daily Loss: $0.00/100.00
23:06:13 | [ANALYSIS] Examining EUR/USD | Time: 01:00 | Bars: 100
23:06:13 | [ANALYSIS] Examining GBP/USD | Time: 01:00 | Bars: 100
23:06:13 | [ANALYSIS] Examining USD/JPY | Time: 01:00 | Bars: 100
23:06:13 | [ANALYSIS] Examining AUD/USD | Time: 01:00 | Bars: 100
23:06:13 | [ANALYSIS] AUD/USD | Price: 0.67012 | RSI: 47.0 | ADX: 42.9 | ML: UP(75%)
23:06:13 | [STRATEGY] Added synthetic ML BUY signal (conf: 0.75)
23:06:13 | [IDLE] Waiting for next market pulse...
23:06:23 | [36m[STATS][0m --- [CYCLE 104] ---
23:06:23 | [36m[STATS][0m Balance: 97973.15 | Equity: 97969.09 | Active: 3 | Margin: 97793.59 | Util: 0.2%
23:06:23 | [POSITION STATS] Open: 3 | Unrealized: $-4.06 | Daily Loss: $0.00/100.00
23:06:23 | [ANALYSIS] Examining EUR/USD | Time: 01:00 | Bars: 100
23:06:23 | [ANALYSIS] Examining GBP/USD | Time: 01:00 | Bars: 100
23:06:23 | [ANALYSIS] Examining USD/JPY | Time: 01:00 | Bars: 100
23:06:23 | [ANALYSIS] Examining AUD/USD | Time: 01:00 | Bars: 100
23:06:23 | [ANALYSIS] AUD/USD | Price: 0.67011 | RSI: 46.9 | ADX: 42.9 | ML: UP(75%)
23:06:23 | [STRATEGY] Added synthetic ML BUY signal (conf: 0.75)
23:06:23 | [IDLE] Waiting for next market pulse...
23:06:33 | [36m[STATS][0m --- [CYCLE 105] ---
23:06:33 | [36m[STATS][0m Balance: 97973.15 | Equity: 97969.09 | Active: 3 | Margin: 97793.59 | Util: 0.2%
23:06:33 | [POSITION STATS] Open: 3 | Unrealized: $-4.06 | Daily Loss: $0.00/100.00
23:06:33 | [ANALYSIS] Examining EUR/USD | Time: 01:00 | Bars: 100
23:06:33 | [ANALYSIS] Examining GBP/USD | Time: 01:00 | Bars: 100
23:06:33 | [ANALYSIS] Examining USD/JPY | Time: 01:00 | Bars: 100
23:06:33 | [ANALYSIS] Examining AUD/USD | Time: 01:00 | Bars: 100
23:06:33 | [ANALYSIS] AUD/USD | Price: 0.67011 | RSI: 46.9 | ADX: 42.9 | ML: UP(75%)
23:06:33 | [STRATEGY] Added synthetic ML BUY signal (conf: 0.75)
23:06:33 | [SUMMARY] Risk: operational | Positions: 3 | Daily Trades: 0/5 | Exits: 0 (Market: 0, Admin: 0)
23:06:33 | [IDLE] Waiting for next market pulse...
23:06:44 | [36m[STATS][0m --- [CYCLE 106] ---
23:06:44 | [36m[STATS][0m Balance: 97973.15 | Equity: 97968.89 | Active: 3 | Margin: 97793.39 | Util: 0.2%
23:06:44 | [POSITION STATS] Open: 3 | Unrealized: $-4.26 | Daily Loss: $0.00/100.00
23:06:44 | [ANALYSIS] Examining EUR/USD | Time: 01:00 | Bars: 100
23:06:44 | [ANALYSIS] Examining GBP/USD | Time: 01:00 | Bars: 100
23:06:44 | [ANALYSIS] Examining USD/JPY | Time: 01:00 | Bars: 100
23:06:44 | [ANALYSIS] Examining AUD/USD | Time: 01:00 | Bars: 100
23:06:44 | [ANALYSIS] AUD/USD | Price: 0.67011 | RSI: 46.9 | ADX: 42.9 | ML: UP(75%)
23:06:44 | [STRATEGY] Added synthetic ML BUY signal (conf: 0.75)
23:06:44 | [IDLE] Waiting for next market pulse...
23:06:54 | [36m[STATS][0m --- [CYCLE 107] ---
23:06:54 | [36m[STATS][0m Balance: 97973.15 | Equity: 97969.04 | Active: 3 | Margin: 97793.54 | Util: 0.2%
23:06:54 | [POSITION STATS] Open: 3 | Unrealized: $-4.11 | Daily Loss: $0.00/100.00
23:06:54 | [ANALYSIS] Examining EUR/USD | Time: 01:00 | Bars: 100
23:06:54 | [ANALYSIS] Examining GBP/USD | Time: 01:00 | Bars: 100
23:06:54 | [ANALYSIS] Examining USD/JPY | Time: 01:00 | Bars: 100
23:06:54 | [ANALYSIS] Examining AUD/USD | Time: 01:00 | Bars: 100
23:06:54 | [ANALYSIS] AUD/USD | Price: 0.67011 | RSI: 46.9 | ADX: 42.9 | ML: UP(75%)
23:06:54 | [STRATEGY] Added synthetic ML BUY signal (conf: 0.75)
23:06:54 | [IDLE] Waiting for next market pulse...
23:07:04 | [36m[STATS][0m --- [CYCLE 108] ---
23:07:04 | [36m[STATS][0m Balance: 97973.15 | Equity: 97968.67 | Active: 3 | Margin: 97793.17 | Util: 0.2%
23:07:04 | [POSITION STATS] Open: 3 | Unrealized: $-4.48 | Daily Loss: $0.00/100.00
23:07:04 | [ANALYSIS] Examining EUR/USD | Time: 01:00 | Bars: 100
23:07:04 | [ANALYSIS] Examining GBP/USD | Time: 01:00 | Bars: 100
23:07:04 | [ANALYSIS] Examining USD/JPY | Time: 01:00 | Bars: 100
23:07:04 | [ANALYSIS] Examining AUD/USD | Time: 01:00 | Bars: 100
23:07:04 | [ANALYSIS] AUD/USD | Price: 0.67012 | RSI: 47.0 | ADX: 42.9 | ML: UP(75%)
23:07:04 | [STRATEGY] Added synthetic ML BUY signal (conf: 0.75)
23:07:04 | [IDLE] Waiting for next market pulse...
23:07:15 | [36m[STATS][0m --- [CYCLE 109] ---
23:07:15 | [36m[STATS][0m Balance: 97973.15 | Equity: 97968.72 | Active: 3 | Margin: 97793.22 | Util: 0.2%
23:07:15 | [POSITION STATS] Open: 3 | Unrealized: $-4.43 | Daily Loss: $0.00/100.00
23:07:15 | [ANALYSIS] Examining EUR/USD | Time: 01:00 | Bars: 100
23:07:15 | [ANALYSIS] Examining GBP/USD | Time: 01:00 | Bars: 100
23:07:15 | [ANALYSIS] Examining USD/JPY | Time: 01:00 | Bars: 100
23:07:15 | [ANALYSIS] Examining AUD/USD | Time: 01:00 | Bars: 100
23:07:15 | [ANALYSIS] AUD/USD | Price: 0.67012 | RSI: 47.0 | ADX: 42.9 | ML: UP(75%)
23:07:15 | [STRATEGY] Added synthetic ML BUY signal (conf: 0.75)
23:07:15 | [IDLE] Waiting for next market pulse...
23:07:25 | [36m[STATS][0m --- [CYCLE 110] ---
23:07:25 | [36m[STATS][0m Balance: 97973.15 | Equity: 97969.07 | Active: 3 | Margin: 97793.57 | Util: 0.2%
23:07:25 | [POSITION STATS] Open: 3 | Unrealized: $-4.08 | Daily Loss: $0.00/100.00
23:07:25 | [ANALYSIS] Examining EUR/USD | Time: 01:00 | Bars: 100
23:07:25 | [ANALYSIS] Examining GBP/USD | Time: 01:00 | Bars: 100
23:07:25 | [ANALYSIS] Examining USD/JPY | Time: 01:00 | Bars: 100
23:07:25 | [ANALYSIS] Examining AUD/USD | Time: 01:00 | Bars: 100
23:07:25 | [ANALYSIS] AUD/USD | Price: 0.67010 | RSI: 46.8 | ADX: 42.9 | ML: UP(75%)
23:07:25 | [STRATEGY] Added synthetic ML BUY signal (conf: 0.75)
23:07:25 | [SUMMARY] Risk: operational | Positions: 3 | Daily Trades: 0/5 | Exits: 0 (Market: 0, Admin: 0)
23:07:25 | [IDLE] Waiting for next market pulse...
23:07:35 | [36m[STATS][0m --- [CYCLE 111] ---
23:07:35 | [36m[STATS][0m Balance: 97973.15 | Equity: 97968.89 | Active: 3 | Margin: 97793.39 | Util: 0.2%
23:07:35 | [POSITION STATS] Open: 3 | Unrealized: $-4.26 | Daily Loss: $0.00/100.00
23:07:35 | [ANALYSIS] Examining EUR/USD | Time: 01:00 | Bars: 100
23:07:35 | [ANALYSIS] Examining GBP/USD | Time: 01:00 | Bars: 100
23:07:35 | [ANALYSIS] Examining USD/JPY | Time: 01:00 | Bars: 100
23:07:35 | [ANALYSIS] Examining AUD/USD | Time: 01:00 | Bars: 100
23:07:35 | [ANALYSIS] AUD/USD | Price: 0.67011 | RSI: 46.9 | ADX: 42.9 | ML: UP(75%)
23:07:35 | [STRATEGY] Added synthetic ML BUY signal (conf: 0.75)
23:07:35 | [IDLE] Waiting for next market pulse...
23:07:46 | [36m[STATS][0m --- [CYCLE 112] ---
23:07:46 | [36m[STATS][0m Balance: 97973.15 | Equity: 97969.09 | Active: 3 | Margin: 97793.59 | Util: 0.2%
23:07:46 | [POSITION STATS] Open: 3 | Unrealized: $-4.06 | Daily Loss: $0.00/100.00
23:07:46 | [ANALYSIS] Examining EUR/USD | Time: 01:00 | Bars: 100
23:07:46 | [ANALYSIS] Examining GBP/USD | Time: 01:00 | Bars: 100
23:07:46 | [ANALYSIS] Examining USD/JPY | Time: 01:00 | Bars: 100
23:07:46 | [ANALYSIS] Examining AUD/USD | Time: 01:00 | Bars: 100
23:07:46 | [ANALYSIS] AUD/USD | Price: 0.67009 | RSI: 46.7 | ADX: 42.9 | ML: UP(75%)
23:07:46 | [STRATEGY] Added synthetic ML BUY signal (conf: 0.75)
23:07:46 | [IDLE] Waiting for next market pulse...
23:07:56 | [36m[STATS][0m --- [CYCLE 113] ---
23:07:56 | [36m[STATS][0m Balance: 97973.15 | Equity: 97968.90 | Active: 3 | Margin: 97793.40 | Util: 0.2%
23:07:56 | [POSITION STATS] Open: 3 | Unrealized: $-4.25 | Daily Loss: $0.00/100.00
23:07:56 | [ANALYSIS] Examining EUR/USD | Time: 01:00 | Bars: 100
23:07:56 | [ANALYSIS] Examining GBP/USD | Time: 01:00 | Bars: 100
23:07:56 | [ANALYSIS] Examining USD/JPY | Time: 01:00 | Bars: 100
23:07:56 | [ANALYSIS] Examining AUD/USD | Time: 01:00 | Bars: 100
23:07:56 | [ANALYSIS] AUD/USD | Price: 0.67007 | RSI: 46.5 | ADX: 42.9 | ML: UP(75%)
23:07:56 | [STRATEGY] Added synthetic ML BUY signal (conf: 0.75)
23:07:56 | [IDLE] Waiting for next market pulse...
23:08:06 | [36m[STATS][0m --- [CYCLE 114] ---
23:08:06 | [36m[STATS][0m Balance: 97973.15 | Equity: 97968.90 | Active: 3 | Margin: 97793.40 | Util: 0.2%
23:08:06 | [POSITION STATS] Open: 3 | Unrealized: $-4.25 | Daily Loss: $0.00/100.00
23:08:06 | [ANALYSIS] Examining EUR/USD | Time: 01:00 | Bars: 100
23:08:06 | [ANALYSIS] Examining GBP/USD | Time: 01:00 | Bars: 100
23:08:06 | [ANALYSIS] Examining USD/JPY | Time: 01:00 | Bars: 100
23:08:06 | [ANALYSIS] Examining AUD/USD | Time: 01:00 | Bars: 100
23:08:06 | [ANALYSIS] AUD/USD | Price: 0.67007 | RSI: 46.5 | ADX: 42.9 | ML: UP(75%)
23:08:06 | [STRATEGY] Added synthetic ML BUY signal (conf: 0.75)
23:08:06 | [IDLE] Waiting for next market pulse...
23:08:17 | [36m[STATS][0m --- [CYCLE 115] ---
23:08:17 | [36m[STATS][0m Balance: 97973.15 | Equity: 97969.29 | Active: 3 | Margin: 97793.79 | Util: 0.2%
23:08:17 | [POSITION STATS] Open: 3 | Unrealized: $-3.86 | Daily Loss: $0.00/100.00
23:08:17 | [ANALYSIS] Examining EUR/USD | Time: 01:00 | Bars: 100
23:08:17 | [ANALYSIS] Examining GBP/USD | Time: 01:00 | Bars: 100
23:08:17 | [ANALYSIS] Examining USD/JPY | Time: 01:00 | Bars: 100
23:08:17 | [ANALYSIS] Examining AUD/USD | Time: 01:00 | Bars: 100
23:08:17 | [ANALYSIS] AUD/USD | Price: 0.67007 | RSI: 46.5 | ADX: 42.9 | ML: UP(75%)
23:08:17 | [STRATEGY] Added synthetic ML BUY signal (conf: 0.75)
23:08:17 | [SUMMARY] Risk: operational | Positions: 3 | Daily Trades: 0/5 | Exits: 0 (Market: 0, Admin: 0)
23:08:17 | [IDLE] Waiting for next market pulse...
23:08:27 | [36m[STATS][0m --- [CYCLE 116] ---
23:08:27 | [36m[STATS][0m Balance: 97973.15 | Equity: 97969.16 | Active: 3 | Margin: 97793.66 | Util: 0.2%
23:08:27 | [POSITION STATS] Open: 3 | Unrealized: $-3.99 | Daily Loss: $0.00/100.00
23:08:27 | [ANALYSIS] Examining EUR/USD | Time: 01:00 | Bars: 100
23:08:27 | [ANALYSIS] Examining GBP/USD | Time: 01:00 | Bars: 100
23:08:27 | [ANALYSIS] Examining USD/JPY | Time: 01:00 | Bars: 100
23:08:27 | [ANALYSIS] Examining AUD/USD | Time: 01:00 | Bars: 100
23:08:27 | [ANALYSIS] AUD/USD | Price: 0.67007 | RSI: 46.5 | ADX: 42.9 | ML: UP(75%)
23:08:27 | [STRATEGY] Added synthetic ML BUY signal (conf: 0.75)
23:08:27 | [IDLE] Waiting for next market pulse...
23:08:37 | [36m[STATS][0m --- [CYCLE 117] ---
23:08:37 | [36m[STATS][0m Balance: 97973.15 | Equity: 97968.96 | Active: 3 | Margin: 97793.46 | Util: 0.2%
23:08:37 | [POSITION STATS] Open: 3 | Unrealized: $-4.19 | Daily Loss: $0.00/100.00
23:08:37 | [ANALYSIS] Examining EUR/USD | Time: 01:00 | Bars: 100
23:08:37 | [ANALYSIS] Examining GBP/USD | Time: 01:00 | Bars: 100
23:08:37 | [ANALYSIS] Examining USD/JPY | Time: 01:00 | Bars: 100
23:08:37 | [ANALYSIS] Examining AUD/USD | Time: 01:00 | Bars: 100
23:08:37 | [ANALYSIS] AUD/USD | Price: 0.67003 | RSI: 46.2 | ADX: 42.9 | ML: UP(75%)
23:08:37 | [STRATEGY] Added synthetic ML BUY signal (conf: 0.75)
23:08:37 | [IDLE] Waiting for next market pulse...
23:08:48 | [36m[STATS][0m --- [CYCLE 118] ---
23:08:48 | [36m[STATS][0m Balance: 97973.15 | Equity: 97968.91 | Active: 3 | Margin: 97793.41 | Util: 0.2%
23:08:48 | [POSITION STATS] Open: 3 | Unrealized: $-4.24 | Daily Loss: $0.00/100.00
23:08:48 | [ANALYSIS] Examining EUR/USD | Time: 01:00 | Bars: 100
23:08:48 | [ANALYSIS] Examining GBP/USD | Time: 01:00 | Bars: 100
23:08:48 | [ANALYSIS] Examining USD/JPY | Time: 01:00 | Bars: 100
23:08:48 | [ANALYSIS] Examining AUD/USD | Time: 01:00 | Bars: 100
23:08:48 | [ANALYSIS] AUD/USD | Price: 0.67006 | RSI: 46.4 | ADX: 42.9 | ML: UP(75%)
23:08:48 | [STRATEGY] Added synthetic ML BUY signal (conf: 0.75)
23:08:48 | [IDLE] Waiting for next market pulse...
23:08:58 | [36m[STATS][0m --- [CYCLE 119] ---
23:08:58 | [36m[STATS][0m Balance: 97973.15 | Equity: 97968.52 | Active: 3 | Margin: 97793.02 | Util: 0.2%
23:08:58 | [POSITION STATS] Open: 3 | Unrealized: $-4.63 | Daily Loss: $0.00/100.00
23:08:58 | [ANALYSIS] Examining EUR/USD | Time: 01:00 | Bars: 100
23:08:58 | [ANALYSIS] Examining GBP/USD | Time: 01:00 | Bars: 100
23:08:58 | [ANALYSIS] Examining USD/JPY | Time: 01:00 | Bars: 100
23:08:58 | [ANALYSIS] Examining AUD/USD | Time: 01:00 | Bars: 100
23:08:58 | [ANALYSIS] AUD/USD | Price: 0.67006 | RSI: 46.4 | ADX: 42.9 | ML: UP(75%)
23:08:58 | [STRATEGY] Added synthetic ML BUY signal (conf: 0.75)
23:08:58 | [IDLE] Waiting for next market pulse...
23:09:08 | [36m[STATS][0m --- [CYCLE 120] ---
23:09:08 | [36m[STATS][0m Balance: 97973.15 | Equity: 97968.52 | Active: 3 | Margin: 97793.02 | Util: 0.2%
23:09:08 | [POSITION STATS] Open: 3 | Unrealized: $-4.63 | Daily Loss: $0.00/100.00
23:09:08 | [ANALYSIS] Examining EUR/USD | Time: 01:00 | Bars: 100
23:09:08 | [ANALYSIS] Examining GBP/USD | Time: 01:00 | Bars: 100
23:09:08 | [ANALYSIS] Examining USD/JPY | Time: 01:00 | Bars: 100
23:09:08 | [ANALYSIS] Examining AUD/USD | Time: 01:00 | Bars: 100
23:09:08 | [ANALYSIS] AUD/USD | Price: 0.67007 | RSI: 46.5 | ADX: 42.9 | ML: UP(75%)
23:09:08 | [STRATEGY] Added synthetic ML BUY signal (conf: 0.75)
23:09:08 | [SUMMARY] Risk: operational | Positions: 3 | Daily Trades: 0/5 | Exits: 0 (Market: 0, Admin: 0)
23:09:08 | [IDLE] Waiting for next market pulse...
23:09:19 | [36m[STATS][0m --- [CYCLE 121] ---
23:09:19 | [36m[STATS][0m Balance: 97973.15 | Equity: 97968.52 | Active: 3 | Margin: 97793.02 | Util: 0.2%
23:09:19 | [POSITION STATS] Open: 3 | Unrealized: $-4.63 | Daily Loss: $0.00/100.00
23:09:19 | [ANALYSIS] Examining EUR/USD | Time: 01:00 | Bars: 100
23:09:19 | [ANALYSIS] Examining GBP/USD | Time: 01:00 | Bars: 100
23:09:19 | [ANALYSIS] Examining USD/JPY | Time: 01:00 | Bars: 100
23:09:19 | [ANALYSIS] Examining AUD/USD | Time: 01:00 | Bars: 100
23:09:19 | [ANALYSIS] AUD/USD | Price: 0.67007 | RSI: 46.5 | ADX: 42.9 | ML: UP(75%)
23:09:19 | [STRATEGY] Added synthetic ML BUY signal (conf: 0.75)
23:09:19 | [IDLE] Waiting for next market pulse...
23:09:29 | [36m[STATS][0m --- [CYCLE 122] ---
23:09:29 | [36m[STATS][0m Balance: 97973.15 | Equity: 97968.60 | Active: 3 | Margin: 97793.10 | Util: 0.2%
23:09:29 | [POSITION STATS] Open: 3 | Unrealized: $-4.55 | Daily Loss: $0.00/100.00
23:09:29 | [ANALYSIS] Examining EUR/USD | Time: 01:00 | Bars: 100
23:09:29 | [ANALYSIS] Examining GBP/USD | Time: 01:00 | Bars: 100
23:09:29 | [ANALYSIS] Examining USD/JPY | Time: 01:00 | Bars: 100
23:09:29 | [ANALYSIS] Examining AUD/USD | Time: 01:00 | Bars: 100
23:09:29 | [ANALYSIS] AUD/USD | Price: 0.67007 | RSI: 46.5 | ADX: 42.9 | ML: UP(75%)
23:09:29 | [STRATEGY] Added synthetic ML BUY signal (conf: 0.75)
23:09:29 | [IDLE] Waiting for next market pulse...
23:09:39 | [36m[STATS][0m --- [CYCLE 123] ---
23:09:39 | [36m[STATS][0m Balance: 97973.15 | Equity: 97968.70 | Active: 3 | Margin: 97793.20 | Util: 0.2%
23:09:39 | [POSITION STATS] Open: 3 | Unrealized: $-4.45 | Daily Loss: $0.00/100.00
23:09:39 | [ANALYSIS] Examining EUR/USD | Time: 01:00 | Bars: 100
23:09:39 | [ANALYSIS] Examining GBP/USD | Time: 01:00 | Bars: 100
23:09:39 | [ANALYSIS] Examining USD/JPY | Time: 01:00 | Bars: 100
23:09:39 | [ANALYSIS] Examining AUD/USD | Time: 01:00 | Bars: 100
23:09:39 | [ANALYSIS] AUD/USD | Price: 0.67007 | RSI: 46.5 | ADX: 42.9 | ML: UP(75%)
23:09:39 | [STRATEGY] Added synthetic ML BUY signal (conf: 0.75)
23:09:39 | [IDLE] Waiting for next market pulse...
23:09:50 | [36m[STATS][0m --- [CYCLE 124] ---
23:09:50 | [36m[STATS][0m Balance: 97973.15 | Equity: 97968.40 | Active: 4 | Margin: 97759.39 | Util: 0.2%
23:09:50 | [POSITION STATS] Open: 4 | Unrealized: $-4.75 | Daily Loss: $0.00/100.00
23:09:50 | [ANALYSIS] Examining EUR/USD | Time: 01:00 | Bars: 100
23:09:50 | [ANALYSIS] Examining GBP/USD | Time: 01:00 | Bars: 100
23:09:50 | [ANALYSIS] Examining USD/JPY | Time: 01:00 | Bars: 100
23:09:50 | [ANALYSIS] Examining AUD/USD | Time: 01:00 | Bars: 100
23:09:50 | [IDLE] Waiting for next market pulse...
23:10:00 | [36m[STATS][0m --- [CYCLE 125] ---
23:10:00 | [36m[STATS][0m Balance: 97973.15 | Equity: 97968.15 | Active: 4 | Margin: 97759.14 | Util: 0.2%
23:10:00 | [POSITION STATS] Open: 4 | Unrealized: $-5.00 | Daily Loss: $0.00/100.00
23:10:00 | [ANALYSIS] Examining EUR/USD | Time: 01:00 | Bars: 100
23:10:00 | [ANALYSIS] Examining GBP/USD | Time: 01:00 | Bars: 100
23:10:00 | [ANALYSIS] Examining USD/JPY | Time: 01:00 | Bars: 100
23:10:00 | [ANALYSIS] Examining AUD/USD | Time: 01:00 | Bars: 100
23:10:00 | [SUMMARY] Risk: operational | Positions: 4 | Daily Trades: 0/5 | Exits: 0 (Market: 0, Admin: 0)
23:10:00 | [IDLE] Waiting for next market pulse...
23:10:10 | [36m[STATS][0m --- [CYCLE 126] ---
23:10:10 | [36m[STATS][0m Balance: 97973.15 | Equity: 97967.97 | Active: 4 | Margin: 97758.96 | Util: 0.2%
23:10:10 | [POSITION STATS] Open: 4 | Unrealized: $-5.18 | Daily Loss: $0.00/100.00
23:10:10 | [ANALYSIS] Examining EUR/USD | Time: 01:00 | Bars: 100
23:10:10 | [ANALYSIS] Examining GBP/USD | Time: 01:00 | Bars: 100
23:10:10 | [ANALYSIS] Examining USD/JPY | Time: 01:00 | Bars: 100
23:10:10 | [ANALYSIS] Examining AUD/USD | Time: 01:00 | Bars: 100
23:10:10 | [IDLE] Waiting for next market pulse...
23:10:21 | [36m[STATS][0m --- [CYCLE 127] ---
23:10:21 | [36m[STATS][0m Balance: 97973.15 | Equity: 97967.59 | Active: 4 | Margin: 97758.58 | Util: 0.2%
23:10:21 | [POSITION STATS] Open: 4 | Unrealized: $-5.56 | Daily Loss: $0.00/100.00
23:10:21 | [ANALYSIS] Examining EUR/USD | Time: 01:00 | Bars: 100
23:10:21 | [ANALYSIS] Examining GBP/USD | Time: 01:00 | Bars: 100
23:10:21 | [ANALYSIS] Examining USD/JPY | Time: 01:00 | Bars: 100
23:10:21 | [ANALYSIS] Examining AUD/USD | Time: 01:00 | Bars: 100
23:10:21 | [IDLE] Waiting for next market pulse...
23:10:31 | [36m[STATS][0m --- [CYCLE 128] ---
23:10:31 | [36m[STATS][0m Balance: 97973.15 | Equity: 97967.16 | Active: 4 | Margin: 97758.15 | Util: 0.2%
23:10:31 | [POSITION STATS] Open: 4 | Unrealized: $-5.99 | Daily Loss: $0.00/100.00
23:10:31 | [ANALYSIS] Examining EUR/USD | Time: 01:00 | Bars: 100
23:10:31 | [ANALYSIS] Examining GBP/USD | Time: 01:00 | Bars: 100
23:10:31 | [ANALYSIS] Examining USD/JPY | Time: 01:00 | Bars: 100
23:10:31 | [ANALYSIS] Examining AUD/USD | Time: 01:00 | Bars: 100
23:10:31 | [IDLE] Waiting for next market pulse...
23:10:41 | [36m[STATS][0m --- [CYCLE 129] ---
23:10:41 | [36m[STATS][0m Balance: 97973.15 | Equity: 97967.06 | Active: 4 | Margin: 97758.05 | Util: 0.2%
23:10:41 | [POSITION STATS] Open: 4 | Unrealized: $-6.09 | Daily Loss: $0.00/100.00
23:10:41 | [ANALYSIS] Examining EUR/USD | Time: 01:00 | Bars: 100
23:10:41 | [ANALYSIS] Examining GBP/USD | Time: 01:00 | Bars: 100
23:10:41 | [ANALYSIS] Examining USD/JPY | Time: 01:00 | Bars: 100
23:10:41 | [ANALYSIS] Examining AUD/USD | Time: 01:00 | Bars: 100
23:10:41 | [IDLE] Waiting for next market pulse...
23:10:52 | [36m[STATS][0m --- [CYCLE 130] ---
23:10:52 | [36m[STATS][0m Balance: 97973.15 | Equity: 97967.33 | Active: 4 | Margin: 97758.32 | Util: 0.2%
23:10:52 | [POSITION STATS] Open: 4 | Unrealized: $-5.82 | Daily Loss: $0.00/100.00
23:10:52 | [ANALYSIS] Examining EUR/USD | Time: 01:00 | Bars: 100
23:10:52 | [ANALYSIS] Examining GBP/USD | Time: 01:00 | Bars: 100
23:10:52 | [ANALYSIS] Examining USD/JPY | Time: 01:00 | Bars: 100
23:10:52 | [ANALYSIS] Examining AUD/USD | Time: 01:00 | Bars: 100
23:10:52 | [SUMMARY] Risk: operational | Positions: 4 | Daily Trades: 0/5 | Exits: 0 (Market: 0, Admin: 0)
23:10:52 | [IDLE] Waiting for next market pulse...
23:11:02 | [36m[STATS][0m --- [CYCLE 131] ---
23:11:02 | [36m[STATS][0m Balance: 97973.15 | Equity: 97967.38 | Active: 4 | Margin: 97758.37 | Util: 0.2%
23:11:02 | [POSITION STATS] Open: 4 | Unrealized: $-5.77 | Daily Loss: $0.00/100.00
23:11:02 | [ANALYSIS] Examining EUR/USD | Time: 01:00 | Bars: 100
23:11:02 | [ANALYSIS] Examining GBP/USD | Time: 01:00 | Bars: 100
23:11:02 | [ANALYSIS] Examining USD/JPY | Time: 01:00 | Bars: 100
23:11:02 | [ANALYSIS] Examining AUD/USD | Time: 01:00 | Bars: 100
23:11:02 | [IDLE] Waiting for next market pulse...
23:11:12 | [36m[STATS][0m --- [CYCLE 132] ---
23:11:12 | [36m[STATS][0m Balance: 97973.15 | Equity: 97967.28 | Active: 4 | Margin: 97758.27 | Util: 0.2%
23:11:12 | [POSITION STATS] Open: 4 | Unrealized: $-5.87 | Daily Loss: $0.00/100.00
23:11:12 | [ANALYSIS] Examining EUR/USD | Time: 01:00 | Bars: 100
23:11:12 | [ANALYSIS] Examining GBP/USD | Time: 01:00 | Bars: 100
23:11:12 | [ANALYSIS] Examining USD/JPY | Time: 01:00 | Bars: 100
23:11:12 | [ANALYSIS] Examining AUD/USD | Time: 01:00 | Bars: 100
23:11:12 | [IDLE] Waiting for next market pulse...
23:11:23 | [36m[STATS][0m --- [CYCLE 133] ---
23:11:23 | [36m[STATS][0m Balance: 97973.15 | Equity: 97967.28 | Active: 4 | Margin: 97758.27 | Util: 0.2%
23:11:23 | [POSITION STATS] Open: 4 | Unrealized: $-5.87 | Daily Loss: $0.00/100.00
23:11:23 | [ANALYSIS] Examining EUR/USD | Time: 01:00 | Bars: 100
23:11:23 | [ANALYSIS] Examining GBP/USD | Time: 01:00 | Bars: 100
23:11:23 | [ANALYSIS] Examining USD/JPY | Time: 01:00 | Bars: 100
23:11:23 | [ANALYSIS] Examining AUD/USD | Time: 01:00 | Bars: 100
23:11:23 | [IDLE] Waiting for next market pulse...
23:11:33 | [36m[STATS][0m --- [CYCLE 134] ---
23:11:33 | [36m[STATS][0m Balance: 97973.15 | Equity: 97967.33 | Active: 4 | Margin: 97758.32 | Util: 0.2%
23:11:33 | [POSITION STATS] Open: 4 | Unrealized: $-5.82 | Daily Loss: $0.00/100.00
23:11:33 | [ANALYSIS] Examining EUR/USD | Time: 01:00 | Bars: 100
23:11:33 | [ANALYSIS] Examining GBP/USD | Time: 01:00 | Bars: 100
23:11:33 | [ANALYSIS] Examining USD/JPY | Time: 01:00 | Bars: 100
23:11:33 | [ANALYSIS] Examining AUD/USD | Time: 01:00 | Bars: 100
23:11:33 | [IDLE] Waiting for next market pulse...
23:11:43 | [36m[STATS][0m --- [CYCLE 135] ---
23:11:43 | [36m[STATS][0m Balance: 97973.15 | Equity: 97967.33 | Active: 4 | Margin: 97758.32 | Util: 0.2%
23:11:43 | [POSITION STATS] Open: 4 | Unrealized: $-5.82 | Daily Loss: $0.00/100.00
23:11:43 | [ANALYSIS] Examining EUR/USD | Time: 01:00 | Bars: 100
23:11:43 | [ANALYSIS] Examining GBP/USD | Time: 01:00 | Bars: 100
23:11:43 | [ANALYSIS] Examining USD/JPY | Time: 01:00 | Bars: 100
23:11:43 | [ANALYSIS] Examining AUD/USD | Time: 01:00 | Bars: 100
23:11:43 | [SUMMARY] Risk: operational | Positions: 4 | Daily Trades: 0/5 | Exits: 0 (Market: 0, Admin: 0)
23:11:43 | [IDLE] Waiting for next market pulse...
23:11:54 | [36m[STATS][0m --- [CYCLE 136] ---
23:11:54 | [36m[STATS][0m Balance: 97973.15 | Equity: 97967.41 | Active: 4 | Margin: 97758.40 | Util: 0.2%
23:11:54 | [POSITION STATS] Open: 4 | Unrealized: $-5.74 | Daily Loss: $0.00/100.00
23:11:54 | [ANALYSIS] Examining EUR/USD | Time: 01:00 | Bars: 100
23:11:54 | [ANALYSIS] Examining GBP/USD | Time: 01:00 | Bars: 100
23:11:54 | [ANALYSIS] Examining USD/JPY | Time: 01:00 | Bars: 100
23:11:54 | [ANALYSIS] Examining AUD/USD | Time: 01:00 | Bars: 100
23:11:54 | [IDLE] Waiting for next market pulse...
23:12:04 | [36m[STATS][0m --- [CYCLE 137] ---
23:12:04 | [36m[STATS][0m Balance: 97973.15 | Equity: 97967.48 | Active: 4 | Margin: 97758.47 | Util: 0.2%
23:12:04 | [POSITION STATS] Open: 4 | Unrealized: $-5.67 | Daily Loss: $0.00/100.00
23:12:04 | [ANALYSIS] Examining EUR/USD | Time: 01:00 | Bars: 100
23:12:04 | [ANALYSIS] Examining GBP/USD | Time: 01:00 | Bars: 100
23:12:04 | [ANALYSIS] Examining USD/JPY | Time: 01:00 | Bars: 100
23:12:04 | [ANALYSIS] Examining AUD/USD | Time: 01:00 | Bars: 100
23:12:04 | [IDLE] Waiting for next market pulse...
23:12:14 | [36m[STATS][0m --- [CYCLE 138] ---
23:12:14 | [36m[STATS][0m Balance: 97973.15 | Equity: 97967.68 | Active: 4 | Margin: 97758.67 | Util: 0.2%
23:12:14 | [POSITION STATS] Open: 4 | Unrealized: $-5.47 | Daily Loss: $0.00/100.00
23:12:14 | [ANALYSIS] Examining EUR/USD | Time: 01:00 | Bars: 100
23:12:14 | [ANALYSIS] Examining GBP/USD | Time: 01:00 | Bars: 100
23:12:14 | [ANALYSIS] Examining USD/JPY | Time: 01:00 | Bars: 100
23:12:14 | [ANALYSIS] Examining AUD/USD | Time: 01:00 | Bars: 100
23:12:14 | [IDLE] Waiting for next market pulse...
23:12:25 | [36m[STATS][0m --- [CYCLE 139] ---
23:12:25 | [36m[STATS][0m Balance: 97973.15 | Equity: 97967.73 | Active: 4 | Margin: 97758.72 | Util: 0.2%
23:12:25 | [POSITION STATS] Open: 4 | Unrealized: $-5.42 | Daily Loss: $0.00/100.00
23:12:25 | [ANALYSIS] Examining EUR/USD | Time: 01:00 | Bars: 100
23:12:25 | [ANALYSIS] Examining GBP/USD | Time: 01:00 | Bars: 100
23:12:25 | [ANALYSIS] Examining USD/JPY | Time: 01:00 | Bars: 100
23:12:25 | [ANALYSIS] Examining AUD/USD | Time: 01:00 | Bars: 100
23:12:25 | [IDLE] Waiting for next market pulse...
23:12:35 | [36m[STATS][0m --- [CYCLE 140] ---
23:12:35 | [36m[STATS][0m Balance: 97973.15 | Equity: 97967.73 | Active: 4 | Margin: 97758.72 | Util: 0.2%
23:12:35 | [POSITION STATS] Open: 4 | Unrealized: $-5.42 | Daily Loss: $0.00/100.00
23:12:35 | [ANALYSIS] Examining EUR/USD | Time: 01:00 | Bars: 100
23:12:35 | [ANALYSIS] Examining GBP/USD | Time: 01:00 | Bars: 100
23:12:35 | [ANALYSIS] Examining USD/JPY | Time: 01:00 | Bars: 100
23:12:35 | [ANALYSIS] Examining AUD/USD | Time: 01:00 | Bars: 100
23:12:35 | [SUMMARY] Risk: operational | Positions: 4 | Daily Trades: 0/5 | Exits: 0 (Market: 0, Admin: 0)
23:12:35 | [IDLE] Waiting for next market pulse...
23:12:45 | [36m[STATS][0m --- [CYCLE 141] ---
23:12:45 | [36m[STATS][0m Balance: 97973.15 | Equity: 97967.76 | Active: 4 | Margin: 97758.75 | Util: 0.2%
23:12:45 | [POSITION STATS] Open: 4 | Unrealized: $-5.39 | Daily Loss: $0.00/100.00
23:12:45 | [ANALYSIS] Examining EUR/USD | Time: 01:00 | Bars: 100
23:12:45 | [ANALYSIS] Examining GBP/USD | Time: 01:00 | Bars: 100
23:12:45 | [ANALYSIS] Examining USD/JPY | Time: 01:00 | Bars: 100
23:12:45 | [ANALYSIS] Examining AUD/USD | Time: 01:00 | Bars: 100
23:12:45 | [IDLE] Waiting for next market pulse...
23:12:56 | [36m[STATS][0m --- [CYCLE 142] ---
23:12:56 | [36m[STATS][0m Balance: 97973.15 | Equity: 97967.81 | Active: 4 | Margin: 97758.80 | Util: 0.2%
23:12:56 | [POSITION STATS] Open: 4 | Unrealized: $-5.34 | Daily Loss: $0.00/100.00
23:12:56 | [ANALYSIS] Examining EUR/USD | Time: 01:00 | Bars: 100
23:12:56 | [ANALYSIS] Examining GBP/USD | Time: 01:00 | Bars: 100
23:12:56 | [ANALYSIS] Examining USD/JPY | Time: 01:00 | Bars: 100
23:12:56 | [ANALYSIS] Examining AUD/USD | Time: 01:00 | Bars: 100
23:12:56 | [IDLE] Waiting for next market pulse...
23:13:06 | [36m[STATS][0m --- [CYCLE 143] ---
23:13:06 | [36m[STATS][0m Balance: 97973.15 | Equity: 97967.71 | Active: 4 | Margin: 97758.70 | Util: 0.2%
23:13:06 | [POSITION STATS] Open: 4 | Unrealized: $-5.44 | Daily Loss: $0.00/100.00
23:13:06 | [ANALYSIS] Examining EUR/USD | Time: 01:00 | Bars: 100
23:13:06 | [ANALYSIS] Examining GBP/USD | Time: 01:00 | Bars: 100
23:13:06 | [ANALYSIS] Examining USD/JPY | Time: 01:00 | Bars: 100
23:13:06 | [ANALYSIS] Examining AUD/USD | Time: 01:00 | Bars: 100
23:13:06 | [IDLE] Waiting for next market pulse...
23:13:16 | [36m[STATS][0m --- [CYCLE 144] ---
23:13:16 | [36m[STATS][0m Balance: 97973.15 | Equity: 97967.36 | Active: 4 | Margin: 97758.35 | Util: 0.2%
23:13:16 | [POSITION STATS] Open: 4 | Unrealized: $-5.79 | Daily Loss: $0.00/100.00
23:13:16 | [ANALYSIS] Examining EUR/USD | Time: 01:00 | Bars: 100
23:13:16 | [ANALYSIS] Examining GBP/USD | Time: 01:00 | Bars: 100
23:13:16 | [ANALYSIS] Examining USD/JPY | Time: 01:00 | Bars: 100
23:13:16 | [ANALYSIS] Examining AUD/USD | Time: 01:00 | Bars: 100
23:13:16 | [IDLE] Waiting for next market pulse...
23:13:27 | [36m[STATS][0m --- [CYCLE 145] ---
23:13:27 | [36m[STATS][0m Balance: 97973.15 | Equity: 97967.56 | Active: 4 | Margin: 97758.55 | Util: 0.2%
23:13:27 | [POSITION STATS] Open: 4 | Unrealized: $-5.59 | Daily Loss: $0.00/100.00
23:13:27 | [ANALYSIS] Examining EUR/USD | Time: 01:00 | Bars: 100
23:13:27 | [ANALYSIS] Examining GBP/USD | Time: 01:00 | Bars: 100
23:13:27 | [ANALYSIS] Examining USD/JPY | Time: 01:00 | Bars: 100
23:13:27 | [ANALYSIS] Examining AUD/USD | Time: 01:00 | Bars: 100
23:13:27 | [SUMMARY] Risk: operational | Positions: 4 | Daily Trades: 0/5 | Exits: 0 (Market: 0, Admin: 0)
23:13:27 | [IDLE] Waiting for next market pulse...
23:13:37 | [36m[STATS][0m --- [CYCLE 146] ---
23:13:37 | [36m[STATS][0m Balance: 97973.15 | Equity: 97967.61 | Active: 4 | Margin: 97758.60 | Util: 0.2%
23:13:37 | [POSITION STATS] Open: 4 | Unrealized: $-5.54 | Daily Loss: $0.00/100.00
23:13:37 | [ANALYSIS] Examining EUR/USD | Time: 01:00 | Bars: 100
23:13:37 | [ANALYSIS] Examining GBP/USD | Time: 01:00 | Bars: 100
23:13:37 | [ANALYSIS] Examining USD/JPY | Time: 01:00 | Bars: 100
23:13:37 | [ANALYSIS] Examining AUD/USD | Time: 01:00 | Bars: 100
23:13:37 | [IDLE] Waiting for next market pulse...
23:13:47 | [36m[STATS][0m --- [CYCLE 147] ---
23:13:47 | [36m[STATS][0m Balance: 97973.15 | Equity: 97967.61 | Active: 4 | Margin: 97758.60 | Util: 0.2%
23:13:47 | [POSITION STATS] Open: 4 | Unrealized: $-5.54 | Daily Loss: $0.00/100.00
23:13:47 | [ANALYSIS] Examining EUR/USD | Time: 01:00 | Bars: 100
23:13:47 | [ANALYSIS] Examining GBP/USD | Time: 01:00 | Bars: 100
23:13:47 | [ANALYSIS] Examining USD/JPY | Time: 01:00 | Bars: 100
23:13:47 | [ANALYSIS] Examining AUD/USD | Time: 01:00 | Bars: 100
23:13:47 | [IDLE] Waiting for next market pulse...
23:13:58 | [36m[STATS][0m --- [CYCLE 148] ---
23:13:58 | [36m[STATS][0m Balance: 97973.15 | Equity: 97967.23 | Active: 4 | Margin: 97758.22 | Util: 0.2%
23:13:58 | [POSITION STATS] Open: 4 | Unrealized: $-5.92 | Daily Loss: $0.00/100.00
23:13:58 | [ANALYSIS] Examining EUR/USD | Time: 01:00 | Bars: 100
23:13:58 | [ANALYSIS] Examining GBP/USD | Time: 01:00 | Bars: 100
23:13:58 | [ANALYSIS] Examining USD/JPY | Time: 01:00 | Bars: 100
23:13:58 | [ANALYSIS] Examining AUD/USD | Time: 01:00 | Bars: 100
23:13:58 | [IDLE] Waiting for next market pulse...
23:14:08 | [36m[STATS][0m --- [CYCLE 149] ---
23:14:08 | [36m[STATS][0m Balance: 97973.15 | Equity: 97967.26 | Active: 4 | Margin: 97758.25 | Util: 0.2%
23:14:08 | [POSITION STATS] Open: 4 | Unrealized: $-5.89 | Daily Loss: $0.00/100.00
23:14:08 | [ANALYSIS] Examining EUR/USD | Time: 01:00 | Bars: 100
23:14:08 | [ANALYSIS] Examining GBP/USD | Time: 01:00 | Bars: 100
23:14:08 | [ANALYSIS] Examining USD/JPY | Time: 01:00 | Bars: 100
23:14:08 | [ANALYSIS] Examining AUD/USD | Time: 01:00 | Bars: 100
23:14:08 | [IDLE] Waiting for next market pulse...
23:14:18 | [36m[STATS][0m --- [CYCLE 150] ---
23:14:18 | [36m[STATS][0m Balance: 97973.15 | Equity: 97967.18 | Active: 4 | Margin: 97758.17 | Util: 0.2%
23:14:18 | [POSITION STATS] Open: 4 | Unrealized: $-5.97 | Daily Loss: $0.00/100.00
23:14:18 | [ANALYSIS] Examining EUR/USD | Time: 01:00 | Bars: 100
23:14:18 | [ANALYSIS] Examining GBP/USD | Time: 01:00 | Bars: 100
23:14:18 | [ANALYSIS] Examining USD/JPY | Time: 01:00 | Bars: 100
23:14:18 | [ANALYSIS] Examining AUD/USD | Time: 01:00 | Bars: 100
23:14:18 | [SUMMARY] Risk: operational | Positions: 4 | Daily Trades: 0/5 | Exits: 0 (Market: 0, Admin: 0)
23:14:18 | [IDLE] Waiting for next market pulse...
23:14:29 | [36m[STATS][0m --- [CYCLE 151] ---
23:14:29 | [36m[STATS][0m Balance: 97973.15 | Equity: 97967.06 | Active: 4 | Margin: 97758.05 | Util: 0.2%
23:14:29 | [POSITION STATS] Open: 4 | Unrealized: $-6.09 | Daily Loss: $0.00/100.00
23:14:29 | [ANALYSIS] Examining EUR/USD | Time: 01:00 | Bars: 100
23:14:29 | [ANALYSIS] Examining GBP/USD | Time: 01:00 | Bars: 100
23:14:29 | [ANALYSIS] Examining USD/JPY | Time: 01:00 | Bars: 100
23:14:29 | [ANALYSIS] Examining AUD/USD | Time: 01:00 | Bars: 100
23:14:29 | [IDLE] Waiting for next market pulse...
23:14:39 | [36m[STATS][0m --- [CYCLE 152] ---
23:14:39 | [36m[STATS][0m Balance: 97973.15 | Equity: 97967.21 | Active: 4 | Margin: 97758.20 | Util: 0.2%
23:14:39 | [POSITION STATS] Open: 4 | Unrealized: $-5.94 | Daily Loss: $0.00/100.00
23:14:39 | [ANALYSIS] Examining EUR/USD | Time: 01:00 | Bars: 100
23:14:39 | [ANALYSIS] Examining GBP/USD | Time: 01:00 | Bars: 100
23:14:39 | [ANALYSIS] Examining USD/JPY | Time: 01:00 | Bars: 100
23:14:39 | [ANALYSIS] Examining AUD/USD | Time: 01:00 | Bars: 100
23:14:39 | [IDLE] Waiting for next market pulse...
23:14:49 | [36m[STATS][0m --- [CYCLE 153] ---
23:14:49 | [36m[STATS][0m Balance: 97973.15 | Equity: 97967.43 | Active: 4 | Margin: 97758.42 | Util: 0.2%
23:14:49 | [POSITION STATS] Open: 4 | Unrealized: $-5.72 | Daily Loss: $0.00/100.00
23:14:49 | [ANALYSIS] Examining EUR/USD | Time: 01:00 | Bars: 100
23:14:49 | [ANALYSIS] Examining GBP/USD | Time: 01:00 | Bars: 100
23:14:49 | [ANALYSIS] Examining USD/JPY | Time: 01:00 | Bars: 100
23:14:49 | [ANALYSIS] Examining AUD/USD | Time: 01:00 | Bars: 100
23:14:49 | [IDLE] Waiting for next market pulse...
23:15:00 | [36m[STATS][0m --- [CYCLE 154] ---
23:15:00 | [36m[STATS][0m Balance: 97973.15 | Equity: 97967.66 | Active: 4 | Margin: 97758.65 | Util: 0.2%
23:15:00 | [POSITION STATS] Open: 4 | Unrealized: $-5.49 | Daily Loss: $0.00/100.00
23:15:00 | [ANALYSIS] Examining EUR/USD | Time: 01:00 | Bars: 100
23:15:00 | [ANALYSIS] Examining GBP/USD | Time: 01:00 | Bars: 100
23:15:00 | [ANALYSIS] Examining USD/JPY | Time: 01:00 | Bars: 100
23:15:00 | [ANALYSIS] Examining AUD/USD | Time: 01:00 | Bars: 100
23:15:00 | [IDLE] Waiting for next market pulse...
23:15:10 | [36m[STATS][0m --- [CYCLE 155] ---
23:15:10 | [36m[STATS][0m Balance: 97973.15 | Equity: 97967.78 | Active: 4 | Margin: 97758.77 | Util: 0.2%
23:15:10 | [POSITION STATS] Open: 4 | Unrealized: $-5.37 | Daily Loss: $0.00/100.00
23:15:10 | [ANALYSIS] Examining EUR/USD | Time: 01:00 | Bars: 100
23:15:10 | [ANALYSIS] Examining GBP/USD | Time: 01:00 | Bars: 100
23:15:10 | [ANALYSIS] Examining USD/JPY | Time: 01:00 | Bars: 100
23:15:10 | [ANALYSIS] Examining AUD/USD | Time: 01:00 | Bars: 100
23:15:10 | [SUMMARY] Risk: operational | Positions: 4 | Daily Trades: 0/5 | Exits: 0 (Market: 0, Admin: 0)
23:15:10 | [IDLE] Waiting for next market pulse...
23:15:20 | [36m[STATS][0m --- [CYCLE 156] ---
23:15:20 | [36m[STATS][0m Balance: 97973.15 | Equity: 97967.78 | Active: 4 | Margin: 97758.77 | Util: 0.2%
23:15:20 | [POSITION STATS] Open: 4 | Unrealized: $-5.37 | Daily Loss: $0.00/100.00
23:15:20 | [ANALYSIS] Examining EUR/USD | Time: 01:00 | Bars: 100
23:15:20 | [ANALYSIS] Examining GBP/USD | Time: 01:00 | Bars: 100
23:15:20 | [ANALYSIS] Examining USD/JPY | Time: 01:00 | Bars: 100
23:15:20 | [ANALYSIS] Examining AUD/USD | Time: 01:00 | Bars: 100
23:15:20 | [IDLE] Waiting for next market pulse...
23:15:31 | [36m[STATS][0m --- [CYCLE 157] ---
23:15:31 | [36m[STATS][0m Balance: 97973.15 | Equity: 97967.68 | Active: 4 | Margin: 97758.67 | Util: 0.2%
23:15:31 | [POSITION STATS] Open: 4 | Unrealized: $-5.47 | Daily Loss: $0.00/100.00
23:15:31 | [ANALYSIS] Examining EUR/USD | Time: 01:00 | Bars: 100
23:15:31 | [ANALYSIS] Examining GBP/USD | Time: 01:00 | Bars: 100
23:15:31 | [ANALYSIS] Examining USD/JPY | Time: 01:00 | Bars: 100
23:15:31 | [1;33mInvalid symbol info for AUD/USD: bid=0.67008, ask=0.67008. Using OHLC estimate.[0m
23:15:31 | [ANALYSIS] Examining AUD/USD | Time: 01:00 | Bars: 100
23:15:31 | [IDLE] Waiting for next market pulse...
23:15:41 | [36m[STATS][0m --- [CYCLE 158] ---
23:15:41 | [36m[STATS][0m Balance: 97973.15 | Equity: 97967.31 | Active: 4 | Margin: 97758.30 | Util: 0.2%
23:15:41 | [POSITION STATS] Open: 4 | Unrealized: $-5.84 | Daily Loss: $0.00/100.00
23:15:41 | [ANALYSIS] Examining EUR/USD | Time: 01:00 | Bars: 100
23:15:41 | [ANALYSIS] Examining GBP/USD | Time: 01:00 | Bars: 100
23:15:41 | [ANALYSIS] Examining USD/JPY | Time: 01:00 | Bars: 100
23:15:41 | [ANALYSIS] Examining AUD/USD | Time: 01:00 | Bars: 100
23:15:41 | [IDLE] Waiting for next market pulse...
23:15:51 | [36m[STATS][0m --- [CYCLE 159] ---
23:15:51 | [36m[STATS][0m Balance: 97973.15 | Equity: 97967.33 | Active: 4 | Margin: 97758.32 | Util: 0.2%
23:15:51 | [POSITION STATS] Open: 4 | Unrealized: $-5.82 | Daily Loss: $0.00/100.00
23:15:51 | [ANALYSIS] Examining EUR/USD | Time: 01:00 | Bars: 100
23:15:51 | [ANALYSIS] Examining GBP/USD | Time: 01:00 | Bars: 100
23:15:51 | [ANALYSIS] Examining USD/JPY | Time: 01:00 | Bars: 100
23:15:51 | [ANALYSIS] Examining AUD/USD | Time: 01:00 | Bars: 100
23:15:51 | [IDLE] Waiting for next market pulse...
23:16:02 | [36m[STATS][0m --- [CYCLE 160] ---
23:16:02 | [36m[STATS][0m Balance: 97973.15 | Equity: 97967.31 | Active: 4 | Margin: 97758.30 | Util: 0.2%
23:16:02 | [POSITION STATS] Open: 4 | Unrealized: $-5.84 | Daily Loss: $0.00/100.00
23:16:02 | [ANALYSIS] Examining EUR/USD | Time: 01:00 | Bars: 100
23:16:02 | [ANALYSIS] Examining GBP/USD | Time: 01:00 | Bars: 100
23:16:02 | [ANALYSIS] Examining USD/JPY | Time: 01:00 | Bars: 100
23:16:02 | [ANALYSIS] Examining AUD/USD | Time: 01:00 | Bars: 100
23:16:02 | [SUMMARY] Risk: operational | Positions: 4 | Daily Trades: 0/5 | Exits: 0 (Market: 0, Admin: 0)
23:16:02 | [IDLE] Waiting for next market pulse...
23:16:12 | [36m[STATS][0m --- [CYCLE 161] ---
23:16:12 | [36m[STATS][0m Balance: 97973.15 | Equity: 97966.97 | Active: 4 | Margin: 97757.96 | Util: 0.2%
23:16:12 | [POSITION STATS] Open: 4 | Unrealized: $-6.18 | Daily Loss: $0.00/100.00
23:16:12 | [ANALYSIS] Examining EUR/USD | Time: 01:00 | Bars: 100
23:16:12 | [ANALYSIS] Examining GBP/USD | Time: 01:00 | Bars: 100
23:16:12 | [ANALYSIS] Examining USD/JPY | Time: 01:00 | Bars: 100
23:16:12 | [ANALYSIS] Examining AUD/USD | Time: 01:00 | Bars: 100
23:16:12 | [IDLE] Waiting for next market pulse...
23:16:22 | [36m[STATS][0m --- [CYCLE 162] ---
23:16:22 | [36m[STATS][0m Balance: 97973.15 | Equity: 97966.49 | Active: 4 | Margin: 97757.48 | Util: 0.2%
23:16:22 | [POSITION STATS] Open: 4 | Unrealized: $-6.66 | Daily Loss: $0.00/100.00
23:16:22 | [ANALYSIS] Examining EUR/USD | Time: 01:00 | Bars: 100
23:16:22 | [ANALYSIS] Examining GBP/USD | Time: 01:00 | Bars: 100
23:16:22 | [ANALYSIS] Examining USD/JPY | Time: 01:00 | Bars: 100
23:16:22 | [ANALYSIS] Examining AUD/USD | Time: 01:00 | Bars: 100
23:16:22 | [IDLE] Waiting for next market pulse...
23:16:33 | [36m[STATS][0m --- [CYCLE 163] ---
23:16:33 | [36m[STATS][0m Balance: 97973.15 | Equity: 97966.39 | Active: 4 | Margin: 97757.38 | Util: 0.2%
23:16:33 | [POSITION STATS] Open: 4 | Unrealized: $-6.76 | Daily Loss: $0.00/100.00
23:16:33 | [ANALYSIS] Examining EUR/USD | Time: 01:00 | Bars: 100
23:16:33 | [ANALYSIS] Examining GBP/USD | Time: 01:00 | Bars: 100
23:16:33 | [ANALYSIS] Examining USD/JPY | Time: 01:00 | Bars: 100
23:16:33 | [ANALYSIS] Examining AUD/USD | Time: 01:00 | Bars: 100
23:16:33 | [IDLE] Waiting for next market pulse...
23:16:43 | [36m[STATS][0m --- [CYCLE 164] ---
23:16:43 | [36m[STATS][0m Balance: 97973.15 | Equity: 97967.09 | Active: 4 | Margin: 97758.08 | Util: 0.2%
23:16:43 | [POSITION STATS] Open: 4 | Unrealized: $-6.06 | Daily Loss: $0.00/100.00
23:16:43 | [ANALYSIS] Examining EUR/USD | Time: 01:00 | Bars: 100
23:16:43 | [ANALYSIS] Examining GBP/USD | Time: 01:00 | Bars: 100
23:16:43 | [ANALYSIS] Examining USD/JPY | Time: 01:00 | Bars: 100
23:16:43 | [ANALYSIS] Examining AUD/USD | Time: 01:00 | Bars: 100
23:16:43 | [IDLE] Waiting for next market pulse...
23:16:53 | [36m[STATS][0m --- [CYCLE 165] ---
23:16:53 | [36m[STATS][0m Balance: 97973.15 | Equity: 97967.39 | Active: 4 | Margin: 97758.38 | Util: 0.2%
23:16:53 | [POSITION STATS] Open: 4 | Unrealized: $-5.76 | Daily Loss: $0.00/100.00
23:16:53 | [ANALYSIS] Examining EUR/USD | Time: 01:00 | Bars: 100
23:16:53 | [ANALYSIS] Examining GBP/USD | Time: 01:00 | Bars: 100
23:16:53 | [ANALYSIS] Examining USD/JPY | Time: 01:00 | Bars: 100
23:16:53 | [ANALYSIS] Examining AUD/USD | Time: 01:00 | Bars: 100
23:16:53 | [SUMMARY] Risk: operational | Positions: 4 | Daily Trades: 0/5 | Exits: 0 (Market: 0, Admin: 0)
23:16:53 | [IDLE] Waiting for next market pulse...
23:17:04 | [36m[STATS][0m --- [CYCLE 166] ---
23:17:04 | [36m[STATS][0m Balance: 97973.15 | Equity: 97967.54 | Active: 4 | Margin: 97758.53 | Util: 0.2%
23:17:04 | [POSITION STATS] Open: 4 | Unrealized: $-5.61 | Daily Loss: $0.00/100.00
23:17:04 | [ANALYSIS] Examining EUR/USD | Time: 01:00 | Bars: 100
23:17:04 | [ANALYSIS] Examining GBP/USD | Time: 01:00 | Bars: 100
23:17:04 | [ANALYSIS] Examining USD/JPY | Time: 01:00 | Bars: 100
23:17:04 | [ANALYSIS] Examining AUD/USD | Time: 01:00 | Bars: 100
23:17:04 | [IDLE] Waiting for next market pulse...
23:17:14 | [36m[STATS][0m --- [CYCLE 167] ---
23:17:14 | [36m[STATS][0m Balance: 97973.15 | Equity: 97967.45 | Active: 4 | Margin: 97758.44 | Util: 0.2%
23:17:14 | [POSITION STATS] Open: 4 | Unrealized: $-5.70 | Daily Loss: $0.00/100.00
23:17:14 | [ANALYSIS] Examining EUR/USD | Time: 01:00 | Bars: 100
23:17:14 | [ANALYSIS] Examining GBP/USD | Time: 01:00 | Bars: 100
23:17:14 | [ANALYSIS] Examining USD/JPY | Time: 01:00 | Bars: 100
23:17:14 | [ANALYSIS] Examining AUD/USD | Time: 01:00 | Bars: 100
23:17:14 | [IDLE] Waiting for next market pulse...
23:17:24 | [36m[STATS][0m --- [CYCLE 168] ---
23:17:24 | [36m[STATS][0m Balance: 97973.15 | Equity: 97967.67 | Active: 4 | Margin: 97758.66 | Util: 0.2%
23:17:24 | [POSITION STATS] Open: 4 | Unrealized: $-5.48 | Daily Loss: $0.00/100.00
23:17:24 | [ANALYSIS] Examining EUR/USD | Time: 01:00 | Bars: 100
23:17:24 | [ANALYSIS] Examining GBP/USD | Time: 01:00 | Bars: 100
23:17:24 | [ANALYSIS] Examining USD/JPY | Time: 01:00 | Bars: 100
23:17:24 | [ANALYSIS] Examining AUD/USD | Time: 01:00 | Bars: 100
23:17:24 | [IDLE] Waiting for next market pulse...
23:17:35 | [36m[STATS][0m --- [CYCLE 169] ---
23:17:35 | [36m[STATS][0m Balance: 97973.15 | Equity: 97967.75 | Active: 4 | Margin: 97758.74 | Util: 0.2%
23:17:35 | [POSITION STATS] Open: 4 | Unrealized: $-5.40 | Daily Loss: $0.00/100.00
23:17:35 | [ANALYSIS] Examining EUR/USD | Time: 01:00 | Bars: 100
23:17:35 | [ANALYSIS] Examining GBP/USD | Time: 01:00 | Bars: 100
23:17:35 | [ANALYSIS] Examining USD/JPY | Time: 01:00 | Bars: 100
23:17:35 | [ANALYSIS] Examining AUD/USD | Time: 01:00 | Bars: 100
23:17:35 | [IDLE] Waiting for next market pulse...
23:17:45 | [36m[STATS][0m --- [CYCLE 170] ---
23:17:45 | [36m[STATS][0m Balance: 97973.15 | Equity: 97967.57 | Active: 4 | Margin: 97758.56 | Util: 0.2%
23:17:45 | [POSITION STATS] Open: 4 | Unrealized: $-5.58 | Daily Loss: $0.00/100.00
23:17:45 | [ANALYSIS] Examining EUR/USD | Time: 01:00 | Bars: 100
23:17:45 | [ANALYSIS] Examining GBP/USD | Time: 01:00 | Bars: 100
23:17:45 | [ANALYSIS] Examining USD/JPY | Time: 01:00 | Bars: 100
23:17:45 | [ANALYSIS] Examining AUD/USD | Time: 01:00 | Bars: 100
23:17:45 | [SUMMARY] Risk: operational | Positions: 4 | Daily Trades: 0/5 | Exits: 0 (Market: 0, Admin: 0)
23:17:45 | [IDLE] Waiting for next market pulse...
23:17:55 | [36m[STATS][0m --- [CYCLE 171] ---
23:17:55 | [36m[STATS][0m Balance: 97973.15 | Equity: 97967.74 | Active: 4 | Margin: 97758.73 | Util: 0.2%
23:17:55 | [POSITION STATS] Open: 4 | Unrealized: $-5.41 | Daily Loss: $0.00/100.00
23:17:55 | [ANALYSIS] Examining EUR/USD | Time: 01:00 | Bars: 100
23:17:55 | [ANALYSIS] Examining GBP/USD | Time: 01:00 | Bars: 100
23:17:55 | [ANALYSIS] Examining USD/JPY | Time: 01:00 | Bars: 100
23:17:55 | [ANALYSIS] Examining AUD/USD | Time: 01:00 | Bars: 100
23:17:55 | [IDLE] Waiting for next market pulse...
23:18:06 | [36m[STATS][0m --- [CYCLE 172] ---
23:18:06 | [36m[STATS][0m Balance: 97973.15 | Equity: 97967.86 | Active: 4 | Margin: 97758.85 | Util: 0.2%
23:18:06 | [POSITION STATS] Open: 4 | Unrealized: $-5.29 | Daily Loss: $0.00/100.00
23:18:06 | [ANALYSIS] Examining EUR/USD | Time: 01:00 | Bars: 100
23:18:06 | [ANALYSIS] Examining GBP/USD | Time: 01:00 | Bars: 100
23:18:06 | [ANALYSIS] Examining USD/JPY | Time: 01:00 | Bars: 100
23:18:06 | [ANALYSIS] Examining AUD/USD | Time: 01:00 | Bars: 100
23:18:06 | [IDLE] Waiting for next market pulse...
23:18:16 | [36m[STATS][0m --- [CYCLE 173] ---
23:18:16 | [36m[STATS][0m Balance: 97973.15 | Equity: 97967.56 | Active: 4 | Margin: 97758.55 | Util: 0.2%
23:18:16 | [POSITION STATS] Open: 4 | Unrealized: $-5.59 | Daily Loss: $0.00/100.00
23:18:16 | [ANALYSIS] Examining EUR/USD | Time: 01:00 | Bars: 100
23:18:16 | [ANALYSIS] Examining GBP/USD | Time: 01:00 | Bars: 100
23:18:16 | [ANALYSIS] Examining USD/JPY | Time: 01:00 | Bars: 100
23:18:16 | [ANALYSIS] Examining AUD/USD | Time: 01:00 | Bars: 100
23:18:16 | [IDLE] Waiting for next market pulse...
23:18:26 | [36m[STATS][0m --- [CYCLE 174] ---
23:18:26 | [36m[STATS][0m Balance: 97973.15 | Equity: 97967.56 | Active: 4 | Margin: 97758.55 | Util: 0.2%
23:18:26 | [POSITION STATS] Open: 4 | Unrealized: $-5.59 | Daily Loss: $0.00/100.00
23:18:26 | [ANALYSIS] Examining EUR/USD | Time: 01:00 | Bars: 100
23:18:26 | [ANALYSIS] Examining GBP/USD | Time: 01:00 | Bars: 100
23:18:26 | [ANALYSIS] Examining USD/JPY | Time: 01:00 | Bars: 100
23:18:26 | [ANALYSIS] Examining AUD/USD | Time: 01:00 | Bars: 100
23:18:26 | [IDLE] Waiting for next market pulse...
23:18:37 | [36m[STATS][0m --- [CYCLE 175] ---
23:18:37 | [36m[STATS][0m Balance: 97973.15 | Equity: 97967.31 | Active: 4 | Margin: 97758.30 | Util: 0.2%
23:18:37 | [POSITION STATS] Open: 4 | Unrealized: $-5.84 | Daily Loss: $0.00/100.00
23:18:37 | [ANALYSIS] Examining EUR/USD | Time: 01:00 | Bars: 100
23:18:37 | [ANALYSIS] Examining GBP/USD | Time: 01:00 | Bars: 100
23:18:37 | [ANALYSIS] Examining USD/JPY | Time: 01:00 | Bars: 100
23:18:37 | [ANALYSIS] Examining AUD/USD | Time: 01:00 | Bars: 100
23:18:37 | [SUMMARY] Risk: operational | Positions: 4 | Daily Trades: 0/5 | Exits: 0 (Market: 0, Admin: 0)
23:18:37 | [IDLE] Waiting for next market pulse...
23:18:47 | [36m[STATS][0m --- [CYCLE 176] ---
23:18:47 | [36m[STATS][0m Balance: 97973.15 | Equity: 97967.51 | Active: 4 | Margin: 97758.50 | Util: 0.2%
23:18:47 | [POSITION STATS] Open: 4 | Unrealized: $-5.64 | Daily Loss: $0.00/100.00
23:18:47 | [ANALYSIS] Examining EUR/USD | Time: 01:00 | Bars: 100
23:18:47 | [ANALYSIS] Examining GBP/USD | Time: 01:00 | Bars: 100
23:18:47 | [ANALYSIS] Examining USD/JPY | Time: 01:00 | Bars: 100
23:18:47 | [ANALYSIS] Examining AUD/USD | Time: 01:00 | Bars: 100
23:18:47 | [IDLE] Waiting for next market pulse...
23:18:57 | [36m[STATS][0m --- [CYCLE 177] ---
23:18:57 | [36m[STATS][0m Balance: 97973.15 | Equity: 97967.51 | Active: 4 | Margin: 97758.50 | Util: 0.2%
23:18:57 | [POSITION STATS] Open: 4 | Unrealized: $-5.64 | Daily Loss: $0.00/100.00
23:18:57 | [ANALYSIS] Examining EUR/USD | Time: 01:00 | Bars: 100
23:18:57 | [ANALYSIS] Examining GBP/USD | Time: 01:00 | Bars: 100
23:18:57 | [ANALYSIS] Examining USD/JPY | Time: 01:00 | Bars: 100
23:18:57 | [ANALYSIS] Examining AUD/USD | Time: 01:00 | Bars: 100
23:18:57 | [IDLE] Waiting for next market pulse...
23:19:08 | [36m[STATS][0m --- [CYCLE 178] ---
23:19:08 | [36m[STATS][0m Balance: 97973.15 | Equity: 97967.51 | Active: 4 | Margin: 97758.50 | Util: 0.2%
23:19:08 | [POSITION STATS] Open: 4 | Unrealized: $-5.64 | Daily Loss: $0.00/100.00
23:19:08 | [ANALYSIS] Examining EUR/USD | Time: 01:00 | Bars: 100
23:19:08 | [ANALYSIS] Examining GBP/USD | Time: 01:00 | Bars: 100
23:19:08 | [ANALYSIS] Examining USD/JPY | Time: 01:00 | Bars: 100
23:19:08 | [ANALYSIS] Examining AUD/USD | Time: 01:00 | Bars: 100
23:19:08 | [IDLE] Waiting for next market pulse...
23:19:18 | [36m[STATS][0m --- [CYCLE 179] ---
23:19:18 | [36m[STATS][0m Balance: 97973.15 | Equity: 97967.51 | Active: 4 | Margin: 97758.50 | Util: 0.2%
23:19:18 | [POSITION STATS] Open: 4 | Unrealized: $-5.64 | Daily Loss: $0.00/100.00
23:19:18 | [ANALYSIS] Examining EUR/USD | Time: 01:00 | Bars: 100
23:19:18 | [ANALYSIS] Examining GBP/USD | Time: 01:00 | Bars: 100
23:19:18 | [ANALYSIS] Examining USD/JPY | Time: 01:00 | Bars: 100
23:19:18 | [ANALYSIS] Examining AUD/USD | Time: 01:00 | Bars: 100
23:19:18 | [IDLE] Waiting for next market pulse...
23:19:28 | [36m[STATS][0m --- [CYCLE 180] ---
23:19:28 | [36m[STATS][0m Balance: 97973.15 | Equity: 97967.62 | Active: 4 | Margin: 97758.61 | Util: 0.2%
23:19:28 | [POSITION STATS] Open: 4 | Unrealized: $-5.53 | Daily Loss: $0.00/100.00
23:19:28 | [ANALYSIS] Examining EUR/USD | Time: 01:00 | Bars: 100
23:19:28 | [ANALYSIS] Examining GBP/USD | Time: 01:00 | Bars: 100
23:19:28 | [ANALYSIS] Examining USD/JPY | Time: 01:00 | Bars: 100
23:19:28 | [ANALYSIS] Examining AUD/USD | Time: 01:00 | Bars: 100
23:19:28 | [SUMMARY] Risk: operational | Positions: 4 | Daily Trades: 0/5 | Exits: 0 (Market: 0, Admin: 0)
23:19:28 | [IDLE] Waiting for next market pulse...
23:19:39 | [36m[STATS][0m --- [CYCLE 181] ---
23:19:39 | [36m[STATS][0m Balance: 97973.15 | Equity: 97967.64 | Active: 4 | Margin: 97758.63 | Util: 0.2%
23:19:39 | [POSITION STATS] Open: 4 | Unrealized: $-5.51 | Daily Loss: $0.00/100.00
23:19:39 | [ANALYSIS] Examining EUR/USD | Time: 01:00 | Bars: 100
23:19:39 | [ANALYSIS] Examining GBP/USD | Time: 01:00 | Bars: 100
23:19:39 | [ANALYSIS] Examining USD/JPY | Time: 01:00 | Bars: 100
23:19:39 | [ANALYSIS] Examining AUD/USD | Time: 01:00 | Bars: 100
23:19:39 | [IDLE] Waiting for next market pulse...
23:19:49 | [36m[STATS][0m --- [CYCLE 182] ---
23:19:49 | [36m[STATS][0m Balance: 97973.15 | Equity: 97967.54 | Active: 4 | Margin: 97758.53 | Util: 0.2%
23:19:49 | [POSITION STATS] Open: 4 | Unrealized: $-5.61 | Daily Loss: $0.00/100.00
23:19:49 | [ANALYSIS] Examining EUR/USD | Time: 01:00 | Bars: 100
23:19:49 | [ANALYSIS] Examining GBP/USD | Time: 01:00 | Bars: 100
23:19:49 | [ANALYSIS] Examining USD/JPY | Time: 01:00 | Bars: 100
23:19:49 | [ANALYSIS] Examining AUD/USD | Time: 01:00 | Bars: 100
23:19:49 | [IDLE] Waiting for next market pulse...
23:19:59 | [36m[STATS][0m --- [CYCLE 183] ---
23:19:59 | [36m[STATS][0m Balance: 97973.15 | Equity: 97968.04 | Active: 4 | Margin: 97759.03 | Util: 0.2%
23:19:59 | [POSITION STATS] Open: 4 | Unrealized: $-5.11 | Daily Loss: $0.00/100.00
23:19:59 | [ANALYSIS] Examining EUR/USD | Time: 01:00 | Bars: 100
23:19:59 | [ANALYSIS] Examining GBP/USD | Time: 01:00 | Bars: 100
23:19:59 | [ANALYSIS] Examining USD/JPY | Time: 01:00 | Bars: 100
23:19:59 | [ANALYSIS] Examining AUD/USD | Time: 01:00 | Bars: 100
23:19:59 | [IDLE] Waiting for next market pulse...
23:20:10 | [36m[STATS][0m --- [CYCLE 184] ---
23:20:10 | [36m[STATS][0m Balance: 97973.15 | Equity: 97968.10 | Active: 4 | Margin: 97759.09 | Util: 0.2%
23:20:10 | [POSITION STATS] Open: 4 | Unrealized: $-5.05 | Daily Loss: $0.00/100.00
23:20:10 | [ANALYSIS] Examining EUR/USD | Time: 01:00 | Bars: 100
23:20:10 | [ANALYSIS] Examining GBP/USD | Time: 01:00 | Bars: 100
23:20:10 | [ANALYSIS] Examining USD/JPY | Time: 01:00 | Bars: 100
23:20:10 | [ANALYSIS] Examining AUD/USD | Time: 01:00 | Bars: 100
23:20:10 | [IDLE] Waiting for next market pulse...
23:20:20 | [36m[STATS][0m --- [CYCLE 185] ---
23:20:20 | [36m[STATS][0m Balance: 97973.15 | Equity: 97968.10 | Active: 4 | Margin: 97759.09 | Util: 0.2%
23:20:20 | [POSITION STATS] Open: 4 | Unrealized: $-5.05 | Daily Loss: $0.00/100.00
23:20:20 | [ANALYSIS] Examining EUR/USD | Time: 01:00 | Bars: 100
23:20:20 | [ANALYSIS] Examining GBP/USD | Time: 01:00 | Bars: 100
23:20:20 | [ANALYSIS] Examining USD/JPY | Time: 01:00 | Bars: 100
23:20:20 | [ANALYSIS] Examining AUD/USD | Time: 01:00 | Bars: 100
23:20:20 | [SUMMARY] Risk: operational | Positions: 4 | Daily Trades: 0/5 | Exits: 0 (Market: 0, Admin: 0)
23:20:20 | [IDLE] Waiting for next market pulse...
23:20:30 | [36m[STATS][0m --- [CYCLE 186] ---
23:20:30 | [36m[STATS][0m Balance: 97973.15 | Equity: 97968.27 | Active: 4 | Margin: 97759.26 | Util: 0.2%
23:20:30 | [POSITION STATS] Open: 4 | Unrealized: $-4.88 | Daily Loss: $0.00/100.00
23:20:30 | [ANALYSIS] Examining EUR/USD | Time: 01:00 | Bars: 100
23:20:30 | [ANALYSIS] Examining GBP/USD | Time: 01:00 | Bars: 100
23:20:30 | [ANALYSIS] Examining USD/JPY | Time: 01:00 | Bars: 100
23:20:30 | [ANALYSIS] Examining AUD/USD | Time: 01:00 | Bars: 100
23:20:30 | [IDLE] Waiting for next market pulse...
23:20:41 | [36m[STATS][0m --- [CYCLE 187] ---
23:20:41 | [36m[STATS][0m Balance: 97973.15 | Equity: 97968.15 | Active: 4 | Margin: 97759.14 | Util: 0.2%
23:20:41 | [POSITION STATS] Open: 4 | Unrealized: $-5.00 | Daily Loss: $0.00/100.00
23:20:41 | [ANALYSIS] Examining EUR/USD | Time: 01:00 | Bars: 100
23:20:41 | [ANALYSIS] Examining GBP/USD | Time: 01:00 | Bars: 100
23:20:41 | [ANALYSIS] Examining USD/JPY | Time: 01:00 | Bars: 100
23:20:41 | [ANALYSIS] Examining AUD/USD | Time: 01:00 | Bars: 100
23:20:41 | [IDLE] Waiting for next market pulse...
23:20:51 | [36m[STATS][0m --- [CYCLE 188] ---
23:20:51 | [36m[STATS][0m Balance: 97973.15 | Equity: 97968.12 | Active: 4 | Margin: 97759.11 | Util: 0.2%
23:20:51 | [POSITION STATS] Open: 4 | Unrealized: $-5.03 | Daily Loss: $0.00/100.00
23:20:51 | [ANALYSIS] Examining EUR/USD | Time: 01:00 | Bars: 100
23:20:51 | [ANALYSIS] Examining GBP/USD | Time: 01:00 | Bars: 100
23:20:51 | [ANALYSIS] Examining USD/JPY | Time: 01:00 | Bars: 100
23:20:51 | [ANALYSIS] Examining AUD/USD | Time: 01:00 | Bars: 100
23:20:51 | [IDLE] Waiting for next market pulse...
23:21:01 | [36m[STATS][0m --- [CYCLE 189] ---
23:21:01 | [36m[STATS][0m Balance: 97973.15 | Equity: 97968.30 | Active: 4 | Margin: 97759.29 | Util: 0.2%
23:21:01 | [POSITION STATS] Open: 4 | Unrealized: $-4.85 | Daily Loss: $0.00/100.00
23:21:01 | [ANALYSIS] Examining EUR/USD | Time: 01:00 | Bars: 100
23:21:01 | [ANALYSIS] Examining GBP/USD | Time: 01:00 | Bars: 100
23:21:01 | [ANALYSIS] Examining USD/JPY | Time: 01:00 | Bars: 100
23:21:01 | [ANALYSIS] Examining AUD/USD | Time: 01:00 | Bars: 100
23:21:01 | [IDLE] Waiting for next market pulse...
23:21:12 | [36m[STATS][0m --- [CYCLE 190] ---
23:21:12 | [36m[STATS][0m Balance: 97973.15 | Equity: 97968.40 | Active: 4 | Margin: 97759.39 | Util: 0.2%
23:21:12 | [POSITION STATS] Open: 4 | Unrealized: $-4.75 | Daily Loss: $0.00/100.00
23:21:12 | [ANALYSIS] Examining EUR/USD | Time: 01:00 | Bars: 100
23:21:12 | [ANALYSIS] Examining GBP/USD | Time: 01:00 | Bars: 100
23:21:12 | [ANALYSIS] Examining USD/JPY | Time: 01:00 | Bars: 100
23:21:12 | [ANALYSIS] Examining AUD/USD | Time: 01:00 | Bars: 100
23:21:12 | [SUMMARY] Risk: operational | Positions: 4 | Daily Trades: 0/5 | Exits: 0 (Market: 0, Admin: 0)
23:21:12 | [IDLE] Waiting for next market pulse...
23:21:22 | [36m[STATS][0m --- [CYCLE 191] ---
23:21:22 | [36m[STATS][0m Balance: 97973.15 | Equity: 97968.40 | Active: 4 | Margin: 97759.39 | Util: 0.2%
23:21:22 | [POSITION STATS] Open: 4 | Unrealized: $-4.75 | Daily Loss: $0.00/100.00
23:21:22 | [ANALYSIS] Examining EUR/USD | Time: 01:00 | Bars: 100
23:21:22 | [ANALYSIS] Examining GBP/USD | Time: 01:00 | Bars: 100
23:21:22 | [ANALYSIS] Examining USD/JPY | Time: 01:00 | Bars: 100
23:21:22 | [ANALYSIS] Examining AUD/USD | Time: 01:00 | Bars: 100
23:21:22 | [IDLE] Waiting for next market pulse...
23:21:32 | [36m[STATS][0m --- [CYCLE 192] ---
23:21:32 | [36m[STATS][0m Balance: 97973.15 | Equity: 97968.49 | Active: 4 | Margin: 97759.48 | Util: 0.2%
23:21:32 | [POSITION STATS] Open: 4 | Unrealized: $-4.66 | Daily Loss: $0.00/100.00
23:21:32 | [ANALYSIS] Examining EUR/USD | Time: 01:00 | Bars: 100
23:21:32 | [ANALYSIS] Examining GBP/USD | Time: 01:00 | Bars: 100
23:21:32 | [ANALYSIS] Examining USD/JPY | Time: 01:00 | Bars: 100
23:21:32 | [ANALYSIS] Examining AUD/USD | Time: 01:00 | Bars: 100
23:21:32 | [IDLE] Waiting for next market pulse...
23:21:43 | [36m[STATS][0m --- [CYCLE 193] ---
23:21:43 | [36m[STATS][0m Balance: 97973.15 | Equity: 97968.34 | Active: 4 | Margin: 97759.33 | Util: 0.2%
23:21:43 | [POSITION STATS] Open: 4 | Unrealized: $-4.81 | Daily Loss: $0.00/100.00
23:21:43 | [ANALYSIS] Examining EUR/USD | Time: 01:00 | Bars: 100
23:21:43 | [ANALYSIS] Examining GBP/USD | Time: 01:00 | Bars: 100
23:21:43 | [ANALYSIS] Examining USD/JPY | Time: 01:00 | Bars: 100
23:21:43 | [ANALYSIS] Examining AUD/USD | Time: 01:00 | Bars: 100
23:21:43 | [IDLE] Waiting for next market pulse...
23:21:53 | [36m[STATS][0m --- [CYCLE 194] ---
23:21:53 | [36m[STATS][0m Balance: 97973.15 | Equity: 97968.34 | Active: 4 | Margin: 97759.33 | Util: 0.2%
23:21:53 | [POSITION STATS] Open: 4 | Unrealized: $-4.81 | Daily Loss: $0.00/100.00
23:21:53 | [ANALYSIS] Examining EUR/USD | Time: 01:00 | Bars: 100
23:21:53 | [ANALYSIS] Examining GBP/USD | Time: 01:00 | Bars: 100
23:21:53 | [ANALYSIS] Examining USD/JPY | Time: 01:00 | Bars: 100
23:21:53 | [ANALYSIS] Examining AUD/USD | Time: 01:00 | Bars: 100
23:21:53 | [IDLE] Waiting for next market pulse...
23:22:03 | [36m[STATS][0m --- [CYCLE 195] ---
23:22:03 | [36m[STATS][0m Balance: 97973.15 | Equity: 97968.24 | Active: 4 | Margin: 97759.23 | Util: 0.2%
23:22:03 | [POSITION STATS] Open: 4 | Unrealized: $-4.91 | Daily Loss: $0.00/100.00
23:22:03 | [ANALYSIS] Examining EUR/USD | Time: 01:00 | Bars: 100
23:22:03 | [ANALYSIS] Examining GBP/USD | Time: 01:00 | Bars: 100
23:22:03 | [ANALYSIS] Examining USD/JPY | Time: 01:00 | Bars: 100
23:22:03 | [ANALYSIS] Examining AUD/USD | Time: 01:00 | Bars: 100
23:22:03 | [SUMMARY] Risk: operational | Positions: 4 | Daily Trades: 0/5 | Exits: 0 (Market: 0, Admin: 0)
23:22:03 | [IDLE] Waiting for next market pulse...
23:22:14 | [36m[STATS][0m --- [CYCLE 196] ---
23:22:14 | [36m[STATS][0m Balance: 97973.15 | Equity: 97968.47 | Active: 4 | Margin: 97759.46 | Util: 0.2%
23:22:14 | [POSITION STATS] Open: 4 | Unrealized: $-4.68 | Daily Loss: $0.00/100.00
23:22:14 | [ANALYSIS] Examining EUR/USD | Time: 01:00 | Bars: 100
23:22:14 | [ANALYSIS] Examining GBP/USD | Time: 01:00 | Bars: 100
23:22:14 | [ANALYSIS] Examining USD/JPY | Time: 01:00 | Bars: 100
23:22:14 | [ANALYSIS] Examining AUD/USD | Time: 01:00 | Bars: 100
23:22:14 | [IDLE] Waiting for next market pulse...
23:22:24 | [36m[STATS][0m --- [CYCLE 197] ---
23:22:24 | [36m[STATS][0m Balance: 97973.15 | Equity: 97968.44 | Active: 4 | Margin: 97759.43 | Util: 0.2%
23:22:24 | [POSITION STATS] Open: 4 | Unrealized: $-4.71 | Daily Loss: $0.00/100.00
23:22:24 | [ANALYSIS] Examining EUR/USD | Time: 01:00 | Bars: 100
23:22:24 | [ANALYSIS] Examining GBP/USD | Time: 01:00 | Bars: 100
23:22:24 | [ANALYSIS] Examining USD/JPY | Time: 01:00 | Bars: 100
23:22:24 | [ANALYSIS] Examining AUD/USD | Time: 01:00 | Bars: 100
23:22:24 | [IDLE] Waiting for next market pulse...
23:22:34 | [36m[STATS][0m --- [CYCLE 198] ---
23:22:34 | [36m[STATS][0m Balance: 97973.15 | Equity: 97968.45 | Active: 4 | Margin: 97759.44 | Util: 0.2%
23:22:34 | [POSITION STATS] Open: 4 | Unrealized: $-4.70 | Daily Loss: $0.00/100.00
23:22:34 | [ANALYSIS] Examining EUR/USD | Time: 01:00 | Bars: 100
23:22:34 | [ANALYSIS] Examining GBP/USD | Time: 01:00 | Bars: 100
23:22:34 | [ANALYSIS] Examining USD/JPY | Time: 01:00 | Bars: 100
23:22:34 | [ANALYSIS] Examining AUD/USD | Time: 01:00 | Bars: 100
23:22:34 | [IDLE] Waiting for next market pulse...
23:22:45 | [36m[STATS][0m --- [CYCLE 199] ---
23:22:45 | [36m[STATS][0m Balance: 97973.15 | Equity: 97968.49 | Active: 4 | Margin: 97759.48 | Util: 0.2%
23:22:45 | [POSITION STATS] Open: 4 | Unrealized: $-4.66 | Daily Loss: $0.00/100.00
23:22:45 | [ANALYSIS] Examining EUR/USD | Time: 01:00 | Bars: 100
23:22:45 | [ANALYSIS] Examining GBP/USD | Time: 01:00 | Bars: 100
23:22:45 | [ANALYSIS] Examining USD/JPY | Time: 01:00 | Bars: 100
23:22:45 | [ANALYSIS] Examining AUD/USD | Time: 01:00 | Bars: 100
23:22:45 | [IDLE] Waiting for next market pulse...
23:22:55 | [36m[STATS][0m --- [CYCLE 200] ---
23:22:55 | [36m[STATS][0m Balance: 97973.15 | Equity: 97968.57 | Active: 4 | Margin: 97759.56 | Util: 0.2%
23:22:55 | [POSITION STATS] Open: 4 | Unrealized: $-4.58 | Daily Loss: $0.00/100.00
23:22:55 | [ANALYSIS] Examining EUR/USD | Time: 01:00 | Bars: 100
23:22:55 | [ANALYSIS] Examining GBP/USD | Time: 01:00 | Bars: 100
23:22:55 | [ANALYSIS] Examining USD/JPY | Time: 01:00 | Bars: 100
23:22:55 | [ANALYSIS] Examining AUD/USD | Time: 01:00 | Bars: 100
23:22:55 | [SUMMARY] Risk: operational | Positions: 4 | Daily Trades: 0/5 | Exits: 0 (Market: 0, Admin: 0)
23:22:55 | [IDLE] Waiting for next market pulse...
23:23:05 | [36m[STATS][0m --- [CYCLE 201] ---
23:23:05 | [36m[STATS][0m Balance: 97973.15 | Equity: 97968.44 | Active: 4 | Margin: 97759.43 | Util: 0.2%
23:23:05 | [POSITION STATS] Open: 4 | Unrealized: $-4.71 | Daily Loss: $0.00/100.00
23:23:05 | [ANALYSIS] Examining EUR/USD | Time: 01:00 | Bars: 100
23:23:05 | [ANALYSIS] Examining GBP/USD | Time: 01:00 | Bars: 100
23:23:05 | [ANALYSIS] Examining USD/JPY | Time: 01:00 | Bars: 100
23:23:05 | [ANALYSIS] Examining AUD/USD | Time: 01:00 | Bars: 100
23:23:05 | [IDLE] Waiting for next market pulse...
23:23:16 | [36m[STATS][0m --- [CYCLE 202] ---
23:23:16 | [36m[STATS][0m Balance: 97973.15 | Equity: 97968.52 | Active: 4 | Margin: 97759.51 | Util: 0.2%
23:23:16 | [POSITION STATS] Open: 4 | Unrealized: $-4.63 | Daily Loss: $0.00/100.00
23:23:16 | [ANALYSIS] Examining EUR/USD | Time: 01:00 | Bars: 100
23:23:16 | [ANALYSIS] Examining GBP/USD | Time: 01:00 | Bars: 100
23:23:16 | [ANALYSIS] Examining USD/JPY | Time: 01:00 | Bars: 100
23:23:16 | [ANALYSIS] Examining AUD/USD | Time: 01:00 | Bars: 100
23:23:16 | [IDLE] Waiting for next market pulse...
23:23:26 | [36m[STATS][0m --- [CYCLE 203] ---
23:23:26 | [36m[STATS][0m Balance: 97973.15 | Equity: 97968.49 | Active: 4 | Margin: 97759.48 | Util: 0.2%
23:23:26 | [POSITION STATS] Open: 4 | Unrealized: $-4.66 | Daily Loss: $0.00/100.00
23:23:26 | [ANALYSIS] Examining EUR/USD | Time: 01:00 | Bars: 100
23:23:26 | [ANALYSIS] Examining GBP/USD | Time: 01:00 | Bars: 100
23:23:26 | [ANALYSIS] Examining USD/JPY | Time: 01:00 | Bars: 100
23:23:26 | [ANALYSIS] Examining AUD/USD | Time: 01:00 | Bars: 100
23:23:26 | [IDLE] Waiting for next market pulse...
23:23:36 | [36m[STATS][0m --- [CYCLE 204] ---
23:23:36 | [36m[STATS][0m Balance: 97973.15 | Equity: 97968.49 | Active: 4 | Margin: 97759.48 | Util: 0.2%
23:23:36 | [POSITION STATS] Open: 4 | Unrealized: $-4.66 | Daily Loss: $0.00/100.00
23:23:36 | [ANALYSIS] Examining EUR/USD | Time: 01:00 | Bars: 100
23:23:36 | [ANALYSIS] Examining GBP/USD | Time: 01:00 | Bars: 100
23:23:36 | [ANALYSIS] Examining USD/JPY | Time: 01:00 | Bars: 100
23:23:36 | [ANALYSIS] Examining AUD/USD | Time: 01:00 | Bars: 100
23:23:36 | [IDLE] Waiting for next market pulse...
23:23:47 | [36m[STATS][0m --- [CYCLE 205] ---
23:23:47 | [36m[STATS][0m Balance: 97973.15 | Equity: 97968.47 | Active: 4 | Margin: 97759.46 | Util: 0.2%
23:23:47 | [POSITION STATS] Open: 4 | Unrealized: $-4.68 | Daily Loss: $0.00/100.00
23:23:47 | [ANALYSIS] Examining EUR/USD | Time: 01:00 | Bars: 100
23:23:47 | [ANALYSIS] Examining GBP/USD | Time: 01:00 | Bars: 100
23:23:47 | [ANALYSIS] Examining USD/JPY | Time: 01:00 | Bars: 100
23:23:47 | [ANALYSIS] Examining AUD/USD | Time: 01:00 | Bars: 100
23:23:47 | [SUMMARY] Risk: operational | Positions: 4 | Daily Trades: 0/5 | Exits: 0 (Market: 0, Admin: 0)
23:23:47 | [IDLE] Waiting for next market pulse...
23:23:57 | [36m[STATS][0m --- [CYCLE 206] ---
23:23:57 | [36m[STATS][0m Balance: 97973.15 | Equity: 97968.52 | Active: 4 | Margin: 97759.51 | Util: 0.2%
23:23:57 | [POSITION STATS] Open: 4 | Unrealized: $-4.63 | Daily Loss: $0.00/100.00
23:23:57 | [ANALYSIS] Examining EUR/USD | Time: 01:00 | Bars: 100
23:23:57 | [ANALYSIS] Examining GBP/USD | Time: 01:00 | Bars: 100
23:23:57 | [ANALYSIS] Examining USD/JPY | Time: 01:00 | Bars: 100
23:23:57 | [ANALYSIS] Examining AUD/USD | Time: 01:00 | Bars: 100
23:23:57 | [IDLE] Waiting for next market pulse...
23:24:07 | [36m[STATS][0m --- [CYCLE 207] ---
23:24:07 | [36m[STATS][0m Balance: 97973.15 | Equity: 97968.55 | Active: 4 | Margin: 97759.54 | Util: 0.2%
23:24:07 | [POSITION STATS] Open: 4 | Unrealized: $-4.60 | Daily Loss: $0.00/100.00
23:24:07 | [ANALYSIS] Examining EUR/USD | Time: 01:00 | Bars: 100
23:24:07 | [ANALYSIS] Examining GBP/USD | Time: 01:00 | Bars: 100
23:24:07 | [ANALYSIS] Examining USD/JPY | Time: 01:00 | Bars: 100
23:24:07 | [ANALYSIS] Examining AUD/USD | Time: 01:00 | Bars: 100
23:24:07 | [IDLE] Waiting for next market pulse...
23:24:18 | [36m[STATS][0m --- [CYCLE 208] ---
23:24:18 | [36m[STATS][0m Balance: 97973.15 | Equity: 97968.54 | Active: 4 | Margin: 97759.53 | Util: 0.2%
23:24:18 | [POSITION STATS] Open: 4 | Unrealized: $-4.61 | Daily Loss: $0.00/100.00
23:24:18 | [ANALYSIS] Examining EUR/USD | Time: 01:00 | Bars: 100
23:24:18 | [ANALYSIS] Examining GBP/USD | Time: 01:00 | Bars: 100
23:24:18 | [ANALYSIS] Examining USD/JPY | Time: 01:00 | Bars: 100
23:24:18 | [ANALYSIS] Examining AUD/USD | Time: 01:00 | Bars: 100
23:24:18 | [IDLE] Waiting for next market pulse...
23:24:28 | [36m[STATS][0m --- [CYCLE 209] ---
23:24:28 | [36m[STATS][0m Balance: 97973.15 | Equity: 97968.54 | Active: 4 | Margin: 97759.53 | Util: 0.2%
23:24:28 | [POSITION STATS] Open: 4 | Unrealized: $-4.61 | Daily Loss: $0.00/100.00
23:24:28 | [ANALYSIS] Examining EUR/USD | Time: 01:00 | Bars: 100
23:24:28 | [ANALYSIS] Examining GBP/USD | Time: 01:00 | Bars: 100
23:24:28 | [ANALYSIS] Examining USD/JPY | Time: 01:00 | Bars: 100
23:24:28 | [ANALYSIS] Examining AUD/USD | Time: 01:00 | Bars: 100
23:24:28 | [IDLE] Waiting for next market pulse...
23:24:38 | [36m[STATS][0m --- [CYCLE 210] ---
23:24:38 | [36m[STATS][0m Balance: 97973.15 | Equity: 97968.50 | Active: 4 | Margin: 97759.49 | Util: 0.2%
23:24:38 | [POSITION STATS] Open: 4 | Unrealized: $-4.65 | Daily Loss: $0.00/100.00
23:24:38 | [ANALYSIS] Examining EUR/USD | Time: 01:00 | Bars: 100
23:24:38 | [ANALYSIS] Examining GBP/USD | Time: 01:00 | Bars: 100
23:24:38 | [ANALYSIS] Examining USD/JPY | Time: 01:00 | Bars: 100
23:24:38 | [ANALYSIS] Examining AUD/USD | Time: 01:00 | Bars: 100
23:24:38 | [SUMMARY] Risk: operational | Positions: 4 | Daily Trades: 0/5 | Exits: 0 (Market: 0, Admin: 0)
23:24:38 | [IDLE] Waiting for next market pulse...
23:24:49 | [36m[STATS][0m --- [CYCLE 211] ---
23:24:49 | [36m[STATS][0m Balance: 97973.15 | Equity: 97968.52 | Active: 4 | Margin: 97759.51 | Util: 0.2%
23:24:49 | [POSITION STATS] Open: 4 | Unrealized: $-4.63 | Daily Loss: $0.00/100.00
23:24:49 | [ANALYSIS] Examining EUR/USD | Time: 01:00 | Bars: 100
23:24:49 | [ANALYSIS] Examining GBP/USD | Time: 01:00 | Bars: 100
23:24:49 | [ANALYSIS] Examining USD/JPY | Time: 01:00 | Bars: 100
23:24:49 | [ANALYSIS] Examining AUD/USD | Time: 01:00 | Bars: 100
23:24:49 | [IDLE] Waiting for next market pulse...
23:24:59 | [36m[STATS][0m --- [CYCLE 212] ---
23:24:59 | [36m[STATS][0m Balance: 97973.15 | Equity: 97968.37 | Active: 4 | Margin: 97759.36 | Util: 0.2%
23:24:59 | [POSITION STATS] Open: 4 | Unrealized: $-4.78 | Daily Loss: $0.00/100.00
23:24:59 | [ANALYSIS] Examining EUR/USD | Time: 01:00 | Bars: 100
23:24:59 | [ANALYSIS] Examining GBP/USD | Time: 01:00 | Bars: 100
23:24:59 | [ANALYSIS] Examining USD/JPY | Time: 01:00 | Bars: 100
23:24:59 | [ANALYSIS] Examining AUD/USD | Time: 01:00 | Bars: 100
23:24:59 | [IDLE] Waiting for next market pulse...
23:25:09 | [36m[STATS][0m --- [CYCLE 213] ---
23:25:09 | [36m[STATS][0m Balance: 97973.15 | Equity: 97968.30 | Active: 4 | Margin: 97759.29 | Util: 0.2%
23:25:09 | [POSITION STATS] Open: 4 | Unrealized: $-4.85 | Daily Loss: $0.00/100.00
23:25:09 | [ANALYSIS] Examining EUR/USD | Time: 01:00 | Bars: 100
23:25:09 | [ANALYSIS] Examining GBP/USD | Time: 01:00 | Bars: 100
23:25:09 | [ANALYSIS] Examining USD/JPY | Time: 01:00 | Bars: 100
23:25:09 | [ANALYSIS] Examining AUD/USD | Time: 01:00 | Bars: 100
23:25:09 | [IDLE] Waiting for next market pulse...
23:25:20 | [36m[STATS][0m --- [CYCLE 214] ---
23:25:20 | [36m[STATS][0m Balance: 97973.15 | Equity: 97968.30 | Active: 4 | Margin: 97759.29 | Util: 0.2%
23:25:20 | [POSITION STATS] Open: 4 | Unrealized: $-4.85 | Daily Loss: $0.00/100.00
23:25:20 | [ANALYSIS] Examining EUR/USD | Time: 01:00 | Bars: 100
23:25:20 | [ANALYSIS] Examining GBP/USD | Time: 01:00 | Bars: 100
23:25:20 | [ANALYSIS] Examining USD/JPY | Time: 01:00 | Bars: 100
23:25:20 | [ANALYSIS] Examining AUD/USD | Time: 01:00 | Bars: 100
23:25:20 | [IDLE] Waiting for next market pulse...
23:25:30 | [36m[STATS][0m --- [CYCLE 215] ---
23:25:30 | [36m[STATS][0m Balance: 97973.15 | Equity: 97968.24 | Active: 4 | Margin: 97759.23 | Util: 0.2%
23:25:30 | [POSITION STATS] Open: 4 | Unrealized: $-4.91 | Daily Loss: $0.00/100.00
23:25:30 | [ANALYSIS] Examining EUR/USD | Time: 01:00 | Bars: 100
23:25:30 | [ANALYSIS] Examining GBP/USD | Time: 01:00 | Bars: 100
23:25:30 | [ANALYSIS] Examining USD/JPY | Time: 01:00 | Bars: 100
23:25:30 | [ANALYSIS] Examining AUD/USD | Time: 01:00 | Bars: 100
23:25:30 | [SUMMARY] Risk: operational | Positions: 4 | Daily Trades: 0/5 | Exits: 0 (Market: 0, Admin: 0)
23:25:30 | [IDLE] Waiting for next market pulse...
23:25:40 | [36m[STATS][0m --- [CYCLE 216] ---
23:25:40 | [36m[STATS][0m Balance: 97973.15 | Equity: 97968.19 | Active: 4 | Margin: 97759.18 | Util: 0.2%
23:25:40 | [POSITION STATS] Open: 4 | Unrealized: $-4.96 | Daily Loss: $0.00/100.00
23:25:40 | [ANALYSIS] Examining EUR/USD | Time: 01:00 | Bars: 100
23:25:40 | [ANALYSIS] Examining GBP/USD | Time: 01:00 | Bars: 100
23:25:40 | [ANALYSIS] Examining USD/JPY | Time: 01:00 | Bars: 100
23:25:40 | [ANALYSIS] Examining AUD/USD | Time: 01:00 | Bars: 100
23:25:40 | [IDLE] Waiting for next market pulse...
23:25:51 | [36m[STATS][0m --- [CYCLE 217] ---
23:25:51 | [36m[STATS][0m Balance: 97973.15 | Equity: 97968.14 | Active: 4 | Margin: 97759.13 | Util: 0.2%
23:25:51 | [POSITION STATS] Open: 4 | Unrealized: $-5.01 | Daily Loss: $0.00/100.00
23:25:51 | [ANALYSIS] Examining EUR/USD | Time: 01:00 | Bars: 100
23:25:51 | [ANALYSIS] Examining GBP/USD | Time: 01:00 | Bars: 100
23:25:51 | [ANALYSIS] Examining USD/JPY | Time: 01:00 | Bars: 100
23:25:51 | [ANALYSIS] Examining AUD/USD | Time: 01:00 | Bars: 100
23:25:51 | [IDLE] Waiting for next market pulse...
23:26:01 | [36m[STATS][0m --- [CYCLE 218] ---
23:26:01 | [36m[STATS][0m Balance: 97973.15 | Equity: 97968.19 | Active: 4 | Margin: 97759.18 | Util: 0.2%
23:26:01 | [POSITION STATS] Open: 4 | Unrealized: $-4.96 | Daily Loss: $0.00/100.00
23:26:01 | [ANALYSIS] Examining EUR/USD | Time: 01:00 | Bars: 100
23:26:01 | [ANALYSIS] Examining GBP/USD | Time: 01:00 | Bars: 100
23:26:01 | [ANALYSIS] Examining USD/JPY | Time: 01:00 | Bars: 100
23:26:01 | [ANALYSIS] Examining AUD/USD | Time: 01:00 | Bars: 100
23:26:01 | [IDLE] Waiting for next market pulse...
23:26:11 | [36m[STATS][0m --- [CYCLE 219] ---
23:26:11 | [36m[STATS][0m Balance: 97973.15 | Equity: 97968.25 | Active: 4 | Margin: 97759.24 | Util: 0.2%
23:26:11 | [POSITION STATS] Open: 4 | Unrealized: $-4.90 | Daily Loss: $0.00/100.00
23:26:11 | [ANALYSIS] Examining EUR/USD | Time: 01:00 | Bars: 100
23:26:11 | [ANALYSIS] Examining GBP/USD | Time: 01:00 | Bars: 100
23:26:11 | [ANALYSIS] Examining USD/JPY | Time: 01:00 | Bars: 100
23:26:11 | [ANALYSIS] Examining AUD/USD | Time: 01:00 | Bars: 100
23:26:11 | [IDLE] Waiting for next market pulse...
23:26:22 | [36m[STATS][0m --- [CYCLE 220] ---
23:26:22 | [36m[STATS][0m Balance: 97973.15 | Equity: 97968.35 | Active: 4 | Margin: 97759.34 | Util: 0.2%
23:26:22 | [POSITION STATS] Open: 4 | Unrealized: $-4.80 | Daily Loss: $0.00/100.00
23:26:22 | [ANALYSIS] Examining EUR/USD | Time: 01:00 | Bars: 100
23:26:22 | [ANALYSIS] Examining GBP/USD | Time: 01:00 | Bars: 100
23:26:22 | [ANALYSIS] Examining USD/JPY | Time: 01:00 | Bars: 100
23:26:22 | [ANALYSIS] Examining AUD/USD | Time: 01:00 | Bars: 100
23:26:22 | [SUMMARY] Risk: operational | Positions: 4 | Daily Trades: 0/5 | Exits: 0 (Market: 0, Admin: 0)
23:26:22 | [IDLE] Waiting for next market pulse...
23:26:32 | [36m[STATS][0m --- [CYCLE 221] ---
23:26:32 | [36m[STATS][0m Balance: 97973.15 | Equity: 97968.44 | Active: 4 | Margin: 97759.43 | Util: 0.2%
23:26:32 | [POSITION STATS] Open: 4 | Unrealized: $-4.71 | Daily Loss: $0.00/100.00
23:26:32 | [ANALYSIS] Examining EUR/USD | Time: 01:00 | Bars: 100
23:26:32 | [ANALYSIS] Examining GBP/USD | Time: 01:00 | Bars: 100
23:26:32 | [ANALYSIS] Examining USD/JPY | Time: 01:00 | Bars: 100
23:26:32 | [ANALYSIS] Examining AUD/USD | Time: 01:00 | Bars: 100
23:26:32 | [IDLE] Waiting for next market pulse...
23:26:42 | [36m[STATS][0m --- [CYCLE 222] ---
23:26:42 | [36m[STATS][0m Balance: 97973.15 | Equity: 97968.64 | Active: 4 | Margin: 97759.63 | Util: 0.2%
23:26:42 | [POSITION STATS] Open: 4 | Unrealized: $-4.51 | Daily Loss: $0.00/100.00
23:26:42 | [ANALYSIS] Examining EUR/USD | Time: 01:00 | Bars: 100
23:26:42 | [ANALYSIS] Examining GBP/USD | Time: 01:00 | Bars: 100
23:26:42 | [ANALYSIS] Examining USD/JPY | Time: 01:00 | Bars: 100
23:26:42 | [ANALYSIS] Examining AUD/USD | Time: 01:00 | Bars: 100
23:26:42 | [IDLE] Waiting for next market pulse...
23:26:53 | [36m[STATS][0m --- [CYCLE 223] ---
23:26:53 | [36m[STATS][0m Balance: 97973.15 | Equity: 97968.47 | Active: 4 | Margin: 97759.46 | Util: 0.2%
23:26:53 | [POSITION STATS] Open: 4 | Unrealized: $-4.68 | Daily Loss: $0.00/100.00
23:26:53 | [ANALYSIS] Examining EUR/USD | Time: 01:00 | Bars: 100
23:26:53 | [ANALYSIS] Examining GBP/USD | Time: 01:00 | Bars: 100
23:26:53 | [ANALYSIS] Examining USD/JPY | Time: 01:00 | Bars: 100
23:26:53 | [ANALYSIS] Examining AUD/USD | Time: 01:00 | Bars: 100
23:26:53 | [IDLE] Waiting for next market pulse...
23:27:03 | [36m[STATS][0m --- [CYCLE 224] ---
23:27:03 | [36m[STATS][0m Balance: 97973.15 | Equity: 97968.84 | Active: 4 | Margin: 97759.83 | Util: 0.2%
23:27:03 | [POSITION STATS] Open: 4 | Unrealized: $-4.31 | Daily Loss: $0.00/100.00
23:27:03 | [ANALYSIS] Examining EUR/USD | Time: 01:00 | Bars: 100
23:27:03 | [ANALYSIS] Examining GBP/USD | Time: 01:00 | Bars: 100
23:27:03 | [ANALYSIS] Examining USD/JPY | Time: 01:00 | Bars: 100
23:27:03 | [ANALYSIS] Examining AUD/USD | Time: 01:00 | Bars: 100
23:27:03 | [IDLE] Waiting for next market pulse...
23:27:13 | [36m[STATS][0m --- [CYCLE 225] ---
23:27:13 | [36m[STATS][0m Balance: 97973.15 | Equity: 97969.19 | Active: 4 | Margin: 97760.18 | Util: 0.2%
23:27:13 | [POSITION STATS] Open: 4 | Unrealized: $-3.96 | Daily Loss: $0.00/100.00
23:27:13 | [ANALYSIS] Examining EUR/USD | Time: 01:00 | Bars: 100
23:27:13 | [ANALYSIS] Examining GBP/USD | Time: 01:00 | Bars: 100
23:27:13 | [ANALYSIS] Examining USD/JPY | Time: 01:00 | Bars: 100
23:27:13 | [ANALYSIS] Examining AUD/USD | Time: 01:00 | Bars: 100
23:27:13 | [SUMMARY] Risk: operational | Positions: 4 | Daily Trades: 0/5 | Exits: 0 (Market: 0, Admin: 0)
23:27:13 | [IDLE] Waiting for next market pulse...
23:27:24 | [36m[STATS][0m --- [CYCLE 226] ---
23:27:24 | [36m[STATS][0m Balance: 97973.15 | Equity: 97969.15 | Active: 4 | Margin: 97760.14 | Util: 0.2%
23:27:24 | [POSITION STATS] Open: 4 | Unrealized: $-4.00 | Daily Loss: $0.00/100.00
23:27:24 | [ANALYSIS] Examining EUR/USD | Time: 01:00 | Bars: 100
23:27:24 | [ANALYSIS] Examining GBP/USD | Time: 01:00 | Bars: 100
23:27:24 | [ANALYSIS] Examining USD/JPY | Time: 01:00 | Bars: 100
23:27:24 | [ANALYSIS] Examining AUD/USD | Time: 01:00 | Bars: 100
23:27:24 | [IDLE] Waiting for next market pulse...
23:27:34 | [36m[STATS][0m --- [CYCLE 227] ---
23:27:34 | [36m[STATS][0m Balance: 97973.15 | Equity: 97969.22 | Active: 4 | Margin: 97760.21 | Util: 0.2%
23:27:34 | [POSITION STATS] Open: 4 | Unrealized: $-3.93 | Daily Loss: $0.00/100.00
23:27:34 | [ANALYSIS] Examining EUR/USD | Time: 01:00 | Bars: 100
23:27:34 | [ANALYSIS] Examining GBP/USD | Time: 01:00 | Bars: 100
23:27:34 | [ANALYSIS] Examining USD/JPY | Time: 01:00 | Bars: 100
23:27:34 | [ANALYSIS] Examining AUD/USD | Time: 01:00 | Bars: 100
23:27:34 | [IDLE] Waiting for next market pulse...
23:27:44 | [36m[STATS][0m --- [CYCLE 228] ---
23:27:44 | [36m[STATS][0m Balance: 97973.15 | Equity: 97969.09 | Active: 4 | Margin: 97760.08 | Util: 0.2%
23:27:44 | [POSITION STATS] Open: 4 | Unrealized: $-4.06 | Daily Loss: $0.00/100.00
23:27:44 | [ANALYSIS] Examining EUR/USD | Time: 01:00 | Bars: 100
23:27:44 | [ANALYSIS] Examining GBP/USD | Time: 01:00 | Bars: 100
23:27:44 | [ANALYSIS] Examining USD/JPY | Time: 01:00 | Bars: 100
23:27:44 | [ANALYSIS] Examining AUD/USD | Time: 01:00 | Bars: 100
23:27:44 | [IDLE] Waiting for next market pulse...
23:27:55 | [36m[STATS][0m --- [CYCLE 229] ---
23:27:55 | [36m[STATS][0m Balance: 97973.15 | Equity: 97968.17 | Active: 4 | Margin: 97759.16 | Util: 0.2%
23:27:55 | [POSITION STATS] Open: 4 | Unrealized: $-4.98 | Daily Loss: $0.00/100.00
23:27:55 | [ANALYSIS] Examining EUR/USD | Time: 01:00 | Bars: 100
23:27:55 | [ANALYSIS] Examining GBP/USD | Time: 01:00 | Bars: 100
23:27:55 | [ANALYSIS] Examining USD/JPY | Time: 01:00 | Bars: 100
23:27:55 | [ANALYSIS] Examining AUD/USD | Time: 01:00 | Bars: 100
23:27:55 | [IDLE] Waiting for next market pulse...
23:28:05 | [36m[STATS][0m --- [CYCLE 230] ---
23:28:05 | [36m[STATS][0m Balance: 97973.15 | Equity: 97968.27 | Active: 4 | Margin: 97759.26 | Util: 0.2%
23:28:05 | [POSITION STATS] Open: 4 | Unrealized: $-4.88 | Daily Loss: $0.00/100.00
23:28:05 | [ANALYSIS] Examining EUR/USD | Time: 01:00 | Bars: 100
23:28:05 | [ANALYSIS] Examining GBP/USD | Time: 01:00 | Bars: 100
23:28:05 | [ANALYSIS] Examining USD/JPY | Time: 01:00 | Bars: 100
23:28:05 | [ANALYSIS] Examining AUD/USD | Time: 01:00 | Bars: 100
23:28:05 | [SUMMARY] Risk: operational | Positions: 4 | Daily Trades: 0/5 | Exits: 0 (Market: 0, Admin: 0)
23:28:05 | [IDLE] Waiting for next market pulse...
23:28:15 | [36m[STATS][0m --- [CYCLE 231] ---
23:28:15 | [36m[STATS][0m Balance: 97973.15 | Equity: 97968.24 | Active: 4 | Margin: 97759.23 | Util: 0.2%
23:28:15 | [POSITION STATS] Open: 4 | Unrealized: $-4.91 | Daily Loss: $0.00/100.00
23:28:15 | [ANALYSIS] Examining EUR/USD | Time: 01:00 | Bars: 100
23:28:15 | [ANALYSIS] Examining GBP/USD | Time: 01:00 | Bars: 100
23:28:15 | [ANALYSIS] Examining USD/JPY | Time: 01:00 | Bars: 100
23:28:15 | [ANALYSIS] Examining AUD/USD | Time: 01:00 | Bars: 100
23:28:15 | [IDLE] Waiting for next market pulse...
23:28:26 | [36m[STATS][0m --- [CYCLE 232] ---
23:28:26 | [36m[STATS][0m Balance: 97973.15 | Equity: 97968.24 | Active: 4 | Margin: 97759.23 | Util: 0.2%
23:28:26 | [POSITION STATS] Open: 4 | Unrealized: $-4.91 | Daily Loss: $0.00/100.00
23:28:26 | [ANALYSIS] Examining EUR/USD | Time: 01:00 | Bars: 100
23:28:26 | [ANALYSIS] Examining GBP/USD | Time: 01:00 | Bars: 100
23:28:26 | [ANALYSIS] Examining USD/JPY | Time: 01:00 | Bars: 100
23:28:26 | [ANALYSIS] Examining AUD/USD | Time: 01:00 | Bars: 100
23:28:26 | [IDLE] Waiting for next market pulse...
23:28:36 | [36m[STATS][0m --- [CYCLE 233] ---
23:28:36 | [36m[STATS][0m Balance: 97973.15 | Equity: 97968.36 | Active: 4 | Margin: 97759.35 | Util: 0.2%
23:28:36 | [POSITION STATS] Open: 4 | Unrealized: $-4.79 | Daily Loss: $0.00/100.00
23:28:36 | [ANALYSIS] Examining EUR/USD | Time: 01:00 | Bars: 100
23:28:36 | [ANALYSIS] Examining GBP/USD | Time: 01:00 | Bars: 100
23:28:36 | [ANALYSIS] Examining USD/JPY | Time: 01:00 | Bars: 100
23:28:36 | [ANALYSIS] Examining AUD/USD | Time: 01:00 | Bars: 100
23:28:36 | [IDLE] Waiting for next market pulse...
23:28:46 | [36m[STATS][0m --- [CYCLE 234] ---
23:28:46 | [36m[STATS][0m Balance: 97973.15 | Equity: 97968.37 | Active: 4 | Margin: 97759.36 | Util: 0.2%
23:28:46 | [POSITION STATS] Open: 4 | Unrealized: $-4.78 | Daily Loss: $0.00/100.00
23:28:46 | [ANALYSIS] Examining EUR/USD | Time: 01:00 | Bars: 100
23:28:46 | [ANALYSIS] Examining GBP/USD | Time: 01:00 | Bars: 100
23:28:46 | [ANALYSIS] Examining USD/JPY | Time: 01:00 | Bars: 100
23:28:46 | [ANALYSIS] Examining AUD/USD | Time: 01:00 | Bars: 100
23:28:46 | [IDLE] Waiting for next market pulse...
23:28:57 | [36m[STATS][0m --- [CYCLE 235] ---
23:28:57 | [36m[STATS][0m Balance: 97973.15 | Equity: 97968.37 | Active: 4 | Margin: 97759.36 | Util: 0.2%
23:28:57 | [POSITION STATS] Open: 4 | Unrealized: $-4.78 | Daily Loss: $0.00/100.00
23:28:57 | [ANALYSIS] Examining EUR/USD | Time: 01:00 | Bars: 100
23:28:57 | [ANALYSIS] Examining GBP/USD | Time: 01:00 | Bars: 100
23:28:57 | [ANALYSIS] Examining USD/JPY | Time: 01:00 | Bars: 100
23:28:57 | [ANALYSIS] Examining AUD/USD | Time: 01:00 | Bars: 100
23:28:57 | [SUMMARY] Risk: operational | Positions: 4 | Daily Trades: 0/5 | Exits: 0 (Market: 0, Admin: 0)
23:28:57 | [IDLE] Waiting for next market pulse...
23:29:07 | [36m[STATS][0m --- [CYCLE 236] ---
23:29:07 | [36m[STATS][0m Balance: 97973.15 | Equity: 97968.43 | Active: 4 | Margin: 97759.42 | Util: 0.2%
23:29:07 | [POSITION STATS] Open: 4 | Unrealized: $-4.72 | Daily Loss: $0.00/100.00
23:29:07 | [ANALYSIS] Examining EUR/USD | Time: 01:00 | Bars: 100
23:29:07 | [ANALYSIS] Examining GBP/USD | Time: 01:00 | Bars: 100
23:29:07 | [ANALYSIS] Examining USD/JPY | Time: 01:00 | Bars: 100
23:29:07 | [ANALYSIS] Examining AUD/USD | Time: 01:00 | Bars: 100
23:29:07 | [IDLE] Waiting for next market pulse...
23:29:17 | [36m[STATS][0m --- [CYCLE 237] ---
23:29:17 | [36m[STATS][0m Balance: 97973.15 | Equity: 97968.42 | Active: 4 | Margin: 97759.41 | Util: 0.2%
23:29:17 | [POSITION STATS] Open: 4 | Unrealized: $-4.73 | Daily Loss: $0.00/100.00
23:29:17 | [ANALYSIS] Examining EUR/USD | Time: 01:00 | Bars: 100
23:29:17 | [ANALYSIS] Examining GBP/USD | Time: 01:00 | Bars: 100
23:29:17 | [ANALYSIS] Examining USD/JPY | Time: 01:00 | Bars: 100
23:29:17 | [ANALYSIS] Examining AUD/USD | Time: 01:00 | Bars: 100
23:29:17 | [IDLE] Waiting for next market pulse...
23:29:28 | [36m[STATS][0m --- [CYCLE 238] ---
23:29:28 | [36m[STATS][0m Balance: 97973.15 | Equity: 97968.49 | Active: 4 | Margin: 97759.48 | Util: 0.2%
23:29:28 | [POSITION STATS] Open: 4 | Unrealized: $-4.66 | Daily Loss: $0.00/100.00
23:29:28 | [ANALYSIS] Examining EUR/USD | Time: 01:00 | Bars: 100
23:29:28 | [ANALYSIS] Examining GBP/USD | Time: 01:00 | Bars: 100
23:29:28 | [ANALYSIS] Examining USD/JPY | Time: 01:00 | Bars: 100
23:29:28 | [1;33mInvalid symbol info for AUD/USD: bid=0.67004, ask=0.67004. Using OHLC estimate.[0m
23:29:28 | [ANALYSIS] Examining AUD/USD | Time: 01:00 | Bars: 100
23:29:28 | [IDLE] Waiting for next market pulse...
23:29:38 | [36m[STATS][0m --- [CYCLE 239] ---
23:29:38 | [36m[STATS][0m Balance: 97973.15 | Equity: 97968.34 | Active: 4 | Margin: 97759.33 | Util: 0.2%
23:29:38 | [POSITION STATS] Open: 4 | Unrealized: $-4.81 | Daily Loss: $0.00/100.00
23:29:38 | [ANALYSIS] Examining EUR/USD | Time: 01:00 | Bars: 100
23:29:38 | [ANALYSIS] Examining GBP/USD | Time: 01:00 | Bars: 100
23:29:38 | [ANALYSIS] Examining USD/JPY | Time: 01:00 | Bars: 100
23:29:38 | [ANALYSIS] Examining AUD/USD | Time: 01:00 | Bars: 100
23:29:38 | [IDLE] Waiting for next market pulse...
23:29:48 | [36m[STATS][0m --- [CYCLE 240] ---
23:29:48 | [36m[STATS][0m Balance: 97973.15 | Equity: 97968.22 | Active: 4 | Margin: 97759.21 | Util: 0.2%
23:29:48 | [POSITION STATS] Open: 4 | Unrealized: $-4.93 | Daily Loss: $0.00/100.00
23:29:48 | [ANALYSIS] Examining EUR/USD | Time: 01:00 | Bars: 100
23:29:48 | [ANALYSIS] Examining GBP/USD | Time: 01:00 | Bars: 100
23:29:48 | [ANALYSIS] Examining USD/JPY | Time: 01:00 | Bars: 100
23:29:48 | [ANALYSIS] Examining AUD/USD | Time: 01:00 | Bars: 100
23:29:48 | [SUMMARY] Risk: operational | Positions: 4 | Daily Trades: 0/5 | Exits: 0 (Market: 0, Admin: 0)
23:29:48 | [IDLE] Waiting for next market pulse...
23:29:58 | [36m[STATS][0m --- [CYCLE 241] ---
23:29:58 | [36m[STATS][0m Balance: 97973.15 | Equity: 97968.24 | Active: 4 | Margin: 97759.23 | Util: 0.2%
23:29:58 | [POSITION STATS] Open: 4 | Unrealized: $-4.91 | Daily Loss: $0.00/100.00
23:29:59 | [ANALYSIS] Examining EUR/USD | Time: 01:00 | Bars: 100
23:29:59 | [ANALYSIS] Examining GBP/USD | Time: 01:00 | Bars: 100
23:29:59 | [ANALYSIS] Examining USD/JPY | Time: 01:00 | Bars: 100
23:29:59 | [ANALYSIS] Examining AUD/USD | Time: 01:00 | Bars: 100
23:29:59 | [IDLE] Waiting for next market pulse...
23:30:09 | [36m[STATS][0m --- [CYCLE 242] ---
23:30:09 | [36m[STATS][0m Balance: 97973.15 | Equity: 97968.17 | Active: 4 | Margin: 97759.16 | Util: 0.2%
23:30:09 | [POSITION STATS] Open: 4 | Unrealized: $-4.98 | Daily Loss: $0.00/100.00
23:30:09 | [ANALYSIS] Examining EUR/USD | Time: 01:00 | Bars: 100
23:30:09 | [ANALYSIS] Examining GBP/USD | Time: 01:00 | Bars: 100
23:30:09 | [ANALYSIS] Examining USD/JPY | Time: 01:00 | Bars: 100
23:30:09 | [ANALYSIS] Examining AUD/USD | Time: 01:00 | Bars: 100
23:30:09 | [IDLE] Waiting for next market pulse...
23:30:19 | [36m[STATS][0m --- [CYCLE 243] ---
23:30:19 | [36m[STATS][0m Balance: 97973.15 | Equity: 97968.75 | Active: 4 | Margin: 97759.74 | Util: 0.2%
23:30:19 | [POSITION STATS] Open: 4 | Unrealized: $-4.40 | Daily Loss: $0.00/100.00
23:30:19 | [ANALYSIS] Examining EUR/USD | Time: 01:00 | Bars: 100
23:30:19 | [ANALYSIS] Examining GBP/USD | Time: 01:00 | Bars: 100
23:30:19 | [ANALYSIS] Examining USD/JPY | Time: 01:00 | Bars: 100
23:30:19 | [ANALYSIS] Examining AUD/USD | Time: 01:00 | Bars: 100
23:30:19 | [IDLE] Waiting for next market pulse...
23:30:30 | [36m[STATS][0m --- [CYCLE 244] ---
23:30:30 | [36m[STATS][0m Balance: 97973.15 | Equity: 97968.64 | Active: 4 | Margin: 97759.63 | Util: 0.2%
23:30:30 | [POSITION STATS] Open: 4 | Unrealized: $-4.51 | Daily Loss: $0.00/100.00
23:30:30 | [ANALYSIS] Examining EUR/USD | Time: 01:00 | Bars: 100
23:30:30 | [ANALYSIS] Examining GBP/USD | Time: 01:00 | Bars: 100
23:30:30 | [ANALYSIS] Examining USD/JPY | Time: 01:00 | Bars: 100
23:30:30 | [ANALYSIS] Examining AUD/USD | Time: 01:00 | Bars: 100
23:30:30 | [IDLE] Waiting for next market pulse...
23:30:40 | [36m[STATS][0m --- [CYCLE 245] ---
23:30:40 | [36m[STATS][0m Balance: 97973.15 | Equity: 97968.63 | Active: 4 | Margin: 97759.62 | Util: 0.2%
23:30:40 | [POSITION STATS] Open: 4 | Unrealized: $-4.52 | Daily Loss: $0.00/100.00
23:30:40 | [ANALYSIS] Examining EUR/USD | Time: 01:00 | Bars: 100
23:30:40 | [ANALYSIS] Examining GBP/USD | Time: 01:00 | Bars: 100
23:30:40 | [ANALYSIS] Examining USD/JPY | Time: 01:00 | Bars: 100
23:30:40 | [ANALYSIS] Examining AUD/USD | Time: 01:00 | Bars: 100
23:30:40 | [SUMMARY] Risk: operational | Positions: 4 | Daily Trades: 0/5 | Exits: 0 (Market: 0, Admin: 0)
23:30:40 | [IDLE] Waiting for next market pulse...
23:30:50 | [36m[STATS][0m --- [CYCLE 246] ---
23:30:50 | [36m[STATS][0m Balance: 97973.15 | Equity: 97968.68 | Active: 4 | Margin: 97759.67 | Util: 0.2%
23:30:50 | [POSITION STATS] Open: 4 | Unrealized: $-4.47 | Daily Loss: $0.00/100.00
23:30:50 | [ANALYSIS] Examining EUR/USD | Time: 01:00 | Bars: 100
23:30:50 | [ANALYSIS] Examining GBP/USD | Time: 01:00 | Bars: 100
23:30:50 | [ANALYSIS] Examining USD/JPY | Time: 01:00 | Bars: 100
23:30:50 | [ANALYSIS] Examining AUD/USD | Time: 01:00 | Bars: 100
23:30:50 | [IDLE] Waiting for next market pulse...
23:31:01 | [36m[STATS][0m --- [CYCLE 247] ---
23:31:01 | [36m[STATS][0m Balance: 97973.15 | Equity: 97969.02 | Active: 4 | Margin: 97760.01 | Util: 0.2%
23:31:01 | [POSITION STATS] Open: 4 | Unrealized: $-4.13 | Daily Loss: $0.00/100.00
23:31:01 | [ANALYSIS] Examining EUR/USD | Time: 01:00 | Bars: 100
23:31:01 | [ANALYSIS] Examining GBP/USD | Time: 01:00 | Bars: 100
23:31:01 | [ANALYSIS] Examining USD/JPY | Time: 01:00 | Bars: 100
23:31:01 | [ANALYSIS] Examining AUD/USD | Time: 01:00 | Bars: 100
23:31:01 | [IDLE] Waiting for next market pulse...
23:31:11 | [36m[STATS][0m --- [CYCLE 248] ---
23:31:11 | [36m[STATS][0m Balance: 97973.15 | Equity: 97968.71 | Active: 4 | Margin: 97759.70 | Util: 0.2%
23:31:11 | [POSITION STATS] Open: 4 | Unrealized: $-4.44 | Daily Loss: $0.00/100.00
23:31:11 | [ANALYSIS] Examining EUR/USD | Time: 01:00 | Bars: 100
23:31:11 | [ANALYSIS] Examining GBP/USD | Time: 01:00 | Bars: 100
23:31:11 | [ANALYSIS] Examining USD/JPY | Time: 01:00 | Bars: 100
23:31:11 | [ANALYSIS] Examining AUD/USD | Time: 01:00 | Bars: 100
23:31:11 | [IDLE] Waiting for next market pulse...
23:31:21 | [36m[STATS][0m --- [CYCLE 249] ---
23:31:21 | [36m[STATS][0m Balance: 97973.15 | Equity: 97968.65 | Active: 4 | Margin: 97759.64 | Util: 0.2%
23:31:21 | [POSITION STATS] Open: 4 | Unrealized: $-4.50 | Daily Loss: $0.00/100.00
23:31:21 | [ANALYSIS] Examining EUR/USD | Time: 01:00 | Bars: 100
23:31:21 | [ANALYSIS] Examining GBP/USD | Time: 01:00 | Bars: 100
23:31:21 | [ANALYSIS] Examining USD/JPY | Time: 01:00 | Bars: 100
23:31:21 | [ANALYSIS] Examining AUD/USD | Time: 01:00 | Bars: 100
23:31:21 | [IDLE] Waiting for next market pulse...
23:31:32 | [36m[STATS][0m --- [CYCLE 250] ---
23:31:32 | [36m[STATS][0m Balance: 97973.15 | Equity: 97968.68 | Active: 4 | Margin: 97759.67 | Util: 0.2%
23:31:32 | [POSITION STATS] Open: 4 | Unrealized: $-4.47 | Daily Loss: $0.00/100.00
23:31:32 | [ANALYSIS] Examining EUR/USD | Time: 01:00 | Bars: 100
23:31:32 | [ANALYSIS] Examining GBP/USD | Time: 01:00 | Bars: 100
23:31:32 | [ANALYSIS] Examining USD/JPY | Time: 01:00 | Bars: 100
23:31:32 | [ANALYSIS] Examining AUD/USD | Time: 01:00 | Bars: 100
23:31:32 | [SUMMARY] Risk: operational | Positions: 4 | Daily Trades: 0/5 | Exits: 0 (Market: 0, Admin: 0)
23:31:32 | [IDLE] Waiting for next market pulse...
23:31:42 | [36m[STATS][0m --- [CYCLE 251] ---
23:31:42 | [36m[STATS][0m Balance: 97973.15 | Equity: 97968.63 | Active: 4 | Margin: 97759.62 | Util: 0.2%
23:31:42 | [POSITION STATS] Open: 4 | Unrealized: $-4.52 | Daily Loss: $0.00/100.00
23:31:42 | [ANALYSIS] Examining EUR/USD | Time: 01:00 | Bars: 100
23:31:42 | [ANALYSIS] Examining GBP/USD | Time: 01:00 | Bars: 100
23:31:42 | [ANALYSIS] Examining USD/JPY | Time: 01:00 | Bars: 100
23:31:42 | [ANALYSIS] Examining AUD/USD | Time: 01:00 | Bars: 100
23:31:42 | [IDLE] Waiting for next market pulse...
23:31:52 | [36m[STATS][0m --- [CYCLE 252] ---
23:31:52 | [36m[STATS][0m Balance: 97973.15 | Equity: 97968.20 | Active: 4 | Margin: 97759.19 | Util: 0.2%
23:31:52 | [POSITION STATS] Open: 4 | Unrealized: $-4.95 | Daily Loss: $0.00/100.00
23:31:52 | [ANALYSIS] Examining EUR/USD | Time: 01:00 | Bars: 100
23:31:52 | [ANALYSIS] Examining GBP/USD | Time: 01:00 | Bars: 100
23:31:52 | [ANALYSIS] Examining USD/JPY | Time: 01:00 | Bars: 100
23:31:52 | [ANALYSIS] Examining AUD/USD | Time: 01:00 | Bars: 100
23:31:52 | [IDLE] Waiting for next market pulse...
23:32:03 | [36m[STATS][0m --- [CYCLE 253] ---
23:32:03 | [36m[STATS][0m Balance: 97973.15 | Equity: 97967.99 | Active: 4 | Margin: 97758.98 | Util: 0.2%
23:32:03 | [POSITION STATS] Open: 4 | Unrealized: $-5.16 | Daily Loss: $0.00/100.00
23:32:03 | [ANALYSIS] Examining EUR/USD | Time: 01:00 | Bars: 100
23:32:03 | [ANALYSIS] Examining GBP/USD | Time: 01:00 | Bars: 100
23:32:03 | [ANALYSIS] Examining USD/JPY | Time: 01:00 | Bars: 100
23:32:03 | [ANALYSIS] Examining AUD/USD | Time: 01:00 | Bars: 100
23:32:03 | [IDLE] Waiting for next market pulse...
23:32:13 | [36m[STATS][0m --- [CYCLE 254] ---
23:32:13 | [36m[STATS][0m Balance: 97973.15 | Equity: 97967.80 | Active: 4 | Margin: 97758.79 | Util: 0.2%
23:32:13 | [POSITION STATS] Open: 4 | Unrealized: $-5.35 | Daily Loss: $0.00/100.00
23:32:13 | [ANALYSIS] Examining EUR/USD | Time: 01:00 | Bars: 100
23:32:13 | [ANALYSIS] Examining GBP/USD | Time: 01:00 | Bars: 100
23:32:13 | [ANALYSIS] Examining USD/JPY | Time: 01:00 | Bars: 100
23:32:13 | [ANALYSIS] Examining AUD/USD | Time: 01:00 | Bars: 100
23:32:13 | [IDLE] Waiting for next market pulse...
23:32:23 | [36m[STATS][0m --- [CYCLE 255] ---
23:32:23 | [36m[STATS][0m Balance: 97973.15 | Equity: 97967.80 | Active: 4 | Margin: 97758.79 | Util: 0.2%
23:32:23 | [POSITION STATS] Open: 4 | Unrealized: $-5.35 | Daily Loss: $0.00/100.00
23:32:23 | [ANALYSIS] Examining EUR/USD | Time: 01:00 | Bars: 100
23:32:23 | [ANALYSIS] Examining GBP/USD | Time: 01:00 | Bars: 100
23:32:23 | [ANALYSIS] Examining USD/JPY | Time: 01:00 | Bars: 100
23:32:23 | [ANALYSIS] Examining AUD/USD | Time: 01:00 | Bars: 100
23:32:23 | [SUMMARY] Risk: operational | Positions: 4 | Daily Trades: 0/5 | Exits: 0 (Market: 0, Admin: 0)
23:32:23 | [IDLE] Waiting for next market pulse...
23:32:34 | [36m[STATS][0m --- [CYCLE 256] ---
23:32:34 | [36m[STATS][0m Balance: 97973.15 | Equity: 97967.89 | Active: 4 | Margin: 97758.88 | Util: 0.2%
23:32:34 | [POSITION STATS] Open: 4 | Unrealized: $-5.26 | Daily Loss: $0.00/100.00
23:32:34 | [ANALYSIS] Examining EUR/USD | Time: 01:00 | Bars: 100
23:32:34 | [ANALYSIS] Examining GBP/USD | Time: 01:00 | Bars: 100
23:32:34 | [ANALYSIS] Examining USD/JPY | Time: 01:00 | Bars: 100
23:32:34 | [ANALYSIS] Examining AUD/USD | Time: 01:00 | Bars: 100
23:32:34 | [IDLE] Waiting for next market pulse...
23:32:44 | [36m[STATS][0m --- [CYCLE 257] ---
23:32:44 | [36m[STATS][0m Balance: 97973.15 | Equity: 97967.94 | Active: 4 | Margin: 97758.93 | Util: 0.2%
23:32:44 | [POSITION STATS] Open: 4 | Unrealized: $-5.21 | Daily Loss: $0.00/100.00
23:32:44 | [ANALYSIS] Examining EUR/USD | Time: 01:00 | Bars: 100
23:32:44 | [ANALYSIS] Examining GBP/USD | Time: 01:00 | Bars: 100
23:32:44 | [ANALYSIS] Examining USD/JPY | Time: 01:00 | Bars: 100
23:32:44 | [ANALYSIS] Examining AUD/USD | Time: 01:00 | Bars: 100
23:32:44 | [IDLE] Waiting for next market pulse...
23:32:54 | [36m[STATS][0m --- [CYCLE 258] ---
23:32:54 | [36m[STATS][0m Balance: 97973.15 | Equity: 97967.91 | Active: 4 | Margin: 97758.90 | Util: 0.2%
23:32:54 | [POSITION STATS] Open: 4 | Unrealized: $-5.24 | Daily Loss: $0.00/100.00
23:32:54 | [ANALYSIS] Examining EUR/USD | Time: 01:00 | Bars: 100
23:32:54 | [ANALYSIS] Examining GBP/USD | Time: 01:00 | Bars: 100
23:32:54 | [ANALYSIS] Examining USD/JPY | Time: 01:00 | Bars: 100
23:32:54 | [ANALYSIS] Examining AUD/USD | Time: 01:00 | Bars: 100
23:32:54 | [IDLE] Waiting for next market pulse...
23:33:05 | [36m[STATS][0m --- [CYCLE 259] ---
23:33:05 | [36m[STATS][0m Balance: 97973.15 | Equity: 97967.86 | Active: 4 | Margin: 97758.85 | Util: 0.2%
23:33:05 | [POSITION STATS] Open: 4 | Unrealized: $-5.29 | Daily Loss: $0.00/100.00
23:33:05 | [ANALYSIS] Examining EUR/USD | Time: 01:00 | Bars: 100
23:33:05 | [ANALYSIS] Examining GBP/USD | Time: 01:00 | Bars: 100
23:33:05 | [ANALYSIS] Examining USD/JPY | Time: 01:00 | Bars: 100
23:33:05 | [ANALYSIS] Examining AUD/USD | Time: 01:00 | Bars: 100
23:33:05 | [IDLE] Waiting for next market pulse...
23:33:15 | [36m[STATS][0m --- [CYCLE 260] ---
23:33:15 | [36m[STATS][0m Balance: 97973.15 | Equity: 97967.94 | Active: 4 | Margin: 97758.93 | Util: 0.2%
23:33:15 | [POSITION STATS] Open: 4 | Unrealized: $-5.21 | Daily Loss: $0.00/100.00
23:33:15 | [ANALYSIS] Examining EUR/USD | Time: 01:00 | Bars: 100
23:33:15 | [ANALYSIS] Examining GBP/USD | Time: 01:00 | Bars: 100
23:33:15 | [ANALYSIS] Examining USD/JPY | Time: 01:00 | Bars: 100
23:33:15 | [ANALYSIS] Examining AUD/USD | Time: 01:00 | Bars: 100
23:33:15 | [SUMMARY] Risk: operational | Positions: 4 | Daily Trades: 0/5 | Exits: 0 (Market: 0, Admin: 0)
23:33:15 | [IDLE] Waiting for next market pulse...
23:33:25 | [36m[STATS][0m --- [CYCLE 261] ---
23:33:25 | [36m[STATS][0m Balance: 97973.15 | Equity: 97967.64 | Active: 4 | Margin: 97758.63 | Util: 0.2%
23:33:25 | [POSITION STATS] Open: 4 | Unrealized: $-5.51 | Daily Loss: $0.00/100.00
23:33:25 | [ANALYSIS] Examining EUR/USD | Time: 01:00 | Bars: 100
23:33:25 | [ANALYSIS] Examining GBP/USD | Time: 01:00 | Bars: 100
23:33:25 | [ANALYSIS] Examining USD/JPY | Time: 01:00 | Bars: 100
23:33:25 | [ANALYSIS] Examining AUD/USD | Time: 01:00 | Bars: 100
23:33:25 | [IDLE] Waiting for next market pulse...
23:33:36 | [36m[STATS][0m --- [CYCLE 262] ---
23:33:36 | [36m[STATS][0m Balance: 97973.15 | Equity: 97967.59 | Active: 4 | Margin: 97758.58 | Util: 0.2%
23:33:36 | [POSITION STATS] Open: 4 | Unrealized: $-5.56 | Daily Loss: $0.00/100.00
23:33:36 | [ANALYSIS] Examining EUR/USD | Time: 01:00 | Bars: 100
23:33:36 | [ANALYSIS] Examining GBP/USD | Time: 01:00 | Bars: 100
23:33:36 | [ANALYSIS] Examining USD/JPY | Time: 01:00 | Bars: 100
23:33:36 | [ANALYSIS] Examining AUD/USD | Time: 01:00 | Bars: 100
23:33:36 | [IDLE] Waiting for next market pulse...
23:33:46 | [36m[STATS][0m --- [CYCLE 263] ---
23:33:46 | [36m[STATS][0m Balance: 97973.15 | Equity: 97967.54 | Active: 4 | Margin: 97758.53 | Util: 0.2%
23:33:46 | [POSITION STATS] Open: 4 | Unrealized: $-5.61 | Daily Loss: $0.00/100.00
23:33:46 | [ANALYSIS] Examining EUR/USD | Time: 01:00 | Bars: 100
23:33:46 | [ANALYSIS] Examining GBP/USD | Time: 01:00 | Bars: 100
23:33:46 | [ANALYSIS] Examining USD/JPY | Time: 01:00 | Bars: 100
23:33:46 | [ANALYSIS] Examining AUD/USD | Time: 01:00 | Bars: 100
23:33:46 | [IDLE] Waiting for next market pulse...
23:33:56 | [36m[STATS][0m --- [CYCLE 264] ---
23:33:56 | [36m[STATS][0m Balance: 97973.15 | Equity: 97967.49 | Active: 4 | Margin: 97758.48 | Util: 0.2%
23:33:56 | [POSITION STATS] Open: 4 | Unrealized: $-5.66 | Daily Loss: $0.00/100.00
23:33:56 | [ANALYSIS] Examining EUR/USD | Time: 01:00 | Bars: 100
23:33:56 | [ANALYSIS] Examining GBP/USD | Time: 01:00 | Bars: 100
23:33:56 | [ANALYSIS] Examining USD/JPY | Time: 01:00 | Bars: 100
23:33:56 | [ANALYSIS] Examining AUD/USD | Time: 01:00 | Bars: 100
23:33:56 | [IDLE] Waiting for next market pulse...
23:34:07 | [36m[STATS][0m --- [CYCLE 265] ---
23:34:07 | [36m[STATS][0m Balance: 97973.15 | Equity: 97967.48 | Active: 4 | Margin: 97758.47 | Util: 0.2%
23:34:07 | [POSITION STATS] Open: 4 | Unrealized: $-5.67 | Daily Loss: $0.00/100.00
23:34:07 | [ANALYSIS] Examining EUR/USD | Time: 01:00 | Bars: 100
23:34:07 | [ANALYSIS] Examining GBP/USD | Time: 01:00 | Bars: 100
23:34:07 | [ANALYSIS] Examining USD/JPY | Time: 01:00 | Bars: 100
23:34:07 | [ANALYSIS] Examining AUD/USD | Time: 01:00 | Bars: 100
23:34:07 | [SUMMARY] Risk: operational | Positions: 4 | Daily Trades: 0/5 | Exits: 0 (Market: 0, Admin: 0)
23:34:07 | [IDLE] Waiting for next market pulse...
23:34:17 | [36m[STATS][0m --- [CYCLE 266] ---
23:34:17 | [36m[STATS][0m Balance: 97973.15 | Equity: 97967.53 | Active: 4 | Margin: 97758.52 | Util: 0.2%
23:34:17 | [POSITION STATS] Open: 4 | Unrealized: $-5.62 | Daily Loss: $0.00/100.00
23:34:17 | [ANALYSIS] Examining EUR/USD | Time: 01:00 | Bars: 100
23:34:17 | [ANALYSIS] Examining GBP/USD | Time: 01:00 | Bars: 100
23:34:17 | [ANALYSIS] Examining USD/JPY | Time: 01:00 | Bars: 100
23:34:17 | [ANALYSIS] Examining AUD/USD | Time: 01:00 | Bars: 100
23:34:17 | [IDLE] Waiting for next market pulse...
23:34:27 | [36m[STATS][0m --- [CYCLE 267] ---
23:34:27 | [36m[STATS][0m Balance: 97973.15 | Equity: 97967.35 | Active: 4 | Margin: 97758.34 | Util: 0.2%
23:34:27 | [POSITION STATS] Open: 4 | Unrealized: $-5.80 | Daily Loss: $0.00/100.00
23:34:28 | [ANALYSIS] Examining EUR/USD | Time: 01:00 | Bars: 100
23:34:28 | [ANALYSIS] Examining GBP/USD | Time: 01:00 | Bars: 100
23:34:28 | [ANALYSIS] Examining USD/JPY | Time: 01:00 | Bars: 100
23:34:28 | [ANALYSIS] Examining AUD/USD | Time: 01:00 | Bars: 100
23:34:28 | [IDLE] Waiting for next market pulse...
23:34:38 | [36m[STATS][0m --- [CYCLE 268] ---
23:34:38 | [36m[STATS][0m Balance: 97973.15 | Equity: 97966.90 | Active: 4 | Margin: 97757.89 | Util: 0.2%
23:34:38 | [POSITION STATS] Open: 4 | Unrealized: $-6.25 | Daily Loss: $0.00/100.00
23:34:38 | [ANALYSIS] Examining EUR/USD | Time: 01:00 | Bars: 100
23:34:38 | [ANALYSIS] Examining GBP/USD | Time: 01:00 | Bars: 100
23:34:38 | [ANALYSIS] Examining USD/JPY | Time: 01:00 | Bars: 100
23:34:38 | [ANALYSIS] Examining AUD/USD | Time: 01:00 | Bars: 100
23:34:38 | [IDLE] Waiting for next market pulse...
23:34:48 | [36m[STATS][0m --- [CYCLE 269] ---
23:34:49 | [36m[STATS][0m Balance: 97973.15 | Equity: 97966.73 | Active: 4 | Margin: 97757.72 | Util: 0.2%
23:34:49 | [POSITION STATS] Open: 4 | Unrealized: $-6.42 | Daily Loss: $0.00/100.00
23:34:49 | [ANALYSIS] Examining EUR/USD | Time: 01:00 | Bars: 100
23:34:49 | [ANALYSIS] Examining GBP/USD | Time: 01:00 | Bars: 100
23:34:49 | [ANALYSIS] Examining USD/JPY | Time: 01:00 | Bars: 100
23:34:49 | [ANALYSIS] Examining AUD/USD | Time: 01:00 | Bars: 100
23:34:49 | [IDLE] Waiting for next market pulse...
23:34:59 | [36m[STATS][0m --- [CYCLE 270] ---
23:34:59 | [36m[STATS][0m Balance: 97973.15 | Equity: 97966.73 | Active: 4 | Margin: 97757.72 | Util: 0.2%
23:34:59 | [POSITION STATS] Open: 4 | Unrealized: $-6.42 | Daily Loss: $0.00/100.00
23:34:59 | [ANALYSIS] Examining EUR/USD | Time: 01:00 | Bars: 100
23:34:59 | [ANALYSIS] Examining GBP/USD | Time: 01:00 | Bars: 100
23:34:59 | [ANALYSIS] Examining USD/JPY | Time: 01:00 | Bars: 100
23:34:59 | [ANALYSIS] Examining AUD/USD | Time: 01:00 | Bars: 100
23:34:59 | [SUMMARY] Risk: operational | Positions: 4 | Daily Trades: 0/5 | Exits: 0 (Market: 0, Admin: 0)
23:34:59 | [IDLE] Waiting for next market pulse...
23:35:09 | [36m[STATS][0m --- [CYCLE 271] ---
23:35:09 | [36m[STATS][0m Balance: 97973.15 | Equity: 97966.93 | Active: 4 | Margin: 97757.92 | Util: 0.2%
23:35:09 | [POSITION STATS] Open: 4 | Unrealized: $-6.22 | Daily Loss: $0.00/100.00
23:35:09 | [ANALYSIS] Examining EUR/USD | Time: 01:00 | Bars: 100
23:35:09 | [ANALYSIS] Examining GBP/USD | Time: 01:00 | Bars: 100
23:35:09 | [ANALYSIS] Examining USD/JPY | Time: 01:00 | Bars: 100
23:35:09 | [ANALYSIS] Examining AUD/USD | Time: 01:00 | Bars: 100
23:35:09 | [IDLE] Waiting for next market pulse...
23:35:20 | [36m[STATS][0m --- [CYCLE 272] ---
23:35:20 | [36m[STATS][0m Balance: 97973.15 | Equity: 97966.76 | Active: 4 | Margin: 97757.75 | Util: 0.2%
23:35:20 | [POSITION STATS] Open: 4 | Unrealized: $-6.39 | Daily Loss: $0.00/100.00
23:35:20 | [ANALYSIS] Examining EUR/USD | Time: 01:00 | Bars: 100
23:35:20 | [ANALYSIS] Examining GBP/USD | Time: 01:00 | Bars: 100
23:35:20 | [ANALYSIS] Examining USD/JPY | Time: 01:00 | Bars: 100
23:35:20 | [ANALYSIS] Examining AUD/USD | Time: 01:00 | Bars: 100
23:35:20 | [IDLE] Waiting for next market pulse...
23:35:30 | [36m[STATS][0m --- [CYCLE 273] ---
23:35:30 | [36m[STATS][0m Balance: 97973.15 | Equity: 97966.83 | Active: 4 | Margin: 97757.82 | Util: 0.2%
23:35:30 | [POSITION STATS] Open: 4 | Unrealized: $-6.32 | Daily Loss: $0.00/100.00
23:35:30 | [ANALYSIS] Examining EUR/USD | Time: 01:00 | Bars: 100
23:35:30 | [ANALYSIS] Examining GBP/USD | Time: 01:00 | Bars: 100
23:35:30 | [ANALYSIS] Examining USD/JPY | Time: 01:00 | Bars: 100
23:35:30 | [ANALYSIS] Examining AUD/USD | Time: 01:00 | Bars: 100
23:35:30 | [IDLE] Waiting for next market pulse...
23:35:40 | [36m[STATS][0m --- [CYCLE 274] ---
23:35:40 | [36m[STATS][0m Balance: 97973.15 | Equity: 97966.85 | Active: 4 | Margin: 97757.84 | Util: 0.2%
23:35:41 | [POSITION STATS] Open: 4 | Unrealized: $-6.30 | Daily Loss: $0.00/100.00
23:35:41 | [ANALYSIS] Examining EUR/USD | Time: 01:00 | Bars: 100
23:35:41 | [ANALYSIS] Examining GBP/USD | Time: 01:00 | Bars: 100
23:35:41 | [ANALYSIS] Examining USD/JPY | Time: 01:00 | Bars: 100
23:35:41 | [ANALYSIS] Examining AUD/USD | Time: 01:00 | Bars: 100
23:35:41 | [IDLE] Waiting for next market pulse...
23:35:51 | [36m[STATS][0m --- [CYCLE 275] ---
23:35:51 | [36m[STATS][0m Balance: 97973.15 | Equity: 97966.92 | Active: 4 | Margin: 97757.91 | Util: 0.2%
23:35:51 | [POSITION STATS] Open: 4 | Unrealized: $-6.23 | Daily Loss: $0.00/100.00
23:35:51 | [ANALYSIS] Examining EUR/USD | Time: 01:00 | Bars: 100
23:35:51 | [ANALYSIS] Examining GBP/USD | Time: 01:00 | Bars: 100
23:35:51 | [ANALYSIS] Examining USD/JPY | Time: 01:00 | Bars: 100
23:35:51 | [ANALYSIS] Examining AUD/USD | Time: 01:00 | Bars: 100
23:35:51 | [SUMMARY] Risk: operational | Positions: 4 | Daily Trades: 0/5 | Exits: 0 (Market: 0, Admin: 0)
23:35:51 | [IDLE] Waiting for next market pulse...
23:36:01 | [36m[STATS][0m --- [CYCLE 276] ---
23:36:01 | [36m[STATS][0m Balance: 97973.15 | Equity: 97966.80 | Active: 4 | Margin: 97757.79 | Util: 0.2%
23:36:01 | [POSITION STATS] Open: 4 | Unrealized: $-6.35 | Daily Loss: $0.00/100.00
23:36:01 | [ANALYSIS] Examining EUR/USD | Time: 01:00 | Bars: 100
23:36:01 | [ANALYSIS] Examining GBP/USD | Time: 01:00 | Bars: 100
23:36:01 | [ANALYSIS] Examining USD/JPY | Time: 01:00 | Bars: 100
23:36:01 | [ANALYSIS] Examining AUD/USD | Time: 01:00 | Bars: 100
23:36:01 | [IDLE] Waiting for next market pulse...
23:36:12 | [36m[STATS][0m --- [CYCLE 277] ---
23:36:12 | [36m[STATS][0m Balance: 97973.15 | Equity: 97966.67 | Active: 4 | Margin: 97757.66 | Util: 0.2%
23:36:12 | [POSITION STATS] Open: 4 | Unrealized: $-6.48 | Daily Loss: $0.00/100.00
23:36:12 | [ANALYSIS] Examining EUR/USD | Time: 01:00 | Bars: 100
23:36:12 | [ANALYSIS] Examining GBP/USD | Time: 01:00 | Bars: 100
23:36:12 | [ANALYSIS] Examining USD/JPY | Time: 01:00 | Bars: 100
23:36:12 | [ANALYSIS] Examining AUD/USD | Time: 01:00 | Bars: 100
23:36:12 | [IDLE] Waiting for next market pulse...
23:36:22 | [36m[STATS][0m --- [CYCLE 278] ---
23:36:22 | [36m[STATS][0m Balance: 97973.15 | Equity: 97966.70 | Active: 4 | Margin: 97757.69 | Util: 0.2%
23:36:22 | [POSITION STATS] Open: 4 | Unrealized: $-6.45 | Daily Loss: $0.00/100.00
23:36:22 | [ANALYSIS] Examining EUR/USD | Time: 01:00 | Bars: 100
23:36:22 | [ANALYSIS] Examining GBP/USD | Time: 01:00 | Bars: 100
23:36:22 | [ANALYSIS] Examining USD/JPY | Time: 01:00 | Bars: 100
23:36:22 | [ANALYSIS] Examining AUD/USD | Time: 01:00 | Bars: 100
23:36:22 | [IDLE] Waiting for next market pulse...
23:36:32 | [36m[STATS][0m --- [CYCLE 279] ---
23:36:32 | [36m[STATS][0m Balance: 97973.15 | Equity: 97966.90 | Active: 4 | Margin: 97757.89 | Util: 0.2%
23:36:32 | [POSITION STATS] Open: 4 | Unrealized: $-6.25 | Daily Loss: $0.00/100.00
23:36:32 | [ANALYSIS] Examining EUR/USD | Time: 01:00 | Bars: 100
23:36:32 | [ANALYSIS] Examining GBP/USD | Time: 01:00 | Bars: 100
23:36:32 | [ANALYSIS] Examining USD/JPY | Time: 01:00 | Bars: 100
23:36:32 | [ANALYSIS] Examining AUD/USD | Time: 01:00 | Bars: 100
23:36:32 | [IDLE] Waiting for next market pulse...
23:36:43 | [36m[STATS][0m --- [CYCLE 280] ---
23:36:43 | [36m[STATS][0m Balance: 97973.15 | Equity: 97966.62 | Active: 4 | Margin: 97757.61 | Util: 0.2%
23:36:43 | [POSITION STATS] Open: 4 | Unrealized: $-6.53 | Daily Loss: $0.00/100.00
23:36:43 | [ANALYSIS] Examining EUR/USD | Time: 01:00 | Bars: 100
23:36:43 | [ANALYSIS] Examining GBP/USD | Time: 01:00 | Bars: 100
23:36:43 | [ANALYSIS] Examining USD/JPY | Time: 01:00 | Bars: 100
23:36:43 | [ANALYSIS] Examining AUD/USD | Time: 01:00 | Bars: 100
23:36:43 | [SUMMARY] Risk: operational | Positions: 4 | Daily Trades: 0/5 | Exits: 0 (Market: 0, Admin: 0)
23:36:43 | [IDLE] Waiting for next market pulse...
23:36:53 | [36m[STATS][0m --- [CYCLE 281] ---
23:36:53 | [36m[STATS][0m Balance: 97973.15 | Equity: 97966.67 | Active: 4 | Margin: 97757.66 | Util: 0.2%
23:36:53 | [POSITION STATS] Open: 4 | Unrealized: $-6.48 | Daily Loss: $0.00/100.00
23:36:53 | [ANALYSIS] Examining EUR/USD | Time: 01:00 | Bars: 100
23:36:53 | [ANALYSIS] Examining GBP/USD | Time: 01:00 | Bars: 100
23:36:53 | [ANALYSIS] Examining USD/JPY | Time: 01:00 | Bars: 100
23:36:53 | [ANALYSIS] Examining AUD/USD | Time: 01:00 | Bars: 100
23:36:53 | [IDLE] Waiting for next market pulse...
23:37:03 | [36m[STATS][0m --- [CYCLE 282] ---
23:37:03 | [36m[STATS][0m Balance: 97973.15 | Equity: 97966.72 | Active: 4 | Margin: 97757.71 | Util: 0.2%
23:37:03 | [POSITION STATS] Open: 4 | Unrealized: $-6.43 | Daily Loss: $0.00/100.00
23:37:03 | [ANALYSIS] Examining EUR/USD | Time: 01:00 | Bars: 100
23:37:03 | [ANALYSIS] Examining GBP/USD | Time: 01:00 | Bars: 100
23:37:03 | [ANALYSIS] Examining USD/JPY | Time: 01:00 | Bars: 100
23:37:03 | [ANALYSIS] Examining AUD/USD | Time: 01:00 | Bars: 100
23:37:03 | [IDLE] Waiting for next market pulse...
23:37:14 | [36m[STATS][0m --- [CYCLE 283] ---
23:37:14 | [36m[STATS][0m Balance: 97973.15 | Equity: 97966.67 | Active: 4 | Margin: 97757.66 | Util: 0.2%
23:37:14 | [POSITION STATS] Open: 4 | Unrealized: $-6.48 | Daily Loss: $0.00/100.00
23:37:14 | [ANALYSIS] Examining EUR/USD | Time: 01:00 | Bars: 100
23:37:14 | [ANALYSIS] Examining GBP/USD | Time: 01:00 | Bars: 100
23:37:14 | [ANALYSIS] Examining USD/JPY | Time: 01:00 | Bars: 100
23:37:14 | [ANALYSIS] Examining AUD/USD | Time: 01:00 | Bars: 100
23:37:14 | [IDLE] Waiting for next market pulse...
23:37:24 | [36m[STATS][0m --- [CYCLE 284] ---
23:37:24 | [36m[STATS][0m Balance: 97973.15 | Equity: 97966.72 | Active: 4 | Margin: 97757.71 | Util: 0.2%
23:37:24 | [POSITION STATS] Open: 4 | Unrealized: $-6.43 | Daily Loss: $0.00/100.00
23:37:24 | [ANALYSIS] Examining EUR/USD | Time: 01:00 | Bars: 100
23:37:24 | [ANALYSIS] Examining GBP/USD | Time: 01:00 | Bars: 100
23:37:24 | [ANALYSIS] Examining USD/JPY | Time: 01:00 | Bars: 100
23:37:24 | [ANALYSIS] Examining AUD/USD | Time: 01:00 | Bars: 100
23:37:24 | [IDLE] Waiting for next market pulse...
23:37:34 | [36m[STATS][0m --- [CYCLE 285] ---
23:37:34 | [36m[STATS][0m Balance: 97973.15 | Equity: 97966.86 | Active: 4 | Margin: 97757.85 | Util: 0.2%
23:37:34 | [POSITION STATS] Open: 4 | Unrealized: $-6.29 | Daily Loss: $0.00/100.00
23:37:34 | [ANALYSIS] Examining EUR/USD | Time: 01:00 | Bars: 100
23:37:34 | [ANALYSIS] Examining GBP/USD | Time: 01:00 | Bars: 100
23:37:34 | [ANALYSIS] Examining USD/JPY | Time: 01:00 | Bars: 100
23:37:34 | [ANALYSIS] Examining AUD/USD | Time: 01:00 | Bars: 100
23:37:34 | [SUMMARY] Risk: operational | Positions: 4 | Daily Trades: 0/5 | Exits: 0 (Market: 0, Admin: 0)
23:37:34 | [IDLE] Waiting for next market pulse...
23:37:45 | [36m[STATS][0m --- [CYCLE 286] ---
23:37:45 | [36m[STATS][0m Balance: 97973.15 | Equity: 97966.66 | Active: 4 | Margin: 97757.65 | Util: 0.2%
23:37:45 | [POSITION STATS] Open: 4 | Unrealized: $-6.49 | Daily Loss: $0.00/100.00
23:37:45 | [ANALYSIS] Examining EUR/USD | Time: 01:00 | Bars: 100
23:37:45 | [ANALYSIS] Examining GBP/USD | Time: 01:00 | Bars: 100
23:37:45 | [ANALYSIS] Examining USD/JPY | Time: 01:00 | Bars: 100
23:37:45 | [ANALYSIS] Examining AUD/USD | Time: 01:00 | Bars: 100
23:37:45 | [IDLE] Waiting for next market pulse...
23:37:55 | [36m[STATS][0m --- [CYCLE 287] ---
23:37:55 | [36m[STATS][0m Balance: 97973.15 | Equity: 97966.86 | Active: 4 | Margin: 97757.85 | Util: 0.2%
23:37:55 | [POSITION STATS] Open: 4 | Unrealized: $-6.29 | Daily Loss: $0.00/100.00
23:37:55 | [ANALYSIS] Examining EUR/USD | Time: 01:00 | Bars: 100
23:37:55 | [ANALYSIS] Examining GBP/USD | Time: 01:00 | Bars: 100
23:37:55 | [ANALYSIS] Examining USD/JPY | Time: 01:00 | Bars: 100
23:37:55 | [ANALYSIS] Examining AUD/USD | Time: 01:00 | Bars: 100
23:37:55 | [IDLE] Waiting for next market pulse...
23:38:05 | [36m[STATS][0m --- [CYCLE 288] ---
23:38:05 | [36m[STATS][0m Balance: 97973.15 | Equity: 97966.60 | Active: 4 | Margin: 97757.59 | Util: 0.2%
23:38:05 | [POSITION STATS] Open: 4 | Unrealized: $-6.55 | Daily Loss: $0.00/100.00
23:38:05 | [ANALYSIS] Examining EUR/USD | Time: 01:00 | Bars: 100
23:38:05 | [ANALYSIS] Examining GBP/USD | Time: 01:00 | Bars: 100
23:38:05 | [ANALYSIS] Examining USD/JPY | Time: 01:00 | Bars: 100
23:38:05 | [ANALYSIS] Examining AUD/USD | Time: 01:00 | Bars: 100
23:38:05 | [IDLE] Waiting for next market pulse...
23:38:16 | [36m[STATS][0m --- [CYCLE 289] ---
23:38:16 | [36m[STATS][0m Balance: 97973.15 | Equity: 97966.75 | Active: 4 | Margin: 97757.74 | Util: 0.2%
23:38:16 | [POSITION STATS] Open: 4 | Unrealized: $-6.40 | Daily Loss: $0.00/100.00
23:38:16 | [ANALYSIS] Examining EUR/USD | Time: 01:00 | Bars: 100
23:38:16 | [ANALYSIS] Examining GBP/USD | Time: 01:00 | Bars: 100
23:38:16 | [ANALYSIS] Examining USD/JPY | Time: 01:00 | Bars: 100
23:38:16 | [ANALYSIS] Examining AUD/USD | Time: 01:00 | Bars: 100
23:38:16 | [IDLE] Waiting for next market pulse...
23:38:26 | [36m[STATS][0m --- [CYCLE 290] ---
23:38:26 | [36m[STATS][0m Balance: 97973.15 | Equity: 97966.69 | Active: 4 | Margin: 97757.68 | Util: 0.2%
23:38:26 | [POSITION STATS] Open: 4 | Unrealized: $-6.46 | Daily Loss: $0.00/100.00
23:38:26 | [ANALYSIS] Examining EUR/USD | Time: 01:00 | Bars: 100
23:38:26 | [ANALYSIS] Examining GBP/USD | Time: 01:00 | Bars: 100
23:38:26 | [ANALYSIS] Examining USD/JPY | Time: 01:00 | Bars: 100
23:38:26 | [ANALYSIS] Examining AUD/USD | Time: 01:00 | Bars: 100
23:38:26 | [SUMMARY] Risk: operational | Positions: 4 | Daily Trades: 0/5 | Exits: 0 (Market: 0, Admin: 0)
23:38:26 | [IDLE] Waiting for next market pulse...
23:38:36 | [36m[STATS][0m --- [CYCLE 291] ---
23:38:36 | [36m[STATS][0m Balance: 97973.15 | Equity: 97966.64 | Active: 4 | Margin: 97757.63 | Util: 0.2%
23:38:36 | [POSITION STATS] Open: 4 | Unrealized: $-6.51 | Daily Loss: $0.00/100.00
23:38:36 | [ANALYSIS] Examining EUR/USD | Time: 01:00 | Bars: 100
23:38:36 | [ANALYSIS] Examining GBP/USD | Time: 01:00 | Bars: 100
23:38:36 | [ANALYSIS] Examining USD/JPY | Time: 01:00 | Bars: 100
23:38:36 | [ANALYSIS] Examining AUD/USD | Time: 01:00 | Bars: 100
23:38:36 | [IDLE] Waiting for next market pulse...
23:38:47 | [36m[STATS][0m --- [CYCLE 292] ---
23:38:47 | [36m[STATS][0m Balance: 97973.15 | Equity: 97966.60 | Active: 4 | Margin: 97757.59 | Util: 0.2%
23:38:47 | [POSITION STATS] Open: 4 | Unrealized: $-6.55 | Daily Loss: $0.00/100.00
23:38:47 | [ANALYSIS] Examining EUR/USD | Time: 01:00 | Bars: 100
23:38:47 | [ANALYSIS] Examining GBP/USD | Time: 01:00 | Bars: 100
23:38:47 | [ANALYSIS] Examining USD/JPY | Time: 01:00 | Bars: 100
23:38:47 | [ANALYSIS] Examining AUD/USD | Time: 01:00 | Bars: 100
23:38:47 | [IDLE] Waiting for next market pulse...
23:38:57 | [36m[STATS][0m --- [CYCLE 293] ---
23:38:57 | [36m[STATS][0m Balance: 97973.15 | Equity: 97966.57 | Active: 4 | Margin: 97757.56 | Util: 0.2%
23:38:57 | [POSITION STATS] Open: 4 | Unrealized: $-6.58 | Daily Loss: $0.00/100.00
23:38:57 | [ANALYSIS] Examining EUR/USD | Time: 01:00 | Bars: 100
23:38:57 | [ANALYSIS] Examining GBP/USD | Time: 01:00 | Bars: 100
23:38:57 | [ANALYSIS] Examining USD/JPY | Time: 01:00 | Bars: 100
23:38:57 | [ANALYSIS] Examining AUD/USD | Time: 01:00 | Bars: 100
23:38:57 | [IDLE] Waiting for next market pulse...
23:39:07 | [36m[STATS][0m --- [CYCLE 294] ---
23:39:07 | [36m[STATS][0m Balance: 97973.15 | Equity: 97966.62 | Active: 4 | Margin: 97757.61 | Util: 0.2%
23:39:07 | [POSITION STATS] Open: 4 | Unrealized: $-6.53 | Daily Loss: $0.00/100.00
23:39:07 | [ANALYSIS] Examining EUR/USD | Time: 01:00 | Bars: 100
23:39:07 | [ANALYSIS] Examining GBP/USD | Time: 01:00 | Bars: 100
23:39:07 | [ANALYSIS] Examining USD/JPY | Time: 01:00 | Bars: 100
23:39:07 | [ANALYSIS] Examining AUD/USD | Time: 01:00 | Bars: 100
23:39:07 | [IDLE] Waiting for next market pulse...
23:39:18 | [36m[STATS][0m --- [CYCLE 295] ---
23:39:18 | [36m[STATS][0m Balance: 97973.15 | Equity: 97966.39 | Active: 4 | Margin: 97757.38 | Util: 0.2%
23:39:18 | [POSITION STATS] Open: 4 | Unrealized: $-6.76 | Daily Loss: $0.00/100.00
23:39:18 | [ANALYSIS] Examining EUR/USD | Time: 01:00 | Bars: 100
23:39:18 | [ANALYSIS] Examining GBP/USD | Time: 01:00 | Bars: 100
23:39:18 | [ANALYSIS] Examining USD/JPY | Time: 01:00 | Bars: 100
23:39:18 | [ANALYSIS] Examining AUD/USD | Time: 01:00 | Bars: 100
23:39:18 | [SUMMARY] Risk: operational | Positions: 4 | Daily Trades: 0/5 | Exits: 0 (Market: 0, Admin: 0)
23:39:18 | [IDLE] Waiting for next market pulse...
23:39:28 | [36m[STATS][0m --- [CYCLE 296] ---
23:39:28 | [36m[STATS][0m Balance: 97973.15 | Equity: 97966.49 | Active: 4 | Margin: 97757.48 | Util: 0.2%
23:39:28 | [POSITION STATS] Open: 4 | Unrealized: $-6.66 | Daily Loss: $0.00/100.00
23:39:28 | [ANALYSIS] Examining EUR/USD | Time: 01:00 | Bars: 100
23:39:28 | [ANALYSIS] Examining GBP/USD | Time: 01:00 | Bars: 100
23:39:28 | [ANALYSIS] Examining USD/JPY | Time: 01:00 | Bars: 100
23:39:28 | [ANALYSIS] Examining AUD/USD | Time: 01:00 | Bars: 100
23:39:28 | [IDLE] Waiting for next market pulse...
23:39:38 | [36m[STATS][0m --- [CYCLE 297] ---
23:39:38 | [36m[STATS][0m Balance: 97973.15 | Equity: 97966.34 | Active: 4 | Margin: 97757.33 | Util: 0.2%
23:39:38 | [POSITION STATS] Open: 4 | Unrealized: $-6.81 | Daily Loss: $0.00/100.00
23:39:38 | [ANALYSIS] Examining EUR/USD | Time: 01:00 | Bars: 100
23:39:38 | [ANALYSIS] Examining GBP/USD | Time: 01:00 | Bars: 100
23:39:38 | [ANALYSIS] Examining USD/JPY | Time: 01:00 | Bars: 100
23:39:38 | [ANALYSIS] Examining AUD/USD | Time: 01:00 | Bars: 100
23:39:38 | [IDLE] Waiting for next market pulse...
23:39:49 | [36m[STATS][0m --- [CYCLE 298] ---
23:39:49 | [36m[STATS][0m Balance: 97973.15 | Equity: 97966.39 | Active: 4 | Margin: 97757.38 | Util: 0.2%
23:39:49 | [POSITION STATS] Open: 4 | Unrealized: $-6.76 | Daily Loss: $0.00/100.00
23:39:49 | [ANALYSIS] Examining EUR/USD | Time: 01:00 | Bars: 100
23:39:49 | [ANALYSIS] Examining GBP/USD | Time: 01:00 | Bars: 100
23:39:49 | [ANALYSIS] Examining USD/JPY | Time: 01:00 | Bars: 100
23:39:49 | [ANALYSIS] Examining AUD/USD | Time: 01:00 | Bars: 100
23:39:49 | [IDLE] Waiting for next market pulse...
23:39:59 | [36m[STATS][0m --- [CYCLE 299] ---
23:39:59 | [36m[STATS][0m Balance: 97973.15 | Equity: 97966.44 | Active: 4 | Margin: 97757.43 | Util: 0.2%
23:39:59 | [POSITION STATS] Open: 4 | Unrealized: $-6.71 | Daily Loss: $0.00/100.00
23:39:59 | [ANALYSIS] Examining EUR/USD | Time: 01:00 | Bars: 100
23:39:59 | [ANALYSIS] Examining GBP/USD | Time: 01:00 | Bars: 100
23:39:59 | [ANALYSIS] Examining USD/JPY | Time: 01:00 | Bars: 100
23:39:59 | [ANALYSIS] Examining AUD/USD | Time: 01:00 | Bars: 100
23:39:59 | [IDLE] Waiting for next market pulse...
23:40:09 | [36m[STATS][0m --- [CYCLE 300] ---
23:40:09 | [36m[STATS][0m Balance: 97973.15 | Equity: 97966.47 | Active: 4 | Margin: 97757.46 | Util: 0.2%
23:40:09 | [POSITION STATS] Open: 4 | Unrealized: $-6.68 | Daily Loss: $0.00/100.00
23:40:09 | [ANALYSIS] Examining EUR/USD | Time: 01:00 | Bars: 100
23:40:09 | [ANALYSIS] Examining GBP/USD | Time: 01:00 | Bars: 100
23:40:09 | [ANALYSIS] Examining USD/JPY | Time: 01:00 | Bars: 100
23:40:09 | [ANALYSIS] Examining AUD/USD | Time: 01:00 | Bars: 100
23:40:09 | [SUMMARY] Risk: operational | Positions: 4 | Daily Trades: 0/5 | Exits: 0 (Market: 0, Admin: 0)
23:40:09 | [IDLE] Waiting for next market pulse...
23:40:20 | [36m[STATS][0m --- [CYCLE 301] ---
23:40:20 | [36m[STATS][0m Balance: 97973.15 | Equity: 97966.62 | Active: 4 | Margin: 97757.61 | Util: 0.2%
23:40:20 | [POSITION STATS] Open: 4 | Unrealized: $-6.53 | Daily Loss: $0.00/100.00
23:40:20 | [ANALYSIS] Examining EUR/USD | Time: 01:00 | Bars: 100
23:40:20 | [ANALYSIS] Examining GBP/USD | Time: 01:00 | Bars: 100
23:40:20 | [ANALYSIS] Examining USD/JPY | Time: 01:00 | Bars: 100
23:40:20 | [ANALYSIS] Examining AUD/USD | Time: 01:00 | Bars: 100
23:40:20 | [IDLE] Waiting for next market pulse...
23:40:30 | [36m[STATS][0m --- [CYCLE 302] ---
23:40:30 | [36m[STATS][0m Balance: 97973.15 | Equity: 97966.67 | Active: 4 | Margin: 97757.66 | Util: 0.2%
23:40:30 | [POSITION STATS] Open: 4 | Unrealized: $-6.48 | Daily Loss: $0.00/100.00
23:40:30 | [ANALYSIS] Examining EUR/USD | Time: 01:00 | Bars: 100
23:40:30 | [ANALYSIS] Examining GBP/USD | Time: 01:00 | Bars: 100
23:40:30 | [ANALYSIS] Examining USD/JPY | Time: 01:00 | Bars: 100
23:40:30 | [ANALYSIS] Examining AUD/USD | Time: 01:00 | Bars: 100
23:40:30 | [IDLE] Waiting for next market pulse...
23:40:40 | [36m[STATS][0m --- [CYCLE 303] ---
23:40:40 | [36m[STATS][0m Balance: 97973.15 | Equity: 97966.62 | Active: 4 | Margin: 97757.61 | Util: 0.2%
23:40:40 | [POSITION STATS] Open: 4 | Unrealized: $-6.53 | Daily Loss: $0.00/100.00
23:40:40 | [ANALYSIS] Examining EUR/USD | Time: 01:00 | Bars: 100
23:40:40 | [ANALYSIS] Examining GBP/USD | Time: 01:00 | Bars: 100
23:40:40 | [ANALYSIS] Examining USD/JPY | Time: 01:00 | Bars: 100
23:40:40 | [ANALYSIS] Examining AUD/USD | Time: 01:00 | Bars: 100
23:40:40 | [IDLE] Waiting for next market pulse...
23:40:51 | [36m[STATS][0m --- [CYCLE 304] ---
23:40:51 | [36m[STATS][0m Balance: 97973.15 | Equity: 97966.65 | Active: 4 | Margin: 97757.64 | Util: 0.2%
23:40:51 | [POSITION STATS] Open: 4 | Unrealized: $-6.50 | Daily Loss: $0.00/100.00
23:40:51 | [ANALYSIS] Examining EUR/USD | Time: 01:00 | Bars: 100
23:40:51 | [ANALYSIS] Examining GBP/USD | Time: 01:00 | Bars: 100
23:40:51 | [ANALYSIS] Examining USD/JPY | Time: 01:00 | Bars: 100
23:40:51 | [ANALYSIS] Examining AUD/USD | Time: 01:00 | Bars: 100
23:40:51 | [IDLE] Waiting for next market pulse...
23:41:01 | [36m[STATS][0m --- [CYCLE 305] ---
23:41:01 | [36m[STATS][0m Balance: 97973.15 | Equity: 97966.60 | Active: 4 | Margin: 97757.59 | Util: 0.2%
23:41:01 | [POSITION STATS] Open: 4 | Unrealized: $-6.55 | Daily Loss: $0.00/100.00
23:41:01 | [ANALYSIS] Examining EUR/USD | Time: 01:00 | Bars: 100
23:41:01 | [ANALYSIS] Examining GBP/USD | Time: 01:00 | Bars: 100
23:41:01 | [ANALYSIS] Examining USD/JPY | Time: 01:00 | Bars: 100
23:41:01 | [ANALYSIS] Examining AUD/USD | Time: 01:00 | Bars: 100
23:41:01 | [SUMMARY] Risk: operational | Positions: 4 | Daily Trades: 0/5 | Exits: 0 (Market: 0, Admin: 0)
23:41:01 | [IDLE] Waiting for next market pulse...
23:41:11 | [36m[STATS][0m --- [CYCLE 306] ---
23:41:11 | [36m[STATS][0m Balance: 97973.15 | Equity: 97966.65 | Active: 4 | Margin: 97757.64 | Util: 0.2%
23:41:11 | [POSITION STATS] Open: 4 | Unrealized: $-6.50 | Daily Loss: $0.00/100.00
23:41:11 | [ANALYSIS] Examining EUR/USD | Time: 01:00 | Bars: 100
23:41:11 | [ANALYSIS] Examining GBP/USD | Time: 01:00 | Bars: 100
23:41:11 | [ANALYSIS] Examining USD/JPY | Time: 01:00 | Bars: 100
23:41:11 | [ANALYSIS] Examining AUD/USD | Time: 01:00 | Bars: 100
23:41:11 | [IDLE] Waiting for next market pulse...
23:41:22 | [36m[STATS][0m --- [CYCLE 307] ---
23:41:22 | [36m[STATS][0m Balance: 97973.15 | Equity: 97966.65 | Active: 4 | Margin: 97757.64 | Util: 0.2%
23:41:22 | [POSITION STATS] Open: 4 | Unrealized: $-6.50 | Daily Loss: $0.00/100.00
23:41:22 | [ANALYSIS] Examining EUR/USD | Time: 01:00 | Bars: 100
23:41:22 | [ANALYSIS] Examining GBP/USD | Time: 01:00 | Bars: 100
23:41:22 | [ANALYSIS] Examining USD/JPY | Time: 01:00 | Bars: 100
23:41:22 | [ANALYSIS] Examining AUD/USD | Time: 01:00 | Bars: 100
23:41:22 | [IDLE] Waiting for next market pulse...
23:41:32 | [36m[STATS][0m --- [CYCLE 308] ---
23:41:32 | [36m[STATS][0m Balance: 97973.15 | Equity: 97966.70 | Active: 4 | Margin: 97757.69 | Util: 0.2%
23:41:32 | [POSITION STATS] Open: 4 | Unrealized: $-6.45 | Daily Loss: $0.00/100.00
23:41:32 | [ANALYSIS] Examining EUR/USD | Time: 01:00 | Bars: 100
23:41:32 | [ANALYSIS] Examining GBP/USD | Time: 01:00 | Bars: 100
23:41:32 | [ANALYSIS] Examining USD/JPY | Time: 01:00 | Bars: 100
23:41:32 | [ANALYSIS] Examining AUD/USD | Time: 01:00 | Bars: 100
23:41:32 | [IDLE] Waiting for next market pulse...
23:41:42 | [36m[STATS][0m --- [CYCLE 309] ---
23:41:42 | [36m[STATS][0m Balance: 97973.15 | Equity: 97966.65 | Active: 4 | Margin: 97757.64 | Util: 0.2%
23:41:42 | [POSITION STATS] Open: 4 | Unrealized: $-6.50 | Daily Loss: $0.00/100.00
23:41:42 | [ANALYSIS] Examining EUR/USD | Time: 01:00 | Bars: 100
23:41:42 | [ANALYSIS] Examining GBP/USD | Time: 01:00 | Bars: 100
23:41:42 | [ANALYSIS] Examining USD/JPY | Time: 01:00 | Bars: 100
23:41:42 | [ANALYSIS] Examining AUD/USD | Time: 01:00 | Bars: 100
23:41:42 | [IDLE] Waiting for next market pulse...
23:41:53 | [36m[STATS][0m --- [CYCLE 310] ---
23:41:53 | [36m[STATS][0m Balance: 97973.15 | Equity: 97966.55 | Active: 4 | Margin: 97757.54 | Util: 0.2%
23:41:53 | [POSITION STATS] Open: 4 | Unrealized: $-6.60 | Daily Loss: $0.00/100.00
23:41:53 | [ANALYSIS] Examining EUR/USD | Time: 01:00 | Bars: 100
23:41:53 | [ANALYSIS] Examining GBP/USD | Time: 01:00 | Bars: 100
23:41:53 | [ANALYSIS] Examining USD/JPY | Time: 01:00 | Bars: 100
23:41:53 | [ANALYSIS] Examining AUD/USD | Time: 01:00 | Bars: 100
23:41:53 | [SUMMARY] Risk: operational | Positions: 4 | Daily Trades: 0/5 | Exits: 0 (Market: 0, Admin: 0)
23:41:53 | [IDLE] Waiting for next market pulse...
23:42:03 | [36m[STATS][0m --- [CYCLE 311] ---
23:42:03 | [36m[STATS][0m Balance: 97973.15 | Equity: 97966.66 | Active: 4 | Margin: 97757.65 | Util: 0.2%
23:42:03 | [POSITION STATS] Open: 4 | Unrealized: $-6.49 | Daily Loss: $0.00/100.00
23:42:03 | [ANALYSIS] Examining EUR/USD | Time: 01:00 | Bars: 100
23:42:03 | [ANALYSIS] Examining GBP/USD | Time: 01:00 | Bars: 100
23:42:03 | [ANALYSIS] Examining USD/JPY | Time: 01:00 | Bars: 100
23:42:03 | [ANALYSIS] Examining AUD/USD | Time: 01:00 | Bars: 100
23:42:03 | [IDLE] Waiting for next market pulse...
23:42:13 | [36m[STATS][0m --- [CYCLE 312] ---
23:42:13 | [36m[STATS][0m Balance: 97973.15 | Equity: 97966.71 | Active: 4 | Margin: 97757.70 | Util: 0.2%
23:42:13 | [POSITION STATS] Open: 4 | Unrealized: $-6.44 | Daily Loss: $0.00/100.00
23:42:13 | [ANALYSIS] Examining EUR/USD | Time: 01:00 | Bars: 100
23:42:13 | [ANALYSIS] Examining GBP/USD | Time: 01:00 | Bars: 100
23:42:13 | [ANALYSIS] Examining USD/JPY | Time: 01:00 | Bars: 100
23:42:13 | [ANALYSIS] Examining AUD/USD | Time: 01:00 | Bars: 100
23:42:13 | [IDLE] Waiting for next market pulse...
23:42:24 | [36m[STATS][0m --- [CYCLE 313] ---
23:42:24 | [36m[STATS][0m Balance: 97973.15 | Equity: 97966.43 | Active: 4 | Margin: 97757.42 | Util: 0.2%
23:42:24 | [POSITION STATS] Open: 4 | Unrealized: $-6.72 | Daily Loss: $0.00/100.00
23:42:24 | [ANALYSIS] Examining EUR/USD | Time: 01:00 | Bars: 100
23:42:24 | [ANALYSIS] Examining GBP/USD | Time: 01:00 | Bars: 100
23:42:24 | [ANALYSIS] Examining USD/JPY | Time: 01:00 | Bars: 100
23:42:24 | [ANALYSIS] Examining AUD/USD | Time: 01:00 | Bars: 100
23:42:24 | [IDLE] Waiting for next market pulse...
23:42:34 | [36m[STATS][0m --- [CYCLE 314] ---
23:42:34 | [36m[STATS][0m Balance: 97973.15 | Equity: 97966.46 | Active: 4 | Margin: 97757.45 | Util: 0.2%
23:42:34 | [POSITION STATS] Open: 4 | Unrealized: $-6.69 | Daily Loss: $0.00/100.00
23:42:34 | [ANALYSIS] Examining EUR/USD | Time: 01:00 | Bars: 100
23:42:34 | [ANALYSIS] Examining GBP/USD | Time: 01:00 | Bars: 100
23:42:34 | [ANALYSIS] Examining USD/JPY | Time: 01:00 | Bars: 100
23:42:34 | [ANALYSIS] Examining AUD/USD | Time: 01:00 | Bars: 100
23:42:34 | [IDLE] Waiting for next market pulse...
23:42:44 | [36m[STATS][0m --- [CYCLE 315] ---
23:42:44 | [36m[STATS][0m Balance: 97973.15 | Equity: 97966.63 | Active: 4 | Margin: 97757.62 | Util: 0.2%
23:42:44 | [POSITION STATS] Open: 4 | Unrealized: $-6.52 | Daily Loss: $0.00/100.00
23:42:44 | [ANALYSIS] Examining EUR/USD | Time: 01:00 | Bars: 100
23:42:44 | [ANALYSIS] Examining GBP/USD | Time: 01:00 | Bars: 100
23:42:44 | [ANALYSIS] Examining USD/JPY | Time: 01:00 | Bars: 100
23:42:44 | [ANALYSIS] Examining AUD/USD | Time: 01:00 | Bars: 100
23:42:44 | [SUMMARY] Risk: operational | Positions: 4 | Daily Trades: 0/5 | Exits: 0 (Market: 0, Admin: 0)
23:42:44 | [IDLE] Waiting for next market pulse...
23:42:55 | [36m[STATS][0m --- [CYCLE 316] ---
23:42:55 | [36m[STATS][0m Balance: 97973.15 | Equity: 97966.46 | Active: 4 | Margin: 97757.45 | Util: 0.2%
23:42:55 | [POSITION STATS] Open: 4 | Unrealized: $-6.69 | Daily Loss: $0.00/100.00
23:42:55 | [ANALYSIS] Examining EUR/USD | Time: 01:00 | Bars: 100
23:42:55 | [ANALYSIS] Examining GBP/USD | Time: 01:00 | Bars: 100
23:42:55 | [ANALYSIS] Examining USD/JPY | Time: 01:00 | Bars: 100
23:42:55 | [ANALYSIS] Examining AUD/USD | Time: 01:00 | Bars: 100
23:42:55 | [IDLE] Waiting for next market pulse...
23:43:05 | [36m[STATS][0m --- [CYCLE 317] ---
23:43:05 | [36m[STATS][0m Balance: 97973.15 | Equity: 97966.12 | Active: 4 | Margin: 97757.11 | Util: 0.2%
23:43:05 | [POSITION STATS] Open: 4 | Unrealized: $-7.03 | Daily Loss: $0.00/100.00
23:43:05 | [ANALYSIS] Examining EUR/USD | Time: 01:00 | Bars: 100
23:43:05 | [ANALYSIS] Examining GBP/USD | Time: 01:00 | Bars: 100
23:43:05 | [ANALYSIS] Examining USD/JPY | Time: 01:00 | Bars: 100
23:43:05 | [ANALYSIS] Examining AUD/USD | Time: 01:00 | Bars: 100
23:43:05 | [IDLE] Waiting for next market pulse...
23:43:15 | [36m[STATS][0m --- [CYCLE 318] ---
23:43:15 | [36m[STATS][0m Balance: 97973.15 | Equity: 97965.68 | Active: 4 | Margin: 97756.67 | Util: 0.2%
23:43:15 | [POSITION STATS] Open: 4 | Unrealized: $-7.47 | Daily Loss: $0.00/100.00
23:43:15 | [ANALYSIS] Examining EUR/USD | Time: 01:00 | Bars: 100
23:43:15 | [ANALYSIS] Examining GBP/USD | Time: 01:00 | Bars: 100
23:43:15 | [ANALYSIS] Examining USD/JPY | Time: 01:00 | Bars: 100
23:43:15 | [ANALYSIS] Examining AUD/USD | Time: 01:00 | Bars: 100
23:43:15 | [IDLE] Waiting for next market pulse...
23:43:26 | [36m[STATS][0m --- [CYCLE 319] ---
23:43:26 | [36m[STATS][0m Balance: 97973.15 | Equity: 97965.76 | Active: 4 | Margin: 97756.75 | Util: 0.2%
23:43:26 | [POSITION STATS] Open: 4 | Unrealized: $-7.39 | Daily Loss: $0.00/100.00
23:43:26 | [ANALYSIS] Examining EUR/USD | Time: 01:00 | Bars: 100
23:43:26 | [ANALYSIS] Examining GBP/USD | Time: 01:00 | Bars: 100
23:43:26 | [ANALYSIS] Examining USD/JPY | Time: 01:00 | Bars: 100
23:43:26 | [ANALYSIS] Examining AUD/USD | Time: 01:00 | Bars: 100
23:43:26 | [IDLE] Waiting for next market pulse...
23:43:36 | [36m[STATS][0m --- [CYCLE 320] ---
23:43:36 | [36m[STATS][0m Balance: 97973.15 | Equity: 97965.73 | Active: 4 | Margin: 97756.72 | Util: 0.2%
23:43:36 | [POSITION STATS] Open: 4 | Unrealized: $-7.42 | Daily Loss: $0.00/100.00
23:43:36 | [ANALYSIS] Examining EUR/USD | Time: 01:00 | Bars: 100
23:43:36 | [ANALYSIS] Examining GBP/USD | Time: 01:00 | Bars: 100
23:43:36 | [ANALYSIS] Examining USD/JPY | Time: 01:00 | Bars: 100
23:43:36 | [ANALYSIS] Examining AUD/USD | Time: 01:00 | Bars: 100
23:43:36 | [SUMMARY] Risk: operational | Positions: 4 | Daily Trades: 0/5 | Exits: 0 (Market: 0, Admin: 0)
23:43:36 | [IDLE] Waiting for next market pulse...
23:43:46 | [36m[STATS][0m --- [CYCLE 321] ---
23:43:46 | [36m[STATS][0m Balance: 97973.15 | Equity: 97965.61 | Active: 4 | Margin: 97756.60 | Util: 0.2%
23:43:46 | [POSITION STATS] Open: 4 | Unrealized: $-7.54 | Daily Loss: $0.00/100.00
23:43:46 | [ANALYSIS] Examining EUR/USD | Time: 01:00 | Bars: 100
23:43:46 | [ANALYSIS] Examining GBP/USD | Time: 01:00 | Bars: 100
23:43:46 | [ANALYSIS] Examining USD/JPY | Time: 01:00 | Bars: 100
23:43:46 | [ANALYSIS] Examining AUD/USD | Time: 01:00 | Bars: 100
23:43:46 | [IDLE] Waiting for next market pulse...
23:43:57 | [36m[STATS][0m --- [CYCLE 322] ---
23:43:57 | [36m[STATS][0m Balance: 97973.15 | Equity: 97965.51 | Active: 4 | Margin: 97756.50 | Util: 0.2%
23:43:57 | [POSITION STATS] Open: 4 | Unrealized: $-7.64 | Daily Loss: $0.00/100.00
23:43:57 | [ANALYSIS] Examining EUR/USD | Time: 01:00 | Bars: 100
23:43:57 | [ANALYSIS] Examining GBP/USD | Time: 01:00 | Bars: 100
23:43:57 | [ANALYSIS] Examining USD/JPY | Time: 01:00 | Bars: 100
23:43:57 | [ANALYSIS] Examining AUD/USD | Time: 01:00 | Bars: 100
23:43:57 | [IDLE] Waiting for next market pulse...
23:44:07 | [36m[STATS][0m --- [CYCLE 323] ---
23:44:07 | [36m[STATS][0m Balance: 97973.15 | Equity: 97965.53 | Active: 4 | Margin: 97756.52 | Util: 0.2%
23:44:07 | [POSITION STATS] Open: 4 | Unrealized: $-7.62 | Daily Loss: $0.00/100.00
23:44:07 | [ANALYSIS] Examining EUR/USD | Time: 01:00 | Bars: 100
23:44:07 | [ANALYSIS] Examining GBP/USD | Time: 01:00 | Bars: 100
23:44:07 | [ANALYSIS] Examining USD/JPY | Time: 01:00 | Bars: 100
23:44:07 | [ANALYSIS] Examining AUD/USD | Time: 01:00 | Bars: 100
23:44:07 | [IDLE] Waiting for next market pulse...
23:44:17 | [36m[STATS][0m --- [CYCLE 324] ---
23:44:17 | [36m[STATS][0m Balance: 97973.15 | Equity: 97965.53 | Active: 4 | Margin: 97756.52 | Util: 0.2%
23:44:17 | [POSITION STATS] Open: 4 | Unrealized: $-7.62 | Daily Loss: $0.00/100.00
23:44:17 | [ANALYSIS] Examining EUR/USD | Time: 01:00 | Bars: 100
23:44:17 | [ANALYSIS] Examining GBP/USD | Time: 01:00 | Bars: 100
23:44:17 | [ANALYSIS] Examining USD/JPY | Time: 01:00 | Bars: 100
23:44:17 | [ANALYSIS] Examining AUD/USD | Time: 01:00 | Bars: 100
23:44:17 | [IDLE] Waiting for next market pulse...
23:44:27 | [36m[STATS][0m --- [CYCLE 325] ---
23:44:27 | [36m[STATS][0m Balance: 97973.15 | Equity: 97965.33 | Active: 4 | Margin: 97756.32 | Util: 0.2%
23:44:27 | [POSITION STATS] Open: 4 | Unrealized: $-7.82 | Daily Loss: $0.00/100.00
23:44:28 | [ANALYSIS] Examining EUR/USD | Time: 01:00 | Bars: 100
23:44:28 | [ANALYSIS] Examining GBP/USD | Time: 01:00 | Bars: 100
23:44:28 | [ANALYSIS] Examining USD/JPY | Time: 01:00 | Bars: 100
23:44:28 | [ANALYSIS] Examining AUD/USD | Time: 01:00 | Bars: 100
23:44:28 | [SUMMARY] Risk: operational | Positions: 4 | Daily Trades: 0/5 | Exits: 0 (Market: 0, Admin: 0)
23:44:28 | [IDLE] Waiting for next market pulse...
23:44:38 | [36m[STATS][0m --- [CYCLE 326] ---
23:44:38 | [36m[STATS][0m Balance: 97973.15 | Equity: 97965.38 | Active: 4 | Margin: 97756.37 | Util: 0.2%
23:44:38 | [POSITION STATS] Open: 4 | Unrealized: $-7.77 | Daily Loss: $0.00/100.00
23:44:38 | [ANALYSIS] Examining EUR/USD | Time: 01:00 | Bars: 100
23:44:38 | [ANALYSIS] Examining GBP/USD | Time: 01:00 | Bars: 100
23:44:38 | [ANALYSIS] Examining USD/JPY | Time: 01:00 | Bars: 100
23:44:38 | [ANALYSIS] Examining AUD/USD | Time: 01:00 | Bars: 100
23:44:38 | [IDLE] Waiting for next market pulse...
23:44:48 | [36m[STATS][0m --- [CYCLE 327] ---
23:44:48 | [36m[STATS][0m Balance: 97973.15 | Equity: 97965.34 | Active: 4 | Margin: 97756.33 | Util: 0.2%
23:44:48 | [POSITION STATS] Open: 4 | Unrealized: $-7.81 | Daily Loss: $0.00/100.00
23:44:48 | [ANALYSIS] Examining EUR/USD | Time: 01:00 | Bars: 100
23:44:48 | [ANALYSIS] Examining GBP/USD | Time: 01:00 | Bars: 100
23:44:48 | [ANALYSIS] Examining USD/JPY | Time: 01:00 | Bars: 100
23:44:48 | [ANALYSIS] Examining AUD/USD | Time: 01:00 | Bars: 100
23:44:48 | [IDLE] Waiting for next market pulse...
23:44:59 | [36m[STATS][0m --- [CYCLE 328] ---
23:44:59 | [36m[STATS][0m Balance: 97973.15 | Equity: 97965.15 | Active: 4 | Margin: 97756.14 | Util: 0.2%
23:44:59 | [POSITION STATS] Open: 4 | Unrealized: $-8.00 | Daily Loss: $0.00/100.00
23:44:59 | [ANALYSIS] Examining EUR/USD | Time: 01:00 | Bars: 100
23:44:59 | [ANALYSIS] Examining GBP/USD | Time: 01:00 | Bars: 100
23:44:59 | [ANALYSIS] Examining USD/JPY | Time: 01:00 | Bars: 100
23:44:59 | [ANALYSIS] Examining AUD/USD | Time: 01:00 | Bars: 100
23:44:59 | [IDLE] Waiting for next market pulse...
23:45:09 | [36m[STATS][0m --- [CYCLE 329] ---
23:45:09 | [36m[STATS][0m Balance: 97973.15 | Equity: 97965.26 | Active: 4 | Margin: 97756.25 | Util: 0.2%
23:45:09 | [POSITION STATS] Open: 4 | Unrealized: $-7.89 | Daily Loss: $0.00/100.00
23:45:09 | [ANALYSIS] Examining EUR/USD | Time: 01:00 | Bars: 100
23:45:09 | [ANALYSIS] Examining GBP/USD | Time: 01:00 | Bars: 100
23:45:09 | [ANALYSIS] Examining USD/JPY | Time: 01:00 | Bars: 100
23:45:09 | [ANALYSIS] Examining AUD/USD | Time: 01:00 | Bars: 100
23:45:09 | [IDLE] Waiting for next market pulse...
23:45:19 | [36m[STATS][0m --- [CYCLE 330] ---
23:45:19 | [36m[STATS][0m Balance: 97973.15 | Equity: 97965.59 | Active: 4 | Margin: 97756.58 | Util: 0.2%
23:45:19 | [POSITION STATS] Open: 4 | Unrealized: $-7.56 | Daily Loss: $0.00/100.00
23:45:19 | [ANALYSIS] Examining EUR/USD | Time: 01:00 | Bars: 100
23:45:19 | [ANALYSIS] Examining GBP/USD | Time: 01:00 | Bars: 100
23:45:19 | [ANALYSIS] Examining USD/JPY | Time: 01:00 | Bars: 100
23:45:19 | [ANALYSIS] Examining AUD/USD | Time: 01:00 | Bars: 100
23:45:19 | [SUMMARY] Risk: operational | Positions: 4 | Daily Trades: 0/5 | Exits: 0 (Market: 0, Admin: 0)
23:45:19 | [IDLE] Waiting for next market pulse...
23:45:30 | [36m[STATS][0m --- [CYCLE 331] ---
23:45:30 | [36m[STATS][0m Balance: 97973.15 | Equity: 97965.63 | Active: 4 | Margin: 97756.62 | Util: 0.2%
23:45:30 | [POSITION STATS] Open: 4 | Unrealized: $-7.52 | Daily Loss: $0.00/100.00
23:45:30 | [ANALYSIS] Examining EUR/USD | Time: 01:00 | Bars: 100
23:45:30 | [ANALYSIS] Examining GBP/USD | Time: 01:00 | Bars: 100
23:45:30 | [ANALYSIS] Examining USD/JPY | Time: 01:00 | Bars: 100
23:45:30 | [ANALYSIS] Examining AUD/USD | Time: 01:00 | Bars: 100
23:45:30 | [IDLE] Waiting for next market pulse...
23:45:40 | [36m[STATS][0m --- [CYCLE 332] ---
23:45:40 | [36m[STATS][0m Balance: 97973.15 | Equity: 97965.47 | Active: 4 | Margin: 97756.46 | Util: 0.2%
23:45:40 | [POSITION STATS] Open: 4 | Unrealized: $-7.68 | Daily Loss: $0.00/100.00
23:45:40 | [ANALYSIS] Examining EUR/USD | Time: 01:00 | Bars: 100
23:45:40 | [ANALYSIS] Examining GBP/USD | Time: 01:00 | Bars: 100
23:45:40 | [ANALYSIS] Examining USD/JPY | Time: 01:00 | Bars: 100
23:45:40 | [ANALYSIS] Examining AUD/USD | Time: 01:00 | Bars: 100
23:45:40 | [IDLE] Waiting for next market pulse...
23:45:50 | [36m[STATS][0m --- [CYCLE 333] ---
23:45:50 | [36m[STATS][0m Balance: 97973.15 | Equity: 97965.41 | Active: 4 | Margin: 97756.40 | Util: 0.2%
23:45:50 | [POSITION STATS] Open: 4 | Unrealized: $-7.74 | Daily Loss: $0.00/100.00
23:45:50 | [ANALYSIS] Examining EUR/USD | Time: 01:00 | Bars: 100
23:45:50 | [ANALYSIS] Examining GBP/USD | Time: 01:00 | Bars: 100
23:45:50 | [ANALYSIS] Examining USD/JPY | Time: 01:00 | Bars: 100
23:45:50 | [ANALYSIS] Examining AUD/USD | Time: 01:00 | Bars: 100
23:45:50 | [IDLE] Waiting for next market pulse...
23:46:00 | [36m[STATS][0m --- [CYCLE 334] ---
23:46:00 | [36m[STATS][0m Balance: 97973.15 | Equity: 97965.52 | Active: 4 | Margin: 97756.51 | Util: 0.2%
23:46:00 | [POSITION STATS] Open: 4 | Unrealized: $-7.63 | Daily Loss: $0.00/100.00
23:46:01 | [ANALYSIS] Examining EUR/USD | Time: 01:00 | Bars: 100
23:46:01 | [ANALYSIS] Examining GBP/USD | Time: 01:00 | Bars: 100
23:46:01 | [ANALYSIS] Examining USD/JPY | Time: 01:00 | Bars: 100
23:46:01 | [ANALYSIS] Examining AUD/USD | Time: 01:00 | Bars: 100
23:46:01 | [IDLE] Waiting for next market pulse...
23:46:11 | [36m[STATS][0m --- [CYCLE 335] ---
23:46:11 | [36m[STATS][0m Balance: 97973.15 | Equity: 97965.41 | Active: 4 | Margin: 97756.40 | Util: 0.2%
23:46:11 | [POSITION STATS] Open: 4 | Unrealized: $-7.74 | Daily Loss: $0.00/100.00
23:46:11 | [ANALYSIS] Examining EUR/USD | Time: 01:00 | Bars: 100
23:46:11 | [ANALYSIS] Examining GBP/USD | Time: 01:00 | Bars: 100
23:46:11 | [ANALYSIS] Examining USD/JPY | Time: 01:00 | Bars: 100
23:46:11 | [ANALYSIS] Examining AUD/USD | Time: 01:00 | Bars: 100
23:46:11 | [SUMMARY] Risk: operational | Positions: 4 | Daily Trades: 0/5 | Exits: 0 (Market: 0, Admin: 0)
23:46:11 | [IDLE] Waiting for next market pulse...
23:46:21 | [36m[STATS][0m --- [CYCLE 336] ---
23:46:21 | [36m[STATS][0m Balance: 97973.15 | Equity: 97965.41 | Active: 4 | Margin: 97756.40 | Util: 0.2%
23:46:21 | [POSITION STATS] Open: 4 | Unrealized: $-7.74 | Daily Loss: $0.00/100.00
23:46:21 | [ANALYSIS] Examining EUR/USD | Time: 01:00 | Bars: 100
23:46:21 | [ANALYSIS] Examining GBP/USD | Time: 01:00 | Bars: 100
23:46:21 | [ANALYSIS] Examining USD/JPY | Time: 01:00 | Bars: 100
23:46:21 | [ANALYSIS] Examining AUD/USD | Time: 01:00 | Bars: 100
23:46:21 | [IDLE] Waiting for next market pulse...
23:46:32 | [36m[STATS][0m --- [CYCLE 337] ---
23:46:32 | [36m[STATS][0m Balance: 97973.15 | Equity: 97965.31 | Active: 4 | Margin: 97756.30 | Util: 0.2%
23:46:32 | [POSITION STATS] Open: 4 | Unrealized: $-7.84 | Daily Loss: $0.00/100.00
23:46:32 | [ANALYSIS] Examining EUR/USD | Time: 01:00 | Bars: 100
23:46:32 | [ANALYSIS] Examining GBP/USD | Time: 01:00 | Bars: 100
23:46:32 | [ANALYSIS] Examining USD/JPY | Time: 01:00 | Bars: 100
23:46:32 | [ANALYSIS] Examining AUD/USD | Time: 01:00 | Bars: 100
23:46:32 | [IDLE] Waiting for next market pulse...
23:46:42 | [36m[STATS][0m --- [CYCLE 338] ---
23:46:42 | [36m[STATS][0m Balance: 97973.15 | Equity: 97965.74 | Active: 4 | Margin: 97756.73 | Util: 0.2%
23:46:42 | [POSITION STATS] Open: 4 | Unrealized: $-7.41 | Daily Loss: $0.00/100.00
23:46:42 | [ANALYSIS] Examining EUR/USD | Time: 01:00 | Bars: 100
23:46:42 | [ANALYSIS] Examining GBP/USD | Time: 01:00 | Bars: 100
23:46:42 | [ANALYSIS] Examining USD/JPY | Time: 01:00 | Bars: 100
23:46:42 | [ANALYSIS] Examining AUD/USD | Time: 01:00 | Bars: 100
23:46:42 | [IDLE] Waiting for next market pulse...
23:46:52 | [36m[STATS][0m --- [CYCLE 339] ---
23:46:52 | [36m[STATS][0m Balance: 97973.15 | Equity: 97965.84 | Active: 4 | Margin: 97756.83 | Util: 0.2%
23:46:52 | [POSITION STATS] Open: 4 | Unrealized: $-7.31 | Daily Loss: $0.00/100.00
23:46:52 | [ANALYSIS] Examining EUR/USD | Time: 01:00 | Bars: 100
23:46:52 | [ANALYSIS] Examining GBP/USD | Time: 01:00 | Bars: 100
23:46:52 | [ANALYSIS] Examining USD/JPY | Time: 01:00 | Bars: 100
23:46:52 | [ANALYSIS] Examining AUD/USD | Time: 01:00 | Bars: 100
23:46:52 | [IDLE] Waiting for next market pulse...
23:47:03 | [36m[STATS][0m --- [CYCLE 340] ---
23:47:03 | [36m[STATS][0m Balance: 97973.15 | Equity: 97965.46 | Active: 4 | Margin: 97756.45 | Util: 0.2%
23:47:03 | [POSITION STATS] Open: 4 | Unrealized: $-7.69 | Daily Loss: $0.00/100.00
23:47:03 | [ANALYSIS] Examining EUR/USD | Time: 01:00 | Bars: 100
23:47:03 | [ANALYSIS] Examining GBP/USD | Time: 01:00 | Bars: 100
23:47:03 | [ANALYSIS] Examining USD/JPY | Time: 01:00 | Bars: 100
23:47:03 | [ANALYSIS] Examining AUD/USD | Time: 01:00 | Bars: 100
23:47:03 | [SUMMARY] Risk: operational | Positions: 4 | Daily Trades: 0/5 | Exits: 0 (Market: 0, Admin: 0)
23:47:03 | [IDLE] Waiting for next market pulse...
23:47:13 | [36m[STATS][0m --- [CYCLE 341] ---
23:47:13 | [36m[STATS][0m Balance: 97973.15 | Equity: 97965.51 | Active: 4 | Margin: 97756.50 | Util: 0.2%
23:47:13 | [POSITION STATS] Open: 4 | Unrealized: $-7.64 | Daily Loss: $0.00/100.00
23:47:13 | [ANALYSIS] Examining EUR/USD | Time: 01:00 | Bars: 100
23:47:13 | [ANALYSIS] Examining GBP/USD | Time: 01:00 | Bars: 100
23:47:13 | [ANALYSIS] Examining USD/JPY | Time: 01:00 | Bars: 100
23:47:13 | [ANALYSIS] Examining AUD/USD | Time: 01:00 | Bars: 100
23:47:13 | [IDLE] Waiting for next market pulse...
23:47:23 | [36m[STATS][0m --- [CYCLE 342] ---
23:47:23 | [36m[STATS][0m Balance: 97973.15 | Equity: 97965.41 | Active: 4 | Margin: 97756.40 | Util: 0.2%
23:47:23 | [POSITION STATS] Open: 4 | Unrealized: $-7.74 | Daily Loss: $0.00/100.00
23:47:23 | [ANALYSIS] Examining EUR/USD | Time: 01:00 | Bars: 100
23:47:23 | [ANALYSIS] Examining GBP/USD | Time: 01:00 | Bars: 100
23:47:23 | [ANALYSIS] Examining USD/JPY | Time: 01:00 | Bars: 100
23:47:23 | [ANALYSIS] Examining AUD/USD | Time: 01:00 | Bars: 100
23:47:23 | [IDLE] Waiting for next market pulse...
23:47:34 | [36m[STATS][0m --- [CYCLE 343] ---
23:47:34 | [36m[STATS][0m Balance: 97973.15 | Equity: 97965.51 | Active: 4 | Margin: 97756.50 | Util: 0.2%
23:47:34 | [POSITION STATS] Open: 4 | Unrealized: $-7.64 | Daily Loss: $0.00/100.00
23:47:34 | [ANALYSIS] Examining EUR/USD | Time: 01:00 | Bars: 100
23:47:34 | [ANALYSIS] Examining GBP/USD | Time: 01:00 | Bars: 100
23:47:34 | [ANALYSIS] Examining USD/JPY | Time: 01:00 | Bars: 100
23:47:34 | [ANALYSIS] Examining AUD/USD | Time: 01:00 | Bars: 100
23:47:34 | [IDLE] Waiting for next market pulse...
23:47:44 | [36m[STATS][0m --- [CYCLE 344] ---
23:47:44 | [36m[STATS][0m Balance: 97973.15 | Equity: 97965.64 | Active: 4 | Margin: 97756.63 | Util: 0.2%
23:47:44 | [POSITION STATS] Open: 4 | Unrealized: $-7.51 | Daily Loss: $0.00/100.00
23:47:44 | [ANALYSIS] Examining EUR/USD | Time: 01:00 | Bars: 100
23:47:44 | [ANALYSIS] Examining GBP/USD | Time: 01:00 | Bars: 100
23:47:44 | [ANALYSIS] Examining USD/JPY | Time: 01:00 | Bars: 100
23:47:44 | [ANALYSIS] Examining AUD/USD | Time: 01:00 | Bars: 100
23:47:44 | [IDLE] Waiting for next market pulse...
23:47:54 | [36m[STATS][0m --- [CYCLE 345] ---
23:47:54 | [36m[STATS][0m Balance: 97973.15 | Equity: 97965.72 | Active: 4 | Margin: 97756.71 | Util: 0.2%
23:47:54 | [POSITION STATS] Open: 4 | Unrealized: $-7.43 | Daily Loss: $0.00/100.00
23:47:54 | [ANALYSIS] Examining EUR/USD | Time: 01:00 | Bars: 100
23:47:54 | [ANALYSIS] Examining GBP/USD | Time: 01:00 | Bars: 100
23:47:54 | [ANALYSIS] Examining USD/JPY | Time: 01:00 | Bars: 100
23:47:54 | [ANALYSIS] Examining AUD/USD | Time: 01:00 | Bars: 100
23:47:54 | [SUMMARY] Risk: operational | Positions: 4 | Daily Trades: 0/5 | Exits: 0 (Market: 0, Admin: 0)
23:47:54 | [IDLE] Waiting for next market pulse...
23:48:05 | [36m[STATS][0m --- [CYCLE 346] ---
23:48:05 | [36m[STATS][0m Balance: 97973.15 | Equity: 97965.43 | Active: 4 | Margin: 97756.42 | Util: 0.2%
23:48:05 | [POSITION STATS] Open: 4 | Unrealized: $-7.72 | Daily Loss: $0.00/100.00
23:48:05 | [ANALYSIS] Examining EUR/USD | Time: 01:00 | Bars: 100
23:48:05 | [ANALYSIS] Examining GBP/USD | Time: 01:00 | Bars: 100
23:48:05 | [ANALYSIS] Examining USD/JPY | Time: 01:00 | Bars: 100
23:48:05 | [ANALYSIS] Examining AUD/USD | Time: 01:00 | Bars: 100
23:48:05 | [IDLE] Waiting for next market pulse...
23:48:15 | [36m[STATS][0m --- [CYCLE 347] ---
23:48:15 | [36m[STATS][0m Balance: 97973.15 | Equity: 97965.41 | Active: 4 | Margin: 97756.40 | Util: 0.2%
23:48:15 | [POSITION STATS] Open: 4 | Unrealized: $-7.74 | Daily Loss: $0.00/100.00
23:48:15 | [ANALYSIS] Examining EUR/USD | Time: 01:00 | Bars: 100
23:48:15 | [ANALYSIS] Examining GBP/USD | Time: 01:00 | Bars: 100
23:48:15 | [ANALYSIS] Examining USD/JPY | Time: 01:00 | Bars: 100
23:48:15 | [ANALYSIS] Examining AUD/USD | Time: 01:00 | Bars: 100
23:48:15 | [IDLE] Waiting for next market pulse...
23:48:25 | [36m[STATS][0m --- [CYCLE 348] ---
23:48:25 | [36m[STATS][0m Balance: 97973.15 | Equity: 97965.49 | Active: 4 | Margin: 97756.48 | Util: 0.2%
23:48:25 | [POSITION STATS] Open: 4 | Unrealized: $-7.66 | Daily Loss: $0.00/100.00
23:48:25 | [ANALYSIS] Examining EUR/USD | Time: 01:00 | Bars: 100
23:48:25 | [ANALYSIS] Examining GBP/USD | Time: 01:00 | Bars: 100
23:48:25 | [ANALYSIS] Examining USD/JPY | Time: 01:00 | Bars: 100
23:48:25 | [ANALYSIS] Examining AUD/USD | Time: 01:00 | Bars: 100
23:48:25 | [IDLE] Waiting for next market pulse...
23:48:36 | [36m[STATS][0m --- [CYCLE 349] ---
23:48:36 | [36m[STATS][0m Balance: 97973.15 | Equity: 97965.27 | Active: 4 | Margin: 97756.26 | Util: 0.2%
23:48:36 | [POSITION STATS] Open: 4 | Unrealized: $-7.88 | Daily Loss: $0.00/100.00
23:48:36 | [ANALYSIS] Examining EUR/USD | Time: 01:00 | Bars: 100
23:48:36 | [ANALYSIS] Examining GBP/USD | Time: 01:00 | Bars: 100
23:48:36 | [ANALYSIS] Examining USD/JPY | Time: 01:00 | Bars: 100
23:48:36 | [ANALYSIS] Examining AUD/USD | Time: 01:00 | Bars: 100
23:48:36 | [IDLE] Waiting for next market pulse...
23:48:46 | [36m[STATS][0m --- [CYCLE 350] ---
23:48:46 | [36m[STATS][0m Balance: 97973.15 | Equity: 97965.06 | Active: 4 | Margin: 97756.05 | Util: 0.2%
23:48:46 | [POSITION STATS] Open: 4 | Unrealized: $-8.09 | Daily Loss: $0.00/100.00
23:48:46 | [ANALYSIS] Examining EUR/USD | Time: 01:00 | Bars: 100
23:48:46 | [ANALYSIS] Examining GBP/USD | Time: 01:00 | Bars: 100
23:48:46 | [ANALYSIS] Examining USD/JPY | Time: 01:00 | Bars: 100
23:48:46 | [ANALYSIS] Examining AUD/USD | Time: 01:00 | Bars: 100
23:48:46 | [SUMMARY] Risk: operational | Positions: 4 | Daily Trades: 0/5 | Exits: 0 (Market: 0, Admin: 0)
23:48:46 | [IDLE] Waiting for next market pulse...
23:48:56 | [36m[STATS][0m --- [CYCLE 351] ---
23:48:56 | [36m[STATS][0m Balance: 97973.15 | Equity: 97965.11 | Active: 4 | Margin: 97756.10 | Util: 0.2%
23:48:56 | [POSITION STATS] Open: 4 | Unrealized: $-8.04 | Daily Loss: $0.00/100.00
23:48:56 | [ANALYSIS] Examining EUR/USD | Time: 01:00 | Bars: 100
23:48:56 | [ANALYSIS] Examining GBP/USD | Time: 01:00 | Bars: 100
23:48:56 | [ANALYSIS] Examining USD/JPY | Time: 01:00 | Bars: 100
23:48:56 | [ANALYSIS] Examining AUD/USD | Time: 01:00 | Bars: 100
23:48:56 | [IDLE] Waiting for next market pulse...
23:49:07 | [36m[STATS][0m --- [CYCLE 352] ---
23:49:07 | [36m[STATS][0m Balance: 97973.15 | Equity: 97965.25 | Active: 4 | Margin: 97756.24 | Util: 0.2%
23:49:07 | [POSITION STATS] Open: 4 | Unrealized: $-7.90 | Daily Loss: $0.00/100.00
23:49:07 | [ANALYSIS] Examining EUR/USD | Time: 01:00 | Bars: 100
23:49:07 | [ANALYSIS] Examining GBP/USD | Time: 01:00 | Bars: 100
23:49:07 | [ANALYSIS] Examining USD/JPY | Time: 01:00 | Bars: 100
23:49:07 | [ANALYSIS] Examining AUD/USD | Time: 01:00 | Bars: 100
23:49:07 | [IDLE] Waiting for next market pulse...
23:49:17 | [36m[STATS][0m --- [CYCLE 353] ---
23:49:17 | [36m[STATS][0m Balance: 97973.15 | Equity: 97964.98 | Active: 4 | Margin: 97755.97 | Util: 0.2%
23:49:17 | [POSITION STATS] Open: 4 | Unrealized: $-8.17 | Daily Loss: $0.00/100.00
23:49:17 | [ANALYSIS] Examining EUR/USD | Time: 01:00 | Bars: 100
23:49:17 | [ANALYSIS] Examining GBP/USD | Time: 01:00 | Bars: 100
23:49:17 | [ANALYSIS] Examining USD/JPY | Time: 01:00 | Bars: 100
23:49:17 | [ANALYSIS] Examining AUD/USD | Time: 01:00 | Bars: 100
23:49:17 | [IDLE] Waiting for next market pulse...
23:49:27 | [36m[STATS][0m --- [CYCLE 354] ---
23:49:27 | [36m[STATS][0m Balance: 97973.15 | Equity: 97964.96 | Active: 4 | Margin: 97755.95 | Util: 0.2%
23:49:27 | [POSITION STATS] Open: 4 | Unrealized: $-8.19 | Daily Loss: $0.00/100.00
23:49:27 | [ANALYSIS] Examining EUR/USD | Time: 01:00 | Bars: 100
23:49:27 | [ANALYSIS] Examining GBP/USD | Time: 01:00 | Bars: 100
23:49:27 | [ANALYSIS] Examining USD/JPY | Time: 01:00 | Bars: 100
23:49:27 | [ANALYSIS] Examining AUD/USD | Time: 01:00 | Bars: 100
23:49:27 | [IDLE] Waiting for next market pulse...
23:49:38 | [36m[STATS][0m --- [CYCLE 355] ---
23:49:38 | [36m[STATS][0m Balance: 97973.15 | Equity: 97964.74 | Active: 4 | Margin: 97755.73 | Util: 0.2%
23:49:38 | [POSITION STATS] Open: 4 | Unrealized: $-8.41 | Daily Loss: $0.00/100.00
23:49:38 | [ANALYSIS] Examining EUR/USD | Time: 01:00 | Bars: 100
23:49:38 | [ANALYSIS] Examining GBP/USD | Time: 01:00 | Bars: 100
23:49:38 | [ANALYSIS] Examining USD/JPY | Time: 01:00 | Bars: 100
23:49:38 | [ANALYSIS] Examining AUD/USD | Time: 01:00 | Bars: 100
23:49:38 | [SUMMARY] Risk: operational | Positions: 4 | Daily Trades: 0/5 | Exits: 0 (Market: 0, Admin: 0)
23:49:38 | [IDLE] Waiting for next market pulse...
23:49:48 | [36m[STATS][0m --- [CYCLE 356] ---
23:49:48 | [36m[STATS][0m Balance: 97973.15 | Equity: 97964.74 | Active: 4 | Margin: 97755.73 | Util: 0.2%
23:49:48 | [POSITION STATS] Open: 4 | Unrealized: $-8.41 | Daily Loss: $0.00/100.00
23:49:48 | [ANALYSIS] Examining EUR/USD | Time: 01:00 | Bars: 100
23:49:48 | [ANALYSIS] Examining GBP/USD | Time: 01:00 | Bars: 100
23:49:48 | [ANALYSIS] Examining USD/JPY | Time: 01:00 | Bars: 100
23:49:48 | [ANALYSIS] Examining AUD/USD | Time: 01:00 | Bars: 100
23:49:48 | [IDLE] Waiting for next market pulse...
23:49:58 | [36m[STATS][0m --- [CYCLE 357] ---
23:49:58 | [36m[STATS][0m Balance: 97973.15 | Equity: 97964.72 | Active: 4 | Margin: 97755.71 | Util: 0.2%
23:49:58 | [POSITION STATS] Open: 4 | Unrealized: $-8.43 | Daily Loss: $0.00/100.00
23:49:58 | [ANALYSIS] Examining EUR/USD | Time: 01:00 | Bars: 100
23:49:58 | [ANALYSIS] Examining GBP/USD | Time: 01:00 | Bars: 100
23:49:58 | [ANALYSIS] Examining USD/JPY | Time: 01:00 | Bars: 100
23:49:58 | [ANALYSIS] Examining AUD/USD | Time: 01:00 | Bars: 100
23:49:58 | [IDLE] Waiting for next market pulse...
23:50:09 | [36m[STATS][0m --- [CYCLE 358] ---
23:50:09 | [36m[STATS][0m Balance: 97973.15 | Equity: 97964.79 | Active: 4 | Margin: 97755.78 | Util: 0.2%
23:50:09 | [POSITION STATS] Open: 4 | Unrealized: $-8.36 | Daily Loss: $0.00/100.00
23:50:09 | [ANALYSIS] Examining EUR/USD | Time: 01:00 | Bars: 100
23:50:09 | [ANALYSIS] Examining GBP/USD | Time: 01:00 | Bars: 100
23:50:09 | [ANALYSIS] Examining USD/JPY | Time: 01:00 | Bars: 100
23:50:09 | [ANALYSIS] Examining AUD/USD | Time: 01:00 | Bars: 100
23:50:09 | [IDLE] Waiting for next market pulse...
23:50:19 | [36m[STATS][0m --- [CYCLE 359] ---
23:50:19 | [36m[STATS][0m Balance: 97973.15 | Equity: 97964.99 | Active: 4 | Margin: 97755.98 | Util: 0.2%
23:50:19 | [POSITION STATS] Open: 4 | Unrealized: $-8.16 | Daily Loss: $0.00/100.00
23:50:19 | [ANALYSIS] Examining EUR/USD | Time: 01:00 | Bars: 100
23:50:19 | [ANALYSIS] Examining GBP/USD | Time: 01:00 | Bars: 100
23:50:19 | [ANALYSIS] Examining USD/JPY | Time: 01:00 | Bars: 100
23:50:19 | [ANALYSIS] Examining AUD/USD | Time: 01:00 | Bars: 100
23:50:19 | [IDLE] Waiting for next market pulse...
23:50:29 | [36m[STATS][0m --- [CYCLE 360] ---
23:50:29 | [36m[STATS][0m Balance: 97973.15 | Equity: 97964.94 | Active: 4 | Margin: 97755.93 | Util: 0.2%
23:50:29 | [POSITION STATS] Open: 4 | Unrealized: $-8.21 | Daily Loss: $0.00/100.00
23:50:29 | [ANALYSIS] Examining EUR/USD | Time: 01:00 | Bars: 100
23:50:29 | [ANALYSIS] Examining GBP/USD | Time: 01:00 | Bars: 100
23:50:29 | [ANALYSIS] Examining USD/JPY | Time: 01:00 | Bars: 100
23:50:29 | [ANALYSIS] Examining AUD/USD | Time: 01:00 | Bars: 100
23:50:29 | [SUMMARY] Risk: operational | Positions: 4 | Daily Trades: 0/5 | Exits: 0 (Market: 0, Admin: 0)
23:50:29 | [IDLE] Waiting for next market pulse...
23:50:40 | [36m[STATS][0m --- [CYCLE 361] ---
23:50:40 | [36m[STATS][0m Balance: 97973.15 | Equity: 97964.86 | Active: 4 | Margin: 97755.85 | Util: 0.2%
23:50:40 | [POSITION STATS] Open: 4 | Unrealized: $-8.29 | Daily Loss: $0.00/100.00
23:50:40 | [ANALYSIS] Examining EUR/USD | Time: 01:00 | Bars: 100
23:50:40 | [ANALYSIS] Examining GBP/USD | Time: 01:00 | Bars: 100
23:50:40 | [ANALYSIS] Examining USD/JPY | Time: 01:00 | Bars: 100
23:50:40 | [ANALYSIS] Examining AUD/USD | Time: 01:00 | Bars: 100
23:50:40 | [IDLE] Waiting for next market pulse...
23:50:50 | [36m[STATS][0m --- [CYCLE 362] ---
23:50:50 | [36m[STATS][0m Balance: 97973.15 | Equity: 97964.99 | Active: 4 | Margin: 97755.98 | Util: 0.2%
23:50:50 | [POSITION STATS] Open: 4 | Unrealized: $-8.16 | Daily Loss: $0.00/100.00
23:50:50 | [ANALYSIS] Examining EUR/USD | Time: 01:00 | Bars: 100
23:50:50 | [ANALYSIS] Examining GBP/USD | Time: 01:00 | Bars: 100
23:50:50 | [ANALYSIS] Examining USD/JPY | Time: 01:00 | Bars: 100
23:50:50 | [ANALYSIS] Examining AUD/USD | Time: 01:00 | Bars: 100
23:50:50 | [IDLE] Waiting for next market pulse...
23:51:00 | [36m[STATS][0m --- [CYCLE 363] ---
23:51:00 | [36m[STATS][0m Balance: 97973.15 | Equity: 97964.94 | Active: 4 | Margin: 97755.93 | Util: 0.2%
23:51:00 | [POSITION STATS] Open: 4 | Unrealized: $-8.21 | Daily Loss: $0.00/100.00
23:51:00 | [ANALYSIS] Examining EUR/USD | Time: 01:00 | Bars: 100
23:51:00 | [ANALYSIS] Examining GBP/USD | Time: 01:00 | Bars: 100
23:51:00 | [ANALYSIS] Examining USD/JPY | Time: 01:00 | Bars: 100
23:51:00 | [ANALYSIS] Examining AUD/USD | Time: 01:00 | Bars: 100
23:51:00 | [IDLE] Waiting for next market pulse...
23:51:11 | [36m[STATS][0m --- [CYCLE 364] ---
23:51:11 | [36m[STATS][0m Balance: 97973.15 | Equity: 97965.16 | Active: 4 | Margin: 97756.15 | Util: 0.2%
23:51:11 | [POSITION STATS] Open: 4 | Unrealized: $-7.99 | Daily Loss: $0.00/100.00
23:51:11 | [ANALYSIS] Examining EUR/USD | Time: 01:00 | Bars: 100
23:51:11 | [ANALYSIS] Examining GBP/USD | Time: 01:00 | Bars: 100
23:51:11 | [ANALYSIS] Examining USD/JPY | Time: 01:00 | Bars: 100
23:51:11 | [ANALYSIS] Examining AUD/USD | Time: 01:00 | Bars: 100
23:51:11 | [IDLE] Waiting for next market pulse...
23:51:21 | [36m[STATS][0m --- [CYCLE 365] ---
23:51:21 | [36m[STATS][0m Balance: 97973.15 | Equity: 97965.11 | Active: 4 | Margin: 97756.10 | Util: 0.2%
23:51:21 | [POSITION STATS] Open: 4 | Unrealized: $-8.04 | Daily Loss: $0.00/100.00
23:51:21 | [ANALYSIS] Examining EUR/USD | Time: 01:00 | Bars: 100
23:51:21 | [ANALYSIS] Examining GBP/USD | Time: 01:00 | Bars: 100
23:51:21 | [ANALYSIS] Examining USD/JPY | Time: 01:00 | Bars: 100
23:51:21 | [ANALYSIS] Examining AUD/USD | Time: 01:00 | Bars: 100
23:51:21 | [SUMMARY] Risk: operational | Positions: 4 | Daily Trades: 0/5 | Exits: 0 (Market: 0, Admin: 0)
23:51:21 | [IDLE] Waiting for next market pulse...
23:51:31 | [36m[STATS][0m --- [CYCLE 366] ---
23:51:31 | [36m[STATS][0m Balance: 97973.15 | Equity: 97965.14 | Active: 4 | Margin: 97756.13 | Util: 0.2%
23:51:31 | [POSITION STATS] Open: 4 | Unrealized: $-8.01 | Daily Loss: $0.00/100.00
23:51:31 | [ANALYSIS] Examining EUR/USD | Time: 01:00 | Bars: 100
23:51:31 | [ANALYSIS] Examining GBP/USD | Time: 01:00 | Bars: 100
23:51:31 | [ANALYSIS] Examining USD/JPY | Time: 01:00 | Bars: 100
23:51:31 | [ANALYSIS] Examining AUD/USD | Time: 01:00 | Bars: 100
23:51:31 | [IDLE] Waiting for next market pulse...
23:51:42 | [36m[STATS][0m --- [CYCLE 367] ---
23:51:42 | [36m[STATS][0m Balance: 97973.15 | Equity: 97965.25 | Active: 4 | Margin: 97756.24 | Util: 0.2%
23:51:42 | [POSITION STATS] Open: 4 | Unrealized: $-7.90 | Daily Loss: $0.00/100.00
23:51:42 | [ANALYSIS] Examining EUR/USD | Time: 01:00 | Bars: 100
23:51:42 | [ANALYSIS] Examining GBP/USD | Time: 01:00 | Bars: 100
23:51:42 | [ANALYSIS] Examining USD/JPY | Time: 01:00 | Bars: 100
23:51:42 | [ANALYSIS] Examining AUD/USD | Time: 01:00 | Bars: 100
23:51:42 | [IDLE] Waiting for next market pulse...
23:51:52 | [36m[STATS][0m --- [CYCLE 368] ---
23:51:52 | [36m[STATS][0m Balance: 97973.15 | Equity: 97966.03 | Active: 4 | Margin: 97757.02 | Util: 0.2%
23:51:52 | [POSITION STATS] Open: 4 | Unrealized: $-7.12 | Daily Loss: $0.00/100.00
23:51:52 | [ANALYSIS] Examining EUR/USD | Time: 01:00 | Bars: 100
23:51:52 | [ANALYSIS] Examining GBP/USD | Time: 01:00 | Bars: 100
23:51:52 | [ANALYSIS] Examining USD/JPY | Time: 01:00 | Bars: 100
23:51:52 | [ANALYSIS] Examining AUD/USD | Time: 01:00 | Bars: 100
23:51:52 | [IDLE] Waiting for next market pulse...
23:52:02 | [36m[STATS][0m --- [CYCLE 369] ---
23:52:02 | [36m[STATS][0m Balance: 97973.15 | Equity: 97965.98 | Active: 4 | Margin: 97756.97 | Util: 0.2%
23:52:02 | [POSITION STATS] Open: 4 | Unrealized: $-7.17 | Daily Loss: $0.00/100.00
23:52:02 | [ANALYSIS] Examining EUR/USD | Time: 01:00 | Bars: 100
23:52:02 | [ANALYSIS] Examining GBP/USD | Time: 01:00 | Bars: 100
23:52:02 | [ANALYSIS] Examining USD/JPY | Time: 01:00 | Bars: 100
23:52:02 | [ANALYSIS] Examining AUD/USD | Time: 01:00 | Bars: 100
23:52:02 | [IDLE] Waiting for next market pulse...
23:52:13 | [36m[STATS][0m --- [CYCLE 370] ---
23:52:13 | [36m[STATS][0m Balance: 97973.15 | Equity: 97965.76 | Active: 4 | Margin: 97756.75 | Util: 0.2%
23:52:13 | [POSITION STATS] Open: 4 | Unrealized: $-7.39 | Daily Loss: $0.00/100.00
23:52:13 | [ANALYSIS] Examining EUR/USD | Time: 01:00 | Bars: 100
23:52:13 | [ANALYSIS] Examining GBP/USD | Time: 01:00 | Bars: 100
23:52:13 | [ANALYSIS] Examining USD/JPY | Time: 01:00 | Bars: 100
23:52:13 | [ANALYSIS] Examining AUD/USD | Time: 01:00 | Bars: 100
23:52:13 | [SUMMARY] Risk: operational | Positions: 4 | Daily Trades: 0/5 | Exits: 0 (Market: 0, Admin: 0)
23:52:13 | [IDLE] Waiting for next market pulse...
23:52:23 | [36m[STATS][0m --- [CYCLE 371] ---
23:52:23 | [36m[STATS][0m Balance: 97973.15 | Equity: 97965.52 | Active: 4 | Margin: 97756.51 | Util: 0.2%
23:52:23 | [POSITION STATS] Open: 4 | Unrealized: $-7.63 | Daily Loss: $0.00/100.00
23:52:23 | [ANALYSIS] Examining EUR/USD | Time: 01:00 | Bars: 100
23:52:23 | [ANALYSIS] Examining GBP/USD | Time: 01:00 | Bars: 100
23:52:23 | [ANALYSIS] Examining USD/JPY | Time: 01:00 | Bars: 100
23:52:23 | [ANALYSIS] Examining AUD/USD | Time: 01:00 | Bars: 100
23:52:23 | [IDLE] Waiting for next market pulse...
23:52:33 | [36m[STATS][0m --- [CYCLE 372] ---
23:52:33 | [36m[STATS][0m Balance: 97973.15 | Equity: 97965.72 | Active: 4 | Margin: 97756.71 | Util: 0.2%
23:52:33 | [POSITION STATS] Open: 4 | Unrealized: $-7.43 | Daily Loss: $0.00/100.00
23:52:33 | [ANALYSIS] Examining EUR/USD | Time: 01:00 | Bars: 100
23:52:33 | [ANALYSIS] Examining GBP/USD | Time: 01:00 | Bars: 100
23:52:33 | [ANALYSIS] Examining USD/JPY | Time: 01:00 | Bars: 100
23:52:33 | [ANALYSIS] Examining AUD/USD | Time: 01:00 | Bars: 100
23:52:33 | [IDLE] Waiting for next market pulse...
23:52:44 | [36m[STATS][0m --- [CYCLE 373] ---
23:52:44 | [36m[STATS][0m Balance: 97973.15 | Equity: 97965.61 | Active: 4 | Margin: 97756.60 | Util: 0.2%
23:52:44 | [POSITION STATS] Open: 4 | Unrealized: $-7.54 | Daily Loss: $0.00/100.00
23:52:44 | [ANALYSIS] Examining EUR/USD | Time: 01:00 | Bars: 100
23:52:44 | [ANALYSIS] Examining GBP/USD | Time: 01:00 | Bars: 100
23:52:44 | [ANALYSIS] Examining USD/JPY | Time: 01:00 | Bars: 100
23:52:44 | [ANALYSIS] Examining AUD/USD | Time: 01:00 | Bars: 100
23:52:44 | [IDLE] Waiting for next market pulse...
23:52:54 | [36m[STATS][0m --- [CYCLE 374] ---
23:52:54 | [36m[STATS][0m Balance: 97973.15 | Equity: 97965.72 | Active: 4 | Margin: 97756.71 | Util: 0.2%
23:52:54 | [POSITION STATS] Open: 4 | Unrealized: $-7.43 | Daily Loss: $0.00/100.00
23:52:54 | [ANALYSIS] Examining EUR/USD | Time: 01:00 | Bars: 100
23:52:54 | [ANALYSIS] Examining GBP/USD | Time: 01:00 | Bars: 100
23:52:54 | [ANALYSIS] Examining USD/JPY | Time: 01:00 | Bars: 100
23:52:54 | [ANALYSIS] Examining AUD/USD | Time: 01:00 | Bars: 100
23:52:54 | [IDLE] Waiting for next market pulse...
23:53:04 | [36m[STATS][0m --- [CYCLE 375] ---
23:53:04 | [36m[STATS][0m Balance: 97973.15 | Equity: 97965.69 | Active: 4 | Margin: 97756.68 | Util: 0.2%
23:53:04 | [POSITION STATS] Open: 4 | Unrealized: $-7.46 | Daily Loss: $0.00/100.00
23:53:04 | [ANALYSIS] Examining EUR/USD | Time: 01:00 | Bars: 100
23:53:04 | [ANALYSIS] Examining GBP/USD | Time: 01:00 | Bars: 100
23:53:04 | [ANALYSIS] Examining USD/JPY | Time: 01:00 | Bars: 100
23:53:04 | [ANALYSIS] Examining AUD/USD | Time: 01:00 | Bars: 100
23:53:04 | [SUMMARY] Risk: operational | Positions: 4 | Daily Trades: 0/5 | Exits: 0 (Market: 0, Admin: 0)
23:53:04 | [IDLE] Waiting for next market pulse...
23:53:15 | [36m[STATS][0m --- [CYCLE 376] ---
23:53:15 | [36m[STATS][0m Balance: 97973.15 | Equity: 97965.67 | Active: 4 | Margin: 97756.66 | Util: 0.2%
23:53:15 | [POSITION STATS] Open: 4 | Unrealized: $-7.48 | Daily Loss: $0.00/100.00
23:53:15 | [ANALYSIS] Examining EUR/USD | Time: 01:00 | Bars: 100
23:53:15 | [ANALYSIS] Examining GBP/USD | Time: 01:00 | Bars: 100
23:53:15 | [ANALYSIS] Examining USD/JPY | Time: 01:00 | Bars: 100
23:53:15 | [ANALYSIS] Examining AUD/USD | Time: 01:00 | Bars: 100
23:53:15 | [IDLE] Waiting for next market pulse...
23:53:25 | [36m[STATS][0m --- [CYCLE 377] ---
23:53:25 | [36m[STATS][0m Balance: 97973.15 | Equity: 97965.77 | Active: 4 | Margin: 97756.76 | Util: 0.2%
23:53:25 | [POSITION STATS] Open: 4 | Unrealized: $-7.38 | Daily Loss: $0.00/100.00
23:53:25 | [ANALYSIS] Examining EUR/USD | Time: 01:00 | Bars: 100
23:53:25 | [ANALYSIS] Examining GBP/USD | Time: 01:00 | Bars: 100
23:53:25 | [ANALYSIS] Examining USD/JPY | Time: 01:00 | Bars: 100
23:53:25 | [ANALYSIS] Examining AUD/USD | Time: 01:00 | Bars: 100
23:53:25 | [IDLE] Waiting for next market pulse...
23:53:35 | [36m[STATS][0m --- [CYCLE 378] ---
23:53:35 | [36m[STATS][0m Balance: 97973.15 | Equity: 97965.77 | Active: 4 | Margin: 97756.76 | Util: 0.2%
23:53:35 | [POSITION STATS] Open: 4 | Unrealized: $-7.38 | Daily Loss: $0.00/100.00
23:53:35 | [ANALYSIS] Examining EUR/USD | Time: 01:00 | Bars: 100
23:53:35 | [ANALYSIS] Examining GBP/USD | Time: 01:00 | Bars: 100
23:53:35 | [ANALYSIS] Examining USD/JPY | Time: 01:00 | Bars: 100
23:53:35 | [ANALYSIS] Examining AUD/USD | Time: 01:00 | Bars: 100
23:53:35 | [IDLE] Waiting for next market pulse...
23:53:46 | [36m[STATS][0m --- [CYCLE 379] ---
23:53:46 | [36m[STATS][0m Balance: 97973.15 | Equity: 97965.82 | Active: 4 | Margin: 97756.81 | Util: 0.2%
23:53:46 | [POSITION STATS] Open: 4 | Unrealized: $-7.33 | Daily Loss: $0.00/100.00
23:53:46 | [ANALYSIS] Examining EUR/USD | Time: 01:00 | Bars: 100
23:53:46 | [ANALYSIS] Examining GBP/USD | Time: 01:00 | Bars: 100
23:53:46 | [ANALYSIS] Examining USD/JPY | Time: 01:00 | Bars: 100
23:53:46 | [ANALYSIS] Examining AUD/USD | Time: 01:00 | Bars: 100
23:53:46 | [IDLE] Waiting for next market pulse...
23:53:56 | [36m[STATS][0m --- [CYCLE 380] ---
23:53:56 | [36m[STATS][0m Balance: 97973.15 | Equity: 97965.87 | Active: 4 | Margin: 97756.86 | Util: 0.2%
23:53:56 | [POSITION STATS] Open: 4 | Unrealized: $-7.28 | Daily Loss: $0.00/100.00
23:53:56 | [ANALYSIS] Examining EUR/USD | Time: 01:00 | Bars: 100
23:53:56 | [ANALYSIS] Examining GBP/USD | Time: 01:00 | Bars: 100
23:53:56 | [ANALYSIS] Examining USD/JPY | Time: 01:00 | Bars: 100
23:53:56 | [ANALYSIS] Examining AUD/USD | Time: 01:00 | Bars: 100
23:53:56 | [SUMMARY] Risk: operational | Positions: 4 | Daily Trades: 0/5 | Exits: 0 (Market: 0, Admin: 0)
23:53:56 | [IDLE] Waiting for next market pulse...
23:54:06 | [36m[STATS][0m --- [CYCLE 381] ---
23:54:06 | [36m[STATS][0m Balance: 97973.15 | Equity: 97965.90 | Active: 4 | Margin: 97756.89 | Util: 0.2%
23:54:06 | [POSITION STATS] Open: 4 | Unrealized: $-7.25 | Daily Loss: $0.00/100.00
23:54:06 | [ANALYSIS] Examining EUR/USD | Time: 01:00 | Bars: 100
23:54:06 | [ANALYSIS] Examining GBP/USD | Time: 01:00 | Bars: 100
23:54:06 | [ANALYSIS] Examining USD/JPY | Time: 01:00 | Bars: 100
23:54:06 | [ANALYSIS] Examining AUD/USD | Time: 01:00 | Bars: 100
23:54:06 | [IDLE] Waiting for next market pulse...
23:54:17 | [36m[STATS][0m --- [CYCLE 382] ---
23:54:17 | [36m[STATS][0m Balance: 97973.15 | Equity: 97965.90 | Active: 4 | Margin: 97756.89 | Util: 0.2%
23:54:17 | [POSITION STATS] Open: 4 | Unrealized: $-7.25 | Daily Loss: $0.00/100.00
23:54:17 | [ANALYSIS] Examining EUR/USD | Time: 01:00 | Bars: 100
23:54:17 | [ANALYSIS] Examining GBP/USD | Time: 01:00 | Bars: 100
23:54:17 | [ANALYSIS] Examining USD/JPY | Time: 01:00 | Bars: 100
23:54:17 | [ANALYSIS] Examining AUD/USD | Time: 01:00 | Bars: 100
23:54:17 | [IDLE] Waiting for next market pulse...
23:54:27 | [36m[STATS][0m --- [CYCLE 383] ---
23:54:27 | [36m[STATS][0m Balance: 97973.15 | Equity: 97965.59 | Active: 4 | Margin: 97756.58 | Util: 0.2%
23:54:27 | [POSITION STATS] Open: 4 | Unrealized: $-7.56 | Daily Loss: $0.00/100.00
23:54:27 | [ANALYSIS] Examining EUR/USD | Time: 01:00 | Bars: 100
23:54:27 | [ANALYSIS] Examining GBP/USD | Time: 01:00 | Bars: 100
23:54:27 | [ANALYSIS] Examining USD/JPY | Time: 01:00 | Bars: 100
23:54:27 | [ANALYSIS] Examining AUD/USD | Time: 01:00 | Bars: 100
23:54:27 | [IDLE] Waiting for next market pulse...
23:54:37 | [36m[STATS][0m --- [CYCLE 384] ---
23:54:37 | [36m[STATS][0m Balance: 97973.15 | Equity: 97965.55 | Active: 4 | Margin: 97756.54 | Util: 0.2%
23:54:37 | [POSITION STATS] Open: 4 | Unrealized: $-7.60 | Daily Loss: $0.00/100.00
23:54:37 | [ANALYSIS] Examining EUR/USD | Time: 01:00 | Bars: 100
23:54:37 | [ANALYSIS] Examining GBP/USD | Time: 01:00 | Bars: 100
23:54:37 | [ANALYSIS] Examining USD/JPY | Time: 01:00 | Bars: 100
23:54:37 | [ANALYSIS] Examining AUD/USD | Time: 01:00 | Bars: 100
23:54:37 | [IDLE] Waiting for next market pulse...
23:54:48 | [36m[STATS][0m --- [CYCLE 385] ---
23:54:48 | [36m[STATS][0m Balance: 97973.15 | Equity: 97965.60 | Active: 4 | Margin: 97756.59 | Util: 0.2%
23:54:48 | [POSITION STATS] Open: 4 | Unrealized: $-7.55 | Daily Loss: $0.00/100.00
23:54:48 | [ANALYSIS] Examining EUR/USD | Time: 01:00 | Bars: 100
23:54:48 | [ANALYSIS] Examining GBP/USD | Time: 01:00 | Bars: 100
23:54:48 | [ANALYSIS] Examining USD/JPY | Time: 01:00 | Bars: 100
23:54:48 | [ANALYSIS] Examining AUD/USD | Time: 01:00 | Bars: 100
23:54:48 | [SUMMARY] Risk: operational | Positions: 4 | Daily Trades: 0/5 | Exits: 0 (Market: 0, Admin: 0)
23:54:48 | [IDLE] Waiting for next market pulse...
23:54:58 | [36m[STATS][0m --- [CYCLE 386] ---
23:54:58 | [36m[STATS][0m Balance: 97973.15 | Equity: 97965.54 | Active: 4 | Margin: 97756.53 | Util: 0.2%
23:54:58 | [POSITION STATS] Open: 4 | Unrealized: $-7.61 | Daily Loss: $0.00/100.00
23:54:58 | [ANALYSIS] Examining EUR/USD | Time: 01:00 | Bars: 100
23:54:58 | [ANALYSIS] Examining GBP/USD | Time: 01:00 | Bars: 100
23:54:58 | [ANALYSIS] Examining USD/JPY | Time: 01:00 | Bars: 100
23:54:58 | [ANALYSIS] Examining AUD/USD | Time: 01:00 | Bars: 100
23:54:58 | [IDLE] Waiting for next market pulse...
23:55:08 | [36m[STATS][0m --- [CYCLE 387] ---
23:55:08 | [36m[STATS][0m Balance: 97973.15 | Equity: 97965.49 | Active: 4 | Margin: 97756.48 | Util: 0.2%
23:55:08 | [POSITION STATS] Open: 4 | Unrealized: $-7.66 | Daily Loss: $0.00/100.00
23:55:08 | [ANALYSIS] Examining EUR/USD | Time: 01:00 | Bars: 100
23:55:08 | [ANALYSIS] Examining GBP/USD | Time: 01:00 | Bars: 100
23:55:08 | [ANALYSIS] Examining USD/JPY | Time: 01:00 | Bars: 100
23:55:08 | [ANALYSIS] Examining AUD/USD | Time: 01:00 | Bars: 100
23:55:08 | [IDLE] Waiting for next market pulse...
23:55:19 | [36m[STATS][0m --- [CYCLE 388] ---
23:55:19 | [36m[STATS][0m Balance: 97973.15 | Equity: 97966.26 | Active: 4 | Margin: 97757.25 | Util: 0.2%
23:55:19 | [POSITION STATS] Open: 4 | Unrealized: $-6.89 | Daily Loss: $0.00/100.00
23:55:19 | [ANALYSIS] Examining EUR/USD | Time: 01:00 | Bars: 100
23:55:19 | [ANALYSIS] Examining GBP/USD | Time: 01:00 | Bars: 100
23:55:19 | [ANALYSIS] Examining USD/JPY | Time: 01:00 | Bars: 100
23:55:19 | [ANALYSIS] Examining AUD/USD | Time: 01:00 | Bars: 100
23:55:19 | [IDLE] Waiting for next market pulse...
23:55:29 | [36m[STATS][0m --- [CYCLE 389] ---
23:55:29 | [36m[STATS][0m Balance: 97973.15 | Equity: 97966.27 | Active: 4 | Margin: 97757.26 | Util: 0.2%
23:55:29 | [POSITION STATS] Open: 4 | Unrealized: $-6.88 | Daily Loss: $0.00/100.00
23:55:29 | [ANALYSIS] Examining EUR/USD | Time: 01:00 | Bars: 100
23:55:29 | [ANALYSIS] Examining GBP/USD | Time: 01:00 | Bars: 100
23:55:29 | [ANALYSIS] Examining USD/JPY | Time: 01:00 | Bars: 100
23:55:29 | [ANALYSIS] Examining AUD/USD | Time: 01:00 | Bars: 100
23:55:29 | [IDLE] Waiting for next market pulse...
23:55:39 | [36m[STATS][0m --- [CYCLE 390] ---
23:55:39 | [36m[STATS][0m Balance: 97973.15 | Equity: 97966.18 | Active: 4 | Margin: 97757.17 | Util: 0.2%
23:55:39 | [POSITION STATS] Open: 4 | Unrealized: $-6.97 | Daily Loss: $0.00/100.00
23:55:39 | [ANALYSIS] Examining EUR/USD | Time: 01:00 | Bars: 100
23:55:39 | [ANALYSIS] Examining GBP/USD | Time: 01:00 | Bars: 100
23:55:39 | [ANALYSIS] Examining USD/JPY | Time: 01:00 | Bars: 100
23:55:39 | [ANALYSIS] Examining AUD/USD | Time: 01:00 | Bars: 100
23:55:39 | [SUMMARY] Risk: operational | Positions: 4 | Daily Trades: 0/5 | Exits: 0 (Market: 0, Admin: 0)
23:55:39 | [IDLE] Waiting for next market pulse...
23:55:50 | [36m[STATS][0m --- [CYCLE 391] ---
23:55:50 | [36m[STATS][0m Balance: 97973.15 | Equity: 97966.31 | Active: 4 | Margin: 97757.30 | Util: 0.2%
23:55:50 | [POSITION STATS] Open: 4 | Unrealized: $-6.84 | Daily Loss: $0.00/100.00
23:55:50 | [ANALYSIS] Examining EUR/USD | Time: 01:00 | Bars: 100
23:55:50 | [ANALYSIS] Examining GBP/USD | Time: 01:00 | Bars: 100
23:55:50 | [ANALYSIS] Examining USD/JPY | Time: 01:00 | Bars: 100
23:55:50 | [ANALYSIS] Examining AUD/USD | Time: 01:00 | Bars: 100
23:55:50 | [IDLE] Waiting for next market pulse...
23:56:00 | [36m[STATS][0m --- [CYCLE 392] ---
23:56:00 | [36m[STATS][0m Balance: 97973.15 | Equity: 97966.31 | Active: 4 | Margin: 97757.30 | Util: 0.2%
23:56:00 | [POSITION STATS] Open: 4 | Unrealized: $-6.84 | Daily Loss: $0.00/100.00
23:56:00 | [ANALYSIS] Examining EUR/USD | Time: 01:00 | Bars: 100
23:56:00 | [ANALYSIS] Examining GBP/USD | Time: 01:00 | Bars: 100
23:56:00 | [ANALYSIS] Examining USD/JPY | Time: 01:00 | Bars: 100
23:56:00 | [ANALYSIS] Examining AUD/USD | Time: 01:00 | Bars: 100
23:56:00 | [IDLE] Waiting for next market pulse...
23:56:10 | [36m[STATS][0m --- [CYCLE 393] ---
23:56:10 | [36m[STATS][0m Balance: 97973.15 | Equity: 97966.35 | Active: 4 | Margin: 97757.34 | Util: 0.2%
23:56:10 | [POSITION STATS] Open: 4 | Unrealized: $-6.80 | Daily Loss: $0.00/100.00
23:56:10 | [ANALYSIS] Examining EUR/USD | Time: 01:00 | Bars: 100
23:56:10 | [ANALYSIS] Examining GBP/USD | Time: 01:00 | Bars: 100
23:56:10 | [ANALYSIS] Examining USD/JPY | Time: 01:00 | Bars: 100
23:56:10 | [ANALYSIS] Examining AUD/USD | Time: 01:00 | Bars: 100
23:56:10 | [IDLE] Waiting for next market pulse...
23:56:21 | [36m[STATS][0m --- [CYCLE 394] ---
23:56:21 | [36m[STATS][0m Balance: 97973.15 | Equity: 97966.23 | Active: 4 | Margin: 97757.22 | Util: 0.2%
23:56:21 | [POSITION STATS] Open: 4 | Unrealized: $-6.92 | Daily Loss: $0.00/100.00
23:56:21 | [ANALYSIS] Examining EUR/USD | Time: 01:00 | Bars: 100
23:56:21 | [ANALYSIS] Examining GBP/USD | Time: 01:00 | Bars: 100
23:56:21 | [ANALYSIS] Examining USD/JPY | Time: 01:00 | Bars: 100
23:56:21 | [ANALYSIS] Examining AUD/USD | Time: 01:00 | Bars: 100
23:56:21 | [IDLE] Waiting for next market pulse...
23:56:31 | [36m[STATS][0m --- [CYCLE 395] ---
23:56:31 | [36m[STATS][0m Balance: 97973.15 | Equity: 97966.31 | Active: 4 | Margin: 97757.30 | Util: 0.2%
23:56:31 | [POSITION STATS] Open: 4 | Unrealized: $-6.84 | Daily Loss: $0.00/100.00
23:56:31 | [ANALYSIS] Examining EUR/USD | Time: 01:00 | Bars: 100
23:56:31 | [ANALYSIS] Examining GBP/USD | Time: 01:00 | Bars: 100
23:56:31 | [ANALYSIS] Examining USD/JPY | Time: 01:00 | Bars: 100
23:56:31 | [ANALYSIS] Examining AUD/USD | Time: 01:00 | Bars: 100
23:56:31 | [SUMMARY] Risk: operational | Positions: 4 | Daily Trades: 0/5 | Exits: 0 (Market: 0, Admin: 0)
23:56:31 | [IDLE] Waiting for next market pulse...
23:56:41 | [36m[STATS][0m --- [CYCLE 396] ---
23:56:41 | [36m[STATS][0m Balance: 97973.15 | Equity: 97966.53 | Active: 4 | Margin: 97757.52 | Util: 0.2%
23:56:41 | [POSITION STATS] Open: 4 | Unrealized: $-6.62 | Daily Loss: $0.00/100.00
23:56:41 | [ANALYSIS] Examining EUR/USD | Time: 01:00 | Bars: 100
23:56:41 | [ANALYSIS] Examining GBP/USD | Time: 01:00 | Bars: 100
23:56:41 | [ANALYSIS] Examining USD/JPY | Time: 01:00 | Bars: 100
23:56:41 | [ANALYSIS] Examining AUD/USD | Time: 01:00 | Bars: 100
23:56:41 | [IDLE] Waiting for next market pulse...
23:56:52 | [36m[STATS][0m --- [CYCLE 397] ---
23:56:52 | [36m[STATS][0m Balance: 97973.15 | Equity: 97966.61 | Active: 4 | Margin: 97757.60 | Util: 0.2%
23:56:52 | [POSITION STATS] Open: 4 | Unrealized: $-6.54 | Daily Loss: $0.00/100.00
23:56:52 | [ANALYSIS] Examining EUR/USD | Time: 01:00 | Bars: 100
23:56:52 | [ANALYSIS] Examining GBP/USD | Time: 01:00 | Bars: 100
23:56:52 | [ANALYSIS] Examining USD/JPY | Time: 01:00 | Bars: 100
23:56:52 | [ANALYSIS] Examining AUD/USD | Time: 01:00 | Bars: 100
23:56:52 | [IDLE] Waiting for next market pulse...
23:57:02 | [36m[STATS][0m --- [CYCLE 398] ---
23:57:02 | [36m[STATS][0m Balance: 97973.15 | Equity: 97966.39 | Active: 4 | Margin: 97757.38 | Util: 0.2%
23:57:02 | [POSITION STATS] Open: 4 | Unrealized: $-6.76 | Daily Loss: $0.00/100.00
23:57:02 | [ANALYSIS] Examining EUR/USD | Time: 01:00 | Bars: 100
23:57:02 | [ANALYSIS] Examining GBP/USD | Time: 01:00 | Bars: 100
23:57:02 | [ANALYSIS] Examining USD/JPY | Time: 01:00 | Bars: 100
23:57:02 | [ANALYSIS] Examining AUD/USD | Time: 01:00 | Bars: 100
23:57:02 | [IDLE] Waiting for next market pulse...
23:57:12 | [36m[STATS][0m --- [CYCLE 399] ---
23:57:12 | [36m[STATS][0m Balance: 97973.15 | Equity: 97966.58 | Active: 4 | Margin: 97757.57 | Util: 0.2%
23:57:12 | [POSITION STATS] Open: 4 | Unrealized: $-6.57 | Daily Loss: $0.00/100.00
23:57:12 | [ANALYSIS] Examining EUR/USD | Time: 01:00 | Bars: 100
23:57:12 | [ANALYSIS] Examining GBP/USD | Time: 01:00 | Bars: 100
23:57:12 | [ANALYSIS] Examining USD/JPY | Time: 01:00 | Bars: 100
23:57:12 | [ANALYSIS] Examining AUD/USD | Time: 01:00 | Bars: 100
23:57:12 | [IDLE] Waiting for next market pulse...
23:57:23 | [36m[STATS][0m --- [CYCLE 400] ---
23:57:23 | [36m[STATS][0m Balance: 97973.15 | Equity: 97966.78 | Active: 4 | Margin: 97757.77 | Util: 0.2%
23:57:23 | [POSITION STATS] Open: 4 | Unrealized: $-6.37 | Daily Loss: $0.00/100.00
23:57:23 | [ANALYSIS] Examining EUR/USD | Time: 01:00 | Bars: 100
23:57:23 | [ANALYSIS] Examining GBP/USD | Time: 01:00 | Bars: 100
23:57:23 | [ANALYSIS] Examining USD/JPY | Time: 01:00 | Bars: 100
23:57:23 | [ANALYSIS] Examining AUD/USD | Time: 01:00 | Bars: 100
23:57:23 | [SUMMARY] Risk: operational | Positions: 4 | Daily Trades: 0/5 | Exits: 0 (Market: 0, Admin: 0)
23:57:23 | [IDLE] Waiting for next market pulse...
23:57:33 | [36m[STATS][0m --- [CYCLE 401] ---
23:57:33 | [36m[STATS][0m Balance: 97973.15 | Equity: 97966.66 | Active: 4 | Margin: 97757.65 | Util: 0.2%
23:57:33 | [POSITION STATS] Open: 4 | Unrealized: $-6.49 | Daily Loss: $0.00/100.00
23:57:33 | [ANALYSIS] Examining EUR/USD | Time: 01:00 | Bars: 100
23:57:33 | [ANALYSIS] Examining GBP/USD | Time: 01:00 | Bars: 100
23:57:33 | [ANALYSIS] Examining USD/JPY | Time: 01:00 | Bars: 100
23:57:33 | [ANALYSIS] Examining AUD/USD | Time: 01:00 | Bars: 100
23:57:33 | [IDLE] Waiting for next market pulse...
23:57:43 | [36m[STATS][0m --- [CYCLE 402] ---
23:57:43 | [36m[STATS][0m Balance: 97973.15 | Equity: 97966.58 | Active: 4 | Margin: 97757.57 | Util: 0.2%
23:57:43 | [POSITION STATS] Open: 4 | Unrealized: $-6.57 | Daily Loss: $0.00/100.00
23:57:43 | [ANALYSIS] Examining EUR/USD | Time: 01:00 | Bars: 100
23:57:43 | [ANALYSIS] Examining GBP/USD | Time: 01:00 | Bars: 100
23:57:43 | [ANALYSIS] Examining USD/JPY | Time: 01:00 | Bars: 100
23:57:43 | [ANALYSIS] Examining AUD/USD | Time: 01:00 | Bars: 100
23:57:43 | [IDLE] Waiting for next market pulse...
23:57:54 | [36m[STATS][0m --- [CYCLE 403] ---
23:57:54 | [36m[STATS][0m Balance: 97973.15 | Equity: 97966.78 | Active: 4 | Margin: 97757.77 | Util: 0.2%
23:57:54 | [POSITION STATS] Open: 4 | Unrealized: $-6.37 | Daily Loss: $0.00/100.00
23:57:54 | [ANALYSIS] Examining EUR/USD | Time: 01:00 | Bars: 100
23:57:54 | [ANALYSIS] Examining GBP/USD | Time: 01:00 | Bars: 100
23:57:54 | [ANALYSIS] Examining USD/JPY | Time: 01:00 | Bars: 100
23:57:54 | [ANALYSIS] Examining AUD/USD | Time: 01:00 | Bars: 100
23:57:54 | [IDLE] Waiting for next market pulse...
23:58:04 | [36m[STATS][0m --- [CYCLE 404] ---
23:58:04 | [36m[STATS][0m Balance: 97973.15 | Equity: 97966.78 | Active: 4 | Margin: 97757.77 | Util: 0.2%
23:58:04 | [POSITION STATS] Open: 4 | Unrealized: $-6.37 | Daily Loss: $0.00/100.00
23:58:04 | [ANALYSIS] Examining EUR/USD | Time: 01:00 | Bars: 100
23:58:04 | [ANALYSIS] Examining GBP/USD | Time: 01:00 | Bars: 100
23:58:04 | [ANALYSIS] Examining USD/JPY | Time: 01:00 | Bars: 100
23:58:04 | [ANALYSIS] Examining AUD/USD | Time: 01:00 | Bars: 100
23:58:04 | [IDLE] Waiting for next market pulse...
23:58:14 | [36m[STATS][0m --- [CYCLE 405] ---
23:58:14 | [36m[STATS][0m Balance: 97973.15 | Equity: 97966.53 | Active: 4 | Margin: 97757.52 | Util: 0.2%
23:58:14 | [POSITION STATS] Open: 4 | Unrealized: $-6.62 | Daily Loss: $0.00/100.00
23:58:14 | [ANALYSIS] Examining EUR/USD | Time: 01:00 | Bars: 100
23:58:14 | [ANALYSIS] Examining GBP/USD | Time: 01:00 | Bars: 100
23:58:14 | [ANALYSIS] Examining USD/JPY | Time: 01:00 | Bars: 100
23:58:14 | [ANALYSIS] Examining AUD/USD | Time: 01:00 | Bars: 100
23:58:14 | [SUMMARY] Risk: operational | Positions: 4 | Daily Trades: 0/5 | Exits: 0 (Market: 0, Admin: 0)
23:58:14 | [IDLE] Waiting for next market pulse...
23:58:25 | [36m[STATS][0m --- [CYCLE 406] ---
23:58:25 | [36m[STATS][0m Balance: 97973.15 | Equity: 97966.92 | Active: 4 | Margin: 97757.91 | Util: 0.2%
23:58:25 | [POSITION STATS] Open: 4 | Unrealized: $-6.23 | Daily Loss: $0.00/100.00
23:58:25 | [ANALYSIS] Examining EUR/USD | Time: 01:00 | Bars: 100
23:58:25 | [ANALYSIS] Examining GBP/USD | Time: 01:00 | Bars: 100
23:58:25 | [ANALYSIS] Examining USD/JPY | Time: 01:00 | Bars: 100
23:58:25 | [ANALYSIS] Examining AUD/USD | Time: 01:00 | Bars: 100
23:58:25 | [IDLE] Waiting for next market pulse...
23:58:35 | [36m[STATS][0m --- [CYCLE 407] ---
23:58:35 | [36m[STATS][0m Balance: 97973.15 | Equity: 97966.59 | Active: 4 | Margin: 97757.58 | Util: 0.2%
23:58:35 | [POSITION STATS] Open: 4 | Unrealized: $-6.56 | Daily Loss: $0.00/100.00
23:58:35 | [ANALYSIS] Examining EUR/USD | Time: 01:00 | Bars: 100
23:58:35 | [ANALYSIS] Examining GBP/USD | Time: 01:00 | Bars: 100
23:58:35 | [ANALYSIS] Examining USD/JPY | Time: 01:00 | Bars: 100
23:58:35 | [ANALYSIS] Examining AUD/USD | Time: 01:00 | Bars: 100
23:58:35 | [IDLE] Waiting for next market pulse...
23:58:45 | [36m[STATS][0m --- [CYCLE 408] ---
23:58:45 | [36m[STATS][0m Balance: 97973.15 | Equity: 97966.36 | Active: 4 | Margin: 97757.35 | Util: 0.2%
23:58:45 | [POSITION STATS] Open: 4 | Unrealized: $-6.79 | Daily Loss: $0.00/100.00
23:58:45 | [ANALYSIS] Examining EUR/USD | Time: 01:00 | Bars: 100
23:58:45 | [ANALYSIS] Examining GBP/USD | Time: 01:00 | Bars: 100
23:58:45 | [ANALYSIS] Examining USD/JPY | Time: 01:00 | Bars: 100
23:58:45 | [ANALYSIS] Examining AUD/USD | Time: 01:00 | Bars: 100
23:58:45 | [IDLE] Waiting for next market pulse...
23:58:56 | [36m[STATS][0m --- [CYCLE 409] ---
23:58:56 | [36m[STATS][0m Balance: 97973.15 | Equity: 97966.37 | Active: 4 | Margin: 97757.36 | Util: 0.2%
23:58:56 | [POSITION STATS] Open: 4 | Unrealized: $-6.78 | Daily Loss: $0.00/100.00
23:58:56 | [ANALYSIS] Examining EUR/USD | Time: 01:00 | Bars: 100
23:58:56 | [ANALYSIS] Examining GBP/USD | Time: 01:00 | Bars: 100
23:58:56 | [ANALYSIS] Examining USD/JPY | Time: 01:00 | Bars: 100
23:58:56 | [ANALYSIS] Examining AUD/USD | Time: 01:00 | Bars: 100
23:58:56 | [IDLE] Waiting for next market pulse...
23:59:06 | [36m[STATS][0m --- [CYCLE 410] ---
23:59:06 | [36m[STATS][0m Balance: 97973.15 | Equity: 97966.40 | Active: 4 | Margin: 97757.39 | Util: 0.2%
23:59:06 | [POSITION STATS] Open: 4 | Unrealized: $-6.75 | Daily Loss: $0.00/100.00
23:59:06 | [ANALYSIS] Examining EUR/USD | Time: 01:00 | Bars: 100
23:59:06 | [ANALYSIS] Examining GBP/USD | Time: 01:00 | Bars: 100
23:59:06 | [ANALYSIS] Examining USD/JPY | Time: 01:00 | Bars: 100
23:59:06 | [ANALYSIS] Examining AUD/USD | Time: 01:00 | Bars: 100
23:59:06 | [SUMMARY] Risk: operational | Positions: 4 | Daily Trades: 0/5 | Exits: 0 (Market: 0, Admin: 0)
23:59:06 | [IDLE] Waiting for next market pulse...
23:59:16 | [36m[STATS][0m --- [CYCLE 411] ---
23:59:16 | [36m[STATS][0m Balance: 97973.15 | Equity: 97966.44 | Active: 4 | Margin: 97757.43 | Util: 0.2%
23:59:16 | [POSITION STATS] Open: 4 | Unrealized: $-6.71 | Daily Loss: $0.00/100.00
23:59:16 | [ANALYSIS] Examining EUR/USD | Time: 01:00 | Bars: 100
23:59:16 | [ANALYSIS] Examining GBP/USD | Time: 01:00 | Bars: 100
23:59:16 | [ANALYSIS] Examining USD/JPY | Time: 01:00 | Bars: 100
23:59:16 | [ANALYSIS] Examining AUD/USD | Time: 01:00 | Bars: 100
23:59:16 | [IDLE] Waiting for next market pulse...
23:59:27 | [36m[STATS][0m --- [CYCLE 412] ---
23:59:27 | [36m[STATS][0m Balance: 97973.15 | Equity: 97966.44 | Active: 4 | Margin: 97757.43 | Util: 0.2%
23:59:27 | [POSITION STATS] Open: 4 | Unrealized: $-6.71 | Daily Loss: $0.00/100.00
23:59:27 | [ANALYSIS] Examining EUR/USD | Time: 01:00 | Bars: 100
23:59:27 | [ANALYSIS] Examining GBP/USD | Time: 01:00 | Bars: 100
23:59:27 | [ANALYSIS] Examining USD/JPY | Time: 01:00 | Bars: 100
23:59:27 | [ANALYSIS] Examining AUD/USD | Time: 01:00 | Bars: 100
23:59:27 | [IDLE] Waiting for next market pulse...
23:59:37 | [36m[STATS][0m --- [CYCLE 413] ---
23:59:37 | [36m[STATS][0m Balance: 97973.15 | Equity: 97966.54 | Active: 4 | Margin: 97757.53 | Util: 0.2%
23:59:37 | [POSITION STATS] Open: 4 | Unrealized: $-6.61 | Daily Loss: $0.00/100.00
23:59:37 | [ANALYSIS] Examining EUR/USD | Time: 01:00 | Bars: 100
23:59:37 | [ANALYSIS] Examining GBP/USD | Time: 01:00 | Bars: 100
23:59:37 | [ANALYSIS] Examining USD/JPY | Time: 01:00 | Bars: 100
23:59:37 | [ANALYSIS] Examining AUD/USD | Time: 01:00 | Bars: 100
23:59:37 | [IDLE] Waiting for next market pulse...
23:59:47 | [36m[STATS][0m --- [CYCLE 414] ---
23:59:47 | [36m[STATS][0m Balance: 97973.15 | Equity: 97966.51 | Active: 4 | Margin: 97757.50 | Util: 0.2%
23:59:47 | [POSITION STATS] Open: 4 | Unrealized: $-6.64 | Daily Loss: $0.00/100.00
23:59:47 | [ANALYSIS] Examining EUR/USD | Time: 01:00 | Bars: 100
23:59:47 | [ANALYSIS] Examining GBP/USD | Time: 01:00 | Bars: 100
23:59:47 | [ANALYSIS] Examining USD/JPY | Time: 01:00 | Bars: 100
23:59:47 | [ANALYSIS] Examining AUD/USD | Time: 01:00 | Bars: 100
23:59:47 | [IDLE] Waiting for next market pulse...
23:59:58 | [36m[STATS][0m --- [CYCLE 415] ---
23:59:58 | [36m[STATS][0m Balance: 97973.15 | Equity: 97966.85 | Active: 4 | Margin: 97757.84 | Util: 0.2%
23:59:58 | [POSITION STATS] Open: 4 | Unrealized: $-6.30 | Daily Loss: $0.00/100.00
23:59:58 | [ANALYSIS] Examining EUR/USD | Time: 01:00 | Bars: 100
23:59:58 | [ANALYSIS] Examining GBP/USD | Time: 01:00 | Bars: 100
23:59:58 | [ANALYSIS] Examining USD/JPY | Time: 01:00 | Bars: 100
23:59:58 | [ANALYSIS] Examining AUD/USD | Time: 01:00 | Bars: 100
23:59:58 | [SUMMARY] Risk: operational | Positions: 4 | Daily Trades: 0/5 | Exits: 0 (Market: 0, Admin: 0)
23:59:58 | [IDLE] Waiting for next market pulse...
00:00:08 | [36m[STATS][0m --- [CYCLE 416] ---
00:00:08 | [36m[STATS][0m Balance: 97973.15 | Equity: 97966.79 | Active: 4 | Margin: 97757.78 | Util: 0.2%
00:00:08 | [POSITION STATS] Open: 4 | Unrealized: $-6.36 | Daily Loss: $0.00/100.00
00:00:08 | Daily loss counter reset
00:00:08 | [ANALYSIS] Examining EUR/USD | Time: 02:00 | Bars: 100
00:00:08 | [ANALYSIS] Examining GBP/USD | Time: 02:00 | Bars: 100
00:00:08 | [ANALYSIS] Examining USD/JPY | Time: 02:00 | Bars: 100
00:00:08 | [ANALYSIS] Examining AUD/USD | Time: 02:00 | Bars: 100
00:00:08 | [IDLE] Waiting for next market pulse...
00:00:18 | [36m[STATS][0m --- [CYCLE 417] ---
00:00:18 | [36m[STATS][0m Balance: 97973.15 | Equity: 97965.46 | Active: 4 | Margin: 97756.45 | Util: 0.2%
00:00:18 | [POSITION STATS] Open: 4 | Unrealized: $-7.69 | Daily Loss: $0.00/100.00
00:00:18 | [ANALYSIS] Examining EUR/USD | Time: 02:00 | Bars: 100
00:00:18 | [ANALYSIS] Examining GBP/USD | Time: 02:00 | Bars: 100
00:00:18 | [ANALYSIS] Examining USD/JPY | Time: 02:00 | Bars: 100
00:00:18 | [ANALYSIS] Examining AUD/USD | Time: 02:00 | Bars: 100
00:00:18 | [IDLE] Waiting for next market pulse...
00:00:29 | [36m[STATS][0m --- [CYCLE 418] ---
00:00:29 | [36m[STATS][0m Balance: 97973.15 | Equity: 97965.59 | Active: 4 | Margin: 97756.58 | Util: 0.2%
00:00:29 | [POSITION STATS] Open: 4 | Unrealized: $-7.56 | Daily Loss: $0.00/100.00
00:00:29 | [ANALYSIS] Examining EUR/USD | Time: 02:00 | Bars: 100
00:00:29 | [ANALYSIS] Examining GBP/USD | Time: 02:00 | Bars: 100
00:00:29 | [ANALYSIS] Examining USD/JPY | Time: 02:00 | Bars: 100
00:00:29 | [ANALYSIS] Examining AUD/USD | Time: 02:00 | Bars: 100
00:00:29 | [IDLE] Waiting for next market pulse...
00:00:39 | [36m[STATS][0m --- [CYCLE 419] ---
00:00:39 | [36m[STATS][0m Balance: 97973.15 | Equity: 97965.46 | Active: 4 | Margin: 97756.45 | Util: 0.2%
00:00:39 | [POSITION STATS] Open: 4 | Unrealized: $-7.69 | Daily Loss: $0.00/100.00
00:00:39 | [ANALYSIS] Examining EUR/USD | Time: 02:00 | Bars: 100
00:00:39 | [ANALYSIS] Examining GBP/USD | Time: 02:00 | Bars: 100
00:00:39 | [ANALYSIS] Examining USD/JPY | Time: 02:00 | Bars: 100
00:00:39 | [ANALYSIS] Examining AUD/USD | Time: 02:00 | Bars: 100
00:00:39 | [IDLE] Waiting for next market pulse...
00:00:49 | [36m[STATS][0m --- [CYCLE 420] ---
00:00:49 | [36m[STATS][0m Balance: 97973.15 | Equity: 97964.91 | Active: 4 | Margin: 97755.90 | Util: 0.2%
00:00:49 | [POSITION STATS] Open: 4 | Unrealized: $-8.24 | Daily Loss: $0.00/100.00
00:00:49 | [ANALYSIS] Examining EUR/USD | Time: 02:00 | Bars: 100
00:00:49 | [ANALYSIS] Examining GBP/USD | Time: 02:00 | Bars: 100
00:00:49 | [ANALYSIS] Examining USD/JPY | Time: 02:00 | Bars: 100
00:00:49 | [ANALYSIS] Examining AUD/USD | Time: 02:00 | Bars: 100
00:00:49 | [SUMMARY] Risk: operational | Positions: 4 | Daily Trades: 0/5 | Exits: 0 (Market: 0, Admin: 0)
00:00:49 | [IDLE] Waiting for next market pulse...
00:01:00 | [36m[STATS][0m --- [CYCLE 421] ---
00:01:00 | [36m[STATS][0m Balance: 97973.15 | Equity: 97965.58 | Active: 4 | Margin: 97756.57 | Util: 0.2%
00:01:00 | [POSITION STATS] Open: 4 | Unrealized: $-7.57 | Daily Loss: $0.00/100.00
00:01:00 | [ANALYSIS] Examining EUR/USD | Time: 02:00 | Bars: 100
00:01:00 | [ANALYSIS] Examining GBP/USD | Time: 02:00 | Bars: 100
00:01:00 | [ANALYSIS] Examining USD/JPY | Time: 02:00 | Bars: 100
00:01:00 | [ANALYSIS] Examining AUD/USD | Time: 02:00 | Bars: 100
00:01:00 | [IDLE] Waiting for next market pulse...
00:01:10 | [36m[STATS][0m --- [CYCLE 422] ---
00:01:10 | [36m[STATS][0m Balance: 97973.15 | Equity: 97964.88 | Active: 4 | Margin: 97755.87 | Util: 0.2%
00:01:10 | [POSITION STATS] Open: 4 | Unrealized: $-8.27 | Daily Loss: $0.00/100.00
00:01:10 | [ANALYSIS] Examining EUR/USD | Time: 02:00 | Bars: 100
00:01:10 | [ANALYSIS] Examining GBP/USD | Time: 02:00 | Bars: 100
00:01:10 | [ANALYSIS] Examining USD/JPY | Time: 02:00 | Bars: 100
00:01:10 | [ANALYSIS] Examining AUD/USD | Time: 02:00 | Bars: 100
00:01:10 | [IDLE] Waiting for next market pulse...
00:01:20 | [36m[STATS][0m --- [CYCLE 423] ---
00:01:20 | [36m[STATS][0m Balance: 97973.15 | Equity: 97964.58 | Active: 4 | Margin: 97755.57 | Util: 0.2%
00:01:20 | [POSITION STATS] Open: 4 | Unrealized: $-8.57 | Daily Loss: $0.00/100.00
00:01:20 | [ANALYSIS] Examining EUR/USD | Time: 02:00 | Bars: 100
00:01:20 | [ANALYSIS] Examining GBP/USD | Time: 02:00 | Bars: 100
00:01:20 | [ANALYSIS] Examining USD/JPY | Time: 02:00 | Bars: 100
00:01:20 | [ANALYSIS] Examining AUD/USD | Time: 02:00 | Bars: 100
00:01:20 | [IDLE] Waiting for next market pulse...
00:01:31 | [36m[STATS][0m --- [CYCLE 424] ---
00:01:31 | [36m[STATS][0m Balance: 97973.15 | Equity: 97964.28 | Active: 4 | Margin: 97755.27 | Util: 0.2%
00:01:31 | [POSITION STATS] Open: 4 | Unrealized: $-8.87 | Daily Loss: $0.00/100.00
00:01:31 | [ANALYSIS] Examining EUR/USD | Time: 02:00 | Bars: 100
00:01:31 | [ANALYSIS] Examining GBP/USD | Time: 02:00 | Bars: 100
00:01:31 | [ANALYSIS] Examining USD/JPY | Time: 02:00 | Bars: 100
00:01:31 | [ANALYSIS] Examining AUD/USD | Time: 02:00 | Bars: 100
00:01:31 | [IDLE] Waiting for next market pulse...
00:01:41 | [36m[STATS][0m --- [CYCLE 425] ---
00:01:41 | [36m[STATS][0m Balance: 97973.15 | Equity: 97964.81 | Active: 4 | Margin: 97755.80 | Util: 0.2%
00:01:41 | [POSITION STATS] Open: 4 | Unrealized: $-8.34 | Daily Loss: $0.00/100.00
00:01:41 | [ANALYSIS] Examining EUR/USD | Time: 02:00 | Bars: 100
00:01:41 | [ANALYSIS] Examining GBP/USD | Time: 02:00 | Bars: 100
00:01:41 | [ANALYSIS] Examining USD/JPY | Time: 02:00 | Bars: 100
00:01:41 | [ANALYSIS] Examining AUD/USD | Time: 02:00 | Bars: 100
00:01:41 | [SUMMARY] Risk: operational | Positions: 4 | Daily Trades: 0/5 | Exits: 0 (Market: 0, Admin: 0)
00:01:41 | [IDLE] Waiting for next market pulse...
00:01:51 | [36m[STATS][0m --- [CYCLE 426] ---
00:01:51 | [36m[STATS][0m Balance: 97973.15 | Equity: 97964.84 | Active: 4 | Margin: 97755.83 | Util: 0.2%
00:01:51 | [POSITION STATS] Open: 4 | Unrealized: $-8.31 | Daily Loss: $0.00/100.00
00:01:51 | [ANALYSIS] Examining EUR/USD | Time: 02:00 | Bars: 100
00:01:51 | [ANALYSIS] Examining GBP/USD | Time: 02:00 | Bars: 100
00:01:51 | [ANALYSIS] Examining USD/JPY | Time: 02:00 | Bars: 100
00:01:51 | [ANALYSIS] Examining AUD/USD | Time: 02:00 | Bars: 100
00:01:51 | [IDLE] Waiting for next market pulse...
00:02:02 | [36m[STATS][0m --- [CYCLE 427] ---
00:02:02 | [36m[STATS][0m Balance: 97973.15 | Equity: 97965.01 | Active: 4 | Margin: 97756.00 | Util: 0.2%
00:02:02 | [POSITION STATS] Open: 4 | Unrealized: $-8.14 | Daily Loss: $0.00/100.00
00:02:02 | [ANALYSIS] Examining EUR/USD | Time: 02:00 | Bars: 100
00:02:02 | [ANALYSIS] Examining GBP/USD | Time: 02:00 | Bars: 100
00:02:02 | [ANALYSIS] Examining USD/JPY | Time: 02:00 | Bars: 100
00:02:02 | [ANALYSIS] Examining AUD/USD | Time: 02:00 | Bars: 100
00:02:02 | [IDLE] Waiting for next market pulse...
00:02:12 | [36m[STATS][0m --- [CYCLE 428] ---
00:02:12 | [36m[STATS][0m Balance: 97973.15 | Equity: 97965.13 | Active: 4 | Margin: 97756.12 | Util: 0.2%
00:02:12 | [POSITION STATS] Open: 4 | Unrealized: $-8.02 | Daily Loss: $0.00/100.00
00:02:12 | [ANALYSIS] Examining EUR/USD | Time: 02:00 | Bars: 100
00:02:12 | [ANALYSIS] Examining GBP/USD | Time: 02:00 | Bars: 100
00:02:12 | [ANALYSIS] Examining USD/JPY | Time: 02:00 | Bars: 100
00:02:12 | [ANALYSIS] Examining AUD/USD | Time: 02:00 | Bars: 100
00:02:12 | [IDLE] Waiting for next market pulse...
00:02:22 | [36m[STATS][0m --- [CYCLE 429] ---
00:02:22 | [36m[STATS][0m Balance: 97973.15 | Equity: 97965.16 | Active: 4 | Margin: 97756.15 | Util: 0.2%
00:02:22 | [POSITION STATS] Open: 4 | Unrealized: $-7.99 | Daily Loss: $0.00/100.00
00:02:22 | [ANALYSIS] Examining EUR/USD | Time: 02:00 | Bars: 100
00:02:22 | [ANALYSIS] Examining GBP/USD | Time: 02:00 | Bars: 100
00:02:22 | [ANALYSIS] Examining USD/JPY | Time: 02:00 | Bars: 100
00:02:22 | [ANALYSIS] Examining AUD/USD | Time: 02:00 | Bars: 100
00:02:22 | [IDLE] Waiting for next market pulse...
00:02:33 | [36m[STATS][0m --- [CYCLE 430] ---
00:02:33 | [36m[STATS][0m Balance: 97973.15 | Equity: 97965.70 | Active: 4 | Margin: 97756.69 | Util: 0.2%
00:02:33 | [POSITION STATS] Open: 4 | Unrealized: $-7.45 | Daily Loss: $0.00/100.00
00:02:33 | [ANALYSIS] Examining EUR/USD | Time: 02:00 | Bars: 100
00:02:33 | [ANALYSIS] Examining GBP/USD | Time: 02:00 | Bars: 100
00:02:33 | [ANALYSIS] Examining USD/JPY | Time: 02:00 | Bars: 100
00:02:33 | [ANALYSIS] Examining AUD/USD | Time: 02:00 | Bars: 100
00:02:33 | [SUMMARY] Risk: operational | Positions: 4 | Daily Trades: 0/5 | Exits: 0 (Market: 0, Admin: 0)
00:02:33 | [IDLE] Waiting for next market pulse...
00:02:43 | [36m[STATS][0m --- [CYCLE 431] ---
00:02:43 | [36m[STATS][0m Balance: 97973.15 | Equity: 97965.52 | Active: 4 | Margin: 97756.51 | Util: 0.2%
00:02:43 | [POSITION STATS] Open: 4 | Unrealized: $-7.63 | Daily Loss: $0.00/100.00
00:02:43 | [ANALYSIS] Examining EUR/USD | Time: 02:00 | Bars: 100
00:02:43 | [ANALYSIS] Examining GBP/USD | Time: 02:00 | Bars: 100
00:02:43 | [ANALYSIS] Examining USD/JPY | Time: 02:00 | Bars: 100
00:02:43 | [ANALYSIS] Examining AUD/USD | Time: 02:00 | Bars: 100
00:02:43 | [IDLE] Waiting for next market pulse...
00:02:53 | [36m[STATS][0m --- [CYCLE 432] ---
00:02:53 | [36m[STATS][0m Balance: 97973.15 | Equity: 97965.59 | Active: 4 | Margin: 97756.58 | Util: 0.2%
00:02:53 | [POSITION STATS] Open: 4 | Unrealized: $-7.56 | Daily Loss: $0.00/100.00
00:02:53 | [ANALYSIS] Examining EUR/USD | Time: 02:00 | Bars: 100
00:02:53 | [ANALYSIS] Examining GBP/USD | Time: 02:00 | Bars: 100
00:02:53 | [ANALYSIS] Examining USD/JPY | Time: 02:00 | Bars: 100
00:02:53 | [ANALYSIS] Examining AUD/USD | Time: 02:00 | Bars: 100
00:02:53 | [IDLE] Waiting for next market pulse...
00:03:04 | [36m[STATS][0m --- [CYCLE 433] ---
00:03:04 | [36m[STATS][0m Balance: 97973.15 | Equity: 97965.28 | Active: 4 | Margin: 97756.27 | Util: 0.2%
00:03:04 | [POSITION STATS] Open: 4 | Unrealized: $-7.87 | Daily Loss: $0.00/100.00
00:03:04 | [ANALYSIS] Examining EUR/USD | Time: 02:00 | Bars: 100
00:03:04 | [ANALYSIS] Examining GBP/USD | Time: 02:00 | Bars: 100
00:03:04 | [ANALYSIS] Examining USD/JPY | Time: 02:00 | Bars: 100
00:03:04 | [ANALYSIS] Examining AUD/USD | Time: 02:00 | Bars: 100
00:03:04 | [IDLE] Waiting for next market pulse...
00:03:14 | [36m[STATS][0m --- [CYCLE 434] ---
00:03:14 | [36m[STATS][0m Balance: 97973.15 | Equity: 97965.43 | Active: 4 | Margin: 97756.42 | Util: 0.2%
00:03:14 | [POSITION STATS] Open: 4 | Unrealized: $-7.72 | Daily Loss: $0.00/100.00
00:03:14 | [ANALYSIS] Examining EUR/USD | Time: 02:00 | Bars: 100
00:03:14 | [ANALYSIS] Examining GBP/USD | Time: 02:00 | Bars: 100
00:03:14 | [ANALYSIS] Examining USD/JPY | Time: 02:00 | Bars: 100
00:03:14 | [ANALYSIS] Examining AUD/USD | Time: 02:00 | Bars: 100
00:03:14 | [IDLE] Waiting for next market pulse...
00:03:24 | [36m[STATS][0m --- [CYCLE 435] ---
00:03:24 | [36m[STATS][0m Balance: 97973.15 | Equity: 97965.41 | Active: 4 | Margin: 97756.40 | Util: 0.2%
00:03:24 | [POSITION STATS] Open: 4 | Unrealized: $-7.74 | Daily Loss: $0.00/100.00
00:03:24 | [ANALYSIS] Examining EUR/USD | Time: 02:00 | Bars: 100
00:03:24 | [ANALYSIS] Examining GBP/USD | Time: 02:00 | Bars: 100
00:03:24 | [ANALYSIS] Examining USD/JPY | Time: 02:00 | Bars: 100
00:03:24 | [ANALYSIS] Examining AUD/USD | Time: 02:00 | Bars: 100
00:03:24 | [SUMMARY] Risk: operational | Positions: 4 | Daily Trades: 0/5 | Exits: 0 (Market: 0, Admin: 0)
00:03:24 | [IDLE] Waiting for next market pulse...
00:03:35 | [36m[STATS][0m --- [CYCLE 436] ---
00:03:35 | [36m[STATS][0m Balance: 97973.15 | Equity: 97965.33 | Active: 4 | Margin: 97756.32 | Util: 0.2%
00:03:35 | [POSITION STATS] Open: 4 | Unrealized: $-7.82 | Daily Loss: $0.00/100.00
00:03:35 | [ANALYSIS] Examining EUR/USD | Time: 02:00 | Bars: 100
00:03:35 | [ANALYSIS] Examining GBP/USD | Time: 02:00 | Bars: 100
00:03:35 | [ANALYSIS] Examining USD/JPY | Time: 02:00 | Bars: 100
00:03:35 | [ANALYSIS] Examining AUD/USD | Time: 02:00 | Bars: 100
00:03:35 | [IDLE] Waiting for next market pulse...
00:03:45 | [36m[STATS][0m --- [CYCLE 437] ---
00:03:45 | [36m[STATS][0m Balance: 97973.15 | Equity: 97965.49 | Active: 4 | Margin: 97756.48 | Util: 0.2%
00:03:45 | [POSITION STATS] Open: 4 | Unrealized: $-7.66 | Daily Loss: $0.00/100.00
00:03:45 | [ANALYSIS] Examining EUR/USD | Time: 02:00 | Bars: 100
00:03:45 | [ANALYSIS] Examining GBP/USD | Time: 02:00 | Bars: 100
00:03:45 | [ANALYSIS] Examining USD/JPY | Time: 02:00 | Bars: 100
00:03:45 | [ANALYSIS] Examining AUD/USD | Time: 02:00 | Bars: 100
00:03:45 | [IDLE] Waiting for next market pulse...
00:03:55 | [36m[STATS][0m --- [CYCLE 438] ---
00:03:55 | [36m[STATS][0m Balance: 97973.15 | Equity: 97965.20 | Active: 4 | Margin: 97756.19 | Util: 0.2%
00:03:55 | [POSITION STATS] Open: 4 | Unrealized: $-7.95 | Daily Loss: $0.00/100.00
00:03:55 | [ANALYSIS] Examining EUR/USD | Time: 02:00 | Bars: 100
00:03:55 | [ANALYSIS] Examining GBP/USD | Time: 02:00 | Bars: 100
00:03:55 | [ANALYSIS] Examining USD/JPY | Time: 02:00 | Bars: 100
00:03:55 | [ANALYSIS] Examining AUD/USD | Time: 02:00 | Bars: 100
00:03:55 | [IDLE] Waiting for next market pulse...
00:04:06 | [36m[STATS][0m --- [CYCLE 439] ---
00:04:06 | [36m[STATS][0m Balance: 97973.15 | Equity: 97964.81 | Active: 4 | Margin: 97755.80 | Util: 0.2%
00:04:06 | [POSITION STATS] Open: 4 | Unrealized: $-8.34 | Daily Loss: $0.00/100.00
00:04:06 | [ANALYSIS] Examining EUR/USD | Time: 02:00 | Bars: 100
00:04:06 | [ANALYSIS] Examining GBP/USD | Time: 02:00 | Bars: 100
00:04:06 | [ANALYSIS] Examining USD/JPY | Time: 02:00 | Bars: 100
00:04:06 | [ANALYSIS] Examining AUD/USD | Time: 02:00 | Bars: 100
00:04:06 | [IDLE] Waiting for next market pulse...
00:04:16 | [36m[STATS][0m --- [CYCLE 440] ---
00:04:16 | [36m[STATS][0m Balance: 97973.15 | Equity: 97964.75 | Active: 4 | Margin: 97755.74 | Util: 0.2%
00:04:16 | [POSITION STATS] Open: 4 | Unrealized: $-8.40 | Daily Loss: $0.00/100.00
00:04:16 | [ANALYSIS] Examining EUR/USD | Time: 02:00 | Bars: 100
00:04:16 | [ANALYSIS] Examining GBP/USD | Time: 02:00 | Bars: 100
00:04:16 | [ANALYSIS] Examining USD/JPY | Time: 02:00 | Bars: 100
00:04:16 | [ANALYSIS] Examining AUD/USD | Time: 02:00 | Bars: 100
00:04:16 | [SUMMARY] Risk: operational | Positions: 4 | Daily Trades: 0/5 | Exits: 0 (Market: 0, Admin: 0)
00:04:16 | [IDLE] Waiting for next market pulse...
00:04:26 | [36m[STATS][0m --- [CYCLE 441] ---
00:04:26 | [36m[STATS][0m Balance: 97973.15 | Equity: 97964.56 | Active: 4 | Margin: 97755.55 | Util: 0.2%
00:04:26 | [POSITION STATS] Open: 4 | Unrealized: $-8.59 | Daily Loss: $0.00/100.00
00:04:26 | [ANALYSIS] Examining EUR/USD | Time: 02:00 | Bars: 100
00:04:26 | [ANALYSIS] Examining GBP/USD | Time: 02:00 | Bars: 100
00:04:26 | [ANALYSIS] Examining USD/JPY | Time: 02:00 | Bars: 100
00:04:26 | [ANALYSIS] Examining AUD/USD | Time: 02:00 | Bars: 100
00:04:26 | [IDLE] Waiting for next market pulse...
00:04:37 | [36m[STATS][0m --- [CYCLE 442] ---
00:04:37 | [36m[STATS][0m Balance: 97973.15 | Equity: 97964.64 | Active: 4 | Margin: 97755.63 | Util: 0.2%
00:04:37 | [POSITION STATS] Open: 4 | Unrealized: $-8.51 | Daily Loss: $0.00/100.00
00:04:37 | [ANALYSIS] Examining EUR/USD | Time: 02:00 | Bars: 100
00:04:37 | [ANALYSIS] Examining GBP/USD | Time: 02:00 | Bars: 100
00:04:37 | [ANALYSIS] Examining USD/JPY | Time: 02:00 | Bars: 100
00:04:37 | [ANALYSIS] Examining AUD/USD | Time: 02:00 | Bars: 100
00:04:37 | [IDLE] Waiting for next market pulse...
00:04:47 | [36m[STATS][0m --- [CYCLE 443] ---
00:04:47 | [36m[STATS][0m Balance: 97973.15 | Equity: 97964.64 | Active: 4 | Margin: 97755.63 | Util: 0.2%
00:04:47 | [POSITION STATS] Open: 4 | Unrealized: $-8.51 | Daily Loss: $0.00/100.00
00:04:47 | [ANALYSIS] Examining EUR/USD | Time: 02:00 | Bars: 100
00:04:47 | [ANALYSIS] Examining GBP/USD | Time: 02:00 | Bars: 100
00:04:47 | [ANALYSIS] Examining USD/JPY | Time: 02:00 | Bars: 100
00:04:47 | [ANALYSIS] Examining AUD/USD | Time: 02:00 | Bars: 100
00:04:47 | [IDLE] Waiting for next market pulse...
00:04:57 | [36m[STATS][0m --- [CYCLE 444] ---
00:04:57 | [36m[STATS][0m Balance: 97964.59 | Equity: 97964.23 | Active: 2 | Margin: 97880.74 | Util: 0.1%
00:04:57 | [POSITION STATS] Open: 2 | Unrealized: $-0.36 | Daily Loss: $0.00/100.00
00:04:57 | [ANALYSIS] Examining EUR/USD | Time: 02:00 | Bars: 100
00:04:57 | First run for EUR/USD: Training ML model on 100 bars...
00:04:57 | [ANALYSIS] EUR/USD | Price: 1.16565 | RSI: 40.0 | ADX: 33.2 | ML: UP(75%)
00:04:57 | [STRATEGY] Added synthetic ML BUY signal (conf: 0.75)
00:04:57 | [ANALYSIS] Examining GBP/USD | Time: 02:00 | Bars: 100
00:04:57 | [ANALYSIS] GBP/USD | Price: 1.34338 | RSI: 42.4 | ADX: 44.3 | ML: UP(75%)
00:04:57 | [STRATEGY] Added synthetic ML BUY signal (conf: 0.75)
00:04:57 | [ANALYSIS] Examining USD/JPY | Time: 02:00 | Bars: 100
00:04:57 | [ANALYSIS] Examining AUD/USD | Time: 02:00 | Bars: 100
00:04:57 | [IDLE] Waiting for next market pulse...
00:05:08 | [36m[STATS][0m --- [CYCLE 445] ---
00:05:08 | [36m[STATS][0m Balance: 97964.59 | Equity: 97964.53 | Active: 2 | Margin: 97881.04 | Util: 0.1%
00:05:08 | [POSITION STATS] Open: 2 | Unrealized: $-0.06 | Daily Loss: $0.00/100.00
00:05:08 | [ANALYSIS] Examining EUR/USD | Time: 02:00 | Bars: 100
00:05:08 | [ANALYSIS] EUR/USD | Price: 1.16565 | RSI: 40.0 | ADX: 33.2 | ML: UP(75%)
00:05:08 | [STRATEGY] Added synthetic ML BUY signal (conf: 0.75)
00:05:08 | [ANALYSIS] Examining GBP/USD | Time: 02:00 | Bars: 100
00:05:08 | [ANALYSIS] GBP/USD | Price: 1.34347 | RSI: 42.9 | ADX: 44.3 | ML: UP(75%)
00:05:08 | [STRATEGY] Added synthetic ML BUY signal (conf: 0.75)
00:05:08 | [ANALYSIS] Examining USD/JPY | Time: 02:00 | Bars: 100
00:05:08 | [ANALYSIS] Examining AUD/USD | Time: 02:00 | Bars: 100
00:05:08 | [SUMMARY] Risk: operational | Positions: 2 | Daily Trades: 0/5 | Exits: 0 (Market: 0, Admin: 0)
00:05:08 | [IDLE] Waiting for next market pulse...
00:05:18 | [36m[STATS][0m --- [CYCLE 446] ---
00:05:18 | [36m[STATS][0m Balance: 97964.59 | Equity: 97963.58 | Active: 3 | Margin: 97821.81 | Util: 0.1%
00:05:18 | [POSITION STATS] Open: 3 | Unrealized: $-1.01 | Daily Loss: $0.00/100.00
00:05:18 | [ANALYSIS] Examining EUR/USD | Time: 02:00 | Bars: 100
00:05:18 | [ANALYSIS] Examining GBP/USD | Time: 02:00 | Bars: 100
00:05:18 | [ANALYSIS] GBP/USD | Price: 1.34336 | RSI: 42.3 | ADX: 44.3 | ML: UP(75%)
00:05:18 | [STRATEGY] Added synthetic ML BUY signal (conf: 0.75)
00:05:18 | [ANALYSIS] Examining USD/JPY | Time: 02:00 | Bars: 100
00:05:18 | [ANALYSIS] Examining AUD/USD | Time: 02:00 | Bars: 100
00:05:18 | [IDLE] Waiting for next market pulse...
00:05:28 | [36m[STATS][0m --- [CYCLE 447] ---
00:05:28 | [36m[STATS][0m Balance: 97964.59 | Equity: 97963.43 | Active: 3 | Margin: 97821.66 | Util: 0.1%
00:05:28 | [POSITION STATS] Open: 3 | Unrealized: $-1.16 | Daily Loss: $0.00/100.00
00:05:28 | [ANALYSIS] Examining EUR/USD | Time: 02:00 | Bars: 100
00:05:28 | [ANALYSIS] Examining GBP/USD | Time: 02:00 | Bars: 100
00:05:28 | [ANALYSIS] GBP/USD | Price: 1.34336 | RSI: 42.3 | ADX: 44.3 | ML: UP(75%)
00:05:28 | [STRATEGY] Added synthetic ML BUY signal (conf: 0.75)
00:05:28 | [ANALYSIS] Examining USD/JPY | Time: 02:00 | Bars: 100
00:05:28 | [ANALYSIS] Examining AUD/USD | Time: 02:00 | Bars: 100
00:05:28 | [IDLE] Waiting for next market pulse...
00:05:39 | [36m[STATS][0m --- [CYCLE 448] ---
00:05:39 | [36m[STATS][0m Balance: 97964.59 | Equity: 97963.43 | Active: 3 | Margin: 97821.66 | Util: 0.1%
00:05:39 | [POSITION STATS] Open: 3 | Unrealized: $-1.16 | Daily Loss: $0.00/100.00
00:05:39 | [ANALYSIS] Examining EUR/USD | Time: 02:00 | Bars: 100
00:05:39 | [ANALYSIS] Examining GBP/USD | Time: 02:00 | Bars: 100
00:05:39 | [ANALYSIS] GBP/USD | Price: 1.34337 | RSI: 42.3 | ADX: 44.3 | ML: UP(75%)
00:05:39 | [STRATEGY] Added synthetic ML BUY signal (conf: 0.75)
00:05:39 | [ANALYSIS] Examining USD/JPY | Time: 02:00 | Bars: 100
00:05:39 | [ANALYSIS] Examining AUD/USD | Time: 02:00 | Bars: 100
00:05:39 | [IDLE] Waiting for next market pulse...
00:05:49 | [36m[STATS][0m --- [CYCLE 449] ---
00:05:49 | [36m[STATS][0m Balance: 97964.59 | Equity: 97963.96 | Active: 3 | Margin: 97822.19 | Util: 0.1%
00:05:49 | [POSITION STATS] Open: 3 | Unrealized: $-0.63 | Daily Loss: $0.00/100.00
00:05:49 | [ANALYSIS] Examining EUR/USD | Time: 02:00 | Bars: 100
00:05:49 | [ANALYSIS] Examining GBP/USD | Time: 02:00 | Bars: 100
00:05:49 | [ANALYSIS] GBP/USD | Price: 1.34338 | RSI: 42.4 | ADX: 44.3 | ML: UP(75%)
00:05:49 | [STRATEGY] Added synthetic ML BUY signal (conf: 0.75)
00:05:49 | [ANALYSIS] Examining USD/JPY | Time: 02:00 | Bars: 100
00:05:49 | [ANALYSIS] Examining AUD/USD | Time: 02:00 | Bars: 100
00:05:49 | [IDLE] Waiting for next market pulse...
00:05:59 | [36m[STATS][0m --- [CYCLE 450] ---
00:05:59 | [36m[STATS][0m Balance: 97964.59 | Equity: 97963.99 | Active: 3 | Margin: 97822.22 | Util: 0.1%
00:05:59 | [POSITION STATS] Open: 3 | Unrealized: $-0.60 | Daily Loss: $0.00/100.00
00:05:59 | [ANALYSIS] Examining EUR/USD | Time: 02:00 | Bars: 100
00:05:59 | [ANALYSIS] Examining GBP/USD | Time: 02:00 | Bars: 100
00:05:59 | [ANALYSIS] GBP/USD | Price: 1.34342 | RSI: 42.6 | ADX: 44.3 | ML: UP(75%)
00:05:59 | [STRATEGY] Added synthetic ML BUY signal (conf: 0.75)
00:05:59 | [ANALYSIS] Examining USD/JPY | Time: 02:00 | Bars: 100
00:05:59 | [ANALYSIS] Examining AUD/USD | Time: 02:00 | Bars: 100
00:05:59 | [SUMMARY] Risk: operational | Positions: 3 | Daily Trades: 0/5 | Exits: 0 (Market: 0, Admin: 0)
00:05:59 | [IDLE] Waiting for next market pulse...
00:06:10 | [36m[STATS][0m --- [CYCLE 451] ---
00:06:10 | [36m[STATS][0m Balance: 97964.59 | Equity: 97963.93 | Active: 3 | Margin: 97822.16 | Util: 0.1%
00:06:10 | [POSITION STATS] Open: 3 | Unrealized: $-0.66 | Daily Loss: $0.00/100.00
00:06:10 | [ANALYSIS] Examining EUR/USD | Time: 02:00 | Bars: 100
00:06:10 | [ANALYSIS] Examining GBP/USD | Time: 02:00 | Bars: 100
00:06:10 | [ANALYSIS] GBP/USD | Price: 1.34337 | RSI: 42.3 | ADX: 44.3 | ML: UP(75%)
00:06:10 | [STRATEGY] Added synthetic ML BUY signal (conf: 0.75)
00:06:10 | [ANALYSIS] Examining USD/JPY | Time: 02:00 | Bars: 100
00:06:10 | [ANALYSIS] Examining AUD/USD | Time: 02:00 | Bars: 100
00:06:10 | [IDLE] Waiting for next market pulse...
00:06:20 | [36m[STATS][0m --- [CYCLE 452] ---
00:06:20 | [36m[STATS][0m Balance: 97964.59 | Equity: 97964.03 | Active: 3 | Margin: 97822.26 | Util: 0.1%
00:06:20 | [POSITION STATS] Open: 3 | Unrealized: $-0.56 | Daily Loss: $0.00/100.00
00:06:20 | [ANALYSIS] Examining EUR/USD | Time: 02:00 | Bars: 100
00:06:20 | [ANALYSIS] Examining GBP/USD | Time: 02:00 | Bars: 100
00:06:20 | [ANALYSIS] GBP/USD | Price: 1.34337 | RSI: 42.3 | ADX: 44.3 | ML: UP(75%)
00:06:20 | [STRATEGY] Added synthetic ML BUY signal (conf: 0.75)
00:06:20 | [ANALYSIS] Examining USD/JPY | Time: 02:00 | Bars: 100
00:06:20 | [ANALYSIS] Examining AUD/USD | Time: 02:00 | Bars: 100
00:06:20 | [IDLE] Waiting for next market pulse...
00:06:30 | [36m[STATS][0m --- [CYCLE 453] ---
00:06:30 | [36m[STATS][0m Balance: 97964.59 | Equity: 97964.16 | Active: 3 | Margin: 97822.39 | Util: 0.1%
00:06:30 | [POSITION STATS] Open: 3 | Unrealized: $-0.43 | Daily Loss: $0.00/100.00
00:06:30 | [ANALYSIS] Examining EUR/USD | Time: 02:00 | Bars: 100
00:06:30 | [ANALYSIS] Examining GBP/USD | Time: 02:00 | Bars: 100
00:06:30 | [ANALYSIS] GBP/USD | Price: 1.34337 | RSI: 42.3 | ADX: 44.3 | ML: UP(75%)
00:06:30 | [STRATEGY] Added synthetic ML BUY signal (conf: 0.75)
00:06:30 | [ANALYSIS] Examining USD/JPY | Time: 02:00 | Bars: 100
00:06:30 | [ANALYSIS] Examining AUD/USD | Time: 02:00 | Bars: 100
00:06:30 | [IDLE] Waiting for next market pulse...
00:06:41 | [36m[STATS][0m --- [CYCLE 454] ---
00:06:41 | [36m[STATS][0m Balance: 97964.59 | Equity: 97964.01 | Active: 3 | Margin: 97822.24 | Util: 0.1%
00:06:41 | [POSITION STATS] Open: 3 | Unrealized: $-0.58 | Daily Loss: $0.00/100.00
00:06:41 | [ANALYSIS] Examining EUR/USD | Time: 02:00 | Bars: 100
00:06:41 | [ANALYSIS] Examining GBP/USD | Time: 02:00 | Bars: 100
00:06:41 | [ANALYSIS] GBP/USD | Price: 1.34338 | RSI: 42.4 | ADX: 44.3 | ML: UP(75%)
00:06:41 | [STRATEGY] Added synthetic ML BUY signal (conf: 0.75)
00:06:41 | [ANALYSIS] Examining USD/JPY | Time: 02:00 | Bars: 100
00:06:41 | [ANALYSIS] Examining AUD/USD | Time: 02:00 | Bars: 100
00:06:41 | [IDLE] Waiting for next market pulse...
00:06:51 | [36m[STATS][0m --- [CYCLE 455] ---
00:06:51 | [36m[STATS][0m Balance: 97964.59 | Equity: 97964.61 | Active: 3 | Margin: 97822.84 | Util: 0.1%
00:06:51 | [POSITION STATS] Open: 3 | Unrealized: $0.02 | Daily Loss: $0.00/100.00
00:06:51 | [ANALYSIS] Examining EUR/USD | Time: 02:00 | Bars: 100
00:06:51 | [ANALYSIS] Examining GBP/USD | Time: 02:00 | Bars: 100
00:06:51 | [ANALYSIS] GBP/USD | Price: 1.34339 | RSI: 42.4 | ADX: 44.3 | ML: UP(75%)
00:06:51 | [STRATEGY] Added synthetic ML BUY signal (conf: 0.75)
00:06:51 | [ANALYSIS] Examining USD/JPY | Time: 02:00 | Bars: 100
00:06:51 | [ANALYSIS] Examining AUD/USD | Time: 02:00 | Bars: 100
00:06:51 | [SUMMARY] Risk: operational | Positions: 3 | Daily Trades: 0/5 | Exits: 0 (Market: 0, Admin: 0)
00:06:51 | [IDLE] Waiting for next market pulse...
00:07:01 | [36m[STATS][0m --- [CYCLE 456] ---
00:07:01 | [36m[STATS][0m Balance: 97964.59 | Equity: 97964.58 | Active: 3 | Margin: 97822.81 | Util: 0.1%
00:07:01 | [POSITION STATS] Open: 3 | Unrealized: $-0.01 | Daily Loss: $0.00/100.00
00:07:01 | [ANALYSIS] Examining EUR/USD | Time: 02:00 | Bars: 100
00:07:01 | [ANALYSIS] Examining GBP/USD | Time: 02:00 | Bars: 100
00:07:01 | [ANALYSIS] GBP/USD | Price: 1.34338 | RSI: 42.4 | ADX: 44.3 | ML: UP(75%)
00:07:01 | [STRATEGY] Added synthetic ML BUY signal (conf: 0.75)
00:07:01 | [ANALYSIS] Examining USD/JPY | Time: 02:00 | Bars: 100
00:07:01 | [ANALYSIS] Examining AUD/USD | Time: 02:00 | Bars: 100
00:07:01 | [IDLE] Waiting for next market pulse...
00:07:12 | [36m[STATS][0m --- [CYCLE 457] ---
00:07:12 | [36m[STATS][0m Balance: 97965.00 | Equity: 97965.05 | Active: 2 | Margin: 97873.28 | Util: 0.1%
00:07:12 | [POSITION STATS] Open: 2 | Unrealized: $0.05 | Daily Loss: $0.00/100.00
00:07:12 | [ANALYSIS] Examining EUR/USD | Time: 02:00 | Bars: 100
00:07:12 | [ANALYSIS] Examining GBP/USD | Time: 02:00 | Bars: 100
00:07:12 | [ANALYSIS] GBP/USD | Price: 1.34335 | RSI: 42.2 | ADX: 44.3 | ML: UP(75%)
00:07:12 | [STRATEGY] Added synthetic ML BUY signal (conf: 0.75)
00:07:12 | [ANALYSIS] Examining USD/JPY | Time: 02:00 | Bars: 100
00:07:12 | First run for USD/JPY: Training ML model on 100 bars...
00:07:12 | [ANALYSIS] USD/JPY | Price: 156.89300 | RSI: 54.6 | ADX: 10.4 | ML: DOWN(75%)
00:07:12 | [STRATEGY] Added synthetic ML SELL signal (conf: 0.75)
00:07:12 | SL/TP Details: Entry=156.89290, ATR=0.14157, sl_dist=1.41571, tp_dist=4.24714, SL=158.30861, TP=152.64576
00:07:12 | ATR-based SL/TP: Entry=156.89290, Dir=SHORT, SL=158.30861, TP=152.64576, Period=14, RR=3.0
00:07:12 | [SIGNAL ACCEPTED] USD/JPY | Quality: 65% | Entry: 156.89290
00:07:12 | SL/TP Details: Entry=156.89290, ATR=0.14157, sl_dist=1.41571, tp_dist=2.12357, SL=158.30861, TP=154.76933
00:07:12 | [1;36m[SIGNAL][0m USD/JPY | SHORT | Entry=156.89290 | SL=158.30861 | TP=154.76933 | Confidence=0.75
00:07:12 | [1;33m[DECISION][0m USD/JPY | SHORT @ 156.89290 | SL: 158.30861 | TP: 154.76933
00:07:12 | [RISK GOVERNOR] New trading day - resetting daily limits
00:07:12 | [1;33m[ACTION][0m Risk OK | Score: 0.02 | RawSize: 0.9800% | EquitySize: 19.5930 | Final: 0.05 lots
00:07:12 | Executing order order_1767917232 for USD/JPY
00:07:12 | Using filling mode: 0 for USD/JPY
00:07:13 | Order placed successfully: 54610609148
00:07:13 | Order order_1767917232 executed: success=True, price=156.893
00:07:13 | [92m[OPEN] USD/JPY | SHORT | Qty=0.010 lots | Entry=156.89290 | SL=158.30861 | TP=154.76933 | Order: 54610609148[0m
00:07:13 | [ANALYSIS] Examining AUD/USD | Time: 02:00 | Bars: 100
00:07:13 | [IDLE] Waiting for next market pulse...
00:07:23 | [36m[STATS][0m --- [CYCLE 458] ---
00:07:23 | [36m[STATS][0m Balance: 97965.00 | Equity: 97965.16 | Active: 3 | Margin: 97823.39 | Util: 0.1%
00:07:23 | [POSITION STATS] Open: 3 | Unrealized: $0.16 | Daily Loss: $0.00/100.00
00:07:23 | [EQUITY LOCK] USD/JPY | Profit threshold: 10.0 pips reached | Close: 20% of position
00:07:23 | Position 54610609148 closed successfully
00:07:23 | [ADMIN EXIT] USD/JPY | Reason: equity_lock
00:07:23 | [ANALYSIS] Examining EUR/USD | Time: 02:00 | Bars: 100
00:07:23 | [ANALYSIS] Examining GBP/USD | Time: 02:00 | Bars: 100
00:07:23 | [ANALYSIS] GBP/USD | Price: 1.34339 | RSI: 42.4 | ADX: 44.3 | ML: UP(75%)
00:07:23 | [STRATEGY] Added synthetic ML BUY signal (conf: 0.75)
00:07:23 | [ANALYSIS] Examining USD/JPY | Time: 02:00 | Bars: 100
00:07:23 | [ANALYSIS] Examining AUD/USD | Time: 02:00 | Bars: 100
00:07:23 | [IDLE] Waiting for next market pulse...
00:07:33 | [36m[STATS][0m --- [CYCLE 459] ---
00:07:33 | [36m[STATS][0m Balance: 97965.06 | Equity: 97965.00 | Active: 3 | Margin: 97823.23 | Util: 0.1%
00:07:33 | [POSITION STATS] Open: 3 | Unrealized: $-0.06 | Daily Loss: $0.00/100.00
00:07:33 | [ANALYSIS] Examining EUR/USD | Time: 02:00 | Bars: 100
00:07:33 | [ANALYSIS] Examining GBP/USD | Time: 02:00 | Bars: 100
00:07:33 | [ANALYSIS] GBP/USD | Price: 1.34341 | RSI: 42.6 | ADX: 44.3 | ML: UP(75%)
00:07:33 | [STRATEGY] Added synthetic ML BUY signal (conf: 0.75)
00:07:33 | [ANALYSIS] Examining USD/JPY | Time: 02:00 | Bars: 100
00:07:33 | [ANALYSIS] Examining AUD/USD | Time: 02:00 | Bars: 100
00:07:33 | [IDLE] Waiting for next market pulse...
00:07:43 | [36m[STATS][0m --- [CYCLE 460] ---
00:07:43 | [36m[STATS][0m Balance: 97965.06 | Equity: 97964.61 | Active: 3 | Margin: 97822.84 | Util: 0.1%
00:07:43 | [POSITION STATS] Open: 3 | Unrealized: $-0.45 | Daily Loss: $0.00/100.00
00:07:43 | [ANALYSIS] Examining EUR/USD | Time: 02:00 | Bars: 100
00:07:43 | [ANALYSIS] Examining GBP/USD | Time: 02:00 | Bars: 100
00:07:43 | [ANALYSIS] GBP/USD | Price: 1.34339 | RSI: 42.4 | ADX: 44.3 | ML: UP(75%)
00:07:43 | [STRATEGY] Added synthetic ML BUY signal (conf: 0.75)
00:07:43 | [ANALYSIS] Examining USD/JPY | Time: 02:00 | Bars: 100
00:07:43 | [ANALYSIS] Examining AUD/USD | Time: 02:00 | Bars: 100
00:07:43 | [SUMMARY] Risk: operational | Positions: 3 | Daily Trades: 1/5 | Exits: 1 (Market: 0, Admin: 1)
00:07:43 | [IDLE] Waiting for next market pulse...
00:07:53 | [36m[STATS][0m --- [CYCLE 461] ---
00:07:53 | [36m[STATS][0m Balance: 97965.06 | Equity: 97964.70 | Active: 3 | Margin: 97822.93 | Util: 0.1%
00:07:53 | [POSITION STATS] Open: 3 | Unrealized: $-0.36 | Daily Loss: $0.00/100.00
00:07:53 | [ANALYSIS] Examining EUR/USD | Time: 02:00 | Bars: 100
00:07:53 | [ANALYSIS] Examining GBP/USD | Time: 02:00 | Bars: 100
00:07:53 | [ANALYSIS] GBP/USD | Price: 1.34339 | RSI: 42.4 | ADX: 44.3 | ML: UP(75%)
00:07:53 | [STRATEGY] Added synthetic ML BUY signal (conf: 0.75)
00:07:53 | [ANALYSIS] Examining USD/JPY | Time: 02:00 | Bars: 100
00:07:53 | [ANALYSIS] Examining AUD/USD | Time: 02:00 | Bars: 100
00:07:53 | [IDLE] Waiting for next market pulse...
00:08:03 | [36m[STATS][0m --- [CYCLE 462] ---
00:08:03 | [36m[STATS][0m Balance: 97965.06 | Equity: 97964.70 | Active: 3 | Margin: 97822.93 | Util: 0.1%
00:08:03 | [POSITION STATS] Open: 3 | Unrealized: $-0.36 | Daily Loss: $0.00/100.00
00:08:03 | [ANALYSIS] Examining EUR/USD | Time: 02:00 | Bars: 100
00:08:03 | [ANALYSIS] Examining GBP/USD | Time: 02:00 | Bars: 100
00:08:03 | [ANALYSIS] GBP/USD | Price: 1.34340 | RSI: 42.5 | ADX: 44.3 | ML: UP(75%)
00:08:03 | [STRATEGY] Added synthetic ML BUY signal (conf: 0.75)
00:08:03 | [ANALYSIS] Examining USD/JPY | Time: 02:00 | Bars: 100
00:08:03 | [ANALYSIS] Examining AUD/USD | Time: 02:00 | Bars: 100
00:08:03 | [IDLE] Waiting for next market pulse...
00:08:14 | [36m[STATS][0m --- [CYCLE 463] ---
00:08:14 | [36m[STATS][0m Balance: 97965.06 | Equity: 97964.84 | Active: 3 | Margin: 97823.07 | Util: 0.1%
00:08:14 | [POSITION STATS] Open: 3 | Unrealized: $-0.22 | Daily Loss: $0.00/100.00
00:08:14 | [ANALYSIS] Examining EUR/USD | Time: 02:00 | Bars: 100
00:08:14 | [ANALYSIS] Examining GBP/USD | Time: 02:00 | Bars: 100
00:08:14 | [ANALYSIS] GBP/USD | Price: 1.34341 | RSI: 42.6 | ADX: 44.3 | ML: UP(75%)
00:08:14 | [STRATEGY] Added synthetic ML BUY signal (conf: 0.75)
00:08:14 | [ANALYSIS] Examining USD/JPY | Time: 02:00 | Bars: 100
00:08:14 | [ANALYSIS] Examining AUD/USD | Time: 02:00 | Bars: 100
00:08:14 | [IDLE] Waiting for next market pulse...
00:08:24 | [36m[STATS][0m --- [CYCLE 464] ---
00:08:24 | [36m[STATS][0m Balance: 97965.06 | Equity: 97964.57 | Active: 3 | Margin: 97822.80 | Util: 0.1%
00:08:24 | [POSITION STATS] Open: 3 | Unrealized: $-0.49 | Daily Loss: $0.00/100.00
00:08:24 | [ANALYSIS] Examining EUR/USD | Time: 02:00 | Bars: 100
00:08:24 | [ANALYSIS] Examining GBP/USD | Time: 02:00 | Bars: 100
00:08:24 | [ANALYSIS] GBP/USD | Price: 1.34340 | RSI: 42.5 | ADX: 44.3 | ML: UP(75%)
00:08:24 | [STRATEGY] Added synthetic ML BUY signal (conf: 0.75)
00:08:24 | [ANALYSIS] Examining USD/JPY | Time: 02:00 | Bars: 100
00:08:24 | [ANALYSIS] Examining AUD/USD | Time: 02:00 | Bars: 100
00:08:24 | [IDLE] Waiting for next market pulse...
00:08:34 | [36m[STATS][0m --- [CYCLE 465] ---
00:08:34 | [36m[STATS][0m Balance: 97965.06 | Equity: 97964.47 | Active: 3 | Margin: 97822.70 | Util: 0.1%
00:08:34 | [POSITION STATS] Open: 3 | Unrealized: $-0.59 | Daily Loss: $0.00/100.00
00:08:34 | [ANALYSIS] Examining EUR/USD | Time: 02:00 | Bars: 100
00:08:34 | [ANALYSIS] Examining GBP/USD | Time: 02:00 | Bars: 100
00:08:34 | [ANALYSIS] GBP/USD | Price: 1.34339 | RSI: 42.4 | ADX: 44.3 | ML: UP(75%)
00:08:34 | [STRATEGY] Added synthetic ML BUY signal (conf: 0.75)
00:08:34 | [ANALYSIS] Examining USD/JPY | Time: 02:00 | Bars: 100
00:08:34 | [ANALYSIS] Examining AUD/USD | Time: 02:00 | Bars: 100
00:08:34 | [SUMMARY] Risk: operational | Positions: 3 | Daily Trades: 1/5 | Exits: 1 (Market: 0, Admin: 1)
00:08:34 | [IDLE] Waiting for next market pulse...
00:08:45 | [36m[STATS][0m --- [CYCLE 466] ---
00:08:45 | [36m[STATS][0m Balance: 97965.06 | Equity: 97964.25 | Active: 3 | Margin: 97822.48 | Util: 0.1%
00:08:45 | [POSITION STATS] Open: 3 | Unrealized: $-0.81 | Daily Loss: $0.00/100.00
00:08:45 | [ANALYSIS] Examining EUR/USD | Time: 02:00 | Bars: 100
00:08:45 | [ANALYSIS] Examining GBP/USD | Time: 02:00 | Bars: 100
00:08:45 | [ANALYSIS] GBP/USD | Price: 1.34335 | RSI: 42.2 | ADX: 44.3 | ML: UP(75%)
00:08:45 | [STRATEGY] Added synthetic ML BUY signal (conf: 0.75)
00:08:45 | [ANALYSIS] Examining USD/JPY | Time: 02:00 | Bars: 100
00:08:45 | [ANALYSIS] Examining AUD/USD | Time: 02:00 | Bars: 100
00:08:45 | [IDLE] Waiting for next market pulse...
00:08:55 | [36m[STATS][0m --- [CYCLE 467] ---
00:08:55 | [36m[STATS][0m Balance: 97965.06 | Equity: 97964.21 | Active: 3 | Margin: 97822.44 | Util: 0.1%
00:08:55 | [POSITION STATS] Open: 3 | Unrealized: $-0.85 | Daily Loss: $0.00/100.00
00:08:55 | [ANALYSIS] Examining EUR/USD | Time: 02:00 | Bars: 100
00:08:55 | [ANALYSIS] Examining GBP/USD | Time: 02:00 | Bars: 100
00:08:55 | [ANALYSIS] GBP/USD | Price: 1.34339 | RSI: 42.4 | ADX: 44.3 | ML: UP(75%)
00:08:55 | [STRATEGY] Added synthetic ML BUY signal (conf: 0.75)
00:08:55 | [ANALYSIS] Examining USD/JPY | Time: 02:00 | Bars: 100
00:08:55 | [ANALYSIS] Examining AUD/USD | Time: 02:00 | Bars: 100
00:08:55 | [IDLE] Waiting for next market pulse...
00:09:05 | [36m[STATS][0m --- [CYCLE 468] ---
00:09:05 | [36m[STATS][0m Balance: 97965.06 | Equity: 97963.70 | Active: 3 | Margin: 97821.93 | Util: 0.1%
00:09:05 | [POSITION STATS] Open: 3 | Unrealized: $-1.36 | Daily Loss: $0.00/100.00
00:09:05 | [ANALYSIS] Examining EUR/USD | Time: 02:00 | Bars: 100
00:09:05 | [ANALYSIS] Examining GBP/USD | Time: 02:00 | Bars: 100
00:09:05 | [ANALYSIS] GBP/USD | Price: 1.34337 | RSI: 42.3 | ADX: 44.3 | ML: UP(75%)
00:09:05 | [STRATEGY] Added synthetic ML BUY signal (conf: 0.75)
00:09:05 | [ANALYSIS] Examining USD/JPY | Time: 02:00 | Bars: 100
00:09:05 | [ANALYSIS] Examining AUD/USD | Time: 02:00 | Bars: 100
00:09:05 | [IDLE] Waiting for next market pulse...
00:09:16 | [36m[STATS][0m --- [CYCLE 469] ---
00:09:16 | [36m[STATS][0m Balance: 97965.06 | Equity: 97963.47 | Active: 3 | Margin: 97821.70 | Util: 0.1%
00:09:16 | [POSITION STATS] Open: 3 | Unrealized: $-1.59 | Daily Loss: $0.00/100.00
00:09:16 | [ANALYSIS] Examining EUR/USD | Time: 02:00 | Bars: 100
00:09:16 | [ANALYSIS] Examining GBP/USD | Time: 02:00 | Bars: 100
00:09:16 | [ANALYSIS] GBP/USD | Price: 1.34337 | RSI: 42.3 | ADX: 44.3 | ML: UP(75%)
00:09:16 | [STRATEGY] Added synthetic ML BUY signal (conf: 0.75)
00:09:16 | [ANALYSIS] Examining USD/JPY | Time: 02:00 | Bars: 100
00:09:16 | [ANALYSIS] Examining AUD/USD | Time: 02:00 | Bars: 100
00:09:16 | [IDLE] Waiting for next market pulse...
00:09:26 | [36m[STATS][0m --- [CYCLE 470] ---
00:09:26 | [36m[STATS][0m Balance: 97965.06 | Equity: 97963.47 | Active: 3 | Margin: 97821.70 | Util: 0.1%
00:09:26 | [POSITION STATS] Open: 3 | Unrealized: $-1.59 | Daily Loss: $0.00/100.00
00:09:26 | [ANALYSIS] Examining EUR/USD | Time: 02:00 | Bars: 100
00:09:26 | [ANALYSIS] Examining GBP/USD | Time: 02:00 | Bars: 100
00:09:26 | [ANALYSIS] GBP/USD | Price: 1.34337 | RSI: 42.3 | ADX: 44.3 | ML: UP(75%)
00:09:26 | [STRATEGY] Added synthetic ML BUY signal (conf: 0.75)
00:09:26 | [ANALYSIS] Examining USD/JPY | Time: 02:00 | Bars: 100
00:09:26 | [ANALYSIS] Examining AUD/USD | Time: 02:00 | Bars: 100
00:09:26 | [SUMMARY] Risk: operational | Positions: 3 | Daily Trades: 1/5 | Exits: 1 (Market: 0, Admin: 1)
00:09:26 | [IDLE] Waiting for next market pulse...
00:09:36 | [36m[STATS][0m --- [CYCLE 471] ---
00:09:36 | [36m[STATS][0m Balance: 97965.06 | Equity: 97963.55 | Active: 3 | Margin: 97821.78 | Util: 0.1%
00:09:36 | [POSITION STATS] Open: 3 | Unrealized: $-1.51 | Daily Loss: $0.00/100.00
00:09:36 | [ANALYSIS] Examining EUR/USD | Time: 02:00 | Bars: 100
00:09:36 | [ANALYSIS] Examining GBP/USD | Time: 02:00 | Bars: 100
00:09:36 | [ANALYSIS] GBP/USD | Price: 1.34337 | RSI: 42.3 | ADX: 44.3 | ML: UP(75%)
00:09:36 | [STRATEGY] Added synthetic ML BUY signal (conf: 0.75)
00:09:36 | [ANALYSIS] Examining USD/JPY | Time: 02:00 | Bars: 100
00:09:36 | [ANALYSIS] Examining AUD/USD | Time: 02:00 | Bars: 100
00:09:36 | [IDLE] Waiting for next market pulse...
00:09:47 | [36m[STATS][0m --- [CYCLE 472] ---
00:09:47 | [36m[STATS][0m Balance: 97965.06 | Equity: 97963.55 | Active: 3 | Margin: 97821.78 | Util: 0.1%
00:09:47 | [POSITION STATS] Open: 3 | Unrealized: $-1.51 | Daily Loss: $0.00/100.00
00:09:47 | [ANALYSIS] Examining EUR/USD | Time: 02:00 | Bars: 100
00:09:47 | [ANALYSIS] Examining GBP/USD | Time: 02:00 | Bars: 100
00:09:47 | [ANALYSIS] GBP/USD | Price: 1.34337 | RSI: 42.3 | ADX: 44.3 | ML: UP(75%)
00:09:47 | [STRATEGY] Added synthetic ML BUY signal (conf: 0.75)
00:09:47 | [ANALYSIS] Examining USD/JPY | Time: 02:00 | Bars: 100
00:09:47 | [ANALYSIS] Examining AUD/USD | Time: 02:00 | Bars: 100
00:09:47 | [IDLE] Waiting for next market pulse...
00:09:57 | [36m[STATS][0m --- [CYCLE 473] ---
00:09:57 | [36m[STATS][0m Balance: 97965.06 | Equity: 97963.55 | Active: 3 | Margin: 97821.78 | Util: 0.1%
00:09:57 | [POSITION STATS] Open: 3 | Unrealized: $-1.51 | Daily Loss: $0.00/100.00
00:09:57 | [ANALYSIS] Examining EUR/USD | Time: 02:00 | Bars: 100
00:09:57 | [ANALYSIS] Examining GBP/USD | Time: 02:00 | Bars: 100
00:09:57 | [ANALYSIS] GBP/USD | Price: 1.34336 | RSI: 42.3 | ADX: 44.3 | ML: UP(75%)
00:09:57 | [STRATEGY] Added synthetic ML BUY signal (conf: 0.75)
00:09:57 | [ANALYSIS] Examining USD/JPY | Time: 02:00 | Bars: 100
00:09:57 | [ANALYSIS] Examining AUD/USD | Time: 02:00 | Bars: 100
00:09:57 | [IDLE] Waiting for next market pulse...
00:10:07 | [36m[STATS][0m --- [CYCLE 474] ---
00:10:07 | [36m[STATS][0m Balance: 97965.06 | Equity: 97963.30 | Active: 3 | Margin: 97821.53 | Util: 0.1%
00:10:07 | [POSITION STATS] Open: 3 | Unrealized: $-1.76 | Daily Loss: $0.00/100.00
00:10:07 | [ANALYSIS] Examining EUR/USD | Time: 02:00 | Bars: 100
00:10:07 | [ANALYSIS] Examining GBP/USD | Time: 02:00 | Bars: 100
00:10:07 | [ANALYSIS] GBP/USD | Price: 1.34336 | RSI: 42.3 | ADX: 44.3 | ML: UP(75%)
00:10:07 | [STRATEGY] Added synthetic ML BUY signal (conf: 0.75)
00:10:07 | [ANALYSIS] Examining USD/JPY | Time: 02:00 | Bars: 100
00:10:07 | [ANALYSIS] Examining AUD/USD | Time: 02:00 | Bars: 100
00:10:07 | [IDLE] Waiting for next market pulse...
00:10:18 | [36m[STATS][0m --- [CYCLE 475] ---
00:10:18 | [36m[STATS][0m Balance: 97965.06 | Equity: 97963.50 | Active: 3 | Margin: 97821.73 | Util: 0.1%
00:10:18 | [POSITION STATS] Open: 3 | Unrealized: $-1.56 | Daily Loss: $0.00/100.00
00:10:18 | [ANALYSIS] Examining EUR/USD | Time: 02:00 | Bars: 100
00:10:18 | [ANALYSIS] Examining GBP/USD | Time: 02:00 | Bars: 100
00:10:18 | [ANALYSIS] GBP/USD | Price: 1.34336 | RSI: 42.3 | ADX: 44.3 | ML: UP(75%)
00:10:18 | [STRATEGY] Added synthetic ML BUY signal (conf: 0.75)
00:10:18 | [ANALYSIS] Examining USD/JPY | Time: 02:00 | Bars: 100
00:10:18 | [ANALYSIS] Examining AUD/USD | Time: 02:00 | Bars: 100
00:10:18 | [SUMMARY] Risk: operational | Positions: 3 | Daily Trades: 1/5 | Exits: 1 (Market: 0, Admin: 1)
00:10:18 | [IDLE] Waiting for next market pulse...
00:10:28 | [36m[STATS][0m --- [CYCLE 476] ---
00:10:28 | [36m[STATS][0m Balance: 97965.06 | Equity: 97963.52 | Active: 3 | Margin: 97821.75 | Util: 0.1%
00:10:28 | [POSITION STATS] Open: 3 | Unrealized: $-1.54 | Daily Loss: $0.00/100.00
00:10:28 | [ANALYSIS] Examining EUR/USD | Time: 02:00 | Bars: 100
00:10:28 | [ANALYSIS] Examining GBP/USD | Time: 02:00 | Bars: 100
00:10:28 | [ANALYSIS] GBP/USD | Price: 1.34336 | RSI: 42.3 | ADX: 44.3 | ML: UP(75%)
00:10:28 | [STRATEGY] Added synthetic ML BUY signal (conf: 0.75)
00:10:28 | [ANALYSIS] Examining USD/JPY | Time: 02:00 | Bars: 100
00:10:28 | [ANALYSIS] Examining AUD/USD | Time: 02:00 | Bars: 100
00:10:28 | [IDLE] Waiting for next market pulse...
00:10:38 | [36m[STATS][0m --- [CYCLE 477] ---
00:10:38 | [36m[STATS][0m Balance: 97965.06 | Equity: 97963.46 | Active: 3 | Margin: 97821.69 | Util: 0.1%
00:10:38 | [POSITION STATS] Open: 3 | Unrealized: $-1.60 | Daily Loss: $0.00/100.00
00:10:38 | [ANALYSIS] Examining EUR/USD | Time: 02:00 | Bars: 100
00:10:38 | [ANALYSIS] Examining GBP/USD | Time: 02:00 | Bars: 100
00:10:38 | [ANALYSIS] GBP/USD | Price: 1.34337 | RSI: 42.3 | ADX: 44.3 | ML: UP(75%)
00:10:38 | [STRATEGY] Added synthetic ML BUY signal (conf: 0.75)
00:10:38 | [ANALYSIS] Examining USD/JPY | Time: 02:00 | Bars: 100
00:10:38 | [ANALYSIS] Examining AUD/USD | Time: 02:00 | Bars: 100
00:10:38 | [IDLE] Waiting for next market pulse...
00:10:49 | [36m[STATS][0m --- [CYCLE 478] ---
00:10:49 | [36m[STATS][0m Balance: 97965.06 | Equity: 97963.53 | Active: 3 | Margin: 97821.76 | Util: 0.1%
00:10:49 | [POSITION STATS] Open: 3 | Unrealized: $-1.53 | Daily Loss: $0.00/100.00
00:10:49 | [ANALYSIS] Examining EUR/USD | Time: 02:00 | Bars: 100
00:10:49 | [ANALYSIS] Examining GBP/USD | Time: 02:00 | Bars: 100
00:10:49 | [ANALYSIS] GBP/USD | Price: 1.34336 | RSI: 42.3 | ADX: 44.3 | ML: UP(75%)
00:10:49 | [STRATEGY] Added synthetic ML BUY signal (conf: 0.75)
00:10:49 | [ANALYSIS] Examining USD/JPY | Time: 02:00 | Bars: 100
00:10:49 | [ANALYSIS] Examining AUD/USD | Time: 02:00 | Bars: 100
00:10:49 | [IDLE] Waiting for next market pulse...
00:10:59 | [36m[STATS][0m --- [CYCLE 479] ---
00:10:59 | [36m[STATS][0m Balance: 97965.06 | Equity: 97963.43 | Active: 3 | Margin: 97821.66 | Util: 0.1%
00:10:59 | [POSITION STATS] Open: 3 | Unrealized: $-1.63 | Daily Loss: $0.00/100.00
00:10:59 | [ANALYSIS] Examining EUR/USD | Time: 02:00 | Bars: 100
00:10:59 | [ANALYSIS] Examining GBP/USD | Time: 02:00 | Bars: 100
00:10:59 | [ANALYSIS] GBP/USD | Price: 1.34336 | RSI: 42.3 | ADX: 44.3 | ML: UP(75%)
00:10:59 | [STRATEGY] Added synthetic ML BUY signal (conf: 0.75)
00:10:59 | [ANALYSIS] Examining USD/JPY | Time: 02:00 | Bars: 100
00:10:59 | [ANALYSIS] Examining AUD/USD | Time: 02:00 | Bars: 100
00:10:59 | [IDLE] Waiting for next market pulse...
00:11:09 | [36m[STATS][0m --- [CYCLE 480] ---
00:11:09 | [36m[STATS][0m Balance: 97965.06 | Equity: 97963.53 | Active: 3 | Margin: 97821.76 | Util: 0.1%
00:11:09 | [POSITION STATS] Open: 3 | Unrealized: $-1.53 | Daily Loss: $0.00/100.00
00:11:09 | [ANALYSIS] Examining EUR/USD | Time: 02:00 | Bars: 100
00:11:09 | [ANALYSIS] Examining GBP/USD | Time: 02:00 | Bars: 100
00:11:09 | [ANALYSIS] GBP/USD | Price: 1.34337 | RSI: 42.3 | ADX: 44.3 | ML: UP(75%)
00:11:09 | [STRATEGY] Added synthetic ML BUY signal (conf: 0.75)
00:11:09 | [ANALYSIS] Examining USD/JPY | Time: 02:00 | Bars: 100
00:11:09 | [ANALYSIS] Examining AUD/USD | Time: 02:00 | Bars: 100
00:11:09 | [SUMMARY] Risk: operational | Positions: 3 | Daily Trades: 1/5 | Exits: 1 (Market: 0, Admin: 1)
00:11:09 | [IDLE] Waiting for next market pulse...
00:11:20 | [36m[STATS][0m --- [CYCLE 481] ---
00:11:20 | [36m[STATS][0m Balance: 97965.06 | Equity: 97964.04 | Active: 3 | Margin: 97822.27 | Util: 0.1%
00:11:20 | [POSITION STATS] Open: 3 | Unrealized: $-1.02 | Daily Loss: $0.00/100.00
00:11:20 | [ANALYSIS] Examining EUR/USD | Time: 02:00 | Bars: 100
00:11:20 | [ANALYSIS] Examining GBP/USD | Time: 02:00 | Bars: 100
00:11:20 | [ANALYSIS] GBP/USD | Price: 1.34349 | RSI: 43.0 | ADX: 44.3 | ML: UP(75%)
00:11:20 | [STRATEGY] Added synthetic ML BUY signal (conf: 0.75)
00:11:20 | [ANALYSIS] Examining USD/JPY | Time: 02:00 | Bars: 100
00:11:20 | [ANALYSIS] Examining AUD/USD | Time: 02:00 | Bars: 100
00:11:20 | [IDLE] Waiting for next market pulse...
00:11:30 | [36m[STATS][0m --- [CYCLE 482] ---
00:11:30 | [36m[STATS][0m Balance: 97965.06 | Equity: 97963.95 | Active: 3 | Margin: 97822.18 | Util: 0.1%
00:11:30 | [POSITION STATS] Open: 3 | Unrealized: $-1.11 | Daily Loss: $0.00/100.00
00:11:30 | [ANALYSIS] Examining EUR/USD | Time: 02:00 | Bars: 100
00:11:30 | [ANALYSIS] Examining GBP/USD | Time: 02:00 | Bars: 100
00:11:30 | [ANALYSIS] GBP/USD | Price: 1.34349 | RSI: 43.0 | ADX: 44.3 | ML: UP(75%)
00:11:30 | [STRATEGY] Added synthetic ML BUY signal (conf: 0.75)
00:11:30 | [ANALYSIS] Examining USD/JPY | Time: 02:00 | Bars: 100
00:11:30 | [ANALYSIS] Examining AUD/USD | Time: 02:00 | Bars: 100
00:11:30 | [IDLE] Waiting for next market pulse...
00:11:40 | [36m[STATS][0m --- [CYCLE 483] ---
00:11:40 | [36m[STATS][0m Balance: 97965.06 | Equity: 97964.05 | Active: 3 | Margin: 97822.28 | Util: 0.1%
00:11:40 | [POSITION STATS] Open: 3 | Unrealized: $-1.01 | Daily Loss: $0.00/100.00
00:11:40 | [ANALYSIS] Examining EUR/USD | Time: 02:00 | Bars: 100
00:11:40 | [ANALYSIS] Examining GBP/USD | Time: 02:00 | Bars: 100
00:11:40 | [ANALYSIS] GBP/USD | Price: 1.34349 | RSI: 43.0 | ADX: 44.3 | ML: UP(75%)
00:11:40 | [STRATEGY] Added synthetic ML BUY signal (conf: 0.75)
00:11:40 | [ANALYSIS] Examining USD/JPY | Time: 02:00 | Bars: 100
00:11:40 | [ANALYSIS] Examining AUD/USD | Time: 02:00 | Bars: 100
00:11:40 | [IDLE] Waiting for next market pulse...
00:11:51 | [36m[STATS][0m --- [CYCLE 484] ---
00:11:51 | [36m[STATS][0m Balance: 97965.06 | Equity: 97963.79 | Active: 3 | Margin: 97822.02 | Util: 0.1%
00:11:51 | [POSITION STATS] Open: 3 | Unrealized: $-1.27 | Daily Loss: $0.00/100.00
00:11:51 | [ANALYSIS] Examining EUR/USD | Time: 02:00 | Bars: 100
00:11:51 | [ANALYSIS] Examining GBP/USD | Time: 02:00 | Bars: 100
00:11:51 | [ANALYSIS] GBP/USD | Price: 1.34341 | RSI: 42.6 | ADX: 44.3 | ML: UP(75%)
00:11:51 | [STRATEGY] Added synthetic ML BUY signal (conf: 0.75)
00:11:51 | [ANALYSIS] Examining USD/JPY | Time: 02:00 | Bars: 100
00:11:51 | [ANALYSIS] Examining AUD/USD | Time: 02:00 | Bars: 100
00:11:51 | [IDLE] Waiting for next market pulse...
00:12:01 | [36m[STATS][0m --- [CYCLE 485] ---
00:12:01 | [36m[STATS][0m Balance: 97965.06 | Equity: 97963.71 | Active: 3 | Margin: 97821.94 | Util: 0.1%
00:12:01 | [POSITION STATS] Open: 3 | Unrealized: $-1.35 | Daily Loss: $0.00/100.00
00:12:01 | [ANALYSIS] Examining EUR/USD | Time: 02:00 | Bars: 100
00:12:01 | [ANALYSIS] Examining GBP/USD | Time: 02:00 | Bars: 100
00:12:01 | [ANALYSIS] GBP/USD | Price: 1.34342 | RSI: 42.6 | ADX: 44.3 | ML: UP(75%)
00:12:01 | [STRATEGY] Added synthetic ML BUY signal (conf: 0.75)
00:12:01 | [ANALYSIS] Examining USD/JPY | Time: 02:00 | Bars: 100
00:12:01 | [ANALYSIS] Examining AUD/USD | Time: 02:00 | Bars: 100
00:12:01 | [SUMMARY] Risk: operational | Positions: 3 | Daily Trades: 1/5 | Exits: 1 (Market: 0, Admin: 1)
00:12:01 | [IDLE] Waiting for next market pulse...
00:12:11 | [36m[STATS][0m --- [CYCLE 486] ---
00:12:11 | [36m[STATS][0m Balance: 97965.06 | Equity: 97962.73 | Active: 3 | Margin: 97820.96 | Util: 0.1%
00:12:11 | [POSITION STATS] Open: 3 | Unrealized: $-2.33 | Daily Loss: $0.00/100.00
00:12:11 | [ANALYSIS] Examining EUR/USD | Time: 02:00 | Bars: 100
00:12:11 | [ANALYSIS] Examining GBP/USD | Time: 02:00 | Bars: 100
00:12:11 | [ANALYSIS] GBP/USD | Price: 1.34335 | RSI: 42.2 | ADX: 44.3 | ML: UP(75%)
00:12:11 | [STRATEGY] Added synthetic ML BUY signal (conf: 0.75)
00:12:11 | [ANALYSIS] Examining USD/JPY | Time: 02:00 | Bars: 100
00:12:11 | [ANALYSIS] Examining AUD/USD | Time: 02:00 | Bars: 100
00:12:11 | [IDLE] Waiting for next market pulse...
00:12:22 | [36m[STATS][0m --- [CYCLE 487] ---
00:12:22 | [36m[STATS][0m Balance: 97965.06 | Equity: 97963.05 | Active: 3 | Margin: 97821.28 | Util: 0.1%
00:12:22 | [POSITION STATS] Open: 3 | Unrealized: $-2.01 | Daily Loss: $0.00/100.00
00:12:22 | [ANALYSIS] Examining EUR/USD | Time: 02:00 | Bars: 100
00:12:22 | [ANALYSIS] Examining GBP/USD | Time: 02:00 | Bars: 100
00:12:22 | [ANALYSIS] GBP/USD | Price: 1.34339 | RSI: 42.4 | ADX: 44.3 | ML: UP(75%)
00:12:22 | [STRATEGY] Added synthetic ML BUY signal (conf: 0.75)
00:12:22 | [ANALYSIS] Examining USD/JPY | Time: 02:00 | Bars: 100
00:12:22 | [ANALYSIS] Examining AUD/USD | Time: 02:00 | Bars: 100
00:12:22 | [IDLE] Waiting for next market pulse...
00:12:32 | [36m[STATS][0m --- [CYCLE 488] ---
00:12:32 | [36m[STATS][0m Balance: 97965.06 | Equity: 97962.69 | Active: 3 | Margin: 97820.92 | Util: 0.1%
00:12:32 | [POSITION STATS] Open: 3 | Unrealized: $-2.37 | Daily Loss: $0.00/100.00
00:12:32 | [ANALYSIS] Examining EUR/USD | Time: 02:00 | Bars: 100
00:12:32 | [ANALYSIS] Examining GBP/USD | Time: 02:00 | Bars: 100
00:12:32 | [ANALYSIS] GBP/USD | Price: 1.34339 | RSI: 42.4 | ADX: 44.3 | ML: UP(75%)
00:12:32 | [STRATEGY] Added synthetic ML BUY signal (conf: 0.75)
00:12:32 | [ANALYSIS] Examining USD/JPY | Time: 02:00 | Bars: 100
00:12:32 | [ANALYSIS] Examining AUD/USD | Time: 02:00 | Bars: 100
00:12:32 | [IDLE] Waiting for next market pulse...
00:12:42 | [36m[STATS][0m --- [CYCLE 489] ---
00:12:42 | [36m[STATS][0m Balance: 97965.06 | Equity: 97962.44 | Active: 3 | Margin: 97820.67 | Util: 0.1%
00:12:42 | [POSITION STATS] Open: 3 | Unrealized: $-2.62 | Daily Loss: $0.00/100.00
00:12:42 | [ANALYSIS] Examining EUR/USD | Time: 02:00 | Bars: 100
00:12:42 | [ANALYSIS] Examining GBP/USD | Time: 02:00 | Bars: 100
00:12:42 | [ANALYSIS] GBP/USD | Price: 1.34339 | RSI: 42.4 | ADX: 44.3 | ML: UP(75%)
00:12:42 | [STRATEGY] Added synthetic ML BUY signal (conf: 0.75)
00:12:42 | [ANALYSIS] Examining USD/JPY | Time: 02:00 | Bars: 100
00:12:42 | [ANALYSIS] Examining AUD/USD | Time: 02:00 | Bars: 100
00:12:42 | [IDLE] Waiting for next market pulse...
00:12:53 | [36m[STATS][0m --- [CYCLE 490] ---
00:12:53 | [36m[STATS][0m Balance: 97965.06 | Equity: 97962.71 | Active: 3 | Margin: 97820.94 | Util: 0.1%
00:12:53 | [POSITION STATS] Open: 3 | Unrealized: $-2.35 | Daily Loss: $0.00/100.00
00:12:53 | [ANALYSIS] Examining EUR/USD | Time: 02:00 | Bars: 100
00:12:53 | [ANALYSIS] Examining GBP/USD | Time: 02:00 | Bars: 100
00:12:53 | [ANALYSIS] GBP/USD | Price: 1.34337 | RSI: 42.3 | ADX: 44.3 | ML: UP(75%)
00:12:53 | [STRATEGY] Added synthetic ML BUY signal (conf: 0.75)
00:12:53 | [ANALYSIS] Examining USD/JPY | Time: 02:00 | Bars: 100
00:12:53 | [ANALYSIS] Examining AUD/USD | Time: 02:00 | Bars: 100
00:12:53 | [SUMMARY] Risk: operational | Positions: 3 | Daily Trades: 1/5 | Exits: 1 (Market: 0, Admin: 1)
00:12:53 | [IDLE] Waiting for next market pulse...
00:13:03 | [36m[STATS][0m --- [CYCLE 491] ---
00:13:03 | [36m[STATS][0m Balance: 97965.06 | Equity: 97961.99 | Active: 3 | Margin: 97820.22 | Util: 0.1%
00:13:03 | [POSITION STATS] Open: 3 | Unrealized: $-3.07 | Daily Loss: $0.00/100.00
00:13:03 | [ANALYSIS] Examining EUR/USD | Time: 02:00 | Bars: 100
00:13:03 | [ANALYSIS] Examining GBP/USD | Time: 02:00 | Bars: 100
00:13:03 | [ANALYSIS] GBP/USD | Price: 1.34335 | RSI: 42.2 | ADX: 44.3 | ML: UP(75%)
00:13:03 | [STRATEGY] Added synthetic ML BUY signal (conf: 0.75)
00:13:03 | [ANALYSIS] Examining USD/JPY | Time: 02:00 | Bars: 100
00:13:03 | [ANALYSIS] Examining AUD/USD | Time: 02:00 | Bars: 100
00:13:03 | [IDLE] Waiting for next market pulse...
00:13:13 | [36m[STATS][0m --- [CYCLE 492] ---
00:13:13 | [36m[STATS][0m Balance: 97965.06 | Equity: 97961.67 | Active: 3 | Margin: 97819.90 | Util: 0.1%
00:13:13 | [POSITION STATS] Open: 3 | Unrealized: $-3.39 | Daily Loss: $0.00/100.00
00:13:13 | [ANALYSIS] Examining EUR/USD | Time: 02:00 | Bars: 100
00:13:13 | [ANALYSIS] Examining GBP/USD | Time: 02:00 | Bars: 100
00:13:13 | [ANALYSIS] GBP/USD | Price: 1.34333 | RSI: 42.1 | ADX: 44.3 | ML: UP(75%)
00:13:13 | [STRATEGY] Added synthetic ML BUY signal (conf: 0.75)
00:13:13 | [ANALYSIS] Examining USD/JPY | Time: 02:00 | Bars: 100
00:13:13 | [ANALYSIS] Examining AUD/USD | Time: 02:00 | Bars: 100
00:13:13 | [IDLE] Waiting for next market pulse...
00:13:24 | [36m[STATS][0m --- [CYCLE 493] ---
00:13:24 | [36m[STATS][0m Balance: 97965.06 | Equity: 97961.85 | Active: 3 | Margin: 97820.08 | Util: 0.1%
00:13:24 | [POSITION STATS] Open: 3 | Unrealized: $-3.21 | Daily Loss: $0.00/100.00
00:13:24 | [ANALYSIS] Examining EUR/USD | Time: 02:00 | Bars: 100
00:13:24 | [ANALYSIS] Examining GBP/USD | Time: 02:00 | Bars: 100
00:13:24 | [ANALYSIS] GBP/USD | Price: 1.34333 | RSI: 42.1 | ADX: 44.3 | ML: UP(75%)
00:13:24 | [STRATEGY] Added synthetic ML BUY signal (conf: 0.75)
00:13:24 | [ANALYSIS] Examining USD/JPY | Time: 02:00 | Bars: 100
00:13:24 | [ANALYSIS] Examining AUD/USD | Time: 02:00 | Bars: 100
00:13:24 | [IDLE] Waiting for next market pulse...
00:13:34 | [36m[STATS][0m --- [CYCLE 494] ---
00:13:34 | [36m[STATS][0m Balance: 97965.06 | Equity: 97961.86 | Active: 3 | Margin: 97820.09 | Util: 0.1%
00:13:34 | [POSITION STATS] Open: 3 | Unrealized: $-3.20 | Daily Loss: $0.00/100.00
00:13:34 | [ANALYSIS] Examining EUR/USD | Time: 02:00 | Bars: 100
00:13:34 | [ANALYSIS] Examining GBP/USD | Time: 02:00 | Bars: 100
00:13:34 | [ANALYSIS] GBP/USD | Price: 1.34334 | RSI: 42.2 | ADX: 44.3 | ML: UP(75%)
00:13:34 | [STRATEGY] Added synthetic ML BUY signal (conf: 0.75)
00:13:34 | [ANALYSIS] Examining USD/JPY | Time: 02:00 | Bars: 100
00:13:34 | [ANALYSIS] Examining AUD/USD | Time: 02:00 | Bars: 100
00:13:34 | [IDLE] Waiting for next market pulse...
00:13:44 | [36m[STATS][0m --- [CYCLE 495] ---
00:13:44 | [36m[STATS][0m Balance: 97965.06 | Equity: 97961.64 | Active: 3 | Margin: 97819.87 | Util: 0.1%
00:13:44 | [POSITION STATS] Open: 3 | Unrealized: $-3.42 | Daily Loss: $0.00/100.00
00:13:44 | [ANALYSIS] Examining EUR/USD | Time: 02:00 | Bars: 100
00:13:44 | [ANALYSIS] Examining GBP/USD | Time: 02:00 | Bars: 100
00:13:44 | [ANALYSIS] GBP/USD | Price: 1.34329 | RSI: 41.9 | ADX: 44.3 | ML: UP(75%)
00:13:44 | [STRATEGY] Added synthetic ML BUY signal (conf: 0.75)
00:13:44 | [ANALYSIS] Examining USD/JPY | Time: 02:00 | Bars: 100
00:13:44 | [ANALYSIS] Examining AUD/USD | Time: 02:00 | Bars: 100
00:13:44 | [SUMMARY] Risk: operational | Positions: 3 | Daily Trades: 1/5 | Exits: 1 (Market: 0, Admin: 1)
00:13:44 | [IDLE] Waiting for next market pulse...
00:13:55 | [36m[STATS][0m --- [CYCLE 496] ---
00:13:55 | [36m[STATS][0m Balance: 97965.06 | Equity: 97961.34 | Active: 3 | Margin: 97819.57 | Util: 0.1%
00:13:55 | [POSITION STATS] Open: 3 | Unrealized: $-3.72 | Daily Loss: $0.00/100.00
00:13:55 | [ANALYSIS] Examining EUR/USD | Time: 02:00 | Bars: 100
00:13:55 | [ANALYSIS] Examining GBP/USD | Time: 02:00 | Bars: 100
00:13:55 | [ANALYSIS] GBP/USD | Price: 1.34329 | RSI: 41.9 | ADX: 44.3 | ML: UP(75%)
00:13:55 | [STRATEGY] Added synthetic ML BUY signal (conf: 0.75)
00:13:55 | [ANALYSIS] Examining USD/JPY | Time: 02:00 | Bars: 100
00:13:55 | [ANALYSIS] Examining AUD/USD | Time: 02:00 | Bars: 100
00:13:55 | [IDLE] Waiting for next market pulse...
00:13:56 | Configuration reloaded successfully
00:14:05 | [36m[STATS][0m --- [CYCLE 497] ---
00:14:05 | [36m[STATS][0m Balance: 97965.06 | Equity: 97961.37 | Active: 3 | Margin: 97819.60 | Util: 0.1%
00:14:05 | [POSITION STATS] Open: 3 | Unrealized: $-3.69 | Daily Loss: $0.00/100.00
00:14:05 | [ANALYSIS] Examining EUR/USD | Time: 02:00 | Bars: 100
00:14:05 | [ANALYSIS] Examining GBP/USD | Time: 02:00 | Bars: 100
00:14:05 | [ANALYSIS] GBP/USD | Price: 1.34331 | RSI: 42.0 | ADX: 44.3 | ML: UP(75%)
00:14:05 | [STRATEGY] Added synthetic ML BUY signal (conf: 0.75)
00:14:05 | [ANALYSIS] Examining USD/JPY | Time: 02:00 | Bars: 100
00:14:05 | [ANALYSIS] Examining AUD/USD | Time: 02:00 | Bars: 100
00:14:05 | [IDLE] Waiting for next market pulse...
00:14:15 | [36m[STATS][0m --- [CYCLE 498] ---
00:14:15 | [36m[STATS][0m Balance: 97965.06 | Equity: 97961.23 | Active: 3 | Margin: 97819.46 | Util: 0.1%
00:14:15 | [POSITION STATS] Open: 3 | Unrealized: $-3.83 | Daily Loss: $0.00/100.00
00:14:15 | [ANALYSIS] Examining EUR/USD | Time: 02:00 | Bars: 100
00:14:15 | [ANALYSIS] Examining GBP/USD | Time: 02:00 | Bars: 100
00:14:15 | [ANALYSIS] GBP/USD | Price: 1.34328 | RSI: 41.9 | ADX: 44.3 | ML: UP(75%)
00:14:15 | [STRATEGY] Added synthetic ML BUY signal (conf: 0.75)
00:14:15 | [ANALYSIS] Examining USD/JPY | Time: 02:00 | Bars: 100
00:14:15 | [ANALYSIS] Examining AUD/USD | Time: 02:00 | Bars: 100
00:14:15 | [IDLE] Waiting for next market pulse...
00:14:26 | [36m[STATS][0m --- [CYCLE 499] ---
00:14:26 | [36m[STATS][0m Balance: 97965.06 | Equity: 97961.34 | Active: 3 | Margin: 97819.57 | Util: 0.1%
00:14:26 | [POSITION STATS] Open: 3 | Unrealized: $-3.72 | Daily Loss: $0.00/100.00
00:14:26 | [ANALYSIS] Examining EUR/USD | Time: 02:00 | Bars: 100
00:14:26 | [ANALYSIS] Examining GBP/USD | Time: 02:00 | Bars: 100
00:14:26 | [ANALYSIS] GBP/USD | Price: 1.34326 | RSI: 41.8 | ADX: 44.3 | ML: UP(75%)
00:14:26 | [STRATEGY] Added synthetic ML BUY signal (conf: 0.75)
00:14:26 | [ANALYSIS] Examining USD/JPY | Time: 02:00 | Bars: 100
00:14:26 | [ANALYSIS] Examining AUD/USD | Time: 02:00 | Bars: 100
00:14:26 | [IDLE] Waiting for next market pulse...
00:14:36 | [36m[STATS][0m --- [CYCLE 500] ---
00:14:36 | [36m[STATS][0m Balance: 97965.06 | Equity: 97961.37 | Active: 3 | Margin: 97819.60 | Util: 0.1%
00:14:36 | [POSITION STATS] Open: 3 | Unrealized: $-3.69 | Daily Loss: $0.00/100.00
00:14:36 | [ANALYSIS] Examining EUR/USD | Time: 02:00 | Bars: 100
00:14:36 | [ANALYSIS] Examining GBP/USD | Time: 02:00 | Bars: 100
00:14:36 | [ANALYSIS] GBP/USD | Price: 1.34330 | RSI: 42.0 | ADX: 44.3 | ML: UP(75%)
00:14:36 | [STRATEGY] Added synthetic ML BUY signal (conf: 0.75)
00:14:36 | [ANALYSIS] Examining USD/JPY | Time: 02:00 | Bars: 100
00:14:36 | [ANALYSIS] Examining AUD/USD | Time: 02:00 | Bars: 100
00:14:36 | [SUMMARY] Risk: operational | Positions: 3 | Daily Trades: 1/5 | Exits: 1 (Market: 0, Admin: 1)
00:14:36 | [IDLE] Waiting for next market pulse...
00:14:46 | [36m[STATS][0m --- [CYCLE 501] ---
00:14:46 | [36m[STATS][0m Balance: 97965.06 | Equity: 97960.98 | Active: 3 | Margin: 97819.21 | Util: 0.1%
00:14:46 | [POSITION STATS] Open: 3 | Unrealized: $-4.08 | Daily Loss: $0.00/100.00
00:14:46 | [ANALYSIS] Examining EUR/USD | Time: 02:00 | Bars: 100
00:14:46 | [ANALYSIS] Examining GBP/USD | Time: 02:00 | Bars: 100
00:14:46 | [ANALYSIS] GBP/USD | Price: 1.34324 | RSI: 41.7 | ADX: 44.4 | ML: UP(75%)
00:14:46 | [STRATEGY] Added synthetic ML BUY signal (conf: 0.75)
00:14:47 | [ANALYSIS] Examining USD/JPY | Time: 02:00 | Bars: 100
00:14:47 | [ANALYSIS] Examining AUD/USD | Time: 02:00 | Bars: 100
00:14:47 | [IDLE] Waiting for next market pulse...
00:14:57 | [36m[STATS][0m --- [CYCLE 502] ---
00:14:57 | [1;35m[CLOSE][0m GBPUSD | PnL: [91m-$3.30[0m | ID: 54609394147
00:14:57 | [1;35m[CLOSE][0m GBPUSD | PnL: [91m-$3.35[0m | ID: 54609416403
00:14:57 | [1;35m[CLOSE][0m GBPUSD | PnL: [91m-$3.35[0m | ID: 54609399243
00:14:57 | [36m[STATS][0m Balance: 97965.06 | Equity: 97960.58 | Active: 3 | Margin: 97818.81 | Util: 0.1%
00:14:57 | [POSITION STATS] Open: 3 | Unrealized: $-4.48 | Daily Loss: $0.00/100.00
00:14:57 | [ANALYSIS] Examining EUR/USD | Time: 02:00 | Bars: 100
00:14:57 | [ANALYSIS] Examining GBP/USD | Time: 02:00 | Bars: 100
00:14:57 | [ANALYSIS] GBP/USD | Price: 1.34324 | RSI: 41.7 | ADX: 44.4 | ML: UP(75%)
00:14:57 | [STRATEGY] Added synthetic ML BUY signal (conf: 0.75)
00:14:57 | [ANALYSIS] Examining USD/JPY | Time: 02:00 | Bars: 100
00:14:57 | [ANALYSIS] Examining AUD/USD | Time: 02:00 | Bars: 100
00:14:57 | [IDLE] Waiting for next market pulse...
00:15:07 | [36m[STATS][0m --- [CYCLE 503] ---
00:15:07 | [1;35m[CLOSE][0m AUDUSD | PnL: [92m+$3.40[0m | ID: 54608862600
00:15:07 | [1;35m[CLOSE][0m GBPUSD | PnL: [91m-$4.00[0m | ID: 54609377144
00:15:07 | [1;35m[CLOSE][0m GBPUSD | PnL: [91m-$4.00[0m | ID: 54609382625
00:15:07 | [1;35m[CLOSE][0m GBPUSD | PnL: [91m-$3.50[0m | ID: 54609386134
00:15:07 | [1;35m[CLOSE][0m GBPUSD | PnL: [91m-$3.25[0m | ID: 54609388449
00:15:07 | [1;35m[CLOSE][0m GBPUSD | PnL: [91m-$3.25[0m | ID: 54609390961
00:15:07 | [1;35m[CLOSE][0m GBPUSD | PnL: [91m-$3.10[0m | ID: 54609396914
00:15:07 | [1;35m[CLOSE][0m GBPUSD | PnL: [91m-$3.45[0m | ID: 54609401783
00:15:07 | [1;35m[CLOSE][0m GBPUSD | PnL: [91m-$3.50[0m | ID: 54609403557
00:15:07 | [1;35m[CLOSE][0m GBPUSD | PnL: [91m-$3.55[0m | ID: 54609405622
00:15:07 | [1;35m[CLOSE][0m GBPUSD | PnL: [91m-$3.25[0m | ID: 54609407273
00:15:07 | [1;35m[CLOSE][0m GBPUSD | PnL: [91m-$3.45[0m | ID: 54609409603
00:15:07 | [1;35m[CLOSE][0m GBPUSD | PnL: [91m-$3.30[0m | ID: 54609411483
00:15:07 | [1;35m[CLOSE][0m GBPUSD | PnL: [91m-$3.30[0m | ID: 54609413409
00:15:07 | [1;35m[CLOSE][0m GBPUSD | PnL: [91m-$3.55[0m | ID: 54609418972
00:15:07 | [1;35m[CLOSE][0m GBPUSD | PnL: [91m-$3.75[0m | ID: 54609420245
00:15:07 | [1;35m[CLOSE][0m EURUSD | PnL: [92m+$0.40[0m | ID: 54610155942
00:15:07 | [36m[STATS][0m Balance: 97965.06 | Equity: 97960.70 | Active: 3 | Margin: 97818.93 | Util: 0.1%
00:15:07 | [POSITION STATS] Open: 3 | Unrealized: $-4.36 | Daily Loss: $0.00/100.00
00:15:07 | [ANALYSIS] Examining EUR/USD | Time: 02:00 | Bars: 100
00:15:07 | [ANALYSIS] Examining GBP/USD | Time: 02:00 | Bars: 100
00:15:07 | [ANALYSIS] GBP/USD | Price: 1.34323 | RSI: 41.6 | ADX: 44.4 | ML: UP(75%)
00:15:08 | [STRATEGY] Added synthetic ML BUY signal (conf: 0.75)
00:15:08 | [ANALYSIS] Examining USD/JPY | Time: 02:00 | Bars: 100
00:15:08 | [ANALYSIS] Examining AUD/USD | Time: 02:00 | Bars: 100
00:15:08 | [IDLE] Waiting for next market pulse...
00:15:18 | [36m[STATS][0m --- [CYCLE 504] ---
00:15:18 | [36m[STATS][0m Balance: 97965.06 | Equity: 97960.58 | Active: 3 | Margin: 97818.81 | Util: 0.1%
00:15:18 | [POSITION STATS] Open: 3 | Unrealized: $-4.48 | Daily Loss: $0.00/100.00
00:15:18 | [ANALYSIS] Examining EUR/USD | Time: 02:00 | Bars: 100
00:15:18 | [ANALYSIS] Examining GBP/USD | Time: 02:00 | Bars: 100
00:15:18 | [ANALYSIS] GBP/USD | Price: 1.34320 | RSI: 41.5 | ADX: 44.4 | ML: UP(75%)
00:15:18 | [STRATEGY] Added synthetic ML BUY signal (conf: 0.75)
00:15:18 | [ANALYSIS] Examining USD/JPY | Time: 02:00 | Bars: 100
00:15:18 | [ANALYSIS] Examining AUD/USD | Time: 02:00 | Bars: 100
00:15:18 | [IDLE] Waiting for next market pulse...
00:15:28 | [36m[STATS][0m --- [CYCLE 505] ---
00:15:28 | [36m[STATS][0m Balance: 97965.06 | Equity: 97960.68 | Active: 3 | Margin: 97818.91 | Util: 0.1%
00:15:28 | [POSITION STATS] Open: 3 | Unrealized: $-4.38 | Daily Loss: $0.00/100.00
00:15:28 | [ANALYSIS] Examining EUR/USD | Time: 02:00 | Bars: 100
00:15:28 | [ANALYSIS] Examining GBP/USD | Time: 02:00 | Bars: 100
00:15:28 | [ANALYSIS] GBP/USD | Price: 1.34323 | RSI: 41.6 | ADX: 44.4 | ML: UP(75%)
00:15:28 | [STRATEGY] Added synthetic ML BUY signal (conf: 0.75)
00:15:28 | [ANALYSIS] Examining USD/JPY | Time: 02:00 | Bars: 100
00:15:28 | [ANALYSIS] Examining AUD/USD | Time: 02:00 | Bars: 100
00:15:28 | [SUMMARY] Risk: operational | Positions: 3 | Daily Trades: 1/5 | Exits: 1 (Market: 0, Admin: 1)
00:15:28 | [IDLE] Waiting for next market pulse...
00:15:38 | [36m[STATS][0m --- [CYCLE 506] ---
00:15:38 | [36m[STATS][0m Balance: 97965.06 | Equity: 97960.43 | Active: 3 | Margin: 97818.66 | Util: 0.1%
00:15:38 | [POSITION STATS] Open: 3 | Unrealized: $-4.63 | Daily Loss: $0.00/100.00
00:15:39 | [ANALYSIS] Examining EUR/USD | Time: 02:00 | Bars: 100
00:15:39 | [ANALYSIS] Examining GBP/USD | Time: 02:00 | Bars: 100
00:15:39 | [ANALYSIS] GBP/USD | Price: 1.34320 | RSI: 41.5 | ADX: 44.4 | ML: UP(75%)
00:15:39 | [STRATEGY] Added synthetic ML BUY signal (conf: 0.75)
00:15:39 | [ANALYSIS] Examining USD/JPY | Time: 02:00 | Bars: 100
00:15:39 | [ANALYSIS] Examining AUD/USD | Time: 02:00 | Bars: 100
00:15:39 | [IDLE] Waiting for next market pulse...
00:15:49 | [36m[STATS][0m --- [CYCLE 507] ---
00:15:49 | [36m[STATS][0m Balance: 97965.06 | Equity: 97960.40 | Active: 3 | Margin: 97818.63 | Util: 0.1%
00:15:49 | [POSITION STATS] Open: 3 | Unrealized: $-4.66 | Daily Loss: $0.00/100.00
00:15:49 | [ANALYSIS] Examining EUR/USD | Time: 02:00 | Bars: 100
00:15:49 | [ANALYSIS] Examining GBP/USD | Time: 02:00 | Bars: 100
00:15:49 | [ANALYSIS] GBP/USD | Price: 1.34319 | RSI: 41.4 | ADX: 44.4 | ML: UP(75%)
00:15:49 | [STRATEGY] Added synthetic ML BUY signal (conf: 0.75)
00:15:49 | [ANALYSIS] Examining USD/JPY | Time: 02:00 | Bars: 100
00:15:49 | [ANALYSIS] Examining AUD/USD | Time: 02:00 | Bars: 100
00:15:49 | [IDLE] Waiting for next market pulse...
00:15:59 | [36m[STATS][0m --- [CYCLE 508] ---
00:15:59 | [36m[STATS][0m Balance: 97965.06 | Equity: 97960.75 | Active: 3 | Margin: 97818.98 | Util: 0.1%
00:15:59 | [POSITION STATS] Open: 3 | Unrealized: $-4.31 | Daily Loss: $0.00/100.00
00:15:59 | [ANALYSIS] Examining EUR/USD | Time: 02:00 | Bars: 100
00:15:59 | [ANALYSIS] Examining GBP/USD | Time: 02:00 | Bars: 100
00:15:59 | [ANALYSIS] GBP/USD | Price: 1.34324 | RSI: 41.7 | ADX: 44.4 | ML: UP(75%)
00:15:59 | [STRATEGY] Added synthetic ML BUY signal (conf: 0.75)
00:16:00 | [ANALYSIS] Examining USD/JPY | Time: 02:00 | Bars: 100
00:16:00 | [ANALYSIS] Examining AUD/USD | Time: 02:00 | Bars: 100
00:16:00 | [IDLE] Waiting for next market pulse...
00:16:10 | [36m[STATS][0m --- [CYCLE 509] ---
00:16:10 | [36m[STATS][0m Balance: 97965.06 | Equity: 97960.72 | Active: 3 | Margin: 97818.95 | Util: 0.1%
00:16:10 | [POSITION STATS] Open: 3 | Unrealized: $-4.34 | Daily Loss: $0.00/100.00
00:16:10 | [ANALYSIS] Examining EUR/USD | Time: 02:00 | Bars: 100
00:16:10 | [ANALYSIS] Examining GBP/USD | Time: 02:00 | Bars: 100
00:16:10 | [ANALYSIS] GBP/USD | Price: 1.34324 | RSI: 41.7 | ADX: 44.4 | ML: UP(75%)
00:16:10 | [STRATEGY] Added synthetic ML BUY signal (conf: 0.75)
00:16:10 | [ANALYSIS] Examining USD/JPY | Time: 02:00 | Bars: 100
00:16:10 | [ANALYSIS] Examining AUD/USD | Time: 02:00 | Bars: 100
00:16:10 | [IDLE] Waiting for next market pulse...
00:16:20 | [36m[STATS][0m --- [CYCLE 510] ---
00:16:20 | [36m[STATS][0m Balance: 97965.06 | Equity: 97960.62 | Active: 3 | Margin: 97818.85 | Util: 0.1%
00:16:20 | [POSITION STATS] Open: 3 | Unrealized: $-4.44 | Daily Loss: $0.00/100.00
00:16:20 | [ANALYSIS] Examining EUR/USD | Time: 02:00 | Bars: 100
00:16:20 | [ANALYSIS] Examining GBP/USD | Time: 02:00 | Bars: 100
00:16:20 | [ANALYSIS] GBP/USD | Price: 1.34318 | RSI: 41.4 | ADX: 44.4 | ML: UP(75%)
00:16:20 | [STRATEGY] Added synthetic ML BUY signal (conf: 0.75)
00:16:20 | [ANALYSIS] Examining USD/JPY | Time: 02:00 | Bars: 100
00:16:20 | [ANALYSIS] Examining AUD/USD | Time: 02:00 | Bars: 100
00:16:20 | [SUMMARY] Risk: operational | Positions: 3 | Daily Trades: 1/5 | Exits: 1 (Market: 0, Admin: 1)
00:16:20 | [IDLE] Waiting for next market pulse...
00:16:30 | [36m[STATS][0m --- [CYCLE 511] ---
00:16:30 | [36m[STATS][0m Balance: 97965.06 | Equity: 97960.32 | Active: 3 | Margin: 97818.55 | Util: 0.1%
00:16:30 | [POSITION STATS] Open: 3 | Unrealized: $-4.74 | Daily Loss: $0.00/100.00
00:16:31 | [ANALYSIS] Examining EUR/USD | Time: 02:00 | Bars: 100
00:16:31 | [ANALYSIS] Examining GBP/USD | Time: 02:00 | Bars: 100
00:16:31 | [ANALYSIS] GBP/USD | Price: 1.34317 | RSI: 41.3 | ADX: 44.4 | ML: UP(75%)
00:16:31 | [STRATEGY] Added synthetic ML BUY signal (conf: 0.75)
00:16:31 | [ANALYSIS] Examining USD/JPY | Time: 02:00 | Bars: 100
00:16:31 | [ANALYSIS] Examining AUD/USD | Time: 02:00 | Bars: 100
00:16:31 | [IDLE] Waiting for next market pulse...
00:16:41 | [36m[STATS][0m --- [CYCLE 512] ---
00:16:41 | [36m[STATS][0m Balance: 97965.06 | Equity: 97960.55 | Active: 3 | Margin: 97818.78 | Util: 0.1%
00:16:41 | [POSITION STATS] Open: 3 | Unrealized: $-4.51 | Daily Loss: $0.00/100.00
00:16:41 | [ANALYSIS] Examining EUR/USD | Time: 02:00 | Bars: 100
00:16:41 | [ANALYSIS] Examining GBP/USD | Time: 02:00 | Bars: 100
00:16:41 | [ANALYSIS] GBP/USD | Price: 1.34319 | RSI: 41.4 | ADX: 44.4 | ML: UP(75%)
00:16:41 | [STRATEGY] Added synthetic ML BUY signal (conf: 0.75)
00:16:41 | [ANALYSIS] Examining USD/JPY | Time: 02:00 | Bars: 100
00:16:41 | [ANALYSIS] Examining AUD/USD | Time: 02:00 | Bars: 100
00:16:41 | [IDLE] Waiting for next market pulse...
00:16:51 | [36m[STATS][0m --- [CYCLE 513] ---
00:16:51 | [36m[STATS][0m Balance: 97965.06 | Equity: 97961.08 | Active: 3 | Margin: 97819.31 | Util: 0.1%
00:16:51 | [POSITION STATS] Open: 3 | Unrealized: $-3.98 | Daily Loss: $0.00/100.00
00:16:51 | [ANALYSIS] Examining EUR/USD | Time: 02:00 | Bars: 100
00:16:51 | [ANALYSIS] Examining GBP/USD | Time: 02:00 | Bars: 100
00:16:51 | [ANALYSIS] GBP/USD | Price: 1.34329 | RSI: 41.9 | ADX: 44.4 | ML: UP(75%)
00:16:51 | [STRATEGY] Added synthetic ML BUY signal (conf: 0.75)
00:16:51 | [ANALYSIS] Examining USD/JPY | Time: 02:00 | Bars: 100
00:16:51 | [ANALYSIS] Examining AUD/USD | Time: 02:00 | Bars: 100
00:16:51 | [IDLE] Waiting for next market pulse...
00:17:02 | [36m[STATS][0m --- [CYCLE 514] ---
00:17:02 | [36m[STATS][0m Balance: 97965.06 | Equity: 97961.12 | Active: 3 | Margin: 97819.35 | Util: 0.1%
00:17:02 | [POSITION STATS] Open: 3 | Unrealized: $-3.94 | Daily Loss: $0.00/100.00
00:17:02 | [ANALYSIS] Examining EUR/USD | Time: 02:00 | Bars: 100
00:17:02 | [ANALYSIS] Examining GBP/USD | Time: 02:00 | Bars: 100
00:17:02 | [ANALYSIS] GBP/USD | Price: 1.34329 | RSI: 41.9 | ADX: 44.4 | ML: UP(75%)
00:17:02 | [STRATEGY] Added synthetic ML BUY signal (conf: 0.75)
00:17:02 | [ANALYSIS] Examining USD/JPY | Time: 02:00 | Bars: 100
00:17:02 | [ANALYSIS] Examining AUD/USD | Time: 02:00 | Bars: 100
00:17:02 | [IDLE] Waiting for next market pulse...
00:17:12 | [36m[STATS][0m --- [CYCLE 515] ---
00:17:12 | [36m[STATS][0m Balance: 97965.06 | Equity: 97961.00 | Active: 3 | Margin: 97819.23 | Util: 0.1%
00:17:12 | [POSITION STATS] Open: 3 | Unrealized: $-4.06 | Daily Loss: $0.00/100.00
00:17:12 | [ANALYSIS] Examining EUR/USD | Time: 02:00 | Bars: 100
00:17:12 | [ANALYSIS] Examining GBP/USD | Time: 02:00 | Bars: 100
00:17:12 | [ANALYSIS] GBP/USD | Price: 1.34329 | RSI: 41.9 | ADX: 44.4 | ML: UP(75%)
00:17:12 | [STRATEGY] Added synthetic ML BUY signal (conf: 0.75)
00:17:12 | [ANALYSIS] Examining USD/JPY | Time: 02:00 | Bars: 100
00:17:12 | [ANALYSIS] Examining AUD/USD | Time: 02:00 | Bars: 100
00:17:12 | [SUMMARY] Risk: operational | Positions: 3 | Daily Trades: 1/5 | Exits: 1 (Market: 0, Admin: 1)
00:17:12 | [IDLE] Waiting for next market pulse...
00:17:22 | [36m[STATS][0m --- [CYCLE 516] ---
00:17:22 | [36m[STATS][0m Balance: 97965.06 | Equity: 97961.73 | Active: 3 | Margin: 97819.96 | Util: 0.1%
00:17:22 | [POSITION STATS] Open: 3 | Unrealized: $-3.33 | Daily Loss: $0.00/100.00
00:17:22 | [ANALYSIS] Examining EUR/USD | Time: 02:00 | Bars: 100
00:17:22 | [ANALYSIS] Examining GBP/USD | Time: 02:00 | Bars: 100
00:17:22 | [ANALYSIS] GBP/USD | Price: 1.34340 | RSI: 42.5 | ADX: 44.4 | ML: UP(75%)
00:17:22 | [STRATEGY] Added synthetic ML BUY signal (conf: 0.75)
00:17:22 | [ANALYSIS] Examining USD/JPY | Time: 02:00 | Bars: 100
00:17:22 | [ANALYSIS] Examining AUD/USD | Time: 02:00 | Bars: 100
00:17:22 | [IDLE] Waiting for next market pulse...
00:17:33 | [36m[STATS][0m --- [CYCLE 517] ---
00:17:33 | [36m[STATS][0m Balance: 97965.06 | Equity: 97961.56 | Active: 3 | Margin: 97819.79 | Util: 0.1%
00:17:33 | [POSITION STATS] Open: 3 | Unrealized: $-3.50 | Daily Loss: $0.00/100.00
00:17:33 | [ANALYSIS] Examining EUR/USD | Time: 02:00 | Bars: 100
00:17:33 | [ANALYSIS] Examining GBP/USD | Time: 02:00 | Bars: 100
00:17:33 | [ANALYSIS] GBP/USD | Price: 1.34340 | RSI: 42.5 | ADX: 44.4 | ML: UP(75%)
00:17:33 | [STRATEGY] Added synthetic ML BUY signal (conf: 0.75)
00:17:33 | [ANALYSIS] Examining USD/JPY | Time: 02:00 | Bars: 100
00:17:33 | [ANALYSIS] Examining AUD/USD | Time: 02:00 | Bars: 100
00:17:33 | [IDLE] Waiting for next market pulse...
00:17:43 | [36m[STATS][0m --- [CYCLE 518] ---
00:17:43 | [36m[STATS][0m Balance: 97965.06 | Equity: 97961.43 | Active: 3 | Margin: 97819.66 | Util: 0.1%
00:17:43 | [POSITION STATS] Open: 3 | Unrealized: $-3.63 | Daily Loss: $0.00/100.00
00:17:43 | [ANALYSIS] Examining EUR/USD | Time: 02:00 | Bars: 100
00:17:43 | [ANALYSIS] Examining GBP/USD | Time: 02:00 | Bars: 100
00:17:43 | [ANALYSIS] GBP/USD | Price: 1.34340 | RSI: 42.5 | ADX: 44.4 | ML: UP(75%)
00:17:43 | [STRATEGY] Added synthetic ML BUY signal (conf: 0.75)
00:17:43 | [ANALYSIS] Examining USD/JPY | Time: 02:00 | Bars: 100
00:17:43 | [ANALYSIS] Examining AUD/USD | Time: 02:00 | Bars: 100
00:17:43 | [IDLE] Waiting for next market pulse...
00:17:53 | [36m[STATS][0m --- [CYCLE 519] ---
00:17:53 | [36m[STATS][0m Balance: 97965.06 | Equity: 97961.33 | Active: 3 | Margin: 97819.56 | Util: 0.1%
00:17:53 | [POSITION STATS] Open: 3 | Unrealized: $-3.73 | Daily Loss: $0.00/100.00
00:17:53 | [ANALYSIS] Examining EUR/USD | Time: 02:00 | Bars: 100
00:17:53 | [ANALYSIS] Examining GBP/USD | Time: 02:00 | Bars: 100
00:17:53 | [ANALYSIS] GBP/USD | Price: 1.34331 | RSI: 42.0 | ADX: 44.4 | ML: UP(75%)
00:17:53 | [STRATEGY] Added synthetic ML BUY signal (conf: 0.75)
00:17:53 | [ANALYSIS] Examining USD/JPY | Time: 02:00 | Bars: 100
00:17:53 | [ANALYSIS] Examining AUD/USD | Time: 02:00 | Bars: 100
00:17:53 | [IDLE] Waiting for next market pulse...
00:18:04 | [36m[STATS][0m --- [CYCLE 520] ---
00:18:04 | [36m[STATS][0m Balance: 97965.06 | Equity: 97961.52 | Active: 3 | Margin: 97819.75 | Util: 0.1%
00:18:04 | [POSITION STATS] Open: 3 | Unrealized: $-3.54 | Daily Loss: $0.00/100.00
00:18:04 | [ANALYSIS] Examining EUR/USD | Time: 02:00 | Bars: 100
00:18:04 | [ANALYSIS] Examining GBP/USD | Time: 02:00 | Bars: 100
00:18:04 | [ANALYSIS] GBP/USD | Price: 1.34336 | RSI: 42.3 | ADX: 44.4 | ML: UP(75%)
00:18:04 | [STRATEGY] Added synthetic ML BUY signal (conf: 0.75)
00:18:04 | [ANALYSIS] Examining USD/JPY | Time: 02:00 | Bars: 100
00:18:04 | [ANALYSIS] Examining AUD/USD | Time: 02:00 | Bars: 100
00:18:04 | [SUMMARY] Risk: operational | Positions: 3 | Daily Trades: 1/5 | Exits: 1 (Market: 0, Admin: 1)
00:18:04 | [IDLE] Waiting for next market pulse...
00:18:14 | [36m[STATS][0m --- [CYCLE 521] ---
00:18:14 | [36m[STATS][0m Balance: 97965.06 | Equity: 97961.61 | Active: 3 | Margin: 97819.84 | Util: 0.1%
00:18:14 | [POSITION STATS] Open: 3 | Unrealized: $-3.45 | Daily Loss: $0.00/100.00
00:18:14 | [ANALYSIS] Examining EUR/USD | Time: 02:00 | Bars: 100
00:18:14 | [ANALYSIS] Examining GBP/USD | Time: 02:00 | Bars: 100
00:18:14 | [ANALYSIS] GBP/USD | Price: 1.34338 | RSI: 42.4 | ADX: 44.4 | ML: UP(75%)
00:18:14 | [STRATEGY] Added synthetic ML BUY signal (conf: 0.75)
00:18:14 | [ANALYSIS] Examining USD/JPY | Time: 02:00 | Bars: 100
00:18:14 | [ANALYSIS] Examining AUD/USD | Time: 02:00 | Bars: 100
00:18:14 | [IDLE] Waiting for next market pulse...
00:18:24 | [36m[STATS][0m --- [CYCLE 522] ---
00:18:24 | [36m[STATS][0m Balance: 97965.06 | Equity: 97961.51 | Active: 3 | Margin: 97819.74 | Util: 0.1%
00:18:24 | [POSITION STATS] Open: 3 | Unrealized: $-3.55 | Daily Loss: $0.00/100.00
00:18:24 | [ANALYSIS] Examining EUR/USD | Time: 02:00 | Bars: 100
00:18:24 | [ANALYSIS] Examining GBP/USD | Time: 02:00 | Bars: 100
00:18:24 | [ANALYSIS] GBP/USD | Price: 1.34338 | RSI: 42.4 | ADX: 44.4 | ML: UP(75%)
00:18:24 | [STRATEGY] Added synthetic ML BUY signal (conf: 0.75)
00:18:24 | [ANALYSIS] Examining USD/JPY | Time: 02:00 | Bars: 100
00:18:24 | [ANALYSIS] Examining AUD/USD | Time: 02:00 | Bars: 100
00:18:24 | [IDLE] Waiting for next market pulse...
00:18:35 | [36m[STATS][0m --- [CYCLE 523] ---
00:18:35 | [36m[STATS][0m Balance: 97965.06 | Equity: 97961.69 | Active: 3 | Margin: 97819.92 | Util: 0.1%
00:18:35 | [POSITION STATS] Open: 3 | Unrealized: $-3.37 | Daily Loss: $0.00/100.00
00:18:35 | [ANALYSIS] Examining EUR/USD | Time: 02:00 | Bars: 100
00:18:35 | [ANALYSIS] Examining GBP/USD | Time: 02:00 | Bars: 100
00:18:35 | [ANALYSIS] GBP/USD | Price: 1.34338 | RSI: 42.4 | ADX: 44.4 | ML: UP(75%)
00:18:35 | [STRATEGY] Added synthetic ML BUY signal (conf: 0.75)
00:18:35 | [ANALYSIS] Examining USD/JPY | Time: 02:00 | Bars: 100
00:18:35 | [ANALYSIS] Examining AUD/USD | Time: 02:00 | Bars: 100
00:18:35 | [IDLE] Waiting for next market pulse...
00:18:45 | [36m[STATS][0m --- [CYCLE 524] ---
00:18:45 | [36m[STATS][0m Balance: 97965.06 | Equity: 97962.65 | Active: 3 | Margin: 97820.88 | Util: 0.1%
00:18:45 | [POSITION STATS] Open: 3 | Unrealized: $-2.41 | Daily Loss: $0.00/100.00
00:18:45 | [ANALYSIS] Examining EUR/USD | Time: 02:00 | Bars: 100
00:18:45 | [ANALYSIS] Examining GBP/USD | Time: 02:00 | Bars: 100
00:18:45 | [ANALYSIS] GBP/USD | Price: 1.34335 | RSI: 42.2 | ADX: 44.4 | ML: UP(75%)
00:18:45 | [STRATEGY] Added synthetic ML BUY signal (conf: 0.75)
00:18:45 | [ANALYSIS] Examining USD/JPY | Time: 02:00 | Bars: 100
00:18:45 | [ANALYSIS] Examining AUD/USD | Time: 02:00 | Bars: 100
00:18:45 | [IDLE] Waiting for next market pulse...
00:18:55 | [36m[STATS][0m --- [CYCLE 525] ---
00:18:55 | [36m[STATS][0m Balance: 97965.06 | Equity: 97962.79 | Active: 3 | Margin: 97821.02 | Util: 0.1%
00:18:55 | [POSITION STATS] Open: 3 | Unrealized: $-2.27 | Daily Loss: $0.00/100.00
00:18:55 | [ANALYSIS] Examining EUR/USD | Time: 02:00 | Bars: 100
00:18:55 | [ANALYSIS] Examining GBP/USD | Time: 02:00 | Bars: 100
00:18:55 | [ANALYSIS] GBP/USD | Price: 1.34337 | RSI: 42.3 | ADX: 44.4 | ML: UP(75%)
00:18:55 | [STRATEGY] Added synthetic ML BUY signal (conf: 0.75)
00:18:55 | [ANALYSIS] Examining USD/JPY | Time: 02:00 | Bars: 100
00:18:55 | [ANALYSIS] Examining AUD/USD | Time: 02:00 | Bars: 100
00:18:55 | [SUMMARY] Risk: operational | Positions: 3 | Daily Trades: 1/5 | Exits: 1 (Market: 0, Admin: 1)
00:18:55 | [IDLE] Waiting for next market pulse...
00:19:06 | [36m[STATS][0m --- [CYCLE 526] ---
00:19:06 | [36m[STATS][0m Balance: 97965.06 | Equity: 97962.73 | Active: 3 | Margin: 97820.96 | Util: 0.1%
00:19:06 | [POSITION STATS] Open: 3 | Unrealized: $-2.33 | Daily Loss: $0.00/100.00
00:19:06 | [ANALYSIS] Examining EUR/USD | Time: 02:00 | Bars: 100
00:19:06 | [ANALYSIS] Examining GBP/USD | Time: 02:00 | Bars: 100
00:19:06 | [ANALYSIS] GBP/USD | Price: 1.34345 | RSI: 42.8 | ADX: 44.4 | ML: UP(75%)
00:19:06 | [STRATEGY] Added synthetic ML BUY signal (conf: 0.75)
00:19:06 | [ANALYSIS] Examining USD/JPY | Time: 02:00 | Bars: 100
00:19:06 | [ANALYSIS] Examining AUD/USD | Time: 02:00 | Bars: 100
00:19:06 | [IDLE] Waiting for next market pulse...
00:19:16 | [36m[STATS][0m --- [CYCLE 527] ---
00:19:16 | [36m[STATS][0m Balance: 97965.06 | Equity: 97962.56 | Active: 3 | Margin: 97820.79 | Util: 0.1%
00:19:16 | [POSITION STATS] Open: 3 | Unrealized: $-2.50 | Daily Loss: $0.00/100.00
00:19:16 | [ANALYSIS] Examining EUR/USD | Time: 02:00 | Bars: 100
00:19:16 | [ANALYSIS] Examining GBP/USD | Time: 02:00 | Bars: 100
00:19:16 | [ANALYSIS] GBP/USD | Price: 1.34341 | RSI: 42.6 | ADX: 44.4 | ML: UP(75%)
00:19:16 | [STRATEGY] Added synthetic ML BUY signal (conf: 0.75)
00:19:16 | [ANALYSIS] Examining USD/JPY | Time: 02:00 | Bars: 100
00:19:16 | [ANALYSIS] Examining AUD/USD | Time: 02:00 | Bars: 100
00:19:16 | [IDLE] Waiting for next market pulse...
00:19:26 | [36m[STATS][0m --- [CYCLE 528] ---
00:19:26 | [36m[STATS][0m Balance: 97965.06 | Equity: 97962.64 | Active: 3 | Margin: 97820.87 | Util: 0.1%
00:19:26 | [POSITION STATS] Open: 3 | Unrealized: $-2.42 | Daily Loss: $0.00/100.00
00:19:26 | [ANALYSIS] Examining EUR/USD | Time: 02:00 | Bars: 100
00:19:26 | [ANALYSIS] Examining GBP/USD | Time: 02:00 | Bars: 100
00:19:26 | [ANALYSIS] GBP/USD | Price: 1.34345 | RSI: 42.8 | ADX: 44.4 | ML: UP(75%)
00:19:26 | [STRATEGY] Added synthetic ML BUY signal (conf: 0.75)
00:19:26 | [ANALYSIS] Examining USD/JPY | Time: 02:00 | Bars: 100
00:19:26 | [ANALYSIS] Examining AUD/USD | Time: 02:00 | Bars: 100
00:19:26 | [IDLE] Waiting for next market pulse...
00:19:37 | [36m[STATS][0m --- [CYCLE 529] ---
00:19:37 | [36m[STATS][0m Balance: 97965.06 | Equity: 97962.78 | Active: 3 | Margin: 97821.01 | Util: 0.1%
00:19:37 | [POSITION STATS] Open: 3 | Unrealized: $-2.28 | Daily Loss: $0.00/100.00
00:19:37 | [ANALYSIS] Examining EUR/USD | Time: 02:00 | Bars: 100
00:19:37 | [ANALYSIS] Examining GBP/USD | Time: 02:00 | Bars: 100
00:19:37 | [ANALYSIS] GBP/USD | Price: 1.34345 | RSI: 42.8 | ADX: 44.4 | ML: UP(75%)
00:19:37 | [STRATEGY] Added synthetic ML BUY signal (conf: 0.75)
00:19:37 | [ANALYSIS] Examining USD/JPY | Time: 02:00 | Bars: 100
00:19:37 | [ANALYSIS] Examining AUD/USD | Time: 02:00 | Bars: 100
00:19:37 | [IDLE] Waiting for next market pulse...
00:19:47 | [36m[STATS][0m --- [CYCLE 530] ---
00:19:47 | [36m[STATS][0m Balance: 97965.06 | Equity: 97962.67 | Active: 3 | Margin: 97820.90 | Util: 0.1%
00:19:47 | [POSITION STATS] Open: 3 | Unrealized: $-2.39 | Daily Loss: $0.00/100.00
00:19:47 | [ANALYSIS] Examining EUR/USD | Time: 02:00 | Bars: 100
00:19:47 | [ANALYSIS] Examining GBP/USD | Time: 02:00 | Bars: 100
00:19:47 | [ANALYSIS] GBP/USD | Price: 1.34345 | RSI: 42.8 | ADX: 44.4 | ML: UP(75%)
00:19:47 | [STRATEGY] Added synthetic ML BUY signal (conf: 0.75)
00:19:47 | [ANALYSIS] Examining USD/JPY | Time: 02:00 | Bars: 100
00:19:47 | [ANALYSIS] Examining AUD/USD | Time: 02:00 | Bars: 100
00:19:47 | [SUMMARY] Risk: operational | Positions: 3 | Daily Trades: 1/5 | Exits: 1 (Market: 0, Admin: 1)
00:19:47 | [IDLE] Waiting for next market pulse...
00:19:57 | [36m[STATS][0m --- [CYCLE 531] ---
00:19:57 | [36m[STATS][0m Balance: 97965.06 | Equity: 97962.68 | Active: 3 | Margin: 97820.91 | Util: 0.1%
00:19:57 | [POSITION STATS] Open: 3 | Unrealized: $-2.38 | Daily Loss: $0.00/100.00
00:19:57 | [ANALYSIS] Examining EUR/USD | Time: 02:00 | Bars: 100
00:19:57 | [ANALYSIS] Examining GBP/USD | Time: 02:00 | Bars: 100
00:19:57 | [ANALYSIS] GBP/USD | Price: 1.34346 | RSI: 42.8 | ADX: 44.4 | ML: UP(75%)
00:19:57 | [STRATEGY] Added synthetic ML BUY signal (conf: 0.75)
00:19:57 | [ANALYSIS] Examining USD/JPY | Time: 02:00 | Bars: 100
00:19:57 | [ANALYSIS] Examining AUD/USD | Time: 02:00 | Bars: 100
00:19:57 | [IDLE] Waiting for next market pulse...
00:20:08 | [36m[STATS][0m --- [CYCLE 532] ---
00:20:08 | [36m[STATS][0m Balance: 97965.06 | Equity: 97962.67 | Active: 3 | Margin: 97820.90 | Util: 0.1%
00:20:08 | [POSITION STATS] Open: 3 | Unrealized: $-2.39 | Daily Loss: $0.00/100.00
00:20:08 | [ANALYSIS] Examining EUR/USD | Time: 02:00 | Bars: 100
00:20:08 | [ANALYSIS] Examining GBP/USD | Time: 02:00 | Bars: 100
00:20:08 | [ANALYSIS] GBP/USD | Price: 1.34346 | RSI: 42.8 | ADX: 44.4 | ML: UP(75%)
00:20:08 | [STRATEGY] Added synthetic ML BUY signal (conf: 0.75)
00:20:08 | [ANALYSIS] Examining USD/JPY | Time: 02:00 | Bars: 100
00:20:08 | [ANALYSIS] Examining AUD/USD | Time: 02:00 | Bars: 100
00:20:08 | [IDLE] Waiting for next market pulse...
00:20:18 | [36m[STATS][0m --- [CYCLE 533] ---
00:20:18 | [36m[STATS][0m Balance: 97965.06 | Equity: 97962.75 | Active: 3 | Margin: 97820.98 | Util: 0.1%
00:20:18 | [POSITION STATS] Open: 3 | Unrealized: $-2.31 | Daily Loss: $0.00/100.00
00:20:18 | [ANALYSIS] Examining EUR/USD | Time: 02:00 | Bars: 100
00:20:18 | [ANALYSIS] Examining GBP/USD | Time: 02:00 | Bars: 100
00:20:18 | [ANALYSIS] GBP/USD | Price: 1.34347 | RSI: 42.9 | ADX: 44.4 | ML: UP(75%)
00:20:18 | [STRATEGY] Added synthetic ML BUY signal (conf: 0.75)
00:20:18 | [ANALYSIS] Examining USD/JPY | Time: 02:00 | Bars: 100
00:20:18 | [ANALYSIS] Examining AUD/USD | Time: 02:00 | Bars: 100
00:20:18 | [IDLE] Waiting for next market pulse...
00:20:28 | [36m[STATS][0m --- [CYCLE 534] ---
00:20:28 | [36m[STATS][0m Balance: 97965.06 | Equity: 97962.80 | Active: 3 | Margin: 97821.03 | Util: 0.1%
00:20:28 | [POSITION STATS] Open: 3 | Unrealized: $-2.26 | Daily Loss: $0.00/100.00
00:20:28 | [ANALYSIS] Examining EUR/USD | Time: 02:00 | Bars: 100
00:20:28 | [ANALYSIS] Examining GBP/USD | Time: 02:00 | Bars: 100
00:20:28 | [ANALYSIS] GBP/USD | Price: 1.34348 | RSI: 42.9 | ADX: 44.4 | ML: UP(75%)
00:20:28 | [STRATEGY] Added synthetic ML BUY signal (conf: 0.75)
00:20:28 | [ANALYSIS] Examining USD/JPY | Time: 02:00 | Bars: 100
00:20:28 | [ANALYSIS] Examining AUD/USD | Time: 02:00 | Bars: 100
00:20:28 | [IDLE] Waiting for next market pulse...
00:20:39 | [36m[STATS][0m --- [CYCLE 535] ---
00:20:39 | [36m[STATS][0m Balance: 97965.06 | Equity: 97962.91 | Active: 3 | Margin: 97821.14 | Util: 0.1%
00:20:39 | [POSITION STATS] Open: 3 | Unrealized: $-2.15 | Daily Loss: $0.00/100.00
00:20:39 | [ANALYSIS] Examining EUR/USD | Time: 02:00 | Bars: 100
00:20:39 | [ANALYSIS] Examining GBP/USD | Time: 02:00 | Bars: 100
00:20:39 | [ANALYSIS] GBP/USD | Price: 1.34348 | RSI: 42.9 | ADX: 44.4 | ML: UP(75%)
00:20:39 | [STRATEGY] Added synthetic ML BUY signal (conf: 0.75)
00:20:39 | [ANALYSIS] Examining USD/JPY | Time: 02:00 | Bars: 100
00:20:39 | [ANALYSIS] Examining AUD/USD | Time: 02:00 | Bars: 100
00:20:39 | [SUMMARY] Risk: operational | Positions: 3 | Daily Trades: 1/5 | Exits: 1 (Market: 0, Admin: 1)
00:20:39 | [IDLE] Waiting for next market pulse...
00:20:49 | [36m[STATS][0m --- [CYCLE 536] ---
00:20:49 | [36m[STATS][0m Balance: 97965.06 | Equity: 97963.00 | Active: 3 | Margin: 97821.23 | Util: 0.1%
00:20:49 | [POSITION STATS] Open: 3 | Unrealized: $-2.06 | Daily Loss: $0.00/100.00
00:20:49 | [ANALYSIS] Examining EUR/USD | Time: 02:00 | Bars: 100
00:20:49 | [ANALYSIS] Examining GBP/USD | Time: 02:00 | Bars: 100
00:20:49 | [ANALYSIS] GBP/USD | Price: 1.34350 | RSI: 43.0 | ADX: 44.4 | ML: UP(75%)
00:20:49 | [STRATEGY] Added synthetic ML BUY signal (conf: 0.75)
00:20:49 | [ANALYSIS] Examining USD/JPY | Time: 02:00 | Bars: 100
00:20:49 | [ANALYSIS] Examining AUD/USD | Time: 02:00 | Bars: 100
00:20:49 | [IDLE] Waiting for next market pulse...
00:20:59 | [36m[STATS][0m --- [CYCLE 537] ---
00:20:59 | [36m[STATS][0m Balance: 97965.06 | Equity: 97963.53 | Active: 3 | Margin: 97821.76 | Util: 0.1%
00:20:59 | [POSITION STATS] Open: 3 | Unrealized: $-1.53 | Daily Loss: $0.00/100.00
00:20:59 | [ANALYSIS] Examining EUR/USD | Time: 02:00 | Bars: 100
00:20:59 | [ANALYSIS] Examining GBP/USD | Time: 02:00 | Bars: 100
00:20:59 | [ANALYSIS] GBP/USD | Price: 1.34350 | RSI: 43.0 | ADX: 44.4 | ML: UP(75%)
00:20:59 | [STRATEGY] Added synthetic ML BUY signal (conf: 0.75)
00:20:59 | [ANALYSIS] Examining USD/JPY | Time: 02:00 | Bars: 100
00:20:59 | [ANALYSIS] Examining AUD/USD | Time: 02:00 | Bars: 100
00:20:59 | [IDLE] Waiting for next market pulse...
00:21:10 | [36m[STATS][0m --- [CYCLE 538] ---
00:21:10 | [36m[STATS][0m Balance: 97965.06 | Equity: 97963.82 | Active: 3 | Margin: 97822.05 | Util: 0.1%
00:21:10 | [POSITION STATS] Open: 3 | Unrealized: $-1.24 | Daily Loss: $0.00/100.00
00:21:10 | [ANALYSIS] Examining EUR/USD | Time: 02:00 | Bars: 100
00:21:10 | [ANALYSIS] Examining GBP/USD | Time: 02:00 | Bars: 100
00:21:10 | [ANALYSIS] GBP/USD | Price: 1.34351 | RSI: 43.1 | ADX: 44.4 | ML: UP(75%)
00:21:10 | [STRATEGY] Added synthetic ML BUY signal (conf: 0.75)
00:21:10 | [ANALYSIS] Examining USD/JPY | Time: 02:00 | Bars: 100
00:21:10 | [ANALYSIS] Examining AUD/USD | Time: 02:00 | Bars: 100
00:21:10 | [IDLE] Waiting for next market pulse...
00:21:20 | [36m[STATS][0m --- [CYCLE 539] ---
00:21:20 | [36m[STATS][0m Balance: 97965.06 | Equity: 97963.68 | Active: 3 | Margin: 97821.91 | Util: 0.1%
00:21:20 | [POSITION STATS] Open: 3 | Unrealized: $-1.38 | Daily Loss: $0.00/100.00
00:21:20 | [ANALYSIS] Examining EUR/USD | Time: 02:00 | Bars: 100
00:21:20 | [ANALYSIS] Examining GBP/USD | Time: 02:00 | Bars: 100
00:21:20 | [ANALYSIS] GBP/USD | Price: 1.34349 | RSI: 43.0 | ADX: 44.4 | ML: UP(75%)
00:21:20 | [STRATEGY] Added synthetic ML BUY signal (conf: 0.75)
00:21:20 | [ANALYSIS] Examining USD/JPY | Time: 02:00 | Bars: 100
00:21:20 | [ANALYSIS] Examining AUD/USD | Time: 02:00 | Bars: 100
00:21:20 | [IDLE] Waiting for next market pulse...
00:21:30 | [36m[STATS][0m --- [CYCLE 540] ---
00:21:30 | [36m[STATS][0m Balance: 97965.06 | Equity: 97963.68 | Active: 3 | Margin: 97821.91 | Util: 0.1%
00:21:30 | [POSITION STATS] Open: 3 | Unrealized: $-1.38 | Daily Loss: $0.00/100.00
00:21:30 | [ANALYSIS] Examining EUR/USD | Time: 02:00 | Bars: 100
00:21:30 | [ANALYSIS] Examining GBP/USD | Time: 02:00 | Bars: 100
00:21:30 | [ANALYSIS] GBP/USD | Price: 1.34350 | RSI: 43.0 | ADX: 44.4 | ML: UP(75%)
00:21:30 | [STRATEGY] Added synthetic ML BUY signal (conf: 0.75)
00:21:30 | [ANALYSIS] Examining USD/JPY | Time: 02:00 | Bars: 100
00:21:30 | [ANALYSIS] Examining AUD/USD | Time: 02:00 | Bars: 100
00:21:30 | [SUMMARY] Risk: operational | Positions: 3 | Daily Trades: 1/5 | Exits: 1 (Market: 0, Admin: 1)
00:21:30 | [IDLE] Waiting for next market pulse...
00:21:41 | [36m[STATS][0m --- [CYCLE 541] ---
00:21:41 | [36m[STATS][0m Balance: 97965.06 | Equity: 97963.71 | Active: 3 | Margin: 97821.94 | Util: 0.1%
00:21:41 | [POSITION STATS] Open: 3 | Unrealized: $-1.35 | Daily Loss: $0.00/100.00
00:21:41 | [ANALYSIS] Examining EUR/USD | Time: 02:00 | Bars: 100
00:21:41 | [ANALYSIS] Examining GBP/USD | Time: 02:00 | Bars: 100
00:21:41 | [ANALYSIS] GBP/USD | Price: 1.34350 | RSI: 43.0 | ADX: 44.4 | ML: UP(75%)
00:21:41 | [STRATEGY] Added synthetic ML BUY signal (conf: 0.75)
00:21:41 | [ANALYSIS] Examining USD/JPY | Time: 02:00 | Bars: 100
00:21:41 | [ANALYSIS] Examining AUD/USD | Time: 02:00 | Bars: 100
00:21:41 | [IDLE] Waiting for next market pulse...
00:21:51 | [36m[STATS][0m --- [CYCLE 542] ---
00:21:51 | [36m[STATS][0m Balance: 97965.06 | Equity: 97963.56 | Active: 3 | Margin: 97821.79 | Util: 0.1%
00:21:51 | [POSITION STATS] Open: 3 | Unrealized: $-1.50 | Daily Loss: $0.00/100.00
00:21:51 | [ANALYSIS] Examining EUR/USD | Time: 02:00 | Bars: 100
00:21:51 | [ANALYSIS] Examining GBP/USD | Time: 02:00 | Bars: 100
00:21:51 | [ANALYSIS] GBP/USD | Price: 1.34349 | RSI: 43.0 | ADX: 44.4 | ML: UP(75%)
00:21:51 | [STRATEGY] Added synthetic ML BUY signal (conf: 0.75)
00:21:51 | [ANALYSIS] Examining USD/JPY | Time: 02:00 | Bars: 100
00:21:51 | [ANALYSIS] Examining AUD/USD | Time: 02:00 | Bars: 100
00:21:51 | [IDLE] Waiting for next market pulse...
00:22:01 | [36m[STATS][0m --- [CYCLE 543] ---
00:22:01 | [36m[STATS][0m Balance: 97965.06 | Equity: 97963.86 | Active: 3 | Margin: 97822.09 | Util: 0.1%
00:22:01 | [POSITION STATS] Open: 3 | Unrealized: $-1.20 | Daily Loss: $0.00/100.00
00:22:01 | [ANALYSIS] Examining EUR/USD | Time: 02:00 | Bars: 100
00:22:01 | [ANALYSIS] Examining GBP/USD | Time: 02:00 | Bars: 100
00:22:01 | [ANALYSIS] GBP/USD | Price: 1.34350 | RSI: 43.0 | ADX: 44.4 | ML: UP(75%)
00:22:01 | [STRATEGY] Added synthetic ML BUY signal (conf: 0.75)
00:22:01 | [ANALYSIS] Examining USD/JPY | Time: 02:00 | Bars: 100
00:22:01 | [ANALYSIS] Examining AUD/USD | Time: 02:00 | Bars: 100
00:22:01 | [IDLE] Waiting for next market pulse...
00:22:12 | [36m[STATS][0m --- [CYCLE 544] ---
00:22:12 | [36m[STATS][0m Balance: 97965.06 | Equity: 97964.01 | Active: 3 | Margin: 97822.24 | Util: 0.1%
00:22:12 | [POSITION STATS] Open: 3 | Unrealized: $-1.05 | Daily Loss: $0.00/100.00
00:22:12 | [ANALYSIS] Examining EUR/USD | Time: 02:00 | Bars: 100
00:22:12 | [ANALYSIS] Examining GBP/USD | Time: 02:00 | Bars: 100
00:22:12 | [ANALYSIS] GBP/USD | Price: 1.34350 | RSI: 43.0 | ADX: 44.4 | ML: UP(75%)
00:22:12 | [STRATEGY] Added synthetic ML BUY signal (conf: 0.75)
00:22:12 | [ANALYSIS] Examining USD/JPY | Time: 02:00 | Bars: 100
00:22:12 | [ANALYSIS] Examining AUD/USD | Time: 02:00 | Bars: 100
00:22:12 | [IDLE] Waiting for next market pulse...
00:22:22 | [36m[STATS][0m --- [CYCLE 545] ---
00:22:22 | [36m[STATS][0m Balance: 97965.06 | Equity: 97964.12 | Active: 3 | Margin: 97822.35 | Util: 0.1%
00:22:22 | [POSITION STATS] Open: 3 | Unrealized: $-0.94 | Daily Loss: $0.00/100.00
00:22:22 | [ANALYSIS] Examining EUR/USD | Time: 02:00 | Bars: 100
00:22:22 | [ANALYSIS] Examining GBP/USD | Time: 02:00 | Bars: 100
00:22:22 | [ANALYSIS] GBP/USD | Price: 1.34349 | RSI: 43.0 | ADX: 44.4 | ML: UP(75%)
00:22:22 | [STRATEGY] Added synthetic ML BUY signal (conf: 0.75)
00:22:22 | [ANALYSIS] Examining USD/JPY | Time: 02:00 | Bars: 100
00:22:22 | [ANALYSIS] Examining AUD/USD | Time: 02:00 | Bars: 100
00:22:22 | [SUMMARY] Risk: operational | Positions: 3 | Daily Trades: 1/5 | Exits: 1 (Market: 0, Admin: 1)
00:22:22 | [IDLE] Waiting for next market pulse...
00:22:32 | [36m[STATS][0m --- [CYCLE 546] ---
00:22:32 | [36m[STATS][0m Balance: 97965.06 | Equity: 97964.22 | Active: 3 | Margin: 97822.45 | Util: 0.1%
00:22:32 | [POSITION STATS] Open: 3 | Unrealized: $-0.84 | Daily Loss: $0.00/100.00
00:22:32 | [ANALYSIS] Examining EUR/USD | Time: 02:00 | Bars: 100
00:22:32 | [ANALYSIS] Examining GBP/USD | Time: 02:00 | Bars: 100
00:22:32 | [ANALYSIS] GBP/USD | Price: 1.34348 | RSI: 42.9 | ADX: 44.4 | ML: UP(75%)
00:22:32 | [STRATEGY] Added synthetic ML BUY signal (conf: 0.75)
00:22:32 | [ANALYSIS] Examining USD/JPY | Time: 02:00 | Bars: 100
00:22:32 | [ANALYSIS] Examining AUD/USD | Time: 02:00 | Bars: 100
00:22:32 | [IDLE] Waiting for next market pulse...
00:22:43 | [36m[STATS][0m --- [CYCLE 547] ---
00:22:43 | [36m[STATS][0m Balance: 97965.06 | Equity: 97964.09 | Active: 3 | Margin: 97822.32 | Util: 0.1%
00:22:43 | [POSITION STATS] Open: 3 | Unrealized: $-0.97 | Daily Loss: $0.00/100.00
00:22:43 | [ANALYSIS] Examining EUR/USD | Time: 02:00 | Bars: 100
00:22:43 | [ANALYSIS] Examining GBP/USD | Time: 02:00 | Bars: 100
00:22:43 | [ANALYSIS] GBP/USD | Price: 1.34348 | RSI: 42.9 | ADX: 44.4 | ML: UP(75%)
00:22:43 | [STRATEGY] Added synthetic ML BUY signal (conf: 0.75)
00:22:43 | [ANALYSIS] Examining USD/JPY | Time: 02:00 | Bars: 100
00:22:43 | [ANALYSIS] Examining AUD/USD | Time: 02:00 | Bars: 100
00:22:43 | [IDLE] Waiting for next market pulse...
00:22:53 | [36m[STATS][0m --- [CYCLE 548] ---
00:22:53 | [36m[STATS][0m Balance: 97965.06 | Equity: 97964.17 | Active: 3 | Margin: 97822.40 | Util: 0.1%
00:22:53 | [POSITION STATS] Open: 3 | Unrealized: $-0.89 | Daily Loss: $0.00/100.00
00:22:53 | [ANALYSIS] Examining EUR/USD | Time: 02:00 | Bars: 100
00:22:53 | [ANALYSIS] Examining GBP/USD | Time: 02:00 | Bars: 100
00:22:53 | [ANALYSIS] GBP/USD | Price: 1.34353 | RSI: 43.2 | ADX: 44.4 | ML: UP(75%)
00:22:53 | [STRATEGY] Added synthetic ML BUY signal (conf: 0.75)
00:22:53 | [ANALYSIS] Examining USD/JPY | Time: 02:00 | Bars: 100
00:22:53 | [ANALYSIS] Examining AUD/USD | Time: 02:00 | Bars: 100
00:22:53 | [IDLE] Waiting for next market pulse...
00:23:03 | [36m[STATS][0m --- [CYCLE 549] ---
00:23:03 | [36m[STATS][0m Balance: 97965.06 | Equity: 97964.38 | Active: 3 | Margin: 97822.61 | Util: 0.1%
00:23:03 | [POSITION STATS] Open: 3 | Unrealized: $-0.68 | Daily Loss: $0.00/100.00
00:23:03 | [ANALYSIS] Examining EUR/USD | Time: 02:00 | Bars: 100
00:23:03 | [ANALYSIS] Examining GBP/USD | Time: 02:00 | Bars: 100
00:23:03 | [ANALYSIS] GBP/USD | Price: 1.34347 | RSI: 42.9 | ADX: 44.4 | ML: UP(75%)
00:23:03 | [STRATEGY] Added synthetic ML BUY signal (conf: 0.75)
00:23:03 | [ANALYSIS] Examining USD/JPY | Time: 02:00 | Bars: 100
00:23:03 | [ANALYSIS] Examining AUD/USD | Time: 02:00 | Bars: 100
00:23:03 | [IDLE] Waiting for next market pulse...
00:23:14 | [36m[STATS][0m --- [CYCLE 550] ---
00:23:14 | [36m[STATS][0m Balance: 97965.06 | Equity: 97964.60 | Active: 3 | Margin: 97822.83 | Util: 0.1%
00:23:14 | [POSITION STATS] Open: 3 | Unrealized: $-0.46 | Daily Loss: $0.00/100.00
00:23:14 | [ANALYSIS] Examining EUR/USD | Time: 02:00 | Bars: 100
00:23:14 | [ANALYSIS] Examining GBP/USD | Time: 02:00 | Bars: 100
00:23:14 | [ANALYSIS] GBP/USD | Price: 1.34350 | RSI: 43.0 | ADX: 44.4 | ML: UP(75%)
00:23:14 | [STRATEGY] Added synthetic ML BUY signal (conf: 0.75)
00:23:14 | [ANALYSIS] Examining USD/JPY | Time: 02:00 | Bars: 100
00:23:14 | [ANALYSIS] Examining AUD/USD | Time: 02:00 | Bars: 100
00:23:14 | [SUMMARY] Risk: operational | Positions: 3 | Daily Trades: 1/5 | Exits: 1 (Market: 0, Admin: 1)
00:23:14 | [IDLE] Waiting for next market pulse...
00:23:24 | [36m[STATS][0m --- [CYCLE 551] ---
00:23:24 | [36m[STATS][0m Balance: 97965.06 | Equity: 97964.93 | Active: 3 | Margin: 97823.16 | Util: 0.1%
00:23:24 | [POSITION STATS] Open: 3 | Unrealized: $-0.13 | Daily Loss: $0.00/100.00
00:23:24 | [ANALYSIS] Examining EUR/USD | Time: 02:00 | Bars: 100
00:23:24 | [ANALYSIS] Examining GBP/USD | Time: 02:00 | Bars: 100
00:23:24 | [ANALYSIS] GBP/USD | Price: 1.34361 | RSI: 43.7 | ADX: 44.4 | ML: UP(75%)
00:23:24 | [STRATEGY] Added synthetic ML BUY signal (conf: 0.75)
00:23:24 | [ANALYSIS] Examining USD/JPY | Time: 02:00 | Bars: 100
00:23:24 | [ANALYSIS] Examining AUD/USD | Time: 02:00 | Bars: 100
00:23:24 | [IDLE] Waiting for next market pulse...
00:23:34 | [36m[STATS][0m --- [CYCLE 552] ---
00:23:34 | [36m[STATS][0m Balance: 97965.06 | Equity: 97964.98 | Active: 3 | Margin: 97823.21 | Util: 0.1%
00:23:34 | [POSITION STATS] Open: 3 | Unrealized: $-0.08 | Daily Loss: $0.00/100.00
00:23:34 | [ANALYSIS] Examining EUR/USD | Time: 02:00 | Bars: 100
00:23:34 | [ANALYSIS] Examining GBP/USD | Time: 02:00 | Bars: 100
00:23:34 | [ANALYSIS] GBP/USD | Price: 1.34359 | RSI: 43.5 | ADX: 44.4 | ML: UP(75%)
00:23:34 | [STRATEGY] Added synthetic ML BUY signal (conf: 0.75)
00:23:34 | [ANALYSIS] Examining USD/JPY | Time: 02:00 | Bars: 100
00:23:34 | [ANALYSIS] Examining AUD/USD | Time: 02:00 | Bars: 100
00:23:34 | [IDLE] Waiting for next market pulse...
00:23:45 | [36m[STATS][0m --- [CYCLE 553] ---
00:23:45 | [36m[STATS][0m Balance: 97965.06 | Equity: 97965.01 | Active: 3 | Margin: 97823.24 | Util: 0.1%
00:23:45 | [POSITION STATS] Open: 3 | Unrealized: $-0.05 | Daily Loss: $0.00/100.00
00:23:45 | [ANALYSIS] Examining EUR/USD | Time: 02:00 | Bars: 100
00:23:45 | [ANALYSIS] Examining GBP/USD | Time: 02:00 | Bars: 100
00:23:45 | [ANALYSIS] GBP/USD | Price: 1.34359 | RSI: 43.5 | ADX: 44.4 | ML: UP(75%)
00:23:45 | [STRATEGY] Added synthetic ML BUY signal (conf: 0.75)
00:23:45 | [ANALYSIS] Examining USD/JPY | Time: 02:00 | Bars: 100
00:23:45 | [ANALYSIS] Examining AUD/USD | Time: 02:00 | Bars: 100
00:23:45 | [IDLE] Waiting for next market pulse...
00:23:55 | [36m[STATS][0m --- [CYCLE 554] ---
00:23:55 | [36m[STATS][0m Balance: 97965.06 | Equity: 97965.36 | Active: 3 | Margin: 97823.59 | Util: 0.1%
00:23:55 | [POSITION STATS] Open: 3 | Unrealized: $0.30 | Daily Loss: $0.00/100.00
00:23:55 | [ANALYSIS] Examining EUR/USD | Time: 02:00 | Bars: 100
00:23:55 | [ANALYSIS] Examining GBP/USD | Time: 02:00 | Bars: 100
00:23:55 | [ANALYSIS] GBP/USD | Price: 1.34364 | RSI: 43.9 | ADX: 44.4 | ML: UP(75%)
00:23:55 | [STRATEGY] Added synthetic ML BUY signal (conf: 0.75)
00:23:55 | [ANALYSIS] Examining USD/JPY | Time: 02:00 | Bars: 100
00:23:55 | [ANALYSIS] Examining AUD/USD | Time: 02:00 | Bars: 100
00:23:55 | [IDLE] Waiting for next market pulse...
00:24:05 | [36m[STATS][0m --- [CYCLE 555] ---
00:24:05 | [36m[STATS][0m Balance: 97965.06 | Equity: 97965.33 | Active: 3 | Margin: 97823.56 | Util: 0.1%
00:24:05 | [POSITION STATS] Open: 3 | Unrealized: $0.27 | Daily Loss: $0.00/100.00
00:24:05 | [ANALYSIS] Examining EUR/USD | Time: 02:00 | Bars: 100
00:24:05 | [ANALYSIS] Examining GBP/USD | Time: 02:00 | Bars: 100
00:24:05 | [ANALYSIS] GBP/USD | Price: 1.34369 | RSI: 44.2 | ADX: 44.4 | ML: UP(75%)
00:24:05 | [STRATEGY] Added synthetic ML BUY signal (conf: 0.75)
00:24:05 | [ANALYSIS] Examining USD/JPY | Time: 02:00 | Bars: 100
00:24:05 | [ANALYSIS] Examining AUD/USD | Time: 02:00 | Bars: 100
00:24:05 | [SUMMARY] Risk: operational | Positions: 3 | Daily Trades: 1/5 | Exits: 1 (Market: 0, Admin: 1)
00:24:05 | [IDLE] Waiting for next market pulse...
00:24:16 | [36m[STATS][0m --- [CYCLE 556] ---
00:24:16 | [36m[STATS][0m Balance: 97965.06 | Equity: 97965.37 | Active: 3 | Margin: 97823.60 | Util: 0.1%
00:24:16 | [POSITION STATS] Open: 3 | Unrealized: $0.31 | Daily Loss: $0.00/100.00
00:24:16 | [ANALYSIS] Examining EUR/USD | Time: 02:00 | Bars: 100
00:24:16 | [ANALYSIS] Examining GBP/USD | Time: 02:00 | Bars: 100
00:24:16 | [ANALYSIS] GBP/USD | Price: 1.34365 | RSI: 44.0 | ADX: 44.4 | ML: UP(75%)
00:24:16 | [STRATEGY] Added synthetic ML BUY signal (conf: 0.75)
00:24:16 | [ANALYSIS] Examining USD/JPY | Time: 02:00 | Bars: 100
00:24:16 | [ANALYSIS] Examining AUD/USD | Time: 02:00 | Bars: 100
00:24:16 | [IDLE] Waiting for next market pulse...
00:24:26 | [36m[STATS][0m --- [CYCLE 557] ---
00:24:26 | [36m[STATS][0m Balance: 97965.06 | Equity: 97965.18 | Active: 3 | Margin: 97823.41 | Util: 0.1%
00:24:26 | [POSITION STATS] Open: 3 | Unrealized: $0.12 | Daily Loss: $0.00/100.00
00:24:26 | [ANALYSIS] Examining EUR/USD | Time: 02:00 | Bars: 100
00:24:26 | [ANALYSIS] Examining GBP/USD | Time: 02:00 | Bars: 100
00:24:26 | [ANALYSIS] GBP/USD | Price: 1.34363 | RSI: 43.8 | ADX: 44.4 | ML: UP(75%)
00:24:26 | [STRATEGY] Added synthetic ML BUY signal (conf: 0.75)
00:24:26 | [ANALYSIS] Examining USD/JPY | Time: 02:00 | Bars: 100
00:24:26 | [ANALYSIS] Examining AUD/USD | Time: 02:00 | Bars: 100
00:24:26 | [IDLE] Waiting for next market pulse...
00:24:36 | [36m[STATS][0m --- [CYCLE 558] ---
00:24:36 | [36m[STATS][0m Balance: 97965.06 | Equity: 97965.03 | Active: 3 | Margin: 97823.26 | Util: 0.1%
00:24:36 | [POSITION STATS] Open: 3 | Unrealized: $-0.03 | Daily Loss: $0.00/100.00
00:24:36 | [ANALYSIS] Examining EUR/USD | Time: 02:00 | Bars: 100
00:24:36 | [ANALYSIS] Examining GBP/USD | Time: 02:00 | Bars: 100
00:24:36 | [ANALYSIS] GBP/USD | Price: 1.34365 | RSI: 44.0 | ADX: 44.4 | ML: UP(75%)
00:24:36 | [STRATEGY] Added synthetic ML BUY signal (conf: 0.75)
00:24:36 | [ANALYSIS] Examining USD/JPY | Time: 02:00 | Bars: 100
00:24:36 | [ANALYSIS] Examining AUD/USD | Time: 02:00 | Bars: 100
00:24:36 | [IDLE] Waiting for next market pulse...
00:24:47 | [36m[STATS][0m --- [CYCLE 559] ---
00:24:47 | [36m[STATS][0m Balance: 97965.06 | Equity: 97964.46 | Active: 3 | Margin: 97822.69 | Util: 0.1%
00:24:47 | [POSITION STATS] Open: 3 | Unrealized: $-0.60 | Daily Loss: $0.00/100.00
00:24:47 | [ANALYSIS] Examining EUR/USD | Time: 02:00 | Bars: 100
00:24:47 | [ANALYSIS] Examining GBP/USD | Time: 02:00 | Bars: 100
00:24:47 | [ANALYSIS] GBP/USD | Price: 1.34358 | RSI: 43.5 | ADX: 44.4 | ML: UP(75%)
00:24:47 | [STRATEGY] Added synthetic ML BUY signal (conf: 0.75)
00:24:47 | [ANALYSIS] Examining USD/JPY | Time: 02:00 | Bars: 100
00:24:47 | [ANALYSIS] Examining AUD/USD | Time: 02:00 | Bars: 100
00:24:47 | [IDLE] Waiting for next market pulse...
00:24:57 | [36m[STATS][0m --- [CYCLE 560] ---
00:24:57 | [36m[STATS][0m Balance: 97965.06 | Equity: 97964.43 | Active: 3 | Margin: 97822.66 | Util: 0.1%
00:24:57 | [POSITION STATS] Open: 3 | Unrealized: $-0.63 | Daily Loss: $0.00/100.00
00:24:57 | [ANALYSIS] Examining EUR/USD | Time: 02:00 | Bars: 100
00:24:57 | [ANALYSIS] Examining GBP/USD | Time: 02:00 | Bars: 100
00:24:57 | [ANALYSIS] GBP/USD | Price: 1.34357 | RSI: 43.4 | ADX: 44.4 | ML: UP(75%)
00:24:57 | [STRATEGY] Added synthetic ML BUY signal (conf: 0.75)
00:24:57 | [ANALYSIS] Examining USD/JPY | Time: 02:00 | Bars: 100
00:24:57 | [ANALYSIS] Examining AUD/USD | Time: 02:00 | Bars: 100
00:24:57 | [SUMMARY] Risk: operational | Positions: 3 | Daily Trades: 1/5 | Exits: 1 (Market: 0, Admin: 1)
00:24:57 | [IDLE] Waiting for next market pulse...
00:25:07 | [36m[STATS][0m --- [CYCLE 561] ---
00:25:07 | [36m[STATS][0m Balance: 97965.06 | Equity: 97963.35 | Active: 3 | Margin: 97821.58 | Util: 0.1%
00:25:07 | [POSITION STATS] Open: 3 | Unrealized: $-1.71 | Daily Loss: $0.00/100.00
00:25:07 | [ANALYSIS] Examining EUR/USD | Time: 02:00 | Bars: 100
00:25:07 | [ANALYSIS] Examining GBP/USD | Time: 02:00 | Bars: 100
00:25:07 | [ANALYSIS] GBP/USD | Price: 1.34348 | RSI: 42.9 | ADX: 44.4 | ML: UP(75%)
00:25:07 | [STRATEGY] Added synthetic ML BUY signal (conf: 0.75)
00:25:07 | [ANALYSIS] Examining USD/JPY | Time: 02:00 | Bars: 100
00:25:07 | [ANALYSIS] Examining AUD/USD | Time: 02:00 | Bars: 100
00:25:07 | [IDLE] Waiting for next market pulse...
00:25:18 | [36m[STATS][0m --- [CYCLE 562] ---
00:25:18 | [36m[STATS][0m Balance: 97965.06 | Equity: 97962.89 | Active: 3 | Margin: 97821.12 | Util: 0.1%
00:25:18 | [POSITION STATS] Open: 3 | Unrealized: $-2.17 | Daily Loss: $0.00/100.00
00:25:18 | [ANALYSIS] Examining EUR/USD | Time: 02:00 | Bars: 100
00:25:18 | [ANALYSIS] Examining GBP/USD | Time: 02:00 | Bars: 100
00:25:18 | [ANALYSIS] GBP/USD | Price: 1.34342 | RSI: 42.6 | ADX: 44.4 | ML: UP(75%)
00:25:18 | [STRATEGY] Added synthetic ML BUY signal (conf: 0.75)
00:25:18 | [ANALYSIS] Examining USD/JPY | Time: 02:00 | Bars: 100
00:25:18 | [ANALYSIS] Examining AUD/USD | Time: 02:00 | Bars: 100
00:25:18 | [IDLE] Waiting for next market pulse...
00:25:28 | [36m[STATS][0m --- [CYCLE 563] ---
00:25:28 | [36m[STATS][0m Balance: 97965.06 | Equity: 97962.93 | Active: 3 | Margin: 97821.16 | Util: 0.1%
00:25:28 | [POSITION STATS] Open: 3 | Unrealized: $-2.13 | Daily Loss: $0.00/100.00
00:25:28 | [ANALYSIS] Examining EUR/USD | Time: 02:00 | Bars: 100
00:25:28 | [ANALYSIS] Examining GBP/USD | Time: 02:00 | Bars: 100
00:25:28 | [ANALYSIS] GBP/USD | Price: 1.34343 | RSI: 42.7 | ADX: 44.4 | ML: UP(75%)
00:25:28 | [STRATEGY] Added synthetic ML BUY signal (conf: 0.75)
00:25:28 | [ANALYSIS] Examining USD/JPY | Time: 02:00 | Bars: 100
00:25:28 | [ANALYSIS] Examining AUD/USD | Time: 02:00 | Bars: 100
00:25:28 | [IDLE] Waiting for next market pulse...
00:25:38 | [36m[STATS][0m --- [CYCLE 564] ---
00:25:38 | [36m[STATS][0m Balance: 97965.06 | Equity: 97962.26 | Active: 3 | Margin: 97820.49 | Util: 0.1%
00:25:38 | [POSITION STATS] Open: 3 | Unrealized: $-2.80 | Daily Loss: $0.00/100.00
00:25:38 | [ANALYSIS] Examining EUR/USD | Time: 02:00 | Bars: 100
00:25:38 | [ANALYSIS] Examining GBP/USD | Time: 02:00 | Bars: 100
00:25:38 | [ANALYSIS] GBP/USD | Price: 1.34339 | RSI: 42.4 | ADX: 44.4 | ML: UP(75%)
00:25:38 | [STRATEGY] Added synthetic ML BUY signal (conf: 0.75)
00:25:38 | [ANALYSIS] Examining USD/JPY | Time: 02:00 | Bars: 100
00:25:38 | [ANALYSIS] Examining AUD/USD | Time: 02:00 | Bars: 100
00:25:38 | [IDLE] Waiting for next market pulse...
00:25:49 | [36m[STATS][0m --- [CYCLE 565] ---
00:25:49 | [36m[STATS][0m Balance: 97965.06 | Equity: 97962.12 | Active: 3 | Margin: 97820.35 | Util: 0.1%
00:25:49 | [POSITION STATS] Open: 3 | Unrealized: $-2.94 | Daily Loss: $0.00/100.00
00:25:49 | [ANALYSIS] Examining EUR/USD | Time: 02:00 | Bars: 100
00:25:49 | [ANALYSIS] Examining GBP/USD | Time: 02:00 | Bars: 100
00:25:49 | [ANALYSIS] GBP/USD | Price: 1.34339 | RSI: 42.4 | ADX: 44.4 | ML: UP(75%)
00:25:49 | [STRATEGY] Added synthetic ML BUY signal (conf: 0.75)
00:25:49 | [ANALYSIS] Examining USD/JPY | Time: 02:00 | Bars: 100
00:25:49 | [ANALYSIS] Examining AUD/USD | Time: 02:00 | Bars: 100
00:25:49 | [SUMMARY] Risk: operational | Positions: 3 | Daily Trades: 1/5 | Exits: 1 (Market: 0, Admin: 1)
00:25:49 | [IDLE] Waiting for next market pulse...
00:25:59 | [36m[STATS][0m --- [CYCLE 566] ---
00:25:59 | [36m[STATS][0m Balance: 97965.06 | Equity: 97962.08 | Active: 3 | Margin: 97820.31 | Util: 0.1%
00:25:59 | [POSITION STATS] Open: 3 | Unrealized: $-2.98 | Daily Loss: $0.00/100.00
00:25:59 | [ANALYSIS] Examining EUR/USD | Time: 02:00 | Bars: 100
00:25:59 | [ANALYSIS] Examining GBP/USD | Time: 02:00 | Bars: 100
00:25:59 | [ANALYSIS] GBP/USD | Price: 1.34341 | RSI: 42.6 | ADX: 44.4 | ML: UP(75%)
00:25:59 | [STRATEGY] Added synthetic ML BUY signal (conf: 0.75)
00:25:59 | [ANALYSIS] Examining USD/JPY | Time: 02:00 | Bars: 100
00:25:59 | [ANALYSIS] Examining AUD/USD | Time: 02:00 | Bars: 100
00:25:59 | [IDLE] Waiting for next market pulse...
00:26:09 | [36m[STATS][0m --- [CYCLE 567] ---
00:26:09 | [36m[STATS][0m Balance: 97965.06 | Equity: 97962.22 | Active: 3 | Margin: 97820.45 | Util: 0.1%
00:26:09 | [POSITION STATS] Open: 3 | Unrealized: $-2.84 | Daily Loss: $0.00/100.00
00:26:09 | [ANALYSIS] Examining EUR/USD | Time: 02:00 | Bars: 100
00:26:09 | [ANALYSIS] Examining GBP/USD | Time: 02:00 | Bars: 100
00:26:09 | [ANALYSIS] GBP/USD | Price: 1.34340 | RSI: 42.5 | ADX: 44.4 | ML: UP(75%)
00:26:09 | [STRATEGY] Added synthetic ML BUY signal (conf: 0.75)
00:26:09 | [ANALYSIS] Examining USD/JPY | Time: 02:00 | Bars: 100
00:26:09 | [ANALYSIS] Examining AUD/USD | Time: 02:00 | Bars: 100
00:26:09 | [IDLE] Waiting for next market pulse...
00:26:20 | [36m[STATS][0m --- [CYCLE 568] ---
00:26:20 | [36m[STATS][0m Balance: 97965.06 | Equity: 97961.73 | Active: 3 | Margin: 97819.96 | Util: 0.1%
00:26:20 | [POSITION STATS] Open: 3 | Unrealized: $-3.33 | Daily Loss: $0.00/100.00
00:26:20 | [ANALYSIS] Examining EUR/USD | Time: 02:00 | Bars: 100
00:26:20 | [ANALYSIS] Examining GBP/USD | Time: 02:00 | Bars: 100
00:26:20 | [ANALYSIS] GBP/USD | Price: 1.34342 | RSI: 42.6 | ADX: 44.4 | ML: UP(75%)
00:26:20 | [STRATEGY] Added synthetic ML BUY signal (conf: 0.75)
00:26:20 | [ANALYSIS] Examining USD/JPY | Time: 02:00 | Bars: 100
00:26:20 | [ANALYSIS] Examining AUD/USD | Time: 02:00 | Bars: 100
00:26:20 | [IDLE] Waiting for next market pulse...
00:26:30 | [36m[STATS][0m --- [CYCLE 569] ---
00:26:30 | [36m[STATS][0m Balance: 97965.06 | Equity: 97961.73 | Active: 3 | Margin: 97819.96 | Util: 0.1%
00:26:30 | [POSITION STATS] Open: 3 | Unrealized: $-3.33 | Daily Loss: $0.00/100.00
00:26:30 | [ANALYSIS] Examining EUR/USD | Time: 02:00 | Bars: 100
00:26:30 | [ANALYSIS] Examining GBP/USD | Time: 02:00 | Bars: 100
00:26:30 | [ANALYSIS] GBP/USD | Price: 1.34338 | RSI: 42.4 | ADX: 44.4 | ML: UP(75%)
00:26:30 | [STRATEGY] Added synthetic ML BUY signal (conf: 0.75)
00:26:30 | [ANALYSIS] Examining USD/JPY | Time: 02:00 | Bars: 100
00:26:30 | [ANALYSIS] Examining AUD/USD | Time: 02:00 | Bars: 100
00:26:30 | [IDLE] Waiting for next market pulse...
00:26:40 | [36m[STATS][0m --- [CYCLE 570] ---
00:26:40 | [36m[STATS][0m Balance: 97965.06 | Equity: 97961.89 | Active: 3 | Margin: 97820.12 | Util: 0.1%
00:26:40 | [POSITION STATS] Open: 3 | Unrealized: $-3.17 | Daily Loss: $0.00/100.00
00:26:40 | [ANALYSIS] Examining EUR/USD | Time: 02:00 | Bars: 100
00:26:40 | [ANALYSIS] Examining GBP/USD | Time: 02:00 | Bars: 100
00:26:40 | [ANALYSIS] GBP/USD | Price: 1.34335 | RSI: 42.2 | ADX: 44.4 | ML: UP(75%)
00:26:40 | [STRATEGY] Added synthetic ML BUY signal (conf: 0.75)
00:26:40 | [ANALYSIS] Examining USD/JPY | Time: 02:00 | Bars: 100
00:26:40 | [ANALYSIS] Examining AUD/USD | Time: 02:00 | Bars: 100
00:26:40 | [SUMMARY] Risk: operational | Positions: 3 | Daily Trades: 1/5 | Exits: 1 (Market: 0, Admin: 1)
00:26:40 | [IDLE] Waiting for next market pulse...
00:26:51 | [36m[STATS][0m --- [CYCLE 571] ---
00:26:51 | [36m[STATS][0m Balance: 97965.06 | Equity: 97961.74 | Active: 3 | Margin: 97819.97 | Util: 0.1%
00:26:51 | [POSITION STATS] Open: 3 | Unrealized: $-3.32 | Daily Loss: $0.00/100.00
00:26:51 | [ANALYSIS] Examining EUR/USD | Time: 02:00 | Bars: 100
00:26:51 | [ANALYSIS] Examining GBP/USD | Time: 02:00 | Bars: 100
00:26:51 | [ANALYSIS] GBP/USD | Price: 1.34333 | RSI: 42.1 | ADX: 44.4 | ML: UP(75%)
00:26:51 | [STRATEGY] Added synthetic ML BUY signal (conf: 0.75)
00:26:51 | [ANALYSIS] Examining USD/JPY | Time: 02:00 | Bars: 100
00:26:51 | [ANALYSIS] Examining AUD/USD | Time: 02:00 | Bars: 100
00:26:51 | [IDLE] Waiting for next market pulse...
00:27:01 | [36m[STATS][0m --- [CYCLE 572] ---
00:27:01 | [36m[STATS][0m Balance: 97965.06 | Equity: 97962.18 | Active: 3 | Margin: 97820.41 | Util: 0.1%
00:27:01 | [POSITION STATS] Open: 3 | Unrealized: $-2.88 | Daily Loss: $0.00/100.00
00:27:01 | [ANALYSIS] Examining EUR/USD | Time: 02:00 | Bars: 100
00:27:01 | [ANALYSIS] Examining GBP/USD | Time: 02:00 | Bars: 100
00:27:01 | [ANALYSIS] GBP/USD | Price: 1.34330 | RSI: 42.0 | ADX: 44.4 | ML: UP(75%)
00:27:01 | [STRATEGY] Added synthetic ML BUY signal (conf: 0.75)
00:27:01 | [ANALYSIS] Examining USD/JPY | Time: 02:00 | Bars: 100
00:27:01 | [ANALYSIS] Examining AUD/USD | Time: 02:00 | Bars: 100
00:27:01 | [IDLE] Waiting for next market pulse...
00:27:11 | [36m[STATS][0m --- [CYCLE 573] ---
00:27:11 | [36m[STATS][0m Balance: 97965.06 | Equity: 97962.24 | Active: 3 | Margin: 97820.47 | Util: 0.1%
00:27:11 | [POSITION STATS] Open: 3 | Unrealized: $-2.82 | Daily Loss: $0.00/100.00
00:27:11 | [ANALYSIS] Examining EUR/USD | Time: 02:00 | Bars: 100
00:27:11 | [ANALYSIS] Examining GBP/USD | Time: 02:00 | Bars: 100
00:27:11 | [ANALYSIS] GBP/USD | Price: 1.34331 | RSI: 42.0 | ADX: 44.4 | ML: UP(75%)
00:27:11 | [STRATEGY] Added synthetic ML BUY signal (conf: 0.75)
00:27:11 | [ANALYSIS] Examining USD/JPY | Time: 02:00 | Bars: 100
00:27:11 | [ANALYSIS] Examining AUD/USD | Time: 02:00 | Bars: 100
00:27:11 | [IDLE] Waiting for next market pulse...
00:27:22 | [36m[STATS][0m --- [CYCLE 574] ---
00:27:22 | [36m[STATS][0m Balance: 97965.06 | Equity: 97961.86 | Active: 3 | Margin: 97820.09 | Util: 0.1%
00:27:22 | [POSITION STATS] Open: 3 | Unrealized: $-3.20 | Daily Loss: $0.00/100.00
00:27:22 | [ANALYSIS] Examining EUR/USD | Time: 02:00 | Bars: 100
00:27:22 | [ANALYSIS] Examining GBP/USD | Time: 02:00 | Bars: 100
00:27:22 | [ANALYSIS] GBP/USD | Price: 1.34336 | RSI: 42.3 | ADX: 44.4 | ML: UP(75%)
00:27:22 | [STRATEGY] Added synthetic ML BUY signal (conf: 0.75)
00:27:22 | [ANALYSIS] Examining USD/JPY | Time: 02:00 | Bars: 100
00:27:22 | [ANALYSIS] Examining AUD/USD | Time: 02:00 | Bars: 100
00:27:22 | [IDLE] Waiting for next market pulse...
00:27:32 | [36m[STATS][0m --- [CYCLE 575] ---
00:27:32 | [36m[STATS][0m Balance: 97965.06 | Equity: 97961.96 | Active: 3 | Margin: 97820.19 | Util: 0.1%
00:27:32 | [POSITION STATS] Open: 3 | Unrealized: $-3.10 | Daily Loss: $0.00/100.00
00:27:32 | [ANALYSIS] Examining EUR/USD | Time: 02:00 | Bars: 100
00:27:32 | [ANALYSIS] Examining GBP/USD | Time: 02:00 | Bars: 100
00:27:32 | [ANALYSIS] GBP/USD | Price: 1.34335 | RSI: 42.2 | ADX: 44.4 | ML: UP(75%)
00:27:32 | [STRATEGY] Added synthetic ML BUY signal (conf: 0.75)
00:27:32 | [ANALYSIS] Examining USD/JPY | Time: 02:00 | Bars: 100
00:27:32 | [ANALYSIS] Examining AUD/USD | Time: 02:00 | Bars: 100
00:27:32 | [SUMMARY] Risk: operational | Positions: 3 | Daily Trades: 1/5 | Exits: 1 (Market: 0, Admin: 1)
00:27:32 | [IDLE] Waiting for next market pulse...
00:27:42 | [36m[STATS][0m --- [CYCLE 576] ---
00:27:42 | [36m[STATS][0m Balance: 97965.06 | Equity: 97962.01 | Active: 3 | Margin: 97820.24 | Util: 0.1%
00:27:42 | [POSITION STATS] Open: 3 | Unrealized: $-3.05 | Daily Loss: $0.00/100.00
00:27:42 | [ANALYSIS] Examining EUR/USD | Time: 02:00 | Bars: 100
00:27:42 | [ANALYSIS] Examining GBP/USD | Time: 02:00 | Bars: 100
00:27:42 | [ANALYSIS] GBP/USD | Price: 1.34336 | RSI: 42.3 | ADX: 44.4 | ML: UP(75%)
00:27:42 | [STRATEGY] Added synthetic ML BUY signal (conf: 0.75)
00:27:42 | [ANALYSIS] Examining USD/JPY | Time: 02:00 | Bars: 100
00:27:42 | [ANALYSIS] Examining AUD/USD | Time: 02:00 | Bars: 100
00:27:42 | [IDLE] Waiting for next market pulse...
00:27:53 | [36m[STATS][0m --- [CYCLE 577] ---
00:27:53 | [36m[STATS][0m Balance: 97965.06 | Equity: 97962.38 | Active: 3 | Margin: 97820.61 | Util: 0.1%
00:27:53 | [POSITION STATS] Open: 3 | Unrealized: $-2.68 | Daily Loss: $0.00/100.00
00:27:53 | [ANALYSIS] Examining EUR/USD | Time: 02:00 | Bars: 100
00:27:53 | [ANALYSIS] Examining GBP/USD | Time: 02:00 | Bars: 100
00:27:53 | [ANALYSIS] GBP/USD | Price: 1.34339 | RSI: 42.4 | ADX: 44.4 | ML: UP(75%)
00:27:53 | [STRATEGY] Added synthetic ML BUY signal (conf: 0.75)
00:27:53 | [ANALYSIS] Examining USD/JPY | Time: 02:00 | Bars: 100
00:27:53 | [ANALYSIS] Examining AUD/USD | Time: 02:00 | Bars: 100
00:27:53 | [IDLE] Waiting for next market pulse...
00:28:03 | [36m[STATS][0m --- [CYCLE 578] ---
00:28:03 | [36m[STATS][0m Balance: 97965.06 | Equity: 97962.33 | Active: 3 | Margin: 97820.56 | Util: 0.1%
00:28:03 | [POSITION STATS] Open: 3 | Unrealized: $-2.73 | Daily Loss: $0.00/100.00
00:28:03 | [ANALYSIS] Examining EUR/USD | Time: 02:00 | Bars: 100
00:28:03 | [ANALYSIS] Examining GBP/USD | Time: 02:00 | Bars: 100
00:28:03 | [ANALYSIS] GBP/USD | Price: 1.34339 | RSI: 42.4 | ADX: 44.4 | ML: UP(75%)
00:28:03 | [STRATEGY] Added synthetic ML BUY signal (conf: 0.75)
00:28:03 | [ANALYSIS] Examining USD/JPY | Time: 02:00 | Bars: 100
00:28:03 | [ANALYSIS] Examining AUD/USD | Time: 02:00 | Bars: 100
00:28:03 | [IDLE] Waiting for next market pulse...
00:28:13 | [36m[STATS][0m --- [CYCLE 579] ---
00:28:13 | [36m[STATS][0m Balance: 97965.06 | Equity: 97962.61 | Active: 3 | Margin: 97820.84 | Util: 0.1%
00:28:13 | [POSITION STATS] Open: 3 | Unrealized: $-2.45 | Daily Loss: $0.00/100.00
00:28:13 | [ANALYSIS] Examining EUR/USD | Time: 02:00 | Bars: 100
00:28:13 | [ANALYSIS] Examining GBP/USD | Time: 02:00 | Bars: 100
00:28:13 | [ANALYSIS] GBP/USD | Price: 1.34340 | RSI: 42.5 | ADX: 44.4 | ML: UP(75%)
00:28:13 | [STRATEGY] Added synthetic ML BUY signal (conf: 0.75)
00:28:13 | [ANALYSIS] Examining USD/JPY | Time: 02:00 | Bars: 100
00:28:13 | [ANALYSIS] Examining AUD/USD | Time: 02:00 | Bars: 100
00:28:13 | [IDLE] Waiting for next market pulse...
00:28:24 | [36m[STATS][0m --- [CYCLE 580] ---
00:28:24 | [36m[STATS][0m Balance: 97965.06 | Equity: 97962.55 | Active: 3 | Margin: 97820.78 | Util: 0.1%
00:28:24 | [POSITION STATS] Open: 3 | Unrealized: $-2.51 | Daily Loss: $0.00/100.00
00:28:24 | [ANALYSIS] Examining EUR/USD | Time: 02:00 | Bars: 100
00:28:24 | [ANALYSIS] Examining GBP/USD | Time: 02:00 | Bars: 100
00:28:24 | [ANALYSIS] GBP/USD | Price: 1.34340 | RSI: 42.5 | ADX: 44.4 | ML: UP(75%)
00:28:24 | [STRATEGY] Added synthetic ML BUY signal (conf: 0.75)
00:28:24 | [ANALYSIS] Examining USD/JPY | Time: 02:00 | Bars: 100
00:28:24 | [ANALYSIS] Examining AUD/USD | Time: 02:00 | Bars: 100
00:28:24 | [SUMMARY] Risk: operational | Positions: 3 | Daily Trades: 1/5 | Exits: 1 (Market: 0, Admin: 1)
00:28:24 | [IDLE] Waiting for next market pulse...
00:28:34 | [36m[STATS][0m --- [CYCLE 581] ---
00:28:34 | [36m[STATS][0m Balance: 97965.06 | Equity: 97962.53 | Active: 3 | Margin: 97820.76 | Util: 0.1%
00:28:34 | [POSITION STATS] Open: 3 | Unrealized: $-2.53 | Daily Loss: $0.00/100.00
00:28:34 | [ANALYSIS] Examining EUR/USD | Time: 02:00 | Bars: 100
00:28:34 | [ANALYSIS] Examining GBP/USD | Time: 02:00 | Bars: 100
00:28:34 | [ANALYSIS] GBP/USD | Price: 1.34339 | RSI: 42.4 | ADX: 44.4 | ML: UP(75%)
00:28:34 | [STRATEGY] Added synthetic ML BUY signal (conf: 0.75)
00:28:34 | [ANALYSIS] Examining USD/JPY | Time: 02:00 | Bars: 100
00:28:34 | [ANALYSIS] Examining AUD/USD | Time: 02:00 | Bars: 100
00:28:34 | [IDLE] Waiting for next market pulse...
00:28:44 | [36m[STATS][0m --- [CYCLE 582] ---
00:28:44 | [36m[STATS][0m Balance: 97965.06 | Equity: 97962.45 | Active: 3 | Margin: 97820.68 | Util: 0.1%
00:28:44 | [POSITION STATS] Open: 3 | Unrealized: $-2.61 | Daily Loss: $0.00/100.00
00:28:44 | [ANALYSIS] Examining EUR/USD | Time: 02:00 | Bars: 100
00:28:44 | [ANALYSIS] Examining GBP/USD | Time: 02:00 | Bars: 100
00:28:44 | [ANALYSIS] GBP/USD | Price: 1.34340 | RSI: 42.5 | ADX: 44.4 | ML: UP(75%)
00:28:44 | [STRATEGY] Added synthetic ML BUY signal (conf: 0.75)
00:28:44 | [ANALYSIS] Examining USD/JPY | Time: 02:00 | Bars: 100
00:28:44 | [ANALYSIS] Examining AUD/USD | Time: 02:00 | Bars: 100
00:28:44 | [IDLE] Waiting for next market pulse...
00:28:55 | [36m[STATS][0m --- [CYCLE 583] ---
00:28:55 | [36m[STATS][0m Balance: 97965.06 | Equity: 97962.52 | Active: 3 | Margin: 97820.75 | Util: 0.1%
00:28:55 | [POSITION STATS] Open: 3 | Unrealized: $-2.54 | Daily Loss: $0.00/100.00
00:28:55 | [ANALYSIS] Examining EUR/USD | Time: 02:00 | Bars: 100
00:28:55 | [ANALYSIS] Examining GBP/USD | Time: 02:00 | Bars: 100
00:28:55 | [ANALYSIS] GBP/USD | Price: 1.34340 | RSI: 42.5 | ADX: 44.4 | ML: UP(75%)
00:28:55 | [STRATEGY] Added synthetic ML BUY signal (conf: 0.75)
00:28:55 | [ANALYSIS] Examining USD/JPY | Time: 02:00 | Bars: 100
00:28:55 | [ANALYSIS] Examining AUD/USD | Time: 02:00 | Bars: 100
00:28:55 | [IDLE] Waiting for next market pulse...
00:29:05 | [36m[STATS][0m --- [CYCLE 584] ---
00:29:05 | [36m[STATS][0m Balance: 97965.06 | Equity: 97962.53 | Active: 3 | Margin: 97820.76 | Util: 0.1%
00:29:05 | [POSITION STATS] Open: 3 | Unrealized: $-2.53 | Daily Loss: $0.00/100.00
00:29:05 | [ANALYSIS] Examining EUR/USD | Time: 02:00 | Bars: 100
00:29:05 | [ANALYSIS] Examining GBP/USD | Time: 02:00 | Bars: 100
00:29:05 | [ANALYSIS] GBP/USD | Price: 1.34340 | RSI: 42.5 | ADX: 44.4 | ML: UP(75%)
00:29:05 | [STRATEGY] Added synthetic ML BUY signal (conf: 0.75)
00:29:05 | [ANALYSIS] Examining USD/JPY | Time: 02:00 | Bars: 100
00:29:05 | [ANALYSIS] Examining AUD/USD | Time: 02:00 | Bars: 100
00:29:05 | [IDLE] Waiting for next market pulse...
00:29:15 | [36m[STATS][0m --- [CYCLE 585] ---
00:29:15 | [36m[STATS][0m Balance: 97965.06 | Equity: 97962.39 | Active: 3 | Margin: 97820.62 | Util: 0.1%
00:29:15 | [POSITION STATS] Open: 3 | Unrealized: $-2.67 | Daily Loss: $0.00/100.00
00:29:15 | [ANALYSIS] Examining EUR/USD | Time: 02:00 | Bars: 100
00:29:15 | [ANALYSIS] Examining GBP/USD | Time: 02:00 | Bars: 100
00:29:15 | [ANALYSIS] GBP/USD | Price: 1.34340 | RSI: 42.5 | ADX: 44.4 | ML: UP(75%)
00:29:15 | [STRATEGY] Added synthetic ML BUY signal (conf: 0.75)
00:29:15 | [ANALYSIS] Examining USD/JPY | Time: 02:00 | Bars: 100
00:29:15 | [ANALYSIS] Examining AUD/USD | Time: 02:00 | Bars: 100
00:29:15 | [SUMMARY] Risk: operational | Positions: 3 | Daily Trades: 1/5 | Exits: 1 (Market: 0, Admin: 1)
00:29:15 | [IDLE] Waiting for next market pulse...
00:29:26 | [36m[STATS][0m --- [CYCLE 586] ---
00:29:26 | [36m[STATS][0m Balance: 97965.06 | Equity: 97962.28 | Active: 3 | Margin: 97820.51 | Util: 0.1%
00:29:26 | [POSITION STATS] Open: 3 | Unrealized: $-2.78 | Daily Loss: $0.00/100.00
00:29:26 | [ANALYSIS] Examining EUR/USD | Time: 02:00 | Bars: 100
00:29:26 | [ANALYSIS] Examining GBP/USD | Time: 02:00 | Bars: 100
00:29:26 | [ANALYSIS] GBP/USD | Price: 1.34339 | RSI: 42.4 | ADX: 44.4 | ML: UP(75%)
00:29:26 | [STRATEGY] Added synthetic ML BUY signal (conf: 0.75)
00:29:26 | [ANALYSIS] Examining USD/JPY | Time: 02:00 | Bars: 100
00:29:26 | [ANALYSIS] Examining AUD/USD | Time: 02:00 | Bars: 100
00:29:26 | [IDLE] Waiting for next market pulse...
00:29:36 | [36m[STATS][0m --- [CYCLE 587] ---
00:29:36 | [36m[STATS][0m Balance: 97965.06 | Equity: 97962.22 | Active: 3 | Margin: 97820.45 | Util: 0.1%
00:29:36 | [POSITION STATS] Open: 3 | Unrealized: $-2.84 | Daily Loss: $0.00/100.00
00:29:36 | [ANALYSIS] Examining EUR/USD | Time: 02:00 | Bars: 100
00:29:36 | [ANALYSIS] Examining GBP/USD | Time: 02:00 | Bars: 100
00:29:36 | [ANALYSIS] GBP/USD | Price: 1.34340 | RSI: 42.5 | ADX: 44.4 | ML: UP(75%)
00:29:36 | [STRATEGY] Added synthetic ML BUY signal (conf: 0.75)
00:29:36 | [ANALYSIS] Examining USD/JPY | Time: 02:00 | Bars: 100
00:29:36 | [ANALYSIS] Examining AUD/USD | Time: 02:00 | Bars: 100
00:29:36 | [IDLE] Waiting for next market pulse...
00:29:46 | [36m[STATS][0m --- [CYCLE 588] ---
00:29:46 | [36m[STATS][0m Balance: 97965.06 | Equity: 97962.01 | Active: 3 | Margin: 97820.24 | Util: 0.1%
00:29:46 | [POSITION STATS] Open: 3 | Unrealized: $-3.05 | Daily Loss: $0.00/100.00
00:29:46 | [ANALYSIS] Examining EUR/USD | Time: 02:00 | Bars: 100
00:29:46 | [ANALYSIS] Examining GBP/USD | Time: 02:00 | Bars: 100
00:29:46 | [ANALYSIS] GBP/USD | Price: 1.34340 | RSI: 42.5 | ADX: 44.4 | ML: UP(75%)
00:29:46 | [STRATEGY] Added synthetic ML BUY signal (conf: 0.75)
00:29:46 | [ANALYSIS] Examining USD/JPY | Time: 02:00 | Bars: 100
00:29:46 | [ANALYSIS] Examining AUD/USD | Time: 02:00 | Bars: 100
00:29:46 | [IDLE] Waiting for next market pulse...
00:29:57 | [36m[STATS][0m --- [CYCLE 589] ---
00:29:57 | [36m[STATS][0m Balance: 97965.06 | Equity: 97962.13 | Active: 3 | Margin: 97820.36 | Util: 0.1%
00:29:57 | [POSITION STATS] Open: 3 | Unrealized: $-2.93 | Daily Loss: $0.00/100.00
00:29:57 | [ANALYSIS] Examining EUR/USD | Time: 02:00 | Bars: 100
00:29:57 | [ANALYSIS] Examining GBP/USD | Time: 02:00 | Bars: 100
00:29:57 | [ANALYSIS] GBP/USD | Price: 1.34340 | RSI: 42.5 | ADX: 44.4 | ML: UP(75%)
00:29:57 | [STRATEGY] Added synthetic ML BUY signal (conf: 0.75)
00:29:57 | [ANALYSIS] Examining USD/JPY | Time: 02:00 | Bars: 100
00:29:57 | [ANALYSIS] Examining AUD/USD | Time: 02:00 | Bars: 100
00:29:57 | [IDLE] Waiting for next market pulse...
00:30:07 | [36m[STATS][0m --- [CYCLE 590] ---
00:30:07 | [36m[STATS][0m Balance: 97965.06 | Equity: 97962.27 | Active: 3 | Margin: 97820.50 | Util: 0.1%
00:30:07 | [POSITION STATS] Open: 3 | Unrealized: $-2.79 | Daily Loss: $0.00/100.00
00:30:07 | [ANALYSIS] Examining EUR/USD | Time: 02:00 | Bars: 100
00:30:07 | [ANALYSIS] Examining GBP/USD | Time: 02:00 | Bars: 100
00:30:07 | [ANALYSIS] GBP/USD | Price: 1.34340 | RSI: 42.5 | ADX: 44.4 | ML: UP(75%)
00:30:07 | [STRATEGY] Added synthetic ML BUY signal (conf: 0.75)
00:30:07 | [ANALYSIS] Examining USD/JPY | Time: 02:00 | Bars: 100
00:30:07 | [ANALYSIS] Examining AUD/USD | Time: 02:00 | Bars: 100
00:30:07 | [SUMMARY] Risk: operational | Positions: 3 | Daily Trades: 1/5 | Exits: 1 (Market: 0, Admin: 1)
00:30:07 | [IDLE] Waiting for next market pulse...
00:30:17 | [36m[STATS][0m --- [CYCLE 591] ---
00:30:17 | [36m[STATS][0m Balance: 97965.06 | Equity: 97961.92 | Active: 3 | Margin: 97820.15 | Util: 0.1%
00:30:17 | [POSITION STATS] Open: 3 | Unrealized: $-3.14 | Daily Loss: $0.00/100.00
00:30:17 | [ANALYSIS] Examining EUR/USD | Time: 02:00 | Bars: 100
00:30:17 | [ANALYSIS] Examining GBP/USD | Time: 02:00 | Bars: 100
00:30:17 | [ANALYSIS] GBP/USD | Price: 1.34339 | RSI: 42.4 | ADX: 44.4 | ML: UP(75%)
00:30:17 | [STRATEGY] Added synthetic ML BUY signal (conf: 0.75)
00:30:17 | [ANALYSIS] Examining USD/JPY | Time: 02:00 | Bars: 100
00:30:17 | [ANALYSIS] Examining AUD/USD | Time: 02:00 | Bars: 100
00:30:17 | [IDLE] Waiting for next market pulse...
00:30:28 | [36m[STATS][0m --- [CYCLE 592] ---
00:30:28 | [1;35m[CLOSE][0m USDJPY | PnL: [92m+$0.45[0m | ID: 54610230472
00:30:28 | [36m[STATS][0m Balance: 97965.06 | Equity: 97961.48 | Active: 3 | Margin: 97819.71 | Util: 0.1%
00:30:28 | [POSITION STATS] Open: 3 | Unrealized: $-3.58 | Daily Loss: $0.00/100.00
00:30:28 | [ANALYSIS] Examining EUR/USD | Time: 02:00 | Bars: 100
00:30:28 | [ANALYSIS] Examining GBP/USD | Time: 02:00 | Bars: 100
00:30:28 | [ANALYSIS] GBP/USD | Price: 1.34336 | RSI: 42.3 | ADX: 44.4 | ML: UP(75%)
00:30:28 | [STRATEGY] Added synthetic ML BUY signal (conf: 0.75)
00:30:28 | [ANALYSIS] Examining USD/JPY | Time: 02:00 | Bars: 100
00:30:28 | [ANALYSIS] Examining AUD/USD | Time: 02:00 | Bars: 100
00:30:28 | [IDLE] Waiting for next market pulse...
00:30:38 | [36m[STATS][0m --- [CYCLE 593] ---
00:30:38 | [36m[STATS][0m Balance: 97965.06 | Equity: 97961.09 | Active: 3 | Margin: 97819.32 | Util: 0.1%
00:30:38 | [POSITION STATS] Open: 3 | Unrealized: $-3.97 | Daily Loss: $0.00/100.00
00:30:38 | [ANALYSIS] Examining EUR/USD | Time: 02:00 | Bars: 100
00:30:38 | [ANALYSIS] Examining GBP/USD | Time: 02:00 | Bars: 100
00:30:38 | [ANALYSIS] GBP/USD | Price: 1.34330 | RSI: 42.0 | ADX: 44.4 | ML: UP(75%)
00:30:38 | [STRATEGY] Added synthetic ML BUY signal (conf: 0.75)
00:30:38 | [ANALYSIS] Examining USD/JPY | Time: 02:00 | Bars: 100
00:30:38 | [ANALYSIS] Examining AUD/USD | Time: 02:00 | Bars: 100
00:30:38 | [IDLE] Waiting for next market pulse...
00:30:48 | [36m[STATS][0m --- [CYCLE 594] ---
00:30:48 | [36m[STATS][0m Balance: 97965.06 | Equity: 97961.28 | Active: 3 | Margin: 97819.51 | Util: 0.1%
00:30:48 | [POSITION STATS] Open: 3 | Unrealized: $-3.78 | Daily Loss: $0.00/100.00
00:30:48 | [ANALYSIS] Examining EUR/USD | Time: 02:00 | Bars: 100
00:30:48 | [ANALYSIS] Examining GBP/USD | Time: 02:00 | Bars: 100
00:30:48 | [ANALYSIS] GBP/USD | Price: 1.34331 | RSI: 42.0 | ADX: 44.4 | ML: UP(75%)
00:30:48 | [STRATEGY] Added synthetic ML BUY signal (conf: 0.75)
00:30:48 | [ANALYSIS] Examining USD/JPY | Time: 02:00 | Bars: 100
00:30:48 | [ANALYSIS] Examining AUD/USD | Time: 02:00 | Bars: 100
00:30:48 | [IDLE] Waiting for next market pulse...
00:30:59 | [36m[STATS][0m --- [CYCLE 595] ---
00:30:59 | [36m[STATS][0m Balance: 97965.06 | Equity: 97961.17 | Active: 3 | Margin: 97819.40 | Util: 0.1%
00:30:59 | [POSITION STATS] Open: 3 | Unrealized: $-3.89 | Daily Loss: $0.00/100.00
00:30:59 | [ANALYSIS] Examining EUR/USD | Time: 02:00 | Bars: 100
00:30:59 | [ANALYSIS] Examining GBP/USD | Time: 02:00 | Bars: 100
00:30:59 | [ANALYSIS] GBP/USD | Price: 1.34339 | RSI: 42.4 | ADX: 44.4 | ML: UP(75%)
00:30:59 | [STRATEGY] Added synthetic ML BUY signal (conf: 0.75)
00:30:59 | [ANALYSIS] Examining USD/JPY | Time: 02:00 | Bars: 100
00:30:59 | [ANALYSIS] Examining AUD/USD | Time: 02:00 | Bars: 100
00:30:59 | [SUMMARY] Risk: operational | Positions: 3 | Daily Trades: 1/5 | Exits: 1 (Market: 0, Admin: 1)
00:30:59 | [IDLE] Waiting for next market pulse...
00:31:09 | [36m[STATS][0m --- [CYCLE 596] ---
00:31:09 | [36m[STATS][0m Balance: 97965.06 | Equity: 97961.22 | Active: 3 | Margin: 97819.45 | Util: 0.1%
00:31:09 | [POSITION STATS] Open: 3 | Unrealized: $-3.84 | Daily Loss: $0.00/100.00
00:31:09 | [ANALYSIS] Examining EUR/USD | Time: 02:00 | Bars: 100
00:31:09 | [ANALYSIS] Examining GBP/USD | Time: 02:00 | Bars: 100
00:31:09 | [ANALYSIS] GBP/USD | Price: 1.34339 | RSI: 42.4 | ADX: 44.4 | ML: UP(75%)
00:31:09 | [STRATEGY] Added synthetic ML BUY signal (conf: 0.75)
00:31:09 | [ANALYSIS] Examining USD/JPY | Time: 02:00 | Bars: 100
00:31:09 | [ANALYSIS] Examining AUD/USD | Time: 02:00 | Bars: 100
00:31:09 | [IDLE] Waiting for next market pulse...
00:31:19 | [36m[STATS][0m --- [CYCLE 597] ---
00:31:19 | [36m[STATS][0m Balance: 97965.06 | Equity: 97961.02 | Active: 3 | Margin: 97819.25 | Util: 0.1%
00:31:19 | [POSITION STATS] Open: 3 | Unrealized: $-4.04 | Daily Loss: $0.00/100.00
00:31:19 | [ANALYSIS] Examining EUR/USD | Time: 02:00 | Bars: 100
00:31:19 | [ANALYSIS] Examining GBP/USD | Time: 02:00 | Bars: 100
00:31:19 | [ANALYSIS] GBP/USD | Price: 1.34338 | RSI: 42.4 | ADX: 44.4 | ML: UP(75%)
00:31:19 | [STRATEGY] Added synthetic ML BUY signal (conf: 0.75)
00:31:19 | [ANALYSIS] Examining USD/JPY | Time: 02:00 | Bars: 100
00:31:19 | [ANALYSIS] Examining AUD/USD | Time: 02:00 | Bars: 100
00:31:19 | [IDLE] Waiting for next market pulse...
00:31:30 | [36m[STATS][0m --- [CYCLE 598] ---
00:31:30 | [36m[STATS][0m Balance: 97965.06 | Equity: 97960.70 | Active: 3 | Margin: 97818.93 | Util: 0.1%
00:31:30 | [POSITION STATS] Open: 3 | Unrealized: $-4.36 | Daily Loss: $0.00/100.00
00:31:30 | [ANALYSIS] Examining EUR/USD | Time: 02:00 | Bars: 100
00:31:30 | [ANALYSIS] Examining GBP/USD | Time: 02:00 | Bars: 100
00:31:30 | [ANALYSIS] GBP/USD | Price: 1.34338 | RSI: 42.4 | ADX: 44.4 | ML: UP(75%)
00:31:30 | [STRATEGY] Added synthetic ML BUY signal (conf: 0.75)
00:31:30 | [ANALYSIS] Examining USD/JPY | Time: 02:00 | Bars: 100
00:31:30 | [ANALYSIS] Examining AUD/USD | Time: 02:00 | Bars: 100
00:31:30 | [IDLE] Waiting for next market pulse...
00:31:40 | [36m[STATS][0m --- [CYCLE 599] ---
00:31:40 | [36m[STATS][0m Balance: 97965.06 | Equity: 97960.68 | Active: 3 | Margin: 97818.91 | Util: 0.1%
00:31:40 | [POSITION STATS] Open: 3 | Unrealized: $-4.38 | Daily Loss: $0.00/100.00
00:31:40 | [ANALYSIS] Examining EUR/USD | Time: 02:00 | Bars: 100
00:31:40 | [ANALYSIS] Examining GBP/USD | Time: 02:00 | Bars: 100
00:31:40 | [ANALYSIS] GBP/USD | Price: 1.34338 | RSI: 42.4 | ADX: 44.4 | ML: UP(75%)
00:31:40 | [STRATEGY] Added synthetic ML BUY signal (conf: 0.75)
00:31:40 | [ANALYSIS] Examining USD/JPY | Time: 02:00 | Bars: 100
00:31:40 | [ANALYSIS] Examining AUD/USD | Time: 02:00 | Bars: 100
00:31:40 | [IDLE] Waiting for next market pulse...
00:31:50 | [36m[STATS][0m --- [CYCLE 600] ---
00:31:50 | [36m[STATS][0m Balance: 97965.06 | Equity: 97960.72 | Active: 3 | Margin: 97818.95 | Util: 0.1%
00:31:50 | [POSITION STATS] Open: 3 | Unrealized: $-4.34 | Daily Loss: $0.00/100.00
00:31:50 | [ANALYSIS] Examining EUR/USD | Time: 02:00 | Bars: 100
00:31:50 | [ANALYSIS] Examining GBP/USD | Time: 02:00 | Bars: 100
00:31:50 | [ANALYSIS] GBP/USD | Price: 1.34343 | RSI: 42.7 | ADX: 44.4 | ML: UP(75%)
00:31:50 | [STRATEGY] Added synthetic ML BUY signal (conf: 0.75)
00:31:50 | [ANALYSIS] Examining USD/JPY | Time: 02:00 | Bars: 100
00:31:50 | [ANALYSIS] Examining AUD/USD | Time: 02:00 | Bars: 100
00:31:50 | [SUMMARY] Risk: operational | Positions: 3 | Daily Trades: 1/5 | Exits: 1 (Market: 0, Admin: 1)
00:31:50 | [IDLE] Waiting for next market pulse...
00:32:01 | [36m[STATS][0m --- [CYCLE 601] ---
00:32:01 | [36m[STATS][0m Balance: 97965.06 | Equity: 97960.64 | Active: 3 | Margin: 97818.87 | Util: 0.1%
00:32:01 | [POSITION STATS] Open: 3 | Unrealized: $-4.42 | Daily Loss: $0.00/100.00
00:32:01 | [ANALYSIS] Examining EUR/USD | Time: 02:00 | Bars: 100
00:32:01 | [ANALYSIS] Examining GBP/USD | Time: 02:00 | Bars: 100
00:32:01 | [ANALYSIS] GBP/USD | Price: 1.34339 | RSI: 42.4 | ADX: 44.4 | ML: UP(75%)
00:32:01 | [STRATEGY] Added synthetic ML BUY signal (conf: 0.75)
00:32:01 | [ANALYSIS] Examining USD/JPY | Time: 02:00 | Bars: 100
00:32:01 | [ANALYSIS] Examining AUD/USD | Time: 02:00 | Bars: 100
00:32:01 | [IDLE] Waiting for next market pulse...
00:32:11 | [36m[STATS][0m --- [CYCLE 602] ---
00:32:11 | [36m[STATS][0m Balance: 97965.06 | Equity: 97960.72 | Active: 3 | Margin: 97818.95 | Util: 0.1%
00:32:11 | [POSITION STATS] Open: 3 | Unrealized: $-4.34 | Daily Loss: $0.00/100.00
00:32:11 | [ANALYSIS] Examining EUR/USD | Time: 02:00 | Bars: 100
00:32:11 | [ANALYSIS] Examining GBP/USD | Time: 02:00 | Bars: 100
00:32:11 | [ANALYSIS] GBP/USD | Price: 1.34338 | RSI: 42.4 | ADX: 44.4 | ML: UP(75%)
00:32:11 | [STRATEGY] Added synthetic ML BUY signal (conf: 0.75)
00:32:11 | [ANALYSIS] Examining USD/JPY | Time: 02:00 | Bars: 100
00:32:11 | [ANALYSIS] Examining AUD/USD | Time: 02:00 | Bars: 100
00:32:11 | [IDLE] Waiting for next market pulse...
00:32:21 | [36m[STATS][0m --- [CYCLE 603] ---
00:32:21 | [36m[STATS][0m Balance: 97965.06 | Equity: 97960.66 | Active: 3 | Margin: 97818.89 | Util: 0.1%
00:32:21 | [POSITION STATS] Open: 3 | Unrealized: $-4.40 | Daily Loss: $0.00/100.00
00:32:21 | [ANALYSIS] Examining EUR/USD | Time: 02:00 | Bars: 100
00:32:21 | [ANALYSIS] Examining GBP/USD | Time: 02:00 | Bars: 100
00:32:21 | [ANALYSIS] GBP/USD | Price: 1.34334 | RSI: 42.2 | ADX: 44.4 | ML: UP(75%)
00:32:21 | [STRATEGY] Added synthetic ML BUY signal (conf: 0.75)
00:32:21 | [ANALYSIS] Examining USD/JPY | Time: 02:00 | Bars: 100
00:32:21 | [ANALYSIS] Examining AUD/USD | Time: 02:00 | Bars: 100
00:32:21 | [IDLE] Waiting for next market pulse...
00:32:32 | [36m[STATS][0m --- [CYCLE 604] ---
00:32:32 | [36m[STATS][0m Balance: 97965.06 | Equity: 97960.59 | Active: 3 | Margin: 97818.82 | Util: 0.1%
00:32:32 | [POSITION STATS] Open: 3 | Unrealized: $-4.47 | Daily Loss: $0.00/100.00
00:32:32 | [ANALYSIS] Examining EUR/USD | Time: 02:00 | Bars: 100
00:32:32 | [ANALYSIS] Examining GBP/USD | Time: 02:00 | Bars: 100
00:32:32 | [ANALYSIS] GBP/USD | Price: 1.34338 | RSI: 42.4 | ADX: 44.4 | ML: UP(75%)
00:32:32 | [STRATEGY] Added synthetic ML BUY signal (conf: 0.75)
00:32:32 | [ANALYSIS] Examining USD/JPY | Time: 02:00 | Bars: 100
00:32:32 | [ANALYSIS] Examining AUD/USD | Time: 02:00 | Bars: 100
00:32:32 | [IDLE] Waiting for next market pulse...
00:32:42 | [36m[STATS][0m --- [CYCLE 605] ---
00:32:42 | [36m[STATS][0m Balance: 97965.06 | Equity: 97960.51 | Active: 3 | Margin: 97818.74 | Util: 0.1%
00:32:42 | [POSITION STATS] Open: 3 | Unrealized: $-4.55 | Daily Loss: $0.00/100.00
00:32:42 | [ANALYSIS] Examining EUR/USD | Time: 02:00 | Bars: 100
00:32:42 | [ANALYSIS] Examining GBP/USD | Time: 02:00 | Bars: 100
00:32:42 | [ANALYSIS] GBP/USD | Price: 1.34337 | RSI: 42.3 | ADX: 44.4 | ML: UP(75%)
00:32:42 | [STRATEGY] Added synthetic ML BUY signal (conf: 0.75)
00:32:42 | [ANALYSIS] Examining USD/JPY | Time: 02:00 | Bars: 100
00:32:42 | [ANALYSIS] Examining AUD/USD | Time: 02:00 | Bars: 100
00:32:42 | [SUMMARY] Risk: operational | Positions: 3 | Daily Trades: 1/5 | Exits: 1 (Market: 0, Admin: 1)
00:32:42 | [IDLE] Waiting for next market pulse...
00:32:52 | [36m[STATS][0m --- [CYCLE 606] ---
00:32:52 | [36m[STATS][0m Balance: 97965.06 | Equity: 97960.34 | Active: 3 | Margin: 97818.57 | Util: 0.1%
00:32:52 | [POSITION STATS] Open: 3 | Unrealized: $-4.72 | Daily Loss: $0.00/100.00
00:32:52 | [ANALYSIS] Examining EUR/USD | Time: 02:00 | Bars: 100
00:32:52 | [ANALYSIS] Examining GBP/USD | Time: 02:00 | Bars: 100
00:32:52 | [ANALYSIS] GBP/USD | Price: 1.34338 | RSI: 42.4 | ADX: 44.4 | ML: UP(75%)
00:32:52 | [STRATEGY] Added synthetic ML BUY signal (conf: 0.75)
00:32:52 | [ANALYSIS] Examining USD/JPY | Time: 02:00 | Bars: 100
00:32:52 | [ANALYSIS] Examining AUD/USD | Time: 02:00 | Bars: 100
00:32:52 | [IDLE] Waiting for next market pulse...
00:33:03 | [36m[STATS][0m --- [CYCLE 607] ---
00:33:03 | [36m[STATS][0m Balance: 97965.06 | Equity: 97960.73 | Active: 3 | Margin: 97818.96 | Util: 0.1%
00:33:03 | [POSITION STATS] Open: 3 | Unrealized: $-4.33 | Daily Loss: $0.00/100.00
00:33:03 | [ANALYSIS] Examining EUR/USD | Time: 02:00 | Bars: 100
00:33:03 | [ANALYSIS] Examining GBP/USD | Time: 02:00 | Bars: 100
00:33:03 | [ANALYSIS] GBP/USD | Price: 1.34339 | RSI: 42.4 | ADX: 44.4 | ML: UP(75%)
00:33:03 | [STRATEGY] Added synthetic ML BUY signal (conf: 0.75)
00:33:03 | [ANALYSIS] Examining USD/JPY | Time: 02:00 | Bars: 100
00:33:03 | [ANALYSIS] Examining AUD/USD | Time: 02:00 | Bars: 100
00:33:03 | [IDLE] Waiting for next market pulse...
00:33:13 | [36m[STATS][0m --- [CYCLE 608] ---
00:33:13 | [36m[STATS][0m Balance: 97965.06 | Equity: 97960.68 | Active: 3 | Margin: 97818.91 | Util: 0.1%
00:33:13 | [POSITION STATS] Open: 3 | Unrealized: $-4.38 | Daily Loss: $0.00/100.00
00:33:13 | [ANALYSIS] Examining EUR/USD | Time: 02:00 | Bars: 100
00:33:13 | [ANALYSIS] Examining GBP/USD | Time: 02:00 | Bars: 100
00:33:13 | [ANALYSIS] GBP/USD | Price: 1.34343 | RSI: 42.7 | ADX: 44.4 | ML: UP(75%)
00:33:13 | [STRATEGY] Added synthetic ML BUY signal (conf: 0.75)
00:33:13 | [ANALYSIS] Examining USD/JPY | Time: 02:00 | Bars: 100
00:33:13 | [ANALYSIS] Examining AUD/USD | Time: 02:00 | Bars: 100
00:33:13 | [IDLE] Waiting for next market pulse...
00:33:23 | [36m[STATS][0m --- [CYCLE 609] ---
00:33:23 | [36m[STATS][0m Balance: 97965.06 | Equity: 97960.72 | Active: 3 | Margin: 97818.95 | Util: 0.1%
00:33:23 | [POSITION STATS] Open: 3 | Unrealized: $-4.34 | Daily Loss: $0.00/100.00
00:33:23 | [ANALYSIS] Examining EUR/USD | Time: 02:00 | Bars: 100
00:33:23 | [ANALYSIS] Examining GBP/USD | Time: 02:00 | Bars: 100
00:33:23 | [ANALYSIS] GBP/USD | Price: 1.34339 | RSI: 42.4 | ADX: 44.4 | ML: UP(75%)
00:33:23 | [STRATEGY] Added synthetic ML BUY signal (conf: 0.75)
00:33:23 | [ANALYSIS] Examining USD/JPY | Time: 02:00 | Bars: 100
00:33:23 | [ANALYSIS] Examining AUD/USD | Time: 02:00 | Bars: 100
00:33:23 | [IDLE] Waiting for next market pulse...
00:33:34 | [36m[STATS][0m --- [CYCLE 610] ---
00:33:34 | [36m[STATS][0m Balance: 97965.06 | Equity: 97960.88 | Active: 3 | Margin: 97819.11 | Util: 0.1%
00:33:34 | [POSITION STATS] Open: 3 | Unrealized: $-4.18 | Daily Loss: $0.00/100.00
00:33:34 | [ANALYSIS] Examining EUR/USD | Time: 02:00 | Bars: 100
00:33:34 | [ANALYSIS] Examining GBP/USD | Time: 02:00 | Bars: 100
00:33:34 | [ANALYSIS] GBP/USD | Price: 1.34338 | RSI: 42.4 | ADX: 44.4 | ML: UP(75%)
00:33:34 | [STRATEGY] Added synthetic ML BUY signal (conf: 0.75)
00:33:34 | [ANALYSIS] Examining USD/JPY | Time: 02:00 | Bars: 100
00:33:34 | [ANALYSIS] Examining AUD/USD | Time: 02:00 | Bars: 100
00:33:34 | [SUMMARY] Risk: operational | Positions: 3 | Daily Trades: 1/5 | Exits: 1 (Market: 0, Admin: 1)
00:33:34 | [IDLE] Waiting for next market pulse...
00:33:44 | [36m[STATS][0m --- [CYCLE 611] ---
00:33:44 | [36m[STATS][0m Balance: 97965.06 | Equity: 97959.98 | Active: 3 | Margin: 97818.21 | Util: 0.1%
00:33:44 | [POSITION STATS] Open: 3 | Unrealized: $-5.08 | Daily Loss: $0.00/100.00
00:33:44 | [ANALYSIS] Examining EUR/USD | Time: 02:00 | Bars: 100
00:33:44 | [ANALYSIS] Examining GBP/USD | Time: 02:00 | Bars: 100
00:33:44 | [ANALYSIS] GBP/USD | Price: 1.34329 | RSI: 41.9 | ADX: 44.4 | ML: UP(75%)
00:33:44 | [STRATEGY] Added synthetic ML BUY signal (conf: 0.75)
00:33:44 | [ANALYSIS] Examining USD/JPY | Time: 02:00 | Bars: 100
00:33:44 | [ANALYSIS] Examining AUD/USD | Time: 02:00 | Bars: 100
00:33:44 | [IDLE] Waiting for next market pulse...
00:33:54 | [36m[STATS][0m --- [CYCLE 612] ---
00:33:54 | [36m[STATS][0m Balance: 97965.06 | Equity: 97959.95 | Active: 3 | Margin: 97818.18 | Util: 0.1%
00:33:54 | [POSITION STATS] Open: 3 | Unrealized: $-5.11 | Daily Loss: $0.00/100.00
00:33:54 | [ANALYSIS] Examining EUR/USD | Time: 02:00 | Bars: 100
00:33:54 | [ANALYSIS] Examining GBP/USD | Time: 02:00 | Bars: 100
00:33:54 | [ANALYSIS] GBP/USD | Price: 1.34329 | RSI: 41.9 | ADX: 44.4 | ML: UP(75%)
00:33:54 | [STRATEGY] Added synthetic ML BUY signal (conf: 0.75)
00:33:54 | [ANALYSIS] Examining USD/JPY | Time: 02:00 | Bars: 100
00:33:54 | [ANALYSIS] Examining AUD/USD | Time: 02:00 | Bars: 100
00:33:54 | [IDLE] Waiting for next market pulse...
00:34:05 | [36m[STATS][0m --- [CYCLE 613] ---
00:34:05 | [36m[STATS][0m Balance: 97965.06 | Equity: 97960.28 | Active: 3 | Margin: 97818.51 | Util: 0.1%
00:34:05 | [POSITION STATS] Open: 3 | Unrealized: $-4.78 | Daily Loss: $0.00/100.00
00:34:05 | [ANALYSIS] Examining EUR/USD | Time: 02:00 | Bars: 100
00:34:05 | [ANALYSIS] Examining GBP/USD | Time: 02:00 | Bars: 100
00:34:05 | [ANALYSIS] GBP/USD | Price: 1.34330 | RSI: 42.0 | ADX: 44.4 | ML: UP(75%)
00:34:05 | [STRATEGY] Added synthetic ML BUY signal (conf: 0.75)
00:34:05 | [ANALYSIS] Examining USD/JPY | Time: 02:00 | Bars: 100
00:34:05 | [ANALYSIS] Examining AUD/USD | Time: 02:00 | Bars: 100
00:34:05 | [IDLE] Waiting for next market pulse...
00:34:15 | [36m[STATS][0m --- [CYCLE 614] ---
00:34:15 | [36m[STATS][0m Balance: 97965.06 | Equity: 97960.33 | Active: 3 | Margin: 97818.56 | Util: 0.1%
00:34:15 | [POSITION STATS] Open: 3 | Unrealized: $-4.73 | Daily Loss: $0.00/100.00
00:34:15 | [ANALYSIS] Examining EUR/USD | Time: 02:00 | Bars: 100
00:34:15 | [ANALYSIS] Examining GBP/USD | Time: 02:00 | Bars: 100
00:34:15 | [ANALYSIS] GBP/USD | Price: 1.34327 | RSI: 41.8 | ADX: 44.4 | ML: UP(75%)
00:34:15 | [STRATEGY] Added synthetic ML BUY signal (conf: 0.75)
00:34:15 | [ANALYSIS] Examining USD/JPY | Time: 02:00 | Bars: 100
00:34:15 | [ANALYSIS] Examining AUD/USD | Time: 02:00 | Bars: 100
00:34:15 | [IDLE] Waiting for next market pulse...
00:34:25 | [36m[STATS][0m --- [CYCLE 615] ---
00:34:25 | [36m[STATS][0m Balance: 97965.06 | Equity: 97959.80 | Active: 3 | Margin: 97818.03 | Util: 0.1%
00:34:25 | [POSITION STATS] Open: 3 | Unrealized: $-5.26 | Daily Loss: $0.00/100.00
00:34:25 | [ANALYSIS] Examining EUR/USD | Time: 02:00 | Bars: 100
00:34:25 | [ANALYSIS] Examining GBP/USD | Time: 02:00 | Bars: 100
00:34:25 | [ANALYSIS] GBP/USD | Price: 1.34319 | RSI: 41.4 | ADX: 44.4 | ML: UP(75%)
00:34:25 | [STRATEGY] Added synthetic ML BUY signal (conf: 0.75)
00:34:25 | [ANALYSIS] Examining USD/JPY | Time: 02:00 | Bars: 100
00:34:25 | [ANALYSIS] Examining AUD/USD | Time: 02:00 | Bars: 100
00:34:25 | [SUMMARY] Risk: operational | Positions: 3 | Daily Trades: 1/5 | Exits: 1 (Market: 0, Admin: 1)
00:34:25 | [IDLE] Waiting for next market pulse...
00:34:36 | [36m[STATS][0m --- [CYCLE 616] ---
00:34:36 | [36m[STATS][0m Balance: 97965.06 | Equity: 97959.72 | Active: 3 | Margin: 97817.95 | Util: 0.1%
00:34:36 | [POSITION STATS] Open: 3 | Unrealized: $-5.34 | Daily Loss: $0.00/100.00
00:34:36 | [ANALYSIS] Examining EUR/USD | Time: 02:00 | Bars: 100
00:34:36 | [ANALYSIS] Examining GBP/USD | Time: 02:00 | Bars: 100
00:34:36 | [ANALYSIS] GBP/USD | Price: 1.34319 | RSI: 41.4 | ADX: 44.4 | ML: UP(75%)
00:34:36 | [STRATEGY] Added synthetic ML BUY signal (conf: 0.75)
00:34:36 | [ANALYSIS] Examining USD/JPY | Time: 02:00 | Bars: 100
00:34:36 | [ANALYSIS] Examining AUD/USD | Time: 02:00 | Bars: 100
00:34:36 | [IDLE] Waiting for next market pulse...
00:34:46 | [36m[STATS][0m --- [CYCLE 617] ---
00:34:46 | [36m[STATS][0m Balance: 97965.06 | Equity: 97959.70 | Active: 3 | Margin: 97817.93 | Util: 0.1%
00:34:46 | [POSITION STATS] Open: 3 | Unrealized: $-5.36 | Daily Loss: $0.00/100.00
00:34:46 | [ANALYSIS] Examining EUR/USD | Time: 02:00 | Bars: 100
00:34:46 | [ANALYSIS] Examining GBP/USD | Time: 02:00 | Bars: 100
00:34:46 | [ANALYSIS] GBP/USD | Price: 1.34319 | RSI: 41.4 | ADX: 44.4 | ML: UP(75%)
00:34:46 | [STRATEGY] Added synthetic ML BUY signal (conf: 0.75)
00:34:46 | [ANALYSIS] Examining USD/JPY | Time: 02:00 | Bars: 100
00:34:46 | [ANALYSIS] Examining AUD/USD | Time: 02:00 | Bars: 100
00:34:46 | [IDLE] Waiting for next market pulse...
00:34:56 | [36m[STATS][0m --- [CYCLE 618] ---
00:34:56 | [36m[STATS][0m Balance: 97965.06 | Equity: 97960.30 | Active: 3 | Margin: 97818.53 | Util: 0.1%
00:34:56 | [POSITION STATS] Open: 3 | Unrealized: $-4.76 | Daily Loss: $0.00/100.00
00:34:56 | [ANALYSIS] Examining EUR/USD | Time: 02:00 | Bars: 100
00:34:56 | [ANALYSIS] Examining GBP/USD | Time: 02:00 | Bars: 100
00:34:56 | [ANALYSIS] GBP/USD | Price: 1.34329 | RSI: 41.9 | ADX: 44.4 | ML: UP(75%)
00:34:56 | [STRATEGY] Added synthetic ML BUY signal (conf: 0.75)
00:34:56 | [ANALYSIS] Examining USD/JPY | Time: 02:00 | Bars: 100
00:34:56 | [ANALYSIS] Examining AUD/USD | Time: 02:00 | Bars: 100
00:34:56 | [IDLE] Waiting for next market pulse...
00:35:07 | [36m[STATS][0m --- [CYCLE 619] ---
00:35:07 | [36m[STATS][0m Balance: 97965.06 | Equity: 97960.07 | Active: 3 | Margin: 97818.30 | Util: 0.1%
00:35:07 | [POSITION STATS] Open: 3 | Unrealized: $-4.99 | Daily Loss: $0.00/100.00
00:35:07 | [ANALYSIS] Examining EUR/USD | Time: 02:00 | Bars: 100
00:35:07 | [ANALYSIS] Examining GBP/USD | Time: 02:00 | Bars: 100
00:35:07 | [ANALYSIS] GBP/USD | Price: 1.34328 | RSI: 41.9 | ADX: 44.4 | ML: UP(75%)
00:35:07 | [STRATEGY] Added synthetic ML BUY signal (conf: 0.75)
00:35:07 | [ANALYSIS] Examining USD/JPY | Time: 02:00 | Bars: 100
00:35:07 | [ANALYSIS] Examining AUD/USD | Time: 02:00 | Bars: 100
00:35:07 | [IDLE] Waiting for next market pulse...
00:35:17 | [36m[STATS][0m --- [CYCLE 620] ---
00:35:17 | [36m[STATS][0m Balance: 97965.06 | Equity: 97959.97 | Active: 3 | Margin: 97818.20 | Util: 0.1%
00:35:17 | [POSITION STATS] Open: 3 | Unrealized: $-5.09 | Daily Loss: $0.00/100.00
00:35:17 | [ANALYSIS] Examining EUR/USD | Time: 02:00 | Bars: 100
00:35:17 | [ANALYSIS] Examining GBP/USD | Time: 02:00 | Bars: 100
00:35:17 | [ANALYSIS] GBP/USD | Price: 1.34327 | RSI: 41.8 | ADX: 44.4 | ML: UP(75%)
00:35:17 | [STRATEGY] Added synthetic ML BUY signal (conf: 0.75)
00:35:17 | [ANALYSIS] Examining USD/JPY | Time: 02:00 | Bars: 100
00:35:17 | [ANALYSIS] Examining AUD/USD | Time: 02:00 | Bars: 100
00:35:17 | [SUMMARY] Risk: operational | Positions: 3 | Daily Trades: 1/5 | Exits: 1 (Market: 0, Admin: 1)
00:35:17 | [IDLE] Waiting for next market pulse...
00:35:27 | [36m[STATS][0m --- [CYCLE 621] ---
00:35:27 | [36m[STATS][0m Balance: 97965.06 | Equity: 97959.98 | Active: 3 | Margin: 97818.21 | Util: 0.1%
00:35:27 | [POSITION STATS] Open: 3 | Unrealized: $-5.08 | Daily Loss: $0.00/100.00
00:35:27 | [ANALYSIS] Examining EUR/USD | Time: 02:00 | Bars: 100
00:35:27 | [ANALYSIS] Examining GBP/USD | Time: 02:00 | Bars: 100
00:35:27 | [ANALYSIS] GBP/USD | Price: 1.34328 | RSI: 41.9 | ADX: 44.4 | ML: UP(75%)
00:35:27 | [STRATEGY] Added synthetic ML BUY signal (conf: 0.75)
00:35:27 | [ANALYSIS] Examining USD/JPY | Time: 02:00 | Bars: 100
00:35:27 | [ANALYSIS] Examining AUD/USD | Time: 02:00 | Bars: 100
00:35:27 | [IDLE] Waiting for next market pulse...
00:35:38 | [36m[STATS][0m --- [CYCLE 622] ---
00:35:38 | [36m[STATS][0m Balance: 97965.06 | Equity: 97959.83 | Active: 3 | Margin: 97818.06 | Util: 0.1%
00:35:38 | [POSITION STATS] Open: 3 | Unrealized: $-5.23 | Daily Loss: $0.00/100.00
00:35:38 | [ANALYSIS] Examining EUR/USD | Time: 02:00 | Bars: 100
00:35:38 | [ANALYSIS] Examining GBP/USD | Time: 02:00 | Bars: 100
00:35:38 | [ANALYSIS] GBP/USD | Price: 1.34320 | RSI: 41.5 | ADX: 44.4 | ML: UP(75%)
00:35:38 | [STRATEGY] Added synthetic ML BUY signal (conf: 0.75)
00:35:38 | [ANALYSIS] Examining USD/JPY | Time: 02:00 | Bars: 100
00:35:38 | [ANALYSIS] Examining AUD/USD | Time: 02:00 | Bars: 100
00:35:38 | [IDLE] Waiting for next market pulse...
00:35:48 | [36m[STATS][0m --- [CYCLE 623] ---
00:35:48 | [36m[STATS][0m Balance: 97965.06 | Equity: 97960.02 | Active: 3 | Margin: 97818.25 | Util: 0.1%
00:35:48 | [POSITION STATS] Open: 3 | Unrealized: $-5.04 | Daily Loss: $0.00/100.00
00:35:48 | [ANALYSIS] Examining EUR/USD | Time: 02:00 | Bars: 100
00:35:48 | [ANALYSIS] Examining GBP/USD | Time: 02:00 | Bars: 100
00:35:48 | [ANALYSIS] GBP/USD | Price: 1.34327 | RSI: 41.8 | ADX: 44.4 | ML: UP(75%)
00:35:48 | [STRATEGY] Added synthetic ML BUY signal (conf: 0.75)
00:35:48 | [ANALYSIS] Examining USD/JPY | Time: 02:00 | Bars: 100
00:35:48 | [ANALYSIS] Examining AUD/USD | Time: 02:00 | Bars: 100
00:35:48 | [IDLE] Waiting for next market pulse...
00:35:58 | [36m[STATS][0m --- [CYCLE 624] ---
00:35:58 | [36m[STATS][0m Balance: 97965.06 | Equity: 97959.98 | Active: 3 | Margin: 97818.21 | Util: 0.1%
00:35:58 | [POSITION STATS] Open: 3 | Unrealized: $-5.08 | Daily Loss: $0.00/100.00
00:35:58 | [ANALYSIS] Examining EUR/USD | Time: 02:00 | Bars: 100
00:35:58 | [ANALYSIS] Examining GBP/USD | Time: 02:00 | Bars: 100
00:35:58 | [ANALYSIS] GBP/USD | Price: 1.34326 | RSI: 41.8 | ADX: 44.4 | ML: UP(75%)
00:35:58 | [STRATEGY] Added synthetic ML BUY signal (conf: 0.75)
00:35:58 | [ANALYSIS] Examining USD/JPY | Time: 02:00 | Bars: 100
00:35:58 | [ANALYSIS] Examining AUD/USD | Time: 02:00 | Bars: 100
00:35:58 | [IDLE] Waiting for next market pulse...
00:36:09 | [36m[STATS][0m --- [CYCLE 625] ---
00:36:09 | [36m[STATS][0m Balance: 97965.06 | Equity: 97959.98 | Active: 3 | Margin: 97818.21 | Util: 0.1%
00:36:09 | [POSITION STATS] Open: 3 | Unrealized: $-5.08 | Daily Loss: $0.00/100.00
00:36:09 | [ANALYSIS] Examining EUR/USD | Time: 02:00 | Bars: 100
00:36:09 | [ANALYSIS] Examining GBP/USD | Time: 02:00 | Bars: 100
00:36:09 | [ANALYSIS] GBP/USD | Price: 1.34327 | RSI: 41.8 | ADX: 44.4 | ML: UP(75%)
00:36:09 | [STRATEGY] Added synthetic ML BUY signal (conf: 0.75)
00:36:09 | [ANALYSIS] Examining USD/JPY | Time: 02:00 | Bars: 100
00:36:09 | [ANALYSIS] Examining AUD/USD | Time: 02:00 | Bars: 100
00:36:09 | [SUMMARY] Risk: operational | Positions: 3 | Daily Trades: 1/5 | Exits: 1 (Market: 0, Admin: 1)
00:36:09 | [IDLE] Waiting for next market pulse...
00:36:19 | [36m[STATS][0m --- [CYCLE 626] ---
00:36:19 | [36m[STATS][0m Balance: 97965.06 | Equity: 97960.13 | Active: 3 | Margin: 97818.36 | Util: 0.1%
00:36:19 | [POSITION STATS] Open: 3 | Unrealized: $-4.93 | Daily Loss: $0.00/100.00
00:36:19 | [ANALYSIS] Examining EUR/USD | Time: 02:00 | Bars: 100
00:36:19 | [ANALYSIS] Examining GBP/USD | Time: 02:00 | Bars: 100
00:36:19 | [ANALYSIS] GBP/USD | Price: 1.34327 | RSI: 41.8 | ADX: 44.4 | ML: UP(75%)
00:36:19 | [STRATEGY] Added synthetic ML BUY signal (conf: 0.75)
00:36:19 | [ANALYSIS] Examining USD/JPY | Time: 02:00 | Bars: 100
00:36:19 | [ANALYSIS] Examining AUD/USD | Time: 02:00 | Bars: 100
00:36:19 | [IDLE] Waiting for next market pulse...
00:36:29 | [36m[STATS][0m --- [CYCLE 627] ---
00:36:29 | [36m[STATS][0m Balance: 97965.06 | Equity: 97960.18 | Active: 3 | Margin: 97818.41 | Util: 0.1%
00:36:29 | [POSITION STATS] Open: 3 | Unrealized: $-4.88 | Daily Loss: $0.00/100.00
00:36:29 | [ANALYSIS] Examining EUR/USD | Time: 02:00 | Bars: 100
00:36:29 | [ANALYSIS] Examining GBP/USD | Time: 02:00 | Bars: 100
00:36:29 | [ANALYSIS] GBP/USD | Price: 1.34327 | RSI: 41.8 | ADX: 44.4 | ML: UP(75%)
00:36:29 | [STRATEGY] Added synthetic ML BUY signal (conf: 0.75)
00:36:29 | [ANALYSIS] Examining USD/JPY | Time: 02:00 | Bars: 100
00:36:29 | [ANALYSIS] Examining AUD/USD | Time: 02:00 | Bars: 100
00:36:29 | [IDLE] Waiting for next market pulse...
00:36:40 | [36m[STATS][0m --- [CYCLE 628] ---
00:36:40 | [36m[STATS][0m Balance: 97965.06 | Equity: 97960.19 | Active: 3 | Margin: 97818.42 | Util: 0.1%
00:36:40 | [POSITION STATS] Open: 3 | Unrealized: $-4.87 | Daily Loss: $0.00/100.00
00:36:40 | [ANALYSIS] Examining EUR/USD | Time: 02:00 | Bars: 100
00:36:40 | [ANALYSIS] Examining GBP/USD | Time: 02:00 | Bars: 100
00:36:40 | [ANALYSIS] GBP/USD | Price: 1.34335 | RSI: 42.2 | ADX: 44.4 | ML: UP(75%)
00:36:40 | [STRATEGY] Added synthetic ML BUY signal (conf: 0.75)
00:36:40 | [ANALYSIS] Examining USD/JPY | Time: 02:00 | Bars: 100
00:36:40 | [ANALYSIS] Examining AUD/USD | Time: 02:00 | Bars: 100
00:36:40 | [IDLE] Waiting for next market pulse...
00:36:50 | [36m[STATS][0m --- [CYCLE 629] ---
00:36:50 | [36m[STATS][0m Balance: 97965.06 | Equity: 97960.78 | Active: 3 | Margin: 97819.01 | Util: 0.1%
00:36:50 | [POSITION STATS] Open: 3 | Unrealized: $-4.28 | Daily Loss: $0.00/100.00
00:36:50 | [ANALYSIS] Examining EUR/USD | Time: 02:00 | Bars: 100
00:36:50 | [ANALYSIS] Examining GBP/USD | Time: 02:00 | Bars: 100
00:36:50 | [ANALYSIS] GBP/USD | Price: 1.34337 | RSI: 42.3 | ADX: 44.4 | ML: UP(75%)
00:36:50 | [STRATEGY] Added synthetic ML BUY signal (conf: 0.75)
00:36:50 | [ANALYSIS] Examining USD/JPY | Time: 02:00 | Bars: 100
00:36:50 | [ANALYSIS] Examining AUD/USD | Time: 02:00 | Bars: 100
00:36:50 | [IDLE] Waiting for next market pulse...
00:37:00 | [36m[STATS][0m --- [CYCLE 630] ---
00:37:00 | [36m[STATS][0m Balance: 97965.06 | Equity: 97960.58 | Active: 3 | Margin: 97818.81 | Util: 0.1%
00:37:00 | [POSITION STATS] Open: 3 | Unrealized: $-4.48 | Daily Loss: $0.00/100.00
00:37:00 | [ANALYSIS] Examining EUR/USD | Time: 02:00 | Bars: 100
00:37:00 | [ANALYSIS] Examining GBP/USD | Time: 02:00 | Bars: 100
00:37:00 | [ANALYSIS] GBP/USD | Price: 1.34343 | RSI: 42.7 | ADX: 44.4 | ML: UP(75%)
00:37:00 | [STRATEGY] Added synthetic ML BUY signal (conf: 0.75)
00:37:00 | [ANALYSIS] Examining USD/JPY | Time: 02:00 | Bars: 100
00:37:00 | [ANALYSIS] Examining AUD/USD | Time: 02:00 | Bars: 100
00:37:00 | [SUMMARY] Risk: operational | Positions: 3 | Daily Trades: 1/5 | Exits: 1 (Market: 0, Admin: 1)
00:37:00 | [IDLE] Waiting for next market pulse...
00:37:11 | [36m[STATS][0m --- [CYCLE 631] ---
00:37:11 | [36m[STATS][0m Balance: 97965.06 | Equity: 97960.68 | Active: 3 | Margin: 97818.91 | Util: 0.1%
00:37:11 | [POSITION STATS] Open: 3 | Unrealized: $-4.38 | Daily Loss: $0.00/100.00
00:37:11 | [ANALYSIS] Examining EUR/USD | Time: 02:00 | Bars: 100
00:37:11 | [ANALYSIS] Examining GBP/USD | Time: 02:00 | Bars: 100
00:37:11 | [ANALYSIS] GBP/USD | Price: 1.34338 | RSI: 42.4 | ADX: 44.4 | ML: UP(75%)
00:37:11 | [STRATEGY] Added synthetic ML BUY signal (conf: 0.75)
00:37:11 | [ANALYSIS] Examining USD/JPY | Time: 02:00 | Bars: 100
00:37:11 | [ANALYSIS] Examining AUD/USD | Time: 02:00 | Bars: 100
00:37:11 | [IDLE] Waiting for next market pulse...
00:37:21 | [36m[STATS][0m --- [CYCLE 632] ---
00:37:21 | [36m[STATS][0m Balance: 97965.06 | Equity: 97960.63 | Active: 3 | Margin: 97818.86 | Util: 0.1%
00:37:21 | [POSITION STATS] Open: 3 | Unrealized: $-4.43 | Daily Loss: $0.00/100.00
00:37:21 | [ANALYSIS] Examining EUR/USD | Time: 02:00 | Bars: 100
00:37:21 | [ANALYSIS] Examining GBP/USD | Time: 02:00 | Bars: 100
00:37:21 | [ANALYSIS] GBP/USD | Price: 1.34338 | RSI: 42.4 | ADX: 44.4 | ML: UP(75%)
00:37:21 | [STRATEGY] Added synthetic ML BUY signal (conf: 0.75)
00:37:21 | [ANALYSIS] Examining USD/JPY | Time: 02:00 | Bars: 100
00:37:21 | [ANALYSIS] Examining AUD/USD | Time: 02:00 | Bars: 100
00:37:21 | [IDLE] Waiting for next market pulse...
00:37:31 | [36m[STATS][0m --- [CYCLE 633] ---
00:37:31 | [36m[STATS][0m Balance: 97965.06 | Equity: 97960.63 | Active: 3 | Margin: 97818.86 | Util: 0.1%
00:37:31 | [POSITION STATS] Open: 3 | Unrealized: $-4.43 | Daily Loss: $0.00/100.00
00:37:31 | [ANALYSIS] Examining EUR/USD | Time: 02:00 | Bars: 100
00:37:31 | [ANALYSIS] Examining GBP/USD | Time: 02:00 | Bars: 100
00:37:31 | [ANALYSIS] GBP/USD | Price: 1.34338 | RSI: 42.4 | ADX: 44.4 | ML: UP(75%)
00:37:31 | [STRATEGY] Added synthetic ML BUY signal (conf: 0.75)
00:37:31 | [ANALYSIS] Examining USD/JPY | Time: 02:00 | Bars: 100
00:37:31 | [ANALYSIS] Examining AUD/USD | Time: 02:00 | Bars: 100
00:37:31 | [IDLE] Waiting for next market pulse...
00:37:42 | [36m[STATS][0m --- [CYCLE 634] ---
00:37:42 | [36m[STATS][0m Balance: 97965.06 | Equity: 97960.48 | Active: 3 | Margin: 97818.71 | Util: 0.1%
00:37:42 | [POSITION STATS] Open: 3 | Unrealized: $-4.58 | Daily Loss: $0.00/100.00
00:37:42 | [ANALYSIS] Examining EUR/USD | Time: 02:00 | Bars: 100
00:37:42 | [ANALYSIS] Examining GBP/USD | Time: 02:00 | Bars: 100
00:37:42 | [ANALYSIS] GBP/USD | Price: 1.34338 | RSI: 42.4 | ADX: 44.4 | ML: UP(75%)
00:37:42 | [STRATEGY] Added synthetic ML BUY signal (conf: 0.75)
00:37:42 | [ANALYSIS] Examining USD/JPY | Time: 02:00 | Bars: 100
00:37:42 | [ANALYSIS] Examining AUD/USD | Time: 02:00 | Bars: 100
00:37:42 | [IDLE] Waiting for next market pulse...
00:37:52 | [36m[STATS][0m --- [CYCLE 635] ---
00:37:52 | [36m[STATS][0m Balance: 97965.06 | Equity: 97960.88 | Active: 3 | Margin: 97819.11 | Util: 0.1%
00:37:52 | [POSITION STATS] Open: 3 | Unrealized: $-4.18 | Daily Loss: $0.00/100.00
00:37:52 | [ANALYSIS] Examining EUR/USD | Time: 02:00 | Bars: 100
00:37:52 | [ANALYSIS] Examining GBP/USD | Time: 02:00 | Bars: 100
00:37:52 | [ANALYSIS] GBP/USD | Price: 1.34340 | RSI: 42.5 | ADX: 44.4 | ML: UP(75%)
00:37:52 | [STRATEGY] Added synthetic ML BUY signal (conf: 0.75)
00:37:52 | [ANALYSIS] Examining USD/JPY | Time: 02:00 | Bars: 100
00:37:52 | [ANALYSIS] Examining AUD/USD | Time: 02:00 | Bars: 100
00:37:52 | [SUMMARY] Risk: operational | Positions: 3 | Daily Trades: 1/5 | Exits: 1 (Market: 0, Admin: 1)
00:37:52 | [IDLE] Waiting for next market pulse...
00:38:02 | [36m[STATS][0m --- [CYCLE 636] ---
00:38:02 | [36m[STATS][0m Balance: 97965.06 | Equity: 97960.87 | Active: 3 | Margin: 97819.10 | Util: 0.1%
00:38:02 | [POSITION STATS] Open: 3 | Unrealized: $-4.19 | Daily Loss: $0.00/100.00
00:38:02 | [ANALYSIS] Examining EUR/USD | Time: 02:00 | Bars: 100
00:38:02 | [ANALYSIS] Examining GBP/USD | Time: 02:00 | Bars: 100
00:38:02 | [ANALYSIS] GBP/USD | Price: 1.34339 | RSI: 42.4 | ADX: 44.4 | ML: UP(75%)
00:38:02 | [STRATEGY] Added synthetic ML BUY signal (conf: 0.75)
00:38:02 | [ANALYSIS] Examining USD/JPY | Time: 02:00 | Bars: 100
00:38:02 | [ANALYSIS] Examining AUD/USD | Time: 02:00 | Bars: 100
00:38:02 | [IDLE] Waiting for next market pulse...
00:38:13 | [36m[STATS][0m --- [CYCLE 637] ---
00:38:13 | [36m[STATS][0m Balance: 97965.06 | Equity: 97961.64 | Active: 3 | Margin: 97819.87 | Util: 0.1%
00:38:13 | [POSITION STATS] Open: 3 | Unrealized: $-3.42 | Daily Loss: $0.00/100.00
00:38:13 | [ANALYSIS] Examining EUR/USD | Time: 02:00 | Bars: 100
00:38:13 | [ANALYSIS] Examining GBP/USD | Time: 02:00 | Bars: 100
00:38:13 | [ANALYSIS] GBP/USD | Price: 1.34347 | RSI: 42.9 | ADX: 44.4 | ML: UP(75%)
00:38:13 | [STRATEGY] Added synthetic ML BUY signal (conf: 0.75)
00:38:13 | [ANALYSIS] Examining USD/JPY | Time: 02:00 | Bars: 100
00:38:13 | [ANALYSIS] Examining AUD/USD | Time: 02:00 | Bars: 100
00:38:13 | [IDLE] Waiting for next market pulse...
00:38:23 | [36m[STATS][0m --- [CYCLE 638] ---
00:38:23 | [36m[STATS][0m Balance: 97965.06 | Equity: 97961.13 | Active: 3 | Margin: 97819.36 | Util: 0.1%
00:38:23 | [POSITION STATS] Open: 3 | Unrealized: $-3.93 | Daily Loss: $0.00/100.00
00:38:23 | [ANALYSIS] Examining EUR/USD | Time: 02:00 | Bars: 100
00:38:23 | [ANALYSIS] Examining GBP/USD | Time: 02:00 | Bars: 100
00:38:23 | [ANALYSIS] GBP/USD | Price: 1.34339 | RSI: 42.4 | ADX: 44.4 | ML: UP(75%)
00:38:23 | [STRATEGY] Added synthetic ML BUY signal (conf: 0.75)
00:38:23 | [ANALYSIS] Examining USD/JPY | Time: 02:00 | Bars: 100
00:38:23 | [ANALYSIS] Examining AUD/USD | Time: 02:00 | Bars: 100
00:38:23 | [IDLE] Waiting for next market pulse...
00:38:33 | [36m[STATS][0m --- [CYCLE 639] ---
00:38:33 | [36m[STATS][0m Balance: 97965.06 | Equity: 97960.78 | Active: 3 | Margin: 97819.01 | Util: 0.1%
00:38:33 | [POSITION STATS] Open: 3 | Unrealized: $-4.28 | Daily Loss: $0.00/100.00
00:38:33 | [ANALYSIS] Examining EUR/USD | Time: 02:00 | Bars: 100
00:38:33 | [ANALYSIS] Examining GBP/USD | Time: 02:00 | Bars: 100
00:38:33 | [ANALYSIS] GBP/USD | Price: 1.34339 | RSI: 42.4 | ADX: 44.4 | ML: UP(75%)
00:38:33 | [STRATEGY] Added synthetic ML BUY signal (conf: 0.75)
00:38:33 | [ANALYSIS] Examining USD/JPY | Time: 02:00 | Bars: 100
00:38:33 | [ANALYSIS] Examining AUD/USD | Time: 02:00 | Bars: 100
00:38:33 | [IDLE] Waiting for next market pulse...
00:38:44 | [36m[STATS][0m --- [CYCLE 640] ---
00:38:44 | [36m[STATS][0m Balance: 97965.06 | Equity: 97960.52 | Active: 3 | Margin: 97818.75 | Util: 0.1%
00:38:44 | [POSITION STATS] Open: 3 | Unrealized: $-4.54 | Daily Loss: $0.00/100.00
00:38:44 | [ANALYSIS] Examining EUR/USD | Time: 02:00 | Bars: 100
00:38:44 | [ANALYSIS] Examining GBP/USD | Time: 02:00 | Bars: 100
00:38:44 | [ANALYSIS] GBP/USD | Price: 1.34338 | RSI: 42.4 | ADX: 44.4 | ML: UP(75%)
00:38:44 | [STRATEGY] Added synthetic ML BUY signal (conf: 0.75)
00:38:44 | [ANALYSIS] Examining USD/JPY | Time: 02:00 | Bars: 100
00:38:44 | [ANALYSIS] Examining AUD/USD | Time: 02:00 | Bars: 100
00:38:44 | [SUMMARY] Risk: operational | Positions: 3 | Daily Trades: 1/5 | Exits: 1 (Market: 0, Admin: 1)
00:38:44 | [IDLE] Waiting for next market pulse...
00:38:54 | [36m[STATS][0m --- [CYCLE 641] ---
00:38:54 | [36m[STATS][0m Balance: 97965.06 | Equity: 97960.52 | Active: 3 | Margin: 97818.75 | Util: 0.1%
00:38:54 | [POSITION STATS] Open: 3 | Unrealized: $-4.54 | Daily Loss: $0.00/100.00
00:38:54 | [ANALYSIS] Examining EUR/USD | Time: 02:00 | Bars: 100
00:38:54 | [ANALYSIS] Examining GBP/USD | Time: 02:00 | Bars: 100
00:38:54 | [ANALYSIS] GBP/USD | Price: 1.34338 | RSI: 42.4 | ADX: 44.4 | ML: UP(75%)
00:38:54 | [STRATEGY] Added synthetic ML BUY signal (conf: 0.75)
00:38:54 | [ANALYSIS] Examining USD/JPY | Time: 02:00 | Bars: 100
00:38:54 | [ANALYSIS] Examining AUD/USD | Time: 02:00 | Bars: 100
00:38:54 | [IDLE] Waiting for next market pulse...
00:39:04 | [36m[STATS][0m --- [CYCLE 642] ---
00:39:04 | [36m[STATS][0m Balance: 97965.06 | Equity: 97960.38 | Active: 3 | Margin: 97818.61 | Util: 0.1%
00:39:04 | [POSITION STATS] Open: 3 | Unrealized: $-4.68 | Daily Loss: $0.00/100.00
00:39:04 | [ANALYSIS] Examining EUR/USD | Time: 02:00 | Bars: 100
00:39:04 | [ANALYSIS] Examining GBP/USD | Time: 02:00 | Bars: 100
00:39:04 | [ANALYSIS] GBP/USD | Price: 1.34338 | RSI: 42.4 | ADX: 44.4 | ML: UP(75%)
00:39:04 | [STRATEGY] Added synthetic ML BUY signal (conf: 0.75)
00:39:04 | [ANALYSIS] Examining USD/JPY | Time: 02:00 | Bars: 100
00:39:04 | [ANALYSIS] Examining AUD/USD | Time: 02:00 | Bars: 100
00:39:04 | [IDLE] Waiting for next market pulse...
00:39:15 | [36m[STATS][0m --- [CYCLE 643] ---
00:39:15 | [36m[STATS][0m Balance: 97965.06 | Equity: 97960.12 | Active: 3 | Margin: 97818.35 | Util: 0.1%
00:39:15 | [POSITION STATS] Open: 3 | Unrealized: $-4.94 | Daily Loss: $0.00/100.00
00:39:15 | [ANALYSIS] Examining EUR/USD | Time: 02:00 | Bars: 100
00:39:15 | [ANALYSIS] Examining GBP/USD | Time: 02:00 | Bars: 100
00:39:15 | [ANALYSIS] GBP/USD | Price: 1.34337 | RSI: 42.3 | ADX: 44.4 | ML: UP(75%)
00:39:15 | [STRATEGY] Added synthetic ML BUY signal (conf: 0.75)
00:39:15 | [ANALYSIS] Examining USD/JPY | Time: 02:00 | Bars: 100
00:39:15 | [ANALYSIS] Examining AUD/USD | Time: 02:00 | Bars: 100
00:39:15 | [IDLE] Waiting for next market pulse...
00:39:25 | [36m[STATS][0m --- [CYCLE 644] ---
00:39:25 | [36m[STATS][0m Balance: 97965.06 | Equity: 97960.02 | Active: 3 | Margin: 97818.25 | Util: 0.1%
00:39:25 | [POSITION STATS] Open: 3 | Unrealized: $-5.04 | Daily Loss: $0.00/100.00
00:39:25 | [ANALYSIS] Examining EUR/USD | Time: 02:00 | Bars: 100
00:39:25 | [ANALYSIS] Examining GBP/USD | Time: 02:00 | Bars: 100
00:39:25 | [ANALYSIS] GBP/USD | Price: 1.34330 | RSI: 42.0 | ADX: 44.4 | ML: UP(75%)
00:39:25 | [STRATEGY] Added synthetic ML BUY signal (conf: 0.75)
00:39:25 | [ANALYSIS] Examining USD/JPY | Time: 02:00 | Bars: 100
00:39:25 | [ANALYSIS] Examining AUD/USD | Time: 02:00 | Bars: 100
00:39:25 | [IDLE] Waiting for next market pulse...
00:39:35 | [36m[STATS][0m --- [CYCLE 645] ---
00:39:35 | [36m[STATS][0m Balance: 97965.06 | Equity: 97959.87 | Active: 3 | Margin: 97818.10 | Util: 0.1%
00:39:35 | [POSITION STATS] Open: 3 | Unrealized: $-5.19 | Daily Loss: $0.00/100.00
00:39:35 | [ANALYSIS] Examining EUR/USD | Time: 02:00 | Bars: 100
00:39:35 | [ANALYSIS] Examining GBP/USD | Time: 02:00 | Bars: 100
00:39:35 | [ANALYSIS] GBP/USD | Price: 1.34335 | RSI: 42.2 | ADX: 44.4 | ML: UP(75%)
00:39:35 | [STRATEGY] Added synthetic ML BUY signal (conf: 0.75)
00:39:35 | [ANALYSIS] Examining USD/JPY | Time: 02:00 | Bars: 100
00:39:35 | [ANALYSIS] Examining AUD/USD | Time: 02:00 | Bars: 100
00:39:35 | [SUMMARY] Risk: operational | Positions: 3 | Daily Trades: 1/5 | Exits: 1 (Market: 0, Admin: 1)
00:39:35 | [IDLE] Waiting for next market pulse...
00:39:46 | [36m[STATS][0m --- [CYCLE 646] ---
00:39:46 | [36m[STATS][0m Balance: 97965.06 | Equity: 97959.85 | Active: 3 | Margin: 97818.08 | Util: 0.1%
00:39:46 | [POSITION STATS] Open: 3 | Unrealized: $-5.21 | Daily Loss: $0.00/100.00
00:39:46 | [ANALYSIS] Examining EUR/USD | Time: 02:00 | Bars: 100
00:39:46 | [ANALYSIS] Examining GBP/USD | Time: 02:00 | Bars: 100
00:39:46 | [ANALYSIS] GBP/USD | Price: 1.34334 | RSI: 42.2 | ADX: 44.4 | ML: UP(75%)
00:39:46 | [STRATEGY] Added synthetic ML BUY signal (conf: 0.75)
00:39:46 | [ANALYSIS] Examining USD/JPY | Time: 02:00 | Bars: 100
00:39:46 | [ANALYSIS] Examining AUD/USD | Time: 02:00 | Bars: 100
00:39:46 | [IDLE] Waiting for next market pulse...
00:39:56 | [36m[STATS][0m --- [CYCLE 647] ---
00:39:56 | [36m[STATS][0m Balance: 97965.06 | Equity: 97959.97 | Active: 3 | Margin: 97818.20 | Util: 0.1%
00:39:56 | [POSITION STATS] Open: 3 | Unrealized: $-5.09 | Daily Loss: $0.00/100.00
00:39:56 | [ANALYSIS] Examining EUR/USD | Time: 02:00 | Bars: 100
00:39:56 | [ANALYSIS] Examining GBP/USD | Time: 02:00 | Bars: 100
00:39:56 | [ANALYSIS] GBP/USD | Price: 1.34335 | RSI: 42.2 | ADX: 44.4 | ML: UP(75%)
00:39:56 | [STRATEGY] Added synthetic ML BUY signal (conf: 0.75)
00:39:56 | [ANALYSIS] Examining USD/JPY | Time: 02:00 | Bars: 100
00:39:56 | [ANALYSIS] Examining AUD/USD | Time: 02:00 | Bars: 100
00:39:56 | [IDLE] Waiting for next market pulse...
00:40:06 | [36m[STATS][0m --- [CYCLE 648] ---
00:40:06 | [36m[STATS][0m Balance: 97965.06 | Equity: 97959.66 | Active: 3 | Margin: 97817.89 | Util: 0.1%
00:40:06 | [POSITION STATS] Open: 3 | Unrealized: $-5.40 | Daily Loss: $0.00/100.00
00:40:06 | [ANALYSIS] Examining EUR/USD | Time: 02:00 | Bars: 100
00:40:06 | [ANALYSIS] Examining GBP/USD | Time: 02:00 | Bars: 100
00:40:06 | [ANALYSIS] GBP/USD | Price: 1.34331 | RSI: 42.0 | ADX: 44.4 | ML: UP(75%)
00:40:06 | [STRATEGY] Added synthetic ML BUY signal (conf: 0.75)
00:40:06 | [ANALYSIS] Examining USD/JPY | Time: 02:00 | Bars: 100
00:40:06 | [ANALYSIS] Examining AUD/USD | Time: 02:00 | Bars: 100
00:40:06 | [IDLE] Waiting for next market pulse...
00:40:17 | [36m[STATS][0m --- [CYCLE 649] ---
00:40:17 | [36m[STATS][0m Balance: 97965.06 | Equity: 97959.71 | Active: 3 | Margin: 97817.94 | Util: 0.1%
00:40:17 | [POSITION STATS] Open: 3 | Unrealized: $-5.35 | Daily Loss: $0.00/100.00
00:40:17 | [ANALYSIS] Examining EUR/USD | Time: 02:00 | Bars: 100
00:40:17 | [ANALYSIS] Examining GBP/USD | Time: 02:00 | Bars: 100
00:40:17 | [ANALYSIS] GBP/USD | Price: 1.34334 | RSI: 42.2 | ADX: 44.4 | ML: UP(75%)
00:40:17 | [STRATEGY] Added synthetic ML BUY signal (conf: 0.75)
00:40:17 | [ANALYSIS] Examining USD/JPY | Time: 02:00 | Bars: 100
00:40:17 | [ANALYSIS] Examining AUD/USD | Time: 02:00 | Bars: 100
00:40:17 | [IDLE] Waiting for next market pulse...
00:40:27 | [36m[STATS][0m --- [CYCLE 650] ---
00:40:27 | [36m[STATS][0m Balance: 97965.06 | Equity: 97959.71 | Active: 3 | Margin: 97817.94 | Util: 0.1%
00:40:27 | [POSITION STATS] Open: 3 | Unrealized: $-5.35 | Daily Loss: $0.00/100.00
00:40:27 | [ANALYSIS] Examining EUR/USD | Time: 02:00 | Bars: 100
00:40:27 | [ANALYSIS] Examining GBP/USD | Time: 02:00 | Bars: 100
00:40:27 | [ANALYSIS] GBP/USD | Price: 1.34335 | RSI: 42.2 | ADX: 44.4 | ML: UP(75%)
00:40:27 | [STRATEGY] Added synthetic ML BUY signal (conf: 0.75)
00:40:27 | [ANALYSIS] Examining USD/JPY | Time: 02:00 | Bars: 100
00:40:27 | [ANALYSIS] Examining AUD/USD | Time: 02:00 | Bars: 100
00:40:27 | [SUMMARY] Risk: operational | Positions: 3 | Daily Trades: 1/5 | Exits: 1 (Market: 0, Admin: 1)
00:40:27 | [IDLE] Waiting for next market pulse...
00:40:37 | [36m[STATS][0m --- [CYCLE 651] ---
00:40:37 | [36m[STATS][0m Balance: 97965.06 | Equity: 97959.67 | Active: 3 | Margin: 97817.90 | Util: 0.1%
00:40:37 | [POSITION STATS] Open: 3 | Unrealized: $-5.39 | Daily Loss: $0.00/100.00
00:40:37 | [ANALYSIS] Examining EUR/USD | Time: 02:00 | Bars: 100
00:40:37 | [ANALYSIS] Examining GBP/USD | Time: 02:00 | Bars: 100
00:40:37 | [ANALYSIS] GBP/USD | Price: 1.34333 | RSI: 42.1 | ADX: 44.4 | ML: UP(75%)
00:40:37 | [STRATEGY] Added synthetic ML BUY signal (conf: 0.75)
00:40:37 | [ANALYSIS] Examining USD/JPY | Time: 02:00 | Bars: 100
00:40:37 | [ANALYSIS] Examining AUD/USD | Time: 02:00 | Bars: 100
00:40:37 | [IDLE] Waiting for next market pulse...
00:40:48 | [36m[STATS][0m --- [CYCLE 652] ---
00:40:48 | [36m[STATS][0m Balance: 97965.06 | Equity: 97959.51 | Active: 3 | Margin: 97817.74 | Util: 0.1%
00:40:48 | [POSITION STATS] Open: 3 | Unrealized: $-5.55 | Daily Loss: $0.00/100.00
00:40:48 | [ANALYSIS] Examining EUR/USD | Time: 02:00 | Bars: 100
00:40:48 | [ANALYSIS] Examining GBP/USD | Time: 02:00 | Bars: 100
00:40:48 | [ANALYSIS] GBP/USD | Price: 1.34329 | RSI: 41.9 | ADX: 44.4 | ML: UP(75%)
00:40:48 | [STRATEGY] Added synthetic ML BUY signal (conf: 0.75)
00:40:48 | [ANALYSIS] Examining USD/JPY | Time: 02:00 | Bars: 100
00:40:48 | [ANALYSIS] Examining AUD/USD | Time: 02:00 | Bars: 100
00:40:48 | [IDLE] Waiting for next market pulse...
00:40:58 | [36m[STATS][0m --- [CYCLE 653] ---
00:40:58 | [36m[STATS][0m Balance: 97965.06 | Equity: 97959.16 | Active: 3 | Margin: 97817.39 | Util: 0.1%
00:40:58 | [POSITION STATS] Open: 3 | Unrealized: $-5.90 | Daily Loss: $0.00/100.00
00:40:58 | [ANALYSIS] Examining EUR/USD | Time: 02:00 | Bars: 100
00:40:58 | [ANALYSIS] Examining GBP/USD | Time: 02:00 | Bars: 100
00:40:58 | [ANALYSIS] GBP/USD | Price: 1.34329 | RSI: 41.9 | ADX: 44.4 | ML: UP(75%)
00:40:58 | [STRATEGY] Added synthetic ML BUY signal (conf: 0.75)
00:40:58 | [ANALYSIS] Examining USD/JPY | Time: 02:00 | Bars: 100
00:40:58 | [ANALYSIS] Examining AUD/USD | Time: 02:00 | Bars: 100
00:40:58 | [IDLE] Waiting for next market pulse...
00:41:08 | [36m[STATS][0m --- [CYCLE 654] ---
00:41:08 | [36m[STATS][0m Balance: 97965.06 | Equity: 97958.95 | Active: 3 | Margin: 97817.18 | Util: 0.1%
00:41:08 | [POSITION STATS] Open: 3 | Unrealized: $-6.11 | Daily Loss: $0.00/100.00
00:41:08 | [ANALYSIS] Examining EUR/USD | Time: 02:00 | Bars: 100
00:41:08 | [ANALYSIS] Examining GBP/USD | Time: 02:00 | Bars: 100
00:41:08 | [ANALYSIS] GBP/USD | Price: 1.34330 | RSI: 42.0 | ADX: 44.4 | ML: UP(75%)
00:41:08 | [STRATEGY] Added synthetic ML BUY signal (conf: 0.75)
00:41:08 | [ANALYSIS] Examining USD/JPY | Time: 02:00 | Bars: 100
00:41:08 | [ANALYSIS] Examining AUD/USD | Time: 02:00 | Bars: 100
00:41:08 | [IDLE] Waiting for next market pulse...
00:41:19 | [36m[STATS][0m --- [CYCLE 655] ---
00:41:19 | [36m[STATS][0m Balance: 97965.06 | Equity: 97958.87 | Active: 3 | Margin: 97817.10 | Util: 0.1%
00:41:19 | [POSITION STATS] Open: 3 | Unrealized: $-6.19 | Daily Loss: $0.00/100.00
00:41:19 | [ANALYSIS] Examining EUR/USD | Time: 02:00 | Bars: 100
00:41:19 | [ANALYSIS] Examining GBP/USD | Time: 02:00 | Bars: 100
00:41:19 | [ANALYSIS] GBP/USD | Price: 1.34327 | RSI: 41.8 | ADX: 44.4 | ML: UP(75%)
00:41:19 | [STRATEGY] Added synthetic ML BUY signal (conf: 0.75)
00:41:19 | [ANALYSIS] Examining USD/JPY | Time: 02:00 | Bars: 100
00:41:19 | [ANALYSIS] Examining AUD/USD | Time: 02:00 | Bars: 100
00:41:19 | [SUMMARY] Risk: operational | Positions: 3 | Daily Trades: 1/5 | Exits: 1 (Market: 0, Admin: 1)
00:41:19 | [IDLE] Waiting for next market pulse...
00:41:29 | [36m[STATS][0m --- [CYCLE 656] ---
00:41:29 | [36m[STATS][0m Balance: 97965.06 | Equity: 97958.79 | Active: 3 | Margin: 97817.02 | Util: 0.1%
00:41:29 | [POSITION STATS] Open: 3 | Unrealized: $-6.27 | Daily Loss: $0.00/100.00
00:41:29 | [ANALYSIS] Examining EUR/USD | Time: 02:00 | Bars: 100
00:41:29 | [ANALYSIS] Examining GBP/USD | Time: 02:00 | Bars: 100
00:41:29 | [ANALYSIS] GBP/USD | Price: 1.34326 | RSI: 41.8 | ADX: 44.4 | ML: UP(75%)
00:41:29 | [STRATEGY] Added synthetic ML BUY signal (conf: 0.75)
00:41:29 | [ANALYSIS] Examining USD/JPY | Time: 02:00 | Bars: 100
00:41:29 | [ANALYSIS] Examining AUD/USD | Time: 02:00 | Bars: 100
00:41:29 | [IDLE] Waiting for next market pulse...
00:41:39 | [36m[STATS][0m --- [CYCLE 657] ---
00:41:39 | [36m[STATS][0m Balance: 97965.06 | Equity: 97958.85 | Active: 3 | Margin: 97817.08 | Util: 0.1%
00:41:39 | [POSITION STATS] Open: 3 | Unrealized: $-6.21 | Daily Loss: $0.00/100.00
00:41:39 | [ANALYSIS] Examining EUR/USD | Time: 02:00 | Bars: 100
00:41:39 | [ANALYSIS] Examining GBP/USD | Time: 02:00 | Bars: 100
00:41:39 | [ANALYSIS] GBP/USD | Price: 1.34327 | RSI: 41.8 | ADX: 44.4 | ML: UP(75%)
00:41:39 | [STRATEGY] Added synthetic ML BUY signal (conf: 0.75)
00:41:39 | [ANALYSIS] Examining USD/JPY | Time: 02:00 | Bars: 100
00:41:39 | [ANALYSIS] Examining AUD/USD | Time: 02:00 | Bars: 100
00:41:39 | [IDLE] Waiting for next market pulse...
00:41:50 | [36m[STATS][0m --- [CYCLE 658] ---
00:41:50 | [36m[STATS][0m Balance: 97965.06 | Equity: 97958.71 | Active: 3 | Margin: 97816.94 | Util: 0.1%
00:41:50 | [POSITION STATS] Open: 3 | Unrealized: $-6.35 | Daily Loss: $0.00/100.00
00:41:50 | [ANALYSIS] Examining EUR/USD | Time: 02:00 | Bars: 100
00:41:50 | [ANALYSIS] Examining GBP/USD | Time: 02:00 | Bars: 100
00:41:50 | [ANALYSIS] GBP/USD | Price: 1.34327 | RSI: 41.8 | ADX: 44.4 | ML: UP(75%)
00:41:50 | [STRATEGY] Added synthetic ML BUY signal (conf: 0.75)
00:41:50 | [ANALYSIS] Examining USD/JPY | Time: 02:00 | Bars: 100
00:41:50 | [ANALYSIS] Examining AUD/USD | Time: 02:00 | Bars: 100
00:41:50 | [IDLE] Waiting for next market pulse...
00:42:00 | [36m[STATS][0m --- [CYCLE 659] ---
00:42:00 | [36m[STATS][0m Balance: 97965.06 | Equity: 97958.99 | Active: 3 | Margin: 97817.22 | Util: 0.1%
00:42:00 | [POSITION STATS] Open: 3 | Unrealized: $-6.07 | Daily Loss: $0.00/100.00
00:42:00 | [ANALYSIS] Examining EUR/USD | Time: 02:00 | Bars: 100
00:42:00 | [ANALYSIS] Examining GBP/USD | Time: 02:00 | Bars: 100
00:42:00 | [ANALYSIS] GBP/USD | Price: 1.34327 | RSI: 41.8 | ADX: 44.4 | ML: UP(75%)
00:42:00 | [STRATEGY] Added synthetic ML BUY signal (conf: 0.75)
00:42:00 | [ANALYSIS] Examining USD/JPY | Time: 02:00 | Bars: 100
00:42:00 | [ANALYSIS] Examining AUD/USD | Time: 02:00 | Bars: 100
00:42:00 | [IDLE] Waiting for next market pulse...
00:42:10 | [36m[STATS][0m --- [CYCLE 660] ---
00:42:10 | [36m[STATS][0m Balance: 97965.06 | Equity: 97958.71 | Active: 3 | Margin: 97816.94 | Util: 0.1%
00:42:10 | [POSITION STATS] Open: 3 | Unrealized: $-6.35 | Daily Loss: $0.00/100.00
00:42:10 | [ANALYSIS] Examining EUR/USD | Time: 02:00 | Bars: 100
00:42:10 | [ANALYSIS] Examining GBP/USD | Time: 02:00 | Bars: 100
00:42:10 | [ANALYSIS] GBP/USD | Price: 1.34326 | RSI: 41.8 | ADX: 44.4 | ML: UP(75%)
00:42:10 | [STRATEGY] Added synthetic ML BUY signal (conf: 0.75)
00:42:10 | [ANALYSIS] Examining USD/JPY | Time: 02:00 | Bars: 100
00:42:10 | [ANALYSIS] Examining AUD/USD | Time: 02:00 | Bars: 100
00:42:10 | [SUMMARY] Risk: operational | Positions: 3 | Daily Trades: 1/5 | Exits: 1 (Market: 0, Admin: 1)
00:42:10 | [IDLE] Waiting for next market pulse...
00:42:21 | [36m[STATS][0m --- [CYCLE 661] ---
00:42:21 | [36m[STATS][0m Balance: 97965.06 | Equity: 97958.71 | Active: 3 | Margin: 97816.94 | Util: 0.1%
00:42:21 | [POSITION STATS] Open: 3 | Unrealized: $-6.35 | Daily Loss: $0.00/100.00
00:42:21 | [ANALYSIS] Examining EUR/USD | Time: 02:00 | Bars: 100
00:42:21 | [ANALYSIS] Examining GBP/USD | Time: 02:00 | Bars: 100
00:42:21 | [ANALYSIS] GBP/USD | Price: 1.34328 | RSI: 41.9 | ADX: 44.4 | ML: UP(75%)
00:42:21 | [STRATEGY] Added synthetic ML BUY signal (conf: 0.75)
00:42:21 | [ANALYSIS] Examining USD/JPY | Time: 02:00 | Bars: 100
00:42:21 | [ANALYSIS] Examining AUD/USD | Time: 02:00 | Bars: 100
00:42:21 | [IDLE] Waiting for next market pulse...
00:42:31 | [36m[STATS][0m --- [CYCLE 662] ---
00:42:31 | [36m[STATS][0m Balance: 97965.06 | Equity: 97958.69 | Active: 3 | Margin: 97816.92 | Util: 0.1%
00:42:31 | [POSITION STATS] Open: 3 | Unrealized: $-6.37 | Daily Loss: $0.00/100.00
00:42:31 | [ANALYSIS] Examining EUR/USD | Time: 02:00 | Bars: 100
00:42:31 | [ANALYSIS] Examining GBP/USD | Time: 02:00 | Bars: 100
00:42:31 | [ANALYSIS] GBP/USD | Price: 1.34327 | RSI: 41.8 | ADX: 44.4 | ML: UP(75%)
00:42:31 | [STRATEGY] Added synthetic ML BUY signal (conf: 0.75)
00:42:31 | [ANALYSIS] Examining USD/JPY | Time: 02:00 | Bars: 100
00:42:31 | [ANALYSIS] Examining AUD/USD | Time: 02:00 | Bars: 100
00:42:31 | [IDLE] Waiting for next market pulse...
00:42:41 | [36m[STATS][0m --- [CYCLE 663] ---
00:42:41 | [36m[STATS][0m Balance: 97965.06 | Equity: 97958.69 | Active: 3 | Margin: 97816.92 | Util: 0.1%
00:42:41 | [POSITION STATS] Open: 3 | Unrealized: $-6.37 | Daily Loss: $0.00/100.00
00:42:41 | [ANALYSIS] Examining EUR/USD | Time: 02:00 | Bars: 100
00:42:41 | [ANALYSIS] Examining GBP/USD | Time: 02:00 | Bars: 100
00:42:41 | [ANALYSIS] GBP/USD | Price: 1.34327 | RSI: 41.8 | ADX: 44.4 | ML: UP(75%)
00:42:41 | [STRATEGY] Added synthetic ML BUY signal (conf: 0.75)
00:42:41 | [ANALYSIS] Examining USD/JPY | Time: 02:00 | Bars: 100
00:42:41 | [ANALYSIS] Examining AUD/USD | Time: 02:00 | Bars: 100
00:42:41 | [IDLE] Waiting for next market pulse...
00:42:52 | [36m[STATS][0m --- [CYCLE 664] ---
00:42:52 | [36m[STATS][0m Balance: 97965.06 | Equity: 97959.14 | Active: 3 | Margin: 97817.37 | Util: 0.1%
00:42:52 | [POSITION STATS] Open: 3 | Unrealized: $-5.92 | Daily Loss: $0.00/100.00
00:42:52 | [ANALYSIS] Examining EUR/USD | Time: 02:00 | Bars: 100
00:42:52 | [ANALYSIS] Examining GBP/USD | Time: 02:00 | Bars: 100
00:42:52 | [ANALYSIS] GBP/USD | Price: 1.34329 | RSI: 41.9 | ADX: 44.4 | ML: UP(75%)
00:42:52 | [STRATEGY] Added synthetic ML BUY signal (conf: 0.75)
00:42:52 | [ANALYSIS] Examining USD/JPY | Time: 02:00 | Bars: 100
00:42:52 | [ANALYSIS] Examining AUD/USD | Time: 02:00 | Bars: 100
00:42:52 | [IDLE] Waiting for next market pulse...
00:43:02 | [36m[STATS][0m --- [CYCLE 665] ---
00:43:02 | [36m[STATS][0m Balance: 97965.06 | Equity: 97959.21 | Active: 3 | Margin: 97817.44 | Util: 0.1%
00:43:02 | [POSITION STATS] Open: 3 | Unrealized: $-5.85 | Daily Loss: $0.00/100.00
00:43:02 | [ANALYSIS] Examining EUR/USD | Time: 02:00 | Bars: 100
00:43:02 | [ANALYSIS] Examining GBP/USD | Time: 02:00 | Bars: 100
00:43:02 | [ANALYSIS] GBP/USD | Price: 1.34330 | RSI: 42.0 | ADX: 44.4 | ML: UP(75%)
00:43:02 | [STRATEGY] Added synthetic ML BUY signal (conf: 0.75)
00:43:02 | [ANALYSIS] Examining USD/JPY | Time: 02:00 | Bars: 100
00:43:02 | [ANALYSIS] Examining AUD/USD | Time: 02:00 | Bars: 100
00:43:02 | [SUMMARY] Risk: operational | Positions: 3 | Daily Trades: 1/5 | Exits: 1 (Market: 0, Admin: 1)
00:43:02 | [IDLE] Waiting for next market pulse...
00:43:12 | [36m[STATS][0m --- [CYCLE 666] ---
00:43:12 | [36m[STATS][0m Balance: 97965.06 | Equity: 97959.14 | Active: 3 | Margin: 97817.37 | Util: 0.1%
00:43:12 | [POSITION STATS] Open: 3 | Unrealized: $-5.92 | Daily Loss: $0.00/100.00
00:43:12 | [ANALYSIS] Examining EUR/USD | Time: 02:00 | Bars: 100
00:43:12 | [ANALYSIS] Examining GBP/USD | Time: 02:00 | Bars: 100
00:43:12 | [ANALYSIS] GBP/USD | Price: 1.34329 | RSI: 41.9 | ADX: 44.4 | ML: UP(75%)
00:43:12 | [STRATEGY] Added synthetic ML BUY signal (conf: 0.75)
00:43:12 | [ANALYSIS] Examining USD/JPY | Time: 02:00 | Bars: 100
00:43:12 | [ANALYSIS] Examining AUD/USD | Time: 02:00 | Bars: 100
00:43:12 | [IDLE] Waiting for next market pulse...
00:43:23 | [36m[STATS][0m --- [CYCLE 667] ---
00:43:23 | [36m[STATS][0m Balance: 97965.06 | Equity: 97960.04 | Active: 3 | Margin: 97818.27 | Util: 0.1%
00:43:23 | [POSITION STATS] Open: 3 | Unrealized: $-5.02 | Daily Loss: $0.00/100.00
00:43:23 | [ANALYSIS] Examining EUR/USD | Time: 02:00 | Bars: 100
00:43:23 | [ANALYSIS] Examining GBP/USD | Time: 02:00 | Bars: 100
00:43:23 | [ANALYSIS] GBP/USD | Price: 1.34338 | RSI: 42.4 | ADX: 44.4 | ML: UP(75%)
00:43:23 | [STRATEGY] Added synthetic ML BUY signal (conf: 0.75)
00:43:23 | [ANALYSIS] Examining USD/JPY | Time: 02:00 | Bars: 100
00:43:23 | [ANALYSIS] Examining AUD/USD | Time: 02:00 | Bars: 100
00:43:23 | [IDLE] Waiting for next market pulse...
00:43:33 | [36m[STATS][0m --- [CYCLE 668] ---
00:43:33 | [36m[STATS][0m Balance: 97965.06 | Equity: 97960.07 | Active: 3 | Margin: 97818.30 | Util: 0.1%
00:43:33 | [POSITION STATS] Open: 3 | Unrealized: $-4.99 | Daily Loss: $0.00/100.00
00:43:33 | [ANALYSIS] Examining EUR/USD | Time: 02:00 | Bars: 100
00:43:33 | [ANALYSIS] Examining GBP/USD | Time: 02:00 | Bars: 100
00:43:33 | [ANALYSIS] GBP/USD | Price: 1.34338 | RSI: 42.4 | ADX: 44.4 | ML: UP(75%)
00:43:33 | [STRATEGY] Added synthetic ML BUY signal (conf: 0.75)
00:43:33 | [ANALYSIS] Examining USD/JPY | Time: 02:00 | Bars: 100
00:43:33 | [ANALYSIS] Examining AUD/USD | Time: 02:00 | Bars: 100
00:43:33 | [IDLE] Waiting for next market pulse...
00:43:43 | [36m[STATS][0m --- [CYCLE 669] ---
00:43:43 | [36m[STATS][0m Balance: 97965.06 | Equity: 97960.09 | Active: 3 | Margin: 97818.32 | Util: 0.1%
00:43:43 | [POSITION STATS] Open: 3 | Unrealized: $-4.97 | Daily Loss: $0.00/100.00
00:43:43 | [ANALYSIS] Examining EUR/USD | Time: 02:00 | Bars: 100
00:43:43 | [ANALYSIS] Examining GBP/USD | Time: 02:00 | Bars: 100
00:43:43 | [ANALYSIS] GBP/USD | Price: 1.34338 | RSI: 42.4 | ADX: 44.4 | ML: UP(75%)
00:43:43 | [STRATEGY] Added synthetic ML BUY signal (conf: 0.75)
00:43:43 | [ANALYSIS] Examining USD/JPY | Time: 02:00 | Bars: 100
00:43:43 | [ANALYSIS] Examining AUD/USD | Time: 02:00 | Bars: 100
00:43:43 | [IDLE] Waiting for next market pulse...
00:43:54 | [36m[STATS][0m --- [CYCLE 670] ---
00:43:54 | [36m[STATS][0m Balance: 97965.06 | Equity: 97960.01 | Active: 3 | Margin: 97818.24 | Util: 0.1%
00:43:54 | [POSITION STATS] Open: 3 | Unrealized: $-5.05 | Daily Loss: $0.00/100.00
00:43:54 | [ANALYSIS] Examining EUR/USD | Time: 02:00 | Bars: 100
00:43:54 | [ANALYSIS] Examining GBP/USD | Time: 02:00 | Bars: 100
00:43:54 | [ANALYSIS] GBP/USD | Price: 1.34337 | RSI: 42.3 | ADX: 44.4 | ML: UP(75%)
00:43:54 | [STRATEGY] Added synthetic ML BUY signal (conf: 0.75)
00:43:54 | [ANALYSIS] Examining USD/JPY | Time: 02:00 | Bars: 100
00:43:54 | [ANALYSIS] Examining AUD/USD | Time: 02:00 | Bars: 100
00:43:54 | [SUMMARY] Risk: operational | Positions: 3 | Daily Trades: 1/5 | Exits: 1 (Market: 0, Admin: 1)
00:43:54 | [IDLE] Waiting for next market pulse...
00:44:04 | [36m[STATS][0m --- [CYCLE 671] ---
00:44:04 | [36m[STATS][0m Balance: 97965.06 | Equity: 97959.58 | Active: 3 | Margin: 97817.81 | Util: 0.1%
00:44:04 | [POSITION STATS] Open: 3 | Unrealized: $-5.48 | Daily Loss: $0.00/100.00
00:44:04 | [ANALYSIS] Examining EUR/USD | Time: 02:00 | Bars: 100
00:44:04 | [ANALYSIS] Examining GBP/USD | Time: 02:00 | Bars: 100
00:44:04 | [ANALYSIS] GBP/USD | Price: 1.34334 | RSI: 42.2 | ADX: 44.4 | ML: UP(75%)
00:44:04 | [STRATEGY] Added synthetic ML BUY signal (conf: 0.75)
00:44:04 | [ANALYSIS] Examining USD/JPY | Time: 02:00 | Bars: 100
00:44:04 | [ANALYSIS] Examining AUD/USD | Time: 02:00 | Bars: 100
00:44:04 | [IDLE] Waiting for next market pulse...
00:44:14 | [36m[STATS][0m --- [CYCLE 672] ---
00:44:14 | [36m[STATS][0m Balance: 97965.06 | Equity: 97959.58 | Active: 3 | Margin: 97817.81 | Util: 0.1%
00:44:14 | [POSITION STATS] Open: 3 | Unrealized: $-5.48 | Daily Loss: $0.00/100.00
00:44:14 | [ANALYSIS] Examining EUR/USD | Time: 02:00 | Bars: 100
00:44:14 | [ANALYSIS] Examining GBP/USD | Time: 02:00 | Bars: 100
00:44:14 | [ANALYSIS] GBP/USD | Price: 1.34336 | RSI: 42.3 | ADX: 44.4 | ML: UP(75%)
00:44:14 | [STRATEGY] Added synthetic ML BUY signal (conf: 0.75)
00:44:14 | [ANALYSIS] Examining USD/JPY | Time: 02:00 | Bars: 100
00:44:14 | [ANALYSIS] Examining AUD/USD | Time: 02:00 | Bars: 100
00:44:14 | [IDLE] Waiting for next market pulse...
00:44:25 | [36m[STATS][0m --- [CYCLE 673] ---
00:44:25 | [36m[STATS][0m Balance: 97965.06 | Equity: 97959.44 | Active: 3 | Margin: 97817.67 | Util: 0.1%
00:44:25 | [POSITION STATS] Open: 3 | Unrealized: $-5.62 | Daily Loss: $0.00/100.00
00:44:25 | [ANALYSIS] Examining EUR/USD | Time: 02:00 | Bars: 100
00:44:25 | [ANALYSIS] Examining GBP/USD | Time: 02:00 | Bars: 100
00:44:25 | [ANALYSIS] GBP/USD | Price: 1.34335 | RSI: 42.2 | ADX: 44.4 | ML: UP(75%)
00:44:25 | [STRATEGY] Added synthetic ML BUY signal (conf: 0.75)
00:44:25 | [ANALYSIS] Examining USD/JPY | Time: 02:00 | Bars: 100
00:44:25 | [ANALYSIS] Examining AUD/USD | Time: 02:00 | Bars: 100
00:44:25 | [IDLE] Waiting for next market pulse...
00:44:35 | [36m[STATS][0m --- [CYCLE 674] ---
00:44:35 | [36m[STATS][0m Balance: 97965.06 | Equity: 97959.42 | Active: 3 | Margin: 97817.65 | Util: 0.1%
00:44:35 | [POSITION STATS] Open: 3 | Unrealized: $-5.64 | Daily Loss: $0.00/100.00
00:44:35 | [ANALYSIS] Examining EUR/USD | Time: 02:00 | Bars: 100
00:44:35 | [ANALYSIS] Examining GBP/USD | Time: 02:00 | Bars: 100
00:44:35 | [ANALYSIS] GBP/USD | Price: 1.34336 | RSI: 42.3 | ADX: 44.4 | ML: UP(75%)
00:44:35 | [STRATEGY] Added synthetic ML BUY signal (conf: 0.75)
00:44:35 | [ANALYSIS] Examining USD/JPY | Time: 02:00 | Bars: 100
00:44:35 | [ANALYSIS] Examining AUD/USD | Time: 02:00 | Bars: 100
00:44:35 | [IDLE] Waiting for next market pulse...
00:44:45 | [36m[STATS][0m --- [CYCLE 675] ---
00:44:45 | [36m[STATS][0m Balance: 97965.06 | Equity: 97959.42 | Active: 3 | Margin: 97817.65 | Util: 0.1%
00:44:45 | [POSITION STATS] Open: 3 | Unrealized: $-5.64 | Daily Loss: $0.00/100.00
00:44:45 | [ANALYSIS] Examining EUR/USD | Time: 02:00 | Bars: 100
00:44:46 | [ANALYSIS] Examining GBP/USD | Time: 02:00 | Bars: 100
00:44:46 | [ANALYSIS] GBP/USD | Price: 1.34336 | RSI: 42.3 | ADX: 44.4 | ML: UP(75%)
00:44:46 | [STRATEGY] Added synthetic ML BUY signal (conf: 0.75)
00:44:46 | [ANALYSIS] Examining USD/JPY | Time: 02:00 | Bars: 100
00:44:46 | [ANALYSIS] Examining AUD/USD | Time: 02:00 | Bars: 100
00:44:46 | [SUMMARY] Risk: operational | Positions: 3 | Daily Trades: 1/5 | Exits: 1 (Market: 0, Admin: 1)
00:44:46 | [IDLE] Waiting for next market pulse...
00:44:56 | [36m[STATS][0m --- [CYCLE 676] ---
00:44:56 | [36m[STATS][0m Balance: 97965.06 | Equity: 97959.72 | Active: 3 | Margin: 97817.95 | Util: 0.1%
00:44:56 | [POSITION STATS] Open: 3 | Unrealized: $-5.34 | Daily Loss: $0.00/100.00
00:44:56 | [ANALYSIS] Examining EUR/USD | Time: 02:00 | Bars: 100
00:44:56 | [ANALYSIS] Examining GBP/USD | Time: 02:00 | Bars: 100
00:44:56 | [ANALYSIS] GBP/USD | Price: 1.34331 | RSI: 42.0 | ADX: 44.4 | ML: UP(75%)
00:44:56 | [STRATEGY] Added synthetic ML BUY signal (conf: 0.75)
00:44:56 | [ANALYSIS] Examining USD/JPY | Time: 02:00 | Bars: 100
00:44:56 | [ANALYSIS] Examining AUD/USD | Time: 02:00 | Bars: 100
00:44:56 | [IDLE] Waiting for next market pulse...
00:45:06 | [36m[STATS][0m --- [CYCLE 677] ---
00:45:06 | [36m[STATS][0m Balance: 97965.06 | Equity: 97959.87 | Active: 3 | Margin: 97818.10 | Util: 0.1%
00:45:06 | [POSITION STATS] Open: 3 | Unrealized: $-5.19 | Daily Loss: $0.00/100.00
00:45:06 | [ANALYSIS] Examining EUR/USD | Time: 02:00 | Bars: 100
00:45:06 | [ANALYSIS] Examining GBP/USD | Time: 02:00 | Bars: 100
00:45:06 | [ANALYSIS] GBP/USD | Price: 1.34337 | RSI: 42.3 | ADX: 44.4 | ML: UP(75%)
00:45:06 | [STRATEGY] Added synthetic ML BUY signal (conf: 0.75)
00:45:06 | [ANALYSIS] Examining USD/JPY | Time: 02:00 | Bars: 100
00:45:06 | [ANALYSIS] Examining AUD/USD | Time: 02:00 | Bars: 100
00:45:06 | [IDLE] Waiting for next market pulse...
00:45:17 | [36m[STATS][0m --- [CYCLE 678] ---
00:45:17 | [36m[STATS][0m Balance: 97965.06 | Equity: 97959.46 | Active: 3 | Margin: 97817.69 | Util: 0.1%
00:45:17 | [POSITION STATS] Open: 3 | Unrealized: $-5.60 | Daily Loss: $0.00/100.00
00:45:17 | [ANALYSIS] Examining EUR/USD | Time: 02:00 | Bars: 100
00:45:17 | [ANALYSIS] Examining GBP/USD | Time: 02:00 | Bars: 100
00:45:17 | [ANALYSIS] GBP/USD | Price: 1.34335 | RSI: 42.2 | ADX: 44.4 | ML: UP(75%)
00:45:17 | [STRATEGY] Added synthetic ML BUY signal (conf: 0.75)
00:45:17 | [ANALYSIS] Examining USD/JPY | Time: 02:00 | Bars: 100
00:45:17 | [ANALYSIS] Examining AUD/USD | Time: 02:00 | Bars: 100
00:45:17 | [IDLE] Waiting for next market pulse...
00:45:27 | [36m[STATS][0m --- [CYCLE 679] ---
00:45:27 | [36m[STATS][0m Balance: 97965.06 | Equity: 97959.25 | Active: 3 | Margin: 97817.48 | Util: 0.1%
00:45:27 | [POSITION STATS] Open: 3 | Unrealized: $-5.81 | Daily Loss: $0.00/100.00
00:45:27 | [ANALYSIS] Examining EUR/USD | Time: 02:00 | Bars: 100
00:45:27 | [ANALYSIS] Examining GBP/USD | Time: 02:00 | Bars: 100
00:45:27 | [ANALYSIS] GBP/USD | Price: 1.34328 | RSI: 41.9 | ADX: 44.4 | ML: UP(75%)
00:45:27 | [STRATEGY] Added synthetic ML BUY signal (conf: 0.75)
00:45:27 | [ANALYSIS] Examining USD/JPY | Time: 02:00 | Bars: 100
00:45:27 | [ANALYSIS] Examining AUD/USD | Time: 02:00 | Bars: 100
00:45:27 | [IDLE] Waiting for next market pulse...
00:45:37 | [36m[STATS][0m --- [CYCLE 680] ---
00:45:37 | [36m[STATS][0m Balance: 97965.06 | Equity: 97959.07 | Active: 3 | Margin: 97817.30 | Util: 0.1%
00:45:37 | [POSITION STATS] Open: 3 | Unrealized: $-5.99 | Daily Loss: $0.00/100.00
00:45:37 | [ANALYSIS] Examining EUR/USD | Time: 02:00 | Bars: 100
00:45:37 | [ANALYSIS] Examining GBP/USD | Time: 02:00 | Bars: 100
00:45:37 | [ANALYSIS] GBP/USD | Price: 1.34327 | RSI: 41.8 | ADX: 44.4 | ML: UP(75%)
00:45:37 | [STRATEGY] Added synthetic ML BUY signal (conf: 0.75)
00:45:37 | [ANALYSIS] Examining USD/JPY | Time: 02:00 | Bars: 100
00:45:37 | [ANALYSIS] Examining AUD/USD | Time: 02:00 | Bars: 100
00:45:38 | [SUMMARY] Risk: operational | Positions: 3 | Daily Trades: 1/5 | Exits: 1 (Market: 0, Admin: 1)
00:45:38 | [IDLE] Waiting for next market pulse...
00:45:48 | [36m[STATS][0m --- [CYCLE 681] ---
00:45:48 | [36m[STATS][0m Balance: 97965.06 | Equity: 97959.05 | Active: 3 | Margin: 97817.28 | Util: 0.1%
00:45:48 | [POSITION STATS] Open: 3 | Unrealized: $-6.01 | Daily Loss: $0.00/100.00
00:45:48 | [ANALYSIS] Examining EUR/USD | Time: 02:00 | Bars: 100
00:45:48 | [ANALYSIS] Examining GBP/USD | Time: 02:00 | Bars: 100
00:45:48 | [ANALYSIS] GBP/USD | Price: 1.34327 | RSI: 41.8 | ADX: 44.4 | ML: UP(75%)
00:45:48 | [STRATEGY] Added synthetic ML BUY signal (conf: 0.75)
00:45:48 | [ANALYSIS] Examining USD/JPY | Time: 02:00 | Bars: 100
00:45:48 | [ANALYSIS] Examining AUD/USD | Time: 02:00 | Bars: 100
00:45:48 | [IDLE] Waiting for next market pulse...
00:45:58 | [36m[STATS][0m --- [CYCLE 682] ---
00:45:58 | [36m[STATS][0m Balance: 97965.06 | Equity: 97959.16 | Active: 3 | Margin: 97817.39 | Util: 0.1%
00:45:58 | [POSITION STATS] Open: 3 | Unrealized: $-5.90 | Daily Loss: $0.00/100.00
00:45:58 | [ANALYSIS] Examining EUR/USD | Time: 02:00 | Bars: 100
00:45:58 | [ANALYSIS] Examining GBP/USD | Time: 02:00 | Bars: 100
00:45:58 | [ANALYSIS] GBP/USD | Price: 1.34331 | RSI: 42.0 | ADX: 44.4 | ML: UP(75%)
00:45:58 | [STRATEGY] Added synthetic ML BUY signal (conf: 0.75)
00:45:58 | [ANALYSIS] Examining USD/JPY | Time: 02:00 | Bars: 100
00:45:58 | [ANALYSIS] Examining AUD/USD | Time: 02:00 | Bars: 100
00:45:58 | [IDLE] Waiting for next market pulse...
00:46:08 | [36m[STATS][0m --- [CYCLE 683] ---
00:46:08 | [36m[STATS][0m Balance: 97965.06 | Equity: 97958.98 | Active: 3 | Margin: 97817.21 | Util: 0.1%
00:46:08 | [POSITION STATS] Open: 3 | Unrealized: $-6.08 | Daily Loss: $0.00/100.00
00:46:08 | [ANALYSIS] Examining EUR/USD | Time: 02:00 | Bars: 100
00:46:08 | [ANALYSIS] Examining GBP/USD | Time: 02:00 | Bars: 100
00:46:08 | [ANALYSIS] GBP/USD | Price: 1.34326 | RSI: 41.8 | ADX: 44.4 | ML: UP(75%)
00:46:09 | [STRATEGY] Added synthetic ML BUY signal (conf: 0.75)
00:46:09 | [ANALYSIS] Examining USD/JPY | Time: 02:00 | Bars: 100
00:46:09 | [ANALYSIS] Examining AUD/USD | Time: 02:00 | Bars: 100
00:46:09 | [IDLE] Waiting for next market pulse...
00:46:19 | [36m[STATS][0m --- [CYCLE 684] ---
00:46:19 | [36m[STATS][0m Balance: 97965.06 | Equity: 97959.20 | Active: 3 | Margin: 97817.43 | Util: 0.1%
00:46:19 | [POSITION STATS] Open: 3 | Unrealized: $-5.86 | Daily Loss: $0.00/100.00
00:46:19 | [ANALYSIS] Examining EUR/USD | Time: 02:00 | Bars: 100
00:46:19 | [ANALYSIS] Examining GBP/USD | Time: 02:00 | Bars: 100
00:46:19 | [ANALYSIS] GBP/USD | Price: 1.34327 | RSI: 41.8 | ADX: 44.4 | ML: UP(75%)
00:46:19 | [STRATEGY] Added synthetic ML BUY signal (conf: 0.75)
00:46:19 | [ANALYSIS] Examining USD/JPY | Time: 02:00 | Bars: 100
00:46:19 | [ANALYSIS] Examining AUD/USD | Time: 02:00 | Bars: 100
00:46:19 | [IDLE] Waiting for next market pulse...
00:46:29 | [36m[STATS][0m --- [CYCLE 685] ---
00:46:29 | [36m[STATS][0m Balance: 97965.06 | Equity: 97959.08 | Active: 3 | Margin: 97817.31 | Util: 0.1%
00:46:29 | [POSITION STATS] Open: 3 | Unrealized: $-5.98 | Daily Loss: $0.00/100.00
00:46:29 | [ANALYSIS] Examining EUR/USD | Time: 02:00 | Bars: 100
00:46:29 | [ANALYSIS] Examining GBP/USD | Time: 02:00 | Bars: 100
00:46:29 | [ANALYSIS] GBP/USD | Price: 1.34326 | RSI: 41.8 | ADX: 44.4 | ML: UP(75%)
00:46:29 | [STRATEGY] Added synthetic ML BUY signal (conf: 0.75)
00:46:29 | [ANALYSIS] Examining USD/JPY | Time: 02:00 | Bars: 100
00:46:29 | [ANALYSIS] Examining AUD/USD | Time: 02:00 | Bars: 100
00:46:29 | [SUMMARY] Risk: operational | Positions: 3 | Daily Trades: 1/5 | Exits: 1 (Market: 0, Admin: 1)
00:46:29 | [IDLE] Waiting for next market pulse...
00:46:40 | [36m[STATS][0m --- [CYCLE 686] ---
00:46:40 | [36m[STATS][0m Balance: 97965.06 | Equity: 97959.20 | Active: 3 | Margin: 97817.43 | Util: 0.1%
00:46:40 | [POSITION STATS] Open: 3 | Unrealized: $-5.86 | Daily Loss: $0.00/100.00
00:46:40 | [ANALYSIS] Examining EUR/USD | Time: 02:00 | Bars: 100
00:46:40 | [ANALYSIS] Examining GBP/USD | Time: 02:00 | Bars: 100
00:46:40 | [ANALYSIS] GBP/USD | Price: 1.34326 | RSI: 41.8 | ADX: 44.4 | ML: UP(75%)
00:46:40 | [STRATEGY] Added synthetic ML BUY signal (conf: 0.75)
00:46:40 | [ANALYSIS] Examining USD/JPY | Time: 02:00 | Bars: 100
00:46:40 | [ANALYSIS] Examining AUD/USD | Time: 02:00 | Bars: 100
00:46:40 | [IDLE] Waiting for next market pulse...
00:46:50 | [36m[STATS][0m --- [CYCLE 687] ---
00:46:50 | [36m[STATS][0m Balance: 97965.06 | Equity: 97959.07 | Active: 3 | Margin: 97817.30 | Util: 0.1%
00:46:50 | [POSITION STATS] Open: 3 | Unrealized: $-5.99 | Daily Loss: $0.00/100.00
00:46:50 | [ANALYSIS] Examining EUR/USD | Time: 02:00 | Bars: 100
00:46:50 | [ANALYSIS] Examining GBP/USD | Time: 02:00 | Bars: 100
00:46:50 | [ANALYSIS] GBP/USD | Price: 1.34330 | RSI: 42.0 | ADX: 44.4 | ML: UP(75%)
00:46:50 | [STRATEGY] Added synthetic ML BUY signal (conf: 0.75)
00:46:50 | [ANALYSIS] Examining USD/JPY | Time: 02:00 | Bars: 100
00:46:50 | [ANALYSIS] Examining AUD/USD | Time: 02:00 | Bars: 100
00:46:50 | [IDLE] Waiting for next market pulse...
00:47:00 | [36m[STATS][0m --- [CYCLE 688] ---
00:47:00 | [36m[STATS][0m Balance: 97965.06 | Equity: 97959.20 | Active: 3 | Margin: 97817.43 | Util: 0.1%
00:47:00 | [POSITION STATS] Open: 3 | Unrealized: $-5.86 | Daily Loss: $0.00/100.00
00:47:00 | [ANALYSIS] Examining EUR/USD | Time: 02:00 | Bars: 100
00:47:00 | [ANALYSIS] Examining GBP/USD | Time: 02:00 | Bars: 100
00:47:00 | [ANALYSIS] GBP/USD | Price: 1.34326 | RSI: 41.8 | ADX: 44.4 | ML: UP(75%)
00:47:00 | [STRATEGY] Added synthetic ML BUY signal (conf: 0.75)
00:47:00 | [ANALYSIS] Examining USD/JPY | Time: 02:00 | Bars: 100
00:47:01 | [ANALYSIS] Examining AUD/USD | Time: 02:00 | Bars: 100
00:47:01 | [IDLE] Waiting for next market pulse...
00:47:11 | [36m[STATS][0m --- [CYCLE 689] ---
00:47:11 | [36m[STATS][0m Balance: 97965.06 | Equity: 97959.12 | Active: 3 | Margin: 97817.35 | Util: 0.1%
00:47:11 | [POSITION STATS] Open: 3 | Unrealized: $-5.94 | Daily Loss: $0.00/100.00
00:47:11 | [ANALYSIS] Examining EUR/USD | Time: 02:00 | Bars: 100
00:47:11 | [ANALYSIS] Examining GBP/USD | Time: 02:00 | Bars: 100
00:47:11 | [ANALYSIS] GBP/USD | Price: 1.34326 | RSI: 41.8 | ADX: 44.4 | ML: UP(75%)
00:47:11 | [STRATEGY] Added synthetic ML BUY signal (conf: 0.75)
00:47:11 | [ANALYSIS] Examining USD/JPY | Time: 02:00 | Bars: 100
00:47:11 | [ANALYSIS] Examining AUD/USD | Time: 02:00 | Bars: 100
00:47:11 | [IDLE] Waiting for next market pulse...
00:47:21 | [36m[STATS][0m --- [CYCLE 690] ---
00:47:21 | [36m[STATS][0m Balance: 97965.06 | Equity: 97959.15 | Active: 3 | Margin: 97817.38 | Util: 0.1%
00:47:21 | [POSITION STATS] Open: 3 | Unrealized: $-5.91 | Daily Loss: $0.00/100.00
00:47:21 | [ANALYSIS] Examining EUR/USD | Time: 02:00 | Bars: 100
00:47:21 | [ANALYSIS] Examining GBP/USD | Time: 02:00 | Bars: 100
00:47:21 | [ANALYSIS] GBP/USD | Price: 1.34327 | RSI: 41.8 | ADX: 44.4 | ML: UP(75%)
00:47:21 | [STRATEGY] Added synthetic ML BUY signal (conf: 0.75)
00:47:21 | [ANALYSIS] Examining USD/JPY | Time: 02:00 | Bars: 100
00:47:21 | [ANALYSIS] Examining AUD/USD | Time: 02:00 | Bars: 100
00:47:21 | [SUMMARY] Risk: operational | Positions: 3 | Daily Trades: 1/5 | Exits: 1 (Market: 0, Admin: 1)
00:47:21 | [IDLE] Waiting for next market pulse...
00:47:32 | [36m[STATS][0m --- [CYCLE 691] ---
00:47:32 | [36m[STATS][0m Balance: 97965.06 | Equity: 97959.78 | Active: 3 | Margin: 97818.01 | Util: 0.1%
00:47:32 | [POSITION STATS] Open: 3 | Unrealized: $-5.28 | Daily Loss: $0.00/100.00
00:47:32 | [ANALYSIS] Examining EUR/USD | Time: 02:00 | Bars: 100
00:47:32 | [ANALYSIS] Examining GBP/USD | Time: 02:00 | Bars: 100
00:47:32 | [ANALYSIS] GBP/USD | Price: 1.34329 | RSI: 41.9 | ADX: 44.4 | ML: UP(75%)
00:47:32 | [STRATEGY] Added synthetic ML BUY signal (conf: 0.75)
00:47:32 | [ANALYSIS] Examining USD/JPY | Time: 02:00 | Bars: 100
00:47:32 | [ANALYSIS] Examining AUD/USD | Time: 02:00 | Bars: 100
00:47:32 | [IDLE] Waiting for next market pulse...
00:47:42 | [36m[STATS][0m --- [CYCLE 692] ---
00:47:42 | [36m[STATS][0m Balance: 97965.06 | Equity: 97960.11 | Active: 3 | Margin: 97818.34 | Util: 0.1%
00:47:42 | [POSITION STATS] Open: 3 | Unrealized: $-4.95 | Daily Loss: $0.00/100.00
00:47:42 | [ANALYSIS] Examining EUR/USD | Time: 02:00 | Bars: 100
00:47:42 | [ANALYSIS] Examining GBP/USD | Time: 02:00 | Bars: 100
00:47:42 | [ANALYSIS] GBP/USD | Price: 1.34335 | RSI: 42.2 | ADX: 44.4 | ML: UP(75%)
00:47:42 | [STRATEGY] Added synthetic ML BUY signal (conf: 0.75)
00:47:42 | [ANALYSIS] Examining USD/JPY | Time: 02:00 | Bars: 100
00:47:42 | [ANALYSIS] Examining AUD/USD | Time: 02:00 | Bars: 100
00:47:42 | [IDLE] Waiting for next market pulse...
00:47:52 | [36m[STATS][0m --- [CYCLE 693] ---
00:47:52 | [36m[STATS][0m Balance: 97965.06 | Equity: 97959.88 | Active: 3 | Margin: 97818.11 | Util: 0.1%
00:47:52 | [POSITION STATS] Open: 3 | Unrealized: $-5.18 | Daily Loss: $0.00/100.00
00:47:52 | [ANALYSIS] Examining EUR/USD | Time: 02:00 | Bars: 100
00:47:52 | [ANALYSIS] Examining GBP/USD | Time: 02:00 | Bars: 100
00:47:52 | [ANALYSIS] GBP/USD | Price: 1.34334 | RSI: 42.2 | ADX: 44.4 | ML: UP(75%)
00:47:52 | [STRATEGY] Added synthetic ML BUY signal (conf: 0.75)
00:47:52 | [ANALYSIS] Examining USD/JPY | Time: 02:00 | Bars: 100
00:47:52 | [ANALYSIS] Examining AUD/USD | Time: 02:00 | Bars: 100
00:47:52 | [IDLE] Waiting for next market pulse...
00:48:03 | [36m[STATS][0m --- [CYCLE 694] ---
00:48:03 | [36m[STATS][0m Balance: 97965.06 | Equity: 97959.98 | Active: 3 | Margin: 97818.21 | Util: 0.1%
00:48:03 | [POSITION STATS] Open: 3 | Unrealized: $-5.08 | Daily Loss: $0.00/100.00
00:48:03 | [ANALYSIS] Examining EUR/USD | Time: 02:00 | Bars: 100
00:48:03 | [ANALYSIS] Examining GBP/USD | Time: 02:00 | Bars: 100
00:48:03 | [ANALYSIS] GBP/USD | Price: 1.34335 | RSI: 42.2 | ADX: 44.4 | ML: UP(75%)
00:48:03 | [STRATEGY] Added synthetic ML BUY signal (conf: 0.75)
00:48:03 | [ANALYSIS] Examining USD/JPY | Time: 02:00 | Bars: 100
00:48:03 | [ANALYSIS] Examining AUD/USD | Time: 02:00 | Bars: 100
00:48:03 | [IDLE] Waiting for next market pulse...
00:48:13 | [36m[STATS][0m --- [CYCLE 695] ---
00:48:13 | [36m[STATS][0m Balance: 97965.06 | Equity: 97960.05 | Active: 3 | Margin: 97818.28 | Util: 0.1%
00:48:13 | [POSITION STATS] Open: 3 | Unrealized: $-5.01 | Daily Loss: $0.00/100.00
00:48:13 | [ANALYSIS] Examining EUR/USD | Time: 02:00 | Bars: 100
00:48:13 | [ANALYSIS] Examining GBP/USD | Time: 02:00 | Bars: 100
00:48:13 | [ANALYSIS] GBP/USD | Price: 1.34338 | RSI: 42.4 | ADX: 44.4 | ML: UP(75%)
00:48:13 | [STRATEGY] Added synthetic ML BUY signal (conf: 0.75)
00:48:13 | [ANALYSIS] Examining USD/JPY | Time: 02:00 | Bars: 100
00:48:13 | [ANALYSIS] Examining AUD/USD | Time: 02:00 | Bars: 100
00:48:13 | [SUMMARY] Risk: operational | Positions: 3 | Daily Trades: 1/5 | Exits: 1 (Market: 0, Admin: 1)
00:48:13 | [IDLE] Waiting for next market pulse...
00:48:23 | [36m[STATS][0m --- [CYCLE 696] ---
00:48:23 | [36m[STATS][0m Balance: 97965.06 | Equity: 97960.13 | Active: 3 | Margin: 97818.36 | Util: 0.1%
00:48:23 | [POSITION STATS] Open: 3 | Unrealized: $-4.93 | Daily Loss: $0.00/100.00
00:48:23 | [ANALYSIS] Examining EUR/USD | Time: 02:00 | Bars: 100
00:48:23 | [ANALYSIS] Examining GBP/USD | Time: 02:00 | Bars: 100
00:48:23 | [ANALYSIS] GBP/USD | Price: 1.34337 | RSI: 42.3 | ADX: 44.4 | ML: UP(75%)
00:48:23 | [STRATEGY] Added synthetic ML BUY signal (conf: 0.75)
00:48:23 | [ANALYSIS] Examining USD/JPY | Time: 02:00 | Bars: 100
00:48:23 | [ANALYSIS] Examining AUD/USD | Time: 02:00 | Bars: 100
00:48:23 | [IDLE] Waiting for next market pulse...
00:48:34 | [36m[STATS][0m --- [CYCLE 697] ---
00:48:34 | [36m[STATS][0m Balance: 97965.06 | Equity: 97959.74 | Active: 3 | Margin: 97817.97 | Util: 0.1%
00:48:34 | [POSITION STATS] Open: 3 | Unrealized: $-5.32 | Daily Loss: $0.00/100.00
00:48:34 | [ANALYSIS] Examining EUR/USD | Time: 02:00 | Bars: 100
00:48:34 | [ANALYSIS] Examining GBP/USD | Time: 02:00 | Bars: 100
00:48:34 | [ANALYSIS] GBP/USD | Price: 1.34335 | RSI: 42.2 | ADX: 44.4 | ML: UP(75%)
00:48:34 | [STRATEGY] Added synthetic ML BUY signal (conf: 0.75)
00:48:34 | [ANALYSIS] Examining USD/JPY | Time: 02:00 | Bars: 100
00:48:34 | [ANALYSIS] Examining AUD/USD | Time: 02:00 | Bars: 100
00:48:34 | [IDLE] Waiting for next market pulse...
00:48:44 | [36m[STATS][0m --- [CYCLE 698] ---
00:48:44 | [36m[STATS][0m Balance: 97965.06 | Equity: 97959.31 | Active: 3 | Margin: 97817.54 | Util: 0.1%
00:48:44 | [POSITION STATS] Open: 3 | Unrealized: $-5.75 | Daily Loss: $0.00/100.00
00:48:44 | [ANALYSIS] Examining EUR/USD | Time: 02:00 | Bars: 100
00:48:44 | [ANALYSIS] Examining GBP/USD | Time: 02:00 | Bars: 100
00:48:44 | [ANALYSIS] GBP/USD | Price: 1.34330 | RSI: 42.0 | ADX: 44.4 | ML: UP(75%)
00:48:44 | [STRATEGY] Added synthetic ML BUY signal (conf: 0.75)
00:48:44 | [ANALYSIS] Examining USD/JPY | Time: 02:00 | Bars: 100
00:48:44 | [ANALYSIS] Examining AUD/USD | Time: 02:00 | Bars: 100
00:48:44 | [IDLE] Waiting for next market pulse...
00:48:54 | [36m[STATS][0m --- [CYCLE 699] ---
00:48:54 | [36m[STATS][0m Balance: 97965.06 | Equity: 97959.16 | Active: 3 | Margin: 97817.39 | Util: 0.1%
00:48:54 | [POSITION STATS] Open: 3 | Unrealized: $-5.90 | Daily Loss: $0.00/100.00
00:48:54 | [ANALYSIS] Examining EUR/USD | Time: 02:00 | Bars: 100
00:48:54 | [ANALYSIS] Examining GBP/USD | Time: 02:00 | Bars: 100
00:48:54 | [ANALYSIS] GBP/USD | Price: 1.34330 | RSI: 42.0 | ADX: 44.4 | ML: UP(75%)
00:48:54 | [STRATEGY] Added synthetic ML BUY signal (conf: 0.75)
00:48:54 | [ANALYSIS] Examining USD/JPY | Time: 02:00 | Bars: 100
00:48:54 | [ANALYSIS] Examining AUD/USD | Time: 02:00 | Bars: 100
00:48:54 | [IDLE] Waiting for next market pulse...
00:49:05 | [36m[STATS][0m --- [CYCLE 700] ---
00:49:05 | [36m[STATS][0m Balance: 97965.06 | Equity: 97959.19 | Active: 3 | Margin: 97817.42 | Util: 0.1%
00:49:05 | [POSITION STATS] Open: 3 | Unrealized: $-5.87 | Daily Loss: $0.00/100.00
00:49:05 | [ANALYSIS] Examining EUR/USD | Time: 02:00 | Bars: 100
00:49:05 | [ANALYSIS] Examining GBP/USD | Time: 02:00 | Bars: 100
00:49:05 | [ANALYSIS] GBP/USD | Price: 1.34329 | RSI: 41.9 | ADX: 44.4 | ML: UP(75%)
00:49:05 | [STRATEGY] Added synthetic ML BUY signal (conf: 0.75)
00:49:05 | [ANALYSIS] Examining USD/JPY | Time: 02:00 | Bars: 100
00:49:05 | [ANALYSIS] Examining AUD/USD | Time: 02:00 | Bars: 100
00:49:05 | [SUMMARY] Risk: operational | Positions: 3 | Daily Trades: 1/5 | Exits: 1 (Market: 0, Admin: 1)
00:49:05 | [IDLE] Waiting for next market pulse...
00:49:15 | [36m[STATS][0m --- [CYCLE 701] ---
00:49:15 | [36m[STATS][0m Balance: 97965.06 | Equity: 97960.01 | Active: 3 | Margin: 97818.24 | Util: 0.1%
00:49:15 | [POSITION STATS] Open: 3 | Unrealized: $-5.05 | Daily Loss: $0.00/100.00
00:49:15 | [ANALYSIS] Examining EUR/USD | Time: 02:00 | Bars: 100
00:49:15 | [ANALYSIS] Examining GBP/USD | Time: 02:00 | Bars: 100
00:49:15 | [ANALYSIS] GBP/USD | Price: 1.34330 | RSI: 42.0 | ADX: 44.4 | ML: UP(75%)
00:49:15 | [STRATEGY] Added synthetic ML BUY signal (conf: 0.75)
00:49:15 | [ANALYSIS] Examining USD/JPY | Time: 02:00 | Bars: 100
00:49:15 | [ANALYSIS] Examining AUD/USD | Time: 02:00 | Bars: 100
00:49:15 | [IDLE] Waiting for next market pulse...
00:49:25 | [36m[STATS][0m --- [CYCLE 702] ---
00:49:25 | [36m[STATS][0m Balance: 97965.06 | Equity: 97960.78 | Active: 3 | Margin: 97819.01 | Util: 0.1%
00:49:25 | [POSITION STATS] Open: 3 | Unrealized: $-4.28 | Daily Loss: $0.00/100.00
00:49:25 | [ANALYSIS] Examining EUR/USD | Time: 02:00 | Bars: 100
00:49:25 | [ANALYSIS] Examining GBP/USD | Time: 02:00 | Bars: 100
00:49:25 | [ANALYSIS] GBP/USD | Price: 1.34336 | RSI: 42.3 | ADX: 44.4 | ML: UP(75%)
00:49:25 | [STRATEGY] Added synthetic ML BUY signal (conf: 0.75)
00:49:25 | [ANALYSIS] Examining USD/JPY | Time: 02:00 | Bars: 100
00:49:25 | [ANALYSIS] Examining AUD/USD | Time: 02:00 | Bars: 100
00:49:25 | [IDLE] Waiting for next market pulse...
00:49:36 | [36m[STATS][0m --- [CYCLE 703] ---
00:49:36 | [36m[STATS][0m Balance: 97965.06 | Equity: 97960.71 | Active: 3 | Margin: 97818.94 | Util: 0.1%
00:49:36 | [POSITION STATS] Open: 3 | Unrealized: $-4.35 | Daily Loss: $0.00/100.00
00:49:36 | [ANALYSIS] Examining EUR/USD | Time: 02:00 | Bars: 100
00:49:36 | [ANALYSIS] Examining GBP/USD | Time: 02:00 | Bars: 100
00:49:36 | [ANALYSIS] GBP/USD | Price: 1.34337 | RSI: 42.3 | ADX: 44.4 | ML: UP(75%)
00:49:36 | [STRATEGY] Added synthetic ML BUY signal (conf: 0.75)
00:49:36 | [ANALYSIS] Examining USD/JPY | Time: 02:00 | Bars: 100
00:49:36 | [ANALYSIS] Examining AUD/USD | Time: 02:00 | Bars: 100
00:49:36 | [IDLE] Waiting for next market pulse...
00:49:46 | [36m[STATS][0m --- [CYCLE 704] ---
00:49:46 | [36m[STATS][0m Balance: 97965.06 | Equity: 97960.97 | Active: 3 | Margin: 97819.20 | Util: 0.1%
00:49:46 | [POSITION STATS] Open: 3 | Unrealized: $-4.09 | Daily Loss: $0.00/100.00
00:49:46 | [ANALYSIS] Examining EUR/USD | Time: 02:00 | Bars: 100
00:49:46 | [ANALYSIS] Examining GBP/USD | Time: 02:00 | Bars: 100
00:49:46 | [ANALYSIS] GBP/USD | Price: 1.34339 | RSI: 42.4 | ADX: 44.4 | ML: UP(75%)
00:49:46 | [STRATEGY] Added synthetic ML BUY signal (conf: 0.75)
00:49:46 | [ANALYSIS] Examining USD/JPY | Time: 02:00 | Bars: 100
00:49:46 | [ANALYSIS] Examining AUD/USD | Time: 02:00 | Bars: 100
00:49:46 | [IDLE] Waiting for next market pulse...
00:49:56 | [36m[STATS][0m --- [CYCLE 705] ---
00:49:56 | [36m[STATS][0m Balance: 97965.06 | Equity: 97960.79 | Active: 3 | Margin: 97819.02 | Util: 0.1%
00:49:56 | [POSITION STATS] Open: 3 | Unrealized: $-4.27 | Daily Loss: $0.00/100.00
00:49:56 | [ANALYSIS] Examining EUR/USD | Time: 02:00 | Bars: 100
00:49:56 | [ANALYSIS] Examining GBP/USD | Time: 02:00 | Bars: 100
00:49:56 | [ANALYSIS] GBP/USD | Price: 1.34338 | RSI: 42.4 | ADX: 44.4 | ML: UP(75%)
00:49:56 | [STRATEGY] Added synthetic ML BUY signal (conf: 0.75)
00:49:56 | [ANALYSIS] Examining USD/JPY | Time: 02:00 | Bars: 100
00:49:56 | [ANALYSIS] Examining AUD/USD | Time: 02:00 | Bars: 100
00:49:56 | [SUMMARY] Risk: operational | Positions: 3 | Daily Trades: 1/5 | Exits: 1 (Market: 0, Admin: 1)
00:49:56 | [IDLE] Waiting for next market pulse...
00:50:07 | [36m[STATS][0m --- [CYCLE 706] ---
00:50:07 | [36m[STATS][0m Balance: 97965.06 | Equity: 97961.11 | Active: 3 | Margin: 97819.34 | Util: 0.1%
00:50:07 | [POSITION STATS] Open: 3 | Unrealized: $-3.95 | Daily Loss: $0.00/100.00
00:50:07 | [ANALYSIS] Examining EUR/USD | Time: 02:00 | Bars: 100
00:50:07 | [ANALYSIS] Examining GBP/USD | Time: 02:00 | Bars: 100
00:50:07 | [ANALYSIS] GBP/USD | Price: 1.34338 | RSI: 42.4 | ADX: 44.4 | ML: UP(75%)
00:50:07 | [STRATEGY] Added synthetic ML BUY signal (conf: 0.75)
00:50:07 | [ANALYSIS] Examining USD/JPY | Time: 02:00 | Bars: 100
00:50:07 | [ANALYSIS] Examining AUD/USD | Time: 02:00 | Bars: 100
00:50:07 | [IDLE] Waiting for next market pulse...
00:50:17 | [36m[STATS][0m --- [CYCLE 707] ---
00:50:17 | [36m[STATS][0m Balance: 97965.06 | Equity: 97962.13 | Active: 3 | Margin: 97820.36 | Util: 0.1%
00:50:17 | [POSITION STATS] Open: 3 | Unrealized: $-2.93 | Daily Loss: $0.00/100.00
00:50:17 | [ANALYSIS] Examining EUR/USD | Time: 02:00 | Bars: 100
00:50:17 | [ANALYSIS] Examining GBP/USD | Time: 02:00 | Bars: 100
00:50:17 | [ANALYSIS] GBP/USD | Price: 1.34343 | RSI: 42.7 | ADX: 44.4 | ML: UP(75%)
00:50:17 | [STRATEGY] Added synthetic ML BUY signal (conf: 0.75)
00:50:17 | [ANALYSIS] Examining USD/JPY | Time: 02:00 | Bars: 100
00:50:17 | [ANALYSIS] Examining AUD/USD | Time: 02:00 | Bars: 100
00:50:17 | [IDLE] Waiting for next market pulse...
00:50:27 | [36m[STATS][0m --- [CYCLE 708] ---
00:50:27 | [36m[STATS][0m Balance: 97965.06 | Equity: 97961.69 | Active: 3 | Margin: 97819.92 | Util: 0.1%
00:50:27 | [POSITION STATS] Open: 3 | Unrealized: $-3.37 | Daily Loss: $0.00/100.00
00:50:27 | [ANALYSIS] Examining EUR/USD | Time: 02:00 | Bars: 100
00:50:27 | [ANALYSIS] Examining GBP/USD | Time: 02:00 | Bars: 100
00:50:27 | [ANALYSIS] GBP/USD | Price: 1.34339 | RSI: 42.4 | ADX: 44.4 | ML: UP(75%)
00:50:27 | [STRATEGY] Added synthetic ML BUY signal (conf: 0.75)
00:50:27 | [ANALYSIS] Examining USD/JPY | Time: 02:00 | Bars: 100
00:50:27 | [ANALYSIS] Examining AUD/USD | Time: 02:00 | Bars: 100
00:50:27 | [IDLE] Waiting for next market pulse...
00:50:38 | [36m[STATS][0m --- [CYCLE 709] ---
00:50:38 | [36m[STATS][0m Balance: 97965.06 | Equity: 97961.37 | Active: 3 | Margin: 97819.60 | Util: 0.1%
00:50:38 | [POSITION STATS] Open: 3 | Unrealized: $-3.69 | Daily Loss: $0.00/100.00
00:50:38 | [ANALYSIS] Examining EUR/USD | Time: 02:00 | Bars: 100
00:50:38 | [ANALYSIS] Examining GBP/USD | Time: 02:00 | Bars: 100
00:50:38 | [ANALYSIS] GBP/USD | Price: 1.34337 | RSI: 42.3 | ADX: 44.4 | ML: UP(75%)
00:50:38 | [STRATEGY] Added synthetic ML BUY signal (conf: 0.75)
00:50:38 | [ANALYSIS] Examining USD/JPY | Time: 02:00 | Bars: 100
00:50:38 | [ANALYSIS] Examining AUD/USD | Time: 02:00 | Bars: 100
00:50:38 | [IDLE] Waiting for next market pulse...
00:50:48 | [36m[STATS][0m --- [CYCLE 710] ---
00:50:48 | [36m[STATS][0m Balance: 97965.06 | Equity: 97961.57 | Active: 3 | Margin: 97819.80 | Util: 0.1%
00:50:48 | [POSITION STATS] Open: 3 | Unrealized: $-3.49 | Daily Loss: $0.00/100.00
00:50:48 | [ANALYSIS] Examining EUR/USD | Time: 02:00 | Bars: 100
00:50:48 | [ANALYSIS] Examining GBP/USD | Time: 02:00 | Bars: 100
00:50:48 | [ANALYSIS] GBP/USD | Price: 1.34336 | RSI: 42.3 | ADX: 44.4 | ML: UP(75%)
00:50:48 | [STRATEGY] Added synthetic ML BUY signal (conf: 0.75)
00:50:48 | [ANALYSIS] Examining USD/JPY | Time: 02:00 | Bars: 100
00:50:48 | [ANALYSIS] Examining AUD/USD | Time: 02:00 | Bars: 100
00:50:48 | [SUMMARY] Risk: operational | Positions: 3 | Daily Trades: 1/5 | Exits: 1 (Market: 0, Admin: 1)
00:50:48 | [IDLE] Waiting for next market pulse...
00:50:58 | [36m[STATS][0m --- [CYCLE 711] ---
00:50:58 | [36m[STATS][0m Balance: 97965.06 | Equity: 97961.92 | Active: 3 | Margin: 97820.15 | Util: 0.1%
00:50:58 | [POSITION STATS] Open: 3 | Unrealized: $-3.14 | Daily Loss: $0.00/100.00
00:50:58 | [ANALYSIS] Examining EUR/USD | Time: 02:00 | Bars: 100
00:50:58 | [ANALYSIS] Examining GBP/USD | Time: 02:00 | Bars: 100
00:50:58 | [ANALYSIS] GBP/USD | Price: 1.34340 | RSI: 42.5 | ADX: 44.4 | ML: UP(75%)
00:50:58 | [STRATEGY] Added synthetic ML BUY signal (conf: 0.75)
00:50:58 | [ANALYSIS] Examining USD/JPY | Time: 02:00 | Bars: 100
00:50:58 | [ANALYSIS] Examining AUD/USD | Time: 02:00 | Bars: 100
00:50:58 | [IDLE] Waiting for next market pulse...
00:51:09 | [36m[STATS][0m --- [CYCLE 712] ---
00:51:09 | [36m[STATS][0m Balance: 97965.06 | Equity: 97961.50 | Active: 3 | Margin: 97819.73 | Util: 0.1%
00:51:09 | [POSITION STATS] Open: 3 | Unrealized: $-3.56 | Daily Loss: $0.00/100.00
00:51:09 | [ANALYSIS] Examining EUR/USD | Time: 02:00 | Bars: 100
00:51:09 | [ANALYSIS] Examining GBP/USD | Time: 02:00 | Bars: 100
00:51:09 | [ANALYSIS] GBP/USD | Price: 1.34339 | RSI: 42.4 | ADX: 44.4 | ML: UP(75%)
00:51:09 | [STRATEGY] Added synthetic ML BUY signal (conf: 0.75)
00:51:09 | [ANALYSIS] Examining USD/JPY | Time: 02:00 | Bars: 100
00:51:09 | [ANALYSIS] Examining AUD/USD | Time: 02:00 | Bars: 100
00:51:09 | [IDLE] Waiting for next market pulse...
00:51:19 | [36m[STATS][0m --- [CYCLE 713] ---
00:51:19 | [36m[STATS][0m Balance: 97965.06 | Equity: 97961.31 | Active: 3 | Margin: 97819.54 | Util: 0.1%
00:51:19 | [POSITION STATS] Open: 3 | Unrealized: $-3.75 | Daily Loss: $0.00/100.00
00:51:19 | [ANALYSIS] Examining EUR/USD | Time: 02:00 | Bars: 100
00:51:19 | [ANALYSIS] Examining GBP/USD | Time: 02:00 | Bars: 100
00:51:19 | [ANALYSIS] GBP/USD | Price: 1.34337 | RSI: 42.3 | ADX: 44.4 | ML: UP(75%)
00:51:19 | [STRATEGY] Added synthetic ML BUY signal (conf: 0.75)
00:51:19 | [ANALYSIS] Examining USD/JPY | Time: 02:00 | Bars: 100
00:51:19 | [ANALYSIS] Examining AUD/USD | Time: 02:00 | Bars: 100
00:51:19 | [IDLE] Waiting for next market pulse...
00:51:29 | [36m[STATS][0m --- [CYCLE 714] ---
00:51:29 | [36m[STATS][0m Balance: 97965.06 | Equity: 97961.33 | Active: 3 | Margin: 97819.56 | Util: 0.1%
00:51:29 | [POSITION STATS] Open: 3 | Unrealized: $-3.73 | Daily Loss: $0.00/100.00
00:51:29 | [ANALYSIS] Examining EUR/USD | Time: 02:00 | Bars: 100
00:51:29 | [ANALYSIS] Examining GBP/USD | Time: 02:00 | Bars: 100
00:51:29 | [ANALYSIS] GBP/USD | Price: 1.34336 | RSI: 42.3 | ADX: 44.4 | ML: UP(75%)
00:51:29 | [STRATEGY] Added synthetic ML BUY signal (conf: 0.75)
00:51:29 | [ANALYSIS] Examining USD/JPY | Time: 02:00 | Bars: 100
00:51:29 | [ANALYSIS] Examining AUD/USD | Time: 02:00 | Bars: 100
00:51:29 | [IDLE] Waiting for next market pulse...
00:51:40 | [36m[STATS][0m --- [CYCLE 715] ---
00:51:40 | [36m[STATS][0m Balance: 97965.06 | Equity: 97961.40 | Active: 3 | Margin: 97819.63 | Util: 0.1%
00:51:40 | [POSITION STATS] Open: 3 | Unrealized: $-3.66 | Daily Loss: $0.00/100.00
00:51:40 | [ANALYSIS] Examining EUR/USD | Time: 02:00 | Bars: 100
00:51:40 | [ANALYSIS] Examining GBP/USD | Time: 02:00 | Bars: 100
00:51:40 | [ANALYSIS] GBP/USD | Price: 1.34340 | RSI: 42.5 | ADX: 44.4 | ML: UP(75%)
00:51:40 | [STRATEGY] Added synthetic ML BUY signal (conf: 0.75)
00:51:40 | [ANALYSIS] Examining USD/JPY | Time: 02:00 | Bars: 100
00:51:40 | [ANALYSIS] Examining AUD/USD | Time: 02:00 | Bars: 100
00:51:40 | [SUMMARY] Risk: operational | Positions: 3 | Daily Trades: 1/5 | Exits: 1 (Market: 0, Admin: 1)
00:51:40 | [IDLE] Waiting for next market pulse...
00:51:50 | [36m[STATS][0m --- [CYCLE 716] ---
00:51:50 | [36m[STATS][0m Balance: 97965.06 | Equity: 97960.84 | Active: 3 | Margin: 97819.07 | Util: 0.1%
00:51:50 | [POSITION STATS] Open: 3 | Unrealized: $-4.22 | Daily Loss: $0.00/100.00
00:51:50 | [ANALYSIS] Examining EUR/USD | Time: 02:00 | Bars: 100
00:51:50 | [ANALYSIS] Examining GBP/USD | Time: 02:00 | Bars: 100
00:51:50 | [ANALYSIS] GBP/USD | Price: 1.34334 | RSI: 42.2 | ADX: 44.4 | ML: UP(75%)
00:51:50 | [STRATEGY] Added synthetic ML BUY signal (conf: 0.75)
00:51:50 | [ANALYSIS] Examining USD/JPY | Time: 02:00 | Bars: 100
00:51:50 | [ANALYSIS] Examining AUD/USD | Time: 02:00 | Bars: 100
00:51:50 | [IDLE] Waiting for next market pulse...
00:52:00 | [36m[STATS][0m --- [CYCLE 717] ---
00:52:00 | [36m[STATS][0m Balance: 97965.06 | Equity: 97960.47 | Active: 3 | Margin: 97818.70 | Util: 0.1%
00:52:00 | [POSITION STATS] Open: 3 | Unrealized: $-4.59 | Daily Loss: $0.00/100.00
00:52:00 | [ANALYSIS] Examining EUR/USD | Time: 02:00 | Bars: 100
00:52:00 | [ANALYSIS] Examining GBP/USD | Time: 02:00 | Bars: 100
00:52:00 | [ANALYSIS] GBP/USD | Price: 1.34336 | RSI: 42.3 | ADX: 44.4 | ML: UP(75%)
00:52:00 | [STRATEGY] Added synthetic ML BUY signal (conf: 0.75)
00:52:00 | [ANALYSIS] Examining USD/JPY | Time: 02:00 | Bars: 100
00:52:00 | [ANALYSIS] Examining AUD/USD | Time: 02:00 | Bars: 100
00:52:00 | [IDLE] Waiting for next market pulse...
00:52:11 | [36m[STATS][0m --- [CYCLE 718] ---
00:52:11 | [36m[STATS][0m Balance: 97965.06 | Equity: 97959.63 | Active: 3 | Margin: 97817.86 | Util: 0.1%
00:52:11 | [POSITION STATS] Open: 3 | Unrealized: $-5.43 | Daily Loss: $0.00/100.00
00:52:11 | [ANALYSIS] Examining EUR/USD | Time: 02:00 | Bars: 100
00:52:11 | [ANALYSIS] Examining GBP/USD | Time: 02:00 | Bars: 100
00:52:11 | [ANALYSIS] GBP/USD | Price: 1.34330 | RSI: 42.0 | ADX: 44.4 | ML: UP(75%)
00:52:11 | [STRATEGY] Added synthetic ML BUY signal (conf: 0.75)
00:52:11 | [ANALYSIS] Examining USD/JPY | Time: 02:00 | Bars: 100
00:52:11 | [ANALYSIS] Examining AUD/USD | Time: 02:00 | Bars: 100
00:52:11 | [IDLE] Waiting for next market pulse...
00:52:21 | [36m[STATS][0m --- [CYCLE 719] ---
00:52:21 | [36m[STATS][0m Balance: 97965.06 | Equity: 97959.06 | Active: 3 | Margin: 97817.29 | Util: 0.1%
00:52:21 | [POSITION STATS] Open: 3 | Unrealized: $-6.00 | Daily Loss: $0.00/100.00
00:52:21 | [ANALYSIS] Examining EUR/USD | Time: 02:00 | Bars: 100
00:52:21 | [ANALYSIS] Examining GBP/USD | Time: 02:00 | Bars: 100
00:52:21 | [ANALYSIS] GBP/USD | Price: 1.34330 | RSI: 42.0 | ADX: 44.4 | ML: UP(75%)
00:52:21 | [STRATEGY] Added synthetic ML BUY signal (conf: 0.75)
00:52:21 | [ANALYSIS] Examining USD/JPY | Time: 02:00 | Bars: 100
00:52:21 | [ANALYSIS] Examining AUD/USD | Time: 02:00 | Bars: 100
00:52:21 | [IDLE] Waiting for next market pulse...
00:52:31 | [36m[STATS][0m --- [CYCLE 720] ---
00:52:31 | [36m[STATS][0m Balance: 97965.06 | Equity: 97959.56 | Active: 3 | Margin: 97817.79 | Util: 0.1%
00:52:31 | [POSITION STATS] Open: 3 | Unrealized: $-5.50 | Daily Loss: $0.00/100.00
00:52:31 | [ANALYSIS] Examining EUR/USD | Time: 02:00 | Bars: 100
00:52:31 | [ANALYSIS] Examining GBP/USD | Time: 02:00 | Bars: 100
00:52:31 | [ANALYSIS] GBP/USD | Price: 1.34330 | RSI: 42.0 | ADX: 44.4 | ML: UP(75%)
00:52:31 | [STRATEGY] Added synthetic ML BUY signal (conf: 0.75)
00:52:31 | [ANALYSIS] Examining USD/JPY | Time: 02:00 | Bars: 100
00:52:31 | [ANALYSIS] Examining AUD/USD | Time: 02:00 | Bars: 100
00:52:31 | [SUMMARY] Risk: operational | Positions: 3 | Daily Trades: 1/5 | Exits: 1 (Market: 0, Admin: 1)
00:52:31 | [IDLE] Waiting for next market pulse...
00:52:42 | [36m[STATS][0m --- [CYCLE 721] ---
00:52:42 | [36m[STATS][0m Balance: 97965.06 | Equity: 97958.93 | Active: 3 | Margin: 97817.16 | Util: 0.1%
00:52:42 | [POSITION STATS] Open: 3 | Unrealized: $-6.13 | Daily Loss: $0.00/100.00
00:52:42 | [ANALYSIS] Examining EUR/USD | Time: 02:00 | Bars: 100
00:52:42 | [ANALYSIS] Examining GBP/USD | Time: 02:00 | Bars: 100
00:52:42 | [ANALYSIS] GBP/USD | Price: 1.34332 | RSI: 42.1 | ADX: 44.4 | ML: UP(75%)
00:52:42 | [STRATEGY] Added synthetic ML BUY signal (conf: 0.75)
00:52:42 | [ANALYSIS] Examining USD/JPY | Time: 02:00 | Bars: 100
00:52:42 | [ANALYSIS] Examining AUD/USD | Time: 02:00 | Bars: 100
00:52:42 | [IDLE] Waiting for next market pulse...
00:52:52 | [36m[STATS][0m --- [CYCLE 722] ---
00:52:52 | [36m[STATS][0m Balance: 97965.06 | Equity: 97959.54 | Active: 3 | Margin: 97817.77 | Util: 0.1%
00:52:52 | [POSITION STATS] Open: 3 | Unrealized: $-5.52 | Daily Loss: $0.00/100.00
00:52:52 | [ANALYSIS] Examining EUR/USD | Time: 02:00 | Bars: 100
00:52:52 | [ANALYSIS] Examining GBP/USD | Time: 02:00 | Bars: 100
00:52:52 | [ANALYSIS] GBP/USD | Price: 1.34328 | RSI: 41.9 | ADX: 44.4 | ML: UP(75%)
00:52:52 | [STRATEGY] Added synthetic ML BUY signal (conf: 0.75)
00:52:52 | [ANALYSIS] Examining USD/JPY | Time: 02:00 | Bars: 100
00:52:52 | [ANALYSIS] Examining AUD/USD | Time: 02:00 | Bars: 100
00:52:52 | [IDLE] Waiting for next market pulse...
00:53:02 | [36m[STATS][0m --- [CYCLE 723] ---
00:53:02 | [36m[STATS][0m Balance: 97965.06 | Equity: 97958.67 | Active: 3 | Margin: 97816.90 | Util: 0.1%
00:53:02 | [POSITION STATS] Open: 3 | Unrealized: $-6.39 | Daily Loss: $0.00/100.00
00:53:02 | [ANALYSIS] Examining EUR/USD | Time: 02:00 | Bars: 100
00:53:02 | [ANALYSIS] Examining GBP/USD | Time: 02:00 | Bars: 100
00:53:02 | [ANALYSIS] GBP/USD | Price: 1.34327 | RSI: 41.8 | ADX: 44.4 | ML: UP(75%)
00:53:02 | [STRATEGY] Added synthetic ML BUY signal (conf: 0.75)
00:53:02 | [ANALYSIS] Examining USD/JPY | Time: 02:00 | Bars: 100
00:53:02 | [ANALYSIS] Examining AUD/USD | Time: 02:00 | Bars: 100
00:53:02 | [IDLE] Waiting for next market pulse...
00:53:13 | [36m[STATS][0m --- [CYCLE 724] ---
00:53:13 | [36m[STATS][0m Balance: 97965.06 | Equity: 97958.94 | Active: 3 | Margin: 97817.17 | Util: 0.1%
00:53:13 | [POSITION STATS] Open: 3 | Unrealized: $-6.12 | Daily Loss: $0.00/100.00
00:53:13 | [ANALYSIS] Examining EUR/USD | Time: 02:00 | Bars: 100
00:53:13 | [ANALYSIS] Examining GBP/USD | Time: 02:00 | Bars: 100
00:53:13 | [ANALYSIS] GBP/USD | Price: 1.34335 | RSI: 42.2 | ADX: 44.4 | ML: UP(75%)
00:53:13 | [STRATEGY] Added synthetic ML BUY signal (conf: 0.75)
00:53:13 | [ANALYSIS] Examining USD/JPY | Time: 02:00 | Bars: 100
00:53:13 | [ANALYSIS] Examining AUD/USD | Time: 02:00 | Bars: 100
00:53:13 | [IDLE] Waiting for next market pulse...
00:53:23 | [36m[STATS][0m --- [CYCLE 725] ---
00:53:23 | [36m[STATS][0m Balance: 97965.06 | Equity: 97959.14 | Active: 3 | Margin: 97817.37 | Util: 0.1%
00:53:23 | [POSITION STATS] Open: 3 | Unrealized: $-5.92 | Daily Loss: $0.00/100.00
00:53:23 | [ANALYSIS] Examining EUR/USD | Time: 02:00 | Bars: 100
00:53:23 | [ANALYSIS] Examining GBP/USD | Time: 02:00 | Bars: 100
00:53:23 | [ANALYSIS] GBP/USD | Price: 1.34334 | RSI: 42.2 | ADX: 44.4 | ML: UP(75%)
00:53:23 | [STRATEGY] Added synthetic ML BUY signal (conf: 0.75)
00:53:23 | [ANALYSIS] Examining USD/JPY | Time: 02:00 | Bars: 100
00:53:23 | [ANALYSIS] Examining AUD/USD | Time: 02:00 | Bars: 100
00:53:23 | [SUMMARY] Risk: operational | Positions: 3 | Daily Trades: 1/5 | Exits: 1 (Market: 0, Admin: 1)
00:53:23 | [IDLE] Waiting for next market pulse...
00:53:33 | [36m[STATS][0m --- [CYCLE 726] ---
00:53:33 | [36m[STATS][0m Balance: 97965.06 | Equity: 97959.42 | Active: 3 | Margin: 97817.65 | Util: 0.1%
00:53:33 | [POSITION STATS] Open: 3 | Unrealized: $-5.64 | Daily Loss: $0.00/100.00
00:53:33 | [ANALYSIS] Examining EUR/USD | Time: 02:00 | Bars: 100
00:53:33 | [ANALYSIS] Examining GBP/USD | Time: 02:00 | Bars: 100
00:53:33 | [ANALYSIS] GBP/USD | Price: 1.34331 | RSI: 42.0 | ADX: 44.4 | ML: UP(75%)
00:53:33 | [STRATEGY] Added synthetic ML BUY signal (conf: 0.75)
00:53:33 | [ANALYSIS] Examining USD/JPY | Time: 02:00 | Bars: 100
00:53:33 | [ANALYSIS] Examining AUD/USD | Time: 02:00 | Bars: 100
00:53:33 | [IDLE] Waiting for next market pulse...
00:53:44 | [36m[STATS][0m --- [CYCLE 727] ---
00:53:44 | [36m[STATS][0m Balance: 97965.06 | Equity: 97959.06 | Active: 3 | Margin: 97817.29 | Util: 0.1%
00:53:44 | [POSITION STATS] Open: 3 | Unrealized: $-6.00 | Daily Loss: $0.00/100.00
00:53:44 | [ANALYSIS] Examining EUR/USD | Time: 02:00 | Bars: 100
00:53:44 | [ANALYSIS] Examining GBP/USD | Time: 02:00 | Bars: 100
00:53:44 | [ANALYSIS] GBP/USD | Price: 1.34325 | RSI: 41.7 | ADX: 44.4 | ML: UP(75%)
00:53:44 | [STRATEGY] Added synthetic ML BUY signal (conf: 0.75)
00:53:44 | [ANALYSIS] Examining USD/JPY | Time: 02:00 | Bars: 100
00:53:44 | [ANALYSIS] Examining AUD/USD | Time: 02:00 | Bars: 100
00:53:44 | [IDLE] Waiting for next market pulse...
00:53:54 | [36m[STATS][0m --- [CYCLE 728] ---
00:53:54 | [36m[STATS][0m Balance: 97965.06 | Equity: 97958.85 | Active: 3 | Margin: 97817.08 | Util: 0.1%
00:53:54 | [POSITION STATS] Open: 3 | Unrealized: $-6.21 | Daily Loss: $0.00/100.00
00:53:54 | [ANALYSIS] Examining EUR/USD | Time: 02:00 | Bars: 100
00:53:54 | [ANALYSIS] Examining GBP/USD | Time: 02:00 | Bars: 100
00:53:54 | [ANALYSIS] GBP/USD | Price: 1.34317 | RSI: 41.3 | ADX: 44.4 | ML: UP(75%)
00:53:54 | [STRATEGY] Added synthetic ML BUY signal (conf: 0.75)
00:53:54 | [ANALYSIS] Examining USD/JPY | Time: 02:00 | Bars: 100
00:53:54 | [ANALYSIS] Examining AUD/USD | Time: 02:00 | Bars: 100
00:53:54 | [IDLE] Waiting for next market pulse...
00:54:04 | [36m[STATS][0m --- [CYCLE 729] ---
00:54:04 | [36m[STATS][0m Balance: 97965.06 | Equity: 97958.88 | Active: 3 | Margin: 97817.11 | Util: 0.1%
00:54:04 | [POSITION STATS] Open: 3 | Unrealized: $-6.18 | Daily Loss: $0.00/100.00
00:54:04 | [ANALYSIS] Examining EUR/USD | Time: 02:00 | Bars: 100
00:54:04 | [ANALYSIS] Examining GBP/USD | Time: 02:00 | Bars: 100
00:54:04 | [ANALYSIS] GBP/USD | Price: 1.34321 | RSI: 41.5 | ADX: 44.4 | ML: UP(75%)
00:54:04 | [STRATEGY] Added synthetic ML BUY signal (conf: 0.75)
00:54:04 | [ANALYSIS] Examining USD/JPY | Time: 02:00 | Bars: 100
00:54:04 | [ANALYSIS] Examining AUD/USD | Time: 02:00 | Bars: 100
00:54:04 | [IDLE] Waiting for next market pulse...
00:54:15 | [36m[STATS][0m --- [CYCLE 730] ---
00:54:15 | [36m[STATS][0m Balance: 97965.06 | Equity: 97959.08 | Active: 3 | Margin: 97817.31 | Util: 0.1%
00:54:15 | [POSITION STATS] Open: 3 | Unrealized: $-5.98 | Daily Loss: $0.00/100.00
00:54:15 | [ANALYSIS] Examining EUR/USD | Time: 02:00 | Bars: 100
00:54:15 | [ANALYSIS] Examining GBP/USD | Time: 02:00 | Bars: 100
00:54:15 | [ANALYSIS] GBP/USD | Price: 1.34327 | RSI: 41.8 | ADX: 44.4 | ML: UP(75%)
00:54:15 | [STRATEGY] Added synthetic ML BUY signal (conf: 0.75)
00:54:15 | [ANALYSIS] Examining USD/JPY | Time: 02:00 | Bars: 100
00:54:15 | [ANALYSIS] Examining AUD/USD | Time: 02:00 | Bars: 100
00:54:15 | [SUMMARY] Risk: operational | Positions: 3 | Daily Trades: 1/5 | Exits: 1 (Market: 0, Admin: 1)
00:54:15 | [IDLE] Waiting for next market pulse...
00:54:25 | [36m[STATS][0m --- [CYCLE 731] ---
00:54:25 | [36m[STATS][0m Balance: 97965.06 | Equity: 97957.63 | Active: 3 | Margin: 97815.86 | Util: 0.1%
00:54:25 | [POSITION STATS] Open: 3 | Unrealized: $-7.43 | Daily Loss: $0.00/100.00
00:54:25 | [ANALYSIS] Examining EUR/USD | Time: 02:00 | Bars: 100
00:54:25 | [ANALYSIS] Examining GBP/USD | Time: 02:00 | Bars: 100
00:54:25 | [ANALYSIS] GBP/USD | Price: 1.34319 | RSI: 41.4 | ADX: 44.4 | ML: UP(75%)
00:54:25 | [STRATEGY] Added synthetic ML BUY signal (conf: 0.75)
00:54:25 | [ANALYSIS] Examining USD/JPY | Time: 02:00 | Bars: 100
00:54:25 | [ANALYSIS] Examining AUD/USD | Time: 02:00 | Bars: 100
00:54:25 | [IDLE] Waiting for next market pulse...
00:54:35 | [36m[STATS][0m --- [CYCLE 732] ---
00:54:35 | [36m[STATS][0m Balance: 97965.06 | Equity: 97958.00 | Active: 3 | Margin: 97816.23 | Util: 0.1%
00:54:35 | [POSITION STATS] Open: 3 | Unrealized: $-7.06 | Daily Loss: $0.00/100.00
00:54:35 | [ANALYSIS] Examining EUR/USD | Time: 02:00 | Bars: 100
00:54:35 | [ANALYSIS] Examining GBP/USD | Time: 02:00 | Bars: 100
00:54:35 | [ANALYSIS] GBP/USD | Price: 1.34320 | RSI: 41.5 | ADX: 44.4 | ML: UP(75%)
00:54:35 | [STRATEGY] Added synthetic ML BUY signal (conf: 0.75)
00:54:35 | [ANALYSIS] Examining USD/JPY | Time: 02:00 | Bars: 100
00:54:35 | [ANALYSIS] Examining AUD/USD | Time: 02:00 | Bars: 100
00:54:35 | [IDLE] Waiting for next market pulse...
00:54:46 | [36m[STATS][0m --- [CYCLE 733] ---
00:54:46 | [36m[STATS][0m Balance: 97965.06 | Equity: 97958.12 | Active: 3 | Margin: 97816.35 | Util: 0.1%
00:54:46 | [POSITION STATS] Open: 3 | Unrealized: $-6.94 | Daily Loss: $0.00/100.00
00:54:46 | [ANALYSIS] Examining EUR/USD | Time: 02:00 | Bars: 100
00:54:46 | [ANALYSIS] Examining GBP/USD | Time: 02:00 | Bars: 100
00:54:46 | [ANALYSIS] GBP/USD | Price: 1.34325 | RSI: 41.7 | ADX: 44.4 | ML: UP(75%)
00:54:46 | [STRATEGY] Added synthetic ML BUY signal (conf: 0.75)
00:54:46 | [ANALYSIS] Examining USD/JPY | Time: 02:00 | Bars: 100
00:54:46 | [ANALYSIS] Examining AUD/USD | Time: 02:00 | Bars: 100
00:54:46 | [IDLE] Waiting for next market pulse...
00:54:56 | [36m[STATS][0m --- [CYCLE 734] ---
00:54:56 | [36m[STATS][0m Balance: 97965.06 | Equity: 97957.60 | Active: 3 | Margin: 97815.83 | Util: 0.1%
00:54:56 | [POSITION STATS] Open: 3 | Unrealized: $-7.46 | Daily Loss: $0.00/100.00
00:54:56 | [ANALYSIS] Examining EUR/USD | Time: 02:00 | Bars: 100
00:54:56 | [ANALYSIS] Examining GBP/USD | Time: 02:00 | Bars: 100
00:54:56 | [ANALYSIS] GBP/USD | Price: 1.34319 | RSI: 41.4 | ADX: 44.4 | ML: UP(75%)
00:54:56 | [STRATEGY] Added synthetic ML BUY signal (conf: 0.75)
00:54:56 | [ANALYSIS] Examining USD/JPY | Time: 02:00 | Bars: 100
00:54:56 | [ANALYSIS] Examining AUD/USD | Time: 02:00 | Bars: 100
00:54:56 | [IDLE] Waiting for next market pulse...
00:55:06 | [36m[STATS][0m --- [CYCLE 735] ---
00:55:06 | [36m[STATS][0m Balance: 97965.06 | Equity: 97957.84 | Active: 3 | Margin: 97816.07 | Util: 0.1%
00:55:06 | [POSITION STATS] Open: 3 | Unrealized: $-7.22 | Daily Loss: $0.00/100.00
00:55:06 | [ANALYSIS] Examining EUR/USD | Time: 02:00 | Bars: 100
00:55:06 | [ANALYSIS] Examining GBP/USD | Time: 02:00 | Bars: 100
00:55:06 | [ANALYSIS] GBP/USD | Price: 1.34319 | RSI: 41.4 | ADX: 44.4 | ML: UP(75%)
00:55:06 | [STRATEGY] Added synthetic ML BUY signal (conf: 0.75)
00:55:06 | [ANALYSIS] Examining USD/JPY | Time: 02:00 | Bars: 100
00:55:06 | [ANALYSIS] Examining AUD/USD | Time: 02:00 | Bars: 100
00:55:06 | [SUMMARY] Risk: operational | Positions: 3 | Daily Trades: 1/5 | Exits: 1 (Market: 0, Admin: 1)
00:55:06 | [IDLE] Waiting for next market pulse...
00:55:17 | [36m[STATS][0m --- [CYCLE 736] ---
00:55:17 | [36m[STATS][0m Balance: 97965.06 | Equity: 97958.28 | Active: 3 | Margin: 97816.51 | Util: 0.1%
00:55:17 | [POSITION STATS] Open: 3 | Unrealized: $-6.78 | Daily Loss: $0.00/100.00
00:55:17 | [ANALYSIS] Examining EUR/USD | Time: 02:00 | Bars: 100
00:55:17 | [ANALYSIS] Examining GBP/USD | Time: 02:00 | Bars: 100
00:55:17 | [ANALYSIS] GBP/USD | Price: 1.34320 | RSI: 41.5 | ADX: 44.4 | ML: UP(75%)
00:55:17 | [STRATEGY] Added synthetic ML BUY signal (conf: 0.75)
00:55:17 | [ANALYSIS] Examining USD/JPY | Time: 02:00 | Bars: 100
00:55:17 | [ANALYSIS] Examining AUD/USD | Time: 02:00 | Bars: 100
00:55:17 | [IDLE] Waiting for next market pulse...
00:55:27 | [36m[STATS][0m --- [CYCLE 737] ---
00:55:27 | [36m[STATS][0m Balance: 97965.06 | Equity: 97958.93 | Active: 3 | Margin: 97817.16 | Util: 0.1%
00:55:27 | [POSITION STATS] Open: 3 | Unrealized: $-6.13 | Daily Loss: $0.00/100.00
00:55:27 | [ANALYSIS] Examining EUR/USD | Time: 02:00 | Bars: 100
00:55:27 | [ANALYSIS] Examining GBP/USD | Time: 02:00 | Bars: 100
00:55:27 | [ANALYSIS] GBP/USD | Price: 1.34326 | RSI: 41.8 | ADX: 44.4 | ML: UP(75%)
00:55:27 | [STRATEGY] Added synthetic ML BUY signal (conf: 0.75)
00:55:27 | [ANALYSIS] Examining USD/JPY | Time: 02:00 | Bars: 100
00:55:27 | [ANALYSIS] Examining AUD/USD | Time: 02:00 | Bars: 100
00:55:27 | [IDLE] Waiting for next market pulse...
00:55:37 | [36m[STATS][0m --- [CYCLE 738] ---
00:55:37 | [36m[STATS][0m Balance: 97965.06 | Equity: 97958.80 | Active: 3 | Margin: 97817.03 | Util: 0.1%
00:55:37 | [POSITION STATS] Open: 3 | Unrealized: $-6.26 | Daily Loss: $0.00/100.00
00:55:37 | [ANALYSIS] Examining EUR/USD | Time: 02:00 | Bars: 100
00:55:37 | [ANALYSIS] Examining GBP/USD | Time: 02:00 | Bars: 100
00:55:37 | [ANALYSIS] GBP/USD | Price: 1.34322 | RSI: 41.6 | ADX: 44.4 | ML: UP(75%)
00:55:37 | [STRATEGY] Added synthetic ML BUY signal (conf: 0.75)
00:55:37 | [ANALYSIS] Examining USD/JPY | Time: 02:00 | Bars: 100
00:55:37 | [ANALYSIS] Examining AUD/USD | Time: 02:00 | Bars: 100
00:55:37 | [IDLE] Waiting for next market pulse...
00:55:48 | [36m[STATS][0m --- [CYCLE 739] ---
00:55:48 | [36m[STATS][0m Balance: 97965.06 | Equity: 97958.72 | Active: 3 | Margin: 97816.95 | Util: 0.1%
00:55:48 | [POSITION STATS] Open: 3 | Unrealized: $-6.34 | Daily Loss: $0.00/100.00
00:55:48 | [ANALYSIS] Examining EUR/USD | Time: 02:00 | Bars: 100
00:55:48 | [ANALYSIS] Examining GBP/USD | Time: 02:00 | Bars: 100
00:55:48 | [ANALYSIS] GBP/USD | Price: 1.34324 | RSI: 41.7 | ADX: 44.4 | ML: UP(75%)
00:55:48 | [STRATEGY] Added synthetic ML BUY signal (conf: 0.75)
00:55:48 | [ANALYSIS] Examining USD/JPY | Time: 02:00 | Bars: 100
00:55:48 | [ANALYSIS] Examining AUD/USD | Time: 02:00 | Bars: 100
00:55:48 | [IDLE] Waiting for next market pulse...
00:55:58 | [36m[STATS][0m --- [CYCLE 740] ---
00:55:58 | [36m[STATS][0m Balance: 97965.06 | Equity: 97958.89 | Active: 3 | Margin: 97817.12 | Util: 0.1%
00:55:58 | [POSITION STATS] Open: 3 | Unrealized: $-6.17 | Daily Loss: $0.00/100.00
00:55:58 | [ANALYSIS] Examining EUR/USD | Time: 02:00 | Bars: 100
00:55:58 | [ANALYSIS] Examining GBP/USD | Time: 02:00 | Bars: 100
00:55:58 | [ANALYSIS] GBP/USD | Price: 1.34325 | RSI: 41.7 | ADX: 44.4 | ML: UP(75%)
00:55:58 | [STRATEGY] Added synthetic ML BUY signal (conf: 0.75)
00:55:58 | [ANALYSIS] Examining USD/JPY | Time: 02:00 | Bars: 100
00:55:58 | [ANALYSIS] Examining AUD/USD | Time: 02:00 | Bars: 100
00:55:58 | [SUMMARY] Risk: operational | Positions: 3 | Daily Trades: 1/5 | Exits: 1 (Market: 0, Admin: 1)
00:55:58 | [IDLE] Waiting for next market pulse...
00:56:08 | [36m[STATS][0m --- [CYCLE 741] ---
00:56:08 | [36m[STATS][0m Balance: 97965.06 | Equity: 97958.63 | Active: 3 | Margin: 97816.86 | Util: 0.1%
00:56:08 | [POSITION STATS] Open: 3 | Unrealized: $-6.43 | Daily Loss: $0.00/100.00
00:56:08 | [ANALYSIS] Examining EUR/USD | Time: 02:00 | Bars: 100
00:56:08 | [ANALYSIS] Examining GBP/USD | Time: 02:00 | Bars: 100
00:56:08 | [ANALYSIS] GBP/USD | Price: 1.34321 | RSI: 41.5 | ADX: 44.4 | ML: UP(75%)
00:56:08 | [STRATEGY] Added synthetic ML BUY signal (conf: 0.75)
00:56:08 | [ANALYSIS] Examining USD/JPY | Time: 02:00 | Bars: 100
00:56:08 | [ANALYSIS] Examining AUD/USD | Time: 02:00 | Bars: 100
00:56:08 | [IDLE] Waiting for next market pulse...
00:56:19 | [36m[STATS][0m --- [CYCLE 742] ---
00:56:19 | [36m[STATS][0m Balance: 97965.06 | Equity: 97958.95 | Active: 3 | Margin: 97817.18 | Util: 0.1%
00:56:19 | [POSITION STATS] Open: 3 | Unrealized: $-6.11 | Daily Loss: $0.00/100.00
00:56:19 | [ANALYSIS] Examining EUR/USD | Time: 02:00 | Bars: 100
00:56:19 | [ANALYSIS] Examining GBP/USD | Time: 02:00 | Bars: 100
00:56:19 | [ANALYSIS] GBP/USD | Price: 1.34325 | RSI: 41.7 | ADX: 44.4 | ML: UP(75%)
00:56:19 | [STRATEGY] Added synthetic ML BUY signal (conf: 0.75)
00:56:19 | [ANALYSIS] Examining USD/JPY | Time: 02:00 | Bars: 100
00:56:19 | [ANALYSIS] Examining AUD/USD | Time: 02:00 | Bars: 100
00:56:19 | [IDLE] Waiting for next market pulse...
00:56:29 | [36m[STATS][0m --- [CYCLE 743] ---
00:56:29 | [36m[STATS][0m Balance: 97965.06 | Equity: 97959.02 | Active: 3 | Margin: 97817.25 | Util: 0.1%
00:56:29 | [POSITION STATS] Open: 3 | Unrealized: $-6.04 | Daily Loss: $0.00/100.00
00:56:29 | [ANALYSIS] Examining EUR/USD | Time: 02:00 | Bars: 100
00:56:29 | [ANALYSIS] Examining GBP/USD | Time: 02:00 | Bars: 100
00:56:29 | [ANALYSIS] GBP/USD | Price: 1.34324 | RSI: 41.7 | ADX: 44.4 | ML: UP(75%)
00:56:29 | [STRATEGY] Added synthetic ML BUY signal (conf: 0.75)
00:56:29 | [ANALYSIS] Examining USD/JPY | Time: 02:00 | Bars: 100
00:56:29 | [ANALYSIS] Examining AUD/USD | Time: 02:00 | Bars: 100
00:56:29 | [IDLE] Waiting for next market pulse...
00:56:39 | [36m[STATS][0m --- [CYCLE 744] ---
00:56:39 | [36m[STATS][0m Balance: 97965.06 | Equity: 97958.93 | Active: 3 | Margin: 97817.16 | Util: 0.1%
00:56:39 | [POSITION STATS] Open: 3 | Unrealized: $-6.13 | Daily Loss: $0.00/100.00
00:56:39 | [ANALYSIS] Examining EUR/USD | Time: 02:00 | Bars: 100
00:56:39 | [ANALYSIS] Examining GBP/USD | Time: 02:00 | Bars: 100
00:56:39 | [ANALYSIS] GBP/USD | Price: 1.34325 | RSI: 41.7 | ADX: 44.4 | ML: UP(75%)
00:56:39 | [STRATEGY] Added synthetic ML BUY signal (conf: 0.75)
00:56:39 | [ANALYSIS] Examining USD/JPY | Time: 02:00 | Bars: 100
00:56:39 | [ANALYSIS] Examining AUD/USD | Time: 02:00 | Bars: 100
00:56:39 | [IDLE] Waiting for next market pulse...
00:56:50 | [36m[STATS][0m --- [CYCLE 745] ---
00:56:50 | [36m[STATS][0m Balance: 97965.06 | Equity: 97958.96 | Active: 3 | Margin: 97817.19 | Util: 0.1%
00:56:50 | [POSITION STATS] Open: 3 | Unrealized: $-6.10 | Daily Loss: $0.00/100.00
00:56:50 | [ANALYSIS] Examining EUR/USD | Time: 02:00 | Bars: 100
00:56:50 | [ANALYSIS] Examining GBP/USD | Time: 02:00 | Bars: 100
00:56:50 | [ANALYSIS] GBP/USD | Price: 1.34325 | RSI: 41.7 | ADX: 44.4 | ML: UP(75%)
00:56:50 | [STRATEGY] Added synthetic ML BUY signal (conf: 0.75)
00:56:50 | [ANALYSIS] Examining USD/JPY | Time: 02:00 | Bars: 100
00:56:50 | [ANALYSIS] Examining AUD/USD | Time: 02:00 | Bars: 100
00:56:50 | [SUMMARY] Risk: operational | Positions: 3 | Daily Trades: 1/5 | Exits: 1 (Market: 0, Admin: 1)
00:56:50 | [IDLE] Waiting for next market pulse...
00:57:00 | [36m[STATS][0m --- [CYCLE 746] ---
00:57:00 | [36m[STATS][0m Balance: 97965.06 | Equity: 97958.80 | Active: 3 | Margin: 97817.03 | Util: 0.1%
00:57:00 | [POSITION STATS] Open: 3 | Unrealized: $-6.26 | Daily Loss: $0.00/100.00
00:57:00 | [ANALYSIS] Examining EUR/USD | Time: 02:00 | Bars: 100
00:57:00 | [ANALYSIS] Examining GBP/USD | Time: 02:00 | Bars: 100
00:57:00 | [ANALYSIS] GBP/USD | Price: 1.34325 | RSI: 41.7 | ADX: 44.4 | ML: UP(75%)
00:57:00 | [STRATEGY] Added synthetic ML BUY signal (conf: 0.75)
00:57:00 | [ANALYSIS] Examining USD/JPY | Time: 02:00 | Bars: 100
00:57:00 | [ANALYSIS] Examining AUD/USD | Time: 02:00 | Bars: 100
00:57:00 | [IDLE] Waiting for next market pulse...
00:57:10 | [36m[STATS][0m --- [CYCLE 747] ---
00:57:10 | [36m[STATS][0m Balance: 97965.06 | Equity: 97958.88 | Active: 3 | Margin: 97817.11 | Util: 0.1%
00:57:10 | [POSITION STATS] Open: 3 | Unrealized: $-6.18 | Daily Loss: $0.00/100.00
00:57:10 | [ANALYSIS] Examining EUR/USD | Time: 02:00 | Bars: 100
00:57:10 | [ANALYSIS] Examining GBP/USD | Time: 02:00 | Bars: 100
00:57:10 | [ANALYSIS] GBP/USD | Price: 1.34320 | RSI: 41.5 | ADX: 44.4 | ML: UP(75%)
00:57:10 | [STRATEGY] Added synthetic ML BUY signal (conf: 0.75)
00:57:10 | [ANALYSIS] Examining USD/JPY | Time: 02:00 | Bars: 100
00:57:10 | [ANALYSIS] Examining AUD/USD | Time: 02:00 | Bars: 100
00:57:10 | [IDLE] Waiting for next market pulse...
00:57:21 | [36m[STATS][0m --- [CYCLE 748] ---
00:57:21 | [36m[STATS][0m Balance: 97965.06 | Equity: 97959.08 | Active: 3 | Margin: 97817.31 | Util: 0.1%
00:57:21 | [POSITION STATS] Open: 3 | Unrealized: $-5.98 | Daily Loss: $0.00/100.00
00:57:21 | [ANALYSIS] Examining EUR/USD | Time: 02:00 | Bars: 100
00:57:21 | [ANALYSIS] Examining GBP/USD | Time: 02:00 | Bars: 100
00:57:21 | [ANALYSIS] GBP/USD | Price: 1.34329 | RSI: 41.9 | ADX: 44.4 | ML: UP(75%)
00:57:21 | [STRATEGY] Added synthetic ML BUY signal (conf: 0.75)
00:57:21 | [ANALYSIS] Examining USD/JPY | Time: 02:00 | Bars: 100
00:57:21 | [ANALYSIS] Examining AUD/USD | Time: 02:00 | Bars: 100
00:57:21 | [IDLE] Waiting for next market pulse...
00:57:31 | [36m[STATS][0m --- [CYCLE 749] ---
00:57:31 | [36m[STATS][0m Balance: 97965.06 | Equity: 97959.03 | Active: 3 | Margin: 97817.26 | Util: 0.1%
00:57:31 | [POSITION STATS] Open: 3 | Unrealized: $-6.03 | Daily Loss: $0.00/100.00
00:57:31 | [ANALYSIS] Examining EUR/USD | Time: 02:00 | Bars: 100
00:57:31 | [ANALYSIS] Examining GBP/USD | Time: 02:00 | Bars: 100
00:57:31 | [ANALYSIS] GBP/USD | Price: 1.34329 | RSI: 41.9 | ADX: 44.4 | ML: UP(75%)
00:57:31 | [STRATEGY] Added synthetic ML BUY signal (conf: 0.75)
00:57:31 | [ANALYSIS] Examining USD/JPY | Time: 02:00 | Bars: 100
00:57:31 | [ANALYSIS] Examining AUD/USD | Time: 02:00 | Bars: 100
00:57:31 | [IDLE] Waiting for next market pulse...
00:57:41 | [36m[STATS][0m --- [CYCLE 750] ---
00:57:41 | [36m[STATS][0m Balance: 97965.06 | Equity: 97959.19 | Active: 3 | Margin: 97817.42 | Util: 0.1%
00:57:41 | [POSITION STATS] Open: 3 | Unrealized: $-5.87 | Daily Loss: $0.00/100.00
00:57:41 | [ANALYSIS] Examining EUR/USD | Time: 02:00 | Bars: 100
00:57:41 | [ANALYSIS] Examining GBP/USD | Time: 02:00 | Bars: 100
00:57:41 | [ANALYSIS] GBP/USD | Price: 1.34328 | RSI: 41.9 | ADX: 44.4 | ML: UP(75%)
00:57:41 | [STRATEGY] Added synthetic ML BUY signal (conf: 0.75)
00:57:41 | [ANALYSIS] Examining USD/JPY | Time: 02:00 | Bars: 100
00:57:41 | [ANALYSIS] Examining AUD/USD | Time: 02:00 | Bars: 100
00:57:41 | [SUMMARY] Risk: operational | Positions: 3 | Daily Trades: 1/5 | Exits: 1 (Market: 0, Admin: 1)
00:57:41 | [IDLE] Waiting for next market pulse...
00:58:15 | [36m[STATS][0m --- [CYCLE 751] ---
00:58:15 | [36m[STATS][0m Balance: 97965.06 | Equity: 97959.22 | Active: 3 | Margin: 97817.45 | Util: 0.1%
00:58:15 | [POSITION STATS] Open: 3 | Unrealized: $-5.84 | Daily Loss: $0.00/100.00
00:58:16 | [ANALYSIS] Examining EUR/USD | Time: 02:00 | Bars: 100
00:58:16 | [ANALYSIS] Examining GBP/USD | Time: 02:00 | Bars: 100
00:58:16 | [ANALYSIS] GBP/USD | Price: 1.34337 | RSI: 42.3 | ADX: 44.4 | ML: UP(75%)
00:58:16 | [STRATEGY] Added synthetic ML BUY signal (conf: 0.75)
00:58:16 | [ANALYSIS] Examining USD/JPY | Time: 02:00 | Bars: 100
00:58:16 | [ANALYSIS] Examining AUD/USD | Time: 02:00 | Bars: 100
00:58:16 | [IDLE] Waiting for next market pulse...
00:58:26 | [36m[STATS][0m --- [CYCLE 752] ---
00:58:26 | [36m[STATS][0m Balance: 97965.06 | Equity: 97959.22 | Active: 3 | Margin: 97817.45 | Util: 0.1%
00:58:26 | [POSITION STATS] Open: 3 | Unrealized: $-5.84 | Daily Loss: $0.00/100.00
00:58:26 | [ANALYSIS] Examining EUR/USD | Time: 02:00 | Bars: 100
00:58:26 | [ANALYSIS] Examining GBP/USD | Time: 02:00 | Bars: 100
00:58:26 | [ANALYSIS] GBP/USD | Price: 1.34337 | RSI: 42.3 | ADX: 44.4 | ML: UP(75%)
00:58:26 | [STRATEGY] Added synthetic ML BUY signal (conf: 0.75)
00:58:26 | [ANALYSIS] Examining USD/JPY | Time: 02:00 | Bars: 100
00:58:26 | [ANALYSIS] Examining AUD/USD | Time: 02:00 | Bars: 100
00:58:26 | [IDLE] Waiting for next market pulse...
00:58:36 | [36m[STATS][0m --- [CYCLE 753] ---
00:58:36 | [36m[STATS][0m Balance: 97965.06 | Equity: 97959.15 | Active: 3 | Margin: 97817.38 | Util: 0.1%
00:58:36 | [POSITION STATS] Open: 3 | Unrealized: $-5.91 | Daily Loss: $0.00/100.00
00:58:36 | [ANALYSIS] Examining EUR/USD | Time: 02:00 | Bars: 100
00:58:36 | [ANALYSIS] Examining GBP/USD | Time: 02:00 | Bars: 100
00:58:36 | [ANALYSIS] GBP/USD | Price: 1.34331 | RSI: 42.0 | ADX: 44.4 | ML: UP(75%)
00:58:36 | [STRATEGY] Added synthetic ML BUY signal (conf: 0.75)
00:58:36 | [ANALYSIS] Examining USD/JPY | Time: 02:00 | Bars: 100
00:58:36 | [ANALYSIS] Examining AUD/USD | Time: 02:00 | Bars: 100
00:58:36 | [IDLE] Waiting for next market pulse...
00:58:47 | [36m[STATS][0m --- [CYCLE 754] ---
00:58:47 | [36m[STATS][0m Balance: 97965.06 | Equity: 97958.95 | Active: 3 | Margin: 97817.18 | Util: 0.1%
00:58:47 | [POSITION STATS] Open: 3 | Unrealized: $-6.11 | Daily Loss: $0.00/100.00
00:58:47 | [ANALYSIS] Examining EUR/USD | Time: 02:00 | Bars: 100
00:58:47 | [ANALYSIS] Examining GBP/USD | Time: 02:00 | Bars: 100
00:58:47 | [ANALYSIS] GBP/USD | Price: 1.34328 | RSI: 41.9 | ADX: 44.4 | ML: UP(75%)
00:58:47 | [STRATEGY] Added synthetic ML BUY signal (conf: 0.75)
00:58:47 | [ANALYSIS] Examining USD/JPY | Time: 02:00 | Bars: 100
00:58:47 | [ANALYSIS] Examining AUD/USD | Time: 02:00 | Bars: 100
00:58:47 | [IDLE] Waiting for next market pulse...
00:58:57 | [36m[STATS][0m --- [CYCLE 755] ---
00:58:57 | [36m[STATS][0m Balance: 97965.06 | Equity: 97958.79 | Active: 3 | Margin: 97817.02 | Util: 0.1%
00:58:57 | [POSITION STATS] Open: 3 | Unrealized: $-6.27 | Daily Loss: $0.00/100.00
00:58:57 | [ANALYSIS] Examining EUR/USD | Time: 02:00 | Bars: 100
00:58:57 | [ANALYSIS] Examining GBP/USD | Time: 02:00 | Bars: 100
00:58:57 | [ANALYSIS] GBP/USD | Price: 1.34326 | RSI: 41.8 | ADX: 44.4 | ML: UP(75%)
00:58:57 | [STRATEGY] Added synthetic ML BUY signal (conf: 0.75)
00:58:57 | [ANALYSIS] Examining USD/JPY | Time: 02:00 | Bars: 100
00:58:57 | [ANALYSIS] Examining AUD/USD | Time: 02:00 | Bars: 100
00:58:57 | [SUMMARY] Risk: operational | Positions: 3 | Daily Trades: 1/5 | Exits: 1 (Market: 0, Admin: 1)
00:58:57 | [IDLE] Waiting for next market pulse...
00:59:07 | [36m[STATS][0m --- [CYCLE 756] ---
00:59:07 | [36m[STATS][0m Balance: 97965.06 | Equity: 97958.79 | Active: 3 | Margin: 97817.02 | Util: 0.1%
00:59:07 | [POSITION STATS] Open: 3 | Unrealized: $-6.27 | Daily Loss: $0.00/100.00
00:59:07 | [ANALYSIS] Examining EUR/USD | Time: 02:00 | Bars: 100
00:59:07 | [ANALYSIS] Examining GBP/USD | Time: 02:00 | Bars: 100
00:59:07 | [ANALYSIS] GBP/USD | Price: 1.34322 | RSI: 41.6 | ADX: 44.4 | ML: UP(75%)
00:59:07 | [STRATEGY] Added synthetic ML BUY signal (conf: 0.75)
00:59:07 | [ANALYSIS] Examining USD/JPY | Time: 02:00 | Bars: 100
00:59:07 | [ANALYSIS] Examining AUD/USD | Time: 02:00 | Bars: 100
00:59:07 | [IDLE] Waiting for next market pulse...
00:59:18 | [36m[STATS][0m --- [CYCLE 757] ---
00:59:18 | [36m[STATS][0m Balance: 97965.06 | Equity: 97958.12 | Active: 3 | Margin: 97816.35 | Util: 0.1%
00:59:18 | [POSITION STATS] Open: 3 | Unrealized: $-6.94 | Daily Loss: $0.00/100.00
00:59:18 | [ANALYSIS] Examining EUR/USD | Time: 02:00 | Bars: 100
00:59:18 | [ANALYSIS] Examining GBP/USD | Time: 02:00 | Bars: 100
00:59:18 | [ANALYSIS] GBP/USD | Price: 1.34320 | RSI: 41.5 | ADX: 44.4 | ML: UP(75%)
00:59:18 | [STRATEGY] Added synthetic ML BUY signal (conf: 0.75)
00:59:18 | [ANALYSIS] Examining USD/JPY | Time: 02:00 | Bars: 100
00:59:18 | [ANALYSIS] Examining AUD/USD | Time: 02:00 | Bars: 100
00:59:18 | [IDLE] Waiting for next market pulse...
00:59:28 | [36m[STATS][0m --- [CYCLE 758] ---
00:59:28 | [36m[STATS][0m Balance: 97965.06 | Equity: 97958.27 | Active: 3 | Margin: 97816.50 | Util: 0.1%
00:59:28 | [POSITION STATS] Open: 3 | Unrealized: $-6.79 | Daily Loss: $0.00/100.00
00:59:28 | [ANALYSIS] Examining EUR/USD | Time: 02:00 | Bars: 100
00:59:28 | [ANALYSIS] Examining GBP/USD | Time: 02:00 | Bars: 100
00:59:28 | [ANALYSIS] GBP/USD | Price: 1.34321 | RSI: 41.5 | ADX: 44.4 | ML: UP(75%)
00:59:28 | [STRATEGY] Added synthetic ML BUY signal (conf: 0.75)
00:59:28 | [ANALYSIS] Examining USD/JPY | Time: 02:00 | Bars: 100
00:59:28 | [ANALYSIS] Examining AUD/USD | Time: 02:00 | Bars: 100
00:59:28 | [IDLE] Waiting for next market pulse...
00:59:38 | [36m[STATS][0m --- [CYCLE 759] ---
00:59:38 | [36m[STATS][0m Balance: 97965.06 | Equity: 97958.49 | Active: 3 | Margin: 97816.72 | Util: 0.1%
00:59:38 | [POSITION STATS] Open: 3 | Unrealized: $-6.57 | Daily Loss: $0.00/100.00
00:59:38 | [ANALYSIS] Examining EUR/USD | Time: 02:00 | Bars: 100
00:59:38 | [ANALYSIS] Examining GBP/USD | Time: 02:00 | Bars: 100
00:59:38 | [ANALYSIS] GBP/USD | Price: 1.34325 | RSI: 41.7 | ADX: 44.4 | ML: UP(75%)
00:59:38 | [STRATEGY] Added synthetic ML BUY signal (conf: 0.75)
00:59:38 | [ANALYSIS] Examining USD/JPY | Time: 02:00 | Bars: 100
00:59:38 | [ANALYSIS] Examining AUD/USD | Time: 02:00 | Bars: 100
00:59:38 | [IDLE] Waiting for next market pulse...
00:59:49 | [36m[STATS][0m --- [CYCLE 760] ---
00:59:49 | [36m[STATS][0m Balance: 97965.06 | Equity: 97958.85 | Active: 3 | Margin: 97817.08 | Util: 0.1%
00:59:49 | [POSITION STATS] Open: 3 | Unrealized: $-6.21 | Daily Loss: $0.00/100.00
00:59:49 | [ANALYSIS] Examining EUR/USD | Time: 02:00 | Bars: 100
00:59:49 | [ANALYSIS] Examining GBP/USD | Time: 02:00 | Bars: 100
00:59:49 | [ANALYSIS] GBP/USD | Price: 1.34324 | RSI: 41.7 | ADX: 44.4 | ML: UP(75%)
00:59:49 | [STRATEGY] Added synthetic ML BUY signal (conf: 0.75)
00:59:49 | [ANALYSIS] Examining USD/JPY | Time: 02:00 | Bars: 100
00:59:49 | [ANALYSIS] Examining AUD/USD | Time: 02:00 | Bars: 100
00:59:49 | [SUMMARY] Risk: operational | Positions: 3 | Daily Trades: 1/5 | Exits: 1 (Market: 0, Admin: 1)
00:59:49 | [IDLE] Waiting for next market pulse...
00:59:59 | [36m[STATS][0m --- [CYCLE 761] ---
00:59:59 | [36m[STATS][0m Balance: 97965.06 | Equity: 97958.78 | Active: 3 | Margin: 97817.01 | Util: 0.1%
00:59:59 | [POSITION STATS] Open: 3 | Unrealized: $-6.28 | Daily Loss: $0.00/100.00
00:59:59 | [ANALYSIS] Examining EUR/USD | Time: 02:00 | Bars: 100
00:59:59 | [ANALYSIS] Examining GBP/USD | Time: 02:00 | Bars: 100
00:59:59 | [ANALYSIS] GBP/USD | Price: 1.34323 | RSI: 41.6 | ADX: 44.4 | ML: UP(75%)
00:59:59 | [STRATEGY] Added synthetic ML BUY signal (conf: 0.75)
00:59:59 | [ANALYSIS] Examining USD/JPY | Time: 02:00 | Bars: 100
00:59:59 | [ANALYSIS] Examining AUD/USD | Time: 02:00 | Bars: 100
00:59:59 | [IDLE] Waiting for next market pulse...
01:00:09 | [36m[STATS][0m --- [CYCLE 762] ---
01:00:09 | [36m[STATS][0m Balance: 97965.06 | Equity: 97958.81 | Active: 3 | Margin: 97817.04 | Util: 0.1%
01:00:09 | [POSITION STATS] Open: 3 | Unrealized: $-6.25 | Daily Loss: $0.00/100.00
01:00:09 | [ANALYSIS] Examining EUR/USD | Time: 03:00 | Bars: 100
01:00:09 | [ANALYSIS] Examining GBP/USD | Time: 03:00 | Bars: 100
01:00:09 | [ANALYSIS] GBP/USD | Price: 1.34321 | RSI: 41.4 | ADX: 43.3 | ML: UP(75%)
01:00:09 | [STRATEGY] Added synthetic ML BUY signal (conf: 0.75)
01:00:09 | [ANALYSIS] Examining USD/JPY | Time: 03:00 | Bars: 100
01:00:09 | [ANALYSIS] Examining AUD/USD | Time: 03:00 | Bars: 100
01:00:09 | [IDLE] Waiting for next market pulse...
01:00:20 | [36m[STATS][0m --- [CYCLE 763] ---
01:00:20 | [36m[STATS][0m Balance: 97965.06 | Equity: 97958.91 | Active: 3 | Margin: 97817.14 | Util: 0.1%
01:00:20 | [POSITION STATS] Open: 3 | Unrealized: $-6.15 | Daily Loss: $0.00/100.00
01:00:20 | [ANALYSIS] Examining EUR/USD | Time: 03:00 | Bars: 100
01:00:20 | [ANALYSIS] Examining GBP/USD | Time: 03:00 | Bars: 100
01:00:20 | [ANALYSIS] GBP/USD | Price: 1.34322 | RSI: 41.5 | ADX: 43.3 | ML: UP(75%)
01:00:20 | [STRATEGY] Added synthetic ML BUY signal (conf: 0.75)
01:00:20 | [ANALYSIS] Examining USD/JPY | Time: 03:00 | Bars: 100
01:00:20 | [ANALYSIS] Examining AUD/USD | Time: 03:00 | Bars: 100
01:00:20 | [IDLE] Waiting for next market pulse...
01:00:30 | [36m[STATS][0m --- [CYCLE 764] ---
01:00:30 | [36m[STATS][0m Balance: 97965.06 | Equity: 97959.01 | Active: 3 | Margin: 97817.24 | Util: 0.1%
01:00:30 | [POSITION STATS] Open: 3 | Unrealized: $-6.05 | Daily Loss: $0.00/100.00
01:00:30 | [ANALYSIS] Examining EUR/USD | Time: 03:00 | Bars: 100
01:00:30 | [ANALYSIS] Examining GBP/USD | Time: 03:00 | Bars: 100
01:00:30 | [ANALYSIS] GBP/USD | Price: 1.34324 | RSI: 41.6 | ADX: 43.3 | ML: UP(75%)
01:00:30 | [STRATEGY] Added synthetic ML BUY signal (conf: 0.75)
01:00:30 | [ANALYSIS] Examining USD/JPY | Time: 03:00 | Bars: 100
01:00:30 | [ANALYSIS] Examining AUD/USD | Time: 03:00 | Bars: 100
01:00:30 | [IDLE] Waiting for next market pulse...
01:00:40 | [36m[STATS][0m --- [CYCLE 765] ---
01:00:40 | [36m[STATS][0m Balance: 97965.06 | Equity: 97959.07 | Active: 3 | Margin: 97817.30 | Util: 0.1%
01:00:40 | [POSITION STATS] Open: 3 | Unrealized: $-5.99 | Daily Loss: $0.00/100.00
01:00:40 | [ANALYSIS] Examining EUR/USD | Time: 03:00 | Bars: 100
01:00:40 | [ANALYSIS] Examining GBP/USD | Time: 03:00 | Bars: 100
01:00:40 | [ANALYSIS] GBP/USD | Price: 1.34325 | RSI: 41.7 | ADX: 43.3 | ML: UP(75%)
01:00:40 | [STRATEGY] Added synthetic ML BUY signal (conf: 0.75)
01:00:40 | [ANALYSIS] Examining USD/JPY | Time: 03:00 | Bars: 100
01:00:40 | [ANALYSIS] Examining AUD/USD | Time: 03:00 | Bars: 100
01:00:40 | [SUMMARY] Risk: operational | Positions: 3 | Daily Trades: 1/5 | Exits: 1 (Market: 0, Admin: 1)
01:00:40 | [IDLE] Waiting for next market pulse...
01:00:51 | [36m[STATS][0m --- [CYCLE 766] ---
01:00:51 | [36m[STATS][0m Balance: 97965.06 | Equity: 97959.46 | Active: 3 | Margin: 97817.69 | Util: 0.1%
01:00:51 | [POSITION STATS] Open: 3 | Unrealized: $-5.60 | Daily Loss: $0.00/100.00
01:00:51 | [ANALYSIS] Examining EUR/USD | Time: 03:00 | Bars: 100
01:00:51 | [ANALYSIS] Examining GBP/USD | Time: 03:00 | Bars: 100
01:00:51 | [ANALYSIS] GBP/USD | Price: 1.34328 | RSI: 41.9 | ADX: 43.3 | ML: UP(75%)
01:00:51 | [STRATEGY] Added synthetic ML BUY signal (conf: 0.75)
01:00:51 | [ANALYSIS] Examining USD/JPY | Time: 03:00 | Bars: 100
01:00:51 | [ANALYSIS] Examining AUD/USD | Time: 03:00 | Bars: 100
01:00:51 | [IDLE] Waiting for next market pulse...
01:01:01 | [36m[STATS][0m --- [CYCLE 767] ---
01:01:01 | [36m[STATS][0m Balance: 97965.06 | Equity: 97959.29 | Active: 3 | Margin: 97817.52 | Util: 0.1%
01:01:01 | [POSITION STATS] Open: 3 | Unrealized: $-5.77 | Daily Loss: $0.00/100.00
01:01:01 | [ANALYSIS] Examining EUR/USD | Time: 03:00 | Bars: 100
01:01:01 | [ANALYSIS] Examining GBP/USD | Time: 03:00 | Bars: 100
01:01:01 | [ANALYSIS] GBP/USD | Price: 1.34326 | RSI: 41.8 | ADX: 43.3 | ML: UP(75%)
01:01:01 | [STRATEGY] Added synthetic ML BUY signal (conf: 0.75)
01:01:01 | [ANALYSIS] Examining USD/JPY | Time: 03:00 | Bars: 100
01:01:01 | [ANALYSIS] Examining AUD/USD | Time: 03:00 | Bars: 100
01:01:01 | [IDLE] Waiting for next market pulse...
01:01:11 | [36m[STATS][0m --- [CYCLE 768] ---
01:01:11 | [36m[STATS][0m Balance: 97965.06 | Equity: 97958.87 | Active: 3 | Margin: 97817.10 | Util: 0.1%
01:01:11 | [POSITION STATS] Open: 3 | Unrealized: $-6.19 | Daily Loss: $0.00/100.00
01:01:11 | [ANALYSIS] Examining EUR/USD | Time: 03:00 | Bars: 100
01:01:11 | [ANALYSIS] Examining GBP/USD | Time: 03:00 | Bars: 100
01:01:11 | [ANALYSIS] GBP/USD | Price: 1.34321 | RSI: 41.4 | ADX: 43.3 | ML: UP(75%)
01:01:11 | [STRATEGY] Added synthetic ML BUY signal (conf: 0.75)
01:01:11 | [ANALYSIS] Examining USD/JPY | Time: 03:00 | Bars: 100
01:01:11 | [ANALYSIS] Examining AUD/USD | Time: 03:00 | Bars: 100
01:01:11 | [IDLE] Waiting for next market pulse...
01:01:22 | [36m[STATS][0m --- [CYCLE 769] ---
01:01:22 | [36m[STATS][0m Balance: 97965.06 | Equity: 97958.84 | Active: 3 | Margin: 97817.07 | Util: 0.1%
01:01:22 | [POSITION STATS] Open: 3 | Unrealized: $-6.22 | Daily Loss: $0.00/100.00
01:01:22 | [ANALYSIS] Examining EUR/USD | Time: 03:00 | Bars: 100
01:01:22 | [ANALYSIS] Examining GBP/USD | Time: 03:00 | Bars: 100
01:01:22 | [ANALYSIS] GBP/USD | Price: 1.34331 | RSI: 42.1 | ADX: 43.3 | ML: UP(75%)
01:01:22 | [STRATEGY] Added synthetic ML BUY signal (conf: 0.75)
01:01:22 | [ANALYSIS] Examining USD/JPY | Time: 03:00 | Bars: 100
01:01:22 | [ANALYSIS] Examining AUD/USD | Time: 03:00 | Bars: 100
01:01:22 | [IDLE] Waiting for next market pulse...
01:01:32 | [36m[STATS][0m --- [CYCLE 770] ---
01:01:32 | [36m[STATS][0m Balance: 97965.06 | Equity: 97958.37 | Active: 3 | Margin: 97816.60 | Util: 0.1%
01:01:32 | [POSITION STATS] Open: 3 | Unrealized: $-6.69 | Daily Loss: $0.00/100.00
01:01:32 | [ANALYSIS] Examining EUR/USD | Time: 03:00 | Bars: 100
01:01:32 | [ANALYSIS] Examining GBP/USD | Time: 03:00 | Bars: 100
01:01:32 | [ANALYSIS] GBP/USD | Price: 1.34326 | RSI: 41.8 | ADX: 43.3 | ML: UP(75%)
01:01:32 | [STRATEGY] Added synthetic ML BUY signal (conf: 0.75)
01:01:32 | [ANALYSIS] Examining USD/JPY | Time: 03:00 | Bars: 100
01:01:32 | [ANALYSIS] Examining AUD/USD | Time: 03:00 | Bars: 100
01:01:32 | [SUMMARY] Risk: operational | Positions: 3 | Daily Trades: 1/5 | Exits: 1 (Market: 0, Admin: 1)
01:01:32 | [IDLE] Waiting for next market pulse...
01:01:42 | [36m[STATS][0m --- [CYCLE 771] ---
01:01:42 | [36m[STATS][0m Balance: 97965.06 | Equity: 97958.54 | Active: 3 | Margin: 97816.77 | Util: 0.1%
01:01:42 | [POSITION STATS] Open: 3 | Unrealized: $-6.52 | Daily Loss: $0.00/100.00
01:01:42 | [ANALYSIS] Examining EUR/USD | Time: 03:00 | Bars: 100
01:01:42 | [ANALYSIS] Examining GBP/USD | Time: 03:00 | Bars: 100
01:01:42 | [ANALYSIS] GBP/USD | Price: 1.34332 | RSI: 42.2 | ADX: 43.3 | ML: UP(75%)
01:01:42 | [STRATEGY] Added synthetic ML BUY signal (conf: 0.75)
01:01:42 | [ANALYSIS] Examining USD/JPY | Time: 03:00 | Bars: 100
01:01:42 | [ANALYSIS] Examining AUD/USD | Time: 03:00 | Bars: 100
01:01:42 | [IDLE] Waiting for next market pulse...
01:01:53 | [36m[STATS][0m --- [CYCLE 772] ---
01:01:53 | [36m[STATS][0m Balance: 97965.06 | Equity: 97958.39 | Active: 3 | Margin: 97816.62 | Util: 0.1%
01:01:53 | [POSITION STATS] Open: 3 | Unrealized: $-6.67 | Daily Loss: $0.00/100.00
01:01:53 | [ANALYSIS] Examining EUR/USD | Time: 03:00 | Bars: 100
01:01:53 | [ANALYSIS] Examining GBP/USD | Time: 03:00 | Bars: 100
01:01:53 | [ANALYSIS] GBP/USD | Price: 1.34336 | RSI: 42.5 | ADX: 43.3 | ML: UP(75%)
01:01:53 | [STRATEGY] Added synthetic ML BUY signal (conf: 0.75)
01:01:53 | [ANALYSIS] Examining USD/JPY | Time: 03:00 | Bars: 100
01:01:53 | [ANALYSIS] Examining AUD/USD | Time: 03:00 | Bars: 100
01:01:53 | [IDLE] Waiting for next market pulse...
01:02:03 | [36m[STATS][0m --- [CYCLE 773] ---
01:02:03 | [36m[STATS][0m Balance: 97965.06 | Equity: 97958.06 | Active: 3 | Margin: 97816.29 | Util: 0.1%
01:02:03 | [POSITION STATS] Open: 3 | Unrealized: $-7.00 | Daily Loss: $0.00/100.00
01:02:03 | [ANALYSIS] Examining EUR/USD | Time: 03:00 | Bars: 100
01:02:03 | [ANALYSIS] Examining GBP/USD | Time: 03:00 | Bars: 100
01:02:03 | [ANALYSIS] GBP/USD | Price: 1.34326 | RSI: 41.8 | ADX: 43.3 | ML: UP(75%)
01:02:03 | [STRATEGY] Added synthetic ML BUY signal (conf: 0.75)
01:02:03 | [ANALYSIS] Examining USD/JPY | Time: 03:00 | Bars: 100
01:02:03 | [ANALYSIS] Examining AUD/USD | Time: 03:00 | Bars: 100
01:02:03 | [IDLE] Waiting for next market pulse...
01:02:13 | [36m[STATS][0m --- [CYCLE 774] ---
01:02:13 | [36m[STATS][0m Balance: 97965.06 | Equity: 97958.36 | Active: 3 | Margin: 97816.59 | Util: 0.1%
01:02:13 | [POSITION STATS] Open: 3 | Unrealized: $-6.70 | Daily Loss: $0.00/100.00
01:02:13 | [ANALYSIS] Examining EUR/USD | Time: 03:00 | Bars: 100
01:02:13 | [ANALYSIS] Examining GBP/USD | Time: 03:00 | Bars: 100
01:02:13 | [ANALYSIS] GBP/USD | Price: 1.34327 | RSI: 41.8 | ADX: 43.3 | ML: UP(75%)
01:02:13 | [STRATEGY] Added synthetic ML BUY signal (conf: 0.75)
01:02:13 | [ANALYSIS] Examining USD/JPY | Time: 03:00 | Bars: 100
01:02:13 | [ANALYSIS] Examining AUD/USD | Time: 03:00 | Bars: 100
01:02:13 | [IDLE] Waiting for next market pulse...
01:02:24 | [36m[STATS][0m --- [CYCLE 775] ---
01:02:24 | [36m[STATS][0m Balance: 97965.06 | Equity: 97958.49 | Active: 3 | Margin: 97816.72 | Util: 0.1%
01:02:24 | [POSITION STATS] Open: 3 | Unrealized: $-6.57 | Daily Loss: $0.00/100.00
01:02:24 | [ANALYSIS] Examining EUR/USD | Time: 03:00 | Bars: 100
01:02:24 | [ANALYSIS] Examining GBP/USD | Time: 03:00 | Bars: 100
01:02:24 | [ANALYSIS] GBP/USD | Price: 1.34325 | RSI: 41.7 | ADX: 43.3 | ML: UP(75%)
01:02:24 | [STRATEGY] Added synthetic ML BUY signal (conf: 0.75)
01:02:24 | [ANALYSIS] Examining USD/JPY | Time: 03:00 | Bars: 100
01:02:24 | [ANALYSIS] Examining AUD/USD | Time: 03:00 | Bars: 100
01:02:24 | [SUMMARY] Risk: operational | Positions: 3 | Daily Trades: 1/5 | Exits: 1 (Market: 0, Admin: 1)
01:02:24 | [IDLE] Waiting for next market pulse...
01:02:34 | [36m[STATS][0m --- [CYCLE 776] ---
01:02:34 | [36m[STATS][0m Balance: 97965.06 | Equity: 97958.54 | Active: 3 | Margin: 97816.77 | Util: 0.1%
01:02:34 | [POSITION STATS] Open: 3 | Unrealized: $-6.52 | Daily Loss: $0.00/100.00
01:02:34 | [ANALYSIS] Examining EUR/USD | Time: 03:00 | Bars: 100
01:02:34 | [ANALYSIS] Examining GBP/USD | Time: 03:00 | Bars: 100
01:02:34 | [ANALYSIS] GBP/USD | Price: 1.34326 | RSI: 41.8 | ADX: 43.3 | ML: UP(75%)
01:02:34 | [STRATEGY] Added synthetic ML BUY signal (conf: 0.75)
01:02:34 | [ANALYSIS] Examining USD/JPY | Time: 03:00 | Bars: 100
01:02:34 | [ANALYSIS] Examining AUD/USD | Time: 03:00 | Bars: 100
01:02:34 | [IDLE] Waiting for next market pulse...
01:02:44 | [36m[STATS][0m --- [CYCLE 777] ---
01:02:44 | [36m[STATS][0m Balance: 97965.06 | Equity: 97958.44 | Active: 3 | Margin: 97816.67 | Util: 0.1%
01:02:44 | [POSITION STATS] Open: 3 | Unrealized: $-6.62 | Daily Loss: $0.00/100.00
01:02:44 | [ANALYSIS] Examining EUR/USD | Time: 03:00 | Bars: 100
01:02:44 | [ANALYSIS] Examining GBP/USD | Time: 03:00 | Bars: 100
01:02:44 | [ANALYSIS] GBP/USD | Price: 1.34326 | RSI: 41.8 | ADX: 43.3 | ML: UP(75%)
01:02:44 | [STRATEGY] Added synthetic ML BUY signal (conf: 0.75)
01:02:44 | [ANALYSIS] Examining USD/JPY | Time: 03:00 | Bars: 100
01:02:44 | [ANALYSIS] Examining AUD/USD | Time: 03:00 | Bars: 100
01:02:44 | [IDLE] Waiting for next market pulse...
01:02:55 | [36m[STATS][0m --- [CYCLE 778] ---
01:02:55 | [36m[STATS][0m Balance: 97965.06 | Equity: 97958.54 | Active: 3 | Margin: 97816.77 | Util: 0.1%
01:02:55 | [POSITION STATS] Open: 3 | Unrealized: $-6.52 | Daily Loss: $0.00/100.00
01:02:55 | [ANALYSIS] Examining EUR/USD | Time: 03:00 | Bars: 100
01:02:55 | [ANALYSIS] Examining GBP/USD | Time: 03:00 | Bars: 100
01:02:55 | [ANALYSIS] GBP/USD | Price: 1.34327 | RSI: 41.8 | ADX: 43.3 | ML: UP(75%)
01:02:55 | [STRATEGY] Added synthetic ML BUY signal (conf: 0.75)
01:02:55 | [ANALYSIS] Examining USD/JPY | Time: 03:00 | Bars: 100
01:02:55 | [ANALYSIS] Examining AUD/USD | Time: 03:00 | Bars: 100
01:02:55 | [IDLE] Waiting for next market pulse...
01:03:05 | [36m[STATS][0m --- [CYCLE 779] ---
01:03:05 | [36m[STATS][0m Balance: 97965.06 | Equity: 97959.68 | Active: 3 | Margin: 97817.91 | Util: 0.1%
01:03:05 | [POSITION STATS] Open: 3 | Unrealized: $-5.38 | Daily Loss: $0.00/100.00
01:03:05 | [ANALYSIS] Examining EUR/USD | Time: 03:00 | Bars: 100
01:03:05 | [ANALYSIS] Examining GBP/USD | Time: 03:00 | Bars: 100
01:03:05 | [ANALYSIS] GBP/USD | Price: 1.34331 | RSI: 42.1 | ADX: 43.3 | ML: UP(75%)
01:03:05 | [STRATEGY] Added synthetic ML BUY signal (conf: 0.75)
01:03:05 | [ANALYSIS] Examining USD/JPY | Time: 03:00 | Bars: 100
01:03:05 | [ANALYSIS] Examining AUD/USD | Time: 03:00 | Bars: 100
01:03:05 | [IDLE] Waiting for next market pulse...
01:03:15 | [36m[STATS][0m --- [CYCLE 780] ---
01:03:15 | [36m[STATS][0m Balance: 97965.06 | Equity: 97959.44 | Active: 3 | Margin: 97817.67 | Util: 0.1%
01:03:15 | [POSITION STATS] Open: 3 | Unrealized: $-5.62 | Daily Loss: $0.00/100.00
01:03:15 | [ANALYSIS] Examining EUR/USD | Time: 03:00 | Bars: 100
01:03:15 | [ANALYSIS] Examining GBP/USD | Time: 03:00 | Bars: 100
01:03:15 | [ANALYSIS] GBP/USD | Price: 1.34336 | RSI: 42.5 | ADX: 43.3 | ML: UP(75%)
01:03:15 | [STRATEGY] Added synthetic ML BUY signal (conf: 0.75)
01:03:15 | [ANALYSIS] Examining USD/JPY | Time: 03:00 | Bars: 100
01:03:15 | [ANALYSIS] Examining AUD/USD | Time: 03:00 | Bars: 100
01:03:15 | [SUMMARY] Risk: operational | Positions: 3 | Daily Trades: 1/5 | Exits: 1 (Market: 0, Admin: 1)
01:03:15 | [IDLE] Waiting for next market pulse...
01:03:26 | [36m[STATS][0m --- [CYCLE 781] ---
01:03:26 | [36m[STATS][0m Balance: 97965.06 | Equity: 97958.90 | Active: 3 | Margin: 97817.13 | Util: 0.1%
01:03:26 | [POSITION STATS] Open: 3 | Unrealized: $-6.16 | Daily Loss: $0.00/100.00
01:03:26 | [ANALYSIS] Examining EUR/USD | Time: 03:00 | Bars: 100
01:03:26 | [ANALYSIS] Examining GBP/USD | Time: 03:00 | Bars: 100
01:03:26 | [ANALYSIS] GBP/USD | Price: 1.34331 | RSI: 42.1 | ADX: 43.3 | ML: UP(75%)
01:03:26 | [STRATEGY] Added synthetic ML BUY signal (conf: 0.75)
01:03:26 | [ANALYSIS] Examining USD/JPY | Time: 03:00 | Bars: 100
01:03:26 | [ANALYSIS] Examining AUD/USD | Time: 03:00 | Bars: 100
01:03:26 | [IDLE] Waiting for next market pulse...
01:03:36 | [36m[STATS][0m --- [CYCLE 782] ---
01:03:36 | [36m[STATS][0m Balance: 97965.06 | Equity: 97958.35 | Active: 3 | Margin: 97816.58 | Util: 0.1%
01:03:36 | [POSITION STATS] Open: 3 | Unrealized: $-6.71 | Daily Loss: $0.00/100.00
01:03:36 | [ANALYSIS] Examining EUR/USD | Time: 03:00 | Bars: 100
01:03:36 | [ANALYSIS] Examining GBP/USD | Time: 03:00 | Bars: 100
01:03:36 | [ANALYSIS] GBP/USD | Price: 1.34330 | RSI: 42.1 | ADX: 43.3 | ML: UP(75%)
01:03:36 | [STRATEGY] Added synthetic ML BUY signal (conf: 0.75)
01:03:36 | [ANALYSIS] Examining USD/JPY | Time: 03:00 | Bars: 100
01:03:36 | [ANALYSIS] Examining AUD/USD | Time: 03:00 | Bars: 100
01:03:36 | [IDLE] Waiting for next market pulse...
01:03:46 | [36m[STATS][0m --- [CYCLE 783] ---
01:03:46 | [36m[STATS][0m Balance: 97965.06 | Equity: 97958.33 | Active: 3 | Margin: 97816.56 | Util: 0.1%
01:03:46 | [POSITION STATS] Open: 3 | Unrealized: $-6.73 | Daily Loss: $0.00/100.00
01:03:46 | [ANALYSIS] Examining EUR/USD | Time: 03:00 | Bars: 100
01:03:46 | [ANALYSIS] Examining GBP/USD | Time: 03:00 | Bars: 100
01:03:46 | [ANALYSIS] GBP/USD | Price: 1.34331 | RSI: 42.1 | ADX: 43.3 | ML: UP(75%)
01:03:46 | [STRATEGY] Added synthetic ML BUY signal (conf: 0.75)
01:03:46 | [ANALYSIS] Examining USD/JPY | Time: 03:00 | Bars: 100
01:03:46 | [ANALYSIS] Examining AUD/USD | Time: 03:00 | Bars: 100
01:03:46 | [IDLE] Waiting for next market pulse...
01:03:57 | [36m[STATS][0m --- [CYCLE 784] ---
01:03:57 | [36m[STATS][0m Balance: 97965.06 | Equity: 97958.23 | Active: 3 | Margin: 97816.46 | Util: 0.1%
01:03:57 | [POSITION STATS] Open: 3 | Unrealized: $-6.83 | Daily Loss: $0.00/100.00
01:03:57 | [ANALYSIS] Examining EUR/USD | Time: 03:00 | Bars: 100
01:03:57 | [ANALYSIS] Examining GBP/USD | Time: 03:00 | Bars: 100
01:03:57 | [ANALYSIS] GBP/USD | Price: 1.34331 | RSI: 42.1 | ADX: 43.3 | ML: UP(75%)
01:03:57 | [STRATEGY] Added synthetic ML BUY signal (conf: 0.75)
01:03:57 | [ANALYSIS] Examining USD/JPY | Time: 03:00 | Bars: 100
01:03:57 | [ANALYSIS] Examining AUD/USD | Time: 03:00 | Bars: 100
01:03:57 | [IDLE] Waiting for next market pulse...
01:04:07 | [36m[STATS][0m --- [CYCLE 785] ---
01:04:07 | [36m[STATS][0m Balance: 97965.06 | Equity: 97958.06 | Active: 3 | Margin: 97816.29 | Util: 0.1%
01:04:07 | [POSITION STATS] Open: 3 | Unrealized: $-7.00 | Daily Loss: $0.00/100.00
01:04:07 | [ANALYSIS] Examining EUR/USD | Time: 03:00 | Bars: 100
01:04:07 | [ANALYSIS] Examining GBP/USD | Time: 03:00 | Bars: 100
01:04:07 | [ANALYSIS] GBP/USD | Price: 1.34331 | RSI: 42.1 | ADX: 43.3 | ML: UP(75%)
01:04:07 | [STRATEGY] Added synthetic ML BUY signal (conf: 0.75)
01:04:07 | [ANALYSIS] Examining USD/JPY | Time: 03:00 | Bars: 100
01:04:07 | [ANALYSIS] Examining AUD/USD | Time: 03:00 | Bars: 100
01:04:07 | [SUMMARY] Risk: operational | Positions: 3 | Daily Trades: 1/5 | Exits: 1 (Market: 0, Admin: 1)
01:04:07 | [IDLE] Waiting for next market pulse...
01:04:17 | [36m[STATS][0m --- [CYCLE 786] ---
01:04:17 | [36m[STATS][0m Balance: 97965.06 | Equity: 97958.97 | Active: 3 | Margin: 97817.20 | Util: 0.1%
01:04:17 | [POSITION STATS] Open: 3 | Unrealized: $-6.09 | Daily Loss: $0.00/100.00
01:04:17 | [ANALYSIS] Examining EUR/USD | Time: 03:00 | Bars: 100
01:04:17 | [ANALYSIS] Examining GBP/USD | Time: 03:00 | Bars: 100
01:04:17 | [ANALYSIS] GBP/USD | Price: 1.34335 | RSI: 42.4 | ADX: 43.3 | ML: UP(75%)
01:04:17 | [STRATEGY] Added synthetic ML BUY signal (conf: 0.75)
01:04:17 | [ANALYSIS] Examining USD/JPY | Time: 03:00 | Bars: 100
01:04:17 | [ANALYSIS] Examining AUD/USD | Time: 03:00 | Bars: 100
01:04:17 | [IDLE] Waiting for next market pulse...
01:04:28 | [36m[STATS][0m --- [CYCLE 787] ---
01:04:28 | [36m[STATS][0m Balance: 97965.06 | Equity: 97958.87 | Active: 3 | Margin: 97817.10 | Util: 0.1%
01:04:28 | [POSITION STATS] Open: 3 | Unrealized: $-6.19 | Daily Loss: $0.00/100.00
01:04:28 | [ANALYSIS] Examining EUR/USD | Time: 03:00 | Bars: 100
01:04:28 | [ANALYSIS] Examining GBP/USD | Time: 03:00 | Bars: 100
01:04:28 | [ANALYSIS] GBP/USD | Price: 1.34336 | RSI: 42.5 | ADX: 43.3 | ML: UP(75%)
01:04:28 | [STRATEGY] Added synthetic ML BUY signal (conf: 0.75)
01:04:28 | [ANALYSIS] Examining USD/JPY | Time: 03:00 | Bars: 100
01:04:28 | [ANALYSIS] Examining AUD/USD | Time: 03:00 | Bars: 100
01:04:28 | [IDLE] Waiting for next market pulse...
01:04:38 | [36m[STATS][0m --- [CYCLE 788] ---
01:04:38 | [36m[STATS][0m Balance: 97965.06 | Equity: 97957.79 | Active: 3 | Margin: 97816.02 | Util: 0.1%
01:04:38 | [POSITION STATS] Open: 3 | Unrealized: $-7.27 | Daily Loss: $0.00/100.00
01:04:38 | [ANALYSIS] Examining EUR/USD | Time: 03:00 | Bars: 100
01:04:38 | [ANALYSIS] Examining GBP/USD | Time: 03:00 | Bars: 100
01:04:38 | [ANALYSIS] GBP/USD | Price: 1.34332 | RSI: 42.2 | ADX: 43.3 | ML: UP(75%)
01:04:38 | [STRATEGY] Added synthetic ML BUY signal (conf: 0.75)
01:04:38 | [ANALYSIS] Examining USD/JPY | Time: 03:00 | Bars: 100
01:04:38 | [ANALYSIS] Examining AUD/USD | Time: 03:00 | Bars: 100
01:04:38 | [IDLE] Waiting for next market pulse...
01:04:48 | [36m[STATS][0m --- [CYCLE 789] ---
01:04:48 | [36m[STATS][0m Balance: 97965.06 | Equity: 97957.38 | Active: 3 | Margin: 97815.61 | Util: 0.1%
01:04:48 | [POSITION STATS] Open: 3 | Unrealized: $-7.68 | Daily Loss: $0.00/100.00
01:04:48 | [ANALYSIS] Examining EUR/USD | Time: 03:00 | Bars: 100
01:04:48 | [ANALYSIS] Examining GBP/USD | Time: 03:00 | Bars: 100
01:04:48 | [ANALYSIS] GBP/USD | Price: 1.34325 | RSI: 41.7 | ADX: 43.3 | ML: UP(75%)
01:04:48 | [STRATEGY] Added synthetic ML BUY signal (conf: 0.75)
01:04:48 | [ANALYSIS] Examining USD/JPY | Time: 03:00 | Bars: 100
01:04:48 | [ANALYSIS] Examining AUD/USD | Time: 03:00 | Bars: 100
01:04:48 | [IDLE] Waiting for next market pulse...
01:04:59 | [36m[STATS][0m --- [CYCLE 790] ---
01:04:59 | [36m[STATS][0m Balance: 97965.06 | Equity: 97957.03 | Active: 3 | Margin: 97815.26 | Util: 0.1%
01:04:59 | [POSITION STATS] Open: 3 | Unrealized: $-8.03 | Daily Loss: $0.00/100.00
01:04:59 | [ANALYSIS] Examining EUR/USD | Time: 03:00 | Bars: 100
01:04:59 | [ANALYSIS] Examining GBP/USD | Time: 03:00 | Bars: 100
01:04:59 | [ANALYSIS] GBP/USD | Price: 1.34322 | RSI: 41.5 | ADX: 43.3 | ML: UP(75%)
01:04:59 | [STRATEGY] Added synthetic ML BUY signal (conf: 0.75)
01:04:59 | [ANALYSIS] Examining USD/JPY | Time: 03:00 | Bars: 100
01:04:59 | [ANALYSIS] Examining AUD/USD | Time: 03:00 | Bars: 100
01:04:59 | [SUMMARY] Risk: operational | Positions: 3 | Daily Trades: 1/5 | Exits: 1 (Market: 0, Admin: 1)
01:04:59 | [IDLE] Waiting for next market pulse...
01:05:09 | [36m[STATS][0m --- [CYCLE 791] ---
01:05:09 | [36m[STATS][0m Balance: 97965.06 | Equity: 97956.80 | Active: 3 | Margin: 97815.03 | Util: 0.1%
01:05:09 | [POSITION STATS] Open: 3 | Unrealized: $-8.26 | Daily Loss: $0.00/100.00
01:05:09 | [ANALYSIS] Examining EUR/USD | Time: 03:00 | Bars: 100
01:05:09 | [ANALYSIS] Examining GBP/USD | Time: 03:00 | Bars: 100
01:05:09 | [ANALYSIS] GBP/USD | Price: 1.34319 | RSI: 41.3 | ADX: 43.3 | ML: UP(75%)
01:05:09 | [STRATEGY] Added synthetic ML BUY signal (conf: 0.75)
01:05:09 | [ANALYSIS] Examining USD/JPY | Time: 03:00 | Bars: 100
01:05:09 | [ANALYSIS] Examining AUD/USD | Time: 03:00 | Bars: 100
01:05:09 | [IDLE] Waiting for next market pulse...
01:05:19 | [36m[STATS][0m --- [CYCLE 792] ---
01:05:19 | [36m[STATS][0m Balance: 97965.06 | Equity: 97956.15 | Active: 3 | Margin: 97814.38 | Util: 0.1%
01:05:19 | [POSITION STATS] Open: 3 | Unrealized: $-8.91 | Daily Loss: $0.00/100.00
01:05:19 | [ANALYSIS] Examining EUR/USD | Time: 03:00 | Bars: 100
01:05:19 | [ANALYSIS] Examining GBP/USD | Time: 03:00 | Bars: 100
01:05:19 | [ANALYSIS] GBP/USD | Price: 1.34315 | RSI: 41.1 | ADX: 43.3 | ML: UP(75%)
01:05:19 | [STRATEGY] Added synthetic ML BUY signal (conf: 0.75)
01:05:19 | [ANALYSIS] Examining USD/JPY | Time: 03:00 | Bars: 100
01:05:19 | [ANALYSIS] Examining AUD/USD | Time: 03:00 | Bars: 100
01:05:19 | [IDLE] Waiting for next market pulse...
01:05:30 | [36m[STATS][0m --- [CYCLE 793] ---
01:05:30 | [36m[STATS][0m Balance: 97965.06 | Equity: 97956.33 | Active: 3 | Margin: 97814.56 | Util: 0.1%
01:05:30 | [POSITION STATS] Open: 3 | Unrealized: $-8.73 | Daily Loss: $0.00/100.00
01:05:30 | [ANALYSIS] Examining EUR/USD | Time: 03:00 | Bars: 100
01:05:30 | [ANALYSIS] Examining GBP/USD | Time: 03:00 | Bars: 100
01:05:30 | [ANALYSIS] GBP/USD | Price: 1.34314 | RSI: 41.0 | ADX: 43.4 | ML: UP(75%)
01:05:30 | [STRATEGY] Added synthetic ML BUY signal (conf: 0.75)
01:05:30 | [ANALYSIS] Examining USD/JPY | Time: 03:00 | Bars: 100
01:05:30 | [ANALYSIS] Examining AUD/USD | Time: 03:00 | Bars: 100
01:05:30 | [IDLE] Waiting for next market pulse...
01:05:40 | [36m[STATS][0m --- [CYCLE 794] ---
01:05:40 | [36m[STATS][0m Balance: 97965.06 | Equity: 97956.41 | Active: 3 | Margin: 97814.64 | Util: 0.1%
01:05:40 | [POSITION STATS] Open: 3 | Unrealized: $-8.65 | Daily Loss: $0.00/100.00
01:05:40 | [ANALYSIS] Examining EUR/USD | Time: 03:00 | Bars: 100
01:05:40 | [ANALYSIS] Examining GBP/USD | Time: 03:00 | Bars: 100
01:05:40 | [ANALYSIS] GBP/USD | Price: 1.34319 | RSI: 41.3 | ADX: 43.4 | ML: UP(75%)
01:05:40 | [STRATEGY] Added synthetic ML BUY signal (conf: 0.75)
01:05:40 | [ANALYSIS] Examining USD/JPY | Time: 03:00 | Bars: 100
01:05:40 | [ANALYSIS] Examining AUD/USD | Time: 03:00 | Bars: 100
01:05:40 | [IDLE] Waiting for next market pulse...
01:05:50 | [36m[STATS][0m --- [CYCLE 795] ---
01:05:50 | [36m[STATS][0m Balance: 97965.06 | Equity: 97957.00 | Active: 3 | Margin: 97815.23 | Util: 0.1%
01:05:50 | [POSITION STATS] Open: 3 | Unrealized: $-8.06 | Daily Loss: $0.00/100.00
01:05:50 | [ANALYSIS] Examining EUR/USD | Time: 03:00 | Bars: 100
01:05:50 | [ANALYSIS] Examining GBP/USD | Time: 03:00 | Bars: 100
01:05:50 | [ANALYSIS] GBP/USD | Price: 1.34322 | RSI: 41.5 | ADX: 43.4 | ML: UP(75%)
01:05:50 | [STRATEGY] Added synthetic ML BUY signal (conf: 0.75)
01:05:50 | [ANALYSIS] Examining USD/JPY | Time: 03:00 | Bars: 100
01:05:50 | [ANALYSIS] Examining AUD/USD | Time: 03:00 | Bars: 100
01:05:50 | [SUMMARY] Risk: operational | Positions: 3 | Daily Trades: 1/5 | Exits: 1 (Market: 0, Admin: 1)
01:05:50 | [IDLE] Waiting for next market pulse...
01:06:01 | [36m[STATS][0m --- [CYCLE 796] ---
01:06:01 | [36m[STATS][0m Balance: 97965.06 | Equity: 97957.15 | Active: 3 | Margin: 97815.38 | Util: 0.1%
01:06:01 | [POSITION STATS] Open: 3 | Unrealized: $-7.91 | Daily Loss: $0.00/100.00
01:06:01 | [ANALYSIS] Examining EUR/USD | Time: 03:00 | Bars: 100
01:06:01 | [ANALYSIS] Examining GBP/USD | Time: 03:00 | Bars: 100
01:06:01 | [ANALYSIS] GBP/USD | Price: 1.34318 | RSI: 41.2 | ADX: 43.4 | ML: UP(75%)
01:06:01 | [STRATEGY] Added synthetic ML BUY signal (conf: 0.75)
01:06:01 | [ANALYSIS] Examining USD/JPY | Time: 03:00 | Bars: 100
01:06:01 | [ANALYSIS] Examining AUD/USD | Time: 03:00 | Bars: 100
01:06:01 | [IDLE] Waiting for next market pulse...
01:06:11 | [36m[STATS][0m --- [CYCLE 797] ---
01:06:11 | [36m[STATS][0m Balance: 97965.06 | Equity: 97956.73 | Active: 3 | Margin: 97814.96 | Util: 0.1%
01:06:11 | [POSITION STATS] Open: 3 | Unrealized: $-8.33 | Daily Loss: $0.00/100.00
01:06:11 | [ANALYSIS] Examining EUR/USD | Time: 03:00 | Bars: 100
01:06:11 | [ANALYSIS] Examining GBP/USD | Time: 03:00 | Bars: 100
01:06:11 | [ANALYSIS] GBP/USD | Price: 1.34317 | RSI: 41.2 | ADX: 43.4 | ML: UP(75%)
01:06:11 | [STRATEGY] Added synthetic ML BUY signal (conf: 0.75)
01:06:11 | [ANALYSIS] Examining USD/JPY | Time: 03:00 | Bars: 100
01:06:11 | [ANALYSIS] Examining AUD/USD | Time: 03:00 | Bars: 100
01:06:11 | [IDLE] Waiting for next market pulse...
01:06:21 | [36m[STATS][0m --- [CYCLE 798] ---
01:06:21 | [36m[STATS][0m Balance: 97965.06 | Equity: 97955.70 | Active: 3 | Margin: 97813.93 | Util: 0.1%
01:06:21 | [POSITION STATS] Open: 3 | Unrealized: $-9.36 | Daily Loss: $0.00/100.00
01:06:21 | [ANALYSIS] Examining EUR/USD | Time: 03:00 | Bars: 100
01:06:21 | [ANALYSIS] Examining GBP/USD | Time: 03:00 | Bars: 100
01:06:21 | [ANALYSIS] GBP/USD | Price: 1.34317 | RSI: 41.2 | ADX: 43.4 | ML: UP(75%)
01:06:21 | [STRATEGY] Added synthetic ML BUY signal (conf: 0.75)
01:06:21 | [ANALYSIS] Examining USD/JPY | Time: 03:00 | Bars: 100
01:06:21 | [ANALYSIS] Examining AUD/USD | Time: 03:00 | Bars: 100
01:06:21 | [IDLE] Waiting for next market pulse...
01:06:32 | [36m[STATS][0m --- [CYCLE 799] ---
01:06:32 | [36m[STATS][0m Balance: 97965.06 | Equity: 97956.07 | Active: 3 | Margin: 97814.30 | Util: 0.1%
01:06:32 | [POSITION STATS] Open: 3 | Unrealized: $-8.99 | Daily Loss: $0.00/100.00
01:06:32 | [ANALYSIS] Examining EUR/USD | Time: 03:00 | Bars: 100
01:06:32 | [ANALYSIS] Examining GBP/USD | Time: 03:00 | Bars: 100
01:06:32 | [ANALYSIS] GBP/USD | Price: 1.34316 | RSI: 41.1 | ADX: 43.4 | ML: UP(75%)
01:06:32 | [STRATEGY] Added synthetic ML BUY signal (conf: 0.75)
01:06:32 | [ANALYSIS] Examining USD/JPY | Time: 03:00 | Bars: 100
01:06:32 | [ANALYSIS] Examining AUD/USD | Time: 03:00 | Bars: 100
01:06:32 | [IDLE] Waiting for next market pulse...
01:06:42 | [36m[STATS][0m --- [CYCLE 800] ---
01:06:42 | [36m[STATS][0m Balance: 97965.06 | Equity: 97956.12 | Active: 3 | Margin: 97814.35 | Util: 0.1%
01:06:42 | [POSITION STATS] Open: 3 | Unrealized: $-8.94 | Daily Loss: $0.00/100.00
01:06:42 | [ANALYSIS] Examining EUR/USD | Time: 03:00 | Bars: 100
01:06:42 | [ANALYSIS] Examining GBP/USD | Time: 03:00 | Bars: 100
01:06:42 | [ANALYSIS] GBP/USD | Price: 1.34313 | RSI: 41.0 | ADX: 43.4 | ML: UP(75%)
01:06:42 | [STRATEGY] Added synthetic ML BUY signal (conf: 0.75)
01:06:42 | [ANALYSIS] Examining USD/JPY | Time: 03:00 | Bars: 100
01:06:42 | [ANALYSIS] Examining AUD/USD | Time: 03:00 | Bars: 100
01:06:42 | [SUMMARY] Risk: operational | Positions: 3 | Daily Trades: 1/5 | Exits: 1 (Market: 0, Admin: 1)
01:06:42 | [IDLE] Waiting for next market pulse...
01:06:52 | [36m[STATS][0m --- [CYCLE 801] ---
01:06:52 | [36m[STATS][0m Balance: 97965.06 | Equity: 97956.00 | Active: 3 | Margin: 97814.23 | Util: 0.1%
01:06:52 | [POSITION STATS] Open: 3 | Unrealized: $-9.06 | Daily Loss: $0.00/100.00
01:06:52 | [ANALYSIS] Examining EUR/USD | Time: 03:00 | Bars: 100
01:06:52 | [ANALYSIS] Examining GBP/USD | Time: 03:00 | Bars: 100
01:06:52 | [ANALYSIS] GBP/USD | Price: 1.34313 | RSI: 41.0 | ADX: 43.4 | ML: UP(75%)
01:06:52 | [STRATEGY] Added synthetic ML BUY signal (conf: 0.75)
01:06:52 | [ANALYSIS] Examining USD/JPY | Time: 03:00 | Bars: 100
01:06:52 | [ANALYSIS] Examining AUD/USD | Time: 03:00 | Bars: 100
01:06:52 | [IDLE] Waiting for next market pulse...
01:07:03 | [36m[STATS][0m --- [CYCLE 802] ---
01:07:03 | [36m[STATS][0m Balance: 97965.06 | Equity: 97956.25 | Active: 3 | Margin: 97814.48 | Util: 0.1%
01:07:03 | [POSITION STATS] Open: 3 | Unrealized: $-8.81 | Daily Loss: $0.00/100.00
01:07:03 | [ANALYSIS] Examining EUR/USD | Time: 03:00 | Bars: 100
01:07:03 | [ANALYSIS] Examining GBP/USD | Time: 03:00 | Bars: 100
01:07:03 | [ANALYSIS] GBP/USD | Price: 1.34313 | RSI: 41.0 | ADX: 43.4 | ML: UP(75%)
01:07:03 | [STRATEGY] Added synthetic ML BUY signal (conf: 0.75)
01:07:03 | [ANALYSIS] Examining USD/JPY | Time: 03:00 | Bars: 100
01:07:03 | [ANALYSIS] Examining AUD/USD | Time: 03:00 | Bars: 100
01:07:03 | [IDLE] Waiting for next market pulse...
01:07:13 | [36m[STATS][0m --- [CYCLE 803] ---
01:07:13 | [36m[STATS][0m Balance: 97965.06 | Equity: 97956.06 | Active: 3 | Margin: 97814.29 | Util: 0.1%
01:07:13 | [POSITION STATS] Open: 3 | Unrealized: $-9.00 | Daily Loss: $0.00/100.00
01:07:13 | [ANALYSIS] Examining EUR/USD | Time: 03:00 | Bars: 100
01:07:13 | [ANALYSIS] Examining GBP/USD | Time: 03:00 | Bars: 100
01:07:13 | [ANALYSIS] GBP/USD | Price: 1.34315 | RSI: 41.1 | ADX: 43.4 | ML: UP(75%)
01:07:13 | [STRATEGY] Added synthetic ML BUY signal (conf: 0.75)
01:07:13 | [ANALYSIS] Examining USD/JPY | Time: 03:00 | Bars: 100
01:07:13 | [ANALYSIS] Examining AUD/USD | Time: 03:00 | Bars: 100
01:07:13 | [IDLE] Waiting for next market pulse...
01:07:23 | [36m[STATS][0m --- [CYCLE 804] ---
01:07:23 | [36m[STATS][0m Balance: 97965.06 | Equity: 97955.80 | Active: 3 | Margin: 97814.03 | Util: 0.1%
01:07:23 | [POSITION STATS] Open: 3 | Unrealized: $-9.26 | Daily Loss: $0.00/100.00
01:07:23 | [ANALYSIS] Examining EUR/USD | Time: 03:00 | Bars: 100
01:07:23 | [ANALYSIS] Examining GBP/USD | Time: 03:00 | Bars: 100
01:07:23 | [ANALYSIS] GBP/USD | Price: 1.34314 | RSI: 41.0 | ADX: 43.4 | ML: UP(75%)
01:07:23 | [STRATEGY] Added synthetic ML BUY signal (conf: 0.75)
01:07:23 | [ANALYSIS] Examining USD/JPY | Time: 03:00 | Bars: 100
01:07:23 | [ANALYSIS] Examining AUD/USD | Time: 03:00 | Bars: 100
01:07:23 | [IDLE] Waiting for next market pulse...
01:07:34 | [36m[STATS][0m --- [CYCLE 805] ---
01:07:34 | [36m[STATS][0m Balance: 97965.06 | Equity: 97956.15 | Active: 3 | Margin: 97814.38 | Util: 0.1%
01:07:34 | [POSITION STATS] Open: 3 | Unrealized: $-8.91 | Daily Loss: $0.00/100.00
01:07:34 | [ANALYSIS] Examining EUR/USD | Time: 03:00 | Bars: 100
01:07:34 | [ANALYSIS] Examining GBP/USD | Time: 03:00 | Bars: 100
01:07:34 | [ANALYSIS] GBP/USD | Price: 1.34315 | RSI: 41.1 | ADX: 43.4 | ML: UP(75%)
01:07:34 | [STRATEGY] Added synthetic ML BUY signal (conf: 0.75)
01:07:34 | [ANALYSIS] Examining USD/JPY | Time: 03:00 | Bars: 100
01:07:34 | [ANALYSIS] Examining AUD/USD | Time: 03:00 | Bars: 100
01:07:34 | [SUMMARY] Risk: operational | Positions: 3 | Daily Trades: 1/5 | Exits: 1 (Market: 0, Admin: 1)
01:07:34 | [IDLE] Waiting for next market pulse...
01:07:44 | [36m[STATS][0m --- [CYCLE 806] ---
01:07:44 | [36m[STATS][0m Balance: 97965.06 | Equity: 97955.71 | Active: 3 | Margin: 97813.94 | Util: 0.1%
01:07:44 | [POSITION STATS] Open: 3 | Unrealized: $-9.35 | Daily Loss: $0.00/100.00
01:07:44 | [ANALYSIS] Examining EUR/USD | Time: 03:00 | Bars: 100
01:07:44 | [ANALYSIS] Examining GBP/USD | Time: 03:00 | Bars: 100
01:07:44 | [ANALYSIS] GBP/USD | Price: 1.34315 | RSI: 41.1 | ADX: 43.4 | ML: UP(75%)
01:07:44 | [STRATEGY] Added synthetic ML BUY signal (conf: 0.75)
01:07:44 | [ANALYSIS] Examining USD/JPY | Time: 03:00 | Bars: 100
01:07:44 | [ANALYSIS] Examining AUD/USD | Time: 03:00 | Bars: 100
01:07:44 | [IDLE] Waiting for next market pulse...
01:07:54 | [36m[STATS][0m --- [CYCLE 807] ---
01:07:54 | [36m[STATS][0m Balance: 97965.06 | Equity: 97954.93 | Active: 3 | Margin: 97813.16 | Util: 0.1%
01:07:54 | [POSITION STATS] Open: 3 | Unrealized: $-10.13 | Daily Loss: $0.00/100.00
01:07:54 | [ANALYSIS] Examining EUR/USD | Time: 03:00 | Bars: 100
01:07:54 | [ANALYSIS] Examining GBP/USD | Time: 03:00 | Bars: 100
01:07:54 | [ANALYSIS] GBP/USD | Price: 1.34312 | RSI: 40.9 | ADX: 43.4 | ML: UP(75%)
01:07:54 | [STRATEGY] Added synthetic ML BUY signal (conf: 0.75)
01:07:54 | [ANALYSIS] Examining USD/JPY | Time: 03:00 | Bars: 100
01:07:54 | [ANALYSIS] Examining AUD/USD | Time: 03:00 | Bars: 100
01:07:54 | [IDLE] Waiting for next market pulse...
01:08:05 | [36m[STATS][0m --- [CYCLE 808] ---
01:08:05 | [36m[STATS][0m Balance: 97965.06 | Equity: 97954.64 | Active: 3 | Margin: 97812.87 | Util: 0.1%
01:08:05 | [POSITION STATS] Open: 3 | Unrealized: $-10.42 | Daily Loss: $0.00/100.00
01:08:05 | [ANALYSIS] Examining EUR/USD | Time: 03:00 | Bars: 100
01:08:05 | [ANALYSIS] Examining GBP/USD | Time: 03:00 | Bars: 100
01:08:05 | [ANALYSIS] GBP/USD | Price: 1.34306 | RSI: 40.6 | ADX: 43.4 | ML: UP(75%)
01:08:05 | [STRATEGY] Added synthetic ML BUY signal (conf: 0.75)
01:08:05 | [ANALYSIS] Examining USD/JPY | Time: 03:00 | Bars: 100
01:08:05 | [ANALYSIS] Examining AUD/USD | Time: 03:00 | Bars: 100
01:08:05 | [IDLE] Waiting for next market pulse...
01:08:15 | [36m[STATS][0m --- [CYCLE 809] ---
01:08:15 | [36m[STATS][0m Balance: 97965.06 | Equity: 97954.07 | Active: 3 | Margin: 97812.30 | Util: 0.1%
01:08:15 | [POSITION STATS] Open: 3 | Unrealized: $-10.99 | Daily Loss: $0.00/100.00
01:08:15 | [ANALYSIS] Examining EUR/USD | Time: 03:00 | Bars: 100
01:08:15 | [ANALYSIS] Examining GBP/USD | Time: 03:00 | Bars: 100
01:08:15 | [ANALYSIS] GBP/USD | Price: 1.34309 | RSI: 40.7 | ADX: 43.4 | ML: UP(75%)
01:08:15 | [STRATEGY] Added synthetic ML BUY signal (conf: 0.75)
01:08:15 | [ANALYSIS] Examining USD/JPY | Time: 03:00 | Bars: 100
01:08:15 | [ANALYSIS] Examining AUD/USD | Time: 03:00 | Bars: 100
01:08:15 | [IDLE] Waiting for next market pulse...
01:08:25 | [36m[STATS][0m --- [CYCLE 810] ---
01:08:25 | [36m[STATS][0m Balance: 97965.06 | Equity: 97954.49 | Active: 3 | Margin: 97812.72 | Util: 0.1%
01:08:25 | [POSITION STATS] Open: 3 | Unrealized: $-10.57 | Daily Loss: $0.00/100.00
01:08:25 | [ANALYSIS] Examining EUR/USD | Time: 03:00 | Bars: 100
01:08:25 | [ANALYSIS] Examining GBP/USD | Time: 03:00 | Bars: 100
01:08:25 | [ANALYSIS] GBP/USD | Price: 1.34303 | RSI: 40.4 | ADX: 43.4 | ML: UP(75%)
01:08:25 | [STRATEGY] Added synthetic ML BUY signal (conf: 0.75)
01:08:25 | [ANALYSIS] Examining USD/JPY | Time: 03:00 | Bars: 100
01:08:25 | [ANALYSIS] Examining AUD/USD | Time: 03:00 | Bars: 100
01:08:25 | [SUMMARY] Risk: operational | Positions: 3 | Daily Trades: 1/5 | Exits: 1 (Market: 0, Admin: 1)
01:08:25 | [IDLE] Waiting for next market pulse...
01:08:30 | Bot stopping...
01:08:30 | Disconnected from MT5
01:08:30 | Health check system stopped
