timestamp,symbol,direction,entry_price,exit_price,quantity,pnl,exit_reason,position_id
2026-01-06T08:51:11.374960+00:00,USDJPY,Direction.LONG,156.313,156.365,0.01,0.0005200000000002092,PARTIAL_PROFIT,54563807882
2026-01-06T08:51:11.556470+00:00,USDJPY,Direction.LONG,156.313,156.365,0.01,0.0005200000000002092,PARTIAL_PROFIT,54563807912
2026-01-06T08:51:11.736018+00:00,USDJPY,Direction.LONG,156.313,156.365,0.01,0.0005200000000002092,PARTIAL_PROFIT,54563807966
2026-01-06T08:51:11.911285+00:00,USDJPY,Direction.LONG,156.314,156.365,0.01,0.0005100000000001615,PARTIAL_PROFIT,54563808190
2026-01-06T08:51:12.094097+00:00,USDJPY,Direction.LONG,156.314,156.365,0.01,0.0005100000000001615,PARTIAL_PROFIT,54563808253
2026-01-06T08:51:12.270849+00:00,USDJPY,Direction.LONG,156.314,156.365,0.01,0.0005100000000001615,PARTIAL_PROFIT,54563808368
2026-01-06T08:51:12.452539+00:00,USDJPY,Direction.LONG,156.314,156.365,0.01,0.0005100000000001615,PARTIAL_PROFIT,54563808439
2026-01-06T08:51:12.627980+00:00,USDJPY,Direction.LONG,156.314,156.365,0.01,0.0005100000000001615,PARTIAL_PROFIT,54563808500
2026-01-06T08:51:12.799210+00:00,USDJPY,Direction.LONG,156.314,156.365,0.01,0.0005100000000001615,PARTIAL_PROFIT,54563808545
2026-01-06T08:51:12.976097+00:00,USDJPY,Direction.LONG,156.313,156.365,0.01,0.0005200000000002092,PARTIAL_PROFIT,54563808675
2026-01-06T08:51:13.151106+00:00,USDJPY,Direction.LONG,156.313,156.365,0.01,0.0005200000000002092,PARTIAL_PROFIT,54563808759
2026-01-06T09:08:15.101271+00:00,USDJPY,Direction.SHORT,156.329,156.271,0.01,0.0005800000000002114,PARTIAL_PROFIT,54563823879
2026-01-06T09:08:15.279261+00:00,USDJPY,Direction.SHORT,156.329,156.271,0.01,0.0005800000000002114,PARTIAL_PROFIT,54563823933
2026-01-06T09:08:15.455878+00:00,USDJPY,Direction.SHORT,156.329,156.271,0.01,0.0005800000000002114,PARTIAL_PROFIT,54563823961
2026-01-06T09:08:15.627832+00:00,USDJPY,Direction.SHORT,156.329,156.271,0.01,0.0005800000000002114,PARTIAL_PROFIT,54563823981
2026-01-06T09:08:42.119828+00:00,USDJPY,Direction.SHORT,156.329,156.267,0.01,0.0006200000000001183,PARTIAL_PROFIT,54563823879
2026-01-06T09:08:42.462881+00:00,USDJPY,Direction.SHORT,156.329,156.267,0.01,0.0006200000000001183,PARTIAL_PROFIT,54563823933
2026-01-06T09:08:42.808523+00:00,USDJPY,Direction.SHORT,156.329,156.267,0.01,0.0006200000000001183,PARTIAL_PROFIT,54563823961
2026-01-06T09:09:16.713875+00:00,USDJPY,Direction.SHORT,156.364,156.283,0.01,0.0008100000000001728,PARTIAL_PROFIT,54563831579
2026-01-06T09:11:46.549795+00:00,USDJPY,Direction.SHORT,156.368,156.263,0.01,0.0010499999999998978,PARTIAL_PROFIT,54563831851
2026-01-06T09:11:47.070301+00:00,USDJPY,Direction.SHORT,156.369,156.263,0.01,0.0010599999999999455,PARTIAL_PROFIT,54563831897
2026-01-06T09:11:47.614200+00:00,USDJPY,Direction.SHORT,156.369,156.263,0.01,0.0010599999999999455,PARTIAL_PROFIT,54563831921
2026-01-06T09:11:48.130928+00:00,USDJPY,Direction.SHORT,156.369,156.263,0.01,0.0010599999999999455,PARTIAL_PROFIT,54563831968
2026-01-06T09:11:48.651649+00:00,USDJPY,Direction.SHORT,156.369,156.263,0.01,0.0010599999999999455,PARTIAL_PROFIT,54563832005
2026-01-06T09:11:49.336799+00:00,USDJPY,Direction.SHORT,156.369,156.263,0.01,0.0010599999999999455,PARTIAL_PROFIT,54563832045
2026-01-06T09:11:49.859036+00:00,USDJPY,Direction.SHORT,156.342,156.263,0.01,0.0007900000000000773,PARTIAL_PROFIT,54563838885
2026-01-06T09:11:50.381616+00:00,USDJPY,Direction.SHORT,156.342,156.263,0.01,0.0007900000000000773,PARTIAL_PROFIT,54563838912
2026-01-06T09:11:50.905074+00:00,USDJPY,Direction.SHORT,156.344,156.259,0.01,0.0008500000000000796,PARTIAL_PROFIT,54563838930
2026-01-06T09:11:51.255398+00:00,USDJPY,Direction.SHORT,156.344,156.263,0.01,0.0008099999999998886,PARTIAL_PROFIT,54563838930
2026-01-06T09:11:51.648192+00:00,USDJPY,Direction.SHORT,156.344,156.259,0.01,0.0008500000000000796,PARTIAL_PROFIT,54563838957
2026-01-06T09:11:51.992555+00:00,USDJPY,Direction.SHORT,156.344,156.263,0.01,0.0008099999999998886,PARTIAL_PROFIT,54563838957
2026-01-06T09:11:52.352780+00:00,USDJPY,Direction.SHORT,156.344,156.259,0.01,0.0008500000000000796,PARTIAL_PROFIT,54563839034
2026-01-06T09:11:52.695864+00:00,USDJPY,Direction.SHORT,156.344,156.263,0.01,0.0008099999999998886,PARTIAL_PROFIT,54563839034
2026-01-06T09:11:53.217109+00:00,USDJPY,Direction.SHORT,156.345,156.259,0.01,0.0008600000000001274,PARTIAL_PROFIT,54563839074
2026-01-06T09:11:53.564003+00:00,USDJPY,Direction.SHORT,156.345,156.263,0.01,0.0008199999999999363,PARTIAL_PROFIT,54563839074
2026-01-06T09:11:54.263258+00:00,USDJPY,Direction.SHORT,156.345,156.263,0.01,0.0008199999999999363,PARTIAL_PROFIT,54563839092
2026-01-06T09:11:54.429342+00:00,USDJPY,Direction.SHORT,156.345,156.259,0.01,0.0008600000000001274,PARTIAL_PROFIT,54563839092
2026-01-06T09:11:54.944884+00:00,USDJPY,Direction.SHORT,156.345,156.263,0.01,0.0008199999999999363,PARTIAL_PROFIT,54563839107
2026-01-06T09:11:55.115314+00:00,USDJPY,Direction.SHORT,156.345,156.259,0.01,0.0008600000000001274,PARTIAL_PROFIT,54563839107
2026-01-06T09:11:55.638527+00:00,USDJPY,Direction.SHORT,156.345,156.259,0.01,0.0008600000000001274,PARTIAL_PROFIT,54563839124
2026-01-06T09:11:55.809147+00:00,USDJPY,Direction.SHORT,156.345,156.263,0.01,0.0008199999999999363,PARTIAL_PROFIT,54563839124
2026-01-06T09:11:56.328046+00:00,USDJPY,Direction.SHORT,156.345,156.259,0.01,0.0008600000000001274,PARTIAL_PROFIT,54563839169
2026-01-06T09:11:56.667145+00:00,USDJPY,Direction.SHORT,156.345,156.263,0.01,0.0008199999999999363,PARTIAL_PROFIT,54563839169
2026-01-06T09:11:57.020318+00:00,USDJPY,Direction.SHORT,156.345,156.259,0.01,0.0008600000000001274,PARTIAL_PROFIT,54563839189
2026-01-06T09:11:57.542734+00:00,USDJPY,Direction.SHORT,156.345,156.263,0.01,0.0008199999999999363,PARTIAL_PROFIT,54563839189
2026-01-06T09:11:57.711158+00:00,USDJPY,Direction.SHORT,156.345,156.259,0.01,0.0008600000000001274,PARTIAL_PROFIT,54563839206
2026-01-06T09:11:58.398874+00:00,USDJPY,Direction.SHORT,156.345,156.263,0.01,0.0008199999999999363,PARTIAL_PROFIT,54563839206
2026-01-06T09:11:58.570391+00:00,USDJPY,Direction.SHORT,156.345,156.259,0.01,0.0008600000000001274,PARTIAL_PROFIT,54563839227
2026-01-06T09:11:59.082141+00:00,USDJPY,Direction.SHORT,156.345,156.263,0.01,0.0008199999999999363,PARTIAL_PROFIT,54563839227
2026-01-06T09:11:59.261542+00:00,USDJPY,Direction.SHORT,156.345,156.259,0.01,0.0008600000000001274,PARTIAL_PROFIT,54563839248
2026-01-06T09:11:59.615849+00:00,USDJPY,Direction.SHORT,156.345,156.263,0.01,0.0008199999999999363,PARTIAL_PROFIT,54563839248
2026-01-06T09:12:00.130204+00:00,USDJPY,Direction.SHORT,156.345,156.259,0.01,0.0008600000000001274,PARTIAL_PROFIT,54563839270
2026-01-06T09:12:00.312132+00:00,USDJPY,Direction.SHORT,156.345,156.263,0.01,0.0008199999999999363,PARTIAL_PROFIT,54563839270
2026-01-06T09:12:00.651031+00:00,USDJPY,Direction.SHORT,156.345,156.259,0.01,0.0008600000000001274,PARTIAL_PROFIT,54563839312
2026-01-06T09:12:01.162869+00:00,USDJPY,Direction.SHORT,156.345,156.263,0.01,0.0008199999999999363,PARTIAL_PROFIT,54563839312
2026-01-06T09:12:01.331705+00:00,USDJPY,Direction.SHORT,156.345,156.259,0.01,0.0008600000000001274,PARTIAL_PROFIT,54563839347
2026-01-06T09:12:01.679370+00:00,USDJPY,Direction.SHORT,156.345,156.263,0.01,0.0008199999999999363,PARTIAL_PROFIT,54563839347
2026-01-06T09:12:02.016876+00:00,USDJPY,Direction.SHORT,156.345,156.259,0.01,0.0008600000000001274,PARTIAL_PROFIT,54563839371
2026-01-06T09:12:02.365588+00:00,USDJPY,Direction.SHORT,156.345,156.263,0.01,0.0008199999999999363,PARTIAL_PROFIT,54563839371
2026-01-06T09:12:02.717071+00:00,USDJPY,Direction.SHORT,156.345,156.259,0.01,0.0008600000000001274,PARTIAL_PROFIT,54563839397
2026-01-06T09:12:03.243600+00:00,USDJPY,Direction.SHORT,156.345,156.263,0.01,0.0008199999999999363,PARTIAL_PROFIT,54563839397
2026-01-06T09:12:03.414163+00:00,USDJPY,Direction.SHORT,156.345,156.259,0.01,0.0008600000000001274,PARTIAL_PROFIT,54563839415
2026-01-06T09:12:03.772401+00:00,USDJPY,Direction.SHORT,156.345,156.263,0.01,0.0008199999999999363,PARTIAL_PROFIT,54563839415
2026-01-06T09:12:04.286104+00:00,USDJPY,Direction.SHORT,156.345,156.259,0.01,0.0008600000000001274,PARTIAL_PROFIT,54563839437
2026-01-06T09:12:04.454090+00:00,USDJPY,Direction.SHORT,156.345,156.263,0.01,0.0008199999999999363,PARTIAL_PROFIT,54563839437
2026-01-06T09:12:04.802488+00:00,USDJPY,Direction.SHORT,156.345,156.259,0.01,0.0008600000000001274,PARTIAL_PROFIT,54563839449
2026-01-06T09:12:05.334531+00:00,USDJPY,Direction.SHORT,156.345,156.263,0.01,0.0008199999999999363,PARTIAL_PROFIT,54563839449
2026-01-06T09:12:05.849213+00:00,USDJPY,Direction.SHORT,156.345,156.259,0.01,0.0008600000000001274,PARTIAL_PROFIT,54563839477
2026-01-06T09:12:06.193975+00:00,USDJPY,Direction.SHORT,156.345,156.263,0.01,0.0008199999999999363,PARTIAL_PROFIT,54563839477
2026-01-06T09:12:06.718716+00:00,USDJPY,Direction.SHORT,156.345,156.263,0.01,0.0008199999999999363,PARTIAL_PROFIT,54563839499
2026-01-06T09:12:06.891262+00:00,USDJPY,Direction.SHORT,156.345,156.259,0.01,0.0008600000000001274,PARTIAL_PROFIT,54563839499
2026-01-06T09:12:07.428953+00:00,USDJPY,Direction.SHORT,156.345,156.259,0.01,0.0008600000000001274,PARTIAL_PROFIT,54563839519
2026-01-06T09:12:07.607122+00:00,USDJPY,Direction.SHORT,156.345,156.263,0.01,0.0008199999999999363,PARTIAL_PROFIT,54563839519
2026-01-06T09:12:08.132871+00:00,USDJPY,Direction.SHORT,156.345,156.259,0.01,0.0008600000000001274,PARTIAL_PROFIT,54563839556
2026-01-06T09:12:08.476927+00:00,USDJPY,Direction.SHORT,156.345,156.263,0.01,0.0008199999999999363,PARTIAL_PROFIT,54563839556
2026-01-06T09:12:08.986902+00:00,USDJPY,Direction.SHORT,156.345,156.259,0.01,0.0008600000000001274,PARTIAL_PROFIT,54563839583
2026-01-06T09:12:09.154275+00:00,USDJPY,Direction.SHORT,156.345,156.263,0.01,0.0008199999999999363,PARTIAL_PROFIT,54563839583
2026-01-06T09:12:09.661211+00:00,USDJPY,Direction.SHORT,156.345,156.259,0.01,0.0008600000000001274,PARTIAL_PROFIT,54563839790
2026-01-06T09:12:10.000359+00:00,USDJPY,Direction.SHORT,156.345,156.263,0.01,0.0008199999999999363,PARTIAL_PROFIT,54563839790
2026-01-06T09:12:10.511305+00:00,USDJPY,Direction.SHORT,156.348,156.263,0.01,0.0008500000000000796,PARTIAL_PROFIT,54563839832
2026-01-06T09:12:10.680699+00:00,USDJPY,Direction.SHORT,156.348,156.259,0.01,0.0008900000000002706,PARTIAL_PROFIT,54563839832
2026-01-06T09:12:11.191024+00:00,USDJPY,Direction.SHORT,156.348,156.263,0.01,0.0008500000000000796,PARTIAL_PROFIT,54563839917
2026-01-06T09:12:11.723639+00:00,USDJPY,Direction.SHORT,156.348,156.259,0.01,0.0008900000000002706,PARTIAL_PROFIT,54563839917
2026-01-06T09:12:12.067165+00:00,USDJPY,Direction.SHORT,156.348,156.263,0.01,0.0008500000000000796,PARTIAL_PROFIT,54563839946
2026-01-06T09:12:12.594265+00:00,USDJPY,Direction.SHORT,156.348,156.259,0.01,0.0008900000000002706,PARTIAL_PROFIT,54563839946
2026-01-06T09:12:12.755800+00:00,USDJPY,Direction.SHORT,156.346,156.263,0.01,0.0008299999999999841,PARTIAL_PROFIT,54563839986
2026-01-06T09:12:13.288930+00:00,USDJPY,Direction.SHORT,156.344,156.26,0.01,0.0008400000000000318,PARTIAL_PROFIT,54563851671
2026-01-06T09:12:13.626803+00:00,USDJPY,Direction.SHORT,156.346,156.259,0.01,0.0008700000000001751,PARTIAL_PROFIT,54563839986
2026-01-06T09:12:13.800048+00:00,USDJPY,Direction.SHORT,156.346,156.263,0.01,0.0008299999999999841,PARTIAL_PROFIT,54563840008
2026-01-06T09:12:14.331653+00:00,USDJPY,Direction.SHORT,156.343,156.26,0.01,0.0008299999999999841,PARTIAL_PROFIT,54563851698
2026-01-06T09:12:14.501621+00:00,USDJPY,Direction.SHORT,156.346,156.263,0.01,0.0008299999999999841,PARTIAL_PROFIT,54563840026
2026-01-06T09:12:14.671560+00:00,USDJPY,Direction.SHORT,156.346,156.259,0.01,0.0008700000000001751,PARTIAL_PROFIT,54563840008
2026-01-06T09:12:15.184317+00:00,USDJPY,Direction.SHORT,156.346,156.263,0.01,0.0008299999999999841,PARTIAL_PROFIT,54563840037
2026-01-06T09:12:15.353720+00:00,USDJPY,Direction.SHORT,156.343,156.26,0.01,0.0008299999999999841,PARTIAL_PROFIT,54563851742
2026-01-06T09:12:15.707857+00:00,USDJPY,Direction.SHORT,156.346,156.259,0.01,0.0008700000000001751,PARTIAL_PROFIT,54563840026
2026-01-06T09:12:16.048217+00:00,USDJPY,Direction.SHORT,156.346,156.263,0.01,0.0008299999999999841,PARTIAL_PROFIT,54563840069
2026-01-06T09:12:16.227185+00:00,USDJPY,Direction.SHORT,156.343,156.26,0.01,0.0008299999999999841,PARTIAL_PROFIT,54563851772
2026-01-06T09:12:16.737817+00:00,USDJPY,Direction.SHORT,156.346,156.259,0.01,0.0008700000000001751,PARTIAL_PROFIT,54563840037
2026-01-06T09:12:17.086625+00:00,USDJPY,Direction.SHORT,156.344,156.263,0.01,0.0008099999999998886,PARTIAL_PROFIT,54563851671
2026-01-06T09:12:17.257091+00:00,USDJPY,Direction.SHORT,156.343,156.26,0.01,0.0008299999999999841,PARTIAL_PROFIT,54563851808
2026-01-06T09:12:17.957125+00:00,USDJPY,Direction.SHORT,156.346,156.259,0.01,0.0008700000000001751,PARTIAL_PROFIT,54563840069
2026-01-06T09:12:18.138104+00:00,USDJPY,Direction.SHORT,156.343,156.26,0.01,0.0008299999999999841,PARTIAL_PROFIT,54563851867
2026-01-06T09:12:18.306122+00:00,USDJPY,Direction.SHORT,156.343,156.263,0.01,0.0007999999999998409,PARTIAL_PROFIT,54563851698
2026-01-06T09:12:18.647415+00:00,USDJPY,Direction.SHORT,156.343,156.26,0.01,0.0008299999999999841,PARTIAL_PROFIT,54563851886
2026-01-06T09:12:18.997068+00:00,USDJPY,Direction.SHORT,156.344,156.259,0.01,0.0008500000000000796,PARTIAL_PROFIT,54563851671
2026-01-06T09:12:19.336097+00:00,USDJPY,Direction.SHORT,156.343,156.263,0.01,0.0007999999999998409,PARTIAL_PROFIT,54563851742
2026-01-06T09:12:20.020949+00:00,USDJPY,Direction.SHORT,156.343,156.266,0.01,0.0007699999999999819,PARTIAL_PROFIT,54563852052
2026-01-06T09:12:20.359168+00:00,USDJPY,Direction.SHORT,156.343,156.263,0.01,0.0007999999999998409,PARTIAL_PROFIT,54563851772
2026-01-06T09:12:21.052590+00:00,USDJPY,Direction.SHORT,156.343,156.259,0.01,0.0008400000000000318,PARTIAL_PROFIT,54563851742
2026-01-06T09:12:21.395930+00:00,USDJPY,Direction.SHORT,156.343,156.263,0.01,0.0007999999999998409,PARTIAL_PROFIT,54563851808
2026-01-06T09:12:22.083952+00:00,USDJPY,Direction.SHORT,156.343,156.266,0.01,0.0007699999999999819,PARTIAL_PROFIT,54563852109
2026-01-06T09:12:22.425677+00:00,USDJPY,Direction.SHORT,156.343,156.263,0.01,0.0007999999999998409,PARTIAL_PROFIT,54563851867
2026-01-06T09:12:23.111418+00:00,USDJPY,Direction.SHORT,156.343,156.259,0.01,0.0008400000000000318,PARTIAL_PROFIT,54563851808
2026-01-06T09:12:23.461488+00:00,USDJPY,Direction.SHORT,156.343,156.263,0.01,0.0007999999999998409,PARTIAL_PROFIT,54563851886
2026-01-06T09:12:23.799033+00:00,USDJPY,Direction.SHORT,156.343,156.26,0.01,0.0008299999999999841,PARTIAL_PROFIT,54563852074
2026-01-06T09:12:24.137813+00:00,USDJPY,Direction.SHORT,156.343,156.266,0.01,0.0007699999999999819,PARTIAL_PROFIT,54563852221
2026-01-06T09:12:24.477948+00:00,USDJPY,Direction.SHORT,156.343,156.263,0.01,0.0007999999999998409,PARTIAL_PROFIT,54563851972
2026-01-06T09:12:24.820160+00:00,USDJPY,Direction.SHORT,156.343,156.26,0.01,0.0008299999999999841,PARTIAL_PROFIT,54563852109
2026-01-06T09:12:25.158602+00:00,USDJPY,Direction.SHORT,156.343,156.259,0.01,0.0008400000000000318,PARTIAL_PROFIT,54563851886
2026-01-06T09:12:25.498544+00:00,USDJPY,Direction.SHORT,156.343,156.263,0.01,0.0007999999999998409,PARTIAL_PROFIT,54563852000
2026-01-06T09:12:26.301659+00:00,USDJPY,Direction.SHORT,156.343,156.259,0.01,0.0008400000000000318,PARTIAL_PROFIT,54563851972
2026-01-06T09:12:26.646566+00:00,USDJPY,Direction.SHORT,156.343,156.263,0.01,0.0007999999999998409,PARTIAL_PROFIT,54563852024
2026-01-06T09:12:27.323602+00:00,USDJPY,Direction.SHORT,156.343,156.266,0.01,0.0007699999999999819,PARTIAL_PROFIT,54563852312
2026-01-06T09:12:27.667050+00:00,USDJPY,Direction.SHORT,156.343,156.263,0.01,0.0007999999999998409,PARTIAL_PROFIT,54563852052
2026-01-06T09:12:28.007452+00:00,USDJPY,Direction.SHORT,156.343,156.26,0.01,0.0008299999999999841,PARTIAL_PROFIT,54563852251
2026-01-06T09:12:28.347224+00:00,USDJPY,Direction.SHORT,156.343,156.266,0.01,0.0007699999999999819,PARTIAL_PROFIT,54563852332
2026-01-06T09:12:28.697347+00:00,USDJPY,Direction.SHORT,156.343,156.263,0.01,0.0007999999999998409,PARTIAL_PROFIT,54563852074
2026-01-06T09:12:29.037551+00:00,USDJPY,Direction.SHORT,156.343,156.26,0.01,0.0008299999999999841,PARTIAL_PROFIT,54563852292
2026-01-06T09:12:29.379410+00:00,USDJPY,Direction.SHORT,156.343,156.259,0.01,0.0008400000000000318,PARTIAL_PROFIT,54563852052
2026-01-06T09:12:29.718500+00:00,USDJPY,Direction.SHORT,156.343,156.263,0.01,0.0007999999999998409,PARTIAL_PROFIT,54563852109
2026-01-06T09:12:30.410505+00:00,USDJPY,Direction.SHORT,156.343,156.266,0.01,0.0007699999999999819,PARTIAL_PROFIT,54563852389
2026-01-06T09:12:30.751309+00:00,USDJPY,Direction.SHORT,156.343,156.263,0.01,0.0007999999999998409,PARTIAL_PROFIT,54563852186
2026-01-06T09:12:31.116334+00:00,USDJPY,Direction.SHORT,156.343,156.26,0.01,0.0008299999999999841,PARTIAL_PROFIT,54563852332
2026-01-06T09:12:31.474678+00:00,USDJPY,Direction.SHORT,156.343,156.266,0.01,0.0007699999999999819,PARTIAL_PROFIT,54563852420
2026-01-06T09:12:31.819215+00:00,USDJPY,Direction.SHORT,156.343,156.263,0.01,0.0007999999999998409,PARTIAL_PROFIT,54563852221
2026-01-06T09:12:32.517459+00:00,USDJPY,Direction.SHORT,156.343,156.259,0.01,0.0008400000000000318,PARTIAL_PROFIT,54563852186
2026-01-06T09:12:32.855202+00:00,USDJPY,Direction.SHORT,156.343,156.263,0.01,0.0007999999999998409,PARTIAL_PROFIT,54563852251
2026-01-06T09:12:33.199274+00:00,USDJPY,Direction.SHORT,156.343,156.26,0.01,0.0008299999999999841,PARTIAL_PROFIT,54563852389
2026-01-06T09:12:33.549372+00:00,USDJPY,Direction.SHORT,156.343,156.259,0.01,0.0008400000000000318,PARTIAL_PROFIT,54563852221
2026-01-06T09:12:33.985920+00:00,USDJPY,Direction.SHORT,156.343,156.263,0.01,0.0007999999999998409,PARTIAL_PROFIT,54563852292
2026-01-06T09:12:34.347481+00:00,USDJPY,Direction.SHORT,156.343,156.26,0.01,0.0008299999999999841,PARTIAL_PROFIT,54563852420
2026-01-06T09:12:34.733984+00:00,USDJPY,Direction.SHORT,156.343,156.263,0.01,0.0007999999999998409,PARTIAL_PROFIT,54563852312
2026-01-06T09:12:35.085652+00:00,USDJPY,Direction.SHORT,156.343,156.26,0.01,0.0008299999999999841,PARTIAL_PROFIT,54563852452
2026-01-06T09:12:35.434040+00:00,USDJPY,Direction.SHORT,156.343,156.259,0.01,0.0008400000000000318,PARTIAL_PROFIT,54563852292
2026-01-06T09:12:36.133118+00:00,USDJPY,Direction.SHORT,156.343,156.263,0.01,0.0007999999999998409,PARTIAL_PROFIT,54563852362
2026-01-06T09:12:36.475797+00:00,USDJPY,Direction.SHORT,156.345,156.26,0.01,0.0008500000000000796,PARTIAL_PROFIT,54563852508
2026-01-06T09:12:36.828413+00:00,USDJPY,Direction.SHORT,156.343,156.259,0.01,0.0008400000000000318,PARTIAL_PROFIT,54563852332
2026-01-06T09:12:37.534976+00:00,USDJPY,Direction.SHORT,156.343,156.263,0.01,0.0007999999999998409,PARTIAL_PROFIT,54563852420
2026-01-06T09:12:38.247224+00:00,USDJPY,Direction.SHORT,156.343,156.259,0.01,0.0008400000000000318,PARTIAL_PROFIT,54563852389
2026-01-06T09:12:38.941981+00:00,USDJPY,Direction.SHORT,156.345,156.266,0.01,0.0007900000000000773,PARTIAL_PROFIT,54563852686
2026-01-06T09:12:39.852770+00:00,USDJPY,Direction.SHORT,156.345,156.266,0.01,0.0007900000000000773,PARTIAL_PROFIT,54563852703
2026-01-06T09:12:40.194766+00:00,USDJPY,Direction.SHORT,156.345,156.26,0.01,0.0008500000000000796,PARTIAL_PROFIT,54563852646
2026-01-06T09:12:40.536110+00:00,USDJPY,Direction.SHORT,156.345,156.266,0.01,0.0007900000000000773,PARTIAL_PROFIT,54563852720
2026-01-06T09:12:40.878120+00:00,USDJPY,Direction.SHORT,156.345,156.26,0.01,0.0008500000000000796,PARTIAL_PROFIT,54563852686
2026-01-06T09:12:41.218670+00:00,USDJPY,Direction.SHORT,156.345,156.263,0.01,0.0008199999999999363,PARTIAL_PROFIT,54563852575
2026-01-06T09:12:41.708972+00:00,USDJPY,Direction.SHORT,156.345,156.26,0.01,0.0008500000000000796,PARTIAL_PROFIT,54563852703
2026-01-06T09:12:42.216026+00:00,USDJPY,Direction.SHORT,156.345,156.266,0.01,0.0007900000000000773,PARTIAL_PROFIT,54563852759
2026-01-06T09:12:42.913367+00:00,USDJPY,Direction.SHORT,156.345,156.259,0.01,0.0008600000000001274,PARTIAL_PROFIT,54563852575
2026-01-06T09:12:43.594355+00:00,USDJPY,Direction.SHORT,156.345,156.263,0.01,0.0008199999999999363,PARTIAL_PROFIT,54563852646
2026-01-06T09:12:43.934667+00:00,USDJPY,Direction.SHORT,156.345,156.26,0.01,0.0008500000000000796,PARTIAL_PROFIT,54563852759
2026-01-06T09:12:44.273298+00:00,USDJPY,Direction.SHORT,156.357,156.266,0.01,0.0009100000000000819,PARTIAL_PROFIT,54563867047
2026-01-06T09:23:44.973910+00:00,USDJPY,Direction.LONG,156.284,156.341,0.01,0.0005700000000001637,PARTIAL_PROFIT,54564300506
2026-01-06T09:23:45.147127+00:00,USDJPY,Direction.LONG,156.284,156.341,0.01,0.0005700000000001637,PARTIAL_PROFIT,54564300506
2026-01-06T09:23:45.628320+00:00,USDJPY,Direction.LONG,156.284,156.341,0.01,0.0005700000000001637,PARTIAL_PROFIT,54564300506
2026-01-06T09:23:59.028116+00:00,USDJPY,Direction.LONG,156.284,156.338,0.01,0.0005400000000000205,PARTIAL_PROFIT,54564300506
2026-01-06T10:04:13.762940+00:00,GBPUSD,Direction.SHORT,1.35367,1.35316,0.01,5.1000000000001045e-06,BREAKEVEN,54564943917
2026-01-06T10:04:13.937125+00:00,GBPUSD,Direction.SHORT,1.35367,1.35316,0.01,5.1000000000001045e-06,BREAKEVEN,54564943976
2026-01-06T10:04:47.045708+00:00,GBPUSD,Direction.SHORT,1.35367,1.35307,0.01,5.9999999999993395e-06,PARTIAL_PROFIT,54564943917
2026-01-06T10:04:47.392854+00:00,GBPUSD,Direction.SHORT,1.35367,1.35307,0.01,5.9999999999993395e-06,PARTIAL_PROFIT,54564943976
2026-01-06T10:04:50.286570+00:00,GBPUSD,Direction.SHORT,1.35367,1.35314,0.01,5.2999999999991945e-06,BREAKEVEN,54564943917
2026-01-06T10:04:50.458824+00:00,GBPUSD,Direction.SHORT,1.35367,1.35314,0.01,5.2999999999991945e-06,BREAKEVEN,54564943976
2026-01-06T10:05:14.131490+00:00,GBPUSD,Direction.SHORT,1.35367,1.3531,0.01,5.699999999999595e-06,BREAKEVEN,54564943917
2026-01-06T10:05:14.301233+00:00,GBPUSD,Direction.SHORT,1.35367,1.3531,0.01,5.699999999999595e-06,BREAKEVEN,54564943976
2026-01-06T10:05:47.920178+00:00,GBPUSD,Direction.SHORT,1.35367,1.35311,0.01,5.599999999998939e-06,PARTIAL_PROFIT,54564943917
2026-01-06T10:05:48.266607+00:00,GBPUSD,Direction.SHORT,1.35367,1.35311,0.01,5.599999999998939e-06,PARTIAL_PROFIT,54564943976
2026-01-06T10:05:50.660745+00:00,GBPUSD,Direction.SHORT,1.35367,1.35311,0.01,5.599999999998939e-06,BREAKEVEN,54564943917
2026-01-06T10:05:50.837282+00:00,GBPUSD,Direction.SHORT,1.35367,1.35311,0.01,5.599999999998939e-06,BREAKEVEN,54564943976
2026-01-06T10:10:14.537787+00:00,GBPUSD,Direction.LONG,1.35316,1.35367,0.01,5.1000000000001045e-06,BREAKEVEN,54565011552
2026-01-06T10:10:14.714250+00:00,GBPUSD,Direction.LONG,1.35316,1.35367,0.01,5.1000000000001045e-06,BREAKEVEN,54565011601
2026-01-06T10:10:14.887114+00:00,GBPUSD,Direction.LONG,1.35307,1.35367,0.01,5.9999999999993395e-06,BREAKEVEN,54565021243
2026-01-06T10:10:15.058854+00:00,GBPUSD,Direction.LONG,1.35307,1.35367,0.01,5.9999999999993395e-06,BREAKEVEN,54565021302
2026-01-06T10:10:15.238184+00:00,GBPUSD,Direction.LONG,1.35307,1.35367,0.01,5.9999999999993395e-06,BREAKEVEN,54565021329
2026-01-06T10:10:15.424696+00:00,GBPUSD,Direction.LONG,1.35307,1.35367,0.01,5.9999999999993395e-06,BREAKEVEN,54565021376
2026-01-06T10:10:15.607872+00:00,GBPUSD,Direction.LONG,1.35314,1.35367,0.01,5.2999999999991945e-06,BREAKEVEN,54565022033
2026-01-06T10:10:15.779025+00:00,GBPUSD,Direction.LONG,1.35314,1.35367,0.01,5.2999999999991945e-06,BREAKEVEN,54565022193
2026-01-06T10:10:15.951474+00:00,GBPUSD,Direction.LONG,1.3531,1.35367,0.01,5.699999999999595e-06,BREAKEVEN,54565029791
2026-01-06T10:10:16.124330+00:00,GBPUSD,Direction.LONG,1.3531,1.35367,0.01,5.699999999999595e-06,BREAKEVEN,54565029828
2026-01-06T10:10:16.299128+00:00,GBPUSD,Direction.LONG,1.35311,1.35367,0.01,5.599999999998939e-06,BREAKEVEN,54565037707
2026-01-06T10:10:16.477801+00:00,GBPUSD,Direction.LONG,1.35311,1.35367,0.01,5.599999999998939e-06,BREAKEVEN,54565037731
2026-01-06T10:10:16.647285+00:00,GBPUSD,Direction.LONG,1.35311,1.35367,0.01,5.599999999998939e-06,BREAKEVEN,54565037771
2026-01-06T10:10:16.822745+00:00,GBPUSD,Direction.LONG,1.35311,1.35367,0.01,5.599999999998939e-06,BREAKEVEN,54565037944
2026-01-06T10:10:17.007465+00:00,GBPUSD,Direction.LONG,1.35311,1.35367,0.01,5.599999999998939e-06,BREAKEVEN,54565038350
2026-01-06T10:10:17.189039+00:00,GBPUSD,Direction.LONG,1.35311,1.35367,0.01,5.599999999998939e-06,BREAKEVEN,54565038374
2026-01-06T10:10:48.715920+00:00,GBPUSD,Direction.LONG,1.35316,1.3538999999999999,0.01,7.399999999999629e-06,PARTIAL_PROFIT,54565011552
2026-01-06T10:10:49.061180+00:00,GBPUSD,Direction.LONG,1.35316,1.3538999999999999,0.01,7.399999999999629e-06,PARTIAL_PROFIT,54565011601
2026-01-06T10:10:49.410307+00:00,GBPUSD,Direction.LONG,1.35307,1.3538999999999999,0.01,8.299999999998863e-06,PARTIAL_PROFIT,54565021243
2026-01-06T10:10:49.752820+00:00,GBPUSD,Direction.LONG,1.35307,1.3538999999999999,0.01,8.299999999998863e-06,PARTIAL_PROFIT,54565021302
2026-01-06T10:10:50.103050+00:00,GBPUSD,Direction.LONG,1.35307,1.3538999999999999,0.01,8.299999999998863e-06,PARTIAL_PROFIT,54565021329
2026-01-06T10:10:50.460351+00:00,GBPUSD,Direction.LONG,1.35307,1.3538999999999999,0.01,8.299999999998863e-06,PARTIAL_PROFIT,54565021376
2026-01-06T10:10:50.814063+00:00,GBPUSD,Direction.LONG,1.35314,1.3538999999999999,0.01,7.599999999998719e-06,PARTIAL_PROFIT,54565022033
2026-01-06T10:10:51.163227+00:00,GBPUSD,Direction.LONG,1.35314,1.3538999999999999,0.01,7.599999999998719e-06,PARTIAL_PROFIT,54565022193
2026-01-06T10:10:51.351020+00:00,GBPUSD,Direction.LONG,1.35316,1.3538999999999999,0.01,7.399999999999629e-06,BREAKEVEN,54565011552
2026-01-06T10:10:51.689357+00:00,GBPUSD,Direction.LONG,1.3531,1.3538999999999999,0.01,7.999999999999119e-06,PARTIAL_PROFIT,54565029791
2026-01-06T10:10:51.866339+00:00,GBPUSD,Direction.LONG,1.35316,1.3538999999999999,0.01,7.399999999999629e-06,BREAKEVEN,54565011601
2026-01-06T10:10:52.214215+00:00,GBPUSD,Direction.LONG,1.3531,1.3538999999999999,0.01,7.999999999999119e-06,PARTIAL_PROFIT,54565029828
2026-01-06T10:10:52.387479+00:00,GBPUSD,Direction.LONG,1.35307,1.3538999999999999,0.01,8.299999999998863e-06,BREAKEVEN,54565021243
2026-01-06T10:10:52.735930+00:00,GBPUSD,Direction.LONG,1.35311,1.3538999999999999,0.01,7.899999999998464e-06,PARTIAL_PROFIT,54565037707
2026-01-06T10:10:52.908579+00:00,GBPUSD,Direction.LONG,1.35307,1.3538999999999999,0.01,8.299999999998863e-06,BREAKEVEN,54565021302
2026-01-06T10:10:53.260004+00:00,GBPUSD,Direction.LONG,1.35311,1.3538999999999999,0.01,7.899999999998464e-06,PARTIAL_PROFIT,54565037731
2026-01-06T10:10:53.437820+00:00,GBPUSD,Direction.LONG,1.35307,1.3538999999999999,0.01,8.299999999998863e-06,BREAKEVEN,54565021329
2026-01-06T10:10:53.808084+00:00,GBPUSD,Direction.LONG,1.35311,1.3538999999999999,0.01,7.899999999998464e-06,PARTIAL_PROFIT,54565037771
2026-01-06T10:10:53.980264+00:00,GBPUSD,Direction.LONG,1.35307,1.3538999999999999,0.01,8.299999999998863e-06,BREAKEVEN,54565021376
2026-01-06T10:10:54.742085+00:00,GBPUSD,Direction.LONG,1.35311,1.3538999999999999,0.01,7.899999999998464e-06,PARTIAL_PROFIT,54565037944
2026-01-06T10:10:54.920024+00:00,GBPUSD,Direction.LONG,1.35314,1.3538999999999999,0.01,7.599999999998719e-06,BREAKEVEN,54565022033
2026-01-06T10:10:55.265954+00:00,GBPUSD,Direction.LONG,1.35311,1.3538999999999999,0.01,7.899999999998464e-06,PARTIAL_PROFIT,54565038350
2026-01-06T10:10:55.444129+00:00,GBPUSD,Direction.LONG,1.35314,1.3538999999999999,0.01,7.599999999998719e-06,BREAKEVEN,54565022193
2026-01-06T10:10:55.786713+00:00,GBPUSD,Direction.LONG,1.35311,1.3538999999999999,0.01,7.899999999998464e-06,PARTIAL_PROFIT,54565038374
2026-01-06T10:10:55.957369+00:00,GBPUSD,Direction.LONG,1.3531,1.3538999999999999,0.01,7.999999999999119e-06,BREAKEVEN,54565029791
2026-01-06T10:10:56.135299+00:00,GBPUSD,Direction.LONG,1.3531,1.3538999999999999,0.01,7.999999999999119e-06,BREAKEVEN,54565029828
2026-01-06T10:10:56.312638+00:00,GBPUSD,Direction.LONG,1.35311,1.3538999999999999,0.01,7.899999999998464e-06,BREAKEVEN,54565037707
2026-01-06T10:10:56.497232+00:00,GBPUSD,Direction.LONG,1.35311,1.3538999999999999,0.01,7.899999999998464e-06,BREAKEVEN,54565037731
2026-01-06T10:10:56.671639+00:00,GBPUSD,Direction.LONG,1.35311,1.3538999999999999,0.01,7.899999999998464e-06,BREAKEVEN,54565037771
2026-01-06T10:10:56.846407+00:00,GBPUSD,Direction.LONG,1.35311,1.3538999999999999,0.01,7.899999999998464e-06,BREAKEVEN,54565037944
2026-01-06T10:10:57.024794+00:00,GBPUSD,Direction.LONG,1.35311,1.3538999999999999,0.01,7.899999999998464e-06,BREAKEVEN,54565038350
2026-01-06T10:10:57.205370+00:00,GBPUSD,Direction.LONG,1.35311,1.3538999999999999,0.01,7.899999999998464e-06,BREAKEVEN,54565038374
2026-01-06T10:11:17.368676+00:00,GBPUSD,Direction.LONG,1.35316,1.35389,0.01,7.300000000001195e-06,BREAKEVEN,54565011552
2026-01-06T10:11:17.543201+00:00,GBPUSD,Direction.LONG,1.35316,1.35389,0.01,7.300000000001195e-06,BREAKEVEN,54565011601
2026-01-06T10:11:17.725572+00:00,GBPUSD,Direction.LONG,1.35307,1.35389,0.01,8.20000000000043e-06,BREAKEVEN,54565021243
2026-01-06T10:11:17.903043+00:00,GBPUSD,Direction.LONG,1.35307,1.35389,0.01,8.20000000000043e-06,BREAKEVEN,54565021302
2026-01-06T10:11:18.079021+00:00,GBPUSD,Direction.LONG,1.35307,1.35389,0.01,8.20000000000043e-06,BREAKEVEN,54565021329
2026-01-06T10:11:18.258883+00:00,GBPUSD,Direction.LONG,1.35307,1.35389,0.01,8.20000000000043e-06,BREAKEVEN,54565021376
2026-01-06T10:11:18.437104+00:00,GBPUSD,Direction.LONG,1.35314,1.35389,0.01,7.500000000000285e-06,BREAKEVEN,54565022033
2026-01-06T10:11:18.623542+00:00,GBPUSD,Direction.LONG,1.35314,1.35389,0.01,7.500000000000285e-06,BREAKEVEN,54565022193
2026-01-06T10:11:18.797341+00:00,GBPUSD,Direction.LONG,1.3531,1.35389,0.01,7.900000000000685e-06,BREAKEVEN,54565029791
2026-01-06T10:11:18.974747+00:00,GBPUSD,Direction.LONG,1.3531,1.35389,0.01,7.900000000000685e-06,BREAKEVEN,54565029828
2026-01-06T10:11:19.148796+00:00,GBPUSD,Direction.LONG,1.35311,1.35389,0.01,7.800000000000029e-06,BREAKEVEN,54565037707
2026-01-06T10:11:19.322767+00:00,GBPUSD,Direction.LONG,1.35311,1.35389,0.01,7.800000000000029e-06,BREAKEVEN,54565037731
2026-01-06T10:11:19.503486+00:00,GBPUSD,Direction.LONG,1.35311,1.35389,0.01,7.800000000000029e-06,BREAKEVEN,54565037771
2026-01-06T10:11:19.678875+00:00,GBPUSD,Direction.LONG,1.35311,1.35389,0.01,7.800000000000029e-06,BREAKEVEN,54565037944
2026-01-06T10:11:19.857161+00:00,GBPUSD,Direction.LONG,1.35311,1.35389,0.01,7.800000000000029e-06,BREAKEVEN,54565038350
2026-01-06T10:11:20.033333+00:00,GBPUSD,Direction.LONG,1.35311,1.35389,0.01,7.800000000000029e-06,BREAKEVEN,54565038374
2026-01-06T10:11:56.678725+00:00,GBPUSD,Direction.LONG,1.35316,1.35385,0.01,6.9000000000007945e-06,PARTIAL_PROFIT,54565011552
2026-01-06T10:11:57.047485+00:00,GBPUSD,Direction.LONG,1.35316,1.35385,0.01,6.9000000000007945e-06,PARTIAL_PROFIT,54565011601
2026-01-06T10:11:57.794645+00:00,GBPUSD,Direction.LONG,1.35307,1.35385,0.01,7.800000000000029e-06,PARTIAL_PROFIT,54565021243
2026-01-06T10:11:58.145791+00:00,GBPUSD,Direction.LONG,1.35316,1.35384,0.01,6.800000000000139e-06,BREAKEVEN,54565011552
2026-01-06T10:11:58.328977+00:00,GBPUSD,Direction.LONG,1.35307,1.35385,0.01,7.800000000000029e-06,PARTIAL_PROFIT,54565021302
2026-01-06T10:11:58.681425+00:00,GBPUSD,Direction.LONG,1.35316,1.35384,0.01,6.800000000000139e-06,BREAKEVEN,54565011601
2026-01-06T10:11:58.855765+00:00,GBPUSD,Direction.LONG,1.35307,1.35385,0.01,7.800000000000029e-06,PARTIAL_PROFIT,54565021329
2026-01-06T10:11:59.200278+00:00,GBPUSD,Direction.LONG,1.35307,1.35384,0.01,7.699999999999374e-06,BREAKEVEN,54565021243
2026-01-06T10:11:59.374858+00:00,GBPUSD,Direction.LONG,1.35307,1.35385,0.01,7.800000000000029e-06,PARTIAL_PROFIT,54565021376
2026-01-06T10:11:59.720712+00:00,GBPUSD,Direction.LONG,1.35307,1.35384,0.01,7.699999999999374e-06,BREAKEVEN,54565021302
2026-01-06T10:11:59.893576+00:00,GBPUSD,Direction.LONG,1.35314,1.35385,0.01,7.099999999999885e-06,PARTIAL_PROFIT,54565022033
2026-01-06T10:12:00.253593+00:00,GBPUSD,Direction.LONG,1.35307,1.35384,0.01,7.699999999999374e-06,BREAKEVEN,54565021329
2026-01-06T10:12:00.427116+00:00,GBPUSD,Direction.LONG,1.35314,1.35385,0.01,7.099999999999885e-06,PARTIAL_PROFIT,54565022193
2026-01-06T10:12:00.889259+00:00,GBPUSD,Direction.LONG,1.35307,1.35384,0.01,7.699999999999374e-06,BREAKEVEN,54565021376
2026-01-06T10:12:01.069069+00:00,GBPUSD,Direction.LONG,1.3531,1.35385,0.01,7.500000000000285e-06,PARTIAL_PROFIT,54565029791
2026-01-06T10:12:01.411847+00:00,GBPUSD,Direction.LONG,1.35314,1.35384,0.01,6.999999999999229e-06,BREAKEVEN,54565022033
2026-01-06T10:12:01.591022+00:00,GBPUSD,Direction.LONG,1.3531,1.35385,0.01,7.500000000000285e-06,PARTIAL_PROFIT,54565029828
2026-01-06T10:12:01.942932+00:00,GBPUSD,Direction.LONG,1.35314,1.35384,0.01,6.999999999999229e-06,BREAKEVEN,54565022193
2026-01-06T10:12:02.126093+00:00,GBPUSD,Direction.LONG,1.35311,1.35385,0.01,7.399999999999629e-06,PARTIAL_PROFIT,54565037707
2026-01-06T10:12:02.953164+00:00,GBPUSD,Direction.LONG,1.3531,1.35384,0.01,7.399999999999629e-06,BREAKEVEN,54565029791
2026-01-06T10:12:03.126900+00:00,GBPUSD,Direction.LONG,1.35311,1.35385,0.01,7.399999999999629e-06,PARTIAL_PROFIT,54565037731
2026-01-06T10:12:03.477924+00:00,GBPUSD,Direction.LONG,1.3531,1.35384,0.01,7.399999999999629e-06,BREAKEVEN,54565029828
2026-01-06T10:12:03.649835+00:00,GBPUSD,Direction.LONG,1.35311,1.35385,0.01,7.399999999999629e-06,PARTIAL_PROFIT,54565037771
2026-01-06T10:12:03.993869+00:00,GBPUSD,Direction.LONG,1.35311,1.35384,0.01,7.299999999998974e-06,BREAKEVEN,54565037707
2026-01-06T10:12:04.172082+00:00,GBPUSD,Direction.LONG,1.35311,1.35385,0.01,7.399999999999629e-06,PARTIAL_PROFIT,54565037944
2026-01-06T10:12:04.372404+00:00,GBPUSD,Direction.LONG,1.35311,1.35384,0.01,7.299999999998974e-06,BREAKEVEN,54565037731
2026-01-06T10:12:04.550042+00:00,GBPUSD,Direction.LONG,1.35311,1.35385,0.01,7.399999999999629e-06,PARTIAL_PROFIT,54565038350
2026-01-06T10:12:04.728662+00:00,GBPUSD,Direction.LONG,1.35311,1.35384,0.01,7.299999999998974e-06,BREAKEVEN,54565037771
2026-01-06T10:12:04.906285+00:00,GBPUSD,Direction.LONG,1.35311,1.35385,0.01,7.399999999999629e-06,PARTIAL_PROFIT,54565038374
2026-01-06T10:12:05.080681+00:00,GBPUSD,Direction.LONG,1.35311,1.35384,0.01,7.299999999998974e-06,BREAKEVEN,54565037944
2026-01-06T10:12:05.263463+00:00,GBPUSD,Direction.LONG,1.35311,1.35384,0.01,7.299999999998974e-06,BREAKEVEN,54565038350
2026-01-06T10:12:05.439266+00:00,GBPUSD,Direction.LONG,1.35311,1.35384,0.01,7.299999999998974e-06,BREAKEVEN,54565038374
2026-01-06T10:12:20.226104+00:00,GBPUSD,Direction.LONG,1.35316,1.35372,0.01,5.600000000001159e-06,BREAKEVEN,54565011552
2026-01-06T10:12:20.406316+00:00,GBPUSD,Direction.LONG,1.35316,1.35372,0.01,5.600000000001159e-06,BREAKEVEN,54565011601
2026-01-06T10:12:20.586801+00:00,GBPUSD,Direction.LONG,1.35307,1.35372,0.01,6.500000000000394e-06,BREAKEVEN,54565021243
2026-01-06T10:12:20.764544+00:00,GBPUSD,Direction.LONG,1.35307,1.35372,0.01,6.500000000000394e-06,BREAKEVEN,54565021302
2026-01-06T10:12:20.938909+00:00,GBPUSD,Direction.LONG,1.35307,1.35372,0.01,6.500000000000394e-06,BREAKEVEN,54565021329
2026-01-06T10:12:21.118139+00:00,GBPUSD,Direction.LONG,1.35307,1.35372,0.01,6.500000000000394e-06,BREAKEVEN,54565021376
2026-01-06T10:12:21.301232+00:00,GBPUSD,Direction.LONG,1.35314,1.35372,0.01,5.800000000000249e-06,BREAKEVEN,54565022033
2026-01-06T10:12:21.480803+00:00,GBPUSD,Direction.LONG,1.35314,1.35372,0.01,5.800000000000249e-06,BREAKEVEN,54565022193
2026-01-06T10:12:21.654143+00:00,GBPUSD,Direction.LONG,1.3531,1.35372,0.01,6.20000000000065e-06,BREAKEVEN,54565029791
2026-01-06T10:12:21.833014+00:00,GBPUSD,Direction.LONG,1.3531,1.35372,0.01,6.20000000000065e-06,BREAKEVEN,54565029828
2026-01-06T10:12:22.007056+00:00,GBPUSD,Direction.LONG,1.35311,1.35372,0.01,6.099999999999994e-06,BREAKEVEN,54565037707
2026-01-06T10:12:22.199005+00:00,GBPUSD,Direction.LONG,1.35311,1.35372,0.01,6.099999999999994e-06,BREAKEVEN,54565037731
2026-01-06T10:12:22.378117+00:00,GBPUSD,Direction.LONG,1.35311,1.35372,0.01,6.099999999999994e-06,BREAKEVEN,54565037771
2026-01-06T10:12:22.574646+00:00,GBPUSD,Direction.LONG,1.35311,1.35372,0.01,6.099999999999994e-06,BREAKEVEN,54565037944
2026-01-06T10:12:22.750019+00:00,GBPUSD,Direction.LONG,1.35311,1.35372,0.01,6.099999999999994e-06,BREAKEVEN,54565038350
2026-01-06T10:12:22.926632+00:00,GBPUSD,Direction.LONG,1.35311,1.35372,0.01,6.099999999999994e-06,BREAKEVEN,54565038374
2026-01-06T10:13:05.611841+00:00,GBPUSD,Direction.LONG,1.35307,1.35362,0.01,5.500000000000505e-06,PARTIAL_PROFIT,54565021243
2026-01-06T10:13:05.954774+00:00,GBPUSD,Direction.LONG,1.35307,1.35362,0.01,5.500000000000505e-06,PARTIAL_PROFIT,54565021302
2026-01-06T10:13:06.129095+00:00,GBPUSD,Direction.LONG,1.35307,1.35362,0.01,5.500000000000505e-06,BREAKEVEN,54565021243
2026-01-06T10:13:06.480856+00:00,GBPUSD,Direction.LONG,1.35307,1.35362,0.01,5.500000000000505e-06,PARTIAL_PROFIT,54565021329
2026-01-06T10:13:06.767760+00:00,GBPUSD,Direction.LONG,1.35307,1.35362,0.01,5.500000000000505e-06,BREAKEVEN,54565021302
2026-01-06T10:13:07.119140+00:00,GBPUSD,Direction.LONG,1.35307,1.35362,0.01,5.500000000000505e-06,PARTIAL_PROFIT,54565021376
2026-01-06T10:13:07.293684+00:00,GBPUSD,Direction.LONG,1.35307,1.35362,0.01,5.500000000000505e-06,BREAKEVEN,54565021329
2026-01-06T10:13:07.639396+00:00,GBPUSD,Direction.LONG,1.3531,1.35362,0.01,5.20000000000076e-06,PARTIAL_PROFIT,54565029791
2026-01-06T10:13:07.811344+00:00,GBPUSD,Direction.LONG,1.35307,1.35362,0.01,5.500000000000505e-06,BREAKEVEN,54565021376
2026-01-06T10:13:08.155761+00:00,GBPUSD,Direction.LONG,1.3531,1.35362,0.01,5.20000000000076e-06,PARTIAL_PROFIT,54565029828
2026-01-06T10:13:08.332719+00:00,GBPUSD,Direction.LONG,1.3531,1.35362,0.01,5.20000000000076e-06,BREAKEVEN,54565029791
2026-01-06T10:13:08.682943+00:00,GBPUSD,Direction.LONG,1.35311,1.35362,0.01,5.1000000000001045e-06,PARTIAL_PROFIT,54565037707
2026-01-06T10:13:08.852626+00:00,GBPUSD,Direction.LONG,1.3531,1.35362,0.01,5.20000000000076e-06,BREAKEVEN,54565029828
2026-01-06T10:13:09.034310+00:00,GBPUSD,Direction.LONG,1.35311,1.35362,0.01,5.1000000000001045e-06,PARTIAL_PROFIT,54565037731
2026-01-06T10:13:09.206134+00:00,GBPUSD,Direction.LONG,1.35311,1.35362,0.01,5.1000000000001045e-06,BREAKEVEN,54565037707
2026-01-06T10:13:09.380930+00:00,GBPUSD,Direction.LONG,1.35311,1.35362,0.01,5.1000000000001045e-06,PARTIAL_PROFIT,54565037771
2026-01-06T10:13:09.567153+00:00,GBPUSD,Direction.LONG,1.35311,1.35362,0.01,5.1000000000001045e-06,BREAKEVEN,54565037731
2026-01-06T10:13:09.742047+00:00,GBPUSD,Direction.LONG,1.35311,1.35362,0.01,5.1000000000001045e-06,PARTIAL_PROFIT,54565037944
2026-01-06T10:13:09.917300+00:00,GBPUSD,Direction.LONG,1.35311,1.35362,0.01,5.1000000000001045e-06,BREAKEVEN,54565037771
2026-01-06T10:13:10.093165+00:00,GBPUSD,Direction.LONG,1.35311,1.35362,0.01,5.1000000000001045e-06,PARTIAL_PROFIT,54565038350
2026-01-06T10:13:10.365037+00:00,GBPUSD,Direction.LONG,1.35311,1.35362,0.01,5.1000000000001045e-06,BREAKEVEN,54565037944
2026-01-06T10:13:10.536406+00:00,GBPUSD,Direction.LONG,1.35311,1.35362,0.01,5.1000000000001045e-06,PARTIAL_PROFIT,54565038374
2026-01-06T10:13:10.719018+00:00,GBPUSD,Direction.LONG,1.35311,1.35362,0.01,5.1000000000001045e-06,BREAKEVEN,54565038350
2026-01-06T10:13:10.897586+00:00,GBPUSD,Direction.LONG,1.35311,1.35362,0.01,5.1000000000001045e-06,BREAKEVEN,54565038374
2026-01-07T07:28:04.757006+00:00,GBPUSD,Direction.SHORT,1.35142,1.35028,0.45,51.30000000000634,TAKE_PROFIT,54580534786
2026-01-07T07:28:08.537568+00:00,GBPUSD,Direction.SHORT,1.35142,1.35028,0.45,51.30000000000634,TAKE_PROFIT,54580534786
2026-01-07T07:28:15.678197+00:00,GBPUSD,Direction.SHORT,1.35142,1.35023,0.45,53.5500000000011,TAKE_PROFIT,54580534786
2026-01-07T07:28:29.512648+00:00,GBPUSD,Direction.SHORT,1.35142,1.3503,0.45,50.400000000000446,TAKE_PROFIT,54580534786
2026-01-07T07:28:35.920466+00:00,GBPUSD,Direction.SHORT,1.35142,1.35023,0.45,53.5500000000011,TAKE_PROFIT,54580534786
2026-01-07T07:28:39.712573+00:00,GBPUSD,Direction.SHORT,1.35142,1.35023,0.45,53.5500000000011,TAKE_PROFIT,54580534786
2026-01-07T07:28:46.850410+00:00,GBPUSD,Direction.SHORT,1.35142,1.35023,0.45,53.5500000000011,TAKE_PROFIT,54580534786
2026-01-07T07:28:50.470476+00:00,GBPUSD,Direction.SHORT,1.35142,1.3502399999999999,0.45,53.100000000008144,TAKE_PROFIT,54580534786
2026-01-07T07:28:57.046969+00:00,GBPUSD,Direction.SHORT,1.35142,1.35019,0.45,55.3500000000029,TAKE_PROFIT,54580534786
2026-01-07T07:29:00.657648+00:00,GBPUSD,Direction.SHORT,1.35142,1.3502,0.45,54.89999999999995,TAKE_PROFIT,54580534786
2026-01-07T07:29:07.250518+00:00,GBPUSD,Direction.SHORT,1.35142,1.3502399999999999,0.45,53.100000000008144,TAKE_PROFIT,54580534786
2026-01-07T07:29:10.846999+00:00,GBPUSD,Direction.SHORT,1.35142,1.3502399999999999,0.45,53.100000000008144,TAKE_PROFIT,54580534786
2026-01-07T07:29:18.028934+00:00,GBPUSD,Direction.SHORT,1.35142,1.35023,0.45,53.5500000000011,TAKE_PROFIT,54580534786
2026-01-07T07:29:21.654770+00:00,GBPUSD,Direction.SHORT,1.35142,1.35027,0.45,51.749999999999304,TAKE_PROFIT,54580534786
2026-01-07T07:29:31.847597+00:00,GBPUSD,Direction.SHORT,1.35142,1.35023,0.45,53.5500000000011,TAKE_PROFIT,54580534786
2026-01-07T07:29:38.258021+00:00,GBPUSD,Direction.SHORT,1.35142,1.35022,0.45,54.00000000000404,TAKE_PROFIT,54580534786
2026-01-07T07:29:42.050274+00:00,GBPUSD,Direction.SHORT,1.35142,1.35026,0.45,52.20000000000225,TAKE_PROFIT,54580534786
2026-01-07T07:29:49.224978+00:00,GBPUSD,Direction.SHORT,1.35142,1.35018,0.45,55.800000000005845,TAKE_PROFIT,54580534786
2026-01-07T07:29:52.844069+00:00,GBPUSD,Direction.SHORT,1.35142,1.35022,0.45,54.00000000000404,TAKE_PROFIT,54580534786
2026-01-07T07:29:59.418851+00:00,GBPUSD,Direction.SHORT,1.35142,1.35026,0.45,52.20000000000225,TAKE_PROFIT,54580534786
2026-01-07T07:30:03.040832+00:00,GBPUSD,Direction.SHORT,1.35142,1.35019,0.45,55.3500000000029,TAKE_PROFIT,54580534786
2026-01-07T07:30:09.618536+00:00,GBPUSD,Direction.SHORT,1.35142,1.35023,0.45,53.5500000000011,TAKE_PROFIT,54580534786
2026-01-07T07:30:13.248676+00:00,GBPUSD,Direction.SHORT,1.35142,1.35023,0.45,53.5500000000011,TAKE_PROFIT,54580534786
2026-01-07T07:30:20.400669+00:00,GBPUSD,Direction.SHORT,1.35142,1.35025,0.45,52.6500000000052,TAKE_PROFIT,54580534786
2026-01-07T07:30:24.036911+00:00,GBPUSD,Direction.SHORT,1.35142,1.3502399999999999,0.45,53.100000000008144,TAKE_PROFIT,54580534786
2026-01-07T07:30:30.607712+00:00,GBPUSD,Direction.SHORT,1.35142,1.35016,0.45,56.700000000001744,TAKE_PROFIT,54580534786
2026-01-07T07:30:34.257926+00:00,GBPUSD,Direction.SHORT,1.35142,1.35023,0.45,53.5500000000011,TAKE_PROFIT,54580534786
2026-01-07T07:30:40.806641+00:00,GBPUSD,Direction.SHORT,1.35142,1.35026,0.45,52.20000000000225,TAKE_PROFIT,54580534786
2026-01-07T07:30:44.450490+00:00,GBPUSD,Direction.SHORT,1.35142,1.35025,0.45,52.6500000000052,TAKE_PROFIT,54580534786
2026-01-07T07:30:51.570680+00:00,GBPUSD,Direction.SHORT,1.35142,1.35025,0.45,52.6500000000052,TAKE_PROFIT,54580534786
2026-01-07T07:30:55.232667+00:00,GBPUSD,Direction.SHORT,1.35142,1.35023,0.45,53.5500000000011,TAKE_PROFIT,54580534786
2026-01-07T07:31:01.790078+00:00,GBPUSD,Direction.SHORT,1.35142,1.3502399999999999,0.45,53.100000000008144,TAKE_PROFIT,54580534786
2026-01-07T07:31:05.429032+00:00,GBPUSD,Direction.SHORT,1.35142,1.3502399999999999,0.45,53.100000000008144,TAKE_PROFIT,54580534786
2026-01-07T07:31:12.249220+00:00,GBPUSD,Direction.SHORT,1.35142,1.35022,0.45,54.00000000000404,TAKE_PROFIT,54580534786
2026-01-07T07:31:15.649873+00:00,GBPUSD,Direction.SHORT,1.35142,1.35023,0.45,53.5500000000011,TAKE_PROFIT,54580534786
2026-01-07T07:31:22.750368+00:00,GBPUSD,Direction.SHORT,1.35142,1.3502399999999999,0.45,53.100000000008144,TAKE_PROFIT,54580534786
2026-01-07T07:31:26.438515+00:00,GBPUSD,Direction.SHORT,1.35142,1.35027,0.45,51.749999999999304,TAKE_PROFIT,54580534786
2026-01-07T07:31:32.954844+00:00,GBPUSD,Direction.SHORT,1.35142,1.35025,0.45,52.6500000000052,TAKE_PROFIT,54580534786
2026-01-07T07:31:36.654628+00:00,GBPUSD,Direction.SHORT,1.35142,1.3502399999999999,0.45,53.100000000008144,TAKE_PROFIT,54580534786
2026-01-07T07:31:43.174443+00:00,GBPUSD,Direction.SHORT,1.35142,1.35025,0.45,52.6500000000052,TAKE_PROFIT,54580534786
2026-01-07T07:31:46.850225+00:00,GBPUSD,Direction.SHORT,1.35142,1.35025,0.45,52.6500000000052,TAKE_PROFIT,54580534786
2026-01-07T07:31:53.953752+00:00,GBPUSD,Direction.SHORT,1.35142,1.35027,0.45,51.749999999999304,TAKE_PROFIT,54580534786
2026-01-07T07:31:57.623014+00:00,GBPUSD,Direction.SHORT,1.35142,1.3503,0.45,50.400000000000446,TAKE_PROFIT,54580534786
2026-01-07T07:32:04.175336+00:00,GBPUSD,Direction.SHORT,1.35142,1.3503,0.45,50.400000000000446,TAKE_PROFIT,54580534786
2026-01-07T07:32:07.830768+00:00,GBPUSD,Direction.SHORT,1.35142,1.3503,0.45,50.400000000000446,TAKE_PROFIT,54580534786
2026-01-07T07:32:35.174637+00:00,GBPUSD,Direction.SHORT,1.35142,1.35029,0.45,50.8500000000034,TAKE_PROFIT,54580534786
2026-01-07T07:32:38.850792+00:00,GBPUSD,Direction.SHORT,1.35142,1.35029,0.45,50.8500000000034,TAKE_PROFIT,54580534786
2026-01-07T07:32:45.394317+00:00,GBPUSD,Direction.SHORT,1.35142,1.3502100000000001,0.45,54.449999999997004,TAKE_PROFIT,54580534786
2026-01-07T07:32:49.054855+00:00,GBPUSD,Direction.SHORT,1.35142,1.3502,0.45,54.89999999999995,TAKE_PROFIT,54580534786
2026-01-07T07:32:56.144397+00:00,GBPUSD,Direction.SHORT,1.35142,1.35022,0.45,54.00000000000404,TAKE_PROFIT,54580534786
2026-01-07T07:32:59.834958+00:00,GBPUSD,Direction.SHORT,1.35142,1.35019,0.45,55.3500000000029,TAKE_PROFIT,54580534786
2026-01-07T07:33:06.367280+00:00,GBPUSD,Direction.SHORT,1.35142,1.35015,0.45,57.1500000000047,TAKE_PROFIT,54580534786
2026-01-07T07:33:10.062388+00:00,GBPUSD,Direction.SHORT,1.35142,1.34976,0.45,74.69999999999976,TAKE_PROFIT,54580534786
2026-01-07T07:33:16.586961+00:00,GBPUSD,Direction.SHORT,1.35142,1.34982,0.45,72.00000000000206,TAKE_PROFIT,54580534786
2026-01-07T07:33:20.286120+00:00,GBPUSD,Direction.SHORT,1.35142,1.3498299999999999,0.45,71.5500000000091,TAKE_PROFIT,54580534786
2026-01-07T07:33:27.342778+00:00,GBPUSD,Direction.SHORT,1.35142,1.34981,0.45,72.450000000005,TAKE_PROFIT,54580534786
2026-01-07T07:33:31.024471+00:00,GBPUSD,Direction.SHORT,1.35142,1.34974,0.45,75.60000000000566,TAKE_PROFIT,54580534786
2026-01-07T07:33:37.558193+00:00,GBPUSD,Direction.SHORT,1.35142,1.34992,0.45,67.50000000000256,TAKE_PROFIT,54580534786
2026-01-07T12:12:02.745363+00:00,AUDUSD,Direction.SHORT,0.67493,0.67333,0.43,68.80000000000196,TAKE_PROFIT,54580654215
2026-01-07T12:12:10.418131+00:00,AUDUSD,Direction.SHORT,0.67493,0.67339,0.43,66.21999999999939,TAKE_PROFIT,54580654215
2026-01-07T12:12:50.796265+00:00,AUDUSD,Direction.SHORT,0.67493,0.67338,0.43,66.65000000000221,TAKE_PROFIT,54580654215
2026-01-07T12:12:59.023155+00:00,AUDUSD,Direction.SHORT,0.67493,0.67341,0.43,65.3600000000033,TAKE_PROFIT,54580654215
2026-01-07T12:22:24.722965+00:00,GBPUSD,Direction.SHORT,1.35142,1.34918,0.45,100.80000000000089,TAKE_PROFIT,54580534786
2026-01-07T12:22:24.904704+00:00,AUDUSD,Direction.SHORT,0.67493,0.67316,0.43,76.11000000000212,TAKE_PROFIT,54580654215
2026-01-07T12:22:35.566242+00:00,GBPUSD,Direction.SHORT,1.35142,1.34923,0.45,98.55000000000614,TAKE_PROFIT,54580534786
2026-01-07T12:22:35.741644+00:00,AUDUSD,Direction.SHORT,0.67493,0.6731,0.43,78.68999999999993,TAKE_PROFIT,54580654215
2026-01-07T12:22:45.930501+00:00,GBPUSD,Direction.SHORT,1.35142,1.34914,0.45,102.6000000000027,TAKE_PROFIT,54580534786
2026-01-07T12:22:46.087693+00:00,AUDUSD,Direction.SHORT,0.67493,0.67308,0.43,79.5500000000008,TAKE_PROFIT,54580654215
2026-01-07T12:22:56.294741+00:00,GBPUSD,Direction.SHORT,1.35142,1.34913,0.45,103.05000000000564,TAKE_PROFIT,54580534786
2026-01-07T12:22:56.468094+00:00,AUDUSD,Direction.SHORT,0.67493,0.67306,0.43,80.41000000000165,TAKE_PROFIT,54580654215
2026-01-07T12:23:06.659446+00:00,GBPUSD,Direction.SHORT,1.35142,1.34933,0.45,94.05000000000663,TAKE_PROFIT,54580534786
2026-01-07T12:23:06.828416+00:00,AUDUSD,Direction.SHORT,0.67493,0.67311,0.43,78.26000000000188,TAKE_PROFIT,54580654215
2026-01-07T12:23:17.032899+00:00,GBPUSD,Direction.SHORT,1.35142,1.34941,0.45,90.45000000000303,TAKE_PROFIT,54580534786
2026-01-07T12:23:17.204883+00:00,AUDUSD,Direction.SHORT,0.67493,0.67312,0.43,77.82999999999906,TAKE_PROFIT,54580654215
2026-01-07T12:23:27.400499+00:00,GBPUSD,Direction.SHORT,1.35142,1.34938,0.45,91.80000000000189,TAKE_PROFIT,54580534786
2026-01-07T12:23:27.570025+00:00,AUDUSD,Direction.SHORT,0.67493,0.67312,0.43,77.82999999999906,TAKE_PROFIT,54580654215
2026-01-07T12:23:37.774290+00:00,GBPUSD,Direction.SHORT,1.35142,1.34932,0.45,94.49999999999959,TAKE_PROFIT,54580534786
2026-01-07T12:23:37.961940+00:00,AUDUSD,Direction.SHORT,0.67493,0.67313,0.43,77.40000000000103,TAKE_PROFIT,54580654215
2026-01-07T12:23:48.158961+00:00,GBPUSD,Direction.SHORT,1.35142,1.34934,0.45,93.60000000000369,TAKE_PROFIT,54580534786
2026-01-07T12:23:48.326080+00:00,AUDUSD,Direction.SHORT,0.67493,0.67311,0.43,78.26000000000188,TAKE_PROFIT,54580654215
2026-01-07T12:23:58.537769+00:00,GBPUSD,Direction.SHORT,1.35142,1.3492899999999999,0.45,95.85000000000844,TAKE_PROFIT,54580534786
2026-01-07T12:23:58.710844+00:00,AUDUSD,Direction.SHORT,0.67493,0.6731,0.43,78.68999999999993,TAKE_PROFIT,54580654215
2026-01-07T12:24:08.896091+00:00,GBPUSD,Direction.SHORT,1.35142,1.3492,0.45,99.900000000005,TAKE_PROFIT,54580534786
2026-01-07T12:24:09.063286+00:00,AUDUSD,Direction.SHORT,0.67493,0.67304,0.43,81.2700000000025,TAKE_PROFIT,54580654215
2026-01-07T12:24:19.250279+00:00,GBPUSD,Direction.SHORT,1.35142,1.34927,0.45,96.75000000000433,TAKE_PROFIT,54580534786
2026-01-07T12:24:19.429375+00:00,AUDUSD,Direction.SHORT,0.67493,0.67305,0.43,80.83999999999969,TAKE_PROFIT,54580654215
2026-01-07T12:24:29.620210+00:00,GBPUSD,Direction.SHORT,1.35142,1.34933,0.45,94.05000000000663,TAKE_PROFIT,54580534786
2026-01-07T12:24:29.785524+00:00,AUDUSD,Direction.SHORT,0.67493,0.67312,0.43,77.82999999999906,TAKE_PROFIT,54580654215
2026-01-07T12:24:39.976125+00:00,GBPUSD,Direction.SHORT,1.35142,1.34932,0.45,94.49999999999959,TAKE_PROFIT,54580534786
2026-01-07T12:24:40.148311+00:00,AUDUSD,Direction.SHORT,0.67493,0.67311,0.43,78.26000000000188,TAKE_PROFIT,54580654215
2026-01-07T12:24:50.346748+00:00,GBPUSD,Direction.SHORT,1.35142,1.3493,0.45,95.40000000000549,TAKE_PROFIT,54580534786
2026-01-07T12:24:50.513192+00:00,AUDUSD,Direction.SHORT,0.67493,0.67309,0.43,79.12000000000275,TAKE_PROFIT,54580654215
2026-01-07T12:25:00.700229+00:00,GBPUSD,Direction.SHORT,1.35142,1.34928,0.45,96.30000000000139,TAKE_PROFIT,54580534786
2026-01-07T12:25:00.869973+00:00,AUDUSD,Direction.SHORT,0.67493,0.67307,0.43,79.9800000000036,TAKE_PROFIT,54580654215
2026-01-07T12:25:11.054379+00:00,GBPUSD,Direction.SHORT,1.35142,1.3492,0.45,99.900000000005,TAKE_PROFIT,54580534786
2026-01-07T12:25:11.213168+00:00,AUDUSD,Direction.SHORT,0.67493,0.67306,0.43,80.41000000000165,TAKE_PROFIT,54580654215
2026-01-07T12:25:21.417224+00:00,GBPUSD,Direction.SHORT,1.35142,1.3491900000000001,0.45,100.34999999999795,TAKE_PROFIT,54580534786
2026-01-07T12:25:21.585397+00:00,AUDUSD,Direction.SHORT,0.67493,0.67304,0.43,81.2700000000025,TAKE_PROFIT,54580654215
2026-01-07T12:25:31.770074+00:00,GBPUSD,Direction.SHORT,1.35142,1.3491900000000001,0.45,100.34999999999795,TAKE_PROFIT,54580534786
2026-01-07T12:25:31.932590+00:00,AUDUSD,Direction.SHORT,0.67493,0.67305,0.43,80.83999999999969,TAKE_PROFIT,54580654215
2026-01-07T12:25:42.126302+00:00,GBPUSD,Direction.SHORT,1.35142,1.34918,0.45,100.80000000000089,TAKE_PROFIT,54580534786
2026-01-07T12:25:42.301382+00:00,AUDUSD,Direction.SHORT,0.67493,0.67305,0.43,80.83999999999969,TAKE_PROFIT,54580654215
2026-01-07T12:25:52.491923+00:00,GBPUSD,Direction.SHORT,1.35142,1.34903,0.45,107.55000000000514,TAKE_PROFIT,54580534786
2026-01-07T12:25:52.650138+00:00,AUDUSD,Direction.SHORT,0.67493,0.67302,0.43,82.13000000000336,TAKE_PROFIT,54580654215
2026-01-07T12:26:02.930546+00:00,GBPUSD,Direction.SHORT,1.35142,1.34903,0.45,107.55000000000514,TAKE_PROFIT,54580534786
2026-01-07T12:26:03.099907+00:00,AUDUSD,Direction.SHORT,0.67493,0.67302,0.43,82.13000000000336,TAKE_PROFIT,54580654215
2026-01-07T12:26:13.292418+00:00,GBPUSD,Direction.SHORT,1.35142,1.34889,0.45,113.85000000000646,TAKE_PROFIT,54580534786
2026-01-07T12:26:13.464436+00:00,AUDUSD,Direction.SHORT,0.67493,0.67302,0.43,82.13000000000336,TAKE_PROFIT,54580654215
2026-01-07T12:26:23.670287+00:00,GBPUSD,Direction.SHORT,1.35142,1.34882,0.45,117.00000000000709,TAKE_PROFIT,54580534786
2026-01-07T12:26:23.838312+00:00,AUDUSD,Direction.SHORT,0.67493,0.67304,0.43,81.2700000000025,TAKE_PROFIT,54580654215
2026-01-07T12:26:34.044233+00:00,GBPUSD,Direction.SHORT,1.35142,1.34872,0.45,121.50000000000661,TAKE_PROFIT,54580534786
2026-01-07T12:26:34.216696+00:00,AUDUSD,Direction.SHORT,0.67493,0.67302,0.43,82.13000000000336,TAKE_PROFIT,54580654215
2026-01-07T12:26:44.435352+00:00,GBPUSD,Direction.SHORT,1.35142,1.3488,0.45,117.900000000003,TAKE_PROFIT,54580534786
2026-01-07T12:26:44.599275+00:00,AUDUSD,Direction.SHORT,0.67493,0.67306,0.43,80.41000000000165,TAKE_PROFIT,54580654215
2026-01-07T12:26:54.815554+00:00,GBPUSD,Direction.SHORT,1.35142,1.34869,0.45,122.85000000000547,TAKE_PROFIT,54580534786
2026-01-07T12:26:54.980568+00:00,AUDUSD,Direction.SHORT,0.67493,0.67304,0.43,81.2700000000025,TAKE_PROFIT,54580654215
2026-01-07T12:27:05.170086+00:00,GBPUSD,Direction.SHORT,1.35142,1.3487,0.45,122.40000000000252,TAKE_PROFIT,54580534786
2026-01-07T12:27:05.342486+00:00,AUDUSD,Direction.SHORT,0.67493,0.67307,0.43,79.9800000000036,TAKE_PROFIT,54580654215
2026-01-07T12:27:15.533677+00:00,GBPUSD,Direction.SHORT,1.35142,1.34877,0.45,119.25000000000186,TAKE_PROFIT,54580534786
2026-01-07T12:27:15.695797+00:00,AUDUSD,Direction.SHORT,0.67493,0.67306,0.43,80.41000000000165,TAKE_PROFIT,54580654215
2026-01-07T12:27:25.892498+00:00,GBPUSD,Direction.SHORT,1.35142,1.34863,0.45,125.55000000000315,TAKE_PROFIT,54580534786
2026-01-07T12:27:26.054385+00:00,AUDUSD,Direction.SHORT,0.67493,0.67304,0.43,81.2700000000025,TAKE_PROFIT,54580654215
2026-01-07T12:27:36.236549+00:00,GBPUSD,Direction.SHORT,1.35142,1.34872,0.45,121.50000000000661,TAKE_PROFIT,54580534786
2026-01-07T12:27:36.402451+00:00,AUDUSD,Direction.SHORT,0.67493,0.67311,0.43,78.26000000000188,TAKE_PROFIT,54580654215
2026-01-07T12:27:46.593967+00:00,GBPUSD,Direction.SHORT,1.35142,1.34872,0.45,121.50000000000661,TAKE_PROFIT,54580534786
2026-01-07T12:27:46.767640+00:00,AUDUSD,Direction.SHORT,0.67493,0.67314,0.43,76.97000000000298,TAKE_PROFIT,54580654215
2026-01-07T12:27:56.969105+00:00,GBPUSD,Direction.SHORT,1.35142,1.34885,0.45,115.64999999999826,TAKE_PROFIT,54580534786
2026-01-07T12:27:57.133276+00:00,AUDUSD,Direction.SHORT,0.67493,0.6732,0.43,74.3900000000004,TAKE_PROFIT,54580654215
2026-01-07T12:28:07.329844+00:00,GBPUSD,Direction.SHORT,1.35142,1.34873,0.45,121.05000000000366,TAKE_PROFIT,54580534786
2026-01-07T12:28:07.497669+00:00,AUDUSD,Direction.SHORT,0.67493,0.67314,0.43,76.97000000000298,TAKE_PROFIT,54580654215
2026-01-07T12:28:17.729674+00:00,GBPUSD,Direction.SHORT,1.35142,1.34881,0.45,117.45000000000006,TAKE_PROFIT,54580534786
2026-01-07T12:28:17.906046+00:00,AUDUSD,Direction.SHORT,0.67493,0.67317,0.43,75.6799999999993,TAKE_PROFIT,54580654215
2026-01-07T12:28:28.093711+00:00,GBPUSD,Direction.SHORT,1.35142,1.3488,0.45,117.900000000003,TAKE_PROFIT,54580534786
2026-01-07T12:28:28.268133+00:00,AUDUSD,Direction.SHORT,0.67493,0.67317,0.43,75.6799999999993,TAKE_PROFIT,54580654215
2026-01-07T12:28:38.471059+00:00,GBPUSD,Direction.SHORT,1.35142,1.34891,0.45,112.95000000000056,TAKE_PROFIT,54580534786
2026-01-07T12:28:38.645093+00:00,AUDUSD,Direction.SHORT,0.67493,0.6732,0.43,74.3900000000004,TAKE_PROFIT,54580654215
2026-01-07T12:28:48.854118+00:00,GBPUSD,Direction.SHORT,1.35142,1.34893,0.45,112.05000000000466,TAKE_PROFIT,54580534786
2026-01-07T12:28:49.023897+00:00,AUDUSD,Direction.SHORT,0.67493,0.67322,0.43,73.52999999999953,TAKE_PROFIT,54580654215
2026-01-07T12:28:59.195590+00:00,GBPUSD,Direction.SHORT,1.35142,1.34884,0.45,116.1000000000012,TAKE_PROFIT,54580534786
2026-01-07T12:28:59.364179+00:00,AUDUSD,Direction.SHORT,0.67493,0.67321,0.43,73.96000000000235,TAKE_PROFIT,54580654215
2026-01-07T12:29:11.313171+00:00,GBPUSD,Direction.SHORT,1.35142,1.34885,0.45,115.64999999999826,TAKE_PROFIT,54580534786
2026-01-07T12:29:11.469629+00:00,AUDUSD,Direction.SHORT,0.67493,0.6732,0.43,74.3900000000004,TAKE_PROFIT,54580654215
2026-01-07T12:30:04.845173+00:00,GBPUSD,Direction.SHORT,1.35142,1.34889,0.45,113.85000000000646,TAKE_PROFIT,54580534786
2026-01-07T12:30:05.004173+00:00,AUDUSD,Direction.SHORT,0.67493,0.67322,0.43,73.52999999999953,TAKE_PROFIT,54580654215
2026-01-07T12:30:23.142117+00:00,GBPUSD,Direction.SHORT,1.35142,1.34884,0.45,116.1000000000012,TAKE_PROFIT,54580534786
2026-01-07T12:30:23.300165+00:00,AUDUSD,Direction.SHORT,0.67493,0.67323,0.43,73.1000000000015,TAKE_PROFIT,54580654215
2026-01-07T12:30:51.843550+00:00,AUDUSD,Direction.SHORT,0.67493,0.6733,0.43,70.09000000000087,TAKE_PROFIT,54580654215
2026-01-07T12:51:02.291274+00:00,AUDUSD,Direction.LONG,0.6731,0.67328,0.43,7.739999999998193,TAKE_PROFIT,54585024010
2026-01-07T12:51:02.468271+00:00,AUDUSD,Direction.LONG,0.67308,0.67328,0.43,8.599999999999053,TAKE_PROFIT,54585027581
2026-01-07T12:51:02.642456+00:00,AUDUSD,Direction.LONG,0.67306,0.67328,0.43,9.459999999999912,TAKE_PROFIT,54585031613
2026-01-07T12:51:02.811923+00:00,AUDUSD,Direction.LONG,0.67312,0.67328,0.43,6.879999999997332,TAKE_PROFIT,54585034733
2026-01-07T12:51:02.978335+00:00,AUDUSD,Direction.LONG,0.67312,0.67328,0.43,6.879999999997332,TAKE_PROFIT,54585038737
2026-01-07T12:51:03.147540+00:00,AUDUSD,Direction.LONG,0.67312,0.67328,0.43,6.879999999997332,TAKE_PROFIT,54585041598
2026-01-07T12:51:03.314470+00:00,AUDUSD,Direction.LONG,0.67313,0.67328,0.43,6.44999999999929,TAKE_PROFIT,54585043773
2026-01-07T12:51:03.476021+00:00,AUDUSD,Direction.LONG,0.67311,0.67328,0.43,7.310000000000149,TAKE_PROFIT,54585046355
2026-01-07T12:51:03.649492+00:00,AUDUSD,Direction.LONG,0.6731,0.67328,0.43,7.739999999998193,TAKE_PROFIT,54585049621
2026-01-07T12:51:03.813285+00:00,AUDUSD,Direction.LONG,0.67304,0.67328,0.43,10.320000000000773,TAKE_PROFIT,54585053044
2026-01-07T12:51:03.982293+00:00,AUDUSD,Direction.LONG,0.67305,0.67328,0.43,9.889999999997956,TAKE_PROFIT,54585056058
2026-01-07T12:51:04.144003+00:00,AUDUSD,Direction.LONG,0.67312,0.67328,0.43,6.879999999997332,TAKE_PROFIT,54585059334
2026-01-07T12:51:04.312389+00:00,AUDUSD,Direction.LONG,0.67308,0.67328,0.43,8.599999999999053,TAKE_PROFIT,54585062433
2026-01-07T12:51:04.474650+00:00,AUDUSD,Direction.LONG,0.67309,0.67328,0.43,8.170000000001009,TAKE_PROFIT,54585065373
2026-01-07T12:51:04.640384+00:00,AUDUSD,Direction.LONG,0.67307,0.67328,0.43,9.03000000000187,TAKE_PROFIT,54585068149
2026-01-07T12:51:04.812287+00:00,AUDUSD,Direction.LONG,0.67306,0.67328,0.43,9.459999999999912,TAKE_PROFIT,54585071943
2026-01-07T12:51:04.975173+00:00,AUDUSD,Direction.LONG,0.67304,0.67328,0.43,10.320000000000773,TAKE_PROFIT,54585075228
2026-01-07T12:51:05.140555+00:00,AUDUSD,Direction.LONG,0.67305,0.67328,0.43,9.889999999997956,TAKE_PROFIT,54585077674
2026-01-07T12:51:05.307886+00:00,AUDUSD,Direction.LONG,0.67304,0.67328,0.43,10.320000000000773,TAKE_PROFIT,54585080029
2026-01-07T12:51:05.471699+00:00,GBPUSD,Direction.LONG,1.34903,1.34911,0.45,3.6000000000036003,TAKE_PROFIT,54585084125
2026-01-07T12:51:05.649408+00:00,AUDUSD,Direction.LONG,0.67302,0.67328,0.43,11.180000000001632,TAKE_PROFIT,54585084201
2026-01-07T12:51:05.814640+00:00,GBPUSD,Direction.LONG,1.34903,1.34911,0.45,3.6000000000036003,TAKE_PROFIT,54585088967
2026-01-07T12:51:05.969600+00:00,AUDUSD,Direction.LONG,0.67302,0.67328,0.43,11.180000000001632,TAKE_PROFIT,54585089081
2026-01-07T12:51:06.144135+00:00,GBPUSD,Direction.LONG,1.34889,1.34911,0.45,9.900000000004905,TAKE_PROFIT,54585092389
2026-01-07T12:51:06.310861+00:00,AUDUSD,Direction.LONG,0.67302,0.67328,0.43,11.180000000001632,TAKE_PROFIT,54585092422
2026-01-07T12:51:06.473310+00:00,GBPUSD,Direction.LONG,1.34883,1.34911,0.45,12.600000000002611,TAKE_PROFIT,54585095609
2026-01-07T12:51:06.643888+00:00,AUDUSD,Direction.LONG,0.67303,0.67328,0.43,10.749999999998815,TAKE_PROFIT,54585095660
2026-01-07T12:51:06.816699+00:00,GBPUSD,Direction.LONG,1.34872,1.34911,0.45,17.550000000005063,TAKE_PROFIT,54585098407
2026-01-07T12:51:06.986680+00:00,AUDUSD,Direction.LONG,0.67302,0.67328,0.43,11.180000000001632,TAKE_PROFIT,54585098456
2026-01-07T12:51:07.163050+00:00,GBPUSD,Direction.LONG,1.3488,1.34911,0.45,13.950000000001461,TAKE_PROFIT,54585101571
2026-01-07T12:51:07.336985+00:00,AUDUSD,Direction.LONG,0.67306,0.67328,0.43,9.459999999999912,TAKE_PROFIT,54585101597
2026-01-07T12:51:07.520149+00:00,GBPUSD,Direction.LONG,1.34869,1.34911,0.45,18.900000000003914,TAKE_PROFIT,54585104540
2026-01-07T12:51:07.696241+00:00,AUDUSD,Direction.LONG,0.67304,0.67328,0.43,10.320000000000773,TAKE_PROFIT,54585104575
2026-01-07T12:51:07.873344+00:00,GBPUSD,Direction.LONG,1.3487,1.34911,0.45,18.450000000000966,TAKE_PROFIT,54585106866
2026-01-07T12:51:08.037690+00:00,AUDUSD,Direction.LONG,0.67307,0.67328,0.43,9.03000000000187,TAKE_PROFIT,54585106915
2026-01-07T12:51:08.213258+00:00,GBPUSD,Direction.LONG,1.34877,1.34911,0.45,15.300000000000315,TAKE_PROFIT,54585110688
2026-01-07T12:51:08.390460+00:00,AUDUSD,Direction.LONG,0.67306,0.67328,0.43,9.459999999999912,TAKE_PROFIT,54585110784
2026-01-07T12:51:08.564989+00:00,GBPUSD,Direction.LONG,1.34863,1.34911,0.45,21.600000000001618,TAKE_PROFIT,54585114821
2026-01-07T12:51:08.730228+00:00,AUDUSD,Direction.LONG,0.67304,0.67328,0.43,10.320000000000773,TAKE_PROFIT,54585114917
2026-01-07T12:51:08.899931+00:00,GBPUSD,Direction.LONG,1.34872,1.34911,0.45,17.550000000005063,TAKE_PROFIT,54585117665
2026-01-07T12:51:09.076094+00:00,AUDUSD,Direction.LONG,0.67311,0.67328,0.43,7.310000000000149,TAKE_PROFIT,54585117730
2026-01-07T12:51:09.273218+00:00,GBPUSD,Direction.LONG,1.34872,1.34911,0.45,17.550000000005063,TAKE_PROFIT,54585120334
2026-01-07T12:51:09.439371+00:00,AUDUSD,Direction.LONG,0.67314,0.67328,0.43,6.020000000001247,TAKE_PROFIT,54585120357
2026-01-07T12:51:09.608933+00:00,GBPUSD,Direction.LONG,1.34886,1.34911,0.45,11.250000000003757,TAKE_PROFIT,54585123445
2026-01-07T12:51:09.780277+00:00,AUDUSD,Direction.LONG,0.6732,0.67328,0.43,3.439999999998666,TAKE_PROFIT,54585123513
2026-01-07T12:51:09.942089+00:00,GBPUSD,Direction.LONG,1.34873,1.34911,0.45,17.100000000002115,TAKE_PROFIT,54585127170
2026-01-07T12:51:10.111708+00:00,AUDUSD,Direction.LONG,0.67314,0.67328,0.43,6.020000000001247,TAKE_PROFIT,54585127211
2026-01-07T12:51:10.288132+00:00,GBPUSD,Direction.LONG,1.34881,1.34911,0.45,13.499999999998515,TAKE_PROFIT,54585130064
2026-01-07T12:51:10.451485+00:00,AUDUSD,Direction.LONG,0.67317,0.67328,0.43,4.7299999999975695,TAKE_PROFIT,54585130090
2026-01-07T12:51:10.618388+00:00,GBPUSD,Direction.LONG,1.34881,1.34911,0.45,13.499999999998515,TAKE_PROFIT,54585132844
2026-01-07T12:51:10.788337+00:00,AUDUSD,Direction.LONG,0.67317,0.67328,0.43,4.7299999999975695,TAKE_PROFIT,54585132869
2026-01-07T12:51:10.957713+00:00,GBPUSD,Direction.LONG,1.34891,1.34911,0.45,8.999999999999009,TAKE_PROFIT,54585136447
2026-01-07T12:51:11.124393+00:00,AUDUSD,Direction.LONG,0.6732,0.67328,0.43,3.439999999998666,TAKE_PROFIT,54585136571
2026-01-07T12:51:11.292373+00:00,GBPUSD,Direction.LONG,1.34893,1.34911,0.45,8.100000000003105,TAKE_PROFIT,54585141186
2026-01-07T12:51:11.454226+00:00,GBPUSD,Direction.LONG,1.34884,1.34911,0.45,12.149999999999661,TAKE_PROFIT,54585144908
2026-01-07T12:51:11.612446+00:00,AUDUSD,Direction.LONG,0.67321,0.67328,0.43,3.0100000000006233,TAKE_PROFIT,54585144959
2026-01-07T12:51:11.780701+00:00,GBPUSD,Direction.LONG,1.34885,1.34911,0.45,11.699999999996713,TAKE_PROFIT,54585148646
2026-01-07T12:51:11.943729+00:00,AUDUSD,Direction.LONG,0.6732,0.67328,0.43,3.439999999998666,TAKE_PROFIT,54585148676
2026-01-07T12:51:12.115455+00:00,GBPUSD,Direction.LONG,1.34889,1.34911,0.45,9.900000000004905,TAKE_PROFIT,54585167164
2026-01-07T12:51:12.288042+00:00,GBPUSD,Direction.LONG,1.34884,1.34911,0.45,12.149999999999661,TAKE_PROFIT,54585173674
2026-01-07T12:51:22.585174+00:00,AUDUSD,Direction.LONG,0.6731,0.67334,0.43,10.320000000000773,TAKE_PROFIT,54585024010
2026-01-07T12:51:22.752070+00:00,AUDUSD,Direction.LONG,0.67308,0.67334,0.43,11.180000000001632,TAKE_PROFIT,54585027581
2026-01-07T12:51:22.924031+00:00,AUDUSD,Direction.LONG,0.67306,0.67334,0.43,12.040000000002493,TAKE_PROFIT,54585031613
2026-01-07T12:51:23.099870+00:00,AUDUSD,Direction.LONG,0.67312,0.67334,0.43,9.459999999999912,TAKE_PROFIT,54585034733
2026-01-07T12:51:23.263883+00:00,AUDUSD,Direction.LONG,0.67312,0.67334,0.43,9.459999999999912,TAKE_PROFIT,54585038737
2026-01-07T12:51:23.428334+00:00,AUDUSD,Direction.LONG,0.67312,0.67334,0.43,9.459999999999912,TAKE_PROFIT,54585041598
2026-01-07T12:51:23.600020+00:00,AUDUSD,Direction.LONG,0.67313,0.67334,0.43,9.03000000000187,TAKE_PROFIT,54585043773
2026-01-07T12:51:23.830747+00:00,GBPUSD,Direction.LONG,1.34889,1.34907,0.45,8.100000000003105,TAKE_PROFIT,54585092389
2026-01-07T12:51:24.006365+00:00,GBPUSD,Direction.LONG,1.34883,1.34907,0.45,10.800000000000809,TAKE_PROFIT,54585095609
2026-01-07T12:51:24.183592+00:00,GBPUSD,Direction.LONG,1.34872,1.34907,0.45,15.750000000003261,TAKE_PROFIT,54585098407
2026-01-07T12:51:24.354524+00:00,GBPUSD,Direction.LONG,1.3488,1.34907,0.45,12.149999999999661,TAKE_PROFIT,54585101571
2026-01-07T12:51:24.526240+00:00,GBPUSD,Direction.LONG,1.34869,1.34907,0.45,17.100000000002115,TAKE_PROFIT,54585104540
2026-01-07T12:51:24.700277+00:00,GBPUSD,Direction.LONG,1.3487,1.34907,0.45,16.649999999999167,TAKE_PROFIT,54585106866
2026-01-07T12:51:24.866049+00:00,GBPUSD,Direction.LONG,1.34877,1.34907,0.45,13.499999999998515,TAKE_PROFIT,54585110688
2026-01-07T12:51:25.035664+00:00,GBPUSD,Direction.LONG,1.34863,1.34907,0.45,19.799999999999816,TAKE_PROFIT,54585114821
2026-01-07T12:51:25.207329+00:00,GBPUSD,Direction.LONG,1.34872,1.34907,0.45,15.750000000003261,TAKE_PROFIT,54585117665
2026-01-07T12:51:25.380421+00:00,GBPUSD,Direction.LONG,1.34872,1.34907,0.45,15.750000000003261,TAKE_PROFIT,54585120334
2026-01-07T12:51:25.567483+00:00,GBPUSD,Direction.LONG,1.34886,1.34907,0.45,9.450000000001957,TAKE_PROFIT,54585123445
2026-01-07T12:51:25.736747+00:00,GBPUSD,Direction.LONG,1.34873,1.34907,0.45,15.300000000000315,TAKE_PROFIT,54585127170
2026-01-07T12:51:25.901254+00:00,GBPUSD,Direction.LONG,1.34881,1.34907,0.45,11.699999999996713,TAKE_PROFIT,54585130064
2026-01-07T12:51:26.075938+00:00,GBPUSD,Direction.LONG,1.34881,1.34907,0.45,11.699999999996713,TAKE_PROFIT,54585132844
2026-01-07T12:51:26.254001+00:00,GBPUSD,Direction.LONG,1.34891,1.34907,0.45,7.199999999997209,TAKE_PROFIT,54585136447
2026-01-07T12:51:26.426134+00:00,GBPUSD,Direction.LONG,1.34893,1.34907,0.45,6.3000000000013054,TAKE_PROFIT,54585141186
2026-01-07T12:51:26.608916+00:00,GBPUSD,Direction.LONG,1.34884,1.34907,0.45,10.349999999997861,TAKE_PROFIT,54585144908
2026-01-07T12:51:26.786221+00:00,GBPUSD,Direction.LONG,1.34885,1.34907,0.45,9.899999999994913,TAKE_PROFIT,54585148646
2026-01-07T12:51:26.959163+00:00,GBPUSD,Direction.LONG,1.34889,1.34907,0.45,8.100000000003105,TAKE_PROFIT,54585167164
2026-01-07T12:53:19.183900+00:00,GBPUSD,Direction.LONG,1.3491900000000001,1.3492600000000001,0.45,3.1500000000006527,TAKE_PROFIT,54585075193
2026-01-07T12:53:19.346261+00:00,GBPUSD,Direction.LONG,1.3491900000000001,1.3492600000000001,0.45,3.1500000000006527,TAKE_PROFIT,54585077657
2026-01-07T12:53:19.521079+00:00,GBPUSD,Direction.LONG,1.34918,1.3492600000000001,0.45,3.6000000000036003,TAKE_PROFIT,54585079991
2026-01-07T12:53:21.147889+00:00,GBPUSD,Direction.LONG,1.3492199999999999,1.34932,0.45,4.500000000009496,TAKE_PROFIT,54585052997
2026-01-07T12:53:21.313152+00:00,GBPUSD,Direction.LONG,1.34924,1.34932,0.45,3.6000000000036003,TAKE_PROFIT,54585056012
2026-01-07T12:53:21.496667+00:00,GBPUSD,Direction.LONG,1.3492,1.34932,0.45,5.4000000000054005,TAKE_PROFIT,54585071882
2026-01-07T12:53:21.655134+00:00,GBPUSD,Direction.LONG,1.3491900000000001,1.34932,0.45,5.8499999999983565,TAKE_PROFIT,54585075193
2026-01-07T12:53:21.828561+00:00,GBPUSD,Direction.LONG,1.3491900000000001,1.34932,0.45,5.8499999999983565,TAKE_PROFIT,54585077657
2026-01-07T12:53:21.992258+00:00,GBPUSD,Direction.LONG,1.34918,1.34932,0.45,6.3000000000013054,TAKE_PROFIT,54585079991
2026-01-07T12:53:29.714570+00:00,GBPUSD,Direction.LONG,1.3492199999999999,1.34931,0.45,4.050000000006548,TAKE_PROFIT,54585052997
2026-01-07T12:53:29.882156+00:00,GBPUSD,Direction.LONG,1.34924,1.34931,0.45,3.1500000000006527,TAKE_PROFIT,54585056012
2026-01-07T12:53:30.050323+00:00,GBPUSD,Direction.LONG,1.3492,1.34931,0.45,4.950000000002452,TAKE_PROFIT,54585071882
2026-01-07T12:53:30.220329+00:00,GBPUSD,Direction.LONG,1.3491900000000001,1.34931,0.45,5.3999999999954085,TAKE_PROFIT,54585075193
2026-01-07T12:53:45.600543+00:00,GBPUSD,Direction.SHORT,1.34932,1.3492199999999999,0.45,4.500000000009496,TAKE_PROFIT,54585554006
2026-01-07T12:53:45.795579+00:00,GBPUSD,Direction.SHORT,1.34932,1.3492199999999999,0.45,4.500000000009496,TAKE_PROFIT,54585554069
2026-01-07T12:53:45.959888+00:00,GBPUSD,Direction.SHORT,1.34932,1.3492199999999999,0.45,4.500000000009496,TAKE_PROFIT,54585554129
2026-01-07T12:53:46.129334+00:00,GBPUSD,Direction.SHORT,1.34933,1.3492199999999999,0.45,4.950000000002452,TAKE_PROFIT,54585554227
2026-01-07T12:53:46.287986+00:00,GBPUSD,Direction.SHORT,1.34933,1.3492199999999999,0.45,4.950000000002452,TAKE_PROFIT,54585554281
2026-01-07T12:53:46.464077+00:00,GBPUSD,Direction.SHORT,1.34936,1.3492199999999999,0.45,6.3000000000013054,TAKE_PROFIT,54585554351
2026-01-07T12:53:46.630539+00:00,GBPUSD,Direction.SHORT,1.34931,1.3492199999999999,0.45,4.050000000006548,TAKE_PROFIT,54585557832
2026-01-07T12:53:46.799762+00:00,GBPUSD,Direction.SHORT,1.34931,1.3492199999999999,0.45,4.050000000006548,TAKE_PROFIT,54585557888
2026-01-07T12:53:53.839013+00:00,GBPUSD,Direction.SHORT,1.34932,1.3492199999999999,0.45,4.500000000009496,TAKE_PROFIT,54585554006
2026-01-07T12:53:54.006763+00:00,GBPUSD,Direction.SHORT,1.34932,1.3492199999999999,0.45,4.500000000009496,TAKE_PROFIT,54585554069
2026-01-07T12:53:54.179357+00:00,GBPUSD,Direction.SHORT,1.34932,1.3492199999999999,0.45,4.500000000009496,TAKE_PROFIT,54585554129
2026-01-07T12:53:54.356280+00:00,GBPUSD,Direction.SHORT,1.34933,1.3492199999999999,0.45,4.950000000002452,TAKE_PROFIT,54585554227
2026-01-07T12:53:54.525204+00:00,GBPUSD,Direction.SHORT,1.34933,1.3492199999999999,0.45,4.950000000002452,TAKE_PROFIT,54585554281
2026-01-07T12:53:54.694202+00:00,GBPUSD,Direction.SHORT,1.34936,1.3492199999999999,0.45,6.3000000000013054,TAKE_PROFIT,54585554351
2026-01-07T12:53:54.862608+00:00,GBPUSD,Direction.SHORT,1.34931,1.3492199999999999,0.45,4.050000000006548,TAKE_PROFIT,54585557832
2026-01-07T12:53:55.024490+00:00,GBPUSD,Direction.SHORT,1.34931,1.3492199999999999,0.45,4.050000000006548,TAKE_PROFIT,54585557888
2026-01-07T12:54:05.219506+00:00,GBPUSD,Direction.SHORT,1.34936,1.3492899999999999,0.45,3.1500000000006527,TAKE_PROFIT,54585554351
2026-01-07T22:45:32.070156+00:00,GBPUSD,Direction.SHORT,1.3477999999999999,1.34641,0.04,5.559999999999121,TAKE_PROFIT,54590043472
2026-01-07T22:45:42.469909+00:00,GBPUSD,Direction.SHORT,1.3477999999999999,1.34638,0.04,5.679999999999907,TAKE_PROFIT,54590043472
2026-01-07T22:45:53.082364+00:00,GBPUSD,Direction.SHORT,1.3477999999999999,1.3464,0.04,5.599999999999383,TAKE_PROFIT,54590043472
2026-01-07T22:46:03.282197+00:00,GBPUSD,Direction.SHORT,1.3477999999999999,1.3464,0.04,5.599999999999383,TAKE_PROFIT,54590043472
2026-01-07T22:46:13.473493+00:00,GBPUSD,Direction.SHORT,1.3477999999999999,1.34639,0.04,5.639999999999645,TAKE_PROFIT,54590043472
2026-01-07T22:46:24.262969+00:00,GBPUSD,Direction.SHORT,1.3477999999999999,1.3464,0.04,5.599999999999383,TAKE_PROFIT,54590043472
2026-01-07T22:46:34.453873+00:00,GBPUSD,Direction.SHORT,1.3477999999999999,1.34638,0.04,5.679999999999907,TAKE_PROFIT,54590043472
2026-01-08T01:15:31.453856+00:00,GBPUSD,Direction.LONG,1.34641,1.34583,0.04,-2.3200000000000998,TIME_EXIT,54594356541
2026-01-08T01:15:31.707444+00:00,GBPUSD,Direction.LONG,1.34641,1.34583,0.04,-2.3200000000000998,TIME_EXIT,54594356580
2026-01-08T01:15:42.023794+00:00,GBPUSD,Direction.LONG,1.34641,1.34583,0.04,-2.3200000000000998,TIME_EXIT,54594356541
2026-01-08T01:15:42.285321+00:00,GBPUSD,Direction.LONG,1.34641,1.34583,0.04,-2.3200000000000998,TIME_EXIT,54594356580
2026-01-08T01:15:42.540531+00:00,GBPUSD,Direction.LONG,1.34638,1.34583,0.04,-2.1999999999993136,TIME_EXIT,54594356726
2026-01-08T01:15:52.794768+00:00,GBPUSD,Direction.LONG,1.34641,1.34582,0.04,-2.360000000000362,TIME_EXIT,54594356541
2026-01-08T01:15:52.966315+00:00,GBPUSD,Direction.LONG,1.34641,1.34582,0.04,-2.360000000000362,TIME_EXIT,54594356580
2026-01-08T01:15:53.151820+00:00,GBPUSD,Direction.LONG,1.34638,1.34582,0.04,-2.2399999999995757,TIME_EXIT,54594356726
2026-01-08T01:15:53.387107+00:00,GBPUSD,Direction.LONG,1.3464,1.34582,0.04,-2.3200000000000998,TIME_EXIT,54594356817
2026-01-08T01:16:07.559394+00:00,GBPUSD,Direction.LONG,1.34641,1.34584,0.04,-2.280000000000726,TIME_EXIT,54594356541
2026-01-08T01:16:07.730010+00:00,GBPUSD,Direction.LONG,1.34641,1.34584,0.04,-2.280000000000726,TIME_EXIT,54594356580
2026-01-08T01:16:07.919733+00:00,GBPUSD,Direction.LONG,1.34638,1.34584,0.04,-2.1599999999999397,TIME_EXIT,54594356726
2026-01-08T01:16:08.089341+00:00,GBPUSD,Direction.LONG,1.3464,1.34584,0.04,-2.240000000000464,TIME_EXIT,54594356817
2026-01-08T01:16:08.254624+00:00,GBPUSD,Direction.LONG,1.34639,1.34584,0.04,-2.200000000000202,TIME_EXIT,54594356903
2026-01-08T01:16:18.587576+00:00,GBPUSD,Direction.LONG,1.34641,1.34589,0.04,-2.080000000000304,TIME_EXIT,54594356541
2026-01-08T01:16:18.827933+00:00,GBPUSD,Direction.LONG,1.34641,1.34589,0.04,-2.080000000000304,TIME_EXIT,54594356580
2026-01-08T01:16:19.004773+00:00,GBPUSD,Direction.LONG,1.3464,1.34589,0.04,-2.040000000000042,TIME_EXIT,54594356817
2026-01-08T01:16:29.218492+00:00,GBPUSD,Direction.LONG,1.34641,1.34586,0.04,-2.200000000000202,TIME_EXIT,54594356541
2026-01-08T01:16:29.381555+00:00,GBPUSD,Direction.LONG,1.34641,1.34586,0.04,-2.200000000000202,TIME_EXIT,54594356580
2026-01-08T01:16:29.602341+00:00,GBPUSD,Direction.LONG,1.34638,1.34586,0.04,-2.0799999999994156,TIME_EXIT,54594356726
2026-01-08T01:16:29.759239+00:00,GBPUSD,Direction.LONG,1.3464,1.34586,0.04,-2.1599999999999397,TIME_EXIT,54594356817
2026-01-08T01:16:30.019589+00:00,GBPUSD,Direction.LONG,1.34639,1.34586,0.04,-2.1199999999996777,TIME_EXIT,54594356903
2026-01-08T01:16:30.268012+00:00,GBPUSD,Direction.LONG,1.34639,1.34586,0.04,-2.1199999999996777,TIME_EXIT,54594357015
2026-01-08T01:16:30.504428+00:00,GBPUSD,Direction.LONG,1.3464,1.34586,0.04,-2.1599999999999397,TIME_EXIT,54594357128
2026-01-08T01:16:40.804820+00:00,GBPUSD,Direction.LONG,1.34641,1.34585,0.04,-2.240000000000464,TIME_EXIT,54594356541
2026-01-08T01:16:41.113397+00:00,GBPUSD,Direction.LONG,1.34641,1.34585,0.04,-2.240000000000464,TIME_EXIT,54594356580
2026-01-08T01:16:41.352368+00:00,GBPUSD,Direction.LONG,1.34638,1.34585,0.04,-2.1199999999996777,TIME_EXIT,54594356726
2026-01-08T01:16:41.626437+00:00,GBPUSD,Direction.LONG,1.3464,1.34585,0.04,-2.200000000000202,TIME_EXIT,54594356817
2026-01-08T01:16:41.901390+00:00,GBPUSD,Direction.LONG,1.34639,1.34585,0.04,-2.1599999999999397,TIME_EXIT,54594356903
2026-01-08T01:16:42.159576+00:00,GBPUSD,Direction.LONG,1.34639,1.34585,0.04,-2.1599999999999397,TIME_EXIT,54594357015
2026-01-08T01:16:42.472133+00:00,GBPUSD,Direction.LONG,1.3464,1.34585,0.04,-2.200000000000202,TIME_EXIT,54594357128
2026-01-08T01:16:42.733991+00:00,GBPUSD,Direction.LONG,1.34638,1.34585,0.04,-2.1199999999996777,TIME_EXIT,54594357275
2026-01-08T01:16:53.042596+00:00,GBPUSD,Direction.LONG,1.34641,1.34584,0.04,-2.280000000000726,TIME_EXIT,54594356541
2026-01-08T01:16:53.285153+00:00,GBPUSD,Direction.LONG,1.34641,1.34584,0.04,-2.280000000000726,TIME_EXIT,54594356580
2026-01-08T01:16:53.539250+00:00,GBPUSD,Direction.LONG,1.34638,1.34584,0.04,-2.1599999999999397,TIME_EXIT,54594356726
2026-01-08T01:16:53.791972+00:00,GBPUSD,Direction.LONG,1.3464,1.34584,0.04,-2.240000000000464,TIME_EXIT,54594356817
2026-01-08T01:16:54.049698+00:00,GBPUSD,Direction.LONG,1.34639,1.34584,0.04,-2.200000000000202,TIME_EXIT,54594356903
2026-01-08T01:16:54.330112+00:00,GBPUSD,Direction.LONG,1.34639,1.34584,0.04,-2.200000000000202,TIME_EXIT,54594357015
2026-01-08T01:16:54.604873+00:00,GBPUSD,Direction.LONG,1.3464,1.34584,0.04,-2.240000000000464,TIME_EXIT,54594357128
2026-01-08T01:16:54.823623+00:00,GBPUSD,Direction.LONG,1.34638,1.34584,0.04,-2.1599999999999397,TIME_EXIT,54594357275
2026-01-08T01:17:05.142443+00:00,GBPUSD,Direction.LONG,1.34641,1.3458700000000001,0.04,-2.1599999999999397,TIME_EXIT,54594356541
2026-01-08T01:17:05.421120+00:00,GBPUSD,Direction.LONG,1.34641,1.3458700000000001,0.04,-2.1599999999999397,TIME_EXIT,54594356580
2026-01-08T01:17:05.661350+00:00,GBPUSD,Direction.LONG,1.34638,1.3458700000000001,0.04,-2.0399999999991536,TIME_EXIT,54594356726
2026-01-08T01:17:05.925375+00:00,GBPUSD,Direction.LONG,1.3464,1.3458700000000001,0.04,-2.1199999999996777,TIME_EXIT,54594356817
2026-01-08T01:17:06.218021+00:00,GBPUSD,Direction.LONG,1.34639,1.3458700000000001,0.04,-2.0799999999994156,TIME_EXIT,54594356903
2026-01-08T01:17:06.441751+00:00,GBPUSD,Direction.LONG,1.34639,1.3458700000000001,0.04,-2.0799999999994156,TIME_EXIT,54594357015
2026-01-08T01:17:06.695083+00:00,GBPUSD,Direction.LONG,1.3464,1.3458700000000001,0.04,-2.1199999999996777,TIME_EXIT,54594357128
2026-01-08T01:17:06.972202+00:00,GBPUSD,Direction.LONG,1.34638,1.3458700000000001,0.04,-2.0399999999991536,TIME_EXIT,54594357275
2026-01-08T01:17:17.316341+00:00,GBPUSD,Direction.LONG,1.34641,1.34583,0.04,-2.3200000000000998,TIME_EXIT,54594356541
2026-01-08T01:17:17.565929+00:00,GBPUSD,Direction.LONG,1.34641,1.34583,0.04,-2.3200000000000998,TIME_EXIT,54594356580
2026-01-08T01:17:17.814099+00:00,GBPUSD,Direction.LONG,1.34638,1.34583,0.04,-2.1999999999993136,TIME_EXIT,54594356726
2026-01-08T01:17:18.093002+00:00,GBPUSD,Direction.LONG,1.3464,1.34583,0.04,-2.2799999999998377,TIME_EXIT,54594356817
2026-01-08T01:17:18.349306+00:00,GBPUSD,Direction.LONG,1.34639,1.34583,0.04,-2.2399999999995757,TIME_EXIT,54594356903
2026-01-08T01:17:18.610987+00:00,GBPUSD,Direction.LONG,1.34639,1.34583,0.04,-2.2399999999995757,TIME_EXIT,54594357015
2026-01-08T01:17:18.871803+00:00,GBPUSD,Direction.LONG,1.3464,1.34583,0.04,-2.2799999999998377,TIME_EXIT,54594357128
2026-01-08T01:17:19.137412+00:00,GBPUSD,Direction.LONG,1.34638,1.34583,0.04,-2.1999999999993136,TIME_EXIT,54594357275
2026-01-08T01:17:29.415660+00:00,GBPUSD,Direction.LONG,1.34641,1.34583,0.04,-2.3200000000000998,TIME_EXIT,54594356541
2026-01-08T01:17:29.661347+00:00,GBPUSD,Direction.LONG,1.34641,1.34583,0.04,-2.3200000000000998,TIME_EXIT,54594356580
2026-01-08T01:17:29.954071+00:00,GBPUSD,Direction.LONG,1.34638,1.34583,0.04,-2.1999999999993136,TIME_EXIT,54594356726
2026-01-08T01:17:30.183781+00:00,GBPUSD,Direction.LONG,1.3464,1.34583,0.04,-2.2799999999998377,TIME_EXIT,54594356817
2026-01-08T01:17:30.440829+00:00,GBPUSD,Direction.LONG,1.34639,1.34583,0.04,-2.2399999999995757,TIME_EXIT,54594356903
2026-01-08T01:17:30.705204+00:00,GBPUSD,Direction.LONG,1.34639,1.34583,0.04,-2.2399999999995757,TIME_EXIT,54594357015
2026-01-08T01:17:30.954971+00:00,GBPUSD,Direction.LONG,1.3464,1.34583,0.04,-2.2799999999998377,TIME_EXIT,54594357128
2026-01-08T01:17:31.127971+00:00,GBPUSD,Direction.LONG,1.34638,1.34583,0.04,-2.1999999999993136,TIME_EXIT,54594357275
2026-01-08T01:17:42.603930+00:00,GBPUSD,Direction.LONG,1.34641,1.34579,0.04,-2.4800000000002598,TIME_EXIT,54594356541
2026-01-08T01:17:43.304729+00:00,GBPUSD,Direction.LONG,1.34641,1.34579,0.04,-2.4800000000002598,TIME_EXIT,54594356580
2026-01-08T01:17:44.505065+00:00,GBPUSD,Direction.LONG,1.34638,1.34579,0.04,-2.3599999999994736,TIME_EXIT,54594356726
2026-01-08T01:17:52.009740+00:00,GBPUSD,Direction.LONG,1.3464,1.34579,0.04,-2.4399999999999977,TIME_EXIT,54594356817
2026-01-08T01:18:35.227878+00:00,GBPUSD,Direction.LONG,1.34641,1.34582,0.04,-2.360000000000362,TIME_EXIT,54594356541
2026-01-08T01:18:35.486467+00:00,GBPUSD,Direction.LONG,1.34641,1.34582,0.04,-2.360000000000362,TIME_EXIT,54594356580
2026-01-08T01:18:35.729744+00:00,GBPUSD,Direction.LONG,1.34638,1.34582,0.04,-2.2399999999995757,TIME_EXIT,54594356726
2026-01-08T01:18:35.980289+00:00,GBPUSD,Direction.LONG,1.3464,1.34582,0.04,-2.3200000000000998,TIME_EXIT,54594356817
2026-01-08T01:18:36.272144+00:00,GBPUSD,Direction.LONG,1.34639,1.34582,0.04,-2.2799999999998377,TIME_EXIT,54594356903
2026-01-08T01:18:36.533976+00:00,GBPUSD,Direction.LONG,1.34639,1.34582,0.04,-2.2799999999998377,TIME_EXIT,54594357015
2026-01-08T01:18:36.790716+00:00,GBPUSD,Direction.LONG,1.3464,1.34582,0.04,-2.3200000000000998,TIME_EXIT,54594357128
2026-01-08T01:18:37.049286+00:00,GBPUSD,Direction.LONG,1.34638,1.34582,0.04,-2.2399999999995757,TIME_EXIT,54594357275
2026-01-08T01:18:47.320731+00:00,GBPUSD,Direction.LONG,1.34641,1.34583,0.04,-2.3200000000000998,TIME_EXIT,54594356541
2026-01-08T01:18:47.518356+00:00,GBPUSD,Direction.LONG,1.34641,1.34583,0.04,-2.3200000000000998,TIME_EXIT,54594356580
2026-01-08T01:18:47.719604+00:00,GBPUSD,Direction.LONG,1.34638,1.34583,0.04,-2.1999999999993136,TIME_EXIT,54594356726
2026-01-08T01:18:47.919590+00:00,GBPUSD,Direction.LONG,1.3464,1.34583,0.04,-2.2799999999998377,TIME_EXIT,54594356817
2026-01-08T01:18:48.127867+00:00,GBPUSD,Direction.LONG,1.34639,1.34583,0.04,-2.2399999999995757,TIME_EXIT,54594356903
2026-01-08T01:18:48.343729+00:00,GBPUSD,Direction.LONG,1.34639,1.34583,0.04,-2.2399999999995757,TIME_EXIT,54594357015
2026-01-08T01:18:48.580104+00:00,GBPUSD,Direction.LONG,1.3464,1.34583,0.04,-2.2799999999998377,TIME_EXIT,54594357128
2026-01-08T01:18:48.770513+00:00,GBPUSD,Direction.LONG,1.34638,1.34583,0.04,-2.1999999999993136,TIME_EXIT,54594357275
2026-01-08T01:18:59.004662+00:00,GBPUSD,Direction.LONG,1.34641,1.34584,0.04,-2.280000000000726,TIME_EXIT,54594356541
2026-01-08T01:18:59.190860+00:00,GBPUSD,Direction.LONG,1.34641,1.34584,0.04,-2.280000000000726,TIME_EXIT,54594356580
2026-01-08T01:18:59.385080+00:00,GBPUSD,Direction.LONG,1.34638,1.34584,0.04,-2.1599999999999397,TIME_EXIT,54594356726
2026-01-08T01:18:59.572198+00:00,GBPUSD,Direction.LONG,1.3464,1.34584,0.04,-2.240000000000464,TIME_EXIT,54594356817
2026-01-08T01:18:59.957883+00:00,GBPUSD,Direction.LONG,1.34639,1.34584,0.04,-2.200000000000202,TIME_EXIT,54594356903
2026-01-08T01:19:00.154474+00:00,GBPUSD,Direction.LONG,1.34639,1.34584,0.04,-2.200000000000202,TIME_EXIT,54594357015
2026-01-08T01:19:00.345191+00:00,GBPUSD,Direction.LONG,1.3464,1.34584,0.04,-2.240000000000464,TIME_EXIT,54594357128
2026-01-08T01:19:00.530305+00:00,GBPUSD,Direction.LONG,1.34638,1.34584,0.04,-2.1599999999999397,TIME_EXIT,54594357275
2026-01-08T01:19:10.858402+00:00,GBPUSD,Direction.LONG,1.34641,1.34581,0.04,-2.400000000000624,TIME_EXIT,54594356541
2026-01-08T01:19:11.107358+00:00,GBPUSD,Direction.LONG,1.34641,1.34581,0.04,-2.400000000000624,TIME_EXIT,54594356580
2026-01-08T01:19:11.392655+00:00,GBPUSD,Direction.LONG,1.34638,1.34581,0.04,-2.2799999999998377,TIME_EXIT,54594356726
2026-01-08T01:19:11.624121+00:00,GBPUSD,Direction.LONG,1.3464,1.34581,0.04,-2.360000000000362,TIME_EXIT,54594356817
2026-01-08T01:19:11.886570+00:00,GBPUSD,Direction.LONG,1.34639,1.34581,0.04,-2.3200000000000998,TIME_EXIT,54594356903
2026-01-08T01:19:12.153434+00:00,GBPUSD,Direction.LONG,1.34639,1.34581,0.04,-2.3200000000000998,TIME_EXIT,54594357015
2026-01-08T01:19:12.349417+00:00,GBPUSD,Direction.LONG,1.3464,1.34581,0.04,-2.360000000000362,TIME_EXIT,54594357128
2026-01-08T01:19:12.541286+00:00,GBPUSD,Direction.LONG,1.34638,1.34581,0.04,-2.2799999999998377,TIME_EXIT,54594357275
2026-01-08T01:19:22.886890+00:00,GBPUSD,Direction.LONG,1.34641,1.3458,0.04,-2.4399999999999977,TIME_EXIT,54594356541
2026-01-08T01:19:23.154420+00:00,GBPUSD,Direction.LONG,1.34641,1.3458,0.04,-2.4399999999999977,TIME_EXIT,54594356580
2026-01-08T01:19:23.409405+00:00,GBPUSD,Direction.LONG,1.34638,1.3458,0.04,-2.3199999999992116,TIME_EXIT,54594356726
2026-01-08T01:19:23.592880+00:00,GBPUSD,Direction.LONG,1.3464,1.3458,0.04,-2.3999999999997357,TIME_EXIT,54594356817
2026-01-08T01:19:23.780078+00:00,GBPUSD,Direction.LONG,1.34639,1.3458,0.04,-2.3599999999994736,TIME_EXIT,54594356903
2026-01-08T01:19:23.973289+00:00,GBPUSD,Direction.LONG,1.34639,1.3458,0.04,-2.3599999999994736,TIME_EXIT,54594357015
2026-01-08T01:19:24.235310+00:00,GBPUSD,Direction.LONG,1.3464,1.3458,0.04,-2.3999999999997357,TIME_EXIT,54594357128
2026-01-08T01:19:24.497760+00:00,GBPUSD,Direction.LONG,1.34638,1.3458,0.04,-2.3199999999992116,TIME_EXIT,54594357275
2026-01-08T01:19:34.790962+00:00,GBPUSD,Direction.LONG,1.34641,1.34581,0.04,-2.400000000000624,TIME_EXIT,54594356541
2026-01-08T01:19:35.101074+00:00,GBPUSD,Direction.LONG,1.34641,1.34581,0.04,-2.400000000000624,TIME_EXIT,54594356580
2026-01-08T01:19:35.427721+00:00,GBPUSD,Direction.LONG,1.34638,1.34581,0.04,-2.2799999999998377,TIME_EXIT,54594356726
2026-01-08T01:19:35.682926+00:00,GBPUSD,Direction.LONG,1.3464,1.34581,0.04,-2.360000000000362,TIME_EXIT,54594356817
2026-01-08T01:19:35.932365+00:00,GBPUSD,Direction.LONG,1.34639,1.34581,0.04,-2.3200000000000998,TIME_EXIT,54594356903
2026-01-08T01:19:36.199528+00:00,GBPUSD,Direction.LONG,1.34639,1.34581,0.04,-2.3200000000000998,TIME_EXIT,54594357015
2026-01-08T01:19:36.451623+00:00,GBPUSD,Direction.LONG,1.3464,1.34581,0.04,-2.360000000000362,TIME_EXIT,54594357128
2026-01-08T01:19:36.715772+00:00,GBPUSD,Direction.LONG,1.34638,1.34581,0.04,-2.2799999999998377,TIME_EXIT,54594357275
2026-01-08T01:19:46.961196+00:00,USDJPY,Direction.SHORT,156.713,156.763,0.05,-1.5947640706037576,TIME_EXIT,54594356450
2026-01-08T01:19:47.219112+00:00,GBPUSD,Direction.LONG,1.34641,1.34581,0.04,-2.400000000000624,TIME_EXIT,54594356541
2026-01-08T01:19:47.415691+00:00,GBPUSD,Direction.LONG,1.34641,1.34581,0.04,-2.400000000000624,TIME_EXIT,54594356580
2026-01-08T01:19:47.611010+00:00,GBPUSD,Direction.LONG,1.34638,1.34581,0.04,-2.2799999999998377,TIME_EXIT,54594356726
2026-01-08T01:19:47.800618+00:00,GBPUSD,Direction.LONG,1.3464,1.34581,0.04,-2.360000000000362,TIME_EXIT,54594356817
2026-01-08T01:19:47.983907+00:00,GBPUSD,Direction.LONG,1.34639,1.34581,0.04,-2.3200000000000998,TIME_EXIT,54594356903
2026-01-08T01:19:48.176450+00:00,GBPUSD,Direction.LONG,1.34639,1.34581,0.04,-2.3200000000000998,TIME_EXIT,54594357015
2026-01-08T01:19:48.361472+00:00,GBPUSD,Direction.LONG,1.3464,1.34581,0.04,-2.360000000000362,TIME_EXIT,54594357128
2026-01-08T01:19:48.552307+00:00,GBPUSD,Direction.LONG,1.34638,1.34581,0.04,-2.2799999999998377,TIME_EXIT,54594357275
2026-01-08T01:19:58.793304+00:00,USDJPY,Direction.SHORT,156.713,156.764,0.05,-1.626648975530611,TIME_EXIT,54594356450
2026-01-08T01:19:58.982700+00:00,GBPUSD,Direction.LONG,1.34641,1.34581,0.04,-2.400000000000624,TIME_EXIT,54594356541
2026-01-08T01:19:59.178071+00:00,GBPUSD,Direction.LONG,1.34641,1.34581,0.04,-2.400000000000624,TIME_EXIT,54594356580
2026-01-08T01:19:59.380296+00:00,GBPUSD,Direction.LONG,1.34638,1.34581,0.04,-2.2799999999998377,TIME_EXIT,54594356726
2026-01-08T01:19:59.577780+00:00,GBPUSD,Direction.LONG,1.3464,1.34581,0.04,-2.360000000000362,TIME_EXIT,54594356817
2026-01-08T01:19:59.792046+00:00,GBPUSD,Direction.LONG,1.34639,1.34581,0.04,-2.3200000000000998,TIME_EXIT,54594356903
2026-01-08T01:20:00.015527+00:00,GBPUSD,Direction.LONG,1.34639,1.34581,0.04,-2.3200000000000998,TIME_EXIT,54594357015
2026-01-08T01:20:00.203668+00:00,GBPUSD,Direction.LONG,1.3464,1.34581,0.04,-2.360000000000362,TIME_EXIT,54594357128
2026-01-08T01:20:00.393482+00:00,GBPUSD,Direction.LONG,1.34638,1.34581,0.04,-2.2799999999998377,TIME_EXIT,54594357275
2026-01-08T01:20:11.837490+00:00,USDJPY,Direction.SHORT,156.713,156.763,0.05,-1.5947640706037576,TIME_EXIT,54594356450
2026-01-08T01:20:12.099605+00:00,GBPUSD,Direction.LONG,1.34641,1.34584,0.04,-2.280000000000726,TIME_EXIT,54594356541
2026-01-08T01:20:12.704453+00:00,GBPUSD,Direction.LONG,1.34641,1.34584,0.04,-2.280000000000726,TIME_EXIT,54594356580
2026-01-08T01:20:13.321058+00:00,GBPUSD,Direction.LONG,1.34638,1.34584,0.04,-2.1599999999999397,TIME_EXIT,54594356726
2026-01-08T01:20:13.558442+00:00,GBPUSD,Direction.LONG,1.3464,1.34584,0.04,-2.240000000000464,TIME_EXIT,54594356817
2026-01-08T01:20:14.046341+00:00,GBPUSD,Direction.LONG,1.34639,1.34584,0.04,-2.200000000000202,TIME_EXIT,54594356903
2026-01-08T01:20:14.311009+00:00,GBPUSD,Direction.LONG,1.34639,1.34584,0.04,-2.200000000000202,TIME_EXIT,54594357015
2026-01-08T01:20:14.511060+00:00,GBPUSD,Direction.LONG,1.3464,1.34584,0.04,-2.240000000000464,TIME_EXIT,54594357128
2026-01-08T01:20:14.702381+00:00,GBPUSD,Direction.LONG,1.34638,1.34584,0.04,-2.1599999999999397,TIME_EXIT,54594357275
2026-01-08T01:20:24.941931+00:00,USDJPY,Direction.SHORT,156.713,156.763,0.05,-1.5947640706037576,TIME_EXIT,54594356450
2026-01-08T01:20:25.133881+00:00,GBPUSD,Direction.LONG,1.34641,1.3458999999999999,0.04,-2.04000000000093,TIME_EXIT,54594356541
2026-01-08T01:20:25.329825+00:00,GBPUSD,Direction.LONG,1.34641,1.3458999999999999,0.04,-2.04000000000093,TIME_EXIT,54594356580
2026-01-08T01:20:25.530072+00:00,GBPUSD,Direction.LONG,1.3464,1.3458999999999999,0.04,-2.000000000000668,TIME_EXIT,54594356817
2026-01-08T01:20:25.716071+00:00,GBPUSD,Direction.LONG,1.3464,1.3458999999999999,0.04,-2.000000000000668,TIME_EXIT,54594357128
2026-01-08T01:20:56.011411+00:00,GBPUSD,Direction.LONG,1.34641,1.34588,0.04,-2.120000000000566,TIME_EXIT,54594356541
2026-01-08T01:20:56.203565+00:00,GBPUSD,Direction.LONG,1.34641,1.34588,0.04,-2.120000000000566,TIME_EXIT,54594356580
2026-01-08T01:20:56.387641+00:00,GBPUSD,Direction.LONG,1.3464,1.34588,0.04,-2.080000000000304,TIME_EXIT,54594356817
2026-01-08T01:20:56.580724+00:00,GBPUSD,Direction.LONG,1.34639,1.34588,0.04,-2.040000000000042,TIME_EXIT,54594356903
2026-01-08T01:20:56.771133+00:00,GBPUSD,Direction.LONG,1.34639,1.34588,0.04,-2.040000000000042,TIME_EXIT,54594357015
2026-01-08T01:20:56.959328+00:00,GBPUSD,Direction.LONG,1.3464,1.34588,0.04,-2.080000000000304,TIME_EXIT,54594357128
2026-01-08T01:25:18.198083+00:00,USDJPY,Direction.SHORT,156.713,156.764,0.05,-1.626648975530611,TIME_EXIT,54594356450
2026-01-08T01:25:28.437417+00:00,USDJPY,Direction.SHORT,156.713,156.763,0.05,-1.5947640706037576,TIME_EXIT,54594356450
2026-01-08T01:27:43.237103+00:00,USDJPY,Direction.SHORT,156.713,156.776,0.05,-2.009236107568014,TIME_EXIT,54594356450
2026-01-08T01:27:53.465614+00:00,USDJPY,Direction.SHORT,156.713,156.778,0.05,-2.0729949355138393,TIME_EXIT,54594356450
2026-01-08T01:28:03.718174+00:00,USDJPY,Direction.SHORT,156.713,156.791,0.05,-2.487387668935174,TIME_EXIT,54594356450
2026-01-08T01:28:03.904330+00:00,GBPUSD,Direction.LONG,1.34641,1.34586,0.04,-2.200000000000202,TIME_EXIT,54594356541
2026-01-08T01:28:04.091391+00:00,GBPUSD,Direction.LONG,1.34641,1.34586,0.04,-2.200000000000202,TIME_EXIT,54594356580
2026-01-08T01:28:04.274765+00:00,GBPUSD,Direction.LONG,1.34638,1.34586,0.04,-2.0799999999994156,TIME_EXIT,54594356726
2026-01-08T01:28:04.471042+00:00,GBPUSD,Direction.LONG,1.3464,1.34586,0.04,-2.1599999999999397,TIME_EXIT,54594356817
2026-01-08T01:28:04.669721+00:00,GBPUSD,Direction.LONG,1.34639,1.34586,0.04,-2.1199999999996777,TIME_EXIT,54594356903
2026-01-08T01:28:04.914027+00:00,GBPUSD,Direction.LONG,1.34639,1.34586,0.04,-2.1199999999996777,TIME_EXIT,54594357015
2026-01-08T01:28:05.104985+00:00,GBPUSD,Direction.LONG,1.3464,1.34586,0.04,-2.1599999999999397,TIME_EXIT,54594357128
2026-01-08T01:28:05.348140+00:00,GBPUSD,Direction.LONG,1.34638,1.34586,0.04,-2.0799999999994156,TIME_EXIT,54594357275
2026-01-08T01:28:15.715891+00:00,USDJPY,Direction.SHORT,156.713,156.846,0.05,-4.239827601596782,TIME_EXIT,54594356450
2026-01-08T01:28:15.927456+00:00,GBPUSD,Direction.LONG,1.34641,1.34571,0.04,-2.80000000000058,TIME_EXIT,54594356541
2026-01-08T01:28:16.169697+00:00,GBPUSD,Direction.LONG,1.34641,1.34571,0.04,-2.80000000000058,TIME_EXIT,54594356580
2026-01-08T01:28:16.430138+00:00,GBPUSD,Direction.LONG,1.34638,1.34571,0.04,-2.6799999999997937,TIME_EXIT,54594356726
2026-01-08T01:28:16.666035+00:00,GBPUSD,Direction.LONG,1.3464,1.34571,0.04,-2.7600000000003178,TIME_EXIT,54594356817
2026-01-08T01:28:16.890375+00:00,GBPUSD,Direction.LONG,1.34639,1.34571,0.04,-2.7200000000000557,TIME_EXIT,54594356903
2026-01-08T01:28:17.110889+00:00,GBPUSD,Direction.LONG,1.34639,1.34571,0.04,-2.7200000000000557,TIME_EXIT,54594357015
2026-01-08T01:28:17.300795+00:00,GBPUSD,Direction.LONG,1.3464,1.34571,0.04,-2.7600000000003178,TIME_EXIT,54594357128
2026-01-08T01:28:17.488606+00:00,GBPUSD,Direction.LONG,1.34638,1.34571,0.04,-2.6799999999997937,TIME_EXIT,54594357275
2026-01-08T01:28:27.772071+00:00,USDJPY,Direction.SHORT,156.713,156.818,0.05,-3.3478299684990946,TIME_EXIT,54594356450
2026-01-08T01:28:27.965353+00:00,GBPUSD,Direction.LONG,1.34641,1.34577,0.04,-2.560000000000784,TIME_EXIT,54594356541
2026-01-08T01:28:28.153462+00:00,GBPUSD,Direction.LONG,1.34641,1.34577,0.04,-2.560000000000784,TIME_EXIT,54594356580
2026-01-08T01:28:28.351997+00:00,GBPUSD,Direction.LONG,1.34638,1.34577,0.04,-2.4399999999999977,TIME_EXIT,54594356726
2026-01-08T01:28:28.542015+00:00,GBPUSD,Direction.LONG,1.3464,1.34577,0.04,-2.520000000000522,TIME_EXIT,54594356817
2026-01-08T01:28:28.732709+00:00,GBPUSD,Direction.LONG,1.34639,1.34577,0.04,-2.4800000000002598,TIME_EXIT,54594356903
2026-01-08T01:28:28.924019+00:00,GBPUSD,Direction.LONG,1.34639,1.34577,0.04,-2.4800000000002598,TIME_EXIT,54594357015
2026-01-08T01:28:29.115230+00:00,GBPUSD,Direction.LONG,1.3464,1.34577,0.04,-2.520000000000522,TIME_EXIT,54594357128
2026-01-08T01:28:29.314366+00:00,GBPUSD,Direction.LONG,1.34638,1.34577,0.04,-2.4399999999999977,TIME_EXIT,54594357275
2026-01-08T01:28:39.544970+00:00,USDJPY,Direction.SHORT,156.713,156.825,0.05,-3.5708592380039783,TIME_EXIT,54594356450
2026-01-08T01:28:39.737289+00:00,GBPUSD,Direction.LONG,1.34641,1.34573,0.04,-2.7200000000000557,TIME_EXIT,54594356541
2026-01-08T01:28:39.929939+00:00,GBPUSD,Direction.LONG,1.34641,1.34573,0.04,-2.7200000000000557,TIME_EXIT,54594356580
2026-01-08T01:28:40.122256+00:00,GBPUSD,Direction.LONG,1.34638,1.34573,0.04,-2.5999999999992696,TIME_EXIT,54594356726
2026-01-08T02:35:09.274883+00:00,USDJPY,Direction.SHORT,156.713,156.873,0.05,-5.099666609295309,TIME_EXIT,54594356450
2026-01-08T02:35:09.459727+00:00,GBPUSD,Direction.LONG,1.34641,1.34544,0.04,-3.8800000000005497,TIME_EXIT,54594356541
2026-01-08T02:35:09.661407+00:00,GBPUSD,Direction.LONG,1.34641,1.34544,0.04,-3.8800000000005497,TIME_EXIT,54594356580
2026-01-08T02:35:09.854418+00:00,GBPUSD,Direction.LONG,1.34638,1.34544,0.04,-3.7599999999997635,TIME_EXIT,54594356726
2026-01-08T02:35:10.054400+00:00,GBPUSD,Direction.LONG,1.3464,1.34544,0.04,-3.8400000000002876,TIME_EXIT,54594356817
2026-01-08T02:35:10.241655+00:00,GBPUSD,Direction.LONG,1.34639,1.34544,0.04,-3.800000000000026,TIME_EXIT,54594356903
2026-01-08T02:35:20.520563+00:00,USDJPY,Direction.SHORT,156.713,156.87,0.05,-5.004143558360767,TIME_EXIT,54594356450
2026-01-08T02:35:20.709248+00:00,GBPUSD,Direction.LONG,1.34641,1.34555,0.04,-3.4400000000003317,TIME_EXIT,54594356541
2026-01-08T02:35:20.894693+00:00,GBPUSD,Direction.LONG,1.34641,1.34555,0.04,-3.4400000000003317,TIME_EXIT,54594356580
2026-01-08T02:35:21.084941+00:00,GBPUSD,Direction.LONG,1.34638,1.34555,0.04,-3.3199999999995455,TIME_EXIT,54594356726
2026-01-08T02:35:21.276654+00:00,GBPUSD,Direction.LONG,1.3464,1.34555,0.04,-3.4000000000000696,TIME_EXIT,54594356817
2026-01-08T02:37:03.413561+00:00,USDJPY,Direction.SHORT,156.713,156.893,0.05,-5.736393593085951,TIME_EXIT,54594356450
2026-01-08T02:37:34.705004+00:00,USDJPY,Direction.SHORT,156.713,156.888,0.05,-5.577227066442665,TIME_EXIT,54594356450
2026-01-08T02:37:34.908370+00:00,AUDUSD,Direction.LONG,0.67226,0.67173,0.04,-2.1199999999996777,TIME_EXIT,54594356469
2026-01-08T02:37:35.109178+00:00,GBPUSD,Direction.LONG,1.34641,1.34559,0.04,-3.2800000000001717,TIME_EXIT,54594356541
2026-01-08T02:37:35.305478+00:00,GBPUSD,Direction.LONG,1.34641,1.34559,0.04,-3.2800000000001717,TIME_EXIT,54594356580
2026-01-08T02:37:35.496210+00:00,GBPUSD,Direction.LONG,1.34638,1.34559,0.04,-3.1599999999993855,TIME_EXIT,54594356726
2026-01-08T02:41:34.077605+00:00,USDJPY,Direction.SHORT,156.713,156.887,0.05,-5.545392543678145,TIME_EXIT,54594356450
2026-01-08T02:41:34.302839+00:00,AUDUSD,Direction.LONG,0.67226,0.67155,0.04,-2.8399999999999537,TIME_EXIT,54594356469
2026-01-08T02:41:34.489144+00:00,GBPUSD,Direction.LONG,1.34641,1.34564,0.04,-3.080000000000638,TIME_EXIT,54594356541
2026-01-08T02:41:34.682558+00:00,GBPUSD,Direction.LONG,1.34641,1.34564,0.04,-3.080000000000638,TIME_EXIT,54594356580
2026-01-08T02:41:34.880351+00:00,GBPUSD,Direction.LONG,1.34638,1.34564,0.04,-2.9599999999998516,TIME_EXIT,54594356726
2026-01-08T02:41:35.075567+00:00,GBPUSD,Direction.LONG,1.3464,1.34564,0.04,-3.0400000000003757,TIME_EXIT,54594356817
2026-01-08T02:41:35.261701+00:00,GBPUSD,Direction.LONG,1.34639,1.34564,0.04,-3.000000000000114,TIME_EXIT,54594356903
2026-01-08T02:41:35.452077+00:00,GBPUSD,Direction.LONG,1.34639,1.34564,0.04,-3.000000000000114,TIME_EXIT,54594357015
2026-01-08T02:41:45.746002+00:00,USDJPY,Direction.SHORT,156.713,156.885,0.05,-5.481722280651339,TIME_EXIT,54594356450
2026-01-08T02:41:45.950153+00:00,AUDUSD,Direction.LONG,0.67226,0.67162,0.04,-2.5599999999998957,TIME_EXIT,54594356469
2026-01-08T02:41:46.139685+00:00,GBPUSD,Direction.LONG,1.34641,1.34557,0.04,-3.3600000000006958,TIME_EXIT,54594356541
2026-01-08T02:41:46.341020+00:00,GBPUSD,Direction.LONG,1.34641,1.34557,0.04,-3.3600000000006958,TIME_EXIT,54594356580
2026-01-08T02:41:46.535231+00:00,GBPUSD,Direction.LONG,1.34638,1.34557,0.04,-3.239999999999909,TIME_EXIT,54594356726
2026-01-08T02:41:46.726353+00:00,GBPUSD,Direction.LONG,1.3464,1.34557,0.04,-3.3200000000004337,TIME_EXIT,54594356817
2026-01-08T02:41:46.911123+00:00,GBPUSD,Direction.LONG,1.34639,1.34557,0.04,-3.2800000000001717,TIME_EXIT,54594356903
2026-01-08T02:41:47.098407+00:00,GBPUSD,Direction.LONG,1.34639,1.34557,0.04,-3.2800000000001717,TIME_EXIT,54594357015
2026-01-08T02:41:47.283867+00:00,GBPUSD,Direction.LONG,1.3464,1.34557,0.04,-3.3200000000004337,TIME_EXIT,54594357128
2026-01-08T02:41:47.470090+00:00,GBPUSD,Direction.LONG,1.34638,1.34557,0.04,-3.239999999999909,TIME_EXIT,54594357275
2026-01-08T02:41:47.658938+00:00,USDJPY,Direction.LONG,156.763,156.88,0.05,3.7289648138701637,TAKE_PROFIT,54595211713
2026-01-08T02:41:47.859936+00:00,USDJPY,Direction.LONG,156.764,156.88,0.05,3.6970933197343654,TAKE_PROFIT,54595212939
2026-01-08T02:41:48.051925+00:00,USDJPY,Direction.LONG,156.762,156.88,0.05,3.76083630800596,TAKE_PROFIT,54595214366
2026-01-08T02:41:48.242002+00:00,USDJPY,Direction.LONG,156.764,156.88,0.05,3.6970933197343654,TAKE_PROFIT,54595216701
2026-01-08T02:41:48.432605+00:00,USDJPY,Direction.LONG,156.763,156.88,0.05,3.7289648138701637,TAKE_PROFIT,54595249001
2026-01-08T02:41:48.631466+00:00,USDJPY,Direction.LONG,156.763,156.88,0.05,3.7289648138701637,TAKE_PROFIT,54595250718
2026-01-08T02:41:58.852624+00:00,USDJPY,Direction.SHORT,156.713,156.862,0.05,-4.749397559638437,TIME_EXIT,54594356450
2026-01-08T02:41:59.050951+00:00,AUDUSD,Direction.LONG,0.67226,0.67166,0.04,-2.3999999999997357,TIME_EXIT,54594356469
2026-01-08T02:41:59.235297+00:00,GBPUSD,Direction.LONG,1.34641,1.3456299999999999,0.04,-3.1200000000009,TIME_EXIT,54594356541
2026-01-08T02:42:09.574720+00:00,USDJPY,Direction.SHORT,156.713,156.86,0.05,-4.685706999873128,TIME_EXIT,54594356450
2026-01-08T02:42:09.776516+00:00,AUDUSD,Direction.LONG,0.67226,0.67168,0.04,-2.3199999999996557,TIME_EXIT,54594356469
2026-01-08T02:42:09.968705+00:00,GBPUSD,Direction.LONG,1.34641,1.34571,0.04,-2.80000000000058,TIME_EXIT,54594356541
2026-01-08T02:42:10.161870+00:00,GBPUSD,Direction.LONG,1.34641,1.34571,0.04,-2.80000000000058,TIME_EXIT,54594356580
2026-01-08T02:42:10.351145+00:00,GBPUSD,Direction.LONG,1.34638,1.34571,0.04,-2.6799999999997937,TIME_EXIT,54594356726
2026-01-08T02:42:10.544840+00:00,GBPUSD,Direction.LONG,1.3464,1.34571,0.04,-2.7600000000003178,TIME_EXIT,54594356817
2026-01-08T02:42:10.742377+00:00,GBPUSD,Direction.LONG,1.34639,1.34571,0.04,-2.7200000000000557,TIME_EXIT,54594356903
2026-01-08T02:42:10.938126+00:00,GBPUSD,Direction.LONG,1.34639,1.34571,0.04,-2.7200000000000557,TIME_EXIT,54594357015
2026-01-08T02:42:11.130059+00:00,GBPUSD,Direction.LONG,1.3464,1.34571,0.04,-2.7600000000003178,TIME_EXIT,54594357128
2026-01-08T02:42:11.315721+00:00,GBPUSD,Direction.LONG,1.34638,1.34571,0.04,-2.6799999999997937,TIME_EXIT,54594357275
2026-01-08T02:42:21.565093+00:00,USDJPY,Direction.SHORT,156.713,156.859,0.05,-4.653861110934502,TIME_EXIT,54594356450
2026-01-08T02:42:21.744693+00:00,AUDUSD,Direction.LONG,0.67226,0.6717,0.04,-2.2400000000000198,TIME_EXIT,54594356469
2026-01-08T02:42:21.942834+00:00,GBPUSD,Direction.LONG,1.34641,1.34572,0.04,-2.7600000000003178,TIME_EXIT,54594356541
2026-01-08T02:42:22.133871+00:00,GBPUSD,Direction.LONG,1.34641,1.34572,0.04,-2.7600000000003178,TIME_EXIT,54594356580
2026-01-08T02:42:22.329796+00:00,GBPUSD,Direction.LONG,1.34638,1.34572,0.04,-2.6399999999995316,TIME_EXIT,54594356726
2026-01-08T02:42:22.535895+00:00,GBPUSD,Direction.LONG,1.3464,1.34572,0.04,-2.7200000000000557,TIME_EXIT,54594356817
2026-01-08T02:42:22.720614+00:00,GBPUSD,Direction.LONG,1.34639,1.34572,0.04,-2.6799999999997937,TIME_EXIT,54594356903
2026-01-08T02:42:22.909180+00:00,GBPUSD,Direction.LONG,1.34639,1.34572,0.04,-2.6799999999997937,TIME_EXIT,54594357015
2026-01-08T02:42:23.112086+00:00,GBPUSD,Direction.LONG,1.3464,1.34572,0.04,-2.7200000000000557,TIME_EXIT,54594357128
2026-01-08T02:42:23.322039+00:00,GBPUSD,Direction.LONG,1.34638,1.34572,0.04,-2.6399999999995316,TIME_EXIT,54594357275
2026-01-08T02:42:33.544190+00:00,USDJPY,Direction.SHORT,156.713,156.848,0.05,-4.303529531776603,TIME_EXIT,54594356450
2026-01-08T02:42:33.731928+00:00,AUDUSD,Direction.LONG,0.67226,0.67174,0.04,-2.0799999999998597,TIME_EXIT,54594356469
2026-01-08T02:42:33.927938+00:00,GBPUSD,Direction.LONG,1.34641,1.34572,0.04,-2.7600000000003178,TIME_EXIT,54594356541
2026-01-08T02:42:34.126093+00:00,GBPUSD,Direction.LONG,1.34641,1.34572,0.04,-2.7600000000003178,TIME_EXIT,54594356580
2026-01-08T02:42:34.309594+00:00,GBPUSD,Direction.LONG,1.34638,1.34572,0.04,-2.6399999999995316,TIME_EXIT,54594356726
2026-01-08T02:42:34.509249+00:00,GBPUSD,Direction.LONG,1.3464,1.34572,0.04,-2.7200000000000557,TIME_EXIT,54594356817
2026-01-08T02:42:34.696359+00:00,GBPUSD,Direction.LONG,1.34639,1.34572,0.04,-2.6799999999997937,TIME_EXIT,54594356903
2026-01-08T02:42:34.879776+00:00,GBPUSD,Direction.LONG,1.34639,1.34572,0.04,-2.6799999999997937,TIME_EXIT,54594357015
2026-01-08T02:42:35.076357+00:00,GBPUSD,Direction.LONG,1.3464,1.34572,0.04,-2.7200000000000557,TIME_EXIT,54594357128
2026-01-08T02:42:35.271179+00:00,GBPUSD,Direction.LONG,1.34638,1.34572,0.04,-2.6399999999995316,TIME_EXIT,54594357275
2026-01-08T02:42:45.503287+00:00,USDJPY,Direction.SHORT,156.713,156.848,0.05,-4.303529531776603,TIME_EXIT,54594356450
2026-01-08T02:42:45.690164+00:00,AUDUSD,Direction.LONG,0.67226,0.67173,0.04,-2.1199999999996777,TIME_EXIT,54594356469
2026-01-08T02:42:45.891655+00:00,GBPUSD,Direction.LONG,1.34641,1.34571,0.04,-2.80000000000058,TIME_EXIT,54594356541
2026-01-08T02:42:46.069477+00:00,GBPUSD,Direction.LONG,1.34641,1.34571,0.04,-2.80000000000058,TIME_EXIT,54594356580
2026-01-08T02:42:46.258451+00:00,GBPUSD,Direction.LONG,1.34638,1.34571,0.04,-2.6799999999997937,TIME_EXIT,54594356726
2026-01-08T02:42:46.446136+00:00,GBPUSD,Direction.LONG,1.3464,1.34571,0.04,-2.7600000000003178,TIME_EXIT,54594356817
2026-01-08T02:42:46.641932+00:00,GBPUSD,Direction.LONG,1.34639,1.34571,0.04,-2.7200000000000557,TIME_EXIT,54594356903
2026-01-08T02:42:46.829034+00:00,GBPUSD,Direction.LONG,1.34639,1.34571,0.04,-2.7200000000000557,TIME_EXIT,54594357015
2026-01-08T02:42:47.023613+00:00,GBPUSD,Direction.LONG,1.3464,1.34571,0.04,-2.7600000000003178,TIME_EXIT,54594357128
2026-01-08T02:42:47.215676+00:00,GBPUSD,Direction.LONG,1.34638,1.34571,0.04,-2.6799999999997937,TIME_EXIT,54594357275
2026-01-08T02:42:58.442391+00:00,USDJPY,Direction.SHORT,156.713,156.848,0.05,-4.303529531776603,TIME_EXIT,54594356450
2026-01-08T02:42:58.633830+00:00,AUDUSD,Direction.LONG,0.67226,0.67173,0.04,-2.1199999999996777,TIME_EXIT,54594356469
2026-01-08T02:42:58.838030+00:00,GBPUSD,Direction.LONG,1.34641,1.34576,0.04,-2.6000000000001577,TIME_EXIT,54594356541
2026-01-08T02:42:59.034841+00:00,GBPUSD,Direction.LONG,1.34641,1.34576,0.04,-2.6000000000001577,TIME_EXIT,54594356580
2026-01-08T02:42:59.224520+00:00,GBPUSD,Direction.LONG,1.34638,1.34576,0.04,-2.4799999999993716,TIME_EXIT,54594356726
2026-01-08T02:42:59.420627+00:00,GBPUSD,Direction.LONG,1.3464,1.34576,0.04,-2.5599999999998957,TIME_EXIT,54594356817
2026-01-08T02:42:59.606454+00:00,GBPUSD,Direction.LONG,1.34639,1.34576,0.04,-2.5199999999996336,TIME_EXIT,54594356903
2026-01-08T02:42:59.799374+00:00,GBPUSD,Direction.LONG,1.34639,1.34576,0.04,-2.5199999999996336,TIME_EXIT,54594357015
2026-01-08T02:42:59.990861+00:00,GBPUSD,Direction.LONG,1.3464,1.34576,0.04,-2.5599999999998957,TIME_EXIT,54594357128
2026-01-08T02:43:00.182488+00:00,GBPUSD,Direction.LONG,1.34638,1.34576,0.04,-2.4799999999993716,TIME_EXIT,54594357275
2026-01-08T02:43:10.413994+00:00,USDJPY,Direction.SHORT,156.713,156.848,0.05,-4.303529531776603,TIME_EXIT,54594356450
2026-01-08T02:43:10.612288+00:00,AUDUSD,Direction.LONG,0.67226,0.67175,0.04,-2.040000000000042,TIME_EXIT,54594356469
2026-01-08T02:43:10.824170+00:00,GBPUSD,Direction.LONG,1.34641,1.34571,0.04,-2.80000000000058,TIME_EXIT,54594356541
2026-01-08T02:43:11.020898+00:00,GBPUSD,Direction.LONG,1.34641,1.34571,0.04,-2.80000000000058,TIME_EXIT,54594356580
2026-01-08T02:43:11.221215+00:00,GBPUSD,Direction.LONG,1.34638,1.34571,0.04,-2.6799999999997937,TIME_EXIT,54594356726
2026-01-08T02:43:11.421931+00:00,GBPUSD,Direction.LONG,1.3464,1.34571,0.04,-2.7600000000003178,TIME_EXIT,54594356817
2026-01-08T02:43:11.614320+00:00,GBPUSD,Direction.LONG,1.34639,1.34571,0.04,-2.7200000000000557,TIME_EXIT,54594356903
2026-01-08T02:43:11.804051+00:00,GBPUSD,Direction.LONG,1.34639,1.34571,0.04,-2.7200000000000557,TIME_EXIT,54594357015
2026-01-08T02:43:11.989281+00:00,GBPUSD,Direction.LONG,1.3464,1.34571,0.04,-2.7600000000003178,TIME_EXIT,54594357128
2026-01-08T02:43:12.183668+00:00,GBPUSD,Direction.LONG,1.34638,1.34571,0.04,-2.6799999999997937,TIME_EXIT,54594357275
2026-01-08T02:43:22.419908+00:00,USDJPY,Direction.SHORT,156.713,156.848,0.05,-4.303529531776603,TIME_EXIT,54594356450
2026-01-08T02:43:22.607957+00:00,GBPUSD,Direction.LONG,1.34641,1.34574,0.04,-2.680000000000682,TIME_EXIT,54594356541
2026-01-08T02:43:22.798683+00:00,GBPUSD,Direction.LONG,1.34641,1.34574,0.04,-2.680000000000682,TIME_EXIT,54594356580
2026-01-08T02:43:22.980482+00:00,GBPUSD,Direction.LONG,1.34638,1.34574,0.04,-2.5599999999998957,TIME_EXIT,54594356726
2026-01-08T02:43:23.163962+00:00,GBPUSD,Direction.LONG,1.3464,1.34574,0.04,-2.64000000000042,TIME_EXIT,54594356817
2026-01-08T02:43:23.353018+00:00,GBPUSD,Direction.LONG,1.34639,1.34574,0.04,-2.6000000000001577,TIME_EXIT,54594356903
2026-01-08T02:43:23.552738+00:00,GBPUSD,Direction.LONG,1.34639,1.34574,0.04,-2.6000000000001577,TIME_EXIT,54594357015
2026-01-08T02:43:23.746811+00:00,GBPUSD,Direction.LONG,1.3464,1.34574,0.04,-2.64000000000042,TIME_EXIT,54594357128
2026-01-08T02:43:23.950305+00:00,GBPUSD,Direction.LONG,1.34638,1.34574,0.04,-2.5599999999998957,TIME_EXIT,54594357275
2026-01-08T02:43:34.193804+00:00,USDJPY,Direction.SHORT,156.713,156.847,0.05,-4.271678769756978,TIME_EXIT,54594356450
2026-01-08T02:43:34.380081+00:00,GBPUSD,Direction.LONG,1.34641,1.34574,0.04,-2.680000000000682,TIME_EXIT,54594356541
2026-01-08T02:43:34.572012+00:00,GBPUSD,Direction.LONG,1.34641,1.34574,0.04,-2.680000000000682,TIME_EXIT,54594356580
2026-01-08T02:43:34.762073+00:00,GBPUSD,Direction.LONG,1.34638,1.34574,0.04,-2.5599999999998957,TIME_EXIT,54594356726
2026-01-08T02:43:34.952518+00:00,GBPUSD,Direction.LONG,1.3464,1.34574,0.04,-2.64000000000042,TIME_EXIT,54594356817
2026-01-08T02:43:35.138728+00:00,GBPUSD,Direction.LONG,1.34639,1.34574,0.04,-2.6000000000001577,TIME_EXIT,54594356903
2026-01-08T02:43:35.332497+00:00,GBPUSD,Direction.LONG,1.34639,1.34574,0.04,-2.6000000000001577,TIME_EXIT,54594357015
2026-01-08T02:43:35.523823+00:00,GBPUSD,Direction.LONG,1.3464,1.34574,0.04,-2.64000000000042,TIME_EXIT,54594357128
2026-01-08T02:43:35.724276+00:00,GBPUSD,Direction.LONG,1.34638,1.34574,0.04,-2.5599999999998957,TIME_EXIT,54594357275
2026-01-08T02:43:45.957553+00:00,USDJPY,Direction.SHORT,156.713,156.845,0.05,-4.207976027288247,TIME_EXIT,54594356450
2026-01-08T02:43:46.152688+00:00,GBPUSD,Direction.LONG,1.34641,1.3458,0.04,-2.4399999999999977,TIME_EXIT,54594356541
2026-01-08T02:43:46.345687+00:00,GBPUSD,Direction.LONG,1.34641,1.3458,0.04,-2.4399999999999977,TIME_EXIT,54594356580
2026-01-08T02:43:46.540377+00:00,GBPUSD,Direction.LONG,1.34638,1.3458,0.04,-2.3199999999992116,TIME_EXIT,54594356726
2026-01-08T02:43:46.727819+00:00,GBPUSD,Direction.LONG,1.3464,1.3458,0.04,-2.3999999999997357,TIME_EXIT,54594356817
2026-01-08T02:43:46.919133+00:00,GBPUSD,Direction.LONG,1.34639,1.3458,0.04,-2.3599999999994736,TIME_EXIT,54594356903
2026-01-08T02:43:47.109512+00:00,GBPUSD,Direction.LONG,1.34639,1.3458,0.04,-2.3599999999994736,TIME_EXIT,54594357015
2026-01-08T02:43:47.299945+00:00,GBPUSD,Direction.LONG,1.3464,1.3458,0.04,-2.3999999999997357,TIME_EXIT,54594357128
2026-01-08T02:43:47.486617+00:00,GBPUSD,Direction.LONG,1.34638,1.3458,0.04,-2.3199999999992116,TIME_EXIT,54594357275
2026-01-08T02:43:57.712580+00:00,USDJPY,Direction.SHORT,156.713,156.84,0.05,-4.048712063249475,TIME_EXIT,54594356450
2026-01-08T02:43:57.895936+00:00,GBPUSD,Direction.LONG,1.34641,1.34581,0.04,-2.400000000000624,TIME_EXIT,54594356541
2026-01-08T02:43:58.082497+00:00,GBPUSD,Direction.LONG,1.34641,1.34581,0.04,-2.400000000000624,TIME_EXIT,54594356580
2026-01-08T02:43:58.282592+00:00,GBPUSD,Direction.LONG,1.34638,1.34581,0.04,-2.2799999999998377,TIME_EXIT,54594356726
2026-01-08T02:43:58.488338+00:00,GBPUSD,Direction.LONG,1.3464,1.34581,0.04,-2.360000000000362,TIME_EXIT,54594356817
2026-01-08T02:43:58.677970+00:00,GBPUSD,Direction.LONG,1.34639,1.34581,0.04,-2.3200000000000998,TIME_EXIT,54594356903
2026-01-08T02:43:58.873488+00:00,GBPUSD,Direction.LONG,1.34639,1.34581,0.04,-2.3200000000000998,TIME_EXIT,54594357015
2026-01-08T02:43:59.058613+00:00,GBPUSD,Direction.LONG,1.3464,1.34581,0.04,-2.360000000000362,TIME_EXIT,54594357128
2026-01-08T02:43:59.254984+00:00,GBPUSD,Direction.LONG,1.34638,1.34581,0.04,-2.2799999999998377,TIME_EXIT,54594357275
2026-01-08T02:44:09.484139+00:00,USDJPY,Direction.SHORT,156.713,156.837,0.05,-3.953148810548379,TIME_EXIT,54594356450
2026-01-08T02:44:09.677864+00:00,GBPUSD,Direction.LONG,1.34641,1.34577,0.04,-2.560000000000784,TIME_EXIT,54594356541
2026-01-08T02:44:09.868908+00:00,GBPUSD,Direction.LONG,1.34641,1.34577,0.04,-2.560000000000784,TIME_EXIT,54594356580
2026-01-08T02:44:10.061914+00:00,GBPUSD,Direction.LONG,1.34638,1.34577,0.04,-2.4399999999999977,TIME_EXIT,54594356726
2026-01-08T02:44:10.248339+00:00,GBPUSD,Direction.LONG,1.3464,1.34577,0.04,-2.520000000000522,TIME_EXIT,54594356817
2026-01-08T02:44:10.448200+00:00,GBPUSD,Direction.LONG,1.34639,1.34577,0.04,-2.4800000000002598,TIME_EXIT,54594356903
2026-01-08T02:44:10.634960+00:00,GBPUSD,Direction.LONG,1.34639,1.34577,0.04,-2.4800000000002598,TIME_EXIT,54594357015
2026-01-08T02:44:10.826662+00:00,GBPUSD,Direction.LONG,1.3464,1.34577,0.04,-2.520000000000522,TIME_EXIT,54594357128
2026-01-08T02:44:11.025281+00:00,GBPUSD,Direction.LONG,1.34638,1.34577,0.04,-2.4399999999999977,TIME_EXIT,54594357275
2026-01-08T02:44:21.457415+00:00,USDJPY,Direction.SHORT,156.713,156.847,0.05,-4.271678769756978,TIME_EXIT,54594356450
2026-01-08T02:44:21.641061+00:00,GBPUSD,Direction.LONG,1.34641,1.34576,0.04,-2.6000000000001577,TIME_EXIT,54594356541
2026-01-08T02:44:21.826323+00:00,GBPUSD,Direction.LONG,1.34641,1.34576,0.04,-2.6000000000001577,TIME_EXIT,54594356580
2026-01-08T02:44:22.059704+00:00,GBPUSD,Direction.LONG,1.34638,1.34576,0.04,-2.4799999999993716,TIME_EXIT,54594356726
2026-01-08T02:44:22.250028+00:00,GBPUSD,Direction.LONG,1.3464,1.34576,0.04,-2.5599999999998957,TIME_EXIT,54594356817
2026-01-08T02:44:22.443604+00:00,GBPUSD,Direction.LONG,1.34639,1.34576,0.04,-2.5199999999996336,TIME_EXIT,54594356903
2026-01-08T02:44:22.694137+00:00,GBPUSD,Direction.LONG,1.34639,1.34576,0.04,-2.5199999999996336,TIME_EXIT,54594357015
2026-01-08T02:44:22.879717+00:00,GBPUSD,Direction.LONG,1.3464,1.34576,0.04,-2.5599999999998957,TIME_EXIT,54594357128
2026-01-08T02:44:23.068820+00:00,GBPUSD,Direction.LONG,1.34638,1.34576,0.04,-2.4799999999993716,TIME_EXIT,54594357275
2026-01-08T02:44:33.295901+00:00,USDJPY,Direction.SHORT,156.713,156.845,0.05,-4.207976027288247,TIME_EXIT,54594356450
2026-01-08T02:44:33.488222+00:00,GBPUSD,Direction.LONG,1.34641,1.34575,0.04,-2.64000000000042,TIME_EXIT,54594356541
2026-01-08T02:44:33.671358+00:00,GBPUSD,Direction.LONG,1.34641,1.34575,0.04,-2.64000000000042,TIME_EXIT,54594356580
2026-01-08T02:44:33.858246+00:00,GBPUSD,Direction.LONG,1.34638,1.34575,0.04,-2.5199999999996336,TIME_EXIT,54594356726
2026-01-08T02:44:34.043561+00:00,GBPUSD,Direction.LONG,1.3464,1.34575,0.04,-2.6000000000001577,TIME_EXIT,54594356817
2026-01-08T02:44:34.239446+00:00,GBPUSD,Direction.LONG,1.34639,1.34575,0.04,-2.5599999999998957,TIME_EXIT,54594356903
2026-01-08T02:44:34.434784+00:00,GBPUSD,Direction.LONG,1.34639,1.34575,0.04,-2.5599999999998957,TIME_EXIT,54594357015
2026-01-08T02:44:34.621045+00:00,GBPUSD,Direction.LONG,1.3464,1.34575,0.04,-2.6000000000001577,TIME_EXIT,54594357128
2026-01-08T02:44:34.802615+00:00,GBPUSD,Direction.LONG,1.34638,1.34575,0.04,-2.5199999999996336,TIME_EXIT,54594357275
2026-01-08T02:44:45.029851+00:00,USDJPY,Direction.SHORT,156.713,156.845,0.05,-4.207976027288247,TIME_EXIT,54594356450
2026-01-08T02:44:45.214344+00:00,GBPUSD,Direction.LONG,1.34641,1.34576,0.04,-2.6000000000001577,TIME_EXIT,54594356541
2026-01-08T02:44:45.413204+00:00,GBPUSD,Direction.LONG,1.34641,1.34576,0.04,-2.6000000000001577,TIME_EXIT,54594356580
2026-01-08T02:44:45.601118+00:00,GBPUSD,Direction.LONG,1.34638,1.34576,0.04,-2.4799999999993716,TIME_EXIT,54594356726
2026-01-08T02:44:45.790339+00:00,GBPUSD,Direction.LONG,1.3464,1.34576,0.04,-2.5599999999998957,TIME_EXIT,54594356817
2026-01-08T02:44:45.975221+00:00,GBPUSD,Direction.LONG,1.34639,1.34576,0.04,-2.5199999999996336,TIME_EXIT,54594356903
2026-01-08T02:44:46.158395+00:00,GBPUSD,Direction.LONG,1.34639,1.34576,0.04,-2.5199999999996336,TIME_EXIT,54594357015
2026-01-08T02:44:46.340433+00:00,GBPUSD,Direction.LONG,1.3464,1.34576,0.04,-2.5599999999998957,TIME_EXIT,54594357128
2026-01-08T02:44:46.533562+00:00,GBPUSD,Direction.LONG,1.34638,1.34576,0.04,-2.4799999999993716,TIME_EXIT,54594357275
2026-01-08T02:44:56.755533+00:00,USDJPY,Direction.SHORT,156.713,156.848,0.05,-4.303529531776603,TIME_EXIT,54594356450
2026-01-08T02:44:56.941368+00:00,GBPUSD,Direction.LONG,1.34641,1.34574,0.04,-2.680000000000682,TIME_EXIT,54594356541
2026-01-08T02:44:57.133992+00:00,GBPUSD,Direction.LONG,1.34641,1.34574,0.04,-2.680000000000682,TIME_EXIT,54594356580
2026-01-08T02:44:57.326447+00:00,GBPUSD,Direction.LONG,1.34638,1.34574,0.04,-2.5599999999998957,TIME_EXIT,54594356726
2026-01-08T02:44:57.526264+00:00,GBPUSD,Direction.LONG,1.3464,1.34574,0.04,-2.64000000000042,TIME_EXIT,54594356817
2026-01-08T02:44:57.716521+00:00,GBPUSD,Direction.LONG,1.34639,1.34574,0.04,-2.6000000000001577,TIME_EXIT,54594356903
2026-01-08T02:44:57.915301+00:00,GBPUSD,Direction.LONG,1.34639,1.34574,0.04,-2.6000000000001577,TIME_EXIT,54594357015
2026-01-08T02:46:18.816717+00:00,USDJPY,Direction.SHORT,156.713,156.837,0.05,-3.953148810548379,TIME_EXIT,54594356450
2026-01-08T03:05:07.349664+00:00,USDJPY,Direction.SHORT,156.88,156.782,0.05,3.1253587784307113,TAKE_PROFIT,54595873603
2026-01-08T03:05:07.540419+00:00,USDJPY,Direction.SHORT,156.88,156.782,0.05,3.1253587784307113,TAKE_PROFIT,54595873628
2026-01-08T03:05:07.731143+00:00,USDJPY,Direction.SHORT,156.88,156.782,0.05,3.1253587784307113,TAKE_PROFIT,54595873697
2026-01-08T03:05:07.914058+00:00,USDJPY,Direction.SHORT,156.88,156.782,0.05,3.1253587784307113,TAKE_PROFIT,54595873730
2026-01-08T03:05:08.095981+00:00,USDJPY,Direction.SHORT,156.88,156.782,0.05,3.1253587784307113,TAKE_PROFIT,54595873754
2026-01-08T03:05:08.283799+00:00,USDJPY,Direction.SHORT,156.88,156.782,0.05,3.1253587784307113,TAKE_PROFIT,54595873799
2026-01-08T04:17:50.288019+00:00,USDJPY,Direction.SHORT,156.88,156.7,0.05,5.743458838545209,TAKE_PROFIT,54595873603
2026-01-08T04:31:11.204516+00:00,USDJPY,Direction.SHORT,156.88,156.693,0.05,5.967082128748042,TAKE_PROFIT,54595873603
2026-01-08T04:31:11.384788+00:00,USDJPY,Direction.SHORT,156.88,156.693,0.05,5.967082128748042,TAKE_PROFIT,54595873628
2026-01-08T04:31:11.570427+00:00,USDJPY,Direction.SHORT,156.88,156.693,0.05,5.967082128748042,TAKE_PROFIT,54595873697
2026-01-08T04:31:11.748864+00:00,USDJPY,Direction.SHORT,156.88,156.693,0.05,5.967082128748042,TAKE_PROFIT,54595873730
2026-01-08T04:31:11.932896+00:00,USDJPY,Direction.SHORT,156.88,156.693,0.05,5.967082128748042,TAKE_PROFIT,54595873754
2026-01-08T04:31:12.119666+00:00,USDJPY,Direction.SHORT,156.88,156.693,0.05,5.967082128748042,TAKE_PROFIT,54595873799
2026-01-08T04:31:38.937787+00:00,USDJPY,Direction.SHORT,156.88,156.693,0.05,5.967082128748042,TAKE_PROFIT,54595873603
2026-01-08T04:31:39.123636+00:00,USDJPY,Direction.SHORT,156.88,156.693,0.05,5.967082128748042,TAKE_PROFIT,54595873628
2026-01-08T04:31:39.315333+00:00,USDJPY,Direction.SHORT,156.88,156.693,0.05,5.967082128748042,TAKE_PROFIT,54595873697
2026-01-08T04:31:39.495738+00:00,USDJPY,Direction.SHORT,156.88,156.693,0.05,5.967082128748042,TAKE_PROFIT,54595873730
2026-01-08T04:31:39.683947+00:00,USDJPY,Direction.SHORT,156.88,156.693,0.05,5.967082128748042,TAKE_PROFIT,54595873754
2026-01-08T04:31:39.869206+00:00,USDJPY,Direction.SHORT,156.88,156.693,0.05,5.967082128748042,TAKE_PROFIT,54595873799
2026-01-08T04:32:04.192548+00:00,USDJPY,Direction.SHORT,156.88,156.671,0.05,6.670028275813751,TAKE_PROFIT,54595873603
2026-01-08T04:32:04.375109+00:00,USDJPY,Direction.SHORT,156.88,156.671,0.05,6.670028275813751,TAKE_PROFIT,54595873628
2026-01-08T04:32:04.563968+00:00,USDJPY,Direction.SHORT,156.88,156.671,0.05,6.670028275813751,TAKE_PROFIT,54595873697
2026-01-08T04:32:04.754360+00:00,USDJPY,Direction.SHORT,156.88,156.671,0.05,6.670028275813751,TAKE_PROFIT,54595873730
2026-01-08T04:32:04.942537+00:00,USDJPY,Direction.SHORT,156.88,156.671,0.05,6.670028275813751,TAKE_PROFIT,54595873754
2026-01-08T04:32:05.121945+00:00,USDJPY,Direction.SHORT,156.88,156.671,0.05,6.670028275813751,TAKE_PROFIT,54595873799
2026-01-08T04:32:30.973569+00:00,USDJPY,Direction.SHORT,156.88,156.674,0.05,6.574160358450951,TAKE_PROFIT,54595873628
2026-01-08T04:32:31.161037+00:00,USDJPY,Direction.SHORT,156.88,156.674,0.05,6.574160358450951,TAKE_PROFIT,54595873697
2026-01-08T04:32:31.343369+00:00,USDJPY,Direction.SHORT,156.88,156.674,0.05,6.574160358450951,TAKE_PROFIT,54595873730
2026-01-08T04:32:31.530112+00:00,USDJPY,Direction.SHORT,156.88,156.674,0.05,6.574160358450951,TAKE_PROFIT,54595873754
2026-01-08T04:32:31.718662+00:00,USDJPY,Direction.SHORT,156.88,156.674,0.05,6.574160358450951,TAKE_PROFIT,54595873799
2026-01-08T04:33:14.728722+00:00,USDJPY,Direction.SHORT,156.88,156.689,0.05,6.09487583684887,TAKE_PROFIT,54595873754
2026-01-08T04:33:14.923376+00:00,USDJPY,Direction.SHORT,156.88,156.689,0.05,6.09487583684887,TAKE_PROFIT,54595873799
2026-01-08T04:33:37.270454+00:00,USDJPY,Direction.SHORT,156.88,156.689,0.05,6.09487583684887,TAKE_PROFIT,54595873799
2026-01-08T04:52:30.498170+00:00,AUDUSD,Direction.SHORT,0.67175,0.67075,0.01,1.0000000000000009,PARTIAL_PROFIT,54595886215
2026-01-08T04:52:52.846547+00:00,AUDUSD,Direction.SHORT,0.67174,0.67073,0.01,1.0099999999999554,PARTIAL_PROFIT,54595880853
2026-01-08T04:52:53.032607+00:00,AUDUSD,Direction.SHORT,0.67173,0.67073,0.01,1.0000000000000009,PARTIAL_PROFIT,54595882429
2026-01-08T04:52:53.214229+00:00,AUDUSD,Direction.SHORT,0.67174,0.67073,0.01,1.0099999999999554,PARTIAL_PROFIT,54595883852
2026-01-08T04:52:53.398272+00:00,AUDUSD,Direction.SHORT,0.67175,0.67073,0.01,1.0199999999999099,PARTIAL_PROFIT,54595886215
2026-01-08T04:53:26.430009+00:00,AUDUSD,Direction.SHORT,0.67175,0.67075,0.01,1.0000000000000009,PARTIAL_PROFIT,54595886215
2026-01-08T04:53:36.625420+00:00,AUDUSD,Direction.SHORT,0.6717,0.6707,0.01,1.0000000000000009,PARTIAL_PROFIT,54595879036
2026-01-08T04:53:36.804029+00:00,AUDUSD,Direction.SHORT,0.67174,0.6707,0.01,1.040000000000041,PARTIAL_PROFIT,54595880853
2026-01-08T04:53:36.983865+00:00,AUDUSD,Direction.SHORT,0.67173,0.6707,0.01,1.0300000000000864,PARTIAL_PROFIT,54595882429
2026-01-08T04:53:37.173473+00:00,AUDUSD,Direction.SHORT,0.67174,0.6707,0.01,1.040000000000041,PARTIAL_PROFIT,54595883852
2026-01-08T04:53:37.353199+00:00,AUDUSD,Direction.SHORT,0.67175,0.6707,0.01,1.0499999999999954,PARTIAL_PROFIT,54595886215
2026-01-08T04:54:01.687951+00:00,AUDUSD,Direction.SHORT,0.67174,0.67065,0.01,1.0900000000000354,PARTIAL_PROFIT,54595880853
2026-01-08T04:54:01.865788+00:00,AUDUSD,Direction.SHORT,0.67173,0.67065,0.01,1.080000000000081,PARTIAL_PROFIT,54595882429
2026-01-08T04:54:02.051504+00:00,AUDUSD,Direction.SHORT,0.67174,0.67065,0.01,1.0900000000000354,PARTIAL_PROFIT,54595883852
2026-01-08T04:54:02.241572+00:00,AUDUSD,Direction.SHORT,0.67175,0.67065,0.01,1.0999999999999899,PARTIAL_PROFIT,54595886215
2026-01-08T04:54:26.729903+00:00,AUDUSD,Direction.SHORT,0.67173,0.67065,0.01,1.080000000000081,PARTIAL_PROFIT,54595882429
2026-01-08T04:54:26.914572+00:00,AUDUSD,Direction.SHORT,0.67174,0.67065,0.01,1.0900000000000354,PARTIAL_PROFIT,54595883852
2026-01-08T04:54:27.092845+00:00,AUDUSD,Direction.SHORT,0.67175,0.67065,0.01,1.0999999999999899,PARTIAL_PROFIT,54595886215
2026-01-08T04:54:49.361175+00:00,AUDUSD,Direction.SHORT,0.67174,0.67064,0.01,1.0999999999999899,PARTIAL_PROFIT,54595883852
2026-01-08T04:54:49.545223+00:00,AUDUSD,Direction.SHORT,0.67175,0.67064,0.01,1.1099999999999444,PARTIAL_PROFIT,54595886215
2026-01-08T04:55:11.113223+00:00,AUDUSD,Direction.SHORT,0.67175,0.67065,0.01,1.0999999999999899,PARTIAL_PROFIT,54595886215
2026-01-08T04:55:21.382708+00:00,AUDUSD,Direction.SHORT,0.67175,0.67062,0.01,1.1299999999999644,PARTIAL_PROFIT,54595886215
2026-01-08T11:06:30.469716+00:00,GBPUSD,Direction.LONG,1.3440699999999999,1.34507,0.05,5.0000000000005596,TAKE_PROFIT,54599922122
2026-01-08T12:34:53.848190+00:00,GBPUSD,Direction.SHORT,1.34507,1.34406,0.05,5.049999999999777,TAKE_PROFIT,54601871937
2026-01-08T12:35:14.785027+00:00,GBPUSD,Direction.SHORT,1.34507,1.34391,0.05,5.800000000000249,TAKE_PROFIT,54601871937
2026-01-08T12:35:25.004131+00:00,GBPUSD,Direction.SHORT,1.34507,1.3439,0.05,5.849999999999468,TAKE_PROFIT,54601871937
2026-01-08T12:35:35.749056+00:00,GBPUSD,Direction.SHORT,1.34507,1.34394,0.05,5.650000000000377,TAKE_PROFIT,54601871937
2026-01-08T12:35:45.961395+00:00,GBPUSD,Direction.SHORT,1.34507,1.34395,0.05,5.600000000000049,TAKE_PROFIT,54601871937
2026-01-08T12:35:56.171776+00:00,GBPUSD,Direction.SHORT,1.34507,1.34395,0.05,5.600000000000049,TAKE_PROFIT,54601871937
2026-01-08T12:36:06.973146+00:00,GBPUSD,Direction.SHORT,1.34507,1.34391,0.05,5.800000000000249,TAKE_PROFIT,54601871937
2026-01-08T12:36:17.336780+00:00,GBPUSD,Direction.SHORT,1.34507,1.34396,0.05,5.549999999999722,TAKE_PROFIT,54601871937
2026-01-08T12:36:27.544196+00:00,GBPUSD,Direction.SHORT,1.34507,1.34405,0.05,5.100000000000105,TAKE_PROFIT,54601871937
2026-01-08T12:36:38.163803+00:00,GBPUSD,Direction.SHORT,1.34507,1.34405,0.05,5.100000000000105,TAKE_PROFIT,54601871937
2026-01-08T12:36:59.084747+00:00,GBPUSD,Direction.SHORT,1.34507,1.34406,0.05,5.049999999999777,TAKE_PROFIT,54601871937
2026-01-08T12:38:21.588123+00:00,GBPUSD,Direction.SHORT,1.34507,1.34401,0.05,5.300000000000305,TAKE_PROFIT,54601871937
2026-01-08T12:41:58.732268+00:00,GBPUSD,Direction.SHORT,1.34507,1.34398,0.05,5.450000000000177,TAKE_PROFIT,54601871937
2026-01-08T12:42:19.743469+00:00,GBPUSD,Direction.SHORT,1.34507,1.34399,0.05,5.399999999999849,TAKE_PROFIT,54601871937
2026-01-08T12:42:40.654322+00:00,GBPUSD,Direction.SHORT,1.34507,1.34393,0.05,5.699999999999594,TAKE_PROFIT,54601871937
2026-01-08T12:43:01.647983+00:00,GBPUSD,Direction.SHORT,1.34507,1.3439,0.05,5.849999999999468,TAKE_PROFIT,54601871937
2026-01-08T12:43:23.291663+00:00,GBPUSD,Direction.SHORT,1.34507,1.3439999999999999,0.05,5.350000000000632,TAKE_PROFIT,54601871937
2026-01-08T12:43:33.494985+00:00,GBPUSD,Direction.SHORT,1.34507,1.34402,0.05,5.249999999999977,TAKE_PROFIT,54601871937
2026-01-08T12:43:55.099171+00:00,GBPUSD,Direction.SHORT,1.34507,1.34406,0.05,5.049999999999777,TAKE_PROFIT,54601871937
2026-01-08T12:44:05.313828+00:00,GBPUSD,Direction.SHORT,1.34507,1.3439999999999999,0.05,5.350000000000632,TAKE_PROFIT,54601871937
2026-01-08T19:02:40.514374+00:00,USDJPY,Direction.LONG,156.81,156.911,0.010000000000000002,0.6436769888662944,PARTIAL_PROFIT,54607639652
2026-01-08T19:05:05.577728+00:00,USDJPY,Direction.LONG,156.81,156.916,0.010000000000000002,0.6755206607356455,PARTIAL_PROFIT,54607639652
2026-01-08T19:05:15.771662+00:00,USDJPY,Direction.LONG,156.81,156.915,0.010000000000000002,0.6691520887103832,PARTIAL_PROFIT,54607639652
2026-01-08T19:05:26.571837+00:00,USDJPY,Direction.LONG,156.81,156.916,0.010000000000000002,0.6755206607356455,PARTIAL_PROFIT,54607639652
2026-01-08T19:05:36.754251+00:00,USDJPY,Direction.LONG,156.81,156.916,0.010000000000000002,0.6755206607356455,PARTIAL_PROFIT,54607639652
2026-01-08T19:05:46.973816+00:00,USDJPY,Direction.LONG,156.81,156.917,0.010000000000000002,0.6818891515896898,PARTIAL_PROFIT,54607639652
2026-01-08T19:05:57.759185+00:00,USDJPY,Direction.LONG,156.81,156.917,0.010000000000000002,0.6818891515896898,PARTIAL_PROFIT,54607639652
2026-01-08T19:06:07.952215+00:00,USDJPY,Direction.LONG,156.81,156.916,0.010000000000000002,0.6755206607356455,PARTIAL_PROFIT,54607639652
2026-01-08T19:06:18.142941+00:00,USDJPY,Direction.LONG,156.81,156.916,0.010000000000000002,0.6755206607356455,PARTIAL_PROFIT,54607639652
2026-01-08T19:06:28.943182+00:00,USDJPY,Direction.LONG,156.81,156.916,0.010000000000000002,0.6755206607356455,PARTIAL_PROFIT,54607639652
2026-01-08T19:06:39.133523+00:00,USDJPY,Direction.LONG,156.81,156.918,0.010000000000000002,0.6882575612740675,PARTIAL_PROFIT,54607639652
2026-01-08T19:06:49.325534+00:00,USDJPY,Direction.LONG,156.81,156.918,0.010000000000000002,0.6882575612740675,PARTIAL_PROFIT,54607639652
2026-01-08T19:07:00.140039+00:00,USDJPY,Direction.LONG,156.81,156.918,0.010000000000000002,0.6882575612740675,PARTIAL_PROFIT,54607639652
2026-01-08T19:07:10.349358+00:00,USDJPY,Direction.LONG,156.81,156.918,0.010000000000000002,0.6882575612740675,PARTIAL_PROFIT,54607639652
2026-01-08T19:07:20.569849+00:00,USDJPY,Direction.LONG,156.81,156.918,0.010000000000000002,0.6882575612740675,PARTIAL_PROFIT,54607639652
2026-01-08T19:07:31.317770+00:00,USDJPY,Direction.LONG,156.81,156.918,0.010000000000000002,0.6882575612740675,PARTIAL_PROFIT,54607639652
2026-01-08T19:07:41.515667+00:00,USDJPY,Direction.LONG,156.81,156.916,0.010000000000000002,0.6755206607356455,PARTIAL_PROFIT,54607639652
2026-01-08T19:08:02.504232+00:00,USDJPY,Direction.LONG,156.81,156.916,0.010000000000000002,0.6755206607356455,PARTIAL_PROFIT,54607639652
2026-01-08T19:08:23.402048+00:00,USDJPY,Direction.LONG,156.81,156.911,0.010000000000000002,0.6436769888662944,PARTIAL_PROFIT,54607639652
2026-01-08T20:02:19.169571+00:00,GBPUSD,Direction.LONG,1.34225,1.34327,0.05,5.100000000000105,TAKE_PROFIT,54608862589
2026-01-08T20:06:37.468614+00:00,GBPUSD,Direction.LONG,1.34225,1.34325,0.05,5.0000000000005596,TAKE_PROFIT,54608862589
2026-01-08T20:08:20.499152+00:00,GBPUSD,Direction.LONG,1.34225,1.34326,0.05,5.049999999999777,TAKE_PROFIT,54608862589
2026-01-08T20:08:52.190383+00:00,GBPUSD,Direction.LONG,1.34225,1.34326,0.05,5.049999999999777,TAKE_PROFIT,54608862589
2026-01-08T20:09:13.327708+00:00,GBPUSD,Direction.LONG,1.34225,1.34336,0.05,5.550000000000832,TAKE_PROFIT,54608862589
2026-01-08T20:09:34.215996+00:00,GBPUSD,Direction.LONG,1.34225,1.34341,0.05,5.800000000000249,TAKE_PROFIT,54608862589
2026-01-08T20:09:55.077576+00:00,GBPUSD,Direction.LONG,1.34225,1.34341,0.05,5.800000000000249,TAKE_PROFIT,54608862589
2026-01-08T20:10:15.953020+00:00,GBPUSD,Direction.LONG,1.34225,1.3434,0.05,5.749999999999922,TAKE_PROFIT,54608862589
2026-01-08T20:10:36.837819+00:00,GBPUSD,Direction.LONG,1.34225,1.34344,0.05,5.950000000000122,TAKE_PROFIT,54608862589
2026-01-08T20:10:57.710982+00:00,GBPUSD,Direction.LONG,1.34225,1.3433899999999999,0.05,5.699999999999594,TAKE_PROFIT,54608862589
2026-01-08T20:11:18.586273+00:00,GBPUSD,Direction.LONG,1.34225,1.34337,0.05,5.600000000000049,TAKE_PROFIT,54608862589
2026-01-08T20:11:39.472085+00:00,GBPUSD,Direction.LONG,1.34225,1.34336,0.05,5.550000000000832,TAKE_PROFIT,54608862589
2026-01-08T20:12:00.350051+00:00,GBPUSD,Direction.LONG,1.34225,1.34335,0.05,5.500000000000505,TAKE_PROFIT,54608862589
2026-01-08T20:12:21.237773+00:00,GBPUSD,Direction.LONG,1.34225,1.34341,0.05,5.800000000000249,TAKE_PROFIT,54608862589
2026-01-08T20:12:42.092423+00:00,GBPUSD,Direction.LONG,1.34225,1.34337,0.05,5.600000000000049,TAKE_PROFIT,54608862589
2026-01-08T20:13:02.970753+00:00,GBPUSD,Direction.LONG,1.34225,1.3434,0.05,5.749999999999922,TAKE_PROFIT,54608862589
2026-01-08T20:13:23.868630+00:00,GBPUSD,Direction.LONG,1.34225,1.3434,0.05,5.749999999999922,TAKE_PROFIT,54608862589
2026-01-08T20:13:44.748025+00:00,GBPUSD,Direction.LONG,1.34225,1.3433899999999999,0.05,5.699999999999594,TAKE_PROFIT,54608862589
2026-01-08T20:14:06.330040+00:00,GBPUSD,Direction.LONG,1.34225,1.34335,0.05,5.500000000000505,TAKE_PROFIT,54608862589
2026-01-08T20:14:16.520854+00:00,GBPUSD,Direction.LONG,1.34225,1.34331,0.05,5.300000000000305,TAKE_PROFIT,54608862589
2026-01-09T01:35:10.852730+00:00,GBPUSD,Direction.LONG,1.34296,1.34315,0.3,5.700000000004035,TAKE_PROFIT,54611097191
2026-01-09T01:35:21.077751+00:00,GBPUSD,Direction.LONG,1.34296,1.34315,0.3,5.700000000004035,TAKE_PROFIT,54611097191
2026-01-09T01:35:31.722647+00:00,GBPUSD,Direction.LONG,1.34296,1.34315,0.3,5.700000000004035,TAKE_PROFIT,54611097191
2026-01-09T01:35:41.933624+00:00,GBPUSD,Direction.LONG,1.34296,1.34315,0.3,5.700000000004035,TAKE_PROFIT,54611097191
2026-01-09T01:35:52.141060+00:00,GBPUSD,Direction.LONG,1.34296,1.3431600000000001,0.3,6.0000000000060005,TAKE_PROFIT,54611097191
2026-01-09T01:36:02.913234+00:00,GBPUSD,Direction.LONG,1.34296,1.34317,0.3,6.300000000001304,TAKE_PROFIT,54611097191
2026-01-09T01:36:13.124506+00:00,GBPUSD,Direction.LONG,1.34296,1.34317,0.3,6.300000000001304,TAKE_PROFIT,54611097191
2026-01-09T01:36:23.345477+00:00,GBPUSD,Direction.LONG,1.34296,1.34318,0.3,6.600000000003269,TAKE_PROFIT,54611097191
2026-01-09T01:36:34.102996+00:00,GBPUSD,Direction.LONG,1.34296,1.34318,0.3,6.600000000003269,TAKE_PROFIT,54611097191
2026-01-09T01:38:07.343971+00:00,GBPUSD,Direction.SHORT,1.34317,1.34299,0.3,5.40000000000207,TAKE_PROFIT,54611166989
2026-01-09T01:38:07.535927+00:00,GBPUSD,Direction.SHORT,1.34317,1.34299,0.3,5.40000000000207,TAKE_PROFIT,54611168249
2026-01-09T01:38:07.725191+00:00,GBPUSD,Direction.SHORT,1.34318,1.34299,0.3,5.700000000004035,TAKE_PROFIT,54611169300
2026-01-09T01:38:07.923074+00:00,GBPUSD,Direction.SHORT,1.34318,1.34299,0.3,5.700000000004035,TAKE_PROFIT,54611170449
2026-01-09T01:38:18.159146+00:00,GBPUSD,Direction.SHORT,1.34317,1.34299,0.3,5.40000000000207,TAKE_PROFIT,54611166989
2026-01-09T01:38:18.344068+00:00,GBPUSD,Direction.SHORT,1.34317,1.34299,0.3,5.40000000000207,TAKE_PROFIT,54611168249
2026-01-09T01:38:18.532645+00:00,GBPUSD,Direction.SHORT,1.34318,1.34299,0.3,5.700000000004035,TAKE_PROFIT,54611169300
2026-01-09T01:38:18.723073+00:00,GBPUSD,Direction.SHORT,1.34318,1.34299,0.3,5.700000000004035,TAKE_PROFIT,54611170449
2026-01-09T01:38:28.927767+00:00,GBPUSD,Direction.SHORT,1.34317,1.343,0.3,5.1000000000001044,TAKE_PROFIT,54611166989
2026-01-09T01:38:29.116920+00:00,GBPUSD,Direction.SHORT,1.34317,1.343,0.3,5.1000000000001044,TAKE_PROFIT,54611168249
2026-01-09T01:38:29.322696+00:00,GBPUSD,Direction.SHORT,1.34318,1.343,0.3,5.40000000000207,TAKE_PROFIT,54611169300
2026-01-09T01:38:29.508059+00:00,GBPUSD,Direction.SHORT,1.34318,1.343,0.3,5.40000000000207,TAKE_PROFIT,54611170449
2026-01-09T01:39:22.650264+00:00,GBPUSD,Direction.SHORT,1.34317,1.343,0.3,5.1000000000001044,TAKE_PROFIT,54611166989
2026-01-09T01:39:22.829071+00:00,GBPUSD,Direction.SHORT,1.34317,1.343,0.3,5.1000000000001044,TAKE_PROFIT,54611168249
2026-01-09T01:39:23.020576+00:00,GBPUSD,Direction.SHORT,1.34318,1.343,0.3,5.40000000000207,TAKE_PROFIT,54611169300
2026-01-09T01:39:23.209688+00:00,GBPUSD,Direction.SHORT,1.34318,1.343,0.3,5.40000000000207,TAKE_PROFIT,54611170449
2026-01-09T01:39:46.908755+00:00,GBPUSD,Direction.SHORT,1.34315,1.34294,0.3,6.300000000001304,TAKE_PROFIT,54611161977
2026-01-09T01:39:47.092062+00:00,GBPUSD,Direction.SHORT,1.34315,1.34294,0.3,6.300000000001304,TAKE_PROFIT,54611163123
2026-01-09T01:39:47.272361+00:00,GBPUSD,Direction.SHORT,1.34315,1.34294,0.3,6.300000000001304,TAKE_PROFIT,54611164259
2026-01-09T01:39:47.463157+00:00,GBPUSD,Direction.SHORT,1.34315,1.34294,0.3,6.300000000001304,TAKE_PROFIT,54611165682
2026-01-09T01:39:47.650166+00:00,GBPUSD,Direction.SHORT,1.34317,1.34294,0.3,6.899999999998574,TAKE_PROFIT,54611166989
2026-01-09T01:39:47.846794+00:00,GBPUSD,Direction.SHORT,1.34317,1.34294,0.3,6.899999999998574,TAKE_PROFIT,54611168249
2026-01-09T01:39:48.034256+00:00,GBPUSD,Direction.SHORT,1.34318,1.34294,0.3,7.200000000000539,TAKE_PROFIT,54611169300
2026-01-09T01:39:48.221507+00:00,GBPUSD,Direction.SHORT,1.34318,1.34294,0.3,7.200000000000539,TAKE_PROFIT,54611170449
2026-01-09T01:40:15.751666+00:00,GBPUSD,Direction.SHORT,1.34315,1.34289,0.3,7.800000000004469,TAKE_PROFIT,54611163123
2026-01-09T01:40:15.933529+00:00,GBPUSD,Direction.SHORT,1.34315,1.34289,0.3,7.800000000004469,TAKE_PROFIT,54611164259
2026-01-09T01:40:16.120970+00:00,GBPUSD,Direction.SHORT,1.34315,1.34289,0.3,7.800000000004469,TAKE_PROFIT,54611165682
2026-01-09T01:40:16.310870+00:00,GBPUSD,Direction.SHORT,1.34317,1.34289,0.3,8.40000000000174,TAKE_PROFIT,54611166989
2026-01-09T01:40:16.492629+00:00,GBPUSD,Direction.SHORT,1.34317,1.34289,0.3,8.40000000000174,TAKE_PROFIT,54611168249
2026-01-09T01:40:16.685259+00:00,GBPUSD,Direction.SHORT,1.34318,1.34289,0.3,8.700000000003705,TAKE_PROFIT,54611169300
2026-01-09T01:40:16.865285+00:00,GBPUSD,Direction.SHORT,1.34318,1.34289,0.3,8.700000000003705,TAKE_PROFIT,54611170449
2026-01-09T01:40:41.897581+00:00,GBPUSD,Direction.SHORT,1.34315,1.3429,0.3,7.500000000002504,TAKE_PROFIT,54611164259
2026-01-09T01:40:42.080578+00:00,GBPUSD,Direction.SHORT,1.34315,1.3429,0.3,7.500000000002504,TAKE_PROFIT,54611165682
2026-01-09T01:40:42.260650+00:00,GBPUSD,Direction.SHORT,1.34317,1.3429,0.3,8.099999999999774,TAKE_PROFIT,54611166989
2026-01-09T01:40:42.443140+00:00,GBPUSD,Direction.SHORT,1.34317,1.3429,0.3,8.099999999999774,TAKE_PROFIT,54611168249
2026-01-09T01:40:42.627685+00:00,GBPUSD,Direction.SHORT,1.34318,1.3429,0.3,8.40000000000174,TAKE_PROFIT,54611169300
2026-01-09T01:40:42.813666+00:00,GBPUSD,Direction.SHORT,1.34318,1.3429,0.3,8.40000000000174,TAKE_PROFIT,54611170449
2026-01-09T01:41:08.170368+00:00,GBPUSD,Direction.SHORT,1.34315,1.34292,0.3,6.900000000005235,TAKE_PROFIT,54611165682
2026-01-09T01:41:08.361090+00:00,GBPUSD,Direction.SHORT,1.34317,1.34292,0.3,7.500000000002504,TAKE_PROFIT,54611166989
2026-01-09T01:41:08.542263+00:00,GBPUSD,Direction.SHORT,1.34317,1.34292,0.3,7.500000000002504,TAKE_PROFIT,54611168249
2026-01-09T01:41:08.726651+00:00,GBPUSD,Direction.SHORT,1.34318,1.34292,0.3,7.800000000004469,TAKE_PROFIT,54611169300
2026-01-09T01:41:08.911671+00:00,GBPUSD,Direction.SHORT,1.34318,1.34292,0.3,7.800000000004469,TAKE_PROFIT,54611170449
2026-01-09T01:41:32.577997+00:00,GBPUSD,Direction.SHORT,1.34317,1.34293,0.3,7.200000000000539,TAKE_PROFIT,54611166989
2026-01-09T01:41:32.770640+00:00,GBPUSD,Direction.SHORT,1.34317,1.34293,0.3,7.200000000000539,TAKE_PROFIT,54611168249
2026-01-09T01:41:32.956709+00:00,GBPUSD,Direction.SHORT,1.34318,1.34293,0.3,7.500000000002504,TAKE_PROFIT,54611169300
2026-01-09T01:41:33.137706+00:00,GBPUSD,Direction.SHORT,1.34318,1.34293,0.3,7.500000000002504,TAKE_PROFIT,54611170449
2026-01-09T01:41:56.758826+00:00,GBPUSD,Direction.SHORT,1.34317,1.34291,0.3,7.799999999997809,TAKE_PROFIT,54611168249
2026-01-09T01:41:56.950752+00:00,GBPUSD,Direction.SHORT,1.34318,1.34291,0.3,8.099999999999774,TAKE_PROFIT,54611169300
2026-01-09T01:41:57.153132+00:00,GBPUSD,Direction.SHORT,1.34318,1.34291,0.3,8.099999999999774,TAKE_PROFIT,54611170449
2026-01-09T01:42:19.487015+00:00,GBPUSD,Direction.SHORT,1.34318,1.34293,0.3,7.500000000002504,TAKE_PROFIT,54611169300
2026-01-09T01:42:19.684527+00:00,GBPUSD,Direction.SHORT,1.34318,1.34293,0.3,7.500000000002504,TAKE_PROFIT,54611170449
2026-01-09T01:42:41.339817+00:00,GBPUSD,Direction.SHORT,1.34318,1.34296,0.3,6.600000000003269,TAKE_PROFIT,54611170449
2026-01-09T01:42:51.590399+00:00,GBPUSD,Direction.SHORT,1.34318,1.34293,0.3,7.500000000002504,TAKE_PROFIT,54611170449
2026-01-09T02:35:20.620675+00:00,GBPUSD,Direction.LONG,1.3429,1.3431,0.3,5.999999999999339,TAKE_PROFIT,54611194945
2026-01-09T02:35:20.802891+00:00,GBPUSD,Direction.LONG,1.3429,1.3431,0.3,5.999999999999339,TAKE_PROFIT,54611194959
2026-01-09T02:35:20.996795+00:00,GBPUSD,Direction.LONG,1.3429,1.3431,0.3,5.999999999999339,TAKE_PROFIT,54611194975
2026-01-09T02:35:21.185118+00:00,GBPUSD,Direction.LONG,1.3429,1.3431,0.3,5.999999999999339,TAKE_PROFIT,54611194988
2026-01-09T02:35:21.369687+00:00,GBPUSD,Direction.LONG,1.34292,1.3431,0.3,5.40000000000207,TAKE_PROFIT,54611197729
2026-01-09T02:35:21.560545+00:00,GBPUSD,Direction.LONG,1.34292,1.3431,0.3,5.40000000000207,TAKE_PROFIT,54611197743
2026-01-09T02:35:21.743121+00:00,GBPUSD,Direction.LONG,1.34292,1.3431,0.3,5.40000000000207,TAKE_PROFIT,54611197753
2026-01-09T02:35:21.929673+00:00,GBPUSD,Direction.LONG,1.34293,1.3431,0.3,5.1000000000001044,TAKE_PROFIT,54611200350
2026-01-09T02:35:22.115462+00:00,GBPUSD,Direction.LONG,1.34293,1.3431,0.3,5.1000000000001044,TAKE_PROFIT,54611200364
2026-01-09T02:35:22.302769+00:00,GBPUSD,Direction.LONG,1.34293,1.3431,0.3,5.1000000000001044,TAKE_PROFIT,54611200382
2026-01-09T02:35:22.487015+00:00,GBPUSD,Direction.LONG,1.34293,1.3431,0.3,5.1000000000001044,TAKE_PROFIT,54611200400
2026-01-09T02:35:22.677744+00:00,GBPUSD,Direction.LONG,1.34291,1.3431,0.3,5.699999999997374,TAKE_PROFIT,54611203210
2026-01-09T02:35:22.872683+00:00,GBPUSD,Direction.LONG,1.34291,1.3431,0.3,5.699999999997374,TAKE_PROFIT,54611203227
2026-01-09T02:35:23.072490+00:00,GBPUSD,Direction.LONG,1.34291,1.3431,0.3,5.699999999997374,TAKE_PROFIT,54611203240
2026-01-09T02:35:23.266708+00:00,GBPUSD,Direction.LONG,1.34293,1.3431,0.3,5.1000000000001044,TAKE_PROFIT,54611206600
2026-01-09T02:35:23.459070+00:00,GBPUSD,Direction.LONG,1.34293,1.3431,0.3,5.1000000000001044,TAKE_PROFIT,54611206625
2026-01-09T02:35:23.639325+00:00,GBPUSD,Direction.LONG,1.34293,1.3431,0.3,5.1000000000001044,TAKE_PROFIT,54611211049
2026-01-09T02:35:55.709187+00:00,GBPUSD,Direction.LONG,1.3429,1.34318,0.3,8.40000000000174,TAKE_PROFIT,54611194959
2026-01-09T02:35:55.891211+00:00,GBPUSD,Direction.LONG,1.3429,1.34318,0.3,8.40000000000174,TAKE_PROFIT,54611194975
2026-01-09T02:35:56.082217+00:00,GBPUSD,Direction.LONG,1.3429,1.34318,0.3,8.40000000000174,TAKE_PROFIT,54611194988
2026-01-09T02:35:56.275583+00:00,GBPUSD,Direction.LONG,1.34292,1.34318,0.3,7.800000000004469,TAKE_PROFIT,54611197729
2026-01-09T02:35:56.465571+00:00,GBPUSD,Direction.LONG,1.34292,1.34318,0.3,7.800000000004469,TAKE_PROFIT,54611197743
2026-01-09T02:35:56.651345+00:00,GBPUSD,Direction.LONG,1.34292,1.34318,0.3,7.800000000004469,TAKE_PROFIT,54611197753
2026-01-09T02:35:56.845293+00:00,GBPUSD,Direction.LONG,1.34296,1.34318,0.3,6.600000000003269,TAKE_PROFIT,54611197777
2026-01-09T02:35:57.037421+00:00,GBPUSD,Direction.LONG,1.34293,1.34318,0.3,7.500000000002504,TAKE_PROFIT,54611200350
2026-01-09T02:35:57.225046+00:00,GBPUSD,Direction.LONG,1.34293,1.34318,0.3,7.500000000002504,TAKE_PROFIT,54611200364
2026-01-09T02:35:57.427680+00:00,GBPUSD,Direction.LONG,1.34293,1.34318,0.3,7.500000000002504,TAKE_PROFIT,54611200382
2026-01-09T02:35:57.626478+00:00,GBPUSD,Direction.LONG,1.34293,1.34318,0.3,7.500000000002504,TAKE_PROFIT,54611200400
2026-01-09T02:35:57.818787+00:00,GBPUSD,Direction.LONG,1.34291,1.34318,0.3,8.099999999999774,TAKE_PROFIT,54611203210
2026-01-09T02:35:58.017057+00:00,GBPUSD,Direction.LONG,1.34291,1.34318,0.3,8.099999999999774,TAKE_PROFIT,54611203227
2026-01-09T02:35:58.203416+00:00,GBPUSD,Direction.LONG,1.34291,1.34318,0.3,8.099999999999774,TAKE_PROFIT,54611203240
2026-01-09T02:35:58.389850+00:00,GBPUSD,Direction.LONG,1.34293,1.34318,0.3,7.500000000002504,TAKE_PROFIT,54611206600
2026-01-09T02:35:58.591750+00:00,GBPUSD,Direction.LONG,1.34293,1.34318,0.3,7.500000000002504,TAKE_PROFIT,54611206625
2026-01-09T02:35:58.779972+00:00,GBPUSD,Direction.LONG,1.34296,1.34318,0.3,6.600000000003269,TAKE_PROFIT,54611210086
2026-01-09T02:35:58.975068+00:00,GBPUSD,Direction.LONG,1.34293,1.34318,0.3,7.500000000002504,TAKE_PROFIT,54611211049
2026-01-09T02:36:31.768100+00:00,GBPUSD,Direction.LONG,1.3429,1.34318,0.3,8.40000000000174,TAKE_PROFIT,54611194975
2026-01-09T02:36:31.955378+00:00,GBPUSD,Direction.LONG,1.3429,1.34318,0.3,8.40000000000174,TAKE_PROFIT,54611194988
2026-01-09T02:36:32.147789+00:00,GBPUSD,Direction.LONG,1.34292,1.34318,0.3,7.800000000004469,TAKE_PROFIT,54611197729
2026-01-09T02:36:32.332973+00:00,GBPUSD,Direction.LONG,1.34292,1.34318,0.3,7.800000000004469,TAKE_PROFIT,54611197743
2026-01-09T02:36:32.522829+00:00,GBPUSD,Direction.LONG,1.34292,1.34318,0.3,7.800000000004469,TAKE_PROFIT,54611197753
2026-01-09T02:36:32.722872+00:00,GBPUSD,Direction.LONG,1.34296,1.34318,0.3,6.600000000003269,TAKE_PROFIT,54611197777
2026-01-09T02:36:32.909082+00:00,GBPUSD,Direction.LONG,1.34293,1.34318,0.3,7.500000000002504,TAKE_PROFIT,54611200350
2026-01-09T02:36:33.092905+00:00,GBPUSD,Direction.LONG,1.34293,1.34318,0.3,7.500000000002504,TAKE_PROFIT,54611200364
2026-01-09T02:36:33.282962+00:00,GBPUSD,Direction.LONG,1.34293,1.34318,0.3,7.500000000002504,TAKE_PROFIT,54611200382
2026-01-09T02:36:33.476550+00:00,GBPUSD,Direction.LONG,1.34293,1.34318,0.3,7.500000000002504,TAKE_PROFIT,54611200400
2026-01-09T02:36:33.664671+00:00,GBPUSD,Direction.LONG,1.34291,1.34318,0.3,8.099999999999774,TAKE_PROFIT,54611203210
2026-01-09T02:36:33.854427+00:00,GBPUSD,Direction.LONG,1.34291,1.34318,0.3,8.099999999999774,TAKE_PROFIT,54611203227
2026-01-09T02:36:34.055574+00:00,GBPUSD,Direction.LONG,1.34291,1.34318,0.3,8.099999999999774,TAKE_PROFIT,54611203240
2026-01-09T02:36:34.246513+00:00,GBPUSD,Direction.LONG,1.34293,1.34318,0.3,7.500000000002504,TAKE_PROFIT,54611206600
2026-01-09T02:36:34.437071+00:00,GBPUSD,Direction.LONG,1.34293,1.34318,0.3,7.500000000002504,TAKE_PROFIT,54611206625
2026-01-09T02:36:34.624683+00:00,GBPUSD,Direction.LONG,1.34296,1.34318,0.3,6.600000000003269,TAKE_PROFIT,54611210086
2026-01-09T02:36:34.819132+00:00,GBPUSD,Direction.LONG,1.34293,1.34318,0.3,7.500000000002504,TAKE_PROFIT,54611211049
2026-01-09T02:37:07.941335+00:00,GBPUSD,Direction.LONG,1.3429,1.3431899999999999,0.3,8.699999999997043,TAKE_PROFIT,54611194988
2026-01-09T02:37:08.163093+00:00,GBPUSD,Direction.LONG,1.34292,1.3431899999999999,0.3,8.099999999999774,TAKE_PROFIT,54611197729
2026-01-09T02:37:08.361671+00:00,GBPUSD,Direction.LONG,1.34292,1.3431899999999999,0.3,8.099999999999774,TAKE_PROFIT,54611197743
2026-01-09T02:37:08.592668+00:00,GBPUSD,Direction.LONG,1.34292,1.3431899999999999,0.3,8.099999999999774,TAKE_PROFIT,54611197753
2026-01-09T02:37:08.854492+00:00,GBPUSD,Direction.LONG,1.34296,1.3431899999999999,0.3,6.899999999998574,TAKE_PROFIT,54611197777
2026-01-09T02:37:09.072934+00:00,GBPUSD,Direction.LONG,1.34293,1.3431899999999999,0.3,7.799999999997809,TAKE_PROFIT,54611200350
2026-01-09T02:37:09.276371+00:00,GBPUSD,Direction.LONG,1.34293,1.3431899999999999,0.3,7.799999999997809,TAKE_PROFIT,54611200364
2026-01-09T02:37:09.477591+00:00,GBPUSD,Direction.LONG,1.34293,1.3431899999999999,0.3,7.799999999997809,TAKE_PROFIT,54611200382
2026-01-09T02:37:09.670102+00:00,GBPUSD,Direction.LONG,1.34293,1.3431899999999999,0.3,7.799999999997809,TAKE_PROFIT,54611200400
2026-01-09T02:37:09.865417+00:00,GBPUSD,Direction.LONG,1.34291,1.3431899999999999,0.3,8.399999999995078,TAKE_PROFIT,54611203210
2026-01-09T02:37:10.063413+00:00,GBPUSD,Direction.LONG,1.34291,1.3431899999999999,0.3,8.399999999995078,TAKE_PROFIT,54611203227
2026-01-09T02:37:10.280774+00:00,GBPUSD,Direction.LONG,1.34291,1.3431899999999999,0.3,8.399999999995078,TAKE_PROFIT,54611203240
2026-01-09T02:37:10.467930+00:00,GBPUSD,Direction.LONG,1.34293,1.3431899999999999,0.3,7.799999999997809,TAKE_PROFIT,54611206600
2026-01-09T02:37:10.663402+00:00,GBPUSD,Direction.LONG,1.34293,1.3431899999999999,0.3,7.799999999997809,TAKE_PROFIT,54611206625
2026-01-09T02:37:10.864970+00:00,GBPUSD,Direction.LONG,1.34296,1.3431899999999999,0.3,6.899999999998574,TAKE_PROFIT,54611210086
2026-01-09T02:37:11.056583+00:00,GBPUSD,Direction.LONG,1.34293,1.3431899999999999,0.3,7.799999999997809,TAKE_PROFIT,54611211049
2026-01-09T02:37:42.555476+00:00,GBPUSD,Direction.LONG,1.34292,1.3431,0.3,5.40000000000207,TAKE_PROFIT,54611197729
2026-01-09T02:37:42.766602+00:00,GBPUSD,Direction.LONG,1.34292,1.3431,0.3,5.40000000000207,TAKE_PROFIT,54611197743
2026-01-09T02:37:42.992739+00:00,GBPUSD,Direction.LONG,1.34292,1.3431,0.3,5.40000000000207,TAKE_PROFIT,54611197753
2026-01-09T02:37:43.193015+00:00,GBPUSD,Direction.LONG,1.34293,1.3431,0.3,5.1000000000001044,TAKE_PROFIT,54611200350
2026-01-09T02:37:43.427818+00:00,GBPUSD,Direction.LONG,1.34293,1.3431,0.3,5.1000000000001044,TAKE_PROFIT,54611200364
2026-01-09T02:37:43.617970+00:00,GBPUSD,Direction.LONG,1.34293,1.3431,0.3,5.1000000000001044,TAKE_PROFIT,54611200382
2026-01-09T02:37:43.818256+00:00,GBPUSD,Direction.LONG,1.34293,1.3431,0.3,5.1000000000001044,TAKE_PROFIT,54611200400
2026-01-09T02:37:44.007188+00:00,GBPUSD,Direction.LONG,1.34291,1.3431,0.3,5.699999999997374,TAKE_PROFIT,54611203210
2026-01-09T02:37:44.201627+00:00,GBPUSD,Direction.LONG,1.34291,1.3431,0.3,5.699999999997374,TAKE_PROFIT,54611203227
2026-01-09T02:37:44.384985+00:00,GBPUSD,Direction.LONG,1.34291,1.3431,0.3,5.699999999997374,TAKE_PROFIT,54611203240
2026-01-09T02:37:44.582553+00:00,GBPUSD,Direction.LONG,1.34293,1.3431,0.3,5.1000000000001044,TAKE_PROFIT,54611206600
2026-01-09T02:37:44.774888+00:00,GBPUSD,Direction.LONG,1.34293,1.3431,0.3,5.1000000000001044,TAKE_PROFIT,54611206625
2026-01-09T02:37:44.965335+00:00,GBPUSD,Direction.LONG,1.34293,1.3431,0.3,5.1000000000001044,TAKE_PROFIT,54611211049
2026-01-09T02:38:14.306581+00:00,GBPUSD,Direction.LONG,1.34292,1.3431,0.3,5.40000000000207,TAKE_PROFIT,54611197743
2026-01-09T02:38:14.499575+00:00,GBPUSD,Direction.LONG,1.34292,1.3431,0.3,5.40000000000207,TAKE_PROFIT,54611197753
2026-01-09T02:38:14.689638+00:00,GBPUSD,Direction.LONG,1.34293,1.3431,0.3,5.1000000000001044,TAKE_PROFIT,54611200350
2026-01-09T02:38:14.880335+00:00,GBPUSD,Direction.LONG,1.34293,1.3431,0.3,5.1000000000001044,TAKE_PROFIT,54611200364
2026-01-09T02:38:15.078015+00:00,GBPUSD,Direction.LONG,1.34293,1.3431,0.3,5.1000000000001044,TAKE_PROFIT,54611200382
2026-01-09T02:38:15.265098+00:00,GBPUSD,Direction.LONG,1.34293,1.3431,0.3,5.1000000000001044,TAKE_PROFIT,54611200400
2026-01-09T02:38:15.462690+00:00,GBPUSD,Direction.LONG,1.34291,1.3431,0.3,5.699999999997374,TAKE_PROFIT,54611203210
2026-01-09T02:38:15.651656+00:00,GBPUSD,Direction.LONG,1.34291,1.3431,0.3,5.699999999997374,TAKE_PROFIT,54611203227
2026-01-09T02:38:15.842327+00:00,GBPUSD,Direction.LONG,1.34291,1.3431,0.3,5.699999999997374,TAKE_PROFIT,54611203240
2026-01-09T02:38:16.032659+00:00,GBPUSD,Direction.LONG,1.34293,1.3431,0.3,5.1000000000001044,TAKE_PROFIT,54611206600
2026-01-09T02:38:16.245338+00:00,GBPUSD,Direction.LONG,1.34293,1.3431,0.3,5.1000000000001044,TAKE_PROFIT,54611206625
2026-01-09T02:38:16.437188+00:00,GBPUSD,Direction.LONG,1.34293,1.3431,0.3,5.1000000000001044,TAKE_PROFIT,54611211049
2026-01-09T02:39:08.018169+00:00,GBPUSD,Direction.SHORT,1.3431899999999999,1.343,0.3,5.699999999997374,TAKE_PROFIT,54611593570
2026-01-09T02:39:08.199747+00:00,GBPUSD,Direction.SHORT,1.3431899999999999,1.343,0.3,5.699999999997374,TAKE_PROFIT,54611593595
2026-01-09T02:39:08.381020+00:00,GBPUSD,Direction.SHORT,1.3431899999999999,1.343,0.3,5.699999999997374,TAKE_PROFIT,54611593606
2026-01-09T02:39:08.564634+00:00,GBPUSD,Direction.SHORT,1.3431899999999999,1.343,0.3,5.699999999997374,TAKE_PROFIT,54611593617
2026-01-09T02:41:05.767948+00:00,GBPUSD,Direction.SHORT,1.3431899999999999,1.34302,0.3,5.099999999993443,TAKE_PROFIT,54611593570
2026-01-09T02:41:05.946151+00:00,GBPUSD,Direction.SHORT,1.3431899999999999,1.34302,0.3,5.099999999993443,TAKE_PROFIT,54611593595
2026-01-09T02:41:06.142409+00:00,GBPUSD,Direction.SHORT,1.3431899999999999,1.34302,0.3,5.099999999993443,TAKE_PROFIT,54611593606
2026-01-09T02:41:06.319947+00:00,GBPUSD,Direction.SHORT,1.3431899999999999,1.34302,0.3,5.099999999993443,TAKE_PROFIT,54611593617
2026-01-09T02:41:19.304085+00:00,GBPUSD,Direction.SHORT,1.3431899999999999,1.34297,0.3,6.599999999996609,TAKE_PROFIT,54611593570
2026-01-09T02:41:19.494746+00:00,GBPUSD,Direction.SHORT,1.3431899999999999,1.34297,0.3,6.599999999996609,TAKE_PROFIT,54611593595
2026-01-09T02:41:19.678202+00:00,GBPUSD,Direction.SHORT,1.3431899999999999,1.34297,0.3,6.599999999996609,TAKE_PROFIT,54611593606
2026-01-09T02:41:19.872749+00:00,GBPUSD,Direction.SHORT,1.3431899999999999,1.34297,0.3,6.599999999996609,TAKE_PROFIT,54611593617
2026-01-09T02:41:32.882919+00:00,GBPUSD,Direction.SHORT,1.3431899999999999,1.34293,0.3,7.799999999997809,TAKE_PROFIT,54611593570
2026-01-09T02:41:33.067863+00:00,GBPUSD,Direction.SHORT,1.3431899999999999,1.34293,0.3,7.799999999997809,TAKE_PROFIT,54611593595
2026-01-09T02:41:33.250213+00:00,GBPUSD,Direction.SHORT,1.3431899999999999,1.34293,0.3,7.799999999997809,TAKE_PROFIT,54611593606
2026-01-09T02:41:33.447555+00:00,GBPUSD,Direction.SHORT,1.3431899999999999,1.34293,0.3,7.799999999997809,TAKE_PROFIT,54611593617
2026-01-09T02:41:33.639623+00:00,GBPUSD,Direction.SHORT,1.3431,1.34293,0.3,5.1000000000001044,TAKE_PROFIT,54611597630
2026-01-09T02:41:33.836206+00:00,GBPUSD,Direction.SHORT,1.3431,1.34293,0.3,5.1000000000001044,TAKE_PROFIT,54611600631
2026-01-09T02:41:34.022661+00:00,GBPUSD,Direction.SHORT,1.3431,1.34293,0.3,5.1000000000001044,TAKE_PROFIT,54611600647
2026-01-09T02:41:34.209808+00:00,GBPUSD,Direction.SHORT,1.3431,1.34293,0.3,5.1000000000001044,TAKE_PROFIT,54611600656
2026-01-09T02:41:34.401242+00:00,GBPUSD,Direction.SHORT,1.3431,1.34293,0.3,5.1000000000001044,TAKE_PROFIT,54611600668
2026-01-09T02:41:34.589258+00:00,GBPUSD,Direction.SHORT,1.3431,1.34293,0.3,5.1000000000001044,TAKE_PROFIT,54611600678
2026-01-09T02:41:34.784473+00:00,GBPUSD,Direction.SHORT,1.3431,1.34293,0.3,5.1000000000001044,TAKE_PROFIT,54611600707
2026-01-09T02:41:34.978099+00:00,GBPUSD,Direction.SHORT,1.3431,1.34293,0.3,5.1000000000001044,TAKE_PROFIT,54611600724
2026-01-09T02:41:35.166656+00:00,GBPUSD,Direction.SHORT,1.3431,1.34293,0.3,5.1000000000001044,TAKE_PROFIT,54611600737
2026-01-09T02:41:35.365126+00:00,GBPUSD,Direction.SHORT,1.3431,1.34293,0.3,5.1000000000001044,TAKE_PROFIT,54611600750
2026-01-09T02:41:35.548054+00:00,GBPUSD,Direction.SHORT,1.3431,1.34293,0.3,5.1000000000001044,TAKE_PROFIT,54611600769
2026-01-09T02:41:35.731150+00:00,GBPUSD,Direction.SHORT,1.3431,1.34293,0.3,5.1000000000001044,TAKE_PROFIT,54611600784
2026-01-09T02:41:35.916778+00:00,GBPUSD,Direction.SHORT,1.3431,1.34293,0.3,5.1000000000001044,TAKE_PROFIT,54611600799
2026-01-09T02:41:57.992568+00:00,GBPUSD,Direction.SHORT,1.3431899999999999,1.34293,0.3,7.799999999997809,TAKE_PROFIT,54611593570
2026-01-09T02:41:58.186390+00:00,GBPUSD,Direction.SHORT,1.3431899999999999,1.34293,0.3,7.799999999997809,TAKE_PROFIT,54611593595
2026-01-09T02:41:58.374851+00:00,GBPUSD,Direction.SHORT,1.3431899999999999,1.34293,0.3,7.799999999997809,TAKE_PROFIT,54611593606
2026-01-09T02:41:58.555581+00:00,GBPUSD,Direction.SHORT,1.3431899999999999,1.34293,0.3,7.799999999997809,TAKE_PROFIT,54611593617
2026-01-09T02:41:58.746798+00:00,GBPUSD,Direction.SHORT,1.3431,1.34293,0.3,5.1000000000001044,TAKE_PROFIT,54611597630
2026-01-09T02:41:58.939421+00:00,GBPUSD,Direction.SHORT,1.3431,1.34293,0.3,5.1000000000001044,TAKE_PROFIT,54611600631
2026-01-09T02:41:59.126122+00:00,GBPUSD,Direction.SHORT,1.3431,1.34293,0.3,5.1000000000001044,TAKE_PROFIT,54611600647
2026-01-09T02:41:59.312661+00:00,GBPUSD,Direction.SHORT,1.3431,1.34293,0.3,5.1000000000001044,TAKE_PROFIT,54611600656
2026-01-09T02:41:59.500330+00:00,GBPUSD,Direction.SHORT,1.3431,1.34293,0.3,5.1000000000001044,TAKE_PROFIT,54611600668
2026-01-09T02:41:59.692635+00:00,GBPUSD,Direction.SHORT,1.3431,1.34293,0.3,5.1000000000001044,TAKE_PROFIT,54611600678
2026-01-09T02:41:59.887511+00:00,GBPUSD,Direction.SHORT,1.3431,1.34293,0.3,5.1000000000001044,TAKE_PROFIT,54611600707
2026-01-09T02:42:00.073162+00:00,GBPUSD,Direction.SHORT,1.3431,1.34293,0.3,5.1000000000001044,TAKE_PROFIT,54611600724
2026-01-09T02:42:00.260463+00:00,GBPUSD,Direction.SHORT,1.3431,1.34293,0.3,5.1000000000001044,TAKE_PROFIT,54611600737
2026-01-09T02:42:00.454434+00:00,GBPUSD,Direction.SHORT,1.3431,1.34293,0.3,5.1000000000001044,TAKE_PROFIT,54611600750
2026-01-09T02:42:00.646426+00:00,GBPUSD,Direction.SHORT,1.3431,1.34293,0.3,5.1000000000001044,TAKE_PROFIT,54611600769
2026-01-09T02:42:00.835137+00:00,GBPUSD,Direction.SHORT,1.3431,1.34293,0.3,5.1000000000001044,TAKE_PROFIT,54611600784
2026-01-09T02:42:01.028059+00:00,GBPUSD,Direction.SHORT,1.3431,1.34293,0.3,5.1000000000001044,TAKE_PROFIT,54611600799
2026-01-09T02:44:53.593204+00:00,GBPUSD,Direction.LONG,1.34293,1.3431199999999999,0.3,5.699999999997374,TAKE_PROFIT,54611624658
2026-01-09T02:44:53.781829+00:00,GBPUSD,Direction.LONG,1.34293,1.3431199999999999,0.3,5.699999999997374,TAKE_PROFIT,54611624695
2026-01-09T02:44:53.971392+00:00,GBPUSD,Direction.LONG,1.34293,1.3431199999999999,0.3,5.699999999997374,TAKE_PROFIT,54611624711
2026-01-09T02:44:54.155848+00:00,GBPUSD,Direction.LONG,1.34293,1.3431199999999999,0.3,5.699999999997374,TAKE_PROFIT,54611626645
2026-01-09T02:44:54.356406+00:00,GBPUSD,Direction.LONG,1.34293,1.3431199999999999,0.3,5.699999999997374,TAKE_PROFIT,54611626651
2026-01-09T02:44:54.555795+00:00,GBPUSD,Direction.LONG,1.34293,1.3431199999999999,0.3,5.699999999997374,TAKE_PROFIT,54611626667
2026-01-09T02:44:54.744239+00:00,GBPUSD,Direction.LONG,1.34293,1.3431199999999999,0.3,5.699999999997374,TAKE_PROFIT,54611626701
2026-01-09T02:44:54.934956+00:00,GBPUSD,Direction.LONG,1.34293,1.3431199999999999,0.3,5.699999999997374,TAKE_PROFIT,54611626714
2026-01-09T02:44:55.130226+00:00,GBPUSD,Direction.LONG,1.34293,1.3431199999999999,0.3,5.699999999997374,TAKE_PROFIT,54611626760
2026-01-09T02:44:55.326489+00:00,GBPUSD,Direction.LONG,1.34293,1.3431199999999999,0.3,5.699999999997374,TAKE_PROFIT,54611626772
2026-01-09T02:44:55.516881+00:00,GBPUSD,Direction.LONG,1.34293,1.3431199999999999,0.3,5.699999999997374,TAKE_PROFIT,54611626779
2026-01-09T02:44:55.703317+00:00,GBPUSD,Direction.LONG,1.34294,1.3431199999999999,0.3,5.3999999999954085,TAKE_PROFIT,54611626790
2026-01-09T02:44:55.892543+00:00,GBPUSD,Direction.LONG,1.34294,1.3431199999999999,0.3,5.3999999999954085,TAKE_PROFIT,54611626813
2026-01-09T02:44:56.076055+00:00,GBPUSD,Direction.LONG,1.34294,1.3431199999999999,0.3,5.3999999999954085,TAKE_PROFIT,54611626836
2026-01-09T02:44:56.266522+00:00,GBPUSD,Direction.LONG,1.34294,1.3431199999999999,0.3,5.3999999999954085,TAKE_PROFIT,54611626855
2026-01-09T02:44:56.463445+00:00,GBPUSD,Direction.LONG,1.34294,1.3431199999999999,0.3,5.3999999999954085,TAKE_PROFIT,54611626921
2026-01-09T02:44:56.648895+00:00,GBPUSD,Direction.LONG,1.34293,1.3431199999999999,0.3,5.699999999997374,TAKE_PROFIT,54611626957
2026-01-09T02:44:56.832067+00:00,GBPUSD,Direction.LONG,1.34293,1.3431199999999999,0.3,5.699999999997374,TAKE_PROFIT,54611626988
2026-01-09T02:44:57.041369+00:00,GBPUSD,Direction.LONG,1.34293,1.3431199999999999,0.3,5.699999999997374,TAKE_PROFIT,54611627019
2026-01-09T02:44:57.231726+00:00,GBPUSD,Direction.LONG,1.34294,1.3431199999999999,0.3,5.3999999999954085,TAKE_PROFIT,54611627058
2026-01-09T02:45:22.258929+00:00,GBPUSD,Direction.LONG,1.34293,1.34327,0.3,10.200000000000209,TAKE_PROFIT,54611626651
2026-01-09T02:45:22.451330+00:00,GBPUSD,Direction.LONG,1.34293,1.34327,0.3,10.200000000000209,TAKE_PROFIT,54611626667
2026-01-09T02:45:22.637356+00:00,GBPUSD,Direction.LONG,1.34293,1.34327,0.3,10.200000000000209,TAKE_PROFIT,54611626701
2026-01-09T02:45:22.831921+00:00,GBPUSD,Direction.LONG,1.34293,1.34327,0.3,10.200000000000209,TAKE_PROFIT,54611626714
2026-01-09T02:45:23.016831+00:00,GBPUSD,Direction.LONG,1.34293,1.34327,0.3,10.200000000000209,TAKE_PROFIT,54611626760
2026-01-09T02:45:23.213145+00:00,GBPUSD,Direction.LONG,1.34293,1.34327,0.3,10.200000000000209,TAKE_PROFIT,54611626772
2026-01-09T02:45:23.397707+00:00,GBPUSD,Direction.LONG,1.34293,1.34327,0.3,10.200000000000209,TAKE_PROFIT,54611626779
2026-01-09T02:45:23.591517+00:00,GBPUSD,Direction.LONG,1.34294,1.34327,0.3,9.899999999998244,TAKE_PROFIT,54611626790
2026-01-09T02:45:23.790245+00:00,GBPUSD,Direction.LONG,1.34294,1.34327,0.3,9.899999999998244,TAKE_PROFIT,54611626813
2026-01-09T02:45:23.980493+00:00,GBPUSD,Direction.LONG,1.34294,1.34327,0.3,9.899999999998244,TAKE_PROFIT,54611626836
2026-01-09T02:45:24.176656+00:00,GBPUSD,Direction.LONG,1.34294,1.34327,0.3,9.899999999998244,TAKE_PROFIT,54611626855
2026-01-09T02:45:24.370799+00:00,GBPUSD,Direction.LONG,1.34294,1.34327,0.3,9.899999999998244,TAKE_PROFIT,54611626921
2026-01-09T02:45:24.566628+00:00,GBPUSD,Direction.LONG,1.34293,1.34327,0.3,10.200000000000209,TAKE_PROFIT,54611626957
2026-01-09T02:45:24.755450+00:00,GBPUSD,Direction.LONG,1.34293,1.34327,0.3,10.200000000000209,TAKE_PROFIT,54611626988
2026-01-09T02:45:24.942892+00:00,GBPUSD,Direction.LONG,1.34293,1.34327,0.3,10.200000000000209,TAKE_PROFIT,54611627019
2026-01-09T02:45:25.132530+00:00,GBPUSD,Direction.LONG,1.34294,1.34327,0.3,9.899999999998244,TAKE_PROFIT,54611627058
2026-01-09T02:45:47.170569+00:00,GBPUSD,Direction.LONG,1.34293,1.3431899999999999,0.3,7.799999999997809,TAKE_PROFIT,54611626957
2026-01-09T02:45:47.363786+00:00,GBPUSD,Direction.LONG,1.34293,1.3431899999999999,0.3,7.799999999997809,TAKE_PROFIT,54611626988
2026-01-09T02:45:47.548698+00:00,GBPUSD,Direction.LONG,1.34293,1.3431899999999999,0.3,7.799999999997809,TAKE_PROFIT,54611627019
2026-01-09T02:45:47.737358+00:00,GBPUSD,Direction.LONG,1.34294,1.3431899999999999,0.3,7.499999999995842,TAKE_PROFIT,54611627058
2026-01-09T02:46:00.746129+00:00,GBPUSD,Direction.LONG,1.34293,1.34318,0.3,7.500000000002504,TAKE_PROFIT,54611626957
2026-01-09T02:46:00.930319+00:00,GBPUSD,Direction.LONG,1.34293,1.34318,0.3,7.500000000002504,TAKE_PROFIT,54611626988
2026-01-09T02:46:01.122609+00:00,GBPUSD,Direction.LONG,1.34293,1.34318,0.3,7.500000000002504,TAKE_PROFIT,54611627019
2026-01-09T02:46:01.316783+00:00,GBPUSD,Direction.LONG,1.34294,1.34318,0.3,7.200000000000539,TAKE_PROFIT,54611627058
2026-01-09T02:46:14.298211+00:00,GBPUSD,Direction.LONG,1.34293,1.34318,0.3,7.500000000002504,TAKE_PROFIT,54611626957
2026-01-09T02:46:14.477876+00:00,GBPUSD,Direction.LONG,1.34293,1.34318,0.3,7.500000000002504,TAKE_PROFIT,54611626988
2026-01-09T02:46:14.661310+00:00,GBPUSD,Direction.LONG,1.34293,1.34318,0.3,7.500000000002504,TAKE_PROFIT,54611627019
2026-01-09T02:46:14.844997+00:00,GBPUSD,Direction.LONG,1.34294,1.34318,0.3,7.200000000000539,TAKE_PROFIT,54611627058
2026-01-09T02:46:27.834872+00:00,GBPUSD,Direction.LONG,1.34293,1.34318,0.3,7.500000000002504,TAKE_PROFIT,54611626957
2026-01-09T02:46:28.022332+00:00,GBPUSD,Direction.LONG,1.34293,1.34318,0.3,7.500000000002504,TAKE_PROFIT,54611626988
2026-01-09T02:46:28.217874+00:00,GBPUSD,Direction.LONG,1.34293,1.34318,0.3,7.500000000002504,TAKE_PROFIT,54611627019
2026-01-09T02:46:28.420655+00:00,GBPUSD,Direction.LONG,1.34294,1.34318,0.3,7.200000000000539,TAKE_PROFIT,54611627058
2026-01-09T14:11:57.577561+00:00,USDJPY,Direction.LONG,157.513,157.591,0.3,14.848563687013145,TAKE_PROFIT,54619983487
2026-01-12T06:09:28.399157+00:00,USDCAD,Direction.SHORT,1.38902,1.38933,0.04,-1.2400000000001299,TIME_EXIT,54629372524
2026-01-12T06:09:38.889973+00:00,USDCAD,Direction.SHORT,1.38902,1.38934,0.04,-1.280000000000392,TIME_EXIT,54629372524
2026-01-12T06:09:49.359873+00:00,USDCAD,Direction.SHORT,1.38902,1.38934,0.04,-1.280000000000392,TIME_EXIT,54629372524
2026-01-12T06:09:59.812131+00:00,USDCAD,Direction.SHORT,1.38902,1.38934,0.04,-1.280000000000392,TIME_EXIT,54629372524
2026-01-12T06:10:10.252737+00:00,USDCAD,Direction.SHORT,1.38902,1.38936,0.04,-1.3600000000000279,TIME_EXIT,54629372524
2026-01-12T06:10:20.693186+00:00,USDCAD,Direction.SHORT,1.38902,1.38932,0.04,-1.200000000000756,TIME_EXIT,54629372524
2026-01-12T06:10:31.143023+00:00,USDCAD,Direction.SHORT,1.38902,1.38934,0.04,-1.280000000000392,TIME_EXIT,54629372524
2026-01-12T06:10:41.585596+00:00,USDCAD,Direction.SHORT,1.38902,1.38932,0.04,-1.200000000000756,TIME_EXIT,54629372524
2026-01-12T06:10:52.071404+00:00,USDCAD,Direction.SHORT,1.38902,1.38929,0.04,-1.0799999999999699,TIME_EXIT,54629372524
2026-01-12T06:11:02.581870+00:00,USDCAD,Direction.SHORT,1.38902,1.38929,0.04,-1.0799999999999699,TIME_EXIT,54629372524
2026-01-12T06:11:13.043661+00:00,USDCAD,Direction.SHORT,1.38902,1.38927,0.04,-1.000000000000334,TIME_EXIT,54629372524
2026-01-12T06:11:23.511607+00:00,USDCAD,Direction.SHORT,1.38902,1.38927,0.04,-1.000000000000334,TIME_EXIT,54629372524
2026-01-12T06:11:33.956452+00:00,USDCAD,Direction.SHORT,1.38902,1.38929,0.04,-1.0799999999999699,TIME_EXIT,54629372524
2026-01-12T06:11:44.417284+00:00,USDCAD,Direction.SHORT,1.38902,1.38928,0.04,-1.040000000000596,TIME_EXIT,54629372524
2026-01-12T06:11:54.867772+00:00,USDCAD,Direction.SHORT,1.38902,1.38928,0.04,-1.040000000000596,TIME_EXIT,54629372524
2026-01-12T06:12:05.327924+00:00,USDCAD,Direction.SHORT,1.38902,1.38928,0.04,-1.040000000000596,TIME_EXIT,54629372524
2026-01-12T06:12:15.784874+00:00,USDCAD,Direction.SHORT,1.38902,1.3893,0.04,-1.120000000000232,TIME_EXIT,54629372524
2026-01-12T06:12:26.280967+00:00,USDCAD,Direction.SHORT,1.38902,1.3893,0.04,-1.120000000000232,TIME_EXIT,54629372524
2026-01-12T06:12:36.767911+00:00,USDCAD,Direction.SHORT,1.38902,1.38933,0.04,-1.2400000000001299,TIME_EXIT,54629372524
2026-01-12T06:12:47.911897+00:00,USDCAD,Direction.SHORT,1.38902,1.38933,0.04,-1.2400000000001299,TIME_EXIT,54629372524
2026-01-13T00:49:25.379902+00:00,USDCAD,Direction.LONG,1.38933,1.38801,0.04,-5.279999999999951,TIME_EXIT,54631784926
2026-01-13T00:49:25.802000+00:00,USDCAD,Direction.LONG,1.38934,1.38801,0.04,-5.3200000000002134,TIME_EXIT,54631788781
2026-01-13T00:49:26.000791+00:00,USDCAD,Direction.LONG,1.38934,1.38801,0.04,-5.3200000000002134,TIME_EXIT,54631791687
2026-01-13T00:49:26.206758+00:00,USDCAD,Direction.LONG,1.38934,1.38801,0.04,-5.3200000000002134,TIME_EXIT,54631794250
2026-01-13T00:49:26.458699+00:00,USDCAD,Direction.LONG,1.38936,1.38801,0.04,-5.399999999999849,TIME_EXIT,54631796743
2026-01-13T00:49:27.099416+00:00,USDCAD,Direction.LONG,1.38932,1.38801,0.04,-5.2400000000005775,TIME_EXIT,54631799631
2026-01-13T00:49:27.395893+00:00,USDCAD,Direction.LONG,1.38934,1.38801,0.04,-5.3200000000002134,TIME_EXIT,54631802130
2026-01-13T00:49:27.666242+00:00,USDCAD,Direction.LONG,1.38932,1.38801,0.04,-5.2400000000005775,TIME_EXIT,54631804327
2026-01-13T00:49:27.880486+00:00,USDCAD,Direction.LONG,1.38929,1.38801,0.04,-5.119999999999791,TIME_EXIT,54631806842
2026-01-13T00:49:28.158053+00:00,USDCAD,Direction.LONG,1.38929,1.38801,0.04,-5.119999999999791,TIME_EXIT,54631809541
2026-01-13T00:49:28.362727+00:00,USDCAD,Direction.LONG,1.38927,1.38801,0.04,-5.0400000000001555,TIME_EXIT,54631812063
2026-01-13T00:49:28.535896+00:00,USDCAD,Direction.LONG,1.38927,1.38801,0.04,-5.0400000000001555,TIME_EXIT,54631814394
2026-01-13T00:49:28.719073+00:00,USDCAD,Direction.LONG,1.38929,1.38801,0.04,-5.119999999999791,TIME_EXIT,54631818180
2026-01-13T00:49:28.910259+00:00,USDCAD,Direction.LONG,1.38928,1.38801,0.04,-5.0800000000004175,TIME_EXIT,54631822357
2026-01-13T00:49:29.089265+00:00,USDCAD,Direction.LONG,1.38928,1.38801,0.04,-5.0800000000004175,TIME_EXIT,54631826591
2026-01-13T00:49:29.302679+00:00,USDCAD,Direction.LONG,1.3893,1.38801,0.04,-5.160000000000053,TIME_EXIT,54631830622
2026-01-13T00:49:29.525906+00:00,USDCAD,Direction.LONG,1.3893,1.38801,0.04,-5.160000000000053,TIME_EXIT,54631833424
2026-01-13T00:49:29.729662+00:00,USDCAD,Direction.LONG,1.3893,1.38801,0.04,-5.160000000000053,TIME_EXIT,54631835595
2026-01-13T00:49:29.901345+00:00,USDCAD,Direction.LONG,1.38933,1.38801,0.04,-5.279999999999951,TIME_EXIT,54631839642
2026-01-13T00:49:30.072134+00:00,USDCAD,Direction.LONG,1.38933,1.38801,0.04,-5.279999999999951,TIME_EXIT,54631842674
2026-01-13T05:25:28.255718+00:00,EURUSD,Direction.LONG,1.16598,1.1667,0.07,5.040000000000378,TAKE_PROFIT,54649337959
2026-01-13T05:25:38.847308+00:00,EURUSD,Direction.LONG,1.16598,1.1667399999999999,0.07,5.319999999999104,TAKE_PROFIT,54649337959
2026-01-13T05:25:49.205398+00:00,EURUSD,Direction.LONG,1.16598,1.16672,0.07,5.179999999999741,TAKE_PROFIT,54649337959
2026-01-13T05:25:59.574214+00:00,EURUSD,Direction.LONG,1.16598,1.16672,0.07,5.179999999999741,TAKE_PROFIT,54649337959
2026-01-13T05:26:10.018647+00:00,EURUSD,Direction.LONG,1.16598,1.16671,0.07,5.109999999999283,TAKE_PROFIT,54649337959
2026-01-13T05:32:32.577982+00:00,EURUSD,Direction.LONG,1.16598,1.16671,0.07,5.109999999999283,TAKE_PROFIT,54649337959
2026-01-13T05:32:42.963216+00:00,EURUSD,Direction.LONG,1.16598,1.16671,0.07,5.109999999999283,TAKE_PROFIT,54649337959
2026-01-13T05:32:53.341396+00:00,EURUSD,Direction.LONG,1.16598,1.16671,0.07,5.109999999999283,TAKE_PROFIT,54649337959
2026-01-13T06:06:08.755890+00:00,EURUSD,Direction.SHORT,1.1667399999999999,1.16601,0.07,5.109999999999283,TAKE_PROFIT,54650049204
2026-01-13T06:06:19.164317+00:00,EURUSD,Direction.SHORT,1.1667399999999999,1.16601,0.07,5.109999999999283,TAKE_PROFIT,54650049204
2026-01-13T06:06:29.599886+00:00,EURUSD,Direction.SHORT,1.1667,1.1659,0.07,5.6000000000009384,TAKE_PROFIT,54650047142
2026-01-13T06:06:29.759041+00:00,EURUSD,Direction.SHORT,1.1667399999999999,1.1659,0.07,5.879999999999664,TAKE_PROFIT,54650049204
2026-01-13T06:06:29.915416+00:00,EURUSD,Direction.SHORT,1.16672,1.1659,0.07,5.7400000000003,TAKE_PROFIT,54650050837
2026-01-13T06:06:30.075265+00:00,EURUSD,Direction.SHORT,1.16672,1.1659,0.07,5.7400000000003,TAKE_PROFIT,54650052854
2026-01-13T06:06:30.245169+00:00,EURUSD,Direction.SHORT,1.16671,1.1659,0.07,5.669999999999843,TAKE_PROFIT,54650054358
2026-01-13T06:06:30.405288+00:00,EURUSD,Direction.SHORT,1.16671,1.1659,0.07,5.669999999999843,TAKE_PROFIT,54650153259
2026-01-13T06:06:30.571257+00:00,EURUSD,Direction.SHORT,1.16671,1.1659,0.07,5.669999999999843,TAKE_PROFIT,54650156518
2026-01-13T06:06:30.739046+00:00,EURUSD,Direction.SHORT,1.16671,1.1659,0.07,5.669999999999843,TAKE_PROFIT,54650159216
2026-01-13T06:06:41.841117+00:00,EURUSD,Direction.SHORT,1.1667,1.16594,0.07,5.3200000000006575,TAKE_PROFIT,54650047142
2026-01-13T06:06:41.995907+00:00,EURUSD,Direction.SHORT,1.1667399999999999,1.16594,0.07,5.599999999999384,TAKE_PROFIT,54650049204
2026-01-13T06:06:42.159373+00:00,EURUSD,Direction.SHORT,1.16672,1.16594,0.07,5.460000000000021,TAKE_PROFIT,54650050837
2026-01-13T06:06:42.318377+00:00,EURUSD,Direction.SHORT,1.16672,1.16594,0.07,5.460000000000021,TAKE_PROFIT,54650052854
2026-01-13T06:06:42.477366+00:00,EURUSD,Direction.SHORT,1.16671,1.16594,0.07,5.389999999999563,TAKE_PROFIT,54650054358
2026-01-13T06:06:42.635174+00:00,EURUSD,Direction.SHORT,1.16671,1.16594,0.07,5.389999999999563,TAKE_PROFIT,54650153259
2026-01-13T06:06:42.792519+00:00,EURUSD,Direction.SHORT,1.16671,1.16594,0.07,5.389999999999563,TAKE_PROFIT,54650156518
2026-01-13T06:06:42.957468+00:00,EURUSD,Direction.SHORT,1.16671,1.16594,0.07,5.389999999999563,TAKE_PROFIT,54650159216
2026-01-13T06:06:58.712632+00:00,EURUSD,Direction.SHORT,1.1667,1.16594,0.07,5.3200000000006575,TAKE_PROFIT,54650047142
2026-01-13T06:06:58.882058+00:00,EURUSD,Direction.SHORT,1.1667399999999999,1.16594,0.07,5.599999999999384,TAKE_PROFIT,54650049204
2026-01-13T06:06:59.037892+00:00,EURUSD,Direction.SHORT,1.16672,1.16594,0.07,5.460000000000021,TAKE_PROFIT,54650050837
2026-01-13T06:06:59.195022+00:00,EURUSD,Direction.SHORT,1.16672,1.16594,0.07,5.460000000000021,TAKE_PROFIT,54650052854
2026-01-13T06:06:59.349738+00:00,EURUSD,Direction.SHORT,1.16671,1.16594,0.07,5.389999999999563,TAKE_PROFIT,54650054358
2026-01-13T06:06:59.514153+00:00,EURUSD,Direction.SHORT,1.16671,1.16594,0.07,5.389999999999563,TAKE_PROFIT,54650153259
2026-01-13T06:06:59.668790+00:00,EURUSD,Direction.SHORT,1.16671,1.16594,0.07,5.389999999999563,TAKE_PROFIT,54650156518
2026-01-13T06:06:59.832185+00:00,EURUSD,Direction.SHORT,1.16671,1.16594,0.07,5.389999999999563,TAKE_PROFIT,54650159216
2026-01-13T06:07:16.675233+00:00,EURUSD,Direction.SHORT,1.1667,1.16583,0.07,6.09000000000104,TAKE_PROFIT,54650047142
2026-01-13T06:07:16.834774+00:00,EURUSD,Direction.SHORT,1.1667399999999999,1.16583,0.07,6.369999999999766,TAKE_PROFIT,54650049204
2026-01-13T06:07:16.990348+00:00,EURUSD,Direction.SHORT,1.16672,1.16583,0.07,6.230000000000402,TAKE_PROFIT,54650050837
2026-01-13T06:07:17.171559+00:00,EURUSD,Direction.SHORT,1.16672,1.16583,0.07,6.230000000000402,TAKE_PROFIT,54650052854
2026-01-13T06:07:17.336654+00:00,EURUSD,Direction.SHORT,1.16671,1.16583,0.07,6.159999999999943,TAKE_PROFIT,54650054358
2026-01-13T06:07:17.495185+00:00,EURUSD,Direction.SHORT,1.16671,1.16583,0.07,6.159999999999943,TAKE_PROFIT,54650153259
2026-01-13T06:07:17.652368+00:00,EURUSD,Direction.SHORT,1.16671,1.16583,0.07,6.159999999999943,TAKE_PROFIT,54650156518
2026-01-13T06:07:17.814650+00:00,EURUSD,Direction.SHORT,1.16671,1.16583,0.07,6.159999999999943,TAKE_PROFIT,54650159216
2026-01-13T06:07:34.109620+00:00,EURUSD,Direction.SHORT,1.1667,1.16582,0.07,6.159999999999943,TAKE_PROFIT,54650047142
2026-01-13T06:07:34.267022+00:00,EURUSD,Direction.SHORT,1.1667399999999999,1.16582,0.07,6.43999999999867,TAKE_PROFIT,54650049204
2026-01-13T06:07:34.424064+00:00,EURUSD,Direction.SHORT,1.16672,1.16582,0.07,6.299999999999306,TAKE_PROFIT,54650050837
2026-01-13T06:07:34.579552+00:00,EURUSD,Direction.SHORT,1.16672,1.16582,0.07,6.299999999999306,TAKE_PROFIT,54650052854
2026-01-13T06:07:34.750010+00:00,EURUSD,Direction.SHORT,1.16671,1.16582,0.07,6.229999999998848,TAKE_PROFIT,54650054358
2026-01-13T06:07:34.907323+00:00,EURUSD,Direction.SHORT,1.16671,1.16582,0.07,6.229999999998848,TAKE_PROFIT,54650153259
2026-01-13T06:07:35.064631+00:00,EURUSD,Direction.SHORT,1.16671,1.16582,0.07,6.229999999998848,TAKE_PROFIT,54650156518
2026-01-13T06:07:35.222591+00:00,EURUSD,Direction.SHORT,1.16671,1.16582,0.07,6.229999999998848,TAKE_PROFIT,54650159216
2026-01-13T06:07:51.015891+00:00,EURUSD,Direction.SHORT,1.1667,1.16583,0.07,6.09000000000104,TAKE_PROFIT,54650047142
2026-01-13T06:07:51.211582+00:00,EURUSD,Direction.SHORT,1.1667399999999999,1.16583,0.07,6.369999999999766,TAKE_PROFIT,54650049204
2026-01-13T06:07:51.369172+00:00,EURUSD,Direction.SHORT,1.16672,1.16583,0.07,6.230000000000402,TAKE_PROFIT,54650050837
2026-01-13T06:07:51.590061+00:00,EURUSD,Direction.SHORT,1.16672,1.16583,0.07,6.230000000000402,TAKE_PROFIT,54650052854
2026-01-13T06:07:51.757285+00:00,EURUSD,Direction.SHORT,1.16671,1.16583,0.07,6.159999999999943,TAKE_PROFIT,54650054358
2026-01-13T06:07:51.924085+00:00,EURUSD,Direction.SHORT,1.16671,1.16583,0.07,6.159999999999943,TAKE_PROFIT,54650153259
2026-01-13T06:07:52.094949+00:00,EURUSD,Direction.SHORT,1.16671,1.16583,0.07,6.159999999999943,TAKE_PROFIT,54650156518
2026-01-13T06:07:52.249688+00:00,EURUSD,Direction.SHORT,1.16671,1.16583,0.07,6.159999999999943,TAKE_PROFIT,54650159216
2026-01-13T06:08:08.775329+00:00,EURUSD,Direction.SHORT,1.1667,1.16574,0.07,6.720000000000503,TAKE_PROFIT,54650047142
2026-01-13T06:08:08.934262+00:00,EURUSD,Direction.SHORT,1.1667399999999999,1.16574,0.07,6.99999999999923,TAKE_PROFIT,54650049204
2026-01-13T06:08:09.091321+00:00,EURUSD,Direction.SHORT,1.16672,1.16574,0.07,6.859999999999867,TAKE_PROFIT,54650050837
2026-01-13T06:08:09.250121+00:00,EURUSD,Direction.SHORT,1.16672,1.16574,0.07,6.859999999999867,TAKE_PROFIT,54650052854
2026-01-13T06:08:09.410273+00:00,EURUSD,Direction.SHORT,1.16671,1.16574,0.07,6.7899999999994085,TAKE_PROFIT,54650054358
2026-01-13T06:08:09.572465+00:00,EURUSD,Direction.SHORT,1.16671,1.16574,0.07,6.7899999999994085,TAKE_PROFIT,54650153259
2026-01-13T06:08:09.727380+00:00,EURUSD,Direction.SHORT,1.16671,1.16574,0.07,6.7899999999994085,TAKE_PROFIT,54650156518
2026-01-13T06:08:09.885711+00:00,EURUSD,Direction.SHORT,1.16671,1.16574,0.07,6.7899999999994085,TAKE_PROFIT,54650159216
2026-01-13T06:08:25.073310+00:00,EURUSD,Direction.SHORT,1.1667,1.16573,0.07,6.790000000000962,TAKE_PROFIT,54650047142
2026-01-13T06:08:25.242882+00:00,EURUSD,Direction.SHORT,1.16672,1.16573,0.07,6.930000000000326,TAKE_PROFIT,54650050837
2026-01-13T06:08:25.400018+00:00,EURUSD,Direction.SHORT,1.16672,1.16573,0.07,6.930000000000326,TAKE_PROFIT,54650052854
2026-01-13T06:08:25.558529+00:00,EURUSD,Direction.SHORT,1.16671,1.16573,0.07,6.859999999999867,TAKE_PROFIT,54650054358
2026-01-13T06:08:25.714080+00:00,EURUSD,Direction.SHORT,1.16671,1.16573,0.07,6.859999999999867,TAKE_PROFIT,54650153259
2026-01-13T06:08:25.886194+00:00,EURUSD,Direction.SHORT,1.16671,1.16573,0.07,6.859999999999867,TAKE_PROFIT,54650156518
2026-01-13T06:08:26.057250+00:00,EURUSD,Direction.SHORT,1.16671,1.16573,0.07,6.859999999999867,TAKE_PROFIT,54650159216
2026-01-13T06:08:42.266659+00:00,EURUSD,Direction.SHORT,1.1667,1.16571,0.07,6.930000000000326,TAKE_PROFIT,54650047142
2026-01-13T06:08:42.425012+00:00,EURUSD,Direction.SHORT,1.16672,1.16571,0.07,7.069999999999688,TAKE_PROFIT,54650050837
2026-01-13T06:08:42.599573+00:00,EURUSD,Direction.SHORT,1.16672,1.16571,0.07,7.069999999999688,TAKE_PROFIT,54650052854
2026-01-13T06:08:42.768965+00:00,EURUSD,Direction.SHORT,1.16671,1.16571,0.07,6.99999999999923,TAKE_PROFIT,54650054358
2026-01-13T06:08:42.933775+00:00,EURUSD,Direction.SHORT,1.16671,1.16571,0.07,6.99999999999923,TAKE_PROFIT,54650153259
2026-01-13T06:08:43.099914+00:00,EURUSD,Direction.SHORT,1.16671,1.16571,0.07,6.99999999999923,TAKE_PROFIT,54650156518
2026-01-13T06:08:43.267306+00:00,EURUSD,Direction.SHORT,1.16671,1.16571,0.07,6.99999999999923,TAKE_PROFIT,54650159216
2026-01-13T06:08:54.681393+00:00,EURUSD,Direction.SHORT,1.1667,1.16576,0.07,6.580000000001141,TAKE_PROFIT,54650047142
2026-01-13T07:58:09.767382+00:00,EURUSD,Direction.LONG,1.16571,1.16643,0.07,5.040000000000378,TAKE_PROFIT,54650575826
2026-01-13T07:59:02.435537+00:00,EURUSD,Direction.LONG,1.16571,1.16643,0.07,5.040000000000378,TAKE_PROFIT,54650575826
2026-01-13T07:59:13.690642+00:00,EURUSD,Direction.LONG,1.16572,1.16644,0.07,5.039999999998823,TAKE_PROFIT,54650571922
2026-01-13T07:59:13.863130+00:00,EURUSD,Direction.LONG,1.16572,1.16644,0.07,5.039999999998823,TAKE_PROFIT,54650571970
2026-01-13T07:59:14.022603+00:00,EURUSD,Direction.LONG,1.16572,1.16644,0.07,5.039999999998823,TAKE_PROFIT,54650572023
2026-01-13T07:59:14.190673+00:00,EURUSD,Direction.LONG,1.16572,1.16644,0.07,5.039999999998823,TAKE_PROFIT,54650572049
2026-01-13T07:59:14.344858+00:00,EURUSD,Direction.LONG,1.16571,1.16644,0.07,5.109999999999283,TAKE_PROFIT,54650575826
2026-01-13T07:59:14.506447+00:00,EURUSD,Direction.LONG,1.16572,1.16644,0.07,5.039999999998823,TAKE_PROFIT,54650575849
2026-01-13T07:59:14.663700+00:00,EURUSD,Direction.LONG,1.16572,1.16644,0.07,5.039999999998823,TAKE_PROFIT,54650575883
2026-01-13T07:59:14.825468+00:00,EURUSD,Direction.LONG,1.16572,1.16644,0.07,5.039999999998823,TAKE_PROFIT,54650575911
2026-01-13T07:59:14.985142+00:00,EURUSD,Direction.LONG,1.16572,1.16644,0.07,5.039999999998823,TAKE_PROFIT,54650575933
2026-01-13T07:59:15.150617+00:00,EURUSD,Direction.LONG,1.16572,1.16644,0.07,5.039999999998823,TAKE_PROFIT,54650575948
2026-01-13T07:59:15.309392+00:00,EURUSD,Direction.LONG,1.16572,1.16644,0.07,5.039999999998823,TAKE_PROFIT,54650575968
2026-01-13T07:59:33.380419+00:00,EURUSD,Direction.LONG,1.16571,1.16643,0.07,5.040000000000378,TAKE_PROFIT,54650575826
2026-01-13T08:06:26.130244+00:00,EURUSD,Direction.LONG,1.16577,1.16649,0.07,5.040000000000378,TAKE_PROFIT,54650568637
2026-01-13T08:06:26.288867+00:00,EURUSD,Direction.LONG,1.16577,1.16649,0.07,5.040000000000378,TAKE_PROFIT,54650568659
2026-01-13T08:06:26.447700+00:00,EURUSD,Direction.LONG,1.16577,1.16649,0.07,5.040000000000378,TAKE_PROFIT,54650568678
2026-01-13T08:06:26.612549+00:00,EURUSD,Direction.LONG,1.16573,1.16649,0.07,5.3200000000006575,TAKE_PROFIT,54650571785
2026-01-13T08:06:26.773506+00:00,EURUSD,Direction.LONG,1.16573,1.16649,0.07,5.3200000000006575,TAKE_PROFIT,54650571828
2026-01-13T08:06:26.939139+00:00,EURUSD,Direction.LONG,1.16573,1.16649,0.07,5.3200000000006575,TAKE_PROFIT,54650571846
2026-01-13T08:06:27.099454+00:00,EURUSD,Direction.LONG,1.16572,1.16649,0.07,5.389999999999563,TAKE_PROFIT,54650571922
2026-01-13T08:06:27.263149+00:00,EURUSD,Direction.LONG,1.16572,1.16649,0.07,5.389999999999563,TAKE_PROFIT,54650571970
2026-01-13T08:06:27.417477+00:00,EURUSD,Direction.LONG,1.16572,1.16649,0.07,5.389999999999563,TAKE_PROFIT,54650572023
2026-01-13T08:06:27.574939+00:00,EURUSD,Direction.LONG,1.16572,1.16649,0.07,5.389999999999563,TAKE_PROFIT,54650572049
2026-01-13T08:06:27.737980+00:00,EURUSD,Direction.LONG,1.16571,1.16649,0.07,5.460000000000021,TAKE_PROFIT,54650575826
2026-01-13T08:06:27.895310+00:00,EURUSD,Direction.LONG,1.16572,1.16649,0.07,5.389999999999563,TAKE_PROFIT,54650575849
2026-01-13T08:06:28.062333+00:00,EURUSD,Direction.LONG,1.16572,1.16649,0.07,5.389999999999563,TAKE_PROFIT,54650575883
2026-01-13T08:06:28.217181+00:00,EURUSD,Direction.LONG,1.16572,1.16649,0.07,5.389999999999563,TAKE_PROFIT,54650575911
2026-01-13T08:06:28.375717+00:00,EURUSD,Direction.LONG,1.16572,1.16649,0.07,5.389999999999563,TAKE_PROFIT,54650575933
2026-01-13T08:06:28.534028+00:00,EURUSD,Direction.LONG,1.16572,1.16649,0.07,5.389999999999563,TAKE_PROFIT,54650575948
2026-01-13T08:06:28.694147+00:00,EURUSD,Direction.LONG,1.16572,1.16649,0.07,5.389999999999563,TAKE_PROFIT,54650575968
2026-01-13T08:06:28.848418+00:00,EURUSD,Direction.LONG,1.16576,1.16649,0.07,5.110000000000836,TAKE_PROFIT,54650577850
2026-01-13T08:09:05.337884+00:00,EURUSD,Direction.LONG,1.16573,1.1665,0.07,5.390000000001117,TAKE_PROFIT,54650571785
2026-01-13T08:09:05.526399+00:00,EURUSD,Direction.LONG,1.16573,1.1665,0.07,5.390000000001117,TAKE_PROFIT,54650571828
2026-01-13T08:09:05.680342+00:00,EURUSD,Direction.LONG,1.16573,1.1665,0.07,5.390000000001117,TAKE_PROFIT,54650571846
2026-01-13T08:09:05.838848+00:00,EURUSD,Direction.LONG,1.16572,1.1665,0.07,5.460000000000021,TAKE_PROFIT,54650571922
2026-01-13T08:09:05.999895+00:00,EURUSD,Direction.LONG,1.16572,1.1665,0.07,5.460000000000021,TAKE_PROFIT,54650571970
2026-01-13T08:09:06.159479+00:00,EURUSD,Direction.LONG,1.16572,1.1665,0.07,5.460000000000021,TAKE_PROFIT,54650572023
2026-01-13T08:09:06.318981+00:00,EURUSD,Direction.LONG,1.16572,1.1665,0.07,5.460000000000021,TAKE_PROFIT,54650572049
2026-01-13T08:09:06.483966+00:00,EURUSD,Direction.LONG,1.16571,1.1665,0.07,5.530000000000479,TAKE_PROFIT,54650575826
2026-01-13T08:09:06.642917+00:00,EURUSD,Direction.LONG,1.16572,1.1665,0.07,5.460000000000021,TAKE_PROFIT,54650575849
2026-01-13T08:09:06.803103+00:00,EURUSD,Direction.LONG,1.16572,1.1665,0.07,5.460000000000021,TAKE_PROFIT,54650575883
2026-01-13T08:09:24.041862+00:00,EURUSD,Direction.LONG,1.16573,1.16659,0.07,6.02000000000058,TAKE_PROFIT,54650571785
2026-01-13T08:09:24.241408+00:00,EURUSD,Direction.LONG,1.16573,1.16659,0.07,6.02000000000058,TAKE_PROFIT,54650571828
2026-01-13T08:09:24.417628+00:00,EURUSD,Direction.LONG,1.16573,1.16659,0.07,6.02000000000058,TAKE_PROFIT,54650571846
2026-01-13T08:09:24.575280+00:00,EURUSD,Direction.LONG,1.16572,1.16659,0.07,6.089999999999486,TAKE_PROFIT,54650571922
2026-01-13T08:09:24.732155+00:00,EURUSD,Direction.LONG,1.16572,1.16659,0.07,6.089999999999486,TAKE_PROFIT,54650571970
2026-01-13T08:09:24.888078+00:00,EURUSD,Direction.LONG,1.16572,1.16659,0.07,6.089999999999486,TAKE_PROFIT,54650572023
2026-01-13T08:09:25.044622+00:00,EURUSD,Direction.LONG,1.16572,1.16659,0.07,6.089999999999486,TAKE_PROFIT,54650572049
2026-01-13T08:09:25.209796+00:00,EURUSD,Direction.LONG,1.16571,1.16659,0.07,6.159999999999943,TAKE_PROFIT,54650575826
2026-01-13T08:09:25.367705+00:00,EURUSD,Direction.LONG,1.16572,1.16659,0.07,6.089999999999486,TAKE_PROFIT,54650575849
2026-01-13T08:09:25.542535+00:00,EURUSD,Direction.LONG,1.16572,1.16659,0.07,6.089999999999486,TAKE_PROFIT,54650575883
2026-01-13T08:09:25.700600+00:00,EURUSD,Direction.LONG,1.16572,1.16659,0.07,6.089999999999486,TAKE_PROFIT,54650575911
2026-01-13T08:09:25.858229+00:00,EURUSD,Direction.LONG,1.16572,1.16659,0.07,6.089999999999486,TAKE_PROFIT,54650575933
2026-01-13T08:09:26.017214+00:00,EURUSD,Direction.LONG,1.16572,1.16659,0.07,6.089999999999486,TAKE_PROFIT,54650575948
2026-01-13T08:09:26.176159+00:00,EURUSD,Direction.LONG,1.16572,1.16659,0.07,6.089999999999486,TAKE_PROFIT,54650575968
2026-01-13T08:09:26.345586+00:00,EURUSD,Direction.LONG,1.16576,1.16659,0.07,5.810000000000759,TAKE_PROFIT,54650577850
2026-01-13T08:09:46.885006+00:00,EURUSD,Direction.LONG,1.16572,1.16653,0.07,5.669999999999843,TAKE_PROFIT,54650572049
2026-01-13T08:09:47.057377+00:00,EURUSD,Direction.LONG,1.16571,1.16653,0.07,5.7400000000003,TAKE_PROFIT,54650575826
2026-01-13T08:09:47.214107+00:00,EURUSD,Direction.LONG,1.16572,1.16653,0.07,5.669999999999843,TAKE_PROFIT,54650575849
2026-01-13T08:09:47.371467+00:00,EURUSD,Direction.LONG,1.16572,1.16653,0.07,5.669999999999843,TAKE_PROFIT,54650575883
2026-01-13T08:09:47.529845+00:00,EURUSD,Direction.LONG,1.16572,1.16653,0.07,5.669999999999843,TAKE_PROFIT,54650575911
2026-01-13T08:09:47.688603+00:00,EURUSD,Direction.LONG,1.16572,1.16653,0.07,5.669999999999843,TAKE_PROFIT,54650575933
2026-01-13T08:09:47.845055+00:00,EURUSD,Direction.LONG,1.16572,1.16653,0.07,5.669999999999843,TAKE_PROFIT,54650575948
2026-01-13T08:09:48.000584+00:00,EURUSD,Direction.LONG,1.16572,1.16653,0.07,5.669999999999843,TAKE_PROFIT,54650575968
2026-01-13T08:09:48.161491+00:00,EURUSD,Direction.LONG,1.16576,1.16653,0.07,5.390000000001117,TAKE_PROFIT,54650577850
2026-01-13T08:10:04.638959+00:00,EURUSD,Direction.LONG,1.16572,1.16661,0.07,6.229999999998848,TAKE_PROFIT,54650572049
2026-01-13T08:10:04.795698+00:00,EURUSD,Direction.LONG,1.16571,1.16661,0.07,6.299999999999306,TAKE_PROFIT,54650575826
2026-01-13T08:10:04.954891+00:00,EURUSD,Direction.LONG,1.16572,1.16661,0.07,6.229999999998848,TAKE_PROFIT,54650575849
2026-01-13T08:10:05.118835+00:00,EURUSD,Direction.LONG,1.16572,1.16661,0.07,6.229999999998848,TAKE_PROFIT,54650575883
2026-01-13T08:10:05.282891+00:00,EURUSD,Direction.LONG,1.16572,1.16661,0.07,6.229999999998848,TAKE_PROFIT,54650575911
2026-01-13T08:10:05.454193+00:00,EURUSD,Direction.LONG,1.16572,1.16661,0.07,6.229999999998848,TAKE_PROFIT,54650575933
2026-01-13T08:10:05.609742+00:00,EURUSD,Direction.LONG,1.16572,1.16661,0.07,6.229999999998848,TAKE_PROFIT,54650575948
2026-01-13T08:10:05.767250+00:00,EURUSD,Direction.LONG,1.16572,1.16661,0.07,6.229999999998848,TAKE_PROFIT,54650575968
2026-01-13T08:10:05.928752+00:00,EURUSD,Direction.LONG,1.16576,1.16661,0.07,5.950000000000122,TAKE_PROFIT,54650577850
2026-01-13T08:10:23.443325+00:00,EURUSD,Direction.LONG,1.16572,1.16665,0.07,6.5099999999991285,TAKE_PROFIT,54650572049
2026-01-13T08:10:23.598170+00:00,EURUSD,Direction.LONG,1.16571,1.16665,0.07,6.579999999999587,TAKE_PROFIT,54650575826
2026-01-13T08:10:23.755196+00:00,EURUSD,Direction.LONG,1.16572,1.16665,0.07,6.5099999999991285,TAKE_PROFIT,54650575849
2026-01-13T08:10:23.916599+00:00,EURUSD,Direction.LONG,1.16572,1.16665,0.07,6.5099999999991285,TAKE_PROFIT,54650575883
2026-01-13T08:10:24.073720+00:00,EURUSD,Direction.LONG,1.16572,1.16665,0.07,6.5099999999991285,TAKE_PROFIT,54650575911
2026-01-13T08:10:24.229353+00:00,EURUSD,Direction.LONG,1.16572,1.16665,0.07,6.5099999999991285,TAKE_PROFIT,54650575933
2026-01-13T08:10:24.396932+00:00,EURUSD,Direction.LONG,1.16572,1.16665,0.07,6.5099999999991285,TAKE_PROFIT,54650575948
2026-01-13T08:10:24.554797+00:00,EURUSD,Direction.LONG,1.16572,1.16665,0.07,6.5099999999991285,TAKE_PROFIT,54650575968
2026-01-13T08:10:24.715270+00:00,EURUSD,Direction.LONG,1.16576,1.16665,0.07,6.230000000000402,TAKE_PROFIT,54650577850
2026-01-13T08:10:42.196317+00:00,EURUSD,Direction.LONG,1.16572,1.1666400000000001,0.07,6.440000000000224,TAKE_PROFIT,54650572049
2026-01-13T08:10:42.353166+00:00,EURUSD,Direction.LONG,1.16571,1.1666400000000001,0.07,6.510000000000683,TAKE_PROFIT,54650575826
2026-01-13T08:10:42.514398+00:00,EURUSD,Direction.LONG,1.16572,1.1666400000000001,0.07,6.440000000000224,TAKE_PROFIT,54650575849
2026-01-13T08:10:42.673418+00:00,EURUSD,Direction.LONG,1.16572,1.1666400000000001,0.07,6.440000000000224,TAKE_PROFIT,54650575883
2026-01-13T08:10:42.834115+00:00,EURUSD,Direction.LONG,1.16572,1.1666400000000001,0.07,6.440000000000224,TAKE_PROFIT,54650575911
2026-01-13T08:10:42.991547+00:00,EURUSD,Direction.LONG,1.16572,1.1666400000000001,0.07,6.440000000000224,TAKE_PROFIT,54650575933
2026-01-13T08:10:43.153346+00:00,EURUSD,Direction.LONG,1.16572,1.1666400000000001,0.07,6.440000000000224,TAKE_PROFIT,54650575948
2026-01-13T08:10:43.312324+00:00,EURUSD,Direction.LONG,1.16572,1.1666400000000001,0.07,6.440000000000224,TAKE_PROFIT,54650575968
2026-01-13T08:10:43.468977+00:00,EURUSD,Direction.LONG,1.16576,1.1666400000000001,0.07,6.1600000000014985,TAKE_PROFIT,54650577850
2026-01-13T08:11:01.547788+00:00,EURUSD,Direction.LONG,1.16572,1.16677,0.07,7.349999999999969,TAKE_PROFIT,54650572049
2026-01-13T08:11:01.707424+00:00,EURUSD,Direction.LONG,1.16571,1.16677,0.07,7.420000000000427,TAKE_PROFIT,54650575826
2026-01-13T08:11:01.869854+00:00,EURUSD,Direction.LONG,1.16572,1.16677,0.07,7.349999999999969,TAKE_PROFIT,54650575849
2026-01-13T08:11:02.028555+00:00,EURUSD,Direction.LONG,1.16572,1.16677,0.07,7.349999999999969,TAKE_PROFIT,54650575883
2026-01-13T08:11:02.199150+00:00,EURUSD,Direction.LONG,1.16572,1.16677,0.07,7.349999999999969,TAKE_PROFIT,54650575911
2026-01-13T08:11:02.357563+00:00,EURUSD,Direction.LONG,1.16572,1.16677,0.07,7.349999999999969,TAKE_PROFIT,54650575933
2026-01-13T08:11:02.518567+00:00,EURUSD,Direction.LONG,1.16572,1.16677,0.07,7.349999999999969,TAKE_PROFIT,54650575948
2026-01-13T08:11:02.675455+00:00,EURUSD,Direction.LONG,1.16572,1.16677,0.07,7.349999999999969,TAKE_PROFIT,54650575968
2026-01-13T08:11:02.831910+00:00,EURUSD,Direction.LONG,1.16576,1.16677,0.07,7.070000000001243,TAKE_PROFIT,54650577850
2026-01-13T08:31:52.698265+00:00,EURUSD,Direction.SHORT,1.16678,1.16605,0.07,5.109999999999283,TAKE_PROFIT,54652090828
2026-01-13T08:31:52.859381+00:00,EURUSD,Direction.SHORT,1.16678,1.16605,0.07,5.109999999999283,TAKE_PROFIT,54652090859
2026-01-13T08:31:53.016030+00:00,EURUSD,Direction.SHORT,1.16678,1.16605,0.07,5.109999999999283,TAKE_PROFIT,54652090903
2026-01-13T08:31:53.176994+00:00,EURUSD,Direction.SHORT,1.16677,1.16605,0.07,5.040000000000378,TAKE_PROFIT,54652090975
2026-01-13T08:31:53.338183+00:00,EURUSD,Direction.SHORT,1.16677,1.16605,0.07,5.040000000000378,TAKE_PROFIT,54652091060
2026-01-13T08:31:53.497621+00:00,EURUSD,Direction.SHORT,1.16677,1.16605,0.07,5.040000000000378,TAKE_PROFIT,54652091109
2026-01-13T08:31:53.665261+00:00,EURUSD,Direction.SHORT,1.16677,1.16605,0.07,5.040000000000378,TAKE_PROFIT,54652091205
2026-01-13T08:31:53.834068+00:00,EURUSD,Direction.SHORT,1.16677,1.16605,0.07,5.040000000000378,TAKE_PROFIT,54652091273
2026-01-13T08:31:54.004378+00:00,EURUSD,Direction.SHORT,1.16677,1.16605,0.07,5.040000000000378,TAKE_PROFIT,54652091306
2026-01-13T08:32:10.442706+00:00,EURUSD,Direction.SHORT,1.16678,1.16605,0.07,5.109999999999283,TAKE_PROFIT,54652090828
2026-01-13T08:32:10.599739+00:00,EURUSD,Direction.SHORT,1.16678,1.16605,0.07,5.109999999999283,TAKE_PROFIT,54652090859
2026-01-13T08:32:10.752722+00:00,EURUSD,Direction.SHORT,1.16678,1.16605,0.07,5.109999999999283,TAKE_PROFIT,54652090903
2026-01-13T08:32:10.915358+00:00,EURUSD,Direction.SHORT,1.16677,1.16605,0.07,5.040000000000378,TAKE_PROFIT,54652090975
2026-01-13T08:32:11.071085+00:00,EURUSD,Direction.SHORT,1.16677,1.16605,0.07,5.040000000000378,TAKE_PROFIT,54652091060
2026-01-13T08:32:11.231954+00:00,EURUSD,Direction.SHORT,1.16677,1.16605,0.07,5.040000000000378,TAKE_PROFIT,54652091109
2026-01-13T08:32:11.385751+00:00,EURUSD,Direction.SHORT,1.16677,1.16605,0.07,5.040000000000378,TAKE_PROFIT,54652091205
2026-01-13T08:32:11.549720+00:00,EURUSD,Direction.SHORT,1.16677,1.16605,0.07,5.040000000000378,TAKE_PROFIT,54652091273
2026-01-13T08:32:11.712591+00:00,EURUSD,Direction.SHORT,1.16677,1.16605,0.07,5.040000000000378,TAKE_PROFIT,54652091306
2026-01-13T08:32:28.205418+00:00,EURUSD,Direction.SHORT,1.16678,1.166,0.07,5.460000000000021,TAKE_PROFIT,54652090828
2026-01-13T08:32:28.365473+00:00,EURUSD,Direction.SHORT,1.16678,1.166,0.07,5.460000000000021,TAKE_PROFIT,54652090859
2026-01-13T08:32:28.523925+00:00,EURUSD,Direction.SHORT,1.16678,1.166,0.07,5.460000000000021,TAKE_PROFIT,54652090903
2026-01-13T08:32:28.701285+00:00,EURUSD,Direction.SHORT,1.16677,1.166,0.07,5.390000000001117,TAKE_PROFIT,54652090975
2026-01-13T08:32:28.859727+00:00,EURUSD,Direction.SHORT,1.16677,1.166,0.07,5.390000000001117,TAKE_PROFIT,54652091060
2026-01-13T08:32:29.019207+00:00,EURUSD,Direction.SHORT,1.16677,1.166,0.07,5.390000000001117,TAKE_PROFIT,54652091109
2026-01-13T08:32:29.175912+00:00,EURUSD,Direction.SHORT,1.16677,1.166,0.07,5.390000000001117,TAKE_PROFIT,54652091205
2026-01-13T08:32:29.335216+00:00,EURUSD,Direction.SHORT,1.16677,1.166,0.07,5.390000000001117,TAKE_PROFIT,54652091273
2026-01-13T08:32:29.491447+00:00,EURUSD,Direction.SHORT,1.16677,1.166,0.07,5.390000000001117,TAKE_PROFIT,54652091306
2026-01-13T08:32:45.917613+00:00,EURUSD,Direction.SHORT,1.16678,1.1660300000000001,0.07,5.249999999998645,TAKE_PROFIT,54652090828
2026-01-13T08:32:46.084216+00:00,EURUSD,Direction.SHORT,1.16678,1.1660300000000001,0.07,5.249999999998645,TAKE_PROFIT,54652090859
2026-01-13T08:32:46.244755+00:00,EURUSD,Direction.SHORT,1.16678,1.1660300000000001,0.07,5.249999999998645,TAKE_PROFIT,54652090903
2026-01-13T08:32:46.404824+00:00,EURUSD,Direction.SHORT,1.16677,1.1660300000000001,0.07,5.179999999999741,TAKE_PROFIT,54652090975
2026-01-13T08:32:46.564552+00:00,EURUSD,Direction.SHORT,1.16677,1.1660300000000001,0.07,5.179999999999741,TAKE_PROFIT,54652091060
2026-01-13T08:32:46.722346+00:00,EURUSD,Direction.SHORT,1.16677,1.1660300000000001,0.07,5.179999999999741,TAKE_PROFIT,54652091109
2026-01-13T08:32:46.878035+00:00,EURUSD,Direction.SHORT,1.16677,1.1660300000000001,0.07,5.179999999999741,TAKE_PROFIT,54652091205
2026-01-13T08:32:47.035464+00:00,EURUSD,Direction.SHORT,1.16677,1.1660300000000001,0.07,5.179999999999741,TAKE_PROFIT,54652091273
2026-01-13T08:32:47.193340+00:00,EURUSD,Direction.SHORT,1.16677,1.1660300000000001,0.07,5.179999999999741,TAKE_PROFIT,54652091306
2026-01-13T08:33:03.622220+00:00,EURUSD,Direction.SHORT,1.16678,1.166,0.07,5.460000000000021,TAKE_PROFIT,54652090828
2026-01-13T08:33:03.777518+00:00,EURUSD,Direction.SHORT,1.16678,1.166,0.07,5.460000000000021,TAKE_PROFIT,54652090859
2026-01-13T08:33:03.936406+00:00,EURUSD,Direction.SHORT,1.16678,1.166,0.07,5.460000000000021,TAKE_PROFIT,54652090903
2026-01-13T08:33:04.099109+00:00,EURUSD,Direction.SHORT,1.16677,1.166,0.07,5.390000000001117,TAKE_PROFIT,54652090975
2026-01-13T08:33:04.259325+00:00,EURUSD,Direction.SHORT,1.16677,1.166,0.07,5.390000000001117,TAKE_PROFIT,54652091060
2026-01-13T08:33:04.415458+00:00,EURUSD,Direction.SHORT,1.16677,1.166,0.07,5.390000000001117,TAKE_PROFIT,54652091109
2026-01-13T08:33:04.577380+00:00,EURUSD,Direction.SHORT,1.16677,1.166,0.07,5.390000000001117,TAKE_PROFIT,54652091205
2026-01-13T08:33:04.735350+00:00,EURUSD,Direction.SHORT,1.16677,1.166,0.07,5.390000000001117,TAKE_PROFIT,54652091273
2026-01-13T08:33:04.898471+00:00,EURUSD,Direction.SHORT,1.16677,1.166,0.07,5.390000000001117,TAKE_PROFIT,54652091306
2026-01-13T08:33:21.345601+00:00,EURUSD,Direction.SHORT,1.16678,1.166,0.07,5.460000000000021,TAKE_PROFIT,54652090828
2026-01-13T08:33:21.500747+00:00,EURUSD,Direction.SHORT,1.16678,1.166,0.07,5.460000000000021,TAKE_PROFIT,54652090859
2026-01-13T08:33:21.659108+00:00,EURUSD,Direction.SHORT,1.16678,1.166,0.07,5.460000000000021,TAKE_PROFIT,54652090903
2026-01-13T08:33:21.817421+00:00,EURUSD,Direction.SHORT,1.16677,1.166,0.07,5.390000000001117,TAKE_PROFIT,54652090975
2026-01-13T08:33:21.977212+00:00,EURUSD,Direction.SHORT,1.16677,1.166,0.07,5.390000000001117,TAKE_PROFIT,54652091060
2026-01-13T08:33:22.139868+00:00,EURUSD,Direction.SHORT,1.16677,1.166,0.07,5.390000000001117,TAKE_PROFIT,54652091109
2026-01-13T08:33:22.299699+00:00,EURUSD,Direction.SHORT,1.16677,1.166,0.07,5.390000000001117,TAKE_PROFIT,54652091205
2026-01-13T08:33:22.459167+00:00,EURUSD,Direction.SHORT,1.16677,1.166,0.07,5.390000000001117,TAKE_PROFIT,54652091273
2026-01-13T08:33:22.619263+00:00,EURUSD,Direction.SHORT,1.16677,1.166,0.07,5.390000000001117,TAKE_PROFIT,54652091306
2026-01-13T08:33:40.179897+00:00,EURUSD,Direction.SHORT,1.16669,1.16597,0.07,5.040000000000378,TAKE_PROFIT,54652078367
2026-01-13T08:33:40.340387+00:00,EURUSD,Direction.SHORT,1.16678,1.16597,0.07,5.669999999999843,TAKE_PROFIT,54652090828
2026-01-13T08:33:40.515310+00:00,EURUSD,Direction.SHORT,1.16678,1.16597,0.07,5.669999999999843,TAKE_PROFIT,54652090859
2026-01-13T08:33:40.672715+00:00,EURUSD,Direction.SHORT,1.16678,1.16597,0.07,5.669999999999843,TAKE_PROFIT,54652090903
2026-01-13T08:33:40.831198+00:00,EURUSD,Direction.SHORT,1.16677,1.16597,0.07,5.6000000000009384,TAKE_PROFIT,54652090975
2026-01-13T08:33:40.991378+00:00,EURUSD,Direction.SHORT,1.16677,1.16597,0.07,5.6000000000009384,TAKE_PROFIT,54652091060
2026-01-13T08:33:41.170998+00:00,EURUSD,Direction.SHORT,1.16677,1.16597,0.07,5.6000000000009384,TAKE_PROFIT,54652091109
2026-01-13T08:33:41.354522+00:00,EURUSD,Direction.SHORT,1.16677,1.16597,0.07,5.6000000000009384,TAKE_PROFIT,54652091205
2026-01-13T08:33:41.513658+00:00,EURUSD,Direction.SHORT,1.16677,1.16597,0.07,5.6000000000009384,TAKE_PROFIT,54652091273
2026-01-13T08:33:41.674082+00:00,EURUSD,Direction.SHORT,1.16677,1.16597,0.07,5.6000000000009384,TAKE_PROFIT,54652091306
2026-01-13T08:33:59.595192+00:00,EURUSD,Direction.SHORT,1.16669,1.16593,0.07,5.3200000000006575,TAKE_PROFIT,54652078367
2026-01-13T08:33:59.765591+00:00,EURUSD,Direction.SHORT,1.16668,1.16593,0.07,5.2500000000002,TAKE_PROFIT,54652078396
2026-01-13T08:33:59.937193+00:00,EURUSD,Direction.SHORT,1.16678,1.16593,0.07,5.950000000000122,TAKE_PROFIT,54652090828
2026-01-13T08:34:00.097359+00:00,EURUSD,Direction.SHORT,1.16678,1.16593,0.07,5.950000000000122,TAKE_PROFIT,54652090859
2026-01-13T08:34:00.263023+00:00,EURUSD,Direction.SHORT,1.16678,1.16593,0.07,5.950000000000122,TAKE_PROFIT,54652090903
2026-01-13T08:34:00.426138+00:00,EURUSD,Direction.SHORT,1.16677,1.16593,0.07,5.8800000000012185,TAKE_PROFIT,54652090975
2026-01-13T08:34:00.583887+00:00,EURUSD,Direction.SHORT,1.16677,1.16593,0.07,5.8800000000012185,TAKE_PROFIT,54652091060
2026-01-13T08:34:00.741471+00:00,EURUSD,Direction.SHORT,1.16677,1.16593,0.07,5.8800000000012185,TAKE_PROFIT,54652091109
2026-01-13T08:34:00.902752+00:00,EURUSD,Direction.SHORT,1.16677,1.16593,0.07,5.8800000000012185,TAKE_PROFIT,54652091205
2026-01-13T08:34:01.080034+00:00,EURUSD,Direction.SHORT,1.16677,1.16593,0.07,5.8800000000012185,TAKE_PROFIT,54652091273
2026-01-13T08:34:01.240404+00:00,EURUSD,Direction.SHORT,1.16677,1.16593,0.07,5.8800000000012185,TAKE_PROFIT,54652091306
2026-01-13T08:34:19.144620+00:00,EURUSD,Direction.SHORT,1.16669,1.16592,0.07,5.389999999999563,TAKE_PROFIT,54652078367
2026-01-13T08:34:19.303717+00:00,EURUSD,Direction.SHORT,1.16668,1.16592,0.07,5.319999999999104,TAKE_PROFIT,54652078396
2026-01-13T08:34:19.464133+00:00,EURUSD,Direction.SHORT,1.1666400000000001,1.16592,0.07,5.040000000000378,TAKE_PROFIT,54652083321
2026-01-13T08:34:19.620579+00:00,EURUSD,Direction.SHORT,1.1666400000000001,1.16592,0.07,5.040000000000378,TAKE_PROFIT,54652083341
2026-01-13T08:34:19.775553+00:00,EURUSD,Direction.SHORT,1.16678,1.16592,0.07,6.019999999999027,TAKE_PROFIT,54652090828
2026-01-13T08:34:19.933131+00:00,EURUSD,Direction.SHORT,1.16678,1.16592,0.07,6.019999999999027,TAKE_PROFIT,54652090859
2026-01-13T08:34:20.091878+00:00,EURUSD,Direction.SHORT,1.16678,1.16592,0.07,6.019999999999027,TAKE_PROFIT,54652090903
2026-01-13T08:34:20.249093+00:00,EURUSD,Direction.SHORT,1.16677,1.16592,0.07,5.950000000000122,TAKE_PROFIT,54652090975
2026-01-13T08:34:20.408150+00:00,EURUSD,Direction.SHORT,1.16677,1.16592,0.07,5.950000000000122,TAKE_PROFIT,54652091060
2026-01-13T08:34:20.577865+00:00,EURUSD,Direction.SHORT,1.16677,1.16592,0.07,5.950000000000122,TAKE_PROFIT,54652091109
2026-01-13T08:34:20.733295+00:00,EURUSD,Direction.SHORT,1.16677,1.16592,0.07,5.950000000000122,TAKE_PROFIT,54652091205
2026-01-13T08:34:20.894981+00:00,EURUSD,Direction.SHORT,1.16677,1.16592,0.07,5.950000000000122,TAKE_PROFIT,54652091273
2026-01-13T08:34:21.056614+00:00,EURUSD,Direction.SHORT,1.16677,1.16592,0.07,5.950000000000122,TAKE_PROFIT,54652091306
2026-01-13T08:34:40.270682+00:00,EURUSD,Direction.SHORT,1.16669,1.1659,0.07,5.530000000000479,TAKE_PROFIT,54652078367
2026-01-13T08:34:40.427268+00:00,EURUSD,Direction.SHORT,1.16668,1.1659,0.07,5.460000000000021,TAKE_PROFIT,54652078396
2026-01-13T08:34:40.603065+00:00,EURUSD,Direction.SHORT,1.16663,1.1659,0.07,5.110000000000836,TAKE_PROFIT,54652082925
2026-01-13T08:34:40.763374+00:00,EURUSD,Direction.SHORT,1.16663,1.1659,0.07,5.110000000000836,TAKE_PROFIT,54652083008
2026-01-13T08:34:40.919034+00:00,EURUSD,Direction.SHORT,1.16663,1.1659,0.07,5.110000000000836,TAKE_PROFIT,54652083092
2026-01-13T08:34:41.077500+00:00,EURUSD,Direction.SHORT,1.16663,1.1659,0.07,5.110000000000836,TAKE_PROFIT,54652083149
2026-01-13T08:34:41.238251+00:00,EURUSD,Direction.SHORT,1.16663,1.1659,0.07,5.110000000000836,TAKE_PROFIT,54652083178
2026-01-13T08:34:41.402868+00:00,EURUSD,Direction.SHORT,1.16663,1.1659,0.07,5.110000000000836,TAKE_PROFIT,54652083237
2026-01-13T08:34:41.565050+00:00,EURUSD,Direction.SHORT,1.16663,1.1659,0.07,5.110000000000836,TAKE_PROFIT,54652083275
2026-01-13T08:34:41.727541+00:00,EURUSD,Direction.SHORT,1.1666400000000001,1.1659,0.07,5.180000000001296,TAKE_PROFIT,54652083321
2026-01-13T08:34:41.883886+00:00,EURUSD,Direction.SHORT,1.1666400000000001,1.1659,0.07,5.180000000001296,TAKE_PROFIT,54652083341
2026-01-13T08:34:42.039173+00:00,EURUSD,Direction.SHORT,1.16678,1.1659,0.07,6.159999999999943,TAKE_PROFIT,54652090828
2026-01-13T08:34:42.192815+00:00,EURUSD,Direction.SHORT,1.16678,1.1659,0.07,6.159999999999943,TAKE_PROFIT,54652090859
2026-01-13T08:34:42.352801+00:00,EURUSD,Direction.SHORT,1.16678,1.1659,0.07,6.159999999999943,TAKE_PROFIT,54652090903
2026-01-13T08:34:42.507473+00:00,EURUSD,Direction.SHORT,1.16677,1.1659,0.07,6.09000000000104,TAKE_PROFIT,54652090975
2026-01-13T08:34:42.667431+00:00,EURUSD,Direction.SHORT,1.16677,1.1659,0.07,6.09000000000104,TAKE_PROFIT,54652091060
2026-01-13T08:34:42.827362+00:00,EURUSD,Direction.SHORT,1.16677,1.1659,0.07,6.09000000000104,TAKE_PROFIT,54652091109
2026-01-13T08:34:42.985010+00:00,EURUSD,Direction.SHORT,1.16677,1.1659,0.07,6.09000000000104,TAKE_PROFIT,54652091205
2026-01-13T08:34:43.142737+00:00,EURUSD,Direction.SHORT,1.16677,1.1659,0.07,6.09000000000104,TAKE_PROFIT,54652091273
2026-01-13T08:34:43.310714+00:00,EURUSD,Direction.SHORT,1.16677,1.1659,0.07,6.09000000000104,TAKE_PROFIT,54652091306
2026-01-13T08:35:07.721249+00:00,EURUSD,Direction.SHORT,1.16677,1.16593,0.07,5.8800000000012185,TAKE_PROFIT,54652091306
2026-01-13T08:54:35.605709+00:00,EURUSD,Direction.LONG,1.1659,1.1666400000000001,0.07,5.180000000001296,TAKE_PROFIT,54652428089
2026-01-13T08:54:35.768886+00:00,EURUSD,Direction.LONG,1.1659,1.1666400000000001,0.07,5.180000000001296,TAKE_PROFIT,54652428124
2026-01-13T08:54:35.928474+00:00,EURUSD,Direction.LONG,1.1659,1.1666400000000001,0.07,5.180000000001296,TAKE_PROFIT,54652428269
2026-01-13T08:54:36.087327+00:00,EURUSD,Direction.LONG,1.1659,1.1666400000000001,0.07,5.180000000001296,TAKE_PROFIT,54652428412
2026-01-13T08:54:36.250255+00:00,EURUSD,Direction.LONG,1.1659,1.1666400000000001,0.07,5.180000000001296,TAKE_PROFIT,54652428485
2026-01-13T08:54:36.407123+00:00,EURUSD,Direction.LONG,1.1659,1.1666400000000001,0.07,5.180000000001296,TAKE_PROFIT,54652428513
2026-01-13T08:54:36.560723+00:00,EURUSD,Direction.LONG,1.1659,1.1666400000000001,0.07,5.180000000001296,TAKE_PROFIT,54652428558
2026-01-13T08:54:36.721532+00:00,EURUSD,Direction.LONG,1.1659,1.1666400000000001,0.07,5.180000000001296,TAKE_PROFIT,54652428582
2026-01-13T08:54:36.879163+00:00,EURUSD,Direction.LONG,1.1659,1.1666400000000001,0.07,5.180000000001296,TAKE_PROFIT,54652428624
2026-01-13T08:54:37.037669+00:00,EURUSD,Direction.LONG,1.1659,1.1666400000000001,0.07,5.180000000001296,TAKE_PROFIT,54652428652
2026-01-13T08:54:37.197715+00:00,EURUSD,Direction.LONG,1.1659,1.1666400000000001,0.07,5.180000000001296,TAKE_PROFIT,54652428692
2026-01-13T08:54:37.355362+00:00,EURUSD,Direction.LONG,1.1659,1.1666400000000001,0.07,5.180000000001296,TAKE_PROFIT,54652428756
2026-01-13T08:54:37.517192+00:00,EURUSD,Direction.LONG,1.1659,1.1666400000000001,0.07,5.180000000001296,TAKE_PROFIT,54652428778
2026-01-13T08:54:37.676627+00:00,EURUSD,Direction.LONG,1.1659,1.1666400000000001,0.07,5.180000000001296,TAKE_PROFIT,54652428799
2026-01-13T08:54:37.836956+00:00,EURUSD,Direction.LONG,1.1659,1.1666400000000001,0.07,5.180000000001296,TAKE_PROFIT,54652428830
2026-01-13T08:54:37.995882+00:00,EURUSD,Direction.LONG,1.1659,1.1666400000000001,0.07,5.180000000001296,TAKE_PROFIT,54652428859
2026-01-13T08:54:38.153143+00:00,EURUSD,Direction.LONG,1.1659,1.1666400000000001,0.07,5.180000000001296,TAKE_PROFIT,54652428881
2026-01-13T08:54:38.310937+00:00,EURUSD,Direction.LONG,1.1659,1.1666400000000001,0.07,5.180000000001296,TAKE_PROFIT,54652428900
2026-01-13T08:54:38.481328+00:00,EURUSD,Direction.LONG,1.1659,1.1666400000000001,0.07,5.180000000001296,TAKE_PROFIT,54652428940
2026-01-13T08:55:12.262030+00:00,EURUSD,Direction.LONG,1.1659,1.16665,0.07,5.2500000000002,TAKE_PROFIT,54652428830
2026-01-13T08:55:12.422752+00:00,EURUSD,Direction.LONG,1.1659,1.16665,0.07,5.2500000000002,TAKE_PROFIT,54652428859
2026-01-13T08:55:12.579999+00:00,EURUSD,Direction.LONG,1.1659,1.16665,0.07,5.2500000000002,TAKE_PROFIT,54652428881
2026-01-13T08:55:12.742220+00:00,EURUSD,Direction.LONG,1.1659,1.16665,0.07,5.2500000000002,TAKE_PROFIT,54652428900
2026-01-13T08:55:12.902973+00:00,EURUSD,Direction.LONG,1.1659,1.16665,0.07,5.2500000000002,TAKE_PROFIT,54652428940
2026-01-13T08:55:13.058943+00:00,EURUSD,Direction.LONG,1.16593,1.16665,0.07,5.040000000000378,TAKE_PROFIT,54652436115
2026-01-13T08:55:27.633206+00:00,EURUSD,Direction.LONG,1.1659,1.16673,0.07,5.810000000000759,TAKE_PROFIT,54652428830
2026-01-13T08:55:27.792131+00:00,EURUSD,Direction.LONG,1.1659,1.16673,0.07,5.810000000000759,TAKE_PROFIT,54652428859
2026-01-13T08:55:27.950954+00:00,EURUSD,Direction.LONG,1.1659,1.16673,0.07,5.810000000000759,TAKE_PROFIT,54652428881
2026-01-13T08:55:28.107043+00:00,EURUSD,Direction.LONG,1.1659,1.16673,0.07,5.810000000000759,TAKE_PROFIT,54652428900
2026-01-13T08:55:28.269368+00:00,EURUSD,Direction.LONG,1.1659,1.16673,0.07,5.810000000000759,TAKE_PROFIT,54652428940
2026-01-13T08:55:28.428037+00:00,EURUSD,Direction.LONG,1.16593,1.16673,0.07,5.6000000000009384,TAKE_PROFIT,54652436115
2026-01-13T08:55:43.450715+00:00,EURUSD,Direction.LONG,1.1659,1.1667399999999999,0.07,5.879999999999664,TAKE_PROFIT,54652428830
2026-01-13T08:55:43.607020+00:00,EURUSD,Direction.LONG,1.1659,1.1667399999999999,0.07,5.879999999999664,TAKE_PROFIT,54652428859
2026-01-13T08:55:43.767617+00:00,EURUSD,Direction.LONG,1.1659,1.1667399999999999,0.07,5.879999999999664,TAKE_PROFIT,54652428881
2026-01-13T08:55:43.922835+00:00,EURUSD,Direction.LONG,1.1659,1.1667399999999999,0.07,5.879999999999664,TAKE_PROFIT,54652428900
2026-01-13T08:55:44.084321+00:00,EURUSD,Direction.LONG,1.1659,1.1667399999999999,0.07,5.879999999999664,TAKE_PROFIT,54652428940
2026-01-13T08:55:44.242444+00:00,EURUSD,Direction.LONG,1.16593,1.1667399999999999,0.07,5.669999999999843,TAKE_PROFIT,54652436115
2026-01-13T08:55:58.789790+00:00,EURUSD,Direction.LONG,1.1659,1.16672,0.07,5.7400000000003,TAKE_PROFIT,54652428830
2026-01-13T08:55:58.948103+00:00,EURUSD,Direction.LONG,1.1659,1.16672,0.07,5.7400000000003,TAKE_PROFIT,54652428859
2026-01-13T08:55:59.109508+00:00,EURUSD,Direction.LONG,1.1659,1.16672,0.07,5.7400000000003,TAKE_PROFIT,54652428881
2026-01-13T08:55:59.281140+00:00,EURUSD,Direction.LONG,1.1659,1.16672,0.07,5.7400000000003,TAKE_PROFIT,54652428900
2026-01-13T08:55:59.439894+00:00,EURUSD,Direction.LONG,1.1659,1.16672,0.07,5.7400000000003,TAKE_PROFIT,54652428940
2026-01-13T08:55:59.599586+00:00,EURUSD,Direction.LONG,1.16593,1.16672,0.07,5.530000000000479,TAKE_PROFIT,54652436115
2026-01-13T08:56:14.645810+00:00,EURUSD,Direction.LONG,1.1659,1.16675,0.07,5.950000000000122,TAKE_PROFIT,54652428830
2026-01-13T08:56:14.808072+00:00,EURUSD,Direction.LONG,1.1659,1.16675,0.07,5.950000000000122,TAKE_PROFIT,54652428859
2026-01-13T08:56:14.966489+00:00,EURUSD,Direction.LONG,1.1659,1.16675,0.07,5.950000000000122,TAKE_PROFIT,54652428881
2026-01-13T08:56:15.125382+00:00,EURUSD,Direction.LONG,1.1659,1.16675,0.07,5.950000000000122,TAKE_PROFIT,54652428900
2026-01-13T08:56:15.287228+00:00,EURUSD,Direction.LONG,1.1659,1.16675,0.07,5.950000000000122,TAKE_PROFIT,54652428940
2026-01-13T08:56:15.445237+00:00,EURUSD,Direction.LONG,1.16593,1.16675,0.07,5.7400000000003,TAKE_PROFIT,54652436115
2026-01-13T08:56:30.001853+00:00,EURUSD,Direction.LONG,1.1659,1.1667399999999999,0.07,5.879999999999664,TAKE_PROFIT,54652428830
2026-01-13T08:56:30.170004+00:00,EURUSD,Direction.LONG,1.1659,1.1667399999999999,0.07,5.879999999999664,TAKE_PROFIT,54652428859
2026-01-13T08:56:30.325093+00:00,EURUSD,Direction.LONG,1.1659,1.1667399999999999,0.07,5.879999999999664,TAKE_PROFIT,54652428881
2026-01-13T08:56:30.484117+00:00,EURUSD,Direction.LONG,1.1659,1.1667399999999999,0.07,5.879999999999664,TAKE_PROFIT,54652428900
2026-01-13T08:56:30.659368+00:00,EURUSD,Direction.LONG,1.1659,1.1667399999999999,0.07,5.879999999999664,TAKE_PROFIT,54652428940
2026-01-13T08:56:30.817689+00:00,EURUSD,Direction.LONG,1.16593,1.1667399999999999,0.07,5.669999999999843,TAKE_PROFIT,54652436115
2026-01-13T08:56:46.194105+00:00,EURUSD,Direction.LONG,1.1659,1.16675,0.07,5.950000000000122,TAKE_PROFIT,54652428830
2026-01-13T08:56:46.350758+00:00,EURUSD,Direction.LONG,1.1659,1.16675,0.07,5.950000000000122,TAKE_PROFIT,54652428859
2026-01-13T08:56:46.511535+00:00,EURUSD,Direction.LONG,1.1659,1.16675,0.07,5.950000000000122,TAKE_PROFIT,54652428881
2026-01-13T08:56:46.668806+00:00,EURUSD,Direction.LONG,1.1659,1.16675,0.07,5.950000000000122,TAKE_PROFIT,54652428900
2026-01-13T08:56:46.826511+00:00,EURUSD,Direction.LONG,1.1659,1.16675,0.07,5.950000000000122,TAKE_PROFIT,54652428940
2026-01-13T08:56:46.984743+00:00,EURUSD,Direction.LONG,1.16593,1.16675,0.07,5.7400000000003,TAKE_PROFIT,54652436115
2026-01-13T08:57:01.649350+00:00,EURUSD,Direction.LONG,1.1659,1.16678,0.07,6.159999999999943,TAKE_PROFIT,54652428830
2026-01-13T08:57:01.806618+00:00,EURUSD,Direction.LONG,1.1659,1.16678,0.07,6.159999999999943,TAKE_PROFIT,54652428859
2026-01-13T08:57:01.963556+00:00,EURUSD,Direction.LONG,1.1659,1.16678,0.07,6.159999999999943,TAKE_PROFIT,54652428881
2026-01-13T08:57:02.154382+00:00,EURUSD,Direction.LONG,1.1659,1.16678,0.07,6.159999999999943,TAKE_PROFIT,54652428900
2026-01-13T08:57:02.333631+00:00,EURUSD,Direction.LONG,1.1659,1.16678,0.07,6.159999999999943,TAKE_PROFIT,54652428940
2026-01-13T08:57:02.486754+00:00,EURUSD,Direction.LONG,1.16593,1.16678,0.07,5.950000000000122,TAKE_PROFIT,54652436115
2026-01-13T08:57:17.482197+00:00,EURUSD,Direction.LONG,1.1659,1.16678,0.07,6.159999999999943,TAKE_PROFIT,54652428830
2026-01-13T08:57:17.645166+00:00,EURUSD,Direction.LONG,1.1659,1.16678,0.07,6.159999999999943,TAKE_PROFIT,54652428859
2026-01-13T08:57:17.805599+00:00,EURUSD,Direction.LONG,1.1659,1.16678,0.07,6.159999999999943,TAKE_PROFIT,54652428881
2026-01-13T08:57:17.968642+00:00,EURUSD,Direction.LONG,1.1659,1.16678,0.07,6.159999999999943,TAKE_PROFIT,54652428900
2026-01-13T08:57:18.132199+00:00,EURUSD,Direction.LONG,1.1659,1.16678,0.07,6.159999999999943,TAKE_PROFIT,54652428940
2026-01-13T08:57:18.287472+00:00,EURUSD,Direction.LONG,1.16593,1.16678,0.07,5.950000000000122,TAKE_PROFIT,54652436115
2026-01-13T08:57:32.951512+00:00,EURUSD,Direction.LONG,1.1659,1.16673,0.07,5.810000000000759,TAKE_PROFIT,54652428830
2026-01-13T08:57:33.109434+00:00,EURUSD,Direction.LONG,1.1659,1.16673,0.07,5.810000000000759,TAKE_PROFIT,54652428859
2026-01-13T08:57:33.289107+00:00,EURUSD,Direction.LONG,1.1659,1.16673,0.07,5.810000000000759,TAKE_PROFIT,54652428881
2026-01-13T08:57:33.449879+00:00,EURUSD,Direction.LONG,1.1659,1.16673,0.07,5.810000000000759,TAKE_PROFIT,54652428900
2026-01-13T08:57:33.608823+00:00,EURUSD,Direction.LONG,1.1659,1.16673,0.07,5.810000000000759,TAKE_PROFIT,54652428940
2026-01-13T08:57:33.784345+00:00,EURUSD,Direction.LONG,1.16593,1.16673,0.07,5.6000000000009384,TAKE_PROFIT,54652436115
2026-01-13T08:57:49.405655+00:00,EURUSD,Direction.LONG,1.1659,1.16668,0.07,5.460000000000021,TAKE_PROFIT,54652428830
2026-01-13T08:57:49.562647+00:00,EURUSD,Direction.LONG,1.1659,1.16668,0.07,5.460000000000021,TAKE_PROFIT,54652428859
2026-01-13T08:57:49.722588+00:00,EURUSD,Direction.LONG,1.1659,1.16668,0.07,5.460000000000021,TAKE_PROFIT,54652428881
2026-01-13T08:57:49.880964+00:00,EURUSD,Direction.LONG,1.1659,1.16668,0.07,5.460000000000021,TAKE_PROFIT,54652428900
2026-01-13T08:57:50.039011+00:00,EURUSD,Direction.LONG,1.1659,1.16668,0.07,5.460000000000021,TAKE_PROFIT,54652428940
2026-01-13T08:57:50.196286+00:00,EURUSD,Direction.LONG,1.16593,1.16668,0.07,5.2500000000002,TAKE_PROFIT,54652436115
2026-01-13T08:58:04.667805+00:00,EURUSD,Direction.LONG,1.1659,1.16669,0.07,5.530000000000479,TAKE_PROFIT,54652428830
2026-01-13T08:58:04.825308+00:00,EURUSD,Direction.LONG,1.1659,1.16669,0.07,5.530000000000479,TAKE_PROFIT,54652428859
2026-01-13T08:58:04.984274+00:00,EURUSD,Direction.LONG,1.1659,1.16669,0.07,5.530000000000479,TAKE_PROFIT,54652428881
2026-01-13T08:58:05.141594+00:00,EURUSD,Direction.LONG,1.1659,1.16669,0.07,5.530000000000479,TAKE_PROFIT,54652428900
2026-01-13T08:58:05.299510+00:00,EURUSD,Direction.LONG,1.1659,1.16669,0.07,5.530000000000479,TAKE_PROFIT,54652428940
2026-01-13T08:58:05.457451+00:00,EURUSD,Direction.LONG,1.16593,1.16669,0.07,5.3200000000006575,TAKE_PROFIT,54652436115
2026-01-13T08:58:20.453059+00:00,EURUSD,Direction.LONG,1.1659,1.1667,0.07,5.6000000000009384,TAKE_PROFIT,54652428830
2026-01-13T08:58:20.615528+00:00,EURUSD,Direction.LONG,1.1659,1.1667,0.07,5.6000000000009384,TAKE_PROFIT,54652428859
2026-01-13T08:58:20.779123+00:00,EURUSD,Direction.LONG,1.1659,1.1667,0.07,5.6000000000009384,TAKE_PROFIT,54652428881
2026-01-13T08:58:20.940414+00:00,EURUSD,Direction.LONG,1.1659,1.1667,0.07,5.6000000000009384,TAKE_PROFIT,54652428900
2026-01-13T08:58:21.101750+00:00,EURUSD,Direction.LONG,1.1659,1.1667,0.07,5.6000000000009384,TAKE_PROFIT,54652428940
2026-01-13T08:58:21.259343+00:00,EURUSD,Direction.LONG,1.16593,1.1667,0.07,5.390000000001117,TAKE_PROFIT,54652436115
2026-01-13T08:58:35.716360+00:00,EURUSD,Direction.LONG,1.1659,1.16669,0.07,5.530000000000479,TAKE_PROFIT,54652428830
2026-01-13T08:58:35.876307+00:00,EURUSD,Direction.LONG,1.1659,1.16669,0.07,5.530000000000479,TAKE_PROFIT,54652428859
2026-01-13T08:58:36.035268+00:00,EURUSD,Direction.LONG,1.1659,1.16669,0.07,5.530000000000479,TAKE_PROFIT,54652428881
2026-01-13T08:58:36.194946+00:00,EURUSD,Direction.LONG,1.1659,1.16669,0.07,5.530000000000479,TAKE_PROFIT,54652428900
2026-01-13T08:58:36.360256+00:00,EURUSD,Direction.LONG,1.1659,1.16669,0.07,5.530000000000479,TAKE_PROFIT,54652428940
2026-01-13T08:58:36.517549+00:00,EURUSD,Direction.LONG,1.16593,1.16669,0.07,5.3200000000006575,TAKE_PROFIT,54652436115
2026-01-13T08:58:52.291631+00:00,EURUSD,Direction.LONG,1.1659,1.16669,0.07,5.530000000000479,TAKE_PROFIT,54652428830
2026-01-13T08:58:52.449661+00:00,EURUSD,Direction.LONG,1.1659,1.16669,0.07,5.530000000000479,TAKE_PROFIT,54652428859
2026-01-13T08:58:52.609275+00:00,EURUSD,Direction.LONG,1.1659,1.16669,0.07,5.530000000000479,TAKE_PROFIT,54652428881
2026-01-13T08:58:52.769121+00:00,EURUSD,Direction.LONG,1.1659,1.16669,0.07,5.530000000000479,TAKE_PROFIT,54652428900
2026-01-13T08:58:52.926500+00:00,EURUSD,Direction.LONG,1.1659,1.16669,0.07,5.530000000000479,TAKE_PROFIT,54652428940
2026-01-13T08:58:53.083527+00:00,EURUSD,Direction.LONG,1.16593,1.16669,0.07,5.3200000000006575,TAKE_PROFIT,54652436115
2026-01-13T08:59:07.561627+00:00,EURUSD,Direction.LONG,1.1659,1.16671,0.07,5.669999999999843,TAKE_PROFIT,54652428830
2026-01-13T08:59:07.718625+00:00,EURUSD,Direction.LONG,1.1659,1.16671,0.07,5.669999999999843,TAKE_PROFIT,54652428859
2026-01-13T08:59:07.876608+00:00,EURUSD,Direction.LONG,1.1659,1.16671,0.07,5.669999999999843,TAKE_PROFIT,54652428881
2026-01-13T08:59:08.035415+00:00,EURUSD,Direction.LONG,1.1659,1.16671,0.07,5.669999999999843,TAKE_PROFIT,54652428900
2026-01-13T08:59:08.193140+00:00,EURUSD,Direction.LONG,1.1659,1.16671,0.07,5.669999999999843,TAKE_PROFIT,54652428940
2026-01-13T08:59:08.355783+00:00,EURUSD,Direction.LONG,1.16593,1.16671,0.07,5.460000000000021,TAKE_PROFIT,54652436115
2026-01-13T08:59:23.542618+00:00,EURUSD,Direction.LONG,1.1659,1.1668,0.07,6.3000000000008605,TAKE_PROFIT,54652428830
2026-01-13T08:59:23.699800+00:00,EURUSD,Direction.LONG,1.1659,1.1668,0.07,6.3000000000008605,TAKE_PROFIT,54652428859
2026-01-13T08:59:23.865016+00:00,EURUSD,Direction.LONG,1.1659,1.1668,0.07,6.3000000000008605,TAKE_PROFIT,54652428881
2026-01-13T08:59:24.034109+00:00,EURUSD,Direction.LONG,1.1659,1.1668,0.07,6.3000000000008605,TAKE_PROFIT,54652428900
2026-01-13T08:59:24.191968+00:00,EURUSD,Direction.LONG,1.1659,1.1668,0.07,6.3000000000008605,TAKE_PROFIT,54652428940
2026-01-13T08:59:24.349886+00:00,EURUSD,Direction.LONG,1.16593,1.1668,0.07,6.09000000000104,TAKE_PROFIT,54652436115
2026-01-13T08:59:38.949986+00:00,EURUSD,Direction.LONG,1.1659,1.16686,0.07,6.720000000000503,TAKE_PROFIT,54652428830
2026-01-13T08:59:39.109454+00:00,EURUSD,Direction.LONG,1.1659,1.16686,0.07,6.720000000000503,TAKE_PROFIT,54652428859
2026-01-13T08:59:39.265510+00:00,EURUSD,Direction.LONG,1.1659,1.16686,0.07,6.720000000000503,TAKE_PROFIT,54652428881
2026-01-13T08:59:39.425523+00:00,EURUSD,Direction.LONG,1.1659,1.16686,0.07,6.720000000000503,TAKE_PROFIT,54652428900
2026-01-13T08:59:39.598430+00:00,EURUSD,Direction.LONG,1.1659,1.16686,0.07,6.720000000000503,TAKE_PROFIT,54652428940
2026-01-13T08:59:39.755337+00:00,EURUSD,Direction.LONG,1.16593,1.16686,0.07,6.510000000000683,TAKE_PROFIT,54652436115
2026-01-13T08:59:54.743488+00:00,EURUSD,Direction.LONG,1.1659,1.16688,0.07,6.859999999999867,TAKE_PROFIT,54652428830
2026-01-13T08:59:54.904579+00:00,EURUSD,Direction.LONG,1.1659,1.16688,0.07,6.859999999999867,TAKE_PROFIT,54652428859
2026-01-13T08:59:55.062954+00:00,EURUSD,Direction.LONG,1.1659,1.16688,0.07,6.859999999999867,TAKE_PROFIT,54652428881
2026-01-13T08:59:55.223211+00:00,EURUSD,Direction.LONG,1.1659,1.16688,0.07,6.859999999999867,TAKE_PROFIT,54652428900
2026-01-13T08:59:55.381144+00:00,EURUSD,Direction.LONG,1.1659,1.16688,0.07,6.859999999999867,TAKE_PROFIT,54652428940
2026-01-13T08:59:55.558186+00:00,EURUSD,Direction.LONG,1.16593,1.16688,0.07,6.650000000000045,TAKE_PROFIT,54652436115
2026-01-13T09:00:10.123443+00:00,EURUSD,Direction.LONG,1.1659,1.16685,0.07,6.650000000000045,TAKE_PROFIT,54652428830
2026-01-13T09:00:10.301146+00:00,EURUSD,Direction.LONG,1.1659,1.16685,0.07,6.650000000000045,TAKE_PROFIT,54652428859
2026-01-13T09:00:10.457412+00:00,EURUSD,Direction.LONG,1.1659,1.16685,0.07,6.650000000000045,TAKE_PROFIT,54652428881
2026-01-13T09:00:10.617342+00:00,EURUSD,Direction.LONG,1.1659,1.16685,0.07,6.650000000000045,TAKE_PROFIT,54652428900
2026-01-13T09:00:10.777416+00:00,EURUSD,Direction.LONG,1.1659,1.16685,0.07,6.650000000000045,TAKE_PROFIT,54652428940
2026-01-13T09:00:10.931259+00:00,EURUSD,Direction.LONG,1.16593,1.16685,0.07,6.440000000000224,TAKE_PROFIT,54652436115
2026-01-13T12:40:33.210606+00:00,EURUSD,Direction.SHORT,1.16688,1.16616,0.07,5.039999999998823,TAKE_PROFIT,54652742809
2026-01-13T12:40:33.380411+00:00,EURUSD,Direction.SHORT,1.16688,1.16616,0.07,5.039999999998823,TAKE_PROFIT,54652742907
2026-01-13T12:40:33.540582+00:00,EURUSD,Direction.SHORT,1.16688,1.16616,0.07,5.039999999998823,TAKE_PROFIT,54652742976
2026-01-13T12:40:33.699730+00:00,EURUSD,Direction.SHORT,1.16688,1.16616,0.07,5.039999999998823,TAKE_PROFIT,54652742994
2026-01-13T12:40:33.862730+00:00,EURUSD,Direction.SHORT,1.16688,1.16616,0.07,5.039999999998823,TAKE_PROFIT,54652743045
2026-01-13T12:40:34.023271+00:00,EURUSD,Direction.SHORT,1.16688,1.16616,0.07,5.039999999998823,TAKE_PROFIT,54652745653
2026-01-13T12:40:34.185369+00:00,EURUSD,Direction.SHORT,1.16688,1.16616,0.07,5.039999999998823,TAKE_PROFIT,54652745689
2026-01-13T12:40:34.351307+00:00,EURUSD,Direction.SHORT,1.16688,1.16616,0.07,5.039999999998823,TAKE_PROFIT,54652745699
2026-01-13T12:40:50.341153+00:00,EURUSD,Direction.SHORT,1.16688,1.16615,0.07,5.109999999999283,TAKE_PROFIT,54652742809
2026-01-13T12:40:50.499091+00:00,EURUSD,Direction.SHORT,1.16688,1.16615,0.07,5.109999999999283,TAKE_PROFIT,54652742907
2026-01-13T12:40:50.659467+00:00,EURUSD,Direction.SHORT,1.16688,1.16615,0.07,5.109999999999283,TAKE_PROFIT,54652742976
2026-01-13T12:40:50.824209+00:00,EURUSD,Direction.SHORT,1.16688,1.16615,0.07,5.109999999999283,TAKE_PROFIT,54652742994
2026-01-13T12:40:51.007093+00:00,EURUSD,Direction.SHORT,1.16688,1.16615,0.07,5.109999999999283,TAKE_PROFIT,54652743045
2026-01-13T12:40:51.166362+00:00,EURUSD,Direction.SHORT,1.16688,1.16615,0.07,5.109999999999283,TAKE_PROFIT,54652745653
2026-01-13T12:40:51.338858+00:00,EURUSD,Direction.SHORT,1.16687,1.16615,0.07,5.040000000000378,TAKE_PROFIT,54652745666
2026-01-13T12:40:51.497049+00:00,EURUSD,Direction.SHORT,1.16688,1.16615,0.07,5.109999999999283,TAKE_PROFIT,54652745689
2026-01-13T12:40:51.659547+00:00,EURUSD,Direction.SHORT,1.16688,1.16615,0.07,5.109999999999283,TAKE_PROFIT,54652745699
2026-01-13T12:40:51.819009+00:00,EURUSD,Direction.SHORT,1.16687,1.16615,0.07,5.040000000000378,TAKE_PROFIT,54652745723
2026-01-13T12:40:51.981776+00:00,EURUSD,Direction.SHORT,1.16687,1.16615,0.07,5.040000000000378,TAKE_PROFIT,54652745739
2026-01-13T12:41:20.990585+00:00,EURUSD,Direction.SHORT,1.16681,1.16604,0.07,5.389999999999563,TAKE_PROFIT,54652739193
2026-01-13T12:41:21.149166+00:00,EURUSD,Direction.SHORT,1.16681,1.16604,0.07,5.389999999999563,TAKE_PROFIT,54652739209
2026-01-13T12:41:21.311878+00:00,EURUSD,Direction.SHORT,1.16686,1.16604,0.07,5.7400000000003,TAKE_PROFIT,54652742789
2026-01-13T12:41:21.481906+00:00,EURUSD,Direction.SHORT,1.16688,1.16604,0.07,5.879999999999664,TAKE_PROFIT,54652742809
2026-01-13T12:41:21.641184+00:00,EURUSD,Direction.SHORT,1.16688,1.16604,0.07,5.879999999999664,TAKE_PROFIT,54652742907
2026-01-13T12:41:21.805684+00:00,EURUSD,Direction.SHORT,1.16688,1.16604,0.07,5.879999999999664,TAKE_PROFIT,54652742976
2026-01-13T12:41:21.968894+00:00,EURUSD,Direction.SHORT,1.16688,1.16604,0.07,5.879999999999664,TAKE_PROFIT,54652742994
2026-01-13T12:41:22.130233+00:00,EURUSD,Direction.SHORT,1.16688,1.16604,0.07,5.879999999999664,TAKE_PROFIT,54652743045
2026-01-13T12:41:22.290693+00:00,EURUSD,Direction.SHORT,1.16688,1.16604,0.07,5.879999999999664,TAKE_PROFIT,54652745653
2026-01-13T12:41:22.449130+00:00,EURUSD,Direction.SHORT,1.16687,1.16604,0.07,5.810000000000759,TAKE_PROFIT,54652745666
2026-01-13T12:41:22.605348+00:00,EURUSD,Direction.SHORT,1.16688,1.16604,0.07,5.879999999999664,TAKE_PROFIT,54652745689
2026-01-13T12:41:22.766412+00:00,EURUSD,Direction.SHORT,1.16688,1.16604,0.07,5.879999999999664,TAKE_PROFIT,54652745699
2026-01-13T12:41:22.930006+00:00,EURUSD,Direction.SHORT,1.16687,1.16604,0.07,5.810000000000759,TAKE_PROFIT,54652745723
2026-01-13T12:41:23.091507+00:00,EURUSD,Direction.SHORT,1.16687,1.16604,0.07,5.810000000000759,TAKE_PROFIT,54652745739
2026-01-13T12:41:23.249948+00:00,EURUSD,Direction.SHORT,1.16685,1.16604,0.07,5.669999999999843,TAKE_PROFIT,54652749056
2026-01-13T12:41:23.410645+00:00,EURUSD,Direction.SHORT,1.16685,1.16604,0.07,5.669999999999843,TAKE_PROFIT,54652749081
2026-01-13T12:41:23.568855+00:00,EURUSD,Direction.SHORT,1.16685,1.16604,0.07,5.669999999999843,TAKE_PROFIT,54652749111
2026-01-13T12:41:23.749544+00:00,EURUSD,Direction.SHORT,1.16685,1.16604,0.07,5.669999999999843,TAKE_PROFIT,54652749160
2026-01-13T12:41:23.913982+00:00,EURUSD,Direction.SHORT,1.16684,1.16604,0.07,5.6000000000009384,TAKE_PROFIT,54652749188
2026-01-13T12:41:24.074268+00:00,EURUSD,Direction.SHORT,1.16684,1.16604,0.07,5.6000000000009384,TAKE_PROFIT,54652749222
2026-01-13T12:41:58.449911+00:00,EURUSD,Direction.SHORT,1.16681,1.16607,0.07,5.179999999999741,TAKE_PROFIT,54652739193
2026-01-13T12:41:58.615927+00:00,EURUSD,Direction.SHORT,1.16681,1.16607,0.07,5.179999999999741,TAKE_PROFIT,54652739209
2026-01-13T12:41:58.783838+00:00,EURUSD,Direction.SHORT,1.16686,1.16607,0.07,5.530000000000479,TAKE_PROFIT,54652742789
2026-01-13T12:41:58.947514+00:00,EURUSD,Direction.SHORT,1.16688,1.16607,0.07,5.669999999999843,TAKE_PROFIT,54652742809
2026-01-13T12:41:59.102995+00:00,EURUSD,Direction.SHORT,1.16688,1.16607,0.07,5.669999999999843,TAKE_PROFIT,54652742907
2026-01-13T12:41:59.260487+00:00,EURUSD,Direction.SHORT,1.16688,1.16607,0.07,5.669999999999843,TAKE_PROFIT,54652742976
2026-01-13T12:41:59.414966+00:00,EURUSD,Direction.SHORT,1.16688,1.16607,0.07,5.669999999999843,TAKE_PROFIT,54652742994
2026-01-13T12:41:59.568797+00:00,EURUSD,Direction.SHORT,1.16688,1.16607,0.07,5.669999999999843,TAKE_PROFIT,54652743045
2026-01-13T12:41:59.741865+00:00,EURUSD,Direction.SHORT,1.16688,1.16607,0.07,5.669999999999843,TAKE_PROFIT,54652745653
2026-01-13T12:41:59.905539+00:00,EURUSD,Direction.SHORT,1.16687,1.16607,0.07,5.6000000000009384,TAKE_PROFIT,54652745666
2026-01-13T12:42:00.071097+00:00,EURUSD,Direction.SHORT,1.16688,1.16607,0.07,5.669999999999843,TAKE_PROFIT,54652745689
2026-01-13T12:42:00.240372+00:00,EURUSD,Direction.SHORT,1.16688,1.16607,0.07,5.669999999999843,TAKE_PROFIT,54652745699
2026-01-13T12:42:00.395055+00:00,EURUSD,Direction.SHORT,1.16687,1.16607,0.07,5.6000000000009384,TAKE_PROFIT,54652745723
2026-01-13T12:42:00.557137+00:00,EURUSD,Direction.SHORT,1.16687,1.16607,0.07,5.6000000000009384,TAKE_PROFIT,54652745739
2026-01-13T12:42:00.712478+00:00,EURUSD,Direction.SHORT,1.16685,1.16607,0.07,5.460000000000021,TAKE_PROFIT,54652749056
2026-01-13T12:42:00.866160+00:00,EURUSD,Direction.SHORT,1.16685,1.16607,0.07,5.460000000000021,TAKE_PROFIT,54652749081
2026-01-13T12:42:01.035433+00:00,EURUSD,Direction.SHORT,1.16685,1.16607,0.07,5.460000000000021,TAKE_PROFIT,54652749111
2026-01-13T12:42:01.191490+00:00,EURUSD,Direction.SHORT,1.16685,1.16607,0.07,5.460000000000021,TAKE_PROFIT,54652749160
2026-01-13T12:42:01.349757+00:00,EURUSD,Direction.SHORT,1.16684,1.16607,0.07,5.390000000001117,TAKE_PROFIT,54652749188
2026-01-13T12:42:25.319769+00:00,EURUSD,Direction.SHORT,1.16688,1.16611,0.07,5.389999999999563,TAKE_PROFIT,54652745653
2026-01-13T12:42:25.484314+00:00,EURUSD,Direction.SHORT,1.16687,1.16611,0.07,5.3200000000006575,TAKE_PROFIT,54652745666
2026-01-13T12:42:25.638931+00:00,EURUSD,Direction.SHORT,1.16688,1.16611,0.07,5.389999999999563,TAKE_PROFIT,54652745689
2026-01-13T12:42:25.797843+00:00,EURUSD,Direction.SHORT,1.16688,1.16611,0.07,5.389999999999563,TAKE_PROFIT,54652745699
2026-01-13T12:42:25.954855+00:00,EURUSD,Direction.SHORT,1.16687,1.16611,0.07,5.3200000000006575,TAKE_PROFIT,54652745723
2026-01-13T12:42:26.109190+00:00,EURUSD,Direction.SHORT,1.16687,1.16611,0.07,5.3200000000006575,TAKE_PROFIT,54652745739
2026-01-13T12:42:26.267561+00:00,EURUSD,Direction.SHORT,1.16685,1.16611,0.07,5.179999999999741,TAKE_PROFIT,54652749056
2026-01-13T12:42:26.426290+00:00,EURUSD,Direction.SHORT,1.16685,1.16611,0.07,5.179999999999741,TAKE_PROFIT,54652749081
2026-01-13T12:42:26.583608+00:00,EURUSD,Direction.SHORT,1.16685,1.16611,0.07,5.179999999999741,TAKE_PROFIT,54652749111
2026-01-13T12:42:43.180152+00:00,EURUSD,Direction.SHORT,1.16687,1.1661,0.07,5.390000000001117,TAKE_PROFIT,54652745739
2026-01-13T12:42:43.342044+00:00,EURUSD,Direction.SHORT,1.16685,1.1661,0.07,5.2500000000002,TAKE_PROFIT,54652749056
2026-01-13T12:42:43.504897+00:00,EURUSD,Direction.SHORT,1.16685,1.1661,0.07,5.2500000000002,TAKE_PROFIT,54652749081
2026-01-13T12:42:43.659529+00:00,EURUSD,Direction.SHORT,1.16685,1.1661,0.07,5.2500000000002,TAKE_PROFIT,54652749111
2026-01-13T12:42:43.823240+00:00,EURUSD,Direction.SHORT,1.16685,1.1661,0.07,5.2500000000002,TAKE_PROFIT,54652749160
2026-01-13T12:42:43.978084+00:00,EURUSD,Direction.SHORT,1.16684,1.1661,0.07,5.180000000001296,TAKE_PROFIT,54652749188
2026-01-13T12:42:44.135242+00:00,EURUSD,Direction.SHORT,1.16684,1.1661,0.07,5.180000000001296,TAKE_PROFIT,54652749222
2026-01-13T12:42:59.510502+00:00,EURUSD,Direction.SHORT,1.16687,1.166,0.07,6.09000000000104,TAKE_PROFIT,54652745739
2026-01-13T12:42:59.665354+00:00,EURUSD,Direction.SHORT,1.16685,1.166,0.07,5.950000000000122,TAKE_PROFIT,54652749056
2026-01-13T12:42:59.825209+00:00,EURUSD,Direction.SHORT,1.16685,1.166,0.07,5.950000000000122,TAKE_PROFIT,54652749081
2026-01-13T12:42:59.982191+00:00,EURUSD,Direction.SHORT,1.16685,1.166,0.07,5.950000000000122,TAKE_PROFIT,54652749111
2026-01-13T12:43:00.138005+00:00,EURUSD,Direction.SHORT,1.16685,1.166,0.07,5.950000000000122,TAKE_PROFIT,54652749160
2026-01-13T12:43:00.295191+00:00,EURUSD,Direction.SHORT,1.16684,1.166,0.07,5.8800000000012185,TAKE_PROFIT,54652749188
2026-01-13T12:43:00.452950+00:00,EURUSD,Direction.SHORT,1.16684,1.166,0.07,5.8800000000012185,TAKE_PROFIT,54652749222
2026-01-13T12:43:15.600288+00:00,EURUSD,Direction.SHORT,1.16687,1.16602,0.07,5.950000000000122,TAKE_PROFIT,54652745739
2026-01-13T12:43:15.759458+00:00,EURUSD,Direction.SHORT,1.16685,1.16602,0.07,5.809999999999206,TAKE_PROFIT,54652749056
2026-01-13T12:43:15.921525+00:00,EURUSD,Direction.SHORT,1.16685,1.16602,0.07,5.809999999999206,TAKE_PROFIT,54652749081
2026-01-13T12:43:16.077258+00:00,EURUSD,Direction.SHORT,1.16685,1.16602,0.07,5.809999999999206,TAKE_PROFIT,54652749111
2026-01-13T12:43:16.241571+00:00,EURUSD,Direction.SHORT,1.16685,1.16602,0.07,5.809999999999206,TAKE_PROFIT,54652749160
2026-01-13T12:43:16.398847+00:00,EURUSD,Direction.SHORT,1.16684,1.16602,0.07,5.7400000000003,TAKE_PROFIT,54652749188
2026-01-13T12:43:16.560534+00:00,EURUSD,Direction.SHORT,1.16684,1.16602,0.07,5.7400000000003,TAKE_PROFIT,54652749222
2026-01-13T12:43:31.693943+00:00,EURUSD,Direction.SHORT,1.16687,1.16601,0.07,6.02000000000058,TAKE_PROFIT,54652745739
2026-01-13T12:43:31.851584+00:00,EURUSD,Direction.SHORT,1.16685,1.16601,0.07,5.879999999999664,TAKE_PROFIT,54652749056
2026-01-13T12:43:32.011172+00:00,EURUSD,Direction.SHORT,1.16685,1.16601,0.07,5.879999999999664,TAKE_PROFIT,54652749081
2026-01-13T12:43:32.168486+00:00,EURUSD,Direction.SHORT,1.16685,1.16601,0.07,5.879999999999664,TAKE_PROFIT,54652749111
2026-01-13T12:43:32.326081+00:00,EURUSD,Direction.SHORT,1.16685,1.16601,0.07,5.879999999999664,TAKE_PROFIT,54652749160
2026-01-13T12:43:32.484118+00:00,EURUSD,Direction.SHORT,1.16684,1.16601,0.07,5.810000000000759,TAKE_PROFIT,54652749188
2026-01-13T12:43:32.641917+00:00,EURUSD,Direction.SHORT,1.16684,1.16601,0.07,5.810000000000759,TAKE_PROFIT,54652749222
2026-01-13T12:43:47.932155+00:00,EURUSD,Direction.SHORT,1.16687,1.16602,0.07,5.950000000000122,TAKE_PROFIT,54652745739
2026-01-13T12:43:48.087990+00:00,EURUSD,Direction.SHORT,1.16685,1.16602,0.07,5.809999999999206,TAKE_PROFIT,54652749056
2026-01-13T12:43:48.245235+00:00,EURUSD,Direction.SHORT,1.16685,1.16602,0.07,5.809999999999206,TAKE_PROFIT,54652749081
2026-01-13T12:43:48.403878+00:00,EURUSD,Direction.SHORT,1.16685,1.16602,0.07,5.809999999999206,TAKE_PROFIT,54652749111
2026-01-13T12:43:48.562434+00:00,EURUSD,Direction.SHORT,1.16685,1.16602,0.07,5.809999999999206,TAKE_PROFIT,54652749160
2026-01-13T12:43:48.719747+00:00,EURUSD,Direction.SHORT,1.16684,1.16602,0.07,5.7400000000003,TAKE_PROFIT,54652749188
2026-01-13T12:43:48.876139+00:00,EURUSD,Direction.SHORT,1.16684,1.16602,0.07,5.7400000000003,TAKE_PROFIT,54652749222
2026-01-13T12:44:04.055457+00:00,EURUSD,Direction.SHORT,1.16687,1.16602,0.07,5.950000000000122,TAKE_PROFIT,54652745739
2026-01-13T12:44:04.213909+00:00,EURUSD,Direction.SHORT,1.16685,1.16602,0.07,5.809999999999206,TAKE_PROFIT,54652749056
2026-01-13T12:44:04.370520+00:00,EURUSD,Direction.SHORT,1.16685,1.16602,0.07,5.809999999999206,TAKE_PROFIT,54652749081
2026-01-13T12:44:04.526988+00:00,EURUSD,Direction.SHORT,1.16685,1.16602,0.07,5.809999999999206,TAKE_PROFIT,54652749111
2026-01-13T12:44:04.694066+00:00,EURUSD,Direction.SHORT,1.16685,1.16602,0.07,5.809999999999206,TAKE_PROFIT,54652749160
2026-01-13T12:44:04.848827+00:00,EURUSD,Direction.SHORT,1.16684,1.16602,0.07,5.7400000000003,TAKE_PROFIT,54652749188
2026-01-13T12:44:05.007111+00:00,EURUSD,Direction.SHORT,1.16684,1.16602,0.07,5.7400000000003,TAKE_PROFIT,54652749222
2026-01-13T12:44:20.184136+00:00,EURUSD,Direction.SHORT,1.16687,1.1660300000000001,0.07,5.879999999999664,TAKE_PROFIT,54652745739
2026-01-13T12:44:20.344753+00:00,EURUSD,Direction.SHORT,1.16685,1.1660300000000001,0.07,5.739999999998746,TAKE_PROFIT,54652749056
2026-01-13T12:44:20.502989+00:00,EURUSD,Direction.SHORT,1.16685,1.1660300000000001,0.07,5.739999999998746,TAKE_PROFIT,54652749081
2026-01-13T12:44:20.661388+00:00,EURUSD,Direction.SHORT,1.16685,1.1660300000000001,0.07,5.739999999998746,TAKE_PROFIT,54652749111
2026-01-13T12:44:20.817631+00:00,EURUSD,Direction.SHORT,1.16685,1.1660300000000001,0.07,5.739999999998746,TAKE_PROFIT,54652749160
2026-01-13T12:44:20.972765+00:00,EURUSD,Direction.SHORT,1.16684,1.1660300000000001,0.07,5.669999999999843,TAKE_PROFIT,54652749188
2026-01-13T12:44:21.129577+00:00,EURUSD,Direction.SHORT,1.16684,1.1660300000000001,0.07,5.669999999999843,TAKE_PROFIT,54652749222
2026-01-13T12:44:36.240100+00:00,EURUSD,Direction.SHORT,1.16687,1.16601,0.07,6.02000000000058,TAKE_PROFIT,54652745739
2026-01-13T12:44:36.399984+00:00,EURUSD,Direction.SHORT,1.16685,1.16601,0.07,5.879999999999664,TAKE_PROFIT,54652749056
2026-01-13T12:44:36.555629+00:00,EURUSD,Direction.SHORT,1.16685,1.16601,0.07,5.879999999999664,TAKE_PROFIT,54652749081
2026-01-13T12:44:36.712121+00:00,EURUSD,Direction.SHORT,1.16685,1.16601,0.07,5.879999999999664,TAKE_PROFIT,54652749111
2026-01-13T12:44:36.873336+00:00,EURUSD,Direction.SHORT,1.16685,1.16601,0.07,5.879999999999664,TAKE_PROFIT,54652749160
2026-01-13T12:44:37.032265+00:00,EURUSD,Direction.SHORT,1.16684,1.16601,0.07,5.810000000000759,TAKE_PROFIT,54652749188
2026-01-13T12:44:37.188125+00:00,EURUSD,Direction.SHORT,1.16684,1.16601,0.07,5.810000000000759,TAKE_PROFIT,54652749222
2026-01-13T12:44:52.337221+00:00,EURUSD,Direction.SHORT,1.16687,1.1660300000000001,0.07,5.879999999999664,TAKE_PROFIT,54652745739
2026-01-13T12:44:52.494379+00:00,EURUSD,Direction.SHORT,1.16685,1.1660300000000001,0.07,5.739999999998746,TAKE_PROFIT,54652749056
2026-01-13T12:44:52.655953+00:00,EURUSD,Direction.SHORT,1.16685,1.1660300000000001,0.07,5.739999999998746,TAKE_PROFIT,54652749081
2026-01-13T12:44:52.815601+00:00,EURUSD,Direction.SHORT,1.16685,1.1660300000000001,0.07,5.739999999998746,TAKE_PROFIT,54652749111
2026-01-13T12:44:52.975627+00:00,EURUSD,Direction.SHORT,1.16685,1.1660300000000001,0.07,5.739999999998746,TAKE_PROFIT,54652749160
2026-01-13T12:44:53.133460+00:00,EURUSD,Direction.SHORT,1.16684,1.1660300000000001,0.07,5.669999999999843,TAKE_PROFIT,54652749188
2026-01-13T12:44:53.289837+00:00,EURUSD,Direction.SHORT,1.16684,1.1660300000000001,0.07,5.669999999999843,TAKE_PROFIT,54652749222
2026-01-13T13:30:24.793250+00:00,EURUSD,Direction.LONG,1.16601,1.16722,0.07,8.469999999999533,TAKE_PROFIT,54655500483
2026-01-13T13:30:24.959576+00:00,EURUSD,Direction.LONG,1.16601,1.16722,0.07,8.469999999999533,TAKE_PROFIT,54655500522
2026-01-13T13:30:25.121810+00:00,EURUSD,Direction.LONG,1.16601,1.16722,0.07,8.469999999999533,TAKE_PROFIT,54655500566
2026-01-13T13:30:25.288068+00:00,EURUSD,Direction.LONG,1.16601,1.16722,0.07,8.469999999999533,TAKE_PROFIT,54655500605
2026-01-13T13:30:25.457033+00:00,EURUSD,Direction.LONG,1.16601,1.16722,0.07,8.469999999999533,TAKE_PROFIT,54655500667
2026-01-13T13:30:25.627719+00:00,EURUSD,Direction.LONG,1.16601,1.16722,0.07,8.469999999999533,TAKE_PROFIT,54655500723
2026-01-13T13:30:25.789884+00:00,EURUSD,Direction.LONG,1.16601,1.16722,0.07,8.469999999999533,TAKE_PROFIT,54655508210
2026-01-13T13:30:25.953207+00:00,EURUSD,Direction.LONG,1.16601,1.16722,0.07,8.469999999999533,TAKE_PROFIT,54655508257
2026-01-13T13:30:26.120249+00:00,EURUSD,Direction.LONG,1.16601,1.16722,0.07,8.469999999999533,TAKE_PROFIT,54655508282
2026-01-13T13:30:26.290412+00:00,EURUSD,Direction.LONG,1.16601,1.16722,0.07,8.469999999999533,TAKE_PROFIT,54655508319
2026-01-13T13:30:26.449451+00:00,EURUSD,Direction.LONG,1.16601,1.16722,0.07,8.469999999999533,TAKE_PROFIT,54655508344
2026-01-13T13:30:26.626054+00:00,EURUSD,Direction.LONG,1.16601,1.16722,0.07,8.469999999999533,TAKE_PROFIT,54655508363
2026-01-13T13:30:26.870479+00:00,EURUSD,Direction.LONG,1.16601,1.16722,0.07,8.469999999999533,TAKE_PROFIT,54655508373
2026-01-13T13:30:27.028980+00:00,EURUSD,Direction.LONG,1.1660300000000001,1.16722,0.07,8.329999999998616,TAKE_PROFIT,54655512292
2026-01-13T13:30:27.203537+00:00,EURUSD,Direction.LONG,1.1660300000000001,1.16722,0.07,8.329999999998616,TAKE_PROFIT,54655512330
2026-01-13T13:30:27.371169+00:00,EURUSD,Direction.LONG,1.1660300000000001,1.16722,0.07,8.329999999998616,TAKE_PROFIT,54655512376
2026-01-13T13:30:27.538595+00:00,EURUSD,Direction.LONG,1.1660300000000001,1.16722,0.07,8.329999999998616,TAKE_PROFIT,54655512394
2026-01-13T13:30:27.707465+00:00,EURUSD,Direction.LONG,1.1660300000000001,1.16722,0.07,8.329999999998616,TAKE_PROFIT,54655512423
2026-01-13T13:30:27.871430+00:00,EURUSD,Direction.LONG,1.1660300000000001,1.16722,0.07,8.329999999998616,TAKE_PROFIT,54655512472
2026-01-13T13:30:28.043398+00:00,EURUSD,Direction.LONG,1.1660300000000001,1.16722,0.07,8.329999999998616,TAKE_PROFIT,54655512547
2026-01-13T13:31:10.749838+00:00,EURUSD,Direction.SHORT,1.16765,1.16692,0.07,5.110000000000836,TAKE_PROFIT,54656589708
2026-01-13T13:31:10.912476+00:00,EURUSD,Direction.SHORT,1.1677,1.16692,0.07,5.460000000000021,TAKE_PROFIT,54656590114
2026-01-13T13:31:11.071485+00:00,EURUSD,Direction.SHORT,1.16773,1.16692,0.07,5.669999999999843,TAKE_PROFIT,54656590921
2026-01-13T13:31:11.233296+00:00,EURUSD,Direction.SHORT,1.1677,1.16692,0.07,5.460000000000021,TAKE_PROFIT,54656591253
2026-01-13T13:31:11.388574+00:00,EURUSD,Direction.SHORT,1.16765,1.16692,0.07,5.110000000000836,TAKE_PROFIT,54656591639
2026-01-13T13:31:11.560409+00:00,EURUSD,Direction.SHORT,1.16769,1.16692,0.07,5.389999999999563,TAKE_PROFIT,54656591916
2026-01-13T13:31:11.722350+00:00,EURUSD,Direction.SHORT,1.16773,1.16692,0.07,5.669999999999843,TAKE_PROFIT,54656592088
2026-01-13T13:31:11.882805+00:00,EURUSD,Direction.SHORT,1.16769,1.16692,0.07,5.389999999999563,TAKE_PROFIT,54656592388
2026-01-13T13:31:12.055663+00:00,EURUSD,Direction.SHORT,1.16765,1.16692,0.07,5.110000000000836,TAKE_PROFIT,54656592794
2026-01-13T13:31:29.826469+00:00,EURUSD,Direction.SHORT,1.16749,1.16675,0.07,5.179999999999741,TAKE_PROFIT,54656585850
2026-01-13T13:31:29.991663+00:00,EURUSD,Direction.SHORT,1.1675,1.16675,0.07,5.2500000000002,TAKE_PROFIT,54656586324
2026-01-13T13:31:30.157640+00:00,EURUSD,Direction.SHORT,1.1675,1.16675,0.07,5.2500000000002,TAKE_PROFIT,54656586607
2026-01-13T13:31:30.333983+00:00,EURUSD,Direction.SHORT,1.16747,1.16675,0.07,5.040000000000378,TAKE_PROFIT,54656586972
2026-01-13T13:31:30.495490+00:00,EURUSD,Direction.SHORT,1.16748,1.16675,0.07,5.110000000000836,TAKE_PROFIT,54656587309
2026-01-13T13:31:30.649936+00:00,EURUSD,Direction.SHORT,1.16747,1.16675,0.07,5.040000000000378,TAKE_PROFIT,54656587813
2026-01-13T13:31:30.805713+00:00,EURUSD,Direction.SHORT,1.16753,1.16675,0.07,5.460000000000021,TAKE_PROFIT,54656588159
2026-01-13T13:31:30.960618+00:00,EURUSD,Direction.SHORT,1.16759,1.16675,0.07,5.879999999999664,TAKE_PROFIT,54656588731
2026-01-13T13:31:31.118980+00:00,EURUSD,Direction.SHORT,1.1676199999999999,1.16675,0.07,6.089999999999486,TAKE_PROFIT,54656589145
2026-01-13T13:31:31.277761+00:00,EURUSD,Direction.SHORT,1.16758,1.16675,0.07,5.810000000000759,TAKE_PROFIT,54656589399
2026-01-13T13:31:31.437006+00:00,EURUSD,Direction.SHORT,1.16765,1.16675,0.07,6.3000000000008605,TAKE_PROFIT,54656589708
2026-01-13T13:31:31.599994+00:00,EURUSD,Direction.SHORT,1.1677,1.16675,0.07,6.650000000000045,TAKE_PROFIT,54656590114
2026-01-13T13:31:31.780391+00:00,EURUSD,Direction.SHORT,1.16773,1.16675,0.07,6.859999999999867,TAKE_PROFIT,54656590921
2026-01-13T13:31:31.935121+00:00,EURUSD,Direction.SHORT,1.1677,1.16675,0.07,6.650000000000045,TAKE_PROFIT,54656591253
2026-01-13T13:31:32.106573+00:00,EURUSD,Direction.SHORT,1.16765,1.16675,0.07,6.3000000000008605,TAKE_PROFIT,54656591639
2026-01-13T13:31:32.263702+00:00,EURUSD,Direction.SHORT,1.16769,1.16675,0.07,6.579999999999587,TAKE_PROFIT,54656591916
2026-01-13T13:31:32.423785+00:00,EURUSD,Direction.SHORT,1.16773,1.16675,0.07,6.859999999999867,TAKE_PROFIT,54656592088
2026-01-13T13:31:32.586629+00:00,EURUSD,Direction.SHORT,1.16769,1.16675,0.07,6.579999999999587,TAKE_PROFIT,54656592388
2026-01-13T13:31:32.763402+00:00,EURUSD,Direction.SHORT,1.16765,1.16675,0.07,6.3000000000008605,TAKE_PROFIT,54656592794
2026-01-13T13:31:32.951016+00:00,EURUSD,Direction.SHORT,1.16756,1.16675,0.07,5.669999999999843,TAKE_PROFIT,54656593121
2026-01-13T13:33:01.156236+00:00,EURUSD,Direction.LONG,1.16676,1.16755,0.07,5.530000000000479,TAKE_PROFIT,54656669474
2026-01-13T13:33:01.316013+00:00,EURUSD,Direction.LONG,1.16673,1.16755,0.07,5.7400000000003,TAKE_PROFIT,54656669581
2026-01-13T13:33:01.510585+00:00,EURUSD,Direction.LONG,1.1667,1.16755,0.07,5.950000000000122,TAKE_PROFIT,54656669749
2026-01-13T13:33:01.667655+00:00,EURUSD,Direction.LONG,1.16665,1.16755,0.07,6.3000000000008605,TAKE_PROFIT,54656669878
2026-01-13T13:33:01.835189+00:00,EURUSD,Direction.LONG,1.16666,1.16755,0.07,6.230000000000402,TAKE_PROFIT,54656670088
2026-01-13T13:33:01.992966+00:00,EURUSD,Direction.LONG,1.16665,1.16755,0.07,6.3000000000008605,TAKE_PROFIT,54656670310
2026-01-13T13:33:02.169814+00:00,EURUSD,Direction.LONG,1.16665,1.16755,0.07,6.3000000000008605,TAKE_PROFIT,54656670506
2026-01-13T13:33:02.344421+00:00,EURUSD,Direction.LONG,1.16663,1.16755,0.07,6.440000000000224,TAKE_PROFIT,54656670650
2026-01-13T13:33:02.499865+00:00,EURUSD,Direction.LONG,1.16661,1.16755,0.07,6.580000000001141,TAKE_PROFIT,54656670792
2026-01-13T13:33:02.659025+00:00,EURUSD,Direction.LONG,1.16661,1.16755,0.07,6.580000000001141,TAKE_PROFIT,54656670908
2026-01-13T13:33:02.827289+00:00,EURUSD,Direction.LONG,1.16661,1.16755,0.07,6.580000000001141,TAKE_PROFIT,54656671067
2026-01-13T13:33:02.988355+00:00,EURUSD,Direction.LONG,1.16662,1.16755,0.07,6.510000000000683,TAKE_PROFIT,54656671191
2026-01-13T13:33:03.145303+00:00,EURUSD,Direction.LONG,1.16661,1.16755,0.07,6.580000000001141,TAKE_PROFIT,54656671389
2026-01-13T13:33:03.304210+00:00,EURUSD,Direction.LONG,1.16663,1.16755,0.07,6.440000000000224,TAKE_PROFIT,54656671591
2026-01-13T13:33:03.477680+00:00,EURUSD,Direction.LONG,1.1666400000000001,1.16755,0.07,6.369999999999766,TAKE_PROFIT,54656671776
2026-01-13T13:33:03.633431+00:00,EURUSD,Direction.LONG,1.16665,1.16755,0.07,6.3000000000008605,TAKE_PROFIT,54656671972
2026-01-13T13:33:03.791522+00:00,EURUSD,Direction.LONG,1.1666400000000001,1.16755,0.07,6.369999999999766,TAKE_PROFIT,54656672124
2026-01-13T13:33:03.949703+00:00,EURUSD,Direction.LONG,1.16663,1.16755,0.07,6.440000000000224,TAKE_PROFIT,54656672217
2026-01-13T13:33:04.106996+00:00,EURUSD,Direction.LONG,1.16667,1.16755,0.07,6.159999999999943,TAKE_PROFIT,54656672350
2026-01-13T13:33:04.271414+00:00,EURUSD,Direction.LONG,1.1667,1.16755,0.07,5.950000000000122,TAKE_PROFIT,54656672503
2026-01-13T13:34:00.973122+00:00,EURUSD,Direction.SHORT,1.1676,1.16688,0.07,5.040000000000378,TAKE_PROFIT,54656735911
2026-01-13T13:34:01.132295+00:00,EURUSD,Direction.SHORT,1.16761,1.16688,0.07,5.110000000000836,TAKE_PROFIT,54656736161
2026-01-13T13:34:01.292900+00:00,EURUSD,Direction.SHORT,1.16761,1.16688,0.07,5.110000000000836,TAKE_PROFIT,54656736306
2026-01-13T13:34:14.132444+00:00,EURUSD,Direction.SHORT,1.16755,1.16675,0.07,5.6000000000009384,TAKE_PROFIT,54656735772
2026-01-13T13:34:14.299559+00:00,EURUSD,Direction.SHORT,1.16755,1.16675,0.07,5.6000000000009384,TAKE_PROFIT,54656735864
2026-01-13T13:34:14.461090+00:00,EURUSD,Direction.SHORT,1.1676,1.16675,0.07,5.950000000000122,TAKE_PROFIT,54656735911
2026-01-13T13:34:14.617679+00:00,EURUSD,Direction.SHORT,1.16759,1.16675,0.07,5.879999999999664,TAKE_PROFIT,54656736035
2026-01-13T13:34:14.776423+00:00,EURUSD,Direction.SHORT,1.16761,1.16675,0.07,6.02000000000058,TAKE_PROFIT,54656736161
2026-01-13T13:34:14.932179+00:00,EURUSD,Direction.SHORT,1.16761,1.16675,0.07,6.02000000000058,TAKE_PROFIT,54656736306
2026-01-13T13:34:15.095164+00:00,EURUSD,Direction.SHORT,1.16759,1.16675,0.07,5.879999999999664,TAKE_PROFIT,54656736390
2026-01-13T13:34:15.249782+00:00,EURUSD,Direction.SHORT,1.16759,1.16675,0.07,5.879999999999664,TAKE_PROFIT,54656736529
2026-01-13T13:34:15.410658+00:00,EURUSD,Direction.SHORT,1.16759,1.16675,0.07,5.879999999999664,TAKE_PROFIT,54656736642
2026-01-13T13:34:15.583849+00:00,EURUSD,Direction.SHORT,1.16759,1.16675,0.07,5.879999999999664,TAKE_PROFIT,54656736715
2026-01-13T13:34:32.977376+00:00,EURUSD,Direction.SHORT,1.16759,1.1668,0.07,5.529999999998925,TAKE_PROFIT,54656736783
2026-01-13T13:34:33.160734+00:00,EURUSD,Direction.SHORT,1.16757,1.1668,0.07,5.389999999999563,TAKE_PROFIT,54656736885
2026-01-13T13:34:33.319075+00:00,EURUSD,Direction.SHORT,1.16758,1.1668,0.07,5.460000000000021,TAKE_PROFIT,54656736984
2026-01-13T13:34:33.476156+00:00,EURUSD,Direction.SHORT,1.16758,1.1668,0.07,5.460000000000021,TAKE_PROFIT,54656737105
2026-01-13T13:34:33.646198+00:00,EURUSD,Direction.SHORT,1.16759,1.1668,0.07,5.529999999998925,TAKE_PROFIT,54656737178
2026-01-13T13:34:33.818783+00:00,EURUSD,Direction.SHORT,1.16759,1.1668,0.07,5.529999999998925,TAKE_PROFIT,54656737298
2026-01-13T13:34:33.976393+00:00,EURUSD,Direction.SHORT,1.16759,1.1668,0.07,5.529999999998925,TAKE_PROFIT,54656737367
2026-01-13T13:34:34.135502+00:00,EURUSD,Direction.SHORT,1.16759,1.1668,0.07,5.529999999998925,TAKE_PROFIT,54656737455
2026-01-13T13:34:34.294610+00:00,EURUSD,Direction.SHORT,1.16759,1.1668,0.07,5.529999999998925,TAKE_PROFIT,54656737692
2026-01-13T13:34:34.455307+00:00,EURUSD,Direction.SHORT,1.16759,1.1668,0.07,5.529999999998925,TAKE_PROFIT,54656737774
2026-01-13T13:35:33.877676+00:00,EURUSD,Direction.SHORT,1.16759,1.16681,0.07,5.460000000000021,TAKE_PROFIT,54656736783
2026-01-13T13:35:34.034329+00:00,EURUSD,Direction.SHORT,1.16757,1.16681,0.07,5.3200000000006575,TAKE_PROFIT,54656736885
2026-01-13T13:35:34.192984+00:00,EURUSD,Direction.SHORT,1.16758,1.16681,0.07,5.390000000001117,TAKE_PROFIT,54656736984
2026-01-13T13:35:34.353246+00:00,EURUSD,Direction.SHORT,1.16758,1.16681,0.07,5.390000000001117,TAKE_PROFIT,54656737105
2026-01-13T13:35:34.544429+00:00,EURUSD,Direction.SHORT,1.16759,1.16681,0.07,5.460000000000021,TAKE_PROFIT,54656737178
2026-01-13T13:35:34.710085+00:00,EURUSD,Direction.SHORT,1.16759,1.16681,0.07,5.460000000000021,TAKE_PROFIT,54656737298
2026-01-13T13:35:34.870829+00:00,EURUSD,Direction.SHORT,1.16759,1.16681,0.07,5.460000000000021,TAKE_PROFIT,54656737367
2026-01-13T13:35:35.033146+00:00,EURUSD,Direction.SHORT,1.16759,1.16681,0.07,5.460000000000021,TAKE_PROFIT,54656737455
2026-01-13T13:35:35.190447+00:00,EURUSD,Direction.SHORT,1.16759,1.16681,0.07,5.460000000000021,TAKE_PROFIT,54656737692
2026-01-13T13:35:35.347661+00:00,EURUSD,Direction.SHORT,1.16759,1.16681,0.07,5.460000000000021,TAKE_PROFIT,54656737774
2026-01-13T22:01:10.394892+00:00,USDCHF,Direction.LONG,0.80085,0.80044,0.07,-2.869999999999373,TIME_EXIT,54662338170
2026-01-13T22:01:21.189066+00:00,USDCHF,Direction.LONG,0.80085,0.80044,0.07,-2.869999999999373,TIME_EXIT,54662338170
2026-01-13T22:01:32.099792+00:00,USDCHF,Direction.LONG,0.80085,0.80044,0.07,-2.869999999999373,TIME_EXIT,54662338170
2026-01-13T22:01:42.728750+00:00,USDCHF,Direction.LONG,0.80085,0.8005,0.07,-2.4499999999997306,TIME_EXIT,54662338170
2026-01-13T22:01:53.338904+00:00,USDCHF,Direction.LONG,0.80085,0.8004,0.07,-3.149999999999653,TIME_EXIT,54662338170
2026-01-13T22:02:04.130263+00:00,USDCHF,Direction.LONG,0.80085,0.8004,0.07,-3.149999999999653,TIME_EXIT,54662338170
2026-01-13T22:02:14.801129+00:00,USDCHF,Direction.LONG,0.80085,0.8004,0.07,-3.149999999999653,TIME_EXIT,54662338170
2026-01-13T22:02:25.420124+00:00,USDCHF,Direction.LONG,0.80085,0.80041,0.07,-3.0799999999999716,TIME_EXIT,54662338170
2026-01-13T22:02:36.108809+00:00,USDCHF,Direction.LONG,0.80085,0.80041,0.07,-3.0799999999999716,TIME_EXIT,54662338170
2026-01-13T22:02:46.736815+00:00,USDCHF,Direction.LONG,0.80085,0.80041,0.07,-3.0799999999999716,TIME_EXIT,54662338170
2026-01-13T22:02:57.402668+00:00,USDCHF,Direction.LONG,0.80085,0.80041,0.07,-3.0799999999999716,TIME_EXIT,54662338170
2026-01-13T22:03:08.100232+00:00,USDCHF,Direction.LONG,0.80085,0.80041,0.07,-3.0799999999999716,TIME_EXIT,54662338170
2026-01-13T22:03:18.801320+00:00,USDCHF,Direction.LONG,0.80085,0.80041,0.07,-3.0799999999999716,TIME_EXIT,54662338170
2026-01-13T22:03:30.580051+00:00,USDCHF,Direction.LONG,0.80085,0.80042,0.07,-3.0099999999995135,TIME_EXIT,54662338170
2026-01-13T22:03:41.310344+00:00,USDCHF,Direction.LONG,0.80085,0.80042,0.07,-3.0099999999995135,TIME_EXIT,54662338170
2026-01-13T22:03:52.084341+00:00,USDCHF,Direction.LONG,0.80085,0.80042,0.07,-3.0099999999995135,TIME_EXIT,54662338170
2026-01-13T22:04:02.870325+00:00,USDCHF,Direction.LONG,0.80085,0.80042,0.07,-3.0099999999995135,TIME_EXIT,54662338170
2026-01-13T22:04:35.377802+00:00,GBPUSD,Direction.SHORT,1.34306,1.34347,0.04,-1.6400000000000858,TIME_EXIT,54662426512
2026-01-13T22:58:02.865696+00:00,AUDUSD,Direction.LONG,0.66765,0.66865,0.01,1.0000000000000009,PARTIAL_PROFIT,54660768343
2026-01-14T02:01:09.632779+00:00,USDCHF,Direction.SHORT,0.80044,0.80165,0.07,-8.469999999999533,TIME_EXIT,54664849690
2026-01-14T02:01:20.869856+00:00,USDCHF,Direction.SHORT,0.80044,0.80164,0.07,-8.399999999999853,TIME_EXIT,54664849978
2026-01-14T02:01:32.066824+00:00,USDCHF,Direction.SHORT,0.80044,0.80166,0.07,-8.539999999999994,TIME_EXIT,54664850450
2026-01-14T02:01:43.600765+00:00,USDCHF,Direction.SHORT,0.8005,0.80165,0.07,-8.04999999999989,TIME_EXIT,54664850957
2026-01-14T02:01:54.917283+00:00,USDCHF,Direction.SHORT,0.8004,0.80164,0.07,-8.680000000000133,TIME_EXIT,54664851419
2026-01-14T02:02:06.589923+00:00,USDCHF,Direction.SHORT,0.8004,0.8016,0.07,-8.399999999999853,TIME_EXIT,54664851793
2026-01-14T02:02:17.777751+00:00,USDCHF,Direction.SHORT,0.8004,0.80161,0.07,-8.470000000000312,TIME_EXIT,54664852250
2026-01-14T02:02:29.033286+00:00,USDCHF,Direction.SHORT,0.80041,0.80163,0.07,-8.539999999999994,TIME_EXIT,54664852596
2026-01-14T02:02:40.198210+00:00,USDCHF,Direction.SHORT,0.80041,0.80164,0.07,-8.610000000000452,TIME_EXIT,54664852905
2026-01-14T02:02:52.368922+00:00,USDCHF,Direction.SHORT,0.80041,0.80165,0.07,-8.680000000000133,TIME_EXIT,54664853376
2026-01-14T02:02:52.531128+00:00,USDCHF,Direction.SHORT,0.80041,0.80165,0.07,-8.680000000000133,TIME_EXIT,54664853673
2026-01-14T02:03:04.399663+00:00,USDCHF,Direction.SHORT,0.80041,0.80165,0.07,-8.680000000000133,TIME_EXIT,54664853930
2026-01-14T02:03:15.667193+00:00,USDCHF,Direction.SHORT,0.80041,0.80161,0.07,-8.40000000000063,TIME_EXIT,54664854317
2026-01-14T02:03:26.945025+00:00,USDCHF,Direction.SHORT,0.80042,0.80162,0.07,-8.399999999999853,TIME_EXIT,54664854988
2026-01-14T02:03:38.176368+00:00,USDCHF,Direction.SHORT,0.80042,0.80164,0.07,-8.539999999999994,TIME_EXIT,54664855447
2026-01-14T02:03:49.532984+00:00,USDCHF,Direction.SHORT,0.80042,0.80161,0.07,-8.33000000000017,TIME_EXIT,54664855857
2026-01-14T02:04:00.750749+00:00,USDCHF,Direction.SHORT,0.80042,0.80161,0.07,-8.33000000000017,TIME_EXIT,54664856142
2026-01-14T02:04:32.797088+00:00,GBPUSD,Direction.LONG,1.34347,1.34253,0.04,-3.7599999999997635,TIME_EXIT,54664857040
2026-01-14T02:57:59.922929+00:00,AUDUSD,Direction.SHORT,0.66865,0.66929,0.01,-0.640000000000085,TIME_EXIT,54664891662
2026-01-14T06:01:13.176390+00:00,USDCHF,Direction.LONG,0.80165,0.80144,0.07,-1.4699999999995272,TIME_EXIT,54665946624
2026-01-14T06:01:24.431770+00:00,USDCHF,Direction.LONG,0.80164,0.8014,0.07,-1.6800000000001258,TIME_EXIT,54665947642
2026-01-14T06:01:35.606237+00:00,USDCHF,Direction.LONG,0.80166,0.80141,0.07,-1.7500000000005846,TIME_EXIT,54665949497
2026-01-14T06:01:46.764859+00:00,USDCHF,Direction.LONG,0.80165,0.80141,0.07,-1.6800000000001258,TIME_EXIT,54665950867
2026-01-14T06:01:57.959499+00:00,USDCHF,Direction.LONG,0.80164,0.80141,0.07,-1.6100000000004446,TIME_EXIT,54665952143
2026-01-14T06:02:19.485619+00:00,USDCHF,Direction.LONG,0.80161,0.8014,0.07,-1.4700000000003046,TIME_EXIT,54665954334
2026-01-14T06:02:51.285066+00:00,USDCHF,Direction.LONG,0.80165,0.80144,0.07,-1.4699999999995272,TIME_EXIT,54665958518
2026-01-14T06:02:51.448276+00:00,USDCHF,Direction.LONG,0.80165,0.80144,0.07,-1.4699999999995272,TIME_EXIT,54665958530
2026-01-14T06:03:03.858330+00:00,USDCHF,Direction.LONG,0.80164,0.80141,0.07,-1.6100000000004446,TIME_EXIT,54665956733
2026-01-14T06:03:04.014514+00:00,USDCHF,Direction.LONG,0.80165,0.80141,0.07,-1.6800000000001258,TIME_EXIT,54665958518
2026-01-14T06:03:04.175580+00:00,USDCHF,Direction.LONG,0.80165,0.80141,0.07,-1.6800000000001258,TIME_EXIT,54665958530
2026-01-14T06:03:04.332924+00:00,USDCHF,Direction.LONG,0.80165,0.80141,0.07,-1.6800000000001258,TIME_EXIT,54665960346
2026-01-14T06:03:17.532222+00:00,USDCHF,Direction.LONG,0.80161,0.80141,0.07,-1.400000000000623,TIME_EXIT,54665962944
2026-01-14T06:03:28.742352+00:00,USDCHF,Direction.LONG,0.80162,0.80135,0.07,-1.8899999999999473,TIME_EXIT,54665966304
2026-01-14T06:03:39.907583+00:00,USDCHF,Direction.LONG,0.80164,0.80135,0.07,-2.0300000000000877,TIME_EXIT,54665968248
2026-01-14T06:03:51.081893+00:00,USDCHF,Direction.LONG,0.80161,0.80134,0.07,-1.8899999999999473,TIME_EXIT,54665969542
2026-01-14T06:04:02.309733+00:00,USDCHF,Direction.LONG,0.80161,0.80134,0.07,-1.8899999999999473,TIME_EXIT,54665970965
2026-01-14T06:04:34.222932+00:00,GBPUSD,Direction.SHORT,1.34254,1.34372,0.04,-4.719999999999835,TIME_EXIT,54665974599
2026-01-14T06:09:03.876209+00:00,USDCHF,Direction.LONG,0.80075,0.80121,0.04,1.8400000000000638,TIME_EXIT,54663992333
2026-01-14T06:09:15.489940+00:00,USDCHF,Direction.LONG,0.80075,0.80122,0.04,1.8800000000003259,TIME_EXIT,54663992333
2026-01-14T06:09:26.645716+00:00,USDCHF,Direction.LONG,0.80075,0.80123,0.04,1.9200000000001438,TIME_EXIT,54663992333
2026-01-14T06:09:37.829842+00:00,USDCHF,Direction.LONG,0.80075,0.80123,0.04,1.9200000000001438,TIME_EXIT,54663992333
2026-01-14T06:09:49.276123+00:00,USDCHF,Direction.LONG,0.80075,0.80122,0.04,1.8800000000003259,TIME_EXIT,54663992333
2026-01-14T06:10:00.630715+00:00,USDCHF,Direction.LONG,0.80075,0.80121,0.04,1.8400000000000638,TIME_EXIT,54663992333
2026-01-14T06:10:11.807523+00:00,USDCHF,Direction.LONG,0.80075,0.80121,0.04,1.8400000000000638,TIME_EXIT,54663992333
2026-01-14T06:10:23.398549+00:00,USDCHF,Direction.LONG,0.80075,0.8012,0.04,1.800000000000246,TIME_EXIT,54663992333
2026-01-14T06:10:34.566244+00:00,USDCHF,Direction.LONG,0.80075,0.8012,0.04,1.800000000000246,TIME_EXIT,54663992333
2026-01-14T06:10:45.993250+00:00,USDCHF,Direction.LONG,0.80075,0.80119,0.04,1.7599999999999838,TIME_EXIT,54663992333
2026-01-14T06:10:57.475204+00:00,USDCHF,Direction.LONG,0.80075,0.80116,0.04,1.6400000000000858,TIME_EXIT,54663992333
2026-01-14T06:11:08.702615+00:00,USDCHF,Direction.LONG,0.80075,0.80116,0.04,1.6400000000000858,TIME_EXIT,54663992333
2026-01-14T06:11:20.627859+00:00,USDCHF,Direction.LONG,0.80075,0.80115,0.04,1.6000000000002679,TIME_EXIT,54663992333
2026-01-14T06:11:31.812600+00:00,USDCHF,Direction.LONG,0.80075,0.80115,0.04,1.6000000000002679,TIME_EXIT,54663992333
2026-01-14T06:11:43.028786+00:00,USDCHF,Direction.LONG,0.80075,0.80115,0.04,1.6000000000002679,TIME_EXIT,54663992333
2026-01-14T06:11:54.188413+00:00,USDCHF,Direction.LONG,0.80075,0.80115,0.04,1.6000000000002679,TIME_EXIT,54663992333
2026-01-14T06:12:05.369989+00:00,USDCHF,Direction.LONG,0.80075,0.80115,0.04,1.6000000000002679,TIME_EXIT,54663992333
2026-01-14T06:12:16.525015+00:00,USDCHF,Direction.LONG,0.80075,0.80115,0.04,1.6000000000002679,TIME_EXIT,54663992333
2026-01-14T06:12:27.716095+00:00,USDCHF,Direction.LONG,0.80075,0.80115,0.04,1.6000000000002679,TIME_EXIT,54663992333
2026-01-14T06:12:38.887649+00:00,USDCHF,Direction.LONG,0.80075,0.80116,0.04,1.6400000000000858,TIME_EXIT,54663992333
2026-01-14T06:12:50.131705+00:00,USDCHF,Direction.LONG,0.80075,0.80116,0.04,1.6400000000000858,TIME_EXIT,54663992333
2026-01-14T06:13:01.319733+00:00,USDCHF,Direction.LONG,0.80075,0.80116,0.04,1.6400000000000858,TIME_EXIT,54663992333
2026-01-14T06:13:12.503641+00:00,USDCHF,Direction.LONG,0.80075,0.80116,0.04,1.6400000000000858,TIME_EXIT,54663992333
2026-01-14T06:13:24.537986+00:00,USDCHF,Direction.LONG,0.80075,0.80115,0.04,1.6000000000002679,TIME_EXIT,54663992333
2026-01-14T06:13:35.716365+00:00,USDCHF,Direction.LONG,0.80075,0.80115,0.04,1.6000000000002679,TIME_EXIT,54663992333
2026-01-14T06:13:46.867602+00:00,USDCHF,Direction.LONG,0.80075,0.80115,0.04,1.6000000000002679,TIME_EXIT,54663992333
2026-01-14T06:13:58.052600+00:00,USDCHF,Direction.LONG,0.80075,0.80115,0.04,1.6000000000002679,TIME_EXIT,54663992333
2026-01-14T06:14:09.562028+00:00,USDCHF,Direction.LONG,0.80075,0.80114,0.04,1.5600000000000058,TIME_EXIT,54663992333
2026-01-14T06:14:21.129887+00:00,USDCHF,Direction.LONG,0.80075,0.8011,0.04,1.40000000000029,TIME_EXIT,54663992333
2026-01-14T06:14:32.349737+00:00,USDCHF,Direction.LONG,0.80075,0.8011,0.04,1.40000000000029,TIME_EXIT,54663992333
2026-01-14T06:14:43.516293+00:00,USDCHF,Direction.LONG,0.80075,0.80114,0.04,1.5600000000000058,TIME_EXIT,54663992333
2026-01-14T06:14:54.784944+00:00,USDCHF,Direction.LONG,0.80075,0.8011,0.04,1.40000000000029,TIME_EXIT,54663992333
2026-01-14T06:15:06.239878+00:00,USDCHF,Direction.LONG,0.80075,0.8011,0.04,1.40000000000029,TIME_EXIT,54663992333
2026-01-14T06:15:17.426361+00:00,USDCHF,Direction.LONG,0.80075,0.80114,0.04,1.5600000000000058,TIME_EXIT,54663992333
2026-01-14T06:15:28.750681+00:00,USDCHF,Direction.LONG,0.80075,0.80113,0.04,1.5200000000001879,TIME_EXIT,54663992333
2026-01-14T06:15:39.937590+00:00,USDCHF,Direction.LONG,0.80075,0.80114,0.04,1.5600000000000058,TIME_EXIT,54663992333
2026-01-14T06:15:51.213607+00:00,USDCHF,Direction.LONG,0.80075,0.80114,0.04,1.5600000000000058,TIME_EXIT,54663992333
2026-01-14T06:16:02.366611+00:00,USDCHF,Direction.LONG,0.80075,0.80114,0.04,1.5600000000000058,TIME_EXIT,54663992333
2026-01-14T06:16:13.521383+00:00,USDCHF,Direction.LONG,0.80075,0.80109,0.04,1.3600000000000279,TIME_EXIT,54663992333
2026-01-14T06:16:24.683890+00:00,USDCHF,Direction.LONG,0.80075,0.8011,0.04,1.40000000000029,TIME_EXIT,54663992333
2026-01-14T06:16:35.867732+00:00,USDCHF,Direction.LONG,0.80075,0.80114,0.04,1.5600000000000058,TIME_EXIT,54663992333
2026-01-14T06:16:47.089629+00:00,USDCHF,Direction.LONG,0.80075,0.80113,0.04,1.5200000000001879,TIME_EXIT,54663992333
2026-01-14T06:16:58.250682+00:00,USDCHF,Direction.LONG,0.80075,0.80113,0.04,1.5200000000001879,TIME_EXIT,54663992333
2026-01-14T06:17:09.480641+00:00,USDCHF,Direction.LONG,0.80075,0.80109,0.04,1.3600000000000279,TIME_EXIT,54663992333
2026-01-14T06:17:20.926234+00:00,USDCHF,Direction.LONG,0.80075,0.80105,0.04,1.200000000000312,TIME_EXIT,54663992333
2026-01-14T06:17:32.960093+00:00,USDCHF,Direction.LONG,0.80075,0.80105,0.04,1.200000000000312,TIME_EXIT,54663992333
2026-01-14T06:17:44.460751+00:00,USDCHF,Direction.LONG,0.80075,0.80103,0.04,1.120000000000232,TIME_EXIT,54663992333
2026-01-14T06:17:55.682011+00:00,USDCHF,Direction.LONG,0.80075,0.80104,0.04,1.1600000000000499,TIME_EXIT,54663992333
2026-01-14T06:18:07.083728+00:00,USDCHF,Direction.LONG,0.80075,0.80104,0.04,1.1600000000000499,TIME_EXIT,54663992333
2026-01-14T06:18:18.311077+00:00,USDCHF,Direction.LONG,0.80075,0.80104,0.04,1.1600000000000499,TIME_EXIT,54663992333
2026-01-14T06:18:29.813400+00:00,USDCHF,Direction.LONG,0.80075,0.80101,0.04,1.040000000000152,TIME_EXIT,54663992333
2026-01-14T06:18:41.049555+00:00,USDCHF,Direction.LONG,0.80075,0.80101,0.04,1.040000000000152,TIME_EXIT,54663992333
2026-01-14T06:18:52.553888+00:00,USDCHF,Direction.LONG,0.80075,0.80101,0.04,1.040000000000152,TIME_EXIT,54663992333
2026-01-14T06:19:04.308960+00:00,USDCHF,Direction.LONG,0.80075,0.80098,0.04,0.920000000000254,TIME_EXIT,54663992333
2026-01-14T06:19:16.469148+00:00,USDCHF,Direction.LONG,0.80075,0.80099,0.04,0.9600000000000719,TIME_EXIT,54663992333
2026-01-14T06:19:27.634521+00:00,USDCHF,Direction.LONG,0.80075,0.80098,0.04,0.920000000000254,TIME_EXIT,54663992333
2026-01-14T06:19:38.872300+00:00,USDCHF,Direction.LONG,0.80075,0.80099,0.04,0.9600000000000719,TIME_EXIT,54663992333
2026-01-14T06:19:50.061192+00:00,USDCHF,Direction.LONG,0.80075,0.80099,0.04,0.9600000000000719,TIME_EXIT,54663992333
2026-01-14T06:20:01.268042+00:00,USDCHF,Direction.LONG,0.80075,0.80098,0.04,0.920000000000254,TIME_EXIT,54663992333
2026-01-14T06:20:12.436582+00:00,USDCHF,Direction.LONG,0.80075,0.801,0.04,1.000000000000334,TIME_EXIT,54663992333
2026-01-14T06:20:23.619223+00:00,USDCHF,Direction.LONG,0.80075,0.801,0.04,1.000000000000334,TIME_EXIT,54663992333
2026-01-14T06:20:34.824501+00:00,USDCHF,Direction.LONG,0.80075,0.80104,0.04,1.1600000000000499,TIME_EXIT,54663992333
2026-01-14T06:20:46.048035+00:00,USDCHF,Direction.LONG,0.80075,0.80099,0.04,0.9600000000000719,TIME_EXIT,54663992333
2026-01-14T06:20:57.239537+00:00,USDCHF,Direction.LONG,0.80075,0.801,0.04,1.000000000000334,TIME_EXIT,54663992333
2026-01-14T06:21:08.402271+00:00,USDCHF,Direction.LONG,0.80075,0.80099,0.04,0.9600000000000719,TIME_EXIT,54663992333
2026-01-14T06:21:20.547313+00:00,USDCHF,Direction.LONG,0.80075,0.80099,0.04,0.9600000000000719,TIME_EXIT,54663992333
2026-01-14T06:21:31.717794+00:00,USDCHF,Direction.LONG,0.80075,0.801,0.04,1.000000000000334,TIME_EXIT,54663992333
2026-01-14T06:21:43.342110+00:00,USDCHF,Direction.LONG,0.80075,0.801,0.04,1.000000000000334,TIME_EXIT,54663992333
2026-01-14T06:21:54.511500+00:00,USDCHF,Direction.LONG,0.80075,0.80104,0.04,1.1600000000000499,TIME_EXIT,54663992333
2026-01-14T06:22:05.680647+00:00,USDCHF,Direction.LONG,0.80075,0.80106,0.04,1.2400000000001299,TIME_EXIT,54663992333
2026-01-14T06:22:16.873908+00:00,USDCHF,Direction.LONG,0.80075,0.80106,0.04,1.2400000000001299,TIME_EXIT,54663992333
2026-01-14T06:22:28.104443+00:00,USDCHF,Direction.LONG,0.80075,0.80106,0.04,1.2400000000001299,TIME_EXIT,54663992333
2026-01-14T06:22:39.287735+00:00,USDCHF,Direction.LONG,0.80075,0.80106,0.04,1.2400000000001299,TIME_EXIT,54663992333
2026-01-14T06:22:50.461370+00:00,USDCHF,Direction.LONG,0.80075,0.80106,0.04,1.2400000000001299,TIME_EXIT,54663992333
2026-01-14T06:23:01.719373+00:00,USDCHF,Direction.LONG,0.80075,0.80106,0.04,1.2400000000001299,TIME_EXIT,54663992333
2026-01-14T06:23:13.657338+00:00,USDCHF,Direction.LONG,0.80075,0.80105,0.04,1.200000000000312,TIME_EXIT,54663992333
2026-01-14T06:23:24.836572+00:00,USDCHF,Direction.LONG,0.80075,0.80104,0.04,1.1600000000000499,TIME_EXIT,54663992333
2026-01-14T06:23:36.066397+00:00,USDCHF,Direction.LONG,0.80075,0.80105,0.04,1.200000000000312,TIME_EXIT,54663992333
2026-01-14T06:23:47.222368+00:00,USDCHF,Direction.LONG,0.80075,0.80105,0.04,1.200000000000312,TIME_EXIT,54663992333
2026-01-14T06:23:58.398249+00:00,USDCHF,Direction.LONG,0.80075,0.80105,0.04,1.200000000000312,TIME_EXIT,54663992333
2026-01-14T06:24:09.559010+00:00,USDCHF,Direction.LONG,0.80075,0.80105,0.04,1.200000000000312,TIME_EXIT,54663992333
2026-01-14T06:24:20.728356+00:00,USDCHF,Direction.LONG,0.80075,0.80104,0.04,1.1600000000000499,TIME_EXIT,54663992333
2026-01-14T06:24:31.928618+00:00,USDCHF,Direction.LONG,0.80075,0.80104,0.04,1.1600000000000499,TIME_EXIT,54663992333
2026-01-14T06:24:43.120577+00:00,USDCHF,Direction.LONG,0.80075,0.80104,0.04,1.1600000000000499,TIME_EXIT,54663992333
2026-01-14T06:24:54.276055+00:00,USDCHF,Direction.LONG,0.80075,0.80101,0.04,1.040000000000152,TIME_EXIT,54663992333
2026-01-14T06:25:05.439939+00:00,USDCHF,Direction.LONG,0.80075,0.80101,0.04,1.040000000000152,TIME_EXIT,54663992333
2026-01-14T06:25:16.639952+00:00,USDCHF,Direction.LONG,0.80075,0.80102,0.04,1.0799999999999699,TIME_EXIT,54663992333
2026-01-14T06:25:28.881429+00:00,USDCHF,Direction.LONG,0.80075,0.80103,0.04,1.120000000000232,TIME_EXIT,54663992333
2026-01-14T06:25:40.045230+00:00,USDCHF,Direction.LONG,0.80075,0.80104,0.04,1.1600000000000499,TIME_EXIT,54663992333
2026-01-14T06:25:51.269103+00:00,USDCHF,Direction.LONG,0.80075,0.80103,0.04,1.120000000000232,TIME_EXIT,54663992333
2026-01-14T06:26:02.774802+00:00,USDCHF,Direction.LONG,0.80075,0.80104,0.04,1.1600000000000499,TIME_EXIT,54663992333
2026-01-14T06:26:14.053319+00:00,USDCHF,Direction.LONG,0.80075,0.80104,0.04,1.1600000000000499,TIME_EXIT,54663992333
2026-01-14T06:26:25.280837+00:00,USDCHF,Direction.LONG,0.80075,0.80106,0.04,1.2400000000001299,TIME_EXIT,54663992333
2026-01-14T06:26:36.458240+00:00,USDCHF,Direction.LONG,0.80075,0.80106,0.04,1.2400000000001299,TIME_EXIT,54663992333
2026-01-14T06:26:47.674724+00:00,USDCHF,Direction.LONG,0.80075,0.80105,0.04,1.200000000000312,TIME_EXIT,54663992333
2026-01-14T06:26:58.870539+00:00,USDCHF,Direction.LONG,0.80075,0.80104,0.04,1.1600000000000499,TIME_EXIT,54663992333
2026-01-14T06:27:10.082241+00:00,USDCHF,Direction.LONG,0.80075,0.80104,0.04,1.1600000000000499,TIME_EXIT,54663992333
2026-01-14T06:27:22.242288+00:00,USDCHF,Direction.LONG,0.80075,0.80103,0.04,1.120000000000232,TIME_EXIT,54663992333
2026-01-14T06:27:33.487879+00:00,USDCHF,Direction.LONG,0.80075,0.80103,0.04,1.120000000000232,TIME_EXIT,54663992333
2026-01-14T06:27:44.670789+00:00,USDCHF,Direction.LONG,0.80075,0.80103,0.04,1.120000000000232,TIME_EXIT,54663992333
2026-01-14T06:27:56.022467+00:00,USDCHF,Direction.LONG,0.80075,0.80104,0.04,1.1600000000000499,TIME_EXIT,54663992333
2026-01-14T06:28:07.230055+00:00,USDCHF,Direction.LONG,0.80075,0.80102,0.04,1.0799999999999699,TIME_EXIT,54663992333
2026-01-14T06:28:18.432964+00:00,USDCHF,Direction.LONG,0.80075,0.80103,0.04,1.120000000000232,TIME_EXIT,54663992333
2026-01-14T06:28:29.578407+00:00,USDCHF,Direction.LONG,0.80075,0.80102,0.04,1.0799999999999699,TIME_EXIT,54663992333
2026-01-14T06:28:40.782901+00:00,USDCHF,Direction.LONG,0.80075,0.80103,0.04,1.120000000000232,TIME_EXIT,54663992333
2026-01-14T06:28:51.954158+00:00,USDCHF,Direction.LONG,0.80075,0.80103,0.04,1.120000000000232,TIME_EXIT,54663992333
2026-01-14T06:29:03.114975+00:00,USDCHF,Direction.LONG,0.80075,0.80103,0.04,1.120000000000232,TIME_EXIT,54663992333
2026-01-14T06:29:14.348137+00:00,USDCHF,Direction.LONG,0.80075,0.80104,0.04,1.1600000000000499,TIME_EXIT,54663992333
2026-01-14T06:29:26.477337+00:00,USDCHF,Direction.LONG,0.80075,0.80106,0.04,1.2400000000001299,TIME_EXIT,54663992333
2026-01-14T06:29:37.677777+00:00,USDCHF,Direction.LONG,0.80075,0.80105,0.04,1.200000000000312,TIME_EXIT,54663992333
2026-01-14T06:29:48.861001+00:00,USDCHF,Direction.LONG,0.80075,0.80104,0.04,1.1600000000000499,TIME_EXIT,54663992333
2026-01-14T06:30:00.069112+00:00,USDCHF,Direction.LONG,0.80075,0.80103,0.04,1.120000000000232,TIME_EXIT,54663992333
2026-01-14T06:30:11.262408+00:00,USDCHF,Direction.LONG,0.80075,0.80103,0.04,1.120000000000232,TIME_EXIT,54663992333
2026-01-14T06:30:22.455485+00:00,USDCHF,Direction.LONG,0.80075,0.80105,0.04,1.200000000000312,TIME_EXIT,54663992333
2026-01-14T06:30:33.624362+00:00,USDCHF,Direction.LONG,0.80075,0.80104,0.04,1.1600000000000499,TIME_EXIT,54663992333
2026-01-14T06:30:44.803676+00:00,USDCHF,Direction.LONG,0.80075,0.80105,0.04,1.200000000000312,TIME_EXIT,54663992333
2026-01-14T06:30:55.991114+00:00,USDCHF,Direction.LONG,0.80075,0.80109,0.04,1.3600000000000279,TIME_EXIT,54663992333
2026-01-14T06:31:07.167630+00:00,USDCHF,Direction.LONG,0.80075,0.80105,0.04,1.200000000000312,TIME_EXIT,54663992333
2026-01-14T06:31:18.338566+00:00,USDCHF,Direction.LONG,0.80075,0.80106,0.04,1.2400000000001299,TIME_EXIT,54663992333
2026-01-14T06:31:29.535897+00:00,USDCHF,Direction.LONG,0.80075,0.80107,0.04,1.2799999999999478,TIME_EXIT,54663992333
2026-01-14T06:31:41.707939+00:00,USDCHF,Direction.LONG,0.80075,0.80105,0.04,1.200000000000312,TIME_EXIT,54663992333
2026-01-14T06:31:52.940687+00:00,USDCHF,Direction.LONG,0.80075,0.80105,0.04,1.200000000000312,TIME_EXIT,54663992333
2026-01-14T06:32:04.157763+00:00,USDCHF,Direction.LONG,0.80075,0.80105,0.04,1.200000000000312,TIME_EXIT,54663992333
2026-01-14T06:32:15.445440+00:00,USDCHF,Direction.LONG,0.80075,0.80099,0.04,0.9600000000000719,TIME_EXIT,54663992333
2026-01-14T06:32:26.658428+00:00,USDCHF,Direction.LONG,0.80075,0.80099,0.04,0.9600000000000719,TIME_EXIT,54663992333
2026-01-14T06:32:37.863036+00:00,USDCHF,Direction.LONG,0.80075,0.80099,0.04,0.9600000000000719,TIME_EXIT,54663992333
2026-01-14T06:32:49.128835+00:00,USDCHF,Direction.LONG,0.80075,0.801,0.04,1.000000000000334,TIME_EXIT,54663992333
2026-01-14T06:33:00.310724+00:00,USDCHF,Direction.LONG,0.80075,0.801,0.04,1.000000000000334,TIME_EXIT,54663992333
2026-01-14T06:33:11.602636+00:00,USDCHF,Direction.LONG,0.80075,0.80099,0.04,0.9600000000000719,TIME_EXIT,54663992333
2026-01-14T06:33:22.826274+00:00,USDCHF,Direction.LONG,0.80075,0.80102,0.04,1.0799999999999699,TIME_EXIT,54663992333
2026-01-14T06:33:34.758827+00:00,USDCHF,Direction.LONG,0.80075,0.801,0.04,1.000000000000334,TIME_EXIT,54663992333
2026-01-14T06:33:46.026860+00:00,USDCHF,Direction.LONG,0.80075,0.801,0.04,1.000000000000334,TIME_EXIT,54663992333
2026-01-14T06:33:57.230839+00:00,USDCHF,Direction.LONG,0.80075,0.80104,0.04,1.1600000000000499,TIME_EXIT,54663992333
2026-01-14T06:34:08.382332+00:00,USDCHF,Direction.LONG,0.80075,0.80104,0.04,1.1600000000000499,TIME_EXIT,54663992333
2026-01-14T06:34:19.545797+00:00,USDCHF,Direction.LONG,0.80075,0.80104,0.04,1.1600000000000499,TIME_EXIT,54663992333
2026-01-14T06:34:30.743018+00:00,USDCHF,Direction.LONG,0.80075,0.80104,0.04,1.1600000000000499,TIME_EXIT,54663992333
2026-01-14T06:34:41.938382+00:00,USDCHF,Direction.LONG,0.80075,0.80106,0.04,1.2400000000001299,TIME_EXIT,54663992333
2026-01-14T06:34:53.164249+00:00,USDCHF,Direction.LONG,0.80075,0.80106,0.04,1.2400000000001299,TIME_EXIT,54663992333
2026-01-14T06:35:04.339176+00:00,USDCHF,Direction.LONG,0.80075,0.80106,0.04,1.2400000000001299,TIME_EXIT,54663992333
2026-01-14T06:35:15.520555+00:00,USDCHF,Direction.LONG,0.80075,0.80106,0.04,1.2400000000001299,TIME_EXIT,54663992333
2026-01-14T06:35:26.722311+00:00,USDCHF,Direction.LONG,0.80075,0.80107,0.04,1.2799999999999478,TIME_EXIT,54663992333
2026-01-14T06:35:37.938868+00:00,USDCHF,Direction.LONG,0.80075,0.80106,0.04,1.2400000000001299,TIME_EXIT,54663992333
2026-01-14T06:35:50.136628+00:00,USDCHF,Direction.LONG,0.80075,0.80105,0.04,1.200000000000312,TIME_EXIT,54663992333
2026-01-14T06:36:01.384675+00:00,USDCHF,Direction.LONG,0.80075,0.80102,0.04,1.0799999999999699,TIME_EXIT,54663992333
2026-01-14T06:36:12.574701+00:00,USDCHF,Direction.LONG,0.80075,0.80101,0.04,1.040000000000152,TIME_EXIT,54663992333
2026-01-14T06:36:23.737464+00:00,USDCHF,Direction.LONG,0.80075,0.80101,0.04,1.040000000000152,TIME_EXIT,54663992333
2026-01-14T06:36:34.887574+00:00,USDCHF,Direction.LONG,0.80075,0.80104,0.04,1.1600000000000499,TIME_EXIT,54663992333
2026-01-14T06:36:46.049646+00:00,USDCHF,Direction.LONG,0.80075,0.80106,0.04,1.2400000000001299,TIME_EXIT,54663992333
2026-01-14T06:36:57.285075+00:00,USDCHF,Direction.LONG,0.80075,0.80106,0.04,1.2400000000001299,TIME_EXIT,54663992333
2026-01-14T06:37:08.543337+00:00,USDCHF,Direction.LONG,0.80075,0.80106,0.04,1.2400000000001299,TIME_EXIT,54663992333
2026-01-14T06:37:19.804602+00:00,USDCHF,Direction.LONG,0.80075,0.80106,0.04,1.2400000000001299,TIME_EXIT,54663992333
2026-01-14T06:37:30.974370+00:00,USDCHF,Direction.LONG,0.80075,0.80105,0.04,1.200000000000312,TIME_EXIT,54663992333
2026-01-14T06:37:43.195502+00:00,USDCHF,Direction.LONG,0.80075,0.80106,0.04,1.2400000000001299,TIME_EXIT,54663992333
2026-01-14T06:37:54.370642+00:00,USDCHF,Direction.LONG,0.80075,0.80104,0.04,1.1600000000000499,TIME_EXIT,54663992333
2026-01-14T06:38:05.554694+00:00,USDCHF,Direction.LONG,0.80075,0.80104,0.04,1.1600000000000499,TIME_EXIT,54663992333
2026-01-14T06:38:16.788305+00:00,USDCHF,Direction.LONG,0.80075,0.80105,0.04,1.200000000000312,TIME_EXIT,54663992333
2026-01-14T06:38:28.063757+00:00,USDCHF,Direction.LONG,0.80075,0.80105,0.04,1.200000000000312,TIME_EXIT,54663992333
2026-01-14T06:38:39.264355+00:00,USDCHF,Direction.LONG,0.80075,0.80106,0.04,1.2400000000001299,TIME_EXIT,54663992333
2026-01-14T06:38:50.427345+00:00,USDCHF,Direction.LONG,0.80075,0.80106,0.04,1.2400000000001299,TIME_EXIT,54663992333
2026-01-14T06:39:01.595339+00:00,USDCHF,Direction.LONG,0.80075,0.80106,0.04,1.2400000000001299,TIME_EXIT,54663992333
2026-01-14T06:39:12.762416+00:00,USDCHF,Direction.LONG,0.80075,0.80106,0.04,1.2400000000001299,TIME_EXIT,54663992333
2026-01-14T06:39:23.981822+00:00,USDCHF,Direction.LONG,0.80075,0.80106,0.04,1.2400000000001299,TIME_EXIT,54663992333
2026-01-14T06:39:35.206510+00:00,USDCHF,Direction.LONG,0.80075,0.80105,0.04,1.200000000000312,TIME_EXIT,54663992333
2026-01-14T06:39:46.381437+00:00,USDCHF,Direction.LONG,0.80075,0.80103,0.04,1.120000000000232,TIME_EXIT,54663992333
2026-01-14T06:39:58.518512+00:00,USDCHF,Direction.LONG,0.80075,0.80099,0.04,0.9600000000000719,TIME_EXIT,54663992333
2026-01-14T06:40:09.700559+00:00,USDCHF,Direction.LONG,0.80075,0.80099,0.04,0.9600000000000719,TIME_EXIT,54663992333
2026-01-14T06:40:20.916737+00:00,USDCHF,Direction.LONG,0.80075,0.80098,0.04,0.920000000000254,TIME_EXIT,54663992333
2026-01-14T06:40:32.439250+00:00,USDCHF,Direction.LONG,0.80075,0.80096,0.04,0.8400000000001739,TIME_EXIT,54663992333
2026-01-14T06:40:44.023424+00:00,USDCHF,Direction.LONG,0.80075,0.80095,0.04,0.8000000000003561,TIME_EXIT,54663992333
2026-01-14T06:40:55.240356+00:00,USDCHF,Direction.LONG,0.80075,0.80096,0.04,0.8400000000001739,TIME_EXIT,54663992333
2026-01-14T06:41:06.433115+00:00,USDCHF,Direction.LONG,0.80075,0.80101,0.04,1.040000000000152,TIME_EXIT,54663992333
2026-01-14T06:41:17.667789+00:00,USDCHF,Direction.LONG,0.80075,0.80105,0.04,1.200000000000312,TIME_EXIT,54663992333
2026-01-14T06:41:28.948055+00:00,USDCHF,Direction.LONG,0.80075,0.80104,0.04,1.1600000000000499,TIME_EXIT,54663992333
2026-01-14T06:41:40.173678+00:00,USDCHF,Direction.LONG,0.80075,0.80104,0.04,1.1600000000000499,TIME_EXIT,54663992333
2026-01-14T06:41:52.284191+00:00,USDCHF,Direction.LONG,0.80075,0.80102,0.04,1.0799999999999699,TIME_EXIT,54663992333
2026-01-14T06:42:03.465654+00:00,USDCHF,Direction.LONG,0.80075,0.80104,0.04,1.1600000000000499,TIME_EXIT,54663992333
2026-01-14T06:42:14.645659+00:00,USDCHF,Direction.LONG,0.80075,0.80104,0.04,1.1600000000000499,TIME_EXIT,54663992333
2026-01-14T06:42:25.826194+00:00,USDCHF,Direction.LONG,0.80075,0.80106,0.04,1.2400000000001299,TIME_EXIT,54663992333
2026-01-14T06:42:37.050588+00:00,USDCHF,Direction.LONG,0.80075,0.80106,0.04,1.2400000000001299,TIME_EXIT,54663992333
2026-01-14T06:42:48.221657+00:00,USDCHF,Direction.LONG,0.80075,0.80106,0.04,1.2400000000001299,TIME_EXIT,54663992333
2026-01-14T06:42:59.453376+00:00,USDCHF,Direction.LONG,0.80075,0.80106,0.04,1.2400000000001299,TIME_EXIT,54663992333
2026-01-14T06:43:10.632770+00:00,USDCHF,Direction.LONG,0.80075,0.80105,0.04,1.200000000000312,TIME_EXIT,54663992333
2026-01-14T06:43:21.830220+00:00,USDCHF,Direction.LONG,0.80075,0.80105,0.04,1.200000000000312,TIME_EXIT,54663992333
2026-01-14T06:43:33.091214+00:00,USDCHF,Direction.LONG,0.80075,0.80105,0.04,1.200000000000312,TIME_EXIT,54663992333
2026-01-14T06:43:44.283647+00:00,USDCHF,Direction.LONG,0.80075,0.80104,0.04,1.1600000000000499,TIME_EXIT,54663992333
2026-01-14T06:43:56.518603+00:00,USDCHF,Direction.LONG,0.80075,0.80102,0.04,1.0799999999999699,TIME_EXIT,54663992333
2026-01-14T06:44:07.687433+00:00,USDCHF,Direction.LONG,0.80075,0.80101,0.04,1.040000000000152,TIME_EXIT,54663992333
2026-01-14T06:44:18.849758+00:00,USDCHF,Direction.LONG,0.80075,0.801,0.04,1.000000000000334,TIME_EXIT,54663992333
2026-01-14T06:44:30.022239+00:00,USDCHF,Direction.LONG,0.80075,0.801,0.04,1.000000000000334,TIME_EXIT,54663992333
2026-01-14T06:44:41.182053+00:00,USDCHF,Direction.LONG,0.80075,0.801,0.04,1.000000000000334,TIME_EXIT,54663992333
2026-01-14T06:44:52.351941+00:00,USDCHF,Direction.LONG,0.80075,0.801,0.04,1.000000000000334,TIME_EXIT,54663992333
2026-01-14T06:45:03.524970+00:00,USDCHF,Direction.LONG,0.80075,0.80099,0.04,0.9600000000000719,TIME_EXIT,54663992333
2026-01-14T06:45:14.703719+00:00,USDCHF,Direction.LONG,0.80075,0.80099,0.04,0.9600000000000719,TIME_EXIT,54663992333
2026-01-14T06:45:25.858952+00:00,USDCHF,Direction.LONG,0.80075,0.80099,0.04,0.9600000000000719,TIME_EXIT,54663992333
2026-01-14T06:45:37.087560+00:00,USDCHF,Direction.LONG,0.80075,0.801,0.04,1.000000000000334,TIME_EXIT,54663992333
2026-01-14T06:45:48.263406+00:00,USDCHF,Direction.LONG,0.80075,0.80097,0.04,0.8799999999999919,TIME_EXIT,54663992333
2026-01-14T06:46:00.060772+00:00,USDCHF,Direction.LONG,0.80075,0.80099,0.04,0.9600000000000719,TIME_EXIT,54663992333
2026-01-14T06:46:11.261223+00:00,USDCHF,Direction.LONG,0.80075,0.80097,0.04,0.8799999999999919,TIME_EXIT,54663992333
2026-01-14T06:46:22.591334+00:00,USDCHF,Direction.LONG,0.80075,0.80097,0.04,0.8799999999999919,TIME_EXIT,54663992333
2026-01-14T06:46:33.741552+00:00,USDCHF,Direction.LONG,0.80075,0.80099,0.04,0.9600000000000719,TIME_EXIT,54663992333
2026-01-14T06:46:44.975526+00:00,USDCHF,Direction.LONG,0.80075,0.80099,0.04,0.9600000000000719,TIME_EXIT,54663992333
2026-01-14T06:46:56.167416+00:00,USDCHF,Direction.LONG,0.80075,0.80099,0.04,0.9600000000000719,TIME_EXIT,54663992333
2026-01-14T06:47:07.324944+00:00,USDCHF,Direction.LONG,0.80075,0.80097,0.04,0.8799999999999919,TIME_EXIT,54663992333
2026-01-14T06:47:18.649431+00:00,USDCHF,Direction.LONG,0.80075,0.80099,0.04,0.9600000000000719,TIME_EXIT,54663992333
2026-01-14T06:47:29.830101+00:00,USDCHF,Direction.LONG,0.80075,0.80098,0.04,0.920000000000254,TIME_EXIT,54663992333
2026-01-14T06:47:41.086773+00:00,USDCHF,Direction.LONG,0.80075,0.801,0.04,1.000000000000334,TIME_EXIT,54663992333
2026-01-14T06:47:52.254667+00:00,USDCHF,Direction.LONG,0.80075,0.80099,0.04,0.9600000000000719,TIME_EXIT,54663992333
2026-01-14T06:48:04.289224+00:00,USDCHF,Direction.LONG,0.80075,0.801,0.04,1.000000000000334,TIME_EXIT,54663992333
2026-01-14T06:48:15.457712+00:00,USDCHF,Direction.LONG,0.80075,0.80101,0.04,1.040000000000152,TIME_EXIT,54663992333
2026-01-14T06:48:26.630125+00:00,USDCHF,Direction.LONG,0.80075,0.801,0.04,1.000000000000334,TIME_EXIT,54663992333
2026-01-14T06:48:37.807416+00:00,USDCHF,Direction.LONG,0.80075,0.80103,0.04,1.120000000000232,TIME_EXIT,54663992333
2026-01-14T06:48:49.070749+00:00,USDCHF,Direction.LONG,0.80075,0.80106,0.04,1.2400000000001299,TIME_EXIT,54663992333
2026-01-14T06:49:00.324961+00:00,USDCHF,Direction.LONG,0.80075,0.80103,0.04,1.120000000000232,TIME_EXIT,54663992333
2026-01-14T06:49:11.519392+00:00,USDCHF,Direction.LONG,0.80075,0.80103,0.04,1.120000000000232,TIME_EXIT,54663992333
2026-01-14T06:49:22.747513+00:00,USDCHF,Direction.LONG,0.80075,0.801,0.04,1.000000000000334,TIME_EXIT,54663992333
2026-01-14T06:49:33.910066+00:00,USDCHF,Direction.LONG,0.80075,0.801,0.04,1.000000000000334,TIME_EXIT,54663992333
2026-01-14T06:49:45.126389+00:00,USDCHF,Direction.LONG,0.80075,0.801,0.04,1.000000000000334,TIME_EXIT,54663992333
2026-01-14T06:49:56.303410+00:00,USDCHF,Direction.LONG,0.80075,0.80101,0.04,1.040000000000152,TIME_EXIT,54663992333
2026-01-14T06:50:08.492245+00:00,USDCHF,Direction.LONG,0.80075,0.801,0.04,1.000000000000334,TIME_EXIT,54663992333
2026-01-14T06:50:19.689148+00:00,USDCHF,Direction.LONG,0.80075,0.801,0.04,1.000000000000334,TIME_EXIT,54663992333
2026-01-14T06:50:30.885189+00:00,USDCHF,Direction.LONG,0.80075,0.80096,0.04,0.8400000000001739,TIME_EXIT,54663992333
2026-01-14T06:50:42.093631+00:00,USDCHF,Direction.LONG,0.80075,0.80096,0.04,0.8400000000001739,TIME_EXIT,54663992333
2026-01-14T06:50:53.354729+00:00,USDCHF,Direction.LONG,0.80075,0.80096,0.04,0.8400000000001739,TIME_EXIT,54663992333
2026-01-14T06:51:05.085588+00:00,USDCHF,Direction.LONG,0.80075,0.80093,0.04,0.720000000000276,TIME_EXIT,54663992333
2026-01-14T06:51:16.867430+00:00,USDCHF,Direction.LONG,0.80075,0.80091,0.04,0.640000000000196,TIME_EXIT,54663992333
2026-01-14T06:51:28.485547+00:00,USDCHF,Direction.LONG,0.80075,0.8009,0.04,0.5999999999999339,TIME_EXIT,54663992333
2026-01-14T06:51:39.728652+00:00,USDCHF,Direction.LONG,0.80075,0.8009,0.04,0.5999999999999339,TIME_EXIT,54663992333
2026-01-14T06:51:50.996991+00:00,USDCHF,Direction.LONG,0.80075,0.80091,0.04,0.640000000000196,TIME_EXIT,54663992333
2026-01-14T06:52:02.165020+00:00,USDCHF,Direction.LONG,0.80075,0.80094,0.04,0.7600000000000939,TIME_EXIT,54663992333
2026-01-14T06:52:13.376080+00:00,USDCHF,Direction.LONG,0.80075,0.80094,0.04,0.7600000000000939,TIME_EXIT,54663992333
2026-01-14T06:52:24.594018+00:00,USDCHF,Direction.LONG,0.80075,0.80094,0.04,0.7600000000000939,TIME_EXIT,54663992333
2026-01-14T06:52:35.900668+00:00,USDCHF,Direction.LONG,0.80075,0.80091,0.04,0.640000000000196,TIME_EXIT,54663992333
2026-01-14T06:52:47.081965+00:00,USDCHF,Direction.LONG,0.80075,0.80099,0.04,0.9600000000000719,TIME_EXIT,54663992333
2026-01-14T06:52:58.251739+00:00,USDCHF,Direction.LONG,0.80075,0.80109,0.04,1.3600000000000279,TIME_EXIT,54663992333
2026-01-14T06:53:09.414710+00:00,USDCHF,Direction.LONG,0.80075,0.80101,0.04,1.040000000000152,TIME_EXIT,54663992333
2026-01-14T06:53:20.614596+00:00,USDCHF,Direction.LONG,0.80075,0.801,0.04,1.000000000000334,TIME_EXIT,54663992333
2026-01-14T06:53:31.790711+00:00,USDCHF,Direction.LONG,0.80075,0.801,0.04,1.000000000000334,TIME_EXIT,54663992333
2026-01-14T06:53:43.024889+00:00,USDCHF,Direction.LONG,0.80075,0.80099,0.04,0.9600000000000719,TIME_EXIT,54663992333
2026-01-14T06:53:54.203560+00:00,USDCHF,Direction.LONG,0.80075,0.80102,0.04,1.0799999999999699,TIME_EXIT,54663992333
2026-01-14T06:54:05.528136+00:00,USDCHF,Direction.LONG,0.80075,0.80093,0.04,0.720000000000276,TIME_EXIT,54663992333
2026-01-14T06:54:17.589636+00:00,USDCHF,Direction.LONG,0.80075,0.80089,0.04,0.560000000000116,TIME_EXIT,54663992333
2026-01-14T06:54:29.157348+00:00,USDCHF,Direction.LONG,0.80075,0.80087,0.04,0.48000000000003595,TIME_EXIT,54663992333
2026-01-14T06:54:40.719691+00:00,USDCHF,Direction.LONG,0.80075,0.80084,0.04,0.360000000000138,TIME_EXIT,54663992333
2026-01-14T06:54:51.922856+00:00,USDCHF,Direction.LONG,0.80075,0.80084,0.04,0.360000000000138,TIME_EXIT,54663992333
2026-01-14T06:55:03.202261+00:00,USDCHF,Direction.LONG,0.80075,0.80085,0.04,0.39999999999995595,TIME_EXIT,54663992333
2026-01-14T06:55:14.344359+00:00,USDCHF,Direction.LONG,0.80075,0.80084,0.04,0.360000000000138,TIME_EXIT,54663992333
2026-01-14T06:55:26.088839+00:00,USDCHF,Direction.LONG,0.80075,0.8008,0.04,0.19999999999997797,TIME_EXIT,54663992333
2026-01-14T06:55:37.318836+00:00,USDCHF,Direction.LONG,0.80075,0.80081,0.04,0.24000000000024005,TIME_EXIT,54663992333
2026-01-14T06:55:48.450538+00:00,USDCHF,Direction.LONG,0.80075,0.8008,0.04,0.19999999999997797,TIME_EXIT,54663992333
2026-01-14T06:55:59.608411+00:00,USDCHF,Direction.LONG,0.80075,0.8008,0.04,0.19999999999997797,TIME_EXIT,54663992333
2026-01-14T06:56:10.789988+00:00,USDCHF,Direction.LONG,0.80075,0.8008,0.04,0.19999999999997797,TIME_EXIT,54663992333
2026-01-14T06:56:21.958382+00:00,USDCHF,Direction.LONG,0.80075,0.80088,0.04,0.520000000000298,TIME_EXIT,54663992333
2026-01-14T06:56:33.237365+00:00,USDCHF,Direction.LONG,0.80075,0.80084,0.04,0.360000000000138,TIME_EXIT,54663992333
2026-01-14T06:56:44.461630+00:00,USDCHF,Direction.LONG,0.80075,0.80085,0.04,0.39999999999995595,TIME_EXIT,54663992333
2026-01-14T06:56:55.639734+00:00,USDCHF,Direction.LONG,0.80075,0.80084,0.04,0.360000000000138,TIME_EXIT,54663992333
2026-01-14T06:57:06.812986+00:00,USDCHF,Direction.LONG,0.80075,0.80084,0.04,0.360000000000138,TIME_EXIT,54663992333
2026-01-14T06:57:17.982886+00:00,USDCHF,Direction.LONG,0.80075,0.80084,0.04,0.360000000000138,TIME_EXIT,54663992333
2026-01-14T06:57:29.137945+00:00,USDCHF,Direction.LONG,0.80075,0.80083,0.04,0.32000000000032003,TIME_EXIT,54663992333
2026-01-14T06:57:40.288243+00:00,USDCHF,Direction.LONG,0.80075,0.80079,0.04,0.16000000000016001,TIME_EXIT,54663992333
2026-01-14T06:57:51.864355+00:00,USDCHF,Direction.LONG,0.80075,0.80076,0.04,0.04000000000026205,TIME_EXIT,54663992333
2026-01-14T06:57:52.026281+00:00,USDCHF,Direction.SHORT,0.80144,0.80086,0.07,4.0600000000001755,TAKE_PROFIT,54668112512
2026-01-14T06:57:52.186602+00:00,USDCHF,Direction.SHORT,0.80144,0.80086,0.07,4.0600000000001755,TAKE_PROFIT,54668141552
2026-01-14T06:57:52.344207+00:00,USDCHF,Direction.SHORT,0.80144,0.80086,0.07,4.0600000000001755,TAKE_PROFIT,54668141580
2026-01-14T06:58:05.570400+00:00,USDCHF,Direction.LONG,0.80075,0.80076,0.04,0.04000000000026205,TIME_EXIT,54663992333
2026-01-14T06:58:17.308551+00:00,USDCHF,Direction.SHORT,0.80144,0.80084,0.07,4.200000000000315,TAKE_PROFIT,54668112512
2026-01-14T06:58:17.464056+00:00,USDCHF,Direction.SHORT,0.80144,0.80084,0.07,4.200000000000315,TAKE_PROFIT,54668141552
2026-01-14T06:58:17.619119+00:00,USDCHF,Direction.SHORT,0.80144,0.80084,0.07,4.200000000000315,TAKE_PROFIT,54668141580
2026-01-14T06:58:40.495380+00:00,USDCHF,Direction.SHORT,0.80144,0.80085,0.07,4.130000000000634,TAKE_PROFIT,54668112512
2026-01-14T06:58:40.688297+00:00,USDCHF,Direction.SHORT,0.80144,0.80085,0.07,4.130000000000634,TAKE_PROFIT,54668141552
2026-01-14T06:58:40.845832+00:00,USDCHF,Direction.SHORT,0.80144,0.80085,0.07,4.130000000000634,TAKE_PROFIT,54668141580
2026-01-14T06:58:53.523042+00:00,USDCHF,Direction.SHORT,0.80144,0.80085,0.07,4.130000000000634,TAKE_PROFIT,54668112512
2026-01-14T06:58:53.681431+00:00,USDCHF,Direction.SHORT,0.80144,0.80085,0.07,4.130000000000634,TAKE_PROFIT,54668141552
2026-01-14T06:58:53.845345+00:00,USDCHF,Direction.SHORT,0.80144,0.80085,0.07,4.130000000000634,TAKE_PROFIT,54668141580
2026-01-14T06:59:06.369847+00:00,USDCHF,Direction.SHORT,0.80144,0.80086,0.07,4.0600000000001755,TAKE_PROFIT,54668112512
2026-01-14T06:59:06.535162+00:00,USDCHF,Direction.SHORT,0.80144,0.80086,0.07,4.0600000000001755,TAKE_PROFIT,54668141552
2026-01-14T06:59:06.693604+00:00,USDCHF,Direction.SHORT,0.80144,0.80086,0.07,4.0600000000001755,TAKE_PROFIT,54668141580
2026-01-14T06:59:19.290579+00:00,USDCHF,Direction.SHORT,0.80144,0.80086,0.07,4.0600000000001755,TAKE_PROFIT,54668112512
2026-01-14T06:59:19.464530+00:00,USDCHF,Direction.SHORT,0.80144,0.80086,0.07,4.0600000000001755,TAKE_PROFIT,54668141552
2026-01-14T06:59:19.641661+00:00,USDCHF,Direction.SHORT,0.80144,0.80086,0.07,4.0600000000001755,TAKE_PROFIT,54668141580
2026-01-14T06:59:32.113590+00:00,USDCHF,Direction.SHORT,0.80144,0.80086,0.07,4.0600000000001755,TAKE_PROFIT,54668112512
2026-01-14T06:59:32.273155+00:00,USDCHF,Direction.SHORT,0.80144,0.80086,0.07,4.0600000000001755,TAKE_PROFIT,54668141552
2026-01-14T06:59:32.431710+00:00,USDCHF,Direction.SHORT,0.80144,0.80086,0.07,4.0600000000001755,TAKE_PROFIT,54668141580
2026-01-14T06:59:44.936897+00:00,USDCHF,Direction.SHORT,0.80144,0.80086,0.07,4.0600000000001755,TAKE_PROFIT,54668112512
2026-01-14T06:59:45.095852+00:00,USDCHF,Direction.SHORT,0.80144,0.80086,0.07,4.0600000000001755,TAKE_PROFIT,54668141552
2026-01-14T06:59:45.251758+00:00,USDCHF,Direction.SHORT,0.80144,0.80086,0.07,4.0600000000001755,TAKE_PROFIT,54668141580
2026-01-14T06:59:58.321623+00:00,USDCHF,Direction.SHORT,0.80144,0.80086,0.07,4.0600000000001755,TAKE_PROFIT,54668112512
2026-01-14T06:59:58.481075+00:00,USDCHF,Direction.SHORT,0.80144,0.80086,0.07,4.0600000000001755,TAKE_PROFIT,54668141552
2026-01-14T06:59:58.636711+00:00,USDCHF,Direction.SHORT,0.80144,0.80086,0.07,4.0600000000001755,TAKE_PROFIT,54668141580
2026-01-14T07:00:11.569202+00:00,USDCHF,Direction.SHORT,0.80144,0.80077,0.07,4.690000000000416,TAKE_PROFIT,54668112512
2026-01-14T07:00:11.726645+00:00,USDCHF,Direction.SHORT,0.8014,0.80077,0.07,4.410000000000136,TAKE_PROFIT,54668116379
2026-01-14T07:00:11.885501+00:00,USDCHF,Direction.SHORT,0.80141,0.80077,0.07,4.479999999999818,TAKE_PROFIT,54668119016
2026-01-14T07:00:12.042882+00:00,USDCHF,Direction.SHORT,0.80141,0.80077,0.07,4.479999999999818,TAKE_PROFIT,54668121466
2026-01-14T07:00:12.199097+00:00,USDCHF,Direction.SHORT,0.80141,0.80077,0.07,4.479999999999818,TAKE_PROFIT,54668124260
2026-01-14T07:00:12.358484+00:00,USDCHF,Direction.SHORT,0.8014,0.80077,0.07,4.410000000000136,TAKE_PROFIT,54668131830
2026-01-14T07:00:12.531470+00:00,USDCHF,Direction.SHORT,0.80144,0.80077,0.07,4.690000000000416,TAKE_PROFIT,54668141552
2026-01-14T07:00:12.688739+00:00,USDCHF,Direction.SHORT,0.80144,0.80077,0.07,4.690000000000416,TAKE_PROFIT,54668141580
2026-01-14T07:00:12.845756+00:00,USDCHF,Direction.SHORT,0.80141,0.80077,0.07,4.479999999999818,TAKE_PROFIT,54668144199
2026-01-14T07:00:13.005022+00:00,USDCHF,Direction.SHORT,0.80141,0.80077,0.07,4.479999999999818,TAKE_PROFIT,54668144212
2026-01-14T07:00:13.161075+00:00,USDCHF,Direction.SHORT,0.80141,0.80077,0.07,4.479999999999818,TAKE_PROFIT,54668144228
2026-01-14T07:00:13.319714+00:00,USDCHF,Direction.SHORT,0.80141,0.80077,0.07,4.479999999999818,TAKE_PROFIT,54668144256
2026-01-14T07:00:13.480781+00:00,USDCHF,Direction.SHORT,0.80141,0.80077,0.07,4.479999999999818,TAKE_PROFIT,54668147742
2026-01-14T07:00:13.655426+00:00,USDCHF,Direction.SHORT,0.80135,0.80077,0.07,4.0600000000001755,TAKE_PROFIT,54668151202
2026-01-14T07:00:13.830762+00:00,USDCHF,Direction.SHORT,0.80135,0.80077,0.07,4.0600000000001755,TAKE_PROFIT,54668153910
2026-01-14T07:00:35.150802+00:00,USDCHF,Direction.SHORT,0.80144,0.8008,0.07,4.480000000000595,TAKE_PROFIT,54668112512
2026-01-14T07:00:35.314502+00:00,USDCHF,Direction.SHORT,0.8014,0.8008,0.07,4.200000000000315,TAKE_PROFIT,54668116379
2026-01-14T07:00:35.473374+00:00,USDCHF,Direction.SHORT,0.80141,0.8008,0.07,4.269999999999997,TAKE_PROFIT,54668119016
2026-01-14T07:00:35.631671+00:00,USDCHF,Direction.SHORT,0.80141,0.8008,0.07,4.269999999999997,TAKE_PROFIT,54668121466
2026-01-14T07:00:35.788210+00:00,USDCHF,Direction.SHORT,0.80141,0.8008,0.07,4.269999999999997,TAKE_PROFIT,54668124260
2026-01-14T07:00:35.947485+00:00,USDCHF,Direction.SHORT,0.8014,0.8008,0.07,4.200000000000315,TAKE_PROFIT,54668131830
2026-01-14T07:00:36.117502+00:00,USDCHF,Direction.SHORT,0.80144,0.8008,0.07,4.480000000000595,TAKE_PROFIT,54668141552
2026-01-14T07:00:36.278826+00:00,USDCHF,Direction.SHORT,0.80144,0.8008,0.07,4.480000000000595,TAKE_PROFIT,54668141580
2026-01-14T07:00:36.436788+00:00,USDCHF,Direction.SHORT,0.80141,0.8008,0.07,4.269999999999997,TAKE_PROFIT,54668144199
2026-01-14T07:00:36.593495+00:00,USDCHF,Direction.SHORT,0.80141,0.8008,0.07,4.269999999999997,TAKE_PROFIT,54668144212
2026-01-14T07:00:36.749303+00:00,USDCHF,Direction.SHORT,0.80141,0.8008,0.07,4.269999999999997,TAKE_PROFIT,54668144228
2026-01-14T07:00:36.907826+00:00,USDCHF,Direction.SHORT,0.80141,0.8008,0.07,4.269999999999997,TAKE_PROFIT,54668144256
2026-01-14T07:00:37.069423+00:00,USDCHF,Direction.SHORT,0.80141,0.8008,0.07,4.269999999999997,TAKE_PROFIT,54668147742
2026-01-14T07:03:21.067607+00:00,USDCHF,Direction.SHORT,0.80144,0.80085,0.07,4.130000000000634,TAKE_PROFIT,54668112512
2026-01-14T07:03:21.226110+00:00,USDCHF,Direction.SHORT,0.80144,0.80085,0.07,4.130000000000634,TAKE_PROFIT,54668141552
2026-01-14T07:03:21.384953+00:00,USDCHF,Direction.SHORT,0.80144,0.80085,0.07,4.130000000000634,TAKE_PROFIT,54668141580
2026-01-14T07:03:33.941562+00:00,USDCHF,Direction.SHORT,0.80144,0.80081,0.07,4.410000000000136,TAKE_PROFIT,54668112512
2026-01-14T07:03:34.100087+00:00,USDCHF,Direction.SHORT,0.8014,0.80081,0.07,4.129999999999856,TAKE_PROFIT,54668116379
2026-01-14T07:03:34.261755+00:00,USDCHF,Direction.SHORT,0.80141,0.80081,0.07,4.199999999999537,TAKE_PROFIT,54668119016
2026-01-14T07:03:34.417895+00:00,USDCHF,Direction.SHORT,0.80141,0.80081,0.07,4.199999999999537,TAKE_PROFIT,54668121466
2026-01-14T07:03:34.574667+00:00,USDCHF,Direction.SHORT,0.80141,0.80081,0.07,4.199999999999537,TAKE_PROFIT,54668124260
2026-01-14T07:03:34.732963+00:00,USDCHF,Direction.SHORT,0.8014,0.80081,0.07,4.129999999999856,TAKE_PROFIT,54668131830
2026-01-14T07:03:34.893218+00:00,USDCHF,Direction.SHORT,0.80144,0.80081,0.07,4.410000000000136,TAKE_PROFIT,54668141552
2026-01-14T07:03:35.050538+00:00,USDCHF,Direction.SHORT,0.80144,0.80081,0.07,4.410000000000136,TAKE_PROFIT,54668141580
2026-01-14T07:03:35.208234+00:00,USDCHF,Direction.SHORT,0.80141,0.80081,0.07,4.199999999999537,TAKE_PROFIT,54668144199
2026-01-14T07:03:35.364923+00:00,USDCHF,Direction.SHORT,0.80141,0.80081,0.07,4.199999999999537,TAKE_PROFIT,54668144212
2026-01-14T07:03:35.522369+00:00,USDCHF,Direction.SHORT,0.80141,0.80081,0.07,4.199999999999537,TAKE_PROFIT,54668144228
2026-01-14T07:03:35.694093+00:00,USDCHF,Direction.SHORT,0.80141,0.80081,0.07,4.199999999999537,TAKE_PROFIT,54668144256
2026-01-14T07:03:35.859797+00:00,USDCHF,Direction.SHORT,0.80141,0.80081,0.07,4.199999999999537,TAKE_PROFIT,54668147742
2026-01-14T07:03:56.048629+00:00,USDCHF,Direction.SHORT,0.80144,0.8008,0.07,4.480000000000595,TAKE_PROFIT,54668112512
2026-01-14T07:03:56.207646+00:00,USDCHF,Direction.SHORT,0.8014,0.8008,0.07,4.200000000000315,TAKE_PROFIT,54668116379
2026-01-14T07:03:56.366485+00:00,USDCHF,Direction.SHORT,0.80141,0.8008,0.07,4.269999999999997,TAKE_PROFIT,54668119016
2026-01-14T07:03:56.525833+00:00,USDCHF,Direction.SHORT,0.80141,0.8008,0.07,4.269999999999997,TAKE_PROFIT,54668121466
2026-01-14T07:03:56.683122+00:00,USDCHF,Direction.SHORT,0.80141,0.8008,0.07,4.269999999999997,TAKE_PROFIT,54668124260
2026-01-14T07:03:56.840029+00:00,USDCHF,Direction.SHORT,0.8014,0.8008,0.07,4.200000000000315,TAKE_PROFIT,54668131830
2026-01-14T07:03:56.997032+00:00,USDCHF,Direction.SHORT,0.80144,0.8008,0.07,4.480000000000595,TAKE_PROFIT,54668141552
2026-01-14T07:03:57.153373+00:00,USDCHF,Direction.SHORT,0.80144,0.8008,0.07,4.480000000000595,TAKE_PROFIT,54668141580
2026-01-14T07:03:57.310360+00:00,USDCHF,Direction.SHORT,0.80141,0.8008,0.07,4.269999999999997,TAKE_PROFIT,54668144199
2026-01-14T07:03:57.466794+00:00,USDCHF,Direction.SHORT,0.80141,0.8008,0.07,4.269999999999997,TAKE_PROFIT,54668144212
2026-01-14T07:03:57.629978+00:00,USDCHF,Direction.SHORT,0.80141,0.8008,0.07,4.269999999999997,TAKE_PROFIT,54668144228
2026-01-14T07:03:57.785132+00:00,USDCHF,Direction.SHORT,0.80141,0.8008,0.07,4.269999999999997,TAKE_PROFIT,54668144256
2026-01-14T07:03:57.942112+00:00,USDCHF,Direction.SHORT,0.80141,0.8008,0.07,4.269999999999997,TAKE_PROFIT,54668147742
2026-01-14T07:04:17.526149+00:00,USDCHF,Direction.SHORT,0.80144,0.80071,0.07,5.110000000000059,TAKE_PROFIT,54668112512
2026-01-14T07:04:17.683577+00:00,USDCHF,Direction.SHORT,0.8014,0.80071,0.07,4.829999999999779,TAKE_PROFIT,54668116379
2026-01-14T07:04:17.844542+00:00,USDCHF,Direction.SHORT,0.80141,0.80071,0.07,4.899999999999461,TAKE_PROFIT,54668119016
2026-01-14T07:04:18.005668+00:00,USDCHF,Direction.SHORT,0.80141,0.80071,0.07,4.899999999999461,TAKE_PROFIT,54668121466
2026-01-14T07:04:18.162148+00:00,USDCHF,Direction.SHORT,0.80141,0.80071,0.07,4.899999999999461,TAKE_PROFIT,54668124260
2026-01-14T07:04:18.322316+00:00,USDCHF,Direction.SHORT,0.8014,0.80071,0.07,4.829999999999779,TAKE_PROFIT,54668131830
2026-01-14T07:04:18.478669+00:00,USDCHF,Direction.SHORT,0.80144,0.80071,0.07,5.110000000000059,TAKE_PROFIT,54668141552
2026-01-14T07:04:18.638692+00:00,USDCHF,Direction.SHORT,0.80144,0.80071,0.07,5.110000000000059,TAKE_PROFIT,54668141580
2026-01-14T07:04:18.794151+00:00,USDCHF,Direction.SHORT,0.80141,0.80071,0.07,4.899999999999461,TAKE_PROFIT,54668144199
2026-01-14T07:04:18.953665+00:00,USDCHF,Direction.SHORT,0.80141,0.80071,0.07,4.899999999999461,TAKE_PROFIT,54668144212
2026-01-14T07:04:19.108940+00:00,USDCHF,Direction.SHORT,0.80141,0.80071,0.07,4.899999999999461,TAKE_PROFIT,54668144228
2026-01-14T07:04:19.266497+00:00,USDCHF,Direction.SHORT,0.80141,0.80071,0.07,4.899999999999461,TAKE_PROFIT,54668144256
2026-01-14T07:04:19.428055+00:00,USDCHF,Direction.SHORT,0.80141,0.80071,0.07,4.899999999999461,TAKE_PROFIT,54668147742
2026-01-14T07:04:19.585102+00:00,USDCHF,Direction.SHORT,0.80135,0.80071,0.07,4.479999999999818,TAKE_PROFIT,54668151202
2026-01-14T07:04:19.744143+00:00,USDCHF,Direction.SHORT,0.80135,0.80071,0.07,4.479999999999818,TAKE_PROFIT,54668153910
2026-01-14T07:04:19.899794+00:00,USDCHF,Direction.SHORT,0.80134,0.80071,0.07,4.410000000000136,TAKE_PROFIT,54668156604
2026-01-14T07:04:20.055790+00:00,USDCHF,Direction.SHORT,0.80133,0.80071,0.07,4.339999999999678,TAKE_PROFIT,54668160437
2026-01-14T07:04:42.447463+00:00,USDCHF,Direction.SHORT,0.80144,0.80072,0.07,5.040000000000378,TAKE_PROFIT,54668112512
2026-01-14T07:04:42.606610+00:00,USDCHF,Direction.SHORT,0.8014,0.80072,0.07,4.760000000000098,TAKE_PROFIT,54668116379
2026-01-14T07:04:42.771234+00:00,USDCHF,Direction.SHORT,0.80141,0.80072,0.07,4.829999999999779,TAKE_PROFIT,54668119016
2026-01-14T07:04:42.931935+00:00,USDCHF,Direction.SHORT,0.80141,0.80072,0.07,4.829999999999779,TAKE_PROFIT,54668121466
2026-01-14T07:04:43.091516+00:00,USDCHF,Direction.SHORT,0.80141,0.80072,0.07,4.829999999999779,TAKE_PROFIT,54668124260
2026-01-14T07:04:43.245187+00:00,USDCHF,Direction.SHORT,0.8014,0.80072,0.07,4.760000000000098,TAKE_PROFIT,54668131830
2026-01-14T07:04:43.414110+00:00,USDCHF,Direction.SHORT,0.80144,0.80072,0.07,5.040000000000378,TAKE_PROFIT,54668141552
2026-01-14T07:04:43.572856+00:00,USDCHF,Direction.SHORT,0.80144,0.80072,0.07,5.040000000000378,TAKE_PROFIT,54668141580
2026-01-14T07:04:43.731826+00:00,USDCHF,Direction.SHORT,0.80141,0.80072,0.07,4.829999999999779,TAKE_PROFIT,54668144199
2026-01-14T07:04:43.888548+00:00,USDCHF,Direction.SHORT,0.80141,0.80072,0.07,4.829999999999779,TAKE_PROFIT,54668144212
2026-01-14T07:04:44.051873+00:00,USDCHF,Direction.SHORT,0.80141,0.80072,0.07,4.829999999999779,TAKE_PROFIT,54668144228
2026-01-14T07:04:44.209545+00:00,USDCHF,Direction.SHORT,0.80141,0.80072,0.07,4.829999999999779,TAKE_PROFIT,54668144256
2026-01-14T07:04:44.366667+00:00,USDCHF,Direction.SHORT,0.80141,0.80072,0.07,4.829999999999779,TAKE_PROFIT,54668147742
2026-01-14T07:04:44.523957+00:00,USDCHF,Direction.SHORT,0.80135,0.80072,0.07,4.410000000000136,TAKE_PROFIT,54668151202
2026-01-14T07:04:44.687218+00:00,USDCHF,Direction.SHORT,0.80135,0.80072,0.07,4.410000000000136,TAKE_PROFIT,54668153910
2026-01-14T07:04:44.848209+00:00,USDCHF,Direction.SHORT,0.80134,0.80072,0.07,4.3400000000004555,TAKE_PROFIT,54668156604
2026-01-14T07:04:45.004704+00:00,USDCHF,Direction.SHORT,0.80133,0.80072,0.07,4.269999999999997,TAKE_PROFIT,54668160437
2026-01-14T07:05:06.890154+00:00,USDCHF,Direction.SHORT,0.80144,0.80074,0.07,4.9000000000002375,TAKE_PROFIT,54668112512
2026-01-14T07:05:07.045505+00:00,USDCHF,Direction.SHORT,0.8014,0.80074,0.07,4.6199999999999575,TAKE_PROFIT,54668116379
2026-01-14T07:05:07.218413+00:00,USDCHF,Direction.SHORT,0.80141,0.80074,0.07,4.68999999999964,TAKE_PROFIT,54668119016
2026-01-14T07:05:07.374970+00:00,USDCHF,Direction.SHORT,0.80141,0.80074,0.07,4.68999999999964,TAKE_PROFIT,54668121466
2026-01-14T07:05:07.531538+00:00,USDCHF,Direction.SHORT,0.80141,0.80074,0.07,4.68999999999964,TAKE_PROFIT,54668124260
2026-01-14T07:05:07.692247+00:00,USDCHF,Direction.SHORT,0.8014,0.80074,0.07,4.6199999999999575,TAKE_PROFIT,54668131830
2026-01-14T07:05:07.849359+00:00,USDCHF,Direction.SHORT,0.80144,0.80074,0.07,4.9000000000002375,TAKE_PROFIT,54668141552
2026-01-14T07:05:08.017732+00:00,USDCHF,Direction.SHORT,0.80144,0.80074,0.07,4.9000000000002375,TAKE_PROFIT,54668141580
2026-01-14T07:05:08.176135+00:00,USDCHF,Direction.SHORT,0.80141,0.80074,0.07,4.68999999999964,TAKE_PROFIT,54668144199
2026-01-14T07:05:08.335740+00:00,USDCHF,Direction.SHORT,0.80141,0.80074,0.07,4.68999999999964,TAKE_PROFIT,54668144212
2026-01-14T07:05:08.500661+00:00,USDCHF,Direction.SHORT,0.80141,0.80074,0.07,4.68999999999964,TAKE_PROFIT,54668144228
2026-01-14T07:05:08.658458+00:00,USDCHF,Direction.SHORT,0.80141,0.80074,0.07,4.68999999999964,TAKE_PROFIT,54668144256
2026-01-14T07:05:08.828463+00:00,USDCHF,Direction.SHORT,0.80141,0.80074,0.07,4.68999999999964,TAKE_PROFIT,54668147742
2026-01-14T07:05:08.994080+00:00,USDCHF,Direction.SHORT,0.80135,0.80074,0.07,4.269999999999997,TAKE_PROFIT,54668151202
2026-01-14T07:05:09.155489+00:00,USDCHF,Direction.SHORT,0.80135,0.80074,0.07,4.269999999999997,TAKE_PROFIT,54668153910
2026-01-14T07:05:09.322835+00:00,USDCHF,Direction.SHORT,0.80134,0.80074,0.07,4.200000000000315,TAKE_PROFIT,54668156604
2026-01-14T07:05:09.480508+00:00,USDCHF,Direction.SHORT,0.80133,0.80074,0.07,4.129999999999856,TAKE_PROFIT,54668160437
2026-01-14T07:05:32.349061+00:00,USDCHF,Direction.SHORT,0.80144,0.80072,0.07,5.040000000000378,TAKE_PROFIT,54668112512
2026-01-14T07:05:32.508047+00:00,USDCHF,Direction.SHORT,0.8014,0.80072,0.07,4.760000000000098,TAKE_PROFIT,54668116379
2026-01-14T07:05:32.669854+00:00,USDCHF,Direction.SHORT,0.80141,0.80072,0.07,4.829999999999779,TAKE_PROFIT,54668119016
2026-01-14T07:05:32.831801+00:00,USDCHF,Direction.SHORT,0.80141,0.80072,0.07,4.829999999999779,TAKE_PROFIT,54668121466
2026-01-14T07:05:32.995978+00:00,USDCHF,Direction.SHORT,0.80141,0.80072,0.07,4.829999999999779,TAKE_PROFIT,54668124260
2026-01-14T07:05:33.160516+00:00,USDCHF,Direction.SHORT,0.8014,0.80072,0.07,4.760000000000098,TAKE_PROFIT,54668131830
2026-01-14T07:05:33.316377+00:00,USDCHF,Direction.SHORT,0.80144,0.80072,0.07,5.040000000000378,TAKE_PROFIT,54668141552
2026-01-14T07:05:33.471390+00:00,USDCHF,Direction.SHORT,0.80144,0.80072,0.07,5.040000000000378,TAKE_PROFIT,54668141580
2026-01-14T07:05:33.630686+00:00,USDCHF,Direction.SHORT,0.80141,0.80072,0.07,4.829999999999779,TAKE_PROFIT,54668144199
2026-01-14T07:05:33.786861+00:00,USDCHF,Direction.SHORT,0.80141,0.80072,0.07,4.829999999999779,TAKE_PROFIT,54668144212
2026-01-14T07:05:33.941033+00:00,USDCHF,Direction.SHORT,0.80141,0.80072,0.07,4.829999999999779,TAKE_PROFIT,54668144228
2026-01-14T07:05:34.099215+00:00,USDCHF,Direction.SHORT,0.80141,0.80072,0.07,4.829999999999779,TAKE_PROFIT,54668144256
2026-01-14T07:05:34.262570+00:00,USDCHF,Direction.SHORT,0.80141,0.80072,0.07,4.829999999999779,TAKE_PROFIT,54668147742
2026-01-14T07:05:34.427213+00:00,USDCHF,Direction.SHORT,0.80135,0.80072,0.07,4.410000000000136,TAKE_PROFIT,54668151202
2026-01-14T07:05:34.585058+00:00,USDCHF,Direction.SHORT,0.80135,0.80072,0.07,4.410000000000136,TAKE_PROFIT,54668153910
2026-01-14T07:05:34.741040+00:00,USDCHF,Direction.SHORT,0.80134,0.80072,0.07,4.3400000000004555,TAKE_PROFIT,54668156604
2026-01-14T07:05:34.897546+00:00,USDCHF,Direction.SHORT,0.80133,0.80072,0.07,4.269999999999997,TAKE_PROFIT,54668160437
2026-01-14T07:05:56.745170+00:00,USDCHF,Direction.SHORT,0.80144,0.80079,0.07,4.550000000000277,TAKE_PROFIT,54668112512
2026-01-14T07:05:56.905421+00:00,USDCHF,Direction.SHORT,0.8014,0.80079,0.07,4.269999999999997,TAKE_PROFIT,54668116379
2026-01-14T07:05:57.071331+00:00,USDCHF,Direction.SHORT,0.80141,0.80079,0.07,4.339999999999678,TAKE_PROFIT,54668119016
2026-01-14T07:05:57.239699+00:00,USDCHF,Direction.SHORT,0.80141,0.80079,0.07,4.339999999999678,TAKE_PROFIT,54668121466
2026-01-14T07:05:57.401665+00:00,USDCHF,Direction.SHORT,0.80141,0.80079,0.07,4.339999999999678,TAKE_PROFIT,54668124260
2026-01-14T07:05:57.565863+00:00,USDCHF,Direction.SHORT,0.8014,0.80079,0.07,4.269999999999997,TAKE_PROFIT,54668131830
2026-01-14T07:05:57.733382+00:00,USDCHF,Direction.SHORT,0.80144,0.80079,0.07,4.550000000000277,TAKE_PROFIT,54668141552
2026-01-14T07:05:57.888354+00:00,USDCHF,Direction.SHORT,0.80144,0.80079,0.07,4.550000000000277,TAKE_PROFIT,54668141580
2026-01-14T07:05:58.045906+00:00,USDCHF,Direction.SHORT,0.80141,0.80079,0.07,4.339999999999678,TAKE_PROFIT,54668144199
2026-01-14T07:05:58.202728+00:00,USDCHF,Direction.SHORT,0.80141,0.80079,0.07,4.339999999999678,TAKE_PROFIT,54668144212
2026-01-14T07:05:58.431494+00:00,USDCHF,Direction.SHORT,0.80141,0.80079,0.07,4.339999999999678,TAKE_PROFIT,54668144228
2026-01-14T07:05:58.595562+00:00,USDCHF,Direction.SHORT,0.80141,0.80079,0.07,4.339999999999678,TAKE_PROFIT,54668144256
2026-01-14T07:05:58.761011+00:00,USDCHF,Direction.SHORT,0.80141,0.80079,0.07,4.339999999999678,TAKE_PROFIT,54668147742
2026-01-14T07:06:18.686275+00:00,USDCHF,Direction.SHORT,0.80144,0.80079,0.07,4.550000000000277,TAKE_PROFIT,54668112512
2026-01-14T07:06:18.853109+00:00,USDCHF,Direction.SHORT,0.8014,0.80079,0.07,4.269999999999997,TAKE_PROFIT,54668116379
2026-01-14T07:06:19.011143+00:00,USDCHF,Direction.SHORT,0.80141,0.80079,0.07,4.339999999999678,TAKE_PROFIT,54668119016
2026-01-14T07:06:19.167819+00:00,USDCHF,Direction.SHORT,0.80141,0.80079,0.07,4.339999999999678,TAKE_PROFIT,54668121466
2026-01-14T07:06:19.325019+00:00,USDCHF,Direction.SHORT,0.80141,0.80079,0.07,4.339999999999678,TAKE_PROFIT,54668124260
2026-01-14T07:06:19.483386+00:00,USDCHF,Direction.SHORT,0.8014,0.80079,0.07,4.269999999999997,TAKE_PROFIT,54668131830
2026-01-14T07:06:19.638044+00:00,USDCHF,Direction.SHORT,0.80144,0.80079,0.07,4.550000000000277,TAKE_PROFIT,54668141552
2026-01-14T07:06:19.797661+00:00,USDCHF,Direction.SHORT,0.80144,0.80079,0.07,4.550000000000277,TAKE_PROFIT,54668141580
2026-01-14T07:06:19.954854+00:00,USDCHF,Direction.SHORT,0.80141,0.80079,0.07,4.339999999999678,TAKE_PROFIT,54668144199
2026-01-14T07:06:20.116186+00:00,USDCHF,Direction.SHORT,0.80141,0.80079,0.07,4.339999999999678,TAKE_PROFIT,54668144212
2026-01-14T07:06:20.304960+00:00,USDCHF,Direction.SHORT,0.80141,0.80079,0.07,4.339999999999678,TAKE_PROFIT,54668144228
2026-01-14T07:06:20.466655+00:00,USDCHF,Direction.SHORT,0.80141,0.80079,0.07,4.339999999999678,TAKE_PROFIT,54668144256
2026-01-14T07:06:20.625259+00:00,USDCHF,Direction.SHORT,0.80141,0.80079,0.07,4.339999999999678,TAKE_PROFIT,54668147742
2026-01-14T07:06:50.133977+00:00,USDCHF,Direction.SHORT,0.80144,0.80081,0.07,4.410000000000136,TAKE_PROFIT,54668112512
2026-01-14T07:06:50.289650+00:00,USDCHF,Direction.SHORT,0.8014,0.80081,0.07,4.129999999999856,TAKE_PROFIT,54668116379
2026-01-14T07:06:50.447045+00:00,USDCHF,Direction.SHORT,0.80141,0.80081,0.07,4.199999999999537,TAKE_PROFIT,54668119016
2026-01-14T07:06:50.602677+00:00,USDCHF,Direction.SHORT,0.80141,0.80081,0.07,4.199999999999537,TAKE_PROFIT,54668121466
2026-01-14T07:06:50.758159+00:00,USDCHF,Direction.SHORT,0.80141,0.80081,0.07,4.199999999999537,TAKE_PROFIT,54668124260
2026-01-14T07:06:50.916049+00:00,USDCHF,Direction.SHORT,0.8014,0.80081,0.07,4.129999999999856,TAKE_PROFIT,54668131830
2026-01-14T07:06:51.080253+00:00,USDCHF,Direction.SHORT,0.80144,0.80081,0.07,4.410000000000136,TAKE_PROFIT,54668141552
2026-01-14T07:06:51.237352+00:00,USDCHF,Direction.SHORT,0.80144,0.80081,0.07,4.410000000000136,TAKE_PROFIT,54668141580
2026-01-14T07:06:51.403324+00:00,USDCHF,Direction.SHORT,0.80141,0.80081,0.07,4.199999999999537,TAKE_PROFIT,54668144199
2026-01-14T07:06:51.572839+00:00,USDCHF,Direction.SHORT,0.80141,0.80081,0.07,4.199999999999537,TAKE_PROFIT,54668144212
2026-01-14T07:06:51.728038+00:00,USDCHF,Direction.SHORT,0.80141,0.80081,0.07,4.199999999999537,TAKE_PROFIT,54668144228
2026-01-14T07:06:51.887057+00:00,USDCHF,Direction.SHORT,0.80141,0.80081,0.07,4.199999999999537,TAKE_PROFIT,54668144256
2026-01-14T07:06:52.044324+00:00,USDCHF,Direction.SHORT,0.80141,0.80081,0.07,4.199999999999537,TAKE_PROFIT,54668147742
2026-01-14T07:07:11.344051+00:00,USDCHF,Direction.SHORT,0.80144,0.80083,0.07,4.269999999999997,TAKE_PROFIT,54668112512
2026-01-14T07:07:11.499183+00:00,USDCHF,Direction.SHORT,0.80141,0.80083,0.07,4.059999999999398,TAKE_PROFIT,54668119016
2026-01-14T07:07:11.657021+00:00,USDCHF,Direction.SHORT,0.80141,0.80083,0.07,4.059999999999398,TAKE_PROFIT,54668121466
2026-01-14T07:07:11.817103+00:00,USDCHF,Direction.SHORT,0.80141,0.80083,0.07,4.059999999999398,TAKE_PROFIT,54668124260
2026-01-14T07:07:11.979470+00:00,USDCHF,Direction.SHORT,0.80144,0.80083,0.07,4.269999999999997,TAKE_PROFIT,54668141552
2026-01-14T07:07:12.145632+00:00,USDCHF,Direction.SHORT,0.80144,0.80083,0.07,4.269999999999997,TAKE_PROFIT,54668141580
2026-01-14T07:07:12.305748+00:00,USDCHF,Direction.SHORT,0.80141,0.80083,0.07,4.059999999999398,TAKE_PROFIT,54668144199
2026-01-14T07:07:12.465681+00:00,USDCHF,Direction.SHORT,0.80141,0.80083,0.07,4.059999999999398,TAKE_PROFIT,54668144212
2026-01-14T07:07:12.623433+00:00,USDCHF,Direction.SHORT,0.80141,0.80083,0.07,4.059999999999398,TAKE_PROFIT,54668144228
2026-01-14T07:07:12.780902+00:00,USDCHF,Direction.SHORT,0.80141,0.80083,0.07,4.059999999999398,TAKE_PROFIT,54668144256
2026-01-14T07:07:12.940788+00:00,USDCHF,Direction.SHORT,0.80141,0.80083,0.07,4.059999999999398,TAKE_PROFIT,54668147742
2026-01-14T07:07:31.013496+00:00,USDCHF,Direction.SHORT,0.80144,0.80081,0.07,4.410000000000136,TAKE_PROFIT,54668112512
2026-01-14T07:07:31.170052+00:00,USDCHF,Direction.SHORT,0.8014,0.80081,0.07,4.129999999999856,TAKE_PROFIT,54668116379
2026-01-14T07:07:31.328571+00:00,USDCHF,Direction.SHORT,0.80141,0.80081,0.07,4.199999999999537,TAKE_PROFIT,54668119016
2026-01-14T07:07:31.493432+00:00,USDCHF,Direction.SHORT,0.80141,0.80081,0.07,4.199999999999537,TAKE_PROFIT,54668121466
2026-01-14T07:07:31.663566+00:00,USDCHF,Direction.SHORT,0.80141,0.80081,0.07,4.199999999999537,TAKE_PROFIT,54668124260
2026-01-14T07:07:31.817572+00:00,USDCHF,Direction.SHORT,0.8014,0.80081,0.07,4.129999999999856,TAKE_PROFIT,54668131830
2026-01-14T07:07:31.972837+00:00,USDCHF,Direction.SHORT,0.80144,0.80081,0.07,4.410000000000136,TAKE_PROFIT,54668141552
2026-01-14T07:07:32.133253+00:00,USDCHF,Direction.SHORT,0.80144,0.80081,0.07,4.410000000000136,TAKE_PROFIT,54668141580
2026-01-14T07:07:32.291625+00:00,USDCHF,Direction.SHORT,0.80141,0.80081,0.07,4.199999999999537,TAKE_PROFIT,54668144199
2026-01-14T07:07:32.449427+00:00,USDCHF,Direction.SHORT,0.80141,0.80081,0.07,4.199999999999537,TAKE_PROFIT,54668144212
2026-01-14T07:07:32.609006+00:00,USDCHF,Direction.SHORT,0.80141,0.80081,0.07,4.199999999999537,TAKE_PROFIT,54668144228
2026-01-14T07:07:32.764789+00:00,USDCHF,Direction.SHORT,0.80141,0.80081,0.07,4.199999999999537,TAKE_PROFIT,54668144256
2026-01-14T07:07:32.920671+00:00,USDCHF,Direction.SHORT,0.80141,0.80081,0.07,4.199999999999537,TAKE_PROFIT,54668147742
2026-01-14T07:07:52.550661+00:00,USDCHF,Direction.SHORT,0.80144,0.80081,0.07,4.410000000000136,TAKE_PROFIT,54668112512
2026-01-14T07:07:52.708799+00:00,USDCHF,Direction.SHORT,0.8014,0.80081,0.07,4.129999999999856,TAKE_PROFIT,54668116379
2026-01-14T07:07:52.864986+00:00,USDCHF,Direction.SHORT,0.80141,0.80081,0.07,4.199999999999537,TAKE_PROFIT,54668119016
2026-01-14T07:07:53.022431+00:00,USDCHF,Direction.SHORT,0.80141,0.80081,0.07,4.199999999999537,TAKE_PROFIT,54668121466
2026-01-14T07:07:53.179911+00:00,USDCHF,Direction.SHORT,0.80141,0.80081,0.07,4.199999999999537,TAKE_PROFIT,54668124260
2026-01-14T07:07:53.334956+00:00,USDCHF,Direction.SHORT,0.8014,0.80081,0.07,4.129999999999856,TAKE_PROFIT,54668131830
2026-01-14T07:07:53.494339+00:00,USDCHF,Direction.SHORT,0.80144,0.80081,0.07,4.410000000000136,TAKE_PROFIT,54668141552
2026-01-14T07:07:53.652897+00:00,USDCHF,Direction.SHORT,0.80144,0.80081,0.07,4.410000000000136,TAKE_PROFIT,54668141580
2026-01-14T07:07:53.811012+00:00,USDCHF,Direction.SHORT,0.80141,0.80081,0.07,4.199999999999537,TAKE_PROFIT,54668144199
2026-01-14T07:07:53.969250+00:00,USDCHF,Direction.SHORT,0.80141,0.80081,0.07,4.199999999999537,TAKE_PROFIT,54668144212
2026-01-14T07:07:54.135056+00:00,USDCHF,Direction.SHORT,0.80141,0.80081,0.07,4.199999999999537,TAKE_PROFIT,54668144228
2026-01-14T07:07:54.290678+00:00,USDCHF,Direction.SHORT,0.80141,0.80081,0.07,4.199999999999537,TAKE_PROFIT,54668144256
2026-01-14T07:07:54.447852+00:00,USDCHF,Direction.SHORT,0.80141,0.80081,0.07,4.199999999999537,TAKE_PROFIT,54668147742
2026-01-14T07:08:13.684781+00:00,USDCHF,Direction.SHORT,0.80144,0.80083,0.07,4.269999999999997,TAKE_PROFIT,54668112512
2026-01-14T07:08:13.843094+00:00,USDCHF,Direction.SHORT,0.80141,0.80083,0.07,4.059999999999398,TAKE_PROFIT,54668119016
2026-01-14T07:08:13.999744+00:00,USDCHF,Direction.SHORT,0.80141,0.80083,0.07,4.059999999999398,TAKE_PROFIT,54668121466
2026-01-14T07:08:14.157795+00:00,USDCHF,Direction.SHORT,0.80141,0.80083,0.07,4.059999999999398,TAKE_PROFIT,54668124260
2026-01-14T07:08:14.319794+00:00,USDCHF,Direction.SHORT,0.80144,0.80083,0.07,4.269999999999997,TAKE_PROFIT,54668141552
2026-01-14T07:08:14.485058+00:00,USDCHF,Direction.SHORT,0.80144,0.80083,0.07,4.269999999999997,TAKE_PROFIT,54668141580
2026-01-14T07:08:14.643731+00:00,USDCHF,Direction.SHORT,0.80141,0.80083,0.07,4.059999999999398,TAKE_PROFIT,54668144199
2026-01-14T07:08:14.802822+00:00,USDCHF,Direction.SHORT,0.80141,0.80083,0.07,4.059999999999398,TAKE_PROFIT,54668144212
2026-01-14T07:08:14.962570+00:00,USDCHF,Direction.SHORT,0.80141,0.80083,0.07,4.059999999999398,TAKE_PROFIT,54668144228
2026-01-14T07:08:15.133385+00:00,USDCHF,Direction.SHORT,0.80141,0.80083,0.07,4.059999999999398,TAKE_PROFIT,54668144256
2026-01-14T07:08:15.286829+00:00,USDCHF,Direction.SHORT,0.80141,0.80083,0.07,4.059999999999398,TAKE_PROFIT,54668147742
2026-01-14T07:08:33.112430+00:00,USDCHF,Direction.SHORT,0.80144,0.80081,0.07,4.410000000000136,TAKE_PROFIT,54668112512
2026-01-14T07:08:33.268983+00:00,USDCHF,Direction.SHORT,0.8014,0.80081,0.07,4.129999999999856,TAKE_PROFIT,54668116379
2026-01-14T07:08:33.428748+00:00,USDCHF,Direction.SHORT,0.80141,0.80081,0.07,4.199999999999537,TAKE_PROFIT,54668119016
2026-01-14T07:08:33.587386+00:00,USDCHF,Direction.SHORT,0.80141,0.80081,0.07,4.199999999999537,TAKE_PROFIT,54668121466
2026-01-14T07:08:33.742513+00:00,USDCHF,Direction.SHORT,0.80141,0.80081,0.07,4.199999999999537,TAKE_PROFIT,54668124260
2026-01-14T07:08:33.901777+00:00,USDCHF,Direction.SHORT,0.8014,0.80081,0.07,4.129999999999856,TAKE_PROFIT,54668131830
2026-01-14T07:08:34.059957+00:00,USDCHF,Direction.SHORT,0.80144,0.80081,0.07,4.410000000000136,TAKE_PROFIT,54668141552
2026-01-14T07:08:34.231396+00:00,USDCHF,Direction.SHORT,0.80144,0.80081,0.07,4.410000000000136,TAKE_PROFIT,54668141580
2026-01-14T07:08:34.398199+00:00,USDCHF,Direction.SHORT,0.80141,0.80081,0.07,4.199999999999537,TAKE_PROFIT,54668144199
2026-01-14T07:08:34.555712+00:00,USDCHF,Direction.SHORT,0.80141,0.80081,0.07,4.199999999999537,TAKE_PROFIT,54668144212
2026-01-14T07:08:34.713915+00:00,USDCHF,Direction.SHORT,0.80141,0.80081,0.07,4.199999999999537,TAKE_PROFIT,54668144228
2026-01-14T07:08:34.870951+00:00,USDCHF,Direction.SHORT,0.80141,0.80081,0.07,4.199999999999537,TAKE_PROFIT,54668144256
2026-01-14T07:08:35.027779+00:00,USDCHF,Direction.SHORT,0.80141,0.80081,0.07,4.199999999999537,TAKE_PROFIT,54668147742
2026-01-14T07:08:54.797537+00:00,USDCHF,Direction.SHORT,0.80144,0.80082,0.07,4.3400000000004555,TAKE_PROFIT,54668112512
2026-01-14T07:08:54.952622+00:00,USDCHF,Direction.SHORT,0.8014,0.80082,0.07,4.0600000000001755,TAKE_PROFIT,54668116379
2026-01-14T07:08:55.107336+00:00,USDCHF,Direction.SHORT,0.80141,0.80082,0.07,4.129999999999856,TAKE_PROFIT,54668119016
2026-01-14T07:08:55.265705+00:00,USDCHF,Direction.SHORT,0.80141,0.80082,0.07,4.129999999999856,TAKE_PROFIT,54668121466
2026-01-14T07:08:55.422568+00:00,USDCHF,Direction.SHORT,0.80141,0.80082,0.07,4.129999999999856,TAKE_PROFIT,54668124260
2026-01-14T07:08:55.580179+00:00,USDCHF,Direction.SHORT,0.8014,0.80082,0.07,4.0600000000001755,TAKE_PROFIT,54668131830
2026-01-14T07:08:55.737068+00:00,USDCHF,Direction.SHORT,0.80144,0.80082,0.07,4.3400000000004555,TAKE_PROFIT,54668141552
2026-01-14T07:08:55.893912+00:00,USDCHF,Direction.SHORT,0.80144,0.80082,0.07,4.3400000000004555,TAKE_PROFIT,54668141580
2026-01-14T07:08:56.054090+00:00,USDCHF,Direction.SHORT,0.80141,0.80082,0.07,4.129999999999856,TAKE_PROFIT,54668144199
2026-01-14T07:08:56.210775+00:00,USDCHF,Direction.SHORT,0.80141,0.80082,0.07,4.129999999999856,TAKE_PROFIT,54668144212
2026-01-14T07:08:56.367366+00:00,USDCHF,Direction.SHORT,0.80141,0.80082,0.07,4.129999999999856,TAKE_PROFIT,54668144228
2026-01-14T07:08:56.526138+00:00,USDCHF,Direction.SHORT,0.80141,0.80082,0.07,4.129999999999856,TAKE_PROFIT,54668144256
2026-01-14T07:08:56.690400+00:00,USDCHF,Direction.SHORT,0.80141,0.80082,0.07,4.129999999999856,TAKE_PROFIT,54668147742
2026-01-14T07:09:15.830899+00:00,USDCHF,Direction.SHORT,0.80144,0.80081,0.07,4.410000000000136,TAKE_PROFIT,54668112512
2026-01-14T07:09:15.990070+00:00,USDCHF,Direction.SHORT,0.8014,0.80081,0.07,4.129999999999856,TAKE_PROFIT,54668116379
2026-01-14T07:09:16.145055+00:00,USDCHF,Direction.SHORT,0.80141,0.80081,0.07,4.199999999999537,TAKE_PROFIT,54668119016
2026-01-14T07:09:16.303441+00:00,USDCHF,Direction.SHORT,0.80141,0.80081,0.07,4.199999999999537,TAKE_PROFIT,54668121466
2026-01-14T07:09:16.459658+00:00,USDCHF,Direction.SHORT,0.80141,0.80081,0.07,4.199999999999537,TAKE_PROFIT,54668124260
2026-01-14T07:09:16.617659+00:00,USDCHF,Direction.SHORT,0.8014,0.80081,0.07,4.129999999999856,TAKE_PROFIT,54668131830
2026-01-14T07:09:16.779692+00:00,USDCHF,Direction.SHORT,0.80144,0.80081,0.07,4.410000000000136,TAKE_PROFIT,54668141552
2026-01-14T07:09:16.935011+00:00,USDCHF,Direction.SHORT,0.80144,0.80081,0.07,4.410000000000136,TAKE_PROFIT,54668141580
2026-01-14T07:09:17.110009+00:00,USDCHF,Direction.SHORT,0.80141,0.80081,0.07,4.199999999999537,TAKE_PROFIT,54668144199
2026-01-14T07:09:17.271302+00:00,USDCHF,Direction.SHORT,0.80141,0.80081,0.07,4.199999999999537,TAKE_PROFIT,54668144212
2026-01-14T07:09:17.430780+00:00,USDCHF,Direction.SHORT,0.80141,0.80081,0.07,4.199999999999537,TAKE_PROFIT,54668144228
2026-01-14T07:09:17.589444+00:00,USDCHF,Direction.SHORT,0.80141,0.80081,0.07,4.199999999999537,TAKE_PROFIT,54668144256
2026-01-14T07:09:17.745857+00:00,USDCHF,Direction.SHORT,0.80141,0.80081,0.07,4.199999999999537,TAKE_PROFIT,54668147742
2026-01-14T07:09:36.973332+00:00,USDCHF,Direction.SHORT,0.80144,0.80082,0.07,4.3400000000004555,TAKE_PROFIT,54668112512
2026-01-14T07:09:37.133037+00:00,USDCHF,Direction.SHORT,0.8014,0.80082,0.07,4.0600000000001755,TAKE_PROFIT,54668116379
2026-01-14T07:09:37.288342+00:00,USDCHF,Direction.SHORT,0.80141,0.80082,0.07,4.129999999999856,TAKE_PROFIT,54668119016
2026-01-14T07:09:37.445602+00:00,USDCHF,Direction.SHORT,0.80141,0.80082,0.07,4.129999999999856,TAKE_PROFIT,54668121466
2026-01-14T07:09:37.604326+00:00,USDCHF,Direction.SHORT,0.80141,0.80082,0.07,4.129999999999856,TAKE_PROFIT,54668124260
2026-01-14T07:09:37.759356+00:00,USDCHF,Direction.SHORT,0.8014,0.80082,0.07,4.0600000000001755,TAKE_PROFIT,54668131830
2026-01-14T07:09:37.916644+00:00,USDCHF,Direction.SHORT,0.80144,0.80082,0.07,4.3400000000004555,TAKE_PROFIT,54668141552
2026-01-14T07:09:38.074435+00:00,USDCHF,Direction.SHORT,0.80144,0.80082,0.07,4.3400000000004555,TAKE_PROFIT,54668141580
2026-01-14T07:09:38.235085+00:00,USDCHF,Direction.SHORT,0.80141,0.80082,0.07,4.129999999999856,TAKE_PROFIT,54668144199
2026-01-14T07:09:38.390816+00:00,USDCHF,Direction.SHORT,0.80141,0.80082,0.07,4.129999999999856,TAKE_PROFIT,54668144212
2026-01-14T07:09:38.548933+00:00,USDCHF,Direction.SHORT,0.80141,0.80082,0.07,4.129999999999856,TAKE_PROFIT,54668144228
2026-01-14T07:09:38.707352+00:00,USDCHF,Direction.SHORT,0.80141,0.80082,0.07,4.129999999999856,TAKE_PROFIT,54668144256
2026-01-14T07:09:38.887389+00:00,USDCHF,Direction.SHORT,0.80141,0.80082,0.07,4.129999999999856,TAKE_PROFIT,54668147742
2026-01-14T07:09:58.966750+00:00,USDCHF,Direction.SHORT,0.80144,0.80081,0.07,4.410000000000136,TAKE_PROFIT,54668112512
2026-01-14T07:09:59.123905+00:00,USDCHF,Direction.SHORT,0.8014,0.80081,0.07,4.129999999999856,TAKE_PROFIT,54668116379
2026-01-14T07:09:59.278821+00:00,USDCHF,Direction.SHORT,0.80141,0.80081,0.07,4.199999999999537,TAKE_PROFIT,54668119016
2026-01-14T07:09:59.442231+00:00,USDCHF,Direction.SHORT,0.80141,0.80081,0.07,4.199999999999537,TAKE_PROFIT,54668121466
2026-01-14T07:09:59.597517+00:00,USDCHF,Direction.SHORT,0.80141,0.80081,0.07,4.199999999999537,TAKE_PROFIT,54668124260
2026-01-14T07:09:59.752425+00:00,USDCHF,Direction.SHORT,0.8014,0.80081,0.07,4.129999999999856,TAKE_PROFIT,54668131830
2026-01-14T07:09:59.908840+00:00,USDCHF,Direction.SHORT,0.80144,0.80081,0.07,4.410000000000136,TAKE_PROFIT,54668141552
2026-01-14T07:10:00.071688+00:00,USDCHF,Direction.SHORT,0.80144,0.80081,0.07,4.410000000000136,TAKE_PROFIT,54668141580
2026-01-14T07:10:00.247024+00:00,USDCHF,Direction.SHORT,0.80141,0.80081,0.07,4.199999999999537,TAKE_PROFIT,54668144199
2026-01-14T07:10:00.404632+00:00,USDCHF,Direction.SHORT,0.80141,0.80081,0.07,4.199999999999537,TAKE_PROFIT,54668144212
2026-01-14T07:10:00.562600+00:00,USDCHF,Direction.SHORT,0.80141,0.80081,0.07,4.199999999999537,TAKE_PROFIT,54668144228
2026-01-14T07:10:00.720623+00:00,USDCHF,Direction.SHORT,0.80141,0.80081,0.07,4.199999999999537,TAKE_PROFIT,54668144256
2026-01-14T07:10:00.878225+00:00,USDCHF,Direction.SHORT,0.80141,0.80081,0.07,4.199999999999537,TAKE_PROFIT,54668147742
2026-01-14T07:10:20.083055+00:00,USDCHF,Direction.SHORT,0.80144,0.80079,0.07,4.550000000000277,TAKE_PROFIT,54668112512
2026-01-14T07:10:20.241765+00:00,USDCHF,Direction.SHORT,0.8014,0.80079,0.07,4.269999999999997,TAKE_PROFIT,54668116379
2026-01-14T07:10:20.399274+00:00,USDCHF,Direction.SHORT,0.80141,0.80079,0.07,4.339999999999678,TAKE_PROFIT,54668119016
2026-01-14T07:10:20.557645+00:00,USDCHF,Direction.SHORT,0.80141,0.80079,0.07,4.339999999999678,TAKE_PROFIT,54668121466
2026-01-14T07:10:20.714364+00:00,USDCHF,Direction.SHORT,0.80141,0.80079,0.07,4.339999999999678,TAKE_PROFIT,54668124260
2026-01-14T07:10:20.870630+00:00,USDCHF,Direction.SHORT,0.8014,0.80079,0.07,4.269999999999997,TAKE_PROFIT,54668131830
2026-01-14T07:10:21.029607+00:00,USDCHF,Direction.SHORT,0.80144,0.80079,0.07,4.550000000000277,TAKE_PROFIT,54668141552
2026-01-14T07:10:21.186605+00:00,USDCHF,Direction.SHORT,0.80144,0.80079,0.07,4.550000000000277,TAKE_PROFIT,54668141580
2026-01-14T07:10:21.343913+00:00,USDCHF,Direction.SHORT,0.80141,0.80079,0.07,4.339999999999678,TAKE_PROFIT,54668144199
2026-01-14T07:10:21.497678+00:00,USDCHF,Direction.SHORT,0.80141,0.80079,0.07,4.339999999999678,TAKE_PROFIT,54668144212
2026-01-14T07:10:21.653826+00:00,USDCHF,Direction.SHORT,0.80141,0.80079,0.07,4.339999999999678,TAKE_PROFIT,54668144228
2026-01-14T07:10:21.811238+00:00,USDCHF,Direction.SHORT,0.80141,0.80079,0.07,4.339999999999678,TAKE_PROFIT,54668144256
2026-01-14T07:10:21.967444+00:00,USDCHF,Direction.SHORT,0.80141,0.80079,0.07,4.339999999999678,TAKE_PROFIT,54668147742
2026-01-14T07:10:42.153415+00:00,USDCHF,Direction.SHORT,0.80144,0.80073,0.07,4.96999999999992,TAKE_PROFIT,54668112512
2026-01-14T07:10:42.320232+00:00,USDCHF,Direction.SHORT,0.8014,0.80073,0.07,4.68999999999964,TAKE_PROFIT,54668116379
2026-01-14T07:10:42.487426+00:00,USDCHF,Direction.SHORT,0.80141,0.80073,0.07,4.759999999999321,TAKE_PROFIT,54668119016
2026-01-14T07:10:42.643390+00:00,USDCHF,Direction.SHORT,0.80141,0.80073,0.07,4.759999999999321,TAKE_PROFIT,54668121466
2026-01-14T07:10:42.800948+00:00,USDCHF,Direction.SHORT,0.80141,0.80073,0.07,4.759999999999321,TAKE_PROFIT,54668124260
2026-01-14T07:10:42.959409+00:00,USDCHF,Direction.SHORT,0.8014,0.80073,0.07,4.68999999999964,TAKE_PROFIT,54668131830
2026-01-14T07:10:43.114435+00:00,USDCHF,Direction.SHORT,0.80144,0.80073,0.07,4.96999999999992,TAKE_PROFIT,54668141552
2026-01-14T07:10:43.282908+00:00,USDCHF,Direction.SHORT,0.80144,0.80073,0.07,4.96999999999992,TAKE_PROFIT,54668141580
2026-01-14T07:10:43.458288+00:00,USDCHF,Direction.SHORT,0.80141,0.80073,0.07,4.759999999999321,TAKE_PROFIT,54668144199
2026-01-14T07:10:43.617592+00:00,USDCHF,Direction.SHORT,0.80141,0.80073,0.07,4.759999999999321,TAKE_PROFIT,54668144212
2026-01-14T07:10:43.773981+00:00,USDCHF,Direction.SHORT,0.80141,0.80073,0.07,4.759999999999321,TAKE_PROFIT,54668144228
2026-01-14T07:10:43.930713+00:00,USDCHF,Direction.SHORT,0.80141,0.80073,0.07,4.759999999999321,TAKE_PROFIT,54668144256
2026-01-14T07:10:44.088359+00:00,USDCHF,Direction.SHORT,0.80141,0.80073,0.07,4.759999999999321,TAKE_PROFIT,54668147742
2026-01-14T07:10:44.247299+00:00,USDCHF,Direction.SHORT,0.80135,0.80073,0.07,4.339999999999678,TAKE_PROFIT,54668151202
2026-01-14T07:10:44.407122+00:00,USDCHF,Direction.SHORT,0.80135,0.80073,0.07,4.339999999999678,TAKE_PROFIT,54668153910
2026-01-14T07:10:44.564095+00:00,USDCHF,Direction.SHORT,0.80134,0.80073,0.07,4.269999999999997,TAKE_PROFIT,54668156604
2026-01-14T07:10:44.724391+00:00,USDCHF,Direction.SHORT,0.80133,0.80073,0.07,4.199999999999537,TAKE_PROFIT,54668160437
2026-01-14T07:11:07.041619+00:00,USDCHF,Direction.SHORT,0.80144,0.80069,0.07,5.2500000000002,TAKE_PROFIT,54668112512
2026-01-14T07:11:07.202012+00:00,USDCHF,Direction.SHORT,0.8014,0.80069,0.07,4.96999999999992,TAKE_PROFIT,54668116379
2026-01-14T07:11:07.359011+00:00,USDCHF,Direction.SHORT,0.80141,0.80069,0.07,5.0399999999996,TAKE_PROFIT,54668119016
2026-01-14T07:11:07.519347+00:00,USDCHF,Direction.SHORT,0.80141,0.80069,0.07,5.0399999999996,TAKE_PROFIT,54668121466
2026-01-14T07:11:07.675505+00:00,USDCHF,Direction.SHORT,0.80141,0.80069,0.07,5.0399999999996,TAKE_PROFIT,54668124260
2026-01-14T07:11:07.832925+00:00,USDCHF,Direction.SHORT,0.8014,0.80069,0.07,4.96999999999992,TAKE_PROFIT,54668131830
2026-01-14T07:11:07.991176+00:00,USDCHF,Direction.SHORT,0.80144,0.80069,0.07,5.2500000000002,TAKE_PROFIT,54668141552
2026-01-14T07:11:08.149175+00:00,USDCHF,Direction.SHORT,0.80144,0.80069,0.07,5.2500000000002,TAKE_PROFIT,54668141580
2026-01-14T07:11:08.308803+00:00,USDCHF,Direction.SHORT,0.80141,0.80069,0.07,5.0399999999996,TAKE_PROFIT,54668144199
2026-01-14T07:11:08.466836+00:00,USDCHF,Direction.SHORT,0.80141,0.80069,0.07,5.0399999999996,TAKE_PROFIT,54668144212
2026-01-14T07:11:08.622839+00:00,USDCHF,Direction.SHORT,0.80141,0.80069,0.07,5.0399999999996,TAKE_PROFIT,54668144228
2026-01-14T07:11:08.779953+00:00,USDCHF,Direction.SHORT,0.80141,0.80069,0.07,5.0399999999996,TAKE_PROFIT,54668144256
2026-01-14T07:11:08.936655+00:00,USDCHF,Direction.SHORT,0.80141,0.80069,0.07,5.0399999999996,TAKE_PROFIT,54668147742
2026-01-14T07:11:09.092086+00:00,USDCHF,Direction.SHORT,0.80135,0.80069,0.07,4.6199999999999575,TAKE_PROFIT,54668151202
2026-01-14T07:11:09.255828+00:00,USDCHF,Direction.SHORT,0.80135,0.80069,0.07,4.6199999999999575,TAKE_PROFIT,54668153910
2026-01-14T07:11:09.419249+00:00,USDCHF,Direction.SHORT,0.80134,0.80069,0.07,4.550000000000277,TAKE_PROFIT,54668156604
2026-01-14T07:11:09.577359+00:00,USDCHF,Direction.SHORT,0.80133,0.80069,0.07,4.479999999999818,TAKE_PROFIT,54668160437
2026-01-14T07:11:32.053663+00:00,USDCHF,Direction.SHORT,0.80144,0.8007,0.07,5.180000000000518,TAKE_PROFIT,54668112512
2026-01-14T07:11:32.216309+00:00,USDCHF,Direction.SHORT,0.8014,0.8007,0.07,4.9000000000002375,TAKE_PROFIT,54668116379
2026-01-14T07:11:32.386476+00:00,USDCHF,Direction.SHORT,0.80141,0.8007,0.07,4.96999999999992,TAKE_PROFIT,54668119016
2026-01-14T07:11:32.542442+00:00,USDCHF,Direction.SHORT,0.80141,0.8007,0.07,4.96999999999992,TAKE_PROFIT,54668121466
2026-01-14T07:11:32.702772+00:00,USDCHF,Direction.SHORT,0.80141,0.8007,0.07,4.96999999999992,TAKE_PROFIT,54668124260
2026-01-14T07:11:32.877165+00:00,USDCHF,Direction.SHORT,0.8014,0.8007,0.07,4.9000000000002375,TAKE_PROFIT,54668131830
2026-01-14T07:11:33.036858+00:00,USDCHF,Direction.SHORT,0.80144,0.8007,0.07,5.180000000000518,TAKE_PROFIT,54668141552
2026-01-14T07:11:33.195880+00:00,USDCHF,Direction.SHORT,0.80144,0.8007,0.07,5.180000000000518,TAKE_PROFIT,54668141580
2026-01-14T07:11:33.352655+00:00,USDCHF,Direction.SHORT,0.80141,0.8007,0.07,4.96999999999992,TAKE_PROFIT,54668144199
2026-01-14T07:11:33.512269+00:00,USDCHF,Direction.SHORT,0.80141,0.8007,0.07,4.96999999999992,TAKE_PROFIT,54668144212
2026-01-14T07:11:33.671433+00:00,USDCHF,Direction.SHORT,0.80141,0.8007,0.07,4.96999999999992,TAKE_PROFIT,54668144228
2026-01-14T07:11:33.839193+00:00,USDCHF,Direction.SHORT,0.80141,0.8007,0.07,4.96999999999992,TAKE_PROFIT,54668144256
2026-01-14T07:11:33.996988+00:00,USDCHF,Direction.SHORT,0.80141,0.8007,0.07,4.96999999999992,TAKE_PROFIT,54668147742
2026-01-14T07:11:34.157357+00:00,USDCHF,Direction.SHORT,0.80135,0.8007,0.07,4.550000000000277,TAKE_PROFIT,54668151202
2026-01-14T07:11:34.317724+00:00,USDCHF,Direction.SHORT,0.80135,0.8007,0.07,4.550000000000277,TAKE_PROFIT,54668153910
2026-01-14T07:11:34.473894+00:00,USDCHF,Direction.SHORT,0.80134,0.8007,0.07,4.480000000000595,TAKE_PROFIT,54668156604
2026-01-14T07:11:34.632289+00:00,USDCHF,Direction.SHORT,0.80133,0.8007,0.07,4.410000000000136,TAKE_PROFIT,54668160437
2026-01-14T07:11:57.259529+00:00,USDCHF,Direction.SHORT,0.80144,0.80069,0.07,5.2500000000002,TAKE_PROFIT,54668112512
2026-01-14T07:11:57.418642+00:00,USDCHF,Direction.SHORT,0.8014,0.80069,0.07,4.96999999999992,TAKE_PROFIT,54668116379
2026-01-14T07:11:57.573138+00:00,USDCHF,Direction.SHORT,0.80141,0.80069,0.07,5.0399999999996,TAKE_PROFIT,54668119016
2026-01-14T07:11:57.730702+00:00,USDCHF,Direction.SHORT,0.80141,0.80069,0.07,5.0399999999996,TAKE_PROFIT,54668121466
2026-01-14T07:11:57.898277+00:00,USDCHF,Direction.SHORT,0.80141,0.80069,0.07,5.0399999999996,TAKE_PROFIT,54668124260
2026-01-14T07:11:58.066362+00:00,USDCHF,Direction.SHORT,0.8014,0.80069,0.07,4.96999999999992,TAKE_PROFIT,54668131830
2026-01-14T07:11:58.228122+00:00,USDCHF,Direction.SHORT,0.80144,0.80069,0.07,5.2500000000002,TAKE_PROFIT,54668141552
2026-01-14T07:11:58.386795+00:00,USDCHF,Direction.SHORT,0.80144,0.80069,0.07,5.2500000000002,TAKE_PROFIT,54668141580
2026-01-14T07:11:58.548155+00:00,USDCHF,Direction.SHORT,0.80141,0.80069,0.07,5.0399999999996,TAKE_PROFIT,54668144199
2026-01-14T07:11:58.712626+00:00,USDCHF,Direction.SHORT,0.80141,0.80069,0.07,5.0399999999996,TAKE_PROFIT,54668144212
2026-01-14T07:11:58.868616+00:00,USDCHF,Direction.SHORT,0.80141,0.80069,0.07,5.0399999999996,TAKE_PROFIT,54668144228
2026-01-14T07:11:59.024069+00:00,USDCHF,Direction.SHORT,0.80141,0.80069,0.07,5.0399999999996,TAKE_PROFIT,54668144256
2026-01-14T07:11:59.182003+00:00,USDCHF,Direction.SHORT,0.80141,0.80069,0.07,5.0399999999996,TAKE_PROFIT,54668147742
2026-01-14T07:11:59.339975+00:00,USDCHF,Direction.SHORT,0.80135,0.80069,0.07,4.6199999999999575,TAKE_PROFIT,54668151202
2026-01-14T07:11:59.499202+00:00,USDCHF,Direction.SHORT,0.80135,0.80069,0.07,4.6199999999999575,TAKE_PROFIT,54668153910
2026-01-14T07:11:59.655496+00:00,USDCHF,Direction.SHORT,0.80134,0.80069,0.07,4.550000000000277,TAKE_PROFIT,54668156604
2026-01-14T07:11:59.812501+00:00,USDCHF,Direction.SHORT,0.80133,0.80069,0.07,4.479999999999818,TAKE_PROFIT,54668160437
2026-01-14T07:12:22.114532+00:00,USDCHF,Direction.SHORT,0.80144,0.80067,0.07,5.39000000000034,TAKE_PROFIT,54668112512
2026-01-14T07:12:22.283560+00:00,USDCHF,Direction.SHORT,0.8014,0.80067,0.07,5.110000000000059,TAKE_PROFIT,54668116379
2026-01-14T07:12:22.440537+00:00,USDCHF,Direction.SHORT,0.80141,0.80067,0.07,5.179999999999741,TAKE_PROFIT,54668119016
2026-01-14T07:12:22.599036+00:00,USDCHF,Direction.SHORT,0.80141,0.80067,0.07,5.179999999999741,TAKE_PROFIT,54668121466
2026-01-14T07:12:22.757442+00:00,USDCHF,Direction.SHORT,0.80141,0.80067,0.07,5.179999999999741,TAKE_PROFIT,54668124260
2026-01-14T07:12:22.916409+00:00,USDCHF,Direction.SHORT,0.8014,0.80067,0.07,5.110000000000059,TAKE_PROFIT,54668131830
2026-01-14T07:12:23.073451+00:00,USDCHF,Direction.SHORT,0.80144,0.80067,0.07,5.39000000000034,TAKE_PROFIT,54668141552
2026-01-14T07:12:23.231520+00:00,USDCHF,Direction.SHORT,0.80144,0.80067,0.07,5.39000000000034,TAKE_PROFIT,54668141580
2026-01-14T07:12:23.389771+00:00,USDCHF,Direction.SHORT,0.80141,0.80067,0.07,5.179999999999741,TAKE_PROFIT,54668144199
2026-01-14T07:12:23.545500+00:00,USDCHF,Direction.SHORT,0.80141,0.80067,0.07,5.179999999999741,TAKE_PROFIT,54668144212
2026-01-14T07:12:23.706751+00:00,USDCHF,Direction.SHORT,0.80141,0.80067,0.07,5.179999999999741,TAKE_PROFIT,54668144228
2026-01-14T07:12:23.863665+00:00,USDCHF,Direction.SHORT,0.80141,0.80067,0.07,5.179999999999741,TAKE_PROFIT,54668144256
2026-01-14T07:12:24.019901+00:00,USDCHF,Direction.SHORT,0.80141,0.80067,0.07,5.179999999999741,TAKE_PROFIT,54668147742
2026-01-14T07:12:24.177291+00:00,USDCHF,Direction.SHORT,0.80135,0.80067,0.07,4.760000000000098,TAKE_PROFIT,54668151202
2026-01-14T07:12:24.335251+00:00,USDCHF,Direction.SHORT,0.80135,0.80067,0.07,4.760000000000098,TAKE_PROFIT,54668153910
2026-01-14T07:12:24.502594+00:00,USDCHF,Direction.SHORT,0.80134,0.80067,0.07,4.690000000000416,TAKE_PROFIT,54668156604
2026-01-14T07:12:24.662433+00:00,USDCHF,Direction.SHORT,0.80133,0.80067,0.07,4.6199999999999575,TAKE_PROFIT,54668160437
2026-01-14T07:12:46.521429+00:00,USDCHF,Direction.SHORT,0.80144,0.8007,0.07,5.180000000000518,TAKE_PROFIT,54668112512
2026-01-14T07:12:46.698645+00:00,USDCHF,Direction.SHORT,0.8014,0.8007,0.07,4.9000000000002375,TAKE_PROFIT,54668116379
2026-01-14T07:12:46.862426+00:00,USDCHF,Direction.SHORT,0.80141,0.8007,0.07,4.96999999999992,TAKE_PROFIT,54668119016
2026-01-14T07:12:47.027444+00:00,USDCHF,Direction.SHORT,0.80141,0.8007,0.07,4.96999999999992,TAKE_PROFIT,54668121466
2026-01-14T07:12:47.188905+00:00,USDCHF,Direction.SHORT,0.80141,0.8007,0.07,4.96999999999992,TAKE_PROFIT,54668124260
2026-01-14T07:12:47.345987+00:00,USDCHF,Direction.SHORT,0.8014,0.8007,0.07,4.9000000000002375,TAKE_PROFIT,54668131830
2026-01-14T07:12:47.512531+00:00,USDCHF,Direction.SHORT,0.80144,0.8007,0.07,5.180000000000518,TAKE_PROFIT,54668141552
2026-01-14T07:12:47.683154+00:00,USDCHF,Direction.SHORT,0.80144,0.8007,0.07,5.180000000000518,TAKE_PROFIT,54668141580
2026-01-14T07:12:47.841822+00:00,USDCHF,Direction.SHORT,0.80141,0.8007,0.07,4.96999999999992,TAKE_PROFIT,54668144199
2026-01-14T07:12:47.997352+00:00,USDCHF,Direction.SHORT,0.80141,0.8007,0.07,4.96999999999992,TAKE_PROFIT,54668144212
2026-01-14T07:12:48.152394+00:00,USDCHF,Direction.SHORT,0.80141,0.8007,0.07,4.96999999999992,TAKE_PROFIT,54668144228
2026-01-14T07:12:48.309929+00:00,USDCHF,Direction.SHORT,0.80141,0.8007,0.07,4.96999999999992,TAKE_PROFIT,54668144256
2026-01-14T07:12:48.469811+00:00,USDCHF,Direction.SHORT,0.80141,0.8007,0.07,4.96999999999992,TAKE_PROFIT,54668147742
2026-01-14T07:12:48.626131+00:00,USDCHF,Direction.SHORT,0.80135,0.8007,0.07,4.550000000000277,TAKE_PROFIT,54668151202
2026-01-14T07:12:48.784375+00:00,USDCHF,Direction.SHORT,0.80135,0.8007,0.07,4.550000000000277,TAKE_PROFIT,54668153910
2026-01-14T07:12:48.941846+00:00,USDCHF,Direction.SHORT,0.80134,0.8007,0.07,4.480000000000595,TAKE_PROFIT,54668156604
2026-01-14T07:12:49.097002+00:00,USDCHF,Direction.SHORT,0.80133,0.8007,0.07,4.410000000000136,TAKE_PROFIT,54668160437
2026-01-14T07:13:10.981566+00:00,USDCHF,Direction.SHORT,0.80144,0.80071,0.07,5.110000000000059,TAKE_PROFIT,54668112512
2026-01-14T07:13:11.152896+00:00,USDCHF,Direction.SHORT,0.8014,0.80071,0.07,4.829999999999779,TAKE_PROFIT,54668116379
2026-01-14T07:13:11.308909+00:00,USDCHF,Direction.SHORT,0.80141,0.80071,0.07,4.899999999999461,TAKE_PROFIT,54668119016
2026-01-14T07:13:11.464693+00:00,USDCHF,Direction.SHORT,0.80141,0.80071,0.07,4.899999999999461,TAKE_PROFIT,54668121466
2026-01-14T07:13:11.624485+00:00,USDCHF,Direction.SHORT,0.80141,0.80071,0.07,4.899999999999461,TAKE_PROFIT,54668124260
2026-01-14T07:13:11.808181+00:00,USDCHF,Direction.SHORT,0.8014,0.80071,0.07,4.829999999999779,TAKE_PROFIT,54668131830
2026-01-14T07:13:11.992118+00:00,USDCHF,Direction.SHORT,0.80144,0.80071,0.07,5.110000000000059,TAKE_PROFIT,54668141552
2026-01-14T07:13:12.150979+00:00,USDCHF,Direction.SHORT,0.80144,0.80071,0.07,5.110000000000059,TAKE_PROFIT,54668141580
2026-01-14T07:13:12.313631+00:00,USDCHF,Direction.SHORT,0.80141,0.80071,0.07,4.899999999999461,TAKE_PROFIT,54668144199
2026-01-14T07:13:12.472013+00:00,USDCHF,Direction.SHORT,0.80141,0.80071,0.07,4.899999999999461,TAKE_PROFIT,54668144212
2026-01-14T07:13:12.630723+00:00,USDCHF,Direction.SHORT,0.80141,0.80071,0.07,4.899999999999461,TAKE_PROFIT,54668144228
2026-01-14T07:13:12.790339+00:00,USDCHF,Direction.SHORT,0.80141,0.80071,0.07,4.899999999999461,TAKE_PROFIT,54668144256
2026-01-14T07:13:12.950463+00:00,USDCHF,Direction.SHORT,0.80141,0.80071,0.07,4.899999999999461,TAKE_PROFIT,54668147742
2026-01-14T07:13:13.108186+00:00,USDCHF,Direction.SHORT,0.80135,0.80071,0.07,4.479999999999818,TAKE_PROFIT,54668151202
2026-01-14T07:13:13.265574+00:00,USDCHF,Direction.SHORT,0.80135,0.80071,0.07,4.479999999999818,TAKE_PROFIT,54668153910
2026-01-14T07:13:13.423940+00:00,USDCHF,Direction.SHORT,0.80134,0.80071,0.07,4.410000000000136,TAKE_PROFIT,54668156604
2026-01-14T07:13:13.582937+00:00,USDCHF,Direction.SHORT,0.80133,0.80071,0.07,4.339999999999678,TAKE_PROFIT,54668160437
2026-01-14T07:13:35.936367+00:00,USDCHF,Direction.SHORT,0.80144,0.80072,0.07,5.040000000000378,TAKE_PROFIT,54668112512
2026-01-14T07:13:36.102584+00:00,USDCHF,Direction.SHORT,0.8014,0.80072,0.07,4.760000000000098,TAKE_PROFIT,54668116379
2026-01-14T07:13:36.262358+00:00,USDCHF,Direction.SHORT,0.80141,0.80072,0.07,4.829999999999779,TAKE_PROFIT,54668119016
2026-01-14T07:13:36.426897+00:00,USDCHF,Direction.SHORT,0.80141,0.80072,0.07,4.829999999999779,TAKE_PROFIT,54668121466
2026-01-14T07:13:36.604606+00:00,USDCHF,Direction.SHORT,0.80141,0.80072,0.07,4.829999999999779,TAKE_PROFIT,54668124260
2026-01-14T07:13:36.760344+00:00,USDCHF,Direction.SHORT,0.8014,0.80072,0.07,4.760000000000098,TAKE_PROFIT,54668131830
2026-01-14T07:13:36.921142+00:00,USDCHF,Direction.SHORT,0.80144,0.80072,0.07,5.040000000000378,TAKE_PROFIT,54668141552
2026-01-14T07:13:37.082639+00:00,USDCHF,Direction.SHORT,0.80144,0.80072,0.07,5.040000000000378,TAKE_PROFIT,54668141580
2026-01-14T07:13:37.242304+00:00,USDCHF,Direction.SHORT,0.80141,0.80072,0.07,4.829999999999779,TAKE_PROFIT,54668144199
2026-01-14T07:13:37.403904+00:00,USDCHF,Direction.SHORT,0.80141,0.80072,0.07,4.829999999999779,TAKE_PROFIT,54668144212
2026-01-14T07:13:37.561004+00:00,USDCHF,Direction.SHORT,0.80141,0.80072,0.07,4.829999999999779,TAKE_PROFIT,54668144228
2026-01-14T07:13:37.717401+00:00,USDCHF,Direction.SHORT,0.80141,0.80072,0.07,4.829999999999779,TAKE_PROFIT,54668144256
2026-01-14T07:13:37.873866+00:00,USDCHF,Direction.SHORT,0.80141,0.80072,0.07,4.829999999999779,TAKE_PROFIT,54668147742
2026-01-14T07:13:38.101002+00:00,USDCHF,Direction.SHORT,0.80135,0.80072,0.07,4.410000000000136,TAKE_PROFIT,54668151202
2026-01-14T07:13:38.266091+00:00,USDCHF,Direction.SHORT,0.80135,0.80072,0.07,4.410000000000136,TAKE_PROFIT,54668153910
2026-01-14T07:13:38.425216+00:00,USDCHF,Direction.SHORT,0.80134,0.80072,0.07,4.3400000000004555,TAKE_PROFIT,54668156604
2026-01-14T07:13:38.582235+00:00,USDCHF,Direction.SHORT,0.80133,0.80072,0.07,4.269999999999997,TAKE_PROFIT,54668160437
2026-01-14T07:14:01.099351+00:00,USDCHF,Direction.SHORT,0.80144,0.80077,0.07,4.690000000000416,TAKE_PROFIT,54668112512
2026-01-14T07:14:01.257229+00:00,USDCHF,Direction.SHORT,0.8014,0.80077,0.07,4.410000000000136,TAKE_PROFIT,54668116379
2026-01-14T07:14:01.411306+00:00,USDCHF,Direction.SHORT,0.80141,0.80077,0.07,4.479999999999818,TAKE_PROFIT,54668119016
2026-01-14T07:14:01.570615+00:00,USDCHF,Direction.SHORT,0.80141,0.80077,0.07,4.479999999999818,TAKE_PROFIT,54668121466
2026-01-14T07:14:01.742388+00:00,USDCHF,Direction.SHORT,0.80141,0.80077,0.07,4.479999999999818,TAKE_PROFIT,54668124260
2026-01-14T07:14:01.900826+00:00,USDCHF,Direction.SHORT,0.8014,0.80077,0.07,4.410000000000136,TAKE_PROFIT,54668131830
2026-01-14T07:14:02.055474+00:00,USDCHF,Direction.SHORT,0.80144,0.80077,0.07,4.690000000000416,TAKE_PROFIT,54668141552
2026-01-14T07:14:02.257464+00:00,USDCHF,Direction.SHORT,0.80144,0.80077,0.07,4.690000000000416,TAKE_PROFIT,54668141580
2026-01-14T07:14:02.411052+00:00,USDCHF,Direction.SHORT,0.80141,0.80077,0.07,4.479999999999818,TAKE_PROFIT,54668144199
2026-01-14T07:14:02.569313+00:00,USDCHF,Direction.SHORT,0.80141,0.80077,0.07,4.479999999999818,TAKE_PROFIT,54668144212
2026-01-14T07:14:02.732107+00:00,USDCHF,Direction.SHORT,0.80141,0.80077,0.07,4.479999999999818,TAKE_PROFIT,54668144228
2026-01-14T07:14:02.889189+00:00,USDCHF,Direction.SHORT,0.80141,0.80077,0.07,4.479999999999818,TAKE_PROFIT,54668144256
2026-01-14T07:14:03.047790+00:00,USDCHF,Direction.SHORT,0.80141,0.80077,0.07,4.479999999999818,TAKE_PROFIT,54668147742
2026-01-14T07:14:03.205146+00:00,USDCHF,Direction.SHORT,0.80135,0.80077,0.07,4.0600000000001755,TAKE_PROFIT,54668151202
2026-01-14T07:14:03.361555+00:00,USDCHF,Direction.SHORT,0.80135,0.80077,0.07,4.0600000000001755,TAKE_PROFIT,54668153910
2026-01-14T07:14:23.838329+00:00,USDCHF,Direction.SHORT,0.80144,0.80077,0.07,4.690000000000416,TAKE_PROFIT,54668112512
2026-01-14T07:14:23.995716+00:00,USDCHF,Direction.SHORT,0.8014,0.80077,0.07,4.410000000000136,TAKE_PROFIT,54668116379
2026-01-14T07:14:24.154808+00:00,USDCHF,Direction.SHORT,0.80141,0.80077,0.07,4.479999999999818,TAKE_PROFIT,54668119016
2026-01-14T07:14:24.315462+00:00,USDCHF,Direction.SHORT,0.80141,0.80077,0.07,4.479999999999818,TAKE_PROFIT,54668121466
2026-01-14T07:14:24.473891+00:00,USDCHF,Direction.SHORT,0.80141,0.80077,0.07,4.479999999999818,TAKE_PROFIT,54668124260
2026-01-14T07:14:24.631873+00:00,USDCHF,Direction.SHORT,0.8014,0.80077,0.07,4.410000000000136,TAKE_PROFIT,54668131830
2026-01-14T07:14:24.806188+00:00,USDCHF,Direction.SHORT,0.80144,0.80077,0.07,4.690000000000416,TAKE_PROFIT,54668141552
2026-01-14T07:14:24.976355+00:00,USDCHF,Direction.SHORT,0.80144,0.80077,0.07,4.690000000000416,TAKE_PROFIT,54668141580
2026-01-14T07:14:25.135014+00:00,USDCHF,Direction.SHORT,0.80141,0.80077,0.07,4.479999999999818,TAKE_PROFIT,54668144199
2026-01-14T07:14:25.297044+00:00,USDCHF,Direction.SHORT,0.80141,0.80077,0.07,4.479999999999818,TAKE_PROFIT,54668144212
2026-01-14T07:14:25.459704+00:00,USDCHF,Direction.SHORT,0.80141,0.80077,0.07,4.479999999999818,TAKE_PROFIT,54668144228
2026-01-14T07:14:25.628636+00:00,USDCHF,Direction.SHORT,0.80141,0.80077,0.07,4.479999999999818,TAKE_PROFIT,54668144256
2026-01-14T07:14:25.789772+00:00,USDCHF,Direction.SHORT,0.80141,0.80077,0.07,4.479999999999818,TAKE_PROFIT,54668147742
2026-01-14T07:14:25.954736+00:00,USDCHF,Direction.SHORT,0.80135,0.80077,0.07,4.0600000000001755,TAKE_PROFIT,54668151202
2026-01-14T07:14:26.119051+00:00,USDCHF,Direction.SHORT,0.80135,0.80077,0.07,4.0600000000001755,TAKE_PROFIT,54668153910
2026-01-14T07:14:46.625458+00:00,USDCHF,Direction.SHORT,0.80144,0.80081,0.07,4.410000000000136,TAKE_PROFIT,54668112512
2026-01-14T07:14:46.780586+00:00,USDCHF,Direction.SHORT,0.8014,0.80081,0.07,4.129999999999856,TAKE_PROFIT,54668116379
2026-01-14T07:14:46.938663+00:00,USDCHF,Direction.SHORT,0.80141,0.80081,0.07,4.199999999999537,TAKE_PROFIT,54668119016
2026-01-14T07:14:47.100901+00:00,USDCHF,Direction.SHORT,0.80141,0.80081,0.07,4.199999999999537,TAKE_PROFIT,54668121466
2026-01-14T07:14:47.273116+00:00,USDCHF,Direction.SHORT,0.80141,0.80081,0.07,4.199999999999537,TAKE_PROFIT,54668124260
2026-01-14T07:14:47.432900+00:00,USDCHF,Direction.SHORT,0.8014,0.80081,0.07,4.129999999999856,TAKE_PROFIT,54668131830
2026-01-14T07:14:47.590711+00:00,USDCHF,Direction.SHORT,0.80144,0.80081,0.07,4.410000000000136,TAKE_PROFIT,54668141552
2026-01-14T07:14:47.749535+00:00,USDCHF,Direction.SHORT,0.80144,0.80081,0.07,4.410000000000136,TAKE_PROFIT,54668141580
2026-01-14T07:14:47.908188+00:00,USDCHF,Direction.SHORT,0.80141,0.80081,0.07,4.199999999999537,TAKE_PROFIT,54668144199
2026-01-14T07:14:48.069443+00:00,USDCHF,Direction.SHORT,0.80141,0.80081,0.07,4.199999999999537,TAKE_PROFIT,54668144212
2026-01-14T07:14:48.227258+00:00,USDCHF,Direction.SHORT,0.80141,0.80081,0.07,4.199999999999537,TAKE_PROFIT,54668144228
2026-01-14T07:14:48.392889+00:00,USDCHF,Direction.SHORT,0.80141,0.80081,0.07,4.199999999999537,TAKE_PROFIT,54668144256
2026-01-14T07:14:48.553145+00:00,USDCHF,Direction.SHORT,0.80141,0.80081,0.07,4.199999999999537,TAKE_PROFIT,54668147742
2026-01-14T07:15:08.249733+00:00,USDCHF,Direction.SHORT,0.80144,0.80081,0.07,4.410000000000136,TAKE_PROFIT,54668112512
2026-01-14T07:15:08.408320+00:00,USDCHF,Direction.SHORT,0.8014,0.80081,0.07,4.129999999999856,TAKE_PROFIT,54668116379
2026-01-14T07:15:08.565919+00:00,USDCHF,Direction.SHORT,0.80141,0.80081,0.07,4.199999999999537,TAKE_PROFIT,54668119016
2026-01-14T07:15:08.723301+00:00,USDCHF,Direction.SHORT,0.80141,0.80081,0.07,4.199999999999537,TAKE_PROFIT,54668121466
2026-01-14T07:15:08.878729+00:00,USDCHF,Direction.SHORT,0.80141,0.80081,0.07,4.199999999999537,TAKE_PROFIT,54668124260
2026-01-14T07:15:09.035057+00:00,USDCHF,Direction.SHORT,0.8014,0.80081,0.07,4.129999999999856,TAKE_PROFIT,54668131830
2026-01-14T07:15:09.194369+00:00,USDCHF,Direction.SHORT,0.80144,0.80081,0.07,4.410000000000136,TAKE_PROFIT,54668141552
2026-01-14T07:15:09.352114+00:00,USDCHF,Direction.SHORT,0.80144,0.80081,0.07,4.410000000000136,TAKE_PROFIT,54668141580
2026-01-14T07:15:09.507805+00:00,USDCHF,Direction.SHORT,0.80141,0.80081,0.07,4.199999999999537,TAKE_PROFIT,54668144199
2026-01-14T07:15:09.667693+00:00,USDCHF,Direction.SHORT,0.80141,0.80081,0.07,4.199999999999537,TAKE_PROFIT,54668144212
2026-01-14T07:15:09.826750+00:00,USDCHF,Direction.SHORT,0.80141,0.80081,0.07,4.199999999999537,TAKE_PROFIT,54668144228
2026-01-14T07:15:10.017665+00:00,USDCHF,Direction.SHORT,0.80141,0.80081,0.07,4.199999999999537,TAKE_PROFIT,54668144256
2026-01-14T07:15:10.171265+00:00,USDCHF,Direction.SHORT,0.80141,0.80081,0.07,4.199999999999537,TAKE_PROFIT,54668147742
2026-01-14T07:15:29.318452+00:00,USDCHF,Direction.SHORT,0.80144,0.8008,0.07,4.480000000000595,TAKE_PROFIT,54668112512
2026-01-14T07:15:29.476190+00:00,USDCHF,Direction.SHORT,0.8014,0.8008,0.07,4.200000000000315,TAKE_PROFIT,54668116379
2026-01-14T07:15:29.630770+00:00,USDCHF,Direction.SHORT,0.80141,0.8008,0.07,4.269999999999997,TAKE_PROFIT,54668119016
2026-01-14T07:15:29.788761+00:00,USDCHF,Direction.SHORT,0.80141,0.8008,0.07,4.269999999999997,TAKE_PROFIT,54668121466
2026-01-14T07:15:29.948454+00:00,USDCHF,Direction.SHORT,0.80141,0.8008,0.07,4.269999999999997,TAKE_PROFIT,54668124260
2026-01-14T07:15:30.112496+00:00,USDCHF,Direction.SHORT,0.8014,0.8008,0.07,4.200000000000315,TAKE_PROFIT,54668131830
2026-01-14T07:15:30.283636+00:00,USDCHF,Direction.SHORT,0.80144,0.8008,0.07,4.480000000000595,TAKE_PROFIT,54668141552
2026-01-14T07:15:30.449750+00:00,USDCHF,Direction.SHORT,0.80144,0.8008,0.07,4.480000000000595,TAKE_PROFIT,54668141580
2026-01-14T07:15:30.624478+00:00,USDCHF,Direction.SHORT,0.80141,0.8008,0.07,4.269999999999997,TAKE_PROFIT,54668144199
2026-01-14T07:15:30.784092+00:00,USDCHF,Direction.SHORT,0.80141,0.8008,0.07,4.269999999999997,TAKE_PROFIT,54668144212
2026-01-14T07:15:30.952223+00:00,USDCHF,Direction.SHORT,0.80141,0.8008,0.07,4.269999999999997,TAKE_PROFIT,54668144228
2026-01-14T07:15:31.109876+00:00,USDCHF,Direction.SHORT,0.80141,0.8008,0.07,4.269999999999997,TAKE_PROFIT,54668144256
2026-01-14T07:15:31.274955+00:00,USDCHF,Direction.SHORT,0.80141,0.8008,0.07,4.269999999999997,TAKE_PROFIT,54668147742
2026-01-14T07:15:50.449427+00:00,USDCHF,Direction.SHORT,0.80144,0.80081,0.07,4.410000000000136,TAKE_PROFIT,54668112512
2026-01-14T07:15:50.618914+00:00,USDCHF,Direction.SHORT,0.8014,0.80081,0.07,4.129999999999856,TAKE_PROFIT,54668116379
2026-01-14T07:15:50.775195+00:00,USDCHF,Direction.SHORT,0.80141,0.80081,0.07,4.199999999999537,TAKE_PROFIT,54668119016
2026-01-14T07:15:50.934609+00:00,USDCHF,Direction.SHORT,0.80141,0.80081,0.07,4.199999999999537,TAKE_PROFIT,54668121466
2026-01-14T07:15:51.092329+00:00,USDCHF,Direction.SHORT,0.80141,0.80081,0.07,4.199999999999537,TAKE_PROFIT,54668124260
2026-01-14T07:15:51.250908+00:00,USDCHF,Direction.SHORT,0.8014,0.80081,0.07,4.129999999999856,TAKE_PROFIT,54668131830
2026-01-14T07:15:51.407700+00:00,USDCHF,Direction.SHORT,0.80144,0.80081,0.07,4.410000000000136,TAKE_PROFIT,54668141552
2026-01-14T07:15:51.573902+00:00,USDCHF,Direction.SHORT,0.80144,0.80081,0.07,4.410000000000136,TAKE_PROFIT,54668141580
2026-01-14T07:15:51.729967+00:00,USDCHF,Direction.SHORT,0.80141,0.80081,0.07,4.199999999999537,TAKE_PROFIT,54668144199
2026-01-14T07:15:51.915579+00:00,USDCHF,Direction.SHORT,0.80141,0.80081,0.07,4.199999999999537,TAKE_PROFIT,54668144212
2026-01-14T07:15:52.078816+00:00,USDCHF,Direction.SHORT,0.80141,0.80081,0.07,4.199999999999537,TAKE_PROFIT,54668144228
2026-01-14T07:15:52.233162+00:00,USDCHF,Direction.SHORT,0.80141,0.80081,0.07,4.199999999999537,TAKE_PROFIT,54668144256
2026-01-14T07:15:52.416459+00:00,USDCHF,Direction.SHORT,0.80141,0.80081,0.07,4.199999999999537,TAKE_PROFIT,54668147742
2026-01-14T07:16:12.412746+00:00,USDCHF,Direction.SHORT,0.80144,0.80075,0.07,4.830000000000556,TAKE_PROFIT,54668112512
2026-01-14T07:16:12.572487+00:00,USDCHF,Direction.SHORT,0.8014,0.80075,0.07,4.550000000000277,TAKE_PROFIT,54668116379
2026-01-14T07:16:12.730332+00:00,USDCHF,Direction.SHORT,0.80141,0.80075,0.07,4.6199999999999575,TAKE_PROFIT,54668119016
2026-01-14T07:16:12.887004+00:00,USDCHF,Direction.SHORT,0.80141,0.80075,0.07,4.6199999999999575,TAKE_PROFIT,54668121466
2026-01-14T07:16:13.090784+00:00,USDCHF,Direction.SHORT,0.80141,0.80075,0.07,4.6199999999999575,TAKE_PROFIT,54668124260
2026-01-14T07:16:13.261166+00:00,USDCHF,Direction.SHORT,0.8014,0.80075,0.07,4.550000000000277,TAKE_PROFIT,54668131830
2026-01-14T07:16:13.416916+00:00,USDCHF,Direction.SHORT,0.80144,0.80075,0.07,4.830000000000556,TAKE_PROFIT,54668141552
2026-01-14T07:16:13.575149+00:00,USDCHF,Direction.SHORT,0.80144,0.80075,0.07,4.830000000000556,TAKE_PROFIT,54668141580
2026-01-14T07:16:13.733879+00:00,USDCHF,Direction.SHORT,0.80141,0.80075,0.07,4.6199999999999575,TAKE_PROFIT,54668144199
2026-01-14T07:16:13.891622+00:00,USDCHF,Direction.SHORT,0.80141,0.80075,0.07,4.6199999999999575,TAKE_PROFIT,54668144212
2026-01-14T07:16:14.049590+00:00,USDCHF,Direction.SHORT,0.80141,0.80075,0.07,4.6199999999999575,TAKE_PROFIT,54668144228
2026-01-14T07:16:14.206804+00:00,USDCHF,Direction.SHORT,0.80141,0.80075,0.07,4.6199999999999575,TAKE_PROFIT,54668144256
2026-01-14T07:16:14.363496+00:00,USDCHF,Direction.SHORT,0.80141,0.80075,0.07,4.6199999999999575,TAKE_PROFIT,54668147742
2026-01-14T07:16:14.532443+00:00,USDCHF,Direction.SHORT,0.80135,0.80075,0.07,4.200000000000315,TAKE_PROFIT,54668151202
2026-01-14T07:16:14.690720+00:00,USDCHF,Direction.SHORT,0.80135,0.80075,0.07,4.200000000000315,TAKE_PROFIT,54668153910
2026-01-14T07:16:14.849243+00:00,USDCHF,Direction.SHORT,0.80134,0.80075,0.07,4.130000000000634,TAKE_PROFIT,54668156604
2026-01-14T07:16:15.006509+00:00,USDCHF,Direction.SHORT,0.80133,0.80075,0.07,4.0600000000001755,TAKE_PROFIT,54668160437
2026-01-14T07:16:36.820803+00:00,USDCHF,Direction.SHORT,0.80144,0.80075,0.07,4.830000000000556,TAKE_PROFIT,54668112512
2026-01-14T07:16:36.978050+00:00,USDCHF,Direction.SHORT,0.8014,0.80075,0.07,4.550000000000277,TAKE_PROFIT,54668116379
2026-01-14T07:16:37.139666+00:00,USDCHF,Direction.SHORT,0.80141,0.80075,0.07,4.6199999999999575,TAKE_PROFIT,54668119016
2026-01-14T07:16:37.299581+00:00,USDCHF,Direction.SHORT,0.80141,0.80075,0.07,4.6199999999999575,TAKE_PROFIT,54668121466
2026-01-14T07:16:37.465328+00:00,USDCHF,Direction.SHORT,0.80141,0.80075,0.07,4.6199999999999575,TAKE_PROFIT,54668124260
2026-01-14T07:16:37.620471+00:00,USDCHF,Direction.SHORT,0.8014,0.80075,0.07,4.550000000000277,TAKE_PROFIT,54668131830
2026-01-14T07:16:37.775176+00:00,USDCHF,Direction.SHORT,0.80144,0.80075,0.07,4.830000000000556,TAKE_PROFIT,54668141552
2026-01-14T07:16:37.934244+00:00,USDCHF,Direction.SHORT,0.80144,0.80075,0.07,4.830000000000556,TAKE_PROFIT,54668141580
2026-01-14T07:16:38.092076+00:00,USDCHF,Direction.SHORT,0.80141,0.80075,0.07,4.6199999999999575,TAKE_PROFIT,54668144199
2026-01-14T07:16:38.252556+00:00,USDCHF,Direction.SHORT,0.80141,0.80075,0.07,4.6199999999999575,TAKE_PROFIT,54668144212
2026-01-14T07:16:38.409789+00:00,USDCHF,Direction.SHORT,0.80141,0.80075,0.07,4.6199999999999575,TAKE_PROFIT,54668144228
2026-01-14T07:16:38.571389+00:00,USDCHF,Direction.SHORT,0.80141,0.80075,0.07,4.6199999999999575,TAKE_PROFIT,54668144256
2026-01-14T07:16:38.724977+00:00,USDCHF,Direction.SHORT,0.80141,0.80075,0.07,4.6199999999999575,TAKE_PROFIT,54668147742
2026-01-14T07:16:38.880813+00:00,USDCHF,Direction.SHORT,0.80135,0.80075,0.07,4.200000000000315,TAKE_PROFIT,54668151202
2026-01-14T07:16:39.038731+00:00,USDCHF,Direction.SHORT,0.80135,0.80075,0.07,4.200000000000315,TAKE_PROFIT,54668153910
2026-01-14T07:16:39.195656+00:00,USDCHF,Direction.SHORT,0.80134,0.80075,0.07,4.130000000000634,TAKE_PROFIT,54668156604
2026-01-14T07:16:39.373569+00:00,USDCHF,Direction.SHORT,0.80133,0.80075,0.07,4.0600000000001755,TAKE_PROFIT,54668160437
2026-01-14T07:17:23.277521+00:00,USDCHF,Direction.SHORT,0.80134,0.80076,0.07,4.0600000000001755,TAKE_PROFIT,54668156604
2026-01-14T07:17:44.831730+00:00,USDCHF,Direction.SHORT,0.80134,0.80074,0.07,4.200000000000315,TAKE_PROFIT,54668156604
2026-01-14T07:17:44.999529+00:00,USDCHF,Direction.SHORT,0.80133,0.80074,0.07,4.129999999999856,TAKE_PROFIT,54668160437
2026-01-14T07:17:56.889528+00:00,USDCHF,Direction.SHORT,0.80134,0.80074,0.07,4.200000000000315,TAKE_PROFIT,54668156604
2026-01-14T07:17:57.047555+00:00,USDCHF,Direction.SHORT,0.80133,0.80074,0.07,4.129999999999856,TAKE_PROFIT,54668160437
2026-01-14T07:18:09.013033+00:00,USDCHF,Direction.SHORT,0.80134,0.80063,0.07,4.970000000000697,TAKE_PROFIT,54668156604
2026-01-14T07:18:09.169594+00:00,USDCHF,Direction.SHORT,0.80133,0.80063,0.07,4.9000000000002375,TAKE_PROFIT,54668160437
2026-01-14T07:18:21.145364+00:00,USDCHF,Direction.SHORT,0.80134,0.8006,0.07,5.180000000000518,TAKE_PROFIT,54668156604
2026-01-14T07:18:21.301561+00:00,USDCHF,Direction.SHORT,0.80133,0.8006,0.07,5.110000000000059,TAKE_PROFIT,54668160437
2026-01-14T07:18:33.172248+00:00,USDCHF,Direction.SHORT,0.80134,0.8006,0.07,5.180000000000518,TAKE_PROFIT,54668156604
2026-01-14T07:18:33.330770+00:00,USDCHF,Direction.SHORT,0.80133,0.8006,0.07,5.110000000000059,TAKE_PROFIT,54668160437
2026-01-14T07:18:46.018054+00:00,USDCHF,Direction.SHORT,0.80134,0.8006,0.07,5.180000000000518,TAKE_PROFIT,54668156604
2026-01-14T07:18:46.187297+00:00,USDCHF,Direction.SHORT,0.80133,0.8006,0.07,5.110000000000059,TAKE_PROFIT,54668160437
2026-01-14T07:18:58.121377+00:00,USDCHF,Direction.SHORT,0.80134,0.8006,0.07,5.180000000000518,TAKE_PROFIT,54668156604
2026-01-14T07:18:58.279330+00:00,USDCHF,Direction.SHORT,0.80133,0.8006,0.07,5.110000000000059,TAKE_PROFIT,54668160437
2026-01-14T07:19:10.184536+00:00,USDCHF,Direction.SHORT,0.80134,0.80064,0.07,4.9000000000002375,TAKE_PROFIT,54668156604
2026-01-14T07:19:10.342568+00:00,USDCHF,Direction.SHORT,0.80133,0.80064,0.07,4.829999999999779,TAKE_PROFIT,54668160437
2026-01-14T07:19:22.215564+00:00,USDCHF,Direction.SHORT,0.80134,0.80062,0.07,5.040000000000378,TAKE_PROFIT,54668156604
2026-01-14T07:19:22.371218+00:00,USDCHF,Direction.SHORT,0.80133,0.80062,0.07,4.96999999999992,TAKE_PROFIT,54668160437
2026-01-14T07:19:34.288865+00:00,USDCHF,Direction.SHORT,0.80134,0.80065,0.07,4.830000000000556,TAKE_PROFIT,54668156604
2026-01-14T07:19:34.453747+00:00,USDCHF,Direction.SHORT,0.80133,0.80065,0.07,4.760000000000098,TAKE_PROFIT,54668160437
2026-01-14T07:19:46.862523+00:00,USDCHF,Direction.SHORT,0.80134,0.80065,0.07,4.830000000000556,TAKE_PROFIT,54668156604
2026-01-14T07:19:47.032824+00:00,USDCHF,Direction.SHORT,0.80133,0.80065,0.07,4.760000000000098,TAKE_PROFIT,54668160437
2026-01-14T07:19:58.924128+00:00,USDCHF,Direction.SHORT,0.80134,0.80066,0.07,4.760000000000098,TAKE_PROFIT,54668156604
2026-01-14T07:19:59.092468+00:00,USDCHF,Direction.SHORT,0.80133,0.80066,0.07,4.68999999999964,TAKE_PROFIT,54668160437
2026-01-14T07:20:10.973292+00:00,USDCHF,Direction.SHORT,0.80134,0.80066,0.07,4.760000000000098,TAKE_PROFIT,54668156604
2026-01-14T07:20:11.130838+00:00,USDCHF,Direction.SHORT,0.80133,0.80066,0.07,4.68999999999964,TAKE_PROFIT,54668160437
2026-01-14T07:20:23.013407+00:00,USDCHF,Direction.SHORT,0.80134,0.80066,0.07,4.760000000000098,TAKE_PROFIT,54668156604
2026-01-14T07:20:23.185425+00:00,USDCHF,Direction.SHORT,0.80133,0.80066,0.07,4.68999999999964,TAKE_PROFIT,54668160437
2026-01-14T07:20:35.242335+00:00,USDCHF,Direction.SHORT,0.80134,0.80067,0.07,4.690000000000416,TAKE_PROFIT,54668156604
2026-01-14T07:20:35.398078+00:00,USDCHF,Direction.SHORT,0.80133,0.80067,0.07,4.6199999999999575,TAKE_PROFIT,54668160437
2026-01-14T07:20:47.367732+00:00,USDCHF,Direction.SHORT,0.80134,0.80066,0.07,4.760000000000098,TAKE_PROFIT,54668156604
2026-01-14T07:20:47.523144+00:00,USDCHF,Direction.SHORT,0.80133,0.80066,0.07,4.68999999999964,TAKE_PROFIT,54668160437
2026-01-14T07:20:59.387480+00:00,USDCHF,Direction.SHORT,0.80134,0.80069,0.07,4.550000000000277,TAKE_PROFIT,54668156604
2026-01-14T07:20:59.544011+00:00,USDCHF,Direction.SHORT,0.80133,0.80069,0.07,4.479999999999818,TAKE_PROFIT,54668160437
2026-01-14T07:21:11.408119+00:00,USDCHF,Direction.SHORT,0.80134,0.8007,0.07,4.480000000000595,TAKE_PROFIT,54668156604
2026-01-14T07:21:11.567533+00:00,USDCHF,Direction.SHORT,0.80133,0.8007,0.07,4.410000000000136,TAKE_PROFIT,54668160437
2026-01-14T07:21:23.478686+00:00,USDCHF,Direction.SHORT,0.80134,0.80065,0.07,4.830000000000556,TAKE_PROFIT,54668156604
2026-01-14T07:21:23.642394+00:00,USDCHF,Direction.SHORT,0.80133,0.80065,0.07,4.760000000000098,TAKE_PROFIT,54668160437
2026-01-14T07:21:35.542204+00:00,USDCHF,Direction.SHORT,0.80134,0.80066,0.07,4.760000000000098,TAKE_PROFIT,54668156604
2026-01-14T07:21:35.700606+00:00,USDCHF,Direction.SHORT,0.80133,0.80066,0.07,4.68999999999964,TAKE_PROFIT,54668160437
2026-01-14T07:21:47.573361+00:00,USDCHF,Direction.SHORT,0.80134,0.80065,0.07,4.830000000000556,TAKE_PROFIT,54668156604
2026-01-14T07:21:47.729877+00:00,USDCHF,Direction.SHORT,0.80133,0.80065,0.07,4.760000000000098,TAKE_PROFIT,54668160437
2026-01-14T07:21:59.614443+00:00,USDCHF,Direction.SHORT,0.80134,0.80065,0.07,4.830000000000556,TAKE_PROFIT,54668156604
2026-01-14T07:21:59.768642+00:00,USDCHF,Direction.SHORT,0.80133,0.80065,0.07,4.760000000000098,TAKE_PROFIT,54668160437
2026-01-14T07:22:11.672916+00:00,USDCHF,Direction.SHORT,0.80134,0.80066,0.07,4.760000000000098,TAKE_PROFIT,54668156604
2026-01-14T07:22:11.837698+00:00,USDCHF,Direction.SHORT,0.80133,0.80066,0.07,4.68999999999964,TAKE_PROFIT,54668160437
2026-01-14T07:22:23.722238+00:00,USDCHF,Direction.SHORT,0.80134,0.8007,0.07,4.480000000000595,TAKE_PROFIT,54668156604
2026-01-14T07:22:23.878615+00:00,USDCHF,Direction.SHORT,0.80133,0.8007,0.07,4.410000000000136,TAKE_PROFIT,54668160437
2026-01-14T07:22:46.473117+00:00,USDCHF,Direction.SHORT,0.80134,0.80076,0.07,4.0600000000001755,TAKE_PROFIT,54668156604
2026-01-14T07:22:57.660960+00:00,USDCHF,Direction.SHORT,0.80134,0.80076,0.07,4.0600000000001755,TAKE_PROFIT,54668156604
2026-01-14T07:23:08.845825+00:00,USDCHF,Direction.SHORT,0.80134,0.80075,0.07,4.130000000000634,TAKE_PROFIT,54668156604
2026-01-14T07:23:09.001131+00:00,USDCHF,Direction.SHORT,0.80133,0.80075,0.07,4.0600000000001755,TAKE_PROFIT,54668160437
2026-01-14T07:23:20.904655+00:00,USDCHF,Direction.SHORT,0.80134,0.80076,0.07,4.0600000000001755,TAKE_PROFIT,54668156604
2026-01-14T07:23:32.059041+00:00,USDCHF,Direction.SHORT,0.80134,0.80076,0.07,4.0600000000001755,TAKE_PROFIT,54668156604
2026-01-14T07:23:43.258695+00:00,USDCHF,Direction.SHORT,0.80134,0.80075,0.07,4.130000000000634,TAKE_PROFIT,54668156604
2026-01-14T07:23:43.440465+00:00,USDCHF,Direction.SHORT,0.80133,0.80075,0.07,4.0600000000001755,TAKE_PROFIT,54668160437
2026-01-14T07:23:55.993658+00:00,USDCHF,Direction.SHORT,0.80134,0.80074,0.07,4.200000000000315,TAKE_PROFIT,54668156604
2026-01-14T07:23:56.161001+00:00,USDCHF,Direction.SHORT,0.80133,0.80074,0.07,4.129999999999856,TAKE_PROFIT,54668160437
2026-01-14T07:24:08.059667+00:00,USDCHF,Direction.SHORT,0.80134,0.80076,0.07,4.0600000000001755,TAKE_PROFIT,54668156604
2026-01-14T07:24:29.634447+00:00,USDCHF,Direction.SHORT,0.80134,0.80076,0.07,4.0600000000001755,TAKE_PROFIT,54668156604
2026-01-14T07:24:40.810659+00:00,USDCHF,Direction.SHORT,0.80134,0.80076,0.07,4.0600000000001755,TAKE_PROFIT,54668156604
2026-01-14T07:24:52.033759+00:00,USDCHF,Direction.SHORT,0.80134,0.80076,0.07,4.0600000000001755,TAKE_PROFIT,54668156604
2026-01-14T07:25:03.225071+00:00,USDCHF,Direction.SHORT,0.80134,0.80076,0.07,4.0600000000001755,TAKE_PROFIT,54668156604
2026-01-14T07:25:14.445870+00:00,USDCHF,Direction.SHORT,0.80134,0.80076,0.07,4.0600000000001755,TAKE_PROFIT,54668156604
2026-01-14T07:25:25.632871+00:00,USDCHF,Direction.SHORT,0.80134,0.80075,0.07,4.130000000000634,TAKE_PROFIT,54668156604
2026-01-14T07:25:25.790432+00:00,USDCHF,Direction.SHORT,0.80133,0.80075,0.07,4.0600000000001755,TAKE_PROFIT,54668160437
2026-01-14T07:25:37.755822+00:00,USDCHF,Direction.SHORT,0.80134,0.80069,0.07,4.550000000000277,TAKE_PROFIT,54668156604
2026-01-14T07:25:37.919222+00:00,USDCHF,Direction.SHORT,0.80133,0.80069,0.07,4.479999999999818,TAKE_PROFIT,54668160437
2026-01-14T07:25:49.877743+00:00,USDCHF,Direction.SHORT,0.80134,0.80067,0.07,4.690000000000416,TAKE_PROFIT,54668156604
2026-01-14T07:25:50.035005+00:00,USDCHF,Direction.SHORT,0.80133,0.80067,0.07,4.6199999999999575,TAKE_PROFIT,54668160437
2026-01-14T07:26:02.047579+00:00,USDCHF,Direction.SHORT,0.80134,0.80066,0.07,4.760000000000098,TAKE_PROFIT,54668156604
2026-01-14T07:26:02.219717+00:00,USDCHF,Direction.SHORT,0.80133,0.80066,0.07,4.68999999999964,TAKE_PROFIT,54668160437
2026-01-14T07:26:14.183425+00:00,USDCHF,Direction.SHORT,0.80134,0.80066,0.07,4.760000000000098,TAKE_PROFIT,54668156604
2026-01-14T07:26:14.338340+00:00,USDCHF,Direction.SHORT,0.80133,0.80066,0.07,4.68999999999964,TAKE_PROFIT,54668160437
2026-01-14T07:26:26.220972+00:00,USDCHF,Direction.SHORT,0.80134,0.8007,0.07,4.480000000000595,TAKE_PROFIT,54668156604
2026-01-14T07:26:26.374697+00:00,USDCHF,Direction.SHORT,0.80133,0.8007,0.07,4.410000000000136,TAKE_PROFIT,54668160437
2026-01-14T07:26:38.272948+00:00,USDCHF,Direction.SHORT,0.80134,0.8007,0.07,4.480000000000595,TAKE_PROFIT,54668156604
2026-01-14T07:26:38.427504+00:00,USDCHF,Direction.SHORT,0.80133,0.8007,0.07,4.410000000000136,TAKE_PROFIT,54668160437
2026-01-14T07:26:50.445789+00:00,USDCHF,Direction.SHORT,0.80134,0.80072,0.07,4.3400000000004555,TAKE_PROFIT,54668156604
2026-01-14T07:26:50.692331+00:00,USDCHF,Direction.SHORT,0.80133,0.80072,0.07,4.269999999999997,TAKE_PROFIT,54668160437
2026-01-14T07:27:02.865340+00:00,USDCHF,Direction.SHORT,0.80134,0.80072,0.07,4.3400000000004555,TAKE_PROFIT,54668156604
2026-01-14T07:27:03.030774+00:00,USDCHF,Direction.SHORT,0.80133,0.80072,0.07,4.269999999999997,TAKE_PROFIT,54668160437
2026-01-14T07:27:14.913725+00:00,USDCHF,Direction.SHORT,0.80134,0.80072,0.07,4.3400000000004555,TAKE_PROFIT,54668156604
2026-01-14T07:27:15.080761+00:00,USDCHF,Direction.SHORT,0.80133,0.80072,0.07,4.269999999999997,TAKE_PROFIT,54668160437
2026-01-14T07:27:26.974343+00:00,USDCHF,Direction.SHORT,0.80134,0.80071,0.07,4.410000000000136,TAKE_PROFIT,54668156604
2026-01-14T07:27:27.132850+00:00,USDCHF,Direction.SHORT,0.80133,0.80071,0.07,4.339999999999678,TAKE_PROFIT,54668160437
2026-01-14T07:27:39.033639+00:00,USDCHF,Direction.SHORT,0.80134,0.80075,0.07,4.130000000000634,TAKE_PROFIT,54668156604
2026-01-14T07:27:39.190695+00:00,USDCHF,Direction.SHORT,0.80133,0.80075,0.07,4.0600000000001755,TAKE_PROFIT,54668160437
2026-01-14T07:27:51.090940+00:00,USDCHF,Direction.SHORT,0.80134,0.80076,0.07,4.0600000000001755,TAKE_PROFIT,54668156604
2026-01-14T07:28:43.758789+00:00,USDCHF,Direction.SHORT,0.80134,0.80076,0.07,4.0600000000001755,TAKE_PROFIT,54668156604
2026-01-14T07:28:55.080902+00:00,USDCHF,Direction.SHORT,0.80134,0.80076,0.07,4.0600000000001755,TAKE_PROFIT,54668156604
2026-01-14T07:29:06.445729+00:00,USDCHF,Direction.SHORT,0.80134,0.80076,0.07,4.0600000000001755,TAKE_PROFIT,54668156604
2026-01-14T07:29:28.130288+00:00,USDCHF,Direction.SHORT,0.80134,0.80076,0.07,4.0600000000001755,TAKE_PROFIT,54668156604
2026-01-14T07:29:39.319260+00:00,USDCHF,Direction.SHORT,0.80134,0.80076,0.07,4.0600000000001755,TAKE_PROFIT,54668156604
2026-01-14T07:30:31.875673+00:00,USDCHF,Direction.SHORT,0.80134,0.80075,0.07,4.130000000000634,TAKE_PROFIT,54668156604
2026-01-14T07:30:32.035047+00:00,USDCHF,Direction.SHORT,0.80133,0.80075,0.07,4.0600000000001755,TAKE_PROFIT,54668160437
2026-01-14T07:30:43.903338+00:00,USDCHF,Direction.SHORT,0.80134,0.80076,0.07,4.0600000000001755,TAKE_PROFIT,54668156604
2026-01-14T22:06:00.098336+00:00,USDCHF,Direction.SHORT,0.80134,0.80042,0.07,6.440000000000224,TAKE_PROFIT,54668156604
2026-01-14T22:06:00.360688+00:00,USDCHF,Direction.SHORT,0.80133,0.80042,0.07,6.369999999999766,TAKE_PROFIT,54668160437
2026-01-14T22:06:00.566405+00:00,USDCHF,Direction.LONG,0.80066,0.79943,0.07,-8.610000000000452,TIME_EXIT,54669149104
2026-01-14T22:06:00.765984+00:00,USDCHF,Direction.LONG,0.80066,0.79943,0.07,-8.610000000000452,TIME_EXIT,54669151141
2026-01-14T22:06:00.973885+00:00,USDCHF,Direction.LONG,0.80066,0.79943,0.07,-8.610000000000452,TIME_EXIT,54669151154
2026-01-14T22:06:01.170005+00:00,USDCHF,Direction.LONG,0.80072,0.79943,0.07,-9.030000000000095,TIME_EXIT,54669166056
2026-01-14T22:06:01.362666+00:00,USDCHF,Direction.LONG,0.80071,0.79943,0.07,-8.960000000000413,TIME_EXIT,54669168921
2026-01-14T22:06:01.555142+00:00,USDCHF,Direction.LONG,0.80071,0.79943,0.07,-8.960000000000413,TIME_EXIT,54669168935
2026-01-14T22:06:01.751102+00:00,USDCHF,Direction.LONG,0.80075,0.79943,0.07,-9.239999999999915,TIME_EXIT,54669171228
2026-01-14T22:06:01.933166+00:00,USDCHF,Direction.LONG,0.80075,0.79943,0.07,-9.239999999999915,TIME_EXIT,54669171253
2026-01-14T22:06:02.120661+00:00,USDCHF,Direction.LONG,0.80076,0.79943,0.07,-9.310000000000374,TIME_EXIT,54669174242
2026-01-14T22:06:02.313538+00:00,USDCHF,Direction.LONG,0.80076,0.79943,0.07,-9.310000000000374,TIME_EXIT,54669184447
2026-01-14T22:06:02.497781+00:00,USDCHF,Direction.LONG,0.80076,0.79943,0.07,-9.310000000000374,TIME_EXIT,54669187142
2026-01-14T22:06:02.685612+00:00,USDCHF,Direction.LONG,0.80076,0.79943,0.07,-9.310000000000374,TIME_EXIT,54669189072
2026-01-14T22:06:02.873785+00:00,USDCHF,Direction.LONG,0.80076,0.79943,0.07,-9.310000000000374,TIME_EXIT,54669192165
2026-01-14T22:06:03.093511+00:00,USDCHF,Direction.LONG,0.80076,0.79943,0.07,-9.310000000000374,TIME_EXIT,54669193331
2026-01-14T22:06:03.289786+00:00,USDCHF,Direction.LONG,0.80075,0.79943,0.07,-9.239999999999915,TIME_EXIT,54669204985
2026-01-14T22:06:03.478792+00:00,USDCHF,Direction.LONG,0.80075,0.79943,0.07,-9.239999999999915,TIME_EXIT,54669205013
2026-01-14T22:06:03.662727+00:00,USDCHF,Direction.LONG,0.80076,0.79943,0.07,-9.310000000000374,TIME_EXIT,54669208426
2026-01-14T22:06:17.928197+00:00,USDCHF,Direction.SHORT,0.80134,0.80042,0.07,6.440000000000224,TAKE_PROFIT,54668156604
2026-01-14T22:06:18.125682+00:00,USDCHF,Direction.SHORT,0.80133,0.80042,0.07,6.369999999999766,TAKE_PROFIT,54668160437
2026-01-14T22:06:30.618547+00:00,USDCHF,Direction.SHORT,0.80134,0.80042,0.07,6.440000000000224,TAKE_PROFIT,54668156604
2026-01-14T22:06:30.801847+00:00,USDCHF,Direction.SHORT,0.80133,0.80042,0.07,6.369999999999766,TAKE_PROFIT,54668160437
2026-01-14T22:18:20.977149+00:00,USDCHF,Direction.SHORT,0.80102,0.8,0.04,4.0799999999996395,TAKE_PROFIT,54668770647
2026-01-15T02:41:57.114138+00:00,EURUSD,Direction.LONG,1.1639,1.16392,10.0,20.000000000131024,TAKE_PROFIT,54684748345
2026-01-15T02:42:07.632209+00:00,EURUSD,Direction.LONG,1.1639,1.16393,10.0,29.99999999997449,TAKE_PROFIT,54684748345
2026-01-15T02:42:18.199563+00:00,EURUSD,Direction.LONG,1.1639,1.16395,10.0,50.000000000105516,TAKE_PROFIT,54684748345
2026-01-15T16:03:28.716519+00:00,AUDUSD,Direction.SHORT,0.66787,0.67006,0.07,-15.330000000000178,TIME_EXIT,54686687031
2026-01-23T21:08:49.242885+00:00,USDCHF,Direction.SHORT,0.78242,0.7813,0.07,7.84000000000007,TAKE_PROFIT,54804896314
2026-01-25T22:36:47.798495+00:00,USDCAD,Direction.LONG,1.37093,1.37028,0.07,-4.550000000000277,TIME_EXIT,54804583217
2026-01-25T22:36:47.980256+00:00,AUDUSD,Direction.SHORT,0.68874,0.69192,0.07,-22.259999999999728,TIME_EXIT,54805036113
2026-01-25T22:36:48.169673+00:00,USDJPY,Direction.LONG,155.859,154.878,0.06,-38.00410645798718,TIME_EXIT,54805543983
2026-01-25T22:36:48.356362+00:00,GBPUSD,Direction.LONG,1.3646099999999999,1.36636,0.07,12.250000000000984,TAKE_PROFIT,54805714724
2026-01-25T22:36:48.542878+00:00,EURUSD,Direction.LONG,1.18317,1.18652,0.08,26.799999999999713,TAKE_PROFIT,54805718151
2026-01-26T01:37:39.348770+00:00,AUDUSD,Direction.LONG,0.69125,0.69226,0.1,10.099999999999554,TAKE_PROFIT,54807109615
2026-01-26T03:49:59.186960+00:00,AUDUSD,Direction.SHORT,0.69226,0.69126,0.1,10.00000000000001,TAKE_PROFIT,54808373682
2026-01-26T06:00:13.875226+00:00,USDCAD,Direction.LONG,1.37019,1.36813,0.07,-14.419999999999657,TIME_EXIT,54807109679
2026-01-26T06:00:24.763546+00:00,USDCAD,Direction.LONG,1.37019,1.36815,0.07,-14.280000000000292,TIME_EXIT,54807109679
2026-01-26T06:00:35.088337+00:00,USDCAD,Direction.LONG,1.37019,1.36813,0.07,-14.419999999999657,TIME_EXIT,54807109679
2026-01-26T06:00:45.418979+00:00,USDCAD,Direction.LONG,1.37019,1.36811,0.07,-14.560000000000574,TIME_EXIT,54807109679
2026-01-26T06:00:55.798214+00:00,USDCAD,Direction.LONG,1.37019,1.36807,0.07,-14.840000000000854,TIME_EXIT,54807109679
2026-01-26T06:01:06.417827+00:00,USDCAD,Direction.LONG,1.37019,1.3681,0.07,-14.629999999999477,TIME_EXIT,54807109679
2026-01-26T06:01:16.780524+00:00,USDCAD,Direction.LONG,1.37019,1.36816,0.07,-14.209999999999836,TIME_EXIT,54807109679
2026-01-26T06:01:27.264408+00:00,USDCAD,Direction.LONG,1.37019,1.36807,0.07,-14.840000000000854,TIME_EXIT,54807109679
2026-01-26T06:01:37.792627+00:00,USDCAD,Direction.LONG,1.37019,1.36803,0.07,-15.119999999999578,TIME_EXIT,54807109679
2026-01-26T06:01:48.357395+00:00,USDCAD,Direction.LONG,1.37019,1.3679999999999999,0.07,-15.330000000000956,TIME_EXIT,54807109679
2026-01-26T06:01:59.202919+00:00,USDCAD,Direction.LONG,1.37019,1.36796,0.07,-15.60999999999968,TIME_EXIT,54807109679
2026-01-26T06:02:09.990459+00:00,USDCAD,Direction.LONG,1.37019,1.3679299999999999,0.07,-15.820000000001057,TIME_EXIT,54807109679
2026-01-26T06:02:20.321499+00:00,USDCAD,Direction.LONG,1.37019,1.3679999999999999,0.07,-15.330000000000956,TIME_EXIT,54807109679
2026-01-26T09:06:03.863927+00:00,USDCAD,Direction.LONG,1.3685399999999999,1.36815,0.06,-2.3399999999993426,TIME_EXIT,54808757309
2026-01-26T09:06:04.062385+00:00,AUDUSD,Direction.LONG,0.69126,0.69252,0.1,12.60000000000039,TAKE_PROFIT,54810009781
2026-01-26T09:06:15.394647+00:00,USDCAD,Direction.LONG,1.3685399999999999,1.36804,0.06,-2.9999999999996696,TIME_EXIT,54808757309
2026-01-26T09:06:25.828434+00:00,USDCAD,Direction.LONG,1.3685399999999999,1.3679999999999999,0.06,-3.239999999999909,TIME_EXIT,54808757309
2026-01-26T09:06:36.188499+00:00,USDCAD,Direction.LONG,1.3685399999999999,1.3679999999999999,0.06,-3.239999999999909,TIME_EXIT,54808757309
2026-01-26T09:06:46.642959+00:00,USDCAD,Direction.LONG,1.3685399999999999,1.36795,0.06,-3.5399999999992104,TIME_EXIT,54808757309
2026-01-26T10:13:22.907137+00:00,USDCAD,Direction.LONG,1.3685100000000001,1.36752,0.07,-6.930000000000326,TIME_EXIT,54810260475
2026-01-26T11:31:46.627054+00:00,AUDUSD,Direction.SHORT,0.69252,0.69151,0.1,10.100000000000664,TAKE_PROFIT,54815247299
2026-01-26T12:03:39.145752+00:00,AUDUSD,Direction.LONG,0.69151,0.69253,0.1,10.20000000000021,TAKE_PROFIT,54817760549
2026-01-26T21:57:49.459248+00:00,GBPUSD,Direction.LONG,1.36582,1.36769,0.07,13.09000000000027,TAKE_PROFIT,54818682806
2026-01-26T21:57:49.710712+00:00,AUDUSD,Direction.LONG,0.69192,0.69154,0.1,-3.79999999999936,TIME_EXIT,54818736042
2026-01-26T21:57:50.000317+00:00,USDJPY,Direction.SHORT,154.064,154.231,0.08,-8.662331178556922,TIME_EXIT,54819201433
2026-01-26T21:57:50.203289+00:00,NZDUSD,Direction.SHORT,0.59561,0.5974,0.07,-12.530000000000486,TIME_EXIT,54819726715
2026-01-26T21:57:50.433100+00:00,EURUSD,Direction.SHORT,1.18469,1.18793,0.07,-22.67999999999937,TIME_EXIT,54820279952
2026-01-26T21:58:07.545162+00:00,AUDUSD,Direction.LONG,0.69192,0.69161,0.1,-3.1000000000003247,TIME_EXIT,54818736042
2026-01-26T21:58:14.260258+00:00,USDJPY,Direction.SHORT,154.064,154.215,0.08,-7.833219855397229,TIME_EXIT,54819201433
2026-01-26T21:58:14.439113+00:00,NZDUSD,Direction.SHORT,0.59561,0.59747,0.07,-13.01999999999981,TIME_EXIT,54819726715
2026-01-26T21:58:24.901349+00:00,AUDUSD,Direction.LONG,0.69192,0.69157,0.1,-3.499999999999615,TIME_EXIT,54818736042
2026-01-26T21:58:25.077362+00:00,USDJPY,Direction.SHORT,154.064,154.228,0.08,-8.506885909174246,TIME_EXIT,54819201433
2026-01-26T21:58:25.249722+00:00,NZDUSD,Direction.SHORT,0.59561,0.59746,0.07,-12.95000000000013,TIME_EXIT,54819726715
2026-01-26T21:58:36.247127+00:00,AUDUSD,Direction.LONG,0.69192,0.69156,0.1,-3.6000000000002697,TIME_EXIT,54818736042
2026-01-26T21:58:36.421556+00:00,USDJPY,Direction.SHORT,154.064,154.242,0.08,-9.232245432502031,TIME_EXIT,54819201433
2026-01-26T21:58:36.606274+00:00,NZDUSD,Direction.SHORT,0.59561,0.59746,0.07,-12.95000000000013,TIME_EXIT,54819726715
2026-01-26T21:59:47.499566+00:00,AUDUSD,Direction.LONG,0.69192,0.69156,0.1,-3.6000000000002697,TIME_EXIT,54818736042
2026-01-26T21:59:47.679865+00:00,USDJPY,Direction.SHORT,154.064,154.221,0.08,-8.144156762049821,TIME_EXIT,54819201433
2026-01-26T21:59:47.854748+00:00,NZDUSD,Direction.SHORT,0.59561,0.59747,0.07,-13.01999999999981,TIME_EXIT,54819726715
2026-01-26T22:00:16.491402+00:00,USDJPY,Direction.SHORT,154.064,154.221,0.08,-8.144156762049821,TIME_EXIT,54819201433
2026-01-26T22:00:17.124263+00:00,NZDUSD,Direction.SHORT,0.59561,0.59747,0.07,-13.01999999999981,TIME_EXIT,54819726715
2026-01-26T22:00:29.116457+00:00,USDJPY,Direction.SHORT,154.064,154.221,0.08,-8.144156762049821,TIME_EXIT,54819201433
2026-01-26T22:00:29.286669+00:00,NZDUSD,Direction.SHORT,0.59561,0.59747,0.07,-13.01999999999981,TIME_EXIT,54819726715
2026-01-27T03:57:57.212806+00:00,NZDUSD,Direction.LONG,0.59747,0.59666,0.07,-5.669999999999843,TIME_EXIT,54831532793
2026-01-27T03:58:07.494818+00:00,NZDUSD,Direction.LONG,0.59747,0.59669,0.07,-5.459999999999243,TIME_EXIT,54831532793
2026-01-27T03:58:07.664660+00:00,GBPUSD,Direction.SHORT,1.36785,1.3683100000000001,0.06,-2.760000000000762,TIME_EXIT,54831533549
2026-01-27T03:58:18.211125+00:00,NZDUSD,Direction.LONG,0.59747,0.59669,0.07,-5.459999999999243,TIME_EXIT,54831532793
2026-01-27T03:58:18.385043+00:00,GBPUSD,Direction.SHORT,1.36785,1.3683100000000001,0.06,-2.760000000000762,TIME_EXIT,54831533549
2026-01-27T03:58:28.687049+00:00,NZDUSD,Direction.LONG,0.59747,0.5967,0.07,-5.389999999999563,TIME_EXIT,54831532793
2026-01-27T03:58:28.861117+00:00,GBPUSD,Direction.SHORT,1.36785,1.36835,0.06,-2.9999999999996696,TIME_EXIT,54831533549
2026-01-27T03:58:29.037591+00:00,NZDUSD,Direction.LONG,0.59745,0.5967,0.07,-5.2500000000002,TIME_EXIT,54831535409
2026-01-27T03:58:40.038948+00:00,GBPUSD,Direction.SHORT,1.36785,1.36835,0.06,-2.9999999999996696,TIME_EXIT,54831533549
2026-01-27T03:58:40.211780+00:00,NZDUSD,Direction.LONG,0.59745,0.5967,0.07,-5.2500000000002,TIME_EXIT,54831535409
2026-01-27T03:58:40.394513+00:00,NZDUSD,Direction.LONG,0.59746,0.5967,0.07,-5.31999999999988,TIME_EXIT,54831536541
2026-01-27T03:58:52.788706+00:00,NZDUSD,Direction.LONG,0.59746,0.59674,0.07,-5.0399999999996,TIME_EXIT,54831537704
2026-01-28T00:30:41.742107+00:00,AUDUSD,Direction.LONG,0.69975,0.7015,0.1,17.500000000000295,TAKE_PROFIT,54855530287
2026-01-28T00:43:47.736885+00:00,AUDUSD,Direction.SHORT,0.70139,0.70033,0.1,10.599999999999499,TAKE_PROFIT,54855790112
2026-02-09T13:06:18.585903+00:00,AUDUSD,Direction.LONG,0.70448,0.70551,0.1,10.299999999999754,TAKE_PROFIT,55119409186
