timestamp,equity,peak_equity,drawdown_amount,drawdown_pct,recovery_time_remaining
2024-01-01 01:00:00,100132.74170312926,100132.74170312926,0.0,0.0,-1.0
2024-01-01 02:00:00,100290.86298964192,100290.86298964192,0.0,0.0,-1.0
2024-01-01 03:00:00,100288.99296636505,100290.86298964192,1.8700232768605929,0.001864599846003648,-1.0
2024-01-01 04:00:00,100403.9780084073,100403.9780084073,0.0,0.0,-1.0
2024-01-01 05:00:00,100388.23077390254,100403.9780084073,15.747234504757216,0.015683875098493234,-1.0
2024-01-01 06:00:00,100484.06071746555,100484.06071746555,0.0,0.0,-1.0
2024-01-01 07:00:00,100455.65636769528,100484.06071746555,28.40434977026598,0.028267517820693432,-1.0
2024-01-01 08:00:00,100696.88141658738,100696.88141658738,0.0,0.0,-1.0
2024-01-01 09:00:00,100854.90046027105,100854.90046027105,0.0,0.0,-1.0
2024-01-01 10:00:00,100934.04080566163,100934.04080566163,0.0,0.0,-1.0
2024-01-01 11:00:00,101029.973898247,101029.973898247,0.0,0.0,-1.0
2024-01-01 12:00:00,101006.3394376741,101029.973898247,23.634460572895478,0.023393513490064917,-1.0
2024-01-01 13:00:00,101185.77384454044,101185.77384454044,0.0,0.0,-1.0
2024-01-01 14:00:00,101168.25856452508,101185.77384454044,17.515280015359167,0.01731002229845991,-1.0
2024-01-01 15:00:00,101258.62771542676,101258.62771542676,0.0,0.0,-1.0
2024-01-01 16:00:00,101381.55088852439,101381.55088852439,0.0,0.0,-1.0
2024-01-01 17:00:00,101381.03574219783,101381.55088852439,0.515146326564718,0.0005081263031092855,-1.0
2024-01-01 18:00:00,101365.14352067147,101381.55088852439,16.407367852923926,0.016183780687045214,-1.0
2024-01-01 19:00:00,101369.43423623154,101381.55088852439,12.116652292854269,0.011951535744582678,-1.0
2024-01-01 20:00:00,101433.90650655041,101433.90650655041,0.0,0.0,-1.0
2024-01-01 21:00:00,101647.90776791258,101647.90776791258,0.0,0.0,-1.0
2024-01-01 22:00:00,101763.77690964652,101763.77690964652,0.0,0.0,-1.0
2024-01-01 23:00:00,102080.43592242131,102080.43592242131,0.0,0.0,-1.0
2024-01-02 00:00:00,102297.69419938241,102297.69419938241,0.0,0.0,-1.0
2024-01-02 01:00:00,102263.90333223058,102297.69419938241,33.79086715183803,0.033031895211614676,-1.0
2024-01-02 02:00:00,102210.76152978251,102297.69419938241,86.93266959990433,0.08498008706869675,-1.0
2024-01-02 03:00:00,102178.36070167471,102297.69419938241,119.33349770770292,0.11665316470879296,-1.0
2024-01-02 04:00:00,102340.46255510075,102340.46255510075,0.0,0.0,-1.0
2024-01-02 05:00:00,102524.62659957651,102524.62659957651,0.0,0.0,-1.0
2024-01-02 06:00:00,102800.22312157275,102800.22312157275,0.0,0.0,-1.0
2024-01-02 07:00:00,102727.05036306562,102800.22312157275,73.17275850713486,0.07117957168303019,-1.0
2024-01-02 08:00:00,102786.851722992,102800.22312157275,13.37139858075534,0.013007168831668942,-1.0
2024-01-02 09:00:00,102758.03460260705,102800.22312157275,42.188518965704134,0.04103932626275674,-1.0
2024-01-02 10:00:00,102670.20664991227,102800.22312157275,130.0164716604777,0.12647489247831564,-1.0
2024-01-02 11:00:00,102707.36840039787,102800.22312157275,92.85472117488098,0.09032540820954241,-1.0
2024-01-02 12:00:00,102721.86513505552,102800.22312157275,78.35798651723599,0.07622355685412172,-1.0
2024-01-02 13:00:00,102760.64880114893,102800.22312157275,39.57432042382425,0.03849633709162595,-1.0
2024-01-02 14:00:00,102696.24755475162,102800.22312157275,103.97556682112918,0.10114332796551079,-1.0
2024-01-02 15:00:00,102640.19099958839,102800.22312157275,160.03212198436086,0.15567293253352668,-1.0
2024-01-02 16:00:00,102525.90160906898,102800.22312157275,274.32151250376774,0.26684914115346997,-1.0
2024-01-02 17:00:00,102664.12387406222,102800.22312157275,136.0992475105304,0.13239197676602105,-1.0
2024-01-02 18:00:00,102612.69553994398,102800.22312157275,187.5275816287758,0.18241943055610246,-1.0
2024-01-02 19:00:00,102924.7593053294,102924.7593053294,0.0,0.0,-1.0
2024-01-02 20:00:00,102941.84783330838,102941.84783330838,0.0,0.0,-1.0
2024-01-02 21:00:00,103033.77434409356,103033.77434409356,0.0,0.0,-1.0
2024-01-02 22:00:00,103069.34085278823,103069.34085278823,0.0,0.0,-1.0
2024-01-02 23:00:00,103002.48042636491,103069.34085278823,66.8604264233145,0.06486936451724265,-1.0
2024-01-03 00:00:00,102912.90811974819,103069.34085278823,156.43273304004106,0.15177426356443924,-1.0
2024-01-03 01:00:00,102950.75120519953,103069.34085278823,118.58964758869843,0.1150581216562523,-1.0
2024-01-03 02:00:00,102979.38285935661,103069.34085278823,89.95799343161343,0.08727910034866579,-1.0
2024-01-03 03:00:00,102971.98223821509,103069.34085278823,97.35861457313877,0.09445933559640594,-1.0
2024-01-03 04:00:00,102987.10792186164,103069.34085278823,82.23293092659151,0.07978408539940415,-1.0
2024-01-03 05:00:00,103161.31979295141,103161.31979295141,0.0,0.0,-1.0
2024-01-03 06:00:00,103126.30184911331,103161.31979295141,35.01794383810193,0.03394483892643506,-1.0
2024-01-03 07:00:00,103471.02012130515,103471.02012130515,0.0,0.0,-1.0
2024-01-03 08:00:00,103373.91259732321,103471.02012130515,97.1075239819329,0.09384997255085342,-1.0
2024-01-03 09:00:00,103369.90243126155,103471.02012130515,101.11769004359667,0.0977256143073205,-1.0
2024-01-03 10:00:00,103349.28761901628,103471.02012130515,121.732502288869,0.11764888579058642,-1.0
2024-01-03 11:00:00,103308.74556609824,103471.02012130515,162.27455520691,0.15683092233619234,-1.0
2024-01-03 12:00:00,103337.52602457667,103471.02012130515,133.49409672847833,0.129015927910999,-1.0
2024-01-03 13:00:00,103449.19083862718,103471.02012130515,21.82928267796524,0.021097001510542265,-1.0
2024-01-03 14:00:00,103534.62749934857,103534.62749934857,0.0,0.0,-1.0
2024-01-03 15:00:00,103503.61490772181,103534.62749934857,31.012591626757057,0.029953835133035258,-1.0
2024-01-03 16:00:00,103460.26855152308,103534.62749934857,74.35894782548712,0.07182036543856303,-1.0
2024-01-03 17:00:00,103355.68184245445,103534.62749934857,178.9456568941241,0.17283652939713334,-1.0
2024-01-03 18:00:00,103433.55986543097,103534.62749934857,101.06763391759887,0.09761722851442603,-1.0
2024-01-03 19:00:00,103497.80833289139,103534.62749934857,36.81916645717865,0.035562176004748085,-1.0
2024-01-03 20:00:00,103586.66390965818,103586.66390965818,0.0,0.0,-1.0
2024-01-03 21:00:00,103686.12929391144,103686.12929391144,0.0,0.0,-1.0
2024-01-03 22:00:00,103647.27915339847,103686.12929391144,38.85014051296457,0.03746898527076745,-1.0
2024-01-03 23:00:00,103734.2902625403,103734.2902625403,0.0,0.0,-1.0
2024-01-04 00:00:00,103744.36686556788,103744.36686556788,0.0,0.0,-1.0
2024-01-04 01:00:00,103828.30361411767,103828.30361411767,0.0,0.0,-1.0
2024-01-04 02:00:00,103772.81920522868,103828.30361411767,55.48440888899495,0.053438616405797335,-1.0
2024-01-04 03:00:00,103743.06036266076,103828.30361411767,85.24325145690818,0.08210020629222488,-1.0
2024-01-04 04:00:00,103692.13303531393,103828.30361411767,136.17057880373613,0.1311497675140874,-1.0
2024-01-04 05:00:00,103640.19814290165,103828.30361411767,188.10547121602576,0.18116974338242856,-1.0
2024-01-04 06:00:00,103755.6551308982,103828.30361411767,72.6484832194692,0.06996982584774802,-1.0
2024-01-04 07:00:00,103742.02107830522,103828.30361411767,86.28253581245372,0.08310117069149704,-1.0
2024-01-04 08:00:00,103799.3858314602,103828.30361411767,28.917782657474163,0.027851541102846426,-1.0
2024-01-04 09:00:00,103774.87727196694,103828.30361411767,53.426342150734854,0.05145643364192498,-1.0
2024-01-04 10:00:00,103800.99964584774,103828.30361411767,27.30396826993092,0.026297230446340802,-1.0
2024-01-04 11:00:00,103961.70672237487,103961.70672237487,0.0,0.0,-1.0
2024-01-04 12:00:00,104077.51828693032,104077.51828693032,0.0,0.0,-1.0
2024-01-04 13:00:00,104017.52781029633,104077.51828693032,59.9904766339896,0.05764018745009122,-1.0
2024-01-04 14:00:00,104177.30339714448,104177.30339714448,0.0,0.0,-1.0
2024-01-04 15:00:00,104295.19727198697,104295.19727198697,0.0,0.0,-1.0
2024-01-04 16:00:00,104487.93284296288,104487.93284296288,0.0,0.0,-1.0
2024-01-04 17:00:00,104684.0479982224,104684.0479982224,0.0,0.0,-1.0
2024-01-04 18:00:00,104821.19752188865,104821.19752188865,0.0,0.0,-1.0
2024-01-04 19:00:00,104928.91905275483,104928.91905275483,0.0,0.0,-1.0
2024-01-04 20:00:00,104989.28502879702,104989.28502879702,0.0,0.0,-1.0
2024-01-04 21:00:00,105009.98978642399,105009.98978642399,0.0,0.0,-1.0
2024-01-04 22:00:00,105110.86830710978,105110.86830710978,0.0,0.0,-1.0
2024-01-04 23:00:00,105069.21764733965,105110.86830710978,41.65065977012273,0.03962545495146047,-1.0
2024-01-05 00:00:00,105026.0862879326,105110.86830710978,84.78201917717524,0.08065961260015633,-1.0
2024-01-05 01:00:00,105271.40872286931,105271.40872286931,0.0,0.0,-1.0
2024-01-05 02:00:00,105395.73018939888,105395.73018939888,0.0,0.0,-1.0
2024-01-05 03:00:00,105615.34991967115,105615.34991967115,0.0,0.0,-1.0
2024-01-05 04:00:00,105904.20718607015,105904.20718607015,0.0,0.0,-1.0
2024-01-05 05:00:00,105995.46365136038,105995.46365136038,0.0,0.0,-1.0
2024-01-05 06:00:00,106000.403201412,106000.403201412,0.0,0.0,-1.0
2024-01-05 07:00:00,106076.68169411368,106076.68169411368,0.0,0.0,-1.0
2024-01-05 08:00:00,106020.42534848514,106076.68169411368,56.256345628542476,0.05303365898149528,-1.0
2024-01-05 09:00:00,105955.7472529252,106076.68169411368,120.93444118848129,0.11400662167884545,-1.0
2024-01-05 10:00:00,105998.83627528099,106076.68169411368,77.84541883268685,0.07338598605220753,-1.0
2024-01-05 11:00:00,106136.37154893926,106136.37154893926,0.0,0.0,-1.0
2024-01-05 12:00:00,106239.66773326413,106239.66773326413,0.0,0.0,-1.0
2024-01-05 13:00:00,106468.813974815,106468.813974815,0.0,0.0,-1.0
2024-01-05 14:00:00,106417.44119544282,106468.813974815,51.37277937217732,0.04825148083675418,-1.0
2024-01-05 15:00:00,106630.78225707004,106630.78225707004,0.0,0.0,-1.0
2024-01-05 16:00:00,106706.67319237777,106706.67319237777,0.0,0.0,-1.0
2024-01-05 17:00:00,106772.18477492551,106772.18477492551,0.0,0.0,-1.0
2024-01-05 18:00:00,106735.50474229093,106772.18477492551,36.68003263458377,0.0343535469578569,-1.0
2024-01-05 19:00:00,106664.85918467636,106772.18477492551,107.32559024915099,0.10051830490814817,-1.0
2024-01-05 20:00:00,106681.86857542899,106772.18477492551,90.3161994965194,0.0845877600864915,-1.0
2024-01-05 21:00:00,106629.6886812841,106772.18477492551,142.4960936414136,0.1334580667631684,-1.0
2024-01-05 22:00:00,106571.77357540697,106772.18477492551,200.41119951853761,0.1876998208297433,-1.0
2024-01-05 23:00:00,106529.91707887067,106772.18477492551,242.2676960548415,0.22690150675996645,-1.0
2024-01-06 00:00:00,106573.81859109018,106772.18477492551,198.36618383532914,0.1857845133107304,-1.0
2024-01-06 01:00:00,106901.84389608212,106901.84389608212,0.0,0.0,-1.0
2024-01-06 02:00:00,106854.7211542157,106901.84389608212,47.122741866420256,0.04408038266601618,-1.0
2024-01-06 03:00:00,106923.03193678569,106923.03193678569,0.0,0.0,-1.0
2024-01-06 04:00:00,106978.20749086875,106978.20749086875,0.0,0.0,-1.0
2024-01-06 05:00:00,106991.58044274089,106991.58044274089,0.0,0.0,-1.0
2024-01-06 06:00:00,106884.83168090649,106991.58044274089,106.7487618344021,0.09977304886297222,-1.0
2024-01-06 07:00:00,107060.21588298786,107060.21588298786,0.0,0.0,-1.0
2024-01-06 08:00:00,106932.07839536993,107060.21588298786,128.1374876179325,0.11968730546740272,-1.0
2024-01-06 09:00:00,106943.41449970854,107060.21588298786,116.80138327932218,0.10909877428883666,-1.0
2024-01-06 10:00:00,106951.3498625303,107060.21588298786,108.86602045755717,0.10168671860006613,-1.0
2024-01-06 11:00:00,106955.31032058803,107060.21588298786,104.90556239982834,0.09798743775604332,-1.0
2024-01-06 12:00:00,106903.71571155006,107060.21588298786,156.50017143780133,0.1461795776769675,-1.0
2024-01-06 13:00:00,106929.18731201584,107060.21588298786,131.02857097201922,0.1223877328205911,-1.0
2024-01-06 14:00:00,106945.15220258085,107060.21588298786,115.06368040700909,0.1074756663416116,-1.0
2024-01-06 15:00:00,106925.05503556239,107060.21588298786,135.16084742547537,0.1262475012876868,-1.0
2024-01-06 16:00:00,107118.17707242341,107118.17707242341,0.0,0.0,-1.0
2024-01-06 17:00:00,107104.94082362948,107118.17707242341,13.23624879392446,0.012356678535497604,-1.0
2024-01-06 18:00:00,107129.16745316402,107129.16745316402,0.0,0.0,-1.0
2024-01-06 19:00:00,107226.56193387673,107226.56193387673,0.0,0.0,-1.0
2024-01-06 20:00:00,107232.0640533433,107232.0640533433,0.0,0.0,-1.0
2024-01-06 21:00:00,107259.04742980782,107259.04742980782,0.0,0.0,-1.0
2024-01-06 22:00:00,107323.79792097365,107323.79792097365,0.0,0.0,-1.0
2024-01-06 23:00:00,107242.2677257984,107323.79792097365,81.53019517524808,0.07596655798118669,-1.0
2024-01-07 00:00:00,107251.3324661313,107323.79792097365,72.46545484235685,0.0675203973826157,-1.0
2024-01-07 01:00:00,107315.19594884806,107323.79792097365,8.601972125587054,0.008014971788382846,-1.0
2024-01-07 02:00:00,107463.59406560296,107463.59406560296,0.0,0.0,-1.0
2024-01-07 03:00:00,107475.18260448474,107475.18260448474,0.0,0.0,-1.0
2024-01-07 04:00:00,107582.62147170515,107582.62147170515,0.0,0.0,-1.0
2024-01-07 05:00:00,107619.46859087153,107619.46859087153,0.0,0.0,-1.0
2024-01-07 06:00:00,107600.81246590326,107619.46859087153,18.656124968270888,0.01733526954978231,-1.0
2024-01-07 07:00:00,107566.07853903565,107619.46859087153,53.39005183588597,0.04961003109842024,-1.0
2024-01-07 08:00:00,107624.89643420815,107624.89643420815,0.0,0.0,-1.0
2024-01-07 09:00:00,107585.56413511059,107624.89643420815,39.33229909755755,0.036545725385763006,-1.0
2024-01-07 10:00:00,107631.43239189769,107631.43239189769,0.0,0.0,-1.0
2024-01-07 11:00:00,107690.28851961515,107690.28851961515,0.0,0.0,-1.0
2024-01-07 12:00:00,107870.80655146259,107870.80655146259,0.0,0.0,-1.0
2024-01-07 13:00:00,107788.35242028824,107870.80655146259,82.45413117435237,0.07643785544054078,-1.0
2024-01-07 14:00:00,107782.48171484159,107870.80655146259,88.32483662100276,0.08188020414852937,-1.0
2024-01-07 15:00:00,107762.86171501807,107870.80655146259,107.94483644452703,0.10006862829289138,-1.0
2024-01-07 16:00:00,107725.60175969795,107870.80655146259,145.2047917646414,0.13460990643039986,-1.0
2024-01-07 17:00:00,107855.23195017953,107870.80655146259,15.574601283064112,0.014438198601615018,-1.0
2024-01-07 18:00:00,107893.88433102937,107893.88433102937,0.0,0.0,-1.0
2024-01-07 19:00:00,107951.35801181363,107951.35801181363,0.0,0.0,-1.0
2024-01-07 20:00:00,107933.57505135721,107951.35801181363,17.78296045641764,0.016473123436271702,-1.0
2024-01-07 21:00:00,107911.6115153273,107951.35801181363,39.746496486332035,0.03681889437832027,-1.0
2024-01-07 22:00:00,107973.94377805995,107973.94377805995,0.0,0.0,-1.0
2024-01-07 23:00:00,107951.01774099132,107973.94377805995,22.926037068638834,0.02123293478634366,-1.0
2024-01-08 00:00:00,107869.4534015256,107973.94377805995,104.49037653434789,0.09677369639209203,-1.0
2024-01-08 01:00:00,107767.54731118618,107973.94377805995,206.39646687377535,0.19115395775301358,-1.0
2024-01-08 02:00:00,107923.5748591741,107973.94377805995,50.36891888585524,0.046649142490699756,-1.0
2024-01-08 03:00:00,107870.43395478095,107973.94377805995,103.5098232790042,0.09586555761246274,-1.0
2024-01-08 04:00:00,107903.0574250973,107973.94377805995,70.8863529626542,0.06565135113371504,-1.0
2024-01-08 05:00:00,107855.81102647644,107973.94377805995,118.13275158351462,0.10940857344836459,-1.0
2024-01-08 06:00:00,107815.9762964798,107973.94377805995,157.96748158015544,0.14630148353648822,-1.0
2024-01-08 07:00:00,107768.80803453737,107973.94377805995,205.13574352258001,0.1899863396156352,-1.0
2024-01-08 08:00:00,107933.46132040325,107973.94377805995,40.482457656704355,0.03749280265238426,-1.0
2024-01-08 09:00:00,108123.82302527821,108123.82302527821,0.0,0.0,-1.0
2024-01-08 10:00:00,108136.6405347364,108136.6405347364,0.0,0.0,-1.0
2024-01-08 11:00:00,108118.82817628795,108136.6405347364,17.812358448456507,0.016472084170891823,-1.0
2024-01-08 12:00:00,108141.83652699467,108141.83652699467,0.0,0.0,-1.0
2024-01-08 13:00:00,108282.45420562805,108282.45420562805,0.0,0.0,-1.0
2024-01-08 14:00:00,108173.68972114059,108282.45420562805,108.76448448745941,0.10044516010037599,-1.0
2024-01-08 15:00:00,108151.72162447732,108282.45420562805,130.73258115073259,0.12073293139668946,-1.0
2024-01-08 16:00:00,108235.23594567747,108282.45420562805,47.218259950575884,0.04360656608402,-1.0
2024-01-08 17:00:00,108216.93861272665,108282.45420562805,65.51559290139994,0.06050434798696567,-1.0
2024-01-08 18:00:00,108120.12593438473,108282.45420562805,162.3282712433138,0.14991188778844347,-1.0
2024-01-08 19:00:00,108076.18137952416,108282.45420562805,206.27282610388647,0.19049515234681974,-1.0
2024-01-08 20:00:00,108030.83983998351,108282.45420562805,251.6143656445347,0.2323685471394283,-1.0
2024-01-08 21:00:00,108151.7583667737,108282.45420562805,130.69583885434258,0.12069899949455486,-1.0
2024-01-08 22:00:00,108244.19911160454,108282.45420562805,38.25509402350872,0.035328986865094884,-1.0
2024-01-08 23:00:00,108280.55523765064,108282.45420562805,1.8989679774094839,0.0017537171569858858,-1.0
2024-01-09 00:00:00,108252.47068180615,108282.45420562805,29.983523821894778,0.02769010366624694,-1.0
2024-01-09 01:00:00,108509.04624112372,108509.04624112372,0.0,0.0,-1.0
2024-01-09 02:00:00,108485.53108443767,108509.04624112372,23.515156686058617,0.021671148628294397,-1.0
2024-01-09 03:00:00,108727.22012226698,108727.22012226698,0.0,0.0,-1.0
2024-01-09 04:00:00,108775.39853451219,108775.39853451219,0.0,0.0,-1.0
2024-01-09 05:00:00,108869.73704635428,108869.73704635428,0.0,0.0,-1.0
2024-01-09 06:00:00,109118.93940395636,109118.93940395636,0.0,0.0,-1.0
2024-01-09 07:00:00,109177.7728684207,109177.7728684207,0.0,0.0,-1.0
2024-01-09 08:00:00,109094.3677325348,109177.7728684207,83.40513588589965,0.07639387917027599,-1.0
2024-01-09 09:00:00,109145.54563331479,109177.7728684207,32.22723510590731,0.029518128332538036,-1.0
2024-01-09 10:00:00,109132.93105756643,109177.7728684207,44.84181085426826,0.04107228941948733,-1.0
2024-01-09 11:00:00,109161.53789376435,109177.7728684207,16.234974656341365,0.01487021966999409,-1.0
2024-01-09 12:00:00,109492.54428475148,109492.54428475148,0.0,0.0,-1.0
2024-01-09 13:00:00,109441.7090404077,109492.54428475148,50.83524434377614,0.04642804190536627,-1.0
2024-01-09 14:00:00,109537.00349982691,109537.00349982691,0.0,0.0,-1.0
2024-01-09 15:00:00,109837.85964037623,109837.85964037623,0.0,0.0,-1.0
2024-01-09 16:00:00,109870.48354422755,109870.48354422755,0.0,0.0,-1.0
2024-01-09 17:00:00,109820.99657957528,109870.48354422755,49.486964652271126,0.045041182177332016,-1.0
2024-01-09 18:00:00,109756.19551736291,109870.48354422755,114.28802686464041,0.10402068251445769,-1.0
2024-01-09 19:00:00,109717.0106789567,109870.48354422755,153.4728652708436,0.13968525514777064,-1.0
2024-01-09 20:00:00,109665.20579666854,109870.48354422755,205.2777475590119,0.1868361191624126,-1.0
2024-01-09 21:00:00,109671.94668383792,109870.48354422755,198.53686038963497,0.1807008160746971,-1.0
2024-01-09 22:00:00,109793.85882470163,109870.48354422755,76.62471952592023,0.06974095048473643,-1.0
2024-01-09 23:00:00,109803.11308995815,109870.48354422755,67.37045426940313,0.06131806477604483,-1.0
2024-01-10 00:00:00,109745.16432186456,109870.48354422755,125.31922236298851,0.11406086359176,-1.0
2024-01-10 01:00:00,109733.41428741305,109870.48354422755,137.0692568145023,0.12475530496716718,-1.0
2024-01-10 02:00:00,109599.2303145383,109870.48354422755,271.2532296892459,0.24688453253239295,-1.0
2024-01-10 03:00:00,109600.43069357998,109870.48354422755,270.05285064756754,0.2457919924770876,-1.0
2024-01-10 04:00:00,109663.45713227734,109870.48354422755,207.02641195020988,0.1884276880121975,-1.0
2024-01-10 05:00:00,109570.47237771656,109870.48354422755,300.0111665109871,0.2730589297809177,-1.0
2024-01-10 06:00:00,109591.97807155541,109870.48354422755,278.5054726721428,0.25348525253375487,-1.0
2024-01-10 07:00:00,109547.81721044978,109870.48354422755,322.6663337777718,0.2936788146999324,-1.0
2024-01-10 08:00:00,109588.46727967139,109870.48354422755,282.01626455616497,0.2566806438442964,-1.0
2024-01-10 09:00:00,109590.48612674412,109870.48354422755,279.99741748343513,0.25484316483482505,-1.0
2024-01-10 10:00:00,109607.26837350374,109870.48354422755,263.2151707238081,0.23956859224875696,-1.0
2024-01-10 11:00:00,109603.65780742907,109870.48354422755,266.825736798477,0.24285479429156082,-1.0
2024-01-10 12:00:00,109875.5576241952,109875.5576241952,0.0,0.0,-1.0
2024-01-10 13:00:00,109888.9022528569,109888.9022528569,0.0,0.0,-1.0
2024-01-10 14:00:00,109839.07683001675,109888.9022528569,49.82542284014926,0.04534163306636716,-1.0
2024-01-10 15:00:00,109837.49973315602,109888.9022528569,51.40251970088866,0.04677680698148233,-1.0
2024-01-10 16:00:00,109807.86687057806,109888.9022528569,81.03538227884565,0.07374300827246537,-1.0
2024-01-10 17:00:00,109810.11086496923,109888.9022528569,78.79138788767159,0.07170095093530991,-1.0
2024-01-10 18:00:00,109777.42468222723,109888.9022528569,111.47757062967867,0.1014457041104717,-1.0
2024-01-10 19:00:00,109729.31603809445,109888.9022528569,159.58621476245753,0.14522505138439362,-1.0
2024-01-10 20:00:00,109733.77237085935,109888.9022528569,155.1298819975491,0.14116974400253052,-1.0
2024-01-10 21:00:00,109729.61974857636,109888.9022528569,159.2825042805489,0.1449486718085837,-1.0
2024-01-10 22:00:00,109785.95709927911,109888.9022528569,102.94515357779164,0.09368111926435707,-1.0
2024-01-10 23:00:00,109753.55974653114,109888.9022528569,135.34250632576004,0.1231630342564837,-1.0
2024-01-11 00:00:00,109627.20851568143,109888.9022528569,261.6937371754757,0.23814391791203116,-1.0
2024-01-11 01:00:00,109597.87626777362,109888.9022528569,291.02598508328083,0.2648365568468628,-1.0
2024-01-11 02:00:00,109492.79042223863,109888.9022528569,396.11183061827614,0.36046572720038067,-1.0
2024-01-11 03:00:00,109510.23074068442,109888.9022528569,378.67151217248465,0.34459486300186415,-1.0
2024-01-11 04:00:00,109421.86298928257,109888.9022528569,467.03926357433375,0.42501040050401595,-1.0
2024-01-11 05:00:00,109415.75846179288,109888.9022528569,473.1437910640234,0.43056558156829033,-1.0
2024-01-11 06:00:00,109386.51839429639,109888.9022528569,502.3838585605117,0.45717433540696845,-1.0
2024-01-11 07:00:00,109471.65543058206,109888.9022528569,417.246822274843,0.37969878096948173,-1.0
2024-01-11 08:00:00,109399.78202363917,109888.9022528569,489.12022921773314,0.44510430006139856,-1.0
2024-01-11 09:00:00,109513.77062161676,109888.9022528569,375.1316312401468,0.34137353595266634,-1.0
2024-01-11 10:00:00,109695.86781085163,109888.9022528569,193.03444200527156,0.17566327267615692,-1.0
2024-01-11 11:00:00,109777.41144404488,109888.9022528569,111.49080881202826,0.10145775098879897,-1.0
2024-01-11 12:00:00,109816.57912914816,109888.9022528569,72.3231237087457,0.06581476584626218,-1.0
2024-01-11 13:00:00,109874.7135462461,109888.9022528569,14.18870661080291,0.012911864910757201,-1.0
2024-01-11 14:00:00,110090.93039330828,110090.93039330828,0.0,0.0,-1.0
2024-01-11 15:00:00,110058.33563674075,110090.93039330828,32.59475656753057,0.02960712244967256,-1.0
2024-01-11 16:00:00,110213.9986892588,110213.9986892588,0.0,0.0,-1.0
2024-01-11 17:00:00,110428.33800351947,110428.33800351947,0.0,0.0,-1.0
2024-01-11 18:00:00,110426.05796875859,110428.33800351947,2.2800347608863376,0.0020647188956277422,-1.0
2024-01-11 19:00:00,110383.77237615515,110428.33800351947,44.56562736432534,0.04035705704717297,-1.0
2024-01-11 20:00:00,110328.08083844752,110428.33800351947,100.25716507194738,0.09078934527544195,-1.0
2024-01-11 21:00:00,110366.93821760561,110428.33800351947,61.399785913861706,0.05560147605581533,-1.0
2024-01-11 22:00:00,110471.12448316612,110471.12448316612,0.0,0.0,-1.0
2024-01-11 23:00:00,110545.12297584591,110545.12297584591,0.0,0.0,-1.0
2024-01-12 00:00:00,110503.82258584755,110545.12297584591,41.300389998359606,0.037360662222415485,-1.0
2024-01-12 01:00:00,110608.23527546429,110608.23527546429,0.0,0.0,-1.0
2024-01-12 02:00:00,110652.62467286612,110652.62467286612,0.0,0.0,-1.0
2024-01-12 03:00:00,110794.32542069782,110794.32542069782,0.0,0.0,-1.0
2024-01-12 04:00:00,110769.66935686037,110794.32542069782,24.656063837450347,0.022253904921419626,-1.0
2024-01-12 05:00:00,110772.84373243075,110794.32542069782,21.48168826707115,0.01938879828502308,-1.0
2024-01-12 06:00:00,110739.00668620081,110794.32542069782,55.31873449700652,0.049929212788611156,-1.0
2024-01-12 07:00:00,110701.59105511259,110794.32542069782,92.73436558523099,0.08369956243978088,-1.0
2024-01-12 08:00:00,110614.4540128399,110794.32542069782,179.87140785792144,0.1623471303019632,-1.0
2024-01-12 09:00:00,110536.33278955854,110794.32542069782,257.99263113927736,0.2328572606581176,-1.0
2024-01-12 10:00:00,110516.44884611211,110794.32542069782,277.876574585709,0.2508039771266102,-1.0
2024-01-12 11:00:00,110516.20857217391,110794.32542069782,278.1168485239032,0.25102084196809177,-1.0
2024-01-12 12:00:00,110524.89799011654,110794.32542069782,269.42743058127235,0.24317800533396253,-1.0
2024-01-12 13:00:00,110535.85116518025,110794.32542069782,258.4742555175617,0.23329196196295027,-1.0
2024-01-12 14:00:00,110482.8397695215,110794.32542069782,311.48565117632097,0.28113863232036196,-1.0
2024-01-12 15:00:00,110538.84394400721,110794.32542069782,255.48147669060563,0.23059075969867168,-1.0
2024-01-12 16:00:00,110598.27688088623,110794.32542069782,196.04853981158521,0.17694817768614782,-1.0
2024-01-12 17:00:00,110617.78586648981,110794.32542069782,176.53955420800776,0.1593398881555245,-1.0
2024-01-12 18:00:00,110710.58721447055,110794.32542069782,83.73820622726635,0.07557986919393524,-1.0
2024-01-12 19:00:00,110725.62448837273,110794.32542069782,68.70093232508225,0.06200762725366802,-1.0
2024-01-12 20:00:00,110812.40512043535,110812.40512043535,0.0,0.0,-1.0
2024-01-12 21:00:00,110972.14130562429,110972.14130562429,0.0,0.0,-1.0
2024-01-12 22:00:00,110964.19797343147,110972.14130562429,7.943332192822709,0.00715795162584659,-1.0
2024-01-12 23:00:00,111005.52840767051,111005.52840767051,0.0,0.0,-1.0
2024-01-13 00:00:00,110948.90730507784,111005.52840767051,56.621102592675015,0.051007461884900566,-1.0
2024-01-13 01:00:00,110835.2138249244,111005.52840767051,170.31458274611214,0.1534289194323977,-1.0
2024-01-13 02:00:00,110769.31237975835,111005.52840767051,236.21602791215992,0.2127966339159711,-1.0
2024-01-13 03:00:00,110825.94748467264,111005.52840767051,179.58092299787677,0.1617765579551691,-1.0
2024-01-13 04:00:00,110919.90042628611,111005.52840767051,85.62798138440121,0.07713848365275137,-1.0
2024-01-13 05:00:00,111043.4479017517,111043.4479017517,0.0,0.0,-1.0
2024-01-13 06:00:00,111029.51150806613,111043.4479017517,13.936393685566145,0.012550397118339388,-1.0
2024-01-13 07:00:00,111149.87795508417,111149.87795508417,0.0,0.0,-1.0
2024-01-13 08:00:00,111081.00919643982,111149.87795508417,68.8687586443557,0.06196026474467715,-1.0
2024-01-13 09:00:00,111020.96231993665,111149.87795508417,128.91563514752488,0.11598360476798714,-1.0
2024-01-13 10:00:00,111085.16427799778,111149.87795508417,64.71367708638718,0.058221995630564766,-1.0
2024-01-13 11:00:00,111104.3701134683,111149.87795508417,45.50784161586489,0.040942772455633894,-1.0
2024-01-13 12:00:00,111129.98096830686,111149.87795508417,19.896986777312122,0.01790104239732276,-1.0
2024-01-13 13:00:00,111311.9663560594,111311.9663560594,0.0,0.0,-1.0
2024-01-13 14:00:00,111233.89626225409,111311.9663560594,78.07009380531963,0.07013629923272827,-1.0
2024-01-13 15:00:00,111345.59652220726,111345.59652220726,0.0,0.0,-1.0
2024-01-13 16:00:00,111434.48270220133,111434.48270220133,0.0,0.0,-1.0
2024-01-13 17:00:00,111363.12081227156,111434.48270220133,71.36188992977259,0.06403932445263003,-1.0
2024-01-13 18:00:00,111477.53886427822,111477.53886427822,0.0,0.0,-1.0
2024-01-13 19:00:00,111559.9875981858,111559.9875981858,0.0,0.0,-1.0
2024-01-13 20:00:00,111733.87067883996,111733.87067883996,0.0,0.0,-1.0
2024-01-13 21:00:00,111856.12032798873,111856.12032798873,0.0,0.0,-1.0
2024-01-13 22:00:00,111815.66109617174,111856.12032798873,40.459231816988904,0.036170780551258906,-1.0
2024-01-13 23:00:00,112039.25259022658,112039.25259022658,0.0,0.0,-1.0
2024-01-14 00:00:00,111885.20457013356,112039.25259022658,154.04802009301784,0.1374946873810686,-1.0
2024-01-14 01:00:00,111873.84866242779,112039.25259022658,165.4039277987904,0.14763033845266738,-1.0
2024-01-14 02:00:00,111760.55360650827,112039.25259022658,278.6989837183064,0.24875119859789027,-1.0
2024-01-14 03:00:00,111698.3220102359,112039.25259022658,340.9305799906724,0.3042956571993524,-1.0
2024-01-14 04:00:00,111873.79965459702,112039.25259022658,165.4529356295534,0.14767408011429933,-1.0
2024-01-14 05:00:00,111789.84780577058,112039.25259022658,249.4047844559973,0.22260482704947407,-1.0
2024-01-14 06:00:00,111696.92473664835,112039.25259022658,342.32785357823013,0.3055427858219148,-1.0
2024-01-14 07:00:00,112095.25813465822,112095.25813465822,0.0,0.0,-1.0
2024-01-14 08:00:00,112044.6434484878,112095.25813465822,50.61468617041828,0.0451532803551919,-1.0
2024-01-14 09:00:00,112355.20595685835,112355.20595685835,0.0,0.0,-1.0
2024-01-14 10:00:00,112337.37382698359,112355.20595685835,17.83212987476145,0.01587120928033237,-1.0
2024-01-14 11:00:00,112298.38407969725,112355.20595685835,56.82187716109911,0.05057342619523774,-1.0
2024-01-14 12:00:00,112324.89126313254,112355.20595685835,30.314693725813413,0.026981120694535073,-1.0
2024-01-14 13:00:00,112397.5869076652,112397.5869076652,0.0,0.0,-1.0
2024-01-14 14:00:00,112321.3228311387,112397.5869076652,76.26407652649505,0.06785205859370104,-1.0
2024-01-14 15:00:00,112283.207843755,112397.5869076652,114.37906391020806,0.1017629177432169,-1.0
2024-01-14 16:00:00,112326.52002783604,112397.5869076652,71.066879829159,0.0632281188452387,-1.0
2024-01-14 17:00:00,112336.29968658167,112397.5869076652,61.28722108353395,0.05452716803776357,-1.0
2024-01-14 18:00:00,112581.02982625863,112581.02982625863,0.0,0.0,-1.0
2024-01-14 19:00:00,112604.43654352454,112604.43654352454,0.0,0.0,-1.0
2024-01-14 20:00:00,112705.42998407349,112705.42998407349,0.0,0.0,-1.0
2024-01-14 21:00:00,112839.36061593353,112839.36061593353,0.0,0.0,-1.0
2024-01-14 22:00:00,112845.16928483339,112845.16928483339,0.0,0.0,-1.0
2024-01-14 23:00:00,112996.27584947529,112996.27584947529,0.0,0.0,-1.0
2024-01-15 00:00:00,112980.2265183717,112996.27584947529,16.04933110359707,0.014203415982467172,-1.0
2024-01-15 01:00:00,113194.4969774278,113194.4969774278,0.0,0.0,-1.0
2024-01-15 02:00:00,113335.44192429136,113335.44192429136,0.0,0.0,-1.0
2024-01-15 03:00:00,113542.52352538878,113542.52352538878,0.0,0.0,-1.0
2024-01-15 04:00:00,113768.36350782368,113768.36350782368,0.0,0.0,-1.0
2024-01-15 05:00:00,113932.27806961093,113932.27806961093,0.0,0.0,-1.0
2024-01-15 06:00:00,113954.88104906498,113954.88104906498,0.0,0.0,-1.0
2024-01-15 07:00:00,113946.1414745534,113954.88104906498,8.739574511579121,0.007669328800243464,-1.0
2024-01-15 08:00:00,113992.59904401502,113992.59904401502,0.0,0.0,-1.0
2024-01-15 09:00:00,114035.70205119446,114035.70205119446,0.0,0.0,-1.0
2024-01-15 10:00:00,114319.03779301269,114319.03779301269,0.0,0.0,-1.0
2024-01-15 11:00:00,114198.68616595169,114319.03779301269,120.351627060998,0.10527697694491445,-1.0
2024-01-15 12:00:00,114157.1143771166,114319.03779301269,161.92341589608986,0.14164168892784962,-1.0
2024-01-15 13:00:00,114151.03161326147,114319.03779301269,168.00617975121713,0.14696255583904666,-1.0
2024-01-15 14:00:00,114090.77514553662,114319.03779301269,228.26264747606183,0.1996715961599998,-1.0
2024-01-15 15:00:00,114104.57278823481,114319.03779301269,214.4650047778705,0.18760217800834117,-1.0
2024-01-15 16:00:00,114125.56798066244,114319.03779301269,193.46981235024577,0.16923673964133984,-1.0
2024-01-15 17:00:00,114212.95053881273,114319.03779301269,106.08725419995608,0.09279928894436536,-1.0
2024-01-15 18:00:00,114081.63171205408,114319.03779301269,237.40608095860807,0.20766976834467252,-1.0
2024-01-15 19:00:00,114063.90314311518,114319.03779301269,255.13464989750355,0.22317774433988252,-1.0
2024-01-15 20:00:00,114231.99678413002,114319.03779301269,87.04100888266112,0.07613868220292279,-1.0
2024-01-15 21:00:00,114271.30962246204,114319.03779301269,47.72817055064661,0.041749975745128086,-1.0
2024-01-15 22:00:00,114282.95726304618,114319.03779301269,36.08052996650804,0.031561261066451456,-1.0
2024-01-15 23:00:00,114606.82556903851,114606.82556903851,0.0,0.0,-1.0
2024-01-16 00:00:00,114722.7943602376,114722.7943602376,0.0,0.0,-1.0
2024-01-16 01:00:00,114794.01392766113,114794.01392766113,0.0,0.0,-1.0
2024-01-16 02:00:00,114828.94980721961,114828.94980721961,0.0,0.0,-1.0
2024-01-16 03:00:00,114824.92878401495,114828.94980721961,4.021023204666562,0.003501750396060619,-1.0
2024-01-16 04:00:00,114791.90297491908,114828.94980721961,37.046832300533424,0.03226262398352457,-1.0
2024-01-16 05:00:00,114838.45484135202,114838.45484135202,0.0,0.0,-1.0
2024-01-16 06:00:00,114936.50169783508,114936.50169783508,0.0,0.0,-1.0
2024-01-16 07:00:00,114950.47096158627,114950.47096158627,0.0,0.0,-1.0
2024-01-16 08:00:00,115025.36672583206,115025.36672583206,0.0,0.0,-1.0
2024-01-16 09:00:00,115208.23814603114,115208.23814603114,0.0,0.0,-1.0
2024-01-16 10:00:00,115368.43022289383,115368.43022289383,0.0,0.0,-1.0
2024-01-16 11:00:00,115361.57205129729,115368.43022289383,6.8581715965410694,0.005944582571931473,-1.0
2024-01-16 12:00:00,115361.65995938733,115368.43022289383,6.770263506507035,0.005868384872210506,-1.0
2024-01-16 13:00:00,115352.49383556684,115368.43022289383,15.93638732699037,0.013813473318654844,-1.0
2024-01-16 14:00:00,115544.14271045564,115544.14271045564,0.0,0.0,-1.0
2024-01-16 15:00:00,115648.41644364246,115648.41644364246,0.0,0.0,-1.0
2024-01-16 16:00:00,115797.27534644234,115797.27534644234,0.0,0.0,-1.0
2024-01-16 17:00:00,116030.67911474097,116030.67911474097,0.0,0.0,-1.0
2024-01-16 18:00:00,115949.63700256927,116030.67911474097,81.04211217169359,0.06984541742753421,-1.0
2024-01-16 19:00:00,116303.69170450135,116303.69170450135,0.0,0.0,-1.0
2024-01-16 20:00:00,116488.87404983686,116488.87404983686,0.0,0.0,-1.0
2024-01-16 21:00:00,116595.4215084978,116595.4215084978,0.0,0.0,-1.0
2024-01-16 22:00:00,116578.03974565033,116595.4215084978,17.381762847478967,0.014907757631128022,-1.0
2024-01-16 23:00:00,116504.10775777878,116595.4215084978,91.31375071902585,0.07831675509863022,-1.0
2024-01-17 00:00:00,116447.33055003556,116595.4215084978,148.09095846224227,0.12701267043444667,-1.0
2024-01-17 01:00:00,116789.08282589157,116789.08282589157,0.0,0.0,-1.0
2024-01-17 02:00:00,116782.90229329724,116789.08282589157,6.180532594327815,0.005292046520770879,-1.0
2024-01-17 03:00:00,116774.41016235328,116789.08282589157,14.672663538294728,0.012563386220070452,-1.0
2024-01-17 04:00:00,116802.6437040242,116802.6437040242,0.0,0.0,-1.0
2024-01-17 05:00:00,116771.36201366886,116802.6437040242,31.281690355346655,0.026781662951580014,-1.0
2024-01-17 06:00:00,116885.69880265031,116885.69880265031,0.0,0.0,-1.0
2024-01-17 07:00:00,116943.53343341022,116943.53343341022,0.0,0.0,-1.0
2024-01-17 08:00:00,116899.4038938339,116943.53343341022,44.12953957631544,0.037735767237992345,-1.0
2024-01-17 09:00:00,116809.50443704826,116943.53343341022,134.02899636195798,0.11461001085474856,-1.0
2024-01-17 10:00:00,116957.02779461003,116957.02779461003,0.0,0.0,-1.0
2024-01-17 11:00:00,117062.83487408845,117062.83487408845,0.0,0.0,-1.0
2024-01-17 12:00:00,117115.49834709335,117115.49834709335,0.0,0.0,-1.0
2024-01-17 13:00:00,117080.72784913522,117115.49834709335,34.77049795813218,0.029689066305369258,-1.0
2024-01-17 14:00:00,117057.61844235762,117115.49834709335,57.87990473573154,0.049421217134041295,-1.0
2024-01-17 15:00:00,117041.14662048503,117115.49834709335,74.35172660832177,0.06348581328490507,-1.0
2024-01-17 16:00:00,117038.98686711823,117115.49834709335,76.51147997511725,0.06532993587950367,-1.0
2024-01-17 17:00:00,117007.93316647678,117115.49834709335,107.5651806165697,0.0918453852262836,-1.0
2024-01-17 18:00:00,117053.87587351126,117115.49834709335,61.62247358208697,0.05261683931827486,-1.0
2024-01-17 19:00:00,116944.33055132545,117115.49834709335,171.16779576790577,0.14615298417688366,-1.0
2024-01-17 20:00:00,116988.98408623104,117115.49834709335,126.51426086231368,0.1080252081474011,-1.0
2024-01-17 21:00:00,117024.39748231594,117115.49834709335,91.10086477741424,0.0777871981617839,-1.0
2024-01-17 22:00:00,117067.91221347808,117115.49834709335,47.586133615273866,0.040631798768634014,-1.0
2024-01-17 23:00:00,117123.87865064712,117123.87865064712,0.0,0.0,-1.0
2024-01-18 00:00:00,117392.31697042893,117392.31697042893,0.0,0.0,-1.0
2024-01-18 01:00:00,117383.09472612692,117392.31697042893,9.222244302014587,0.007855918121402839,-1.0
2024-01-18 02:00:00,117295.32394381796,117392.31697042893,96.99302661097317,0.08262297662580906,-1.0
2024-01-18 03:00:00,117209.53785704346,117392.31697042893,182.7791133854771,0.15569938314746704,-1.0
2024-01-18 04:00:00,117468.22880775783,117468.22880775783,0.0,0.0,-1.0
2024-01-18 05:00:00,117535.9683607265,117535.9683607265,0.0,0.0,-1.0
2024-01-18 06:00:00,117502.78061795779,117535.9683607265,33.18774276871409,0.02823624396138761,-1.0
2024-01-18 07:00:00,117359.72404767165,117535.9683607265,176.24431305484904,0.1499492585230951,-1.0
2024-01-18 08:00:00,117424.73811436664,117535.9683607265,111.23024635986076,0.09463507036287563,-1.0
2024-01-18 09:00:00,117585.8082174462,117585.8082174462,0.0,0.0,-1.0
2024-01-18 10:00:00,117614.58528016065,117614.58528016065,0.0,0.0,-1.0
2024-01-18 11:00:00,117600.69586094459,117614.58528016065,13.889419216066017,0.011809265987701356,-1.0
2024-01-18 12:00:00,117647.27076871178,117647.27076871178,0.0,0.0,-1.0
2024-01-18 13:00:00,117714.36228986047,117714.36228986047,0.0,0.0,-1.0
2024-01-18 14:00:00,117659.70449573944,117714.36228986047,54.65779412102711,0.04643256188776478,-1.0
2024-01-18 15:00:00,117695.20037208874,117714.36228986047,19.161917771722074,0.016278317614750924,-1.0
2024-01-18 16:00:00,117952.99130084286,117952.99130084286,0.0,0.0,-1.0
2024-01-18 17:00:00,117975.14187820828,117975.14187820828,0.0,0.0,-1.0
2024-01-18 18:00:00,118109.13721586175,118109.13721586175,0.0,0.0,-1.0
2024-01-18 19:00:00,118143.8236796118,118143.8236796118,0.0,0.0,-1.0
2024-01-18 20:00:00,118138.15396848183,118143.8236796118,5.669711129972711,0.004798990716051404,-1.0
2024-01-18 21:00:00,118098.38422437463,118143.8236796118,45.43945523716684,0.03846113476096032,-1.0
2024-01-18 22:00:00,118107.75788864614,118143.8236796118,36.06579096565838,0.030527021931729043,-1.0
2024-01-18 23:00:00,118090.65099160993,118143.8236796118,53.172688001868664,0.04500674376856547,-1.0
2024-01-19 00:00:00,118297.24246317463,118297.24246317463,0.0,0.0,-1.0
2024-01-19 01:00:00,118286.11809524166,118297.24246317463,11.12436793296365,0.0094037423876779,-1.0
2024-01-19 02:00:00,118436.35974449798,118436.35974449798,0.0,0.0,-1.0
2024-01-19 03:00:00,118437.96013564606,118437.96013564606,0.0,0.0,-1.0
2024-01-19 04:00:00,118603.37039498307,118603.37039498307,0.0,0.0,-1.0
2024-01-19 05:00:00,118580.58726758392,118603.37039498307,22.783127399146906,0.01920951092980966,-1.0
2024-01-19 06:00:00,118635.28837345737,118635.28837345737,0.0,0.0,-1.0
2024-01-19 07:00:00,118578.8715536939,118635.28837345737,56.41681976347172,0.047554838477632956,-1.0
2024-01-19 08:00:00,118521.69525768505,118635.28837345737,113.59311577232438,0.095749854305356,-1.0
2024-01-19 09:00:00,118499.5512772103,118635.28837345737,135.73709624707408,0.11441544763627257,-1.0
2024-01-19 10:00:00,118568.20115067827,118635.28837345737,67.08722277909692,0.05654912943601572,-1.0
2024-01-19 11:00:00,118464.51878161215,118635.28837345737,170.76959184522275,0.14394502191257755,-1.0
2024-01-19 12:00:00,118411.14447311583,118635.28837345737,224.14390034154349,0.18893526826179308,-1.0
2024-01-19 13:00:00,118648.70126023205,118648.70126023205,0.0,0.0,-1.0
2024-01-19 14:00:00,118788.1027984145,118788.1027984145,0.0,0.0,-1.0
2024-01-19 15:00:00,118753.4925947223,118788.1027984145,34.610203692209325,0.029136085918421855,-1.0
2024-01-19 16:00:00,119138.58152979084,119138.58152979084,0.0,0.0,-1.0
2024-01-19 17:00:00,119053.29156354528,119138.58152979084,85.28996624556021,0.0715888716739785,-1.0
2024-01-19 18:00:00,119104.32824013299,119138.58152979084,34.253289657848654,0.02875079526549806,-1.0
2024-01-19 19:00:00,119203.45231019946,119203.45231019946,0.0,0.0,-1.0
2024-01-19 20:00:00,119410.157952949,119410.157952949,0.0,0.0,-1.0
2024-01-19 21:00:00,119409.19517598525,119410.157952949,0.9627769637445454,0.0008062772717576564,-1.0
2024-01-19 22:00:00,119289.36047225054,119410.157952949,120.79748069845664,0.10116181300593731,-1.0
2024-01-19 23:00:00,119413.3157283576,119413.3157283576,0.0,0.0,-1.0
2024-01-20 00:00:00,119566.08243091435,119566.08243091435,0.0,0.0,-1.0
2024-01-20 01:00:00,119415.54419509142,119566.08243091435,150.53823582292534,0.12590379542618768,-1.0
2024-01-20 02:00:00,119524.68709271954,119566.08243091435,41.39533819480857,0.034621305100237705,-1.0
2024-01-20 03:00:00,119674.53200402028,119674.53200402028,0.0,0.0,-1.0
2024-01-20 04:00:00,119867.67053283665,119867.67053283665,0.0,0.0,-1.0
2024-01-20 05:00:00,119790.23876946207,119867.67053283665,77.43176337458135,0.06459770431041256,-1.0
2024-01-20 06:00:00,119985.61287211954,119985.61287211954,0.0,0.0,-1.0
2024-01-20 07:00:00,120228.8534072671,120228.8534072671,0.0,0.0,-1.0
2024-01-20 08:00:00,120371.78159464365,120371.78159464365,0.0,0.0,-1.0
2024-01-20 09:00:00,120483.15700762115,120483.15700762115,0.0,0.0,-1.0
2024-01-20 10:00:00,120422.04172012725,120483.15700762115,61.115287493899814,0.05072517106273533,-1.0
2024-01-20 11:00:00,120508.59688999325,120508.59688999325,0.0,0.0,-1.0
2024-01-20 12:00:00,120470.3751191377,120508.59688999325,38.221770855554496,0.03171704910849256,-1.0
2024-01-20 13:00:00,120497.19485738126,120508.59688999325,11.40203261199349,0.009461592704794233,-1.0
2024-01-20 14:00:00,120438.7023018742,120508.59688999325,69.89458811904478,0.05799966966908455,-1.0
2024-01-20 15:00:00,120465.08134516442,120508.59688999325,43.51554482882784,0.03610990912835138,-1.0
2024-01-20 16:00:00,120407.24221140065,120508.59688999325,101.35467859260098,0.08410576606839344,-1.0
2024-01-20 17:00:00,120384.00105815104,120508.59688999325,124.59583184220537,0.10339165425346639,-1.0
2024-01-20 18:00:00,120570.42638579258,120570.42638579258,0.0,0.0,-1.0
2024-01-20 19:00:00,120520.69858259342,120570.42638579258,49.7278031991591,0.04124378148920503,-1.0
2024-01-20 20:00:00,120711.26296127074,120711.26296127074,0.0,0.0,-1.0
2024-01-20 21:00:00,120736.94261073101,120736.94261073101,0.0,0.0,-1.0
2024-01-20 22:00:00,120713.1855703284,120736.94261073101,23.757040402619168,0.019676695375014125,-1.0
2024-01-20 23:00:00,120775.39256240975,120775.39256240975,0.0,0.0,-1.0
2024-01-21 00:00:00,120897.226683447,120897.226683447,0.0,0.0,-1.0
2024-01-21 01:00:00,121141.99986663726,121141.99986663726,0.0,0.0,-1.0
2024-01-21 02:00:00,121469.71565762252,121469.71565762252,0.0,0.0,-1.0
2024-01-21 03:00:00,121553.25953501837,121553.25953501837,0.0,0.0,-1.0
2024-01-21 04:00:00,121584.45683406001,121584.45683406001,0.0,0.0,-1.0
2024-01-21 05:00:00,121538.70275854063,121584.45683406001,45.754075519376784,0.03763151698067995,-1.0
2024-01-21 06:00:00,121469.23389397014,121584.45683406001,115.222940089865,0.0947678207314959,-1.0
2024-01-21 07:00:00,121558.27873508378,121584.45683406001,26.17809897623374,0.0215307940323013,-1.0
2024-01-21 08:00:00,121469.0227182988,121584.45683406001,115.43411576120707,0.09494150713586112,-1.0
2024-01-21 09:00:00,121469.00978474112,121584.45683406001,115.44704931888555,0.0949521446449764,-1.0
2024-01-21 10:00:00,121652.48169665966,121652.48169665966,0.0,0.0,-1.0
2024-01-21 11:00:00,121614.16275573273,121652.48169665966,38.31894092692528,0.03149869233450865,-1.0
2024-01-21 12:00:00,121811.92444618736,121811.92444618736,0.0,0.0,-1.0
2024-01-21 13:00:00,121960.35387874946,121960.35387874946,0.0,0.0,-1.0
2024-01-21 14:00:00,122294.99236619176,122294.99236619176,0.0,0.0,-1.0
2024-01-21 15:00:00,122470.41284046088,122470.41284046088,0.0,0.0,-1.0
2024-01-21 16:00:00,122529.76592467763,122529.76592467763,0.0,0.0,-1.0
2024-01-21 17:00:00,122546.37900446529,122546.37900446529,0.0,0.0,-1.0
2024-01-21 18:00:00,122696.24622459465,122696.24622459465,0.0,0.0,-1.0
2024-01-21 19:00:00,122948.51418964825,122948.51418964825,0.0,0.0,-1.0
2024-01-01 01:00:00,123141.26988555209,123141.26988555209,0.0,0.0,-1.0
2024-01-01 02:00:00,123278.97751910698,123278.97751910698,0.0,0.0,-1.0
2024-01-01 03:00:00,123416.15607901855,123416.15607901855,0.0,0.0,-1.0
2024-01-01 04:00:00,123440.94983772837,123440.94983772837,0.0,0.0,-1.0
2024-01-01 05:00:00,123472.88501539319,123472.88501539319,0.0,0.0,-1.0
2024-01-01 06:00:00,123499.72907945655,123499.72907945655,0.0,0.0,-1.0
2024-01-01 07:00:00,123577.75343539892,123577.75343539892,0.0,0.0,-1.0
2024-01-01 08:00:00,123682.11825523051,123682.11825523051,0.0,0.0,-1.0
2024-01-01 09:00:00,123618.8853077259,123682.11825523051,63.23294750461355,0.05112537559724356,-1.0
2024-01-01 10:00:00,123571.24564177952,123682.11825523051,110.8726134509925,0.0896432038964563,-1.0
2024-01-01 11:00:00,123820.84838012002,123820.84838012002,0.0,0.0,-1.0
2024-01-01 12:00:00,123997.37077929711,123997.37077929711,0.0,0.0,-1.0
2024-01-01 13:00:00,124030.45646561637,124030.45646561637,0.0,0.0,-1.0
2024-01-01 14:00:00,124076.75254330755,124076.75254330755,0.0,0.0,-1.0
2024-01-01 15:00:00,124160.36468389827,124160.36468389827,0.0,0.0,-1.0
2024-01-01 16:00:00,124312.46107489709,124312.46107489709,0.0,0.0,-1.0
2024-01-01 17:00:00,124455.22413298086,124455.22413298086,0.0,0.0,-1.0
2024-01-01 18:00:00,124464.70514095141,124464.70514095141,0.0,0.0,-1.0
2024-01-01 19:00:00,124615.01605413729,124615.01605413729,0.0,0.0,-1.0
2024-01-01 20:00:00,124876.04133767525,124876.04133767525,0.0,0.0,-1.0
2024-01-01 21:00:00,124948.44534901406,124948.44534901406,0.0,0.0,-1.0
2024-01-01 22:00:00,124950.09950393852,124950.09950393852,0.0,0.0,-1.0
2024-01-01 23:00:00,125087.40457385982,125087.40457385982,0.0,0.0,-1.0
2024-01-02 00:00:00,125165.74482780759,125165.74482780759,0.0,0.0,-1.0
2024-01-02 01:00:00,125198.85890206925,125198.85890206925,0.0,0.0,-1.0
2024-01-02 02:00:00,125229.75102631864,125229.75102631864,0.0,0.0,-1.0
2024-01-02 03:00:00,125502.16848856215,125502.16848856215,0.0,0.0,-1.0
2024-01-02 04:00:00,125689.81315595802,125689.81315595802,0.0,0.0,-1.0
2024-01-02 05:00:00,125626.10703991765,125689.81315595802,63.706116040368215,0.05068518636535851,-1.0
2024-01-02 06:00:00,125942.368202104,125942.368202104,0.0,0.0,-1.0
2024-01-02 07:00:00,126075.04037745539,126075.04037745539,0.0,0.0,-1.0
2024-01-02 08:00:00,126100.78667538718,126100.78667538718,0.0,0.0,-1.0
2024-01-02 09:00:00,126345.83321838612,126345.83321838612,0.0,0.0,-1.0
2024-01-02 10:00:00,126517.69380071988,126517.69380071988,0.0,0.0,-1.0
2024-01-02 11:00:00,126417.55863621179,126517.69380071988,100.13516450808675,0.07914716234538016,-1.0
2024-01-02 12:00:00,126378.51901717715,126517.69380071988,139.17478354272316,0.11000420523151465,-1.0
2024-01-02 13:00:00,126524.51069764374,126524.51069764374,0.0,0.0,-1.0
2024-01-02 14:00:00,126377.86269632661,126524.51069764374,146.648001317124,0.11590481599851388,-1.0
2024-01-02 15:00:00,126500.5711065731,126524.51069764374,23.939591070637107,0.018920911796960566,-1.0
2024-01-02 16:00:00,126632.02863129773,126632.02863129773,0.0,0.0,-1.0
2024-01-02 17:00:00,126602.50960541263,126632.02863129773,29.51902588509256,0.023310868667389247,-1.0
2024-01-02 18:00:00,126611.24829858824,126632.02863129773,20.780332709487993,0.01641001327554507,-1.0
2024-01-02 19:00:00,126604.19612893574,126632.02863129773,27.832502361983643,0.021979038528254852,-1.0
2024-01-02 20:00:00,126573.74083622954,126632.02863129773,58.287795068186824,0.04602926739640078,-1.0
2024-01-02 21:00:00,126796.58810185308,126796.58810185308,0.0,0.0,-1.0
2024-01-02 22:00:00,126839.35932953915,126839.35932953915,0.0,0.0,-1.0
2024-01-02 23:00:00,126917.09087911686,126917.09087911686,0.0,0.0,-1.0
2024-01-03 00:00:00,127005.76112030985,127005.76112030985,0.0,0.0,-1.0
2024-01-03 01:00:00,127041.83695656557,127041.83695656557,0.0,0.0,-1.0
2024-01-03 02:00:00,127130.25737939216,127130.25737939216,0.0,0.0,-1.0
2024-01-03 03:00:00,127006.90288736095,127130.25737939216,123.35449203121243,0.0970300025926072,-1.0
2024-01-03 04:00:00,127028.61908080494,127130.25737939216,101.63829858721874,0.07994815764739757,-1.0
2024-01-03 05:00:00,126972.32352156063,127130.25737939216,157.93385783153644,0.12422995208781631,-1.0
2024-01-03 06:00:00,127038.04235503051,127130.25737939216,92.21502436164883,0.07253585909643324,-1.0
2024-01-03 07:00:00,127325.48682318469,127325.48682318469,0.0,0.0,-1.0
2024-01-03 08:00:00,127421.90940630363,127421.90940630363,0.0,0.0,-1.0
2024-01-03 09:00:00,127414.51350245606,127421.90940630363,7.395903847573209,0.005804263867990139,-1.0
2024-01-03 10:00:00,127588.1735755117,127588.1735755117,0.0,0.0,-1.0
2024-01-03 11:00:00,127761.31364877659,127761.31364877659,0.0,0.0,-1.0
2024-01-03 12:00:00,127763.50991669126,127763.50991669126,0.0,0.0,-1.0
2024-01-03 13:00:00,127868.77409482712,127868.77409482712,0.0,0.0,-1.0
2024-01-03 14:00:00,127985.61239817823,127985.61239817823,0.0,0.0,-1.0
2024-01-03 15:00:00,128130.75562577369,128130.75562577369,0.0,0.0,-1.0
2024-01-03 16:00:00,128277.96225868368,128277.96225868368,0.0,0.0,-1.0
2024-01-03 17:00:00,128700.95520613698,128700.95520613698,0.0,0.0,-1.0
2024-01-03 18:00:00,128622.90361990174,128700.95520613698,78.05158623523312,0.06064569304106557,-1.0
2024-01-03 19:00:00,128853.0146143255,128853.0146143255,0.0,0.0,-1.0
2024-01-03 20:00:00,128916.51716267547,128916.51716267547,0.0,0.0,-1.0
2024-01-03 21:00:00,129088.15123954629,129088.15123954629,0.0,0.0,-1.0
2024-01-03 22:00:00,129122.61339216153,129122.61339216153,0.0,0.0,-1.0
2024-01-03 23:00:00,129214.99347397758,129214.99347397758,0.0,0.0,-1.0
2024-01-04 00:00:00,129064.45553020875,129214.99347397758,150.53794376882433,0.1165019164739121,-1.0
2024-01-04 01:00:00,129094.96352654262,129214.99347397758,120.02994743495947,0.092891656152219,-1.0
2024-01-04 02:00:00,129348.06539020936,129348.06539020936,0.0,0.0,-1.0
2024-01-04 03:00:00,129416.15199779866,129416.15199779866,0.0,0.0,-1.0
2024-01-04 04:00:00,129504.43986928667,129504.43986928667,0.0,0.0,-1.0
2024-01-04 05:00:00,129435.52329992526,129504.43986928667,68.91656936140498,0.05321560359703874,-1.0
2024-01-04 06:00:00,129414.5710726515,129504.43986928667,89.86879663517175,0.0693943749927643,-1.0
2024-01-04 07:00:00,129463.27449223626,129504.43986928667,41.16537705040537,0.031786846143618715,-1.0
2024-01-04 08:00:00,129625.86240554064,129625.86240554064,0.0,0.0,-1.0
2024-01-04 09:00:00,129605.04119651784,129625.86240554064,20.821209022804396,0.016062542332535665,-1.0
2024-01-04 10:00:00,129568.11724136409,129625.86240554064,57.74516417655104,0.044547564124119435,-1.0
2024-01-04 11:00:00,129851.06481309592,129851.06481309592,0.0,0.0,-1.0
2024-01-04 12:00:00,130145.17821014262,130145.17821014262,0.0,0.0,-1.0
2024-01-04 13:00:00,130112.81542420016,130145.17821014262,32.362785942459595,0.02486668072343341,-1.0
2024-01-04 14:00:00,130002.72935576038,130145.17821014262,142.4488543822372,0.10945380869372516,-1.0
2024-01-04 15:00:00,129865.78032600915,130145.17821014262,279.3978841334756,0.21468170236959364,-1.0
2024-01-04 16:00:00,130006.99513978278,130145.17821014262,138.1830703598389,0.10617609677149749,-1.0
2024-01-04 17:00:00,130038.85247711591,130145.17821014262,106.3257330267079,0.08169778895306135,-1.0
2024-01-04 18:00:00,130158.91221138534,130158.91221138534,0.0,0.0,-1.0
2024-01-04 19:00:00,130147.15772496049,130158.91221138534,11.754486424848437,0.009030873280316367,-1.0
2024-01-04 20:00:00,130091.38516807885,130158.91221138534,67.52704330648703,0.051880460707000496,-1.0
2024-01-04 21:00:00,130123.18395571368,130158.91221138534,35.72825567165273,0.02744971901242387,-1.0
2024-01-04 22:00:00,130437.06620118156,130437.06620118156,0.0,0.0,-1.0
2024-01-04 23:00:00,130283.5408799013,130437.06620118156,153.5253212802636,0.1177006856651249,-1.0
2024-01-05 00:00:00,130386.74073724677,130437.06620118156,50.32546393478697,0.03858218020418118,-1.0
2024-01-05 01:00:00,130321.01983628195,130437.06620118156,116.0463648996083,0.0889673221572022,-1.0
2024-01-05 02:00:00,130254.66391699549,130437.06620118156,182.40228418607148,0.13983930296679672,-1.0
2024-01-05 03:00:00,130231.56681250136,130437.06620118156,205.49938868019672,0.157546773064676,-1.0
2024-01-05 04:00:00,130246.84718384243,130437.06620118156,190.2190173391282,0.14583202679960697,-1.0
2024-01-05 05:00:00,130407.94264755337,130437.06620118156,29.123553628189256,0.022327666879037363,-1.0
2024-01-05 06:00:00,130488.05991322386,130488.05991322386,0.0,0.0,-1.0
2024-01-05 07:00:00,130601.61369888131,130601.61369888131,0.0,0.0,-1.0
2024-01-05 08:00:00,130503.12710329695,130601.61369888131,98.48659558435611,0.07540993774504925,-1.0
2024-01-05 09:00:00,130587.04675821183,130601.61369888131,14.566940669479663,0.011153721808572445,-1.0
2024-01-05 10:00:00,130533.18126954594,130601.61369888131,68.43242933537113,0.052397843638556284,-1.0
2024-01-05 11:00:00,130500.8657631753,130601.61369888131,100.74793570600741,0.07714141720966376,-1.0
2024-01-05 12:00:00,130528.19930667969,130601.61369888131,73.41439220162283,0.05621246944994806,-1.0
2024-01-05 13:00:00,130664.00101535102,130664.00101535102,0.0,0.0,-1.0
2024-01-05 14:00:00,130691.75495107715,130691.75495107715,0.0,0.0,-1.0
2024-01-05 15:00:00,130761.35580940454,130761.35580940454,0.0,0.0,-1.0
2024-01-05 16:00:00,130801.28758321007,130801.28758321007,0.0,0.0,-1.0
2024-01-05 17:00:00,130864.17923541526,130864.17923541526,0.0,0.0,-1.0
2024-01-05 18:00:00,131110.68117534433,131110.68117534433,0.0,0.0,-1.0
2024-01-05 19:00:00,131123.85951171262,131123.85951171262,0.0,0.0,-1.0
2024-01-05 20:00:00,131103.93969948354,131123.85951171262,19.919812229083618,0.01519159999046877,-1.0
2024-01-05 21:00:00,131241.89086478468,131241.89086478468,0.0,0.0,-1.0
2024-01-05 22:00:00,131352.2475806677,131352.2475806677,0.0,0.0,-1.0
2024-01-05 23:00:00,131656.28036250523,131656.28036250523,0.0,0.0,-1.0
2024-01-06 00:00:00,131663.50661985995,131663.50661985995,0.0,0.0,-1.0
2024-01-06 01:00:00,131775.8130991726,131775.8130991726,0.0,0.0,-1.0
2024-01-06 02:00:00,131754.00364774955,131775.8130991726,21.809451423061546,0.01655042068049928,-1.0
2024-01-06 03:00:00,131967.68575405894,131967.68575405894,0.0,0.0,-1.0
2024-01-06 04:00:00,132165.13535474535,132165.13535474535,0.0,0.0,-1.0
2024-01-06 05:00:00,132141.20485692658,132165.13535474535,23.930497818771983,0.01810651330590323,-1.0
2024-01-06 06:00:00,132064.36636604922,132165.13535474535,100.76898869613069,0.07624475882058908,-1.0
2024-01-06 07:00:00,132068.63018944382,132165.13535474535,96.50516530152527,0.07301862555695576,-1.0
2024-01-06 08:00:00,132159.03068469875,132165.13535474535,6.1046700465958565,0.004618971584457785,-1.0
2024-01-06 09:00:00,132433.40198543304,132433.40198543304,0.0,0.0,-1.0
2024-01-06 10:00:00,132515.88078992342,132515.88078992342,0.0,0.0,-1.0
2024-01-06 11:00:00,132472.7333733255,132515.88078992342,43.147416597930714,0.03256018549681003,-1.0
2024-01-06 12:00:00,132359.5902145306,132515.88078992342,156.2905753928353,0.11794101541731572,-1.0
2024-01-06 13:00:00,132653.71518680287,132653.71518680287,0.0,0.0,-1.0
2024-01-06 14:00:00,132680.35687556176,132680.35687556176,0.0,0.0,-1.0
2024-01-06 15:00:00,132888.37807196245,132888.37807196245,0.0,0.0,-1.0
2024-01-06 16:00:00,133116.28063819397,133116.28063819397,0.0,0.0,-1.0
2024-01-06 17:00:00,133098.89682446842,133116.28063819397,17.38381372555159,0.013059119171756511,-1.0
2024-01-06 18:00:00,133221.54770051813,133221.54770051813,0.0,0.0,-1.0
2024-01-06 19:00:00,133512.67993355237,133512.67993355237,0.0,0.0,-1.0
2024-01-06 20:00:00,133646.72964027067,133646.72964027067,0.0,0.0,-1.0
2024-01-06 21:00:00,133829.73267507835,133829.73267507835,0.0,0.0,-1.0
2024-01-06 22:00:00,134046.6987611424,134046.6987611424,0.0,0.0,-1.0
2024-01-06 23:00:00,134236.35052103314,134236.35052103314,0.0,0.0,-1.0
2024-01-07 00:00:00,134333.47022060116,134333.47022060116,0.0,0.0,-1.0
2024-01-07 01:00:00,134441.90415946348,134441.90415946348,0.0,0.0,-1.0
2024-01-07 02:00:00,134647.7210120206,134647.7210120206,0.0,0.0,-1.0
2024-01-07 03:00:00,134853.34135521276,134853.34135521276,0.0,0.0,-1.0
2024-01-07 04:00:00,134915.93531115394,134915.93531115394,0.0,0.0,-1.0
2024-01-07 05:00:00,135094.5669491511,135094.5669491511,0.0,0.0,-1.0
2024-01-07 06:00:00,135122.86328596662,135122.86328596662,0.0,0.0,-1.0
2024-01-07 07:00:00,135088.58928395956,135122.86328596662,34.274002007063245,0.025365064929483937,-1.0
2024-01-07 08:00:00,135131.35134263092,135131.35134263092,0.0,0.0,-1.0
2024-01-07 09:00:00,135337.5270235531,135337.5270235531,0.0,0.0,-1.0
2024-01-07 10:00:00,135381.12481539111,135381.12481539111,0.0,0.0,-1.0
2024-01-07 11:00:00,135372.3827552041,135381.12481539111,8.742060187010793,0.006457370035100293,-1.0
2024-01-07 12:00:00,135447.62414966238,135447.62414966238,0.0,0.0,-1.0
2024-01-07 13:00:00,135513.3583672031,135513.3583672031,0.0,0.0,-1.0
2024-01-07 14:00:00,135662.07302689875,135662.07302689875,0.0,0.0,-1.0
2024-01-07 15:00:00,135739.03627731872,135739.03627731872,0.0,0.0,-1.0
2024-01-07 16:00:00,135724.1335426981,135739.03627731872,14.902734620613046,0.010978960090866074,-1.0
2024-01-07 17:00:00,135768.69315116145,135768.69315116145,0.0,0.0,-1.0
2024-01-07 18:00:00,135759.0031945147,135768.69315116145,9.689956646761857,0.007137106811489526,-1.0
2024-01-07 19:00:00,135804.50930735347,135804.50930735347,0.0,0.0,-1.0
2024-01-07 20:00:00,136062.90227812243,136062.90227812243,0.0,0.0,-1.0
2024-01-07 21:00:00,136066.29828647018,136066.29828647018,0.0,0.0,-1.0
2024-01-07 22:00:00,136109.52758795116,136109.52758795116,0.0,0.0,-1.0
2024-01-07 23:00:00,136279.50041062306,136279.50041062306,0.0,0.0,-1.0
2024-01-08 00:00:00,136508.54662020615,136508.54662020615,0.0,0.0,-1.0
2024-01-08 01:00:00,136500.1258524316,136508.54662020615,8.420767774543492,0.006168674403934384,-1.0
2024-01-08 02:00:00,136588.57138282925,136588.57138282925,0.0,0.0,-1.0
2024-01-08 03:00:00,136566.27038077393,136588.57138282925,22.30100205531926,0.01632713617950817,-1.0
2024-01-08 04:00:00,136585.90761072093,136588.57138282925,2.6637721083243378,0.0019502159524447623,-1.0
2024-01-08 05:00:00,136774.24860946412,136774.24860946412,0.0,0.0,-1.0
2024-01-08 06:00:00,136733.66017478736,136774.24860946412,40.58843467675615,0.029675494538924214,-1.0
2024-01-08 07:00:00,136636.595104233,136774.24860946412,137.65350523110828,0.10064285245986235,-1.0
2024-01-08 08:00:00,136872.91095478495,136872.91095478495,0.0,0.0,-1.0
2024-01-08 09:00:00,136798.2142385503,136872.91095478495,74.69671623464092,0.05457377629625813,-1.0
2024-01-08 10:00:00,136806.98529085296,136872.91095478495,65.92566393199377,0.0481656037503081,-1.0
2024-01-08 11:00:00,136903.64758300528,136903.64758300528,0.0,0.0,-1.0
2024-01-08 12:00:00,137035.64085162978,137035.64085162978,0.0,0.0,-1.0
2024-01-08 13:00:00,137346.2889282346,137346.2889282346,0.0,0.0,-1.0
2024-01-08 14:00:00,137521.0858250519,137521.0858250519,0.0,0.0,-1.0
2024-01-08 15:00:00,137437.57333568408,137521.0858250519,83.5124893678294,0.06072704332342911,-1.0
2024-01-08 16:00:00,137668.14207432402,137668.14207432402,0.0,0.0,-1.0
2024-01-08 17:00:00,137761.8923416027,137761.8923416027,0.0,0.0,-1.0
2024-01-08 18:00:00,137817.26361242545,137817.26361242545,0.0,0.0,-1.0
2024-01-08 19:00:00,138044.63518156696,138044.63518156696,0.0,0.0,-1.0
2024-01-08 20:00:00,138326.30455843074,138326.30455843074,0.0,0.0,-1.0
2024-01-08 21:00:00,138473.00034825027,138473.00034825027,0.0,0.0,-1.0
2024-01-08 22:00:00,138412.12575915296,138473.00034825027,60.87458909730776,0.04396134188196419,-1.0
2024-01-08 23:00:00,138460.28472847553,138473.00034825027,12.715619774739025,0.00918274302048782,-1.0
2024-01-09 00:00:00,138459.86458304417,138473.00034825027,13.135765206097858,0.009486156270942563,-1.0
2024-01-09 01:00:00,138544.30339722807,138544.30339722807,0.0,0.0,-1.0
2024-01-09 02:00:00,138599.65653154347,138599.65653154347,0.0,0.0,-1.0
2024-01-09 03:00:00,138832.9167998361,138832.9167998361,0.0,0.0,-1.0
2024-01-09 04:00:00,138921.61896935652,138921.61896935652,0.0,0.0,-1.0
2024-01-09 05:00:00,138890.67666231256,138921.61896935652,30.94230704396614,0.022273212242647004,-1.0
2024-01-09 06:00:00,139077.81093141003,139077.81093141003,0.0,0.0,-1.0
2024-01-09 07:00:00,139145.62446915932,139145.62446915932,0.0,0.0,-1.0
2024-01-09 08:00:00,139082.05178137627,139145.62446915932,63.572687783045694,0.04568788132977631,-1.0
2024-01-09 09:00:00,139212.27647986784,139212.27647986784,0.0,0.0,-1.0
2024-01-09 10:00:00,139224.7999462451,139224.7999462451,0.0,0.0,-1.0
2024-01-09 11:00:00,139122.63475257708,139224.7999462451,102.16519366801367,0.0733814620006348,-1.0
2024-01-09 12:00:00,139068.2303242436,139224.7999462451,156.56962200149428,0.11245814112280716,-1.0
2024-01-09 13:00:00,138999.06388916878,139224.7999462451,225.73605707631214,0.16213782110907624,-1.0
2024-01-09 14:00:00,139033.96146680118,139224.7999462451,190.8384794439189,0.13707218794180487,-1.0
2024-01-09 15:00:00,138987.35537756674,139224.7999462451,237.44456867835834,0.1705476098870575,-1.0
2024-01-09 16:00:00,139052.4385645316,139224.7999462451,172.36138171350467,0.12380077527858087,-1.0
2024-01-09 17:00:00,139002.14361684656,139224.7999462451,222.65632939853822,0.15992576716540888,-1.0
2024-01-09 18:00:00,139017.1804494753,139224.7999462451,207.61949676979566,0.14912536907932916,-1.0
2024-01-09 19:00:00,139200.90512784309,139224.7999462451,23.89481840201188,0.01716276009104535,-1.0
2024-01-09 20:00:00,139209.0140424498,139224.7999462451,15.785903795302147,0.011338428068416768,-1.0
2024-01-09 21:00:00,139187.38737497738,139224.7999462451,37.41257126771961,0.02687205963460868,-1.0
2024-01-09 22:00:00,139164.14171923583,139224.7999462451,60.65822700926219,0.0435685503104924,-1.0
2024-01-09 23:00:00,139176.19272074648,139224.7999462451,48.60722549862112,0.034912763758603665,-1.0
2024-01-10 00:00:00,139191.13336161728,139224.7999462451,33.66658462781925,0.024181456637623444,-1.0
2024-01-10 01:00:00,139225.849593702,139225.849593702,0.0,0.0,-1.0
2024-01-10 02:00:00,139112.76743778298,139225.849593702,113.08215591902263,0.08122209794303743,-1.0
2024-01-10 03:00:00,139100.42394148422,139225.849593702,125.42565221778932,0.09008790579035049,-1.0
2024-01-10 04:00:00,139174.1004540969,139225.849593702,51.749139605119126,0.03716920367599613,-1.0
2024-01-10 05:00:00,139202.5483801794,139225.849593702,23.301213522616308,0.01673626958687301,-1.0
2024-01-10 06:00:00,139144.0469421687,139225.849593702,81.80265153330402,0.05875536171768811,-1.0
2024-01-10 07:00:00,139258.044626827,139258.044626827,0.0,0.0,-1.0
2024-01-10 08:00:00,139271.12368730854,139271.12368730854,0.0,0.0,-1.0
2024-01-10 09:00:00,139149.3398141911,139271.12368730854,121.78387311744154,0.08744373556636954,-1.0
2024-01-10 10:00:00,139132.9204574477,139271.12368730854,138.2032298608392,0.09923322667456393,-1.0
2024-01-10 11:00:00,139119.91306663892,139271.12368730854,151.21062066961895,0.1085728445827126,-1.0
2024-01-10 12:00:00,139143.261881097,139271.12368730854,127.86180621155654,0.09180783699184607,-1.0
2024-01-10 13:00:00,139277.66179843052,139277.66179843052,0.0,0.0,-1.0
2024-01-10 14:00:00,139303.7890536075,139303.7890536075,0.0,0.0,-1.0
2024-01-10 15:00:00,139286.76435209063,139303.7890536075,17.024701516871573,0.01222127670218651,-1.0
2024-01-10 16:00:00,139208.61431012326,139303.7890536075,95.17474348424003,0.0683217191225247,-1.0
2024-01-10 17:00:00,139331.25500681408,139331.25500681408,0.0,0.0,-1.0
2024-01-10 18:00:00,139249.99381252125,139331.25500681408,81.26119429283426,0.05832230125886696,-1.0
2024-01-10 19:00:00,139258.6551333955,139331.25500681408,72.5998734185705,0.052105949533735235,-1.0
2024-01-10 20:00:00,139483.02853597468,139483.02853597468,0.0,0.0,-1.0
2024-01-10 21:00:00,139486.8745093807,139486.8745093807,0.0,0.0,-1.0
2024-01-10 22:00:00,139445.28581506538,139486.8745093807,41.58869431531639,0.029815489422640618,-1.0
2024-01-10 23:00:00,139474.02203450847,139486.8745093807,12.852474872226594,0.009214110587417489,-1.0
2024-01-11 00:00:00,139661.03262133518,139661.03262133518,0.0,0.0,-1.0
2024-01-11 01:00:00,139798.96913361317,139798.96913361317,0.0,0.0,-1.0
2024-01-11 02:00:00,139765.72233653444,139798.96913361317,33.24679707872565,0.023781861400530038,-1.0
2024-01-11 03:00:00,139644.4834885623,139798.96913361317,154.48564505085233,0.11050556810844746,-1.0
2024-01-11 04:00:00,139982.79970847914,139982.79970847914,0.0,0.0,-1.0
2024-01-11 05:00:00,139948.60220144104,139982.79970847914,34.19750703810132,0.024429792166837112,-1.0
2024-01-11 06:00:00,140124.42578183705,140124.42578183705,0.0,0.0,-1.0
2024-01-11 07:00:00,140418.20893371763,140418.20893371763,0.0,0.0,-1.0
2024-01-11 08:00:00,140548.4206419776,140548.4206419776,0.0,0.0,-1.0
2024-01-11 09:00:00,140504.89444138957,140548.4206419776,43.52620058803586,0.030968829382232055,-1.0
2024-01-11 10:00:00,140446.2685563861,140548.4206419776,102.15208559151506,0.07268106260100178,-1.0
2024-01-11 11:00:00,140352.3679242069,140548.4206419776,196.05271777071175,0.13949122791647842,-1.0
2024-01-11 12:00:00,140510.07130604805,140548.4206419776,38.34933592955349,0.02728549759178133,-1.0
2024-01-11 13:00:00,140589.62988542503,140589.62988542503,0.0,0.0,-1.0
2024-01-11 14:00:00,140558.40233962276,140589.62988542503,31.227545802277746,0.02221184153321049,-1.0
2024-01-11 15:00:00,140517.5591118938,140589.62988542503,72.07077353124623,0.05126322161170852,-1.0
2024-01-11 16:00:00,140551.90797734246,140589.62988542503,37.72190808257437,0.026831216579285562,-1.0
2024-01-11 17:00:00,140582.09430687389,140589.62988542503,7.535578551149229,0.0053599817833580084,-1.0
2024-01-11 18:00:00,140591.0632813316,140591.0632813316,0.0,0.0,-1.0
2024-01-11 19:00:00,140708.57945534185,140708.57945534185,0.0,0.0,-1.0
2024-01-11 20:00:00,140771.9432883125,140771.9432883125,0.0,0.0,-1.0
2024-01-11 21:00:00,140882.5787092641,140882.5787092641,0.0,0.0,-1.0
2024-01-11 22:00:00,141206.6569630221,141206.6569630221,0.0,0.0,-1.0
2024-01-11 23:00:00,141391.7009163142,141391.7009163142,0.0,0.0,-1.0
2024-01-12 00:00:00,141635.30101282493,141635.30101282493,0.0,0.0,-1.0
2024-01-12 01:00:00,141637.55768951454,141637.55768951454,0.0,0.0,-1.0
2024-01-12 02:00:00,141881.57002722746,141881.57002722746,0.0,0.0,-1.0
2024-01-12 03:00:00,142070.75248428373,142070.75248428373,0.0,0.0,-1.0
2024-01-12 04:00:00,142003.30095269662,142070.75248428373,67.45153158711037,0.04747742262755457,-1.0
2024-01-12 05:00:00,142180.57584070115,142180.57584070115,0.0,0.0,-1.0
2024-01-12 06:00:00,142142.27939249345,142180.57584070115,38.296448207693174,0.026935077440254876,-1.0
2024-01-12 07:00:00,142069.28295133437,142180.57584070115,111.2928893667704,0.07827573401549784,-1.0
2024-01-12 08:00:00,142197.3560392137,142197.3560392137,0.0,0.0,-1.0
2024-01-12 09:00:00,142222.19859467744,142222.19859467744,0.0,0.0,-1.0
2024-01-12 10:00:00,142352.8915629148,142352.8915629148,0.0,0.0,-1.0
2024-01-12 11:00:00,142452.29493273332,142452.29493273332,0.0,0.0,-1.0
2024-01-12 12:00:00,142424.9598124258,142452.29493273332,27.335120307514444,0.0191889645024127,-1.0
2024-01-12 13:00:00,142833.4503735468,142833.4503735468,0.0,0.0,-1.0
2024-01-12 14:00:00,142804.04204692336,142833.4503735468,29.40832662343746,0.020589243308571627,-1.0
2024-01-12 15:00:00,143021.29268480622,143021.29268480622,0.0,0.0,-1.0
2024-01-12 16:00:00,143135.6434413129,143135.6434413129,0.0,0.0,-1.0
2024-01-12 17:00:00,143076.87545093687,143135.6434413129,58.767990376014495,0.04105755139886592,-1.0
2024-01-12 18:00:00,143183.56756486144,143183.56756486144,0.0,0.0,-1.0
2024-01-12 19:00:00,143128.9156483508,143183.56756486144,54.651916510629235,0.03816912613653951,-1.0
2024-01-12 20:00:00,143085.6862239424,143183.56756486144,97.88134091903339,0.06836073620996602,-1.0
2024-01-12 21:00:00,143075.37016439228,143183.56756486144,108.19740046915831,0.07556551516999004,-1.0
2024-01-12 22:00:00,143001.7361173604,143183.56756486144,181.83144750105566,0.12699184033020194,-1.0
2024-01-12 23:00:00,143024.61906966966,143183.56756486144,158.94849519178388,0.11101029112141726,-1.0
2024-01-13 00:00:00,142959.29340721498,143183.56756486144,224.2741576464614,0.15663400588539345,-1.0
2024-01-13 01:00:00,142897.58689225334,143183.56756486144,285.9806726081006,0.19973009296513916,-1.0
2024-01-13 02:00:00,142825.26182810363,143183.56756486144,358.3057367578149,0.2502422190280349,-1.0
2024-01-13 03:00:00,143198.87632752387,143198.87632752387,0.0,0.0,-1.0
2024-01-13 04:00:00,143074.00863049962,143198.87632752387,124.86769702425227,0.08719879668514674,-1.0
2024-01-13 05:00:00,143092.6760158258,143198.87632752387,106.20031169807771,0.07416281078573325,-1.0
2024-01-13 06:00:00,143114.97966330347,143198.87632752387,83.89666422040318,0.058587515748737495,-1.0
2024-01-13 07:00:00,143185.46428272137,143198.87632752387,13.412044802505989,0.009366026568413859,-1.0
2024-01-13 08:00:00,143370.435994163,143370.435994163,0.0,0.0,-1.0
2024-01-13 09:00:00,143396.22511705334,143396.22511705334,0.0,0.0,-1.0
2024-01-13 10:00:00,143347.88333190363,143396.22511705334,48.34178514970699,0.033712034685882374,-1.0
2024-01-13 11:00:00,143297.44445110764,143396.22511705334,98.78066594569827,0.06888651766464864,-1.0
2024-01-13 12:00:00,143484.60136795172,143484.60136795172,0.0,0.0,-1.0
2024-01-13 13:00:00,143663.38663111284,143663.38663111284,0.0,0.0,-1.0
2024-01-13 14:00:00,143741.69029005826,143741.69029005826,0.0,0.0,-1.0
2024-01-13 15:00:00,143760.70695308677,143760.70695308677,0.0,0.0,-1.0
2024-01-13 16:00:00,143819.70741536972,143819.70741536972,0.0,0.0,-1.0
2024-01-13 17:00:00,143832.96290756555,143832.96290756555,0.0,0.0,-1.0
2024-01-13 18:00:00,143945.93836930007,143945.93836930007,0.0,0.0,-1.0
2024-01-13 19:00:00,143969.58033376557,143969.58033376557,0.0,0.0,-1.0
2024-01-13 20:00:00,143980.6353499387,143980.6353499387,0.0,0.0,-1.0
2024-01-13 21:00:00,144154.2348715479,144154.2348715479,0.0,0.0,-1.0
2024-01-13 22:00:00,144175.4654067532,144175.4654067532,0.0,0.0,-1.0
2024-01-13 23:00:00,144477.7911417242,144477.7911417242,0.0,0.0,-1.0
2024-01-14 00:00:00,144549.20543908357,144549.20543908357,0.0,0.0,-1.0
2024-01-14 01:00:00,144647.43556090636,144647.43556090636,0.0,0.0,-1.0
2024-01-14 02:00:00,144601.69685180022,144647.43556090636,45.73870910613914,0.0316208226774128,-1.0
2024-01-14 03:00:00,144690.93423304457,144690.93423304457,0.0,0.0,-1.0
2024-01-14 04:00:00,144867.30276146674,144867.30276146674,0.0,0.0,-1.0
2024-01-14 05:00:00,144905.5533982283,144905.5533982283,0.0,0.0,-1.0
2024-01-14 06:00:00,145205.48628669072,145205.48628669072,0.0,0.0,-1.0
2024-01-14 07:00:00,145380.41447418978,145380.41447418978,0.0,0.0,-1.0
2024-01-14 08:00:00,145526.14405768574,145526.14405768574,0.0,0.0,-1.0
2024-01-14 09:00:00,145585.08864430402,145585.08864430402,0.0,0.0,-1.0
2024-01-14 10:00:00,145618.17979531607,145618.17979531607,0.0,0.0,-1.0
2024-01-14 11:00:00,145668.89470619615,145668.89470619615,0.0,0.0,-1.0
2024-01-14 12:00:00,145718.4589273005,145718.4589273005,0.0,0.0,-1.0
2024-01-14 13:00:00,145701.71740319865,145718.4589273005,16.741524101846153,0.011488952206253131,-1.0
2024-01-14 14:00:00,145737.60315642785,145737.60315642785,0.0,0.0,-1.0
2024-01-14 15:00:00,145928.14919939535,145928.14919939535,0.0,0.0,-1.0
2024-01-14 16:00:00,145906.99213319365,145928.14919939535,21.157066201703856,0.014498276252921542,-1.0
2024-01-14 17:00:00,145931.919541481,145931.919541481,0.0,0.0,-1.0
2024-01-14 18:00:00,145918.47396634318,145931.919541481,13.445575137826381,0.009213594380223643,-1.0
2024-01-14 19:00:00,145739.45881022236,145931.919541481,192.46073125864496,0.1318839167355283,-1.0
2024-01-14 20:00:00,145832.74652057933,145931.919541481,99.17302090168232,0.06795841596087036,-1.0
2024-01-14 21:00:00,145976.18428520992,145976.18428520992,0.0,0.0,-1.0
2024-01-14 22:00:00,145961.78003691693,145976.18428520992,14.404248292994453,0.00986753309351563,-1.0
2024-01-14 23:00:00,146418.3328549795,146418.3328549795,0.0,0.0,-1.0
2024-01-15 00:00:00,146576.2950024877,146576.2950024877,0.0,0.0,-1.0
2024-01-15 01:00:00,146706.45202080352,146706.45202080352,0.0,0.0,-1.0
2024-01-15 02:00:00,146870.50297720122,146870.50297720122,0.0,0.0,-1.0
2024-01-15 03:00:00,146930.0446966732,146930.0446966732,0.0,0.0,-1.0
2024-01-15 04:00:00,147154.08218412442,147154.08218412442,0.0,0.0,-1.0
2024-01-15 05:00:00,147309.90241766567,147309.90241766567,0.0,0.0,-1.0
2024-01-15 06:00:00,147460.22302213276,147460.22302213276,0.0,0.0,-1.0
2024-01-15 07:00:00,147415.27580876075,147460.22302213276,44.9472133720119,0.03048090695296564,-1.0
2024-01-15 08:00:00,147340.05616958687,147460.22302213276,120.16685254589538,0.08149102861987341,-1.0
2024-01-15 09:00:00,147392.3898388976,147460.22302213276,67.83318323516869,0.04600100409788978,-1.0
2024-01-15 10:00:00,147401.8478702732,147460.22302213276,58.37515185956727,0.039587049757008407,-1.0
2024-01-15 11:00:00,147460.9839327038,147460.9839327038,0.0,0.0,-1.0
2024-01-15 12:00:00,147470.98756272782,147470.98756272782,0.0,0.0,-1.0
2024-01-15 13:00:00,147555.60413750506,147555.60413750506,0.0,0.0,-1.0
2024-01-15 14:00:00,147719.77367566022,147719.77367566022,0.0,0.0,-1.0
2024-01-15 15:00:00,147715.0547805552,147719.77367566022,4.71889510503388,0.0031944911555272792,-1.0
2024-01-15 16:00:00,147719.1281812683,147719.77367566022,0.645494391937973,0.00043697223186602474,-1.0
2024-01-15 17:00:00,147754.71368370613,147754.71368370613,0.0,0.0,-1.0
2024-01-15 18:00:00,147682.61973065045,147754.71368370613,72.09395305567887,0.048792997027497974,-1.0
2024-01-15 19:00:00,147775.30123588705,147775.30123588705,0.0,0.0,-1.0
2024-01-15 20:00:00,147859.98029031613,147859.98029031613,0.0,0.0,-1.0
2024-01-15 21:00:00,147797.45112137462,147859.98029031613,62.52916894151713,0.04228944763738237,-1.0
2024-01-15 22:00:00,147797.11465639828,147859.98029031613,62.86563391785603,0.0425170041240519,-1.0
2024-01-15 23:00:00,148005.32390398998,148005.32390398998,0.0,0.0,-1.0
2024-01-16 00:00:00,148393.8275862073,148393.8275862073,0.0,0.0,-1.0
2024-01-16 01:00:00,148447.1756283137,148447.1756283137,0.0,0.0,-1.0
2024-01-16 02:00:00,148483.83555576118,148483.83555576118,0.0,0.0,-1.0
2024-01-16 03:00:00,148406.3340240048,148483.83555576118,77.5015317563666,0.0521952652059974,-1.0
2024-01-16 04:00:00,148655.69598418637,148655.69598418637,0.0,0.0,-1.0
2024-01-16 05:00:00,148664.10626467768,148664.10626467768,0.0,0.0,-1.0
2024-01-16 06:00:00,148732.13469286464,148732.13469286464,0.0,0.0,-1.0
2024-01-16 07:00:00,148622.7621475801,148732.13469286464,109.37254528453923,0.07353659349433538,-1.0
2024-01-16 08:00:00,148841.33876870153,148841.33876870153,0.0,0.0,-1.0
2024-01-16 09:00:00,149092.8297623949,149092.8297623949,0.0,0.0,-1.0
2024-01-16 10:00:00,149136.07626620994,149136.07626620994,0.0,0.0,-1.0
2024-01-16 11:00:00,149055.9372324475,149136.07626620994,80.13903376244707,0.053735511734530145,-1.0
2024-01-16 12:00:00,149241.295357341,149241.295357341,0.0,0.0,-1.0
2024-01-16 13:00:00,149133.43513425757,149241.295357341,107.86022308343672,0.07227237127979752,-1.0
2024-01-16 14:00:00,149252.89997050527,149252.89997050527,0.0,0.0,-1.0
2024-01-16 15:00:00,149390.00928010332,149390.00928010332,0.0,0.0,-1.0
2024-01-16 16:00:00,149539.7312662763,149539.7312662763,0.0,0.0,-1.0
2024-01-16 17:00:00,149716.3876501928,149716.3876501928,0.0,0.0,-1.0
2024-01-16 18:00:00,149827.9236177657,149827.9236177657,0.0,0.0,-1.0
2024-01-16 19:00:00,149704.93207623827,149827.9236177657,122.9915415274154,0.08208853100119436,-1.0
2024-01-16 20:00:00,149881.64659729422,149881.64659729422,0.0,0.0,-1.0
2024-01-16 21:00:00,150005.85957422954,150005.85957422954,0.0,0.0,-1.0
2024-01-16 22:00:00,150010.045199265,150010.045199265,0.0,0.0,-1.0
2024-01-16 23:00:00,149934.21750872862,150010.045199265,75.82769053638913,0.050548408565348965,-1.0
2024-01-17 00:00:00,150231.52017103953,150231.52017103953,0.0,0.0,-1.0
2024-01-17 01:00:00,150297.89820333698,150297.89820333698,0.0,0.0,-1.0
2024-01-17 02:00:00,150332.75564777543,150332.75564777543,0.0,0.0,-1.0
2024-01-17 03:00:00,150364.09965842727,150364.09965842727,0.0,0.0,-1.0
2024-01-17 04:00:00,150205.5799252946,150364.09965842727,158.51973313267808,0.10542392332530003,-1.0
2024-01-17 05:00:00,150409.84142634683,150409.84142634683,0.0,0.0,-1.0
2024-01-17 06:00:00,150566.34383920944,150566.34383920944,0.0,0.0,-1.0
2024-01-17 07:00:00,150633.8843621208,150633.8843621208,0.0,0.0,-1.0
2024-01-17 08:00:00,150881.36111892454,150881.36111892454,0.0,0.0,-1.0
2024-01-17 09:00:00,150924.7409709623,150924.7409709623,0.0,0.0,-1.0
2024-01-17 10:00:00,150927.80670025616,150927.80670025616,0.0,0.0,-1.0
2024-01-17 11:00:00,151044.5137104007,151044.5137104007,0.0,0.0,-1.0
2024-01-17 12:00:00,151163.12983651267,151163.12983651267,0.0,0.0,-1.0
2024-01-17 13:00:00,151357.22262125285,151357.22262125285,0.0,0.0,-1.0
2024-01-17 14:00:00,151298.27404046027,151357.22262125285,58.9485807925812,0.038946658621036245,-1.0
2024-01-17 15:00:00,151461.89201507447,151461.89201507447,0.0,0.0,-1.0
2024-01-17 16:00:00,151399.15655840628,151461.89201507447,62.73545666818973,0.04141996104336653,-1.0
2024-01-17 17:00:00,151471.8498687114,151471.8498687114,0.0,0.0,-1.0
2024-01-17 18:00:00,151648.20529730045,151648.20529730045,0.0,0.0,-1.0
2024-01-17 19:00:00,151599.4116016021,151648.20529730045,48.79369569834671,0.03217558401214742,-1.0
2024-01-17 20:00:00,151596.7473510439,151648.20529730045,51.45794625655981,0.03393244658298362,-1.0
2024-01-17 21:00:00,151606.79298544052,151648.20529730045,41.41231185992365,0.027308145044470794,-1.0
2024-01-17 22:00:00,151899.78652596462,151899.78652596462,0.0,0.0,-1.0
2024-01-17 23:00:00,152207.03164410117,152207.03164410117,0.0,0.0,-1.0
2024-01-18 00:00:00,152241.30506505494,152241.30506505494,0.0,0.0,-1.0
2024-01-18 01:00:00,152327.2044591142,152327.2044591142,0.0,0.0,-1.0
2024-01-18 02:00:00,152328.81221604656,152328.81221604656,0.0,0.0,-1.0
2024-01-18 03:00:00,152367.12297007703,152367.12297007703,0.0,0.0,-1.0
2024-01-18 04:00:00,152433.10644139163,152433.10644139163,0.0,0.0,-1.0
2024-01-18 05:00:00,152544.91720992973,152544.91720992973,0.0,0.0,-1.0
2024-01-18 06:00:00,152541.68344136878,152544.91720992973,3.23376856095274,0.0021198795870087774,-1.0
2024-01-18 07:00:00,152590.2028374545,152590.2028374545,0.0,0.0,-1.0
2024-01-18 08:00:00,152621.49271539025,152621.49271539025,0.0,0.0,-1.0
2024-01-18 09:00:00,152643.33742896613,152643.33742896613,0.0,0.0,-1.0
2024-01-18 10:00:00,152504.62766668983,152643.33742896613,138.7097622762958,0.09087180915501508,-1.0
2024-01-18 11:00:00,152486.595982934,152643.33742896613,156.74144603213063,0.10268476087603338,-1.0
2024-01-18 12:00:00,152347.46628142698,152643.33742896613,295.8711475391465,0.19383168143636312,-1.0
2024-01-18 13:00:00,152280.50524126066,152643.33742896613,362.83218770546955,0.237699328262078,-1.0
2024-01-18 14:00:00,152220.54802382863,152643.33742896613,422.7894051375042,0.2769786171206148,-1.0
2024-01-18 15:00:00,152178.9294851722,152643.33742896613,464.40794379392173,0.304243835083885,-1.0
2024-01-18 16:00:00,152389.88206247182,152643.33742896613,253.4553664943087,0.16604417248951747,-1.0
2024-01-18 17:00:00,152444.64283491563,152643.33742896613,198.69459405049565,0.13016918877508155,-1.0
2024-01-18 18:00:00,152467.66727810405,152643.33742896613,175.6701508620754,0.11508537078719534,-1.0
2024-01-18 19:00:00,152656.06811523146,152656.06811523146,0.0,0.0,-1.0
2024-01-18 20:00:00,152847.3025699957,152847.3025699957,0.0,0.0,-1.0
2024-01-18 21:00:00,152689.99277052243,152847.3025699957,157.30979947326705,0.1029195784474036,-1.0
2024-01-18 22:00:00,152803.71649236328,152847.3025699957,43.586077632411616,0.028516092138722294,-1.0
2024-01-18 23:00:00,152688.42896909307,152847.3025699957,158.8736009026179,0.10394269197512497,-1.0
2024-01-19 00:00:00,152862.02570617365,152862.02570617365,0.0,0.0,-1.0
2024-01-19 01:00:00,152728.93921733447,152862.02570617365,133.08648883918067,0.08706314614395805,-1.0
2024-01-19 02:00:00,152819.78659309237,152862.02570617365,42.23911308127572,0.02763218195372234,-1.0
2024-01-19 03:00:00,152845.15277965355,152862.02570617365,16.87292652009637,0.011038010547190415,-1.0
2024-01-19 04:00:00,152823.5218258556,152862.02570617365,38.503880318050506,0.025188649790669003,-1.0
2024-01-19 05:00:00,152873.7247834864,152873.7247834864,0.0,0.0,-1.0
2024-01-19 06:00:00,152896.6221136835,152896.6221136835,0.0,0.0,-1.0
2024-01-19 07:00:00,153054.82107718405,153054.82107718405,0.0,0.0,-1.0
2024-01-19 08:00:00,153089.2011724347,153089.2011724347,0.0,0.0,-1.0
2024-01-19 09:00:00,153158.5971619027,153158.5971619027,0.0,0.0,-1.0
2024-01-19 10:00:00,153160.2122937281,153160.2122937281,0.0,0.0,-1.0
2024-01-19 11:00:00,153153.31538806215,153160.2122937281,6.896905665955273,0.004503066144050847,-1.0
2024-01-19 12:00:00,153145.0624513852,153160.2122937281,15.14984234291478,0.009891499963359064,-1.0
2024-01-19 13:00:00,153097.24058678636,153160.2122937281,62.97170694175293,0.04111492534430994,-1.0
2024-01-19 14:00:00,153060.63673301964,153160.2122937281,99.57556070847204,0.06501398712970421,-1.0
2024-01-19 15:00:00,153032.92523206226,153160.2122937281,127.28706166584743,0.08310713321664664,-1.0
2024-01-19 16:00:00,153098.39148319894,153160.2122937281,61.82081052917056,0.04036349232176019,-1.0
2024-01-19 17:00:00,153046.68762394792,153160.2122937281,113.5246697801922,0.07412151503321011,-1.0
2024-01-19 18:00:00,153090.3108508565,153160.2122937281,69.90144287160365,0.04563942673149853,-1.0
2024-01-19 19:00:00,153012.47845378518,153160.2122937281,147.73383994292817,0.0964570613545551,-1.0
2024-01-19 20:00:00,152994.6879042517,153160.2122937281,165.52438947639894,0.10807270830818581,-1.0
2024-01-19 21:00:00,153057.16828694538,153160.2122937281,103.04400678272941,0.06727857401053566,-1.0
2024-01-19 22:00:00,153104.21604810134,153160.2122937281,55.99624562676763,0.036560569346416785,-1.0
2024-01-19 23:00:00,153362.67131431302,153362.67131431302,0.0,0.0,-1.0
2024-01-20 00:00:00,153404.2776450281,153404.2776450281,0.0,0.0,-1.0
2024-01-20 01:00:00,153610.89222011543,153610.89222011543,0.0,0.0,-1.0
2024-01-20 02:00:00,153539.61399629674,153610.89222011543,71.27822381869191,0.04640180314593472,-1.0
2024-01-20 03:00:00,153515.56155894775,153610.89222011543,95.33066116768168,0.06205983168893936,-1.0
2024-01-20 04:00:00,153497.15621030095,153610.89222011543,113.73600981448544,0.07404163088351078,-1.0
2024-01-20 05:00:00,153540.55538483718,153610.89222011543,70.33683527825633,0.045788963439824144,-1.0
2024-01-20 06:00:00,153511.3465455521,153610.89222011543,99.54567456332734,0.0648037864532967,-1.0
2024-01-20 07:00:00,153564.64143425244,153610.89222011543,46.25078586299787,0.030109053592842362,-1.0
2024-01-20 08:00:00,153498.19780558633,153610.89222011543,112.69441452910542,0.07336355703710183,-1.0
2024-01-20 09:00:00,153713.46742630703,153713.46742630703,0.0,0.0,-1.0
2024-01-20 10:00:00,153804.07342596212,153804.07342596212,0.0,0.0,-1.0
2024-01-20 11:00:00,153940.7458112322,153940.7458112322,0.0,0.0,-1.0
2024-01-20 12:00:00,153943.07242350376,153943.07242350376,0.0,0.0,-1.0
2024-01-20 13:00:00,154062.13959451698,154062.13959451698,0.0,0.0,-1.0
2024-01-20 14:00:00,154060.20786728038,154062.13959451698,1.9317272366024554,0.001253862397138359,-1.0
2024-01-20 15:00:00,154034.3828340785,154062.13959451698,27.75676043846761,0.01801660064667534,-1.0
2024-01-20 16:00:00,154317.09045830028,154317.09045830028,0.0,0.0,-1.0
2024-01-20 17:00:00,154520.87982969653,154520.87982969653,0.0,0.0,-1.0
2024-01-20 18:00:00,154635.58567362904,154635.58567362904,0.0,0.0,-1.0
2024-01-20 19:00:00,154601.26240747108,154635.58567362904,34.32326615796774,0.022196227348606403,-1.0
2024-01-20 20:00:00,154586.63315690734,154635.58567362904,48.95251672170707,0.03165669564897263,-1.0
2024-01-20 21:00:00,154604.19044788965,154635.58567362904,31.395225739397574,0.020302717257888972,-1.0
2024-01-20 22:00:00,154686.68685344182,154686.68685344182,0.0,0.0,-1.0
2024-01-20 23:00:00,154596.8040007619,154686.68685344182,89.88285267990432,0.058106392029111074,-1.0
2024-01-21 00:00:00,154628.89048628043,154686.68685344182,57.79636716138339,0.03736350447284624,-1.0
2024-01-21 01:00:00,154876.59732269388,154876.59732269388,0.0,0.0,-1.0
2024-01-21 02:00:00,154779.89421449957,154876.59732269388,96.70310819431324,0.06243881249071286,-1.0
2024-01-21 03:00:00,154870.65610929183,154876.59732269388,5.941213402053108,0.0038360949974089787,-1.0
2024-01-21 04:00:00,154799.28503090685,154876.59732269388,77.31229178703506,0.04991864046828887,-1.0
2024-01-21 05:00:00,154817.61680760747,154876.59732269388,58.9805150864122,0.038082264271033194,-1.0
2024-01-21 06:00:00,154788.61575166613,154876.59732269388,87.98157102774712,0.056807530994778185,-1.0
2024-01-21 07:00:00,154773.30740765334,154876.59732269388,103.28991504054284,0.06669175125621636,-1.0
2024-01-21 08:00:00,154741.14405921663,154876.59732269388,135.45326347724767,0.08745883226955417,-1.0
2024-01-21 09:00:00,154940.06367114882,154940.06367114882,0.0,0.0,-1.0
2024-01-21 10:00:00,155080.0476264206,155080.0476264206,0.0,0.0,-1.0
2024-01-21 11:00:00,155086.40323226296,155086.40323226296,0.0,0.0,-1.0
2024-01-21 12:00:00,155088.54054176784,155088.54054176784,0.0,0.0,-1.0
2024-01-21 13:00:00,155115.38999459497,155115.38999459497,0.0,0.0,-1.0
2024-01-21 14:00:00,155092.17168330358,155115.38999459497,23.21831129139173,0.014968412413623674,-1.0
2024-01-21 15:00:00,155408.7646578085,155408.7646578085,0.0,0.0,-1.0
2024-01-21 16:00:00,155373.08928766227,155408.7646578085,35.6753701462294,0.022955828923022645,-1.0
2024-01-21 17:00:00,155262.03418077208,155408.7646578085,146.7304770364135,0.09441583128177902,-1.0
2024-01-21 18:00:00,155146.01334665556,155408.7646578085,262.7513111529406,0.1690711020909841,-1.0
2024-01-21 19:00:00,155013.73805949802,155408.7646578085,395.0265983104764,0.25418553398856086,-1.0
2024-01-01 01:00:00,155046.62824838725,155408.7646578085,362.13640942124766,0.23302186991745844,-1.0
2024-01-01 02:00:00,155225.29237230116,155408.7646578085,183.47228550733416,0.11805787525003379,-1.0
2024-01-01 03:00:00,155290.2589618077,155408.7646578085,118.50569600079325,0.07625419085064385,-1.0
2024-01-01 04:00:00,155275.96237604305,155408.7646578085,132.80228176544188,0.08545353414130574,-1.0
2024-01-01 05:00:00,155313.19006332778,155408.7646578085,95.57459448071313,0.06149884447711618,-1.0
2024-01-01 06:00:00,155309.09950705673,155408.7646578085,99.66515075176721,0.06413097161618778,-1.0
2024-01-01 07:00:00,155311.59469700608,155408.7646578085,97.16996080242097,0.06252540583304783,-1.0
2024-01-01 08:00:00,155341.63207072706,155408.7646578085,67.13258708143258,0.04319742662471483,-1.0
2024-01-01 09:00:00,155288.75516566331,155408.7646578085,120.00949214518187,0.07722183006179119,-1.0
2024-01-01 10:00:00,155436.4901137876,155436.4901137876,0.0,0.0,-1.0
2024-01-01 11:00:00,155708.81575030062,155708.81575030062,0.0,0.0,-1.0
2024-01-01 12:00:00,155669.4133930609,155708.81575030062,39.40235723971273,0.02530515504202379,-1.0
2024-01-01 13:00:00,155651.02482613412,155708.81575030062,57.79092416650383,0.03711474131251445,-1.0
2024-01-01 14:00:00,155638.25057642584,155708.81575030062,70.5651738747838,0.045318676103698746,-1.0
2024-01-01 15:00:00,155641.68608304075,155708.81575030062,67.12966725986917,0.04311230994622702,-1.0
2024-01-01 16:00:00,155882.05991420575,155882.05991420575,0.0,0.0,-1.0
2024-01-01 17:00:00,155854.31340481754,155882.05991420575,27.746509388205595,0.01779968099181952,-1.0
2024-01-01 18:00:00,155863.9426214095,155882.05991420575,18.11729279626161,0.011622436094463335,-1.0
2024-01-01 19:00:00,155792.9608184797,155882.05991420575,89.09909572603647,0.05715801791115331,-1.0
2024-01-01 20:00:00,155957.82372968906,155957.82372968906,0.0,0.0,-1.0
2024-01-01 21:00:00,156057.4232232341,156057.4232232341,0.0,0.0,-1.0
2024-01-01 22:00:00,156402.3247947084,156402.3247947084,0.0,0.0,-1.0
2024-01-01 23:00:00,156302.06464205522,156402.3247947084,100.26015265317983,0.06410400407077067,-1.0
2024-01-02 00:00:00,156579.03764783405,156579.03764783405,0.0,0.0,-1.0
2024-01-02 01:00:00,156487.0778876141,156579.03764783405,91.95976021993556,0.05873056930313024,-1.0
2024-01-02 02:00:00,156440.31265468535,156579.03764783405,138.7249931487022,0.08859742353297134,-1.0
2024-01-02 03:00:00,156332.18698117702,156579.03764783405,246.85066665703198,0.15765243570613213,-1.0
2024-01-02 04:00:00,156474.72929419114,156579.03764783405,104.30835364290397,0.06661706139585975,-1.0
2024-01-02 05:00:00,156396.80736554592,156579.03764783405,182.230282288132,0.11638229805575305,-1.0
2024-01-02 06:00:00,156308.4074752291,156579.03764783405,270.6301726049569,0.17283933831145276,-1.0
2024-01-02 07:00:00,156313.0735313265,156579.03764783405,265.9641165075591,0.16985933781618062,-1.0
2024-01-02 08:00:00,156479.78657763146,156579.03764783405,99.2510702025902,0.06338720156514076,-1.0
2024-01-02 09:00:00,156597.0684941295,156597.0684941295,0.0,0.0,-1.0
2024-01-02 10:00:00,156579.83534518818,156597.0684941295,17.233148941304535,0.011004771102691857,-1.0
2024-01-02 11:00:00,156911.80450108065,156911.80450108065,0.0,0.0,-1.0
2024-01-02 12:00:00,156913.05467705516,156913.05467705516,0.0,0.0,-1.0
2024-01-02 13:00:00,156953.8961654905,156953.8961654905,0.0,0.0,-1.0
2024-01-02 14:00:00,157083.5468205733,157083.5468205733,0.0,0.0,-1.0
2024-01-02 15:00:00,157064.30166598276,157083.5468205733,19.245154590549646,0.012251540648322755,-1.0
2024-01-02 16:00:00,157089.79492689687,157089.79492689687,0.0,0.0,-1.0
2024-01-02 17:00:00,157042.9470882087,157089.79492689687,46.847838688176125,0.02982233104956129,-1.0
2024-01-02 18:00:00,157144.528751644,157144.528751644,0.0,0.0,-1.0
2024-01-02 19:00:00,157155.3529125576,157155.3529125576,0.0,0.0,-1.0
2024-01-02 20:00:00,157031.3678285444,157155.3529125576,123.9850840131985,0.07889332543587282,-1.0
2024-01-02 21:00:00,156950.7275736774,157155.3529125576,204.6253388801997,0.13020577096985983,-1.0
2024-01-02 22:00:00,157172.3626743771,157172.3626743771,0.0,0.0,-1.0
2024-01-02 23:00:00,157125.03788758116,157172.3626743771,47.32478679594351,0.030110119865022933,-1.0
2024-01-03 00:00:00,157080.5585682346,157172.3626743771,91.80410614248831,0.05840982764424308,-1.0
2024-01-03 01:00:00,157213.0311759191,157213.0311759191,0.0,0.0,-1.0
2024-01-03 02:00:00,157182.3908200918,157213.0311759191,30.640355827315943,0.019489704891593768,-1.0
2024-01-03 03:00:00,157199.94612299037,157213.0311759191,13.085052928741788,0.008323135067664845,-1.0
2024-01-03 04:00:00,157306.3115083424,157306.3115083424,0.0,0.0,-1.0
2024-01-03 05:00:00,157310.72768535322,157310.72768535322,0.0,0.0,-1.0
2024-01-03 06:00:00,157261.11618193868,157310.72768535322,49.61150341454777,0.03153726649448775,-1.0
2024-01-03 07:00:00,157396.8475607324,157396.8475607324,0.0,0.0,-1.0
2024-01-03 08:00:00,157455.65290594252,157455.65290594252,0.0,0.0,-1.0
2024-01-03 09:00:00,157500.02312000882,157500.02312000882,0.0,0.0,-1.0
2024-01-03 10:00:00,157547.44221802516,157547.44221802516,0.0,0.0,-1.0
2024-01-03 11:00:00,157536.8485989258,157547.44221802516,10.593619099352509,0.006724081933803989,-1.0
2024-01-03 12:00:00,157737.48639764317,157737.48639764317,0.0,0.0,-1.0
2024-01-03 13:00:00,157737.71267674436,157737.71267674436,0.0,0.0,-1.0
2024-01-03 14:00:00,157728.20802153848,157737.71267674436,9.504655205877498,0.006025607348165124,-1.0
2024-01-03 15:00:00,157741.69180246306,157741.69180246306,0.0,0.0,-1.0
2024-01-03 16:00:00,157999.82350993934,157999.82350993934,0.0,0.0,-1.0
2024-01-03 17:00:00,158006.48934759223,158006.48934759223,0.0,0.0,-1.0
2024-01-03 18:00:00,158027.70119744673,158027.70119744673,0.0,0.0,-1.0
2024-01-03 19:00:00,158095.98300781753,158095.98300781753,0.0,0.0,-1.0
2024-01-03 20:00:00,158182.73619625723,158182.73619625723,0.0,0.0,-1.0
2024-01-03 21:00:00,158213.65642291302,158213.65642291302,0.0,0.0,-1.0
2024-01-03 22:00:00,158335.48143811602,158335.48143811602,0.0,0.0,-1.0
2024-01-03 23:00:00,158433.26299744548,158433.26299744548,0.0,0.0,-1.0
2024-01-04 00:00:00,158663.11198975824,158663.11198975824,0.0,0.0,-1.0
2024-01-04 01:00:00,158619.23974513554,158663.11198975824,43.872244622703874,0.02765119382351195,-1.0
2024-01-04 02:00:00,158504.76724415924,158663.11198975824,158.34474559899536,0.09979934441801228,-1.0
2024-01-04 03:00:00,158625.9551960902,158663.11198975824,37.15679366805125,0.02341867192826127,-1.0
2024-01-04 04:00:00,158881.2557448639,158881.2557448639,0.0,0.0,-1.0
2024-01-04 05:00:00,159184.71280220608,159184.71280220608,0.0,0.0,-1.0
2024-01-04 06:00:00,159284.33752899402,159284.33752899402,0.0,0.0,-1.0
2024-01-04 07:00:00,159402.06804866702,159402.06804866702,0.0,0.0,-1.0
2024-01-04 08:00:00,159576.91170056892,159576.91170056892,0.0,0.0,-1.0
2024-01-04 09:00:00,159553.55073543708,159576.91170056892,23.360965131840203,0.014639313972734888,-1.0
2024-01-04 10:00:00,159728.01944924402,159728.01944924402,0.0,0.0,-1.0
2024-01-04 11:00:00,159715.39534417994,159728.01944924402,12.62410506408196,0.007903500655433505,-1.0
2024-01-04 12:00:00,159949.25953504277,159949.25953504277,0.0,0.0,-1.0
2024-01-04 13:00:00,160148.5171966145,160148.5171966145,0.0,0.0,-1.0
2024-01-04 14:00:00,160189.63086655264,160189.63086655264,0.0,0.0,-1.0
2024-01-04 15:00:00,160169.81180786452,160189.63086655264,19.81905868812464,0.012372248179181509,-1.0
2024-01-04 16:00:00,160513.4230863248,160513.4230863248,0.0,0.0,-1.0
2024-01-04 17:00:00,160534.95780286758,160534.95780286758,0.0,0.0,-1.0
2024-01-04 18:00:00,160542.29544607678,160542.29544607678,0.0,0.0,-1.0
2024-01-04 19:00:00,160489.13886724276,160542.29544607678,53.156578834023094,0.03311063834382349,-1.0
2024-01-04 20:00:00,160475.81455803383,160542.29544607678,66.48088804294821,0.041410201503738885,-1.0
2024-01-04 21:00:00,160475.17734367598,160542.29544607678,67.11810240079649,0.04180711519933402,-1.0
2024-01-04 22:00:00,160420.41670589053,160542.29544607678,121.87874018625007,0.07591690392092774,-1.0
2024-01-04 23:00:00,160395.3776771444,160542.29544607678,146.9177689323842,0.09151343483918928,-1.0
2024-01-05 00:00:00,160377.9296760582,160542.29544607678,164.36577001857222,0.10238159954164831,-1.0
2024-01-05 01:00:00,160373.7849157136,160542.29544607678,168.51053036318626,0.10496332439683216,-1.0
2024-01-05 02:00:00,160260.5224963111,160542.29544607678,281.7729497656692,0.17551321848410442,-1.0
2024-01-05 03:00:00,160244.90626386885,160542.29544607678,297.3891822079313,0.18524039498850872,-1.0
2024-01-05 04:00:00,160214.76549288406,160542.29544607678,327.52995319271577,0.20401474407890666,-1.0
2024-01-05 05:00:00,160324.75939492907,160542.29544607678,217.5360511477047,0.13550077289182094,-1.0
2024-01-05 06:00:00,160561.4925828707,160561.4925828707,0.0,0.0,-1.0
2024-01-05 07:00:00,160677.13631239798,160677.13631239798,0.0,0.0,-1.0
2024-01-05 08:00:00,160871.04157635535,160871.04157635535,0.0,0.0,-1.0
2024-01-05 09:00:00,160835.41091570738,160871.04157635535,35.63066064796294,0.022148585785746473,-1.0
2024-01-05 10:00:00,160906.46208148747,160906.46208148747,0.0,0.0,-1.0
2024-01-05 11:00:00,161090.4776785472,161090.4776785472,0.0,0.0,-1.0
2024-01-05 12:00:00,161111.97510833296,161111.97510833296,0.0,0.0,-1.0
2024-01-05 13:00:00,161163.71465246016,161163.71465246016,0.0,0.0,-1.0
2024-01-05 14:00:00,161264.53253314528,161264.53253314528,0.0,0.0,-1.0
2024-01-05 15:00:00,161235.22251848335,161264.53253314528,29.31001466192538,0.01817511526032619,-1.0
2024-01-05 16:00:00,161332.8679587183,161332.8679587183,0.0,0.0,-1.0
2024-01-05 17:00:00,161328.88819492047,161332.8679587183,3.9797637978335842,0.0024668028580834022,-1.0
2024-01-05 18:00:00,161260.3877323592,161332.8679587183,72.48022635909729,0.04492588973106426,-1.0
2024-01-05 19:00:00,161341.39575178118,161341.39575178118,0.0,0.0,-1.0
2024-01-05 20:00:00,161274.36429281384,161341.39575178118,67.03145896733622,0.04154634875631179,-1.0
2024-01-05 21:00:00,161057.16157946453,161341.39575178118,284.23417231664644,0.17616940215016613,-1.0
2024-01-05 22:00:00,161261.98799042904,161341.39575178118,79.40776135213673,0.04921722722313817,-1.0
2024-01-05 23:00:00,161483.772106952,161483.772106952,0.0,0.0,-1.0
2024-01-06 00:00:00,161645.95365998536,161645.95365998536,0.0,0.0,-1.0
2024-01-06 01:00:00,161602.15892990632,161645.95365998536,43.794730079040164,0.02709299496055454,-1.0
2024-01-06 02:00:00,161591.1267385918,161645.95365998536,54.826921393570956,0.03391790524425795,-1.0
2024-01-06 03:00:00,161670.24650976533,161670.24650976533,0.0,0.0,-1.0
2024-01-06 04:00:00,161718.27182845824,161718.27182845824,0.0,0.0,-1.0
2024-01-06 05:00:00,162000.22016015535,162000.22016015535,0.0,0.0,-1.0
2024-01-06 06:00:00,161929.92019663745,162000.22016015535,70.29996351790032,0.04339498023422495,-1.0
2024-01-06 07:00:00,162080.3527310102,162080.3527310102,0.0,0.0,-1.0
2024-01-06 08:00:00,162144.49555002997,162144.49555002997,0.0,0.0,-1.0
2024-01-06 09:00:00,162302.76853306824,162302.76853306824,0.0,0.0,-1.0
2024-01-06 10:00:00,162564.2027377677,162564.2027377677,0.0,0.0,-1.0
2024-01-06 11:00:00,162744.34850445917,162744.34850445917,0.0,0.0,-1.0
2024-01-06 12:00:00,162908.3704649182,162908.3704649182,0.0,0.0,-1.0
2024-01-06 13:00:00,163064.89064917807,163064.89064917807,0.0,0.0,-1.0
2024-01-06 14:00:00,163094.19724517709,163094.19724517709,0.0,0.0,-1.0
2024-01-06 15:00:00,163160.43255348763,163160.43255348763,0.0,0.0,-1.0
2024-01-06 16:00:00,163074.82012237527,163160.43255348763,85.61243111235672,0.05247131904010554,-1.0
2024-01-06 17:00:00,163301.80533175086,163301.80533175086,0.0,0.0,-1.0
2024-01-06 18:00:00,163364.0098697812,163364.0098697812,0.0,0.0,-1.0
2024-01-06 19:00:00,163371.62859843558,163371.62859843558,0.0,0.0,-1.0
2024-01-06 20:00:00,163418.32352407946,163418.32352407946,0.0,0.0,-1.0
2024-01-06 21:00:00,163343.8974700959,163418.32352407946,74.42605398356682,0.04554327347055438,-1.0
2024-01-06 22:00:00,163341.5458960913,163418.32352407946,76.77762798816548,0.0469822638811078,-1.0
2024-01-06 23:00:00,163253.10887540822,163418.32352407946,165.2146486712445,0.10109921892993863,-1.0
2024-01-07 00:00:00,163186.93037509167,163418.32352407946,231.39314898778684,0.14159559589025608,-1.0
2024-01-07 01:00:00,163296.94259172978,163418.32352407946,121.38093234968255,0.0742762070569138,-1.0
2024-01-07 02:00:00,163317.79025158723,163418.32352407946,100.53327249223366,0.06151897187797317,-1.0
2024-01-07 03:00:00,163471.727398327,163471.727398327,0.0,0.0,-1.0
2024-01-07 04:00:00,163565.11192601957,163565.11192601957,0.0,0.0,-1.0
2024-01-07 05:00:00,163604.81577807287,163604.81577807287,0.0,0.0,-1.0
2024-01-07 06:00:00,163495.02087322914,163604.81577807287,109.79490484372946,0.06710982456204978,-1.0
2024-01-07 07:00:00,163505.17429812948,163604.81577807287,99.64147994338418,0.060903757306597965,-1.0
2024-01-07 08:00:00,163519.73791932335,163604.81577807287,85.07785874951514,0.05200205039497236,-1.0
2024-01-07 09:00:00,163438.71945891244,163604.81577807287,166.09631916042417,0.10152287899992565,-1.0
2024-01-07 10:00:00,163511.73414348337,163604.81577807287,93.08163458950003,0.05689418990927729,-1.0
2024-01-07 11:00:00,163486.56390454242,163604.81577807287,118.25187353044748,0.07227896866486751,-1.0
2024-01-07 12:00:00,163579.41477486747,163604.81577807287,25.401003205392044,0.015525828554978523,-1.0
2024-01-07 13:00:00,163586.33944768758,163604.81577807287,18.47633038528147,0.011293268048016567,-1.0
2024-01-07 14:00:00,163599.69905316088,163604.81577807287,5.116724911989877,0.003127490402807352,-1.0
2024-01-07 15:00:00,163763.2480886911,163763.2480886911,0.0,0.0,-1.0
2024-01-07 16:00:00,163674.06661641624,163763.2480886911,89.18147227485315,0.054457561947326635,-1.0
2024-01-07 17:00:00,163599.83597251246,163763.2480886911,163.41211617863155,0.09978558564625602,-1.0
2024-01-07 18:00:00,163698.7498967975,163763.2480886911,64.4981918935955,0.03938502237001583,-1.0
2024-01-07 19:00:00,163893.69482782413,163893.69482782413,0.0,0.0,-1.0
2024-01-07 20:00:00,163938.2388003135,163938.2388003135,0.0,0.0,-1.0
2024-01-07 21:00:00,164244.2256749724,164244.2256749724,0.0,0.0,-1.0
2024-01-07 22:00:00,164311.53500999432,164311.53500999432,0.0,0.0,-1.0
2024-01-07 23:00:00,164408.73485175293,164408.73485175293,0.0,0.0,-1.0
2024-01-08 00:00:00,164339.27432001184,164408.73485175293,69.46053174108965,0.04224868697135958,-1.0
2024-01-08 01:00:00,164256.54834009238,164408.73485175293,152.1865116605477,0.09256595265316894,-1.0
2024-01-08 02:00:00,164262.76266527202,164408.73485175293,145.97218648091075,0.08878615032986759,-1.0
2024-01-08 03:00:00,164282.15808533848,164408.73485175293,126.57676641445141,0.07698907635812992,-1.0
2024-01-08 04:00:00,164542.54358934055,164542.54358934055,0.0,0.0,-1.0
2024-01-08 05:00:00,164479.55730151647,164542.54358934055,62.986287824081955,0.038279636652075164,-1.0
2024-01-08 06:00:00,164650.41968621543,164650.41968621543,0.0,0.0,-1.0
2024-01-08 07:00:00,164582.57533188642,164650.41968621543,67.84435432901955,0.04120509043239292,-1.0
2024-01-08 08:00:00,164525.8484238801,164650.41968621543,124.57126233534655,0.0756580290367615,-1.0
2024-01-08 09:00:00,164550.69514779522,164650.41968621543,99.72453842021059,0.06056743651808594,-1.0
2024-01-08 10:00:00,164502.64232162875,164650.41968621543,147.7773645866837,0.08975219429644468,-1.0
2024-01-08 11:00:00,164553.24823352636,164650.41968621543,97.17145268907188,0.059016826604060636,-1.0
2024-01-08 12:00:00,164497.01873171327,164650.41968621543,153.40095450216904,0.09316766686323351,-1.0
2024-01-08 13:00:00,164823.72230670688,164823.72230670688,0.0,0.0,-1.0
2024-01-08 14:00:00,164862.12394937727,164862.12394937727,0.0,0.0,-1.0
2024-01-08 15:00:00,164980.81021546922,164980.81021546922,0.0,0.0,-1.0
2024-01-08 16:00:00,164961.19539945235,164980.81021546922,19.614816016866826,0.011889150011597936,-1.0
2024-01-08 17:00:00,165100.26544685927,165100.26544685927,0.0,0.0,-1.0
2024-01-08 18:00:00,165055.8812300413,165100.26544685927,44.38421681796899,0.026883189253414562,-1.0
2024-01-08 19:00:00,165036.3321959688,165100.26544685927,63.93325089046266,0.038723893457967104,-1.0
2024-01-08 20:00:00,165052.46931650845,165100.26544685927,47.79613035082002,0.028949759845300876,-1.0
2024-01-08 21:00:00,164993.18888822827,165100.26544685927,107.07655863100081,0.06485547333384845,-1.0
2024-01-08 22:00:00,165051.04816962595,165100.26544685927,49.217277233314235,0.029810537917733256,-1.0
2024-01-08 23:00:00,165305.80583191096,165305.80583191096,0.0,0.0,-1.0
2024-01-09 00:00:00,165491.08494705,165491.08494705,0.0,0.0,-1.0
2024-01-09 01:00:00,165487.7775300658,165491.08494705,3.3074169842002448,0.001998546921883119,-1.0
2024-01-09 02:00:00,165300.84144317353,165491.08494705,190.243503876467,0.1149569500600813,-1.0
2024-01-09 03:00:00,165318.7989111328,165491.08494705,172.28603591720457,0.1041059317318082,-1.0
2024-01-09 04:00:00,165384.33926250532,165491.08494705,106.74568454467226,0.06450237762283464,-1.0
2024-01-09 05:00:00,165467.2863331352,165491.08494705,23.798613914783346,0.014380601784318398,-1.0
2024-01-09 06:00:00,165345.94369330385,165491.08494705,145.14125374614378,0.08770336709834413,-1.0
2024-01-09 07:00:00,165368.0590024563,165491.08494705,123.02594459368265,0.07433992268105902,-1.0
2024-01-09 08:00:00,165273.6441396467,165491.08494705,217.4408074032981,0.13139125136128618,-1.0
2024-01-09 09:00:00,165400.35508516568,165491.08494705,90.72986188431969,0.05482462207154502,-1.0
2024-01-09 10:00:00,165447.13453408028,165491.08494705,43.950412969716126,0.026557571354238425,-1.0
2024-01-09 11:00:00,165411.47484320123,165491.08494705,79.61010384876863,0.04810537309259917,-1.0
2024-01-09 12:00:00,165669.90105022865,165669.90105022865,0.0,0.0,-1.0
2024-01-09 13:00:00,165692.7622048438,165692.7622048438,0.0,0.0,-1.0
2024-01-09 14:00:00,165877.3141740515,165877.3141740515,0.0,0.0,-1.0
2024-01-09 15:00:00,165791.527028964,165877.3141740515,85.78714508752455,0.051717225778993466,-1.0
2024-01-09 16:00:00,165845.8948550448,165877.3141740515,31.4193190067017,0.0189412995762242,-1.0
2024-01-09 17:00:00,165890.95427799958,165890.95427799958,0.0,0.0,-1.0
2024-01-09 18:00:00,165911.5557533774,165911.5557533774,0.0,0.0,-1.0
2024-01-09 19:00:00,165880.4587051806,165911.5557533774,31.0970481968252,0.01874314785104543,-1.0
2024-01-09 20:00:00,165788.8386677749,165911.5557533774,122.71708560251864,0.07396536368143876,-1.0
2024-01-09 21:00:00,165757.90024886173,165911.5557533774,153.6555045156856,0.09261290078196237,-1.0
2024-01-09 22:00:00,165817.0186794066,165911.5557533774,94.53707397080143,0.05698040352977461,-1.0
2024-01-09 23:00:00,165817.31639170076,165911.5557533774,94.23936167664942,0.05680096316903533,-1.0
2024-01-10 00:00:00,165743.45196015926,165911.5557533774,168.1037932181498,0.10132132897845349,-1.0
2024-01-10 01:00:00,165668.46830179406,165911.5557533774,243.0874515833566,0.14651628723480772,-1.0
2024-01-10 02:00:00,165931.34646989632,165931.34646989632,0.0,0.0,-1.0
2024-01-10 03:00:00,165953.12123502398,165953.12123502398,0.0,0.0,-1.0
2024-01-10 04:00:00,165871.5812277796,165953.12123502398,81.54000724438811,0.04913436194364225,-1.0
2024-01-10 05:00:00,165772.18144823864,165953.12123502398,180.9397867853404,0.10903066205611897,-1.0
2024-01-10 06:00:00,165727.17892016264,165953.12123502398,225.9423148613423,0.1361482768024358,-1.0
2024-01-10 07:00:00,165608.59739768325,165953.12123502398,344.52383734073373,0.20760310789986086,-1.0
2024-01-10 08:00:00,165591.74732828283,165953.12123502398,361.3739067411516,0.2177566194909774,-1.0
2024-01-10 09:00:00,165998.4423729032,165998.4423729032,0.0,0.0,-1.0
2024-01-10 10:00:00,165919.3076438193,165998.4423729032,79.1347290838894,0.047671970864713954,-1.0
2024-01-10 11:00:00,166009.48456423456,166009.48456423456,0.0,0.0,-1.0
2024-01-10 12:00:00,166080.70015875442,166080.70015875442,0.0,0.0,-1.0
2024-01-10 13:00:00,166118.14543025242,166118.14543025242,0.0,0.0,-1.0
2024-01-10 14:00:00,166101.72098736448,166118.14543025242,16.424442887946498,0.009887205786825127,-1.0
2024-01-10 15:00:00,166196.6591469443,166196.6591469443,0.0,0.0,-1.0
2024-01-10 16:00:00,166170.44997305336,166196.6591469443,26.209173890936654,0.015769976379467154,-1.0
2024-01-10 17:00:00,166250.8312806527,166250.8312806527,0.0,0.0,-1.0
2024-01-10 18:00:00,166257.93772350712,166257.93772350712,0.0,0.0,-1.0
2024-01-10 19:00:00,166316.74453610356,166316.74453610356,0.0,0.0,-1.0
2024-01-10 20:00:00,166354.8234612818,166354.8234612818,0.0,0.0,-1.0
2024-01-10 21:00:00,166444.5432459142,166444.5432459142,0.0,0.0,-1.0
2024-01-10 22:00:00,166380.09043706878,166444.5432459142,64.45280884540989,0.03872329340961561,-1.0
2024-01-10 23:00:00,166519.62945861364,166519.62945861364,0.0,0.0,-1.0
2024-01-11 00:00:00,166726.18299265072,166726.18299265072,0.0,0.0,-1.0
2024-01-11 01:00:00,166914.2407542623,166914.2407542623,0.0,0.0,-1.0
2024-01-11 02:00:00,166886.31830520922,166914.2407542623,27.92244905309053,0.016728619994862543,-1.0
2024-01-11 03:00:00,167016.441890344,167016.441890344,0.0,0.0,-1.0
2024-01-11 04:00:00,167047.66438695398,167047.66438695398,0.0,0.0,-1.0
2024-01-11 05:00:00,167100.82738789316,167100.82738789316,0.0,0.0,-1.0
2024-01-11 06:00:00,167083.64862452674,167100.82738789316,17.178763366420753,0.010280477742066162,-1.0
2024-01-11 07:00:00,166984.97782423228,167100.82738789316,115.8495636608859,0.06932913826450597,-1.0
2024-01-11 08:00:00,167071.10149955936,167100.82738789316,29.725888333807234,0.017789192787659974,-1.0
2024-01-11 09:00:00,167091.1098537113,167100.82738789316,9.71753418186563,0.005815371673359941,-1.0
2024-01-11 10:00:00,167232.89058128843,167232.89058128843,0.0,0.0,-1.0
2024-01-11 11:00:00,167283.9750596502,167283.9750596502,0.0,0.0,-1.0
2024-01-11 12:00:00,167241.35865625791,167283.9750596502,42.616403392283246,0.025475484652422366,-1.0
2024-01-11 13:00:00,167235.35812847197,167283.9750596502,48.6169311782287,0.029062515498506566,-1.0
2024-01-11 14:00:00,167300.48817403172,167300.48817403172,0.0,0.0,-1.0
2024-01-11 15:00:00,167310.30669804863,167310.30669804863,0.0,0.0,-1.0
2024-01-11 16:00:00,167361.01185721927,167361.01185721927,0.0,0.0,-1.0
2024-01-11 17:00:00,167365.3753703315,167365.3753703315,0.0,0.0,-1.0
2024-01-11 18:00:00,167492.54950581494,167492.54950581494,0.0,0.0,-1.0
2024-01-11 19:00:00,167488.3077400145,167492.54950581494,4.241765800426947,0.002532510140267274,-1.0
2024-01-11 20:00:00,167714.2878337607,167714.2878337607,0.0,0.0,-1.0
2024-01-11 21:00:00,167957.5120284357,167957.5120284357,0.0,0.0,-1.0
2024-01-11 22:00:00,168153.52842162948,168153.52842162948,0.0,0.0,-1.0
2024-01-11 23:00:00,168308.3798228243,168308.3798228243,0.0,0.0,-1.0
2024-01-12 00:00:00,168237.96105405866,168308.3798228243,70.41876876563765,0.04183913411784156,-1.0
2024-01-12 01:00:00,168222.19664353007,168308.3798228243,86.18317929422483,0.051205518931944194,-1.0
2024-01-12 02:00:00,168233.21374515828,168308.3798228243,75.16607766601373,0.044659735745267076,-1.0
2024-01-12 03:00:00,168270.82900513595,168308.3798228243,37.55081768834498,0.022310723760679153,-1.0
2024-01-12 04:00:00,168392.12859652602,168392.12859652602,0.0,0.0,-1.0
2024-01-12 05:00:00,168608.86746541428,168608.86746541428,0.0,0.0,-1.0
2024-01-12 06:00:00,168661.53562947348,168661.53562947348,0.0,0.0,-1.0
2024-01-12 07:00:00,168686.92140143758,168686.92140143758,0.0,0.0,-1.0
2024-01-12 08:00:00,168681.34586109102,168686.92140143758,5.575540346559137,0.003305259412074149,-1.0
2024-01-12 09:00:00,168792.28661964898,168792.28661964898,0.0,0.0,-1.0
2024-01-12 10:00:00,168865.45209689406,168865.45209689406,0.0,0.0,-1.0
2024-01-12 11:00:00,168913.7709543511,168913.7709543511,0.0,0.0,-1.0
2024-01-12 12:00:00,169168.4416147604,169168.4416147604,0.0,0.0,-1.0
2024-01-12 13:00:00,169287.17822196626,169287.17822196626,0.0,0.0,-1.0
2024-01-12 14:00:00,169280.46690927984,169287.17822196626,6.711312686413294,0.003964454223233341,-1.0
2024-01-12 15:00:00,169224.80024878774,169287.17822196626,62.377973178518005,0.03684742922274311,-1.0
2024-01-12 16:00:00,169257.81299461256,169287.17822196626,29.365227353700902,0.01734639779700135,-1.0
2024-01-12 17:00:00,169249.700094512,169287.17822196626,37.478127454261994,0.02213878679289069,-1.0
2024-01-12 18:00:00,169416.78875797335,169416.78875797335,0.0,0.0,-1.0
2024-01-12 19:00:00,169587.15628117998,169587.15628117998,0.0,0.0,-1.0
2024-01-12 20:00:00,169650.15447526117,169650.15447526117,0.0,0.0,-1.0
2024-01-12 21:00:00,169800.77272500316,169800.77272500316,0.0,0.0,-1.0
2024-01-12 22:00:00,169804.41289854582,169804.41289854582,0.0,0.0,-1.0
2024-01-12 23:00:00,169794.5512610572,169804.41289854582,9.861637488618726,0.005807644995958276,-1.0
2024-01-13 00:00:00,169787.82789986592,169804.41289854582,16.58499867990031,0.009767118767289905,-1.0
2024-01-13 01:00:00,169907.74171864914,169907.74171864914,0.0,0.0,-1.0
2024-01-13 02:00:00,169908.03641900947,169908.03641900947,0.0,0.0,-1.0
2024-01-13 03:00:00,170027.7654627707,170027.7654627707,0.0,0.0,-1.0
2024-01-13 04:00:00,170007.80175994526,170027.7654627707,19.963702825451037,0.011741436918326313,-1.0
2024-01-13 05:00:00,170102.03644582457,170102.03644582457,0.0,0.0,-1.0
2024-01-13 06:00:00,170110.4333618964,170110.4333618964,0.0,0.0,-1.0
2024-01-13 07:00:00,170108.77068560876,170110.4333618964,1.6626762876403518,0.0009774099417542135,-1.0
2024-01-13 08:00:00,170335.72071673616,170335.72071673616,0.0,0.0,-1.0
2024-01-13 09:00:00,170522.6311074761,170522.6311074761,0.0,0.0,-1.0
2024-01-13 10:00:00,170530.68196326972,170530.68196326972,0.0,0.0,-1.0
2024-01-13 11:00:00,170623.18671030318,170623.18671030318,0.0,0.0,-1.0
2024-01-13 12:00:00,170597.00651109635,170623.18671030318,26.180199206835823,0.01534386955935041,-1.0
2024-01-13 13:00:00,170589.24560189873,170623.18671030318,33.94110840445501,0.01989243610956743,-1.0
2024-01-13 14:00:00,170581.5667179084,170623.18671030318,41.619992394786095,0.024392928767326114,-1.0
2024-01-13 15:00:00,170767.44931821717,170767.44931821717,0.0,0.0,-1.0
2024-01-13 16:00:00,170770.58902000563,170770.58902000563,0.0,0.0,-1.0
2024-01-13 17:00:00,171030.75442063066,171030.75442063066,0.0,0.0,-1.0
2024-01-13 18:00:00,171172.17479715013,171172.17479715013,0.0,0.0,-1.0
2024-01-13 19:00:00,171114.8393659299,171172.17479715013,57.335431220242754,0.03349576605437704,-1.0
2024-01-13 20:00:00,171079.3025287198,171172.17479715013,92.87226843033568,0.05425663869749578,-1.0
2024-01-13 21:00:00,171264.2572172076,171264.2572172076,0.0,0.0,-1.0
2024-01-13 22:00:00,171159.90712133725,171264.2572172076,104.35009587035165,0.06092928995570197,-1.0
2024-01-13 23:00:00,171071.65429645166,171264.2572172076,192.6029207559477,0.11245949615259017,-1.0
2024-01-14 00:00:00,171185.43796130668,171264.2572172076,78.8192559009185,0.04602201135345783,-1.0
2024-01-14 01:00:00,171234.99328841796,171264.2572172076,29.263928789645433,0.01708700301226961,-1.0
2024-01-14 02:00:00,171305.91541433526,171305.91541433526,0.0,0.0,-1.0
2024-01-14 03:00:00,171392.36272469265,171392.36272469265,0.0,0.0,-1.0
2024-01-14 04:00:00,171632.16216713094,171632.16216713094,0.0,0.0,-1.0
2024-01-14 05:00:00,171753.3343163032,171753.3343163032,0.0,0.0,-1.0
2024-01-14 06:00:00,171682.064518434,171753.3343163032,71.26979786920128,0.04149543771764564,-1.0
2024-01-14 07:00:00,171674.0799262453,171753.3343163032,79.25439005790395,0.04614430943852771,-1.0
2024-01-14 08:00:00,171712.3109512907,171753.3343163032,41.023365012486465,0.023885047225305853,-1.0
2024-01-14 09:00:00,171934.99865694804,171934.99865694804,0.0,0.0,-1.0
2024-01-14 10:00:00,172044.4176257055,172044.4176257055,0.0,0.0,-1.0
2024-01-14 11:00:00,172003.56805291874,172044.4176257055,40.849572786770295,0.023743620020058632,-1.0
2024-01-14 12:00:00,171906.08516426422,172044.4176257055,138.33246144128498,0.08040508570422598,-1.0
2024-01-14 13:00:00,171897.32636681935,172044.4176257055,147.0912588861538,0.0854960950875843,-1.0
2024-01-14 14:00:00,171719.4002702442,172044.4176257055,325.01735546131385,0.18891479302072534,-1.0
2024-01-14 15:00:00,171769.72043546484,172044.4176257055,274.6971902406658,0.15966643616318227,-1.0
2024-01-14 16:00:00,171776.08225500942,172044.4176257055,268.33537069609156,0.1559686587912859,-1.0
2024-01-14 17:00:00,171705.1612647661,172044.4176257055,339.25636093941284,0.1971911472754021,-1.0
2024-01-14 18:00:00,171936.93972359473,172044.4176257055,107.47790211078245,0.06247101974828852,-1.0
2024-01-14 19:00:00,172000.90011657975,172044.4176257055,43.51750912575517,0.025294345336115763,-1.0
2024-01-14 20:00:00,171932.39805941464,172044.4176257055,112.01956629086635,0.0651108404659619,-1.0
2024-01-14 21:00:00,172009.13275851106,172044.4176257055,35.28486719445209,0.020509161344145876,-1.0
2024-01-14 22:00:00,172061.31434759035,172061.31434759035,0.0,0.0,-1.0
2024-01-14 23:00:00,172053.73589553504,172061.31434759035,7.578452055313392,0.004404506663248981,-1.0
2024-01-15 00:00:00,171962.5671808491,172061.31434759035,98.74716674126103,0.05739068489374465,-1.0
2024-01-15 01:00:00,172057.86865262137,172061.31434759035,3.4456949689774774,0.0020025971451180726,-1.0
2024-01-15 02:00:00,171999.1929532836,172061.31434759035,62.12139430674142,0.03610421932570307,-1.0
2024-01-15 03:00:00,172244.6767008547,172244.6767008547,0.0,0.0,-1.0
2024-01-15 04:00:00,172273.53262651418,172273.53262651418,0.0,0.0,-1.0
2024-01-15 05:00:00,172348.3817930823,172348.3817930823,0.0,0.0,-1.0
2024-01-15 06:00:00,172349.41067383412,172349.41067383412,0.0,0.0,-1.0
2024-01-15 07:00:00,172263.42337921576,172349.41067383412,85.98729461836047,0.04989126117819384,-1.0
2024-01-15 08:00:00,172285.47008418886,172349.41067383412,63.9405896452663,0.037099395579757374,-1.0
2024-01-15 09:00:00,172371.1668354504,172371.1668354504,0.0,0.0,-1.0
2024-01-15 10:00:00,172366.8777146052,172371.1668354504,4.289120845205616,0.002488305279792016,-1.0
2024-01-15 11:00:00,172590.98801118016,172590.98801118016,0.0,0.0,-1.0
2024-01-15 12:00:00,172597.40879648464,172597.40879648464,0.0,0.0,-1.0
2024-01-15 13:00:00,172668.7657070664,172668.7657070664,0.0,0.0,-1.0
2024-01-15 14:00:00,172541.40520315449,172668.7657070664,127.36050391191384,0.07376001293017968,-1.0
2024-01-15 15:00:00,172631.3190930722,172668.7657070664,37.446613994194195,0.02168696454211215,-1.0
2024-01-15 16:00:00,172722.5059918452,172722.5059918452,0.0,0.0,-1.0
2024-01-15 17:00:00,172949.74680411245,172949.74680411245,0.0,0.0,-1.0
2024-01-15 18:00:00,173021.76913963986,173021.76913963986,0.0,0.0,-1.0
2024-01-15 19:00:00,173133.4573884011,173133.4573884011,0.0,0.0,-1.0
2024-01-15 20:00:00,173093.73100347628,173133.4573884011,39.72638492481201,0.0229455274122386,-1.0
2024-01-15 21:00:00,173024.601135895,173133.4573884011,108.85625250608427,0.06287418627693678,-1.0
2024-01-15 22:00:00,173005.46976489562,173133.4573884011,127.98762350546895,0.07392425787370856,-1.0
2024-01-15 23:00:00,173214.81703236065,173214.81703236065,0.0,0.0,-1.0
2024-01-16 00:00:00,173388.90235841114,173388.90235841114,0.0,0.0,-1.0
2024-01-16 01:00:00,173493.4135444915,173493.4135444915,0.0,0.0,-1.0
2024-01-16 02:00:00,173516.4049837826,173516.4049837826,0.0,0.0,-1.0
2024-01-16 03:00:00,173517.4520893257,173517.4520893257,0.0,0.0,-1.0
2024-01-16 04:00:00,173745.41821349363,173745.41821349363,0.0,0.0,-1.0
2024-01-16 05:00:00,173795.0794187881,173795.0794187881,0.0,0.0,-1.0
2024-01-16 06:00:00,173779.67452672994,173795.0794187881,15.404892058169935,0.00886382520707004,-1.0
2024-01-16 07:00:00,173925.01204522632,173925.01204522632,0.0,0.0,-1.0
2024-01-16 08:00:00,173817.3800402147,173925.01204522632,107.63200501163374,0.06188414406068623,-1.0
2024-01-16 09:00:00,173945.84252878555,173945.84252878555,0.0,0.0,-1.0
2024-01-16 10:00:00,173974.60078556766,173974.60078556766,0.0,0.0,-1.0
2024-01-16 11:00:00,173929.45446419247,173974.60078556766,45.146321375184925,0.025949949688822686,-1.0
2024-01-16 12:00:00,173991.97893593716,173991.97893593716,0.0,0.0,-1.0
2024-01-16 13:00:00,173985.05051857035,173991.97893593716,6.928417366812937,0.003982032625402772,-1.0
2024-01-16 14:00:00,174125.62030853514,174125.62030853514,0.0,0.0,-1.0
2024-01-16 15:00:00,174101.40408634164,174125.62030853514,24.21622219349956,0.013907328600231583,-1.0
2024-01-16 16:00:00,174023.56679719736,174125.62030853514,102.05351133778458,0.05860913009639525,-1.0
2024-01-16 17:00:00,174129.58593296705,174129.58593296705,0.0,0.0,-1.0
2024-01-16 18:00:00,174022.9513189506,174129.58593296705,106.63461401645327,0.06123865364126194,-1.0
2024-01-16 19:00:00,174107.53434654875,174129.58593296705,22.05158641829621,0.01266389413386947,-1.0
2024-01-16 20:00:00,174167.06951290512,174167.06951290512,0.0,0.0,-1.0
2024-01-16 21:00:00,174151.51357249875,174167.06951290512,15.555940406367881,0.008931619765937007,-1.0
2024-01-16 22:00:00,174196.89493520168,174196.89493520168,0.0,0.0,-1.0
2024-01-16 23:00:00,174098.9340849123,174196.89493520168,97.9608502893825,0.0562357040438765,-1.0
2024-01-17 00:00:00,174167.47288644157,174196.89493520168,29.422048760112375,0.016890110912170325,-1.0
2024-01-17 01:00:00,174391.67130144604,174391.67130144604,0.0,0.0,-1.0
2024-01-17 02:00:00,174655.5465979247,174655.5465979247,0.0,0.0,-1.0
2024-01-17 03:00:00,175060.76671137102,175060.76671137102,0.0,0.0,-1.0
2024-01-17 04:00:00,175376.26476037875,175376.26476037875,0.0,0.0,-1.0
2024-01-17 05:00:00,175296.94848477867,175376.26476037875,79.31627560008201,0.04522634559953363,-1.0
2024-01-17 06:00:00,175360.43597262594,175376.26476037875,15.82878775280551,0.00902561573792942,-1.0
2024-01-17 07:00:00,175351.5688345357,175376.26476037875,24.69592584305792,0.014081680823115159,-1.0
2024-01-17 08:00:00,175453.80165442763,175453.80165442763,0.0,0.0,-1.0
2024-01-17 09:00:00,175574.64565401518,175574.64565401518,0.0,0.0,-1.0
2024-01-17 10:00:00,175976.0566246009,175976.0566246009,0.0,0.0,-1.0
2024-01-17 11:00:00,175958.7104391058,175976.0566246009,17.34618549508741,0.009857128195622079,-1.0
2024-01-17 12:00:00,175908.39857093294,175976.0566246009,67.65805366795394,0.038447306392530876,-1.0
2024-01-17 13:00:00,176218.15768254362,176218.15768254362,0.0,0.0,-1.0
2024-01-17 14:00:00,176256.73992137343,176256.73992137343,0.0,0.0,-1.0
2024-01-17 15:00:00,176416.46959941371,176416.46959941371,0.0,0.0,-1.0
2024-01-17 16:00:00,176653.1284837979,176653.1284837979,0.0,0.0,-1.0
2024-01-17 17:00:00,176674.8184248018,176674.8184248018,0.0,0.0,-1.0
2024-01-17 18:00:00,176678.82436278797,176678.82436278797,0.0,0.0,-1.0
2024-01-17 19:00:00,176903.95765515126,176903.95765515126,0.0,0.0,-1.0
2024-01-17 20:00:00,176842.87354176096,176903.95765515126,61.084113390301354,0.0345295346695273,-1.0
2024-01-17 21:00:00,176895.80996622142,176903.95765515126,8.147688929835567,0.004605713200446488,-1.0
2024-01-17 22:00:00,177072.58647683726,177072.58647683726,0.0,0.0,-1.0
2024-01-17 23:00:00,176936.75376573156,177072.58647683726,135.83271110570058,0.07671018637516133,-1.0
2024-01-18 00:00:00,177219.24382453292,177219.24382453292,0.0,0.0,-1.0
2024-01-18 01:00:00,177229.9473670448,177229.9473670448,0.0,0.0,-1.0
2024-01-18 02:00:00,177360.81117737855,177360.81117737855,0.0,0.0,-1.0
2024-01-18 03:00:00,177255.4804047201,177360.81117737855,105.33077265846077,0.059387850088889964,-1.0
2024-01-18 04:00:00,177170.7838571961,177360.81117737855,190.0273201824457,0.10714166163369616,-1.0
2024-01-18 05:00:00,177235.45381748,177360.81117737855,125.35735989853856,0.07067928877093861,-1.0
2024-01-18 06:00:00,177444.84539951547,177444.84539951547,0.0,0.0,-1.0
2024-01-18 07:00:00,177308.15147805164,177444.84539951547,136.69392146382597,0.07703459695099107,-1.0
2024-01-18 08:00:00,177515.25525414493,177515.25525414493,0.0,0.0,-1.0
2024-01-18 09:00:00,177486.15337469842,177515.25525414493,29.101879446505336,0.01639401605503751,-1.0
2024-01-18 10:00:00,177571.84255796942,177571.84255796942,0.0,0.0,-1.0
2024-01-18 11:00:00,177714.7737109723,177714.7737109723,0.0,0.0,-1.0
2024-01-18 12:00:00,177859.59177951387,177859.59177951387,0.0,0.0,-1.0
2024-01-18 13:00:00,177809.34606411768,177859.59177951387,50.245715396187734,0.028250214055633015,-1.0
2024-01-18 14:00:00,177839.34066942582,177859.59177951387,20.251110088051064,0.011386009540129631,-1.0
2024-01-18 15:00:00,177673.51289263825,177859.59177951387,186.0788868756208,0.10462122678561868,-1.0
2024-01-18 16:00:00,177731.96262625014,177859.59177951387,127.62915326372604,0.07175837523676727,-1.0
2024-01-18 17:00:00,177862.90443783137,177862.90443783137,0.0,0.0,-1.0
2024-01-18 18:00:00,177934.01052000563,177934.01052000563,0.0,0.0,-1.0
2024-01-18 19:00:00,177816.89590176768,177934.01052000563,117.11461823794525,0.06581913030324112,-1.0
2024-01-18 20:00:00,178020.35918721894,178020.35918721894,0.0,0.0,-1.0
2024-01-18 21:00:00,177937.95591849132,178020.35918721894,82.40326872761943,0.04628867681418296,-1.0
2024-01-18 22:00:00,178042.35423758792,178042.35423758792,0.0,0.0,-1.0
2024-01-18 23:00:00,178173.21838923602,178173.21838923602,0.0,0.0,-1.0
2024-01-19 00:00:00,178288.09764768786,178288.09764768786,0.0,0.0,-1.0
2024-01-19 01:00:00,178540.87895879152,178540.87895879152,0.0,0.0,-1.0
2024-01-19 02:00:00,178646.9874515923,178646.9874515923,0.0,0.0,-1.0
2024-01-19 03:00:00,178665.1347758741,178665.1347758741,0.0,0.0,-1.0
2024-01-19 04:00:00,178654.280533885,178665.1347758741,10.854241989087313,0.006075187530406189,-1.0
2024-01-19 05:00:00,178683.557898935,178683.557898935,0.0,0.0,-1.0
2024-01-19 06:00:00,178759.66761675783,178759.66761675783,0.0,0.0,-1.0
2024-01-19 07:00:00,178888.67263629448,178888.67263629448,0.0,0.0,-1.0
2024-01-19 08:00:00,178928.08365774946,178928.08365774946,0.0,0.0,-1.0
2024-01-19 09:00:00,179215.22312993533,179215.22312993533,0.0,0.0,-1.0
2024-01-19 10:00:00,179490.58523957225,179490.58523957225,0.0,0.0,-1.0
2024-01-19 11:00:00,179459.96787535556,179490.58523957225,30.6173642166832,0.017057922105394637,-1.0
2024-01-19 12:00:00,179696.83975804498,179696.83975804498,0.0,0.0,-1.0
2024-01-19 13:00:00,179839.19229725064,179839.19229725064,0.0,0.0,-1.0
2024-01-19 14:00:00,180085.7598969787,180085.7598969787,0.0,0.0,-1.0
2024-01-19 15:00:00,180266.49604700625,180266.49604700625,0.0,0.0,-1.0
2024-01-19 16:00:00,180412.0762161306,180412.0762161306,0.0,0.0,-1.0
2024-01-19 17:00:00,180576.65286577216,180576.65286577216,0.0,0.0,-1.0
2024-01-19 18:00:00,180719.78142049685,180719.78142049685,0.0,0.0,-1.0
2024-01-19 19:00:00,180867.60138591324,180867.60138591324,0.0,0.0,-1.0
2024-01-19 20:00:00,180961.0415026434,180961.0415026434,0.0,0.0,-1.0
2024-01-19 21:00:00,181043.3345817705,181043.3345817705,0.0,0.0,-1.0
2024-01-19 22:00:00,181367.4155732952,181367.4155732952,0.0,0.0,-1.0
2024-01-19 23:00:00,181388.56724796188,181388.56724796188,0.0,0.0,-1.0
2024-01-20 00:00:00,181346.668952628,181388.56724796188,41.89829533387092,0.02309864175540628,-1.0
2024-01-20 01:00:00,181425.87886085646,181425.87886085646,0.0,0.0,-1.0
2024-01-20 02:00:00,181481.75436806335,181481.75436806335,0.0,0.0,-1.0
2024-01-20 03:00:00,181505.91196285273,181505.91196285273,0.0,0.0,-1.0
2024-01-20 04:00:00,181409.49030194405,181505.91196285273,96.4216609086725,0.05312315167365254,-1.0
2024-01-20 05:00:00,181352.97640507182,181505.91196285273,152.93555778090376,0.08425927074607012,-1.0
2024-01-20 06:00:00,181257.99933304725,181505.91196285273,247.91262980547617,0.1365865316035625,-1.0
2024-01-20 07:00:00,181214.6415500555,181505.91196285273,291.2704127972247,0.16047433918121443,-1.0
2024-01-20 08:00:00,181185.4376372794,181505.91196285273,320.4743255733338,0.176564125161346,-1.0
2024-01-20 09:00:00,181261.0518800559,181505.91196285273,244.860082796833,0.13490474230224878,-1.0
2024-01-20 10:00:00,181368.01037453677,181505.91196285273,137.9015883159591,0.07597636177502705,-1.0
2024-01-20 11:00:00,181338.71456218857,181505.91196285273,167.19740066415397,0.09211677947899177,-1.0
2024-01-20 12:00:00,181278.00499462633,181505.91196285273,227.90696822639438,0.12556448754850374,-1.0
2024-01-20 13:00:00,181373.32982692978,181505.91196285273,132.58213592294487,0.07304562947243247,-1.0
2024-01-20 14:00:00,181277.35045942207,181505.91196285273,228.56150343065383,0.12592510125919842,-1.0
2024-01-20 15:00:00,181345.5203988677,181505.91196285273,160.3915639850311,0.08836712934058978,-1.0
2024-01-20 16:00:00,181461.89006225832,181505.91196285273,44.02190059440909,0.02425370067472991,-1.0
2024-01-20 17:00:00,181494.2182769807,181505.91196285273,11.693685872014612,0.00644259228008389,-1.0
2024-01-20 18:00:00,181474.13038735944,181505.91196285273,31.781575493281707,0.017509939565927845,-1.0
2024-01-20 19:00:00,181670.4052200082,181670.4052200082,0.0,0.0,-1.0
2024-01-20 20:00:00,181720.3200386329,181720.3200386329,0.0,0.0,-1.0
2024-01-20 21:00:00,181736.7387094874,181736.7387094874,0.0,0.0,-1.0
2024-01-20 22:00:00,181831.48648725936,181831.48648725936,0.0,0.0,-1.0
2024-01-20 23:00:00,181806.91352878892,181831.48648725936,24.572958470438607,0.013514138252485987,-1.0
2024-01-21 00:00:00,181876.91898050765,181876.91898050765,0.0,0.0,-1.0
2024-01-21 01:00:00,181887.78097744947,181887.78097744947,0.0,0.0,-1.0
2024-01-21 02:00:00,181824.10692510402,181887.78097744947,63.674052345450036,0.03500732814665784,-1.0
2024-01-21 03:00:00,182014.6795195398,182014.6795195398,0.0,0.0,-1.0
2024-01-21 04:00:00,181988.78384806126,182014.6795195398,25.895671478530858,0.014227243399756053,-1.0
2024-01-21 05:00:00,182180.95308736927,182180.95308736927,0.0,0.0,-1.0
2024-01-21 06:00:00,182363.77118893934,182363.77118893934,0.0,0.0,-1.0
2024-01-21 07:00:00,182447.10973326425,182447.10973326425,0.0,0.0,-1.0
2024-01-21 08:00:00,182542.24925361972,182542.24925361972,0.0,0.0,-1.0
2024-01-21 09:00:00,182574.90895720772,182574.90895720772,0.0,0.0,-1.0
2024-01-21 10:00:00,182648.34118544066,182648.34118544066,0.0,0.0,-1.0
2024-01-21 11:00:00,182901.83317455603,182901.83317455603,0.0,0.0,-1.0
2024-01-21 12:00:00,183000.58610701567,183000.58610701567,0.0,0.0,-1.0
2024-01-21 13:00:00,183133.97283173684,183133.97283173684,0.0,0.0,-1.0
2024-01-21 14:00:00,183151.84254630547,183151.84254630547,0.0,0.0,-1.0
2024-01-21 15:00:00,183268.95034142525,183268.95034142525,0.0,0.0,-1.0
2024-01-21 16:00:00,183341.2861652681,183341.2861652681,0.0,0.0,-1.0
2024-01-21 17:00:00,183284.97361090576,183341.2861652681,56.31255436234642,0.030714606371630322,-1.0
2024-01-21 18:00:00,183266.08640615147,183341.2861652681,75.19975911662914,0.041016271179008926,-1.0
2024-01-21 19:00:00,183199.68496318205,183341.2861652681,141.60120208605076,0.07723366899390471,-1.0
