timestamp,pair,atr,entry_price,method,position_size,risk_amount,portfolio_exposure,margin_used_pct,decision_reason
2024-01-01 01:00:00,EURUSD,1296941.8238718875,-112.29059725462392,equity_%,-1.3733021761530526e-05,2000.0,1.5420892157130103e-06,3.0841784314260205e-08,"Method: equity_%, ATR: 1296941.82, Risk: 2000.00"
2024-01-01 02:00:00,EURUSD,803727.2017654037,-85.94961179704563,equity_%,-2.8946899753530545e-05,1999.6530212891157,2.4884065085851986e-06,4.9768130171703976e-08,"Method: equity_%, ATR: 803727.20, Risk: 1999.65"
2024-01-01 03:00:00,EURUSD,351251.6609516483,-107.0252743757154,equity_%,-5.319164842095416e-05,1999.623287370524,5.693923253149573e-06,1.1387846506299145e-07,"Method: equity_%, ATR: 351251.66, Risk: 1999.62"
2024-01-01 04:00:00,EURUSD,203593.32198338464,-116.48341238720143,equity_%,-8.429868831539102e-05,1999.1640367886023,9.823504919101527e-06,1.9647009838203054e-07,"Method: equity_%, ATR: 203593.32, Risk: 1999.16"
2024-01-01 05:00:00,EURUSD,837258.5645519253,-57.17192222336278,equity_%,-4.179701415961298e-05,2000.7261628396586,2.3887483325659833e-06,4.7774966651319664e-08,"Method: equity_%, ATR: 837258.56, Risk: 2000.73"
2024-01-01 06:00:00,EURUSD,871974.2804861993,-68.80908807097379,equity_%,-3.330885385042923e-05,1998.523072408349,2.293645632397358e-06,4.587291264794716e-08,"Method: equity_%, ATR: 871974.28, Risk: 1998.52"
2024-01-01 07:00:00,EURUSD,1005926.0008815832,-124.38044673696143,equity_%,-1.598182440885559e-05,1999.6063209974243,1.9882178194491644e-06,3.9764356388983297e-08,"Method: equity_%, ATR: 1005926.00, Risk: 1999.61"
2024-01-01 08:00:00,EURUSD,523940.01257417275,-136.3711584352776,equity_%,-2.797026088646364e-05,1998.4837122531676,3.8172308890359195e-06,7.63446177807184e-08,"Method: equity_%, ATR: 523940.01, Risk: 1998.48"
2024-01-01 09:00:00,EURUSD,1173577.7511067914,-152.47683129892536,equity_%,-1.1194610422753892e-05,2003.20183847547,1.7041904536054955e-06,3.408380907210991e-08,"Method: equity_%, ATR: 1173577.75, Risk: 2003.20"
2024-01-01 10:00:00,EURUSD,669765.7144279539,-140.50933928622644,equity_%,-2.1314156183871113e-05,2005.8398145675617,2.9861188127675327e-06,5.972237625535065e-08,"Method: equity_%, ATR: 669765.71, Risk: 2005.84"
2024-01-01 11:00:00,EURUSD,1069759.208876535,-183.07549705105257,equity_%,-1.0245287944981807e-05,2006.505823202326,1.869579605769795e-06,3.73915921153959e-08,"Method: equity_%, ATR: 1069759.21, Risk: 2006.51"
2024-01-01 12:00:00,EURUSD,716991.3745460657,-116.67290884835916,equity_%,-2.4009663527699412e-05,2008.4916505169601,2.7894338356109513e-06,5.5788676712219025e-08,"Method: equity_%, ATR: 716991.37, Risk: 2008.49"
2024-01-01 13:00:00,EURUSD,1221234.4321641251,-46.672151931187614,equity_%,-3.522055168559625e-05,2007.4882890026377,1.6376872018387494e-06,3.275374403677499e-08,"Method: equity_%, ATR: 1221234.43, Risk: 2007.49"
2024-01-01 14:00:00,EURUSD,850384.5823723214,-118.75898620607254,equity_%,-1.990935245987777e-05,2010.6616491742961,2.3518770700435226e-06,4.703754140087045e-08,"Method: equity_%, ATR: 850384.58, Risk: 2010.66"
2024-01-01 15:00:00,EURUSD,719360.5000535009,-60.65070336054785,equity_%,-4.6065187982976563e-05,2009.8112671739123,2.780247177668574e-06,5.5604943553371474e-08,"Method: equity_%, ATR: 719360.50, Risk: 2009.81"
2024-01-01 16:00:00,EURUSD,1386077.5835024952,19.44856392881927,equity_%,7.46240935972297e-05,2011.6579959464543,1.442920673275862e-06,2.885841346551724e-08,"Method: equity_%, ATR: 1386077.58, Risk: 2011.66"
2024-01-01 17:00:00,EURUSD,681260.3801143405,-34.01589649562024,equity_%,-8.688384198860612e-05,2013.4185752738952,2.9357350851143387e-06,5.8714701702286776e-08,"Method: equity_%, ATR: 681260.38, Risk: 2013.42"
2024-01-01 18:00:00,EURUSD,108559.07941946998,-24.096834493282763,equity_%,-0.0007695133532519456,2012.993196615731,1.842314812077618e-05,3.6846296241552356e-07,"Method: equity_%, ATR: 108559.08, Risk: 2012.99"
2024-01-01 19:00:00,EURUSD,1130694.8758038536,14.247925630544522,equity_%,0.00012490231743857093,2012.183391077572,1.7688237939330226e-06,3.5376475878660444e-08,"Method: equity_%, ATR: 1130694.88, Risk: 2012.18"
2024-01-01 20:00:00,EURUSD,631372.5282603763,33.07188893889902,equity_%,9.63511702388128e-05,2011.878158966574,3.167701967506584e-06,6.335403935013168e-08,"Method: equity_%, ATR: 631372.53, Risk: 2011.88"
2024-01-01 21:00:00,EURUSD,544180.5528923476,25.735531923566796,equity_%,0.00014374221101411038,2013.0774657245458,3.6752507772831973e-06,7.350501554566394e-08,"Method: equity_%, ATR: 544180.55, Risk: 2013.08"
2024-01-01 22:00:00,EURUSD,1303810.5308241493,-37.39398995812859,equity_%,-4.1372747893493477e-05,2017.1149972586,1.53396521405283e-06,3.067930428105661e-08,"Method: equity_%, ATR: 1303810.53, Risk: 2017.11"
2024-01-01 23:00:00,EURUSD,2023980.2467892515,-150.0852498229723,equity_%,-6.645494981146923e-06,2018.6992258019484,9.88151936350519e-07,1.976303872701038e-08,"Method: equity_%, ATR: 2023980.25, Risk: 2018.70"
2024-01-02 00:00:00,EURUSD,506065.4844173246,-128.24919580778612,equity_%,-3.1133646333038896e-05,2020.6512134616335,3.952057711074223e-06,7.904115422148447e-08,"Method: equity_%, ATR: 506065.48, Risk: 2020.65"
2024-01-02 01:00:00,EURUSD,495223.2329529863,-84.82014576440636,equity_%,-4.8122013490180636e-05,2021.3606919236472,4.038582737877867e-06,8.077165475755733e-08,"Method: equity_%, ATR: 495223.23, Risk: 2021.36"
2024-01-02 02:00:00,EURUSD,478121.7485792108,-75.91976043971239,equity_%,-5.565193584227324e-05,2020.1034202448511,4.183034982079797e-06,8.366069964159594e-08,"Method: equity_%, ATR: 478121.75, Risk: 2020.10"
2024-01-02 03:00:00,EURUSD,630814.2910525928,-133.00098190499418,equity_%,-2.4046344965415797e-05,2017.4623751836496,3.170505215826276e-06,6.341010431652554e-08,"Method: equity_%, ATR: 630814.29, Risk: 2017.46"
2024-01-02 04:00:00,EURUSD,1111900.2735821134,-124.11325883117502,equity_%,-1.4610267885749149e-05,2016.2398544809546,1.798722464161981e-06,3.597444928323962e-08,"Method: equity_%, ATR: 1111900.27, Risk: 2016.24"
2024-01-02 05:00:00,EURUSD,639456.0231783156,-152.56994466368104,equity_%,-2.069437546432093e-05,2018.9799008166053,3.1276583963652647e-06,6.25531679273053e-08,"Method: equity_%, ATR: 639456.02, Risk: 2018.98"
2024-01-02 06:00:00,EURUSD,467224.78472977114,-155.30951183280484,equity_%,-2.7868624537790524e-05,2022.2715019285,4.280594834361667e-06,8.561189668723335e-08,"Method: equity_%, ATR: 467224.78, Risk: 2022.27"
2024-01-02 07:00:00,EURUSD,387725.1429562853,-126.60483726655953,equity_%,-4.131058362371709e-05,2027.848914978406,5.158293281551497e-06,1.0316586563102994e-07,"Method: equity_%, ATR: 387725.14, Risk: 2027.85"
2024-01-02 08:00:00,EURUSD,384822.65932214813,-113.0284932595499,equity_%,-4.65700425837287e-05,2025.6070960157274,5.197199155379599e-06,1.03943983107592e-07,"Method: equity_%, ATR: 384822.66, Risk: 2025.61"
2024-01-02 09:00:00,EURUSD,789515.0548598495,-134.18525368800653,equity_%,-1.9121816063161696e-05,2025.789630013887,2.533200586472704e-06,5.0664011729454083e-08,"Method: equity_%, ATR: 789515.05, Risk: 2025.79"
2024-01-02 10:00:00,EURUSD,1147679.7524163686,-218.81629677078718,equity_%,-8.0585687694202e-06,2023.7567020042636,1.7426464096705758e-06,3.4852928193411514e-08,"Method: equity_%, ATR: 1147679.75, Risk: 2023.76"
2024-01-02 11:00:00,EURUSD,529086.9245412222,-201.4224360791749,equity_%,-1.896545871131455e-05,2021.1485031868945,3.7800971961917695e-06,7.560194392383538e-08,"Method: equity_%, ATR: 529086.92, Risk: 2021.15"
2024-01-02 12:00:00,EURUSD,1403766.830170417,-86.77829903409896,equity_%,-1.6579090781304134e-05,2019.6067750679647,1.4247380384085587e-06,2.8494760768171177e-08,"Method: equity_%, ATR: 1403766.83, Risk: 2019.61"
2024-01-02 13:00:00,EURUSD,362573.89494202373,-56.66220439051958,equity_%,-9.830283683890767e-05,2019.5566934344056,5.516116929267078e-06,1.1032233858534154e-07,"Method: equity_%, ATR: 362573.89, Risk: 2019.56"
2024-01-02 14:00:00,EURUSD,2288044.946461628,-223.80942862697572,equity_%,-3.944871873663636e-06,2020.113785086741,8.741087027564389e-07,1.748217405512878e-08,"Method: equity_%, ATR: 2288044.95, Risk: 2020.11"
2024-01-02 15:00:00,EURUSD,60715.00987536894,-218.5414002224404,equity_%,-0.00015209362427575472,2018.0912539268086,3.294078357403622e-05,6.588156714807245e-07,"Method: equity_%, ATR: 60715.01, Risk: 2018.09"
2024-01-02 16:00:00,EURUSD,368059.9422239649,-212.47948888400677,equity_%,-2.5781887125857284e-05,2016.2773400477276,5.4338975002691214e-06,1.0867795000538244e-07,"Method: equity_%, ATR: 368059.94, Risk: 2016.28"
2024-01-02 17:00:00,EURUSD,1385822.0948814924,-165.17965441432113,equity_%,-8.793897136278606e-06,2013.0076052847426,1.4431866885273096e-06,2.8863733770546194e-08,"Method: equity_%, ATR: 1385822.09, Risk: 2013.01"
2024-01-02 18:00:00,EURUSD,779844.9813038161,-228.38637864198557,equity_%,-1.1314335215910143e-05,2015.1506619095735,2.5646122600625284e-06,5.129224520125057e-08,"Method: equity_%, ATR: 779844.98, Risk: 2015.15"
2024-01-02 19:00:00,EURUSD,799140.6972049094,-232.04032646852627,equity_%,-1.085812063579047e-05,2013.4524535566177,2.502688208716238e-06,5.0053764174324764e-08,"Method: equity_%, ATR: 799140.70, Risk: 2013.45"
2024-01-02 20:00:00,EURUSD,351507.2775882305,-235.48141322905525,equity_%,-2.440326002936416e-05,2019.9415476912532,5.689782623342664e-06,1.1379565246685326e-07,"Method: equity_%, ATR: 351507.28, Risk: 2019.94"
2024-01-02 21:00:00,EURUSD,2425005.639009451,-213.21720266816453,equity_%,-3.906672194332911e-06,2019.9562608907277,8.247403502191219e-07,1.6494807004382437e-08,"Method: equity_%, ATR: 2425005.64, Risk: 2019.96"
2024-01-02 22:00:00,EURUSD,1183339.090162648,-223.93501055237192,equity_%,-7.626453463741864e-06,2020.9419236603571,1.6901326226999767e-06,3.380265245399953e-08,"Method: equity_%, ATR: 1183339.09, Risk: 2020.94"
2024-01-02 23:00:00,EURUSD,375757.03032145865,-239.37977753016992,equity_%,-2.2463026832684998e-05,2020.518586377724,5.322588371238213e-06,1.0645176742476424e-07,"Method: equity_%, ATR: 375757.03, Risk: 2020.52"
2024-01-03 00:00:00,EURUSD,750777.097599437,-176.08667364796455,equity_%,-1.5261017159409122e-05,2017.5345757171413,2.6639065128583107e-06,5.327813025716622e-08,"Method: equity_%, ATR: 750777.10, Risk: 2017.53"
2024-01-03 01:00:00,EURUSD,544297.3545658162,-195.01163909662824,equity_%,-1.898248330115076e-05,2014.8827680517234,3.6744620991138048e-06,7.34892419822761e-08,"Method: equity_%, ATR: 544297.35, Risk: 2014.88"
2024-01-03 02:00:00,EURUSD,671256.4182909821,-160.01923181733778,equity_%,-1.875470178792914e-05,2014.5163451880069,2.9794873397143778e-06,5.9589746794287555e-08,"Method: equity_%, ATR: 671256.42, Risk: 2014.52"
2024-01-03 03:00:00,EURUSD,658588.2850710328,-162.61974486967293,equity_%,-1.8804199921916863e-05,2013.9196365419339,3.0367986272095438e-06,6.073597254419088e-08,"Method: equity_%, ATR: 658588.29, Risk: 2013.92"
2024-01-03 04:00:00,EURUSD,1057101.0006394996,-196.15805688399607,equity_%,-9.7050202929882e-06,2012.422121013396,1.8919668024059085e-06,3.783933604811817e-08,"Method: equity_%, ATR: 1057101.00, Risk: 2012.42"
2024-01-03 05:00:00,EURUSD,1193206.0660415143,-267.66051225994875,equity_%,-6.301035267998981e-06,2012.3877631045596,1.676156413313453e-06,3.3523128266269065e-08,"Method: equity_%, ATR: 1193206.07, Risk: 2012.39"
2024-01-03 06:00:00,EURUSD,1283069.9770326428,-209.06784646948336,equity_%,-7.5025874656384025e-06,2012.559161493182,1.558761436087377e-06,3.117522872174754e-08,"Method: equity_%, ATR: 1283069.98, Risk: 2012.56"
2024-01-03 07:00:00,EURUSD,952185.1922651501,-208.51105802466648,equity_%,-1.0130249045143951e-05,2011.2712128972294,2.100431739798648e-06,4.200863479597296e-08,"Method: equity_%, ATR: 952185.19, Risk: 2011.27"
2024-01-03 08:00:00,EURUSD,341469.84701606643,-216.78700811803319,equity_%,-2.726839885294078e-05,2018.5766697020254,5.857032524180381e-06,1.1714065048360762e-07,"Method: equity_%, ATR: 341469.85, Risk: 2018.58"
2024-01-03 09:00:00,EURUSD,767011.9003243928,-278.51557921252385,equity_%,-9.431661605506246e-06,2014.8364816024769,2.607521472814358e-06,5.2150429456287154e-08,"Method: equity_%, ATR: 767011.90, Risk: 2014.84"
2024-01-03 10:00:00,EURUSD,613348.1314953039,-228.78239116411413,equity_%,-1.4354882008064466e-05,2014.3237274509352,3.26079089068736e-06,6.521581781374719e-08,"Method: equity_%, ATR: 613348.13, Risk: 2014.32"
2024-01-03 11:00:00,EURUSD,409164.33441508445,-203.64192283304138,equity_%,-2.416374316395755e-05,2013.3958571448031,4.8880115684058195e-06,9.776023136811638e-08,"Method: equity_%, ATR: 409164.33, Risk: 2013.40"
2024-01-03 12:00:00,EURUSD,722586.4339041413,-153.8363111505475,equity_%,-1.809975923043497e-05,2011.9698058218523,2.7678349691593033e-06,5.5356699383186076e-08,"Method: equity_%, ATR: 722586.43, Risk: 2011.97"
2024-01-03 13:00:00,EURUSD,1045042.1492861196,-113.2695251390537,equity_%,-1.6983180363034393e-05,2010.323311552833,1.913798406472144e-06,3.8275968129442875e-08,"Method: equity_%, ATR: 1045042.15, Risk: 2010.32"
2024-01-03 14:00:00,EURUSD,663628.6864206168,-92.94909274639345,equity_%,-3.261482276837532e-05,2011.802431904096,3.01373349423351e-06,6.02746698846702e-08,"Method: equity_%, ATR: 663628.69, Risk: 2011.80"
2024-01-03 15:00:00,EURUSD,176054.63166573187,-98.49781178524822,equity_%,-0.00011596012958016373,2010.8641401631132,1.1360110103762126e-05,2.272022020752425e-07,"Method: equity_%, ATR: 176054.63, Risk: 2010.86"
2024-01-03 16:00:00,EURUSD,424426.74909842067,-80.29986095704,equity_%,-5.89669379269613e-05,2009.6763253724444,4.712238340887932e-06,9.424476681775862e-08,"Method: equity_%, ATR: 424426.75, Risk: 2009.68"
2024-01-03 17:00:00,EURUSD,456836.25802793726,-56.80238667830386,equity_%,-7.735365585487806e-05,2007.2801664674762,4.3779362186214485e-06,8.755872437242895e-08,"Method: equity_%, ATR: 456836.26, Risk: 2007.28"
2024-01-03 18:00:00,EURUSD,1149449.8648106023,-104.3755833191008,equity_%,-1.6705658256332255e-05,2004.2529987407604,1.7399627954452324e-06,3.4799255908904646e-08,"Method: equity_%, ATR: 1149449.86, Risk: 2004.25"
2024-01-03 19:00:00,EURUSD,842700.8747790729,-154.7291390478413,equity_%,-1.5376037991160446e-05,2004.8874493151739,2.3733213763713382e-06,4.7466427527426767e-08,"Method: equity_%, ATR: 842700.87, Risk: 2004.89"
2024-01-03 20:00:00,EURUSD,1092351.0585811099,-180.47198996286227,equity_%,-1.0171419697522495e-05,2005.1811610016841,1.830913225458732e-06,3.661826450917464e-08,"Method: equity_%, ATR: 1092351.06, Risk: 2005.18"
2024-01-03 21:00:00,EURUSD,316359.72786494676,-177.57411839412944,equity_%,-3.570997642459781e-05,2006.0900504208537,6.321917184268774e-06,1.264383436853755e-07,"Method: equity_%, ATR: 316359.73, Risk: 2006.09"
2024-01-03 22:00:00,EURUSD,293744.6786422143,-169.36748635625173,equity_%,-4.0346371750501825e-05,2007.264185027185,6.808633978476362e-06,1.3617267956952723e-07,"Method: equity_%, ATR: 293744.68, Risk: 2007.26"
2024-01-03 23:00:00,EURUSD,722514.5387129649,-191.18646462196713,equity_%,-1.4521159932224516e-05,2005.880431514361,2.7681103878721325e-06,5.536220775744265e-08,"Method: equity_%, ATR: 722514.54, Risk: 2005.88"
2024-01-04 00:00:00,EURUSD,215347.83679447885,-193.62438812925853,equity_%,-4.808454767326771e-05,2004.9618203786335,9.287300164100263e-06,1.8574600328200526e-07,"Method: equity_%, ATR: 215347.84, Risk: 2004.96"
2024-01-04 01:00:00,EURUSD,2952495.7481245142,-382.51391671237525,equity_%,-1.7743520466173807e-06,2003.9012354543231,6.773930161526705e-07,1.3547860323053408e-08,"Method: equity_%, ATR: 2952495.75, Risk: 2003.90"
2024-01-04 02:00:00,EURUSD,437302.36011914484,-418.74878392485954,equity_%,-1.0952320880043117e-05,2005.587154168068,4.573494639853056e-06,9.146989279706112e-08,"Method: equity_%, ATR: 437302.36, Risk: 2005.59"
2024-01-04 03:00:00,EURUSD,174201.25769861272,-426.84497138518026,equity_%,-2.6948228239577954e-05,2003.787543945843,1.148097336622115e-05,2.29619467324423e-07,"Method: equity_%, ATR: 174201.26, Risk: 2003.79"
2024-01-04 04:00:00,EURUSD,772251.9146093037,-392.7745868709246,equity_%,-6.602350502258724e-06,2002.631072881645,2.5898284771645226e-06,5.1796569543290455e-08,"Method: equity_%, ATR: 772251.91, Risk: 2002.63"
2024-01-04 05:00:00,EURUSD,328811.62774966296,-420.0595523195801,equity_%,-1.4486958087818415e-05,2000.9453896979742,6.0825099577156e-06,1.2165019915431197e-07,"Method: equity_%, ATR: 328811.63, Risk: 2000.95"
2024-01-04 06:00:00,EURUSD,618334.9331848689,-443.1778777103986,equity_%,-7.295614622156921e-06,1999.2345173876665,3.2344929789079904e-06,6.46898595781598e-08,"Method: equity_%, ATR: 618334.93, Risk: 1999.23"
2024-01-04 07:00:00,EURUSD,487944.676790799,-425.67116112367296,equity_%,-9.632980887987942e-06,2000.8084420875805,4.09882532821949e-06,8.197650656438982e-08,"Method: equity_%, ATR: 487944.68, Risk: 2000.81"
2024-01-04 08:00:00,EURUSD,654675.7442059715,-420.18269420783776,equity_%,-7.2707221143112356e-06,2000.0550907727559,3.0549474571197305e-06,6.109894914239461e-08,"Method: equity_%, ATR: 654675.74, Risk: 2000.06"
2024-01-04 09:00:00,EURUSD,1079398.335397479,-320.9919137274717,equity_%,-5.772880000105199e-06,2000.1767096016304,1.8528840877483081e-06,3.7057681754966164e-08,"Method: equity_%, ATR: 1079398.34, Risk: 2000.18"
2024-01-04 10:00:00,EURUSD,1463575.2494050069,-259.7109681040453,equity_%,-5.259450336630217e-06,1999.151495614299,1.3665166863221196e-06,2.7330333726442393e-08,"Method: equity_%, ATR: 1463575.25, Risk: 1999.15"
2024-01-04 11:00:00,EURUSD,593143.6900403673,-302.2242562237795,equity_%,-1.1148416719153222e-05,1998.4920549613191,3.3718642439977517e-06,6.743728487995503e-08,"Method: equity_%, ATR: 593143.69, Risk: 1998.49"
2024-01-04 12:00:00,EURUSD,449884.64902014984,-266.49385927774114,equity_%,-1.666919426570923e-05,1998.4946434179083,4.445584005491199e-06,8.891168010982399e-08,"Method: equity_%, ATR: 449884.65, Risk: 1998.49"
2024-01-04 13:00:00,EURUSD,366391.41627626173,-253.3979726229453,equity_%,-2.1552306972730543e-05,2000.9774325317942,5.458643164533052e-06,1.0917286329066104e-07,"Method: equity_%, ATR: 366391.42, Risk: 2000.98"
2024-01-04 14:00:00,EURUSD,574930.1552481452,-241.99737820606126,equity_%,-1.4368161590269835e-05,1999.0651706159445,3.4786834222267944e-06,6.957366844453589e-08,"Method: equity_%, ATR: 574930.16, Risk: 1999.07"
2024-01-04 15:00:00,EURUSD,643946.9585547417,-245.39663001006664,equity_%,-1.2667488209508254e-05,2001.747060287148,3.105845867319181e-06,6.21169173463836e-08,"Method: equity_%, ATR: 643946.96, Risk: 2001.75"
2024-01-04 16:00:00,EURUSD,786629.4379569249,-239.33444814225015,equity_%,-1.06411444807059e-05,2003.3819071582102,2.542493203908698e-06,5.0849864078173966e-08,"Method: equity_%, ATR: 786629.44, Risk: 2003.38"
2024-01-04 17:00:00,EURUSD,886430.9893390805,-207.94667293914333,equity_%,-1.088745029775942e-05,2006.887796432608,2.2562388093981145e-06,4.512477618796229e-08,"Method: equity_%, ATR: 886430.99, Risk: 2006.89"
2024-01-04 18:00:00,EURUSD,880579.6538818881,-238.95040788839916,equity_%,-9.554829463603309e-06,2010.4781753140962,2.27123121819058e-06,4.542462436381161e-08,"Method: equity_%, ATR: 880579.65, Risk: 2010.48"
2024-01-04 19:00:00,EURUSD,1123945.2387046816,-202.55617576017517,equity_%,-8.840271883054646e-06,2012.5944134057522,1.7794461252444554e-06,3.5588922504889106e-08,"Method: equity_%, ATR: 1123945.24, Risk: 2012.59"
2024-01-04 20:00:00,EURUSD,497749.4800025616,-179.41312938478876,equity_%,-2.2552205925480823e-05,2013.974951677407,4.018085563825616e-06,8.036171127651233e-08,"Method: equity_%, ATR: 497749.48, Risk: 2013.97"
2024-01-04 21:00:00,EURUSD,1054796.2743808816,-135.0663324306664,equity_%,-1.4137765501707176e-05,2014.1716010784617,1.8961007434102958e-06,3.792201486820591e-08,"Method: equity_%, ATR: 1054796.27, Risk: 2014.17"
2024-01-04 22:00:00,EURUSD,1962158.3959188112,-84.73127455439933,equity_%,-1.2110086365867209e-05,2013.3767200191357,1.01928570300945e-06,2.0385714060189e-08,"Method: equity_%, ATR: 1962158.40, Risk: 2013.38"
2024-01-04 23:00:00,EURUSD,693801.8367507966,-87.54099667437323,equity_%,-3.316949953897117e-05,2014.5861830362803,2.882667491003444e-06,5.765334982006887e-08,"Method: equity_%, ATR: 693801.84, Risk: 2014.59"
2024-01-05 00:00:00,EURUSD,335798.86997907877,-104.0330213551244,equity_%,-5.7600691766126496e-05,2012.2324165420273,5.95594618923109e-06,1.191189237846218e-07,"Method: equity_%, ATR: 335798.87, Risk: 2012.23"
2024-01-05 01:00:00,EURUSD,645799.9799685564,-124.97459477847414,equity_%,-2.491360104932367e-05,2010.741632556851,3.096934131365843e-06,6.193868262731686e-08,"Method: equity_%, ATR: 645799.98, Risk: 2010.74"
2024-01-05 02:00:00,EURUSD,841475.9792378544,-71.27351108460499,equity_%,-3.354403789791068e-05,2011.8019129935597,2.376776104543649e-06,4.753552209087298e-08,"Method: equity_%, ATR: 841475.98, Risk: 2011.80"
2024-01-05 03:00:00,EURUSD,801674.2580421724,-53.11315826950511,equity_%,-4.729035642766894e-05,2013.597449656799,2.494778870515747e-06,4.9895577410314935e-08,"Method: equity_%, ATR: 801674.26, Risk: 2013.60"
2024-01-05 04:00:00,EURUSD,533320.8986337421,-81.95887026217535,equity_%,-4.616238796319618e-05,2017.7754429136055,3.7500874335200193e-06,7.500174867040038e-08,"Method: equity_%, ATR: 533320.90, Risk: 2017.78"
2024-01-05 05:00:00,EURUSD,901626.8001250242,-94.25399245291041,equity_%,-2.3813115082349216e-05,2023.6843745735807,2.218212679262273e-06,4.436425358524547e-08,"Method: equity_%, ATR: 901626.80, Risk: 2023.68"
2024-01-05 06:00:00,EURUSD,959738.8318950454,-155.52588041492447,equity_%,-1.3564223187475682e-05,2024.6532862058361,2.083900258626521e-06,4.167800517253042e-08,"Method: equity_%, ATR: 959738.83, Risk: 2024.65"
2024-01-05 07:00:00,EURUSD,710076.3924113335,-164.70572114224842,equity_%,-1.7309116679954147e-05,2024.3642749571266,2.8165983567039062e-06,5.6331967134078126e-08,"Method: equity_%, ATR: 710076.39, Risk: 2024.36"
2024-01-05 08:00:00,EURUSD,431571.43530477496,-136.8223261155942,equity_%,-3.4293081876141384e-05,2024.9587372746682,4.634227004823904e-06,9.268454009647806e-08,"Method: equity_%, ATR: 431571.44, Risk: 2024.96"
2024-01-05 09:00:00,EURUSD,456810.6168298054,-125.50358861576481,equity_%,-3.528852995467511e-05,2023.1398286339547,4.378181956189391e-06,8.756363912378782e-08,"Method: equity_%, ATR: 456810.62, Risk: 2023.14"
2024-01-05 10:00:00,EURUSD,975123.7237332074,-60.606999592454926,equity_%,-3.4198536790437485e-05,2021.1103762449563,2.051021784541464e-06,4.1020435690829275e-08,"Method: equity_%, ATR: 975123.72, Risk: 2021.11"
2024-01-05 11:00:00,EURUSD,2346798.759995321,38.13073560430169,equity_%,2.259341139087249e-05,2021.7751018038512,8.522247557366136e-07,1.7044495114732273e-08,"Method: equity_%, ATR: 2346798.76, Risk: 2021.78"
2024-01-05 12:00:00,EURUSD,1123984.7141155535,92.90473780604182,equity_%,1.9381661058857874e-05,2023.900983645308,1.7793836294061786e-06,3.558767258812357e-08,"Method: equity_%, ATR: 1123984.71, Risk: 2023.90"
2024-01-05 13:00:00,EURUSD,385562.21785675833,114.4781172382873,equity_%,4.590264259748706e-05,2026.0708882534298,5.187230250716701e-06,1.0374460501433402e-07,"Method: equity_%, ATR: 385562.22, Risk: 2026.07"
2024-01-05 14:00:00,EURUSD,592716.5841874293,103.06278187546626,equity_%,3.318100907974747e-05,2026.9289662728156,3.3742939768453624e-06,6.748587953690725e-08,"Method: equity_%, ATR: 592716.58, Risk: 2026.93"
2024-01-05 15:00:00,EURUSD,1183974.9750847295,178.72860813852571,equity_%,9.57057907813334e-06,2025.232146788511,1.6892248924913917e-06,3.378449784982783e-08,"Method: equity_%, ATR: 1183974.98, Risk: 2025.23"
2024-01-05 16:00:00,EURUSD,1209774.5658305697,262.37433313410816,equity_%,6.393084376290249e-06,2029.2531733291914,1.65320056850997e-06,3.30640113701994e-08,"Method: equity_%, ATR: 1209774.57, Risk: 2029.25"
2024-01-05 17:00:00,EURUSD,478944.3477975402,242.86615733690726,equity_%,1.745055779307928e-05,2029.8379467118846,4.175850512062921e-06,8.351701024125842e-08,"Method: equity_%, ATR: 478944.35, Risk: 2029.84"
2024-01-05 18:00:00,EURUSD,841752.8023550406,256.6059964811553,equity_%,9.421294789958166e-06,2034.9885258392717,2.3759944658389454e-06,4.7519889316778906e-08,"Method: equity_%, ATR: 841752.80, Risk: 2034.99"
2024-01-05 19:00:00,EURUSD,491878.6937327485,275.02063471842223,equity_%,1.5033318107874877e-05,2033.6590250234071,4.066043163655828e-06,8.132086327311653e-08,"Method: equity_%, ATR: 491878.69, Risk: 2033.66"
2024-01-05 20:00:00,EURUSD,733017.21703549,317.0102506412471,equity_%,8.742288868453677e-06,2031.4803860830432,2.7284488733955175e-06,5.456897746791035e-08,"Method: equity_%, ATR: 733017.22, Risk: 2031.48"
2024-01-05 21:00:00,EURUSD,2405743.261347442,437.08059955261245,equity_%,1.9311326315426656e-06,2030.593120851859,8.313439061156562e-07,1.662687812231312e-08,"Method: equity_%, ATR: 2405743.26, Risk: 2030.59"
2024-01-05 22:00:00,EURUSD,1138313.8787341,469.8281727225944,equity_%,3.793625405664228e-06,2028.8761234982367,1.7569846396181756e-06,3.5139692792363505e-08,"Method: equity_%, ATR: 1138313.88, Risk: 2028.88"
2024-01-05 23:00:00,EURUSD,984799.009855625,508.05133738684435,equity_%,4.0530482564680515e-06,2027.8553682043807,2.0308712539152603e-06,4.06174250783052e-08,"Method: equity_%, ATR: 984799.01, Risk: 2027.86"
2024-01-06 00:00:00,EURUSD,424537.7727635071,511.02831253778004,equity_%,9.340349304157243e-06,2026.3964557909733,4.711006012447612e-06,9.422012024895224e-08,"Method: equity_%, ATR: 424537.77, Risk: 2026.40"
2024-01-06 01:00:00,EURUSD,1691815.0785667377,456.4232713293889,equity_%,2.625128324901339e-06,2027.081493596461,1.1821622973678357e-06,2.3643245947356715e-08,"Method: equity_%, ATR: 1691815.08, Risk: 2027.08"
2024-01-06 02:00:00,EURUSD,1510377.3482953245,549.9102756158891,equity_%,2.4488780836936672e-06,2033.9696262212597,1.3241724011931749e-06,2.64834480238635e-08,"Method: equity_%, ATR: 1510377.35, Risk: 2033.97"
2024-01-06 03:00:00,EURUSD,359168.786080096,547.4624642123921,equity_%,1.0331405671774149e-05,2031.4790576745988,5.568412616885902e-06,1.1136825233771804e-07,"Method: equity_%, ATR: 359168.79, Risk: 2031.48"
2024-01-06 04:00:00,EURUSD,1092204.3682414119,642.4797720289077,equity_%,2.8968486085074465e-06,2032.7743272388486,1.8311591293305802e-06,3.6623182586611604e-08,"Method: equity_%, ATR: 1092204.37, Risk: 2032.77"
2024-01-06 05:00:00,EURUSD,527116.5174918121,620.8198911271827,equity_%,6.2077690365778925e-06,2031.457771664887,3.7942275258545027e-06,7.588455051709006e-08,"Method: equity_%, ATR: 527116.52, Risk: 2031.46"
2024-01-06 06:00:00,EURUSD,439551.76923003024,587.4284863410146,equity_%,7.877460172194286e-06,2034.0014192584938,4.5500897505279795e-06,9.10017950105596e-08,"Method: equity_%, ATR: 439551.77, Risk: 2034.00"
2024-01-06 07:00:00,EURUSD,904383.2562672651,577.6500917929177,equity_%,3.887545627729766e-06,2030.9202002126337,2.2114518221564206e-06,4.422903644312841e-08,"Method: equity_%, ATR: 904383.26, Risk: 2030.92"
2024-01-06 08:00:00,EURUSD,692700.763347093,534.0325963784367,equity_%,5.498394202941797e-06,2033.9923052646684,2.8872495972663685e-06,5.774499194532737e-08,"Method: equity_%, ATR: 692700.76, Risk: 2033.99"
2024-01-06 09:00:00,EURUSD,1056512.0003041956,496.9857249577785,equity_%,3.865143742564071e-06,2029.47636807422,1.8930215647566247e-06,3.7860431295132495e-08,"Method: equity_%, ATR: 1056512.00, Risk: 2029.48"
2024-01-06 10:00:00,EURUSD,1031737.1563225833,519.3684553502512,equity_%,3.787143243035484e-06,2029.3472706826853,1.93847821389761e-06,3.87695642779522e-08,"Method: equity_%, ATR: 1031737.16, Risk: 2029.35"
2024-01-06 11:00:00,EURUSD,1320022.294532315,429.2686368268218,equity_%,3.580965372561345e-06,2029.1331547532293,1.5151259249818972e-06,3.030251849963795e-08,"Method: equity_%, ATR: 1320022.29, Risk: 2029.13"
2024-01-06 12:00:00,EURUSD,678561.3604347617,397.3146192452414,equity_%,7.534081911889171e-06,2031.2061776561156,2.947412152555486e-06,5.894824305110972e-08,"Method: equity_%, ATR: 678561.36, Risk: 2031.21"
2024-01-06 13:00:00,EURUSD,1118944.8940828731,337.25761586750536,equity_%,5.380626409180527e-06,2030.501447204217,1.7873981199398302e-06,3.57479623987966e-08,"Method: equity_%, ATR: 1118944.89, Risk: 2030.50"
2024-01-06 14:00:00,EURUSD,3268913.2553653303,454.5508098830533,equity_%,1.366675600549633e-06,2030.7257372158615,6.118241273968838e-07,1.2236482547937677e-08,"Method: equity_%, ATR: 3268913.26, Risk: 2030.73"
2024-01-06 15:00:00,EURUSD,594203.9775762964,446.2251318194159,equity_%,7.668899043960984e-06,2033.3989817441116,3.3658475464230594e-06,6.731695092846119e-08,"Method: equity_%, ATR: 594203.98, Risk: 2033.40"
2024-01-06 16:00:00,EURUSD,521962.6796240334,448.5637282426181,equity_%,8.688499942037495e-06,2034.269123393188,3.8316915712069455e-06,7.663383142413889e-08,"Method: equity_%, ATR: 521962.68, Risk: 2034.27"
2024-01-06 17:00:00,EURUSD,149973.29841359032,443.64594322133667,equity_%,3.06272380376677e-05,2037.7846743147136,1.3335707230259621e-05,2.667141446051924e-07,"Method: equity_%, ATR: 149973.30, Risk: 2037.78"
2024-01-06 18:00:00,EURUSD,1142361.7762176867,378.5525930560262,equity_%,4.710531788542185e-06,2037.0412680948655,1.7507588590909605e-06,3.501517718181921e-08,"Method: equity_%, ATR: 1142361.78, Risk: 2037.04"
2024-01-06 19:00:00,EURUSD,1376996.4235691747,326.38776244721055,equity_%,4.532881114900735e-06,2037.2344338332286,1.4524365973413352e-06,2.9048731946826704e-08,"Method: equity_%, ATR: 1376996.42, Risk: 2037.23"
2024-01-06 20:00:00,EURUSD,421398.7273175195,359.4980477859268,equity_%,1.3455209049334015e-05,2038.3567958510464,4.746098814135765e-06,9.492197628271531e-08,"Method: equity_%, ATR: 421398.73, Risk: 2038.36"
2024-01-06 21:00:00,EURUSD,1318168.6431429859,389.02503074426994,equity_%,3.979142992541166e-06,2040.506901824375,1.5172565440726036e-06,3.034513088145207e-08,"Method: equity_%, ATR: 1318168.64, Risk: 2040.51"
2024-01-06 22:00:00,EURUSD,367668.71091279597,385.5009414169422,equity_%,1.4419215486374074e-05,2043.731070647601,5.4396796372328844e-06,1.0879359274465768e-07,"Method: equity_%, ATR: 367668.71, Risk: 2043.73"
2024-01-06 23:00:00,EURUSD,270571.32567759254,388.24785370520783,equity_%,1.9457990658837773e-05,2044.0373329267468,7.391766274535538e-06,1.4783532549071074e-07,"Method: equity_%, ATR: 270571.33, Risk: 2044.04"
2024-01-07 00:00:00,EURUSD,2078335.5367942282,469.6871090273114,equity_%,2.09143079088088e-06,2041.5865780473655,9.623085226579638e-07,1.924617045315928e-08,"Method: equity_%, ATR: 2078335.54, Risk: 2041.59"
2024-01-07 01:00:00,EURUSD,409859.5914380945,463.6599305472992,equity_%,1.074220880857027e-05,2041.4006965556878,4.879719888907569e-06,9.759439777815136e-08,"Method: equity_%, ATR: 409859.59, Risk: 2041.40"
2024-01-07 02:00:00,EURUSD,699367.7414951707,407.191779665867,equity_%,7.186220592634262e-06,2046.4688706915267,2.859725837117139e-06,5.719451674234278e-08,"Method: equity_%, ATR: 699367.74, Risk: 2046.47"
2024-01-07 03:00:00,EURUSD,1067113.6226469155,460.6210405593098,equity_%,4.16830210813116e-06,2048.866323610399,1.8742146642633163e-06,3.748429328526632e-08,"Method: equity_%, ATR: 1067113.62, Risk: 2048.87"
2024-01-07 04:00:00,EURUSD,730540.4784109254,485.0140090714184,equity_%,5.782145674069086e-06,2048.7435370824437,2.7376990859567542e-06,5.475398171913508e-08,"Method: equity_%, ATR: 730540.48, Risk: 2048.74"
2024-01-07 05:00:00,EURUSD,471051.50006557663,457.5269222498713,equity_%,9.512476640250208e-06,2050.1170087629534,4.245820254731326e-06,8.491640509462651e-08,"Method: equity_%, ATR: 471051.50, Risk: 2050.12"
2024-01-07 06:00:00,EURUSD,964114.8141741201,502.5082827051799,equity_%,4.2326700246952445e-06,2050.6256867421134,2.0744417268530824e-06,4.148883453706165e-08,"Method: equity_%, ATR: 964114.81, Risk: 2050.63"
2024-01-07 07:00:00,EURUSD,356851.14179805166,505.5997083663809,equity_%,1.136073182239177e-05,2049.746783617906,5.604577835796404e-06,1.1209155671592809e-07,"Method: equity_%, ATR: 356851.14, Risk: 2049.75"
2024-01-07 08:00:00,EURUSD,737408.1237849322,510.405884768077,equity_%,5.442584187767825e-06,2048.465935446216,2.7122022872958034e-06,5.4244045745916063e-08,"Method: equity_%, ATR: 737408.12, Risk: 2048.47"
2024-01-07 09:00:00,EURUSD,317693.8090356941,528.7998911584814,equity_%,1.219980459599181e-05,2049.5238828255283,6.295369765217215e-06,1.259073953043443e-07,"Method: equity_%, ATR: 317693.81, Risk: 2049.52"
2024-01-07 10:00:00,EURUSD,337873.4428713074,535.7172134492557,equity_%,1.1315335946208478e-05,2048.128075348089,5.9193761516254475e-06,1.1838752303250896e-07,"Method: equity_%, ATR: 337873.44, Risk: 2048.13"
2024-01-07 11:00:00,EURUSD,281650.26471962506,545.2347142514499,equity_%,1.334194373330791e-05,2048.862281767767,7.101005220041046e-06,1.4202010440082092e-07,"Method: equity_%, ATR: 281650.26, Risk: 2048.86"
2024-01-07 12:00:00,EURUSD,545697.0993106642,494.67259693217824,equity_%,7.5939488179106085e-06,2049.9211849607036,3.6650368904772275e-06,7.330073780954455e-08,"Method: equity_%, ATR: 545697.10, Risk: 2049.92"
2024-01-07 13:00:00,EURUSD,1203347.6893910733,457.6243617046063,equity_%,3.7229731873066327e-06,2050.171410358797,1.662030033075523e-06,3.324060066151047e-08,"Method: equity_%, ATR: 1203347.69, Risk: 2050.17"
2024-01-07 14:00:00,EURUSD,423809.702569788,474.9661235253405,equity_%,1.0173730816361484e-05,2047.923703800079,4.719099133108365e-06,9.43819826621673e-08,"Method: equity_%, ATR: 423809.70, Risk: 2047.92"
2024-01-07 15:00:00,EURUSD,1859874.334131154,375.7849137387733,equity_%,2.9293563969580147e-06,2047.3644361639128,1.07534146974199e-06,2.15068293948398e-08,"Method: equity_%, ATR: 1859874.33, Risk: 2047.36"
2024-01-07 16:00:00,EURUSD,722187.9957754464,395.32152707789135,equity_%,7.1680798656989955e-06,2046.4614361683248,2.769362010583557e-06,5.5387240211671147e-08,"Method: equity_%, ATR: 722188.00, Risk: 2046.46"
2024-01-07 17:00:00,EURUSD,1402351.3991064117,261.0373727967916,equity_%,5.586743207952391e-06,2045.1174372853218,1.4261760649109875e-06,2.8523521298219754e-08,"Method: equity_%, ATR: 1402351.40, Risk: 2045.12"
2024-01-07 18:00:00,EURUSD,858059.2227690815,245.41359144173026,equity_%,9.72101608944442e-06,2047.045692047361,2.330841446521267e-06,4.6616828930425344e-08,"Method: equity_%, ATR: 858059.22, Risk: 2047.05"
2024-01-07 19:00:00,EURUSD,718921.3997442758,213.3858364493069,equity_%,1.3347441138953752e-05,2047.5995015686074,2.7819452873588278e-06,5.563890574717656e-08,"Method: equity_%, ATR: 718921.40, Risk: 2047.60"
2024-01-07 20:00:00,EURUSD,739431.2940894281,256.10726335723484,equity_%,1.0813135992073906e-05,2047.7238435882136,2.7047813853522357e-06,5.409562770704471e-08,"Method: equity_%, ATR: 739431.29, Risk: 2047.72"
2024-01-07 21:00:00,EURUSD,1707181.73947245,344.1664810859482,equity_%,3.483704000029837e-06,2046.8667695768029,1.1715214342780144e-06,2.3430428685560287e-08,"Method: equity_%, ATR: 1707181.74, Risk: 2046.87"
2024-01-07 22:00:00,EURUSD,1143650.8702273017,363.65013042506376,equity_%,4.923536414715557e-06,2047.6435927753068,1.748785448484377e-06,3.497570896968754e-08,"Method: equity_%, ATR: 1143650.87, Risk: 2047.64"
2024-01-07 23:00:00,EURUSD,832570.0845933397,408.1107121895769,equity_%,6.029739111815507e-06,2048.7893993436232,2.402200171504936e-06,4.804400343009873e-08,"Method: equity_%, ATR: 832570.08, Risk: 2048.79"
2024-01-08 00:00:00,EURUSD,705253.0864468054,442.9266781380984,equity_%,6.561073799988281e-06,2049.5180974901914,2.8358613927893135e-06,5.671722785578627e-08,"Method: equity_%, ATR: 705253.09, Risk: 2049.52"
2024-01-08 01:00:00,EURUSD,523995.75429251173,421.6195302776014,equity_%,9.265811496082254e-06,2047.066489003549,3.816824818934571e-06,7.633649637869143e-08,"Method: equity_%, ATR: 523995.75, Risk: 2047.07"
2024-01-08 02:00:00,EURUSD,274365.1342357674,401.7071698155069,equity_%,1.8544268386010922e-05,2043.8461844865774,7.289555961878744e-06,1.4579111923757487e-07,"Method: equity_%, ATR: 274365.13, Risk: 2043.85"
2024-01-08 03:00:00,EURUSD,1588949.862369363,421.2103034158394,equity_%,3.0576561287619676e-06,2046.4343731862753,1.2586929565025417e-06,2.5173859130050834e-08,"Method: equity_%, ATR: 1588949.86, Risk: 2046.43"
2024-01-08 04:00:00,EURUSD,550487.8847100884,438.81862392164595,equity_%,8.464384204956528e-06,2044.6933505764464,3.6331408111793227e-06,7.266281622358646e-08,"Method: equity_%, ATR: 550487.88, Risk: 2044.69"
2024-01-08 05:00:00,EURUSD,325412.24936037965,413.0030736348091,equity_%,1.521691488846116e-05,2045.0964373343552,6.146050137728801e-06,1.2292100275457605e-07,"Method: equity_%, ATR: 325412.25, Risk: 2045.10"
2024-01-08 06:00:00,EURUSD,832961.718706951,381.15882573951325,equity_%,6.433582808088792e-06,2042.6027773688338,2.4010707276016263e-06,4.8021414552032524e-08,"Method: equity_%, ATR: 832961.72, Risk: 2042.60"
2024-01-08 07:00:00,EURUSD,566353.7501696618,370.4858094581495,equity_%,9.72803246930671e-06,2041.194409118918,3.5313618024085883e-06,7.062723604817175e-08,"Method: equity_%, ATR: 566353.75, Risk: 2041.19"
2024-01-08 08:00:00,EURUSD,588885.7436315572,322.5908486016329,equity_%,1.0731756622598433e-05,2038.7027025703574,3.3962445544467483e-06,6.792489108893497e-08,"Method: equity_%, ATR: 588885.74, Risk: 2038.70"
2024-01-08 09:00:00,EURUSD,375302.62928900355,318.1584071443578,equity_%,1.7097230379860834e-05,2041.5065347170041,5.3290327429597905e-06,1.0658065485919583e-07,"Method: equity_%, ATR: 375302.63, Risk: 2041.51"
2024-01-08 10:00:00,EURUSD,447852.2132595185,324.981453274507,equity_%,1.4050443925483746e-05,2044.953077338878,4.465758883815213e-06,8.931517767630427e-08,"Method: equity_%, ATR: 447852.21, Risk: 2044.95"
2024-01-08 11:00:00,EURUSD,860405.3575937706,354.6894510556543,equity_%,6.700580314526513e-06,2044.861015075333,2.3244857581933774e-06,4.6489715163867556e-08,"Method: equity_%, ATR: 860405.36, Risk: 2044.86"
2024-01-08 12:00:00,EURUSD,867210.5569799402,289.18281106686766,equity_%,8.1469166689538e-06,2043.1032061141216,2.3062449873361762e-06,4.612489974672352e-08,"Method: equity_%, ATR: 867210.56, Risk: 2043.10"
2024-01-08 13:00:00,EURUSD,1183757.397948948,371.91104875653497,equity_%,4.639078987722229e-06,2042.3659148817894,1.689535375631295e-06,3.37907075126259e-08,"Method: equity_%, ATR: 1183757.40, Risk: 2042.37"
2024-01-08 14:00:00,EURUSD,752992.556771992,351.13383775765396,equity_%,7.732828435481715e-06,2044.5688568476241,2.6560687512952466e-06,5.3121375025904934e-08,"Method: equity_%, ATR: 752992.56, Risk: 2044.57"
2024-01-08 15:00:00,EURUSD,546964.5903030926,316.61243372118224,equity_%,1.1788236933196801e-05,2041.4372447354376,3.6565438338370834e-06,7.313087667674167e-08,"Method: equity_%, ATR: 546964.59, Risk: 2041.44"
2024-01-08 16:00:00,EURUSD,1903996.5744391487,344.09550703472956,equity_%,3.1144848951588144e-06,2040.4755423188556,1.0504220579226256e-06,2.1008441158452508e-08,"Method: equity_%, ATR: 1903996.57, Risk: 2040.48"
2024-01-08 17:00:00,EURUSD,604936.5983291483,378.9862687624623,equity_%,8.90747260192072e-06,2042.1509003488595,3.306131593829925e-06,6.612263187659851e-08,"Method: equity_%, ATR: 604936.60, Risk: 2042.15"
2024-01-08 18:00:00,EURUSD,485808.83337585477,372.33467167999993,equity_%,1.1285060702910608e-05,2041.280967025089,4.1168456861974426e-06,8.233691372394884e-08,"Method: equity_%, ATR: 485808.83, Risk: 2041.28"
2024-01-08 19:00:00,EURUSD,489384.9223457369,365.9442126435844,equity_%,1.1382409372392671e-05,2038.448150066541,4.086762604809176e-06,8.173525209618353e-08,"Method: equity_%, ATR: 489384.92, Risk: 2038.45"
2024-01-08 20:00:00,EURUSD,447457.76918276533,375.22693002860143,equity_%,1.2131976250811966e-05,2036.9370361950268,4.4696955506053456e-06,8.939391101210693e-08,"Method: equity_%, ATR: 447457.77, Risk: 2036.94"
2024-01-08 21:00:00,EURUSD,659706.8281582972,409.70121598454443,equity_%,7.530600646466833e-06,2035.3909977065107,3.0316496883674795e-06,6.063299376734959e-08,"Method: equity_%, ATR: 659706.83, Risk: 2035.39"
2024-01-08 22:00:00,EURUSD,1043168.2292951967,416.038874879964,equity_%,4.695871736473982e-06,2038.0014608762656,1.9172363036317495e-06,3.8344726072634997e-08,"Method: equity_%, ATR: 1043168.23, Risk: 2038.00"
2024-01-08 23:00:00,EURUSD,950951.575689229,392.20458837716467,equity_%,5.469376257922884e-06,2039.8999794970364,2.1031565130437303e-06,4.20631302608746e-08,"Method: equity_%, ATR: 950951.58, Risk: 2039.90"
2024-01-09 00:00:00,EURUSD,645561.3605496165,376.3131073403241,equity_%,8.399001739921328e-06,2040.3963826481888,3.0980788538788084e-06,6.196157707757617e-08,"Method: equity_%, ATR: 645561.36, Risk: 2040.40"
2024-01-09 01:00:00,EURUSD,948476.6337822691,439.5350950711463,equity_%,4.891668781242073e-06,2039.2817687520767,2.1086444607755272e-06,4.217288921551055e-08,"Method: equity_%, ATR: 948476.63, Risk: 2039.28"
2024-01-09 02:00:00,EURUSD,141142.45654840601,439.73630914831637,equity_%,3.293915105100386e-05,2044.3836577350157,1.4170080703633514e-05,2.8340161407267023e-07,"Method: equity_%, ATR: 141142.46, Risk: 2044.38"
2024-01-09 03:00:00,EURUSD,549688.1040923103,409.6132682041061,equity_%,9.069495615991248e-06,2042.08346827644,3.638426928126019e-06,7.276853856252038e-08,"Method: equity_%, ATR: 549688.10, Risk: 2042.08"
2024-01-09 04:00:00,EURUSD,1205312.971272545,466.5245779131304,equity_%,3.640020662303255e-06,2046.813194222173,1.659320066794304e-06,3.318640133588608e-08,"Method: equity_%, ATR: 1205312.97, Risk: 2046.81"
2024-01-09 05:00:00,EURUSD,958622.9229846862,500.1769505170187,equity_%,4.270460704063557e-06,2047.605154528303,2.086326074670707e-06,4.172652149341414e-08,"Method: equity_%, ATR: 958622.92, Risk: 2047.61"
2024-01-09 06:00:00,EURUSD,1416306.9632421765,525.0983898099377,equity_%,2.7546722116503415e-06,2048.6511173243553,1.4121232556970895e-06,2.824246511394179e-08,"Method: equity_%, ATR: 1416306.96, Risk: 2048.65"
2024-01-09 07:00:00,EURUSD,660854.5150286665,502.9299976511815,equity_%,6.178681797044042e-06,2053.5686762644073,3.026384710276579e-06,6.052769420553158e-08,"Method: equity_%, ATR: 660854.52, Risk: 2053.57"
2024-01-09 08:00:00,EURUSD,269032.44612705807,522.4308453070698,equity_%,1.461198590059974e-05,2053.727012876016,7.434047561146005e-06,1.486809512229201e-07,"Method: equity_%, ATR: 269032.45, Risk: 2053.73"
2024-01-09 09:00:00,EURUSD,600326.6391398234,501.2362992204762,equity_%,6.816855672406628e-06,2051.2293844788683,3.331519658807237e-06,6.663039317614474e-08,"Method: equity_%, ATR: 600326.64, Risk: 2051.23"
2024-01-09 10:00:00,EURUSD,1463703.3381837152,537.7180944241207,equity_%,2.6072941480578853e-06,2052.0963319983684,1.366397102353928e-06,2.732794204707856e-08,"Method: equity_%, ATR: 1463703.34, Risk: 2052.10"
2024-01-09 11:00:00,EURUSD,237397.2651872657,529.7962310650821,equity_%,1.631019297710668e-05,2051.368467604659,8.424696882764609e-06,1.6849393765529215e-07,"Method: equity_%, ATR: 237397.27, Risk: 2051.37"
2024-01-09 12:00:00,EURUSD,914844.2885128219,491.99655235515934,equity_%,4.5582538619475015e-06,2051.6711385096073,2.186164383505324e-06,4.372328767010649e-08,"Method: equity_%, ATR: 914844.29, Risk: 2051.67"
2024-01-09 13:00:00,EURUSD,1475886.8243202295,541.1514395871739,equity_%,2.5775507494581517e-06,2058.633798284285,1.3551174568694784e-06,2.710234913738957e-08,"Method: equity_%, ATR: 1475886.82, Risk: 2058.63"
2024-01-09 14:00:00,EURUSD,936830.1121041941,556.716031061835,equity_%,3.943930509138623e-06,2056.9504171756907,2.1348587904671877e-06,4.2697175809343754e-08,"Method: equity_%, ATR: 936830.11, Risk: 2056.95"
2024-01-09 15:00:00,EURUSD,606686.2345309516,536.4883893386547,equity_%,6.323029110407458e-06,2058.0202786611712,3.296596965886763e-06,6.593193931773526e-08,"Method: equity_%, ATR: 606686.23, Risk: 2058.02"
2024-01-09 16:00:00,EURUSD,1075718.5417928167,487.8760365991932,equity_%,3.933233884289401e-06,2064.2291821749045,1.8592223916367146e-06,3.7184447832734294e-08,"Method: equity_%, ATR: 1075718.54, Risk: 2064.23"
2024-01-09 17:00:00,EURUSD,910615.2287224637,507.4073107484213,equity_%,4.468390129966815e-06,2064.6322797711873,2.1963173214288046e-06,4.3926346428576096e-08,"Method: equity_%, ATR: 910615.23, Risk: 2064.63"
2024-01-09 18:00:00,EURUSD,749630.3665859005,476.09958835714247,equity_%,5.78030279715826e-06,2062.98260565488,2.6679815668470774e-06,5.335963133694155e-08,"Method: equity_%, ATR: 749630.37, Risk: 2062.98"
2024-01-09 19:00:00,EURUSD,561437.0669677089,462.9538037050355,equity_%,7.929188338267123e-06,2060.9500790995708,3.5622870623806355e-06,7.12457412476127e-08,"Method: equity_%, ATR: 561437.07, Risk: 2060.95"
2024-01-09 20:00:00,EURUSD,1152598.1741085132,424.7279246414967,equity_%,4.2071236381556985e-06,2059.557958139416,1.735210106112581e-06,3.470420212225161e-08,"Method: equity_%, ATR: 1152598.17, Risk: 2059.56"
2024-01-09 21:00:00,EURUSD,579491.3875265473,451.17346513911303,equity_%,7.870879266804047e-06,2057.8503360822115,3.4513023714409867e-06,6.902604742881973e-08,"Method: equity_%, ATR: 579491.39, Risk: 2057.85"
2024-01-09 22:00:00,EURUSD,952566.7407741321,388.88647705731165,equity_%,5.561118072402146e-06,2060.06238044068,2.0995904164936937e-06,4.199180832987387e-08,"Method: equity_%, ATR: 952566.74, Risk: 2060.06"
2024-01-09 23:00:00,EURUSD,727202.2717937671,406.27524522502785,equity_%,6.978634600343601e-06,2061.797683962273,2.750266435591108e-06,5.500532871182215e-08,"Method: equity_%, ATR: 727202.27, Risk: 2061.80"
2024-01-10 00:00:00,EURUSD,565823.6230098299,426.9604971985092,equity_%,8.53373434631421e-06,2061.616540593686,3.5346703790153614e-06,7.069340758030723e-08,"Method: equity_%, ATR: 565823.62, Risk: 2061.62"
2024-01-10 01:00:00,EURUSD,985900.4249791969,353.6130735986761,equity_%,5.9081874605860564e-06,2059.755321391346,2.0286024321799046e-06,4.057204864359808e-08,"Method: equity_%, ATR: 985900.42, Risk: 2059.76"
2024-01-10 02:00:00,EURUSD,1154744.304553609,411.83453565515737,equity_%,4.333895375908326e-06,2061.0428196687703,1.7319851607955256e-06,3.463970321591051e-08,"Method: equity_%, ATR: 1154744.30, Risk: 2061.04"
2024-01-10 03:00:00,EURUSD,1503600.2077329988,367.2634261115626,equity_%,3.7238519741905897e-06,2056.3757203469017,1.3301408111770823e-06,2.6602816223541644e-08,"Method: equity_%, ATR: 1503600.21, Risk: 2056.38"
2024-01-10 04:00:00,EURUSD,492912.1542463696,345.70711952008054,equity_%,1.2079058631554597e-05,2058.3107392989855,4.057518125228356e-06,8.115036250456712e-08,"Method: equity_%, ATR: 492912.15, Risk: 2058.31"
2024-01-10 05:00:00,EURUSD,755317.5735563975,352.5771250276997,equity_%,7.733437340885163e-06,2059.4739002664196,2.647892846691016e-06,5.295785693382033e-08,"Method: equity_%, ATR: 755317.57, Risk: 2059.47"
2024-01-10 06:00:00,EURUSD,569974.2348422904,358.1222272870506,equity_%,1.0076094076782844e-05,2056.7367814024,3.5089305406118786e-06,7.017861081223757e-08,"Method: equity_%, ATR: 569974.23, Risk: 2056.74"
2024-01-10 07:00:00,EURUSD,1535769.3343485084,383.8448869465634,equity_%,3.489180102979962e-06,2056.8619237483717,1.3022789003977761e-06,2.6045578007955524e-08,"Method: equity_%, ATR: 1535769.33, Risk: 2056.86"
2024-01-10 08:00:00,EURUSD,895176.3190319492,344.12192308148894,equity_%,6.67212063187554e-06,2055.3454022207306,2.2341967246886243e-06,4.4683934493772494e-08,"Method: equity_%, ATR: 895176.32, Risk: 2055.35"
2024-01-10 09:00:00,EURUSD,1391936.5501303452,305.110136576027,equity_%,4.841013509892582e-06,2055.9491539512705,1.4368471032768799e-06,2.87369420655376e-08,"Method: equity_%, ATR: 1391936.55, Risk: 2055.95"
2024-01-10 10:00:00,EURUSD,874866.1053465821,317.4769108486616,equity_%,7.4008593705697105e-06,2055.587125128089,2.2860641048697286e-06,4.572128209739456e-08,"Method: equity_%, ATR: 874866.11, Risk: 2055.59"
2024-01-10 11:00:00,EURUSD,617272.9020999634,288.5100683395034,equity_%,1.1542481679706631e-05,2055.59418129708,3.240057992495697e-06,6.480115984991394e-08,"Method: equity_%, ATR: 617272.90, Risk: 2055.59"
2024-01-10 12:00:00,EURUSD,677373.6160002474,266.061802366727,equity_%,1.1403031919937194e-05,2055.091417145213,2.952580308352709e-06,5.905160616705418e-08,"Method: equity_%, ATR: 677373.62, Risk: 2055.09"
2024-01-10 13:00:00,EURUSD,920230.1046173824,203.14522196810574,equity_%,1.1022641313571613e-05,2060.5764125643664,2.1733694539710473e-06,4.346738907942094e-08,"Method: equity_%, ATR: 920230.10, Risk: 2060.58"
2024-01-10 14:00:00,EURUSD,965641.556376407,184.04447278451454,equity_%,1.1594002008649841e-05,2060.497528280909,2.0711618993542988e-06,4.142323798708597e-08,"Method: equity_%, ATR: 965641.56, Risk: 2060.50"
2024-01-10 15:00:00,EURUSD,724918.0034755634,187.49947809789478,equity_%,1.51472404775074e-05,2058.839392709905,2.7589327212335113e-06,5.517865442467023e-08,"Method: equity_%, ATR: 724918.00, Risk: 2058.84"
2024-01-10 16:00:00,EURUSD,828517.2107670644,187.971847630685,equity_%,1.3216996769576089e-05,2058.387465288387,2.4139510610145854e-06,4.8279021220291705e-08,"Method: equity_%, ATR: 828517.21, Risk: 2058.39"
2024-01-10 17:00:00,EURUSD,595982.8714645954,209.01528582630135,equity_%,1.6514745941316326e-05,2057.234143723938,3.355801140870222e-06,6.711602281740443e-08,"Method: equity_%, ATR: 595982.87, Risk: 2057.23"
2024-01-10 18:00:00,EURUSD,1039264.8843165137,280.63362947865403,equity_%,7.052490546085589e-06,2056.8777435837173,1.9244371961199543e-06,3.848874392239909e-08,"Method: equity_%, ATR: 1039264.88, Risk: 2056.88"
2024-01-10 19:00:00,EURUSD,986445.7808223184,287.34744694932635,equity_%,7.252173848352734e-06,2055.648089015167,2.0274809207788035e-06,4.054961841557607e-08,"Method: equity_%, ATR: 986445.78, Risk: 2055.65"
2024-01-10 20:00:00,EURUSD,2625592.260204074,347.4769217787243,equity_%,2.2514076673342766e-06,2054.0328729118473,7.617328974928309e-07,1.5234657949856616e-08,"Method: equity_%, ATR: 2625592.26, Risk: 2054.03"
2024-01-10 21:00:00,EURUSD,603704.8112862913,363.8334509870986,equity_%,9.350104420329212e-06,2053.73178123097,3.3128773576256156e-06,6.62575471525123e-08,"Method: equity_%, ATR: 603704.81, Risk: 2053.73"
2024-01-10 22:00:00,EURUSD,933613.6819059533,305.45576491405666,equity_%,7.199776139634597e-06,2053.215465673895,2.1422136786995678e-06,4.2844273573991355e-08,"Method: equity_%, ATR: 933613.68, Risk: 2053.22"
2024-01-10 23:00:00,EURUSD,558882.4701201321,287.8180029764086,equity_%,1.2770464426514622e-05,2054.2113994414635,3.578569926464322e-06,7.157139852928644e-08,"Method: equity_%, ATR: 558882.47, Risk: 2054.21"
2024-01-11 00:00:00,EURUSD,695838.3048907465,247.53959415695306,equity_%,1.19188295277949e-05,2052.988965622764,2.8742309613352196e-06,5.748461922670439e-08,"Method: equity_%, ATR: 695838.30, Risk: 2052.99"
2024-01-11 01:00:00,EURUSD,632289.4339632338,224.7749917601673,equity_%,1.4420043304463806e-05,2049.4176848515212,3.1631083686846734e-06,6.326216737369346e-08,"Method: equity_%, ATR: 632289.43, Risk: 2049.42"
2024-01-11 02:00:00,EURUSD,972918.322688769,198.74431090782346,equity_%,1.0592940047335246e-05,2048.2718786538267,2.0556710192000244e-06,4.111342038400049e-08,"Method: equity_%, ATR: 972918.32, Risk: 2048.27"
2024-01-11 03:00:00,EURUSD,1031079.573869057,248.2699941935332,equity_%,7.988294786586904e-06,2044.892586377077,1.9397144999150107e-06,3.879428999830021e-08,"Method: equity_%, ATR: 1031079.57, Risk: 2044.89"
2024-01-11 04:00:00,EURUSD,880240.1250478496,194.72590680479408,equity_%,1.194616816072402e-05,2047.6396022993667,2.272107284238242e-06,4.544214568476485e-08,"Method: equity_%, ATR: 880240.13, Risk: 2047.64"
2024-01-11 05:00:00,EURUSD,221758.43689667745,173.55677584572072,equity_%,5.311096809154173e-05,2044.1179085143206,9.018822589067255e-06,1.8037645178134511e-07,"Method: equity_%, ATR: 221758.44, Risk: 2044.12"
2024-01-11 06:00:00,EURUSD,661518.0908134787,150.6005547931671,equity_%,2.04972198395119e-05,2042.0353519206992,3.0233489118046186e-06,6.046697823609238e-08,"Method: equity_%, ATR: 661518.09, Risk: 2042.04"
2024-01-11 07:00:00,EURUSD,447180.98527373315,181.79309456987272,equity_%,2.5104945359100977e-05,2040.891850233287,4.472462081042508e-06,8.944924162085016e-08,"Method: equity_%, ATR: 447180.99, Risk: 2040.89"
2024-01-11 08:00:00,EURUSD,988912.630020028,154.17894485000483,equity_%,1.3396828203880329e-05,2042.6077761404288,2.022423356004155e-06,4.04484671200831e-08,"Method: equity_%, ATR: 988912.63, Risk: 2042.61"
2024-01-11 09:00:00,EURUSD,405326.5622731581,154.39033616051822,equity_%,3.2605420454135216e-05,2040.3984409668562,4.934292953275927e-06,9.868585906551856e-08,"Method: equity_%, ATR: 405326.56, Risk: 2040.40"
2024-01-11 10:00:00,EURUSD,503073.63584024186,138.5683107948793,equity_%,2.929183450681858e-05,2041.935655916296,3.975561145555893e-06,7.951122291111786e-08,"Method: equity_%, ATR: 503073.64, Risk: 2041.94"
2024-01-11 11:00:00,EURUSD,1504968.200204245,154.87057729149439,equity_%,8.774742062116093e-06,2045.1755856471677,1.3289317340582825e-06,2.657863468116565e-08,"Method: equity_%, ATR: 1504968.20, Risk: 2045.18"
2024-01-11 12:00:00,EURUSD,537786.5040778781,179.0145465380234,equity_%,2.1260699149206587e-05,2046.8016764769989,3.718947918615629e-06,7.437895837231258e-08,"Method: equity_%, ATR: 537786.50, Risk: 2046.80"
2024-01-11 13:00:00,EURUSD,1140839.2530435733,113.30045388408273,equity_%,1.583944221908972e-05,2047.368368604581,1.7530953591089418e-06,3.5061907182178834e-08,"Method: equity_%, ATR: 1140839.25, Risk: 2047.37"
2024-01-11 14:00:00,EURUSD,1550682.6639498428,29.785509836634148,equity_%,4.4349502653821024e-05,2048.4092290320295,1.2897545361767778e-06,2.579509072353556e-08,"Method: equity_%, ATR: 1550682.66, Risk: 2048.41"
2024-01-11 15:00:00,EURUSD,548855.6657955013,70.71964565361938,equity_%,5.287926293702789e-05,2052.502150208584,3.6439452567210667e-06,7.287890513442134e-08,"Method: equity_%, ATR: 548855.67, Risk: 2052.50"
2024-01-11 16:00:00,EURUSD,277759.42740299867,47.73575596898503,equity_%,0.00015463957188734988,2050.3747812943957,7.200475673137882e-06,1.4400951346275767e-07,"Method: equity_%, ATR: 277759.43, Risk: 2050.37"
2024-01-11 17:00:00,EURUSD,498151.5974147887,17.999060905044725,equity_%,0.00022896432202116818,2052.953857607347,4.014842088993019e-06,8.029684177986039e-08,"Method: equity_%, ATR: 498151.60, Risk: 2052.95"
2024-01-11 18:00:00,EURUSD,199432.3417879302,5.102367103631035,equity_%,0.002021468448828778,2056.9998404638636,1.0028463698865522e-05,2.0056927397731044e-07,"Method: equity_%, ATR: 199432.34, Risk: 2057.00"
2024-01-11 19:00:00,EURUSD,652113.1713572035,-35.195307221242984,equity_%,-8.95647846953568e-05,2055.6303395948416,3.066952314178108e-06,6.133904628356216e-08,"Method: equity_%, ATR: 652113.17, Risk: 2055.63"
2024-01-11 20:00:00,EURUSD,228973.02139407018,-40.29771682779,equity_%,-0.0002226228100976582,2054.1606997797558,8.73465348809777e-06,1.746930697619554e-07,"Method: equity_%, ATR: 228973.02, Risk: 2054.16"
2024-01-11 21:00:00,EURUSD,423411.7766886919,-62.78031943001301,equity_%,-7.720869683073151e-05,2052.355911337065,4.723534181408643e-06,9.447068362817288e-08,"Method: equity_%, ATR: 423411.78, Risk: 2052.36"
2024-01-11 22:00:00,EURUSD,295417.75299621315,-74.21531157316295,equity_%,-9.363556379979185e-05,2052.914845816017,6.770073835155185e-06,1.354014767031037e-07,"Method: equity_%, ATR: 295417.75, Risk: 2052.91"
2024-01-11 23:00:00,EURUSD,653922.5021868051,-36.077058449843015,equity_%,-8.707366068660847e-05,2054.20700245503,3.0584663982532026e-06,6.116932796506406e-08,"Method: equity_%, ATR: 653922.50, Risk: 2054.21"
2024-01-12 00:00:00,EURUSD,889044.0867023852,-9.309554228524988,equity_%,-0.0002482593622739046,2054.744464772025,2.2496072241122916e-06,4.499214448224583e-08,"Method: equity_%, ATR: 889044.09, Risk: 2054.74"
2024-01-12 01:00:00,EURUSD,1835805.0785194726,-74.23431229536251,equity_%,-1.5060196351199224e-05,2052.399455022066,1.0894402806712718e-06,2.1788805613425437e-08,"Method: equity_%, ATR: 1835805.08, Risk: 2052.40"
2024-01-12 02:00:00,EURUSD,223714.7559950641,-61.326559480628866,equity_%,-0.00014969014010399114,2053.697272262484,8.939955664096322e-06,1.7879911328192644e-07,"Method: equity_%, ATR: 223714.76, Risk: 2053.70"
2024-01-12 03:00:00,EURUSD,602081.950100901,-86.45106958066359,equity_%,-3.9427879094827275e-05,2052.245889730007,3.32180693951185e-06,6.643613879023699e-08,"Method: equity_%, ATR: 602081.95, Risk: 2052.25"
2024-01-12 04:00:00,EURUSD,692580.427141271,-80.57273723361449,equity_%,-3.6772345457379336e-05,2052.0108990779036,2.887751258370524e-06,5.775502516741047e-08,"Method: equity_%, ATR: 692580.43, Risk: 2052.01"
2024-01-12 05:00:00,EURUSD,251142.59003473306,-74.92237956930715,equity_%,-0.0001089530270582736,2050.081997481967,7.963603464165118e-06,1.5927206928330233e-07,"Method: equity_%, ATR: 251142.59, Risk: 2050.08"
2024-01-12 06:00:00,EURUSD,532010.5558758284,-34.86144012338759,equity_%,-0.00011051852488028474,2049.748856871226,3.759323904217422e-06,7.518647808434845e-08,"Method: equity_%, ATR: 532010.56, Risk: 2049.75"
2024-01-12 07:00:00,EURUSD,721788.7809932446,-81.30111034443556,equity_%,-3.490819033533841e-05,2048.490430715478,2.7708937194172296e-06,5.54178743883446e-08,"Method: equity_%, ATR: 721788.78, Risk: 2048.49"
2024-01-12 08:00:00,EURUSD,366361.7148090944,-50.03934626652563,equity_%,-0.0001116182987110978,2046.2425399382723,5.459085704526113e-06,1.0918171409052225e-07,"Method: equity_%, ATR: 366361.71, Risk: 2046.24"
2024-01-12 09:00:00,EURUSD,204940.52334025697,-33.51795373282482,equity_%,-0.00029750997025412455,2043.6516138814552,9.758928919486833e-06,1.9517857838973668e-07,"Method: equity_%, ATR: 204940.52, Risk: 2043.65"
2024-01-12 10:00:00,EURUSD,407887.0490457702,-34.85071968449232,equity_%,-0.00014359926191840898,2041.2860832994213,4.9033182217451925e-06,9.806636443490386e-08,"Method: equity_%, ATR: 407887.05, Risk: 2041.29"
2024-01-12 11:00:00,EURUSD,1096356.321869122,48.029926082098484,equity_%,3.874776580827725e-05,2040.3764847132604,1.8242244424607336e-06,3.648448884921467e-08,"Method: equity_%, ATR: 1096356.32, Risk: 2040.38"
2024-01-12 12:00:00,EURUSD,397187.88626897556,64.12446361870573,equity_%,8.009427623600222e-05,2039.9579778648058,5.0354002957824365e-06,1.0070800591564871e-07,"Method: equity_%, ATR: 397187.89, Risk: 2039.96"
2024-01-12 13:00:00,EURUSD,290035.6889331439,76.89505105926112,equity_%,9.145970954381962e-05,2039.7627133133717,6.895703102458607e-06,1.3791406204917213e-07,"Method: equity_%, ATR: 290035.69, Risk: 2039.76"
2024-01-12 14:00:00,EURUSD,120466.73394462658,82.48845703166918,equity_%,0.0002055108923145259,2042.185372066557,1.660209366113731e-05,3.320418732227462e-07,"Method: equity_%, ATR: 120466.73, Risk: 2042.19"
2024-01-12 15:00:00,EURUSD,486480.20726138545,87.86585969765609,equity_%,4.773534937504626e-05,2040.447587175088,4.111164175124193e-06,8.222328350248385e-08,"Method: equity_%, ATR: 486480.21, Risk: 2040.45"
2024-01-12 16:00:00,EURUSD,2100130.1128868186,-17.439841657078816,equity_%,-5.573741942140728e-05,2041.4351915372308,9.523219479248452e-07,1.9046438958496903e-08,"Method: equity_%, ATR: 2100130.11, Risk: 2041.44"
2024-01-12 17:00:00,EURUSD,1059242.143724615,51.29852539956286,equity_%,3.754625442727172e-05,2040.1718532482187,1.8881423967586834e-06,3.776284793517367e-08,"Method: equity_%, ATR: 1059242.14, Risk: 2040.17"
2024-01-12 18:00:00,EURUSD,1656393.2042955772,-31.255849860601003,equity_%,-3.9408328291667024e-05,2040.2470778883082,1.2074427707221547e-06,2.4148855414443093e-08,"Method: equity_%, ATR: 1656393.20, Risk: 2040.25"
2024-01-12 19:00:00,EURUSD,1027903.9852504849,56.18666894052528,equity_%,3.534364558612696e-05,2041.254611587827,1.9457070200118253e-06,3.8914140400236506e-08,"Method: equity_%, ATR: 1027903.99, Risk: 2041.25"
2024-01-12 20:00:00,EURUSD,1068827.7594626371,3.8315261782652783,equity_%,0.0004984365447751359,2041.2180434353813,1.871208884961519e-06,3.742417769923038e-08,"Method: equity_%, ATR: 1068827.76, Risk: 2041.22"
2024-01-12 21:00:00,EURUSD,711537.0929303865,-11.55351252588759,equity_%,-0.0002484048760292888,2042.0750592369463,2.8108162172729772e-06,5.6216324345459545e-08,"Method: equity_%, ATR: 711537.09, Risk: 2042.08"
2024-01-12 22:00:00,EURUSD,840651.1173601873,-8.620161460923649,equity_%,-0.000282169642865932,2044.7559638666703,2.3791082396706974e-06,4.758216479341395e-08,"Method: equity_%, ATR: 840651.12, Risk: 2044.76"
2024-01-12 23:00:00,EURUSD,809070.5393009402,-59.48260531831814,equity_%,-4.2475187419586966e-05,2044.14488056185,2.4719723470935632e-06,4.943944694187126e-08,"Method: equity_%, ATR: 809070.54, Risk: 2044.14"
2024-01-13 00:00:00,EURUSD,1382656.8844446212,15.405766750199284,equity_%,9.599437833409363e-05,2044.765641417826,1.4464904652055815e-06,2.892980930411163e-08,"Method: equity_%, ATR: 1382656.88, Risk: 2044.77"
2024-01-13 01:00:00,EURUSD,2395993.8431784054,-148.86121781303248,equity_%,-5.72779992275506e-06,2042.937613853009,8.347266858360957e-07,1.669453371672191e-08,"Method: equity_%, ATR: 2395993.84, Risk: 2042.94"
2024-01-13 02:00:00,EURUSD,733753.9086915615,-180.7130104230776,equity_%,-1.538235324061134e-05,2039.682776849173,2.7257095005686896e-06,5.451419001137379e-08,"Method: equity_%, ATR: 733753.91, Risk: 2039.68"
2024-01-13 03:00:00,EURUSD,3551120.3241636488,-317.4025204038908,equity_%,-1.8077901673090807e-06,2037.622740720022,5.632025438256686e-07,1.1264050876513373e-08,"Method: equity_%, ATR: 3551120.32, Risk: 2037.62"
2024-01-13 04:00:00,EURUSD,1196810.0097148544,-348.03248980878317,equity_%,-4.8943224991012665e-06,2038.6261183428787,1.6711090179438837e-06,3.342218035887767e-08,"Method: equity_%, ATR: 1196810.01, Risk: 2038.63"
2024-01-13 05:00:00,EURUSD,479869.67351132137,-324.0016791921442,equity_%,-1.3118607346029277e-05,2039.6624418832155,4.167798280240384e-06,8.335596560480768e-08,"Method: equity_%, ATR: 479869.67, Risk: 2039.66"
2024-01-13 06:00:00,EURUSD,616568.4697808365,-344.43848707365197,equity_%,-9.612654730773902e-06,2041.438628769855,3.243759773688904e-06,6.487519547377808e-08,"Method: equity_%, ATR: 616568.47, Risk: 2041.44"
2024-01-13 07:00:00,EURUSD,537375.1950232344,-315.8750852094519,equity_%,-1.2016828295657436e-05,2039.777718927716,3.721794415749924e-06,7.443588831499849e-08,"Method: equity_%, ATR: 537375.20, Risk: 2039.78"
2024-01-13 08:00:00,EURUSD,346143.88929804874,-309.92005585769357,equity_%,-1.9029947197251165e-05,2041.4743801031666,5.77794397600326e-06,1.155588795200652e-07,"Method: equity_%, ATR: 346143.89, Risk: 2041.47"
2024-01-13 09:00:00,EURUSD,497526.4333850714,-284.4520952769141,equity_%,-1.441001308733442e-05,2039.3401611370575,4.0198869161431196e-06,8.03977383228624e-08,"Method: equity_%, ATR: 497526.43, Risk: 2039.34"
2024-01-13 10:00:00,EURUSD,385299.26889190904,-275.5989443915101,equity_%,-1.918696191619487e-05,2037.4264892244785,5.1907702959101e-06,1.03815405918202e-07,"Method: equity_%, ATR: 385299.27, Risk: 2037.43"
2024-01-13 11:00:00,EURUSD,1181505.2363954722,-251.75013938547264,equity_%,-6.845732389029268e-06,2036.2227637002425,1.6927559340334247e-06,3.3855118680668495e-08,"Method: equity_%, ATR: 1181505.24, Risk: 2036.22"
2024-01-13 12:00:00,EURUSD,763506.4798621146,-229.8573065991185,equity_%,-1.1602956795895344e-05,2036.2904095870058,2.6194931578854304e-06,5.2389863157708615e-08,"Method: equity_%, ATR: 763506.48, Risk: 2036.29"
2024-01-13 13:00:00,EURUSD,576685.2477362326,-219.20884051308903,equity_%,-1.610984585239633e-05,2036.51818095797,3.4680963451917035e-06,6.936192690383408e-08,"Method: equity_%, ATR: 576685.25, Risk: 2036.52"
2024-01-13 14:00:00,EURUSD,597469.8042826194,-252.5189602423016,equity_%,-1.3519733158067382e-05,2039.7553156517833,3.347449503998609e-06,6.694899007997218e-08,"Method: equity_%, ATR: 597469.80, Risk: 2039.76"
2024-01-13 15:00:00,EURUSD,1696545.1324387288,-210.8994568089852,equity_%,-5.692483637796521e-06,2036.7731894792169,1.178866368927695e-06,2.3577327378553902e-08,"Method: equity_%, ATR: 1696545.13, Risk: 2036.77"
2024-01-13 16:00:00,EURUSD,557452.9879155753,-214.17328770007038,equity_%,-1.7072007030956433e-05,2038.253195978046,3.5877464886830864e-06,7.175492977366173e-08,"Method: equity_%, ATR: 557452.99, Risk: 2038.25"
2024-01-13 17:00:00,EURUSD,1225393.2692464013,-147.90632749688285,equity_%,-1.1250962218662898e-05,2039.1628504778978,1.6321290888352688e-06,3.2642581776705375e-08,"Method: equity_%, ATR: 1225393.27, Risk: 2039.16"
2024-01-13 18:00:00,EURUSD,1340641.5435398782,-184.77384268846157,equity_%,-8.220174602669053e-06,2036.2645768537757,1.4918230824916316e-06,2.9836461649832634e-08,"Method: equity_%, ATR: 1340641.54, Risk: 2036.26"
2024-01-13 19:00:00,EURUSD,704559.4333628506,-198.23395318566565,equity_%,-1.4590445478520579e-05,2037.8125281539424,2.838653355975993e-06,5.677306711951986e-08,"Method: equity_%, ATR: 704559.43, Risk: 2037.81"
2024-01-13 20:00:00,EURUSD,1786130.4663167407,-146.86911390445565,equity_%,-7.771057293311958e-06,2038.561246501632,1.1197390323475581e-06,2.239478064695116e-08,"Method: equity_%, ATR: 1786130.47, Risk: 2038.56"
2024-01-13 21:00:00,EURUSD,523733.3646466449,-129.60429217685947,equity_%,-3.0077389669171388e-05,2041.5958235179858,3.818737042558612e-06,7.637474085117224e-08,"Method: equity_%, ATR: 523733.36, Risk: 2041.60"
2024-01-13 22:00:00,EURUSD,726700.2769732672,-87.04193658432834,equity_%,-3.2268901161286655e-05,2041.1176941323456,2.7521662828175494e-06,5.504332565635099e-08,"Method: equity_%, ATR: 726700.28, Risk: 2041.12"
2024-01-13 23:00:00,EURUSD,1506843.5321240423,-31.867320710289377,equity_%,-4.247674682294467e-05,2039.6937133369206,1.3272778210626858e-06,2.654555642125372e-08,"Method: equity_%, ATR: 1506843.53, Risk: 2039.69"
2024-01-14 00:00:00,EURUSD,595665.3892011815,-42.05864507248228,equity_%,-8.158627140149003e-05,2043.9710006882915,3.357589741250713e-06,6.715179482501426e-08,"Method: equity_%, ATR: 595665.39, Risk: 2043.97"
2024-01-14 01:00:00,EURUSD,842651.0805264604,19.206516557968826,equity_%,0.0001259736732101643,2038.8073001859661,2.3734616215651995e-06,4.746923243130399e-08,"Method: equity_%, ATR: 842651.08, Risk: 2038.81"
2024-01-14 02:00:00,EURUSD,826619.7570538126,37.42886809485503,equity_%,6.587419748178776e-05,2038.1109024933216,2.419492133999165e-06,4.83898426799833e-08,"Method: equity_%, ATR: 826619.76, Risk: 2038.11"
2024-01-14 03:00:00,EURUSD,367230.960540344,12.224425803822626,equity_%,0.00045328157203778605,2034.8660260953338,5.446163899299771e-06,1.0892327798599544e-07,"Method: equity_%, ATR: 367230.96, Risk: 2034.87"
2024-01-14 04:00:00,EURUSD,810631.7762160593,-38.47981371395681,equity_%,-6.517168467409799e-05,2032.8977361885247,2.467211449982607e-06,4.9344228999652146e-08,"Method: equity_%, ATR: 810631.78, Risk: 2032.90"
2024-01-14 05:00:00,EURUSD,879607.6358552818,-4.000675043434491,equity_%,-0.0005785615540048757,2035.9721772975527,2.2737410618943873e-06,4.547482123788775e-08,"Method: equity_%, ATR: 879607.64, Risk: 2035.97"
2024-01-14 06:00:00,EURUSD,606709.1229639851,31.576540318354645,equity_%,0.00010614285178157506,2033.4608810768914,3.296472599965704e-06,6.59294519993141e-08,"Method: equity_%, ATR: 606709.12, Risk: 2033.46"
2024-01-14 07:00:00,EURUSD,478061.91890756617,11.913063871269898,equity_%,0.0003565689809693048,2030.7253043488356,4.183558490854617e-06,8.367116981709234e-08,"Method: equity_%, ATR: 478061.92, Risk: 2030.73"
2024-01-14 08:00:00,EURUSD,729965.8178736692,-4.957905216644498,equity_%,-0.000563502082349306,2039.3711392990824,2.7398543206116646e-06,5.4797086412233285e-08,"Method: equity_%, ATR: 729965.82, Risk: 2039.37"
2024-01-14 09:00:00,EURUSD,1558549.542060315,48.62358369251037,equity_%,2.6876912380578584e-05,2036.793272144822,1.2832444179837315e-06,2.5664888359674633e-08,"Method: equity_%, ATR: 1558549.54, Risk: 2036.79"
2024-01-14 10:00:00,EURUSD,481831.2276450276,72.36072580917865,equity_%,5.860336474793782e-05,2043.2448348540856,4.15083100731161e-06,8.30166201462322e-08,"Method: equity_%, ATR: 481831.23, Risk: 2043.24"
2024-01-14 11:00:00,EURUSD,710318.4539279754,80.12968134895418,equity_%,3.588322138137002e-05,2042.3865316072167,2.8156385195122574e-06,5.631277039024515e-08,"Method: equity_%, ATR: 710318.45, Risk: 2042.39"
2024-01-14 12:00:00,EURUSD,1264749.2852127366,54.02552267523555,equity_%,2.987028960985571e-05,2040.9992879250583,1.5813410795196387e-06,3.162682159039277e-08,"Method: equity_%, ATR: 1264749.29, Risk: 2041.00"
2024-01-14 13:00:00,EURUSD,468741.0012502101,70.09064461211105,equity_%,6.213024797187025e-05,2041.2494675109406,4.2667485768594345e-06,8.533497153718868e-08,"Method: equity_%, ATR: 468741.00, Risk: 2041.25"
2024-01-14 14:00:00,EURUSD,1038508.8977327391,77.38470054317003,equity_%,2.5417308308704563e-05,2042.6543586242572,1.9258380976478653e-06,3.85167619529573e-08,"Method: equity_%, ATR: 1038508.90, Risk: 2042.65"
2024-01-14 15:00:00,EURUSD,504264.14942354243,73.26662414408644,equity_%,5.522519521196892e-05,2040.3352567110946,3.966175272000462e-06,7.932350544000923e-08,"Method: equity_%, ATR: 504264.15, Risk: 2040.34"
2024-01-14 16:00:00,EURUSD,856994.610268492,70.72464893148555,equity_%,3.364045954429994e-05,2038.9698820265019,2.333736964078934e-06,4.667473928157869e-08,"Method: equity_%, ATR: 856994.61, Risk: 2038.97"
2024-01-14 17:00:00,EURUSD,626286.0983246914,47.78399235902626,equity_%,6.815509949550704e-05,2039.6401866285282,3.193428698720885e-06,6.38685739744177e-08,"Method: equity_%, ATR: 626286.10, Risk: 2039.64"
2024-01-14 18:00:00,EURUSD,722722.6764664786,100.21446197370136,equity_%,2.8193860319497404e-05,2042.0041695658092,2.7673131965062455e-06,5.534626393012491e-08,"Method: equity_%, ATR: 722722.68, Risk: 2042.00"
2024-01-14 19:00:00,EURUSD,766855.8517204353,143.05322739872128,equity_%,1.8658044199915148e-05,2046.8099230577334,2.6080520811219153e-06,5.2161041622438306e-08,"Method: equity_%, ATR: 766855.85, Risk: 2046.81"
2024-01-14 20:00:00,EURUSD,2697607.20160712,-92.34461773810804,equity_%,-8.217199837826836e-06,2046.9825909893812,7.413977834906746e-07,1.482795566981349e-08,"Method: equity_%, ATR: 2697607.20, Risk: 2046.98"
2024-01-14 21:00:00,EURUSD,894010.1621632933,-136.51570440204287,equity_%,-1.6789470833867782e-05,2049.0949270031047,2.2371110359198516e-06,4.474222071839703e-08,"Method: equity_%, ATR: 894010.16, Risk: 2049.09"
2024-01-14 22:00:00,EURUSD,492581.0168328255,-181.09136689301408,equity_%,-2.2994179412787477e-05,2051.130692799606,4.060245790346342e-06,8.120491580692684e-08,"Method: equity_%, ATR: 492581.02, Risk: 2051.13"
2024-01-14 23:00:00,EURUSD,879131.1968638104,-195.22858971533978,equity_%,-1.1949221948659144e-05,2050.8634095221023,2.274973299929234e-06,4.549946599858468e-08,"Method: equity_%, ATR: 879131.20, Risk: 2050.86"
2024-01-15 00:00:00,EURUSD,1163076.9250964446,-127.6231076011126,equity_%,-1.3815738877732e-05,2050.7459915801264,1.7195767165909137e-06,3.439153433181827e-08,"Method: equity_%, ATR: 1163076.93, Risk: 2050.75"
2024-01-15 01:00:00,EURUSD,961110.7122335392,-170.7396790716057,equity_%,-1.2491990092555867e-05,2049.9322583025364,2.0809257191111422e-06,4.1618514382222844e-08,"Method: equity_%, ATR: 961110.71, Risk: 2049.93"
2024-01-15 02:00:00,EURUSD,626294.4368414142,-149.19025866967684,equity_%,-2.1982468203190218e-05,2053.9765197789393,3.193386181245013e-06,6.386772362490027e-08,"Method: equity_%, ATR: 626294.44, Risk: 2053.98"
2024-01-15 03:00:00,EURUSD,727404.8986159258,-150.8452755828047,equity_%,-1.8739362427907165e-05,2056.1876434505284,2.749500317918552e-06,5.499000635837104e-08,"Method: equity_%, ATR: 727404.90, Risk: 2056.19"
2024-01-15 04:00:00,EURUSD,1117535.8324467507,-179.05639388102952,equity_%,-1.0295013744965436e-05,2060.052183477964,1.7896517873804263e-06,3.579303574760853e-08,"Method: equity_%, ATR: 1117535.83, Risk: 2060.05"
2024-01-15 05:00:00,EURUSD,825758.1277648206,-116.29171298377335,equity_%,-2.1497562174703397e-05,2064.385683038836,2.4220167295399702e-06,4.844033459079941e-08,"Method: equity_%, ATR: 825758.13, Risk: 2064.39"
2024-01-15 06:00:00,EURUSD,562526.6491546587,-144.10270258788654,equity_%,-2.5467398862940135e-05,2064.4283650611765,3.5553871145580667e-06,7.110774229116134e-08,"Method: equity_%, ATR: 562526.65, Risk: 2064.43"
2024-01-15 07:00:00,EURUSD,286906.5495002485,-151.10960963589616,equity_%,-4.762109391681878e-05,2064.580939547528,6.970910923726639e-06,1.3941821847453277e-07,"Method: equity_%, ATR: 286906.55, Risk: 2064.58"
2024-01-15 08:00:00,EURUSD,315148.41628685134,-171.16226401053675,equity_%,-3.8246050290855274e-05,2063.0499501847385,6.3462162480917565e-06,1.2692432496183512e-07,"Method: equity_%, ATR: 315148.42, Risk: 2063.05"
2024-01-15 09:00:00,EURUSD,973071.903497297,-111.82063721676965,equity_%,-1.8947095934160796e-05,2061.6244198030085,2.0553465708051406e-06,4.110693141610281e-08,"Method: equity_%, ATR: 973071.90, Risk: 2061.62"
2024-01-15 10:00:00,EURUSD,479450.74605744664,-96.04713899349377,equity_%,-4.4783826434067496e-05,2062.2894949824945,4.171439958006374e-06,8.342879916012749e-08,"Method: equity_%, ATR: 479450.75, Risk: 2062.29"
2024-01-15 11:00:00,EURUSD,576763.9856227037,-123.56951472314775,equity_%,-2.901708225522744e-05,2068.06038852795,3.4676228923009094e-06,6.935245784601819e-08,"Method: equity_%, ATR: 576763.99, Risk: 2068.06"
2024-01-15 12:00:00,EURUSD,1011819.7263292128,-63.751845689319524,equity_%,-3.199328886910018e-05,2063.739097851425,1.9766366952103345e-06,3.9532733904206683e-08,"Method: equity_%, ATR: 1011819.73, Risk: 2063.74"
2024-01-15 13:00:00,EURUSD,600189.7454807513,-41.998585154716864,equity_%,-8.181368169475938e-05,2062.287303130548,3.3322795250325426e-06,6.664559050065084e-08,"Method: equity_%, ATR: 600189.75, Risk: 2062.29"
2024-01-15 14:00:00,EURUSD,531021.3006438559,-19.52269551145631,equity_%,-0.00019887424178196783,2061.7227340341697,3.766327259518644e-06,7.532654519037287e-08,"Method: equity_%, ATR: 531021.30, Risk: 2061.72"
2024-01-15 15:00:00,EURUSD,822049.4155626294,-64.00852956971944,equity_%,-3.914624269677354e-05,2059.803822341049,2.4329437648601145e-06,4.865887529720229e-08,"Method: equity_%, ATR: 822049.42, Risk: 2059.80"
2024-01-15 16:00:00,EURUSD,463216.3004381594,-92.14695834769414,equity_%,-4.823441005685217e-05,2058.836263408504,4.317637350214548e-06,8.635274700429095e-08,"Method: equity_%, ATR: 463216.30, Risk: 2058.84"
2024-01-15 17:00:00,EURUSD,554854.3806272482,-55.341571331592846,equity_%,-6.705250525084341e-05,2058.9486432191943,3.6045493553444654e-06,7.20909871068893e-08,"Method: equity_%, ATR: 554854.38, Risk: 2058.95"
2024-01-15 18:00:00,EURUSD,95908.0696863834,-53.046254974003965,equity_%,-0.0004050505782579738,2060.7207071729517,2.085330261092671e-05,4.170660522185341e-07,"Method: equity_%, ATR: 95908.07, Risk: 2060.72"
2024-01-15 19:00:00,EURUSD,815353.5655887602,-18.66827246961624,equity_%,-0.00013508261455014977,2056.1252365039854,2.4529235958584624e-06,4.905847191716924e-08,"Method: equity_%, ATR: 815353.57, Risk: 2056.13"
2024-01-15 20:00:00,EURUSD,420863.61424736056,7.460323108152625,equity_%,0.0006545905998395303,2055.269522280513,4.752133309449055e-06,9.504266618898112e-08,"Method: equity_%, ATR: 420863.61, Risk: 2055.27"
2024-01-15 21:00:00,EURUSD,852026.4317014606,29.414054718319267,equity_%,8.21241779617952e-05,2058.159363305884,2.3473450184005263e-06,4.694690036801053e-08,"Method: equity_%, ATR: 852026.43, Risk: 2058.16"
2024-01-15 22:00:00,EURUSD,535522.7380664172,60.31445635401502,equity_%,6.373822917111682e-05,2058.7296842641845,3.734668685070761e-06,7.469337370141522e-08,"Method: equity_%, ATR: 535522.74, Risk: 2058.73"
2024-01-15 23:00:00,EURUSD,1091933.782202576,100.31231680948962,equity_%,1.881771320470274e-05,2061.1870662933916,1.8316128986922018e-06,3.663225797384404e-08,"Method: equity_%, ATR: 1091933.78, Risk: 2061.19"
2024-01-16 00:00:00,EURUSD,798774.585648194,152.79521656453034,equity_%,1.6943787837084288e-05,2067.9712739432002,2.5038352946307486e-06,5.0076705892614974e-08,"Method: equity_%, ATR: 798774.59, Risk: 2067.97"
2024-01-16 01:00:00,EURUSD,1116995.633839422,114.80662248758338,equity_%,1.6138352034664667e-05,2069.5579937231773,1.7905172942578554e-06,3.5810345885157115e-08,"Method: equity_%, ATR: 1116995.63, Risk: 2069.56"
2024-01-16 02:00:00,EURUSD,774393.2448354425,101.27698137810076,equity_%,2.6405370933025315e-05,2070.9259829087655,2.582667156949435e-06,5.165334313898869e-08,"Method: equity_%, ATR: 774393.24, Risk: 2070.93"
2024-01-16 03:00:00,EURUSD,573904.7389000517,110.14198363170114,equity_%,3.2755164000531614e-05,2070.4868798977277,3.4848989116786325e-06,6.969797823357265e-08,"Method: equity_%, ATR: 573904.74, Risk: 2070.49"
2024-01-16 04:00:00,EURUSD,1695305.8838900859,3.2226166505389386,equity_%,0.00037888563860599705,2069.973854317611,1.17972810629947e-06,2.3594562125989398e-08,"Method: equity_%, ATR: 1695305.88, Risk: 2069.97"
2024-01-16 05:00:00,EURUSD,2762620.501288066,-208.51056002372235,equity_%,-3.589771007682705e-06,2067.8357090902146,7.239503214674272e-07,1.4479006429348542e-08,"Method: equity_%, ATR: 2762620.50, Risk: 2067.84"
2024-01-16 06:00:00,EURUSD,1154873.812560879,-271.4260241712124,equity_%,-6.599146556345813e-06,2068.5870057510383,1.7317909352928296e-06,3.463581870585659e-08,"Method: equity_%, ATR: 1154873.81, Risk: 2068.59"
2024-01-16 07:00:00,EURUSD,1044605.8287408738,-332.3815067684093,equity_%,-5.961059963716035e-06,2069.7256771631146,1.9145977793467994e-06,3.829195558693598e-08,"Method: equity_%, ATR: 1044605.83, Risk: 2069.73"
2024-01-16 08:00:00,EURUSD,239750.49350029224,-324.6685982320396,equity_%,-2.6588859915328296e-05,2069.662408756895,8.342005769416956e-06,1.668401153883391e-07,"Method: equity_%, ATR: 239750.49, Risk: 2069.66"
2024-01-16 09:00:00,EURUSD,778395.5837805115,-317.84523179951907,equity_%,-8.367600149607651e-06,2070.222302863039,2.569387650282393e-06,5.138775300564786e-08,"Method: equity_%, ATR: 778395.58, Risk: 2070.22"
2024-01-16 10:00:00,EURUSD,60434.890215848325,-318.5567638433049,equity_%,-0.00010770245802936955,2073.4815883680167,3.309346625528451e-05,6.618693251056901e-07,"Method: equity_%, ATR: 60434.89, Risk: 2073.48"
2024-01-16 11:00:00,EURUSD,1207380.26102474,-256.099629129938,equity_%,-6.714454018902648e-06,2076.1738902895836,1.6564789607397919e-06,3.312957921479583e-08,"Method: equity_%, ATR: 1207380.26, Risk: 2076.17"
2024-01-16 12:00:00,EURUSD,276426.00692033453,-266.51897951739556,equity_%,-2.8160875871610775e-05,2074.68993599967,7.235209242003037e-06,1.4470418484006073e-07,"Method: equity_%, ATR: 276426.01, Risk: 2074.69"
2024-01-16 13:00:00,EURUSD,357513.18638976075,-240.8935806130031,equity_%,-2.4074736170090982e-05,2073.379633701921,5.594199252330797e-06,1.1188398504661595e-07,"Method: equity_%, ATR: 357513.19, Risk: 2073.38"
2024-01-16 14:00:00,EURUSD,1045035.2755753491,-202.77538220712208,equity_%,-9.781337095146332e-06,2072.737980606409,1.91381099446513e-06,3.82762198893026e-08,"Method: equity_%, ATR: 1045035.28, Risk: 2072.74"
2024-01-16 15:00:00,EURUSD,643978.7976408249,-173.2594628789255,equity_%,-1.86081906893029e-05,2076.216702478629,3.1056923105649934e-06,6.211384621129987e-08,"Method: equity_%, ATR: 643978.80, Risk: 2076.22"
2024-01-16 16:00:00,EURUSD,703168.3314018133,-149.86437897294473,equity_%,-1.972303385899135e-05,2078.4110458082996,2.844269161002836e-06,5.688538322005673e-08,"Method: equity_%, ATR: 703168.33, Risk: 2078.41"
2024-01-16 17:00:00,EURUSD,294299.2189678851,-129.18987049239848,equity_%,-5.472892842714807e-05,2080.820018378297,6.795804647440287e-06,1.3591609294880573e-07,"Method: equity_%, ATR: 294299.22, Risk: 2080.82"
2024-01-16 18:00:00,EURUSD,682714.2677775279,-93.49802729887264,equity_%,-3.26690112826087e-05,2085.3426125857623,2.9294832324373335e-06,5.8589664648746666e-08,"Method: equity_%, ATR: 682714.27, Risk: 2085.34"
2024-01-16 19:00:00,EURUSD,427934.2397218812,-78.90996856090806,equity_%,-6.165561941343796e-05,2082.00405978147,4.673615276262587e-06,9.347230552525175e-08,"Method: equity_%, ATR: 427934.24, Risk: 2082.00"
2024-01-16 20:00:00,EURUSD,1186720.9264914752,-118.1181793133511,equity_%,-1.4906852452580561e-05,2089.542927329772,1.6853161980660216e-06,3.3706323961320434e-08,"Method: equity_%, ATR: 1186720.93, Risk: 2089.54"
2024-01-16 21:00:00,EURUSD,1280558.4320486162,-157.6934489653756,equity_%,-1.0363993277439669e-05,2092.8599859631595,1.5618186175233201e-06,3.1236372350466396e-08,"Method: equity_%, ATR: 1280558.43, Risk: 2092.86"
2024-01-16 22:00:00,EURUSD,748805.3126078773,-178.3058740652212,equity_%,-1.568504989379612e-05,2094.2111724296833,2.670921221211112e-06,5.341842442422224e-08,"Method: equity_%, ATR: 748805.31, Risk: 2094.21"
2024-01-16 23:00:00,EURUSD,387110.1864515572,-148.7470148094803,equity_%,-3.635481338410972e-05,2093.364128358496,5.1664876564809255e-06,1.0332975312961849e-07,"Method: equity_%, ATR: 387110.19, Risk: 2093.36"
2024-01-17 00:00:00,EURUSD,775386.6148758268,-98.24887367201694,equity_%,-2.7449195053903297e-05,2091.1033286617076,2.5793584279505356e-06,5.158716855901071e-08,"Method: equity_%, ATR: 775386.61, Risk: 2091.10"
2024-01-17 01:00:00,EURUSD,772845.244409076,-118.96587632276402,equity_%,-2.272374525700456e-05,2089.2713984681272,2.587840210531691e-06,5.1756804210633816e-08,"Method: equity_%, ATR: 772845.24, Risk: 2089.27"
2024-01-17 02:00:00,EURUSD,1508143.143210636,-173.22305697872855,equity_%,-8.025039239754555e-06,2096.5027053645276,1.3261340669177238e-06,2.652268133835448e-08,"Method: equity_%, ATR: 1508143.14, Risk: 2096.50"
2024-01-17 03:00:00,EURUSD,1265807.3329463731,-134.81853708829343,equity_%,-1.2276489837415622e-05,2095.0356920496697,1.580019287251776e-06,3.1600385745035515e-08,"Method: equity_%, ATR: 1265807.33, Risk: 2095.04"
2024-01-17 04:00:00,EURUSD,651180.2498887256,-121.99676806776627,equity_%,-2.635273400974012e-05,2093.5108887760707,3.0713462214828575e-06,6.142692442965715e-08,"Method: equity_%, ATR: 651180.25, Risk: 2093.51"
2024-01-17 05:00:00,EURUSD,731996.5795869281,-82.456917496631,equity_%,-3.467473957714147e-05,2092.9042273178443,2.732253204145595e-06,5.46450640829119e-08,"Method: equity_%, ATR: 731996.58, Risk: 2092.90"
2024-01-17 06:00:00,EURUSD,1129725.944292152,-143.71866143004658,equity_%,-1.2877401513191148e-05,2090.80968505896,1.7703408601925416e-06,3.5406817203850825e-08,"Method: equity_%, ATR: 1129725.94, Risk: 2090.81"
2024-01-17 07:00:00,EURUSD,597191.1898919475,-188.58260224328666,equity_%,-1.8560069998410112e-05,2090.2326449212283,3.349011227646993e-06,6.698022455293987e-08,"Method: equity_%, ATR: 597191.19, Risk: 2090.23"
2024-01-17 08:00:00,EURUSD,1837662.2442525127,-77.70600220988742,equity_%,-1.4644988001693033e-05,2091.2660106902263,1.0883392779359842e-06,2.1766785558719684e-08,"Method: equity_%, ATR: 1837662.24, Risk: 2091.27"
2024-01-17 09:00:00,EURUSD,447241.797475416,-104.6734767517873,equity_%,-4.4639092469162655e-05,2089.750272200818,4.471853953028476e-06,8.943707906056953e-08,"Method: equity_%, ATR: 447241.80, Risk: 2089.75"
2024-01-17 10:00:00,EURUSD,711299.3318185218,-83.10563812035474,equity_%,-3.530679918354448e-05,2087.0902857811766,2.8117557693844038e-06,5.623511538768807e-08,"Method: equity_%, ATR: 711299.33, Risk: 2087.09"
2024-01-17 11:00:00,EURUSD,971355.8369464184,-81.11678323291966,equity_%,-2.6518332236952087e-05,2089.4658697202203,2.05897769275496e-06,4.11795538550992e-08,"Method: equity_%, ATR: 971355.84, Risk: 2089.47"
2024-01-17 12:00:00,EURUSD,392107.93433728564,-95.9141605653833,equity_%,-5.559347595612449e-05,2090.7985467071812,5.100636393344769e-06,1.0201272786689536e-07,"Method: equity_%, ATR: 392107.93, Risk: 2090.80"
2024-01-17 13:00:00,EURUSD,386409.3850854306,-126.76079804298215,equity_%,-4.2703877685165635e-05,2091.7026335323035,5.175857722911735e-06,1.0351715445823468e-07,"Method: equity_%, ATR: 386409.39, Risk: 2091.70"
2024-01-17 14:00:00,EURUSD,890216.0426504293,-150.4331818430723,equity_%,-1.560970425428658e-05,2090.42087108335,2.246645650246231e-06,4.493291300492462e-08,"Method: equity_%, ATR: 890216.04, Risk: 2090.42"
2024-01-17 15:00:00,EURUSD,608960.2088133025,-116.15897709729254,equity_%,-2.953835214671957e-05,2089.43063591391,3.28428684018198e-06,6.56857368036396e-08,"Method: equity_%, ATR: 608960.21, Risk: 2089.43"
2024-01-17 16:00:00,EURUSD,607501.4779092538,-130.1759094000534,equity_%,-2.6410622211778746e-05,2088.606340367095,3.292173060850977e-06,6.584346121701954e-08,"Method: equity_%, ATR: 607501.48, Risk: 2088.61"
2024-01-17 17:00:00,EURUSD,1314362.9136385308,-54.670118451361716,equity_%,-2.9059910304941805e-05,2088.1398465329253,1.5216497508008885e-06,3.043299501601777e-08,"Method: equity_%, ATR: 1314362.91, Risk: 2088.14"
2024-01-17 18:00:00,EURUSD,572122.933957545,-71.66439707765754,equity_%,-5.090019481534436e-05,2086.951004016889,3.495752191168782e-06,6.991504382337565e-08,"Method: equity_%, ATR: 572122.93, Risk: 2086.95"
2024-01-17 19:00:00,EURUSD,846769.7680629995,-47.28590628599174,equity_%,-5.2117200115850346e-05,2086.7870716927505,2.361917105962621e-06,4.723834211925243e-08,"Method: equity_%, ATR: 846769.77, Risk: 2086.79"
2024-01-17 20:00:00,EURUSD,1544674.4455756934,-47.13767761672224,equity_%,-2.8613429538445403e-05,2083.411505165428,1.2947712093823167e-06,2.5895424187646333e-08,"Method: equity_%, ATR: 1544674.45, Risk: 2083.41"
2024-01-17 21:00:00,EURUSD,1019825.7175753094,-115.74866893208797,equity_%,-1.7647866120615904e-05,2083.2153435380674,1.9611194006316175e-06,3.922238801263235e-08,"Method: equity_%, ATR: 1019825.72, Risk: 2083.22"
2024-01-17 22:00:00,EURUSD,942134.9492798073,-138.88959575869006,equity_%,-1.5923916782499945e-05,2083.6881784401903,2.1228381364356063e-06,4.2456762728712124e-08,"Method: equity_%, ATR: 942134.95, Risk: 2083.69"
2024-01-17 23:00:00,EURUSD,604749.0933665641,-115.52596841828982,equity_%,-2.983449049675317e-05,2084.3635467192435,3.3071566736317787e-06,6.614313347263557e-08,"Method: equity_%, ATR: 604749.09, Risk: 2084.36"
2024-01-18 00:00:00,EURUSD,306711.8926444633,-96.95951603194325,equity_%,-7.009232570528882e-05,2084.4502076484696,6.520777472161393e-06,1.3041554944322788e-07,"Method: equity_%, ATR: 306711.89, Risk: 2084.45"
2024-01-18 01:00:00,EURUSD,471795.87564085337,-117.85217078268049,equity_%,-3.758574056836062e-05,2089.848665643015,4.239121415131798e-06,8.478242830263597e-08,"Method: equity_%, ATR: 471795.88, Risk: 2089.85"
2024-01-18 02:00:00,EURUSD,2368611.435503284,-234.94756116160755,equity_%,-3.7541914848128577e-06,2089.205609535464,8.443765701802578e-07,1.6887531403605156e-08,"Method: equity_%, ATR: 2368611.44, Risk: 2089.21"
2024-01-18 03:00:00,EURUSD,1011326.9556067837,-200.1144950243639,equity_%,-1.0310241341518174e-05,2086.5988399777407,1.9775998146910115e-06,3.9551996293820226e-08,"Method: equity_%, ATR: 1011326.96, Risk: 2086.60"
2024-01-18 04:00:00,EURUSD,873241.5088160667,-197.771814963806,equity_%,-1.2062019872332911e-05,2083.141687808378,2.290317145724764e-06,4.580634291449528e-08,"Method: equity_%, ATR: 873241.51, Risk: 2083.14"
2024-01-18 05:00:00,EURUSD,1374779.522324648,-254.9250745123418,equity_%,-5.958631705076225e-06,2088.2964615762367,1.454778724531881e-06,2.9095574490637615e-08,"Method: equity_%, ATR: 1374779.52, Risk: 2088.30"
2024-01-18 06:00:00,EURUSD,781768.753322277,-290.3421167434548,equity_%,-9.195230095826616e-06,2087.136955988345,2.5583012770728105e-06,5.11660255414562e-08,"Method: equity_%, ATR: 781768.75, Risk: 2087.14"
2024-01-18 07:00:00,EURUSD,545194.8293045583,-243.18049461135433,equity_%,-1.5726225639413046e-05,2084.9947624191277,3.6684133680269264e-06,7.336826736053853e-08,"Method: equity_%, ATR: 545194.83, Risk: 2084.99"
2024-01-18 08:00:00,EURUSD,1446650.8530496685,-178.23333505303776,equity_%,-8.070875344889879e-06,2081.0058481619744,1.3825035915084988e-06,2.7650071830169976e-08,"Method: equity_%, ATR: 1446650.85, Risk: 2081.01"
2024-01-18 09:00:00,EURUSD,264194.05948437913,-178.93897750419652,equity_%,-4.402613761514191e-05,2081.3186998293486,7.570192925243471e-06,1.5140385850486942e-07,"Method: equity_%, ATR: 264194.06, Risk: 2081.32"
2024-01-18 10:00:00,EURUSD,727754.607416185,-207.86678266912338,equity_%,-1.377636129293954e-05,2084.0329524063377,2.7481790972107842e-06,5.496358194421568e-08,"Method: equity_%, ATR: 727754.61, Risk: 2084.03"
2024-01-18 11:00:00,EURUSD,1032869.3867988375,-178.0349290101722,equity_%,-1.133001151924954e-05,2083.4398789741995,1.936353255854142e-06,3.8727065117082834e-08,"Method: equity_%, ATR: 1032869.39, Risk: 2083.44"
2024-01-18 12:00:00,EURUSD,2095514.2462069802,-99.35606856836338,equity_%,-9.998845218770915e-06,2081.7801434937974,9.544196626771364e-07,1.9088393253542724e-08,"Method: equity_%, ATR: 2095514.25, Risk: 2081.78"
2024-01-18 13:00:00,EURUSD,1201852.4085732643,-22.45354622465446,equity_%,-7.713791202885552e-05,2081.632016187977,1.6640978424083102e-06,3.32819568481662e-08,"Method: equity_%, ATR: 1201852.41, Risk: 2081.63"
2024-01-18 14:00:00,EURUSD,829208.0041642919,-69.80472164088505,equity_%,-3.598483108671963e-05,2082.8968042166944,2.411940056000397e-06,4.823880112000794e-08,"Method: equity_%, ATR: 829208.00, Risk: 2082.90"
2024-01-18 15:00:00,EURUSD,357215.6125841436,-76.22787927574124,equity_%,-7.639493242393399e-05,2080.217859363669,5.598859427032719e-06,1.119771885406544e-07,"Method: equity_%, ATR: 357215.61, Risk: 2080.22"
2024-01-18 16:00:00,EURUSD,498371.38479036395,-114.62028506329642,equity_%,-3.6408725682800676e-05,2079.792756272401,4.013071498559823e-06,8.026142997119646e-08,"Method: equity_%, ATR: 498371.38, Risk: 2079.79"
2024-01-18 17:00:00,EURUSD,815441.343662088,-72.37817980642902,equity_%,-3.5259289132234934e-05,2081.0088928818277,2.4526595512292094e-06,4.905319102458418e-08,"Method: equity_%, ATR: 815441.34, Risk: 2081.01"
2024-01-18 18:00:00,EURUSD,486922.66373916133,-68.82093903323468,equity_%,-6.210446614394113e-05,2081.1501573159635,4.107428445908971e-06,8.214856891817944e-08,"Method: equity_%, ATR: 486922.66, Risk: 2081.15"
2024-01-18 19:00:00,EURUSD,1283764.0330680741,-27.89004012150459,equity_%,-5.818272081636986e-05,2083.1875407573,1.5579187050599868e-06,3.115837410119973e-08,"Method: equity_%, ATR: 1283764.03, Risk: 2083.19"
2024-01-18 20:00:00,EURUSD,1059882.5271165972,-93.98694980952459,equity_%,-2.090789108531483e-05,2082.742202351051,1.8870015769020982e-06,3.7740031538041964e-08,"Method: equity_%, ATR: 1059882.53, Risk: 2082.74"
2024-01-18 21:00:00,EURUSD,1966044.5084878036,17.832280216671407,equity_%,5.939087248402673e-05,2082.187959572802,1.0172709678573418e-06,2.0345419357146836e-08,"Method: equity_%, ATR: 1966044.51, Risk: 2082.19"
2024-01-18 22:00:00,EURUSD,1626657.2567762074,37.43909380534947,equity_%,3.41668574217757e-05,2080.781215970122,1.2295153091830188e-06,2.459030618366038e-08,"Method: equity_%, ATR: 1626657.26, Risk: 2080.78"
2024-01-18 23:00:00,EURUSD,1014138.7759037901,9.428744219231127,equity_%,0.00021749540567412017,2079.70305757691,1.972116684146724e-06,3.944233368293448e-08,"Method: equity_%, ATR: 1014138.78, Risk: 2079.70"
2024-01-19 00:00:00,EURUSD,610296.7798175176,-21.20992528156395,equity_%,-0.00016053050401969486,2077.9628851510047,3.2770941386877573e-06,6.554188277375515e-08,"Method: equity_%, ATR: 610296.78, Risk: 2077.96"
2024-01-19 01:00:00,EURUSD,1348447.9428977433,-100.45315931317305,equity_%,-1.536895659517575e-05,2081.815171940122,1.4831866595473506e-06,2.966373319094701e-08,"Method: equity_%, ATR: 1348447.94, Risk: 2081.82"
2024-01-19 02:00:00,EURUSD,365761.85743898735,-120.49023574967043,equity_%,-4.722237294325127e-05,2081.124562741798,5.468038723347799e-06,1.0936077446695596e-07,"Method: equity_%, ATR: 365761.86, Risk: 2081.12"
2024-01-19 03:00:00,EURUSD,823381.8192453294,-191.06668583141277,equity_%,-1.3244069668074184e-05,2083.5681039732062,2.429006753917764e-06,4.8580135078355275e-08,"Method: equity_%, ATR: 823381.82, Risk: 2083.57"
2024-01-19 04:00:00,EURUSD,194310.74689402265,-201.89653204510168,equity_%,-5.310120447859489e-05,2083.1956137519082,1.0292791479468725e-05,2.0585582958937445e-07,"Method: equity_%, ATR: 194310.75, Risk: 2083.20"
2024-01-19 05:00:00,EURUSD,839815.2566677905,-254.44418626710305,equity_%,-9.762068176374364e-06,2086.0183702353334,2.3814761450459682e-06,4.762952290091937e-08,"Method: equity_%, ATR: 839815.26, Risk: 2086.02"
2024-01-19 06:00:00,EURUSD,479404.1036702583,-224.2012985200689,equity_%,-1.939875007619206e-05,2085.0362920503544,4.171845807510299e-06,8.343691615020597e-08,"Method: equity_%, ATR: 479404.10, Risk: 2085.04"
2024-01-19 07:00:00,EURUSD,772472.1490605612,-205.1358886660223,equity_%,-1.3158324819823638e-05,2085.091319697191,2.5890901082094573e-06,5.1781802164189154e-08,"Method: equity_%, ATR: 772472.15, Risk: 2085.09"
2024-01-19 08:00:00,EURUSD,848317.9287895877,-204.68651667187217,equity_%,-1.199768195666252e-05,2083.2683992031043,2.3576066615186082e-06,4.7152133230372167e-08,"Method: equity_%, ATR: 848317.93, Risk: 2083.27"
2024-01-19 09:00:00,EURUSD,511933.6776790939,-218.36359190875996,equity_%,-1.8611411862625048e-05,2080.526491802883,3.906756064705908e-06,7.813512129411817e-08,"Method: equity_%, ATR: 511933.68, Risk: 2080.53"
2024-01-19 10:00:00,EURUSD,522837.9610746168,-228.8108322646355,equity_%,-1.737211619825881e-05,2078.2434420469485,3.825276947927219e-06,7.650553895854439e-08,"Method: equity_%, ATR: 522837.96, Risk: 2078.24"
2024-01-19 11:00:00,EURUSD,605548.0954113085,-201.0291850386792,equity_%,-1.7075484206201093e-05,2078.647188883648,3.3027929823502025e-06,6.605585964700405e-08,"Method: equity_%, ATR: 605548.10, Risk: 2078.65"
2024-01-19 12:00:00,EURUSD,472577.16544968786,-183.98610669360787,equity_%,-2.3872330542086213e-05,2075.642629656995,4.232113073209685e-06,8.46422614641937e-08,"Method: equity_%, ATR: 472577.17, Risk: 2075.64"
2024-01-19 13:00:00,EURUSD,1203115.7280670404,-118.10669199223707,equity_%,-1.4588697069299108e-05,2072.995771944587,1.6623504733108731e-06,3.324700946621746e-08,"Method: equity_%, ATR: 1203115.73, Risk: 2073.00"
2024-01-19 14:00:00,EURUSD,616698.4039251338,-142.65970504738445,equity_%,-2.3573605779879302e-05,2073.9589817835395,3.2430763356455786e-06,6.486152671291156e-08,"Method: equity_%, ATR: 616698.40, Risk: 2073.96"
2024-01-19 15:00:00,EURUSD,1568022.5923414298,-68.78709296374942,equity_%,-1.924844233352455e-05,2076.131520238101,1.275491826309419e-06,2.550983652618838e-08,"Method: equity_%, ATR: 1568022.59, Risk: 2076.13"
2024-01-19 16:00:00,EURUSD,858375.2586918233,-101.49892912952369,equity_%,-2.3814904358896895e-05,2074.853765145796,2.329983279163975e-06,4.65996655832795e-08,"Method: equity_%, ATR: 858375.26, Risk: 2074.85"
2024-01-19 17:00:00,EURUSD,401199.7798310378,-97.94036700535243,equity_%,-5.3015392906299116e-05,2083.1684885225095,4.985047601078656e-06,9.970095202157312e-08,"Method: equity_%, ATR: 401199.78, Risk: 2083.17"
2024-01-19 18:00:00,EURUSD,408765.3112058489,-69.89961576253462,equity_%,-7.278750405413307e-05,2079.7237393663704,4.892783084014744e-06,9.785566168029488e-08,"Method: equity_%, ATR: 408765.31, Risk: 2079.72"
2024-01-19 19:00:00,EURUSD,1098984.1762228885,-115.70599427837436,equity_%,-1.6362083901378494e-05,2080.5871562810635,1.8198624177409208e-06,3.6397248354818414e-08,"Method: equity_%, ATR: 1098984.18, Risk: 2080.59"
2024-01-19 20:00:00,EURUSD,748563.9753058567,-97.9973579564111,equity_%,-2.8378266233379067e-05,2081.752758032725,2.6717823271989777e-06,5.3435646543979556e-08,"Method: equity_%, ATR: 748563.98, Risk: 2081.75"
2024-01-19 21:00:00,EURUSD,919213.8057279388,-27.041255433884686,equity_%,-8.3905276720502e-05,2085.6078991014633,2.1757723693196393e-06,4.3515447386392776e-08,"Method: equity_%, ATR: 919213.81, Risk: 2085.61"
2024-01-19 22:00:00,EURUSD,459694.826225895,-12.811084781340433,equity_%,-0.0003540676298159761,2085.1713296773696,4.3507124420347425e-06,8.701424884069485e-08,"Method: equity_%, ATR: 459694.83, Risk: 2085.17"
2024-01-19 23:00:00,EURUSD,1030444.0620678301,-43.451135157221685,equity_%,-4.64949440747935e-05,2081.7629620840016,1.9409107913985415e-06,3.881821582797083e-08,"Method: equity_%, ATR: 1030444.06, Risk: 2081.76"
2024-01-20 00:00:00,EURUSD,165620.5920978311,-34.4371092870466,equity_%,-0.0003649177146108046,2081.3061527853397,1.2075793080238548e-05,2.415158616047709e-07,"Method: equity_%, ATR: 165620.59, Risk: 2081.31"
2024-01-20 01:00:00,EURUSD,909695.9804396863,14.658281021540766,equity_%,0.0001562713580601677,2083.812820349259,2.198536701276105e-06,4.39707340255221e-08,"Method: equity_%, ATR: 909695.98, Risk: 2083.81"
2024-01-20 02:00:00,EURUSD,1939469.5413293636,-93.70511887346004,equity_%,-1.1438082862243794e-05,2078.7368644536855,1.0312098011238407e-06,2.062419602247682e-08,"Method: equity_%, ATR: 1939469.54, Risk: 2078.74"
2024-01-20 03:00:00,EURUSD,578287.6840921491,-49.948475481857635,equity_%,-7.204717345250713e-05,2081.0529368943885,3.4584862431227285e-06,6.916972486245457e-08,"Method: equity_%, ATR: 578287.68, Risk: 2081.05"
2024-01-20 04:00:00,EURUSD,860742.3577386574,-25.855903258161117,equity_%,-9.350233191738785e-05,2080.9197482856475,2.323575669326186e-06,4.6471513386523714e-08,"Method: equity_%, ATR: 860742.36, Risk: 2080.92"
2024-01-20 05:00:00,EURUSD,689687.942169233,-62.72827946993992,equity_%,-4.818063239958314e-05,2084.435711506057,2.899862209725638e-06,5.7997244194512757e-08,"Method: equity_%, ATR: 689687.94, Risk: 2084.44"
2024-01-20 06:00:00,EURUSD,643038.4317950046,-27.439198354490117,equity_%,-0.00011800233761945695,2082.0874174216924,3.110234009524307e-06,6.220468019048614e-08,"Method: equity_%, ATR: 643038.43, Risk: 2082.09"
2024-01-20 07:00:00,EURUSD,835681.9661649363,-75.25294315337507,equity_%,-3.311504564875661e-05,2082.523343704911,2.393254947427291e-06,4.786509894854581e-08,"Method: equity_%, ATR: 835681.97, Risk: 2082.52"
2024-01-20 08:00:00,EURUSD,1007246.6059990274,-50.09560277396496,equity_%,-4.1366403089925164e-05,2087.2918570836,1.985611058988201e-06,3.971222117976402e-08,"Method: equity_%, ATR: 1007246.61, Risk: 2087.29"
2024-01-20 09:00:00,EURUSD,720611.2914854694,-10.309253474503628,equity_%,-0.00028127104024720117,2089.5525617680137,2.775421400734918e-06,5.5508428014698365e-08,"Method: equity_%, ATR: 720611.29, Risk: 2089.55"
2024-01-20 10:00:00,EURUSD,700929.7862047956,-37.15737634790153,equity_%,-8.028595049833445e-05,2091.0244470924513,2.853352845552559e-06,5.706705691105117e-08,"Method: equity_%, ATR: 700929.79, Risk: 2091.02"
2024-01-20 11:00:00,EURUSD,1459472.5438422535,28.397682664592878,equity_%,5.040540229963989e-05,2089.084064905104,1.3703580848014698e-06,2.7407161696029396e-08,"Method: equity_%, ATR: 1459472.54, Risk: 2089.08"
2024-01-20 12:00:00,EURUSD,456869.4282170123,47.18172957050706,equity_%,9.695426458661151e-05,2089.935444151754,4.377618366379295e-06,8.75523673275859e-08,"Method: equity_%, ATR: 456869.43, Risk: 2089.94"
2024-01-20 13:00:00,EURUSD,421180.90553834283,19.40531446822512,equity_%,0.00025554014442511353,2088.567399880365,4.748553350118401e-06,9.4971067002368e-08,"Method: equity_%, ATR: 421180.91, Risk: 2088.57"
2024-01-20 14:00:00,EURUSD,353250.5380855401,30.305560410704217,equity_%,0.00019539415043863856,2091.7833867925433,5.661704043931838e-06,1.1323408087863676e-07,"Method: equity_%, ATR: 353250.54, Risk: 2091.78"
2024-01-20 15:00:00,EURUSD,431105.0761737393,57.57115697834334,equity_%,8.420525464093679e-05,2089.908572904867,4.639240200442413e-06,9.278480400884824e-08,"Method: equity_%, ATR: 431105.08, Risk: 2089.91"
2024-01-20 16:00:00,EURUSD,984140.0560845139,99.05323501756877,equity_%,2.1471625763028558e-05,2093.102525069378,2.0322310708062962e-06,4.064462141612593e-08,"Method: equity_%, ATR: 984140.06, Risk: 2093.10"
2024-01-20 17:00:00,EURUSD,1009925.5935339866,63.02933464791779,equity_%,3.2852817168901946e-05,2091.244046725283,1.980343911279138e-06,3.9606878225582754e-08,"Method: equity_%, ATR: 1009925.59, Risk: 2091.24"
2024-01-20 18:00:00,EURUSD,914588.6319948102,37.00601895867957,equity_%,6.180940816752646e-05,2091.9569890628036,2.18677548575888e-06,4.37355097151776e-08,"Method: equity_%, ATR: 914588.63, Risk: 2091.96"
2024-01-20 19:00:00,EURUSD,976698.0085137873,70.33191937252082,equity_%,3.0502434480471326e-05,2095.305122253842,2.0477158574771147e-06,4.095431714954229e-08,"Method: equity_%, ATR: 976698.01, Risk: 2095.31"
2024-01-20 20:00:00,EURUSD,1010701.0314488797,17.86466907172955,equity_%,0.00011595414503580786,2093.6494271738625,1.978824536404124e-06,3.957649072808248e-08,"Method: equity_%, ATR: 1010701.03, Risk: 2093.65"
2024-01-20 21:00:00,EURUSD,657199.3082272704,34.4312261931414,equity_%,9.254060263347693e-05,2094.025231907329,3.043216836905688e-06,6.086433673811376e-08,"Method: equity_%, ATR: 657199.31, Risk: 2094.03"
2024-01-20 22:00:00,EURUSD,504881.8044328411,56.29305744665844,equity_%,7.36859941207334e-05,2094.254723143836,3.961323189784389e-06,7.922646379568778e-08,"Method: equity_%, ATR: 504881.80, Risk: 2094.25"
2024-01-20 23:00:00,EURUSD,608355.4775675285,83.51057134010554,equity_%,4.120233879763317e-05,2093.2482971337704,3.287551561131454e-06,6.575103122262908e-08,"Method: equity_%, ATR: 608355.48, Risk: 2093.25"
2024-01-21 00:00:00,EURUSD,1177501.5227813271,80.10286474531419,equity_%,2.220486982675861e-05,2094.3909719358044,1.6985116038541363e-06,3.3970232077082725e-08,"Method: equity_%, ATR: 1177501.52, Risk: 2094.39"
2024-01-21 01:00:00,EURUSD,446550.20311120857,96.36474515819711,equity_%,4.871117093498596e-05,2096.1243249617355,4.47877973420588e-06,8.95755946841176e-08,"Method: equity_%, ATR: 446550.20, Risk: 2096.12"
2024-01-21 02:00:00,EURUSD,902779.337437633,140.9956253377464,equity_%,1.650534371410262e-05,2100.9311545414917,2.2153807880413155e-06,4.4307615760826316e-08,"Method: equity_%, ATR: 902779.34, Risk: 2100.93"
2024-01-21 03:00:00,EURUSD,733037.4010150408,81.19139492875723,equity_%,3.541568474337815e-05,2107.811549316123,2.728373746319887e-06,5.456747492639774e-08,"Method: equity_%, ATR: 733037.40, Risk: 2107.81"
2024-01-21 04:00:00,EURUSD,545540.0074644015,64.36883598118538,equity_%,6.0046734851779525e-05,2108.587646251019,3.6660922620427748e-06,7.332184524085549e-08,"Method: equity_%, ATR: 545540.01, Risk: 2108.59"
2024-01-21 05:00:00,EURUSD,682229.6937019908,48.83757893672798,equity_%,6.329692104687047e-05,2108.95507872706,2.9315639856532434e-06,5.863127971306487e-08,"Method: equity_%, ATR: 682229.69, Risk: 2108.96"
2024-01-21 06:00:00,EURUSD,930529.6871442809,100.98140244638773,equity_%,2.2427201352568032e-05,2107.398726839076,2.1493134798717017e-06,4.298626959743403e-08,"Method: equity_%, ATR: 930529.69, Risk: 2107.40"
2024-01-21 07:00:00,EURUSD,380455.4740227671,111.04182430622276,equity_%,4.984559155964271e-05,2105.800283610551,5.256856942687377e-06,1.0513713885374753e-07,"Method: equity_%, ATR: 380455.47, Risk: 2105.80"
2024-01-21 08:00:00,EURUSD,1087125.6752161514,122.92255694148852,equity_%,1.5765009010714937e-05,2106.713904638392,1.8397137015482071e-06,3.6794274030964136e-08,"Method: equity_%, ATR: 1087125.68, Risk: 2106.71"
2024-01-21 09:00:00,EURUSD,430707.4713123966,134.99133985255202,equity_%,3.618860746171007e-05,2104.0700042187677,4.643522885511729e-06,9.287045771023456e-08,"Method: equity_%, ATR: 430707.47, Risk: 2104.07"
2024-01-21 10:00:00,EURUSD,824651.1412525843,110.52950553551536,equity_%,2.3069630215670386e-05,2102.757180879826,2.4252679708441903e-06,4.8505359416883804e-08,"Method: equity_%, ATR: 824651.14, Risk: 2102.76"
2024-01-21 11:00:00,EURUSD,2293822.847486468,-38.38372854212504,equity_%,-2.3919815464885243e-05,2106.031478677789,8.719069139064362e-07,1.7438138278128722e-08,"Method: equity_%, ATR: 2293822.85, Risk: 2106.03"
2024-01-21 12:00:00,EURUSD,822500.3421619517,-80.06979495806004,equity_%,-3.1957835058516455e-05,2104.661005154616,2.4316099306937394e-06,4.863219861387478e-08,"Method: equity_%, ATR: 822500.34, Risk: 2104.66"
2024-01-21 13:00:00,EURUSD,724902.6614352916,-88.91732136420846,equity_%,-3.270881483312085e-05,2108.2925474159815,2.758991112048124e-06,5.517982224096248e-08,"Method: equity_%, ATR: 724902.66, Risk: 2108.29"
2024-01-21 14:00:00,EURUSD,738632.6664664682,-44.05243500261828,equity_%,-6.486735414098822e-05,2110.690783230034,2.707705860841174e-06,5.415411721682349e-08,"Method: equity_%, ATR: 738632.67, Risk: 2110.69"
2024-01-21 15:00:00,EURUSD,1224029.8444951146,-110.67163786799567,equity_%,-1.5633102163844846e-05,2117.7442454160914,1.6339470879690484e-06,3.267894175938097e-08,"Method: equity_%, ATR: 1224029.84, Risk: 2117.74"
2024-01-21 16:00:00,EURUSD,305769.3470559022,-113.08146408397502,equity_%,-6.125286227161273e-05,2117.9307513444555,6.540878015592421e-06,1.308175603118484e-07,"Method: equity_%, ATR: 305769.35, Risk: 2117.93"
2024-01-21 17:00:00,EURUSD,860741.3475053373,-191.31811745747794,equity_%,-1.2867750103766934e-05,2119.0020784498743,2.3235783964561993e-06,4.6471567929123984e-08,"Method: equity_%, ATR: 860741.35, Risk: 2119.00"
2024-01-21 18:00:00,EURUSD,1202544.9280712814,-249.71481214515933,equity_%,-7.056451279005752e-06,2119.0049054445653,1.6631395246144591e-06,3.326279049228918e-08,"Method: equity_%, ATR: 1202544.93, Risk: 2119.00"
2024-01-21 19:00:00,EURUSD,966911.0999235769,-296.74038074284016,equity_%,-7.393794412912441e-06,2121.4390859478,2.068442486758169e-06,4.136884973516338e-08,"Method: equity_%, ATR: 966911.10, Risk: 2121.44"
2024-01-01 01:00:00,GBPUSD,611270.527220881,-23.185761705505648,equity_%,-0.00015003650434680527,2126.4332850741393,3.271873762821392e-06,6.543747525642785e-08,"Method: equity_%, ATR: 611270.53, Risk: 2126.43"
2024-01-01 02:00:00,GBPUSD,625994.5795735387,-46.043531271154166,equity_%,-7.389722109295201e-05,2129.939677471735,3.194915843141178e-06,6.389831686282356e-08,"Method: equity_%, ATR: 625994.58, Risk: 2129.94"
2024-01-01 03:00:00,GBPUSD,505015.1448717463,-12.091519399462804,equity_%,-0.0003491533016562191,2132.0698683106075,3.960277271502264e-06,7.920554543004528e-08,"Method: equity_%, ATR: 505015.14, Risk: 2132.07"
2024-01-01 04:00:00,GBPUSD,711019.5239996688,-74.35670598823066,equity_%,-4.036739901991792e-05,2134.186832308397,2.812862280840732e-06,5.625724561681465e-08,"Method: equity_%, ATR: 711019.52, Risk: 2134.19"
2024-01-01 05:00:00,GBPUSD,600561.244543674,-118.49477271549918,equity_%,-2.999287738965899e-05,2134.3941762761424,3.3302182219894415e-06,6.660436443978883e-08,"Method: equity_%, ATR: 600561.24, Risk: 2134.39"
2024-01-01 06:00:00,GBPUSD,729100.6633411541,-73.40472836089816,equity_%,-3.98507022832897e-05,2132.7871159969523,2.7431054455976794e-06,5.486210891195358e-08,"Method: equity_%, ATR: 729100.66, Risk: 2132.79"
2024-01-01 07:00:00,GBPUSD,2722973.603150597,-309.2056729751182,equity_%,-2.5323632239413126e-06,2132.1457175985365,7.344911451531937e-07,1.4689822903063875e-08,"Method: equity_%, ATR: 2722973.60, Risk: 2132.15"
2024-01-01 08:00:00,GBPUSD,719280.7055740531,-347.07855961650006,equity_%,-8.546806430765001e-06,2133.6838264970957,2.7805556085420274e-06,5.561111217084055e-08,"Method: equity_%, ATR: 719280.71, Risk: 2133.68"
2024-01-01 09:00:00,GBPUSD,583605.6463362615,-301.04469817126824,equity_%,-1.2157001545990958e-05,2135.8804469928855,3.426971641819314e-06,6.853943283638627e-08,"Method: equity_%, ATR: 583605.65, Risk: 2135.88"
2024-01-01 10:00:00,GBPUSD,727163.2083457081,-259.9209576043671,equity_%,-1.1290111921501882e-05,2133.88712330527,2.750414180813669e-06,5.500828361627338e-08,"Method: equity_%, ATR: 727163.21, Risk: 2133.89"
2024-01-01 11:00:00,GBPUSD,789999.9756687251,-304.6974335266265,equity_%,-8.858273784975453e-06,2132.2836316566104,2.5316456475926153e-06,5.063291295185231e-08,"Method: equity_%, ATR: 789999.98, Risk: 2132.28"
2024-01-01 12:00:00,GBPUSD,379220.02619422984,-315.1364845730008,equity_%,-1.785179186682129e-05,2133.397415885867,5.2739830753970665e-06,1.0547966150794134e-07,"Method: equity_%, ATR: 379220.03, Risk: 2133.40"
2024-01-01 13:00:00,GBPUSD,721875.7555522018,-316.6117694285108,equity_%,-9.34787668594035e-06,2136.497975865294,2.77055987074963e-06,5.541119741499261e-08,"Method: equity_%, ATR: 721875.76, Risk: 2136.50"
2024-01-01 14:00:00,GBPUSD,1377941.026405167,-333.17843626392374,equity_%,-4.654566581333479e-06,2136.912618023275,1.4514409264797692e-06,2.9028818529595382e-08,"Method: equity_%, ATR: 1377941.03, Risk: 2136.91"
2024-01-01 15:00:00,GBPUSD,821379.8728453452,-356.0232717887968,equity_%,-7.309971492602626e-06,2137.657519965555,2.4349269639050105e-06,4.869853927810021e-08,"Method: equity_%, ATR: 821379.87, Risk: 2137.66"
2024-01-01 16:00:00,GBPUSD,302490.1908134888,-353.6073253443591,equity_%,-1.9992337305562053e-05,2138.4353234803225,6.611784648690217e-06,1.3223569297380433e-07,"Method: equity_%, ATR: 302490.19, Risk: 2138.44"
2024-01-01 17:00:00,GBPUSD,986128.2906566708,-394.0970145481693,equity_%,-5.5089006179086765e-06,2140.925233255293,2.0281336809312953e-06,4.05626736186259e-08,"Method: equity_%, ATR: 986128.29, Risk: 2140.93"
2024-01-01 18:00:00,GBPUSD,365956.9681250451,-410.7030268997443,equity_%,-1.4259394685121669e-05,2143.1818097073874,5.46512342761735e-06,1.09302468552347e-07,"Method: equity_%, ATR: 365956.97, Risk: 2143.18"
2024-01-01 19:00:00,GBPUSD,548755.3009182517,-402.8945790340889,equity_%,-9.68881967580547e-06,2142.1063349066508,3.644611717924781e-06,7.289223435849563e-08,"Method: equity_%, ATR: 548755.30, Risk: 2142.11"
2024-01-01 20:00:00,GBPUSD,1096885.934516484,-350.77519660834105,equity_%,-5.57373295928234e-06,2144.551607736298,1.8233436468319893e-06,3.646687293663979e-08,"Method: equity_%, ATR: 1096885.93, Risk: 2144.55"
2024-01-01 21:00:00,GBPUSD,416612.37718050415,-356.1835515323572,equity_%,-1.4487215056424051e-05,2149.764739824747,4.800625496379497e-06,9.601250992758993e-08,"Method: equity_%, ATR: 416612.38, Risk: 2149.76"
2024-01-01 22:00:00,GBPUSD,3146702.7173502017,-523.0872423739678,equity_%,-1.3063561839145439e-06,2150.262340108217,6.35585938567522e-07,1.2711718771350442e-08,"Method: equity_%, ATR: 3146702.72, Risk: 2150.26"
2024-01-01 23:00:00,GBPUSD,1031152.2994380511,-537.4837475206924,equity_%,-3.879076367862486e-06,2149.8911939813283,1.9395776948661643e-06,3.8791553897323286e-08,"Method: equity_%, ATR: 1031152.30, Risk: 2149.89"
2024-01-02 00:00:00,GBPUSD,472786.9083568692,-542.5845194012865,equity_%,-8.389029289646774e-06,2152.0113207293607,4.230235576849685e-06,8.460471153699371e-08,"Method: equity_%, ATR: 472786.91, Risk: 2152.01"
2024-01-02 01:00:00,GBPUSD,828977.4436868549,-591.2532168758316,equity_%,-4.391962986592559e-06,2152.657327078055,2.4126108801043533e-06,4.8252217602087073e-08,"Method: equity_%, ATR: 828977.44, Risk: 2152.66"
2024-01-02 02:00:00,GBPUSD,438614.0644029422,-592.67090302761,equity_%,-8.282520708263359e-06,2153.0726789345963,4.5598173025355995e-06,9.119634605071201e-08,"Method: equity_%, ATR: 438614.06, Risk: 2153.07"
2024-01-02 03:00:00,GBPUSD,905826.0472730285,-634.2161879801837,equity_%,-3.746861034265759e-06,2152.5324820408314,2.207929442988486e-06,4.415858885976973e-08,"Method: equity_%, ATR: 905826.05, Risk: 2152.53"
2024-01-02 04:00:00,GBPUSD,387681.2380164859,-632.728517323906,equity_%,-8.797623449133144e-06,2158.0304185969194,5.15887745879245e-06,1.0317754917584901e-07,"Method: equity_%, ATR: 387681.24, Risk: 2158.03"
2024-01-02 05:00:00,GBPUSD,2101906.761348356,-476.26056853800446,equity_%,-2.159130485073824e-06,2161.409035281816,9.515169924649829e-07,1.9030339849299655e-08,"Method: equity_%, ATR: 2101906.76, Risk: 2161.41"
2024-01-02 06:00:00,GBPUSD,1272877.502394477,-412.40157334405876,equity_%,-4.113646360555457e-06,2159.403882380807,1.5712431056701802e-06,3.1424862113403604e-08,"Method: equity_%, ATR: 1272877.50, Risk: 2159.40"
2024-01-02 07:00:00,GBPUSD,2038601.8906295572,-511.8991471987293,equity_%,-2.0755882565432656e-06,2165.9979114354655,9.810645272100495e-07,1.962129054420099e-08,"Method: equity_%, ATR: 2038601.89, Risk: 2166.00"
2024-01-02 08:00:00,GBPUSD,461497.06349647377,-512.2923237781222,equity_%,-9.1700759221361e-06,2168.0022158192505,4.333722049815995e-06,8.667444099631988e-08,"Method: equity_%, ATR: 461497.06, Risk: 2168.00"
2024-01-02 09:00:00,GBPUSD,827937.3782312132,-451.1609886369772,equity_%,-5.80225336403567e-06,2167.333373267545,2.415641632550465e-06,4.8312832651009304e-08,"Method: equity_%, ATR: 827937.38, Risk: 2167.33"
2024-01-02 10:00:00,GBPUSD,1150258.6633696416,-377.4145272203833,equity_%,-4.9948598987046995e-06,2168.390205055032,1.7387393494095244e-06,3.477478698819049e-08,"Method: equity_%, ATR: 1150258.66, Risk: 2168.39"
2024-01-02 11:00:00,GBPUSD,899102.0554511141,-410.3358175159407,equity_%,-5.8778359364092226e-06,2168.532212334204,2.2244415835491814e-06,4.448883167098362e-08,"Method: equity_%, ATR: 899102.06, Risk: 2168.53"
2024-01-02 12:00:00,GBPUSD,218171.23871120656,-424.78860391475206,equity_%,-2.3357730294086004e-05,2164.716333221502,9.167111172923217e-06,1.8334222345846435e-07,"Method: equity_%, ATR: 218171.24, Risk: 2164.72"
2024-01-02 13:00:00,GBPUSD,473456.6360701234,-432.58476753272197,equity_%,-1.0562601834585788e-05,2163.327842745636,4.22425170043193e-06,8.44850340086386e-08,"Method: equity_%, ATR: 473456.64, Risk: 2163.33"
2024-01-02 14:00:00,GBPUSD,872296.9866956742,-395.37652824865575,equity_%,-6.279369641611844e-06,2165.6651347573006,2.2927970983553995e-06,4.585594196710799e-08,"Method: equity_%, ATR: 872296.99, Risk: 2165.67"
2024-01-02 15:00:00,GBPUSD,572428.2285794681,-389.71202884025024,equity_%,-9.68560808924207e-06,2160.6864347243727,3.493887792646388e-06,6.987775585292776e-08,"Method: equity_%, ATR: 572428.23, Risk: 2160.69"
2024-01-02 16:00:00,GBPUSD,864546.5688118412,-439.1989444889228,equity_%,-5.695012967666592e-06,2162.441644980535,2.313351382272709e-06,4.626702764545417e-08,"Method: equity_%, ATR: 864546.57, Risk: 2162.44"
2024-01-02 17:00:00,GBPUSD,986603.2469322715,-493.186121932691,equity_%,-4.443427447774234e-06,2162.0786140395926,2.027157326127568e-06,4.054314652255136e-08,"Method: equity_%, ATR: 986603.25, Risk: 2162.08"
2024-01-02 18:00:00,GBPUSD,490913.39426591503,-500.29856969302574,equity_%,-8.794785782928e-06,2160.028138392465,4.074038360657667e-06,8.148076721315336e-08,"Method: equity_%, ATR: 490913.39, Risk: 2160.03"
2024-01-02 19:00:00,GBPUSD,586626.859167863,-537.2393172902032,equity_%,-6.853156706342641e-06,2159.834105721855,3.4093222441894723e-06,6.818644488378943e-08,"Method: equity_%, ATR: 586626.86, Risk: 2159.83"
2024-01-02 20:00:00,GBPUSD,570338.6256795136,-561.7484553580878,equity_%,-6.739494318673024e-06,2159.2453014805424,3.5066886757269117e-06,7.013377351453822e-08,"Method: equity_%, ATR: 570338.63, Risk: 2159.25"
2024-01-02 21:00:00,GBPUSD,2337866.4187272205,-643.6382044474783,equity_%,-1.4335840163380396e-06,2157.1714191628876,8.554808709253966e-07,1.710961741850793e-08,"Method: equity_%, ATR: 2337866.42, Risk: 2157.17"
2024-01-02 22:00:00,GBPUSD,396807.2746619873,-677.6256636696546,equity_%,-8.038439069319963e-06,2161.430100803476,5.0402301764846975e-06,1.0080460352969396e-07,"Method: equity_%, ATR: 396807.27, Risk: 2161.43"
2024-01-02 23:00:00,GBPUSD,1721669.4447782254,-737.6236482436229,equity_%,-1.7025055565261648e-06,2162.086881495628,1.1616631787628824e-06,2.323326357525765e-08,"Method: equity_%, ATR: 1721669.44, Risk: 2162.09"
2024-01-03 00:00:00,GBPUSD,608025.7006435749,-758.1381441019283,equity_%,-4.691692541561981e-06,2162.7176702350707,3.2893346414190494e-06,6.5786692828381e-08,"Method: equity_%, ATR: 608025.70, Risk: 2162.72"
2024-01-03 01:00:00,GBPUSD,593908.4801974548,-774.8022732778262,equity_%,-4.7018737232351045e-06,2163.621926264895,3.3675222137509578e-06,6.735044427501916e-08,"Method: equity_%, ATR: 593908.48, Risk: 2163.62"
2024-01-03 02:00:00,GBPUSD,478558.15874963126,-763.5435901511004,equity_%,-5.922581378043212e-06,2164.111322171288,4.179220358974898e-06,8.358440717949795e-08,"Method: equity_%, ATR: 478558.16, Risk: 2164.11"
2024-01-03 03:00:00,GBPUSD,574776.2676093043,-726.3704891610312,equity_%,-5.185644654245756e-06,2165.0093327419527,3.4796147870173905e-06,6.95922957403478e-08,"Method: equity_%, ATR: 574776.27, Risk: 2165.01"
2024-01-03 04:00:00,GBPUSD,649326.4766647633,-692.6930297613312,equity_%,-4.805669685068532e-06,2161.5129704411725,3.080114660152026e-06,6.160229320304052e-08,"Method: equity_%, ATR: 649326.48, Risk: 2161.51"
2024-01-03 05:00:00,GBPUSD,1849505.9102965388,-600.3029695554984,equity_%,-1.9469635952610512e-06,2161.6433752772723,1.0813698885013738e-06,2.1627397770027478e-08,"Method: equity_%, ATR: 1849505.91, Risk: 2161.64"
2024-01-03 06:00:00,GBPUSD,1026852.9510797895,-650.1976244443331,equity_%,-3.2349280481809735e-06,2159.8234862961644,1.9476985462201723e-06,3.895397092440345e-08,"Method: equity_%, ATR: 1026852.95, Risk: 2159.82"
2024-01-03 07:00:00,GBPUSD,417734.1536221206,-645.1770722200108,equity_%,-8.015041868403847e-06,2160.1539571329117,4.7877339754440714e-06,9.575467950888143e-08,"Method: equity_%, ATR: 417734.15, Risk: 2160.15"
2024-01-03 08:00:00,GBPUSD,1051339.8410666923,-573.3651181857217,equity_%,-3.586156358678549e-06,2161.740762984839,1.9023344515992035e-06,3.8046689031984077e-08,"Method: equity_%, ATR: 1051339.84, Risk: 2161.74"
2024-01-03 09:00:00,GBPUSD,1162320.8993727365,-477.45773362886945,equity_%,-3.893872153945768e-06,2160.9397952738254,1.7206952065297364e-06,3.441390413059472e-08,"Method: equity_%, ATR: 1162320.90, Risk: 2160.94"
2024-01-03 10:00:00,GBPUSD,2240272.7966512,-521.528732188221,equity_%,-1.849027813385477e-06,2160.3423976776367,8.927484201877717e-07,1.7854968403755436e-08,"Method: equity_%, ATR: 2240272.80, Risk: 2160.34"
2024-01-03 11:00:00,GBPUSD,1046510.0518276307,-580.9898980939231,equity_%,-3.5533965146735542e-06,2160.506898590832,1.911113989308741e-06,3.8222279786174824e-08,"Method: equity_%, ATR: 1046510.05, Risk: 2160.51"
2024-01-03 12:00:00,GBPUSD,442408.07426465495,-572.3037439575395,equity_%,-8.533708133122935e-06,2160.664899506643,4.52071315227301e-06,9.041426304546021e-08,"Method: equity_%, ATR: 442408.07, Risk: 2160.66"
2024-01-03 13:00:00,GBPUSD,748716.6000147045,-596.7068044416235,equity_%,-4.833437576310912e-06,2159.4073062045095,2.6712376885469362e-06,5.3424753770938724e-08,"Method: equity_%, ATR: 748716.60, Risk: 2159.41"
2024-01-03 14:00:00,GBPUSD,422002.2770541425,-594.2176970910579,equity_%,-8.616668877220838e-06,2160.7264106579064,4.739310920219045e-06,9.47862184043809e-08,"Method: equity_%, ATR: 422002.28, Risk: 2160.73"
2024-01-03 15:00:00,GBPUSD,527501.6923945771,-572.9020504265106,equity_%,-7.155149585730786e-06,2162.334868241684,3.791457030063855e-06,7.58291406012771e-08,"Method: equity_%, ATR: 527501.69, Risk: 2162.33"
2024-01-03 16:00:00,GBPUSD,683731.4628474689,-539.0907315267347,equity_%,-5.872735563513023e-06,2164.6509489315704,2.925125006930056e-06,5.850250013860113e-08,"Method: equity_%, ATR: 683731.46, Risk: 2164.65"
2024-01-03 17:00:00,GBPUSD,573912.7664095793,-555.5115029881699,equity_%,-6.797100637343633e-06,2167.0186147543204,3.4848501672337392e-06,6.969700334467477e-08,"Method: equity_%, ATR: 573912.77, Risk: 2167.02"
2024-01-03 18:00:00,GBPUSD,571504.702362314,-585.6622403337666,equity_%,-6.502014378883608e-06,2176.280938440653,3.499533760147559e-06,6.999067520295118e-08,"Method: equity_%, ATR: 571504.70, Risk: 2176.28"
2024-01-03 19:00:00,GBPUSD,435411.1843227383,-569.5364675990703,equity_%,-8.766411860177524e-06,2173.917148784772,4.593359270527024e-06,9.186718541054045e-08,"Method: equity_%, ATR: 435411.18, Risk: 2173.92"
2024-01-03 20:00:00,GBPUSD,909978.705501004,-654.0025004776136,equity_%,-3.660315338891971e-06,2178.3574236453655,2.197853628782298e-06,4.3957072575645964e-08,"Method: equity_%, ATR: 909978.71, Risk: 2178.36"
2024-01-03 21:00:00,GBPUSD,2387473.1140807937,-618.2523287262982,equity_%,-1.4765871899180397e-06,2179.5324873541153,8.377057685820367e-07,1.6754115371640734e-08,"Method: equity_%, ATR: 2387473.11, Risk: 2179.53"
2024-01-03 22:00:00,GBPUSD,683868.8181497104,-642.0799892656323,equity_%,-4.9704358400274204e-06,2182.510839275886,2.924537494502588e-06,5.849074989005176e-08,"Method: equity_%, ATR: 683868.82, Risk: 2182.51"
2024-01-03 23:00:00,GBPUSD,2155567.655437709,-550.9970961522902,equity_%,-1.8362500757420665e-06,2180.9353661835767,9.27829843315162e-07,1.855659686630324e-08,"Method: equity_%, ATR: 2155567.66, Risk: 2180.94"
2024-01-04 00:00:00,GBPUSD,1422202.4431906822,-620.3106270229081,equity_%,-2.474285119530001e-06,2182.832368228978,1.4062695571757288e-06,2.8125391143514577e-08,"Method: equity_%, ATR: 1422202.44, Risk: 2182.83"
2024-01-04 01:00:00,GBPUSD,292007.3692794847,-611.8451362498497,equity_%,-1.2189165643251624e-05,2177.756419634757,6.849142214920507e-06,1.3698284429841012e-07,"Method: equity_%, ATR: 292007.37, Risk: 2177.76"
2024-01-04 02:00:00,GBPUSD,667744.3137639171,-622.2837421781711,equity_%,-5.239634498133584e-06,2177.2066195431034,2.995158414343466e-06,5.990316828686932e-08,"Method: equity_%, ATR: 667744.31, Risk: 2177.21"
2024-01-04 03:00:00,GBPUSD,1594487.199781887,-732.5537529018263,equity_%,-1.8682643579555713e-06,2182.221666134772,1.2543217658151058e-06,2.5086435316302114e-08,"Method: equity_%, ATR: 1594487.20, Risk: 2182.22"
2024-01-04 04:00:00,GBPUSD,376596.82747597,-739.930414640393,equity_%,-7.832652679575962e-06,2182.611331324504,5.310719193797818e-06,1.0621438387595636e-07,"Method: equity_%, ATR: 376596.83, Risk: 2182.61"
2024-01-04 05:00:00,GBPUSD,820782.0759413164,-690.7110098643188,equity_%,-3.853089738319974e-06,2184.4060281117045,2.4367003844550257e-06,4.873400768910052e-08,"Method: equity_%, ATR: 820782.08, Risk: 2184.41"
2024-01-04 06:00:00,GBPUSD,995631.4105584136,-752.9002326968708,equity_%,-2.9100030051188598e-06,2181.3706138776693,2.0087755155075633e-06,4.017551031015127e-08,"Method: equity_%, ATR: 995631.41, Risk: 2181.37"
2024-01-04 07:00:00,GBPUSD,714772.3805561452,-801.7904677988406,equity_%,-3.802322940489833e-06,2179.102461036747,2.798093567135112e-06,5.5961871342702235e-08,"Method: equity_%, ATR: 714772.38, Risk: 2179.10"
2024-01-04 08:00:00,GBPUSD,1361035.5065229032,-872.2114613647957,equity_%,-1.8355553711207122e-06,2179.0075465263662,1.4694693785832872e-06,2.9389387571665746e-08,"Method: equity_%, ATR: 1361035.51, Risk: 2179.01"
2024-01-04 09:00:00,GBPUSD,259485.24371391046,-882.5191214304673,equity_%,-9.527306450323302e-06,2181.7597443589757,7.707567379843204e-06,1.5415134759686405e-07,"Method: equity_%, ATR: 259485.24, Risk: 2181.76"
2024-01-04 10:00:00,GBPUSD,725185.8178911789,-855.0436773120473,equity_%,-3.5170906036222936e-06,2180.826714133406,2.757913834851248e-06,5.515827669702496e-08,"Method: equity_%, ATR: 725185.82, Risk: 2180.83"
2024-01-04 11:00:00,GBPUSD,764658.6270793796,-833.3273478735114,equity_%,-3.420360447117872e-06,2179.4911152545624,2.615546244000434e-06,5.2310924880008674e-08,"Method: equity_%, ATR: 764658.63, Risk: 2179.49"
2024-01-04 12:00:00,GBPUSD,579935.2568076551,-812.0588145340623,equity_%,-4.6311941883516105e-06,2181.02170990121,3.4486608229499873e-06,6.897321645899975e-08,"Method: equity_%, ATR: 579935.26, Risk: 2181.02"
2024-01-04 13:00:00,GBPUSD,804477.4816840208,-871.3626418015036,equity_%,-3.1199546055234123e-06,2187.0620448273776,2.4860857457605654e-06,4.9721714915211306e-08,"Method: equity_%, ATR: 804477.48, Risk: 2187.06"
2024-01-04 14:00:00,GBPUSD,971757.9311546228,-900.7718719277025,equity_%,-2.4971553067994313e-06,2185.840475178816,2.058125728517226e-06,4.1162514570344507e-08,"Method: equity_%, ATR: 971757.93, Risk: 2185.84"
2024-01-04 15:00:00,GBPUSD,540996.3863532698,-863.184008181024,equity_%,-4.674029918796338e-06,2182.675823467822,3.6968823645598313e-06,7.393764729119663e-08,"Method: equity_%, ATR: 540996.39, Risk: 2182.68"
2024-01-04 16:00:00,GBPUSD,1508617.964682802,-800.3111175939812,equity_%,-1.8046256855167692e-06,2178.8395977240407,1.3257166803131066e-06,2.651433360626213e-08,"Method: equity_%, ATR: 1508617.96, Risk: 2178.84"
2024-01-04 17:00:00,GBPUSD,1032985.3849913377,-886.2491686324406,equity_%,-2.3824132238576836e-06,2181.057468068382,1.936135814754796e-06,3.872271629509592e-08,"Method: equity_%, ATR: 1032985.38, Risk: 2181.06"
2024-01-04 18:00:00,GBPUSD,989990.4961531865,-922.2308927404592,equity_%,-2.3893119756794416e-06,2181.44140150171,2.020221414014998e-06,4.0404428280299964e-08,"Method: equity_%, ATR: 989990.50, Risk: 2181.44"
2024-01-04 19:00:00,GBPUSD,597827.242472448,-892.7377247722295,equity_%,-4.090534758068035e-06,2183.130394858446,3.3454480791617225e-06,6.690896158323443e-08,"Method: equity_%, ATR: 597827.24, Risk: 2183.13"
2024-01-04 20:00:00,GBPUSD,265594.3604626964,-905.0000378944815,equity_%,-9.07970396283001e-06,2182.4240326978247,7.53028037385947e-06,1.5060560747718937e-07,"Method: equity_%, ATR: 265594.36, Risk: 2182.42"
2024-01-04 21:00:00,GBPUSD,453028.8176586714,-870.7438129875827,equity_%,-5.527938604535791e-06,2180.6172187757834,4.4147301938458e-06,8.829460387691599e-08,"Method: equity_%, ATR: 453028.82, Risk: 2180.62"
2024-01-04 22:00:00,GBPUSD,751712.667276546,-858.3518332495743,equity_%,-3.3801688548366794e-06,2180.9996884666543,2.660591057013842e-06,5.3211821140276835e-08,"Method: equity_%, ATR: 751712.67, Risk: 2181.00"
2024-01-04 23:00:00,GBPUSD,476380.9779838323,-842.8767865484389,equity_%,-5.4479906744485175e-06,2187.534244603351,4.1983204460944644e-06,8.396640892188928e-08,"Method: equity_%, ATR: 476380.98, Risk: 2187.53"
2024-01-05 00:00:00,GBPUSD,824684.5521504633,-815.7084607174302,equity_%,-3.244204820332887e-06,2182.3836115713443,2.4251697146318084e-06,4.8503394292636166e-08,"Method: equity_%, ATR: 824684.55, Risk: 2182.38"
2024-01-05 01:00:00,GBPUSD,330893.26780071016,-792.5333194321781,equity_%,-8.319228884963814e-06,2181.6673597881627,6.044245062140571e-06,1.208849012428114e-07,"Method: equity_%, ATR: 330893.27, Risk: 2181.67"
2024-01-05 02:00:00,GBPUSD,930573.9662579208,-818.8084442646294,equity_%,-2.860526309219326e-06,2179.6118372640426,2.149211209983145e-06,4.298422419966289e-08,"Method: equity_%, ATR: 930573.97, Risk: 2179.61"
2024-01-05 03:00:00,GBPUSD,450851.72094816016,-837.1287511271036,equity_%,-5.767142782895446e-06,2176.640439281881,4.436048277233844e-06,8.872096554467688e-08,"Method: equity_%, ATR: 450851.72, Risk: 2176.64"
2024-01-05 04:00:00,GBPUSD,2674989.0130856386,-964.2169410767111,equity_%,-8.431652152395491e-07,2174.7505116695274,7.476666222613643e-07,1.4953332445227286e-08,"Method: equity_%, ATR: 2674989.01, Risk: 2174.75"
2024-01-05 05:00:00,GBPUSD,519154.8712754934,-973.7642660515139,equity_%,-4.301823483036273e-06,2174.7200209530542,3.852414974141089e-06,7.704829948282177e-08,"Method: equity_%, ATR: 519154.87, Risk: 2174.72"
2024-01-05 06:00:00,GBPUSD,110149.43850622444,-980.6786096094557,equity_%,-2.0157477826184124e-05,2177.4349075458276,1.8157151113275822e-05,3.6314302226551647e-07,"Method: equity_%, ATR: 110149.44, Risk: 2177.43"
2024-01-05 07:00:00,GBPUSD,677695.6879029603,-955.2337681688657,equity_%,-3.3660292966977625e-06,2179.02533918759,2.9511771075137503e-06,5.9023542150275006e-08,"Method: equity_%, ATR: 677695.69, Risk: 2179.03"
2024-01-05 08:00:00,GBPUSD,343023.599070392,-962.8215630053121,equity_%,-6.602320117227988e-06,2180.5516838290264,5.830502640110132e-06,1.1661005280220266e-07,"Method: equity_%, ATR: 343023.60, Risk: 2180.55"
2024-01-05 09:00:00,GBPUSD,930338.64488066,-948.2433686368438,equity_%,-2.4674767448483594e-06,2176.7770189394178,2.1497548349789897e-06,4.299509669957979e-08,"Method: equity_%, ATR: 930338.64, Risk: 2176.78"
2024-01-05 10:00:00,GBPUSD,386440.90019321995,-944.3861243987459,equity_%,-5.966751464328608e-06,2177.5625103122898,5.175435620297961e-06,1.0350871240595923e-07,"Method: equity_%, ATR: 386440.90, Risk: 2177.56"
2024-01-05 11:00:00,GBPUSD,473785.6868018343,-945.5269338565373,equity_%,-4.854942894148518e-06,2174.9033730956426,4.221317899028301e-06,8.442635798056601e-08,"Method: equity_%, ATR: 473785.69, Risk: 2174.90"
2024-01-05 12:00:00,GBPUSD,1468832.6452941748,-860.7687345959151,equity_%,-1.7185317159654286e-06,2172.7829854363763,1.361625510167936e-06,2.723251020335872e-08,"Method: equity_%, ATR: 1468832.65, Risk: 2172.78"
2024-01-05 13:00:00,GBPUSD,1264359.6216655807,-794.5069347913611,equity_%,-2.163227390677899e-06,2173.053824023986,1.5818284337215208e-06,3.163656867443042e-08,"Method: equity_%, ATR: 1264359.62, Risk: 2173.05"
2024-01-05 14:00:00,GBPUSD,865387.78856735,-762.0480857625622,equity_%,-3.298324270122883e-06,2175.1363667407695,2.3111026367855286e-06,4.622205273571057e-08,"Method: equity_%, ATR: 865387.79, Risk: 2175.14"
2024-01-05 15:00:00,GBPUSD,513088.1144418595,-744.4997774265681,equity_%,-5.694900415072495e-06,2175.4177151339227,3.897965951083496e-06,7.795931902166992e-08,"Method: equity_%, ATR: 513088.11, Risk: 2175.42"
2024-01-05 16:00:00,GBPUSD,539910.2683961029,-753.8811609261447,equity_%,-5.345686966791296e-06,2175.8452365921075,3.7043192490880877e-06,7.408638498176175e-08,"Method: equity_%, ATR: 539910.27, Risk: 2175.85"
2024-01-05 17:00:00,GBPUSD,1308616.0287943927,-726.1477860006044,equity_%,-2.290380598895178e-06,2176.4310309372454,1.5283321891162896e-06,3.056664378232579e-08,"Method: equity_%, ATR: 1308616.03, Risk: 2176.43"
2024-01-05 18:00:00,GBPUSD,356370.7742559427,-746.7300433736444,equity_%,-8.179580685409133e-06,2176.6908222423754,5.612132488068776e-06,1.1224264976137551e-07,"Method: equity_%, ATR: 356370.77, Risk: 2176.69"
2024-01-05 19:00:00,GBPUSD,450499.45631839935,-789.4422355458188,equity_%,-6.123455325323707e-06,2177.7658464914884,4.439517011506581e-06,8.87903402301316e-08,"Method: equity_%, ATR: 450499.46, Risk: 2177.77"
2024-01-05 20:00:00,GBPUSD,470221.5735908362,-781.0363975053198,equity_%,-5.9295372031998685e-06,2177.682804900696,4.253313995627734e-06,8.506627991255469e-08,"Method: equity_%, ATR: 470221.57, Risk: 2177.68"
2024-01-05 21:00:00,GBPUSD,1209233.0794128077,-732.2180788592918,equity_%,-2.4584565520537944e-06,2176.772309594969,1.6539408605751849e-06,3.30788172115037e-08,"Method: equity_%, ATR: 1209233.08, Risk: 2176.77"
2024-01-05 22:00:00,GBPUSD,153416.3534754373,-734.2373741510825,equity_%,-1.9343313373592345e-05,2178.9085887274973,1.303641987762543e-05,2.607283975525086e-07,"Method: equity_%, ATR: 153416.35, Risk: 2178.91"
2024-01-05 23:00:00,GBPUSD,1789174.956257641,-853.0905845872943,equity_%,-1.4284967351059893e-06,2180.3550066245725,1.1178336657379414e-06,2.2356673314758824e-08,"Method: equity_%, ATR: 1789174.96, Risk: 2180.36"
2024-01-06 00:00:00,GBPUSD,666506.3734857745,-822.7701039514717,equity_%,-3.979253665534361e-06,2182.149166397542,3.000721492789577e-06,6.001442985579152e-08,"Method: equity_%, ATR: 666506.37, Risk: 2182.15"
2024-01-06 01:00:00,GBPUSD,401361.1470921819,-813.309709266939,equity_%,-6.684162570093127e-06,2181.9173228314103,4.9830433625421485e-06,9.966086725084297e-08,"Method: equity_%, ATR: 401361.15, Risk: 2181.92"
2024-01-06 02:00:00,GBPUSD,243277.35250467298,-829.4029953617809,equity_%,-1.08210277038556e-05,2183.4124848142264,8.22106940662133e-06,1.6442138813242658e-07,"Method: equity_%, ATR: 243277.35, Risk: 2183.41"
2024-01-06 03:00:00,GBPUSD,1488470.258570137,-845.4555088826144,equity_%,-1.7342604819917241e-06,2182.4547485286503,1.3436613788449167e-06,2.6873227576898336e-08,"Method: equity_%, ATR: 1488470.26, Risk: 2182.45"
2024-01-06 04:00:00,GBPUSD,452133.07265044935,-816.0053595036786,equity_%,-5.926346994005386e-06,2186.4843011863854,4.423476451912265e-06,8.846952903824531e-08,"Method: equity_%, ATR: 452133.07, Risk: 2186.48"
2024-01-06 05:00:00,GBPUSD,2108624.3339126725,-919.8862231892737,equity_%,-1.1290994895477403e-06,2190.108041203546,9.484856870113444e-07,1.896971374022689e-08,"Method: equity_%, ATR: 2108624.33, Risk: 2190.11"
2024-01-06 06:00:00,GBPUSD,1112955.5339109607,-842.8974581743843,equity_%,-2.3335252453031147e-06,2189.097278758077,1.797016986808033e-06,3.594033973616066e-08,"Method: equity_%, ATR: 1112955.53, Risk: 2189.10"
2024-01-06 07:00:00,GBPUSD,377158.3635035188,-850.2147399618609,equity_%,-6.819452466442064e-06,2186.763816486143,5.30281227604632e-06,1.0605624552092641e-07,"Method: equity_%, ATR: 377158.36, Risk: 2186.76"
2024-01-06 08:00:00,GBPUSD,463426.27844823594,-859.2287305076516,equity_%,-5.488742689992108e-06,2185.5579120710076,4.315681032799692e-06,8.631362065599384e-08,"Method: equity_%, ATR: 463426.28, Risk: 2185.56"
2024-01-06 09:00:00,GBPUSD,1966476.588439599,-945.821020273607,equity_%,-1.1755817004242205e-06,2186.5054244523812,1.017047450123473e-06,2.034094900246946e-08,"Method: equity_%, ATR: 1966476.59, Risk: 2186.51"
2024-01-06 10:00:00,GBPUSD,1185382.5252896603,-1015.5481218249804,equity_%,-1.8209241901072362e-06,2192.052206970738,1.6872190683857765e-06,3.374438136771553e-08,"Method: equity_%, ATR: 1185382.53, Risk: 2192.05"
2024-01-06 11:00:00,GBPUSD,574669.0476249193,-1044.099332617418,equity_%,-3.6545989944297948e-06,2192.8016770829972,3.4802640028480875e-06,6.960528005696175e-08,"Method: equity_%, ATR: 574669.05, Risk: 2192.80"
2024-01-06 12:00:00,GBPUSD,521976.99650540017,-1036.9708105393029,equity_%,-4.0484242935127954e-06,2191.310491668049,3.83158647486357e-06,7.66317294972714e-08,"Method: equity_%, ATR: 521977.00, Risk: 2191.31"
2024-01-06 13:00:00,GBPUSD,1369384.148702079,-1124.495035088332,equity_%,-1.4209482335452463e-06,2188.069412698176,1.4605105527880013e-06,2.9210211055760026e-08,"Method: equity_%, ATR: 1369384.15, Risk: 2188.07"
2024-01-06 14:00:00,GBPUSD,881630.6776797501,-1145.0137012206246,equity_%,-2.1735069185730177e-06,2194.110037004983,2.26852360136054e-06,4.5370472027210795e-08,"Method: equity_%, ATR: 881630.68, Risk: 2194.11"
2024-01-06 15:00:00,GBPUSD,867643.4674896996,-1096.593996054278,equity_%,-2.3063298577732496e-06,2194.3635792239556,2.305094286926955e-06,4.61018857385391e-08,"Method: equity_%, ATR: 867643.47, Risk: 2194.36"
2024-01-06 16:00:00,GBPUSD,786752.8962077472,-1096.643632090866,equity_%,-2.54403020173372e-06,2194.9575941789644,2.542094232687626e-06,5.084188465375252e-08,"Method: equity_%, ATR: 786752.90, Risk: 2194.96"
2024-01-06 17:00:00,GBPUSD,643244.552897695,-1146.6375180618809,equity_%,-2.9770802435452815e-06,2195.800126256858,3.109237367017534e-06,6.218474734035068e-08,"Method: equity_%, ATR: 643244.55, Risk: 2195.80"
2024-01-06 18:00:00,GBPUSD,574151.1326272393,-1137.432141056505,equity_%,-3.3610386703694397e-06,2194.95303091372,3.483403386924041e-06,6.966806773848082e-08,"Method: equity_%, ATR: 574151.13, Risk: 2194.95"
2024-01-06 19:00:00,GBPUSD,467995.6050213491,-1157.859177923063,equity_%,-4.0539144346699835e-06,2196.7068028149624,4.273544406274421e-06,8.547088812548842e-08,"Method: equity_%, ATR: 467995.61, Risk: 2196.71"
2024-01-06 20:00:00,GBPUSD,649559.7293507967,-1201.9686096212681,equity_%,-2.8212250614657846e-06,2202.6726086408185,3.079008610953919e-06,6.158017221907838e-08,"Method: equity_%, ATR: 649559.73, Risk: 2202.67"
2024-01-06 21:00:00,GBPUSD,286178.785155048,-1196.8488439304047,equity_%,-6.436873848015276e-06,2204.7113513087756,6.988638235068422e-06,1.3977276470136843e-07,"Method: equity_%, ATR: 286178.79, Risk: 2204.71"
2024-01-06 22:00:00,GBPUSD,840414.2452188262,-1241.5056377392345,equity_%,-2.1161762672054882e-06,2207.973927178968,2.379778795252622e-06,4.7595575905052446e-08,"Method: equity_%, ATR: 840414.25, Risk: 2207.97"
2024-01-06 23:00:00,GBPUSD,1593558.8154252695,-1211.4984011568272,equity_%,-1.1458057098269896e-06,2212.0855793305695,1.2550525155648332e-06,2.510105031129667e-08,"Method: equity_%, ATR: 1593558.82, Risk: 2212.09"
2024-01-07 00:00:00,GBPUSD,545711.7936170789,-1183.644017174502,equity_%,-3.4299684479683084e-06,2215.5143733278373,3.664938202532933e-06,7.329876405065866e-08,"Method: equity_%, ATR: 545711.79, Risk: 2215.51"
2024-01-07 01:00:00,GBPUSD,842076.5118362601,-1222.9068241511993,equity_%,-2.152525268043333e-06,2216.6298658170376,2.375081090480404e-06,4.7501621809608086e-08,"Method: equity_%, ATR: 842076.51, Risk: 2216.63"
2024-01-07 02:00:00,GBPUSD,899412.4148751735,-1172.6793725199136,equity_%,-2.1029497838225966e-06,2218.028214288596,2.2236739975148927e-06,4.447347995029786e-08,"Method: equity_%, ATR: 899412.41, Risk: 2218.03"
2024-01-07 03:00:00,GBPUSD,2316669.0013975254,-1009.9884736057735,equity_%,-9.495908197870484e-07,2221.8611356025235,8.633084824778613e-07,1.726616964955723e-08,"Method: equity_%, ATR: 2316669.00, Risk: 2221.86"
2024-01-07 04:00:00,GBPUSD,1008915.8877213219,-962.9022585294535,equity_%,-2.2910118793850635e-06,2225.6891441823277,1.982325805689394e-06,3.964651611378788e-08,"Method: equity_%, ATR: 1008915.89, Risk: 2225.69"
2024-01-07 05:00:00,GBPUSD,917126.7118523883,-1024.7773042308738,equity_%,-2.36935678894496e-06,2226.841493080857,2.1807237474966273e-06,4.361447494993255e-08,"Method: equity_%, ATR: 917126.71, Risk: 2226.84"
2024-01-07 06:00:00,GBPUSD,561078.7452485169,-1076.0783486756072,equity_%,-3.688635948212179e-06,2227.068138555822,3.5645620457680077e-06,7.129124091536015e-08,"Method: equity_%, ATR: 561078.75, Risk: 2227.07"
2024-01-07 07:00:00,GBPUSD,664587.246220483,-1037.229399348849,equity_%,-3.2312025997361266e-06,2227.3630469762097,3.0093866702589135e-06,6.018773340517827e-08,"Method: equity_%, ATR: 664587.25, Risk: 2227.36"
2024-01-07 08:00:00,GBPUSD,778800.1699408256,-1052.6406904749385,equity_%,-2.7154214756891947e-06,2226.093696926033,2.56805285513993e-06,5.136105710279859e-08,"Method: equity_%, ATR: 778800.17, Risk: 2226.09"
2024-01-07 09:00:00,GBPUSD,747683.8808871753,-1098.1539513532875,equity_%,-2.710907479823213e-06,2225.8502483928173,2.674927266891016e-06,5.3498545337820316e-08,"Method: equity_%, ATR: 747683.88, Risk: 2225.85"
2024-01-07 10:00:00,GBPUSD,635738.9355608916,-1075.054259781488,equity_%,-3.257602824025951e-06,2226.421194404345,3.1459454315716333e-06,6.291890863143267e-08,"Method: equity_%, ATR: 635738.94, Risk: 2226.42"
2024-01-07 11:00:00,GBPUSD,509820.7199540025,-1050.2971598644933,equity_%,-4.1575189739098876e-06,2226.198639200296,3.922947659287848e-06,7.845895318575698e-08,"Method: equity_%, ATR: 509820.72, Risk: 2226.20"
2024-01-07 12:00:00,GBPUSD,212024.95101889782,-1031.9049563934,equity_%,-1.0172181903132636e-05,2225.56758769562,9.432852078912823e-06,1.8865704157825649e-07,"Method: equity_%, ATR: 212024.95, Risk: 2225.57"
2024-01-07 13:00:00,GBPUSD,584703.7781524636,-994.1387119114366,equity_%,-3.831284261875556e-06,2227.0361225570773,3.420535448427516e-06,6.841070896855033e-08,"Method: equity_%, ATR: 584703.78, Risk: 2227.04"
2024-01-07 14:00:00,GBPUSD,419668.2698432926,-1001.033301553242,equity_%,-5.304110515167522e-06,2228.266977995595,4.76566884779451e-06,9.531337695589021e-08,"Method: equity_%, ATR: 419668.27, Risk: 2228.27"
2024-01-07 15:00:00,GBPUSD,803410.9608420988,-1052.6794898535973,equity_%,-2.6375570929084765e-06,2230.6723444879867,2.4893860022816856e-06,4.9787720045633714e-08,"Method: equity_%, ATR: 803410.96, Risk: 2230.67"
2024-01-07 16:00:00,GBPUSD,488706.21229600604,-1081.321108809595,equity_%,-4.222331196182351e-06,2231.2839257484857,4.092438257749451e-06,8.184876515498903e-08,"Method: equity_%, ATR: 488706.21, Risk: 2231.28"
2024-01-07 17:00:00,GBPUSD,1907116.220669477,-1206.1180856974222,equity_%,-9.69694685381104e-07,2230.49885738297,1.0487037854976224e-06,2.0974075709952448e-08,"Method: equity_%, ATR: 1907116.22, Risk: 2230.50"
2024-01-07 18:00:00,GBPUSD,849079.4577413453,-1235.6514284767989,equity_%,-2.126641376950661e-06,2231.2003475945535,2.355492153019746e-06,4.7109843060394914e-08,"Method: equity_%, ATR: 849079.46, Risk: 2231.20"
2024-01-07 19:00:00,GBPUSD,312262.80580702226,-1257.7777921479963,equity_%,-5.679196896035456e-06,2230.5455986783845,6.404861426999397e-06,1.2809722853998792e-07,"Method: equity_%, ATR: 312262.81, Risk: 2230.55"
2024-01-07 20:00:00,GBPUSD,830906.0655122789,-1242.1865637923493,equity_%,-2.160918087096126e-06,2230.3707514993534,2.4070109522752598e-06,4.8140219045505204e-08,"Method: equity_%, ATR: 830906.07, Risk: 2230.37"
2024-01-07 21:00:00,GBPUSD,550109.7276548945,-1215.330149577648,equity_%,-3.3437560812125514e-06,2235.5180757685775,3.6356383089714765e-06,7.271276617942954e-08,"Method: equity_%, ATR: 550109.73, Risk: 2235.52"
2024-01-07 22:00:00,GBPUSD,2312197.7582027717,-1135.755431224435,equity_%,-8.511473281540025e-07,2235.1904759772715,8.649779167481605e-07,1.729955833496321e-08,"Method: equity_%, ATR: 2312197.76, Risk: 2235.19"
2024-01-07 23:00:00,GBPUSD,1413736.0398766897,-1074.661534347303,equity_%,-1.471056895319746e-06,2234.958708514296,1.4146912461639206e-06,2.829382492327841e-08,"Method: equity_%, ATR: 1413736.04, Risk: 2234.96"
2024-01-08 00:00:00,GBPUSD,762595.9549232675,-1032.4523738771293,equity_%,-2.8423351391489524e-06,2237.895529081094,2.6226207824577827e-06,5.245241564915566e-08,"Method: equity_%, ATR: 762595.95, Risk: 2237.90"
2024-01-08 01:00:00,GBPUSD,858556.5183570259,-1053.488434529549,equity_%,-2.479115917221966e-06,2242.3091843206716,2.3294913698020646e-06,4.6589827396041296e-08,"Method: equity_%, ATR: 858556.52, Risk: 2242.31"
2024-01-08 02:00:00,GBPUSD,363565.8123630401,-1059.0309521287527,equity_%,-5.819808884466129e-06,2240.786165126309,5.501067295081343e-06,1.1002134590162686e-07,"Method: equity_%, ATR: 363565.81, Risk: 2240.79"
2024-01-08 03:00:00,GBPUSD,348531.98988419306,-1074.0033140177518,equity_%,-5.988613436908225e-06,2241.6848033862498,5.7383541770858435e-06,1.1476708354171686e-07,"Method: equity_%, ATR: 348531.99, Risk: 2241.68"
2024-01-08 04:00:00,GBPUSD,1011179.9400267785,-993.3172594478407,equity_%,-2.2308488785363645e-06,2240.7147783348673,1.9778873381794293e-06,3.955774676358859e-08,"Method: equity_%, ATR: 1011179.94, Risk: 2240.71"
2024-01-08 05:00:00,GBPUSD,194849.42968650218,-993.4464160261899,equity_%,-1.1575991343287057e-05,2240.7932090835425,1.0264335919370391e-05,2.0528671838740782e-07,"Method: equity_%, ATR: 194849.43, Risk: 2240.79"
2024-01-08 06:00:00,GBPUSD,1881798.7561150359,-1092.6410412259947,equity_%,-1.091462422746535e-06,2244.189234052122,1.0628129036119624e-06,2.1256258072239246e-08,"Method: equity_%, ATR: 1881798.76, Risk: 2244.19"
2024-01-08 07:00:00,GBPUSD,2198379.5444139265,-1143.3601997915703,equity_%,-8.922723780276886e-07,2242.762023185203,9.097610124157095e-07,1.819522024831419e-08,"Method: equity_%, ATR: 2198379.54, Risk: 2242.76"
2024-01-08 08:00:00,GBPUSD,217739.85533840233,-1145.3546638639925,equity_%,-8.9816297977247e-06,2239.922896421344,9.18527293449186e-06,1.8370545868983722e-07,"Method: equity_%, ATR: 217739.86, Risk: 2239.92"
2024-01-08 09:00:00,GBPUSD,570014.0400538476,-1157.0528766100526,equity_%,-3.4031758437825886e-06,2244.518292685142,3.5086855050290793e-06,7.017371010058159e-08,"Method: equity_%, ATR: 570014.04, Risk: 2244.52"
2024-01-08 10:00:00,GBPUSD,342409.58438083,-1134.7924053525567,equity_%,-5.770579756995471e-06,2242.2383747792765,5.840957996595061e-06,1.1681915993190122e-07,"Method: equity_%, ATR: 342409.58, Risk: 2242.24"
2024-01-08 11:00:00,GBPUSD,940817.676725519,-1170.408671080954,equity_%,-2.036110554028947e-06,2242.045151086842,2.1258103982069364e-06,4.2516207964138725e-08,"Method: equity_%, ATR: 940817.68, Risk: 2242.05"
2024-01-08 12:00:00,GBPUSD,3065291.8975998876,-1040.6912065397416,equity_%,-7.031766492666207e-07,2243.14920839065,6.524664099905111e-07,1.3049328199810224e-08,"Method: equity_%, ATR: 3065291.90, Risk: 2243.15"
2024-01-08 13:00:00,GBPUSD,830536.2725605232,-1036.330379412047,equity_%,-2.6057475238200452e-06,2242.792874248456,2.4080826642694946e-06,4.8161653285389894e-08,"Method: equity_%, ATR: 830536.27, Risk: 2242.79"
2024-01-08 14:00:00,GBPUSD,612294.8449022067,-1006.6796431819175,equity_%,-3.649095073023415e-06,2249.2465761635763,3.2664001937162023e-06,6.532800387432403e-08,"Method: equity_%, ATR: 612294.84, Risk: 2249.25"
2024-01-08 15:00:00,GBPUSD,598413.9947146003,-1028.3262379251396,equity_%,-3.6615743295473474e-06,2253.2039985840092,3.342167826395593e-06,6.684335652791186e-08,"Method: equity_%, ATR: 598413.99, Risk: 2253.20"
2024-01-08 16:00:00,GBPUSD,595805.1260718105,-1015.8047760012018,equity_%,-3.717321625690929e-06,2249.8036863498132,3.356802270544658e-06,6.713604541089317e-08,"Method: equity_%, ATR: 595805.13, Risk: 2249.80"
2024-01-08 17:00:00,GBPUSD,1501357.2505831644,-1066.7825895679248,equity_%,-1.4052503405045614e-06,2250.679545582813,1.332127979015754e-06,2.664255958031508e-08,"Method: equity_%, ATR: 1501357.25, Risk: 2250.68"
2024-01-08 18:00:00,GBPUSD,494305.57835592935,-1047.7699004009978,equity_%,-4.347616031409076e-06,2251.71080226478,4.0460801730218e-06,8.092160346043601e-08,"Method: equity_%, ATR: 494305.58, Risk: 2251.71"
2024-01-08 19:00:00,GBPUSD,553712.453551475,-1041.8426650482272,equity_%,-3.90493286392739e-06,2252.682584035349,3.61198305577585e-06,7.2239661115517e-08,"Method: equity_%, ATR: 553712.45, Risk: 2252.68"
2024-01-08 20:00:00,GBPUSD,1241014.7043911798,-977.4147573433941,equity_%,-1.8607421791818381e-06,2257.0543732638866,1.6115844501465156e-06,3.2231689002930314e-08,"Method: equity_%, ATR: 1241014.70, Risk: 2257.05"
2024-01-08 21:00:00,GBPUSD,1627159.0909094505,-1049.1023454352412,equity_%,-1.3230781160913232e-06,2258.5689904746837,1.2291361128567714e-06,2.458272225713543e-08,"Method: equity_%, ATR: 1627159.09, Risk: 2258.57"
2024-01-08 22:00:00,GBPUSD,346918.65941373864,-1032.8354040167612,equity_%,-6.309968133215286e-06,2260.9238852201715,5.765040149122622e-06,1.1530080298245245e-07,"Method: equity_%, ATR: 346918.66, Risk: 2260.92"
2024-01-08 23:00:00,GBPUSD,678624.7063663029,-1040.6007841638839,equity_%,-3.198898060716284e-06,2258.9895204927393,2.947137027634911e-06,5.894274055269822e-08,"Method: equity_%, ATR: 678624.71, Risk: 2258.99"
2024-01-09 00:00:00,GBPUSD,591041.7168306435,-985.8530077587358,equity_%,-3.878252228815936e-06,2259.780994725804,3.3838558989112417e-06,6.767711797822483e-08,"Method: equity_%, ATR: 591041.72, Risk: 2259.78"
2024-01-09 01:00:00,GBPUSD,433491.1722239644,-1010.4749549731998,equity_%,-5.157975060556927e-06,2259.35799109002,4.613704103221495e-06,9.22740820644299e-08,"Method: equity_%, ATR: 433491.17, Risk: 2259.36"
2024-01-09 02:00:00,GBPUSD,1085865.4250321854,-994.328278116034,equity_%,-2.093305955148483e-06,2260.1564614446174,1.8418488644121985e-06,3.683697728824397e-08,"Method: equity_%, ATR: 1085865.43, Risk: 2260.16"
2024-01-09 03:00:00,GBPUSD,1901011.0204217471,-1101.1613472028089,equity_%,-1.0797336025861419e-06,2260.2277898025022,1.052071754721491e-06,2.1041435094429823e-08,"Method: equity_%, ATR: 1901011.02, Risk: 2260.23"
2024-01-09 04:00:00,GBPUSD,896782.4034685122,-1145.3236286462743,equity_%,-2.2049784812341913e-06,2264.7467965098176,2.2301954100175695e-06,4.460390820035139e-08,"Method: equity_%, ATR: 896782.40, Risk: 2264.75"
2024-01-09 05:00:00,GBPUSD,895563.0212191363,-1201.1453562758904,equity_%,-2.107045622699396e-06,2266.5518507478287,2.2332320033462143e-06,4.4664640066924286e-08,"Method: equity_%, ATR: 895563.02, Risk: 2266.55"
2024-01-09 06:00:00,GBPUSD,413685.67275424994,-1202.6626587213034,equity_%,-4.551467622162554e-06,2264.46579307173,4.834588509397328e-06,9.669177018794657e-08,"Method: equity_%, ATR: 413685.67, Risk: 2264.47"
2024-01-09 07:00:00,GBPUSD,705742.860127325,-1168.5385559870388,equity_%,-2.7462500098513178e-06,2264.798721435448,2.8338933526570487e-06,5.6677867053140975e-08,"Method: equity_%, ATR: 705742.86, Risk: 2264.80"
2024-01-09 08:00:00,GBPUSD,1217880.6061853901,-1102.5677246881805,equity_%,-1.6869143300737526e-06,2265.1815598791804,1.6421971003088235e-06,3.284394200617647e-08,"Method: equity_%, ATR: 1217880.61, Risk: 2265.18"
2024-01-09 09:00:00,GBPUSD,1040352.2753035668,-1047.0084339618763,equity_%,-2.0769005688953565e-06,2262.279742684604,1.922425747006143e-06,3.844851494012286e-08,"Method: equity_%, ATR: 1040352.28, Risk: 2262.28"
2024-01-09 10:00:00,GBPUSD,1148209.400359433,-1085.0010450808693,equity_%,-1.8156092883742952e-06,2261.9013014157485,1.741842558834586e-06,3.483685117669172e-08,"Method: equity_%, ATR: 1148209.40, Risk: 2261.90"
2024-01-09 11:00:00,GBPUSD,583452.049088005,-1037.5181327120633,equity_%,-3.7349161092842265e-06,2260.9018880751796,3.4278738126401372e-06,6.855747625280274e-08,"Method: equity_%, ATR: 583452.05, Risk: 2260.90"
2024-01-09 12:00:00,GBPUSD,757241.6160290185,-1054.5322004437894,equity_%,-2.8275947459765364e-06,2257.9352582334795,2.6411649302741925e-06,5.282329860548385e-08,"Method: equity_%, ATR: 757241.62, Risk: 2257.94"
2024-01-09 13:00:00,GBPUSD,417892.4807506269,-1066.6447314184015,equity_%,-5.061579418155828e-06,2256.162647525143,4.7859200443318816e-06,9.571840088663763e-08,"Method: equity_%, ATR: 417892.48, Risk: 2256.16"
2024-01-09 14:00:00,GBPUSD,864949.5686603928,-1091.9161831435258,equity_%,-2.3865902730263837e-06,2254.020986648272,2.3122735387885544e-06,4.6245470775771085e-08,"Method: equity_%, ATR: 864949.57, Risk: 2254.02"
2024-01-09 15:00:00,GBPUSD,964411.3194808301,-1124.047865214929,equity_%,-2.077821517331136e-06,2252.4509563686765,2.0738039460970413e-06,4.147607892194083e-08,"Method: equity_%, ATR: 964411.32, Risk: 2252.45"
2024-01-09 16:00:00,GBPUSD,539479.0490346691,-1137.1812688741718,equity_%,-3.667343795513031e-06,2249.862130253246,3.707280205929688e-06,7.414560411859376e-08,"Method: equity_%, ATR: 539479.05, Risk: 2249.86"
2024-01-09 17:00:00,GBPUSD,899131.81415905,-1214.583850771691,equity_%,-2.0604674500827605e-06,2250.1767099273675,2.2243679608540854e-06,4.4487359217081705e-08,"Method: equity_%, ATR: 899131.81, Risk: 2250.18"
2024-01-09 18:00:00,GBPUSD,763240.868600717,-1178.554869422038,equity_%,-2.4996706366352995e-06,2248.5068362352417,2.6204047533076785e-06,5.2408095066153567e-08,"Method: equity_%, ATR: 763240.87, Risk: 2248.51"
2024-01-09 19:00:00,GBPUSD,468309.53215554473,-1164.6738303611294,equity_%,-4.122397178290364e-06,2248.47025705096,4.270679673749879e-06,8.541359347499758e-08,"Method: equity_%, ATR: 468309.53, Risk: 2248.47"
2024-01-09 20:00:00,GBPUSD,853331.2881209236,-1106.4396192369238,equity_%,-2.3849262391244908e-06,2251.750874010155,2.343755617357118e-06,4.6875112347142355e-08,"Method: equity_%, ATR: 853331.29, Risk: 2251.75"
2024-01-09 21:00:00,GBPUSD,698227.8840597519,-1064.0944893887324,equity_%,-3.0304177125634333e-06,2251.5410968753226,2.86439434124468e-06,5.728788682489361e-08,"Method: equity_%, ATR: 698227.88, Risk: 2251.54"
2024-01-09 22:00:00,GBPUSD,616396.295548609,-1104.2140594562645,equity_%,-3.3066078536156496e-06,2250.5879301885125,3.2446658333985397e-06,6.48933166679708e-08,"Method: equity_%, ATR: 616396.30, Risk: 2250.59"
2024-01-09 23:00:00,GBPUSD,1129977.45002795,-1052.622261876223,equity_%,-1.8913063181357314e-06,2249.5942887949736,1.7699468250012686e-06,3.539893650002537e-08,"Method: equity_%, ATR: 1129977.45, Risk: 2249.59"
2024-01-10 00:00:00,GBPUSD,669080.832229356,-1083.071707397745,equity_%,-3.1029382695967446e-06,2248.5830638327398,2.9891754533395665e-06,5.978350906679133e-08,"Method: equity_%, ATR: 669080.83, Risk: 2248.58"
2024-01-10 01:00:00,GBPUSD,727654.8573787705,-1139.7276503275152,equity_%,-2.710198018010176e-06,2247.64407985451,2.7485558293455166e-06,5.4971116586910334e-08,"Method: equity_%, ATR: 727654.86, Risk: 2247.64"
2024-01-10 02:00:00,GBPUSD,1212301.1574696512,-1111.990743641774,equity_%,-1.6676458778760637e-06,2248.099485656628,1.6497550857531604e-06,3.299510171506321e-08,"Method: equity_%, ATR: 1212301.16, Risk: 2248.10"
2024-01-10 03:00:00,GBPUSD,539825.6663196593,-1103.7562151045013,equity_%,-3.7675806419710683e-06,2244.8599317586522,3.704899794104444e-06,7.409799588208889e-08,"Method: equity_%, ATR: 539825.67, Risk: 2244.86"
2024-01-10 04:00:00,GBPUSD,1683070.6238514062,-990.415562186788,equity_%,-1.3462630541070893e-06,2244.138844351183,1.1883042646323168e-06,2.3766085292646336e-08,"Method: equity_%, ATR: 1683070.62, Risk: 2244.14"
2024-01-10 05:00:00,GBPUSD,511088.02499936474,-1007.7909802693708,equity_%,-4.357987623969628e-06,2244.6682571664996,3.913220232468733e-06,7.826440464937467e-08,"Method: equity_%, ATR: 511088.02, Risk: 2244.67"
2024-01-10 06:00:00,GBPUSD,600493.3784148125,-1012.6414693333004,equity_%,-3.6918667820603974e-06,2244.9669553185618,3.3305945941978855e-06,6.661189188395771e-08,"Method: equity_%, ATR: 600493.38, Risk: 2244.97"
2024-01-10 07:00:00,GBPUSD,876282.2135588044,-973.2191194773285,equity_%,-2.62916688818458e-06,2242.1919193682947,2.2823697309540183e-06,4.564739461908037e-08,"Method: equity_%, ATR: 876282.21, Risk: 2242.19"
2024-01-10 08:00:00,GBPUSD,395409.12630245887,-955.398892736381,equity_%,-5.9393517789105295e-06,2243.7293614847526,5.058052196979761e-06,1.0116104393959521e-07,"Method: equity_%, ATR: 395409.13, Risk: 2243.73"
2024-01-10 09:00:00,GBPUSD,575621.4949503612,-904.5291436559897,equity_%,-4.3091771638684405e-06,2243.6438379967913,3.474505412923245e-06,6.949010825846488e-08,"Method: equity_%, ATR: 575621.49, Risk: 2243.64"
2024-01-10 10:00:00,GBPUSD,2679328.1271453258,-991.6336020816641,equity_%,-8.431543491898608e-07,2240.1867411688554,7.464557923074873e-07,1.4929115846149744e-08,"Method: equity_%, ATR: 2679328.13, Risk: 2240.19"
2024-01-10 11:00:00,GBPUSD,916963.093153164,-1060.4078628729374,equity_%,-2.30210576121348e-06,2238.46375725027,2.1811128658652917e-06,4.3622257317305845e-08,"Method: equity_%, ATR: 916963.09, Risk: 2238.46"
2024-01-10 12:00:00,GBPUSD,2005798.2368229125,-962.017728924726,equity_%,-1.159675817817298e-06,2237.726072480051,9.971092621797811e-07,1.994218524359562e-08,"Method: equity_%, ATR: 2005798.24, Risk: 2237.73"
2024-01-10 13:00:00,GBPUSD,1387258.9203686982,-904.9667068345657,equity_%,-1.782584076582038e-06,2237.8972928415023,1.4416919369806258e-06,2.883383873961252e-08,"Method: equity_%, ATR: 1387258.92, Risk: 2237.90"
2024-01-10 14:00:00,GBPUSD,185861.8435159508,-887.858333800345,equity_%,-1.3573861017772614e-05,2239.9447907748404,1.0760680956166016e-05,2.1521361912332033e-07,"Method: equity_%, ATR: 185861.84, Risk: 2239.94"
2024-01-10 15:00:00,GBPUSD,684971.3792730188,-855.7239480969168,equity_%,-3.8218871982341116e-06,2240.1854721542654,2.9198300257781014e-06,5.839660051556202e-08,"Method: equity_%, ATR: 684971.38, Risk: 2240.19"
2024-01-10 16:00:00,GBPUSD,1052032.2195090079,-811.0348661913298,equity_%,-2.6234833921314937e-06,2238.447354616343,1.9010824601298017e-06,3.802164920259603e-08,"Method: equity_%, ATR: 1052032.22, Risk: 2238.45"
2024-01-10 17:00:00,GBPUSD,639384.6574673648,-806.2562334054028,equity_%,-4.335881666614825e-06,2235.1811035671594,3.128007493833371e-06,6.256014987666742e-08,"Method: equity_%, ATR: 639384.66, Risk: 2235.18"
2024-01-10 18:00:00,GBPUSD,642721.121780055,-853.8173567495062,equity_%,-4.076296252685653e-06,2236.9346209844293,3.1117695252660737e-06,6.223539050532146e-08,"Method: equity_%, ATR: 642721.12, Risk: 2236.93"
2024-01-10 19:00:00,GBPUSD,336694.9059907006,-847.8948972753486,equity_%,-7.82708342646148e-06,2234.4905911271085,5.940095809038582e-06,1.1880191618077166e-07,"Method: equity_%, ATR: 336694.91, Risk: 2234.49"
2024-01-10 20:00:00,GBPUSD,3236358.1451283027,-1037.2895846105412,equity_%,-6.652867489308116e-07,2233.394624148965,6.179785766326896e-07,1.2359571532653792e-08,"Method: equity_%, ATR: 3236358.15, Risk: 2233.39"
2024-01-10 21:00:00,GBPUSD,774449.2146388518,-1071.2333866713286,equity_%,-2.6972621674481203e-06,2237.691459213444,2.582480506397903e-06,5.164961012795806e-08,"Method: equity_%, ATR: 774449.21, Risk: 2237.69"
2024-01-10 22:00:00,GBPUSD,951961.423851003,-1028.4377374464245,equity_%,-2.285290677330347e-06,2237.375108548594,2.100925468081816e-06,4.201850936163632e-08,"Method: equity_%, ATR: 951961.42, Risk: 2237.38"
2024-01-10 23:00:00,GBPUSD,491373.9356089434,-999.9829930845631,equity_%,-4.550426377862333e-06,2235.922891190711,4.070219958902514e-06,8.140439917805028e-08,"Method: equity_%, ATR: 491373.94, Risk: 2235.92"
2024-01-11 00:00:00,GBPUSD,768013.0415699887,-995.7995321319985,equity_%,-2.9228121246790004e-06,2235.3287966767884,2.604122445514151e-06,5.208244891028302e-08,"Method: equity_%, ATR: 768013.04, Risk: 2235.33"
2024-01-11 01:00:00,GBPUSD,1645867.5088274789,-916.4254249283609,equity_%,-1.4842336063460484e-06,2238.6915613474557,1.2151646406974803e-06,2.4303292813949607e-08,"Method: equity_%, ATR: 1645867.51, Risk: 2238.69"
2024-01-11 02:00:00,GBPUSD,283448.1812732804,-905.4787635823675,equity_%,-8.72142800199642e-06,2238.4095177509307,7.055963425186854e-06,1.4111926850373709e-07,"Method: equity_%, ATR: 283448.18, Risk: 2238.41"
2024-01-11 03:00:00,GBPUSD,854881.1325478471,-941.562598762852,equity_%,-2.7782319421359644e-06,2236.2658478239628,2.3395065393937224e-06,4.679013078787446e-08,"Method: equity_%, ATR: 854881.13, Risk: 2236.27"
2024-01-11 04:00:00,GBPUSD,829821.6805240861,-906.8759745092509,equity_%,-2.965831083638874e-06,2231.92237662466,2.410156358817801e-06,4.820312717635603e-08,"Method: equity_%, ATR: 829821.68, Risk: 2231.92"
2024-01-11 05:00:00,GBPUSD,631365.7707506695,-888.1145368628096,equity_%,-3.993164753865948e-06,2239.0677821225804,3.167735871430086e-06,6.335471742860172e-08,"Method: equity_%, ATR: 631365.77, Risk: 2239.07"
2024-01-11 06:00:00,GBPUSD,442956.4091928796,-884.2899854478641,equity_%,-5.710720957505554e-06,2236.900344446628,4.515116969735788e-06,9.030233939471576e-08,"Method: equity_%, ATR: 442956.41, Risk: 2236.90"
2024-01-11 07:00:00,GBPUSD,453218.1711472038,-863.7594791118986,equity_%,-5.72195800452888e-06,2239.983433956528,4.412885729928967e-06,8.825771459857934e-08,"Method: equity_%, ATR: 453218.17, Risk: 2239.98"
2024-01-11 08:00:00,GBPUSD,1609838.6942224146,-936.9459982964921,equity_%,-1.4861778365780059e-06,2241.6494733550353,1.242360496848438e-06,2.4847209936968756e-08,"Method: equity_%, ATR: 1609838.69, Risk: 2241.65"
2024-01-11 09:00:00,GBPUSD,481849.344833887,-946.4799863605143,equity_%,-4.919502961704684e-06,2243.5922660615347,4.150674939050671e-06,8.301349878101342e-08,"Method: equity_%, ATR: 481849.34, Risk: 2243.59"
2024-01-11 10:00:00,GBPUSD,743835.1479808602,-932.1319355483652,equity_%,-3.233696602063394e-06,2242.091611046834,2.688767807529663e-06,5.3775356150593264e-08,"Method: equity_%, ATR: 743835.15, Risk: 2242.09"
2024-01-11 11:00:00,GBPUSD,1533136.928496358,-807.9559029451766,equity_%,-1.8077829600978938e-06,2239.3134639217465,1.3045149215481512e-06,2.6090298430963025e-08,"Method: equity_%, ATR: 1533136.93, Risk: 2239.31"
2024-01-11 12:00:00,GBPUSD,1771423.5933476777,-775.0739146830402,equity_%,-1.628972436152216e-06,2236.5534481172667,1.1290354308877379e-06,2.258070861775476e-08,"Method: equity_%, ATR: 1771423.59, Risk: 2236.55"
2024-01-11 13:00:00,GBPUSD,741650.2552840007,-747.4262430214918,equity_%,-4.039449644992952e-06,2239.183532663296,2.6966888850245705e-06,5.393377770049141e-08,"Method: equity_%, ATR: 741650.26, Risk: 2239.18"
2024-01-11 14:00:00,GBPUSD,138403.9657747087,-747.9573798884096,equity_%,-2.1645616350742993e-05,2240.7599971477207,1.4450452982362958e-05,2.8900905964725916e-07,"Method: equity_%, ATR: 138403.97, Risk: 2240.76"
2024-01-11 15:00:00,GBPUSD,1755116.2693444109,-607.011750658992,equity_%,-2.1021370761315044e-06,2239.566808502664,1.1395256456411635e-06,2.2790512912823272e-08,"Method: equity_%, ATR: 1755116.27, Risk: 2239.57"
2024-01-11 16:00:00,GBPUSD,693316.526554346,-620.7019615506023,equity_%,-5.2008133099127484e-06,2238.13322780944,2.884685310964139e-06,5.769370621928278e-08,"Method: equity_%, ATR: 693316.53, Risk: 2238.13"
2024-01-11 17:00:00,GBPUSD,365443.40100148815,-610.1067537912771,equity_%,-1.0040296911195512e-05,2238.579449445657,5.472803707821928e-06,1.0945607415643857e-07,"Method: equity_%, ATR: 365443.40, Risk: 2238.58"
2024-01-11 18:00:00,GBPUSD,668225.9355337794,-648.4100132640058,equity_%,-5.162776670355975e-06,2236.9505285647997,2.9929996632088187e-06,5.985999326417638e-08,"Method: equity_%, ATR: 668225.94, Risk: 2236.95"
2024-01-11 19:00:00,GBPUSD,425211.75926994375,-627.2612767085037,equity_%,-8.386216710555123e-06,2236.7622529262426,4.7035387813212134e-06,9.407077562642426e-08,"Method: equity_%, ATR: 425211.76, Risk: 2236.76"
2024-01-11 20:00:00,GBPUSD,327112.1393199837,-646.7088616867596,equity_%,-1.0581075884794214e-05,2238.387657276499,6.114111216287158e-06,1.222822243257432e-07,"Method: equity_%, ATR: 327112.14, Risk: 2238.39"
2024-01-11 21:00:00,GBPUSD,496287.34302847536,-633.8749277007212,equity_%,-7.116250398243736e-06,2238.659253100765,4.029923446758638e-06,8.059846893517277e-08,"Method: equity_%, ATR: 496287.34, Risk: 2238.66"
2024-01-11 22:00:00,GBPUSD,827689.1335821847,-652.9642857402348,equity_%,-4.144891578710858e-06,2240.1126386245555,2.416366143825195e-06,4.832732287650391e-08,"Method: equity_%, ATR: 827689.13, Risk: 2240.11"
2024-01-11 23:00:00,GBPUSD,403724.8240614008,-648.2518278280203,equity_%,-8.585289517267051e-06,2246.9020949685055,4.95386927135258e-06,9.907738542705162e-08,"Method: equity_%, ATR: 403724.82, Risk: 2246.90"
2024-01-12 00:00:00,GBPUSD,534965.4192858656,-667.8552868315774,equity_%,-6.298194543643373e-06,2250.2156938008084,3.738559405708567e-06,7.477118811417134e-08,"Method: equity_%, ATR: 534965.42, Risk: 2250.22"
2024-01-12 01:00:00,GBPUSD,410429.36068296625,-673.3661846923083,equity_%,-8.159349038559036e-06,2254.993196213576,4.872945728521817e-06,9.745891457043632e-08,"Method: equity_%, ATR: 410429.36, Risk: 2254.99"
2024-01-12 02:00:00,GBPUSD,1292329.6823668897,-743.1946346615215,equity_%,-2.3465368101316105e-06,2253.737113130816,1.5475927135999995e-06,3.0951854272e-08,"Method: equity_%, ATR: 1292329.68, Risk: 2253.74"
2024-01-12 03:00:00,GBPUSD,433008.2700300545,-727.6744467611359,equity_%,-7.167893957766993e-06,2258.5249215736385,4.618849427197274e-06,9.237698854394549e-08,"Method: equity_%, ATR: 433008.27, Risk: 2258.52"
2024-01-12 04:00:00,GBPUSD,623027.196439715,-752.9627986867202,equity_%,-4.815188568625982e-06,2258.883452286842,3.2101327380714476e-06,6.420265476142895e-08,"Method: equity_%, ATR: 623027.20, Risk: 2258.88"
2024-01-12 05:00:00,GBPUSD,511206.504692193,-759.8952838604448,equity_%,-5.807199840045171e-06,2255.884663997164,3.912313285614856e-06,7.824626571229712e-08,"Method: equity_%, ATR: 511206.50, Risk: 2255.88"
2024-01-12 06:00:00,GBPUSD,214792.56737601873,-776.2012355899294,equity_%,-1.3532052658214122e-05,2256.0943500972203,9.31130915949607e-06,1.862261831899214e-07,"Method: equity_%, ATR: 214792.57, Risk: 2256.09"
2024-01-12 07:00:00,GBPUSD,326059.8340663,-767.9996466650356,equity_%,-9.003993000991418e-06,2254.7244388920285,6.133843519019047e-06,1.2267687038038094e-07,"Method: equity_%, ATR: 326059.83, Risk: 2254.72"
2024-01-12 08:00:00,GBPUSD,760349.8357768888,-759.2842854426704,equity_%,-3.900056240846797e-06,2251.587027863052,2.630368161987563e-06,5.2607363239751255e-08,"Method: equity_%, ATR: 760349.84, Risk: 2251.59"
2024-01-12 09:00:00,GBPUSD,1496704.92948679,-652.5141167158154,equity_%,-2.3074213392335475e-06,2253.4763550600346,1.3362687331335153e-06,2.67253746626703e-08,"Method: equity_%, ATR: 1496704.93, Risk: 2253.48"
2024-01-12 10:00:00,GBPUSD,306434.2641350174,-638.7259362022672,equity_%,-1.1514400265487752e-05,2253.6849189466284,6.526685276679058e-06,1.3053370553358116e-07,"Method: equity_%, ATR: 306434.26, Risk: 2253.68"
2024-01-12 11:00:00,GBPUSD,1024677.3649593899,-595.2040079977345,equity_%,-3.6984244218893808e-06,2255.639743152562,1.951833882930813e-06,3.903667765861626e-08,"Method: equity_%, ATR: 1024677.36, Risk: 2255.64"
2024-01-12 12:00:00,GBPUSD,1624654.570310803,-658.6270652660875,equity_%,-2.1090886540883913e-06,2256.812327398025,1.2310309136159278e-06,2.4620618272318555e-08,"Method: equity_%, ATR: 1624654.57, Risk: 2256.81"
2024-01-12 13:00:00,GBPUSD,390033.5840009086,-663.6396084799553,equity_%,-8.714655113717163e-06,2255.7164493903374,5.127763562009935e-06,1.0255527124019868e-07,"Method: equity_%, ATR: 390033.58, Risk: 2255.72"
2024-01-12 14:00:00,GBPUSD,1422602.802078941,-657.2354427513077,equity_%,-2.4220883285235816e-06,2264.616213418362,1.4058737949041513e-06,2.811747589808303e-08,"Method: equity_%, ATR: 1422602.80, Risk: 2264.62"
2024-01-12 15:00:00,GBPUSD,794419.8370719561,-625.7135005352808,equity_%,-4.551726218267431e-06,2262.568505252776,2.51756049719444e-06,5.0351209943888805e-08,"Method: equity_%, ATR: 794419.84, Risk: 2262.57"
2024-01-12 16:00:00,GBPUSD,490156.5557865683,-640.7227074494685,equity_%,-7.217498035357686e-06,2266.6872711998476,4.080328981401753e-06,8.160657962803505e-08,"Method: equity_%, ATR: 490156.56, Risk: 2266.69"
2024-01-12 17:00:00,GBPUSD,690321.7008222874,-593.6449361736479,equity_%,-5.534896120623393e-06,2268.2335401125147,2.8971999541918924e-06,5.794399908383784e-08,"Method: equity_%, ATR: 690321.70, Risk: 2268.23"
2024-01-12 18:00:00,GBPUSD,588848.0511688204,-616.84236022449,equity_%,-6.239501602794712e-06,2266.3518403531143,3.3964619497850864e-06,6.792923899570172e-08,"Method: equity_%, ATR: 588848.05, Risk: 2266.35"
2024-01-12 19:00:00,GBPUSD,830556.7410282617,-661.0477306356715,equity_%,-4.130329947447748e-06,2267.7066432012284,2.4080233188209652e-06,4.816046637641931e-08,"Method: equity_%, ATR: 830556.74, Risk: 2267.71"
2024-01-12 20:00:00,GBPUSD,1128171.2783124817,-576.4347341508147,equity_%,-3.4829590170038725e-06,2265.0278452884627,1.7727804620160153e-06,3.545560924032031e-08,"Method: equity_%, ATR: 1128171.28, Risk: 2265.03"
2024-01-12 21:00:00,GBPUSD,896244.5261316639,-508.8535099158604,equity_%,-4.963269397691112e-06,2263.5346096782523,2.2315338522984602e-06,4.46306770459692e-08,"Method: equity_%, ATR: 896244.53, Risk: 2263.53"
2024-01-12 22:00:00,GBPUSD,1856294.923174181,-462.6212038851056,equity_%,-2.635032535162042e-06,2262.864208189499,1.0774150028811638e-06,2.1548300057623276e-08,"Method: equity_%, ATR: 1856294.92, Risk: 2262.86"
2024-01-12 23:00:00,GBPUSD,397151.02156317246,-487.6368811238781,equity_%,-1.1668113454979716e-05,2259.710857013702,5.035867696192925e-06,1.0071735392385852e-07,"Method: equity_%, ATR: 397151.02, Risk: 2259.71"
2024-01-13 00:00:00,GBPUSD,555548.6286421365,-530.6945562341592,equity_%,-7.66508238505276e-06,2259.8704308214337,3.600044886958626e-06,7.200089773917253e-08,"Method: equity_%, ATR: 555548.63, Risk: 2259.87"
2024-01-13 01:00:00,GBPUSD,625834.3418956394,-514.0146912575402,equity_%,-7.018677930806841e-06,2257.8247892600666,3.1957338645591758e-06,6.391467729118352e-08,"Method: equity_%, ATR: 625834.34, Risk: 2257.82"
2024-01-13 02:00:00,GBPUSD,676151.171178567,-526.2497688925995,equity_%,-6.337310318772063e-06,2254.969626386026,2.9579184141822825e-06,5.915836828364565e-08,"Method: equity_%, ATR: 676151.17, Risk: 2254.97"
2024-01-13 03:00:00,GBPUSD,546922.0333147944,-510.3075055229184,equity_%,-8.071521908278098e-06,2252.7489997822836,3.6568283560974247e-06,7.313656712194849e-08,"Method: equity_%, ATR: 546922.03, Risk: 2252.75"
2024-01-13 04:00:00,GBPUSD,1519739.9718914249,-413.78009340357863,equity_%,-3.595164942186797e-06,2260.77686226779,1.3160146057821044e-06,2.6320292115642084e-08,"Method: equity_%, ATR: 1519739.97, Risk: 2260.78"
2024-01-13 05:00:00,GBPUSD,750150.8385101522,-432.09408182344555,equity_%,-6.96377937653281e-06,2257.2097660549866,2.666130459804762e-06,5.332260919609524e-08,"Method: equity_%, ATR: 750150.84, Risk: 2257.21"
2024-01-13 06:00:00,GBPUSD,89437.8957403012,-432.94901150951097,equity_%,-5.829402201286017e-05,2257.2639506881414,2.2361885679951086e-05,4.472377135990218e-07,"Method: equity_%, ATR: 89437.90, Risk: 2257.26"
2024-01-13 07:00:00,GBPUSD,623294.2903076338,-416.52006229353776,equity_%,-8.691765582656666e-06,2256.5090418750833,3.208757133027607e-06,6.417514266055214e-08,"Method: equity_%, ATR: 623294.29, Risk: 2256.51"
2024-01-13 08:00:00,GBPUSD,1991546.8910305009,-343.6201667642352,equity_%,-3.2980286435771046e-06,2256.9586573605307,1.0042444940701973e-06,2.0084889881403945e-08,"Method: equity_%, ATR: 1991546.89, Risk: 2256.96"
2024-01-13 09:00:00,GBPUSD,786942.029434141,-405.54244228104784,equity_%,-7.082414723230593e-06,2260.270450146572,2.541483267119589e-06,5.0829665342391776e-08,"Method: equity_%, ATR: 786942.03, Risk: 2260.27"
2024-01-13 10:00:00,GBPUSD,665136.0840623153,-374.6048249378709,equity_%,-9.072378273509163e-06,2260.50267821883,3.006903471219018e-06,6.013806942438035e-08,"Method: equity_%, ATR: 665136.08, Risk: 2260.50"
2024-01-13 11:00:00,GBPUSD,1296433.1004103043,-458.3315690396469,equity_%,-3.801575251932689e-06,2258.8816335900874,1.5426943352241052e-06,3.08538867044821e-08,"Method: equity_%, ATR: 1296433.10, Risk: 2258.88"
2024-01-13 12:00:00,GBPUSD,193482.47787122545,-468.2482732028318,equity_%,-2.4904658402990006e-05,2256.3081615701876,1.0336853352328495e-05,2.0673706704656988e-07,"Method: equity_%, ATR: 193482.48, Risk: 2256.31"
2024-01-13 13:00:00,GBPUSD,338527.86799898295,-467.73924048193084,equity_%,-1.4270778609174538e-05,2259.6745844912894,5.907933109973708e-06,1.1815866219947414e-07,"Method: equity_%, ATR: 338527.87, Risk: 2259.67"
2024-01-13 14:00:00,GBPUSD,803032.7533753376,-453.1670543981519,equity_%,-6.218142481665207e-06,2262.8317160703173,2.490558438112922e-06,4.9811168762258445e-08,"Method: equity_%, ATR: 803032.75, Risk: 2262.83"
2024-01-13 15:00:00,GBPUSD,1096443.823282392,-371.5565468431576,equity_%,-5.556032091771818e-06,2263.476807543953,1.8240788607050184e-06,3.6481577214100365e-08,"Method: equity_%, ATR: 1096443.82, Risk: 2263.48"
2024-01-13 16:00:00,GBPUSD,424866.8373031148,-368.777797131558,equity_%,-1.444676209341277e-05,2263.539724119665,4.707357280919364e-06,9.414714561838727e-08,"Method: equity_%, ATR: 424866.84, Risk: 2263.54"
2024-01-13 17:00:00,GBPUSD,848591.8800678826,-310.6493760473903,equity_%,-8.587167658957394e-06,2263.7022356767384,2.3568455543553057e-06,4.7136911087106104e-08,"Method: equity_%, ATR: 848591.88, Risk: 2263.70"
2024-01-13 18:00:00,GBPUSD,867291.4638759323,-355.2737646119234,equity_%,-7.343495298867445e-06,2262.7211229816344,2.3060298449865802e-06,4.612059689973161e-08,"Method: equity_%, ATR: 867291.46, Risk: 2262.72"
2024-01-13 19:00:00,GBPUSD,655400.5679706234,-395.4369518464223,equity_%,-8.736491412349448e-06,2264.233009524997,3.0515689148588662e-06,6.103137829717732e-08,"Method: equity_%, ATR: 655400.57, Risk: 2264.23"
2024-01-13 20:00:00,GBPUSD,527056.6399298179,-415.7988051078333,equity_%,-1.0332724193047019e-05,2264.4115586366347,3.7946585783765427e-06,7.589317156753084e-08,"Method: equity_%, ATR: 527056.64, Risk: 2264.41"
2024-01-13 21:00:00,GBPUSD,615108.4483868784,-428.34755965053915,equity_%,-8.593721312230296e-06,2264.2754340409633,3.2514591617868353e-06,6.50291832357367e-08,"Method: equity_%, ATR: 615108.45, Risk: 2264.28"
2024-01-13 22:00:00,GBPUSD,1117635.681842969,-463.997410391141,equity_%,-4.372136701019427e-06,2267.302922081193,1.789491900170923e-06,3.578983800341846e-08,"Method: equity_%, ATR: 1117635.68, Risk: 2267.30"
2024-01-13 23:00:00,GBPUSD,855162.8604932363,-514.7816896994018,equity_%,-5.14858468434332e-06,2266.521185461326,2.3387358038987457e-06,4.6774716077974904e-08,"Method: equity_%, ATR: 855162.86, Risk: 2266.52"
2024-01-14 00:00:00,GBPUSD,469820.17941045685,-523.7496358337102,equity_%,-9.23633086393403e-06,2272.7668288356003,4.256947844406459e-06,8.513895688812918e-08,"Method: equity_%, ATR: 469820.18, Risk: 2272.77"
2024-01-14 01:00:00,GBPUSD,1007403.7848910047,-514.8323465568503,equity_%,-4.3799851513147486e-06,2271.6532575525925,1.9853012565526426e-06,3.9706025131052855e-08,"Method: equity_%, ATR: 1007403.78, Risk: 2271.65"
2024-01-14 02:00:00,GBPUSD,560712.7129421456,-500.19468979279776,equity_%,-8.10365744187569e-06,2272.796510598163,3.5668889858153804e-06,7.133777971630762e-08,"Method: equity_%, ATR: 560712.71, Risk: 2272.80"
2024-01-14 03:00:00,GBPUSD,212205.32798528098,-499.17703176687013,equity_%,-2.1432859970922884e-05,2270.340542870509,9.424834046290884e-06,1.8849668092581765e-07,"Method: equity_%, ATR: 212205.33, Risk: 2270.34"
2024-01-14 04:00:00,GBPUSD,695151.3468655634,-535.3850486563501,equity_%,-6.102686347293411e-06,2271.2589774016174,2.877071315502729e-06,5.754142631005457e-08,"Method: equity_%, ATR: 695151.35, Risk: 2271.26"
2024-01-14 05:00:00,GBPUSD,290336.3513363729,-540.0277515699565,equity_%,-1.450577352354568e-05,2274.3556906121717,6.888562147985646e-06,1.3777124295971292e-07,"Method: equity_%, ATR: 290336.35, Risk: 2274.36"
2024-01-14 06:00:00,GBPUSD,1302216.88962268,-530.7361073876461,equity_%,-3.291548421419542e-06,2274.899456531211,1.5358424667487645e-06,3.071684933497529e-08,"Method: equity_%, ATR: 1302216.89, Risk: 2274.90"
2024-01-14 07:00:00,GBPUSD,1312859.9996034245,-521.6372483360329,equity_%,-3.330845664679726e-06,2281.085278742771,1.5233916796948187e-06,3.046783359389637e-08,"Method: equity_%, ATR: 1312860.00, Risk: 2281.09"
2024-01-14 08:00:00,GBPUSD,1254524.9042478178,-480.6168873590814,equity_%,-3.7883102869463565e-06,2284.1459834302477,1.5942290130933278e-06,3.188458026186656e-08,"Method: equity_%, ATR: 1254524.90, Risk: 2284.15"
2024-01-14 09:00:00,GBPUSD,765976.5404596698,-472.2206229733594,equity_%,-6.321299478288288e-06,2286.4767230176467,2.6110460234197004e-06,5.2220920468394e-08,"Method: equity_%, ATR: 765976.54, Risk: 2286.48"
2024-01-14 10:00:00,GBPUSD,954807.989464004,-436.43412711596625,equity_%,-5.4873497030242035e-06,2286.6378376831035,2.0946619865662525e-06,4.1893239731325054e-08,"Method: equity_%, ATR: 954807.99, Risk: 2286.64"
2024-01-14 11:00:00,GBPUSD,780676.2567091346,-464.1780308079346,equity_%,-6.308842223416278e-06,2286.1526164584047,2.5618814237169287e-06,5.1237628474338575e-08,"Method: equity_%, ATR: 780676.26, Risk: 2286.15"
2024-01-14 12:00:00,GBPUSD,1813496.1045850564,-316.31793546932715,equity_%,-3.986825590610696e-06,2287.007989230407,1.1028421814325415e-06,2.2056843628650833e-08,"Method: equity_%, ATR: 1813496.10, Risk: 2287.01"
2024-01-14 13:00:00,GBPUSD,733417.5862186663,-300.5675429248349,equity_%,-1.0378419527275691e-05,2287.8345947580156,2.726959426091135e-06,5.4539188521822704e-08,"Method: equity_%, ATR: 733417.59, Risk: 2287.83"
2024-01-14 14:00:00,GBPUSD,819583.3743966279,-364.1595148156831,equity_%,-7.659688310493787e-06,2286.103556655469,2.440264239708849e-06,4.880528479417698e-08,"Method: equity_%, ATR: 819583.37, Risk: 2286.10"
2024-01-14 15:00:00,GBPUSD,454239.5085703231,-352.48533511184513,equity_%,-1.4281111158011709e-05,2286.588200486199,4.402963551750078e-06,8.805927103500156e-08,"Method: equity_%, ATR: 454239.51, Risk: 2286.59"
2024-01-14 16:00:00,GBPUSD,1767680.796208407,-301.9002035469691,equity_%,-4.29116975858816e-06,2290.039351560387,1.1314259929111111e-06,2.262851985822222e-08,"Method: equity_%, ATR: 1767680.80, Risk: 2290.04"
2024-01-14 17:00:00,GBPUSD,1117661.0634096812,-339.3417729503982,equity_%,-6.032046158690439e-06,2287.7686382328657,1.7894512616361002e-06,3.5789025232722006e-08,"Method: equity_%, ATR: 1117661.06, Risk: 2287.77"
2024-01-14 18:00:00,GBPUSD,403080.72268183023,-328.5174558312838,equity_%,-1.7278324099077287e-05,2287.9793234400495,4.961785288796086e-06,9.923570577592172e-08,"Method: equity_%, ATR: 403080.72, Risk: 2287.98"
2024-01-14 19:00:00,GBPUSD,835317.6931096312,-299.38879413263396,equity_%,-9.1422232717771e-06,2286.330684061604,2.394298620150873e-06,4.788597240301745e-08,"Method: equity_%, ATR: 835317.69, Risk: 2286.33"
2024-01-14 20:00:00,GBPUSD,1944756.4345095514,-250.45010794343426,equity_%,-4.682219700634302e-06,2280.5428051585836,1.0284064186703052e-06,2.0568128373406107e-08,"Method: equity_%, ATR: 1944756.43, Risk: 2280.54"
2024-01-14 21:00:00,GBPUSD,573916.045896749,-258.84974008560897,equity_%,-1.5358056794874357e-05,2281.5624979175077,3.4848302540051524e-06,6.969660508010303e-08,"Method: equity_%, ATR: 573916.05, Risk: 2281.56"
2024-01-14 22:00:00,GBPUSD,515342.0303595382,-230.30670976655975,equity_%,-1.924255552196911e-05,2283.835942033272,3.880917686074745e-06,7.76183537214949e-08,"Method: equity_%, ATR: 515342.03, Risk: 2283.84"
2024-01-14 23:00:00,GBPUSD,1949306.6247772027,-277.485699180683,equity_%,-4.220823532256818e-06,2283.0633358259474,1.0260058497613688e-06,2.0520116995227375e-08,"Method: equity_%, ATR: 1949306.62, Risk: 2283.06"
2024-01-15 00:00:00,GBPUSD,1169267.827022828,-320.4764454021052,equity_%,-6.119629430291345e-06,2293.1646562775113,1.7104721038056523e-06,3.420944207611305e-08,"Method: equity_%, ATR: 1169267.83, Risk: 2293.16"
2024-01-15 01:00:00,GBPUSD,908102.2716739246,-276.674016536149,equity_%,-9.126958894379737e-06,2293.1329331213637,2.2023951072309914e-06,4.4047902144619825e-08,"Method: equity_%, ATR: 908102.27, Risk: 2293.13"
2024-01-15 02:00:00,GBPUSD,788976.3635661826,-247.85899690967318,equity_%,-1.173621563688509e-05,2295.0743585792598,2.534930185943691e-06,5.069860371887382e-08,"Method: equity_%, ATR: 788976.36, Risk: 2295.07"
2024-01-15 03:00:00,GBPUSD,651793.7649756726,-270.0683232482309,equity_%,-1.3038310230546094e-05,2295.118745534231,3.068455249912751e-06,6.136910499825502e-08,"Method: equity_%, ATR: 651793.76, Risk: 2295.12"
2024-01-15 04:00:00,GBPUSD,408712.42973420495,-265.41999957768456,equity_%,-2.115860255539446e-05,2295.2947885210306,4.893416139314985e-06,9.78683227862997e-08,"Method: equity_%, ATR: 408712.43, Risk: 2295.29"
2024-01-15 05:00:00,GBPUSD,1008720.7612174555,-205.69191274104622,equity_%,-1.1083092447885812e-05,2299.583225707311,1.982709265928204e-06,3.965418531856408e-08,"Method: equity_%, ATR: 1008720.76, Risk: 2299.58"
2024-01-15 06:00:00,GBPUSD,645705.0729297925,-173.54350097985645,equity_%,-2.0544431424214006e-05,2302.1662315458425,3.097389325013806e-06,6.194778650027612e-08,"Method: equity_%, ATR: 645705.07, Risk: 2302.17"
2024-01-15 07:00:00,GBPUSD,1167615.0181691372,-266.5318019769877,equity_%,-7.405409234350619e-06,2304.6117466575197,1.7128933500153776e-06,3.4257867000307554e-08,"Method: equity_%, ATR: 1167615.02, Risk: 2304.61"
2024-01-15 08:00:00,GBPUSD,845810.7385218148,-207.55053012947127,equity_%,-1.3119314588493545e-05,2303.0755663232194,2.364595185319247e-06,4.729190370638494e-08,"Method: equity_%, ATR: 845810.74, Risk: 2303.08"
2024-01-15 09:00:00,GBPUSD,1179202.6227049304,-143.62535669532969,equity_%,-1.3581028176538098e-05,2300.129070833546,1.696061356624422e-06,3.392122713248844e-08,"Method: equity_%, ATR: 1179202.62, Risk: 2300.13"
2024-01-15 10:00:00,GBPUSD,743754.8737377787,-86.40368721113737,equity_%,-3.579227645027794e-05,2300.124912566314,2.689058009057334e-06,5.378116018114667e-08,"Method: equity_%, ATR: 743754.87, Risk: 2300.12"
2024-01-15 11:00:00,GBPUSD,502128.67841012694,-93.6746438632511,equity_%,-4.889687488462183e-05,2299.9488633507035,3.983042765716016e-06,7.966085531432033e-08,"Method: equity_%, ATR: 502128.68, Risk: 2299.95"
2024-01-15 12:00:00,GBPUSD,498337.40589765355,-117.79277639317063,equity_%,-3.9183873018290005e-05,2300.1147649114687,4.013345127880591e-06,8.026690255761181e-08,"Method: equity_%, ATR: 498337.41, Risk: 2300.11"
2024-01-15 13:00:00,GBPUSD,729704.7870485778,-90.63370585306089,equity_%,-3.47761825005974e-05,2299.9523556620697,2.740834424410671e-06,5.481668848821342e-08,"Method: equity_%, ATR: 729704.79, Risk: 2299.95"
2024-01-15 14:00:00,GBPUSD,594364.143827758,-60.13414281756344,equity_%,-6.437195498304631e-05,2300.755270031501,3.364940534803836e-06,6.729881069607672e-08,"Method: equity_%, ATR: 594364.14, Risk: 2300.76"
2024-01-15 15:00:00,GBPUSD,892565.5629166883,-105.55211935820311,equity_%,-2.4450626675219707e-05,2303.5470084853805,2.2407317547234112e-06,4.481463509446822e-08,"Method: equity_%, ATR: 892565.56, Risk: 2303.55"
2024-01-15 16:00:00,GBPUSD,445325.5428426103,-121.01706543517801,equity_%,-4.2717229792571986e-05,2302.1165361077547,4.491096529593975e-06,8.98219305918795e-08,"Method: equity_%, ATR: 445325.54, Risk: 2302.12"
2024-01-15 17:00:00,GBPUSD,788194.1986200557,-91.31186279087248,equity_%,-3.198219426072923e-05,2301.805871125582,2.5374457253067e-06,5.0748914506133995e-08,"Method: equity_%, ATR: 788194.20, Risk: 2301.81"
2024-01-15 18:00:00,GBPUSD,1940823.7025221149,15.88492176533758,equity_%,7.461099332467465e-05,2300.244439906055,1.0304903002786835e-06,2.0609806005573667e-08,"Method: equity_%, ATR: 1940823.70, Risk: 2300.24"
2024-01-15 19:00:00,GBPUSD,463117.0819552406,1.7893883869249976,equity_%,0.0027719799313770735,2297.129591079663,4.3185623634441896e-06,8.637124726888378e-08,"Method: equity_%, ATR: 463117.08, Risk: 2297.13"
2024-01-15 20:00:00,GBPUSD,713638.8713463857,-32.298982337732305,equity_%,-9.97029562668574e-05,2298.1341287105784,2.8025379226144216e-06,5.605075845228842e-08,"Method: equity_%, ATR: 713638.87, Risk: 2298.13"
2024-01-15 21:00:00,GBPUSD,419964.8622616369,-55.51008807024688,equity_%,-9.865349784558147e-05,2299.838605071305,4.762303182293394e-06,9.524606364586787e-08,"Method: equity_%, ATR: 419964.86, Risk: 2299.84"
2024-01-15 22:00:00,GBPUSD,519496.19057006144,-62.997214250269245,equity_%,-7.018596306684263e-05,2296.962875847767,3.849883861141175e-06,7.699767722282351e-08,"Method: equity_%, ATR: 519496.19, Risk: 2296.96"
2024-01-15 23:00:00,GBPUSD,374003.31618643075,-65.18590735253493,equity_%,-9.419876686094011e-05,2296.5419642233583,5.347546167219151e-06,1.06950923344383e-07,"Method: equity_%, ATR: 374003.32, Risk: 2296.54"
2024-01-16 00:00:00,GBPUSD,414662.1256543523,-65.45718536052881,equity_%,-8.475361135194897e-05,2300.434695413151,4.823203944280963e-06,9.646407888561926e-08,"Method: equity_%, ATR: 414662.13, Risk: 2300.43"
2024-01-16 01:00:00,GBPUSD,790512.2655436972,-77.54775620525925,equity_%,-3.7663008498976074e-05,2308.8347874685846,2.530005019750634e-06,5.060010039501268e-08,"Method: equity_%, ATR: 790512.27, Risk: 2308.83"
2024-01-16 02:00:00,GBPUSD,424769.18024913134,-61.75187767527555,equity_%,-8.802249597817826e-05,2308.8559885212444,4.708439531387329e-06,9.416879062774658e-08,"Method: equity_%, ATR: 424769.18, Risk: 2308.86"
2024-01-16 03:00:00,GBPUSD,970967.795918772,18.450012578134206,equity_%,0.00012886081052735626,2308.4599867074317,2.0598005499322596e-06,4.119601099864519e-08,"Method: equity_%, ATR: 970967.80, Risk: 2308.46"
2024-01-16 04:00:00,GBPUSD,805135.32808102,9.59891622574649,equity_%,0.00029839320191837177,2306.1099484135225,2.4840544567418874e-06,4.968108913483775e-08,"Method: equity_%, ATR: 805135.33, Risk: 2306.11"
2024-01-16 05:00:00,GBPUSD,2531538.2400421756,98.53035867741299,equity_%,9.265125552504423e-06,2311.0314974180615,7.900334936148071e-07,1.5800669872296142e-08,"Method: equity_%, ATR: 2531538.24, Risk: 2311.03"
2024-01-16 06:00:00,GBPUSD,691841.2508573238,69.00339079636915,equity_%,4.8386230906719906e-05,2309.929254430344,2.8908365864591294e-06,5.781673172918259e-08,"Method: equity_%, ATR: 691841.25, Risk: 2309.93"
2024-01-16 07:00:00,GBPUSD,727597.2493602004,31.01051695308943,equity_%,0.00010239331570325287,2310.3174651350178,2.7487734481660893e-06,5.497546896332179e-08,"Method: equity_%, ATR: 727597.25, Risk: 2310.32"
2024-01-16 08:00:00,GBPUSD,896606.1583063785,-23.275060969961018,equity_%,-0.00011051410925773858,2306.270651502904,2.230633797762274e-06,4.461267595524549e-08,"Method: equity_%, ATR: 896606.16, Risk: 2306.27"
2024-01-16 09:00:00,GBPUSD,1012306.6057287586,19.33070571788611,equity_%,0.00011806784533110867,2310.4225670309397,1.9756860112161393e-06,3.951372022432279e-08,"Method: equity_%, ATR: 1012306.61, Risk: 2310.42"
2024-01-16 10:00:00,GBPUSD,1057069.2062975906,-24.608362487128794,equity_%,-8.901012141834332e-05,2315.397341873274,1.89202370865106e-06,3.78404741730212e-08,"Method: equity_%, ATR: 1057069.21, Risk: 2315.40"
2024-01-16 11:00:00,GBPUSD,345205.78789689473,-29.236887597761758,equity_%,-0.00022947835351017456,2316.0660044686506,5.793645616965597e-06,1.1587291233931194e-07,"Method: equity_%, ATR: 345205.79, Risk: 2316.07"
2024-01-16 12:00:00,GBPUSD,741765.9280098636,-57.37936675876679,equity_%,-5.4338302007298754e-05,2312.7500286245895,2.696268357008446e-06,5.3925367140168914e-08,"Method: equity_%, ATR: 741765.93, Risk: 2312.75"
2024-01-16 13:00:00,GBPUSD,1077868.290772296,-137.00767154448832,equity_%,-1.5683441838131375e-05,2316.0714817469275,1.8555142749092227e-06,3.7110285498184454e-08,"Method: equity_%, ATR: 1077868.29, Risk: 2316.07"
2024-01-16 14:00:00,GBPUSD,1379685.2007009792,-110.84459572016313,equity_%,-1.5124257315260819e-05,2312.9624761698415,1.4496060398298514e-06,2.8992120796597023e-08,"Method: equity_%, ATR: 1379685.20, Risk: 2312.96"
2024-01-16 15:00:00,GBPUSD,493870.11947663635,-118.18336855529304,equity_%,-3.965643777557845e-05,2314.636597076034,4.049647713288341e-06,8.099295426576681e-08,"Method: equity_%, ATR: 493870.12, Risk: 2314.64"
2024-01-16 16:00:00,GBPUSD,675719.2623680902,-75.80328065187601,equity_%,-4.522985690468495e-05,2316.7518298159853,2.959809067734587e-06,5.919618135469175e-08,"Method: equity_%, ATR: 675719.26, Risk: 2316.75"
2024-01-16 17:00:00,GBPUSD,1532831.1321654224,-5.75572798320276,equity_%,-0.0002625788157263769,2316.6171046431477,1.3047751693134064e-06,2.609550338626813e-08,"Method: equity_%, ATR: 1532831.13, Risk: 2316.62"
2024-01-16 18:00:00,GBPUSD,1115238.8855874252,-52.82164530876617,equity_%,-3.937820615869242e-05,2319.7210142410604,1.7933377555666455e-06,3.586675511133291e-08,"Method: equity_%, ATR: 1115238.89, Risk: 2319.72"
2024-01-16 19:00:00,GBPUSD,667387.9476571118,-24.322172746193644,equity_%,-0.000142998425693499,2321.196913430382,2.9967577434100634e-06,5.993515486820127e-08,"Method: equity_%, ATR: 667387.95, Risk: 2321.20"
2024-01-16 20:00:00,GBPUSD,924061.992884655,-12.47327359979746,equity_%,-0.00020100589400371375,2316.809624892197,2.164356953754344e-06,4.3287139075086874e-08,"Method: equity_%, ATR: 924061.99, Risk: 2316.81"
2024-01-16 21:00:00,GBPUSD,381648.5509880319,-1.4903096093320283,equity_%,-0.004078795684384014,2319.9149879185957,5.240423407405307e-06,1.0480846814810612e-07,"Method: equity_%, ATR: 381648.55, Risk: 2319.91"
2024-01-16 22:00:00,GBPUSD,978993.0549375569,-42.294665472431,equity_%,-5.60715236614872e-05,2321.7078123419788,2.0429154118233923e-06,4.085830823646784e-08,"Method: equity_%, ATR: 978993.05, Risk: 2321.71"
2024-01-16 23:00:00,GBPUSD,983781.8459834913,-18.948822410179837,equity_%,-0.00012448027361655744,2320.4999529678653,2.032971037395583e-06,4.065942074791167e-08,"Method: equity_%, ATR: 983781.85, Risk: 2320.50"
2024-01-17 00:00:00,GBPUSD,1090617.1183752667,-79.85331705902688,equity_%,-2.660819693198971e-05,2317.2917607044556,1.8338241407575516e-06,3.667648281515103e-08,"Method: equity_%, ATR: 1090617.12, Risk: 2317.29"
2024-01-17 01:00:00,GBPUSD,1065094.101306052,-152.3911620951358,equity_%,-1.4314574244631998e-05,2323.4118272622286,1.877768356380471e-06,3.755536712760943e-08,"Method: equity_%, ATR: 1065094.10, Risk: 2323.41"
2024-01-17 02:00:00,GBPUSD,576758.0294942792,-127.69728801492849,equity_%,-3.156340814503847e-05,2324.6587780696645,3.467658702131407e-06,6.935317404262815e-08,"Method: equity_%, ATR: 576758.03, Risk: 2324.66"
2024-01-17 03:00:00,GBPUSD,374862.9358343176,-137.20664645854376,equity_%,-4.520612620069387e-05,2325.1177141806256,5.335283403115539e-06,1.0670566806231079e-07,"Method: equity_%, ATR: 374862.94, Risk: 2325.12"
2024-01-17 04:00:00,GBPUSD,367388.527609796,-154.12547890591034,equity_%,-4.1053114841056025e-05,2324.5888144469213,5.4438281266207735e-06,1.0887656253241548e-07,"Method: equity_%, ATR: 367388.53, Risk: 2324.59"
2024-01-17 05:00:00,GBPUSD,856885.9726869985,-103.32177218723726,equity_%,-2.6206742159025244e-05,2320.213321118604,2.334032839548601e-06,4.6680656790972015e-08,"Method: equity_%, ATR: 856885.97, Risk: 2320.21"
2024-01-17 06:00:00,GBPUSD,1003844.0667545808,-134.36342015621798,equity_%,-1.7230194993021607e-05,2324.0073586449103,1.9923413070179147e-06,3.9846826140358286e-08,"Method: equity_%, ATR: 1003844.07, Risk: 2324.01"
2024-01-17 07:00:00,GBPUSD,523652.94630575774,-123.94002213023191,equity_%,-3.580742079604894e-05,2323.9573888056925,3.8193234929918875e-06,7.638646985983777e-08,"Method: equity_%, ATR: 523652.95, Risk: 2323.96"
2024-01-17 08:00:00,GBPUSD,662027.7366702093,-129.27769057079428,equity_%,-2.7158054331281038e-05,2324.3334018784763,3.0210214606103502e-06,6.042042921220701e-08,"Method: equity_%, ATR: 662027.74, Risk: 2324.33"
2024-01-17 09:00:00,GBPUSD,749189.8780272169,-63.493809812356076,equity_%,-4.8964908998863736e-05,2329.20782079857,2.6695502150488795e-06,5.339100430097758e-08,"Method: equity_%, ATR: 749189.88, Risk: 2329.21"
2024-01-17 10:00:00,GBPUSD,485631.2544359025,-75.0954654211885,equity_%,-6.388710024970267e-05,2329.879817099514,4.118351077554001e-06,8.236702155108002e-08,"Method: equity_%, ATR: 485631.25, Risk: 2329.88"
2024-01-17 11:00:00,GBPUSD,822515.7208341697,-43.58881361718346,equity_%,-6.497580281804068e-05,2329.5439603318605,2.4315644665996936e-06,4.863128933199387e-08,"Method: equity_%, ATR: 822515.72, Risk: 2329.54"
2024-01-17 12:00:00,GBPUSD,1387634.2919670541,27.811406684764066,equity_%,6.040488736571376e-05,2331.1491355854737,1.4413019421456362e-06,2.8826038842912723e-08,"Method: equity_%, ATR: 1387634.29, Risk: 2331.15"
2024-01-17 13:00:00,GBPUSD,2256381.919540446,58.76762271893463,equity_%,1.7592483494682706e-05,2332.802038738273,8.863747677996539e-07,1.7727495355993078e-08,"Method: equity_%, ATR: 2256381.92, Risk: 2332.80"
2024-01-17 14:00:00,GBPUSD,1123245.6082474315,85.81162440380365,equity_%,2.4239046818004822e-05,2336.3418583567773,1.7805544800843194e-06,3.5611089601686386e-08,"Method: equity_%, ATR: 1123245.61, Risk: 2336.34"
2024-01-17 15:00:00,GBPUSD,417279.43247661804,59.11490024597359,equity_%,9.467014754102333e-05,2335.269429317148,4.792951303949227e-06,9.585902607898454e-08,"Method: equity_%, ATR: 417279.43, Risk: 2335.27"
2024-01-17 16:00:00,GBPUSD,290104.4997880303,77.10114435462694,equity_%,0.00010452929429779256,2338.047378682503,6.894067487616819e-06,1.3788134975233637e-07,"Method: equity_%, ATR: 290104.50, Risk: 2338.05"
2024-01-17 17:00:00,GBPUSD,1805461.3338375217,173.25197620009786,equity_%,7.468249372881396e-06,2336.066492265799,1.1077501148966645e-06,2.215500229793329e-08,"Method: equity_%, ATR: 1805461.33, Risk: 2336.07"
2024-01-17 18:00:00,GBPUSD,362616.75900796946,173.0261209357094,equity_%,3.7320610892041416e-05,2341.5761577810554,5.515464882184458e-06,1.1030929764368917e-07,"Method: equity_%, ATR: 362616.76, Risk: 2341.58"
2024-01-17 19:00:00,GBPUSD,93339.87250234344,171.1670506871418,equity_%,0.00014675564885173828,2344.672543495781,2.142707019392797e-05,4.2854140387855947e-07,"Method: equity_%, ATR: 93339.87, Risk: 2344.67"
2024-01-17 20:00:00,GBPUSD,1620269.5037468998,108.72039903727902,equity_%,1.3300912746367728e-05,2343.0402011033225,1.2343625522636615e-06,2.4687251045273235e-08,"Method: equity_%, ATR: 1620269.50, Risk: 2343.04"
2024-01-17 21:00:00,GBPUSD,1636103.6631190751,8.373811517659163,equity_%,0.00017098457291712696,2342.5610948393673,1.2224164306234677e-06,2.444832861246935e-08,"Method: equity_%, ATR: 1636103.66, Risk: 2342.56"
2024-01-17 22:00:00,GBPUSD,2685916.0939819803,102.94345425438013,equity_%,8.46843063822947e-06,2341.499735699283,7.446248989241204e-07,1.4892497978482409e-08,"Method: equity_%, ATR: 2685916.09, Risk: 2341.50"
2024-01-17 23:00:00,GBPUSD,167572.5275980362,103.13488288465454,equity_%,0.00013583116779293208,2347.5120742123854,1.1935130588932158e-05,2.3870261177864317e-07,"Method: equity_%, ATR: 167572.53, Risk: 2347.51"
2024-01-18 00:00:00,GBPUSD,671747.101934537,113.82081490899364,equity_%,3.078626166652668e-05,2353.880702165799,2.9773109466944963e-06,5.954621893388992e-08,"Method: equity_%, ATR: 671747.10, Risk: 2353.88"
2024-01-18 01:00:00,GBPUSD,758709.6973270448,114.85708792670572,equity_%,2.701674261061302e-05,2354.325037689643,2.6360543526016014e-06,5.272108705203202e-08,"Method: equity_%, ATR: 758709.70, Risk: 2354.33"
2024-01-18 02:00:00,GBPUSD,509609.26210171933,140.06304345300728,equity_%,3.3008476394715194e-05,2356.060022541125,3.924575451693409e-06,7.849150903386818e-08,"Method: equity_%, ATR: 509609.26, Risk: 2356.06"
2024-01-18 03:00:00,GBPUSD,661010.9011121674,150.61957154201193,equity_%,2.366070537717662e-05,2355.687716464434,3.025668709298061e-06,6.051337418596123e-08,"Method: equity_%, ATR: 661010.90, Risk: 2355.69"
2024-01-18 04:00:00,GBPUSD,562534.0966969691,166.64082926342715,equity_%,2.5170144545710905e-05,2359.4782541659583,3.5553400438184957e-06,7.110680087636991e-08,"Method: equity_%, ATR: 562534.10, Risk: 2359.48"
2024-01-18 05:00:00,GBPUSD,424005.498459274,162.38686260520976,equity_%,3.428634909085255e-05,2360.715340948823,4.716919962753977e-06,9.433839925507954e-08,"Method: equity_%, ATR: 424005.50, Risk: 2360.72"
2024-01-18 06:00:00,GBPUSD,1131092.5800646225,205.15381507775209,equity_%,1.0179784086258474e-05,2362.198110162275,1.7682018565498275e-06,3.536403713099655e-08,"Method: equity_%, ATR: 1131092.58, Risk: 2362.20"
2024-01-18 07:00:00,GBPUSD,497328.6423957947,217.6187271400491,equity_%,2.1821563696865546e-05,2361.704765948251,4.021485652556318e-06,8.042971305112636e-08,"Method: equity_%, ATR: 497328.64, Risk: 2361.70"
2024-01-18 08:00:00,GBPUSD,722774.7900474085,182.3972573713064,equity_%,1.7920556106963177e-05,2362.5052508503945,2.7671136674105847e-06,5.5342273348211696e-08,"Method: equity_%, ATR: 722774.79, Risk: 2362.51"
2024-01-18 09:00:00,GBPUSD,1821558.266573265,323.0901558721662,equity_%,4.014892796054251e-06,2362.874997798788,1.0979610351759e-06,2.1959220703518e-08,"Method: equity_%, ATR: 1821558.27, Risk: 2362.87"
2024-01-18 10:00:00,GBPUSD,426821.2900977352,332.6542584269939,equity_%,1.663645164883246e-05,2362.1086156381853,4.685801871649918e-06,9.371603743299838e-08,"Method: equity_%, ATR: 426821.29, Risk: 2362.11"
2024-01-18 11:00:00,GBPUSD,414227.96212224057,318.4431874845317,equity_%,1.7877816914747265e-05,2358.2283715812778,4.828259274804319e-06,9.656518549608639e-08,"Method: equity_%, ATR: 414227.96, Risk: 2358.23"
2024-01-18 12:00:00,GBPUSD,793412.1069160068,290.0844212011592,equity_%,1.0250424695185945e-05,2359.2017873934865,2.520758106117136e-06,5.041516212234272e-08,"Method: equity_%, ATR: 793412.11, Risk: 2359.20"
2024-01-18 13:00:00,GBPUSD,807465.1615353952,273.9413521202352,equity_%,1.0643902748906657e-05,2354.4110448558113,2.4768870476058675e-06,4.953774095211735e-08,"Method: equity_%, ATR: 807465.16, Risk: 2354.41"
2024-01-18 14:00:00,GBPUSD,2311491.853838649,131.1363977791128,equity_%,7.76035553108347e-06,2352.3245188516526,8.652420715559256e-07,1.7304841431118512e-08,"Method: equity_%, ATR: 2311491.85, Risk: 2352.32"
2024-01-18 15:00:00,GBPUSD,371658.17093432735,128.8733973593592,equity_%,4.9088856611434816e-05,2351.2016579800516,5.381288927328342e-06,1.0762577854656683e-07,"Method: equity_%, ATR: 371658.17, Risk: 2351.20"
2024-01-18 16:00:00,GBPUSD,1350140.6534357097,226.9368721707337,equity_%,7.668975280840994e-06,2349.748694513641,1.481327145368588e-06,2.9626542907371757e-08,"Method: equity_%, ATR: 1350140.65, Risk: 2349.75"
2024-01-18 17:00:00,GBPUSD,501483.8799402642,206.69972404674664,equity_%,2.270680759566458e-05,2353.710008946132,3.988164086626746e-06,7.976328173253491e-08,"Method: equity_%, ATR: 501483.88, Risk: 2353.71"
2024-01-18 18:00:00,GBPUSD,1111771.3477716548,259.79541439436224,equity_%,8.152343150809436e-06,2354.6665282572276,1.798931051792835e-06,3.59786210358567e-08,"Method: equity_%, ATR: 1111771.35, Risk: 2354.67"
2024-01-18 19:00:00,GBPUSD,840078.8733962398,301.7984481875374,equity_%,9.288004733565551e-06,2354.8296393369383,2.3807288378940825e-06,4.761457675788164e-08,"Method: equity_%, ATR: 840078.87, Risk: 2354.83"
2024-01-18 20:00:00,GBPUSD,1254097.4782385353,371.3141365323252,equity_%,5.064223433882923e-06,2358.227160265124,1.594772363954623e-06,3.1895447279092455e-08,"Method: equity_%, ATR: 1254097.48, Risk: 2358.23"
2024-01-18 21:00:00,GBPUSD,751380.646627631,329.74307387655443,equity_%,9.532091865838395e-06,2361.69552163423,2.6617667210041407e-06,5.323533442008282e-08,"Method: equity_%, ATR: 751380.65, Risk: 2361.70"
2024-01-18 22:00:00,GBPUSD,2796465.1735161897,197.21813818852448,equity_%,4.274328033672249e-06,2357.3502766473985,7.151885955673324e-07,1.430377191134665e-08,"Method: equity_%, ATR: 2796465.17, Risk: 2357.35"
2024-01-18 23:00:00,GBPUSD,924950.8953038258,242.8573599904324,equity_%,1.0501130644139372e-05,2358.8808696934198,2.1622769491379806e-06,4.324553898275961e-08,"Method: equity_%, ATR: 924950.90, Risk: 2358.88"
2024-01-19 00:00:00,GBPUSD,1021719.7270614477,156.12688965111866,equity_%,1.4766906038584818e-05,2355.586181611665,1.9574839821798967e-06,3.914967964359794e-08,"Method: equity_%, ATR: 1021719.73, Risk: 2355.59"
2024-01-19 01:00:00,GBPUSD,702996.296971298,167.53415194320567,equity_%,2.002628578254751e-05,2358.613600038679,2.844965199129144e-06,5.6899303982582875e-08,"Method: equity_%, ATR: 702996.30, Risk: 2358.61"
2024-01-19 02:00:00,GBPUSD,1064620.8247695435,256.19158903761104,equity_%,8.633916391848281e-06,2354.8739378176997,1.87860311715482e-06,3.75720623430964e-08,"Method: equity_%, ATR: 1064620.82, Risk: 2354.87"
2024-01-19 03:00:00,GBPUSD,642799.6824978269,261.3625334611687,equity_%,1.402249993094192e-05,2355.8326222116475,3.1113892157324793e-06,6.222778431464958e-08,"Method: equity_%, ATR: 642799.68, Risk: 2355.83"
2024-01-19 04:00:00,GBPUSD,105513.6051224298,260.97255323218053,equity_%,8.556221022524839e-05,2356.054276875677,1.8954901575766987e-05,3.790980315153397e-07,"Method: equity_%, ATR: 105513.61, Risk: 2356.05"
2024-01-19 05:00:00,GBPUSD,397950.7156681635,266.7998298699491,equity_%,2.2169229255390436e-05,2353.7776399532027,5.025747966408299e-06,1.0051495932816598e-07,"Method: equity_%, ATR: 397950.72, Risk: 2353.78"
2024-01-19 06:00:00,GBPUSD,491046.71217494004,280.8790131422835,equity_%,1.70717786014344e-05,2354.6202138939725,4.072932269807115e-06,8.145864539614233e-08,"Method: equity_%, ATR: 491046.71, Risk: 2354.62"
2024-01-19 07:00:00,GBPUSD,526059.0050880429,229.81437469915988,equity_%,1.947774682263226e-05,2354.7801471489,3.8018548882463746e-06,7.603709776492749e-08,"Method: equity_%, ATR: 526059.01, Risk: 2354.78"
2024-01-19 08:00:00,GBPUSD,576135.1943244841,244.99338158846888,equity_%,1.6701623475350112e-05,2357.4226212364138,3.4714074399585867e-06,6.942814879917173e-08,"Method: equity_%, ATR: 576135.19, Risk: 2357.42"
2024-01-19 09:00:00,GBPUSD,1032905.7123301658,198.4727561056251,equity_%,1.150159862084795e-05,2357.8696236176797,1.936285157614372e-06,3.8725703152287445e-08,"Method: equity_%, ATR: 1032905.71, Risk: 2357.87"
2024-01-19 10:00:00,GBPUSD,562166.6279032999,191.81372936773366,equity_%,2.187020389340944e-05,2358.29202335438,3.5576640460842633e-06,7.115328092168527e-08,"Method: equity_%, ATR: 562166.63, Risk: 2358.29"
2024-01-19 11:00:00,GBPUSD,493285.9601140632,170.4264439557774,equity_%,2.8047445383927073e-05,2357.919901650015,4.0544433892615505e-06,8.108886778523101e-08,"Method: equity_%, ATR: 493285.96, Risk: 2357.92"
2024-01-19 12:00:00,GBPUSD,676024.9230578057,193.59732586966484,equity_%,1.8011888045289493e-05,2357.334979008366,2.958470807486758e-06,5.916941614973517e-08,"Method: equity_%, ATR: 676024.92, Risk: 2357.33"
2024-01-19 13:00:00,GBPUSD,313416.5879668475,189.79916680406012,equity_%,3.9617858730564735e-05,2356.716155591442,6.381283176407865e-06,1.276256635281573e-07,"Method: equity_%, ATR: 313416.59, Risk: 2356.72"
2024-01-19 14:00:00,GBPUSD,419391.7451213559,164.57437139416487,equity_%,3.412155107734517e-05,2355.1081089764716,4.768811077626901e-06,9.537622155253803e-08,"Method: equity_%, ATR: 419391.75, Risk: 2355.11"
2024-01-19 15:00:00,GBPUSD,334684.8890202006,163.23716959623968,equity_%,4.3067009135731023e-05,2352.880512632303,5.975770241241114e-06,1.195154048248223e-07,"Method: equity_%, ATR: 334684.89, Risk: 2352.88"
2024-01-19 16:00:00,GBPUSD,258954.45997608165,169.97878667525518,equity_%,5.342907934896972e-05,2351.7752251083693,7.72336572301064e-06,1.5446731446021283e-07,"Method: equity_%, ATR: 258954.46, Risk: 2351.78"
2024-01-19 17:00:00,GBPUSD,902014.1831008386,202.05439805954154,equity_%,1.2905474983191265e-05,2352.0993813867863,2.2172600358950397e-06,4.434520071790079e-08,"Method: equity_%, ATR: 902014.18, Risk: 2352.10"
2024-01-19 18:00:00,GBPUSD,302661.18870033807,216.58528674898855,equity_%,3.585543853496872e-05,2350.394284905511,6.6080491145502675e-06,1.3216098229100532e-07,"Method: equity_%, ATR: 302661.19, Risk: 2350.39"
2024-01-19 19:00:00,GBPUSD,375311.63321750483,204.08072950858417,equity_%,3.069530639011304e-05,2351.0723655782263,5.3289048965901294e-06,1.065780979318026e-07,"Method: equity_%, ATR: 375311.63, Risk: 2351.07"
2024-01-19 20:00:00,GBPUSD,673222.7123653746,232.1650628069316,equity_%,1.5027077343795846e-05,2348.714055651443,2.9707850957270603e-06,5.94157019145412e-08,"Method: equity_%, ATR: 673222.71, Risk: 2348.71"
2024-01-19 21:00:00,GBPUSD,317369.99444066867,241.6273712077921,equity_%,3.064081667428872e-05,2349.699528174769,6.301792970456424e-06,1.2603585940912845e-07,"Method: equity_%, ATR: 317369.99, Risk: 2349.70"
2024-01-19 22:00:00,GBPUSD,1036169.2168783827,220.86989866102383,equity_%,1.0272059434106448e-05,2350.849037742111,1.930186660075952e-06,3.8603733201519035e-08,"Method: equity_%, ATR: 1036169.22, Risk: 2350.85"
2024-01-19 23:00:00,GBPUSD,732906.8348260131,251.25649828142306,equity_%,1.2770259668817295e-05,2351.6127317710097,2.728859801771102e-06,5.4577196035422034e-08,"Method: equity_%, ATR: 732906.83, Risk: 2351.61"
2024-01-20 00:00:00,GBPUSD,550889.8618322022,222.39569076330596,equity_%,1.9236431392238358e-05,2356.7616134263017,3.6304897558800753e-06,7.260979511760151e-08,"Method: equity_%, ATR: 550889.86, Risk: 2356.76"
2024-01-20 01:00:00,GBPUSD,913195.6665971216,193.95087167768187,equity_%,1.3304847135658119e-05,2356.489271694179,2.1901111373564464e-06,4.380222274712893e-08,"Method: equity_%, ATR: 913195.67, Risk: 2356.49"
2024-01-20 02:00:00,GBPUSD,476470.42573147104,170.61689941947256,equity_%,2.903467469811283e-05,2360.3421360713623,4.19753229579701e-06,8.39506459159402e-08,"Method: equity_%, ATR: 476470.43, Risk: 2360.34"
2024-01-20 03:00:00,GBPUSD,1168067.3637281393,138.04089509179525,equity_%,1.4624982097512817e-05,2358.147680475895,1.712230015242073e-06,3.424460030484146e-08,"Method: equity_%, ATR: 1168067.36, Risk: 2358.15"
2024-01-20 04:00:00,GBPUSD,402381.74346481316,151.11266880616182,equity_%,3.876547452394701e-05,2357.13386954217,4.970404429332398e-06,9.940808858664797e-08,"Method: equity_%, ATR: 402381.74, Risk: 2357.13"
2024-01-20 05:00:00,GBPUSD,528971.3628088016,126.30164731453503,equity_%,3.526811615551768e-05,2356.261235826,3.78092301515178e-06,7.561846030303562e-08,"Method: equity_%, ATR: 528971.36, Risk: 2356.26"
2024-01-20 06:00:00,GBPUSD,824218.1574815345,165.48981723006074,equity_%,1.7273010892102824e-05,2356.033715189406,2.4265420287647657e-06,4.853084057529531e-08,"Method: equity_%, ATR: 824218.16, Risk: 2356.03"
2024-01-20 07:00:00,GBPUSD,1026484.4713877508,236.17598676966102,equity_%,9.720078864132825e-06,2356.448273225152,1.948397716427322e-06,3.896795432854643e-08,"Method: equity_%, ATR: 1026484.47, Risk: 2356.45"
2024-01-20 08:00:00,GBPUSD,728009.9309549328,237.8268788360839,equity_%,1.3610163214619039e-05,2356.46814544266,2.747215271330975e-06,5.494430542661949e-08,"Method: equity_%, ATR: 728009.93, Risk: 2356.47"
2024-01-20 09:00:00,GBPUSD,757863.2739362292,291.5785508800771,equity_%,1.065732825464842e-05,2355.020964009355,2.638998443099502e-06,5.277996886199004e-08,"Method: equity_%, ATR: 757863.27, Risk: 2355.02"
2024-01-20 10:00:00,GBPUSD,1252370.6558024702,186.44420970209052,equity_%,1.0103288719821983e-05,2359.0902045273724,1.5969713045683574e-06,3.1939426091367144e-08,"Method: equity_%, ATR: 1252370.66, Risk: 2359.09"
2024-01-20 11:00:00,GBPUSD,1177289.476159454,252.18493757147834,equity_%,7.949091272953194e-06,2360.0428545187497,1.6988175300134225e-06,3.3976350600268445e-08,"Method: equity_%, ATR: 1177289.48, Risk: 2360.04"
2024-01-20 12:00:00,GBPUSD,240540.1652541454,255.45672807742812,equity_%,3.8441648270383846e-05,2362.1471641505013,8.314619713871393e-06,1.6629239427742785e-07,"Method: equity_%, ATR: 240540.17, Risk: 2362.15"
2024-01-20 13:00:00,GBPUSD,797603.4041121386,310.70636387833156,equity_%,9.530257878310028e-06,2361.7928294572907,2.507511865782874e-06,5.0150237315657484e-08,"Method: equity_%, ATR: 797603.40, Risk: 2361.79"
2024-01-20 14:00:00,GBPUSD,507117.5012680601,313.2073119704957,equity_%,1.488014679881704e-05,2363.4570087326206,3.943859154927505e-06,7.88771830985501e-08,"Method: equity_%, ATR: 507117.50, Risk: 2363.46"
2024-01-20 15:00:00,GBPUSD,603169.4213488947,321.7582266700486,equity_%,1.2175703122062412e-05,2362.9962155517055,3.3158179596162395e-06,6.631635919232479e-08,"Method: equity_%, ATR: 603169.42, Risk: 2363.00"
2024-01-20 16:00:00,GBPUSD,1429746.6346918396,235.2221923560977,equity_%,7.023136889543841e-06,2361.938089721659,1.3988492446642966e-06,2.797698489328593e-08,"Method: equity_%, ATR: 1429746.63, Risk: 2361.94"
2024-01-20 17:00:00,GBPUSD,1347630.5593820268,309.1277821316763,equity_%,5.683509011602808e-06,2367.6932803272034,1.4840862624227855e-06,2.968172524845571e-08,"Method: equity_%, ATR: 1347630.56, Risk: 2367.69"
2024-01-20 18:00:00,GBPUSD,1914111.4806872287,415.6244874065977,equity_%,2.980919786560928e-06,2371.4755146121092,1.0448712210231008e-06,2.0897424420462015e-08,"Method: equity_%, ATR: 1914111.48, Risk: 2371.48"
2024-01-20 19:00:00,GBPUSD,971736.2449027746,384.7676478178948,equity_%,6.3468231818144875e-06,2373.0306607104226,2.0581716597389107e-06,4.1163433194778216e-08,"Method: equity_%, ATR: 971736.24, Risk: 2373.03"
2024-01-20 20:00:00,GBPUSD,596282.6580693115,360.07154639012464,equity_%,1.1046629093944957e-05,2371.7600790564734,3.3541139809025294e-06,6.708227961805057e-08,"Method: equity_%, ATR: 596282.66, Risk: 2371.76"
2024-01-20 21:00:00,GBPUSD,344244.0318557863,375.57973295507145,equity_%,1.833832480370729e-05,2370.98184779238,5.809832022993089e-06,1.1619664045986177e-07,"Method: equity_%, ATR: 344244.03, Risk: 2370.98"
2024-01-20 22:00:00,GBPUSD,954047.0493571695,403.18356340397264,equity_%,6.163969186447177e-06,2371.0082800669375,2.0963326717980907e-06,4.192665343596181e-08,"Method: equity_%, ATR: 954047.05, Risk: 2371.01"
2024-01-20 23:00:00,GBPUSD,559981.4201509975,380.58766705842254,equity_%,1.1132862595318282e-05,2372.658190205742,3.571547069295095e-06,7.14309413859019e-08,"Method: equity_%, ATR: 559981.42, Risk: 2372.66"
2024-01-21 00:00:00,GBPUSD,1370437.9091208484,335.237320299133,equity_%,5.158653630390097e-06,2369.9986188887447,1.4593875334950585e-06,2.9187750669901175e-08,"Method: equity_%, ATR: 1370437.91, Risk: 2370.00"
2024-01-21 01:00:00,GBPUSD,393467.02117186453,344.62669048369145,equity_%,1.7480837856163398e-05,2370.388281026707,5.083018124475569e-06,1.0166036248951138e-07,"Method: equity_%, ATR: 393467.02, Risk: 2370.39"
2024-01-21 02:00:00,GBPUSD,776325.1676041181,382.19487670365515,equity_%,8.005420955697267e-06,2375.268451937043,2.5762400646785255e-06,5.15248012935705e-08,"Method: equity_%, ATR: 776325.17, Risk: 2375.27"
2024-01-21 03:00:00,GBPUSD,611989.2348194771,391.17013112688215,equity_%,9.910269657139093e-06,2372.438374232185,3.2680313414172306e-06,6.536062682834461e-08,"Method: equity_%, ATR: 611989.23, Risk: 2372.44"
2024-01-21 04:00:00,GBPUSD,556465.6519440546,409.52433893332875,equity_%,1.0414823834737124e-05,2373.3949216019914,3.594112220606698e-06,7.188224441213396e-08,"Method: equity_%, ATR: 556465.65, Risk: 2373.39"
2024-01-21 05:00:00,GBPUSD,425267.660214887,396.21620275437783,equity_%,1.4072564804298236e-05,2371.1981446423665,4.702920506556749e-06,9.405841013113497e-08,"Method: equity_%, ATR: 425267.66, Risk: 2371.20"
2024-01-21 06:00:00,GBPUSD,745362.7156128323,423.12367778985697,equity_%,7.5186737466601715e-06,2371.2439390598825,2.6832573700116102e-06,5.36651474002322e-08,"Method: equity_%, ATR: 745362.72, Risk: 2371.24"
2024-01-21 07:00:00,GBPUSD,501122.43357815314,433.04684241932705,equity_%,1.0921671857189355e-05,2370.1064126613487,3.991040643938937e-06,7.982081287877874e-08,"Method: equity_%, ATR: 501122.43, Risk: 2370.11"
2024-01-21 08:00:00,GBPUSD,511230.33494142815,427.2338528466741,equity_%,1.084775417037405e-05,2369.3112040610285,3.912130918892246e-06,7.824261837784493e-08,"Method: equity_%, ATR: 511230.33, Risk: 2369.31"
2024-01-21 09:00:00,GBPUSD,324107.9753661836,404.43881657281486,equity_%,1.8065771063140177e-05,2368.094620350111,6.170783047656758e-06,1.2341566095313516e-07,"Method: equity_%, ATR: 324107.98, Risk: 2368.09"
2024-01-21 10:00:00,GBPUSD,665388.0946778867,431.78131767800465,equity_%,8.244194760182976e-06,2368.5748654992635,3.005764629690582e-06,6.011529259381165e-08,"Method: equity_%, ATR: 665388.09, Risk: 2368.57"
2024-01-21 11:00:00,GBPUSD,2105227.391381012,339.47439446699724,equity_%,3.3172783673291845e-06,2370.7619643810576,9.500161399135208e-07,1.9000322798270417e-08,"Method: equity_%, ATR: 2105227.39, Risk: 2370.76"
2024-01-21 12:00:00,GBPUSD,765947.8371995675,354.93153749027937,equity_%,8.719622948920705e-06,2370.5083545271173,2.611143870204441e-06,5.222287740408882e-08,"Method: equity_%, ATR: 765947.84, Risk: 2370.51"
2024-01-21 13:00:00,GBPUSD,666279.4135647562,362.58664838987056,equity_%,9.810869496275645e-06,2370.1492872647395,3.001743651810456e-06,6.003487303620911e-08,"Method: equity_%, ATR: 666279.41, Risk: 2370.15"
2024-01-21 14:00:00,GBPUSD,515093.9557157864,374.7474360153903,equity_%,1.2279989193749709e-05,2370.4080235854176,3.882786776677963e-06,7.765573553355928e-08,"Method: equity_%, ATR: 515093.96, Risk: 2370.41"
2024-01-21 15:00:00,GBPUSD,1038952.1995946938,335.1259258496757,equity_%,6.80514764111225e-06,2369.415065803133,1.925016377827797e-06,3.8500327556555944e-08,"Method: equity_%, ATR: 1038952.20, Risk: 2369.42"
2024-01-21 16:00:00,GBPUSD,623483.4778507474,282.7345363765269,equity_%,1.347863163250637e-05,2376.017390165756,3.207783479514705e-06,6.41556695902941e-08,"Method: equity_%, ATR: 623483.48, Risk: 2376.02"
2024-01-21 17:00:00,GBPUSD,192552.67091551388,277.6531635051608,equity_%,4.4401161570837707e-05,2373.8130059121004,1.0386768412459664e-05,2.077353682491933e-07,"Method: equity_%, ATR: 192552.67, Risk: 2373.81"
2024-01-21 18:00:00,GBPUSD,894783.4061540044,303.9407611541106,equity_%,8.71677492280558e-06,2370.624128239846,2.2351777941395715e-06,4.470355588279144e-08,"Method: equity_%, ATR: 894783.41, Risk: 2370.62"
2024-01-21 19:00:00,GBPUSD,633963.9818856154,259.4750506365636,equity_%,1.4391138270339367e-05,2367.311107386933,3.154753356888428e-06,6.309506713776857e-08,"Method: equity_%, ATR: 633963.98, Risk: 2367.31"
2024-01-01 01:00:00,USDJPY,617644.325308975,167.35466200601016,equity_%,2.2856453532976565e-05,2362.572343029056,3.238109568965124e-06,6.476219137930248e-08,"Method: equity_%, ATR: 617644.33, Risk: 2362.57"
2024-01-01 02:00:00,USDJPY,822076.2890028688,121.36172669060616,equity_%,2.3684627702257643e-05,2362.9820977512863,2.4328642326199242e-06,4.865728465239849e-08,"Method: equity_%, ATR: 822076.29, Risk: 2362.98"
2024-01-01 03:00:00,USDJPY,1223905.9666364873,74.29011056806559,equity_%,2.6023199035040268e-05,2366.136200849134,1.6341124682122091e-06,3.268224936424418e-08,"Method: equity_%, ATR: 1223905.97, Risk: 2366.14"
2024-01-01 04:00:00,USDJPY,611083.1724201594,62.080671839669634,equity_%,6.250609339937511e-05,2371.259530324461,3.272876901648455e-06,6.54575380329691e-08,"Method: equity_%, ATR: 611083.17, Risk: 2371.26"
2024-01-01 05:00:00,USDJPY,305388.64393489435,73.7692564802054,equity_%,0.00010518282919097608,2369.589615680344,6.549031994871358e-06,1.3098063989742713e-07,"Method: equity_%, ATR: 305388.64, Risk: 2369.59"
2024-01-01 06:00:00,USDJPY,150108.64515368268,75.14536387383792,equity_%,0.00021011652231908308,2370.107807862463,1.3323682976102948e-05,2.66473659522059e-07,"Method: equity_%, ATR: 150108.65, Risk: 2370.11"
2024-01-01 07:00:00,USDJPY,463603.7573159329,87.81293425282114,equity_%,5.8206077060258075e-05,2369.593043955687,4.3140288844489595e-06,8.62805776889792e-08,"Method: equity_%, ATR: 463603.76, Risk: 2369.59"
2024-01-01 08:00:00,USDJPY,544370.5701271984,97.9137844056929,equity_%,4.444993368550661e-05,2369.2429237044203,3.673967899353334e-06,7.347935798706667e-08,"Method: equity_%, ATR: 544370.57, Risk: 2369.24"
2024-01-01 09:00:00,USDJPY,1768203.2299296828,-53.41652683625193,equity_%,-2.5087870448920657e-05,2369.5813580474446,1.1310917015345207e-06,2.2621834030690415e-08,"Method: equity_%, ATR: 1768203.23, Risk: 2369.58"
2024-01-01 10:00:00,USDJPY,1676020.7854878164,-2.2897788528474337,equity_%,-0.000616993635882653,2367.846935420851,1.1933026232833306e-06,2.3866052465666613e-08,"Method: equity_%, ATR: 1676020.79, Risk: 2367.85"
2024-01-01 11:00:00,USDJPY,1062303.5007361197,-36.437784400831355,equity_%,-6.125681179925228e-05,2371.127809123958,1.8827011288338096e-06,3.765402257667619e-08,"Method: equity_%, ATR: 1062303.50, Risk: 2371.13"
2024-01-01 12:00:00,USDJPY,815749.0172479231,-95.13981432835885,equity_%,-3.0622561758651714e-05,2376.6234500367837,2.4517344890556677e-06,4.903468978111336e-08,"Method: equity_%, ATR: 815749.02, Risk: 2376.62"
2024-01-01 13:00:00,USDJPY,836230.7849184084,-148.6459028637234,equity_%,-1.9108465995931855e-05,2375.2258911057907,2.391684252804854e-06,4.783368505609708e-08,"Method: equity_%, ATR: 836230.78, Risk: 2375.23"
2024-01-01 14:00:00,USDJPY,215740.48157120871,-147.50554343961264,equity_%,-7.458315900821683e-05,2373.453676932621,9.270397402630563e-06,1.8540794805261127e-07,"Method: equity_%, ATR: 215740.48, Risk: 2373.45"
2024-01-01 15:00:00,USDJPY,1937842.0485621481,-34.03136357654199,equity_%,-3.5979000805738033e-05,2372.721820689914,1.0320758606120515e-06,2.064151721224103e-08,"Method: equity_%, ATR: 1937842.05, Risk: 2372.72"
2024-01-01 16:00:00,USDJPY,432055.78241851536,-59.72972967744771,equity_%,-9.192987446545847e-05,2372.395208355287,4.629031901400822e-06,9.258063802801645e-08,"Method: equity_%, ATR: 432055.78, Risk: 2372.40"
2024-01-01 17:00:00,USDJPY,360181.40541617514,-52.70232812088119,equity_%,-0.00012522611619384267,2377.092054134412,5.552757499208158e-06,1.1105514998416317e-07,"Method: equity_%, ATR: 360181.41, Risk: 2377.09"
2024-01-01 18:00:00,USDJPY,475138.0777597968,-38.52766166471743,equity_%,-0.00012974386525788453,2375.085891399707,4.209302713496872e-06,8.418605426993742e-08,"Method: equity_%, ATR: 475138.08, Risk: 2375.09"
2024-01-01 19:00:00,USDJPY,866713.8009255197,-0.5451774412569037,equity_%,-0.005026136985157153,2374.914121814506,2.307566809094653e-06,4.615133618189306e-08,"Method: equity_%, ATR: 866713.80, Risk: 2374.91"
2024-01-01 20:00:00,USDJPY,458396.77325742255,2.531371298440421,equity_%,0.0020440222509188004,2371.827076741262,4.363032457204617e-06,8.726064914409234e-08,"Method: equity_%, ATR: 458396.77, Risk: 2371.83"
2024-01-01 21:00:00,USDJPY,238420.87278815103,11.296586872423205,equity_%,0.0008816689673645498,2374.636149521495,8.388527298853993e-06,1.6777054597707987e-07,"Method: equity_%, ATR: 238420.87, Risk: 2374.64"
2024-01-01 22:00:00,USDJPY,733977.6939097932,37.47109605425878,equity_%,8.638396069277954e-05,2375.8136368601213,2.7248784487526986e-06,5.449756897505397e-08,"Method: equity_%, ATR: 733977.69, Risk: 2375.81"
2024-01-01 23:00:00,USDJPY,576831.1556581889,62.484705368860695,equity_%,6.597981360144334e-05,2378.1186565035496,3.467219099353111e-06,6.934438198706222e-08,"Method: equity_%, ATR: 576831.16, Risk: 2378.12"
2024-01-02 00:00:00,USDJPY,1088567.1469916813,7.393144687865146,equity_%,0.0002951315864025404,2375.1996526872204,1.8372775676053762e-06,3.674555135210753e-08,"Method: equity_%, ATR: 1088567.15, Risk: 2375.20"
2024-01-02 01:00:00,USDJPY,1488918.3214788283,133.71616143313798,equity_%,1.1958321703797996e-05,2380.8114778316904,1.3432570283731573e-06,2.6865140567463146e-08,"Method: equity_%, ATR: 1488918.32, Risk: 2380.81"
2024-01-02 02:00:00,USDJPY,182591.99371670064,143.25694143444957,equity_%,9.087999893787547e-05,2377.199983826192,1.0953382781410923e-05,2.1906765562821848e-07,"Method: equity_%, ATR: 182591.99, Risk: 2377.20"
2024-01-02 03:00:00,USDJPY,992567.4759726664,126.83862169380359,equity_%,1.8862556528773007e-05,2374.718353002972,2.014976360211783e-06,4.029952720423566e-08,"Method: equity_%, ATR: 992567.48, Risk: 2374.72"
2024-01-02 04:00:00,USDJPY,689737.881273025,154.4847685580295,equity_%,2.225728531033275e-05,2371.602711165264,2.899652250951724e-06,5.7993045019034484e-08,"Method: equity_%, ATR: 689737.88, Risk: 2371.60"
2024-01-02 05:00:00,USDJPY,579583.3692313408,145.0090313536496,equity_%,2.824509214677502e-05,2373.853768990617,3.4507546388925106e-06,6.901509277785021e-08,"Method: equity_%, ATR: 579583.37, Risk: 2373.85"
2024-01-02 06:00:00,USDJPY,763592.5799869935,118.60328362838297,equity_%,2.618940517704721e-05,2371.832672558356,2.6191977926685287e-06,5.238395585337058e-08,"Method: equity_%, ATR: 763592.58, Risk: 2371.83"
2024-01-02 07:00:00,USDJPY,288596.44327498245,124.28124526606605,equity_%,6.605520102905819e-05,2369.210175300435,6.93009233691195e-06,1.3860184673823899e-07,"Method: equity_%, ATR: 288596.44, Risk: 2369.21"
2024-01-02 08:00:00,USDJPY,646088.8651849203,126.74883029475751,equity_%,2.8927648915576743e-05,2368.91432670287,3.095549401594423e-06,6.191098803188846e-08,"Method: equity_%, ATR: 646088.87, Risk: 2368.91"
2024-01-02 09:00:00,USDJPY,1084982.4232225805,216.0942524817462,equity_%,1.0115948024132608e-05,2371.7696528604943,1.8433478342069942e-06,3.6866956684139883e-08,"Method: equity_%, ATR: 1084982.42, Risk: 2371.77"
2024-01-02 10:00:00,USDJPY,604944.7389853125,217.84539036514636,equity_%,1.800963384063984e-05,2373.389200772945,3.306087103682636e-06,6.612174207365272e-08,"Method: equity_%, ATR: 604944.74, Risk: 2373.39"
2024-01-02 11:00:00,USDJPY,1681758.1891978467,117.2485993327054,equity_%,1.2032154604518162e-05,2372.545872049413,1.189231610612193e-06,2.3784632212243854e-08,"Method: equity_%, ATR: 1681758.19, Risk: 2372.55"
2024-01-02 12:00:00,USDJPY,1088961.1140545143,96.46634273234027,equity_%,2.265183939936554e-05,2379.5326009467244,1.8366128727530284e-06,3.673225745506057e-08,"Method: equity_%, ATR: 1088961.11, Risk: 2379.53"
2024-01-02 13:00:00,USDJPY,1398168.902753606,17.38024245052125,equity_%,9.790539018082276e-05,2379.1513553460873,1.4304423421670482e-06,2.8608846843340968e-08,"Method: equity_%, ATR: 1398168.90, Risk: 2379.15"
2024-01-02 14:00:00,USDJPY,1000086.1095135517,99.49514137156447,equity_%,2.391629337303866e-05,2379.759892556971,1.999827795801316e-06,3.9996555916026326e-08,"Method: equity_%, ATR: 1000086.11, Risk: 2379.76"
2024-01-02 15:00:00,USDJPY,626267.517211477,66.12432383222394,equity_%,5.751271342964496e-05,2381.688658934041,3.1935234465060778e-06,6.387046893012155e-08,"Method: equity_%, ATR: 626267.52, Risk: 2381.69"
2024-01-02 16:00:00,USDJPY,574501.0578720005,72.1126351927295,equity_%,5.7445445680851406e-05,2379.895030069277,3.4812816662308087e-06,6.962563332461618e-08,"Method: equity_%, ATR: 574501.06, Risk: 2379.90"
2024-01-02 17:00:00,USDJPY,419284.7445827406,84.72148962143265,equity_%,6.700329866077948e-05,2380.11986159213,4.7700280676568354e-06,9.540056135313672e-08,"Method: equity_%, ATR: 419284.74, Risk: 2380.12"
2024-01-02 18:00:00,USDJPY,2324377.4804928224,-16.03577821810697,equity_%,-6.381357255414745e-05,2378.536165624925,8.604454383097677e-07,1.7208908766195355e-08,"Method: equity_%, ATR: 2324377.48, Risk: 2378.54"
2024-01-02 19:00:00,USDJPY,231349.2799110252,-28.537130977610715,equity_%,-0.0003604585116406198,2379.763207210807,8.644937216874769e-06,1.7289874433749537e-07,"Method: equity_%, ATR: 231349.28, Risk: 2379.76"
2024-01-02 20:00:00,USDJPY,1206654.010328611,-113.91977362315299,equity_%,-1.731115224298754e-05,2379.6213112336477,1.6574759482673378e-06,3.3149518965346755e-08,"Method: equity_%, ATR: 1206654.01, Risk: 2379.62"
2024-01-02 21:00:00,USDJPY,956965.0508797608,-161.76297802079443,equity_%,-1.53493921634424e-05,2376.1091841333177,2.089940482321013e-06,4.179880964642026e-08,"Method: equity_%, ATR: 956965.05, Risk: 2376.11"
2024-01-02 22:00:00,USDJPY,489889.51278316136,-165.81514294422965,equity_%,-2.9210249396678144e-05,2372.7806777616424,4.08255320396143e-06,8.165106407922862e-08,"Method: equity_%, ATR: 489889.51, Risk: 2372.78"
2024-01-02 23:00:00,USDJPY,702439.7284257886,-122.37932028093046,equity_%,-2.7651184063735994e-05,2377.0090552791353,2.8472193685316254e-06,5.694438737063251e-08,"Method: equity_%, ATR: 702439.73, Risk: 2377.01"
2024-01-03 00:00:00,USDJPY,395393.4712044942,-95.12495196989215,equity_%,-6.315609424788185e-05,2375.413435609237,5.05825246407677e-06,1.011650492815354e-07,"Method: equity_%, ATR: 395393.47, Risk: 2375.41"
2024-01-03 01:00:00,USDJPY,74860.61226894321,-96.99722180864315,equity_%,-0.0003269246964631559,2373.8889526255734,2.6716319027886485e-05,5.343263805577298e-07,"Method: equity_%, ATR: 74860.61, Risk: 2373.89"
2024-01-03 02:00:00,USDJPY,1326321.2820601417,-117.47747851753627,equity_%,-1.5233263202833975e-05,2373.53861022163,1.507930263241686e-06,3.015860526483372e-08,"Method: equity_%, ATR: 1326321.28, Risk: 2373.54"
2024-01-03 03:00:00,USDJPY,1022440.2576010283,-174.41467325143262,equity_%,-1.3303308171063994e-05,2372.360101325947,1.9561045108812906e-06,3.912209021762581e-08,"Method: equity_%, ATR: 1022440.26, Risk: 2372.36"
2024-01-03 04:00:00,USDJPY,944145.5356033786,-151.234146443865,equity_%,-1.661485814249255e-05,2372.3864838984114,2.1183174887564902e-06,4.2366349775129815e-08,"Method: equity_%, ATR: 944145.54, Risk: 2372.39"
2024-01-03 05:00:00,USDJPY,2720334.5478529576,-304.5268450929788,equity_%,-2.8653916362735123e-06,2373.7331185322123,7.352036908763716e-07,1.4704073817527432e-08,"Method: equity_%, ATR: 2720334.55, Risk: 2373.73"
2024-01-03 06:00:00,USDJPY,1010831.5013140938,-232.61542541693353,equity_%,-1.0093907865503718e-05,2373.431022957483,1.978569125912652e-06,3.957138251825304e-08,"Method: equity_%, ATR: 1010831.50, Risk: 2373.43"
2024-01-03 07:00:00,USDJPY,167765.66942611823,-221.8872672454984,equity_%,-6.371454761290377e-05,2371.7782353721195,1.1921390155932789e-05,2.384278031186558e-07,"Method: equity_%, ATR: 167765.67, Risk: 2371.78"
2024-01-03 08:00:00,USDJPY,1520756.8321428283,-161.22211049684697,equity_%,-9.672372317393922e-06,2371.468627607041,1.3151346472544808e-06,2.6302692945089616e-08,"Method: equity_%, ATR: 1520756.83, Risk: 2371.47"
2024-01-03 09:00:00,USDJPY,811088.3306093083,-177.7234162068077,equity_%,-1.6458802068687326e-05,2372.5262612372944,2.4658226786440805e-06,4.9316453572881614e-08,"Method: equity_%, ATR: 811088.33, Risk: 2372.53"
2024-01-03 10:00:00,USDJPY,3020348.235553604,-372.17766742451323,equity_%,-2.110408339217122e-06,2372.3230165889518,6.621753003369882e-07,1.3243506006739764e-08,"Method: equity_%, ATR: 3020348.24, Risk: 2372.32"
2024-01-03 11:00:00,USDJPY,509147.3923625591,-411.5478233850531,equity_%,-1.1325345850427015e-05,2373.09599403936,3.9281356047402065e-06,7.856271209480414e-08,"Method: equity_%, ATR: 509147.39, Risk: 2373.10"
2024-01-03 12:00:00,USDJPY,659224.493671382,-446.7381717015436,equity_%,-8.05573056601406e-06,2372.4186535618755,3.0338678541228227e-06,6.067735708245647e-08,"Method: equity_%, ATR: 659224.49, Risk: 2372.42"
2024-01-03 13:00:00,USDJPY,875336.4247146322,-404.8996079261854,equity_%,-6.695157662511855e-06,2372.9203760458427,2.284835799734963e-06,4.569671599469925e-08,"Method: equity_%, ATR: 875336.42, Risk: 2372.92"
2024-01-03 14:00:00,USDJPY,545266.5274537719,-428.7187732935578,equity_%,-1.0149095958458699e-05,2372.5135330233725,3.6679310012653608e-06,7.335862002530721e-08,"Method: equity_%, ATR: 545266.53, Risk: 2372.51"
2024-01-03 15:00:00,USDJPY,1155444.9303387422,-376.47408237064724,equity_%,-5.452621376381295e-06,2371.8634166432253,1.7309349389880996e-06,3.461869877976199e-08,"Method: equity_%, ATR: 1155444.93, Risk: 2371.86"
2024-01-03 16:00:00,USDJPY,975442.1531881962,-411.4629511631792,equity_%,-5.90940306844392e-06,2371.78801116634,2.050352236124997e-06,4.100704472249994e-08,"Method: equity_%, ATR: 975442.15, Risk: 2371.79"
2024-01-03 17:00:00,USDJPY,842230.5101510728,-464.07665634704523,equity_%,-6.0812867236450985e-06,2376.9288038532463,2.374646816868764e-06,4.749293633737528e-08,"Method: equity_%, ATR: 842230.51, Risk: 2376.93"
2024-01-03 18:00:00,USDJPY,587878.2448308476,-423.6125730225339,equity_%,-9.543661343496153e-06,2376.682949794569,3.4020649982981894e-06,6.80412999659638e-08,"Method: equity_%, ATR: 587878.24, Risk: 2376.68"
2024-01-03 19:00:00,USDJPY,598256.3457249103,-428.2977185183177,equity_%,-9.275977792982668e-06,2376.8007460409317,3.3430485347825103e-06,6.68609706956502e-08,"Method: equity_%, ATR: 598256.35, Risk: 2376.80"
2024-01-03 20:00:00,USDJPY,2015541.1805995612,-381.40579138902956,equity_%,-3.092330487732433e-06,2377.1952913002015,9.922893261873527e-07,1.9845786523747056e-08,"Method: equity_%, ATR: 2015541.18, Risk: 2377.20"
2024-01-03 21:00:00,USDJPY,980089.4736857413,-461.8287456354718,equity_%,-5.255801132221571e-06,2378.951621011194,2.040630017664373e-06,4.081260035328746e-08,"Method: equity_%, ATR: 980089.47, Risk: 2378.95"
2024-01-03 22:00:00,USDJPY,580283.2134487955,-442.8549693435955,equity_%,-9.258697357118388e-06,2379.312126677589,3.4465928940342866e-06,6.893185788068573e-08,"Method: equity_%, ATR: 580283.21, Risk: 2379.31"
2024-01-03 23:00:00,USDJPY,732232.6021175928,-425.2887965191777,equity_%,-7.646006194646747e-06,2381.0452520576637,2.7313725095223363e-06,5.462745019044674e-08,"Method: equity_%, ATR: 732232.60, Risk: 2381.05"
2024-01-04 00:00:00,USDJPY,188237.02583004092,-428.5346624022466,equity_%,-2.9531334439520507e-05,2382.1772910408995,1.0624902253852006e-05,2.1249804507704011e-07,"Method: equity_%, ATR: 188237.03, Risk: 2382.18"
2024-01-04 01:00:00,USDJPY,279379.3096607999,-410.69561145708064,equity_%,-2.0800191760123657e-05,2386.611015848719,7.158726257961767e-06,1.4317452515923535e-07,"Method: equity_%, ATR: 279379.31, Risk: 2386.61"
2024-01-04 02:00:00,USDJPY,825986.452533233,-378.3328934117707,equity_%,-7.632378116095176e-06,2385.101709733151,2.4213472192748e-06,4.8426944385496e-08,"Method: equity_%, ATR: 825986.45, Risk: 2385.10"
2024-01-04 03:00:00,USDJPY,239657.15026908525,-372.8143605874955,equity_%,-2.6657981536205025e-05,2381.827397208744,8.345254868275016e-06,1.6690509736550028e-07,"Method: equity_%, ATR: 239657.15, Risk: 2381.83"
2024-01-04 04:00:00,USDJPY,536644.7606780514,-351.2325124871534,equity_%,-1.2645665155531332e-05,2383.5445960070174,3.726860199795853e-06,7.453720399591705e-08,"Method: equity_%, ATR: 536644.76, Risk: 2383.54"
2024-01-04 05:00:00,USDJPY,2369834.5174980904,-222.4823454369144,equity_%,-4.530357862316737e-06,2388.6146097263604,8.439407837267318e-07,1.6878815674534637e-08,"Method: equity_%, ATR: 2369834.52, Risk: 2388.61"
2024-01-04 06:00:00,USDJPY,462598.4941189816,-218.78642751482988,equity_%,-2.3662504715707933e-05,2394.8885361599146,4.32340361117906e-06,8.64680722235812e-08,"Method: equity_%, ATR: 462598.49, Risk: 2394.89"
2024-01-04 07:00:00,USDJPY,260588.19851495628,-228.8211293549735,equity_%,-4.0183524574655664e-05,2396.066654329613,7.674944649825388e-06,1.534988929965078e-07,"Method: equity_%, ATR: 260588.20, Risk: 2396.07"
2024-01-04 08:00:00,USDJPY,394810.99215640966,-244.68674449998298,equity_%,-2.4819595374820097e-05,2397.6974173214385,5.065715088316674e-06,1.0131430176633345e-07,"Method: equity_%, ATR: 394810.99, Risk: 2397.70"
2024-01-04 09:00:00,USDJPY,1745185.5484924135,-152.3782473125878,equity_%,-9.02783145745506e-06,2400.7560086189865,1.146009948184426e-06,2.292019896368852e-08,"Method: equity_%, ATR: 1745185.55, Risk: 2400.76"
2024-01-04 10:00:00,USDJPY,505438.8848540526,-168.85230604558276,equity_%,-2.8118494880560265e-05,2399.7594844906907,3.956957131577852e-06,7.913914263155705e-08,"Method: equity_%, ATR: 505438.88, Risk: 2399.76"
2024-01-04 11:00:00,USDJPY,1129041.5801778773,-112.24307744535881,equity_%,-1.8960496006459915e-05,2402.808702335864,1.771413945343718e-06,3.542827890687437e-08,"Method: equity_%, ATR: 1129041.58, Risk: 2402.81"
2024-01-04 12:00:00,USDJPY,937576.8012329178,-58.80639736301083,equity_%,-4.356684881340428e-05,2402.0805997092616,2.1331585821769376e-06,4.266317164353876e-08,"Method: equity_%, ATR: 937576.80, Risk: 2402.08"
2024-01-04 13:00:00,USDJPY,350150.3027817958,-53.635017324570306,equity_%,-0.00012795298295365963,2402.997652095047,5.71183284466941e-06,1.1423665689338822e-07,"Method: equity_%, ATR: 350150.30, Risk: 2403.00"
2024-01-04 14:00:00,USDJPY,2023049.8080567378,115.73197391093146,equity_%,1.0279121366757425e-05,2406.6665936343406,9.886064060484608e-07,1.9772128120969213e-08,"Method: equity_%, ATR: 2023049.81, Risk: 2406.67"
2024-01-04 15:00:00,USDJPY,866390.4809840216,163.1476769437712,equity_%,1.7030695753502125e-05,2407.281935382794,2.308427947786842e-06,4.616855895573684e-08,"Method: equity_%, ATR: 866390.48, Risk: 2407.28"
2024-01-04 16:00:00,USDJPY,314980.46974316705,148.61601386651247,equity_%,5.144429054305985e-05,2408.165982448388,6.349600029585283e-06,1.269920005917057e-07,"Method: equity_%, ATR: 314980.47, Risk: 2408.17"
2024-01-04 17:00:00,USDJPY,756883.4402758977,171.77702465685928,equity_%,1.857816652186527e-05,2415.443764409895,2.642414794107484e-06,5.284829588214967e-08,"Method: equity_%, ATR: 756883.44, Risk: 2415.44"
2024-01-04 18:00:00,USDJPY,810552.2521960145,221.03389707410298,equity_%,1.3482786684894216e-05,2415.569632323464,2.467453510346108e-06,4.934907020692217e-08,"Method: equity_%, ATR: 810552.25, Risk: 2415.57"
2024-01-04 19:00:00,USDJPY,391606.09607018356,213.26880260559483,equity_%,2.892022066792933e-05,2415.3405734036937,5.107172794474477e-06,1.0214345588948953e-07,"Method: equity_%, ATR: 391606.10, Risk: 2415.34"
2024-01-04 20:00:00,USDJPY,929892.3417374081,176.2053588483516,equity_%,1.4730360057565024e-05,2413.5991589328437,2.150786612849404e-06,4.301573225698808e-08,"Method: equity_%, ATR: 929892.34, Risk: 2413.60"
2024-01-04 21:00:00,USDJPY,431803.9366410059,173.7091604534313,equity_%,3.2167821071228306e-05,2412.8535512026206,4.631731742785764e-06,9.263463485571528e-08,"Method: equity_%, ATR: 431803.94, Risk: 2412.85"
2024-01-04 22:00:00,USDJPY,413013.0953275517,178.32863456566756,equity_%,3.275434626956967e-05,2412.425120843675,4.842461468234666e-06,9.684922936469331e-08,"Method: equity_%, ATR: 413013.10, Risk: 2412.43"
2024-01-04 23:00:00,USDJPY,774442.1082721004,173.71516670587786,equity_%,1.7925519544106733e-05,2411.562088954402,2.5825042035256936e-06,5.165008407051388e-08,"Method: equity_%, ATR: 774442.11, Risk: 2411.56"
2024-01-05 00:00:00,USDJPY,577278.5715764982,212.5999808002161,equity_%,1.9640960954068968e-05,2410.523613235748,3.464531854245294e-06,6.92906370849059e-08,"Method: equity_%, ATR: 577278.57, Risk: 2410.52"
2024-01-05 01:00:00,USDJPY,887145.6267820437,189.53101093876114,equity_%,1.4342233603713485e-05,2411.5262131814393,2.2544213031344464e-06,4.5088426062688925e-08,"Method: equity_%, ATR: 887145.63, Risk: 2411.53"
2024-01-05 02:00:00,USDJPY,824372.3417640603,224.49978864273265,equity_%,1.3027457939820912e-05,2411.0100941728238,2.4260881869474585e-06,4.852176373894918e-08,"Method: equity_%, ATR: 824372.34, Risk: 2411.01"
2024-01-05 03:00:00,USDJPY,2109225.3884878447,83.82653963864291,equity_%,1.3617887889637624e-05,2407.7660336877616,9.482154021642272e-07,1.8964308043284547e-08,"Method: equity_%, ATR: 2109225.39, Risk: 2407.77"
2024-01-05 04:00:00,USDJPY,725612.2663940875,122.45592989487167,equity_%,2.7088502742323397e-05,2406.963127876705,2.756292985424504e-06,5.512585970849007e-08,"Method: equity_%, ATR: 725612.27, Risk: 2406.96"
2024-01-05 05:00:00,USDJPY,227955.07779252162,136.00910282042895,equity_%,7.759643197132794e-05,2405.7971086020857,8.773658474150527e-06,1.7547316948301056e-07,"Method: equity_%, ATR: 227955.08, Risk: 2405.80"
2024-01-05 06:00:00,USDJPY,563832.1368406408,164.3344276936662,equity_%,2.5980051557723133e-05,2407.234456153211,3.547155029521264e-06,7.094310059042528e-08,"Method: equity_%, ATR: 563832.14, Risk: 2407.23"
2024-01-05 07:00:00,USDJPY,766772.408030667,129.50924052734928,equity_%,2.4287416018332057e-05,2411.8402858517516,2.6083359013095967e-06,5.2166718026191936e-08,"Method: equity_%, ATR: 766772.41, Risk: 2411.84"
2024-01-05 08:00:00,USDJPY,648356.7785617032,92.92518454435525,equity_%,4.007256503609765e-05,2414.3188790899335,3.0847213542468775e-06,6.169442708493755e-08,"Method: equity_%, ATR: 648356.78, Risk: 2414.32"
2024-01-05 09:00:00,USDJPY,466523.9809271054,72.20310585925752,equity_%,7.177946589521266e-05,2417.8540106888677,4.287025065732905e-06,8.574050131465809e-08,"Method: equity_%, ATR: 466523.98, Risk: 2417.85"
2024-01-05 10:00:00,USDJPY,2230631.441817137,225.1921997794144,equity_%,4.808980113938186e-06,2415.6507441726685,8.966071052825929e-07,1.7932142105651862e-08,"Method: equity_%, ATR: 2230631.44, Risk: 2415.65"
2024-01-05 11:00:00,USDJPY,278011.96067690797,224.33132511493775,equity_%,3.8715036869158976e-05,2414.5326337449196,7.193935092326127e-06,1.4387870184652255e-07,"Method: equity_%, ATR: 278011.96, Risk: 2414.53"
2024-01-05 12:00:00,USDJPY,1217464.8092581013,258.9915007264253,equity_%,7.668000469523536e-06,2417.820523671413,1.6427579547196603e-06,3.285515909439321e-08,"Method: equity_%, ATR: 1217464.81, Risk: 2417.82"
2024-01-05 13:00:00,USDJPY,693519.3606871004,259.6703297656772,equity_%,1.3426585487861408e-05,2417.9454594160566,2.883841624866119e-06,5.767683249732239e-08,"Method: equity_%, ATR: 693519.36, Risk: 2417.95"
2024-01-05 14:00:00,USDJPY,909628.9423287407,230.3111544904754,equity_%,1.1562931386258524e-05,2422.4074366224154,2.198698729703785e-06,4.39739745940757e-08,"Method: equity_%, ATR: 909628.94, Risk: 2422.41"
2024-01-05 15:00:00,USDJPY,286402.82364015747,210.7416296652777,equity_%,4.01546709113125e-05,2423.615383639544,6.983171375827082e-06,1.3966342751654164e-07,"Method: equity_%, ATR: 286402.82, Risk: 2423.62"
2024-01-05 16:00:00,USDJPY,572967.0972240166,200.75919783958784,equity_%,2.1059754121733643e-05,2422.4701332729956,3.490601833316176e-06,6.981203666632353e-08,"Method: equity_%, ATR: 572967.10, Risk: 2422.47"
2024-01-05 17:00:00,USDJPY,314471.7648418904,200.15837580078846,equity_%,3.851824948353635e-05,2424.49876927887,6.359871453023952e-06,1.2719742906047904e-07,"Method: equity_%, ATR: 314471.76, Risk: 2424.50"
2024-01-05 18:00:00,USDJPY,416717.07615224394,216.8229370586384,equity_%,2.682771757912666e-05,2423.9867751839242,4.7994193529744335e-06,9.598838705948866e-08,"Method: equity_%, ATR: 416717.08, Risk: 2423.99"
2024-01-05 19:00:00,USDJPY,487634.4786963864,188.33542117588556,equity_%,2.6370777698622938e-05,2421.861763619893,4.10143270702819e-06,8.20286541405638e-08,"Method: equity_%, ATR: 487634.48, Risk: 2421.86"
2024-01-05 20:00:00,USDJPY,402863.92675700143,157.50582784614667,equity_%,3.8260937021459444e-05,2427.7871645909913,4.964455408305533e-06,9.928910816611066e-08,"Method: equity_%, ATR: 402863.93, Risk: 2427.79"
2024-01-05 21:00:00,USDJPY,518893.3023546632,122.8899764872456,equity_%,3.802604836545013e-05,2424.7988781168083,3.8543569379760495e-06,7.7087138759521e-08,"Method: equity_%, ATR: 518893.30, Risk: 2424.80"
2024-01-05 22:00:00,USDJPY,817585.1205001258,88.97235276347496,equity_%,3.3253699687578345e-05,2418.9563102830753,2.4462284719376714e-06,4.8924569438753426e-08,"Method: equity_%, ATR: 817585.12, Risk: 2418.96"
2024-01-05 23:00:00,USDJPY,1804115.9509169224,-11.11852049015745,equity_%,-0.00012078131373790604,2422.764470557188,1.1085761971028088e-06,2.217152394205618e-08,"Method: equity_%, ATR: 1804115.95, Risk: 2422.76"
2024-01-06 00:00:00,USDJPY,792186.2498192412,-40.4444558746096,equity_%,-7.57500399570255e-05,2426.996573470262,2.5246588166057597e-06,5.049317633211519e-08,"Method: equity_%, ATR: 792186.25, Risk: 2427.00"
2024-01-06 01:00:00,USDJPY,449555.83616157353,-62.54612467307811,equity_%,-8.631551740203052e-05,2427.0175928831786,4.448835581974707e-06,8.897671163949414e-08,"Method: equity_%, ATR: 449555.84, Risk: 2427.02"
2024-01-06 02:00:00,USDJPY,807706.3471060202,-118.5355336937177,equity_%,-2.5324441552056068e-05,2424.6102246312025,2.476147435470726e-06,4.9522948709414514e-08,"Method: equity_%, ATR: 807706.35, Risk: 2424.61"
2024-01-06 03:00:00,USDJPY,644620.5848464997,-143.009608648231,equity_%,-2.6293550733544324e-05,2423.9219198483393,3.1026002690811527e-06,6.205200538162305e-08,"Method: equity_%, ATR: 644620.58, Risk: 2423.92"
2024-01-06 04:00:00,USDJPY,956911.4329818259,-116.1782446290425,equity_%,-2.1794141822721293e-05,2422.904666988008,2.0900575863826935e-06,4.1801151727653874e-08,"Method: equity_%, ATR: 956911.43, Risk: 2422.90"
2024-01-06 05:00:00,USDJPY,597726.2970025599,-135.56329209687192,equity_%,-2.990004241132208e-05,2422.7927999553312,3.3460130665648706e-06,6.692026133129743e-08,"Method: equity_%, ATR: 597726.30, Risk: 2422.79"
2024-01-06 06:00:00,USDJPY,614656.132398183,-160.7120766880525,equity_%,-2.4584566993106993e-05,2428.529008247759,3.2538518605462665e-06,6.507703721092533e-08,"Method: equity_%, ATR: 614656.13, Risk: 2428.53"
2024-01-06 07:00:00,USDJPY,128537.09004386957,-166.6185015062778,equity_%,-0.00011329307704979078,2426.359009159811,1.5559711203337513e-05,3.1119422406675027e-07,"Method: equity_%, ATR: 128537.09, Risk: 2426.36"
2024-01-06 08:00:00,USDJPY,292838.28530171176,-142.9972167698581,equity_%,-5.8001286119587545e-05,2428.8073225191306,6.829708068872881e-06,1.3659416137745761e-07,"Method: equity_%, ATR: 292838.29, Risk: 2428.81"
2024-01-06 09:00:00,USDJPY,425857.9213385147,-150.32398961830287,equity_%,-3.795884269364101e-05,2429.9983929946243,4.6964020152866875e-06,9.392804030573375e-08,"Method: equity_%, ATR: 425857.92, Risk: 2430.00"
2024-01-06 10:00:00,USDJPY,375139.3004532935,-149.4014699368856,equity_%,-4.340411386006005e-05,2432.6427175705817,5.331352906995701e-06,1.0662705813991402e-07,"Method: equity_%, ATR: 375139.30, Risk: 2432.64"
2024-01-06 11:00:00,USDJPY,218367.3589720388,-148.9522836830565,equity_%,-7.495057272005302e-05,2437.866072688068,9.158877999967446e-06,1.8317755999934894e-07,"Method: equity_%, ATR: 218367.36, Risk: 2437.87"
2024-01-06 12:00:00,USDJPY,360453.3966958274,-165.55800825034768,equity_%,-4.090521161591923e-05,2441.0572168553545,5.548567493976821e-06,1.109713498795364e-07,"Method: equity_%, ATR: 360453.40, Risk: 2441.06"
2024-01-06 13:00:00,USDJPY,1033571.9105361307,-121.6438584687574,equity_%,-1.9437608004203788e-05,2443.8452658668307,1.9350371073480193e-06,3.870074214696038e-08,"Method: equity_%, ATR: 1033571.91, Risk: 2443.85"
2024-01-06 14:00:00,USDJPY,519797.8219290411,-154.29635808380417,equity_%,-3.0470159896414365e-05,2443.795518170079,3.847649827730569e-06,7.695299655461138e-08,"Method: equity_%, ATR: 519797.82, Risk: 2443.80"
2024-01-06 15:00:00,USDJPY,637362.6826142162,-146.63139818527574,equity_%,-2.6152195246623763e-05,2444.1156830700543,3.137930811695423e-06,6.275861623390846e-08,"Method: equity_%, ATR: 637362.68, Risk: 2444.12"
2024-01-06 16:00:00,USDJPY,1133969.2236411918,-252.73894005783455,equity_%,-8.529220488550961e-06,2444.4590657778176,1.7637162969714212e-06,3.527432593942842e-08,"Method: equity_%, ATR: 1133969.22, Risk: 2444.46"
2024-01-06 17:00:00,USDJPY,641736.7734281006,-258.1933840207876,equity_%,-1.4737606323240852e-05,2441.9062550000085,3.1165426118814706e-06,6.233085223762941e-08,"Method: equity_%, ATR: 641736.77, Risk: 2441.91"
2024-01-06 18:00:00,USDJPY,630171.4058224945,-296.0995808432477,equity_%,-1.311014868056876e-05,2446.2683852343985,3.17373968656927e-06,6.347479373138539e-08,"Method: equity_%, ATR: 630171.41, Risk: 2446.27"
2024-01-06 19:00:00,USDJPY,945253.3948871042,-354.61811574083134,equity_%,-7.3012588179972296e-06,2447.4109986851568,2.115834770674237e-06,4.231669541348474e-08,"Method: equity_%, ATR: 945253.39, Risk: 2447.41"
2024-01-06 20:00:00,USDJPY,667858.6269133228,-362.6742343972241,equity_%,-1.0103370116945936e-05,2447.188966901516,2.994645751966258e-06,5.989291503932516e-08,"Method: equity_%, ATR: 667858.63, Risk: 2447.19"
2024-01-06 21:00:00,USDJPY,882796.2805702902,-304.89976114955243,equity_%,-9.086516009624086e-06,2445.7664034720647,2.2655283489730974e-06,4.5310566979461945e-08,"Method: equity_%, ATR: 882796.28, Risk: 2445.77"
2024-01-06 22:00:00,USDJPY,993870.8671838893,-260.1880075143325,equity_%,-9.446609832903777e-06,2442.82982779727,2.0123338615075367e-06,4.024667723015074e-08,"Method: equity_%, ATR: 993870.87, Risk: 2442.83"
2024-01-06 23:00:00,USDJPY,281771.07367163105,-250.11918989818375,equity_%,-3.465500760823731e-05,2442.3585384471553,7.097960674028413e-06,1.4195921348056828e-07,"Method: equity_%, ATR: 281771.07, Risk: 2442.36"
2024-01-07 00:00:00,USDJPY,1315008.7759315833,-304.21656944559396,equity_%,-6.098614203022644e-06,2439.7351129300782,1.5209023974635854e-06,3.041804794927171e-08,"Method: equity_%, ATR: 1315008.78, Risk: 2439.74"
2024-01-07 01:00:00,USDJPY,1851274.1859687981,-358.5104270475979,equity_%,-3.6714842782634567e-06,2436.7681504221646,1.0803369998665925e-06,2.1606739997331852e-08,"Method: equity_%, ATR: 1851274.19, Risk: 2436.77"
2024-01-07 02:00:00,USDJPY,424612.68772017036,-374.39213697274323,equity_%,-1.5337363185188814e-05,2438.2059558381175,4.710174843663754e-06,9.42034968732751e-08,"Method: equity_%, ATR: 424612.69, Risk: 2438.21"
2024-01-07 03:00:00,USDJPY,354771.7215301964,-370.4926835384086,equity_%,-1.8543887558134676e-05,2437.4146473345536,5.637427896940682e-06,1.1274855793881363e-07,"Method: equity_%, ATR: 354771.72, Risk: 2437.41"
2024-01-07 04:00:00,USDJPY,378683.17529986426,-381.8156241308035,equity_%,-1.6875293043978135e-05,2439.950576003048,5.2814598863978545e-06,1.0562919772795707e-07,"Method: equity_%, ATR: 378683.18, Risk: 2439.95"
2024-01-07 05:00:00,USDJPY,2138721.636351982,-408.32750367972733,equity_%,-2.7951172065928884e-06,2440.9726891953624,9.35138059112452e-07,1.870276118224904e-08,"Method: equity_%, ATR: 2138721.64, Risk: 2440.97"
2024-01-07 06:00:00,USDJPY,858647.4344354264,-328.87939762126734,equity_%,-8.638585653546329e-06,2439.4627373460285,2.3292447165058266e-06,4.658489433011653e-08,"Method: equity_%, ATR: 858647.43, Risk: 2439.46"
2024-01-07 07:00:00,USDJPY,772410.4481451627,-362.79398983559037,equity_%,-8.694077316049273e-06,2436.305364724935,2.5892969273042906e-06,5.178593854608582e-08,"Method: equity_%, ATR: 772410.45, Risk: 2436.31"
2024-01-07 08:00:00,USDJPY,487043.5373918707,-333.9701322328509,equity_%,-1.4971577059872752e-05,2435.246700347444,4.106409071168557e-06,8.212818142337114e-08,"Method: equity_%, ATR: 487043.54, Risk: 2435.25"
2024-01-07 09:00:00,USDJPY,229256.49146039347,-353.30318807399874,equity_%,-3.005416013701296e-05,2434.2982908772906,8.723853301861778e-06,1.7447706603723552e-07,"Method: equity_%, ATR: 229256.49, Risk: 2434.30"
2024-01-07 10:00:00,USDJPY,1075933.7584439467,-284.81373098233604,equity_%,-7.935826623631691e-06,2431.860329367018,1.8588504954919065e-06,3.717700990983813e-08,"Method: equity_%, ATR: 1075933.76, Risk: 2431.86"
2024-01-07 11:00:00,USDJPY,679473.1159725856,-297.57378046281303,equity_%,-1.202993466083084e-05,2432.373196481291,2.9434571478773457e-06,5.886914295754691e-08,"Method: equity_%, ATR: 679473.12, Risk: 2432.37"
2024-01-07 12:00:00,USDJPY,1811604.5522154926,-320.4075977287539,equity_%,-4.1864837982748e-06,2430.052318494529,1.1039936930794913e-06,2.2079873861589826e-08,"Method: equity_%, ATR: 1811604.55, Risk: 2430.05"
2024-01-07 13:00:00,USDJPY,2276336.5116000976,-133.08244345362303,equity_%,-8.024881755411165e-06,2431.0610902526555,8.786047185062925e-07,1.757209437012585e-08,"Method: equity_%, ATR: 2276336.51, Risk: 2431.06"
2024-01-07 14:00:00,USDJPY,596344.3946418915,-136.29904507426232,equity_%,-2.9906332074989127e-05,2430.8217070731584,3.3537667461450907e-06,6.707533492290181e-08,"Method: equity_%, ATR: 596344.39, Risk: 2430.82"
2024-01-07 15:00:00,USDJPY,1544534.172702147,-211.7153413276754,equity_%,-7.430677247601355e-06,2429.843197209991,1.2948887990616746e-06,2.589777598123349e-08,"Method: equity_%, ATR: 1544534.17, Risk: 2429.84"
2024-01-07 16:00:00,USDJPY,514393.0361960517,-221.3582303775623,equity_%,-2.136404161541379e-05,2432.619423098247,3.888077519069943e-06,7.776155038139886e-08,"Method: equity_%, ATR: 514393.04, Risk: 2432.62"
2024-01-07 17:00:00,USDJPY,222454.74655521577,-210.0496417203276,equity_%,-5.200422278261731e-05,2429.9773862913753,8.990592608027707e-06,1.7981185216055416e-07,"Method: equity_%, ATR: 222454.75, Risk: 2429.98"
2024-01-07 18:00:00,USDJPY,1014565.6473227084,-264.51936576376914,equity_%,-9.046050832983081e-06,2427.709120193781,1.971286929808544e-06,3.9425738596170886e-08,"Method: equity_%, ATR: 1014565.65, Risk: 2427.71"
2024-01-07 19:00:00,USDJPY,450049.3772656904,-252.63162711872323,equity_%,-2.136270736306821e-05,2428.8694683009066,4.443956821251822e-06,8.887913642503645e-08,"Method: equity_%, ATR: 450049.38, Risk: 2428.87"
2024-01-07 20:00:00,USDJPY,266630.4299083245,-236.19111338980912,equity_%,-3.8624884198627085e-05,2432.4305915765726,7.501019297338491e-06,1.5002038594676982e-07,"Method: equity_%, ATR: 266630.43, Risk: 2432.43"
2024-01-07 21:00:00,USDJPY,436516.41118635953,-240.67201743378084,equity_%,-2.3160047239028297e-05,2433.1316908888066,4.581729228837976e-06,9.163458457675952e-08,"Method: equity_%, ATR: 436516.41, Risk: 2433.13"
2024-01-07 22:00:00,USDJPY,763440.7207315047,-187.79378103046247,equity_%,-1.7015266369933555e-05,2439.468862755279,2.619718788491742e-06,5.239437576983484e-08,"Method: equity_%, ATR: 763440.72, Risk: 2439.47"
2024-01-07 23:00:00,USDJPY,886127.034386719,-213.78395583058276,equity_%,-1.2871132232689153e-05,2438.303979443053,2.257012733376522e-06,4.514025466753044e-08,"Method: equity_%, ATR: 886127.03, Risk: 2438.30"
2024-01-08 00:00:00,USDJPY,776605.3611665359,-265.9580987957732,equity_%,-1.181063474588387e-05,2439.421475487018,2.5753105760122595e-06,5.150621152024519e-08,"Method: equity_%, ATR: 776605.36, Risk: 2439.42"
2024-01-08 01:00:00,USDJPY,809234.25218506,-291.18513466554515,equity_%,-1.034333581085427e-05,2437.2724621934913,2.4714722524407304e-06,4.94294450488146e-08,"Method: equity_%, ATR: 809234.25, Risk: 2437.27"
2024-01-08 02:00:00,USDJPY,641568.8172037875,-256.59162281225343,equity_%,-1.4790270329999465e-05,2434.7918126955046,3.1173584912009856e-06,6.234716982401972e-08,"Method: equity_%, ATR: 641568.82, Risk: 2434.79"
2024-01-08 03:00:00,USDJPY,931308.6913696793,-204.29615398427845,equity_%,-1.2795643067756011e-05,2434.534670824996,2.147515661062491e-06,4.295031322124981e-08,"Method: equity_%, ATR: 931308.69, Risk: 2434.53"
2024-01-08 04:00:00,USDJPY,1084599.1221514768,-138.9050029088363,equity_%,-1.6154040404825293e-05,2433.707056326657,1.8439992796902496e-06,3.687998559380499e-08,"Method: equity_%, ATR: 1084599.12, Risk: 2433.71"
2024-01-08 05:00:00,USDJPY,557952.976177815,-103.03168128126059,equity_%,-4.242544001257526e-05,2438.904193926709,3.584531466613445e-06,7.16906293322689e-08,"Method: equity_%, ATR: 557952.98, Risk: 2438.90"
2024-01-08 06:00:00,USDJPY,1952320.7846409273,-152.1000970109057,equity_%,-8.203508877064376e-06,2436.017036731107,1.0244218141476385e-06,2.0488436282952773e-08,"Method: equity_%, ATR: 1952320.78, Risk: 2436.02"
2024-01-08 07:00:00,USDJPY,780799.1354758985,-136.7808261574036,equity_%,-2.283720748282399e-05,2438.976096348581,2.561478245978073e-06,5.1229564919561456e-08,"Method: equity_%, ATR: 780799.14, Risk: 2438.98"
2024-01-08 08:00:00,USDJPY,891082.645104141,-161.76731774039695,equity_%,-1.6905310185689134e-05,2436.8674874903554,2.2444607253755456e-06,4.488921450751091e-08,"Method: equity_%, ATR: 891082.65, Risk: 2436.87"
2024-01-08 09:00:00,USDJPY,794630.1335244749,-220.43973885955867,equity_%,-1.3901146287551554e-05,2435.0368147901972,2.5168942324516056e-06,5.033788464903212e-08,"Method: equity_%, ATR: 794630.13, Risk: 2435.04"
2024-01-08 10:00:00,USDJPY,295415.91064750805,-201.4984461019807,equity_%,-4.0910723789672314e-05,2435.2454828880755,6.770116056431406e-06,1.3540232112862813e-07,"Method: equity_%, ATR: 295415.91, Risk: 2435.25"
2024-01-08 11:00:00,USDJPY,820883.8989809862,-152.8465847324012,equity_%,-1.939623201904301e-05,2433.6316622339136,2.4363981343558126e-06,4.8727962687116256e-08,"Method: equity_%, ATR: 820883.90, Risk: 2433.63"
2024-01-08 12:00:00,USDJPY,170096.7220979325,-166.1226324426973,equity_%,-8.612349539749232e-05,2433.5843100313537,1.1758016117726877e-05,2.351603223545375e-07,"Method: equity_%, ATR: 170096.72, Risk: 2433.58"
2024-01-08 13:00:00,USDJPY,1003390.7633245843,-187.1247214401794,equity_%,-1.295151370073159e-05,2431.7660724860266,1.9932413901970764e-06,3.986482780394153e-08,"Method: equity_%, ATR: 1003390.76, Risk: 2431.77"
2024-01-08 14:00:00,USDJPY,400400.97098829394,-193.3238284968039,equity_%,-3.144214460786565e-05,2433.8436171734465,4.994992881919039e-06,9.989985763838078e-08,"Method: equity_%, ATR: 400400.97, Risk: 2433.84"
2024-01-08 15:00:00,USDJPY,448120.3053314053,-192.5029414789163,equity_%,-2.8209655298810736e-05,2433.491158240207,4.463087202712025e-06,8.926174405424049e-08,"Method: equity_%, ATR: 448120.31, Risk: 2433.49"
2024-01-08 16:00:00,USDJPY,342506.74603287934,-164.89008073818198,equity_%,-4.311826835720593e-05,2435.145814892505,5.8393010449143315e-06,1.1678602089828662e-07,"Method: equity_%, ATR: 342506.75, Risk: 2435.15"
2024-01-08 17:00:00,USDJPY,1990284.8094743257,-45.827610366162375,equity_%,-2.6688334950056534e-05,2434.2429444920836,1.0048813066750184e-06,2.0097626133500365e-08,"Method: equity_%, ATR: 1990284.81, Risk: 2434.24"
2024-01-08 18:00:00,USDJPY,909698.9778100445,-96.42799300955471,equity_%,-2.7746952533838445e-05,2433.97507008467,2.1985294573098034e-06,4.3970589146196075e-08,"Method: equity_%, ATR: 909698.98, Risk: 2433.98"
2024-01-08 19:00:00,USDJPY,512629.27418508567,-92.85382304041372,equity_%,-5.11023954500821e-05,2432.452964664221,3.901454912381568e-06,7.802909824763135e-08,"Method: equity_%, ATR: 512629.27, Risk: 2432.45"
2024-01-08 20:00:00,USDJPY,1477373.417870039,-10.248746758597449,equity_%,-0.0001605914695662484,2431.5517388124085,1.353753882267249e-06,2.7075077645344983e-08,"Method: equity_%, ATR: 1477373.42, Risk: 2431.55"
2024-01-08 21:00:00,USDJPY,900000.3776956783,39.28718239686491,equity_%,6.876830496912153e-05,2431.5426668258997,2.222221289640692e-06,4.444442579281384e-08,"Method: equity_%, ATR: 900000.38, Risk: 2431.54"
2024-01-08 22:00:00,USDJPY,327797.3149374178,47.14094870793712,equity_%,0.00015723154304431473,2429.6481561188953,6.101331246053175e-06,1.220266249210635e-07,"Method: equity_%, ATR: 327797.31, Risk: 2429.65"
2024-01-08 23:00:00,USDJPY,176864.55607307152,54.924459494877816,equity_%,0.0002502197405643692,2430.6821381538375,1.1308088202667928e-05,2.2616176405335855e-07,"Method: equity_%, ATR: 176864.56, Risk: 2430.68"
2024-01-09 00:00:00,USDJPY,2390543.8482438177,18.653247367658693,equity_%,5.4623498385895455e-05,2435.7385797109623,8.36629707281577e-07,1.673259414563154e-08,"Method: equity_%, ATR: 2390543.85, Risk: 2435.74"
2024-01-09 01:00:00,USDJPY,1117418.8517273962,-33.23118402068136,equity_%,-6.568411135938123e-05,2439.0580575894382,1.7898391430467082e-06,3.5796782860934164e-08,"Method: equity_%, ATR: 1117418.85, Risk: 2439.06"
2024-01-09 02:00:00,USDJPY,409145.9368291228,2.2268714662464717,equity_%,0.0026764588101173712,2438.562872164833,4.88823136189493e-06,9.776462723789859e-08,"Method: equity_%, ATR: 409145.94, Risk: 2438.56"
2024-01-09 03:00:00,USDJPY,979669.8845407414,60.640973510576316,equity_%,4.096201553529432e-05,2433.476969992527,2.041504012280196e-06,4.083008024560392e-08,"Method: equity_%, ATR: 979669.88, Risk: 2433.48"
2024-01-09 04:00:00,USDJPY,762920.9643932895,98.09167484418833,equity_%,3.251786653675156e-05,2433.5134066915084,2.62150352833795e-06,5.2430070566759006e-08,"Method: equity_%, ATR: 762920.96, Risk: 2433.51"
2024-01-09 05:00:00,USDJPY,441774.01240621007,86.50040279613071,equity_%,6.369034855703041e-05,2433.8394154758216,4.527201564226474e-06,9.054403128452948e-08,"Method: equity_%, ATR: 441774.01, Risk: 2433.84"
2024-01-09 06:00:00,USDJPY,809843.0154003038,88.78672803174996,equity_%,3.3859366690221816e-05,2434.600592241569,2.469614433868278e-06,4.939228867736556e-08,"Method: equity_%, ATR: 809843.02, Risk: 2434.60"
2024-01-09 07:00:00,USDJPY,146186.56053666712,92.01090389184672,equity_%,0.00018074480290533002,2431.154526245785,1.3681148203075422e-05,2.7362296406150845e-07,"Method: equity_%, ATR: 146186.56, Risk: 2431.15"
2024-01-09 08:00:00,USDJPY,971718.5793551775,60.12556125119403,equity_%,4.1613858944389007e-05,2431.2949089745957,2.058209076672363e-06,4.116418153344726e-08,"Method: equity_%, ATR: 971718.58, Risk: 2431.29"
2024-01-09 09:00:00,USDJPY,904470.2331123429,117.72362939099236,equity_%,2.280715403243796e-05,2428.4491658341153,2.211239161644785e-06,4.42247832328957e-08,"Method: equity_%, ATR: 904470.23, Risk: 2428.45"
2024-01-09 10:00:00,USDJPY,955004.2983017658,177.56068649064605,equity_%,1.4332057388961399e-05,2430.304439472089,2.094231411896779e-06,4.1884628237935586e-08,"Method: equity_%, ATR: 955004.30, Risk: 2430.30"
2024-01-09 11:00:00,USDJPY,885338.3676026356,225.46302974085657,equity_%,1.2178990960283415e-05,2431.061425694954,2.2590232990982895e-06,4.518046598196579e-08,"Method: equity_%, ATR: 885338.37, Risk: 2431.06"
2024-01-09 12:00:00,USDJPY,980636.8393305638,295.57450534663155,equity_%,8.38277373045071e-06,2429.7574334229776,2.0394909917572637e-06,4.078981983514527e-08,"Method: equity_%, ATR: 980636.84, Risk: 2429.76"
2024-01-09 13:00:00,USDJPY,856530.1140014583,341.96903672933394,equity_%,8.312902846092851e-06,2434.905588598663,2.3350025495969832e-06,4.670005099193967e-08,"Method: equity_%, ATR: 856530.11, Risk: 2434.91"
2024-01-09 14:00:00,USDJPY,2319792.3212849675,380.7016813651836,equity_%,2.756233734475656e-06,2434.1646174640414,8.621461419840249e-07,1.7242922839680495e-08,"Method: equity_%, ATR: 2319792.32, Risk: 2434.16"
2024-01-09 15:00:00,USDJPY,303773.7328169294,357.7791675649559,equity_%,2.242710851759348e-05,2437.4659166942342,6.583847725916807e-06,1.3167695451833613e-07,"Method: equity_%, ATR: 303773.73, Risk: 2437.47"
2024-01-09 16:00:00,USDJPY,908732.2492889882,396.5087263791045,equity_%,6.75762359911499e-06,2434.9087380670467,2.200868299287104e-06,4.401736598574208e-08,"Method: equity_%, ATR: 908732.25, Risk: 2434.91"
2024-01-09 17:00:00,USDJPY,2315776.1552988235,280.7319254779567,equity_%,3.7468225678354177e-06,2435.8554337190676,8.636413305421237e-07,1.7272826610842478e-08,"Method: equity_%, ATR: 2315776.16, Risk: 2435.86"
2024-01-09 18:00:00,USDJPY,222085.61239772735,275.64421160910814,equity_%,3.9802420918575645e-05,2436.5694192929363,9.00553610117819e-06,1.8011072202356378e-07,"Method: equity_%, ATR: 222085.61, Risk: 2436.57"
2024-01-09 19:00:00,USDJPY,794619.6591542684,319.48430488671727,equity_%,9.598165449570145e-06,2436.671956177382,2.5169274091817023e-06,5.033854818363404e-08,"Method: equity_%, ATR: 794619.66, Risk: 2436.67"
2024-01-09 20:00:00,USDJPY,445757.00948560325,299.3789517675987,equity_%,1.8261425566080026e-05,2436.9921037675404,4.486749411541434e-06,8.973498823082868e-08,"Method: equity_%, ATR: 445757.01, Risk: 2436.99"
2024-01-09 21:00:00,USDJPY,353860.9393635983,295.29540479537496,equity_%,2.3296079521357227e-05,2434.2891028323984,5.651937745931786e-06,1.1303875491863573e-07,"Method: equity_%, ATR: 353860.94, Risk: 2434.29"
2024-01-09 22:00:00,USDJPY,502635.3654632723,265.43365351683855,equity_%,1.824826820746571e-05,2434.61718188674,3.979027616086318e-06,7.958055232172637e-08,"Method: equity_%, ATR: 502635.37, Risk: 2434.62"
2024-01-09 23:00:00,USDJPY,822547.1295678844,217.8760201249155,equity_%,1.3590970710382816e-05,2435.682642650362,2.431471617985801e-06,4.8629432359716023e-08,"Method: equity_%, ATR: 822547.13, Risk: 2435.68"
2024-01-10 00:00:00,USDJPY,652168.3768787483,178.89282773163035,equity_%,2.0893196141235376e-05,2437.5725282650696,3.06669269916447e-06,6.133385398328941e-08,"Method: equity_%, ATR: 652168.38, Risk: 2437.57"
2024-01-10 01:00:00,USDJPY,1670459.938547054,222.60771635276268,equity_%,6.546633882438672e-06,2434.4134174765322,1.1972750461406313e-06,2.3945500922812625e-08,"Method: equity_%, ATR: 1670459.94, Risk: 2434.41"
2024-01-10 02:00:00,USDJPY,579703.5141119809,179.12842060126346,equity_%,2.3421553579797418e-05,2432.1263260174023,3.4500394620924475e-06,6.900078924184896e-08,"Method: equity_%, ATR: 579703.51, Risk: 2432.13"
2024-01-10 03:00:00,USDJPY,1005625.4447717341,144.15576474804138,equity_%,1.6813417808785422e-05,2437.385780219959,1.988812047664504e-06,3.9776240953290076e-08,"Method: equity_%, ATR: 1005625.44, Risk: 2437.39"
2024-01-10 04:00:00,USDJPY,657466.933631876,188.99154143490796,equity_%,1.961695005244127e-05,2437.517649348151,3.041978079341439e-06,6.083956158682877e-08,"Method: equity_%, ATR: 657466.93, Risk: 2437.52"
2024-01-10 05:00:00,USDJPY,1090694.0447416096,129.24659961160071,equity_%,1.7273835712478426e-05,2435.066649167041,1.8336948016194667e-06,3.6673896032389343e-08,"Method: equity_%, ATR: 1090694.04, Risk: 2435.07"
2024-01-10 06:00:00,USDJPY,696714.6410811238,164.3419402906529,equity_%,2.1233896347435648e-05,2431.269154678517,2.8706157185049377e-06,5.741231437009875e-08,"Method: equity_%, ATR: 696714.64, Risk: 2431.27"
2024-01-10 07:00:00,USDJPY,1012655.2506492094,108.44433051636686,equity_%,2.2125333701252397e-05,2429.7315914766173,1.975005806485285e-06,3.9500116129705705e-08,"Method: equity_%, ATR: 1012655.25, Risk: 2429.73"
2024-01-10 08:00:00,USDJPY,627746.6347235464,89.77276181595191,equity_%,4.305516752971484e-05,2426.354553414632,3.1859987602813363e-06,6.371997520562673e-08,"Method: equity_%, ATR: 627746.63, Risk: 2426.35"
2024-01-10 09:00:00,USDJPY,542265.201960368,46.08652341763363,equity_%,9.705531415594431e-05,2425.5208016796214,3.688232239077314e-06,7.376464478154628e-08,"Method: equity_%, ATR: 542265.20, Risk: 2425.52"
2024-01-10 10:00:00,USDJPY,1227546.3162135447,35.4220250512173,equity_%,5.598559872880835e-05,2434.3756777951307,1.629266426515901e-06,3.258532853031802e-08,"Method: equity_%, ATR: 1227546.32, Risk: 2434.38"
2024-01-10 11:00:00,USDJPY,422776.5995245687,55.01865746244482,equity_%,0.000104515133496581,2431.084809568033,4.7306307923595815e-06,9.461261584719164e-08,"Method: equity_%, ATR: 422776.60, Risk: 2431.08"
2024-01-10 12:00:00,USDJPY,989254.4401258351,56.866894041332685,equity_%,4.3231552069047595e-05,2432.0267325784143,2.021724562333626e-06,4.0434491246672516e-08,"Method: equity_%, ATR: 989254.44, Risk: 2432.03"
2024-01-10 13:00:00,USDJPY,1110491.0387586206,-34.974519558802044,equity_%,-6.265355646550625e-05,2433.3946224414112,1.801005078110068e-06,3.602010156220137e-08,"Method: equity_%, ATR: 1110491.04, Risk: 2433.39"
2024-01-10 14:00:00,USDJPY,1363488.1259957082,-135.93564943042662,equity_%,-1.3131709336855235e-05,2433.9182542288613,1.4668261218186034e-06,2.9336522436372064e-08,"Method: equity_%, ATR: 1363488.13, Risk: 2433.92"
2024-01-10 15:00:00,USDJPY,726701.7914227344,-103.25954880464121,equity_%,-3.242445148328179e-05,2433.0951431566627,2.7521605472919043e-06,5.5043210945838076e-08,"Method: equity_%, ATR: 726701.79, Risk: 2433.10"
2024-01-10 16:00:00,USDJPY,818600.7614981079,-134.3994946153629,equity_%,-2.212476391509823e-05,2434.156097146158,2.4431934272084384e-06,4.886386854416877e-08,"Method: equity_%, ATR: 818600.76, Risk: 2434.16"
2024-01-10 17:00:00,USDJPY,482891.68456360017,-111.63211360727591,equity_%,-4.5118882297194815e-05,2432.1883677988844,4.141715552230816e-06,8.283431104461632e-08,"Method: equity_%, ATR: 482891.68, Risk: 2432.19"
2024-01-10 18:00:00,USDJPY,315891.7278424339,-138.29101891418182,equity_%,-5.569156502493672e-05,2432.885400488868,6.331283233214627e-06,1.2662566466429253e-07,"Method: equity_%, ATR: 315891.73, Risk: 2432.89"
2024-01-10 19:00:00,USDJPY,924790.5109348401,-170.7615719607719,equity_%,-1.5404450824163696e-05,2432.650561560228,2.1626519480376877e-06,4.3253038960753754e-08,"Method: equity_%, ATR: 924790.51, Risk: 2432.65"
2024-01-10 20:00:00,USDJPY,762588.7168989206,-139.9522132768722,equity_%,-2.280333486167004e-05,2433.708231875139,2.622645674765596e-06,5.245291349531193e-08,"Method: equity_%, ATR: 762588.72, Risk: 2433.71"
2024-01-10 21:00:00,USDJPY,949434.7051726702,-126.67825630655864,equity_%,-2.0231914963278804e-05,2433.347705004595,2.106516634691869e-06,4.213033269383738e-08,"Method: equity_%, ATR: 949434.71, Risk: 2433.35"
2024-01-10 22:00:00,USDJPY,417761.82907696994,-114.78823763822,equity_%,-5.076262426708223e-05,2434.278199620405,4.787416802580862e-06,9.574833605161724e-08,"Method: equity_%, ATR: 417761.83, Risk: 2434.28"
2024-01-10 23:00:00,USDJPY,725199.8929448604,-94.80278987648916,equity_%,-3.537774479129843e-05,2432.2543793992695,2.7578603078366246e-06,5.515720615673249e-08,"Method: equity_%, ATR: 725199.89, Risk: 2432.25"
2024-01-11 00:00:00,USDJPY,811651.643408126,-103.2070221645745,equity_%,-2.9061527318046083e-05,2434.430354937891,2.4641113170201913e-06,4.9282226340403824e-08,"Method: equity_%, ATR: 811651.64, Risk: 2434.43"
2024-01-11 01:00:00,USDJPY,299483.34254949086,-87.82358469728864,equity_%,-9.25797936758441e-05,2435.0060241133547,6.678167750413337e-06,1.3356335500826673e-07,"Method: equity_%, ATR: 299483.34, Risk: 2435.01"
2024-01-11 02:00:00,USDJPY,1326936.3653032503,-121.67821521731406,equity_%,-1.5102231607896362e-05,2438.394968153644,1.5072312827472566e-06,3.014462565494513e-08,"Method: equity_%, ATR: 1326936.37, Risk: 2438.39"
2024-01-11 03:00:00,USDJPY,634613.9810077213,-114.80359506150222,equity_%,-3.34411102357939e-05,2436.3844069273173,3.151522121879736e-06,6.303044243759472e-08,"Method: equity_%, ATR: 634613.98, Risk: 2436.38"
2024-01-11 04:00:00,USDJPY,891934.8166086499,-49.52842127510246,equity_%,-5.519554030142036e-05,2438.3249965556865,2.242316324868312e-06,4.4846326497366254e-08,"Method: equity_%, ATR: 891934.82, Risk: 2438.32"
2024-01-11 05:00:00,USDJPY,596168.8581426537,-65.57374179995834,equity_%,-6.233104669114651e-05,2436.709027763311,3.3547542322672474e-06,6.709508464534495e-08,"Method: equity_%, ATR: 596168.86, Risk: 2436.71"
2024-01-11 06:00:00,USDJPY,643945.2710602933,-34.616367855421295,equity_%,-0.00010935447179271945,2437.6256027867903,3.105854006361261e-06,6.211708012722521e-08,"Method: equity_%, ATR: 643945.27, Risk: 2437.63"
2024-01-11 07:00:00,USDJPY,2221806.5957831927,-152.91062701993292,equity_%,-7.1725411452858304e-06,2436.78363370263,9.00168360196534e-07,1.800336720393068e-08,"Method: equity_%, ATR: 2221806.60, Risk: 2436.78"
2024-01-11 08:00:00,USDJPY,734102.8382784455,-183.21402546535774,equity_%,-1.809622090979392e-05,2433.904363695269,2.724413931827627e-06,5.448827863655253e-08,"Method: equity_%, ATR: 734102.84, Risk: 2433.90"
2024-01-11 09:00:00,USDJPY,928961.7042270073,-98.9907532854246,equity_%,-2.6457277081888423e-05,2432.9746596368573,2.1529412793869773e-06,4.3058825587739555e-08,"Method: equity_%, ATR: 928961.70, Risk: 2432.97"
2024-01-11 10:00:00,USDJPY,1111904.9768058744,-129.68872184107818,equity_%,-1.6872652321356305e-05,2433.0623684906554,1.7987148557832e-06,3.5974297115664e-08,"Method: equity_%, ATR: 1111904.98, Risk: 2433.06"
2024-01-11 11:00:00,USDJPY,493650.8521406961,-117.36776036687404,equity_%,-4.203226168774942e-05,2435.2943866800842,4.051446465304546e-06,8.10289293060909e-08,"Method: equity_%, ATR: 493650.85, Risk: 2435.29"
2024-01-11 12:00:00,USDJPY,1005837.7577273084,-65.18476933812681,equity_%,-3.714249634863666e-05,2435.258998639128,1.9883922477905403e-06,3.976784495581081e-08,"Method: equity_%, ATR: 1005837.76, Risk: 2435.26"
2024-01-11 13:00:00,USDJPY,999899.8268313346,-36.006087664042354,equity_%,-6.760037178305188e-05,2433.7810885543213,2.000200366408669e-06,4.0004007328173384e-08,"Method: equity_%, ATR: 999899.83, Risk: 2433.78"
2024-01-11 14:00:00,USDJPY,197348.15738221997,-45.044641537331536,equity_%,-0.0002735481322411347,2431.699831956997,1.0134373822028853e-05,2.026874764405771e-07,"Method: equity_%, ATR: 197348.16, Risk: 2431.70"
2024-01-11 15:00:00,USDJPY,1207677.2995295853,-65.68199703943237,equity_%,-3.0659784742851985e-05,2432.015583095991,1.6560715356486713e-06,3.312143071297343e-08,"Method: equity_%, ATR: 1207677.30, Risk: 2432.02"
2024-01-11 16:00:00,USDJPY,455856.7586207248,-103.31486495158947,equity_%,-5.1598688759833275e-05,2430.1320646462023,4.387343090078019e-06,8.774686180156038e-08,"Method: equity_%, ATR: 455856.76, Risk: 2430.13"
2024-01-11 17:00:00,USDJPY,880522.1926745778,-68.77171475088588,equity_%,-4.0145096984743874e-05,2430.987193625468,2.2713794344297203e-06,4.5427588688594405e-08,"Method: equity_%, ATR: 880522.19, Risk: 2430.99"
2024-01-11 18:00:00,USDJPY,1219487.5573658464,-102.95825102612416,equity_%,-1.9352144530267007e-05,2429.783781453273,1.6400331335238052e-06,3.28006626704761e-08,"Method: equity_%, ATR: 1219487.56, Risk: 2429.78"
2024-01-11 19:00:00,USDJPY,1000144.8253360492,-64.29446478773599,equity_%,-3.7815051874866114e-05,2431.65063484036,1.999710391270583e-06,3.999420782541167e-08,"Method: equity_%, ATR: 1000144.83, Risk: 2431.65"
2024-01-11 20:00:00,USDJPY,917547.5828615993,-97.75096306871671,equity_%,-2.710559316863363e-05,2431.1320906953492,2.1797234686865012e-06,4.359446937373002e-08,"Method: equity_%, ATR: 917547.58, Risk: 2431.13"
2024-01-11 21:00:00,USDJPY,837030.5153330857,-48.37384494075375,equity_%,-6.014932017985369e-05,2435.4690930390043,2.3893991477767397e-06,4.778798295553479e-08,"Method: equity_%, ATR: 837030.52, Risk: 2435.47"
2024-01-11 22:00:00,USDJPY,965014.485085677,-92.10609690935408,equity_%,-2.741225512397203e-05,2436.5031454724417,2.0725077508265936e-06,4.1450155016531877e-08,"Method: equity_%, ATR: 965014.49, Risk: 2436.50"
2024-01-11 23:00:00,USDJPY,1067200.4869041843,-41.9313977145463,equity_%,-5.4528139406733414e-05,2440.0910553022854,1.8740621134851155e-06,3.748124226970231e-08,"Method: equity_%, ATR: 1067200.49, Risk: 2440.09"
2024-01-12 00:00:00,USDJPY,1125565.5943273713,36.60067014480358,equity_%,5.929271918432168e-05,2442.649840332156,1.7768844482095096e-06,3.553768896419019e-08,"Method: equity_%, ATR: 1125565.59, Risk: 2442.65"
2024-01-12 01:00:00,USDJPY,1052389.754766402,119.48488579002824,equity_%,1.9408193427296523e-05,2440.4768711130146,1.900436592946439e-06,3.800873185892878e-08,"Method: equity_%, ATR: 1052389.75, Risk: 2440.48"
2024-01-12 02:00:00,USDJPY,287703.89464667276,102.4497504953085,equity_%,8.273975763727687e-05,2438.7702608498,6.951591678855049e-06,1.3903183357710096e-07,"Method: equity_%, ATR: 287703.89, Risk: 2438.77"
2024-01-12 03:00:00,USDJPY,603516.8474354962,94.15860558442759,equity_%,4.289797122858993e-05,2437.7331883905053,3.3139091452020493e-06,6.627818290404098e-08,"Method: equity_%, ATR: 603516.85, Risk: 2437.73"
2024-01-12 04:00:00,USDJPY,2273077.371202363,14.411844219571321,equity_%,7.442972716105537e-05,2438.261069889947,8.798644627490544e-07,1.759728925498109e-08,"Method: equity_%, ATR: 2273077.37, Risk: 2438.26"
2024-01-12 05:00:00,USDJPY,531086.6201557197,14.842704752822621,equity_%,0.00030953377639378327,2439.981059674699,3.765864030642649e-06,7.531728061285298e-08,"Method: equity_%, ATR: 531086.62, Risk: 2439.98"
2024-01-12 06:00:00,USDJPY,275753.6550472732,3.7037326831526958,equity_%,0.002393071943223011,2444.087031396906,7.252850373486925e-06,1.450570074697385e-07,"Method: equity_%, ATR: 275753.66, Risk: 2444.09"
2024-01-12 07:00:00,USDJPY,1380547.5648577365,-59.20913035636684,equity_%,-2.9911435086549148e-05,2444.991235498386,1.448700538040569e-06,2.8974010760811378e-08,"Method: equity_%, ATR: 1380547.56, Risk: 2444.99"
2024-01-12 08:00:00,USDJPY,341885.08628714614,-71.42296084142208,equity_%,-0.00010010110663349055,2444.3133797974883,5.84991881839566e-06,1.1699837636791322e-07,"Method: equity_%, ATR: 341885.09, Risk: 2444.31"
2024-01-12 09:00:00,USDJPY,785763.1129609569,-100.31450465538701,equity_%,-3.1002980461759374e-05,2443.761491288824,2.545296371146117e-06,5.090592742292234e-08,"Method: equity_%, ATR: 785763.11, Risk: 2443.76"
2024-01-12 10:00:00,USDJPY,164919.46404466915,-92.57894576123745,equity_%,-0.0001601526906513227,2445.222510252773,1.2127131333984274e-05,2.425426266796855e-07,"Method: equity_%, ATR: 164919.46, Risk: 2445.22"
2024-01-12 11:00:00,USDJPY,542900.498554032,-94.9378700821192,equity_%,-4.745155079068988e-05,2445.7391471839005,3.683916307549589e-06,7.367832615099177e-08,"Method: equity_%, ATR: 542900.50, Risk: 2445.74"
2024-01-12 12:00:00,USDJPY,414000.3515950211,-89.81384943264266,equity_%,-6.577298509205119e-05,2445.6346186203264,4.8309137716781895e-06,9.66182754335638e-08,"Method: equity_%, ATR: 414000.35, Risk: 2445.63"
2024-01-12 13:00:00,USDJPY,372128.84792649094,-62.546821869219244,equity_%,-0.00010529059877120284,2450.6888851305594,5.374482551256206e-06,1.074896510251241e-07,"Method: equity_%, ATR: 372128.85, Risk: 2450.69"
2024-01-12 14:00:00,USDJPY,709046.2635856586,-2.5875804444892694,equity_%,-0.0013366358307845625,2452.344800310706,2.8206904157226174e-06,5.641380831445235e-08,"Method: equity_%, ATR: 709046.26, Risk: 2452.34"
2024-01-12 15:00:00,USDJPY,609831.8399295306,40.67163423221779,equity_%,9.885008265109805e-05,2451.7645174935456,3.2795926172551286e-06,6.559185234510259e-08,"Method: equity_%, ATR: 609831.84, Risk: 2451.76"
2024-01-12 16:00:00,USDJPY,478973.7139122674,63.94269488267058,equity_%,7.999382069864113e-05,2449.9603509812428,4.1755944886076485e-06,8.351188977215297e-08,"Method: equity_%, ATR: 478973.71, Risk: 2449.96"
2024-01-12 17:00:00,USDJPY,588706.7432825208,14.664638267578042,equity_%,0.0002838323306578866,2450.373169626863,3.3972772060472193e-06,6.794554412094439e-08,"Method: equity_%, ATR: 588706.74, Risk: 2450.37"
2024-01-12 18:00:00,USDJPY,659730.4047794092,7.008910603117778,equity_%,0.0005295982669062885,2448.8578471243486,3.0315413470578645e-06,6.063082694115729e-08,"Method: equity_%, ATR: 659730.40, Risk: 2448.86"
2024-01-12 19:00:00,USDJPY,594222.6366404375,-22.092715081058827,equity_%,-0.00018675534496373697,2451.7225637108827,3.3657418561289083e-06,6.731483712257817e-08,"Method: equity_%, ATR: 594222.64, Risk: 2451.72"
2024-01-12 20:00:00,USDJPY,367696.434469942,5.579380092416148,equity_%,0.0011965135341395355,2454.6692517910483,5.439269496543061e-06,1.0878538993086122e-07,"Method: equity_%, ATR: 367696.43, Risk: 2454.67"
2024-01-12 21:00:00,USDJPY,826129.3737090945,19.473047424634156,equity_%,0.00015250894292115162,2453.450479217063,2.420928323878073e-06,4.841856647756145e-08,"Method: equity_%, ATR: 826129.37, Risk: 2453.45"
2024-01-12 22:00:00,USDJPY,1628192.317359272,130.0247024651008,equity_%,1.160058035725659e-05,2455.9034354606124,1.2283561214953738e-06,2.4567122429907476e-08,"Method: equity_%, ATR: 1628192.32, Risk: 2455.90"
2024-01-12 23:00:00,USDJPY,89249.05060614577,127.46163592302942,equity_%,0.00021585958483150264,2455.581939799179,2.2409201962561585e-05,4.481840392512317e-07,"Method: equity_%, ATR: 89249.05, Risk: 2455.58"
2024-01-13 00:00:00,USDJPY,601424.6820196743,103.07437482893533,equity_%,3.960097697096892e-05,2454.922898861964,3.3254371823978026e-06,6.650874364795606e-08,"Method: equity_%, ATR: 601424.68, Risk: 2454.92"
2024-01-13 01:00:00,USDJPY,757443.4146445619,60.51342597864717,equity_%,5.354676023487766e-05,2454.3423148321817,2.6404612692269828e-06,5.280922538453966e-08,"Method: equity_%, ATR: 757443.41, Risk: 2454.34"
2024-01-13 02:00:00,USDJPY,785442.5154704043,-2.4813497637787307,equity_%,-0.0012601750084348454,2456.0276603017624,2.546335295845544e-06,5.092670591691088e-08,"Method: equity_%, ATR: 785442.52, Risk: 2456.03"
2024-01-13 03:00:00,USDJPY,765538.2328275582,-36.2057150893146,equity_%,-8.85967098480461e-05,2455.6225278107704,2.61254097344412e-06,5.2250819468882395e-08,"Method: equity_%, ATR: 765538.23, Risk: 2455.62"
2024-01-13 04:00:00,USDJPY,1550244.6932384456,-118.19707369442847,equity_%,-1.3410710206638594e-05,2457.3032539048013,1.2901189139515905e-06,2.580237827903181e-08,"Method: equity_%, ATR: 1550244.69, Risk: 2457.30"
2024-01-13 05:00:00,USDJPY,886023.1666828841,-91.91759159666492,equity_%,-3.0150516036483304e-05,2455.491661334165,2.2572773209617647e-06,4.5145546419235305e-08,"Method: equity_%, ATR: 886023.17, Risk: 2455.49"
2024-01-13 06:00:00,USDJPY,777876.38404056,-41.876982791302275,equity_%,-7.541139784077592e-05,2456.5350284811484,2.5711026083750043e-06,5.1422052167500076e-08,"Method: equity_%, ATR: 777876.38, Risk: 2456.54"
2024-01-13 07:00:00,USDJPY,793739.8576534409,-89.39800643632535,equity_%,-3.461633799850835e-05,2456.3324513829434,2.5197172357107845e-06,5.039434471421569e-08,"Method: equity_%, ATR: 793739.86, Risk: 2456.33"
2024-01-13 08:00:00,USDJPY,1212789.0653987634,-90.91506487244968,equity_%,-2.2273359717648204e-05,2455.8783844757527,1.6490913853534808e-06,3.298182770706961e-08,"Method: equity_%, ATR: 1212789.07, Risk: 2455.88"
2024-01-13 09:00:00,USDJPY,974503.7417508382,-51.60606081367435,equity_%,-4.892075940222705e-05,2460.239635253938,2.0523266502873637e-06,4.104653300574728e-08,"Method: equity_%, ATR: 974503.74, Risk: 2460.24"
2024-01-13 10:00:00,USDJPY,1017286.3702242575,-10.945010417621283,equity_%,-0.0002212640064060134,2463.5998950224366,1.9660147413152766e-06,3.932029482630554e-08,"Method: equity_%, ATR: 1017286.37, Risk: 2463.60"
2024-01-13 11:00:00,USDJPY,240009.66122778077,-6.646716195478516,equity_%,-0.001543612834658282,2462.4886664172773,8.3329978875388e-06,1.6665995775077598e-07,"Method: equity_%, ATR: 240009.66, Risk: 2462.49"
2024-01-13 12:00:00,USDJPY,865914.7947322918,-45.13544600886839,equity_%,-6.30315070886908e-05,2463.488785093114,2.309696071907773e-06,4.619392143815546e-08,"Method: equity_%, ATR: 865914.79, Risk: 2463.49"
2024-01-13 13:00:00,USDJPY,536752.8589926913,-62.50617085391982,equity_%,-7.339478164499867e-05,2462.421780112943,3.7261096359194853e-06,7.45221927183897e-08,"Method: equity_%, ATR: 536752.86, Risk: 2462.42"
2024-01-13 14:00:00,USDJPY,2528498.1680890843,-221.73791966250897,equity_%,-4.390892927979364e-06,2461.8152573830025,7.909833691955974e-07,1.5819667383911948e-08,"Method: equity_%, ATR: 2528498.17, Risk: 2461.82"
2024-01-13 15:00:00,USDJPY,416030.1176265946,-226.0969135091602,equity_%,-2.6165522053609544e-05,2461.2107852832446,4.807344264905092e-06,9.614688529810184e-08,"Method: equity_%, ATR: 416030.12, Risk: 2461.21"
2024-01-13 16:00:00,USDJPY,676069.2665207719,-263.75650801526433,equity_%,-1.3821094484361687e-05,2464.545350290964,2.9582767610374007e-06,5.916553522074801e-08,"Method: equity_%, ATR: 676069.27, Risk: 2464.55"
2024-01-13 17:00:00,USDJPY,679422.1247281258,-304.1282970326285,equity_%,-1.192563291295545e-05,2464.2113428356756,2.9436780569963194e-06,5.8873561139926386e-08,"Method: equity_%, ATR: 679422.12, Risk: 2464.21"
2024-01-13 18:00:00,USDJPY,982671.7187874914,-348.39771710449054,equity_%,-7.212871740922095e-06,2469.402977851301,2.0352676908904833e-06,4.070535381780966e-08,"Method: equity_%, ATR: 982671.72, Risk: 2469.40"
2024-01-13 19:00:00,USDJPY,730250.0657551598,-310.05020887579946,equity_%,-1.09055202437466e-05,2469.1644825577946,2.738787839658429e-06,5.477575679316859e-08,"Method: equity_%, ATR: 730250.07, Risk: 2469.16"
2024-01-13 20:00:00,USDJPY,1235597.0443704133,-403.4250503174584,equity_%,-4.949775589223924e-06,2467.318596777289,1.6186506831756632e-06,3.237301366351326e-08,"Method: equity_%, ATR: 1235597.04, Risk: 2467.32"
2024-01-13 21:00:00,USDJPY,595237.8540067315,-395.8629192624958,equity_%,-1.0465520191013739e-05,2466.0176758470366,3.3600013617033543e-06,6.720002723406708e-08,"Method: equity_%, ATR: 595237.85, Risk: 2466.02"
2024-01-13 22:00:00,USDJPY,457160.2545489839,-422.9688616537175,equity_%,-1.2770329471691697e-05,2469.3290430592315,4.374833507722846e-06,8.749667015445691e-08,"Method: equity_%, ATR: 457160.25, Risk: 2469.33"
2024-01-13 23:00:00,USDJPY,1234475.833527738,-367.75195737594794,equity_%,-5.43262451860283e-06,2466.307790662473,1.6201208202550536e-06,3.240241640510108e-08,"Method: equity_%, ATR: 1234475.83, Risk: 2466.31"
2024-01-14 00:00:00,USDJPY,1105969.832615553,-405.9200631472117,equity_%,-5.4878480862618775e-06,2463.6889700403326,1.8083675892588488e-06,3.6167351785176975e-08,"Method: equity_%, ATR: 1105969.83, Risk: 2463.69"
2024-01-14 01:00:00,USDJPY,1393088.055984362,-430.21793577332255,equity_%,-4.113284875107807e-06,2465.221061661708,1.4356594268456284e-06,2.8713188536912567e-08,"Method: equity_%, ATR: 1393088.06, Risk: 2465.22"
2024-01-14 02:00:00,USDJPY,255247.8778512608,-406.68908845227617,equity_%,-2.375618876295805e-05,2466.0474448394903,7.835520580372658e-06,1.5671041160745316e-07,"Method: equity_%, ATR: 255247.88, Risk: 2466.05"
2024-01-14 03:00:00,USDJPY,749598.1894367764,-435.91566858019365,equity_%,-7.551095443390205e-06,2467.4079979874223,2.668096092258087e-06,5.3361921845161735e-08,"Method: equity_%, ATR: 749598.19, Risk: 2467.41"
2024-01-14 04:00:00,USDJPY,882495.918930341,-455.6258642038188,equity_%,-6.138598742523488e-06,2468.2566807463572,2.266299432210596e-06,4.532598864421192e-08,"Method: equity_%, ATR: 882495.92, Risk: 2468.26"
2024-01-14 05:00:00,USDJPY,1174876.310558683,-540.9087719009552,equity_%,-3.891322825720293e-06,2472.9391668073145,1.7023068573482e-06,3.4046137146964e-08,"Method: equity_%, ATR: 1174876.31, Risk: 2472.94"
2024-01-14 06:00:00,USDJPY,329064.9396292599,-553.3949293729885,equity_%,-1.3577202720122954e-05,2472.447568671968,6.077827684265891e-06,1.2155655368531781e-07,"Method: equity_%, ATR: 329064.94, Risk: 2472.45"
2024-01-14 07:00:00,USDJPY,233087.8945374934,-565.9135223413756,equity_%,-1.8721821994833768e-05,2469.550446198603,8.580454184326117e-06,1.7160908368652234e-07,"Method: equity_%, ATR: 233087.89, Risk: 2469.55"
2024-01-14 08:00:00,USDJPY,466821.438653451,-545.9831599109416,equity_%,-9.686797074868978e-06,2468.9383313938856,4.284293381574357e-06,8.568586763148713e-08,"Method: equity_%, ATR: 466821.44, Risk: 2468.94"
2024-01-14 09:00:00,USDJPY,1268000.33707171,-620.46747415832,equity_%,-3.1376832532259848e-06,2468.581607020021,1.5772866469568552e-06,3.1545732939137104e-08,"Method: equity_%, ATR: 1268000.34, Risk: 2468.58"
2024-01-14 10:00:00,USDJPY,872760.3339307768,-664.6540707276629,equity_%,-4.256901057958534e-06,2469.3589533407376,2.2915798555971384e-06,4.5831597111942766e-08,"Method: equity_%, ATR: 872760.33, Risk: 2469.36"
2024-01-14 11:00:00,USDJPY,641674.8278242835,-678.0357459765348,equity_%,-5.674195823302529e-06,2468.720440450206,3.116843474725926e-06,6.233686949451852e-08,"Method: equity_%, ATR: 641674.83, Risk: 2468.72"
2024-01-14 12:00:00,USDJPY,1971439.471599473,-581.38362216754,equity_%,-2.151864540156946e-06,2466.386701130536,1.0144871444505245e-06,2.0289742889010486e-08,"Method: equity_%, ATR: 1971439.47, Risk: 2466.39"
2024-01-14 13:00:00,USDJPY,1369339.7976225775,-694.498867921694,equity_%,-2.5904567129373712e-06,2463.537128914173,1.4605578567659853e-06,2.9211157135319707e-08,"Method: equity_%, ATR: 1369339.80, Risk: 2463.54"
2024-01-14 14:00:00,USDJPY,587674.9880647537,-674.7811159856566,equity_%,-6.210801500413632e-06,2462.9056589780516,3.403241656729531e-06,6.806483313459061e-08,"Method: equity_%, ATR: 587674.99, Risk: 2462.91"
2024-01-14 15:00:00,USDJPY,423077.42479791725,-689.5225654744456,equity_%,-8.422915639994967e-06,2457.1450065636727,4.7272671212728955e-06,9.454534242545793e-08,"Method: equity_%, ATR: 423077.42, Risk: 2457.15"
2024-01-14 16:00:00,USDJPY,1149562.386791374,-767.9269631880734,equity_%,-2.7833555839412165e-06,2457.0905106941887,1.7397924836270464e-06,3.479584967254093e-08,"Method: equity_%, ATR: 1149562.39, Risk: 2457.09"
2024-01-14 17:00:00,USDJPY,337669.6287231914,-759.174522265992,equity_%,-9.583910044842031e-06,2456.8370561828033,5.922949030276938e-06,1.1845898060553875e-07,"Method: equity_%, ATR: 337669.63, Risk: 2456.84"
2024-01-14 18:00:00,USDJPY,782456.7673457295,-792.840843251771,equity_%,-3.956794373655984e-06,2454.65153142672,2.5560517634532736e-06,5.112103526906548e-08,"Method: equity_%, ATR: 782456.77, Risk: 2454.65"
2024-01-14 19:00:00,USDJPY,967053.0783631932,-768.3672720294358,equity_%,-3.3095041875946915e-06,2459.133492897436,2.0681388072153636e-06,4.1362776144307275e-08,"Method: equity_%, ATR: 967053.08, Risk: 2459.13"
2024-01-14 20:00:00,USDJPY,233944.49179701495,-757.3843826134057,equity_%,-1.3885528930003309e-05,2460.3200027220623,8.549036502792838e-06,1.7098073005585673e-07,"Method: equity_%, ATR: 233944.49, Risk: 2460.32"
2024-01-14 21:00:00,USDJPY,710718.3642720884,-733.5177598940991,equity_%,-4.715287217470544e-06,2458.194951292934,2.814054202818275e-06,5.628108405636549e-08,"Method: equity_%, ATR: 710718.36, Risk: 2458.19"
2024-01-14 22:00:00,USDJPY,1328634.090587426,-813.7027363408447,equity_%,-2.274323197514607e-06,2458.800818770345,1.5053053464221624e-06,3.010610692844324e-08,"Method: equity_%, ATR: 1328634.09, Risk: 2458.80"
2024-01-14 23:00:00,USDJPY,1432298.0523177625,-888.8897010652192,equity_%,-1.931966557511849e-06,2459.692858497327,1.3963574109198678e-06,2.7927148218397357e-08,"Method: equity_%, ATR: 1432298.05, Risk: 2459.69"
2024-01-15 00:00:00,USDJPY,187349.60659627744,-886.4008667706297,equity_%,-1.4807836981078392e-05,2459.0908971959443,1.0675229248331602e-05,2.1350458496663202e-07,"Method: equity_%, ATR: 187349.61, Risk: 2459.09"
2024-01-15 01:00:00,USDJPY,553784.2265111988,-891.6406555237025,equity_%,-4.974718372341381e-06,2456.399179328796,3.6115149263095814e-06,7.223029852619161e-08,"Method: equity_%, ATR: 553784.23, Risk: 2456.40"
2024-01-15 02:00:00,USDJPY,416931.55370570824,-866.1992576988434,equity_%,-6.804645659068237e-06,2457.469216123103,4.796950440003644e-06,9.593900880007288e-08,"Method: equity_%, ATR: 416931.55, Risk: 2457.47"
2024-01-15 03:00:00,USDJPY,661581.7358341325,-845.039970225822,equity_%,-4.3923310578121985e-06,2455.5898236396592,3.02305806171987e-06,6.04611612343974e-08,"Method: equity_%, ATR: 661581.74, Risk: 2455.59"
2024-01-15 04:00:00,USDJPY,2532426.1094811787,-944.8965546987533,equity_%,-1.0282227656753267e-06,2460.414417328937,7.897565076083278e-07,1.5795130152166553e-08,"Method: equity_%, ATR: 2532426.11, Risk: 2460.41"
2024-01-15 05:00:00,USDJPY,415697.1784672737,-950.0675675594218,equity_%,-6.230619279988808e-06,2460.7233154704236,4.811194551221744e-06,9.622389102443488e-08,"Method: equity_%, ATR: 415697.18, Risk: 2460.72"
2024-01-15 06:00:00,USDJPY,257049.94262820037,-955.2067198476905,equity_%,-1.0024125681470876e-05,2461.282044634627,7.780589170925512e-06,1.5561178341851023e-07,"Method: equity_%, ATR: 257049.94, Risk: 2461.28"
2024-01-15 07:00:00,USDJPY,458600.2659232224,-949.4319737049932,equity_%,-5.651906588922241e-06,2460.895266653422,4.361096468127288e-06,8.722192936254575e-08,"Method: equity_%, ATR: 458600.27, Risk: 2460.90"
2024-01-15 08:00:00,USDJPY,482749.8430793844,-936.052597918364,equity_%,-5.44024341192811e-06,2458.333084287963,4.142932470453679e-06,8.28586494090736e-08,"Method: equity_%, ATR: 482749.84, Risk: 2458.33"
2024-01-15 09:00:00,USDJPY,866161.592969512,-931.9755227439892,equity_%,-3.0444074617533637e-06,2457.57175191229,2.309037962700798e-06,4.618075925401595e-08,"Method: equity_%, ATR: 866161.59, Risk: 2457.57"
2024-01-15 10:00:00,USDJPY,612370.7255873341,-899.2691002893529,equity_%,-4.465886824142773e-06,2459.301670693829,3.2659954443148296e-06,6.531990888629659e-08,"Method: equity_%, ATR: 612370.73, Risk: 2459.30"
2024-01-15 11:00:00,USDJPY,660130.6125810823,-897.5305476662745,equity_%,-4.149931261274355e-06,2458.7819426726983,3.0297034585020775e-06,6.059406917004157e-08,"Method: equity_%, ATR: 660130.61, Risk: 2458.78"
2024-01-15 12:00:00,USDJPY,1634905.7604902873,-961.8315997450893,equity_%,-1.5663376143978529e-06,2463.072200087073,1.2233121005092219e-06,2.4466242010184436e-08,"Method: equity_%, ATR: 1634905.76, Risk: 2463.07"
2024-01-15 13:00:00,USDJPY,875541.6667594681,-885.4068498862628,equity_%,-3.1769692704381654e-06,2462.8202197196847,2.284300194875188e-06,4.568600389750376e-08,"Method: equity_%, ATR: 875541.67, Risk: 2462.82"
2024-01-15 14:00:00,USDJPY,526402.3106485695,-905.7518456110448,equity_%,-5.168297034932266e-06,2464.191642484229,3.7993754197922137e-06,7.598750839584427e-08,"Method: equity_%, ATR: 526402.31, Risk: 2464.19"
2024-01-15 15:00:00,USDJPY,1212201.4660868389,-979.9256752766394,equity_%,-2.070681671757612e-06,2459.6951298864315,1.649890761521918e-06,3.2997815230438357e-08,"Method: equity_%, ATR: 1212201.47, Risk: 2459.70"
2024-01-15 16:00:00,USDJPY,490619.32296016946,-966.6322990849576,equity_%,-5.188483589264749e-06,2460.6304771343744,4.076480290121733e-06,8.152960580243466e-08,"Method: equity_%, ATR: 490619.32, Risk: 2460.63"
2024-01-15 17:00:00,USDJPY,445834.9261176886,-991.7521947671579,equity_%,-5.569273766695486e-06,2462.4976496036993,4.485965281849752e-06,8.971930563699503e-08,"Method: equity_%, ATR: 445834.93, Risk: 2462.50"
2024-01-15 18:00:00,USDJPY,924488.8452286489,-1047.0465774916513,equity_%,-2.5484605332394563e-06,2466.8661699103814,2.1633576330554326e-06,4.326715266110866e-08,"Method: equity_%, ATR: 924488.85, Risk: 2466.87"
2024-01-15 19:00:00,USDJPY,214523.19076409822,-1041.02694465474,equity_%,-1.1052325616590732e-05,2468.2542282985664,9.323001363518375e-06,1.864600272703675e-07,"Method: equity_%, ATR: 214523.19, Risk: 2468.25"
2024-01-15 20:00:00,USDJPY,584203.8043198943,-1016.9961842444526,equity_%,-4.156870210902606e-06,2469.733934517597,3.423462814194297e-06,6.846925628388596e-08,"Method: equity_%, ATR: 584203.80, Risk: 2469.73"
2024-01-15 21:00:00,USDJPY,736897.7197139077,-1035.5203025876226,equity_%,-3.234722931500305e-06,2468.3282748944766,2.7140808642703873e-06,5.428161728540775e-08,"Method: equity_%, ATR: 736897.72, Risk: 2468.33"
2024-01-15 22:00:00,USDJPY,1259951.9805828778,-997.1389904064132,equity_%,-1.9629823970199727e-06,2466.1875282049446,1.5873620826999786e-06,3.174724165399957e-08,"Method: equity_%, ATR: 1259951.98, Risk: 2466.19"
2024-01-15 23:00:00,USDJPY,288850.0957474037,-978.3846498263968,equity_%,-8.720240850253447e-06,2464.39674392996,6.9240067060562045e-06,1.3848013412112409e-07,"Method: equity_%, ATR: 288850.10, Risk: 2464.40"
2024-01-16 00:00:00,USDJPY,1712273.402867894,-1030.7060701194825,equity_%,-1.3967229569939353e-06,2465.0073347732728,1.1680377658440478e-06,2.336075531688096e-08,"Method: equity_%, ATR: 1712273.40, Risk: 2465.01"
2024-01-16 01:00:00,USDJPY,902783.4609637818,-983.2010882328856,equity_%,-2.780529297733185e-06,2468.0469679245352,2.2153706691357262e-06,4.430741338271452e-08,"Method: equity_%, ATR: 902783.46, Risk: 2468.05"
2024-01-16 02:00:00,USDJPY,348846.39141849446,-1002.6952170771103,equity_%,-7.059582013433979e-06,2469.3472475765443,5.7331824241251646e-06,1.146636484825033e-07,"Method: equity_%, ATR: 348846.39, Risk: 2469.35"
2024-01-16 03:00:00,USDJPY,450529.1598480915,-1039.5176994054268,equity_%,-5.27297744339031e-06,2469.5095335588217,4.439224312748937e-06,8.878448625497874e-08,"Method: equity_%, ATR: 450529.16, Risk: 2469.51"
2024-01-16 04:00:00,USDJPY,386972.4677198815,-1021.952300175392,equity_%,-6.243556837812393e-06,2469.1232111974,5.168326345758902e-06,1.0336652691517803e-07,"Method: equity_%, ATR: 386972.47, Risk: 2469.12"
2024-01-16 05:00:00,USDJPY,429449.94779534225,-1041.2922491377958,equity_%,-5.52339216577021e-06,2469.9665377494994,4.657120137672285e-06,9.314240275344571e-08,"Method: equity_%, ATR: 429449.95, Risk: 2469.97"
2024-01-16 06:00:00,USDJPY,369882.7820487168,-1054.4386980006818,equity_%,-6.335069182012706e-06,2470.7955678818616,5.407118409033115e-06,1.0814236818066231e-07,"Method: equity_%, ATR: 369882.78, Risk: 2470.80"
2024-01-16 07:00:00,USDJPY,1250678.263039232,-1079.3154703218531,equity_%,-1.8291289112094117e-06,2469.097945580407,1.599132294136036e-06,3.198264588272072e-08,"Method: equity_%, ATR: 1250678.26, Risk: 2469.10"
2024-01-16 08:00:00,USDJPY,868687.6546096528,-1150.6856517357587,equity_%,-2.472441435873556e-06,2471.4188835428163,2.302323498425571e-06,4.6046469968511416e-08,"Method: equity_%, ATR: 868687.65, Risk: 2471.42"
2024-01-16 09:00:00,USDJPY,283914.8303384354,-1156.6542094316094,equity_%,-7.516385806972202e-06,2468.3155834175254,7.0443660784325245e-06,1.408873215686505e-07,"Method: equity_%, ATR: 283914.83, Risk: 2468.32"
2024-01-16 10:00:00,USDJPY,2057469.8167158896,-1035.136122811452,equity_%,-1.1587754369763637e-06,2467.9151145246615,9.720677230601507e-07,1.9441354461203013e-08,"Method: equity_%, ATR: 2057469.82, Risk: 2467.92"
2024-01-16 11:00:00,USDJPY,930166.351492087,-1014.0775737888188,equity_%,-2.6166903938770802e-06,2468.2215709442135,2.150153031005459e-06,4.300306062010918e-08,"Method: equity_%, ATR: 930166.35, Risk: 2468.22"
2024-01-16 12:00:00,USDJPY,1919069.5781234808,-967.2202299201152,equity_%,-1.3284288723907778e-06,2465.780412909834,1.0421716975763094e-06,2.084343395152619e-08,"Method: equity_%, ATR: 1919069.58, Risk: 2465.78"
2024-01-16 13:00:00,USDJPY,256107.78032106964,-984.5192204491638,equity_%,-9.78028622432017e-06,2466.0310247034517,7.809212189854987e-06,1.5618424379709972e-07,"Method: equity_%, ATR: 256107.78, Risk: 2466.03"
2024-01-16 14:00:00,USDJPY,2563256.094094535,-844.3655548539109,equity_%,-1.1391288917808309e-06,2465.4453142692814,7.802575812100025e-07,1.560515162420005e-08,"Method: equity_%, ATR: 2563256.09, Risk: 2465.45"
2024-01-16 15:00:00,USDJPY,554526.9868254865,-836.3482807485349,equity_%,-5.3207541053921566e-06,2467.6470590184017,3.6066774882309086e-06,7.213354976461817e-08,"Method: equity_%, ATR: 554526.99, Risk: 2467.65"
2024-01-16 16:00:00,USDJPY,643017.8603043283,-795.6238599129065,equity_%,-4.821398468122442e-06,2466.6291534635643,3.110333512436867e-06,6.220667024873733e-08,"Method: equity_%, ATR: 643017.86, Risk: 2466.63"
2024-01-16 17:00:00,USDJPY,734559.3122672301,-828.0260942846323,equity_%,-4.051515688808981e-06,2464.2707212349574,2.7227209111636814e-06,5.445441822327363e-08,"Method: equity_%, ATR: 734559.31, Risk: 2464.27"
2024-01-16 18:00:00,USDJPY,797317.2060977049,-761.7776309891112,equity_%,-4.059427614251604e-06,2465.6086996291992,2.508411940322426e-06,5.016823880644852e-08,"Method: equity_%, ATR: 797317.21, Risk: 2465.61"
2024-01-16 19:00:00,USDJPY,683879.0858103323,-714.3817020441476,equity_%,-5.040480563216442e-06,2462.530334278788,2.924493585924167e-06,5.8489871718483334e-08,"Method: equity_%, ATR: 683879.09, Risk: 2462.53"
2024-01-16 20:00:00,USDJPY,288310.71170392307,-732.4786271347964,equity_%,-1.1656239481071827e-05,2461.581372123765,6.936960434733601e-06,1.3873920869467204e-07,"Method: equity_%, ATR: 288310.71, Risk: 2461.58"
2024-01-16 21:00:00,USDJPY,1001379.945805088,-687.7416856616626,equity_%,-3.572458866782177e-06,2460.3193117032197,1.9972439116423913e-06,3.9944878232847834e-08,"Method: equity_%, ATR: 1001379.95, Risk: 2460.32"
2024-01-16 22:00:00,USDJPY,444503.95166568225,-695.5187464586511,equity_%,-7.95546416142578e-06,2459.5179131930604,4.4993975700450655e-06,8.998795140090131e-08,"Method: equity_%, ATR: 444503.95, Risk: 2459.52"
2024-01-16 23:00:00,USDJPY,410676.0116550981,-663.5083791909746,equity_%,-9.025532132209498e-06,2459.3399472606334,4.870019049663117e-06,9.740038099326232e-08,"Method: equity_%, ATR: 410676.01, Risk: 2459.34"
2024-01-17 00:00:00,USDJPY,1027903.1632154738,-686.2118670010663,equity_%,-3.482591434336066e-06,2456.478426003399,1.9457085760331982e-06,3.8914171520663965e-08,"Method: equity_%, ATR: 1027903.16, Risk: 2456.48"
2024-01-17 01:00:00,USDJPY,1058077.1360317238,-642.1604923902053,equity_%,-3.6159542367381958e-06,2456.8793960416306,1.8902213571128858e-06,3.7804427142257714e-08,"Method: equity_%, ATR: 1058077.14, Risk: 2456.88"
2024-01-17 02:00:00,USDJPY,611897.809999441,-632.1959942496852,equity_%,-6.3622583695913934e-06,2461.1718564167422,3.268519624219323e-06,6.537039248438646e-08,"Method: equity_%, ATR: 611897.81, Risk: 2461.17"
2024-01-17 03:00:00,USDJPY,826541.8389255683,-660.6984574974156,equity_%,-4.516533952930369e-06,2466.456238828709,2.419720219607787e-06,4.839440439215574e-08,"Method: equity_%, ATR: 826541.84, Risk: 2466.46"
2024-01-17 04:00:00,USDJPY,1190842.0838961252,-680.988521077176,equity_%,-3.05231504288547e-06,2475.2742416648666,1.6794838098570726e-06,3.3589676197141453e-08,"Method: equity_%, ATR: 1190842.08, Risk: 2475.27"
2024-01-17 05:00:00,USDJPY,686019.2928341018,-701.8699646923998,equity_%,-5.154450829635129e-06,2481.8491928900594,2.915369904157571e-06,5.830739808315142e-08,"Method: equity_%, ATR: 686019.29, Risk: 2481.85"
2024-01-17 06:00:00,USDJPY,776752.9793589335,-665.9218723704655,equity_%,-4.793467758657047e-06,2479.4537860000573,2.5748211505421343e-06,5.149642301084269e-08,"Method: equity_%, ATR: 776752.98, Risk: 2479.45"
2024-01-17 07:00:00,USDJPY,818855.9989836494,-604.4412408270873,equity_%,-5.010055135660084e-06,2479.728473196239,2.4424318836063564e-06,4.884863767212714e-08,"Method: equity_%, ATR: 818856.00, Risk: 2479.73"
2024-01-17 08:00:00,USDJPY,465423.07419274154,-623.1302749429085,equity_%,-8.548034836195408e-06,2479.0942947439826,4.297165548719137e-06,8.594331097438274e-08,"Method: equity_%, ATR: 465423.07, Risk: 2479.09"
2024-01-17 09:00:00,USDJPY,423307.45273044385,-611.5452925048133,equity_%,-9.581340126683644e-06,2480.3376152412816,4.724698294583468e-06,9.449396589166936e-08,"Method: equity_%, ATR: 423307.45, Risk: 2480.34"
2024-01-17 10:00:00,USDJPY,749900.8028282219,-573.4856615362255,equity_%,-5.771430645423885e-06,2482.04621523097,2.667019414377311e-06,5.334038828754622e-08,"Method: equity_%, ATR: 749900.80, Risk: 2482.05"
2024-01-17 11:00:00,USDJPY,387567.07906133786,-562.636664807987,equity_%,-1.1422430918475346e-05,2490.768989495613,5.160397020417393e-06,1.0320794040834785e-07,"Method: equity_%, ATR: 387567.08, Risk: 2490.77"
2024-01-17 12:00:00,USDJPY,624097.0952536702,-610.0158413968389,equity_%,-6.537859848683605e-06,2489.022834858236,3.204629560384479e-06,6.40925912076896e-08,"Method: equity_%, ATR: 624097.10, Risk: 2489.02"
2024-01-17 13:00:00,USDJPY,721784.9896976918,-664.9669510993187,equity_%,-5.182382159687292e-06,2487.3525381539143,2.7709082739967603e-06,5.5418165479935204e-08,"Method: equity_%, ATR: 721784.99, Risk: 2487.35"
2024-01-17 14:00:00,USDJPY,597149.0024918478,-646.6363189099752,equity_%,-6.446443437939452e-06,2489.2182770490476,3.349247828689629e-06,6.698495657379259e-08,"Method: equity_%, ATR: 597149.00, Risk: 2489.22"
2024-01-17 15:00:00,USDJPY,737328.3257134198,-609.2961738043921,equity_%,-5.540040016778081e-06,2488.870333019793,2.7124958180127577e-06,5.424991636025516e-08,"Method: equity_%, ATR: 737328.33, Risk: 2488.87"
2024-01-17 16:00:00,USDJPY,3901331.796616666,-471.5839465154247,equity_%,-1.352784725327145e-06,2488.8607039952967,5.126454514159627e-07,1.0252909028319255e-08,"Method: equity_%, ATR: 3901331.80, Risk: 2488.86"
2024-01-17 17:00:00,USDJPY,953010.9071120364,-549.7200254069419,equity_%,-4.759526959057068e-06,2493.464676104901,2.098611868001296e-06,4.1972237360025914e-08,"Method: equity_%, ATR: 953010.91, Risk: 2493.46"
2024-01-17 18:00:00,USDJPY,966443.9735346365,-493.0596614839632,equity_%,-5.23298708329821e-06,2493.594424629999,2.0694422592188904e-06,4.138884518437781e-08,"Method: equity_%, ATR: 966443.97, Risk: 2493.59"
2024-01-17 19:00:00,USDJPY,809370.6439952262,-529.2750345761738,equity_%,-5.820262293424195e-06,2493.282073079653,2.4710557701074667e-06,4.942111540214933e-08,"Method: equity_%, ATR: 809370.64, Risk: 2493.28"
2024-01-17 20:00:00,USDJPY,1180971.9800575932,-622.2462165233463,equity_%,-3.3987612903507525e-06,2497.597905388735,1.6935202814062236e-06,3.3870405628124473e-08,"Method: equity_%, ATR: 1180971.98, Risk: 2497.60"
2024-01-17 21:00:00,USDJPY,802854.0043918429,-666.6687605829493,equity_%,-4.662710375194001e-06,2495.6583025539776,2.4911129409075912e-06,4.982225881815183e-08,"Method: equity_%, ATR: 802854.00, Risk: 2495.66"
2024-01-17 22:00:00,USDJPY,761631.1460532404,-690.2127055949893,equity_%,-4.744860371247965e-06,2494.3137578597334,2.6259430307754165e-06,5.251886061550833e-08,"Method: equity_%, ATR: 761631.15, Risk: 2494.31"
2024-01-17 23:00:00,USDJPY,1329746.1966278956,-719.213101041249,equity_%,-2.6113516294085298e-06,2497.420670625129,1.5040464150766525e-06,3.008092830153305e-08,"Method: equity_%, ATR: 1329746.20, Risk: 2497.42"
2024-01-18 00:00:00,USDJPY,1054212.5262577066,-741.6961499063601,equity_%,-3.1879974769370323e-06,2492.7123528474863,1.8971506695141396e-06,3.794301339028279e-08,"Method: equity_%, ATR: 1054212.53, Risk: 2492.71"
2024-01-18 01:00:00,USDJPY,816320.2777679703,-734.4791047591455,equity_%,-4.167088623273976e-06,2498.4621043175202,2.4500187664926254e-06,4.900037532985252e-08,"Method: equity_%, ATR: 816320.28, Risk: 2498.46"
2024-01-18 02:00:00,USDJPY,471286.19281316333,-724.6845282608876,equity_%,-7.3149922578630576e-06,2498.3171928803167,4.243705906302416e-06,8.487411812604831e-08,"Method: equity_%, ATR: 471286.19, Risk: 2498.32"
2024-01-18 03:00:00,USDJPY,665749.0035795717,-670.5213962224991,equity_%,-5.600990504613312e-06,2500.27628813866,3.004135175939405e-06,6.00827035187881e-08,"Method: equity_%, ATR: 665749.00, Risk: 2500.28"
2024-01-18 04:00:00,USDJPY,2092846.7624275947,-544.4345827637029,equity_%,-2.1916716969053075e-06,2497.2305188221985,9.556361392078713e-07,1.911272278415743e-08,"Method: equity_%, ATR: 2092846.76, Risk: 2497.23"
2024-01-18 05:00:00,USDJPY,681892.0340396676,-575.1709689853144,equity_%,-6.360713843555126e-06,2494.700605134099,2.933015639076456e-06,5.866031278152912e-08,"Method: equity_%, ATR: 681892.03, Risk: 2494.70"
2024-01-18 06:00:00,USDJPY,477809.9704255715,-576.7278331126595,equity_%,-9.054099770952201e-06,2495.0048541411966,4.185764474982927e-06,8.371528949965854e-08,"Method: equity_%, ATR: 477809.97, Risk: 2495.00"
2024-01-18 07:00:00,USDJPY,1312464.2400492951,-596.2610547133235,equity_%,-3.1932261063351983e-06,2498.927143692083,1.5238510421623995e-06,3.047702084324799e-08,"Method: equity_%, ATR: 1312464.24, Risk: 2498.93"
2024-01-18 08:00:00,USDJPY,322929.9575837058,-577.2227415629973,equity_%,-1.3386151005846321e-05,2495.2122196737855,6.193293477523173e-06,1.2386586955046345e-07,"Method: equity_%, ATR: 322929.96, Risk: 2495.21"
2024-01-18 09:00:00,USDJPY,334272.2171205492,-600.2604518722833,equity_%,-1.2438524245030069e-05,2495.7947668749516,5.983147559280215e-06,1.196629511856043e-07,"Method: equity_%, ATR: 334272.22, Risk: 2495.79"
2024-01-18 10:00:00,USDJPY,409518.4474103587,-590.057879208928,equity_%,-1.0323866032212897e-05,2494.6547198887893,4.883784876230243e-06,9.767569752460487e-08,"Method: equity_%, ATR: 409518.45, Risk: 2494.65"
2024-01-18 11:00:00,USDJPY,292815.0172936546,-571.4655344257735,equity_%,-1.4913221864147018e-05,2495.4844494705644,6.830250779092609e-06,1.366050155818522e-07,"Method: equity_%, ATR: 292815.02, Risk: 2495.48"
2024-01-18 12:00:00,USDJPY,656236.966594754,-600.9735543707985,equity_%,-6.333329530523677e-06,2497.7452282956365,3.047679575836909e-06,6.095359151673818e-08,"Method: equity_%, ATR: 656236.97, Risk: 2497.75"
2024-01-18 13:00:00,USDJPY,829440.7198302725,-657.9768562426256,equity_%,-4.580926002576392e-06,2500.053180009176,2.411263339481642e-06,4.822526678963284e-08,"Method: equity_%, ATR: 829440.72, Risk: 2500.05"
2024-01-18 14:00:00,USDJPY,701247.3720716878,-635.9145504595162,equity_%,-5.602595580018414e-06,2498.384537124271,2.8520605989458764e-06,5.7041211978917524e-08,"Method: equity_%, ATR: 701247.37, Risk: 2498.38"
2024-01-18 15:00:00,USDJPY,173142.22465334638,-637.1394437073634,equity_%,-2.2650637945676254e-05,2498.7219022569743,1.155119731194551e-05,2.310239462389102e-07,"Method: equity_%, ATR: 173142.22, Risk: 2498.72"
2024-01-18 16:00:00,USDJPY,616113.1431499905,-641.1314315578855,equity_%,-6.311908190974348e-06,2493.263707837285,3.246157012289393e-06,6.492314024578785e-08,"Method: equity_%, ATR: 616113.14, Risk: 2493.26"
2024-01-18 17:00:00,USDJPY,360094.8696032947,-655.1077435045471,equity_%,-1.0569743714812343e-05,2493.412451177582,5.554091904178857e-06,1.1108183808357712e-07,"Method: equity_%, ATR: 360094.87, Risk: 2493.41"
2024-01-18 18:00:00,USDJPY,769944.4384308571,-688.5390903619513,equity_%,-4.707036547567468e-06,2495.3734964671125,2.5975900339977647e-06,5.195180067995529e-08,"Method: equity_%, ATR: 769944.44, Risk: 2495.37"
2024-01-18 19:00:00,USDJPY,657211.7015417314,-714.0958670549791,equity_%,-5.318077949041893e-06,2495.838648521469,3.0431594496997937e-06,6.086318899399588e-08,"Method: equity_%, ATR: 657211.70, Risk: 2495.84"
2024-01-18 20:00:00,USDJPY,348654.8829124945,-711.7861248828617,equity_%,-1.0043604395002508e-05,2492.4982830655204,5.736331535910142e-06,1.1472663071820284e-07,"Method: equity_%, ATR: 348654.88, Risk: 2492.50"
2024-01-18 21:00:00,USDJPY,500763.5807609665,-754.7092405691521,equity_%,-6.6051025563235234e-06,2496.2723652018017,3.9939006685765265e-06,7.987801337153054e-08,"Method: equity_%, ATR: 500763.58, Risk: 2496.27"
2024-01-18 22:00:00,USDJPY,132138.05185039973,-753.4813948685485,equity_%,-2.504731342195758e-05,2493.799783483611,1.5135685534885155e-05,3.0271371069770316e-07,"Method: equity_%, ATR: 132138.05, Risk: 2493.80"
2024-01-18 23:00:00,USDJPY,368300.44613526185,-751.0654512274617,equity_%,-9.012793270553955e-06,2493.098512472319,5.430349110317073e-06,1.0860698220634146e-07,"Method: equity_%, ATR: 368300.45, Risk: 2493.10"
2024-01-19 00:00:00,USDJPY,657665.6094170994,-724.3880410481178,equity_%,-5.232370626263306e-06,2492.72806436792,3.0410591208693962e-06,6.082118241738792e-08,"Method: equity_%, ATR: 657665.61, Risk: 2492.73"
2024-01-19 01:00:00,USDJPY,449859.7288378005,-724.7687981370644,equity_%,-7.650149332712362e-06,2494.287545829216,4.445830270620004e-06,8.891660541240006e-08,"Method: equity_%, ATR: 449859.73, Risk: 2494.29"
2024-01-19 02:00:00,USDJPY,989961.9476368616,-732.3469640976562,equity_%,-3.4473236607103048e-06,2499.2945786068076,2.0202796731472366e-06,4.040559346294473e-08,"Method: equity_%, ATR: 989961.95, Risk: 2499.29"
2024-01-19 03:00:00,USDJPY,534830.8624370156,-686.1825513228329,equity_%,-6.813874628186707e-06,2500.634790926826,3.7394999811468994e-06,7.478999962293797e-08,"Method: equity_%, ATR: 534830.86, Risk: 2500.63"
2024-01-19 04:00:00,USDJPY,832585.2240346626,-723.6081581612765,equity_%,-4.1507374913377684e-06,2500.6759740338716,2.4021564907290925e-06,4.8043129814581845e-08,"Method: equity_%, ATR: 832585.22, Risk: 2500.68"
2024-01-19 05:00:00,USDJPY,616101.2970715512,-702.114910604141,equity_%,-5.7793410024403624e-06,2499.992117984145,3.2462194277246085e-06,6.492438855449217e-08,"Method: equity_%, ATR: 616101.30, Risk: 2499.99"
2024-01-19 06:00:00,USDJPY,623755.096691167,-654.7580895633323,equity_%,-6.122082070912416e-06,2500.311552110394,3.2063866261123923e-06,6.412773252224785e-08,"Method: equity_%, ATR: 623755.10, Risk: 2500.31"
2024-01-19 07:00:00,USDJPY,865836.5064375357,-606.4750012809218,equity_%,-4.764354874751864e-06,2501.8017950559656,2.3099049129135866e-06,4.6198098258271734e-08,"Method: equity_%, ATR: 865836.51, Risk: 2501.80"
2024-01-19 08:00:00,USDJPY,2840342.1715515708,-493.6399160618609,equity_%,-1.7840360315523965e-06,2501.4081078001736,7.041405151927438e-07,1.4082810303854875e-08,"Method: equity_%, ATR: 2840342.17, Risk: 2501.41"
2024-01-19 09:00:00,USDJPY,636524.7101122878,-504.8055213452948,equity_%,-7.786541864356322e-06,2501.9808833365482,3.142061837076498e-06,6.284123674152996e-08,"Method: equity_%, ATR: 636524.71, Risk: 2501.98"
2024-01-19 10:00:00,USDJPY,426846.602135314,-482.9880969149642,equity_%,-1.2164457862952075e-05,2507.846870141195,4.685524003224893e-06,9.371048006449787e-08,"Method: equity_%, ATR: 426846.60, Risk: 2507.85"
2024-01-19 11:00:00,USDJPY,717034.4941701933,-536.6509888921589,equity_%,-6.53179899246692e-06,2513.4184228821177,2.789266090070815e-06,5.5785321801416305e-08,"Method: equity_%, ATR: 717034.49, Risk: 2513.42"
2024-01-19 12:00:00,USDJPY,435080.65446582064,-511.028622182111,equity_%,-1.1299161402153884e-05,2512.2404887767007,4.596848835891224e-06,9.19369767178245e-08,"Method: equity_%, ATR: 435080.65, Risk: 2512.24"
2024-01-19 13:00:00,USDJPY,859269.3325068444,-542.8337455238974,equity_%,-5.3958658787690385e-06,2516.8497858439364,2.3275589205135163e-06,4.6551178410270316e-08,"Method: equity_%, ATR: 859269.33, Risk: 2516.85"
2024-01-19 14:00:00,USDJPY,761012.7023324674,-570.7757394284221,equity_%,-5.793763192182614e-06,2516.622942584007,2.6280770266647267e-06,5.2561540533294534e-08,"Method: equity_%, ATR: 761012.70, Risk: 2516.62"
2024-01-19 15:00:00,USDJPY,362932.3345504213,-570.8681719949975,equity_%,-1.217007096919316e-05,2521.474632577209,5.510669096148403e-06,1.1021338192296806e-07,"Method: equity_%, ATR: 362932.33, Risk: 2521.47"
2024-01-19 16:00:00,USDJPY,350144.07250624005,-578.0655345863637,equity_%,-1.247333471592656e-05,2524.6805363278977,5.711934477955091e-06,1.1423868955910182e-07,"Method: equity_%, ATR: 350144.07, Risk: 2524.68"
2024-01-19 17:00:00,USDJPY,574996.7697308887,-591.2669346708938,equity_%,-7.425494006443522e-06,2524.4940384419524,3.478280410055251e-06,6.956560820110502e-08,"Method: equity_%, ATR: 574996.77, Risk: 2524.49"
2024-01-19 18:00:00,USDJPY,1233165.562691455,-584.270932074061,equity_%,-3.5076837733804345e-06,2527.295954682991,1.6218422412274346e-06,3.2436844824548694e-08,"Method: equity_%, ATR: 1233165.56, Risk: 2527.30"
2024-01-19 19:00:00,USDJPY,214533.15762951775,-585.2685367320645,equity_%,-2.014631726443718e-05,2529.561668551108,9.322568231871394e-06,1.864513646374279e-07,"Method: equity_%, ATR: 214533.16, Risk: 2529.56"
2024-01-19 20:00:00,USDJPY,633166.2310043965,-552.2965611726365,equity_%,-7.240426130001807e-06,2531.9446676865173,3.158728153943688e-06,6.317456307887376e-08,"Method: equity_%, ATR: 633166.23, Risk: 2531.94"
2024-01-19 21:00:00,USDJPY,1062341.260622561,-481.52746085978947,equity_%,-4.951589388530374e-06,2532.968170604772,1.8826342100540701e-06,3.76526842010814e-08,"Method: equity_%, ATR: 1062341.26, Risk: 2532.97"
2024-01-19 22:00:00,USDJPY,591643.6736660972,-490.8854910861016,equity_%,-8.71809636668049e-06,2531.9905840938604,3.380413057756669e-06,6.760826115513338e-08,"Method: equity_%, ATR: 591643.67, Risk: 2531.99"
2024-01-19 23:00:00,USDJPY,640167.2575490181,-453.70461086010016,equity_%,-8.740945984205074e-06,2538.7801088819783,3.1241835261261523e-06,6.248367052252304e-08,"Method: equity_%, ATR: 640167.26, Risk: 2538.78"
2024-01-20 00:00:00,USDJPY,357927.1919846741,-451.6071375638131,equity_%,-1.5706864217369215e-05,2538.896400748645,5.58772857940795e-06,1.1175457158815901e-07,"Method: equity_%, ATR: 357927.19, Risk: 2538.90"
2024-01-20 01:00:00,USDJPY,704548.4703645331,-460.0853844870012,equity_%,-7.827910642086457e-06,2537.436443365298,2.8386975263251947e-06,5.6773950526503894e-08,"Method: equity_%, ATR: 704548.47, Risk: 2537.44"
2024-01-20 02:00:00,USDJPY,894181.3216324106,-484.9714331183372,equity_%,-5.852854056645735e-06,2538.104191071009,2.23668281993278e-06,4.47336563986556e-08,"Method: equity_%, ATR: 894181.32, Risk: 2538.10"
2024-01-20 03:00:00,USDJPY,943094.3995289528,-439.11671087831326,equity_%,-6.131161010954934e-06,2539.088578751181,2.1206784824498376e-06,4.2413569648996753e-08,"Method: equity_%, ATR: 943094.40, Risk: 2539.09"
2024-01-20 04:00:00,USDJPY,929490.6522862965,-499.9022170644027,equity_%,-5.462941515286087e-06,2538.380018620915,2.1517160985756434e-06,4.303432197151287e-08,"Method: equity_%, ATR: 929490.65, Risk: 2538.38"
2024-01-20 05:00:00,USDJPY,849122.2540512644,-566.217864061366,equity_%,-5.273750551751708e-06,2535.556977098199,2.3553734346941913e-06,4.710746869388382e-08,"Method: equity_%, ATR: 849122.25, Risk: 2535.56"
2024-01-20 06:00:00,USDJPY,967461.8751212666,-586.7795229053773,equity_%,-4.4616930061621384e-06,2532.8443033872954,2.067264924263098e-06,4.134529848526196e-08,"Method: equity_%, ATR: 967461.88, Risk: 2532.84"
2024-01-20 07:00:00,USDJPY,447838.9043635059,-597.7219902132206,equity_%,-9.448324523455887e-06,2529.157376586681,4.465891597431701e-06,8.931783194863401e-08,"Method: equity_%, ATR: 447838.90, Risk: 2529.16"
2024-01-20 08:00:00,USDJPY,665239.5070008822,-571.4518740346318,equity_%,-6.646705842768053e-06,2526.7609320118877,3.0064359962874964e-06,6.012871992574992e-08,"Method: equity_%, ATR: 665239.51, Risk: 2526.76"
2024-01-20 09:00:00,USDJPY,549982.3845439107,-557.1835029441137,equity_%,-8.23883688841162e-06,2524.7183341924856,3.636480105919319e-06,7.272960211838638e-08,"Method: equity_%, ATR: 549982.38, Risk: 2524.72"
2024-01-20 10:00:00,USDJPY,1143610.2992599478,-609.4085316310861,equity_%,-3.6247702765764662e-06,2526.1961902618978,1.7488474887767612e-06,3.4976949775535223e-08,"Method: equity_%, ATR: 1143610.30, Risk: 2526.20"
2024-01-20 11:00:00,USDJPY,863872.6187843952,-564.8189687428137,equity_%,-5.175985129422576e-06,2525.5269214429086,2.315156142828459e-06,4.6303122856569175e-08,"Method: equity_%, ATR: 863872.62, Risk: 2525.53"
2024-01-20 12:00:00,USDJPY,773437.2908250714,-570.2673981864707,equity_%,-5.723364795559313e-06,2524.3820261342034,2.5858592852000727e-06,5.1717185704001463e-08,"Method: equity_%, ATR: 773437.29, Risk: 2524.38"
2024-01-20 13:00:00,USDJPY,898214.3458794348,-550.4728464061249,equity_%,-5.099786603916279e-06,2521.551786945148,2.226640009898545e-06,4.4532800197970904e-08,"Method: equity_%, ATR: 898214.35, Risk: 2521.55"
2024-01-20 14:00:00,USDJPY,1116836.886504875,-513.2120777901962,equity_%,-4.4011445383318375e-06,2522.6224077527336,1.7907717986097069e-06,3.581543597219414e-08,"Method: equity_%, ATR: 1116836.89, Risk: 2522.62"
2024-01-20 15:00:00,USDJPY,776278.0537605301,-518.5815563895397,equity_%,-6.257175676658558e-06,2518.910423565041,2.5763964217607127e-06,5.152792843521426e-08,"Method: equity_%, ATR: 776278.05, Risk: 2518.91"
2024-01-20 16:00:00,USDJPY,449264.69667261245,-502.25693868822617,equity_%,-1.1164827638994883e-05,2519.302172051182,4.451718585530075e-06,8.90343717106015e-08,"Method: equity_%, ATR: 449264.70, Risk: 2519.30"
2024-01-20 17:00:00,USDJPY,452256.4808589902,-487.1974809070052,equity_%,-1.1445127106209097e-05,2521.7989136359474,4.42226940828203e-06,8.84453881656406e-08,"Method: equity_%, ATR: 452256.48, Risk: 2521.80"
2024-01-20 18:00:00,USDJPY,694194.4100078115,-424.5279831086702,equity_%,-8.5583720101483e-06,2522.194619004007,2.881037316300912e-06,5.7620746326018245e-08,"Method: equity_%, ATR: 694194.41, Risk: 2522.19"
2024-01-20 19:00:00,USDJPY,536253.4793625821,-443.78849062135646,equity_%,-1.0594364417485082e-05,2521.279921763475,3.729579530891437e-06,7.459159061782875e-08,"Method: equity_%, ATR: 536253.48, Risk: 2521.28"
2024-01-20 20:00:00,USDJPY,582165.8467018739,-468.41935855743344,equity_%,-9.24733366586797e-06,2521.727107171585,3.435447151925071e-06,6.870894303850143e-08,"Method: equity_%, ATR: 582165.85, Risk: 2521.73"
2024-01-20 21:00:00,USDJPY,335444.7615854707,-460.17480712824585,equity_%,-1.6335901384782477e-05,2521.662477637202,5.962233515130936e-06,1.1924467030261872e-07,"Method: equity_%, ATR: 335444.76, Risk: 2521.66"
2024-01-20 22:00:00,USDJPY,577934.5273931358,-424.59810929572643,equity_%,-1.0272469918491998e-05,2520.7604444085646,3.460599609823129e-06,6.921199219646258e-08,"Method: equity_%, ATR: 577934.53, Risk: 2520.76"
2024-01-20 23:00:00,USDJPY,304250.83610776596,-426.06167519764665,equity_%,-1.9460958236994564e-05,2522.7166388528635,6.573523430816795e-06,1.314704686163359e-07,"Method: equity_%, ATR: 304250.84, Risk: 2522.72"
2024-01-21 00:00:00,USDJPY,69333.52963763355,-425.2204308007635,equity_%,-8.550257662679075e-05,2520.7898148911027,2.8846072173922906e-05,5.76921443478458e-07,"Method: equity_%, ATR: 69333.53, Risk: 2520.79"
2024-01-21 01:00:00,USDJPY,308602.40266580094,-434.4240818732405,equity_%,-1.880610394251744e-05,2521.2274511840706,6.480830942090518e-06,1.2961661884181033e-07,"Method: equity_%, ATR: 308602.40, Risk: 2521.23"
2024-01-21 02:00:00,USDJPY,855895.5690394078,-390.66791386348154,equity_%,-7.539789576023058e-06,2521.086501107616,2.3367336768020057e-06,4.673467353604012e-08,"Method: equity_%, ATR: 855895.57, Risk: 2521.09"
2024-01-21 03:00:00,USDJPY,473897.84088681894,-403.3720882803964,equity_%,-1.3178068387620606e-05,2519.08214979898,4.220318869267987e-06,8.440637738535973e-08,"Method: equity_%, ATR: 473897.84, Risk: 2519.08"
2024-01-21 04:00:00,USDJPY,247316.82574833996,-413.4796977113949,equity_%,-2.4667728999858505e-05,2522.533964659874,8.086793100098748e-06,1.6173586200197498e-07,"Method: equity_%, ATR: 247316.83, Risk: 2522.53"
2024-01-21 05:00:00,USDJPY,706551.8933987534,-441.6626440543246,equity_%,-8.080156533549512e-06,2521.4740728729107,2.83064841901325e-06,5.661296838026501e-08,"Method: equity_%, ATR: 706551.89, Risk: 2521.47"
2024-01-21 06:00:00,USDJPY,1049034.0597347,-490.0870476223117,equity_%,-4.905235593585545e-06,2521.869938364261,1.9065157908274192e-06,3.8130315816548386e-08,"Method: equity_%, ATR: 1049034.06, Risk: 2521.87"
2024-01-21 07:00:00,USDJPY,605813.4814532548,-465.0834911532662,equity_%,-8.962177093180972e-06,2525.1278909035127,3.301346142384126e-06,6.602692284768252e-08,"Method: equity_%, ATR: 605813.48, Risk: 2525.13"
2024-01-21 08:00:00,USDJPY,525955.4063056015,-479.54244844647127,equity_%,-1.0007865973162113e-05,2524.163372707574,3.8026037493336825e-06,7.605207498667365e-08,"Method: equity_%, ATR: 525955.41, Risk: 2524.16"
2024-01-21 09:00:00,USDJPY,2772874.7320277877,-589.509864336953,equity_%,-1.5453763433365576e-06,2526.1293607164603,7.212731166320706e-07,1.442546233264141e-08,"Method: equity_%, ATR: 2772874.73, Risk: 2526.13"
2024-01-21 10:00:00,USDJPY,289393.1806320643,-602.3645827637688,equity_%,-1.4488471886771623e-05,2525.6333533061597,6.911012884380329e-06,1.3822025768760659e-07,"Method: equity_%, ATR: 289393.18, Risk: 2525.63"
2024-01-21 11:00:00,USDJPY,493066.3922015276,-601.3145192945999,equity_%,-8.523302205500785e-06,2527.056659011983,4.056248877701958e-06,8.112497755403917e-08,"Method: equity_%, ATR: 493066.39, Risk: 2527.06"
2024-01-21 12:00:00,USDJPY,793737.6526815637,-570.8053070985749,equity_%,-5.5887243322845846e-06,2532.0814587398672,2.5197242353858346e-06,5.039448470771669e-08,"Method: equity_%, ATR: 793737.65, Risk: 2532.08"
2024-01-21 13:00:00,USDJPY,1346757.7057266692,-632.5540496730943,equity_%,-2.974699595166055e-06,2534.137782051358,1.4850481207537338e-06,2.9700962415074675e-08,"Method: equity_%, ATR: 1346757.71, Risk: 2534.14"
2024-01-21 14:00:00,USDJPY,807756.7580486767,-651.1214449329449,equity_%,-4.822075885753943e-06,2536.159950169387,2.4759929026548322e-06,4.951985805309664e-08,"Method: equity_%, ATR: 807756.76, Risk: 2536.16"
2024-01-21 15:00:00,USDJPY,591051.9349270498,-678.0908605073608,equity_%,-6.325790830836845e-06,2535.294193033603,3.3837973988645324e-06,6.767594797729065e-08,"Method: equity_%, ATR: 591051.93, Risk: 2535.29"
2024-01-21 16:00:00,USDJPY,523065.06757763034,-671.2265054375738,equity_%,-7.228266977756545e-06,2537.8093879115972,3.8236160737367e-06,7.647232147473399e-08,"Method: equity_%, ATR: 523065.07, Risk: 2537.81"
2024-01-21 17:00:00,USDJPY,751226.0279197255,-601.3620541105204,equity_%,-5.61871762186253e-06,2538.3052835076683,2.662314570673683e-06,5.324629141347365e-08,"Method: equity_%, ATR: 751226.03, Risk: 2538.31"
2024-01-21 18:00:00,USDJPY,435980.24422615825,-622.9393145176685,equity_%,-9.339416470211724e-06,2536.48496964861,4.587363823216104e-06,9.174727646432208e-08,"Method: equity_%, ATR: 435980.24, Risk: 2536.48"
2024-01-21 19:00:00,USDJPY,996519.0923562602,-689.391790433955,equity_%,-3.6908726586795125e-06,2535.6002895297524,2.0069861333725365e-06,4.013972266745073e-08,"Method: equity_%, ATR: 996519.09, Risk: 2535.60"
