timestamp,equity,peak_equity,drawdown_amount,drawdown_pct,recovery_time_remaining
2024-01-01 01:00:00,100060.89481678224,100060.89481678224,0.0,0.0,-1.0
2024-01-01 02:00:00,100117.15409551066,100117.15409551066,0.0,0.0,-1.0
2024-01-01 03:00:00,100219.833534159,100219.833534159,0.0,0.0,-1.0
2024-01-01 04:00:00,100481.56056130888,100481.56056130888,0.0,0.0,-1.0
2024-01-01 05:00:00,100675.26726058564,100675.26726058564,0.0,0.0,-1.0
2024-01-01 06:00:00,100860.8707041278,100860.8707041278,0.0,0.0,-1.0
2024-01-01 07:00:00,101090.82990332726,101090.82990332726,0.0,0.0,-1.0
2024-01-01 08:00:00,101133.31949800442,101133.31949800442,0.0,0.0,-1.0
2024-01-01 09:00:00,101189.64830174665,101189.64830174665,0.0,0.0,-1.0
2024-01-01 10:00:00,101310.0541393011,101310.0541393011,0.0,0.0,-1.0
2024-01-01 11:00:00,101616.58150466296,101616.58150466296,0.0,0.0,-1.0
2024-01-01 12:00:00,101785.05241276276,101785.05241276276,0.0,0.0,-1.0
2024-01-01 13:00:00,101751.04760124054,101785.05241276276,34.00481152221619,0.033408453123665485,-1.0
2024-01-01 14:00:00,101907.51773600344,101907.51773600344,0.0,0.0,-1.0
2024-01-01 15:00:00,101784.44599246394,101907.51773600344,123.0717435395054,0.12076807116264864,-1.0
2024-01-01 16:00:00,101996.42438596406,101996.42438596406,0.0,0.0,-1.0
2024-01-01 17:00:00,101925.32239428964,101996.42438596406,71.10199167441169,0.06971027867149056,-1.0
2024-01-01 18:00:00,101985.17127084812,101996.42438596406,11.253115115934634,0.01103285255701885,-1.0
2024-01-01 19:00:00,102096.48861286957,102096.48861286957,0.0,0.0,-1.0
2024-01-01 20:00:00,102034.87649174737,102096.48861286957,61.61212112219073,0.060346954101244514,-1.0
2024-01-01 21:00:00,102024.35822797492,102096.48861286957,72.13038489464088,0.07064923179497933,-1.0
2024-01-01 22:00:00,102009.12868565484,102096.48861286957,87.35992721472576,0.08556604482841516,-1.0
2024-01-01 23:00:00,101897.93008781865,102096.48861286957,198.55852505091752,0.19448124783587184,-1.0
2024-01-02 00:00:00,101997.67148967418,102096.48861286957,98.81712319538929,0.0967879743348324,-1.0
2024-01-02 01:00:00,102186.391534126,102186.391534126,0.0,0.0,-1.0
2024-01-02 02:00:00,102389.41958564428,102389.41958564428,0.0,0.0,-1.0
2024-01-02 03:00:00,102520.39068315212,102520.39068315212,0.0,0.0,-1.0
2024-01-02 04:00:00,102433.1828363585,102520.39068315212,87.2078467936226,0.08506390408045339,-1.0
2024-01-02 05:00:00,102433.0855621057,102520.39068315212,87.30512104641821,0.08515878691512406,-1.0
2024-01-02 06:00:00,102366.47980015623,102520.39068315212,153.9108829958859,0.15012709371305502,-1.0
2024-01-02 07:00:00,102307.74120918929,102520.39068315212,212.64947396282514,0.20742163831587046,-1.0
2024-01-02 08:00:00,102300.62282259851,102520.39068315212,219.76786055360571,0.21436502444944516,-1.0
2024-01-02 09:00:00,102539.10016556393,102539.10016556393,0.0,0.0,-1.0
2024-01-02 10:00:00,102564.31548630483,102564.31548630483,0.0,0.0,-1.0
2024-01-02 11:00:00,102576.17092817779,102576.17092817779,0.0,0.0,-1.0
2024-01-02 12:00:00,102516.91407732757,102576.17092817779,59.256850850215415,0.05776863214333291,-1.0
2024-01-02 13:00:00,102486.14755431449,102576.17092817779,90.023373863296,0.08776246281051858,-1.0
2024-01-02 14:00:00,102396.44020394507,102576.17092817779,179.73072423272242,0.17521683896600804,-1.0
2024-01-02 15:00:00,102470.79828355859,102576.17092817779,105.37264461920131,0.10272624106136852,-1.0
2024-01-02 16:00:00,102595.1337640128,102595.1337640128,0.0,0.0,-1.0
2024-01-02 17:00:00,102774.42557370158,102774.42557370158,0.0,0.0,-1.0
2024-01-02 18:00:00,102974.73607902283,102974.73607902283,0.0,0.0,-1.0
2024-01-02 19:00:00,102957.69847067015,102974.73607902283,17.037608352678944,0.016545425607698845,-1.0
2024-01-02 20:00:00,102875.86418703114,102974.73607902283,98.87189199168643,0.09601567894848706,-1.0
2024-01-02 21:00:00,102887.08841215588,102974.73607902283,87.6476668669493,0.08511569944659869,-1.0
2024-01-02 22:00:00,102943.74226628385,102974.73607902283,30.993812738975976,0.030098462903746917,-1.0
2024-01-02 23:00:00,103010.01154502232,103010.01154502232,0.0,0.0,-1.0
2024-01-03 00:00:00,102965.58792730811,103010.01154502232,44.42361771421565,0.04312553415723047,-1.0
2024-01-03 01:00:00,102960.9531258224,103010.01154502232,49.058419199922355,0.047624904088551155,-1.0
2024-01-03 02:00:00,102971.43283519856,103010.01154502232,38.57870982376335,0.03745141782350141,-1.0
2024-01-03 03:00:00,103344.05972967291,103344.05972967291,0.0,0.0,-1.0
2024-01-03 04:00:00,103254.63728877314,103344.05972967291,89.42244089976884,0.08652886400406545,-1.0
2024-01-03 05:00:00,103300.37586141449,103344.05972967291,43.68386825842026,0.042270323396127844,-1.0
2024-01-03 06:00:00,103381.45329619506,103381.45329619506,0.0,0.0,-1.0
2024-01-03 07:00:00,103401.72118191078,103401.72118191078,0.0,0.0,-1.0
2024-01-03 08:00:00,103575.19496597208,103575.19496597208,0.0,0.0,-1.0
2024-01-03 09:00:00,103577.11755977932,103577.11755977932,0.0,0.0,-1.0
2024-01-03 10:00:00,103501.61531492334,103577.11755977932,75.50224485597573,0.07289471519846048,-1.0
2024-01-03 11:00:00,103474.19292990114,103577.11755977932,102.92462987817999,0.09937004649581724,-1.0
2024-01-03 12:00:00,103606.98436256505,103606.98436256505,0.0,0.0,-1.0
2024-01-03 13:00:00,103605.8703926821,103606.98436256505,1.1139698829501867,0.0010751880192284438,-1.0
2024-01-03 14:00:00,103595.59455570826,103606.98436256505,11.389806856794166,0.010993280932621658,-1.0
2024-01-03 15:00:00,103863.04005079325,103863.04005079325,0.0,0.0,-1.0
2024-01-03 16:00:00,103676.31123968313,103863.04005079325,186.72881111012248,0.17978369496868615,-1.0
2024-01-03 17:00:00,103758.79625315138,103863.04005079325,104.24379764187324,0.10036659584669752,-1.0
2024-01-03 18:00:00,103696.01712784024,103863.04005079325,167.02292295300867,0.16081073967344656,-1.0
2024-01-03 19:00:00,103699.4470528218,103863.04005079325,163.5929979714565,0.1575083859392647,-1.0
2024-01-03 20:00:00,103933.95415554232,103933.95415554232,0.0,0.0,-1.0
2024-01-03 21:00:00,103842.0360148717,103933.95415554232,91.91814067061932,0.08843899129735723,-1.0
2024-01-03 22:00:00,103975.752328809,103975.752328809,0.0,0.0,-1.0
2024-01-03 23:00:00,104112.47416524394,104112.47416524394,0.0,0.0,-1.0
2024-01-04 00:00:00,104127.87760464966,104127.87760464966,0.0,0.0,-1.0
2024-01-04 01:00:00,104033.99234452882,104127.87760464966,93.88526012084913,0.09016342432072853,-1.0
2024-01-04 02:00:00,104023.6983132288,104127.87760464966,104.17929142086359,0.10004937564982275,-1.0
2024-01-04 03:00:00,104074.49880251987,104127.87760464966,53.378802129795076,0.05126273900680323,-1.0
2024-01-04 04:00:00,104079.59409685299,104127.87760464966,48.2835077966738,0.04636943430269031,-1.0
2024-01-04 05:00:00,104080.5058312766,104127.87760464966,47.37177337305911,0.045493843207790305,-1.0
2024-01-04 06:00:00,104186.7826830352,104186.7826830352,0.0,0.0,-1.0
2024-01-04 07:00:00,104133.9226720356,104186.7826830352,52.86001099960413,0.0507358127761933,-1.0
2024-01-04 08:00:00,104043.40015177178,104186.7826830352,143.38253126341442,0.13762065357140688,-1.0
2024-01-04 09:00:00,104106.05977937023,104186.7826830352,80.722903664966,0.07747902525270144,-1.0
2024-01-04 10:00:00,104324.43418408341,104324.43418408341,0.0,0.0,-1.0
2024-01-04 11:00:00,104378.75045443144,104378.75045443144,0.0,0.0,-1.0
2024-01-04 12:00:00,104392.51204917488,104392.51204917488,0.0,0.0,-1.0
2024-01-04 13:00:00,104486.10391783461,104486.10391783461,0.0,0.0,-1.0
2024-01-04 14:00:00,104746.41994015475,104746.41994015475,0.0,0.0,-1.0
2024-01-04 15:00:00,104665.20062066917,104746.41994015475,81.21931948557904,0.07753899324863078,-1.0
2024-01-04 16:00:00,104725.49356512236,104746.41994015475,20.926375032388023,0.01997812912779643,-1.0
2024-01-04 17:00:00,104682.80238956492,104746.41994015475,63.61755058982817,0.06073482093820015,-1.0
2024-01-04 18:00:00,104623.98839153885,104746.41994015475,122.43154861590301,0.11688375477257588,-1.0
2024-01-04 19:00:00,104732.65843556207,104746.41994015475,13.761504592679557,0.01313792356869283,-1.0
2024-01-04 20:00:00,104658.13832101536,104746.41994015475,88.28161913939402,0.08428127585633223,-1.0
2024-01-04 21:00:00,104536.82470534554,104746.41994015475,209.59523480921052,0.20009775506309382,-1.0
2024-01-04 22:00:00,104658.44826774341,104746.41994015475,87.97167241133866,0.08398537387874441,-1.0
2024-01-04 23:00:00,104683.0042139663,104746.41994015475,63.415726188453846,0.060542141893427416,-1.0
2024-01-05 00:00:00,104941.33903468281,104941.33903468281,0.0,0.0,-1.0
2024-01-05 01:00:00,104970.2575174731,104970.2575174731,0.0,0.0,-1.0
2024-01-05 02:00:00,105318.60517965302,105318.60517965302,0.0,0.0,-1.0
2024-01-05 03:00:00,105594.4341767414,105594.4341767414,0.0,0.0,-1.0
2024-01-05 04:00:00,105631.2189018426,105631.2189018426,0.0,0.0,-1.0
2024-01-05 05:00:00,105651.83603136396,105651.83603136396,0.0,0.0,-1.0
2024-01-05 06:00:00,105911.94829333274,105911.94829333274,0.0,0.0,-1.0
2024-01-05 07:00:00,105771.66696665302,105911.94829333274,140.28132667971659,0.1324508980716649,-1.0
2024-01-05 08:00:00,105735.36354417725,105911.94829333274,176.58474915548868,0.1667278829263165,-1.0
2024-01-05 09:00:00,105616.3546813596,105911.94829333274,295.5936119731341,0.27909373468842325,-1.0
2024-01-05 10:00:00,105648.64053930277,105911.94829333274,263.30775402997097,0.2486100560634729,-1.0
2024-01-05 11:00:00,105596.57470665811,105911.94829333274,315.3735866746283,0.29776960178390127,-1.0
2024-01-05 12:00:00,106071.43308373868,106071.43308373868,0.0,0.0,-1.0
2024-01-05 13:00:00,106121.78198795818,106121.78198795818,0.0,0.0,-1.0
2024-01-05 14:00:00,106120.66377785114,106121.78198795818,1.1182101070444332,0.0010537046081372044,-1.0
2024-01-05 15:00:00,106089.02778579987,106121.78198795818,32.754202158306725,0.030864730637507956,-1.0
2024-01-05 16:00:00,106142.86803722261,106142.86803722261,0.0,0.0,-1.0
2024-01-05 17:00:00,106105.78541116285,106142.86803722261,37.08262605975324,0.03493652163869263,-1.0
2024-01-05 18:00:00,106021.47644656639,106142.86803722261,121.39159065621789,0.11436622441146757,-1.0
2024-01-05 19:00:00,105883.20686643002,106142.86803722261,259.6611707925913,0.2446336485853503,-1.0
2024-01-05 20:00:00,105908.43460459822,106142.86803722261,234.4334326243843,0.2208659300049931,-1.0
2024-01-05 21:00:00,105875.45579860655,106142.86803722261,267.41223861605977,0.25193613434515694,-1.0
2024-01-05 22:00:00,105983.97349216911,106142.86803722261,158.89454505349568,0.1496987484809379,-1.0
2024-01-05 23:00:00,105947.17667008104,106142.86803722261,195.69136714156775,0.18436600664770234,-1.0
2024-01-06 00:00:00,106028.25554129033,106142.86803722261,114.61249593227694,0.10797946018576035,-1.0
2024-01-06 01:00:00,106115.09110141142,106142.86803722261,27.776935811183648,0.026169385023064123,-1.0
2024-01-06 02:00:00,106184.21369140146,106184.21369140146,0.0,0.0,-1.0
2024-01-06 03:00:00,106190.80153002939,106190.80153002939,0.0,0.0,-1.0
2024-01-06 04:00:00,106262.71684300306,106262.71684300306,0.0,0.0,-1.0
2024-01-06 05:00:00,106331.7809048193,106331.7809048193,0.0,0.0,-1.0
2024-01-06 06:00:00,106276.79311624904,106331.7809048193,54.987788570259,0.05171340882504374,-1.0
2024-01-06 07:00:00,106285.53557197578,106331.7809048193,46.24533284352219,0.043491543591203226,-1.0
2024-01-06 08:00:00,106275.41069521445,106331.7809048193,56.37020960485097,0.05301351028373126,-1.0
2024-01-06 09:00:00,106280.94067169093,106331.7809048193,50.84023312837235,0.04781282951884436,-1.0
2024-01-06 10:00:00,106426.80630836505,106426.80630836505,0.0,0.0,-1.0
2024-01-06 11:00:00,106463.81660346063,106463.81660346063,0.0,0.0,-1.0
2024-01-06 12:00:00,106464.61721832794,106464.61721832794,0.0,0.0,-1.0
2024-01-06 13:00:00,106484.72442955489,106484.72442955489,0.0,0.0,-1.0
2024-01-06 14:00:00,106343.4827383109,106484.72442955489,141.24169124399486,0.13264033127815764,-1.0
2024-01-06 15:00:00,106330.08409738366,106484.72442955489,154.64033217122778,0.14522301954542813,-1.0
2024-01-06 16:00:00,106295.14335401099,106484.72442955489,189.58107554390153,0.17803593572646106,-1.0
2024-01-06 17:00:00,106450.52382244692,106484.72442955489,34.20060710796679,0.032117852857469945,-1.0
2024-01-06 18:00:00,106495.18270742496,106495.18270742496,0.0,0.0,-1.0
2024-01-06 19:00:00,106492.65208089478,106495.18270742496,2.53062653017696,0.00237628263160914,-1.0
2024-01-06 20:00:00,106519.14782496418,106519.14782496418,0.0,0.0,-1.0
2024-01-06 21:00:00,106502.01291076801,106519.14782496418,17.13491419616912,0.01608622913912697,-1.0
2024-01-06 22:00:00,106518.79779934252,106519.14782496418,0.35002562166482676,0.00032860347534886456,-1.0
2024-01-06 23:00:00,106673.52688733795,106673.52688733795,0.0,0.0,-1.0
2024-01-07 00:00:00,106635.4856497999,106673.52688733795,38.0412375380547,0.03566136664650783,-1.0
2024-01-07 01:00:00,106705.34006461423,106705.34006461423,0.0,0.0,-1.0
2024-01-07 02:00:00,106889.85532529638,106889.85532529638,0.0,0.0,-1.0
2024-01-07 03:00:00,106991.08059381486,106991.08059381486,0.0,0.0,-1.0
2024-01-07 04:00:00,107055.9897086934,107055.9897086934,0.0,0.0,-1.0
2024-01-07 05:00:00,106980.74274532637,107055.9897086934,75.24696336704073,0.07028748561551093,-1.0
2024-01-07 06:00:00,106905.70784097281,107055.9897086934,150.28186772059416,0.14037688888732083,-1.0
2024-01-07 07:00:00,106866.06996004672,107055.9897086934,189.91974864668737,0.17740226321149508,-1.0
2024-01-07 08:00:00,106864.50524031937,107055.9897086934,191.48446837403753,0.17886385329310367,-1.0
2024-01-07 09:00:00,106859.90061573783,107055.9897086934,196.08909295557532,0.18316499010391385,-1.0
2024-01-07 10:00:00,107121.23424896924,107121.23424896924,0.0,0.0,-1.0
2024-01-07 11:00:00,107191.44104732004,107191.44104732004,0.0,0.0,-1.0
2024-01-07 12:00:00,107184.28098238497,107191.44104732004,7.160064935073024,0.006679698365014224,-1.0
2024-01-07 13:00:00,107163.11918780331,107191.44104732004,28.321859516727272,0.02642175461026267,-1.0
2024-01-07 14:00:00,107337.62875967783,107337.62875967783,0.0,0.0,-1.0
2024-01-07 15:00:00,107577.71291808401,107577.71291808401,0.0,0.0,-1.0
2024-01-07 16:00:00,107603.35912668267,107603.35912668267,0.0,0.0,-1.0
2024-01-07 17:00:00,107664.07363027579,107664.07363027579,0.0,0.0,-1.0
2024-01-07 18:00:00,107703.1031668709,107703.1031668709,0.0,0.0,-1.0
2024-01-07 19:00:00,107628.96694376296,107703.1031668709,74.13622310794017,0.0688338784380952,-1.0
2024-01-07 20:00:00,107633.07615461868,107703.1031668709,70.02701225221972,0.06501856510459374,-1.0
2024-01-07 21:00:00,107662.96336051787,107703.1031668709,40.139806353035965,0.03726894135152722,-1.0
2024-01-07 22:00:00,107699.55407210563,107703.1031668709,3.549094765272457,0.003295257667528512,-1.0
2024-01-07 23:00:00,107761.15969429092,107761.15969429092,0.0,0.0,-1.0
2024-01-08 00:00:00,108051.29684637036,108051.29684637036,0.0,0.0,-1.0
2024-01-08 01:00:00,107961.29890750971,108051.29684637036,89.99793886064435,0.08329186366787003,-1.0
2024-01-08 02:00:00,108122.37039952147,108122.37039952147,0.0,0.0,-1.0
2024-01-08 03:00:00,108287.58153824716,108287.58153824716,0.0,0.0,-1.0
2024-01-08 04:00:00,108275.64475374208,108287.58153824716,11.936784505087417,0.011023225688045628,-1.0
2024-01-08 05:00:00,108218.44407954541,108287.58153824716,69.13745870174898,0.0638461564286849,-1.0
2024-01-08 06:00:00,108504.29965971383,108504.29965971383,0.0,0.0,-1.0
2024-01-08 07:00:00,108461.48362905098,108504.29965971383,42.81603066284151,0.03946021567543329,-1.0
2024-01-08 08:00:00,108322.429497485,108504.29965971383,181.87016222882085,0.16761562702970634,-1.0
2024-01-08 09:00:00,108316.13383459162,108504.29965971383,188.16582512221066,0.17341785137762064,-1.0
2024-01-08 10:00:00,108294.36201457847,108504.29965971383,209.93764513536007,0.1934832497825034,-1.0
2024-01-08 11:00:00,108398.32385094727,108504.29965971383,105.97580876655411,0.09766968599300722,-1.0
2024-01-08 12:00:00,108569.58712545052,108569.58712545052,0.0,0.0,-1.0
2024-01-08 13:00:00,108543.77136064065,108569.58712545052,25.815764809871325,0.02377808140694281,-1.0
2024-01-08 14:00:00,108524.46005521706,108569.58712545052,45.12707023345865,0.04156511176681091,-1.0
2024-01-08 15:00:00,108504.4558447468,108569.58712545052,65.1312807037175,0.059990354967878134,-1.0
2024-01-08 16:00:00,108629.9838472206,108629.9838472206,0.0,0.0,-1.0
2024-01-08 17:00:00,108823.54191139714,108823.54191139714,0.0,0.0,-1.0
2024-01-08 18:00:00,108731.6123010607,108823.54191139714,91.92961033644679,0.08447584844398356,-1.0
2024-01-08 19:00:00,108814.77950728858,108823.54191139714,8.762404108565534,0.008051937985716162,-1.0
2024-01-08 20:00:00,108805.86156040855,108823.54191139714,17.680350988594,0.016246807150413406,-1.0
2024-01-08 21:00:00,108731.90746820069,108823.54191139714,91.6344431964535,0.08420461380595497,-1.0
2024-01-08 22:00:00,108630.45281333104,108823.54191139714,193.0890980661061,0.17743320486969352,-1.0
2024-01-08 23:00:00,108658.68661623825,108823.54191139714,164.85529515889357,0.15148863220526015,-1.0
2024-01-09 00:00:00,108602.90863649397,108823.54191139714,220.6332749031717,0.20274406716407808,-1.0
2024-01-09 01:00:00,108865.26123072117,108865.26123072117,0.0,0.0,-1.0
2024-01-09 02:00:00,108978.7445626341,108978.7445626341,0.0,0.0,-1.0
2024-01-09 03:00:00,108942.7884334184,108978.7445626341,35.95612921570137,0.032993708415347045,-1.0
2024-01-09 04:00:00,108790.28441440967,108978.7445626341,188.4601482244325,0.17293294117195257,-1.0
2024-01-09 05:00:00,108856.12348538735,108978.7445626341,122.62107724676025,0.11251834267212116,-1.0
2024-01-09 06:00:00,109003.84670530478,109003.84670530478,0.0,0.0,-1.0
2024-01-09 07:00:00,109062.5633390467,109062.5633390467,0.0,0.0,-1.0
2024-01-09 08:00:00,109001.64585579188,109062.5633390467,60.917483254816034,0.05585553960018312,-1.0
2024-01-09 09:00:00,109090.09132833376,109090.09132833376,0.0,0.0,-1.0
2024-01-09 10:00:00,109018.73814629338,109090.09132833376,71.35318204037321,0.06540757384244741,-1.0
2024-01-09 11:00:00,108989.11929879522,109090.09132833376,100.97202953853412,0.0925583875758557,-1.0
2024-01-09 12:00:00,109015.80400491865,109090.09132833376,74.28732341510477,0.06809722359798802,-1.0
2024-01-09 13:00:00,109095.35000332005,109095.35000332005,0.0,0.0,-1.0
2024-01-09 14:00:00,109181.89163847551,109181.89163847551,0.0,0.0,-1.0
2024-01-09 15:00:00,109206.21360156761,109206.21360156761,0.0,0.0,-1.0
2024-01-09 16:00:00,109192.30924905429,109206.21360156761,13.904352513316553,0.012732199070691856,-1.0
2024-01-09 17:00:00,109239.07748883172,109239.07748883172,0.0,0.0,-1.0
2024-01-09 18:00:00,109299.34118194751,109299.34118194751,0.0,0.0,-1.0
2024-01-09 19:00:00,109209.3316330048,109299.34118194751,90.00954894271854,0.0823514103281576,-1.0
2024-01-09 20:00:00,109208.72804022742,109299.34118194751,90.61314172009588,0.08290364858581786,-1.0
2024-01-09 21:00:00,109149.11619115205,109299.34118194751,150.22499079546833,0.1374436379679481,-1.0
2024-01-09 22:00:00,109194.66922141069,109299.34118194751,104.6719605368271,0.09576632338760639,-1.0
2024-01-09 23:00:00,109212.51225544568,109299.34118194751,86.8289265018393,0.0794413997036795,-1.0
2024-01-10 00:00:00,109149.74111758864,109299.34118194751,149.60006435887772,0.13687188114870952,-1.0
2024-01-10 01:00:00,109446.33858599477,109446.33858599477,0.0,0.0,-1.0
2024-01-10 02:00:00,109458.93939479522,109458.93939479522,0.0,0.0,-1.0
2024-01-10 03:00:00,109598.46249245122,109598.46249245122,0.0,0.0,-1.0
2024-01-10 04:00:00,109689.4691145697,109689.4691145697,0.0,0.0,-1.0
2024-01-10 05:00:00,109801.00456244954,109801.00456244954,0.0,0.0,-1.0
2024-01-10 06:00:00,109867.7266622788,109867.7266622788,0.0,0.0,-1.0
2024-01-10 07:00:00,109815.75415250582,109867.7266622788,51.97250977298245,0.04730461924705166,-1.0
2024-01-10 08:00:00,110075.74982301847,110075.74982301847,0.0,0.0,-1.0
2024-01-10 09:00:00,110129.12071225859,110129.12071225859,0.0,0.0,-1.0
2024-01-10 10:00:00,110090.03622999469,110129.12071225859,39.08448226390465,0.03548968884081367,-1.0
2024-01-10 11:00:00,110187.02093917681,110187.02093917681,0.0,0.0,-1.0
2024-01-10 12:00:00,110264.9918080281,110264.9918080281,0.0,0.0,-1.0
2024-01-10 13:00:00,110325.36176164994,110325.36176164994,0.0,0.0,-1.0
2024-01-10 14:00:00,110390.47995730184,110390.47995730184,0.0,0.0,-1.0
2024-01-10 15:00:00,110456.58708283537,110456.58708283537,0.0,0.0,-1.0
2024-01-10 16:00:00,110582.06150328676,110582.06150328676,0.0,0.0,-1.0
2024-01-10 17:00:00,110523.95598720628,110582.06150328676,58.10551608048263,0.05254515541723338,-1.0
2024-01-10 18:00:00,110487.88822632607,110582.06150328676,94.17327696068969,0.08516144090684241,-1.0
2024-01-10 19:00:00,110562.7834584831,110582.06150328676,19.27804480366467,0.01743324779950108,-1.0
2024-01-10 20:00:00,110680.25417429725,110680.25417429725,0.0,0.0,-1.0
2024-01-10 21:00:00,110831.13218534764,110831.13218534764,0.0,0.0,-1.0
2024-01-10 22:00:00,110875.64772594567,110875.64772594567,0.0,0.0,-1.0
2024-01-10 23:00:00,110860.65267788524,110875.64772594567,14.995048060431145,0.013524203346703154,-1.0
2024-01-11 00:00:00,110807.4060269689,110875.64772594567,68.2416989767662,0.061547959697553285,-1.0
2024-01-11 01:00:00,110762.90022423351,110875.64772594567,112.74750171216147,0.10168824626922812,-1.0
2024-01-11 02:00:00,110789.5944884979,110875.64772594567,86.05323744777706,0.0776123875825981,-1.0
2024-01-11 03:00:00,110777.33386364797,110875.64772594567,98.3138622976985,0.08867038372637383,-1.0
2024-01-11 04:00:00,110777.07472583545,110875.64772594567,98.57300011022016,0.0889041030487287,-1.0
2024-01-11 05:00:00,110871.79538895364,110875.64772594567,3.85233699202945,0.003474466279152096,-1.0
2024-01-11 06:00:00,110851.01601288235,110875.64772594567,24.63171306332515,0.02221562044373172,-1.0
2024-01-11 07:00:00,111054.77500770304,111054.77500770304,0.0,0.0,-1.0
2024-01-11 08:00:00,111033.5224722075,111054.77500770304,21.25253549552872,0.019136984874405075,-1.0
2024-01-11 09:00:00,111126.22057493146,111126.22057493146,0.0,0.0,-1.0
2024-01-11 10:00:00,111217.53334240832,111217.53334240832,0.0,0.0,-1.0
2024-01-11 11:00:00,111515.22787036248,111515.22787036248,0.0,0.0,-1.0
2024-01-11 12:00:00,111478.25499287293,111515.22787036248,36.97287748954841,0.03315500330818472,-1.0
2024-01-11 13:00:00,111506.53275928942,111515.22787036248,8.695111073058797,0.007797241003862671,-1.0
2024-01-11 14:00:00,111454.13009765316,111515.22787036248,61.09777270931227,0.054788726056623424,-1.0
2024-01-11 15:00:00,111467.62678753868,111515.22787036248,47.60108282379224,0.04268572439194489,-1.0
2024-01-11 16:00:00,111645.67477055329,111645.67477055329,0.0,0.0,-1.0
2024-01-11 17:00:00,111888.28588496962,111888.28588496962,0.0,0.0,-1.0
2024-01-11 18:00:00,111857.72979481207,111888.28588496962,30.556090157551807,0.02730946310945007,-1.0
2024-01-11 19:00:00,111783.39204092255,111888.28588496962,104.89384404706652,0.09374872732870895,-1.0
2024-01-11 20:00:00,111801.81380213129,111888.28588496962,86.47208283832879,0.07728430385217379,-1.0
2024-01-11 21:00:00,112030.05879090769,112030.05879090769,0.0,0.0,-1.0
2024-01-11 22:00:00,112392.36898440609,112392.36898440609,0.0,0.0,-1.0
2024-01-11 23:00:00,112605.00339384761,112605.00339384761,0.0,0.0,-1.0
2024-01-12 00:00:00,112521.7750280603,112605.00339384761,83.22836578730494,0.07391178302815297,-1.0
2024-01-12 01:00:00,112562.31420092708,112605.00339384761,42.68919292053033,0.03791056492509527,-1.0
2024-01-12 02:00:00,112498.18673546579,112605.00339384761,106.8166583818238,0.09485960229335594,-1.0
2024-01-12 03:00:00,112568.78962141003,112605.00339384761,36.21377243757888,0.03216000297155312,-1.0
2024-01-12 04:00:00,112572.52348602195,112605.00339384761,32.47990782566194,0.028844107141545137,-1.0
2024-01-12 05:00:00,112586.3456173502,112605.00339384761,18.657776497406303,0.016569225109961415,-1.0
2024-01-12 06:00:00,112582.77214303048,112605.00339384761,22.231250817130785,0.019742684736107765,-1.0
2024-01-12 07:00:00,112539.2054142075,112605.00339384761,65.79797964010504,0.05843255420007388,-1.0
2024-01-12 08:00:00,112778.90040596842,112778.90040596842,0.0,0.0,-1.0
2024-01-12 09:00:00,112739.74642167459,112778.90040596842,39.1539842938364,0.034717472996184946,-1.0
2024-01-12 10:00:00,112807.5171863963,112807.5171863963,0.0,0.0,-1.0
2024-01-12 11:00:00,112756.89159950154,112807.5171863963,50.62558689476282,0.04487784870853258,-1.0
2024-01-12 12:00:00,112762.3234200182,112807.5171863963,45.1937663780991,0.04006272587616981,-1.0
2024-01-12 13:00:00,112681.25436222431,112807.5171863963,126.262824171994,0.11192766875931234,-1.0
2024-01-12 14:00:00,112623.70940430475,112807.5171863963,183.8077820915496,0.16293930287273034,-1.0
2024-01-12 15:00:00,112585.42867176875,112807.5171863963,222.0885146275541,0.1968738610394097,-1.0
2024-01-12 16:00:00,112669.1649990526,112807.5171863963,138.35218734369846,0.12264447511515894,-1.0
2024-01-12 17:00:00,112740.14647901875,112807.5171863963,67.37070737755857,0.059721824447425166,-1.0
2024-01-12 18:00:00,112785.10140477218,112807.5171863963,22.415781624120427,0.019870822604030853,-1.0
2024-01-12 19:00:00,112779.5985497852,112807.5171863963,27.918636611109832,0.024748915061200017,-1.0
2024-01-12 20:00:00,112914.66562370975,112914.66562370975,0.0,0.0,-1.0
2024-01-12 21:00:00,113179.14312312951,113179.14312312951,0.0,0.0,-1.0
2024-01-12 22:00:00,113213.72144030192,113213.72144030192,0.0,0.0,-1.0
2024-01-12 23:00:00,113328.3824511064,113328.3824511064,0.0,0.0,-1.0
2024-01-13 00:00:00,113619.28304070835,113619.28304070835,0.0,0.0,-1.0
2024-01-13 01:00:00,113660.65481287816,113660.65481287816,0.0,0.0,-1.0
2024-01-13 02:00:00,113667.7000048285,113667.7000048285,0.0,0.0,-1.0
2024-01-13 03:00:00,113725.12279119868,113725.12279119868,0.0,0.0,-1.0
2024-01-13 04:00:00,113771.71372080351,113771.71372080351,0.0,0.0,-1.0
2024-01-13 05:00:00,113744.0431994915,113771.71372080351,27.6705213120149,0.02432109037218032,-1.0
2024-01-13 06:00:00,113911.38210578293,113911.38210578293,0.0,0.0,-1.0
2024-01-13 07:00:00,113954.02907473891,113954.02907473891,0.0,0.0,-1.0
2024-01-13 08:00:00,113859.87156400585,113954.02907473891,94.15751073305728,0.0826276275596208,-1.0
2024-01-13 09:00:00,113738.7797226877,113954.02907473891,215.2493520512071,0.18889139225611035,-1.0
2024-01-13 10:00:00,113674.19033429217,113954.02907473891,279.83874044673576,0.24557160700583758,-1.0
2024-01-13 11:00:00,113642.22973748964,113954.02907473891,311.7993372492638,0.27361852826174693,-1.0
2024-01-13 12:00:00,113706.48656952902,113954.02907473891,247.54250520988717,0.21723014729696982,-1.0
2024-01-13 13:00:00,113682.16147945003,113954.02907473891,271.8675952888734,0.23857655362985358,-1.0
2024-01-13 14:00:00,113825.23428132666,113954.02907473891,128.79479341224942,0.11302346609243356,-1.0
2024-01-13 15:00:00,113842.80855204591,113954.02907473891,111.22052269299456,0.09760122006747869,-1.0
2024-01-13 16:00:00,113773.89430043566,113954.02907473891,180.13477430325293,0.15807670493608272,-1.0
2024-01-13 17:00:00,114061.58096026105,114061.58096026105,0.0,0.0,-1.0
2024-01-13 18:00:00,114014.19260710226,114061.58096026105,47.3883531587926,0.04154628820663344,-1.0
2024-01-13 19:00:00,114100.28009446023,114100.28009446023,0.0,0.0,-1.0
2024-01-13 20:00:00,114085.2095343724,114100.28009446023,15.070560087828198,0.013208170983762467,-1.0
2024-01-13 21:00:00,114157.20913865883,114157.20913865883,0.0,0.0,-1.0
2024-01-13 22:00:00,114136.41443662008,114157.20913865883,20.794702038750984,0.01821584654675037,-1.0
2024-01-13 23:00:00,114272.5886715639,114272.5886715639,0.0,0.0,-1.0
2024-01-14 00:00:00,114400.35161520606,114400.35161520606,0.0,0.0,-1.0
2024-01-14 01:00:00,114562.4822100543,114562.4822100543,0.0,0.0,-1.0
2024-01-14 02:00:00,114707.43463468816,114707.43463468816,0.0,0.0,-1.0
2024-01-14 03:00:00,114659.93841714082,114707.43463468816,47.49621754734835,0.04140639854653783,-1.0
2024-01-14 04:00:00,114687.95744205752,114707.43463468816,19.477192630642094,0.016979886868424554,-1.0
2024-01-14 05:00:00,114819.37157891228,114819.37157891228,0.0,0.0,-1.0
2024-01-14 06:00:00,114808.10151042779,114819.37157891228,11.270068484489457,0.009815476543297261,-1.0
2024-01-14 07:00:00,114830.2891974875,114830.2891974875,0.0,0.0,-1.0
2024-01-14 08:00:00,114724.8876800291,114830.2891974875,105.40151745839103,0.09178895062880084,-1.0
2024-01-14 09:00:00,114711.35621048539,114830.2891974875,118.93298700210289,0.10357283590704844,-1.0
2024-01-14 10:00:00,114632.03453977827,114830.2891974875,198.25465770922892,0.17265014230545608,-1.0
2024-01-14 11:00:00,114626.26844967746,114830.2891974875,204.02074781003466,0.1776715440114895,-1.0
2024-01-14 12:00:00,114651.86452460146,114830.2891974875,178.42467288603075,0.15538119265655798,-1.0
2024-01-14 13:00:00,114685.66374253412,114830.2891974875,144.6254549533769,0.12594713116558218,-1.0
2024-01-14 14:00:00,114598.15726556697,114830.2891974875,232.1319319205213,0.20215217913567735,-1.0
2024-01-14 15:00:00,114657.59716384178,114830.2891974875,172.6920336457115,0.15038892164480416,-1.0
2024-01-14 16:00:00,114609.43237394572,114830.2891974875,220.85682354177698,0.19233324681604072,-1.0
2024-01-14 17:00:00,114647.02373910967,114830.2891974875,183.26545837782032,0.15959679250013611,-1.0
2024-01-14 18:00:00,114731.36064338002,114830.2891974875,98.9285541074787,0.0861519680903523,-1.0
2024-01-14 19:00:00,114757.938089346,114830.2891974875,72.35110814149084,0.0630069893989903,-1.0
2024-01-14 20:00:00,114628.35973506529,114830.2891974875,201.92946242220933,0.1758503473547183,-1.0
2024-01-14 21:00:00,114703.9813453686,114830.2891974875,126.30785211890179,0.10999523993332017,-1.0
2024-01-14 22:00:00,114795.35478387056,114830.2891974875,34.9344136169384,0.030422647074290196,-1.0
2024-01-14 23:00:00,114881.11734916594,114881.11734916594,0.0,0.0,-1.0
2024-01-15 00:00:00,114913.70870374661,114913.70870374661,0.0,0.0,-1.0
2024-01-15 01:00:00,114894.0035325549,114913.70870374661,19.705171191715635,0.017147798477652975,-1.0
2024-01-15 02:00:00,115000.59647167311,115000.59647167311,0.0,0.0,-1.0
2024-01-15 03:00:00,114906.18975353013,115000.59647167311,94.40671814298548,0.0820923725958584,-1.0
2024-01-15 04:00:00,114846.7287902,115000.59647167311,153.86768147311523,0.13379728992189693,-1.0
2024-01-15 05:00:00,114772.57558676224,115000.59647167311,228.02088491087488,0.1982780019467472,-1.0
2024-01-15 06:00:00,114809.8319321395,115000.59647167311,190.76453953361488,0.16588134791162054,-1.0
2024-01-15 07:00:00,114942.00639896488,115000.59647167311,58.59007270823349,0.05094762506094077,-1.0
2024-01-15 08:00:00,114907.81168201494,115000.59647167311,92.78478965816612,0.08068200731551929,-1.0
2024-01-15 09:00:00,114871.03997669755,115000.59647167311,129.55649497556442,0.11265723739743967,-1.0
2024-01-15 10:00:00,114846.08631001414,115000.59647167311,154.51016165896726,0.1343559654466889,-1.0
2024-01-15 11:00:00,114928.55467078726,115000.59647167311,72.04180088585417,0.06264471932856407,-1.0
2024-01-15 12:00:00,115300.70533106936,115300.70533106936,0.0,0.0,-1.0
2024-01-15 13:00:00,115266.16356028021,115300.70533106936,34.54177078914654,0.029957987412101966,-1.0
2024-01-15 14:00:00,115418.99246457985,115418.99246457985,0.0,0.0,-1.0
2024-01-15 15:00:00,115361.01578682645,115418.99246457985,57.97667775339505,0.05023148834988064,-1.0
2024-01-15 16:00:00,115565.63394340924,115565.63394340924,0.0,0.0,-1.0
2024-01-15 17:00:00,115620.95993597791,115620.95993597791,0.0,0.0,-1.0
2024-01-15 18:00:00,115648.12735240713,115648.12735240713,0.0,0.0,-1.0
2024-01-15 19:00:00,115760.72258835607,115760.72258835607,0.0,0.0,-1.0
2024-01-15 20:00:00,115710.49427919708,115760.72258835607,50.22830915899249,0.0433897681665342,-1.0
2024-01-15 21:00:00,115555.82463791581,115760.72258835607,204.89795044026687,0.17700127112101904,-1.0
2024-01-15 22:00:00,115592.41445268475,115760.72258835607,168.30813567132282,0.14539312809045327,-1.0
2024-01-15 23:00:00,115562.85674802757,115760.72258835607,197.86584032850806,0.17092657673891423,-1.0
2024-01-16 00:00:00,115597.8371585171,115760.72258835607,162.88542983897787,0.14070871898251427,-1.0
2024-01-16 01:00:00,115754.23669854354,115760.72258835607,6.485889812538517,0.0056028415057517164,-1.0
2024-01-16 02:00:00,115954.36388725346,115954.36388725346,0.0,0.0,-1.0
2024-01-16 03:00:00,115943.35304140314,115954.36388725346,11.010845850323676,0.009495844297011462,-1.0
2024-01-16 04:00:00,115970.90124463581,115970.90124463581,0.0,0.0,-1.0
2024-01-16 05:00:00,115990.14851556571,115990.14851556571,0.0,0.0,-1.0
2024-01-16 06:00:00,115878.67735781406,115990.14851556571,111.4711577516573,0.0961039874319137,-1.0
2024-01-16 07:00:00,115929.24518513744,115990.14851556571,60.90333042827842,0.052507330327372835,-1.0
2024-01-16 08:00:00,115919.51924694957,115990.14851556571,70.62926861614687,0.06089247192115503,-1.0
2024-01-16 09:00:00,115924.82875685138,115990.14851556571,65.31975871433679,0.05631491945677694,-1.0
2024-01-16 10:00:00,115908.78287664373,115990.14851556571,81.36563892198319,0.07014874966822207,-1.0
2024-01-16 11:00:00,115859.69020201999,115990.14851556571,130.45831354572147,0.11247361540209955,-1.0
2024-01-16 12:00:00,115907.42993075968,115990.14851556571,82.7185848060326,0.07131518138795372,-1.0
2024-01-16 13:00:00,115821.73150305578,115990.14851556571,168.41701250993356,0.14519941104078526,-1.0
2024-01-16 14:00:00,115797.55607073488,115990.14851556571,192.59244483083603,0.1660420710686394,-1.0
2024-01-16 15:00:00,115758.98023699562,115990.14851556571,231.16827857009775,0.19929992463030194,-1.0
2024-01-16 16:00:00,115812.19082299818,115990.14851556571,177.95769256753556,0.15342483378547783,-1.0
2024-01-16 17:00:00,115869.62485167866,115990.14851556571,120.52366388705559,0.10390853484499288,-1.0
2024-01-16 18:00:00,115888.3846650853,115990.14851556571,101.76385048041993,0.08773490833729157,-1.0
2024-01-16 19:00:00,115900.86747285486,115990.14851556571,89.28104271084885,0.07697295318047416,-1.0
2024-01-16 20:00:00,115783.26037232844,115990.14851556571,206.88814323727274,0.17836699571904474,-1.0
2024-01-16 21:00:00,115887.88268613929,115990.14851556571,102.26582942642563,0.08816768556228005,-1.0
2024-01-16 22:00:00,115791.25438752632,115990.14851556571,198.89412803939194,0.1714750179949124,-1.0
2024-01-16 23:00:00,115804.83150063358,115990.14851556571,185.31701493213768,0.15976961604395945,-1.0
2024-01-17 00:00:00,115829.69291655632,115990.14851556571,160.45559900939406,0.13833554061521108,-1.0
2024-01-17 01:00:00,115893.39309116728,115990.14851556571,96.75542439843412,0.08341693293499808,-1.0
2024-01-17 02:00:00,115875.04700517461,115990.14851556571,115.10151039110497,0.0992338675863136,-1.0
2024-01-17 03:00:00,115895.1402489101,115990.14851556571,95.0082666556118,0.08191063454226187,-1.0
2024-01-17 04:00:00,115959.6317808818,115990.14851556571,30.516734683915274,0.026309764298491238,-1.0
2024-01-17 05:00:00,115967.50496111679,115990.14851556571,22.64355444892135,0.01952196349320358,-1.0
2024-01-17 06:00:00,116013.68666479766,116013.68666479766,0.0,0.0,-1.0
2024-01-17 07:00:00,116182.29010567983,116182.29010567983,0.0,0.0,-1.0
2024-01-17 08:00:00,116152.86420832385,116182.29010567983,29.425897355977213,0.0253273518099973,-1.0
2024-01-17 09:00:00,116105.04687166221,116182.29010567983,77.24323401761649,0.06648451665684654,-1.0
2024-01-17 10:00:00,116172.04662417126,116182.29010567983,10.243481508572586,0.008816732308560175,-1.0
2024-01-17 11:00:00,116194.57446761282,116194.57446761282,0.0,0.0,-1.0
2024-01-17 12:00:00,116140.75758636721,116194.57446761282,53.81688124561333,0.04631617396267829,-1.0
2024-01-17 13:00:00,116147.93392744288,116194.57446761282,46.64054016994487,0.04014003268538592,-1.0
2024-01-17 14:00:00,116200.80364136683,116200.80364136683,0.0,0.0,-1.0
2024-01-17 15:00:00,116200.02476901864,116200.80364136683,0.7788723481935449,0.000670281378257414,-1.0
2024-01-17 16:00:00,116206.82869897783,116206.82869897783,0.0,0.0,-1.0
2024-01-17 17:00:00,116261.24892360606,116261.24892360606,0.0,0.0,-1.0
2024-01-17 18:00:00,116345.98469006426,116345.98469006426,0.0,0.0,-1.0
2024-01-17 19:00:00,116331.30873956655,116345.98469006426,14.675950497708982,0.012614058436829135,-1.0
2024-01-17 20:00:00,116243.56216764684,116345.98469006426,102.42252241741517,0.08803270924240317,-1.0
2024-01-17 21:00:00,116157.90758883228,116345.98469006426,188.07710123197467,0.16165328071527002,-1.0
2024-01-17 22:00:00,116187.4884512915,116345.98469006426,158.49623877275735,0.13622837023123555,-1.0
2024-01-17 23:00:00,116123.89495970636,116345.98469006426,222.08973035789677,0.1908873185005265,-1.0
2024-01-18 00:00:00,116015.44682594032,116345.98469006426,330.53786412393674,0.28409907312612576,-1.0
2024-01-18 01:00:00,116118.81632612822,116345.98469006426,227.16836393604171,0.1952524313934845,-1.0
2024-01-18 02:00:00,116143.0022818648,116345.98469006426,202.98240819945931,0.1744644722722379,-1.0
2024-01-18 03:00:00,116104.0744260547,116345.98469006426,241.9102640095516,0.20792317384564651,-1.0
2024-01-18 04:00:00,116094.62341551119,116345.98469006426,251.36127455306996,0.2160463682719046,-1.0
2024-01-18 05:00:00,115979.93947026099,116345.98469006426,366.04521980327263,0.3146178364284644,-1.0
2024-01-18 06:00:00,116041.87878413551,116345.98469006426,304.1059059287509,0.26138066280401767,-1.0
2024-01-18 07:00:00,115917.40216064289,116345.98469006426,428.5825294213719,0.368368990612851,-1.0
2024-01-18 08:00:00,116091.1054944402,116345.98469006426,254.87919562406023,0.21907004036541233,-1.0
2024-01-18 09:00:00,115982.9948358704,116345.98469006426,362.9898541938601,0.3119917332435958,-1.0
2024-01-18 10:00:00,116045.81386445608,116345.98469006426,300.17082560817653,0.2579984400903958,-1.0
2024-01-18 11:00:00,116112.87519679233,116345.98469006426,233.10949327192793,0.2003588640320606,-1.0
2024-01-18 12:00:00,116007.33807129382,116345.98469006426,338.64661877043545,0.29106859138504954,-1.0
2024-01-18 13:00:00,115990.9155372807,116345.98469006426,355.0691527835588,0.3051838477532617,-1.0
2024-01-18 14:00:00,116178.74801836796,116345.98469006426,167.23667169630062,0.1437408193688891,-1.0
2024-01-18 15:00:00,116199.09818838863,116345.98469006426,146.88650167563173,0.12624973871416775,-1.0
2024-01-18 16:00:00,116195.80934837533,116345.98469006426,150.17534168892598,0.12907651440570142,-1.0
2024-01-18 17:00:00,116218.05515911563,116345.98469006426,127.92953094863333,0.10995612035037278,-1.0
2024-01-18 18:00:00,116257.25628444311,116345.98469006426,88.72840562115016,0.07626254215606584,-1.0
2024-01-18 19:00:00,116365.7240357631,116365.7240357631,0.0,0.0,-1.0
2024-01-18 20:00:00,116261.58696458959,116365.7240357631,104.13707117350714,0.08949118998434824,-1.0
2024-01-18 21:00:00,116513.53545390903,116513.53545390903,0.0,0.0,-1.0
2024-01-18 22:00:00,116517.40512611605,116517.40512611605,0.0,0.0,-1.0
2024-01-18 23:00:00,116546.93167999791,116546.93167999791,0.0,0.0,-1.0
2024-01-19 00:00:00,116587.10444105294,116587.10444105294,0.0,0.0,-1.0
2024-01-19 01:00:00,116612.94215726074,116612.94215726074,0.0,0.0,-1.0
2024-01-19 02:00:00,116556.7808516272,116612.94215726074,56.16130563353363,0.0481604396515407,-1.0
2024-01-19 03:00:00,116634.92848888854,116634.92848888854,0.0,0.0,-1.0
2024-01-19 04:00:00,116540.33310886502,116634.92848888854,94.59538002352929,0.08110381791209406,-1.0
2024-01-19 05:00:00,116617.01362174365,116634.92848888854,17.914867144892924,0.015359778907567657,-1.0
2024-01-19 06:00:00,116768.21590112067,116768.21590112067,0.0,0.0,-1.0
2024-01-19 07:00:00,116953.57129416347,116953.57129416347,0.0,0.0,-1.0
2024-01-19 08:00:00,116969.55735486312,116969.55735486312,0.0,0.0,-1.0
2024-01-19 09:00:00,116856.75197037731,116969.55735486312,112.80538448580774,0.09643995158806826,-1.0
2024-01-19 10:00:00,116815.52153443207,116969.55735486312,154.0358204310469,0.13168881195620144,-1.0
2024-01-19 11:00:00,116768.28656507003,116969.55735486312,201.2707897930959,0.1720710878493616,-1.0
2024-01-19 12:00:00,116723.56641308083,116969.55735486312,245.9909417822928,0.2103033877746529,-1.0
2024-01-19 13:00:00,116665.9104090146,116969.55735486312,303.6469458485226,0.2595948490488993,-1.0
2024-01-19 14:00:00,116778.56391065894,116969.55735486312,190.99344420418493,0.16328474564090859,-1.0
2024-01-19 15:00:00,117060.71853315235,117060.71853315235,0.0,0.0,-1.0
2024-01-19 16:00:00,116996.03467339982,117060.71853315235,64.68385975253477,0.0552566741115773,-1.0
2024-01-19 17:00:00,116973.07094119913,117060.71853315235,87.64759195322404,0.07487361520713857,-1.0
2024-01-19 18:00:00,117013.63424796177,117060.71853315235,47.08428519057634,0.04022210505844603,-1.0
2024-01-19 19:00:00,117026.38223118694,117060.71853315235,34.336301965406165,0.02933204442588647,-1.0
2024-01-19 20:00:00,117092.30470460845,117092.30470460845,0.0,0.0,-1.0
2024-01-19 21:00:00,117079.61417014706,117092.30470460845,12.690534461391508,0.010838060189699246,-1.0
2024-01-19 22:00:00,116985.36144538994,117092.30470460845,106.9432592185185,0.09133244023875592,-1.0
2024-01-19 23:00:00,116903.87647569313,117092.30470460845,188.42822891531978,0.16092281161488123,-1.0
2024-01-20 00:00:00,116907.67335901273,117092.30470460845,184.6313455957279,0.15768017041043117,-1.0
2024-01-20 01:00:00,116959.8886226933,117092.30470460845,132.41608191515843,0.1130869208264434,-1.0
2024-01-20 02:00:00,117061.33313818378,117092.30470460845,30.971566424675984,0.026450556680738924,-1.0
2024-01-20 03:00:00,116982.8890880896,117092.30470460845,109.41561651884695,0.09344390034415355,-1.0
2024-01-20 04:00:00,117112.16201384373,117112.16201384373,0.0,0.0,-1.0
2024-01-20 05:00:00,117101.0806093743,117112.16201384373,11.08140446942707,0.009462214921894403,-1.0
2024-01-20 06:00:00,117039.66300883923,117112.16201384373,72.49900500450167,0.061905615742907746,-1.0
2024-01-20 07:00:00,116973.16430490273,117112.16201384373,138.99770894099493,0.1186876807248799,-1.0
2024-01-20 08:00:00,116945.60863501627,117112.16201384373,166.55337882746244,0.1422169789742028,-1.0
2024-01-20 09:00:00,116952.23514469957,117112.16201384373,159.9268691441539,0.1365587197726305,-1.0
2024-01-20 10:00:00,117362.1966715316,117362.1966715316,0.0,0.0,-1.0
2024-01-20 11:00:00,117419.53557753732,117419.53557753732,0.0,0.0,-1.0
2024-01-20 12:00:00,117471.30226418888,117471.30226418888,0.0,0.0,-1.0
2024-01-20 13:00:00,117504.6589432327,117504.6589432327,0.0,0.0,-1.0
2024-01-20 14:00:00,117631.15337502479,117631.15337502479,0.0,0.0,-1.0
2024-01-20 15:00:00,117643.99727390992,117643.99727390992,0.0,0.0,-1.0
2024-01-20 16:00:00,117686.7131776816,117686.7131776816,0.0,0.0,-1.0
2024-01-20 17:00:00,117643.74852710524,117686.7131776816,42.96465057635214,0.03650764764879173,-1.0
2024-01-20 18:00:00,117694.83496341138,117694.83496341138,0.0,0.0,-1.0
2024-01-20 19:00:00,117847.52164650953,117847.52164650953,0.0,0.0,-1.0
2024-01-20 20:00:00,117817.28299375702,117847.52164650953,30.238652752508642,0.02565913336999248,-1.0
2024-01-20 21:00:00,117744.98950757124,117847.52164650953,102.53213893828797,0.08700406890680236,-1.0
2024-01-20 22:00:00,117828.9842862549,117847.52164650953,18.537360254631494,0.015729953414069565,-1.0
2024-01-20 23:00:00,117902.70706882021,117902.70706882021,0.0,0.0,-1.0
2024-01-21 00:00:00,118119.49046201058,118119.49046201058,0.0,0.0,-1.0
2024-01-21 01:00:00,118098.05553007472,118119.49046201058,21.434931935858913,0.018146820522183665,-1.0
2024-01-21 02:00:00,117975.26290787765,118119.49046201058,144.22755413292907,0.12210309540686287,-1.0
2024-01-21 03:00:00,118165.30451369804,118165.30451369804,0.0,0.0,-1.0
2024-01-21 04:00:00,118432.98450353064,118432.98450353064,0.0,0.0,-1.0
2024-01-21 05:00:00,118325.52045442893,118432.98450353064,107.46404910170531,0.09073827663145792,-1.0
2024-01-21 06:00:00,118426.3042912327,118432.98450353064,6.680212297942489,0.005640499837056241,-1.0
2024-01-21 07:00:00,118706.4025076111,118706.4025076111,0.0,0.0,-1.0
2024-01-21 08:00:00,118661.04966770312,118706.4025076111,45.352839907980524,0.038205891973748116,-1.0
2024-01-21 09:00:00,118586.52009129406,118706.4025076111,119.88241631703568,0.10099069113761507,-1.0
2024-01-21 10:00:00,118642.19873870957,118706.4025076111,64.20376890152693,0.054086188735616325,-1.0
2024-01-21 11:00:00,118552.51978793729,118706.4025076111,153.88271967381297,0.12963304120344013,-1.0
2024-01-21 12:00:00,118504.91935324424,118706.4025076111,201.48315436685516,0.16973233971431043,-1.0
2024-01-21 13:00:00,118418.51156875386,118706.4025076111,287.8909388572356,0.2425235141287151,-1.0
2024-01-21 14:00:00,118411.36603732272,118706.4025076111,295.0364702883817,0.2485430137346339,-1.0
2024-01-21 15:00:00,118699.68825452737,118706.4025076111,6.71425308373,0.005656184453319189,-1.0
2024-01-21 16:00:00,118857.17827464953,118857.17827464953,0.0,0.0,-1.0
2024-01-21 17:00:00,118910.7627445729,118910.7627445729,0.0,0.0,-1.0
2024-01-21 18:00:00,118882.15459604083,118910.7627445729,28.608148532075575,0.02405850225141311,-1.0
2024-01-21 19:00:00,118880.49276580254,118910.7627445729,30.269978770360467,0.02545604625830389,-1.0
2024-01-01 01:00:00,118845.8202340446,118910.7627445729,64.94251052830077,0.05461449327997415,-1.0
2024-01-01 02:00:00,118832.5070783323,118910.7627445729,78.25566624059866,0.06581041483073849,-1.0
2024-01-01 03:00:00,118780.2488717529,118910.7627445729,130.51387281999632,0.10975782999588317,-1.0
2024-01-01 04:00:00,118873.51643594775,118910.7627445729,37.24630862515187,0.03132290783901459,-1.0
2024-01-01 05:00:00,118852.27571159067,118910.7627445729,58.48703298222972,0.04918565118269672,-1.0
2024-01-01 06:00:00,118825.90931890983,118910.7627445729,84.85342566306645,0.07135891125796279,-1.0
2024-01-01 07:00:00,118944.86273890565,118944.86273890565,0.0,0.0,-1.0
2024-01-01 08:00:00,119269.46809723107,119269.46809723107,0.0,0.0,-1.0
2024-01-01 09:00:00,119551.90518301609,119551.90518301609,0.0,0.0,-1.0
2024-01-01 10:00:00,119879.81225911576,119879.81225911576,0.0,0.0,-1.0
2024-01-01 11:00:00,120162.6285770291,120162.6285770291,0.0,0.0,-1.0
2024-01-01 12:00:00,120272.44329693587,120272.44329693587,0.0,0.0,-1.0
2024-01-01 13:00:00,120257.44872063352,120272.44329693587,14.994576302357018,0.01246717526585662,-1.0
2024-01-01 14:00:00,120398.19675069599,120398.19675069599,0.0,0.0,-1.0
2024-01-01 15:00:00,120378.05565557307,120398.19675069599,20.14109512291907,0.016728734870194505,-1.0
2024-01-01 16:00:00,120308.15293268712,120398.19675069599,90.04381800886767,0.07478834437638465,-1.0
2024-01-01 17:00:00,120318.44924801994,120398.19675069599,79.74750267605123,0.06623645937254473,-1.0
2024-01-01 18:00:00,120216.98198300674,120398.19675069599,181.21476768924913,0.15051285864728,-1.0
2024-01-01 19:00:00,120345.9989798615,120398.19675069599,52.197770834492985,0.04335427958491517,-1.0
2024-01-01 20:00:00,120278.81260675692,120398.19675069599,119.38414393906714,0.09915775083099575,-1.0
2024-01-01 21:00:00,120266.45027453468,120398.19675069599,131.74647616130824,0.10942562240704543,-1.0
2024-01-01 22:00:00,120270.42248108704,120398.19675069599,127.77426960895536,0.1061263981166867,-1.0
2024-01-01 23:00:00,120241.75127280287,120398.19675069599,156.44547789312492,0.12994005069450557,-1.0
2024-01-02 00:00:00,120135.82062103062,120398.19675069599,262.37612966536835,0.21792363735202838,-1.0
2024-01-02 01:00:00,120105.75836101668,120398.19675069599,292.43838967931515,0.2428926658136386,-1.0
2024-01-02 02:00:00,120125.75297831748,120398.19675069599,272.4437723785086,0.22628559208627322,-1.0
2024-01-02 03:00:00,120171.35991505586,120398.19675069599,226.83683564013336,0.18840550918701535,-1.0
2024-01-02 04:00:00,120197.51090022293,120398.19675069599,200.6858504730626,0.1666850965289914,-1.0
2024-01-02 05:00:00,120190.59297772082,120398.19675069599,207.6037729751697,0.17243096539481154,-1.0
2024-01-02 06:00:00,120171.2230642542,120398.19675069599,226.9736864417937,0.18851917434592444,-1.0
2024-01-02 07:00:00,120325.44029482878,120398.19675069599,72.75645586721657,0.06042985512305523,-1.0
2024-01-02 08:00:00,120356.9526462014,120398.19675069599,41.2441044945881,0.03425641380658775,-1.0
2024-01-02 09:00:00,120373.47634128579,120398.19675069599,24.72040941020532,0.020532209017542796,-1.0
2024-01-02 10:00:00,120435.63549138814,120435.63549138814,0.0,0.0,-1.0
2024-01-02 11:00:00,120580.3126249305,120580.3126249305,0.0,0.0,-1.0
2024-01-02 12:00:00,120556.74035087417,120580.3126249305,23.572274056336028,0.019549023835805146,-1.0
2024-01-02 13:00:00,120626.37051526649,120626.37051526649,0.0,0.0,-1.0
2024-01-02 14:00:00,120599.85609544934,120626.37051526649,26.514419817147427,0.0219806164306268,-1.0
2024-01-02 15:00:00,120511.2441617857,120626.37051526649,115.12635348079493,0.09544045219053036,-1.0
2024-01-02 16:00:00,120547.2929171316,120626.37051526649,79.07759813488519,0.0655558132082546,-1.0
2024-01-02 17:00:00,120514.06947226677,120626.37051526649,112.301042999723,0.09309825249654691,-1.0
2024-01-02 18:00:00,120363.78277896626,120626.37051526649,262.58773630023643,0.21768684175654882,-1.0
2024-01-02 19:00:00,120397.99049325897,120626.37051526649,228.3800220075209,0.189328437083844,-1.0
2024-01-02 20:00:00,120434.15023949662,120626.37051526649,192.22027576986875,0.15935178597248878,-1.0
2024-01-02 21:00:00,120420.35615412144,120626.37051526649,206.0143611450476,0.1707871672380082,-1.0
2024-01-02 22:00:00,120614.07486370415,120626.37051526649,12.295651562337298,0.010193170456688123,-1.0
2024-01-02 23:00:00,120584.69246860282,120626.37051526649,41.6780466636701,0.03455135596440359,-1.0
2024-01-03 00:00:00,120652.44487187403,120652.44487187403,0.0,0.0,-1.0
2024-01-03 01:00:00,121060.70910999269,121060.70910999269,0.0,0.0,-1.0
2024-01-03 02:00:00,120923.9843651046,121060.70910999269,136.7247448880953,0.11293899225707547,-1.0
2024-01-03 03:00:00,120839.32643590683,121060.70910999269,221.38267408586398,0.18286913707462368,-1.0
2024-01-03 04:00:00,120766.3027798113,121060.70910999269,294.4063301813876,0.2431890019030844,-1.0
2024-01-03 05:00:00,120866.14414426584,121060.70910999269,194.56496572685137,0.16071685616022172,-1.0
2024-01-03 06:00:00,120819.96734590332,121060.70910999269,240.7417640893691,0.19886036176331762,-1.0
2024-01-03 07:00:00,120826.87987839406,121060.70910999269,233.82923159863276,0.19315038984794106,-1.0
2024-01-03 08:00:00,120882.49049404338,121060.70910999269,178.21861594931397,0.14721425081641398,-1.0
2024-01-03 09:00:00,121067.37453512309,121067.37453512309,0.0,0.0,-1.0
2024-01-03 10:00:00,121059.1117222604,121067.37453512309,8.262812862696592,0.006824970719340619,-1.0
2024-01-03 11:00:00,121066.79767403236,121067.37453512309,0.5768610907252878,0.00047647939252034704,-1.0
2024-01-03 12:00:00,121136.53245631055,121136.53245631055,0.0,0.0,-1.0
2024-01-03 13:00:00,121155.44863512149,121155.44863512149,0.0,0.0,-1.0
2024-01-03 14:00:00,121179.74054982673,121179.74054982673,0.0,0.0,-1.0
2024-01-03 15:00:00,121329.68859571737,121329.68859571737,0.0,0.0,-1.0
2024-01-03 16:00:00,121467.30776061823,121467.30776061823,0.0,0.0,-1.0
2024-01-03 17:00:00,121493.70598875846,121493.70598875846,0.0,0.0,-1.0
2024-01-03 18:00:00,121495.3205680572,121495.3205680572,0.0,0.0,-1.0
2024-01-03 19:00:00,121443.35421372592,121495.3205680572,51.966354331278126,0.04277230932706457,-1.0
2024-01-03 20:00:00,121642.78443740572,121642.78443740572,0.0,0.0,-1.0
2024-01-03 21:00:00,121859.95166302752,121859.95166302752,0.0,0.0,-1.0
2024-01-03 22:00:00,121871.21505183476,121871.21505183476,0.0,0.0,-1.0
2024-01-03 23:00:00,121870.5606989804,121871.21505183476,0.6543528543697903,0.0005369215807781012,-1.0
2024-01-04 00:00:00,122033.01307985083,122033.01307985083,0.0,0.0,-1.0
2024-01-04 01:00:00,122248.16440974576,122248.16440974576,0.0,0.0,-1.0
2024-01-04 02:00:00,122315.06610545634,122315.06610545634,0.0,0.0,-1.0
2024-01-04 03:00:00,122311.57903472165,122315.06610545634,3.4870707346854033,0.0028508922455055185,-1.0
2024-01-04 04:00:00,122408.2877045571,122408.2877045571,0.0,0.0,-1.0
2024-01-04 05:00:00,122438.71364921922,122438.71364921922,0.0,0.0,-1.0
2024-01-04 06:00:00,122423.26107748704,122438.71364921922,15.45257173218124,0.012620658345408696,-1.0
2024-01-04 07:00:00,122412.73503840636,122438.71364921922,25.978610812861007,0.02121764435331167,-1.0
2024-01-04 08:00:00,122580.81972023129,122580.81972023129,0.0,0.0,-1.0
2024-01-04 09:00:00,122542.55112949424,122580.81972023129,38.26859073704691,0.03121906903901287,-1.0
2024-01-04 10:00:00,122548.27568239781,122580.81972023129,32.54403783347516,0.02654904568900019,-1.0
2024-01-04 11:00:00,122670.38577998093,122670.38577998093,0.0,0.0,-1.0
2024-01-04 12:00:00,122720.90731822817,122720.90731822817,0.0,0.0,-1.0
2024-01-04 13:00:00,122676.72845793905,122720.90731822817,44.17886028911744,0.0359994570236977,-1.0
2024-01-04 14:00:00,122549.23662930576,122720.90731822817,171.67068892241514,0.13988707602792982,-1.0
2024-01-04 15:00:00,122523.0985340972,122720.90731822817,197.80878413097525,0.16118588792538532,-1.0
2024-01-04 16:00:00,122539.43569546068,122720.90731822817,181.4716227674944,0.14787343634684794,-1.0
2024-01-04 17:00:00,122589.7821428903,122720.90731822817,131.12517533787468,0.10684827728485852,-1.0
2024-01-04 18:00:00,122619.14098255768,122720.90731822817,101.76633567048702,0.08292501896730298,-1.0
2024-01-04 19:00:00,122796.69296571483,122796.69296571483,0.0,0.0,-1.0
2024-01-04 20:00:00,122857.3022276519,122857.3022276519,0.0,0.0,-1.0
2024-01-04 21:00:00,122894.87726743823,122894.87726743823,0.0,0.0,-1.0
2024-01-04 22:00:00,122839.9391612315,122894.87726743823,54.938106206740486,0.04470333298530148,-1.0
2024-01-04 23:00:00,122791.44557874126,122894.87726743823,103.43168869697547,0.08416273403478987,-1.0
2024-01-05 00:00:00,122810.04578572174,122894.87726743823,84.83148171649373,0.06902767926761286,-1.0
2024-01-05 01:00:00,122900.06620444925,122900.06620444925,0.0,0.0,-1.0
2024-01-05 02:00:00,123014.26602357514,123014.26602357514,0.0,0.0,-1.0
2024-01-05 03:00:00,123106.92669725559,123106.92669725559,0.0,0.0,-1.0
2024-01-05 04:00:00,123017.24964934881,123106.92669725559,89.67704790677817,0.07284484335094471,-1.0
2024-01-05 05:00:00,122987.89243655936,123106.92669725559,119.03426069623674,0.09669176535367961,-1.0
2024-01-05 06:00:00,122937.47814732429,123106.92669725559,169.4485499313014,0.13764339219352706,-1.0
2024-01-05 07:00:00,123053.24207222625,123106.92669725559,53.684625029345625,0.04360812707262752,-1.0
2024-01-05 08:00:00,122954.97263265014,123106.92669725559,151.954064605452,0.1234325871680131,-1.0
2024-01-05 09:00:00,122927.75720538652,123106.92669725559,179.16949186907732,0.145539732552735,-1.0
2024-01-05 10:00:00,122919.18508389518,123106.92669725559,187.74161336041288,0.1525028837915082,-1.0
2024-01-05 11:00:00,122968.09884224551,123106.92669725559,138.82785501008038,0.11277014115662694,-1.0
2024-01-05 12:00:00,122909.04850077293,123106.92669725559,197.87819648266304,0.16073685030679458,-1.0
2024-01-05 13:00:00,122867.20754651395,123106.92669725559,239.7191507416428,0.1947243401918073,-1.0
2024-01-05 14:00:00,123013.56272962851,123106.92669725559,93.36396762708318,0.07583973553062838,-1.0
2024-01-05 15:00:00,123071.61686032804,123106.92669725559,35.30983692755399,0.02868225036141784,-1.0
2024-01-05 16:00:00,123205.68401767722,123205.68401767722,0.0,0.0,-1.0
2024-01-05 17:00:00,123254.014927114,123254.014927114,0.0,0.0,-1.0
2024-01-05 18:00:00,123247.54732181285,123254.014927114,6.467605301149888,0.005247379004225131,-1.0
2024-01-05 19:00:00,123262.13340493967,123262.13340493967,0.0,0.0,-1.0
2024-01-05 20:00:00,123113.30801368153,123262.13340493967,148.8253912581422,0.12073893834793718,-1.0
2024-01-05 21:00:00,123179.71152410416,123262.13340493967,82.42188083550718,0.06686715421737473,-1.0
2024-01-05 22:00:00,123202.92532429019,123262.13340493967,59.20808064947778,0.048034281911191586,-1.0
2024-01-05 23:00:00,123191.03585491455,123262.13340493967,71.09755002512247,0.05767996063442568,-1.0
2024-01-06 00:00:00,123217.48683587981,123262.13340493967,44.64656905985612,0.03622083102617055,-1.0
2024-01-06 01:00:00,123251.25779051038,123262.13340493967,10.875614429285633,0.00882315933438955,-1.0
2024-01-06 02:00:00,123218.7754394702,123262.13340493967,43.357965469462215,0.03517541378829053,-1.0
2024-01-06 03:00:00,123376.89488440962,123376.89488440962,0.0,0.0,-1.0
2024-01-06 04:00:00,123432.31835689882,123432.31835689882,0.0,0.0,-1.0
2024-01-06 05:00:00,123452.11222149096,123452.11222149096,0.0,0.0,-1.0
2024-01-06 06:00:00,123534.29950302247,123534.29950302247,0.0,0.0,-1.0
2024-01-06 07:00:00,123544.59854872194,123544.59854872194,0.0,0.0,-1.0
2024-01-06 08:00:00,123620.0328925393,123620.0328925393,0.0,0.0,-1.0
2024-01-06 09:00:00,123659.57144900023,123659.57144900023,0.0,0.0,-1.0
2024-01-06 10:00:00,123632.50339048759,123659.57144900023,27.068058512639254,0.021889173798247136,-1.0
2024-01-06 11:00:00,123815.40544819308,123815.40544819308,0.0,0.0,-1.0
2024-01-06 12:00:00,123835.15492250459,123835.15492250459,0.0,0.0,-1.0
2024-01-06 13:00:00,123897.50173392729,123897.50173392729,0.0,0.0,-1.0
2024-01-06 14:00:00,123891.97090470308,123897.50173392729,5.5308292242116295,0.004464036115989822,-1.0
2024-01-06 15:00:00,123960.15006973523,123960.15006973523,0.0,0.0,-1.0
2024-01-06 16:00:00,123908.47029200039,123960.15006973523,51.67977773484017,0.04169063824605497,-1.0
2024-01-06 17:00:00,123859.29462758091,123960.15006973523,100.8554421543231,0.08136118107116334,-1.0
2024-01-06 18:00:00,123924.27136176605,123960.15006973523,35.87870796918287,0.02894374357323614,-1.0
2024-01-06 19:00:00,123928.648750968,123960.15006973523,31.50131876723026,0.02541245613974235,-1.0
2024-01-06 20:00:00,123915.16148216238,123960.15006973523,44.98858757285052,0.03629278243656664,-1.0
2024-01-06 21:00:00,123985.39890911794,123985.39890911794,0.0,0.0,-1.0
2024-01-06 22:00:00,124228.65120519945,124228.65120519945,0.0,0.0,-1.0
2024-01-06 23:00:00,124252.86173876408,124252.86173876408,0.0,0.0,-1.0
2024-01-07 00:00:00,124317.42151878166,124317.42151878166,0.0,0.0,-1.0
2024-01-07 01:00:00,124230.89179510016,124317.42151878166,86.52972368149494,0.06960385972003302,-1.0
2024-01-07 02:00:00,124250.96449161418,124317.42151878166,66.45702716747473,0.053457533429805346,-1.0
2024-01-07 03:00:00,124263.94299545782,124317.42151878166,53.47852332383627,0.04301772243221504,-1.0
2024-01-07 04:00:00,124325.42991021613,124325.42991021613,0.0,0.0,-1.0
2024-01-07 05:00:00,124483.6513113656,124483.6513113656,0.0,0.0,-1.0
2024-01-07 06:00:00,124461.47769943741,124483.6513113656,22.173611928184982,0.01781246910304959,-1.0
2024-01-07 07:00:00,124554.1101705114,124554.1101705114,0.0,0.0,-1.0
2024-01-07 08:00:00,124708.205109716,124708.205109716,0.0,0.0,-1.0
2024-01-07 09:00:00,124830.6219634738,124830.6219634738,0.0,0.0,-1.0
2024-01-07 10:00:00,124858.94650499064,124858.94650499064,0.0,0.0,-1.0
2024-01-07 11:00:00,124728.90709379478,124858.94650499064,130.03941119585943,0.1041490536608538,-1.0
2024-01-07 12:00:00,124671.7656799055,124858.94650499064,187.18082508514635,0.14991382702213069,-1.0
2024-01-07 13:00:00,124846.51784526123,124858.94650499064,12.428659729412175,0.009954160336372371,-1.0
2024-01-07 14:00:00,124742.14649384994,124858.94650499064,116.80001114070183,0.09354556834742579,-1.0
2024-01-07 15:00:00,124767.61042386998,124858.94650499064,91.33608112066577,0.07315141099401719,-1.0
2024-01-07 16:00:00,124793.09538133985,124858.94650499064,65.85112365079112,0.05274041267692343,-1.0
2024-01-07 17:00:00,124781.5332241452,124858.94650499064,77.41328084544512,0.062000587873253354,-1.0
2024-01-07 18:00:00,124730.30304892751,124858.94650499064,128.64345606313145,0.10303102794319151,-1.0
2024-01-07 19:00:00,124814.45538041617,124858.94650499064,44.49112457447336,0.03563310905614204,-1.0
2024-01-07 20:00:00,124966.965530995,124966.965530995,0.0,0.0,-1.0
2024-01-07 21:00:00,124970.21316566489,124970.21316566489,0.0,0.0,-1.0
2024-01-07 22:00:00,125175.75394794186,125175.75394794186,0.0,0.0,-1.0
2024-01-07 23:00:00,125387.8225492329,125387.8225492329,0.0,0.0,-1.0
2024-01-08 00:00:00,125357.44406318474,125387.8225492329,30.378486048153718,0.02422762069755678,-1.0
2024-01-08 01:00:00,125585.04489819618,125585.04489819618,0.0,0.0,-1.0
2024-01-08 02:00:00,125637.94987633207,125637.94987633207,0.0,0.0,-1.0
2024-01-08 03:00:00,125681.52979437288,125681.52979437288,0.0,0.0,-1.0
2024-01-08 04:00:00,125713.1795503842,125713.1795503842,0.0,0.0,-1.0
2024-01-08 05:00:00,125684.19332325111,125713.1795503842,28.986227133093053,0.0230574290116302,-1.0
2024-01-08 06:00:00,125593.54924434698,125713.1795503842,119.63030603721563,0.09516130803872427,-1.0
2024-01-08 07:00:00,125546.71836599814,125713.1795503842,166.4611843860621,0.1324134708718799,-1.0
2024-01-08 08:00:00,125517.14970849596,125713.1795503842,196.02984188824485,0.15593420084461285,-1.0
2024-01-08 09:00:00,125595.27737816183,125713.1795503842,117.9021722223697,0.09378664404484022,-1.0
2024-01-08 10:00:00,125584.94516691673,125713.1795503842,128.23438346746843,0.1020055207625019,-1.0
2024-01-08 11:00:00,125681.42447986934,125713.1795503842,31.755070514860563,0.025259937445248962,-1.0
2024-01-08 12:00:00,125753.17521908155,125753.17521908155,0.0,0.0,-1.0
2024-01-08 13:00:00,125859.82232509079,125859.82232509079,0.0,0.0,-1.0
2024-01-08 14:00:00,125743.26681475382,125859.82232509079,116.55551033696975,0.09260740098290589,-1.0
2024-01-08 15:00:00,125869.44510262611,125869.44510262611,0.0,0.0,-1.0
2024-01-08 16:00:00,125824.03621454269,125869.44510262611,45.40888808341697,0.03607618039977326,-1.0
2024-01-08 17:00:00,125851.71365000396,125869.44510262611,17.731452622145298,0.014087177875208853,-1.0
2024-01-08 18:00:00,126047.70029562838,126047.70029562838,0.0,0.0,-1.0
2024-01-08 19:00:00,126189.74338821457,126189.74338821457,0.0,0.0,-1.0
2024-01-08 20:00:00,126499.42574065046,126499.42574065046,0.0,0.0,-1.0
2024-01-08 21:00:00,126535.12655999411,126535.12655999411,0.0,0.0,-1.0
2024-01-08 22:00:00,126637.87247384556,126637.87247384556,0.0,0.0,-1.0
2024-01-08 23:00:00,126875.66253810689,126875.66253810689,0.0,0.0,-1.0
2024-01-09 00:00:00,127127.51949161109,127127.51949161109,0.0,0.0,-1.0
2024-01-09 01:00:00,127160.80044024524,127160.80044024524,0.0,0.0,-1.0
2024-01-09 02:00:00,127388.86396658495,127388.86396658495,0.0,0.0,-1.0
2024-01-09 03:00:00,127474.69262706114,127474.69262706114,0.0,0.0,-1.0
2024-01-09 04:00:00,127460.98395260601,127474.69262706114,13.708674455134314,0.010754036093454482,-1.0
2024-01-09 05:00:00,127462.05994958774,127474.69262706114,12.632677473404328,0.009909949349995596,-1.0
2024-01-09 06:00:00,127528.86624490685,127528.86624490685,0.0,0.0,-1.0
2024-01-09 07:00:00,127589.21530716773,127589.21530716773,0.0,0.0,-1.0
2024-01-09 08:00:00,127819.88180895758,127819.88180895758,0.0,0.0,-1.0
2024-01-09 09:00:00,127748.90914031558,127819.88180895758,70.97266864200355,0.05552553142560472,-1.0
2024-01-09 10:00:00,127734.01390686048,127819.88180895758,85.86790209710307,0.06717883077488926,-1.0
2024-01-09 11:00:00,127927.48198483374,127927.48198483374,0.0,0.0,-1.0
2024-01-09 12:00:00,128031.23404973463,128031.23404973463,0.0,0.0,-1.0
2024-01-09 13:00:00,128083.224808856,128083.224808856,0.0,0.0,-1.0
2024-01-09 14:00:00,128238.67668223081,128238.67668223081,0.0,0.0,-1.0
2024-01-09 15:00:00,128151.15440268819,128238.67668223081,87.52227954262344,0.06824951863742276,-1.0
2024-01-09 16:00:00,128147.42446784484,128238.67668223081,91.25221438596782,0.07115810670137088,-1.0
2024-01-09 17:00:00,128324.07020397556,128324.07020397556,0.0,0.0,-1.0
2024-01-09 18:00:00,128330.61258348756,128330.61258348756,0.0,0.0,-1.0
2024-01-09 19:00:00,128386.91968265227,128386.91968265227,0.0,0.0,-1.0
2024-01-09 20:00:00,128362.98326344506,128386.91968265227,23.936419207209838,0.018643970325307326,-1.0
2024-01-09 21:00:00,128408.27304475376,128408.27304475376,0.0,0.0,-1.0
2024-01-09 22:00:00,128361.74939496162,128408.27304475376,46.52364979214326,0.03623103768082646,-1.0
2024-01-09 23:00:00,128298.72064717989,128408.27304475376,109.55239757387608,0.08531568486688867,-1.0
2024-01-10 00:00:00,128314.62190454555,128408.27304475376,93.65114020821056,0.07293232592231079,-1.0
2024-01-10 01:00:00,128322.54690068208,128408.27304475376,85.72614407168294,0.06676060820614343,-1.0
2024-01-10 02:00:00,128504.11871197632,128504.11871197632,0.0,0.0,-1.0
2024-01-10 03:00:00,128545.21061348214,128545.21061348214,0.0,0.0,-1.0
2024-01-10 04:00:00,128458.92169827924,128545.21061348214,86.28891520289471,0.06712728913903582,-1.0
2024-01-10 05:00:00,128522.46846205229,128545.21061348214,22.74215142984758,0.017691947697864932,-1.0
2024-01-10 06:00:00,128886.29345874245,128886.29345874245,0.0,0.0,-1.0
2024-01-10 07:00:00,128987.3201652405,128987.3201652405,0.0,0.0,-1.0
2024-01-10 08:00:00,129177.32416544037,129177.32416544037,0.0,0.0,-1.0
2024-01-10 09:00:00,129310.08062263126,129310.08062263126,0.0,0.0,-1.0
2024-01-10 10:00:00,129218.26874046127,129310.08062263126,91.81188216998999,0.07100133394698502,-1.0
2024-01-10 11:00:00,129504.64432998405,129504.64432998405,0.0,0.0,-1.0
2024-01-10 12:00:00,129587.40571280518,129587.40571280518,0.0,0.0,-1.0
2024-01-10 13:00:00,129542.64420503893,129587.40571280518,44.76150776624854,0.03454155712126077,-1.0
2024-01-10 14:00:00,129593.67618402572,129593.67618402572,0.0,0.0,-1.0
2024-01-10 15:00:00,129681.42689262882,129681.42689262882,0.0,0.0,-1.0
2024-01-10 16:00:00,129718.8956640389,129718.8956640389,0.0,0.0,-1.0
2024-01-10 17:00:00,129670.54987320228,129718.8956640389,48.34579083661083,0.03726965958901037,-1.0
2024-01-10 18:00:00,130097.49134520035,130097.49134520035,0.0,0.0,-1.0
2024-01-10 19:00:00,130097.53106729932,130097.53106729932,0.0,0.0,-1.0
2024-01-10 20:00:00,130283.47046276704,130283.47046276704,0.0,0.0,-1.0
2024-01-10 21:00:00,130159.09373379765,130283.47046276704,124.3767289693933,0.09546623875431551,-1.0
2024-01-10 22:00:00,130144.17181382209,130283.47046276704,139.29864894495404,0.10691966406034861,-1.0
2024-01-10 23:00:00,130158.70587058141,130283.47046276704,124.76459218563105,0.09576394591153203,-1.0
2024-01-11 00:00:00,130084.03087535205,130283.47046276704,199.43958741499227,0.15308126710670403,-1.0
2024-01-11 01:00:00,130166.47360421455,130283.47046276704,116.99685855249118,0.08980176697544069,-1.0
2024-01-11 02:00:00,130331.11080235665,130331.11080235665,0.0,0.0,-1.0
2024-01-11 03:00:00,130405.49394657508,130405.49394657508,0.0,0.0,-1.0
2024-01-11 04:00:00,130423.41459667275,130423.41459667275,0.0,0.0,-1.0
2024-01-11 05:00:00,130464.71689724035,130464.71689724035,0.0,0.0,-1.0
2024-01-11 06:00:00,130532.2996913848,130532.2996913848,0.0,0.0,-1.0
2024-01-11 07:00:00,130766.63552360346,130766.63552360346,0.0,0.0,-1.0
2024-01-11 08:00:00,130781.53892762991,130781.53892762991,0.0,0.0,-1.0
2024-01-11 09:00:00,130810.74045047979,130810.74045047979,0.0,0.0,-1.0
2024-01-11 10:00:00,130714.60867787372,130810.74045047979,96.13177260606608,0.07348920453703729,-1.0
2024-01-11 11:00:00,130795.12538427839,130810.74045047979,15.615066201396985,0.011937143806099226,-1.0
2024-01-11 12:00:00,130781.66391500247,130810.74045047979,29.07653547731752,0.022227941969585323,-1.0
2024-01-11 13:00:00,130835.66665396803,130835.66665396803,0.0,0.0,-1.0
2024-01-11 14:00:00,130873.15718737952,130873.15718737952,0.0,0.0,-1.0
2024-01-11 15:00:00,130926.24007343216,130926.24007343216,0.0,0.0,-1.0
2024-01-11 16:00:00,130855.87429641662,130926.24007343216,70.36577701554052,0.05374459464815816,-1.0
2024-01-11 17:00:00,130793.14433587766,130926.24007343216,133.09573755449674,0.10165703794735707,-1.0
2024-01-11 18:00:00,131175.43730813614,131175.43730813614,0.0,0.0,-1.0
2024-01-11 19:00:00,131105.61625931706,131175.43730813614,69.82104881908162,0.05322722778889564,-1.0
2024-01-11 20:00:00,131086.40301689602,131175.43730813614,89.03429124012473,0.06787420958313999,-1.0
2024-01-11 21:00:00,131204.0922964878,131204.0922964878,0.0,0.0,-1.0
2024-01-11 22:00:00,131199.29108012753,131204.0922964878,4.8012163602688815,0.0036593495494175263,-1.0
2024-01-11 23:00:00,131246.98891087165,131246.98891087165,0.0,0.0,-1.0
2024-01-12 00:00:00,131276.4536431868,131276.4536431868,0.0,0.0,-1.0
2024-01-12 01:00:00,131497.20365569886,131497.20365569886,0.0,0.0,-1.0
2024-01-12 02:00:00,131488.61359772432,131497.20365569886,8.590057974535739,0.006532502392238864,-1.0
2024-01-12 03:00:00,131465.00420614303,131497.20365569886,32.19944955583196,0.024486794137569854,-1.0
2024-01-12 04:00:00,131574.8327433892,131574.8327433892,0.0,0.0,-1.0
2024-01-12 05:00:00,131627.64944835228,131627.64944835228,0.0,0.0,-1.0
2024-01-12 06:00:00,131536.3610152896,131627.64944835228,91.28843306266936,0.06935353889950673,-1.0
2024-01-12 07:00:00,131546.91648151007,131627.64944835228,80.73296684221714,0.06133435275990014,-1.0
2024-01-12 08:00:00,131751.31676715982,131751.31676715982,0.0,0.0,-1.0
2024-01-12 09:00:00,131845.34549376095,131845.34549376095,0.0,0.0,-1.0
2024-01-12 10:00:00,131701.94080284663,131845.34549376095,143.4046909143217,0.10876735191316081,-1.0
2024-01-12 11:00:00,131745.834997408,131845.34549376095,99.51049635294476,0.0754751682589005,-1.0
2024-01-12 12:00:00,131792.67832172007,131845.34549376095,52.66717204087763,0.03994617469705815,-1.0
2024-01-12 13:00:00,131698.88341096786,131845.34549376095,146.46208279309212,0.11108627479005154,-1.0
2024-01-12 14:00:00,131733.13645229407,131845.34549376095,112.20904146687826,0.08510656257652123,-1.0
2024-01-12 15:00:00,131698.9114845919,131845.34549376095,146.43400916905375,0.11106498194582315,-1.0
2024-01-12 16:00:00,131690.2849755514,131845.34549376095,155.06051820956054,0.11760788189287892,-1.0
2024-01-12 17:00:00,131720.47703425732,131845.34549376095,124.86845950363204,0.0947082803992811,-1.0
2024-01-12 18:00:00,131644.84208368024,131845.34549376095,200.50341008070973,0.1520746973128435,-1.0
2024-01-12 19:00:00,131723.39687177647,131845.34549376095,121.9486219844839,0.0924936876063286,-1.0
2024-01-12 20:00:00,131764.84721373077,131845.34549376095,80.49828003018047,0.0610550791373896,-1.0
2024-01-12 21:00:00,131954.71373727103,131954.71373727103,0.0,0.0,-1.0
2024-01-12 22:00:00,132001.72706620314,132001.72706620314,0.0,0.0,-1.0
2024-01-12 23:00:00,132174.55285087944,132174.55285087944,0.0,0.0,-1.0
2024-01-13 00:00:00,132223.70072622626,132223.70072622626,0.0,0.0,-1.0
2024-01-13 01:00:00,132176.36668146745,132223.70072622626,47.334044758812524,0.03579845708358995,-1.0
2024-01-13 02:00:00,132251.5278947042,132251.5278947042,0.0,0.0,-1.0
2024-01-13 03:00:00,132321.33375827642,132321.33375827642,0.0,0.0,-1.0
2024-01-13 04:00:00,132336.66267632748,132336.66267632748,0.0,0.0,-1.0
2024-01-13 05:00:00,132311.8830034544,132336.66267632748,24.77967287309002,0.018724722516009644,-1.0
2024-01-13 06:00:00,132277.55949721643,132336.66267632748,59.103179111058125,0.04466122835182435,-1.0
2024-01-13 07:00:00,132283.77896366868,132336.66267632748,52.88371265880414,0.03996149788675609,-1.0
2024-01-13 08:00:00,132377.37387444876,132377.37387444876,0.0,0.0,-1.0
2024-01-13 09:00:00,132300.2236440477,132377.37387444876,77.15023040105007,0.05828052645478675,-1.0
2024-01-13 10:00:00,132534.89266187078,132534.89266187078,0.0,0.0,-1.0
2024-01-13 11:00:00,132499.10632943638,132534.89266187078,35.786332434392534,0.02700144219808764,-1.0
2024-01-13 12:00:00,132468.44046234747,132534.89266187078,66.45219952330808,0.05013939966197735,-1.0
2024-01-13 13:00:00,132439.88538339591,132534.89266187078,95.00727847486269,0.07168472887909579,-1.0
2024-01-13 14:00:00,132387.2358078019,132534.89266187078,147.65685406888952,0.11140979639648452,-1.0
2024-01-13 15:00:00,132418.54273293554,132534.89266187078,116.34992893523304,0.08778814891567492,-1.0
2024-01-13 16:00:00,132623.57804118635,132623.57804118635,0.0,0.0,-1.0
2024-01-13 17:00:00,132630.22952605094,132630.22952605094,0.0,0.0,-1.0
2024-01-13 18:00:00,132592.68075416534,132630.22952605094,37.54877188560204,0.02831087001792965,-1.0
2024-01-13 19:00:00,132518.9673220314,132630.22952605094,111.26220401952742,0.08388902320166274,-1.0
2024-01-13 20:00:00,132515.17283004,132630.22952605094,115.05669601092814,0.0867499788110741,-1.0
2024-01-13 21:00:00,132583.87831353402,132630.22952605094,46.351212516921805,0.0349476983358591,-1.0
2024-01-13 22:00:00,132589.04919888027,132630.22952605094,41.18032717067399,0.03104897527345788,-1.0
2024-01-13 23:00:00,132663.00067490182,132663.00067490182,0.0,0.0,-1.0
2024-01-14 00:00:00,132637.76078770068,132663.00067490182,25.239887201139936,0.01902556633932298,-1.0
2024-01-14 01:00:00,132769.3360700342,132769.3360700342,0.0,0.0,-1.0
2024-01-14 02:00:00,132782.9676179128,132782.9676179128,0.0,0.0,-1.0
2024-01-14 03:00:00,132848.90289531866,132848.90289531866,0.0,0.0,-1.0
2024-01-14 04:00:00,132821.1835952742,132848.90289531866,27.719300044467673,0.020865283371071366,-1.0
2024-01-14 05:00:00,132846.41326629734,132848.90289531866,2.489629021321889,0.0018740305467811423,-1.0
2024-01-14 06:00:00,133175.34791338118,133175.34791338118,0.0,0.0,-1.0
2024-01-14 07:00:00,133356.49707228848,133356.49707228848,0.0,0.0,-1.0
2024-01-14 08:00:00,133418.8521319024,133418.8521319024,0.0,0.0,-1.0
2024-01-14 09:00:00,133456.87685119014,133456.87685119014,0.0,0.0,-1.0
2024-01-14 10:00:00,133406.15551276924,133456.87685119014,50.72133842090261,0.038005788549554456,-1.0
2024-01-14 11:00:00,133499.53061736305,133499.53061736305,0.0,0.0,-1.0
2024-01-14 12:00:00,133488.85422425022,133499.53061736305,10.676393112837104,0.007997326330260913,-1.0
2024-01-14 13:00:00,133545.60369527718,133545.60369527718,0.0,0.0,-1.0
2024-01-14 14:00:00,133494.3226583263,133545.60369527718,51.28103695088066,0.038399644415021805,-1.0
2024-01-14 15:00:00,133481.50498371443,133545.60369527718,64.0987115627504,0.047997620130581085,-1.0
2024-01-14 16:00:00,133538.49449853523,133545.60369527718,7.1091967419488356,0.005323422520272939,-1.0
2024-01-14 17:00:00,133676.8597285431,133676.8597285431,0.0,0.0,-1.0
2024-01-14 18:00:00,133788.06169210654,133788.06169210654,0.0,0.0,-1.0
2024-01-14 19:00:00,133929.18140668256,133929.18140668256,0.0,0.0,-1.0
2024-01-14 20:00:00,133854.0282565919,133929.18140668256,75.15315009065671,0.05611409649585662,-1.0
2024-01-14 21:00:00,133829.27788288286,133929.18140668256,99.90352379970136,0.07459429136383608,-1.0
2024-01-14 22:00:00,133726.48505778486,133929.18140668256,202.69634889770532,0.15134591787148155,-1.0
2024-01-14 23:00:00,133731.38596502703,133929.18140668256,197.79544165552943,0.14768659046374205,-1.0
2024-01-15 00:00:00,133779.0172500176,133929.18140668256,150.16415666494868,0.11212205964954555,-1.0
2024-01-15 01:00:00,133817.45243909385,133929.18140668256,111.72896758871502,0.08342391584507973,-1.0
2024-01-15 02:00:00,134067.18779820163,134067.18779820163,0.0,0.0,-1.0
2024-01-15 03:00:00,134354.1944644881,134354.1944644881,0.0,0.0,-1.0
2024-01-15 04:00:00,134355.3733075574,134355.3733075574,0.0,0.0,-1.0
2024-01-15 05:00:00,134343.996844491,134355.3733075574,11.376463066408178,0.008467441819662795,-1.0
2024-01-15 06:00:00,134425.05472618155,134425.05472618155,0.0,0.0,-1.0
2024-01-15 07:00:00,134375.49381438093,134425.05472618155,49.560911800625036,0.036868805373803736,-1.0
2024-01-15 08:00:00,134297.28185715794,134425.05472618155,127.77286902361084,0.09505137958387226,-1.0
2024-01-15 09:00:00,134269.4490900038,134425.05472618155,155.60563617775915,0.1157564239008283,-1.0
2024-01-15 10:00:00,134234.60449144375,134425.05472618155,190.4502347378002,0.14167763228792407,-1.0
2024-01-15 11:00:00,134230.004096193,134425.05472618155,195.05062998854555,0.14509990744348653,-1.0
2024-01-15 12:00:00,134171.5029147244,134425.05472618155,253.55181145714596,0.1886194593512503,-1.0
2024-01-15 13:00:00,134186.1869034102,134425.05472618155,238.86782277133898,0.17769590888982947,-1.0
2024-01-15 14:00:00,134230.39345856337,134425.05472618155,194.66126761818305,0.14481025729518968,-1.0
2024-01-15 15:00:00,134296.58568814473,134425.05472618155,128.46903803682653,0.09556926593670563,-1.0
2024-01-15 16:00:00,134217.41175793833,134425.05472618155,207.64296824322082,0.15446746044937917,-1.0
2024-01-15 17:00:00,134313.17502001207,134425.05472618155,111.8797061694786,0.08322831364835452,-1.0
2024-01-15 18:00:00,134385.48530502277,134425.05472618155,39.56942115878337,0.029436046159240694,-1.0
2024-01-15 19:00:00,134525.69209574323,134525.69209574323,0.0,0.0,-1.0
2024-01-15 20:00:00,134573.79436471284,134573.79436471284,0.0,0.0,-1.0
2024-01-15 21:00:00,134718.23967347952,134718.23967347952,0.0,0.0,-1.0
2024-01-15 22:00:00,134815.30872967737,134815.30872967737,0.0,0.0,-1.0
2024-01-15 23:00:00,135010.7593342092,135010.7593342092,0.0,0.0,-1.0
2024-01-16 00:00:00,135224.42230653914,135224.42230653914,0.0,0.0,-1.0
2024-01-16 01:00:00,135233.0742943414,135233.0742943414,0.0,0.0,-1.0
2024-01-16 02:00:00,135392.08531361818,135392.08531361818,0.0,0.0,-1.0
2024-01-16 03:00:00,135582.18157917366,135582.18157917366,0.0,0.0,-1.0
2024-01-16 04:00:00,135497.41037207175,135582.18157917366,84.77120710190502,0.06252385535808966,-1.0
2024-01-16 05:00:00,135468.86205938438,135582.18157917366,113.31951978927827,0.08357995015967859,-1.0
2024-01-16 06:00:00,135626.5101311294,135626.5101311294,0.0,0.0,-1.0
2024-01-16 07:00:00,135601.51368210296,135626.5101311294,24.996449026453774,0.018430356279377946,-1.0
2024-01-16 08:00:00,135679.43605534636,135679.43605534636,0.0,0.0,-1.0
2024-01-16 09:00:00,135694.43014791436,135694.43014791436,0.0,0.0,-1.0
2024-01-16 10:00:00,135854.6475447962,135854.6475447962,0.0,0.0,-1.0
2024-01-16 11:00:00,136023.1946673447,136023.1946673447,0.0,0.0,-1.0
2024-01-16 12:00:00,136040.62785193828,136040.62785193828,0.0,0.0,-1.0
2024-01-16 13:00:00,135982.99144867176,136040.62785193828,57.63640326651512,0.04236705179664747,-1.0
2024-01-16 14:00:00,136192.01786255406,136192.01786255406,0.0,0.0,-1.0
2024-01-16 15:00:00,136215.42800165544,136215.42800165544,0.0,0.0,-1.0
2024-01-16 16:00:00,136230.54495890276,136230.54495890276,0.0,0.0,-1.0
2024-01-16 17:00:00,136234.83477585332,136234.83477585332,0.0,0.0,-1.0
2024-01-16 18:00:00,136296.39658433344,136296.39658433344,0.0,0.0,-1.0
2024-01-16 19:00:00,136434.33980178382,136434.33980178382,0.0,0.0,-1.0
2024-01-16 20:00:00,136587.94260958995,136587.94260958995,0.0,0.0,-1.0
2024-01-16 21:00:00,136783.18875157725,136783.18875157725,0.0,0.0,-1.0
2024-01-16 22:00:00,136890.6042879274,136890.6042879274,0.0,0.0,-1.0
2024-01-16 23:00:00,137124.62690344726,137124.62690344726,0.0,0.0,-1.0
2024-01-17 00:00:00,137093.5105247297,137124.62690344726,31.11637871756102,0.022692042574869363,-1.0
2024-01-17 01:00:00,137020.87410438445,137124.62690344726,103.75279906281503,0.07566314046263176,-1.0
2024-01-17 02:00:00,136944.9279364445,137124.62690344726,179.69896700276877,0.13104791681898184,-1.0
2024-01-17 03:00:00,137108.02815615293,137124.62690344726,16.598747294337954,0.012104862320628613,-1.0
2024-01-17 04:00:00,137281.29827969676,137281.29827969676,0.0,0.0,-1.0
2024-01-17 05:00:00,137337.08843529114,137337.08843529114,0.0,0.0,-1.0
2024-01-17 06:00:00,137421.69583343648,137421.69583343648,0.0,0.0,-1.0
2024-01-17 07:00:00,137686.3643055319,137686.3643055319,0.0,0.0,-1.0
2024-01-17 08:00:00,137715.53196201753,137715.53196201753,0.0,0.0,-1.0
2024-01-17 09:00:00,137863.48389696793,137863.48389696793,0.0,0.0,-1.0
2024-01-17 10:00:00,137893.69799244555,137893.69799244555,0.0,0.0,-1.0
2024-01-17 11:00:00,137951.95645194195,137951.95645194195,0.0,0.0,-1.0
2024-01-17 12:00:00,137982.16202299832,137982.16202299832,0.0,0.0,-1.0
2024-01-17 13:00:00,137926.79145187777,137982.16202299832,55.370571120554814,0.040128789336788234,-1.0
2024-01-17 14:00:00,137903.64339009888,137982.16202299832,78.51863289944595,0.056904915641457166,-1.0
2024-01-17 15:00:00,137771.4029826351,137982.16202299832,210.75904036322027,0.1527436860484124,-1.0
2024-01-17 16:00:00,137991.95765235642,137991.95765235642,0.0,0.0,-1.0
2024-01-17 17:00:00,138107.29618941172,138107.29618941172,0.0,0.0,-1.0
2024-01-17 18:00:00,137958.14325501164,138107.29618941172,149.15293440007372,0.10799786724918073,-1.0
2024-01-17 19:00:00,137899.3914120992,138107.29618941172,207.90477731250576,0.1505385906819637,-1.0
2024-01-17 20:00:00,137901.9306171134,138107.29618941172,205.36557229832397,0.14870001655572831,-1.0
2024-01-17 21:00:00,138012.21555987865,138107.29618941172,95.08062953306944,0.06884547895475995,-1.0
2024-01-17 22:00:00,138075.41413926202,138107.29618941172,31.882050149695715,0.023084986115411345,-1.0
2024-01-17 23:00:00,137979.39973719188,138107.29618941172,127.89645221983665,0.09260658614620108,-1.0
2024-01-18 00:00:00,138130.7133567889,138130.7133567889,0.0,0.0,-1.0
2024-01-18 01:00:00,138176.46418790572,138176.46418790572,0.0,0.0,-1.0
2024-01-18 02:00:00,138339.78331483097,138339.78331483097,0.0,0.0,-1.0
2024-01-18 03:00:00,138609.1578654874,138609.1578654874,0.0,0.0,-1.0
2024-01-18 04:00:00,138565.81194645443,138609.1578654874,43.3459190329595,0.03127204558520177,-1.0
2024-01-18 05:00:00,138557.5984617847,138609.1578654874,51.5594037026749,0.037197689169073865,-1.0
2024-01-18 06:00:00,138741.14778835856,138741.14778835856,0.0,0.0,-1.0
2024-01-18 07:00:00,138771.05641465576,138771.05641465576,0.0,0.0,-1.0
2024-01-18 08:00:00,138810.35713474834,138810.35713474834,0.0,0.0,-1.0
2024-01-18 09:00:00,139007.26246954076,139007.26246954076,0.0,0.0,-1.0
2024-01-18 10:00:00,139074.0040524849,139074.0040524849,0.0,0.0,-1.0
2024-01-18 11:00:00,139282.77318287702,139282.77318287702,0.0,0.0,-1.0
2024-01-18 12:00:00,139292.3818018835,139292.3818018835,0.0,0.0,-1.0
2024-01-18 13:00:00,139246.60589706295,139292.3818018835,45.77590482053347,0.032863179039928296,-1.0
2024-01-18 14:00:00,139203.93646572376,139292.3818018835,88.44533615972614,0.06349617618393699,-1.0
2024-01-18 15:00:00,139342.71840230224,139342.71840230224,0.0,0.0,-1.0
2024-01-18 16:00:00,139406.758311297,139406.758311297,0.0,0.0,-1.0
2024-01-18 17:00:00,139482.3946427762,139482.3946427762,0.0,0.0,-1.0
2024-01-18 18:00:00,139729.5095016625,139729.5095016625,0.0,0.0,-1.0
2024-01-18 19:00:00,139804.14494249088,139804.14494249088,0.0,0.0,-1.0
2024-01-18 20:00:00,139722.5229455157,139804.14494249088,81.62199697518372,0.05838310230984878,-1.0
2024-01-18 21:00:00,139809.77127280587,139809.77127280587,0.0,0.0,-1.0
2024-01-18 22:00:00,139776.27896258808,139809.77127280587,33.492310217785416,0.023955629075762562,-1.0
2024-01-18 23:00:00,139787.67348110824,139809.77127280587,22.097791697626235,0.015805613224634776,-1.0
2024-01-19 00:00:00,139628.2201584311,139809.77127280587,181.5511143747717,0.12985581245284886,-1.0
2024-01-19 01:00:00,139565.41960022596,139809.77127280587,244.3516725799127,0.1747743883387935,-1.0
2024-01-19 02:00:00,139550.86990424365,139809.77127280587,258.90136856221943,0.1851811688161869,-1.0
2024-01-19 03:00:00,139757.7037287603,139809.77127280587,52.06754404556705,0.037241706049264245,-1.0
2024-01-19 04:00:00,139879.23861725474,139879.23861725474,0.0,0.0,-1.0
2024-01-19 05:00:00,140072.31946602167,140072.31946602167,0.0,0.0,-1.0
2024-01-19 06:00:00,140208.49647134411,140208.49647134411,0.0,0.0,-1.0
2024-01-19 07:00:00,140277.57384576875,140277.57384576875,0.0,0.0,-1.0
2024-01-19 08:00:00,140359.2270986987,140359.2270986987,0.0,0.0,-1.0
2024-01-19 09:00:00,140306.09932546876,140359.2270986987,53.127773229934974,0.0378512865367777,-1.0
2024-01-19 10:00:00,140524.63676624326,140524.63676624326,0.0,0.0,-1.0
2024-01-19 11:00:00,140547.6239391513,140547.6239391513,0.0,0.0,-1.0
2024-01-19 12:00:00,140690.4040278563,140690.4040278563,0.0,0.0,-1.0
2024-01-19 13:00:00,140707.16382557462,140707.16382557462,0.0,0.0,-1.0
2024-01-19 14:00:00,140805.6555618508,140805.6555618508,0.0,0.0,-1.0
2024-01-19 15:00:00,140736.21914385186,140805.6555618508,69.43641799894976,0.04931365698478558,-1.0
2024-01-19 16:00:00,140731.96679599961,140805.6555618508,73.6887658511987,0.05233366909671458,-1.0
2024-01-19 17:00:00,140890.73447859703,140890.73447859703,0.0,0.0,-1.0
2024-01-19 18:00:00,140895.56708382937,140895.56708382937,0.0,0.0,-1.0
2024-01-19 19:00:00,141073.04121509835,141073.04121509835,0.0,0.0,-1.0
2024-01-19 20:00:00,141096.7264387453,141096.7264387453,0.0,0.0,-1.0
2024-01-19 21:00:00,141075.08811357582,141096.7264387453,21.638325169478776,0.015335809494398637,-1.0
2024-01-19 22:00:00,141158.48342533206,141158.48342533206,0.0,0.0,-1.0
2024-01-19 23:00:00,141154.48757743542,141158.48342533206,3.9958478966436815,0.002830752923721617,-1.0
2024-01-20 00:00:00,141104.91831917834,141158.48342533206,53.56510615372099,0.03794678495682129,-1.0
2024-01-20 01:00:00,141210.6021059914,141210.6021059914,0.0,0.0,-1.0
2024-01-20 02:00:00,141346.74566301244,141346.74566301244,0.0,0.0,-1.0
2024-01-20 03:00:00,141544.54021000306,141544.54021000306,0.0,0.0,-1.0
2024-01-20 04:00:00,141730.10348917812,141730.10348917812,0.0,0.0,-1.0
2024-01-20 05:00:00,142029.45270104602,142029.45270104602,0.0,0.0,-1.0
2024-01-20 06:00:00,141963.59141549616,142029.45270104602,65.86128554985044,0.046371568922736105,-1.0
2024-01-20 07:00:00,142048.18116621888,142048.18116621888,0.0,0.0,-1.0
2024-01-20 08:00:00,142054.44461947517,142054.44461947517,0.0,0.0,-1.0
2024-01-20 09:00:00,142123.5818436369,142123.5818436369,0.0,0.0,-1.0
2024-01-20 10:00:00,142085.9334103451,142123.5818436369,37.64843329178984,0.026489927148902227,-1.0
2024-01-20 11:00:00,142337.03670463848,142337.03670463848,0.0,0.0,-1.0
2024-01-20 12:00:00,142623.8710406856,142623.8710406856,0.0,0.0,-1.0
2024-01-20 13:00:00,142785.9834763009,142785.9834763009,0.0,0.0,-1.0
2024-01-20 14:00:00,142933.6505356279,142933.6505356279,0.0,0.0,-1.0
2024-01-20 15:00:00,143050.78795308605,143050.78795308605,0.0,0.0,-1.0
2024-01-20 16:00:00,143024.26159091605,143050.78795308605,26.52636216999963,0.018543317761170974,-1.0
2024-01-20 17:00:00,142990.51850508637,143050.78795308605,60.269447999686236,0.04213150368626546,-1.0
2024-01-20 18:00:00,143085.32849824065,143085.32849824065,0.0,0.0,-1.0
2024-01-20 19:00:00,143187.2912016694,143187.2912016694,0.0,0.0,-1.0
2024-01-20 20:00:00,143117.27988877145,143187.2912016694,70.0113128979574,0.0488949209880305,-1.0
2024-01-20 21:00:00,143254.33299562457,143254.33299562457,0.0,0.0,-1.0
2024-01-20 22:00:00,143452.18971132705,143452.18971132705,0.0,0.0,-1.0
2024-01-20 23:00:00,143530.56461036598,143530.56461036598,0.0,0.0,-1.0
2024-01-21 00:00:00,143692.99449491498,143692.99449491498,0.0,0.0,-1.0
2024-01-21 01:00:00,143624.94227739295,143692.99449491498,68.05221752202488,0.04735945392552391,-1.0
2024-01-21 02:00:00,143896.44745495077,143896.44745495077,0.0,0.0,-1.0
2024-01-21 03:00:00,143956.81637763724,143956.81637763724,0.0,0.0,-1.0
2024-01-21 04:00:00,144057.5052697124,144057.5052697124,0.0,0.0,-1.0
2024-01-21 05:00:00,143997.21511779408,144057.5052697124,60.29015191830695,0.04185144800711938,-1.0
2024-01-21 06:00:00,144204.8628955045,144204.8628955045,0.0,0.0,-1.0
2024-01-21 07:00:00,144179.58855954825,144204.8628955045,25.274335956259165,0.01752668769192185,-1.0
2024-01-21 08:00:00,144111.81111559368,144204.8628955045,93.05177991083474,0.06452749098916521,-1.0
2024-01-21 09:00:00,144217.87797666545,144217.87797666545,0.0,0.0,-1.0
2024-01-21 10:00:00,144512.54296470401,144512.54296470401,0.0,0.0,-1.0
2024-01-21 11:00:00,144543.47787606015,144543.47787606015,0.0,0.0,-1.0
2024-01-21 12:00:00,144497.1581658608,144543.47787606015,46.31971019934281,0.03204552075262779,-1.0
2024-01-21 13:00:00,144388.7322893699,144543.47787606015,154.7455866902601,0.10705815922247826,-1.0
2024-01-21 14:00:00,144506.2147390057,144543.47787606015,37.263137054455,0.025779881321526348,-1.0
2024-01-21 15:00:00,144513.8000461598,144543.47787606015,29.677829900349025,0.020532112784636673,-1.0
2024-01-21 16:00:00,144617.56643636915,144617.56643636915,0.0,0.0,-1.0
2024-01-21 17:00:00,144946.83343799695,144946.83343799695,0.0,0.0,-1.0
2024-01-21 18:00:00,145043.50221124393,145043.50221124393,0.0,0.0,-1.0
2024-01-21 19:00:00,144899.07498879338,145043.50221124393,144.42722245055484,0.0995751069497815,-1.0
2024-01-01 01:00:00,144867.1466153028,145043.50221124393,176.35559594113147,0.12158807064951041,-1.0
2024-01-01 02:00:00,144886.92529001564,145043.50221124393,156.5769212282903,0.10795169645052344,-1.0
2024-01-01 03:00:00,144902.63912854076,145043.50221124393,140.86308270317386,0.09711781676232442,-1.0
2024-01-01 04:00:00,144993.93773419256,145043.50221124393,49.564477051375434,0.03417214580160154,-1.0
2024-01-01 05:00:00,145065.37155186382,145065.37155186382,0.0,0.0,-1.0
2024-01-01 06:00:00,144937.89417877592,145065.37155186382,127.4773730878951,0.08787581193511737,-1.0
2024-01-01 07:00:00,145060.68666952252,145065.37155186382,4.684882341302,0.003229497357766777,-1.0
2024-01-01 08:00:00,145032.86930295778,145065.37155186382,32.502248906035675,0.022405242931746436,-1.0
2024-01-01 09:00:00,145040.3242958804,145065.37155186382,25.04725598343066,0.017266185386273083,-1.0
2024-01-01 10:00:00,145062.30165232162,145065.37155186382,3.069899542198982,0.002116218025954892,-1.0
2024-01-01 11:00:00,145323.72985696697,145323.72985696697,0.0,0.0,-1.0
2024-01-01 12:00:00,145258.89595088814,145323.72985696697,64.83390607882757,0.04461343384362589,-1.0
2024-01-01 13:00:00,145216.11809234624,145323.72985696697,107.61176462072763,0.07404968529684941,-1.0
2024-01-01 14:00:00,145174.18008847878,145323.72985696697,149.54976848818478,0.10290801690500045,-1.0
2024-01-01 15:00:00,145122.5444937754,145323.72985696697,201.18536319155828,0.1384394437092775,-1.0
2024-01-01 16:00:00,145065.51991929242,145323.72985696697,258.2099376745464,0.17767912916127754,-1.0
2024-01-01 17:00:00,145144.7143057445,145323.72985696697,179.01555122245918,0.12318397786696843,-1.0
2024-01-01 18:00:00,145146.1192580368,145323.72985696697,177.61059893015772,0.12221720369066269,-1.0
2024-01-01 19:00:00,145256.96286579448,145323.72985696697,66.76699117248063,0.04594362616359709,-1.0
2024-01-01 20:00:00,145369.09441503152,145369.09441503152,0.0,0.0,-1.0
2024-01-01 21:00:00,145340.9692411436,145369.09441503152,28.125173887907295,0.019347423192724436,-1.0
2024-01-01 22:00:00,145356.4882910399,145369.09441503152,12.606123991630739,0.008671804720499955,-1.0
2024-01-01 23:00:00,145591.92293268515,145591.92293268515,0.0,0.0,-1.0
2024-01-02 00:00:00,145568.36072424988,145591.92293268515,23.562208435265347,0.01618373324608083,-1.0
2024-01-02 01:00:00,145594.3333229057,145594.3333229057,0.0,0.0,-1.0
2024-01-02 02:00:00,145664.02301940738,145664.02301940738,0.0,0.0,-1.0
2024-01-02 03:00:00,145664.94395068762,145664.94395068762,0.0,0.0,-1.0
2024-01-02 04:00:00,145943.8263185454,145943.8263185454,0.0,0.0,-1.0
2024-01-02 05:00:00,145901.0123563662,145943.8263185454,42.81396217920701,0.029335918660758412,-1.0
2024-01-02 06:00:00,145914.20383341415,145943.8263185454,29.622485131258145,0.020297182743860914,-1.0
2024-01-02 07:00:00,146017.2366638678,146017.2366638678,0.0,0.0,-1.0
2024-01-02 08:00:00,146068.7481407268,146068.7481407268,0.0,0.0,-1.0
2024-01-02 09:00:00,146194.14729476278,146194.14729476278,0.0,0.0,-1.0
2024-01-02 10:00:00,146433.89016996784,146433.89016996784,0.0,0.0,-1.0
2024-01-02 11:00:00,146475.50707927323,146475.50707927323,0.0,0.0,-1.0
2024-01-02 12:00:00,146439.48685259774,146475.50707927323,36.02022667549318,0.024591296793394175,-1.0
2024-01-02 13:00:00,146310.81995609368,146475.50707927323,164.68712317955215,0.11243321594402995,-1.0
2024-01-02 14:00:00,146439.80839422464,146475.50707927323,35.69868504858459,0.024371777753439898,-1.0
2024-01-02 15:00:00,146387.4848336483,146475.50707927323,88.02224562491756,0.06009349097339496,-1.0
2024-01-02 16:00:00,146510.54619950752,146510.54619950752,0.0,0.0,-1.0
2024-01-02 17:00:00,146385.06975381327,146510.54619950752,125.47644569425029,0.08564328572182477,-1.0
2024-01-02 18:00:00,146375.96437365393,146510.54619950752,134.58182585358736,0.09185811488977969,-1.0
2024-01-02 19:00:00,146692.30493040194,146692.30493040194,0.0,0.0,-1.0
2024-01-02 20:00:00,146688.05340007588,146692.30493040194,4.251530326058855,0.0028982640419182117,-1.0
2024-01-02 21:00:00,146634.07246885286,146692.30493040194,58.232461549079744,0.039697011766709984,-1.0
2024-01-02 22:00:00,146625.34446535827,146692.30493040194,66.96046504366677,0.04564688316502772,-1.0
2024-01-02 23:00:00,146730.13461701595,146730.13461701595,0.0,0.0,-1.0
2024-01-03 00:00:00,146854.14460546133,146854.14460546133,0.0,0.0,-1.0
2024-01-03 01:00:00,146926.70357395484,146926.70357395484,0.0,0.0,-1.0
2024-01-03 02:00:00,146847.00597576148,146926.70357395484,79.69759819336468,0.05424309962364962,-1.0
2024-01-03 03:00:00,146840.79346621514,146926.70357395484,85.91010773970629,0.05847140489098625,-1.0
2024-01-03 04:00:00,146976.75745475586,146976.75745475586,0.0,0.0,-1.0
2024-01-03 05:00:00,147156.73297071835,147156.73297071835,0.0,0.0,-1.0
2024-01-03 06:00:00,147359.92439274612,147359.92439274612,0.0,0.0,-1.0
2024-01-03 07:00:00,147707.0875230073,147707.0875230073,0.0,0.0,-1.0
2024-01-03 08:00:00,147663.84770090695,147707.0875230073,43.239822100353194,0.02927403337610189,-1.0
2024-01-03 09:00:00,147693.96173160555,147707.0875230073,13.125791401747847,0.00888636532062372,-1.0
2024-01-03 10:00:00,147575.21354297627,147707.0875230073,131.87398003102862,0.08928073949768153,-1.0
2024-01-03 11:00:00,147607.4127689792,147707.0875230073,99.67475402809214,0.06748136172718625,-1.0
2024-01-03 12:00:00,147613.4350451265,147707.0875230073,93.65247788079432,0.06340418692922013,-1.0
2024-01-03 13:00:00,147659.4409019214,147707.0875230073,47.6466210859071,0.03225750496128733,-1.0
2024-01-03 14:00:00,147622.44280710624,147707.0875230073,84.64471590105677,0.05730579169931318,-1.0
2024-01-03 15:00:00,147942.0577637175,147942.0577637175,0.0,0.0,-1.0
2024-01-03 16:00:00,147882.53693703987,147942.0577637175,59.52082667761715,0.04023252588028725,-1.0
2024-01-03 17:00:00,147936.41246724103,147942.0577637175,5.645296476461226,0.003815883435579551,-1.0
2024-01-03 18:00:00,148157.37357477855,148157.37357477855,0.0,0.0,-1.0
2024-01-03 19:00:00,148333.06274739426,148333.06274739426,0.0,0.0,-1.0
2024-01-03 20:00:00,148258.526925455,148333.06274739426,74.53582193926559,0.05024896038599119,-1.0
2024-01-03 21:00:00,148282.8959746735,148333.06274739426,50.166772720753215,0.03382035791048512,-1.0
2024-01-03 22:00:00,148283.0084591213,148333.06274739426,50.054288272949634,0.03374452556015124,-1.0
2024-01-03 23:00:00,148165.69308649655,148333.06274739426,167.3696608977043,0.11283368508525214,-1.0
2024-01-04 00:00:00,148465.1858452647,148465.1858452647,0.0,0.0,-1.0
2024-01-04 01:00:00,148536.21247535467,148536.21247535467,0.0,0.0,-1.0
2024-01-04 02:00:00,148826.4585988776,148826.4585988776,0.0,0.0,-1.0
2024-01-04 03:00:00,148814.89891187148,148826.4585988776,11.559687006112654,0.007767225743957757,-1.0
2024-01-04 04:00:00,148866.3384756694,148866.3384756694,0.0,0.0,-1.0
2024-01-04 05:00:00,148875.69546226057,148875.69546226057,0.0,0.0,-1.0
2024-01-04 06:00:00,149013.92765678,149013.92765678,0.0,0.0,-1.0
2024-01-04 07:00:00,149143.7006959553,149143.7006959553,0.0,0.0,-1.0
2024-01-04 08:00:00,149217.3685726682,149217.3685726682,0.0,0.0,-1.0
2024-01-04 09:00:00,149157.71520383333,149217.3685726682,59.6533688348718,0.03997749685943622,-1.0
2024-01-04 10:00:00,148966.20715998297,149217.3685726682,251.16141268523643,0.16831915418942797,-1.0
2024-01-04 11:00:00,148977.21603096373,149217.3685726682,240.15254170447588,0.16094141318912392,-1.0
2024-01-04 12:00:00,149173.7771245928,149217.3685726682,43.59144807539997,0.029213387484561575,-1.0
2024-01-04 13:00:00,149082.5633516594,149217.3685726682,134.80522100880626,0.09034150802837454,-1.0
2024-01-04 14:00:00,149052.48731487995,149217.3685726682,164.88125778824906,0.1104973632529598,-1.0
2024-01-04 15:00:00,148958.89554637807,149217.3685726682,258.4730262901285,0.17321912908834955,-1.0
2024-01-04 16:00:00,149096.46212033535,149217.3685726682,120.90645233285613,0.08102706373217888,-1.0
2024-01-04 17:00:00,149035.35772522975,149217.3685726682,182.01084743844694,0.12197698510532871,-1.0
2024-01-04 18:00:00,149101.07830386175,149217.3685726682,116.2902688064496,0.07793346707479079,-1.0
2024-01-04 19:00:00,149301.73266871605,149301.73266871605,0.0,0.0,-1.0
2024-01-04 20:00:00,149306.24011255312,149306.24011255312,0.0,0.0,-1.0
2024-01-04 21:00:00,149316.97709254766,149316.97709254766,0.0,0.0,-1.0
2024-01-04 22:00:00,149337.9233238297,149337.9233238297,0.0,0.0,-1.0
2024-01-04 23:00:00,149358.9002087103,149358.9002087103,0.0,0.0,-1.0
2024-01-05 00:00:00,149394.06180150525,149394.06180150525,0.0,0.0,-1.0
2024-01-05 01:00:00,149616.16884434168,149616.16884434168,0.0,0.0,-1.0
2024-01-05 02:00:00,149650.80458665648,149650.80458665648,0.0,0.0,-1.0
2024-01-05 03:00:00,149706.83466788568,149706.83466788568,0.0,0.0,-1.0
2024-01-05 04:00:00,149675.85534323446,149706.83466788568,30.979324651212664,0.020693326874446426,-1.0
2024-01-05 05:00:00,149612.44993632616,149706.83466788568,94.38473155951942,0.06304637444837136,-1.0
2024-01-05 06:00:00,149817.1403967971,149817.1403967971,0.0,0.0,-1.0
2024-01-05 07:00:00,149691.95306307467,149817.1403967971,125.18733372242423,0.08356008757800358,-1.0
2024-01-05 08:00:00,149552.19888478325,149817.1403967971,264.94151201384375,0.17684325792905595,-1.0
2024-01-05 09:00:00,149424.11576008916,149817.1403967971,393.02463670793804,0.2623362291303889,-1.0
2024-01-05 10:00:00,149288.0544031275,149817.1403967971,529.085993669607,0.35315451374141843,-1.0
2024-01-05 11:00:00,149563.41131130728,149817.1403967971,253.7290854898165,0.16935918334698163,-1.0
2024-01-05 12:00:00,149603.1196331215,149817.1403967971,214.02076367559494,0.14285465809102468,-1.0
2024-01-05 13:00:00,149571.78804091955,149817.1403967971,245.3523558775487,0.16376788078301488,-1.0
2024-01-05 14:00:00,149557.9320665183,149817.1403967971,259.2083302788087,0.1730164716749261,-1.0
2024-01-05 15:00:00,149638.3794889492,149817.1403967971,178.76090784789994,0.1193193965486486,-1.0
2024-01-05 16:00:00,149660.89140620394,149817.1403967971,156.24899059315794,0.10429313373578337,-1.0
2024-01-05 17:00:00,150027.11655836043,150027.11655836043,0.0,0.0,-1.0
2024-01-05 18:00:00,150012.76059031487,150027.11655836043,14.355968045565533,0.009568915523335459,-1.0
2024-01-05 19:00:00,150046.64151675015,150046.64151675015,0.0,0.0,-1.0
2024-01-05 20:00:00,150029.4084167477,150046.64151675015,17.233100002456922,0.011485162099101791,-1.0
2024-01-05 21:00:00,150144.74577544362,150144.74577544362,0.0,0.0,-1.0
2024-01-05 22:00:00,150193.40963893884,150193.40963893884,0.0,0.0,-1.0
2024-01-05 23:00:00,150191.857140935,150193.40963893884,1.5524980038462672,0.0010336658629552609,-1.0
2024-01-06 00:00:00,150162.8654409564,150193.40963893884,30.544197982439073,0.020336576721885834,-1.0
2024-01-06 01:00:00,150426.14789319446,150426.14789319446,0.0,0.0,-1.0
2024-01-06 02:00:00,150450.38141896244,150450.38141896244,0.0,0.0,-1.0
2024-01-06 03:00:00,150549.26903936805,150549.26903936805,0.0,0.0,-1.0
2024-01-06 04:00:00,150569.77808655464,150569.77808655464,0.0,0.0,-1.0
2024-01-06 05:00:00,150651.7449515708,150651.7449515708,0.0,0.0,-1.0
2024-01-06 06:00:00,150820.97461830164,150820.97461830164,0.0,0.0,-1.0
2024-01-06 07:00:00,150839.83275316784,150839.83275316784,0.0,0.0,-1.0
2024-01-06 08:00:00,150804.29440051573,150839.83275316784,35.53835265210364,0.0235603235587367,-1.0
2024-01-06 09:00:00,150859.17624972353,150859.17624972353,0.0,0.0,-1.0
2024-01-06 10:00:00,150848.72366819886,150859.17624972353,10.452581524674315,0.0069287011798153525,-1.0
2024-01-06 11:00:00,150923.0210781088,150923.0210781088,0.0,0.0,-1.0
2024-01-06 12:00:00,150896.31659372532,150923.0210781088,26.704484383488307,0.017694109349737735,-1.0
2024-01-06 13:00:00,151036.02636535728,151036.02636535728,0.0,0.0,-1.0
2024-01-06 14:00:00,151115.2177885604,151115.2177885604,0.0,0.0,-1.0
2024-01-06 15:00:00,151094.04134140504,151115.2177885604,21.17644715536153,0.014013444486439148,-1.0
2024-01-06 16:00:00,151178.9033195781,151178.9033195781,0.0,0.0,-1.0
2024-01-06 17:00:00,151176.2760478176,151178.9033195781,2.627271760487929,0.0017378560783273586,-1.0
2024-01-06 18:00:00,151113.96275311467,151178.9033195781,64.94056646342506,0.042956103687395296,-1.0
2024-01-06 19:00:00,151159.7875564074,151178.9033195781,19.11576317070285,0.012644464770520203,-1.0
2024-01-06 20:00:00,151201.2019974058,151201.2019974058,0.0,0.0,-1.0
2024-01-06 21:00:00,151133.63173069048,151201.2019974058,67.57026671530912,0.04468897457340878,-1.0
2024-01-06 22:00:00,151102.97932312803,151201.2019974058,98.2226742777566,0.06496156973635821,-1.0
2024-01-06 23:00:00,151120.11050661045,151201.2019974058,81.09149079534109,0.053631512001295074,-1.0
2024-01-07 00:00:00,151228.65423636144,151228.65423636144,0.0,0.0,-1.0
2024-01-07 01:00:00,151192.91927407891,151228.65423636144,35.734962282527704,0.023629756188054196,-1.0
2024-01-07 02:00:00,151432.17509503753,151432.17509503753,0.0,0.0,-1.0
2024-01-07 03:00:00,151389.1382532754,151432.17509503753,43.03684176213574,0.028419879550119508,-1.0
2024-01-07 04:00:00,151552.2258015758,151552.2258015758,0.0,0.0,-1.0
2024-01-07 05:00:00,151615.20446365286,151615.20446365286,0.0,0.0,-1.0
2024-01-07 06:00:00,151687.00876043507,151687.00876043507,0.0,0.0,-1.0
2024-01-07 07:00:00,151580.01691226757,151687.00876043507,106.99184816749766,0.07053461535158483,-1.0
2024-01-07 08:00:00,151548.33284526388,151687.00876043507,138.67591517118854,0.09142240743253403,-1.0
2024-01-07 09:00:00,151683.54689425294,151687.00876043507,3.4618661821295973,0.0022822430282062266,-1.0
2024-01-07 10:00:00,151916.4076073845,151916.4076073845,0.0,0.0,-1.0
2024-01-07 11:00:00,151966.36832455618,151966.36832455618,0.0,0.0,-1.0
2024-01-07 12:00:00,152062.25393134396,152062.25393134396,0.0,0.0,-1.0
2024-01-07 13:00:00,152018.89524589592,152062.25393134396,43.35868544803816,0.028513772699709283,-1.0
2024-01-07 14:00:00,152021.24386576877,152062.25393134396,41.01006557518849,0.026969260625128257,-1.0
2024-01-07 15:00:00,152105.04430172368,152105.04430172368,0.0,0.0,-1.0
2024-01-07 16:00:00,152379.1952089005,152379.1952089005,0.0,0.0,-1.0
2024-01-07 17:00:00,152283.2763780536,152379.1952089005,95.91883084690198,0.06294745861822175,-1.0
2024-01-07 18:00:00,152301.31446354176,152379.1952089005,77.88074535873602,0.0511098285116727,-1.0
2024-01-07 19:00:00,152384.5066677144,152384.5066677144,0.0,0.0,-1.0
2024-01-07 20:00:00,152680.50358167672,152680.50358167672,0.0,0.0,-1.0
2024-01-07 21:00:00,152623.29006080335,152680.50358167672,57.21352087336709,0.037472709043535876,-1.0
2024-01-07 22:00:00,152640.70915655303,152680.50358167672,39.794425123691326,0.026063855037262974,-1.0
2024-01-07 23:00:00,152652.62617170048,152680.50358167672,27.877409976237686,0.018258657341488668,-1.0
2024-01-08 00:00:00,152656.40990234585,152680.50358167672,24.09367933086469,0.015780455765903163,-1.0
2024-01-08 01:00:00,152724.58611761816,152724.58611761816,0.0,0.0,-1.0
2024-01-08 02:00:00,152693.9723323027,152724.58611761816,30.613785315450514,0.020045092996273595,-1.0
2024-01-08 03:00:00,152567.98009573025,152724.58611761816,156.6060218879138,0.10254146098474703,-1.0
2024-01-08 04:00:00,152730.2301834532,152730.2301834532,0.0,0.0,-1.0
2024-01-08 05:00:00,152657.7958352361,152730.2301834532,72.43434821712435,0.04742633343125275,-1.0
2024-01-08 06:00:00,152583.29505833297,152730.2301834532,146.93512512024608,0.09620565944525436,-1.0
2024-01-08 07:00:00,152509.1610496659,152730.2301834532,221.0691337872995,0.14474484424056747,-1.0
2024-01-08 08:00:00,152494.93512665803,152730.2301834532,235.29505679517752,0.1540592563191654,-1.0
2024-01-08 09:00:00,152517.4639126378,152730.2301834532,212.76627081542392,0.13930855113611623,-1.0
2024-01-08 10:00:00,152684.10470725616,152730.2301834532,46.125476197048556,0.030200619839074783,-1.0
2024-01-08 11:00:00,152716.42736488863,152730.2301834532,13.802818564581685,0.009037384771830902,-1.0
2024-01-08 12:00:00,152647.30851131794,152730.2301834532,82.92167213527136,0.05429290064951077,-1.0
2024-01-08 13:00:00,152652.6954088523,152730.2301834532,77.53477460090653,0.05076583365832356,-1.0
2024-01-08 14:00:00,152608.27239687205,152730.2301834532,121.95778658115887,0.07985176636915182,-1.0
2024-01-08 15:00:00,152835.33995947265,152835.33995947265,0.0,0.0,-1.0
2024-01-08 16:00:00,152853.4007967633,152853.4007967633,0.0,0.0,-1.0
2024-01-08 17:00:00,152806.50969716048,152853.4007967633,46.891099602828035,0.030677171301654784,-1.0
2024-01-08 18:00:00,153043.87876139866,153043.87876139866,0.0,0.0,-1.0
2024-01-08 19:00:00,153066.81942183714,153066.81942183714,0.0,0.0,-1.0
2024-01-08 20:00:00,152976.0992522223,153066.81942183714,90.72016961482586,0.059268344346275315,-1.0
2024-01-08 21:00:00,152888.01659046253,153066.81942183714,178.80283137460356,0.11681357987967365,-1.0
2024-01-08 22:00:00,152799.65544123095,153066.81942183714,267.16398060618667,0.17454075391081914,-1.0
2024-01-08 23:00:00,153110.05724721414,153110.05724721414,0.0,0.0,-1.0
2024-01-09 00:00:00,153041.62948965194,153110.05724721414,68.42775756219635,0.04469187641391298,-1.0
2024-01-09 01:00:00,153379.26631457376,153379.26631457376,0.0,0.0,-1.0
2024-01-09 02:00:00,153363.68808460725,153379.26631457376,15.57822996651521,0.010156672633030453,-1.0
2024-01-09 03:00:00,153335.32427797397,153379.26631457376,43.94203659979394,0.028649267698067388,-1.0
2024-01-09 04:00:00,153553.41857570157,153553.41857570157,0.0,0.0,-1.0
2024-01-09 05:00:00,153776.98137300985,153776.98137300985,0.0,0.0,-1.0
2024-01-09 06:00:00,153956.1803938459,153956.1803938459,0.0,0.0,-1.0
2024-01-09 07:00:00,154149.81362910089,154149.81362910089,0.0,0.0,-1.0
2024-01-09 08:00:00,154166.1190160579,154166.1190160579,0.0,0.0,-1.0
2024-01-09 09:00:00,154378.57939951558,154378.57939951558,0.0,0.0,-1.0
2024-01-09 10:00:00,154385.4791998187,154385.4791998187,0.0,0.0,-1.0
2024-01-09 11:00:00,154454.14615306864,154454.14615306864,0.0,0.0,-1.0
2024-01-09 12:00:00,154578.0005408028,154578.0005408028,0.0,0.0,-1.0
2024-01-09 13:00:00,154817.77803898073,154817.77803898073,0.0,0.0,-1.0
2024-01-09 14:00:00,154977.30011133567,154977.30011133567,0.0,0.0,-1.0
2024-01-09 15:00:00,154840.33198577366,154977.30011133567,136.96812556200894,0.08837947587395771,-1.0
2024-01-09 16:00:00,155059.7793303287,155059.7793303287,0.0,0.0,-1.0
2024-01-09 17:00:00,155101.15765313644,155101.15765313644,0.0,0.0,-1.0
2024-01-09 18:00:00,155070.913772358,155101.15765313644,30.243880778434686,0.01949945521752403,-1.0
2024-01-09 19:00:00,155070.41866995115,155101.15765313644,30.738983185292454,0.0198186677974617,-1.0
2024-01-09 20:00:00,155069.6830550207,155101.15765313644,31.47459811574663,0.02029294854532,-1.0
2024-01-09 21:00:00,154943.41548046208,155101.15765313644,157.74217267436325,0.1017027693804408,-1.0
2024-01-09 22:00:00,155007.7150433708,155101.15765313644,93.4426097656542,0.060246236185178215,-1.0
2024-01-09 23:00:00,155076.65779401717,155101.15765313644,24.499859119270695,0.015796051744540452,-1.0
2024-01-10 00:00:00,155170.11056975476,155170.11056975476,0.0,0.0,-1.0
2024-01-10 01:00:00,155131.0597039227,155170.11056975476,39.05086583204684,0.02516648708224772,-1.0
2024-01-10 02:00:00,155163.33021007612,155170.11056975476,6.7803596786397975,0.004369629984630172,-1.0
2024-01-10 03:00:00,155178.73474224837,155178.73474224837,0.0,0.0,-1.0
2024-01-10 04:00:00,155400.4440021712,155400.4440021712,0.0,0.0,-1.0
2024-01-10 05:00:00,155586.83305217884,155586.83305217884,0.0,0.0,-1.0
2024-01-10 06:00:00,155862.58325871502,155862.58325871502,0.0,0.0,-1.0
2024-01-10 07:00:00,155959.11120076323,155959.11120076323,0.0,0.0,-1.0
2024-01-10 08:00:00,156056.03831004817,156056.03831004817,0.0,0.0,-1.0
2024-01-10 09:00:00,155977.4012321861,156056.03831004817,78.6370778620767,0.050390282051017185,-1.0
2024-01-10 10:00:00,156131.2035324575,156131.2035324575,0.0,0.0,-1.0
2024-01-10 11:00:00,156157.5691816999,156157.5691816999,0.0,0.0,-1.0
2024-01-10 12:00:00,156663.70513246258,156663.70513246258,0.0,0.0,-1.0
2024-01-10 13:00:00,156849.89369554076,156849.89369554076,0.0,0.0,-1.0
2024-01-10 14:00:00,156927.37241492237,156927.37241492237,0.0,0.0,-1.0
2024-01-10 15:00:00,156945.99458513228,156945.99458513228,0.0,0.0,-1.0
2024-01-10 16:00:00,156742.2414148479,156945.99458513228,203.7531702843844,0.12982374658428283,-1.0
2024-01-10 17:00:00,156760.71361105394,156945.99458513228,185.2809740783414,0.11805396790667336,-1.0
2024-01-10 18:00:00,156790.9436581716,156945.99458513228,155.0509269606846,0.09879253520967063,-1.0
2024-01-10 19:00:00,156856.62742486395,156945.99458513228,89.36716026833165,0.056941345017796026,-1.0
2024-01-10 20:00:00,157012.27562089436,157012.27562089436,0.0,0.0,-1.0
2024-01-10 21:00:00,157184.93554782408,157184.93554782408,0.0,0.0,-1.0
2024-01-10 22:00:00,157019.7953614411,157184.93554782408,165.14018638298148,0.10506107713657903,-1.0
2024-01-10 23:00:00,157103.86501373997,157184.93554782408,81.07053408410866,0.05157652913846993,-1.0
2024-01-11 00:00:00,157158.0598791737,157184.93554782408,26.87566865037661,0.017098119839989115,-1.0
2024-01-11 01:00:00,157436.284478018,157436.284478018,0.0,0.0,-1.0
2024-01-11 02:00:00,157619.85383050767,157619.85383050767,0.0,0.0,-1.0
2024-01-11 03:00:00,157710.3845278192,157710.3845278192,0.0,0.0,-1.0
2024-01-11 04:00:00,157716.30537725097,157716.30537725097,0.0,0.0,-1.0
2024-01-11 05:00:00,157626.36261272474,157716.30537725097,89.94276452623308,0.057028196489319005,-1.0
2024-01-11 06:00:00,157818.22485810457,157818.22485810457,0.0,0.0,-1.0
2024-01-11 07:00:00,157883.26018763345,157883.26018763345,0.0,0.0,-1.0
2024-01-11 08:00:00,157827.31746126775,157883.26018763345,55.942726365698036,0.03543296882722965,-1.0
2024-01-11 09:00:00,158097.5252820481,158097.5252820481,0.0,0.0,-1.0
2024-01-11 10:00:00,158242.85498076942,158242.85498076942,0.0,0.0,-1.0
2024-01-11 11:00:00,158275.50326914774,158275.50326914774,0.0,0.0,-1.0
2024-01-11 12:00:00,158315.4760915978,158315.4760915978,0.0,0.0,-1.0
2024-01-11 13:00:00,158471.88485235468,158471.88485235468,0.0,0.0,-1.0
2024-01-11 14:00:00,158618.96540793157,158618.96540793157,0.0,0.0,-1.0
2024-01-11 15:00:00,158734.9964141025,158734.9964141025,0.0,0.0,-1.0
2024-01-11 16:00:00,158655.29503078674,158734.9964141025,79.70138331575436,0.05021034120782796,-1.0
2024-01-11 17:00:00,158641.13934837363,158734.9964141025,93.85706572886556,0.05912814933640368,-1.0
2024-01-11 18:00:00,158663.8416709937,158734.9964141025,71.15474310881109,0.0448261219745046,-1.0
2024-01-11 19:00:00,158752.80409930335,158752.80409930335,0.0,0.0,-1.0
2024-01-11 20:00:00,158860.3467717304,158860.3467717304,0.0,0.0,-1.0
2024-01-11 21:00:00,158953.65024864223,158953.65024864223,0.0,0.0,-1.0
2024-01-11 22:00:00,159052.44085331378,159052.44085331378,0.0,0.0,-1.0
2024-01-11 23:00:00,159390.6903250643,159390.6903250643,0.0,0.0,-1.0
2024-01-12 00:00:00,159605.10033545547,159605.10033545547,0.0,0.0,-1.0
2024-01-12 01:00:00,159668.89334084836,159668.89334084836,0.0,0.0,-1.0
2024-01-12 02:00:00,159689.2491803422,159689.2491803422,0.0,0.0,-1.0
2024-01-12 03:00:00,159810.43750102015,159810.43750102015,0.0,0.0,-1.0
2024-01-12 04:00:00,159972.13248977385,159972.13248977385,0.0,0.0,-1.0
2024-01-12 05:00:00,160111.7309104877,160111.7309104877,0.0,0.0,-1.0
2024-01-12 06:00:00,160152.7096030044,160152.7096030044,0.0,0.0,-1.0
2024-01-12 07:00:00,160148.19274700657,160152.7096030044,4.516855997819221,0.0028203431643559823,-1.0
2024-01-12 08:00:00,160347.66239836055,160347.66239836055,0.0,0.0,-1.0
2024-01-12 09:00:00,160350.1859184872,160350.1859184872,0.0,0.0,-1.0
2024-01-12 10:00:00,160234.26069622824,160350.1859184872,115.92522225895664,0.07229503451769388,-1.0
2024-01-12 11:00:00,160357.04729862398,160357.04729862398,0.0,0.0,-1.0
2024-01-12 12:00:00,160271.1742305706,160357.04729862398,85.87306805336266,0.05355116566436026,-1.0
2024-01-12 13:00:00,160319.4745097643,160357.04729862398,37.572788859688444,0.023430706347266884,-1.0
2024-01-12 14:00:00,160412.8716305937,160412.8716305937,0.0,0.0,-1.0
2024-01-12 15:00:00,160344.5194063327,160412.8716305937,68.35222426100518,0.04261018680496531,-1.0
2024-01-12 16:00:00,160333.7949353583,160412.8716305937,79.07669523538789,0.04929572947081791,-1.0
2024-01-12 17:00:00,160454.51110460676,160454.51110460676,0.0,0.0,-1.0
2024-01-12 18:00:00,160492.31552851456,160492.31552851456,0.0,0.0,-1.0
2024-01-12 19:00:00,160550.36368648047,160550.36368648047,0.0,0.0,-1.0
2024-01-12 20:00:00,160695.80068699882,160695.80068699882,0.0,0.0,-1.0
2024-01-12 21:00:00,160796.85115710515,160796.85115710515,0.0,0.0,-1.0
2024-01-12 22:00:00,160859.15866876094,160859.15866876094,0.0,0.0,-1.0
2024-01-12 23:00:00,160751.4240310525,160859.15866876094,107.73463770843227,0.06697451273525433,-1.0
2024-01-13 00:00:00,160737.22801261273,160859.15866876094,121.93065614820807,0.07579963562987797,-1.0
2024-01-13 01:00:00,160774.39876245687,160859.15866876094,84.75990630406886,0.05269199901673323,-1.0
2024-01-13 02:00:00,160710.87575502176,160859.15866876094,148.28291373918182,0.0921818284804809,-1.0
2024-01-13 03:00:00,160797.24169166596,160859.15866876094,61.91697709498112,0.03849142169298532,-1.0
2024-01-13 04:00:00,160901.28321249463,160901.28321249463,0.0,0.0,-1.0
2024-01-13 05:00:00,161146.07608830844,161146.07608830844,0.0,0.0,-1.0
2024-01-13 06:00:00,161262.18902717117,161262.18902717117,0.0,0.0,-1.0
2024-01-13 07:00:00,161409.25951220875,161409.25951220875,0.0,0.0,-1.0
2024-01-13 08:00:00,161520.7207865611,161520.7207865611,0.0,0.0,-1.0
2024-01-13 09:00:00,161574.1440875643,161574.1440875643,0.0,0.0,-1.0
2024-01-13 10:00:00,161498.57565251083,161574.1440875643,75.5684350534575,0.0467701286491133,-1.0
2024-01-13 11:00:00,161576.86700082227,161576.86700082227,0.0,0.0,-1.0
2024-01-13 12:00:00,161592.96855908982,161592.96855908982,0.0,0.0,-1.0
2024-01-13 13:00:00,161720.23772324977,161720.23772324977,0.0,0.0,-1.0
2024-01-13 14:00:00,162010.27975481548,162010.27975481548,0.0,0.0,-1.0
2024-01-13 15:00:00,162236.28199920955,162236.28199920955,0.0,0.0,-1.0
2024-01-13 16:00:00,162497.64894727213,162497.64894727213,0.0,0.0,-1.0
2024-01-13 17:00:00,162366.27575411397,162497.64894727213,131.37319315815694,0.08084621162782818,-1.0
2024-01-13 18:00:00,162453.535809257,162497.64894727213,44.11313801512006,0.02714693923321565,-1.0
2024-01-13 19:00:00,162598.05320069627,162598.05320069627,0.0,0.0,-1.0
2024-01-13 20:00:00,162759.6242561869,162759.6242561869,0.0,0.0,-1.0
2024-01-13 21:00:00,162805.88589692657,162805.88589692657,0.0,0.0,-1.0
2024-01-13 22:00:00,162799.66493543138,162805.88589692657,6.220961495186202,0.0038210912713098908,-1.0
2024-01-13 23:00:00,162783.719269731,162805.88589692657,22.16662719557644,0.013615372118432051,-1.0
2024-01-14 00:00:00,162863.06372771878,162863.06372771878,0.0,0.0,-1.0
2024-01-14 01:00:00,162883.3770805039,162883.3770805039,0.0,0.0,-1.0
2024-01-14 02:00:00,162816.73403773495,162883.3770805039,66.64304276896291,0.040914575792485613,-1.0
2024-01-14 03:00:00,162795.1759828346,162883.3770805039,88.20109766931273,0.054149845889872476,-1.0
2024-01-14 04:00:00,162861.355510689,162883.3770805039,22.021569814911345,0.013519838678214133,-1.0
2024-01-14 05:00:00,162974.31233079638,162974.31233079638,0.0,0.0,-1.0
2024-01-14 06:00:00,163075.0273372397,163075.0273372397,0.0,0.0,-1.0
2024-01-14 07:00:00,163148.35512329385,163148.35512329385,0.0,0.0,-1.0
2024-01-14 08:00:00,163315.9738351801,163315.9738351801,0.0,0.0,-1.0
2024-01-14 09:00:00,163257.00601643213,163315.9738351801,58.96781874797307,0.03610658367532615,-1.0
2024-01-14 10:00:00,163283.04550541722,163315.9738351801,32.92832976288628,0.02016234480291428,-1.0
2024-01-14 11:00:00,163348.96286769825,163348.96286769825,0.0,0.0,-1.0
2024-01-14 12:00:00,163415.3587471258,163415.3587471258,0.0,0.0,-1.0
2024-01-14 13:00:00,163466.08945070818,163466.08945070818,0.0,0.0,-1.0
2024-01-14 14:00:00,163446.38040854296,163466.08945070818,19.709042165224673,0.01205696070142289,-1.0
2024-01-14 15:00:00,163593.7286650353,163593.7286650353,0.0,0.0,-1.0
2024-01-14 16:00:00,163651.55612473065,163651.55612473065,0.0,0.0,-1.0
2024-01-14 17:00:00,163586.94803718795,163651.55612473065,64.60808754269965,0.039479054811710546,-1.0
2024-01-14 18:00:00,163757.70506059908,163757.70506059908,0.0,0.0,-1.0
2024-01-14 19:00:00,163971.94370045187,163971.94370045187,0.0,0.0,-1.0
2024-01-14 20:00:00,163949.70547458387,163971.94370045187,22.23822586800088,0.01356221397767062,-1.0
2024-01-14 21:00:00,164049.09465645498,164049.09465645498,0.0,0.0,-1.0
2024-01-14 22:00:00,164174.52589839685,164174.52589839685,0.0,0.0,-1.0
2024-01-14 23:00:00,164196.83930759854,164196.83930759854,0.0,0.0,-1.0
2024-01-15 00:00:00,164253.0820212952,164253.0820212952,0.0,0.0,-1.0
2024-01-15 01:00:00,164397.8564478204,164397.8564478204,0.0,0.0,-1.0
2024-01-15 02:00:00,164316.88986390558,164397.8564478204,80.96658391482197,0.04925038906484807,-1.0
2024-01-15 03:00:00,164324.76623099775,164397.8564478204,73.0902168226603,0.04445934904623225,-1.0
2024-01-15 04:00:00,164235.34353438963,164397.8564478204,162.512913430779,0.0988534260374376,-1.0
2024-01-15 05:00:00,164272.42773648945,164397.8564478204,125.42871133095468,0.07629583136977551,-1.0
2024-01-15 06:00:00,164237.0253064665,164397.8564478204,160.83114135390497,0.09783043698319295,-1.0
2024-01-15 07:00:00,164266.96871038145,164397.8564478204,130.8877374389558,0.07961645015760856,-1.0
2024-01-15 08:00:00,164289.5696873106,164397.8564478204,108.28676050979993,0.0658687180292828,-1.0
2024-01-15 09:00:00,164435.2642422926,164435.2642422926,0.0,0.0,-1.0
2024-01-15 10:00:00,164637.5130151794,164637.5130151794,0.0,0.0,-1.0
2024-01-15 11:00:00,164700.2935598699,164700.2935598699,0.0,0.0,-1.0
2024-01-15 12:00:00,164770.38261491258,164770.38261491258,0.0,0.0,-1.0
2024-01-15 13:00:00,164781.52086484898,164781.52086484898,0.0,0.0,-1.0
2024-01-15 14:00:00,164794.5709548828,164794.5709548828,0.0,0.0,-1.0
2024-01-15 15:00:00,165059.72192066547,165059.72192066547,0.0,0.0,-1.0
2024-01-15 16:00:00,165266.24889015555,165266.24889015555,0.0,0.0,-1.0
2024-01-15 17:00:00,165336.94958948274,165336.94958948274,0.0,0.0,-1.0
2024-01-15 18:00:00,165229.5705019859,165336.94958948274,107.37908749683993,0.06494560820400573,-1.0
2024-01-15 19:00:00,165182.2142413816,165336.94958948274,154.73534810115234,0.09358788128445986,-1.0
2024-01-15 20:00:00,165236.62325143503,165336.94958948274,100.32633804771467,0.060679925628733464,-1.0
2024-01-15 21:00:00,165418.80747186276,165418.80747186276,0.0,0.0,-1.0
2024-01-15 22:00:00,165403.8047391194,165418.80747186276,15.002732743363595,0.009069544734757875,-1.0
2024-01-15 23:00:00,165459.4187531162,165459.4187531162,0.0,0.0,-1.0
2024-01-16 00:00:00,165666.56089847165,165666.56089847165,0.0,0.0,-1.0
2024-01-16 01:00:00,165540.28627418532,165666.56089847165,126.2746242863359,0.07622215587835073,-1.0
2024-01-16 02:00:00,165747.84921642285,165747.84921642285,0.0,0.0,-1.0
2024-01-16 03:00:00,165871.23180834774,165871.23180834774,0.0,0.0,-1.0
2024-01-16 04:00:00,165925.07106623668,165925.07106623668,0.0,0.0,-1.0
2024-01-16 05:00:00,165947.71752035085,165947.71752035085,0.0,0.0,-1.0
2024-01-16 06:00:00,166013.89163047663,166013.89163047663,0.0,0.0,-1.0
2024-01-16 07:00:00,166008.13275456018,166013.89163047663,5.758875916450052,0.0034689120650629,-1.0
2024-01-16 08:00:00,166115.08325845335,166115.08325845335,0.0,0.0,-1.0
2024-01-16 09:00:00,166152.25505389235,166152.25505389235,0.0,0.0,-1.0
2024-01-16 10:00:00,166283.85687243435,166283.85687243435,0.0,0.0,-1.0
2024-01-16 11:00:00,166161.80969336754,166283.85687243435,122.0471790668089,0.07339688972961345,-1.0
2024-01-16 12:00:00,166107.25843706715,166283.85687243435,176.59843536719563,0.1062029944991438,-1.0
2024-01-16 13:00:00,166034.7084648752,166283.85687243435,249.14840755914338,0.14983319021177088,-1.0
2024-01-16 14:00:00,166201.99382488863,166283.85687243435,81.86304754571756,0.04923090496302314,-1.0
2024-01-16 15:00:00,166227.90497018,166283.85687243435,55.951902254339075,0.03364842703718552,-1.0
2024-01-16 16:00:00,166540.84783235053,166540.84783235053,0.0,0.0,-1.0
2024-01-16 17:00:00,166472.48200769248,166540.84783235053,68.36582465804531,0.04105048433935333,-1.0
2024-01-16 18:00:00,166742.09236407903,166742.09236407903,0.0,0.0,-1.0
2024-01-16 19:00:00,166622.0469242818,166742.09236407903,120.04543979722075,0.07199468238355988,-1.0
2024-01-16 20:00:00,166615.61240173128,166742.09236407903,126.47996234774473,0.07585364952214796,-1.0
2024-01-16 21:00:00,166622.82460573397,166742.09236407903,119.26775834505679,0.07152828458253799,-1.0
2024-01-16 22:00:00,166764.3154365223,166764.3154365223,0.0,0.0,-1.0
2024-01-16 23:00:00,166738.2397054569,166764.3154365223,26.07573106541531,0.015636277459694824,-1.0
2024-01-17 00:00:00,166864.88717648014,166864.88717648014,0.0,0.0,-1.0
2024-01-17 01:00:00,166829.16082800392,166864.88717648014,35.72634847622248,0.021410345268407172,-1.0
2024-01-17 02:00:00,167045.48020641948,167045.48020641948,0.0,0.0,-1.0
2024-01-17 03:00:00,167187.9550584339,167187.9550584339,0.0,0.0,-1.0
2024-01-17 04:00:00,167343.92306805172,167343.92306805172,0.0,0.0,-1.0
2024-01-17 05:00:00,167422.94109266522,167422.94109266522,0.0,0.0,-1.0
2024-01-17 06:00:00,167496.08353769535,167496.08353769535,0.0,0.0,-1.0
2024-01-17 07:00:00,167520.06739134528,167520.06739134528,0.0,0.0,-1.0
2024-01-17 08:00:00,167607.96582234273,167607.96582234273,0.0,0.0,-1.0
2024-01-17 09:00:00,167553.23009147082,167607.96582234273,54.735730871907435,0.03265699849249705,-1.0
2024-01-17 10:00:00,167492.44167049555,167607.96582234273,115.52415184717393,0.0689252156246706,-1.0
2024-01-17 11:00:00,167636.88630798223,167636.88630798223,0.0,0.0,-1.0
2024-01-17 12:00:00,167709.52229761973,167709.52229761973,0.0,0.0,-1.0
2024-01-17 13:00:00,167836.91499022042,167836.91499022042,0.0,0.0,-1.0
2024-01-17 14:00:00,167946.56027246852,167946.56027246852,0.0,0.0,-1.0
2024-01-17 15:00:00,168133.70139661097,168133.70139661097,0.0,0.0,-1.0
2024-01-17 16:00:00,168109.03159079776,168133.70139661097,24.6698058132024,0.014672731051705535,-1.0
2024-01-17 17:00:00,168029.03888340382,168133.70139661097,104.66251320714946,0.06224957420063026,-1.0
2024-01-17 18:00:00,167974.1476457383,168133.70139661097,159.5537508726702,0.09489694781434597,-1.0
2024-01-17 19:00:00,167957.02054644463,168133.70139661097,176.68085016633268,0.10508354285828743,-1.0
2024-01-17 20:00:00,167874.22231831236,168133.70139661097,259.47907829860924,0.15432901086649098,-1.0
2024-01-17 21:00:00,167982.29984950225,168133.70139661097,151.40154710871866,0.09004830432631541,-1.0
2024-01-17 22:00:00,168102.090408188,168133.70139661097,31.61098842296633,0.018801101837637595,-1.0
2024-01-17 23:00:00,168073.12219219573,168133.70139661097,60.57920441523311,0.036030375773583125,-1.0
2024-01-18 00:00:00,168210.72884825076,168210.72884825076,0.0,0.0,-1.0
2024-01-18 01:00:00,168129.5154185473,168210.72884825076,81.2134297034645,0.04828076678553019,-1.0
2024-01-18 02:00:00,168064.8243582335,168210.72884825076,145.90449001724483,0.08673911052895487,-1.0
2024-01-18 03:00:00,168040.20049187707,168210.72884825076,170.52835637368844,0.1013778119512986,-1.0
2024-01-18 04:00:00,168258.28330043075,168258.28330043075,0.0,0.0,-1.0
2024-01-18 05:00:00,168389.15314058558,168389.15314058558,0.0,0.0,-1.0
2024-01-18 06:00:00,168328.80396578723,168389.15314058558,60.34917479834985,0.035839110579744544,-1.0
2024-01-18 07:00:00,168307.1894315692,168389.15314058558,81.96370901638875,0.04867517146306834,-1.0
2024-01-18 08:00:00,168336.47792245532,168389.15314058558,52.675218130258145,0.031281835645482696,-1.0
2024-01-18 09:00:00,168342.2514369038,168389.15314058558,46.901703681767685,0.027853162039843594,-1.0
2024-01-18 10:00:00,168381.74239897338,168389.15314058558,7.410741612198763,0.004400961388535308,-1.0
2024-01-18 11:00:00,168391.2091915782,168391.2091915782,0.0,0.0,-1.0
2024-01-18 12:00:00,168583.5123855848,168583.5123855848,0.0,0.0,-1.0
2024-01-18 13:00:00,168549.1533930379,168583.5123855848,34.35899254688411,0.020380992222002174,-1.0
2024-01-18 14:00:00,168694.23511090092,168694.23511090092,0.0,0.0,-1.0
2024-01-18 15:00:00,168579.0917495078,168694.23511090092,115.14336139312945,0.06825565871734342,-1.0
2024-01-18 16:00:00,168660.80767377492,168694.23511090092,33.42743712599622,0.01981539979953717,-1.0
2024-01-18 17:00:00,168633.88684824607,168694.23511090092,60.34826265485026,0.035773755170220745,-1.0
2024-01-18 18:00:00,168718.89040218425,168718.89040218425,0.0,0.0,-1.0
2024-01-18 19:00:00,168793.9431474173,168793.9431474173,0.0,0.0,-1.0
2024-01-18 20:00:00,168756.74752018333,168793.9431474173,37.19562723397394,0.02203611488682914,-1.0
2024-01-18 21:00:00,168837.35365877594,168837.35365877594,0.0,0.0,-1.0
2024-01-18 22:00:00,168978.43018178915,168978.43018178915,0.0,0.0,-1.0
2024-01-18 23:00:00,168986.9056142324,168986.9056142324,0.0,0.0,-1.0
2024-01-19 00:00:00,168986.3175749144,168986.9056142324,0.5880393180123065,0.00034797922115616315,-1.0
2024-01-19 01:00:00,168944.4017294956,168986.9056142324,42.50388473679777,0.025152176485098033,-1.0
2024-01-19 02:00:00,169186.5421272862,169186.5421272862,0.0,0.0,-1.0
2024-01-19 03:00:00,169270.5634323057,169270.5634323057,0.0,0.0,-1.0
2024-01-19 04:00:00,169228.45371450027,169270.5634323057,42.10971780543332,0.024877165262271808,-1.0
2024-01-19 05:00:00,169230.80986385726,169270.5634323057,39.75356844844646,0.02348522249962535,-1.0
2024-01-19 06:00:00,169287.1328319543,169287.1328319543,0.0,0.0,-1.0
2024-01-19 07:00:00,169510.7045983017,169510.7045983017,0.0,0.0,-1.0
2024-01-19 08:00:00,169502.44894622918,169510.7045983017,8.255652072519297,0.00487028361547027,-1.0
2024-01-19 09:00:00,169621.33029997756,169621.33029997756,0.0,0.0,-1.0
2024-01-19 10:00:00,169793.22643878454,169793.22643878454,0.0,0.0,-1.0
2024-01-19 11:00:00,169870.02176376092,169870.02176376092,0.0,0.0,-1.0
2024-01-19 12:00:00,169963.1706284048,169963.1706284048,0.0,0.0,-1.0
2024-01-19 13:00:00,170136.8393958028,170136.8393958028,0.0,0.0,-1.0
2024-01-19 14:00:00,170361.13229519976,170361.13229519976,0.0,0.0,-1.0
2024-01-19 15:00:00,170340.3989594419,170361.13229519976,20.733335757860914,0.012170226552576813,-1.0
2024-01-19 16:00:00,170325.52761974675,170361.13229519976,35.604675453010714,0.020899529706879003,-1.0
2024-01-19 17:00:00,170535.42260289442,170535.42260289442,0.0,0.0,-1.0
2024-01-19 18:00:00,170570.59353899,170570.59353899,0.0,0.0,-1.0
2024-01-19 19:00:00,170533.2533151101,170570.59353899,37.340223879902624,0.021891360700088777,-1.0
2024-01-19 20:00:00,170533.4112708991,170570.59353899,37.18226809092448,0.02179875635035833,-1.0
2024-01-19 21:00:00,170554.34154763308,170570.59353899,16.251991356926737,0.009528014776598502,-1.0
2024-01-19 22:00:00,170651.20547263348,170651.20547263348,0.0,0.0,-1.0
2024-01-19 23:00:00,170666.44112657447,170666.44112657447,0.0,0.0,-1.0
2024-01-20 00:00:00,170768.381816833,170768.381816833,0.0,0.0,-1.0
2024-01-20 01:00:00,170626.07676019566,170768.381816833,142.30505663732765,0.08333220419571859,-1.0
2024-01-20 02:00:00,170539.92327379732,170768.381816833,228.4585430356674,0.13378269478521684,-1.0
2024-01-20 03:00:00,170769.42140590047,170769.42140590047,0.0,0.0,-1.0
2024-01-20 04:00:00,170852.5957758498,170852.5957758498,0.0,0.0,-1.0
2024-01-20 05:00:00,170856.47723556435,170856.47723556435,0.0,0.0,-1.0
2024-01-20 06:00:00,170968.5384192054,170968.5384192054,0.0,0.0,-1.0
2024-01-20 07:00:00,170911.5205212757,170968.5384192054,57.017897929705214,0.03334993587527811,-1.0
2024-01-20 08:00:00,170967.97110465693,170968.5384192054,0.5673145484761335,0.00033182394475708135,-1.0
2024-01-20 09:00:00,170980.20807326722,170980.20807326722,0.0,0.0,-1.0
2024-01-20 10:00:00,171144.42760955088,171144.42760955088,0.0,0.0,-1.0
2024-01-20 11:00:00,171519.53674600853,171519.53674600853,0.0,0.0,-1.0
2024-01-20 12:00:00,171574.7076845552,171574.7076845552,0.0,0.0,-1.0
2024-01-20 13:00:00,171667.44603405477,171667.44603405477,0.0,0.0,-1.0
2024-01-20 14:00:00,171676.69624810672,171676.69624810672,0.0,0.0,-1.0
2024-01-20 15:00:00,171847.82827135615,171847.82827135615,0.0,0.0,-1.0
2024-01-20 16:00:00,171851.00062852807,171851.00062852807,0.0,0.0,-1.0
2024-01-20 17:00:00,171948.39676238704,171948.39676238704,0.0,0.0,-1.0
2024-01-20 18:00:00,171940.5572552753,171948.39676238704,7.839507111755665,0.004559220824017897,-1.0
2024-01-20 19:00:00,171895.70035576093,171948.39676238704,52.69640662611346,0.030646640281813065,-1.0
2024-01-20 20:00:00,171942.43462908876,171948.39676238704,5.962133298278786,0.003467396853090622,-1.0
2024-01-20 21:00:00,171953.8208242181,171953.8208242181,0.0,0.0,-1.0
2024-01-20 22:00:00,171965.372379437,171965.372379437,0.0,0.0,-1.0
2024-01-20 23:00:00,172168.5753794663,172168.5753794663,0.0,0.0,-1.0
2024-01-21 00:00:00,172447.1797506728,172447.1797506728,0.0,0.0,-1.0
2024-01-21 01:00:00,172676.29208694055,172676.29208694055,0.0,0.0,-1.0
2024-01-21 02:00:00,172703.13785372442,172703.13785372442,0.0,0.0,-1.0
2024-01-21 03:00:00,172657.3739359354,172703.13785372442,45.7639177890087,0.026498602375001252,-1.0
2024-01-21 04:00:00,172602.72742679704,172703.13785372442,100.4104269273812,0.05814047629663019,-1.0
2024-01-21 05:00:00,172578.59796058148,172703.13785372442,124.53989314293722,0.07211211949629985,-1.0
2024-01-21 06:00:00,172497.04202641587,172703.13785372442,206.09582730854163,0.11933531137291788,-1.0
2024-01-21 07:00:00,172489.4577841272,172703.13785372442,213.68006959720515,0.12372680210256935,-1.0
2024-01-21 08:00:00,172438.3127819852,172703.13785372442,264.8250717392075,0.15334120446815983,-1.0
2024-01-21 09:00:00,172694.71985812395,172703.13785372442,8.417995600466384,0.004874257471567328,-1.0
2024-01-21 10:00:00,172737.7444671367,172737.7444671367,0.0,0.0,-1.0
2024-01-21 11:00:00,172861.55516762132,172861.55516762132,0.0,0.0,-1.0
2024-01-21 12:00:00,172942.2979154085,172942.2979154085,0.0,0.0,-1.0
2024-01-21 13:00:00,172886.3350229224,172942.2979154085,55.962892486102646,0.032359285819988266,-1.0
2024-01-21 14:00:00,173129.56792271204,173129.56792271204,0.0,0.0,-1.0
2024-01-21 15:00:00,173325.52577286944,173325.52577286944,0.0,0.0,-1.0
2024-01-21 16:00:00,173366.65709820483,173366.65709820483,0.0,0.0,-1.0
2024-01-21 17:00:00,173394.85389781976,173394.85389781976,0.0,0.0,-1.0
2024-01-21 18:00:00,173341.78479572004,173394.85389781976,53.06910209971829,0.030605926823521243,-1.0
2024-01-21 19:00:00,173365.47891989164,173394.85389781976,29.374977928120643,0.016941089811945104,-1.0
