timestamp,pair,atr,entry_price,method,position_size,risk_amount,portfolio_exposure,margin_used_pct,decision_reason
2024-01-01 01:00:00,EURUSD,318161.7816552649,-74.28386035582848,equity_%,-8.462282525648277e-05,2000.0,6.286110134268242e-06,1.2572220268536483e-07,"Method: equity_%, ATR: 318161.78, Risk: 2000.00"
2024-01-01 02:00:00,EURUSD,871992.4569393231,-25.299697806534112,equity_%,-9.066663636331479e-05,2000.2098704195562,2.2935978219581874e-06,4.587195643916374e-08,"Method: equity_%, ATR: 871992.46, Risk: 2000.21"
2024-01-01 03:00:00,EURUSD,2134287.4713719953,-109.06657564883882,equity_%,-8.596996251695656e-06,2001.2038523877668,9.370808885057689e-07,1.8741617770115375e-08,"Method: equity_%, ATR: 2134287.47, Risk: 2001.20"
2024-01-01 04:00:00,EURUSD,1785133.783675321,-36.56269633780279,equity_%,-3.06799399055715e-05,2002.4583383539753,1.1203642092764063e-06,2.2407284185528126e-08,"Method: equity_%, ATR: 1785133.78, Risk: 2002.46"
2024-01-01 05:00:00,EURUSD,2026629.6030897382,-75.7209276026598,equity_%,-1.3082963654273595e-05,2007.6890140327228,9.868601529114448e-07,1.9737203058228898e-08,"Method: equity_%, ATR: 2026629.60, Risk: 2007.69"
2024-01-01 06:00:00,EURUSD,1103014.0843539315,1.7634671043326762,equity_%,0.0010339772458933887,2011.2191815146414,1.813213474215481e-06,3.6264269484309626e-08,"Method: equity_%, ATR: 1103014.08, Risk: 2011.22"
2024-01-01 07:00:00,EURUSD,494906.8778811587,-8.409959188670602,equity_%,-0.00048329219175681943,2011.5329745589186,4.041164286426136e-06,8.082328572852272e-08,"Method: equity_%, ATR: 494906.88, Risk: 2011.53"
2024-01-01 08:00:00,EURUSD,1396360.20741479,63.338014679393964,equity_%,2.2794078367790947e-05,2015.9694545389052,1.4322951838500067e-06,2.8645903677000135e-08,"Method: equity_%, ATR: 1396360.21, Risk: 2015.97"
2024-01-01 09:00:00,EURUSD,2418314.277785348,-77.33479976241053,equity_%,-1.07829152344743e-05,2016.6191944058342,8.27022367759234e-07,1.654044735518468e-08,"Method: equity_%, ATR: 2418314.28, Risk: 2016.62"
2024-01-01 10:00:00,EURUSD,1746411.2291802648,-13.548130159525634,equity_%,-8.527316922901007e-05,2017.6149144993901,1.1452056460601008e-06,2.2904112921202015e-08,"Method: equity_%, ATR: 1746411.23, Risk: 2017.61"
2024-01-01 11:00:00,EURUSD,5604260.420949204,-76.89055419258506,equity_%,-4.68819608420344e-06,2020.212560438251,3.568713531804892e-07,7.137427063609784e-09,"Method: equity_%, ATR: 5604260.42, Risk: 2020.21"
2024-01-01 12:00:00,EURUSD,1403357.0914713212,-168.23441460081176,equity_%,-8.583751312278827e-06,2026.563244572298,1.4251540197107925e-06,2.850308039421585e-08,"Method: equity_%, ATR: 1403357.09, Risk: 2026.56"
2024-01-01 13:00:00,EURUSD,2313343.931798263,-34.09367313621928,equity_%,-2.5731614479814106e-05,2029.4625172747928,8.645493532149855e-07,1.729098706429971e-08,"Method: equity_%, ATR: 2313343.93, Risk: 2029.46"
2024-01-01 14:00:00,EURUSD,2475369.7729000854,-121.1988850871171,equity_%,-6.760394630829492e-06,2028.1998969867373,8.079600962634551e-07,1.6159201925269103e-08,"Method: equity_%, ATR: 2475369.77, Risk: 2028.20"
2024-01-01 15:00:00,EURUSD,1406282.7129892013,-219.19289108080284,equity_%,-6.579620829604935e-06,2028.1495236712735,1.4221891384476956e-06,2.8443782768953907e-08,"Method: equity_%, ATR: 1406282.71, Risk: 2028.15"
2024-01-01 16:00:00,EURUSD,1627218.473826247,-134.6075217408844,equity_%,-9.243510896502237e-06,2024.6602300827858,1.2290912573633663e-06,2.4581825147267327e-08,"Method: equity_%, ATR: 1627218.47, Risk: 2024.66"
2024-01-01 17:00:00,EURUSD,1758504.508838109,-245.17212342305052,equity_%,-4.705350171032536e-06,2028.6471899202888,1.137330038079603e-06,2.2746600761592062e-08,"Method: equity_%, ATR: 1758504.51, Risk: 2028.65"
2024-01-01 18:00:00,EURUSD,2477261.722490015,-73.51914810919763,equity_%,-1.112666633054411e-05,2026.4571401284284,8.073430359993225e-07,1.614686071998645e-08,"Method: equity_%, ATR: 2477261.72, Risk: 2026.46"
2024-01-01 19:00:00,EURUSD,1661664.9443808838,-200.9376226866488,equity_%,-6.072463288995033e-06,2027.54086204239,1.2036120800184395e-06,2.407224160036879e-08,"Method: equity_%, ATR: 1661664.94, Risk: 2027.54"
2024-01-01 20:00:00,EURUSD,2318645.619365986,-152.2468137008613,equity_%,-5.750352547724697e-06,2029.911295592926,8.625725222066852e-07,1.72514504441337e-08,"Method: equity_%, ATR: 2318645.62, Risk: 2029.91"
2024-01-01 21:00:00,EURUSD,3098181.464905332,-70.80973014624871,equity_%,-9.240231643977713e-06,2027.1348940788987,6.455399797122961e-07,1.2910799594245921e-08,"Method: equity_%, ATR: 3098181.46, Risk: 2027.13"
2024-01-01 22:00:00,EURUSD,4459489.503317578,-352.9363804891723,equity_%,-1.2875269894736917e-06,2026.4594374845874,4.4848182701453314e-07,8.969636540290663e-09,"Method: equity_%, ATR: 4459489.50, Risk: 2026.46"
2024-01-01 23:00:00,EURUSD,1919282.6392952458,-472.6180241795793,equity_%,-2.2321617763402873e-06,2024.766198926585,1.0420560052241153e-06,2.0841120104482305e-08,"Method: equity_%, ATR: 1919282.64, Risk: 2024.77"
2024-01-02 00:00:00,EURUSD,1983110.3682896695,-368.88818300261926,equity_%,-2.7634267537517257e-06,2021.5737339806801,1.008516738140448e-06,2.017033476280896e-08,"Method: equity_%, ATR: 1983110.37, Risk: 2021.57"
2024-01-02 01:00:00,EURUSD,1528187.9461360245,-318.47307595715404,equity_%,-4.156174194129199e-06,2022.7547690270685,1.3087395467664415e-06,2.6174790935328827e-08,"Method: equity_%, ATR: 1528187.95, Risk: 2022.75"
2024-01-02 02:00:00,EURUSD,1929404.9246829643,-187.07937142312446,equity_%,-5.613380873452755e-06,2026.160270138364,1.036589040700534e-06,2.0731780814010682e-08,"Method: equity_%, ATR: 1929404.92, Risk: 2026.16"
2024-01-02 03:00:00,EURUSD,3036315.2351787845,-33.646598085463154,equity_%,-1.9869715373107857e-05,2029.9234714263212,6.586931346350261e-07,1.317386269270052e-08,"Method: equity_%, ATR: 3036315.24, Risk: 2029.92"
2024-01-02 04:00:00,EURUSD,3211805.0288931523,96.7136722492694,equity_%,6.541270815681619e-06,2031.8852488640173,6.227028048116724e-07,1.2454056096233448e-08,"Method: equity_%, ATR: 3211805.03, Risk: 2031.89"
2024-01-02 05:00:00,EURUSD,1438900.6853604456,93.32983718367468,equity_%,1.5104302669742777e-05,2028.3925526941766,1.3899499947065482e-06,2.7798999894130966e-08,"Method: equity_%, ATR: 1438900.69, Risk: 2028.39"
2024-01-02 06:00:00,EURUSD,1737708.340880457,-10.7132591063923,equity_%,-0.00010893430419513186,2027.9776208378564,1.1509411291578688e-06,2.3018822583157374e-08,"Method: equity_%, ATR: 1737708.34, Risk: 2027.98"
2024-01-02 07:00:00,EURUSD,2183920.3386785784,-124.19517848178764,equity_%,-7.465922780937748e-06,2024.99997678912,9.157843189510003e-07,1.831568637902001e-08,"Method: equity_%, ATR: 2183920.34, Risk: 2025.00"
2024-01-02 08:00:00,EURUSD,1379045.6534645648,-114.35896063204927,equity_%,-1.2822695989003277e-05,2022.2190120149462,1.4502783102034486e-06,2.900556620406897e-08,"Method: equity_%, ATR: 1379045.65, Risk: 2022.22"
2024-01-02 09:00:00,EURUSD,3745825.1656514555,-206.4952999437142,equity_%,-2.612463935533048e-06,2020.7285523501766,5.339277493086546e-07,1.0678554986173092e-08,"Method: equity_%, ATR: 3745825.17, Risk: 2020.73"
2024-01-02 10:00:00,EURUSD,4739778.922087134,152.19088867707546,equity_%,2.807755890039313e-06,2025.3779859243118,4.2196060889677775e-07,8.439212177935556e-09,"Method: equity_%, ATR: 4739778.92, Risk: 2025.38"
2024-01-02 11:00:00,EURUSD,1415192.8433019198,246.60636224375844,equity_%,5.804073481561088e-06,2025.5958689428342,1.4132349590841709e-06,2.826469918168342e-08,"Method: equity_%, ATR: 1415192.84, Risk: 2025.60"
2024-01-02 12:00:00,EURUSD,2057939.0689314394,105.0826780387981,equity_%,9.378166409269344e-06,2028.063641036482,9.718460717296536e-07,1.943692143459307e-08,"Method: equity_%, ATR: 2057939.07, Risk: 2028.06"
2024-01-02 13:00:00,EURUSD,1130607.9386480928,123.4193444197088,equity_%,1.4520466024132233e-05,2026.1697197652268,1.7689598061654065e-06,3.537919612330812e-08,"Method: equity_%, ATR: 1130607.94, Risk: 2026.17"
2024-01-02 14:00:00,EURUSD,2829663.8926085224,318.54256639924154,equity_%,2.248255427208797e-06,2026.5063936145727,7.067977243602252e-07,1.4135954487204504e-08,"Method: equity_%, ATR: 2829663.89, Risk: 2026.51"
2024-01-02 15:00:00,EURUSD,1609313.333969153,270.08241920522266,equity_%,4.656410640251253e-06,2023.8960260961014,1.242766065367315e-06,2.4855321307346305e-08,"Method: equity_%, ATR: 1609313.33, Risk: 2023.90"
2024-01-02 16:00:00,EURUSD,3504364.829641415,33.82858020582958,equity_%,1.7084622520224786e-05,2025.3424780864393,5.70716833784869e-07,1.141433667569738e-08,"Method: equity_%, ATR: 3504364.83, Risk: 2025.34"
2024-01-02 17:00:00,EURUSD,682225.3060030681,2.5146083951538003,equity_%,0.0011821646824145373,2028.038365097795,2.931582839864644e-06,5.863165679729288e-08,"Method: equity_%, ATR: 682225.31, Risk: 2028.04"
2024-01-02 18:00:00,EURUSD,1764021.7878835246,-22.236374792265636,equity_%,-5.1782915942778566e-05,2031.2081603400143,1.1337728443817025e-06,2.267545688763405e-08,"Method: equity_%, ATR: 1764021.79, Risk: 2031.21"
2024-01-02 19:00:00,EURUSD,1514259.667109291,-110.86913089269949,equity_%,-1.2120842398172896e-05,2034.903422973045,1.320777435628318e-06,2.641554871256636e-08,"Method: equity_%, ATR: 1514259.67, Risk: 2034.90"
2024-01-02 20:00:00,EURUSD,2269870.1473158253,-137.91019272596628,equity_%,-6.4978165323385965e-06,2034.064982764228,8.811076714520639e-07,1.762215342904128e-08,"Method: equity_%, ATR: 2269870.15, Risk: 2034.06"
2024-01-02 21:00:00,EURUSD,2258992.5853571533,-69.26455293816346,equity_%,-1.2978405670049417e-05,2030.7066256732528,8.853504048503967e-07,1.7707008097007934e-08,"Method: equity_%, ATR: 2258992.59, Risk: 2030.71"
2024-01-02 22:00:00,EURUSD,8078852.179928769,172.61654911279223,equity_%,1.4548420727981758e-06,2028.840678487312,2.4755992007983905e-07,4.9511984015967815e-09,"Method: equity_%, ATR: 8078852.18, Risk: 2028.84"
2024-01-02 23:00:00,EURUSD,3342810.5612736433,398.19798936531276,equity_%,1.524261022889495e-06,2028.9445248405118,5.982989353838767e-07,1.1965978707677536e-08,"Method: equity_%, ATR: 3342810.56, Risk: 2028.94"
2024-01-03 00:00:00,EURUSD,1368132.879092633,436.4407262295274,equity_%,3.398523672815583e-06,2029.2887568089736,1.461846309348571e-06,2.9236926186971418e-08,"Method: equity_%, ATR: 1368132.88, Risk: 2029.29"
2024-01-03 01:00:00,EURUSD,1983210.616777128,503.67295378260627,equity_%,2.030019903337717e-06,2027.7656663661182,1.0084657590478999e-06,2.0169315180957996e-08,"Method: equity_%, ATR: 1983210.62, Risk: 2027.77"
2024-01-03 02:00:00,EURUSD,2652152.8931820937,616.2381100864825,equity_%,1.240387776192492e-06,2027.2372963289756,7.541043373258808e-07,1.5082086746517615e-08,"Method: equity_%, ATR: 2652152.89, Risk: 2027.24"
2024-01-03 03:00:00,EURUSD,1364760.904548376,680.9298689198399,equity_%,2.18032142022198e-06,2026.1867890633798,1.4654581570548697e-06,2.9309163141097395e-08,"Method: equity_%, ATR: 1364760.90, Risk: 2026.19"
2024-01-03 04:00:00,EURUSD,1471796.135287982,784.865959536994,equity_%,1.7609553928110026e-06,2034.1899614252386,1.3588838508593218e-06,2.717767701718644e-08,"Method: equity_%, ATR: 1471796.14, Risk: 2034.19"
2024-01-03 05:00:00,EURUSD,3417356.5948186424,917.222941356298,equity_%,6.481276902370657e-07,2031.5419004027442,5.852476744839498e-07,1.1704953489678996e-08,"Method: equity_%, ATR: 3417356.59, Risk: 2031.54"
2024-01-03 06:00:00,EURUSD,1666585.180915763,1037.570182346814,equity_%,1.175268294091645e-06,2032.272864718778,1.2000586726092398e-06,2.4001173452184793e-08,"Method: equity_%, ATR: 1666585.18, Risk: 2032.27"
2024-01-03 07:00:00,EURUSD,1831338.3747383808,1084.9340042634033,equity_%,1.0232052237229966e-06,2032.9873005882926,1.092097466851648e-06,2.1841949337032962e-08,"Method: equity_%, ATR: 1831338.37, Risk: 2032.99"
2024-01-03 08:00:00,EURUSD,2223071.1878964347,1260.2383092960897,equity_%,7.256859931872989e-07,2033.0814977311852,8.996563002071409e-07,1.7993126004142813e-08,"Method: equity_%, ATR: 2223071.19, Risk: 2033.08"
2024-01-03 09:00:00,EURUSD,1430304.6727163019,1208.4985608300126,equity_%,1.1779467412639812e-06,2036.105842332718,1.398303479077493e-06,2.7966069581549858e-08,"Method: equity_%, ATR: 1430304.67, Risk: 2036.11"
2024-01-03 10:00:00,EURUSD,1805189.8938550015,1319.8321174736789,equity_%,8.544389237538257e-07,2035.7414071778992,1.1079166833407093e-06,2.2158333666814187e-08,"Method: equity_%, ATR: 1805189.89, Risk: 2035.74"
2024-01-03 11:00:00,EURUSD,1747494.857721233,1377.120870430595,equity_%,8.449746586086878e-07,2033.4413510564998,1.144495499464896e-06,2.2889909989297924e-08,"Method: equity_%, ATR: 1747494.86, Risk: 2033.44"
2024-01-03 12:00:00,EURUSD,2708647.7839633813,1264.5732234352524,equity_%,5.933357970426188e-07,2032.3432914309446,7.383758094504022e-07,1.4767516189008043e-08,"Method: equity_%, ATR: 2708647.78, Risk: 2032.34"
2024-01-03 13:00:00,EURUSD,2694086.2683210573,1371.5265807910412,equity_%,5.505668635134851e-07,2034.3505772475428,7.423667250441803e-07,1.4847334500883607e-08,"Method: equity_%, ATR: 2694086.27, Risk: 2034.35"
2024-01-03 14:00:00,EURUSD,3350052.789712179,1572.6637255116536,equity_%,3.8605062509492e-07,2033.910228000469,5.970055176867319e-07,1.1940110353734639e-08,"Method: equity_%, ATR: 3350052.79, Risk: 2033.91"
2024-01-03 15:00:00,EURUSD,1956930.7838093664,1467.6533317828257,equity_%,7.076159163003563e-07,2032.3408320761228,1.0220085536734186e-06,2.0440171073468373e-08,"Method: equity_%, ATR: 1956930.78, Risk: 2032.34"
2024-01-03 16:00:00,EURUSD,2973219.9201482125,1251.2742686028703,equity_%,5.477265357069864e-07,2037.7144694532474,6.726713979167412e-07,1.3453427958334825e-08,"Method: equity_%, ATR: 2973219.92, Risk: 2037.71"
2024-01-03 17:00:00,EURUSD,3126351.455770091,1111.4076552038298,equity_%,5.852024113955765e-07,2033.374109314371,6.397233415036362e-07,1.2794466830072724e-08,"Method: equity_%, ATR: 3126351.46, Risk: 2033.37"
2024-01-03 18:00:00,EURUSD,3544706.963295182,860.1863883553033,equity_%,6.671207712721858e-07,2034.1237346510773,5.642215338840838e-07,1.1284430677681675e-08,"Method: equity_%, ATR: 3544706.96, Risk: 2034.12"
2024-01-03 19:00:00,EURUSD,2374664.6850171587,882.2935000220975,equity_%,9.702687627261235e-07,2032.8597783855205,8.422241727932837e-07,1.6844483455865675e-08,"Method: equity_%, ATR: 2374664.69, Risk: 2032.86"
2024-01-03 20:00:00,EURUSD,2300932.380667173,958.1275293023092,equity_%,9.21956512834054e-07,2032.5330265100592,8.692128533651586e-07,1.7384257067303168e-08,"Method: equity_%, ATR: 2300932.38, Risk: 2032.53"
2024-01-03 21:00:00,EURUSD,2267573.301573234,895.1126037995131,equity_%,1.0036210477925366e-06,2037.0832040780724,8.820001534734984e-07,1.7640003069469972e-08,"Method: equity_%, ATR: 2267573.30, Risk: 2037.08"
2024-01-03 22:00:00,EURUSD,4344798.616618872,686.5411244004996,equity_%,6.820156204501519e-07,2034.372750561307,4.6032052955227707e-07,9.206410591045542e-09,"Method: equity_%, ATR: 4344798.62, Risk: 2034.37"
2024-01-03 23:00:00,EURUSD,1893188.2552162164,842.6387212150073,equity_%,1.2770868845848291e-06,2037.3031584097396,1.0564189770824374e-06,2.1128379541648748e-08,"Method: equity_%, ATR: 1893188.26, Risk: 2037.30"
2024-01-04 00:00:00,EURUSD,3167236.9883853514,780.7741853272207,equity_%,8.247043058507756e-07,2039.4087043206132,6.314652194749703e-07,1.2629304389499403e-08,"Method: equity_%, ATR: 3167236.99, Risk: 2039.41"
2024-01-04 01:00:00,EURUSD,1792374.9400420398,680.2623532759773,equity_%,1.6726039971842647e-06,2039.3812903057562,1.115837961868118e-06,2.231675923736236e-08,"Method: equity_%, ATR: 1792374.94, Risk: 2039.38"
2024-01-04 02:00:00,EURUSD,862872.9266140442,643.8473058824204,equity_%,3.665900156261115e-06,2036.621658802735,2.317838395797279e-06,4.635676791594559e-08,"Method: equity_%, ATR: 862872.93, Risk: 2036.62"
2024-01-04 03:00:00,EURUSD,4530419.932527185,465.69804322417775,equity_%,9.659562620768732e-07,2037.9819572377348,4.4146018024522245e-07,8.829203604904451e-09,"Method: equity_%, ATR: 4530419.93, Risk: 2037.98"
2024-01-04 04:00:00,EURUSD,5713926.516223937,766.662714435748,equity_%,4.654189254036455e-07,2038.8394694700116,3.500220022643387e-07,7.000440045286775e-09,"Method: equity_%, ATR: 5713926.52, Risk: 2038.84"
2024-01-04 05:00:00,EURUSD,1704254.5391837836,851.5358139979598,equity_%,1.4047043179003244e-06,2038.5543518283396,1.1735336207218538e-06,2.3470672414437078e-08,"Method: equity_%, ATR: 1704254.54, Risk: 2038.55"
2024-01-04 06:00:00,EURUSD,490371.2713288712,848.199503007123,equity_%,4.900227365889905e-06,2038.1646451889299,4.078542355428249e-06,8.157084710856499e-08,"Method: equity_%, ATR: 490371.27, Risk: 2038.16"
2024-01-04 07:00:00,EURUSD,2267858.6700435663,888.4923199274127,equity_%,1.0121758609085863e-06,2039.5090664828947,8.818891699109184e-07,1.7637783398218365e-08,"Method: equity_%, ATR: 2267858.67, Risk: 2039.51"
2024-01-04 08:00:00,EURUSD,1824774.4656257897,950.9452442974584,equity_%,1.1738150835702874e-06,2036.8750662079044,1.0960258583594977e-06,2.1920517167189954e-08,"Method: equity_%, ATR: 1824774.47, Risk: 2036.88"
2024-01-04 09:00:00,EURUSD,661918.2338730695,950.7302888634706,equity_%,3.2324503956275554e-06,2034.1995032013092,3.02152123578382e-06,6.04304247156764e-08,"Method: equity_%, ATR: 661918.23, Risk: 2034.20"
2024-01-04 10:00:00,EURUSD,2481300.5644963267,1046.4893207328932,equity_%,7.838368411182256e-07,2035.3534938912703,8.060289142786599e-07,1.6120578285573198e-08,"Method: equity_%, ATR: 2481300.56, Risk: 2035.35"
2024-01-04 11:00:00,EURUSD,1343829.3561825436,1061.4659871520114,equity_%,1.4297943561461887e-06,2039.5003540090995,1.488284201263068e-06,2.976568402526136e-08,"Method: equity_%, ATR: 1343829.36, Risk: 2039.50"
2024-01-04 12:00:00,EURUSD,2543167.588468932,983.2425576064911,equity_%,8.159985874373332e-07,2040.4457607678005,7.864208434663417e-07,1.572841686932684e-08,"Method: equity_%, ATR: 2543167.59, Risk: 2040.45"
2024-01-04 13:00:00,EURUSD,1351240.9566980556,1048.4245467245248,equity_%,1.4396233929943405e-06,2039.4773006363866,1.4801209141020097e-06,2.9602418282040194e-08,"Method: equity_%, ATR: 1351240.96, Risk: 2039.48"
2024-01-04 14:00:00,EURUSD,2113788.7920170645,1166.5342505795277,equity_%,8.2751998724099e-07,2040.5045973528797,9.461683246468147e-07,1.8923366492936294e-08,"Method: equity_%, ATR: 2113788.79, Risk: 2040.50"
2024-01-04 15:00:00,EURUSD,652044.7501085232,1145.478570810232,equity_%,2.7389088112499357e-06,2045.6999979108832,3.067274139799653e-06,6.134548279599306e-08,"Method: equity_%, ATR: 652044.75, Risk: 2045.70"
2024-01-04 16:00:00,EURUSD,3440754.005051192,1373.2122608059888,equity_%,4.324458185636406e-07,2043.2570149237436,5.812679421614867e-07,1.1625358843229734e-08,"Method: equity_%, ATR: 3440754.01, Risk: 2043.26"
2024-01-04 17:00:00,EURUSD,1555283.0227684171,1394.0752691978173,equity_%,9.446379691750421e-07,2048.1466621464033,1.2859395818775045e-06,2.571879163755009e-08,"Method: equity_%, ATR: 1555283.02, Risk: 2048.15"
2024-01-04 18:00:00,EURUSD,1998412.5514798756,1466.9782223184382,equity_%,6.985495152734088e-07,2047.8871033685318,1.0007943547587055e-06,2.001588709517411e-08,"Method: equity_%, ATR: 1998412.55, Risk: 2047.89"
2024-01-04 19:00:00,EURUSD,1702881.9202461136,1320.0200006695493,equity_%,9.102097559028555e-07,2046.00425341788,1.1744795550539083e-06,2.3489591101078168e-08,"Method: equity_%, ATR: 1702881.92, Risk: 2046.00"
2024-01-04 20:00:00,EURUSD,2192134.3617036655,1405.8812946075327,equity_%,6.643373665464441e-07,2047.4085045184604,9.123528351818984e-07,1.8247056703637968e-08,"Method: equity_%, ATR: 2192134.36, Risk: 2047.41"
2024-01-04 21:00:00,EURUSD,1480080.132057833,1396.623807257512,equity_%,9.893657847576637e-07,2045.1330016547925,1.3512781887148875e-06,2.7025563774297748e-08,"Method: equity_%, ATR: 1480080.13, Risk: 2045.13"
2024-01-04 22:00:00,EURUSD,1373003.8518754758,1405.169716261756,equity_%,1.0582511938643596e-06,2041.687661263047,1.4566601523135344e-06,2.9133203046270692e-08,"Method: equity_%, ATR: 1373003.85, Risk: 2041.69"
2024-01-04 23:00:00,EURUSD,1486855.1936095355,1479.1852986702477,equity_%,9.291064617952661e-07,2043.415750322994,1.3451209025572548e-06,2.6902418051145096e-08,"Method: equity_%, ATR: 1486855.19, Risk: 2043.42"
2024-01-05 00:00:00,EURUSD,1056517.6506169473,1376.8074745714725,equity_%,1.4049134374387379e-06,2043.6171489785659,1.89301144077632e-06,3.78602288155264e-08,"Method: equity_%, ATR: 1056517.65, Risk: 2043.62"
2024-01-05 01:00:00,EURUSD,6051018.562250961,1362.3720315957896,equity_%,2.480476662589616e-07,2044.8400842375222,3.3052286642730217e-07,6.610457328546042e-09,"Method: equity_%, ATR: 6051018.56, Risk: 2044.84"
2024-01-05 02:00:00,EURUSD,948577.9458027537,1402.981754555591,equity_%,1.5367394353861181e-06,2045.1505463072795,2.108419248886773e-06,4.2168384977735465e-08,"Method: equity_%, ATR: 948577.95, Risk: 2045.15"
2024-01-05 03:00:00,EURUSD,1439454.863100052,1336.2630261285522,equity_%,1.064470473291078e-06,2047.4986420845285,1.3894148759154155e-06,2.7788297518308304e-08,"Method: equity_%, ATR: 1439454.86, Risk: 2047.50"
2024-01-05 04:00:00,EURUSD,942229.3893839014,1360.489461621092,equity_%,1.6016013967356594e-06,2053.081867011738,2.1226253633499445e-06,4.245250726699889e-08,"Method: equity_%, ATR: 942229.39, Risk: 2053.08"
2024-01-05 05:00:00,EURUSD,1093223.8171525318,1359.146326402912,equity_%,1.3820960503644013e-06,2053.5889851392676,1.8294515437921074e-06,3.6589030875842146e-08,"Method: equity_%, ATR: 1093223.82, Risk: 2053.59"
2024-01-05 06:00:00,EURUSD,3645125.056277325,1177.658079355961,equity_%,4.784137405001108e-07,2053.6919133773017,5.486780204031052e-07,1.0973560408062104e-08,"Method: equity_%, ATR: 3645125.06, Risk: 2053.69"
2024-01-05 07:00:00,EURUSD,6301204.266676136,1000.2164210320539,equity_%,3.266735442637247e-07,2058.882219926522,3.1739964542603116e-07,6.347992908520623e-09,"Method: equity_%, ATR: 6301204.27, Risk: 2058.88"
2024-01-05 08:00:00,EURUSD,811210.5308863898,995.6384986765655,equity_%,2.544302117417216e-06,2054.962686759529,2.4654512285665838e-06,4.9309024571331667e-08,"Method: equity_%, ATR: 811210.53, Risk: 2054.96"
2024-01-05 09:00:00,EURUSD,2173968.760653531,1132.5484473453657,equity_%,8.346540334045562e-07,2055.02251563574,9.199764210957507e-07,1.8399528421915013e-08,"Method: equity_%, ATR: 2173968.76, Risk: 2055.02"
2024-01-05 10:00:00,EURUSD,2012620.89425637,1219.204662513363,equity_%,8.358259700878003e-07,2050.947072494858,9.93729124897596e-07,1.9874582497951923e-08,"Method: equity_%, ATR: 2012620.89, Risk: 2050.95"
2024-01-05 11:00:00,EURUSD,2549332.129097793,1174.2486603392256,equity_%,6.85253906030648e-07,2051.341718943437,7.845191990373566e-07,1.5690383980747137e-08,"Method: equity_%, ATR: 2549332.13, Risk: 2051.34"
2024-01-05 12:00:00,EURUSD,1279469.6464982145,1274.137531604453,equity_%,1.2572703067848898e-06,2049.627573127321,1.5631476725327622e-06,3.1262953450655245e-08,"Method: equity_%, ATR: 1279469.65, Risk: 2049.63"
2024-01-05 13:00:00,EURUSD,2095934.5391356056,1382.6968025417377,equity_%,7.10889125413444e-07,2060.186532554335,9.54228275099102e-07,1.908456550198204e-08,"Method: equity_%, ATR: 2095934.54, Risk: 2060.19"
2024-01-05 14:00:00,EURUSD,2550302.2374146166,1286.3338397444065,equity_%,6.279858533886755e-07,2060.1327551598224,7.842207761333855e-07,1.568441552266771e-08,"Method: equity_%, ATR: 2550302.24, Risk: 2060.13"
2024-01-05 15:00:00,EURUSD,4270020.147016034,1098.2179946128222,equity_%,4.392217781289033e-07,2059.692299907146,4.6838186498900605e-07,9.36763729978012e-09,"Method: equity_%, ATR: 4270020.15, Risk: 2059.69"
2024-01-05 16:00:00,EURUSD,1176314.8336838537,1030.1332011474772,equity_%,1.6987582198606885e-06,2058.4889001058646,1.7002250951274832e-06,3.4004501902549666e-08,"Method: equity_%, ATR: 1176314.83, Risk: 2058.49"
2024-01-05 17:00:00,EURUSD,3068299.0711645745,853.2353639495772,equity_%,7.863014248007559e-07,2058.522406391433,6.518269417723022e-07,1.3036538835446046e-08,"Method: equity_%, ATR: 3068299.07, Risk: 2058.52"
2024-01-05 18:00:00,EURUSD,1860431.181631442,849.3580070061262,equity_%,1.3013030757407995e-06,2056.282840739939,1.0750196082212338e-06,2.1500392164424676e-08,"Method: equity_%, ATR: 1860431.18, Risk: 2056.28"
2024-01-05 19:00:00,EURUSD,347545.86210784735,871.1014565118946,equity_%,6.783742935993588e-06,2053.7626166250275,5.754636202169422e-06,1.1509272404338843e-07,"Method: equity_%, ATR: 347545.86, Risk: 2053.76"
2024-01-05 20:00:00,EURUSD,2706397.941508242,773.7908859068978,equity_%,9.788496903478429e-07,2049.893377121618,7.389896250384467e-07,1.4779792500768935e-08,"Method: equity_%, ATR: 2706397.94, Risk: 2049.89"
2024-01-05 21:00:00,EURUSD,4846424.055811791,1095.3892445859165,equity_%,3.861780744240837e-07,2050.111570575823,4.1267540292963355e-07,8.253508058592671e-09,"Method: equity_%, ATR: 4846424.06, Risk: 2050.11"
2024-01-05 22:00:00,EURUSD,1401697.902630974,1113.8873562353874,equity_%,1.3122593649931894e-06,2048.874600426031,1.4268409735407455e-06,2.8536819470814907e-08,"Method: equity_%, ATR: 1401697.90, Risk: 2048.87"
2024-01-05 23:00:00,EURUSD,1316049.6289866115,1095.3423889000774,equity_%,1.4263891116926385e-06,2056.175485104159,1.5196995280033975e-06,3.039399056006795e-08,"Method: equity_%, ATR: 1316049.63, Risk: 2056.18"
2024-01-06 00:00:00,EURUSD,907530.648969539,1125.9840418183026,equity_%,2.009994478594226e-06,2053.9430645519574,2.203782321038867e-06,4.4075646420777344e-08,"Method: equity_%, ATR: 907530.65, Risk: 2053.94"
2024-01-06 01:00:00,EURUSD,2654153.759442568,1146.849468401173,equity_%,6.753006087343065e-07,2055.55753633219,7.535358465517255e-07,1.507071693103451e-08,"Method: equity_%, ATR: 2654153.76, Risk: 2055.56"
2024-01-06 02:00:00,EURUSD,1052795.0540703114,1168.4681991292214,equity_%,1.6724003690297116e-06,2057.3159253352173,1.89970497322115e-06,3.7994099464423e-08,"Method: equity_%, ATR: 1052795.05, Risk: 2057.32"
2024-01-06 03:00:00,EURUSD,2944531.2943292423,1313.0094979049993,equity_%,5.324692957588131e-07,2058.631490084968,6.792252484637272e-07,1.3584504969274545e-08,"Method: equity_%, ATR: 2944531.29, Risk: 2058.63"
2024-01-06 04:00:00,EURUSD,1120913.8561815848,1336.2115140885585,equity_%,1.3759287963470187e-06,2060.835882016365,1.784258432501709e-06,3.568516865003418e-08,"Method: equity_%, ATR: 1120913.86, Risk: 2060.84"
2024-01-06 05:00:00,EURUSD,2575312.3590742983,1380.2428510590041,equity_%,5.799095556876521e-07,2061.3212648407066,7.766048234703865e-07,1.553209646940773e-08,"Method: equity_%, ATR: 2575312.36, Risk: 2061.32"
2024-01-06 06:00:00,EURUSD,2353007.7626538104,1454.7655672881272,equity_%,6.02568031265585e-07,2062.6353663861123,8.499759464220062e-07,1.6999518928440124e-08,"Method: equity_%, ATR: 2353007.76, Risk: 2062.64"
2024-01-06 07:00:00,EURUSD,2197118.3534151576,1351.889542193887,equity_%,6.938272246838645e-07,2060.8481716718557,9.102832338964531e-07,1.8205664677929063e-08,"Method: equity_%, ATR: 2197118.35, Risk: 2060.85"
2024-01-06 08:00:00,EURUSD,1611059.8336787256,1406.056849832997,equity_%,9.096840393464406e-07,2060.6542330650245,1.241418821443249e-06,2.482837642886498e-08,"Method: equity_%, ATR: 1611059.83, Risk: 2060.65"
2024-01-06 09:00:00,EURUSD,2091959.2049484118,1544.2374980942059,equity_%,6.376722444466669e-07,2059.988611145991,9.560415878422068e-07,1.9120831756844137e-08,"Method: equity_%, ATR: 2091959.20, Risk: 2059.99"
2024-01-06 10:00:00,EURUSD,3319814.682878409,1437.5237578811216,equity_%,4.314081212988863e-07,2058.814360557903,6.0244326597951e-07,1.2048865319590199e-08,"Method: equity_%, ATR: 3319814.68, Risk: 2058.81"
2024-01-06 11:00:00,EURUSD,1704597.7010666889,1535.6061351694607,equity_%,7.874220026521756e-07,2061.148501474756,1.1732973702524982e-06,2.3465947405049967e-08,"Method: equity_%, ATR: 1704597.70, Risk: 2061.15"
2024-01-06 12:00:00,EURUSD,2388693.2039089105,1600.053087664361,equity_%,5.394144097963346e-07,2061.6612588521452,8.372778876446567e-07,1.6745557752893134e-08,"Method: equity_%, ATR: 2388693.20, Risk: 2061.66"
2024-01-06 13:00:00,EURUSD,515995.08179974917,1565.6244377492528,equity_%,2.550420588321549e-06,2060.3687742238285,3.876005935994896e-06,7.752011871989791e-08,"Method: equity_%, ATR: 515995.08, Risk: 2060.37"
2024-01-06 14:00:00,EURUSD,8764060.06526347,1719.9317982503187,equity_%,1.366933529167579e-07,2060.4589545045023,2.2820473446171833e-07,4.564094689234367e-09,"Method: equity_%, ATR: 8764060.07, Risk: 2060.46"
2024-01-06 15:00:00,EURUSD,637814.4820447688,1743.3870193791277,equity_%,1.8494550672978689e-06,2056.5154122234026,3.1357080409780006e-06,6.271416081956002e-08,"Method: equity_%, ATR: 637814.48, Risk: 2056.52"
2024-01-06 16:00:00,EURUSD,1371770.3891407745,1666.2421548733932,equity_%,8.990096966178109e-07,2054.867946200222,1.457969945868802e-06,2.9159398917376037e-08,"Method: equity_%, ATR: 1371770.39, Risk: 2054.87"
2024-01-06 17:00:00,EURUSD,1239918.491663468,1600.8696435606314,equity_%,1.0345772575333188e-06,2053.5819276159045,1.6130092529846944e-06,3.226018505969389e-08,"Method: equity_%, ATR: 1239918.49, Risk: 2053.58"
2024-01-06 18:00:00,EURUSD,2940766.6828873903,1520.495906739946,equity_%,4.5984323460198774e-07,2056.153939326803,6.800947561185987e-07,1.3601895122371971e-08,"Method: equity_%, ATR: 2940766.68, Risk: 2056.15"
2024-01-06 19:00:00,EURUSD,2110768.381932819,1432.6045983789197,equity_%,6.80201163699153e-07,2056.857911451254,9.475222469310495e-07,1.895044493862099e-08,"Method: equity_%, ATR: 2110768.38, Risk: 2056.86"
2024-01-06 20:00:00,EURUSD,1103391.452502874,1460.9159279139383,equity_%,1.2757012618072664e-06,2056.382145788,1.8125933416135383e-06,3.625186683227077e-08,"Method: equity_%, ATR: 1103391.45, Risk: 2056.38"
2024-01-06 21:00:00,EURUSD,1078799.6090163824,1541.6129545054841,equity_%,1.2384056990987737e-06,2059.58193299147,1.853912425703918e-06,3.707824851407837e-08,"Method: equity_%, ATR: 1078799.61, Risk: 2059.58"
2024-01-06 22:00:00,EURUSD,1886102.8045234003,1532.8951888271301,equity_%,7.127150226602676e-07,2060.6001872816614,1.0603875860867405e-06,2.120775172173481e-08,"Method: equity_%, ATR: 1886102.80, Risk: 2060.60"
2024-01-06 23:00:00,EURUSD,2896516.304303136,1773.3706161933449,equity_%,4.011619654525844e-07,2060.607309496024,6.904846339130737e-07,1.3809692678261472e-08,"Method: equity_%, ATR: 2896516.30, Risk: 2060.61"
2024-01-07 00:00:00,EURUSD,1489028.0616594078,1781.6259747177464,equity_%,7.777036376189397e-07,2063.16303669591,1.3431580314014718e-06,2.6863160628029437e-08,"Method: equity_%, ATR: 1489028.06, Risk: 2063.16"
2024-01-07 01:00:00,EURUSD,4262075.323622269,1523.7454175784364,equity_%,3.174774606222087e-07,2061.7995057574585,4.692549634013113e-07,9.385099268026226e-09,"Method: equity_%, ATR: 4262075.32, Risk: 2061.80"
2024-01-07 02:00:00,EURUSD,2812725.112134997,1394.0825836312392,equity_%,5.259228220535259e-07,2062.2333661278167,7.11054198425349e-07,1.4221083968506978e-08,"Method: equity_%, ATR: 2812725.11, Risk: 2062.23"
2024-01-07 03:00:00,EURUSD,1855143.4311449225,1335.68596170505,equity_%,8.335860549150002e-07,2065.533747644871,1.0780837569878236e-06,2.156167513975647e-08,"Method: equity_%, ATR: 1855143.43, Risk: 2065.53"
2024-01-07 04:00:00,EURUSD,1552638.4588254087,1274.6560222544122,equity_%,1.044754087321483e-06,2067.6518793578325,1.28812988537784e-06,2.5762597707556804e-08,"Method: equity_%, ATR: 1552638.46, Risk: 2067.65"
2024-01-07 05:00:00,EURUSD,2779152.2055643736,1129.8093805270173,equity_%,6.588916996800322e-07,2068.8621072297965,7.196439245017356e-07,1.4392878490034713e-08,"Method: equity_%, ATR: 2779152.21, Risk: 2068.86"
2024-01-07 06:00:00,EURUSD,2543597.2856948785,1006.5726879176339,equity_%,8.07153800875506e-07,2066.5684331456205,7.862879911249886e-07,1.572575982249977e-08,"Method: equity_%, ATR: 2543597.29, Risk: 2066.57"
2024-01-07 07:00:00,EURUSD,243833.30998840166,1007.1758677025888,equity_%,8.40730617761544e-06,2064.691687927943,8.202324777099295e-06,1.640464955419859e-07,"Method: equity_%, ATR: 243833.31, Risk: 2064.69"
2024-01-07 08:00:00,EURUSD,980915.3249170765,1003.1544863101559,equity_%,2.096817167518552e-06,2063.2882409047907,2.0389119725181926e-06,4.0778239450363854e-08,"Method: equity_%, ATR: 980915.32, Risk: 2063.29"
2024-01-07 09:00:00,EURUSD,7696380.014806954,1361.1147099518087,equity_%,1.971318068061472e-07,2065.0850049184232,2.598624283302317e-07,5.197248566604635e-09,"Method: equity_%, ATR: 7696380.01, Risk: 2065.09"
2024-01-07 10:00:00,EURUSD,1522298.5099363495,1264.7255739893878,equity_%,1.0723358781807727e-06,2064.5573893038845,1.313802770577253e-06,2.627605541154506e-08,"Method: equity_%, ATR: 1522298.51, Risk: 2064.56"
2024-01-07 11:00:00,EURUSD,1146573.341326798,1226.77618142825,equity_%,1.4714877111910064e-06,2069.7782301346697,1.744328014539069e-06,3.488656029078139e-08,"Method: equity_%, ATR: 1146573.34, Risk: 2069.78"
2024-01-07 12:00:00,EURUSD,1508046.8949358738,1169.4166577874614,equity_%,1.1744142943481813e-06,2071.12090009344,1.3262187049462048e-06,2.6524374098924098e-08,"Method: equity_%, ATR: 1508046.89, Risk: 2071.12"
2024-01-07 13:00:00,EURUSD,2372273.8622667394,1113.360311180493,equity_%,7.847347329827057e-07,2072.637896846687,8.430729823448687e-07,1.6861459646897378e-08,"Method: equity_%, ATR: 2372273.86, Risk: 2072.64"
2024-01-07 14:00:00,EURUSD,6153604.654105842,1574.415091167732,equity_%,2.1383424931852307e-07,2071.6963519821456,3.250127547055772e-07,6.500255094111543e-09,"Method: equity_%, ATR: 6153604.65, Risk: 2071.70"
2024-01-07 15:00:00,EURUSD,4590228.062319075,1643.9805399636512,equity_%,2.749375913442893e-07,2074.7465912790085,4.3570819855725424e-07,8.714163971145087e-09,"Method: equity_%, ATR: 4590228.06, Risk: 2074.75"
2024-01-07 16:00:00,EURUSD,1257789.0833986795,1686.650813489509,equity_%,9.801952598219686e-07,2079.436195239163,1.590091714419868e-06,3.180183428839735e-08,"Method: equity_%, ATR: 1257789.08, Risk: 2079.44"
2024-01-07 17:00:00,EURUSD,1930411.5534314883,1526.4557643774176,equity_%,7.057635423253394e-07,2079.6648504541295,1.0360485029447796e-06,2.0720970058895595e-08,"Method: equity_%, ATR: 1930411.55, Risk: 2079.66"
2024-01-07 18:00:00,EURUSD,1697894.4449711526,1395.377437809564,equity_%,8.772642129575966e-07,2078.4175317490435,1.1779295267286069e-06,2.355859053457214e-08,"Method: equity_%, ATR: 1697894.44, Risk: 2078.42"
2024-01-07 19:00:00,EURUSD,2721707.911304918,1337.6368729093094,equity_%,5.707983065664721e-07,2078.0807701639214,7.348327098924819e-07,1.469665419784964e-08,"Method: equity_%, ATR: 2721707.91, Risk: 2078.08"
2024-01-07 20:00:00,EURUSD,1225987.7013888923,1301.9122350709536,equity_%,1.300531260243357e-06,2075.814864586223,1.631337735063939e-06,3.262675470127878e-08,"Method: equity_%, ATR: 1225987.70, Risk: 2075.81"
2024-01-07 21:00:00,EURUSD,1542634.7071724513,1328.583606053731,equity_%,1.012679028821014e-06,2075.5050948576154,1.296483211936719e-06,2.592966423873438e-08,"Method: equity_%, ATR: 1542634.71, Risk: 2075.51"
2024-01-07 22:00:00,EURUSD,2351604.165880133,1330.0365621725593,equity_%,6.646614063723373e-07,2078.8744551525747,8.504832696838933e-07,1.7009665393677866e-08,"Method: equity_%, ATR: 2351604.17, Risk: 2078.87"
2024-01-07 23:00:00,EURUSD,1669358.5594512979,1384.4541797356526,equity_%,8.997150039882396e-07,2079.3767229422688,1.1980649625430866e-06,2.3961299250861732e-08,"Method: equity_%, ATR: 1669358.56, Risk: 2079.38"
2024-01-08 00:00:00,EURUSD,1940363.7159816185,1501.0788890802226,equity_%,7.143021690977404e-07,2080.504363496901,1.030734590390035e-06,2.06146918078007e-08,"Method: equity_%, ATR: 1940363.72, Risk: 2080.50"
2024-01-08 01:00:00,EURUSD,1999734.61960059,1487.2945715944127,equity_%,7.015161016975447e-07,2086.445292298887,1.0001327078087307e-06,2.0002654156174614e-08,"Method: equity_%, ATR: 1999734.62, Risk: 2086.45"
2024-01-08 02:00:00,EURUSD,2555844.20940721,1348.1140048168922,equity_%,6.047716990572873e-07,2083.782843827371,7.825203088039041e-07,1.5650406176078084e-08,"Method: equity_%, ATR: 2555844.21, Risk: 2083.78"
2024-01-08 03:00:00,EURUSD,2842468.72532693,1540.5268931702515,equity_%,4.7648892702026365e-07,2086.497131127665,7.036137221773538e-07,1.4072274443547077e-08,"Method: equity_%, ATR: 2842468.73, Risk: 2086.50"
2024-01-08 04:00:00,EURUSD,1970080.6514413033,1493.1057743252118,equity_%,7.102795693342095e-07,2089.314909595807,1.0151868648305376e-06,2.0303737296610755e-08,"Method: equity_%, ATR: 1970080.65, Risk: 2089.31"
2024-01-08 05:00:00,EURUSD,1514854.8669641854,1404.43096813762,equity_%,9.817133108169756e-07,2088.6039899831803,1.3202584905100911e-06,2.6405169810201822e-08,"Method: equity_%, ATR: 1514854.87, Risk: 2088.60"
2024-01-08 06:00:00,EURUSD,4874466.022302281,1137.2247716006445,equity_%,3.7644319550440933e-07,2086.761473128264,4.103013521582352e-07,8.206027043164704e-09,"Method: equity_%, ATR: 4874466.02, Risk: 2086.76"
2024-01-08 07:00:00,EURUSD,2799514.3741621245,1078.223467669168,equity_%,6.932562230777898e-07,2092.595362632474,7.144096199179496e-07,1.4288192398358993e-08,"Method: equity_%, ATR: 2799514.37, Risk: 2092.60"
2024-01-08 08:00:00,EURUSD,4797957.973194679,1221.1086952359046,equity_%,3.5691650110294543e-07,2091.112461865903,4.1684400138009484e-07,8.336880027601899e-09,"Method: equity_%, ATR: 4797957.97, Risk: 2091.11"
2024-01-08 09:00:00,EURUSD,1905229.0480981288,1307.4235618255263,equity_%,8.379256340661275e-07,2087.2236085767536,1.0497425503754917e-06,2.0994851007509833e-08,"Method: equity_%, ATR: 1905229.05, Risk: 2087.22"
2024-01-08 10:00:00,EURUSD,2406036.3504704833,1172.065442271226,equity_%,7.399397145756549e-07,2086.653717004419,8.312426367161554e-07,1.6624852734323104e-08,"Method: equity_%, ATR: 2406036.35, Risk: 2086.65"
2024-01-08 11:00:00,EURUSD,2567092.175610612,1252.4066908214645,equity_%,6.487305616703878e-07,2085.6969215040904,7.790916193043507e-07,1.5581832386087014e-08,"Method: equity_%, ATR: 2567092.18, Risk: 2085.70"
2024-01-08 12:00:00,EURUSD,1434494.963677132,1301.2634276762938,equity_%,1.1185154917332749e-06,2087.8834674133104,1.394218906752571e-06,2.7884378135051424e-08,"Method: equity_%, ATR: 1434494.96, Risk: 2087.88"
2024-01-08 13:00:00,EURUSD,1016583.3091403305,1333.0404307911065,equity_%,1.5428976234031992e-06,2090.8525492758918,1.9673744217690253e-06,3.93474884353805e-08,"Method: equity_%, ATR: 1016583.31, Risk: 2090.85"
2024-01-08 14:00:00,EURUSD,1905330.1241601866,1399.905926115062,equity_%,7.834919310847291e-07,2089.7946551556447,1.0496868624703767e-06,2.0993737249407536e-08,"Method: equity_%, ATR: 1905330.12, Risk: 2089.79"
2024-01-08 15:00:00,EURUSD,508275.30052149313,1429.696793844133,equity_%,2.874581130132803e-06,2088.8993725200553,3.9348754463338854e-06,7.86975089266777e-08,"Method: equity_%, ATR: 508275.30, Risk: 2088.90"
2024-01-08 16:00:00,EURUSD,1311052.1079263117,1425.750354793802,equity_%,1.1170286199149936e-06,2087.9867672582986,1.5254923796761945e-06,3.050984759352389e-08,"Method: equity_%, ATR: 1311052.11, Risk: 2087.99"
2024-01-08 17:00:00,EURUSD,3288610.268571281,1572.0255350980701,equity_%,4.0441038950588544e-07,2090.712467320144,6.081596287385216e-07,1.2163192574770432e-08,"Method: equity_%, ATR: 3288610.27, Risk: 2090.71"
2024-01-08 18:00:00,EURUSD,705647.4070904187,1594.3742109920963,equity_%,1.8614364552445993e-06,2094.2389189245573,2.834276693861256e-06,5.668553387722513e-08,"Method: equity_%, ATR: 705647.41, Risk: 2094.24"
2024-01-08 19:00:00,EURUSD,1597896.0706810153,1651.5847026101774,equity_%,7.925274978927367e-07,2091.5281786661462,1.2516458590123513e-06,2.5032917180247026e-08,"Method: equity_%, ATR: 1597896.07, Risk: 2091.53"
2024-01-08 20:00:00,EURUSD,1232586.0165538052,1583.756032934868,equity_%,1.0718089253087604e-06,2092.2948588218433,1.6226048106498985e-06,3.245209621299797e-08,"Method: equity_%, ATR: 1232586.02, Risk: 2092.29"
2024-01-08 21:00:00,EURUSD,3317326.5455485284,1366.624980415607,equity_%,4.613742899965412e-07,2091.6594101498426,6.02895124293317e-07,1.205790248586634e-08,"Method: equity_%, ATR: 3317326.55, Risk: 2091.66"
2024-01-08 22:00:00,EURUSD,1173547.288126631,1309.3424018431622,equity_%,1.359775964085301e-06,2089.3980578446462,1.7042346910388764e-06,3.408469382077753e-08,"Method: equity_%, ATR: 1173547.29, Risk: 2089.40"
2024-01-08 23:00:00,EURUSD,1871490.582830577,1314.0334174242018,equity_%,8.482931991502691e-07,2086.1236246587755,1.068666878876332e-06,2.137333757752664e-08,"Method: equity_%, ATR: 1871490.58, Risk: 2086.12"
2024-01-09 00:00:00,EURUSD,2965597.7132045086,1147.7781565800062,equity_%,6.129582755451128e-07,2086.416969731456,6.744003042269946e-07,1.3488006084539892e-08,"Method: equity_%, ATR: 2965597.71, Risk: 2086.42"
2024-01-09 01:00:00,EURUSD,961251.9455153825,1213.9482837130697,equity_%,1.7864357604371443e-06,2084.6100202378493,2.0806199761995644e-06,4.16123995239913e-08,"Method: equity_%, ATR: 961251.95, Risk: 2084.61"
2024-01-09 02:00:00,EURUSD,1006030.805022931,1143.6638309759142,equity_%,1.8163802303133837e-06,2089.8563350935287,1.9880106951142645e-06,3.976021390228529e-08,"Method: equity_%, ATR: 1006030.81, Risk: 2089.86"
2024-01-09 03:00:00,EURUSD,3402095.6214329535,1118.0210656777276,equity_%,5.498403896310411e-07,2091.3809183913527,5.878729531880723e-07,1.1757459063761445e-08,"Method: equity_%, ATR: 3402095.62, Risk: 2091.38"
2024-01-09 04:00:00,EURUSD,2592936.311185321,1044.2578454577567,equity_%,7.71900166336313e-07,2090.06951516096,7.71326311167948e-07,1.5426526223358956e-08,"Method: equity_%, ATR: 2592936.31, Risk: 2090.07"
2024-01-09 05:00:00,EURUSD,2974027.5002630083,1008.3422528605156,equity_%,6.95550976772072e-07,2085.8444146857414,6.724887378556957e-07,1.3449774757113914e-08,"Method: equity_%, ATR: 2974027.50, Risk: 2085.84"
2024-01-09 06:00:00,EURUSD,2473329.340461315,850.2441604610776,equity_%,9.943305584667607e-07,2091.0113682346255,8.08626642348798e-07,1.617253284697596e-08,"Method: equity_%, ATR: 2473329.34, Risk: 2091.01"
2024-01-09 07:00:00,EURUSD,3572543.5608184976,1013.3555131853727,equity_%,5.782440623492221e-07,2093.391948732561,5.598252242281364e-07,1.1196504484562725e-08,"Method: equity_%, ATR: 3572543.56, Risk: 2093.39"
2024-01-09 08:00:00,EURUSD,4250778.611528607,1176.046163478802,equity_%,4.1878385915648517e-07,2093.547364576109,4.705020380444578e-07,9.410040760889156e-09,"Method: equity_%, ATR: 4250778.61, Risk: 2093.55"
2024-01-09 09:00:00,EURUSD,2822335.606604213,1266.640095448781,equity_%,5.850853493125441e-07,2091.6119274947387,7.086329475913627e-07,1.4172658951827255e-08,"Method: equity_%, ATR: 2822335.61, Risk: 2091.61"
2024-01-09 10:00:00,EURUSD,2270110.4067295203,1206.4878220507333,equity_%,7.643363063287061e-07,2093.4105643082858,8.810144185371759e-07,1.7620288370743516e-08,"Method: equity_%, ATR: 2270110.41, Risk: 2093.41"
2024-01-09 11:00:00,EURUSD,1983228.7180913296,1180.1731680786752,equity_%,8.93470025892595e-07,2091.2142347572762,1.008456554584794e-06,2.016913109169588e-08,"Method: equity_%, ATR: 1983228.72, Risk: 2091.21"
2024-01-09 12:00:00,EURUSD,2270206.3358123703,1243.287638922433,equity_%,7.404948954273451e-07,2090.061263569822,8.809771906853217e-07,1.7619543813706434e-08,"Method: equity_%, ATR: 2270206.34, Risk: 2090.06"
2024-01-09 13:00:00,EURUSD,2844284.6635671095,1112.520715824787,equity_%,6.605881122565637e-07,2090.315881222908,7.03164498834563e-07,1.4063289976691261e-08,"Method: equity_%, ATR: 2844284.66, Risk: 2090.32"
2024-01-09 14:00:00,EURUSD,754363.1972975981,1105.2071282071622,equity_%,2.509083391340344e-06,2091.892031182943,2.6512428060710324e-06,5.302485612142065e-08,"Method: equity_%, ATR: 754363.20, Risk: 2091.89"
2024-01-09 15:00:00,EURUSD,3091949.3084747307,1246.3485813289954,equity_%,5.430552592735919e-07,2092.74307206183,6.468411349818044e-07,1.293682269963609e-08,"Method: equity_%, ATR: 3091949.31, Risk: 2092.74"
2024-01-09 16:00:00,EURUSD,1283975.9099862727,1220.0622185782438,equity_%,1.335459874348417e-06,2092.038621139132,1.5576616231229622e-06,3.1153232462459246e-08,"Method: equity_%, ATR: 1283975.91, Risk: 2092.04"
2024-01-09 17:00:00,EURUSD,1043450.5870216958,1227.678021141411,equity_%,1.6325087082528854e-06,2091.2785123262993,1.9167174994923026e-06,3.833434998984606e-08,"Method: equity_%, ATR: 1043450.59, Risk: 2091.28"
2024-01-09 18:00:00,EURUSD,1326334.472913918,1356.2081096936063,equity_%,1.163026463604889e-06,2092.035218320735,1.5079152663551437e-06,3.0158305327102875e-08,"Method: equity_%, ATR: 1326334.47, Risk: 2092.04"
2024-01-09 19:00:00,EURUSD,1410850.0985769592,1419.6309575727266,equity_%,1.0450563900031416e-06,2093.12931064863,1.417585044660153e-06,2.835170089320306e-08,"Method: equity_%, ATR: 1410850.10, Risk: 2093.13"
2024-01-09 20:00:00,EURUSD,2294089.4080213727,1489.1351986823752,equity_%,6.119257916198874e-07,2090.466571925062,8.718056031325208e-07,1.7436112062650412e-08,"Method: equity_%, ATR: 2294089.41, Risk: 2090.47"
2024-01-09 21:00:00,EURUSD,1400323.5667399373,1465.3767902819902,equity_%,1.0185366948674553e-06,2090.0389821056274,1.4282413347196294e-06,2.856482669439259e-08,"Method: equity_%, ATR: 1400323.57, Risk: 2090.04"
2024-01-09 22:00:00,EURUSD,1659852.1175953601,1539.983015291058,equity_%,8.165565514083232e-07,2087.236185878743,1.2049266189432672e-06,2.4098532378865343e-08,"Method: equity_%, ATR: 1659852.12, Risk: 2087.24"
2024-01-09 23:00:00,EURUSD,2072538.2439913186,1689.7141696660262,equity_%,5.962204906819693e-07,2087.962511635209,9.650002868696776e-07,1.9300005737393548e-08,"Method: equity_%, ATR: 2072538.24, Risk: 2087.96"
2024-01-10 00:00:00,EURUSD,3729802.8866008054,1799.7216083553365,equity_%,3.114631483834606e-07,2090.7296633369588,5.362213663314311e-07,1.0724427326628623e-08,"Method: equity_%, ATR: 3729802.89, Risk: 2090.73"
2024-01-10 01:00:00,EURUSD,1019111.4171288951,1719.2483460630083,equity_%,1.1921358296049762e-06,2088.7478848905325,1.9624939593303023e-06,3.9249879186606045e-08,"Method: equity_%, ATR: 1019111.42, Risk: 2088.75"
2024-01-10 02:00:00,EURUSD,979511.2397633875,1652.6294919896736,equity_%,1.2913818421947812e-06,2090.4491032456094,2.041834660808102e-06,4.083669321616205e-08,"Method: equity_%, ATR: 979511.24, Risk: 2090.45"
2024-01-10 03:00:00,EURUSD,3032100.7285240055,1725.8159896716015,equity_%,3.9946729879983623e-07,2090.3516234656204,6.596086934663213e-07,1.3192173869326426e-08,"Method: equity_%, ATR: 3032100.73, Risk: 2090.35"
2024-01-10 04:00:00,EURUSD,2517485.143424342,1872.6504190032224,equity_%,4.438615073921309e-07,2092.5272009070204,7.944436157742539e-07,1.5888872315485077e-08,"Method: equity_%, ATR: 2517485.14, Risk: 2092.53"
2024-01-10 05:00:00,EURUSD,1172665.8481717755,1840.9441218394775,equity_%,9.688931889132093e-07,2091.6585336835014,1.7055156872847162e-06,3.4110313745694325e-08,"Method: equity_%, ATR: 1172665.85, Risk: 2091.66"
2024-01-10 06:00:00,EURUSD,2371759.2181444527,1646.4636371501929,equity_%,5.360118346245827e-07,2093.1344198804973,8.432559193612837e-07,1.6865118387225675e-08,"Method: equity_%, ATR: 2371759.22, Risk: 2093.13"
2024-01-10 07:00:00,EURUSD,813328.1430872785,1637.3095131753553,equity_%,1.5720787583529228e-06,2093.489972376229,2.4590320856330914e-06,4.9180641712661834e-08,"Method: equity_%, ATR: 813328.14, Risk: 2093.49"
2024-01-10 08:00:00,EURUSD,3682908.3396305987,1851.546111449597,equity_%,3.067539626285414e-07,2091.778159631905,5.430490839206178e-07,1.0860981678412354e-08,"Method: equity_%, ATR: 3682908.34, Risk: 2091.78"
2024-01-10 09:00:00,EURUSD,3921680.8579418194,2030.3550097429031,equity_%,2.6335833401961087e-07,2096.965551394721,5.099854048423619e-07,1.0199708096847237e-08,"Method: equity_%, ATR: 3921680.86, Risk: 2096.97"
2024-01-10 10:00:00,EURUSD,2160041.891004971,1908.0779008955958,equity_%,5.087887849541738e-07,2096.987323625724,9.259079688817931e-07,1.851815937763586e-08,"Method: equity_%, ATR: 2160041.89, Risk: 2096.99"
2024-01-10 11:00:00,EURUSD,1911149.7006971398,1780.8088867436654,equity_%,6.161229358807833e-07,2096.9080995125287,1.0464904969351433e-06,2.092980993870286e-08,"Method: equity_%, ATR: 1911149.70, Risk: 2096.91"
2024-01-10 12:00:00,EURUSD,1976611.8641667617,1892.078454582168,equity_%,5.60982263883569e-07,2098.0202172420823,1.0118324372413383e-06,2.023664874482677e-08,"Method: equity_%, ATR: 1976611.86, Risk: 2098.02"
2024-01-10 13:00:00,EURUSD,554510.6740005917,1915.0490702279374,equity_%,1.9771419473827296e-06,2099.556988963365,3.6067835909645015e-06,7.213567181929004e-08,"Method: equity_%, ATR: 554510.67, Risk: 2099.56"
2024-01-10 14:00:00,EURUSD,5756549.814107295,2099.4304023139216,equity_%,1.7381638847402987e-07,2100.6537378039106,3.4743032972609703e-07,6.948606594521941e-09,"Method: equity_%, ATR: 5756549.81, Risk: 2100.65"
2024-01-10 15:00:00,EURUSD,1095282.9211615063,2139.7852811965363,equity_%,8.964440162501456e-07,2100.969192695208,1.8260122214624467e-06,3.652024442924893e-08,"Method: equity_%, ATR: 1095282.92, Risk: 2100.97"
2024-01-10 16:00:00,EURUSD,2098078.1957461704,2293.922378440425,equity_%,4.367929087728577e-07,2102.2093708335465,9.532533172762473e-07,1.9065066345524942e-08,"Method: equity_%, ATR: 2098078.20, Risk: 2102.21"
2024-01-10 17:00:00,EURUSD,3554740.172957754,2361.63037917669,equity_%,2.5036044810067443e-07,2101.771551089189,5.626290256640283e-07,1.1252580513280564e-08,"Method: equity_%, ATR: 3554740.17, Risk: 2101.77"
2024-01-10 18:00:00,EURUSD,1211615.2960277214,2424.1307343485673,equity_%,7.149557357687803e-07,2099.906413187177,1.6506889658433634e-06,3.301377931686727e-08,"Method: equity_%, ATR: 1211615.30, Risk: 2099.91"
2024-01-10 19:00:00,EURUSD,3447142.7149269264,2285.8326444772483,equity_%,2.6633262138786524e-07,2098.5922191651716,5.801906580019262e-07,1.1603813160038525e-08,"Method: equity_%, ATR: 3447142.71, Risk: 2098.59"
2024-01-10 20:00:00,EURUSD,2984603.418832494,2169.063290558249,equity_%,3.250353771169302e-07,2104.211980773023,6.701057793408119e-07,1.3402115586816239e-08,"Method: equity_%, ATR: 2984603.42, Risk: 2104.21"
2024-01-10 21:00:00,EURUSD,4205267.471522964,1822.765573013393,equity_%,2.7484366211959585e-07,2106.7362486683764,4.7559400526684874e-07,9.511880105336975e-09,"Method: equity_%, ATR: 4205267.47, Risk: 2106.74"
2024-01-10 22:00:00,EURUSD,5667138.847592262,2180.0442171302802,equity_%,1.7072130486366817e-07,2109.195698944636,3.5291176972833823e-07,7.058235394566764e-09,"Method: equity_%, ATR: 5667138.85, Risk: 2109.20"
2024-01-10 23:00:00,EURUSD,842549.7508013314,2137.7909557277835,equity_%,1.170886999987913e-06,2108.996087459587,2.3737470672774427e-06,4.747494134554885e-08,"Method: equity_%, ATR: 842549.75, Risk: 2109.00"
2024-01-11 00:00:00,EURUSD,1642192.4063440792,2075.3093783675577,equity_%,6.185954414673525e-07,2108.2087112580766,1.2178840873174466e-06,2.4357681746348926e-08,"Method: equity_%, ATR: 1642192.41, Risk: 2108.21"
2024-01-11 01:00:00,EURUSD,1950474.8374437918,1919.9991984544715,equity_%,5.624874763230019e-07,2106.465044985168,1.02539133630717e-06,2.05078267261434e-08,"Method: equity_%, ATR: 1950474.84, Risk: 2106.47"
2024-01-11 02:00:00,EURUSD,4198043.110399451,1558.8063156849307,equity_%,3.2166266039957874e-07,2104.939899916783,4.764124491827089e-07,9.528248983654178e-09,"Method: equity_%, ATR: 4198043.11, Risk: 2104.94"
2024-01-11 03:00:00,EURUSD,845227.049421012,1557.2865087084645,equity_%,1.598691495631723e-06,2104.2947565233926,2.3662281056551818e-06,4.7324562113103636e-08,"Method: equity_%, ATR: 845227.05, Risk: 2104.29"
2024-01-11 04:00:00,EURUSD,918196.702059563,1571.3522990205927,equity_%,1.4593439173944274e-06,2105.556725280897,2.1781825130866796e-06,4.356365026173359e-08,"Method: equity_%, ATR: 918196.70, Risk: 2105.56"
2024-01-11 05:00:00,EURUSD,1289950.5461559806,1483.1570406729336,equity_%,1.1003233268695323e-06,2105.1377468355836,1.5504470353223607e-06,3.1008940706447214e-08,"Method: equity_%, ATR: 1289950.55, Risk: 2105.14"
2024-01-11 06:00:00,EURUSD,3072597.2667099265,1654.9491980452349,equity_%,4.1419791909218483e-07,2106.1932634135383,6.50915113955549e-07,1.3018302279110981e-08,"Method: equity_%, ATR: 3072597.27, Risk: 2106.19"
2024-01-11 07:00:00,EURUSD,2417363.9748272193,1729.5401967708672,equity_%,5.039620896635201e-07,2107.0292946099735,8.273474829717977e-07,1.654694965943595e-08,"Method: equity_%, ATR: 2417363.97, Risk: 2107.03"
2024-01-11 08:00:00,EURUSD,2568440.286097914,1695.2818099941337,equity_%,4.847724448225722e-07,2110.8107694804903,7.786826934717203e-07,1.557365386943441e-08,"Method: equity_%, ATR: 2568440.29, Risk: 2110.81"
2024-01-11 09:00:00,EURUSD,903922.398671109,1669.1980879940265,equity_%,1.3983505055944813e-06,2109.8669560931025,2.2125793131581614e-06,4.425158626316323e-08,"Method: equity_%, ATR: 903922.40, Risk: 2109.87"
2024-01-11 10:00:00,EURUSD,2738859.144928713,1472.615134742851,equity_%,5.229035905426404e-07,2109.0194323771516,7.302310539420077e-07,1.4604621078840153e-08,"Method: equity_%, ATR: 2738859.14, Risk: 2109.02"
2024-01-11 11:00:00,EURUSD,1992798.890089939,1547.9830487235647,equity_%,6.839914494248018e-07,2109.9897515640732,1.003613565797267e-06,2.0072271315945337e-08,"Method: equity_%, ATR: 1992798.89, Risk: 2109.99"
2024-01-11 12:00:00,EURUSD,4117860.38593317,1648.0112819070343,equity_%,3.118231930230007e-07,2116.119614762927,4.856891231262008e-07,9.713782462524015e-09,"Method: equity_%, ATR: 4117860.39, Risk: 2116.12"
2024-01-11 13:00:00,EURUSD,2226010.6443266114,1651.020629170743,equity_%,5.754214295533e-07,2114.782792825689,8.98468300274017e-07,1.7969366005480344e-08,"Method: equity_%, ATR: 2226010.64, Risk: 2114.78"
2024-01-11 14:00:00,EURUSD,1053619.1089780482,1651.667261230115,equity_%,1.2154022394549859e-06,2115.077236986101,1.8982191789781496e-06,3.796438357956299e-08,"Method: equity_%, ATR: 1053619.11, Risk: 2115.08"
2024-01-11 15:00:00,EURUSD,4542578.44023276,1742.8583356026982,equity_%,2.669364403337049e-07,2113.3546704451946,4.402785832571162e-07,8.805571665142323e-09,"Method: equity_%, ATR: 4542578.44, Risk: 2113.35"
2024-01-11 16:00:00,EURUSD,1096691.7924320137,1797.2096578455423,equity_%,1.0721946137606412e-06,2113.279587692333,1.823666424606697e-06,3.647332849213394e-08,"Method: equity_%, ATR: 1096691.79, Risk: 2113.28"
2024-01-11 17:00:00,EURUSD,918097.4935778931,1821.1146406947364,equity_%,1.2640840345876139e-06,2113.4989374800152,2.178417884799852e-06,4.356835769599705e-08,"Method: equity_%, ATR: 918097.49, Risk: 2113.50"
2024-01-11 18:00:00,EURUSD,1488515.5812078232,1779.9587218260867,equity_%,7.980857845763885e-07,2114.5253264102193,1.3436204667586646e-06,2.6872409335173295e-08,"Method: equity_%, ATR: 1488515.58, Risk: 2114.53"
2024-01-11 19:00:00,EURUSD,2423638.044839338,1666.5016397213412,equity_%,5.232361008085812e-07,2113.3489241562806,8.252057291552294e-07,1.6504114583104588e-08,"Method: equity_%, ATR: 2423638.04, Risk: 2113.35"
2024-01-11 20:00:00,EURUSD,1597388.7229278306,1541.5487714889146,equity_%,8.573070442985248e-07,2111.0779803090427,1.2520433951319182e-06,2.5040867902638364e-08,"Method: equity_%, ATR: 1597388.72, Risk: 2111.08"
2024-01-11 21:00:00,EURUSD,2355706.080688137,1490.3756032872732,equity_%,6.010521277873526e-07,2110.2260243392607,8.490023506734636e-07,1.698004701346927e-08,"Method: equity_%, ATR: 2355706.08, Risk: 2110.23"
2024-01-11 22:00:00,EURUSD,4863361.485076741,1807.994694295613,equity_%,2.4049085179156015e-07,2114.619649058671,4.1123819525589727e-07,8.224763905117947e-09,"Method: equity_%, ATR: 4863361.49, Risk: 2114.62"
2024-01-11 23:00:00,EURUSD,1321463.0965658533,1715.8906446730366,equity_%,9.359990534705262e-07,2122.3649038961307,1.5134739707809407e-06,3.0269479415618806e-08,"Method: equity_%, ATR: 1321463.10, Risk: 2122.36"
2024-01-12 00:00:00,EURUSD,1771025.8997231494,1629.092681488382,equity_%,7.358387959583453e-07,2123.01658401415,1.1292889620149793e-06,2.2585779240299585e-08,"Method: equity_%, ATR: 1771025.90, Risk: 2123.02"
2024-01-12 01:00:00,EURUSD,2460529.276650004,1542.631125077207,equity_%,5.586662524221059e-07,2120.5233748694673,8.128332464806059e-07,1.6256664929612118e-08,"Method: equity_%, ATR: 2460529.28, Risk: 2120.52"
2024-01-12 02:00:00,EURUSD,5995031.310492927,1726.7040957439588,equity_%,2.049069814531041e-07,2121.1243541911363,3.336096004201777e-07,6.672192008403554e-09,"Method: equity_%, ATR: 5995031.31, Risk: 2121.12"
2024-01-12 03:00:00,EURUSD,1946985.4255840527,1583.1968294104352,equity_%,6.874729518337126e-07,2119.1086675546044,1.0272290556053056e-06,2.054458111210611e-08,"Method: equity_%, ATR: 1946985.43, Risk: 2119.11"
2024-01-12 04:00:00,EURUSD,1010147.0447552014,1626.9474449813206,equity_%,1.2896974678415337e-06,2119.5612397032105,1.9799097669831613e-06,3.959819533966323e-08,"Method: equity_%, ATR: 1010147.04, Risk: 2119.56"
2024-01-12 05:00:00,EURUSD,2444476.3608575524,1694.8166804708503,equity_%,5.115310476520973e-07,2119.242086318509,8.181711355549275e-07,1.636342271109855e-08,"Method: equity_%, ATR: 2444476.36, Risk: 2119.24"
2024-01-12 06:00:00,EURUSD,1412980.3222303872,1741.4436530150829,equity_%,8.612342843050992e-07,2119.1751396017153,1.4154478788798723e-06,2.8308957577597443e-08,"Method: equity_%, ATR: 1412980.32, Risk: 2119.18"
2024-01-12 07:00:00,EURUSD,1401348.2128017813,1822.5176843917986,equity_%,8.295568981484601e-07,2118.673302743722,1.4271970247860854e-06,2.8543940495721706e-08,"Method: equity_%, ATR: 1401348.21, Risk: 2118.67"
2024-01-12 08:00:00,EURUSD,2377341.785155156,1882.622936712811,equity_%,4.733112651992839e-07,2118.3699663025736,8.412757528129136e-07,1.6825515056258273e-08,"Method: equity_%, ATR: 2377341.79, Risk: 2118.37"
2024-01-12 09:00:00,EURUSD,1548031.6472257006,1939.1674353907138,equity_%,7.072371176481967e-07,2123.0498410965965,1.2919632512580042e-06,2.5839265025160084e-08,"Method: equity_%, ATR: 1548031.65, Risk: 2123.05"
2024-01-12 10:00:00,EURUSD,6616451.668752011,1662.3784304803878,equity_%,1.9301374297077769e-07,2122.967141881905,3.022768245169149e-07,6.0455364903382975e-09,"Method: equity_%, ATR: 6616451.67, Risk: 2122.97"
2024-01-12 11:00:00,EURUSD,1047866.7177854186,1569.1531763763505,equity_%,1.2919152282331255e-06,2124.248910999948,1.908639682942539e-06,3.817279365885078e-08,"Method: equity_%, ATR: 1047866.72, Risk: 2124.25"
2024-01-12 12:00:00,EURUSD,1017755.4512440497,1627.9501165285849,equity_%,1.2805409262090442e-06,2121.6707713275787,1.9651086098878737e-06,3.930217219775747e-08,"Method: equity_%, ATR: 1017755.45, Risk: 2121.67"
2024-01-12 13:00:00,EURUSD,2406585.7508146497,1710.3191515496717,equity_%,5.153981437782907e-07,2121.3940668404953,8.310528720295892e-07,1.6621057440591783e-08,"Method: equity_%, ATR: 2406585.75, Risk: 2121.39"
2024-01-12 14:00:00,EURUSD,1751377.6551568252,1697.739570766185,equity_%,7.126410336500391e-07,2118.954840395648,1.1419581574031855e-06,2.2839163148063708e-08,"Method: equity_%, ATR: 1751377.66, Risk: 2118.95"
2024-01-12 15:00:00,EURUSD,1520896.1795859386,1781.2512860851325,equity_%,7.814791125481033e-07,2117.103716447659,1.3150141520800563e-06,2.6300283041601128e-08,"Method: equity_%, ATR: 1520896.18, Risk: 2117.10"
2024-01-12 16:00:00,EURUSD,2972120.4934344953,1695.284556740266,equity_%,4.1990600730554175e-07,2115.734198134259,6.729202279712619e-07,1.3458404559425238e-08,"Method: equity_%, ATR: 2972120.49, Risk: 2115.73"
2024-01-12 17:00:00,EURUSD,2631534.35959515,1735.039891889423,equity_%,4.6375381760131354e-07,2117.4151063163554,7.600128771671031e-07,1.520025754334206e-08,"Method: equity_%, ATR: 2631534.36, Risk: 2117.42"
2024-01-12 18:00:00,EURUSD,524203.89556299825,1740.5580435674972,equity_%,2.3221834451696806e-06,2118.777143315509,3.815309304124854e-06,7.630618608249707e-08,"Method: equity_%, ATR: 524203.90, Risk: 2118.78"
2024-01-12 19:00:00,EURUSD,3422600.8235448943,1864.6534602393613,equity_%,3.3210597252207074e-07,2119.4885164593447,5.843509375214075e-07,1.1687018750428148e-08,"Method: equity_%, ATR: 3422600.82, Risk: 2119.49"
2024-01-12 20:00:00,EURUSD,1623393.9067435858,1782.804066117882,equity_%,7.321344002633144e-07,2118.9384450846696,1.2319868835850564e-06,2.463973767170113e-08,"Method: equity_%, ATR: 1623393.91, Risk: 2118.94"
2024-01-12 21:00:00,EURUSD,2976455.4532904685,1911.0031546776981,equity_%,3.728897230695241e-07,2121.0026219327838,6.719401756169412e-07,1.3438803512338826e-08,"Method: equity_%, ATR: 2976455.45, Risk: 2121.00"
2024-01-12 22:00:00,EURUSD,2640389.3282523314,2044.709747375601,equity_%,3.938449885673656e-07,2126.302059418278,7.574640522137682e-07,1.5149281044275364e-08,"Method: equity_%, ATR: 2640389.33, Risk: 2126.30"
2024-01-12 23:00:00,EURUSD,1889247.1816936564,2140.6025343851657,equity_%,5.266664015574231e-07,2129.905975276898,1.058622725167734e-06,2.1172454503354684e-08,"Method: equity_%, ATR: 1889247.18, Risk: 2129.91"
2024-01-13 00:00:00,EURUSD,3246406.6474441322,1959.1244519333288,equity_%,3.3512917924873424e-07,2131.4600005470106,6.160657666144761e-07,1.2321315332289521e-08,"Method: equity_%, ATR: 3246406.65, Risk: 2131.46"
2024-01-13 01:00:00,EURUSD,1392891.091245906,1971.4739614763926,equity_%,7.783620724892911e-07,2137.4200152870594,1.4358624393318867e-06,2.871724878663773e-08,"Method: equity_%, ATR: 1392891.09, Risk: 2137.42"
2024-01-13 02:00:00,EURUSD,1859035.2684615846,2017.6162102611938,equity_%,5.700198848606572e-07,2138.0418095913046,1.0758268193884609e-06,2.1516536387769216e-08,"Method: equity_%, ATR: 1859035.27, Risk: 2138.04"
2024-01-13 03:00:00,EURUSD,11678345.065742569,1255.444715110436,equity_%,1.4581066192440416e-07,2137.805439390063,1.712571420643178e-07,3.425142841286356e-09,"Method: equity_%, ATR: 11678345.07, Risk: 2137.81"
2024-01-13 04:00:00,EURUSD,3468382.9511127193,1519.03939876837,equity_%,4.057860357676053e-07,2137.9285090493177,5.766375939999256e-07,1.1532751879998511e-08,"Method: equity_%, ATR: 3468382.95, Risk: 2137.93"
2024-01-13 05:00:00,EURUSD,2215702.8041006266,1565.8469979556683,equity_%,6.161725363304711e-07,2137.780782289439,9.026481332688558e-07,1.805296266537712e-08,"Method: equity_%, ATR: 2215702.80, Risk: 2137.78"
2024-01-13 06:00:00,EURUSD,3031491.0462835724,1745.132786797229,equity_%,4.0388154564598823e-07,2136.676519256638,6.597413515213515e-07,1.3194827030427031e-08,"Method: equity_%, ATR: 3031491.05, Risk: 2136.68"
2024-01-13 07:00:00,EURUSD,664317.7036366387,1750.6191002865814,equity_%,1.8397314905731982e-06,2139.547491913924,3.0106077093106323e-06,6.021215418621265e-08,"Method: equity_%, ATR: 664317.70, Risk: 2139.55"
2024-01-13 08:00:00,EURUSD,1026610.4068778441,1710.997312713243,equity_%,1.2184272586546144e-06,2140.2011661378233,1.9481587042181414e-06,3.896317408436283e-08,"Method: equity_%, ATR: 1026610.41, Risk: 2140.20"
2024-01-13 09:00:00,EURUSD,4790787.814182288,1804.9720705617767,equity_%,2.4717351841379197e-07,2137.36829060117,4.1746787325444685e-07,8.349357465088937e-09,"Method: equity_%, ATR: 4790787.81, Risk: 2137.37"
2024-01-13 10:00:00,EURUSD,1809663.7361838021,1680.305183627776,equity_%,7.014724294961309e-07,2133.0284945682165,1.1051776968342065e-06,2.2103553936684136e-08,"Method: equity_%, ATR: 1809663.74, Risk: 2133.03"
2024-01-13 11:00:00,EURUSD,1275184.1443298145,1639.8358716812127,equity_%,1.0194067542876402e-06,2131.6740251484403,1.5684009316561253e-06,3.1368018633122505e-08,"Method: equity_%, ATR: 1275184.14, Risk: 2131.67"
2024-01-13 12:00:00,EURUSD,2759882.775772751,1549.165901276679,equity_%,4.982936251075648e-07,2130.4625102283776,7.246684596739845e-07,1.4493369193479689e-08,"Method: equity_%, ATR: 2759882.78, Risk: 2130.46"
2024-01-13 13:00:00,EURUSD,2779847.678459225,1385.465043361553,equity_%,5.534783489077734e-07,2131.6564310293616,7.194638812399001e-07,1.4389277624798001e-08,"Method: equity_%, ATR: 2779847.68, Risk: 2131.66"
2024-01-13 14:00:00,EURUSD,2528983.6275372566,1285.5524418523112,equity_%,6.55350153315698e-07,2130.635803777387,7.908315333569855e-07,1.581663066713971e-08,"Method: equity_%, ATR: 2528983.63, Risk: 2130.64"
2024-01-13 15:00:00,EURUSD,1130916.0513203074,1246.020315943937,equity_%,1.5136136231308551e-06,2132.9001238243027,1.7684778615221403e-06,3.5369557230442804e-08,"Method: equity_%, ATR: 1130916.05, Risk: 2132.90"
2024-01-13 16:00:00,EURUSD,2691015.9881221284,1383.9988946136386,equity_%,5.72695758442246e-07,2132.926980592284,7.432137188436624e-07,1.4864274376873247e-08,"Method: equity_%, ATR: 2691015.99, Risk: 2132.93"
2024-01-13 17:00:00,EURUSD,1549583.6371808173,1377.813526339438,equity_%,9.980114299600706e-07,2130.7916243020272,1.2906692817424378e-06,2.581338563484876e-08,"Method: equity_%, ATR: 1549583.64, Risk: 2130.79"
2024-01-13 18:00:00,EURUSD,1393279.3403002778,1363.475476817528,equity_%,1.124740117865884e-06,2136.671290797662,1.4354623241373565e-06,2.8709246482747127e-08,"Method: equity_%, ATR: 1393279.34, Risk: 2136.67"
2024-01-13 19:00:00,EURUSD,1534870.604706191,1389.8762921207601,equity_%,1.0008408726429302e-06,2135.0740819686926,1.3030414380649668e-06,2.6060828761299335e-08,"Method: equity_%, ATR: 1534870.60, Risk: 2135.07"
2024-01-13 20:00:00,EURUSD,1376431.836273034,1368.9745329848904,equity_%,1.1340092455823767e-06,2136.8137691526417,1.4530323604076191e-06,2.9060647208152386e-08,"Method: equity_%, ATR: 1376431.84, Risk: 2136.81"
2024-01-13 21:00:00,EURUSD,2968421.1448217547,1550.1217619569263,equity_%,4.6421043732061287e-07,2136.024505150446,6.737588443233159e-07,1.3475176886466318e-08,"Method: equity_%, ATR: 2968421.14, Risk: 2136.02"
2024-01-13 22:00:00,EURUSD,2206325.0922062616,1678.8613112788712,equity_%,5.767943667606474e-07,2136.511995257607,9.064847275067962e-07,1.8129694550135928e-08,"Method: equity_%, ATR: 2206325.09, Risk: 2136.51"
2024-01-13 23:00:00,EURUSD,5511864.385829385,1503.2496363484345,equity_%,2.576339394638053e-07,2134.6796277066383,3.6285362991547096e-07,7.257072598309419e-09,"Method: equity_%, ATR: 5511864.39, Risk: 2134.68"
2024-01-14 00:00:00,EURUSD,5519281.787103484,1570.8868846564444,equity_%,2.464510074465401e-07,2136.771483580234,3.6236598839241346e-07,7.247319767848269e-09,"Method: equity_%, ATR: 5519281.79, Risk: 2136.77"
2024-01-14 01:00:00,EURUSD,1526040.4580617524,1695.7306127310515,equity_%,8.267993994819515e-07,2139.5530571712875,1.3105812427412516e-06,2.6211624854825028e-08,"Method: equity_%, ATR: 1526040.46, Risk: 2139.55"
2024-01-14 02:00:00,EURUSD,1379499.2202442859,1690.269171182315,equity_%,9.187592098939536e-07,2142.2938220424935,1.4498014719035754e-06,2.8996029438071507e-08,"Method: equity_%, ATR: 1379499.22, Risk: 2142.29"
2024-01-14 03:00:00,EURUSD,3999476.3157023774,1484.264843607525,equity_%,3.6084866681027895e-07,2142.099477350417,5.000654691084889e-07,1.0001309382169778e-08,"Method: equity_%, ATR: 3999476.32, Risk: 2142.10"
2024-01-14 04:00:00,EURUSD,4080224.408440238,1670.579854678724,equity_%,3.1402473355371255e-07,2140.4995719117333,4.901691181158703e-07,9.803382362317406e-09,"Method: equity_%, ATR: 4080224.41, Risk: 2140.50"
2024-01-14 05:00:00,EURUSD,991164.4175449442,1668.8759085383083,equity_%,1.2942072308473927e-06,2140.787547534651,2.0178286917864565e-06,4.035657383572913e-08,"Method: equity_%, ATR: 991164.42, Risk: 2140.79"
2024-01-14 06:00:00,EURUSD,2013390.8341621463,1704.8951038015675,equity_%,6.242346346490043e-07,2142.76040095602,9.933491133788146e-07,1.9866982267576295e-08,"Method: equity_%, ATR: 2013390.83, Risk: 2142.76"
2024-01-14 07:00:00,EURUSD,5256093.550673517,1522.3894047663873,equity_%,2.6794799110864535e-07,2144.0718975317955,3.805107311576902e-07,7.610214623153802e-09,"Method: equity_%, ATR: 5256093.55, Risk: 2144.07"
2024-01-14 08:00:00,EURUSD,4835578.380315094,1180.7260234256605,equity_%,3.755524356712493e-07,2144.2140897082886,4.136009888996313e-07,8.272019777992626e-09,"Method: equity_%, ATR: 4835578.38, Risk: 2144.21"
2024-01-14 09:00:00,EURUSD,4143790.9750363654,1325.0476671162376,equity_%,3.8991063114485835e-07,2140.8903207400585,4.826498276695649e-07,9.652996553391295e-09,"Method: equity_%, ATR: 4143790.98, Risk: 2140.89"
2024-01-14 10:00:00,EURUSD,1631572.802972994,1219.8601221510855,equity_%,1.0752899779378102e-06,2140.139534001466,1.225811067919048e-06,2.4516221358380957e-08,"Method: equity_%, ATR: 1631572.80, Risk: 2140.14"
2024-01-14 11:00:00,EURUSD,930774.3237986688,1231.889893073309,equity_%,1.8646668759387138e-06,2138.04845046611,2.148748572949043e-06,4.297497145898086e-08,"Method: equity_%, ATR: 930774.32, Risk: 2138.05"
2024-01-14 12:00:00,EURUSD,1366203.1824749578,1335.4143285734488,equity_%,1.1715831921424304e-06,2137.49179821359,1.463911097306099e-06,2.9278221946121985e-08,"Method: equity_%, ATR: 1366203.18, Risk: 2137.49"
2024-01-14 13:00:00,EURUSD,2803836.1439003963,1178.2091080899763,equity_%,6.468338983784287e-07,2136.8192000866898,7.133084450569264e-07,1.4266168901138524e-08,"Method: equity_%, ATR: 2803836.14, Risk: 2136.82"
2024-01-14 14:00:00,EURUSD,2800368.1390398117,1028.3920145073348,equity_%,7.418206577399735e-07,2136.3516805350064,7.141918136112487e-07,1.4283836272224974e-08,"Method: equity_%, ATR: 2800368.14, Risk: 2136.35"
2024-01-14 15:00:00,EURUSD,845725.1776175417,1038.034894126886,equity_%,2.430539203707916e-06,2133.7515186108276,2.3648344083052123e-06,4.729668816610425e-08,"Method: equity_%, ATR: 845725.18, Risk: 2133.75"
2024-01-14 16:00:00,EURUSD,3201455.2029606444,1159.78816126719,equity_%,5.749580815050453e-07,2134.8250160676976,6.247159098620022e-07,1.2494318197240042e-08,"Method: equity_%, ATR: 3201455.20, Risk: 2134.83"
2024-01-14 17:00:00,EURUSD,1698734.7600177736,1268.5374565916,equity_%,9.89929839784211e-07,2133.208396320296,1.1773468389962622e-06,2.354693677992525e-08,"Method: equity_%, ATR: 1698734.76, Risk: 2133.21"
2024-01-14 18:00:00,EURUSD,6519856.692020126,1400.6812000471066,equity_%,2.3355009483019011e-07,2132.8356804493947,3.067552086609308e-07,6.135104173218617e-09,"Method: equity_%, ATR: 6519856.69, Risk: 2132.84"
2024-01-14 19:00:00,EURUSD,2354822.8255483536,1539.7246325621716,equity_%,5.887098397034298e-07,2134.531603056153,8.493207974295355e-07,1.698641594859071e-08,"Method: equity_%, ATR: 2354822.83, Risk: 2134.53"
2024-01-14 20:00:00,EURUSD,2573627.7724274807,1650.7602509794808,equity_%,5.024861641920244e-07,2134.783539205303,7.771131557667225e-07,1.554226311533445e-08,"Method: equity_%, ATR: 2573627.77, Risk: 2134.78"
2024-01-14 21:00:00,EURUSD,3188450.0562004405,1523.9600533673536,equity_%,4.3858832106647166e-07,2131.131580348285,6.272640200559788e-07,1.2545280401119573e-08,"Method: equity_%, ATR: 3188450.06, Risk: 2131.13"
2024-01-14 22:00:00,EURUSD,3892017.535697214,1324.84837964246,equity_%,4.1359034969503467e-07,2132.6096206058673,5.138722993039446e-07,1.0277445986078894e-08,"Method: equity_%, ATR: 3892017.54, Risk: 2132.61"
2024-01-14 23:00:00,EURUSD,1573759.0345903595,1252.1128494501693,equity_%,1.0832050535689015e-06,2134.4814565684164,1.270842585199575e-06,2.54168517039915e-08,"Method: equity_%, ATR: 1573759.03, Risk: 2134.48"
2024-01-15 00:00:00,EURUSD,1342814.1273541404,1151.112657579052,equity_%,1.3820088582825408e-06,2136.2130207008013,1.4894094121133264e-06,2.978818824226653e-08,"Method: equity_%, ATR: 1342814.13, Risk: 2136.21"
2024-01-15 01:00:00,EURUSD,4503141.360940276,910.9665372983382,equity_%,5.216010439639781e-07,2139.7175884298344,4.4413440300759093e-07,8.882688060151819e-09,"Method: equity_%, ATR: 4503141.36, Risk: 2139.72"
2024-01-15 02:00:00,EURUSD,7318286.646604539,1147.171305822148,equity_%,2.546550110811038e-07,2137.9124591500417,2.7328801078431917e-07,5.465760215686383e-09,"Method: equity_%, ATR: 7318286.65, Risk: 2137.91"
2024-01-15 03:00:00,EURUSD,1508520.8262514903,1168.2030087647024,equity_%,1.2139335404351365e-06,2139.264782627997,1.3258020474067844e-06,2.6516040948135683e-08,"Method: equity_%, ATR: 1508520.83, Risk: 2139.26"
2024-01-15 04:00:00,EURUSD,1227947.4369760328,1167.8794937535556,equity_%,1.4897846128242226e-06,2136.4921146744227,1.6287342110711506e-06,3.257468422142301e-08,"Method: equity_%, ATR: 1227947.44, Risk: 2136.49"
2024-01-15 05:00:00,EURUSD,1019996.9973608018,1174.212897835168,equity_%,1.7822530211624952e-06,2134.593090591169,1.9607900858285984e-06,3.921580171657198e-08,"Method: equity_%, ATR: 1019997.00, Risk: 2134.59"
2024-01-15 06:00:00,EURUSD,2006127.8891405119,1312.2958341394515,equity_%,8.099596641322321e-07,2132.326760505225,9.969454145103697e-07,1.993890829020739e-08,"Method: equity_%, ATR: 2006127.89, Risk: 2132.33"
2024-01-15 07:00:00,EURUSD,4538674.088728128,1226.7333159873938,equity_%,3.8291023458685977e-07,2131.9456691396567,4.406573287487271e-07,8.813146574974542e-09,"Method: equity_%, ATR: 4538674.09, Risk: 2131.95"
2024-01-15 08:00:00,EURUSD,986725.0219102993,1198.9452735347854,equity_%,1.8037909360902735e-06,2133.937530810291,2.026907147979283e-06,4.0538142959585654e-08,"Method: equity_%, ATR: 986725.02, Risk: 2133.94"
2024-01-15 09:00:00,EURUSD,1182176.5223095235,1217.4413988908652,equity_%,1.4818126469880568e-06,2132.6701628865426,1.6917947212255243e-06,3.3835894424510485e-08,"Method: equity_%, ATR: 1182176.52, Risk: 2132.67"
2024-01-15 10:00:00,EURUSD,2411170.3674768317,1135.0552573150514,equity_%,7.787669303887038e-07,2131.3383702536075,8.29472702127183e-07,1.658945404254366e-08,"Method: equity_%, ATR: 2411170.37, Risk: 2131.34"
2024-01-15 11:00:00,EURUSD,2461664.7543587806,1071.2326875104613,equity_%,8.078457734402563e-07,2130.3020285865223,8.124583156413449e-07,1.62491663128269e-08,"Method: equity_%, ATR: 2461664.75, Risk: 2130.30"
2024-01-15 12:00:00,EURUSD,2146064.577841963,1179.9365710866327,equity_%,8.419296786349421e-07,2131.95123760585,9.319384051393075e-07,1.863876810278615e-08,"Method: equity_%, ATR: 2146064.58, Risk: 2131.95"
2024-01-15 13:00:00,EURUSD,1155059.080566582,1104.3507157663787,equity_%,1.6776095479672765e-06,2139.9425041129025,1.7315131612306412e-06,3.463026322461282e-08,"Method: equity_%, ATR: 1155059.08, Risk: 2139.94"
2024-01-15 14:00:00,EURUSD,2041840.6452125101,974.1398750657293,equity_%,1.0752263352413923e-06,2138.6664598431735,9.795083689265303e-07,1.9590167378530606e-08,"Method: equity_%, ATR: 2041840.65, Risk: 2138.67"
2024-01-15 15:00:00,EURUSD,4295893.522470745,1222.3076512831615,equity_%,4.0777261925250833e-07,2141.1746824506645,4.655608872842169e-07,9.311217745684338e-09,"Method: equity_%, ATR: 4295893.52, Risk: 2141.17"
2024-01-15 16:00:00,EURUSD,2095941.0695137035,1396.707278055955,equity_%,7.310716145928887e-07,2140.1508485629947,9.542253019852496e-07,1.9084506039704987e-08,"Method: equity_%, ATR: 2095941.07, Risk: 2140.15"
2024-01-15 17:00:00,EURUSD,1717115.7176668202,1510.9032517477829,equity_%,8.25125599699889e-07,2140.7023255202794,1.1647438663700292e-06,2.329487732740059e-08,"Method: equity_%, ATR: 1717115.72, Risk: 2140.70"
2024-01-15 18:00:00,EURUSD,3996953.176795762,1209.8691374794655,equity_%,4.424070360786322e-07,2139.387650427388,5.003811432195311e-07,1.000762286439062e-08,"Method: equity_%, ATR: 3996953.18, Risk: 2139.39"
2024-01-15 19:00:00,EURUSD,2354867.2653349875,1094.2046265501608,equity_%,8.300340787050033e-07,2138.7543358381185,8.493047695049144e-07,1.698609539009829e-08,"Method: equity_%, ATR: 2354867.27, Risk: 2138.75"
2024-01-15 20:00:00,EURUSD,3807739.881617151,859.9515856110535,equity_%,6.538937423260947e-07,2141.156716736842,5.252459627443348e-07,1.0504919254886696e-08,"Method: equity_%, ATR: 3807739.88, Risk: 2141.16"
2024-01-15 21:00:00,EURUSD,2566635.350900009,1035.5444914309944,equity_%,8.04626431079069e-07,2138.5885090078673,7.792302865690236e-07,1.5584605731380468e-08,"Method: equity_%, ATR: 2566635.35, Risk: 2138.59"
2024-01-15 22:00:00,EURUSD,1030113.2805692828,1046.5803410008043,equity_%,1.97970186081892e-06,2134.309267975835,1.941534040697658e-06,3.8830680813953163e-08,"Method: equity_%, ATR: 1030113.28, Risk: 2134.31"
2024-01-15 23:00:00,EURUSD,3765200.455735494,835.1159995623091,equity_%,6.78929421942873e-07,2134.8115133450588,5.311802182944654e-07,1.0623604365889308e-08,"Method: equity_%, ATR: 3765200.46, Risk: 2134.81"
2024-01-16 00:00:00,EURUSD,4767657.791410277,1188.3530698104114,equity_%,3.768684208166179e-07,2135.208628112199,4.1949319508697345e-07,8.389863901739467e-09,"Method: equity_%, ATR: 4767657.79, Risk: 2135.21"
2024-01-16 01:00:00,EURUSD,1771320.4090586647,1161.8886418359702,equity_%,1.0372646755390658e-06,2134.7706383744376,1.1291012003090184e-06,2.2582024006180367e-08,"Method: equity_%, ATR: 1771320.41, Risk: 2134.77"
2024-01-16 02:00:00,EURUSD,2879493.962631175,1336.77149324715,equity_%,5.555060772250853e-07,2138.268126875099,6.945664849293429e-07,1.3891329698586857e-08,"Method: equity_%, ATR: 2879493.96, Risk: 2138.27"
2024-01-16 03:00:00,EURUSD,688355.5033972698,1381.2043094647076,equity_%,2.2528921445780694e-06,2141.958806592847,2.9054754267661353e-06,5.8109508535322716e-08,"Method: equity_%, ATR: 688355.50, Risk: 2141.96"
2024-01-16 04:00:00,EURUSD,1227925.4678913571,1472.6199432151823,equity_%,1.184156103346364e-06,2141.2710354465885,1.6287633511132236e-06,3.257526702226447e-08,"Method: equity_%, ATR: 1227925.47, Risk: 2141.27"
2024-01-16 05:00:00,EURUSD,1877360.392283265,1449.5700048370222,equity_%,7.866078215821162e-07,2140.6472405274058,1.0653255540176703e-06,2.1306511080353406e-08,"Method: equity_%, ATR: 1877360.39, Risk: 2140.65"
2024-01-16 06:00:00,EURUSD,1723664.9392611708,1547.9989281481244,equity_%,8.022976790356847e-07,2140.7159223006533,1.1603183161904294e-06,2.3206366323808583e-08,"Method: equity_%, ATR: 1723664.94, Risk: 2140.72"
2024-01-16 07:00:00,EURUSD,3097694.7287908252,1354.947959193957,equity_%,5.092702104768834e-07,2137.5166433568616,6.45641412438563e-07,1.2912828248771261e-08,"Method: equity_%, ATR: 3097694.73, Risk: 2137.52"
2024-01-16 08:00:00,EURUSD,3598442.901116748,1494.4341289391668,equity_%,3.974736084323892e-07,2137.4683390399464,5.557959525714069e-07,1.111591905142814e-08,"Method: equity_%, ATR: 3598442.90, Risk: 2137.47"
2024-01-16 09:00:00,EURUSD,7240507.956179344,1262.222707664141,equity_%,2.338091108073952e-07,2136.8126905852496,2.7622371415159057e-07,5.524474283031811e-09,"Method: equity_%, ATR: 7240507.96, Risk: 2136.81"
2024-01-16 10:00:00,EURUSD,1291602.9770743216,1272.8842041527168,equity_%,1.2995459976998537e-06,2136.532928332795,1.5484634485206176e-06,3.096926897041235e-08,"Method: equity_%, ATR: 1291602.98, Risk: 2136.53"
2024-01-16 11:00:00,EURUSD,1124190.4862055527,1315.9027461562619,equity_%,1.443711678579778e-06,2135.7192813276038,1.7790579306097328e-06,3.5581158612194654e-08,"Method: equity_%, ATR: 1124190.49, Risk: 2135.72"
2024-01-16 12:00:00,EURUSD,1806067.9772379058,1365.4650773532067,equity_%,8.653581676948553e-07,2134.0794644620105,1.107378030730982e-06,2.2147560614619643e-08,"Method: equity_%, ATR: 1806067.98, Risk: 2134.08"
2024-01-16 13:00:00,EURUSD,865979.5382962966,1310.1709507108133,equity_%,1.8816285620194294e-06,2134.860457680503,2.3095233912047655e-06,4.619046782409531e-08,"Method: equity_%, ATR: 865979.54, Risk: 2134.86"
2024-01-16 14:00:00,EURUSD,2989567.8405134003,1123.770555957729,equity_%,6.344246073170862e-07,2131.4054969879053,6.689930139389439e-07,1.3379860278778878e-08,"Method: equity_%, ATR: 2989567.84, Risk: 2131.41"
2024-01-16 15:00:00,EURUSD,1345644.191285926,1222.538035915211,equity_%,1.2949893918752233e-06,2130.388611179883,1.4862769913113201e-06,2.9725539826226403e-08,"Method: equity_%, ATR: 1345644.19, Risk: 2130.39"
2024-01-16 16:00:00,EURUSD,3195180.8891247083,1125.1928241652854,equity_%,5.925506270351093e-07,2130.33481949292,6.259426522007906e-07,1.2518853044015811e-08,"Method: equity_%, ATR: 3195180.89, Risk: 2130.33"
2024-01-16 17:00:00,EURUSD,6126884.026170665,1367.296146516612,equity_%,2.544091185745208e-07,2131.252584142984,3.264302035842533e-07,6.528604071685067e-09,"Method: equity_%, ATR: 6126884.03, Risk: 2131.25"
2024-01-16 18:00:00,EURUSD,3317423.8566128905,1508.3923471115781,equity_%,4.259364178082796e-07,2131.3759348599956,6.028774393761101e-07,1.2057548787522205e-08,"Method: equity_%, ATR: 3317423.86, Risk: 2131.38"
2024-01-16 19:00:00,EURUSD,1139522.0854415947,1458.3216622629743,equity_%,1.2826125812116257e-06,2131.432430195162,1.7551217528398737e-06,3.510243505679748e-08,"Method: equity_%, ATR: 1139522.09, Risk: 2131.43"
2024-01-16 20:00:00,EURUSD,1238772.1704772548,1465.371196508727,equity_%,1.1741187260106386e-06,2131.332000389401,1.6145018815118128e-06,3.2290037630236256e-08,"Method: equity_%, ATR: 1238772.17, Risk: 2131.33"
2024-01-16 21:00:00,EURUSD,2903126.4513537507,1278.0040519065597,equity_%,5.735472742613121e-07,2127.97932287624,6.889124650658549e-07,1.3778249301317096e-08,"Method: equity_%, ATR: 2903126.45, Risk: 2127.98"
2024-01-16 22:00:00,EURUSD,2941988.377978248,1428.7176267837751,equity_%,5.065775098241207e-07,2129.2823807215113,6.798123388150201e-07,1.3596246776300401e-08,"Method: equity_%, ATR: 2941988.38, Risk: 2129.28"
2024-01-16 23:00:00,EURUSD,933956.0935686268,1414.7805927636177,equity_%,1.6086317061959314e-06,2125.554173256187,2.1414282895869777e-06,4.282856579173955e-08,"Method: equity_%, ATR: 933956.09, Risk: 2125.55"
2024-01-17 00:00:00,EURUSD,606632.9108859213,1459.3029080214467,equity_%,2.4009650155392316e-06,2125.4811010838685,3.2968867400867153e-06,6.59377348017343e-08,"Method: equity_%, ATR: 606632.91, Risk: 2125.48"
2024-01-17 01:00:00,EURUSD,1868079.4858931676,1409.3364596852168,equity_%,8.070603343950346e-07,2124.7901364819368,1.0706182553274805e-06,2.1412365106549615e-08,"Method: equity_%, ATR: 1868079.49, Risk: 2124.79"
2024-01-17 02:00:00,EURUSD,1871560.9007766328,1414.066379078755,equity_%,8.033104199271867e-07,2125.970140847211,1.0686267271185614e-06,2.1372534542371233e-08,"Method: equity_%, ATR: 1871560.90, Risk: 2125.97"
2024-01-17 03:00:00,EURUSD,1452119.7204237205,1522.0129950858786,equity_%,9.623476083420283e-07,2126.927836547577,1.3772969073213957e-06,2.7545938146427913e-08,"Method: equity_%, ATR: 1452119.72, Risk: 2126.93"
2024-01-17 04:00:00,EURUSD,1790802.5922883712,1634.1629747718218,equity_%,7.26514381320862e-07,2126.1176676409646,1.116817681978172e-06,2.2336353639563436e-08,"Method: equity_%, ATR: 1790802.59, Risk: 2126.12"
2024-01-17 05:00:00,EURUSD,2578212.045446089,1782.3043398658938,equity_%,4.6294756704241757e-07,2127.317455940257,7.757313846751323e-07,1.5514627693502648e-08,"Method: equity_%, ATR: 2578212.05, Risk: 2127.32"
2024-01-17 06:00:00,EURUSD,2033263.6155392902,1859.7815798259871,equity_%,5.622750946986226e-07,2126.201785446132,9.836402838839628e-07,1.9672805677679252e-08,"Method: equity_%, ATR: 2033263.62, Risk: 2126.20"
2024-01-17 07:00:00,EURUSD,966902.9890515571,1875.1342576711563,equity_%,1.173115436340347e-06,2126.9438280381532,2.0684598379014384e-06,4.1369196758028764e-08,"Method: equity_%, ATR: 966902.99, Risk: 2126.94"
2024-01-17 08:00:00,EURUSD,1284718.1637016912,1933.3758561315246,equity_%,8.574802617456961e-07,2129.8464140602077,1.5567616746674998e-06,3.113523349335e-08,"Method: equity_%, ATR: 1284718.16, Risk: 2129.85"
2024-01-17 09:00:00,EURUSD,1394394.259930325,1843.1023528264589,equity_%,8.288874391348807e-07,2130.250119192409,1.4343145676029504e-06,2.868629135205901e-08,"Method: equity_%, ATR: 1394394.26, Risk: 2130.25"
2024-01-17 10:00:00,EURUSD,2605741.970725976,1687.3428372953567,equity_%,4.839319141529506e-07,2127.7421857758677,7.67535704789215e-07,1.53507140957843e-08,"Method: equity_%, ATR: 2605741.97, Risk: 2127.74"
2024-01-17 11:00:00,EURUSD,365313.5108139691,1664.4396656663166,equity_%,3.507925651076689e-06,2132.96717340132,5.4747496076554175e-06,1.0949499215310835e-07,"Method: equity_%, ATR: 365313.51, Risk: 2132.97"
2024-01-17 12:00:00,EURUSD,589980.6681806854,1715.013634937072,equity_%,2.1081887686107793e-06,2133.117869487359,3.3899415826070543e-06,6.779883165214109e-08,"Method: equity_%, ATR: 589980.67, Risk: 2133.12"
2024-01-17 13:00:00,EURUSD,3594709.0172392973,1931.604832954396,equity_%,3.0695504509656765e-07,2131.359947456219,5.56373267045682e-07,1.1127465340913639e-08,"Method: equity_%, ATR: 3594709.02, Risk: 2131.36"
2024-01-17 14:00:00,EURUSD,1625552.4639480154,1842.3688648791897,equity_%,7.115930956688379e-07,2131.1268559831105,1.2303509387464222e-06,2.4607018774928443e-08,"Method: equity_%, ATR: 1625552.46, Risk: 2131.13"
2024-01-17 15:00:00,EURUSD,1418616.4536888145,1905.4768032323311,equity_%,7.887255233108948e-07,2132.036098831209,1.4098243360983297e-06,2.8196486721966596e-08,"Method: equity_%, ATR: 1418616.45, Risk: 2132.04"
2024-01-17 16:00:00,EURUSD,1504176.5211013376,2053.525227920848,equity_%,6.900931306739169e-07,2131.6041270225046,1.3296311782181169e-06,2.6592623564362334e-08,"Method: equity_%, ATR: 1504176.52, Risk: 2131.60"
2024-01-17 17:00:00,EURUSD,1671451.1932384153,2120.481227040115,equity_%,6.013523755966509e-07,2131.3617252714844,1.1965650017725168e-06,2.3931300035450335e-08,"Method: equity_%, ATR: 1671451.19, Risk: 2131.36"
2024-01-17 18:00:00,EURUSD,1239479.525845545,2108.202932739058,equity_%,8.160157070836716e-07,2132.30973088719,1.6135805056042735e-06,3.227161011208547e-08,"Method: equity_%, ATR: 1239479.53, Risk: 2132.31"
2024-01-17 19:00:00,EURUSD,1518787.8791804132,2125.0814443845334,equity_%,6.611878939424941e-07,2134.0156250486452,1.3168395846556692e-06,2.6336791693113385e-08,"Method: equity_%, ATR: 1518787.88, Risk: 2134.02"
2024-01-17 20:00:00,EURUSD,1892684.3748690407,1992.7276512228127,equity_%,5.656044350882945e-07,2133.2362262862025,1.0567002224754906e-06,2.113400444950981e-08,"Method: equity_%, ATR: 1892684.37, Risk: 2133.24"
2024-01-17 21:00:00,EURUSD,3653183.133020602,2128.596039968056,equity_%,2.7399545364114424e-07,2130.63006198821,5.474677636394095e-07,1.0949355272788188e-08,"Method: equity_%, ATR: 3653183.13, Risk: 2130.63"
2024-01-17 22:00:00,EURUSD,2517812.3652191153,2262.5860001649453,equity_%,3.7355858056159105e-07,2128.0761975178457,7.943403677048618e-07,1.5886807354097237e-08,"Method: equity_%, ATR: 2517812.37, Risk: 2128.08"
2024-01-17 23:00:00,EURUSD,1033295.6528518753,2299.5737905105125,equity_%,8.953612060725244e-07,2127.5032190793263,1.9355544509260635e-06,3.8711089018521276e-08,"Method: equity_%, ATR: 1033295.65, Risk: 2127.50"
2024-01-18 00:00:00,EURUSD,1356488.4421848273,2366.7483099391993,equity_%,6.620535460644507e-07,2125.500881789698,1.4743951646050897e-06,2.948790329210179e-08,"Method: equity_%, ATR: 1356488.44, Risk: 2125.50"
2024-01-18 01:00:00,EURUSD,5838382.529395498,2199.925989922914,equity_%,1.652425735236039e-07,2122.3771784455466,3.425606304366423e-07,6.851212608732845e-09,"Method: equity_%, ATR: 5838382.53, Risk: 2122.38"
2024-01-18 02:00:00,EURUSD,3491142.5414939187,2074.2079872507356,equity_%,2.9339104319693726e-07,2124.548915950244,5.728783560765658e-07,1.1457567121531318e-08,"Method: equity_%, ATR: 3491142.54, Risk: 2124.55"
2024-01-18 03:00:00,EURUSD,3662430.4152017157,2248.113714170409,equity_%,2.5840987403600257e-07,2127.6332137370728,5.460854605451516e-07,1.0921709210903035e-08,"Method: equity_%, ATR: 3662430.42, Risk: 2127.63"
2024-01-18 04:00:00,EURUSD,2072844.1124732536,2204.4116243523354,equity_%,4.6532296281759547e-07,2126.24751734182,9.648578916113773e-07,1.9297157832227544e-08,"Method: equity_%, ATR: 2072844.11, Risk: 2126.25"
2024-01-18 05:00:00,EURUSD,8661911.629250506,1858.8056856616631,equity_%,1.3201811988514034e-07,2125.5987420782326,2.3089591369717713e-07,4.617918273943543e-09,"Method: equity_%, ATR: 8661911.63, Risk: 2125.60"
2024-01-18 06:00:00,EURUSD,2924150.48515325,1810.9850834432052,equity_%,4.0077082573637713e-07,2122.3191434469773,6.839593277276848e-07,1.3679186554553694e-08,"Method: equity_%, ATR: 2924150.49, Risk: 2122.32"
2024-01-18 07:00:00,EURUSD,5601443.042917633,1757.8410654195072,equity_%,2.1565699903385088e-07,2123.4551262938403,3.570508500534992e-07,7.1410170010699834e-09,"Method: equity_%, ATR: 5601443.04, Risk: 2123.46"
2024-01-18 08:00:00,EURUSD,1456883.4352284716,1749.7499556523574,equity_%,8.316122342057947e-07,2119.9307107065247,1.372793424400735e-06,2.7455868488014696e-08,"Method: equity_%, ATR: 1456883.44, Risk: 2119.93"
2024-01-18 09:00:00,EURUSD,2528660.9800082603,1921.1441444072818,equity_%,4.370100407917047e-07,2122.9607940514575,7.909324404544996e-07,1.5818648809089992e-08,"Method: equity_%, ATR: 2528660.98, Risk: 2122.96"
2024-01-18 10:00:00,EURUSD,1635092.3851720085,1817.3817282886087,equity_%,7.130686430682697e-07,2118.9455275872124,1.223172475229651e-06,2.446344950459302e-08,"Method: equity_%, ATR: 1635092.39, Risk: 2118.95"
2024-01-18 11:00:00,EURUSD,2140513.5834757495,1739.675989604327,equity_%,5.686998405387383e-07,2117.7245154445336,9.343552012187725e-07,1.868710402437545e-08,"Method: equity_%, ATR: 2140513.58, Risk: 2117.72"
2024-01-18 12:00:00,EURUSD,490122.43080522236,1754.0097233292975,equity_%,2.4648587362415473e-06,2118.98854875294,4.080613076031226e-06,8.16122615206245e-08,"Method: equity_%, ATR: 490122.43, Risk: 2118.99"
2024-01-18 13:00:00,EURUSD,1326085.7170343592,1673.959557483728,equity_%,9.532049775320051e-07,2115.937620615477,1.5081981310173327e-06,3.0163962620346654e-08,"Method: equity_%, ATR: 1326085.72, Risk: 2115.94"
2024-01-18 14:00:00,EURUSD,1434696.5301527688,1757.972651660409,equity_%,8.386132728217644e-07,2115.1145572651494,1.3940230271464007e-06,2.7880460542928015e-08,"Method: equity_%, ATR: 1434696.53, Risk: 2115.11"
2024-01-18 15:00:00,EURUSD,1383763.8696536897,1719.4156749629765,equity_%,8.904000239231321e-07,2118.497869292331,1.4453332998935246e-06,2.8906665997870494e-08,"Method: equity_%, ATR: 1383763.87, Risk: 2118.50"
2024-01-18 16:00:00,EURUSD,2018440.8630431585,1827.992571416696,equity_%,5.741922242786945e-07,2118.5941235428477,9.908638081101097e-07,1.9817276162202194e-08,"Method: equity_%, ATR: 2018440.86, Risk: 2118.59"
2024-01-18 17:00:00,EURUSD,1422356.9245128739,1814.8532161963124,equity_%,8.205333567250727e-07,2118.0994025425152,1.4061168230927384e-06,2.8122336461854766e-08,"Method: equity_%, ATR: 1422356.92, Risk: 2118.10"
2024-01-18 18:00:00,EURUSD,7041065.964464976,2318.9998985615666,equity_%,1.297288735334559e-07,2118.2430478110223,2.840478998625562e-07,5.680957997251123e-09,"Method: equity_%, ATR: 7041065.96, Risk: 2118.24"
2024-01-18 19:00:00,EURUSD,2405058.110976147,2457.5792626442176,equity_%,3.58322856059584e-07,2117.9105759442095,8.315807384746538e-07,1.6631614769493075e-08,"Method: equity_%, ATR: 2405058.11, Risk: 2117.91"
2024-01-18 20:00:00,EURUSD,2344073.63034351,2510.6875019107815,equity_%,3.6025906818651166e-07,2120.209769727209,8.532155193891723e-07,1.7064310387783445e-08,"Method: equity_%, ATR: 2344073.63, Risk: 2120.21"
2024-01-18 21:00:00,EURUSD,2852667.630389515,2657.5700638032354,equity_%,2.792286104379147e-07,2116.8779161685334,7.01098150620131e-07,1.4021963012402622e-08,"Method: equity_%, ATR: 2852667.63, Risk: 2116.88"
2024-01-18 22:00:00,EURUSD,2412867.7291963734,2526.9726807147117,equity_%,3.4800341764177325e-07,2121.86412840152,8.288891992708266e-07,1.6577783985416533e-08,"Method: equity_%, ATR: 2412867.73, Risk: 2121.86"
2024-01-18 23:00:00,EURUSD,2046569.0290727299,2380.0300205746194,equity_%,4.355561047733748e-07,2121.548370206695,9.772453172059242e-07,1.9544906344118484e-08,"Method: equity_%, ATR: 2046569.03, Risk: 2121.55"
2024-01-19 00:00:00,EURUSD,1116716.110895345,2361.3741802280147,equity_%,8.058066418830144e-07,2124.899697900788,1.7909654750091034e-06,3.581930950018207e-08,"Method: equity_%, ATR: 1116716.11, Risk: 2124.90"
2024-01-19 01:00:00,EURUSD,2620185.9611524697,2432.24428386161,equity_%,3.3351860775816576e-07,2125.4915169271635,7.633046011437734e-07,1.5266092022875467e-08,"Method: equity_%, ATR: 2620185.96, Risk: 2125.49"
2024-01-19 02:00:00,EURUSD,1576033.665854061,2332.693322344242,equity_%,5.782077861136078e-07,2125.7249598323583,1.2690084249667275e-06,2.538016849933455e-08,"Method: equity_%, ATR: 1576033.67, Risk: 2125.72"
2024-01-19 03:00:00,EURUSD,2624852.509698817,2266.627196978249,equity_%,3.569856732811587e-07,2123.90842719152,7.619475732865029e-07,1.5238951465730057e-08,"Method: equity_%, ATR: 2624852.51, Risk: 2123.91"
2024-01-19 04:00:00,EURUSD,2006764.6941685735,2311.9452335278506,equity_%,4.575633719059725e-07,2122.879022657287,9.966290546229805e-07,1.993258109245961e-08,"Method: equity_%, ATR: 2006764.69, Risk: 2122.88"
2024-01-19 05:00:00,EURUSD,2517768.5002405816,2441.9301875076117,equity_%,3.448320643646532e-07,2120.1016381566988,7.943542068339059e-07,1.5887084136678115e-08,"Method: equity_%, ATR: 2517768.50, Risk: 2120.10"
2024-01-19 06:00:00,EURUSD,1910106.4405830312,2556.4868711379154,equity_%,4.342895309537169e-07,2120.7061509786645,1.047062068116754e-06,2.0941241362335078e-08,"Method: equity_%, ATR: 1910106.44, Risk: 2120.71"
2024-01-19 07:00:00,EURUSD,2332334.250206618,2429.7699346872428,equity_%,3.7465331847024765e-07,2123.17370796309,8.575100244841936e-07,1.715020048968387e-08,"Method: equity_%, ATR: 2332334.25, Risk: 2123.17"
2024-01-19 08:00:00,EURUSD,2081111.0827360062,2316.5220582997367,equity_%,4.410955565422779e-07,2126.4950927891596,9.610251065361822e-07,1.9220502130723644e-08,"Method: equity_%, ATR: 2081111.08, Risk: 2126.50"
2024-01-19 09:00:00,EURUSD,2000517.3240072555,2422.9101564239504,equity_%,4.387146466718535e-07,2126.482244306651,9.997414048851026e-07,1.9994828097702054e-08,"Method: equity_%, ATR: 2000517.32, Risk: 2126.48"
2024-01-19 10:00:00,EURUSD,4543872.236215721,2295.590607744179,equity_%,2.0355440366173444e-07,2123.249609694506,4.4015322087173445e-07,8.80306441743469e-09,"Method: equity_%, ATR: 4543872.24, Risk: 2123.25"
2024-01-19 11:00:00,EURUSD,1677465.1213322158,2195.481561597173,equity_%,5.764738434244633e-07,2123.063087897244,1.192275162425811e-06,2.3845503248516215e-08,"Method: equity_%, ATR: 1677465.12, Risk: 2123.06"
2024-01-19 12:00:00,EURUSD,1841221.1792335347,2180.1592361291905,equity_%,5.284971615651344e-07,2121.4697136631926,1.086235604150807e-06,2.1724712083016143e-08,"Method: equity_%, ATR: 1841221.18, Risk: 2121.47"
2024-01-19 13:00:00,EURUSD,8939712.866474895,1683.5684370696654,equity_%,1.4079416213648868e-07,2119.0392098634625,2.2372083196321267e-07,4.474416639264253e-09,"Method: equity_%, ATR: 8939712.87, Risk: 2119.04"
2024-01-19 14:00:00,EURUSD,1048180.5449808713,1759.528887835569,equity_%,1.1479589963539556e-06,2117.185309761807,1.908068232688386e-06,3.816136465376772e-08,"Method: equity_%, ATR: 1048180.54, Risk: 2117.19"
2024-01-19 15:00:00,EURUSD,1872909.4155151597,1678.8906028058313,equity_%,6.737954450704689e-07,2118.6891473029154,1.067857304486818e-06,2.1357146089736362e-08,"Method: equity_%, ATR: 1872909.42, Risk: 2118.69"
2024-01-19 16:00:00,EURUSD,3641137.908875635,1558.456918447237,equity_%,3.743782423331815e-07,2124.430512865251,5.492788381139868e-07,1.0985576762279736e-08,"Method: equity_%, ATR: 3641137.91, Risk: 2124.43"
2024-01-19 17:00:00,EURUSD,1490948.2879193274,1561.900583452028,equity_%,9.114051047270042e-07,2122.4009163714372,1.3414281475791979e-06,2.682856295158396e-08,"Method: equity_%, ATR: 1490948.29, Risk: 2122.40"
2024-01-19 18:00:00,EURUSD,3192295.167536513,1751.3373488620086,equity_%,3.792873516895094e-07,2120.5143230664203,6.265084821537338e-07,1.2530169643074677e-08,"Method: equity_%, ATR: 3192295.17, Risk: 2120.51"
2024-01-19 19:00:00,EURUSD,1342768.4340866813,1813.8150003450703,equity_%,8.705344769801342e-07,2120.2159057354866,1.4894600954485142e-06,2.9789201908970283e-08,"Method: equity_%, ATR: 1342768.43, Risk: 2120.22"
2024-01-19 20:00:00,EURUSD,4433170.127804858,1719.0011362013595,equity_%,2.782084472243058e-07,2120.1221053161157,4.5114442765369944e-07,9.02288855307399e-09,"Method: equity_%, ATR: 4433170.13, Risk: 2120.12"
2024-01-19 21:00:00,EURUSD,1853244.0842573533,1684.807218145683,equity_%,6.806690781180042e-07,2125.293228987191,1.0791886600309617e-06,2.158377320061923e-08,"Method: equity_%, ATR: 1853244.08, Risk: 2125.29"
2024-01-19 22:00:00,EURUSD,515404.2303403071,1690.2664328008577,equity_%,2.438745962025206e-06,2124.563465625656,3.880449329411704e-06,7.760898658823405e-08,"Method: equity_%, ATR: 515404.23, Risk: 2124.56"
2024-01-19 23:00:00,EURUSD,1335630.1564792353,1623.6810340906081,equity_%,9.783999357709276e-07,2121.7946475067283,1.4974205174223267e-06,2.9948410348446534e-08,"Method: equity_%, ATR: 1335630.16, Risk: 2121.79"
2024-01-20 00:00:00,EURUSD,839748.0617706606,1601.4627313059316,equity_%,1.575925989844222e-06,2119.3450232643086,2.381666705824693e-06,4.7633334116493865e-08,"Method: equity_%, ATR: 839748.06, Risk: 2119.35"
2024-01-20 01:00:00,EURUSD,1172215.274197988,1558.3118023466957,equity_%,1.1600450244954916e-06,2119.0274453472985,1.7061712503007352e-06,3.4123425006014695e-08,"Method: equity_%, ATR: 1172215.27, Risk: 2119.03"
2024-01-20 02:00:00,EURUSD,205005.2900446326,1556.0837643309678,equity_%,6.645405701835665e-06,2119.9203269393124,9.755845810440166e-06,1.9511691620880334e-07,"Method: equity_%, ATR: 205005.29, Risk: 2119.92"
2024-01-20 03:00:00,EURUSD,1717189.4609536345,1517.0517920324364,equity_%,8.145837649109394e-07,2122.0439398265744,1.164693847404181e-06,2.329387694808362e-08,"Method: equity_%, ATR: 1717189.46, Risk: 2122.04"
2024-01-20 04:00:00,EURUSD,3962180.6190463165,1235.4329287616524,equity_%,4.3309358458287773e-07,2119.996737321866,5.047725463059262e-07,1.0095450926118524e-08,"Method: equity_%, ATR: 3962180.62, Risk: 2120.00"
2024-01-20 05:00:00,EURUSD,2640476.613335386,1324.3039469219925,equity_%,6.068176457378373e-07,2121.916060465719,7.574390130551654e-07,1.514878026110331e-08,"Method: equity_%, ATR: 2640476.61, Risk: 2121.92"
2024-01-20 06:00:00,EURUSD,1416980.2949751853,1295.7046027469048,equity_%,1.154869559146078e-06,2120.3265253539835,1.4114522319698345e-06,2.8229044639396692e-08,"Method: equity_%, ATR: 1416980.29, Risk: 2120.33"
2024-01-20 07:00:00,EURUSD,2515985.7521332493,1427.3757753677935,equity_%,5.898710446603019e-07,2118.3785853406066,7.949170611575379e-07,1.589834122315076e-08,"Method: equity_%, ATR: 2515985.75, Risk: 2118.38"
2024-01-20 08:00:00,EURUSD,4835010.822089883,1431.8017069784273,equity_%,3.057918414970163e-07,2116.928650143782,4.136495394927619e-07,8.272990789855238e-09,"Method: equity_%, ATR: 4835010.82, Risk: 2116.93"
2024-01-20 09:00:00,EURUSD,1324813.0838054,1428.7870718293702,equity_%,1.117784511203636e-06,2115.82725839662,1.5096469263839013e-06,3.0192938527678025e-08,"Method: equity_%, ATR: 1324813.08, Risk: 2115.83"
2024-01-20 10:00:00,EURUSD,1870618.9487615256,1548.6119716707458,equity_%,7.299898183803345e-07,2114.6804211387025,1.0691648351601128e-06,2.1383296703202258e-08,"Method: equity_%, ATR: 1870618.95, Risk: 2114.68"
2024-01-20 11:00:00,EURUSD,1267364.818774713,1583.907785668634,equity_%,1.0579000658831866e-06,2123.6169593095033,1.5780775751165304e-06,3.156155150233061e-08,"Method: equity_%, ATR: 1267364.82, Risk: 2123.62"
2024-01-20 12:00:00,EURUSD,6310724.6497631855,1856.1650432483634,equity_%,1.8130304709320462e-07,2123.737931959646,3.169208151198692e-07,6.338416302397385e-09,"Method: equity_%, ATR: 6310724.65, Risk: 2123.74"
2024-01-20 13:00:00,EURUSD,4345369.965044424,1937.7423168512341,equity_%,2.523239075479999e-07,2124.6195991259356,4.60260004576976e-07,9.20520009153952e-09,"Method: equity_%, ATR: 4345369.97, Risk: 2124.62"
2024-01-20 14:00:00,EURUSD,2157051.0170839974,2038.575027354605,equity_%,4.830546069573682e-07,2124.1410161020312,9.271917929431702e-07,1.8543835858863404e-08,"Method: equity_%, ATR: 2157051.02, Risk: 2124.14"
2024-01-20 15:00:00,EURUSD,2220737.1244554133,1936.995858485532,equity_%,4.957135144733672e-07,2132.3407376916357,9.006018668195389e-07,1.8012037336390782e-08,"Method: equity_%, ATR: 2220737.12, Risk: 2132.34"
2024-01-20 16:00:00,EURUSD,1178007.830565666,1902.0313493938186,equity_%,9.516387976227736e-07,2132.249335163764,1.697781583539748e-06,3.395563167079496e-08,"Method: equity_%, ATR: 1178007.83, Risk: 2132.25"
2024-01-20 17:00:00,EURUSD,1993012.5479798561,1781.710444631823,equity_%,6.006538968548984e-07,2132.904732758056,1.003505974925861e-06,2.0070119498517223e-08,"Method: equity_%, ATR: 1993012.55, Risk: 2132.90"
2024-01-20 18:00:00,EURUSD,2211754.3290765206,1868.5433550364442,equity_%,5.157373540285885e-07,2131.418116493647,9.042595616101113e-07,1.8085191232202225e-08,"Method: equity_%, ATR: 2211754.33, Risk: 2131.42"
2024-01-20 19:00:00,EURUSD,2440778.7130942075,1746.8649109581213,equity_%,5.001002490022309e-07,2132.282777401301,8.194106205820575e-07,1.638821241164115e-08,"Method: equity_%, ATR: 2440778.71, Risk: 2132.28"
2024-01-20 20:00:00,EURUSD,4947252.122414884,1912.60341259716,equity_%,2.2561380502233084e-07,2134.7874444787544,4.0426482227142844e-07,8.085296445428568e-09,"Method: equity_%, ATR: 4947252.12, Risk: 2134.79"
2024-01-20 21:00:00,EURUSD,361538.52098012296,1926.805703471849,equity_%,3.0628403893428717e-06,2133.6189781599414,5.5319139840978605e-06,1.1063827968195722e-07,"Method: equity_%, ATR: 361538.52, Risk: 2133.62"
2024-01-20 22:00:00,EURUSD,2989728.184977,2104.4362736511084,equity_%,3.387640386195672e-07,2131.3991410052968,6.689571346484751e-07,1.3379142692969502e-08,"Method: equity_%, ATR: 2989728.18, Risk: 2131.40"
2024-01-20 23:00:00,EURUSD,1297212.9774816448,2069.799091883195,equity_%,7.941192332441637e-07,2132.1865104723884,1.5417668761553068e-06,3.083533752310614e-08,"Method: equity_%, ATR: 1297212.98, Risk: 2132.19"
2024-01-21 00:00:00,EURUSD,5238498.226084494,1911.5182454774858,equity_%,2.1298449972495732e-07,2132.7170800365207,3.817888092509475e-07,7.63577618501895e-09,"Method: equity_%, ATR: 5238498.23, Risk: 2132.72"
2024-01-21 01:00:00,EURUSD,1808131.132985618,1991.4086046276009,equity_%,5.934422778599596e-07,2136.82416486628,1.10611446455079e-06,2.21222892910158e-08,"Method: equity_%, ATR: 1808131.13, Risk: 2136.82"
2024-01-21 02:00:00,EURUSD,3556473.9475486362,1833.043498513726,equity_%,3.2789863490884416e-07,2137.627418269487,5.623547450357497e-07,1.1247094900714994e-08,"Method: equity_%, ATR: 3556473.95, Risk: 2137.63"
2024-01-21 03:00:00,EURUSD,1269765.6764457042,1946.1448008559014,equity_%,8.636250096717312e-07,2134.1451027145604,1.5750937650152499e-06,3.1501875300305006e-08,"Method: equity_%, ATR: 1269765.68, Risk: 2134.15"
2024-01-21 04:00:00,EURUSD,2232017.9467579443,1821.6997206634535,equity_%,5.257129116225394e-07,2137.5836428600696,8.960501428337727e-07,1.7921002856675454e-08,"Method: equity_%, ATR: 2232017.95, Risk: 2137.58"
2024-01-21 05:00:00,EURUSD,1568938.7632224134,1733.264860197659,equity_%,7.880318597025749e-07,2142.9631426058845,1.2747470117267278e-06,2.5494940234534557e-08,"Method: equity_%, ATR: 1568938.76, Risk: 2142.96"
2024-01-21 06:00:00,EURUSD,2239450.0829502433,1715.8186312742237,equity_%,5.568951235500481e-07,2139.8640413783423,8.930763919351164e-07,1.7861527838702328e-08,"Method: equity_%, ATR: 2239450.08, Risk: 2139.86"
2024-01-21 07:00:00,EURUSD,1625451.2164475545,1621.7109750806264,equity_%,8.12580168296156e-07,2141.971137298436,1.230427575901679e-06,2.4608551518033583e-08,"Method: equity_%, ATR: 1625451.22, Risk: 2141.97"
2024-01-21 08:00:00,EURUSD,1163892.6768177045,1658.5144459837752,equity_%,1.1125859088110633e-06,2147.661092707896,1.7183714957880527e-06,3.436742991576106e-08,"Method: equity_%, ATR: 1163892.68, Risk: 2147.66"
2024-01-21 09:00:00,EURUSD,1380034.0473430469,1726.3738446869575,equity_%,9.007998288586301e-07,2146.1147717101967,1.449239606697068e-06,2.8984792133941364e-08,"Method: equity_%, ATR: 1380034.05, Risk: 2146.11"
2024-01-21 10:00:00,EURUSD,821153.1783978058,1685.4048232520618,equity_%,1.5490440327163338e-06,2143.83903229997,2.4355991703062064e-06,4.8711983406124125e-08,"Method: equity_%, ATR: 821153.18, Risk: 2143.84"
2024-01-21 11:00:00,EURUSD,3148520.7522108066,1530.3233425076012,equity_%,4.451442663072798e-07,2144.818498485358,6.352189353033973e-07,1.2704378706067946e-08,"Method: equity_%, ATR: 3148520.75, Risk: 2144.82"
2024-01-21 12:00:00,EURUSD,1305499.812981361,1592.1550734675602,equity_%,1.0306009596349079e-06,2142.164024716051,1.531980303721847e-06,3.063960607443693e-08,"Method: equity_%, ATR: 1305499.81, Risk: 2142.16"
2024-01-21 13:00:00,EURUSD,978068.0011242907,1564.4603011871593,equity_%,1.3989239805445514e-06,2140.5615138487246,2.044847595158002e-06,4.089695190316005e-08,"Method: equity_%, ATR: 978068.00, Risk: 2140.56"
2024-01-21 14:00:00,EURUSD,2134483.682921541,1766.57778707002,equity_%,5.669957782158332e-07,2137.988819236465,9.369947477239703e-07,1.8739894954479405e-08,"Method: equity_%, ATR: 2134483.68, Risk: 2137.99"
2024-01-21 15:00:00,EURUSD,2426722.7396940417,1838.599691856214,equity_%,4.7904685258783e-07,2137.3976809506867,8.241567803712746e-07,1.648313560742549e-08,"Method: equity_%, ATR: 2426722.74, Risk: 2137.40"
2024-01-21 16:00:00,EURUSD,3525916.281677605,1588.8198801443052,equity_%,3.825911605761125e-07,2143.293236380803,5.672284422613729e-07,1.1344568845227458e-08,"Method: equity_%, ATR: 3525916.28, Risk: 2143.29"
2024-01-21 17:00:00,EURUSD,2736533.393931954,1385.6415803318162,equity_%,5.65928363402632e-07,2145.917986883857,7.308516696470218e-07,1.4617033392940434e-08,"Method: equity_%, ATR: 2736533.39, Risk: 2145.92"
2024-01-21 18:00:00,EURUSD,1525657.3643337311,1258.1926787083505,equity_%,1.11839842411071e-06,2146.8450986319413,1.3109103306910715e-06,2.621820661382143e-08,"Method: equity_%, ATR: 1525657.36, Risk: 2146.85"
2024-01-21 19:00:00,EURUSD,1016165.6433653206,1252.2315365481961,equity_%,1.6862554940960787e-06,2145.717394918639,1.9681830546606876e-06,3.9363661093213754e-08,"Method: equity_%, ATR: 1016165.64, Risk: 2145.72"
2024-01-01 01:00:00,GBPUSD,2671158.8659166466,492.464432587244,equity_%,1.630819985629039e-06,2145.263349162682,7.487386937256057e-07,1.4974773874512113e-08,"Method: equity_%, ATR: 2671158.87, Risk: 2145.26"
2024-01-01 02:00:00,GBPUSD,7387000.175858891,658.5796483927769,equity_%,4.405171146093552e-07,2143.0840358687333,2.70745898522665e-07,5.4149179704533e-09,"Method: equity_%, ATR: 7387000.18, Risk: 2143.08"
2024-01-01 03:00:00,GBPUSD,2083017.3809116706,647.2259419733175,equity_%,1.5890564465819215e-06,2142.3387069759256,9.601456129591505e-07,1.9202912259183008e-08,"Method: equity_%, ATR: 2083017.38, Risk: 2142.34"
2024-01-01 04:00:00,GBPUSD,1181427.8634408708,608.6377046932465,equity_%,2.9783275399731367e-06,2141.600796646956,1.6928667944017034e-06,3.385733588803407e-08,"Method: equity_%, ATR: 1181427.86, Risk: 2141.60"
2024-01-01 05:00:00,GBPUSD,3336120.559869867,444.85359542057074,equity_%,1.4437310933917338e-06,2142.6199857518272,5.994987183790548e-07,1.1989974367581096e-08,"Method: equity_%, ATR: 3336120.56, Risk: 2142.62"
2024-01-01 06:00:00,GBPUSD,3688137.5212414274,656.7679088368552,equity_%,8.841680845754097e-07,2141.6764676429,5.422791282812035e-07,1.0845582565624069e-08,"Method: equity_%, ATR: 3688137.52, Risk: 2141.68"
2024-01-01 07:00:00,GBPUSD,1961338.2655199098,739.985045878946,equity_%,1.474894824851981e-06,2140.604807825879,1.0197119156648087e-06,2.039423831329617e-08,"Method: equity_%, ATR: 1961338.27, Risk: 2140.60"
2024-01-01 08:00:00,GBPUSD,9375267.97983706,191.10125271201923,equity_%,1.1962132692394768e-06,2143.1661433257746,2.1332723547756763e-07,4.266544709551353e-09,"Method: equity_%, ATR: 9375267.98, Risk: 2143.17"
2024-01-01 09:00:00,GBPUSD,1220903.287558347,256.9642114433959,equity_%,6.852960812480261e-06,2149.96877728391,1.6381313904066459e-06,3.2762627808132917e-08,"Method: equity_%, ATR: 1220903.29, Risk: 2149.97"
2024-01-01 10:00:00,GBPUSD,3919153.594191872,444.5644357829402,equity_%,1.2372708655561609e-06,2155.7172044285353,5.103142686124806e-07,1.0206285372249613e-08,"Method: equity_%, ATR: 3919153.59, Risk: 2155.72"
2024-01-01 11:00:00,GBPUSD,2215202.2848072127,613.9286118061414,equity_%,1.5901767974032083e-06,2162.602381331027,9.02852084307081e-07,1.8057041686141617e-08,"Method: equity_%, ATR: 2215202.28, Risk: 2162.60"
2024-01-01 12:00:00,GBPUSD,3291166.33554191,326.5123235522748,equity_%,2.017818203046102e-06,2168.360289278861,6.076873047714521e-07,1.2153746095429042e-08,"Method: equity_%, ATR: 3291166.34, Risk: 2168.36"
2024-01-01 13:00:00,GBPUSD,1488874.5773537043,282.6277056410067,equity_%,5.156386799741952e-06,2169.79315727653,1.343296494157862e-06,2.686592988315724e-08,"Method: equity_%, ATR: 1488874.58, Risk: 2169.79"
2024-01-01 14:00:00,GBPUSD,1532119.1158753184,197.16290097958637,equity_%,7.180306468920795e-06,2169.005792868971,1.305381532856455e-06,2.6107630657129106e-08,"Method: equity_%, ATR: 1532119.12, Risk: 2169.01"
2024-01-01 15:00:00,GBPUSD,1879946.258197803,233.85299891231284,equity_%,4.938713708905083e-06,2171.211993620533,1.063860198810835e-06,2.12772039762167e-08,"Method: equity_%, ATR: 1879946.26, Risk: 2171.21"
2024-01-01 16:00:00,GBPUSD,2056682.2577566826,192.7167669374778,equity_%,5.475606878905972e-06,2170.29596624246,9.724399539389676e-07,1.944879907877935e-08,"Method: equity_%, ATR: 2056682.26, Risk: 2170.30"
2024-01-01 17:00:00,GBPUSD,1896930.9632116554,115.70026723460552,equity_%,9.878718557193982e-06,2168.135898170311,1.054334627241173e-06,2.108669254482346e-08,"Method: equity_%, ATR: 1896930.96, Risk: 2168.14"
2024-01-01 18:00:00,GBPUSD,2996629.236538351,336.7733022742268,equity_%,2.1482497259242738e-06,2167.9808060536316,6.674165677934724e-07,1.3348331355869449e-08,"Method: equity_%, ATR: 2996629.24, Risk: 2167.98"
2024-01-01 19:00:00,GBPUSD,1994058.581796438,406.60428962586275,equity_%,2.669957743287271e-06,2164.7824428029717,1.0029795605093054e-06,2.0059591210186108e-08,"Method: equity_%, ATR: 1994058.58, Risk: 2164.78"
2024-01-01 20:00:00,GBPUSD,2718865.8646767447,338.8251854427755,equity_%,2.3494804314058672e-06,2164.388905263656,7.356008348862722e-07,1.4712016697725445e-08,"Method: equity_%, ATR: 2718865.86, Risk: 2164.39"
2024-01-01 21:00:00,GBPUSD,1607350.4219458352,382.8136655869402,equity_%,3.5141257108524343e-06,2162.2967459360416,1.244283743415968e-06,2.4885674868319362e-08,"Method: equity_%, ATR: 1607350.42, Risk: 2162.30"
2024-01-01 22:00:00,GBPUSD,3732500.143981012,240.30630132023168,equity_%,2.4099351400723413e-06,2161.5751876304857,5.358338708238706e-07,1.071667741647741e-08,"Method: equity_%, ATR: 3732500.14, Risk: 2161.58"
2024-01-01 23:00:00,GBPUSD,2201934.945111548,139.50139655899747,equity_%,7.043746677388147e-06,2163.6487979581034,9.082920476102812e-07,1.8165840952205624e-08,"Method: equity_%, ATR: 2201934.95, Risk: 2163.65"
2024-01-02 00:00:00,GBPUSD,573814.8683693095,108.87756933375735,equity_%,3.461384318665074e-05,2162.519517750999,3.4854447143966167e-06,6.970889428793234e-08,"Method: equity_%, ATR: 573814.87, Risk: 2162.52"
2024-01-02 01:00:00,GBPUSD,2984802.0106389495,200.57413649474708,equity_%,3.60646641644181e-06,2159.0979851623874,6.700611943007453e-07,1.3401223886014906e-08,"Method: equity_%, ATR: 2984802.01, Risk: 2159.10"
2024-01-02 02:00:00,GBPUSD,2570302.2189304545,288.9679846141233,equity_%,2.903748720286247e-06,2156.715956912213,7.781186139395831e-07,1.5562372278791663e-08,"Method: equity_%, ATR: 2570302.22, Risk: 2156.72"
2024-01-02 03:00:00,GBPUSD,2190277.1914502243,178.53377243612425,equity_%,5.515578644920021e-06,2156.8033223447333,9.131264334062492e-07,1.826252866812499e-08,"Method: equity_%, ATR: 2190277.19, Risk: 2156.80"
2024-01-02 04:00:00,GBPUSD,2498681.806118682,250.37069614314504,equity_%,3.447318351583815e-06,2156.6309957631925,8.004220445766533e-07,1.6008440891533065e-08,"Method: equity_%, ATR: 2498681.81, Risk: 2156.63"
2024-01-02 05:00:00,GBPUSD,3932847.2474407055,341.7163927237637,equity_%,1.6049131489464523e-06,2156.872270392369,5.085374219152542e-07,1.0170748438305083e-08,"Method: equity_%, ATR: 3932847.25, Risk: 2156.87"
2024-01-02 06:00:00,GBPUSD,3201296.1262390995,437.4818074655822,equity_%,1.5411551504126608e-06,2158.4013742672637,6.24746952838009e-07,1.2494939056760182e-08,"Method: equity_%, ATR: 3201296.13, Risk: 2158.40"
2024-01-02 07:00:00,GBPUSD,1669633.8408140873,515.6084278744129,equity_%,2.5061697841087555e-06,2157.5046264305984,1.1978674312356004e-06,2.395734862471201e-08,"Method: equity_%, ATR: 1669633.84, Risk: 2157.50"
2024-01-02 08:00:00,GBPUSD,984256.0124597804,436.70863684841686,equity_%,5.0253169185920275e-06,2160.047557194963,2.031991651238936e-06,4.063983302477871e-08,"Method: equity_%, ATR: 984256.01, Risk: 2160.05"
2024-01-02 09:00:00,GBPUSD,1435121.8137673442,465.264643811112,equity_%,3.234215767773047e-06,2159.522865979279,1.3936099227352639e-06,2.787219845470528e-08,"Method: equity_%, ATR: 1435121.81, Risk: 2159.52"
2024-01-02 10:00:00,GBPUSD,1007686.8967631628,527.5236142303356,equity_%,4.062472268584628e-06,2159.5234583563883,1.984743481754394e-06,3.969486963508788e-08,"Method: equity_%, ATR: 1007686.90, Risk: 2159.52"
2024-01-02 11:00:00,GBPUSD,1115830.9730390175,479.9358238475543,equity_%,4.032969204811172e-06,2159.7649371089474,1.7923861662962332e-06,3.584772332592466e-08,"Method: equity_%, ATR: 1115830.97, Risk: 2159.76"
2024-01-02 12:00:00,GBPUSD,2771048.0339237005,629.6828083353641,equity_%,1.2396083077338292e-06,2162.9693654475063,7.217485859197016e-07,1.4434971718394031e-08,"Method: equity_%, ATR: 2771048.03, Risk: 2162.97"
2024-01-02 13:00:00,GBPUSD,1747268.6325031538,501.2467560683865,equity_%,2.4674995859802058e-06,2161.067558596098,1.1446436814554271e-06,2.2892873629108543e-08,"Method: equity_%, ATR: 1747268.63, Risk: 2161.07"
2024-01-02 14:00:00,GBPUSD,3176256.2196882307,605.2103158141781,equity_%,1.124430320907059e-06,2161.4958127059062,6.296721239309568e-07,1.2593442478619138e-08,"Method: equity_%, ATR: 3176256.22, Risk: 2161.50"
2024-01-02 15:00:00,GBPUSD,6882615.569480974,770.4969683206673,equity_%,4.076996142661797e-07,2162.0450917150483,2.9058720188709053e-07,5.81174403774181e-09,"Method: equity_%, ATR: 6882615.57, Risk: 2162.05"
2024-01-02 16:00:00,GBPUSD,359235.3122521752,757.7780227290957,equity_%,7.932599877191477e-06,2159.417293373457,5.567381412092486e-06,1.1134762824184972e-07,"Method: equity_%, ATR: 359235.31, Risk: 2159.42"
2024-01-02 17:00:00,GBPUSD,3878397.2850756915,505.52084554602186,equity_%,1.1032760143645993e-06,2163.0947311407526,5.15676928636507e-07,1.0313538572730142e-08,"Method: equity_%, ATR: 3878397.29, Risk: 2163.09"
2024-01-02 18:00:00,GBPUSD,377307.317097887,508.56246682924103,equity_%,1.1266430839222793e-05,2161.8516450191314,5.300718828840335e-06,1.0601437657680667e-07,"Method: equity_%, ATR: 377307.32, Risk: 2161.85"
2024-01-02 19:00:00,GBPUSD,1384157.5280653553,512.2194818621318,equity_%,3.04330740346144e-06,2157.681977686619,1.44492224291509e-06,2.88984448583018e-08,"Method: equity_%, ATR: 1384157.53, Risk: 2157.68"
2024-01-02 20:00:00,GBPUSD,1319736.3975173596,508.7841735711645,equity_%,3.2140730364908775e-06,2158.124670543937,1.515454149603154e-06,3.0309082992063077e-08,"Method: equity_%, ATR: 1319736.40, Risk: 2158.12"
2024-01-02 21:00:00,GBPUSD,1261095.5794385984,516.2762758940015,equity_%,3.31408881529167e-06,2157.716164199878,1.5859226157071612e-06,3.1718452314143224e-08,"Method: equity_%, ATR: 1261095.58, Risk: 2157.72"
2024-01-02 22:00:00,GBPUSD,1260411.189759876,418.2028831415832,equity_%,4.092065526389326e-06,2156.958812065499,1.5867837545785552e-06,3.1735675091571103e-08,"Method: equity_%, ATR: 1260411.19, Risk: 2156.96"
2024-01-02 23:00:00,GBPUSD,2452716.4415352987,302.71379968960144,equity_%,2.9098630778949484e-06,2160.4892798050664,8.154224296503198e-07,1.63084485930064e-08,"Method: equity_%, ATR: 2452716.44, Risk: 2160.49"
2024-01-03 00:00:00,GBPUSD,1899674.6368150408,409.1915693047876,equity_%,2.7778933919522937e-06,2159.3422199275333,1.0528118664326447e-06,2.1056237328652896e-08,"Method: equity_%, ATR: 1899674.64, Risk: 2159.34"
2024-01-03 01:00:00,GBPUSD,1661742.7094035652,369.5441875372733,equity_%,3.5169646415941927e-06,2159.7235300093134,1.2035557542586377e-06,2.407111508517275e-08,"Method: equity_%, ATR: 1661742.71, Risk: 2159.72"
2024-01-03 02:00:00,GBPUSD,2066926.7859896217,463.3186126393922,equity_%,2.2645303447023784e-06,2168.61763596228,9.676201467592971e-07,1.9352402935185942e-08,"Method: equity_%, ATR: 2066926.79, Risk: 2168.62"
2024-01-03 03:00:00,GBPUSD,2491097.544093698,349.04031426928566,equity_%,2.489710495665787e-06,2164.787017340078,8.028589666197247e-07,1.605717933239449e-08,"Method: equity_%, ATR: 2491097.54, Risk: 2164.79"
2024-01-03 04:00:00,GBPUSD,1012551.305858828,397.2246373977592,equity_%,5.37593873903954e-06,2162.2580691101334,1.975208553312403e-06,3.950417106624805e-08,"Method: equity_%, ATR: 1012551.31, Risk: 2162.26"
2024-01-03 05:00:00,GBPUSD,230275.09805522356,401.8847718521221,equity_%,2.3340450901852826e-05,2160.0199777077455,8.68526391646729e-06,1.7370527832934585e-07,"Method: equity_%, ATR: 230275.10, Risk: 2160.02"
2024-01-03 06:00:00,GBPUSD,329539.1178558214,397.0364553902769,equity_%,1.652491074414923e-05,2162.103511819109,6.069082217046634e-06,1.2138164434093267e-07,"Method: equity_%, ATR: 329539.12, Risk: 2162.10"
2024-01-03 07:00:00,GBPUSD,5338250.138520971,439.56717616353194,equity_%,9.207409339280625e-07,2160.536591860046,3.7465460555471935e-07,7.493092111094387e-09,"Method: equity_%, ATR: 5338250.14, Risk: 2160.54"
2024-01-03 08:00:00,GBPUSD,1450815.2591870357,430.28583778977287,equity_%,3.460543211506957e-06,2160.2969051723144,1.378535266523665e-06,2.7570705330473297e-08,"Method: equity_%, ATR: 1450815.26, Risk: 2160.30"
2024-01-03 09:00:00,GBPUSD,252193.01436264344,440.16205466651274,equity_%,1.946181875709276e-05,2160.374670563547,7.930433779280183e-06,1.5860867558560367e-07,"Method: equity_%, ATR: 252193.01, Risk: 2160.37"
2024-01-03 10:00:00,GBPUSD,1614305.3346706473,495.4067563915947,equity_%,2.7017349348844165e-06,2160.6794710770437,1.2389229949537662e-06,2.4778459899075323e-08,"Method: equity_%, ATR: 1614305.33, Risk: 2160.68"
2024-01-03 11:00:00,GBPUSD,3226398.489406017,619.1021095405002,equity_%,1.0813981089628184e-06,2160.0604007554766,6.198862312163437e-07,1.2397724624326872e-08,"Method: equity_%, ATR: 3226398.49, Risk: 2160.06"
2024-01-03 12:00:00,GBPUSD,1885539.1831530903,745.4497304952071,equity_%,1.5366241911954334e-06,2159.840049549776,1.0607045548931542e-06,2.1214091097863083e-08,"Method: equity_%, ATR: 1885539.18, Risk: 2159.84"
2024-01-03 13:00:00,GBPUSD,1882849.156290539,796.9084150305589,equity_%,1.443026930800568e-06,2165.201788663685,1.0622199836445016e-06,2.124439967289003e-08,"Method: equity_%, ATR: 1882849.16, Risk: 2165.20"
2024-01-03 14:00:00,GBPUSD,3622092.935441186,933.5803186929857,equity_%,6.403231687439718e-07,2165.2621931339586,5.521669475762337e-07,1.1043338951524674e-08,"Method: equity_%, ATR: 3622092.94, Risk: 2165.26"
2024-01-03 15:00:00,GBPUSD,1730656.1041854501,958.0411747545012,equity_%,1.305491570025934e-06,2164.5569910015897,1.155631089945116e-06,2.3112621798902323e-08,"Method: equity_%, ATR: 1730656.10, Risk: 2164.56"
2024-01-03 16:00:00,GBPUSD,3122860.3645764985,787.7530403028748,equity_%,8.808762348181549e-07,2166.9931921488555,6.404384975667097e-07,1.2808769951334194e-08,"Method: equity_%, ATR: 3122860.36, Risk: 2166.99"
2024-01-03 17:00:00,GBPUSD,761110.995808873,810.0701169196659,equity_%,3.5196004384704123e-06,2170.021171271377,2.6277376243585782e-06,5.255475248717157e-08,"Method: equity_%, ATR: 761111.00, Risk: 2170.02"
2024-01-03 18:00:00,GBPUSD,2311796.767868543,803.6566439706068,equity_%,1.1681357104443268e-06,2170.268626974883,8.651279506044051e-07,1.7302559012088098e-08,"Method: equity_%, ATR: 2311796.77, Risk: 2170.27"
2024-01-03 19:00:00,GBPUSD,1541213.408242204,897.3242474945745,equity_%,1.5690140607903191e-06,2169.896491457351,1.2976788219621414e-06,2.5953576439242827e-08,"Method: equity_%, ATR: 1541213.41, Risk: 2169.90"
2024-01-03 20:00:00,GBPUSD,854368.9254684523,903.2808231834945,equity_%,2.808327530056616e-06,2167.2848325990694,2.3409091089114645e-06,4.681818217822929e-08,"Method: equity_%, ATR: 854368.93, Risk: 2167.28"
2024-01-03 21:00:00,GBPUSD,1625588.923450447,942.0631953352256,equity_%,1.4176227389063313e-06,2170.9580881910642,1.2303233438345745e-06,2.4606466876691487e-08,"Method: equity_%, ATR: 1625588.92, Risk: 2170.96"
2024-01-03 22:00:00,GBPUSD,3678847.2916729334,797.6624125523572,equity_%,7.412134683159156e-07,2175.0747688316096,5.436485511445387e-07,1.0872971022890772e-08,"Method: equity_%, ATR: 3678847.29, Risk: 2175.07"
2024-01-03 23:00:00,GBPUSD,1677968.1083572325,733.8941641800243,equity_%,1.7661635333494363e-06,2174.94385355179,1.191917766517055e-06,2.3838355330341098e-08,"Method: equity_%, ATR: 1677968.11, Risk: 2174.94"
2024-01-04 00:00:00,GBPUSD,1666704.4052149812,600.2069997254654,equity_%,2.173715827056057e-06,2174.514994730431,1.1999728288604532e-06,2.3999456577209062e-08,"Method: equity_%, ATR: 1666704.41, Risk: 2174.51"
2024-01-04 01:00:00,GBPUSD,2607650.786519633,609.3302500700701,equity_%,1.3708450462052837e-06,2178.1638042521918,7.669738641151985e-07,1.533947728230397e-08,"Method: equity_%, ATR: 2607650.79, Risk: 2178.16"
2024-01-04 02:00:00,GBPUSD,1706094.4222036926,644.9861146430961,equity_%,1.983111399606783e-06,2182.2300874995653,1.1722680608829854e-06,2.3445361217659712e-08,"Method: equity_%, ATR: 1706094.42, Risk: 2182.23"
2024-01-04 03:00:00,GBPUSD,1115509.7813872863,654.912310729316,equity_%,2.9942056954720926e-06,2187.450172285094,1.7929022527375166e-06,3.585804505475033e-08,"Method: equity_%, ATR: 1115509.78, Risk: 2187.45"
2024-01-04 04:00:00,GBPUSD,1532364.3113361949,735.379251047409,equity_%,1.940731932058939e-06,2186.9504955167267,1.305172657183614e-06,2.6103453143672277e-08,"Method: equity_%, ATR: 1532364.31, Risk: 2186.95"
2024-01-04 05:00:00,GBPUSD,3673709.168243042,931.3755133895804,equity_%,6.394826822589681e-07,2188.055712262613,5.444089089274597e-07,1.0888178178549194e-08,"Method: equity_%, ATR: 3673709.17, Risk: 2188.06"
2024-01-04 06:00:00,GBPUSD,1674123.7923575863,842.9497594503755,equity_%,1.5528971928095212e-06,2191.4520094957193,1.1946547854645196e-06,2.3893095709290393e-08,"Method: equity_%, ATR: 1674123.79, Risk: 2191.45"
2024-01-04 07:00:00,GBPUSD,2716137.6937063416,809.5291508883017,equity_%,9.962982204287685e-07,2190.6531952024147,7.363396946459196e-07,1.4726793892918392e-08,"Method: equity_%, ATR: 2716137.69, Risk: 2190.65"
2024-01-04 08:00:00,GBPUSD,3473670.0794130582,555.0102305629931,equity_%,1.1359261701846244e-06,2189.9775442253977,5.757599179764181e-07,1.1515198359528362e-08,"Method: equity_%, ATR: 3473670.08, Risk: 2189.98"
2024-01-04 09:00:00,GBPUSD,5292874.273179595,242.14303021021794,equity_%,1.7109951288347142e-06,2192.8671612710204,3.7786652332448797e-07,7.55733046648976e-09,"Method: equity_%, ATR: 5292874.27, Risk: 2192.87"
2024-01-04 10:00:00,GBPUSD,1512860.9423961288,324.9009139355474,equity_%,4.458524158615648e-06,2191.4979465025945,1.3219985683762322e-06,2.643997136752465e-08,"Method: equity_%, ATR: 1512860.94, Risk: 2191.50"
2024-01-04 11:00:00,GBPUSD,2459797.9672029642,193.25720372933574,equity_%,4.609486530056373e-06,2191.228560325184,8.130749056086908e-07,1.626149811217382e-08,"Method: equity_%, ATR: 2459797.97, Risk: 2191.23"
2024-01-04 12:00:00,GBPUSD,2113768.4235005584,104.49072257778668,equity_%,9.928812676060512e-06,2192.9688127647623,9.461774420340004e-07,1.8923548840680008e-08,"Method: equity_%, ATR: 2113768.42, Risk: 2192.97"
2024-01-04 13:00:00,GBPUSD,1523141.1041914783,131.24678379022066,equity_%,1.0974179382328546e-05,2193.819351220943,1.3130759812707244e-06,2.626151962541449e-08,"Method: equity_%, ATR: 1523141.10, Risk: 2193.82"
2024-01-04 14:00:00,GBPUSD,2701727.129041908,35.65423312798853,equity_%,2.2758722043436534e-05,2192.3023797137153,7.402672085205157e-07,1.4805344170410315e-08,"Method: equity_%, ATR: 2701727.13, Risk: 2192.30"
2024-01-04 15:00:00,GBPUSD,2042533.3820198392,95.0452289294181,equity_%,1.1269603766221757e-05,2187.8025839978827,9.791761630951761e-07,1.9583523261903522e-08,"Method: equity_%, ATR: 2042533.38, Risk: 2187.80"
2024-01-04 16:00:00,GBPUSD,1721312.2130627807,188.73916617764547,equity_%,6.73092572128963e-06,2186.7366316176685,1.1619042639808743e-06,2.3238085279617487e-08,"Method: equity_%, ATR: 1721312.21, Risk: 2186.74"
2024-01-04 17:00:00,GBPUSD,3177629.040033007,250.3575275379984,equity_%,2.7521171410371853e-06,2189.428489685843,6.294000888093676e-07,1.2588001776187353e-08,"Method: equity_%, ATR: 3177629.04, Risk: 2189.43"
2024-01-04 18:00:00,GBPUSD,1773842.3921559877,184.30057364991004,equity_%,6.699723201328409e-06,2190.2746508715836,1.1274958862433842e-06,2.2549917724867685e-08,"Method: equity_%, ATR: 1773842.39, Risk: 2190.27"
2024-01-04 19:00:00,GBPUSD,2320480.3469534107,342.455762021607,equity_%,2.7555067343799262e-06,2189.6961218632678,8.618905144470741e-07,1.7237810288941478e-08,"Method: equity_%, ATR: 2320480.35, Risk: 2189.70"
2024-01-04 20:00:00,GBPUSD,1355054.5399190532,324.42185007827,equity_%,4.988116533167481e-06,2192.8224214421966,1.475955351671287e-06,2.951910703342574e-08,"Method: equity_%, ATR: 1355054.54, Risk: 2192.82"
2024-01-04 21:00:00,GBPUSD,1431226.445175515,281.28870584824216,equity_%,5.449556506102017e-06,2193.9251529906237,1.3974029104491114e-06,2.794805820898223e-08,"Method: equity_%, ATR: 1431226.45, Risk: 2193.93"
2024-01-04 22:00:00,GBPUSD,906506.4358770212,309.28022341368666,equity_%,7.827139053350097e-06,2194.452028985282,2.206272256704998e-06,4.412544513409996e-08,"Method: equity_%, ATR: 906506.44, Risk: 2194.45"
2024-01-04 23:00:00,GBPUSD,1372115.9561785662,255.53987431138478,equity_%,6.2534978652815535e-06,2192.6660763301134,1.4576027565265933e-06,2.9152055130531863e-08,"Method: equity_%, ATR: 1372115.96, Risk: 2192.67"
2024-01-05 00:00:00,GBPUSD,1236785.9279183927,265.4851052427085,equity_%,6.672919038172522e-06,2191.0412367678573,1.617094725007226e-06,3.234189450014451e-08,"Method: equity_%, ATR: 1236785.93, Risk: 2191.04"
2024-01-05 01:00:00,GBPUSD,3164173.8034363356,402.6458355831964,equity_%,1.7197979071303636e-06,2191.0937419423694,6.320765306343074e-07,1.2641530612686149e-08,"Method: equity_%, ATR: 3164173.80, Risk: 2191.09"
2024-01-05 02:00:00,GBPUSD,2692438.647993454,587.0191588207537,equity_%,1.387480934886756e-06,2192.931752410557,7.42821011535585e-07,1.4856420230711697e-08,"Method: equity_%, ATR: 2692438.65, Risk: 2192.93"
2024-01-05 03:00:00,GBPUSD,2546711.4856705246,785.903659777412,equity_%,1.0964313143666934e-06,2194.474247888704,7.853264931081972e-07,1.5706529862163945e-08,"Method: equity_%, ATR: 2546711.49, Risk: 2194.47"
2024-01-05 04:00:00,GBPUSD,2457779.929668599,861.9595329891733,equity_%,1.0363328656281616e-06,2195.478264730715,8.137425063397255e-07,1.627485012679451e-08,"Method: equity_%, ATR: 2457779.93, Risk: 2195.48"
2024-01-05 05:00:00,GBPUSD,1564871.882789654,951.5968031740703,equity_%,1.4725565510514671e-06,2192.823838533046,1.2780598987021578e-06,2.5561197974043155e-08,"Method: equity_%, ATR: 1564871.88, Risk: 2192.82"
2024-01-05 06:00:00,GBPUSD,9660908.582660368,1481.3228242317412,equity_%,1.5325571700955057e-07,2193.2309778935737,2.070198659771658e-07,4.140397319543316e-09,"Method: equity_%, ATR: 9660908.58, Risk: 2193.23"
2024-01-05 07:00:00,GBPUSD,578047.7016037366,1524.26316650491,equity_%,2.487306809902775e-06,2191.558120662697,3.459922069495643e-06,6.919844138991286e-08,"Method: equity_%, ATR: 578047.70, Risk: 2191.56"
2024-01-05 08:00:00,GBPUSD,1255774.24054052,1513.7812310028808,equity_%,1.1536966028150613e-06,2193.1397187852453,1.59264295717608e-06,3.18528591435216e-08,"Method: equity_%, ATR: 1255774.24, Risk: 2193.14"
2024-01-05 09:00:00,GBPUSD,2412939.6084069028,1509.9598453655192,equity_%,6.011077700991091e-07,2190.10124680644,8.288645074380713e-07,1.6577290148761425e-08,"Method: equity_%, ATR: 2412939.61, Risk: 2190.10"
2024-01-05 10:00:00,GBPUSD,837267.4790572341,1463.4606730134299,equity_%,1.7864963832768727e-06,2189.008361124849,2.3887228992245186e-06,4.777445798449036e-08,"Method: equity_%, ATR: 837267.48, Risk: 2189.01"
2024-01-05 11:00:00,GBPUSD,3198889.654788711,1335.480153308158,equity_%,5.119071857513353e-07,2186.8949596062075,6.252169395733976e-07,1.2504338791467952e-08,"Method: equity_%, ATR: 3198889.65, Risk: 2186.89"
2024-01-05 12:00:00,GBPUSD,1403602.213637289,1310.326127338722,equity_%,1.1895025418533474e-06,2187.7053035649656,1.4249051337823188e-06,2.849810267564638e-08,"Method: equity_%, ATR: 1403602.21, Risk: 2187.71"
2024-01-05 13:00:00,GBPUSD,2076963.458297821,1240.7976323221749,equity_%,8.481719331595664e-07,2185.816545028151,9.629442405496643e-07,1.9258884810993287e-08,"Method: equity_%, ATR: 2076963.46, Risk: 2185.82"
2024-01-05 14:00:00,GBPUSD,3393050.667560118,1003.6882298850912,equity_%,6.414084034067931e-07,2184.3580211716762,5.894400632213854e-07,1.1788801264427708e-08,"Method: equity_%, ATR: 3393050.67, Risk: 2184.36"
2024-01-05 15:00:00,GBPUSD,1410754.7196632435,888.0898098668246,equity_%,1.7453465834402565e-06,2186.70440074954,1.417680885361428e-06,2.8353617707228562e-08,"Method: equity_%, ATR: 1410754.72, Risk: 2186.70"
2024-01-05 16:00:00,GBPUSD,4376935.515862816,641.9279476445514,equity_%,7.783254348894077e-07,2186.8432540170284,4.5694070491823186e-07,9.138814098364638e-09,"Method: equity_%, ATR: 4376935.52, Risk: 2186.84"
2024-01-05 17:00:00,GBPUSD,2282512.863850734,665.6842149374957,equity_%,1.4411841420137104e-06,2189.782432950758,8.762272632391136e-07,1.752454526478227e-08,"Method: equity_%, ATR: 2282512.86, Risk: 2189.78"
2024-01-05 18:00:00,GBPUSD,1218754.2230892677,637.7187418983364,equity_%,2.8184702061805217e-06,2190.578205686677,1.6410199547292234e-06,3.282039909458447e-08,"Method: equity_%, ATR: 1218754.22, Risk: 2190.58"
2024-01-05 19:00:00,GBPUSD,2231704.9371060203,750.80614428794,equity_%,1.3070142388967666e-06,2190.0040155541483,8.961758190997752e-07,1.7923516381995504e-08,"Method: equity_%, ATR: 2231704.94, Risk: 2190.00"
2024-01-05 20:00:00,GBPUSD,2338974.8030296825,738.0571985956848,equity_%,1.2701221617633096e-06,2192.6083197104895,8.550754789702706e-07,1.7101509579405412e-08,"Method: equity_%, ATR: 2338974.80, Risk: 2192.61"
2024-01-05 21:00:00,GBPUSD,4640429.128650453,680.3477055221256,equity_%,6.931904291499301e-07,2188.475184929036,4.3099462238347935e-07,8.619892447669587e-09,"Method: equity_%, ATR: 4640429.13, Risk: 2188.48"
2024-01-05 22:00:00,GBPUSD,1443396.301714422,662.3904718431274,equity_%,2.290284690565324e-06,2189.7227726896017,1.3856208427473875e-06,2.7712416854947753e-08,"Method: equity_%, ATR: 1443396.30, Risk: 2189.72"
2024-01-05 23:00:00,GBPUSD,2409746.5390488696,706.8209027881115,equity_%,1.285706007959977e-06,2189.890617694253,8.299628062914049e-07,1.6599256125828095e-08,"Method: equity_%, ATR: 2409746.54, Risk: 2189.89"
2024-01-06 00:00:00,GBPUSD,1454081.3996490932,755.2670750805682,equity_%,1.9933904576416248e-06,2189.1808809598615,1.3754388168933671e-06,2.7508776337867337e-08,"Method: equity_%, ATR: 1454081.40, Risk: 2189.18"
2024-01-06 01:00:00,GBPUSD,4307896.261520076,535.0273883837231,equity_%,9.499259357484676e-07,2189.429655483993,4.642637330580203e-07,9.285274661160406e-09,"Method: equity_%, ATR: 4307896.26, Risk: 2189.43"
2024-01-06 02:00:00,GBPUSD,2592125.1962481444,540.9905259657702,equity_%,1.5616043176771208e-06,2189.8614293497576,7.715676707648267e-07,1.5431353415296533e-08,"Method: equity_%, ATR: 2592125.20, Risk: 2189.86"
2024-01-06 03:00:00,GBPUSD,1224541.6957767406,535.8260094268901,equity_%,3.3356182626818283e-06,2188.636870573753,1.6332641076230387e-06,3.2665282152460774e-08,"Method: equity_%, ATR: 1224541.70, Risk: 2188.64"
2024-01-06 04:00:00,GBPUSD,2287331.9401646107,446.2008234800065,equity_%,2.147028399743347e-06,2191.2773566972382,8.743811796096669e-07,1.7487623592193337e-08,"Method: equity_%, ATR: 2287331.94, Risk: 2191.28"
2024-01-06 05:00:00,GBPUSD,1732629.6868127633,368.99987811363906,equity_%,3.428926631081724e-06,2192.2504435094684,1.1543147478207386e-06,2.3086294956414772e-08,"Method: equity_%, ATR: 1732629.69, Risk: 2192.25"
2024-01-06 06:00:00,GBPUSD,1388700.1796547254,280.55879729333304,equity_%,5.626963482564291e-06,2192.332790124272,1.440195680321193e-06,2.8803913606423858e-08,"Method: equity_%, ATR: 1388700.18, Risk: 2192.33"
2024-01-06 07:00:00,GBPUSD,2079606.2675792442,275.99587508835145,equity_%,3.8209360552069735e-06,2193.07497216256,9.61720509877137e-07,1.9234410197542738e-08,"Method: equity_%, ATR: 2079606.27, Risk: 2193.07"
2024-01-06 08:00:00,GBPUSD,1613258.0937867726,328.8836357273767,equity_%,4.133107114890164e-06,2192.9199483050465,1.2397272375094272e-06,2.4794544750188545e-08,"Method: equity_%, ATR: 1613258.09, Risk: 2192.92"
2024-01-06 09:00:00,GBPUSD,1669933.8498996159,302.1267345902421,equity_%,4.349366900633069e-06,2194.39330690048,1.1976522304283042e-06,2.395304460856608e-08,"Method: equity_%, ATR: 1669933.85, Risk: 2194.39"
2024-01-06 10:00:00,GBPUSD,3182413.3911153832,522.0861806855851,equity_%,1.3210816296364888e-06,2194.9692708120037,6.284538663592769e-07,1.2569077327185537e-08,"Method: equity_%, ATR: 3182413.39, Risk: 2194.97"
2024-01-06 11:00:00,GBPUSD,3251063.005101348,609.0485867708533,equity_%,1.1075347428410264e-06,2192.9800693491875,6.151834021247008e-07,1.2303668042494014e-08,"Method: equity_%, ATR: 3251063.01, Risk: 2192.98"
2024-01-06 12:00:00,GBPUSD,1098499.993780788,586.0769860344571,equity_%,3.4113406879896853e-06,2196.2401207918247,1.8206645528658158e-06,3.641329105731632e-08,"Method: equity_%, ATR: 1098499.99, Risk: 2196.24"
2024-01-06 13:00:00,GBPUSD,1897393.08179825,504.0048098807038,equity_%,2.2966979934860336e-06,2196.3213576496123,1.0540778393186214e-06,2.108155678637243e-08,"Method: equity_%, ATR: 1897393.08, Risk: 2196.32"
2024-01-06 14:00:00,GBPUSD,2740008.85305253,357.3426794942267,equity_%,2.244324294021601e-06,2197.46752793518,7.29924648882752e-07,1.459849297765504e-08,"Method: equity_%, ATR: 2740008.85, Risk: 2197.47"
2024-01-06 15:00:00,GBPUSD,1719704.4014963682,486.42750113837155,equity_%,2.628853216944839e-06,2199.065986473969,1.1629905687627117e-06,2.325981137525423e-08,"Method: equity_%, ATR: 1719704.40, Risk: 2199.07"
2024-01-06 16:00:00,GBPUSD,1742532.6662344907,634.3505336087771,equity_%,1.9897816830365128e-06,2199.457965599773,1.14775466695949e-06,2.29550933391898e-08,"Method: equity_%, ATR: 1742532.67, Risk: 2199.46"
2024-01-06 17:00:00,GBPUSD,1058814.0962637386,576.6054533766552,equity_%,3.5983435965241475e-06,2196.8534711564025,1.8889057173090587e-06,3.777811434618118e-08,"Method: equity_%, ATR: 1058814.10, Risk: 2196.85"
2024-01-06 18:00:00,GBPUSD,3286454.5222114497,731.8822934137024,equity_%,9.126568498082336e-07,2195.2115795459154,6.085585504022747e-07,1.2171171008045493e-08,"Method: equity_%, ATR: 3286454.52, Risk: 2195.21"
2024-01-06 19:00:00,GBPUSD,2571486.8255184204,589.3002952318503,equity_%,1.4494229010504199e-06,2196.4234979005437,7.777601581127266e-07,1.5555203162254532e-08,"Method: equity_%, ATR: 2571486.83, Risk: 2196.42"
2024-01-06 20:00:00,GBPUSD,1201892.2666061802,539.2640310574525,equity_%,3.3883569716935526e-06,2196.1204326305924,1.6640426563750681e-06,3.328085312750136e-08,"Method: equity_%, ATR: 1201892.27, Risk: 2196.12"
2024-01-06 21:00:00,GBPUSD,3821208.1231432585,741.9688160288425,equity_%,7.743218752645577e-07,2195.370750910452,5.23394679260452e-07,1.0467893585209042e-08,"Method: equity_%, ATR: 3821208.12, Risk: 2195.37"
2024-01-06 22:00:00,GBPUSD,1593798.2622239122,801.5669090915131,equity_%,1.7194930539095655e-06,2196.714186584341,1.2548639607683425e-06,2.5097279215366858e-08,"Method: equity_%, ATR: 1593798.26, Risk: 2196.71"
2024-01-06 23:00:00,GBPUSD,1874702.0574241253,754.3625523282303,equity_%,1.556692946926473e-06,2201.482993986379,1.0668361898252979e-06,2.1336723796505952e-08,"Method: equity_%, ATR: 1874702.06, Risk: 2201.48"
2024-01-07 00:00:00,GBPUSD,3318017.092381818,708.8987796082844,equity_%,9.356489742655695e-07,2200.7757573254953,6.027696495572638e-07,1.2055392991145277e-08,"Method: equity_%, ATR: 3318017.09, Risk: 2200.78"
2024-01-07 01:00:00,GBPUSD,1212645.8123868224,716.2300686531803,equity_%,2.5352821991788044e-06,2201.9772518259347,1.6492861968190425e-06,3.2985723936380844e-08,"Method: equity_%, ATR: 1212645.81, Risk: 2201.98"
2024-01-07 02:00:00,GBPUSD,1259576.518275046,762.1556575849535,equity_%,2.290121555455411e-06,2198.501508733897,1.5878352533428793e-06,3.1756705066857594e-08,"Method: equity_%, ATR: 1259576.52, Risk: 2198.50"
2024-01-07 03:00:00,GBPUSD,1126326.697206672,802.9904106098395,equity_%,2.430914444996299e-06,2198.5908261467475,1.775683738084223e-06,3.5513674761684456e-08,"Method: equity_%, ATR: 1126326.70, Risk: 2198.59"
2024-01-07 04:00:00,GBPUSD,2773254.4527988387,722.2535429385979,equity_%,1.0976089027715644e-06,2198.502788742838,7.211743581558299e-07,1.44234871631166e-08,"Method: equity_%, ATR: 2773254.45, Risk: 2198.50"
2024-01-07 05:00:00,GBPUSD,964630.6180846818,751.4142670891582,equity_%,3.034650311275172e-06,2199.6274616117958,2.0733324886277105e-06,4.146664977255421e-08,"Method: equity_%, ATR: 964630.62, Risk: 2199.63"
2024-01-07 06:00:00,GBPUSD,1482342.602558947,680.3792632589918,equity_%,2.183589521817258e-06,2202.2704966405327,1.3492157592633637e-06,2.6984315185267275e-08,"Method: equity_%, ATR: 1482342.60, Risk: 2202.27"
2024-01-07 07:00:00,GBPUSD,2677946.838572683,450.0578953034674,equity_%,1.8264577006384863e-06,2201.303656342328,7.468408152067644e-07,1.4936816304135287e-08,"Method: equity_%, ATR: 2677946.84, Risk: 2201.30"
2024-01-07 08:00:00,GBPUSD,301676.09067402565,465.51493098349204,equity_%,1.5682068487674736e-05,2202.306968119178,6.629627145894993e-06,1.3259254291789986e-07,"Method: equity_%, ATR: 301676.09, Risk: 2202.31"
2024-01-07 09:00:00,GBPUSD,1690619.0086664606,343.32617900209084,equity_%,3.8107478419861403e-06,2211.8867150794076,1.1829986470917392e-06,2.3659972941834783e-08,"Method: equity_%, ATR: 1690619.01, Risk: 2211.89"
2024-01-07 10:00:00,GBPUSD,1767436.4498510787,339.8658992759703,equity_%,3.685144678063588e-06,2213.6346364233523,1.1315824114459768e-06,2.2631648228919535e-08,"Method: equity_%, ATR: 1767436.45, Risk: 2213.63"
2024-01-07 11:00:00,GBPUSD,1433736.770593739,286.22527340147326,equity_%,5.39493891648157e-06,2213.930249961274,1.3949562018778108e-06,2.7899124037556214e-08,"Method: equity_%, ATR: 1433736.77, Risk: 2213.93"
2024-01-07 12:00:00,GBPUSD,682414.5479274193,280.7174884714239,equity_%,1.1533206559717162e-05,2209.366764681377,2.930769875985582e-06,5.861539751971163e-08,"Method: equity_%, ATR: 682414.55, Risk: 2209.37"
2024-01-07 13:00:00,GBPUSD,1689883.3268860287,170.31102334856604,equity_%,7.670193046122557e-06,2207.525729334145,1.1835136593041766e-06,2.3670273186083537e-08,"Method: equity_%, ATR: 1689883.33, Risk: 2207.53"
2024-01-07 14:00:00,GBPUSD,5718854.727254804,454.63946595185035,equity_%,8.502182805951306e-07,2210.5820334680384,3.4972037154020363e-07,6.9944074308040725e-09,"Method: equity_%, ATR: 5718854.73, Risk: 2210.58"
2024-01-07 15:00:00,GBPUSD,1271927.908228932,457.41525505708086,equity_%,3.7943677841563213e-06,2207.5602496827564,1.5724161621587938e-06,3.1448323243175885e-08,"Method: equity_%, ATR: 1271927.91, Risk: 2207.56"
2024-01-07 16:00:00,GBPUSD,1466694.6386164478,432.3949489778178,equity_%,3.4812589859361177e-06,2207.7843479332573,1.3636103571542512e-06,2.7272207143085025e-08,"Method: equity_%, ATR: 1466694.64, Risk: 2207.78"
2024-01-07 17:00:00,GBPUSD,1268180.8711550094,361.1357905820295,equity_%,4.8191677784873186e-06,2207.108971870004,1.5770621095857396e-06,3.154124219171479e-08,"Method: equity_%, ATR: 1268180.87, Risk: 2207.11"
2024-01-07 18:00:00,GBPUSD,1941326.2887036148,371.8658541856379,equity_%,3.0550877244422225e-06,2205.5074179401377,1.030223518652069e-06,2.0604470373041378e-08,"Method: equity_%, ATR: 1941326.29, Risk: 2205.51"
2024-01-07 19:00:00,GBPUSD,1140074.7888294007,337.9167867081535,equity_%,5.720471959680203e-06,2203.8141635596953,1.7542708773110826e-06,3.5085417546221653e-08,"Method: equity_%, ATR: 1140074.79, Risk: 2203.81"
2024-01-07 20:00:00,GBPUSD,527869.8050615719,338.08379567880615,equity_%,1.2358249633407469e-05,2205.505471846912,3.788813038409567e-06,7.577626076819134e-08,"Method: equity_%, ATR: 527869.81, Risk: 2205.51"
2024-01-07 21:00:00,GBPUSD,2090870.598466862,290.5748769433299,equity_%,3.634251488668949e-06,2208.005725611383,9.56539348473553e-07,1.913078696947106e-08,"Method: equity_%, ATR: 2090870.60, Risk: 2208.01"
2024-01-07 22:00:00,GBPUSD,2656903.903065505,389.36707842011924,equity_%,2.133157218871984e-06,2206.77441647813,7.527558665905919e-07,1.505511733181184e-08,"Method: equity_%, ATR: 2656903.90, Risk: 2206.77"
2024-01-07 23:00:00,GBPUSD,4496166.279918417,535.0828623784171,equity_%,9.188547093357228e-07,2210.6004360350544,4.4482340631678995e-07,8.896468126335799e-09,"Method: equity_%, ATR: 4496166.28, Risk: 2210.60"
2024-01-08 00:00:00,GBPUSD,2780163.9254289363,453.0830050310651,equity_%,1.7581061375915905e-06,2214.58965106733,7.193820413634175e-07,1.4387640827268349e-08,"Method: equity_%, ATR: 2780163.93, Risk: 2214.59"
2024-01-08 01:00:00,GBPUSD,5744505.634878199,201.5128422772176,equity_%,1.912088493116258e-06,2213.417688916126,3.481587671977984e-07,6.963175343955967e-09,"Method: equity_%, ATR: 5744505.63, Risk: 2213.42"
2024-01-08 02:00:00,GBPUSD,2190370.9009831063,106.51147914315862,equity_%,9.506209125195105e-06,2217.7952097914117,9.130873675788599e-07,1.8261747351577198e-08,"Method: equity_%, ATR: 2190370.90, Risk: 2217.80"
2024-01-08 03:00:00,GBPUSD,2063974.6744609585,164.40241860295546,equity_%,6.549273707217454e-06,2222.3154586982064,9.690041378644016e-07,1.938008275728803e-08,"Method: equity_%, ATR: 2063974.67, Risk: 2222.32"
2024-01-08 04:00:00,GBPUSD,5170749.337045343,75.94738527077516,equity_%,5.660720051400314e-06,2222.9924566492264,3.867911340569518e-07,7.735822681139037e-09,"Method: equity_%, ATR: 5170749.34, Risk: 2222.99"
2024-01-08 05:00:00,GBPUSD,3347407.349253027,245.7159174840087,equity_%,2.7020556276568143e-06,2222.471200549509,5.974773283706566e-07,1.194954656741313e-08,"Method: equity_%, ATR: 3347407.35, Risk: 2222.47"
2024-01-08 06:00:00,GBPUSD,1859716.951983472,192.1391264665287,equity_%,6.2131292487525634e-06,2220.1026227103453,1.0754324725958482e-06,2.1508649451916967e-08,"Method: equity_%, ATR: 1859716.95, Risk: 2220.10"
2024-01-08 07:00:00,GBPUSD,892090.8998161522,129.99417512598728,equity_%,1.911346565194329e-05,2216.5240207377424,2.241924001704504e-06,4.4838480034090073e-08,"Method: equity_%, ATR: 892090.90, Risk: 2216.52"
2024-01-08 08:00:00,GBPUSD,2759784.3372718906,244.33644860016545,equity_%,3.2863787789928957e-06,2216.0574768203,7.246943078085027e-07,1.4493886156170056e-08,"Method: equity_%, ATR: 2759784.34, Risk: 2216.06"
2024-01-08 09:00:00,GBPUSD,2151393.25364238,154.57339252292547,equity_%,6.660406123536404e-06,2214.9057603827455,9.296301346180826e-07,1.8592602692361653e-08,"Method: equity_%, ATR: 2151393.25, Risk: 2214.91"
2024-01-08 10:00:00,GBPUSD,1611297.3888255816,153.01135824903,equity_%,8.986311864871132e-06,2215.5464521243925,1.2412357978546283e-06,2.4824715957092564e-08,"Method: equity_%, ATR: 1611297.39, Risk: 2215.55"
2024-01-08 11:00:00,GBPUSD,1881382.062373431,172.2942570139893,equity_%,6.832844658596436e-06,2214.8756468432653,1.0630482983753594e-06,2.1260965967507187e-08,"Method: equity_%, ATR: 1881382.06, Risk: 2214.88"
2024-01-08 12:00:00,GBPUSD,1663907.7843343068,83.00834997584754,equity_%,1.6050560263798822e-05,2216.8751296670803,1.2019896888697808e-06,2.4039793777395615e-08,"Method: equity_%, ATR: 1663907.78, Risk: 2216.88"
2024-01-08 13:00:00,GBPUSD,1206492.2821963856,51.6236904152499,equity_%,3.560097626770029e-05,2217.3563981473853,1.6576981299532692e-06,3.3153962599065383e-08,"Method: equity_%, ATR: 1206492.28, Risk: 2217.36"
2024-01-08 14:00:00,GBPUSD,1945242.5711441531,-25.46089994211708,equity_%,-4.479742386350349e-05,2218.7100757976164,1.028149409059889e-06,2.056298818119778e-08,"Method: equity_%, ATR: 1945242.57, Risk: 2218.71"
2024-01-08 15:00:00,GBPUSD,3465178.1733358633,-135.04168109251594,equity_%,-4.7342975278162015e-06,2215.3836880391923,5.771708985672841e-07,1.1543417971345681e-08,"Method: equity_%, ATR: 3465178.17, Risk: 2215.38"
2024-01-08 16:00:00,GBPUSD,1570796.9575472856,-161.53722604874778,equity_%,-8.7416511405111e-06,2218.1256452359994,1.273239033466739e-06,2.5464780669334785e-08,"Method: equity_%, ATR: 1570796.96, Risk: 2218.13"
2024-01-08 17:00:00,GBPUSD,2086355.2500660561,-279.9448944796701,equity_%,-3.793550064751411e-06,2215.677923033914,9.586095176920028e-07,1.9172190353840055e-08,"Method: equity_%, ATR: 2086355.25, Risk: 2215.68"
2024-01-08 18:00:00,GBPUSD,4585960.59253726,-529.9760113028409,equity_%,-9.113778010598478e-07,2215.057358920446,4.3611364721594057e-07,8.722272944318811e-09,"Method: equity_%, ATR: 4585960.59, Risk: 2215.06"
2024-01-08 19:00:00,GBPUSD,1499308.993425667,-549.4609247450948,equity_%,-2.6931451797603834e-06,2218.6445250610564,1.333947844486905e-06,2.66789568897381e-08,"Method: equity_%, ATR: 1499308.99, Risk: 2218.64"
2024-01-08 20:00:00,GBPUSD,2706892.0845296085,-481.95618692814656,equity_%,-1.7023435043010425e-06,2220.8831023757107,7.388547225175218e-07,1.4777094450350435e-08,"Method: equity_%, ATR: 2706892.08, Risk: 2220.88"
2024-01-08 21:00:00,GBPUSD,2828755.872455596,-604.3138797284033,equity_%,-1.3029361931465798e-06,2227.3126611866082,7.070246038106615e-07,1.4140492076213231e-08,"Method: equity_%, ATR: 2828755.87, Risk: 2227.31"
2024-01-08 22:00:00,GBPUSD,2223753.3839406357,-505.1764655957581,equity_%,-1.9831019468287275e-06,2227.7926816701993,8.993803064869854e-07,1.798760612973971e-08,"Method: equity_%, ATR: 2223753.38, Risk: 2227.79"
2024-01-08 23:00:00,GBPUSD,2145021.322494832,-579.0549796603401,equity_%,-1.7946020845076797e-06,2229.048829516486,9.323916639084221e-07,1.864783327816844e-08,"Method: equity_%, ATR: 2145021.32, Risk: 2229.05"
2024-01-09 00:00:00,GBPUSD,4773713.001980496,-352.10034448313877,equity_%,-1.3289186930365042e-06,2233.681081123019,4.189610894434268e-07,8.379221788868536e-09,"Method: equity_%, ATR: 4773713.00, Risk: 2233.68"
2024-01-09 01:00:00,GBPUSD,4334732.209255537,-473.3139968661168,equity_%,-1.0911324955741524e-06,2238.665004960624,4.6138951691862123e-07,9.227790338372425e-09,"Method: equity_%, ATR: 4334732.21, Risk: 2238.67"
2024-01-09 02:00:00,GBPUSD,1477192.6455994418,-446.59001202779456,equity_%,-3.3927334974453483e-06,2238.1845286764774,1.353919548650612e-06,2.707839097301224e-08,"Method: equity_%, ATR: 1477192.65, Risk: 2238.18"
2024-01-09 03:00:00,GBPUSD,5426236.153191116,-321.7049716102589,equity_%,-1.2846660448542457e-06,2242.5736168349704,3.6857960905807977e-07,7.3715921811615965e-09,"Method: equity_%, ATR: 5426236.15, Risk: 2242.57"
2024-01-09 04:00:00,GBPUSD,1411208.8955631836,-252.8125210139776,equity_%,-6.2880813791185426e-06,2243.4068333468754,1.4172246265510129e-06,2.8344492531020258e-08,"Method: equity_%, ATR: 1411208.90, Risk: 2243.41"
2024-01-09 05:00:00,GBPUSD,2625180.6009827205,-310.7925910096184,equity_%,-2.74872928941021e-06,2242.651616485497,7.618523461781303e-07,1.523704692356261e-08,"Method: equity_%, ATR: 2625180.60, Risk: 2242.65"
2024-01-09 06:00:00,GBPUSD,612983.3497873716,-323.8769836385696,equity_%,-1.129427533328692e-05,2242.2660164100403,3.262731362432193e-06,6.525462724864384e-08,"Method: equity_%, ATR: 612983.35, Risk: 2242.27"
2024-01-09 07:00:00,GBPUSD,3548255.158885571,-389.401297322312,equity_%,-1.6219893552311014e-06,2241.0948451015292,5.636573218224125e-07,1.1273146436448251e-08,"Method: equity_%, ATR: 3548255.16, Risk: 2241.09"
2024-01-09 08:00:00,GBPUSD,3065521.431056003,-235.08340999481058,equity_%,-3.1100825944077895e-06,2241.2910716580514,6.52417556027669e-07,1.304835112055338e-08,"Method: equity_%, ATR: 3065521.43, Risk: 2241.29"
2024-01-09 09:00:00,GBPUSD,2283644.0447343495,-386.54154647146527,equity_%,-2.5441100654866157e-06,2245.7452342027973,8.757932325800167e-07,1.7515864651600333e-08,"Method: equity_%, ATR: 2283644.04, Risk: 2245.75"
2024-01-09 10:00:00,GBPUSD,197640.2146515369,-385.4294241622536,equity_%,-2.9442887515733828e-05,2242.851825844772,1.0119398036104327e-05,2.0238796072208655e-07,"Method: equity_%, ATR: 197640.21, Risk: 2242.85"
2024-01-09 11:00:00,GBPUSD,2065671.4329101846,-465.98101269140204,equity_%,-2.328331126259168e-06,2241.1669450083946,9.682081903908288e-07,1.9364163807816575e-08,"Method: equity_%, ATR: 2065671.43, Risk: 2241.17"
2024-01-09 12:00:00,GBPUSD,1657178.474915188,-508.2291104570527,equity_%,-2.6651875327975213e-06,2244.6911469577262,1.2068706118707927e-06,2.4137412237415856e-08,"Method: equity_%, ATR: 1657178.47, Risk: 2244.69"
2024-01-09 13:00:00,GBPUSD,2578888.438924365,-421.66077928350524,equity_%,-2.0654213509599944e-06,2245.972448580249,7.755279250599086e-07,1.5510558501198177e-08,"Method: equity_%, ATR: 2578888.44, Risk: 2245.97"
2024-01-09 14:00:00,GBPUSD,2063054.3373112108,-352.0616577832672,equity_%,-3.0934746523317918e-06,2246.859717558283,9.694364146543083e-07,1.9388728293086167e-08,"Method: equity_%, ATR: 2063054.34, Risk: 2246.86"
2024-01-09 15:00:00,GBPUSD,6305391.158047455,-627.9728730661564,equity_%,-5.680940548203679e-07,2249.4335143926533,3.171888864416344e-07,6.343777728832688e-09,"Method: equity_%, ATR: 6305391.16, Risk: 2249.43"
2024-01-09 16:00:00,GBPUSD,3069951.0020949077,-817.2539267369764,equity_%,-8.955345087368219e-07,2246.832957404088,6.514761957553126e-07,1.3029523915106252e-08,"Method: equity_%, ATR: 3069951.00, Risk: 2246.83"
2024-01-09 17:00:00,GBPUSD,1947638.293465461,-721.4330546046583,equity_%,-1.5987062612029304e-06,2246.3272090330042,1.0268847181277028e-06,2.0537694362554053e-08,"Method: equity_%, ATR: 1947638.29, Risk: 2246.33"
2024-01-09 18:00:00,GBPUSD,4210046.179594418,-444.82981746264176,equity_%,-1.199585713057448e-06,2246.529030734638,4.7505417154181283e-07,9.501083430836256e-09,"Method: equity_%, ATR: 4210046.18, Risk: 2246.53"
2024-01-09 19:00:00,GBPUSD,3256236.972239161,-591.1666703097209,equity_%,-1.1669116183733666e-06,2246.280090222438,6.142059122388425e-07,1.2284118244776849e-08,"Method: equity_%, ATR: 3256236.97, Risk: 2246.28"
2024-01-09 20:00:00,GBPUSD,1912305.336085547,-439.787960441687,equity_%,-2.671048267382159e-06,2246.3752677015555,1.045858086708037e-06,2.0917161734160738e-08,"Method: equity_%, ATR: 1912305.34, Risk: 2246.38"
2024-01-09 21:00:00,GBPUSD,3411430.257644928,-369.0292445170012,equity_%,-1.78356747162845e-06,2245.3643572213755,5.862643668350104e-07,1.1725287336700209e-08,"Method: equity_%, ATR: 3411430.26, Risk: 2245.36"
2024-01-09 22:00:00,GBPUSD,3403659.5830199583,-173.57510278808044,equity_%,-3.800304619349128e-06,2245.1841017540933,5.876028290189537e-07,1.1752056580379074e-08,"Method: equity_%, ATR: 3403659.58, Risk: 2245.18"
2024-01-09 23:00:00,GBPUSD,2705253.386624576,-296.84707305496175,equity_%,-2.792750322345292e-06,2242.7085105092897,7.39302281216422e-07,1.478604562432844e-08,"Method: equity_%, ATR: 2705253.39, Risk: 2242.71"
2024-01-10 00:00:00,GBPUSD,2288392.6136511234,-256.29663845558673,equity_%,-3.818912672788132e-06,2239.8202918147467,8.73975902591735e-07,1.7479518051834704e-08,"Method: equity_%, ATR: 2288392.61, Risk: 2239.82"
2024-01-10 01:00:00,GBPUSD,1206157.2331528307,-173.40744845357773,equity_%,-1.0708745536665123e-05,2239.8053232488883,1.6581586090331746e-06,3.3163172180663484e-08,"Method: equity_%, ATR: 1206157.23, Risk: 2239.81"
2024-01-10 02:00:00,GBPUSD,1884586.5631743907,-160.1166615490827,equity_%,-7.418934323441169e-06,2238.6909481523016,1.0612407193603288e-06,2.1224814387206577e-08,"Method: equity_%, ATR: 1884586.56, Risk: 2238.69"
2024-01-10 03:00:00,GBPUSD,1447140.123897515,-149.5747292746115,equity_%,-1.0357402735983596e-05,2241.9177434346575,1.3820361739494122e-06,2.7640723478988245e-08,"Method: equity_%, ATR: 1447140.12, Risk: 2241.92"
2024-01-10 04:00:00,GBPUSD,1195757.496951983,-216.33586049536865,equity_%,-8.665483400665673e-06,2241.632540972303,1.672579937903841e-06,3.345159875807682e-08,"Method: equity_%, ATR: 1195757.50, Risk: 2241.63"
2024-01-10 05:00:00,GBPUSD,3926552.422114069,-329.113363100919,equity_%,-1.7326440906266398e-06,2239.062818092231,5.093526801618997e-07,1.0187053603237995e-08,"Method: equity_%, ATR: 3926552.42, Risk: 2239.06"
2024-01-10 06:00:00,GBPUSD,2772813.5054781553,-298.3187631758872,equity_%,-2.7071892126387204e-06,2239.338987186557,7.212890430779664e-07,1.4425780861559326e-08,"Method: equity_%, ATR: 2772813.51, Risk: 2239.34"
2024-01-10 07:00:00,GBPUSD,2188340.260037698,-348.5078777369394,equity_%,-2.946451002784664e-06,2247.122112103811,9.139346547348842e-07,1.8278693094697684e-08,"Method: equity_%, ATR: 2188340.26, Risk: 2247.12"
2024-01-10 08:00:00,GBPUSD,1868156.3615849137,-325.3059094665691,equity_%,-3.699609614642587e-06,2248.335279766262,1.0705741987802524e-06,2.141148397560505e-08,"Method: equity_%, ATR: 1868156.36, Risk: 2248.34"
2024-01-10 09:00:00,GBPUSD,1784757.9044585768,-350.5471514278436,equity_%,-3.599140725482419e-06,2251.7728797712584,1.1206001637553856e-06,2.2412003275107715e-08,"Method: equity_%, ATR: 1784757.90, Risk: 2251.77"
2024-01-10 10:00:00,GBPUSD,2026224.0981116386,-239.02373149106634,equity_%,-4.653533941241455e-06,2253.779291201031,9.87057651650635e-07,1.9741153033012702e-08,"Method: equity_%, ATR: 2026224.10, Risk: 2253.78"
2024-01-10 11:00:00,GBPUSD,1051659.524758042,-305.64551944008196,equity_%,-7.003193000282989e-06,2251.071494146781,1.9017561795583462e-06,3.803512359116692e-08,"Method: equity_%, ATR: 1051659.52, Risk: 2251.07"
2024-01-10 12:00:00,GBPUSD,862900.0862465278,-274.01613263105287,equity_%,-9.526998544090131e-06,2252.644939015816,2.3177654422305923e-06,4.635530884461184e-08,"Method: equity_%, ATR: 862900.09, Risk: 2252.64"
2024-01-10 13:00:00,GBPUSD,966142.6528184817,-257.7315518335715,equity_%,-9.049607215395037e-06,2253.4014735863443,2.070087677182553e-06,4.140175354365106e-08,"Method: equity_%, ATR: 966142.65, Risk: 2253.40"
2024-01-10 14:00:00,GBPUSD,2861782.365286653,-152.8581162146472,equity_%,-5.145701486946812e-06,2250.9699358921885,6.988651632842347e-07,1.3977303265684693e-08,"Method: equity_%, ATR: 2861782.37, Risk: 2250.97"
2024-01-10 15:00:00,GBPUSD,3237305.7402907223,-63.636077477306046,equity_%,-1.092635972075266e-05,2250.9332353668583,6.177976874746445e-07,1.2355953749492888e-08,"Method: equity_%, ATR: 3237305.74, Risk: 2250.93"
2024-01-10 16:00:00,GBPUSD,3521390.9358897796,222.47171183497534,equity_%,2.874375969225922e-06,2251.8145030819355,5.67957388546706e-07,1.1359147770934119e-08,"Method: equity_%, ATR: 3521390.94, Risk: 2251.81"
2024-01-10 17:00:00,GBPUSD,1599989.3612088477,187.18678481013342,equity_%,7.520408362101265e-06,2252.338722367187,1.2500083116108536e-06,2.5000166232217072e-08,"Method: equity_%, ATR: 1599989.36, Risk: 2252.34"
2024-01-10 18:00:00,GBPUSD,1890289.18026972,47.89824268738133,equity_%,2.4858400116893222e-05,2250.7175775962714,1.0580391724585892e-06,2.116078344917179e-08,"Method: equity_%, ATR: 1890289.18, Risk: 2250.72"
2024-01-10 19:00:00,GBPUSD,2831728.7478037393,-43.97409309877166,equity_%,-1.8149932095140026e-05,2260.078614396223,7.062823377949529e-07,1.4125646755899058e-08,"Method: equity_%, ATR: 2831728.75, Risk: 2260.08"
2024-01-10 20:00:00,GBPUSD,1562641.217805814,-101.47632749373832,equity_%,-1.4244507490869492e-05,2258.7671074486975,1.2798843248281294e-06,2.5597686496562584e-08,"Method: equity_%, ATR: 1562641.22, Risk: 2258.77"
2024-01-10 21:00:00,GBPUSD,3506858.052102201,-161.39110318177936,equity_%,-3.991487869323559e-06,2259.085099892044,5.703110791157035e-07,1.1406221582314069e-08,"Method: equity_%, ATR: 3506858.05, Risk: 2259.09"
2024-01-10 22:00:00,GBPUSD,3576949.875752371,-388.4093486995482,equity_%,-1.6228528557280787e-06,2254.663181667809,5.591355958208172e-07,1.1182711916416345e-08,"Method: equity_%, ATR: 3576949.88, Risk: 2254.66"
2024-01-10 23:00:00,GBPUSD,2320241.7377252663,-429.0311921670154,equity_%,-2.2641658246417282e-06,2253.8776336684205,8.619791496211825e-07,1.723958299242365e-08,"Method: equity_%, ATR: 2320241.74, Risk: 2253.88"
2024-01-11 00:00:00,GBPUSD,12278961.716101386,250.68041489982687,equity_%,7.322153233761758e-07,2253.8284850874034,1.6288022116539403e-07,3.2576044233078806e-09,"Method: equity_%, ATR: 12278961.72, Risk: 2253.83"
2024-01-11 01:00:00,GBPUSD,1056228.0511051323,284.55295711885674,equity_%,7.491359239824992e-06,2251.5491102066694,1.8935304718591771e-06,3.7870609437183535e-08,"Method: equity_%, ATR: 1056228.05, Risk: 2251.55"
2024-01-11 02:00:00,GBPUSD,496765.3946357996,312.3647995939307,equity_%,1.4520643835974172e-05,2253.197678428232,4.0260453356786e-06,8.052090671357201e-08,"Method: equity_%, ATR: 496765.39, Risk: 2253.20"
2024-01-11 03:00:00,GBPUSD,2305583.770427792,412.2724553484537,equity_%,2.3734171845569357e-06,2256.0011083817844,8.674592637459918e-07,1.734918527491983e-08,"Method: equity_%, ATR: 2305583.77, Risk: 2256.00"
2024-01-11 04:00:00,GBPUSD,1824752.651984794,371.88507180821637,equity_%,3.325307893299032e-06,2256.548186987245,1.0960389605816372e-06,2.1920779211632744e-08,"Method: equity_%, ATR: 1824752.65, Risk: 2256.55"
2024-01-11 05:00:00,GBPUSD,2059944.587403839,484.06988131315256,equity_%,2.265760477593994e-06,2259.3192194921294,9.708999029535121e-07,1.9417998059070246e-08,"Method: equity_%, ATR: 2059944.59, Risk: 2259.32"
2024-01-11 06:00:00,GBPUSD,1471089.01946456,443.7904570171626,equity_%,3.460245152073776e-06,2259.039277006319,1.359537032455011e-06,2.7190740649100222e-08,"Method: equity_%, ATR: 1471089.02, Risk: 2259.04"
2024-01-11 07:00:00,GBPUSD,2093789.383160843,603.2879810320885,equity_%,1.7894170017738374e-06,2260.3163468599305,9.552059133000014e-07,1.9104118266000028e-08,"Method: equity_%, ATR: 2093789.38, Risk: 2260.32"
2024-01-11 08:00:00,GBPUSD,4463499.462761695,805.2566409784304,equity_%,6.301326598952969e-07,2264.862242665397,4.480789158116181e-07,8.961578316232361e-09,"Method: equity_%, ATR: 4463499.46, Risk: 2264.86"
2024-01-11 09:00:00,GBPUSD,4852726.421993612,671.3524920933293,equity_%,6.959972340923961e-07,2267.4824128667196,4.121394502965518e-07,8.242789005931036e-09,"Method: equity_%, ATR: 4852726.42, Risk: 2267.48"
2024-01-11 10:00:00,GBPUSD,4352635.658630944,592.9067966047494,equity_%,8.78751333622975e-07,2267.7999509379665,4.5949170958845433e-07,9.189834191769086e-09,"Method: equity_%, ATR: 4352635.66, Risk: 2267.80"
2024-01-11 11:00:00,GBPUSD,2062410.9115869305,622.7669059594216,equity_%,1.7634552559512937e-06,2264.9841566228147,9.697388569676895e-07,1.939477713935379e-08,"Method: equity_%, ATR: 2062410.91, Risk: 2264.98"
2024-01-11 12:00:00,GBPUSD,1689800.7751316198,701.5700265924436,equity_%,1.9119009875280625e-06,2266.5845742829315,1.1835714774389418e-06,2.3671429548778838e-08,"Method: equity_%, ATR: 1689800.78, Risk: 2266.58"
2024-01-11 13:00:00,GBPUSD,1262457.8746784779,728.9668392585645,equity_%,2.4620888179430074e-06,2265.835537551033,1.5842112755717565e-06,3.168422551143513e-08,"Method: equity_%, ATR: 1262457.87, Risk: 2265.84"
2024-01-11 14:00:00,GBPUSD,4527969.764376639,661.092109865816,equity_%,7.572557143799749e-07,2266.7731060251726,4.4169906251026787e-07,8.833981250205357e-09,"Method: equity_%, ATR: 4527969.76, Risk: 2266.77"
2024-01-11 15:00:00,GBPUSD,1359931.0525351837,696.6201148399768,equity_%,2.3932919435350048e-06,2267.2978693604596,1.4706627929935123e-06,2.9413255859870246e-08,"Method: equity_%, ATR: 1359931.05, Risk: 2267.30"
2024-01-11 16:00:00,GBPUSD,1931277.9626321162,707.8368607828505,equity_%,1.6592268559515215e-06,2268.2124415117755,1.0355837112510847e-06,2.0711674225021693e-08,"Method: equity_%, ATR: 1931277.96, Risk: 2268.21"
2024-01-11 17:00:00,GBPUSD,2870602.1897981246,830.4827638983355,equity_%,9.507478208032201e-07,2266.5691526609985,6.967179245901189e-07,1.3934358491802376e-08,"Method: equity_%, ATR: 2870602.19, Risk: 2266.57"
2024-01-11 18:00:00,GBPUSD,734674.5402545515,839.526754219358,equity_%,3.671637089833481e-06,2264.5884036475245,2.722293873566159e-06,5.444587747132318e-08,"Method: equity_%, ATR: 734674.54, Risk: 2264.59"
2024-01-11 19:00:00,GBPUSD,656629.9421557778,846.7569571546766,equity_%,4.087785641241174e-06,2272.8332279539864,3.0458556206465583e-06,6.091711241293118e-08,"Method: equity_%, ATR: 656629.94, Risk: 2272.83"
2024-01-11 20:00:00,GBPUSD,1616019.8799125464,970.0686371488638,equity_%,1.4478837167220633e-06,2269.775201733509,1.2376085374074935e-06,2.475217074814987e-08,"Method: equity_%, ATR: 1616019.88, Risk: 2269.78"
2024-01-11 21:00:00,GBPUSD,2742033.7576538157,774.7979075103204,equity_%,1.0675259431163191e-06,2267.982370672983,7.293856227763124e-07,1.4587712455526248e-08,"Method: equity_%, ATR: 2742033.76, Risk: 2267.98"
2024-01-11 22:00:00,GBPUSD,3475984.347835613,644.9137975195872,equity_%,1.0124466739552076e-06,2269.6121026627775,5.753765839726343e-07,1.1507531679452684e-08,"Method: equity_%, ATR: 3475984.35, Risk: 2269.61"
2024-01-11 23:00:00,GBPUSD,3471947.9520583595,794.0860603887502,equity_%,8.23017268436055e-07,2269.0795722537705,5.760455017231152e-07,1.1520910034462304e-08,"Method: equity_%, ATR: 3471947.95, Risk: 2269.08"
2024-01-12 00:00:00,GBPUSD,1151071.4790996907,825.67775908759,equity_%,2.3873377632736847e-06,2268.959518022373,1.7375115588514954e-06,3.475023117702991e-08,"Method: equity_%, ATR: 1151071.48, Risk: 2268.96"
2024-01-12 01:00:00,GBPUSD,1834210.265731716,713.9338059375646,equity_%,1.732932771276338e-06,2269.2836363302517,1.090387529372019e-06,2.1807750587440376e-08,"Method: equity_%, ATR: 1834210.27, Risk: 2269.28"
2024-01-12 02:00:00,GBPUSD,3306560.32743473,581.1510920508625,equity_%,1.1831165177707583e-06,2273.4898866430535,6.048581613363833e-07,1.2097163226727666e-08,"Method: equity_%, ATR: 3306560.33, Risk: 2273.49"
2024-01-12 03:00:00,GBPUSD,6886203.252695246,956.4692173314452,equity_%,3.450820382227186e-07,2272.86263519369,2.904358071651754e-07,5.808716143303509e-09,"Method: equity_%, ATR: 6886203.25, Risk: 2272.86"
2024-01-12 04:00:00,GBPUSD,2177509.078314438,811.8650802734867,equity_%,1.2851023261816064e-06,2271.8599004041575,9.184806712944481e-07,1.836961342588896e-08,"Method: equity_%, ATR: 2177509.08, Risk: 2271.86"
2024-01-12 05:00:00,GBPUSD,1808186.7748347553,962.5294810526592,equity_%,1.304977787306352e-06,2271.226507119735,1.1060804269972462e-06,2.2121608539944926e-08,"Method: equity_%, ATR: 1808186.77, Risk: 2271.23"
2024-01-12 06:00:00,GBPUSD,1621836.6041674109,895.1089960237329,equity_%,1.5645121569983872e-06,2271.234424743812,1.2331698488373459e-06,2.4663396976746915e-08,"Method: equity_%, ATR: 1621836.60, Risk: 2271.23"
2024-01-12 07:00:00,GBPUSD,1454420.160589924,961.9481779964809,equity_%,1.6208114349365385e-06,2267.639713917245,1.3751184521457572e-06,2.7502369042915148e-08,"Method: equity_%, ATR: 1454420.16, Risk: 2267.64"
2024-01-12 08:00:00,GBPUSD,3188097.257540103,1073.2659613560136,equity_%,6.626842877486284e-07,2267.4911005727567,6.27333433843601e-07,1.2546668676872019e-08,"Method: equity_%, ATR: 3188097.26, Risk: 2267.49"
2024-01-12 09:00:00,GBPUSD,5347674.135724414,1395.3632257533313,equity_%,3.0438280443100984e-07,2271.2886077140006,3.7399436638056734e-07,7.479887327611345e-09,"Method: equity_%, ATR: 5347674.14, Risk: 2271.29"
2024-01-12 10:00:00,GBPUSD,1527648.6013583827,1456.6168434816539,equity_%,1.0211792962872447e-06,2272.326825879029,1.309201604493077e-06,2.618403208986154e-08,"Method: equity_%, ATR: 1527648.60, Risk: 2272.33"
2024-01-12 11:00:00,GBPUSD,1605209.9088474642,1527.128276549701,equity_%,9.253344570545297e-07,2268.3292086061706,1.2459429691883684e-06,2.4918859383767366e-08,"Method: equity_%, ATR: 1605209.91, Risk: 2268.33"
2024-01-12 12:00:00,GBPUSD,529986.14704484,1545.7000326265247,equity_%,2.7686952608852862e-06,2268.1140634702056,3.773683540884679e-06,7.547367081769358e-08,"Method: equity_%, ATR: 529986.15, Risk: 2268.11"
2024-01-12 13:00:00,GBPUSD,2597460.835251727,1656.297942423295,equity_%,5.281826934665103e-07,2272.3312296858094,7.699827357767165e-07,1.539965471553433e-08,"Method: equity_%, ATR: 2597460.84, Risk: 2272.33"
2024-01-12 14:00:00,GBPUSD,4335338.285445402,1385.447117781422,equity_%,3.77850844281113e-07,2269.5164841481987,4.613250151007592e-07,9.226500302015186e-09,"Method: equity_%, ATR: 4335338.29, Risk: 2269.52"
2024-01-12 15:00:00,GBPUSD,1317327.36836718,1416.0253713680925,equity_%,1.216896141932338e-06,2269.9603101813545,1.518225498099982e-06,3.036450996199964e-08,"Method: equity_%, ATR: 1317327.37, Risk: 2269.96"
2024-01-12 16:00:00,GBPUSD,496966.2467080957,1402.8645505776171,equity_%,3.254115332459875e-06,2268.6921859888,4.024418183826365e-06,8.04883636765273e-08,"Method: equity_%, ATR: 496966.25, Risk: 2268.69"
2024-01-12 17:00:00,GBPUSD,3462005.705603874,1220.348134088479,equity_%,5.368386666005067e-07,2268.064023262787,5.776997989236828e-07,1.1553995978473653e-08,"Method: equity_%, ATR: 3462005.71, Risk: 2268.06"
2024-01-12 18:00:00,GBPUSD,1861100.2584897939,1248.308066606937,equity_%,9.760160528749199e-07,2267.5063247304356,1.0746331321359968e-06,2.1492662642719936e-08,"Method: equity_%, ATR: 1861100.26, Risk: 2267.51"
2024-01-12 19:00:00,GBPUSD,2448546.073321188,1193.0108278300893,equity_%,7.754511653638815e-07,2265.2029509660088,8.168112586451014e-07,1.6336225172902027e-08,"Method: equity_%, ATR: 2448546.07, Risk: 2265.20"
2024-01-12 20:00:00,GBPUSD,711040.0170276534,1163.8092724460369,equity_%,2.7392306082955667e-06,2266.7543206684145,2.8127812107686437e-06,5.625562421537288e-08,"Method: equity_%, ATR: 711040.02, Risk: 2266.75"
2024-01-12 21:00:00,GBPUSD,966857.5355285157,1174.2028663846108,equity_%,1.997185116803266e-06,2267.3780792172715,2.068557079515065e-06,4.13711415903013e-08,"Method: equity_%, ATR: 966857.54, Risk: 2267.38"
2024-01-12 22:00:00,GBPUSD,151163.37101854014,1171.8075484027217,equity_%,1.2819714911029578e-05,2270.8122423057775,1.3230718437436148e-05,2.646143687487229e-07,"Method: equity_%, ATR: 151163.37, Risk: 2270.81"
2024-01-12 23:00:00,GBPUSD,2039189.5658516297,1317.4561011262476,equity_%,8.455384111457221e-07,2271.5750755290806,9.80781793655725e-07,1.96156358731145e-08,"Method: equity_%, ATR: 2039189.57, Risk: 2271.58"
2024-01-13 00:00:00,GBPUSD,4521160.34237132,1476.5183554118876,equity_%,3.403045772311121e-07,2271.729147837534,4.423643154737159e-07,8.84728630947432e-09,"Method: equity_%, ATR: 4521160.34, Risk: 2271.73"
2024-01-13 01:00:00,GBPUSD,3089013.5373986075,1451.706715321446,equity_%,5.06773457243091e-07,2272.5453447212044,6.474558870610476e-07,1.2949117741220953e-08,"Method: equity_%, ATR: 3089013.54, Risk: 2272.55"
2024-01-13 02:00:00,GBPUSD,822090.1223799933,1423.509266861374,equity_%,1.940563000729167e-06,2270.949493602234,2.432823294616285e-06,4.865646589232569e-08,"Method: equity_%, ATR: 822090.12, Risk: 2270.95"
2024-01-13 03:00:00,GBPUSD,1963606.404301347,1343.5796260268633,equity_%,8.613308323189555e-07,2272.4160239331522,1.0185340583626798e-06,2.0370681167253596e-08,"Method: equity_%, ATR: 1963606.40, Risk: 2272.42"
2024-01-13 04:00:00,GBPUSD,4224873.387905518,1595.577766535208,equity_%,3.3729568371409737e-07,2273.7486705224583,4.733869672225848e-07,9.467739344451697e-09,"Method: equity_%, ATR: 4224873.39, Risk: 2273.75"
2024-01-13 05:00:00,GBPUSD,894913.9058812057,1641.5023080632961,equity_%,1.5477973965150573e-06,2273.719393473735,2.234851852067977e-06,4.469703704135954e-08,"Method: equity_%, ATR: 894913.91, Risk: 2273.72"
2024-01-13 06:00:00,GBPUSD,1802863.1627816663,1735.2716082503007,equity_%,7.264562731149032e-07,2272.6874016519077,1.1093465334962904e-06,2.218693066992581e-08,"Method: equity_%, ATR: 1802863.16, Risk: 2272.69"
2024-01-13 07:00:00,GBPUSD,3151156.5091313333,1640.9138119471877,equity_%,4.391056021100358e-07,2270.5168139959583,6.346876120574956e-07,1.2693752241149913e-08,"Method: equity_%, ATR: 3151156.51, Risk: 2270.52"
2024-01-13 08:00:00,GBPUSD,3309955.4769183397,1891.888159001955,equity_%,3.6254168436472146e-07,2270.259800657265,6.042377349021188e-07,1.2084754698042374e-08,"Method: equity_%, ATR: 3309955.48, Risk: 2270.26"
2024-01-13 09:00:00,GBPUSD,2654683.5060301395,2017.7389349975674,equity_%,4.250597001488056e-07,2276.814546196269,7.533854771979336e-07,1.5067709543958672e-08,"Method: equity_%, ATR: 2654683.51, Risk: 2276.81"
2024-01-13 10:00:00,GBPUSD,1889457.484469583,1994.8660342441533,equity_%,6.034342844865537e-07,2274.4732904362427,1.0585048970082802e-06,2.1170097940165604e-08,"Method: equity_%, ATR: 1889457.48, Risk: 2274.47"
2024-01-13 11:00:00,GBPUSD,1470188.7624320171,1951.333332174728,equity_%,7.944105566405737e-07,2279.0275158818195,1.3603695328833543e-06,2.7207390657667087e-08,"Method: equity_%, ATR: 1470188.76, Risk: 2279.03"
2024-01-13 12:00:00,GBPUSD,1124697.216313541,1960.070040385093,equity_%,1.0332209240704086e-06,2277.7203575709595,1.7782563795751792e-06,3.5565127591503587e-08,"Method: equity_%, ATR: 1124697.22, Risk: 2277.72"
2024-01-13 13:00:00,GBPUSD,4080692.0132959452,1819.6884117279344,equity_%,3.065805994857117e-07,2276.5412108937367,4.901129498338725e-07,9.802258996677451e-09,"Method: equity_%, ATR: 4080692.01, Risk: 2276.54"
2024-01-13 14:00:00,GBPUSD,1966385.9160805077,1736.348790894608,equity_%,6.661668993949186e-07,2274.5148339199477,1.017094347373324e-06,2.034188694746648e-08,"Method: equity_%, ATR: 1966385.92, Risk: 2274.51"
2024-01-13 15:00:00,GBPUSD,2344192.242886579,1857.5263770649651,equity_%,5.21951739875096e-07,2272.786094530097,8.531723479885124e-07,1.706344695977025e-08,"Method: equity_%, ATR: 2344192.24, Risk: 2272.79"
2024-01-13 16:00:00,GBPUSD,2398988.266387844,1683.32855126731,equity_%,5.629013351738e-07,2273.1562676584394,8.336847778798851e-07,1.6673695557597703e-08,"Method: equity_%, ATR: 2398988.27, Risk: 2273.16"
2024-01-13 17:00:00,GBPUSD,2248314.122051534,1589.8395378661069,equity_%,6.370110417165701e-07,2276.9696503647097,8.895554141585196e-07,1.7791108283170392e-08,"Method: equity_%, ATR: 2248314.12, Risk: 2276.97"
2024-01-13 18:00:00,GBPUSD,1234126.1821709622,1627.7319556952775,equity_%,1.1333598480800423e-06,2276.7234374863247,1.6205798312144895e-06,3.241159662428979e-08,"Method: equity_%, ATR: 1234126.18, Risk: 2276.72"
2024-01-13 19:00:00,GBPUSD,4066766.243701736,1521.4683916607764,equity_%,3.6773952159244496e-07,2275.3722181891844,4.917912366115045e-07,9.835824732230092e-09,"Method: equity_%, ATR: 4066766.24, Risk: 2275.37"
2024-01-13 20:00:00,GBPUSD,1526956.1316566842,1540.748027573938,equity_%,9.661923326815827e-07,2273.116882385836,1.3097953232160523e-06,2.6195906464321043e-08,"Method: equity_%, ATR: 1526956.13, Risk: 2273.12"
2024-01-13 21:00:00,GBPUSD,2778149.3873223006,1644.0290710825388,equity_%,4.9757635435327e-07,2272.6095200860514,7.19903691690131e-07,1.439807383380262e-08,"Method: equity_%, ATR: 2778149.39, Risk: 2272.61"
2024-01-13 22:00:00,GBPUSD,8671208.303631036,1327.3278166813682,equity_%,1.9748968681342038e-07,2273.0146571734017,2.3064836294643137e-07,4.612967258928627e-09,"Method: equity_%, ATR: 8671208.30, Risk: 2273.01"
2024-01-13 23:00:00,GBPUSD,1299890.1906697687,1399.154880839007,equity_%,1.249613359385132e-06,2272.7314293070576,1.5385915013094296e-06,3.077183002618859e-08,"Method: equity_%, ATR: 1299890.19, Risk: 2272.73"
2024-01-14 00:00:00,GBPUSD,4558698.107567007,1153.2891342773692,equity_%,4.323859279124199e-07,2273.267716207597,4.387217474831663e-07,8.774434949663326e-09,"Method: equity_%, ATR: 4558698.11, Risk: 2273.27"
2024-01-14 01:00:00,GBPUSD,3089903.4415437165,1013.5492777318977,equity_%,7.255400790314531e-07,2272.224219027569,6.472694172607542e-07,1.2945388345215083e-08,"Method: equity_%, ATR: 3089903.44, Risk: 2272.22"
2024-01-14 02:00:00,GBPUSD,1702572.9114390253,1013.6623049850632,equity_%,1.3177403649770425e-06,2274.2011010859064,1.1746927174528974e-06,2.3493854349057948e-08,"Method: equity_%, ATR: 1702572.91, Risk: 2274.20"
2024-01-14 03:00:00,GBPUSD,1239061.498015899,976.7638072672953,equity_%,1.8790258280105157e-06,2274.129389782872,1.6141248866199027e-06,3.2282497732398056e-08,"Method: equity_%, ATR: 1239061.50, Risk: 2274.13"
2024-01-14 04:00:00,GBPUSD,1089265.0895299006,944.8089583622926,equity_%,2.2109225941747496e-06,2275.3652717180184,1.8361003388653077e-06,3.6722006777306146e-08,"Method: equity_%, ATR: 1089265.09, Risk: 2275.37"
2024-01-14 05:00:00,GBPUSD,681361.4124322339,967.5729722503032,equity_%,3.4496799915935555e-06,2274.2597892169065,2.9352997741105775e-06,5.870599548221156e-08,"Method: equity_%, ATR: 681361.41, Risk: 2274.26"
2024-01-14 06:00:00,GBPUSD,2217172.293646868,832.4053751069696,equity_%,1.2323879054694222e-06,2274.478030992485,9.020498793579744e-07,1.804099758715949e-08,"Method: equity_%, ATR: 2217172.29, Risk: 2274.48"
2024-01-14 07:00:00,GBPUSD,2473314.6399028716,642.9550883302461,equity_%,1.4346280495495412e-06,2281.388897169581,8.086314485562342e-07,1.6172628971124686e-08,"Method: equity_%, ATR: 2473314.64, Risk: 2281.39"
2024-01-14 08:00:00,GBPUSD,1101094.32249732,689.3822979179613,equity_%,3.009722786257611e-06,2284.605126142264,1.8163748183388422e-06,3.6327496366776844e-08,"Method: equity_%, ATR: 1101094.32, Risk: 2284.61"
2024-01-14 09:00:00,GBPUSD,1570419.0518327777,604.2423873765513,equity_%,2.408808477718735e-06,2285.7515026326114,1.2735454257676476e-06,2.5470908515352954e-08,"Method: equity_%, ATR: 1570419.05, Risk: 2285.75"
2024-01-14 10:00:00,GBPUSD,2587620.1799300336,719.1930449331059,equity_%,1.2280448903098128e-06,2285.389620614805,7.729109610105443e-07,1.5458219220210887e-08,"Method: equity_%, ATR: 2587620.18, Risk: 2285.39"
2024-01-14 11:00:00,GBPUSD,3011725.7221005205,555.5244030811189,equity_%,1.3649672158289698e-06,2283.7090871542828,6.640710956259008e-07,1.3281421912518016e-08,"Method: equity_%, ATR: 3011725.72, Risk: 2283.71"
2024-01-14 12:00:00,GBPUSD,2559884.1466452945,439.64722221060634,equity_%,2.0300672423532117e-06,2284.730964769128,7.812853572381321e-07,1.5625707144762642e-08,"Method: equity_%, ATR: 2559884.15, Risk: 2284.73"
2024-01-14 13:00:00,GBPUSD,1007131.2790456773,473.5009303318333,equity_%,4.789597092551798e-06,2284.0515549413076,1.985838432001765e-06,3.97167686400353e-08,"Method: equity_%, ATR: 1007131.28, Risk: 2284.05"
2024-01-14 14:00:00,GBPUSD,2722657.48737025,328.13714930029414,equity_%,2.557695134700994e-06,2285.0577917169817,7.345764236880756e-07,1.4691528473761514e-08,"Method: equity_%, ATR: 2722657.49, Risk: 2285.06"
2024-01-14 15:00:00,GBPUSD,1596580.5591762592,287.113841909726,equity_%,4.981154846431656e-06,2283.36326579321,1.2526771596366432e-06,2.5053543192732865e-08,"Method: equity_%, ATR: 1596580.56, Risk: 2283.36"
2024-01-14 16:00:00,GBPUSD,940637.8042530412,290.7763963497086,equity_%,8.345531551702674e-06,2282.630323927913,2.126216904059259e-06,4.2524338081185176e-08,"Method: equity_%, ATR: 940637.80, Risk: 2282.63"
2024-01-14 17:00:00,GBPUSD,2331110.2806755845,111.02116510442684,equity_%,8.823878678318889e-06,2283.6425617984332,8.579602675083977e-07,1.7159205350167954e-08,"Method: equity_%, ATR: 2331110.28, Risk: 2283.64"
2024-01-14 18:00:00,GBPUSD,2571987.4610369015,4.429189811030909,equity_%,0.00020065178881126404,2285.789192548629,7.776087676546045e-07,1.5552175353092092e-08,"Method: equity_%, ATR: 2571987.46, Risk: 2285.79"
2024-01-14 19:00:00,GBPUSD,2702231.6897452767,99.92584243170556,equity_%,8.470606658485993e-06,2287.2567416377155,7.401289858267219e-07,1.4802579716534436e-08,"Method: equity_%, ATR: 2702231.69, Risk: 2287.26"
2024-01-14 20:00:00,GBPUSD,11158510.803380975,692.2643145895277,equity_%,2.963856672080502e-07,2289.472234502116,1.7923538680394605e-07,3.5847077360789207e-09,"Method: equity_%, ATR: 11158510.80, Risk: 2289.47"
2024-01-14 21:00:00,GBPUSD,3217902.307393563,876.778014772392,equity_%,8.106586296017098e-07,2287.18090574985,6.215229080773308e-07,1.2430458161546617e-08,"Method: equity_%, ATR: 3217902.31, Risk: 2287.18"
2024-01-14 22:00:00,GBPUSD,1112334.2725137684,928.8054885009993,equity_%,2.211941102094821e-06,2285.2496464071237,1.7980206574775337e-06,3.5960413149550676e-08,"Method: equity_%, ATR: 1112334.27, Risk: 2285.25"
2024-01-14 23:00:00,GBPUSD,1906742.5084486785,1030.4110555594625,equity_%,1.1616196615159643e-06,2282.2673257796732,1.0489093263186311e-06,2.097818652637262e-08,"Method: equity_%, ATR: 1906742.51, Risk: 2282.27"
2024-01-15 00:00:00,GBPUSD,2425210.958850403,1036.5104633462965,equity_%,9.087544237617163e-07,2284.387371141782,8.246705271973696e-07,1.6493410543947392e-08,"Method: equity_%, ATR: 2425210.96, Risk: 2284.39"
2024-01-15 01:00:00,GBPUSD,2280112.608458859,1101.5138491744965,equity_%,9.098534158416696e-07,2285.1656532665465,8.771496603195451e-07,1.75429932063909e-08,"Method: equity_%, ATR: 2280112.61, Risk: 2285.17"
2024-01-15 02:00:00,GBPUSD,1244898.5074244412,1054.9338162428871,equity_%,1.7404547412458682e-06,2285.7140329934523,1.6065566695374882e-06,3.2131133390749756e-08,"Method: equity_%, ATR: 1244898.51, Risk: 2285.71"
2024-01-15 03:00:00,GBPUSD,5103727.516307599,1057.4835605171422,equity_%,4.244208083202561e-07,2290.644916971147,3.918704502953055e-07,7.83740900590611e-09,"Method: equity_%, ATR: 5103727.52, Risk: 2290.64"
2024-01-15 04:00:00,GBPUSD,739970.2361687833,1088.1895964558573,equity_%,2.8519969904772195e-06,2296.507583628308,2.7028114135442203e-06,5.405622827088442e-08,"Method: equity_%, ATR: 739970.24, Risk: 2296.51"
2024-01-15 05:00:00,GBPUSD,2120613.660329292,959.2104967848117,equity_%,1.1288077061583328e-06,2296.1245547050403,9.431232276837435e-07,1.886246455367487e-08,"Method: equity_%, ATR: 2120613.66, Risk: 2296.12"
2024-01-15 06:00:00,GBPUSD,1880753.8176770129,845.192420332569,equity_%,1.4440294873750096e-06,2295.42764312838,1.0634033977239364e-06,2.1268067954478723e-08,"Method: equity_%, ATR: 1880753.82, Risk: 2295.43"
2024-01-15 07:00:00,GBPUSD,1432830.5018185142,850.9078980875372,equity_%,1.8840459287518479e-06,2297.0415901706438,1.3958385150662605e-06,2.7916770301325212e-08,"Method: equity_%, ATR: 1432830.50, Risk: 2297.04"
2024-01-15 08:00:00,GBPUSD,1736151.3508512327,788.2503536575306,equity_%,1.6772768050089333e-06,2295.390067375628,1.1519732994588305e-06,2.303946598917661e-08,"Method: equity_%, ATR: 1736151.35, Risk: 2295.39"
2024-01-15 09:00:00,GBPUSD,2585964.674739623,952.8849340579236,equity_%,9.305618072865759e-07,2293.022268445053,7.734057698221949e-07,1.5468115396443898e-08,"Method: equity_%, ATR: 2585964.67, Risk: 2293.02"
2024-01-15 10:00:00,GBPUSD,2896050.6173767364,879.1511103638429,equity_%,9.001784890503704e-07,2291.9139492661993,6.90595664315983e-07,1.381191328631966e-08,"Method: equity_%, ATR: 2896050.62, Risk: 2291.91"
2024-01-15 11:00:00,GBPUSD,1125088.8513335895,866.7559475672717,equity_%,2.348936930641245e-06,2290.630334302198,1.7776373818204328e-06,3.555274763640866e-08,"Method: equity_%, ATR: 1125088.85, Risk: 2290.63"
2024-01-15 12:00:00,GBPUSD,628980.7646100303,846.0550850078246,equity_%,4.303471966202597e-06,2290.1028244209297,3.179747478032981e-06,6.359494956065961e-08,"Method: equity_%, ATR: 628980.76, Risk: 2290.10"
2024-01-15 13:00:00,GBPUSD,2172775.353403102,692.5171226844941,equity_%,1.5207363061591478e-06,2288.2277948842147,9.20481722543247e-07,1.840963445086494e-08,"Method: equity_%, ATR: 2172775.35, Risk: 2288.23"
2024-01-15 14:00:00,GBPUSD,1761509.3000373894,676.3392604671785,equity_%,1.922846646326902e-06,2290.836994318505,1.1353899749252238e-06,2.2707799498504475e-08,"Method: equity_%, ATR: 1761509.30, Risk: 2290.84"
2024-01-15 15:00:00,GBPUSD,2088122.3229201874,613.5689525624268,equity_%,1.7878684793521459e-06,2290.6296581973334,9.577982946913999e-07,1.9155965893827995e-08,"Method: equity_%, ATR: 2088122.32, Risk: 2290.63"
2024-01-15 16:00:00,GBPUSD,2294660.2571603227,775.1140901632166,equity_%,1.2885649870287783e-06,2291.8719639368674,8.715887215805231e-07,1.7431774431610467e-08,"Method: equity_%, ATR: 2294660.26, Risk: 2291.87"
2024-01-15 17:00:00,GBPUSD,3338537.998840424,452.4087348328384,equity_%,1.515826764076362e-06,2289.480115681708,5.990646207096224e-07,1.1981292414192448e-08,"Method: equity_%, ATR: 3338538.00, Risk: 2289.48"
2024-01-15 18:00:00,GBPUSD,5519546.684716106,222.53307559446557,equity_%,1.8648504637904195e-06,2290.5616972335515,3.623485974922719e-07,7.246971949845438e-09,"Method: equity_%, ATR: 5519546.68, Risk: 2290.56"
2024-01-15 19:00:00,GBPUSD,855268.0736864184,155.12110649701117,equity_%,1.7268822721164038e-05,2291.056954358819,2.3384480977753585e-06,4.676896195550717e-08,"Method: equity_%, ATR: 855268.07, Risk: 2291.06"
2024-01-15 20:00:00,GBPUSD,1277840.0093384837,73.88251249446438,equity_%,2.4290317597117946e-05,2293.2496241268304,1.5651411642959642e-06,3.1302823285919286e-08,"Method: equity_%, ATR: 1277840.01, Risk: 2293.25"
2024-01-15 21:00:00,GBPUSD,6943975.277909847,-198.18808425079106,equity_%,-1.6694577618287348e-06,2297.5297375753107,2.880194585891447e-07,5.760389171782895e-09,"Method: equity_%, ATR: 6943975.28, Risk: 2297.53"
2024-01-15 22:00:00,GBPUSD,2265237.29642193,-256.99670571028,equity_%,-3.946225922721565e-06,2297.329053934894,8.829097080288729e-07,1.765819416057746e-08,"Method: equity_%, ATR: 2265237.30, Risk: 2297.33"
2024-01-15 23:00:00,GBPUSD,542580.0877273085,-253.65246688900396,equity_%,-1.6700552887563954e-05,2298.4432803398404,3.686091777487356e-06,7.372183554974712e-08,"Method: equity_%, ATR: 542580.09, Risk: 2298.44"
2024-01-16 00:00:00,GBPUSD,2644778.446223222,-170.56774942686593,equity_%,-5.1029618200106685e-06,2302.0170454531362,7.562070096480204e-07,1.5124140192960407e-08,"Method: equity_%, ATR: 2644778.45, Risk: 2302.02"
2024-01-16 01:00:00,GBPUSD,1437483.2484750173,-137.75153286613542,equity_%,-1.1645784677558906e-05,2306.0461197613845,1.3913205612112279e-06,2.7826411224224556e-08,"Method: equity_%, ATR: 1437483.25, Risk: 2306.05"
2024-01-16 02:00:00,GBPUSD,2486980.266237669,-180.66150969614512,equity_%,-5.132075805625604e-06,2305.849919456441,8.041881261187576e-07,1.6083762522375152e-08,"Method: equity_%, ATR: 2486980.27, Risk: 2305.85"
2024-01-16 03:00:00,GBPUSD,3042796.984421288,-203.12014701022053,equity_%,-3.7351348670068216e-06,2308.5126949383607,6.572899901767129e-07,1.3145799803534258e-08,"Method: equity_%, ATR: 3042796.98, Risk: 2308.51"
2024-01-16 04:00:00,GBPUSD,2764813.7470609765,-87.1108770110465,equity_%,-9.599324209091495e-06,2311.9526015772476,7.233760328796177e-07,1.4467520657592354e-08,"Method: equity_%, ATR: 2764813.75, Risk: 2311.95"
2024-01-16 05:00:00,GBPUSD,1203183.381213222,-109.73800782282633,equity_%,-1.7484165129075277e-05,2308.5208213997,1.6622570019071517e-06,3.3245140038143034e-08,"Method: equity_%, ATR: 1203183.38, Risk: 2308.52"
2024-01-16 06:00:00,GBPUSD,2210021.949579774,-267.6780104925143,equity_%,-3.900430929841539e-06,2307.3946135825154,9.049683874770075e-07,1.809936774954015e-08,"Method: equity_%, ATR: 2210021.95, Risk: 2307.39"
2024-01-16 07:00:00,GBPUSD,3431522.66106046,-459.12217433606975,equity_%,-1.4645359098212707e-06,2307.3589644793283,5.828316457574931e-07,1.1656632915149863e-08,"Method: equity_%, ATR: 3431522.66, Risk: 2307.36"
2024-01-16 08:00:00,GBPUSD,1958966.385018731,-534.4614882400199,equity_%,-2.202807047230423e-06,2306.3215532536665,1.0209465641141548e-06,2.04189312822831e-08,"Method: equity_%, ATR: 1958966.39, Risk: 2306.32"
2024-01-16 09:00:00,GBPUSD,5141681.040225812,-115.06237930855218,equity_%,-3.899429191149708e-06,2306.957112584752,3.889778429181138e-07,7.779556858362276e-09,"Method: equity_%, ATR: 5141681.04, Risk: 2306.96"
2024-01-16 10:00:00,GBPUSD,2956847.0839630687,-63.9348451507792,equity_%,-1.220298143704371e-05,2306.919464898952,6.763961555020273e-07,1.3527923110040549e-08,"Method: equity_%, ATR: 2956847.08, Risk: 2306.92"
2024-01-16 11:00:00,GBPUSD,1437025.6333829297,-127.95945849581778,equity_%,-1.256036308724608e-05,2309.6123998209982,1.3917636217050364e-06,2.783527243410073e-08,"Method: equity_%, ATR: 1437025.63, Risk: 2309.61"
2024-01-16 12:00:00,GBPUSD,5392852.628527175,-187.50417930574255,equity_%,-2.286940084835148e-06,2312.513577884711,3.708612375981455e-07,7.417224751962911e-09,"Method: equity_%, ATR: 5392852.63, Risk: 2312.51"
2024-01-16 13:00:00,GBPUSD,1104469.2947404878,-201.33647238310277,equity_%,-1.039545536732213e-05,2311.63690749955,1.8108244471114343e-06,3.6216488942228685e-08,"Method: equity_%, ATR: 1104469.29, Risk: 2311.64"
2024-01-16 14:00:00,GBPUSD,3132635.4351045173,-285.60239097049543,equity_%,-2.5806572323756515e-06,2308.8834974178876,6.384400743182144e-07,1.2768801486364286e-08,"Method: equity_%, ATR: 3132635.44, Risk: 2308.88"
2024-01-16 15:00:00,GBPUSD,3825658.6600114168,-460.64870780360604,equity_%,-1.3123853562580564e-06,2312.7966577649454,5.227857939615637e-07,1.0455715879231273e-08,"Method: equity_%, ATR: 3825658.66, Risk: 2312.80"
2024-01-16 16:00:00,GBPUSD,1498563.0361689061,-468.2219530705507,equity_%,-3.2951415835637366e-06,2312.06941124248,1.3346118593135886e-06,2.6692237186271768e-08,"Method: equity_%, ATR: 1498563.04, Risk: 2312.07"
2024-01-16 17:00:00,GBPUSD,1306404.482259287,-458.02834299298496,equity_%,-3.862382393159558e-06,2311.134835173663,1.5309194259202277e-06,3.061838851840456e-08,"Method: equity_%, ATR: 1306404.48, Risk: 2311.13"
2024-01-16 18:00:00,GBPUSD,763655.3779656952,-482.5187070517961,equity_%,-6.268839782658705e-06,2309.9295805974266,2.6189824071269013e-06,5.2379648142538026e-08,"Method: equity_%, ATR: 763655.38, Risk: 2309.93"
2024-01-16 19:00:00,GBPUSD,3674931.419314225,-241.59338852846764,equity_%,-2.6030122313621742e-06,2311.0561258094303,5.442278431343403e-07,1.0884556862686805e-08,"Method: equity_%, ATR: 3674931.42, Risk: 2311.06"
2024-01-16 20:00:00,GBPUSD,1416795.1722506206,-198.70690872746007,equity_%,-8.208002275081604e-06,2310.77416602756,1.4116366565697296e-06,2.8232733131394596e-08,"Method: equity_%, ATR: 1416795.17, Risk: 2310.77"
2024-01-16 21:00:00,GBPUSD,4288720.024266578,15.92237167133672,equity_%,3.387636713506298e-05,2313.3017362227133,4.6633960451685667e-07,9.326792090337134e-09,"Method: equity_%, ATR: 4288720.02, Risk: 2313.30"
2024-01-16 22:00:00,GBPUSD,7462436.912673984,-461.63099541984536,equity_%,-6.716425193969227e-07,2313.7360629975547,2.680089658919942e-07,5.3601793178398834e-09,"Method: equity_%, ATR: 7462436.91, Risk: 2313.74"
2024-01-16 23:00:00,GBPUSD,690771.0272291626,-485.0650823895461,equity_%,-6.909351823563141e-06,2315.1089514063083,2.8953154101185285e-06,5.790630820237058e-08,"Method: equity_%, ATR: 690771.03, Risk: 2315.11"
2024-01-17 00:00:00,GBPUSD,2110655.444681354,-507.01890778976764,equity_%,-2.1676063023813554e-06,2319.6470167943053,9.475729470860842e-07,1.8951458941721684e-08,"Method: equity_%, ATR: 2110655.44, Risk: 2319.65"
2024-01-17 01:00:00,GBPUSD,2595188.3632208607,-630.3197531870853,equity_%,-1.4167739018631077e-06,2317.5566073263667,7.706569697768763e-07,1.5413139395537528e-08,"Method: equity_%, ATR: 2595188.36, Risk: 2317.56"
2024-01-17 02:00:00,GBPUSD,3130981.8048210274,-828.476949943126,equity_%,-8.925891164765269e-07,2315.3281968177357,6.387772669008926e-07,1.2775545338017853e-08,"Method: equity_%, ATR: 3130981.80, Risk: 2315.33"
2024-01-17 03:00:00,GBPUSD,1234394.8533538878,-813.6100588506569,equity_%,-2.3030768035727783e-06,2313.0170426192367,1.6202271052620967e-06,3.2404542105241935e-08,"Method: equity_%, ATR: 1234394.85, Risk: 2313.02"
2024-01-17 04:00:00,GBPUSD,2283129.4589240337,-840.6395814374863,equity_%,-1.2065833008467708e-06,2315.782048111948,8.759906242647041e-07,1.751981248529408e-08,"Method: equity_%, ATR: 2283129.46, Risk: 2315.78"
2024-01-17 05:00:00,GBPUSD,1845601.9122226178,-881.0335663514136,equity_%,-1.4260444051266308e-06,2318.801301200544,1.083657308087335e-06,2.16731461617467e-08,"Method: equity_%, ATR: 1845601.91, Risk: 2318.80"
2024-01-17 06:00:00,GBPUSD,1736059.4967332394,-781.0787337812598,equity_%,-1.710092184898382e-06,2318.883555090403,1.1520342498419092e-06,2.3040684996838185e-08,"Method: equity_%, ATR: 1736059.50, Risk: 2318.88"
2024-01-17 07:00:00,GBPUSD,2826329.4850963145,-823.3546953004296,equity_%,-9.96826306585941e-07,2319.686240044037,7.076315803045322e-07,1.4152631606090644e-08,"Method: equity_%, ATR: 2826329.49, Risk: 2319.69"
2024-01-17 08:00:00,GBPUSD,1743860.7553532529,-826.0335460491059,equity_%,-1.6140303045882484e-06,2324.9904518464227,1.1468805601940743e-06,2.293761120388148e-08,"Method: equity_%, ATR: 1743860.76, Risk: 2324.99"
2024-01-17 09:00:00,GBPUSD,5948300.057254531,-1068.1695083418595,equity_%,-3.6582986502455895e-07,2324.4071432585633,3.362305164079282e-07,6.724610328158564e-09,"Method: equity_%, ATR: 5948300.06, Risk: 2324.41"
2024-01-17 10:00:00,GBPUSD,980844.195700538,-1058.3768747381357,equity_%,-2.2413901679515215e-06,2326.7934416323233,2.0390598310790444e-06,4.078119662158089e-08,"Method: equity_%, ATR: 980844.20, Risk: 2326.79"
2024-01-17 11:00:00,GBPUSD,1902798.666923769,-981.9221424022529,equity_%,-1.2450418086323954e-06,2326.236294019264,1.0510833514684847e-06,2.1021667029369694e-08,"Method: equity_%, ATR: 1902798.67, Risk: 2326.24"
2024-01-17 12:00:00,GBPUSD,1937424.957511388,-1137.2607532510833,equity_%,-1.0562427551886598e-06,2327.2802555066737,1.0322980470784218e-06,2.0645960941568434e-08,"Method: equity_%, ATR: 1937424.96, Risk: 2327.28"
2024-01-17 13:00:00,GBPUSD,999735.0793592317,-1122.4171667427745,equity_%,-2.0743086995818562e-06,2327.6228947830828,2.000529981684624e-06,4.001059963369248e-08,"Method: equity_%, ATR: 999735.08, Risk: 2327.62"
2024-01-17 14:00:00,GBPUSD,1373779.6890003823,-1095.774463783027,equity_%,-1.5444394707681795e-06,2324.926130505069,1.4558375087458754e-06,2.9116750174917507e-08,"Method: equity_%, ATR: 1373779.69, Risk: 2324.93"
2024-01-17 15:00:00,GBPUSD,1502587.6195265881,-1032.6832884200016,equity_%,-1.4976730271061038e-06,2323.934928960597,1.3310371881209354e-06,2.6620743762418708e-08,"Method: equity_%, ATR: 1502587.62, Risk: 2323.93"
2024-01-17 16:00:00,GBPUSD,1494497.2561824932,-1015.5525303476288,equity_%,-1.5287306785725733e-06,2320.2164187740027,1.3382426710563193e-06,2.676485342112639e-08,"Method: equity_%, ATR: 1494497.26, Risk: 2320.22"
2024-01-17 17:00:00,GBPUSD,4185158.039623159,-778.0357073355649,equity_%,-7.138431531800523e-07,2324.417785517035,4.77879205770706e-07,9.55758411541412e-09,"Method: equity_%, ATR: 4185158.04, Risk: 2324.42"
2024-01-17 18:00:00,GBPUSD,2270757.953450692,-820.5316230799186,equity_%,-1.2488476253590434e-06,2326.8887489434173,8.807631817212211e-07,1.7615263634424425e-08,"Method: equity_%, ATR: 2270757.95, Risk: 2326.89"
2024-01-17 19:00:00,GBPUSD,2508022.0275889677,-944.5899779452286,equity_%,-9.80074292694499e-07,2321.8474255834158,7.97441161999146e-07,1.594882323998292e-08,"Method: equity_%, ATR: 2508022.03, Risk: 2321.85"
2024-01-17 20:00:00,GBPUSD,1546597.5446140282,-942.7828378698573,equity_%,-1.5904651173932885e-06,2319.0661295106042,1.2931612409220036e-06,2.586322481844007e-08,"Method: equity_%, ATR: 1546597.54, Risk: 2319.07"
2024-01-17 21:00:00,GBPUSD,6068246.642630428,-1271.1325351021715,equity_%,-3.00603274842999e-07,2318.7171096359593,3.2958449413536885e-07,6.591689882707377e-09,"Method: equity_%, ATR: 6068246.64, Risk: 2318.72"
2024-01-17 22:00:00,GBPUSD,1589610.279616029,-1148.6024005417373,equity_%,-1.2707434430046196e-06,2320.161733205091,1.2581700217006026e-06,2.5163400434012052e-08,"Method: equity_%, ATR: 1589610.28, Risk: 2320.16"
2024-01-17 23:00:00,GBPUSD,1583032.3418438183,-1156.6889907269383,equity_%,-1.266438619633387e-06,2318.9454654473834,1.2633980665679413e-06,2.5267961331358825e-08,"Method: equity_%, ATR: 1583032.34, Risk: 2318.95"
2024-01-18 00:00:00,GBPUSD,836826.7500075945,-1123.7135567262799,equity_%,-2.462087341378125e-06,2315.23260539563,2.3899809607924814e-06,4.779961921584962e-08,"Method: equity_%, ATR: 836826.75, Risk: 2315.23"
2024-01-18 01:00:00,GBPUSD,2051815.8896889712,-982.8330594897834,equity_%,-1.149316462918973e-06,2317.702945885555,9.747463259499243e-07,1.9494926518998487e-08,"Method: equity_%, ATR: 2051815.89, Risk: 2317.70"
2024-01-18 02:00:00,GBPUSD,1782582.8220348114,-955.7442167852985,equity_%,-1.3608284550455085e-06,2318.4342166634756,1.1219675042739437e-06,2.243935008547887e-08,"Method: equity_%, ATR: 1782582.82, Risk: 2318.43"
2024-01-18 03:00:00,GBPUSD,3251087.9571992652,-792.6080623818592,equity_%,-9.011448218646844e-07,2322.104694836607,6.151786805924969e-07,1.2303573611849938e-08,"Method: equity_%, ATR: 3251087.96, Risk: 2322.10"
2024-01-18 04:00:00,GBPUSD,4031614.1907709017,-938.0056463678906,equity_%,-6.154747313391875e-07,2327.5265586030173,4.960792142706422e-07,9.921584285412843e-09,"Method: equity_%, ATR: 4031614.19, Risk: 2327.53"
2024-01-18 05:00:00,GBPUSD,3051647.1588790626,-786.3294871017289,equity_%,-9.689657734115288e-07,2325.130410627193,6.553837635457973e-07,1.3107675270915946e-08,"Method: equity_%, ATR: 3051647.16, Risk: 2325.13"
2024-01-18 06:00:00,GBPUSD,1169842.010644428,-736.8705160817515,equity_%,-2.696581225638266e-06,2324.5125735104507,1.7096325673056186e-06,3.419265134611238e-08,"Method: equity_%, ATR: 1169842.01, Risk: 2324.51"
2024-01-18 07:00:00,GBPUSD,2516253.9132952336,-850.3957863973574,equity_%,-1.0878474863343308e-06,2327.788806674797,7.948323455882248e-07,1.5896646911764495e-08,"Method: equity_%, ATR: 2516253.91, Risk: 2327.79"
2024-01-18 08:00:00,GBPUSD,5797271.459359702,-661.1323203803094,equity_%,-6.071921742687476e-07,2327.224022332227,3.449898825715669e-07,6.899797651431337e-09,"Method: equity_%, ATR: 5797271.46, Risk: 2327.22"
2024-01-18 09:00:00,GBPUSD,2228897.138861545,-698.5268849712968,equity_%,-1.4951039858567686e-06,2327.7940403345415,8.973047545036292e-07,1.794609509007258e-08,"Method: equity_%, ATR: 2228897.14, Risk: 2327.79"
2024-01-18 10:00:00,GBPUSD,2230508.547414074,-621.1022594923123,equity_%,-1.6805925890084461e-06,2328.249107019447,8.966565056738686e-07,1.7933130113477372e-08,"Method: equity_%, ATR: 2230508.55, Risk: 2328.25"
2024-01-18 11:00:00,GBPUSD,2196069.8484913004,-501.4043425893089,equity_%,-2.1155799092058277e-06,2329.5051465930505,9.1071784505124e-07,1.82143569010248e-08,"Method: equity_%, ATR: 2196069.85, Risk: 2329.51"
2024-01-18 12:00:00,GBPUSD,2511693.8082423643,-395.5978678857252,equity_%,-2.348392941964377e-06,2333.411874852853,7.962754032505109e-07,1.5925508065010217e-08,"Method: equity_%, ATR: 2511693.81, Risk: 2333.41"
2024-01-18 13:00:00,GBPUSD,4376796.00121512,-276.448743168947,equity_%,-1.928361322187283e-06,2333.239590328015,4.569552703495307e-07,9.139105406990615e-09,"Method: equity_%, ATR: 4376796.00, Risk: 2333.24"
2024-01-18 14:00:00,GBPUSD,2927110.042400738,-169.29424783412708,equity_%,-4.705309521843464e-06,2331.6826927075012,6.832677866663506e-07,1.366535573332701e-08,"Method: equity_%, ATR: 2927110.04, Risk: 2331.68"
2024-01-18 15:00:00,GBPUSD,2604012.085401636,-99.94112185187925,equity_%,-8.950326032241146e-06,2329.303456924022,7.680455905762532e-07,1.5360911811525064e-08,"Method: equity_%, ATR: 2604012.09, Risk: 2329.30"
2024-01-18 16:00:00,GBPUSD,1840599.1119962232,-45.14266980863695,equity_%,-2.805960896288616e-05,2331.460505338484,1.0866027191716389e-06,2.1732054383432776e-08,"Method: equity_%, ATR: 1840599.11, Risk: 2331.46"
2024-01-18 17:00:00,GBPUSD,872195.2661851139,-71.1892737046579,equity_%,-3.75537674312083e-05,2331.7490030633526,2.293064497756081e-06,4.586128995512162e-08,"Method: equity_%, ATR: 872195.27, Risk: 2331.75"
2024-01-18 18:00:00,GBPUSD,2203036.279287622,46.687064475198824,equity_%,2.2676253300918405e-05,2332.3274113503335,9.078379774330019e-07,1.8156759548660037e-08,"Method: equity_%, ATR: 2203036.28, Risk: 2332.33"
2024-01-18 19:00:00,GBPUSD,5605839.931944016,307.4573403073049,equity_%,1.3538343033256226e-06,2333.4100970864124,3.567708005009754e-07,7.135416010019507e-09,"Method: equity_%, ATR: 5605839.93, Risk: 2333.41"
2024-01-18 20:00:00,GBPUSD,6327134.031242898,-158.5678248968178,equity_%,-2.3272304438082773e-06,2334.8634831071213,3.160988830209942e-07,6.321977660419884e-09,"Method: equity_%, ATR: 6327134.03, Risk: 2334.86"
2024-01-18 21:00:00,GBPUSD,1899367.246085152,-57.43284517136058,equity_%,-2.138137839941111e-05,2332.410433182741,1.0529822519169295e-06,2.105964503833859e-08,"Method: equity_%, ATR: 1899367.25, Risk: 2332.41"
2024-01-18 22:00:00,GBPUSD,1490746.7178905413,-166.45469501533017,equity_%,-9.40300760630194e-06,2333.2791413649957,1.3416095276265777e-06,2.6832190552531555e-08,"Method: equity_%, ATR: 1490746.72, Risk: 2333.28"
2024-01-18 23:00:00,GBPUSD,3896012.3087507123,-477.33668234812745,equity_%,-1.253975000366586e-06,2332.0293336095506,5.133454007596079e-07,1.0266908015192159e-08,"Method: equity_%, ATR: 3896012.31, Risk: 2332.03"
2024-01-19 00:00:00,GBPUSD,874048.1257748104,-489.4216506765469,equity_%,-5.451194964735338e-06,2331.9016965725546,2.2882035222340596e-06,4.5764070444681194e-08,"Method: equity_%, ATR: 874048.13, Risk: 2331.90"
2024-01-19 01:00:00,GBPUSD,798957.1690638047,-486.87029395502367,equity_%,-5.98116086508922e-06,2326.6028635056264,2.5032631002529755e-06,5.0065262005059516e-08,"Method: equity_%, ATR: 798957.17, Risk: 2326.60"
2024-01-19 02:00:00,GBPUSD,1669694.1570369455,-435.8716284429172,equity_%,-3.1929221731799376e-06,2323.7203495504978,1.1978241593353948e-06,2.3956483186707894e-08,"Method: equity_%, ATR: 1669694.16, Risk: 2323.72"
2024-01-19 03:00:00,GBPUSD,2151138.3863656404,-572.464326539721,equity_%,-1.8863487193614275e-06,2322.94410715094,9.297402773696071e-07,1.8594805547392143e-08,"Method: equity_%, ATR: 2151138.39, Risk: 2322.94"
2024-01-19 04:00:00,GBPUSD,1228139.6862910425,-606.4749338107298,equity_%,-3.1195101779049657e-06,2323.5232799573982,1.6284792538867958e-06,3.2569585077735916e-08,"Method: equity_%, ATR: 1228139.69, Risk: 2323.52"
2024-01-19 05:00:00,GBPUSD,1296392.8900330893,-608.5309507046494,equity_%,-2.947475353483619e-06,2325.249152169759,1.5427421851634436e-06,3.0854843703268864e-08,"Method: equity_%, ATR: 1296392.89, Risk: 2325.25"
2024-01-19 06:00:00,GBPUSD,2138728.056343773,-609.159693753203,equity_%,-1.7874697119431688e-06,2328.763673388932,9.351352520334293e-07,1.8702705040668587e-08,"Method: equity_%, ATR: 2138728.06, Risk: 2328.76"
2024-01-19 07:00:00,GBPUSD,2987901.7140182545,-352.41789038423946,equity_%,-2.213559062348692e-06,2330.855598521993,6.693660606761784e-07,1.3387321213523567e-08,"Method: equity_%, ATR: 2987901.71, Risk: 2330.86"
2024-01-19 08:00:00,GBPUSD,4016372.728625894,-76.39381646973487,equity_%,-7.600952072014085e-06,2332.170032882609,4.979617518427509e-07,9.959235036855016e-09,"Method: equity_%, ATR: 4016372.73, Risk: 2332.17"
2024-01-19 09:00:00,GBPUSD,2296745.0673374524,-243.07354674512385,equity_%,-4.18035278438451e-06,2333.7988642058576,8.70797559747691e-07,1.741595119495382e-08,"Method: equity_%, ATR: 2296745.07, Risk: 2333.80"
2024-01-19 10:00:00,GBPUSD,540998.0396651673,-211.97503962681338,equity_%,-2.0335692328065375e-05,2332.0581698751093,3.696871066737753e-06,7.393742133475506e-08,"Method: equity_%, ATR: 540998.04, Risk: 2332.06"
2024-01-19 11:00:00,GBPUSD,5141107.526407418,-359.4166015181532,equity_%,-1.264319661532275e-06,2336.209105894472,3.8902123515739636e-07,7.780424703147927e-09,"Method: equity_%, ATR: 5141107.53, Risk: 2336.21"
2024-01-19 12:00:00,GBPUSD,1835735.1863805621,-530.6268385830397,equity_%,-2.3985159744270534e-06,2336.3712852171725,1.0894817590457105e-06,2.178963518091421e-08,"Method: equity_%, ATR: 1835735.19, Risk: 2336.37"
2024-01-19 13:00:00,GBPUSD,2251893.203459098,-431.1397017116567,equity_%,-2.409697314089477e-06,2339.5282874347977,8.881415854569972e-07,1.7762831709139945e-08,"Method: equity_%, ATR: 2251893.20, Risk: 2339.53"
2024-01-19 14:00:00,GBPUSD,668862.3026663344,-405.52340729464055,equity_%,-8.622034528325658e-06,2338.6347823777555,2.990152071700341e-06,5.980304143400682e-08,"Method: equity_%, ATR: 668862.30, Risk: 2338.63"
2024-01-19 15:00:00,GBPUSD,1370703.5948425368,-277.43438250062627,equity_%,-6.15278925149785e-06,2339.78457578466,1.4591046580203617e-06,2.9182093160407234e-08,"Method: equity_%, ATR: 1370703.59, Risk: 2339.78"
2024-01-19 16:00:00,GBPUSD,1638201.7077064777,-375.78277283424444,equity_%,-3.7972804781331686e-06,2337.636165334686,1.2208508821542184e-06,2.4417017643084362e-08,"Method: equity_%, ATR: 1638201.71, Risk: 2337.64"
2024-01-19 17:00:00,GBPUSD,910958.9117195418,-383.26005920721366,equity_%,-6.68962532311033e-06,2335.576760986533,2.1954887034638757e-06,4.390977406927751e-08,"Method: equity_%, ATR: 910958.91, Risk: 2335.58"
2024-01-19 18:00:00,GBPUSD,1488722.0227482403,-435.5750454185524,equity_%,-3.6058799698788786e-06,2338.233453051468,1.34343414649561e-06,2.6868682929912198e-08,"Method: equity_%, ATR: 1488722.02, Risk: 2338.23"
2024-01-19 19:00:00,GBPUSD,2413331.718062634,-542.1744551506795,equity_%,-1.7868068854585827e-06,2337.941768182277,8.287298364460037e-07,1.6574596728920074e-08,"Method: equity_%, ATR: 2413331.72, Risk: 2337.94"
2024-01-19 20:00:00,GBPUSD,1941773.4990892967,-652.6149337485053,equity_%,-1.8450898710572477e-06,2338.153944823139,1.029986247591705e-06,2.05997249518341e-08,"Method: equity_%, ATR: 1941773.50, Risk: 2338.15"
2024-01-19 21:00:00,GBPUSD,858436.0611149555,-677.6042657140283,equity_%,-4.019966010964986e-06,2338.3335754143127,2.329818248085194e-06,4.6596364961703877e-08,"Method: equity_%, ATR: 858436.06, Risk: 2338.33"
2024-01-19 22:00:00,GBPUSD,3226229.3299632394,-876.3388402651408,equity_%,-8.267268636774763e-07,2337.3801172850763,6.199187334344855e-07,1.2398374668689708e-08,"Method: equity_%, ATR: 3226229.33, Risk: 2337.38"
2024-01-19 23:00:00,GBPUSD,3635769.2433761735,-690.597899699213,equity_%,-9.305263258343944e-07,2336.416308682029,5.500899166369538e-07,1.1001798332739076e-08,"Method: equity_%, ATR: 3635769.24, Risk: 2336.42"
2024-01-20 00:00:00,GBPUSD,2424498.785676719,-843.5017769778743,equity_%,-1.1417726608077636e-06,2335.0039124846135,8.249127662242842e-07,1.6498255324485688e-08,"Method: equity_%, ATR: 2424498.79, Risk: 2335.00"
2024-01-20 01:00:00,GBPUSD,3058926.823178963,-828.7575790934634,equity_%,-9.204150100063592e-07,2333.3521810281864,6.538240747849984e-07,1.307648149569997e-08,"Method: equity_%, ATR: 3058926.82, Risk: 2333.35"
2024-01-20 02:00:00,GBPUSD,1534462.5239357913,-823.2332045311816,equity_%,-1.8481981365854526e-06,2334.6817756985124,1.3033879738360355e-06,2.606775947672071e-08,"Method: equity_%, ATR: 1534462.52, Risk: 2334.68"
2024-01-20 03:00:00,GBPUSD,2202779.733087216,-929.971261594866,equity_%,-1.1407117124945053e-06,2336.772864624039,9.079437085599939e-07,1.8158874171199878e-08,"Method: equity_%, ATR: 2202779.73, Risk: 2336.77"
2024-01-20 04:00:00,GBPUSD,1633234.5456240068,-989.6398842058442,equity_%,-1.4479891659693974e-06,2340.4052282988046,1.2245638603216441e-06,2.449127720643288e-08,"Method: equity_%, ATR: 1633234.55, Risk: 2340.41"
2024-01-20 05:00:00,GBPUSD,1760485.6998730258,-899.2478692399308,equity_%,-1.4804576735223933e-06,2343.731810278181,1.1360501253399836e-06,2.2721002506799674e-08,"Method: equity_%, ATR: 1760485.70, Risk: 2343.73"
2024-01-20 06:00:00,GBPUSD,1874181.5936318368,-992.9739064837735,equity_%,-1.26270075069278e-06,2349.903040574878,1.06713245226379e-06,2.1342649045275802e-08,"Method: equity_%, ATR: 1874181.59, Risk: 2349.90"
2024-01-20 07:00:00,GBPUSD,1788151.9870731598,-973.4287983794077,equity_%,-1.3488405659580993e-06,2347.844008436132,1.1184731580191864e-06,2.236946316038373e-08,"Method: equity_%, ATR: 1788151.99, Risk: 2347.84"
2024-01-20 08:00:00,GBPUSD,599025.6307111861,-1004.7418396319522,equity_%,-3.902273606772167e-06,2348.6462522041998,3.3387553010470087e-06,6.677510602094018e-08,"Method: equity_%, ATR: 599025.63, Risk: 2348.65"
2024-01-20 09:00:00,GBPUSD,2628123.5875747767,-793.9828012962347,equity_%,-1.12498552454842e-06,2347.4903385356065,7.609992199208536e-07,1.5219984398417072e-08,"Method: equity_%, ATR: 2628123.59, Risk: 2347.49"
2024-01-20 10:00:00,GBPUSD,1608463.9406492102,-717.2390515565746,equity_%,-2.0359726548539763e-06,2348.8062691396494,1.243422341934975e-06,2.4868446838699504e-08,"Method: equity_%, ATR: 1608463.94, Risk: 2348.81"
2024-01-20 11:00:00,GBPUSD,1250774.7746626365,-675.3448950698619,equity_%,-2.779022664478433e-06,2347.452558307355,1.599008902733466e-06,3.1980178054669316e-08,"Method: equity_%, ATR: 1250774.77, Risk: 2347.45"
2024-01-20 12:00:00,GBPUSD,5762076.914226578,-979.2177437920541,equity_%,-4.169232379286692e-07,2352.417640664689,3.4709706756291235e-07,6.9419413512582465e-09,"Method: equity_%, ATR: 5762076.91, Risk: 2352.42"
2024-01-20 13:00:00,GBPUSD,1086370.58774847,-976.4438996513738,equity_%,-2.2191189202041554e-06,2353.996819865278,1.8409924040239801e-06,3.6819848080479604e-08,"Method: equity_%, ATR: 1086370.59, Risk: 2354.00"
2024-01-20 14:00:00,GBPUSD,5607976.686920666,-1298.80688990913,equity_%,-3.2356412310289364e-07,2356.7371307556605,3.566348634552184e-07,7.132697269104369e-09,"Method: equity_%, ATR: 5607976.69, Risk: 2356.74"
2024-01-20 15:00:00,GBPUSD,1280976.6610259635,-1243.2564274407682,equity_%,-1.4813150061570851e-06,2359.1163072388354,1.5613086958182e-06,3.1226173916364e-08,"Method: equity_%, ATR: 1280976.66, Risk: 2359.12"
2024-01-20 16:00:00,GBPUSD,1534161.4026538765,-1184.3587700281537,equity_%,-1.2992490233205323e-06,2360.7322426752894,1.3036437994987299e-06,2.6072875989974596e-08,"Method: equity_%, ATR: 1534161.40, Risk: 2360.73"
2024-01-20 17:00:00,GBPUSD,687626.8667016325,-1187.6064023330032,equity_%,-2.889504896154251e-06,2359.6565836210393,2.9085541837442746e-06,5.817108367488549e-08,"Method: equity_%, ATR: 687626.87, Risk: 2359.66"
2024-01-20 18:00:00,GBPUSD,2039942.932670292,-1233.445575348991,equity_%,-9.373020131649211e-07,2358.4005064752973,9.804195832978491e-07,1.960839166595698e-08,"Method: equity_%, ATR: 2039942.93, Risk: 2358.40"
2024-01-20 19:00:00,GBPUSD,2690256.8657971257,-1099.3155503512328,equity_%,-7.978039430544178e-07,2359.4582563041545,7.434234349244558e-07,1.4868468698489118e-08,"Method: equity_%, ATR: 2690256.87, Risk: 2359.46"
2024-01-20 20:00:00,GBPUSD,2359082.9309795913,-1227.5997664669928,equity_%,-8.154651072011534e-07,2361.594823889873,8.477870674811399e-07,1.6955741349622798e-08,"Method: equity_%, ATR: 2359082.93, Risk: 2361.59"
2024-01-20 21:00:00,GBPUSD,818387.7157710436,-1255.4652432308258,equity_%,-2.2963795829949096e-06,2359.432041067424,2.4438294483876763e-06,4.887658896775353e-08,"Method: equity_%, ATR: 818387.72, Risk: 2359.43"
2024-01-20 22:00:00,GBPUSD,4057086.2958405702,-1419.498823025372,equity_%,-4.100597128029224e-07,2361.5458687387522,4.929646189804865e-07,9.859292379609731e-09,"Method: equity_%, ATR: 4057086.30, Risk: 2361.55"
2024-01-20 23:00:00,GBPUSD,1239417.6888694414,-1437.3696389385586,equity_%,-1.32763288601461e-06,2365.179786631314,1.6136610102961641e-06,3.227322020592328e-08,"Method: equity_%, ATR: 1239417.69, Risk: 2365.18"
2024-01-21 00:00:00,GBPUSD,657660.1496776585,-1447.7868108951125,equity_%,-2.484716124625344e-06,2365.826659107287,3.0410843670249258e-06,6.082168734049851e-08,"Method: equity_%, ATR: 657660.15, Risk: 2365.83"
2024-01-21 01:00:00,GBPUSD,2038229.1874502676,-1382.750805994222,equity_%,-8.404080179635275e-07,2368.574906221012,9.812439211028618e-07,1.9624878422057234e-08,"Method: equity_%, ATR: 2038229.19, Risk: 2368.57"
2024-01-21 02:00:00,GBPUSD,1861226.8736710735,-1272.2860473183368,equity_%,-9.989645827531198e-07,2365.5611007829616,1.0745600272014185e-06,2.1491200544028372e-08,"Method: equity_%, ATR: 1861226.87, Risk: 2365.56"
2024-01-21 03:00:00,GBPUSD,6420363.225446076,-1577.7188575255836,equity_%,-2.3407173553417857e-07,2371.036230221907,3.115088554605948e-07,6.230177109211896e-09,"Method: equity_%, ATR: 6420363.23, Risk: 2371.04"
2024-01-21 04:00:00,GBPUSD,2202070.17049898,-1583.4110660569854,equity_%,-6.803215014253419e-07,2372.1329532890686,9.082362709389993e-07,1.8164725418779987e-08,"Method: equity_%, ATR: 2202070.17, Risk: 2372.13"
2024-01-21 05:00:00,GBPUSD,1713652.5627521996,-1597.4376656944798,equity_%,-8.669875047508009e-07,2373.3376755909476,1.1670977206651004e-06,2.3341954413302004e-08,"Method: equity_%, ATR: 1713652.56, Risk: 2373.34"
2024-01-21 06:00:00,GBPUSD,1363440.129482319,-1526.354928834713,equity_%,-1.1395056739950763e-06,2371.41792179299,1.4668777577783153e-06,2.93375551555663e-08,"Method: equity_%, ATR: 1363440.13, Risk: 2371.42"
2024-01-21 07:00:00,GBPUSD,3170237.267707878,-1449.1039605518756,equity_%,-5.170428533651814e-07,2375.2966162357507,6.30867607409721e-07,1.2617352148194419e-08,"Method: equity_%, ATR: 3170237.27, Risk: 2375.30"
2024-01-21 08:00:00,GBPUSD,2824886.8153712396,-1251.2059740144894,equity_%,-6.714788545861318e-07,2373.3522578368443,7.079929677597241e-07,1.415985935519448e-08,"Method: equity_%, ATR: 2824886.82, Risk: 2373.35"
2024-01-21 09:00:00,GBPUSD,3071609.212283629,-1146.4991111393851,equity_%,-6.733437033702098e-07,2371.24532173798,6.511244959162866e-07,1.3022489918325733e-08,"Method: equity_%, ATR: 3071609.21, Risk: 2371.25"
2024-01-21 10:00:00,GBPUSD,2200503.9626426776,-1153.618424269188,equity_%,-9.34624904240066e-07,2372.5844932647738,9.088827077585064e-07,1.8177654155170127e-08,"Method: equity_%, ATR: 2200503.96, Risk: 2372.58"
2024-01-21 11:00:00,GBPUSD,3431366.814572391,-1414.808910142716,equity_%,-4.899632790545768e-07,2378.638617965738,5.828581169189966e-07,1.1657162338379932e-08,"Method: equity_%, ATR: 3431366.81, Risk: 2378.64"
2024-01-21 12:00:00,GBPUSD,3810946.8214322417,-1177.9556396479295,equity_%,-5.299471058268765e-07,2378.999490749641,5.248039643986305e-07,1.049607928797261e-08,"Method: equity_%, ATR: 3810946.82, Risk: 2379.00"
2024-01-21 13:00:00,GBPUSD,2715141.063804051,-1138.693098183744,equity_%,-7.689683573813668e-07,2377.428997994657,7.366099782668007e-07,1.4732199565336017e-08,"Method: equity_%, ATR: 2715141.06, Risk: 2377.43"
2024-01-21 14:00:00,GBPUSD,1864268.1327192655,-1124.2361501397697,equity_%,-1.1328456485048426e-06,2374.3058510823835,1.0728070522145078e-06,2.1456141044290157e-08,"Method: equity_%, ATR: 1864268.13, Risk: 2374.31"
2024-01-21 15:00:00,GBPUSD,2492840.904953646,-948.8788903834637,equity_%,-1.0044501066333085e-06,2375.930412323279,8.022974895933801e-07,1.60459497918676e-08,"Method: equity_%, ATR: 2492840.90, Risk: 2375.93"
2024-01-21 16:00:00,GBPUSD,3046948.4660799694,-804.8233161323403,equity_%,-9.687848048872466e-07,2375.7075450021316,6.563944294644033e-07,1.3127888589288063e-08,"Method: equity_%, ATR: 3046948.47, Risk: 2375.71"
2024-01-21 17:00:00,GBPUSD,2097257.666936466,-816.2542064939206,equity_%,-1.3885131152522697e-06,2376.989204757365,9.536262670678258e-07,1.907252534135652e-08,"Method: equity_%, ATR: 2097257.67, Risk: 2376.99"
2024-01-21 18:00:00,GBPUSD,2725878.9101475943,-865.1855277412549,equity_%,-1.0108198329040815e-06,2383.90837979806,7.337083069077742e-07,1.4674166138155484e-08,"Method: equity_%, ATR: 2725878.91, Risk: 2383.91"
2024-01-21 19:00:00,GBPUSD,506624.03476284794,-829.9035202810137,equity_%,-5.67253627091475e-06,2385.012599129235,3.947700588141668e-06,7.895401176283337e-08,"Method: equity_%, ATR: 506624.03, Risk: 2385.01"
2024-01-01 01:00:00,USDJPY,6221299.712012917,546.0241986983473,equity_%,7.009135424154443e-07,2380.9894185679714,3.214762336780099e-07,6.4295246735601984e-09,"Method: equity_%, ATR: 6221299.71, Risk: 2380.99"
2024-01-01 02:00:00,USDJPY,1347431.9117995503,512.0422949394385,equity_%,3.4492439456849024e-06,2379.7787092307067,1.4843050565196414e-06,2.968610113039283e-08,"Method: equity_%, ATR: 1347431.91, Risk: 2379.78"
2024-01-01 03:00:00,USDJPY,3171752.643101788,337.42550018388556,equity_%,2.2236904051557882e-06,2379.8606760985276,6.305661963740392e-07,1.2611323927480783e-08,"Method: equity_%, ATR: 3171752.64, Risk: 2379.86"
2024-01-01 04:00:00,USDJPY,3449069.1067100205,623.4252308117348,equity_%,1.1067809500716891e-06,2379.8410220616556,5.798666069372409e-07,1.1597332138744818e-08,"Method: equity_%, ATR: 3449069.11, Risk: 2379.84"
2024-01-01 05:00:00,USDJPY,887037.8670304001,614.9770560041926,equity_%,4.364392944540823e-06,2380.8109872029504,2.2546951763125324e-06,4.5093903526250644e-08,"Method: equity_%, ATR: 887037.87, Risk: 2380.81"
2024-01-01 06:00:00,USDJPY,3080605.026056917,692.5733920033863,equity_%,1.1161162534319224e-06,2381.284332644732,6.49223117888612e-07,1.2984462357772239e-08,"Method: equity_%, ATR: 3080605.03, Risk: 2381.28"
2024-01-01 07:00:00,USDJPY,2850336.289223882,878.8942716106587,equity_%,9.491209581568764e-07,2377.6848983175346,7.016715913702169e-07,1.4033431827404338e-08,"Method: equity_%, ATR: 2850336.29, Risk: 2377.68"
2024-01-01 08:00:00,USDJPY,2066952.011084569,827.4195570788994,equity_%,1.3912942369185619e-06,2379.442210586199,9.676083379171257e-07,1.9352166758342513e-08,"Method: equity_%, ATR: 2066952.01, Risk: 2379.44"
2024-01-01 09:00:00,USDJPY,828878.1262767088,820.0340664379945,equity_%,3.499051394208142e-06,2378.3342764220806,2.4128999627290555e-06,4.8257999254581116e-08,"Method: equity_%, ATR: 828878.13, Risk: 2378.33"
2024-01-01 10:00:00,USDJPY,3636779.650803384,742.5510772180819,equity_%,8.806194648876724e-07,2378.1081512451456,5.499370850137124e-07,1.0998741700274247e-08,"Method: equity_%, ATR: 3636779.65, Risk: 2378.11"
2024-01-01 11:00:00,USDJPY,969651.2796264733,751.4989619535335,equity_%,3.2637181598020077e-06,2378.245085156176,2.0625971852173857e-06,4.1251943704347716e-08,"Method: equity_%, ATR: 969651.28, Risk: 2378.25"
2024-01-01 12:00:00,USDJPY,2993180.8872189145,564.1994734392185,equity_%,1.4113792836767495e-06,2383.4682902723102,6.681854773763042e-07,1.3363709547526084e-08,"Method: equity_%, ATR: 2993180.89, Risk: 2383.47"
2024-01-01 13:00:00,USDJPY,1375848.9087087002,635.3031193753138,equity_%,2.724501116780856e-06,2381.4349426203394,1.4536479894998757e-06,2.907295978999752e-08,"Method: equity_%, ATR: 1375848.91, Risk: 2381.43"
2024-01-01 14:00:00,USDJPY,2757511.1990066627,505.30829332177484,equity_%,1.7073808479522603e-06,2379.0529961567922,7.252917053321341e-07,1.4505834106642682e-08,"Method: equity_%, ATR: 2757511.20, Risk: 2379.05"
2024-01-01 15:00:00,USDJPY,2351580.7246505152,566.3066282266475,equity_%,1.7853600094119769e-06,2377.5920460601055,8.504917475445092e-07,1.7009834950890183e-08,"Method: equity_%, ATR: 2351580.72, Risk: 2377.59"
2024-01-01 16:00:00,USDJPY,1512527.4982135857,505.9886931797606,equity_%,3.104430865889079e-06,2375.888656192521,1.3222900095119974e-06,2.6445800190239954e-08,"Method: equity_%, ATR: 1512527.50, Risk: 2375.89"
2024-01-01 17:00:00,USDJPY,1498809.7402894322,502.6189295413633,equity_%,3.151407852845691e-06,2374.050541830447,1.3343921821683545e-06,2.6687843643367095e-08,"Method: equity_%, ATR: 1498809.74, Risk: 2374.05"
2024-01-01 18:00:00,USDJPY,828368.8950432611,526.9397890300718,equity_%,5.442416982116812e-06,2375.6179014917493,2.414383268091628e-06,4.828766536183257e-08,"Method: equity_%, ATR: 828368.90, Risk: 2375.62"
2024-01-01 19:00:00,USDJPY,2707326.2597432043,338.1304366102876,equity_%,2.5946736020218027e-06,2375.2405252990566,7.387362320305289e-07,1.4774724640610578e-08,"Method: equity_%, ATR: 2707326.26, Risk: 2375.24"
2024-01-01 20:00:00,USDJPY,2098128.4511579485,167.84726968101992,equity_%,6.751375703248994e-06,2377.599115492999,9.532304844806848e-07,1.9064609689613697e-08,"Method: equity_%, ATR: 2098128.45, Risk: 2377.60"
2024-01-01 21:00:00,USDJPY,861148.3199426371,136.5360172540807,equity_%,2.0234182607202166e-05,2379.0899042239243,2.3224802901934764e-06,4.644960580386952e-08,"Method: equity_%, ATR: 861148.32, Risk: 2379.09"
2024-01-01 22:00:00,USDJPY,2533278.293953479,60.938703670359814,equity_%,1.539808237821972e-05,2377.0742748767266,7.894908367444955e-07,1.5789816734889913e-08,"Method: equity_%, ATR: 2533278.29, Risk: 2377.07"
2024-01-01 23:00:00,USDJPY,1563209.3794112785,136.63737962514935,equity_%,1.1124669836571242e-05,2376.149751124133,1.279419140098316e-06,2.5588382801966318e-08,"Method: equity_%, ATR: 1563209.38, Risk: 2376.15"
2024-01-02 00:00:00,USDJPY,2479256.0641901377,48.65648670855842,equity_%,1.9735437473518704e-05,2380.723117165265,8.066936001035096e-07,1.6133872002070188e-08,"Method: equity_%, ATR: 2479256.06, Risk: 2380.72"
2024-01-02 01:00:00,USDJPY,2050060.968909215,168.38245996357296,equity_%,6.891253707820856e-06,2378.8215619543835,9.75580741417729e-07,1.951161482835458e-08,"Method: equity_%, ATR: 2050060.97, Risk: 2378.82"
2024-01-02 02:00:00,USDJPY,6665737.053996283,-179.6651536893496,equity_%,-1.9889728246344557e-06,2381.995191887175,3.000418384041939e-07,6.000836768083878e-09,"Method: equity_%, ATR: 6665737.05, Risk: 2382.00"
2024-01-02 03:00:00,USDJPY,1402239.3181609474,-227.81936446047877,equity_%,-7.457726450159816e-06,2382.4249342997173,1.4262900591198817e-06,2.852580118239763e-08,"Method: equity_%, ATR: 1402239.32, Risk: 2382.42"
2024-01-02 04:00:00,USDJPY,3661105.7727458035,-302.9827306605264,equity_%,-2.145978166428662e-06,2380.43019594072,5.462830423771161e-07,1.0925660847542322e-08,"Method: equity_%, ATR: 3661105.77, Risk: 2380.43"
2024-01-02 05:00:00,USDJPY,4128155.441529143,-99.15307024820746,equity_%,-5.829409543834462e-06,2386.0897551371645,4.844778808181612e-07,9.689557616363225e-09,"Method: equity_%, ATR: 4128155.44, Risk: 2386.09"
2024-01-02 06:00:00,USDJPY,3566150.3133175718,-319.18689782286503,equity_%,-2.0949424489344894e-06,2384.6069060826844,5.608288558480335e-07,1.1216577116960671e-08,"Method: equity_%, ATR: 3566150.31, Risk: 2384.61"
2024-01-02 07:00:00,USDJPY,1907058.10010455,-263.4250585284743,equity_%,-4.743078393920858e-06,2382.765549545784,1.048735746378338e-06,2.0974714927566758e-08,"Method: equity_%, ATR: 1907058.10, Risk: 2382.77"
2024-01-02 08:00:00,USDJPY,2566090.8880873285,-201.62260661151467,equity_%,-4.607870347251024e-06,2384.0288703071255,7.793956205077084e-07,1.558791241015417e-08,"Method: equity_%, ATR: 2566090.89, Risk: 2384.03"
2024-01-02 09:00:00,USDJPY,3080572.429141763,-77.37203830272684,equity_%,-1.0002108147915509e-05,2384.0041572286,6.492299876088915e-07,1.298459975217783e-08,"Method: equity_%, ATR: 3080572.43, Risk: 2384.00"
2024-01-02 10:00:00,USDJPY,1062172.757115956,-46.16347690871705,equity_%,-4.867534185278915e-05,2386.7266360794997,1.8829328718903141e-06,3.7658657437806277e-08,"Method: equity_%, ATR: 1062172.76, Risk: 2386.73"
2024-01-02 11:00:00,USDJPY,7480136.272438811,-517.4089914762333,equity_%,-6.178885440807043e-07,2391.407707959627,2.67374808045833e-07,5.34749616091666e-09,"Method: equity_%, ATR: 7480136.27, Risk: 2391.41"
2024-01-02 12:00:00,USDJPY,3179330.888266154,-333.3387682163533,equity_%,-2.2562262898070836e-06,2391.135630692261,6.290631803633056e-07,1.2581263607266112e-08,"Method: equity_%, ATR: 3179330.89, Risk: 2391.14"
2024-01-02 13:00:00,USDJPY,2097994.8337848363,-188.2846420953996,equity_%,-6.049874376862921e-06,2389.8226250253733,9.532911939501532e-07,1.9065823879003064e-08,"Method: equity_%, ATR: 2097994.83, Risk: 2389.82"
2024-01-02 14:00:00,USDJPY,2678692.0125323734,-256.4856093727966,equity_%,-3.47312059935756e-06,2386.193452612772,7.46633054730785e-07,1.49326610946157e-08,"Method: equity_%, ATR: 2678692.01, Risk: 2386.19"
2024-01-02 15:00:00,USDJPY,2863555.612426304,-414.8515765702311,equity_%,-2.010273611671723e-06,2388.105663566046,6.984323933926991e-07,1.3968647867853982e-08,"Method: equity_%, ATR: 2863555.61, Risk: 2388.11"
2024-01-02 16:00:00,USDJPY,1455923.3648988772,-402.28996535671064,equity_%,-4.074391983069443e-06,2386.3850745516384,1.3736986768798181e-06,2.747397353759636e-08,"Method: equity_%, ATR: 1455923.36, Risk: 2386.39"
2024-01-02 17:00:00,USDJPY,1828533.6078024283,-326.00090994286256,equity_%,-4.006265066263648e-06,2388.1491086981177,1.093772622754057e-06,2.1875452455081137e-08,"Method: equity_%, ATR: 1828533.61, Risk: 2388.15"
2024-01-02 18:00:00,USDJPY,4729003.986728413,-579.2926543495032,equity_%,-8.704579234931096e-07,2384.5996975557614,4.2292203720124725e-07,8.458440744024945e-09,"Method: equity_%, ATR: 4729003.99, Risk: 2384.60"
2024-01-02 19:00:00,USDJPY,959031.8386821093,-632.5463637334361,equity_%,-3.929827574503125e-06,2383.959563051778,2.0854364989053728e-06,4.170872997810745e-08,"Method: equity_%, ATR: 959031.84, Risk: 2383.96"
2024-01-02 20:00:00,USDJPY,1458223.2898522909,-620.2867808045743,equity_%,-2.6429094803444873e-06,2390.5555769704783,1.3715320650259178e-06,2.7430641300518353e-08,"Method: equity_%, ATR: 1458223.29, Risk: 2390.56"
2024-01-02 21:00:00,USDJPY,3011456.5211281665,-429.3403910574491,equity_%,-1.8485288843975603e-06,2390.0367887123266,6.64130458456943e-07,1.328260916913886e-08,"Method: equity_%, ATR: 3011456.52, Risk: 2390.04"
2024-01-02 22:00:00,USDJPY,2340808.5898751104,-619.742519447213,equity_%,-1.6462928577830126e-06,2388.274765431751,8.544056137912182e-07,1.7088112275824364e-08,"Method: equity_%, ATR: 2340808.59, Risk: 2388.27"
2024-01-02 23:00:00,USDJPY,3123924.9798428286,-674.2550525917825,equity_%,-1.1335606981482178e-06,2387.644065344386,6.402202398921322e-07,1.2804404797842642e-08,"Method: equity_%, ATR: 3123924.98, Risk: 2387.64"
2024-01-03 00:00:00,USDJPY,2839331.9355283245,-530.280783143912,equity_%,-1.5866650072408689e-06,2388.951319135828,7.043910488147464e-07,1.4087820976294929e-08,"Method: equity_%, ATR: 2839331.94, Risk: 2388.95"
2024-01-03 01:00:00,USDJPY,8653193.544077612,-1040.1840548266218,equity_%,-2.6571069145825444e-07,2391.6390688469623,2.3112854113483143e-07,4.622570822696628e-09,"Method: equity_%, ATR: 8653193.54, Risk: 2391.64"
2024-01-03 02:00:00,USDJPY,1759206.770445462,-1128.276115077129,equity_%,-1.2051869196886581e-06,2392.1405430593,1.1368760248083654e-06,2.2737520496167307e-08,"Method: equity_%, ATR: 1759206.77, Risk: 2392.14"
2024-01-03 03:00:00,USDJPY,1806335.0270858144,-1016.2865725776419,equity_%,-1.3017733091469204e-06,2389.7356031044656,1.1072143151797416e-06,2.2144286303594828e-08,"Method: equity_%, ATR: 1806335.03, Risk: 2389.74"
2024-01-03 04:00:00,USDJPY,4866059.371570479,-1248.6352776369959,equity_%,-3.932182325369718e-07,2389.167790365807,4.110101927002418e-07,8.220203854004836e-09,"Method: equity_%, ATR: 4866059.37, Risk: 2389.17"
2024-01-03 05:00:00,USDJPY,1489632.670506053,-1247.073737169951,equity_%,-1.2872249779257007e-06,2391.254390079325,1.34261287336063e-06,2.6852257467212598e-08,"Method: equity_%, ATR: 1489632.67, Risk: 2391.25"
2024-01-03 06:00:00,USDJPY,2012788.8938565638,-1328.8643118070001,equity_%,-8.952108252434714e-07,2394.441277978387,9.936461822222895e-07,1.987292364444579e-08,"Method: equity_%, ATR: 2012788.89, Risk: 2394.44"
2024-01-03 07:00:00,USDJPY,8481615.96513997,-1846.0309951988006,equity_%,-1.531684637274192e-07,2398.2085635290814,2.3580412131604856e-07,4.716082426320971e-09,"Method: equity_%, ATR: 8481615.97, Risk: 2398.21"
2024-01-03 08:00:00,USDJPY,6788476.218995673,-2235.562658310346,equity_%,-1.5817947669629339e-07,2400.5418526573458,2.9461692660917825e-07,5.892338532183565e-09,"Method: equity_%, ATR: 6788476.22, Risk: 2400.54"
2024-01-03 09:00:00,USDJPY,727954.6213990579,-2242.548287460808,equity_%,-1.4695788442470274e-06,2399.048357104837,2.7474240031009003e-06,5.4948480062018e-08,"Method: equity_%, ATR: 727954.62, Risk: 2399.05"
2024-01-03 10:00:00,USDJPY,2471054.4911177247,-2311.9049269415164,equity_%,-4.19841519489181e-07,2398.4887078723027,8.0937106291628e-07,1.61874212583256e-08,"Method: equity_%, ATR: 2471054.49, Risk: 2398.49"
2024-01-03 11:00:00,USDJPY,1398066.2898129548,-2201.9121347748983,equity_%,-7.78031646432178e-07,2395.1075031565706,1.4305473313912585e-06,2.8610946627825168e-08,"Method: equity_%, ATR: 1398066.29, Risk: 2395.11"
2024-01-03 12:00:00,USDJPY,2143606.270785208,-2237.0690740302375,equity_%,-4.995417137288013e-07,2395.499983806644,9.330071605301825e-07,1.866014321060365e-08,"Method: equity_%, ATR: 2143606.27, Risk: 2395.50"
2024-01-03 13:00:00,USDJPY,1105306.9092018176,-2308.1532105756683,equity_%,-9.382064966724321e-07,2393.569012258485,1.8094521832350373e-06,3.6189043664700745e-08,"Method: equity_%, ATR: 1105306.91, Risk: 2393.57"
2024-01-03 14:00:00,USDJPY,2864801.5678312914,-2156.2320249064105,equity_%,-3.876053257071862e-07,2394.306658678357,6.981286321740034e-07,1.3962572643480067e-08,"Method: equity_%, ATR: 2864801.57, Risk: 2394.31"
2024-01-03 15:00:00,USDJPY,2248203.2532689096,-2070.917277831739,equity_%,-5.13971202682951e-07,2392.9692063079783,8.895992820453312e-07,1.7791985640906623e-08,"Method: equity_%, ATR: 2248203.25, Risk: 2392.97"
2024-01-03 16:00:00,USDJPY,1513003.3191627262,-2153.1074305173483,equity_%,-7.366170950964026e-07,2399.6470802232593,1.3218741655548851e-06,2.64374833110977e-08,"Method: equity_%, ATR: 1513003.32, Risk: 2399.65"
2024-01-03 17:00:00,USDJPY,1499339.2538213083,-2264.717775736023,equity_%,-7.05872450667639e-07,2396.8465595563193,1.3339209221013036e-06,2.6678418442026072e-08,"Method: equity_%, ATR: 1499339.25, Risk: 2396.85"
2024-01-03 18:00:00,USDJPY,1341214.4528526778,-2272.8271150853666,equity_%,-7.865835839816567e-07,2397.780947811348,1.4911858396292457e-06,2.982371679258492e-08,"Method: equity_%, ATR: 1341214.45, Risk: 2397.78"
2024-01-03 19:00:00,USDJPY,2096830.7752655891,-2381.661258577814,equity_%,-4.809813845843466e-07,2401.992475499787,9.538204148814422e-07,1.9076408297628845e-08,"Method: equity_%, ATR: 2096830.78, Risk: 2401.99"
2024-01-03 20:00:00,USDJPY,626539.8813945694,-2330.966950723311,equity_%,-1.646809193130248e-06,2405.0722048151792,3.192135184672276e-06,6.384270369344552e-08,"Method: equity_%, ATR: 626539.88, Risk: 2405.07"
2024-01-03 21:00:00,USDJPY,1593668.2687813162,-2455.209233474082,equity_%,-6.140878742549138e-07,2402.7963092666982,1.2549663183853232e-06,2.5099326367706462e-08,"Method: equity_%, ATR: 1593668.27, Risk: 2402.80"
2024-01-03 22:00:00,USDJPY,2238738.462213546,-2358.4873776912937,equity_%,-4.551091793958075e-07,2402.993035497161,8.933602713121328e-07,1.7867205426242655e-08,"Method: equity_%, ATR: 2238738.46, Risk: 2402.99"
2024-01-03 23:00:00,USDJPY,2708113.0669371667,-2395.4454365653064,equity_%,-3.7036111848023795e-07,2402.5833476083562,7.385216017815566e-07,1.4770432035631134e-08,"Method: equity_%, ATR: 2708113.07, Risk: 2402.58"
2024-01-04 00:00:00,USDJPY,1672585.5832289835,-2320.1894211253048,equity_%,-6.182463104734352e-07,2399.237963292737,1.1957534610210688e-06,2.391506922042138e-08,"Method: equity_%, ATR: 1672585.58, Risk: 2399.24"
2024-01-04 01:00:00,USDJPY,4193261.0586815053,-2546.568405954388,equity_%,-2.2484356248358199e-07,2400.975372777339,4.769557563937753e-07,9.539115127875506e-09,"Method: equity_%, ATR: 4193261.06, Risk: 2400.98"
2024-01-04 02:00:00,USDJPY,1698414.6001764294,-2570.244879656924,equity_%,-5.501147108964426e-07,2401.438538529588,1.177568774898804e-06,2.3551375497976083e-08,"Method: equity_%, ATR: 1698414.60, Risk: 2401.44"
2024-01-04 03:00:00,USDJPY,1066721.3548406607,-2656.0906706275277,equity_%,-8.496717084371476e-07,2407.382191617661,1.874903873372579e-06,3.749807746745159e-08,"Method: equity_%, ATR: 1066721.35, Risk: 2407.38"
2024-01-04 04:00:00,USDJPY,1572101.8077487089,-2552.636768849986,equity_%,-5.997203522317299e-07,2406.6806994425083,1.2721822404517506e-06,2.5443644809035018e-08,"Method: equity_%, ATR: 1572101.81, Risk: 2406.68"
2024-01-04 05:00:00,USDJPY,3030394.5037669246,-2691.5299367644097,equity_%,-2.9517371861041874e-07,2407.5541885374564,6.599800776809438e-07,1.3199601553618877e-08,"Method: equity_%, ATR: 3030394.50, Risk: 2407.55"
2024-01-04 06:00:00,USDJPY,1038940.8235839619,-2662.0577074265207,equity_%,-8.698149232296668e-07,2405.664900869846,1.9250374560321336e-06,3.8500749120642676e-08,"Method: equity_%, ATR: 1038940.82, Risk: 2405.66"
2024-01-04 07:00:00,USDJPY,1182785.7195086016,-2658.07369966923,equity_%,-7.658589631826514e-07,2407.8082057328315,1.6909233574707997e-06,3.381846714941599e-08,"Method: equity_%, ATR: 1182785.72, Risk: 2407.81"
2024-01-04 08:00:00,USDJPY,2102798.965325956,-2631.3337456000827,equity_%,-4.3550836627452e-07,2409.7400317122147,9.51113269969666e-07,1.902226539939332e-08,"Method: equity_%, ATR: 2102798.97, Risk: 2409.74"
2024-01-04 09:00:00,USDJPY,2945466.9703958645,-2861.9616542727163,equity_%,-2.859220102552334e-07,2410.2692286300367,6.79009481383254e-07,1.3580189627665078e-08,"Method: equity_%, ATR: 2945466.97, Risk: 2410.27"
2024-01-04 10:00:00,USDJPY,931225.0041679773,-2881.3648060148644,equity_%,-8.97572426105805e-07,2408.3653944091643,2.1477086537071054e-06,4.295417307414211e-08,"Method: equity_%, ATR: 931225.00, Risk: 2408.37"
2024-01-04 11:00:00,USDJPY,1141516.640728696,-2952.6837863212504,equity_%,-7.129916421899705e-07,2403.1651933129056,1.7520550543383098e-06,3.5041101086766196e-08,"Method: equity_%, ATR: 1141516.64, Risk: 2403.17"
2024-01-04 12:00:00,USDJPY,750865.1613113034,-2950.2038571559333,equity_%,-1.0843816238593711e-06,2402.1279150874248,2.6635940819350573e-06,5.327188163870115e-08,"Method: equity_%, ATR: 750865.16, Risk: 2402.13"
2024-01-04 13:00:00,USDJPY,783304.5173878827,-2967.720623684032,equity_%,-1.0335321072125748e-06,2402.578678757788,2.5532854153190395e-06,5.106570830638079e-08,"Method: equity_%, ATR: 783304.52, Risk: 2402.58"
2024-01-04 14:00:00,USDJPY,1702628.8257080659,-2985.7064062436084,equity_%,-4.7208858621503646e-07,2399.885834434453,1.174654140586553e-06,2.3493082811731056e-08,"Method: equity_%, ATR: 1702628.83, Risk: 2399.89"
2024-01-04 15:00:00,USDJPY,2720793.3157808203,-3123.0144497873107,equity_%,-2.8219368597538924e-07,2397.8214335149673,7.350797241377501e-07,1.4701594482755004e-08,"Method: equity_%, ATR: 2720793.32, Risk: 2397.82"
2024-01-04 16:00:00,USDJPY,767086.2202646913,-3146.7486120994145,equity_%,-9.922287902992153e-07,2395.0691393024204,2.607268840404771e-06,5.214537680809541e-08,"Method: equity_%, ATR: 767086.22, Risk: 2395.07"
2024-01-04 17:00:00,USDJPY,2301248.5221483987,-3245.692553144175,equity_%,-3.2094647275739975e-07,2397.195803651352,8.69093442429608e-07,1.738186884859216e-08,"Method: equity_%, ATR: 2301248.52, Risk: 2397.20"
2024-01-04 18:00:00,USDJPY,1296207.6933438585,-3350.572457504388,equity_%,-5.515161981070507e-07,2395.255693773712,1.5429626056612516e-06,3.085925211322503e-08,"Method: equity_%, ATR: 1296207.69, Risk: 2395.26"
2024-01-04 19:00:00,USDJPY,1504320.4593019437,-3312.7695690597293,equity_%,-4.808873399088156e-07,2396.486208239512,1.3295039548475387e-06,2.6590079096950773e-08,"Method: equity_%, ATR: 1504320.46, Risk: 2396.49"
2024-01-04 20:00:00,USDJPY,1693204.671300109,-3219.152341770976,equity_%,-4.4034659926026325e-07,2400.19006736087,1.1811921109716296e-06,2.362384221943259e-08,"Method: equity_%, ATR: 1693204.67, Risk: 2400.19"
2024-01-04 21:00:00,USDJPY,1270495.0173776478,-3270.387325867574,equity_%,-5.775894137423044e-07,2399.8902534567965,1.5741895659914352e-06,3.1483791319828704e-08,"Method: equity_%, ATR: 1270495.02, Risk: 2399.89"
2024-01-04 22:00:00,USDJPY,1211097.9068047255,-3261.8852409739375,equity_%,-6.074595686572905e-07,2399.74617795666,1.651394151342114e-06,3.302788302684228e-08,"Method: equity_%, ATR: 1211097.91, Risk: 2399.75"
2024-01-04 23:00:00,USDJPY,1875263.7814909848,-3249.9904092575484,equity_%,-3.9362083543496985e-07,2398.957333738711,1.0665166254156735e-06,2.133033250831347e-08,"Method: equity_%, ATR: 1875263.78, Risk: 2398.96"
2024-01-05 00:00:00,USDJPY,3022186.350068505,-3392.37055985684,equity_%,-2.3391350997791519e-07,2398.169255860727,6.617725607670305e-07,1.3235451215340613e-08,"Method: equity_%, ATR: 3022186.35, Risk: 2398.17"
2024-01-05 01:00:00,USDJPY,2040538.5282244333,-3435.983628860018,equity_%,-3.421120925301166e-07,2398.6357956805996,9.801334169074927e-07,1.9602668338149853e-08,"Method: equity_%, ATR: 2040538.53, Risk: 2398.64"
2024-01-05 02:00:00,USDJPY,712252.4260865294,-3370.525685574926,equity_%,-1.0009209427074237e-06,2402.875971751511,2.80799324333509e-06,5.61598648667018e-08,"Method: equity_%, ATR: 712252.43, Risk: 2402.88"
2024-01-05 03:00:00,USDJPY,2941298.3415715555,-3303.798563734449,equity_%,-2.473208069604098e-07,2403.329365309381,6.799718245961362e-07,1.3599436491922724e-08,"Method: equity_%, ATR: 2941298.34, Risk: 2403.33"
2024-01-05 04:00:00,USDJPY,2298061.024279664,-3467.7850359186327,equity_%,-3.0158901232748915e-07,2403.417617340111,8.702989080226484e-07,1.7405978160452965e-08,"Method: equity_%, ATR: 2298061.02, Risk: 2403.42"
2024-01-05 05:00:00,USDJPY,1724624.2966629826,-3352.8030311767184,equity_%,-4.1544368357567243e-07,2402.2306342238303,1.1596728654871954e-06,2.3193457309743906e-08,"Method: equity_%, ATR: 1724624.30, Risk: 2402.23"
2024-01-05 06:00:00,USDJPY,10640866.17661068,-3420.8624825054058,equity_%,-6.593876440110652e-08,2400.232999051123,1.8795462388166585e-07,3.759092477633317e-09,"Method: equity_%, ATR: 10640866.18, Risk: 2400.23"
2024-01-05 07:00:00,USDJPY,3456403.3418496503,-3584.102364331573,equity_%,-1.9406019508844162e-07,2404.0377605628964,5.786361724004483e-07,1.1572723448008966e-08,"Method: equity_%, ATR: 3456403.34, Risk: 2404.04"
2024-01-05 08:00:00,USDJPY,1441450.0070629537,-3658.5839823028277,equity_%,-4.5518537190116484e-07,2400.4955772198364,1.3874917549691006e-06,2.7749835099382016e-08,"Method: equity_%, ATR: 1441450.01, Risk: 2400.50"
2024-01-05 09:00:00,USDJPY,1833956.916836978,-3699.681672765888,equity_%,-3.532157939974626e-07,2396.589222762551,1.090538159123932e-06,2.181076318247864e-08,"Method: equity_%, ATR: 1833956.92, Risk: 2396.59"
2024-01-05 10:00:00,USDJPY,1334704.2712788107,-3630.4932925608036,equity_%,-4.93655566674723e-07,2392.074644645198,1.498459278986014e-06,2.9969185579720286e-08,"Method: equity_%, ATR: 1334704.27, Risk: 2392.07"
2024-01-05 11:00:00,USDJPY,2132206.51923848,-3722.191269899744,equity_%,-3.009218775588405e-07,2388.260610721157,9.379954436657019e-07,1.8759908873314038e-08,"Method: equity_%, ATR: 2132206.52, Risk: 2388.26"
2024-01-05 12:00:00,USDJPY,1178437.9623736867,-3722.2389920743803,equity_%,-5.457361158053915e-07,2393.832033425651,1.6971618904498535e-06,3.394323780899707e-08,"Method: equity_%, ATR: 1178437.96, Risk: 2393.83"
2024-01-05 13:00:00,USDJPY,1595726.0860271298,-3658.359956330092,equity_%,-4.101607936467272e-07,2394.4122414710064,1.2533479382914577e-06,2.506695876582915e-08,"Method: equity_%, ATR: 1595726.09, Risk: 2394.41"
2024-01-05 14:00:00,USDJPY,3153810.2365320763,-3546.5585574270212,equity_%,-2.13882835741013e-07,2392.316451665957,6.34153563468421e-07,1.268307126936842e-08,"Method: equity_%, ATR: 3153810.24, Risk: 2392.32"
2024-01-05 15:00:00,USDJPY,932467.6980893946,-3534.8205258200787,equity_%,-7.255705921315077e-07,2391.5575523059265,2.1448464156967106e-06,4.289692831393421e-08,"Method: equity_%, ATR: 932467.70, Risk: 2391.56"
2024-01-05 16:00:00,USDJPY,1183975.694761516,-3609.6147348001086,equity_%,-5.5997342214658e-07,2393.1562378666986,1.6892238657000917e-06,3.3784477314001833e-08,"Method: equity_%, ATR: 1183975.69, Risk: 2393.16"
2024-01-05 17:00:00,USDJPY,1029371.5942147947,-3636.679466191031,equity_%,-6.393241690024457e-07,2393.306535798067,1.9429329614691776e-06,3.885865922938356e-08,"Method: equity_%, ATR: 1029371.59, Risk: 2393.31"
2024-01-05 18:00:00,USDJPY,1428794.3526777418,-3549.8831563994263,equity_%,-4.734078412648568e-07,2401.14966460198,1.3997815684613718e-06,2.799563136922744e-08,"Method: equity_%, ATR: 1428794.35, Risk: 2401.15"
2024-01-05 19:00:00,USDJPY,2602440.853921771,-3484.269877741679,equity_%,-2.6472016895729735e-07,2400.3782654008405,7.685093004077624e-07,1.5370186008155244e-08,"Method: equity_%, ATR: 2602440.85, Risk: 2400.38"
2024-01-05 20:00:00,USDJPY,872199.4664120621,-3469.14486488209,equity_%,-7.931534320573352e-07,2399.912788561723,2.293053455108536e-06,4.586106910217072e-08,"Method: equity_%, ATR: 872199.47, Risk: 2399.91"
2024-01-05 21:00:00,USDJPY,1250107.9912271097,-3460.3886704972233,equity_%,-5.543798740052051e-07,2398.1694610616614,1.5998617831702637e-06,3.1997235663405274e-08,"Method: equity_%, ATR: 1250107.99, Risk: 2398.17"
2024-01-05 22:00:00,USDJPY,1097718.6327197615,-3551.7242626967127,equity_%,-6.155083996975646e-07,2399.74039502906,1.8219605100850864e-06,3.6439210201701726e-08,"Method: equity_%, ATR: 1097718.63, Risk: 2399.74"
2024-01-05 23:00:00,USDJPY,3553321.0353013463,-3674.584320639845,equity_%,-1.838514651152695e-07,2400.54449161644,5.628537303920771e-07,1.125707460784154e-08,"Method: equity_%, ATR: 3553321.04, Risk: 2400.54"
2024-01-06 00:00:00,USDJPY,2794605.734060051,-3453.8913988604263,equity_%,-2.4865596331586195e-07,2400.0931791663443,7.156644587193221e-07,1.4313289174386442e-08,"Method: equity_%, ATR: 2794605.73, Risk: 2400.09"
2024-01-06 01:00:00,USDJPY,804115.1413172929,-3430.7897522200606,equity_%,-8.695807515945861e-07,2398.9558866668795,2.4872059948076853e-06,4.9744119896153705e-08,"Method: equity_%, ATR: 804115.14, Risk: 2398.96"
2024-01-06 02:00:00,USDJPY,1597592.0954379034,-3355.2061610208752,equity_%,-4.485285332915001e-07,2404.2254479728313,1.2518840107629574e-06,2.503768021525915e-08,"Method: equity_%, ATR: 1597592.10, Risk: 2404.23"
2024-01-06 03:00:00,USDJPY,5594804.450757474,-3033.931808227883,equity_%,-1.416509154633173e-07,2404.418786117031,3.574745136497528e-07,7.149490272995055e-09,"Method: equity_%, ATR: 5594804.45, Risk: 2404.42"
2024-01-06 04:00:00,USDJPY,2936659.465982025,-3086.8950744574336,equity_%,-2.651523775188371e-07,2403.6486313721007,6.810459377969437e-07,1.3620918755938874e-08,"Method: equity_%, ATR: 2936659.47, Risk: 2403.65"
2024-01-06 05:00:00,USDJPY,1422223.2077709304,-3019.6032271595104,equity_%,-5.595112354517725e-07,2402.8488575517654,1.4062490255201407e-06,2.812498051040282e-08,"Method: equity_%, ATR: 1422223.21, Risk: 2402.85"
2024-01-06 06:00:00,USDJPY,1241403.6759288774,-3017.9641013852797,equity_%,-6.410942676603777e-07,2401.8671933644678,1.6110794891142113e-06,3.2221589782284234e-08,"Method: equity_%, ATR: 1241403.68, Risk: 2401.87"
2024-01-06 07:00:00,USDJPY,4266778.303493311,-2761.859646502043,equity_%,-2.0406787880897253e-07,2404.785435032739,4.6873773553281495e-07,9.374754710656299e-09,"Method: equity_%, ATR: 4266778.30, Risk: 2404.79"
2024-01-06 08:00:00,USDJPY,971064.9811184749,-2751.203163065063,equity_%,-8.998154832400988e-07,2403.9443884043935,2.0595944029372737e-06,4.1191888058745474e-08,"Method: equity_%, ATR: 971064.98, Risk: 2403.94"
2024-01-06 09:00:00,USDJPY,1171959.8687616736,-2760.224476897027,equity_%,-7.424538575862154e-07,2401.7434295880907,1.7065430765246743e-06,3.413086153049349e-08,"Method: equity_%, ATR: 1171959.87, Risk: 2401.74"
2024-01-06 10:00:00,USDJPY,2517512.645368547,-2666.3290412358956,equity_%,-3.5760403657841297e-07,2400.4232027031885,7.944349370714732e-07,1.5888698741429466e-08,"Method: equity_%, ATR: 2517512.65, Risk: 2400.42"
2024-01-06 11:00:00,USDJPY,890384.2457998144,-2746.7358555268606,equity_%,-9.812315994859786e-07,2399.7493881650717,2.2462212347472973e-06,4.492442469494595e-08,"Method: equity_%, ATR: 890384.25, Risk: 2399.75"
2024-01-06 12:00:00,USDJPY,2946970.127191139,-2834.6486652171716,equity_%,-2.8744339629616784e-07,2401.1943234128207,6.786631399980532e-07,1.3573262799961061e-08,"Method: equity_%, ATR: 2946970.13, Risk: 2401.19"
2024-01-06 13:00:00,USDJPY,2302755.0961677115,-2743.0912403796715,equity_%,-3.798227902164349e-07,2399.214211303233,8.685248393667383e-07,1.7370496787334765e-08,"Method: equity_%, ATR: 2302755.10, Risk: 2399.21"
2024-01-06 14:00:00,USDJPY,1425127.2910946773,-2776.684136322683,equity_%,-6.068528105233033e-07,2401.3944555940316,1.4033834117819385e-06,2.806766823563877e-08,"Method: equity_%, ATR: 1425127.29, Risk: 2401.39"
2024-01-06 15:00:00,USDJPY,4049762.2655407987,-3028.0504355603034,equity_%,-1.9588064800840916e-07,2402.0617411741096,4.938561497838746e-07,9.87712299567749e-09,"Method: equity_%, ATR: 4049762.27, Risk: 2402.06"
2024-01-06 16:00:00,USDJPY,1916544.9217639617,-2933.968032612833,equity_%,-4.270113843594444e-07,2401.1198299952257,1.0435445458587152e-06,2.0870890917174303e-08,"Method: equity_%, ATR: 1916544.92, Risk: 2401.12"
2024-01-06 17:00:00,USDJPY,914638.908611737,-2932.9791528895207,equity_%,-8.957033421353547e-07,2402.828879449552,2.186655281301834e-06,4.373310562603668e-08,"Method: equity_%, ATR: 914638.91, Risk: 2402.83"
2024-01-06 18:00:00,USDJPY,1808997.5902684636,-3089.416605979472,equity_%,-4.298549591878895e-07,2402.35069765554,1.1055846678619348e-06,2.21116933572387e-08,"Method: equity_%, ATR: 1808997.59, Risk: 2402.35"
2024-01-06 19:00:00,USDJPY,6585933.889215476,-3338.38870667082,equity_%,-1.0917565250659198e-07,2400.3803652879665,3.0367750931648697e-07,6.0735501863297394e-09,"Method: equity_%, ATR: 6585933.89, Risk: 2400.38"
2024-01-06 20:00:00,USDJPY,3011610.6567199584,-3481.258000201233,equity_%,-2.290222363172476e-07,2401.113485370285,6.640964679605246e-07,1.3281929359210492e-08,"Method: equity_%, ATR: 3011610.66, Risk: 2401.11"
2024-01-06 21:00:00,USDJPY,2818092.149152703,-3663.562777759104,equity_%,-2.3263041879244453e-07,2401.7363463952456,7.097000006196841e-07,1.4194000012393681e-08,"Method: equity_%, ATR: 2818092.15, Risk: 2401.74"
2024-01-06 22:00:00,USDJPY,3914887.0433163666,-3807.283970312015,equity_%,-1.6099433974078024e-07,2399.634589727363,5.108704230469359e-07,1.021740846093872e-08,"Method: equity_%, ATR: 3914887.04, Risk: 2399.63"
2024-01-06 23:00:00,USDJPY,6359680.649511097,-3363.083320863423,equity_%,-1.1208294139237166e-07,2397.245184632832,3.14481199642273e-07,6.2896239928454614e-09,"Method: equity_%, ATR: 6359680.65, Risk: 2397.25"
2024-01-07 00:00:00,USDJPY,4203633.632395949,-3231.2877686137876,equity_%,-1.764878525815052e-07,2397.260964219893,4.7577885584192975e-07,9.515577116838596e-09,"Method: equity_%, ATR: 4203633.63, Risk: 2397.26"
2024-01-07 01:00:00,USDJPY,2922015.118749473,-3368.192564535559,equity_%,-2.4371917197178335e-07,2398.662057463668,6.844591553160529e-07,1.3689183106321056e-08,"Method: equity_%, ATR: 2922015.12, Risk: 2398.66"
2024-01-07 02:00:00,USDJPY,3443326.528244288,-3494.055516873333,equity_%,-1.99262031532719e-07,2397.356183406605,5.808336745280375e-07,1.1616673490560748e-08,"Method: equity_%, ATR: 3443326.53, Risk: 2397.36"
2024-01-07 03:00:00,USDJPY,3617621.072603965,-3209.2828094378783,equity_%,-2.0689332195754377e-07,2402.02507893057,5.528494996742154e-07,1.1056989993484308e-08,"Method: equity_%, ATR: 3617621.07, Risk: 2402.03"
2024-01-07 04:00:00,USDJPY,1961409.6036438786,-3164.7686797607334,equity_%,-3.867212822072474e-07,2400.5366578865164,1.0196748278811468e-06,2.0393496557622937e-08,"Method: equity_%, ATR: 1961409.60, Risk: 2400.54"
2024-01-07 05:00:00,USDJPY,4071050.052556047,-2840.846275331307,equity_%,-2.0780407232318224e-07,2403.301346594026,4.91273743673154e-07,9.82547487346308e-09,"Method: equity_%, ATR: 4071050.05, Risk: 2403.30"
2024-01-07 06:00:00,USDJPY,612840.2753873024,-2818.9471279387967,equity_%,-1.3918227330594633e-06,2404.4633131459523,3.2634930834727547e-06,6.52698616694551e-08,"Method: equity_%, ATR: 612840.28, Risk: 2404.46"
2024-01-07 07:00:00,USDJPY,2081073.7150408023,-2892.6397269058025,equity_%,-3.995061825542236e-07,2404.945920565508,9.61042362673245e-07,1.92208472534649e-08,"Method: equity_%, ATR: 2081073.72, Risk: 2404.95"
2024-01-07 08:00:00,USDJPY,2669441.229862032,-2812.7444839341883,equity_%,-3.1976728559765296e-07,2400.9586243613203,7.492204651770395e-07,1.498440930354079e-08,"Method: equity_%, ATR: 2669441.23, Risk: 2400.96"
2024-01-07 09:00:00,USDJPY,1754522.486615665,-2791.054744944483,equity_%,-4.90048918043691e-07,2399.754022686228,1.1399112950999229e-06,2.2798225901998456e-08,"Method: equity_%, ATR: 1754522.49, Risk: 2399.75"
2024-01-07 10:00:00,USDJPY,1784841.4626295834,-2894.484769126663,equity_%,-4.649110630948967e-07,2401.821873910954,1.1205477023451853e-06,2.241095404690371e-08,"Method: equity_%, ATR: 1784841.46, Risk: 2401.82"
2024-01-07 11:00:00,USDJPY,2186748.3799550836,-2927.3297699190116,equity_%,-3.7591086952933827e-07,2406.3308917392424,9.145999687632468e-07,1.8291999375264936e-08,"Method: equity_%, ATR: 2186748.38, Risk: 2406.33"
2024-01-07 12:00:00,USDJPY,3675350.59168456,-3074.807180726717,equity_%,-2.1292528129957212e-07,2406.2674096685346,5.441657741509009e-07,1.0883315483018017e-08,"Method: equity_%, ATR: 3675350.59, Risk: 2406.27"
2024-01-07 13:00:00,USDJPY,8693779.0819855,-2891.446141901159,equity_%,-9.580280639670986e-08,2408.2520498382296,2.300495539556817e-07,4.600991079113635e-09,"Method: equity_%, ATR: 8693779.08, Risk: 2408.25"
2024-01-07 14:00:00,USDJPY,1633700.910188254,-2831.4447892516964,equity_%,-5.201024571339724e-07,2405.855582702028,1.2242142900988755e-06,2.448428580197751e-08,"Method: equity_%, ATR: 1633700.91, Risk: 2405.86"
2024-01-07 15:00:00,USDJPY,3242520.236990481,-2757.491299257944,equity_%,-2.6903503519400985e-07,2405.5017981988494,6.168041689251827e-07,1.2336083378503654e-08,"Method: equity_%, ATR: 3242520.24, Risk: 2405.50"
2024-01-07 16:00:00,USDJPY,2157613.331827338,-2682.1440474842357,equity_%,-4.158064518554748e-07,2406.2843090977217,9.269501492680104e-07,1.8539002985360206e-08,"Method: equity_%, ATR: 2157613.33, Risk: 2406.28"
2024-01-07 17:00:00,USDJPY,538354.0575639927,-2649.8027814012053,equity_%,-1.690691444723063e-06,2411.825581777142,3.7150272611482377e-06,7.430054522296475e-08,"Method: equity_%, ATR: 538354.06, Risk: 2411.83"
2024-01-07 18:00:00,USDJPY,4784617.933800314,-2765.836642701684,equity_%,-1.8203954210524357e-07,2409.015111005969,4.180062081595396e-07,8.360124163190792e-09,"Method: equity_%, ATR: 4784617.93, Risk: 2409.02"
2024-01-07 19:00:00,USDJPY,3373633.4498287626,-2671.3894945024276,equity_%,-2.6730762571618075e-07,2409.053563143173,5.928326327513486e-07,1.1856652655026971e-08,"Method: equity_%, ATR: 3373633.45, Risk: 2409.05"
2024-01-07 20:00:00,USDJPY,2187769.8609748357,-2581.1092499073666,equity_%,-4.2675315305495776e-07,2409.8208682474888,9.141729373256983e-07,1.828345874651397e-08,"Method: equity_%, ATR: 2187769.86, Risk: 2409.82"
2024-01-07 21:00:00,USDJPY,1862971.1002774956,-2694.099062792964,equity_%,-4.80474355913851e-07,2411.5145796720176,1.073553958889697e-06,2.147107917779394e-08,"Method: equity_%, ATR: 1862971.10, Risk: 2411.51"
2024-01-07 22:00:00,USDJPY,2538397.1082876995,-2937.1150390448115,equity_%,-3.232044735497716e-07,2409.6717416501842,7.878987859977195e-07,1.5757975719954394e-08,"Method: equity_%, ATR: 2538397.11, Risk: 2409.67"
2024-01-07 23:00:00,USDJPY,1746031.1781288693,-3016.949524018363,equity_%,-4.574482676749965e-07,2409.6947190439255,1.1454549180177276e-06,2.2909098360354552e-08,"Method: equity_%, ATR: 1746031.18, Risk: 2409.69"
2024-01-08 00:00:00,USDJPY,2328481.1887110663,-3135.873132669363,equity_%,-3.2987386935787294e-07,2408.680144422612,8.589289918666264e-07,1.7178579837332527e-08,"Method: equity_%, ATR: 2328481.19, Risk: 2408.68"
2024-01-08 01:00:00,USDJPY,1398176.3779626181,-3123.101612543379,equity_%,-5.515358334420075e-07,2408.3622376887465,1.4304346944513122e-06,2.860869388902624e-08,"Method: equity_%, ATR: 1398176.38, Risk: 2408.36"
2024-01-08 02:00:00,USDJPY,3344675.5932061886,-3270.521625623759,equity_%,-2.2020209597095048e-07,2408.7541430705537,5.979653165952667e-07,1.1959306331905332e-08,"Method: equity_%, ATR: 3344675.59, Risk: 2408.75"
2024-01-08 03:00:00,USDJPY,5447918.141805476,-3405.0728941224324,equity_%,-1.2978457291121925e-07,2407.576298437668,3.671127113039161e-07,7.342254226078323e-09,"Method: equity_%, ATR: 5447918.14, Risk: 2407.58"
2024-01-08 04:00:00,USDJPY,1409691.74301546,-3395.5075024536886,equity_%,-5.020483242914415e-07,2403.1139925233556,1.4187498862140007e-06,2.837499772428001e-08,"Method: equity_%, ATR: 1409691.74, Risk: 2403.11"
2024-01-08 05:00:00,USDJPY,1828772.8766656073,-3375.1693682466607,equity_%,-3.8977555777773614e-07,2405.8577447164303,1.0936295181972464e-06,2.1872590363944926e-08,"Method: equity_%, ATR: 1828772.88, Risk: 2405.86"
2024-01-08 06:00:00,USDJPY,2629784.9870667052,-3496.9021128293666,equity_%,-2.6137538836173604e-07,2403.6343860110023,7.605184491644789e-07,1.521036898328958e-08,"Method: equity_%, ATR: 2629784.99, Risk: 2403.63"
2024-01-08 07:00:00,USDJPY,2318547.0251204832,-3522.542247666641,equity_%,-2.9402552789711914e-07,2401.3593665884246,8.626092023715023e-07,1.725218404743005e-08,"Method: equity_%, ATR: 2318547.03, Risk: 2401.36"
2024-01-08 08:00:00,USDJPY,1076851.6054345265,-3535.504723699949,equity_%,-6.299077371514419e-07,2398.1935163717485,1.857266117175884e-06,3.7145322343517675e-08,"Method: equity_%, ATR: 1076851.61, Risk: 2398.19"
2024-01-08 09:00:00,USDJPY,2718316.4952644254,-3361.2310666883363,equity_%,-2.622911523352183e-07,2396.5253682965517,7.357494991787e-07,1.4714989983574003e-08,"Method: equity_%, ATR: 2718316.50, Risk: 2396.53"
2024-01-08 10:00:00,USDJPY,3958980.4785369686,-3614.4664308683177,equity_%,-1.674872635328339e-07,2396.6760879460453,5.051805662702068e-07,1.0103611325404137e-08,"Method: equity_%, ATR: 3958980.48, Risk: 2396.68"
2024-01-08 11:00:00,USDJPY,2070842.7674970245,-3480.463044972201,equity_%,-3.3292159042620786e-07,2399.5296078115043,9.657903687286452e-07,1.9315807374572905e-08,"Method: equity_%, ATR: 2070842.77, Risk: 2399.53"
2024-01-08 12:00:00,USDJPY,1368129.424628869,-3578.4539526419153,equity_%,-4.902020067149577e-07,2399.9251742523165,1.461850000443151e-06,2.923700000886302e-08,"Method: equity_%, ATR: 1368129.42, Risk: 2399.93"
2024-01-08 13:00:00,USDJPY,854078.6008667237,-3583.6551094522833,equity_%,-7.834046373263828e-07,2397.7847029130494,2.3417048477392936e-06,4.683409695478588e-08,"Method: equity_%, ATR: 854078.60, Risk: 2397.78"
2024-01-08 14:00:00,USDJPY,1759199.0452505252,-3698.4706472001667,equity_%,-3.6848745267552075e-07,2397.5068753514083,1.1368810171876728e-06,2.2737620343753452e-08,"Method: equity_%, ATR: 1759199.05, Risk: 2397.51"
2024-01-08 15:00:00,USDJPY,4011139.7281749216,-3823.1760247172087,equity_%,-1.5623984246460465e-07,2395.983800051902,4.986114011316193e-07,9.972228022632384e-09,"Method: equity_%, ATR: 4011139.73, Risk: 2395.98"
2024-01-08 16:00:00,USDJPY,3879291.9381573712,-4111.851049085624,equity_%,-1.502605029366785e-07,2396.8158945844098,5.155580017909098e-07,1.0311160035818198e-08,"Method: equity_%, ATR: 3879291.94, Risk: 2396.82"
2024-01-08 17:00:00,USDJPY,5986112.312053492,-4480.424168917599,equity_%,-8.936711835242716e-08,2396.854915516676,3.3410666150931517e-07,6.682133230186304e-09,"Method: equity_%, ATR: 5986112.31, Risk: 2396.85"
2024-01-08 18:00:00,USDJPY,4380079.145643458,-4299.25105966156,equity_%,-1.271978396165423e-07,2395.2701380266053,4.5661275367347017e-07,9.132255073469403e-09,"Method: equity_%, ATR: 4380079.15, Risk: 2395.27"
2024-01-08 19:00:00,USDJPY,2748234.0065843617,-4131.588736956833,equity_%,-2.1135906517816235e-07,2399.89186463256,7.277400669696599e-07,1.4554801339393198e-08,"Method: equity_%, ATR: 2748234.01, Risk: 2399.89"
2024-01-08 20:00:00,USDJPY,2368596.403280244,-3981.895562514695,equity_%,-2.5447192796005677e-07,2400.052881143522,8.443819289897683e-07,1.6887638579795365e-08,"Method: equity_%, ATR: 2368596.40, Risk: 2400.05"
2024-01-08 21:00:00,USDJPY,1442712.357718101,-3952.7615330250246,equity_%,-4.2039266578711267e-07,2397.3723769031517,1.3862777214741169e-06,2.772555442948234e-08,"Method: equity_%, ATR: 1442712.36, Risk: 2397.37"
2024-01-08 22:00:00,USDJPY,2736282.9386728983,-3832.2069357736796,equity_%,-2.2829079245829943e-07,2393.8578103591567,7.309185653768697e-07,1.4618371307537394e-08,"Method: equity_%, ATR: 2736282.94, Risk: 2393.86"
2024-01-08 23:00:00,USDJPY,1351896.5017506434,-3917.009287439178,equity_%,-4.515693387951946e-07,2391.236281628367,1.4794031920417669e-06,2.958806384083534e-08,"Method: equity_%, ATR: 1351896.50, Risk: 2391.24"
2024-01-09 00:00:00,USDJPY,1772639.8525097102,-3820.1040487266187,equity_%,-3.540757737811878e-07,2397.6838267779467,1.1282607672214931e-06,2.2565215344429864e-08,"Method: equity_%, ATR: 1772639.85, Risk: 2397.68"
2024-01-09 01:00:00,USDJPY,1851406.740533157,-3848.1110249896983,equity_%,-3.3624646965318073e-07,2395.560632838892,1.080259651330886e-06,2.1605193026617715e-08,"Method: equity_%, ATR: 1851406.74, Risk: 2395.56"
2024-01-09 02:00:00,USDJPY,1555525.9991103048,-3851.4017695471834,equity_%,-4.0105272341813346e-07,2402.6890534619374,1.285738715485254e-06,2.571477430970508e-08,"Method: equity_%, ATR: 1555526.00, Risk: 2402.69"
2024-01-09 03:00:00,USDJPY,7248489.449380168,-3515.4644284278843,equity_%,-9.422358134785802e-08,2400.9870977127744,2.759195573045945e-07,5.51839114609189e-09,"Method: equity_%, ATR: 7248489.45, Risk: 2400.99"
2024-01-09 04:00:00,USDJPY,923815.0833792133,-3528.5703136805228,equity_%,-7.359362202976589e-07,2398.9655025469424,2.164935424830066e-06,4.329870849660131e-08,"Method: equity_%, ATR: 923815.08, Risk: 2398.97"
2024-01-09 05:00:00,USDJPY,3295217.824506003,-3707.049228735498,equity_%,-1.964453862408613e-07,2399.6854312685373,6.069401497911072e-07,1.2138802995822146e-08,"Method: equity_%, ATR: 3295217.82, Risk: 2399.69"
2024-01-09 06:00:00,USDJPY,1229938.029935479,-3656.859750680447,equity_%,-5.344856676372789e-07,2403.9620012012447,1.6260981865118175e-06,3.252196373023635e-08,"Method: equity_%, ATR: 1229938.03, Risk: 2403.96"
2024-01-09 07:00:00,USDJPY,3105293.41714227,-3478.754897039542,equity_%,-2.228296498064388e-07,2407.1294767221457,6.440615205504651e-07,1.2881230411009301e-08,"Method: equity_%, ATR: 3105293.42, Risk: 2407.13"
2024-01-09 08:00:00,USDJPY,1386048.6117955635,-3440.487805723194,equity_%,-5.048654873815899e-07,2407.5436421628333,1.4429508337439118e-06,2.8859016674878238e-08,"Method: equity_%, ATR: 1386048.61, Risk: 2407.54"
2024-01-09 09:00:00,USDJPY,1540491.2783487272,-3438.5581773005665,equity_%,-4.543340534822932e-07,2406.638776836758,1.2982871296381673e-06,2.5965742592763344e-08,"Method: equity_%, ATR: 1540491.28, Risk: 2406.64"
2024-01-09 10:00:00,USDJPY,1669471.281024562,-3514.2180021349664,equity_%,-4.1088880441326436e-07,2410.6377864232004,1.197984070006039e-06,2.395968140012078e-08,"Method: equity_%, ATR: 1669471.28, Risk: 2410.64"
2024-01-09 11:00:00,USDJPY,1721185.7405988576,-3417.031237954136,equity_%,-4.098378177617485e-07,2410.397781430778,1.1619896405277758e-06,2.3239792810555515e-08,"Method: equity_%, ATR: 1721185.74, Risk: 2410.40"
2024-01-09 12:00:00,USDJPY,2207356.9236429874,-3490.358468915996,equity_%,-3.127081846802271e-07,2409.2498683464023,9.06060990217763e-07,1.812121980435526e-08,"Method: equity_%, ATR: 2207356.92, Risk: 2409.25"
2024-01-09 13:00:00,USDJPY,3036280.267174034,-3411.361001703749,equity_%,-2.3277361342177367e-07,2411.033728039756,6.587007206226933e-07,1.3174014412453863e-08,"Method: equity_%, ATR: 3036280.27, Risk: 2411.03"
2024-01-09 14:00:00,USDJPY,2139060.2163397307,-3311.5145932336764,equity_%,-3.410327851858894e-07,2415.715665494204,9.349900412912712e-07,1.869980082582542e-08,"Method: equity_%, ATR: 2139060.22, Risk: 2415.72"
2024-01-09 15:00:00,USDJPY,3041978.8129348764,-3462.455323095048,equity_%,-2.296075654629939e-07,2418.3912173030776,6.574667750793491e-07,1.3149335501586983e-08,"Method: equity_%, ATR: 3041978.81, Risk: 2418.39"
2024-01-09 16:00:00,USDJPY,2421085.8173513226,-3361.084318396345,equity_%,-2.9672041231838675e-07,2414.5545141640273,8.260756333652016e-07,1.6521512667304028e-08,"Method: equity_%, ATR: 2421085.82, Risk: 2414.55"
2024-01-09 17:00:00,USDJPY,1166925.972082313,-3352.212959872135,equity_%,-6.183183864351448e-07,2418.728197777903,1.713904778750544e-06,3.427809557501088e-08,"Method: equity_%, ATR: 1166925.97, Risk: 2418.73"
2024-01-09 18:00:00,USDJPY,1998585.5748141694,-3228.8486786473463,equity_%,-3.749110910104233e-07,2419.3501558480966,1.0007077130965295e-06,2.0014154261930588e-08,"Method: equity_%, ATR: 1998585.57, Risk: 2419.35"
2024-01-09 19:00:00,USDJPY,1463092.4516109917,-3248.6281215203003,equity_%,-5.087648933550857e-07,2418.181558828636,1.366967615612962e-06,2.733935231225924e-08,"Method: equity_%, ATR: 1463092.45, Risk: 2418.18"
2024-01-09 20:00:00,USDJPY,661525.8005018905,-3229.883237159367,equity_%,-1.131563636229491e-06,2417.7566812684645,3.0233136764773615e-06,6.046627352954723e-08,"Method: equity_%, ATR: 661525.80, Risk: 2417.76"
2024-01-09 21:00:00,USDJPY,771905.9459603113,-3175.965078745778,equity_%,-9.86041243784016e-07,2417.3257908952037,2.5909892396434955e-06,5.181978479286991e-08,"Method: equity_%, ATR: 771905.95, Risk: 2417.33"
2024-01-09 22:00:00,USDJPY,1433040.6065507531,-3166.378028040525,equity_%,-5.319517165070738e-07,2413.7566015312386,1.395633864705262e-06,2.7912677294105234e-08,"Method: equity_%, ATR: 1433040.61, Risk: 2413.76"
2024-01-09 23:00:00,USDJPY,3558590.1886651847,-3088.0045193234832,equity_%,-2.1968006220135665e-07,2414.0515906039564,5.620203209603614e-07,1.1240406419207229e-08,"Method: equity_%, ATR: 3558590.19, Risk: 2414.05"
2024-01-10 00:00:00,USDJPY,443665.43176673073,-3072.4559154405215,equity_%,-1.7701063240590605e-06,2412.907124987036,4.507901352683152e-06,9.015802705366304e-08,"Method: equity_%, ATR: 443665.43, Risk: 2412.91"
2024-01-10 01:00:00,USDJPY,1628916.5268232909,-3220.124702362186,equity_%,-4.6020710773431944e-07,2413.930944380476,1.2278099995095484e-06,2.4556199990190967e-08,"Method: equity_%, ATR: 1628916.53, Risk: 2413.93"
2024-01-10 02:00:00,USDJPY,2047795.3439205838,-3279.487526642909,equity_%,-3.592380904340896e-07,2412.5421727346743,9.766600973761967e-07,1.953320194752394e-08,"Method: equity_%, ATR: 2047795.34, Risk: 2412.54"
2024-01-10 03:00:00,USDJPY,612459.9172895296,-3279.692554375153,equity_%,-1.2012546340850586e-06,2412.9364353885094,3.265519821853967e-06,6.531039643707932e-08,"Method: equity_%, ATR: 612459.92, Risk: 2412.94"
2024-01-10 04:00:00,USDJPY,1822675.6850401626,-3360.81025438011,equity_%,-3.9375450811228166e-07,2412.0090486928157,1.0972879138155235e-06,2.194575827631047e-08,"Method: equity_%, ATR: 1822675.69, Risk: 2412.01"
2024-01-10 05:00:00,USDJPY,2342598.517777401,-3308.8492412999594,equity_%,-3.117203074680482e-07,2416.239280190886,8.537527812907309e-07,1.707505562581462e-08,"Method: equity_%, ATR: 2342598.52, Risk: 2416.24"
2024-01-10 06:00:00,USDJPY,4979836.589402393,-3143.8353282081807,equity_%,-1.5454902588526688e-07,2419.5865064410773,4.016196041966933e-07,8.032392083933866e-09,"Method: equity_%, ATR: 4979836.59, Risk: 2419.59"
2024-01-10 07:00:00,USDJPY,1822787.076007744,-3289.0444642866746,equity_%,-4.045163696866001e-07,2425.167761604482,1.0972208582805988e-06,2.1944417165611976e-08,"Method: equity_%, ATR: 1822787.08, Risk: 2425.17"
2024-01-10 08:00:00,USDJPY,4509371.339418762,-2999.390565274481,equity_%,-1.7945307261446005e-07,2427.1684601556876,4.4352080355790597e-07,8.870416071158119e-09,"Method: equity_%, ATR: 4509371.34, Risk: 2427.17"
2024-01-10 09:00:00,USDJPY,2890006.416864485,-2804.4242981443213,equity_%,-2.9972089056985416e-07,2429.179137887811,6.920399859076789e-07,1.3840799718153579e-08,"Method: equity_%, ATR: 2890006.42, Risk: 2429.18"
2024-01-10 10:00:00,USDJPY,2565501.70465287,-2673.41413391644,equity_%,-3.5383074444492294e-07,2426.800710941259,7.795746135630082e-07,1.5591492271260166e-08,"Method: equity_%, ATR: 2565501.70, Risk: 2426.80"
2024-01-10 11:00:00,USDJPY,1886316.4730085009,-2730.885174265464,equity_%,-4.7159490075538334e-07,2429.3332684480442,1.0602674729390366e-06,2.1205349458780734e-08,"Method: equity_%, ATR: 1886316.47, Risk: 2429.33"
2024-01-10 12:00:00,USDJPY,4756815.573212911,-2502.9554103986015,equity_%,-2.0398623104898368e-07,2428.679909679104,4.204493466727224e-07,8.408986933454448e-09,"Method: equity_%, ATR: 4756815.57, Risk: 2428.68"
2024-01-10 13:00:00,USDJPY,1119485.3118617765,-2494.4138790589814,equity_%,-8.737890860342533e-07,2440.0208084481715,1.7865352754596398e-06,3.573070550919279e-08,"Method: equity_%, ATR: 1119485.31, Risk: 2440.02"
2024-01-10 14:00:00,USDJPY,1471893.5638305312,-2572.5697328142355,equity_%,-6.444765467468074e-07,2440.3419154866488,1.3587939027296902e-06,2.7175878054593807e-08,"Method: equity_%, ATR: 1471893.56, Risk: 2440.34"
2024-01-10 15:00:00,USDJPY,2636349.2625662,-2735.294551584737,equity_%,-3.3862175074651543e-07,2441.8663834711897,7.586248257763909e-07,1.517249651552782e-08,"Method: equity_%, ATR: 2636349.26, Risk: 2441.87"
2024-01-10 16:00:00,USDJPY,2533160.023570431,-2762.361658791818,equity_%,-3.489700604975099e-07,2441.919437726437,7.895276971807907e-07,1.5790553943615815e-08,"Method: equity_%, ATR: 2533160.02, Risk: 2441.92"
2024-01-10 17:00:00,USDJPY,7337131.37782368,-3108.5569023739417,equity_%,-1.0678379573999695e-07,2435.513108469328,2.725860962562231e-07,5.451721925124462e-09,"Method: equity_%, ATR: 7337131.38, Risk: 2435.51"
2024-01-10 18:00:00,USDJPY,4028914.4669066854,-3401.3628866247986,equity_%,-1.7766330421505382e-07,2434.6624133744795,4.964116305838474e-07,9.928232611676949e-09,"Method: equity_%, ATR: 4028914.47, Risk: 2434.66"
2024-01-10 19:00:00,USDJPY,2243981.960247238,-3271.5295192590243,equity_%,-3.314194409111002e-07,2433.03403896345,8.912727621837225e-07,1.7825455243674447e-08,"Method: equity_%, ATR: 2243981.96, Risk: 2433.03"
2024-01-10 20:00:00,USDJPY,2386857.948511965,-3380.5683950051616,equity_%,-3.013840575835659e-07,2431.848836047104,8.379216707248361e-07,1.675843341449672e-08,"Method: equity_%, ATR: 2386857.95, Risk: 2431.85"
2024-01-10 21:00:00,USDJPY,1709956.1617386462,-3379.290118542074,equity_%,-4.212950900550511e-07,2434.4275409478646,1.169620628148995e-06,2.33924125629799e-08,"Method: equity_%, ATR: 1709956.16, Risk: 2434.43"
2024-01-10 22:00:00,USDJPY,4468491.688810941,-3078.469460892409,equity_%,-1.7718894496287311e-07,2437.4315391211076,4.475783193259552e-07,8.951566386519104e-09,"Method: equity_%, ATR: 4468491.69, Risk: 2437.43"
2024-01-10 23:00:00,USDJPY,4887225.820092467,-3009.490182577063,equity_%,-1.6541208320533408e-07,2432.8905344615328,4.0923011819457117e-07,8.184602363891423e-09,"Method: equity_%, ATR: 4887225.82, Risk: 2432.89"
2024-01-11 00:00:00,USDJPY,2616454.020003607,-2974.3646496867054,equity_%,-3.1272032954786365e-07,2433.6797757690047,7.643933295633619e-07,1.5287866591267234e-08,"Method: equity_%, ATR: 2616454.02, Risk: 2433.68"
2024-01-11 01:00:00,USDJPY,603239.2290511188,-2968.3439492899784,equity_%,-1.3591493938275897e-06,2433.7221474048474,3.3154342484422857e-06,6.63086849688457e-08,"Method: equity_%, ATR: 603239.23, Risk: 2433.72"
2024-01-11 02:00:00,USDJPY,1572625.4036613454,-2953.561448860763,equity_%,-5.251768057319699e-07,2439.365262375955,1.271758675234199e-06,2.543517350468398e-08,"Method: equity_%, ATR: 1572625.40, Risk: 2439.37"
2024-01-11 03:00:00,USDJPY,917875.6693954438,-2908.376500215558,equity_%,-9.150089347228107e-07,2442.6419961881966,2.178944345825502e-06,4.357888691651004e-08,"Method: equity_%, ATR: 917875.67, Risk: 2442.64"
2024-01-11 04:00:00,USDJPY,979756.2709336262,-2969.5018162297515,equity_%,-8.398992302792532e-07,2443.592763620985,2.041324010199155e-06,4.08264802039831e-08,"Method: equity_%, ATR: 979756.27, Risk: 2443.59"
2024-01-11 05:00:00,USDJPY,3780160.934847004,-3095.771387725874,equity_%,-2.0878661385772907e-07,2443.328284856779,5.290780034159967e-07,1.0581560068319934e-08,"Method: equity_%, ATR: 3780160.93, Risk: 2443.33"
2024-01-11 06:00:00,USDJPY,3229278.723058942,-3010.8688179105957,equity_%,-2.5092909838484015e-07,2439.7672157436227,6.193333470161088e-07,1.2386666940322175e-08,"Method: equity_%, ATR: 3229278.72, Risk: 2439.77"
2024-01-11 07:00:00,USDJPY,1882391.442300227,-3063.7821612244047,equity_%,-4.231071322091975e-07,2440.1592438108705,1.0624782683648723e-06,2.1249565367297446e-08,"Method: equity_%, ATR: 1882391.44, Risk: 2440.16"
2024-01-11 08:00:00,USDJPY,1371345.1757409575,-3098.864171897998,equity_%,-5.74281223491657e-07,2440.472627049092,1.4584220190364335e-06,2.9168440380728672e-08,"Method: equity_%, ATR: 1371345.18, Risk: 2440.47"
2024-01-11 09:00:00,USDJPY,2064274.1085015724,-3120.586728873103,equity_%,-3.785714947624804e-07,2438.6615588899494,9.688635786125187e-07,1.9377271572250373e-08,"Method: equity_%, ATR: 2064274.11, Risk: 2438.66"
2024-01-11 10:00:00,USDJPY,3145575.8714832836,-3013.248494281227,equity_%,-2.5786037738323174e-07,2444.104254409458,6.358136257755906e-07,1.2716272515511812e-08,"Method: equity_%, ATR: 3145575.87, Risk: 2444.10"
2024-01-11 11:00:00,USDJPY,4578904.966321079,-2859.8518922286075,equity_%,-1.8682144780935908e-07,2446.4249968774907,4.367856539304636e-07,8.735713078609272e-09,"Method: equity_%, ATR: 4578904.97, Risk: 2446.42"
2024-01-11 12:00:00,USDJPY,1549878.4494590564,-2818.0301909206305,equity_%,-5.600160996501302e-07,2445.928704086949,1.2904237752954412e-06,2.5808475505908825e-08,"Method: equity_%, ATR: 1549878.45, Risk: 2445.93"
2024-01-11 13:00:00,USDJPY,1773470.2565924544,-2760.12101827083,equity_%,-4.996157827433691e-07,2445.6155246482003,1.1277324739817175e-06,2.2554649479634352e-08,"Method: equity_%, ATR: 1773470.26, Risk: 2445.62"
2024-01-11 14:00:00,USDJPY,2545666.12105225,-2605.692284239461,equity_%,-3.6908353637725427e-07,2448.213243667122,7.856489833683691e-07,1.5712979667367382e-08,"Method: equity_%, ATR: 2545666.12, Risk: 2448.21"
2024-01-11 15:00:00,USDJPY,2287870.5406911466,-2563.2128368347367,equity_%,-4.178807559959677e-07,2450.577757556544,8.741753365974181e-07,1.7483506731948362e-08,"Method: equity_%, ATR: 2287870.54, Risk: 2450.58"
2024-01-11 16:00:00,USDJPY,2479053.387156846,-2696.6104603862996,equity_%,-3.668138945232249e-07,2452.1660327108175,8.067595519972813e-07,1.613519103994563e-08,"Method: equity_%, ATR: 2479053.39, Risk: 2452.17"
2024-01-11 17:00:00,USDJPY,3173600.571825009,-2897.078871555981,equity_%,-2.664471820887961e-07,2449.7609981279234,6.301990293787606e-07,1.2603980587575212e-08,"Method: equity_%, ATR: 3173600.57, Risk: 2449.76"
2024-01-11 18:00:00,USDJPY,1270171.6987351892,-2872.568229977751,equity_%,-6.709581186391383e-07,2448.0946060675956,1.5745902715290844e-06,3.14918054305817e-08,"Method: equity_%, ATR: 1270171.70, Risk: 2448.09"
2024-01-11 19:00:00,USDJPY,4208877.510490279,-2802.0204379612774,equity_%,-2.0751927330499433e-07,2447.3496641330967,4.751860787146135e-07,9.503721574292271e-09,"Method: equity_%, ATR: 4208877.51, Risk: 2447.35"
2024-01-11 20:00:00,USDJPY,895830.7430962168,-2786.634793373844,equity_%,-9.80735140191382e-07,2448.2612248408386,2.2325645948335017e-06,4.4651291896670035e-08,"Method: equity_%, ATR: 895830.74, Risk: 2448.26"
2024-01-11 21:00:00,USDJPY,2314893.085078288,-2675.2468666461446,equity_%,-3.952260038513673e-07,2447.5992582461768,8.639707867684791e-07,1.7279415735369582e-08,"Method: equity_%, ATR: 2314893.09, Risk: 2447.60"
2024-01-11 22:00:00,USDJPY,4836488.556789913,-2493.6038731141693,equity_%,-2.0287737624892574e-07,2446.759301707574,4.135231535267904e-07,8.270463070535808e-09,"Method: equity_%, ATR: 4836488.56, Risk: 2446.76"
2024-01-11 23:00:00,USDJPY,6007976.363606055,-2401.06620520477,equity_%,-1.696931302518826e-07,2447.916566824363,3.328907903358624e-07,6.657815806717248e-09,"Method: equity_%, ATR: 6007976.36, Risk: 2447.92"
2024-01-12 00:00:00,USDJPY,5056326.821281787,-2637.4546160893296,equity_%,-1.8409501625124833e-07,2455.0603036181265,3.955440521728374e-07,7.910881043456748e-09,"Method: equity_%, ATR: 5056326.82, Risk: 2455.06"
2024-01-12 01:00:00,USDJPY,4596972.765954356,-2492.668578457881,equity_%,-2.1431120821955142e-07,2455.734178748016,4.3506892510049263e-07,8.701378502009853e-09,"Method: equity_%, ATR: 4596972.77, Risk: 2455.73"
2024-01-12 02:00:00,USDJPY,2914546.0938791665,-2226.3289712729097,equity_%,-3.7864317372774586e-07,2456.9165038828382,6.862131994413116e-07,1.372426398882623e-08,"Method: equity_%, ATR: 2914546.09, Risk: 2456.92"
2024-01-12 03:00:00,USDJPY,1696834.3947298308,-2181.292899369274,equity_%,-6.638255932713396e-07,2457.0128998701844,1.1786654055409097e-06,2.3573308110818198e-08,"Method: equity_%, ATR: 1696834.39, Risk: 2457.01"
2024-01-12 04:00:00,USDJPY,588716.6192263248,-2152.193947464986,equity_%,-1.9405424954054175e-06,2458.730107887133,3.397220215438023e-06,6.794440430876046e-08,"Method: equity_%, ATR: 588716.62, Risk: 2458.73"
2024-01-12 05:00:00,USDJPY,1898901.834150447,-2171.182323214089,equity_%,-5.970269985740755e-07,2461.4599826059757,1.0532403329289445e-06,2.106480665857889e-08,"Method: equity_%, ATR: 1898901.83, Risk: 2461.46"
2024-01-12 06:00:00,USDJPY,1356519.1823711712,-2103.4657208515855,equity_%,-8.634067063562158e-07,2463.637443123822,1.4743617532219748e-06,2.9487235064439497e-08,"Method: equity_%, ATR: 1356519.18, Risk: 2463.64"
2024-01-12 07:00:00,USDJPY,1498239.6038440038,-2053.2517241784553,equity_%,-8.010528912918569e-07,2464.2494104367393,1.334899968515476e-06,2.669799937030952e-08,"Method: equity_%, ATR: 1498239.60, Risk: 2464.25"
2024-01-12 08:00:00,USDJPY,2089499.749982383,-2153.1548183755876,equity_%,-5.474138656418636e-07,2462.823989036794,9.571669008416307e-07,1.9143338016832616e-08,"Method: equity_%, ATR: 2089499.75, Risk: 2462.82"
2024-01-12 09:00:00,USDJPY,429007.42133159837,-2122.2305966434496,equity_%,-2.709089990123841e-06,2466.4982303206434,4.661924014722612e-06,9.323848029445224e-08,"Method: equity_%, ATR: 429007.42, Risk: 2466.50"
2024-01-12 10:00:00,USDJPY,2182557.565166053,-2261.8400673381375,equity_%,-4.995646277935067e-07,2466.1488183238093,9.163561282049562e-07,1.832712256409912e-08,"Method: equity_%, ATR: 2182557.57, Risk: 2466.15"
2024-01-12 11:00:00,USDJPY,3088735.0413263333,-2115.4818363532745,equity_%,-3.76917171187809e-07,2462.8381877673355,6.47514264979226e-07,1.2950285299584517e-08,"Method: equity_%, ATR: 3088735.04, Risk: 2462.84"
2024-01-12 12:00:00,USDJPY,1140361.2612160738,-2136.927792434618,equity_%,-1.0113775802750536e-06,2464.595352827229,1.7538301834869535e-06,3.507660366973907e-08,"Method: equity_%, ATR: 1140361.26, Risk: 2464.60"
2024-01-12 13:00:00,USDJPY,2718807.523591481,-2256.4576907001006,equity_%,-4.013180983793227e-07,2462.0360261258948,7.356166196561229e-07,1.471233239312246e-08,"Method: equity_%, ATR: 2718807.52, Risk: 2462.04"
2024-01-12 14:00:00,USDJPY,1173958.2842075424,-2252.327548491664,equity_%,-9.305993052805993e-07,2460.633529615816,1.70363804822082e-06,3.40727609644164e-08,"Method: equity_%, ATR: 1173958.28, Risk: 2460.63"
2024-01-12 15:00:00,USDJPY,5272028.838070173,-2028.2516073722968,equity_%,-2.302118896005273e-07,2461.6559576365507,3.793605955941812e-07,7.587211911883624e-09,"Method: equity_%, ATR: 5272028.84, Risk: 2461.66"
2024-01-12 16:00:00,USDJPY,1146396.6048968337,-2044.3789286543054,equity_%,-1.049053678659854e-06,2458.634652030026,1.7445969322108935e-06,3.489193864421787e-08,"Method: equity_%, ATR: 1146396.60, Risk: 2458.63"
2024-01-12 17:00:00,USDJPY,2443840.694300634,-2073.7486685098947,equity_%,-4.850033580136068e-07,2457.9540402556663,8.183839497657394e-07,1.6367678995314788e-08,"Method: equity_%, ATR: 2443840.69, Risk: 2457.95"
2024-01-12 18:00:00,USDJPY,3631936.479788583,-2323.1377669830713,equity_%,-2.9151558026035973e-07,2459.6594444868783,5.506704236513579e-07,1.1013408473027158e-08,"Method: equity_%, ATR: 3631936.48, Risk: 2459.66"
2024-01-12 19:00:00,USDJPY,5314272.587880682,-2464.567371326104,equity_%,-1.8783844745475293e-07,2460.1920550845734,3.7634501560214373e-07,7.526900312042874e-09,"Method: equity_%, ATR: 5314272.59, Risk: 2460.19"
2024-01-12 20:00:00,USDJPY,1824210.3250993933,-2542.11420493966,equity_%,-5.305465921214851e-07,2460.330759033721,1.0963648064490749e-06,2.1927296128981492e-08,"Method: equity_%, ATR: 1824210.33, Risk: 2460.33"
2024-01-12 21:00:00,USDJPY,781872.724431696,-2565.101578751784,equity_%,-1.2278994354162162e-06,2462.6541840466793,2.5579610817779833e-06,5.115922163555967e-08,"Method: equity_%, ATR: 781872.72, Risk: 2462.65"
2024-01-12 22:00:00,USDJPY,2683887.8221853566,-2423.756734123315,equity_%,-3.78759939963573e-07,2463.867945799338,7.451876279879311e-07,1.4903752559758622e-08,"Method: equity_%, ATR: 2683887.82, Risk: 2463.87"
2024-01-12 23:00:00,USDJPY,3017368.891677156,-2157.9127083178964,equity_%,-3.784411576103729e-07,2464.113133590733,6.628291308751222e-07,1.3256582617502444e-08,"Method: equity_%, ATR: 3017368.89, Risk: 2464.11"
2024-01-13 00:00:00,USDJPY,2654915.6289758137,-2292.165765400543,equity_%,-4.044046589706166e-07,2461.007267648022,7.533196076635924e-07,1.506639215327185e-08,"Method: equity_%, ATR: 2654915.63, Risk: 2461.01"
2024-01-13 01:00:00,USDJPY,1733089.0225090298,-2222.5110119126866,equity_%,-6.387231526714756e-07,2460.2398671870283,1.154008809717436e-06,2.308017619434872e-08,"Method: equity_%, ATR: 1733089.02, Risk: 2460.24"
2024-01-13 02:00:00,USDJPY,4094687.1466519064,-2059.051038902477,equity_%,-2.918642000466389e-07,2460.7566359331317,4.884378044938879e-07,9.768756089877759e-09,"Method: equity_%, ATR: 4094687.15, Risk: 2460.76"
2024-01-13 03:00:00,USDJPY,3190026.9357614843,-2147.0296069510664,equity_%,-3.589905860273621e-07,2458.756060747254,6.26953953767348e-07,1.2539079075346958e-08,"Method: equity_%, ATR: 3190026.94, Risk: 2458.76"
2024-01-13 04:00:00,USDJPY,1272899.874857535,-2170.669898079708,equity_%,-8.901781607033165e-07,2459.602709163359,1.57121548953239e-06,3.14243097906478e-08,"Method: equity_%, ATR: 1272899.87, Risk: 2459.60"
2024-01-13 05:00:00,USDJPY,2662198.9708807427,-2145.156688713791,equity_%,-4.3091626857796834e-07,2460.8912471840763,7.512586481611983e-07,1.5025172963223966e-08,"Method: equity_%, ATR: 2662198.97, Risk: 2460.89"
2024-01-13 06:00:00,USDJPY,2189528.3157513724,-2136.0843863510927,equity_%,-5.271946708638623e-07,2465.6985690794218,9.134387464240979e-07,1.826877492848196e-08,"Method: equity_%, ATR: 2189528.32, Risk: 2465.70"
2024-01-13 07:00:00,USDJPY,1744485.827562562,-2093.059009110985,equity_%,-6.757267094133167e-07,2467.2888925509897,1.146469617809649e-06,2.2929392356192987e-08,"Method: equity_%, ATR: 1744485.83, Risk: 2467.29"
2024-01-13 08:00:00,USDJPY,10191802.173085053,-2358.6781570003495,equity_%,-1.0273449572222204e-07,2469.653154676929,1.9623614803686887e-07,3.924722960737377e-09,"Method: equity_%, ATR: 10191802.17, Risk: 2469.65"
2024-01-13 09:00:00,USDJPY,1721960.8671598644,-2367.331818632846,equity_%,-6.061954687852052e-07,2471.1271865357385,1.1614665804216114e-06,2.3229331608432225e-08,"Method: equity_%, ATR: 1721960.87, Risk: 2471.13"
2024-01-13 10:00:00,USDJPY,943328.5105336154,-2437.3127979717124,equity_%,-1.074793239400463e-06,2471.150269060818,2.12015218205231e-06,4.24030436410462e-08,"Method: equity_%, ATR: 943328.51, Risk: 2471.15"
2024-01-13 11:00:00,USDJPY,2311172.8895068653,-2270.84535608689,equity_%,-4.704077371038024e-07,2468.848558184482,8.653614833751101e-07,1.7307229667502197e-08,"Method: equity_%, ATR: 2311172.89, Risk: 2468.85"
2024-01-13 12:00:00,USDJPY,648406.2023675051,-2302.230487631558,equity_%,-1.6531706467511653e-06,2467.820950038375,3.0844862259143477e-06,6.168972451828695e-08,"Method: equity_%, ATR: 648406.20, Risk: 2467.82"
2024-01-13 13:00:00,USDJPY,3987516.3313403483,-2377.0533910097333,equity_%,-2.6035773366194764e-07,2467.810988995064,5.01565343891075e-07,1.00313068778215e-08,"Method: equity_%, ATR: 3987516.33, Risk: 2467.81"
2024-01-13 14:00:00,USDJPY,1460103.1982589667,-2377.7808982561955,equity_%,-7.113532777546662e-07,2469.6802180990626,1.3697661935024926e-06,2.7395323870049852e-08,"Method: equity_%, ATR: 1460103.20, Risk: 2469.68"
2024-01-13 15:00:00,USDJPY,1404507.0999143082,-2412.9536593507737,equity_%,-7.304842328020059e-07,2475.618768888205,1.4239871055988425e-06,2.8479742111976854e-08,"Method: equity_%, ATR: 1404507.10, Risk: 2475.62"
2024-01-13 16:00:00,USDJPY,855624.7064781246,-2471.956747241388,equity_%,-1.1725188907839922e-06,2479.9563249980565,2.337473409612364e-06,4.674946819224728e-08,"Method: equity_%, ATR: 855624.71, Risk: 2479.96"
2024-01-13 17:00:00,USDJPY,2585092.6020410135,-2393.6187902497163,equity_%,-4.0099013287141913e-07,2481.2171618488387,7.736666757782432e-07,1.5473333515564863e-08,"Method: equity_%, ATR: 2585092.60, Risk: 2481.22"
2024-01-13 18:00:00,USDJPY,2763703.209930254,-2295.393629583652,equity_%,-3.904009438985096e-07,2476.620332019885,7.236667066180644e-07,1.447333413236129e-08,"Method: equity_%, ATR: 2763703.21, Risk: 2476.62"
2024-01-13 19:00:00,USDJPY,2026578.5826065713,-2319.023797310206,equity_%,-5.273523399436246e-07,2478.389333398461,9.868849977816375e-07,1.973769995563275e-08,"Method: equity_%, ATR: 2026578.58, Risk: 2478.39"
2024-01-13 20:00:00,USDJPY,3178982.7945670187,-2179.521042293849,equity_%,-3.5803312706786666e-07,2480.6897681844425,6.291320618085957e-07,1.2582641236171914e-08,"Method: equity_%, ATR: 3178982.79, Risk: 2480.69"
2024-01-13 21:00:00,USDJPY,2763822.618802244,-2068.5630105429755,equity_%,-4.339062222815993e-07,2480.703156378075,7.236354411437369e-07,1.4472708822874738e-08,"Method: equity_%, ATR: 2763822.62, Risk: 2480.70"
2024-01-13 22:00:00,USDJPY,4262131.452517428,-2317.6341718439753,equity_%,-2.512079113484089e-07,2481.447197396567,4.692487836851441e-07,9.384975673702883e-09,"Method: equity_%, ATR: 4262131.45, Risk: 2481.45"
2024-01-13 23:00:00,USDJPY,1241186.536002774,-2330.881689539425,equity_%,-8.57528034866733e-07,2480.8791733591875,1.6113613401261792e-06,3.222722680252358e-08,"Method: equity_%, ATR: 1241186.54, Risk: 2480.88"
2024-01-14 00:00:00,USDJPY,1825505.8308508159,-2361.94317448259,equity_%,-5.749807352418771e-07,2479.1680317166774,1.095586749820381e-06,2.191173499640762e-08,"Method: equity_%, ATR: 1825505.83, Risk: 2479.17"
2024-01-14 01:00:00,USDJPY,863384.6388513166,-2323.7807620796843,equity_%,-1.2364644372723251e-06,2480.739143166372,2.316464655499181e-06,4.632929310998362e-08,"Method: equity_%, ATR: 863384.64, Risk: 2480.74"
2024-01-14 02:00:00,USDJPY,5399734.881491235,-1878.3769576044492,equity_%,-2.445034644519105e-07,2479.934476986,3.703885549743256e-07,7.407771099486513e-09,"Method: equity_%, ATR: 5399734.88, Risk: 2479.93"
2024-01-14 03:00:00,USDJPY,1683058.8635799245,-1755.4696936954856,equity_%,-8.386551243011831e-07,2477.8559009167766,1.1883125678361188e-06,2.3766251356722377e-08,"Method: equity_%, ATR: 1683058.86, Risk: 2477.86"
2024-01-14 04:00:00,USDJPY,2749260.17524293,-1636.9068844343053,equity_%,-5.503886089395083e-07,2476.9044495442677,7.274684360578118e-07,1.4549368721156235e-08,"Method: equity_%, ATR: 2749260.18, Risk: 2476.90"
2024-01-14 05:00:00,USDJPY,2572125.1411997876,-1534.4981535769389,equity_%,-6.276401939737575e-07,2477.246437740628,7.775671439792718e-07,1.5551342879585437e-08,"Method: equity_%, ATR: 2572125.14, Risk: 2477.25"
2024-01-14 06:00:00,USDJPY,2354534.1933040502,-1530.565248803789,equity_%,-6.872395785025355e-07,2476.65214799197,8.494249120219644e-07,1.6988498240439288e-08,"Method: equity_%, ATR: 2354534.19, Risk: 2476.65"
2024-01-14 07:00:00,USDJPY,5876870.201615584,-1871.7529207058633,equity_%,-2.252587721339713e-07,2477.8575231530535,3.403171979959995e-07,6.806343959919989e-09,"Method: equity_%, ATR: 5876870.20, Risk: 2477.86"
2024-01-14 08:00:00,USDJPY,1657040.981117159,-1865.7513180710062,equity_%,-8.019333196666986e-07,2479.2782178044076,1.2069707525589512e-06,2.4139415051179026e-08,"Method: equity_%, ATR: 1657040.98, Risk: 2479.28"
2024-01-14 09:00:00,USDJPY,3383420.536766432,-2054.528873550255,equity_%,-3.570761759929786e-07,2482.156185601564,5.911177692121653e-07,1.1822355384243304e-08,"Method: equity_%, ATR: 3383420.54, Risk: 2482.16"
2024-01-14 10:00:00,USDJPY,4168171.620496173,-2071.314012291592,equity_%,-2.8728128556265563e-07,2480.2694901328646,4.798266919158005e-07,9.59653383831601e-09,"Method: equity_%, ATR: 4168171.62, Risk: 2480.27"
2024-01-14 11:00:00,USDJPY,1853890.0498441807,-1960.5283224711304,equity_%,-6.822223306396735e-07,2479.607977357492,1.0788126297824945e-06,2.157625259564989e-08,"Method: equity_%, ATR: 1853890.05, Risk: 2479.61"
2024-01-14 12:00:00,USDJPY,1586044.4444510562,-1898.0398542534374,equity_%,-8.237986779028426e-07,2479.943411414518,1.260998710973839e-06,2.5219974219476777e-08,"Method: equity_%, ATR: 1586044.44, Risk: 2479.94"
2024-01-14 13:00:00,USDJPY,2050442.4138186097,-1779.5086994282758,equity_%,-6.797589143609517e-07,2480.290808400206,9.753992536056308e-07,1.9507985072112617e-08,"Method: equity_%, ATR: 2050442.41, Risk: 2480.29"
2024-01-14 14:00:00,USDJPY,2840340.068796909,-1781.2735690794016,equity_%,-4.90223238322528e-07,2480.246575989766,7.04141036480588e-07,1.4082820729611761e-08,"Method: equity_%, ATR: 2840340.07, Risk: 2480.25"
2024-01-14 15:00:00,USDJPY,1599609.0618710786,-1767.458111825996,equity_%,-8.766286505650141e-07,2478.441349935635,1.2503054950567612e-06,2.5006109901135222e-08,"Method: equity_%, ATR: 1599609.06, Risk: 2478.44"
2024-01-14 16:00:00,USDJPY,1070906.8326731971,-1806.958362135831,equity_%,-1.2820179816918231e-06,2480.8125563479434,1.8675760943719083e-06,3.735152188743816e-08,"Method: equity_%, ATR: 1070906.83, Risk: 2480.81"
2024-01-14 17:00:00,USDJPY,1545105.2865359043,-1729.1868395465742,equity_%,-9.285755977160641e-07,2480.945742840327,1.2944101721921883e-06,2.5888203443843764e-08,"Method: equity_%, ATR: 1545105.29, Risk: 2480.95"
2024-01-14 18:00:00,USDJPY,1498005.8543795235,-1785.1398118166876,equity_%,-9.269929299252819e-07,2478.9180406517594,1.3351082668688255e-06,2.6702165337376508e-08,"Method: equity_%, ATR: 1498005.85, Risk: 2478.92"
2024-01-14 19:00:00,USDJPY,1555779.5516338274,-1744.739340246976,equity_%,-9.143262709403517e-07,2481.8744662370377,1.2855291727543707e-06,2.5710583455087414e-08,"Method: equity_%, ATR: 1555779.55, Risk: 2481.87"
2024-01-14 20:00:00,USDJPY,821849.374863973,-1677.8923238012298,equity_%,-1.8027291064495335e-06,2485.9179322333575,2.433535950953332e-06,4.8670719019066645e-08,"Method: equity_%, ATR: 821849.37, Risk: 2485.92"
2024-01-14 21:00:00,USDJPY,1922704.8003159438,-1806.3326726323521,equity_%,-7.15496008222857e-07,2484.949476586657,1.0402012829381582e-06,2.0804025658763166e-08,"Method: equity_%, ATR: 1922704.80, Risk: 2484.95"
2024-01-14 22:00:00,USDJPY,1267977.650781022,-1703.7230856639478,equity_%,-1.1512482120562869e-06,2487.0217061334347,1.5773148673149584e-06,3.1546297346299166e-08,"Method: equity_%, ATR: 1267977.65, Risk: 2487.02"
2024-01-14 23:00:00,USDJPY,1201501.041773845,-1777.3720947332033,equity_%,-1.1658759874678724e-06,2489.7449871819817,1.6645844909524883e-06,3.3291689819049766e-08,"Method: equity_%, ATR: 1201501.04, Risk: 2489.74"
2024-01-15 00:00:00,USDJPY,3300224.837123451,-1761.442414096381,equity_%,-4.2831988693038424e-07,2489.8903224120236,6.060193164727662e-07,1.2120386329455327e-08,"Method: equity_%, ATR: 3300224.84, Risk: 2489.89"
2024-01-15 01:00:00,USDJPY,3788858.1276952755,-1999.9005406884785,equity_%,-3.286092588493136e-07,2489.98389025444,5.278635231498045e-07,1.055727046299609e-08,"Method: equity_%, ATR: 3788858.13, Risk: 2489.98"
2024-01-15 02:00:00,USDJPY,864188.0480909344,-1957.0934240397105,equity_%,-1.473597555683014e-06,2492.2907509175707,2.314311109044116e-06,4.628622218088232e-08,"Method: equity_%, ATR: 864188.05, Risk: 2492.29"
2024-01-15 03:00:00,USDJPY,3187788.328585659,-1956.0792563923003,equity_%,-3.992987705415084e-07,2489.8540863197,6.27394228802936e-07,1.2547884576058719e-08,"Method: equity_%, ATR: 3187788.33, Risk: 2489.85"
2024-01-15 04:00:00,USDJPY,5737190.836854509,-2142.2623086773515,equity_%,-2.024917447899251e-07,2488.7384954970034,3.4860266232603246e-07,6.972053246520649e-09,"Method: equity_%, ATR: 5737190.84, Risk: 2488.74"
2024-01-15 05:00:00,USDJPY,2389786.301288425,-2091.440862354354,equity_%,-4.973121969501042e-07,2485.614461789402,8.368949135417353e-07,1.6737898270834707e-08,"Method: equity_%, ATR: 2389786.30, Risk: 2485.61"
2024-01-15 06:00:00,USDJPY,3295367.1998156575,-2124.9136987439747,equity_%,-3.547472417438832e-07,2484.07176431565,6.069126378729144e-07,1.2138252757458288e-08,"Method: equity_%, ATR: 3295367.20, Risk: 2484.07"
2024-01-15 07:00:00,USDJPY,1587587.2850721998,-2009.6535177632895,equity_%,-7.778949738383668e-07,2481.874203565076,1.2597732539216227e-06,2.5195465078432456e-08,"Method: equity_%, ATR: 1587587.29, Risk: 2481.87"
2024-01-15 08:00:00,USDJPY,2106774.315717723,-2035.3350881885303,equity_%,-5.788747902188749e-07,2482.21028866295,9.493185791562358e-07,1.898637158312472e-08,"Method: equity_%, ATR: 2106774.32, Risk: 2482.21"
2024-01-15 09:00:00,USDJPY,1740203.7037297373,-2003.5065147728315,equity_%,-7.117327066991549e-07,2481.462813086179,1.1492907386149377e-06,2.2985814772298752e-08,"Method: equity_%, ATR: 1740203.70, Risk: 2481.46"
2024-01-15 10:00:00,USDJPY,2649173.912286751,-1849.0593722738745,equity_%,-5.070537702228061e-07,2483.7926769607284,7.549523233352437e-07,1.5099046466704877e-08,"Method: equity_%, ATR: 2649173.91, Risk: 2483.79"
2024-01-15 11:00:00,USDJPY,4119797.226036749,-2185.93994556746,equity_%,-2.758624019747692e-07,2484.3145366218137,4.854607861183506e-07,9.709215722367012e-09,"Method: equity_%, ATR: 4119797.23, Risk: 2484.31"
2024-01-15 12:00:00,USDJPY,1774476.5630148414,-2198.4704266963327,equity_%,-6.371151037344946e-07,2485.4715502390764,1.1270929364104948e-06,2.2541858728209894e-08,"Method: equity_%, ATR: 1774476.56, Risk: 2485.47"
2024-01-15 13:00:00,USDJPY,2245003.672576645,-2379.8491991310275,equity_%,-4.65285083800059e-07,2485.9112766151434,8.908671395198885e-07,1.781734279039777e-08,"Method: equity_%, ATR: 2245003.67, Risk: 2485.91"
2024-01-15 14:00:00,USDJPY,2205770.6451839204,-2542.4125061430186,equity_%,-4.4325723914346277e-07,2485.777232863553,9.06712583362554e-07,1.813425166725108e-08,"Method: equity_%, ATR: 2205770.65, Risk: 2485.78"
2024-01-15 15:00:00,USDJPY,2593880.795662567,-2495.9338279323865,equity_%,-3.839406150876619e-07,2485.6909851143982,7.710454556525336e-07,1.5420909113050672e-08,"Method: equity_%, ATR: 2593880.80, Risk: 2485.69"
2024-01-15 16:00:00,USDJPY,928690.1259360001,-2476.5142965213113,equity_%,-1.083086956413378e-06,2491.0072592589645,2.153570867337754e-06,4.307141734675508e-08,"Method: equity_%, ATR: 928690.13, Risk: 2491.01"
2024-01-15 17:00:00,USDJPY,2108046.6491835113,-2350.249937484445,equity_%,-5.028992890781518e-07,2491.5825963775906,9.487456080607327e-07,1.8974912161214654e-08,"Method: equity_%, ATR: 2108046.65, Risk: 2491.58"
2024-01-15 18:00:00,USDJPY,1441074.5863324564,-2421.2324139088346,equity_%,-7.144773600215371e-07,2492.937613860771,1.3878532165986024e-06,2.775706433197205e-08,"Method: equity_%, ATR: 1441074.59, Risk: 2492.94"
2024-01-15 19:00:00,USDJPY,488418.46101622196,-2383.170589998853,equity_%,-2.139066809914434e-06,2489.8406366733498,4.094849313923811e-06,8.189698627847624e-08,"Method: equity_%, ATR: 488418.46, Risk: 2489.84"
2024-01-15 20:00:00,USDJPY,2271786.363420006,-2246.9382915872116,equity_%,-4.874548232012085e-07,2488.244230158242,8.803644709747919e-07,1.760728941949584e-08,"Method: equity_%, ATR: 2271786.36, Risk: 2488.24"
2024-01-15 21:00:00,USDJPY,4273995.512573574,-1999.0465485492773,equity_%,-2.913408748214332e-07,2489.191955409578,4.67946209610245e-07,9.3589241922049e-09,"Method: equity_%, ATR: 4273995.51, Risk: 2489.19"
2024-01-15 22:00:00,USDJPY,3178317.6044798484,-2015.91873302298,equity_%,-3.890033698736055e-07,2492.4340609202713,6.29263732856966e-07,1.2585274657139322e-08,"Method: equity_%, ATR: 3178317.60, Risk: 2492.43"
2024-01-15 23:00:00,USDJPY,1943724.1590593543,-2091.613871887519,equity_%,-6.128727047813803e-07,2491.646492601688,1.028952586033545e-06,2.0579051720670896e-08,"Method: equity_%, ATR: 1943724.16, Risk: 2491.65"
2024-01-16 00:00:00,USDJPY,2967041.284742618,-1998.3571310269597,equity_%,-4.202457220204899e-07,2491.724342951608,6.740721843961447e-07,1.3481443687922896e-08,"Method: equity_%, ATR: 2967041.28, Risk: 2491.72"
2024-01-16 01:00:00,USDJPY,2702257.367370855,-1871.7211128698045,equity_%,-4.934071708868751e-07,2495.590396585495,7.401219529085373e-07,1.4802439058170745e-08,"Method: equity_%, ATR: 2702257.37, Risk: 2495.59"
2024-01-16 02:00:00,USDJPY,2462664.8451156826,-1920.8209498359388,equity_%,-5.26816669640031e-07,2492.021030978336,8.121283754737037e-07,1.6242567509474075e-08,"Method: equity_%, ATR: 2462664.85, Risk: 2492.02"
2024-01-16 03:00:00,USDJPY,3924880.414247648,-2220.628293760289,equity_%,-2.863679867440452e-07,2495.8976045342743,5.095696655469631e-07,1.0191393310939261e-08,"Method: equity_%, ATR: 3924880.41, Risk: 2495.90"
2024-01-16 04:00:00,USDJPY,1400794.2384761418,-2184.558783823321,equity_%,-8.154699134057631e-07,2495.4336369333355,1.4277614406636238e-06,2.8555228813272474e-08,"Method: equity_%, ATR: 1400794.24, Risk: 2495.43"
2024-01-16 05:00:00,USDJPY,1448044.825785305,-2280.06471802535,equity_%,-7.55827468811757e-07,2495.4671183805585,1.3811727126025664e-06,2.7623454252051327e-08,"Method: equity_%, ATR: 1448044.83, Risk: 2495.47"
2024-01-16 06:00:00,USDJPY,850775.6664333419,-2244.746982635729,equity_%,-1.3067609163717996e-06,2495.620779733413,2.350795960566768e-06,4.7015919211335355e-08,"Method: equity_%, ATR: 850775.67, Risk: 2495.62"
2024-01-16 07:00:00,USDJPY,7472805.5564094465,-2407.4982606376134,equity_%,-1.3873575921594685e-07,2495.9626324865576,2.6763709893195254e-07,5.352741978639051e-09,"Method: equity_%, ATR: 7472805.56, Risk: 2495.96"
2024-01-16 08:00:00,USDJPY,8784128.162564041,-2158.821119009029,equity_%,-1.3159091942318783e-07,2495.406160588647,2.2768338109222333e-07,4.5536676218444666e-09,"Method: equity_%, ATR: 8784128.16, Risk: 2495.41"
2024-01-16 09:00:00,USDJPY,4089906.5944072525,-1973.148536114191,equity_%,-3.0938903643888095e-07,2496.7674231859755,4.890087227749657e-07,9.780174455499314e-09,"Method: equity_%, ATR: 4089906.59, Risk: 2496.77"
2024-01-16 10:00:00,USDJPY,3238861.042916335,-1818.9736573406155,equity_%,-4.2388616995262793e-07,2497.284218071951,6.175010207289288e-07,1.2350020414578578e-08,"Method: equity_%, ATR: 3238861.04, Risk: 2497.28"
2024-01-16 11:00:00,USDJPY,3112327.7957428284,-1639.5166170627008,equity_%,-4.897907633684228e-07,2499.261763535501,6.426058343647746e-07,1.2852116687295492e-08,"Method: equity_%, ATR: 3112327.80, Risk: 2499.26"
2024-01-16 12:00:00,USDJPY,1797180.9985486038,-1541.4294086590844,equity_%,-9.009360980145752e-07,2495.798084058831,1.1128539649680206e-06,2.225707929936041e-08,"Method: equity_%, ATR: 1797181.00, Risk: 2495.80"
2024-01-16 13:00:00,USDJPY,1828231.0750260104,-1385.7127731577898,equity_%,-9.840999052008942e-07,2493.121802651321,1.0939536185115689e-06,2.1879072370231378e-08,"Method: equity_%, ATR: 1828231.08, Risk: 2493.12"
2024-01-16 14:00:00,USDJPY,1875798.6523727868,-1334.3811297045072,equity_%,-9.951519678429828e-07,2490.895553346523,1.0662125156503896e-06,2.1324250313007794e-08,"Method: equity_%, ATR: 1875798.65, Risk: 2490.90"
2024-01-16 15:00:00,USDJPY,2523675.5130979917,-1512.900606907575,equity_%,-6.531480686986681e-07,2493.7651873468585,7.924949105461097e-07,1.584989821092219e-08,"Method: equity_%, ATR: 2523675.51, Risk: 2493.77"
2024-01-16 16:00:00,USDJPY,704119.2259250488,-1480.2043495350927,equity_%,-2.392922599840597e-06,2494.0004659791425,2.8404280501962794e-06,5.6808561003925586e-08,"Method: equity_%, ATR: 704119.23, Risk: 2494.00"
2024-01-16 17:00:00,USDJPY,1753387.7875454163,-1576.352805159493,equity_%,-9.030188667128476e-07,2495.906001756274,1.1406489849001505e-06,2.2812979698003013e-08,"Method: equity_%, ATR: 1753387.79, Risk: 2495.91"
2024-01-16 18:00:00,USDJPY,3222237.7782865055,-1448.3361833983754,equity_%,-5.343575259541272e-07,2493.7843561398226,6.206866586560671e-07,1.241373317312134e-08,"Method: equity_%, ATR: 3222237.78, Risk: 2493.78"
2024-01-16 19:00:00,USDJPY,1250098.5154020214,-1535.4574117970888,equity_%,-1.3020303358009747e-06,2499.2121150494863,1.599873910222841e-06,3.199747820445682e-08,"Method: equity_%, ATR: 1250098.52, Risk: 2499.21"
2024-01-16 20:00:00,USDJPY,2180555.638754952,-1408.817893514176,equity_%,-8.124025337732767e-07,2495.705297052021,9.171974172335062e-07,1.8343948344670123e-08,"Method: equity_%, ATR: 2180555.64, Risk: 2495.71"
2024-01-16 21:00:00,USDJPY,3707985.6591398832,-1664.8465357098303,equity_%,-4.0418599575633933e-07,2495.1319339882575,5.393764118451112e-07,1.0787528236902225e-08,"Method: equity_%, ATR: 3707985.66, Risk: 2495.13"
2024-01-16 22:00:00,USDJPY,1948510.776644323,-1671.6158115008304,equity_%,-7.659736239598779e-07,2494.8997390883246,1.0264249107435526e-06,2.052849821487105e-08,"Method: equity_%, ATR: 1948510.78, Risk: 2494.90"
2024-01-16 23:00:00,USDJPY,1538270.601150971,-1582.156280644637,equity_%,-1.0260253186342955e-06,2497.124509858033,1.3001613620539533e-06,2.6003227241079067e-08,"Method: equity_%, ATR: 1538270.60, Risk: 2497.12"
2024-01-17 00:00:00,USDJPY,1959085.4898675752,-1620.9698862949508,equity_%,-7.860075291635692e-07,2496.0601165813973,1.0208844944970679e-06,2.0417689889941358e-08,"Method: equity_%, ATR: 1959085.49, Risk: 2496.06"
2024-01-17 01:00:00,USDJPY,2989079.9868338853,-1463.0240387318236,equity_%,-5.712003292592944e-07,2497.913803356979,6.691022016170449e-07,1.3382044032340899e-08,"Method: equity_%, ATR: 2989079.99, Risk: 2497.91"
2024-01-17 02:00:00,USDJPY,1647887.4852949001,-1542.29066927486,equity_%,-9.819740466198203e-07,2495.708144645073,1.2136750948394317e-06,2.4273501896788628e-08,"Method: equity_%, ATR: 1647887.49, Risk: 2495.71"
2024-01-17 03:00:00,USDJPY,900210.3949762727,-1544.7671280651357,equity_%,-1.797623973864413e-06,2499.803629105462,2.221702849868463e-06,4.443405699736926e-08,"Method: equity_%, ATR: 900210.39, Risk: 2499.80"
2024-01-17 04:00:00,USDJPY,1937932.0441819073,-1620.6306152741668,equity_%,-7.958737218858363e-07,2499.578314755642,1.0320279320445907e-06,2.0640558640891813e-08,"Method: equity_%, ATR: 1937932.04, Risk: 2499.58"
2024-01-17 05:00:00,USDJPY,703324.4753300824,-1644.6152609431651,equity_%,-2.163196147082492e-06,2502.1650149960874,2.8436377094105324e-06,5.6872754188210645e-08,"Method: equity_%, ATR: 703324.48, Risk: 2502.17"
2024-01-17 06:00:00,USDJPY,1550264.1800215475,-1587.9666880862671,equity_%,-1.016679107080192e-06,2502.827965611425,1.2901026971881668e-06,2.5802053943763338e-08,"Method: equity_%, ATR: 1550264.18, Risk: 2502.83"
2024-01-17 07:00:00,USDJPY,1556639.4834581364,-1479.2483311928875,equity_%,-1.0871548495937455e-06,2503.344026737179,1.2848190099591464e-06,2.569638019918293e-08,"Method: equity_%, ATR: 1556639.48, Risk: 2503.34"
2024-01-17 08:00:00,USDJPY,2219666.979486758,-1594.9919109046523,equity_%,-7.071420912579328e-07,2503.531123078427,9.010360646363488e-07,1.802072129272698e-08,"Method: equity_%, ATR: 2219666.98, Risk: 2503.53"
2024-01-17 09:00:00,USDJPY,1662235.9862311964,-1681.0474882998765,equity_%,-8.965816873981282e-07,2505.316083853363,1.2031985930798064e-06,2.406397186159613e-08,"Method: equity_%, ATR: 1662235.99, Risk: 2505.32"
2024-01-17 10:00:00,USDJPY,758708.119351461,-1645.9033228999083,equity_%,-2.0040958712631337e-06,2502.6351905815654,2.6360598351176047e-06,5.2721196702352106e-08,"Method: equity_%, ATR: 758708.12, Risk: 2502.64"
2024-01-17 11:00:00,USDJPY,1720174.1250726627,-1582.8144463607098,equity_%,-9.18128281437495e-07,2499.8029800571835,1.1626729938839865e-06,2.325345987767973e-08,"Method: equity_%, ATR: 1720174.13, Risk: 2499.80"
2024-01-17 12:00:00,USDJPY,3360194.734423292,-1465.5701548264483,equity_%,-5.080820834945706e-07,2502.1015959943506,5.952035992173706e-07,1.1904071984347412e-08,"Method: equity_%, ATR: 3360194.73, Risk: 2502.10"
2024-01-17 13:00:00,USDJPY,3523598.373875036,-1268.1244021106606,equity_%,-5.600722390796838e-07,2502.6049957352875,5.67601578780536e-07,1.135203157561072e-08,"Method: equity_%, ATR: 3523598.37, Risk: 2502.60"
2024-01-17 14:00:00,USDJPY,4780552.193188171,-1041.9142590001138,equity_%,-5.02813646795784e-07,2504.4773130503054,4.1836171203188805e-07,8.367234240637762e-09,"Method: equity_%, ATR: 4780552.19, Risk: 2504.48"
2024-01-17 15:00:00,USDJPY,2304937.471720865,-1089.6798074098303,equity_%,-9.977154901010786e-07,2505.9059451065073,8.67702497155726e-07,1.735404994311452e-08,"Method: equity_%, ATR: 2304937.47, Risk: 2505.91"
2024-01-17 16:00:00,USDJPY,2309444.18018378,-1216.2290480570548,equity_%,-8.922768702582515e-07,2506.238959158288,8.660092403016404e-07,1.732018480603281e-08,"Method: equity_%, ATR: 2309444.18, Risk: 2506.24"
2024-01-17 17:00:00,USDJPY,813751.101221958,-1249.89672184743,equity_%,-2.4630791543987003e-06,2505.209714012958,2.4577539704668025e-06,4.9155079409336045e-08,"Method: equity_%, ATR: 813751.10, Risk: 2505.21"
2024-01-17 18:00:00,USDJPY,1349612.069366183,-1183.8328716754652,equity_%,-1.5664853806729154e-06,2502.7973963281092,1.4819073164774365e-06,2.963814632954873e-08,"Method: equity_%, ATR: 1349612.07, Risk: 2502.80"
2024-01-17 19:00:00,USDJPY,2042284.702745435,-1369.8873350510098,equity_%,-8.93953126176424e-07,2501.012615386471,9.792953927096494e-07,1.9585907854192987e-08,"Method: equity_%, ATR: 2042284.70, Risk: 2501.01"
2024-01-17 20:00:00,USDJPY,825197.1584631247,-1361.5970971428376,equity_%,-2.2251717397080827e-06,2500.1719379041297,2.4236632173150823e-06,4.847326434630164e-08,"Method: equity_%, ATR: 825197.16, Risk: 2500.17"
2024-01-17 21:00:00,USDJPY,3386078.0458886144,-1178.0277140342348,equity_%,-6.261609408507731e-07,2497.6894822008226,5.906538398984649e-07,1.1813076797969296e-08,"Method: equity_%, ATR: 3386078.05, Risk: 2497.69"
2024-01-17 22:00:00,USDJPY,1490261.835384217,-1154.7316570517908,equity_%,-1.4522330609092445e-06,2499.078920480569,1.342046043529232e-06,2.6840920870584635e-08,"Method: equity_%, ATR: 1490261.84, Risk: 2499.08"
2024-01-17 23:00:00,USDJPY,3207683.611233838,-1341.3283553796125,equity_%,-5.812267436375176e-07,2500.761184447713,6.235028894357503e-07,1.2470057788715005e-08,"Method: equity_%, ATR: 3207683.61, Risk: 2500.76"
2024-01-18 00:00:00,USDJPY,2812504.2490345095,-1517.6756224554786,equity_%,-5.856020973633491e-07,2499.6244790479063,7.111100367889471e-07,1.4222200735778942e-08,"Method: equity_%, ATR: 2812504.25, Risk: 2499.62"
2024-01-18 01:00:00,USDJPY,1585077.1801902624,-1457.0178721713683,equity_%,-1.0822055427052896e-06,2499.338312248594,1.2617682122960935e-06,2.5235364245921872e-08,"Method: equity_%, ATR: 1585077.18, Risk: 2499.34"
2024-01-18 02:00:00,USDJPY,2415499.6741063017,-1343.9879576511246,equity_%,-7.688496718197351e-07,2495.9954765060065,8.279860359492573e-07,1.6559720718985148e-08,"Method: equity_%, ATR: 2415499.67, Risk: 2496.00"
2024-01-18 03:00:00,USDJPY,4866362.223058024,-1387.9313428764533,equity_%,-3.692479227780266e-07,2493.965699998162,4.1098461403540963e-07,8.21969228070819e-09,"Method: equity_%, ATR: 4866362.22, Risk: 2493.97"
2024-01-18 04:00:00,USDJPY,3616565.547963321,-1341.9557053888068,equity_%,-5.134759054098194e-07,2492.0376033392513,5.530108533844509e-07,1.1060217067689017e-08,"Method: equity_%, ATR: 3616565.55, Risk: 2492.04"
2024-01-18 05:00:00,USDJPY,1504647.1103612657,-1228.8487457249596,equity_%,-1.3500265871529542e-06,2496.1771735530933,1.3292153264560485e-06,2.6584306529120965e-08,"Method: equity_%, ATR: 1504647.11, Risk: 2496.18"
2024-01-18 06:00:00,USDJPY,741948.2017104224,-1166.4099451743828,equity_%,-2.887671488514154e-06,2499.0364195569646,2.6956059673564478e-06,5.391211934712895e-08,"Method: equity_%, ATR: 741948.20, Risk: 2499.04"
2024-01-18 07:00:00,USDJPY,1078724.0112280096,-1189.827474958419,equity_%,-1.9455582473393603e-06,2497.115190187006,1.8540423492782164e-06,3.7080846985564336e-08,"Method: equity_%, ATR: 1078724.01, Risk: 2497.12"
2024-01-18 08:00:00,USDJPY,1309091.4486742963,-1190.9762178194856,equity_%,-1.601031029718405e-06,2496.1623268315548,1.5277771480559132e-06,3.055554296111826e-08,"Method: equity_%, ATR: 1309091.45, Risk: 2496.16"
2024-01-18 09:00:00,USDJPY,2608238.942095486,-1371.4447034091488,equity_%,-6.976637772069424e-07,2495.5820391037087,7.668009121868181e-07,1.5336018243736366e-08,"Method: equity_%, ATR: 2608238.94, Risk: 2495.58"
2024-01-18 10:00:00,USDJPY,2131002.5939288973,-1398.9758344116326,equity_%,-8.370106632485183e-07,2495.3138769649204,9.38525370967583e-07,1.877050741935166e-08,"Method: equity_%, ATR: 2131002.59, Risk: 2495.31"
2024-01-18 11:00:00,USDJPY,1080162.1978552863,-1370.4370645375582,equity_%,-1.6854679717239368e-06,2494.9886510166602,1.851573776578273e-06,3.703147553156546e-08,"Method: equity_%, ATR: 1080162.20, Risk: 2494.99"
2024-01-18 12:00:00,USDJPY,2159461.663868574,-1278.333274397121,equity_%,-9.037501348375096e-07,2494.8128208317808,9.261567516864801e-07,1.85231350337296e-08,"Method: equity_%, ATR: 2159461.66, Risk: 2494.81"
2024-01-18 13:00:00,USDJPY,783005.4032095041,-1232.3100266082463,equity_%,-2.589173899013438e-06,2498.3079006819457,2.5542607902858517e-06,5.108521580571703e-08,"Method: equity_%, ATR: 783005.40, Risk: 2498.31"
2024-01-18 14:00:00,USDJPY,4469692.164270256,-1058.2138984524347,equity_%,-5.277366345913736e-07,2496.1364258682734,4.4745810818641245e-07,8.94916216372825e-09,"Method: equity_%, ATR: 4469692.16, Risk: 2496.14"
2024-01-18 15:00:00,USDJPY,3234831.061748106,-816.4371624680174,equity_%,-9.460115998126265e-07,2498.4509688148482,6.18270308966057e-07,1.2365406179321142e-08,"Method: equity_%, ATR: 3234831.06, Risk: 2498.45"
2024-01-18 16:00:00,USDJPY,1585850.827964464,-727.6556163756134,equity_%,-2.1622711834093475e-06,2495.1598847800196,1.261152666273865e-06,2.52230533254773e-08,"Method: equity_%, ATR: 1585850.83, Risk: 2495.16"
2024-01-18 17:00:00,USDJPY,1455908.24739367,-700.9702044256614,equity_%,-2.4456366038561956e-06,2495.8902828866985,1.373712940757324e-06,2.7474258815146483e-08,"Method: equity_%, ATR: 1455908.25, Risk: 2495.89"
2024-01-18 18:00:00,USDJPY,377205.84462301305,-717.8551219528658,equity_%,-9.213430149343045e-06,2494.8047622484773,5.3021447798584335e-06,1.0604289559716868e-07,"Method: equity_%, ATR: 377205.84, Risk: 2494.80"
2024-01-18 19:00:00,USDJPY,2629190.626496277,-762.4029429423446,equity_%,-1.245005749783524e-06,2495.617351096932,7.606903736246954e-07,1.5213807472493908e-08,"Method: equity_%, ATR: 2629190.63, Risk: 2495.62"
2024-01-18 20:00:00,USDJPY,3872767.873985669,-517.8049720578292,equity_%,-1.244768012259789e-06,2496.1811697277585,5.164265107223416e-07,1.0328530214446832e-08,"Method: equity_%, ATR: 3872767.87, Risk: 2496.18"
2024-01-18 21:00:00,USDJPY,1740274.565091064,-481.3067940872648,equity_%,-2.97853509069166e-06,2494.838779046909,1.1492439412256455e-06,2.298487882451291e-08,"Method: equity_%, ATR: 1740274.57, Risk: 2494.84"
2024-01-18 22:00:00,USDJPY,5464000.271978868,-776.6662381968324,equity_%,-5.880573001498979e-07,2495.541432511724,3.660321926147472e-07,7.320643852294944e-09,"Method: equity_%, ATR: 5464000.27, Risk: 2495.54"
2024-01-18 23:00:00,USDJPY,1920690.599156054,-692.1249220809021,equity_%,-1.8789191192995188e-06,2497.755845587055,1.0412921273623116e-06,2.0825842547246232e-08,"Method: equity_%, ATR: 1920690.60, Risk: 2497.76"
2024-01-19 00:00:00,USDJPY,3206054.8463418526,-871.8694500718636,equity_%,-8.934961654705919e-07,2497.5552313981366,6.238196462178506e-07,1.2476392924357013e-08,"Method: equity_%, ATR: 3206054.85, Risk: 2497.56"
2024-01-19 01:00:00,USDJPY,6929639.017831022,-385.03041694270826,equity_%,-9.359123073528137e-07,2497.128030415186,2.8861532250867523e-07,5.772306450173505e-09,"Method: equity_%, ATR: 6929639.02, Risk: 2497.13"
2024-01-19 02:00:00,USDJPY,2632981.8375447756,-522.3505769365336,equity_%,-1.8145828616544775e-06,2495.6676342797164,7.595950611892471e-07,1.5191901223784943e-08,"Method: equity_%, ATR: 2632981.84, Risk: 2495.67"
2024-01-19 03:00:00,USDJPY,2139597.7371628964,-367.20229130255643,equity_%,-3.1778016464242387e-06,2496.6881392520986,9.347551482513704e-07,1.869510296502741e-08,"Method: equity_%, ATR: 2139597.74, Risk: 2496.69"
2024-01-19 04:00:00,USDJPY,2336506.594075573,-185.01744621048098,equity_%,-5.7793385518605716e-06,2498.3761718775854,8.559787526691273e-07,1.7119575053382545e-08,"Method: equity_%, ATR: 2336506.59, Risk: 2498.38"
2024-01-19 05:00:00,USDJPY,2221707.511622009,-273.2647760518823,equity_%,-4.110993788513278e-06,2495.8435504050176,9.002085060872184e-07,1.8004170121744368e-08,"Method: equity_%, ATR: 2221707.51, Risk: 2495.84"
2024-01-19 06:00:00,USDJPY,1049139.530880752,-334.49258589446265,equity_%,-7.1110884189087585e-06,2495.4899541389427,1.9063241267069607e-06,3.8126482534139216e-08,"Method: equity_%, ATR: 1049139.53, Risk: 2495.49"
2024-01-19 07:00:00,USDJPY,1796043.2938211216,-264.4160610706986,equity_%,-5.251997465195147e-06,2494.187741240156,1.1135589029955708e-06,2.227117805991142e-08,"Method: equity_%, ATR: 1796043.29, Risk: 2494.19"
2024-01-19 08:00:00,USDJPY,2964049.3425274002,-446.888868391738,equity_%,-1.8862020965068338e-06,2498.4645353988412,6.747525998655036e-07,1.3495051997310073e-08,"Method: equity_%, ATR: 2964049.34, Risk: 2498.46"
2024-01-19 09:00:00,USDJPY,1495695.4867781133,-383.4037139204527,equity_%,-4.35578162755877e-06,2497.845644097028,1.3371705789580284e-06,2.674341157916057e-08,"Method: equity_%, ATR: 1495695.49, Risk: 2497.85"
2024-01-19 10:00:00,USDJPY,3194869.797901539,-228.921710051884,equity_%,-3.417542274939458e-06,2499.5051779407377,6.26003601559489e-07,1.252007203118978e-08,"Method: equity_%, ATR: 3194869.80, Risk: 2499.51"
2024-01-19 11:00:00,USDJPY,4104120.1116937418,-344.12071340451456,equity_%,-1.771909301130122e-06,2502.4900814109124,4.873151724535211e-07,9.746303449070423e-09,"Method: equity_%, ATR: 4104120.11, Risk: 2502.49"
2024-01-19 12:00:00,USDJPY,1212146.733633321,-252.50414700590605,equity_%,-8.178130749100557e-06,2503.0974645353213,1.64996525957311e-06,3.29993051914622e-08,"Method: equity_%, ATR: 1212146.73, Risk: 2503.10"
2024-01-19 13:00:00,USDJPY,2057727.7156599655,-139.71689774123138,equity_%,-8.713111301891856e-06,2505.0136861514184,9.719458919561421e-07,1.9438917839122844e-08,"Method: equity_%, ATR: 2057727.72, Risk: 2505.01"
2024-01-19 14:00:00,USDJPY,3389348.0467097377,-14.69398669481464,equity_%,-5.035923815038825e-05,2508.042905336368,5.900839844233559e-07,1.1801679688467118e-08,"Method: equity_%, ATR: 3389348.05, Risk: 2508.04"
2024-01-19 15:00:00,USDJPY,493806.9310799267,24.723191808862886,equity_%,0.00020578622506610704,2512.337727821293,4.050165913277317e-06,8.100331826554633e-08,"Method: equity_%, ATR: 493806.93, Risk: 2512.34"
2024-01-19 16:00:00,USDJPY,1271234.383439799,100.71704008381167,equity_%,1.961500834652216e-05,2511.4068944273463,1.5732739973475652e-06,3.1465479946951304e-08,"Method: equity_%, ATR: 1271234.38, Risk: 2511.41"
2024-01-19 17:00:00,USDJPY,2112736.074613348,40.68432981795186,equity_%,2.9208484340523436e-05,2510.6226109349677,9.466397739083526e-07,1.8932795478167052e-08,"Method: equity_%, ATR: 2112736.07, Risk: 2510.62"
2024-01-19 18:00:00,USDJPY,1014402.0930002185,60.710771077288385,equity_%,4.083059259397805e-05,2514.5574855136597,1.9716047648174256e-06,3.943209529634851e-08,"Method: equity_%, ATR: 1014402.09, Risk: 2514.56"
2024-01-19 19:00:00,USDJPY,2009904.321856961,-5.674892022683039,equity_%,-0.00022050030364511333,2515.024258916049,9.950722421215502e-07,1.9901444842431004e-08,"Method: equity_%, ATR: 2009904.32, Risk: 2515.02"
2024-01-19 20:00:00,USDJPY,2048352.9346702495,-96.43810843222096,equity_%,-1.2720397798962226e-05,2512.778253319051,9.763942366318658e-07,1.9527884732637314e-08,"Method: equity_%, ATR: 2048352.93, Risk: 2512.78"
2024-01-19 21:00:00,USDJPY,4350255.827284423,-257.81755099009774,equity_%,-2.2400425672200275e-06,2512.3697022137753,4.5974307705219894e-07,9.194861541043979e-09,"Method: equity_%, ATR: 4350255.83, Risk: 2512.37"
2024-01-19 22:00:00,USDJPY,3526310.361212628,-195.88997846260946,equity_%,-3.6372231031783552e-06,2512.480459132125,5.671650521743184e-07,1.1343301043486368e-08,"Method: equity_%, ATR: 3526310.36, Risk: 2512.48"
2024-01-19 23:00:00,USDJPY,1819328.0138324604,-249.47458848776787,equity_%,-5.5380521585201755e-06,2513.589557257135,1.0993069885110763e-06,2.198613977022153e-08,"Method: equity_%, ATR: 1819328.01, Risk: 2513.59"
2024-01-20 00:00:00,USDJPY,2697477.3926986973,-168.38956914226924,equity_%,-5.533703718887679e-06,2513.55794860566,7.414334612825413e-07,1.4828669225650828e-08,"Method: equity_%, ATR: 2697477.39, Risk: 2513.56"
2024-01-20 01:00:00,USDJPY,1793376.864944027,-102.30101680186584,equity_%,-1.3696540826162902e-05,2512.825957233891,1.1152145648217791e-06,2.2304291296435584e-08,"Method: equity_%, ATR: 1793376.86, Risk: 2512.83"
2024-01-20 02:00:00,USDJPY,2114562.705017227,-241.0976471041027,equity_%,-4.921099718278486e-06,2508.8558308179577,9.458220346242728e-07,1.8916440692485457e-08,"Method: equity_%, ATR: 2114562.71, Risk: 2508.86"
2024-01-20 03:00:00,USDJPY,2383820.0357788014,-324.42919405877666,equity_%,-3.2406926207180604e-06,2506.2894936579996,8.389895084284726e-07,1.677979016856945e-08,"Method: equity_%, ATR: 2383820.04, Risk: 2506.29"
2024-01-20 04:00:00,USDJPY,1747984.8302410352,-354.3384980217726,equity_%,-4.053604023059166e-06,2510.714446960578,1.1441746892758866e-06,2.2883493785517737e-08,"Method: equity_%, ATR: 1747984.83, Risk: 2510.71"
2024-01-20 05:00:00,USDJPY,1472636.068993196,-464.6822249536189,equity_%,-3.670104721209601e-06,2511.4813062093112,1.3581087969462475e-06,2.7162175938924953e-08,"Method: equity_%, ATR: 1472636.07, Risk: 2511.48"
2024-01-20 06:00:00,USDJPY,4424458.305893156,-627.6362609167311,equity_%,-9.042890292489054e-07,2511.165842702175,4.5203273750734656e-07,9.040654750146932e-09,"Method: equity_%, ATR: 4424458.31, Risk: 2511.17"
2024-01-20 07:00:00,USDJPY,1514511.1464141672,-504.5199085056697,equity_%,-3.2883804497297255e-06,2512.654872293201,1.3205581251318622e-06,2.6411162502637245e-08,"Method: equity_%, ATR: 1514511.15, Risk: 2512.65"
2024-01-20 08:00:00,USDJPY,1161730.5100889332,-438.83073926554977,equity_%,-4.925072305155315e-06,2510.816924844958,1.7215696606323057e-06,3.4431393212646115e-08,"Method: equity_%, ATR: 1161730.51, Risk: 2510.82"
2024-01-20 09:00:00,USDJPY,1457333.4401952217,-310.41963639370147,equity_%,-5.547303225633132e-06,2509.5163071372235,1.3723695242538892e-06,2.7447390485077785e-08,"Method: equity_%, ATR: 1457333.44, Risk: 2509.52"
2024-01-20 10:00:00,USDJPY,4422126.518382011,-276.898220604369,equity_%,-2.0493694090824016e-06,2509.409731352481,4.522710943900741e-07,9.045421887801483e-09,"Method: equity_%, ATR: 4422126.52, Risk: 2509.41"
2024-01-20 11:00:00,USDJPY,1505779.8967557088,-193.27703476800616,equity_%,-8.632029833310921e-06,2512.202719759572,1.3282153682016325e-06,2.656430736403265e-08,"Method: equity_%, ATR: 1505779.90, Risk: 2512.20"
2024-01-20 12:00:00,USDJPY,2250138.0812067646,-58.55403032549307,equity_%,-1.9128492863830752e-05,2520.267948171013,8.888343416362192e-07,1.7776686832724387e-08,"Method: equity_%, ATR: 2250138.08, Risk: 2520.27"
2024-01-20 13:00:00,USDJPY,1770008.9597454828,-17.375518628590186,equity_%,-8.194924965543841e-05,2520.33472163468,1.1299377830763006e-06,2.2598755661526016e-08,"Method: equity_%, ATR: 1770008.96, Risk: 2520.33"
2024-01-20 14:00:00,USDJPY,1194850.6477239092,38.004602193327045,equity_%,5.55439436524402e-05,2522.240680372169,1.6738493667052304e-06,3.347698733410461e-08,"Method: equity_%, ATR: 1194850.65, Risk: 2522.24"
2024-01-20 15:00:00,USDJPY,1175652.7962565678,81.53564525755687,equity_%,2.6301088176925205e-05,2521.1594357234676,1.701182531414259e-06,3.402365062828519e-08,"Method: equity_%, ATR: 1175652.80, Risk: 2521.16"
2024-01-20 16:00:00,USDJPY,580794.6923303071,120.65142581581145,equity_%,3.598057556075526e-05,2521.2923360140853,3.443557639921696e-06,6.887115279843393e-08,"Method: equity_%, ATR: 580794.69, Risk: 2521.29"
2024-01-20 17:00:00,USDJPY,3291763.957352174,364.2818882168284,equity_%,2.1042972613681104e-06,2523.325953872681,6.075769787602749e-07,1.21515395752055e-08,"Method: equity_%, ATR: 3291763.96, Risk: 2523.33"
2024-01-20 18:00:00,USDJPY,808098.4984153474,390.3300568906005,equity_%,8.003320262822082e-06,2524.4483572191552,2.4749458190083624e-06,4.949891638016725e-08,"Method: equity_%, ATR: 808098.50, Risk: 2524.45"
2024-01-20 19:00:00,USDJPY,563385.8912734428,399.7050896249966,equity_%,1.1207691069210428e-05,2523.839869541361,3.5499646529651695e-06,7.099929305930339e-08,"Method: equity_%, ATR: 563385.89, Risk: 2523.84"
2024-01-20 20:00:00,USDJPY,3886057.828980119,198.02796950923295,equity_%,3.277645428258934e-06,2522.305947053502,5.146603802663667e-07,1.0293207605327334e-08,"Method: equity_%, ATR: 3886057.83, Risk: 2522.31"
2024-01-20 21:00:00,USDJPY,2730448.778069004,91.20246710227724,equity_%,1.0145693029527603e-05,2526.5176607198937,7.32480321939757e-07,1.4649606438795139e-08,"Method: equity_%, ATR: 2730448.78, Risk: 2526.52"
2024-01-20 22:00:00,USDJPY,3415927.963989134,250.15124323105505,equity_%,2.9555223798602952e-06,2525.4898155981273,5.85492440439052e-07,1.1709848808781042e-08,"Method: equity_%, ATR: 3415927.96, Risk: 2525.49"
2024-01-20 23:00:00,USDJPY,659831.2841966865,304.32848484826627,equity_%,1.2576182777465915e-05,2525.3661044785995,3.0310778647528143e-06,6.062155729505628e-08,"Method: equity_%, ATR: 659831.28, Risk: 2525.37"
2024-01-21 00:00:00,USDJPY,3398196.830349367,70.80036395993346,equity_%,1.051205838248316e-05,2529.1336794793315,5.885474267228897e-07,1.1770948534457793e-08,"Method: equity_%, ATR: 3398196.83, Risk: 2529.13"
2024-01-21 01:00:00,USDJPY,685949.7140515826,92.69002658503655,equity_%,3.9801545033514923e-05,2530.609984119413,2.915665622465151e-06,5.831331244930303e-08,"Method: equity_%, ATR: 685949.71, Risk: 2530.61"
2024-01-21 02:00:00,USDJPY,1989341.9423321553,146.55121645040253,equity_%,8.69527716613388e-06,2535.025292526107,1.0053575795297163e-06,2.0107151590594326e-08,"Method: equity_%, ATR: 1989341.94, Risk: 2535.03"
2024-01-21 03:00:00,USDJPY,1947199.550722297,-10.827066845547222,equity_%,-0.00012025560456883582,2535.2839366957037,1.027116095655485e-06,2.05423219131097e-08,"Method: equity_%, ATR: 1947199.55, Risk: 2535.28"
2024-01-21 04:00:00,USDJPY,1535335.1780765865,92.4740585912356,equity_%,1.7845830262330315e-05,2533.7273387509786,1.3026471538973851e-06,2.6052943077947704e-08,"Method: equity_%, ATR: 1535335.18, Risk: 2533.73"
2024-01-21 05:00:00,USDJPY,1719717.4195733503,73.22898679501053,equity_%,2.0105495577151796e-05,2531.9486760225186,1.162981765048461e-06,2.325963530096922e-08,"Method: equity_%, ATR: 1719717.42, Risk: 2531.95"
2024-01-21 06:00:00,USDJPY,2703175.111193257,218.39311445639908,equity_%,4.285614014767401e-06,2530.03293936713,7.398706771597733e-07,1.4797413543195464e-08,"Method: equity_%, ATR: 2703175.11, Risk: 2530.03"
2024-01-21 07:00:00,USDJPY,1663755.5914191713,227.73371515156933,equity_%,6.670959682690849e-06,2527.58154101299,1.2020996415068484e-06,2.4041992830136965e-08,"Method: equity_%, ATR: 1663755.59, Risk: 2527.58"
2024-01-21 08:00:00,USDJPY,1289457.950687551,239.9133002766775,equity_%,8.168460217164083e-06,2526.9794349557733,1.551039333181498e-06,3.102078666362997e-08,"Method: equity_%, ATR: 1289457.95, Risk: 2526.98"
2024-01-21 09:00:00,USDJPY,1591884.0803098902,335.5789072015781,equity_%,4.7290983178736974e-06,2526.2971848486736,1.2563728884145022e-06,2.5127457768290042e-08,"Method: equity_%, ATR: 1591884.08, Risk: 2526.30"
2024-01-21 10:00:00,USDJPY,1916487.5025398578,281.3966887799199,equity_%,4.69391174718321e-06,2531.3948617521423,1.0435758111385889e-06,2.0871516222771774e-08,"Method: equity_%, ATR: 1916487.50, Risk: 2531.39"
2024-01-21 11:00:00,USDJPY,1827715.72387445,221.17959481859646,equity_%,6.261314886655462e-06,2531.157976977461,1.0942620747171427e-06,2.1885241494342852e-08,"Method: equity_%, ATR: 1827715.72, Risk: 2531.16"
2024-01-21 12:00:00,USDJPY,2900382.097680797,90.20775351341806,equity_%,9.681127653943869e-06,2532.940744489576,6.895643169219805e-07,1.3791286338439612e-08,"Method: equity_%, ATR: 2900382.10, Risk: 2532.94"
2024-01-21 13:00:00,USDJPY,1255906.247337318,52.34838701365674,equity_%,3.8537678510174214e-05,2533.6468131842553,1.59247555638827e-06,3.18495111277654e-08,"Method: equity_%, ATR: 1255906.25, Risk: 2533.65"
2024-01-21 14:00:00,USDJPY,2927270.667221488,-59.43834116719932,equity_%,-1.4546264212494022e-05,2530.935240872103,6.832302944839616e-07,1.3664605889679231e-08,"Method: equity_%, ATR: 2927270.67, Risk: 2530.94"
2024-01-21 15:00:00,USDJPY,2304693.897801655,-161.26780093627957,equity_%,-6.8224060705792506e-06,2535.7035633668443,8.677942011768726e-07,1.735588402353745e-08,"Method: equity_%, ATR: 2304693.90, Risk: 2535.70"
2024-01-21 16:00:00,USDJPY,7121764.966124594,305.58743946829304,equity_%,1.1653362320218187e-06,2536.1467864938118,2.808292620597851e-07,5.616585241195703e-09,"Method: equity_%, ATR: 7121764.97, Risk: 2536.15"
2024-01-21 17:00:00,USDJPY,1158259.220730381,354.19271532097486,equity_%,6.183500922536668e-06,2536.762569627196,1.7267291848009896e-06,3.4534583696019785e-08,"Method: equity_%, ATR: 1158259.22, Risk: 2536.76"
2024-01-21 18:00:00,USDJPY,5411174.13917498,321.20747733415163,equity_%,1.4596634167441958e-06,2537.0549896175694,3.696055511355123e-07,7.392111022710246e-09,"Method: equity_%, ATR: 5411174.14, Risk: 2537.05"
2024-01-21 19:00:00,USDJPY,1806238.3962433324,416.570798751595,equity_%,3.3695209686145465e-06,2535.315762065077,1.1072735493607372e-06,2.2145470987214744e-08,"Method: equity_%, ATR: 1806238.40, Risk: 2535.32"
