timestamp,equity,peak_equity,drawdown_amount,drawdown_pct,recovery_time_remaining
2024-01-01 01:00:00,99882.88126671033,100000.0,117.11873328966612,0.11711873328966611,-1.0
2024-01-01 02:00:00,100141.89974918694,100141.89974918694,0.0,0.0,-1.0
2024-01-01 03:00:00,100194.3685255755,100194.3685255755,0.0,0.0,-1.0
2024-01-01 04:00:00,100048.05123458736,100194.3685255755,146.31729098813958,0.1460334479285538,-1.0
2024-01-01 05:00:00,100217.76068721326,100217.76068721326,0.0,0.0,-1.0
2024-01-01 06:00:00,100192.62183694498,100217.76068721326,25.138850268282113,0.02508422668387318,-1.0
2024-01-01 07:00:00,100346.99317227259,100346.99317227259,0.0,0.0,-1.0
2024-01-01 08:00:00,100409.14992104385,100409.14992104385,0.0,0.0,-1.0
2024-01-01 09:00:00,100302.10843855995,100409.14992104385,107.04148248389538,0.10660530695466182,-1.0
2024-01-01 10:00:00,100378.23460942047,100409.14992104385,30.91531162337924,0.03078933707504676,-1.0
2024-01-01 11:00:00,100447.00555423326,100447.00555423326,0.0,0.0,-1.0
2024-01-01 12:00:00,100612.18270117194,100612.18270117194,0.0,0.0,-1.0
2024-01-01 13:00:00,100714.39908821079,100714.39908821079,0.0,0.0,-1.0
2024-01-01 14:00:00,100640.45792350528,100714.39908821079,73.94116470550944,0.07341667663701991,-1.0
2024-01-01 15:00:00,100790.68485076714,100790.68485076714,0.0,0.0,-1.0
2024-01-01 16:00:00,100799.2784074871,100799.2784074871,0.0,0.0,-1.0
2024-01-01 17:00:00,101021.30493837259,101021.30493837259,0.0,0.0,-1.0
2024-01-01 18:00:00,101035.82694963756,101035.82694963756,0.0,0.0,-1.0
2024-01-01 19:00:00,101064.69781385823,101064.69781385823,0.0,0.0,-1.0
2024-01-01 20:00:00,101032.50578060086,101064.69781385823,32.19203325737908,0.03185289616822545,-1.0
2024-01-01 21:00:00,101032.64597703343,101064.69781385823,32.051836824801285,0.03171417667901666,-1.0
2024-01-01 22:00:00,101006.35190870022,101064.69781385823,58.34590515801392,0.05773124188772213,-1.0
2024-01-01 23:00:00,101173.99679123684,101173.99679123684,0.0,0.0,-1.0
2024-01-02 00:00:00,101090.8459612814,101173.99679123684,83.15082995544071,0.08218596931286083,-1.0
2024-01-02 01:00:00,101221.30392485516,101221.30392485516,0.0,0.0,-1.0
2024-01-02 02:00:00,101354.16993700694,101354.16993700694,0.0,0.0,-1.0
2024-01-02 03:00:00,101541.9246893016,101541.9246893016,0.0,0.0,-1.0
2024-01-02 04:00:00,101596.30084214559,101596.30084214559,0.0,0.0,-1.0
2024-01-02 05:00:00,101543.63146633816,101596.30084214559,52.66937580742524,0.05184182432907655,-1.0
2024-01-02 06:00:00,101576.45566160217,101596.30084214559,19.845180543416063,0.01953336920627686,-1.0
2024-01-02 07:00:00,101685.92551460025,101685.92551460025,0.0,0.0,-1.0
2024-01-02 08:00:00,101744.39850845026,101744.39850845026,0.0,0.0,-1.0
2024-01-02 09:00:00,101831.07128366885,101831.07128366885,0.0,0.0,-1.0
2024-01-02 10:00:00,102017.59989725798,102017.59989725798,0.0,0.0,-1.0
2024-01-02 11:00:00,102125.80023270084,102125.80023270084,0.0,0.0,-1.0
2024-01-02 12:00:00,102195.64438555393,102195.64438555393,0.0,0.0,-1.0
2024-01-02 13:00:00,102061.20821933186,102195.64438555393,134.43616622206173,0.13154784338447326,-1.0
2024-01-02 14:00:00,102032.82316086639,102195.64438555393,162.8212246875337,0.15932305693308943,-1.0
2024-01-02 15:00:00,102042.35564904698,102195.64438555393,153.28873650694732,0.14999537155285628,-1.0
2024-01-02 16:00:00,101894.64433110153,102195.64438555393,301.00005445239367,0.29453315379744516,-1.0
2024-01-02 17:00:00,101833.71747245481,102195.64438555393,361.92691309911606,0.35415101619563444,-1.0
2024-01-02 18:00:00,101856.87221633513,102195.64438555393,338.77216921879153,0.33149374540925086,-1.0
2024-01-02 19:00:00,101896.30041386503,102195.64438555393,299.343971688897,0.29291265150162443,-1.0
2024-01-02 20:00:00,101996.8814404294,102195.64438555393,198.76294512453023,0.19449257971764086,-1.0
2024-01-02 21:00:00,102026.35218102425,102195.64438555393,169.29220452967274,0.16565500961174368,-1.0
2024-01-02 22:00:00,102101.15624531383,102195.64438555393,94.48814024009334,0.09245808939138106,-1.0
2024-01-02 23:00:00,102109.37730040592,102195.64438555393,86.26708514800703,0.08441366133232336,-1.0
2024-01-03 00:00:00,102163.57862336126,102195.64438555393,32.065762192665716,0.031376838401929424,-1.0
2024-01-03 01:00:00,102258.67590443643,102258.67590443643,0.0,0.0,-1.0
2024-01-03 02:00:00,102455.93892950274,102455.93892950274,0.0,0.0,-1.0
2024-01-03 03:00:00,102454.47464869262,102455.93892950274,1.464280810119817,0.0014291809976260629,-1.0
2024-01-03 04:00:00,102518.89284784351,102518.89284784351,0.0,0.0,-1.0
2024-01-03 05:00:00,102655.80560156533,102655.80560156533,0.0,0.0,-1.0
2024-01-03 06:00:00,102561.84624078231,102655.80560156533,93.95936078301747,0.0915285406727983,-1.0
2024-01-03 07:00:00,102811.62885328502,102811.62885328502,0.0,0.0,-1.0
2024-01-03 08:00:00,102979.53192854421,102979.53192854421,0.0,0.0,-1.0
2024-01-03 09:00:00,102858.38308000771,102979.53192854421,121.1488485364971,0.11764361933647191,-1.0
2024-01-03 10:00:00,102945.52126416806,102979.53192854421,34.01066437615373,0.03302662552375278,-1.0
2024-01-03 11:00:00,102939.07592078164,102979.53192854421,40.456007762564695,0.03928548421703495,-1.0
2024-01-03 12:00:00,102949.34111758984,102979.53192854421,30.190810954372864,0.02931729285322618,-1.0
2024-01-03 13:00:00,103034.39126727205,103034.39126727205,0.0,0.0,-1.0
2024-01-03 14:00:00,103189.4312208595,103189.4312208595,0.0,0.0,-1.0
2024-01-03 15:00:00,103192.84392664216,103192.84392664216,0.0,0.0,-1.0
2024-01-03 16:00:00,103197.5991060638,103197.5991060638,0.0,0.0,-1.0
2024-01-03 17:00:00,103284.81578230041,103284.81578230041,0.0,0.0,-1.0
2024-01-03 18:00:00,103392.01141449767,103392.01141449767,0.0,0.0,-1.0
2024-01-03 19:00:00,103341.29827731726,103392.01141449767,50.71313718041347,0.04904937672322182,-1.0
2024-01-03 20:00:00,103563.66556748645,103563.66556748645,0.0,0.0,-1.0
2024-01-03 21:00:00,103549.33413477047,103563.66556748645,14.331432715975097,0.013838282603695726,-1.0
2024-01-03 22:00:00,103695.80155873911,103695.80155873911,0.0,0.0,-1.0
2024-01-03 23:00:00,103790.97202372819,103790.97202372819,0.0,0.0,-1.0
2024-01-04 00:00:00,103901.60441592902,103901.60441592902,0.0,0.0,-1.0
2024-01-04 01:00:00,103889.20927430489,103901.60441592902,12.39514162413252,0.011929692225457336,-1.0
2024-01-04 02:00:00,103766.82425242389,103901.60441592902,134.78016350512917,0.12971903972299603,-1.0
2024-01-04 03:00:00,103814.68410263296,103901.60441592902,86.92031329605379,0.08365637256966954,-1.0
2024-01-04 04:00:00,103862.95608902683,103901.60441592902,38.648326902184635,0.0371970453386565,-1.0
2024-01-04 05:00:00,103817.1538982583,103901.60441592902,84.45051767071709,0.08127932012738977,-1.0
2024-01-04 06:00:00,103958.94821741451,103958.94821741451,0.0,0.0,-1.0
2024-01-04 07:00:00,104003.79527359587,104003.79527359587,0.0,0.0,-1.0
2024-01-04 08:00:00,103972.88800740162,104003.79527359587,30.907266194248223,0.029717440707757378,-1.0
2024-01-04 09:00:00,104081.39514184002,104081.39514184002,0.0,0.0,-1.0
2024-01-04 10:00:00,104192.5571419513,104192.5571419513,0.0,0.0,-1.0
2024-01-04 11:00:00,104170.92234803771,104192.5571419513,21.63479391358851,0.020764241234729846,-1.0
2024-01-04 12:00:00,104344.26154127865,104344.26154127865,0.0,0.0,-1.0
2024-01-04 13:00:00,104618.58593760169,104618.58593760169,0.0,0.0,-1.0
2024-01-04 14:00:00,104559.58288805433,104618.58593760169,59.003049547362025,0.05639824799634893,-1.0
2024-01-04 15:00:00,104591.21349141667,104618.58593760169,27.372446185021545,0.026164037622672002,-1.0
2024-01-04 16:00:00,104674.91447150656,104674.91447150656,0.0,0.0,-1.0
2024-01-04 17:00:00,104952.94049453645,104952.94049453645,0.0,0.0,-1.0
2024-01-04 18:00:00,104929.56276625571,104952.94049453645,23.377728280742303,0.02227448623219783,-1.0
2024-01-04 19:00:00,104885.60431739624,104952.94049453645,67.33617714021238,0.06415844741740963,-1.0
2024-01-04 20:00:00,104840.96240266776,104952.94049453645,111.97809186868835,0.10669362034169744,-1.0
2024-01-04 21:00:00,105013.10476200696,105013.10476200696,0.0,0.0,-1.0
2024-01-04 22:00:00,104992.32163418357,105013.10476200696,20.783127823393443,0.019790985011341782,-1.0
2024-01-04 23:00:00,104957.3082139118,105013.10476200696,55.79654809515341,0.05313293823814286,-1.0
2024-01-05 00:00:00,105030.40494678132,105030.40494678132,0.0,0.0,-1.0
2024-01-05 01:00:00,105111.22707793971,105111.22707793971,0.0,0.0,-1.0
2024-01-05 02:00:00,105268.329125151,105268.329125151,0.0,0.0,-1.0
2024-01-05 03:00:00,105327.52172885172,105327.52172885172,0.0,0.0,-1.0
2024-01-05 04:00:00,105402.41493944774,105402.41493944774,0.0,0.0,-1.0
2024-01-05 05:00:00,105441.8878778898,105441.8878778898,0.0,0.0,-1.0
2024-01-05 06:00:00,105361.45718553716,105441.8878778898,80.43069235264556,0.07627963987688724,-1.0
2024-01-05 07:00:00,105391.4967183008,105441.8878778898,50.391159589009476,0.04779045652840216,-1.0
2024-01-05 08:00:00,105447.78007559273,105447.78007559273,0.0,0.0,-1.0
2024-01-05 09:00:00,105453.3977276236,105453.3977276236,0.0,0.0,-1.0
2024-01-05 10:00:00,105346.9523289612,105453.3977276236,106.44539866239938,0.10094070077982507,-1.0
2024-01-05 11:00:00,105283.45328218509,105453.3977276236,169.9444454385084,0.16115596946194113,-1.0
2024-01-05 12:00:00,105329.51515239557,105453.3977276236,123.8825752280245,0.11747613438497428,-1.0
2024-01-05 13:00:00,105472.7904619861,105472.7904619861,0.0,0.0,-1.0
2024-01-05 14:00:00,105691.01887159841,105691.01887159841,0.0,0.0,-1.0
2024-01-05 15:00:00,105722.6358135664,105722.6358135664,0.0,0.0,-1.0
2024-01-05 16:00:00,105700.94838649516,105722.6358135664,21.68742707124329,0.02051351340642639,-1.0
2024-01-05 17:00:00,105713.69743664179,105722.6358135664,8.93837692461966,0.008454553611756132,-1.0
2024-01-05 18:00:00,105659.05591302241,105722.6358135664,63.57990054399124,0.06013839898591766,-1.0
2024-01-05 19:00:00,105787.83046715356,105787.83046715356,0.0,0.0,-1.0
2024-01-05 20:00:00,106051.59163009148,106051.59163009148,0.0,0.0,-1.0
2024-01-05 21:00:00,106032.33814165599,106051.59163009148,19.253488435497275,0.018154832133640716,-1.0
2024-01-05 22:00:00,105963.1339872398,106051.59163009148,88.45764285168843,0.0834100096868222,-1.0
2024-01-05 23:00:00,106113.78232023882,106113.78232023882,0.0,0.0,-1.0
2024-01-06 00:00:00,106195.58747505672,106195.58747505672,0.0,0.0,-1.0
2024-01-06 01:00:00,106279.08037764627,106279.08037764627,0.0,0.0,-1.0
2024-01-06 02:00:00,106487.89777046337,106487.89777046337,0.0,0.0,-1.0
2024-01-06 03:00:00,106401.24913839984,106487.89777046337,86.64863206353039,0.0813694643970746,-1.0
2024-01-06 04:00:00,106311.80748187396,106487.89777046337,176.09028858941747,0.16536178502554658,-1.0
2024-01-06 05:00:00,106345.6360502559,106487.89777046337,142.26172020747617,0.1335942611188775,-1.0
2024-01-06 06:00:00,106401.97640134195,106487.89777046337,85.9213691214245,0.08068651078700943,-1.0
2024-01-06 07:00:00,106416.48157466788,106487.89777046337,71.41619579549297,0.06706508184566841,-1.0
2024-01-06 08:00:00,106519.5192211033,106519.5192211033,0.0,0.0,-1.0
2024-01-06 09:00:00,106538.4950152847,106538.4950152847,0.0,0.0,-1.0
2024-01-06 10:00:00,106533.42248705748,106538.4950152847,5.072528227217845,0.004761216334518436,-1.0
2024-01-06 11:00:00,106595.8568455456,106595.8568455456,0.0,0.0,-1.0
2024-01-06 12:00:00,106742.94553674693,106742.94553674693,0.0,0.0,-1.0
2024-01-06 13:00:00,106720.4027624286,106742.94553674693,22.54277431833907,0.02111874860205968,-1.0
2024-01-06 14:00:00,106755.7040974121,106755.7040974121,0.0,0.0,-1.0
2024-01-06 15:00:00,106905.63256143556,106905.63256143556,0.0,0.0,-1.0
2024-01-06 16:00:00,107061.11320474502,107061.11320474502,0.0,0.0,-1.0
2024-01-06 17:00:00,107132.8760147573,107132.8760147573,0.0,0.0,-1.0
2024-01-06 18:00:00,107424.71513678276,107424.71513678276,0.0,0.0,-1.0
2024-01-06 19:00:00,107672.78024145232,107672.78024145232,0.0,0.0,-1.0
2024-01-06 20:00:00,107582.16862334634,107672.78024145232,90.61161810597696,0.08415461911802005,-1.0
2024-01-06 21:00:00,107462.97250137759,107672.78024145232,209.80774007472792,0.19485680559584478,-1.0
2024-01-06 22:00:00,107592.54394616412,107672.78024145232,80.23629528819583,0.07451864353114021,-1.0
2024-01-06 23:00:00,107779.08051062824,107779.08051062824,0.0,0.0,-1.0
2024-01-07 00:00:00,107806.6046121424,107806.6046121424,0.0,0.0,-1.0
2024-01-07 01:00:00,107806.38503297002,107806.6046121424,0.2195791723788716,0.00020367877568248734,-1.0
2024-01-07 02:00:00,107774.35597357946,107806.6046121424,32.248638562945416,0.029913416417265783,-1.0
2024-01-07 03:00:00,107707.55478119508,107806.6046121424,99.0498309473187,0.09187733098883126,-1.0
2024-01-07 04:00:00,107871.18906078627,107871.18906078627,0.0,0.0,-1.0
2024-01-07 05:00:00,107883.05956470582,107883.05956470582,0.0,0.0,-1.0
2024-01-07 06:00:00,107963.23964040691,107963.23964040691,0.0,0.0,-1.0
2024-01-07 07:00:00,107830.65906621762,107963.23964040691,132.5805741892982,0.12280158934734103,-1.0
2024-01-07 08:00:00,107980.88616978518,107980.88616978518,0.0,0.0,-1.0
2024-01-07 09:00:00,108089.66399257415,108089.66399257415,0.0,0.0,-1.0
2024-01-07 10:00:00,108005.19507254915,108089.66399257415,84.46892002499953,0.07814708354612207,-1.0
2024-01-07 11:00:00,108081.09795469751,108089.66399257415,8.566037876633345,0.007924937094097952,-1.0
2024-01-07 12:00:00,108131.57229065028,108131.57229065028,0.0,0.0,-1.0
2024-01-07 13:00:00,108136.556798666,108136.556798666,0.0,0.0,-1.0
2024-01-07 14:00:00,107896.26406647585,108136.556798666,240.29273219015158,0.22221230202247008,-1.0
2024-01-07 15:00:00,107843.24760338828,108136.556798666,293.30919527771766,0.2712396288184164,-1.0
2024-01-07 16:00:00,107923.49071796589,108136.556798666,213.06608070011134,0.19703427500175388,-1.0
2024-01-07 17:00:00,107918.63422291017,108136.556798666,217.92257575583062,0.20152535109987796,-1.0
2024-01-07 18:00:00,107946.46471923428,108136.556798666,190.09207943172078,0.17578891455333057,-1.0
2024-01-07 19:00:00,108001.3025585338,108136.556798666,135.2542401321989,0.12507725799335553,-1.0
2024-01-07 20:00:00,108043.55175741918,108136.556798666,93.0050412468263,0.08600703036993095,-1.0
2024-01-07 21:00:00,107883.87180933639,108136.556798666,252.68498932961666,0.2336721242198215,-1.0
2024-01-07 22:00:00,107915.38677327133,108136.556798666,221.1700253946765,0.20452845174871048,-1.0
2024-01-07 23:00:00,107975.32618222747,108136.556798666,161.23061643853725,0.1490990847237021,-1.0
2024-01-08 00:00:00,107942.79071653128,108136.556798666,193.76608213472355,0.1791864729847898,-1.0
2024-01-08 01:00:00,108066.26557610538,108136.556798666,70.29122256062692,0.06500227549458468,-1.0
2024-01-08 02:00:00,107970.04267885326,108136.556798666,166.5141198127385,0.15398503960391743,-1.0
2024-01-08 03:00:00,108006.2685689475,108136.556798666,130.28822971849877,0.12048490683966927,-1.0
2024-01-08 04:00:00,107908.89267881316,108136.556798666,227.66411985283776,0.21053390878416267,-1.0
2024-01-08 05:00:00,107929.32390706742,108136.556798666,207.2328915985854,0.19163999458982395,-1.0
2024-01-08 06:00:00,108050.13689311694,108136.556798666,86.41990554906079,0.07991738234273692,-1.0
2024-01-08 07:00:00,108083.9689003955,108136.556798666,52.5878982705035,0.04863100863144205,-1.0
2024-01-08 08:00:00,108111.96354965834,108136.556798666,24.5932490076666,0.022742770563201422,-1.0
2024-01-08 09:00:00,108164.74055751186,108164.74055751186,0.0,0.0,-1.0
2024-01-08 10:00:00,108222.51730440912,108222.51730440912,0.0,0.0,-1.0
2024-01-08 11:00:00,108341.89249647979,108341.89249647979,0.0,0.0,-1.0
2024-01-08 12:00:00,108461.87406879029,108461.87406879029,0.0,0.0,-1.0
2024-01-08 13:00:00,108654.04365711877,108654.04365711877,0.0,0.0,-1.0
2024-01-08 14:00:00,108720.8053556717,108720.8053556717,0.0,0.0,-1.0
2024-01-08 15:00:00,108604.7329061607,108720.8053556717,116.07244951100438,0.10676194784547662,-1.0
2024-01-08 16:00:00,108740.52776612314,108740.52776612314,0.0,0.0,-1.0
2024-01-08 17:00:00,108925.51021204359,108925.51021204359,0.0,0.0,-1.0
2024-01-08 18:00:00,109221.67971376207,109221.67971376207,0.0,0.0,-1.0
2024-01-08 19:00:00,109416.85030183976,109416.85030183976,0.0,0.0,-1.0
2024-01-08 20:00:00,109417.8204608137,109417.8204608137,0.0,0.0,-1.0
2024-01-08 21:00:00,109486.53886356256,109486.53886356256,0.0,0.0,-1.0
2024-01-08 22:00:00,109509.47618890853,109509.47618890853,0.0,0.0,-1.0
2024-01-08 23:00:00,109518.82349639822,109518.82349639822,0.0,0.0,-1.0
2024-01-09 00:00:00,109557.47495731457,109557.47495731457,0.0,0.0,-1.0
2024-01-09 01:00:00,109736.04926752788,109736.04926752788,0.0,0.0,-1.0
2024-01-09 02:00:00,109627.13213907674,109736.04926752788,108.91712845113943,0.09925373583079158,-1.0
2024-01-09 03:00:00,109576.87757583779,109736.04926752788,159.1716916900914,0.14504959195500405,-1.0
2024-01-09 04:00:00,109748.82687809445,109748.82687809445,0.0,0.0,-1.0
2024-01-09 05:00:00,109944.19369550185,109944.19369550185,0.0,0.0,-1.0
2024-01-09 06:00:00,109928.24412467009,109944.19369550185,15.949570831755409,0.014506969668565548,-1.0
2024-01-09 07:00:00,110143.31895910061,110143.31895910061,0.0,0.0,-1.0
2024-01-09 08:00:00,110290.90716743139,110290.90716743139,0.0,0.0,-1.0
2024-01-09 09:00:00,110314.13105382683,110314.13105382683,0.0,0.0,-1.0
2024-01-09 10:00:00,110120.6044966277,110314.13105382683,193.5265571991331,0.175432245488752,-1.0
2024-01-09 11:00:00,110003.80298226092,110314.13105382683,310.3280715659057,0.28131307258766675,-1.0
2024-01-09 12:00:00,109987.98531349996,110314.13105382683,326.1457403268723,0.29565182376112115,-1.0
2024-01-09 13:00:00,110113.97901169593,110314.13105382683,200.152042130896,0.1814382620058291,-1.0
2024-01-09 14:00:00,110240.28901415072,110314.13105382683,73.84203967610665,0.06693796975119722,-1.0
2024-01-09 15:00:00,110243.64409496004,110314.13105382683,70.48695886679343,0.0638965816921496,-1.0
2024-01-09 16:00:00,110270.51666842378,110314.13105382683,43.61438540305244,0.03953653533450867,-1.0
2024-01-09 17:00:00,110317.26853342958,110317.26853342958,0.0,0.0,-1.0
2024-01-09 18:00:00,110345.3947321345,110345.3947321345,0.0,0.0,-1.0
2024-01-09 19:00:00,110411.75810850138,110411.75810850138,0.0,0.0,-1.0
2024-01-09 20:00:00,110458.75399282656,110458.75399282656,0.0,0.0,-1.0
2024-01-09 21:00:00,110341.33127791736,110458.75399282656,117.42271490920393,0.10630458036565361,-1.0
2024-01-09 22:00:00,110370.57512129543,110458.75399282656,88.17887153112679,0.07982968152696465,-1.0
2024-01-09 23:00:00,110418.31533799095,110458.75399282656,40.4386548356124,0.036609732930935085,-1.0
2024-01-10 00:00:00,110567.2952725837,110567.2952725837,0.0,0.0,-1.0
2024-01-10 01:00:00,110534.16465941966,110567.2952725837,33.130613164030365,0.029964206940535913,-1.0
2024-01-10 02:00:00,110604.55519455415,110604.55519455415,0.0,0.0,-1.0
2024-01-10 03:00:00,110710.83919418631,110710.83919418631,0.0,0.0,-1.0
2024-01-10 04:00:00,110746.00447630552,110746.00447630552,0.0,0.0,-1.0
2024-01-10 05:00:00,110620.5246877684,110746.00447630552,125.47978853712266,0.11330412246517614,-1.0
2024-01-10 06:00:00,110771.53158982776,110771.53158982776,0.0,0.0,-1.0
2024-01-10 07:00:00,110896.24571303042,110896.24571303042,0.0,0.0,-1.0
2024-01-10 08:00:00,110969.12305103289,110969.12305103289,0.0,0.0,-1.0
2024-01-10 09:00:00,111023.15609112181,111023.15609112181,0.0,0.0,-1.0
2024-01-10 10:00:00,110895.01360116665,111023.15609112181,128.1424899551639,0.11541960656386986,-1.0
2024-01-10 11:00:00,111022.47926475566,111023.15609112181,0.6768263661506353,0.0006096263067815625,-1.0
2024-01-10 12:00:00,111221.1188690885,111221.1188690885,0.0,0.0,-1.0
2024-01-10 13:00:00,111159.74431704631,111221.1188690885,61.37455204219441,0.05518246234731247,-1.0
2024-01-10 14:00:00,111344.24618267347,111344.24618267347,0.0,0.0,-1.0
2024-01-10 15:00:00,111507.391962308,111507.391962308,0.0,0.0,-1.0
2024-01-10 16:00:00,111443.07242997299,111507.391962308,64.31953233500826,0.0576818551695207,-1.0
2024-01-10 17:00:00,111453.65807003771,111507.391962308,53.73389227029111,0.04818863693669238,-1.0
2024-01-10 18:00:00,111364.11430572675,111507.391962308,143.2776565812528,0.1284916219990903,-1.0
2024-01-10 19:00:00,111407.60047215386,111507.391962308,99.79149015413714,0.08949316130348461,-1.0
2024-01-10 20:00:00,111502.43222839688,111507.391962308,4.959733911120566,0.004447896972424095,-1.0
2024-01-10 21:00:00,111420.38541529485,111507.391962308,87.00654701315216,0.07802760470136574,-1.0
2024-01-10 22:00:00,111508.96569280732,111508.96569280732,0.0,0.0,-1.0
2024-01-10 23:00:00,111622.87826915518,111622.87826915518,0.0,0.0,-1.0
2024-01-11 00:00:00,111738.22613477705,111738.22613477705,0.0,0.0,-1.0
2024-01-11 01:00:00,111833.67639198562,111833.67639198562,0.0,0.0,-1.0
2024-01-11 02:00:00,111760.82732434753,111833.67639198562,72.84906763808976,0.06514054620072418,-1.0
2024-01-11 03:00:00,111798.67992249252,111833.67639198562,34.99646949309681,0.03129331934902283,-1.0
2024-01-11 04:00:00,111883.91513352393,111883.91513352393,0.0,0.0,-1.0
2024-01-11 05:00:00,112080.01769575784,112080.01769575784,0.0,0.0,-1.0
2024-01-11 06:00:00,112130.26427870659,112130.26427870659,0.0,0.0,-1.0
2024-01-11 07:00:00,112222.81840813416,112222.81840813416,0.0,0.0,-1.0
2024-01-11 08:00:00,112179.61572676964,112222.81840813416,43.202681364520686,0.038497234321277086,-1.0
2024-01-11 09:00:00,112114.12632315305,112222.81840813416,108.69208498111402,0.09685381861095352,-1.0
2024-01-11 10:00:00,112035.81912418001,112222.81840813416,186.9992839541519,0.16663214006448246,-1.0
2024-01-11 11:00:00,112043.79229676892,112222.81840813416,179.02611136523774,0.15952737055146132,-1.0
2024-01-11 12:00:00,112299.99741206961,112299.99741206961,0.0,0.0,-1.0
2024-01-11 13:00:00,112309.78978612564,112309.78978612564,0.0,0.0,-1.0
2024-01-11 14:00:00,112396.25242151984,112396.25242151984,0.0,0.0,-1.0
2024-01-11 15:00:00,112501.96221737693,112501.96221737693,0.0,0.0,-1.0
2024-01-11 16:00:00,112442.80930647331,112501.96221737693,59.15291090362007,0.05257944816049029,-1.0
2024-01-11 17:00:00,112401.0539639427,112501.96221737693,100.90825343423057,0.08969466082667524,-1.0
2024-01-11 18:00:00,112513.49547783595,112513.49547783595,0.0,0.0,-1.0
2024-01-11 19:00:00,112606.3282192529,112606.3282192529,0.0,0.0,-1.0
2024-01-11 20:00:00,112456.92875658498,112606.3282192529,149.39946266791958,0.1326741267835567,-1.0
2024-01-11 21:00:00,112566.3697919807,112606.3282192529,39.958427272198605,0.03548506367634737,-1.0
2024-01-11 22:00:00,112561.27075289632,112606.3282192529,45.057466356578516,0.04001326308131482,-1.0
2024-01-11 23:00:00,112558.78903326704,112606.3282192529,47.539185985864606,0.04221715310111371,-1.0
2024-01-12 00:00:00,112649.2756025634,112649.2756025634,0.0,0.0,-1.0
2024-01-12 01:00:00,112851.56919501178,112851.56919501178,0.0,0.0,-1.0
2024-01-12 02:00:00,112821.54746367705,112851.56919501178,30.02173133472388,0.02660284792570779,-1.0
2024-01-12 03:00:00,112989.45248523098,112989.45248523098,0.0,0.0,-1.0
2024-01-12 04:00:00,112895.3602084428,112989.45248523098,94.0922767881857,0.08327527456643322,-1.0
2024-01-12 05:00:00,112958.43454303402,112989.45248523098,31.017942196966032,0.027452068768118364,-1.0
2024-01-12 06:00:00,112954.32900244121,112989.45248523098,35.123482789771515,0.031085629691286944,-1.0
2024-01-12 07:00:00,113032.52970111681,113032.52970111681,0.0,0.0,-1.0
2024-01-12 08:00:00,113052.8989608383,113052.8989608383,0.0,0.0,-1.0
2024-01-12 09:00:00,112968.79281894192,113052.8989608383,84.10614189638,0.0743953871766831,-1.0
2024-01-12 10:00:00,112930.0518826618,113052.8989608383,122.84707817649178,0.10866335963578096,-1.0
2024-01-12 11:00:00,112815.73177467615,113052.8989608383,237.16718616214348,0.20978425882232227,-1.0
2024-01-12 12:00:00,112735.04165178128,113052.8989608383,317.8573090570135,0.2811580348480226,-1.0
2024-01-12 13:00:00,112833.07408926879,113052.8989608383,219.8248715695081,0.19444425891781492,-1.0
2024-01-12 14:00:00,112857.97037628306,113052.8989608383,194.92858455523674,0.17242245563535732,-1.0
2024-01-12 15:00:00,112849.51359678946,113052.8989608383,203.3853640488378,0.1799028294880707,-1.0
2024-01-12 16:00:00,112920.29247086922,113052.8989608383,132.60648996908276,0.11729596603711848,-1.0
2024-01-12 17:00:00,112940.69529154799,113052.8989608383,112.2036692903057,0.09924882096935278,-1.0
2024-01-12 18:00:00,113054.12368486622,113054.12368486622,0.0,0.0,-1.0
2024-01-12 19:00:00,113106.93723608635,113106.93723608635,0.0,0.0,-1.0
2024-01-12 20:00:00,113433.2056893595,113433.2056893595,0.0,0.0,-1.0
2024-01-12 21:00:00,113181.44100008476,113433.2056893595,251.76468927474343,0.22194972604777577,-1.0
2024-01-12 22:00:00,113159.67477248755,113433.2056893595,273.5309168719541,0.24113831149322126,-1.0
2024-01-12 23:00:00,113275.0771699107,113433.2056893595,158.12851944880094,0.13940231917789664,-1.0
2024-01-13 00:00:00,113249.7866303679,113433.2056893595,183.4190589915961,0.16169785370775389,-1.0
2024-01-13 01:00:00,113356.3937860989,113433.2056893595,76.8119032606046,0.06771553602298473,-1.0
2024-01-13 02:00:00,113400.38586680923,113433.2056893595,32.819822550271056,0.028933170274804014,-1.0
2024-01-13 03:00:00,113536.88075061039,113536.88075061039,0.0,0.0,-1.0
2024-01-13 04:00:00,113473.66846756762,113536.88075061039,63.21228304276883,0.05567555020435859,-1.0
2024-01-13 05:00:00,113540.95269862926,113540.95269862926,0.0,0.0,-1.0
2024-01-13 06:00:00,113637.5545216306,113637.5545216306,0.0,0.0,-1.0
2024-01-13 07:00:00,113700.73343745174,113700.73343745174,0.0,0.0,-1.0
2024-01-13 08:00:00,113765.67468594383,113765.67468594383,0.0,0.0,-1.0
2024-01-13 09:00:00,113935.91777652179,113935.91777652179,0.0,0.0,-1.0
2024-01-13 10:00:00,113817.9272018713,113935.91777652179,117.99057465049555,0.10355871699908252,-1.0
2024-01-13 11:00:00,113880.42392095046,113935.91777652179,55.49385557133064,0.04870619963774583,-1.0
2024-01-13 12:00:00,113809.50910766252,113935.91777652179,126.40866885926516,0.11094716339338037,-1.0
2024-01-13 13:00:00,113935.27020135516,113935.91777652179,0.6475751666293945,0.0005683678854455475,-1.0
2024-01-13 14:00:00,113901.47684311819,113935.91777652179,34.440933403602685,0.030228337187888747,-1.0
2024-01-13 15:00:00,113704.23227730875,113935.91777652179,231.6854992130393,0.2033472005443235,-1.0
2024-01-13 16:00:00,113832.3790187335,113935.91777652179,103.53875778829388,0.09087455458197011,-1.0
2024-01-13 17:00:00,113855.5418893376,113935.91777652179,80.37588718418556,0.07054481918672727,-1.0
2024-01-13 18:00:00,113941.20485094776,113941.20485094776,0.0,0.0,-1.0
2024-01-13 19:00:00,114133.90574121766,114133.90574121766,0.0,0.0,-1.0
2024-01-13 20:00:00,114221.0458498109,114221.0458498109,0.0,0.0,-1.0
2024-01-13 21:00:00,114287.9886582018,114287.9886582018,0.0,0.0,-1.0
2024-01-13 22:00:00,114333.26162027885,114333.26162027885,0.0,0.0,-1.0
2024-01-13 23:00:00,114268.53097190395,114333.26162027885,64.73064837489801,0.056615762952586836,-1.0
2024-01-14 00:00:00,114297.00618609441,114333.26162027885,36.255434184437036,0.03171031217918702,-1.0
2024-01-14 01:00:00,114544.39604393867,114544.39604393867,0.0,0.0,-1.0
2024-01-14 02:00:00,114556.87412092528,114556.87412092528,0.0,0.0,-1.0
2024-01-14 03:00:00,114591.27275498296,114591.27275498296,0.0,0.0,-1.0
2024-01-14 04:00:00,114766.98124419349,114766.98124419349,0.0,0.0,-1.0
2024-01-14 05:00:00,114662.8523781033,114766.98124419349,104.12886609019188,0.09073068312970038,-1.0
2024-01-14 06:00:00,114774.864783199,114774.864783199,0.0,0.0,-1.0
2024-01-14 07:00:00,114665.97679121849,114774.864783199,108.88799198050401,0.09487093902152284,-1.0
2024-01-14 08:00:00,114665.93622706256,114774.864783199,108.92855613643769,0.09490628139026386,-1.0
2024-01-14 09:00:00,114713.69528222273,114774.864783199,61.1695009762625,0.05329520630828627,-1.0
2024-01-14 10:00:00,114824.93529830253,114824.93529830253,0.0,0.0,-1.0
2024-01-14 11:00:00,114773.6878612871,114824.93529830253,51.247437015437754,0.044630930452782366,-1.0
2024-01-14 12:00:00,114770.18455281794,114824.93529830253,54.75074548459088,0.04768193018559468,-1.0
2024-01-14 13:00:00,114886.5898481485,114886.5898481485,0.0,0.0,-1.0
2024-01-14 14:00:00,114885.60659649833,114886.5898481485,0.983251650177408,0.000855845448521905,-1.0
2024-01-14 15:00:00,115011.15812255118,115011.15812255118,0.0,0.0,-1.0
2024-01-14 16:00:00,115082.07510362005,115082.07510362005,0.0,0.0,-1.0
2024-01-14 17:00:00,115087.49992782704,115087.49992782704,0.0,0.0,-1.0
2024-01-14 18:00:00,115105.96451002397,115105.96451002397,0.0,0.0,-1.0
2024-01-14 19:00:00,115156.31499319084,115156.31499319084,0.0,0.0,-1.0
2024-01-14 20:00:00,115184.2967817867,115184.2967817867,0.0,0.0,-1.0
2024-01-14 21:00:00,115307.32175716,115307.32175716,0.0,0.0,-1.0
2024-01-14 22:00:00,115320.19382420758,115320.19382420758,0.0,0.0,-1.0
2024-01-14 23:00:00,115312.89073158636,115320.19382420758,7.303092621223186,0.006332882714675205,-1.0
2024-01-15 00:00:00,115453.91589973964,115453.91589973964,0.0,0.0,-1.0
2024-01-15 01:00:00,115461.70298333236,115461.70298333236,0.0,0.0,-1.0
2024-01-15 02:00:00,115457.66582130585,115461.70298333236,4.037162026506849,0.003496537745584472,-1.0
2024-01-15 03:00:00,115259.09944114875,115461.70298333236,202.60354218361317,0.17547250469089332,-1.0
2024-01-15 04:00:00,115205.14910428836,115461.70298333236,256.55387904400413,0.2221982461847452,-1.0
2024-01-15 05:00:00,115171.28635642203,115461.70298333236,290.4166269103298,0.2515263671039507,-1.0
2024-01-15 06:00:00,115167.27329717124,115461.70298333236,294.42968616112194,0.25500202972376457,-1.0
2024-01-15 07:00:00,115145.05937550835,115461.70298333236,316.64360782400763,0.2742412415913501,-1.0
2024-01-15 08:00:00,115293.36439037624,115461.70298333236,168.3385929561191,0.1457960419832192,-1.0
2024-01-15 09:00:00,115265.84962593114,115461.70298333236,195.85335740122537,0.16962625038494197,-1.0
2024-01-15 10:00:00,115245.78698890728,115461.70298333236,215.91599442508596,0.18700226035662648,-1.0
2024-01-15 11:00:00,115311.35240861725,115461.70298333236,150.35057471510663,0.13021683452634567,-1.0
2024-01-15 12:00:00,115251.18422062439,115461.70298333236,210.5187627079722,0.1823277825188166,-1.0
2024-01-15 13:00:00,115457.58343610907,115461.70298333236,4.119547223293921,0.003567890579172043,-1.0
2024-01-15 14:00:00,115587.79911522535,115587.79911522535,0.0,0.0,-1.0
2024-01-15 15:00:00,115520.99042001457,115587.79911522535,66.80869521078421,0.057799089282931156,-1.0
2024-01-15 16:00:00,115672.35712860126,115672.35712860126,0.0,0.0,-1.0
2024-01-15 17:00:00,115844.52794255325,115844.52794255325,0.0,0.0,-1.0
2024-01-15 18:00:00,115780.31646886139,115844.52794255325,64.21147369185928,0.055429008890002504,-1.0
2024-01-15 19:00:00,115713.79980728551,115844.52794255325,130.72813526773825,0.11284791572767744,-1.0
2024-01-15 20:00:00,115702.75849269569,115844.52794255325,141.76944985755836,0.12237906474776361,-1.0
2024-01-15 21:00:00,115611.2379807212,115844.52794255325,233.28996183205163,0.2013819435198001,-1.0
2024-01-15 22:00:00,115583.20912727893,115844.52794255325,261.31881527432415,0.22557717651015066,-1.0
2024-01-15 23:00:00,115593.19666880705,115844.52794255325,251.33127374619653,0.2169556717178998,-1.0
2024-01-16 00:00:00,115693.6119049447,115844.52794255325,150.91603760854923,0.13027463643633455,-1.0
2024-01-16 01:00:00,115751.73445525972,115844.52794255325,92.79348729352932,0.08010174407162778,-1.0
2024-01-16 02:00:00,115786.93230460625,115844.52794255325,57.595637947000796,0.04971804794747163,-1.0
2024-01-16 03:00:00,115788.61497511376,115844.52794255325,55.912967439493514,0.0482655231390994,-1.0
2024-01-16 04:00:00,115707.81940011741,115844.52794255325,136.70854243583744,0.11801035824810867,-1.0
2024-01-16 05:00:00,115816.9911727956,115844.52794255325,27.536769757643924,0.023770453595615047,-1.0
2024-01-16 06:00:00,115923.92858847798,115923.92858847798,0.0,0.0,-1.0
2024-01-16 07:00:00,115912.24372937881,115923.92858847798,11.684859099172172,0.010079764584801662,-1.0
2024-01-16 08:00:00,115852.12821526636,115923.92858847798,71.80037321161944,0.0619374913237334,-1.0
2024-01-16 09:00:00,116057.73865901907,116057.73865901907,0.0,0.0,-1.0
2024-01-16 10:00:00,116132.41170412776,116132.41170412776,0.0,0.0,-1.0
2024-01-16 11:00:00,116222.10853326027,116222.10853326027,0.0,0.0,-1.0
2024-01-16 12:00:00,116316.12331933025,116316.12331933025,0.0,0.0,-1.0
2024-01-16 13:00:00,116245.87494947211,116316.12331933025,70.24836985813454,0.06039435278054883,-1.0
2024-01-16 14:00:00,116445.8026078738,116445.8026078738,0.0,0.0,-1.0
2024-01-16 15:00:00,116455.45281457937,116455.45281457937,0.0,0.0,-1.0
2024-01-16 16:00:00,116587.65701497227,116587.65701497227,0.0,0.0,-1.0
2024-01-16 17:00:00,116783.50028531495,116783.50028531495,0.0,0.0,-1.0
2024-01-16 18:00:00,116841.63788851677,116841.63788851677,0.0,0.0,-1.0
2024-01-16 19:00:00,116773.49004764325,116841.63788851677,68.1478408735129,0.0583249619784819,-1.0
2024-01-16 20:00:00,116574.14299629469,116841.63788851677,267.4948922220792,0.22893798568392776,-1.0
2024-01-16 21:00:00,116620.30141536449,116841.63788851677,221.33647315227427,0.1894328744034384,-1.0
2024-01-16 22:00:00,116695.31586013775,116841.63788851677,146.32202837901423,0.12523106575981574,-1.0
2024-01-16 23:00:00,116687.23834676918,116841.63788851677,154.39954174758168,0.13214428053028526,-1.0
2024-01-17 00:00:00,116750.80689211488,116841.63788851677,90.83099640188448,0.07773855112211789,-1.0
2024-01-17 01:00:00,116843.84137593198,116843.84137593198,0.0,0.0,-1.0
2024-01-17 02:00:00,116993.23415501145,116993.23415501145,0.0,0.0,-1.0
2024-01-17 03:00:00,117020.37761589883,117020.37761589883,0.0,0.0,-1.0
2024-01-17 04:00:00,117065.84344855283,117065.84344855283,0.0,0.0,-1.0
2024-01-17 05:00:00,117097.98341560947,117097.98341560947,0.0,0.0,-1.0
2024-01-17 06:00:00,117151.34287894216,117151.34287894216,0.0,0.0,-1.0
2024-01-17 07:00:00,117150.02444084977,117151.34287894216,1.3184380923921708,0.0011254144083986926,-1.0
2024-01-17 08:00:00,117148.22790240032,117151.34287894216,3.1149765418376774,0.002658933705144571,-1.0
2024-01-17 09:00:00,117152.7256184731,117152.7256184731,0.0,0.0,-1.0
2024-01-17 10:00:00,117218.35224263504,117218.35224263504,0.0,0.0,-1.0
2024-01-17 11:00:00,117183.62083984993,117218.35224263504,34.73140278510982,0.0296296630353734,-1.0
2024-01-17 12:00:00,117188.52144653728,117218.35224263504,29.8307960977545,0.02544891267197352,-1.0
2024-01-17 13:00:00,117419.38044324942,117419.38044324942,0.0,0.0,-1.0
2024-01-17 14:00:00,117559.02037729986,117559.02037729986,0.0,0.0,-1.0
2024-01-17 15:00:00,117513.3122695732,117559.02037729986,45.708107726663,0.038880987252160736,-1.0
2024-01-17 16:00:00,117649.77956263255,117649.77956263255,0.0,0.0,-1.0
2024-01-17 17:00:00,117762.51877004092,117762.51877004092,0.0,0.0,-1.0
2024-01-17 18:00:00,117802.12681889303,117802.12681889303,0.0,0.0,-1.0
2024-01-17 19:00:00,117781.32952419239,117802.12681889303,20.797294700634666,0.017654430579685604,-1.0
2024-01-17 20:00:00,117749.17811294388,117802.12681889303,52.94870594915119,0.04494715620079901,-1.0
2024-01-17 21:00:00,117821.5621302222,117821.5621302222,0.0,0.0,-1.0
2024-01-17 22:00:00,117786.93876400255,117821.5621302222,34.623366219646414,0.029386273270913657,-1.0
2024-01-17 23:00:00,117946.66089696974,117946.66089696974,0.0,0.0,-1.0
2024-01-18 00:00:00,118134.74155581524,118134.74155581524,0.0,0.0,-1.0
2024-01-18 01:00:00,118180.46110605843,118180.46110605843,0.0,0.0,-1.0
2024-01-18 02:00:00,118344.33918725065,118344.33918725065,0.0,0.0,-1.0
2024-01-18 03:00:00,118353.18429242037,118353.18429242037,0.0,0.0,-1.0
2024-01-18 04:00:00,118331.74911409196,118353.18429242037,21.435178328407346,0.018111196970794226,-1.0
2024-01-18 05:00:00,118491.77663210648,118491.77663210648,0.0,0.0,-1.0
2024-01-18 06:00:00,118699.76332766704,118699.76332766704,0.0,0.0,-1.0
2024-01-18 07:00:00,118946.07912636625,118946.07912636625,0.0,0.0,-1.0
2024-01-18 08:00:00,119029.34463351396,119029.34463351396,0.0,0.0,-1.0
2024-01-18 09:00:00,119165.55567303293,119165.55567303293,0.0,0.0,-1.0
2024-01-18 10:00:00,119246.61739587954,119246.61739587954,0.0,0.0,-1.0
2024-01-18 11:00:00,119436.9552615494,119436.9552615494,0.0,0.0,-1.0
2024-01-18 12:00:00,119530.28367489333,119530.28367489333,0.0,0.0,-1.0
2024-01-18 13:00:00,119550.53786432644,119550.53786432644,0.0,0.0,-1.0
2024-01-18 14:00:00,119473.7669415663,119550.53786432644,76.77092276014446,0.06421629223221814,-1.0
2024-01-18 15:00:00,119500.65066402953,119550.53786432644,49.88720029691467,0.04172896348950754,-1.0
2024-01-18 16:00:00,119632.01427889375,119632.01427889375,0.0,0.0,-1.0
2024-01-18 17:00:00,119754.41155330068,119754.41155330068,0.0,0.0,-1.0
2024-01-18 18:00:00,119894.3018742876,119894.3018742876,0.0,0.0,-1.0
2024-01-18 19:00:00,119956.36733900668,119956.36733900668,0.0,0.0,-1.0
2024-01-18 20:00:00,119941.16513869316,119956.36733900668,15.202200313520734,0.012673108273242428,-1.0
2024-01-18 21:00:00,119985.27048534127,119985.27048534127,0.0,0.0,-1.0
2024-01-18 22:00:00,120039.97392174212,120039.97392174212,0.0,0.0,-1.0
2024-01-18 23:00:00,120114.14800259538,120114.14800259538,0.0,0.0,-1.0
2024-01-19 00:00:00,120067.36145990687,120114.14800259538,46.78654268851096,0.03895173338572906,-1.0
2024-01-19 01:00:00,120090.77480133814,120114.14800259538,23.373201257243636,0.01945915751468228,-1.0
2024-01-19 02:00:00,120131.90804038872,120131.90804038872,0.0,0.0,-1.0
2024-01-19 03:00:00,119957.68587451431,120131.90804038872,174.22216587440926,0.14502572107306846,-1.0
2024-01-19 04:00:00,120090.93635265168,120131.90804038872,40.97168773703743,0.03410558310891276,-1.0
2024-01-19 05:00:00,120157.33794831575,120157.33794831575,0.0,0.0,-1.0
2024-01-19 06:00:00,120233.86983536057,120233.86983536057,0.0,0.0,-1.0
2024-01-19 07:00:00,120232.32020425775,120233.86983536057,1.549631102825515,0.001288847397948237,-1.0
2024-01-19 08:00:00,120340.94524181077,120340.94524181077,0.0,0.0,-1.0
2024-01-19 09:00:00,120307.75265941743,120340.94524181077,33.19258239334158,0.027582118726627126,-1.0
2024-01-19 10:00:00,120290.27123499432,120340.94524181077,50.674006816450856,0.04210869934138168,-1.0
2024-01-19 11:00:00,120403.10423956849,120403.10423956849,0.0,0.0,-1.0
2024-01-19 12:00:00,120488.8204131829,120488.8204131829,0.0,0.0,-1.0
2024-01-19 13:00:00,120411.06038666607,120488.8204131829,77.76002651682938,0.06453712987659188,-1.0
2024-01-19 14:00:00,120469.92893017047,120488.8204131829,18.89148301242676,0.015679033911730294,-1.0
2024-01-19 15:00:00,120444.07916481316,120488.8204131829,44.74124836974079,0.037133111782747245,-1.0
2024-01-19 16:00:00,120480.81980935103,120488.8204131829,8.00060383186792,0.0066401213028993685,-1.0
2024-01-19 17:00:00,120705.49854801122,120705.49854801122,0.0,0.0,-1.0
2024-01-19 18:00:00,120549.52039109022,120705.49854801122,155.97815692100266,0.12922208084742848,-1.0
2024-01-19 19:00:00,120428.89430909326,120705.49854801122,276.6042389179638,0.22915628719924727,-1.0
2024-01-19 20:00:00,120430.99099344769,120705.49854801122,274.50755456353363,0.2274192624740677,-1.0
2024-01-19 21:00:00,120233.1373218623,120705.49854801122,472.3612261489179,0.391333644143008,-1.0
2024-01-19 22:00:00,120078.7879716138,120705.49854801122,626.710576397425,0.5192063194603747,-1.0
2024-01-19 23:00:00,120246.30375424321,120705.49854801122,459.1947937680088,0.3804257463758884,-1.0
2024-01-20 00:00:00,120255.41641740281,120705.49854801122,450.0821306084108,0.37287624509449196,-1.0
2024-01-20 01:00:00,120525.0253733325,120705.49854801122,180.47317467872926,0.14951528873968004,-1.0
2024-01-20 02:00:00,120471.54839552713,120705.49854801122,233.9501524840889,0.19381896872828377,-1.0
2024-01-20 03:00:00,120489.70021564008,120705.49854801122,215.7983323711378,0.17878086331361526,-1.0
2024-01-20 04:00:00,120496.73175194902,120705.49854801122,208.76679606220569,0.17295549794624115,-1.0
2024-01-20 05:00:00,120593.88460036654,120705.49854801122,111.61394764468423,0.09246798943487171,-1.0
2024-01-20 06:00:00,120618.39463881766,120705.49854801122,87.10390919356723,0.07216233745882025,-1.0
2024-01-20 07:00:00,120603.54863772342,120705.49854801122,101.9499102878035,0.08446169521204737,-1.0
2024-01-20 08:00:00,120676.68487015755,120705.49854801122,28.813677853671834,0.023871056580086987,-1.0
2024-01-20 09:00:00,120864.37345877514,120864.37345877514,0.0,0.0,-1.0
2024-01-20 10:00:00,120990.65432773247,120990.65432773247,0.0,0.0,-1.0
2024-01-20 11:00:00,120977.40748610145,120990.65432773247,13.246841631014831,0.010948648641185586,-1.0
2024-01-20 12:00:00,120928.23022149352,120990.65432773247,62.4241062389483,0.051594155421176166,-1.0
2024-01-20 13:00:00,120908.95132272253,120990.65432773247,81.70300500994199,0.06752836032164074,-1.0
2024-01-20 14:00:00,120831.57703418595,120990.65432773247,159.0772935465211,0.13147899267956825,-1.0
2024-01-20 15:00:00,120896.31798241867,120990.65432773247,94.33634531380085,0.077969943908451,-1.0
2024-01-20 16:00:00,121027.6966002921,121027.6966002921,0.0,0.0,-1.0
2024-01-20 17:00:00,121070.56260044206,121070.56260044206,0.0,0.0,-1.0
2024-01-20 18:00:00,121136.55094008853,121136.55094008853,0.0,0.0,-1.0
2024-01-20 19:00:00,121364.092397604,121364.092397604,0.0,0.0,-1.0
2024-01-20 20:00:00,121444.86592448685,121444.86592448685,0.0,0.0,-1.0
2024-01-20 21:00:00,121565.05969853452,121565.05969853452,0.0,0.0,-1.0
2024-01-20 22:00:00,121525.01390073757,121565.05969853452,40.045797796949046,0.032941864953842326,-1.0
2024-01-20 23:00:00,121538.93325135365,121565.05969853452,26.126447180868126,0.021491740509697693,-1.0
2024-01-21 00:00:00,121716.1602891303,121716.1602891303,0.0,0.0,-1.0
2024-01-21 01:00:00,121708.23302740147,121716.1602891303,7.927261728837038,0.006512908154518058,-1.0
2024-01-21 02:00:00,121906.97100810311,121906.97100810311,0.0,0.0,-1.0
2024-01-21 03:00:00,122068.22741831059,122068.22741831059,0.0,0.0,-1.0
2024-01-21 04:00:00,122193.38981441523,122193.38981441523,0.0,0.0,-1.0
2024-01-21 05:00:00,122126.12032544927,122193.38981441523,67.2694889659615,0.055051659560414024,-1.0
2024-01-21 06:00:00,122144.92167704224,122193.38981441523,48.46813737299817,0.03966510581841666,-1.0
2024-01-21 07:00:00,122259.34256092664,122259.34256092664,0.0,0.0,-1.0
2024-01-21 08:00:00,122210.76775347644,122259.34256092664,48.57480745020439,0.03973095751434918,-1.0
2024-01-21 09:00:00,122241.76002875478,122259.34256092664,17.582532171858475,0.014381340356951785,-1.0
2024-01-21 10:00:00,122366.97312366754,122366.97312366754,0.0,0.0,-1.0
2024-01-21 11:00:00,122360.15590087531,122366.97312366754,6.817222792233224,0.005571129707804037,-1.0
2024-01-21 12:00:00,122325.51045174844,122366.97312366754,41.4626719191001,0.03388387475858927,-1.0
2024-01-21 13:00:00,122195.43300586962,122366.97312366754,171.540117797922,0.1401849808155005,-1.0
2024-01-21 14:00:00,122206.76958609819,122366.97312366754,160.2035375693522,0.13092056907172653,-1.0
2024-01-21 15:00:00,122334.0877373792,122366.97312366754,32.88538628834067,0.02687439710967253,-1.0
2024-01-21 16:00:00,122296.79736984655,122366.97312366754,70.17575382099312,0.05734860643326653,-1.0
2024-01-21 17:00:00,122348.58458049332,122366.97312366754,18.38854317422374,0.015027374384458914,-1.0
2024-01-21 18:00:00,122376.16365331391,122376.16365331391,0.0,0.0,-1.0
2024-01-21 19:00:00,122359.5012977171,122376.16365331391,16.662355596810812,0.013615687156213283,-1.0
2024-01-01 01:00:00,122493.27185765469,122493.27185765469,0.0,0.0,-1.0
2024-01-01 02:00:00,122707.49908577128,122707.49908577128,0.0,0.0,-1.0
2024-01-01 03:00:00,122857.93288013546,122857.93288013546,0.0,0.0,-1.0
2024-01-01 04:00:00,122838.33923989038,122857.93288013546,19.59364024507522,0.0159482092737076,-1.0
2024-01-01 05:00:00,123087.57580627498,123087.57580627498,0.0,0.0,-1.0
2024-01-01 06:00:00,123237.71609729799,123237.71609729799,0.0,0.0,-1.0
2024-01-01 07:00:00,123241.98039040156,123241.98039040156,0.0,0.0,-1.0
2024-01-01 08:00:00,123214.44775219036,123241.98039040156,27.532638211196172,0.022340308167703295,-1.0
2024-01-01 09:00:00,123376.55167857485,123376.55167857485,0.0,0.0,-1.0
2024-01-01 10:00:00,123443.92859877058,123443.92859877058,0.0,0.0,-1.0
2024-01-01 11:00:00,123408.85211390181,123443.92859877058,35.0764848687686,0.028414912962449204,-1.0
2024-01-01 12:00:00,123444.04121595462,123444.04121595462,0.0,0.0,-1.0
2024-01-01 13:00:00,123453.32153416649,123453.32153416649,0.0,0.0,-1.0
2024-01-01 14:00:00,123420.91562229769,123453.32153416649,32.40591186880192,0.026249526109213175,-1.0
2024-01-01 15:00:00,123572.37424762384,123572.37424762384,0.0,0.0,-1.0
2024-01-01 16:00:00,123700.54666645527,123700.54666645527,0.0,0.0,-1.0
2024-01-01 17:00:00,123834.40081421119,123834.40081421119,0.0,0.0,-1.0
2024-01-01 18:00:00,123966.86785354314,123966.86785354314,0.0,0.0,-1.0
2024-01-01 19:00:00,123925.26447907239,123966.86785354314,41.6033744707529,0.033560075519455675,-1.0
2024-01-01 20:00:00,123914.89575189269,123966.86785354314,51.97210165044817,0.041924187123812,-1.0
2024-01-01 21:00:00,124110.76150418646,124110.76150418646,0.0,0.0,-1.0
2024-01-01 22:00:00,124171.56271643036,124171.56271643036,0.0,0.0,-1.0
2024-01-01 23:00:00,124074.51564705993,124171.56271643036,97.04706937042647,0.07815563181084555,-1.0
2024-01-02 00:00:00,124065.36286343972,124171.56271643036,106.19985299064138,0.08552671051838912,-1.0
2024-01-02 01:00:00,124180.84198960653,124180.84198960653,0.0,0.0,-1.0
2024-01-02 02:00:00,124283.24613334355,124283.24613334355,0.0,0.0,-1.0
2024-01-02 03:00:00,124239.45917302738,124283.24613334355,43.7869603161671,0.03523158726413377,-1.0
2024-01-02 04:00:00,124478.13132895314,124478.13132895314,0.0,0.0,-1.0
2024-01-02 05:00:00,124378.07187024226,124478.13132895314,100.05945871087897,0.08038316260263904,-1.0
2024-01-02 06:00:00,124439.1615132586,124478.13132895314,38.96981569453783,0.03130655584116533,-1.0
2024-01-02 07:00:00,124662.8167985352,124662.8167985352,0.0,0.0,-1.0
2024-01-02 08:00:00,124771.98250692875,124771.98250692875,0.0,0.0,-1.0
2024-01-02 09:00:00,124905.60446383388,124905.60446383388,0.0,0.0,-1.0
2024-01-02 10:00:00,124850.28804891686,124905.60446383388,55.31641491701885,0.044286575573985215,-1.0
2024-01-02 11:00:00,124934.99269467655,124934.99269467655,0.0,0.0,-1.0
2024-01-02 12:00:00,124981.33242840705,124981.33242840705,0.0,0.0,-1.0
2024-01-02 13:00:00,124918.32801149062,124981.33242840705,63.00441691643209,0.0504110619500099,-1.0
2024-01-02 14:00:00,125054.83516043812,125054.83516043812,0.0,0.0,-1.0
2024-01-02 15:00:00,125022.88648657304,125054.83516043812,31.948673865073943,0.025547731780291138,-1.0
2024-01-02 16:00:00,125002.7940233562,125054.83516043812,52.04113708192017,0.04161465409566483,-1.0
2024-01-02 17:00:00,125096.05195556468,125096.05195556468,0.0,0.0,-1.0
2024-01-02 18:00:00,125131.72741100017,125131.72741100017,0.0,0.0,-1.0
2024-01-02 19:00:00,125198.65621336577,125198.65621336577,0.0,0.0,-1.0
2024-01-02 20:00:00,125228.2062474888,125228.2062474888,0.0,0.0,-1.0
2024-01-02 21:00:00,125419.5123318392,125419.5123318392,0.0,0.0,-1.0
2024-01-02 22:00:00,125377.00926711534,125419.5123318392,42.50306472386001,0.03388871789853875,-1.0
2024-01-02 23:00:00,125380.52838909473,125419.5123318392,38.98394274446764,0.03108283712770514,-1.0
2024-01-03 00:00:00,125478.64554485265,125478.64554485265,0.0,0.0,-1.0
2024-01-03 01:00:00,125429.85376148856,125478.64554485265,48.79178336409677,0.038884531429418424,-1.0
2024-01-03 02:00:00,125376.63142324897,125478.64554485265,102.01412160368636,0.08129998627313934,-1.0
2024-01-03 03:00:00,125440.40581264927,125478.64554485265,38.23973220337939,0.030475091628009727,-1.0
2024-01-03 04:00:00,125577.14115054117,125577.14115054117,0.0,0.0,-1.0
2024-01-03 05:00:00,125726.92893212059,125726.92893212059,0.0,0.0,-1.0
2024-01-03 06:00:00,125786.10291971931,125786.10291971931,0.0,0.0,-1.0
2024-01-03 07:00:00,125768.88965386958,125786.10291971931,17.213265849728487,0.013684552943590708,-1.0
2024-01-03 08:00:00,125846.45597363301,125846.45597363301,0.0,0.0,-1.0
2024-01-03 09:00:00,125953.06980450425,125953.06980450425,0.0,0.0,-1.0
2024-01-03 10:00:00,126029.25587043328,126029.25587043328,0.0,0.0,-1.0
2024-01-03 11:00:00,126202.67285631242,126202.67285631242,0.0,0.0,-1.0
2024-01-03 12:00:00,126151.25672978692,126202.67285631242,51.4161265254952,0.04074091725777856,-1.0
2024-01-03 13:00:00,126131.55912802256,126202.67285631242,71.11372828985623,0.05634882897513787,-1.0
2024-01-03 14:00:00,126291.09404746244,126291.09404746244,0.0,0.0,-1.0
2024-01-03 15:00:00,126193.79206441091,126291.09404746244,97.3019830515259,0.07704579945673609,-1.0
2024-01-03 16:00:00,126189.85349170276,126291.09404746244,101.24055575967941,0.08016444589642356,-1.0
2024-01-03 17:00:00,126166.69946223013,126291.09404746244,124.3945852323086,0.098498303598161,-1.0
2024-01-03 18:00:00,126060.27897209543,126291.09404746244,230.8150753670052,0.182764332756719,-1.0
2024-01-03 19:00:00,126091.56409163134,126291.09404746244,199.5299558310944,0.15799210335141092,-1.0
2024-01-03 20:00:00,126216.19347762018,126291.09404746244,74.90056984225521,0.059307879472566966,-1.0
2024-01-03 21:00:00,126281.82626917229,126291.09404746244,9.267778290144634,0.007338425848668029,-1.0
2024-01-03 22:00:00,126411.7866477025,126411.7866477025,0.0,0.0,-1.0
2024-01-03 23:00:00,126580.9822444668,126580.9822444668,0.0,0.0,-1.0
2024-01-04 00:00:00,126592.41906837224,126592.41906837224,0.0,0.0,-1.0
2024-01-04 01:00:00,126907.10367067112,126907.10367067112,0.0,0.0,-1.0
2024-01-04 02:00:00,126922.56212826473,126922.56212826473,0.0,0.0,-1.0
2024-01-04 03:00:00,126951.30902568037,126951.30902568037,0.0,0.0,-1.0
2024-01-04 04:00:00,126930.54697199349,126951.30902568037,20.762053686878062,0.016354343918327147,-1.0
2024-01-04 05:00:00,127035.08592008596,127035.08592008596,0.0,0.0,-1.0
2024-01-04 06:00:00,127056.03557818825,127056.03557818825,0.0,0.0,-1.0
2024-01-04 07:00:00,127098.14635599675,127098.14635599675,0.0,0.0,-1.0
2024-01-04 08:00:00,127127.62505537416,127127.62505537416,0.0,0.0,-1.0
2024-01-04 09:00:00,127154.83460065146,127154.83460065146,0.0,0.0,-1.0
2024-01-04 10:00:00,127220.66320359132,127220.66320359132,0.0,0.0,-1.0
2024-01-04 11:00:00,127225.64084828766,127225.64084828766,0.0,0.0,-1.0
2024-01-04 12:00:00,127235.31129009595,127235.31129009595,0.0,0.0,-1.0
2024-01-04 13:00:00,127392.59643915805,127392.59643915805,0.0,0.0,-1.0
2024-01-04 14:00:00,127413.24419276991,127413.24419276991,0.0,0.0,-1.0
2024-01-04 15:00:00,127501.59943314063,127501.59943314063,0.0,0.0,-1.0
2024-01-04 16:00:00,127462.65025909178,127501.59943314063,38.949174048844725,0.030547988591522666,-1.0
2024-01-04 17:00:00,127468.1812563765,127501.59943314063,33.418176764127566,0.02621000592361307,-1.0
2024-01-04 18:00:00,127394.92520012743,127501.59943314063,106.6742330131965,0.08366501556643954,-1.0
2024-01-04 19:00:00,127630.36854346361,127630.36854346361,0.0,0.0,-1.0
2024-01-04 20:00:00,127817.91451123042,127817.91451123042,0.0,0.0,-1.0
2024-01-04 21:00:00,127927.4604105583,127927.4604105583,0.0,0.0,-1.0
2024-01-04 22:00:00,128192.57068258728,128192.57068258728,0.0,0.0,-1.0
2024-01-04 23:00:00,128319.59928772559,128319.59928772559,0.0,0.0,-1.0
2024-01-05 00:00:00,128352.40171336071,128352.40171336071,0.0,0.0,-1.0
2024-01-05 01:00:00,128439.65368006988,128439.65368006988,0.0,0.0,-1.0
2024-01-05 02:00:00,128625.7323156178,128625.7323156178,0.0,0.0,-1.0
2024-01-05 03:00:00,128587.70069811701,128625.7323156178,38.03161750079016,0.029567658676157713,-1.0
2024-01-05 04:00:00,128520.41891939036,128625.7323156178,105.31339622744417,0.0818758380080818,-1.0
2024-01-05 05:00:00,128611.02683605335,128625.7323156178,14.705479564450798,0.011432766445493932,-1.0
2024-01-05 06:00:00,128602.34186269848,128625.7323156178,23.39045291932416,0.018184893876389677,-1.0
2024-01-05 07:00:00,128426.35172595263,128625.7323156178,199.38058966517565,0.15500832226629568,-1.0
2024-01-05 08:00:00,128352.05839126157,128625.7323156178,273.67392435623333,0.21276763166230284,-1.0
2024-01-05 09:00:00,128370.91595632622,128625.7323156178,254.81635929158074,0.19810682878471028,-1.0
2024-01-05 10:00:00,128425.73483180102,128625.7323156178,199.99748381678364,0.1554879262619365,-1.0
2024-01-05 11:00:00,128483.53174173935,128625.7323156178,142.2005738784501,0.11055375259557143,-1.0
2024-01-05 12:00:00,128734.0513757629,128734.0513757629,0.0,0.0,-1.0
2024-01-05 13:00:00,128763.28885009278,128763.28885009278,0.0,0.0,-1.0
2024-01-05 14:00:00,128841.10139904638,128841.10139904638,0.0,0.0,-1.0
2024-01-05 15:00:00,128728.51219630893,128841.10139904638,112.58920273745025,0.0873860914839118,-1.0
2024-01-05 16:00:00,128775.3986424774,128841.10139904638,65.70275656897866,0.05099518387807337,-1.0
2024-01-05 17:00:00,128858.81853679458,128858.81853679458,0.0,0.0,-1.0
2024-01-05 18:00:00,128771.29258869647,128858.81853679458,87.52594809811853,0.0679239101304706,-1.0
2024-01-05 19:00:00,128727.89339273277,128858.81853679458,130.92514406181,0.10160355771415472,-1.0
2024-01-05 20:00:00,128826.81025611646,128858.81853679458,32.00828067812836,0.024839806108410543,-1.0
2024-01-05 21:00:00,128822.17762968526,128858.81853679458,36.64090710932214,0.028434923993082888,-1.0
2024-01-05 22:00:00,128861.92345253426,128861.92345253426,0.0,0.0,-1.0
2024-01-05 23:00:00,128966.00120443015,128966.00120443015,0.0,0.0,-1.0
2024-01-06 00:00:00,129219.68842160974,129219.68842160974,0.0,0.0,-1.0
2024-01-06 01:00:00,129247.5099015019,129247.5099015019,0.0,0.0,-1.0
2024-01-06 02:00:00,129474.42970938963,129474.42970938963,0.0,0.0,-1.0
2024-01-06 03:00:00,129328.55234326007,129474.42970938963,145.87736612955632,0.1126688616871947,-1.0
2024-01-06 04:00:00,129393.38862912827,129474.42970938963,81.04108026136237,0.06259234386531937,-1.0
2024-01-06 05:00:00,129409.97970841874,129474.42970938963,64.45000097088632,0.04977816941580422,-1.0
2024-01-06 06:00:00,129406.73381001191,129474.42970938963,67.69589937772253,0.052285149685284256,-1.0
2024-01-06 07:00:00,129522.5405675676,129522.5405675676,0.0,0.0,-1.0
2024-01-06 08:00:00,129551.07850102909,129551.07850102909,0.0,0.0,-1.0
2024-01-06 09:00:00,129398.58316753976,129551.07850102909,152.49533348932164,0.11771058585831093,-1.0
2024-01-06 10:00:00,129289.74624271471,129551.07850102909,261.3322583143745,0.20172140698334565,-1.0
2024-01-06 11:00:00,129411.94893855035,129551.07850102909,139.1295624787308,0.10739359647833856,-1.0
2024-01-06 12:00:00,129298.22614785795,129551.07850102909,252.85235317113984,0.19517579945822783,-1.0
2024-01-06 13:00:00,129423.10826597603,129551.07850102909,127.97023505305697,0.09877975276912916,-1.0
2024-01-06 14:00:00,129485.58561476714,129551.07850102909,65.49288626194175,0.05055371751414752,-1.0
2024-01-06 15:00:00,129518.55716158457,129551.07850102909,32.52133944451634,0.025103102051178994,-1.0
2024-01-06 16:00:00,129560.40974426475,129560.40974426475,0.0,0.0,-1.0
2024-01-06 17:00:00,129661.88554628275,129661.88554628275,0.0,0.0,-1.0
2024-01-06 18:00:00,129594.13694892211,129661.88554628275,67.74859736063809,0.05225020218949019,-1.0
2024-01-06 19:00:00,129648.36605832189,129661.88554628275,13.519487960860715,0.010426724788014085,-1.0
2024-01-06 20:00:00,129584.41577891377,129661.88554628275,77.46976736898068,0.05974752491265283,-1.0
2024-01-06 21:00:00,129650.78025651406,129661.88554628275,11.105289768689545,0.008564806629104214,-1.0
2024-01-06 22:00:00,129765.42793513389,129765.42793513389,0.0,0.0,-1.0
2024-01-06 23:00:00,129832.02252141513,129832.02252141513,0.0,0.0,-1.0
2024-01-07 00:00:00,129942.88273780819,129942.88273780819,0.0,0.0,-1.0
2024-01-07 01:00:00,129922.88125429886,129942.88273780819,20.001483509331592,0.015392519457713985,-1.0
2024-01-07 02:00:00,129966.6632488668,129966.6632488668,0.0,0.0,-1.0
2024-01-07 03:00:00,129992.8656675543,129992.8656675543,0.0,0.0,-1.0
2024-01-07 04:00:00,130012.5217288406,130012.5217288406,0.0,0.0,-1.0
2024-01-07 05:00:00,129982.4576123954,130012.5217288406,30.064116445195395,0.023124016091233383,-1.0
2024-01-07 06:00:00,129989.2753574529,130012.5217288406,23.246371387693216,0.01788010191524228,-1.0
2024-01-07 07:00:00,129928.00489795225,130012.5217288406,84.51683088834397,0.06500668532882987,-1.0
2024-01-07 08:00:00,129808.5894317698,130012.5217288406,203.93229707080172,0.15685588923206276,-1.0
2024-01-07 09:00:00,129788.51776571572,130012.5217288406,224.0039631248801,0.17229414532245738,-1.0
2024-01-07 10:00:00,129901.11373059383,130012.5217288406,111.40799824676651,0.08569020642421163,-1.0
2024-01-07 11:00:00,129974.5203296994,130012.5217288406,38.00139914119791,0.029229030124079257,-1.0
2024-01-07 12:00:00,129898.86000927468,130012.5217288406,113.66171956592007,0.08742367123912692,-1.0
2024-01-07 13:00:00,129908.25887393663,130012.5217288406,104.26285490396549,0.08019447166898304,-1.0
2024-01-07 14:00:00,130027.50530807307,130027.50530807307,0.0,0.0,-1.0
2024-01-07 15:00:00,130032.65617109436,130032.65617109436,0.0,0.0,-1.0
2024-01-07 16:00:00,129940.87955178147,130032.65617109436,91.77661931289185,0.07057966976551953,-1.0
2024-01-07 17:00:00,130216.6424064229,130216.6424064229,0.0,0.0,-1.0
2024-01-07 18:00:00,130249.9465233576,130249.9465233576,0.0,0.0,-1.0
2024-01-07 19:00:00,130183.58863335771,130249.9465233576,66.35788999989745,0.05094657753889945,-1.0
2024-01-07 20:00:00,130250.71498593973,130250.71498593973,0.0,0.0,-1.0
2024-01-07 21:00:00,130292.15465270846,130292.15465270846,0.0,0.0,-1.0
2024-01-07 22:00:00,130188.00684221702,130292.15465270846,104.14781049144221,0.0799340610868294,-1.0
2024-01-07 23:00:00,130247.34372829733,130292.15465270846,44.8109244111256,0.034392649757438096,-1.0
2024-01-08 00:00:00,130395.7172794369,130395.7172794369,0.0,0.0,-1.0
2024-01-08 01:00:00,130422.42625868788,130422.42625868788,0.0,0.0,-1.0
2024-01-08 02:00:00,130266.4064039662,130422.42625868788,156.01985472167144,0.11962655441803548,-1.0
2024-01-08 03:00:00,130350.59856502514,130422.42625868788,71.82769366273715,0.05507311566207921,-1.0
2024-01-08 04:00:00,130460.88856954995,130460.88856954995,0.0,0.0,-1.0
2024-01-08 05:00:00,130452.24736186715,130460.88856954995,8.641207682798267,0.006623600205046555,-1.0
2024-01-08 06:00:00,130444.34120173323,130460.88856954995,16.54736781671818,0.012683776722781264,-1.0
2024-01-08 07:00:00,130720.126831759,130720.126831759,0.0,0.0,-1.0
2024-01-08 08:00:00,130704.3054018748,130720.126831759,15.821429884206736,0.01210328529176645,-1.0
2024-01-08 09:00:00,130642.11730524137,130720.126831759,78.0095265176351,0.05967675246982881,-1.0
2024-01-08 10:00:00,130694.62871364396,130720.126831759,25.49811811503605,0.019505885385081478,-1.0
2024-01-08 11:00:00,130802.11294622101,130802.11294622101,0.0,0.0,-1.0
2024-01-08 12:00:00,130905.35631909204,130905.35631909204,0.0,0.0,-1.0
2024-01-08 13:00:00,130708.54954366147,130905.35631909204,196.80677543056663,0.15034279800654965,-1.0
2024-01-08 14:00:00,130692.47639307257,130905.35631909204,212.87992601946462,0.16262124943195844,-1.0
2024-01-08 15:00:00,130857.76519758545,130905.35631909204,47.591121506586205,0.036355366078817376,-1.0
2024-01-08 16:00:00,130940.43414411963,130940.43414411963,0.0,0.0,-1.0
2024-01-08 17:00:00,130866.855002969,130940.43414411963,73.57914115063613,0.05619283426970406,-1.0
2024-01-08 18:00:00,131041.09593375861,131041.09593375861,0.0,0.0,-1.0
2024-01-08 19:00:00,131187.58570566922,131187.58570566922,0.0,0.0,-1.0
2024-01-08 20:00:00,131207.92554486694,131207.92554486694,0.0,0.0,-1.0
2024-01-08 21:00:00,131345.87226354805,131345.87226354805,0.0,0.0,-1.0
2024-01-08 22:00:00,131595.84784674385,131595.84784674385,0.0,0.0,-1.0
2024-01-08 23:00:00,131540.40982721932,131595.84784674385,55.43801952453214,0.04212748383147704,-1.0
2024-01-09 00:00:00,131645.95444543962,131645.95444543962,0.0,0.0,-1.0
2024-01-09 01:00:00,131894.54892304842,131894.54892304842,0.0,0.0,-1.0
2024-01-09 02:00:00,132009.851878378,132009.851878378,0.0,0.0,-1.0
2024-01-09 03:00:00,131984.41359244156,132009.851878378,25.438285936426837,0.019269990515452882,-1.0
2024-01-09 04:00:00,132058.3049164857,132058.3049164857,0.0,0.0,-1.0
2024-01-09 05:00:00,132245.29324248096,132245.29324248096,0.0,0.0,-1.0
2024-01-09 06:00:00,132193.71659578854,132245.29324248096,51.57664669241058,0.0390007428074141,-1.0
2024-01-09 07:00:00,132240.7069250595,132245.29324248096,4.58631742146099,0.0034680383014098334,-1.0
2024-01-09 08:00:00,132266.35864288133,132266.35864288133,0.0,0.0,-1.0
2024-01-09 09:00:00,132253.21747920592,132266.35864288133,13.14116367540555,0.009935378738963127,-1.0
2024-01-09 10:00:00,132327.37296605358,132327.37296605358,0.0,0.0,-1.0
2024-01-09 11:00:00,132367.30124064797,132367.30124064797,0.0,0.0,-1.0
2024-01-09 12:00:00,132481.63625860494,132481.63625860494,0.0,0.0,-1.0
2024-01-09 13:00:00,132645.73320803058,132645.73320803058,0.0,0.0,-1.0
2024-01-09 14:00:00,132568.45016598518,132645.73320803058,77.28304204539745,0.05826274255214311,-1.0
2024-01-09 15:00:00,132625.20327238322,132645.73320803058,20.52993564735516,0.015477268021247024,-1.0
2024-01-09 16:00:00,132669.89065850776,132669.89065850776,0.0,0.0,-1.0
2024-01-09 17:00:00,132740.23212584673,132740.23212584673,0.0,0.0,-1.0
2024-01-09 18:00:00,132788.68504137002,132788.68504137002,0.0,0.0,-1.0
2024-01-09 19:00:00,132740.61875014703,132788.68504137002,48.06629122298909,0.03619758054537113,-1.0
2024-01-09 20:00:00,132936.09370368408,132936.09370368408,0.0,0.0,-1.0
2024-01-09 21:00:00,133174.16981830433,133174.16981830433,0.0,0.0,-1.0
2024-01-09 22:00:00,133278.8587886495,133278.8587886495,0.0,0.0,-1.0
2024-01-09 23:00:00,133388.6689666256,133388.6689666256,0.0,0.0,-1.0
2024-01-10 00:00:00,133451.77388302173,133451.77388302173,0.0,0.0,-1.0
2024-01-10 01:00:00,133598.69420519963,133598.69420519963,0.0,0.0,-1.0
2024-01-10 02:00:00,133404.37967467654,133598.69420519963,194.31453052308643,0.14544642945733505,-1.0
2024-01-10 03:00:00,133453.99344679737,133598.69420519963,144.7007584022649,0.10831000951252799,-1.0
2024-01-10 04:00:00,133446.7307465278,133598.69420519963,151.96345867181662,0.11374621554190477,-1.0
2024-01-10 05:00:00,133511.31255632994,133598.69420519963,87.38164886969025,0.06540606507386759,-1.0
2024-01-10 06:00:00,133670.57531284724,133670.57531284724,0.0,0.0,-1.0
2024-01-10 07:00:00,133722.47873046884,133722.47873046884,0.0,0.0,-1.0
2024-01-10 08:00:00,133736.42949660178,133736.42949660178,0.0,0.0,-1.0
2024-01-10 09:00:00,133646.10239362772,133736.42949660178,90.3271029740572,0.06754113543636396,-1.0
2024-01-10 10:00:00,133685.17474240588,133736.42949660178,51.25475419589202,0.0383252000885775,-1.0
2024-01-10 11:00:00,133802.40251209695,133802.40251209695,0.0,0.0,-1.0
2024-01-10 12:00:00,133768.29369939576,133802.40251209695,34.10881270118989,0.025491928441349284,-1.0
2024-01-10 13:00:00,133617.9597136948,133802.40251209695,184.4427984021313,0.13784714993100067,-1.0
2024-01-10 14:00:00,133895.38372881594,133895.38372881594,0.0,0.0,-1.0
2024-01-10 15:00:00,133978.90127722602,133978.90127722602,0.0,0.0,-1.0
2024-01-10 16:00:00,134006.74391836693,134006.74391836693,0.0,0.0,-1.0
2024-01-10 17:00:00,134195.84339888737,134195.84339888737,0.0,0.0,-1.0
2024-01-10 18:00:00,134259.99133303575,134259.99133303575,0.0,0.0,-1.0
2024-01-10 19:00:00,134443.19451419887,134443.19451419887,0.0,0.0,-1.0
2024-01-10 20:00:00,134617.83063578658,134617.83063578658,0.0,0.0,-1.0
2024-01-10 21:00:00,134540.37854839806,134617.83063578658,77.45208738851943,0.05753479091344805,-1.0
2024-01-10 22:00:00,134636.37801003936,134636.37801003936,0.0,0.0,-1.0
2024-01-10 23:00:00,134858.9065757363,134858.9065757363,0.0,0.0,-1.0
2024-01-11 00:00:00,134809.04150670153,134858.9065757363,49.865069034771295,0.036975732861045586,-1.0
2024-01-11 01:00:00,134760.4040474963,134858.9065757363,98.502528240002,0.07304117372825006,-1.0
2024-01-11 02:00:00,134728.6839405461,134858.9065757363,130.22263519020635,0.09656213185821269,-1.0
2024-01-11 03:00:00,134867.72579909512,134867.72579909512,0.0,0.0,-1.0
2024-01-11 04:00:00,134946.16437038148,134946.16437038148,0.0,0.0,-1.0
2024-01-11 05:00:00,134802.58713729752,134946.16437038148,143.57723308395362,0.10639593481877913,-1.0
2024-01-11 06:00:00,134886.68174964923,134946.16437038148,59.4826207322476,0.04407877838527368,-1.0
2024-01-11 07:00:00,134911.4902563621,134946.16437038148,34.67411401937716,0.025694775528564463,-1.0
2024-01-11 08:00:00,134950.26266949708,134950.26266949708,0.0,0.0,-1.0
2024-01-11 09:00:00,134916.56065985298,134950.26266949708,33.702009644097416,0.024973652497910333,-1.0
2024-01-11 10:00:00,135001.3864820044,135001.3864820044,0.0,0.0,-1.0
2024-01-11 11:00:00,135156.4323100351,135156.4323100351,0.0,0.0,-1.0
2024-01-11 12:00:00,135142.23567330185,135156.4323100351,14.196636733249761,0.01050385578444696,-1.0
2024-01-11 13:00:00,135023.99007020815,135156.4323100351,132.44223982695257,0.09799181405080563,-1.0
2024-01-11 14:00:00,135043.67863805647,135156.4323100351,112.75367197862943,0.08342456962757346,-1.0
2024-01-11 15:00:00,135169.3073109167,135169.3073109167,0.0,0.0,-1.0
2024-01-11 16:00:00,135177.20427633045,135177.20427633045,0.0,0.0,-1.0
2024-01-11 17:00:00,135077.44938021444,135177.20427633045,99.75489611600642,0.0737956496807602,-1.0
2024-01-11 18:00:00,135203.7736651064,135203.7736651064,0.0,0.0,-1.0
2024-01-11 19:00:00,135395.30847980623,135395.30847980623,0.0,0.0,-1.0
2024-01-11 20:00:00,135447.31003481732,135447.31003481732,0.0,0.0,-1.0
2024-01-11 21:00:00,135336.73094881917,135447.31003481732,110.57908599814982,0.08163992771043219,-1.0
2024-01-11 22:00:00,135354.94789461722,135447.31003481732,92.36214020010084,0.06819045736409143,-1.0
2024-01-11 23:00:00,135420.10178269976,135447.31003481732,27.208252117561642,0.02008770208176718,-1.0
2024-01-12 00:00:00,135389.13045197458,135447.31003481732,58.17958284274209,0.04295366429040694,-1.0
2024-01-12 01:00:00,135497.4676751017,135497.4676751017,0.0,0.0,-1.0
2024-01-12 02:00:00,135456.72156361173,135497.4676751017,40.74611148997792,0.030071492987366884,-1.0
2024-01-12 03:00:00,135509.28433085192,135509.28433085192,0.0,0.0,-1.0
2024-01-12 04:00:00,135536.4521224181,135536.4521224181,0.0,0.0,-1.0
2024-01-12 05:00:00,135648.0376022331,135648.0376022331,0.0,0.0,-1.0
2024-01-12 06:00:00,135696.61068447362,135696.61068447362,0.0,0.0,-1.0
2024-01-12 07:00:00,135726.9615144657,135726.9615144657,0.0,0.0,-1.0
2024-01-12 08:00:00,135696.6749904423,135726.9615144657,30.28652402339503,0.022314301952576398,-1.0
2024-01-12 09:00:00,135750.15189190162,135750.15189190162,0.0,0.0,-1.0
2024-01-12 10:00:00,135774.13114176574,135774.13114176574,0.0,0.0,-1.0
2024-01-12 11:00:00,135737.07811614295,135774.13114176574,37.05302562279394,0.027290195349588202,-1.0
2024-01-12 12:00:00,135803.0272185848,135803.0272185848,0.0,0.0,-1.0
2024-01-12 13:00:00,135889.4243525904,135889.4243525904,0.0,0.0,-1.0
2024-01-12 14:00:00,135905.58363038473,135905.58363038473,0.0,0.0,-1.0
2024-01-12 15:00:00,136048.7405534911,136048.7405534911,0.0,0.0,-1.0
2024-01-12 16:00:00,136125.13798443472,136125.13798443472,0.0,0.0,-1.0
2024-01-12 17:00:00,136046.75259574887,136125.13798443472,78.38538868585601,0.05758333093099896,-1.0
2024-01-12 18:00:00,136230.49199524024,136230.49199524024,0.0,0.0,-1.0
2024-01-12 19:00:00,136357.19078837824,136357.19078837824,0.0,0.0,-1.0
2024-01-12 20:00:00,136507.3739095044,136507.3739095044,0.0,0.0,-1.0
2024-01-12 21:00:00,136597.42420519068,136597.42420519068,0.0,0.0,-1.0
2024-01-12 22:00:00,136413.65149113798,136597.42420519068,183.77271405269857,0.13453600250663822,-1.0
2024-01-12 23:00:00,136572.91335026367,136597.42420519068,24.51085492700804,0.01794386319480586,-1.0
2024-01-13 00:00:00,136628.99211859566,136628.99211859566,0.0,0.0,-1.0
2024-01-13 01:00:00,136714.31403677876,136714.31403677876,0.0,0.0,-1.0
2024-01-13 02:00:00,136818.3524415561,136818.3524415561,0.0,0.0,-1.0
2024-01-13 03:00:00,137061.98015282056,137061.98015282056,0.0,0.0,-1.0
2024-01-13 04:00:00,137057.35778437395,137061.98015282056,4.622368446609471,0.0033724658300249635,-1.0
2024-01-13 05:00:00,137055.31748535,137061.98015282056,6.662667470547603,0.004861061735077009,-1.0
2024-01-13 06:00:00,137020.21403317904,137061.98015282056,41.7661196415138,0.030472432686982676,-1.0
2024-01-13 07:00:00,136963.21977803952,137061.98015282056,98.76037478103535,0.07205526628968886,-1.0
2024-01-13 08:00:00,136908.06665468105,137061.98015282056,153.91349813950364,0.11229481579639669,-1.0
2024-01-13 09:00:00,136772.890180054,137061.98015282056,289.0899727665528,0.2109191567524597,-1.0
2024-01-13 10:00:00,136865.55576111324,137061.98015282056,196.42439170731814,0.14331063325388269,-1.0
2024-01-13 11:00:00,137114.33641758945,137114.33641758945,0.0,0.0,-1.0
2024-01-13 12:00:00,137369.49384977148,137369.49384977148,0.0,0.0,-1.0
2024-01-13 13:00:00,137334.25703736726,137369.49384977148,35.23681240421138,0.02565111904885278,-1.0
2024-01-13 14:00:00,137357.04159960334,137369.49384977148,12.452250168134924,0.009064785651574736,-1.0
2024-01-13 15:00:00,137530.37581764843,137530.37581764843,0.0,0.0,-1.0
2024-01-13 16:00:00,137623.6105140692,137623.6105140692,0.0,0.0,-1.0
2024-01-13 17:00:00,137687.06208122868,137687.06208122868,0.0,0.0,-1.0
2024-01-13 18:00:00,137711.38862334442,137711.38862334442,0.0,0.0,-1.0
2024-01-13 19:00:00,137879.21876783876,137879.21876783876,0.0,0.0,-1.0
2024-01-13 20:00:00,137821.9136719681,137879.21876783876,57.30509587065899,0.04156180777840742,-1.0
2024-01-13 21:00:00,137920.0011785127,137920.0011785127,0.0,0.0,-1.0
2024-01-13 22:00:00,138004.49456276497,138004.49456276497,0.0,0.0,-1.0
2024-01-13 23:00:00,138058.8317584333,138058.8317584333,0.0,0.0,-1.0
2024-01-14 00:00:00,138187.60472417666,138187.60472417666,0.0,0.0,-1.0
2024-01-14 01:00:00,138240.97845366996,138240.97845366996,0.0,0.0,-1.0
2024-01-14 02:00:00,138237.5256946762,138240.97845366996,3.4527589937497396,0.0024976378439819104,-1.0
2024-01-14 03:00:00,138296.77682557443,138296.77682557443,0.0,0.0,-1.0
2024-01-14 04:00:00,138187.56645861064,138296.77682557443,109.21036696378724,0.0789681216515464,-1.0
2024-01-14 05:00:00,138298.8379317303,138298.8379317303,0.0,0.0,-1.0
2024-01-14 06:00:00,138435.66085708025,138435.66085708025,0.0,0.0,-1.0
2024-01-14 07:00:00,138419.99940393562,138435.66085708025,15.66145314462483,0.011313163853635642,-1.0
2024-01-14 08:00:00,138380.5482817738,138435.66085708025,55.112575306440704,0.039810967033514895,-1.0
2024-01-14 09:00:00,138368.5731161067,138435.66085708025,67.08774097354035,0.048461314489480524,-1.0
2024-01-14 10:00:00,138412.2708183687,138435.66085708025,23.39003871154273,0.016895963487103514,-1.0
2024-01-14 11:00:00,138483.85941417227,138483.85941417227,0.0,0.0,-1.0
2024-01-14 12:00:00,138695.40860856127,138695.40860856127,0.0,0.0,-1.0
2024-01-14 13:00:00,138894.31771017238,138894.31771017238,0.0,0.0,-1.0
2024-01-14 14:00:00,139027.47197667963,139027.47197667963,0.0,0.0,-1.0
2024-01-14 15:00:00,139089.59804291456,139089.59804291456,0.0,0.0,-1.0
2024-01-14 16:00:00,139046.9056343046,139089.59804291456,42.692408609960694,0.0306941778613728,-1.0
2024-01-14 17:00:00,139264.86935764673,139264.86935764673,0.0,0.0,-1.0
2024-01-14 18:00:00,139290.1051445785,139290.1051445785,0.0,0.0,-1.0
2024-01-14 19:00:00,139368.24255797203,139368.24255797203,0.0,0.0,-1.0
2024-01-14 20:00:00,139480.97779682645,139480.97779682645,0.0,0.0,-1.0
2024-01-14 21:00:00,139537.13738236373,139537.13738236373,0.0,0.0,-1.0
2024-01-14 22:00:00,139702.2471169086,139702.2471169086,0.0,0.0,-1.0
2024-01-14 23:00:00,139797.78631131887,139797.78631131887,0.0,0.0,-1.0
2024-01-15 00:00:00,139946.6501635328,139946.6501635328,0.0,0.0,-1.0
2024-01-15 01:00:00,140041.3847194634,140041.3847194634,0.0,0.0,-1.0
2024-01-15 02:00:00,140087.59475324154,140087.59475324154,0.0,0.0,-1.0
2024-01-15 03:00:00,140145.01331439376,140145.01331439376,0.0,0.0,-1.0
2024-01-15 04:00:00,140188.78926656136,140188.78926656136,0.0,0.0,-1.0
2024-01-15 05:00:00,140110.3606847184,140188.78926656136,78.42858184294892,0.05594497409762291,-1.0
2024-01-15 06:00:00,140060.27873862005,140188.78926656136,128.510527941311,0.0916696182438349,-1.0
2024-01-15 07:00:00,140184.33349220242,140188.78926656136,4.4557743589393795,0.003178409901569923,-1.0
2024-01-15 08:00:00,140108.3963647058,140188.78926656136,80.39290185555001,0.05734617031515072,-1.0
2024-01-15 09:00:00,140117.9740356683,140188.78926656136,70.81523089305847,0.05051418966063482,-1.0
2024-01-15 10:00:00,140062.96367872163,140188.78926656136,125.82558783973218,0.08975438656544901,-1.0
2024-01-15 11:00:00,140067.19178391775,140188.78926656136,121.59748264361406,0.08673837849644528,-1.0
2024-01-15 12:00:00,140101.66485350736,140188.78926656136,87.12441305399989,0.062147917468876594,-1.0
2024-01-15 13:00:00,140111.04147767072,140188.78926656136,77.74778889064328,0.055459348281273815,-1.0
2024-01-15 14:00:00,140018.2050349457,140188.78926656136,170.5842316156486,0.12168179246579551,-1.0
2024-01-15 15:00:00,140049.65198471106,140188.78926656136,139.1372818503005,0.09924993473318222,-1.0
2024-01-15 16:00:00,140003.76236856627,140188.78926656136,185.02689799509244,0.1319840901423821,-1.0
2024-01-15 17:00:00,139990.10664759367,140188.78926656136,198.682618967694,0.1417250409302771,-1.0
2024-01-15 18:00:00,140114.15866292367,140188.78926656136,74.63060363769182,0.05323578584860005,-1.0
2024-01-15 19:00:00,140259.6979625694,140259.6979625694,0.0,0.0,-1.0
2024-01-15 20:00:00,140178.6008789971,140259.6979625694,81.09708357229829,0.057819234427512016,-1.0
2024-01-15 21:00:00,140385.4674687049,140385.4674687049,0.0,0.0,-1.0
2024-01-15 22:00:00,140384.45881103302,140385.4674687049,1.008657671889523,0.0007184915148816067,-1.0
2024-01-15 23:00:00,140374.35779896984,140385.4674687049,11.109669735073112,0.007913689312285624,-1.0
2024-01-16 00:00:00,140335.19232023577,140385.4674687049,50.27514846913982,0.03581221715869364,-1.0
2024-01-16 01:00:00,140390.78352773443,140390.78352773443,0.0,0.0,-1.0
2024-01-16 02:00:00,140638.93855273933,140638.93855273933,0.0,0.0,-1.0
2024-01-16 03:00:00,140534.97261084404,140638.93855273933,103.96594189529424,0.07392400921477887,-1.0
2024-01-16 04:00:00,140379.28398450188,140638.93855273933,259.65456823745626,0.18462494875847366,-1.0
2024-01-16 05:00:00,140456.13503707657,140638.93855273933,182.8035156627593,0.12998072763056892,-1.0
2024-01-16 06:00:00,140563.0689543691,140638.93855273933,75.86959837022005,0.05394636730834618,-1.0
2024-01-16 07:00:00,140618.33617535065,140638.93855273933,20.602377388684545,0.014649127475431487,-1.0
2024-01-16 08:00:00,140727.9161228923,140727.9161228923,0.0,0.0,-1.0
2024-01-16 09:00:00,140664.79002355327,140727.9161228923,63.126099339016946,0.04485684225146299,-1.0
2024-01-16 10:00:00,140620.3030463237,140727.9161228923,107.61307656858116,0.07646889084508776,-1.0
2024-01-16 11:00:00,140682.6988395743,140727.9161228923,45.21728331799386,0.032130997575852215,-1.0
2024-01-16 12:00:00,140908.50577564718,140908.50577564718,0.0,0.0,-1.0
2024-01-16 13:00:00,141014.57384165618,141014.57384165618,0.0,0.0,-1.0
2024-01-16 14:00:00,141125.2942406306,141125.2942406306,0.0,0.0,-1.0
2024-01-16 15:00:00,141067.9265910739,141125.2942406306,57.3676495567197,0.0406501540814526,-1.0
2024-01-16 16:00:00,141160.1670993571,141160.1670993571,0.0,0.0,-1.0
2024-01-16 17:00:00,141091.9521744769,141160.1670993571,68.21492488018703,0.048324485782290996,-1.0
2024-01-16 18:00:00,141318.72791027292,141318.72791027292,0.0,0.0,-1.0
2024-01-16 19:00:00,141267.53517933658,141318.72791027292,51.192730936338194,0.03622501539133712,-1.0
2024-01-16 20:00:00,141237.88711748674,141318.72791027292,80.84079278618447,0.05720458567778254,-1.0
2024-01-16 21:00:00,141140.5795531803,141318.72791027292,178.1483570926357,0.12606139308425343,-1.0
2024-01-16 22:00:00,141199.16118513592,141318.72791027292,119.56672513700323,0.08460784137040872,-1.0
2024-01-16 23:00:00,141253.54034992223,141318.72791027292,65.18756035069237,0.04612804071664281,-1.0
2024-01-17 00:00:00,141454.8644580399,141454.8644580399,0.0,0.0,-1.0
2024-01-17 01:00:00,141582.50594990375,141582.50594990375,0.0,0.0,-1.0
2024-01-17 02:00:00,141553.42927857823,141582.50594990375,29.076671325514326,0.020536909648853473,-1.0
2024-01-17 03:00:00,141690.76883221997,141690.76883221997,0.0,0.0,-1.0
2024-01-17 04:00:00,141616.41726498757,141690.76883221997,74.35156723239925,0.05247453157688842,-1.0
2024-01-17 05:00:00,141594.5819611045,141690.76883221997,96.18687111546751,0.06788506541972758,-1.0
2024-01-17 06:00:00,141656.42791597842,141690.76883221997,34.34091624154826,0.02423652332793275,-1.0
2024-01-17 07:00:00,141593.23927812517,141690.76883221997,97.5295540947991,0.0688326804199126,-1.0
2024-01-17 08:00:00,141749.70516316599,141749.70516316599,0.0,0.0,-1.0
2024-01-17 09:00:00,142027.63644665078,142027.63644665078,0.0,0.0,-1.0
2024-01-17 10:00:00,142048.1842375695,142048.1842375695,0.0,0.0,-1.0
2024-01-17 11:00:00,142033.0155457004,142048.1842375695,15.168691869126633,0.010678553865748572,-1.0
2024-01-17 12:00:00,142070.05658463298,142070.05658463298,0.0,0.0,-1.0
2024-01-17 13:00:00,142064.31935178177,142070.05658463298,5.737232851213776,0.0040383124981695434,-1.0
2024-01-17 14:00:00,142140.49239560115,142140.49239560115,0.0,0.0,-1.0
2024-01-17 15:00:00,142058.25194753087,142140.49239560115,82.24044807028258,0.057858564216446806,-1.0
2024-01-17 16:00:00,142140.102587391,142140.49239560115,0.38980821013683453,0.00027424149414927596,-1.0
2024-01-17 17:00:00,142381.294911248,142381.294911248,0.0,0.0,-1.0
2024-01-17 18:00:00,142231.08065592396,142381.294911248,150.214255324041,0.10550139708848386,-1.0
2024-01-17 19:00:00,142164.21591292994,142381.294911248,217.07899831805844,0.1524631437390512,-1.0
2024-01-17 20:00:00,142169.71017854122,142381.294911248,211.58473270677496,0.1486043042652929,-1.0
2024-01-17 21:00:00,142273.89946058881,142381.294911248,107.39545065918355,0.07542806147824928,-1.0
2024-01-17 22:00:00,142412.93767016532,142412.93767016532,0.0,0.0,-1.0
2024-01-17 23:00:00,142543.9311194154,142543.9311194154,0.0,0.0,-1.0
2024-01-18 00:00:00,142424.76093715592,142543.9311194154,119.17018225949141,0.08360242440602907,-1.0
2024-01-18 01:00:00,142407.3263544963,142543.9311194154,136.60476491911686,0.09583344857009517,-1.0
2024-01-18 02:00:00,142367.2946636845,142543.9311194154,176.63645573091344,0.12391720527402685,-1.0
2024-01-18 03:00:00,142410.7747752495,142543.9311194154,133.1563441659091,0.09341424999311833,-1.0
2024-01-18 04:00:00,142462.6027838254,142543.9311194154,81.32833559002029,0.05705492682244599,-1.0
2024-01-18 05:00:00,142375.68007247834,142543.9311194154,168.25104693707544,0.11803452143895486,-1.0
2024-01-18 06:00:00,142381.72463696977,142543.9311194154,162.20648244564654,0.11379402909111502,-1.0
2024-01-18 07:00:00,142489.77649152934,142543.9311194154,54.15462788607692,0.03799153528374995,-1.0
2024-01-18 08:00:00,142476.9434080704,142543.9311194154,66.98771134502022,0.04699443239635479,-1.0
2024-01-18 09:00:00,142506.9200745314,142543.9311194154,37.011044884013245,0.025964658469400177,-1.0
2024-01-18 10:00:00,142726.60905648945,142726.60905648945,0.0,0.0,-1.0
2024-01-18 11:00:00,142975.61200784138,142975.61200784138,0.0,0.0,-1.0
2024-01-18 12:00:00,142809.47589857885,142975.61200784138,166.13610926253023,0.1161989145767172,-1.0
2024-01-18 13:00:00,142870.8656557787,142975.61200784138,104.74635206267703,0.07326169169112023,-1.0
2024-01-18 14:00:00,143212.56893289956,143212.56893289956,0.0,0.0,-1.0
2024-01-18 15:00:00,143310.4536196828,143310.4536196828,0.0,0.0,-1.0
2024-01-18 16:00:00,143362.30262557752,143362.30262557752,0.0,0.0,-1.0
2024-01-18 17:00:00,143543.5714434225,143543.5714434225,0.0,0.0,-1.0
2024-01-18 18:00:00,143615.38072406867,143615.38072406867,0.0,0.0,-1.0
2024-01-18 19:00:00,143736.2944386198,143736.2944386198,0.0,0.0,-1.0
2024-01-18 20:00:00,143765.2639891206,143765.2639891206,0.0,0.0,-1.0
2024-01-18 21:00:00,143835.6150251621,143835.6150251621,0.0,0.0,-1.0
2024-01-18 22:00:00,143928.2780941663,143928.2780941663,0.0,0.0,-1.0
2024-01-18 23:00:00,144064.8339707337,144064.8339707337,0.0,0.0,-1.0
2024-01-19 00:00:00,144071.66190252476,144071.66190252476,0.0,0.0,-1.0
2024-01-19 01:00:00,144075.77199374567,144075.77199374567,0.0,0.0,-1.0
2024-01-19 02:00:00,143933.02375099226,144075.77199374567,142.74824275341234,0.09907858953524055,-1.0
2024-01-19 03:00:00,143944.3086454073,144075.77199374567,131.46334833838046,0.09124597877850502,-1.0
2024-01-19 04:00:00,144089.61218191707,144089.61218191707,0.0,0.0,-1.0
2024-01-19 05:00:00,144185.93462751707,144185.93462751707,0.0,0.0,-1.0
2024-01-19 06:00:00,144136.2594372765,144185.93462751707,49.67519024058129,0.03445217480395002,-1.0
2024-01-19 07:00:00,143995.87318976407,144185.93462751707,190.06143775300006,0.13181690588891043,-1.0
2024-01-19 08:00:00,144031.6311162553,144185.93462751707,154.30351126176538,0.10701703440102225,-1.0
2024-01-19 09:00:00,144174.0089015197,144185.93462751707,11.925725997367408,0.008271074448541565,-1.0
2024-01-19 10:00:00,144176.1190683387,144185.93462751707,9.815559178357944,0.006807570519076623,-1.0
2024-01-19 11:00:00,144081.62681792412,144185.93462751707,104.30780959295225,0.0723425692404852,-1.0
2024-01-19 12:00:00,144072.67610069364,144185.93462751707,113.2585268234252,0.07855032955607755,-1.0
2024-01-19 13:00:00,144155.29198708522,144185.93462751707,30.642640431848122,0.021252170338950764,-1.0
2024-01-19 14:00:00,144329.5357157378,144329.5357157378,0.0,0.0,-1.0
2024-01-19 15:00:00,144353.86621292535,144353.86621292535,0.0,0.0,-1.0
2024-01-19 16:00:00,144509.35545418054,144509.35545418054,0.0,0.0,-1.0
2024-01-19 17:00:00,144653.75966899545,144653.75966899545,0.0,0.0,-1.0
2024-01-19 18:00:00,144586.0931532569,144653.75966899545,67.66651573855779,0.04677826272431216,-1.0
2024-01-19 19:00:00,144761.1639650838,144761.1639650838,0.0,0.0,-1.0
2024-01-19 20:00:00,144840.67524179153,144840.67524179153,0.0,0.0,-1.0
2024-01-19 21:00:00,144770.0069364171,144840.67524179153,70.66830537442002,0.048790372770942295,-1.0
2024-01-19 22:00:00,144996.0900704109,144996.0900704109,0.0,0.0,-1.0
2024-01-19 23:00:00,145033.53251161787,145033.53251161787,0.0,0.0,-1.0
2024-01-20 00:00:00,144889.1881963868,145033.53251161787,144.34431523107924,0.09952478763455382,-1.0
2024-01-20 01:00:00,144868.56156159638,145033.53251161787,164.9709500214958,0.11374676405146572,-1.0
2024-01-20 02:00:00,144823.31613742484,145033.53251161787,210.21637419302715,0.14494329039126716,-1.0
2024-01-20 03:00:00,144805.14214401337,145033.53251161787,228.39036760450108,0.15747418107340516,-1.0
2024-01-20 04:00:00,144810.62360279754,145033.53251161787,222.90890882033273,0.15369473869946362,-1.0
2024-01-20 05:00:00,144834.88467616905,145033.53251161787,198.64783544882084,0.13696683243436011,-1.0
2024-01-20 06:00:00,144855.38440531734,145033.53251161787,178.14810630053398,0.12283235691460766,-1.0
2024-01-20 07:00:00,144895.63588271962,145033.53251161787,137.8966288982483,0.09507913550075196,-1.0
2024-01-20 08:00:00,145004.37522136138,145033.53251161787,29.15729025649489,0.020103826854082348,-1.0
2024-01-20 09:00:00,144979.73158543865,145033.53251161787,53.80092617921764,0.03709550836108052,-1.0
2024-01-20 10:00:00,145147.83163853904,145147.83163853904,0.0,0.0,-1.0
2024-01-20 11:00:00,145075.31328868188,145147.83163853904,72.51834985715686,0.04996171767674007,-1.0
2024-01-20 12:00:00,145186.82517426444,145186.82517426444,0.0,0.0,-1.0
2024-01-20 13:00:00,145401.15230703301,145401.15230703301,0.0,0.0,-1.0
2024-01-20 14:00:00,145433.41665216902,145433.41665216902,0.0,0.0,-1.0
2024-01-20 15:00:00,145502.76318926783,145502.76318926783,0.0,0.0,-1.0
2024-01-20 16:00:00,145455.96595023028,145502.76318926783,46.79723903755075,0.03216244008828726,-1.0
2024-01-20 17:00:00,145454.78777781778,145502.76318926783,47.9754114500538,0.032972165200497325,-1.0
2024-01-20 18:00:00,145661.55563153923,145661.55563153923,0.0,0.0,-1.0
2024-01-20 19:00:00,145786.4038609776,145786.4038609776,0.0,0.0,-1.0
2024-01-20 20:00:00,145878.25829298698,145878.25829298698,0.0,0.0,-1.0
2024-01-20 21:00:00,145734.46083826534,145878.25829298698,143.7974547216436,0.09857360267685385,-1.0
2024-01-20 22:00:00,145712.81354815868,145878.25829298698,165.44474482830265,0.11341288740644109,-1.0
2024-01-20 23:00:00,145936.71272919138,145936.71272919138,0.0,0.0,-1.0
2024-01-21 00:00:00,146027.7959255038,146027.7959255038,0.0,0.0,-1.0
2024-01-21 01:00:00,146131.35546518822,146131.35546518822,0.0,0.0,-1.0
2024-01-21 02:00:00,146198.41098058282,146198.41098058282,0.0,0.0,-1.0
2024-01-21 03:00:00,146187.11203168947,146198.41098058282,11.298948893352645,0.0077285032153005424,-1.0
2024-01-21 04:00:00,146270.3661907351,146270.3661907351,0.0,0.0,-1.0
2024-01-21 05:00:00,146167.34477615287,146270.3661907351,103.02141458223923,0.07043218477206814,-1.0
2024-01-21 06:00:00,146056.79930624895,146270.3661907351,213.56688448615023,0.14600830643143473,-1.0
2024-01-21 07:00:00,146033.2718343112,146270.3661907351,237.09435642391327,0.16209322680900695,-1.0
2024-01-21 08:00:00,146102.48825791452,146270.3661907351,167.87793282058556,0.11477234739514797,-1.0
2024-01-21 09:00:00,145995.52094541167,146270.3661907351,274.84524532343494,0.18790220636013139,-1.0
2024-01-21 10:00:00,146058.22521461317,146270.3661907351,212.14097612194018,0.14503346210626863,-1.0
2024-01-21 11:00:00,146008.76928998003,146270.3661907351,261.5969007550739,0.17884477052170233,-1.0
2024-01-21 12:00:00,145972.78674290125,146270.3661907351,297.5794478338503,0.20344479581449168,-1.0
2024-01-21 13:00:00,146152.74559066776,146270.3661907351,117.620600067341,0.08041314391321405,-1.0
2024-01-21 14:00:00,146206.47499864982,146270.3661907351,63.891192085284274,0.04368020245602639,-1.0
2024-01-21 15:00:00,146166.09446080626,146270.3661907351,104.2717299288488,0.07128698221270569,-1.0
2024-01-21 16:00:00,146234.77780808235,146270.3661907351,35.58838265275699,0.02433054868157648,-1.0
2024-01-21 17:00:00,146137.81597768172,146270.3661907351,132.55021305338596,0.09062000493014545,-1.0
2024-01-21 18:00:00,146226.04901046172,146270.3661907351,44.31718027338502,0.030298126290048293,-1.0
2024-01-21 19:00:00,146386.78082911333,146386.78082911333,0.0,0.0,-1.0
2024-01-01 01:00:00,146502.9537026155,146502.9537026155,0.0,0.0,-1.0
2024-01-01 02:00:00,146768.72513305928,146768.72513305928,0.0,0.0,-1.0
2024-01-01 03:00:00,146624.88602693306,146768.72513305928,143.83910612622276,0.09800392147292923,-1.0
2024-01-01 04:00:00,146687.58293494105,146768.72513305928,81.14219811823568,0.0552857552211296,-1.0
2024-01-01 05:00:00,146603.2328619586,146768.72513305928,165.49227110069478,0.11275717694669685,-1.0
2024-01-01 06:00:00,146635.9107188234,146768.72513305928,132.81441423587967,0.09049231306974373,-1.0
2024-01-01 07:00:00,146686.06511566462,146768.72513305928,82.66001739466446,0.05631991237896602,-1.0
2024-01-01 08:00:00,146964.04966396207,146964.04966396207,0.0,0.0,-1.0
2024-01-01 09:00:00,147008.07195292282,147008.07195292282,0.0,0.0,-1.0
2024-01-01 10:00:00,147050.22893089434,147050.22893089434,0.0,0.0,-1.0
2024-01-01 11:00:00,147200.74484156334,147200.74484156334,0.0,0.0,-1.0
2024-01-01 12:00:00,147245.46266761058,147245.46266761058,0.0,0.0,-1.0
2024-01-01 13:00:00,147478.57737513605,147478.57737513605,0.0,0.0,-1.0
2024-01-01 14:00:00,147595.5458240677,147595.5458240677,0.0,0.0,-1.0
2024-01-01 15:00:00,147728.3961320497,147728.3961320497,0.0,0.0,-1.0
2024-01-01 16:00:00,147591.63973840582,147728.3961320497,136.7563936438819,0.09257285479606758,-1.0
2024-01-01 17:00:00,147840.16102028947,147840.16102028947,0.0,0.0,-1.0
2024-01-01 18:00:00,147824.51512825926,147840.16102028947,15.645892030210234,0.010582978212573108,-1.0
2024-01-01 19:00:00,147873.54211150843,147873.54211150843,0.0,0.0,-1.0
2024-01-01 20:00:00,147858.2717209949,147873.54211150843,15.270390513527673,0.010326654988769108,-1.0
2024-01-01 21:00:00,147805.84658993213,147873.54211150843,67.69552157630096,0.04577933321246416,-1.0
2024-01-01 22:00:00,147735.6297532147,147873.54211150843,137.91235829374637,0.09326371460673435,-1.0
2024-01-01 23:00:00,147795.9539190846,147873.54211150843,77.5881924238347,0.052469286470007606,-1.0
2024-01-02 00:00:00,147648.96423974054,147873.54211150843,224.57787176789134,0.15187157118245112,-1.0
2024-01-02 01:00:00,147674.68401100935,147873.54211150843,198.85810049908468,0.13447848591408587,-1.0
2024-01-02 02:00:00,147830.46087573958,147873.54211150843,43.08123576885555,0.02913383635347618,-1.0
2024-01-02 03:00:00,147943.6550995138,147943.6550995138,0.0,0.0,-1.0
2024-01-02 04:00:00,148036.8986382794,148036.8986382794,0.0,0.0,-1.0
2024-01-02 05:00:00,147997.36018406026,148036.8986382794,39.53845421914593,0.02670851293349243,-1.0
2024-01-02 06:00:00,147888.75066482837,148036.8986382794,148.1479734510358,0.1000750318425866,-1.0
2024-01-02 07:00:00,148042.93007673052,148042.93007673052,0.0,0.0,-1.0
2024-01-02 08:00:00,148048.0340951365,148048.0340951365,0.0,0.0,-1.0
2024-01-02 09:00:00,148089.72625104012,148089.72625104012,0.0,0.0,-1.0
2024-01-02 10:00:00,148119.96679416788,148119.96679416788,0.0,0.0,-1.0
2024-01-02 11:00:00,148237.20609115597,148237.20609115597,0.0,0.0,-1.0
2024-01-02 12:00:00,148471.53769576855,148471.53769576855,0.0,0.0,-1.0
2024-01-02 13:00:00,148667.7751109109,148667.7751109109,0.0,0.0,-1.0
2024-01-02 14:00:00,148484.55125939127,148667.7751109109,183.2238515196368,0.12324382428064587,-1.0
2024-01-02 15:00:00,148503.69736226238,148667.7751109109,164.07774864853127,0.11036537576897484,-1.0
2024-01-02 16:00:00,148419.0230104105,148667.7751109109,248.7521005003946,0.1673207931677309,-1.0
2024-01-02 17:00:00,148562.86589616854,148667.7751109109,104.9092147423653,0.07056621023897053,-1.0
2024-01-02 18:00:00,148613.26424433096,148667.7751109109,54.510866579948924,0.03666622880397724,-1.0
2024-01-02 19:00:00,148723.8794314845,148723.8794314845,0.0,0.0,-1.0
2024-01-02 20:00:00,148734.46698442873,148734.46698442873,0.0,0.0,-1.0
2024-01-02 21:00:00,148680.52982383562,148734.46698442873,53.937160593108274,0.03626406285421055,-1.0
2024-01-02 22:00:00,148643.70175065563,148734.46698442873,90.76523377309786,0.061025017007389576,-1.0
2024-01-02 23:00:00,148540.40048392984,148734.46698442873,194.06650049888412,0.1304784993240345,-1.0
2024-01-03 00:00:00,148464.03707697967,148734.46698442873,270.42990744905546,0.1818206048214549,-1.0
2024-01-03 01:00:00,148366.60777142883,148734.46698442873,367.8592129999015,0.24732613795456926,-1.0
2024-01-03 02:00:00,148313.0375036475,148734.46698442873,421.4294807812257,0.28334352442016414,-1.0
2024-01-03 03:00:00,148253.8096872444,148734.46698442873,480.6572971843416,0.3231647021229198,-1.0
2024-01-03 04:00:00,148343.2189977472,148734.46698442873,391.2479866815265,0.26305132536797066,-1.0
2024-01-03 05:00:00,148428.7051622127,148734.46698442873,305.7618222160381,0.20557563315035032,-1.0
2024-01-03 06:00:00,148518.0055828985,148734.46698442873,216.46140153022134,0.14553546727866584,-1.0
2024-01-03 07:00:00,148685.50511912367,148734.46698442873,48.96186530505656,0.03291897722011029,-1.0
2024-01-03 08:00:00,148727.67132998607,148734.46698442873,6.795654442656087,0.004568984298284765,-1.0
2024-01-03 09:00:00,148699.5898702778,148734.46698442873,34.877114150935085,0.023449248084901824,-1.0
2024-01-03 10:00:00,148970.7302278708,148970.7302278708,0.0,0.0,-1.0
2024-01-03 11:00:00,149111.2948182012,149111.2948182012,0.0,0.0,-1.0
2024-01-03 12:00:00,149176.52679752166,149176.52679752166,0.0,0.0,-1.0
2024-01-03 13:00:00,149234.8142429209,149234.8142429209,0.0,0.0,-1.0
2024-01-03 14:00:00,149313.7795950109,149313.7795950109,0.0,0.0,-1.0
2024-01-03 15:00:00,149343.5694669755,149343.5694669755,0.0,0.0,-1.0
2024-01-03 16:00:00,149406.39192112588,149406.39192112588,0.0,0.0,-1.0
2024-01-03 17:00:00,149506.32988718746,149506.32988718746,0.0,0.0,-1.0
2024-01-03 18:00:00,149483.6762657909,149506.32988718746,22.653621396544622,0.015152282457631257,-1.0
2024-01-03 19:00:00,149370.26468060722,149506.32988718746,136.06520658024237,0.09100966272325238,-1.0
2024-01-03 20:00:00,149212.70040381825,149506.32988718746,293.6294833692082,0.19639936555915144,-1.0
2024-01-03 21:00:00,149351.49028571162,149506.32988718746,154.83960147583275,0.10356725470598444,-1.0
2024-01-03 22:00:00,149243.19786943987,149506.32988718746,263.13201774758636,0.1760005866949828,-1.0
2024-01-03 23:00:00,149339.73226883565,149506.32988718746,166.5976183518069,0.11143181594887384,-1.0
2024-01-04 00:00:00,149274.29667933084,149506.32988718746,232.03320785661344,0.15519958789149466,-1.0
2024-01-04 01:00:00,149210.47208472484,149506.32988718746,295.85780246261857,0.19788981689662444,-1.0
2024-01-04 02:00:00,149188.65220867426,149506.32988718746,317.67767851319513,0.21248443377140233,-1.0
2024-01-04 03:00:00,149258.06542387482,149506.32988718746,248.26446331263287,0.16605615528116102,-1.0
2024-01-04 04:00:00,149179.20625303706,149506.32988718746,327.12363415039727,0.21880253123545604,-1.0
2024-01-04 05:00:00,149167.51300600765,149506.32988718746,338.81688117980957,0.22662377000055423,-1.0
2024-01-04 06:00:00,149214.9410987896,149506.32988718746,291.3887883978605,0.19490063639294258,-1.0
2024-01-04 07:00:00,149143.9149197049,149506.32988718746,362.4149674825603,0.2424077748119606,-1.0
2024-01-04 08:00:00,149336.73834115238,149506.32988718746,169.59154603508068,0.11343435837335374,-1.0
2024-01-04 09:00:00,149214.484566893,149506.32988718746,291.84532029446564,0.1952059959699917,-1.0
2024-01-04 10:00:00,149242.6676486479,149506.32988718746,263.6622385395458,0.17635523441615925,-1.0
2024-01-04 11:00:00,149419.92171190647,149506.32988718746,86.40817528098705,0.05779566346534479,-1.0
2024-01-04 12:00:00,149337.4750555174,149506.32988718746,168.85483167006169,0.11294159370875732,-1.0
2024-01-04 13:00:00,149376.51247046862,149506.32988718746,129.81741671884083,0.08683071600834344,-1.0
2024-01-04 14:00:00,149439.79833873533,149506.32988718746,66.53154845212703,0.044500823812830895,-1.0
2024-01-04 15:00:00,149409.12129353508,149506.32988718746,97.20859365237993,0.06501971771076871,-1.0
2024-01-04 16:00:00,149451.3730161019,149506.32988718746,54.9568710855674,0.03675889250109747,-1.0
2024-01-04 17:00:00,149557.51746218788,149557.51746218788,0.0,0.0,-1.0
2024-01-04 18:00:00,149560.8033923561,149560.8033923561,0.0,0.0,-1.0
2024-01-04 19:00:00,149687.2363537691,149687.2363537691,0.0,0.0,-1.0
2024-01-04 20:00:00,149776.5094478073,149776.5094478073,0.0,0.0,-1.0
2024-01-04 21:00:00,149768.21942769195,149776.5094478073,8.2900201153534,0.005534926769168851,-1.0
2024-01-04 22:00:00,149930.9648644042,149930.9648644042,0.0,0.0,-1.0
2024-01-04 23:00:00,149906.8711530359,149930.9648644042,24.093711368303047,0.01606987014996743,-1.0
2024-01-05 00:00:00,150042.46048357643,150042.46048357643,0.0,0.0,-1.0
2024-01-05 01:00:00,150020.15891374781,150042.46048357643,22.301569828618085,0.01486350580811703,-1.0
2024-01-05 02:00:00,150038.55157786363,150042.46048357643,3.9089057128003333,0.0026051996882763733,-1.0
2024-01-05 03:00:00,150072.28714888592,150072.28714888592,0.0,0.0,-1.0
2024-01-05 04:00:00,150156.14545797455,150156.14545797455,0.0,0.0,-1.0
2024-01-05 05:00:00,149964.8006409462,150156.14545797455,191.34481702835183,0.12743055999789574,-1.0
2024-01-05 06:00:00,150060.6021960952,150156.14545797455,95.54326187935658,0.06362927177435909,-1.0
2024-01-05 07:00:00,150100.35427378095,150156.14545797455,55.7911841936002,0.037155445102455,-1.0
2024-01-05 08:00:00,150178.9282899086,150178.9282899086,0.0,0.0,-1.0
2024-01-05 09:00:00,150279.1771222708,150279.1771222708,0.0,0.0,-1.0
2024-01-05 10:00:00,150368.55800606994,150368.55800606994,0.0,0.0,-1.0
2024-01-05 11:00:00,150217.82192084403,150368.55800606994,150.7360852259153,0.10024441759947617,-1.0
2024-01-05 12:00:00,150161.72086096523,150368.55800606994,206.83714510471327,0.1375534538918461,-1.0
2024-01-05 13:00:00,150245.00245439785,150368.55800606994,123.5555516720924,0.08216847545156669,-1.0
2024-01-05 14:00:00,150314.97207406038,150368.55800606994,53.585932009562384,0.03563639415056389,-1.0
2024-01-05 15:00:00,150286.01670550875,150368.55800606994,82.54130056119175,0.05489265951320741,-1.0
2024-01-05 16:00:00,150409.78062551474,150409.78062551474,0.0,0.0,-1.0
2024-01-05 17:00:00,150434.13810860188,150434.13810860188,0.0,0.0,-1.0
2024-01-05 18:00:00,150572.71074399006,150572.71074399006,0.0,0.0,-1.0
2024-01-05 19:00:00,150743.71287513463,150743.71287513463,0.0,0.0,-1.0
2024-01-05 20:00:00,150821.54308029095,150821.54308029095,0.0,0.0,-1.0
2024-01-05 21:00:00,150927.0983284742,150927.0983284742,0.0,0.0,-1.0
2024-01-05 22:00:00,150916.252320331,150927.0983284742,10.846008143213112,0.00718625632065629,-1.0
2024-01-05 23:00:00,151055.473307612,151055.473307612,0.0,0.0,-1.0
2024-01-06 00:00:00,151127.2857445801,151127.2857445801,0.0,0.0,-1.0
2024-01-06 01:00:00,151147.81464069567,151147.81464069567,0.0,0.0,-1.0
2024-01-06 02:00:00,151075.9328073739,151147.81464069567,71.88183332176413,0.04755730904389164,-1.0
2024-01-06 03:00:00,151077.3886704635,151147.81464069567,70.4259702321724,0.04659410418839798,-1.0
2024-01-06 04:00:00,151016.4411159795,151147.81464069567,131.37352471615304,0.08691725052621534,-1.0
2024-01-06 05:00:00,151142.59008987344,151147.81464069567,5.224550822225865,0.0034565837651344944,-1.0
2024-01-06 06:00:00,151314.63308083234,151314.63308083234,0.0,0.0,-1.0
2024-01-06 07:00:00,151456.26000072533,151456.26000072533,0.0,0.0,-1.0
2024-01-06 08:00:00,151754.8620253531,151754.8620253531,0.0,0.0,-1.0
2024-01-06 09:00:00,151758.8213332034,151758.8213332034,0.0,0.0,-1.0
2024-01-06 10:00:00,151868.47856769175,151868.47856769175,0.0,0.0,-1.0
2024-01-06 11:00:00,151800.34307123348,151868.47856769175,68.13549645827152,0.04486480479746279,-1.0
2024-01-06 12:00:00,151830.61800719824,151868.47856769175,37.86056049351464,0.024929834584889978,-1.0
2024-01-06 13:00:00,151732.88308631274,151868.47856769175,135.59548137901584,0.08928480923615587,-1.0
2024-01-06 14:00:00,151839.70251804322,151868.47856769175,28.776049648527987,0.018948006801623254,-1.0
2024-01-06 15:00:00,151854.1533517518,151868.47856769175,14.325215939956252,0.009432645980957218,-1.0
2024-01-06 16:00:00,151698.6951492656,151868.47856769175,169.78341842614464,0.11179635170340349,-1.0
2024-01-06 17:00:00,151680.1933049721,151868.47856769175,188.28526271964074,0.12397915913519676,-1.0
2024-01-06 18:00:00,151909.50473773287,151909.50473773287,0.0,0.0,-1.0
2024-01-06 19:00:00,152000.54772645797,152000.54772645797,0.0,0.0,-1.0
2024-01-06 20:00:00,152127.45699275355,152127.45699275355,0.0,0.0,-1.0
2024-01-06 21:00:00,152190.01152068353,152190.01152068353,0.0,0.0,-1.0
2024-01-06 22:00:00,152221.855628524,152221.855628524,0.0,0.0,-1.0
2024-01-06 23:00:00,152273.41352990497,152273.41352990497,0.0,0.0,-1.0
2024-01-07 00:00:00,152347.95680232733,152347.95680232733,0.0,0.0,-1.0
2024-01-07 01:00:00,152288.29155776722,152347.95680232733,59.66524456010666,0.03916379701601301,-1.0
2024-01-07 02:00:00,152414.5977593411,152414.5977593411,0.0,0.0,-1.0
2024-01-07 03:00:00,152576.78050853984,152576.78050853984,0.0,0.0,-1.0
2024-01-07 04:00:00,152607.1215688454,152607.1215688454,0.0,0.0,-1.0
2024-01-07 05:00:00,152604.81752588376,152607.1215688454,2.304042961652158,0.0015097873139640725,-1.0
2024-01-07 06:00:00,152580.62662591928,152607.1215688454,26.494942926132353,0.017361537688252465,-1.0
2024-01-07 07:00:00,152806.54828627553,152806.54828627553,0.0,0.0,-1.0
2024-01-07 08:00:00,152811.32120235616,152811.32120235616,0.0,0.0,-1.0
2024-01-07 09:00:00,152926.65263377762,152926.65263377762,0.0,0.0,-1.0
2024-01-07 10:00:00,152957.69526422935,152957.69526422935,0.0,0.0,-1.0
2024-01-07 11:00:00,152983.33225865755,152983.33225865755,0.0,0.0,-1.0
2024-01-07 12:00:00,152956.85728863697,152983.33225865755,26.474970020586625,0.017305787257806557,-1.0
2024-01-07 13:00:00,152909.82733902757,152983.33225865755,73.50491962998058,0.048047665418675584,-1.0
2024-01-07 14:00:00,153033.81941505222,153033.81941505222,0.0,0.0,-1.0
2024-01-07 15:00:00,152984.5271670492,153033.81941505222,49.29224800301017,0.032210035789096855,-1.0
2024-01-07 16:00:00,153080.77909100841,153080.77909100841,0.0,0.0,-1.0
2024-01-07 17:00:00,153139.83748335656,153139.83748335656,0.0,0.0,-1.0
2024-01-07 18:00:00,153265.10133680448,153265.10133680448,0.0,0.0,-1.0
2024-01-07 19:00:00,153254.10594574542,153265.10133680448,10.995391059055692,0.007174099624214519,-1.0
2024-01-07 20:00:00,153412.12036239743,153412.12036239743,0.0,0.0,-1.0
2024-01-07 21:00:00,153448.0013041884,153448.0013041884,0.0,0.0,-1.0
2024-01-07 22:00:00,153757.17077631934,153757.17077631934,0.0,0.0,-1.0
2024-01-07 23:00:00,153645.75314282285,153757.17077631934,111.41763349648681,0.07246337386018462,-1.0
2024-01-08 00:00:00,153938.64661663055,153938.64661663055,0.0,0.0,-1.0
2024-01-08 01:00:00,153976.01001682493,153976.01001682493,0.0,0.0,-1.0
2024-01-08 02:00:00,154048.29022699682,154048.29022699682,0.0,0.0,-1.0
2024-01-08 03:00:00,154037.8612838359,154048.29022699682,10.428943160921335,0.006769918150700561,-1.0
2024-01-08 04:00:00,153930.97315453357,154048.29022699682,117.31707246325095,0.0761560367144479,-1.0
2024-01-08 05:00:00,153928.13347733152,154048.29022699682,120.1567496653006,0.07799940491922658,-1.0
2024-01-08 06:00:00,153941.56477884427,154048.29022699682,106.72544815254514,0.06928051456804914,-1.0
2024-01-08 07:00:00,154009.84495011735,154048.29022699682,38.44527687947266,0.024956639780176648,-1.0
2024-01-08 08:00:00,154171.9587846184,154171.9587846184,0.0,0.0,-1.0
2024-01-08 09:00:00,154241.0318572791,154241.0318572791,0.0,0.0,-1.0
2024-01-08 10:00:00,154311.84603360738,154311.84603360738,0.0,0.0,-1.0
2024-01-08 11:00:00,154400.28280525905,154400.28280525905,0.0,0.0,-1.0
2024-01-08 12:00:00,154274.78978594742,154400.28280525905,125.49301931163063,0.08127771337693185,-1.0
2024-01-08 13:00:00,154158.5373357338,154400.28280525905,241.7454695252527,0.15657061317054696,-1.0
2024-01-08 14:00:00,154058.83843684738,154400.28280525905,341.44436841167044,0.22114232060204522,-1.0
2024-01-08 15:00:00,154071.51105104786,154400.28280525905,328.7717542111932,0.2129346839512362,-1.0
2024-01-08 16:00:00,153934.33953907544,154400.28280525905,465.94326618360355,0.3017761740574565,-1.0
2024-01-08 17:00:00,153915.36078460253,154400.28280525905,484.92202065652236,0.3140680909685519,-1.0
2024-01-08 18:00:00,153828.53586010443,154400.28280525905,571.7469451546203,0.37030174735868165,-1.0
2024-01-08 19:00:00,153927.30740272428,154400.28280525905,472.9754025347647,0.30633065817069516,-1.0
2024-01-08 20:00:00,154021.0729656151,154400.28280525905,379.20983964393963,0.24560177789455662,-1.0
2024-01-08 21:00:00,154041.0085616415,154400.28280525905,359.27424361754674,0.23269014608651317,-1.0
2024-01-08 22:00:00,153901.0124698248,154400.28280525905,499.2703354342375,0.32336102393280836,-1.0
2024-01-08 23:00:00,153927.2980788812,154400.28280525905,472.98472637785017,0.3063366969181094,-1.0
2024-01-09 00:00:00,154010.16069041882,154400.28280525905,390.12211484022555,0.252669300698287,-1.0
2024-01-09 01:00:00,154141.23335714272,154400.28280525905,259.0494481163332,0.16777783266308222,-1.0
2024-01-09 02:00:00,154366.573819874,154400.28280525905,33.708985385048436,0.021832204431623144,-1.0
2024-01-09 03:00:00,154528.42363791616,154528.42363791616,0.0,0.0,-1.0
2024-01-09 04:00:00,154594.90129082295,154594.90129082295,0.0,0.0,-1.0
2024-01-09 05:00:00,154616.3771567922,154616.3771567922,0.0,0.0,-1.0
2024-01-09 06:00:00,154592.0837471631,154616.3771567922,24.29340962911374,0.015712054619206647,-1.0
2024-01-09 07:00:00,154777.64993675207,154777.64993675207,0.0,0.0,-1.0
2024-01-09 08:00:00,154844.30899472197,154844.30899472197,0.0,0.0,-1.0
2024-01-09 09:00:00,154957.3634155903,154957.3634155903,0.0,0.0,-1.0
2024-01-09 10:00:00,154948.34144179738,154957.3634155903,9.021973792929202,0.005822229801840768,-1.0
2024-01-09 11:00:00,154874.2505352464,154957.3634155903,83.11288034392055,0.05363596702469353,-1.0
2024-01-09 12:00:00,154884.21676341913,154957.3634155903,73.14665217118454,0.047204373228142596,-1.0
2024-01-09 13:00:00,154903.92393683858,154957.3634155903,53.439478751737624,0.03448656944969745,-1.0
2024-01-09 14:00:00,154973.101180203,154973.101180203,0.0,0.0,-1.0
2024-01-09 15:00:00,154949.3577913046,154973.101180203,23.74338889840874,0.015320974232037782,-1.0
2024-01-09 16:00:00,155001.8547776428,155001.8547776428,0.0,0.0,-1.0
2024-01-09 17:00:00,155169.6254130783,155169.6254130783,0.0,0.0,-1.0
2024-01-09 18:00:00,155052.3292521246,155169.6254130783,117.29616095370147,0.07559221764017696,-1.0
2024-01-09 19:00:00,154890.63899292896,155169.6254130783,278.98642014933284,0.17979447936839502,-1.0
2024-01-09 20:00:00,155065.2303777908,155169.6254130783,104.39503528748173,0.06727800947483818,-1.0
2024-01-09 21:00:00,154968.8677319876,155169.6254130783,200.75768109070486,0.12937949715111205,-1.0
2024-01-09 22:00:00,154980.86053529833,155169.6254130783,188.76487777996226,0.12165066280043518,-1.0
2024-01-09 23:00:00,155091.70850342896,155169.6254130783,77.91690964932786,0.05021402187567615,-1.0
2024-01-10 00:00:00,155135.78588656188,155169.6254130783,33.83952651641448,0.02180808674786061,-1.0
2024-01-10 01:00:00,155178.4570986615,155178.4570986615,0.0,0.0,-1.0
2024-01-10 02:00:00,155235.69676344335,155235.69676344335,0.0,0.0,-1.0
2024-01-10 03:00:00,155537.5681733728,155537.5681733728,0.0,0.0,-1.0
2024-01-10 04:00:00,155765.63066896453,155765.63066896453,0.0,0.0,-1.0
2024-01-10 05:00:00,155746.25813807768,155765.63066896453,19.372530886845198,0.012436973935550644,-1.0
2024-01-10 06:00:00,155901.34696217236,155901.34696217236,0.0,0.0,-1.0
2024-01-10 07:00:00,156001.89773793155,156001.89773793155,0.0,0.0,-1.0
2024-01-10 08:00:00,156049.94625765638,156049.94625765638,0.0,0.0,-1.0
2024-01-10 09:00:00,156009.15937680865,156049.94625765638,40.78688084773603,0.026137068179691778,-1.0
2024-01-10 10:00:00,156104.2961799532,156104.2961799532,0.0,0.0,-1.0
2024-01-10 11:00:00,156123.69163344675,156123.69163344675,0.0,0.0,-1.0
2024-01-10 12:00:00,156135.73562595385,156135.73562595385,0.0,0.0,-1.0
2024-01-10 13:00:00,156109.02849082198,156135.73562595385,26.707135131873656,0.017105075289012974,-1.0
2024-01-10 14:00:00,156259.01084292823,156259.01084292823,0.0,0.0,-1.0
2024-01-10 15:00:00,156232.2370410653,156259.01084292823,26.773801862931577,0.01713424507073364,-1.0
2024-01-10 16:00:00,156206.0725171717,156259.01084292823,52.9383257565205,0.03387857472727392,-1.0
2024-01-10 17:00:00,156333.86629392975,156333.86629392975,0.0,0.0,-1.0
2024-01-10 18:00:00,156369.43324714943,156369.43324714943,0.0,0.0,-1.0
2024-01-10 19:00:00,156407.69139477084,156407.69139477084,0.0,0.0,-1.0
2024-01-10 20:00:00,156560.98074318,156560.98074318,0.0,0.0,-1.0
2024-01-10 21:00:00,156742.3508043592,156742.3508043592,0.0,0.0,-1.0
2024-01-10 22:00:00,156579.56623216585,156742.3508043592,162.78457219334086,0.10385487480440012,-1.0
2024-01-10 23:00:00,156616.68880668742,156742.3508043592,125.66199767176295,0.08017105589325392,-1.0
2024-01-11 00:00:00,156525.66235387002,156742.3508043592,216.6884504891641,0.13824499210148233,-1.0
2024-01-11 01:00:00,156536.9830200843,156742.3508043592,205.36778427488753,0.13102252404726344,-1.0
2024-01-11 02:00:00,156586.30940447288,156742.3508043592,156.04139988630777,0.0995528005580787,-1.0
2024-01-11 03:00:00,156600.82394716545,156742.3508043592,141.52685719373403,0.0902926723169945,-1.0
2024-01-11 04:00:00,156548.29640409848,156742.3508043592,194.05440026070573,0.12380470196144899,-1.0
2024-01-11 05:00:00,156490.695740327,156742.3508043592,251.65506403218023,0.1605533301885258,-1.0
2024-01-11 06:00:00,156613.48987923024,156742.3508043592,128.86092512894538,0.08221193855245,-1.0
2024-01-11 07:00:00,156816.97085984063,156816.97085984063,0.0,0.0,-1.0
2024-01-11 08:00:00,156660.92316694726,156816.97085984063,156.047692893364,0.09950944214630686,-1.0
2024-01-11 09:00:00,156678.16130034073,156816.97085984063,138.80955949990312,0.08851692437291617,-1.0
2024-01-11 10:00:00,156801.35771408016,156816.97085984063,15.61314576046425,0.009956285773699147,-1.0
2024-01-11 11:00:00,156848.09733804007,156848.09733804007,0.0,0.0,-1.0
2024-01-11 12:00:00,156786.7286758495,156848.09733804007,61.368662190565374,0.039126175728037824,-1.0
2024-01-11 13:00:00,156788.94973544314,156848.09733804007,59.14760259693139,0.037710118006376636,-1.0
2024-01-11 14:00:00,156869.16475918633,156869.16475918633,0.0,0.0,-1.0
2024-01-11 15:00:00,156888.4455482483,156888.4455482483,0.0,0.0,-1.0
2024-01-11 16:00:00,156933.64755485643,156933.64755485643,0.0,0.0,-1.0
2024-01-11 17:00:00,156981.73150509826,156981.73150509826,0.0,0.0,-1.0
2024-01-11 18:00:00,156979.30334413244,156981.73150509826,2.4281609658210073,0.001546779324282169,-1.0
2024-01-11 19:00:00,157110.96024652955,157110.96024652955,0.0,0.0,-1.0
2024-01-11 20:00:00,157113.21108684543,157113.21108684543,0.0,0.0,-1.0
2024-01-11 21:00:00,157062.6642876222,157113.21108684543,50.546799223229755,0.03217221446469556,-1.0
2024-01-11 22:00:00,157335.62823096453,157335.62823096453,0.0,0.0,-1.0
2024-01-11 23:00:00,157377.84882202078,157377.84882202078,0.0,0.0,-1.0
2024-01-12 00:00:00,157167.83675200088,157377.84882202078,210.01207001990406,0.1334444914528013,-1.0
2024-01-12 01:00:00,157343.31123573464,157377.84882202078,34.53758628614014,0.021945646445580044,-1.0
2024-01-12 02:00:00,157518.46412265603,157518.46412265603,0.0,0.0,-1.0
2024-01-12 03:00:00,157614.18167577175,157614.18167577175,0.0,0.0,-1.0
2024-01-12 04:00:00,157727.3451967538,157727.3451967538,0.0,0.0,-1.0
2024-01-12 05:00:00,157993.31942802062,157993.31942802062,0.0,0.0,-1.0
2024-01-12 06:00:00,157947.03925162376,157993.31942802062,46.28017639686004,0.029292489432089307,-1.0
2024-01-12 07:00:00,158010.36325702124,158010.36325702124,0.0,0.0,-1.0
2024-01-12 08:00:00,158257.33352492636,158257.33352492636,0.0,0.0,-1.0
2024-01-12 09:00:00,158525.4904330232,158525.4904330232,0.0,0.0,-1.0
2024-01-12 10:00:00,158538.8812017324,158538.8812017324,0.0,0.0,-1.0
2024-01-12 11:00:00,158789.89628674134,158789.89628674134,0.0,0.0,-1.0
2024-01-12 12:00:00,158920.1593568737,158920.1593568737,0.0,0.0,-1.0
2024-01-12 13:00:00,159119.68080666053,159119.68080666053,0.0,0.0,-1.0
2024-01-12 14:00:00,159246.6628969763,159246.6628969763,0.0,0.0,-1.0
2024-01-12 15:00:00,159327.20752136235,159327.20752136235,0.0,0.0,-1.0
2024-01-12 16:00:00,159598.14623395263,159598.14623395263,0.0,0.0,-1.0
2024-01-12 17:00:00,159595.28523752885,159598.14623395263,2.860996423783945,0.0017926250970296679,-1.0
2024-01-12 18:00:00,159835.51355156425,159835.51355156425,0.0,0.0,-1.0
2024-01-12 19:00:00,160091.58244493703,160091.58244493703,0.0,0.0,-1.0
2024-01-12 20:00:00,160277.8872770647,160277.8872770647,0.0,0.0,-1.0
2024-01-12 21:00:00,160320.7143788836,160320.7143788836,0.0,0.0,-1.0
2024-01-12 22:00:00,160395.1579136815,160395.1579136815,0.0,0.0,-1.0
2024-01-12 23:00:00,160317.67735215422,160395.1579136815,77.48056152727804,0.048306047723070976,-1.0
2024-01-13 00:00:00,160322.4193551599,160395.1579136815,72.73855852161068,0.045349597498919376,-1.0
2024-01-13 01:00:00,160434.49053047042,160434.49053047042,0.0,0.0,-1.0
2024-01-13 02:00:00,160341.81929989374,160434.49053047042,92.6712305766705,0.05776266080333267,-1.0
2024-01-13 03:00:00,160362.02816709393,160434.49053047042,72.46236337648588,0.04516632498217303,-1.0
2024-01-13 04:00:00,160606.51103125073,160606.51103125073,0.0,0.0,-1.0
2024-01-13 05:00:00,160641.07462397334,160641.07462397334,0.0,0.0,-1.0
2024-01-13 06:00:00,160794.4374575221,160794.4374575221,0.0,0.0,-1.0
2024-01-13 07:00:00,160901.08770302762,160901.08770302762,0.0,0.0,-1.0
2024-01-13 08:00:00,160920.31875937694,160920.31875937694,0.0,0.0,-1.0
2024-01-13 09:00:00,160954.81389349178,160954.81389349178,0.0,0.0,-1.0
2024-01-13 10:00:00,161021.50041823596,161021.50041823596,0.0,0.0,-1.0
2024-01-13 11:00:00,160866.39816938335,161021.50041823596,155.10224885260686,0.0963239371448816,-1.0
2024-01-13 12:00:00,161011.0956494709,161021.50041823596,10.404768765059998,0.006461726376933971,-1.0
2024-01-13 13:00:00,161049.2576419655,161049.2576419655,0.0,0.0,-1.0
2024-01-13 14:00:00,161197.4493582924,161197.4493582924,0.0,0.0,-1.0
2024-01-13 15:00:00,161286.26941964758,161286.26941964758,0.0,0.0,-1.0
2024-01-13 16:00:00,161320.01345790006,161320.01345790006,0.0,0.0,-1.0
2024-01-13 17:00:00,161389.76832070507,161389.76832070507,0.0,0.0,-1.0
2024-01-13 18:00:00,161459.8594144379,161459.8594144379,0.0,0.0,-1.0
2024-01-13 19:00:00,161657.4784244109,161657.4784244109,0.0,0.0,-1.0
2024-01-13 20:00:00,161713.74387368874,161713.74387368874,0.0,0.0,-1.0
2024-01-13 21:00:00,161792.56042445294,161792.56042445294,0.0,0.0,-1.0
2024-01-13 22:00:00,161716.37144618027,161792.56042445294,76.18897827266483,0.047090532514466474,-1.0
2024-01-13 23:00:00,161761.66710135044,161792.56042445294,30.89332310250029,0.01909440274722987,-1.0
2024-01-14 00:00:00,161957.0981115301,161957.0981115301,0.0,0.0,-1.0
2024-01-14 01:00:00,162049.9802121313,162049.9802121313,0.0,0.0,-1.0
2024-01-14 02:00:00,161991.87900515506,162049.9802121313,58.10120697625098,0.03585388094475153,-1.0
2024-01-14 03:00:00,161944.49617156424,162049.9802121313,105.48404056706931,0.06509352264590565,-1.0
2024-01-14 04:00:00,161920.34662882317,162049.9802121313,129.63358330813935,0.07999605006951724,-1.0
2024-01-14 05:00:00,162070.3097331825,162070.3097331825,0.0,0.0,-1.0
2024-01-14 06:00:00,162207.96378441175,162207.96378441175,0.0,0.0,-1.0
2024-01-14 07:00:00,161912.53829912766,162207.96378441175,295.4254852840968,0.18212760852897614,-1.0
2024-01-14 08:00:00,161954.39972969925,162207.96378441175,253.56405471250764,0.156320348765068,-1.0
2024-01-14 09:00:00,162019.16353973793,162207.96378441175,188.80024467382464,0.11639394285520796,-1.0
2024-01-14 10:00:00,161972.949186852,162207.96378441175,235.0145975597552,0.14488474676379617,-1.0
2024-01-14 11:00:00,161983.9016871576,162207.96378441175,224.062097254151,0.1381326120041484,-1.0
2024-01-14 12:00:00,162167.00154207056,162207.96378441175,40.962242341192905,0.025252916925604975,-1.0
2024-01-14 13:00:00,162257.885863252,162257.885863252,0.0,0.0,-1.0
2024-01-14 14:00:00,162257.92759922083,162257.92759922083,0.0,0.0,-1.0
2024-01-14 15:00:00,162289.19676306003,162289.19676306003,0.0,0.0,-1.0
2024-01-14 16:00:00,162316.40945016046,162316.40945016046,0.0,0.0,-1.0
2024-01-14 17:00:00,162394.604969979,162394.604969979,0.0,0.0,-1.0
2024-01-14 18:00:00,162301.6319043554,162394.604969979,92.97306562360609,0.057251326570112046,-1.0
2024-01-14 19:00:00,162284.6563743764,162394.604969979,109.9485956025892,0.06770458638260476,-1.0
2024-01-14 20:00:00,162438.1960193569,162438.1960193569,0.0,0.0,-1.0
2024-01-14 21:00:00,162480.93937066098,162480.93937066098,0.0,0.0,-1.0
2024-01-14 22:00:00,162445.94854538498,162480.93937066098,34.990825276006944,0.021535341567778504,-1.0
2024-01-14 23:00:00,162415.0825412192,162480.93937066098,65.8568294417928,0.04053203390925526,-1.0
2024-01-15 00:00:00,162537.16690143227,162537.16690143227,0.0,0.0,-1.0
2024-01-15 01:00:00,162535.38637489924,162537.16690143227,1.7805265330243856,0.0010954580831989977,-1.0
2024-01-15 02:00:00,162636.4767128079,162636.4767128079,0.0,0.0,-1.0
2024-01-15 03:00:00,162623.79328071876,162636.4767128079,12.68343208913575,0.007798639238559517,-1.0
2024-01-15 04:00:00,162560.7967914521,162636.4767128079,75.67992135579698,0.046533178094749675,-1.0
2024-01-15 05:00:00,162635.24158730183,162636.4767128079,1.2351255060639232,0.0007594394142249978,-1.0
2024-01-15 06:00:00,162675.50348671048,162675.50348671048,0.0,0.0,-1.0
2024-01-15 07:00:00,162794.01592055202,162794.01592055202,0.0,0.0,-1.0
2024-01-15 08:00:00,162932.42835265514,162932.42835265514,0.0,0.0,-1.0
2024-01-15 09:00:00,162946.63166377982,162946.63166377982,0.0,0.0,-1.0
2024-01-15 10:00:00,163031.52504651493,163031.52504651493,0.0,0.0,-1.0
2024-01-15 11:00:00,163042.644067969,163042.644067969,0.0,0.0,-1.0
2024-01-15 12:00:00,163156.00876437614,163156.00876437614,0.0,0.0,-1.0
2024-01-15 13:00:00,163229.35031048686,163229.35031048686,0.0,0.0,-1.0
2024-01-15 14:00:00,163216.96665875058,163229.35031048686,12.383651736279717,0.007586657493106565,-1.0
2024-01-15 15:00:00,163196.20886964872,163229.35031048686,33.141440838138806,0.020303603962828244,-1.0
2024-01-15 16:00:00,163273.0756621591,163273.0756621591,0.0,0.0,-1.0
2024-01-15 17:00:00,163439.29476742435,163439.29476742435,0.0,0.0,-1.0
2024-01-15 18:00:00,163579.42438854495,163579.42438854495,0.0,0.0,-1.0
2024-01-15 19:00:00,163535.12344814697,163579.42438854495,44.30094039798132,0.027082220495381323,-1.0
2024-01-15 20:00:00,163501.3391185447,163579.42438854495,78.08527000024333,0.0477353862150596,-1.0
2024-01-15 21:00:00,163482.29134738806,163579.42438854495,97.13304115689243,0.059379742605142956,-1.0
2024-01-15 22:00:00,163472.6350544296,163579.42438854495,106.78933411536855,0.06528286458675589,-1.0
2024-01-15 23:00:00,163340.96904407768,163579.42438854495,238.45534446727834,0.14577343413367383,-1.0
2024-01-16 00:00:00,163469.97336449064,163579.42438854495,109.4510240543168,0.06691001907082231,-1.0
2024-01-16 01:00:00,163474.38509095344,163579.42438854495,105.03929759151652,0.0642130255587769,-1.0
2024-01-16 02:00:00,163570.5925165432,163579.42438854495,8.831872001755983,0.0053991338059595564,-1.0
2024-01-16 03:00:00,163589.0167157215,163589.0167157215,0.0,0.0,-1.0
2024-01-16 04:00:00,163636.72012569004,163636.72012569004,0.0,0.0,-1.0
2024-01-16 05:00:00,163618.201537849,163636.72012569004,18.518587841041153,0.011316890137382947,-1.0
2024-01-16 06:00:00,163665.3757625192,163665.3757625192,0.0,0.0,-1.0
2024-01-16 07:00:00,163628.25118133775,163665.3757625192,37.12458118144423,0.022683222403321598,-1.0
2024-01-16 08:00:00,163676.1672260606,163676.1672260606,0.0,0.0,-1.0
2024-01-16 09:00:00,163871.8895335672,163871.8895335672,0.0,0.0,-1.0
2024-01-16 10:00:00,163973.95000538332,163973.95000538332,0.0,0.0,-1.0
2024-01-16 11:00:00,164053.05519548594,164053.05519548594,0.0,0.0,-1.0
2024-01-16 12:00:00,163971.08111368254,164053.05519548594,81.97408180340426,0.049968031199250626,-1.0
2024-01-16 13:00:00,164077.80675388835,164077.80675388835,0.0,0.0,-1.0
2024-01-16 14:00:00,164194.2520923243,164194.2520923243,0.0,0.0,-1.0
2024-01-16 15:00:00,164271.07866327753,164271.07866327753,0.0,0.0,-1.0
2024-01-16 16:00:00,164342.50691245135,164342.50691245135,0.0,0.0,-1.0
2024-01-16 17:00:00,164378.48879309028,164378.48879309028,0.0,0.0,-1.0
2024-01-16 18:00:00,164493.42904467252,164493.42904467252,0.0,0.0,-1.0
2024-01-16 19:00:00,164683.13010017117,164683.13010017117,0.0,0.0,-1.0
2024-01-16 20:00:00,164766.1829174617,164766.1829174617,0.0,0.0,-1.0
2024-01-16 21:00:00,164719.011199534,164766.1829174617,47.17171792770387,0.028629490040037012,-1.0
2024-01-16 22:00:00,164679.48948511874,164766.1829174617,86.69343234295957,0.05261603492167318,-1.0
2024-01-16 23:00:00,164802.11347244584,164802.11347244584,0.0,0.0,-1.0
2024-01-17 00:00:00,164755.75433194375,164802.11347244584,46.35914050208521,0.028130185666481906,-1.0
2024-01-17 01:00:00,164825.8598306748,164825.8598306748,0.0,0.0,-1.0
2024-01-17 02:00:00,164841.30555653304,164841.30555653304,0.0,0.0,-1.0
2024-01-17 03:00:00,164784.08196119752,164841.30555653304,57.223595335526625,0.03471435459839982,-1.0
2024-01-17 04:00:00,164917.30892005493,164917.30892005493,0.0,0.0,-1.0
2024-01-17 05:00:00,165037.98595876113,165037.98595876113,0.0,0.0,-1.0
2024-01-17 06:00:00,164952.42102843433,165037.98595876113,85.5649303268001,0.05184559774510374,-1.0
2024-01-17 07:00:00,165050.56537466552,165050.56537466552,0.0,0.0,-1.0
2024-01-17 08:00:00,165134.09137416046,165134.09137416046,0.0,0.0,-1.0
2024-01-17 09:00:00,165267.83709439632,165267.83709439632,0.0,0.0,-1.0
2024-01-17 10:00:00,165334.5152882619,165334.5152882619,0.0,0.0,-1.0
2024-01-17 11:00:00,165527.19890243746,165527.19890243746,0.0,0.0,-1.0
2024-01-17 12:00:00,165564.53281428438,165564.53281428438,0.0,0.0,-1.0
2024-01-17 13:00:00,165587.32337453598,165587.32337453598,0.0,0.0,-1.0
2024-01-17 14:00:00,165539.8442867762,165587.32337453598,47.479087759769754,0.02867314163438618,-1.0
2024-01-17 15:00:00,165496.45009603442,165587.32337453598,90.87327850155998,0.054879369174907794,-1.0
2024-01-17 16:00:00,165444.00159613288,165587.32337453598,143.32177840310032,0.08655359328378416,-1.0
2024-01-17 17:00:00,165515.84156067396,165587.32337453598,71.48181386201759,0.04316865108105858,-1.0
2024-01-17 18:00:00,165538.9316288063,165587.32337453598,48.391745729662944,0.02922430578831654,-1.0
2024-01-17 19:00:00,165622.000951472,165622.000951472,0.0,0.0,-1.0
2024-01-17 20:00:00,165551.07607602584,165622.000951472,70.9248754461587,0.042823341729182465,-1.0
2024-01-17 21:00:00,165515.50685600846,165622.000951472,106.49409546353854,0.0642994860898594,-1.0
2024-01-17 22:00:00,165478.2525183309,165622.000951472,143.74843314109603,0.0867930784046106,-1.0
2024-01-17 23:00:00,165745.17959184348,165745.17959184348,0.0,0.0,-1.0
2024-01-18 00:00:00,165778.61145895233,165778.61145895233,0.0,0.0,-1.0
2024-01-18 01:00:00,165821.97482677523,165821.97482677523,0.0,0.0,-1.0
2024-01-18 02:00:00,165864.2295260486,165864.2295260486,0.0,0.0,-1.0
2024-01-18 03:00:00,166069.5124580685,166069.5124580685,0.0,0.0,-1.0
2024-01-18 04:00:00,165958.17851789354,166069.5124580685,111.33394017495448,0.06704056543976764,-1.0
2024-01-18 05:00:00,166002.1885654621,166069.5124580685,67.3238926063932,0.04053958586973756,-1.0
2024-01-18 06:00:00,165889.91716042752,166069.5124580685,179.59529764097533,0.10814465279189761,-1.0
2024-01-18 07:00:00,165701.93573218447,166069.5124580685,367.57672588402056,0.22133907689819426,-1.0
2024-01-18 08:00:00,165678.5117374153,166069.5124580685,391.0007206531882,0.2354440106831249,-1.0
2024-01-18 09:00:00,165769.72812206566,166069.5124580685,299.7843360028346,0.18051738188761665,-1.0
2024-01-18 10:00:00,165739.95004945825,166069.5124580685,329.5624086102471,0.19844847120476702,-1.0
2024-01-18 11:00:00,165829.52656461077,166069.5124580685,239.98589345772052,0.14450930210222387,-1.0
2024-01-18 12:00:00,165890.17419506126,166069.5124580685,179.33826300723013,0.10798987746321705,-1.0
2024-01-18 13:00:00,165926.26763521435,166069.5124580685,143.24482285414706,0.086255942306277,-1.0
2024-01-18 14:00:00,166102.76399119152,166102.76399119152,0.0,0.0,-1.0
2024-01-18 15:00:00,166093.16033620675,166102.76399119152,9.603654984763125,0.005781755073788182,-1.0
2024-01-18 16:00:00,166181.22587834278,166181.22587834278,0.0,0.0,-1.0
2024-01-18 17:00:00,166050.91720216826,166181.22587834278,130.30867617452168,0.07841359665376249,-1.0
2024-01-18 18:00:00,166110.79514592336,166181.22587834278,70.4307324194233,0.042381882819292664,-1.0
2024-01-18 19:00:00,166135.07354223888,166181.22587834278,46.15233610389987,0.02777229248368096,-1.0
2024-01-18 20:00:00,166066.84890204004,166181.22587834278,114.3769763027376,0.06882665337086284,-1.0
2024-01-18 21:00:00,166156.6987799129,166181.22587834278,24.527098429884063,0.014759247502386193,-1.0
2024-01-18 22:00:00,166132.80367752272,166181.22587834278,48.422200820059516,0.029138189686666666,-1.0
2024-01-18 23:00:00,166356.0221352405,166356.0221352405,0.0,0.0,-1.0
2024-01-19 00:00:00,166162.640484706,166356.0221352405,193.38165053448756,0.11624565678618859,-1.0
2024-01-19 01:00:00,166237.46633888216,166356.0221352405,118.55579635832692,0.07126630874952397,-1.0
2024-01-19 02:00:00,166291.736066328,166356.0221352405,64.2860689124791,0.03864366801234115,-1.0
2024-01-19 03:00:00,166313.64969077052,166356.0221352405,42.37244446997647,0.025470941133426146,-1.0
2024-01-19 04:00:00,166310.7261207182,166356.0221352405,45.296014522289624,0.027228358757860813,-1.0
2024-01-19 05:00:00,166367.5889407115,166367.5889407115,0.0,0.0,-1.0
2024-01-19 06:00:00,166523.8080714742,166523.8080714742,0.0,0.0,-1.0
2024-01-19 07:00:00,166406.58952056657,166523.8080714742,117.21855090762256,0.07039146670085206,-1.0
2024-01-19 08:00:00,166375.99083088557,166523.8080714742,147.81724058862892,0.08876643063866509,-1.0
2024-01-19 09:00:00,166320.95911745334,166523.8080714742,202.84895402085385,0.12181378528996192,-1.0
2024-01-19 10:00:00,166261.22989048107,166523.8080714742,262.57818099312135,0.15768206602651036,-1.0
2024-01-19 11:00:00,166345.5047910246,166523.8080714742,178.30328044958878,0.10707374669996657,-1.0
2024-01-19 12:00:00,166454.43851949798,166523.8080714742,69.36955197621137,0.041657437924093745,-1.0
2024-01-19 13:00:00,166610.9488063712,166610.9488063712,0.0,0.0,-1.0
2024-01-19 14:00:00,166721.45858963416,166721.45858963416,0.0,0.0,-1.0
2024-01-19 15:00:00,166840.07278205833,166840.07278205833,0.0,0.0,-1.0
2024-01-19 16:00:00,166748.8919599842,166840.07278205833,91.18082207412226,0.05465163168157505,-1.0
2024-01-19 17:00:00,166947.2482841468,166947.2482841468,0.0,0.0,-1.0
2024-01-19 18:00:00,166976.27253107136,166976.27253107136,0.0,0.0,-1.0
2024-01-19 19:00:00,167129.572138981,167129.572138981,0.0,0.0,-1.0
2024-01-19 20:00:00,167041.9554373392,167129.572138981,87.6167016417894,0.05242441569163442,-1.0
2024-01-19 21:00:00,167067.81345378738,167129.572138981,61.75868519360665,0.036952577813248746,-1.0
2024-01-19 22:00:00,167212.11504464416,167212.11504464416,0.0,0.0,-1.0
2024-01-19 23:00:00,167264.9074889121,167264.9074889121,0.0,0.0,-1.0
2024-01-20 00:00:00,167239.51050038307,167264.9074889121,25.396988529042574,0.015183692090778888,-1.0
2024-01-20 01:00:00,167420.49183390228,167420.49183390228,0.0,0.0,-1.0
2024-01-20 02:00:00,167353.35039469288,167420.49183390228,67.14143920940114,0.040103477462013495,-1.0
2024-01-20 03:00:00,167401.30772046818,167420.49183390228,19.18411343410844,0.011458641187806914,-1.0
2024-01-20 04:00:00,167515.32479155643,167515.32479155643,0.0,0.0,-1.0
2024-01-20 05:00:00,167774.89382455248,167774.89382455248,0.0,0.0,-1.0
2024-01-20 06:00:00,167779.0582652779,167779.0582652779,0.0,0.0,-1.0
2024-01-20 07:00:00,167801.41313991192,167801.41313991192,0.0,0.0,-1.0
2024-01-20 08:00:00,167806.94402657688,167806.94402657688,0.0,0.0,-1.0
2024-01-20 09:00:00,167880.79104246834,167880.79104246834,0.0,0.0,-1.0
2024-01-20 10:00:00,167989.58386926813,167989.58386926813,0.0,0.0,-1.0
2024-01-20 11:00:00,168148.91520713497,168148.91520713497,0.0,0.0,-1.0
2024-01-20 12:00:00,168274.51998473305,168274.51998473305,0.0,0.0,-1.0
2024-01-20 13:00:00,168274.78256976802,168274.78256976802,0.0,0.0,-1.0
2024-01-20 14:00:00,168406.11967203097,168406.11967203097,0.0,0.0,-1.0
2024-01-20 15:00:00,168465.27423643545,168465.27423643545,0.0,0.0,-1.0
2024-01-20 16:00:00,168589.79945931726,168589.79945931726,0.0,0.0,-1.0
2024-01-20 17:00:00,168720.03620260686,168720.03620260686,0.0,0.0,-1.0
2024-01-20 18:00:00,168933.04877720785,168933.04877720785,0.0,0.0,-1.0
2024-01-20 19:00:00,168947.58971395754,168947.58971395754,0.0,0.0,-1.0
2024-01-20 20:00:00,168943.03445368385,168947.58971395754,4.5552602736861445,0.0026962564434322993,-1.0
2024-01-20 21:00:00,169037.75079499243,169037.75079499243,0.0,0.0,-1.0
2024-01-20 22:00:00,169206.00248675948,169206.00248675948,0.0,0.0,-1.0
2024-01-20 23:00:00,169261.8088697619,169261.8088697619,0.0,0.0,-1.0
2024-01-21 00:00:00,169436.5800989479,169436.5800989479,0.0,0.0,-1.0
2024-01-21 01:00:00,169555.58593292875,169555.58593292875,0.0,0.0,-1.0
2024-01-21 02:00:00,169585.46438513955,169585.46438513955,0.0,0.0,-1.0
2024-01-21 03:00:00,169691.79793544544,169691.79793544544,0.0,0.0,-1.0
2024-01-21 04:00:00,169698.31525631866,169698.31525631866,0.0,0.0,-1.0
2024-01-21 05:00:00,169772.17526364527,169772.17526364527,0.0,0.0,-1.0
2024-01-21 06:00:00,169714.85934916214,169772.17526364527,57.315914483129745,0.033760487779650475,-1.0
2024-01-21 07:00:00,169758.0436861187,169772.17526364527,14.131577526568435,0.00832384782996566,-1.0
2024-01-21 08:00:00,169908.01260151324,169908.01260151324,0.0,0.0,-1.0
2024-01-21 09:00:00,170034.7272916568,170034.7272916568,0.0,0.0,-1.0
2024-01-21 10:00:00,170146.81146646015,170146.81146646015,0.0,0.0,-1.0
2024-01-21 11:00:00,170225.55943396164,170225.55943396164,0.0,0.0,-1.0
2024-01-21 12:00:00,170291.54403893292,170291.54403893292,0.0,0.0,-1.0
2024-01-21 13:00:00,170214.83832872642,170291.54403893292,76.70571020650095,0.04504375753910841,-1.0
2024-01-21 14:00:00,170244.22979142255,170291.54403893292,47.31424751036684,0.027784261266401825,-1.0
2024-01-21 15:00:00,170312.4913697891,170312.4913697891,0.0,0.0,-1.0
2024-01-21 16:00:00,170250.05102021506,170312.4913697891,62.440349574026186,0.03666222546087549,-1.0
2024-01-21 17:00:00,170124.87542853606,170312.4913697891,187.61594125302508,0.11015982429947906,-1.0
2024-01-21 18:00:00,170287.7587032304,170312.4913697891,24.732666558673372,0.01452193339417063,-1.0
2024-01-21 19:00:00,170342.8425558914,170342.8425558914,0.0,0.0,-1.0
