timestamp,pair,atr,entry_price,method,position_size,risk_amount,portfolio_exposure,margin_used_pct,decision_reason
2024-01-01 01:00:00,EURUSD,4043386.756850726,147.00447239232557,equity_%,3.3647605509136023e-06,2000.0,4.946348495135649e-07,9.892696990271298e-09,"Method: equity_%, ATR: 4043386.76, Risk: 2000.00"
2024-01-01 02:00:00,EURUSD,6044533.878857062,-263.8831417065418,equity_%,-1.2524101979758627e-06,1997.6576253342066,3.3087745723383593e-07,6.61754914467672e-09,"Method: equity_%, ATR: 6044533.88, Risk: 1997.66"
2024-01-01 03:00:00,EURUSD,2831160.8944515307,-387.7932215158106,equity_%,-1.824236147835549e-06,2002.8379949837388,7.064239986923993e-07,1.4128479973847988e-08,"Method: equity_%, ATR: 2831160.89, Risk: 2002.84"
2024-01-01 04:00:00,EURUSD,2614290.6946606007,-488.71198981422606,equity_%,-1.5684346822931743e-06,2003.88737051151,7.650258649831018e-07,1.5300517299662036e-08,"Method: equity_%, ATR: 2614290.69, Risk: 2003.89"
2024-01-01 05:00:00,EURUSD,780264.5809153034,-460.6561483465723,equity_%,-5.566982604349895e-06,2000.9610246917473,2.5632330992826356e-06,5.126466198565271e-08,"Method: equity_%, ATR: 780264.58, Risk: 2000.96"
2024-01-01 06:00:00,EURUSD,1083741.050783437,-463.735926325607,equity_%,-3.988213720296323e-06,2004.3552137442653,1.8454592991141189e-06,3.6909185982282376e-08,"Method: equity_%, ATR: 1083741.05, Risk: 2004.36"
2024-01-01 07:00:00,EURUSD,1850701.3994466478,-563.4034183232887,equity_%,-1.921807597779443e-06,2003.8524367388995,1.0806713609218602e-06,2.1613427218437204e-08,"Method: equity_%, ATR: 1850701.40, Risk: 2003.85"
2024-01-01 08:00:00,EURUSD,731502.5396001261,-506.3260919236559,equity_%,-5.41861398020336e-06,2006.939863445452,2.7340985051033382e-06,5.4681970102066765e-08,"Method: equity_%, ATR: 731502.54, Risk: 2006.94"
2024-01-01 09:00:00,EURUSD,1110829.1148915056,-532.414387570799,equity_%,-3.395519655817735e-06,2008.182998420877,1.800456949848078e-06,3.600913899696156e-08,"Method: equity_%, ATR: 1110829.11, Risk: 2008.18"
2024-01-01 10:00:00,EURUSD,833989.57272031,-508.48767001921544,equity_%,-4.730412469768378e-06,2006.0421687711992,2.398111517721251e-06,4.796223035442502e-08,"Method: equity_%, ATR: 833989.57, Risk: 2006.04"
2024-01-01 11:00:00,EURUSD,1568217.6303754982,-461.553566911946,equity_%,-2.773582608086987e-06,2007.5646921884095,1.2753331943609858e-06,2.550666388721972e-08,"Method: equity_%, ATR: 1568217.63, Risk: 2007.56"
2024-01-01 12:00:00,EURUSD,3936161.0782851754,-709.4065137809334,equity_%,-7.194472479090884e-07,2008.9401110846652,5.081092872528781e-07,1.016218574505756e-08,"Method: equity_%, ATR: 3936161.08, Risk: 2008.94"
2024-01-01 13:00:00,EURUSD,981866.4569423038,-744.2371784758375,equity_%,-2.7537009936727886e-06,2012.243654023439,2.0369368826676637e-06,4.073873765335328e-08,"Method: equity_%, ATR: 981866.46, Risk: 2012.24"
2024-01-01 14:00:00,EURUSD,2987976.9647539495,-671.9380820043269,equity_%,-1.0032636126417985e-06,2014.2879817642158,6.693492030199414e-07,1.3386984060398827e-08,"Method: equity_%, ATR: 2987976.96, Risk: 2014.29"
2024-01-01 15:00:00,EURUSD,1447905.399125467,-548.7665895392064,equity_%,-2.533230742537825e-06,2012.8091584701056,1.3813057132102671e-06,2.7626114264205344e-08,"Method: equity_%, ATR: 1447905.40, Risk: 2012.81"
2024-01-01 16:00:00,EURUSD,1223341.2153718371,-568.3403405662074,equity_%,-2.8993076463468574e-06,2015.8136970153428,1.6348668506129715e-06,3.269733701225943e-08,"Method: equity_%, ATR: 1223341.22, Risk: 2015.81"
2024-01-01 17:00:00,EURUSD,2620161.691732611,-650.5531126086521,equity_%,-1.1827053652669323e-06,2015.985568149742,7.633116713028034e-07,1.5266233426056068e-08,"Method: equity_%, ATR: 2620161.69, Risk: 2015.99"
2024-01-01 18:00:00,EURUSD,1349001.1374634912,-542.8041419246699,equity_%,-2.759227444470927e-06,2020.4260987674518,1.4825784385627527e-06,2.965156877125505e-08,"Method: equity_%, ATR: 1349001.14, Risk: 2020.43"
2024-01-01 19:00:00,EURUSD,1395284.725159679,-490.9541017027519,equity_%,-2.9498617565321477e-06,2020.716538992751,1.433399193681502e-06,2.866798387363004e-08,"Method: equity_%, ATR: 1395284.73, Risk: 2020.72"
2024-01-01 20:00:00,EURUSD,3554645.8440494114,-749.5462053867363,equity_%,-7.586382398420747e-07,2021.2939562771646,5.626439560351877e-07,1.1252879120703753e-08,"Method: equity_%, ATR: 3554645.84, Risk: 2021.29"
2024-01-01 21:00:00,EURUSD,1815849.4952410217,-815.7283869244659,equity_%,-1.364161205052475e-06,2020.650115612017,1.1014128677743392e-06,2.2028257355486784e-08,"Method: equity_%, ATR: 1815849.50, Risk: 2020.65"
2024-01-01 22:00:00,EURUSD,1603593.66005777,-971.2300841483892,equity_%,-1.2974040992283516e-06,2020.6529195406688,1.2471987448041854e-06,2.4943974896083702e-08,"Method: equity_%, ATR: 1603593.66, Risk: 2020.65"
2024-01-01 23:00:00,EURUSD,2227182.3419724796,-776.1707151495664,equity_%,-1.1685993864307662e-06,2020.1270381740044,8.979956253733233e-07,1.7959912507466467e-08,"Method: equity_%, ATR: 2227182.34, Risk: 2020.13"
2024-01-02 00:00:00,EURUSD,1758318.6402607157,-686.7448899883648,equity_%,-1.6757371033700138e-06,2023.479935824737,1.1374502631124064e-06,2.2749005262248126e-08,"Method: equity_%, ATR: 1758318.64, Risk: 2023.48"
2024-01-02 01:00:00,EURUSD,2302805.086817531,-761.4958863719439,equity_%,-1.1529675512243608e-06,2021.8169192256282,8.68505984917722e-07,1.7370119698354443e-08,"Method: equity_%, ATR: 2302805.09, Risk: 2021.82"
2024-01-02 02:00:00,EURUSD,1185360.5531311824,-842.738792382399,equity_%,-2.0265553374632862e-06,2024.4260784971034,1.6872503431271705e-06,3.3745006862543415e-08,"Method: equity_%, ATR: 1185360.55, Risk: 2024.43"
2024-01-02 03:00:00,EURUSD,3311248.0779810473,-936.0950373758143,equity_%,-6.539732054649962e-07,2027.0833987401388,6.040018605973646e-07,1.2080037211947292e-08,"Method: equity_%, ATR: 3311248.08, Risk: 2027.08"
2024-01-02 04:00:00,EURUSD,783991.5672396069,-888.4511800988755,equity_%,-2.9156166844466926e-06,2030.838493786032,2.5510478474174088e-06,5.102095694834818e-08,"Method: equity_%, ATR: 783991.57, Risk: 2030.84"
2024-01-02 05:00:00,EURUSD,1239615.3206722874,-961.2921700051834,equity_%,-1.705161628394244e-06,2031.9260168429118,1.6134037444094582e-06,3.226807488818917e-08,"Method: equity_%, ATR: 1239615.32, Risk: 2031.93"
2024-01-02 06:00:00,EURUSD,2674755.2770286915,-854.1812480518149,equity_%,-8.888911871377634e-07,2030.8726293267632,7.477319578267146e-07,1.495463915653429e-08,"Method: equity_%, ATR: 2674755.28, Risk: 2030.87"
2024-01-02 07:00:00,EURUSD,1657923.8478029696,-872.6505854194553,equity_%,-1.4041648184933284e-06,2031.5291132320435,1.2063280244447533e-06,2.412656048889507e-08,"Method: equity_%, ATR: 1657923.85, Risk: 2031.53"
2024-01-02 08:00:00,EURUSD,1282393.7536371476,-825.2393177785636,equity_%,-1.9217174606461934e-06,2033.718510292005,1.5595833918619497e-06,3.119166783723899e-08,"Method: equity_%, ATR: 1282393.75, Risk: 2033.72"
2024-01-02 09:00:00,EURUSD,4940815.064568439,-658.0808639102509,equity_%,-6.258390291851202e-07,2034.8879701690053,4.047915118989972e-07,8.095830237979946e-09,"Method: equity_%, ATR: 4940815.06, Risk: 2034.89"
2024-01-02 10:00:00,EURUSD,1889326.238521777,-738.0553975284365,equity_%,-1.4605431481982e-06,2036.621425673377,1.0585784282363084e-06,2.1171568564726174e-08,"Method: equity_%, ATR: 1889326.24, Risk: 2036.62"
2024-01-02 11:00:00,EURUSD,2199103.6145644933,-805.7099829965733,equity_%,-1.151544327969675e-06,2040.3519979451596,9.094614672788287e-07,1.8189229345576573e-08,"Method: equity_%, ATR: 2199103.61, Risk: 2040.35"
2024-01-02 12:00:00,EURUSD,1231642.2605529623,-878.8711373666151,equity_%,-1.8869295418314795e-06,2042.516004654017,1.6238481449167497e-06,3.2476962898335e-08,"Method: equity_%, ATR: 1231642.26, Risk: 2042.52"
2024-01-02 13:00:00,EURUSD,1074181.722513041,-853.5789793812836,equity_%,-2.229158309789914e-06,2043.9128877110786,1.8618823594587081e-06,3.723764718917416e-08,"Method: equity_%, ATR: 1074181.72, Risk: 2043.91"
2024-01-02 14:00:00,EURUSD,1560241.908719347,-805.5255915600831,equity_%,-1.6241248800663357e-06,2041.2241643866373,1.281852505578195e-06,2.56370501115639e-08,"Method: equity_%, ATR: 1560241.91, Risk: 2041.22"
2024-01-02 15:00:00,EURUSD,890957.3686685963,-768.9277983406282,equity_%,-2.9787044428449554e-06,2040.6564632173279,2.2447763162772908e-06,4.489552632554582e-08,"Method: equity_%, ATR: 890957.37, Risk: 2040.66"
2024-01-02 16:00:00,EURUSD,873578.7728649916,-733.0687883747446,equity_%,-3.186865023684484e-06,2040.8471129809395,2.28943291907242e-06,4.57886583814484e-08,"Method: equity_%, ATR: 873578.77, Risk: 2040.85"
2024-01-02 17:00:00,EURUSD,2049383.9925403188,-856.2565663496138,equity_%,-1.1613258650171574e-06,2037.8928866220306,9.759030066009713e-07,1.951806013201943e-08,"Method: equity_%, ATR: 2049383.99, Risk: 2037.89"
2024-01-02 18:00:00,EURUSD,845768.8906201622,-928.9651612457044,equity_%,-2.5922116612671934e-06,2036.6743494490963,2.3647121834115875e-06,4.7294243668231745e-08,"Method: equity_%, ATR: 845768.89, Risk: 2036.67"
2024-01-02 19:00:00,EURUSD,2131014.0835821996,-1022.4027850721543,equity_%,-9.350008114541794e-07,2037.1374443267027,9.385203107799423e-07,1.8770406215598845e-08,"Method: equity_%, ATR: 2131014.08, Risk: 2037.14"
2024-01-02 20:00:00,EURUSD,968175.0506091509,-983.1999636954615,equity_%,-2.1408817061479487e-06,2037.9260082773005,2.065742139029147e-06,4.1314842780582934e-08,"Method: equity_%, ATR: 968175.05, Risk: 2037.93"
2024-01-02 21:00:00,EURUSD,3961205.280811217,-676.9814444430838,equity_%,-7.606988759942336e-07,2039.937628808588,5.048968327110831e-07,1.0097936654221663e-08,"Method: equity_%, ATR: 3961205.28, Risk: 2039.94"
2024-01-02 22:00:00,EURUSD,1042682.1781887611,-740.8074616060895,equity_%,-2.6417094904477293e-06,2040.527043620485,1.9181300321773907e-06,3.8362600643547816e-08,"Method: equity_%, ATR: 1042682.18, Risk: 2040.53"
2024-01-02 23:00:00,EURUSD,1332925.9059849903,-736.2575304551838,equity_%,-2.080773927455624e-06,2042.0231249062767,1.5004584958697033e-06,3.000916991739407e-08,"Method: equity_%, ATR: 1332925.91, Risk: 2042.02"
2024-01-03 00:00:00,EURUSD,4874879.584972318,-933.5937118295593,equity_%,-4.4871833228527566e-07,2042.1875460081185,4.1026654405277104e-07,8.205330881055423e-09,"Method: equity_%, ATR: 4874879.58, Risk: 2042.19"
2024-01-03 01:00:00,EURUSD,2453012.640856143,-925.3096318238728,equity_%,-9.002004458592305e-07,2043.2715724672253,8.153239680419934e-07,1.6306479360839868e-08,"Method: equity_%, ATR: 2453012.64, Risk: 2043.27"
2024-01-03 02:00:00,EURUSD,842337.8834746507,-926.0981695630836,equity_%,-2.621722985204959e-06,2045.1735180887285,2.374344119191201e-06,4.748688238382402e-08,"Method: equity_%, ATR: 842337.88, Risk: 2045.17"
2024-01-03 03:00:00,EURUSD,1885403.4506649156,-978.3837493611402,equity_%,-1.1108453594966545e-06,2049.1187785900547,1.0607809163045023e-06,2.1215618326090046e-08,"Method: equity_%, ATR: 1885403.45, Risk: 2049.12"
2024-01-03 04:00:00,EURUSD,4378194.793694566,-715.5141542476188,equity_%,-6.541052228284231e-07,2049.0894929738524,4.568092773945053e-07,9.136185547890107e-09,"Method: equity_%, ATR: 4378194.79, Risk: 2049.09"
2024-01-03 05:00:00,EURUSD,2480877.573879537,-644.0851984832367,equity_%,-1.2831731125328205e-06,2050.3778569568703,8.061663425303361e-07,1.612332685060672e-08,"Method: equity_%, ATR: 2480877.57, Risk: 2050.38"
2024-01-03 06:00:00,EURUSD,1638362.699857704,-544.7323065483068,equity_%,-2.300489876216158e-06,2053.116112031307,1.2207309164043502e-06,2.4414618328087e-08,"Method: equity_%, ATR: 1638362.70, Risk: 2053.12"
2024-01-03 07:00:00,EURUSD,3120764.4153078026,-408.0775323681509,equity_%,-1.6106907185834984e-06,2051.236924815646,6.408686250681754e-07,1.2817372501363509e-08,"Method: equity_%, ATR: 3120764.42, Risk: 2051.24"
2024-01-03 08:00:00,EURUSD,2027392.6555541959,-286.6321202194242,equity_%,-3.538421053277558e-06,2056.2325770657003,9.86488727045966e-07,1.9729774540919322e-08,"Method: equity_%, ATR: 2027392.66, Risk: 2056.23"
2024-01-03 09:00:00,EURUSD,1128771.4798926287,-325.88530191978793,equity_%,-5.59899536570705e-06,2059.590638570884,1.771837821584794e-06,3.5436756431695884e-08,"Method: equity_%, ATR: 1128771.48, Risk: 2059.59"
2024-01-03 10:00:00,EURUSD,805776.3750053914,-314.1279871141956,equity_%,-8.127341849852696e-06,2057.167661600154,2.4820782316763976e-06,4.9641564633527945e-08,"Method: equity_%, ATR: 805776.38, Risk: 2057.17"
2024-01-03 11:00:00,EURUSD,2797372.3971569478,-263.15753315251186,equity_%,-2.7968640765120598e-06,2058.9104252833613,7.149566507600702e-07,1.4299133015201403e-08,"Method: equity_%, ATR: 2797372.40, Risk: 2058.91"
2024-01-03 12:00:00,EURUSD,670053.6854876328,-242.67818373370926,equity_%,-1.26610558566349e-05,2058.781518415633,2.9848354591833888e-06,5.969670918366778e-08,"Method: equity_%, ATR: 670053.69, Risk: 2058.78"
2024-01-03 13:00:00,EURUSD,2583645.823184807,-352.02234267274997,equity_%,-2.263864137728277e-06,2058.986822351797,7.74099910309936e-07,1.5481998206198725e-08,"Method: equity_%, ATR: 2583645.82, Risk: 2058.99"
2024-01-03 14:00:00,EURUSD,947779.5246824451,-325.0612297173523,equity_%,-6.6886690677442e-06,2060.687825345441,2.110195407175633e-06,4.2203908143512656e-08,"Method: equity_%, ATR: 947779.52, Risk: 2060.69"
2024-01-03 15:00:00,EURUSD,2366019.0810414967,-256.92085772116627,equity_%,-3.395061207746804e-06,2063.78862441719,8.453017205252721e-07,1.6906034410505442e-08,"Method: equity_%, ATR: 2366019.08, Risk: 2063.79"
2024-01-03 16:00:00,EURUSD,1696850.4284889812,-134.69207565402021,equity_%,-9.030129304124492e-06,2063.8568785328434,1.1786542681790574e-06,2.3573085363581146e-08,"Method: equity_%, ATR: 1696850.43, Risk: 2063.86"
2024-01-03 17:00:00,EURUSD,1013803.8503441138,-115.76223117622291,equity_%,-1.7586473590736022e-05,2063.951982121276,1.9727682029626767e-06,3.9455364059253537e-08,"Method: equity_%, ATR: 1013803.85, Risk: 2063.95"
2024-01-03 18:00:00,EURUSD,1651063.270569909,-139.4454681593063,equity_%,-8.972187771537608e-06,2065.6963156460083,1.2113406164681055e-06,2.4226812329362106e-08,"Method: equity_%, ATR: 1651063.27, Risk: 2065.70"
2024-01-03 19:00:00,EURUSD,2177068.3649931084,-56.22730155555287,equity_%,-1.689264561979969e-05,2067.8402282899533,9.186666032907657e-07,1.837333206581532e-08,"Method: equity_%, ATR: 2177068.36, Risk: 2067.84"
2024-01-03 20:00:00,EURUSD,1754664.7476041426,-114.15902780290625,equity_%,-1.0318094389201255e-05,2066.8259655463453,1.1398188757885765e-06,2.279637751577153e-08,"Method: equity_%, ATR: 1754664.75, Risk: 2066.83"
2024-01-03 21:00:00,EURUSD,2500509.6058156057,25.475493522431236,equity_%,3.25151884873774e-05,2071.273311349729,7.998369593735866e-07,1.599673918747173e-08,"Method: equity_%, ATR: 2500509.61, Risk: 2071.27"
2024-01-03 22:00:00,EURUSD,3382065.438942327,-72.67110058855765,equity_%,-8.426234906984886e-06,2070.9866826954094,5.913546133588295e-07,1.1827092267176592e-08,"Method: equity_%, ATR: 3382065.44, Risk: 2070.99"
2024-01-03 23:00:00,EURUSD,1667830.1883612429,-187.2682025386821,equity_%,-6.640110340180105e-06,2073.9160311747823,1.1991628488060505e-06,2.3983256976121013e-08,"Method: equity_%, ATR: 1667830.19, Risk: 2073.92"
2024-01-04 00:00:00,EURUSD,766342.3517666403,-120.65543268252054,equity_%,-2.2450181997275686e-05,2075.8194404745636,2.6097996481460573e-06,5.219599296292115e-08,"Method: equity_%, ATR: 766342.35, Risk: 2075.82"
2024-01-04 01:00:00,EURUSD,1465995.213888878,-202.85778185354525,equity_%,-6.98759981539029e-06,2078.0320883185805,1.364260934177647e-06,2.7285218683552934e-08,"Method: equity_%, ATR: 1465995.21, Risk: 2078.03"
2024-01-04 02:00:00,EURUSD,718447.3184991166,-213.55859373009386,equity_%,-1.3542176064763243e-05,2077.7841854860976,2.7837810073230293e-06,5.5675620146460586e-08,"Method: equity_%, ATR: 718447.32, Risk: 2077.78"
2024-01-04 03:00:00,EURUSD,473519.9117603077,-247.65623148096077,equity_%,-1.76970555877388e-05,2075.3364850484777,4.2236872205965125e-06,8.447374441193024e-08,"Method: equity_%, ATR: 473519.91, Risk: 2075.34"
2024-01-04 04:00:00,EURUSD,1091911.324055521,-247.69541754024536,equity_%,-7.676856814116653e-06,2076.2936820526593,1.8316505708281352e-06,3.6633011416562705e-08,"Method: equity_%, ATR: 1091911.32, Risk: 2076.29"
2024-01-04 05:00:00,EURUSD,1338587.7406452221,-172.95375145342882,equity_%,-8.97250780923925e-06,2077.2591217805366,1.4941119952555113e-06,2.988223990511023e-08,"Method: equity_%, ATR: 1338587.74, Risk: 2077.26"
2024-01-04 06:00:00,EURUSD,2654733.6179942572,0.23048320398496003,equity_%,0.0033934299015796867,2076.3430779651662,7.533712559496156e-07,1.5067425118992312e-08,"Method: equity_%, ATR: 2654733.62, Risk: 2076.34"
2024-01-04 07:00:00,EURUSD,1008848.9272519648,-49.72092843153681,equity_%,-4.1450188179289064e-05,2079.1789643482903,1.9824573788742213e-06,3.964914757748443e-08,"Method: equity_%, ATR: 1008848.93, Risk: 2079.18"
2024-01-04 08:00:00,EURUSD,1836297.7999668121,-24.380450369364056,equity_%,-4.646161969141554e-05,2080.0759054719174,1.0891479584826309e-06,2.1782959169652617e-08,"Method: equity_%, ATR: 1836297.80, Risk: 2080.08"
2024-01-04 09:00:00,EURUSD,4904189.556616831,-158.6709557820634,equity_%,-2.672301263615827e-06,2079.4577601480323,4.0781457912889193e-07,8.156291582577838e-09,"Method: equity_%, ATR: 4904189.56, Risk: 2079.46"
2024-01-04 10:00:00,EURUSD,402400.1721433459,-166.5598450454159,equity_%,-3.105808217638995e-05,2081.6279028368003,4.970176800241392e-06,9.940353600482784e-08,"Method: equity_%, ATR: 402400.17, Risk: 2081.63"
2024-01-04 11:00:00,EURUSD,1208317.2828538455,-256.3475145307486,equity_%,-6.727544732332538e-06,2083.851142839026,1.655194399997599e-06,3.310388799995198e-08,"Method: equity_%, ATR: 1208317.28, Risk: 2083.85"
2024-01-04 12:00:00,EURUSD,283232.52095761005,-267.037807657857,equity_%,-2.754613258056558e-05,2083.4184469607544,7.061336011973463e-06,1.4122672023946925e-07,"Method: equity_%, ATR: 283232.52, Risk: 2083.42"
2024-01-04 13:00:00,EURUSD,1245946.0425231466,-244.84994443132558,equity_%,-6.8406807195044865e-06,2086.885230825573,1.6052059493281348e-06,3.210411898656269e-08,"Method: equity_%, ATR: 1245946.04, Risk: 2086.89"
2024-01-04 14:00:00,EURUSD,1932338.5758975828,-271.89184108864083,equity_%,-3.982533538795134e-06,2092.3717187520338,1.0350153047433666e-06,2.070030609486733e-08,"Method: equity_%, ATR: 1932338.58, Risk: 2092.37"
2024-01-04 15:00:00,EURUSD,1042177.6560142825,-231.05249629062445,equity_%,-8.68443192032294e-06,2091.1916577610864,1.9190586062349732e-06,3.838117212469946e-08,"Method: equity_%, ATR: 1042177.66, Risk: 2091.19"
2024-01-04 16:00:00,EURUSD,1035781.1988496727,-223.8635788335128,equity_%,-9.021395680320534e-06,2091.8242698283334,1.930909734817719e-06,3.861819469635438e-08,"Method: equity_%, ATR: 1035781.20, Risk: 2091.82"
2024-01-04 17:00:00,EURUSD,1624703.652849784,-133.60396391923632,equity_%,-9.644486510250305e-06,2093.498289430131,1.2309937239889465e-06,2.4619874479778928e-08,"Method: equity_%, ATR: 1624703.65, Risk: 2093.50"
2024-01-04 18:00:00,EURUSD,1905662.4164486811,-16.480350008478,equity_%,-6.683627028583409e-05,2099.058809890729,1.0495038275074569e-06,2.0990076550149132e-08,"Method: equity_%, ATR: 1905662.42, Risk: 2099.06"
2024-01-04 19:00:00,EURUSD,2071965.5725180514,-45.86504109842995,equity_%,-2.208327785772522e-05,2098.591255325114,9.652670037221747e-07,1.9305340074443495e-08,"Method: equity_%, ATR: 2071965.57, Risk: 2098.59"
2024-01-04 20:00:00,EURUSD,1628352.5168757075,-31.854287564556138,equity_%,-4.044171407491923e-05,2097.712086347925,1.228235274163709e-06,2.4564705483274175e-08,"Method: equity_%, ATR: 1628352.52, Risk: 2097.71"
2024-01-04 21:00:00,EURUSD,1501785.778156816,72.90136370457472,equity_%,1.9152142084539096e-05,2096.8192480533553,1.331747862504502e-06,2.663495725009004e-08,"Method: equity_%, ATR: 1501785.78, Risk: 2096.82"
2024-01-04 22:00:00,EURUSD,879405.638393913,70.40543253066492,equity_%,3.392173661481808e-05,2100.2620952401394,2.274263335009615e-06,4.54852667001923e-08,"Method: equity_%, ATR: 879405.64, Risk: 2100.26"
2024-01-04 23:00:00,EURUSD,3211203.511850378,-126.82696778863867,equity_%,-5.155942855704244e-06,2099.8464326836715,6.228194484153228e-07,1.2456388968306458e-08,"Method: equity_%, ATR: 3211203.51, Risk: 2099.85"
2024-01-05 00:00:00,EURUSD,1157029.5632471351,-133.8412955704924,equity_%,-1.3555267490112796e-05,2099.146164278236,1.728564302529244e-06,3.4571286050584885e-08,"Method: equity_%, ATR: 1157029.56, Risk: 2099.15"
2024-01-05 01:00:00,EURUSD,2036690.341613899,-65.13757812151366,equity_%,-1.5833919208665987e-05,2100.6080989356265,9.819853117264625e-07,1.9639706234529247e-08,"Method: equity_%, ATR: 2036690.34, Risk: 2100.61"
2024-01-05 02:00:00,EURUSD,4871196.195378931,-164.18867614398138,equity_%,-2.628453381764002e-06,2102.224541558794,4.105767700133498e-07,8.211535400266994e-09,"Method: equity_%, ATR: 4871196.20, Risk: 2102.22"
2024-01-05 03:00:00,EURUSD,519885.87606439524,-163.3675919862431,equity_%,-2.4788702690644808e-05,2105.36658250302,3.846998143400748e-06,7.693996286801495e-08,"Method: equity_%, ATR: 519885.88, Risk: 2105.37"
2024-01-05 04:00:00,EURUSD,577538.7675155867,-174.35383596150947,equity_%,-2.0919881150812e-05,2106.550434577034,3.4629709943168853e-06,6.92594198863377e-08,"Method: equity_%, ATR: 577538.77, Risk: 2106.55"
2024-01-05 05:00:00,EURUSD,2029110.9706946923,-115.75321915772507,equity_%,-8.97514927011132e-06,2108.048298788955,9.856533372914911e-07,1.9713066745829822e-08,"Method: equity_%, ATR: 2029110.97, Risk: 2108.05"
2024-01-05 06:00:00,EURUSD,1758306.2522638282,13.844197922377631,equity_%,8.663250032495755e-05,2108.837757557796,1.137458276921321e-06,2.274916553842642e-08,"Method: equity_%, ATR: 1758306.25, Risk: 2108.84"
2024-01-05 07:00:00,EURUSD,835736.6216002966,36.74421028586052,equity_%,6.86204265064209e-05,2107.2291437107433,2.393098433535595e-06,4.78619686707119e-08,"Method: equity_%, ATR: 835736.62, Risk: 2107.23"
2024-01-05 08:00:00,EURUSD,1783623.488777955,-25.76384933688375,equity_%,-4.5869249465420446e-05,2107.829934366016,1.1213128850250199e-06,2.2426257700500397e-08,"Method: equity_%, ATR: 1783623.49, Risk: 2107.83"
2024-01-05 09:00:00,EURUSD,2323755.9824238447,-114.28768962603534,equity_%,-7.941041445922123e-06,2108.9556015118546,8.606755679715801e-07,1.7213511359431603e-08,"Method: equity_%, ATR: 2323755.98, Risk: 2108.96"
2024-01-05 10:00:00,EURUSD,1377163.2821329306,-110.09822501422587,equity_%,-1.3909926031577447e-05,2109.0679545524717,1.4522606185828806e-06,2.904521237165761e-08,"Method: equity_%, ATR: 1377163.28, Risk: 2109.07"
2024-01-05 11:00:00,EURUSD,3727614.391814931,-29.07745747718954,equity_%,-1.9438581178844588e-05,2106.939046579224,5.365361836759688e-07,1.0730723673519374e-08,"Method: equity_%, ATR: 3727614.39, Risk: 2106.94"
2024-01-05 12:00:00,EURUSD,275874.2033528848,-28.862182947892517,equity_%,-0.0002644538230300654,2105.6690656437017,7.249681107159184e-06,1.449936221431837e-07,"Method: equity_%, ATR: 275874.20, Risk: 2105.67"
2024-01-05 13:00:00,EURUSD,656197.112171665,-49.941652338617175,equity_%,-6.42810347179164e-05,2106.5903030479117,3.0478646780097206e-06,6.095729356019441e-08,"Method: equity_%, ATR: 656197.11, Risk: 2106.59"
2024-01-05 14:00:00,EURUSD,1845293.8848473856,-40.89755479073695,equity_%,-2.7951656229385682e-05,2109.455809239722,1.0838381985780057e-06,2.167676397156011e-08,"Method: equity_%, ATR: 1845293.88, Risk: 2109.46"
2024-01-05 15:00:00,EURUSD,806201.5191399993,-46.9166035466679,equity_%,-5.588534078067567e-05,2113.820377431968,2.4807693269214668e-06,4.961538653842934e-08,"Method: equity_%, ATR: 806201.52, Risk: 2113.82"
2024-01-05 16:00:00,EURUSD,1415109.5908595507,-40.97001911232983,equity_%,-3.6470501635948764e-05,2114.452716271328,1.4133181012399056e-06,2.8266362024798113e-08,"Method: equity_%, ATR: 1415109.59, Risk: 2114.45"
2024-01-05 17:00:00,EURUSD,4201782.894419066,43.33813343270241,equity_%,1.160927418932488e-05,2114.018967729903,4.759884197387876e-07,9.519768394775751e-09,"Method: equity_%, ATR: 4201782.89, Risk: 2114.02"
2024-01-05 18:00:00,EURUSD,3551541.6231720555,164.76171099977287,equity_%,3.6131671778852026e-06,2114.273948732836,5.631357343388538e-07,1.1262714686777074e-08,"Method: equity_%, ATR: 3551541.62, Risk: 2114.27"
2024-01-05 19:00:00,EURUSD,3491808.2930775937,-31.47622102798431,equity_%,-1.9226655427921994e-05,2113.1811182604483,5.727691305289985e-07,1.145538261057997e-08,"Method: equity_%, ATR: 3491808.29, Risk: 2113.18"
2024-01-05 20:00:00,EURUSD,2952962.3753377995,-91.34334762408302,equity_%,-7.84387869618368e-06,2115.7566093430714,6.77285974485609e-07,1.354571948971218e-08,"Method: equity_%, ATR: 2952962.38, Risk: 2115.76"
2024-01-05 21:00:00,EURUSD,991212.2492076088,-175.9536731468266,equity_%,-1.2161361234555397e-05,2121.0318326018296,2.0177313200062175e-06,4.035462640012435e-08,"Method: equity_%, ATR: 991212.25, Risk: 2121.03"
2024-01-05 22:00:00,EURUSD,3285758.207775497,66.03626222434235,equity_%,9.773502965089932e-06,2120.6467628331197,6.086875154925131e-07,1.2173750309850265e-08,"Method: equity_%, ATR: 3285758.21, Risk: 2120.65"
2024-01-05 23:00:00,EURUSD,2139093.901531102,6.49215047090582,equity_%,0.00015260415681917492,2119.262679744796,9.349753176185756e-07,1.8699506352371513e-08,"Method: equity_%, ATR: 2139093.90, Risk: 2119.26"
2024-01-06 00:00:00,EURUSD,906896.7966341461,-17.124115023297243,equity_%,-0.00013665822836986564,2122.2756464047766,2.2053225983626727e-06,4.410645196725346e-08,"Method: equity_%, ATR: 906896.80, Risk: 2122.28"
2024-01-06 01:00:00,EURUSD,2082119.2281634365,84.96007962968673,equity_%,1.2006487189278908e-05,2123.911749501134,9.605597858889804e-07,1.9211195717779606e-08,"Method: equity_%, ATR: 2082119.23, Risk: 2123.91"
2024-01-06 02:00:00,EURUSD,1172031.778337857,63.82578634727324,equity_%,2.841464418978975e-05,2125.5816075529256,1.7064383722055257e-06,3.4128767444110514e-08,"Method: equity_%, ATR: 1172031.78, Risk: 2125.58"
2024-01-06 03:00:00,EURUSD,4475581.077695386,84.08429986053176,equity_%,5.659341585819897e-06,2129.7579554092677,4.4686934842209615e-07,8.937386968441923e-09,"Method: equity_%, ATR: 4475581.08, Risk: 2129.76"
2024-01-06 04:00:00,EURUSD,1859658.5960882474,132.70684914903455,equity_%,8.622836718729546e-06,2128.024982767997,1.075466219556083e-06,2.1509324391121657e-08,"Method: equity_%, ATR: 1859658.60, Risk: 2128.02"
2024-01-06 05:00:00,EURUSD,1122971.4688140121,150.56449605306145,equity_%,1.257535344938165e-05,2126.2361496374792,1.7809891484707369e-06,3.561978296941474e-08,"Method: equity_%, ATR: 1122971.47, Risk: 2126.24"
2024-01-06 06:00:00,EURUSD,1131057.0083422281,186.8828821127728,equity_%,1.0062262677353227e-05,2126.912721005118,1.7682574664661398e-06,3.536514932932279e-08,"Method: equity_%, ATR: 1131057.01, Risk: 2126.91"
2024-01-06 07:00:00,EURUSD,1127250.7636861778,144.08157020439302,equity_%,1.3102395954095023e-05,2128.039528026839,1.7742281171403954e-06,3.548456234280791e-08,"Method: equity_%, ATR: 1127250.76, Risk: 2128.04"
2024-01-06 08:00:00,EURUSD,3838088.3902201583,284.2592920935472,equity_%,1.9507842884530985e-06,2128.3296314933577,5.210927411406691e-07,1.0421854822813382e-08,"Method: equity_%, ATR: 3838088.39, Risk: 2128.33"
2024-01-06 09:00:00,EURUSD,1666810.2354574106,362.94752808145404,equity_%,3.5215121540235915e-06,2130.390384422066,1.1998966393742803e-06,2.3997932787485607e-08,"Method: equity_%, ATR: 1666810.24, Risk: 2130.39"
2024-01-06 10:00:00,EURUSD,2135614.9557852484,289.68006068536783,equity_%,3.4442526153674814e-06,2130.769900305694,9.364984050997228e-07,1.8729968101994456e-08,"Method: equity_%, ATR: 2135614.96, Risk: 2130.77"
2024-01-06 11:00:00,EURUSD,7232273.833445879,881.5712886396608,equity_%,3.341824019638711e-07,2130.6684497411497,2.76538201685746e-07,5.530764033714921e-09,"Method: equity_%, ATR: 7232273.83, Risk: 2130.67"
2024-01-06 12:00:00,EURUSD,1970335.562378426,816.3333322040359,equity_%,1.3254476968566574e-06,2131.917136910912,1.0150555256617129e-06,2.030111051323426e-08,"Method: equity_%, ATR: 1970335.56, Risk: 2131.92"
2024-01-06 13:00:00,EURUSD,1680955.4115245908,921.966935896434,equity_%,1.3775191291105534e-06,2134.858910734939,1.1897995546390149e-06,2.3795991092780297e-08,"Method: equity_%, ATR: 1680955.41, Risk: 2134.86"
2024-01-06 14:00:00,EURUSD,1585107.3728149857,924.4249288795296,equity_%,1.4566228442093821e-06,2134.408055248572,1.261744178533602e-06,2.523488357067204e-08,"Method: equity_%, ATR: 1585107.37, Risk: 2134.41"
2024-01-06 15:00:00,EURUSD,2697138.441959014,1044.7889544363786,equity_%,7.576860184780542e-07,2135.114081948242,7.415266375971931e-07,1.4830532751943864e-08,"Method: equity_%, ATR: 2697138.44, Risk: 2135.11"
2024-01-06 16:00:00,EURUSD,1965252.263750939,939.5920824570943,equity_%,1.1579050006784153e-06,2138.112651228711,1.0176810564679062e-06,2.0353621129358127e-08,"Method: equity_%, ATR: 1965252.26, Risk: 2138.11"
2024-01-06 17:00:00,EURUSD,1605558.5351783396,1071.1138044802458,equity_%,1.2450878361528307e-06,2141.2222640949003,1.2456724287401003e-06,2.4913448574802007e-08,"Method: equity_%, ATR: 1605558.54, Risk: 2141.22"
2024-01-06 18:00:00,EURUSD,1630038.6016318486,1050.6390420635516,equity_%,1.2511268227705925e-06,2142.6575202951462,1.2269648080712809e-06,2.4539296161425617e-08,"Method: equity_%, ATR: 1630038.60, Risk: 2142.66"
2024-01-06 19:00:00,EURUSD,1651484.1992442461,1138.7642444273722,equity_%,1.1424204300181588e-06,2148.4943027356553,1.2110318711588293e-06,2.4220637423176584e-08,"Method: equity_%, ATR: 1651484.20, Risk: 2148.49"
2024-01-06 20:00:00,EURUSD,2079650.569119251,1342.633028687361,equity_%,7.712376577533161e-07,2153.4556048290465,9.617000229259746e-07,1.923400045851949e-08,"Method: equity_%, ATR: 2079650.57, Risk: 2153.46"
2024-01-06 21:00:00,EURUSD,666791.8006355535,1338.7030217185609,equity_%,2.41043705868171e-06,2151.643372466927,2.9994370028151174e-06,5.998874005630235e-08,"Method: equity_%, ATR: 666791.80, Risk: 2151.64"
2024-01-06 22:00:00,EURUSD,792664.7954048736,1279.6753591043878,equity_%,2.118846362660831e-06,2149.259450027552,2.5231346359698608e-06,5.0462692719397206e-08,"Method: equity_%, ATR: 792664.80, Risk: 2149.26"
2024-01-06 23:00:00,EURUSD,3042100.628813387,1397.994798191003,equity_%,5.059796386615553e-07,2151.8508789232824,6.57440447911852e-07,1.3148808958237042e-08,"Method: equity_%, ATR: 3042100.63, Risk: 2151.85"
2024-01-07 00:00:00,EURUSD,2483298.797310597,1362.5099209799919,equity_%,6.370827094975877e-07,2155.5816102125646,8.053803280402634e-07,1.6107606560805266e-08,"Method: equity_%, ATR: 2483298.80, Risk: 2155.58"
2024-01-07 01:00:00,EURUSD,4004012.768238665,1176.4681375020452,equity_%,4.577198431328056e-07,2156.132092242848,4.994989066630237e-07,9.989978133260473e-09,"Method: equity_%, ATR: 4004012.77, Risk: 2156.13"
2024-01-07 02:00:00,EURUSD,1483337.9922329118,1232.201902625504,equity_%,1.1796481306360502e-06,2156.1277006594005,1.3483103719263215e-06,2.6966207438526425e-08,"Method: equity_%, ATR: 1483337.99, Risk: 2156.13"
2024-01-07 03:00:00,EURUSD,715981.5241786669,1269.3518675237376,equity_%,2.3717100295748164e-06,2155.4871194715893,2.7933681700715478e-06,5.586736340143095e-08,"Method: equity_%, ATR: 715981.52, Risk: 2155.49"
2024-01-07 04:00:00,EURUSD,1563393.0859951852,1238.4745742582113,equity_%,1.1125534381009124e-06,2154.1510956239017,1.2792688018873326e-06,2.5585376037746655e-08,"Method: equity_%, ATR: 1563393.09, Risk: 2154.15"
2024-01-07 05:00:00,EURUSD,1356006.580786768,1285.7494228137525,equity_%,1.2374205565001258e-06,2157.4237812157253,1.4749190957757598e-06,2.9498381915515197e-08,"Method: equity_%, ATR: 1356006.58, Risk: 2157.42"
2024-01-07 06:00:00,EURUSD,1420056.0495878335,1241.9315811722295,equity_%,1.2234327247775815e-06,2157.6611912941166,1.4083951127003006e-06,2.816790225400601e-08,"Method: equity_%, ATR: 1420056.05, Risk: 2157.66"
2024-01-07 07:00:00,EURUSD,2846494.2164000105,1127.2546774631446,equity_%,6.72935673735642e-07,2159.2647928081383,7.026186768541618e-07,1.4052373537083237e-08,"Method: equity_%, ATR: 2846494.22, Risk: 2159.26"
2024-01-07 08:00:00,EURUSD,508128.00502252456,1142.136074839354,equity_%,3.716047655588256e-06,2156.6131813243524,3.936016083017001e-06,7.872032166034001e-08,"Method: equity_%, ATR: 508128.01, Risk: 2156.61"
2024-01-07 09:00:00,EURUSD,447445.3611510512,1172.0669639875198,equity_%,4.1179820381296524e-06,2159.6177233957037,4.469819498977503e-06,8.939638997955007e-08,"Method: equity_%, ATR: 447445.36, Risk: 2159.62"
2024-01-07 10:00:00,EURUSD,4641350.690015613,1498.1833967628759,equity_%,3.1088860109543606e-07,2161.793279851483,4.3090904643391043e-07,8.618180928678209e-09,"Method: equity_%, ATR: 4641350.69, Risk: 2161.79"
2024-01-07 11:00:00,EURUSD,1132502.7163337881,1462.731954042134,equity_%,1.3039791284146404e-06,2160.103901450983,1.7660001792088684e-06,3.532000358417737e-08,"Method: equity_%, ATR: 1132502.72, Risk: 2160.10"
2024-01-07 12:00:00,EURUSD,2659596.7127479822,1505.7207146146175,equity_%,5.397834078962107e-07,2161.6219590939504,7.519937103296894e-07,1.5039874206593788e-08,"Method: equity_%, ATR: 2659596.71, Risk: 2161.62"
2024-01-07 13:00:00,EURUSD,2075750.485615531,1367.5140262755901,equity_%,7.618607078706664e-07,2162.6314458130055,9.63506940674968e-07,1.9270138813499364e-08,"Method: equity_%, ATR: 2075750.49, Risk: 2162.63"
2024-01-07 14:00:00,EURUSD,2559160.889946888,1218.2440877690585,equity_%,6.936982999629776e-07,2162.7311359733203,7.815061600294727e-07,1.5630123200589453e-08,"Method: equity_%, ATR: 2559160.89, Risk: 2162.73"
2024-01-07 15:00:00,EURUSD,528476.6703936907,1218.3313717859253,equity_%,3.3515457770490025e-06,2157.925281329517,3.7844622327606103e-06,7.56892446552122e-08,"Method: equity_%, ATR: 528476.67, Risk: 2157.93"
2024-01-07 16:00:00,EURUSD,2062018.9977011797,1142.4727120970529,equity_%,9.155550353364084e-07,2156.864952067766,9.699231686175925e-07,1.939846337235185e-08,"Method: equity_%, ATR: 2062019.00, Risk: 2156.86"
2024-01-07 17:00:00,EURUSD,1202679.6910486997,1224.76405582568,equity_%,1.465357427247472e-06,2158.4698143593178,1.6629531660720583e-06,3.3259063321441166e-08,"Method: equity_%, ATR: 1202679.69, Risk: 2158.47"
2024-01-07 18:00:00,EURUSD,1982483.0986221468,1176.713029726658,equity_%,9.252229145431719e-07,2158.3726844582034,1.0088358389486536e-06,2.017671677897307e-08,"Method: equity_%, ATR: 1982483.10, Risk: 2158.37"
2024-01-07 19:00:00,EURUSD,1108089.8304139054,1167.028237748686,equity_%,1.6694833252000489e-06,2158.929294384686,1.8049078198406886e-06,3.6098156396813773e-08,"Method: equity_%, ATR: 1108089.83, Risk: 2158.93"
2024-01-07 20:00:00,EURUSD,1215331.2767362627,1221.6483925851242,equity_%,1.4548495580285029e-06,2160.026051170676,1.645641841268944e-06,3.291283682537888e-08,"Method: equity_%, ATR: 1215331.28, Risk: 2160.03"
2024-01-07 21:00:00,EURUSD,1303850.8140721524,1297.4527485552626,equity_%,1.2773484791642096e-06,2160.8710351483837,1.5339178212832904e-06,3.0678356425665806e-08,"Method: equity_%, ATR: 1303850.81, Risk: 2160.87"
2024-01-07 22:00:00,EURUSD,5222260.365513161,986.6877642256152,equity_%,4.1874367169868204e-07,2157.677436186728,3.82975926134903e-07,7.65951852269806e-09,"Method: equity_%, ATR: 5222260.37, Risk: 2157.68"
2024-01-07 23:00:00,EURUSD,1390832.4751279098,994.2562177365808,equity_%,1.5607747447144674e-06,2158.3077354654265,1.4379877057559125e-06,2.875975411511825e-08,"Method: equity_%, ATR: 1390832.48, Risk: 2158.31"
2024-01-08 00:00:00,EURUSD,1732019.6888649378,870.1320688007611,equity_%,1.4329021055525986e-06,2159.5065236445494,1.1547212845546118e-06,2.3094425691092237e-08,"Method: equity_%, ATR: 1732019.69, Risk: 2159.51"
2024-01-08 01:00:00,EURUSD,456628.9035872103,878.8398811404411,equity_%,5.379606170696604e-06,2158.8558143306254,4.379924232321454e-06,8.75984846464291e-08,"Method: equity_%, ATR: 456628.90, Risk: 2158.86"
2024-01-08 02:00:00,EURUSD,1188940.4854514191,967.1654361432525,equity_%,1.879573252714071e-06,2161.3253115221078,1.6821699861962697e-06,3.36433997239254e-08,"Method: equity_%, ATR: 1188940.49, Risk: 2161.33"
2024-01-08 03:00:00,EURUSD,2675305.3769444306,1134.9799612353117,equity_%,7.111671905986389e-07,2159.4008535770654,7.47578208168623e-07,1.4951564163372456e-08,"Method: equity_%, ATR: 2675305.38, Risk: 2159.40"
2024-01-08 04:00:00,EURUSD,1590233.110432098,1233.4404512811934,equity_%,1.1012856465275912e-06,2160.12537137895,1.2576772467380963e-06,2.5153544934761928e-08,"Method: equity_%, ATR: 1590233.11, Risk: 2160.13"
2024-01-08 05:00:00,EURUSD,1781531.5976224793,1196.2619666192595,equity_%,1.0126687469417609e-06,2158.1778535762633,1.122629541159458e-06,2.2452590823189156e-08,"Method: equity_%, ATR: 1781531.60, Risk: 2158.18"
2024-01-08 06:00:00,EURUSD,932177.7335131447,1200.8446857612935,equity_%,1.928341228997488e-06,2158.5864781413484,2.1455135947760736e-06,4.2910271895521476e-08,"Method: equity_%, ATR: 932177.73, Risk: 2158.59"
2024-01-08 07:00:00,EURUSD,2170854.671318807,1311.5924809761398,equity_%,7.58971815081523e-07,2161.002737862339,9.212961265550716e-07,1.842592253110143e-08,"Method: equity_%, ATR: 2170854.67, Risk: 2161.00"
2024-01-08 08:00:00,EURUSD,1266841.1208177644,1275.9775356084713,equity_%,1.3372915463410088e-06,2161.67937800791,1.5787299347442804e-06,3.157459869488561e-08,"Method: equity_%, ATR: 1266841.12, Risk: 2161.68"
2024-01-08 09:00:00,EURUSD,905505.3443444058,1200.4853798897354,equity_%,1.9890965199315367e-06,2162.239270993167,2.208711425605134e-06,4.4174228512102675e-08,"Method: equity_%, ATR: 905505.34, Risk: 2162.24"
2024-01-08 10:00:00,EURUSD,914991.3489529149,1277.2311717678622,equity_%,1.8510971467091993e-06,2163.2948111502374,2.1858130159249403e-06,4.3716260318498804e-08,"Method: equity_%, ATR: 914991.35, Risk: 2163.29"
2024-01-08 11:00:00,EURUSD,6255926.6147245355,1436.4726999008017,equity_%,2.4085662971834895e-07,2164.4503460881824,3.1969684479555957e-07,6.3939368959111914e-09,"Method: equity_%, ATR: 6255926.61, Risk: 2164.45"
2024-01-08 12:00:00,EURUSD,1080435.600211674,1393.0700078281438,equity_%,1.4396422554577633e-06,2166.837849929596,1.8511052390426314e-06,3.7022104780852634e-08,"Method: equity_%, ATR: 1080435.60, Risk: 2166.84"
2024-01-08 13:00:00,EURUSD,4785415.529659954,1243.8904958988398,equity_%,3.644225944110005e-07,2169.237481375806,4.179365381342585e-07,8.35873076268517e-09,"Method: equity_%, ATR: 4785415.53, Risk: 2169.24"
2024-01-08 14:00:00,EURUSD,6225591.334019569,1088.225094083643,equity_%,3.2075729621819225e-07,2173.0808731423754,3.2125462348790165e-07,6.425092469758033e-09,"Method: equity_%, ATR: 6225591.33, Risk: 2173.08"
2024-01-08 15:00:00,EURUSD,3670745.9304308575,1297.5156588836976,equity_%,4.565367288407591e-07,2174.416107113434,5.448483871955824e-07,1.0896967743911647e-08,"Method: equity_%, ATR: 3670745.93, Risk: 2174.42"
2024-01-08 16:00:00,EURUSD,764772.9076694441,1318.38489014169,equity_%,2.154289357783013e-06,2172.0946581232142,2.615155400960484e-06,5.230310801920967e-08,"Method: equity_%, ATR: 764772.91, Risk: 2172.09"
2024-01-08 17:00:00,EURUSD,2769903.221068689,1477.201253242998,equity_%,5.315170121058442e-07,2174.8105553224627,7.220468876989703e-07,1.4440937753979406e-08,"Method: equity_%, ATR: 2769903.22, Risk: 2174.81"
2024-01-08 18:00:00,EURUSD,568607.1139474597,1433.7923493201044,equity_%,2.6721513383114065e-06,2178.5102042408716,3.5173671783937675e-06,7.034734356787535e-08,"Method: equity_%, ATR: 568607.11, Risk: 2178.51"
2024-01-08 19:00:00,EURUSD,1789530.7977273525,1526.8638111959513,equity_%,7.994648392857945e-07,2184.4335942752414,1.117611388717052e-06,2.235222777434104e-08,"Method: equity_%, ATR: 1789530.80, Risk: 2184.43"
2024-01-08 20:00:00,EURUSD,979112.8242892182,1571.5780660220285,equity_%,1.4221503311824442e-06,2188.337006036795,2.0426655134988042e-06,4.0853310269976083e-08,"Method: equity_%, ATR: 979112.82, Risk: 2188.34"
2024-01-08 21:00:00,EURUSD,1610506.3433569376,1658.2743524686612,equity_%,8.194061736840353e-07,2188.356409216274,1.2418454657131013e-06,2.4836909314262025e-08,"Method: equity_%, ATR: 1610506.34, Risk: 2188.36"
2024-01-08 22:00:00,EURUSD,1542590.8548576627,1766.8470717516634,equity_%,8.034169854279882e-07,2189.730777271251,1.2965200679765105e-06,2.593040135953021e-08,"Method: equity_%, ATR: 1542590.85, Risk: 2189.73"
2024-01-08 23:00:00,EURUSD,524097.7370188057,1776.5841666663293,equity_%,2.3522508034903925e-06,2190.189523778171,3.816082113570042e-06,7.632164227140083e-08,"Method: equity_%, ATR: 524097.74, Risk: 2190.19"
2024-01-09 00:00:00,EURUSD,920403.160332121,1789.8720921079216,equity_%,1.3295928398730514e-06,2190.3764699279645,2.1729608134747326e-06,4.345921626949465e-08,"Method: equity_%, ATR: 920403.16, Risk: 2190.38"
2024-01-09 01:00:00,EURUSD,872082.8478872613,1847.5723773900993,equity_%,1.3599182575426963e-06,2191.1494991462914,2.2933600916991665e-06,4.586720183398333e-08,"Method: equity_%, ATR: 872082.85, Risk: 2191.15"
2024-01-09 02:00:00,EURUSD,592910.5257822153,1837.948734799143,equity_%,2.013987461053946e-06,2194.720985350558,3.3731902420882804e-06,6.746380484176561e-08,"Method: equity_%, ATR: 592910.53, Risk: 2194.72"
2024-01-09 03:00:00,EURUSD,487980.51869643584,1850.8774646516517,equity_%,2.427548395240516e-06,2192.542642781535,4.098524271712095e-06,8.197048543424191e-08,"Method: equity_%, ATR: 487980.52, Risk: 2192.54"
2024-01-09 04:00:00,EURUSD,1147669.5078813487,1859.5150385834017,equity_%,1.0269099891863165e-06,2191.5375515167557,1.7426619651959673e-06,3.485323930391935e-08,"Method: equity_%, ATR: 1147669.51, Risk: 2191.54"
2024-01-09 05:00:00,EURUSD,1762784.4083352396,1735.6600862006999,equity_%,7.174076532727322e-07,2194.976537561889,1.1345686917487461e-06,2.269137383497492e-08,"Method: equity_%, ATR: 1762784.41, Risk: 2194.98"
2024-01-09 06:00:00,EURUSD,2556738.6526428526,1717.587593166878,equity_%,5.007224491542634e-07,2198.883873910037,7.822465538011239e-07,1.5644931076022474e-08,"Method: equity_%, ATR: 2556738.65, Risk: 2198.88"
2024-01-09 07:00:00,EURUSD,1632316.6321055351,1801.993113192651,equity_%,7.474493250821515e-07,2198.564882493402,1.2252524789998541e-06,2.4505049579997085e-08,"Method: equity_%, ATR: 1632316.63, Risk: 2198.56"
2024-01-09 08:00:00,EURUSD,1735938.249304236,1889.741368346799,equity_%,6.715084961958307e-07,2202.866379182012,1.1521147142195873e-06,2.304229428439175e-08,"Method: equity_%, ATR: 1735938.25, Risk: 2202.87"
2024-01-09 09:00:00,EURUSD,2554509.0742334444,1795.984678048124,equity_%,4.807946512174293e-07,2205.818143348628,7.829292994780844e-07,1.5658585989561684e-08,"Method: equity_%, ATR: 2554509.07, Risk: 2205.82"
2024-01-09 10:00:00,EURUSD,1212076.7263601124,1865.8157611489512,equity_%,9.755786208020434e-07,2206.2826210765365,1.6500605584648385e-06,3.300121116929677e-08,"Method: equity_%, ATR: 1212076.73, Risk: 2206.28"
2024-01-09 11:00:00,EURUSD,1279644.8716978556,1810.2860746599397,equity_%,9.507403175186125e-07,2202.412089932554,1.562933626535278e-06,3.1258672530705565e-08,"Method: equity_%, ATR: 1279644.87, Risk: 2202.41"
2024-01-09 12:00:00,EURUSD,720887.7929514188,1829.8596232517054,equity_%,1.667831797142333e-06,2200.0760596452187,2.774356868787736e-06,5.548713737575472e-08,"Method: equity_%, ATR: 720887.79, Risk: 2200.08"
2024-01-09 13:00:00,EURUSD,1267896.206885198,1885.6628296749116,equity_%,9.200840450549856e-07,2199.7597062699992,1.5774161868607047e-06,3.154832373721409e-08,"Method: equity_%, ATR: 1267896.21, Risk: 2199.76"
2024-01-09 14:00:00,EURUSD,1831749.7730898003,1983.5989710739143,equity_%,6.061113703416116e-07,2202.2795802339188,1.0918521893011594e-06,2.183704378602319e-08,"Method: equity_%, ATR: 1831749.77, Risk: 2202.28"
2024-01-09 15:00:00,EURUSD,997459.8842087993,1977.6176503019876,equity_%,1.117718839116182e-06,2204.8057802830144,2.0050931688209505e-06,4.010186337641901e-08,"Method: equity_%, ATR: 997459.88, Risk: 2204.81"
2024-01-09 16:00:00,EURUSD,3036005.6628083135,2135.202536746466,equity_%,3.401276214431956e-07,2204.872881899201,6.587602995937743e-07,1.3175205991875485e-08,"Method: equity_%, ATR: 3036005.66, Risk: 2204.87"
2024-01-09 17:00:00,EURUSD,6649231.8408873435,1817.4617416573108,equity_%,1.8249570659329627e-07,2205.4103333684757,3.007866243588672e-07,6.015732487177342e-09,"Method: equity_%, ATR: 6649231.84, Risk: 2205.41"
2024-01-09 18:00:00,EURUSD,559412.6318513077,1845.2322529447636,equity_%,2.1374215806417825e-06,2206.345370668592,3.57517847493226e-06,7.15035694986452e-08,"Method: equity_%, ATR: 559412.63, Risk: 2206.35"
2024-01-09 19:00:00,EURUSD,1834596.2236286118,1797.5518753735978,equity_%,6.69209782024393e-07,2206.9078946426903,1.0901581362923769e-06,2.1803162725847535e-08,"Method: equity_%, ATR: 1834596.22, Risk: 2206.91"
2024-01-09 20:00:00,EURUSD,892888.8986949665,1725.4463819356633,equity_%,1.4333307871266141e-06,2208.2351621700277,2.2399203337875195e-06,4.479840667575039e-08,"Method: equity_%, ATR: 892888.90, Risk: 2208.24"
2024-01-09 21:00:00,EURUSD,793414.8713378226,1716.5553062969943,equity_%,1.6220789878172678e-06,2209.1750798565313,2.520749323273566e-06,5.041498646547132e-08,"Method: equity_%, ATR: 793414.87, Risk: 2209.18"
2024-01-09 22:00:00,EURUSD,818246.8279755949,1675.078280987873,equity_%,1.6100849002462589e-06,2206.826625558347,2.444250233084499e-06,4.888500466168998e-08,"Method: equity_%, ATR: 818246.83, Risk: 2206.83"
2024-01-09 23:00:00,EURUSD,3024557.5928908805,1487.5398946770065,equity_%,4.906285546422421e-07,2207.4115024259086,6.612537333396897e-07,1.3225074666793792e-08,"Method: equity_%, ATR: 3024557.59, Risk: 2207.41"
2024-01-10 00:00:00,EURUSD,1639600.3055429175,1557.155352279225,equity_%,8.649702669652753e-07,2208.366306759819,1.2198094823712199e-06,2.4396189647424395e-08,"Method: equity_%, ATR: 1639600.31, Risk: 2208.37"
2024-01-10 01:00:00,EURUSD,1296584.624631421,1512.3365353543797,equity_%,1.1277358074615252e-06,2211.345905451674,1.5425140496082453e-06,3.085028099216491e-08,"Method: equity_%, ATR: 1296584.62, Risk: 2211.35"
2024-01-10 02:00:00,EURUSD,1844395.1632953736,1649.2136396075998,equity_%,7.267677318223704e-07,2210.6832931883932,1.0843663222509258e-06,2.168732644501852e-08,"Method: equity_%, ATR: 1844395.16, Risk: 2210.68"
2024-01-10 03:00:00,EURUSD,1021168.5427489419,1608.502772883254,equity_%,1.3467400248521883e-06,2212.091103891083,1.9585405506284848e-06,3.91708110125697e-08,"Method: equity_%, ATR: 1021168.54, Risk: 2212.09"
2024-01-10 04:00:00,EURUSD,1627657.738872217,1744.7062264913109,equity_%,7.797129368289972e-07,2214.2167838837263,1.2287595556703304e-06,2.4575191113406606e-08,"Method: equity_%, ATR: 1627657.74, Risk: 2214.22"
2024-01-10 05:00:00,EURUSD,1154563.0037031332,1752.3087326287718,equity_%,1.0947874239364988e-06,2214.9200895261106,1.7322571341583103e-06,3.464514268316621e-08,"Method: equity_%, ATR: 1154563.00, Risk: 2214.92"
2024-01-10 06:00:00,EURUSD,1974410.5285632303,1711.6538156448219,equity_%,6.546547433184156e-07,2212.410493755368,1.012960562692801e-06,2.025921125385602e-08,"Method: equity_%, ATR: 1974410.53, Risk: 2212.41"
2024-01-10 07:00:00,EURUSD,8889569.835690286,1381.5697328269493,equity_%,1.8038673584172333e-07,2215.430631796555,2.2498276485441406e-07,4.499655297088281e-09,"Method: equity_%, ATR: 8889569.84, Risk: 2215.43"
2024-01-10 08:00:00,EURUSD,2095391.1575697043,1248.9335503835907,equity_%,8.475052559597069e-07,2217.9249142606086,9.544757277298327e-07,1.9089514554596653e-08,"Method: equity_%, ATR: 2095391.16, Risk: 2217.92"
2024-01-10 09:00:00,EURUSD,1329558.6531776304,1261.2755187377254,equity_%,1.3234717713289936e-06,2219.382461020658,1.5042585712334106e-06,3.008517142466821e-08,"Method: equity_%, ATR: 1329558.65, Risk: 2219.38"
2024-01-10 10:00:00,EURUSD,1326549.567942259,1285.1795289462011,equity_%,1.3024356733570046e-06,2220.4631218224363,1.5076707635602313e-06,3.0153415271204626e-08,"Method: equity_%, ATR: 1326549.57, Risk: 2220.46"
2024-01-10 11:00:00,EURUSD,1443328.9932317757,1279.1457008084822,equity_%,1.2013143447446004e-06,2217.900272023333,1.3856854600570141e-06,2.7713709201140284e-08,"Method: equity_%, ATR: 1443328.99, Risk: 2217.90"
2024-01-10 12:00:00,EURUSD,4084157.7783342884,1061.0248012020334,equity_%,5.124044234305709e-07,2220.449585295113,4.896970461351016e-07,9.79394092270203e-09,"Method: equity_%, ATR: 4084157.78, Risk: 2220.45"
2024-01-10 13:00:00,EURUSD,1018699.009923913,1086.7451117404905,equity_%,2.009294872273307e-06,2224.4223773817703,1.9632884497938023e-06,3.9265768995876046e-08,"Method: equity_%, ATR: 1018699.01, Risk: 2224.42"
2024-01-10 14:00:00,EURUSD,2345435.4918239256,960.2185598477105,equity_%,9.871518096351223e-07,2223.194886340926,8.527201054865516e-07,1.705440210973103e-08,"Method: equity_%, ATR: 2345435.49, Risk: 2223.19"
2024-01-10 15:00:00,EURUSD,2839879.177978847,1063.9866302405167,equity_%,7.369902472657506e-07,2226.8849236534693,7.042553132219546e-07,1.4085106264439091e-08,"Method: equity_%, ATR: 2839879.18, Risk: 2226.88"
2024-01-10 16:00:00,EURUSD,1167270.7986935915,1090.99908002061,equity_%,1.7512076611931127e-06,2230.14783924616,1.7133984695225804e-06,3.426796939045161e-08,"Method: equity_%, ATR: 1167270.80, Risk: 2230.15"
2024-01-10 17:00:00,EURUSD,695900.9485423212,1119.37717497582,equity_%,2.8612723432188913e-06,2228.86144859946,2.8739722286473792e-06,5.747944457294758e-08,"Method: equity_%, ATR: 695900.95, Risk: 2228.86"
2024-01-10 18:00:00,EURUSD,1116723.802036811,1216.0294982611808,equity_%,1.6414756319097675e-06,2229.073161400754,1.7909531402054537e-06,3.5819062804109074e-08,"Method: equity_%, ATR: 1116723.80, Risk: 2229.07"
2024-01-10 19:00:00,EURUSD,5771329.784942547,737.6672176681641,equity_%,5.231652484625742e-07,2227.282286114535,3.465405850169954e-07,6.930811700339906e-09,"Method: equity_%, ATR: 5771329.78, Risk: 2227.28"
2024-01-10 20:00:00,EURUSD,3833711.5914364974,567.5937087520107,equity_%,1.0239713487007926e-06,2228.1520094430775,5.216876523699575e-07,1.0433753047399151e-08,"Method: equity_%, ATR: 3833711.59, Risk: 2228.15"
2024-01-10 21:00:00,EURUSD,1189044.2177237459,597.8649106203369,equity_%,3.136990953650351e-06,2230.0486445679376,1.682023233609186e-06,3.3640464672183726e-08,"Method: equity_%, ATR: 1189044.22, Risk: 2230.05"
2024-01-10 22:00:00,EURUSD,1166583.8164189677,617.9904428279311,equity_%,3.090985344509606e-06,2228.407708305897,1.714407462071048e-06,3.428814924142096e-08,"Method: equity_%, ATR: 1166583.82, Risk: 2228.41"
2024-01-10 23:00:00,EURUSD,1290373.8492236005,602.8735724597774,equity_%,2.8668038799248986e-06,2230.1793138561466,1.5499384160670734e-06,3.099876832134147e-08,"Method: equity_%, ATR: 1290373.85, Risk: 2230.18"
2024-01-11 00:00:00,EURUSD,527572.7966743761,564.9599062509938,equity_%,7.4900236767675755e-06,2232.4575653831034,3.7909460317273e-06,7.5818920634546e-08,"Method: equity_%, ATR: 527572.80, Risk: 2232.46"
2024-01-11 01:00:00,EURUSD,1862985.3602586496,598.8981810445733,equity_%,2.0029464210691052e-06,2234.764522695541,1.0735457415093846e-06,2.1470914830187692e-08,"Method: equity_%, ATR: 1862985.36, Risk: 2234.76"
2024-01-11 02:00:00,EURUSD,1052947.8740413936,584.1384062352699,equity_%,3.636469624261338e-06,2236.6735278397123,1.8994292588517785e-06,3.7988585177035564e-08,"Method: equity_%, ATR: 1052947.87, Risk: 2236.67"
2024-01-11 03:00:00,EURUSD,994153.1333924707,615.8920665740927,equity_%,3.650578638166706e-06,2235.2165464869504,2.0117625070246012e-06,4.0235250140492024e-08,"Method: equity_%, ATR: 994153.13, Risk: 2235.22"
2024-01-11 04:00:00,EURUSD,1017212.3534555851,661.6840721620814,equity_%,3.3220362326541155e-06,2235.9735984498507,1.96615779704776e-06,3.932315594095519e-08,"Method: equity_%, ATR: 1017212.35, Risk: 2235.97"
2024-01-11 05:00:00,EURUSD,6320327.522399212,914.6557731801123,equity_%,3.870796918802407e-07,2237.678302670479,3.164392973167939e-07,6.328785946335878e-09,"Method: equity_%, ATR: 6320327.52, Risk: 2237.68"
2024-01-11 06:00:00,EURUSD,2156323.18741791,788.4376077548293,equity_%,1.3184904909331292e-06,2241.6003539151566,9.275047505262423e-07,1.8550095010524845e-08,"Method: equity_%, ATR: 2156323.19, Risk: 2241.60"
2024-01-11 07:00:00,EURUSD,1970019.2424876639,738.3596907145604,equity_%,1.5417515508610628e-06,2242.605285574132,1.015218509984947e-06,2.030437019969894e-08,"Method: equity_%, ATR: 1970019.24, Risk: 2242.61"
2024-01-11 08:00:00,EURUSD,912316.0264723776,741.0910604963542,equity_%,3.3196652212099004e-06,2244.4563681626832,2.192222806534852e-06,4.384445613069704e-08,"Method: equity_%, ATR: 912316.03, Risk: 2244.46"
2024-01-11 09:00:00,EURUSD,1866842.8717431345,737.4962288766894,equity_%,1.629582581598692e-06,2243.5923145353927,1.0713274428567908e-06,2.1426548857135812e-08,"Method: equity_%, ATR: 1866842.87, Risk: 2243.59"
2024-01-11 10:00:00,EURUSD,987744.8994908252,789.8940749180299,equity_%,2.873933274506906e-06,2242.282526463061,2.0248143027931452e-06,4.04962860558629e-08,"Method: equity_%, ATR: 987744.90, Risk: 2242.28"
2024-01-11 11:00:00,EURUSD,2571368.0928594624,878.9095676948049,equity_%,9.914674175952941e-07,2240.7163824836002,7.777960711085598e-07,1.5555921422171195e-08,"Method: equity_%, ATR: 2571368.09, Risk: 2240.72"
2024-01-11 12:00:00,EURUSD,1529623.628007513,797.8222791227315,equity_%,1.8362298884248782e-06,2240.8758459353785,1.307511183391694e-06,2.6150223667833884e-08,"Method: equity_%, ATR: 1529623.63, Risk: 2240.88"
2024-01-11 13:00:00,EURUSD,2174625.45082847,907.1824620302995,equity_%,1.1384936946933543e-06,2245.9999482413923,9.196986079777818e-07,1.8393972159555636e-08,"Method: equity_%, ATR: 2174625.45, Risk: 2246.00"
2024-01-11 14:00:00,EURUSD,3772602.581927773,767.810123315335,equity_%,7.754480684671139e-07,2246.1957957225127,5.301380032926804e-07,1.0602760065853607e-08,"Method: equity_%, ATR: 3772602.58, Risk: 2246.20"
2024-01-11 15:00:00,EURUSD,982459.1410940445,783.5927407119977,equity_%,2.919960152501197e-06,2247.9250484303966,2.0357080679944044e-06,4.071416135988809e-08,"Method: equity_%, ATR: 982459.14, Risk: 2247.93"
2024-01-11 16:00:00,EURUSD,1032026.8065862331,805.5603809490643,equity_%,2.7064562822293603e-06,2250.039244347539,1.9379341575590035e-06,3.875868315118006e-08,"Method: equity_%, ATR: 1032026.81, Risk: 2250.04"
2024-01-11 17:00:00,EURUSD,1777695.2813556204,806.8077162453749,equity_%,1.567957621694259e-06,2248.856186129466,1.1250522071897811e-06,2.2501044143795623e-08,"Method: equity_%, ATR: 1777695.28, Risk: 2248.86"
2024-01-11 18:00:00,EURUSD,1805425.567797487,705.2986574140721,equity_%,1.765418745109379e-06,2248.021079278854,1.1077720597697543e-06,2.2155441195395083e-08,"Method: equity_%, ATR: 1805425.57, Risk: 2248.02"
2024-01-11 19:00:00,EURUSD,1229330.981977448,774.8926075696273,equity_%,2.36224135403053e-06,2250.269909556719,1.626901159509449e-06,3.253802319018898e-08,"Method: equity_%, ATR: 1229330.98, Risk: 2250.27"
2024-01-11 20:00:00,EURUSD,1498493.3862727212,677.8847340472663,equity_%,2.217083802012216e-06,2252.126564385058,1.3346738920047566e-06,2.6693477840095135e-08,"Method: equity_%, ATR: 1498493.39, Risk: 2252.13"
2024-01-11 21:00:00,EURUSD,2937151.592461213,726.7144208099666,equity_%,1.0537220641708433e-06,2249.1385751317,6.80931826989591e-07,1.3618636539791822e-08,"Method: equity_%, ATR: 2937151.59, Risk: 2249.14"
2024-01-11 22:00:00,EURUSD,2267423.765084218,841.4739090806482,equity_%,1.1799546261238204e-06,2251.327395839614,8.820583213414962e-07,1.7641166426829923e-08,"Method: equity_%, ATR: 2267423.77, Risk: 2251.33"
2024-01-11 23:00:00,EURUSD,1896953.1798359277,839.3072052870335,equity_%,1.4139739868348253e-06,2251.2254150579265,1.0543222791471244e-06,2.1086445582942484e-08,"Method: equity_%, ATR: 1896953.18, Risk: 2251.23"
2024-01-12 00:00:00,EURUSD,1430177.055362941,861.5220332067124,equity_%,1.8270616950104366e-06,2251.175780665341,1.398428252292478e-06,2.7968565045849563e-08,"Method: equity_%, ATR: 1430177.06, Risk: 2251.18"
2024-01-12 01:00:00,EURUSD,3800625.0007307357,987.5720933299668,equity_%,6.002533173984126e-07,2252.985512051268,5.262292385108938e-07,1.0524584770217875e-08,"Method: equity_%, ATR: 3800625.00, Risk: 2252.99"
2024-01-12 02:00:00,EURUSD,569371.894603039,988.2987707907049,equity_%,4.011006050519833e-06,2257.0313839002356,3.5126426487812187e-06,7.025285297562436e-08,"Method: equity_%, ATR: 569371.89, Risk: 2257.03"
2024-01-12 03:00:00,EURUSD,2590680.1559175574,861.8271190944147,equity_%,1.0106204767434506e-06,2256.430949273541,7.719980389827966e-07,1.543996077965593e-08,"Method: equity_%, ATR: 2590680.16, Risk: 2256.43"
2024-01-12 04:00:00,EURUSD,1947515.1939398563,993.6329100414309,equity_%,1.1677801207707004e-06,2259.7890497046196,1.0269496259764558e-06,2.0538992519529114e-08,"Method: equity_%, ATR: 1947515.19, Risk: 2259.79"
2024-01-12 05:00:00,EURUSD,881895.8300205771,987.1713838288144,equity_%,2.593559660430818e-06,2257.907204168856,2.267841543091699e-06,4.5356830861833974e-08,"Method: equity_%, ATR: 881895.83, Risk: 2257.91"
2024-01-12 06:00:00,EURUSD,1027065.8961495121,976.2732989209184,equity_%,2.2530920775477542e-06,2259.1686908606803,1.9472947232480743e-06,3.894589446496149e-08,"Method: equity_%, ATR: 1027065.90, Risk: 2259.17"
2024-01-12 07:00:00,EURUSD,1757758.4202140837,1073.1607529377534,equity_%,1.1975920577215142e-06,2259.086580048824,1.1378127830310222e-06,2.2756255660620448e-08,"Method: equity_%, ATR: 1757758.42, Risk: 2259.09"
2024-01-12 08:00:00,EURUSD,2328664.174011443,1168.208568936088,equity_%,8.310098926079225e-07,2260.6505940223365,8.588614976434004e-07,1.7177229952868012e-08,"Method: equity_%, ATR: 2328664.17, Risk: 2260.65"
2024-01-12 09:00:00,EURUSD,454820.28656668036,1197.6739960876378,equity_%,4.150813792426787e-06,2261.057979216766,4.397341233605647e-06,8.794682467211295e-08,"Method: equity_%, ATR: 454820.29, Risk: 2261.06"
2024-01-12 10:00:00,EURUSD,2422557.031336562,1132.7948392470018,equity_%,8.233096615033103e-07,2259.3758563788383,8.255739593038887e-07,1.6511479186077775e-08,"Method: equity_%, ATR: 2422557.03, Risk: 2259.38"
2024-01-12 11:00:00,EURUSD,2000076.8098297373,1171.4341454000053,equity_%,9.639954189796234e-07,2258.6010376532363,9.999615965600122e-07,1.9999231931200246e-08,"Method: equity_%, ATR: 2000076.81, Risk: 2258.60"
2024-01-12 12:00:00,EURUSD,615524.5230982427,1175.9804940838105,equity_%,3.1171247389927247e-06,2256.314635493523,3.2492612803353472e-06,6.498522560670694e-08,"Method: equity_%, ATR: 615524.52, Risk: 2256.31"
2024-01-12 13:00:00,EURUSD,1181894.0051314803,1150.7585305487185,equity_%,1.6577773151289557e-06,2254.7008330356257,1.692199123877872e-06,3.3843982477557436e-08,"Method: equity_%, ATR: 1181894.01, Risk: 2254.70"
2024-01-12 14:00:00,EURUSD,928131.392786015,1191.6793180343507,equity_%,2.0403165469257116e-06,2256.661481785376,2.154867312478794e-06,4.309734624957589e-08,"Method: equity_%, ATR: 928131.39, Risk: 2256.66"
2024-01-12 15:00:00,EURUSD,499259.42176480475,1188.9497983028143,equity_%,3.8025282079537616e-06,2257.159407525661,4.00593341419639e-06,8.011866828392782e-08,"Method: equity_%, ATR: 499259.42, Risk: 2257.16"
2024-01-12 16:00:00,EURUSD,1342809.8455635926,1187.7780078902847,equity_%,1.4150764076910208e-06,2256.990271935789,1.489414161362942e-06,2.9788283227258843e-08,"Method: equity_%, ATR: 1342809.85, Risk: 2256.99"
2024-01-12 17:00:00,EURUSD,879770.257511393,1148.2056315676261,equity_%,2.235697502868021e-06,2258.405849417384,2.2733207708764805e-06,4.546641541752961e-08,"Method: equity_%, ATR: 879770.26, Risk: 2258.41"
2024-01-12 18:00:00,EURUSD,2653495.454395429,915.1439351522082,equity_%,9.30192211428354e-07,2258.81390583096,7.537227910781096e-07,1.5074455821562193e-08,"Method: equity_%, ATR: 2653495.45, Risk: 2258.81"
2024-01-12 19:00:00,EURUSD,1429501.7096447714,849.6813836455143,equity_%,1.8615539260750633e-06,2261.0824736973245,1.3990889178418656e-06,2.798177835683731e-08,"Method: equity_%, ATR: 1429501.71, Risk: 2261.08"
2024-01-12 20:00:00,EURUSD,921664.7548024752,792.5880432484788,equity_%,3.096697202165725e-06,2262.138744721727,2.169986418140321e-06,4.339972836280642e-08,"Method: equity_%, ATR: 921664.75, Risk: 2262.14"
2024-01-12 21:00:00,EURUSD,869756.7176632276,757.7135507445441,equity_%,3.4424477362764557e-06,2268.66411378719,2.2994935933043357e-06,4.598987186608672e-08,"Method: equity_%, ATR: 869756.72, Risk: 2268.66"
2024-01-12 22:00:00,EURUSD,2038137.7523461287,632.9696606337875,equity_%,1.7546430767616098e-06,2263.628820001695,9.812879417486736e-07,1.9625758834973467e-08,"Method: equity_%, ATR: 2038137.75, Risk: 2263.63"
2024-01-12 23:00:00,EURUSD,7683758.759802022,1149.1101292344629,equity_%,2.5632225321672765e-07,2263.193495449751,2.602892754081638e-07,5.205785508163277e-09,"Method: equity_%, ATR: 7683758.76, Risk: 2263.19"
2024-01-13 00:00:00,EURUSD,1161142.8967402775,1190.427147490846,equity_%,1.6389883640482132e-06,2265.501543398214,1.7224408861430225e-06,3.444881772286045e-08,"Method: equity_%, ATR: 1161142.90, Risk: 2265.50"
2024-01-13 01:00:00,EURUSD,2618140.967762745,981.1437641192532,equity_%,8.817423770589574e-07,2264.995732607358,7.639008077204647e-07,1.5278016154409293e-08,"Method: equity_%, ATR: 2618140.97, Risk: 2265.00"
2024-01-13 02:00:00,EURUSD,423616.12542693136,977.9189761854136,equity_%,5.47268762349496e-06,2267.127875721978,4.721255589560826e-06,9.442511179121653e-08,"Method: equity_%, ATR: 423616.13, Risk: 2267.13"
2024-01-13 03:00:00,EURUSD,1336375.751911795,898.0734609148892,equity_%,1.8897488007112054e-06,2268.0077173361847,1.4965850713310505e-06,2.9931701426621015e-08,"Method: equity_%, ATR: 1336375.75, Risk: 2268.01"
2024-01-13 04:00:00,EURUSD,1885178.2368600096,882.2377761210154,equity_%,1.365302504798651e-06,2270.7376150122077,1.0609076430519587e-06,2.121815286103917e-08,"Method: equity_%, ATR: 1885178.24, Risk: 2270.74"
2024-01-13 05:00:00,EURUSD,2267876.476892749,751.1528642908761,equity_%,1.332224348899121e-06,2269.4733693513526,8.818822455181641e-07,1.763764491036328e-08,"Method: equity_%, ATR: 2267876.48, Risk: 2269.47"
2024-01-13 06:00:00,EURUSD,2003663.6850616902,803.3869339980176,equity_%,1.4106943872635195e-06,2270.819053972585,9.981715069804353e-07,1.9963430139608708e-08,"Method: equity_%, ATR: 2003663.69, Risk: 2270.82"
2024-01-13 07:00:00,EURUSD,2107993.330633036,752.9297401577505,equity_%,1.4319511102466947e-06,2272.7510904326123,9.487696051672968e-07,1.8975392103345936e-08,"Method: equity_%, ATR: 2107993.33, Risk: 2272.75"
2024-01-13 08:00:00,EURUSD,1854995.180027381,787.7275115928799,equity_%,1.556232435363351e-06,2274.0146687490346,1.0781699173851647e-06,2.1563398347703293e-08,"Method: equity_%, ATR: 1854995.18, Risk: 2274.01"
2024-01-13 09:00:00,EURUSD,3290681.070673843,813.848165436982,equity_%,8.495952205463401e-07,2275.3134937188765,6.0777691822637e-07,1.2155538364527398e-08,"Method: equity_%, ATR: 3290681.07, Risk: 2275.31"
2024-01-13 10:00:00,EURUSD,1425378.0232261876,866.2693957806204,equity_%,1.8454726810436087e-06,2278.718355530436,1.4031365486281446e-06,2.8062730972562884e-08,"Method: equity_%, ATR: 1425378.02, Risk: 2278.72"
2024-01-13 11:00:00,EURUSD,1299173.650934971,829.38511676863,equity_%,2.1125997605564514e-06,2276.358544037426,1.5394400883674545e-06,3.078880176734909e-08,"Method: equity_%, ATR: 1299173.65, Risk: 2276.36"
2024-01-13 12:00:00,EURUSD,5933339.526387383,1062.5950088122875,equity_%,3.6125352898672474e-07,2277.6084784190093,3.3707829985211294e-07,6.7415659970422584e-09,"Method: equity_%, ATR: 5933339.53, Risk: 2277.61"
2024-01-13 13:00:00,EURUSD,5421470.5945377555,1351.5558068836388,equity_%,3.106400564324783e-07,2276.1901821532506,3.6890359638121834e-07,7.378071927624367e-09,"Method: equity_%, ATR: 5421470.59, Risk: 2276.19"
2024-01-13 14:00:00,EURUSD,3168595.0615115734,1197.5447971219537,equity_%,6.005230380568839e-07,2278.705404027103,6.311945708347796e-07,1.2623891416695595e-08,"Method: equity_%, ATR: 3168595.06, Risk: 2278.71"
2024-01-13 15:00:00,EURUSD,1096923.7362518902,1217.0321794310144,equity_%,1.7064000495698884e-06,2278.029536862364,1.8232808115118895e-06,3.646561623023779e-08,"Method: equity_%, ATR: 1096923.74, Risk: 2278.03"
2024-01-13 16:00:00,EURUSD,3108483.038033968,1131.4474439093317,equity_%,6.46582190679419e-07,2274.084645546175,6.434006476885736e-07,1.286801295377147e-08,"Method: equity_%, ATR: 3108483.04, Risk: 2274.08"
2024-01-13 17:00:00,EURUSD,1181484.1697231736,1041.1907746515972,equity_%,1.8507066674315367e-06,2276.64758037467,1.6927861170316045e-06,3.385572234063209e-08,"Method: equity_%, ATR: 1181484.17, Risk: 2276.65"
2024-01-13 18:00:00,EURUSD,1088490.3160067915,1108.0286537203767,equity_%,1.8880287762189887e-06,2277.110837786752,1.8374072516668317e-06,3.674814503333664e-08,"Method: equity_%, ATR: 1088490.32, Risk: 2277.11"
2024-01-13 19:00:00,EURUSD,892541.4934959599,1128.6350497594408,equity_%,2.262188835957923e-06,2278.8240970189554,2.240792181174995e-06,4.48158436234999e-08,"Method: equity_%, ATR: 892541.49, Risk: 2278.82"
2024-01-13 20:00:00,EURUSD,1074868.39079972,1141.1167744557374,equity_%,1.8610553678664243e-06,2282.678114824353,1.8606929156340402e-06,3.72138583126808e-08,"Method: equity_%, ATR: 1074868.39, Risk: 2282.68"
2024-01-13 21:00:00,EURUSD,1246436.1180084916,1087.0082229523912,equity_%,1.686060963719776e-06,2284.420916996218,1.6045748122218442e-06,3.2091496244436886e-08,"Method: equity_%, ATR: 1246436.12, Risk: 2284.42"
2024-01-13 22:00:00,EURUSD,1946230.4890855376,1104.2684773114765,equity_%,1.0635591264867924e-06,2285.759773164036,1.027627514426478e-06,2.0552550288529562e-08,"Method: equity_%, ATR: 1946230.49, Risk: 2285.76"
2024-01-13 23:00:00,EURUSD,2527853.3063221686,961.4074565790111,equity_%,9.408994931992494e-07,2286.665232405577,7.911851510520782e-07,1.5823703021041564e-08,"Method: equity_%, ATR: 2527853.31, Risk: 2286.67"
2024-01-14 00:00:00,EURUSD,988603.1920766731,942.685595996129,equity_%,2.4522670355155303e-06,2285.370619438079,2.023056385038342e-06,4.046112770076684e-08,"Method: equity_%, ATR: 988603.19, Risk: 2285.37"
2024-01-14 01:00:00,EURUSD,1369534.7324794682,987.7718683497777,equity_%,1.689799380251638e-06,2285.940123721888,1.4603499659910841e-06,2.9206999319821682e-08,"Method: equity_%, ATR: 1369534.73, Risk: 2285.94"
2024-01-14 02:00:00,EURUSD,574982.1777127386,975.0504950159443,equity_%,4.08622570832326e-06,2290.8879208787735,3.4783686825841077e-06,6.956737365168214e-08,"Method: equity_%, ATR: 574982.18, Risk: 2290.89"
2024-01-14 03:00:00,EURUSD,1240596.6148253742,1024.912929723453,equity_%,1.8019120375264875e-06,2291.1374824185054,1.6121275651566394e-06,3.224255130313279e-08,"Method: equity_%, ATR: 1240596.61, Risk: 2291.14"
2024-01-14 04:00:00,EURUSD,1711190.7913519565,1161.0700378221254,equity_%,1.153518824872582e-06,2291.8254550996594,1.1687767431356178e-06,2.3375534862712358e-08,"Method: equity_%, ATR: 1711190.79, Risk: 2291.83"
2024-01-14 05:00:00,EURUSD,2287487.2995769465,1233.6773043719727,equity_%,8.133672606438634e-07,2295.33962488387,8.743217942105666e-07,1.7486435884211333e-08,"Method: equity_%, ATR: 2287487.30, Risk: 2295.34"
2024-01-14 06:00:00,EURUSD,4763623.106198368,1653.6788190707784,equity_%,2.9111472943546834e-07,2293.257047562066,4.1984849670361713e-07,8.396969934072343e-09,"Method: equity_%, ATR: 4763623.11, Risk: 2293.26"
2024-01-14 07:00:00,EURUSD,2019276.8465529776,1596.6438280736722,equity_%,7.119883267705166e-07,2295.49729566398,9.904535890727989e-07,1.9809071781455972e-08,"Method: equity_%, ATR: 2019276.85, Risk: 2295.50"
2024-01-14 08:00:00,EURUSD,1385488.2172002657,1594.0804041596934,equity_%,1.0383685142840534e-06,2293.3195358243697,1.4435344704998739e-06,2.887068940999748e-08,"Method: equity_%, ATR: 1385488.22, Risk: 2293.32"
2024-01-14 09:00:00,EURUSD,2541132.1838847673,1540.1391579136196,equity_%,5.859724495766198e-07,2293.3187245412514,7.870507534726081e-07,1.5741015069452162e-08,"Method: equity_%, ATR: 2541132.18, Risk: 2293.32"
2024-01-14 10:00:00,EURUSD,1039177.8698374742,1470.67830957012,equity_%,1.5011970035837848e-06,2294.2739056444548,1.924598336868738e-06,3.849196673737475e-08,"Method: equity_%, ATR: 1039177.87, Risk: 2294.27"
2024-01-14 11:00:00,EURUSD,1541668.9231008468,1359.4413477947455,equity_%,1.0957579040903517e-06,2296.4987059660507,1.297295398532965e-06,2.59459079706593e-08,"Method: equity_%, ATR: 1541668.92, Risk: 2296.50"
2024-01-14 12:00:00,EURUSD,1088770.2390395724,1329.4723728525212,equity_%,1.585830528337324e-06,2295.473757225742,1.8369348539176116e-06,3.673869707835223e-08,"Method: equity_%, ATR: 1088770.24, Risk: 2295.47"
2024-01-14 13:00:00,EURUSD,1160494.9259128717,1303.134462358776,equity_%,1.5178421174747887e-06,2295.4036910563586,1.7234026236062638e-06,3.446805247212528e-08,"Method: equity_%, ATR: 1160494.93, Risk: 2295.40"
2024-01-14 14:00:00,EURUSD,1935967.6380016957,1258.912313219101,equity_%,9.427700114677583e-07,2297.7317969629703,1.033075120028555e-06,2.0661502400571102e-08,"Method: equity_%, ATR: 1935967.64, Risk: 2297.73"
2024-01-14 15:00:00,EURUSD,803867.8168557021,1270.5361821920924,equity_%,2.2496965281898204e-06,2297.7121319299667,2.487971228681505e-06,4.97594245736301e-08,"Method: equity_%, ATR: 803867.82, Risk: 2297.71"
2024-01-14 16:00:00,EURUSD,6941632.918991339,1015.4630513628302,equity_%,3.263203833899995e-07,2300.2231624510237,2.8811664680917933e-07,5.7623329361835865e-09,"Method: equity_%, ATR: 6941632.92, Risk: 2300.22"
2024-01-14 17:00:00,EURUSD,1997553.6145404044,1155.2431790964097,equity_%,9.973918664299553e-07,2301.641502072401,1.001224690762635e-06,2.00244938152527e-08,"Method: equity_%, ATR: 1997553.61, Risk: 2301.64"
2024-01-14 18:00:00,EURUSD,2338049.5323900105,1227.5329176742869,equity_%,8.019943281828155e-07,2301.749998556541,8.55413870533167e-07,1.7108277410663337e-08,"Method: equity_%, ATR: 2338049.53, Risk: 2301.75"
2024-01-14 19:00:00,EURUSD,1721307.1789005427,1154.1364505257345,equity_%,1.1588101394527606e-06,2302.1192902004796,1.1619076621044873e-06,2.323815324208975e-08,"Method: equity_%, ATR: 1721307.18, Risk: 2302.12"
2024-01-14 20:00:00,EURUSD,505634.1682999414,1110.0502079487778,equity_%,4.103351475427378e-06,2303.1262998638167,3.955428895805164e-06,7.910857791610328e-08,"Method: equity_%, ATR: 505634.17, Risk: 2303.13"
2024-01-14 21:00:00,EURUSD,1112089.8371977126,1017.5680966294224,equity_%,2.035728780628206e-06,2303.685935635734,1.7984158591356954e-06,3.596831718271391e-08,"Method: equity_%, ATR: 1112089.84, Risk: 2303.69"
2024-01-14 22:00:00,EURUSD,941266.109456542,1006.8041533118861,equity_%,2.4334894066554976e-06,2306.1464351432,2.124797631516489e-06,4.2495952630329775e-08,"Method: equity_%, ATR: 941266.11, Risk: 2306.15"
2024-01-14 23:00:00,EURUSD,1694718.9303996821,931.2697422142288,equity_%,1.4613767247998432e-06,2306.4038764841516,1.1801366964894413e-06,2.3602733929788828e-08,"Method: equity_%, ATR: 1694718.93, Risk: 2306.40"
2024-01-15 00:00:00,EURUSD,691537.2313223474,935.6692126589603,equity_%,3.5642646932519373e-06,2306.2578146317273,2.892107480859171e-06,5.784214961718342e-08,"Method: equity_%, ATR: 691537.23, Risk: 2306.26"
2024-01-15 01:00:00,EURUSD,878433.0376448986,908.4480251196366,equity_%,2.893542842784805e-06,2309.078317994793,2.2767813985708583e-06,4.5535627971417176e-08,"Method: equity_%, ATR: 878433.04, Risk: 2309.08"
2024-01-15 02:00:00,EURUSD,554239.6317328337,882.8047259079126,equity_%,4.719605815516793e-06,2309.234059666647,3.6085474323569883e-06,7.217094864713976e-08,"Method: equity_%, ATR: 554239.63, Risk: 2309.23"
2024-01-15 03:00:00,EURUSD,2170825.5437872596,1025.725110915394,equity_%,1.0370432235953635e-06,2309.1533164261173,9.213084882494822e-07,1.8426169764989644e-08,"Method: equity_%, ATR: 2170825.54, Risk: 2309.15"
2024-01-15 04:00:00,EURUSD,2495432.3328302074,987.8546933910834,equity_%,9.351178609938537e-07,2305.181988822975,8.014643289211894e-07,1.6029286578423787e-08,"Method: equity_%, ATR: 2495432.33, Risk: 2305.18"
2024-01-15 05:00:00,EURUSD,3876543.855405399,798.1156963450234,equity_%,7.447171108567341e-07,2304.102982085767,5.159234809664871e-07,1.0318469619329743e-08,"Method: equity_%, ATR: 3876543.86, Risk: 2304.10"
2024-01-15 06:00:00,EURUSD,1254655.2394457068,744.4385620150606,equity_%,2.4661582831869907e-06,2303.4257271284405,1.5940634025356466e-06,3.1881268050712933e-08,"Method: equity_%, ATR: 1254655.24, Risk: 2303.43"
2024-01-15 07:00:00,EURUSD,1104905.2407426666,666.1722733543636,equity_%,3.129302115487556e-06,2303.3454659434246,1.8101099770833668e-06,3.620219954166733e-08,"Method: equity_%, ATR: 1104905.24, Risk: 2303.35"
2024-01-15 08:00:00,EURUSD,1623377.3432049714,640.8273718411201,equity_%,2.2136796348275907e-06,2302.9011875101673,1.2319994537138712e-06,2.4639989074277425e-08,"Method: equity_%, ATR: 1623377.34, Risk: 2302.90"
2024-01-15 09:00:00,EURUSD,670574.3743483288,632.600396080096,equity_%,5.435730238551961e-06,2305.867287807525,2.9825177884908314e-06,5.965035576981663e-08,"Method: equity_%, ATR: 670574.37, Risk: 2305.87"
2024-01-15 10:00:00,EURUSD,1390820.1996500508,639.6620289231171,equity_%,2.5912486608535646e-06,2305.3169925186226,1.43800039753753e-06,2.87600079507506e-08,"Method: equity_%, ATR: 1390820.20, Risk: 2305.32"
2024-01-15 11:00:00,EURUSD,1522384.692571759,584.2105020799976,equity_%,2.5915601025216065e-06,2304.9157397781455,1.313728395824453e-06,2.627456791648906e-08,"Method: equity_%, ATR: 1522384.69, Risk: 2304.92"
2024-01-15 12:00:00,EURUSD,1202133.8867282465,620.9891274635555,equity_%,3.089336569770578e-06,2306.2270481723453,1.6637081959674586e-06,3.327416391934918e-08,"Method: equity_%, ATR: 1202133.89, Risk: 2306.23"
2024-01-15 13:00:00,EURUSD,1217485.9794601104,701.3859928700484,equity_%,2.699319767444823e-06,2305.023684412488,1.6427293896944033e-06,3.285458779388807e-08,"Method: equity_%, ATR: 1217485.98, Risk: 2305.02"
2024-01-15 14:00:00,EURUSD,2176327.4949879814,622.9761865221002,equity_%,1.703165158734219e-06,2309.1516687221815,9.189793377172974e-07,1.8379586754345947e-08,"Method: equity_%, ATR: 2176327.49, Risk: 2309.15"
2024-01-15 15:00:00,EURUSD,1678432.7381728035,535.5735533817583,equity_%,2.5716918279553684e-06,2311.755982304507,1.1915878155339517e-06,2.3831756310679035e-08,"Method: equity_%, ATR: 1678432.74, Risk: 2311.76"
2024-01-15 16:00:00,EURUSD,1214567.5853563342,448.58207113000793,equity_%,4.240599923419649e-06,2310.4198084002915,1.6466765819484907e-06,3.2933531638969814e-08,"Method: equity_%, ATR: 1214567.59, Risk: 2310.42"
2024-01-15 17:00:00,EURUSD,4467500.400781347,631.0818267253485,equity_%,8.20558043733154e-07,2313.4471425720253,4.476776319147522e-07,8.953552638295044e-09,"Method: equity_%, ATR: 4467500.40, Risk: 2313.45"
2024-01-15 18:00:00,EURUSD,1357968.223405678,699.4118571642487,equity_%,2.4393994505753435e-06,2316.890558851065,1.4727885126679598e-06,2.9455770253359193e-08,"Method: equity_%, ATR: 1357968.22, Risk: 2316.89"
2024-01-15 19:00:00,EURUSD,1837780.8413116965,802.8196600128854,equity_%,1.5694699649289585e-06,2315.6063293772277,1.0882690444049474e-06,2.1765380888098946e-08,"Method: equity_%, ATR: 1837780.84, Risk: 2315.61"
2024-01-15 20:00:00,EURUSD,1590011.0022214109,904.5792237377741,equity_%,1.609045824445821e-06,2314.2759961457105,1.2578529313355643e-06,2.5157058626711287e-08,"Method: equity_%, ATR: 1590011.00, Risk: 2314.28"
2024-01-15 21:00:00,EURUSD,763043.5831338275,862.1972300395167,equity_%,3.517367456650029e-06,2314.055169853914,2.6210822608401743e-06,5.242164521680349e-08,"Method: equity_%, ATR: 763043.58, Risk: 2314.06"
2024-01-15 22:00:00,EURUSD,2134408.7859961814,989.427285197072,equity_%,1.0948851483250497e-06,2312.224759614424,9.3702762709841e-07,1.87405525419682e-08,"Method: equity_%, ATR: 2134408.79, Risk: 2312.22"
2024-01-15 23:00:00,EURUSD,1436691.2317053755,1109.1325693508682,equity_%,1.4507007793634895e-06,2311.6641825455786,1.3920875661125656e-06,2.7841751322251315e-08,"Method: equity_%, ATR: 1436691.23, Risk: 2311.66"
2024-01-16 00:00:00,EURUSD,4527980.582207128,1347.430888716584,equity_%,3.789232163751038e-07,2311.863933376141,4.4169800724390834e-07,8.833960144878167e-09,"Method: equity_%, ATR: 4527980.58, Risk: 2311.86"
2024-01-16 01:00:00,EURUSD,1736922.5596877004,1387.3720629280374,equity_%,9.602094470666905e-07,2313.8722380988943,1.1514618132195837e-06,2.3029236264391676e-08,"Method: equity_%, ATR: 1736922.56, Risk: 2313.87"
2024-01-16 02:00:00,EURUSD,1945547.371625637,1467.6666717837488,equity_%,8.107524335874381e-07,2315.0346891051945,1.0279883333443914e-06,2.0559766666887825e-08,"Method: equity_%, ATR: 1945547.37, Risk: 2315.03"
2024-01-16 03:00:00,EURUSD,1030893.1913721245,1519.0635343148938,equity_%,1.478767624177842e-06,2315.7386460921252,1.940065194666762e-06,3.880130389333524e-08,"Method: equity_%, ATR: 1030893.19, Risk: 2315.74"
2024-01-16 04:00:00,EURUSD,4689672.927273028,1709.3044007068108,equity_%,2.888909182424128e-07,2315.772299502275,4.264689736396967e-07,8.529379472793934e-09,"Method: equity_%, ATR: 4689672.93, Risk: 2315.77"
2024-01-16 05:00:00,EURUSD,2195596.5942970263,1851.9642057005474,equity_%,5.691248748018514e-07,2314.156388002348,9.109141475236934e-07,1.8218282950473867e-08,"Method: equity_%, ATR: 2195596.59, Risk: 2314.16"
2024-01-16 06:00:00,EURUSD,811939.6430333267,1865.6422084097155,equity_%,1.529150280465797e-06,2316.339823455912,2.463237282673127e-06,4.9264745653462526e-08,"Method: equity_%, ATR: 811939.64, Risk: 2316.34"
2024-01-16 07:00:00,EURUSD,993164.4134190219,1821.5017737973162,equity_%,1.281599525977399e-06,2318.4785717695595,2.013765266835218e-06,4.027530533670437e-08,"Method: equity_%, ATR: 993164.41, Risk: 2318.48"
2024-01-16 08:00:00,EURUSD,1199706.9166384903,1816.607723153413,equity_%,1.0637093810075493e-06,2318.2448745875763,1.6670738263340889e-06,3.3341476526681785e-08,"Method: equity_%, ATR: 1199706.92, Risk: 2318.24"
2024-01-16 09:00:00,EURUSD,2803164.226900351,1685.302874478486,equity_%,4.904644206282889e-07,2317.0425643053272,7.134794247183784e-07,1.426958849436757e-08,"Method: equity_%, ATR: 2803164.23, Risk: 2317.04"
2024-01-16 10:00:00,EURUSD,1594598.3532381842,1778.3779265484936,equity_%,8.185189330095627e-07,2321.1547731803817,1.254234331760445e-06,2.5084686635208895e-08,"Method: equity_%, ATR: 1594598.35, Risk: 2321.15"
2024-01-16 11:00:00,EURUSD,824799.4899754145,1739.0096540052316,equity_%,1.6193214325663137e-06,2322.6482340825555,2.4248317613043334e-06,4.849663522608666e-08,"Method: equity_%, ATR: 824799.49, Risk: 2322.65"
2024-01-16 12:00:00,EURUSD,917444.09843732,1758.2220961891426,equity_%,1.4410047118192269e-06,2324.4421706652056,2.179969333724632e-06,4.359938667449264e-08,"Method: equity_%, ATR: 917444.10, Risk: 2324.44"
2024-01-16 13:00:00,EURUSD,3152626.203868838,1971.2248454448993,equity_%,3.74335719149369e-07,2326.322466386605,6.343917326911898e-07,1.2687834653823793e-08,"Method: equity_%, ATR: 3152626.20, Risk: 2326.32"
2024-01-16 14:00:00,EURUSD,2971680.709532625,2137.6410375415403,equity_%,3.6599118292303664e-07,2324.9174989894423,6.730198145394135e-07,1.3460396290788269e-08,"Method: equity_%, ATR: 2971680.71, Risk: 2324.92"
2024-01-16 15:00:00,EURUSD,1937234.3969019402,2275.6075419633403,equity_%,5.282923211814369e-07,2328.9160521574763,1.032399591499323e-06,2.064799182998646e-08,"Method: equity_%, ATR: 1937234.40, Risk: 2328.92"
2024-01-16 16:00:00,EURUSD,1227941.5667362355,2307.546282740292,equity_%,8.219808557466699e-07,2329.1090562915874,1.6287419973214443e-06,3.2574839946428886e-08,"Method: equity_%, ATR: 1227941.57, Risk: 2329.11"
2024-01-16 17:00:00,EURUSD,631251.4772424992,2354.4377751122556,equity_%,1.5688916290767845e-06,2331.7531402994455,3.1683094172493915e-06,6.336618834498783e-08,"Method: equity_%, ATR: 631251.48, Risk: 2331.75"
2024-01-16 18:00:00,EURUSD,1607293.0213785502,2334.822204951619,equity_%,6.223900049199245e-07,2335.670005706299,1.2443281799883826e-06,2.4886563599767655e-08,"Method: equity_%, ATR: 1607293.02, Risk: 2335.67"
2024-01-16 19:00:00,EURUSD,1130658.077917742,2233.6173815539723,equity_%,9.253106516285524e-07,2336.8327577703353,1.7688813612717184e-06,3.537762722543437e-08,"Method: equity_%, ATR: 1130658.08, Risk: 2336.83"
2024-01-16 20:00:00,EURUSD,1439882.3551072155,2318.375748199818,equity_%,6.996219411367859e-07,2335.469800952865,1.3890023673851308e-06,2.7780047347702617e-08,"Method: equity_%, ATR: 1439882.36, Risk: 2335.47"
2024-01-16 21:00:00,EURUSD,2709844.3770940867,2534.8451268577037,equity_%,3.3941923191537646e-07,2331.482859925894,7.3804976289624e-07,1.47609952579248e-08,"Method: equity_%, ATR: 2709844.38, Risk: 2331.48"
2024-01-16 22:00:00,EURUSD,3889367.136776518,2706.5414914172234,equity_%,2.2156977959304356e-07,2332.40602830729,5.142224762195083e-07,1.0284449524390167e-08,"Method: equity_%, ATR: 3889367.14, Risk: 2332.41"
2024-01-16 23:00:00,EURUSD,3577488.7978718425,2695.2623412092435,equity_%,2.420494464037105e-07,2333.906317202755,5.590513661956816e-07,1.1181027323913632e-08,"Method: equity_%, ATR: 3577488.80, Risk: 2333.91"
2024-01-17 00:00:00,EURUSD,1971057.2501170372,2755.0240661695175,equity_%,4.297627019873767e-07,2333.7447669353837,1.0146838707405606e-06,2.029367741481121e-08,"Method: equity_%, ATR: 1971057.25, Risk: 2333.74"
2024-01-17 01:00:00,EURUSD,879296.553847139,2709.634280454414,equity_%,9.800400804462763e-07,2335.0161378422977,2.274545477574667e-06,4.549090955149334e-08,"Method: equity_%, ATR: 879296.55, Risk: 2335.02"
2024-01-17 02:00:00,EURUSD,4674703.536121915,2350.3023818750703,equity_%,2.1269535607521148e-07,2336.87682751864,4.2783461764918236e-07,8.556692352983648e-09,"Method: equity_%, ATR: 4674703.54, Risk: 2336.88"
2024-01-17 03:00:00,EURUSD,1916807.5390534522,2220.3425904103265,equity_%,5.497841864146898e-07,2339.8646831002293,1.0434015722765938e-06,2.086803144553187e-08,"Method: equity_%, ATR: 1916807.54, Risk: 2339.86"
2024-01-17 04:00:00,EURUSD,2007736.3271228478,2312.43659882952,equity_%,5.040980060037033e-07,2340.4075523179768,9.961467414728038e-07,1.9922934829456075e-08,"Method: equity_%, ATR: 2007736.33, Risk: 2340.41"
2024-01-17 05:00:00,EURUSD,1036906.5982642769,2371.1516868392755,equity_%,9.522724469631227e-07,2341.3168689710565,1.9288140352736563e-06,3.8576280705473126e-08,"Method: equity_%, ATR: 1036906.60, Risk: 2341.32"
2024-01-17 06:00:00,EURUSD,3142683.6179277506,2347.2175174419503,equity_%,3.174866090305011e-07,2341.9596683121895,6.363987735166218e-07,1.2727975470332435e-08,"Method: equity_%, ATR: 3142683.62, Risk: 2341.96"
2024-01-17 07:00:00,EURUSD,1248130.2267972433,2352.6451095332395,equity_%,7.979229307298126e-07,2343.026857578843,1.6023968950195908e-06,3.2047937900391814e-08,"Method: equity_%, ATR: 1248130.23, Risk: 2343.03"
2024-01-17 08:00:00,EURUSD,2199592.5735199945,2298.9469247457355,equity_%,4.6334148855412267e-07,2343.0004888169956,9.092592983251496e-07,1.818518596650299e-08,"Method: equity_%, ATR: 2199592.57, Risk: 2343.00"
2024-01-17 09:00:00,EURUSD,1635129.9550994418,2370.4792586345357,equity_%,6.0447352567403e-07,2342.9645580480064,1.2231443707349663e-06,2.4462887414699323e-08,"Method: equity_%, ATR: 1635129.96, Risk: 2342.96"
2024-01-17 10:00:00,EURUSD,1025853.3096551537,2357.734559316892,equity_%,9.687288181543682e-07,2343.054512369462,1.9495964785377665e-06,3.899192957075533e-08,"Method: equity_%, ATR: 1025853.31, Risk: 2343.05"
2024-01-17 11:00:00,EURUSD,2628006.329645318,2215.8520014578376,equity_%,4.02585798480773e-07,2344.367044852701,7.610331746308713e-07,1.5220663492617424e-08,"Method: equity_%, ATR: 2628006.33, Risk: 2344.37"
2024-01-17 12:00:00,EURUSD,2252001.4774175254,2048.2989718146614,equity_%,5.080832651008252e-07,2343.6724167969987,8.880988845058366e-07,1.776197769011673e-08,"Method: equity_%, ATR: 2252001.48, Risk: 2343.67"
2024-01-17 13:00:00,EURUSD,633116.8437176325,2033.3914348825178,equity_%,1.820581866838701e-06,2343.7704289307458,3.1589745555592775e-06,6.317949111118555e-08,"Method: equity_%, ATR: 633116.84, Risk: 2343.77"
2024-01-17 14:00:00,EURUSD,3094882.3127030935,1901.0802201965566,equity_%,3.991399493968474e-07,2348.3876088649886,6.462281269277684e-07,1.292456253855537e-08,"Method: equity_%, ATR: 3094882.31, Risk: 2348.39"
2024-01-17 15:00:00,EURUSD,659147.5907468884,1862.112538704445,equity_%,1.915567061155168e-06,2351.1804075459972,3.0342218162912117e-06,6.068443632582423e-08,"Method: equity_%, ATR: 659147.59, Risk: 2351.18"
2024-01-17 16:00:00,EURUSD,2111248.3285906957,1772.2609004619771,equity_%,6.281307985906642e-07,2350.266245391464,9.47306848235633e-07,1.8946136964712664e-08,"Method: equity_%, ATR: 2111248.33, Risk: 2350.27"
2024-01-17 17:00:00,EURUSD,2546724.032925488,1686.9417428975503,equity_%,5.476954612193143e-07,2352.995591252651,7.853226239446713e-07,1.570645247889343e-08,"Method: equity_%, ATR: 2546724.03, Risk: 2353.00"
2024-01-17 18:00:00,EURUSD,1236253.8388154984,1676.357571377212,equity_%,1.1364825406345882e-06,2355.2503754008185,1.6177907297066725e-06,3.235581459413345e-08,"Method: equity_%, ATR: 1236253.84, Risk: 2355.25"
2024-01-17 19:00:00,EURUSD,4500383.870985288,1464.2769844444592,equity_%,3.57528223770728e-07,2356.0425363778604,4.444065344946078e-07,8.888130689892156e-09,"Method: equity_%, ATR: 4500383.87, Risk: 2356.04"
2024-01-17 20:00:00,EURUSD,2066245.707192793,1377.2048239187832,equity_%,8.278010034170553e-07,2355.626590483848,9.679390950639676e-07,1.9358781901279354e-08,"Method: equity_%, ATR: 2066245.71, Risk: 2355.63"
2024-01-17 21:00:00,EURUSD,2272272.991149432,1306.0016858108638,equity_%,7.935670668019466e-07,2354.9835622588776,8.801759329931118e-07,1.7603518659862233e-08,"Method: equity_%, ATR: 2272272.99, Risk: 2354.98"
2024-01-17 22:00:00,EURUSD,1654803.8647816316,1287.5787184918158,equity_%,1.105947358673345e-06,2356.431242604444,1.2086024468307129e-06,2.417204893661426e-08,"Method: equity_%, ATR: 1654803.86, Risk: 2356.43"
2024-01-17 23:00:00,EURUSD,1664870.054022472,1357.5359161836755,equity_%,1.0423065338738733e-06,2355.738775280051,1.2012949570255197e-06,2.4025899140510395e-08,"Method: equity_%, ATR: 1664870.05, Risk: 2355.74"
2024-01-18 00:00:00,EURUSD,1523431.3546906696,1233.5742132541416,equity_%,1.2552420340399896e-06,2358.933217939395,1.31282580855512e-06,2.62565161711024e-08,"Method: equity_%, ATR: 1523431.35, Risk: 2358.93"
2024-01-18 01:00:00,EURUSD,4702090.320876189,1611.6887067385433,equity_%,3.1177084591216405e-07,2362.694831116305,4.253427440813854e-07,8.506854881627708e-09,"Method: equity_%, ATR: 4702090.32, Risk: 2362.69"
2024-01-18 02:00:00,EURUSD,928655.6312177504,1639.856738250718,equity_%,1.5520834589394939e-06,2363.609222121169,2.1536508612750144e-06,4.307301722550029e-08,"Method: equity_%, ATR: 928655.63, Risk: 2363.61"
2024-01-18 03:00:00,EURUSD,934434.2169971947,1633.7452403636391,equity_%,1.5504023439657666e-06,2366.886783745013,2.140332581598951e-06,4.280665163197902e-08,"Method: equity_%, ATR: 934434.22, Risk: 2366.89"
2024-01-18 04:00:00,EURUSD,4077070.3631095397,1460.8913032453436,equity_%,3.974146132201322e-07,2367.063685848407,4.905483157947318e-07,9.810966315894635e-09,"Method: equity_%, ATR: 4077070.36, Risk: 2367.06"
2024-01-18 05:00:00,EURUSD,811740.4193277889,1476.7504163756764,equity_%,1.974272091046324e-06,2366.6349822818393,2.463841829702434e-06,4.9276836594048676e-08,"Method: equity_%, ATR: 811740.42, Risk: 2366.63"
2024-01-18 06:00:00,EURUSD,371732.4120893295,1458.9633427510903,equity_%,4.369617247136344e-06,2369.8355326421297,5.380214194288196e-06,1.0760428388576394e-07,"Method: equity_%, ATR: 371732.41, Risk: 2369.84"
2024-01-18 07:00:00,EURUSD,2866025.477382932,1547.6649505004555,equity_%,5.352083181939741e-07,2373.995266553341,6.978305028280035e-07,1.3956610056560068e-08,"Method: equity_%, ATR: 2866025.48, Risk: 2374.00"
2024-01-18 08:00:00,EURUSD,882040.4620786599,1544.1682499847836,equity_%,1.7466142526707819e-06,2378.921582527325,2.26746967512885e-06,4.5349393502577e-08,"Method: equity_%, ATR: 882040.46, Risk: 2378.92"
2024-01-18 09:00:00,EURUSD,3287827.8198402356,1689.913654554528,equity_%,4.28460171294865e-07,2380.586892670279,6.083043606879589e-07,1.2166087213759176e-08,"Method: equity_%, ATR: 3287827.82, Risk: 2380.59"
2024-01-18 10:00:00,EURUSD,1216620.1463653739,1645.064587480495,equity_%,1.1908108436260157e-06,2383.3111134606584,1.6438984723168988e-06,3.2877969446337975e-08,"Method: equity_%, ATR: 1216620.15, Risk: 2383.31"
2024-01-18 11:00:00,EURUSD,1605078.338013916,1700.3172470611262,equity_%,8.738761174620777e-07,2384.932347917591,1.2460451011224475e-06,2.492090202244895e-08,"Method: equity_%, ATR: 1605078.34, Risk: 2384.93"
2024-01-18 12:00:00,EURUSD,1211596.3139735209,1636.952886535472,equity_%,1.2044106741368674e-06,2388.739105230988,1.6507148271529898e-06,3.30142965430598e-08,"Method: equity_%, ATR: 1211596.31, Risk: 2388.74"
2024-01-18 13:00:00,EURUSD,453335.20905793423,1633.0306578890238,equity_%,3.2291941509364225e-06,2390.6056734978665,4.411746451717605e-06,8.823492903435209e-08,"Method: equity_%, ATR: 453335.21, Risk: 2390.61"
2024-01-18 14:00:00,EURUSD,604403.4126579618,1633.4459208658361,equity_%,2.4218646126207494e-06,2391.010757286529,3.309048159084139e-06,6.618096318168278e-08,"Method: equity_%, ATR: 604403.41, Risk: 2391.01"
2024-01-18 15:00:00,EURUSD,342120.0267270933,1613.8904159342471,equity_%,4.327628904431904e-06,2389.475338831326,5.845901565988669e-06,1.1691803131977337e-07,"Method: equity_%, ATR: 342120.03, Risk: 2389.48"
2024-01-18 16:00:00,EURUSD,1734780.1648194194,1532.0480289598695,equity_%,8.992561928722075e-07,2390.0130132805907,1.1528838296396989e-06,2.3057676592793976e-08,"Method: equity_%, ATR: 1734780.16, Risk: 2390.01"
2024-01-18 17:00:00,EURUSD,1034505.5957413228,1479.6556085823966,equity_%,1.5630897744794716e-06,2392.640285577875,1.9332906542345065e-06,3.866581308469013e-08,"Method: equity_%, ATR: 1034505.60, Risk: 2392.64"
2024-01-18 18:00:00,EURUSD,981709.033003558,1483.9672963102773,equity_%,1.6440476457919019e-06,2395.0882310660136,2.0372635198037863e-06,4.074527039607572e-08,"Method: equity_%, ATR: 981709.03, Risk: 2395.09"
2024-01-18 19:00:00,EURUSD,7788772.406174568,1754.639651221918,equity_%,1.754573581659723e-07,2397.8860374857522,2.5677987437590234e-07,5.135597487518047e-09,"Method: equity_%, ATR: 7788772.41, Risk: 2397.89"
2024-01-18 20:00:00,EURUSD,875032.4502905414,1769.4124044438881,equity_%,1.5495303056744052e-06,2399.127346780134,2.2856295207519795e-06,4.571259041503959e-08,"Method: equity_%, ATR: 875032.45, Risk: 2399.13"
2024-01-18 21:00:00,EURUSD,2937964.129753152,1689.5287084675306,equity_%,4.83265947311874e-07,2398.8233027738634,6.807435052544498e-07,1.3614870105088997e-08,"Method: equity_%, ATR: 2937964.13, Risk: 2398.82"
2024-01-18 22:00:00,EURUSD,1420181.3099013749,1685.482763492171,equity_%,1.002512559280062e-06,2399.7054097068253,1.4082708919320246e-06,2.816541783864049e-08,"Method: equity_%, ATR: 1420181.31, Risk: 2399.71"
2024-01-18 23:00:00,EURUSD,1821204.0840878761,1597.5999893140074,equity_%,8.251430072610945e-07,2400.7994784348425,1.0981745634518888e-06,2.1963491269037775e-08,"Method: equity_%, ATR: 1821204.08, Risk: 2400.80"
2024-01-19 00:00:00,EURUSD,1489955.3280374494,1526.9239940840325,equity_%,1.0559260241236735e-06,2402.2829600519076,1.3423221235997556e-06,2.6846442471995117e-08,"Method: equity_%, ATR: 1489955.33, Risk: 2402.28"
2024-01-19 01:00:00,EURUSD,1589070.7027743338,1462.7208708964342,equity_%,1.0331188451818793e-06,2401.3472291981375,1.2585972395741934e-06,2.517194479148387e-08,"Method: equity_%, ATR: 1589070.70, Risk: 2401.35"
2024-01-19 02:00:00,EURUSD,661105.2171004053,1442.620001202534,equity_%,2.5183559189884437e-06,2401.815496026763,3.0252370549607245e-06,6.050474109921449e-08,"Method: equity_%, ATR: 661105.22, Risk: 2401.82"
2024-01-19 03:00:00,EURUSD,2314996.1388354925,1599.1553457145365,equity_%,6.490041075439832e-07,2402.6381608077745,8.639323264729314e-07,1.7278646529458628e-08,"Method: equity_%, ATR: 2314996.14, Risk: 2402.64"
2024-01-19 04:00:00,EURUSD,1570910.606449654,1512.7243843471374,equity_%,1.0095940798386544e-06,2399.1537174902865,1.2731469198747802e-06,2.54629383974956e-08,"Method: equity_%, ATR: 1570910.61, Risk: 2399.15"
2024-01-19 05:00:00,EURUSD,1172067.1928858268,1464.2623889110653,equity_%,1.3994868099541932e-06,2401.818727053034,1.7063868113872067e-06,3.412773622774413e-08,"Method: equity_%, ATR: 1172067.19, Risk: 2401.82"
2024-01-19 06:00:00,EURUSD,1428586.9487876904,1418.2194409517385,equity_%,1.1861242394484158e-06,2403.146758966315,1.3999847903533034e-06,2.7999695807066063e-08,"Method: equity_%, ATR: 1428586.95, Risk: 2403.15"
2024-01-19 07:00:00,EURUSD,489466.9646133389,1404.397015446341,equity_%,3.4981911587729173e-06,2404.6773967072113,4.086077599904883e-06,8.172155199809765e-08,"Method: equity_%, ATR: 489466.96, Risk: 2404.68"
2024-01-19 08:00:00,EURUSD,1229186.5760511518,1485.5259584399623,equity_%,1.3169011286349834e-06,2404.646404085155,1.6270922892968295e-06,3.2541845785936594e-08,"Method: equity_%, ATR: 1229186.58, Risk: 2404.65"
2024-01-19 09:00:00,EURUSD,1593423.9914869387,1397.77737979675,equity_%,1.080622620235587e-06,2406.8189048362156,1.2551587089721526e-06,2.5103174179443052e-08,"Method: equity_%, ATR: 1593423.99, Risk: 2406.82"
2024-01-19 10:00:00,EURUSD,2395773.9795200084,1300.6244283673636,equity_%,7.7219299847098e-07,2406.1550531883486,8.348032899166469e-07,1.6696065798332934e-08,"Method: equity_%, ATR: 2395773.98, Risk: 2406.16"
2024-01-19 11:00:00,EURUSD,886581.4090711387,1349.6957824160343,equity_%,2.0105088483216764e-06,2405.8054246998863,2.2558560099916573e-06,4.5117120199833136e-08,"Method: equity_%, ATR: 886581.41, Risk: 2405.81"
2024-01-19 12:00:00,EURUSD,988075.0261505977,1406.9617300496443,equity_%,1.732189782745668e-06,2408.06208479137,2.024137790215912e-06,4.048275580431824e-08,"Method: equity_%, ATR: 988075.03, Risk: 2408.06"
2024-01-19 13:00:00,EURUSD,2605922.5370129365,1325.4137800809633,equity_%,6.976920348517384e-07,2409.776408263658,7.674825216763808e-07,1.5349650433527615e-08,"Method: equity_%, ATR: 2605922.54, Risk: 2409.78"
2024-01-19 14:00:00,EURUSD,969669.1668214339,1325.2110515059271,equity_%,1.8740783404064358e-06,2408.2212077333215,2.062559137108567e-06,4.125118274217135e-08,"Method: equity_%, ATR: 969669.17, Risk: 2408.22"
2024-01-19 15:00:00,EURUSD,1127989.0977771787,1412.3567870794368,equity_%,1.5123744311581176e-06,2409.3985786034095,1.773066782242143e-06,3.546133564484286e-08,"Method: equity_%, ATR: 1127989.10, Risk: 2409.40"
2024-01-19 16:00:00,EURUSD,2269213.0287517286,1359.8658298557575,equity_%,7.806279946312043e-07,2408.881583296263,8.813628225553508e-07,1.7627256451107015e-08,"Method: equity_%, ATR: 2269213.03, Risk: 2408.88"
2024-01-19 17:00:00,EURUSD,1924247.9793332927,1298.4874682404268,equity_%,9.643820269850657e-07,2409.6163961870207,1.0393670781938168e-06,2.0787341563876337e-08,"Method: equity_%, ATR: 1924247.98, Risk: 2409.62"
2024-01-19 18:00:00,EURUSD,2168434.9998365813,1350.1050600226138,equity_%,8.245995176478666e-07,2414.1099709602245,9.223241647320416e-07,1.8446483294640835e-08,"Method: equity_%, ATR: 2168435.00, Risk: 2414.11"
2024-01-19 19:00:00,EURUSD,3201816.1243924852,1210.1071229715158,equity_%,6.222648617842942e-07,2410.9904078218046,6.246454894031371e-07,1.2492909788062746e-08,"Method: equity_%, ATR: 3201816.12, Risk: 2410.99"
2024-01-19 20:00:00,EURUSD,838175.585062338,1209.7780420351928,equity_%,2.375308324486432e-06,2408.5778861818653,2.3861348810956513e-06,4.772269762191302e-08,"Method: equity_%, ATR: 838175.59, Risk: 2408.58"
2024-01-19 21:00:00,EURUSD,3681617.9366090093,1087.778863250624,equity_%,6.014353114534972e-07,2408.619819868954,5.432394220249046e-07,1.0864788440498092e-08,"Method: equity_%, ATR: 3681617.94, Risk: 2408.62"
2024-01-19 22:00:00,EURUSD,2597451.2048095437,981.9287124462536,equity_%,9.428157266151557e-07,2404.6627464372464,7.699855906038662e-07,1.5399711812077323e-08,"Method: equity_%, ATR: 2597451.20, Risk: 2404.66"
2024-01-19 23:00:00,EURUSD,1834116.0711607484,1047.8136752043133,equity_%,1.2496414232006438e-06,2401.575759432276,1.0904435283282097e-06,2.1808870566564194e-08,"Method: equity_%, ATR: 1834116.07, Risk: 2401.58"
2024-01-20 00:00:00,EURUSD,999726.7909475534,958.687265912489,equity_%,2.5092471630253527e-06,2404.9260750848644,2.0005465674320637e-06,4.001093134864127e-08,"Method: equity_%, ATR: 999726.79, Risk: 2404.93"
2024-01-20 01:00:00,EURUSD,870213.6930764994,1003.4530761484544,equity_%,2.7543026550861865e-06,2405.108328348056,2.2982860599783536e-06,4.5965721199567073e-08,"Method: equity_%, ATR: 870213.69, Risk: 2405.11"
2024-01-20 02:00:00,EURUSD,3106696.91622114,1176.465066112456,equity_%,6.595220273818232e-07,2410.50050746665,6.437705556526315e-07,1.287541111305263e-08,"Method: equity_%, ATR: 3106696.92, Risk: 2410.50"
2024-01-20 03:00:00,EURUSD,545042.1302710196,1167.8223778330341,equity_%,3.785363774232812e-06,2409.4309679105427,3.669441110920195e-06,7.33888222184039e-08,"Method: equity_%, ATR: 545042.13, Risk: 2409.43"
2024-01-20 04:00:00,EURUSD,441516.5106209042,1169.659293511558,equity_%,4.666310082676974e-06,2409.794004312802,4.529841924116048e-06,9.059683848232095e-08,"Method: equity_%, ATR: 441516.51, Risk: 2409.79"
2024-01-20 05:00:00,EURUSD,3775181.0531286183,852.7891468855443,equity_%,7.485586168220404e-07,2409.9346350389806,5.297759158709842e-07,1.0595518317419682e-08,"Method: equity_%, ATR: 3775181.05, Risk: 2409.93"
2024-01-20 06:00:00,EURUSD,4482274.3950027535,680.3864738241068,equity_%,7.908628398464537e-07,2411.877692007331,4.4620204470966386e-07,8.924040894193277e-09,"Method: equity_%, ATR: 4482274.40, Risk: 2411.88"
2024-01-20 07:00:00,EURUSD,1798646.2319442818,772.4091224500307,equity_%,1.7364024625911793e-06,2412.367892776353,1.1119473993716156e-06,2.223894798743231e-08,"Method: equity_%, ATR: 1798646.23, Risk: 2412.37"
2024-01-20 08:00:00,EURUSD,3751073.374824914,566.7883240191561,equity_%,1.1345238439710819e-06,2412.0709727544686,5.331807192636836e-07,1.0663614385273669e-08,"Method: equity_%, ATR: 3751073.37, Risk: 2412.07"
2024-01-20 09:00:00,EURUSD,1402733.1707634449,487.28003935670995,equity_%,3.531015940907396e-06,2413.533697403151,1.4257879129724222e-06,2.851575825944844e-08,"Method: equity_%, ATR: 1402733.17, Risk: 2413.53"
2024-01-20 10:00:00,EURUSD,2030270.5469207945,600.3813782035164,equity_%,1.9831116823418823e-06,2417.287469175503,9.850903876004583e-07,1.9701807752009166e-08,"Method: equity_%, ATR: 2030270.55, Risk: 2417.29"
2024-01-20 11:00:00,EURUSD,2646513.264889031,704.0857007853574,equity_%,1.298620402145048e-06,2419.8130865546495,7.557113076037654e-07,1.511422615207531e-08,"Method: equity_%, ATR: 2646513.26, Risk: 2419.81"
2024-01-20 12:00:00,EURUSD,2774193.8440143196,544.4773953684105,equity_%,1.6018343821265519e-06,2419.548149722029,7.209301557334422e-07,1.4418603114668845e-08,"Method: equity_%, ATR: 2774193.84, Risk: 2419.55"
2024-01-20 13:00:00,EURUSD,1106810.2881037442,600.9385248937325,equity_%,3.6362560658589736e-06,2418.5646044298705,1.8069944068070812e-06,3.613988813614162e-08,"Method: equity_%, ATR: 1106810.29, Risk: 2418.56"
2024-01-20 14:00:00,EURUSD,1751177.9130353795,625.5315368251802,equity_%,2.207541969624612e-06,2418.1790264544506,1.1420884109561023e-06,2.2841768219122046e-08,"Method: equity_%, ATR: 1751177.91, Risk: 2418.18"
2024-01-20 15:00:00,EURUSD,2553984.2099967995,782.2024356133171,equity_%,1.2096871505809994e-06,2416.631540683719,7.830901977277715e-07,1.566180395455543e-08,"Method: equity_%, ATR: 2553984.21, Risk: 2416.63"
2024-01-20 16:00:00,EURUSD,1537969.519988876,893.086507698055,equity_%,1.760361302341061e-06,2417.9263596483734,1.3004158886155726e-06,2.6008317772311455e-08,"Method: equity_%, ATR: 1537969.52, Risk: 2417.93"
2024-01-20 17:00:00,EURUSD,3680230.7808374087,613.3721163429843,equity_%,1.0722984566767296e-06,2420.553932005842,5.434441802980939e-07,1.0868883605961878e-08,"Method: equity_%, ATR: 3680230.78, Risk: 2420.55"
2024-01-20 18:00:00,EURUSD,1117238.4121721995,612.2634413868849,equity_%,3.5398460038243194e-06,2421.4112520088415,1.7901282109621389e-06,3.580256421924278e-08,"Method: equity_%, ATR: 1117238.41, Risk: 2421.41"
2024-01-20 19:00:00,EURUSD,1310514.1171743355,580.759766452658,equity_%,3.183222340828903e-06,2422.731018801771,1.5261186230578722e-06,3.0522372461157446e-08,"Method: equity_%, ATR: 1310514.12, Risk: 2422.73"
2024-01-20 20:00:00,EURUSD,5321852.80354096,178.38908308570234,equity_%,2.556754780081281e-06,2427.28184795208,3.758089661309827e-07,7.516179322619654e-09,"Method: equity_%, ATR: 5321852.80, Risk: 2427.28"
2024-01-20 21:00:00,EURUSD,482740.01660511317,169.86726923757067,equity_%,2.96200746825594e-05,2428.897318489737,4.143016802429335e-06,8.28603360485867e-08,"Method: equity_%, ATR: 482740.02, Risk: 2428.90"
2024-01-20 22:00:00,EURUSD,1878307.8617215878,80.88759412854645,equity_%,1.6002582280221422e-05,2431.3011939706903,1.0647881749091298e-06,2.1295763498182598e-08,"Method: equity_%, ATR: 1878307.86, Risk: 2431.30"
2024-01-20 23:00:00,EURUSD,2284923.201557626,-13.015928684146033,equity_%,-8.172386676741025e-05,2430.5002780147515,8.753029417516552e-07,1.7506058835033104e-08,"Method: equity_%, ATR: 2284923.20, Risk: 2430.50"
2024-01-21 00:00:00,EURUSD,1088976.1952668258,-52.16826966889705,equity_%,-4.27878630817868e-05,2430.778665027073,1.8365874375334268e-06,3.673174875066854e-08,"Method: equity_%, ATR: 1088976.20, Risk: 2430.78"
2024-01-21 01:00:00,EURUSD,1352363.9404140802,-74.2913805524567,equity_%,-2.422959908029429e-05,2434.3232057826062,1.4788918428183026e-06,2.957783685636605e-08,"Method: equity_%, ATR: 1352363.94, Risk: 2434.32"
2024-01-21 02:00:00,EURUSD,965932.1858426145,-69.46592914725477,equity_%,-3.627700847993777e-05,2434.1646605480296,2.070538728612024e-06,4.141077457224048e-08,"Method: equity_%, ATR: 965932.19, Risk: 2434.16"
2024-01-21 03:00:00,EURUSD,1603988.3050183419,-29.66480072599417,equity_%,-5.1240800230086206e-05,2438.1394201620624,1.2468918842753845e-06,2.4937837685507687e-08,"Method: equity_%, ATR: 1603988.31, Risk: 2438.14"
2024-01-21 04:00:00,EURUSD,1584862.9273418505,-62.382502482182296,equity_%,-2.4693243249818067e-05,2441.3645483662117,1.261938786942554e-06,2.5238775738851083e-08,"Method: equity_%, ATR: 1584862.93, Risk: 2441.36"
2024-01-21 05:00:00,EURUSD,3264345.0464427453,184.41098199824657,equity_%,4.059708677503304e-06,2443.867796288305,6.126803299116495e-07,1.2253606598232989e-08,"Method: equity_%, ATR: 3264345.05, Risk: 2443.87"
2024-01-21 06:00:00,EURUSD,815710.318394801,200.81664273355875,equity_%,1.491086705938654e-05,2442.5224065089856,2.4518508040154605e-06,4.903701608030921e-08,"Method: equity_%, ATR: 815710.32, Risk: 2442.52"
2024-01-21 07:00:00,EURUSD,1246004.6411654907,232.5435715827152,equity_%,8.4310451028906e-06,2442.898433540845,1.6051304577238455e-06,3.210260915447691e-08,"Method: equity_%, ATR: 1246004.64, Risk: 2442.90"
2024-01-21 08:00:00,EURUSD,1024158.2315080208,265.7036700323333,equity_%,8.985607384247318e-06,2445.186851218533,1.9528232439777415e-06,3.905646487955483e-08,"Method: equity_%, ATR: 1024158.23, Risk: 2445.19"
2024-01-21 09:00:00,EURUSD,2147722.2707017106,397.6630647001363,equity_%,2.861844894875144e-06,2444.215355069529,9.31219100012663e-07,1.862438200025326e-08,"Method: equity_%, ATR: 2147722.27, Risk: 2444.22"
2024-01-21 10:00:00,EURUSD,1145278.4373131164,372.1457088870017,equity_%,5.736215915346962e-06,2444.8352005750958,1.74630023131502e-06,3.49260046263004e-08,"Method: equity_%, ATR: 1145278.44, Risk: 2444.84"
2024-01-21 11:00:00,EURUSD,613869.4294401029,341.58337282247294,equity_%,1.1671360524309837e-05,2447.339462473351,3.2580218269285003e-06,6.516043653857002e-08,"Method: equity_%, ATR: 613869.43, Risk: 2447.34"
2024-01-21 12:00:00,EURUSD,1050338.1398960534,395.4896464386757,equity_%,5.8912270767150135e-06,2447.2031180175063,1.9041486965311286e-06,3.808297393062257e-08,"Method: equity_%, ATR: 1050338.14, Risk: 2447.20"
2024-01-21 13:00:00,EURUSD,1192131.2773629182,351.4068590252693,equity_%,5.839998233392937e-06,2446.5102090349687,1.6776675840802921e-06,3.355335168160584e-08,"Method: equity_%, ATR: 1192131.28, Risk: 2446.51"
2024-01-21 14:00:00,EURUSD,1556271.2599925157,434.201769748999,equity_%,3.616663338129817e-06,2443.9086601173926,1.2851230061330174e-06,2.5702460122660352e-08,"Method: equity_%, ATR: 1556271.26, Risk: 2443.91"
2024-01-21 15:00:00,EURUSD,1399857.3086499618,322.92531285295627,equity_%,5.406788752586361e-06,2444.135391721964,1.4287170468315964e-06,2.857434093663193e-08,"Method: equity_%, ATR: 1399857.31, Risk: 2444.14"
2024-01-21 16:00:00,EURUSD,2453513.7109000552,238.57559219839055,equity_%,4.1798720095607705e-06,2446.681754747584,8.151574581037549e-07,1.6303149162075097e-08,"Method: equity_%, ATR: 2453513.71, Risk: 2446.68"
2024-01-21 17:00:00,EURUSD,2126319.9755532774,325.5906621975846,equity_%,3.533007176913602e-06,2445.935947396931,9.405922076613101e-07,1.88118441532262e-08,"Method: equity_%, ATR: 2126319.98, Risk: 2445.94"
2024-01-21 18:00:00,EURUSD,541369.6348616321,311.1188079626512,equity_%,1.4528098851881313e-05,2446.9716916098664,3.6943335407261567e-06,7.388667081452313e-08,"Method: equity_%, ATR: 541369.63, Risk: 2446.97"
2024-01-21 19:00:00,EURUSD,1325483.3347818656,349.2614268560548,equity_%,5.286910207718738e-06,2447.5232730662783,1.508883550262923e-06,3.017767100525846e-08,"Method: equity_%, ATR: 1325483.33, Risk: 2447.52"
2024-01-01 01:00:00,GBPUSD,2462285.8852705983,125.6870823751145,equity_%,7.907488581504578e-06,2447.190025954342,8.122533666638819e-07,1.624506733327764e-08,"Method: equity_%, ATR: 2462285.89, Risk: 2447.19"
2024-01-01 02:00:00,GBPUSD,666448.9277169079,93.90155814008068,equity_%,3.914736710132546e-05,2449.865437153094,3.0009801453976587e-06,6.001960290795316e-08,"Method: equity_%, ATR: 666448.93, Risk: 2449.87"
2024-01-01 03:00:00,GBPUSD,1232770.3420978417,125.93714727481446,equity_%,1.580756846197264e-05,2454.149981715426,1.6223621965114292e-06,3.244724393022858e-08,"Method: equity_%, ATR: 1232770.34, Risk: 2454.15"
2024-01-01 04:00:00,GBPUSD,1615761.502992775,195.96903434641956,equity_%,7.760120954541793e-06,2457.1586576027094,1.2378064437700266e-06,2.4756128875400532e-08,"Method: equity_%, ATR: 1615761.50, Risk: 2457.16"
2024-01-01 05:00:00,GBPUSD,2372188.401270516,99.7257649563091,equity_%,1.0385020961367468e-05,2456.7667847978078,8.431033550829365e-07,1.686206710165873e-08,"Method: equity_%, ATR: 2372188.40, Risk: 2456.77"
2024-01-01 06:00:00,GBPUSD,1600350.0040268756,38.901488101752925,equity_%,3.9542399912882725e-05,2461.7515161254996,1.249726619156751e-06,2.4994532383135018e-08,"Method: equity_%, ATR: 1600350.00, Risk: 2461.75"
2024-01-01 07:00:00,GBPUSD,1298105.7636248488,97.50110004875177,equity_%,1.9473949658889736e-05,2464.75432194596,1.5407065094720573e-06,3.0814130189441144e-08,"Method: equity_%, ATR: 1298105.76, Risk: 2464.75"
2024-01-01 08:00:00,GBPUSD,4000688.33305432,35.94993585547068,equity_%,1.7137829765883782e-05,2464.8396078080314,4.999139731719874e-07,9.998279463439748e-09,"Method: equity_%, ATR: 4000688.33, Risk: 2464.84"
2024-01-01 09:00:00,GBPUSD,3381941.8079434154,103.19194900368171,equity_%,7.0612190607583684e-06,2464.288955043807,5.913762310464517e-07,1.1827524620929035e-08,"Method: equity_%, ATR: 3381941.81, Risk: 2464.29"
2024-01-01 10:00:00,GBPUSD,2170613.1071019634,135.26624235252183,equity_%,8.404091585998123e-06,2467.531033571497,9.213986561936167e-07,1.8427973123872334e-08,"Method: equity_%, ATR: 2170613.11, Risk: 2467.53"
2024-01-01 11:00:00,GBPUSD,5028664.659684199,388.4467886991832,equity_%,1.2639081652667645e-06,2468.878571975412,3.977198988897384e-07,7.954397977794769e-09,"Method: equity_%, ATR: 5028664.66, Risk: 2468.88"
2024-01-01 12:00:00,GBPUSD,871851.1715182257,421.75136083512285,equity_%,6.71239430703038e-06,2468.1770422780364,2.2939695045855555e-06,4.587939009171112e-08,"Method: equity_%, ATR: 871851.17, Risk: 2468.18"
2024-01-01 13:00:00,GBPUSD,2456517.1176075717,271.11924472325984,equity_%,3.7069778054531996e-06,2468.8808243190924,8.141608237388638e-07,1.6283216474777277e-08,"Method: equity_%, ATR: 2456517.12, Risk: 2468.88"
2024-01-01 14:00:00,GBPUSD,1788269.6842718075,198.63377779035648,equity_%,6.950989911372253e-06,2469.06643068333,1.1183995443139273e-06,2.2367990886278547e-08,"Method: equity_%, ATR: 1788269.68, Risk: 2469.07"
2024-01-01 15:00:00,GBPUSD,6460373.53183408,494.60639317615204,equity_%,7.725051881555833e-07,2468.4183124459537,3.0957962262473175e-07,6.1915924524946345e-09,"Method: equity_%, ATR: 6460373.53, Risk: 2468.42"
2024-01-01 16:00:00,GBPUSD,1648629.5206827691,431.7912372591851,equity_%,3.4717983307921203e-06,2471.4474849524768,1.2131288290723516e-06,2.4262576581447035e-08,"Method: equity_%, ATR: 1648629.52, Risk: 2471.45"
2024-01-01 17:00:00,GBPUSD,2716671.245162635,350.9541943828375,equity_%,2.5948609560523832e-06,2474.0109333291052,7.361950782823812e-07,1.4723901565647621e-08,"Method: equity_%, ATR: 2716671.25, Risk: 2474.01"
2024-01-01 18:00:00,GBPUSD,4811593.2897829935,461.4098066523628,equity_%,1.1155667760932722e-06,2476.688016284224,4.1566272948439533e-07,8.313254589687906e-09,"Method: equity_%, ATR: 4811593.29, Risk: 2476.69"
2024-01-01 19:00:00,GBPUSD,1804416.0582494328,392.0728509693221,equity_%,3.5045492698578106e-06,2479.3373570708627,1.1083918206426928e-06,2.2167836412853855e-08,"Method: equity_%, ATR: 1804416.06, Risk: 2479.34"
2024-01-01 20:00:00,GBPUSD,797682.6648304489,387.55186501548025,equity_%,8.017331937023168e-06,2478.505289581448,2.5072627100716913e-06,5.014525420143382e-08,"Method: equity_%, ATR: 797682.66, Risk: 2478.51"
2024-01-01 21:00:00,GBPUSD,935841.9341903533,392.84692692298285,equity_%,6.741051572218522e-06,2478.2979150378537,2.1371130389987348e-06,4.2742260779974695e-08,"Method: equity_%, ATR: 935841.93, Risk: 2478.30"
2024-01-01 22:00:00,GBPUSD,2027889.7310520767,487.3234083553462,equity_%,2.5117581895531986e-06,2482.2152300837292,9.86246919334412e-07,1.9724938386688242e-08,"Method: equity_%, ATR: 2027889.73, Risk: 2482.22"
2024-01-01 23:00:00,GBPUSD,3642893.1962820063,409.72646225943697,equity_%,1.6638404947748185e-06,2483.4312543286073,5.490141742396487e-07,1.0980283484792973e-08,"Method: equity_%, ATR: 3642893.20, Risk: 2483.43"
2024-01-02 00:00:00,GBPUSD,2050975.666792142,548.6215122488269,equity_%,2.2053587313698777e-06,2481.4903129411987,9.751456501325191e-07,1.950291300265038e-08,"Method: equity_%, ATR: 2050975.67, Risk: 2481.49"
2024-01-02 01:00:00,GBPUSD,2076030.7941907076,582.5794252754115,equity_%,2.051594904746838e-06,2481.3072572687943,9.633768466231512e-07,1.926753693246302e-08,"Method: equity_%, ATR: 2076030.79, Risk: 2481.31"
2024-01-02 02:00:00,GBPUSD,4844448.216570388,925.6306241604882,equity_%,5.538632671611277e-07,2483.6168397921306,4.1284371523655053e-07,8.256874304731012e-09,"Method: equity_%, ATR: 4844448.22, Risk: 2483.62"
2024-01-02 03:00:00,GBPUSD,2548918.0230133673,939.8576997911572,equity_%,1.0375872149814158e-06,2485.664922666871,7.846466547541497e-07,1.5692933095082997e-08,"Method: equity_%, ATR: 2548918.02, Risk: 2485.66"
2024-01-02 04:00:00,GBPUSD,963526.832059224,937.6653925176489,equity_%,2.7502859313703186e-06,2484.7891834605475,2.0757076330979313e-06,4.151415266195863e-08,"Method: equity_%, ATR: 963526.83, Risk: 2484.79"
2024-01-02 05:00:00,GBPUSD,1859590.7725417283,1002.4454986236394,equity_%,1.3355031083665321e-06,2489.562626579063,1.0755054442792043e-06,2.1510108885584087e-08,"Method: equity_%, ATR: 1859590.77, Risk: 2489.56"
2024-01-02 06:00:00,GBPUSD,1477641.416863346,891.1795661904043,equity_%,1.8890329800430164e-06,2487.561437404845,1.3535083526864637e-06,2.7070167053729272e-08,"Method: equity_%, ATR: 1477641.42, Risk: 2487.56"
2024-01-02 07:00:00,GBPUSD,2680655.735357193,1032.8884320245613,equity_%,8.988611606990246e-07,2488.7832302651723,7.460861063285711e-07,1.492172212657142e-08,"Method: equity_%, ATR: 2680655.74, Risk: 2488.78"
2024-01-02 08:00:00,GBPUSD,1518435.2027843988,1008.1376600560405,equity_%,1.628736500182824e-06,2493.256335970704,1.3171454378379413e-06,2.634290875675882e-08,"Method: equity_%, ATR: 1518435.20, Risk: 2493.26"
2024-01-02 09:00:00,GBPUSD,847898.4730509967,980.0886289348018,equity_%,3.002879241019868e-06,2495.439650138575,2.3587729705460976e-06,4.717545941092196e-08,"Method: equity_%, ATR: 847898.47, Risk: 2495.44"
2024-01-02 10:00:00,GBPUSD,2189221.5200386182,878.0329438957438,equity_%,1.299605083641691e-06,2498.1120892766776,9.135667549827117e-07,1.8271335099654233e-08,"Method: equity_%, ATR: 2189221.52, Risk: 2498.11"
2024-01-02 11:00:00,GBPUSD,6552404.267160077,721.0023035837112,equity_%,5.28545290617218e-07,2497.005760978337,3.0523147206038215e-07,6.1046294412076426e-09,"Method: equity_%, ATR: 6552404.27, Risk: 2497.01"
2024-01-02 12:00:00,GBPUSD,764513.3766698053,676.9319295120948,equity_%,4.828186121928368e-06,2498.699853893531,2.6160431733868847e-06,5.232086346773768e-08,"Method: equity_%, ATR: 764513.38, Risk: 2498.70"
2024-01-02 13:00:00,GBPUSD,1909401.6964462537,685.4171444093628,equity_%,1.909953872460994e-06,2499.6266485681413,1.047448529936035e-06,2.09489705987207e-08,"Method: equity_%, ATR: 1909401.70, Risk: 2499.63"
2024-01-02 14:00:00,GBPUSD,1067330.1489865968,661.0323170192023,equity_%,3.5410714441990998e-06,2498.3665602298124,1.8738344474752726e-06,3.747668894950545e-08,"Method: equity_%, ATR: 1067330.15, Risk: 2498.37"
2024-01-02 15:00:00,GBPUSD,3007771.3816958936,523.3669042836498,equity_%,1.588837219562062e-06,2501.0967032087624,6.649441550548717e-07,1.3298883101097437e-08,"Method: equity_%, ATR: 3007771.38, Risk: 2501.10"
2024-01-02 16:00:00,GBPUSD,976098.2588852539,536.1563349918606,equity_%,4.777872292124795e-06,2500.457729731461,2.048974047227669e-06,4.097948094455338e-08,"Method: equity_%, ATR: 976098.26, Risk: 2500.46"
2024-01-02 17:00:00,GBPUSD,1331546.434666792,470.819586946453,equity_%,3.987850584474317e-06,2500.055880467124,1.5020129587147916e-06,3.004025917429583e-08,"Method: equity_%, ATR: 1331546.43, Risk: 2500.06"
2024-01-02 18:00:00,GBPUSD,1395074.3857988908,408.31371297616704,equity_%,4.392201627760941e-06,2501.9210391112933,1.433615311383341e-06,2.8672306227666818e-08,"Method: equity_%, ATR: 1395074.39, Risk: 2501.92"
2024-01-02 19:00:00,GBPUSD,1089770.4983019417,431.68547175300506,equity_%,5.319795723553345e-06,2502.6345482200036,1.835248800656982e-06,3.670497601313964e-08,"Method: equity_%, ATR: 1089770.50, Risk: 2502.63"
2024-01-02 20:00:00,GBPUSD,940010.4683614171,474.4516366738424,equity_%,5.614421628864329e-06,2503.9731242673156,2.127635879934729e-06,4.2552717598694577e-08,"Method: equity_%, ATR: 940010.47, Risk: 2503.97"
2024-01-02 21:00:00,GBPUSD,783496.2447123228,433.0298184144075,equity_%,7.382057665361973e-06,2504.5641249497758,2.5526606074983066e-06,5.105321214996613e-08,"Method: equity_%, ATR: 783496.24, Risk: 2504.56"
2024-01-02 22:00:00,GBPUSD,1062695.002987894,383.837074585147,equity_%,6.1494962971477325e-06,2508.390246636784,1.8820075321486985e-06,3.764015064297397e-08,"Method: equity_%, ATR: 1062695.00, Risk: 2508.39"
2024-01-02 23:00:00,GBPUSD,1279794.9557749468,296.2454482587067,equity_%,6.61387254352395e-06,2507.540185342307,1.562750338228167e-06,3.1255006764563344e-08,"Method: equity_%, ATR: 1279794.96, Risk: 2507.54"
2024-01-03 00:00:00,GBPUSD,1248870.338215828,270.7730069913431,equity_%,7.415447638648966e-06,2507.6105677818946,1.6014472750287732e-06,3.202894550057546e-08,"Method: equity_%, ATR: 1248870.34, Risk: 2507.61"
2024-01-03 01:00:00,GBPUSD,1776666.926931652,365.4408323972282,equity_%,3.865242342199037e-06,2509.572910897053,1.1257033998229764e-06,2.251406799645953e-08,"Method: equity_%, ATR: 1776666.93, Risk: 2509.57"
2024-01-03 02:00:00,GBPUSD,2244450.2357822233,241.7130849866146,equity_%,4.624031348083039e-06,2508.5970752297712,8.910868096404781e-07,1.7821736192809565e-08,"Method: equity_%, ATR: 2244450.24, Risk: 2508.60"
2024-01-03 03:00:00,GBPUSD,2142853.977962049,285.85659089971995,equity_%,4.093603781898053e-06,2507.5326284649796,9.333347118230101e-07,1.8666694236460202e-08,"Method: equity_%, ATR: 2142853.98, Risk: 2507.53"
2024-01-03 04:00:00,GBPUSD,3329523.5308348117,310.99901986465875,equity_%,2.4228489376734974e-06,2508.8081162529857,6.006865491347166e-07,1.2013730982694332e-08,"Method: equity_%, ATR: 3329523.53, Risk: 2508.81"
2024-01-03 05:00:00,GBPUSD,1381543.533743585,217.7183390844397,equity_%,8.349894734460794e-06,2511.542823010823,1.447656154982374e-06,2.8953123099647478e-08,"Method: equity_%, ATR: 1381543.53, Risk: 2511.54"
2024-01-03 06:00:00,GBPUSD,2076555.2882503157,205.50596456298447,equity_%,5.892374930408567e-06,2514.5385786424117,9.63133517954718e-07,1.926267035909436e-08,"Method: equity_%, ATR: 2076555.29, Risk: 2514.54"
2024-01-03 07:00:00,GBPUSD,2289042.7219539005,367.7437265231175,equity_%,2.9885703731968124e-06,2515.7220583943863,8.737276857344205e-07,1.747455371468841e-08,"Method: equity_%, ATR: 2289042.72, Risk: 2515.72"
2024-01-03 08:00:00,GBPUSD,2851144.934191018,557.1489474824884,equity_%,1.583480112800482e-06,2515.3777930773917,7.014725824758814e-07,1.4029451649517628e-08,"Method: equity_%, ATR: 2851144.93, Risk: 2515.38"
2024-01-03 09:00:00,GBPUSD,1392313.2579677575,563.7744848122867,equity_%,3.206480550273378e-06,2516.92911947266,1.4364583462483376e-06,2.8729166924966757e-08,"Method: equity_%, ATR: 1392313.26, Risk: 2516.93"
2024-01-03 10:00:00,GBPUSD,5178364.637169516,447.81999027886917,equity_%,1.0862821622606805e-06,2519.061396090085,3.8622231923265954e-07,7.724446384653191e-09,"Method: equity_%, ATR: 5178364.64, Risk: 2519.06"
2024-01-03 11:00:00,GBPUSD,327781.5993492692,455.38801129223754,equity_%,1.6886327374702285e-05,2520.5851174086656,6.1016237762294e-06,1.22032475524588e-07,"Method: equity_%, ATR: 327781.60, Risk: 2520.59"
2024-01-03 12:00:00,GBPUSD,1332210.3328989812,390.2402503281605,equity_%,4.8550498030732205e-06,2524.0534571262483,1.501264440464039e-06,3.002528880928078e-08,"Method: equity_%, ATR: 1332210.33, Risk: 2524.05"
2024-01-03 13:00:00,GBPUSD,1742108.0100047698,529.8536595799424,equity_%,2.733320516218682e-06,2523.0251345957386,1.1480344436247234e-06,2.2960688872494473e-08,"Method: equity_%, ATR: 1742108.01, Risk: 2523.03"
2024-01-03 14:00:00,GBPUSD,1799715.4756270545,416.34717607490853,equity_%,3.3666214434802813e-06,2522.631182560451,1.1112867712065223e-06,2.2225735424130442e-08,"Method: equity_%, ATR: 1799715.48, Risk: 2522.63"
2024-01-03 15:00:00,GBPUSD,2049568.3146233973,497.5622612583287,equity_%,2.4768111257355932e-06,2525.8218809492487,9.758152415463618e-07,1.9516304830927236e-08,"Method: equity_%, ATR: 2049568.31, Risk: 2525.82"
2024-01-03 16:00:00,GBPUSD,855005.5424464796,535.7794526001893,equity_%,5.509510338944043e-06,2523.8758412882185,2.3391661231543345e-06,4.678332246308668e-08,"Method: equity_%, ATR: 855005.54, Risk: 2523.88"
2024-01-03 17:00:00,GBPUSD,1394697.3046298462,581.4309772057669,equity_%,3.1122631027609685e-06,2523.797069834055,1.4340029147262182e-06,2.8680058294524365e-08,"Method: equity_%, ATR: 1394697.30, Risk: 2523.80"
2024-01-03 18:00:00,GBPUSD,1289507.0335115679,675.5121580995182,equity_%,2.8967956013695156e-06,2523.3339892446024,1.5509802955891036e-06,3.101960591178207e-08,"Method: equity_%, ATR: 1289507.03, Risk: 2523.33"
2024-01-03 19:00:00,GBPUSD,944884.9743013409,696.0723681008666,equity_%,3.833318655808753e-06,2521.205579441909,2.116659756896678e-06,4.233319513793356e-08,"Method: equity_%, ATR: 944884.97, Risk: 2521.21"
2024-01-03 20:00:00,GBPUSD,332416.6173768515,706.6530430436904,equity_%,1.0735618455134235e-05,2521.8312818326267,6.0165463922420435e-06,1.203309278448409e-07,"Method: equity_%, ATR: 332416.62, Risk: 2521.83"
2024-01-03 21:00:00,GBPUSD,2880727.587431569,589.4656927770774,equity_%,1.4865665224615112e-06,2524.3238695524037,6.942690481133561e-07,1.3885380962267123e-08,"Method: equity_%, ATR: 2880727.59, Risk: 2524.32"
2024-01-03 22:00:00,GBPUSD,2912641.0908634444,440.9311130005953,equity_%,1.9665868592349854e-06,2525.636525383446,6.866620148543966e-07,1.3733240297087932e-08,"Method: equity_%, ATR: 2912641.09, Risk: 2525.64"
2024-01-03 23:00:00,GBPUSD,3532721.975222864,587.5473004836139,equity_%,1.2180504318334037e-06,2528.23573295405,5.661356919755421e-07,1.1322713839510842e-08,"Method: equity_%, ATR: 3532721.98, Risk: 2528.24"
2024-01-04 00:00:00,GBPUSD,334301.8486402582,581.6249532165709,equity_%,1.3020169806902638e-05,2531.619644889336,5.982617230909177e-06,1.1965234461818354e-07,"Method: equity_%, ATR: 334301.85, Risk: 2531.62"
2024-01-04 01:00:00,GBPUSD,2086993.1609233776,695.7050682670779,equity_%,1.743779233813644e-06,2531.8483813674447,9.583165088644142e-07,1.9166330177288284e-08,"Method: equity_%, ATR: 2086993.16, Risk: 2531.85"
2024-01-04 02:00:00,GBPUSD,1226941.072447621,604.7786483059938,equity_%,3.4205486624494203e-06,2538.142073413422,1.630070135324597e-06,3.260140270649194e-08,"Method: equity_%, ATR: 1226941.07, Risk: 2538.14"
2024-01-04 03:00:00,GBPUSD,2322808.2194032897,477.3498942767573,equity_%,2.2893839890636684e-06,2538.4512425652947,8.610267448226024e-07,1.722053489645205e-08,"Method: equity_%, ATR: 2322808.22, Risk: 2538.45"
2024-01-04 04:00:00,GBPUSD,2932261.115557701,305.85855048642793,equity_%,2.8310263507737597e-06,2539.0261805136074,6.820674971231579e-07,1.364134994246316e-08,"Method: equity_%, ATR: 2932261.12, Risk: 2539.03"
2024-01-04 05:00:00,GBPUSD,1725702.507097311,473.50400012086806,equity_%,3.1067518449010286e-06,2538.61093943987,1.1589483075875383e-06,2.3178966151750764e-08,"Method: equity_%, ATR: 1725702.51, Risk: 2538.61"
2024-01-04 06:00:00,GBPUSD,1534190.7707473764,546.400720887264,equity_%,3.0308402899870443e-06,2540.701718401719,1.3036188446275856e-06,2.6072376892551715e-08,"Method: equity_%, ATR: 1534190.77, Risk: 2540.70"
2024-01-04 07:00:00,GBPUSD,837088.0939967071,575.7343701364857,equity_%,5.272686793849988e-06,2541.1207115637653,2.3892347942149415e-06,4.778469588429883e-08,"Method: equity_%, ATR: 837088.09, Risk: 2541.12"
2024-01-04 08:00:00,GBPUSD,1235677.1010093268,523.386202161551,equity_%,3.930447000220065e-06,2541.962927119935,1.618545814571103e-06,3.237091629142206e-08,"Method: equity_%, ATR: 1235677.10, Risk: 2541.96"
2024-01-04 09:00:00,GBPUSD,2005908.9041093625,374.6015597907865,equity_%,3.3836788894914988e-06,2542.5525011074833,9.970542510194471e-07,1.9941085020388944e-08,"Method: equity_%, ATR: 2005908.90, Risk: 2542.55"
2024-01-04 10:00:00,GBPUSD,4038823.3871112806,245.86731116181002,equity_%,2.560986085264233e-06,2543.0966920130295,4.951937255742385e-07,9.90387451148477e-09,"Method: equity_%, ATR: 4038823.39, Risk: 2543.10"
2024-01-04 11:00:00,GBPUSD,1273583.8675196273,212.16893691366923,equity_%,9.416256957790762e-06,2544.4132640718267,1.5703716504317123e-06,3.1407433008634244e-08,"Method: equity_%, ATR: 1273583.87, Risk: 2544.41"
2024-01-04 12:00:00,GBPUSD,2981882.297118245,195.30523192551559,equity_%,4.3691833359666025e-06,2544.5128169657532,6.707172854987746e-07,1.3414345709975492e-08,"Method: equity_%, ATR: 2981882.30, Risk: 2544.51"
2024-01-04 13:00:00,GBPUSD,1150774.1312018426,253.63130657816274,equity_%,8.7185588376276e-06,2544.706225801919,1.7379605135121046e-06,3.4759210270242084e-08,"Method: equity_%, ATR: 1150774.13, Risk: 2544.71"
2024-01-04 14:00:00,GBPUSD,759172.1927375016,229.500437045247,equity_%,1.4623467888373466e-05,2547.851928783161,2.634448441516533e-06,5.268896883033067e-08,"Method: equity_%, ATR: 759172.19, Risk: 2547.85"
2024-01-04 15:00:00,GBPUSD,1372071.4017431508,198.2364632217668,equity_%,9.36880751596396e-06,2548.2648838553982,1.457650088369378e-06,2.9153001767387558e-08,"Method: equity_%, ATR: 1372071.40, Risk: 2548.26"
2024-01-04 16:00:00,GBPUSD,1926731.0734041126,131.6967528050077,equity_%,1.0049615827355598e-05,2550.0319886628126,1.0380275834065608e-06,2.076055166813122e-08,"Method: equity_%, ATR: 1926731.07, Risk: 2550.03"
2024-01-04 17:00:00,GBPUSD,1146168.1010776022,144.69985555812465,equity_%,1.5370801881923256e-05,2549.2530051818358,1.7449447407580476e-06,3.489889481516095e-08,"Method: equity_%, ATR: 1146168.10, Risk: 2549.25"
2024-01-04 18:00:00,GBPUSD,1043010.1995552601,173.25717216005225,equity_%,1.4107563305908658e-05,2549.36362512753,1.9175267901050256e-06,3.8350535802100514e-08,"Method: equity_%, ATR: 1043010.20, Risk: 2549.36"
2024-01-04 19:00:00,GBPUSD,2659326.0213895678,301.05703943213337,equity_%,3.1824512095094865e-06,2547.8985040025486,7.52070255363029e-07,1.504140510726058e-08,"Method: equity_%, ATR: 2659326.02, Risk: 2547.90"
2024-01-04 20:00:00,GBPUSD,1681854.150252654,258.9474976987079,equity_%,5.861165290655157e-06,2552.6073708692725,1.1891637569759264e-06,2.3783275139518526e-08,"Method: equity_%, ATR: 1681854.15, Risk: 2552.61"
2024-01-04 21:00:00,GBPUSD,1669766.1990778954,205.88534044293607,equity_%,7.436021429425302e-06,2556.3582902246085,1.1977724792276139e-06,2.3955449584552276e-08,"Method: equity_%, ATR: 1669766.20, Risk: 2556.36"
2024-01-04 22:00:00,GBPUSD,1887352.1480528666,83.23031209462178,equity_%,1.628768311136712e-05,2558.549208211166,1.0596856564702827e-06,2.1193713129405653e-08,"Method: equity_%, ATR: 1887352.15, Risk: 2558.55"
2024-01-04 23:00:00,GBPUSD,1486176.7724032353,22.936066738958523,equity_%,7.521482325105213e-05,2563.8514136517456,1.34573493351392e-06,2.6914698670278403e-08,"Method: equity_%, ATR: 1486176.77, Risk: 2563.85"
2024-01-05 00:00:00,GBPUSD,894616.2052537756,-24.262486143607553,equity_%,-0.00011823632680620867,2566.391985754512,2.235595541702333e-06,4.471191083404666e-08,"Method: equity_%, ATR: 894616.21, Risk: 2566.39"
2024-01-05 01:00:00,GBPUSD,1341939.3706851483,-14.921217426721194,equity_%,-0.00012820260259090136,2567.0480342672145,1.4903802986113067e-06,2.9807605972226125e-08,"Method: equity_%, ATR: 1341939.37, Risk: 2567.05"
2024-01-05 02:00:00,GBPUSD,2226664.986225478,41.86164913167203,equity_%,2.7558648035377417e-05,2568.7930736013977,8.982042706793949e-07,1.79640854135879e-08,"Method: equity_%, ATR: 2226664.99, Risk: 2568.79"
2024-01-05 03:00:00,GBPUSD,1295561.4834499625,-60.76780334103899,equity_%,-3.267580460110714e-05,2572.514646312356,1.543732216146301e-06,3.087464432292602e-08,"Method: equity_%, ATR: 1295561.48, Risk: 2572.51"
2024-01-05 04:00:00,GBPUSD,4151350.5497201243,110.23098718222894,equity_%,5.620000080551273e-06,2571.75401396234,4.81770926363912e-07,9.63541852727824e-09,"Method: equity_%, ATR: 4151350.55, Risk: 2571.75"
2024-01-05 05:00:00,GBPUSD,2617236.5831847186,32.509208782195955,equity_%,3.0210140589114125e-05,2570.4083783878073,7.641647731999644e-07,1.5283295463999285e-08,"Method: equity_%, ATR: 2617236.58, Risk: 2570.41"
2024-01-05 06:00:00,GBPUSD,3450194.6570617496,-265.8152161908156,equity_%,-2.8046893486889625e-06,2572.220536721067,5.796774381719198e-07,1.1593548763438395e-08,"Method: equity_%, ATR: 3450194.66, Risk: 2572.22"
2024-01-05 07:00:00,GBPUSD,1848945.9975699678,-123.2924424740689,equity_%,-1.1282833772160537e-05,2572.0468372539694,1.0816973576451445e-06,2.163394715290289e-08,"Method: equity_%, ATR: 1848946.00, Risk: 2572.05"
2024-01-05 08:00:00,GBPUSD,5648576.895841554,143.5174035571824,equity_%,3.1684038118262717e-06,2568.5270345190524,3.540714832920814e-07,7.081429665841629e-09,"Method: equity_%, ATR: 5648576.90, Risk: 2568.53"
2024-01-05 09:00:00,GBPUSD,859769.1978910587,88.28874206423379,equity_%,3.3817821110505833e-05,2567.0411678252312,2.326205689743051e-06,4.652411379486102e-08,"Method: equity_%, ATR: 859769.20, Risk: 2567.04"
2024-01-05 10:00:00,GBPUSD,1758479.6926094668,166.01071277596026,equity_%,8.794743224198708e-06,2567.4183191265247,1.1373460884453737e-06,2.2746921768907475e-08,"Method: equity_%, ATR: 1758479.69, Risk: 2567.42"
2024-01-05 11:00:00,GBPUSD,420510.59854959266,139.77380262601616,equity_%,4.369978781418738e-05,2568.5146966360203,4.756122692028013e-06,9.512245384056026e-08,"Method: equity_%, ATR: 420510.60, Risk: 2568.51"
2024-01-05 12:00:00,GBPUSD,2734174.6522182315,-80.00841664783542,equity_%,-1.1746690683376976e-05,2569.670634834787,7.314821671605372e-07,1.4629643343210745e-08,"Method: equity_%, ATR: 2734174.65, Risk: 2569.67"
2024-01-05 13:00:00,GBPUSD,2952447.0976372818,167.30548791340297,equity_%,5.21232061019183e-06,2574.681027515258,6.774041782494648e-07,1.3548083564989296e-08,"Method: equity_%, ATR: 2952447.10, Risk: 2574.68"
2024-01-05 14:00:00,GBPUSD,2679132.997657892,34.263163318521634,equity_%,2.805435748479797e-05,2575.2657770018554,7.465101589762088e-07,1.4930203179524177e-08,"Method: equity_%, ATR: 2679133.00, Risk: 2575.27"
2024-01-05 15:00:00,GBPUSD,2415061.245686235,78.88216997243079,equity_%,1.3526250509029113e-05,2576.822027980928,8.281363479176297e-07,1.6562726958352594e-08,"Method: equity_%, ATR: 2415061.25, Risk: 2576.82"
2024-01-05 16:00:00,GBPUSD,2160204.3746506236,-84.59685917866024,equity_%,-1.4088205079431235e-05,2574.5702439261786,9.258383250536033e-07,1.8516766501072065e-08,"Method: equity_%, ATR: 2160204.37, Risk: 2574.57"
2024-01-05 17:00:00,GBPUSD,2035145.677596944,-104.23521972462223,equity_%,-1.2140956709026624e-05,2575.507972849548,9.82730633003902e-07,1.9654612660078037e-08,"Method: equity_%, ATR: 2035145.68, Risk: 2575.51"
2024-01-05 18:00:00,GBPUSD,827292.2874255696,-67.92971986757621,equity_%,-4.5859080391113196e-05,2577.176370735892,2.417525257274851e-06,4.835050514549702e-08,"Method: equity_%, ATR: 827292.29, Risk: 2577.18"
2024-01-05 19:00:00,GBPUSD,853132.8247971928,-93.00109589160013,equity_%,-3.2459687364001365e-05,2575.4258517739295,2.3443008425744734e-06,4.688601685148947e-08,"Method: equity_%, ATR: 853132.82, Risk: 2575.43"
2024-01-05 20:00:00,GBPUSD,1656276.4973155586,21.44536958754817,equity_%,7.248302057899655e-05,2574.5578678546553,1.2075278513228544e-06,2.4150557026457087e-08,"Method: equity_%, ATR: 1656276.50, Risk: 2574.56"
2024-01-05 21:00:00,GBPUSD,1788536.7901085436,-16.858029225578534,equity_%,-8.545383722534303e-05,2576.536205122329,1.118232518928852e-06,2.236465037857704e-08,"Method: equity_%, ATR: 1788536.79, Risk: 2576.54"
2024-01-05 22:00:00,GBPUSD,1037995.9459290854,-35.85234361841586,equity_%,-6.923208713528131e-05,2576.443552593705,1.926789798981197e-06,3.853579597962395e-08,"Method: equity_%, ATR: 1037995.95, Risk: 2576.44"
2024-01-05 23:00:00,GBPUSD,1266460.5991634112,-14.143188478044994,equity_%,-0.00014388502387457637,2577.238469050685,1.5792042810657861e-06,3.1584085621315724e-08,"Method: equity_%, ATR: 1266460.60, Risk: 2577.24"
2024-01-06 00:00:00,GBPUSD,1321682.2111409274,6.929703419239935,equity_%,0.0002816200278462227,2579.320024088603,1.5132230600830452e-06,3.0264461201660906e-08,"Method: equity_%, ATR: 1321682.21, Risk: 2579.32"
2024-01-06 01:00:00,GBPUSD,1471746.4152437304,-36.441263016661054,equity_%,-4.818726503626144e-05,2584.393768432195,1.3589297580648685e-06,2.7178595161297372e-08,"Method: equity_%, ATR: 1471746.42, Risk: 2584.39"
2024-01-06 02:00:00,GBPUSD,4839177.939627364,-290.73867868846304,equity_%,-1.8372902750216999e-06,2584.950198030038,4.132933372055353e-07,8.265866744110708e-09,"Method: equity_%, ATR: 4839177.94, Risk: 2584.95"
2024-01-06 03:00:00,GBPUSD,2213283.378059489,-391.01418518972406,equity_%,-2.992157617046478e-06,2589.488594187793,9.036348530089776e-07,1.8072697060179552e-08,"Method: equity_%, ATR: 2213283.38, Risk: 2589.49"
2024-01-06 04:00:00,GBPUSD,907049.7566173839,-405.0398220114738,equity_%,-7.0403715171415e-06,2586.5710468652014,2.2049507046432618e-06,4.409901409286524e-08,"Method: equity_%, ATR: 907049.76, Risk: 2586.57"
2024-01-06 05:00:00,GBPUSD,1630686.9270391178,-500.818522286405,equity_%,-3.1687728634854477e-06,2587.8677725825655,1.2264769937362863e-06,2.452953987472573e-08,"Method: equity_%, ATR: 1630686.93, Risk: 2587.87"
2024-01-06 06:00:00,GBPUSD,3132355.118640313,-391.68942924318026,equity_%,-2.109526187243853e-06,2588.199594168375,6.384972087290525e-07,1.2769944174581049e-08,"Method: equity_%, ATR: 3132355.12, Risk: 2588.20"
2024-01-06 07:00:00,GBPUSD,285094.02926302643,-386.88310668478107,equity_%,-2.3464914872258037e-05,2588.134676200238,7.015229344402752e-06,1.4030458688805504e-07,"Method: equity_%, ATR: 285094.03, Risk: 2588.13"
2024-01-06 08:00:00,GBPUSD,1848924.7409117876,-418.6957569948438,equity_%,-3.3462436218208346e-06,2590.450811351352,1.0817097936683514e-06,2.1634195873367026e-08,"Method: equity_%, ATR: 1848924.74, Risk: 2590.45"
2024-01-06 09:00:00,GBPUSD,1603680.3730457637,-501.9660631540421,equity_%,-3.2186878305595443e-06,2591.0215700205817,1.2471313072202367e-06,2.494262614440473e-08,"Method: equity_%, ATR: 1603680.37, Risk: 2591.02"
2024-01-06 10:00:00,GBPUSD,3141329.724646802,-276.62261585354315,equity_%,-2.9782305149018843e-06,2587.9716633507956,6.366730573705922e-07,1.2733461147411847e-08,"Method: equity_%, ATR: 3141329.72, Risk: 2587.97"
2024-01-06 11:00:00,GBPUSD,1559640.3145387103,-174.58046716586267,equity_%,-9.496727464141337e-06,2585.794924854294,1.2823469497141933e-06,2.5646938994283863e-08,"Method: equity_%, ATR: 1559640.31, Risk: 2585.79"
2024-01-06 12:00:00,GBPUSD,1163230.9104385294,-235.10501242659808,equity_%,-9.464039644729517e-06,2588.238978771007,1.7193490837051558e-06,3.438698167410312e-08,"Method: equity_%, ATR: 1163230.91, Risk: 2588.24"
2024-01-06 13:00:00,GBPUSD,5311043.441307996,-487.67181028413427,equity_%,-9.984241027780805e-07,2585.964522957159,3.765738356505407e-07,7.531476713010814e-09,"Method: equity_%, ATR: 5311043.44, Risk: 2585.96"
2024-01-06 14:00:00,GBPUSD,665908.9882114416,-520.104390877002,equity_%,-7.47371313638089e-06,2588.4621653195204,3.0034134324748796e-06,6.00682686494976e-08,"Method: equity_%, ATR: 665908.99, Risk: 2588.46"
2024-01-06 15:00:00,GBPUSD,4117569.3654150893,-384.063155870553,equity_%,-1.6376000790080637e-06,2589.7117122953427,4.857234505382477e-07,9.714469010764954e-09,"Method: equity_%, ATR: 4117569.37, Risk: 2589.71"
2024-01-06 16:00:00,GBPUSD,2826610.789922106,-470.9495211771987,equity_%,-1.9459049430103928e-06,2590.3711432316913,7.075611566794856e-07,1.4151223133589712e-08,"Method: equity_%, ATR: 2826610.79, Risk: 2590.37"
2024-01-06 17:00:00,GBPUSD,1889796.7337766597,-499.9245722004925,equity_%,-2.7427279408496187e-06,2591.208194885295,1.0583148781314196e-06,2.1166297562628388e-08,"Method: equity_%, ATR: 1889796.73, Risk: 2591.21"
2024-01-06 18:00:00,GBPUSD,1498474.14113473,-540.915725503701,equity_%,-3.199362633710892e-06,2593.237710925655,1.3346910334305042e-06,2.669382066861008e-08,"Method: equity_%, ATR: 1498474.14, Risk: 2593.24"
2024-01-06 19:00:00,GBPUSD,4150535.8240350974,-575.7091403933431,equity_%,-1.0846960485495412e-06,2591.8827389784424,4.818654951532561e-07,9.637309903065121e-09,"Method: equity_%, ATR: 4150535.82, Risk: 2591.88"
2024-01-06 20:00:00,GBPUSD,1178774.2661462163,-606.9496153521643,equity_%,-3.624213357935087e-06,2592.9673211664376,1.6966776909192533e-06,3.3933553818385067e-08,"Method: equity_%, ATR: 1178774.27, Risk: 2592.97"
2024-01-06 21:00:00,GBPUSD,1565144.9379984722,-527.5447211071926,equity_%,-3.1388381912699346e-06,2591.6883155782753,1.277836928353502e-06,2.5556738567070044e-08,"Method: equity_%, ATR: 1565144.94, Risk: 2591.69"
2024-01-06 22:00:00,GBPUSD,1988396.8845144943,-595.7589353373254,equity_%,-2.188928075927218e-06,2593.015605130281,1.0058354122237216e-06,2.011670824447443e-08,"Method: equity_%, ATR: 1988396.88, Risk: 2593.02"
2024-01-06 23:00:00,GBPUSD,2169764.4988842774,-465.4695538579426,equity_%,-2.5697159525103712e-06,2595.308558702678,9.217590208653648e-07,1.8435180417307292e-08,"Method: equity_%, ATR: 2169764.50, Risk: 2595.31"
2024-01-07 00:00:00,GBPUSD,2139020.6027717786,-555.259019375628,equity_%,-2.1862570795516327e-06,2596.6404504283028,9.350073568288062e-07,1.870014713657612e-08,"Method: equity_%, ATR: 2139020.60, Risk: 2596.64"
2024-01-07 01:00:00,GBPUSD,1601610.975936324,-461.90707262254216,equity_%,-3.512940906986469e-06,2598.857654756164,1.2487426909838526e-06,2.4974853819677052e-08,"Method: equity_%, ATR: 1601610.98, Risk: 2598.86"
2024-01-07 02:00:00,GBPUSD,1525029.6176741607,-586.5231174137366,equity_%,-2.9050407343880443e-06,2598.4576250859773,1.3114499396085314e-06,2.6228998792170632e-08,"Method: equity_%, ATR: 1525029.62, Risk: 2598.46"
2024-01-07 03:00:00,GBPUSD,456635.44091578614,-574.4802190474487,equity_%,-9.908713466817177e-06,2599.333264977336,4.3798615280254715e-06,8.759723056050944e-08,"Method: equity_%, ATR: 456635.44, Risk: 2599.33"
2024-01-07 04:00:00,GBPUSD,958221.9766452056,-565.0363174571326,equity_%,-4.801832686406229e-06,2599.8573133510863,2.08719905068565e-06,4.1743981013713e-08,"Method: equity_%, ATR: 958221.98, Risk: 2599.86"
2024-01-07 05:00:00,GBPUSD,1227080.4211182229,-520.4306119524281,equity_%,-4.071733235123244e-06,2600.250434576812,1.6298850226763665e-06,3.2597700453527336e-08,"Method: equity_%, ATR: 1227080.42, Risk: 2600.25"
2024-01-07 06:00:00,GBPUSD,1733101.9800752762,-410.95424975047354,equity_%,-3.6500359784631136e-06,2599.649152247908,1.1540001817510652e-06,2.3080003635021305e-08,"Method: equity_%, ATR: 1733101.98, Risk: 2599.65"
2024-01-07 07:00:00,GBPUSD,3555908.403121893,-349.08931198732023,equity_%,-2.09435549557927e-06,2599.785507149058,5.624441839514509e-07,1.1248883679029017e-08,"Method: equity_%, ATR: 3555908.40, Risk: 2599.79"
2024-01-07 08:00:00,GBPUSD,1367967.1387245473,-441.9266476521338,equity_%,-4.298400822766283e-06,2598.560097959045,1.4620234239433132e-06,2.924046847886626e-08,"Method: equity_%, ATR: 1367967.14, Risk: 2598.56"
2024-01-07 09:00:00,GBPUSD,2274516.3400299456,-314.2284972740356,equity_%,-3.632442904559834e-06,2596.171788635396,8.79307818018871e-07,1.758615636037742e-08,"Method: equity_%, ATR: 2274516.34, Risk: 2596.17"
2024-01-07 10:00:00,GBPUSD,2210310.0869184043,-386.96117566953706,equity_%,-3.034908967107673e-06,2595.770355314314,9.048504152593281e-07,1.8097008305186562e-08,"Method: equity_%, ATR: 2210310.09, Risk: 2595.77"
2024-01-07 11:00:00,GBPUSD,1401801.265963123,-312.9993422326563,equity_%,-5.921244543362295e-06,2598.0222746118766,1.4267357638786824e-06,2.8534715277573652e-08,"Method: equity_%, ATR: 1401801.27, Risk: 2598.02"
2024-01-07 12:00:00,GBPUSD,2610922.4064365407,-195.2379965879461,equity_%,-5.09952718353214e-06,2599.490406593988,7.660128064585633e-07,1.5320256129171267e-08,"Method: equity_%, ATR: 2610922.41, Risk: 2599.49"
2024-01-07 13:00:00,GBPUSD,1040879.8572951306,-183.4576456750631,equity_%,-1.3605011562087423e-05,2597.9772001854935,1.9214513432868947e-06,3.842902686573789e-08,"Method: equity_%, ATR: 1040879.86, Risk: 2597.98"
2024-01-07 14:00:00,GBPUSD,1921645.2863950264,-85.49725361857041,equity_%,-1.581398667148606e-05,2598.165177478733,1.0407748059226715e-06,2.0815496118453432e-08,"Method: equity_%, ATR: 1921645.29, Risk: 2598.17"
2024-01-07 15:00:00,GBPUSD,2310931.0453516794,-149.30275351906965,equity_%,-7.537206633901597e-06,2600.5501061614614,8.654520454095325e-07,1.730904090819065e-08,"Method: equity_%, ATR: 2310931.05, Risk: 2600.55"
2024-01-07 16:00:00,GBPUSD,806684.4701835349,-108.29236128307929,equity_%,-2.9770142254380016e-05,2600.6531234218874,2.4792841239957984e-06,4.958568247991596e-08,"Method: equity_%, ATR: 806684.47, Risk: 2600.65"
2024-01-07 17:00:00,GBPUSD,2585802.7963474137,-212.6148201806622,equity_%,-4.727013727779225e-06,2598.8175910356294,7.73454187158088e-07,1.5469083743161758e-08,"Method: equity_%, ATR: 2585802.80, Risk: 2598.82"
2024-01-07 18:00:00,GBPUSD,853903.3559198254,-222.05035670974928,equity_%,-1.3735241288525321e-05,2604.3328481284584,2.3421854313309247e-06,4.6843708626618496e-08,"Method: equity_%, ATR: 853903.36, Risk: 2604.33"
2024-01-07 19:00:00,GBPUSD,587295.8199891436,-209.13706313022558,equity_%,-2.1208972769126394e-05,2604.998930467152,3.405438846877832e-06,6.810877693755664e-08,"Method: equity_%, ATR: 587295.82, Risk: 2605.00"
2024-01-07 20:00:00,GBPUSD,5405229.167759134,-287.16842319338457,equity_%,-1.6773953687282645e-06,2603.671772667154,3.7001206386021694e-07,7.4002412772043376e-09,"Method: equity_%, ATR: 5405229.17, Risk: 2603.67"
2024-01-07 21:00:00,GBPUSD,2557234.5216567577,-81.77473172618176,equity_%,-1.2457199652574837e-05,2605.0142997187945,7.820948696970735e-07,1.564189739394147e-08,"Method: equity_%, ATR: 2557234.52, Risk: 2605.01"
2024-01-07 22:00:00,GBPUSD,1513621.7779761944,-43.27545258170767,equity_%,-3.9782243889101765e-05,2605.843093054169,1.3213340539233806e-06,2.642668107846761e-08,"Method: equity_%, ATR: 1513621.78, Risk: 2605.84"
2024-01-07 23:00:00,GBPUSD,3254032.8290688954,-129.24789249450296,equity_%,-6.19092543615004e-06,2603.76013684434,6.14621949149873e-07,1.2292438982997459e-08,"Method: equity_%, ATR: 3254032.83, Risk: 2603.76"
2024-01-08 00:00:00,GBPUSD,1806641.137178734,-86.99595998416623,equity_%,-1.657402123675177e-05,2604.9468745659465,1.1070267131873332e-06,2.2140534263746664e-08,"Method: equity_%, ATR: 1806641.14, Risk: 2604.95"
2024-01-08 01:00:00,GBPUSD,2166580.822420556,-150.96515758565278,equity_%,-7.97336607504105e-06,2607.914345588738,9.231134972225738e-07,1.8462269944451477e-08,"Method: equity_%, ATR: 2166580.82, Risk: 2607.91"
2024-01-08 02:00:00,GBPUSD,2851577.3015870955,-318.1718012861584,equity_%,-2.8749840198376827e-06,2608.4485251737574,7.013662224365669e-07,1.4027324448731335e-08,"Method: equity_%, ATR: 2851577.30, Risk: 2608.45"
2024-01-08 03:00:00,GBPUSD,2978740.612579883,-379.8553847514895,equity_%,-2.3025626430736977e-06,2605.328128079324,6.714246925541473e-07,1.3428493851082944e-08,"Method: equity_%, ATR: 2978740.61, Risk: 2605.33"
2024-01-08 04:00:00,GBPUSD,2159767.5810074317,-190.59409157007158,equity_%,-6.333249159173399e-06,2607.011971300503,9.260255675599559e-07,1.8520511351199117e-08,"Method: equity_%, ATR: 2159767.58, Risk: 2607.01"
2024-01-08 05:00:00,GBPUSD,3180199.1095779603,-404.39770639715965,equity_%,-2.028837821789876e-06,2609.217771390999,6.28891440783221e-07,1.2577828815664417e-08,"Method: equity_%, ATR: 3180199.11, Risk: 2609.22"
2024-01-08 06:00:00,GBPUSD,963533.0174443112,-485.19715646252087,equity_%,-5.580803261614006e-06,2609.044947237343,2.0756943081253494e-06,4.1513886162507e-08,"Method: equity_%, ATR: 963533.02, Risk: 2609.04"
2024-01-08 07:00:00,GBPUSD,822538.2251716383,-533.5270852333806,equity_%,-5.944874321907425e-06,2608.8868240346646,2.431497939907488e-06,4.8629958798149755e-08,"Method: equity_%, ATR: 822538.23, Risk: 2608.89"
2024-01-08 08:00:00,GBPUSD,2320324.5118716434,-683.6745037593532,equity_%,-1.6480650298254915e-06,2614.4025366351802,8.619483997894502e-07,1.7238967995789005e-08,"Method: equity_%, ATR: 2320324.51, Risk: 2614.40"
2024-01-08 09:00:00,GBPUSD,2618752.3027375448,-753.1381588751894,equity_%,-1.3254117446384651e-06,2614.0861080374957,7.637224787962097e-07,1.5274449575924193e-08,"Method: equity_%, ATR: 2618752.30, Risk: 2614.09"
2024-01-08 10:00:00,GBPUSD,2713818.8680791133,-813.4303520208036,equity_%,-1.1836191278303161e-06,2612.8423461048274,7.369688609378833e-07,1.4739377218757667e-08,"Method: equity_%, ATR: 2713818.87, Risk: 2612.84"
2024-01-08 11:00:00,GBPUSD,616721.779127804,-824.4767788917025,equity_%,-5.1406734964273935e-06,2613.8925742728793,3.2429534154420345e-06,6.48590683088407e-08,"Method: equity_%, ATR: 616721.78, Risk: 2613.89"
2024-01-08 12:00:00,GBPUSD,1433017.4988156979,-888.1074139889923,equity_%,-2.055548678208619e-06,2616.0422589244204,1.3956563696206632e-06,2.791312739241327e-08,"Method: equity_%, ATR: 1433017.50, Risk: 2616.04"
2024-01-08 13:00:00,GBPUSD,1800455.6492596646,-750.5344542760131,equity_%,-1.9374671650025274e-06,2618.1071263818408,1.1108299173169784e-06,2.2216598346339567e-08,"Method: equity_%, ATR: 1800455.65, Risk: 2618.11"
2024-01-08 14:00:00,GBPUSD,1546450.666287592,-727.4580864443564,equity_%,-2.32375290198071e-06,2614.1709908732296,1.2932840624015497e-06,2.5865681248030992e-08,"Method: equity_%, ATR: 1546450.67, Risk: 2614.17"
2024-01-08 15:00:00,GBPUSD,1482959.053734494,-810.2758786133047,equity_%,-2.175296757976021e-06,2613.8495278614514,1.3486549038312666e-06,2.697309807662533e-08,"Method: equity_%, ATR: 1482959.05, Risk: 2613.85"
2024-01-08 16:00:00,GBPUSD,1194394.1150145282,-843.9675658082905,equity_%,-2.596307232435466e-06,2617.155303951709,1.6744891613733988e-06,3.3489783227467976e-08,"Method: equity_%, ATR: 1194394.12, Risk: 2617.16"
2024-01-08 17:00:00,GBPUSD,4838589.415772659,-608.3462889421882,equity_%,-8.896806355762904e-07,2618.8086828823925,4.1334360660577485e-07,8.266872132115497e-09,"Method: equity_%, ATR: 4838589.42, Risk: 2618.81"
2024-01-08 18:00:00,GBPUSD,2326979.4186566323,-797.0609111717893,equity_%,-1.4111578882671138e-06,2617.3371000593797,8.594833215820198e-07,1.7189666431640396e-08,"Method: equity_%, ATR: 2326979.42, Risk: 2617.34"
2024-01-08 19:00:00,GBPUSD,540795.5554381647,-827.991513061162,equity_%,-5.85299985392451e-06,2620.821918675172,3.6982552461614723e-06,7.396510492322944e-08,"Method: equity_%, ATR: 540795.56, Risk: 2620.82"
2024-01-08 20:00:00,GBPUSD,124863.77477246606,-823.6311344717461,equity_%,-2.551252951104292e-05,2623.7517141133844,1.601745585254422e-05,3.203491170508844e-07,"Method: equity_%, ATR: 124863.77, Risk: 2623.75"
2024-01-08 21:00:00,GBPUSD,898681.6983066649,-894.3697858394598,equity_%,-3.2648786828146244e-06,2624.158510897339,2.2254820630802733e-06,4.4509641261605465e-08,"Method: equity_%, ATR: 898681.70, Risk: 2624.16"
2024-01-08 22:00:00,GBPUSD,660215.3861998112,-883.0068257813514,equity_%,-4.506057431077233e-06,2626.9174452709613,3.029314435569226e-06,6.058628871138452e-08,"Method: equity_%, ATR: 660215.39, Risk: 2626.92"
2024-01-08 23:00:00,GBPUSD,1160565.129795534,-898.938874561289,equity_%,-2.522740053995863e-06,2631.9169569348774,1.7232983730541311e-06,3.4465967461082615e-08,"Method: equity_%, ATR: 1160565.13, Risk: 2631.92"
2024-01-09 00:00:00,GBPUSD,1044237.0739036152,-848.989699814287,equity_%,-2.967479018265469e-06,2630.8081965443866,1.9152738874932946e-06,3.8305477749865895e-08,"Method: equity_%, ATR: 1044237.07, Risk: 2630.81"
2024-01-09 01:00:00,GBPUSD,1474871.1190229482,-900.979813235531,equity_%,-1.981382766437838e-06,2632.9190889087927,1.3560506909410037e-06,2.7121013818820076e-08,"Method: equity_%, ATR: 1474871.12, Risk: 2632.92"
2024-01-09 02:00:00,GBPUSD,1503203.6931351593,-957.0791098949248,equity_%,-1.8335433042638828e-06,2637.8909784609687,1.3304916753022982e-06,2.660983350604597e-08,"Method: equity_%, ATR: 1503203.69, Risk: 2637.89"
2024-01-09 03:00:00,GBPUSD,2005303.1692727301,-845.6200072624216,equity_%,-1.5569728855301987e-06,2640.1970375675596,9.973554276709921e-07,1.9947108553419843e-08,"Method: equity_%, ATR: 2005303.17, Risk: 2640.20"
2024-01-09 04:00:00,GBPUSD,1740876.8500057647,-949.3336694324325,equity_%,-1.59722356388569e-06,2639.6882718488314,1.1488463414246547e-06,2.297692682849309e-08,"Method: equity_%, ATR: 1740876.85, Risk: 2639.69"
2024-01-09 05:00:00,GBPUSD,2868509.0092959227,-1085.8598374138278,equity_%,-8.479411770327674e-07,2641.1660983297143,6.972263268194864e-07,1.394452653638973e-08,"Method: equity_%, ATR: 2868509.01, Risk: 2641.17"
2024-01-09 06:00:00,GBPUSD,1714295.2627109843,-1076.9688182033249,equity_%,-1.4325885158949572e-06,2644.9058648496193,1.166660168468997e-06,2.3333203369379938e-08,"Method: equity_%, ATR: 1714295.26, Risk: 2644.91"
2024-01-09 07:00:00,GBPUSD,1615506.3937321892,-1071.0889503613505,equity_%,-1.5279410126845794e-06,2643.874331915771,1.238001909345306e-06,2.476003818690612e-08,"Method: equity_%, ATR: 1615506.39, Risk: 2643.87"
2024-01-09 08:00:00,GBPUSD,1330126.3926575745,-966.0469181510424,equity_%,-2.0582779785793043e-06,2644.81413850119,1.5036165067020641e-06,3.0072330134041275e-08,"Method: equity_%, ATR: 1330126.39, Risk: 2644.81"
2024-01-09 09:00:00,GBPUSD,1312139.33452319,-879.6515643725646,equity_%,-2.291863557104008e-06,2645.3271728576265,1.5242283707063526e-06,3.048456741412705e-08,"Method: equity_%, ATR: 1312139.33, Risk: 2645.33"
2024-01-09 10:00:00,GBPUSD,523305.15282994043,-901.6363563473043,equity_%,-5.605957690029961e-06,2645.0643495841186,3.821861850937944e-06,7.643723701875889e-08,"Method: equity_%, ATR: 523305.15, Risk: 2645.06"
2024-01-09 11:00:00,GBPUSD,2095583.8440941216,-802.6371647571483,equity_%,-1.5734588144637702e-06,2646.5474593210715,9.543879647843723e-07,1.9087759295687444e-08,"Method: equity_%, ATR: 2095583.84, Risk: 2646.55"
2024-01-09 12:00:00,GBPUSD,1339241.5002894676,-880.7387162082125,equity_%,-2.244423066877008e-06,2647.3460248129595,1.4933826345492685e-06,2.9867652690985366e-08,"Method: equity_%, ATR: 1339241.50, Risk: 2647.35"
2024-01-09 13:00:00,GBPUSD,1204461.7179156204,-940.4227185700516,equity_%,-2.339211905918332e-06,2649.6327251720986,1.6604927913035686e-06,3.320985582607137e-08,"Method: equity_%, ATR: 1204461.72, Risk: 2649.63"
2024-01-09 14:00:00,GBPUSD,1172992.8339744366,-1048.7575292376423,equity_%,-2.156516719865083e-06,2652.9146641606117,1.7050402543580985e-06,3.4100805087161976e-08,"Method: equity_%, ATR: 1172992.83, Risk: 2652.91"
2024-01-09 15:00:00,GBPUSD,1855046.929687062,-972.70326160259,equity_%,-1.469382629785791e-06,2651.3690033197036,1.0781398400187057e-06,2.1562796800374108e-08,"Method: equity_%, ATR: 1855046.93, Risk: 2651.37"
2024-01-09 16:00:00,GBPUSD,2931950.0522849024,-1033.409406259948,equity_%,-8.754413993759815e-07,2652.5040654476647,6.821398606164444e-07,1.3642797212328886e-08,"Method: equity_%, ATR: 2931950.05, Risk: 2652.50"
2024-01-09 17:00:00,GBPUSD,3195069.705181527,-1188.6571516018885,equity_%,-6.986592636894072e-07,2653.397813170155,6.259644341269139e-07,1.2519288682538277e-08,"Method: equity_%, ATR: 3195069.71, Risk: 2653.40"
2024-01-09 18:00:00,GBPUSD,1009095.1030197061,-1119.1975813325182,equity_%,-2.3506810532389437e-06,2654.8046425169346,1.981973744610416e-06,3.963947489220831e-08,"Method: equity_%, ATR: 1009095.10, Risk: 2654.80"
2024-01-09 19:00:00,GBPUSD,887968.1742901608,-1062.4297310682784,equity_%,-2.815097557266769e-06,2655.7737008274003,2.2523329753330338e-06,4.504665950666068e-08,"Method: equity_%, ATR: 887968.17, Risk: 2655.77"
2024-01-09 20:00:00,GBPUSD,2054518.623446338,-1196.1788397317061,equity_%,-1.0802583589096475e-06,2654.8123750029404,9.734640402748521e-07,1.9469280805497043e-08,"Method: equity_%, ATR: 2054518.62, Risk: 2654.81"
2024-01-09 21:00:00,GBPUSD,7437242.481886726,-1495.8750458637512,equity_%,-2.3898225236111085e-07,2658.7218740736816,2.6891687407946767e-07,5.378337481589353e-09,"Method: equity_%, ATR: 7437242.48, Risk: 2658.72"
2024-01-09 22:00:00,GBPUSD,973171.8041941008,-1518.3823001335506,equity_%,-1.8025168936175644e-06,2663.4833963660867,2.0551355797409607e-06,4.110271159481921e-08,"Method: equity_%, ATR: 973171.80, Risk: 2663.48"
2024-01-09 23:00:00,GBPUSD,4585084.625481982,-1924.3827654338793,equity_%,-3.0210119736812686e-07,2665.57717577299,4.3619696545726476e-07,8.723939309145297e-09,"Method: equity_%, ATR: 4585084.63, Risk: 2665.58"
2024-01-10 00:00:00,GBPUSD,2472949.736429964,-1839.0270717307133,equity_%,-5.866046792080945e-07,2667.7733793325124,8.087507685810344e-07,1.6175015371620686e-08,"Method: equity_%, ATR: 2472949.74, Risk: 2667.77"
2024-01-10 01:00:00,GBPUSD,7358326.414736569,-1299.8764732190716,equity_%,-2.790443374742878e-07,2669.0354776604345,2.71800935059715e-07,5.436018701194301e-09,"Method: equity_%, ATR: 7358326.41, Risk: 2669.04"
2024-01-10 02:00:00,GBPUSD,1864975.0562461372,-1152.3710459755634,equity_%,-1.2432739773351044e-06,2671.9738841039925,1.0724004019794472e-06,2.1448008039588944e-08,"Method: equity_%, ATR: 1864975.06, Risk: 2671.97"
2024-01-10 03:00:00,GBPUSD,637746.0372058477,-1153.6865595096156,equity_%,-3.626306275896175e-06,2668.087593493531,3.1360445746751893e-06,6.272089149350379e-08,"Method: equity_%, ATR: 637746.04, Risk: 2668.09"
2024-01-10 04:00:00,GBPUSD,2136393.467778004,-1040.8795675718368,equity_%,-1.2002724695497387e-06,2669.079868935947,9.361571406039438e-07,1.8723142812078876e-08,"Method: equity_%, ATR: 2136393.47, Risk: 2669.08"
2024-01-10 05:00:00,GBPUSD,804189.9607594974,-1049.138020296518,equity_%,-3.163345741038877e-06,2668.934614930556,2.4869745925591377e-06,4.973949185118275e-08,"Method: equity_%, ATR: 804189.96, Risk: 2668.93"
2024-01-10 06:00:00,GBPUSD,1617393.1886701211,-1037.9944390668725,equity_%,-1.5905137373696856e-06,2670.226251126599,1.2365576991482648e-06,2.4731153982965295e-08,"Method: equity_%, ATR: 1617393.19, Risk: 2670.23"
2024-01-10 07:00:00,GBPUSD,794663.4677606312,-1044.5958593073094,equity_%,-3.2205812843605497e-06,2673.411506256945,2.516788654744653e-06,5.0335773094893067e-08,"Method: equity_%, ATR: 794663.47, Risk: 2673.41"
2024-01-10 08:00:00,GBPUSD,1537922.7550995813,-1113.4808314753113,equity_%,-1.5617702510411794e-06,2674.4495746093767,1.3004554314371265e-06,2.6009108628742524e-08,"Method: equity_%, ATR: 1537922.76, Risk: 2674.45"
2024-01-10 09:00:00,GBPUSD,1318928.7802878334,-1186.5023923983945,equity_%,-1.7091876911030835e-06,2674.7285899320354,1.516382104849918e-06,3.032764209699836e-08,"Method: equity_%, ATR: 1318928.78, Risk: 2674.73"
2024-01-10 10:00:00,GBPUSD,1958111.9375778395,-1165.230627791194,equity_%,-1.1714854172184422e-06,2672.9220478725542,1.021392067337057e-06,2.042784134674114e-08,"Method: equity_%, ATR: 1958111.94, Risk: 2672.92"
2024-01-10 11:00:00,GBPUSD,3613386.6363009177,-1050.2036543638424,equity_%,-7.045718449081465e-07,2673.7034948481178,5.534973700039562e-07,1.1069947400079125e-08,"Method: equity_%, ATR: 3613386.64, Risk: 2673.70"
2024-01-10 12:00:00,GBPUSD,1893352.4886671887,-1132.730887676624,equity_%,-1.2477733026235283e-06,2676.048050241939,1.0563273410372124e-06,2.112654682074425e-08,"Method: equity_%, ATR: 1893352.49, Risk: 2676.05"
2024-01-10 13:00:00,GBPUSD,2777041.5593141047,-1304.6255290626104,equity_%,-7.384395199808023e-07,2675.365873987915,7.201908784159411e-07,1.4403817568318823e-08,"Method: equity_%, ATR: 2777041.56, Risk: 2675.37"
2024-01-10 14:00:00,GBPUSD,612581.2744047926,-1285.648350483662,equity_%,-3.3931957759252463e-06,2672.3591942738963,3.264872896977265e-06,6.52974579395453e-08,"Method: equity_%, ATR: 612581.27, Risk: 2672.36"
2024-01-10 15:00:00,GBPUSD,1298951.65644931,-1340.2713416273082,equity_%,-1.538189634541814e-06,2677.907674576319,1.5397031830014432e-06,3.0794063660028866e-08,"Method: equity_%, ATR: 1298951.66, Risk: 2677.91"
2024-01-10 16:00:00,GBPUSD,7045162.527199903,-1059.4461787442249,equity_%,-3.5900168938984205e-07,2679.57802554452,2.8388273404317035e-07,5.677654680863407e-09,"Method: equity_%, ATR: 7045162.53, Risk: 2679.58"
2024-01-10 17:00:00,GBPUSD,1082975.1411015172,-1051.3447598454995,equity_%,-2.353927097149257e-06,2680.134878367339,1.8467644584766344e-06,3.693528916953269e-08,"Method: equity_%, ATR: 1082975.14, Risk: 2680.13"
2024-01-10 18:00:00,GBPUSD,2313518.2096408606,-1157.9343424239767,equity_%,-1.0018719165022652e-06,2683.9168679777476,8.64484226519432e-07,1.7289684530388642e-08,"Method: equity_%, ATR: 2313518.21, Risk: 2683.92"
2024-01-10 19:00:00,GBPUSD,1568001.4910180217,-1101.377902223189,equity_%,-1.5548689124533661e-06,2685.199826660715,1.2755089911945838e-06,2.5510179823891675e-08,"Method: equity_%, ATR: 1568001.49, Risk: 2685.20"
2024-01-10 20:00:00,GBPUSD,1542162.3212962733,-1136.1225801508467,equity_%,-1.5346648261723828e-06,2688.8638902839775,1.2968803428674673e-06,2.593760685734935e-08,"Method: equity_%, ATR: 1542162.32, Risk: 2688.86"
2024-01-10 21:00:00,GBPUSD,953524.699263237,-1047.8898606905611,equity_%,-2.694542252196416e-06,2692.3566127157314,2.097481063201977e-06,4.194962126403955e-08,"Method: equity_%, ATR: 953524.70, Risk: 2692.36"
2024-01-10 22:00:00,GBPUSD,1543844.574580828,-1110.891399822289,equity_%,-1.5689440641312032e-06,2690.807570967961,1.2954671946449166e-06,2.5909343892898336e-08,"Method: equity_%, ATR: 1543844.57, Risk: 2690.81"
2024-01-10 23:00:00,GBPUSD,1728057.0422977633,-1040.8487536357618,equity_%,-1.4970858813933102e-06,2692.727560200787,1.157369201968379e-06,2.314738403936758e-08,"Method: equity_%, ATR: 1728057.04, Risk: 2692.73"
2024-01-11 00:00:00,GBPUSD,1650157.6987856084,-1005.0056910629446,equity_%,-1.6263561594419688e-06,2697.178131514726,1.2120053746813707e-06,2.4240107493627414e-08,"Method: equity_%, ATR: 1650157.70, Risk: 2697.18"
2024-01-11 01:00:00,GBPUSD,1017126.2290836865,-966.7455258829842,equity_%,-2.7419655366544194e-06,2696.1808301340307,1.9663242799291187e-06,3.932648559858238e-08,"Method: equity_%, ATR: 1017126.23, Risk: 2696.18"
2024-01-11 02:00:00,GBPUSD,584941.796802151,-1021.0573969490304,equity_%,-4.51262753886197e-06,2695.208080949926,3.419143598446726e-06,6.838287196893452e-08,"Method: equity_%, ATR: 584941.80, Risk: 2695.21"
2024-01-11 03:00:00,GBPUSD,5401269.42539623,-1308.6338807253255,equity_%,-3.812203378337578e-07,2694.573678810922,3.7028332461924593e-07,7.405666492384918e-09,"Method: equity_%, ATR: 5401269.43, Risk: 2694.57"
2024-01-11 04:00:00,GBPUSD,2441919.268143515,-1217.1275255702183,equity_%,-9.075501733171189e-07,2697.3545159819023,8.190278958405176e-07,1.638055791681035e-08,"Method: equity_%, ATR: 2441919.27, Risk: 2697.35"
2024-01-11 05:00:00,GBPUSD,913183.3994536669,-1245.0529795869359,equity_%,-2.373803143918191e-06,2698.9232874076297,2.1901405579608065e-06,4.380281115921613e-08,"Method: equity_%, ATR: 913183.40, Risk: 2698.92"
2024-01-11 06:00:00,GBPUSD,1966502.59983536,-1294.7833042758743,equity_%,-1.0588552818282608e-06,2696.0517427459504,1.017033997395907e-06,2.034067994791814e-08,"Method: equity_%, ATR: 1966502.60, Risk: 2696.05"
2024-01-11 07:00:00,GBPUSD,2693204.0715733366,-1291.2027598236255,equity_%,-7.757742474548366e-07,2697.7336349929847,7.426098976716699e-07,1.4852197953433397e-08,"Method: equity_%, ATR: 2693204.07, Risk: 2697.73"
2024-01-11 08:00:00,GBPUSD,709985.3906583076,-1333.2336470332602,equity_%,-2.8505145191632032e-06,2698.229805127242,2.8169593717211202e-06,5.633918743442241e-08,"Method: equity_%, ATR: 709985.39, Risk: 2698.23"
2024-01-11 09:00:00,GBPUSD,2528055.961485916,-1126.6134586263856,equity_%,-9.476372232253487e-07,2699.0052533899416,7.911217277106713e-07,1.582243455421343e-08,"Method: equity_%, ATR: 2528055.96, Risk: 2699.01"
2024-01-11 10:00:00,GBPUSD,1676791.453674441,-1182.8418057186057,equity_%,-1.3604717863750106e-06,2698.3312131970597,1.192754170840563e-06,2.385508341681126e-08,"Method: equity_%, ATR: 1676791.45, Risk: 2698.33"
2024-01-11 11:00:00,GBPUSD,678116.6247856595,-1196.796324599493,equity_%,-3.326929407877834e-06,2700.027729640088,2.9493451817851595e-06,5.89869036357032e-08,"Method: equity_%, ATR: 678116.62, Risk: 2700.03"
2024-01-11 12:00:00,GBPUSD,2001769.2450517484,-1310.568509123345,equity_%,-1.0303694512693348e-06,2703.128646200702,9.991161593394831e-07,1.9982323186789668e-08,"Method: equity_%, ATR: 2001769.25, Risk: 2703.13"
2024-01-11 13:00:00,GBPUSD,865458.8209520284,-1325.7333866931588,equity_%,-2.3556919219797194e-06,2702.8447134660373,2.3109129534319674e-06,4.621825906863935e-08,"Method: equity_%, ATR: 865458.82, Risk: 2702.84"
2024-01-11 14:00:00,GBPUSD,1981382.57073751,-1221.302851840514,equity_%,-1.1159615300553165e-06,2700.479801404163,1.0093961809987865e-06,2.0187923619975728e-08,"Method: equity_%, ATR: 1981382.57, Risk: 2700.48"
2024-01-11 15:00:00,GBPUSD,1060783.846737679,-1293.04450688384,equity_%,-1.969082370867917e-06,2700.8735727611297,1.8853982422062461e-06,3.7707964844124915e-08,"Method: equity_%, ATR: 1060783.85, Risk: 2700.87"
2024-01-11 16:00:00,GBPUSD,1411835.9351053936,-1324.879748518251,equity_%,-1.4452646837577043e-06,2703.3861462183336,1.4165951937260328e-06,2.8331903874520653e-08,"Method: equity_%, ATR: 1411835.94, Risk: 2703.39"
2024-01-11 17:00:00,GBPUSD,1888872.9301082094,-1377.6582997395794,equity_%,-1.0389369688184957e-06,2703.5440855266093,1.0588324752398375e-06,2.117664950479675e-08,"Method: equity_%, ATR: 1888872.93, Risk: 2703.54"
2024-01-11 18:00:00,GBPUSD,6795733.158008904,-1462.7072326913394,equity_%,-2.7178101781397426e-07,2701.548987604289,2.943023149228514e-07,5.886046298457028e-09,"Method: equity_%, ATR: 6795733.16, Risk: 2701.55"
2024-01-11 19:00:00,GBPUSD,2027533.8358245995,-1551.5915992607863,equity_%,-8.595542241566647e-07,2704.0754733021276,9.864200363327593e-07,1.9728400726655184e-08,"Method: equity_%, ATR: 2027533.84, Risk: 2704.08"
2024-01-11 20:00:00,GBPUSD,1329819.876679196,-1545.3928278881297,equity_%,-1.317655561297929e-06,2707.9061695961245,1.5039630818230561e-06,3.0079261636461114e-08,"Method: equity_%, ATR: 1329819.88, Risk: 2707.91"
2024-01-11 21:00:00,GBPUSD,2503788.4626640016,-1725.8302694180863,equity_%,-6.269092305077651e-07,2708.9462006963463,7.987895262813151e-07,1.5975790525626305e-08,"Method: equity_%, ATR: 2503788.46, Risk: 2708.95"
2024-01-11 22:00:00,GBPUSD,1332442.9831034262,-1755.0781659708753,equity_%,-1.1574455780346274e-06,2706.7346189763834,1.5010023133160641e-06,3.002004626632129e-08,"Method: equity_%, ATR: 1332442.98, Risk: 2706.73"
2024-01-11 23:00:00,GBPUSD,848507.5047324358,-1739.2259215910594,equity_%,-1.8343932526257592e-06,2707.0989578923445,2.3570799183805334e-06,4.7141598367610675e-08,"Method: equity_%, ATR: 848507.50, Risk: 2707.10"
2024-01-12 00:00:00,GBPUSD,2487588.5346761197,-1896.1661377912567,equity_%,-5.741934029815895e-07,2708.402035653995,8.039914849745827e-07,1.6079829699491657e-08,"Method: equity_%, ATR: 2487588.53, Risk: 2708.40"
2024-01-12 01:00:00,GBPUSD,615730.8315866499,-1890.1751814385198,equity_%,-2.3265952523481352e-06,2707.7826090394915,3.2481725737954156e-06,6.496345147590831e-08,"Method: equity_%, ATR: 615730.83, Risk: 2707.78"
2024-01-12 02:00:00,GBPUSD,1671931.8843139354,-1873.9340764110036,equity_%,-8.649445881866327e-07,2709.9493535020342,1.1962209817062521e-06,2.3924419634125043e-08,"Method: equity_%, ATR: 1671931.88, Risk: 2709.95"
2024-01-12 03:00:00,GBPUSD,1975915.5705811123,-1796.4996948673613,equity_%,-7.631941355705058e-07,2709.134431272235,1.0121889972311947e-06,2.0243779944623896e-08,"Method: equity_%, ATR: 1975915.57, Risk: 2709.13"
2024-01-12 04:00:00,GBPUSD,1705488.8757106506,-1883.091523486873,equity_%,-8.43876179159907e-07,2710.1856866170383,1.1726842833651621e-06,2.3453685667303238e-08,"Method: equity_%, ATR: 1705488.88, Risk: 2710.19"
2024-01-12 05:00:00,GBPUSD,1197189.3630421436,-1912.5287367794053,equity_%,-1.1839007342122183e-06,2710.7290424483617,1.670579493721743e-06,3.341158987443485e-08,"Method: equity_%, ATR: 1197189.36, Risk: 2710.73"
2024-01-12 06:00:00,GBPUSD,2566014.8521464067,-1765.15080043442,equity_%,-5.989664973739041e-07,2712.960752044662,7.794187154945929e-07,1.558837430989186e-08,"Method: equity_%, ATR: 2566014.85, Risk: 2712.96"
2024-01-12 07:00:00,GBPUSD,3820909.552296289,-1561.8131897270591,equity_%,-4.5478187989286933e-07,2713.9322136894725,5.234355780021123e-07,1.0468711560042245e-08,"Method: equity_%, ATR: 3820909.55, Risk: 2713.93"
2024-01-12 08:00:00,GBPUSD,1608954.409136527,-1659.3750249083419,equity_%,-1.016735142763205e-06,2714.5392302893138,1.2430433010673898e-06,2.4860866021347795e-08,"Method: equity_%, ATR: 1608954.41, Risk: 2714.54"
2024-01-12 09:00:00,GBPUSD,981938.6148562058,-1617.1039062623877,equity_%,-1.7091372382860801e-06,2713.9334998088457,2.0367871980397454e-06,4.073574396079491e-08,"Method: equity_%, ATR: 981938.61, Risk: 2713.93"
2024-01-12 10:00:00,GBPUSD,1162601.4527182723,-1587.4702274313447,equity_%,-1.4710717977510657e-06,2715.0030378380325,1.720279976705526e-06,3.440559953411052e-08,"Method: equity_%, ATR: 1162601.45, Risk: 2715.00"
2024-01-12 11:00:00,GBPUSD,1440842.0508651785,-1626.1613183194315,equity_%,-1.1589562099501947e-06,2715.482622835315,1.3880772002726222e-06,2.7761544005452445e-08,"Method: equity_%, ATR: 1440842.05, Risk: 2715.48"
2024-01-12 12:00:00,GBPUSD,2431237.129317269,-1704.8635948143735,equity_%,-6.549551106944101e-07,2714.741562322859,8.226264628336078e-07,1.6452529256672153e-08,"Method: equity_%, ATR: 2431237.13, Risk: 2714.74"
2024-01-12 13:00:00,GBPUSD,845809.3501149028,-1673.8236818433497,equity_%,-1.9184799146853205e-06,2716.060544371696,2.364599066832615e-06,4.7291981336652307e-08,"Method: equity_%, ATR: 845809.35, Risk: 2716.06"
2024-01-12 14:00:00,GBPUSD,1209864.9186671856,-1623.2026277513198,equity_%,-1.383904219250477e-06,2717.7884870518083,1.6530771073214068e-06,3.3061542146428136e-08,"Method: equity_%, ATR: 1209864.92, Risk: 2717.79"
2024-01-12 15:00:00,GBPUSD,1437059.469913147,-1540.5774932856561,equity_%,-1.2277473511102596e-06,2718.111672607695,1.3917308516959817e-06,2.7834617033919634e-08,"Method: equity_%, ATR: 1437059.47, Risk: 2718.11"
2024-01-12 16:00:00,GBPUSD,3363978.6399270818,-1697.6881281561116,equity_%,-4.764456654286633e-07,2720.9748110698224,5.945340961033429e-07,1.1890681922066856e-08,"Method: equity_%, ATR: 3363978.64, Risk: 2720.97"
2024-01-12 17:00:00,GBPUSD,2429508.4389844034,-1800.5850763042963,equity_%,-6.223522592187523e-07,2722.5027596886944,8.232117937553044e-07,1.6464235875106087e-08,"Method: equity_%, ATR: 2429508.44, Risk: 2722.50"
2024-01-12 18:00:00,GBPUSD,2041511.4229886238,-1773.2381704790278,equity_%,-7.516216649029796e-07,2720.9350519149775,9.796663283285215e-07,1.9593326566570432e-08,"Method: equity_%, ATR: 2041511.42, Risk: 2720.94"
2024-01-12 19:00:00,GBPUSD,1495605.056248055,-1845.5160745863925,equity_%,-9.87119119265341e-07,2724.609839904805,1.3372514298776805e-06,2.6745028597553605e-08,"Method: equity_%, ATR: 1495605.06, Risk: 2724.61"
2024-01-12 20:00:00,GBPUSD,1206697.5505080882,-1865.0253747252425,equity_%,-1.2117830261045038e-06,2727.143815767565,1.65741614305746e-06,3.31483228611492e-08,"Method: equity_%, ATR: 1206697.55, Risk: 2727.14"
2024-01-12 21:00:00,GBPUSD,2070690.6509926966,-1711.4097687830879,equity_%,-7.704010716644002e-07,2730.147478190088,9.658613173537984e-07,1.9317226347075968e-08,"Method: equity_%, ATR: 2070690.65, Risk: 2730.15"
2024-01-12 22:00:00,GBPUSD,2123465.901221837,-1677.9761469730363,equity_%,-7.667281904337055e-07,2731.9484841038134,9.418564239007583e-07,1.8837128478015165e-08,"Method: equity_%, ATR: 2123465.90, Risk: 2731.95"
2024-01-12 23:00:00,GBPUSD,2998479.7665351336,-1535.9109586285117,equity_%,-5.924076637291914e-07,2728.27302982276,6.670046676056388e-07,1.3340093352112776e-08,"Method: equity_%, ATR: 2998479.77, Risk: 2728.27"
2024-01-13 00:00:00,GBPUSD,2340762.28231844,-1623.5262836600582,equity_%,-7.18750127406875e-07,2731.4582670052732,8.544225165910795e-07,1.708845033182159e-08,"Method: equity_%, ATR: 2340762.28, Risk: 2731.46"
2024-01-13 01:00:00,GBPUSD,918441.7244897304,-1607.9820966840234,equity_%,-1.85029104088296e-06,2732.5798423719134,2.1776014162587874e-06,4.355202832517575e-08,"Method: equity_%, ATR: 918441.72, Risk: 2732.58"
2024-01-13 02:00:00,GBPUSD,2163503.6410568273,-1541.7846052093873,equity_%,-8.197145578231839e-07,2734.286280735575,9.244264544075558e-07,1.8488529088151116e-08,"Method: equity_%, ATR: 2163503.64, Risk: 2734.29"
2024-01-13 03:00:00,GBPUSD,510212.76904933073,-1542.6526640121267,equity_%,-3.476601194821796e-06,2736.3670488311222,3.91993325397669e-06,7.839866507953379e-08,"Method: equity_%, ATR: 510212.77, Risk: 2736.37"
2024-01-13 04:00:00,GBPUSD,1402645.4293362985,-1604.6012791659489,equity_%,-1.2179570189830442e-06,2741.2396030564114,1.4258771020601812e-06,2.8517542041203624e-08,"Method: equity_%, ATR: 1402645.43, Risk: 2741.24"
2024-01-13 05:00:00,GBPUSD,2219321.497694723,-1460.9577665306037,equity_%,-8.454237991683163e-07,2741.147155687479,9.011763289264134e-07,1.802352657852827e-08,"Method: equity_%, ATR: 2219321.50, Risk: 2741.15"
2024-01-13 06:00:00,GBPUSD,2239697.178100871,-1365.4138302108367,equity_%,-8.963389839844781e-07,2741.1063497070004,8.929778630590945e-07,1.785955726118189e-08,"Method: equity_%, ATR: 2239697.18, Risk: 2741.11"
2024-01-13 07:00:00,GBPUSD,766772.7160386266,-1368.346658681942,equity_%,-2.6118717624437383e-06,2740.4042806635807,2.6083348535568507e-06,5.216669707113702e-08,"Method: equity_%, ATR: 766772.72, Risk: 2740.40"
2024-01-13 08:00:00,GBPUSD,599626.9750951047,-1386.1059105390873,equity_%,-3.295766046483084e-06,2739.2643955607905,3.33540698312111e-06,6.67081396624222e-08,"Method: equity_%, ATR: 599626.98, Risk: 2739.26"
2024-01-13 09:00:00,GBPUSD,958320.9447942681,-1387.304476659135,equity_%,-2.0595686167332678e-06,2738.161333093621,2.08698350053213e-06,4.1739670010642594e-08,"Method: equity_%, ATR: 958320.94, Risk: 2738.16"
2024-01-13 10:00:00,GBPUSD,2842796.9640683364,-1250.9136447644594,equity_%,-7.692311224778055e-07,2735.4578036010803,7.035324806094464e-07,1.407064961218893e-08,"Method: equity_%, ATR: 2842796.96, Risk: 2735.46"
2024-01-13 11:00:00,GBPUSD,2927187.3765251064,-1029.4546525736812,equity_%,-9.083776007332061e-07,2737.311115222265,6.832497352370453e-07,1.3664994704740907e-08,"Method: equity_%, ATR: 2927187.38, Risk: 2737.31"
2024-01-13 12:00:00,GBPUSD,1972919.3203900445,-1026.0275714603263,equity_%,-1.354704285748341e-06,2742.286728351789,1.0137261971790117e-06,2.0274523943580236e-08,"Method: equity_%, ATR: 1972919.32, Risk: 2742.29"
2024-01-13 13:00:00,GBPUSD,3598861.7962166313,-1090.74051428118,equity_%,-6.998962712132206e-07,2747.3898769954294,5.557312598395793e-07,1.1114625196791585e-08,"Method: equity_%, ATR: 3598861.80, Risk: 2747.39"
2024-01-13 14:00:00,GBPUSD,3917806.6747245044,-1170.1864045391499,equity_%,-5.991158760170399e-07,2746.6851407473455,5.104897117315362e-07,1.0209794234630721e-08,"Method: equity_%, ATR: 3917806.67, Risk: 2746.69"
2024-01-13 15:00:00,GBPUSD,1381525.412773235,-1110.442710360297,equity_%,-1.7907125962895483e-06,2747.140831992067,1.4476751433658082e-06,2.8953502867316166e-08,"Method: equity_%, ATR: 1381525.41, Risk: 2747.14"
2024-01-13 16:00:00,GBPUSD,1774334.9715957516,-1236.0376980944377,equity_%,-1.2541841165488212e-06,2750.6075163529686,1.1271828781018141e-06,2.254365756203628e-08,"Method: equity_%, ATR: 1774334.97, Risk: 2750.61"
2024-01-13 17:00:00,GBPUSD,1626595.9476186368,-1171.0165603707105,equity_%,-1.445041168357311e-06,2752.4722102813844,1.2295616516984646e-06,2.4591233033969297e-08,"Method: equity_%, ATR: 1626595.95, Risk: 2752.47"
2024-01-13 18:00:00,GBPUSD,3675802.8381997836,-1334.4036642205035,equity_%,-5.614145892294462e-07,2753.741241624574,5.440988235863857e-07,1.0881976471727716e-08,"Method: equity_%, ATR: 3675802.84, Risk: 2753.74"
2024-01-13 19:00:00,GBPUSD,1344923.806741167,-1326.1142681881063,equity_%,-1.5442628513073125e-06,2754.2277724668884,1.4870730891782803e-06,2.974146178356561e-08,"Method: equity_%, ATR: 1344923.81, Risk: 2754.23"
2024-01-13 20:00:00,GBPUSD,1139089.083254778,-1278.5889317136225,equity_%,-1.8933904374009808e-06,2757.584375356775,1.7557889276625288e-06,3.511577855325058e-08,"Method: equity_%, ATR: 1139089.08, Risk: 2757.58"
2024-01-13 21:00:00,GBPUSD,798604.6353220331,-1291.276755179844,equity_%,-2.6729886317505945e-06,2756.438273439362,2.5043681335427144e-06,5.008736267085428e-08,"Method: equity_%, ATR: 798604.64, Risk: 2756.44"
2024-01-13 22:00:00,GBPUSD,4023330.6917373193,-1004.6582484852215,equity_%,-6.824222265002975e-07,2758.4000235702542,4.971005749309605e-07,9.94201149861921e-09,"Method: equity_%, ATR: 4023330.69, Risk: 2758.40"
2024-01-13 23:00:00,GBPUSD,1688983.0700630841,-1044.363506177311,equity_%,-1.5647546202283859e-06,2760.0898912552993,1.1841444922981372e-06,2.3682889845962743e-08,"Method: equity_%, ATR: 1688983.07, Risk: 2760.09"
2024-01-14 00:00:00,GBPUSD,6096752.876571743,-1340.4409108682353,equity_%,-3.378686711271004e-07,2761.1766351686665,3.280434750251215e-07,6.56086950050243e-09,"Method: equity_%, ATR: 6096752.88, Risk: 2761.18"
2024-01-14 01:00:00,GBPUSD,2853006.715259246,-1302.305957134637,equity_%,-7.43846396894332e-07,2763.7520944835333,7.010148238709156e-07,1.4020296477418314e-08,"Method: equity_%, ATR: 2853006.72, Risk: 2763.75"
2024-01-14 02:00:00,GBPUSD,939415.0715602154,-1235.3910350840126,equity_%,-2.382345940930731e-06,2764.819569073399,2.128984365428932e-06,4.257968730857864e-08,"Method: equity_%, ATR: 939415.07, Risk: 2764.82"
2024-01-14 03:00:00,GBPUSD,1696632.411219332,-1283.5046011908,equity_%,-1.2696112392811278e-06,2764.7505138935244,1.1788057252558583e-06,2.3576114505117168e-08,"Method: equity_%, ATR: 1696632.41, Risk: 2764.75"
2024-01-14 04:00:00,GBPUSD,1997363.3879452972,-1349.1955454457197,equity_%,-1.0263844661729724e-06,2765.935536511489,1.0013200462522821e-06,2.0026400925045643e-08,"Method: equity_%, ATR: 1997363.39, Risk: 2765.94"
2024-01-14 05:00:00,GBPUSD,588779.6524404417,-1389.8283326025612,equity_%,-3.3774195330934295e-06,2763.751329172213,3.39685651790134e-06,6.79371303580268e-08,"Method: equity_%, ATR: 588779.65, Risk: 2763.75"
2024-01-14 06:00:00,GBPUSD,1607060.6590100692,-1451.1274321684205,equity_%,-1.1860710477968976e-06,2765.9767586346056,1.2445080954392704e-06,2.489016190878541e-08,"Method: equity_%, ATR: 1607060.66, Risk: 2765.98"
2024-01-14 07:00:00,GBPUSD,4333142.947485626,-1552.1473705902413,equity_%,-4.1166316057548255e-07,2768.713217141605,4.6155874021200514e-07,9.231174804240103e-09,"Method: equity_%, ATR: 4333142.95, Risk: 2768.71"
2024-01-14 08:00:00,GBPUSD,1301823.5677418625,-1507.9582885817083,equity_%,-1.4102216584517054e-06,2768.3999880787123,1.536306493105814e-06,3.072612986211628e-08,"Method: equity_%, ATR: 1301823.57, Risk: 2768.40"
2024-01-14 09:00:00,GBPUSD,1079788.1959862297,-1548.6877681484937,equity_%,-1.6550175326808151e-06,2767.610965635476,1.852215098696546e-06,3.704430197393092e-08,"Method: equity_%, ATR: 1079788.20, Risk: 2767.61"
2024-01-14 10:00:00,GBPUSD,1403731.179413828,-1544.1854943839978,equity_%,-1.2766858445551298e-06,2767.3714623221344,1.424774222679276e-06,2.849548445358552e-08,"Method: equity_%, ATR: 1403731.18, Risk: 2767.37"
2024-01-14 11:00:00,GBPUSD,3278228.7072795248,-1267.5962087998323,equity_%,-6.661689843081494e-07,2768.245416367374,6.100855610100867e-07,1.2201711220201735e-08,"Method: equity_%, ATR: 3278228.71, Risk: 2768.25"
2024-01-14 12:00:00,GBPUSD,3271651.638981534,-1432.236267653436,equity_%,-5.910815898616271e-07,2769.6771882834455,6.113120285088178e-07,1.2226240570176356e-08,"Method: equity_%, ATR: 3271651.64, Risk: 2769.68"
2024-01-14 13:00:00,GBPUSD,960437.9421927865,-1434.3887182925366,equity_%,-2.013519828207257e-06,2773.9081721712255,2.0823833713126514e-06,4.164766742625303e-08,"Method: equity_%, ATR: 960437.94, Risk: 2773.91"
2024-01-14 14:00:00,GBPUSD,761210.3301889624,-1425.6121208443124,equity_%,-2.5598140702196382e-06,2777.886354203448,2.6273947169155223e-06,5.2547894338310446e-08,"Method: equity_%, ATR: 761210.33, Risk: 2777.89"
2024-01-14 15:00:00,GBPUSD,739073.3944807289,-1398.994299286533,equity_%,-2.6892248022814106e-06,2780.5494395335927,2.706091187878837e-06,5.4121823757576745e-08,"Method: equity_%, ATR: 739073.39, Risk: 2780.55"
2024-01-14 16:00:00,GBPUSD,2882063.356332012,-1648.9679411091947,equity_%,-5.853409549876032e-07,2781.791960858291,6.939472706614578e-07,1.3878945413229156e-08,"Method: equity_%, ATR: 2882063.36, Risk: 2781.79"
2024-01-14 17:00:00,GBPUSD,841021.7358593263,-1620.397500757464,equity_%,-2.0406218819423534e-06,2780.938112686092,2.378059822623337e-06,4.756119645246673e-08,"Method: equity_%, ATR: 841021.74, Risk: 2780.94"
2024-01-14 18:00:00,GBPUSD,874467.809493783,-1575.6228382040304,equity_%,-2.021508061299142e-06,2785.297387152935,2.287105343715021e-06,4.574210687430041e-08,"Method: equity_%, ATR: 874467.81, Risk: 2785.30"
2024-01-14 19:00:00,GBPUSD,1542258.0295805666,-1630.4916991821788,equity_%,-1.1078338468482611e-06,2785.80210289157,1.2967998620463794e-06,2.5935997240927594e-08,"Method: equity_%, ATR: 1542258.03, Risk: 2785.80"
2024-01-14 20:00:00,GBPUSD,1292373.175984469,-1569.9977906533236,equity_%,-1.3737472707701296e-06,2787.3648511594406,1.5475406308061865e-06,3.095081261612373e-08,"Method: equity_%, ATR: 1292373.18, Risk: 2787.36"
2024-01-14 21:00:00,GBPUSD,1547725.3661069698,-1490.1417127854847,equity_%,-1.2095491109892734e-06,2789.619555936529,1.2922189193232953e-06,2.5844378386465904e-08,"Method: equity_%, ATR: 1547725.37, Risk: 2789.62"
2024-01-14 22:00:00,GBPUSD,4106899.4022235484,-1375.4602669796234,equity_%,-4.940349689359674e-07,2790.7427476472744,4.869853882754383e-07,9.739707765508765e-09,"Method: equity_%, ATR: 4106899.40, Risk: 2790.74"
2024-01-14 23:00:00,GBPUSD,2998409.4869949445,-1314.849880874302,equity_%,-7.087062663649194e-07,2794.044942338172,6.670203014880509e-07,1.334040602976102e-08,"Method: equity_%, ATR: 2998409.49, Risk: 2794.04"
2024-01-15 00:00:00,GBPUSD,3463418.984253606,-1452.1036110828181,equity_%,-5.55939652827834e-07,2795.9557262263775,5.774640634277794e-07,1.154928126855559e-08,"Method: equity_%, ATR: 3463418.98, Risk: 2795.96"
2024-01-15 01:00:00,GBPUSD,1530402.7328865163,-1478.5524602151224,equity_%,-1.2369439828266396e-06,2798.9330032706557,1.3068455492285804e-06,2.6136910984571608e-08,"Method: equity_%, ATR: 1530402.73, Risk: 2798.93"
2024-01-15 02:00:00,GBPUSD,343768.3932288019,-1489.7237270556338,equity_%,-5.46908550000229e-06,2800.8276943892683,5.817870518040501e-06,1.1635741036081e-07,"Method: equity_%, ATR: 343768.39, Risk: 2800.83"
2024-01-15 03:00:00,GBPUSD,6453871.9332093755,-1692.4193729433823,equity_%,-2.56508253138959e-07,2801.751895064831,3.098914916034663e-07,6.197829832069326e-09,"Method: equity_%, ATR: 6453871.93, Risk: 2801.75"
2024-01-15 04:00:00,GBPUSD,792077.0408151794,-1702.3554011779067,equity_%,-2.078691244754959e-06,2802.900266287875,2.5250069083452625e-06,5.0500138166905255e-08,"Method: equity_%, ATR: 792077.04, Risk: 2802.90"
2024-01-15 05:00:00,GBPUSD,1560611.8019286804,-1769.2334518919645,equity_%,-1.01546100722023e-06,2803.7757853312273,1.281548683361424e-06,2.563097366722848e-08,"Method: equity_%, ATR: 1560611.80, Risk: 2803.78"
2024-01-15 06:00:00,GBPUSD,1985037.9468892675,-1825.2633109962276,equity_%,-7.734031010734925e-07,2802.2072136943684,1.0075374141507872e-06,2.0150748283015742e-08,"Method: equity_%, ATR: 1985037.95, Risk: 2802.21"
2024-01-15 07:00:00,GBPUSD,1510849.6149095776,-1760.5591431787518,equity_%,-1.053108515898354e-06,2801.205574772401,1.3237584867900288e-06,2.6475169735800572e-08,"Method: equity_%, ATR: 1510849.61, Risk: 2801.21"
2024-01-15 08:00:00,GBPUSD,727260.285180937,-1712.3506393738053,equity_%,-2.2513701548999603e-06,2803.6866698440485,2.7500470474644638e-06,5.500094094928928e-08,"Method: equity_%, ATR: 727260.29, Risk: 2803.69"
2024-01-15 09:00:00,GBPUSD,1166992.1657553732,-1740.736912945648,equity_%,-1.3794090743289518e-06,2802.1679272941165,1.7138075633142198e-06,3.4276151266284395e-08,"Method: equity_%, ATR: 1166992.17, Risk: 2802.17"
2024-01-15 10:00:00,GBPUSD,1715149.641079704,-1662.209255723432,equity_%,-9.829606486309264e-07,2802.3594807133663,1.1660790126399584e-06,2.3321580252799164e-08,"Method: equity_%, ATR: 1715149.64, Risk: 2802.36"
2024-01-15 11:00:00,GBPUSD,2356881.26172784,-1629.342327178808,equity_%,-7.294629924554554e-07,2801.2592735744324,8.485790236771584e-07,1.697158047354317e-08,"Method: equity_%, ATR: 2356881.26, Risk: 2801.26"
2024-01-15 12:00:00,GBPUSD,1576182.7403235065,-1668.8220162476334,equity_%,-1.0650005425789932e-06,2801.343835678355,1.2688884028697755e-06,2.5377768057395508e-08,"Method: equity_%, ATR: 1576182.74, Risk: 2801.34"
2024-01-15 13:00:00,GBPUSD,1742438.9886571385,-1750.6777355740605,equity_%,-9.18564173890581e-07,2802.0332970701475,1.1478163729229673e-06,2.2956327458459344e-08,"Method: equity_%, ATR: 1742438.99, Risk: 2802.03"
2024-01-15 14:00:00,GBPUSD,1385992.9566446089,-1765.1867865689862,equity_%,-1.1453828230190927e-06,2802.220829553414,1.443008776063234e-06,2.8860175521264676e-08,"Method: equity_%, ATR: 1385992.96, Risk: 2802.22"
2024-01-15 15:00:00,GBPUSD,991938.5974168609,-1790.1443574899752,equity_%,-1.5770361844359086e-06,2800.364100698914,2.0162538338645803e-06,4.0325076677291604e-08,"Method: equity_%, ATR: 991938.60, Risk: 2800.36"
2024-01-15 16:00:00,GBPUSD,770043.2301283309,-1783.3229560032025,equity_%,-2.039702942570828e-06,2800.9930396942214,2.5972567795533913e-06,5.1945135591067836e-08,"Method: equity_%, ATR: 770043.23, Risk: 2800.99"
2024-01-15 17:00:00,GBPUSD,1628589.328816163,-1778.2699721208705,equity_%,-9.668529409694031e-07,2800.0752473713255,1.2280566774030255e-06,2.4561133548060512e-08,"Method: equity_%, ATR: 1628589.33, Risk: 2800.08"
2024-01-15 18:00:00,GBPUSD,1247986.9663957835,-1818.3336076412627,equity_%,-1.2337970417392466e-06,2799.8021329518733,1.6025808392663334e-06,3.205161678532666e-08,"Method: equity_%, ATR: 1247986.97, Risk: 2799.80"
2024-01-15 19:00:00,GBPUSD,1227703.1654985764,-1928.3780847887012,equity_%,-1.183658595277384e-06,2802.2831732584737,1.629058274186163e-06,3.258116548372326e-08,"Method: equity_%, ATR: 1227703.17, Risk: 2802.28"
2024-01-15 20:00:00,GBPUSD,867865.9857964317,-1997.8735238156623,equity_%,-1.6178648367728089e-06,2805.1939592513877,2.3045032674769717e-06,4.609006534953943e-08,"Method: equity_%, ATR: 867865.99, Risk: 2805.19"
2024-01-15 21:00:00,GBPUSD,1515702.8846724462,-1899.3071423371766,equity_%,-9.738732525276717e-07,2803.572017579942,1.3195198216121455e-06,2.639039643224291e-08,"Method: equity_%, ATR: 1515702.88, Risk: 2803.57"
2024-01-15 22:00:00,GBPUSD,732641.6160538793,-1926.523376430255,equity_%,-1.989235865629545e-06,2807.709349374098,2.729847658357586e-06,5.459695316715172e-08,"Method: equity_%, ATR: 732641.62, Risk: 2807.71"
2024-01-15 23:00:00,GBPUSD,3102416.3288166393,-1844.1318318637832,equity_%,-4.907462457486396e-07,2807.6891762206606,6.446588039854935e-07,1.2893176079709872e-08,"Method: equity_%, ATR: 3102416.33, Risk: 2807.69"
2024-01-16 00:00:00,GBPUSD,1322288.5161664977,-1914.3227731497116,equity_%,-1.109114507645953e-06,2807.487155979397,1.5125292064082085e-06,3.025058412816417e-08,"Method: equity_%, ATR: 1322288.52, Risk: 2807.49"
2024-01-16 01:00:00,GBPUSD,2310532.6405254393,-2013.24176047572,equity_%,-6.033767221146096e-07,2806.7038464047155,8.65601275186997e-07,1.731202550373994e-08,"Method: equity_%, ATR: 2310532.64, Risk: 2806.70"
2024-01-16 02:00:00,GBPUSD,4868269.490387083,-2207.3960994862073,equity_%,-2.612845387025725e-07,2807.8156705546885,4.1082360044964914e-07,8.216472008992982e-09,"Method: equity_%, ATR: 4868269.49, Risk: 2807.82"
2024-01-16 03:00:00,GBPUSD,2429644.5389532847,-2230.24613351918,equity_%,-5.190868658054595e-07,2812.778771054787,8.231656803845142e-07,1.646331360769029e-08,"Method: equity_%, ATR: 2429644.54, Risk: 2812.78"
2024-01-16 04:00:00,GBPUSD,2873119.898694763,-2400.7260787098407,equity_%,-4.0749102597269623e-07,2810.6994522168807,6.961073921448893e-07,1.3922147842897785e-08,"Method: equity_%, ATR: 2873119.90, Risk: 2810.70"
2024-01-16 05:00:00,GBPUSD,1333768.5738310802,-2328.466423402295,equity_%,-9.040294083617829e-07,2807.5856796900375,1.4995105142230596e-06,2.999021028446119e-08,"Method: equity_%, ATR: 1333768.57, Risk: 2807.59"
2024-01-16 06:00:00,GBPUSD,1639941.3617305346,-2371.926634511191,equity_%,-7.221728180488348e-07,2809.1227007415314,1.2195558003912508e-06,2.439111600782502e-08,"Method: equity_%, ATR: 1639941.36, Risk: 2809.12"
2024-01-16 07:00:00,GBPUSD,1888907.8311533558,-2347.7906687835866,equity_%,-6.339150855677214e-07,2811.2613790873825,1.058812911363077e-06,2.117625822726154e-08,"Method: equity_%, ATR: 1888907.83, Risk: 2811.26"
2024-01-16 08:00:00,GBPUSD,1046315.1932947312,-2341.957569774895,equity_%,-1.1477053245500218e-06,2812.366723507013,1.9114699020112864e-06,3.8229398040225726e-08,"Method: equity_%, ATR: 1046315.19, Risk: 2812.37"
2024-01-16 09:00:00,GBPUSD,2764402.7292689043,-2169.2576068799085,equity_%,-4.6935106784118086e-07,2814.558322457846,7.234835861014129e-07,1.4469671722028258e-08,"Method: equity_%, ATR: 2764402.73, Risk: 2814.56"
2024-01-16 10:00:00,GBPUSD,2789229.0027323635,-2179.4527029835235,equity_%,-4.6278979829147175e-07,2813.2958004710654,7.170440283106102e-07,1.4340880566212202e-08,"Method: equity_%, ATR: 2789229.00, Risk: 2813.30"
2024-01-16 11:00:00,GBPUSD,1055657.9730229941,-2109.878531588473,equity_%,-1.2626917412739641e-06,2812.4060609264743,1.8945530191684884e-06,3.789106038336977e-08,"Method: equity_%, ATR: 1055657.97, Risk: 2812.41"
2024-01-16 12:00:00,GBPUSD,3682920.2247605463,-2111.1326109354854,equity_%,-3.618785659901425e-07,2813.653976791486,5.430473314501496e-07,1.0860946629002994e-08,"Method: equity_%, ATR: 3682920.22, Risk: 2813.65"
2024-01-16 13:00:00,GBPUSD,1594219.0825796342,-2225.138268790126,equity_%,-7.944420053775089e-07,2818.1701155129435,1.25453271878026e-06,2.5090654375605195e-08,"Method: equity_%, ATR: 1594219.08, Risk: 2818.17"
2024-01-16 14:00:00,GBPUSD,1575175.5443956973,-2286.3199619079633,equity_%,-7.831194784215203e-07,2820.291476833124,1.2696997532216532e-06,2.5393995064433062e-08,"Method: equity_%, ATR: 1575175.54, Risk: 2820.29"
2024-01-16 15:00:00,GBPUSD,1312915.815715951,-2253.5597502206588,equity_%,-9.539572188755626e-07,2822.5058848126123,1.5233269156022567e-06,3.0466538312045134e-08,"Method: equity_%, ATR: 1312915.82, Risk: 2822.51"
2024-01-16 16:00:00,GBPUSD,799061.9192401755,-2271.2156327124108,equity_%,-1.5546029088641893e-06,2821.3585318214778,2.5029349438924475e-06,5.005869887784894e-08,"Method: equity_%, ATR: 799061.92, Risk: 2821.36"
2024-01-16 17:00:00,GBPUSD,624611.5388631097,-2232.968403222511,equity_%,-2.024182093658665e-06,2823.203341987142,3.2019901579793287e-06,6.403980315958658e-08,"Method: equity_%, ATR: 624611.54, Risk: 2823.20"
2024-01-16 18:00:00,GBPUSD,1202647.8882010407,-2287.4234207794266,equity_%,-1.0257633588387749e-06,2821.839043489538,1.6629971412427824e-06,3.325994282485565e-08,"Method: equity_%, ATR: 1202647.89, Risk: 2821.84"
2024-01-16 19:00:00,GBPUSD,1776880.4705983622,-2199.883827374299,equity_%,-7.230556998510043e-07,2826.3745582054585,1.1255681139466306e-06,2.2511362278932613e-08,"Method: equity_%, ATR: 1776880.47, Risk: 2826.37"
2024-01-16 20:00:00,GBPUSD,2738920.151743123,-2319.6467932164423,equity_%,-4.447040974490425e-07,2825.350703586732,7.30214788746998e-07,1.4604295774939959e-08,"Method: equity_%, ATR: 2738920.15, Risk: 2825.35"
2024-01-16 21:00:00,GBPUSD,1240285.5449531397,-2312.3808262382868,equity_%,-9.849182070645864e-07,2824.7577423497346,1.6125318948835798e-06,3.225063789767159e-08,"Method: equity_%, ATR: 1240285.54, Risk: 2824.76"
2024-01-16 22:00:00,GBPUSD,1471704.4378969057,-2269.193437550277,equity_%,-8.452589415970546e-07,2822.8115910636056,1.3589685187455431e-06,2.7179370374910865e-08,"Method: equity_%, ATR: 1471704.44, Risk: 2822.81"
2024-01-16 23:00:00,GBPUSD,1593740.238482842,-2265.6438533376313,equity_%,-7.820831559693056e-07,2823.9832237027185,1.254909646947169e-06,2.509819293894338e-08,"Method: equity_%, ATR: 1593740.24, Risk: 2823.98"
2024-01-17 00:00:00,GBPUSD,6526502.450620155,-2473.046676754965,equity_%,-1.750316224735504e-07,2825.070806998445,3.064428482379499e-07,6.128856964758998e-09,"Method: equity_%, ATR: 6526502.45, Risk: 2825.07"
2024-01-17 01:00:00,GBPUSD,2093871.463882024,-2332.45033943038,equity_%,-5.792758971251199e-07,2829.097289160798,9.551684687903494e-07,1.9103369375806986e-08,"Method: equity_%, ATR: 2093871.46, Risk: 2829.10"
2024-01-17 02:00:00,GBPUSD,2022669.4655437768,-2412.938636546359,equity_%,-5.801875359337514e-07,2831.650118998075,9.88792303473231e-07,1.977584606946462e-08,"Method: equity_%, ATR: 2022669.47, Risk: 2831.65"
2024-01-17 03:00:00,GBPUSD,1294521.5163380818,-2311.477894391947,equity_%,-9.461312191914563e-07,2831.0685855715647,1.5449723892249873e-06,3.0899447784499745e-08,"Method: equity_%, ATR: 1294521.52, Risk: 2831.07"
2024-01-17 04:00:00,GBPUSD,917501.2530760978,-2357.913477821147,equity_%,-1.3098966201570056e-06,2833.8153766443993,2.179833535152806e-06,4.3596670703056124e-08,"Method: equity_%, ATR: 917501.25, Risk: 2833.82"
2024-01-17 05:00:00,GBPUSD,492051.9638688984,-2349.550306684663,equity_%,-2.449897310772878e-06,2832.3283452997516,4.0646113558300455e-06,8.129222711660091e-08,"Method: equity_%, ATR: 492051.96, Risk: 2832.33"
2024-01-17 06:00:00,GBPUSD,5119777.617664081,-2384.2520187536034,equity_%,-2.3199219546340307e-07,2831.89163922209,3.906419671627276e-07,7.812839343254553e-09,"Method: equity_%, ATR: 5119777.62, Risk: 2831.89"
2024-01-17 07:00:00,GBPUSD,4116702.607762309,-2609.0151808650726,equity_%,-2.6377897798049166e-07,2833.1285583195686,4.858257179493294e-07,9.71651435898659e-09,"Method: equity_%, ATR: 4116702.61, Risk: 2833.13"
2024-01-17 08:00:00,GBPUSD,933605.0223865141,-2592.416251391523,equity_%,-1.1700504780391358e-06,2831.8647855625036,2.142233548495197e-06,4.284467096990394e-08,"Method: equity_%, ATR: 933605.02, Risk: 2831.86"
2024-01-17 09:00:00,GBPUSD,1669243.9641637157,-2592.026897530897,equity_%,-6.552285936966932e-07,2834.9941032633196,1.1981472109153268e-06,2.3962944218306536e-08,"Method: equity_%, ATR: 1669243.96, Risk: 2834.99"
2024-01-17 10:00:00,GBPUSD,1612443.0735747137,-2661.386399911825,equity_%,-6.619276627779763e-07,2840.5527289330157,1.2403538659917401e-06,2.4807077319834803e-08,"Method: equity_%, ATR: 1612443.07, Risk: 2840.55"
2024-01-17 11:00:00,GBPUSD,1453417.2584176622,-2705.0215187431936,equity_%,-7.226111277046754e-07,2840.9636847513902,1.3760673257570941e-06,2.7521346515141884e-08,"Method: equity_%, ATR: 1453417.26, Risk: 2840.96"
2024-01-17 12:00:00,GBPUSD,913175.0653925291,-2672.687269153194,equity_%,-1.1639038749383364e-06,2840.660310914008,2.190160546204028e-06,4.380321092408055e-08,"Method: equity_%, ATR: 913175.07, Risk: 2840.66"
2024-01-17 13:00:00,GBPUSD,4337145.019764903,-2609.8961586754895,equity_%,-2.5101829603114037e-07,2841.40113169266,4.611328398948512e-07,9.222656797897023e-09,"Method: equity_%, ATR: 4337145.02, Risk: 2841.40"
2024-01-17 14:00:00,GBPUSD,539093.9728555167,-2622.9771382440676,equity_%,-2.0093520249211494e-06,2841.2863870356355,3.7099283254944174e-06,7.419856650988835e-08,"Method: equity_%, ATR: 539093.97, Risk: 2841.29"
2024-01-17 15:00:00,GBPUSD,1348705.361657253,-2541.2241946850163,equity_%,-8.294452906247444e-07,2842.809847912023,1.4829035732033078e-06,2.9658071464066154e-08,"Method: equity_%, ATR: 1348705.36, Risk: 2842.81"
2024-01-17 16:00:00,GBPUSD,858588.4579539516,-2544.869039273057,equity_%,-1.3003072316104055e-06,2841.165038950617,2.3294047124347268e-06,4.658809424869454e-08,"Method: equity_%, ATR: 858588.46, Risk: 2841.17"
2024-01-17 17:00:00,GBPUSD,1408079.4381486839,-2564.442595461134,equity_%,-7.872750381964196e-07,2842.8020517478203,1.4203744091523433e-06,2.8407488183046865e-08,"Method: equity_%, ATR: 1408079.44, Risk: 2842.80"
2024-01-17 18:00:00,GBPUSD,781124.5160337421,-2563.1395990141386,equity_%,-1.4222973641127703e-06,2847.62589822496,2.560411251915702e-06,5.120822503831404e-08,"Method: equity_%, ATR: 781124.52, Risk: 2847.63"
2024-01-17 19:00:00,GBPUSD,3826722.98852779,-2365.398107894785,equity_%,-3.142629876824439e-07,2844.621613118479,5.226403912684143e-07,1.0452807825368287e-08,"Method: equity_%, ATR: 3826722.99, Risk: 2844.62"
2024-01-17 20:00:00,GBPUSD,562114.989361903,-2360.4836927677816,equity_%,-2.142861582982388e-06,2843.284318258599,3.5579908699291993e-06,7.115981739858399e-08,"Method: equity_%, ATR: 562114.99, Risk: 2843.28"
2024-01-17 21:00:00,GBPUSD,3349705.240138851,-2354.8260998653636,equity_%,-3.6047208654698227e-07,2843.3942035708246,5.97067460155717e-07,1.1941349203114341e-08,"Method: equity_%, ATR: 3349705.24, Risk: 2843.39"
2024-01-17 22:00:00,GBPUSD,2859969.9169887663,-2453.697653169055,equity_%,-4.05483062593942e-07,2845.4779892117763,6.993080549972287e-07,1.3986161099944576e-08,"Method: equity_%, ATR: 2859969.92, Risk: 2845.48"
2024-01-17 23:00:00,GBPUSD,1472024.1831058275,-2522.1149906804367,equity_%,-7.671841335548493e-07,2848.2587534033064,1.3586733308825097e-06,2.71734666176502e-08,"Method: equity_%, ATR: 1472024.18, Risk: 2848.26"
2024-01-18 00:00:00,GBPUSD,1482382.5675231684,-2467.6247067516906,equity_%,-7.793621644386562e-07,2850.8786223883085,1.3491793844700227e-06,2.6983587689400456e-08,"Method: equity_%, ATR: 1482382.57, Risk: 2850.88"
2024-01-18 01:00:00,GBPUSD,1298287.8918357664,-2384.729164649564,equity_%,-9.200372792408261e-07,2848.4952187431186,1.5404903739585984e-06,3.080980747917196e-08,"Method: equity_%, ATR: 1298287.89, Risk: 2848.50"
2024-01-18 02:00:00,GBPUSD,2044655.472360164,-2366.9914535536755,equity_%,-5.884986886111932e-07,2848.146527089926,9.781599037276351e-07,1.9563198074552705e-08,"Method: equity_%, ATR: 2044655.47, Risk: 2848.15"
2024-01-18 03:00:00,GBPUSD,1436582.734301369,-2428.779754128453,equity_%,-8.160587984343421e-07,2847.34589327369,1.392192703034698e-06,2.7843854060693958e-08,"Method: equity_%, ATR: 1436582.73, Risk: 2847.35"
2024-01-18 04:00:00,GBPUSD,2516506.3809240656,-2557.3739920503444,equity_%,-4.425685663737115e-07,2848.21549550499,7.947526043091521e-07,1.589505208618304e-08,"Method: equity_%, ATR: 2516506.38, Risk: 2848.22"
2024-01-18 05:00:00,GBPUSD,2190747.348595887,-2631.1740814641976,equity_%,-4.942981591509699e-07,2849.252055676508,9.129304669850942e-07,1.825860933970188e-08,"Method: equity_%, ATR: 2190747.35, Risk: 2849.25"
2024-01-18 06:00:00,GBPUSD,1013001.3344363852,-2586.094018563302,equity_%,-1.086954788043124e-06,2847.513601449567,1.974331061580252e-06,3.948662123160504e-08,"Method: equity_%, ATR: 1013001.33, Risk: 2847.51"
2024-01-18 07:00:00,GBPUSD,915325.3316413111,-2577.0606968898574,equity_%,-1.2072135896553629e-06,2847.6344927393952,2.1850154593817587e-06,4.370030918763517e-08,"Method: equity_%, ATR: 915325.33, Risk: 2847.63"
2024-01-18 08:00:00,GBPUSD,1042251.3406832331,-2614.6342223057695,equity_%,-1.0457558367111416e-06,2849.795529830587,1.918922933396208e-06,3.837845866792416e-08,"Method: equity_%, ATR: 1042251.34, Risk: 2849.80"
2024-01-18 09:00:00,GBPUSD,3933229.3217873713,-2765.9860862037667,equity_%,-2.619240189649193e-07,2849.538868161408,5.084880225318627e-07,1.0169760450637253e-08,"Method: equity_%, ATR: 3933229.32, Risk: 2849.54"
2024-01-18 10:00:00,GBPUSD,655906.154605218,-2777.9289483767616,equity_%,-1.5642390017042508e-06,2850.138401490628,3.0492166996112055e-06,6.098433399222411e-08,"Method: equity_%, ATR: 655906.15, Risk: 2850.14"
2024-01-18 11:00:00,GBPUSD,826951.7720608882,-2753.882723033796,equity_%,-1.2534566532006042e-06,2854.532181129789,2.418520725840757e-06,4.837041451681515e-08,"Method: equity_%, ATR: 826951.77, Risk: 2854.53"
2024-01-18 12:00:00,GBPUSD,798432.5747984439,-2825.425681992888,equity_%,-1.2675637897914292e-06,2859.512240156828,2.5049078195549315e-06,5.009815639109863e-08,"Method: equity_%, ATR: 798432.57, Risk: 2859.51"
2024-01-18 13:00:00,GBPUSD,3629223.266870895,-2593.9717975880803,equity_%,-3.0339476615261776e-07,2856.189517971577,5.510821057102927e-07,1.1021642114205852e-08,"Method: equity_%, ATR: 3629223.27, Risk: 2856.19"
2024-01-18 14:00:00,GBPUSD,5427214.424592303,-2782.2351415818553,equity_%,-1.8923560784074515e-07,2857.417313115574,3.6851317149685706e-07,7.370263429937141e-09,"Method: equity_%, ATR: 5427214.42, Risk: 2857.42"
2024-01-18 15:00:00,GBPUSD,3599496.7183889593,-2874.345303166605,equity_%,-2.7684099972974864e-07,2864.251378657991,5.556332333302272e-07,1.1112664666604544e-08,"Method: equity_%, ATR: 3599496.72, Risk: 2864.25"
2024-01-18 16:00:00,GBPUSD,251149.4858004835,-2886.33625399461,equity_%,-3.953927016437351e-06,2866.2090723936562,7.963384808953289e-06,1.5926769617906579e-07,"Method: equity_%, ATR: 251149.49, Risk: 2866.21"
2024-01-18 17:00:00,GBPUSD,2054525.0234468267,-2924.0418952133577,equity_%,-4.772763749781085e-07,2867.2460525115503,9.734610078609063e-07,1.9469220157218127e-08,"Method: equity_%, ATR: 2054525.02, Risk: 2867.25"
2024-01-18 18:00:00,GBPUSD,948951.0944141784,-2955.557050335875,equity_%,-1.0236006790963058e-06,2870.87142886845,2.107590171688112e-06,4.215180343376224e-08,"Method: equity_%, ATR: 948951.09, Risk: 2870.87"
2024-01-18 19:00:00,GBPUSD,4121991.5562847247,-2710.12537771377,equity_%,-2.571191766706848e-07,2872.3076144813735,4.85202352477078e-07,9.70404704954156e-09,"Method: equity_%, ATR: 4121991.56, Risk: 2872.31"
2024-01-18 20:00:00,GBPUSD,1003883.7902770092,-2677.27221239721,equity_%,-1.069597718591093e-06,2874.725888772396,1.9922624703882553e-06,3.9845249407765116e-08,"Method: equity_%, ATR: 1003883.79, Risk: 2874.73"
2024-01-18 21:00:00,GBPUSD,2223939.84229951,-2707.1733695731814,equity_%,-4.775785990321075e-07,2875.305279782412,8.993049011307965e-07,1.798609802261593e-08,"Method: equity_%, ATR: 2223939.84, Risk: 2875.31"
2024-01-18 22:00:00,GBPUSD,1247238.8128857801,-2700.7525934913147,equity_%,-8.5400814219678e-07,2876.7123005032417,1.603542143923929e-06,3.207084287847858e-08,"Method: equity_%, ATR: 1247238.81, Risk: 2876.71"
2024-01-18 23:00:00,GBPUSD,916617.3090623624,-2697.860076696458,equity_%,-1.1640419984485313e-06,2878.565561883326,2.181935667400679e-06,4.363871334801358e-08,"Method: equity_%, ATR: 916617.31, Risk: 2878.57"
2024-01-19 00:00:00,GBPUSD,5418105.498331738,-2806.4529705880086,equity_%,-1.894884541076903e-07,2881.296679414674,3.6913271633706837e-07,7.382654326741368e-09,"Method: equity_%, ATR: 5418105.50, Risk: 2881.30"
2024-01-19 01:00:00,GBPUSD,2254271.8316529454,-2807.3769414184653,equity_%,-4.553040870206205e-07,2881.433238050495,8.872044497550678e-07,1.7744088995101356e-08,"Method: equity_%, ATR: 2254271.83, Risk: 2881.43"
2024-01-19 02:00:00,GBPUSD,5035596.774479191,-2694.075688472099,equity_%,-2.124027872607555e-07,2881.5154398749137,3.971723888092393e-07,7.943447776184786e-09,"Method: equity_%, ATR: 5035596.77, Risk: 2881.52"
2024-01-19 03:00:00,GBPUSD,2771867.4556744234,-2562.7146720435335,equity_%,-4.052450605563861e-07,2878.6604750198453,7.215352220055486e-07,1.443070444011097e-08,"Method: equity_%, ATR: 2771867.46, Risk: 2878.66"
2024-01-19 04:00:00,GBPUSD,1636656.4184327172,-2628.4208036698947,equity_%,-6.69224882161268e-07,2878.886172908146,1.222003578439038e-06,2.444007156878076e-08,"Method: equity_%, ATR: 1636656.42, Risk: 2878.89"
2024-01-19 05:00:00,GBPUSD,721665.6176536344,-2655.19358864475,equity_%,-1.503939835066197e-06,2881.7922436383415,2.771366615057316e-06,5.542733230114633e-08,"Method: equity_%, ATR: 721665.62, Risk: 2881.79"
2024-01-19 06:00:00,GBPUSD,822600.1384461052,-2632.4065811887563,equity_%,-1.3317145550666342e-06,2883.7186925503415,2.4313149324020386e-06,4.862629864804077e-08,"Method: equity_%, ATR: 822600.14, Risk: 2883.72"
2024-01-19 07:00:00,GBPUSD,1769694.038636044,-2569.1453679895567,equity_%,-6.340395902854753e-07,2882.72518874553,1.1301388580940578e-06,2.260277716188116e-08,"Method: equity_%, ATR: 1769694.04, Risk: 2882.73"
2024-01-19 08:00:00,GBPUSD,6116588.042586372,-2824.2116850948732,equity_%,-1.667145730089252e-07,2879.9174637952815,3.2697967985993525e-07,6.539593597198706e-09,"Method: equity_%, ATR: 6116588.04, Risk: 2879.92"
2024-01-19 09:00:00,GBPUSD,1768642.4308187815,-2888.533238816472,equity_%,-5.638589333331822e-07,2880.6326223251062,1.1308108214242678e-06,2.261621642848536e-08,"Method: equity_%, ATR: 1768642.43, Risk: 2880.63"
2024-01-19 10:00:00,GBPUSD,2234769.681017201,-2988.236546332451,equity_%,-4.3178666593869097e-07,2883.480178030394,8.949468112927233e-07,1.7898936225854466e-08,"Method: equity_%, ATR: 2234769.68, Risk: 2883.48"
2024-01-19 11:00:00,GBPUSD,2148649.0861069025,-2912.788333230327,equity_%,-4.6073256242227806e-07,2883.5223813667744,9.308174205513303e-07,1.8616348411026607e-08,"Method: equity_%, ATR: 2148649.09, Risk: 2883.52"
2024-01-19 12:00:00,GBPUSD,1824187.1520681889,-2825.7340697662707,equity_%,-5.590336092300604e-07,2881.6325363584824,1.0963787338006857e-06,2.1927574676013712e-08,"Method: equity_%, ATR: 1824187.15, Risk: 2881.63"
2024-01-19 13:00:00,GBPUSD,2667491.628271814,-2994.104732346034,equity_%,-3.607792621254717e-07,2881.4535220138728,7.497680513043405e-07,1.499536102608681e-08,"Method: equity_%, ATR: 2667491.63, Risk: 2881.45"
2024-01-19 14:00:00,GBPUSD,1951502.7633089584,-2930.2873423859987,equity_%,-5.041748828718781e-07,2883.1058397417046,1.0248512262461825e-06,2.049702452492365e-08,"Method: equity_%, ATR: 1951502.76, Risk: 2883.11"
2024-01-19 15:00:00,GBPUSD,1603997.3258157533,-2974.229961818789,equity_%,-6.050719579556725e-07,2886.5907143147556,1.2468848718203753e-06,2.4937697436407505e-08,"Method: equity_%, ATR: 1603997.33, Risk: 2886.59"
2024-01-19 16:00:00,GBPUSD,2333927.095811373,-2815.1340484322805,equity_%,-4.3941213881783796e-07,2887.077324258507,8.569247958041783e-07,1.7138495916083566e-08,"Method: equity_%, ATR: 2333927.10, Risk: 2887.08"
2024-01-19 17:00:00,GBPUSD,1359506.171539747,-2895.5716112260325,equity_%,-7.341933831612786e-07,2890.1871090836107,1.4711224133207458e-06,2.9422448266414915e-08,"Method: equity_%, ATR: 1359506.17, Risk: 2890.19"
2024-01-19 18:00:00,GBPUSD,2245398.819242291,-2819.663910645247,equity_%,-4.569502147659165e-07,2893.0751933799093,8.907103641725881e-07,1.781420728345176e-08,"Method: equity_%, ATR: 2245398.82, Risk: 2893.08"
2024-01-19 19:00:00,GBPUSD,2037800.353595767,-2936.5512316480517,equity_%,-4.832337995874169e-07,2891.7218630651378,9.814504136634058e-07,1.9629008273268114e-08,"Method: equity_%, ATR: 2037800.35, Risk: 2891.72"
2024-01-19 20:00:00,GBPUSD,1426799.116016773,-3017.3076713651794,equity_%,-6.725113735726152e-07,2895.223279301676,1.4017390237691236e-06,2.803478047538247e-08,"Method: equity_%, ATR: 1426799.12, Risk: 2895.22"
2024-01-19 21:00:00,GBPUSD,693179.745722914,-3011.8549689717674,equity_%,-1.3875243608063234e-06,2896.8135048358304,2.8852545279063355e-06,5.770509055812671e-08,"Method: equity_%, ATR: 693179.75, Risk: 2896.81"
2024-01-19 22:00:00,GBPUSD,2714813.223390424,-3142.6166476182457,equity_%,-3.393729536069053e-07,2895.400138728342,7.366989311707705e-07,1.4733978623415413e-08,"Method: equity_%, ATR: 2714813.22, Risk: 2895.40"
2024-01-19 23:00:00,GBPUSD,2679030.545694036,-3051.2097238727574,equity_%,-3.547615648186217e-07,2899.921801408218,7.46538707150827e-07,1.493077414301654e-08,"Method: equity_%, ATR: 2679030.55, Risk: 2899.92"
2024-01-20 00:00:00,GBPUSD,1203270.3878574877,-3114.9489890405002,equity_%,-7.738989416294922e-07,2900.6706502323573,1.6621368066417296e-06,3.324273613283459e-08,"Method: equity_%, ATR: 1203270.39, Risk: 2900.67"
2024-01-20 01:00:00,GBPUSD,1287295.752539767,-3181.0711962488635,equity_%,-7.076430557881995e-07,2897.783763927736,1.5536445265620623e-06,3.1072890531241245e-08,"Method: equity_%, ATR: 1287295.75, Risk: 2897.78"
2024-01-20 02:00:00,GBPUSD,2055709.70638737,-3267.3780358780114,equity_%,-4.3136308034790065e-07,2897.3712312319276,9.72900012966679e-07,1.9458000259333577e-08,"Method: equity_%, ATR: 2055709.71, Risk: 2897.37"
2024-01-20 03:00:00,GBPUSD,1855656.0329477815,-3314.285075593388,equity_%,-4.7095687841681145e-07,2896.466322748497,1.0777859498146986e-06,2.155571899629397e-08,"Method: equity_%, ATR: 1855656.03, Risk: 2896.47"
2024-01-20 04:00:00,GBPUSD,775111.2241517422,-3267.183407130195,equity_%,-1.1436060370897693e-06,2896.1028428802674,2.580274853055751e-06,5.160549706111503e-08,"Method: equity_%, ATR: 775111.22, Risk: 2896.10"
2024-01-20 05:00:00,GBPUSD,2330506.8000646406,-3176.202639329742,equity_%,-3.912657587071955e-07,2896.212472055951,8.581824348011027e-07,1.716364869602205e-08,"Method: equity_%, ATR: 2330506.80, Risk: 2896.21"
2024-01-20 06:00:00,GBPUSD,155560.48707671836,-3181.903536711049,equity_%,-5.852169143084659e-06,2896.697693523381,1.2856735264744011e-05,2.571347052948803e-07,"Method: equity_%, ATR: 155560.49, Risk: 2896.70"
2024-01-20 07:00:00,GBPUSD,5186434.399149671,-3319.629379451704,equity_%,-1.6826978894711305e-07,2897.107688106347,3.8562138187420345e-07,7.712427637484069e-09,"Method: equity_%, ATR: 5186434.40, Risk: 2897.11"
2024-01-20 08:00:00,GBPUSD,2547564.1617298196,-3468.7315168900236,equity_%,-3.279362934747782e-07,2897.9127176543925,7.850636423782874e-07,1.5701272847565744e-08,"Method: equity_%, ATR: 2547564.16, Risk: 2897.91"
2024-01-20 09:00:00,GBPUSD,3322874.4792642603,-3625.443984641457,equity_%,-2.407331875970187e-07,2900.0875044272275,6.018885192566267e-07,1.2037770385132535e-08,"Method: equity_%, ATR: 3322874.48, Risk: 2900.09"
2024-01-20 10:00:00,GBPUSD,2179840.9436532483,-3592.913454270449,equity_%,-3.7022498595905286e-07,2899.5946317087732,9.174981348171907e-07,1.8349962696343814e-08,"Method: equity_%, ATR: 2179840.94, Risk: 2899.59"
2024-01-20 11:00:00,GBPUSD,2472431.0139107318,-3774.86805060651,equity_%,-3.110388157157729e-07,2902.9566327707807,8.089204466160327e-07,1.6178408932320654e-08,"Method: equity_%, ATR: 2472431.01, Risk: 2902.96"
2024-01-20 12:00:00,GBPUSD,2162036.1471520984,-3849.5696242711483,equity_%,-3.486168571350039e-07,2901.5062657736376,9.250539139387021e-07,1.850107827877404e-08,"Method: equity_%, ATR: 2162036.15, Risk: 2901.51"
2024-01-20 13:00:00,GBPUSD,1688699.2204421768,-3847.7655644166916,equity_%,-4.468855352925524e-07,2903.7365034852887,1.1843435324594457e-06,2.3686870649188915e-08,"Method: equity_%, ATR: 1688699.22, Risk: 2903.74"
2024-01-20 14:00:00,GBPUSD,2251039.830070927,-3878.1748896521403,equity_%,-3.3310969623076217e-07,2908.0230461406604,8.884782815846413e-07,1.7769565631692826e-08,"Method: equity_%, ATR: 2251039.83, Risk: 2908.02"
2024-01-20 15:00:00,GBPUSD,2358121.328931784,-3970.147292797415,equity_%,-3.106858234194365e-07,2908.6683330433802,8.481327807276097e-07,1.696265561455219e-08,"Method: equity_%, ATR: 2358121.33, Risk: 2908.67"
2024-01-20 16:00:00,GBPUSD,668286.6059399475,-4022.4718313060876,equity_%,-1.0825437779171928e-06,2910.0552637853566,2.9927279437046226e-06,5.985455887409245e-08,"Method: equity_%, ATR: 668286.61, Risk: 2910.06"
2024-01-20 17:00:00,GBPUSD,1543218.9053615958,-4089.4690460006514,equity_%,-4.6096406854146455e-07,2909.1193190046056,1.2959924175704514e-06,2.5919848351409023e-08,"Method: equity_%, ATR: 1543218.91, Risk: 2909.12"
2024-01-20 18:00:00,GBPUSD,1060332.5027048867,-4074.824643454727,equity_%,-6.732975257511457e-07,2909.0957555563555,1.8862007859780213e-06,3.7724015719560433e-08,"Method: equity_%, ATR: 1060332.50, Risk: 2909.10"
2024-01-20 19:00:00,GBPUSD,2244352.560627167,-4135.137098030409,equity_%,-3.139019012938577e-07,2913.2311126307845,8.911255901083185e-07,1.782251180216637e-08,"Method: equity_%, ATR: 2244352.56, Risk: 2913.23"
2024-01-20 20:00:00,GBPUSD,1751877.2440351632,-4167.733289843953,equity_%,-3.9934056551648015e-07,2915.728077219552,1.14163250125524e-06,2.2832650025104804e-08,"Method: equity_%, ATR: 1751877.24, Risk: 2915.73"
2024-01-20 21:00:00,GBPUSD,1532835.109688158,-4264.061946992981,equity_%,-4.4637680602303084e-07,2917.56516585974,1.304771783578785e-06,2.6095435671575703e-08,"Method: equity_%, ATR: 1532835.11, Risk: 2917.57"
2024-01-20 22:00:00,GBPUSD,1194253.015999302,-4188.949392266912,equity_%,-5.826272511064384e-07,2914.689216765307,1.6746869994935553e-06,3.3493739989871106e-08,"Method: equity_%, ATR: 1194253.02, Risk: 2914.69"
2024-01-20 23:00:00,GBPUSD,4066405.2383052786,-4411.86917419963,equity_%,-1.6244055242363388e-07,2914.256270963174,4.918348966207616e-07,9.83669793241523e-09,"Method: equity_%, ATR: 4066405.24, Risk: 2914.26"
2024-01-21 00:00:00,GBPUSD,1974632.7208831646,-4380.383343320337,equity_%,-3.374396461209964e-07,2918.734254583828,1.0128465809608838e-06,2.0256931619217674e-08,"Method: equity_%, ATR: 1974632.72, Risk: 2918.73"
2024-01-21 01:00:00,GBPUSD,1365302.4380051557,-4424.420016456888,equity_%,-4.834820019308221e-07,2920.555918510076,1.4648768978411856e-06,2.929753795682371e-08,"Method: equity_%, ATR: 1365302.44, Risk: 2920.56"
2024-01-21 02:00:00,GBPUSD,962460.2383065849,-4409.202357820871,equity_%,-6.887007891559283e-07,2922.6271093037644,2.078007922196277e-06,4.1560158443925534e-08,"Method: equity_%, ATR: 962460.24, Risk: 2922.63"
2024-01-21 03:00:00,GBPUSD,1888289.2954362342,-4422.235257957789,equity_%,-3.5015656561006e-07,2923.9682196116564,1.0591597404241801e-06,2.118319480848361e-08,"Method: equity_%, ATR: 1888289.30, Risk: 2923.97"
2024-01-21 04:00:00,GBPUSD,2404506.1467142384,-4317.193084935236,equity_%,-2.8165127259754516e-07,2923.7422406337896,8.317716312486883e-07,1.6635432624973766e-08,"Method: equity_%, ATR: 2404506.15, Risk: 2923.74"
2024-01-21 05:00:00,GBPUSD,2107605.405588538,-4232.327379396936,equity_%,-3.2795766573526047e-07,2925.407323814702,9.489442353377862e-07,1.8978884706755725e-08,"Method: equity_%, ATR: 2107605.41, Risk: 2925.41"
2024-01-21 06:00:00,GBPUSD,1290235.3509325804,-4157.748674777041,equity_%,-5.449456406859642e-07,2923.3468955230574,1.5501047917764794e-06,3.100209583552959e-08,"Method: equity_%, ATR: 1290235.35, Risk: 2923.35"
2024-01-21 07:00:00,GBPUSD,1154881.033090478,-4093.648720963215,equity_%,-6.17879737346663e-07,2921.1359861249794,1.7317801078159297e-06,3.463560215631859e-08,"Method: equity_%, ATR: 1154881.03, Risk: 2921.14"
2024-01-21 08:00:00,GBPUSD,3185040.2874285784,-4305.180897367482,equity_%,-2.1299797598065705e-07,2920.665436686224,6.279355422579873e-07,1.2558710845159746e-08,"Method: equity_%, ATR: 3185040.29, Risk: 2920.67"
2024-01-21 09:00:00,GBPUSD,2082525.7509353196,-4477.647937155953,equity_%,-3.133626883572613e-07,2922.0497651582905,9.603722782787896e-07,1.920744556557579e-08,"Method: equity_%, ATR: 2082525.75, Risk: 2922.05"
2024-01-21 10:00:00,GBPUSD,2448832.9664802314,-4589.559066563038,equity_%,-2.598001521681018e-07,2919.9104189082336,8.167155650777807e-07,1.6334311301555613e-08,"Method: equity_%, ATR: 2448832.97, Risk: 2919.91"
2024-01-21 11:00:00,GBPUSD,3392662.8715489917,-4823.8530575211835,equity_%,-1.7849302047578368e-07,2921.1645042922632,5.895074387650129e-07,1.1790148775300256e-08,"Method: equity_%, ATR: 3392662.87, Risk: 2921.16"
2024-01-21 12:00:00,GBPUSD,933736.1815674558,-4769.601654143583,equity_%,-6.556961579824217e-07,2920.1753857996005,2.1419326352360203e-06,4.2838652704720406e-08,"Method: equity_%, ATR: 933736.18, Risk: 2920.18"
2024-01-21 13:00:00,GBPUSD,1867836.8869840323,-4882.163059638978,equity_%,-3.201479067941746e-07,2919.455734858025,1.070757309664962e-06,2.141514619329924e-08,"Method: equity_%, ATR: 1867836.89, Risk: 2919.46"
2024-01-21 14:00:00,GBPUSD,356984.54967239744,-4902.331540261452,equity_%,-1.6702630549261248e-06,2923.0549118133554,5.602483361914088e-06,1.1204966723828175e-07,"Method: equity_%, ATR: 356984.55, Risk: 2923.05"
2024-01-21 15:00:00,GBPUSD,2082935.5693956404,-4846.050048780289,equity_%,-2.8968957776468027e-07,2924.1294999729967,9.601833246240526e-07,1.9203666492481053e-08,"Method: equity_%, ATR: 2082935.57, Risk: 2924.13"
2024-01-21 16:00:00,GBPUSD,4353200.543523781,-4998.633511653837,equity_%,-1.343435026917095e-07,2923.3218892161253,4.5943208450972544e-07,9.188641690194509e-09,"Method: equity_%, ATR: 4353200.54, Risk: 2923.32"
2024-01-21 17:00:00,GBPUSD,2635357.4232807294,-5181.002381917254,equity_%,-2.1420388733582073e-07,2924.695556161647,7.589103407120468e-07,1.5178206814240935e-08,"Method: equity_%, ATR: 2635357.42, Risk: 2924.70"
2024-01-21 18:00:00,GBPUSD,997428.1499729841,-5181.465904476959,equity_%,-5.655335085974999e-07,2922.7563195536345,2.0051569629894355e-06,4.010313925978871e-08,"Method: equity_%, ATR: 997428.15, Risk: 2922.76"
2024-01-21 19:00:00,GBPUSD,1505060.7082724036,-5140.126892667664,equity_%,-3.7803053668709935e-07,2924.5209802092345,1.3288500517003839e-06,2.657700103400768e-08,"Method: equity_%, ATR: 1505060.71, Risk: 2924.52"
2024-01-01 01:00:00,USDJPY,1225402.0550500348,4.6152064869518625,equity_%,0.0005176808684078793,2927.7356165822666,1.6321173869080358e-06,3.2642347738160716e-08,"Method: equity_%, ATR: 1225402.06, Risk: 2927.74"
2024-01-01 02:00:00,USDJPY,411115.3267412925,16.837457573750708,equity_%,0.0004232882314038103,2930.05907405231,4.864814979906026e-06,9.729629959812052e-08,"Method: equity_%, ATR: 411115.33, Risk: 2930.06"
2024-01-01 03:00:00,USDJPY,1667018.8748671557,-24.44491827248829,equity_%,-7.203348237598069e-05,2935.374502661186,1.1997464636741919e-06,2.399492927348384e-08,"Method: equity_%, ATR: 1667018.87, Risk: 2935.37"
2024-01-01 04:00:00,USDJPY,2034413.2966388634,51.424357926360855,equity_%,2.8030420935432704e-05,2932.4977205386613,9.830844122500974e-07,1.9661688245001948e-08,"Method: equity_%, ATR: 2034413.30, Risk: 2932.50"
2024-01-01 05:00:00,USDJPY,2478723.8526601642,-33.33335063504215,equity_%,-3.5507184063084785e-05,2933.751658698821,8.068668068262634e-07,1.613733613652527e-08,"Method: equity_%, ATR: 2478723.85, Risk: 2933.75"
2024-01-01 06:00:00,USDJPY,558393.5940936366,-36.3999783979591,equity_%,-0.00014425537023244627,2932.064657239172,3.58170298003924e-06,7.163405960078479e-08,"Method: equity_%, ATR: 558393.59, Risk: 2932.06"
2024-01-01 07:00:00,USDJPY,2794877.0671044383,-195.52255103563186,equity_%,-5.366742664623055e-06,2932.718214376468,7.155949803803175e-07,1.431189960760635e-08,"Method: equity_%, ATR: 2794877.07, Risk: 2932.72"
2024-01-01 08:00:00,USDJPY,2290109.5500563583,-147.5795145037245,equity_%,-8.680335659910763e-06,2933.7213023132927,8.733206671055458e-07,1.7466413342110918e-08,"Method: equity_%, ATR: 2290109.55, Risk: 2933.72"
2024-01-01 09:00:00,USDJPY,1389673.3284766611,-54.97196577813338,equity_%,-3.847575197781281e-05,2939.2809932792416,1.439187152129033e-06,2.8783743042580663e-08,"Method: equity_%, ATR: 1389673.33, Risk: 2939.28"
2024-01-01 10:00:00,USDJPY,1550925.5204673456,-25.313128780929546,equity_%,-7.489182372933778e-05,2940.1614390584564,1.289552575933713e-06,2.5791051518674255e-08,"Method: equity_%, ATR: 1550925.52, Risk: 2940.16"
2024-01-01 11:00:00,USDJPY,2020675.0049697785,-138.1458801263799,equity_%,-1.0535649001981529e-05,2941.004578617887,9.897682680693683e-07,1.9795365361387368e-08,"Method: equity_%, ATR: 2020675.00, Risk: 2941.00"
2024-01-01 12:00:00,USDJPY,2232048.4286035,-241.49761716050742,equity_%,-5.461645904277684e-06,2944.014896831267,8.960379059747e-07,1.7920758119494003e-08,"Method: equity_%, ATR: 2232048.43, Risk: 2944.01"
2024-01-01 13:00:00,USDJPY,1559896.9203810191,-246.402891833781,equity_%,-7.661789490988254e-06,2944.9092533522116,1.2821360013400638e-06,2.5642720026801277e-08,"Method: equity_%, ATR: 1559896.92, Risk: 2944.91"
2024-01-01 14:00:00,USDJPY,1875306.346570145,-301.8644118213102,equity_%,-5.210444770072043e-06,2949.571547502721,1.066492417976356e-06,2.132984835952712e-08,"Method: equity_%, ATR: 1875306.35, Risk: 2949.57"
2024-01-01 15:00:00,USDJPY,1706636.9207947582,-252.13656332739671,equity_%,-6.860034207345938e-06,2951.910916481354,1.1718954252253177e-06,2.3437908504506354e-08,"Method: equity_%, ATR: 1706636.92, Risk: 2951.91"
2024-01-01 16:00:00,USDJPY,502548.343543055,-260.71685930111295,equity_%,-2.25500244339332e-05,2954.5679226409943,3.9797166296473e-06,7.9594332592946e-08,"Method: equity_%, ATR: 502548.34, Risk: 2954.57"
2024-01-01 17:00:00,USDJPY,1321315.8791353377,-248.15766869128913,equity_%,-9.002381195258259e-06,2951.8327947681164,1.5136425979447018e-06,3.0272851958894035e-08,"Method: equity_%, ATR: 1321315.88, Risk: 2951.83"
2024-01-01 18:00:00,USDJPY,2149211.4392410973,-352.90863157709026,equity_%,-3.898351528629408e-06,2956.8032204057895,9.305738669929168e-07,1.8611477339858335e-08,"Method: equity_%, ATR: 2149211.44, Risk: 2956.80"
2024-01-01 19:00:00,USDJPY,1009806.1338237636,-373.23511405082706,equity_%,-7.844331867199633e-06,2956.490302565185,1.9805781852668464e-06,3.9611563705336935e-08,"Method: equity_%, ATR: 1009806.13, Risk: 2956.49"
2024-01-01 20:00:00,USDJPY,1201958.608056314,-419.28207941088357,equity_%,-5.868466894314937e-06,2957.4708422301687,1.6639508104477886e-06,3.327901620895577e-08,"Method: equity_%, ATR: 1201958.61, Risk: 2957.47"
2024-01-01 21:00:00,USDJPY,2998884.353829261,-301.2146369884533,equity_%,-3.2737071808972322e-06,2957.1654344198982,6.669146802697509e-07,1.3338293605395019e-08,"Method: equity_%, ATR: 2998884.35, Risk: 2957.17"
2024-01-01 22:00:00,USDJPY,1024231.020229605,-292.3994097094625,equity_%,-9.87068272481087e-06,2956.116931798643,1.9526844632685052e-06,3.905368926537011e-08,"Method: equity_%, ATR: 1024231.02, Risk: 2956.12"
2024-01-01 23:00:00,USDJPY,1380574.1403235646,-316.89253310662707,equity_%,-6.753727023126887e-06,2954.712595064294,1.44867265117052e-06,2.8973453023410402e-08,"Method: equity_%, ATR: 1380574.14, Risk: 2954.71"
2024-01-02 00:00:00,USDJPY,1539197.6931687195,-256.1608197983472,equity_%,-7.496964119492853e-06,2955.919078381692,1.2993782467816948e-06,2.59875649356339e-08,"Method: equity_%, ATR: 1539197.69, Risk: 2955.92"
2024-01-02 01:00:00,USDJPY,1838720.118574919,-295.06218383821175,equity_%,-5.4429108370047835e-06,2952.979284794811,1.0877131216414164e-06,2.1754262432828325e-08,"Method: equity_%, ATR: 1838720.12, Risk: 2952.98"
2024-01-02 02:00:00,USDJPY,2089090.3698919085,-384.93492127521597,equity_%,-3.6727511783881142e-06,2953.493680220187,9.57354468157106e-07,1.914708936314212e-08,"Method: equity_%, ATR: 2089090.37, Risk: 2953.49"
2024-01-02 03:00:00,USDJPY,1283997.4695531651,-467.2781663547562,equity_%,-4.92781357572143e-06,2956.6092175147915,1.5576354684686458e-06,3.115270936937292e-08,"Method: equity_%, ATR: 1283997.47, Risk: 2956.61"
2024-01-02 04:00:00,USDJPY,1166483.464205204,-482.7422002084876,equity_%,-5.254513203132979e-06,2958.873101990276,1.714554952017877e-06,3.429109904035754e-08,"Method: equity_%, ATR: 1166483.46, Risk: 2958.87"
2024-01-02 05:00:00,USDJPY,1981874.9417030807,-357.994989144767,equity_%,-4.172984573960188e-06,2960.7379727655884,1.0091454096903531e-06,2.0182908193807064e-08,"Method: equity_%, ATR: 1981874.94, Risk: 2960.74"
2024-01-02 06:00:00,USDJPY,5731427.477843434,-335.81129425003684,equity_%,-1.5378920951071244e-06,2959.9472036812053,3.4895320716027637e-07,6.9790641432055275e-09,"Method: equity_%, ATR: 5731427.48, Risk: 2959.95"
2024-01-02 07:00:00,USDJPY,774472.263678594,-288.5339337662898,equity_%,-1.3236171025748885e-05,2957.7750132965675,2.582403649293243e-06,5.164807298586486e-08,"Method: equity_%, ATR: 774472.26, Risk: 2957.78"
2024-01-02 08:00:00,USDJPY,2166255.8917705296,-235.07652563359346,equity_%,-5.814316215962613e-06,2960.8586015346104,9.232519609515545e-07,1.846503921903109e-08,"Method: equity_%, ATR: 2166255.89, Risk: 2960.86"
2024-01-02 09:00:00,USDJPY,1201654.0896715757,-263.68287602158347,equity_%,-9.344826547438598e-06,2960.9606819027304,1.664372482222917e-06,3.328744964445834e-08,"Method: equity_%, ATR: 1201654.09, Risk: 2960.96"
2024-01-02 10:00:00,USDJPY,1110611.0892988155,-257.0417463432234,equity_%,-1.0375027518473453e-05,2961.7945250208027,1.8008104000318423e-06,3.601620800063685e-08,"Method: equity_%, ATR: 1110611.09, Risk: 2961.79"
2024-01-02 11:00:00,USDJPY,5171877.263530383,-122.86838899293653,equity_%,-4.661817070474189e-06,2962.3993358833577,3.8670677939382825e-07,7.734135587876565e-09,"Method: equity_%, ATR: 5171877.26, Risk: 2962.40"
2024-01-02 12:00:00,USDJPY,1427466.3026721368,-61.000544885007905,equity_%,-3.404768884780909e-05,2964.7441218231193,1.4010838618439623e-06,2.8021677236879243e-08,"Method: equity_%, ATR: 1427466.30, Risk: 2964.74"
2024-01-02 13:00:00,USDJPY,1553751.0783130622,79.92721702912777,equity_%,2.391096300248937e-05,2969.430753915371,1.2872074735236477e-06,2.5744149470472953e-08,"Method: equity_%, ATR: 1553751.08, Risk: 2969.43"
2024-01-02 14:00:00,USDJPY,4715484.6571382545,-95.78833809847347,equity_%,-6.5827575998984766e-06,2973.355502218218,4.24134557827989e-07,8.48269115655978e-09,"Method: equity_%, ATR: 4715484.66, Risk: 2973.36"
2024-01-02 15:00:00,USDJPY,3925149.516778601,15.459754018989955,equity_%,4.8938706056310624e-05,2969.6910251878253,5.095347301932628e-07,1.0190694603865255e-08,"Method: equity_%, ATR: 3925149.52, Risk: 2969.69"
2024-01-02 16:00:00,USDJPY,2799045.7120746565,-135.1385485940823,equity_%,-7.851958958583756e-06,2970.0739472452474,7.145292380800731e-07,1.429058476160146e-08,"Method: equity_%, ATR: 2799045.71, Risk: 2970.07"
2024-01-02 17:00:00,USDJPY,1699163.4919842067,-276.3679746432411,equity_%,-6.321158497029773e-06,2968.3804602082105,1.177049771511092e-06,2.3540995430221842e-08,"Method: equity_%, ATR: 1699163.49, Risk: 2968.38"
2024-01-02 18:00:00,USDJPY,2804875.483316763,-195.7413645049591,equity_%,-5.4118290120654505e-06,2971.257317923371,7.130441304421121e-07,1.4260882608842242e-08,"Method: equity_%, ATR: 2804875.48, Risk: 2971.26"
2024-01-02 19:00:00,USDJPY,1827624.867806273,-97.31338208188112,equity_%,-1.6711981409561907e-05,2972.265284886619,1.094316473380356e-06,2.188632946760712e-08,"Method: equity_%, ATR: 1827624.87, Risk: 2972.27"
2024-01-02 20:00:00,USDJPY,1163138.5560089601,-140.64251798268975,equity_%,-1.818287762477326e-05,2974.47758862969,1.7194856018379578e-06,3.438971203675916e-08,"Method: equity_%, ATR: 1163138.56, Risk: 2974.48"
2024-01-02 21:00:00,USDJPY,2412639.60312741,-356.60788823502105,equity_%,-3.45746839628604e-06,2974.689339688575,8.289675745218964e-07,1.6579351490437928e-08,"Method: equity_%, ATR: 2412639.60, Risk: 2974.69"
2024-01-02 22:00:00,USDJPY,627850.1991955249,-327.31114205602955,equity_%,-1.4469957977303134e-05,2973.6105964767125,3.185473226834417e-06,6.370946453668834e-08,"Method: equity_%, ATR: 627850.20, Risk: 2973.61"
2024-01-02 23:00:00,USDJPY,1848153.2227764954,-236.76443957307043,equity_%,-6.793945506595503e-06,2972.8740350131125,1.082161357268519e-06,2.1643227145370382e-08,"Method: equity_%, ATR: 1848153.22, Risk: 2972.87"
2024-01-03 00:00:00,USDJPY,1113049.9865152251,-247.41555880438378,equity_%,-1.0787800602960107e-05,2970.808009678597,1.796864493266532e-06,3.593728986533064e-08,"Method: equity_%, ATR: 1113049.99, Risk: 2970.81"
2024-01-03 01:00:00,USDJPY,2033945.4737853012,-137.254812730854,equity_%,-1.063614804805447e-05,2969.2807415395937,9.833105291057156e-07,1.9666210582114314e-08,"Method: equity_%, ATR: 2033945.47, Risk: 2969.28"
2024-01-03 02:00:00,USDJPY,1390707.196478097,-21.24582358606557,equity_%,-0.00010042848004477225,2967.3321554285767,1.4381172435613402e-06,2.8762344871226806e-08,"Method: equity_%, ATR: 1390707.20, Risk: 2967.33"
2024-01-03 03:00:00,USDJPY,2474242.7907613884,79.86325043043861,equity_%,1.5011359633276466e-05,2966.26075007295,8.083281105103465e-07,1.616656221020693e-08,"Method: equity_%, ATR: 2474242.79, Risk: 2966.26"
2024-01-03 04:00:00,USDJPY,5225601.440056447,-229.2190971826641,equity_%,-2.4754193277944093e-06,2965.076193744888,3.8273106415448254e-07,7.65462128308965e-09,"Method: equity_%, ATR: 5225601.44, Risk: 2965.08"
2024-01-03 05:00:00,USDJPY,1879630.2250987957,-365.3175164285093,equity_%,-4.320706616809952e-06,2966.864379954944,1.0640390717780022e-06,2.128078143556004e-08,"Method: equity_%, ATR: 1879630.23, Risk: 2966.86"
2024-01-03 06:00:00,USDJPY,2114768.917121323,-239.78327993218832,equity_%,-5.854180105357441e-06,2968.574103244254,9.457298070762508e-07,1.8914596141525016e-08,"Method: equity_%, ATR: 2114768.92, Risk: 2968.57"
2024-01-03 07:00:00,USDJPY,3563348.6198113714,-277.86585087684034,equity_%,-2.9999610385774664e-06,2970.3601116579703,5.612698092127376e-07,1.1225396184254751e-08,"Method: equity_%, ATR: 3563348.62, Risk: 2970.36"
2024-01-03 08:00:00,USDJPY,1374955.4912369524,-371.1647482244186,equity_%,-5.826976498855826e-06,2973.7101023824735,1.454592539719768e-06,2.909185079439536e-08,"Method: equity_%, ATR: 1374955.49, Risk: 2973.71"
2024-01-03 09:00:00,USDJPY,2014900.399787669,-489.3646199914344,equity_%,-3.0167243108809203e-06,2974.5534265997217,9.926048951157889e-07,1.9852097902315776e-08,"Method: equity_%, ATR: 2014900.40, Risk: 2974.55"
2024-01-03 10:00:00,USDJPY,884933.9077465516,-455.5844475520543,equity_%,-7.376664645417536e-06,2973.991797405556,2.260055787773936e-06,4.520111575547872e-08,"Method: equity_%, ATR: 884933.91, Risk: 2973.99"
2024-01-03 11:00:00,USDJPY,2278995.9915520786,-593.5985285615602,equity_%,-2.2023917179371244e-06,2979.414604557416,8.775794285789541e-07,1.7551588571579082e-08,"Method: equity_%, ATR: 2278995.99, Risk: 2979.41"
2024-01-03 12:00:00,USDJPY,969943.9708140903,-505.490725966762,equity_%,-6.082480105717564e-06,2982.225896364024,2.06197477398758e-06,4.12394954797516e-08,"Method: equity_%, ATR: 969943.97, Risk: 2982.23"
2024-01-03 13:00:00,USDJPY,2762980.1129665338,-459.41565550982386,equity_%,-2.3504279212290736e-06,2983.530535950433,7.238560967609196e-07,1.447712193521839e-08,"Method: equity_%, ATR: 2762980.11, Risk: 2983.53"
2024-01-03 14:00:00,USDJPY,4145371.7944239737,-815.7561814159441,equity_%,-8.82625120034705e-07,2984.696284858418,4.824657712705629e-07,9.649315425411259e-09,"Method: equity_%, ATR: 4145371.79, Risk: 2984.70"
2024-01-03 15:00:00,USDJPY,1075551.8660573808,-820.8891506513648,equity_%,-3.3823146811662315e-06,2986.2755919002184,1.8595105109448063e-06,3.719021021889613e-08,"Method: equity_%, ATR: 1075551.87, Risk: 2986.28"
2024-01-03 16:00:00,USDJPY,3493662.463881221,-978.4031176325901,equity_%,-8.738114901783219e-07,2986.8713893395097,5.724651481580553e-07,1.1449302963161107e-08,"Method: equity_%, ATR: 3493662.46, Risk: 2986.87"
2024-01-03 17:00:00,USDJPY,645679.5847911485,-1008.5260677324785,equity_%,-4.5887562654390986e-06,2988.1278384225175,3.0975115941553576e-06,6.195023188310714e-08,"Method: equity_%, ATR: 645679.58, Risk: 2988.13"
2024-01-03 18:00:00,USDJPY,2691787.7347459616,-1099.2782053861933,equity_%,-1.0105112400973292e-06,2990.1265977437492,7.430006364111584e-07,1.4860012728223169e-08,"Method: equity_%, ATR: 2691787.73, Risk: 2990.13"
2024-01-03 19:00:00,USDJPY,2972333.462037959,-957.544989252192,equity_%,-1.050429831424888e-06,2989.673525315818,6.728720130307028e-07,1.3457440260614056e-08,"Method: equity_%, ATR: 2972333.46, Risk: 2989.67"
2024-01-03 20:00:00,USDJPY,1121438.431712188,-871.0464645433944,equity_%,-3.0582810137670557e-06,2987.4052936121443,1.7834238094965614e-06,3.5668476189931235e-08,"Method: equity_%, ATR: 1121438.43, Risk: 2987.41"
2024-01-03 21:00:00,USDJPY,1770276.4775498076,-943.1057182668351,equity_%,-1.7874516742924e-06,2984.254008076365,1.1297670309488302e-06,2.259534061897661e-08,"Method: equity_%, ATR: 1770276.48, Risk: 2984.25"
2024-01-03 22:00:00,USDJPY,550145.569283834,-907.7900541996506,equity_%,-5.981037374831294e-06,2987.0298057142327,3.635401449481001e-06,7.270802898962001e-08,"Method: equity_%, ATR: 550145.57, Risk: 2987.03"
2024-01-03 23:00:00,USDJPY,1205134.9250508314,-916.5959081856612,equity_%,-2.7021593422384434e-06,2984.8639573887976,1.6595652141735433e-06,3.3191304283470865e-08,"Method: equity_%, ATR: 1205134.93, Risk: 2984.86"
2024-01-04 00:00:00,USDJPY,1405729.3726951503,-954.3733333639697,equity_%,-2.226308521214781e-06,2986.794645376713,1.4227489578349479e-06,2.845497915669896e-08,"Method: equity_%, ATR: 1405729.37, Risk: 2986.79"
2024-01-04 01:00:00,USDJPY,889637.0986371301,-974.961536705849,equity_%,-3.442030082085733e-06,2985.4859335866167,2.2481076869027582e-06,4.4962153738055166e-08,"Method: equity_%, ATR: 889637.10, Risk: 2985.49"
2024-01-04 02:00:00,USDJPY,1180996.2797860135,-902.0770432709677,equity_%,-2.801154993200225e-06,2984.209441694497,1.693485436179683e-06,3.3869708723593656e-08,"Method: equity_%, ATR: 1180996.28, Risk: 2984.21"
2024-01-04 03:00:00,USDJPY,3804556.9851495964,-1098.9930525352138,equity_%,-7.136195607066518e-07,2983.7730441734852,5.256853840819418e-07,1.0513707681638834e-08,"Method: equity_%, ATR: 3804556.99, Risk: 2983.77"
2024-01-04 04:00:00,USDJPY,1113563.3155463666,-1097.1656856040568,equity_%,-2.4433218128685657e-06,2985.1613084774967,1.7960361769089944e-06,3.592072353817989e-08,"Method: equity_%, ATR: 1113563.32, Risk: 2985.16"
2024-01-04 05:00:00,USDJPY,1418905.665246484,-1173.1970662154934,equity_%,-1.792312760182903e-06,2983.5841250607414,1.4095369755624815e-06,2.819073951124963e-08,"Method: equity_%, ATR: 1418905.67, Risk: 2983.58"
2024-01-04 06:00:00,USDJPY,763033.2688883436,-1194.2216292095686,equity_%,-3.273978612662678e-06,2983.350260120153,2.621117691124769e-06,5.242235382249538e-08,"Method: equity_%, ATR: 763033.27, Risk: 2983.35"
2024-01-04 07:00:00,USDJPY,1977690.848774273,-1282.5842573828518,equity_%,-1.1765164355340304e-06,2984.298821975792,1.0112804037292046e-06,2.0225608074584093e-08,"Method: equity_%, ATR: 1977690.85, Risk: 2984.30"
2024-01-04 08:00:00,USDJPY,2258186.168992959,-1189.2970027311565,equity_%,-1.1106710884239814e-06,2982.878298394098,8.856665705697341e-07,1.771333141139468e-08,"Method: equity_%, ATR: 2258186.17, Risk: 2982.88"
2024-01-04 09:00:00,USDJPY,1389404.3950053584,-1303.2715231097714,equity_%,-1.649426938288843e-06,2986.7347668230477,1.4394657215635816e-06,2.8789314431271637e-08,"Method: equity_%, ATR: 1389404.40, Risk: 2986.73"
2024-01-04 10:00:00,USDJPY,2441352.545235959,-1219.4681791439507,equity_%,-1.0023975762630605e-06,2984.28969133786,8.192180207249414e-07,1.6384360414498827e-08,"Method: equity_%, ATR: 2441352.55, Risk: 2984.29"
2024-01-04 11:00:00,USDJPY,840305.1909278702,-1198.6878116731052,equity_%,-2.963328945144194e-06,2984.8533529729584,2.3800876414812903e-06,4.760175282962581e-08,"Method: equity_%, ATR: 840305.19, Risk: 2984.85"
2024-01-04 12:00:00,USDJPY,1229679.0167035875,-1155.2259415008825,equity_%,-2.1036806156026525e-06,2988.3984342381295,1.6264406994285548e-06,3.25288139885711e-08,"Method: equity_%, ATR: 1229679.02, Risk: 2988.40"
2024-01-04 13:00:00,USDJPY,2591644.152904012,-1356.6507814525107,equity_%,-8.494843068720329e-07,2986.749501110348,7.717108839031557e-07,1.5434217678063113e-08,"Method: equity_%, ATR: 2591644.15, Risk: 2986.75"
2024-01-04 14:00:00,USDJPY,6253658.156729818,-1698.2852081348517,equity_%,-2.81298584370716e-07,2987.5302494093726,3.1981281193755656e-07,6.396256238751132e-09,"Method: equity_%, ATR: 6253658.16, Risk: 2987.53"
2024-01-04 15:00:00,USDJPY,562301.9484095426,-1684.6908422299734,equity_%,-3.155051589977304e-06,2988.795966774707,3.556807878146166e-06,7.113615756292332e-08,"Method: equity_%, ATR: 562301.95, Risk: 2988.80"
2024-01-04 16:00:00,USDJPY,1093917.4395612667,-1689.8862113166826,equity_%,-1.6164605084179843e-06,2988.1824258707015,1.82829153980956e-06,3.65658307961912e-08,"Method: equity_%, ATR: 1093917.44, Risk: 2988.18"
2024-01-04 17:00:00,USDJPY,1289408.805371097,-1685.270211025597,equity_%,-1.3755289305264281e-06,2989.0274603220378,1.5510984504440324e-06,3.1021969008880656e-08,"Method: equity_%, ATR: 1289408.81, Risk: 2989.03"
2024-01-04 18:00:00,USDJPY,859018.1591776081,-1634.4980271234172,equity_%,-2.1303526358554946e-06,2991.150349243758,2.3282394890402845e-06,4.6564789780805694e-08,"Method: equity_%, ATR: 859018.16, Risk: 2991.15"
2024-01-04 19:00:00,USDJPY,565790.0989738574,-1676.1217127939026,equity_%,-3.154183021963268e-06,2991.216067847122,3.53487981431151e-06,7.06975962862302e-08,"Method: equity_%, ATR: 565790.10, Risk: 2991.22"
2024-01-04 20:00:00,USDJPY,1620652.1598442623,-1693.8935032705756,equity_%,-1.090533098190615e-06,2993.7447270753823,1.2340711039389177e-06,2.4681422078778352e-08,"Method: equity_%, ATR: 1620652.16, Risk: 2993.74"
2024-01-04 21:00:00,USDJPY,846651.4134615181,-1702.6970503936175,equity_%,-2.0779336654418264e-06,2995.530188956146,2.3622472817036213e-06,4.7244945634072436e-08,"Method: equity_%, ATR: 846651.41, Risk: 2995.53"
2024-01-04 22:00:00,USDJPY,1358344.3478963205,-1685.4878905758685,equity_%,-1.3083204975460497e-06,2995.364388553839,1.4723806986773398e-06,2.9447613973546797e-08,"Method: equity_%, ATR: 1358344.35, Risk: 2995.36"
2024-01-04 23:00:00,USDJPY,3506028.0251018004,-1489.6266039548436,equity_%,-5.741541764600891e-07,2998.619297288084,5.70446096175152e-07,1.140892192350304e-08,"Method: equity_%, ATR: 3506028.03, Risk: 2998.62"
2024-01-05 00:00:00,USDJPY,1758884.9449478402,-1504.9736368672245,equity_%,-1.1326225694310851e-06,2998.137423060718,1.1370840405136958e-06,2.2741680810273918e-08,"Method: equity_%, ATR: 1758884.94, Risk: 2998.14"
2024-01-05 01:00:00,USDJPY,1355219.4577367664,-1572.8304569851516,equity_%,-1.4078378402332127e-06,3000.8492096715286,1.4757757413991273e-06,2.9515514827982543e-08,"Method: equity_%, ATR: 1355219.46, Risk: 3000.85"
2024-01-05 02:00:00,USDJPY,432043.5784536744,-1594.8059907824952,equity_%,-4.354559247973278e-06,3000.403178274956,4.6291626579850875e-06,9.258325315970174e-08,"Method: equity_%, ATR: 432043.58, Risk: 3000.40"
2024-01-05 03:00:00,USDJPY,4082484.078539255,-1854.0382213237683,equity_%,-3.9645114454160255e-07,3000.7710315572726,4.898978076886011e-07,9.797956153772023e-09,"Method: equity_%, ATR: 4082484.08, Risk: 3000.77"
2024-01-05 04:00:00,USDJPY,1333676.7468198854,-1943.951521702024,equity_%,-1.1576958796905683e-06,3001.4457429777185,1.4996137593078256e-06,2.9992275186156514e-08,"Method: equity_%, ATR: 1333676.75, Risk: 3001.45"
2024-01-05 05:00:00,USDJPY,1278793.4873705625,-1982.2628349942743,equity_%,-1.1847083586091288e-06,3003.122909159491,1.5639741832845677e-06,3.1279483665691356e-08,"Method: equity_%, ATR: 1278793.49, Risk: 3003.12"
2024-01-05 06:00:00,USDJPY,1466307.8318888939,-2006.8328971489873,equity_%,-1.0192552669278783e-06,2999.296012818924,1.3639700726576663e-06,2.7279401453153327e-08,"Method: equity_%, ATR: 1466307.83, Risk: 2999.30"
2024-01-05 07:00:00,USDJPY,1300209.2599186061,-2081.385127126752,equity_%,-1.1089985517370686e-06,3001.212043921904,1.538213933444222e-06,3.076427866888445e-08,"Method: equity_%, ATR: 1300209.26, Risk: 3001.21"
2024-01-05 08:00:00,USDJPY,1298535.4231605174,-2113.4358199841395,equity_%,-1.0938778986740878e-06,3002.007085475619,1.5401967203422003e-06,3.080393440684401e-08,"Method: equity_%, ATR: 1298535.42, Risk: 3002.01"
2024-01-05 09:00:00,USDJPY,2064376.897722309,-2230.1342219689577,equity_%,-6.524075887373282e-07,3003.578565798172,9.688153370669194e-07,1.937630674133839e-08,"Method: equity_%, ATR: 2064376.90, Risk: 3003.58"
2024-01-05 10:00:00,USDJPY,2422397.029304875,-2389.297105017192,equity_%,-5.192940205435673e-07,3005.5835424454162,8.256284893867768e-07,1.651256978773554e-08,"Method: equity_%, ATR: 2422397.03, Risk: 3005.58"
2024-01-05 11:00:00,USDJPY,1252919.1623210362,-2434.785656704636,equity_%,-9.858327566476579e-07,3007.371160121399,1.5962721779232706e-06,3.1925443558465414e-08,"Method: equity_%, ATR: 1252919.16, Risk: 3007.37"
2024-01-05 12:00:00,USDJPY,1320113.938706977,-2556.4289796244925,equity_%,-8.902383675125212e-07,3004.356438416881,1.5150207427996378e-06,3.0300414855992756e-08,"Method: equity_%, ATR: 1320113.94, Risk: 3004.36"
2024-01-05 13:00:00,USDJPY,1074816.6876167215,-2593.290139382142,equity_%,-1.0774663679366271e-06,3003.2344172193048,1.8607824227541192e-06,3.721564845508238e-08,"Method: equity_%, ATR: 1074816.69, Risk: 3003.23"
2024-01-05 14:00:00,USDJPY,1467427.9847941352,-2564.412531976632,equity_%,-7.985191634964371e-07,3004.900049087957,1.3629288937682208e-06,2.7258577875364416e-08,"Method: equity_%, ATR: 1467427.98, Risk: 3004.90"
2024-01-05 15:00:00,USDJPY,4263455.4510005275,-2826.2377226879835,equity_%,-2.494949835954125e-07,3006.299441481208,4.691030604132734e-07,9.382061208265467e-09,"Method: equity_%, ATR: 4263455.45, Risk: 3006.30"
2024-01-05 16:00:00,USDJPY,430985.1999125885,-2827.2827802734723,equity_%,-2.4667035827872258e-06,3005.720334110175,4.640530580645543e-06,9.281061161291086e-08,"Method: equity_%, ATR: 430985.20, Risk: 3005.72"
2024-01-05 17:00:00,USDJPY,547030.1996200942,-2821.1779576157724,equity_%,-1.9492353940585712e-06,3008.1956125102947,3.656105277896861e-06,7.312210555793722e-08,"Method: equity_%, ATR: 547030.20, Risk: 3008.20"
2024-01-05 18:00:00,USDJPY,2086510.506738282,-2886.18338719386,equity_%,-4.996108936423033e-07,3008.6827621720377,9.58538187821772e-07,1.9170763756435442e-08,"Method: equity_%, ATR: 2086510.51, Risk: 3008.68"
2024-01-05 19:00:00,USDJPY,2239295.125606868,-2881.8388502188914,equity_%,-4.6665426361034057e-07,3011.4542148798014,8.931381920719285e-07,1.786276384143857e-08,"Method: equity_%, ATR: 2239295.13, Risk: 3011.45"
2024-01-05 20:00:00,USDJPY,1676916.6947450049,-2729.170070401743,equity_%,-6.587598397534528e-07,3014.8742575026927,1.1926650896060903e-06,2.3853301792121805e-08,"Method: equity_%, ATR: 1676916.69, Risk: 3014.87"
2024-01-05 21:00:00,USDJPY,1839913.2845724444,-2648.7172857424184,equity_%,-6.189569083334634e-07,3016.4308616058192,1.0870077501857684e-06,2.174015500371537e-08,"Method: equity_%, ATR: 1839913.28, Risk: 3016.43"
2024-01-05 22:00:00,USDJPY,2109314.090831626,-2758.7113367713205,equity_%,-5.187399606164039e-07,3018.5419665694844,9.481755271503793e-07,1.896351054300759e-08,"Method: equity_%, ATR: 2109314.09, Risk: 3018.54"
2024-01-05 23:00:00,USDJPY,1818796.9512236577,-2832.6153215908275,equity_%,-5.858604624878856e-07,3018.32504640662,1.09962797037593e-06,2.19925594075186e-08,"Method: equity_%, ATR: 1818796.95, Risk: 3018.33"
2024-01-06 00:00:00,USDJPY,809980.53981064,-2892.9320615934803,equity_%,-1.2892989890835152e-06,3021.10946615224,2.4691951246971527e-06,4.9383902493943044e-08,"Method: equity_%, ATR: 809980.54, Risk: 3021.11"
2024-01-06 01:00:00,USDJPY,1080712.8915498878,-2960.121513506228,equity_%,-9.448285474254961e-07,3022.545714891602,1.8506302789927218e-06,3.701260557985444e-08,"Method: equity_%, ATR: 1080712.89, Risk: 3022.55"
2024-01-06 02:00:00,USDJPY,1663721.679362634,-3061.680429497337,equity_%,-5.934598385021979e-07,3022.9562928139135,1.202124144205534e-06,2.4042482884110682e-08,"Method: equity_%, ATR: 1663721.68, Risk: 3022.96"
2024-01-06 03:00:00,USDJPY,1484717.7573935005,-3106.7836538634742,equity_%,-6.550438384162599e-07,3021.518656147478,1.3470573717061917e-06,2.6941147434123834e-08,"Method: equity_%, ATR: 1484717.76, Risk: 3021.52"
2024-01-06 04:00:00,USDJPY,1004811.2822129951,-3033.0390485425246,equity_%,-9.914411965759965e-07,3021.54777340927,1.9904235107663225e-06,3.980847021532646e-08,"Method: equity_%, ATR: 1004811.28, Risk: 3021.55"
2024-01-06 05:00:00,USDJPY,2257422.5970333326,-3113.278134553925,equity_%,-4.297574731742392e-07,3020.3288223195905,8.859661468031581e-07,1.771932293606316e-08,"Method: equity_%, ATR: 2257422.60, Risk: 3020.33"
2024-01-06 06:00:00,USDJPY,930356.1560598337,-3067.8754369869457,equity_%,-1.0590827588994995e-06,3022.851801797469,2.1497143722574294e-06,4.2994287445148587e-08,"Method: equity_%, ATR: 930356.16, Risk: 3022.85"
2024-01-06 07:00:00,USDJPY,5308881.254303083,-3231.2683804758553,equity_%,-1.7641474548256487e-07,3026.292661616647,3.7672720563845943e-07,7.534544112769188e-09,"Method: equity_%, ATR: 5308881.25, Risk: 3026.29"
2024-01-06 08:00:00,USDJPY,1542520.0605991676,-3093.194305121684,equity_%,-6.348618075687905e-07,3029.125200014507,1.2965795720174502e-06,2.5931591440349002e-08,"Method: equity_%, ATR: 1542520.06, Risk: 3029.13"
2024-01-06 09:00:00,USDJPY,3001424.7230912223,-3181.543551849515,equity_%,-3.178390702740707e-07,3035.097240507062,6.663502118221255e-07,1.332700423644251e-08,"Method: equity_%, ATR: 3001424.72, Risk: 3035.10"
2024-01-06 10:00:00,USDJPY,2492045.390495414,-3195.708152075174,equity_%,-3.811192468991388e-07,3035.176426664068,8.025536001984311e-07,1.6051072003968623e-08,"Method: equity_%, ATR: 2492045.39, Risk: 3035.18"
2024-01-06 11:00:00,USDJPY,1423892.882324635,-3129.4549275621184,equity_%,-6.816345851439992e-07,3037.369571353835,1.404600040372993e-06,2.809200080745986e-08,"Method: equity_%, ATR: 1423892.88, Risk: 3037.37"
2024-01-06 12:00:00,USDJPY,1332558.3737297165,-3165.825725844319,equity_%,-7.19663542241208e-07,3036.0068614246698,1.5008723365732729e-06,3.001744673146546e-08,"Method: equity_%, ATR: 1332558.37, Risk: 3036.01"
2024-01-06 13:00:00,USDJPY,2363124.6797996527,-3090.6441343001234,equity_%,-4.1577054383923694e-07,3036.612360143965,8.463370625749469e-07,1.6926741251498938e-08,"Method: equity_%, ATR: 2363124.68, Risk: 3036.61"
2024-01-06 14:00:00,USDJPY,1453817.3518807662,-3122.066896425808,equity_%,-6.685865770054557e-07,3034.657661726255,1.3756886292577616e-06,2.7513772585155236e-08,"Method: equity_%, ATR: 1453817.35, Risk: 3034.66"
2024-01-06 15:00:00,USDJPY,2458266.615296175,-3030.373485809316,equity_%,-4.076525836559704e-07,3036.7940503608647,8.135814022593469e-07,1.627162804518694e-08,"Method: equity_%, ATR: 2458266.62, Risk: 3036.79"
2024-01-06 16:00:00,USDJPY,2793272.932662121,-2819.0210680237155,equity_%,-3.856958587640766e-07,3037.083067035036,7.16005935765792e-07,1.4320118715315843e-08,"Method: equity_%, ATR: 2793272.93, Risk: 3037.08"
2024-01-06 17:00:00,USDJPY,575906.863159089,-2802.4534969894326,equity_%,-1.8798412357546688e-06,3033.973902985312,3.4727837571324762e-06,6.945567514264953e-08,"Method: equity_%, ATR: 575906.86, Risk: 3033.97"
2024-01-06 18:00:00,USDJPY,1475769.947105373,-2914.984481425705,equity_%,-7.051864519931423e-07,3033.6038660994423,1.3552247787149145e-06,2.710449557429829e-08,"Method: equity_%, ATR: 1475769.95, Risk: 3033.60"
2024-01-06 19:00:00,USDJPY,1998406.0988531883,-2760.607585644802,equity_%,-5.507145110173231e-07,3038.1900947546574,1.0007975862101935e-06,2.001595172420387e-08,"Method: equity_%, ATR: 1998406.10, Risk: 3038.19"
2024-01-06 20:00:00,USDJPY,769200.9006369199,-2738.6319412007147,equity_%,-1.4431175072596862e-06,3040.0109545291593,2.600100959767395e-06,5.20020191953479e-08,"Method: equity_%, ATR: 769200.90, Risk: 3040.01"
2024-01-06 21:00:00,USDJPY,1844980.9252030444,-2603.8953688524775,equity_%,-6.333185248976703e-07,3042.549139855071,1.0840220474257183e-06,2.1680440948514364e-08,"Method: equity_%, ATR: 1844980.93, Risk: 3042.55"
2024-01-06 22:00:00,USDJPY,1983790.1590232968,-2695.984486914777,equity_%,-5.691189219343327e-07,3043.8002304136708,1.0081711469849635e-06,2.0163422939699267e-08,"Method: equity_%, ATR: 1983790.16, Risk: 3043.80"
2024-01-06 23:00:00,USDJPY,3921424.260823433,-2916.261452709744,equity_%,-2.6621757233283545e-07,3044.43711257048,5.100187755711068e-07,1.0200375511422134e-08,"Method: equity_%, ATR: 3921424.26, Risk: 3044.44"
2024-01-07 00:00:00,USDJPY,1122139.5784561993,-2968.7290967730123,equity_%,-9.141903436691521e-07,3045.4682705980995,1.782309472366647e-06,3.5646189447332934e-08,"Method: equity_%, ATR: 1122139.58, Risk: 3045.47"
2024-01-07 01:00:00,USDJPY,1877116.2343328206,-3012.920221704182,equity_%,-5.387506805608577e-07,3046.9591360465465,1.0654641217307757e-06,2.1309282434615513e-08,"Method: equity_%, ATR: 1877116.23, Risk: 3046.96"
2024-01-07 02:00:00,USDJPY,1078858.3103921746,-2957.7405697130666,equity_%,-9.544914019428897e-07,3045.7658311553446,1.853811553134333e-06,3.707623106268666e-08,"Method: equity_%, ATR: 1078858.31, Risk: 3045.77"
2024-01-07 03:00:00,USDJPY,2164080.863678719,-2897.5860343246804,equity_%,-4.861236335990553e-07,3048.2919551868217,9.241798832785766e-07,1.8483597665571533e-08,"Method: equity_%, ATR: 2164080.86, Risk: 3048.29"
2024-01-07 04:00:00,USDJPY,1261296.0919185888,-2829.7606676704136,equity_%,-8.549715954088003e-07,3051.535610170797,1.5856704962573458e-06,3.1713409925146923e-08,"Method: equity_%, ATR: 1261296.09, Risk: 3051.54"
2024-01-07 05:00:00,USDJPY,1057428.3180342172,-2799.3747949657522,equity_%,-1.0310810660731327e-06,3052.1424313769085,1.891381161153358e-06,3.7827623223067154e-08,"Method: equity_%, ATR: 1057428.32, Risk: 3052.14"
2024-01-07 06:00:00,USDJPY,1120634.181493774,-2845.9170967932214,equity_%,-9.570004230289074e-07,3052.096350517675,1.7847037267184337e-06,3.5694074534368674e-08,"Method: equity_%, ATR: 1120634.18, Risk: 3052.10"
2024-01-07 07:00:00,USDJPY,1128065.2902925976,-2815.9595469850465,equity_%,-9.606578627186922e-07,3051.6125325183857,1.7729470246187969e-06,3.545894049237593e-08,"Method: equity_%, ATR: 1128065.29, Risk: 3051.61"
2024-01-07 08:00:00,USDJPY,1689650.0395047907,-2927.088026490515,equity_%,-6.179301919999458e-07,3056.1309657255106,1.183677065214148e-06,2.367354130428296e-08,"Method: equity_%, ATR: 1689650.04, Risk: 3056.13"
2024-01-07 09:00:00,USDJPY,2207982.513072784,-3007.673968272657,equity_%,-4.6021327281661724e-07,3056.226424047123,9.058042752415911e-07,1.811608550483182e-08,"Method: equity_%, ATR: 2207982.51, Risk: 3056.23"
2024-01-07 10:00:00,USDJPY,1082938.405356781,-2948.362890146865,equity_%,-9.579183352788283e-07,3058.5330526755524,1.8468271049460908e-06,3.6936542098921816e-08,"Method: equity_%, ATR: 1082938.41, Risk: 3058.53"
2024-01-07 11:00:00,USDJPY,1296692.1974839305,-3072.1496356094044,equity_%,-7.679307602966975e-07,3059.153905284587,1.54238608351369e-06,3.084772167027381e-08,"Method: equity_%, ATR: 1296692.20, Risk: 3059.15"
2024-01-07 12:00:00,USDJPY,1565698.6466736088,-2996.72607808913,equity_%,-6.521070399111449e-07,3059.666645173151,1.2773850218553117e-06,2.5547700437106236e-08,"Method: equity_%, ATR: 1565698.65, Risk: 3059.67"
2024-01-07 13:00:00,USDJPY,406467.1580143658,-2972.753419248929,equity_%,-2.5317137437856834e-06,3059.1371457727396,4.920446733680053e-06,9.840893467360105e-08,"Method: equity_%, ATR: 406467.16, Risk: 3059.14"
2024-01-07 14:00:00,USDJPY,1941799.8677603782,-2851.8685247121666,equity_%,-5.522445344605069e-07,3058.1965467805517,1.029972260893574e-06,2.0599445217871483e-08,"Method: equity_%, ATR: 1941799.87, Risk: 3058.20"
2024-01-07 15:00:00,USDJPY,404185.8202711364,-2844.4985874201784,equity_%,-2.662138322406078e-06,3060.6763883010444,4.948219110354633e-06,9.896438220709264e-08,"Method: equity_%, ATR: 404185.82, Risk: 3060.68"
2024-01-07 16:00:00,USDJPY,2237624.413021072,-2750.033113762895,equity_%,-4.97224350662286e-07,3059.6905433409843,8.938050498384359e-07,1.787610099676872e-08,"Method: equity_%, ATR: 2237624.41, Risk: 3059.69"
2024-01-07 17:00:00,USDJPY,2525859.9956292394,-2657.6377433598177,equity_%,-4.560848034242325e-07,3061.6155818201682,7.918095236714662e-07,1.5836190473429324e-08,"Method: equity_%, ATR: 2525860.00, Risk: 3061.62"
2024-01-07 18:00:00,USDJPY,706645.1714845106,-2614.939836404259,equity_%,-1.6575058907083525e-06,3062.7967496671313,2.8302747697241417e-06,5.660549539448283e-08,"Method: equity_%, ATR: 706645.17, Risk: 3062.80"
2024-01-07 19:00:00,USDJPY,2326359.2781601846,-2517.462306136582,equity_%,-5.233997473113131e-07,3065.30202673609,8.597124351238266e-07,1.7194248702476532e-08,"Method: equity_%, ATR: 2326359.28, Risk: 3065.30"
2024-01-07 20:00:00,USDJPY,774060.5317423842,-2515.2175611019725,equity_%,-1.5743150020566124e-06,3065.0821189149087,2.583777260284887e-06,5.167554520569774e-08,"Method: equity_%, ATR: 774060.53, Risk: 3065.08"
2024-01-07 21:00:00,USDJPY,2660748.0667913617,-2383.0482914870227,equity_%,-4.838971560187733e-07,3068.2424072479484,7.516683089849358e-07,1.5033366179698715e-08,"Method: equity_%, ATR: 2660748.07, Risk: 3068.24"
2024-01-07 22:00:00,USDJPY,1633166.142292971,-2455.247013259473,equity_%,-7.653598439974757e-07,3068.960026083768,1.2246151498046568e-06,2.4492302996093136e-08,"Method: equity_%, ATR: 1633166.14, Risk: 3068.96"
2024-01-07 23:00:00,USDJPY,346172.8413795936,-2467.4395630506697,equity_%,-3.600193620998255e-06,3075.143415526387,5.777460739061598e-06,1.1554921478123197e-07,"Method: equity_%, ATR: 346172.84, Risk: 3075.14"
2024-01-08 00:00:00,USDJPY,2977401.2172452104,-2624.236692429907,equity_%,-3.9328754331956073e-07,3072.915062856457,6.717267355222169e-07,1.3434534710444338e-08,"Method: equity_%, ATR: 2977401.22, Risk: 3072.92"
2024-01-08 01:00:00,USDJPY,5503063.177966628,-2541.4595016222142,equity_%,-2.2013544068358414e-07,3078.772932332611,3.6343395220459685e-07,7.268679044091936e-09,"Method: equity_%, ATR: 5503063.18, Risk: 3078.77"
2024-01-08 02:00:00,USDJPY,1173494.6609142344,-2557.1520125622433,equity_%,-1.026231623362725e-06,3079.520200336499,1.7043111201220638e-06,3.408622240244127e-08,"Method: equity_%, ATR: 1173494.66, Risk: 3079.52"
2024-01-08 03:00:00,USDJPY,706074.4906009177,-2533.7403030413925,equity_%,-1.722163011129644e-06,3080.9658045399365,2.8325623239806655e-06,5.66512464796133e-08,"Method: equity_%, ATR: 706074.49, Risk: 3080.97"
2024-01-08 04:00:00,USDJPY,1230840.4454091305,-2559.59074938266,equity_%,-9.77879147224858e-07,3080.757225676718,1.624905979860941e-06,3.249811959721882e-08,"Method: equity_%, ATR: 1230840.45, Risk: 3080.76"
2024-01-08 05:00:00,USDJPY,1114570.7601116102,-2592.2854897887623,equity_%,-1.0655296429453537e-06,3078.6194630906716,1.794412765502412e-06,3.588825531004824e-08,"Method: equity_%, ATR: 1114570.76, Risk: 3078.62"
2024-01-08 06:00:00,USDJPY,1455652.8435937525,-2500.8152990733274,equity_%,-8.456848844653814e-07,3078.5626695466303,1.373953967666047e-06,2.7479079353320944e-08,"Method: equity_%, ATR: 1455652.84, Risk: 3078.56"
2024-01-08 07:00:00,USDJPY,1446310.6135510362,-2461.523775906417,equity_%,-8.648091663893268e-07,3078.8312955768856,1.3828288206290105e-06,2.765657641258021e-08,"Method: equity_%, ATR: 1446310.61, Risk: 3078.83"
2024-01-08 08:00:00,USDJPY,1122151.9048496885,-2460.782030770399,equity_%,-1.1154591786718054e-06,3080.196899002347,1.7822898944041792e-06,3.564579788808359e-08,"Method: equity_%, ATR: 1122151.90, Risk: 3080.20"
2024-01-08 09:00:00,USDJPY,1538912.2187272233,-2424.7218714238766,equity_%,-8.263415836123446e-07,3083.439175692368,1.2996192867024767e-06,2.599238573404953e-08,"Method: equity_%, ATR: 1538912.22, Risk: 3083.44"
2024-01-08 10:00:00,USDJPY,1307091.456723224,-2496.85763827342,equity_%,-9.452140322859109e-07,3084.820637145582,1.5301148130933727e-06,3.0602296261867455e-08,"Method: equity_%, ATR: 1307091.46, Risk: 3084.82"
2024-01-08 11:00:00,USDJPY,2381334.9687044,-2664.5678126204725,equity_%,-4.863870412943536e-07,3086.236920672148,8.398650447266262e-07,1.6797300894532525e-08,"Method: equity_%, ATR: 2381334.97, Risk: 3086.24"
2024-01-08 12:00:00,USDJPY,1584303.9524630012,-2622.722458643899,equity_%,-7.431684194945503e-07,3088.005656105181,1.2623840247894015e-06,2.524768049578803e-08,"Method: equity_%, ATR: 1584303.95, Risk: 3088.01"
2024-01-08 13:00:00,USDJPY,742113.020026959,-2634.0022244296215,equity_%,-1.5784788619118779e-06,3085.4957957189486,2.695007291379075e-06,5.39001458275815e-08,"Method: equity_%, ATR: 742113.02, Risk: 3085.50"
2024-01-08 14:00:00,USDJPY,6852514.5351028005,-2360.2830670937024,equity_%,-1.906266082014949e-07,3083.170746714676,2.918636640250478e-07,5.837273280500955e-09,"Method: equity_%, ATR: 6852514.54, Risk: 3083.17"
2024-01-08 15:00:00,USDJPY,2354640.7177777975,-2197.8621237115126,equity_%,-5.953762689385489e-07,3081.1767687369475,8.493864838485885e-07,1.6987729676971766e-08,"Method: equity_%, ATR: 2354640.72, Risk: 3081.18"
2024-01-08 16:00:00,USDJPY,1555634.76284663,-2196.41964584581,equity_%,-9.018397601290909e-07,3081.430221020957,1.285648821796855e-06,2.5712976435937102e-08,"Method: equity_%, ATR: 1555634.76, Risk: 3081.43"
2024-01-08 17:00:00,USDJPY,1784565.9711321287,-2028.6891412593936,equity_%,-8.503885349019985e-07,3078.686790781509,1.1207206863477284e-06,2.2414413726954573e-08,"Method: equity_%, ATR: 1784565.97, Risk: 3078.69"
2024-01-08 18:00:00,USDJPY,1059151.7108960785,-2037.240691625193,equity_%,-1.4266303079049204e-06,3078.3072156920507,1.8883036107338502e-06,3.7766072214677005e-08,"Method: equity_%, ATR: 1059151.71, Risk: 3078.31"
2024-01-08 19:00:00,USDJPY,2040925.5986738503,-2015.4105963432853,equity_%,-7.479562431760249e-07,3076.5707172020884,9.799475303262193e-07,1.9598950606524384e-08,"Method: equity_%, ATR: 2040925.60, Risk: 3076.57"
2024-01-08 20:00:00,USDJPY,2079639.1535516772,-1952.348163858118,equity_%,-7.582290411929191e-07,3078.546148054486,9.617053018954433e-07,1.9234106037908866e-08,"Method: equity_%, ATR: 2079639.15, Risk: 3078.55"
2024-01-08 21:00:00,USDJPY,1463489.6681819647,-1941.8023225702625,equity_%,-1.0839655082542002e-06,3080.4214593123024,1.36659659680722e-06,2.7331931936144397e-08,"Method: equity_%, ATR: 1463489.67, Risk: 3080.42"
2024-01-08 22:00:00,USDJPY,1288502.2024916385,-2047.0777001297204,equity_%,-1.1680107947389508e-06,3080.82017123283,1.552189818637876e-06,3.104379637275752e-08,"Method: equity_%, ATR: 1288502.20, Risk: 3080.82"
2024-01-08 23:00:00,USDJPY,2029123.2816268166,-2003.9746701291672,equity_%,-7.569563052605931e-07,3078.020249396496,9.85647357215542e-07,1.9712947144310842e-08,"Method: equity_%, ATR: 2029123.28, Risk: 3078.02"
2024-01-09 00:00:00,USDJPY,1935949.6371122396,-2022.3050516389844,equity_%,-7.863301354985497e-07,3078.545961577624,1.0330847257903367e-06,2.0661694515806734e-08,"Method: equity_%, ATR: 1935949.64, Risk: 3078.55"
2024-01-09 01:00:00,USDJPY,7031755.482327912,-2284.2306676692997,equity_%,-1.917677846531543e-07,3080.2032138083764,2.844239969700832e-07,5.688479939401665e-09,"Method: equity_%, ATR: 7031755.48, Risk: 3080.20"
2024-01-09 02:00:00,USDJPY,1577900.9164205627,-2185.2732983895903,equity_%,-8.940531501590351e-07,3082.824667142854,1.2675067104574352e-06,2.535013420914871e-08,"Method: equity_%, ATR: 1577900.92, Risk: 3082.82"
2024-01-09 03:00:00,USDJPY,849482.4506886834,-2196.5060454455734,equity_%,-1.654613054668293e-06,3087.33147639748,2.3543747117772486e-06,4.7087494235544975e-08,"Method: equity_%, ATR: 849482.45, Risk: 3087.33"
2024-01-09 04:00:00,USDJPY,715596.7419709987,-2213.5542754891776,equity_%,-1.951101398512927e-06,3090.5684727583234,2.7948701869314196e-06,5.589740373862839e-08,"Method: equity_%, ATR: 715596.74, Risk: 3090.57"
2024-01-09 05:00:00,USDJPY,624683.2092120894,-2271.1367934679906,equity_%,-2.1793251768274617e-06,3091.8980258164593,3.2016227913706736e-06,6.403245582741348e-08,"Method: equity_%, ATR: 624683.21, Risk: 3091.90"
2024-01-09 06:00:00,USDJPY,4479249.872117007,-2060.5902995255974,equity_%,-3.3503374177804886e-07,3092.3275431358443,4.4650333361615945e-07,8.93006667232319e-09,"Method: equity_%, ATR: 4479249.87, Risk: 3092.33"
2024-01-09 07:00:00,USDJPY,3136409.127950342,-1917.0085565405896,equity_%,-5.142336429272689e-07,3091.8416749432618,6.376719102673347e-07,1.2753438205346694e-08,"Method: equity_%, ATR: 3136409.13, Risk: 3091.84"
2024-01-09 08:00:00,USDJPY,3690549.0714784013,-1735.389805296108,equity_%,-4.833371954913909e-07,3095.5529987350415,5.419247817232837e-07,1.0838495634465675e-08,"Method: equity_%, ATR: 3690549.07, Risk: 3095.55"
2024-01-09 09:00:00,USDJPY,1386766.7514858157,-1708.9084329356037,equity_%,-1.3067816590792435e-06,3096.8861798944395,1.442203599024242e-06,2.8844071980484837e-08,"Method: equity_%, ATR: 1386766.75, Risk: 3096.89"
2024-01-09 10:00:00,USDJPY,3793586.0869951104,-1596.411376211246,equity_%,-5.117377509970526e-07,3099.1472683118063,5.272056450376205e-07,1.054411290075241e-08,"Method: equity_%, ATR: 3793586.09, Risk: 3099.15"
2024-01-09 11:00:00,USDJPY,875841.1027726242,-1620.885506147868,equity_%,-2.18292726962984e-06,3098.9668288359476,2.2835192293084432e-06,4.5670384586168863e-08,"Method: equity_%, ATR: 875841.10, Risk: 3098.97"
2024-01-09 12:00:00,USDJPY,1559545.2714384056,-1487.957815266093,equity_%,-1.3348135553637842e-06,3097.485010704928,1.282425099564665e-06,2.5648501991293306e-08,"Method: equity_%, ATR: 1559545.27, Risk: 3097.49"
2024-01-09 13:00:00,USDJPY,1346625.3127631627,-1491.74732421636,equity_%,-1.5420381501770078e-06,3097.6843352683827,1.4851941227037887e-06,2.9703882454075773e-08,"Method: equity_%, ATR: 1346625.31, Risk: 3097.68"
2024-01-09 14:00:00,USDJPY,1147611.9116842528,-1499.2975935715865,equity_%,-1.8005679835355124e-06,3098.0784787367716,1.7427494256876174e-06,3.485498851375234e-08,"Method: equity_%, ATR: 1147611.91, Risk: 3098.08"
2024-01-09 15:00:00,USDJPY,1928490.851173458,-1365.8962633445585,equity_%,-1.1766600801613906e-06,3099.46202360406,1.0370803671601708e-06,2.0741607343203415e-08,"Method: equity_%, ATR: 1928490.85, Risk: 3099.46"
2024-01-09 16:00:00,USDJPY,1590623.9776155395,-1425.1373021833767,equity_%,-1.3670850805552183e-06,3098.987155826092,1.2573681952149024e-06,2.5147363904298046e-08,"Method: equity_%, ATR: 1590623.98, Risk: 3098.99"
2024-01-09 17:00:00,USDJPY,3424711.478790441,-1516.9685918764753,equity_%,-5.967141167373585e-07,3100.037095552856,5.839908010897232e-07,1.167981602179446e-08,"Method: equity_%, ATR: 3424711.48, Risk: 3100.04"
2024-01-09 18:00:00,USDJPY,512091.4048272107,-1522.3189962736808,equity_%,-3.980920953076166e-06,3103.392508261566,3.905552760985781e-06,7.811105521971561e-08,"Method: equity_%, ATR: 512091.40, Risk: 3103.39"
2024-01-09 19:00:00,USDJPY,1704931.678981627,-1560.356048344379,equity_%,-1.165675319311397e-06,3101.0465850424916,1.1730675338231855e-06,2.346135067646371e-08,"Method: equity_%, ATR: 1704931.68, Risk: 3101.05"
2024-01-09 20:00:00,USDJPY,1805198.9277589815,-1662.4843357415584,equity_%,-1.0322206384911914e-06,3097.8127798585792,1.10791113890304e-06,2.21582227780608e-08,"Method: equity_%, ATR: 1805198.93, Risk: 3097.81"
2024-01-09 21:00:00,USDJPY,156536.58042124563,-1661.5643411954657,equity_%,-1.1923710382327121e-05,3101.3046075558163,1.2776566311963169e-05,2.5553132623926336e-07,"Method: equity_%, ATR: 156536.58, Risk: 3101.30"
2024-01-09 22:00:00,USDJPY,1569043.7538532796,-1607.3822269913394,equity_%,-1.2289104556521363e-06,3099.377354639752,1.2746617136000015e-06,2.5493234272000028e-08,"Method: equity_%, ATR: 1569043.75, Risk: 3099.38"
2024-01-09 23:00:00,USDJPY,3223636.536193201,-1512.1437795005688,equity_%,-6.358708365671184e-07,3099.6172107059665,6.204173384763172e-07,1.2408346769526344e-08,"Method: equity_%, ATR: 3223636.54, Risk: 3099.62"
2024-01-10 00:00:00,USDJPY,1174927.6128054748,-1535.8561843137286,equity_%,-1.7189249466172944e-06,3101.834170068579,1.7022325275209337e-06,3.404465055041867e-08,"Method: equity_%, ATR: 1174927.61, Risk: 3101.83"
2024-01-10 01:00:00,USDJPY,601460.9988822168,-1539.2380433575825,equity_%,-3.35141898733614e-06,3102.7157177312374,3.325236388921133e-06,6.650472777842266e-08,"Method: equity_%, ATR: 601461.00, Risk: 3102.72"
2024-01-10 02:00:00,USDJPY,3836991.1537437043,-1674.5626479818502,equity_%,-4.830245753816605e-07,3103.56914197323,5.212417542450221e-07,1.0424835084900443e-08,"Method: equity_%, ATR: 3836991.15, Risk: 3103.57"
2024-01-10 03:00:00,USDJPY,7179159.060245235,-1369.1055337495497,equity_%,-3.1587197041211523e-07,3104.7139352688673,2.78584160514711e-07,5.57168321029422e-09,"Method: equity_%, ATR: 7179159.06, Risk: 3104.71"
2024-01-10 04:00:00,USDJPY,1413346.5439637734,-1349.4728830129059,equity_%,-1.630994426053949e-06,3110.751363467456,1.415081112655456e-06,2.8301622253109124e-08,"Method: equity_%, ATR: 1413346.54, Risk: 3110.75"
2024-01-10 05:00:00,USDJPY,1216713.8515900343,-1374.417315759589,equity_%,-1.8629215353726126e-06,3115.3126133792907,1.643771867466082e-06,3.287543734932164e-08,"Method: equity_%, ATR: 1216713.85, Risk: 3115.31"
2024-01-10 06:00:00,USDJPY,1582203.4153301548,-1403.3666121628316,equity_%,-1.4028594418195974e-06,3114.9251627615536,1.2640599689153524e-06,2.5281199378307047e-08,"Method: equity_%, ATR: 1582203.42, Risk: 3114.93"
2024-01-10 07:00:00,USDJPY,2537334.867462903,-1285.4892262318683,equity_%,-9.559466034970112e-07,3118.0269392434475,7.882286353475342e-07,1.576457270695068e-08,"Method: equity_%, ATR: 2537334.87, Risk: 3118.03"
2024-01-10 08:00:00,USDJPY,1257905.4399398002,-1257.5339282757218,equity_%,-1.9723871785122426e-06,3120.037954758631,1.589944630572322e-06,3.179889261144645e-08,"Method: equity_%, ATR: 1257905.44, Risk: 3120.04"
2024-01-10 09:00:00,USDJPY,1701064.360793739,-1332.9497782467083,equity_%,-1.3764457102754029e-06,3120.998925153128,1.175734467252476e-06,2.3514689345049518e-08,"Method: equity_%, ATR: 1701064.36, Risk: 3121.00"
2024-01-10 10:00:00,USDJPY,1782275.0059020335,-1232.32618073959,equity_%,-1.420625809504062e-06,3120.183187536173,1.12216127891429e-06,2.24432255782858e-08,"Method: equity_%, ATR: 1782275.01, Risk: 3120.18"
2024-01-10 11:00:00,USDJPY,1153467.0397186028,-1261.9345084851252,equity_%,-2.14487923878548e-06,3122.0859235990642,1.7339030341845878e-06,3.4678060683691756e-08,"Method: equity_%, ATR: 1153467.04, Risk: 3122.09"
2024-01-10 12:00:00,USDJPY,907101.6543460177,-1314.345934896513,equity_%,-2.6189859119525064e-06,3122.4738326689353,2.2048245534751186e-06,4.409649106950237e-08,"Method: equity_%, ATR: 907101.65, Risk: 3122.47"
2024-01-10 13:00:00,USDJPY,769249.494316648,-1331.0728842577864,equity_%,-3.0497430735378973e-06,3122.7147125190772,2.5999367107503554e-06,5.199873421500711e-08,"Method: equity_%, ATR: 769249.49, Risk: 3122.71"
2024-01-10 14:00:00,USDJPY,2770037.7339397823,-1483.0734752555413,equity_%,-7.59993125510629e-07,3122.1805698164394,7.220118251441401e-07,1.44402365028828e-08,"Method: equity_%, ATR: 2770037.73, Risk: 3122.18"
2024-01-10 15:00:00,USDJPY,2327082.609716756,-1477.278746431757,equity_%,-9.090773055881237e-07,3125.1802168585646,8.594452090566019e-07,1.718890418113204e-08,"Method: equity_%, ATR: 2327082.61, Risk: 3125.18"
2024-01-10 16:00:00,USDJPY,1127281.901193337,-1416.716555425827,equity_%,-1.9565238380291313e-06,3124.644740821306,1.7741791098418294e-06,3.548358219683659e-08,"Method: equity_%, ATR: 1127281.90, Risk: 3124.64"
2024-01-10 17:00:00,USDJPY,3752921.5441874657,-1468.895247699476,equity_%,-5.667187707743529e-07,3124.1214503434344,5.329181482883928e-07,1.0658362965767858e-08,"Method: equity_%, ATR: 3752921.54, Risk: 3124.12"
2024-01-10 18:00:00,USDJPY,2209045.617005595,-1436.720619991203,equity_%,-9.851583783477e-07,3126.677325878595,9.053683566349524e-07,1.810736713269905e-08,"Method: equity_%, ATR: 2209045.62, Risk: 3126.68"
2024-01-10 19:00:00,USDJPY,1575469.8330338283,-1552.5507726161272,equity_%,-1.2785742519213247e-06,3127.3886649429887,1.2694625806631083e-06,2.5389251613262168e-08,"Method: equity_%, ATR: 1575469.83, Risk: 3127.39"
2024-01-10 20:00:00,USDJPY,3752169.282482739,-1515.9789348861107,equity_%,-5.49936456647294e-07,3128.1538278954167,5.330249915261388e-07,1.0660499830522776e-08,"Method: equity_%, ATR: 3752169.28, Risk: 3128.15"
2024-01-10 21:00:00,USDJPY,393074.0000825472,-1515.321609845059,equity_%,-5.2569566269587894e-06,3131.2196148636,5.088100458386949e-06,1.0176200916773898e-07,"Method: equity_%, ATR: 393074.00, Risk: 3131.22"
2024-01-10 22:00:00,USDJPY,1082320.9991985778,-1535.679193150636,equity_%,-1.8860785105103026e-06,3134.847016087184,1.8478806208887497e-06,3.6957612417774994e-08,"Method: equity_%, ATR: 1082321.00, Risk: 3134.85"
2024-01-10 23:00:00,USDJPY,1470551.2894524464,-1505.0394229706549,equity_%,-1.4149367577655067e-06,3131.591324643317,1.3600341683727955e-06,2.720068336745591e-08,"Method: equity_%, ATR: 1470551.29, Risk: 3131.59"
2024-01-11 00:00:00,USDJPY,1119084.8674567475,-1572.7321996262817,equity_%,-1.7797140618700495e-06,3132.3337761337484,1.7871745549962052e-06,3.5743491099924105e-08,"Method: equity_%, ATR: 1119084.87, Risk: 3132.33"
2024-01-11 01:00:00,USDJPY,1526964.4048673853,-1605.1157389936382,equity_%,-1.277262846150372e-06,3130.5132470774006,1.3097882266441552e-06,2.61957645328831e-08,"Method: equity_%, ATR: 1526964.40, Risk: 3130.51"
2024-01-11 02:00:00,USDJPY,1218332.9925128033,-1687.7552781031175,equity_%,-1.5225496894758065e-06,3130.7396604016863,1.6415873265280408e-06,3.2831746530560816e-08,"Method: equity_%, ATR: 1218332.99, Risk: 3130.74"
2024-01-11 03:00:00,USDJPY,930815.544333766,-1713.2977271080254,equity_%,-1.9637550639673073e-06,3131.7261880894575,2.1486534170757817e-06,4.2973068341515636e-08,"Method: equity_%, ATR: 930815.54, Risk: 3131.73"
2024-01-11 04:00:00,USDJPY,1119001.4526994606,-1606.0558886755302,equity_%,-1.7427405400715666e-06,3132.0164789433093,1.7873077779972788e-06,3.574615555994558e-08,"Method: equity_%, ATR: 1119001.45, Risk: 3132.02"
2024-01-11 05:00:00,USDJPY,1284795.7163000365,-1536.5685254250134,equity_%,-1.585960361441844e-06,3130.9659280819697,1.5566677057109231e-06,3.113335411421846e-08,"Method: equity_%, ATR: 1284795.72, Risk: 3130.97"
2024-01-11 06:00:00,USDJPY,1119927.3679669204,-1567.3906731751715,equity_%,-1.7830002379926947e-06,3129.81391480654,1.7858300968488115e-06,3.571660193697623e-08,"Method: equity_%, ATR: 1119927.37, Risk: 3129.81"
2024-01-11 07:00:00,USDJPY,2517647.375147476,-1690.3511781400975,equity_%,-7.360161095248983e-07,3132.269797584605,7.943924235548857e-07,1.5887848471097713e-08,"Method: equity_%, ATR: 2517647.38, Risk: 3132.27"
2024-01-11 08:00:00,USDJPY,1210470.602608043,-1652.9984567459182,equity_%,-1.5674596195718614e-06,3136.3394171968125,1.6522499560839075e-06,3.3044999121678154e-08,"Method: equity_%, ATR: 1210470.60, Risk: 3136.34"
2024-01-11 09:00:00,USDJPY,3478022.176764696,-1912.2830326864892,equity_%,-4.710924657786677e-07,3133.218463338945,5.750394616116069e-07,1.1500789232232139e-08,"Method: equity_%, ATR: 3478022.18, Risk: 3133.22"
2024-01-11 10:00:00,USDJPY,1019527.7365771699,-1929.0760501965844,equity_%,-1.5932725257895216e-06,3133.5632260068146,1.9616925839747533e-06,3.9233851679495066e-08,"Method: equity_%, ATR: 1019527.74, Risk: 3133.56"
2024-01-11 11:00:00,USDJPY,853796.0513128632,-1937.224545400349,equity_%,-1.8960322038218741e-06,3136.0271542816035,2.342479795877065e-06,4.68495959175413e-08,"Method: equity_%, ATR: 853796.05, Risk: 3136.03"
2024-01-11 12:00:00,USDJPY,5630710.50071424,-2179.1266367256585,equity_%,-2.5566046951933216e-07,3136.9619467608013,3.5519496158545275e-07,7.103899231709056e-09,"Method: equity_%, ATR: 5630710.50, Risk: 3136.96"
2024-01-11 13:00:00,USDJPY,1657769.7066482278,-2200.913867687671,equity_%,-8.594330451680684e-07,3135.73457351699,1.2064401900814758e-06,2.412880380162951e-08,"Method: equity_%, ATR: 1657769.71, Risk: 3135.73"
2024-01-11 14:00:00,USDJPY,1090242.4014905456,-2208.7624518483863,equity_%,-1.3021870356318413e-06,3135.7789947088627,1.8344544270757238e-06,3.6689088541514476e-08,"Method: equity_%, ATR: 1090242.40, Risk: 3135.78"
2024-01-11 15:00:00,USDJPY,1394111.3547983833,-2243.0328315258807,equity_%,-1.0033084846078305e-06,3137.3832951837267,1.4346056311184986e-06,2.8692112622369974e-08,"Method: equity_%, ATR: 1394111.35, Risk: 3137.38"
2024-01-11 16:00:00,USDJPY,1287226.4154433333,-2287.3527046621307,equity_%,-1.06569487016762e-06,3137.768910964966,1.5537282144036645e-06,3.107456428807329e-08,"Method: equity_%, ATR: 1287226.42, Risk: 3137.77"
2024-01-11 17:00:00,USDJPY,3464219.8701892314,-2580.812645680778,equity_%,-3.5106225508139954e-07,3138.6729510971286,5.773305606871745e-07,1.1546611213743491e-08,"Method: equity_%, ATR: 3464219.87, Risk: 3138.67"
2024-01-11 18:00:00,USDJPY,5772168.968755759,-2397.1569699363645,equity_%,-2.2690475742834067e-07,3139.6346301019653,3.464902033924896e-07,6.929804067849793e-09,"Method: equity_%, ATR: 5772168.97, Risk: 3139.63"
2024-01-11 19:00:00,USDJPY,1711435.080719316,-2361.51618214608,equity_%,-7.768211428689576e-07,3139.586066882649,1.1686099125415851e-06,2.3372198250831704e-08,"Method: equity_%, ATR: 1711435.08, Risk: 3139.59"
2024-01-11 20:00:00,USDJPY,7155731.232635953,-2822.672737946351,equity_%,-1.5556859508660461e-07,3142.219204930591,2.7949624363732015e-07,5.589924872746404e-09,"Method: equity_%, ATR: 7155731.23, Risk: 3142.22"
2024-01-11 21:00:00,USDJPY,2109951.714626104,-2946.722172210211,equity_%,-5.053950603069189e-07,3142.264221736909,9.478889901300002e-07,1.8957779802600003e-08,"Method: equity_%, ATR: 2109951.71, Risk: 3142.26"
2024-01-11 22:00:00,USDJPY,3809103.577394694,-3142.085772891289,equity_%,-2.624594034759113e-07,3141.2532857524443,5.250579196294623e-07,1.0501158392589246e-08,"Method: equity_%, ATR: 3809103.58, Risk: 3141.25"
2024-01-11 23:00:00,USDJPY,1845315.7428049552,-3074.26277973372,equity_%,-5.546836955368517e-07,3146.712564619291,1.0838253604014229e-06,2.1676507208028454e-08,"Method: equity_%, ATR: 1845315.74, Risk: 3146.71"
2024-01-12 00:00:00,USDJPY,4846533.56368055,-3195.9071693130036,equity_%,-2.0321147102881502e-07,3147.556976440416,4.1266607849119315e-07,8.253321569823863e-09,"Method: equity_%, ATR: 4846533.56, Risk: 3147.56"
2024-01-12 01:00:00,USDJPY,1460058.4089135919,-3287.711016553357,equity_%,-6.54831864843024e-07,3143.3567350400176,1.3698082130071568e-06,2.739616426014314e-08,"Method: equity_%, ATR: 1460058.41, Risk: 3143.36"
2024-01-12 02:00:00,USDJPY,2053781.9980372204,-3293.1097463567826,equity_%,-4.6528358819547423e-07,3146.866224714693,9.738131904512654e-07,1.9476263809025308e-08,"Method: equity_%, ATR: 2053782.00, Risk: 3146.87"
2024-01-12 03:00:00,USDJPY,4352876.849750555,-3451.987709402252,equity_%,-2.0966012629573003e-07,3150.369282453121,4.5946624934142386e-07,9.189324986828477e-09,"Method: equity_%, ATR: 4352876.85, Risk: 3150.37"
2024-01-12 04:00:00,USDJPY,1552791.4234040373,-3400.9848267303632,equity_%,-5.9690809572537e-07,3152.283633515435,1.2880029924531589e-06,2.5760059849063175e-08,"Method: equity_%, ATR: 1552791.42, Risk: 3152.28"
2024-01-12 05:00:00,USDJPY,3973166.160300625,-3208.368540123393,equity_%,-2.47466269846432e-07,3154.546903935076,5.03376883651066e-07,1.006753767302132e-08,"Method: equity_%, ATR: 3973166.16, Risk: 3154.55"
2024-01-12 06:00:00,USDJPY,1066086.1434163235,-3230.3527924702184,equity_%,-9.175430833932427e-07,3159.8663885604124,1.8760210066992383e-06,3.7520420133984766e-08,"Method: equity_%, ATR: 1066086.14, Risk: 3159.87"
2024-01-12 07:00:00,USDJPY,2042922.7791011499,-3286.5219081406613,equity_%,-4.7049282240351606e-07,3158.940785032475,9.789895244498496e-07,1.957979048899699e-08,"Method: equity_%, ATR: 2042922.78, Risk: 3158.94"
2024-01-12 08:00:00,USDJPY,2130858.3937485944,-3207.827691888236,equity_%,-4.6232773273659337e-07,3160.2072651404246,9.385888831784882e-07,1.8771777663569763e-08,"Method: equity_%, ATR: 2130858.39, Risk: 3160.21"
2024-01-12 09:00:00,USDJPY,2344591.7450233763,-3379.7436904572974,equity_%,-3.994319883145701e-07,3165.1466704985273,8.530269733505607e-07,1.7060539467011213e-08,"Method: equity_%, ATR: 2344591.75, Risk: 3165.15"
2024-01-12 10:00:00,USDJPY,1830810.583448265,-3544.1950961153857,equity_%,-4.886164302125548e-07,3170.509808660464,1.0924122998202647e-06,2.1848245996405292e-08,"Method: equity_%, ATR: 1830810.58, Risk: 3170.51"
2024-01-12 11:00:00,USDJPY,2616829.326474353,-3622.5516571276057,equity_%,-3.344843474791819e-07,3170.7776240346484,7.642837000357964e-07,1.5285674000715932e-08,"Method: equity_%, ATR: 2616829.33, Risk: 3170.78"
2024-01-12 12:00:00,USDJPY,849675.1895673515,-3664.0961052305142,equity_%,-1.0200772628807553e-06,3175.797925734827,2.3538406494114367e-06,4.707681298822874e-08,"Method: equity_%, ATR: 849675.19, Risk: 3175.80"
2024-01-12 13:00:00,USDJPY,2189939.9412242793,-3789.199895403234,equity_%,-3.8302689187159066e-07,3178.4031871374737,9.132670546580862e-07,1.8265341093161724e-08,"Method: equity_%, ATR: 2189939.94, Risk: 3178.40"
2024-01-12 14:00:00,USDJPY,1604301.1784290774,-3860.0404754912515,equity_%,-5.13897060443443e-07,3182.393616133211,1.2466487134032957e-06,2.4932974268065914e-08,"Method: equity_%, ATR: 1604301.18, Risk: 3182.39"
2024-01-12 15:00:00,USDJPY,2149382.996076324,-3939.564559614258,equity_%,-3.76130286847667e-07,3184.9332579395264,9.30499591580923e-07,1.8609991831618463e-08,"Method: equity_%, ATR: 2149383.00, Risk: 3184.93"
2024-01-12 16:00:00,USDJPY,530683.2255852441,-3893.268227204448,equity_%,-1.5423049569647252e-06,3186.544150427247,3.7687266217890628e-06,7.537453243578125e-08,"Method: equity_%, ATR: 530683.23, Risk: 3186.54"
2024-01-12 17:00:00,USDJPY,1483942.4131183524,-3956.765688045917,equity_%,-5.43626297954001e-07,3191.962924679053,1.347761194989505e-06,2.69552238997901e-08,"Method: equity_%, ATR: 1483942.41, Risk: 3191.96"
2024-01-12 18:00:00,USDJPY,2715511.785705216,-4028.7368731777615,equity_%,-2.9176249047850976e-07,3191.905704750577,7.365094162095864e-07,1.4730188324191727e-08,"Method: equity_%, ATR: 2715511.79, Risk: 3191.91"
2024-01-12 19:00:00,USDJPY,1982248.804192668,-4125.203746537132,equity_%,-3.9093063810966573e-07,3196.710271031285,1.0089550795892958e-06,2.0179101591785915e-08,"Method: equity_%, ATR: 1982248.80, Risk: 3196.71"
2024-01-12 20:00:00,USDJPY,1180449.111456751,-4081.5212293853606,equity_%,-6.64552297478386e-07,3201.8316488987407,1.6942704099559787e-06,3.388540819911957e-08,"Method: equity_%, ATR: 1180449.11, Risk: 3201.83"
2024-01-12 21:00:00,USDJPY,2289927.7320480677,-4157.459790610896,equity_%,-3.367082600591286e-07,3205.557745541294,8.733900079070349e-07,1.7467800158140698e-08,"Method: equity_%, ATR: 2289927.73, Risk: 3205.56"
2024-01-12 22:00:00,USDJPY,3386182.9718050105,-4346.579475569257,equity_%,-2.178520187184434e-07,3206.414287577672,5.906355376106262e-07,1.1812710752212524e-08,"Method: equity_%, ATR: 3386182.97, Risk: 3206.41"
2024-01-12 23:00:00,USDJPY,3650321.62299417,-4636.666283926018,equity_%,-1.8953275641169493e-07,3207.90315827363,5.478969270547463e-07,1.0957938541094927e-08,"Method: equity_%, ATR: 3650321.62, Risk: 3207.90"
2024-01-13 00:00:00,USDJPY,1560681.760850748,-4559.118162340784,equity_%,-4.5062595729949116e-07,3206.3535470430843,1.2814912368231776e-06,2.5629824736463555e-08,"Method: equity_%, ATR: 1560681.76, Risk: 3206.35"
2024-01-13 01:00:00,USDJPY,2495490.1327584866,-4486.93700567939,equity_%,-2.8636400279426337e-07,3206.448387103198,8.014457656016546e-07,1.602891531203309e-08,"Method: equity_%, ATR: 2495490.13, Risk: 3206.45"
2024-01-13 02:00:00,USDJPY,2405289.068764405,-4360.30865873473,equity_%,-3.05944904389225e-07,3208.6898106094086,8.315008894242381e-07,1.6630017788484762e-08,"Method: equity_%, ATR: 2405289.07, Risk: 3208.69"
2024-01-13 03:00:00,USDJPY,1105299.095997907,-4291.318069603439,equity_%,-6.760927556160035e-07,3206.836385997875,1.8094649739981215e-06,3.618929947996243e-08,"Method: equity_%, ATR: 1105299.10, Risk: 3206.84"
2024-01-13 04:00:00,USDJPY,1505050.99532852,-4351.688761230252,equity_%,-4.896914194668137e-07,3207.2405633418784,1.3288586275200884e-06,2.6577172550401767e-08,"Method: equity_%, ATR: 1505051.00, Risk: 3207.24"
2024-01-13 05:00:00,USDJPY,2322685.993159439,-4507.123043017934,equity_%,-3.0683382080702815e-07,3212.1302206250148,8.610720544620391e-07,1.722144108924078e-08,"Method: equity_%, ATR: 2322685.99, Risk: 3212.13"
2024-01-13 06:00:00,USDJPY,1418895.3332480106,-4566.248252456508,equity_%,-4.958801421960147e-07,3212.821492479467,1.409547239416015e-06,2.8190944788320302e-08,"Method: equity_%, ATR: 1418895.33, Risk: 3212.82"
2024-01-13 07:00:00,USDJPY,1108109.0897005652,-4667.104494220461,equity_%,-6.218290029993949e-07,3215.888749150442,1.8048764499715844e-06,3.609752899943169e-08,"Method: equity_%, ATR: 1108109.09, Risk: 3215.89"
2024-01-13 08:00:00,USDJPY,2162036.2994124754,-4771.952423344683,equity_%,-3.1191042418276286e-07,3218.021754060552,9.250538487922205e-07,1.850107697584441e-08,"Method: equity_%, ATR: 2162036.30, Risk: 3218.02"
2024-01-13 09:00:00,USDJPY,340527.63981224416,-4760.632973175473,equity_%,-1.9852893425842274e-06,3218.4063751875387,5.873238369439658e-06,1.1746476738879315e-07,"Method: equity_%, ATR: 340527.64, Risk: 3218.41"
2024-01-13 10:00:00,USDJPY,2556997.738097634,-4545.806441628682,equity_%,-2.769444602557508e-07,3219.096277869836,7.821672933852372e-07,1.5643345867704744e-08,"Method: equity_%, ATR: 2556997.74, Risk: 3219.10"
2024-01-13 11:00:00,USDJPY,1161318.6080578088,-4498.593322886395,equity_%,-6.164328090957807e-07,3220.430008364719,1.722180275182883e-06,3.4443605503657666e-08,"Method: equity_%, ATR: 1161318.61, Risk: 3220.43"
2024-01-13 12:00:00,USDJPY,1688204.47230456,-4387.0704739770135,equity_%,-4.34405861111253e-07,3217.327963387667,1.1846906182340633e-06,2.3693812364681264e-08,"Method: equity_%, ATR: 1688204.47, Risk: 3217.33"
2024-01-13 13:00:00,USDJPY,1953074.170635382,-4277.71680296262,equity_%,-3.854384487622006e-07,3220.221912989418,1.0240266499194713e-06,2.0480532998389426e-08,"Method: equity_%, ATR: 1953074.17, Risk: 3220.22"
2024-01-13 14:00:00,USDJPY,2870807.771359832,-4356.201487097292,equity_%,-2.5755895288741466e-07,3220.98515283931,6.966680318872931e-07,1.3933360637745862e-08,"Method: equity_%, ATR: 2870807.77, Risk: 3220.99"
2024-01-13 15:00:00,USDJPY,1973105.2691959122,-4462.0497993922645,equity_%,-3.661874802714998e-07,3223.948987165848,1.0136306618931934e-06,2.027261323786387e-08,"Method: equity_%, ATR: 1973105.27, Risk: 3223.95"
2024-01-13 16:00:00,USDJPY,3413074.0683068596,-4256.143967386298,equity_%,-2.220574607687757e-07,3225.7253883929516,5.859820091722035e-07,1.171964018344407e-08,"Method: equity_%, ATR: 3413074.07, Risk: 3225.73"
2024-01-13 17:00:00,USDJPY,1324591.1947119113,-4164.821700488617,equity_%,-5.848439045206719e-07,3226.4002691580013,1.5098998151161536e-06,3.0197996302323075e-08,"Method: equity_%, ATR: 1324591.19, Risk: 3226.40"
2024-01-13 18:00:00,USDJPY,1510165.2369013163,-4083.617069225146,equity_%,-5.234033699109186e-07,3227.7953664141014,1.3243583888235754e-06,2.6487167776471507e-08,"Method: equity_%, ATR: 1510165.24, Risk: 3227.80"
2024-01-13 19:00:00,USDJPY,2292324.8726690053,-4160.8183437950465,equity_%,-3.3856311631714534e-07,3229.1971882887583,8.724766824483107e-07,1.7449533648966218e-08,"Method: equity_%, ATR: 2292324.87, Risk: 3229.20"
2024-01-13 20:00:00,USDJPY,454507.7064851921,-4154.323710239829,equity_%,-1.712317165030516e-06,3233.149568488218,4.400365431570873e-06,8.800730863141745e-08,"Method: equity_%, ATR: 454507.71, Risk: 3233.15"
2024-01-13 21:00:00,USDJPY,1652390.8684902245,-4066.100668070897,equity_%,-4.813777519322933e-07,3234.2748774737747,1.2103673762294406e-06,2.420734752458881e-08,"Method: equity_%, ATR: 1652390.87, Risk: 3234.27"
2024-01-13 22:00:00,USDJPY,1352307.2395944973,-4175.339759380212,equity_%,-5.730880458224155e-07,3235.851208489059,1.4789538511970992e-06,2.9579077023941983e-08,"Method: equity_%, ATR: 1352307.24, Risk: 3235.85"
2024-01-13 23:00:00,USDJPY,2040166.168671949,-4324.036220790566,equity_%,-3.6663094572252777e-07,3234.3274289236056,9.803123052971241e-07,1.9606246105942483e-08,"Method: equity_%, ATR: 2040166.17, Risk: 3234.33"
2024-01-14 00:00:00,USDJPY,2205275.5924993837,-4291.799210666356,equity_%,-3.4182462289965636e-07,3235.233342027009,9.069161273096341e-07,1.8138322546192682e-08,"Method: equity_%, ATR: 2205275.59, Risk: 3235.23"
2024-01-14 01:00:00,USDJPY,1868142.9084382944,-4447.620952431343,equity_%,-3.898451352367728e-07,3239.141962230602,1.070581908357286e-06,2.141163816714572e-08,"Method: equity_%, ATR: 1868142.91, Risk: 3239.14"
2024-01-14 02:00:00,USDJPY,1236396.8149281482,-4495.937093019256,equity_%,-5.830433877554892e-07,3240.9996042426264,1.6176036494531317e-06,3.2352072989062625e-08,"Method: equity_%, ATR: 1236396.81, Risk: 3241.00"
2024-01-14 03:00:00,USDJPY,603106.7821724173,-4479.196351862715,equity_%,-1.1993030152520958e-06,3239.837580103101,3.3161623432519055e-06,6.632324686503811e-08,"Method: equity_%, ATR: 603106.78, Risk: 3239.84"
2024-01-14 04:00:00,USDJPY,297817.6202197847,-4485.902980193237,equity_%,-2.424353373596924e-06,3238.889923431285,6.715519379021402e-06,1.3431038758042805e-07,"Method: equity_%, ATR: 297817.62, Risk: 3238.89"
2024-01-14 05:00:00,USDJPY,1450606.2292501791,-4579.87957802503,equity_%,-4.87447473235553e-07,3238.4069325764635,1.3787339111550645e-06,2.7574678223101295e-08,"Method: equity_%, ATR: 1450606.23, Risk: 3238.41"
2024-01-14 06:00:00,USDJPY,740906.5357662893,-4525.600206167028,equity_%,-9.667047363264211e-07,3241.4061946636502,2.6993958123631366e-06,5.398791624726274e-08,"Method: equity_%, ATR: 740906.54, Risk: 3241.41"
2024-01-14 07:00:00,USDJPY,899297.9559252035,-4556.538113054498,equity_%,-7.917053043771227e-07,3244.159275688235,2.223957017607571e-06,4.4479140352151416e-08,"Method: equity_%, ATR: 899297.96, Risk: 3244.16"
2024-01-14 08:00:00,USDJPY,1136636.8907122705,-4629.861592242859,equity_%,-6.153478979291995e-07,3238.2507659825533,1.7595768854085896e-06,3.519153770817179e-08,"Method: equity_%, ATR: 1136636.89, Risk: 3238.25"
2024-01-14 09:00:00,USDJPY,786184.5559588892,-4657.993397297948,equity_%,-8.845031210034928e-07,3239.087994593985,2.543931936643873e-06,5.0878638732877456e-08,"Method: equity_%, ATR: 786184.56, Risk: 3239.09"
2024-01-14 10:00:00,USDJPY,3068121.424308765,-4813.50636004495,equity_%,-2.194129659311189e-07,3240.3832707947586,6.518646831099886e-07,1.3037293662199774e-08,"Method: equity_%, ATR: 3068121.42, Risk: 3240.38"
2024-01-14 11:00:00,USDJPY,2886124.695013277,-4910.131600229293,equity_%,-2.2859370282728405e-07,3239.45898373704,6.929707519067533e-07,1.3859415038135065e-08,"Method: equity_%, ATR: 2886124.70, Risk: 3239.46"
2024-01-14 12:00:00,USDJPY,1569067.512567226,-4967.064336963159,equity_%,-4.1568125006575687e-07,3239.678033743152,1.2746424127587121e-06,2.549284825517424e-08,"Method: equity_%, ATR: 1569067.51, Risk: 3239.68"
2024-01-14 13:00:00,USDJPY,1731410.3608417918,-5032.493425368944,equity_%,-3.722281845527265e-07,3243.340030841411,1.1551276607976534e-06,2.3102553215953066e-08,"Method: equity_%, ATR: 1731410.36, Risk: 3243.34"
2024-01-14 14:00:00,USDJPY,3041783.2414848,-5073.735317571471,equity_%,-2.1027117342379926e-07,3245.1577172650404,6.575090469049105e-07,1.3150180938098209e-08,"Method: equity_%, ATR: 3041783.24, Risk: 3245.16"
2024-01-14 15:00:00,USDJPY,830732.2100573129,-5034.209754421693,equity_%,-7.759675569402986e-07,3245.1585519844166,2.407514691000146e-06,4.815029382000292e-08,"Method: equity_%, ATR: 830732.21, Risk: 3245.16"
2024-01-14 16:00:00,USDJPY,2784079.0336797726,-5149.471435466159,equity_%,-2.2639946343848273e-07,3245.7839352612004,7.183704111145726e-07,1.4367408222291452e-08,"Method: equity_%, ATR: 2784079.03, Risk: 3245.78"
2024-01-14 17:00:00,USDJPY,2102361.610208145,-5080.580383186629,equity_%,-3.0392867608972637e-07,3246.328189003209,9.513111304396342e-07,1.9026222608792684e-08,"Method: equity_%, ATR: 2102361.61, Risk: 3246.33"
2024-01-14 18:00:00,USDJPY,7104193.7728347145,-5504.307672372314,equity_%,-8.305850170696069e-08,3247.8920993995803,2.8152385252323437e-07,5.6304770504646866e-09,"Method: equity_%, ATR: 7104193.77, Risk: 3247.89"
2024-01-14 19:00:00,USDJPY,1138919.7893074835,-5515.954647450192,equity_%,-5.167007077460522e-07,3246.032638087108,1.7560499156978329e-06,3.512099831395666e-08,"Method: equity_%, ATR: 1138919.79, Risk: 3246.03"
2024-01-14 20:00:00,USDJPY,1571499.4018561994,-5486.849134629095,equity_%,-3.7641785606737637e-07,3245.6931274875283,1.2726699085202777e-06,2.5453398170405553e-08,"Method: equity_%, ATR: 1571499.40, Risk: 3245.69"
2024-01-14 21:00:00,USDJPY,948260.5594038796,-5494.5387578955215,equity_%,-6.235326863768712e-07,3248.763920387138,2.1091249447907994e-06,4.218249889581599e-08,"Method: equity_%, ATR: 948260.56, Risk: 3248.76"
2024-01-14 22:00:00,USDJPY,682516.9740707406,-5513.505931489156,equity_%,-8.635572091566963e-07,3249.6187874132197,2.9303300518247725e-06,5.860660103649545e-08,"Method: equity_%, ATR: 682516.97, Risk: 3249.62"
2024-01-14 23:00:00,USDJPY,428057.5839339599,-5515.327401716164,equity_%,-1.3761487689006763e-06,3248.9189709076995,4.672268580361274e-06,9.344537160722548e-08,"Method: equity_%, ATR: 428057.58, Risk: 3248.92"
2024-01-15 00:00:00,USDJPY,2380058.5353292627,-5448.420840252464,equity_%,-2.5049442758218796e-07,3248.301650824384,8.403154671669936e-07,1.6806309343339876e-08,"Method: equity_%, ATR: 2380058.54, Risk: 3248.30"
2024-01-15 01:00:00,USDJPY,1846096.158508035,-5391.025301160707,equity_%,-3.266306931625855e-07,3250.7433380286457,1.0833671858221873e-06,2.1667343716443742e-08,"Method: equity_%, ATR: 1846096.16, Risk: 3250.74"
2024-01-15 02:00:00,USDJPY,1466040.0808841223,-5423.77131930941,equity_%,-4.088186591967041e-07,3250.707727497985,1.364219182052556e-06,2.7284383641051122e-08,"Method: equity_%, ATR: 1466040.08, Risk: 3250.71"
2024-01-15 03:00:00,USDJPY,809360.3035057914,-5398.804335890715,equity_%,-7.444036007336716e-07,3252.729534256158,2.4710873406280035e-06,4.942174681256007e-08,"Method: equity_%, ATR: 809360.30, Risk: 3252.73"
2024-01-15 04:00:00,USDJPY,2922974.884222458,-5616.7501238453,equity_%,-1.9810885841914947e-07,3252.4758656143754,6.84234411590581e-07,1.3684688231811619e-08,"Method: equity_%, ATR: 2922974.88, Risk: 3252.48"
2024-01-15 05:00:00,USDJPY,1531049.1196809562,-5496.177022276616,equity_%,-3.863633995542824e-07,3251.215935829042,1.3062938179388816e-06,2.612587635877763e-08,"Method: equity_%, ATR: 1531049.12, Risk: 3251.22"
2024-01-15 06:00:00,USDJPY,4679415.365757995,-5275.710360022674,equity_%,-1.3175651937644826e-07,3252.7048317460367,4.274038194247862e-07,8.548076388495725e-09,"Method: equity_%, ATR: 4679415.37, Risk: 3252.70"
2024-01-15 07:00:00,USDJPY,1353215.786974788,-5277.001743729162,equity_%,-4.5561484062935577e-07,3253.5100697342095,1.4779608834383651e-06,2.95592176687673e-08,"Method: equity_%, ATR: 1353215.79, Risk: 3253.51"
2024-01-15 08:00:00,USDJPY,1771716.044442146,-5300.631455660025,equity_%,-3.466943027016445e-07,3255.88031841104,1.1288490648792047e-06,2.2576981297584097e-08,"Method: equity_%, ATR: 1771716.04, Risk: 3255.88"
2024-01-15 09:00:00,USDJPY,1923717.5707575171,-5134.678854019824,equity_%,-3.2990046537215954e-07,3258.648567053103,1.0396536531152256e-06,2.0793073062304514e-08,"Method: equity_%, ATR: 1923717.57, Risk: 3258.65"
2024-01-15 10:00:00,USDJPY,1368997.6663293692,-5199.090364530845,equity_%,-4.5787328961385254e-07,3258.9326332755963,1.4609228702065714e-06,2.921845740413143e-08,"Method: equity_%, ATR: 1368997.67, Risk: 3258.93"
2024-01-15 11:00:00,USDJPY,1249301.452952741,-5237.914905536794,equity_%,-4.982828078235881e-07,3260.6305009302987,1.6008946401790958e-06,3.2017892803581925e-08,"Method: equity_%, ATR: 1249301.45, Risk: 3260.63"
2024-01-15 12:00:00,USDJPY,874509.1278002292,-5292.29648758671,equity_%,-7.045676390453196e-07,3260.8528813593803,2.2869972838715472e-06,4.573994567743095e-08,"Method: equity_%, ATR: 874509.13, Risk: 3260.85"
2024-01-15 13:00:00,USDJPY,1194850.2053835273,-5268.622082632657,equity_%,-5.183493497233301e-07,3263.1201752875227,1.6738499863738423e-06,3.3476999727476846e-08,"Method: equity_%, ATR: 1194850.21, Risk: 3263.12"
2024-01-15 14:00:00,USDJPY,1086253.5489645142,-5344.936201229516,equity_%,-5.622824307583737e-07,3264.5870062097374,1.8411907624205483e-06,3.682381524841096e-08,"Method: equity_%, ATR: 1086253.55, Risk: 3264.59"
2024-01-15 15:00:00,USDJPY,3424344.8761116904,-5096.976786329475,equity_%,-1.8702736063556575e-07,3264.3393331750117,5.840533218345052e-07,1.1681066436690102e-08,"Method: equity_%, ATR: 3424344.88, Risk: 3264.34"
2024-01-15 16:00:00,USDJPY,2345243.8892546343,-5050.287376558429,equity_%,-2.755725511536846e-07,3263.9241773929743,8.527897713169781e-07,1.7055795426339563e-08,"Method: equity_%, ATR: 2345243.89, Risk: 3263.92"
2024-01-15 17:00:00,USDJPY,1673114.5144499806,-5054.230296212031,equity_%,-3.861569681842115e-07,3265.4615132431823,1.1953754406687936e-06,2.3907508813375868e-08,"Method: equity_%, ATR: 1673114.51, Risk: 3265.46"
2024-01-15 18:00:00,USDJPY,3413994.380305485,-4939.591773332556,equity_%,-1.9383518575412156e-07,3268.785895348487,5.858240457387746e-07,1.1716480914775492e-08,"Method: equity_%, ATR: 3413994.38, Risk: 3268.79"
2024-01-15 19:00:00,USDJPY,1699659.780345728,-4937.171285469622,equity_%,-3.8986879805332847e-07,3271.588487770899,1.176706081491897e-06,2.3534121629837943e-08,"Method: equity_%, ATR: 1699659.78, Risk: 3271.59"
2024-01-15 20:00:00,USDJPY,1435631.5962991265,-4847.008189604523,equity_%,-4.700285922716615e-07,3270.7024689629397,1.3931150617997979e-06,2.7862301235995957e-08,"Method: equity_%, ATR: 1435631.60, Risk: 3270.70"
2024-01-15 21:00:00,USDJPY,1273657.5451702084,-4868.939329303688,equity_%,-5.273078953041772e-07,3270.026782370894,1.5702808086711604e-06,3.1405616173423207e-08,"Method: equity_%, ATR: 1273657.55, Risk: 3270.03"
2024-01-15 22:00:00,USDJPY,1119697.596777578,-4855.102041305804,equity_%,-6.014528728398685e-07,3269.645826947761,1.7861965639257234e-06,3.572393127851447e-08,"Method: equity_%, ATR: 1119697.60, Risk: 3269.65"
2024-01-15 23:00:00,USDJPY,2539767.1469976013,-4669.87832146218,equity_%,-2.75661168669062e-07,3269.4527010885918,7.874737659963476e-07,1.574947531992695e-08,"Method: equity_%, ATR: 2539767.15, Risk: 3269.45"
2024-01-16 00:00:00,USDJPY,2585295.5333105093,-4571.417027440695,equity_%,-2.764165778917134e-07,3266.8193808815536,7.736059472624277e-07,1.5472118945248554e-08,"Method: equity_%, ATR: 2585295.53, Risk: 3266.82"
2024-01-16 01:00:00,USDJPY,3196354.650528883,-4719.596063583595,equity_%,-2.1672459346577075e-07,3269.399467289813,6.257127943136946e-07,1.2514255886273892e-08,"Method: equity_%, ATR: 3196354.65, Risk: 3269.40"
2024-01-16 02:00:00,USDJPY,2262803.8014650336,-4747.725166036493,equity_%,-3.0433173199471235e-07,3269.4877018190687,8.838592186848532e-07,1.7677184373697062e-08,"Method: equity_%, ATR: 2262803.80, Risk: 3269.49"
2024-01-16 03:00:00,USDJPY,1358774.0276953808,-4862.009856401586,equity_%,-4.951903247550099e-07,3271.411850330864,1.4719150934848258e-06,2.9438301869696517e-08,"Method: equity_%, ATR: 1358774.03, Risk: 3271.41"
2024-01-16 04:00:00,USDJPY,1536786.6930419586,-4787.755756055238,equity_%,-4.4467074623587827e-07,3271.7803343144296,1.3014167867637792e-06,2.6028335735275583e-08,"Method: equity_%, ATR: 1536786.69, Risk: 3271.78"
2024-01-16 05:00:00,USDJPY,2645652.6598127494,-4900.462645599365,equity_%,-2.5242993319001343e-07,3272.734402513801,7.559571331414131e-07,1.5119142662828262e-08,"Method: equity_%, ATR: 2645652.66, Risk: 3272.73"
2024-01-16 06:00:00,USDJPY,630566.6926146023,-4884.45801477873,equity_%,-1.0624639483254935e-06,3272.3640307569804,3.171750147010041e-06,6.343500294020082e-08,"Method: equity_%, ATR: 630566.69, Risk: 3272.36"
2024-01-16 07:00:00,USDJPY,1315793.7715067782,-4914.043225232113,equity_%,-5.062441398788686e-07,3273.307515250384,1.5199950351715864e-06,3.039990070343172e-08,"Method: equity_%, ATR: 1315793.77, Risk: 3273.31"
2024-01-16 08:00:00,USDJPY,1556390.036232051,-4894.395407942861,equity_%,-4.296064473182001e-07,3272.565023626755,1.2850249316950838e-06,2.5700498633901672e-08,"Method: equity_%, ATR: 1556390.04, Risk: 3272.57"
2024-01-16 09:00:00,USDJPY,2944221.364733303,-4835.941889473754,equity_%,-2.2991320149988644e-07,3273.5233445212125,6.792967485246024e-07,1.358593497049205e-08,"Method: equity_%, ATR: 2944221.36, Risk: 3273.52"
2024-01-16 10:00:00,USDJPY,1404936.3911540513,-4809.217481995324,equity_%,-4.850688409383507e-07,3277.4377906713444,1.423551993238034e-06,2.847103986476068e-08,"Method: equity_%, ATR: 1404936.39, Risk: 3277.44"
2024-01-16 11:00:00,USDJPY,1839100.7322363476,-4720.165455517915,equity_%,-3.7778274229119323e-07,3279.4790001076663,1.087488012452694e-06,2.1749760249053877e-08,"Method: equity_%, ATR: 1839100.73, Risk: 3279.48"
2024-01-16 12:00:00,USDJPY,1212270.6558950904,-4686.937136007682,equity_%,-5.774649071757998e-07,3281.061103909719,1.649796594740869e-06,3.299593189481738e-08,"Method: equity_%, ATR: 1212270.66, Risk: 3281.06"
2024-01-16 13:00:00,USDJPY,2156891.2107726736,-4621.247658464007,equity_%,-3.2901051010866485e-07,3279.421622273651,9.272604895466796e-07,1.8545209790933593e-08,"Method: equity_%, ATR: 2156891.21, Risk: 3279.42"
2024-01-16 14:00:00,USDJPY,4080846.616222316,-4391.316260908797,equity_%,-1.8311960812329226e-07,3281.556135077767,4.90094381898485e-07,9.8018876379697e-09,"Method: equity_%, ATR: 4080846.62, Risk: 3281.56"
2024-01-16 15:00:00,USDJPY,2210966.269448081,-4440.059863283235,equity_%,-3.34516083086401e-07,3283.8850418464863,9.045818688582959e-07,1.8091637377165922e-08,"Method: equity_%, ATR: 2210966.27, Risk: 3283.89"
2024-01-16 16:00:00,USDJPY,2297919.1227864977,-4256.198504526857,equity_%,-3.359189394565187e-07,3285.4215732655507,8.703526508690892e-07,1.7407053017381783e-08,"Method: equity_%, ATR: 2297919.12, Risk: 3285.42"
2024-01-16 17:00:00,USDJPY,1311404.395588952,-4173.176936564552,equity_%,-6.005877497524061e-07,3286.850138249027,1.525082580725833e-06,3.050165161451667e-08,"Method: equity_%, ATR: 1311404.40, Risk: 3286.85"
2024-01-16 18:00:00,USDJPY,2294665.105543545,-4293.372879180841,equity_%,-3.3370065498399867e-07,3287.5697758618057,8.715868800062889e-07,1.7431737600125777e-08,"Method: equity_%, ATR: 2294665.11, Risk: 3287.57"
2024-01-16 19:00:00,USDJPY,2956659.0474853637,-4241.817548324415,equity_%,-2.623163249901236e-07,3289.8685808934506,6.764391726874963e-07,1.3528783453749925e-08,"Method: equity_%, ATR: 2956659.05, Risk: 3289.87"
2024-01-16 20:00:00,USDJPY,547146.0957600994,-4277.812411503417,equity_%,-1.4071943017441335e-06,3293.6626020034237,3.6553308439889086e-06,7.310661687977817e-08,"Method: equity_%, ATR: 547146.10, Risk: 3293.66"
2024-01-16 21:00:00,USDJPY,525843.3756776322,-4265.849898835858,equity_%,-1.469048381635855e-06,3295.323658349234,3.803413891869769e-06,7.606827783739538e-08,"Method: equity_%, ATR: 525843.38, Risk: 3295.32"
2024-01-16 22:00:00,USDJPY,1194967.6939498477,-4259.826721035295,equity_%,-6.471807999882962e-07,3294.38022399068,1.6736854143639628e-06,3.3473708287279256e-08,"Method: equity_%, ATR: 1194967.69, Risk: 3294.38"
2024-01-16 23:00:00,USDJPY,2967164.6389811123,-4051.377520247145,equity_%,-2.739839666623306e-07,3293.589789702375,6.740441611243976e-07,1.3480883222487955e-08,"Method: equity_%, ATR: 2967164.64, Risk: 3293.59"
2024-01-17 00:00:00,USDJPY,1273938.3359192517,-4092.9136441801616,equity_%,-6.321378342358693e-07,3296.042269448917,1.5699347006123617e-06,3.1398694012247233e-08,"Method: equity_%, ATR: 1273938.34, Risk: 3296.04"
2024-01-17 01:00:00,USDJPY,1838294.0710223557,-4221.422062270566,equity_%,-4.246164601940697e-07,3295.1150866388753,1.0879652127081674e-06,2.1759304254163347e-08,"Method: equity_%, ATR: 1838294.07, Risk: 3295.12"
2024-01-17 02:00:00,USDJPY,4771868.480615148,-4331.5521698923285,equity_%,-1.594862809027748e-07,3296.5171966134963,4.191230349546804e-07,8.382460699093607e-09,"Method: equity_%, ATR: 4771868.48, Risk: 3296.52"
2024-01-17 03:00:00,USDJPY,999619.8265158636,-4364.432375944283,equity_%,-7.556721400601476e-07,3296.826111130661,2.000760636141965e-06,4.00152127228393e-08,"Method: equity_%, ATR: 999619.83, Risk: 3296.83"
2024-01-17 04:00:00,USDJPY,1615097.6687112688,-4303.171630965681,equity_%,-4.7419589935048196e-07,3295.6816392239502,1.238315204550976e-06,2.4766304091019523e-08,"Method: equity_%, ATR: 1615097.67, Risk: 3295.68"
2024-01-17 05:00:00,USDJPY,2859654.1842925535,-4065.74678536083,equity_%,-2.8368893076878177e-07,3298.3461784010988,6.993852651784111e-07,1.3987705303568224e-08,"Method: equity_%, ATR: 2859654.18, Risk: 3298.35"
2024-01-17 06:00:00,USDJPY,892756.9288728546,-4046.7465540926833,equity_%,-9.136390964760455e-07,3300.7597191752225,2.240251445065892e-06,4.480502890131784e-08,"Method: equity_%, ATR: 892756.93, Risk: 3300.76"
2024-01-17 07:00:00,USDJPY,1442358.3970156277,-3959.0515026870908,equity_%,-5.777292433516041e-07,3299.0484205686867,1.386617919747397e-06,2.773235839494794e-08,"Method: equity_%, ATR: 1442358.40, Risk: 3299.05"
2024-01-17 08:00:00,USDJPY,130035.49535383172,-3961.197803394619,equity_%,-6.408532129929521e-06,3301.0113074933106,1.5380415897658725e-05,3.0760831795317446e-07,"Method: equity_%, ATR: 130035.50, Risk: 3301.01"
2024-01-17 09:00:00,USDJPY,1993202.5695138327,-4069.2987763505516,equity_%,-4.0718870313364633e-07,3302.6818274832094,1.0034103059017356e-06,2.0068206118034714e-08,"Method: equity_%, ATR: 1993202.57, Risk: 3302.68"
2024-01-17 10:00:00,USDJPY,188011.0954944712,-4076.965724183839,equity_%,-4.312189113590808e-06,3305.3567418879265,1.0637670052078462e-05,2.1275340104156925e-07,"Method: equity_%, ATR: 188011.10, Risk: 3305.36"
2024-01-17 11:00:00,USDJPY,2058800.5197766006,-3999.1083117061007,equity_%,-4.0162069766034964e-07,3306.690305765238,9.71439428341032e-07,1.9428788566820638e-08,"Method: equity_%, ATR: 2058800.52, Risk: 3306.69"
2024-01-17 12:00:00,USDJPY,1124261.4214090554,-4044.338418825065,equity_%,-7.280891584519987e-07,3310.5439780487495,1.7789456810617653e-06,3.5578913621235304e-08,"Method: equity_%, ATR: 1124261.42, Risk: 3310.54"
2024-01-17 13:00:00,USDJPY,4061695.4801607607,-4114.3677159702665,equity_%,-1.9814669842426615e-07,3311.290656285688,4.924052060940917e-07,9.848104121881834e-09,"Method: equity_%, ATR: 4061695.48, Risk: 3311.29"
2024-01-17 14:00:00,USDJPY,1150083.8621419598,-4171.026359392482,equity_%,-6.903743348160098e-07,3311.7464674907196,1.7390036203752347e-06,3.478007240750469e-08,"Method: equity_%, ATR: 1150083.86, Risk: 3311.75"
2024-01-17 15:00:00,USDJPY,663025.6908000957,-4184.6124356804485,equity_%,-1.1932925795244148e-06,3310.796885735524,3.01647436555065e-06,6.0329487311013e-08,"Method: equity_%, ATR: 663025.69, Risk: 3310.80"
2024-01-17 16:00:00,USDJPY,4730240.28554325,-4473.751047532887,equity_%,-1.5640969266955295e-07,3309.9290019206883,4.2281150201026356e-07,8.456230040205273e-09,"Method: equity_%, ATR: 4730240.29, Risk: 3309.93"
2024-01-17 17:00:00,USDJPY,1805832.9672692253,-4439.7963662571065,equity_%,-4.1270562944613206e-07,3308.8800319226575,1.1075221442127027e-06,2.2150442884254055e-08,"Method: equity_%, ATR: 1805832.97, Risk: 3308.88"
2024-01-17 18:00:00,USDJPY,2194911.786201974,-4441.285842980042,equity_%,-3.395812996802438e-07,3310.3168312134794,9.111983509190386e-07,1.822396701838077e-08,"Method: equity_%, ATR: 2194911.79, Risk: 3310.32"
2024-01-17 19:00:00,USDJPY,1547816.448121721,-4489.604580575234,equity_%,-4.7643383221972645e-07,3310.7786325761263,1.292142878069945e-06,2.5842857561398898e-08,"Method: equity_%, ATR: 1547816.45, Risk: 3310.78"
2024-01-17 20:00:00,USDJPY,253426.14066046735,-4474.5786286816365,equity_%,-2.921086845309501e-06,3312.44001902944,7.891845706159961e-06,1.5783691412319924e-07,"Method: equity_%, ATR: 253426.14, Risk: 3312.44"
2024-01-17 21:00:00,USDJPY,1285974.1541125367,-4369.491257617988,equity_%,-5.892490469972453e-07,3311.021521520517,1.5552412104115885e-06,3.110482420823177e-08,"Method: equity_%, ATR: 1285974.15, Risk: 3311.02"
2024-01-17 22:00:00,USDJPY,1991856.448838189,-4404.238503635477,equity_%,-3.7734605897860466e-07,3310.310137120169,1.004088422720704e-06,2.008176845441408e-08,"Method: equity_%, ATR: 1991856.45, Risk: 3310.31"
2024-01-17 23:00:00,USDJPY,1596614.29404915,-4488.256030494472,equity_%,-4.618418514648338e-07,3309.5650503666184,1.2526506918135057e-06,2.5053013836270113e-08,"Method: equity_%, ATR: 1596614.29, Risk: 3309.57"
2024-01-18 00:00:00,USDJPY,4441553.380506894,-4850.487153871226,equity_%,-1.5386883212982245e-07,3314.9035918368695,4.502929107590168e-07,9.005858215180337e-09,"Method: equity_%, ATR: 4441553.38, Risk: 3314.90"
2024-01-18 01:00:00,USDJPY,1537253.6617480456,-4904.312537969473,equity_%,-4.397793351888972e-07,3315.5722291790466,1.3010214577897023e-06,2.6020429155794047e-08,"Method: equity_%, ATR: 1537253.66, Risk: 3315.57"
2024-01-18 02:00:00,USDJPY,5765077.371402267,-5233.909421544053,equity_%,-1.0991089289680379e-07,3316.4394965355045,3.4691641952994825e-07,6.9383283905989636e-09,"Method: equity_%, ATR: 5765077.37, Risk: 3316.44"
2024-01-18 03:00:00,USDJPY,3796117.5455254125,-5307.186658635416,equity_%,-1.6465643839005713e-07,3317.2845905209724,5.268540755165643e-07,1.0537081510331286e-08,"Method: equity_%, ATR: 3796117.55, Risk: 3317.28"
2024-01-18 04:00:00,USDJPY,2336542.3143809037,-5415.633483377079,equity_%,-2.62480467692307e-07,3321.39024916137,8.559656667420231e-07,1.7119313334840465e-08,"Method: equity_%, ATR: 2336542.31, Risk: 3321.39"
2024-01-18 05:00:00,USDJPY,2170728.3043846744,-5307.6746848628745,equity_%,-2.880838349230873e-07,3319.163570357871,9.213497589542558e-07,1.8426995179085117e-08,"Method: equity_%, ATR: 2170728.30, Risk: 3319.16"
2024-01-18 06:00:00,USDJPY,1643853.1606598918,-5360.36184610238,equity_%,-3.7677899305638816e-07,3320.043771309242,1.2166536816446185e-06,2.433307363289237e-08,"Method: equity_%, ATR: 1643853.16, Risk: 3320.04"
2024-01-18 07:00:00,USDJPY,2818082.583372507,-5185.5066680211185,equity_%,-2.2704140883808174e-07,3317.7983432085502,7.097024096456833e-07,1.4194048192913663e-08,"Method: equity_%, ATR: 2818082.58, Risk: 3317.80"
2024-01-18 08:00:00,USDJPY,1562220.5993020907,-5202.484853741669,equity_%,-4.077597862949803e-07,3314.0387146436897,1.280228925987459e-06,2.5604578519749175e-08,"Method: equity_%, ATR: 1562220.60, Risk: 3314.04"
2024-01-18 09:00:00,USDJPY,2253737.3138334807,-5313.462477851587,equity_%,-2.7670389162126655e-07,3313.570234748306,8.874148676174298e-07,1.7748297352348597e-08,"Method: equity_%, ATR: 2253737.31, Risk: 3313.57"
2024-01-18 10:00:00,USDJPY,1104490.540037841,-5304.983987515824,equity_%,-5.658341342901089e-07,3315.394562441313,1.8107896152116231e-06,3.621579230423246e-08,"Method: equity_%, ATR: 1104490.54, Risk: 3315.39"
2024-01-18 11:00:00,USDJPY,326534.3838144145,-5311.073368593955,equity_%,-1.91137534398877e-06,3314.799000989165,6.124929254423319e-06,1.224985850884664e-07,"Method: equity_%, ATR: 326534.38, Risk: 3314.80"
2024-01-18 12:00:00,USDJPY,888475.2693383143,-5345.959898008234,equity_%,-6.982658718025616e-07,3316.5905312922155,2.2510474618944492e-06,4.502094923788899e-08,"Method: equity_%, ATR: 888475.27, Risk: 3316.59"
2024-01-18 13:00:00,USDJPY,2104753.641776151,-5443.047690205644,equity_%,-2.8960579627064546e-07,3317.8034839012253,9.502299748070507e-07,1.9004599496141014e-08,"Method: equity_%, ATR: 2104753.64, Risk: 3317.80"
2024-01-18 14:00:00,USDJPY,845124.0617201074,-5480.743493986523,equity_%,-7.164488602425429e-07,3318.525352704287,2.3665164566836938e-06,4.733032913367387e-08,"Method: equity_%, ATR: 845124.06, Risk: 3318.53"
2024-01-18 15:00:00,USDJPY,603003.0305572563,-5492.737221612409,equity_%,-1.0029944680929255e-06,3322.0552798238305,3.3167329161708016e-06,6.633465832341603e-08,"Method: equity_%, ATR: 603003.03, Risk: 3322.06"
2024-01-18 16:00:00,USDJPY,1637139.1140385459,-5572.358927685068,equity_%,-3.6413051654979727e-07,3321.863206724135,1.2216432817772813e-06,2.443286563554563e-08,"Method: equity_%, ATR: 1637139.11, Risk: 3321.86"
2024-01-18 17:00:00,USDJPY,2348732.9967123787,-5588.0594320710625,equity_%,-2.5323124399148664e-07,3323.6245175668555,8.515229286596157e-07,1.7030458573192312e-08,"Method: equity_%, ATR: 2348733.00, Risk: 3323.62"
2024-01-18 18:00:00,USDJPY,825110.5431983615,-5620.173236438118,equity_%,-7.161589692867646e-07,3321.0183440433652,2.4239176392625344e-06,4.847835278525069e-08,"Method: equity_%, ATR: 825110.54, Risk: 3321.02"
2024-01-18 19:00:00,USDJPY,1678849.6747011868,-5519.444860823806,equity_%,-3.585259892809262e-07,3322.2159029184672,1.1912918888083137e-06,2.3825837776166275e-08,"Method: equity_%, ATR: 1678849.67, Risk: 3322.22"
2024-01-18 20:00:00,USDJPY,880077.2158795644,-5525.987948494709,equity_%,-6.832200652081231e-07,3322.7014708447778,2.2725278690474512e-06,4.545055738094903e-08,"Method: equity_%, ATR: 880077.22, Risk: 3322.70"
2024-01-18 21:00:00,USDJPY,1479510.840727953,-5575.404174331277,equity_%,-4.0264140526793015e-07,3321.336978040801,1.3517981382386862e-06,2.7035962764773722e-08,"Method: equity_%, ATR: 1479510.84, Risk: 3321.34"
2024-01-18 22:00:00,USDJPY,1560153.0618232482,-5531.9126050502555,equity_%,-3.850395424212835e-07,3323.133975598258,1.281925503939166e-06,2.563851007878332e-08,"Method: equity_%, ATR: 1560153.06, Risk: 3323.13"
2024-01-18 23:00:00,USDJPY,1675409.995930977,-5515.029159944306,equity_%,-3.595973434739133e-07,3322.6560735504545,1.1937376551753576e-06,2.387475310350715e-08,"Method: equity_%, ATR: 1675410.00, Risk: 3322.66"
2024-01-19 00:00:00,USDJPY,1046805.2010478005,-5531.772280090923,equity_%,-5.745639285453913e-07,3327.12044270481,1.910575146166735e-06,3.82115029233347e-08,"Method: equity_%, ATR: 1046805.20, Risk: 3327.12"
2024-01-19 01:00:00,USDJPY,991168.7568028355,-5608.033547183403,equity_%,-5.97867813715898e-07,3323.25280969412,2.0178198578931216e-06,4.035639715786244e-08,"Method: equity_%, ATR: 991168.76, Risk: 3323.25"
2024-01-19 02:00:00,USDJPY,1808215.4694310883,-5600.159212647111,equity_%,-3.2832832585968724e-07,3324.7493267776435,1.106062874591628e-06,2.2121257491832562e-08,"Method: equity_%, ATR: 1808215.47, Risk: 3324.75"
2024-01-19 03:00:00,USDJPY,563600.5003852369,-5572.531991260804,equity_%,-1.0589530915031108e-06,3325.83472132656,3.548612889152765e-06,7.09722577830553e-08,"Method: equity_%, ATR: 563600.50, Risk: 3325.83"
2024-01-19 04:00:00,USDJPY,1709708.37387953,-5641.522454435401,equity_%,-3.448573843633446e-07,3326.2729938154102,1.1697901411465652e-06,2.3395802822931303e-08,"Method: equity_%, ATR: 1709708.37, Risk: 3326.27"
2024-01-19 05:00:00,USDJPY,898280.4448891329,-5630.030345026586,equity_%,-6.576995948395509e-07,3326.214522414364,2.226476164965211e-06,4.452952329930422e-08,"Method: equity_%, ATR: 898280.44, Risk: 3326.21"
2024-01-19 06:00:00,USDJPY,3535370.0999004557,-5523.841341352493,equity_%,-1.70381578608184e-07,3327.35177881423,5.657116351287559e-07,1.131423270257512e-08,"Method: equity_%, ATR: 3535370.10, Risk: 3327.35"
2024-01-19 07:00:00,USDJPY,9317774.050601602,-5911.125007745586,equity_%,-6.046777810362643e-08,3330.476161429484,2.1464353923358661e-07,4.292870784671732e-09,"Method: equity_%, ATR: 9317774.05, Risk: 3330.48"
2024-01-19 08:00:00,USDJPY,1260535.1261893157,-5999.530023498142,equity_%,-4.4007665637442387e-07,3328.1317904113316,1.5866277412245844e-06,3.173255482449168e-08,"Method: equity_%, ATR: 1260535.13, Risk: 3328.13"
2024-01-19 09:00:00,USDJPY,751112.2582488861,-5990.221817221711,equity_%,-7.395591186131123e-07,3327.5198166177115,2.6627178268435165e-06,5.325435653687033e-08,"Method: equity_%, ATR: 751112.26, Risk: 3327.52"
2024-01-19 10:00:00,USDJPY,1857886.1375319047,-5897.605794869184,equity_%,-3.035862809153428e-07,3326.419182349067,1.0764922346946866e-06,2.1529844693893733e-08,"Method: equity_%, ATR: 1857886.14, Risk: 3326.42"
2024-01-19 11:00:00,USDJPY,1217916.7359302938,-5972.069571938876,equity_%,-4.5717084627227806e-07,3325.2245978096216,1.6421483842015848e-06,3.28429676840317e-08,"Method: equity_%, ATR: 1217916.74, Risk: 3325.22"
2024-01-19 12:00:00,USDJPY,423061.2819783255,-5997.121592932677,equity_%,-1.311278466909987e-06,3326.910095820492,4.727447500389471e-06,9.454895000778942e-08,"Method: equity_%, ATR: 423061.28, Risk: 3326.91"
2024-01-19 13:00:00,USDJPY,1365204.987798379,-5983.525185539702,equity_%,-4.0754013606471477e-07,3329.08877038996,1.4649814627657742e-06,2.9299629255315482e-08,"Method: equity_%, ATR: 1365204.99, Risk: 3329.09"
2024-01-19 14:00:00,USDJPY,979707.0950889883,-5970.47931698036,equity_%,-5.696762078524611e-07,3332.218976127424,2.0414264733056127e-06,4.082852946611225e-08,"Method: equity_%, ATR: 979707.10, Risk: 3332.22"
2024-01-19 15:00:00,USDJPY,4625697.318095563,-5560.162004748376,equity_%,-1.2964531873053893e-07,3334.429171792683,4.3236724378313104e-07,8.647344875662623e-09,"Method: equity_%, ATR: 4625697.32, Risk: 3334.43"
2024-01-19 16:00:00,USDJPY,1260866.8542513987,-5499.871815577003,equity_%,-4.811811110255302e-07,3336.8014556411667,1.5862103070251926e-06,3.172420614050385e-08,"Method: equity_%, ATR: 1260866.85, Risk: 3336.80"
2024-01-19 17:00:00,USDJPY,2937104.612565454,-5627.7515854981575,equity_%,-2.0176164869251659e-07,3334.9778391996842,6.809427187045519e-07,1.3618854374091037e-08,"Method: equity_%, ATR: 2937104.61, Risk: 3334.98"
2024-01-19 18:00:00,USDJPY,3270232.6699535297,-5435.905082227936,equity_%,-1.8782731192037236e-07,3338.944965682936,6.115772796155266e-07,1.2231545592310533e-08,"Method: equity_%, ATR: 3270232.67, Risk: 3338.94"
2024-01-19 19:00:00,USDJPY,2004604.816588917,-5325.785054503764,equity_%,-3.1280403995514303e-07,3339.5254506214274,9.977028806122734e-07,1.9954057612245466e-08,"Method: equity_%, ATR: 2004604.82, Risk: 3339.53"
2024-01-19 20:00:00,USDJPY,4258571.916263527,-5426.438384859016,equity_%,-1.4464533616518478e-07,3342.5914427796197,4.69641006263621e-07,9.39282012527242e-09,"Method: equity_%, ATR: 4258571.92, Risk: 3342.59"
2024-01-19 21:00:00,USDJPY,1811138.5188290752,-5314.044161632449,equity_%,-3.471192786503498e-07,3340.839108746784,1.1042777673863545e-06,2.208555534772709e-08,"Method: equity_%, ATR: 1811138.52, Risk: 3340.84"
2024-01-19 22:00:00,USDJPY,2607039.881422797,-5224.946716203961,equity_%,-2.452975686643044e-07,3341.3562690757476,7.671535883480601e-07,1.5343071766961202e-08,"Method: equity_%, ATR: 2607039.88, Risk: 3341.36"
2024-01-19 23:00:00,USDJPY,4162783.807255446,-5137.7121499770055,equity_%,-1.5636664243602695e-07,3344.242300892883,4.804477226307399e-07,9.608954452614799e-09,"Method: equity_%, ATR: 4162783.81, Risk: 3344.24"
2024-01-20 00:00:00,USDJPY,1525014.3659594324,-5218.7139869711655,equity_%,-4.203367864077674e-07,3345.298149778242,1.3114630554589821e-06,2.6229261109179645e-08,"Method: equity_%, ATR: 1525014.37, Risk: 3345.30"
2024-01-20 01:00:00,USDJPY,2603178.5560597475,-5123.993171059085,equity_%,-2.5075891558773614e-07,3344.7902100076612,7.682915162866364e-07,1.536583032573273e-08,"Method: equity_%, ATR: 2603178.56, Risk: 3344.79"
2024-01-20 02:00:00,USDJPY,1876076.1796950102,-5235.78595006399,equity_%,-3.4088371672379145e-07,3348.409836678046,1.0660547911893085e-06,2.132109582378617e-08,"Method: equity_%, ATR: 1876076.18, Risk: 3348.41"
2024-01-20 03:00:00,USDJPY,1019643.7046313985,-5304.840068650512,equity_%,-6.187905455398737e-07,3347.067007893858,1.9614694730283264e-06,3.922938946056653e-08,"Method: equity_%, ATR: 1019643.70, Risk: 3347.07"
2024-01-20 04:00:00,USDJPY,1014939.1593743712,-5341.424163515275,equity_%,-6.175779279399716e-07,3348.0261544093637,1.9705614681700133e-06,3.9411229363400274e-08,"Method: equity_%, ATR: 1014939.16, Risk: 3348.03"
2024-01-20 05:00:00,USDJPY,1254686.242177213,-5240.349473715004,equity_%,-5.095527536117804e-07,3350.306495831129,1.5940240139474793e-06,3.188048027894959e-08,"Method: equity_%, ATR: 1254686.24, Risk: 3350.31"
2024-01-20 06:00:00,USDJPY,2188178.7966969386,-5381.930304723428,equity_%,-2.8492863233643583e-07,3355.4978764910497,9.14002092982075e-07,1.82800418596415e-08,"Method: equity_%, ATR: 2188178.80, Risk: 3355.50"
2024-01-20 07:00:00,USDJPY,1451321.651214239,-5366.979970417117,equity_%,-4.307984175372476e-07,3355.5811653055584,1.3780542709651666e-06,2.7561085419303333e-08,"Method: equity_%, ATR: 1451321.65, Risk: 3355.58"
2024-01-20 08:00:00,USDJPY,1748210.8109973434,-5267.673548980614,equity_%,-3.644290216952382e-07,3356.0282627982383,1.1440267886565765e-06,2.2880535773131525e-08,"Method: equity_%, ATR: 1748210.81, Risk: 3356.03"
2024-01-20 09:00:00,USDJPY,2280482.2740832516,-5133.863646603867,equity_%,-2.8666118605185347e-07,3356.138880531538,8.770074745720159e-07,1.754014949144032e-08,"Method: equity_%, ATR: 2280482.27, Risk: 3356.14"
2024-01-20 10:00:00,USDJPY,2853380.8659572694,-5044.321292373753,equity_%,-2.332751714236749e-07,3357.6158208493666,7.009229030240335e-07,1.4018458060480671e-08,"Method: equity_%, ATR: 2853380.87, Risk: 3357.62"
2024-01-20 11:00:00,USDJPY,963088.6628173084,-5045.839601508417,equity_%,-6.913733555814795e-07,3359.7916773853626,2.076652002266781e-06,4.1533040045335624e-08,"Method: equity_%, ATR: 963088.66, Risk: 3359.79"
2024-01-20 12:00:00,USDJPY,1005854.3377875503,-5044.140255506962,equity_%,-6.628294839639404e-07,3362.9783041426995,1.9883594720077917e-06,3.976718944015583e-08,"Method: equity_%, ATR: 1005854.34, Risk: 3362.98"
2024-01-20 13:00:00,USDJPY,1054631.1921718917,-5008.492342426693,equity_%,-6.371485951752424e-07,3365.490399694661,1.8963975414772531e-06,3.792795082954506e-08,"Method: equity_%, ATR: 1054631.19, Risk: 3365.49"
2024-01-20 14:00:00,USDJPY,949016.4954699139,-5066.449212310635,equity_%,-6.999573511587276e-07,3365.4956513953607,2.1074449280354e-06,4.2148898560708e-08,"Method: equity_%, ATR: 949016.50, Risk: 3365.50"
2024-01-20 15:00:00,USDJPY,1226209.3253313652,-4981.634984456849,equity_%,-5.513804298036856e-07,3368.1223934406194,1.631042888586359e-06,3.262085777172718e-08,"Method: equity_%, ATR: 1226209.33, Risk: 3368.12"
2024-01-20 16:00:00,USDJPY,2042939.6174492103,-5037.011415214955,equity_%,-3.2742506570349973e-07,3369.305484728709,9.78981455407466e-07,1.9579629108149324e-08,"Method: equity_%, ATR: 2042939.62, Risk: 3369.31"
2024-01-20 17:00:00,USDJPY,743910.7556499585,-5000.556914077324,equity_%,-9.064045506202034e-07,3371.795989186345,2.68849453353123e-06,5.37698906706246e-08,"Method: equity_%, ATR: 743910.76, Risk: 3371.80"
2024-01-20 18:00:00,USDJPY,4863572.189183997,-5410.359196027275,equity_%,-1.2823754348914633e-07,3374.4007240521373,4.1122037921998176e-07,8.224407584399637e-09,"Method: equity_%, ATR: 4863572.19, Risk: 3374.40"
2024-01-20 19:00:00,USDJPY,975305.1197558034,-5461.813199395288,equity_%,-6.342599207597805e-07,3378.660975544157,2.050640317053559e-06,4.101280634107118e-08,"Method: equity_%, ATR: 975305.12, Risk: 3378.66"
2024-01-20 20:00:00,USDJPY,1511633.6479386792,-5519.781264091477,equity_%,-4.0496135177973695e-07,3378.951794279151,1.3230718982256553e-06,2.6461437964513103e-08,"Method: equity_%, ATR: 1511633.65, Risk: 3378.95"
2024-01-20 21:00:00,USDJPY,1493796.2533387418,-5652.693505627996,equity_%,-4.001506088633067e-07,3378.8606890736773,1.3388706763254071e-06,2.677741352650814e-08,"Method: equity_%, ATR: 1493796.25, Risk: 3378.86"
2024-01-20 22:00:00,USDJPY,5910492.021209657,-5371.3034576727505,equity_%,-1.064903799679359e-07,3380.755015899849,3.383813044367624e-07,6.767626088735247e-09,"Method: equity_%, ATR: 5910492.02, Risk: 3380.76"
2024-01-20 23:00:00,USDJPY,1258472.9065895225,-5398.201129473435,equity_%,-4.981416203754018e-07,3384.1200497351897,1.5892276977340936e-06,3.178455395468187e-08,"Method: equity_%, ATR: 1258472.91, Risk: 3384.12"
2024-01-21 00:00:00,USDJPY,2651254.265240641,-5459.4462317403995,equity_%,-2.3387780009879836e-07,3385.2361773952384,7.54359936812198e-07,1.508719873624396e-08,"Method: equity_%, ATR: 2651254.27, Risk: 3385.24"
2024-01-21 01:00:00,USDJPY,1122267.4749687212,-5518.1953599177705,equity_%,-5.471970211224922e-07,3388.7316019789578,1.7821063557560037e-06,3.564212711512008e-08,"Method: equity_%, ATR: 1122267.47, Risk: 3388.73"
2024-01-21 02:00:00,USDJPY,4235930.418946027,-5193.117260823137,equity_%,-1.5415767474062176e-07,3391.1117186585752,4.7215128724839507e-07,9.443025744967903e-09,"Method: equity_%, ATR: 4235930.42, Risk: 3391.11"
2024-01-21 03:00:00,USDJPY,1376596.7983972859,-5274.117484300695,equity_%,-4.6715614477498877e-07,3391.7092877027912,1.4528582387584488e-06,2.9057164775168977e-08,"Method: equity_%, ATR: 1376596.80, Risk: 3391.71"
2024-01-21 04:00:00,USDJPY,1507612.2378985747,-5374.519890374457,equity_%,-4.1885289181030525e-07,3393.835958708909,1.3266010647325026e-06,2.653202129465005e-08,"Method: equity_%, ATR: 1507612.24, Risk: 3393.84"
2024-01-21 05:00:00,USDJPY,1287888.8453727905,-5259.2915137721675,equity_%,-5.010740375503629e-07,3393.9663051263733,1.5529290491067831e-06,3.105858098213566e-08,"Method: equity_%, ATR: 1287888.85, Risk: 3393.97"
2024-01-21 06:00:00,USDJPY,1867239.5888659048,-5352.222784449546,equity_%,-3.3975220169817236e-07,3395.4435052729054,1.0710998266776943e-06,2.1421996533553885e-08,"Method: equity_%, ATR: 1867239.59, Risk: 3395.44"
2024-01-21 07:00:00,USDJPY,909764.8774701701,-5341.167262477133,equity_%,-6.985291262555406e-07,3394.297186983243,2.198370204795664e-06,4.396740409591328e-08,"Method: equity_%, ATR: 909764.88, Risk: 3394.30"
2024-01-21 08:00:00,USDJPY,1118793.5705336076,-5365.805364635593,equity_%,-5.655558254328214e-07,3395.160873722374,1.7876398762696697e-06,3.575279752539339e-08,"Method: equity_%, ATR: 1118793.57, Risk: 3395.16"
2024-01-21 09:00:00,USDJPY,4033126.624629476,-5224.487017406462,equity_%,-1.6127176684274634e-07,3398.160252030265,4.958931831662341e-07,9.917863663324682e-09,"Method: equity_%, ATR: 4033126.62, Risk: 3398.16"
2024-01-21 10:00:00,USDJPY,1396053.5986800916,-5247.21703425709,equity_%,-4.642335297600468e-07,3400.694545833136,1.4326097521548699e-06,2.8652195043097397e-08,"Method: equity_%, ATR: 1396053.60, Risk: 3400.69"
2024-01-21 11:00:00,USDJPY,1838245.594893042,-5177.333074229792,equity_%,-3.5755608319230736e-07,3402.936229329203,1.087993903293629e-06,2.1759878065872583e-08,"Method: equity_%, ATR: 1838245.59, Risk: 3402.94"
2024-01-21 12:00:00,USDJPY,2199249.899567776,-5203.302470142653,equity_%,-2.975096880879612e-07,3404.511188679233,9.09400973665187e-07,1.8188019473303743e-08,"Method: equity_%, ATR: 2199249.90, Risk: 3404.51"
2024-01-21 13:00:00,USDJPY,1807947.8764601662,-5154.0924800913235,equity_%,-3.654979677822637e-07,3405.8308807786584,1.106226582104711e-06,2.212453164209422e-08,"Method: equity_%, ATR: 1807947.88, Risk: 3405.83"
2024-01-21 14:00:00,USDJPY,2143568.06412552,-5107.909438360721,equity_%,-3.109187732137991e-07,3404.296766574528,9.330237903203274e-07,1.8660475806406553e-08,"Method: equity_%, ATR: 2143568.06, Risk: 3404.30"
2024-01-21 15:00:00,USDJPY,1932564.7163725444,-4984.339151405561,equity_%,-3.5347667810037333e-07,3404.884595828451,1.0348941916698307e-06,2.069788383339661e-08,"Method: equity_%, ATR: 1932564.72, Risk: 3404.88"
2024-01-21 16:00:00,USDJPY,1846949.345666435,-4952.458521483798,equity_%,-3.7239227739848386e-07,3406.2498273957817,1.0828667308568442e-06,2.165733461713688e-08,"Method: equity_%, ATR: 1846949.35, Risk: 3406.25"
2024-01-21 17:00:00,USDJPY,733320.0025869427,-4946.255206298396,equity_%,-9.387440442614845e-07,3405.0010204043015,2.7273223053299698e-06,5.454644610659939e-08,"Method: equity_%, ATR: 733320.00, Risk: 3405.00"
2024-01-21 18:00:00,USDJPY,1978031.3470771215,-4785.278355120928,equity_%,-3.5946568683680243e-07,3402.4975085707215,1.0111063219272744e-06,2.022212643854549e-08,"Method: equity_%, ATR: 1978031.35, Risk: 3402.50"
2024-01-21 19:00:00,USDJPY,667948.7544278891,-4771.139262737244,equity_%,-1.0686812446015863e-06,3405.7551740646086,2.994241679083657e-06,5.988483358167315e-08,"Method: equity_%, ATR: 667948.75, Risk: 3405.76"
