timestamp,equity,peak_equity,drawdown_amount,drawdown_pct,recovery_time_remaining
2024-01-01 01:00:00,99871.35513325766,100000.0,128.64486674233922,0.12864486674233921,-1.0
2024-01-01 02:00:00,99927.33674550777,100000.0,72.66325449223223,0.07266325449223222,-1.0
2024-01-01 03:00:00,100175.40202637106,100175.40202637106,0.0,0.0,-1.0
2024-01-01 04:00:00,100260.6997449322,100260.6997449322,0.0,0.0,-1.0
2024-01-01 05:00:00,100476.56308647686,100476.56308647686,0.0,0.0,-1.0
2024-01-01 06:00:00,100462.7459682766,100476.56308647686,13.817118200255209,0.013751583230771212,-1.0
2024-01-01 07:00:00,100416.25843975822,100476.56308647686,60.30464671863592,0.060018620130083175,-1.0
2024-01-01 08:00:00,100618.58951430098,100618.58951430098,0.0,0.0,-1.0
2024-01-01 09:00:00,100748.97934449941,100748.97934449941,0.0,0.0,-1.0
2024-01-01 10:00:00,100646.13994333324,100748.97934449941,102.83940116617305,0.10207488138864979,-1.0
2024-01-01 11:00:00,100601.01380590882,100748.97934449941,147.9655385905935,0.14686554598696483,-1.0
2024-01-01 12:00:00,100910.70099206743,100910.70099206743,0.0,0.0,-1.0
2024-01-01 13:00:00,100847.01770914704,100910.70099206743,63.68328292039223,0.06310855270482994,-1.0
2024-01-01 14:00:00,101062.16702115594,101062.16702115594,0.0,0.0,-1.0
2024-01-01 15:00:00,101065.43901657089,101065.43901657089,0.0,0.0,-1.0
2024-01-01 16:00:00,101139.96263805582,101139.96263805582,0.0,0.0,-1.0
2024-01-01 17:00:00,101259.15153119732,101259.15153119732,0.0,0.0,-1.0
2024-01-01 18:00:00,101019.00434962238,101259.15153119732,240.14718157493917,0.23716096564462258,-1.0
2024-01-01 19:00:00,100874.59674930829,101259.15153119732,384.5547818890336,0.3797728660313282,-1.0
2024-01-01 20:00:00,100962.54670212636,101259.15153119732,296.60482907095866,0.292916565649453,-1.0
2024-01-01 21:00:00,100928.90056755878,101259.15153119732,330.25096363853663,0.32614431253335985,-1.0
2024-01-01 22:00:00,101153.38776184998,101259.15153119732,105.76376934733707,0.10444860316131714,-1.0
2024-01-01 23:00:00,100987.46962971977,101259.15153119732,271.68190147755377,0.26830355317943805,-1.0
2024-01-02 00:00:00,101147.25788815846,101259.15153119732,111.89364303885668,0.11050225223779694,-1.0
2024-01-02 01:00:00,101015.82470509781,101259.15153119732,243.32682609951007,0.2403010714785049,-1.0
2024-01-02 02:00:00,101038.00895597614,101259.15153119732,221.14257522117987,0.21839268044137936,-1.0
2024-01-02 03:00:00,100953.35229134044,101259.15153119732,305.7992398568749,0.30199664448369395,-1.0
2024-01-02 04:00:00,101313.71677341113,101313.71677341113,0.0,0.0,-1.0
2024-01-02 05:00:00,101187.79294896562,101313.71677341113,125.92382444550458,0.12429099282492433,-1.0
2024-01-02 06:00:00,101244.48399466027,101313.71677341113,69.23277875085478,0.06833504974029764,-1.0
2024-01-02 07:00:00,101060.45857245725,101313.71677341113,253.25820095387462,0.24997424733739504,-1.0
2024-01-02 08:00:00,101375.39409076785,101375.39409076785,0.0,0.0,-1.0
2024-01-02 09:00:00,101510.58645319442,101510.58645319442,0.0,0.0,-1.0
2024-01-02 10:00:00,101606.13241663422,101606.13241663422,0.0,0.0,-1.0
2024-01-02 11:00:00,101902.27935752798,101902.27935752798,0.0,0.0,-1.0
2024-01-02 12:00:00,101999.39272374137,101999.39272374137,0.0,0.0,-1.0
2024-01-02 13:00:00,102107.32842716253,102107.32842716253,0.0,0.0,-1.0
2024-01-02 14:00:00,102202.0872203723,102202.0872203723,0.0,0.0,-1.0
2024-01-02 15:00:00,102361.63236918877,102361.63236918877,0.0,0.0,-1.0
2024-01-02 16:00:00,102362.76616160058,102362.76616160058,0.0,0.0,-1.0
2024-01-02 17:00:00,102405.62306549608,102405.62306549608,0.0,0.0,-1.0
2024-01-02 18:00:00,102602.1732597647,102602.1732597647,0.0,0.0,-1.0
2024-01-02 19:00:00,102718.7792024984,102718.7792024984,0.0,0.0,-1.0
2024-01-02 20:00:00,102776.64261538307,102776.64261538307,0.0,0.0,-1.0
2024-01-02 21:00:00,102641.56425672847,102776.64261538307,135.0783586546022,0.13142904381504322,-1.0
2024-01-02 22:00:00,102941.27179940896,102941.27179940896,0.0,0.0,-1.0
2024-01-02 23:00:00,102917.05368291635,102941.27179940896,24.21811649261508,0.023526148520688985,-1.0
2024-01-03 00:00:00,103140.13926867924,103140.13926867924,0.0,0.0,-1.0
2024-01-03 01:00:00,103241.50231643245,103241.50231643245,0.0,0.0,-1.0
2024-01-03 02:00:00,103122.48473802298,103241.50231643245,119.01757840947539,0.11528075022067162,-1.0
2024-01-03 03:00:00,103385.32605965257,103385.32605965257,0.0,0.0,-1.0
2024-01-03 04:00:00,103498.5071566125,103498.5071566125,0.0,0.0,-1.0
2024-01-03 05:00:00,103773.80896012306,103773.80896012306,0.0,0.0,-1.0
2024-01-03 06:00:00,103821.44765501267,103821.44765501267,0.0,0.0,-1.0
2024-01-03 07:00:00,104002.05533950773,104002.05533950773,0.0,0.0,-1.0
2024-01-03 08:00:00,103812.67627280598,104002.05533950773,189.37906670174561,0.18209165778842576,-1.0
2024-01-03 09:00:00,103812.64389326693,104002.05533950773,189.41144624080334,0.18212279134530793,-1.0
2024-01-03 10:00:00,103696.69489343224,104002.05533950773,305.36044607548683,0.29361001095474326,-1.0
2024-01-03 11:00:00,103715.47731592649,104002.05533950773,286.5780235812417,0.275550346236646,-1.0
2024-01-03 12:00:00,103861.24907685241,104002.05533950773,140.80626265531464,0.13538796151255092,-1.0
2024-01-03 13:00:00,103845.56206370429,104002.05533950773,156.49327580344107,0.15047132991033615,-1.0
2024-01-03 14:00:00,104050.1383777501,104050.1383777501,0.0,0.0,-1.0
2024-01-03 15:00:00,103996.6464812176,104050.1383777501,53.49189653250505,0.05140973127618989,-1.0
2024-01-03 16:00:00,104204.43197326509,104204.43197326509,0.0,0.0,-1.0
2024-01-03 17:00:00,104475.8955481462,104475.8955481462,0.0,0.0,-1.0
2024-01-03 18:00:00,104702.92446840985,104702.92446840985,0.0,0.0,-1.0
2024-01-03 19:00:00,104726.29611063539,104726.29611063539,0.0,0.0,-1.0
2024-01-03 20:00:00,104482.47807094376,104726.29611063539,243.81803969162866,0.23281453536182867,-1.0
2024-01-03 21:00:00,104644.80312045437,104726.29611063539,81.49299018102465,0.07781521280475105,-1.0
2024-01-03 22:00:00,104701.01791324707,104726.29611063539,25.27819738832477,0.024137392734314093,-1.0
2024-01-03 23:00:00,104629.25897222797,104726.29611063539,97.03713840742421,0.09265785386404941,-1.0
2024-01-04 00:00:00,104620.8171124974,104726.29611063539,105.47899813798722,0.10071873259659318,-1.0
2024-01-04 01:00:00,104910.98090996413,104910.98090996413,0.0,0.0,-1.0
2024-01-04 02:00:00,104815.3798798726,104910.98090996413,95.60103009152226,0.091125856666585,-1.0
2024-01-04 03:00:00,104960.6262562158,104960.6262562158,0.0,0.0,-1.0
2024-01-04 04:00:00,105068.3199825614,105068.3199825614,0.0,0.0,-1.0
2024-01-04 05:00:00,105089.71183286191,105089.71183286191,0.0,0.0,-1.0
2024-01-04 06:00:00,105261.39173595887,105261.39173595887,0.0,0.0,-1.0
2024-01-04 07:00:00,105581.2285247937,105581.2285247937,0.0,0.0,-1.0
2024-01-04 08:00:00,105611.83279921077,105611.83279921077,0.0,0.0,-1.0
2024-01-04 09:00:00,105650.3556569992,105650.3556569992,0.0,0.0,-1.0
2024-01-04 10:00:00,105818.66539274773,105818.66539274773,0.0,0.0,-1.0
2024-01-04 11:00:00,106031.40181596298,106031.40181596298,0.0,0.0,-1.0
2024-01-04 12:00:00,106087.24573489068,106087.24573489068,0.0,0.0,-1.0
2024-01-04 13:00:00,106116.43967447663,106116.43967447663,0.0,0.0,-1.0
2024-01-04 14:00:00,105858.79269636866,106116.43967447663,257.64697810796497,0.24279647799937903,-1.0
2024-01-04 15:00:00,105817.09135951368,106116.43967447663,299.34831496294646,0.28209419377546874,-1.0
2024-01-04 16:00:00,105721.19460870355,106116.43967447663,395.24506577308057,0.3724635569997792,-1.0
2024-01-04 17:00:00,105898.88835815033,106116.43967447663,217.5513163262949,0.20501188787868924,-1.0
2024-01-04 18:00:00,105937.3029158602,106116.43967447663,179.13675861642696,0.16881150476396292,-1.0
2024-01-04 19:00:00,105969.84967502936,106116.43967447663,146.5899994472711,0.1381407064701298,-1.0
2024-01-04 20:00:00,106043.49123548591,106116.43967447663,72.94843899071566,0.0687437678973142,-1.0
2024-01-04 21:00:00,105987.9647649671,106116.43967447663,128.47490950953215,0.12106975121257602,-1.0
2024-01-04 22:00:00,106295.9518429704,106295.9518429704,0.0,0.0,-1.0
2024-01-04 23:00:00,106565.6809297249,106565.6809297249,0.0,0.0,-1.0
2024-01-05 00:00:00,106883.39694718205,106883.39694718205,0.0,0.0,-1.0
2024-01-05 01:00:00,107060.90953186787,107060.90953186787,0.0,0.0,-1.0
2024-01-05 02:00:00,107131.48781461458,107131.48781461458,0.0,0.0,-1.0
2024-01-05 03:00:00,107448.69721006561,107448.69721006561,0.0,0.0,-1.0
2024-01-05 04:00:00,107421.55218467867,107448.69721006561,27.145025386940688,0.025263242916637042,-1.0
2024-01-05 05:00:00,107365.87083782372,107448.69721006561,82.82637224189239,0.07708457560910599,-1.0
2024-01-05 06:00:00,107350.64411060823,107448.69721006561,98.05309945737827,0.09125573599620417,-1.0
2024-01-05 07:00:00,107504.07480064538,107504.07480064538,0.0,0.0,-1.0
2024-01-05 08:00:00,107464.75902163723,107504.07480064538,39.31577900814591,0.036571431437415515,-1.0
2024-01-05 09:00:00,107516.45307340454,107516.45307340454,0.0,0.0,-1.0
2024-01-05 10:00:00,107351.17477932182,107516.45307340454,165.27829408271646,0.15372372261004208,-1.0
2024-01-05 11:00:00,107498.33942913606,107516.45307340454,18.11364426848013,0.016847323131198747,-1.0
2024-01-05 12:00:00,107345.7739240586,107516.45307340454,170.67914934594592,0.15874700519502666,-1.0
2024-01-05 13:00:00,107280.94976582879,107516.45307340454,235.50330757575284,0.21903931988434183,-1.0
2024-01-05 14:00:00,107538.52483606328,107538.52483606328,0.0,0.0,-1.0
2024-01-05 15:00:00,107790.5725836112,107790.5725836112,0.0,0.0,-1.0
2024-01-05 16:00:00,107921.71954704318,107921.71954704318,0.0,0.0,-1.0
2024-01-05 17:00:00,108038.06908430345,108038.06908430345,0.0,0.0,-1.0
2024-01-05 18:00:00,108033.42513723031,108038.06908430345,4.643947073142044,0.004298435831464476,-1.0
2024-01-05 19:00:00,107992.48958766898,108038.06908430345,45.57949663446925,0.04218836658298937,-1.0
2024-01-05 20:00:00,108013.15333300538,108038.06908430345,24.91575129807461,0.0230620109274931,-1.0
2024-01-05 21:00:00,107861.10520683603,108038.06908430345,176.96387746742403,0.1637977047973126,-1.0
2024-01-05 22:00:00,107973.97249007908,108038.06908430345,64.09659422437835,0.05932778581442712,-1.0
2024-01-05 23:00:00,108056.29715880034,108056.29715880034,0.0,0.0,-1.0
2024-01-06 00:00:00,107991.2839687938,108056.29715880034,65.01319000654621,0.06016603540560189,-1.0
2024-01-06 01:00:00,108301.58625662,108301.58625662,0.0,0.0,-1.0
2024-01-06 02:00:00,108467.62331316306,108467.62331316306,0.0,0.0,-1.0
2024-01-06 03:00:00,108646.39958376439,108646.39958376439,0.0,0.0,-1.0
2024-01-06 04:00:00,108648.29859485851,108648.29859485851,0.0,0.0,-1.0
2024-01-06 05:00:00,108723.09908315456,108723.09908315456,0.0,0.0,-1.0
2024-01-06 06:00:00,108892.20498368268,108892.20498368268,0.0,0.0,-1.0
2024-01-06 07:00:00,108990.12233874771,108990.12233874771,0.0,0.0,-1.0
2024-01-06 08:00:00,109305.40745646319,109305.40745646319,0.0,0.0,-1.0
2024-01-06 09:00:00,109349.83932105068,109349.83932105068,0.0,0.0,-1.0
2024-01-06 10:00:00,109349.15524121527,109349.83932105068,0.6840798354096478,0.0006255883315943357,-1.0
2024-01-06 11:00:00,109519.29317268598,109519.29317268598,0.0,0.0,-1.0
2024-01-06 12:00:00,109404.596081843,109519.29317268598,114.69709084297938,0.10472774934926692,-1.0
2024-01-06 13:00:00,109618.24062168923,109618.24062168923,0.0,0.0,-1.0
2024-01-06 14:00:00,109498.13385160043,109618.24062168923,120.10677008879429,0.10956823372426013,-1.0
2024-01-06 15:00:00,109668.92155150922,109668.92155150922,0.0,0.0,-1.0
2024-01-06 16:00:00,109646.68051838332,109668.92155150922,22.241033125901595,0.020280160332802617,-1.0
2024-01-06 17:00:00,109793.16814043083,109793.16814043083,0.0,0.0,-1.0
2024-01-06 18:00:00,110004.26958233998,110004.26958233998,0.0,0.0,-1.0
2024-01-06 19:00:00,110102.28276166557,110102.28276166557,0.0,0.0,-1.0
2024-01-06 20:00:00,109997.33961891948,110102.28276166557,104.94314274609496,0.0953142297451376,-1.0
2024-01-06 21:00:00,109937.82333224341,110102.28276166557,164.4594294221606,0.14936968180592586,-1.0
2024-01-06 22:00:00,109903.52446108834,110102.28276166557,198.75830057723215,0.18052150744910261,-1.0
2024-01-06 23:00:00,109694.27342704867,110102.28276166557,408.00933461690147,0.3705730021057824,-1.0
2024-01-07 00:00:00,109938.39510585846,110102.28276166557,163.88765580710606,0.14885037048856448,-1.0
2024-01-07 01:00:00,110029.91124372192,110102.28276166557,72.37151794365491,0.06573116935305956,-1.0
2024-01-07 02:00:00,109934.58353694357,110102.28276166557,167.69922472200415,0.15231221416636437,-1.0
2024-01-07 03:00:00,110227.93476556231,110227.93476556231,0.0,0.0,-1.0
2024-01-07 04:00:00,110197.73555054159,110227.93476556231,30.199215020722477,0.027397061448127022,-1.0
2024-01-07 05:00:00,110310.32142390282,110310.32142390282,0.0,0.0,-1.0
2024-01-07 06:00:00,110261.5308421234,110310.32142390282,48.79058177942352,0.044230296086193104,-1.0
2024-01-07 07:00:00,110033.79181912405,110310.32142390282,276.5296047787706,0.25068334604530507,-1.0
2024-01-07 08:00:00,109904.12573529636,110310.32142390282,406.19568860645813,0.3682299927724087,-1.0
2024-01-07 09:00:00,109911.85217066639,110310.32142390282,398.4692532364279,0.36122572039762435,-1.0
2024-01-07 10:00:00,110121.5967013473,110310.32142390282,188.72472255551838,0.17108528025250064,-1.0
2024-01-07 11:00:00,110248.57667337019,110310.32142390282,61.74475053262722,0.055973683818174365,-1.0
2024-01-07 12:00:00,110344.60744229588,110344.60744229588,0.0,0.0,-1.0
2024-01-07 13:00:00,110118.10329888415,110344.60744229588,226.50414341173018,0.2052697894912348,-1.0
2024-01-07 14:00:00,110383.61622103617,110383.61622103617,0.0,0.0,-1.0
2024-01-07 15:00:00,110492.1681755105,110492.1681755105,0.0,0.0,-1.0
2024-01-07 16:00:00,110549.25552502667,110549.25552502667,0.0,0.0,-1.0
2024-01-07 17:00:00,110794.11899152501,110794.11899152501,0.0,0.0,-1.0
2024-01-07 18:00:00,111056.24350006026,111056.24350006026,0.0,0.0,-1.0
2024-01-07 19:00:00,111304.43203720164,111304.43203720164,0.0,0.0,-1.0
2024-01-07 20:00:00,111342.36906269615,111342.36906269615,0.0,0.0,-1.0
2024-01-07 21:00:00,111266.84757857851,111342.36906269615,75.52148411763483,0.06782816348654229,-1.0
2024-01-07 22:00:00,111490.18601614982,111490.18601614982,0.0,0.0,-1.0
2024-01-07 23:00:00,111360.42784968925,111490.18601614982,129.75816646056774,0.1163852811598787,-1.0
2024-01-08 00:00:00,111727.5163604889,111727.5163604889,0.0,0.0,-1.0
2024-01-08 01:00:00,111806.71629226807,111806.71629226807,0.0,0.0,-1.0
2024-01-08 02:00:00,111722.58365391314,111806.71629226807,84.13263835493126,0.07524828663691772,-1.0
2024-01-08 03:00:00,111612.80337078965,111806.71629226807,193.91292147841887,0.1734358434886159,-1.0
2024-01-08 04:00:00,111496.16264718125,111806.71629226807,310.55364508682396,0.27775938278611273,-1.0
2024-01-08 05:00:00,111592.21708318937,111806.71629226807,214.4992090786982,0.1918482325498113,-1.0
2024-01-08 06:00:00,111666.2582351804,111806.71629226807,140.45805708767148,0.12562577790095136,-1.0
2024-01-08 07:00:00,111555.86990915402,111806.71629226807,250.84638311405433,0.2243571687217161,-1.0
2024-01-08 08:00:00,111577.40154117064,111806.71629226807,229.3147510974377,0.2050992629977595,-1.0
2024-01-08 09:00:00,111447.21123325694,111806.71629226807,359.505059011135,0.3215415593383243,-1.0
2024-01-08 10:00:00,111610.60650414857,111806.71629226807,196.1097881195019,0.1754007224457443,-1.0
2024-01-08 11:00:00,111677.41751423167,111806.71629226807,129.29877803640557,0.11564491143663713,-1.0
2024-01-08 12:00:00,111695.65713834405,111806.71629226807,111.05915392402676,0.09933137973009855,-1.0
2024-01-08 13:00:00,111577.44052883392,111806.71629226807,229.27576343415421,0.20506439240628127,-1.0
2024-01-08 14:00:00,111607.41718880051,111806.71629226807,199.29910346756515,0.1782532481739181,-1.0
2024-01-08 15:00:00,111620.20800659856,111806.71629226807,186.50828566950804,0.16681313238997783,-1.0
2024-01-08 16:00:00,111742.86701178,111806.71629226807,63.84928048806614,0.057106838126934234,-1.0
2024-01-08 17:00:00,111842.91970849755,111842.91970849755,0.0,0.0,-1.0
2024-01-08 18:00:00,112036.72872380944,112036.72872380944,0.0,0.0,-1.0
2024-01-08 19:00:00,112039.04224228369,112039.04224228369,0.0,0.0,-1.0
2024-01-08 20:00:00,111834.98051695421,112039.04224228369,204.06172532947676,0.1821344785224017,-1.0
2024-01-08 21:00:00,112058.64444844391,112058.64444844391,0.0,0.0,-1.0
2024-01-08 22:00:00,111993.23957148669,112058.64444844391,65.4048769572255,0.05836665014033528,-1.0
2024-01-08 23:00:00,111902.20201353439,112058.64444844391,156.44243490952067,0.13960764533565004,-1.0
2024-01-09 00:00:00,111970.73453176733,112058.64444844391,87.9099166765809,0.07844991978019743,-1.0
2024-01-09 01:00:00,112091.07510871052,112091.07510871052,0.0,0.0,-1.0
2024-01-09 02:00:00,112021.26237828191,112091.07510871052,69.81273042860266,0.062282149012216556,-1.0
2024-01-09 03:00:00,112015.4584760617,112091.07510871052,75.61663264881645,0.06745999409451675,-1.0
2024-01-09 04:00:00,112031.80452839687,112091.07510871052,59.27058031364868,0.05287716283938364,-1.0
2024-01-09 05:00:00,112319.28558104584,112319.28558104584,0.0,0.0,-1.0
2024-01-09 06:00:00,112393.88386791213,112393.88386791213,0.0,0.0,-1.0
2024-01-09 07:00:00,112323.68944199286,112393.88386791213,70.19442591926781,0.06245395523635603,-1.0
2024-01-09 08:00:00,112255.02193845742,112393.88386791213,138.86192945470975,0.12354936467708819,-1.0
2024-01-09 09:00:00,112292.38931152006,112393.88386791213,101.4945563920628,0.09030256175802372,-1.0
2024-01-09 10:00:00,112403.06800162427,112403.06800162427,0.0,0.0,-1.0
2024-01-09 11:00:00,112550.6650259192,112550.6650259192,0.0,0.0,-1.0
2024-01-09 12:00:00,112644.28881649628,112644.28881649628,0.0,0.0,-1.0
2024-01-09 13:00:00,112593.00781385871,112644.28881649628,51.28100263756642,0.04552472493399641,-1.0
2024-01-09 14:00:00,112604.41661892459,112644.28881649628,39.872197571690776,0.03539655493466231,-1.0
2024-01-09 15:00:00,112789.50280120427,112789.50280120427,0.0,0.0,-1.0
2024-01-09 16:00:00,112692.58900713631,112789.50280120427,96.91379406796477,0.08592448025839688,-1.0
2024-01-09 17:00:00,112697.72599817469,112789.50280120427,91.7768030295847,0.08136998634646414,-1.0
2024-01-09 18:00:00,112862.34542685689,112862.34542685689,0.0,0.0,-1.0
2024-01-09 19:00:00,113068.63764085216,113068.63764085216,0.0,0.0,-1.0
2024-01-09 20:00:00,113114.70033518845,113114.70033518845,0.0,0.0,-1.0
2024-01-09 21:00:00,113128.01931360282,113128.01931360282,0.0,0.0,-1.0
2024-01-09 22:00:00,113004.70162238626,113128.01931360282,123.31769121656544,0.10900720437322937,-1.0
2024-01-09 23:00:00,113158.54761079533,113158.54761079533,0.0,0.0,-1.0
2024-01-10 00:00:00,113431.36456356735,113431.36456356735,0.0,0.0,-1.0
2024-01-10 01:00:00,113891.1376723573,113891.1376723573,0.0,0.0,-1.0
2024-01-10 02:00:00,114024.10459988502,114024.10459988502,0.0,0.0,-1.0
2024-01-10 03:00:00,114091.47265213841,114091.47265213841,0.0,0.0,-1.0
2024-01-10 04:00:00,114028.50106016579,114091.47265213841,62.97159197262954,0.05519395140478912,-1.0
2024-01-10 05:00:00,113821.67252310431,114091.47265213841,269.80012903410534,0.23647703264968634,-1.0
2024-01-10 06:00:00,113923.21641056528,114091.47265213841,168.25624157313723,0.1474748617595161,-1.0
2024-01-10 07:00:00,114350.76727858842,114350.76727858842,0.0,0.0,-1.0
2024-01-10 08:00:00,114616.38911303696,114616.38911303696,0.0,0.0,-1.0
2024-01-10 09:00:00,114858.87375340403,114858.87375340403,0.0,0.0,-1.0
2024-01-10 10:00:00,114970.71417596271,114970.71417596271,0.0,0.0,-1.0
2024-01-10 11:00:00,115099.64265000477,115099.64265000477,0.0,0.0,-1.0
2024-01-10 12:00:00,114811.08055226307,115099.64265000477,288.5620977416984,0.25070633678608245,-1.0
2024-01-10 13:00:00,115000.45713937767,115099.64265000477,99.18551062709594,0.08617360431665236,-1.0
2024-01-10 14:00:00,114988.5560539413,115099.64265000477,111.08659606346919,0.0965134152512198,-1.0
2024-01-10 15:00:00,114958.29695195191,115099.64265000477,141.3456980528572,0.12280289912164322,-1.0
2024-01-10 16:00:00,114984.80840899462,115099.64265000477,114.8342410101468,0.09976941575686295,-1.0
2024-01-10 17:00:00,115006.25773557698,115099.64265000477,93.38491442779195,0.08113397424851873,-1.0
2024-01-10 18:00:00,114973.61239678123,115099.64265000477,126.03025322353642,0.10949665031260737,-1.0
2024-01-10 19:00:00,115050.69320760763,115099.64265000477,48.94944239713368,0.042527883901411614,-1.0
2024-01-10 20:00:00,115041.95156817643,115099.64265000477,57.69108182833588,0.050122728880890664,-1.0
2024-01-10 21:00:00,115132.00001153986,115132.00001153986,0.0,0.0,-1.0
2024-01-10 22:00:00,114983.92333935735,115132.00001153986,148.07667218250572,0.12861469632045286,-1.0
2024-01-10 23:00:00,115026.81467376255,115132.00001153986,105.18533777730772,0.09136064496991698,-1.0
2024-01-11 00:00:00,114937.3703353096,115132.00001153986,194.6296762302518,0.1690491576718408,-1.0
2024-01-11 01:00:00,114916.15293753492,115132.00001153986,215.8470740049379,0.18747791576911998,-1.0
2024-01-11 02:00:00,115012.66276398995,115132.00001153986,119.33724754990544,0.10365254450365154,-1.0
2024-01-11 03:00:00,114847.06312177671,115132.00001153986,284.93688976315025,0.24748713627366029,-1.0
2024-01-11 04:00:00,114798.70201518589,115132.00001153986,333.2979963539692,0.289492058090333,-1.0
2024-01-11 05:00:00,114959.04667291134,115132.00001153986,172.9533386285184,0.15022177901120715,-1.0
2024-01-11 06:00:00,114822.06999663147,115132.00001153986,309.9300149083865,0.2691953712932302,-1.0
2024-01-11 07:00:00,115163.75006767329,115163.75006767329,0.0,0.0,-1.0
2024-01-11 08:00:00,115419.41126109289,115419.41126109289,0.0,0.0,-1.0
2024-01-11 09:00:00,115352.32172975896,115419.41126109289,67.08953133392788,0.058126731544456696,-1.0
2024-01-11 10:00:00,115309.2402765912,115419.41126109289,110.17098450168851,0.09545273476787038,-1.0
2024-01-11 11:00:00,115414.53126209152,115419.41126109289,4.879999001364922,0.004228057436825566,-1.0
2024-01-11 12:00:00,115272.41192353745,115419.41126109289,146.99933755543316,0.12736101834976665,-1.0
2024-01-11 13:00:00,115047.09051481259,115419.41126109289,372.3207462802966,0.32258070129820826,-1.0
2024-01-11 14:00:00,115053.1902462047,115419.41126109289,366.2210148881859,0.3172958611439708,-1.0
2024-01-11 15:00:00,115108.08293122936,115419.41126109289,311.3283298635215,0.2697365429799833,-1.0
2024-01-11 16:00:00,115197.24701488239,115419.41126109289,222.16424621049373,0.1924843003296308,-1.0
2024-01-11 17:00:00,115180.03592246471,115419.41126109289,239.3753386281751,0.20739608356403644,-1.0
2024-01-11 18:00:00,115245.58192717533,115419.41126109289,173.82933391755796,0.15060667180526044,-1.0
2024-01-11 19:00:00,115096.31097840275,115419.41126109289,323.10028269013856,0.27993582635701203,-1.0
2024-01-11 20:00:00,115000.57165815904,115419.41126109289,418.83960293384735,0.3628848894285041,-1.0
2024-01-11 21:00:00,115148.56705158076,115419.41126109289,270.84420951212815,0.23466088290768117,-1.0
2024-01-11 22:00:00,115049.31994373519,115419.41126109289,370.09131735769915,0.32064911206357405,-1.0
2024-01-11 23:00:00,114944.27187590559,115419.41126109289,475.1393851872999,0.4116633242154357,-1.0
2024-01-12 00:00:00,115037.77509473666,115419.41126109289,381.6361663562275,0.33065163145991067,-1.0
2024-01-12 01:00:00,114954.74670168925,115419.41126109289,464.6645594036381,0.4025878786996321,-1.0
2024-01-12 02:00:00,115009.78403750114,115419.41126109289,409.6272235917422,0.3549032343139536,-1.0
2024-01-12 03:00:00,114979.80555355248,115419.41126109289,439.60570754040964,0.38087675438403296,-1.0
2024-01-12 04:00:00,114925.55599804656,115419.41126109289,493.85526304632367,0.4278788616666588,-1.0
2024-01-12 05:00:00,114685.21018934483,115419.41126109289,734.2010717480589,0.6361157657330325,-1.0
2024-01-12 06:00:00,114781.14466226802,115419.41126109289,638.2665988248627,0.5529976213282056,-1.0
2024-01-12 07:00:00,114669.06616345109,115419.41126109289,750.3450976417953,0.6501030367798555,-1.0
2024-01-12 08:00:00,114718.82983292152,115419.41126109289,700.5814281713683,0.6069875253362427,-1.0
2024-01-12 09:00:00,114717.01409816924,115419.41126109289,702.3971629236476,0.6085606877119992,-1.0
2024-01-12 10:00:00,114761.03788936426,115419.41126109289,658.3733717286232,0.5704182377427847,-1.0
2024-01-12 11:00:00,114813.58658326228,115419.41126109289,605.8246778306057,0.524889766124483,-1.0
2024-01-12 12:00:00,114917.63082090001,115419.41126109289,501.78044019287336,0.43474527786126405,-1.0
2024-01-12 13:00:00,114883.4669256763,115419.41126109289,535.9443354165851,0.4643450608184209,-1.0
2024-01-12 14:00:00,115144.8713975673,115419.41126109289,274.5398635255842,0.2378628174636425,-1.0
2024-01-12 15:00:00,114976.31639300313,115419.41126109289,443.09486808975635,0.38389978188973894,-1.0
2024-01-12 16:00:00,115017.32772522405,115419.41126109289,402.0835358688346,0.3483673426121298,-1.0
2024-01-12 17:00:00,115217.76237168568,115419.41126109289,201.64888940720994,0.1747096846223339,-1.0
2024-01-12 18:00:00,115364.27825463607,115419.41126109289,55.133006456817384,0.04776753394808067,-1.0
2024-01-12 19:00:00,115293.05291815678,115419.41126109289,126.35834293610242,0.10947754936148854,-1.0
2024-01-12 20:00:00,115202.43450618268,115419.41126109289,216.97675491021073,0.18798982990771165,-1.0
2024-01-12 21:00:00,115126.41562228369,115419.41126109289,292.99563880919595,0.2538530006416372,-1.0
2024-01-12 22:00:00,115291.29976688334,115419.41126109289,128.11149420954462,0.1109964890738705,-1.0
2024-01-12 23:00:00,115255.31120760602,115419.41126109289,164.10005348686536,0.14217717080158282,-1.0
2024-01-13 00:00:00,115368.57967082453,115419.41126109289,50.831590268353466,0.04404076377877735,-1.0
2024-01-13 01:00:00,115483.22488293593,115483.22488293593,0.0,0.0,-1.0
2024-01-13 02:00:00,115913.48390317123,115913.48390317123,0.0,0.0,-1.0
2024-01-13 03:00:00,116035.47159214149,116035.47159214149,0.0,0.0,-1.0
2024-01-13 04:00:00,115988.79998992891,116035.47159214149,46.671602212576545,0.04022184041844096,-1.0
2024-01-13 05:00:00,115844.77745061896,116035.47159214149,190.69414152253012,0.16434124747026485,-1.0
2024-01-13 06:00:00,115878.3995434233,116035.47159214149,157.07204871819704,0.13536554517595872,-1.0
2024-01-13 07:00:00,115935.53666705919,116035.47159214149,99.93492508229974,0.08612446152118525,-1.0
2024-01-13 08:00:00,115678.93173795061,116035.47159214149,356.53985419087985,0.30726798391796817,-1.0
2024-01-13 09:00:00,115646.85361390666,116035.47159214149,388.6179782348336,0.33491308554405247,-1.0
2024-01-13 10:00:00,115766.45649533079,116035.47159214149,269.01509681070456,0.23183867236415287,-1.0
2024-01-13 11:00:00,115761.60314479086,116035.47159214149,273.86844735062914,0.23602131623445474,-1.0
2024-01-13 12:00:00,115981.89671264673,116035.47159214149,53.574879494757624,0.04617112229531886,-1.0
2024-01-13 13:00:00,115823.14324593866,116035.47159214149,212.32834620283393,0.18298572263243498,-1.0
2024-01-13 14:00:00,115999.67566896164,116035.47159214149,35.795923179844976,0.0308491211253622,-1.0
2024-01-13 15:00:00,116211.75913019053,116211.75913019053,0.0,0.0,-1.0
2024-01-13 16:00:00,116430.23360156677,116430.23360156677,0.0,0.0,-1.0
2024-01-13 17:00:00,116270.35514386861,116430.23360156677,159.87845769815613,0.13731696033976237,-1.0
2024-01-13 18:00:00,116392.53806324722,116430.23360156677,37.69553831954545,0.03237607376838433,-1.0
2024-01-13 19:00:00,116367.22494546899,116430.23360156677,63.00865609777975,0.054117091539470946,-1.0
2024-01-13 20:00:00,116231.30357917155,116430.23360156677,198.93002239521593,0.17085770271317138,-1.0
2024-01-13 21:00:00,116244.2234204255,116430.23360156677,186.0101811412751,0.15976106496343234,-1.0
2024-01-13 22:00:00,116183.47672164037,116430.23360156677,246.75687992639723,0.2119353988164434,-1.0
2024-01-13 23:00:00,116396.58929186495,116430.23360156677,33.64430970182002,0.028896540581506897,-1.0
2024-01-14 00:00:00,116548.54879331698,116548.54879331698,0.0,0.0,-1.0
2024-01-14 01:00:00,116450.68212310065,116548.54879331698,97.86667021633184,0.0839707325656067,-1.0
2024-01-14 02:00:00,116417.04892602601,116548.54879331698,131.49986729097145,0.11282840383038024,-1.0
2024-01-14 03:00:00,116434.94431218352,116548.54879331698,113.60448113345774,0.09747395596912996,-1.0
2024-01-14 04:00:00,116499.08354008583,116548.54879331698,49.46525323114474,0.04244175817140774,-1.0
2024-01-14 05:00:00,116725.0402813064,116725.0402813064,0.0,0.0,-1.0
2024-01-14 06:00:00,116903.6576302785,116903.6576302785,0.0,0.0,-1.0
2024-01-14 07:00:00,116986.36642562473,116986.36642562473,0.0,0.0,-1.0
2024-01-14 08:00:00,117022.26909814049,117022.26909814049,0.0,0.0,-1.0
2024-01-14 09:00:00,116831.26599294937,117022.26909814049,191.003105191121,0.1632194510182815,-1.0
2024-01-14 10:00:00,117100.06563686828,117100.06563686828,0.0,0.0,-1.0
2024-01-14 11:00:00,117108.00114718844,117108.00114718844,0.0,0.0,-1.0
2024-01-14 12:00:00,117416.22718325237,117416.22718325237,0.0,0.0,-1.0
2024-01-14 13:00:00,117520.64357707214,117520.64357707214,0.0,0.0,-1.0
2024-01-14 14:00:00,117899.43620836535,117899.43620836535,0.0,0.0,-1.0
2024-01-14 15:00:00,118065.3844383703,118065.3844383703,0.0,0.0,-1.0
2024-01-14 16:00:00,117925.58149368716,118065.3844383703,139.80294468313514,0.11841145933515489,-1.0
2024-01-14 17:00:00,117908.41917164798,118065.3844383703,156.96526672231266,0.13294774541156723,-1.0
2024-01-14 18:00:00,117958.04892754719,118065.3844383703,107.33551082310441,0.09091192251962145,-1.0
2024-01-14 19:00:00,117901.98149448095,118065.3844383703,163.40294388934853,0.13840038269188398,-1.0
2024-01-14 20:00:00,117920.42237190364,118065.3844383703,144.96206646665814,0.1227811751566589,-1.0
2024-01-14 21:00:00,117790.38149811632,118065.3844383703,275.00294025398034,0.2329242745976327,-1.0
2024-01-14 22:00:00,117866.23969028119,118065.3844383703,199.14474808910745,0.16867327289571507,-1.0
2024-01-14 23:00:00,117976.85148263283,118065.3844383703,88.53295573746436,0.07498637823322232,-1.0
2024-01-15 00:00:00,117901.23507155191,118065.3844383703,164.149366818383,0.1390325941843423,-1.0
2024-01-15 01:00:00,118267.2732155742,118267.2732155742,0.0,0.0,-1.0
2024-01-15 02:00:00,118351.80020476626,118351.80020476626,0.0,0.0,-1.0
2024-01-15 03:00:00,118304.28907484782,118351.80020476626,47.51112991843547,0.04014398584240724,-1.0
2024-01-15 04:00:00,118134.85817985304,118351.80020476626,216.94202491322358,0.18330268279644377,-1.0
2024-01-15 05:00:00,118218.84961326262,118351.80020476626,132.9505915036425,0.11233508174241386,-1.0
2024-01-15 06:00:00,118254.77633334062,118351.80020476626,97.02387142564112,0.0819792105044244,-1.0
2024-01-15 07:00:00,118447.23246943358,118447.23246943358,0.0,0.0,-1.0
2024-01-15 08:00:00,118500.7269296878,118500.7269296878,0.0,0.0,-1.0
2024-01-15 09:00:00,118396.66911234749,118500.7269296878,104.05781734030461,0.08781196540848829,-1.0
2024-01-15 10:00:00,118722.27685677413,118722.27685677413,0.0,0.0,-1.0
2024-01-15 11:00:00,118862.62058870021,118862.62058870021,0.0,0.0,-1.0
2024-01-15 12:00:00,118899.50428196046,118899.50428196046,0.0,0.0,-1.0
2024-01-15 13:00:00,118999.20006167791,118999.20006167791,0.0,0.0,-1.0
2024-01-15 14:00:00,119145.30635516216,119145.30635516216,0.0,0.0,-1.0
2024-01-15 15:00:00,119005.97786307815,119145.30635516216,139.32849208400876,0.11693997551920528,-1.0
2024-01-15 16:00:00,119104.63199607257,119145.30635516216,40.674359089593054,0.03413844853304267,-1.0
2024-01-15 17:00:00,119112.11347507848,119145.30635516216,33.192880083675846,0.027859158786104975,-1.0
2024-01-15 18:00:00,119263.20847292295,119263.20847292295,0.0,0.0,-1.0
2024-01-15 19:00:00,119227.18118423202,119263.20847292295,36.027288690936984,0.030208216894581096,-1.0
2024-01-15 20:00:00,119211.47590596745,119263.20847292295,51.73256695549935,0.043376802970418585,-1.0
2024-01-15 21:00:00,119535.90657075206,119535.90657075206,0.0,0.0,-1.0
2024-01-15 22:00:00,119795.54338438438,119795.54338438438,0.0,0.0,-1.0
2024-01-15 23:00:00,119518.37629588683,119795.54338438438,277.1670884975465,0.23136677765065833,-1.0
2024-01-16 00:00:00,119766.89059325648,119795.54338438438,28.652791127897217,0.02391807768337413,-1.0
2024-01-16 01:00:00,119830.84278931782,119830.84278931782,0.0,0.0,-1.0
2024-01-16 02:00:00,119799.61547988297,119830.84278931782,31.227309434849303,0.02605949245450273,-1.0
2024-01-16 03:00:00,119723.53926952682,119830.84278931782,107.30351979099214,0.08954582751257892,-1.0
2024-01-16 04:00:00,119656.17162528483,119830.84278931782,174.6711640329886,0.14576477972377197,-1.0
2024-01-16 05:00:00,119629.18123357107,119830.84278931782,201.66155574674485,0.16828852326549917,-1.0
2024-01-16 06:00:00,119535.11134601879,119830.84278931782,295.73144329902425,0.246790756382285,-1.0
2024-01-16 07:00:00,119406.9213968579,119830.84278931782,423.9213924599171,0.3537665116861776,-1.0
2024-01-16 08:00:00,119325.86437423131,119830.84278931782,504.9784150865016,0.42140938287009805,-1.0
2024-01-16 09:00:00,119449.37345249117,119830.84278931782,381.4693368266453,0.31833985971151907,-1.0
2024-01-16 10:00:00,119531.88697477679,119830.84278931782,298.9558145410265,0.24948152544219324,-1.0
2024-01-16 11:00:00,119690.26544250957,119830.84278931782,140.57734680824797,0.11731315872943154,-1.0
2024-01-16 12:00:00,119755.30996662806,119830.84278931782,75.53282268975454,0.06303287278263875,-1.0
2024-01-16 13:00:00,119634.30806703134,119830.84278931782,196.53472228648025,0.16401013104115472,-1.0
2024-01-16 14:00:00,119783.47420555538,119830.84278931782,47.368583762436174,0.03952954236140847,-1.0
2024-01-16 15:00:00,119707.77081372414,119830.84278931782,123.07197559367341,0.102704756746186,-1.0
2024-01-16 16:00:00,119879.76295902248,119879.76295902248,0.0,0.0,-1.0
2024-01-16 17:00:00,119779.87495857893,119879.76295902248,99.88800044354866,0.08332348845041723,-1.0
2024-01-16 18:00:00,119751.7534646184,119879.76295902248,128.00949440407567,0.10678157117130112,-1.0
2024-01-16 19:00:00,119772.54471853322,119879.76295902248,107.21824048926646,0.08943814856050057,-1.0
2024-01-16 20:00:00,119948.70543869176,119948.70543869176,0.0,0.0,-1.0
2024-01-16 21:00:00,120050.10502651086,120050.10502651086,0.0,0.0,-1.0
2024-01-16 22:00:00,120128.1052248335,120128.1052248335,0.0,0.0,-1.0
2024-01-16 23:00:00,120485.9555425918,120485.9555425918,0.0,0.0,-1.0
2024-01-17 00:00:00,120285.40806840803,120485.9555425918,200.54747418376792,0.1664488390208055,-1.0
2024-01-17 01:00:00,120204.65142200295,120485.9555425918,281.30412058884394,0.23347461479807322,-1.0
2024-01-17 02:00:00,120117.4731502971,120485.9555425918,368.4823922946962,0.30583016139539815,-1.0
2024-01-17 03:00:00,119926.87530380876,120485.9555425918,559.0802387830336,0.464021085499379,-1.0
2024-01-17 04:00:00,119893.94737687586,120485.9555425918,592.0081657159317,0.4913503512089064,-1.0
2024-01-17 05:00:00,120072.11275144537,120485.9555425918,413.84279114642413,0.3434780338361766,-1.0
2024-01-17 06:00:00,120058.365641668,120485.9555425918,427.589900923791,0.3548877535130125,-1.0
2024-01-17 07:00:00,120083.41519587005,120485.9555425918,402.5403467217402,0.3340973185704139,-1.0
2024-01-17 08:00:00,119900.031971688,120485.9555425918,585.9235709037894,0.486300306342896,-1.0
2024-01-17 09:00:00,119855.55313541395,120485.9555425918,630.4024071778404,0.5232165063047477,-1.0
2024-01-17 10:00:00,119861.29832807582,120485.9555425918,624.6572145159735,0.5184481558061405,-1.0
2024-01-17 11:00:00,120032.65839145788,120485.9555425918,453.29715113391285,0.37622405789334695,-1.0
2024-01-17 12:00:00,119856.42093177015,120485.9555425918,629.5346108216472,0.522496259407684,-1.0
2024-01-17 13:00:00,119863.16961991198,120485.9555425918,622.7859226798173,0.5168950355045011,-1.0
2024-01-17 14:00:00,120101.19232442231,120485.9555425918,384.76321816947893,0.319342795130562,-1.0
2024-01-17 15:00:00,120109.42983157882,120485.9555425918,376.5257110129751,0.3125058927551711,-1.0
2024-01-17 16:00:00,119867.09561946102,120485.9555425918,618.8599231307744,0.5136365648127407,-1.0
2024-01-17 17:00:00,120133.97198606325,120485.9555425918,351.9835565285466,0.2921365854994779,-1.0
2024-01-17 18:00:00,120319.206527444,120485.9555425918,166.74901514779776,0.138397055820213,-1.0
2024-01-17 19:00:00,120524.61610370582,120524.61610370582,0.0,0.0,-1.0
2024-01-17 20:00:00,120338.048556694,120524.61610370582,186.5675470118149,0.15479621760527512,-1.0
2024-01-17 21:00:00,120639.91691557108,120639.91691557108,0.0,0.0,-1.0
2024-01-17 22:00:00,120598.9255028044,120639.91691557108,40.991412766685244,0.03397831647660431,-1.0
2024-01-17 23:00:00,120597.50966117137,120639.91691557108,42.4072543997172,0.035151926065562195,-1.0
2024-01-18 00:00:00,120567.09308627257,120639.91691557108,72.82382929851883,0.06036462156177049,-1.0
2024-01-18 01:00:00,120784.13366356585,120784.13366356585,0.0,0.0,-1.0
2024-01-18 02:00:00,120832.16391069005,120832.16391069005,0.0,0.0,-1.0
2024-01-18 03:00:00,120979.4250655782,120979.4250655782,0.0,0.0,-1.0
2024-01-18 04:00:00,121065.81021901085,121065.81021901085,0.0,0.0,-1.0
2024-01-18 05:00:00,121126.5539184569,121126.5539184569,0.0,0.0,-1.0
2024-01-18 06:00:00,121059.53630889498,121126.5539184569,67.01760956192447,0.05532858600686445,-1.0
2024-01-18 07:00:00,121406.35739699115,121406.35739699115,0.0,0.0,-1.0
2024-01-18 08:00:00,121261.84835271537,121406.35739699115,144.50904427577916,0.11902922332414907,-1.0
2024-01-18 09:00:00,121398.68644882058,121406.35739699115,7.670948170576594,0.006318407318237113,-1.0
2024-01-18 10:00:00,121530.18493763667,121530.18493763667,0.0,0.0,-1.0
2024-01-18 11:00:00,121778.33838055954,121778.33838055954,0.0,0.0,-1.0
2024-01-18 12:00:00,122061.55188541643,122061.55188541643,0.0,0.0,-1.0
2024-01-18 13:00:00,122115.94359550391,122115.94359550391,0.0,0.0,-1.0
2024-01-18 14:00:00,122270.50274139261,122270.50274139261,0.0,0.0,-1.0
2024-01-18 15:00:00,122610.23379796049,122610.23379796049,0.0,0.0,-1.0
2024-01-18 16:00:00,122675.45728292216,122675.45728292216,0.0,0.0,-1.0
2024-01-18 17:00:00,122590.49226166238,122675.45728292216,84.96502125977713,0.06925999962961234,-1.0
2024-01-18 18:00:00,122607.82204475747,122675.45728292216,67.6352381646866,0.0551334714071632,-1.0
2024-01-18 19:00:00,122487.1251449653,122675.45728292216,188.3321379568515,0.15352063251128353,-1.0
2024-01-18 20:00:00,122617.89766661452,122675.45728292216,57.55961630764068,0.046920237823033284,-1.0
2024-01-18 21:00:00,122852.56609783562,122852.56609783562,0.0,0.0,-1.0
2024-01-18 22:00:00,122909.40987402548,122909.40987402548,0.0,0.0,-1.0
2024-01-18 23:00:00,122741.26586660744,122909.40987402548,168.14400741804275,0.1368032013093057,-1.0
2024-01-19 00:00:00,122969.51349186609,122969.51349186609,0.0,0.0,-1.0
2024-01-19 01:00:00,122778.06864763123,122969.51349186609,191.44484423486574,0.15568480251613664,-1.0
2024-01-19 02:00:00,122621.17543094276,122969.51349186609,348.33806092332816,0.28327188669114256,-1.0
2024-01-19 03:00:00,122669.42467281855,122969.51349186609,300.088819047538,0.24403513564147553,-1.0
2024-01-19 04:00:00,122782.19245966988,122969.51349186609,187.32103219621058,0.15233127860475845,-1.0
2024-01-19 05:00:00,122920.52958448364,122969.51349186609,48.98390738245507,0.039834188158917254,-1.0
2024-01-19 06:00:00,122985.60865167667,122985.60865167667,0.0,0.0,-1.0
2024-01-19 07:00:00,123324.6152164469,123324.6152164469,0.0,0.0,-1.0
2024-01-19 08:00:00,123409.39046760938,123409.39046760938,0.0,0.0,-1.0
2024-01-19 09:00:00,123639.59068287232,123639.59068287232,0.0,0.0,-1.0
2024-01-19 10:00:00,123832.63386748653,123832.63386748653,0.0,0.0,-1.0
2024-01-19 11:00:00,123713.70280765585,123832.63386748653,118.93105983067653,0.09604177518984601,-1.0
2024-01-19 12:00:00,123763.24323456302,123832.63386748653,69.39063292350329,0.05603582089496562,-1.0
2024-01-19 13:00:00,124156.74131155518,124156.74131155518,0.0,0.0,-1.0
2024-01-19 14:00:00,124156.08868346414,124156.74131155518,0.652628091032966,0.0005256485343758184,-1.0
2024-01-19 15:00:00,124129.89560481063,124156.74131155518,26.84570674454153,0.021622431823637933,-1.0
2024-01-19 16:00:00,124230.48194203219,124230.48194203219,0.0,0.0,-1.0
2024-01-19 17:00:00,124235.20395264318,124235.20395264318,0.0,0.0,-1.0
2024-01-19 18:00:00,124191.14826571784,124235.20395264318,44.05568692533416,0.03546151615940326,-1.0
2024-01-19 19:00:00,124193.65575657321,124235.20395264318,41.54819606996898,0.03344317451743115,-1.0
2024-01-19 20:00:00,124483.4572072785,124483.4572072785,0.0,0.0,-1.0
2024-01-19 21:00:00,124537.96440355686,124537.96440355686,0.0,0.0,-1.0
2024-01-19 22:00:00,124413.75314864366,124537.96440355686,124.21125491319981,0.09973766273447479,-1.0
2024-01-19 23:00:00,124261.99116793044,124537.96440355686,275.9732356264285,0.22159767661863805,-1.0
2024-01-20 00:00:00,124668.0119077386,124668.0119077386,0.0,0.0,-1.0
2024-01-20 01:00:00,124709.5117523235,124709.5117523235,0.0,0.0,-1.0
2024-01-20 02:00:00,124849.69852746831,124849.69852746831,0.0,0.0,-1.0
2024-01-20 03:00:00,124808.99194351737,124849.69852746831,40.70658395094506,0.03260447116096893,-1.0
2024-01-20 04:00:00,124932.13983890807,124932.13983890807,0.0,0.0,-1.0
2024-01-20 05:00:00,125226.0392866483,125226.0392866483,0.0,0.0,-1.0
2024-01-20 06:00:00,125203.19980908674,125226.0392866483,22.83947756155976,0.01823860092650469,-1.0
2024-01-20 07:00:00,125346.98782607903,125346.98782607903,0.0,0.0,-1.0
2024-01-20 08:00:00,125211.12588469547,125346.98782607903,135.86194138355495,0.10838867669645608,-1.0
2024-01-20 09:00:00,125589.55580245049,125589.55580245049,0.0,0.0,-1.0
2024-01-20 10:00:00,125704.83619198717,125704.83619198717,0.0,0.0,-1.0
2024-01-20 11:00:00,125717.91711533432,125717.91711533432,0.0,0.0,-1.0
2024-01-20 12:00:00,125748.2359968414,125748.2359968414,0.0,0.0,-1.0
2024-01-20 13:00:00,125746.73027066425,125748.2359968414,1.505726177143515,0.0011974133594854855,-1.0
2024-01-20 14:00:00,125752.89449604573,125752.89449604573,0.0,0.0,-1.0
2024-01-20 15:00:00,125460.77022469327,125752.89449604573,292.12427135245525,0.23230023652588055,-1.0
2024-01-20 16:00:00,125521.07536487876,125752.89449604573,231.81913116696524,0.18434496644866868,-1.0
2024-01-20 17:00:00,125575.09356278791,125752.89449604573,177.80093325782218,0.14138913777719295,-1.0
2024-01-20 18:00:00,125723.39279337697,125752.89449604573,29.50170266875648,0.023460058543371465,-1.0
2024-01-20 19:00:00,125719.92123141074,125752.89449604573,32.97326463498757,0.0262206804599829,-1.0
2024-01-20 20:00:00,125679.26578428959,125752.89449604573,73.62871175614418,0.058550311745277105,-1.0
2024-01-20 21:00:00,125753.09954262164,125753.09954262164,0.0,0.0,-1.0
2024-01-20 22:00:00,125586.24432490807,125753.09954262164,166.85521771357162,0.13268477542139565,-1.0
2024-01-20 23:00:00,125682.75780303826,125753.09954262164,70.34173958338215,0.05593638633101138,-1.0
2024-01-21 00:00:00,125478.48491411,125753.09954262164,274.61462851164106,0.21837603169261496,-1.0
2024-01-21 01:00:00,125721.60771143461,125753.09954262164,31.491831187027856,0.025042588454334117,-1.0
2024-01-21 02:00:00,125899.24820478373,125899.24820478373,0.0,0.0,-1.0
2024-01-21 03:00:00,125835.32032332012,125899.24820478373,63.927881463605445,0.05077701604669027,-1.0
2024-01-21 04:00:00,126009.49102532082,126009.49102532082,0.0,0.0,-1.0
2024-01-21 05:00:00,126101.2181589589,126101.2181589589,0.0,0.0,-1.0
2024-01-21 06:00:00,126024.86662429618,126101.2181589589,76.35153466272459,0.06054781688665247,-1.0
2024-01-21 07:00:00,125796.43520071181,126101.2181589589,304.78295824708766,0.24169707691712278,-1.0
2024-01-21 08:00:00,125918.90055322579,126101.2181589589,182.31760573311476,0.14458036836986887,-1.0
2024-01-21 09:00:00,125874.75827615554,126101.2181589589,226.45988280336314,0.17958580108076,-1.0
2024-01-21 10:00:00,126114.00371160996,126114.00371160996,0.0,0.0,-1.0
2024-01-21 11:00:00,126191.10877169223,126191.10877169223,0.0,0.0,-1.0
2024-01-21 12:00:00,126161.17136721764,126191.10877169223,29.937404474592768,0.023723861978862698,-1.0
2024-01-21 13:00:00,126505.84717718122,126505.84717718122,0.0,0.0,-1.0
2024-01-21 14:00:00,126667.31415107167,126667.31415107167,0.0,0.0,-1.0
2024-01-21 15:00:00,126194.05117380604,126667.31415107167,473.2629772656219,0.37362675638734844,-1.0
2024-01-21 16:00:00,126196.09240848741,126667.31415107167,471.22174258425366,0.3720152635606089,-1.0
2024-01-21 17:00:00,126063.47905968555,126667.31415107167,603.8350913861213,0.47670947744731396,-1.0
2024-01-21 18:00:00,126018.5093690275,126667.31415107167,648.8047820441716,0.5122116833316327,-1.0
2024-01-21 19:00:00,126071.79950918972,126667.31415107167,595.5146418819495,0.4701407351005328,-1.0
2024-01-01 01:00:00,126199.90678547786,126667.31415107167,467.40736559381185,0.3690039286980945,-1.0
2024-01-01 02:00:00,126314.11164679489,126667.31415107167,353.2025042767782,0.2788426569584683,-1.0
2024-01-01 03:00:00,126550.7926082796,126667.31415107167,116.52154279206297,0.09199022144978287,-1.0
2024-01-01 04:00:00,126721.2823649059,126721.2823649059,0.0,0.0,-1.0
2024-01-01 05:00:00,126882.49440427472,126882.49440427472,0.0,0.0,-1.0
2024-01-01 06:00:00,126987.71825274471,126987.71825274471,0.0,0.0,-1.0
2024-01-01 07:00:00,127255.7380806536,127255.7380806536,0.0,0.0,-1.0
2024-01-01 08:00:00,127283.29659917495,127283.29659917495,0.0,0.0,-1.0
2024-01-01 09:00:00,127314.75110886467,127314.75110886467,0.0,0.0,-1.0
2024-01-01 10:00:00,127103.91510591879,127314.75110886467,210.8360029458854,0.16560217972354446,-1.0
2024-01-01 11:00:00,127337.3397124903,127337.3397124903,0.0,0.0,-1.0
2024-01-01 12:00:00,127400.80084912342,127400.80084912342,0.0,0.0,-1.0
2024-01-01 13:00:00,127915.84170504911,127915.84170504911,0.0,0.0,-1.0
2024-01-01 14:00:00,127930.01180128474,127930.01180128474,0.0,0.0,-1.0
2024-01-01 15:00:00,128018.29852069725,128018.29852069725,0.0,0.0,-1.0
2024-01-01 16:00:00,128175.27426373851,128175.27426373851,0.0,0.0,-1.0
2024-01-01 17:00:00,128084.9892677902,128175.27426373851,90.28499594831374,0.07043869924751615,-1.0
2024-01-01 18:00:00,128213.77142487207,128213.77142487207,0.0,0.0,-1.0
2024-01-01 19:00:00,128293.97063968066,128293.97063968066,0.0,0.0,-1.0
2024-01-01 20:00:00,128323.41741122914,128323.41741122914,0.0,0.0,-1.0
2024-01-01 21:00:00,128574.30800504058,128574.30800504058,0.0,0.0,-1.0
2024-01-01 22:00:00,128513.74569735398,128574.30800504058,60.56230768660316,0.047102962190727016,-1.0
2024-01-01 23:00:00,128629.98101431632,128629.98101431632,0.0,0.0,-1.0
2024-01-02 00:00:00,128923.18065802408,128923.18065802408,0.0,0.0,-1.0
2024-01-02 01:00:00,128892.18739463063,128923.18065802408,30.993263393451343,0.024040101427269856,-1.0
2024-01-02 02:00:00,128922.65449722679,128923.18065802408,0.5261607972934144,0.0004081196217839871,-1.0
2024-01-02 03:00:00,129349.45018174757,129349.45018174757,0.0,0.0,-1.0
2024-01-02 04:00:00,129495.60884152098,129495.60884152098,0.0,0.0,-1.0
2024-01-02 05:00:00,129494.67922002458,129495.60884152098,0.9296214963978855,0.0007178787796083284,-1.0
2024-01-02 06:00:00,129690.07293403636,129690.07293403636,0.0,0.0,-1.0
2024-01-02 07:00:00,129679.8589012977,129690.07293403636,10.214032738658716,0.007875724415587175,-1.0
2024-01-02 08:00:00,129520.1215126737,129690.07293403636,169.95142136266804,0.13104427927117415,-1.0
2024-01-02 09:00:00,129800.97610446347,129800.97610446347,0.0,0.0,-1.0
2024-01-02 10:00:00,129710.51721484381,129800.97610446347,90.45888961965102,0.06969045405856575,-1.0
2024-01-02 11:00:00,130153.27410859341,130153.27410859341,0.0,0.0,-1.0
2024-01-02 12:00:00,130154.87425227408,130154.87425227408,0.0,0.0,-1.0
2024-01-02 13:00:00,130549.86395450836,130549.86395450836,0.0,0.0,-1.0
2024-01-02 14:00:00,130419.56329423035,130549.86395450836,130.30066027800785,0.09980911226641542,-1.0
2024-01-02 15:00:00,130648.38733217028,130648.38733217028,0.0,0.0,-1.0
2024-01-02 16:00:00,130798.34627311798,130798.34627311798,0.0,0.0,-1.0
2024-01-02 17:00:00,130999.00820695124,130999.00820695124,0.0,0.0,-1.0
2024-01-02 18:00:00,131219.21161295267,131219.21161295267,0.0,0.0,-1.0
2024-01-02 19:00:00,131219.54984161048,131219.54984161048,0.0,0.0,-1.0
2024-01-02 20:00:00,131098.22326531002,131219.54984161048,121.32657630046015,0.0924607472338598,-1.0
2024-01-02 21:00:00,131165.58560575914,131219.54984161048,53.964235851337435,0.041125149351964214,-1.0
2024-01-02 22:00:00,131274.04014439692,131274.04014439692,0.0,0.0,-1.0
2024-01-02 23:00:00,131278.26345122358,131278.26345122358,0.0,0.0,-1.0
2024-01-03 00:00:00,131394.89654674756,131394.89654674756,0.0,0.0,-1.0
2024-01-03 01:00:00,131519.3403764238,131519.3403764238,0.0,0.0,-1.0
2024-01-03 02:00:00,131457.8364094422,131519.3403764238,61.503966981574195,0.046764199702905004,-1.0
2024-01-03 03:00:00,131592.0821016958,131592.0821016958,0.0,0.0,-1.0
2024-01-03 04:00:00,131627.0002981416,131627.0002981416,0.0,0.0,-1.0
2024-01-03 05:00:00,131597.00316311108,131627.0002981416,29.997135030513164,0.022789499846207987,-1.0
2024-01-03 06:00:00,131790.1094338447,131790.1094338447,0.0,0.0,-1.0
2024-01-03 07:00:00,131748.56075209065,131790.1094338447,41.54868175403681,0.031526403561333405,-1.0
2024-01-03 08:00:00,131755.06061360493,131790.1094338447,35.048820239753695,0.02659442380791657,-1.0
2024-01-03 09:00:00,131840.86824113294,131840.86824113294,0.0,0.0,-1.0
2024-01-03 10:00:00,132122.01498423106,132122.01498423106,0.0,0.0,-1.0
2024-01-03 11:00:00,132225.9325958897,132225.9325958897,0.0,0.0,-1.0
2024-01-03 12:00:00,132380.17584576088,132380.17584576088,0.0,0.0,-1.0
2024-01-03 13:00:00,132410.5294653614,132410.5294653614,0.0,0.0,-1.0
2024-01-03 14:00:00,132473.75602170496,132473.75602170496,0.0,0.0,-1.0
2024-01-03 15:00:00,132541.424436677,132541.424436677,0.0,0.0,-1.0
2024-01-03 16:00:00,132660.42037207956,132660.42037207956,0.0,0.0,-1.0
2024-01-03 17:00:00,132691.0252361223,132691.0252361223,0.0,0.0,-1.0
2024-01-03 18:00:00,132967.02521894375,132967.02521894375,0.0,0.0,-1.0
2024-01-03 19:00:00,132986.0502831684,132986.0502831684,0.0,0.0,-1.0
2024-01-03 20:00:00,132804.9641128876,132986.0502831684,181.0861702808179,0.13616929737760422,-1.0
2024-01-03 21:00:00,133291.3836035431,133291.3836035431,0.0,0.0,-1.0
2024-01-03 22:00:00,133317.27829990155,133317.27829990155,0.0,0.0,-1.0
2024-01-03 23:00:00,133589.25376796525,133589.25376796525,0.0,0.0,-1.0
2024-01-04 00:00:00,133874.9723942592,133874.9723942592,0.0,0.0,-1.0
2024-01-04 01:00:00,134091.75454109677,134091.75454109677,0.0,0.0,-1.0
2024-01-04 02:00:00,134137.05045815717,134137.05045815717,0.0,0.0,-1.0
2024-01-04 03:00:00,134255.05318113833,134255.05318113833,0.0,0.0,-1.0
2024-01-04 04:00:00,134138.8766497426,134255.05318113833,116.1765313957294,0.08653419639928397,-1.0
2024-01-04 05:00:00,134512.39881581534,134512.39881581534,0.0,0.0,-1.0
2024-01-04 06:00:00,134459.62791608795,134512.39881581534,52.77089972738759,0.03923125317216708,-1.0
2024-01-04 07:00:00,134496.54277167682,134512.39881581534,15.856044138519792,0.01178779374846411,-1.0
2024-01-04 08:00:00,134586.39074473287,134586.39074473287,0.0,0.0,-1.0
2024-01-04 09:00:00,134645.27478150732,134645.27478150732,0.0,0.0,-1.0
2024-01-04 10:00:00,134621.7437891633,134645.27478150732,23.530992344021797,0.017476285285321896,-1.0
2024-01-04 11:00:00,134905.89464697152,134905.89464697152,0.0,0.0,-1.0
2024-01-04 12:00:00,135123.43653949475,135123.43653949475,0.0,0.0,-1.0
2024-01-04 13:00:00,135246.7436201436,135246.7436201436,0.0,0.0,-1.0
2024-01-04 14:00:00,135261.8106617441,135261.8106617441,0.0,0.0,-1.0
2024-01-04 15:00:00,135496.45204252077,135496.45204252077,0.0,0.0,-1.0
2024-01-04 16:00:00,135501.78174760414,135501.78174760414,0.0,0.0,-1.0
2024-01-04 17:00:00,135812.3405236548,135812.3405236548,0.0,0.0,-1.0
2024-01-04 18:00:00,135904.0236609773,135904.0236609773,0.0,0.0,-1.0
2024-01-04 19:00:00,136163.4908900232,136163.4908900232,0.0,0.0,-1.0
2024-01-04 20:00:00,136221.41784109568,136221.41784109568,0.0,0.0,-1.0
2024-01-04 21:00:00,136307.14781840183,136307.14781840183,0.0,0.0,-1.0
2024-01-04 22:00:00,136565.96097762062,136565.96097762062,0.0,0.0,-1.0
2024-01-04 23:00:00,136970.04975039128,136970.04975039128,0.0,0.0,-1.0
2024-01-05 00:00:00,137279.104773017,137279.104773017,0.0,0.0,-1.0
2024-01-05 01:00:00,137485.67496592368,137485.67496592368,0.0,0.0,-1.0
2024-01-05 02:00:00,137649.06748086732,137649.06748086732,0.0,0.0,-1.0
2024-01-05 03:00:00,137648.02517732838,137649.06748086732,1.04230353893945,0.0007572180168124467,-1.0
2024-01-05 04:00:00,137767.3096384942,137767.3096384942,0.0,0.0,-1.0
2024-01-05 05:00:00,137705.35226089467,137767.3096384942,61.95737759952317,0.044972481325287764,-1.0
2024-01-05 06:00:00,137836.7195809474,137836.7195809474,0.0,0.0,-1.0
2024-01-05 07:00:00,137977.72718005144,137977.72718005144,0.0,0.0,-1.0
2024-01-05 08:00:00,137758.6004088312,137977.72718005144,219.12677122023888,0.15881314738160132,-1.0
2024-01-05 09:00:00,137839.41120020996,137977.72718005144,138.3159798414854,0.10024515019079316,-1.0
2024-01-05 10:00:00,137976.64243507333,137977.72718005144,1.0847449781140313,0.000786173971903823,-1.0
2024-01-05 11:00:00,138039.08595650247,138039.08595650247,0.0,0.0,-1.0
2024-01-05 12:00:00,138167.79328233097,138167.79328233097,0.0,0.0,-1.0
2024-01-05 13:00:00,138041.53494582753,138167.79328233097,126.25833650343702,0.09138043932238372,-1.0
2024-01-05 14:00:00,138000.1552999935,138167.79328233097,167.63798233747366,0.12132927533620194,-1.0
2024-01-05 15:00:00,138230.3960244681,138230.3960244681,0.0,0.0,-1.0
2024-01-05 16:00:00,138305.48177431495,138305.48177431495,0.0,0.0,-1.0
2024-01-05 17:00:00,138431.46362151217,138431.46362151217,0.0,0.0,-1.0
2024-01-05 18:00:00,138424.4854474059,138431.46362151217,6.978174106276128,0.005040887326999065,-1.0
2024-01-05 19:00:00,138502.40955089743,138502.40955089743,0.0,0.0,-1.0
2024-01-05 20:00:00,138232.10772387715,138502.40955089743,270.3018270202738,0.19516037872318903,-1.0
2024-01-05 21:00:00,138434.00951464026,138502.40955089743,68.40003625716781,0.049385448584583574,-1.0
2024-01-05 22:00:00,138780.19944048312,138780.19944048312,0.0,0.0,-1.0
2024-01-05 23:00:00,138695.4468081009,138780.19944048312,84.75263238220941,0.06106968625488694,-1.0
2024-01-06 00:00:00,138629.39697997447,138780.19944048312,150.8024605086539,0.10866280717036049,-1.0
2024-01-06 01:00:00,138770.5289647101,138780.19944048312,9.670475773018552,0.006968195615805989,-1.0
2024-01-06 02:00:00,139066.61085828612,139066.61085828612,0.0,0.0,-1.0
2024-01-06 03:00:00,139141.29626067868,139141.29626067868,0.0,0.0,-1.0
2024-01-06 04:00:00,139031.8985575568,139141.29626067868,109.39770312188193,0.07862346123104053,-1.0
2024-01-06 05:00:00,139075.6059720611,139141.29626067868,65.6902886175667,0.04721120931236485,-1.0
2024-01-06 06:00:00,138996.11616001435,139141.29626067868,145.1801006643218,0.10434005185083912,-1.0
2024-01-06 07:00:00,138970.78921608403,139141.29626067868,170.5070445946476,0.12254237180254937,-1.0
2024-01-06 08:00:00,139000.18305121103,139141.29626067868,141.11320946764317,0.10141720198097778,-1.0
2024-01-06 09:00:00,138935.78436297478,139141.29626067868,205.51189770389465,0.14770014598604275,-1.0
2024-01-06 10:00:00,138894.0985043486,139141.29626067868,247.1977563300752,0.177659518039098,-1.0
2024-01-06 11:00:00,138980.27860438195,139141.29626067868,161.01765629672445,0.11572240637679615,-1.0
2024-01-06 12:00:00,139087.53397620254,139141.29626067868,53.76228447613539,0.03863862557052274,-1.0
2024-01-06 13:00:00,138948.9369261294,139141.29626067868,192.35933454928454,0.13824747915881339,-1.0
2024-01-06 14:00:00,139083.3941845058,139141.29626067868,57.90207617287524,0.04161386858463411,-1.0
2024-01-06 15:00:00,139101.1041050361,139141.29626067868,40.192155642580474,0.028885856839569186,-1.0
2024-01-06 16:00:00,139284.143333569,139284.143333569,0.0,0.0,-1.0
2024-01-06 17:00:00,139476.21796167217,139476.21796167217,0.0,0.0,-1.0
2024-01-06 18:00:00,139469.5367845289,139476.21796167217,6.681177143269451,0.00479019093069001,-1.0
2024-01-06 19:00:00,139636.65893863456,139636.65893863456,0.0,0.0,-1.0
2024-01-06 20:00:00,139586.11553267975,139636.65893863456,50.54340595481335,0.036196373029109365,-1.0
2024-01-06 21:00:00,139859.67984210505,139859.67984210505,0.0,0.0,-1.0
2024-01-06 22:00:00,139814.80941197657,139859.67984210505,44.870430128474254,0.03208246306521711,-1.0
2024-01-06 23:00:00,139942.7218532704,139942.7218532704,0.0,0.0,-1.0
2024-01-07 00:00:00,139989.58048157376,139989.58048157376,0.0,0.0,-1.0
2024-01-07 01:00:00,139912.04630443812,139989.58048157376,77.53417713564704,0.055385677183204744,-1.0
2024-01-07 02:00:00,140122.18366870593,140122.18366870593,0.0,0.0,-1.0
2024-01-07 03:00:00,140105.06389737592,140122.18366870593,17.119771330006188,0.012217745171944261,-1.0
2024-01-07 04:00:00,139925.05307262918,140122.18366870593,197.1305960767495,0.14068478731592554,-1.0
2024-01-07 05:00:00,139567.75106815397,140122.18366870593,554.4326005519542,0.3956779619298625,-1.0
2024-01-07 06:00:00,139511.49436398977,140122.18366870593,610.6893047161575,0.43582628298173265,-1.0
2024-01-07 07:00:00,139792.8806268846,140122.18366870593,329.3030418213166,0.23501135451892133,-1.0
2024-01-07 08:00:00,140056.54139701015,140122.18366870593,65.64227169577498,0.04684645212993147,-1.0
2024-01-07 09:00:00,140023.751636658,140122.18366870593,98.43203204791644,0.07024728666849893,-1.0
2024-01-07 10:00:00,140042.5833994528,140122.18366870593,79.60026925313286,0.05680775675130327,-1.0
2024-01-07 11:00:00,140047.8464381194,140122.18366870593,74.33723058653413,0.05305172146210006,-1.0
2024-01-07 12:00:00,139922.83161630196,140122.18366870593,199.35205240396317,0.14227015821798478,-1.0
2024-01-07 13:00:00,139855.50683555845,140122.18366870593,266.6768331474741,0.19031735458675422,-1.0
2024-01-07 14:00:00,140077.67926346857,140122.18366870593,44.50440523735597,0.031761141649475536,-1.0
2024-01-07 15:00:00,140228.2624441755,140228.2624441755,0.0,0.0,-1.0
2024-01-07 16:00:00,140344.22577295496,140344.22577295496,0.0,0.0,-1.0
2024-01-07 17:00:00,140218.95378120584,140344.22577295496,125.27199174911948,0.08926052429957544,-1.0
2024-01-07 18:00:00,140309.05926331095,140344.22577295496,35.16650964401197,0.025057325622290565,-1.0
2024-01-07 19:00:00,140038.48251788775,140344.22577295496,305.74325506720925,0.21785239355827316,-1.0
2024-01-07 20:00:00,140239.90292157684,140344.22577295496,104.32285137812141,0.07433355437571906,-1.0
2024-01-07 21:00:00,140353.6891566874,140353.6891566874,0.0,0.0,-1.0
2024-01-07 22:00:00,140226.90428887244,140353.6891566874,126.78486781497486,0.09033240848655952,-1.0
2024-01-07 23:00:00,140544.36812249594,140544.36812249594,0.0,0.0,-1.0
2024-01-08 00:00:00,140349.94342362066,140544.36812249594,194.42469887528569,0.13833688355682003,-1.0
2024-01-08 01:00:00,140504.4893509581,140544.36812249594,39.878771537856665,0.028374506976401252,-1.0
2024-01-08 02:00:00,140662.7651163049,140662.7651163049,0.0,0.0,-1.0
2024-01-08 03:00:00,140551.81455040202,140662.7651163049,110.95056590286549,0.07887699762700363,-1.0
2024-01-08 04:00:00,140621.1369467805,140662.7651163049,41.62816952439607,0.029594306275705907,-1.0
2024-01-08 05:00:00,140450.61277045755,140662.7651163049,212.15234584733844,0.1508233864675726,-1.0
2024-01-08 06:00:00,140098.65662300852,140662.7651163049,564.1084932963713,0.40103611842831804,-1.0
2024-01-08 07:00:00,140013.47518896876,140662.7651163049,649.2899273361254,0.4615933198805454,-1.0
2024-01-08 08:00:00,139995.98144762946,140662.7651163049,666.7836686754308,0.47402997383430556,-1.0
2024-01-08 09:00:00,140167.61987475108,140662.7651163049,495.14524155380786,0.35200875025057593,-1.0
2024-01-08 10:00:00,140252.7310875102,140662.7651163049,410.03402879467467,0.2915014705246582,-1.0
2024-01-08 11:00:00,140341.76290641812,140662.7651163049,321.002209886763,0.22820695272224115,-1.0
2024-01-08 12:00:00,140264.59966292558,140662.7651163049,398.1654533793044,0.28306386061022426,-1.0
2024-01-08 13:00:00,140260.09796731937,140662.7651163049,402.66714898552164,0.2862642069154423,-1.0
2024-01-08 14:00:00,140195.608975839,140662.7651163049,467.15614046590053,0.33211073312801687,-1.0
2024-01-08 15:00:00,140086.8628747845,140662.7651163049,575.9022415203799,0.40942053218149366,-1.0
2024-01-08 16:00:00,140072.80796073642,140662.7651163049,589.957155568467,0.4194124543767285,-1.0
2024-01-08 17:00:00,140158.98481850087,140662.7651163049,503.78029780401266,0.3581475860989008,-1.0
2024-01-08 18:00:00,140148.08904058725,140662.7651163049,514.676075717638,0.3658936146265046,-1.0
2024-01-08 19:00:00,140174.5636401735,140662.7651163049,488.20147613139125,0.3470722872024655,-1.0
2024-01-08 20:00:00,140353.80086181022,140662.7651163049,308.96425449466915,0.21964892716221435,-1.0
2024-01-08 21:00:00,140353.6876990066,140662.7651163049,309.0774172982783,0.2197293768842965,-1.0
2024-01-08 22:00:00,140228.59270435842,140662.7651163049,434.1724119464634,0.3086619345122886,-1.0
2024-01-08 23:00:00,140388.1107325986,140662.7651163049,274.65438370627817,0.1952573472298688,-1.0
2024-01-09 00:00:00,140502.98817987484,140662.7651163049,159.7769364300475,0.11358865034249707,-1.0
2024-01-09 01:00:00,140627.2871046007,140662.7651163049,35.478011704195524,0.02522203489662745,-1.0
2024-01-09 02:00:00,140796.16290323104,140796.16290323104,0.0,0.0,-1.0
2024-01-09 03:00:00,140939.65913232724,140939.65913232724,0.0,0.0,-1.0
2024-01-09 04:00:00,141018.96843619793,141018.96843619793,0.0,0.0,-1.0
2024-01-09 05:00:00,141452.68633562574,141452.68633562574,0.0,0.0,-1.0
2024-01-09 06:00:00,141334.94102368044,141452.68633562574,117.74531194529845,0.08324006775376705,-1.0
2024-01-09 07:00:00,141321.97843190716,141452.68633562574,130.70790371857584,0.0924039741517841,-1.0
2024-01-09 08:00:00,141542.0785866089,141542.0785866089,0.0,0.0,-1.0
2024-01-09 09:00:00,141638.46653042323,141638.46653042323,0.0,0.0,-1.0
2024-01-09 10:00:00,141827.15498552492,141827.15498552492,0.0,0.0,-1.0
2024-01-09 11:00:00,141927.61844995545,141927.61844995545,0.0,0.0,-1.0
2024-01-09 12:00:00,142208.72693262945,142208.72693262945,0.0,0.0,-1.0
2024-01-09 13:00:00,142132.60030428445,142208.72693262945,76.12662834499497,0.05353161510338217,-1.0
2024-01-09 14:00:00,142408.96928769545,142408.96928769545,0.0,0.0,-1.0
2024-01-09 15:00:00,142659.6187616761,142659.6187616761,0.0,0.0,-1.0
2024-01-09 16:00:00,142553.07539454155,142659.6187616761,106.54336713455268,0.07468361969517218,-1.0
2024-01-09 17:00:00,142722.6752060247,142722.6752060247,0.0,0.0,-1.0
2024-01-09 18:00:00,142791.2192161892,142791.2192161892,0.0,0.0,-1.0
2024-01-09 19:00:00,142775.23191332133,142791.2192161892,15.987302867870312,0.011196278703710181,-1.0
2024-01-09 20:00:00,142566.93903486367,142791.2192161892,224.28018132553552,0.15706860866981615,-1.0
2024-01-09 21:00:00,142490.31698419608,142791.2192161892,300.9022319931246,0.2107288064664198,-1.0
2024-01-09 22:00:00,142671.53380522376,142791.2192161892,119.68541096543777,0.08381846700547552,-1.0
2024-01-09 23:00:00,142868.60999561285,142868.60999561285,0.0,0.0,-1.0
2024-01-10 00:00:00,142912.00342352642,142912.00342352642,0.0,0.0,-1.0
2024-01-10 01:00:00,143109.5511949979,143109.5511949979,0.0,0.0,-1.0
2024-01-10 02:00:00,143326.34020668204,143326.34020668204,0.0,0.0,-1.0
2024-01-10 03:00:00,143424.536200476,143424.536200476,0.0,0.0,-1.0
2024-01-10 04:00:00,143391.18615689848,143424.536200476,33.35004357752041,0.02325267660681459,-1.0
2024-01-10 05:00:00,143532.3442738208,143532.3442738208,0.0,0.0,-1.0
2024-01-10 06:00:00,143680.39197996963,143680.39197996963,0.0,0.0,-1.0
2024-01-10 07:00:00,143856.4836385222,143856.4836385222,0.0,0.0,-1.0
2024-01-10 08:00:00,144061.2941290225,144061.2941290225,0.0,0.0,-1.0
2024-01-10 09:00:00,143931.96944323432,144061.2941290225,129.32468578818953,0.08977059839013056,-1.0
2024-01-10 10:00:00,143930.48005642946,144061.2941290225,130.81407259305706,0.09080445471765572,-1.0
2024-01-10 11:00:00,143720.68685457628,144061.2941290225,340.607274446229,0.23643219124574727,-1.0
2024-01-10 12:00:00,143907.73626032958,144061.2941290225,153.5578686929366,0.10659203752217364,-1.0
2024-01-10 13:00:00,143950.8895431325,144061.2941290225,110.40458589000627,0.07663723039383985,-1.0
2024-01-10 14:00:00,144090.5116537371,144090.5116537371,0.0,0.0,-1.0
2024-01-10 15:00:00,143944.15984150858,144090.5116537371,146.35181222853134,0.10156936119446114,-1.0
2024-01-10 16:00:00,144229.30696896254,144229.30696896254,0.0,0.0,-1.0
2024-01-10 17:00:00,144125.15609426965,144229.30696896254,104.15087469288846,0.07221200523087949,-1.0
2024-01-10 18:00:00,144316.34058992701,144316.34058992701,0.0,0.0,-1.0
2024-01-10 19:00:00,144409.0331155609,144409.0331155609,0.0,0.0,-1.0
2024-01-10 20:00:00,144455.61669893196,144455.61669893196,0.0,0.0,-1.0
2024-01-10 21:00:00,144490.09268294013,144490.09268294013,0.0,0.0,-1.0
2024-01-10 22:00:00,144469.3832315427,144490.09268294013,20.70945139741525,0.014332782970012177,-1.0
2024-01-10 23:00:00,144738.66265807784,144738.66265807784,0.0,0.0,-1.0
2024-01-11 00:00:00,144815.55458323067,144815.55458323067,0.0,0.0,-1.0
2024-01-11 01:00:00,144700.1713536777,144815.55458323067,115.3832295529719,0.07967599190918198,-1.0
2024-01-11 02:00:00,144717.57732337248,144815.55458323067,97.97725985819125,0.06765658574464818,-1.0
2024-01-11 03:00:00,144811.8281774529,144815.55458323067,3.7264057777647395,0.0025732082361518984,-1.0
2024-01-11 04:00:00,145021.4989696697,145021.4989696697,0.0,0.0,-1.0
2024-01-11 05:00:00,145005.8060115921,145021.4989696697,15.692958077590447,0.010821125273896478,-1.0
2024-01-11 06:00:00,145000.13952822142,145021.4989696697,21.359441448264988,0.014728465503402484,-1.0
2024-01-11 07:00:00,145078.65434729354,145078.65434729354,0.0,0.0,-1.0
2024-01-11 08:00:00,145284.66807028564,145284.66807028564,0.0,0.0,-1.0
2024-01-11 09:00:00,145154.35488994623,145284.66807028564,130.31318033940624,0.08969506698144053,-1.0
2024-01-11 10:00:00,145305.158084595,145305.158084595,0.0,0.0,-1.0
2024-01-11 11:00:00,145310.5487050757,145310.5487050757,0.0,0.0,-1.0
2024-01-11 12:00:00,145336.88381781342,145336.88381781342,0.0,0.0,-1.0
2024-01-11 13:00:00,145712.12017958288,145712.12017958288,0.0,0.0,-1.0
2024-01-11 14:00:00,145757.64979590016,145757.64979590016,0.0,0.0,-1.0
2024-01-11 15:00:00,145945.85385844644,145945.85385844644,0.0,0.0,-1.0
2024-01-11 16:00:00,146128.69093402693,146128.69093402693,0.0,0.0,-1.0
2024-01-11 17:00:00,146026.68734691216,146128.69093402693,102.0035871147702,0.06980394230782647,-1.0
2024-01-11 18:00:00,145824.87819812872,146128.69093402693,303.8127358982165,0.20790765588626228,-1.0
2024-01-11 19:00:00,146023.02551199126,146128.69093402693,105.66542203567224,0.07230983960800501,-1.0
2024-01-11 20:00:00,145935.49358312399,146128.69093402693,193.19735090294853,0.1322104164952602,-1.0
2024-01-11 21:00:00,145760.86613993833,146128.69093402693,367.8247940886067,0.25171291943939295,-1.0
2024-01-11 22:00:00,145989.79047216495,146128.69093402693,138.90046186198015,0.09505351822024456,-1.0
2024-01-11 23:00:00,145911.87646209862,146128.69093402693,216.81447192831547,0.14837228099593475,-1.0
2024-01-12 00:00:00,145870.99884074595,146128.69093402693,257.69209328098805,0.17634599450242727,-1.0
2024-01-12 01:00:00,146242.15481400935,146242.15481400935,0.0,0.0,-1.0
2024-01-12 02:00:00,146068.19450980212,146242.15481400935,173.96030420722673,0.11895359749620027,-1.0
2024-01-12 03:00:00,145954.75160359108,146242.15481400935,287.40321041826974,0.19652555775302197,-1.0
2024-01-12 04:00:00,145960.79688222,146242.15481400935,281.35793178936,0.19239181216058446,-1.0
2024-01-12 05:00:00,145999.75835624483,146242.15481400935,242.3964577645238,0.1657500589161883,-1.0
2024-01-12 06:00:00,145940.69656392717,146242.15481400935,301.45825008218526,0.2061363568292464,-1.0
2024-01-12 07:00:00,145841.89829932872,146242.15481400935,400.25651468063006,0.2736943497513941,-1.0
2024-01-12 08:00:00,146143.3974479935,146242.15481400935,98.75736601583776,0.06753002657916064,-1.0
2024-01-12 09:00:00,146257.84536660922,146257.84536660922,0.0,0.0,-1.0
2024-01-12 10:00:00,146420.6206782406,146420.6206782406,0.0,0.0,-1.0
2024-01-12 11:00:00,146475.03690175683,146475.03690175683,0.0,0.0,-1.0
2024-01-12 12:00:00,146593.4551440857,146593.4551440857,0.0,0.0,-1.0
2024-01-12 13:00:00,146808.39039325214,146808.39039325214,0.0,0.0,-1.0
2024-01-12 14:00:00,146733.94554107034,146808.39039325214,74.44485218179761,0.05070885388933423,-1.0
2024-01-12 15:00:00,146848.67094054804,146848.67094054804,0.0,0.0,-1.0
2024-01-12 16:00:00,147028.07728755922,147028.07728755922,0.0,0.0,-1.0
2024-01-12 17:00:00,147334.79688951687,147334.79688951687,0.0,0.0,-1.0
2024-01-12 18:00:00,147701.98053648713,147701.98053648713,0.0,0.0,-1.0
2024-01-12 19:00:00,147787.45950603439,147787.45950603439,0.0,0.0,-1.0
2024-01-12 20:00:00,148033.25534848747,148033.25534848747,0.0,0.0,-1.0
2024-01-12 21:00:00,147707.73015848175,148033.25534848747,325.5251900057192,0.2199000415409329,-1.0
2024-01-12 22:00:00,148015.57259488825,148033.25534848747,17.682753599219723,0.011945122437247272,-1.0
2024-01-12 23:00:00,147981.69004563012,148033.25534848747,51.56530285734334,0.03483359380022592,-1.0
2024-01-13 00:00:00,148020.52542828195,148033.25534848747,12.729920205514645,0.008599365173417917,-1.0
2024-01-13 01:00:00,148161.691100937,148161.691100937,0.0,0.0,-1.0
2024-01-13 02:00:00,148213.67474583967,148213.67474583967,0.0,0.0,-1.0
2024-01-13 03:00:00,148318.1427527749,148318.1427527749,0.0,0.0,-1.0
2024-01-13 04:00:00,148631.29669800884,148631.29669800884,0.0,0.0,-1.0
2024-01-13 05:00:00,148648.66369120695,148648.66369120695,0.0,0.0,-1.0
2024-01-13 06:00:00,148560.62511873187,148648.66369120695,88.03857247508131,0.05922594276257129,-1.0
2024-01-13 07:00:00,148907.64469732664,148907.64469732664,0.0,0.0,-1.0
2024-01-13 08:00:00,149061.65932987735,149061.65932987735,0.0,0.0,-1.0
2024-01-13 09:00:00,149424.99517617436,149424.99517617436,0.0,0.0,-1.0
2024-01-13 10:00:00,149629.5396627612,149629.5396627612,0.0,0.0,-1.0
2024-01-13 11:00:00,149506.0005039592,149629.5396627612,123.53915880201384,0.08256334884171232,-1.0
2024-01-13 12:00:00,149677.80820472274,149677.80820472274,0.0,0.0,-1.0
2024-01-13 13:00:00,149605.21599484034,149677.80820472274,72.59220988239395,0.04849897974394808,-1.0
2024-01-13 14:00:00,149681.33076520628,149681.33076520628,0.0,0.0,-1.0
2024-01-13 15:00:00,149744.9736046651,149744.9736046651,0.0,0.0,-1.0
2024-01-13 16:00:00,149577.32403397016,149744.9736046651,167.64957069494994,0.11195672659942092,-1.0
2024-01-13 17:00:00,149530.4024605359,149744.9736046651,214.57114412920782,0.14329104941825113,-1.0
2024-01-13 18:00:00,149936.18055555975,149936.18055555975,0.0,0.0,-1.0
2024-01-13 19:00:00,150046.93716628593,150046.93716628593,0.0,0.0,-1.0
2024-01-13 20:00:00,150095.59774608648,150095.59774608648,0.0,0.0,-1.0
2024-01-13 21:00:00,150442.5312790776,150442.5312790776,0.0,0.0,-1.0
2024-01-13 22:00:00,150458.09598256723,150458.09598256723,0.0,0.0,-1.0
2024-01-13 23:00:00,150519.38292827187,150519.38292827187,0.0,0.0,-1.0
2024-01-14 00:00:00,150743.0033566903,150743.0033566903,0.0,0.0,-1.0
2024-01-14 01:00:00,150757.89298689784,150757.89298689784,0.0,0.0,-1.0
2024-01-14 02:00:00,150720.91487599496,150757.89298689784,36.97811090288451,0.024528142553768797,-1.0
2024-01-14 03:00:00,150457.85141369086,150757.89298689784,300.0415732069814,0.1990221322826909,-1.0
2024-01-14 04:00:00,150392.37666668344,150757.89298689784,365.5163202144031,0.24245252634710782,-1.0
2024-01-14 05:00:00,150325.472504785,150757.89298689784,432.42048211285146,0.2868310730174721,-1.0
2024-01-14 06:00:00,150424.2575091053,150757.89298689784,333.63547779255896,0.2213054793897622,-1.0
2024-01-14 07:00:00,150407.68876924613,150757.89298689784,350.2042176517134,0.23229577617017316,-1.0
2024-01-14 08:00:00,150806.39162087473,150806.39162087473,0.0,0.0,-1.0
2024-01-14 09:00:00,150722.7472813395,150806.39162087473,83.64433953521075,0.05546471779889244,-1.0
2024-01-14 10:00:00,151007.84428436813,151007.84428436813,0.0,0.0,-1.0
2024-01-14 11:00:00,151115.80722763727,151115.80722763727,0.0,0.0,-1.0
2024-01-14 12:00:00,151311.82333299413,151311.82333299413,0.0,0.0,-1.0
2024-01-14 13:00:00,151498.7262722045,151498.7262722045,0.0,0.0,-1.0
2024-01-14 14:00:00,151240.99094265766,151498.7262722045,257.73532954684924,0.1701237600399126,-1.0
2024-01-14 15:00:00,151314.25804081117,151498.7262722045,184.46823139334447,0.12176223254966656,-1.0
2024-01-14 16:00:00,151349.9238202261,151498.7262722045,148.8024519784085,0.09822026603118002,-1.0
2024-01-14 17:00:00,151254.97710602242,151498.7262722045,243.74916618209681,0.16089189142365581,-1.0
2024-01-14 18:00:00,151398.9210116048,151498.7262722045,99.80526059970725,0.06587861367255503,-1.0
2024-01-14 19:00:00,151731.40205898642,151731.40205898642,0.0,0.0,-1.0
2024-01-14 20:00:00,151405.45151240382,151731.40205898642,325.9505465826078,0.21482075704796605,-1.0
2024-01-14 21:00:00,151400.28106102755,151731.40205898642,331.1209979588748,0.21822839139794523,-1.0
2024-01-14 22:00:00,151288.4161364105,151731.40205898642,442.98592257592827,0.2919540164821749,-1.0
2024-01-14 23:00:00,151374.18281034616,151731.40205898642,357.2192486402637,0.23542868766308028,-1.0
2024-01-15 00:00:00,151400.33961787366,151731.40205898642,331.06244111276465,0.21818979896070706,-1.0
2024-01-15 01:00:00,151384.4880359601,151731.40205898642,346.91402302632923,0.22863693231508167,-1.0
2024-01-15 02:00:00,151562.91406020944,151731.40205898642,168.48799877698184,0.11104359182780187,-1.0
2024-01-15 03:00:00,151883.341255368,151883.341255368,0.0,0.0,-1.0
2024-01-15 04:00:00,152357.53905313168,152357.53905313168,0.0,0.0,-1.0
2024-01-15 05:00:00,152321.5946958614,152357.53905313168,35.94435727028758,0.023592109385379808,-1.0
2024-01-15 06:00:00,152123.4633630887,152357.53905313168,234.0756900429842,0.15363577772239742,-1.0
2024-01-15 07:00:00,152282.34282820046,152357.53905313168,75.19622493122006,0.04935510602136784,-1.0
2024-01-15 08:00:00,152598.91553849893,152598.91553849893,0.0,0.0,-1.0
2024-01-15 09:00:00,152795.96903355504,152795.96903355504,0.0,0.0,-1.0
2024-01-15 10:00:00,153111.9210894846,153111.9210894846,0.0,0.0,-1.0
2024-01-15 11:00:00,153153.09808889427,153153.09808889427,0.0,0.0,-1.0
2024-01-15 12:00:00,153136.6619229283,153153.09808889427,16.436165965977125,0.01073185340099168,-1.0
2024-01-15 13:00:00,153228.97730903848,153228.97730903848,0.0,0.0,-1.0
2024-01-15 14:00:00,153254.39433093346,153254.39433093346,0.0,0.0,-1.0
2024-01-15 15:00:00,153428.8584341345,153428.8584341345,0.0,0.0,-1.0
2024-01-15 16:00:00,153649.32360083502,153649.32360083502,0.0,0.0,-1.0
2024-01-15 17:00:00,153881.5361505208,153881.5361505208,0.0,0.0,-1.0
2024-01-15 18:00:00,154033.12505114148,154033.12505114148,0.0,0.0,-1.0
2024-01-15 19:00:00,154144.99840014277,154144.99840014277,0.0,0.0,-1.0
2024-01-15 20:00:00,154339.16240353038,154339.16240353038,0.0,0.0,-1.0
2024-01-15 21:00:00,154119.71361738248,154339.16240353038,219.44878614789923,0.1421860678329556,-1.0
2024-01-15 22:00:00,154226.29923023257,154339.16240353038,112.86317329781014,0.07312672398902981,-1.0
2024-01-15 23:00:00,154309.17093880815,154339.16240353038,29.991464722232195,0.019432180565952174,-1.0
2024-01-16 00:00:00,154416.1329982039,154416.1329982039,0.0,0.0,-1.0
2024-01-16 01:00:00,154477.98946626575,154477.98946626575,0.0,0.0,-1.0
2024-01-16 02:00:00,154617.767790285,154617.767790285,0.0,0.0,-1.0
2024-01-16 03:00:00,154606.57735205488,154617.767790285,11.190438230114523,0.007237485309768937,-1.0
2024-01-16 04:00:00,154851.00586647293,154851.00586647293,0.0,0.0,-1.0
2024-01-16 05:00:00,154997.05333308494,154997.05333308494,0.0,0.0,-1.0
2024-01-16 06:00:00,155094.65621176752,155094.65621176752,0.0,0.0,-1.0
2024-01-16 07:00:00,155065.0287261721,155094.65621176752,29.62748559541069,0.019102841012753575,-1.0
2024-01-16 08:00:00,155262.32625895328,155262.32625895328,0.0,0.0,-1.0
2024-01-16 09:00:00,155368.32521372745,155368.32521372745,0.0,0.0,-1.0
2024-01-16 10:00:00,155330.0027046969,155368.32521372745,38.322509030549554,0.024665586745453053,-1.0
2024-01-16 11:00:00,155396.50347333492,155396.50347333492,0.0,0.0,-1.0
2024-01-16 12:00:00,155565.8658662211,155565.8658662211,0.0,0.0,-1.0
2024-01-16 13:00:00,155723.60189704408,155723.60189704408,0.0,0.0,-1.0
2024-01-16 14:00:00,155871.6532422153,155871.6532422153,0.0,0.0,-1.0
2024-01-16 15:00:00,155960.53295097649,155960.53295097649,0.0,0.0,-1.0
2024-01-16 16:00:00,156189.40588097178,156189.40588097178,0.0,0.0,-1.0
2024-01-16 17:00:00,156450.07535654353,156450.07535654353,0.0,0.0,-1.0
2024-01-16 18:00:00,156635.67374889486,156635.67374889486,0.0,0.0,-1.0
2024-01-16 19:00:00,156622.5560576665,156635.67374889486,13.11769122836995,0.008374651134325332,-1.0
2024-01-16 20:00:00,156538.8468000729,156635.67374889486,96.8269488219521,0.061816664431869416,-1.0
2024-01-16 21:00:00,156532.25583502717,156635.67374889486,103.41791386768455,0.06602449582045751,-1.0
2024-01-16 22:00:00,156900.3043472237,156900.3043472237,0.0,0.0,-1.0
2024-01-16 23:00:00,157017.55873429778,157017.55873429778,0.0,0.0,-1.0
2024-01-17 00:00:00,157411.52500842675,157411.52500842675,0.0,0.0,-1.0
2024-01-17 01:00:00,157468.49525688862,157468.49525688862,0.0,0.0,-1.0
2024-01-17 02:00:00,157504.67320631468,157504.67320631468,0.0,0.0,-1.0
2024-01-17 03:00:00,157568.56472581805,157568.56472581805,0.0,0.0,-1.0
2024-01-17 04:00:00,157629.73861381007,157629.73861381007,0.0,0.0,-1.0
2024-01-17 05:00:00,157588.6909770299,157629.73861381007,41.047636780160246,0.02604054104329018,-1.0
2024-01-17 06:00:00,157491.3637368049,157629.73861381007,138.37487700517522,0.08778475319570953,-1.0
2024-01-17 07:00:00,157641.56423088204,157641.56423088204,0.0,0.0,-1.0
2024-01-17 08:00:00,157874.79933852164,157874.79933852164,0.0,0.0,-1.0
2024-01-17 09:00:00,158316.5465336216,158316.5465336216,0.0,0.0,-1.0
2024-01-17 10:00:00,158326.48959761794,158326.48959761794,0.0,0.0,-1.0
2024-01-17 11:00:00,158348.59127458834,158348.59127458834,0.0,0.0,-1.0
2024-01-17 12:00:00,158307.9068804207,158348.59127458834,40.68439416764886,0.0256929309191637,-1.0
2024-01-17 13:00:00,158551.76599482674,158551.76599482674,0.0,0.0,-1.0
2024-01-17 14:00:00,158749.01411304617,158749.01411304617,0.0,0.0,-1.0
2024-01-17 15:00:00,158692.473925765,158749.01411304617,56.54018728117808,0.03561608719088829,-1.0
2024-01-17 16:00:00,158632.14421271905,158749.01411304617,116.86990032711765,0.07361929205046518,-1.0
2024-01-17 17:00:00,158850.02142650844,158850.02142650844,0.0,0.0,-1.0
2024-01-17 18:00:00,158848.76113784907,158850.02142650844,1.260288659366779,0.0007933827443327407,-1.0
2024-01-17 19:00:00,159037.51944480074,159037.51944480074,0.0,0.0,-1.0
2024-01-17 20:00:00,158980.1041730499,159037.51944480074,57.41527175082592,0.03610171483512971,-1.0
2024-01-17 21:00:00,158773.4454434634,159037.51944480074,264.07400133734336,0.16604509568510908,-1.0
2024-01-17 22:00:00,158717.20069096136,159037.51944480074,320.31875383938313,0.2014108085674465,-1.0
2024-01-17 23:00:00,158738.7831957122,159037.51944480074,298.73624908854254,0.18784010850485436,-1.0
2024-01-18 00:00:00,159130.44189250743,159130.44189250743,0.0,0.0,-1.0
2024-01-18 01:00:00,159141.02229407828,159141.02229407828,0.0,0.0,-1.0
2024-01-18 02:00:00,159557.4006763598,159557.4006763598,0.0,0.0,-1.0
2024-01-18 03:00:00,159756.87364148354,159756.87364148354,0.0,0.0,-1.0
2024-01-18 04:00:00,159622.91879622723,159756.87364148354,133.95484525631764,0.0838491904623339,-1.0
2024-01-18 05:00:00,159730.02387189888,159756.87364148354,26.849769584659953,0.01680664435441729,-1.0
2024-01-18 06:00:00,159934.62001366066,159934.62001366066,0.0,0.0,-1.0
2024-01-18 07:00:00,159645.79757887777,159934.62001366066,288.82243478289456,0.18058781441955785,-1.0
2024-01-18 08:00:00,159817.46525256478,159934.62001366066,117.15476109588053,0.0732516581374776,-1.0
2024-01-18 09:00:00,160068.37342953825,160068.37342953825,0.0,0.0,-1.0
2024-01-18 10:00:00,160203.2036481579,160203.2036481579,0.0,0.0,-1.0
2024-01-18 11:00:00,160268.9454665557,160268.9454665557,0.0,0.0,-1.0
2024-01-18 12:00:00,160318.0064791055,160318.0064791055,0.0,0.0,-1.0
2024-01-18 13:00:00,160358.30812995174,160358.30812995174,0.0,0.0,-1.0
2024-01-18 14:00:00,160256.91115938668,160358.30812995174,101.39697056505247,0.06323150434019424,-1.0
2024-01-18 15:00:00,160228.78258460094,160358.30812995174,129.5255453507998,0.08077258164000735,-1.0
2024-01-18 16:00:00,160241.29347775312,160358.30812995174,117.01465219861711,0.07297074505412614,-1.0
2024-01-18 17:00:00,160333.317629687,160358.30812995174,24.990500264742877,0.015584163088382667,-1.0
2024-01-18 18:00:00,160324.79541603843,160358.30812995174,33.51271391331102,0.020898645230250788,-1.0
2024-01-18 19:00:00,160269.42602966374,160358.30812995174,88.88210028799949,0.05542718760537863,-1.0
2024-01-18 20:00:00,160458.3916585326,160458.3916585326,0.0,0.0,-1.0
2024-01-18 21:00:00,160588.98375432478,160588.98375432478,0.0,0.0,-1.0
2024-01-18 22:00:00,160583.09932380635,160588.98375432478,5.884430518432055,0.003664280314167928,-1.0
2024-01-18 23:00:00,160734.0410945295,160734.0410945295,0.0,0.0,-1.0
2024-01-19 00:00:00,160741.06741047662,160741.06741047662,0.0,0.0,-1.0
2024-01-19 01:00:00,160825.52716489983,160825.52716489983,0.0,0.0,-1.0
2024-01-19 02:00:00,161046.78377310827,161046.78377310827,0.0,0.0,-1.0
2024-01-19 03:00:00,161031.22260913334,161046.78377310827,15.561163974925876,0.009662511482905064,-1.0
2024-01-19 04:00:00,160913.2917385458,161046.78377310827,133.49203456245596,0.0828902207389171,-1.0
2024-01-19 05:00:00,160966.52155109262,161046.78377310827,80.26222201564815,0.049837829812687265,-1.0
2024-01-19 06:00:00,160837.0017986648,161046.78377310827,209.78197444346733,0.13026151130035601,-1.0
2024-01-19 07:00:00,160870.38452226215,161046.78377310827,176.39925084612332,0.10953292373391602,-1.0
2024-01-19 08:00:00,160903.28890036512,161046.78377310827,143.49487274314743,0.08910135886060976,-1.0
2024-01-19 09:00:00,160608.73628177927,161046.78377310827,438.0474913289945,0.27200014869352523,-1.0
2024-01-19 10:00:00,160763.33155634094,161046.78377310827,283.4522167673276,0.1760061332033001,-1.0
2024-01-19 11:00:00,160810.92809133875,161046.78377310827,235.85568176952074,0.14645165599941903,-1.0
2024-01-19 12:00:00,161063.21255925455,161063.21255925455,0.0,0.0,-1.0
2024-01-19 13:00:00,161170.54235622365,161170.54235622365,0.0,0.0,-1.0
2024-01-19 14:00:00,161355.88364177098,161355.88364177098,0.0,0.0,-1.0
2024-01-19 15:00:00,161609.38945475203,161609.38945475203,0.0,0.0,-1.0
2024-01-19 16:00:00,161664.63189233642,161664.63189233642,0.0,0.0,-1.0
2024-01-19 17:00:00,161739.50841400682,161739.50841400682,0.0,0.0,-1.0
2024-01-19 18:00:00,161578.4769304983,161739.50841400682,161.03148350853007,0.09956224368899132,-1.0
2024-01-19 19:00:00,161839.40759228342,161839.40759228342,0.0,0.0,-1.0
2024-01-19 20:00:00,161892.55298232517,161892.55298232517,0.0,0.0,-1.0
2024-01-19 21:00:00,161816.69339977298,161892.55298232517,75.85958255219157,0.04685798151597105,-1.0
2024-01-19 22:00:00,162002.6517727461,162002.6517727461,0.0,0.0,-1.0
2024-01-19 23:00:00,161750.68459395145,162002.6517727461,251.96717879464268,0.15553274964171385,-1.0
2024-01-20 00:00:00,161761.29346052048,162002.6517727461,241.35831222560955,0.14898417376783554,-1.0
2024-01-20 01:00:00,161972.54011670226,162002.6517727461,30.11165604382404,0.0185871377501055,-1.0
2024-01-20 02:00:00,161981.88183890737,162002.6517727461,20.769933838717407,0.012820736951795721,-1.0
2024-01-20 03:00:00,161949.19354626507,162002.6517727461,53.45822648101603,0.03299836508602717,-1.0
2024-01-20 04:00:00,161961.77032669814,162002.6517727461,40.881446047947975,0.025235047451751348,-1.0
2024-01-20 05:00:00,161735.28093702786,162002.6517727461,267.37083571823314,0.16504102420082314,-1.0
2024-01-20 06:00:00,161917.60270179532,162002.6517727461,85.04907095077215,0.05249856716547899,-1.0
2024-01-20 07:00:00,161974.16979549878,162002.6517727461,28.481977247312898,0.01758117965085338,-1.0
2024-01-20 08:00:00,162008.32110399957,162008.32110399957,0.0,0.0,-1.0
2024-01-20 09:00:00,162043.0208115382,162043.0208115382,0.0,0.0,-1.0
2024-01-20 10:00:00,162120.1327813079,162120.1327813079,0.0,0.0,-1.0
2024-01-20 11:00:00,162293.14838690872,162293.14838690872,0.0,0.0,-1.0
2024-01-20 12:00:00,162360.33885572883,162360.33885572883,0.0,0.0,-1.0
2024-01-20 13:00:00,162231.09337350185,162360.33885572883,129.24548222697922,0.0796040973663063,-1.0
2024-01-20 14:00:00,162392.42079173346,162392.42079173346,0.0,0.0,-1.0
2024-01-20 15:00:00,162542.2062453841,162542.2062453841,0.0,0.0,-1.0
2024-01-20 16:00:00,162648.03529511657,162648.03529511657,0.0,0.0,-1.0
2024-01-20 17:00:00,162884.32149116078,162884.32149116078,0.0,0.0,-1.0
2024-01-20 18:00:00,162963.8782926227,162963.8782926227,0.0,0.0,-1.0
2024-01-20 19:00:00,163205.5847059711,163205.5847059711,0.0,0.0,-1.0
2024-01-20 20:00:00,163491.66635919287,163491.66635919287,0.0,0.0,-1.0
2024-01-20 21:00:00,163654.01329202153,163654.01329202153,0.0,0.0,-1.0
2024-01-20 22:00:00,163616.82324873985,163654.01329202153,37.19004328167648,0.02272479759803701,-1.0
2024-01-20 23:00:00,163672.2053909645,163672.2053909645,0.0,0.0,-1.0
2024-01-21 00:00:00,163933.03379607326,163933.03379607326,0.0,0.0,-1.0
2024-01-21 01:00:00,163783.38961616284,163933.03379607326,149.64417991042137,0.09128372509507346,-1.0
2024-01-21 02:00:00,163799.59656593605,163933.03379607326,133.43723013720592,0.08139740176052435,-1.0
2024-01-21 03:00:00,163823.15184046904,163933.03379607326,109.88195560421445,0.06702856224871896,-1.0
2024-01-21 04:00:00,163768.370250416,163933.03379607326,164.66354565726942,0.1004456160203226,-1.0
2024-01-21 05:00:00,163974.30209290382,163974.30209290382,0.0,0.0,-1.0
2024-01-21 06:00:00,164105.82435355993,164105.82435355993,0.0,0.0,-1.0
2024-01-21 07:00:00,164074.16560006986,164105.82435355993,31.65875349007547,0.019291669637433378,-1.0
2024-01-21 08:00:00,164239.99253810523,164239.99253810523,0.0,0.0,-1.0
2024-01-21 09:00:00,164291.23010290498,164291.23010290498,0.0,0.0,-1.0
2024-01-21 10:00:00,164232.70091692163,164291.23010290498,58.52918598335236,0.03562526493148307,-1.0
2024-01-21 11:00:00,164200.7631553852,164291.23010290498,90.46694751977338,0.055064988839093096,-1.0
2024-01-21 12:00:00,164341.1708166016,164341.1708166016,0.0,0.0,-1.0
2024-01-21 13:00:00,164557.0222983799,164557.0222983799,0.0,0.0,-1.0
2024-01-21 14:00:00,164559.00706343667,164559.00706343667,0.0,0.0,-1.0
2024-01-21 15:00:00,164715.67326348703,164715.67326348703,0.0,0.0,-1.0
2024-01-21 16:00:00,165027.93638712366,165027.93638712366,0.0,0.0,-1.0
2024-01-21 17:00:00,164914.10580366812,165027.93638712366,113.83058345553582,0.06897655387783028,-1.0
2024-01-21 18:00:00,165042.4562845939,165042.4562845939,0.0,0.0,-1.0
2024-01-21 19:00:00,165242.05463828822,165242.05463828822,0.0,0.0,-1.0
2024-01-01 01:00:00,165302.7821657984,165302.7821657984,0.0,0.0,-1.0
2024-01-01 02:00:00,165563.52464742673,165563.52464742673,0.0,0.0,-1.0
2024-01-01 03:00:00,165968.35020316593,165968.35020316593,0.0,0.0,-1.0
2024-01-01 04:00:00,166094.85350542387,166094.85350542387,0.0,0.0,-1.0
2024-01-01 05:00:00,166134.8150455822,166134.8150455822,0.0,0.0,-1.0
2024-01-01 06:00:00,166356.3624667315,166356.3624667315,0.0,0.0,-1.0
2024-01-01 07:00:00,166557.67279578818,166557.67279578818,0.0,0.0,-1.0
2024-01-01 08:00:00,166254.84815255046,166557.67279578818,302.82464323772,0.18181368540673898,-1.0
2024-01-01 09:00:00,166329.4378191368,166557.67279578818,228.23497665137984,0.13703059896328673,-1.0
2024-01-01 10:00:00,166345.24789912594,166557.67279578818,212.42489666223992,0.12753834338372888,-1.0
2024-01-01 11:00:00,166479.75375285302,166557.67279578818,77.91904293515836,0.046782019481439785,-1.0
2024-01-01 12:00:00,166525.70501080895,166557.67279578818,31.967784979235148,0.019193222649328184,-1.0
2024-01-01 13:00:00,166587.9285969683,166587.9285969683,0.0,0.0,-1.0
2024-01-01 14:00:00,166533.44668304914,166587.9285969683,54.48191391915316,0.03270459893343356,-1.0
2024-01-01 15:00:00,166718.62606581283,166718.62606581283,0.0,0.0,-1.0
2024-01-01 16:00:00,167041.88239903314,167041.88239903314,0.0,0.0,-1.0
2024-01-01 17:00:00,166989.7316066509,167041.88239903314,52.150792382250074,0.03122018959153679,-1.0
2024-01-01 18:00:00,166855.17335317883,167041.88239903314,186.7090458543098,0.1117737918016844,-1.0
2024-01-01 19:00:00,166933.17383615294,167041.88239903314,108.7085628802015,0.06507862658091712,-1.0
2024-01-01 20:00:00,167003.87548699765,167041.88239903314,38.00691203548922,0.022752923691734695,-1.0
2024-01-01 21:00:00,167254.5154049157,167254.5154049157,0.0,0.0,-1.0
2024-01-01 22:00:00,167145.13616205892,167254.5154049157,109.3792428567831,0.06539688485657971,-1.0
2024-01-01 23:00:00,167139.4428858053,167254.5154049157,115.0725191103993,0.06880084452836079,-1.0
2024-01-02 00:00:00,166892.28739991528,167254.5154049157,362.2280050004192,0.2165729302575069,-1.0
2024-01-02 01:00:00,167173.53494534706,167254.5154049157,80.98045956864371,0.048417502733838685,-1.0
2024-01-02 02:00:00,167286.11663959557,167286.11663959557,0.0,0.0,-1.0
2024-01-02 03:00:00,167291.60170249845,167291.60170249845,0.0,0.0,-1.0
2024-01-02 04:00:00,167168.26098070978,167291.60170249845,123.34072178867063,0.07372798187921742,-1.0
2024-01-02 05:00:00,167058.68957198318,167291.60170249845,232.91213051526574,0.13922523793481456,-1.0
2024-01-02 06:00:00,167195.82960695188,167291.60170249845,95.77209554656292,0.05724859740232412,-1.0
2024-01-02 07:00:00,167104.71585011177,167291.60170249845,186.8858523866802,0.11171263260365395,-1.0
2024-01-02 08:00:00,167195.31666358406,167291.60170249845,96.28503891438595,0.05755521373129872,-1.0
2024-01-02 09:00:00,167576.7583927543,167576.7583927543,0.0,0.0,-1.0
2024-01-02 10:00:00,167599.62024931257,167599.62024931257,0.0,0.0,-1.0
2024-01-02 11:00:00,167530.40358271642,167599.62024931257,69.21666659615585,0.0412988206615222,-1.0
2024-01-02 12:00:00,167662.70466353433,167662.70466353433,0.0,0.0,-1.0
2024-01-02 13:00:00,167553.83590241708,167662.70466353433,108.86876111724996,0.06493320105728217,-1.0
2024-01-02 14:00:00,167886.8335819665,167886.8335819665,0.0,0.0,-1.0
2024-01-02 15:00:00,168172.37653224575,168172.37653224575,0.0,0.0,-1.0
2024-01-02 16:00:00,168222.7507894027,168222.7507894027,0.0,0.0,-1.0
2024-01-02 17:00:00,168163.15681218906,168222.7507894027,59.59397721363348,0.03542563472180937,-1.0
2024-01-02 18:00:00,168174.29133127275,168222.7507894027,48.45945812994614,0.028806720792844673,-1.0
2024-01-02 19:00:00,168204.94148945995,168222.7507894027,17.809299942746293,0.010586736846933193,-1.0
2024-01-02 20:00:00,168337.476559216,168337.476559216,0.0,0.0,-1.0
2024-01-02 21:00:00,168568.42140861118,168568.42140861118,0.0,0.0,-1.0
2024-01-02 22:00:00,168487.94451399738,168568.42140861118,80.47689461379196,0.047741382366460756,-1.0
2024-01-02 23:00:00,168714.5809487988,168714.5809487988,0.0,0.0,-1.0
2024-01-03 00:00:00,168882.2337907205,168882.2337907205,0.0,0.0,-1.0
2024-01-03 01:00:00,168881.0653670995,168882.2337907205,1.1684236209839582,0.0006918570383382501,-1.0
2024-01-03 02:00:00,168793.05858274797,168882.2337907205,89.17520797252655,0.05280319070331151,-1.0
2024-01-03 03:00:00,168885.49349034185,168885.49349034185,0.0,0.0,-1.0
2024-01-03 04:00:00,168801.55521778655,168885.49349034185,83.9382725553005,0.049701292171728605,-1.0
2024-01-03 05:00:00,169030.10734516094,169030.10734516094,0.0,0.0,-1.0
2024-01-03 06:00:00,168936.5249293411,169030.10734516094,93.58241581983748,0.05536434738738074,-1.0
2024-01-03 07:00:00,169093.68085831558,169093.68085831558,0.0,0.0,-1.0
2024-01-03 08:00:00,169156.5884035933,169156.5884035933,0.0,0.0,-1.0
2024-01-03 09:00:00,169147.49467093704,169156.5884035933,9.093732656270731,0.00537592578692463,-1.0
2024-01-03 10:00:00,169207.06994498914,169207.06994498914,0.0,0.0,-1.0
2024-01-03 11:00:00,169444.06742043426,169444.06742043426,0.0,0.0,-1.0
2024-01-03 12:00:00,169340.2288090852,169444.06742043426,103.83861134905601,0.061281939775091526,-1.0
2024-01-03 13:00:00,169353.40532580644,169444.06742043426,90.66209462782717,0.05350561752207661,-1.0
2024-01-03 14:00:00,169315.64379110336,169444.06742043426,128.42362933090772,0.07579116299908907,-1.0
2024-01-03 15:00:00,169384.85122107106,169444.06742043426,59.216199363203486,0.03494734295788172,-1.0
2024-01-03 16:00:00,169357.14908719415,169444.06742043426,86.91833324011532,0.05129617965582035,-1.0
2024-01-03 17:00:00,169166.93690083615,169444.06742043426,277.1305195981113,0.16355280171035982,-1.0
2024-01-03 18:00:00,169083.6662687963,169444.06742043426,360.4011516379542,0.21269623488422662,-1.0
2024-01-03 19:00:00,169404.32952157702,169444.06742043426,39.737898857245455,0.023451926917361775,-1.0
2024-01-03 20:00:00,169516.33875326996,169516.33875326996,0.0,0.0,-1.0
2024-01-03 21:00:00,169623.19306134118,169623.19306134118,0.0,0.0,-1.0
2024-01-03 22:00:00,169655.80120283988,169655.80120283988,0.0,0.0,-1.0
2024-01-03 23:00:00,169723.0573892235,169723.0573892235,0.0,0.0,-1.0
2024-01-04 00:00:00,169733.5856007988,169733.5856007988,0.0,0.0,-1.0
2024-01-04 01:00:00,169887.62488045497,169887.62488045497,0.0,0.0,-1.0
2024-01-04 02:00:00,169977.74620859386,169977.74620859386,0.0,0.0,-1.0
2024-01-04 03:00:00,169877.05597707006,169977.74620859386,100.69023152379668,0.059237302393827074,-1.0
2024-01-04 04:00:00,169990.1146525357,169990.1146525357,0.0,0.0,-1.0
2024-01-04 05:00:00,169696.30336404496,169990.1146525357,293.81128849074594,0.1728402202041595,-1.0
2024-01-04 06:00:00,169833.38224399663,169990.1146525357,156.7324085390719,0.09220089583411195,-1.0
2024-01-04 07:00:00,169696.97871547117,169990.1146525357,293.13593706453685,0.1724429315573523,-1.0
2024-01-04 08:00:00,169757.57045254565,169990.1146525357,232.5441999900504,0.1367986605958687,-1.0
2024-01-04 09:00:00,169653.37631206622,169990.1146525357,336.7383404694847,0.19809289567089636,-1.0
2024-01-04 10:00:00,169728.7997919962,169990.1146525357,261.31486053951085,0.1537235627340127,-1.0
2024-01-04 11:00:00,169890.54156988763,169990.1146525357,99.57308264807216,0.05857580768834833,-1.0
2024-01-04 12:00:00,170190.96563267507,170190.96563267507,0.0,0.0,-1.0
2024-01-04 13:00:00,170034.76198442336,170190.96563267507,156.20364825171418,0.09178139842560747,-1.0
2024-01-04 14:00:00,170256.08292777403,170256.08292777403,0.0,0.0,-1.0
2024-01-04 15:00:00,170350.75583358065,170350.75583358065,0.0,0.0,-1.0
2024-01-04 16:00:00,170358.15576065695,170358.15576065695,0.0,0.0,-1.0
2024-01-04 17:00:00,170547.13423641588,170547.13423641588,0.0,0.0,-1.0
2024-01-04 18:00:00,170586.74550875308,170586.74550875308,0.0,0.0,-1.0
2024-01-04 19:00:00,170769.37508621317,170769.37508621317,0.0,0.0,-1.0
2024-01-04 20:00:00,170695.53462924398,170769.37508621317,73.84045696919202,0.04323987069222075,-1.0
2024-01-04 21:00:00,170675.58507439954,170769.37508621317,93.79001181363128,0.05492203257538494,-1.0
2024-01-04 22:00:00,170892.12508231873,170892.12508231873,0.0,0.0,-1.0
2024-01-04 23:00:00,171189.93516085428,171189.93516085428,0.0,0.0,-1.0
2024-01-05 00:00:00,171259.68037598135,171259.68037598135,0.0,0.0,-1.0
2024-01-05 01:00:00,170916.587037178,171259.68037598135,343.0933388033591,0.20033515071973523,-1.0
2024-01-05 02:00:00,170961.7296447867,171259.68037598135,297.9507311946363,0.17397599396455665,-1.0
2024-01-05 03:00:00,171041.59356246007,171259.68037598135,218.08681352128042,0.12734276570089081,-1.0
2024-01-05 04:00:00,171081.6775559561,171259.68037598135,178.00282002525637,0.10393737722414945,-1.0
2024-01-05 05:00:00,171207.12834020593,171259.68037598135,52.55203577541397,0.030685585573931872,-1.0
2024-01-05 06:00:00,171210.59185106633,171259.68037598135,49.08852491501602,0.028663211800493665,-1.0
2024-01-05 07:00:00,171411.42248016802,171411.42248016802,0.0,0.0,-1.0
2024-01-05 08:00:00,171311.41548925836,171411.42248016802,100.00699090966373,0.05834324776181958,-1.0
2024-01-05 09:00:00,171571.94279536148,171571.94279536148,0.0,0.0,-1.0
2024-01-05 10:00:00,171658.19870715856,171658.19870715856,0.0,0.0,-1.0
2024-01-05 11:00:00,171596.23974644952,171658.19870715856,61.95896070904564,0.036094378931905806,-1.0
2024-01-05 12:00:00,171534.19977260905,171658.19870715856,123.99893454951234,0.07223595230720622,-1.0
2024-01-05 13:00:00,171670.80406967568,171670.80406967568,0.0,0.0,-1.0
2024-01-05 14:00:00,171567.72100821426,171670.80406967568,103.08306146142422,0.06004693810345649,-1.0
2024-01-05 15:00:00,171568.8305775489,171670.80406967568,101.97349212676636,0.059400602612298944,-1.0
2024-01-05 16:00:00,171809.2096210173,171809.2096210173,0.0,0.0,-1.0
2024-01-05 17:00:00,171994.85063568884,171994.85063568884,0.0,0.0,-1.0
2024-01-05 18:00:00,172366.88008694228,172366.88008694228,0.0,0.0,-1.0
2024-01-05 19:00:00,172467.49770908232,172467.49770908232,0.0,0.0,-1.0
2024-01-05 20:00:00,172450.87200874058,172467.49770908232,16.62570034174132,0.009639903496359358,-1.0
2024-01-05 21:00:00,172533.55853548853,172533.55853548853,0.0,0.0,-1.0
2024-01-05 22:00:00,172585.97028457723,172585.97028457723,0.0,0.0,-1.0
2024-01-05 23:00:00,172640.48671819674,172640.48671819674,0.0,0.0,-1.0
2024-01-06 00:00:00,172711.91616198237,172711.91616198237,0.0,0.0,-1.0
2024-01-06 01:00:00,172647.15115565545,172711.91616198237,64.76500632692478,0.037498863868885124,-1.0
2024-01-06 02:00:00,172764.48381890103,172764.48381890103,0.0,0.0,-1.0
2024-01-06 03:00:00,172628.18432873723,172764.48381890103,136.29949016380124,0.07889323496991202,-1.0
2024-01-06 04:00:00,172595.660337551,172764.48381890103,168.82348135003122,0.09771885842404916,-1.0
2024-01-06 05:00:00,172652.82852308004,172764.48381890103,111.65529582099407,0.06462861657262603,-1.0
2024-01-06 06:00:00,172388.8955261817,172764.48381890103,375.58829271933064,0.21739901883597673,-1.0
2024-01-06 07:00:00,172579.24425663345,172764.48381890103,185.2395622675831,0.10722085823018981,-1.0
2024-01-06 08:00:00,172346.27108015632,172764.48381890103,418.2127387447108,0.24207101453971228,-1.0
2024-01-06 09:00:00,172521.70923379104,172764.48381890103,242.77458510998986,0.14052343383520674,-1.0
2024-01-06 10:00:00,172402.7878403018,172764.48381890103,361.69597859922214,0.20935783246883488,-1.0
2024-01-06 11:00:00,172417.05003669628,172764.48381890103,347.4337822047528,0.20110254985564474,-1.0
2024-01-06 12:00:00,172569.9196337387,172764.48381890103,194.5641851623368,0.11261816136138672,-1.0
2024-01-06 13:00:00,172974.6405616606,172974.6405616606,0.0,0.0,-1.0
2024-01-06 14:00:00,173067.1083583167,173067.1083583167,0.0,0.0,-1.0
2024-01-06 15:00:00,172844.71440908677,173067.1083583167,222.3939492299396,0.128501568749561,-1.0
2024-01-06 16:00:00,173062.76867898213,173067.1083583167,4.339679334574612,0.002507512476368286,-1.0
2024-01-06 17:00:00,173102.98091825328,173102.98091825328,0.0,0.0,-1.0
2024-01-06 18:00:00,173188.4669164221,173188.4669164221,0.0,0.0,-1.0
2024-01-06 19:00:00,173347.14637090525,173347.14637090525,0.0,0.0,-1.0
2024-01-06 20:00:00,173088.3396773694,173347.14637090525,258.8066935358511,0.14929965618360444,-1.0
2024-01-06 21:00:00,173164.32020452968,173347.14637090525,182.8261663755693,0.10546822962079923,-1.0
2024-01-06 22:00:00,173177.8661210368,173347.14637090525,169.2802498684614,0.09765390051836097,-1.0
2024-01-06 23:00:00,173436.14135693762,173436.14135693762,0.0,0.0,-1.0
2024-01-07 00:00:00,173620.20842143844,173620.20842143844,0.0,0.0,-1.0
2024-01-07 01:00:00,173451.1581330212,173620.20842143844,169.05028841723106,0.09736786400283858,-1.0
2024-01-07 02:00:00,173715.55201087357,173715.55201087357,0.0,0.0,-1.0
2024-01-07 03:00:00,173857.9807740976,173857.9807740976,0.0,0.0,-1.0
2024-01-07 04:00:00,173700.89453447962,173857.9807740976,157.0862396179873,0.09035319455486908,-1.0
2024-01-07 05:00:00,173784.25750000353,173857.9807740976,73.72327409408172,0.0424043082554111,-1.0
2024-01-07 06:00:00,174014.4814170819,174014.4814170819,0.0,0.0,-1.0
2024-01-07 07:00:00,173907.3748361959,174014.4814170819,107.1065808860003,0.061550383631167334,-1.0
2024-01-07 08:00:00,174189.0114365727,174189.0114365727,0.0,0.0,-1.0
2024-01-07 09:00:00,174037.11712045356,174189.0114365727,151.89431611914188,0.0872008600694373,-1.0
2024-01-07 10:00:00,173993.43304395652,174189.0114365727,195.5783926161821,0.11227940901851774,-1.0
2024-01-07 11:00:00,173927.00241864807,174189.0114365727,262.00901792463264,0.15041650203063342,-1.0
2024-01-07 12:00:00,174208.54247838637,174208.54247838637,0.0,0.0,-1.0
2024-01-07 13:00:00,174209.890057904,174209.890057904,0.0,0.0,-1.0
2024-01-07 14:00:00,174110.46750750486,174209.890057904,99.42255039914744,0.05707055458567898,-1.0
2024-01-07 15:00:00,174252.24913934196,174252.24913934196,0.0,0.0,-1.0
2024-01-07 16:00:00,174426.42628793087,174426.42628793087,0.0,0.0,-1.0
2024-01-07 17:00:00,174601.55670214997,174601.55670214997,0.0,0.0,-1.0
2024-01-07 18:00:00,174635.85582736606,174635.85582736606,0.0,0.0,-1.0
2024-01-07 19:00:00,174749.0359725216,174749.0359725216,0.0,0.0,-1.0
2024-01-07 20:00:00,174726.50100958723,174749.0359725216,22.534962934383657,0.012895615022406857,-1.0
2024-01-07 21:00:00,175052.7212612776,175052.7212612776,0.0,0.0,-1.0
2024-01-07 22:00:00,175299.35203507627,175299.35203507627,0.0,0.0,-1.0
2024-01-07 23:00:00,175536.79555943236,175536.79555943236,0.0,0.0,-1.0
2024-01-08 00:00:00,175730.9129496184,175730.9129496184,0.0,0.0,-1.0
2024-01-08 01:00:00,175883.87294551765,175883.87294551765,0.0,0.0,-1.0
2024-01-08 02:00:00,175772.2185728952,175883.87294551765,111.65437262246269,0.06348187059597506,-1.0
2024-01-08 03:00:00,175942.21375833353,175942.21375833353,0.0,0.0,-1.0
2024-01-08 04:00:00,176034.35354284302,176034.35354284302,0.0,0.0,-1.0
2024-01-08 05:00:00,176298.85815558565,176298.85815558565,0.0,0.0,-1.0
2024-01-08 06:00:00,176494.97103294302,176494.97103294302,0.0,0.0,-1.0
2024-01-08 07:00:00,176652.52810346597,176652.52810346597,0.0,0.0,-1.0
2024-01-08 08:00:00,176474.89438383645,176652.52810346597,177.63371962952078,0.10055543588115541,-1.0
2024-01-08 09:00:00,176536.54430334517,176652.52810346597,115.98380012079724,0.06565646207614144,-1.0
2024-01-08 10:00:00,176527.86046435963,176652.52810346597,124.66763910633745,0.07057223604143338,-1.0
2024-01-08 11:00:00,176640.71535298708,176652.52810346597,11.8127504788863,0.006686997692989445,-1.0
2024-01-08 12:00:00,176653.38311227068,176653.38311227068,0.0,0.0,-1.0
2024-01-08 13:00:00,176686.99124585668,176686.99124585668,0.0,0.0,-1.0
2024-01-08 14:00:00,176830.84633159268,176830.84633159268,0.0,0.0,-1.0
2024-01-08 15:00:00,176841.02561455735,176841.02561455735,0.0,0.0,-1.0
2024-01-08 16:00:00,176934.26434549346,176934.26434549346,0.0,0.0,-1.0
2024-01-08 17:00:00,176781.35256186232,176934.26434549346,152.9117836311343,0.08642293464003599,-1.0
2024-01-08 18:00:00,176731.4923403483,176934.26434549346,202.77200514514698,0.11460301705564563,-1.0
2024-01-08 19:00:00,176904.89887542874,176934.26434549346,29.365470064716646,0.016596824913107672,-1.0
2024-01-08 20:00:00,176795.37005792427,176934.26434549346,138.89428756918642,0.07850050304443706,-1.0
2024-01-08 21:00:00,177057.2288195647,177057.2288195647,0.0,0.0,-1.0
2024-01-08 22:00:00,177278.3887228599,177278.3887228599,0.0,0.0,-1.0
2024-01-08 23:00:00,177313.15423255894,177313.15423255894,0.0,0.0,-1.0
2024-01-09 00:00:00,177837.9643483843,177837.9643483843,0.0,0.0,-1.0
2024-01-09 01:00:00,178099.42988506155,178099.42988506155,0.0,0.0,-1.0
2024-01-09 02:00:00,178032.03795905568,178099.42988506155,67.39192600586102,0.03783949563979691,-1.0
2024-01-09 03:00:00,178218.9640671107,178218.9640671107,0.0,0.0,-1.0
2024-01-09 04:00:00,178303.84352705866,178303.84352705866,0.0,0.0,-1.0
2024-01-09 05:00:00,178262.33671342974,178303.84352705866,41.50681362891919,0.0232786982085556,-1.0
2024-01-09 06:00:00,178176.85034195482,178303.84352705866,126.99318510384182,0.07122290949637879,-1.0
2024-01-09 07:00:00,178401.08434218809,178401.08434218809,0.0,0.0,-1.0
2024-01-09 08:00:00,178386.39252249445,178401.08434218809,14.69181969363126,0.008235274885129694,-1.0
2024-01-09 09:00:00,178446.1110692389,178446.1110692389,0.0,0.0,-1.0
2024-01-09 10:00:00,178382.95718000492,178446.1110692389,63.15388923397404,0.035391014606908244,-1.0
2024-01-09 11:00:00,178345.73348941014,178446.1110692389,100.37757982875337,0.05625092036318228,-1.0
2024-01-09 12:00:00,178401.69410939942,178446.1110692389,44.41695983946556,0.024890965442352135,-1.0
2024-01-09 13:00:00,178534.92145330805,178534.92145330805,0.0,0.0,-1.0
2024-01-09 14:00:00,178221.66757877535,178534.92145330805,313.2538745327038,0.1754580403557791,-1.0
2024-01-09 15:00:00,178299.20554865035,178534.92145330805,235.71590465769987,0.13202789837356624,-1.0
2024-01-09 16:00:00,178262.2873967626,178534.92145330805,272.63405654544476,0.1527062909184108,-1.0
2024-01-09 17:00:00,178547.64179478015,178547.64179478015,0.0,0.0,-1.0
2024-01-09 18:00:00,179064.05469168097,179064.05469168097,0.0,0.0,-1.0
2024-01-09 19:00:00,179085.1628364379,179085.1628364379,0.0,0.0,-1.0
2024-01-09 20:00:00,178901.82855233093,179085.1628364379,183.33428410696797,0.10237268191469936,-1.0
2024-01-09 21:00:00,178994.36009781872,179085.1628364379,90.80273861918249,0.050703663654210404,-1.0
2024-01-09 22:00:00,179038.54569839474,179085.1628364379,46.61713804316241,0.026030709247386832,-1.0
2024-01-09 23:00:00,179409.24829574494,179409.24829574494,0.0,0.0,-1.0
2024-01-10 00:00:00,179734.23669725127,179734.23669725127,0.0,0.0,-1.0
2024-01-10 01:00:00,179939.04294284075,179939.04294284075,0.0,0.0,-1.0
2024-01-10 02:00:00,179926.03883065886,179939.04294284075,13.004112181894016,0.007226954178046222,-1.0
2024-01-10 03:00:00,180102.703815586,180102.703815586,0.0,0.0,-1.0
2024-01-10 04:00:00,180217.45476944622,180217.45476944622,0.0,0.0,-1.0
2024-01-10 05:00:00,180328.65324994113,180328.65324994113,0.0,0.0,-1.0
2024-01-10 06:00:00,180169.91877265595,180328.65324994113,158.7344772851793,0.08802509996299278,-1.0
2024-01-10 07:00:00,180404.18807342398,180404.18807342398,0.0,0.0,-1.0
2024-01-10 08:00:00,180495.35932267067,180495.35932267067,0.0,0.0,-1.0
2024-01-10 09:00:00,180555.233120539,180555.233120539,0.0,0.0,-1.0
2024-01-10 10:00:00,180540.20964628767,180555.233120539,15.02347425132757,0.008320708290574925,-1.0
2024-01-10 11:00:00,180496.16717133965,180555.233120539,59.06594919934287,0.03271350720691122,-1.0
2024-01-10 12:00:00,180618.7559585315,180618.7559585315,0.0,0.0,-1.0
2024-01-10 13:00:00,180431.38153825278,180618.7559585315,187.37442027870566,0.10374028947565402,-1.0
2024-01-10 14:00:00,180624.80635220028,180624.80635220028,0.0,0.0,-1.0
2024-01-10 15:00:00,180541.69053665092,180624.80635220028,83.11581554936129,0.046015725762104775,-1.0
2024-01-10 16:00:00,180307.88843372013,180624.80635220028,316.9179184801469,0.17545647515446397,-1.0
2024-01-10 17:00:00,180656.17273110902,180656.17273110902,0.0,0.0,-1.0
2024-01-10 18:00:00,180602.4596737072,180656.17273110902,53.71305740182288,0.029732201557136986,-1.0
2024-01-10 19:00:00,180569.13579947894,180656.17273110902,87.03693163007847,0.0481782218200899,-1.0
2024-01-10 20:00:00,180814.31654913016,180814.31654913016,0.0,0.0,-1.0
2024-01-10 21:00:00,181167.48118420766,181167.48118420766,0.0,0.0,-1.0
2024-01-10 22:00:00,181012.53094741714,181167.48118420766,154.95023679052247,0.08552872501051775,-1.0
2024-01-10 23:00:00,180944.10573837953,181167.48118420766,223.3754458281328,0.12329775982313784,-1.0
2024-01-11 00:00:00,180886.70391505543,181167.48118420766,280.7772691522259,0.15498215646478902,-1.0
2024-01-11 01:00:00,181101.92416445978,181167.48118420766,65.55701974788099,0.036185864769640336,-1.0
2024-01-11 02:00:00,181422.7939836492,181422.7939836492,0.0,0.0,-1.0
2024-01-11 03:00:00,181335.75609941248,181422.7939836492,87.03788423672086,0.04797516471087154,-1.0
2024-01-11 04:00:00,181622.9679001077,181622.9679001077,0.0,0.0,-1.0
2024-01-11 05:00:00,181591.6127833784,181622.9679001077,31.355116729304427,0.017263849992006343,-1.0
2024-01-11 06:00:00,181717.03121882022,181717.03121882022,0.0,0.0,-1.0
2024-01-11 07:00:00,181601.31316390604,181717.03121882022,115.71805491417763,0.06368035738754291,-1.0
2024-01-11 08:00:00,181658.02360186874,181717.03121882022,59.00761695147958,0.032472254557374826,-1.0
2024-01-11 09:00:00,181716.35669475782,181717.03121882022,0.6745240624004509,0.00037119474045787257,-1.0
2024-01-11 10:00:00,181744.08294881054,181744.08294881054,0.0,0.0,-1.0
2024-01-11 11:00:00,181876.8285960085,181876.8285960085,0.0,0.0,-1.0
2024-01-11 12:00:00,181800.77396628063,181876.8285960085,76.05462972787791,0.04181655811516994,-1.0
2024-01-11 13:00:00,181743.2154715526,181876.8285960085,133.61312445590738,0.07346352225697413,-1.0
2024-01-11 14:00:00,181883.896293295,181883.896293295,0.0,0.0,-1.0
2024-01-11 15:00:00,182160.20159294136,182160.20159294136,0.0,0.0,-1.0
2024-01-11 16:00:00,182231.77953883418,182231.77953883418,0.0,0.0,-1.0
2024-01-11 17:00:00,182382.3301548535,182382.3301548535,0.0,0.0,-1.0
2024-01-11 18:00:00,182571.0421563981,182571.0421563981,0.0,0.0,-1.0
2024-01-11 19:00:00,182770.61793469312,182770.61793469312,0.0,0.0,-1.0
2024-01-11 20:00:00,182702.58922581762,182770.61793469312,68.02870887549943,0.03722081242829041,-1.0
2024-01-11 21:00:00,182661.03769128688,182770.61793469312,109.58024340623524,0.05995506534063917,-1.0
2024-01-11 22:00:00,182632.52650219534,182770.61793469312,138.09143249777844,0.07555450326655935,-1.0
2024-01-11 23:00:00,182996.82157232944,182996.82157232944,0.0,0.0,-1.0
2024-01-12 00:00:00,183148.05051320523,183148.05051320523,0.0,0.0,-1.0
2024-01-12 01:00:00,183292.547871263,183292.547871263,0.0,0.0,-1.0
2024-01-12 02:00:00,183422.48323424056,183422.48323424056,0.0,0.0,-1.0
2024-01-12 03:00:00,183299.36422369763,183422.48323424056,123.11901054292684,0.06712318379513875,-1.0
2024-01-12 04:00:00,183665.09279431417,183665.09279431417,0.0,0.0,-1.0
2024-01-12 05:00:00,183811.9709239322,183811.9709239322,0.0,0.0,-1.0
2024-01-12 06:00:00,183995.44494083046,183995.44494083046,0.0,0.0,-1.0
2024-01-12 07:00:00,183805.6167474931,183995.44494083046,189.82819333736552,0.10317005043163474,-1.0
2024-01-12 08:00:00,183997.56332534732,183997.56332534732,0.0,0.0,-1.0
2024-01-12 09:00:00,184019.1314578282,184019.1314578282,0.0,0.0,-1.0
2024-01-12 10:00:00,183895.71401161925,184019.1314578282,123.41744620894315,0.06706772563874795,-1.0
2024-01-12 11:00:00,183827.64946173847,184019.1314578282,191.4819960897148,0.10405548302112103,-1.0
2024-01-12 12:00:00,183712.91533047048,184019.1314578282,306.2161273577076,0.16640450638573054,-1.0
2024-01-12 13:00:00,183595.6477012033,184019.1314578282,423.4837566248898,0.23013028768801677,-1.0
2024-01-12 14:00:00,183679.72987425793,184019.1314578282,339.4015835702594,0.1844382053547733,-1.0
2024-01-12 15:00:00,183696.71545594817,184019.1314578282,322.4160018800176,0.175207870684851,-1.0
2024-01-12 16:00:00,183821.82586027237,184019.1314578282,197.30559755582362,0.10722015477017958,-1.0
2024-01-12 17:00:00,183917.52405060246,184019.1314578282,101.60740722573246,0.05521567590325134,-1.0
2024-01-12 18:00:00,183973.09849355835,184019.1314578282,46.03296426983434,0.025015314388864913,-1.0
2024-01-12 19:00:00,183711.3650994646,184019.1314578282,307.76635836358764,0.1672469356449053,-1.0
2024-01-12 20:00:00,183750.07136773242,184019.1314578282,269.0600900957652,0.14621310728087308,-1.0
2024-01-12 21:00:00,184004.08053319211,184019.1314578282,15.050924636074342,0.008178999931604163,-1.0
2024-01-12 22:00:00,184066.1896123176,184066.1896123176,0.0,0.0,-1.0
2024-01-12 23:00:00,184370.58921037134,184370.58921037134,0.0,0.0,-1.0
2024-01-13 00:00:00,184513.530449342,184513.530449342,0.0,0.0,-1.0
2024-01-13 01:00:00,184312.7899891824,184513.530449342,200.7404601596063,0.10879443890686345,-1.0
2024-01-13 02:00:00,184404.22732674817,184513.530449342,109.30312259384664,0.05923854057079879,-1.0
2024-01-13 03:00:00,184523.77752088787,184523.77752088787,0.0,0.0,-1.0
2024-01-13 04:00:00,184760.83089107892,184760.83089107892,0.0,0.0,-1.0
2024-01-13 05:00:00,185108.77637682066,185108.77637682066,0.0,0.0,-1.0
2024-01-13 06:00:00,185319.93520477696,185319.93520477696,0.0,0.0,-1.0
2024-01-13 07:00:00,185461.00717438504,185461.00717438504,0.0,0.0,-1.0
2024-01-13 08:00:00,185637.43541512178,185637.43541512178,0.0,0.0,-1.0
2024-01-13 09:00:00,185687.23439415434,185687.23439415434,0.0,0.0,-1.0
2024-01-13 10:00:00,185542.80271863323,185687.23439415434,144.4316755211039,0.07778223203783727,-1.0
2024-01-13 11:00:00,185624.02713156666,185687.23439415434,63.20726258767536,0.03403963810108058,-1.0
2024-01-13 12:00:00,185753.8206806855,185753.8206806855,0.0,0.0,-1.0
2024-01-13 13:00:00,185648.2720367987,185753.8206806855,105.54864388678106,0.05682178891395256,-1.0
2024-01-13 14:00:00,185922.2652827237,185922.2652827237,0.0,0.0,-1.0
2024-01-13 15:00:00,186148.07693504606,186148.07693504606,0.0,0.0,-1.0
2024-01-13 16:00:00,186017.3127227529,186148.07693504606,130.76421229317202,0.07024741509352282,-1.0
2024-01-13 17:00:00,186297.18756607137,186297.18756607137,0.0,0.0,-1.0
2024-01-13 18:00:00,186325.9404106899,186325.9404106899,0.0,0.0,-1.0
2024-01-13 19:00:00,186284.16667592214,186325.9404106899,41.773734767746646,0.022419709609768326,-1.0
2024-01-13 20:00:00,186521.0583298341,186521.0583298341,0.0,0.0,-1.0
2024-01-13 21:00:00,186588.4001679201,186588.4001679201,0.0,0.0,-1.0
2024-01-13 22:00:00,186948.27796604563,186948.27796604563,0.0,0.0,-1.0
2024-01-13 23:00:00,186895.3447594626,186948.27796604563,52.933206583024,0.028314359008237547,-1.0
2024-01-14 00:00:00,186710.5961308667,186948.27796604563,237.68183517892612,0.12713775048631093,-1.0
2024-01-14 01:00:00,186743.53038869178,186948.27796604563,204.74757735384628,0.10952097531009804,-1.0
2024-01-14 02:00:00,186936.91376355087,186948.27796604563,11.36420249476214,0.006078794957836496,-1.0
2024-01-14 03:00:00,186872.84231572054,186948.27796604563,75.43565032508923,0.04035108060144324,-1.0
2024-01-14 04:00:00,186748.32725830056,186948.27796604563,199.95070774506894,0.10695509470345849,-1.0
2024-01-14 05:00:00,186857.66636870598,186948.27796604563,90.61159733965178,0.04846880555706914,-1.0
2024-01-14 06:00:00,186713.11328718084,186948.27796604563,235.16467886479222,0.12579130517987647,-1.0
2024-01-14 07:00:00,186834.11719212285,186948.27796604563,114.16077392277657,0.061065432195909805,-1.0
2024-01-14 08:00:00,186858.0237344386,186948.27796604563,90.25423160701757,0.048277648015249405,-1.0
2024-01-14 09:00:00,187007.19370769148,187007.19370769148,0.0,0.0,-1.0
2024-01-14 10:00:00,186874.61938710278,187007.19370769148,132.57432058869745,0.07089263143316435,-1.0
2024-01-14 11:00:00,187144.34385981938,187144.34385981938,0.0,0.0,-1.0
2024-01-14 12:00:00,187191.8886870703,187191.8886870703,0.0,0.0,-1.0
2024-01-14 13:00:00,187381.41708725604,187381.41708725604,0.0,0.0,-1.0
2024-01-14 14:00:00,187600.39840644877,187600.39840644877,0.0,0.0,-1.0
2024-01-14 15:00:00,187501.7816635939,187600.39840644877,98.6167428548797,0.052567448519602794,-1.0
2024-01-14 16:00:00,187709.12029003512,187709.12029003512,0.0,0.0,-1.0
2024-01-14 17:00:00,187570.36027376348,187709.12029003512,138.76001627164078,0.07392289519935868,-1.0
2024-01-14 18:00:00,187439.8396123495,187709.12029003512,269.2806776856305,0.1434563633719857,-1.0
2024-01-14 19:00:00,187809.43949774775,187809.43949774775,0.0,0.0,-1.0
2024-01-14 20:00:00,188051.21750306725,188051.21750306725,0.0,0.0,-1.0
2024-01-14 21:00:00,188437.26712938232,188437.26712938232,0.0,0.0,-1.0
2024-01-14 22:00:00,188456.73502479112,188456.73502479112,0.0,0.0,-1.0
2024-01-14 23:00:00,188547.09932440284,188547.09932440284,0.0,0.0,-1.0
2024-01-15 00:00:00,188701.2025364157,188701.2025364157,0.0,0.0,-1.0
2024-01-15 01:00:00,188774.3732014266,188774.3732014266,0.0,0.0,-1.0
2024-01-15 02:00:00,188737.45279832222,188774.3732014266,36.92040310439188,0.019557952956356508,-1.0
2024-01-15 03:00:00,188678.04009364021,188774.3732014266,96.33310778639861,0.051030818512430694,-1.0
2024-01-15 04:00:00,188785.11942856456,188785.11942856456,0.0,0.0,-1.0
2024-01-15 05:00:00,188700.09045231523,188785.11942856456,85.02897624933394,0.04504008393601622,-1.0
2024-01-15 06:00:00,188610.8609284602,188785.11942856456,174.2585001043626,0.09230520955879748,-1.0
2024-01-15 07:00:00,188744.8967301334,188785.11942856456,40.22269843117101,0.02130607462755617,-1.0
2024-01-15 08:00:00,188805.62282741055,188805.62282741055,0.0,0.0,-1.0
2024-01-15 09:00:00,189021.2037679978,189021.2037679978,0.0,0.0,-1.0
2024-01-15 10:00:00,189032.46705648536,189032.46705648536,0.0,0.0,-1.0
2024-01-15 11:00:00,189020.27866398904,189032.46705648536,12.188392496318556,0.006447777297789012,-1.0
2024-01-15 12:00:00,189158.81167339435,189158.81167339435,0.0,0.0,-1.0
2024-01-15 13:00:00,189112.00794221126,189158.81167339435,46.80373118308489,0.024743087974086673,-1.0
2024-01-15 14:00:00,189088.28878337776,189158.81167339435,70.5228900165821,0.03728237103664429,-1.0
2024-01-15 15:00:00,189070.52062482084,189158.81167339435,88.29104857350467,0.04667562023277556,-1.0
2024-01-15 16:00:00,189114.0653088765,189158.81167339435,44.7463645178359,0.023655448097811026,-1.0
2024-01-15 17:00:00,189454.93079037088,189454.93079037088,0.0,0.0,-1.0
2024-01-15 18:00:00,189323.4124666273,189454.93079037088,131.51832374357036,0.06941931951567598,-1.0
2024-01-15 19:00:00,189592.73860394492,189592.73860394492,0.0,0.0,-1.0
2024-01-15 20:00:00,189778.40661738842,189778.40661738842,0.0,0.0,-1.0
2024-01-15 21:00:00,190088.4534444939,190088.4534444939,0.0,0.0,-1.0
2024-01-15 22:00:00,190633.95635174224,190633.95635174224,0.0,0.0,-1.0
2024-01-15 23:00:00,190923.6743048604,190923.6743048604,0.0,0.0,-1.0
2024-01-16 00:00:00,191137.5243470466,191137.5243470466,0.0,0.0,-1.0
2024-01-16 01:00:00,191015.64989430283,191137.5243470466,121.8744527437666,0.06376270340431966,-1.0
2024-01-16 02:00:00,190912.71655507616,191137.5243470466,224.8077919704374,0.11761572864272116,-1.0
2024-01-16 03:00:00,191041.74508273095,191137.5243470466,95.77926431564265,0.05011013124860671,-1.0
2024-01-16 04:00:00,190862.033660543,191137.5243470466,275.4906865035882,0.14413218306803136,-1.0
2024-01-16 05:00:00,191029.3495482367,191137.5243470466,108.17479880989413,0.05659527043652725,-1.0
2024-01-16 06:00:00,190784.11126462254,191137.5243470466,353.4130824240565,0.18489989531431186,-1.0
2024-01-16 07:00:00,191031.94627245722,191137.5243470466,105.57807458937168,0.055236707156295785,-1.0
2024-01-16 08:00:00,191058.6912256672,191137.5243470466,78.83312137940084,0.04124418878433535,-1.0
2024-01-16 09:00:00,191152.68076748773,191152.68076748773,0.0,0.0,-1.0
2024-01-16 10:00:00,191115.42492302466,191152.68076748773,37.25584446307039,0.019490097817873274,-1.0
2024-01-16 11:00:00,190905.64596149127,191152.68076748773,247.0348059964599,0.12923428800715878,-1.0
2024-01-16 12:00:00,191165.85025337042,191165.85025337042,0.0,0.0,-1.0
2024-01-16 13:00:00,191441.2054626136,191441.2054626136,0.0,0.0,-1.0
2024-01-16 14:00:00,191463.48229783305,191463.48229783305,0.0,0.0,-1.0
2024-01-16 15:00:00,191637.77173254316,191637.77173254316,0.0,0.0,-1.0
2024-01-16 16:00:00,191654.1380195116,191654.1380195116,0.0,0.0,-1.0
2024-01-16 17:00:00,191772.41149615153,191772.41149615153,0.0,0.0,-1.0
2024-01-16 18:00:00,191961.28237598954,191961.28237598954,0.0,0.0,-1.0
2024-01-16 19:00:00,192119.54511467562,192119.54511467562,0.0,0.0,-1.0
2024-01-16 20:00:00,192395.690556687,192395.690556687,0.0,0.0,-1.0
2024-01-16 21:00:00,192548.5226580428,192548.5226580428,0.0,0.0,-1.0
2024-01-16 22:00:00,192627.7353505986,192627.7353505986,0.0,0.0,-1.0
2024-01-16 23:00:00,192588.522505417,192627.7353505986,39.21284518160974,0.020356801220882896,-1.0
2024-01-17 00:00:00,192591.7466983684,192627.7353505986,35.9886522302113,0.01868300645527963,-1.0
2024-01-17 01:00:00,192788.25440787716,192788.25440787716,0.0,0.0,-1.0
2024-01-17 02:00:00,192637.98043004004,192788.25440787716,150.27397783711785,0.07794768322305935,-1.0
2024-01-17 03:00:00,192878.85152555196,192878.85152555196,0.0,0.0,-1.0
2024-01-17 04:00:00,192911.67996664977,192911.67996664977,0.0,0.0,-1.0
2024-01-17 05:00:00,192863.8890809886,192911.67996664977,47.79088566117571,0.0247734536703209,-1.0
2024-01-17 06:00:00,192774.08045447138,192911.67996664977,137.59951217839262,0.07132772479208133,-1.0
2024-01-17 07:00:00,192950.23562231864,192950.23562231864,0.0,0.0,-1.0
2024-01-17 08:00:00,193023.03941924815,193023.03941924815,0.0,0.0,-1.0
2024-01-17 09:00:00,193336.35420273262,193336.35420273262,0.0,0.0,-1.0
2024-01-17 10:00:00,193221.89285515374,193336.35420273262,114.46134757887921,0.05920322023805982,-1.0
2024-01-17 11:00:00,193210.16831169446,193336.35420273262,126.18589103815611,0.0652675445125222,-1.0
2024-01-17 12:00:00,193271.33513797534,193336.35420273262,65.01906475727446,0.03363002526110295,-1.0
2024-01-17 13:00:00,193233.55662637987,193336.35420273262,102.79757635275018,0.05317032938614152,-1.0
2024-01-17 14:00:00,193309.47442600114,193336.35420273262,26.879776731482707,0.013903115553372106,-1.0
2024-01-17 15:00:00,193432.39954096347,193432.39954096347,0.0,0.0,-1.0
2024-01-17 16:00:00,193580.07217683294,193580.07217683294,0.0,0.0,-1.0
2024-01-17 17:00:00,193880.99724646562,193880.99724646562,0.0,0.0,-1.0
2024-01-17 18:00:00,193760.4763821484,193880.99724646562,120.52086431722273,0.062162288222612175,-1.0
2024-01-17 19:00:00,193886.14043013868,193886.14043013868,0.0,0.0,-1.0
2024-01-17 20:00:00,193864.09900720045,193886.14043013868,22.041422938229516,0.011368230286770555,-1.0
2024-01-17 21:00:00,194003.60101420397,194003.60101420397,0.0,0.0,-1.0
2024-01-17 22:00:00,194143.30084215692,194143.30084215692,0.0,0.0,-1.0
2024-01-17 23:00:00,194070.26293467206,194143.30084215692,73.03790748486063,0.03762061691958259,-1.0
2024-01-18 00:00:00,194010.09008327694,194143.30084215692,133.2107588799845,0.06861465644301988,-1.0
2024-01-18 01:00:00,194161.83654279736,194161.83654279736,0.0,0.0,-1.0
2024-01-18 02:00:00,194240.34721940898,194240.34721940898,0.0,0.0,-1.0
2024-01-18 03:00:00,194282.40394329926,194282.40394329926,0.0,0.0,-1.0
2024-01-18 04:00:00,194456.1019677655,194456.1019677655,0.0,0.0,-1.0
2024-01-18 05:00:00,194640.85973914483,194640.85973914483,0.0,0.0,-1.0
2024-01-18 06:00:00,194636.41522223956,194640.85973914483,4.444516905263299,0.002283444961772047,-1.0
2024-01-18 07:00:00,194583.6072515932,194640.85973914483,57.252487551624654,0.029414423892472372,-1.0
2024-01-18 08:00:00,194469.31940506757,194640.85973914483,171.54033407726092,0.08813171823591258,-1.0
2024-01-18 09:00:00,194549.33752309778,194640.85973914483,91.52221604704391,0.047021070585950356,-1.0
2024-01-18 10:00:00,194410.8634815255,194640.85973914483,229.9962576193211,0.11816442751411967,-1.0
2024-01-18 11:00:00,194500.77775025985,194640.85973914483,140.0819888849801,0.0719694667772821,-1.0
2024-01-18 12:00:00,194758.3032689735,194758.3032689735,0.0,0.0,-1.0
2024-01-18 13:00:00,194780.28430343056,194780.28430343056,0.0,0.0,-1.0
2024-01-18 14:00:00,194774.85366134954,194780.28430343056,5.43064208101714,0.0027880861250603965,-1.0
2024-01-18 15:00:00,195149.53037739362,195149.53037739362,0.0,0.0,-1.0
2024-01-18 16:00:00,195450.98565027176,195450.98565027176,0.0,0.0,-1.0
2024-01-18 17:00:00,195411.29596968845,195450.98565027176,39.68968058330938,0.020306718050697226,-1.0
2024-01-18 18:00:00,195507.14794684728,195507.14794684728,0.0,0.0,-1.0
2024-01-18 19:00:00,195631.4496831995,195631.4496831995,0.0,0.0,-1.0
2024-01-18 20:00:00,195736.9987466084,195736.9987466084,0.0,0.0,-1.0
2024-01-18 21:00:00,196084.19976376533,196084.19976376533,0.0,0.0,-1.0
2024-01-18 22:00:00,196172.28424762824,196172.28424762824,0.0,0.0,-1.0
2024-01-18 23:00:00,196282.8694789729,196282.8694789729,0.0,0.0,-1.0
2024-01-19 00:00:00,196461.16882324487,196461.16882324487,0.0,0.0,-1.0
2024-01-19 01:00:00,196714.656780652,196714.656780652,0.0,0.0,-1.0
2024-01-19 02:00:00,196930.19165979762,196930.19165979762,0.0,0.0,-1.0
2024-01-19 03:00:00,197085.90437774436,197085.90437774436,0.0,0.0,-1.0
2024-01-19 04:00:00,196927.09940693527,197085.90437774436,158.8049708090839,0.08057652388204822,-1.0
2024-01-19 05:00:00,196928.8787483265,197085.90437774436,157.02562941785436,0.07967369859028145,-1.0
2024-01-19 06:00:00,197126.7919294073,197126.7919294073,0.0,0.0,-1.0
2024-01-19 07:00:00,197239.3517339992,197239.3517339992,0.0,0.0,-1.0
2024-01-19 08:00:00,197438.27102907264,197438.27102907264,0.0,0.0,-1.0
2024-01-19 09:00:00,197796.34593832333,197796.34593832333,0.0,0.0,-1.0
2024-01-19 10:00:00,197694.80145756443,197796.34593832333,101.54448075889377,0.05133789518566601,-1.0
2024-01-19 11:00:00,197940.48798378513,197940.48798378513,0.0,0.0,-1.0
2024-01-19 12:00:00,197965.9334644111,197965.9334644111,0.0,0.0,-1.0
2024-01-19 13:00:00,198181.2359373023,198181.2359373023,0.0,0.0,-1.0
2024-01-19 14:00:00,198250.0528257971,198250.0528257971,0.0,0.0,-1.0
2024-01-19 15:00:00,198644.10350663104,198644.10350663104,0.0,0.0,-1.0
2024-01-19 16:00:00,198738.6165470703,198738.6165470703,0.0,0.0,-1.0
2024-01-19 17:00:00,198717.5394134169,198738.6165470703,21.077133653394412,0.010605454551105014,-1.0
2024-01-19 18:00:00,198855.52060683566,198855.52060683566,0.0,0.0,-1.0
2024-01-19 19:00:00,198979.1120239434,198979.1120239434,0.0,0.0,-1.0
2024-01-19 20:00:00,199224.82658805995,199224.82658805995,0.0,0.0,-1.0
2024-01-19 21:00:00,199367.03450785068,199367.03450785068,0.0,0.0,-1.0
2024-01-19 22:00:00,199813.29420372608,199813.29420372608,0.0,0.0,-1.0
2024-01-19 23:00:00,199871.58358341575,199871.58358341575,0.0,0.0,-1.0
2024-01-20 00:00:00,199931.64059094866,199931.64059094866,0.0,0.0,-1.0
2024-01-20 01:00:00,199916.0576834407,199931.64059094866,15.582907507952768,0.007794117760397271,-1.0
2024-01-20 02:00:00,200003.90793419385,200003.90793419385,0.0,0.0,-1.0
2024-01-20 03:00:00,200113.5668023563,200113.5668023563,0.0,0.0,-1.0
2024-01-20 04:00:00,200230.7483818497,200230.7483818497,0.0,0.0,-1.0
2024-01-20 05:00:00,200315.8265331738,200315.8265331738,0.0,0.0,-1.0
2024-01-20 06:00:00,200299.3533506647,200315.8265331738,16.473182509100297,0.008223605091119555,-1.0
2024-01-20 07:00:00,200242.10358145233,200315.8265331738,73.72295172145823,0.036803358475147326,-1.0
2024-01-20 08:00:00,200260.827522727,200315.8265331738,54.99901044680155,0.027456148322705445,-1.0
2024-01-20 09:00:00,200507.05817176227,200507.05817176227,0.0,0.0,-1.0
2024-01-20 10:00:00,200785.578124586,200785.578124586,0.0,0.0,-1.0
2024-01-20 11:00:00,200849.03344411994,200849.03344411994,0.0,0.0,-1.0
2024-01-20 12:00:00,200782.79599914982,200849.03344411994,66.23744497011648,0.032978722294197654,-1.0
2024-01-20 13:00:00,200845.6199576023,200849.03344411994,3.4134865176456515,0.0016995284762449947,-1.0
2024-01-20 14:00:00,201234.3697728928,201234.3697728928,0.0,0.0,-1.0
2024-01-20 15:00:00,201459.2149481903,201459.2149481903,0.0,0.0,-1.0
2024-01-20 16:00:00,201616.82635192017,201616.82635192017,0.0,0.0,-1.0
2024-01-20 17:00:00,201836.22908947806,201836.22908947806,0.0,0.0,-1.0
2024-01-20 18:00:00,202142.31408117927,202142.31408117927,0.0,0.0,-1.0
2024-01-20 19:00:00,202044.3841509472,202142.31408117927,97.92993023205781,0.0484460320330209,-1.0
2024-01-20 20:00:00,202060.57817064264,202142.31408117927,81.73591053663404,0.04043483468968765,-1.0
2024-01-20 21:00:00,202056.26992571712,202142.31408117927,86.04415546215023,0.04256612765776262,-1.0
2024-01-20 22:00:00,202219.33708527777,202219.33708527777,0.0,0.0,-1.0
2024-01-20 23:00:00,202318.35371887372,202318.35371887372,0.0,0.0,-1.0
2024-01-21 00:00:00,202506.80041247714,202506.80041247714,0.0,0.0,-1.0
2024-01-21 01:00:00,202505.76730999706,202506.80041247714,1.0331024800834712,0.0005101569320038589,-1.0
2024-01-21 02:00:00,202786.56011759894,202786.56011759894,0.0,0.0,-1.0
2024-01-21 03:00:00,202851.16006137655,202851.16006137655,0.0,0.0,-1.0
2024-01-21 04:00:00,203030.34189417027,203030.34189417027,0.0,0.0,-1.0
2024-01-21 05:00:00,203284.6528690087,203284.6528690087,0.0,0.0,-1.0
2024-01-21 06:00:00,203526.92151633295,203526.92151633295,0.0,0.0,-1.0
2024-01-21 07:00:00,203656.04577759322,203656.04577759322,0.0,0.0,-1.0
2024-01-21 08:00:00,203853.9478135506,203853.9478135506,0.0,0.0,-1.0
2024-01-21 09:00:00,204190.19691314644,204190.19691314644,0.0,0.0,-1.0
2024-01-21 10:00:00,204342.23709824265,204342.23709824265,0.0,0.0,-1.0
2024-01-21 11:00:00,204307.79013793342,204342.23709824265,34.446960309229326,0.016857484188483308,-1.0
2024-01-21 12:00:00,204470.24774757802,204470.24774757802,0.0,0.0,-1.0
2024-01-21 13:00:00,204539.65556487508,204539.65556487508,0.0,0.0,-1.0
2024-01-21 14:00:00,204262.45539471443,204539.65556487508,277.2001701606496,0.13552392537041713,-1.0
2024-01-21 15:00:00,204406.7550982699,204539.65556487508,132.90046660517692,0.06497540354125808,-1.0
2024-01-21 16:00:00,204499.25269577224,204539.65556487508,40.40286910283612,0.01975307379454411,-1.0
2024-01-21 17:00:00,204747.71536149687,204747.71536149687,0.0,0.0,-1.0
2024-01-21 18:00:00,204710.20131287363,204747.71536149687,37.51404862324125,0.018322084110685918,-1.0
2024-01-21 19:00:00,204559.34486351674,204747.71536149687,188.37049798012595,0.09200126978098107,-1.0
