timestamp,pair,predicted_signal,actual_move,was_correct,confidence,feature_importance
2024-01-01 01:00:00,EURUSD,SignalType.SELL,263409.85457578284,False,0.75,{}
2024-01-01 02:00:00,EURUSD,SignalType.BUY,-210756.62578669764,False,0.75,{}
2024-01-01 03:00:00,EURUSD,SignalType.SELL,-94581.38011486028,True,0.75,{}
2024-01-01 04:00:00,EURUSD,SignalType.SELL,593114.9016383865,False,0.75,{}
2024-01-01 05:00:00,EURUSD,SignalType.BUY,-116371.65847611008,False,0.75,{}
2024-01-01 06:00:00,EURUSD,SignalType.SELL,-555713.5866598764,True,0.75,{}
2024-01-01 07:00:00,EURUSD,SignalType.SELL,-119907.11698316176,True,0.75,{}
2024-01-01 08:00:00,EURUSD,SignalType.SELL,-161056.72863647755,True,0.75,{}
2024-01-01 09:00:00,EURUSD,SignalType.SELL,119674.92012698927,False,0.75,{}
2024-01-01 10:00:00,EURUSD,SignalType.BUY,-425661.57764826133,False,0.75,{}
2024-01-01 11:00:00,EURUSD,SignalType.SELL,664025.8820269341,False,0.75,{}
2024-01-01 12:00:00,EURUSD,SignalType.BUY,700007.5691717154,True,0.75,{}
2024-01-01 13:00:00,EURUSD,SignalType.BUY,-720868.3427488492,False,0.75,{}
2024-01-01 14:00:00,EURUSD,SignalType.SELL,581082.8284552469,False,0.75,{}
2024-01-01 15:00:00,EURUSD,SignalType.BUY,800992.6728936712,True,0.75,{}
2024-01-01 16:00:00,EURUSD,SignalType.BUY,-534644.604244395,False,0.75,{}
2024-01-01 17:00:00,EURUSD,SignalType.SELL,99190.62002337477,False,0.75,{}
2024-01-01 18:00:00,EURUSD,SignalType.BUY,383447.60123827285,True,0.75,{}
2024-01-01 19:00:00,EURUSD,SignalType.BUY,188239.633083545,True,0.75,{}
2024-01-01 20:00:00,EURUSD,SignalType.BUY,-73363.57015332226,False,0.75,{}
2024-01-01 21:00:00,EURUSD,SignalType.SELL,-631295.218816954,True,0.75,{}
2024-01-01 22:00:00,EURUSD,SignalType.SELL,-1126912.5986484368,True,0.75,{}
2024-01-01 23:00:00,EURUSD,SignalType.SELL,218360.54015186164,False,0.75,{}
2024-01-02 00:00:00,EURUSD,SignalType.BUY,434290.5004337976,True,0.75,{}
2024-01-02 01:00:00,EURUSD,SignalType.BUY,89003.85324693972,True,0.75,{}
2024-01-02 02:00:00,EURUSD,SignalType.BUY,-570812.2146528178,False,0.75,{}
2024-01-02 03:00:00,EURUSD,SignalType.SELL,88877.2307381916,False,0.75,{}
2024-01-02 04:00:00,EURUSD,SignalType.BUY,-284566.8583250602,False,0.75,{}
2024-01-02 05:00:00,EURUSD,SignalType.SELL,-27395.67169123802,True,0.75,{}
2024-01-02 06:00:00,EURUSD,SignalType.SELL,287046.7456624532,False,0.75,{}
2024-01-02 07:00:00,EURUSD,SignalType.BUY,135763.44007009623,True,0.75,{}
2024-01-02 08:00:00,EURUSD,SignalType.BUY,-211567.60428456622,False,0.75,{}
2024-01-02 09:00:00,EURUSD,SignalType.SELL,-846310.4308278065,True,0.75,{}
2024-01-02 10:00:00,EURUSD,SignalType.SELL,173938.60691612275,False,0.75,{}
2024-01-02 11:00:00,EURUSD,SignalType.BUY,1146441.3704507593,True,0.75,{}
2024-01-02 12:00:00,EURUSD,SignalType.BUY,301160.9464357939,True,0.75,{}
2024-01-02 13:00:00,EURUSD,SignalType.BUY,-1671472.2423645614,False,0.75,{}
2024-01-02 14:00:00,EURUSD,SignalType.SELL,52680.28404535329,False,0.75,{}
2024-01-02 15:00:00,EURUSD,SignalType.BUY,60619.113384336175,True,0.75,{}
2024-01-02 16:00:00,EURUSD,SignalType.BUY,472998.34469685634,True,0.75,{}
2024-01-02 17:00:00,EURUSD,SignalType.BUY,-632067.2422766443,False,0.75,{}
2024-01-02 18:00:00,EURUSD,SignalType.SELL,-36539.478265407015,True,0.75,{}
2024-01-02 19:00:00,EURUSD,SignalType.SELL,-34410.86760528975,True,0.75,{}
2024-01-02 20:00:00,EURUSD,SignalType.SELL,222642.10560890718,False,0.75,{}
2024-01-02 21:00:00,EURUSD,SignalType.BUY,-107178.07884207388,False,0.75,{}
2024-01-02 22:00:00,EURUSD,SignalType.SELL,-154447.66977797996,True,0.75,{}
2024-01-02 23:00:00,EURUSD,SignalType.SELL,632931.0388220537,False,0.75,{}
2024-01-03 00:00:00,EURUSD,SignalType.BUY,-189249.65448663698,False,0.75,{}
2024-01-03 01:00:00,EURUSD,SignalType.SELL,349924.0727929046,False,0.75,{}
2024-01-03 02:00:00,EURUSD,SignalType.BUY,-26005.130523351454,False,0.75,{}
2024-01-03 03:00:00,EURUSD,SignalType.SELL,-335383.1201432314,True,0.75,{}
2024-01-03 04:00:00,EURUSD,SignalType.SELL,-715024.5537595268,True,0.75,{}
2024-01-03 05:00:00,EURUSD,SignalType.SELL,585926.6579046539,False,0.75,{}
2024-01-03 06:00:00,EURUSD,SignalType.BUY,5567.884448168741,True,0.75,{}
2024-01-03 07:00:00,EURUSD,SignalType.BUY,-82759.50093366703,False,0.75,{}
2024-01-03 08:00:00,EURUSD,SignalType.SELL,-617285.7109449066,True,0.75,{}
2024-01-03 09:00:00,EURUSD,SignalType.SELL,497331.8804840972,False,0.75,{}
2024-01-03 10:00:00,EURUSD,SignalType.BUY,251404.68331072753,True,0.75,{}
2024-01-03 11:00:00,EURUSD,SignalType.BUY,498056.1168249389,True,0.75,{}
2024-01-03 12:00:00,EURUSD,SignalType.BUY,405667.8601149379,True,0.75,{}
2024-01-03 13:00:00,EURUSD,SignalType.BUY,203204.32392660252,True,0.75,{}
2024-01-03 14:00:00,EURUSD,SignalType.BUY,-55487.1903885477,False,0.75,{}
2024-01-03 15:00:00,EURUSD,SignalType.SELL,181979.5082820822,False,0.75,{}
2024-01-03 16:00:00,EURUSD,SignalType.BUY,234974.74278736135,True,0.75,{}
2024-01-03 17:00:00,EURUSD,SignalType.BUY,-475731.96640796936,False,0.75,{}
2024-01-03 18:00:00,EURUSD,SignalType.SELL,-503535.557287405,True,0.75,{}
2024-01-03 19:00:00,EURUSD,SignalType.SELL,-257428.50915020966,True,0.75,{}
2024-01-03 20:00:00,EURUSD,SignalType.SELL,28978.715687328247,False,0.75,{}
2024-01-03 21:00:00,EURUSD,SignalType.BUY,82066.3203787771,True,0.75,{}
2024-01-03 22:00:00,EURUSD,SignalType.BUY,-218189.78265715402,False,0.75,{}
2024-01-03 23:00:00,EURUSD,SignalType.SELL,-24379.235072914013,True,0.75,{}
2024-01-04 00:00:00,EURUSD,SignalType.SELL,-1888895.2858311671,True,0.75,{}
2024-01-04 01:00:00,EURUSD,SignalType.SELL,-362348.6721248429,True,0.75,{}
2024-01-04 02:00:00,EURUSD,SignalType.SELL,-80961.87460320721,True,0.75,{}
2024-01-04 03:00:00,EURUSD,SignalType.SELL,340703.84514255635,False,0.75,{}
2024-01-04 04:00:00,EURUSD,SignalType.BUY,-272849.65448655497,False,0.75,{}
2024-01-04 05:00:00,EURUSD,SignalType.SELL,-231183.25390818485,True,0.75,{}
2024-01-04 06:00:00,EURUSD,SignalType.SELL,175067.16586725644,False,0.75,{}
2024-01-04 07:00:00,EURUSD,SignalType.BUY,54884.66915835204,True,0.75,{}
2024-01-04 08:00:00,EURUSD,SignalType.BUY,991907.8048036607,True,0.75,{}
2024-01-04 09:00:00,EURUSD,SignalType.BUY,612809.4562342636,True,0.75,{}
2024-01-04 10:00:00,EURUSD,SignalType.BUY,-425132.8811973417,False,0.75,{}
2024-01-04 11:00:00,EURUSD,SignalType.SELL,357303.9694603835,False,0.75,{}
2024-01-04 12:00:00,EURUSD,SignalType.BUY,130958.86654795834,True,0.75,{}
2024-01-04 13:00:00,EURUSD,SignalType.BUY,114005.94416884048,True,0.75,{}
2024-01-04 14:00:00,EURUSD,SignalType.BUY,-33992.51804005388,False,0.75,{}
2024-01-04 15:00:00,EURUSD,SignalType.SELL,60621.81867816491,False,0.75,{}
2024-01-04 16:00:00,EURUSD,SignalType.BUY,313877.75203106826,True,0.75,{}
2024-01-04 17:00:00,EURUSD,SignalType.BUY,-310037.3494925583,False,0.75,{}
2024-01-04 18:00:00,EURUSD,SignalType.SELL,363942.3212822399,False,0.75,{}
2024-01-04 19:00:00,EURUSD,SignalType.BUY,231430.46375386405,True,0.75,{}
2024-01-04 20:00:00,EURUSD,SignalType.BUY,443467.96954122366,True,0.75,{}
2024-01-04 21:00:00,EURUSD,SignalType.BUY,503350.5787626706,True,0.75,{}
2024-01-04 22:00:00,EURUSD,SignalType.BUY,-28097.221199738982,False,0.75,{}
2024-01-04 23:00:00,EURUSD,SignalType.SELL,-164920.24680751172,True,0.75,{}
2024-01-05 00:00:00,EURUSD,SignalType.SELL,-209415.73423349738,True,0.75,{}
2024-01-05 01:00:00,EURUSD,SignalType.SELL,537010.8369386916,False,0.75,{}
2024-01-05 02:00:00,EURUSD,SignalType.BUY,181603.52815099884,True,0.75,{}
2024-01-05 03:00:00,EURUSD,SignalType.BUY,-288457.11992670246,False,0.75,{}
2024-01-05 04:00:00,EURUSD,SignalType.SELL,-122951.22190735057,True,0.75,{}
2024-01-05 05:00:00,EURUSD,SignalType.SELL,-612718.8796201407,True,0.75,{}
2024-01-05 06:00:00,EURUSD,SignalType.SELL,-91798.40727323949,True,0.75,{}
2024-01-05 07:00:00,EURUSD,SignalType.SELL,278833.95026654226,False,0.75,{}
2024-01-05 08:00:00,EURUSD,SignalType.BUY,113187.37499829382,True,0.75,{}
2024-01-05 09:00:00,EURUSD,SignalType.BUY,648965.8902330989,True,0.75,{}
2024-01-05 10:00:00,EURUSD,SignalType.BUY,987377.3519675662,True,0.75,{}
2024-01-05 11:00:00,EURUSD,SignalType.BUY,547740.0220174013,True,0.75,{}
2024-01-05 12:00:00,EURUSD,SignalType.BUY,215733.79432245475,True,0.75,{}
2024-01-05 13:00:00,EURUSD,SignalType.BUY,-114153.3536282104,False,0.75,{}
2024-01-05 14:00:00,EURUSD,SignalType.SELL,756658.2626305945,False,0.75,{}
2024-01-05 15:00:00,EURUSD,SignalType.BUY,836457.2499558245,True,0.75,{}
2024-01-05 16:00:00,EURUSD,SignalType.BUY,-195081.75797200893,False,0.75,{}
2024-01-05 17:00:00,EURUSD,SignalType.SELL,137398.3914424801,False,0.75,{}
2024-01-05 18:00:00,EURUSD,SignalType.BUY,184146.38237266956,True,0.75,{}
2024-01-05 19:00:00,EURUSD,SignalType.BUY,419896.159228249,True,0.75,{}
2024-01-05 20:00:00,EURUSD,SignalType.BUY,1200703.4891136533,True,0.75,{}
2024-01-05 21:00:00,EURUSD,SignalType.BUY,327475.7316998193,True,0.75,{}
2024-01-05 22:00:00,EURUSD,SignalType.BUY,382231.64664249966,True,0.75,{}
2024-01-05 23:00:00,EURUSD,SignalType.BUY,29769.751509356865,True,0.75,{}
2024-01-06 00:00:00,EURUSD,SignalType.BUY,-546050.4120839112,False,0.75,{}
2024-01-06 01:00:00,EURUSD,SignalType.SELL,934870.0428650017,False,0.75,{}
2024-01-06 02:00:00,EURUSD,SignalType.BUY,-24478.114034969847,False,0.75,{}
2024-01-06 03:00:00,EURUSD,SignalType.SELL,950173.0781651565,False,0.75,{}
2024-01-06 04:00:00,EURUSD,SignalType.BUY,-216598.80901725046,False,0.75,{}
2024-01-06 05:00:00,EURUSD,SignalType.SELL,-333914.04786168097,True,0.75,{}
2024-01-06 06:00:00,EURUSD,SignalType.SELL,-97783.94548096912,True,0.75,{}
2024-01-06 07:00:00,EURUSD,SignalType.SELL,-436174.95414481027,True,0.75,{}
2024-01-06 08:00:00,EURUSD,SignalType.SELL,-370468.71420658194,True,0.75,{}
2024-01-06 09:00:00,EURUSD,SignalType.SELL,223827.30392472752,False,0.75,{}
2024-01-06 10:00:00,EURUSD,SignalType.BUY,-900998.185234294,False,0.75,{}
2024-01-06 11:00:00,EURUSD,SignalType.SELL,-319540.17581580445,True,0.75,{}
2024-01-06 12:00:00,EURUSD,SignalType.SELL,-600570.0337773601,True,0.75,{}
2024-01-06 13:00:00,EURUSD,SignalType.SELL,1172931.9401554796,False,0.75,{}
2024-01-06 14:00:00,EURUSD,SignalType.BUY,-83256.7806363744,False,0.75,{}
2024-01-06 15:00:00,EURUSD,SignalType.SELL,23385.96423202205,False,0.75,{}
2024-01-06 16:00:00,EURUSD,SignalType.BUY,-49177.85021281418,False,0.75,{}
2024-01-06 17:00:00,EURUSD,SignalType.SELL,-650933.5016531048,True,0.75,{}
2024-01-06 18:00:00,EURUSD,SignalType.SELL,-521648.30608815636,True,0.75,{}
2024-01-06 19:00:00,EURUSD,SignalType.SELL,331102.8533871627,False,0.75,{}
2024-01-06 20:00:00,EURUSD,SignalType.BUY,295269.82958343124,True,0.75,{}
2024-01-06 21:00:00,EURUSD,SignalType.BUY,-35240.89327327715,False,0.75,{}
2024-01-06 22:00:00,EURUSD,SignalType.SELL,27469.12288265605,False,0.75,{}
2024-01-06 23:00:00,EURUSD,SignalType.BUY,814392.5532210357,True,0.75,{}
2024-01-07 00:00:00,EURUSD,SignalType.BUY,-60271.78480012196,False,0.75,{}
2024-01-07 01:00:00,EURUSD,SignalType.SELL,-564681.5088143222,True,0.75,{}
2024-01-07 02:00:00,EURUSD,SignalType.SELL,534292.608934428,False,0.75,{}
2024-01-07 03:00:00,EURUSD,SignalType.BUY,243929.6851210861,True,0.75,{}
2024-01-07 04:00:00,EURUSD,SignalType.BUY,-274870.8682154711,False,0.75,{}
2024-01-07 05:00:00,EURUSD,SignalType.SELL,449813.60455308616,False,0.75,{}
2024-01-07 06:00:00,EURUSD,SignalType.BUY,30914.256612010147,True,0.75,{}
2024-01-07 07:00:00,EURUSD,SignalType.BUY,48061.76401696064,True,0.75,{}
2024-01-07 08:00:00,EURUSD,SignalType.BUY,183940.063904044,True,0.75,{}
2024-01-07 09:00:00,EURUSD,SignalType.BUY,69173.22290774336,True,0.75,{}
2024-01-07 10:00:00,EURUSD,SignalType.BUY,95175.0080219415,True,0.75,{}
2024-01-07 11:00:00,EURUSD,SignalType.BUY,-505621.1731927164,False,0.75,{}
2024-01-07 12:00:00,EURUSD,SignalType.SELL,-370482.3522757192,True,0.75,{}
2024-01-07 13:00:00,EURUSD,SignalType.SELL,173417.6182073418,False,0.75,{}
2024-01-07 14:00:00,EURUSD,SignalType.BUY,-991812.097865672,False,0.75,{}
2024-01-07 15:00:00,EURUSD,SignalType.SELL,195366.13339118048,False,0.75,{}
2024-01-07 16:00:00,EURUSD,SignalType.BUY,-1342841.5428109975,False,0.75,{}
2024-01-07 17:00:00,EURUSD,SignalType.SELL,-156237.81355061338,True,0.75,{}
2024-01-07 18:00:00,EURUSD,SignalType.SELL,-320277.5499242335,True,0.75,{}
2024-01-07 19:00:00,EURUSD,SignalType.SELL,427214.26907927933,False,0.75,{}
2024-01-07 20:00:00,EURUSD,SignalType.BUY,880592.1772871335,True,0.75,{}
2024-01-07 21:00:00,EURUSD,SignalType.BUY,194836.49339115573,True,0.75,{}
2024-01-07 22:00:00,EURUSD,SignalType.BUY,444605.8176451311,True,0.75,{}
2024-01-07 23:00:00,EURUSD,SignalType.BUY,348159.6594852152,True,0.75,{}
2024-01-08 00:00:00,EURUSD,SignalType.BUY,-213071.47860496968,False,0.75,{}
2024-01-08 01:00:00,EURUSD,SignalType.SELL,-199123.60462094512,True,0.75,{}
2024-01-08 02:00:00,EURUSD,SignalType.SELL,195031.3360033249,False,0.75,{}
2024-01-08 03:00:00,EURUSD,SignalType.BUY,176083.20505806545,True,0.75,{}
2024-01-08 04:00:00,EURUSD,SignalType.BUY,-258155.50286836867,False,0.75,{}
2024-01-08 05:00:00,EURUSD,SignalType.SELL,-318442.47895295836,True,0.75,{}
2024-01-08 06:00:00,EURUSD,SignalType.SELL,-106730.16281363743,True,0.75,{}
2024-01-08 07:00:00,EURUSD,SignalType.SELL,-478949.60856516607,True,0.75,{}
2024-01-08 08:00:00,EURUSD,SignalType.SELL,-44324.41457275104,True,0.75,{}
2024-01-08 09:00:00,EURUSD,SignalType.SELL,68230.4613014918,False,0.75,{}
2024-01-08 10:00:00,EURUSD,SignalType.BUY,297079.977811473,True,0.75,{}
2024-01-08 11:00:00,EURUSD,SignalType.BUY,-655066.3998878662,False,0.75,{}
2024-01-08 12:00:00,EURUSD,SignalType.SELL,827282.3768966731,False,0.75,{}
2024-01-08 13:00:00,EURUSD,SignalType.BUY,-207772.10998881003,False,0.75,{}
2024-01-08 14:00:00,EURUSD,SignalType.SELL,-345214.04036471725,True,0.75,{}
2024-01-08 15:00:00,EURUSD,SignalType.SELL,274830.7331354732,False,0.75,{}
2024-01-08 16:00:00,EURUSD,SignalType.BUY,348907.6172773275,True,0.75,{}
2024-01-08 17:00:00,EURUSD,SignalType.BUY,-66515.97082462387,False,0.75,{}
2024-01-08 18:00:00,EURUSD,SignalType.SELL,-63904.59036415507,True,0.75,{}
2024-01-08 19:00:00,EURUSD,SignalType.SELL,92827.17385017009,False,0.75,{}
2024-01-08 20:00:00,EURUSD,SignalType.BUY,344742.85955943004,True,0.75,{}
2024-01-08 21:00:00,EURUSD,SignalType.BUY,63376.58895419566,True,0.75,{}
2024-01-08 22:00:00,EURUSD,SignalType.BUY,-238342.8650279933,False,0.75,{}
2024-01-08 23:00:00,EURUSD,SignalType.SELL,-158914.8103684056,True,0.75,{}
2024-01-09 00:00:00,EURUSD,SignalType.SELL,632219.8773082221,False,0.75,{}
2024-01-09 01:00:00,EURUSD,SignalType.BUY,2012.1407717005013,True,0.75,{}
2024-01-09 02:00:00,EURUSD,SignalType.HOLD,-301230.4094421029,False,0.75,{}
2024-01-09 03:00:00,EURUSD,SignalType.SELL,569113.0970902429,False,0.75,{}
2024-01-09 04:00:00,EURUSD,SignalType.BUY,336523.7260388835,True,0.75,{}
2024-01-09 05:00:00,EURUSD,SignalType.BUY,249214.39292918934,True,0.75,{}
2024-01-09 06:00:00,EURUSD,SignalType.BUY,-221683.9215875615,False,0.75,{}
2024-01-09 07:00:00,EURUSD,SignalType.SELL,195008.4765588832,False,0.75,{}
2024-01-09 08:00:00,EURUSD,SignalType.BUY,-211945.46086593618,False,0.75,{}
2024-01-09 09:00:00,EURUSD,SignalType.SELL,364817.9520364454,False,0.75,{}
2024-01-09 10:00:00,EURUSD,SignalType.BUY,-79218.6335903864,False,0.75,{}
2024-01-09 11:00:00,EURUSD,SignalType.SELL,-377996.7870992277,True,0.75,{}
2024-01-09 12:00:00,EURUSD,SignalType.SELL,491548.87232014514,False,0.75,{}
2024-01-09 13:00:00,EURUSD,SignalType.BUY,155645.91474661144,True,0.75,{}
2024-01-09 14:00:00,EURUSD,SignalType.BUY,-202276.4172318034,False,0.75,{}
2024-01-09 15:00:00,EURUSD,SignalType.SELL,-486123.5273946147,True,0.75,{}
2024-01-09 16:00:00,EURUSD,SignalType.SELL,195312.74149228126,False,0.75,{}
2024-01-09 17:00:00,EURUSD,SignalType.BUY,-313077.22391278844,False,0.75,{}
2024-01-09 18:00:00,EURUSD,SignalType.SELL,-131457.84652106953,True,0.75,{}
2024-01-09 19:00:00,EURUSD,SignalType.SELL,-382258.790635388,True,0.75,{}
2024-01-09 20:00:00,EURUSD,SignalType.SELL,264455.40497616323,False,0.75,{}
2024-01-09 21:00:00,EURUSD,SignalType.BUY,-622869.8808180138,False,0.75,{}
2024-01-09 22:00:00,EURUSD,SignalType.SELL,173887.68167716195,False,0.75,{}
2024-01-09 23:00:00,EURUSD,SignalType.BUY,206852.51973481342,True,0.75,{}
2024-01-10 00:00:00,EURUSD,SignalType.BUY,-733474.2359983306,False,0.75,{}
2024-01-10 01:00:00,EURUSD,SignalType.SELL,582214.6205648124,False,0.75,{}
2024-01-10 02:00:00,EURUSD,SignalType.BUY,-445711.0954359479,False,0.75,{}
2024-01-10 03:00:00,EURUSD,SignalType.SELL,-215563.0659148204,True,0.75,{}
2024-01-10 04:00:00,EURUSD,SignalType.SELL,68700.05507619168,False,0.75,{}
2024-01-10 05:00:00,EURUSD,SignalType.BUY,55451.02259350869,True,0.75,{}
2024-01-10 06:00:00,EURUSD,SignalType.BUY,257226.5965951283,True,0.75,{}
2024-01-10 07:00:00,EURUSD,SignalType.BUY,-397229.63865074463,False,0.75,{}
2024-01-10 08:00:00,EURUSD,SignalType.SELL,-390117.86505461944,True,0.75,{}
2024-01-10 09:00:00,EURUSD,SignalType.SELL,123667.74272634587,False,0.75,{}
2024-01-10 10:00:00,EURUSD,SignalType.BUY,-289668.425091582,False,0.75,{}
2024-01-10 11:00:00,EURUSD,SignalType.SELL,-224482.65972776368,True,0.75,{}
2024-01-10 12:00:00,EURUSD,SignalType.SELL,-629165.8039862128,True,0.75,{}
2024-01-10 13:00:00,EURUSD,SignalType.SELL,-191007.49183591205,True,0.75,{}
2024-01-10 14:00:00,EURUSD,SignalType.SELL,34550.05313380241,False,0.75,{}
2024-01-10 15:00:00,EURUSD,SignalType.BUY,4723.695327902249,True,0.75,{}
2024-01-10 16:00:00,EURUSD,SignalType.BUY,210434.38195616347,True,0.75,{}
2024-01-10 17:00:00,EURUSD,SignalType.BUY,716183.4365235268,True,0.75,{}
2024-01-10 18:00:00,EURUSD,SignalType.BUY,67138.17470672325,True,0.75,{}
2024-01-10 19:00:00,EURUSD,SignalType.BUY,601294.7482939797,True,0.75,{}
2024-01-10 20:00:00,EURUSD,SignalType.BUY,163565.29208374297,True,0.75,{}
2024-01-10 21:00:00,EURUSD,SignalType.BUY,-583776.8607304195,False,0.75,{}
2024-01-10 22:00:00,EURUSD,SignalType.SELL,-176377.61937648064,True,0.75,{}
2024-01-10 23:00:00,EURUSD,SignalType.SELL,-402784.08819455537,True,0.75,{}
2024-01-11 00:00:00,EURUSD,SignalType.SELL,-227646.02396785762,True,0.75,{}
2024-01-11 01:00:00,EURUSD,SignalType.SELL,-260306.80852343835,True,0.75,{}
2024-01-11 02:00:00,EURUSD,SignalType.SELL,495256.8328570973,False,0.75,{}
2024-01-11 03:00:00,EURUSD,SignalType.BUY,-535440.8738873912,False,0.75,{}
2024-01-11 04:00:00,EURUSD,SignalType.SELL,-211691.30959073358,True,0.75,{}
2024-01-11 05:00:00,EURUSD,SignalType.SELL,-229562.21052553615,True,0.75,{}
2024-01-11 06:00:00,EURUSD,SignalType.SELL,311925.3977670561,False,0.75,{}
2024-01-11 07:00:00,EURUSD,SignalType.BUY,-276141.49719867896,False,0.75,{}
2024-01-11 08:00:00,EURUSD,SignalType.SELL,2113.9131051339177,False,0.75,{}
2024-01-11 09:00:00,EURUSD,SignalType.HOLD,-158220.25365638922,False,0.75,{}
2024-01-11 10:00:00,EURUSD,SignalType.SELL,163022.66496615089,False,0.75,{}
2024-01-11 11:00:00,EURUSD,SignalType.BUY,241439.69246529025,True,0.75,{}
2024-01-11 12:00:00,EURUSD,SignalType.BUY,-657140.9265394068,False,0.75,{}
2024-01-11 13:00:00,EURUSD,SignalType.SELL,-835149.4404744857,True,0.75,{}
2024-01-11 14:00:00,EURUSD,SignalType.SELL,409341.35816985235,False,0.75,{}
2024-01-11 15:00:00,EURUSD,SignalType.BUY,-229838.8968463435,False,0.75,{}
2024-01-11 16:00:00,EURUSD,SignalType.SELL,-297366.9506394031,True,0.75,{}
2024-01-11 17:00:00,EURUSD,SignalType.SELL,-128966.9380141369,True,0.75,{}
2024-01-11 18:00:00,EURUSD,SignalType.HOLD,-402976.7432487402,False,0.75,{}
2024-01-11 19:00:00,EURUSD,SignalType.SELL,-51024.096065470134,True,0.75,{}
2024-01-11 20:00:00,EURUSD,SignalType.SELL,-224826.0260222301,True,0.75,{}
2024-01-11 21:00:00,EURUSD,SignalType.SELL,-114349.92143149942,True,0.75,{}
2024-01-11 22:00:00,EURUSD,SignalType.SELL,381382.53123319935,False,0.75,{}
2024-01-11 23:00:00,EURUSD,SignalType.BUY,267675.0422131803,True,0.75,{}
2024-01-12 00:00:00,EURUSD,SignalType.BUY,-649247.5806683752,False,0.75,{}
2024-01-12 01:00:00,EURUSD,SignalType.SELL,129077.52814733647,False,0.75,{}
2024-01-12 02:00:00,EURUSD,SignalType.BUY,-251245.1010003472,False,0.75,{}
2024-01-12 03:00:00,EURUSD,SignalType.SELL,58783.323470490956,False,0.75,{}
2024-01-12 04:00:00,EURUSD,SignalType.BUY,56503.57664307336,True,0.75,{}
2024-01-12 05:00:00,EURUSD,SignalType.BUY,400609.39445919567,True,0.75,{}
2024-01-12 06:00:00,EURUSD,SignalType.BUY,-464396.7022104797,False,0.75,{}
2024-01-12 07:00:00,EURUSD,SignalType.SELL,312617.6407790993,False,0.75,{}
2024-01-12 08:00:00,EURUSD,SignalType.BUY,165213.92533700806,True,0.75,{}
2024-01-12 09:00:00,EURUSD,SignalType.BUY,-13327.65951667497,False,0.75,{}
2024-01-12 10:00:00,EURUSD,SignalType.SELL,828806.457665908,False,0.75,{}
2024-01-12 11:00:00,EURUSD,SignalType.BUY,160945.3753660725,True,0.75,{}
2024-01-12 12:00:00,EURUSD,SignalType.BUY,127705.87440555388,True,0.75,{}
2024-01-12 13:00:00,EURUSD,SignalType.BUY,55934.05972408064,True,0.75,{}
2024-01-12 14:00:00,EURUSD,SignalType.BUY,53774.026659869065,True,0.75,{}
2024-01-12 15:00:00,EURUSD,SignalType.HOLD,-1053057.013547349,False,0.75,{}
2024-01-12 16:00:00,EURUSD,SignalType.SELL,687383.6705664168,False,0.75,{}
2024-01-12 17:00:00,EURUSD,SignalType.BUY,-825543.7526016387,False,0.75,{}
2024-01-12 18:00:00,EURUSD,SignalType.SELL,874425.1880112628,False,0.75,{}
2024-01-12 19:00:00,EURUSD,SignalType.BUY,-523551.4276226,False,0.75,{}
2024-01-12 20:00:00,EURUSD,SignalType.HOLD,-153850.38704152868,False,0.75,{}
2024-01-12 21:00:00,EURUSD,SignalType.SELL,29333.51064963942,False,0.75,{}
2024-01-12 22:00:00,EURUSD,SignalType.BUY,-508624.43857394496,False,0.75,{}
2024-01-12 23:00:00,EURUSD,SignalType.SELL,748883.7206851742,False,0.75,{}
2024-01-13 00:00:00,EURUSD,SignalType.BUY,-1642669.8456323177,False,0.75,{}
2024-01-13 01:00:00,EURUSD,SignalType.SELL,-318517.9261004512,True,0.75,{}
2024-01-13 02:00:00,EURUSD,SignalType.SELL,-1366895.0998081318,True,0.75,{}
2024-01-13 03:00:00,EURUSD,SignalType.SELL,-306299.6940489239,True,0.75,{}
2024-01-13 04:00:00,EURUSD,SignalType.SELL,240308.10616638974,False,0.75,{}
2024-01-13 05:00:00,EURUSD,SignalType.BUY,-204368.07881507775,False,0.75,{}
2024-01-13 06:00:00,EURUSD,SignalType.SELL,285634.01864200045,False,0.75,{}
2024-01-13 07:00:00,EURUSD,SignalType.BUY,59550.29351758355,True,0.75,{}
2024-01-13 08:00:00,EURUSD,SignalType.BUY,254679.60580779446,True,0.75,{}
2024-01-13 09:00:00,EURUSD,SignalType.BUY,88531.50885404034,True,0.75,{}
2024-01-13 10:00:00,EURUSD,SignalType.BUY,238488.05006037452,True,0.75,{}
2024-01-13 11:00:00,EURUSD,SignalType.BUY,218928.3278635415,True,0.75,{}
2024-01-13 12:00:00,EURUSD,SignalType.BUY,106484.66086029458,True,0.75,{}
2024-01-13 13:00:00,EURUSD,SignalType.BUY,-333101.1972921257,False,0.75,{}
2024-01-13 14:00:00,EURUSD,SignalType.SELL,416195.034333164,False,0.75,{}
2024-01-13 15:00:00,EURUSD,SignalType.BUY,-32738.308910851687,False,0.75,{}
2024-01-13 16:00:00,EURUSD,SignalType.SELL,662669.6020318753,False,0.75,{}
2024-01-13 17:00:00,EURUSD,SignalType.BUY,-368675.1519157872,False,0.75,{}
2024-01-13 18:00:00,EURUSD,SignalType.SELL,-134601.10497204083,True,0.75,{}
2024-01-13 19:00:00,EURUSD,SignalType.SELL,513648.3928121001,False,0.75,{}
2024-01-13 20:00:00,EURUSD,SignalType.BUY,172648.2172759617,True,0.75,{}
2024-01-13 21:00:00,EURUSD,SignalType.BUY,425623.55592531135,True,0.75,{}
2024-01-13 22:00:00,EURUSD,SignalType.BUY,551746.1587403896,True,0.75,{}
2024-01-13 23:00:00,EURUSD,SignalType.BUY,-101913.24362192901,False,0.75,{}
2024-01-14 00:00:00,EURUSD,SignalType.SELL,612651.6163045111,False,0.75,{}
2024-01-14 01:00:00,EURUSD,SignalType.BUY,182223.51536886202,True,0.75,{}
2024-01-14 02:00:00,EURUSD,SignalType.BUY,-252044.422910324,False,0.75,{}
2024-01-14 03:00:00,EURUSD,SignalType.SELL,-507042.39517779433,True,0.75,{}
2024-01-14 04:00:00,EURUSD,SignalType.SELL,344791.3867052232,False,0.75,{}
2024-01-14 05:00:00,EURUSD,SignalType.BUY,355772.15361789137,True,0.75,{}
2024-01-14 06:00:00,EURUSD,SignalType.BUY,-196634.76447084747,False,0.75,{}
2024-01-14 07:00:00,EURUSD,SignalType.SELL,-168709.69087914395,True,0.75,{}
2024-01-14 08:00:00,EURUSD,SignalType.SELL,535814.8890915487,False,0.75,{}
2024-01-14 09:00:00,EURUSD,SignalType.BUY,237371.42116668273,True,0.75,{}
2024-01-14 10:00:00,EURUSD,SignalType.BUY,77689.55539775532,True,0.75,{}
2024-01-14 11:00:00,EURUSD,SignalType.BUY,-261041.5867371863,False,0.75,{}
2024-01-14 12:00:00,EURUSD,SignalType.SELL,160651.219368755,False,0.75,{}
2024-01-14 13:00:00,EURUSD,SignalType.BUY,72940.55931058977,True,0.75,{}
2024-01-14 14:00:00,EURUSD,SignalType.BUY,-41180.76399083591,False,0.75,{}
2024-01-14 15:00:00,EURUSD,SignalType.SELL,-25419.752126008887,True,0.75,{}
2024-01-14 16:00:00,EURUSD,SignalType.SELL,-229406.5657245929,True,0.75,{}
2024-01-14 17:00:00,EURUSD,SignalType.SELL,524304.696146751,False,0.75,{}
2024-01-14 18:00:00,EURUSD,SignalType.BUY,428387.65425019915,True,0.75,{}
2024-01-14 19:00:00,EURUSD,SignalType.BUY,-2353978.4513682933,False,0.75,{}
2024-01-14 20:00:00,EURUSD,SignalType.SELL,-441710.86663934827,True,0.75,{}
2024-01-14 21:00:00,EURUSD,SignalType.SELL,-445756.6249097121,True,0.75,{}
2024-01-14 22:00:00,EURUSD,SignalType.SELL,-141372.22822325697,True,0.75,{}
2024-01-14 23:00:00,EURUSD,SignalType.SELL,676054.8211422719,False,0.75,{}
2024-01-15 00:00:00,EURUSD,SignalType.BUY,-431165.71470493113,False,0.75,{}
2024-01-15 01:00:00,EURUSD,SignalType.SELL,215494.2040192887,False,0.75,{}
2024-01-15 02:00:00,EURUSD,SignalType.BUY,-16550.169131278664,False,0.75,{}
2024-01-15 03:00:00,EURUSD,SignalType.SELL,-282111.1829822482,True,0.75,{}
2024-01-15 04:00:00,EURUSD,SignalType.SELL,627646.8089725617,False,0.75,{}
2024-01-15 05:00:00,EURUSD,SignalType.BUY,-278109.89604113187,False,0.75,{}
2024-01-15 06:00:00,EURUSD,SignalType.SELL,-70069.07048009623,True,0.75,{}
2024-01-15 07:00:00,EURUSD,SignalType.SELL,-200526.54374640583,True,0.75,{}
2024-01-15 08:00:00,EURUSD,SignalType.SELL,593416.2679376709,False,0.75,{}
2024-01-15 09:00:00,EURUSD,SignalType.BUY,157734.9822327588,True,0.75,{}
2024-01-15 10:00:00,EURUSD,SignalType.BUY,-275223.7572965397,False,0.75,{}
2024-01-15 11:00:00,EURUSD,SignalType.SELL,598176.6903382823,False,0.75,{}
2024-01-15 12:00:00,EURUSD,SignalType.BUY,217532.6053460266,True,0.75,{}
2024-01-15 13:00:00,EURUSD,SignalType.BUY,224758.89643260554,True,0.75,{}
2024-01-15 14:00:00,EURUSD,SignalType.BUY,-444858.34058263135,False,0.75,{}
2024-01-15 15:00:00,EURUSD,SignalType.SELL,-281384.2877797469,True,0.75,{}
2024-01-15 16:00:00,EURUSD,SignalType.SELL,368053.8701610129,False,0.75,{}
2024-01-15 17:00:00,EURUSD,SignalType.BUY,22953.163575888808,True,0.75,{}
2024-01-15 18:00:00,EURUSD,SignalType.BUY,343779.82504387724,True,0.75,{}
2024-01-15 19:00:00,EURUSD,SignalType.BUY,261285.95577768865,True,0.75,{}
2024-01-15 20:00:00,EURUSD,SignalType.BUY,219537.31610166642,True,0.75,{}
2024-01-15 21:00:00,EURUSD,SignalType.BUY,309004.01635695755,True,0.75,{}
2024-01-15 22:00:00,EURUSD,SignalType.BUY,399978.60455474595,True,0.75,{}
2024-01-15 23:00:00,EURUSD,SignalType.HOLD,524828.9975504072,False,0.75,{}
2024-01-16 00:00:00,EURUSD,SignalType.BUY,-379885.94076946954,False,0.75,{}
2024-01-16 01:00:00,EURUSD,SignalType.SELL,-135296.41109482627,True,0.75,{}
2024-01-16 02:00:00,EURUSD,SignalType.SELL,88650.0225360038,False,0.75,{}
2024-01-16 03:00:00,EURUSD,SignalType.BUY,-1069193.669811622,False,0.75,{}
2024-01-16 04:00:00,EURUSD,SignalType.SELL,-2117331.766742613,True,0.75,{}
2024-01-16 05:00:00,EURUSD,SignalType.SELL,-629154.6414749007,True,0.75,{}
2024-01-16 06:00:00,EURUSD,SignalType.SELL,-609554.8259719686,True,0.75,{}
2024-01-16 07:00:00,EURUSD,SignalType.SELL,77129.08536369696,False,0.75,{}
2024-01-16 08:00:00,EURUSD,SignalType.BUY,68233.66432520516,True,0.75,{}
2024-01-16 09:00:00,EURUSD,SignalType.BUY,-7115.320437858372,False,0.75,{}
2024-01-16 10:00:00,EURUSD,SignalType.SELL,624571.3471336688,False,0.75,{}
2024-01-16 11:00:00,EURUSD,SignalType.BUY,-104193.50387457541,False,0.75,{}
2024-01-16 12:00:00,EURUSD,SignalType.SELL,256253.98904392455,False,0.75,{}
2024-01-16 13:00:00,EURUSD,SignalType.BUY,381181.98405881034,True,0.75,{}
2024-01-16 14:00:00,EURUSD,SignalType.BUY,295159.1932819659,True,0.75,{}
2024-01-16 15:00:00,EURUSD,SignalType.BUY,233950.83905980753,True,0.75,{}
2024-01-16 16:00:00,EURUSD,SignalType.BUY,206745.0848054625,True,0.75,{}
2024-01-16 17:00:00,EURUSD,SignalType.BUY,356918.4319352584,True,0.75,{}
2024-01-16 18:00:00,EURUSD,SignalType.BUY,145880.58737964588,True,0.75,{}
2024-01-16 19:00:00,EURUSD,SignalType.BUY,-392082.1075244305,False,0.75,{}
2024-01-16 20:00:00,EURUSD,SignalType.SELL,-395752.69652024505,True,0.75,{}
2024-01-16 21:00:00,EURUSD,SignalType.SELL,-206124.2509984558,True,0.75,{}
2024-01-16 22:00:00,EURUSD,SignalType.SELL,295588.59255740885,False,0.75,{}
2024-01-16 23:00:00,EURUSD,SignalType.BUY,504981.41137463367,True,0.75,{}
2024-01-17 00:00:00,EURUSD,SignalType.BUY,-207170.02650747076,False,0.75,{}
2024-01-17 01:00:00,EURUSD,SignalType.SELL,-542571.8065596453,True,0.75,{}
2024-01-17 02:00:00,EURUSD,SignalType.SELL,384045.1989043513,False,0.75,{}
2024-01-17 03:00:00,EURUSD,SignalType.BUY,128217.69020527156,True,0.75,{}
2024-01-17 04:00:00,EURUSD,SignalType.BUY,395398.50571135274,True,0.75,{}
2024-01-17 05:00:00,EURUSD,SignalType.BUY,-612617.4393341559,False,0.75,{}
2024-01-17 06:00:00,EURUSD,SignalType.SELL,-448639.4081324008,True,0.75,{}
2024-01-17 07:00:00,EURUSD,SignalType.SELL,1108766.0003339925,False,0.75,{}
2024-01-17 08:00:00,EURUSD,SignalType.BUY,-269674.7454189989,False,0.75,{}
2024-01-17 09:00:00,EURUSD,SignalType.SELL,215678.38631432565,False,0.75,{}
2024-01-17 10:00:00,EURUSD,SignalType.BUY,19888.548874350818,True,0.75,{}
2024-01-17 11:00:00,EURUSD,SignalType.BUY,-147973.7733246364,False,0.75,{}
2024-01-17 12:00:00,EURUSD,SignalType.SELL,-308466.37477598846,True,0.75,{}
2024-01-17 13:00:00,EURUSD,SignalType.SELL,-236723.8380009016,True,0.75,{}
2024-01-17 14:00:00,EURUSD,SignalType.SELL,342742.0474577977,False,0.75,{}
2024-01-17 15:00:00,EURUSD,SignalType.BUY,-140169.32302760865,False,0.75,{}
2024-01-17 16:00:00,EURUSD,SignalType.SELL,755057.9094869168,False,0.75,{}
2024-01-17 17:00:00,EURUSD,SignalType.BUY,-169942.78626295822,False,0.75,{}
2024-01-17 18:00:00,EURUSD,SignalType.SELL,243784.90791665798,False,0.75,{}
2024-01-17 19:00:00,EURUSD,SignalType.BUY,1482.2866926949985,True,0.75,{}
2024-01-17 20:00:00,EURUSD,SignalType.BUY,-686109.9131536572,False,0.75,{}
2024-01-17 21:00:00,EURUSD,SignalType.SELL,-231409.26826602098,True,0.75,{}
2024-01-17 22:00:00,EURUSD,SignalType.SELL,233636.27340400242,False,0.75,{}
2024-01-17 23:00:00,EURUSD,SignalType.BUY,185664.5238634657,True,0.75,{}
2024-01-18 00:00:00,EURUSD,SignalType.BUY,-208926.54750737236,False,0.75,{}
2024-01-18 01:00:00,EURUSD,SignalType.SELL,-1170953.9037892707,True,0.75,{}
2024-01-18 02:00:00,EURUSD,SignalType.SELL,348330.6613724366,False,0.75,{}
2024-01-18 03:00:00,EURUSD,SignalType.BUY,23426.80060557882,True,0.75,{}
2024-01-18 04:00:00,EURUSD,SignalType.BUY,-571532.595485358,False,0.75,{}
2024-01-18 05:00:00,EURUSD,SignalType.SELL,-354170.42231113015,True,0.75,{}
2024-01-18 06:00:00,EURUSD,SignalType.SELL,471616.2213210049,False,0.75,{}
2024-01-18 07:00:00,EURUSD,SignalType.BUY,649471.5955831658,True,0.75,{}
2024-01-18 08:00:00,EURUSD,SignalType.BUY,-7056.424511587522,False,0.75,{}
2024-01-18 09:00:00,EURUSD,SignalType.SELL,-289278.05164926866,True,0.75,{}
2024-01-18 10:00:00,EURUSD,SignalType.SELL,298318.5365895119,False,0.75,{}
2024-01-18 11:00:00,EURUSD,SignalType.BUY,786788.6044180881,True,0.75,{}
2024-01-18 12:00:00,EURUSD,SignalType.BUY,769025.2234370892,True,0.75,{}
2024-01-18 13:00:00,EURUSD,SignalType.BUY,-473511.7541623059,False,0.75,{}
2024-01-18 14:00:00,EURUSD,SignalType.SELL,-64231.57634856196,True,0.75,{}
2024-01-18 15:00:00,EURUSD,SignalType.SELL,-383924.05787555175,True,0.75,{}
2024-01-18 16:00:00,EURUSD,SignalType.SELL,422421.05256867403,False,0.75,{}
2024-01-18 17:00:00,EURUSD,SignalType.BUY,35572.40773194337,True,0.75,{}
2024-01-18 18:00:00,EURUSD,SignalType.BUY,409308.9891173009,True,0.75,{}
2024-01-18 19:00:00,EURUSD,SignalType.BUY,-660969.0968802,False,0.75,{}
2024-01-18 20:00:00,EURUSD,SignalType.SELL,1118192.30026196,False,0.75,{}
2024-01-18 21:00:00,EURUSD,SignalType.BUY,196068.13588678066,True,0.75,{}
2024-01-18 22:00:00,EURUSD,SignalType.BUY,-280103.49586118344,False,0.75,{}
2024-01-18 23:00:00,EURUSD,SignalType.SELL,-306386.69500795077,True,0.75,{}
2024-01-19 00:00:00,EURUSD,SignalType.SELL,-792432.340316091,True,0.75,{}
2024-01-19 01:00:00,EURUSD,SignalType.SELL,-200370.76436497387,True,0.75,{}
2024-01-19 02:00:00,EURUSD,SignalType.SELL,-705764.5008174233,True,0.75,{}
2024-01-19 03:00:00,EURUSD,SignalType.SELL,-108298.4621368891,True,0.75,{}
2024-01-19 04:00:00,EURUSD,SignalType.SELL,-525476.5422200137,True,0.75,{}
2024-01-19 05:00:00,EURUSD,SignalType.SELL,302428.8774703416,False,0.75,{}
2024-01-19 06:00:00,EURUSD,SignalType.BUY,190654.09854046578,True,0.75,{}
2024-01-19 07:00:00,EURUSD,SignalType.BUY,4493.719941501411,True,0.75,{}
2024-01-19 08:00:00,EURUSD,SignalType.BUY,-136770.75236887787,False,0.75,{}
2024-01-19 09:00:00,EURUSD,SignalType.SELL,-104472.4035587555,True,0.75,{}
2024-01-19 10:00:00,EURUSD,SignalType.SELL,277816.47225956304,False,0.75,{}
2024-01-19 11:00:00,EURUSD,SignalType.BUY,170430.78345071335,True,0.75,{}
2024-01-19 12:00:00,EURUSD,SignalType.BUY,658794.1470137079,True,0.75,{}
2024-01-19 13:00:00,EURUSD,SignalType.BUY,-245530.13055147373,False,0.75,{}
2024-01-19 14:00:00,EURUSD,SignalType.SELL,738726.1208363504,False,0.75,{}
2024-01-19 15:00:00,EURUSD,SignalType.BUY,-327118.3616577427,False,0.75,{}
2024-01-19 16:00:00,EURUSD,SignalType.SELL,35585.6212417126,False,0.75,{}
2024-01-19 17:00:00,EURUSD,SignalType.BUY,280407.51242817804,True,0.75,{}
2024-01-19 18:00:00,EURUSD,SignalType.BUY,-458063.7851583974,False,0.75,{}
2024-01-19 19:00:00,EURUSD,SignalType.SELL,177086.36321963268,False,0.75,{}
2024-01-19 20:00:00,EURUSD,SignalType.BUY,709561.025225264,True,0.75,{}
2024-01-19 21:00:00,EURUSD,SignalType.BUY,142301.70652544254,True,0.75,{}
2024-01-19 22:00:00,EURUSD,SignalType.BUY,-306400.5037588125,False,0.75,{}
2024-01-19 23:00:00,EURUSD,SignalType.SELL,90140.25870175082,False,0.75,{}
2024-01-20 00:00:00,EURUSD,SignalType.BUY,490953.9030858737,True,0.75,{}
2024-01-20 01:00:00,EURUSD,SignalType.BUY,-1083633.998950008,False,0.75,{}
2024-01-20 02:00:00,EURUSD,SignalType.SELL,437566.43391602405,False,0.75,{}
2024-01-20 03:00:00,EURUSD,SignalType.BUY,240925.72223696517,True,0.75,{}
2024-01-20 04:00:00,EURUSD,SignalType.BUY,-368723.762117788,False,0.75,{}
2024-01-20 05:00:00,EURUSD,SignalType.SELL,352890.811154498,False,0.75,{}
2024-01-20 06:00:00,EURUSD,SignalType.BUY,-478137.44798884954,False,0.75,{}
2024-01-20 07:00:00,EURUSD,SignalType.SELL,251573.4037941011,False,0.75,{}
2024-01-20 08:00:00,EURUSD,SignalType.BUY,397863.49299461336,True,0.75,{}
2024-01-20 09:00:00,EURUSD,SignalType.BUY,-268481.22873397905,False,0.75,{}
2024-01-20 10:00:00,EURUSD,SignalType.SELL,655550.5901249441,False,0.75,{}
2024-01-20 11:00:00,EURUSD,SignalType.BUY,187840.46905914182,True,0.75,{}
2024-01-20 12:00:00,EURUSD,SignalType.BUY,-277764.1510228194,False,0.75,{}
2024-01-20 13:00:00,EURUSD,SignalType.SELL,109002.45942479096,False,0.75,{}
2024-01-20 14:00:00,EURUSD,SignalType.BUY,272655.9656763912,True,0.75,{}
2024-01-20 15:00:00,EURUSD,SignalType.BUY,414820.7803922543,True,0.75,{}
2024-01-20 16:00:00,EURUSD,SignalType.BUY,-360239.00369650975,False,0.75,{}
2024-01-20 17:00:00,EURUSD,SignalType.SELL,-260233.15689238225,True,0.75,{}
2024-01-20 18:00:00,EURUSD,SignalType.SELL,333259.0041384125,False,0.75,{}
2024-01-20 19:00:00,EURUSD,SignalType.BUY,-524672.5030079127,False,0.75,{}
2024-01-20 20:00:00,EURUSD,SignalType.SELL,165665.57121411848,False,0.75,{}
2024-01-20 21:00:00,EURUSD,SignalType.BUY,218618.31253517038,True,0.75,{}
2024-01-20 22:00:00,EURUSD,SignalType.BUY,272175.13893447106,True,0.75,{}
2024-01-20 23:00:00,EURUSD,SignalType.BUY,-34077.0659479135,False,0.75,{}
2024-01-21 00:00:00,EURUSD,SignalType.SELL,162618.80412882916,False,0.75,{}
2024-01-21 01:00:00,EURUSD,SignalType.BUY,446308.8017954928,True,0.75,{}
2024-01-21 02:00:00,EURUSD,SignalType.BUY,-598042.3040898916,False,0.75,{}
2024-01-21 03:00:00,EURUSD,SignalType.SELL,-168225.5894757185,True,0.75,{}
2024-01-21 04:00:00,EURUSD,SignalType.SELL,-155312.57044457406,True,0.75,{}
2024-01-21 05:00:00,EURUSD,SignalType.SELL,521438.2350965975,False,0.75,{}
2024-01-21 06:00:00,EURUSD,SignalType.BUY,100604.21859835032,True,0.75,{}
2024-01-21 07:00:00,EURUSD,SignalType.BUY,118807.32635265758,True,0.75,{}
2024-01-21 08:00:00,EURUSD,SignalType.BUY,120687.82911063494,True,0.75,{}
2024-01-21 09:00:00,EURUSD,SignalType.BUY,-244618.34317036663,False,0.75,{}
2024-01-21 10:00:00,EURUSD,SignalType.SELL,-1489132.340776404,True,0.75,{}
2024-01-21 11:00:00,EURUSD,SignalType.SELL,-416860.66415935004,True,0.75,{}
2024-01-21 12:00:00,EURUSD,SignalType.SELL,-88475.26406148418,True,0.75,{}
2024-01-21 13:00:00,EURUSD,SignalType.SELL,448648.8636159018,False,0.75,{}
2024-01-21 14:00:00,EURUSD,SignalType.BUY,-666192.028653774,False,0.75,{}
2024-01-21 15:00:00,EURUSD,SignalType.SELL,-24098.262159793507,True,0.75,{}
2024-01-21 16:00:00,EURUSD,SignalType.SELL,-782366.5337350292,True,0.75,{}
2024-01-21 17:00:00,EURUSD,SignalType.SELL,-583966.9468768139,True,0.75,{}
2024-01-21 18:00:00,EURUSD,SignalType.SELL,-470255.6859768083,True,0.75,{}
2024-01-01 01:00:00,GBPUSD,SignalType.BUY,-228577.6956564852,False,0.75,{}
2024-01-01 02:00:00,GBPUSD,SignalType.SELL,339520.1187169136,False,0.75,{}
2024-01-01 03:00:00,GBPUSD,SignalType.BUY,-622651.8658876786,False,0.75,{}
2024-01-01 04:00:00,GBPUSD,SignalType.SELL,-441380.6672726852,True,0.75,{}
2024-01-01 05:00:00,GBPUSD,SignalType.SELL,450900.4435460102,False,0.75,{}
2024-01-01 06:00:00,GBPUSD,SignalType.BUY,-2358009.4461422004,False,0.75,{}
2024-01-01 07:00:00,GBPUSD,SignalType.SELL,-378728.86641381856,True,0.75,{}
2024-01-01 08:00:00,GBPUSD,SignalType.SELL,460338.61445231823,False,0.75,{}
2024-01-01 09:00:00,GBPUSD,SignalType.BUY,411237.4056690112,True,0.75,{}
2024-01-01 10:00:00,GBPUSD,SignalType.BUY,-447764.7592225941,False,0.75,{}
2024-01-01 11:00:00,GBPUSD,SignalType.SELL,-104390.51046374289,True,0.75,{}
2024-01-01 12:00:00,GBPUSD,SignalType.SELL,-14752.84855509983,True,0.75,{}
2024-01-01 13:00:00,GBPUSD,SignalType.SELL,-165666.66835412945,True,0.75,{}
2024-01-01 14:00:00,GBPUSD,SignalType.SELL,-228448.35524873078,True,0.75,{}
2024-01-01 15:00:00,GBPUSD,SignalType.SELL,24159.464444377365,False,0.75,{}
2024-01-01 16:00:00,GBPUSD,SignalType.BUY,-404896.892038102,False,0.75,{}
2024-01-01 17:00:00,GBPUSD,SignalType.SELL,-166060.1235157503,True,0.75,{}
2024-01-01 18:00:00,GBPUSD,SignalType.SELL,78084.4786565541,False,0.75,{}
2024-01-01 19:00:00,GBPUSD,SignalType.BUY,521193.8242574786,True,0.75,{}
2024-01-01 20:00:00,GBPUSD,SignalType.BUY,-54083.5492401618,False,0.75,{}
2024-01-01 21:00:00,GBPUSD,SignalType.SELL,-1669036.9084161057,True,0.75,{}
2024-01-01 22:00:00,GBPUSD,SignalType.SELL,-143965.0514672462,True,0.75,{}
2024-01-01 23:00:00,GBPUSD,SignalType.SELL,-51007.718805940385,True,0.75,{}
2024-01-02 00:00:00,GBPUSD,SignalType.SELL,-486686.9747454518,True,0.75,{}
2024-01-02 01:00:00,GBPUSD,SignalType.SELL,-14176.861517784118,True,0.75,{}
2024-01-02 02:00:00,GBPUSD,SignalType.SELL,-415452.8495257364,True,0.75,{}
2024-01-02 03:00:00,GBPUSD,SignalType.SELL,14876.706562777144,False,0.75,{}
2024-01-02 04:00:00,GBPUSD,SignalType.BUY,1564679.4878590151,True,0.75,{}
2024-01-02 05:00:00,GBPUSD,SignalType.BUY,638589.951939457,True,0.75,{}
2024-01-02 06:00:00,GBPUSD,SignalType.BUY,-994975.7385467052,False,0.75,{}
2024-01-02 07:00:00,GBPUSD,SignalType.SELL,-3931.765793929003,True,0.75,{}
2024-01-02 08:00:00,GBPUSD,SignalType.BUY,611313.3514114497,True,0.75,{}
2024-01-02 09:00:00,GBPUSD,SignalType.BUY,737464.6141659389,True,0.75,{}
2024-01-02 10:00:00,GBPUSD,SignalType.BUY,-329212.9029555736,False,0.75,{}
2024-01-02 11:00:00,GBPUSD,SignalType.SELL,-144527.86398811382,True,0.75,{}
2024-01-02 12:00:00,GBPUSD,SignalType.SELL,-77961.6361796991,True,0.75,{}
2024-01-02 13:00:00,GBPUSD,SignalType.SELL,372082.3928406622,False,0.75,{}
2024-01-02 14:00:00,GBPUSD,SignalType.BUY,56644.99408405504,True,0.75,{}
2024-01-02 15:00:00,GBPUSD,SignalType.BUY,-494869.1564867255,False,0.75,{}
2024-01-02 16:00:00,GBPUSD,SignalType.SELL,-539871.7744376819,True,0.75,{}
2024-01-02 17:00:00,GBPUSD,SignalType.SELL,-71124.4776033476,True,0.75,{}
2024-01-02 18:00:00,GBPUSD,SignalType.SELL,-369407.4759717745,True,0.75,{}
2024-01-02 19:00:00,GBPUSD,SignalType.SELL,-245091.38067884577,True,0.75,{}
2024-01-02 20:00:00,GBPUSD,SignalType.SELL,-818897.4908939053,True,0.75,{}
2024-01-02 21:00:00,GBPUSD,SignalType.SELL,-339874.5922217631,True,0.75,{}
2024-01-02 22:00:00,GBPUSD,SignalType.SELL,-599979.8457396833,True,0.75,{}
2024-01-02 23:00:00,GBPUSD,SignalType.SELL,-205144.95858305396,True,0.75,{}
2024-01-03 00:00:00,GBPUSD,SignalType.SELL,-166641.29175897868,True,0.75,{}
2024-01-03 01:00:00,GBPUSD,SignalType.SELL,112586.83126725827,False,0.75,{}
2024-01-03 02:00:00,GBPUSD,SignalType.BUY,371731.00990069204,True,0.75,{}
2024-01-03 03:00:00,GBPUSD,SignalType.BUY,336774.59399699955,True,0.75,{}
2024-01-03 04:00:00,GBPUSD,SignalType.BUY,923900.6020583281,True,0.75,{}
2024-01-03 05:00:00,GBPUSD,SignalType.BUY,-498946.5488883468,False,0.75,{}
2024-01-03 06:00:00,GBPUSD,SignalType.SELL,50205.52224322273,False,0.75,{}
2024-01-03 07:00:00,GBPUSD,SignalType.BUY,718119.540342891,True,0.75,{}
2024-01-03 08:00:00,GBPUSD,SignalType.BUY,959073.8455685227,True,0.75,{}
2024-01-03 09:00:00,GBPUSD,SignalType.BUY,-440709.9855935161,False,0.75,{}
2024-01-03 10:00:00,GBPUSD,SignalType.SELL,-594611.6590570204,True,0.75,{}
2024-01-03 11:00:00,GBPUSD,SignalType.SELL,86861.54136383606,False,0.75,{}
2024-01-03 12:00:00,GBPUSD,SignalType.BUY,-244030.60484083995,False,0.75,{}
2024-01-03 13:00:00,GBPUSD,SignalType.SELL,24891.07350565632,False,0.75,{}
2024-01-03 14:00:00,GBPUSD,SignalType.BUY,213156.46664547216,True,0.75,{}
2024-01-03 15:00:00,GBPUSD,SignalType.BUY,338113.18899775983,True,0.75,{}
2024-01-03 16:00:00,GBPUSD,SignalType.BUY,-164207.71461435265,False,0.75,{}
2024-01-03 17:00:00,GBPUSD,SignalType.SELL,-301507.37345596665,True,0.75,{}
2024-01-03 18:00:00,GBPUSD,SignalType.SELL,161257.72734696284,False,0.75,{}
2024-01-03 19:00:00,GBPUSD,SignalType.BUY,-844660.3287854327,False,0.75,{}
2024-01-03 20:00:00,GBPUSD,SignalType.SELL,357501.7175131541,False,0.75,{}
2024-01-03 21:00:00,GBPUSD,SignalType.BUY,-238276.60539334148,False,0.75,{}
2024-01-03 22:00:00,GBPUSD,SignalType.SELL,910828.9311334215,False,0.75,{}
2024-01-03 23:00:00,GBPUSD,SignalType.BUY,-693135.3087061791,False,0.75,{}
2024-01-04 00:00:00,GBPUSD,SignalType.SELL,84654.90773058377,False,0.75,{}
2024-01-04 01:00:00,GBPUSD,SignalType.BUY,-104386.05928321408,False,0.75,{}
2024-01-04 02:00:00,GBPUSD,SignalType.SELL,-1102700.1072365523,True,0.75,{}
2024-01-04 03:00:00,GBPUSD,SignalType.SELL,-73766.61738566667,True,0.75,{}
2024-01-04 04:00:00,GBPUSD,SignalType.SELL,492194.04776074155,False,0.75,{}
2024-01-04 05:00:00,GBPUSD,SignalType.BUY,-621892.22832552,False,0.75,{}
2024-01-04 06:00:00,GBPUSD,SignalType.SELL,-488902.3510196978,True,0.75,{}
2024-01-04 07:00:00,GBPUSD,SignalType.SELL,-704209.9356595508,True,0.75,{}
2024-01-04 08:00:00,GBPUSD,SignalType.SELL,-103076.60065671598,True,0.75,{}
2024-01-04 09:00:00,GBPUSD,SignalType.SELL,274754.4411842,False,0.75,{}
2024-01-04 10:00:00,GBPUSD,SignalType.BUY,217163.29438535922,True,0.75,{}
2024-01-04 11:00:00,GBPUSD,SignalType.BUY,212685.3333944905,True,0.75,{}
2024-01-04 12:00:00,GBPUSD,SignalType.BUY,-593038.272674413,False,0.75,{}
2024-01-04 13:00:00,GBPUSD,SignalType.SELL,-294092.30126198847,True,0.75,{}
2024-01-04 14:00:00,GBPUSD,SignalType.SELL,375878.6374667852,False,0.75,{}
2024-01-04 15:00:00,GBPUSD,SignalType.BUY,628728.9058704277,True,0.75,{}
2024-01-04 16:00:00,GBPUSD,SignalType.BUY,-859380.5103845943,False,0.75,{}
2024-01-04 17:00:00,GBPUSD,SignalType.SELL,-359817.2410801863,True,0.75,{}
2024-01-04 18:00:00,GBPUSD,SignalType.SELL,294931.6796822973,False,0.75,{}
2024-01-04 19:00:00,GBPUSD,SignalType.BUY,-122623.13122251953,False,0.75,{}
2024-01-04 20:00:00,GBPUSD,SignalType.SELL,342562.2490689875,False,0.75,{}
2024-01-04 21:00:00,GBPUSD,SignalType.BUY,123919.79738008445,True,0.75,{}
2024-01-04 22:00:00,GBPUSD,SignalType.BUY,154750.467011354,True,0.75,{}
2024-01-04 23:00:00,GBPUSD,SignalType.BUY,271683.258310087,True,0.75,{}
2024-01-05 00:00:00,GBPUSD,SignalType.BUY,231751.41285252039,True,0.75,{}
2024-01-05 01:00:00,GBPUSD,SignalType.BUY,-262751.24832451297,False,0.75,{}
2024-01-05 02:00:00,GBPUSD,SignalType.SELL,-183203.06862474125,True,0.75,{}
2024-01-05 03:00:00,GBPUSD,SignalType.SELL,-1270881.8994960757,True,0.75,{}
2024-01-05 04:00:00,GBPUSD,SignalType.SELL,-95473.24974802791,True,0.75,{}
2024-01-05 05:00:00,GBPUSD,SignalType.SELL,-69143.43557941834,True,0.75,{}
2024-01-05 06:00:00,GBPUSD,SignalType.SELL,254448.4144059004,False,0.75,{}
2024-01-05 07:00:00,GBPUSD,SignalType.BUY,-75877.94836446393,False,0.75,{}
2024-01-05 08:00:00,GBPUSD,SignalType.SELL,145781.94368468304,False,0.75,{}
2024-01-05 09:00:00,GBPUSD,SignalType.BUY,38572.44238097905,True,0.75,{}
2024-01-05 10:00:00,GBPUSD,SignalType.BUY,-11408.094577914198,False,0.75,{}
2024-01-05 11:00:00,GBPUSD,SignalType.BUY,847581.9926062218,True,0.75,{}
2024-01-05 12:00:00,GBPUSD,SignalType.BUY,662617.9980455402,True,0.75,{}
2024-01-05 13:00:00,GBPUSD,SignalType.BUY,324588.4902879891,True,0.75,{}
2024-01-05 14:00:00,GBPUSD,SignalType.BUY,175483.0833599408,True,0.75,{}
2024-01-05 15:00:00,GBPUSD,SignalType.BUY,-93813.834995766,False,0.75,{}
2024-01-05 16:00:00,GBPUSD,SignalType.SELL,277333.74925540376,False,0.75,{}
2024-01-05 17:00:00,GBPUSD,SignalType.BUY,-205822.5737304008,False,0.75,{}
2024-01-05 18:00:00,GBPUSD,SignalType.SELL,-427121.92172174354,True,0.75,{}
2024-01-05 19:00:00,GBPUSD,SignalType.SELL,84058.3804049902,False,0.75,{}
2024-01-05 20:00:00,GBPUSD,SignalType.BUY,488183.18646027934,True,0.75,{}
2024-01-05 21:00:00,GBPUSD,SignalType.BUY,-20192.952917906267,False,0.75,{}
2024-01-05 22:00:00,GBPUSD,SignalType.SELL,-1188532.1043621183,True,0.75,{}
2024-01-05 23:00:00,GBPUSD,SignalType.SELL,303204.80635822605,False,0.75,{}
2024-01-06 00:00:00,GBPUSD,SignalType.BUY,94603.9468453273,True,0.75,{}
2024-01-06 01:00:00,GBPUSD,SignalType.BUY,-160932.86094841914,False,0.75,{}
2024-01-06 02:00:00,GBPUSD,SignalType.SELL,-160525.13520833486,True,0.75,{}
2024-01-06 03:00:00,GBPUSD,SignalType.SELL,294501.4937893575,False,0.75,{}
2024-01-06 04:00:00,GBPUSD,SignalType.BUY,-1038808.6368559505,False,0.75,{}
2024-01-06 05:00:00,GBPUSD,SignalType.SELL,769887.6501488939,False,0.75,{}
2024-01-06 06:00:00,GBPUSD,SignalType.BUY,-73172.81787476645,False,0.75,{}
2024-01-06 07:00:00,GBPUSD,SignalType.SELL,-90139.90545790648,True,0.75,{}
2024-01-06 08:00:00,GBPUSD,SignalType.SELL,-865922.8976595546,True,0.75,{}
2024-01-06 09:00:00,GBPUSD,SignalType.SELL,-697271.0155137338,True,0.75,{}
2024-01-06 10:00:00,GBPUSD,SignalType.SELL,-285512.10792437586,True,0.75,{}
2024-01-06 11:00:00,GBPUSD,SignalType.SELL,71285.22078115112,False,0.75,{}
2024-01-06 12:00:00,GBPUSD,SignalType.BUY,-875242.2454902921,False,0.75,{}
2024-01-06 13:00:00,GBPUSD,SignalType.SELL,-205186.66132292539,True,0.75,{}
2024-01-06 14:00:00,GBPUSD,SignalType.SELL,484197.05166346603,False,0.75,{}
2024-01-06 15:00:00,GBPUSD,SignalType.BUY,-496.360365880264,False,0.75,{}
2024-01-06 16:00:00,GBPUSD,SignalType.BUY,-499938.85971014836,False,0.75,{}
2024-01-06 17:00:00,GBPUSD,SignalType.SELL,92053.77005375794,False,0.75,{}
2024-01-06 18:00:00,GBPUSD,SignalType.BUY,-204270.36866557956,False,0.75,{}
2024-01-06 19:00:00,GBPUSD,SignalType.SELL,-441094.3169820507,True,0.75,{}
2024-01-06 20:00:00,GBPUSD,SignalType.SELL,51197.6569086346,False,0.75,{}
2024-01-06 21:00:00,GBPUSD,SignalType.BUY,-446567.9380882989,False,0.75,{}
2024-01-06 22:00:00,GBPUSD,SignalType.SELL,300072.3658240736,False,0.75,{}
2024-01-06 23:00:00,GBPUSD,SignalType.BUY,278543.8398232509,True,0.75,{}
2024-01-07 00:00:00,GBPUSD,SignalType.BUY,-392628.0697669722,False,0.75,{}
2024-01-07 01:00:00,GBPUSD,SignalType.SELL,502274.51631285704,False,0.75,{}
2024-01-07 02:00:00,GBPUSD,SignalType.BUY,1626908.9891414011,True,0.75,{}
2024-01-07 03:00:00,GBPUSD,SignalType.BUY,470862.15076319943,True,0.75,{}
2024-01-07 04:00:00,GBPUSD,SignalType.BUY,-618750.4570142027,False,0.75,{}
2024-01-07 05:00:00,GBPUSD,SignalType.SELL,-513010.44444733404,True,0.75,{}
2024-01-07 06:00:00,GBPUSD,SignalType.SELL,388489.49326758203,False,0.75,{}
2024-01-07 07:00:00,GBPUSD,SignalType.BUY,-154112.91126089508,False,0.75,{}
2024-01-07 08:00:00,GBPUSD,SignalType.SELL,-455132.60878349,True,0.75,{}
2024-01-07 09:00:00,GBPUSD,SignalType.SELL,230996.9157179944,False,0.75,{}
2024-01-07 10:00:00,GBPUSD,SignalType.BUY,247570.99916994775,True,0.75,{}
2024-01-07 11:00:00,GBPUSD,SignalType.BUY,183922.03471093354,True,0.75,{}
2024-01-07 12:00:00,GBPUSD,SignalType.BUY,377662.44481963327,True,0.75,{}
2024-01-07 13:00:00,GBPUSD,SignalType.BUY,-68945.89641805396,False,0.75,{}
2024-01-07 14:00:00,GBPUSD,SignalType.SELL,-516461.8830035522,True,0.75,{}
2024-01-07 15:00:00,GBPUSD,SignalType.SELL,-286416.18955997727,True,0.75,{}
2024-01-07 16:00:00,GBPUSD,SignalType.SELL,-1247969.768878272,True,0.75,{}
2024-01-07 17:00:00,GBPUSD,SignalType.SELL,-295333.42779376655,True,0.75,{}
2024-01-07 18:00:00,GBPUSD,SignalType.SELL,-221263.63671197396,True,0.75,{}
2024-01-07 19:00:00,GBPUSD,SignalType.SELL,155912.2835564699,False,0.75,{}
2024-01-07 20:00:00,GBPUSD,SignalType.BUY,268564.14214701316,True,0.75,{}
2024-01-07 21:00:00,GBPUSD,SignalType.BUY,795747.1835321303,True,0.75,{}
2024-01-07 22:00:00,GBPUSD,SignalType.BUY,610938.9687713201,True,0.75,{}
2024-01-07 23:00:00,GBPUSD,SignalType.BUY,422091.6047017363,True,0.75,{}
2024-01-08 00:00:00,GBPUSD,SignalType.BUY,-210360.6065241979,False,0.75,{}
2024-01-08 01:00:00,GBPUSD,SignalType.SELL,-55425.1759920362,True,0.75,{}
2024-01-08 02:00:00,GBPUSD,SignalType.SELL,-149723.61888999102,True,0.75,{}
2024-01-08 03:00:00,GBPUSD,SignalType.SELL,806860.5456991111,False,0.75,{}
2024-01-08 04:00:00,GBPUSD,SignalType.BUY,-1291.5657834923877,False,0.75,{}
2024-01-08 05:00:00,GBPUSD,SignalType.BUY,-991946.2519980482,False,0.75,{}
2024-01-08 06:00:00,GBPUSD,SignalType.SELL,-507191.58565575525,True,0.75,{}
2024-01-08 07:00:00,GBPUSD,SignalType.SELL,-19944.64072422261,True,0.75,{}
2024-01-08 08:00:00,GBPUSD,SignalType.BUY,-116982.12746060107,False,0.75,{}
2024-01-08 09:00:00,GBPUSD,SignalType.SELL,222604.71257495965,False,0.75,{}
2024-01-08 10:00:00,GBPUSD,SignalType.BUY,-356162.65728397365,False,0.75,{}
2024-01-08 11:00:00,GBPUSD,SignalType.SELL,1297174.645412124,False,0.75,{}
2024-01-08 12:00:00,GBPUSD,SignalType.BUY,43608.271276946194,True,0.75,{}
2024-01-08 13:00:00,GBPUSD,SignalType.BUY,296507.362301295,True,0.75,{}
2024-01-08 14:00:00,GBPUSD,SignalType.BUY,-216465.94743222068,False,0.75,{}
2024-01-08 15:00:00,GBPUSD,SignalType.SELL,125214.6192393775,False,0.75,{}
2024-01-08 16:00:00,GBPUSD,SignalType.BUY,-509778.1356672294,False,0.75,{}
2024-01-08 17:00:00,GBPUSD,SignalType.SELL,190126.89166926977,False,0.75,{}
2024-01-08 18:00:00,GBPUSD,SignalType.BUY,59272.35352770594,True,0.75,{}
2024-01-08 19:00:00,GBPUSD,SignalType.BUY,644279.0770483316,True,0.75,{}
2024-01-08 20:00:00,GBPUSD,SignalType.BUY,-716875.8809184715,False,0.75,{}
2024-01-08 21:00:00,GBPUSD,SignalType.SELL,162669.41418479974,False,0.75,{}
2024-01-08 22:00:00,GBPUSD,SignalType.BUY,-77653.80147122641,False,0.75,{}
2024-01-08 23:00:00,GBPUSD,SignalType.SELL,547477.764051481,False,0.75,{}
2024-01-09 00:00:00,GBPUSD,SignalType.BUY,-246219.47214464057,False,0.75,{}
2024-01-09 01:00:00,GBPUSD,SignalType.SELL,161466.76857165858,False,0.75,{}
2024-01-09 02:00:00,GBPUSD,SignalType.BUY,-1068330.690867749,False,0.75,{}
2024-01-09 03:00:00,GBPUSD,SignalType.SELL,-441622.8144346542,True,0.75,{}
2024-01-09 04:00:00,GBPUSD,SignalType.SELL,-558217.2762961613,True,0.75,{}
2024-01-09 05:00:00,GBPUSD,SignalType.SELL,-15173.024454129518,True,0.75,{}
2024-01-09 06:00:00,GBPUSD,SignalType.BUY,341241.02734264627,True,0.75,{}
2024-01-09 07:00:00,GBPUSD,SignalType.BUY,659708.3129885823,True,0.75,{}
2024-01-09 08:00:00,GBPUSD,SignalType.BUY,555592.9072630419,True,0.75,{}
2024-01-09 09:00:00,GBPUSD,SignalType.BUY,-379926.11118992954,False,0.75,{}
2024-01-09 10:00:00,GBPUSD,SignalType.SELL,474829.12368805957,False,0.75,{}
2024-01-09 11:00:00,GBPUSD,SignalType.BUY,-170140.67731726074,False,0.75,{}
2024-01-09 12:00:00,GBPUSD,SignalType.SELL,-121125.30974612127,True,0.75,{}
2024-01-09 13:00:00,GBPUSD,SignalType.SELL,-252714.5172512428,True,0.75,{}
2024-01-09 14:00:00,GBPUSD,SignalType.SELL,-321316.82071403245,True,0.75,{}
2024-01-09 15:00:00,GBPUSD,SignalType.SELL,-131334.03659242732,True,0.75,{}
2024-01-09 16:00:00,GBPUSD,SignalType.SELL,-774025.8189751921,True,0.75,{}
2024-01-09 17:00:00,GBPUSD,SignalType.SELL,360289.81349652895,False,0.75,{}
2024-01-09 18:00:00,GBPUSD,SignalType.BUY,138810.39060908734,True,0.75,{}
2024-01-09 19:00:00,GBPUSD,SignalType.BUY,582342.1112420555,True,0.75,{}
2024-01-09 20:00:00,GBPUSD,SignalType.BUY,423451.2984819139,True,0.75,{}
2024-01-09 21:00:00,GBPUSD,SignalType.BUY,-401195.7006753209,False,0.75,{}
2024-01-09 22:00:00,GBPUSD,SignalType.SELL,515917.9758004143,False,0.75,{}
2024-01-09 23:00:00,GBPUSD,SignalType.BUY,-304494.45521521964,False,0.75,{}
2024-01-10 00:00:00,GBPUSD,SignalType.SELL,-566559.4292977016,True,0.75,{}
2024-01-10 01:00:00,GBPUSD,SignalType.SELL,277369.06685741135,False,0.75,{}
2024-01-10 02:00:00,GBPUSD,SignalType.BUY,82345.28537272809,True,0.75,{}
2024-01-10 03:00:00,GBPUSD,SignalType.BUY,1133406.5291771332,True,0.75,{}
2024-01-10 04:00:00,GBPUSD,SignalType.BUY,-173754.18082582884,False,0.75,{}
2024-01-10 05:00:00,GBPUSD,SignalType.SELL,-48504.89063929558,True,0.75,{}
2024-01-10 06:00:00,GBPUSD,SignalType.SELL,394223.498559719,False,0.75,{}
2024-01-10 07:00:00,GBPUSD,SignalType.BUY,178202.26740947532,True,0.75,{}
2024-01-10 08:00:00,GBPUSD,SignalType.BUY,508697.49080391217,True,0.75,{}
2024-01-10 09:00:00,GBPUSD,SignalType.BUY,-871044.5842567435,False,0.75,{}
2024-01-10 10:00:00,GBPUSD,SignalType.SELL,-687742.6079127326,True,0.75,{}
2024-01-10 11:00:00,GBPUSD,SignalType.SELL,983901.3394821131,False,0.75,{}
2024-01-10 12:00:00,GBPUSD,SignalType.BUY,570510.2209016036,True,0.75,{}
2024-01-10 13:00:00,GBPUSD,SignalType.BUY,171083.73034220678,True,0.75,{}
2024-01-10 14:00:00,GBPUSD,SignalType.BUY,321343.85703428165,True,0.75,{}
2024-01-10 15:00:00,GBPUSD,SignalType.BUY,446890.81905587047,True,0.75,{}
2024-01-10 16:00:00,GBPUSD,SignalType.BUY,47786.32785927016,True,0.75,{}
2024-01-10 17:00:00,GBPUSD,SignalType.BUY,-475611.2334410341,False,0.75,{}
2024-01-10 18:00:00,GBPUSD,SignalType.SELL,59224.59474157563,False,0.75,{}
2024-01-10 19:00:00,GBPUSD,SignalType.BUY,-1893946.8733519255,False,0.75,{}
2024-01-10 20:00:00,GBPUSD,SignalType.SELL,-339438.0206078745,True,0.75,{}
2024-01-10 21:00:00,GBPUSD,SignalType.SELL,427956.4922490408,False,0.75,{}
2024-01-10 22:00:00,GBPUSD,SignalType.BUY,284547.4436186146,True,0.75,{}
2024-01-10 23:00:00,GBPUSD,SignalType.BUY,41834.60952564587,True,0.75,{}
2024-01-11 00:00:00,GBPUSD,SignalType.BUY,793741.0720363755,True,0.75,{}
2024-01-11 01:00:00,GBPUSD,SignalType.BUY,109466.61345993448,True,0.75,{}
2024-01-11 02:00:00,GBPUSD,SignalType.BUY,-360838.3518048447,False,0.75,{}
2024-01-11 03:00:00,GBPUSD,SignalType.SELL,346866.2425360105,False,0.75,{}
2024-01-11 04:00:00,GBPUSD,SignalType.BUY,187614.37646441322,True,0.75,{}
2024-01-11 05:00:00,GBPUSD,SignalType.BUY,38245.51414945518,True,0.75,{}
2024-01-11 06:00:00,GBPUSD,SignalType.BUY,205305.06335965468,True,0.75,{}
2024-01-11 07:00:00,GBPUSD,SignalType.BUY,-731865.1918459352,False,0.75,{}
2024-01-11 08:00:00,GBPUSD,SignalType.SELL,-95339.88064022196,True,0.75,{}
2024-01-11 09:00:00,GBPUSD,SignalType.SELL,143480.50812149153,False,0.75,{}
2024-01-11 10:00:00,GBPUSD,SignalType.BUY,1241760.3260318856,True,0.75,{}
2024-01-11 11:00:00,GBPUSD,SignalType.BUY,328819.8826213636,True,0.75,{}
2024-01-11 12:00:00,GBPUSD,SignalType.BUY,276476.71661548427,True,0.75,{}
2024-01-11 13:00:00,GBPUSD,SignalType.BUY,-5311.368669177909,False,0.75,{}
2024-01-11 14:00:00,GBPUSD,SignalType.BUY,1409456.2922941758,True,0.75,{}
2024-01-11 15:00:00,GBPUSD,SignalType.BUY,-136902.10891610265,False,0.75,{}
2024-01-11 16:00:00,GBPUSD,SignalType.SELL,105952.07759325148,False,0.75,{}
2024-01-11 17:00:00,GBPUSD,SignalType.BUY,-383032.59472728655,False,0.75,{}
2024-01-11 18:00:00,GBPUSD,SignalType.SELL,211487.3655550207,False,0.75,{}
2024-01-11 19:00:00,GBPUSD,SignalType.BUY,-194475.84978255918,False,0.75,{}
2024-01-11 20:00:00,GBPUSD,SignalType.SELL,128339.3398603846,False,0.75,{}
2024-01-11 21:00:00,GBPUSD,SignalType.BUY,-190893.58039513626,False,0.75,{}
2024-01-11 22:00:00,GBPUSD,SignalType.SELL,47124.57912214518,False,0.75,{}
2024-01-11 23:00:00,GBPUSD,SignalType.BUY,-196034.59003557079,False,0.75,{}
2024-01-12 00:00:00,GBPUSD,SignalType.SELL,-55108.97860730893,True,0.75,{}
2024-01-12 01:00:00,GBPUSD,SignalType.SELL,-698284.4996921323,True,0.75,{}
2024-01-12 02:00:00,GBPUSD,SignalType.SELL,155201.87900385621,False,0.75,{}
2024-01-12 03:00:00,GBPUSD,SignalType.BUY,-252883.5192558438,False,0.75,{}
2024-01-12 04:00:00,GBPUSD,SignalType.SELL,-69324.85173724558,True,0.75,{}
2024-01-12 05:00:00,GBPUSD,SignalType.SELL,-163059.51729484604,True,0.75,{}
2024-01-12 06:00:00,GBPUSD,SignalType.SELL,82015.88924893827,False,0.75,{}
2024-01-12 07:00:00,GBPUSD,SignalType.BUY,87153.61222365232,True,0.75,{}
2024-01-12 08:00:00,GBPUSD,SignalType.BUY,1067701.6872685498,True,0.75,{}
2024-01-12 09:00:00,GBPUSD,SignalType.BUY,137881.80513548126,True,0.75,{}
2024-01-12 10:00:00,GBPUSD,SignalType.BUY,435219.2820453274,True,0.75,{}
2024-01-12 11:00:00,GBPUSD,SignalType.BUY,-634230.5726835298,False,0.75,{}
2024-01-12 12:00:00,GBPUSD,SignalType.SELL,-50125.432138678436,True,0.75,{}
2024-01-12 13:00:00,GBPUSD,SignalType.SELL,64041.657286476264,False,0.75,{}
2024-01-12 14:00:00,GBPUSD,SignalType.BUY,315219.422160269,True,0.75,{}
2024-01-12 15:00:00,GBPUSD,SignalType.BUY,-150092.06914187758,False,0.75,{}
2024-01-12 16:00:00,GBPUSD,SignalType.SELL,470777.71275820624,False,0.75,{}
2024-01-12 17:00:00,GBPUSD,SignalType.BUY,-231974.24050842074,False,0.75,{}
2024-01-12 18:00:00,GBPUSD,SignalType.SELL,-442053.7041118155,True,0.75,{}
2024-01-12 19:00:00,GBPUSD,SignalType.SELL,846129.9648485681,False,0.75,{}
2024-01-12 20:00:00,GBPUSD,SignalType.BUY,675812.2423495434,True,0.75,{}
2024-01-12 21:00:00,GBPUSD,SignalType.BUY,462323.06030754786,True,0.75,{}
2024-01-12 22:00:00,GBPUSD,SignalType.BUY,-250156.7723877247,False,0.75,{}
2024-01-12 23:00:00,GBPUSD,SignalType.SELL,-430576.75110281137,True,0.75,{}
2024-01-13 00:00:00,GBPUSD,SignalType.SELL,166798.64976619,False,0.75,{}
2024-01-13 01:00:00,GBPUSD,SignalType.BUY,-122350.7763505927,False,0.75,{}
2024-01-13 02:00:00,GBPUSD,SignalType.SELL,159422.63369681087,False,0.75,{}
2024-01-13 03:00:00,GBPUSD,SignalType.BUY,965274.1211933977,True,0.75,{}
2024-01-13 04:00:00,GBPUSD,SignalType.BUY,-183139.88419866917,False,0.75,{}
2024-01-13 05:00:00,GBPUSD,SignalType.SELL,-8549.29686065418,True,0.75,{}
2024-01-13 06:00:00,GBPUSD,SignalType.BUY,164289.49215973204,True,0.75,{}
2024-01-13 07:00:00,GBPUSD,SignalType.BUY,728998.9552930257,True,0.75,{}
2024-01-13 08:00:00,GBPUSD,SignalType.BUY,-619222.7551681264,False,0.75,{}
2024-01-13 09:00:00,GBPUSD,SignalType.SELL,309376.17343176954,False,0.75,{}
2024-01-13 10:00:00,GBPUSD,SignalType.BUY,-837267.4410177603,False,0.75,{}
2024-01-13 11:00:00,GBPUSD,SignalType.SELL,-99167.04163184874,True,0.75,{}
2024-01-13 12:00:00,GBPUSD,SignalType.SELL,5090.327209009615,False,0.75,{}
2024-01-13 13:00:00,GBPUSD,SignalType.BUY,145721.86083778946,True,0.75,{}
2024-01-13 14:00:00,GBPUSD,SignalType.BUY,816105.0755499429,True,0.75,{}
2024-01-13 15:00:00,GBPUSD,SignalType.BUY,27787.497115996302,True,0.75,{}
2024-01-13 16:00:00,GBPUSD,SignalType.BUY,581284.2108416766,True,0.75,{}
2024-01-13 17:00:00,GBPUSD,SignalType.BUY,-446243.88564533094,False,0.75,{}
2024-01-13 18:00:00,GBPUSD,SignalType.SELL,-401631.8723449888,True,0.75,{}
2024-01-13 19:00:00,GBPUSD,SignalType.SELL,-203618.53261411,True,0.75,{}
2024-01-13 20:00:00,GBPUSD,SignalType.SELL,-125487.54542705865,True,0.75,{}
2024-01-13 21:00:00,GBPUSD,SignalType.SELL,-356498.5074060183,True,0.75,{}
2024-01-13 22:00:00,GBPUSD,SignalType.SELL,-507842.7930826081,True,0.75,{}
2024-01-13 23:00:00,GBPUSD,SignalType.SELL,-89679.46134308363,True,0.75,{}
2024-01-14 00:00:00,GBPUSD,SignalType.SELL,89172.89276859834,False,0.75,{}
2024-01-14 01:00:00,GBPUSD,SignalType.BUY,146376.56764052564,True,0.75,{}
2024-01-14 02:00:00,GBPUSD,SignalType.BUY,10176.580259276307,True,0.75,{}
2024-01-14 03:00:00,GBPUSD,SignalType.BUY,-362080.16889480007,False,0.75,{}
2024-01-14 04:00:00,GBPUSD,SignalType.SELL,-46427.029136064,True,0.75,{}
2024-01-14 05:00:00,GBPUSD,SignalType.SELL,92916.44182310393,False,0.75,{}
2024-01-14 06:00:00,GBPUSD,SignalType.BUY,90988.59051613204,True,0.75,{}
2024-01-14 07:00:00,GBPUSD,SignalType.BUY,410203.60976951563,True,0.75,{}
2024-01-14 08:00:00,GBPUSD,SignalType.BUY,83962.64385721963,True,0.75,{}
2024-01-14 09:00:00,GBPUSD,SignalType.BUY,357864.95857393165,True,0.75,{}
2024-01-14 10:00:00,GBPUSD,SignalType.BUY,-277439.0369196834,False,0.75,{}
2024-01-14 11:00:00,GBPUSD,SignalType.SELL,1478600.9533860744,False,0.75,{}
2024-01-14 12:00:00,GBPUSD,SignalType.BUY,157503.9254449223,True,0.75,{}
2024-01-14 13:00:00,GBPUSD,SignalType.BUY,-635919.7189084819,False,0.75,{}
2024-01-14 14:00:00,GBPUSD,SignalType.SELL,116741.79703837978,False,0.75,{}
2024-01-14 15:00:00,GBPUSD,SignalType.BUY,505851.31564876006,True,0.75,{}
2024-01-14 16:00:00,GBPUSD,SignalType.BUY,-374415.69403429073,False,0.75,{}
2024-01-14 17:00:00,GBPUSD,SignalType.SELL,108243.17119114369,False,0.75,{}
2024-01-14 18:00:00,GBPUSD,SignalType.BUY,291286.61698649864,True,0.75,{}
2024-01-14 19:00:00,GBPUSD,SignalType.BUY,489386.861891997,True,0.75,{}
2024-01-14 20:00:00,GBPUSD,SignalType.BUY,-83996.3214217471,False,0.75,{}
2024-01-14 21:00:00,GBPUSD,SignalType.SELL,285430.3031904922,False,0.75,{}
2024-01-14 22:00:00,GBPUSD,SignalType.BUY,-471789.89414123265,False,0.75,{}
2024-01-14 23:00:00,GBPUSD,SignalType.SELL,-429907.4622142217,True,0.75,{}
2024-01-15 00:00:00,GBPUSD,SignalType.SELL,438024.2886595619,False,0.75,{}
2024-01-15 01:00:00,GBPUSD,SignalType.BUY,288150.1962647582,True,0.75,{}
2024-01-15 02:00:00,GBPUSD,SignalType.BUY,-222093.2633855773,False,0.75,{}
2024-01-15 03:00:00,GBPUSD,SignalType.SELL,46483.23670546347,False,0.75,{}
2024-01-15 04:00:00,GBPUSD,SignalType.BUY,597280.8683663834,True,0.75,{}
2024-01-15 05:00:00,GBPUSD,SignalType.BUY,321484.11761189776,True,0.75,{}
2024-01-15 06:00:00,GBPUSD,SignalType.BUY,-929883.0099713126,False,0.75,{}
2024-01-15 07:00:00,GBPUSD,SignalType.SELL,589812.7184751644,False,0.75,{}
2024-01-15 08:00:00,GBPUSD,SignalType.BUY,639251.7343414158,True,0.75,{}
2024-01-15 09:00:00,GBPUSD,SignalType.BUY,572216.6948419232,True,0.75,{}
2024-01-15 10:00:00,GBPUSD,SignalType.BUY,-72709.56652113739,False,0.75,{}
2024-01-15 11:00:00,GBPUSD,SignalType.SELL,-241181.32529919522,True,0.75,{}
2024-01-15 12:00:00,GBPUSD,SignalType.SELL,271590.70540109737,False,0.75,{}
2024-01-15 13:00:00,GBPUSD,SignalType.BUY,304995.6303549745,True,0.75,{}
2024-01-15 14:00:00,GBPUSD,SignalType.BUY,-454179.7654063967,False,0.75,{}
2024-01-15 15:00:00,GBPUSD,SignalType.SELL,-154649.46076974896,True,0.75,{}
2024-01-15 16:00:00,GBPUSD,SignalType.SELL,297052.0264430553,False,0.75,{}
2024-01-15 17:00:00,GBPUSD,SignalType.BUY,1071967.8455621006,True,0.75,{}
2024-01-15 18:00:00,GBPUSD,SignalType.BUY,-140955.33378412583,False,0.75,{}
2024-01-15 19:00:00,GBPUSD,SignalType.SELL,-340883.707246573,True,0.75,{}
2024-01-15 20:00:00,GBPUSD,SignalType.SELL,-232111.05732514575,True,0.75,{}
2024-01-15 21:00:00,GBPUSD,SignalType.SELL,-74871.26180022366,True,0.75,{}
2024-01-15 22:00:00,GBPUSD,SignalType.SELL,-21886.93102265681,True,0.75,{}
2024-01-15 23:00:00,GBPUSD,SignalType.SELL,-2712.7800799388524,True,0.75,{}
2024-01-16 00:00:00,GBPUSD,SignalType.SELL,-120905.70844730437,True,0.75,{}
2024-01-16 01:00:00,GBPUSD,SignalType.SELL,157958.78529983695,False,0.75,{}
2024-01-16 02:00:00,GBPUSD,SignalType.BUY,802018.9025340975,True,0.75,{}
2024-01-16 03:00:00,GBPUSD,SignalType.BUY,-88510.96352387716,False,0.75,{}
2024-01-16 04:00:00,GBPUSD,SignalType.SELL,889314.4245166649,False,0.75,{}
2024-01-16 05:00:00,GBPUSD,SignalType.BUY,-295269.67881043843,False,0.75,{}
2024-01-16 06:00:00,GBPUSD,SignalType.SELL,-379928.7384327972,True,0.75,{}
2024-01-16 07:00:00,GBPUSD,SignalType.SELL,-542855.7792305044,True,0.75,{}
2024-01-16 08:00:00,GBPUSD,SignalType.SELL,426057.66687847127,False,0.75,{}
2024-01-16 09:00:00,GBPUSD,SignalType.BUY,-439390.6820501491,False,0.75,{}
2024-01-16 10:00:00,GBPUSD,SignalType.SELL,-46285.25110632964,True,0.75,{}
2024-01-16 11:00:00,GBPUSD,SignalType.SELL,-281424.79161005036,True,0.75,{}
2024-01-16 12:00:00,GBPUSD,SignalType.SELL,-796283.0478572153,True,0.75,{}
2024-01-16 13:00:00,GBPUSD,SignalType.SELL,261630.7582432519,False,0.75,{}
2024-01-16 14:00:00,GBPUSD,SignalType.BUY,-73387.72835129916,False,0.75,{}
2024-01-16 15:00:00,GBPUSD,SignalType.SELL,423800.87903417036,False,0.75,{}
2024-01-16 16:00:00,GBPUSD,SignalType.BUY,700475.5266867324,True,0.75,{}
2024-01-16 17:00:00,GBPUSD,SignalType.BUY,-470659.1732556341,False,0.75,{}
2024-01-16 18:00:00,GBPUSD,SignalType.SELL,284994.7256257253,False,0.75,{}
2024-01-16 19:00:00,GBPUSD,SignalType.BUY,118488.99146396184,True,0.75,{}
2024-01-16 20:00:00,GBPUSD,SignalType.BUY,109829.63990465432,True,0.75,{}
2024-01-16 21:00:00,GBPUSD,SignalType.BUY,-408043.5586309897,False,0.75,{}
2024-01-16 22:00:00,GBPUSD,SignalType.SELL,233458.43062251163,False,0.75,{}
2024-01-16 23:00:00,GBPUSD,SignalType.BUY,-609044.9464884704,False,0.75,{}
2024-01-17 00:00:00,GBPUSD,SignalType.SELL,-725378.4503610892,True,0.75,{}
2024-01-17 01:00:00,GBPUSD,SignalType.SELL,246938.7408020731,False,0.75,{}
2024-01-17 02:00:00,GBPUSD,SignalType.BUY,-95093.5844361527,False,0.75,{}
2024-01-17 03:00:00,GBPUSD,SignalType.SELL,-169188.32447366582,True,0.75,{}
2024-01-17 04:00:00,GBPUSD,SignalType.SELL,508037.06718673086,False,0.75,{}
2024-01-17 05:00:00,GBPUSD,SignalType.BUY,-310416.4796898073,False,0.75,{}
2024-01-17 06:00:00,GBPUSD,SignalType.SELL,104233.98025986075,False,0.75,{}
2024-01-17 07:00:00,GBPUSD,SignalType.BUY,-53376.68440562368,False,0.75,{}
2024-01-17 08:00:00,GBPUSD,SignalType.SELL,657838.807584382,False,0.75,{}
2024-01-17 09:00:00,GBPUSD,SignalType.BUY,-116016.5560883243,False,0.75,{}
2024-01-17 10:00:00,GBPUSD,SignalType.SELL,315066.51804005046,False,0.75,{}
2024-01-17 11:00:00,GBPUSD,SignalType.BUY,714002.2030194753,True,0.75,{}
2024-01-17 12:00:00,GBPUSD,SignalType.BUY,309562.16034170566,True,0.75,{}
2024-01-17 13:00:00,GBPUSD,SignalType.BUY,270440.01684869017,True,0.75,{}
2024-01-17 14:00:00,GBPUSD,SignalType.BUY,-266967.2415783006,False,0.75,{}
2024-01-17 15:00:00,GBPUSD,SignalType.SELL,179862.4410865335,False,0.75,{}
2024-01-17 16:00:00,GBPUSD,SignalType.BUY,961508.3184547091,True,0.75,{}
2024-01-17 17:00:00,GBPUSD,SignalType.BUY,-2258.5526438845704,False,0.75,{}
2024-01-17 18:00:00,GBPUSD,SignalType.HOLD,-18590.702485676047,False,0.75,{}
2024-01-17 19:00:00,GBPUSD,SignalType.SELL,-624466.5164986277,True,0.75,{}
2024-01-17 20:00:00,GBPUSD,SignalType.SELL,-1003465.8751961986,True,0.75,{}
2024-01-17 21:00:00,GBPUSD,SignalType.SELL,945696.4273672097,False,0.75,{}
2024-01-17 22:00:00,GBPUSD,SignalType.BUY,1914.2863027441592,True,0.75,{}
2024-01-17 23:00:00,GBPUSD,SignalType.HOLD,106859.32024339096,False,0.75,{}
2024-01-18 00:00:00,GBPUSD,SignalType.BUY,10362.730177120768,True,0.75,{}
2024-01-18 01:00:00,GBPUSD,SignalType.BUY,252059.55526301565,True,0.75,{}
2024-01-18 02:00:00,GBPUSD,SignalType.BUY,105565.28089004644,True,0.75,{}
2024-01-18 03:00:00,GBPUSD,SignalType.BUY,160212.57721415226,True,0.75,{}
2024-01-18 04:00:00,GBPUSD,SignalType.BUY,-42539.66658217394,False,0.75,{}
2024-01-18 05:00:00,GBPUSD,SignalType.SELL,427669.5247254233,False,0.75,{}
2024-01-18 06:00:00,GBPUSD,SignalType.BUY,124649.12062297003,True,0.75,{}
2024-01-18 07:00:00,GBPUSD,SignalType.BUY,-352214.6976874268,False,0.75,{}
2024-01-18 08:00:00,GBPUSD,SignalType.SELL,1406928.9850085976,False,0.75,{}
2024-01-18 09:00:00,GBPUSD,SignalType.BUY,95641.02554827741,True,0.75,{}
2024-01-18 10:00:00,GBPUSD,SignalType.BUY,-142110.70942462242,False,0.75,{}
2024-01-18 11:00:00,GBPUSD,SignalType.SELL,-283587.66283372464,True,0.75,{}
2024-01-18 12:00:00,GBPUSD,SignalType.SELL,-161430.69080924022,True,0.75,{}
2024-01-18 13:00:00,GBPUSD,SignalType.SELL,-1428049.543411224,True,0.75,{}
2024-01-18 14:00:00,GBPUSD,SignalType.SELL,-22630.004197536095,True,0.75,{}
2024-01-18 15:00:00,GBPUSD,SignalType.SELL,980634.748113745,False,0.75,{}
2024-01-18 16:00:00,GBPUSD,SignalType.BUY,-202371.48123987054,False,0.75,{}
2024-01-18 17:00:00,GBPUSD,SignalType.SELL,530956.9034761561,False,0.75,{}
2024-01-18 18:00:00,GBPUSD,SignalType.BUY,420030.3379317518,True,0.75,{}
2024-01-18 19:00:00,GBPUSD,SignalType.BUY,695156.8834478781,True,0.75,{}
2024-01-18 20:00:00,GBPUSD,SignalType.BUY,-415710.6265577079,False,0.75,{}
2024-01-18 21:00:00,GBPUSD,SignalType.SELL,-1325249.3568802995,True,0.75,{}
2024-01-18 22:00:00,GBPUSD,SignalType.SELL,456392.21801907924,False,0.75,{}
2024-01-18 23:00:00,GBPUSD,SignalType.BUY,-867304.7033931374,False,0.75,{}
2024-01-19 00:00:00,GBPUSD,SignalType.SELL,114072.62292087011,False,0.75,{}
2024-01-19 01:00:00,GBPUSD,SignalType.BUY,886574.3709440536,True,0.75,{}
2024-01-19 02:00:00,GBPUSD,SignalType.BUY,51709.44423557671,True,0.75,{}
2024-01-19 03:00:00,GBPUSD,SignalType.BUY,-3899.802289881791,False,0.75,{}
2024-01-19 04:00:00,GBPUSD,SignalType.HOLD,58272.76637768591,False,0.75,{}
2024-01-19 05:00:00,GBPUSD,SignalType.BUY,140791.83272334374,True,0.75,{}
2024-01-19 06:00:00,GBPUSD,SignalType.BUY,-510646.38443123613,False,0.75,{}
2024-01-19 07:00:00,GBPUSD,SignalType.SELL,151790.06889308995,False,0.75,{}
2024-01-19 08:00:00,GBPUSD,SignalType.BUY,-465206.2548284377,False,0.75,{}
2024-01-19 09:00:00,GBPUSD,SignalType.SELL,-66590.26737891452,True,0.75,{}
2024-01-19 10:00:00,GBPUSD,SignalType.SELL,-213872.8541195627,True,0.75,{}
2024-01-19 11:00:00,GBPUSD,SignalType.SELL,231708.81913887456,False,0.75,{}
2024-01-19 12:00:00,GBPUSD,SignalType.BUY,-37981.590656047214,False,0.75,{}
2024-01-19 13:00:00,GBPUSD,SignalType.SELL,-252247.9540989525,True,0.75,{}
2024-01-19 14:00:00,GBPUSD,SignalType.SELL,-13372.017979251894,True,0.75,{}
2024-01-19 15:00:00,GBPUSD,SignalType.SELL,67416.17079015498,False,0.75,{}
2024-01-19 16:00:00,GBPUSD,SignalType.BUY,320756.1138428636,True,0.75,{}
2024-01-19 17:00:00,GBPUSD,SignalType.BUY,145308.8868944701,True,0.75,{}
2024-01-19 18:00:00,GBPUSD,SignalType.BUY,-125045.5724040438,False,0.75,{}
2024-01-19 19:00:00,GBPUSD,SignalType.SELL,280843.3329834742,False,0.75,{}
2024-01-19 20:00:00,GBPUSD,SignalType.BUY,94623.08400860507,True,0.75,{}
2024-01-19 21:00:00,GBPUSD,SignalType.BUY,-207574.7254676827,False,0.75,{}
2024-01-19 22:00:00,GBPUSD,SignalType.SELL,303865.9962039924,False,0.75,{}
2024-01-19 23:00:00,GBPUSD,SignalType.BUY,-288608.075181171,False,0.75,{}
2024-01-20 00:00:00,GBPUSD,SignalType.SELL,-284448.1908562409,True,0.75,{}
2024-01-20 01:00:00,GBPUSD,SignalType.SELL,-233339.72258209315,True,0.75,{}
2024-01-20 02:00:00,GBPUSD,SignalType.SELL,-325760.0432767731,True,0.75,{}
2024-01-20 03:00:00,GBPUSD,SignalType.SELL,130717.73714366571,False,0.75,{}
2024-01-20 04:00:00,GBPUSD,SignalType.BUY,-248110.2149162679,False,0.75,{}
2024-01-20 05:00:00,GBPUSD,SignalType.SELL,391881.699155257,False,0.75,{}
2024-01-20 06:00:00,GBPUSD,SignalType.BUY,706861.6953960028,True,0.75,{}
2024-01-20 07:00:00,GBPUSD,SignalType.BUY,16508.920664228695,True,0.75,{}
2024-01-20 08:00:00,GBPUSD,SignalType.BUY,537516.7204399321,True,0.75,{}
2024-01-20 09:00:00,GBPUSD,SignalType.BUY,-1051343.4117798659,False,0.75,{}
2024-01-20 10:00:00,GBPUSD,SignalType.SELL,657407.2786938782,False,0.75,{}
2024-01-20 11:00:00,GBPUSD,SignalType.BUY,32717.90505949781,True,0.75,{}
2024-01-20 12:00:00,GBPUSD,SignalType.BUY,552496.3580090343,True,0.75,{}
2024-01-20 13:00:00,GBPUSD,SignalType.BUY,25009.480921641512,True,0.75,{}
2024-01-20 14:00:00,GBPUSD,SignalType.BUY,85509.1469955289,True,0.75,{}
2024-01-20 15:00:00,GBPUSD,SignalType.BUY,-865360.343139509,False,0.75,{}
2024-01-20 16:00:00,GBPUSD,SignalType.SELL,739055.8977557862,False,0.75,{}
2024-01-20 17:00:00,GBPUSD,SignalType.BUY,1064967.052749214,True,0.75,{}
2024-01-20 18:00:00,GBPUSD,SignalType.BUY,-308568.3958870294,False,0.75,{}
2024-01-20 19:00:00,GBPUSD,SignalType.SELL,-246961.01427770144,True,0.75,{}
2024-01-20 20:00:00,GBPUSD,SignalType.SELL,155081.86564946812,False,0.75,{}
2024-01-20 21:00:00,GBPUSD,SignalType.BUY,276038.30448901193,True,0.75,{}
2024-01-20 22:00:00,GBPUSD,SignalType.BUY,-225958.963455501,False,0.75,{}
2024-01-20 23:00:00,GBPUSD,SignalType.SELL,-453503.4675928955,True,0.75,{}
2024-01-21 00:00:00,GBPUSD,SignalType.SELL,93893.70184558458,False,0.75,{}
2024-01-21 01:00:00,GBPUSD,SignalType.BUY,375681.86219963705,True,0.75,{}
2024-01-21 02:00:00,GBPUSD,SignalType.BUY,89752.54423227,True,0.75,{}
2024-01-21 03:00:00,GBPUSD,SignalType.BUY,183542.07806446595,True,0.75,{}
2024-01-21 04:00:00,GBPUSD,SignalType.BUY,-133081.3617895092,False,0.75,{}
2024-01-21 05:00:00,GBPUSD,SignalType.SELL,269074.75035479135,False,0.75,{}
2024-01-21 06:00:00,GBPUSD,SignalType.BUY,99231.6462947008,True,0.75,{}
2024-01-21 07:00:00,GBPUSD,SignalType.BUY,-58129.895726529525,False,0.75,{}
2024-01-21 08:00:00,GBPUSD,SignalType.SELL,-227950.36273859238,True,0.75,{}
2024-01-21 09:00:00,GBPUSD,SignalType.SELL,273425.01105189795,False,0.75,{}
2024-01-21 10:00:00,GBPUSD,SignalType.BUY,-923069.2321100741,False,0.75,{}
2024-01-21 11:00:00,GBPUSD,SignalType.SELL,154571.4302328213,False,0.75,{}
2024-01-21 12:00:00,GBPUSD,SignalType.BUY,76551.10899591193,True,0.75,{}
2024-01-21 13:00:00,GBPUSD,SignalType.BUY,121607.8762551973,True,0.75,{}
2024-01-21 14:00:00,GBPUSD,SignalType.BUY,-396215.10165714595,False,0.75,{}
2024-01-21 15:00:00,GBPUSD,SignalType.SELL,-523913.8947314882,True,0.75,{}
2024-01-21 16:00:00,GBPUSD,SignalType.SELL,-50813.72871366057,True,0.75,{}
2024-01-21 17:00:00,GBPUSD,SignalType.SELL,262875.9764894977,False,0.75,{}
2024-01-21 18:00:00,GBPUSD,SignalType.BUY,-444657.10517546994,False,0.75,{}
2024-01-01 01:00:00,USDJPY,SignalType.SELL,-459929.35315404,True,0.75,{}
2024-01-01 02:00:00,USDJPY,SignalType.SELL,-470716.16122540575,True,0.75,{}
2024-01-01 03:00:00,USDJPY,SignalType.SELL,-122094.38728395951,True,0.75,{}
2024-01-01 04:00:00,USDJPY,SignalType.SELL,116885.84640535766,False,0.75,{}
2024-01-01 05:00:00,USDJPY,SignalType.BUY,13761.073936325232,True,0.75,{}
2024-01-01 06:00:00,USDJPY,SignalType.BUY,126675.70378983214,True,0.75,{}
2024-01-01 07:00:00,USDJPY,SignalType.BUY,101008.50152871758,True,0.75,{}
2024-01-01 08:00:00,USDJPY,SignalType.BUY,-1513303.1124194483,False,0.75,{}
2024-01-01 09:00:00,USDJPY,SignalType.SELL,511267.479834045,False,0.75,{}
2024-01-01 10:00:00,USDJPY,SignalType.BUY,-341480.0554798392,False,0.75,{}
2024-01-01 11:00:00,USDJPY,SignalType.SELL,-587020.299275275,True,0.75,{}
2024-01-01 12:00:00,USDJPY,SignalType.SELL,-535060.8853536454,True,0.75,{}
2024-01-01 13:00:00,USDJPY,SignalType.SELL,11403.594241107556,False,0.75,{}
2024-01-01 14:00:00,USDJPY,SignalType.BUY,1134741.7986307065,True,0.75,{}
2024-01-01 15:00:00,USDJPY,SignalType.BUY,-256983.66100905716,False,0.75,{}
2024-01-01 16:00:00,USDJPY,SignalType.SELL,70274.01556566516,False,0.75,{}
2024-01-01 17:00:00,USDJPY,SignalType.BUY,141746.66456163762,True,0.75,{}
2024-01-01 18:00:00,USDJPY,SignalType.BUY,379824.8422346052,True,0.75,{}
2024-01-01 19:00:00,USDJPY,SignalType.BUY,30765.487396973247,True,0.75,{}
2024-01-01 20:00:00,USDJPY,SignalType.BUY,87652.15573982784,True,0.75,{}
2024-01-01 21:00:00,USDJPY,SignalType.BUY,261745.09181835575,True,0.75,{}
2024-01-01 22:00:00,USDJPY,SignalType.BUY,250136.09314601915,True,0.75,{}
2024-01-01 23:00:00,USDJPY,SignalType.BUY,-550915.6068099554,False,0.75,{}
2024-01-02 00:00:00,USDJPY,SignalType.SELL,1263230.1674527284,False,0.75,{}
2024-01-02 01:00:00,USDJPY,SignalType.BUY,95407.80001311589,True,0.75,{}
2024-01-02 02:00:00,USDJPY,SignalType.BUY,-164183.19740645983,False,0.75,{}
2024-01-02 03:00:00,USDJPY,SignalType.SELL,276461.46864225896,False,0.75,{}
2024-01-02 04:00:00,USDJPY,SignalType.BUY,-94757.37204379897,False,0.75,{}
2024-01-02 05:00:00,USDJPY,SignalType.SELL,-264057.4772526662,True,0.75,{}
2024-01-02 06:00:00,USDJPY,SignalType.SELL,56779.61637683083,False,0.75,{}
2024-01-02 07:00:00,USDJPY,SignalType.BUY,24675.850286914596,True,0.75,{}
2024-01-02 08:00:00,USDJPY,SignalType.BUY,893454.2218698869,True,0.75,{}
2024-01-02 09:00:00,USDJPY,SignalType.BUY,17511.378834001618,True,0.75,{}
2024-01-02 10:00:00,USDJPY,SignalType.BUY,-1005967.9103244096,False,0.75,{}
2024-01-02 11:00:00,USDJPY,SignalType.SELL,-207822.5660036513,True,0.75,{}
2024-01-02 12:00:00,USDJPY,SignalType.SELL,-790861.0028181901,True,0.75,{}
2024-01-02 13:00:00,USDJPY,SignalType.SELL,821148.9892104322,False,0.75,{}
2024-01-02 14:00:00,USDJPY,SignalType.BUY,-333708.17539340537,False,0.75,{}
2024-01-02 15:00:00,USDJPY,SignalType.SELL,59883.11360505562,False,0.75,{}
2024-01-02 16:00:00,USDJPY,SignalType.BUY,126088.54428703155,True,0.75,{}
2024-01-02 17:00:00,USDJPY,SignalType.BUY,-1007572.6783953962,False,0.75,{}
2024-01-02 18:00:00,USDJPY,SignalType.SELL,-125013.52759503746,True,0.75,{}
2024-01-02 19:00:00,USDJPY,SignalType.SELL,-853826.4264554228,True,0.75,{}
2024-01-02 20:00:00,USDJPY,SignalType.SELL,-478432.0439764144,True,0.75,{}
2024-01-02 21:00:00,USDJPY,SignalType.SELL,-40521.64923435214,True,0.75,{}
2024-01-02 22:00:00,USDJPY,SignalType.SELL,434358.2266329919,False,0.75,{}
2024-01-02 23:00:00,USDJPY,SignalType.BUY,272543.68311038305,True,0.75,{}
2024-01-03 00:00:00,USDJPY,SignalType.BUY,-18722.69838750995,False,0.75,{}
2024-01-03 01:00:00,USDJPY,SignalType.SELL,-204802.56708893122,True,0.75,{}
2024-01-03 02:00:00,USDJPY,SignalType.SELL,-569371.9473389635,True,0.75,{}
2024-01-03 03:00:00,USDJPY,SignalType.SELL,231805.26807567617,False,0.75,{}
2024-01-03 04:00:00,USDJPY,SignalType.BUY,-1532926.986491138,False,0.75,{}
2024-01-03 05:00:00,USDJPY,SignalType.SELL,719114.1967604528,False,0.75,{}
2024-01-03 06:00:00,USDJPY,SignalType.BUY,107281.58171435127,True,0.75,{}
2024-01-03 07:00:00,USDJPY,SignalType.BUY,606651.5674865145,True,0.75,{}
2024-01-03 08:00:00,USDJPY,SignalType.BUY,-165013.05709960745,False,0.75,{}
2024-01-03 09:00:00,USDJPY,SignalType.SELL,-1944542.5121770552,True,0.75,{}
2024-01-03 10:00:00,USDJPY,SignalType.SELL,-393701.55960539874,True,0.75,{}
2024-01-03 11:00:00,USDJPY,SignalType.SELL,-351903.4831649049,True,0.75,{}
2024-01-03 12:00:00,USDJPY,SignalType.SELL,418385.6377535818,False,0.75,{}
2024-01-03 13:00:00,USDJPY,SignalType.BUY,-238191.65367372363,False,0.75,{}
2024-01-03 14:00:00,USDJPY,SignalType.SELL,522446.90922910534,False,0.75,{}
2024-01-03 15:00:00,USDJPY,SignalType.BUY,-349888.6879253195,False,0.75,{}
2024-01-03 16:00:00,USDJPY,SignalType.SELL,-526137.0518386605,True,0.75,{}
2024-01-03 17:00:00,USDJPY,SignalType.SELL,404640.8332451131,False,0.75,{}
2024-01-03 18:00:00,USDJPY,SignalType.BUY,-46851.45495783786,False,0.75,{}
2024-01-03 19:00:00,USDJPY,SignalType.SELL,468919.2712928815,False,0.75,{}
2024-01-03 20:00:00,USDJPY,SignalType.BUY,-804229.5424644226,False,0.75,{}
2024-01-03 21:00:00,USDJPY,SignalType.SELL,189737.76291876333,False,0.75,{}
2024-01-03 22:00:00,USDJPY,SignalType.BUY,175661.72824417776,True,0.75,{}
2024-01-03 23:00:00,USDJPY,SignalType.BUY,-32458.65883068916,False,0.75,{}
2024-01-04 00:00:00,USDJPY,SignalType.SELL,178390.5094516598,False,0.75,{}
2024-01-04 01:00:00,USDJPY,SignalType.BUY,323627.1804530992,True,0.75,{}
2024-01-04 02:00:00,USDJPY,SignalType.BUY,55185.32824275212,True,0.75,{}
2024-01-04 03:00:00,USDJPY,SignalType.BUY,215818.48100342142,True,0.75,{}
2024-01-04 04:00:00,USDJPY,SignalType.BUY,1287501.6705023898,True,0.75,{}
2024-01-04 05:00:00,USDJPY,SignalType.BUY,36959.17922084504,True,0.75,{}
2024-01-04 06:00:00,USDJPY,SignalType.BUY,-100347.01840143611,False,0.75,{}
2024-01-04 07:00:00,USDJPY,SignalType.SELL,-158656.15145009485,True,0.75,{}
2024-01-04 08:00:00,USDJPY,SignalType.SELL,923084.9718739517,False,0.75,{}
2024-01-04 09:00:00,USDJPY,SignalType.BUY,-164740.58732994963,False,0.75,{}
2024-01-04 10:00:00,USDJPY,SignalType.SELL,566092.2860022396,False,0.75,{}
2024-01-04 11:00:00,USDJPY,SignalType.BUY,534366.8008234798,True,0.75,{}
2024-01-04 12:00:00,USDJPY,SignalType.BUY,51713.800384405244,True,0.75,{}
2024-01-04 13:00:00,USDJPY,SignalType.BUY,1693669.9123550176,True,0.75,{}
2024-01-04 14:00:00,USDJPY,SignalType.BUY,474157.0303283973,True,0.75,{}
2024-01-04 15:00:00,USDJPY,SignalType.BUY,-145316.63077258714,False,0.75,{}
2024-01-04 16:00:00,USDJPY,SignalType.SELL,231610.10790346807,False,0.75,{}
2024-01-04 17:00:00,USDJPY,SignalType.BUY,492568.724172437,True,0.75,{}
2024-01-04 18:00:00,USDJPY,SignalType.BUY,-77650.94468508153,False,0.75,{}
2024-01-04 19:00:00,USDJPY,SignalType.SELL,-370634.4375724322,True,0.75,{}
2024-01-04 20:00:00,USDJPY,SignalType.SELL,-24961.98394920299,True,0.75,{}
2024-01-04 21:00:00,USDJPY,SignalType.SELL,46194.74112236247,False,0.75,{}
2024-01-04 22:00:00,USDJPY,SignalType.BUY,-46134.678597896935,False,0.75,{}
2024-01-04 23:00:00,USDJPY,SignalType.SELL,388848.1409433822,False,0.75,{}
2024-01-05 00:00:00,USDJPY,SignalType.BUY,-230689.69861454944,False,0.75,{}
2024-01-05 01:00:00,USDJPY,SignalType.SELL,349687.7770397151,False,0.75,{}
2024-01-05 02:00:00,USDJPY,SignalType.BUY,-1406732.4900408974,False,0.75,{}
2024-01-05 03:00:00,USDJPY,SignalType.SELL,386293.9025622876,False,0.75,{}
2024-01-05 04:00:00,USDJPY,SignalType.BUY,135531.72925557278,True,0.75,{}
2024-01-05 05:00:00,USDJPY,SignalType.BUY,283253.24873237265,True,0.75,{}
2024-01-05 06:00:00,USDJPY,SignalType.BUY,-348251.87166316935,False,0.75,{}
2024-01-05 07:00:00,USDJPY,SignalType.SELL,-365840.5598299403,True,0.75,{}
2024-01-05 08:00:00,USDJPY,SignalType.SELL,-207220.78685097728,True,0.75,{}
2024-01-05 09:00:00,USDJPY,SignalType.SELL,1529890.939201569,False,0.75,{}
2024-01-05 10:00:00,USDJPY,SignalType.HOLD,-8608.746644766541,False,0.75,{}
2024-01-05 11:00:00,USDJPY,SignalType.SELL,346601.7561148752,False,0.75,{}
2024-01-05 12:00:00,USDJPY,SignalType.BUY,6788.2903925192295,True,0.75,{}
2024-01-05 13:00:00,USDJPY,SignalType.BUY,-293591.75275201804,False,0.75,{}
2024-01-05 14:00:00,USDJPY,SignalType.SELL,-195695.24825197674,True,0.75,{}
2024-01-05 15:00:00,USDJPY,SignalType.SELL,-99824.31825689872,True,0.75,{}
2024-01-05 16:00:00,USDJPY,SignalType.SELL,-6008.220387993788,True,0.75,{}
2024-01-05 17:00:00,USDJPY,SignalType.SELL,166645.61257849925,False,0.75,{}
2024-01-05 18:00:00,USDJPY,SignalType.BUY,-284875.1588275283,False,0.75,{}
2024-01-05 19:00:00,USDJPY,SignalType.SELL,-308295.93329738884,True,0.75,{}
2024-01-05 20:00:00,USDJPY,SignalType.SELL,-346158.5135890107,True,0.75,{}
2024-01-05 21:00:00,USDJPY,SignalType.SELL,-339176.23723770643,True,0.75,{}
2024-01-05 22:00:00,USDJPY,SignalType.SELL,-1000908.7325363241,True,0.75,{}
2024-01-05 23:00:00,USDJPY,SignalType.SELL,-293259.3538445215,True,0.75,{}
2024-01-06 00:00:00,USDJPY,SignalType.SELL,-221016.6879846851,True,0.75,{}
2024-01-06 01:00:00,USDJPY,SignalType.SELL,-559894.0902063958,True,0.75,{}
2024-01-06 02:00:00,USDJPY,SignalType.SELL,-244740.74954513297,True,0.75,{}
2024-01-06 03:00:00,USDJPY,SignalType.SELL,268313.640191885,False,0.75,{}
2024-01-06 04:00:00,USDJPY,SignalType.BUY,-193850.47467829424,False,0.75,{}
2024-01-06 05:00:00,USDJPY,SignalType.SELL,-251487.84591180572,True,0.75,{}
2024-01-06 06:00:00,USDJPY,SignalType.SELL,-59064.24818225304,True,0.75,{}
2024-01-06 07:00:00,USDJPY,SignalType.SELL,236212.84736419682,False,0.75,{}
2024-01-06 08:00:00,USDJPY,SignalType.BUY,-73267.72848444761,False,0.75,{}
2024-01-06 09:00:00,USDJPY,SignalType.SELL,9225.196814172705,False,0.75,{}
2024-01-06 10:00:00,USDJPY,SignalType.BUY,4491.862538291116,True,0.75,{}
2024-01-06 11:00:00,USDJPY,SignalType.BUY,-166057.2456729119,False,0.75,{}
2024-01-06 12:00:00,USDJPY,SignalType.SELL,439141.4978159028,False,0.75,{}
2024-01-06 13:00:00,USDJPY,SignalType.BUY,-326524.99615046766,False,0.75,{}
2024-01-06 14:00:00,USDJPY,SignalType.SELL,76649.59898528423,False,0.75,{}
2024-01-06 15:00:00,USDJPY,SignalType.BUY,-1061075.4187255881,False,0.75,{}
2024-01-06 16:00:00,USDJPY,SignalType.SELL,-54544.43962953064,True,0.75,{}
2024-01-06 17:00:00,USDJPY,SignalType.SELL,-379061.9682246006,True,0.75,{}
2024-01-06 18:00:00,USDJPY,SignalType.SELL,-585185.3489758366,True,0.75,{}
2024-01-06 19:00:00,USDJPY,SignalType.SELL,-80561.18656392755,True,0.75,{}
2024-01-06 20:00:00,USDJPY,SignalType.SELL,577744.7324767166,False,0.75,{}
2024-01-06 21:00:00,USDJPY,SignalType.BUY,447117.5363521991,True,0.75,{}
2024-01-06 22:00:00,USDJPY,SignalType.BUY,100688.17616148778,True,0.75,{}
2024-01-06 23:00:00,USDJPY,SignalType.BUY,-540973.7954741021,False,0.75,{}
2024-01-07 00:00:00,USDJPY,SignalType.SELL,-542938.5760200393,True,0.75,{}
2024-01-07 01:00:00,USDJPY,SignalType.SELL,-158817.09925145344,True,0.75,{}
2024-01-07 02:00:00,USDJPY,SignalType.SELL,38994.53434334646,False,0.75,{}
2024-01-07 03:00:00,USDJPY,SignalType.BUY,-113229.405923949,False,0.75,{}
2024-01-07 04:00:00,USDJPY,SignalType.SELL,-265118.79548923846,True,0.75,{}
2024-01-07 05:00:00,USDJPY,SignalType.SELL,794481.0605845999,False,0.75,{}
2024-01-07 06:00:00,USDJPY,SignalType.BUY,-339145.9221432302,False,0.75,{}
2024-01-07 07:00:00,USDJPY,SignalType.SELL,288238.5760273945,False,0.75,{}
2024-01-07 08:00:00,USDJPY,SignalType.BUY,-193330.55841147824,False,0.75,{}
2024-01-07 09:00:00,USDJPY,SignalType.SELL,684894.570916627,False,0.75,{}
2024-01-07 10:00:00,USDJPY,SignalType.BUY,-127600.49480476994,False,0.75,{}
2024-01-07 11:00:00,USDJPY,SignalType.SELL,-228338.17265940865,True,0.75,{}
2024-01-07 12:00:00,USDJPY,SignalType.SELL,1873251.5427513088,False,0.75,{}
2024-01-07 13:00:00,USDJPY,SignalType.BUY,-32166.016206392953,False,0.75,{}
2024-01-07 14:00:00,USDJPY,SignalType.SELL,-754162.9625341307,True,0.75,{}
2024-01-07 15:00:00,USDJPY,SignalType.SELL,-96428.89049886918,True,0.75,{}
2024-01-07 16:00:00,USDJPY,SignalType.SELL,113085.88657234708,False,0.75,{}
2024-01-07 17:00:00,USDJPY,SignalType.BUY,-544697.2404344154,False,0.75,{}
2024-01-07 18:00:00,USDJPY,SignalType.SELL,118877.38645045915,False,0.75,{}
2024-01-07 19:00:00,USDJPY,SignalType.BUY,164405.13728914113,True,0.75,{}
2024-01-07 20:00:00,USDJPY,SignalType.BUY,-44809.040439717195,False,0.75,{}
2024-01-07 21:00:00,USDJPY,SignalType.SELL,528782.3640331837,False,0.75,{}
2024-01-07 22:00:00,USDJPY,SignalType.BUY,-259901.74800120285,False,0.75,{}
2024-01-07 23:00:00,USDJPY,SignalType.SELL,-521741.4296519044,True,0.75,{}
2024-01-08 00:00:00,USDJPY,SignalType.SELL,-252270.35869771952,True,0.75,{}
2024-01-08 01:00:00,USDJPY,SignalType.SELL,345935.1185329172,False,0.75,{}
2024-01-08 02:00:00,USDJPY,SignalType.BUY,522954.6882797499,True,0.75,{}
2024-01-08 03:00:00,USDJPY,SignalType.BUY,653911.5107544214,True,0.75,{}
2024-01-08 04:00:00,USDJPY,SignalType.BUY,358733.2162757572,True,0.75,{}
2024-01-08 05:00:00,USDJPY,SignalType.BUY,-490684.1572964511,False,0.75,{}
2024-01-08 06:00:00,USDJPY,SignalType.SELL,153192.70853502105,False,0.75,{}
2024-01-08 07:00:00,USDJPY,SignalType.BUY,-249864.9158299335,False,0.75,{}
2024-01-08 08:00:00,USDJPY,SignalType.SELL,-586724.2111916173,True,0.75,{}
2024-01-08 09:00:00,USDJPY,SignalType.SELL,189412.9275757797,False,0.75,{}
2024-01-08 10:00:00,USDJPY,SignalType.BUY,486518.61369579507,True,0.75,{}
2024-01-08 11:00:00,USDJPY,SignalType.BUY,-132760.47710296098,False,0.75,{}
2024-01-08 12:00:00,USDJPY,SignalType.SELL,-210020.88997482104,True,0.75,{}
2024-01-08 13:00:00,USDJPY,SignalType.SELL,-61991.07056624513,True,0.75,{}
2024-01-08 14:00:00,USDJPY,SignalType.SELL,8208.870178875997,False,0.75,{}
2024-01-08 15:00:00,USDJPY,SignalType.BUY,276128.60740734334,True,0.75,{}
2024-01-08 16:00:00,USDJPY,SignalType.BUY,1190624.7037201962,True,0.75,{}
2024-01-08 17:00:00,USDJPY,SignalType.BUY,-506003.8264339234,False,0.75,{}
2024-01-08 18:00:00,USDJPY,SignalType.SELL,35741.699691409965,False,0.75,{}
2024-01-08 19:00:00,USDJPY,SignalType.BUY,826050.7628181627,True,0.75,{}
2024-01-08 20:00:00,USDJPY,SignalType.BUY,495359.2915546236,True,0.75,{}
2024-01-08 21:00:00,USDJPY,SignalType.BUY,78537.66311072213,True,0.75,{}
2024-01-08 22:00:00,USDJPY,SignalType.BUY,77835.10786940696,True,0.75,{}
2024-01-08 23:00:00,USDJPY,SignalType.BUY,-362712.12127219123,False,0.75,{}
2024-01-09 00:00:00,USDJPY,SignalType.SELL,-518844.3138834005,True,0.75,{}
2024-01-09 01:00:00,USDJPY,SignalType.SELL,354580.55486927833,False,0.75,{}
2024-01-09 02:00:00,USDJPY,SignalType.BUY,584141.0204432984,True,0.75,{}
2024-01-09 03:00:00,USDJPY,SignalType.BUY,374507.0133361202,True,0.75,{}
2024-01-09 04:00:00,USDJPY,SignalType.BUY,-115912.72048057619,False,0.75,{}
2024-01-09 05:00:00,USDJPY,SignalType.SELL,22863.252356192446,False,0.75,{}
2024-01-09 06:00:00,USDJPY,SignalType.BUY,32241.75860096764,True,0.75,{}
2024-01-09 07:00:00,USDJPY,SignalType.BUY,-318853.42640652694,False,0.75,{}
2024-01-09 08:00:00,USDJPY,SignalType.SELL,575980.6813979833,False,0.75,{}
2024-01-09 09:00:00,USDJPY,SignalType.BUY,598370.5709965369,True,0.75,{}
2024-01-09 10:00:00,USDJPY,SignalType.BUY,479023.4325021052,True,0.75,{}
2024-01-09 11:00:00,USDJPY,SignalType.BUY,701114.7560577499,True,0.75,{}
2024-01-09 12:00:00,USDJPY,SignalType.BUY,463945.31382702384,True,0.75,{}
2024-01-09 13:00:00,USDJPY,SignalType.BUY,387326.4463584968,True,0.75,{}
2024-01-09 14:00:00,USDJPY,SignalType.BUY,-229225.13800227706,False,0.75,{}
2024-01-09 15:00:00,USDJPY,SignalType.SELL,387295.5881414856,False,0.75,{}
2024-01-09 16:00:00,USDJPY,SignalType.BUY,-1157768.009011478,False,0.75,{}
2024-01-09 17:00:00,USDJPY,SignalType.SELL,-50877.138688485386,True,0.75,{}
2024-01-09 18:00:00,USDJPY,SignalType.SELL,438400.9327760913,False,0.75,{}
2024-01-09 19:00:00,USDJPY,SignalType.BUY,-201053.53119118547,False,0.75,{}
2024-01-09 20:00:00,USDJPY,SignalType.SELL,-40835.469722237576,True,0.75,{}
2024-01-09 21:00:00,USDJPY,SignalType.SELL,-298617.5127853642,True,0.75,{}
2024-01-09 22:00:00,USDJPY,SignalType.SELL,-475576.3339192305,True,0.75,{}
2024-01-09 23:00:00,USDJPY,SignalType.SELL,-389831.9239328515,True,0.75,{}
2024-01-10 00:00:00,USDJPY,SignalType.SELL,437148.8862113233,False,0.75,{}
2024-01-10 01:00:00,USDJPY,SignalType.BUY,-434792.9575149922,False,0.75,{}
2024-01-10 02:00:00,USDJPY,SignalType.SELL,-349726.5585322208,True,0.75,{}
2024-01-10 03:00:00,USDJPY,SignalType.SELL,448357.7668686658,False,0.75,{}
2024-01-10 04:00:00,USDJPY,SignalType.BUY,-597449.4182330724,False,0.75,{}
2024-01-10 05:00:00,USDJPY,SignalType.SELL,350953.40679052187,False,0.75,{}
2024-01-10 06:00:00,USDJPY,SignalType.BUY,-558976.0977428604,False,0.75,{}
2024-01-10 07:00:00,USDJPY,SignalType.SELL,-186715.6870041495,True,0.75,{}
2024-01-10 08:00:00,USDJPY,SignalType.SELL,-436862.38398318284,True,0.75,{}
2024-01-10 09:00:00,USDJPY,SignalType.SELL,-106644.98366416332,True,0.75,{}
2024-01-10 10:00:00,USDJPY,SignalType.SELL,195966.32411227524,False,0.75,{}
2024-01-10 11:00:00,USDJPY,SignalType.BUY,18482.36578887864,True,0.75,{}
2024-01-10 12:00:00,USDJPY,SignalType.BUY,-918414.1360013473,False,0.75,{}
2024-01-10 13:00:00,USDJPY,SignalType.SELL,-1009611.2987162458,True,0.75,{}
2024-01-10 14:00:00,USDJPY,SignalType.SELL,326761.0062578541,False,0.75,{}
2024-01-10 15:00:00,USDJPY,SignalType.BUY,-311399.45810721687,False,0.75,{}
2024-01-10 16:00:00,USDJPY,SignalType.SELL,227673.81008086985,False,0.75,{}
2024-01-10 17:00:00,USDJPY,SignalType.BUY,-266589.0530690591,False,0.75,{}
2024-01-10 18:00:00,USDJPY,SignalType.SELL,-324705.53046590084,True,0.75,{}
2024-01-10 19:00:00,USDJPY,SignalType.SELL,308093.58683899714,False,0.75,{}
2024-01-10 20:00:00,USDJPY,SignalType.BUY,132739.5697031355,True,0.75,{}
2024-01-10 21:00:00,USDJPY,SignalType.BUY,118900.1866833864,True,0.75,{}
2024-01-10 22:00:00,USDJPY,SignalType.BUY,199854.47761730838,True,0.75,{}
2024-01-10 23:00:00,USDJPY,SignalType.BUY,-84042.32288085339,False,0.75,{}
2024-01-11 00:00:00,USDJPY,SignalType.SELL,153834.3746728586,False,0.75,{}
2024-01-11 01:00:00,USDJPY,SignalType.BUY,-338546.30520025425,False,0.75,{}
2024-01-11 02:00:00,USDJPY,SignalType.SELL,68746.2015581184,False,0.75,{}
2024-01-11 03:00:00,USDJPY,SignalType.BUY,652751.7378639976,True,0.75,{}
2024-01-11 04:00:00,USDJPY,SignalType.BUY,-160453.2052485588,False,0.75,{}
2024-01-11 05:00:00,USDJPY,SignalType.SELL,309573.73944537045,False,0.75,{}
2024-01-11 06:00:00,USDJPY,SignalType.BUY,-1182942.5916451162,False,0.75,{}
2024-01-11 07:00:00,USDJPY,SignalType.SELL,-303033.98445424816,True,0.75,{}
2024-01-11 08:00:00,USDJPY,SignalType.SELL,842232.7217993314,False,0.75,{}
2024-01-11 09:00:00,USDJPY,SignalType.BUY,-306979.6855565357,False,0.75,{}
2024-01-11 10:00:00,USDJPY,SignalType.SELL,123209.61474204139,False,0.75,{}
2024-01-11 11:00:00,USDJPY,SignalType.BUY,521829.91028747224,True,0.75,{}
2024-01-11 12:00:00,USDJPY,SignalType.BUY,291786.8167408446,True,0.75,{}
2024-01-11 13:00:00,USDJPY,SignalType.BUY,-90385.53873289182,False,0.75,{}
2024-01-11 14:00:00,USDJPY,SignalType.SELL,-206373.5550210084,True,0.75,{}
2024-01-11 15:00:00,USDJPY,SignalType.SELL,-376328.67912157095,True,0.75,{}
2024-01-11 16:00:00,USDJPY,SignalType.SELL,345431.50200703595,False,0.75,{}
2024-01-11 17:00:00,USDJPY,SignalType.BUY,-341865.3627523828,False,0.75,{}
2024-01-11 18:00:00,USDJPY,SignalType.SELL,386637.8623838817,False,0.75,{}
2024-01-11 19:00:00,USDJPY,SignalType.BUY,-334564.98280980723,False,0.75,{}
2024-01-11 20:00:00,USDJPY,SignalType.SELL,493771.18127962964,False,0.75,{}
2024-01-11 21:00:00,USDJPY,SignalType.BUY,-437322.51968600333,False,0.75,{}
2024-01-11 22:00:00,USDJPY,SignalType.SELL,501746.9919480778,False,0.75,{}
2024-01-11 23:00:00,USDJPY,SignalType.BUY,785320.6785934988,True,0.75,{}
2024-01-12 00:00:00,USDJPY,SignalType.BUY,828842.1564522466,True,0.75,{}
2024-01-12 01:00:00,USDJPY,SignalType.BUY,-170351.35294719736,False,0.75,{}
2024-01-12 02:00:00,USDJPY,SignalType.SELL,-82911.44910880916,True,0.75,{}
2024-01-12 03:00:00,USDJPY,SignalType.SELL,-797467.6136485627,True,0.75,{}
2024-01-12 04:00:00,USDJPY,SignalType.SELL,4308.605332513001,False,0.75,{}
2024-01-12 05:00:00,USDJPY,SignalType.BUY,-111389.72069669925,False,0.75,{}
2024-01-12 06:00:00,USDJPY,SignalType.SELL,-629128.6303951953,True,0.75,{}
2024-01-12 07:00:00,USDJPY,SignalType.SELL,-122138.3048505524,True,0.75,{}
2024-01-12 08:00:00,USDJPY,SignalType.SELL,-288915.4381396493,True,0.75,{}
2024-01-12 09:00:00,USDJPY,SignalType.SELL,77355.58894149563,False,0.75,{}
2024-01-12 10:00:00,USDJPY,SignalType.BUY,-23589.24320881755,False,0.75,{}
2024-01-12 11:00:00,USDJPY,SignalType.SELL,51240.20649476549,False,0.75,{}
2024-01-12 12:00:00,USDJPY,SignalType.BUY,272670.27563423413,True,0.75,{}
2024-01-12 13:00:00,USDJPY,SignalType.BUY,599592.4142472998,True,0.75,{}
2024-01-12 14:00:00,USDJPY,SignalType.BUY,432592.1467670706,True,0.75,{}
2024-01-12 15:00:00,USDJPY,SignalType.BUY,232710.60650452788,True,0.75,{}
2024-01-12 16:00:00,USDJPY,SignalType.BUY,-492780.56615092536,False,0.75,{}
2024-01-12 17:00:00,USDJPY,SignalType.HOLD,-76557.27664460264,False,0.75,{}
2024-01-12 18:00:00,USDJPY,SignalType.SELL,-291016.256841766,True,0.75,{}
2024-01-12 19:00:00,USDJPY,SignalType.SELL,276720.9517347498,False,0.75,{}
2024-01-12 20:00:00,USDJPY,SignalType.BUY,138936.67332218008,True,0.75,{}
2024-01-12 21:00:00,USDJPY,SignalType.BUY,1105516.5504046665,True,0.75,{}
2024-01-12 22:00:00,USDJPY,SignalType.BUY,-25630.665420713824,False,0.75,{}
2024-01-12 23:00:00,USDJPY,SignalType.SELL,-243872.61094094085,True,0.75,{}
2024-01-13 00:00:00,USDJPY,SignalType.SELL,-425609.4885028816,True,0.75,{}
2024-01-13 01:00:00,USDJPY,SignalType.SELL,-629947.757424259,True,0.75,{}
2024-01-13 02:00:00,USDJPY,SignalType.SELL,-337243.6532553587,True,0.75,{}
2024-01-13 03:00:00,USDJPY,SignalType.SELL,-819913.5860511387,True,0.75,{}
2024-01-13 04:00:00,USDJPY,SignalType.SELL,262794.8209776355,False,0.75,{}
2024-01-13 05:00:00,USDJPY,SignalType.BUY,500406.0880536265,True,0.75,{}
2024-01-13 06:00:00,USDJPY,SignalType.BUY,-475210.2364502307,False,0.75,{}
2024-01-13 07:00:00,USDJPY,SignalType.SELL,-15170.5843612433,True,0.75,{}
2024-01-13 08:00:00,USDJPY,SignalType.SELL,393090.0405877533,False,0.75,{}
2024-01-13 09:00:00,USDJPY,SignalType.BUY,406610.5039605306,True,0.75,{}
2024-01-13 10:00:00,USDJPY,SignalType.BUY,42982.94222142768,True,0.75,{}
2024-01-13 11:00:00,USDJPY,SignalType.BUY,-384887.29813389876,False,0.75,{}
2024-01-13 12:00:00,USDJPY,SignalType.SELL,-173707.24845051428,True,0.75,{}
2024-01-13 13:00:00,USDJPY,SignalType.SELL,-1592317.4880858914,True,0.75,{}
2024-01-13 14:00:00,USDJPY,SignalType.SELL,-43589.93846651231,True,0.75,{}
2024-01-13 15:00:00,USDJPY,SignalType.SELL,-376595.9450610413,True,0.75,{}
2024-01-13 16:00:00,USDJPY,SignalType.SELL,-403717.8901736417,True,0.75,{}
2024-01-13 17:00:00,USDJPY,SignalType.SELL,-442694.20071862044,True,0.75,{}
2024-01-13 18:00:00,USDJPY,SignalType.SELL,383475.08228691085,False,0.75,{}
2024-01-13 19:00:00,USDJPY,SignalType.BUY,-933748.4144165893,False,0.75,{}
2024-01-13 20:00:00,USDJPY,SignalType.SELL,75621.31054962605,False,0.75,{}
2024-01-13 21:00:00,USDJPY,SignalType.BUY,-271059.4239122173,False,0.75,{}
2024-01-13 22:00:00,USDJPY,SignalType.SELL,552169.0427776957,False,0.75,{}
2024-01-13 23:00:00,USDJPY,SignalType.BUY,-381681.0577126375,False,0.75,{}
2024-01-14 00:00:00,USDJPY,SignalType.SELL,-242978.7262611086,True,0.75,{}
2024-01-14 01:00:00,USDJPY,SignalType.SELL,235288.47321046385,False,0.75,{}
2024-01-14 02:00:00,USDJPY,SignalType.BUY,-292265.80127917486,False,0.75,{}
2024-01-14 03:00:00,USDJPY,SignalType.SELL,-197101.9562362517,True,0.75,{}
2024-01-14 04:00:00,USDJPY,SignalType.SELL,-852829.0769713641,True,0.75,{}
2024-01-14 05:00:00,USDJPY,SignalType.SELL,-124861.57472033256,True,0.75,{}
2024-01-14 06:00:00,USDJPY,SignalType.SELL,-125185.9296838711,True,0.75,{}
2024-01-14 07:00:00,USDJPY,SignalType.SELL,199303.62430434002,False,0.75,{}
2024-01-14 08:00:00,USDJPY,SignalType.BUY,-744843.1424737839,False,0.75,{}
2024-01-14 09:00:00,USDJPY,SignalType.SELL,-441865.96569342894,True,0.75,{}
2024-01-14 10:00:00,USDJPY,SignalType.SELL,-133816.75248871942,True,0.75,{}
2024-01-14 11:00:00,USDJPY,SignalType.SELL,966521.2380899482,False,0.75,{}
2024-01-14 12:00:00,USDJPY,SignalType.BUY,-1131152.4575415398,False,0.75,{}
2024-01-14 13:00:00,USDJPY,SignalType.SELL,197177.51936037416,False,0.75,{}
2024-01-14 14:00:00,USDJPY,SignalType.BUY,-147414.49488789044,False,0.75,{}
2024-01-14 15:00:00,USDJPY,SignalType.SELL,-784043.9771362776,True,0.75,{}
2024-01-14 16:00:00,USDJPY,SignalType.SELL,87524.40922081405,False,0.75,{}
2024-01-14 17:00:00,USDJPY,SignalType.BUY,-336663.2098577907,False,0.75,{}
2024-01-14 18:00:00,USDJPY,SignalType.SELL,244735.71222335295,False,0.75,{}
2024-01-14 19:00:00,USDJPY,SignalType.BUY,109828.89416030048,True,0.75,{}
2024-01-14 20:00:00,USDJPY,SignalType.BUY,238666.22719306633,True,0.75,{}
2024-01-14 21:00:00,USDJPY,SignalType.BUY,-801849.7644674563,False,0.75,{}
2024-01-14 22:00:00,USDJPY,SignalType.SELL,-751869.6472437455,True,0.75,{}
2024-01-14 23:00:00,USDJPY,SignalType.SELL,24888.342945895376,False,0.75,{}
2024-01-15 00:00:00,USDJPY,SignalType.BUY,-52397.88753072844,False,0.75,{}
2024-01-15 01:00:00,USDJPY,SignalType.SELL,254413.9782485911,False,0.75,{}
2024-01-15 02:00:00,USDJPY,SignalType.BUY,211592.87473021436,True,0.75,{}
2024-01-15 03:00:00,USDJPY,SignalType.BUY,-998565.8447293133,False,0.75,{}
2024-01-15 04:00:00,USDJPY,SignalType.SELL,-51710.12860668497,True,0.75,{}
2024-01-15 05:00:00,USDJPY,SignalType.SELL,-51391.52288268633,True,0.75,{}
2024-01-15 06:00:00,USDJPY,SignalType.SELL,57747.46142697267,False,0.75,{}
2024-01-15 07:00:00,USDJPY,SignalType.BUY,133793.75786629226,True,0.75,{}
2024-01-15 08:00:00,USDJPY,SignalType.BUY,40770.75174374727,True,0.75,{}
2024-01-15 09:00:00,USDJPY,SignalType.BUY,327064.2245463637,True,0.75,{}
2024-01-15 10:00:00,USDJPY,SignalType.BUY,17385.526230783624,True,0.75,{}
2024-01-15 11:00:00,USDJPY,SignalType.BUY,-643010.5207881479,False,0.75,{}
2024-01-15 12:00:00,USDJPY,SignalType.SELL,764247.4985882654,False,0.75,{}
2024-01-15 13:00:00,USDJPY,SignalType.BUY,-203449.9572478205,False,0.75,{}
2024-01-15 14:00:00,USDJPY,SignalType.SELL,-741738.2966559455,True,0.75,{}
2024-01-15 15:00:00,USDJPY,SignalType.SELL,132933.76191681772,False,0.75,{}
2024-01-15 16:00:00,USDJPY,SignalType.BUY,-251198.9568220031,False,0.75,{}
2024-01-15 17:00:00,USDJPY,SignalType.SELL,-552943.827244934,True,0.75,{}
2024-01-15 18:00:00,USDJPY,SignalType.SELL,60196.32836911341,False,0.75,{}
2024-01-15 19:00:00,USDJPY,SignalType.BUY,240307.6041028737,True,0.75,{}
2024-01-15 20:00:00,USDJPY,SignalType.BUY,-185241.18343170016,False,0.75,{}
2024-01-15 21:00:00,USDJPY,SignalType.SELL,383813.1218120941,False,0.75,{}
2024-01-15 22:00:00,USDJPY,SignalType.BUY,187543.40580016447,True,0.75,{}
2024-01-15 23:00:00,USDJPY,SignalType.BUY,-523214.20293085795,False,0.75,{}
2024-01-16 00:00:00,USDJPY,SignalType.SELL,475049.81886596966,False,0.75,{}
2024-01-16 01:00:00,USDJPY,SignalType.BUY,-194941.28844224746,False,0.75,{}
2024-01-16 02:00:00,USDJPY,SignalType.SELL,-368224.8232831648,True,0.75,{}
2024-01-16 03:00:00,USDJPY,SignalType.SELL,175653.99230034812,False,0.75,{}
2024-01-16 04:00:00,USDJPY,SignalType.BUY,-193399.4896240381,False,0.75,{}
2024-01-16 05:00:00,USDJPY,SignalType.SELL,-131464.48862886018,True,0.75,{}
2024-01-16 06:00:00,USDJPY,SignalType.SELL,-248767.72321171302,True,0.75,{}
2024-01-16 07:00:00,USDJPY,SignalType.SELL,-713701.8141390558,True,0.75,{}
2024-01-16 08:00:00,USDJPY,SignalType.SELL,-59685.576958506776,True,0.75,{}
2024-01-16 09:00:00,USDJPY,SignalType.SELL,1215180.8662015742,False,0.75,{}
2024-01-16 10:00:00,USDJPY,SignalType.BUY,210585.490226332,True,0.75,{}
2024-01-16 11:00:00,USDJPY,SignalType.BUY,468573.43868703535,True,0.75,{}
2024-01-16 12:00:00,USDJPY,SignalType.BUY,-172989.90529048524,False,0.75,{}
2024-01-16 13:00:00,USDJPY,SignalType.SELL,1401536.6559525284,False,0.75,{}
2024-01-16 14:00:00,USDJPY,SignalType.BUY,80172.74105376031,True,0.75,{}
2024-01-16 15:00:00,USDJPY,SignalType.BUY,407244.20835628395,True,0.75,{}
2024-01-16 16:00:00,USDJPY,SignalType.BUY,-324022.34371725854,False,0.75,{}
2024-01-16 17:00:00,USDJPY,SignalType.SELL,662484.6329552111,False,0.75,{}
2024-01-16 18:00:00,USDJPY,SignalType.BUY,473959.2894496366,True,0.75,{}
2024-01-16 19:00:00,USDJPY,SignalType.BUY,-180969.25090648825,False,0.75,{}
2024-01-16 20:00:00,USDJPY,SignalType.SELL,447369.4147313381,False,0.75,{}
2024-01-16 21:00:00,USDJPY,SignalType.BUY,-77770.60796988508,False,0.75,{}
2024-01-16 22:00:00,USDJPY,SignalType.SELL,320103.6726767654,False,0.75,{}
2024-01-16 23:00:00,USDJPY,SignalType.BUY,-227034.878100917,False,0.75,{}
2024-01-17 00:00:00,USDJPY,SignalType.SELL,440513.7461086099,False,0.75,{}
2024-01-17 01:00:00,USDJPY,SignalType.BUY,99644.9814052005,True,0.75,{}
2024-01-17 02:00:00,USDJPY,SignalType.BUY,-285024.6324773036,False,0.75,{}
2024-01-17 03:00:00,USDJPY,SignalType.SELL,-202900.63579760384,True,0.75,{}
2024-01-17 04:00:00,USDJPY,SignalType.SELL,-208814.43615223817,True,0.75,{}
2024-01-17 05:00:00,USDJPY,SignalType.SELL,359480.92321934266,False,0.75,{}
2024-01-17 06:00:00,USDJPY,SignalType.BUY,614806.315433782,True,0.75,{}
2024-01-17 07:00:00,USDJPY,SignalType.BUY,-186890.34115821187,False,0.75,{}
2024-01-17 08:00:00,USDJPY,SignalType.SELL,115849.82438095153,False,0.75,{}
2024-01-17 09:00:00,USDJPY,SignalType.BUY,380596.3096858784,True,0.75,{}
2024-01-17 10:00:00,USDJPY,SignalType.BUY,108489.9672823849,True,0.75,{}
2024-01-17 11:00:00,USDJPY,SignalType.BUY,-473791.7658885192,False,0.75,{}
2024-01-17 12:00:00,USDJPY,SignalType.SELL,-549511.0970247982,True,0.75,{}
2024-01-17 13:00:00,USDJPY,SignalType.SELL,183306.32189343532,False,0.75,{}
2024-01-17 14:00:00,USDJPY,SignalType.BUY,373401.45105583133,True,0.75,{}
2024-01-17 15:00:00,USDJPY,SignalType.BUY,1377122.2728896737,True,0.75,{}
2024-01-17 16:00:00,USDJPY,SignalType.BUY,-781360.7889151718,False,0.75,{}
2024-01-17 17:00:00,USDJPY,SignalType.SELL,566603.6392297866,False,0.75,{}
2024-01-17 18:00:00,USDJPY,SignalType.BUY,-362153.73092210543,False,0.75,{}
2024-01-17 19:00:00,USDJPY,SignalType.SELL,-929711.8194717257,True,0.75,{}
2024-01-17 20:00:00,USDJPY,SignalType.SELL,-444225.44059602957,True,0.75,{}
2024-01-17 21:00:00,USDJPY,SignalType.SELL,-235439.4501204001,True,0.75,{}
2024-01-17 22:00:00,USDJPY,SignalType.SELL,-290003.95446259744,True,0.75,{}
2024-01-17 23:00:00,USDJPY,SignalType.SELL,-224830.48865111073,True,0.75,{}
2024-01-18 00:00:00,USDJPY,SignalType.SELL,72170.45147214663,False,0.75,{}
2024-01-18 01:00:00,USDJPY,SignalType.BUY,97945.76498257811,True,0.75,{}
2024-01-18 02:00:00,USDJPY,SignalType.BUY,541631.3203838854,True,0.75,{}
2024-01-18 03:00:00,USDJPY,SignalType.BUY,1260868.134587962,True,0.75,{}
2024-01-18 04:00:00,USDJPY,SignalType.BUY,-307363.86221611494,False,0.75,{}
2024-01-18 05:00:00,USDJPY,SignalType.SELL,-15568.641273450794,True,0.75,{}
2024-01-18 06:00:00,USDJPY,SignalType.SELL,-195332.2160066398,True,0.75,{}
2024-01-18 07:00:00,USDJPY,SignalType.SELL,190383.1315032619,False,0.75,{}
2024-01-18 08:00:00,USDJPY,SignalType.BUY,-230377.10309286014,False,0.75,{}
2024-01-18 09:00:00,USDJPY,SignalType.SELL,102025.72663355341,False,0.75,{}
2024-01-18 10:00:00,USDJPY,SignalType.BUY,185923.4478315443,True,0.75,{}
2024-01-18 11:00:00,USDJPY,SignalType.BUY,-295080.19945025013,False,0.75,{}
2024-01-18 12:00:00,USDJPY,SignalType.SELL,-570033.0187182704,True,0.75,{}
2024-01-18 13:00:00,USDJPY,SignalType.SELL,220623.0578310931,False,0.75,{}
2024-01-18 14:00:00,USDJPY,SignalType.BUY,-12248.932478471488,False,0.75,{}
2024-01-18 15:00:00,USDJPY,SignalType.BUY,-39919.8785052215,False,0.75,{}
2024-01-18 16:00:00,USDJPY,SignalType.SELL,-139763.11946661555,True,0.75,{}
2024-01-18 17:00:00,USDJPY,SignalType.SELL,-334313.4685740415,True,0.75,{}
2024-01-18 18:00:00,USDJPY,SignalType.SELL,-255567.76693027813,True,0.75,{}
2024-01-18 19:00:00,USDJPY,SignalType.SELL,23097.42172117353,False,0.75,{}
2024-01-18 20:00:00,USDJPY,SignalType.BUY,-429231.1568629043,False,0.75,{}
2024-01-18 21:00:00,USDJPY,SignalType.SELL,12278.45700603666,False,0.75,{}
2024-01-18 22:00:00,USDJPY,SignalType.BUY,24159.436410867558,True,0.75,{}
2024-01-18 23:00:00,USDJPY,SignalType.BUY,266774.10179343953,True,0.75,{}
2024-01-19 00:00:00,USDJPY,SignalType.BUY,-3807.5708894666604,False,0.75,{}
2024-01-19 01:00:00,USDJPY,SignalType.BUY,-75781.65960591719,False,0.75,{}
2024-01-19 02:00:00,USDJPY,SignalType.SELL,461644.1277482329,False,0.75,{}
2024-01-19 03:00:00,USDJPY,SignalType.BUY,-374256.06838443625,False,0.75,{}
2024-01-19 04:00:00,USDJPY,SignalType.SELL,214932.47557135532,False,0.75,{}
2024-01-19 05:00:00,USDJPY,SignalType.BUY,473568.21040808654,True,0.75,{}
2024-01-19 06:00:00,USDJPY,SignalType.BUY,482830.88282410515,True,0.75,{}
2024-01-19 07:00:00,USDJPY,SignalType.BUY,1128350.8521906089,True,0.75,{}
2024-01-19 08:00:00,USDJPY,SignalType.BUY,-111656.05283433877,False,0.75,{}
2024-01-19 09:00:00,USDJPY,SignalType.SELL,218174.2443033056,False,0.75,{}
2024-01-19 10:00:00,USDJPY,SignalType.BUY,-536628.9197719471,False,0.75,{}
2024-01-19 11:00:00,USDJPY,SignalType.SELL,256223.66710047913,False,0.75,{}
2024-01-19 12:00:00,USDJPY,SignalType.BUY,-318051.23341786384,False,0.75,{}
2024-01-19 13:00:00,USDJPY,SignalType.SELL,-279419.9390452468,True,0.75,{}
2024-01-19 14:00:00,USDJPY,SignalType.SELL,-924.3256657543952,True,0.75,{}
2024-01-19 15:00:00,USDJPY,SignalType.BUY,-71973.62591366186,False,0.75,{}
2024-01-19 16:00:00,USDJPY,SignalType.SELL,-132014.00084530064,True,0.75,{}
2024-01-19 17:00:00,USDJPY,SignalType.SELL,69960.02596832796,False,0.75,{}
2024-01-19 18:00:00,USDJPY,SignalType.BUY,-9976.046580035245,False,0.75,{}
2024-01-19 19:00:00,USDJPY,SignalType.BUY,329719.7555942796,True,0.75,{}
2024-01-19 20:00:00,USDJPY,SignalType.BUY,707691.0031284706,True,0.75,{}
2024-01-19 21:00:00,USDJPY,SignalType.BUY,-93580.30226312109,False,0.75,{}
2024-01-19 22:00:00,USDJPY,SignalType.SELL,371808.8022600142,False,0.75,{}
2024-01-19 23:00:00,USDJPY,SignalType.BUY,20974.73296287035,True,0.75,{}
2024-01-20 00:00:00,USDJPY,SignalType.BUY,-84782.46923188066,False,0.75,{}
2024-01-20 01:00:00,USDJPY,SignalType.SELL,-248860.48631335996,True,0.75,{}
2024-01-20 02:00:00,USDJPY,SignalType.SELL,458547.2224002393,False,0.75,{}
2024-01-20 03:00:00,USDJPY,SignalType.BUY,-607855.0618608943,False,0.75,{}
2024-01-20 04:00:00,USDJPY,SignalType.SELL,-663156.4699696327,True,0.75,{}
2024-01-20 05:00:00,USDJPY,SignalType.SELL,-205616.5884401139,True,0.75,{}
2024-01-20 06:00:00,USDJPY,SignalType.SELL,-109424.6730784323,True,0.75,{}
2024-01-20 07:00:00,USDJPY,SignalType.SELL,262701.1617858875,False,0.75,{}
2024-01-20 08:00:00,USDJPY,SignalType.BUY,142683.71090518145,True,0.75,{}
2024-01-20 09:00:00,USDJPY,SignalType.BUY,-522250.2868697245,False,0.75,{}
2024-01-20 10:00:00,USDJPY,SignalType.SELL,445895.6288827244,False,0.75,{}
2024-01-20 11:00:00,USDJPY,SignalType.BUY,-54484.29443657005,False,0.75,{}
2024-01-20 12:00:00,USDJPY,SignalType.SELL,197945.5178034584,False,0.75,{}
2024-01-20 13:00:00,USDJPY,SignalType.BUY,372607.6861592867,True,0.75,{}
2024-01-20 14:00:00,USDJPY,SignalType.BUY,-53694.785993435515,False,0.75,{}
2024-01-20 15:00:00,USDJPY,SignalType.SELL,163246.17701313572,False,0.75,{}
2024-01-20 16:00:00,USDJPY,SignalType.BUY,150594.57781221,True,0.75,{}
2024-01-20 17:00:00,USDJPY,SignalType.BUY,626694.9779833498,True,0.75,{}
2024-01-20 18:00:00,USDJPY,SignalType.BUY,-192605.07512686274,False,0.75,{}
2024-01-20 19:00:00,USDJPY,SignalType.SELL,-246308.6793607698,True,0.75,{}
2024-01-20 20:00:00,USDJPY,SignalType.SELL,82445.51429187595,False,0.75,{}
2024-01-20 21:00:00,USDJPY,SignalType.BUY,355766.97832519416,True,0.75,{}
2024-01-20 22:00:00,USDJPY,SignalType.BUY,-14635.659019202194,False,0.75,{}
2024-01-20 23:00:00,USDJPY,SignalType.SELL,8412.443968831554,False,0.75,{}
2024-01-21 00:00:00,USDJPY,SignalType.BUY,-92036.51072476988,False,0.75,{}
2024-01-21 01:00:00,USDJPY,SignalType.SELL,437561.6800975894,False,0.75,{}
2024-01-21 02:00:00,USDJPY,SignalType.BUY,-127041.74416914838,False,0.75,{}
2024-01-21 03:00:00,USDJPY,SignalType.SELL,-101076.09430998536,True,0.75,{}
2024-01-21 04:00:00,USDJPY,SignalType.SELL,-281829.46342929656,True,0.75,{}
2024-01-21 05:00:00,USDJPY,SignalType.SELL,-484244.035679871,True,0.75,{}
2024-01-21 06:00:00,USDJPY,SignalType.SELL,250035.56469045463,False,0.75,{}
2024-01-21 07:00:00,USDJPY,SignalType.BUY,-144589.5729320506,False,0.75,{}
2024-01-21 08:00:00,USDJPY,SignalType.SELL,-1099674.1589048174,True,0.75,{}
2024-01-21 09:00:00,USDJPY,SignalType.SELL,-128547.18426815793,True,0.75,{}
2024-01-21 10:00:00,USDJPY,SignalType.SELL,10500.634691688902,False,0.75,{}
2024-01-21 11:00:00,USDJPY,SignalType.BUY,305092.1219602503,True,0.75,{}
2024-01-21 12:00:00,USDJPY,SignalType.BUY,-617487.4257451938,False,0.75,{}
2024-01-21 13:00:00,USDJPY,SignalType.SELL,-185673.95259850626,True,0.75,{}
2024-01-21 14:00:00,USDJPY,SignalType.SELL,-269694.1557441596,True,0.75,{}
2024-01-21 15:00:00,USDJPY,SignalType.SELL,68643.55069787052,False,0.75,{}
2024-01-21 16:00:00,USDJPY,SignalType.BUY,698644.5132705341,True,0.75,{}
2024-01-21 17:00:00,USDJPY,SignalType.BUY,-215772.60407148174,False,0.75,{}
2024-01-21 18:00:00,USDJPY,SignalType.SELL,-664524.7591628641,True,0.75,{}
