timestamp,pair,atr,entry_price,method,position_size,risk_amount,portfolio_exposure,margin_used_pct,decision_reason
2024-01-01 01:00:00,EURUSD,1296941.8238718875,-112.29059725462392,equity_%,-1.3733021761530526e-05,2000.0,1.5420892157130103e-06,3.0841784314260205e-08,"Method: equity_%, ATR: 1296941.82, Risk: 2000.00"
2024-01-01 02:00:00,EURUSD,803727.2017654037,-85.94961179704563,equity_%,-2.8914677441668752e-05,1997.4271026651534,2.488406508585199e-06,4.9768130171703976e-08,"Method: equity_%, ATR: 803727.20, Risk: 1997.43"
2024-01-01 03:00:00,EURUSD,351251.6609516483,-107.0252743757154,equity_%,-5.316301122696852e-05,1998.5467349101555,5.693923253149573e-06,1.1387846506299143e-07,"Method: equity_%, ATR: 351251.66, Risk: 1998.55"
2024-01-01 04:00:00,EURUSD,203593.32198338464,-116.48341238720143,equity_%,-8.448186178714266e-05,2003.5080405274211,9.823504919101527e-06,1.9647009838203054e-07,"Method: equity_%, ATR: 203593.32, Risk: 2003.51"
2024-01-01 05:00:00,EURUSD,837258.5645519253,-57.17192222336278,equity_%,-4.189076910899053e-05,2005.213994898644,2.3887483325659833e-06,4.7774966651319664e-08,"Method: equity_%, ATR: 837258.56, Risk: 2005.21"
2024-01-01 06:00:00,EURUSD,871974.2804861993,-68.80908807097379,equity_%,-3.349232442143217e-05,2009.5312617295372,2.293645632397358e-06,4.587291264794716e-08,"Method: equity_%, ATR: 871974.28, Risk: 2009.53"
2024-01-01 07:00:00,EURUSD,1005926.0008815832,-124.38044673696143,equity_%,-1.6058940690841413e-05,2009.2549193655323,1.988217819449165e-06,3.9764356388983297e-08,"Method: equity_%, ATR: 1005926.00, Risk: 2009.25"
2024-01-01 08:00:00,EURUSD,523940.01257417275,-136.3711584352776,equity_%,-2.8107999365538908e-05,2008.3251687951645,3.817230889035919e-06,7.634461778071837e-08,"Method: equity_%, ATR: 523940.01, Risk: 2008.33"
2024-01-01 09:00:00,EURUSD,1173577.7511067914,-152.47683129892536,equity_%,-1.1245855402736865e-05,2012.3717902860196,1.7041904536054953e-06,3.4083809072109905e-08,"Method: equity_%, ATR: 1173577.75, Risk: 2012.37"
2024-01-01 10:00:00,EURUSD,669765.7144279539,-140.50933928622644,equity_%,-2.141127587077254e-05,2014.9795868899882,2.9861188127675327e-06,5.972237625535065e-08,"Method: equity_%, ATR: 669765.71, Risk: 2014.98"
2024-01-01 11:00:00,EURUSD,1069759.208876535,-183.07549705105257,equity_%,-1.0278053244068838e-05,2012.9227988666648,1.869579605769795e-06,3.7391592115395895e-08,"Method: equity_%, ATR: 1069759.21, Risk: 2012.92"
2024-01-01 12:00:00,EURUSD,716991.3745460657,-116.67290884835916,equity_%,-2.405184498928459e-05,2012.0202761181765,2.7894338356109513e-06,5.5788676712219025e-08,"Method: equity_%, ATR: 716991.37, Risk: 2012.02"
2024-01-01 13:00:00,EURUSD,1221234.4321641251,-46.672151931187614,equity_%,-3.540873019674378e-05,2018.2140198413488,1.6376872018387494e-06,3.275374403677499e-08,"Method: equity_%, ATR: 1221234.43, Risk: 2018.21"
2024-01-01 14:00:00,EURUSD,850384.5823723214,-118.75898620607254,equity_%,-1.9971523512406696e-05,2016.9403541829408,2.3518770700435226e-06,4.703754140087046e-08,"Method: equity_%, ATR: 850384.58, Risk: 2016.94"
2024-01-01 15:00:00,EURUSD,719360.5000535009,-60.65070336054785,equity_%,-4.6327212886439446e-05,2021.2433404231188,2.7802471776685745e-06,5.5604943553371494e-08,"Method: equity_%, ATR: 719360.50, Risk: 2021.24"
2024-01-01 16:00:00,EURUSD,1386077.5835024952,19.44856392881927,equity_%,7.498209731291168e-05,2021.308780331418,1.442920673275862e-06,2.885841346551724e-08,"Method: equity_%, ATR: 1386077.58, Risk: 2021.31"
2024-01-01 17:00:00,EURUSD,681260.3801143405,-34.01589649562024,equity_%,-8.728864072770335e-05,2022.7992527611163,2.935735085114339e-06,5.871470170228678e-08,"Method: equity_%, ATR: 681260.38, Risk: 2022.80"
2024-01-01 18:00:00,EURUSD,108559.07941946998,-24.096834493282763,equity_%,-0.000774173200120289,2025.1830306239465,1.8423148120776176e-05,3.684629624155235e-07,"Method: equity_%, ATR: 108559.08, Risk: 2025.18"
2024-01-01 19:00:00,EURUSD,1130694.8758038536,14.247925630544522,equity_%,0.00012541111117956238,2020.3800869924476,1.7688237939330222e-06,3.537647587866045e-08,"Method: equity_%, ATR: 1130694.88, Risk: 2020.38"
2024-01-01 20:00:00,EURUSD,631372.5282603763,33.07188893889902,equity_%,9.662002046045052e-05,2017.4919349861657,3.167701967506583e-06,6.335403935013167e-08,"Method: equity_%, ATR: 631372.53, Risk: 2017.49"
2024-01-01 21:00:00,EURUSD,544180.5528923476,25.735531923566796,equity_%,0.0001441830226573587,2019.2509340425272,3.6752507772831964e-06,7.350501554566394e-08,"Method: equity_%, ATR: 544180.55, Risk: 2019.25"
2024-01-01 22:00:00,EURUSD,1303810.5308241493,-37.39398995812859,equity_%,-4.1402755559540796e-05,2018.5780113511757,1.5339652140528304e-06,3.067930428105661e-08,"Method: equity_%, ATR: 1303810.53, Risk: 2018.58"
2024-01-01 23:00:00,EURUSD,2023980.2467892515,-150.0852498229723,equity_%,-6.659876043994011e-06,2023.0677552369998,9.88151936350519e-07,1.976303872701038e-08,"Method: equity_%, ATR: 2023980.25, Risk: 2023.07"
2024-01-02 00:00:00,EURUSD,506065.4844173246,-128.24919580778612,equity_%,-3.111975132149544e-05,2019.7493925943954,3.952057711074223e-06,7.904115422148448e-08,"Method: equity_%, ATR: 506065.48, Risk: 2019.75"
2024-01-02 01:00:00,EURUSD,495223.2329529863,-84.82014576440636,equity_%,-4.8159734460420566e-05,2022.9451577631694,4.038582737877867e-06,8.077165475755733e-08,"Method: equity_%, ATR: 495223.23, Risk: 2022.95"
2024-01-02 02:00:00,EURUSD,478121.7485792108,-75.91976043971239,equity_%,-5.565780582521889e-05,2020.3164941019563,4.183034982079797e-06,8.366069964159594e-08,"Method: equity_%, ATR: 478121.75, Risk: 2020.32"
2024-01-02 03:00:00,EURUSD,630814.2910525928,-133.00098190499418,equity_%,-2.408565183529638e-05,2020.760179119523,3.170505215826276e-06,6.341010431652552e-08,"Method: equity_%, ATR: 630814.29, Risk: 2020.76"
2024-01-02 04:00:00,EURUSD,1111900.2735821134,-124.11325883117502,equity_%,-1.463075454701388e-05,2019.067045826809,1.798722464161981e-06,3.597444928323962e-08,"Method: equity_%, ATR: 1111900.27, Risk: 2019.07"
2024-01-02 05:00:00,EURUSD,639456.0231783156,-152.56994466368104,equity_%,-2.0769142810652342e-05,2026.2743354682227,3.1276583963652647e-06,6.25531679273053e-08,"Method: equity_%, ATR: 639456.02, Risk: 2026.27"
2024-01-02 06:00:00,EURUSD,467224.78472977114,-155.30951183280484,equity_%,-2.78890802428181e-05,2023.7558589793125,4.280594834361667e-06,8.561189668723335e-08,"Method: equity_%, ATR: 467224.78, Risk: 2023.76"
2024-01-02 07:00:00,EURUSD,387725.1429562853,-126.60483726655953,equity_%,-4.125029918756091e-05,2024.8896798932055,5.158293281551497e-06,1.0316586563102994e-07,"Method: equity_%, ATR: 387725.14, Risk: 2024.89"
2024-01-02 08:00:00,EURUSD,384822.65932214813,-113.0284932595499,equity_%,-4.6468931398470404e-05,2021.209171449145,5.1971991553796e-06,1.0394398310759202e-07,"Method: equity_%, ATR: 384822.66, Risk: 2021.21"
2024-01-02 09:00:00,EURUSD,789515.0548598495,-134.18525368800653,equity_%,-1.9138034970797077e-05,2027.507881815357,2.533200586472704e-06,5.0664011729454083e-08,"Method: equity_%, ATR: 789515.05, Risk: 2027.51"
2024-01-02 10:00:00,EURUSD,1147679.7524163686,-218.81629677078718,equity_%,-8.084272590149706e-06,2030.2117290638885,1.7426464096705758e-06,3.485292819341151e-08,"Method: equity_%, ATR: 1147679.75, Risk: 2030.21"
2024-01-02 11:00:00,EURUSD,529086.9245412222,-201.4224360791749,equity_%,-1.9068434665988974e-05,2032.1226483326845,3.7800971961917695e-06,7.560194392383539e-08,"Method: equity_%, ATR: 529086.92, Risk: 2032.12"
2024-01-02 12:00:00,EURUSD,1403766.830170417,-86.77829903409896,equity_%,-1.673045625659893e-05,2038.0455871505596,1.4247380384085587e-06,2.8494760768171177e-08,"Method: equity_%, ATR: 1403766.83, Risk: 2038.05"
2024-01-02 13:00:00,EURUSD,362573.89494202373,-56.66220439051958,equity_%,-9.929733285712567e-05,2039.9878544748276,5.516116929267078e-06,1.1032233858534156e-07,"Method: equity_%, ATR: 362573.89, Risk: 2039.99"
2024-01-02 14:00:00,EURUSD,2288044.946461628,-223.80942862697572,equity_%,-3.9878974242032925e-06,2042.1465685432506,8.741087027564391e-07,1.7482174055128782e-08,"Method: equity_%, ATR: 2288044.95, Risk: 2042.15"
2024-01-02 15:00:00,EURUSD,60715.00987536894,-218.5414002224404,equity_%,-0.00015404938526587532,2044.041744407446,3.2940783574036215e-05,6.588156714807244e-07,"Method: equity_%, ATR: 60715.01, Risk: 2044.04"
2024-01-02 16:00:00,EURUSD,368059.9422239649,-212.47948888400677,equity_%,-2.6177708783836792e-05,2047.2326473837754,5.4338975002691214e-06,1.0867795000538244e-07,"Method: equity_%, ATR: 368059.94, Risk: 2047.23"
2024-01-02 17:00:00,EURUSD,1385822.0948814924,-165.17965441432113,equity_%,-8.943509541114984e-06,2047.2553232320117,1.4431866885273096e-06,2.8863733770546194e-08,"Method: equity_%, ATR: 1385822.09, Risk: 2047.26"
2024-01-02 18:00:00,EURUSD,779844.9813038161,-228.38637864198557,equity_%,-1.1499403684875994e-05,2048.112461309922,2.5646122600625284e-06,5.129224520125057e-08,"Method: equity_%, ATR: 779844.98, Risk: 2048.11"
2024-01-02 19:00:00,EURUSD,799140.6972049094,-232.04032646852627,equity_%,-1.1066233749705708e-05,2052.043465195294,2.5026882087162377e-06,5.0053764174324764e-08,"Method: equity_%, ATR: 799140.70, Risk: 2052.04"
2024-01-02 20:00:00,EURUSD,351507.2775882305,-235.48141322905525,equity_%,-2.4819263524159712e-05,2054.375584049968,5.689782623342664e-06,1.1379565246685326e-07,"Method: equity_%, ATR: 351507.28, Risk: 2054.38"
2024-01-02 21:00:00,EURUSD,2425005.639009451,-213.21720266816453,equity_%,-3.975478674526888e-06,2055.5328523076614,8.247403502191219e-07,1.6494807004382437e-08,"Method: equity_%, ATR: 2425005.64, Risk: 2055.53"
2024-01-02 22:00:00,EURUSD,1183339.090162648,-223.93501055237192,equity_%,-7.746794740462488e-06,2052.8312851345695,1.6901326226999767e-06,3.380265245399953e-08,"Method: equity_%, ATR: 1183339.09, Risk: 2052.83"
2024-01-02 23:00:00,EURUSD,375757.03032145865,-239.37977753016992,equity_%,-2.2888901554390938e-05,2058.8254359881794,5.322588371238213e-06,1.0645176742476424e-07,"Method: equity_%, ATR: 375757.03, Risk: 2058.83"
2024-01-03 00:00:00,EURUSD,750777.097599437,-176.08667364796455,equity_%,-1.5569685309532134e-05,2058.341073658327,2.663906512858311e-06,5.327813025716622e-08,"Method: equity_%, ATR: 750777.10, Risk: 2058.34"
2024-01-03 01:00:00,EURUSD,544297.3545658162,-195.01163909662824,equity_%,-1.9433944271002947e-05,2062.802785373585,3.6744620991138048e-06,7.34892419822761e-08,"Method: equity_%, ATR: 544297.35, Risk: 2062.80"
2024-01-03 02:00:00,EURUSD,671256.4182909821,-160.01923181733778,equity_%,-1.9223111221783437e-05,2064.830046328649,2.979487339714378e-06,5.958974679428756e-08,"Method: equity_%, ATR: 671256.42, Risk: 2064.83"
2024-01-03 03:00:00,EURUSD,658588.2850710328,-162.61974486967293,equity_%,-1.9257330672719996e-05,2062.4496947604594,3.036798627209543e-06,6.073597254419086e-08,"Method: equity_%, ATR: 658588.29, Risk: 2062.45"
2024-01-03 04:00:00,EURUSD,1057101.0006394996,-196.15805688399607,equity_%,-9.971632461492415e-06,2067.7065211930512,1.891966802405908e-06,3.783933604811816e-08,"Method: equity_%, ATR: 1057101.00, Risk: 2067.71"
2024-01-03 05:00:00,EURUSD,1193206.0660415143,-267.66051225994875,equity_%,-6.4813328299410465e-06,2069.97014313225,1.6761564133134533e-06,3.3523128266269065e-08,"Method: equity_%, ATR: 1193206.07, Risk: 2069.97"
2024-01-03 06:00:00,EURUSD,1283069.9770326428,-209.06784646948336,equity_%,-7.73713482080324e-06,2075.476179202461,1.5587614360873768e-06,3.1175228721747536e-08,"Method: equity_%, ATR: 1283069.98, Risk: 2075.48"
2024-01-03 07:00:00,EURUSD,952185.1922651501,-208.51105802466648,equity_%,-1.045843160513028e-05,2076.4289531002532,2.100431739798648e-06,4.2008634795972966e-08,"Method: equity_%, ATR: 952185.19, Risk: 2076.43"
2024-01-03 08:00:00,EURUSD,341469.84701606643,-216.78700811803319,equity_%,-2.809870508353741e-05,2080.0411067901546,5.85703252418038e-06,1.1714065048360762e-07,"Method: equity_%, ATR: 341469.85, Risk: 2080.04"
2024-01-03 09:00:00,EURUSD,767011.9003243928,-278.51557921252385,equity_%,-9.719161251123832e-06,2076.25352545612,2.6075214728143582e-06,5.2150429456287154e-08,"Method: equity_%, ATR: 767011.90, Risk: 2076.25"
2024-01-03 10:00:00,EURUSD,613348.1314953039,-228.78239116411413,equity_%,-1.4796214071497698e-05,2076.2528778653386,3.26079089068736e-06,6.521581781374719e-08,"Method: equity_%, ATR: 613348.13, Risk: 2076.25"
2024-01-03 11:00:00,EURUSD,409164.33441508445,-203.64192283304138,equity_%,-2.4890289641397188e-05,2073.933897868645,4.88801156840582e-06,9.77602313681164e-08,"Method: equity_%, ATR: 409164.33, Risk: 2073.93"
2024-01-03 12:00:00,EURUSD,722586.4339041413,-153.8363111505475,equity_%,-1.86605699792905e-05,2074.30954631853,2.7678349691593037e-06,5.5356699383186076e-08,"Method: equity_%, ATR: 722586.43, Risk: 2074.31"
2024-01-03 13:00:00,EURUSD,1045042.1492861196,-113.2695251390537,equity_%,-1.7548364640309923e-05,2077.2249815370483,1.913798406472144e-06,3.827596812944288e-08,"Method: equity_%, ATR: 1045042.15, Risk: 2077.22"
2024-01-03 14:00:00,EURUSD,663628.6864206168,-92.94909274639345,equity_%,-3.367035001329088e-05,2076.911241274086,3.0137334942335107e-06,6.027466988467021e-08,"Method: equity_%, ATR: 663628.69, Risk: 2076.91"
2024-01-03 15:00:00,EURUSD,176054.63166573187,-98.49781178524822,equity_%,-0.00012000480080309307,2081.0027675550023,1.1360110103762128e-05,2.2720220207524254e-07,"Method: equity_%, ATR: 176054.63, Risk: 2081.00"
2024-01-03 16:00:00,EURUSD,424426.74909842067,-80.29986095704,equity_%,-6.102837278071246e-05,2079.932929624352,4.71223834088793e-06,9.424476681775862e-08,"Method: equity_%, ATR: 424426.75, Risk: 2079.93"
2024-01-03 17:00:00,EURUSD,456836.25802793726,-56.80238667830386,equity_%,-8.031358954339177e-05,2084.0886394653016,4.377936218621448e-06,8.755872437242895e-08,"Method: equity_%, ATR: 456836.26, Risk: 2084.09"
2024-01-03 18:00:00,EURUSD,1149449.8648106023,-104.3755833191008,equity_%,-1.7416350212754207e-05,2089.517910962924,1.7399627954452324e-06,3.479925590890465e-08,"Method: equity_%, ATR: 1149449.86, Risk: 2089.52"
2024-01-03 19:00:00,EURUSD,842700.8747790729,-154.7291390478413,equity_%,-1.6059915432776888e-05,2094.058489368197,2.3733213763713386e-06,4.746642752742678e-08,"Method: equity_%, ATR: 842700.87, Risk: 2094.06"
2024-01-03 20:00:00,EURUSD,1092351.0585811099,-180.47198996286227,equity_%,-1.062462715913573e-05,2094.525922212708,1.830913225458732e-06,3.661826450917464e-08,"Method: equity_%, ATR: 1092351.06, Risk: 2094.53"
2024-01-03 21:00:00,EURUSD,316359.72786494676,-177.57411839412944,equity_%,-3.719740126236334e-05,2089.6495614188752,6.321917184268774e-06,1.2643834368537548e-07,"Method: equity_%, ATR: 316359.73, Risk: 2089.65"
2024-01-03 22:00:00,EURUSD,293744.6786422143,-169.36748635625173,equity_%,-4.2067587913433976e-05,2092.8960624090873,6.8086339784763626e-06,1.3617267956952726e-07,"Method: equity_%, ATR: 293744.68, Risk: 2092.90"
2024-01-03 23:00:00,EURUSD,722514.5387129649,-191.18646462196713,equity_%,-1.5159230852430594e-05,2094.0203582649415,2.768110387872133e-06,5.536220775744265e-08,"Method: equity_%, ATR: 722514.54, Risk: 2094.02"
2024-01-04 00:00:00,EURUSD,215347.83679447885,-193.62438812925853,equity_%,-5.0185998954520376e-05,2092.5851794445593,9.287300164100263e-06,1.8574600328200526e-07,"Method: equity_%, ATR: 215347.84, Risk: 2092.59"
2024-01-04 01:00:00,EURUSD,2952495.7481245142,-382.51391671237525,equity_%,-1.8527276462330802e-06,2092.4163422499482,6.773930161526705e-07,1.3547860323053411e-08,"Method: equity_%, ATR: 2952495.75, Risk: 2092.42"
2024-01-04 02:00:00,EURUSD,437302.36011914484,-418.74878392485954,equity_%,-1.145817796427427e-05,2098.2196181992826,4.573494639853056e-06,9.146989279706114e-08,"Method: equity_%, ATR: 437302.36, Risk: 2098.22"
2024-01-04 03:00:00,EURUSD,174201.25769861272,-426.84497138518026,equity_%,-2.8192497638334603e-05,2096.307597597452,1.148097336622115e-05,2.2961946732442298e-07,"Method: equity_%, ATR: 174201.26, Risk: 2096.31"
2024-01-04 04:00:00,EURUSD,772251.9146093037,-392.7745868709246,equity_%,-6.9207639176691435e-06,2099.212525124316,2.5898284771645226e-06,5.1796569543290455e-08,"Method: equity_%, ATR: 772251.91, Risk: 2099.21"
2024-01-04 05:00:00,EURUSD,328811.62774966296,-420.0595523195801,equity_%,-1.5214011894393704e-05,2101.366399651228,6.082509957715599e-06,1.21650199154312e-07,"Method: equity_%, ATR: 328811.63, Risk: 2101.37"
2024-01-04 06:00:00,EURUSD,618334.9331848689,-443.1778777103986,equity_%,-7.669875961204375e-06,2101.7942366572383,3.2344929789079904e-06,6.46898595781598e-08,"Method: equity_%, ATR: 618334.93, Risk: 2101.79"
2024-01-04 07:00:00,EURUSD,487944.676790799,-425.67116112367296,equity_%,-1.013571267999597e-05,2105.2278347191773,4.09882532821949e-06,8.197650656438981e-08,"Method: equity_%, ATR: 487944.68, Risk: 2105.23"
2024-01-04 08:00:00,EURUSD,654675.7442059715,-420.18269420783776,equity_%,-7.676306284091106e-06,2111.6245704958737,3.05494745711973e-06,6.10989491423946e-08,"Method: equity_%, ATR: 654675.74, Risk: 2111.62"
2024-01-04 09:00:00,EURUSD,1079398.335397479,-320.9919137274717,equity_%,-6.09630573553121e-06,2112.2366559842153,1.8528840877483081e-06,3.7057681754966164e-08,"Method: equity_%, ATR: 1079398.34, Risk: 2112.24"
2024-01-04 10:00:00,EURUSD,1463575.2494050069,-259.7109681040453,equity_%,-5.558986398422623e-06,2113.007113139984,1.3665166863221198e-06,2.73303337264424e-08,"Method: equity_%, ATR: 1463575.25, Risk: 2113.01"
2024-01-04 11:00:00,EURUSD,593143.6900403673,-302.2242562237795,equity_%,-1.1806007189614e-05,2116.373307854955,3.3718642439977526e-06,6.743728487995505e-08,"Method: equity_%, ATR: 593143.69, Risk: 2116.37"
2024-01-04 12:00:00,EURUSD,449884.64902014984,-266.49385927774114,equity_%,-1.7687893644918473e-05,2120.6280363192595,4.445584005491199e-06,8.891168010982399e-08,"Method: equity_%, ATR: 449884.65, Risk: 2120.63"
2024-01-04 13:00:00,EURUSD,366391.41627626173,-253.3979726229453,equity_%,-2.2853080187685054e-05,2121.7449146978133,5.458643164533051e-06,1.0917286329066104e-07,"Method: equity_%, ATR: 366391.42, Risk: 2121.74"
2024-01-04 14:00:00,EURUSD,574930.1552481452,-241.99737820606126,equity_%,-1.5254111522109274e-05,2122.3287934895325,3.4786834222267935e-06,6.957366844453589e-08,"Method: equity_%, ATR: 574930.16, Risk: 2122.33"
2024-01-04 15:00:00,EURUSD,643946.9585547417,-245.39663001006664,equity_%,-1.3397946573346473e-05,2117.1758539273733,3.1058458673191802e-06,6.211691734638362e-08,"Method: equity_%, ATR: 643946.96, Risk: 2117.18"
2024-01-04 16:00:00,EURUSD,786629.4379569249,-239.33444814225015,equity_%,-1.1241141328683446e-05,2116.3418271902738,2.542493203908698e-06,5.084986407817395e-08,"Method: equity_%, ATR: 786629.44, Risk: 2116.34"
2024-01-04 17:00:00,EURUSD,886430.9893390805,-207.94667293914333,equity_%,-1.1470838118285038e-05,2114.423892174071,2.2562388093981154e-06,4.5124776187962305e-08,"Method: equity_%, ATR: 886430.99, Risk: 2114.42"
2024-01-04 18:00:00,EURUSD,880579.6538818881,-238.95040788839916,equity_%,-1.0065722981441587e-05,2117.977767163007,2.27123121819058e-06,4.542462436381161e-08,"Method: equity_%, ATR: 880579.65, Risk: 2117.98"
2024-01-04 19:00:00,EURUSD,1123945.2387046816,-202.55617576017517,equity_%,-9.306540394782606e-06,2118.746058317204,1.779446125244455e-06,3.5588922504889106e-08,"Method: equity_%, ATR: 1123945.24, Risk: 2118.75"
2024-01-04 20:00:00,EURUSD,497749.4800025616,-179.41312938478876,equity_%,-2.3732707000879416e-05,2119.396993500587,4.018085563825615e-06,8.036171127651232e-08,"Method: equity_%, ATR: 497749.48, Risk: 2119.40"
2024-01-04 21:00:00,EURUSD,1054796.2743808816,-135.0663324306664,equity_%,-1.4886695962418529e-05,2120.869824709718,1.8961007434102958e-06,3.792201486820591e-08,"Method: equity_%, ATR: 1054796.27, Risk: 2120.87"
2024-01-04 22:00:00,EURUSD,1962158.3959188112,-84.73127455439933,equity_%,-1.2749957762837776e-05,2119.759295299342,1.0192857030094498e-06,2.0385714060188993e-08,"Method: equity_%, ATR: 1962158.40, Risk: 2119.76"
2024-01-04 23:00:00,EURUSD,693801.8367507966,-87.54099667437323,equity_%,-3.500255839475708e-05,2125.919036859408,2.8826674910034443e-06,5.7653349820068886e-08,"Method: equity_%, ATR: 693801.84, Risk: 2125.92"
2024-01-05 00:00:00,EURUSD,335798.86997907877,-104.0330213551244,equity_%,-6.100942306285787e-05,2131.313618594498,5.95594618923109e-06,1.191189237846218e-07,"Method: equity_%, ATR: 335798.87, Risk: 2131.31"
2024-01-05 01:00:00,EURUSD,645799.9799685564,-124.97459477847414,equity_%,-2.6486250319018094e-05,2137.667938943641,3.096934131365843e-06,6.193868262731686e-08,"Method: equity_%, ATR: 645799.98, Risk: 2137.67"
2024-01-05 02:00:00,EURUSD,841475.9792378544,-71.27351108460499,equity_%,-3.57018768451013e-05,2141.2181906373576,2.376776104543649e-06,4.753552209087298e-08,"Method: equity_%, ATR: 841475.98, Risk: 2141.22"
2024-01-05 03:00:00,EURUSD,801674.2580421724,-53.11315826950511,equity_%,-5.032074553176556e-05,2142.6297562922914,2.4947788705157465e-06,4.989557741031493e-08,"Method: equity_%, ATR: 801674.26, Risk: 2142.63"
2024-01-05 04:00:00,EURUSD,533320.8986337421,-81.95887026217535,equity_%,-4.916392915941954e-05,2148.9739442013124,3.7500874335200185e-06,7.500174867040038e-08,"Method: equity_%, ATR: 533320.90, Risk: 2148.97"
2024-01-05 05:00:00,EURUSD,901626.8001250242,-94.25399245291041,equity_%,-2.5281035092612712e-05,2148.4310436935734,2.218212679262273e-06,4.436425358524547e-08,"Method: equity_%, ATR: 901626.80, Risk: 2148.43"
2024-01-05 06:00:00,EURUSD,959738.8318950454,-155.52588041492447,equity_%,-1.438601507412731e-05,2147.3174167564744,2.083900258626521e-06,4.167800517253042e-08,"Method: equity_%, ATR: 959738.83, Risk: 2147.32"
2024-01-05 07:00:00,EURUSD,710076.3924113335,-164.70572114224842,equity_%,-1.8357810869964138e-05,2147.0128822121646,2.816598356703906e-06,5.6331967134078126e-08,"Method: equity_%, ATR: 710076.39, Risk: 2147.01"
2024-01-05 08:00:00,EURUSD,431571.43530477496,-136.8223261155942,equity_%,-3.6412060861241126e-05,2150.081496012908,4.634227004823904e-06,9.268454009647807e-08,"Method: equity_%, ATR: 431571.44, Risk: 2150.08"
2024-01-05 09:00:00,EURUSD,456810.6168298054,-125.50358861576481,equity_%,-3.748898928422136e-05,2149.295180432745,4.3781819561893915e-06,8.756363912378785e-08,"Method: equity_%, ATR: 456810.62, Risk: 2149.30"
2024-01-05 10:00:00,EURUSD,975123.7237332074,-60.606999592454926,equity_%,-3.6385003206401166e-05,2150.329061468091,2.051021784541463e-06,4.102043569082926e-08,"Method: equity_%, ATR: 975123.72, Risk: 2150.33"
2024-01-05 11:00:00,EURUSD,2346798.759995321,38.13073560430169,equity_%,2.399306681458959e-05,2147.0234955864366,8.522247557366136e-07,1.704449511473227e-08,"Method: equity_%, ATR: 2346798.76, Risk: 2147.02"
2024-01-05 12:00:00,EURUSD,1123984.7141155535,92.90473780604182,equity_%,2.0588916118346118e-05,2149.966788582721,1.7793836294061786e-06,3.558767258812357e-08,"Method: equity_%, ATR: 1123984.71, Risk: 2149.97"
2024-01-05 13:00:00,EURUSD,385562.21785675833,114.4781172382873,equity_%,4.864049647378735e-05,2146.9154784811717,5.187230250716701e-06,1.0374460501433402e-07,"Method: equity_%, ATR: 385562.22, Risk: 2146.92"
2024-01-05 14:00:00,EURUSD,592716.5841874293,103.06278187546626,equity_%,3.512397550674481e-05,2145.618995316576,3.3742939768453624e-06,6.748587953690724e-08,"Method: equity_%, ATR: 592716.58, Risk: 2145.62"
2024-01-05 15:00:00,EURUSD,1183974.9750847295,178.72860813852571,equity_%,1.0163831909555668e-05,2150.7704967212658,1.6892248924913917e-06,3.3784497849827835e-08,"Method: equity_%, ATR: 1183974.98, Risk: 2150.77"
2024-01-05 16:00:00,EURUSD,1209774.5658305697,262.37433313410816,equity_%,6.79180138341343e-06,2155.811451672224,1.6532005685099696e-06,3.30640113701994e-08,"Method: equity_%, ATR: 1209774.57, Risk: 2155.81"
2024-01-05 17:00:00,EURUSD,478944.3477975402,242.86615733690726,equity_%,1.855610401938639e-05,2158.4343909408635,4.175850512062921e-06,8.351701024125842e-08,"Method: equity_%, ATR: 478944.35, Risk: 2158.43"
2024-01-05 18:00:00,EURUSD,841752.8023550406,256.6059964811553,equity_%,1.000357972005078e-05,2160.761381686069,2.3759944658389454e-06,4.7519889316778906e-08,"Method: equity_%, ATR: 841752.80, Risk: 2160.76"
2024-01-05 19:00:00,EURUSD,491878.6937327485,275.02063471842223,equity_%,1.5972204055717516e-05,2160.6685027446065,4.066043163655827e-06,8.132086327311655e-08,"Method: equity_%, ATR: 491878.69, Risk: 2160.67"
2024-01-05 20:00:00,EURUSD,733017.21703549,317.0102506412471,equity_%,9.29471479091391e-06,2159.8497917533796,2.728448873395517e-06,5.456897746791035e-08,"Method: equity_%, ATR: 733017.22, Risk: 2159.85"
2024-01-05 21:00:00,EURUSD,2405743.261347442,437.08059955261245,equity_%,2.0544512132463345e-06,2160.2630666601076,8.313439061156562e-07,1.662687812231312e-08,"Method: equity_%, ATR: 2405743.26, Risk: 2160.26"
2024-01-05 22:00:00,EURUSD,1138313.8787341,469.8281727225944,equity_%,4.033608797072829e-06,2157.2221041367206,1.7569846396181756e-06,3.5139692792363505e-08,"Method: equity_%, ATR: 1138313.88, Risk: 2157.22"
2024-01-05 23:00:00,EURUSD,984799.009855625,508.05133738684435,equity_%,4.31612360335491e-06,2159.4794498015817,2.0308712539152607e-06,4.061742507830522e-08,"Method: equity_%, ATR: 984799.01, Risk: 2159.48"
2024-01-06 00:00:00,EURUSD,424537.7727635071,511.02831253778004,equity_%,9.96136325734986e-06,2161.125943176007,4.711006012447612e-06,9.422012024895224e-08,"Method: equity_%, ATR: 424537.77, Risk: 2161.13"
2024-01-06 01:00:00,EURUSD,1691815.0785667377,456.4232713293889,equity_%,2.7970358299307735e-06,2159.825679375876,1.1821622973678355e-06,2.3643245947356715e-08,"Method: equity_%, ATR: 1691815.08, Risk: 2159.83"
2024-01-06 02:00:00,EURUSD,1510377.3482953245,549.9102756158891,equity_%,2.6078794648061777e-06,2166.0317251324,1.3241724011931749e-06,2.64834480238635e-08,"Method: equity_%, ATR: 1510377.35, Risk: 2166.03"
2024-01-06 03:00:00,EURUSD,359168.786080096,547.4624642123921,equity_%,1.1032582536038877e-05,2169.3524662632612,5.568412616885902e-06,1.1136825233771807e-07,"Method: equity_%, ATR: 359168.79, Risk: 2169.35"
2024-01-06 04:00:00,EURUSD,1092204.3682414119,642.4797720289077,equity_%,3.096577590893505e-06,2172.927991675288,1.8311591293305802e-06,3.6623182586611604e-08,"Method: equity_%, ATR: 1092204.37, Risk: 2172.93"
2024-01-06 05:00:00,EURUSD,527116.5174918121,620.8198911271827,equity_%,6.640192607511339e-06,2172.96597189717,3.7942275258545027e-06,7.588455051709006e-08,"Method: equity_%, ATR: 527116.52, Risk: 2172.97"
2024-01-06 06:00:00,EURUSD,439551.76923003024,587.4284863410146,equity_%,8.421448232197506e-06,2174.461981663091,4.550089750527979e-06,9.100179501055958e-08,"Method: equity_%, ATR: 439551.77, Risk: 2174.46"
2024-01-06 07:00:00,EURUSD,904383.2562672651,577.6500917929177,equity_%,4.16878433070731e-06,2177.8440996736535,2.21145182215642e-06,4.4229036443128407e-08,"Method: equity_%, ATR: 904383.26, Risk: 2177.84"
2024-01-06 08:00:00,EURUSD,692700.763347093,534.0325963784367,equity_%,5.892555790837262e-06,2179.802446774954,2.887249597266368e-06,5.774499194532737e-08,"Method: equity_%, ATR: 692700.76, Risk: 2179.80"
2024-01-06 09:00:00,EURUSD,1056512.0003041956,496.9857249577785,equity_%,4.163449432620487e-06,2186.108149129264,1.893021564756625e-06,3.78604312951325e-08,"Method: equity_%, ATR: 1056512.00, Risk: 2186.11"
2024-01-06 10:00:00,EURUSD,1031737.1563225833,519.3684553502512,equity_%,4.081346855655899e-06,2186.9967864210134,1.9384782138976095e-06,3.876956427795219e-08,"Method: equity_%, ATR: 1031737.16, Risk: 2187.00"
2024-01-06 11:00:00,EURUSD,1320022.294532315,429.2686368268218,equity_%,3.859535166732296e-06,2186.9831048243054,1.5151259249818968e-06,3.030251849963794e-08,"Method: equity_%, ATR: 1320022.29, Risk: 2186.98"
2024-01-06 12:00:00,EURUSD,678561.3604347617,397.3146192452414,equity_%,8.124505870175776e-06,2190.3858634537196,2.9474121525554854e-06,5.894824305110971e-08,"Method: equity_%, ATR: 678561.36, Risk: 2190.39"
2024-01-06 13:00:00,EURUSD,1118944.8940828731,337.25761586750536,equity_%,5.7982254558273965e-06,2188.09192163686,1.7873981199398304e-06,3.574796239879661e-08,"Method: equity_%, ATR: 1118944.89, Risk: 2188.09"
2024-01-06 14:00:00,EURUSD,3268913.2553653303,454.5508098830533,equity_%,1.4754584736610996e-06,2192.3648124337847,6.118241273968838e-07,1.2236482547937677e-08,"Method: equity_%, ATR: 3268913.26, Risk: 2192.36"
2024-01-06 15:00:00,EURUSD,594203.9775762964,446.2251318194159,equity_%,8.259373999388816e-06,2189.9626770320087,3.36584754642306e-06,6.731695092846119e-08,"Method: equity_%, ATR: 594203.98, Risk: 2189.96"
2024-01-06 16:00:00,EURUSD,521962.6796240334,448.5637282426181,equity_%,9.368066472485428e-06,2193.3784310301844,3.8316915712069455e-06,7.66338314241389e-08,"Method: equity_%, ATR: 521962.68, Risk: 2193.38"
2024-01-06 17:00:00,EURUSD,149973.29841359032,443.64594322133667,equity_%,3.2959075869053215e-05,2192.9336103676665,1.333570723025962e-05,2.6671414460519237e-07,"Method: equity_%, ATR: 149973.30, Risk: 2192.93"
2024-01-06 18:00:00,EURUSD,1142361.7762176867,378.5525930560262,equity_%,5.077798047498084e-06,2195.863362808617,1.7507588590909605e-06,3.50151771818192e-08,"Method: equity_%, ATR: 1142361.78, Risk: 2195.86"
2024-01-06 19:00:00,EURUSD,1376996.4235691747,326.38776244721055,equity_%,4.895227253841494e-06,2200.0853916468,1.4524365973413354e-06,2.9048731946826704e-08,"Method: equity_%, ATR: 1376996.42, Risk: 2200.09"
2024-01-06 20:00:00,EURUSD,421398.7273175195,359.4980477859268,equity_%,1.4535720482130476e-05,2202.0456552333117,4.746098814135766e-06,9.492197628271534e-08,"Method: equity_%, ATR: 421398.73, Risk: 2202.05"
2024-01-06 21:00:00,EURUSD,1318168.6431429859,389.02503074426994,equity_%,4.29006285400417e-06,2199.9467923783895,1.5172565440726038e-06,3.034513088145207e-08,"Method: equity_%, ATR: 1318168.64, Risk: 2199.95"
2024-01-06 22:00:00,EURUSD,367668.71091279597,385.5009414169422,equity_%,1.5512972205567445e-05,2198.7564666448684,5.439679637232885e-06,1.0879359274465769e-07,"Method: equity_%, ATR: 367668.71, Risk: 2198.76"
2024-01-06 23:00:00,EURUSD,270571.32567759254,388.24785370520783,equity_%,2.0924292505706832e-05,2198.070489221767,7.391766274535537e-06,1.4783532549071074e-07,"Method: equity_%, ATR: 270571.33, Risk: 2198.07"
2024-01-07 00:00:00,EURUSD,2078335.5367942282,469.6871090273114,equity_%,2.2474479749769725e-06,2193.8854685409733,9.623085226579638e-07,1.9246170453159275e-08,"Method: equity_%, ATR: 2078335.54, Risk: 2193.89"
2024-01-07 01:00:00,EURUSD,409859.5914380945,463.6599305472992,equity_%,1.1570302668151512e-05,2198.7679021171693,4.879719888907569e-06,9.759439777815139e-08,"Method: equity_%, ATR: 409859.59, Risk: 2198.77"
2024-01-07 02:00:00,EURUSD,699367.7414951707,407.191779665867,equity_%,7.727449220550985e-06,2200.5982248744385,2.8597258371171395e-06,5.7194516742342787e-08,"Method: equity_%, ATR: 699367.74, Risk: 2200.60"
2024-01-07 03:00:00,EURUSD,1067113.6226469155,460.6210405593098,equity_%,4.473113263007582e-06,2198.6916707388714,1.874214664263316e-06,3.748429328526632e-08,"Method: equity_%, ATR: 1067113.62, Risk: 2198.69"
2024-01-07 04:00:00,EURUSD,730540.4784109254,485.0140090714184,equity_%,6.221901029876125e-06,2204.5586953112465,2.7376990859567542e-06,5.475398171913508e-08,"Method: equity_%, ATR: 730540.48, Risk: 2204.56"
2024-01-07 05:00:00,EURUSD,471051.50006557663,457.5269222498713,equity_%,1.022627860509792e-05,2203.954711010832,4.245820254731327e-06,8.491640509462653e-08,"Method: equity_%, ATR: 471051.50, Risk: 2203.95"
2024-01-07 06:00:00,EURUSD,964114.8141741201,502.5082827051799,equity_%,4.553802226551054e-06,2206.2064284780563,2.074441726853082e-06,4.148883453706164e-08,"Method: equity_%, ATR: 964114.81, Risk: 2206.21"
2024-01-07 07:00:00,EURUSD,356851.14179805166,505.5997083663809,equity_%,1.222250174738901e-05,2205.230616842468,5.604577835796405e-06,1.1209155671592809e-07,"Method: equity_%, ATR: 356851.14, Risk: 2205.23"
2024-01-07 08:00:00,EURUSD,737408.1237849322,510.405884768077,equity_%,5.846991791390957e-06,2200.675836382481,2.7122022872958034e-06,5.4244045745916063e-08,"Method: equity_%, ATR: 737408.12, Risk: 2200.68"
2024-01-07 09:00:00,EURUSD,317693.8090356941,528.7998911584814,equity_%,1.3084100844099024e-05,2198.082514705927,6.295369765217214e-06,1.2590739530434428e-07,"Method: equity_%, ATR: 317693.81, Risk: 2198.08"
2024-01-07 10:00:00,EURUSD,337873.4428713074,535.7172134492557,equity_%,1.2144646096604312e-05,2198.2370434133277,5.9193761516254475e-06,1.1838752303250896e-07,"Method: equity_%, ATR: 337873.44, Risk: 2198.24"
2024-01-07 11:00:00,EURUSD,281650.26471962506,545.2347142514499,equity_%,1.4341970761878037e-05,2202.4319340269462,7.101005220041047e-06,1.4202010440082094e-07,"Method: equity_%, ATR: 281650.26, Risk: 2202.43"
2024-01-07 12:00:00,EURUSD,545697.0993106642,494.67259693217824,equity_%,8.168334028131095e-06,2204.971533467404,3.665036890477227e-06,7.330073780954454e-08,"Method: equity_%, ATR: 545697.10, Risk: 2204.97"
2024-01-07 13:00:00,EURUSD,1203347.6893910733,457.6243617046063,equity_%,4.007567492121533e-06,2206.8921488459177,1.662030033075523e-06,3.324060066151046e-08,"Method: equity_%, ATR: 1203347.69, Risk: 2206.89"
2024-01-07 14:00:00,EURUSD,423809.702569788,474.9661235253405,equity_%,1.094095389288488e-05,2202.362065977683,4.719099133108364e-06,9.438198266216728e-08,"Method: equity_%, ATR: 423809.70, Risk: 2202.36"
2024-01-07 15:00:00,EURUSD,1859874.334131154,375.7849137387733,equity_%,3.158723933901165e-06,2207.6723244207233,1.0753414697419897e-06,2.1506829394839796e-08,"Method: equity_%, ATR: 1859874.33, Risk: 2207.67"
2024-01-07 16:00:00,EURUSD,722187.9957754464,395.32152707789135,equity_%,7.740352903978783e-06,2209.84336351021,2.7693620105835576e-06,5.538724021167115e-08,"Method: equity_%, ATR: 722188.00, Risk: 2209.84"
2024-01-07 17:00:00,EURUSD,1402351.3991064117,261.0373727967916,equity_%,6.039851709136556e-06,2210.9851105005337,1.4261760649109875e-06,2.852352129821975e-08,"Method: equity_%, ATR: 1402351.40, Risk: 2210.99"
2024-01-07 18:00:00,EURUSD,858059.2227690815,245.41359144173026,equity_%,1.0522788206600674e-05,2215.8823798305,2.330841446521267e-06,4.6616828930425344e-08,"Method: equity_%, ATR: 858059.22, Risk: 2215.88"
2024-01-07 19:00:00,EURUSD,718921.3997442758,213.3858364493069,equity_%,1.4478580133417782e-05,2221.124870001205,2.7819452873588278e-06,5.563890574717656e-08,"Method: equity_%, ATR: 718921.40, Risk: 2221.12"
2024-01-07 20:00:00,EURUSD,739431.2940894281,256.10726335723484,equity_%,1.175500264752337e-05,2226.088640744033,2.7047813853522357e-06,5.409562770704471e-08,"Method: equity_%, ATR: 739431.29, Risk: 2226.09"
2024-01-07 21:00:00,EURUSD,1707181.73947245,344.1664810859482,equity_%,3.790025440265556e-06,2226.847381253923,1.1715214342780142e-06,2.343042868556028e-08,"Method: equity_%, ATR: 1707181.74, Risk: 2226.85"
2024-01-07 22:00:00,EURUSD,1143650.8702273017,363.65013042506376,equity_%,5.3507981343689945e-06,2225.3369515715704,1.7487854484843773e-06,3.497570896968754e-08,"Method: equity_%, ATR: 1143650.87, Risk: 2225.34"
2024-01-07 23:00:00,EURUSD,832570.0845933397,408.1107121895769,equity_%,6.56247767994639e-06,2229.8037203229965,2.402200171504936e-06,4.804400343009873e-08,"Method: equity_%, ATR: 832570.08, Risk: 2229.80"
2024-01-08 00:00:00,EURUSD,705253.0864468054,442.9266781380984,equity_%,7.129910064368954e-06,2227.208556993785,2.835861392789313e-06,5.6717227855786266e-08,"Method: equity_%, ATR: 705253.09, Risk: 2227.21"
2024-01-08 01:00:00,EURUSD,523995.75429251173,421.6195302776014,equity_%,1.0114435569952231e-05,2234.550327209778,3.816824818934571e-06,7.633649637869143e-08,"Method: equity_%, ATR: 523995.75, Risk: 2234.55"
2024-01-08 02:00:00,EURUSD,274365.1342357674,401.7071698155069,equity_%,2.0288941213090745e-05,2236.1343258453617,7.2895559618787445e-06,1.457911192375749e-07,"Method: equity_%, ATR: 274365.13, Risk: 2236.13"
2024-01-08 03:00:00,EURUSD,1588949.862369363,421.2103034158394,equity_%,3.3385799916820924e-06,2234.451673078263,1.2586929565025417e-06,2.5173859130050834e-08,"Method: equity_%, ATR: 1588949.86, Risk: 2234.45"
2024-01-08 04:00:00,EURUSD,550487.8847100884,438.81862392164595,equity_%,9.240834569704922e-06,2232.256067415793,3.6331408111793223e-06,7.266281622358644e-08,"Method: equity_%, ATR: 550487.88, Risk: 2232.26"
2024-01-08 05:00:00,EURUSD,325412.24936037965,413.0030736348091,equity_%,1.6592152686976645e-05,2229.923252943625,6.146050137728801e-06,1.2292100275457602e-07,"Method: equity_%, ATR: 325412.25, Risk: 2229.92"
2024-01-08 06:00:00,EURUSD,832961.718706951,381.15882573951325,equity_%,7.0296366704027166e-06,2231.8443416637874,2.4010707276016263e-06,4.8021414552032524e-08,"Method: equity_%, ATR: 832961.72, Risk: 2231.84"
2024-01-08 07:00:00,EURUSD,566353.7501696618,370.4858094581495,equity_%,1.0643699404474868e-05,2233.325164703608,3.531361802408589e-06,7.062723604817178e-08,"Method: equity_%, ATR: 566353.75, Risk: 2233.33"
2024-01-08 08:00:00,EURUSD,588885.7436315572,322.5908486016329,equity_%,1.1744629996103875e-05,2231.1173981830802,3.3962445544467483e-06,6.792489108893496e-08,"Method: equity_%, ATR: 588885.74, Risk: 2231.12"
2024-01-08 09:00:00,EURUSD,375302.62928900355,318.1584071443578,equity_%,1.868879189847978e-05,2231.548030823413,5.3290327429597905e-06,1.0658065485919583e-07,"Method: equity_%, ATR: 375302.63, Risk: 2231.55"
2024-01-08 10:00:00,EURUSD,447852.2132595185,324.981453274507,equity_%,1.5314608530012052e-05,2228.944224665139,4.465758883815213e-06,8.931517767630424e-08,"Method: equity_%, ATR: 447852.21, Risk: 2228.94"
2024-01-08 11:00:00,EURUSD,860405.3575937706,354.6894510556543,equity_%,7.3144905919829626e-06,2232.2121300829713,2.3244857581933774e-06,4.6489715163867536e-08,"Method: equity_%, ATR: 860405.36, Risk: 2232.21"
2024-01-08 12:00:00,EURUSD,867210.5569799402,289.18281106686766,equity_%,8.90632065545872e-06,2233.548350284633,2.306244987336176e-06,4.6124899746723516e-08,"Method: equity_%, ATR: 867210.56, Risk: 2233.55"
2024-01-08 13:00:00,EURUSD,1183757.397948948,371.91104875653497,equity_%,5.074163961263613e-06,2233.913142766881,1.689535375631295e-06,3.37907075126259e-08,"Method: equity_%, ATR: 1183757.40, Risk: 2233.91"
2024-01-08 14:00:00,EURUSD,752992.556771992,351.13383775765396,equity_%,8.440011222805587e-06,2231.5488105766785,2.6560687512952466e-06,5.3121375025904934e-08,"Method: equity_%, ATR: 752992.56, Risk: 2231.55"
2024-01-08 15:00:00,EURUSD,546964.5903030926,316.61243372118224,equity_%,1.2889494210185486e-05,2232.1483437760103,3.656543833837084e-06,7.313087667674168e-08,"Method: equity_%, ATR: 546964.59, Risk: 2232.15"
2024-01-08 16:00:00,EURUSD,1903996.5744391487,344.09550703472956,equity_%,3.4074356160718168e-06,2232.4041601319714,1.0504220579226256e-06,2.1008441158452515e-08,"Method: equity_%, ATR: 1903996.57, Risk: 2232.40"
2024-01-08 17:00:00,EURUSD,604936.5983291483,378.9862687624623,equity_%,9.748021325921278e-06,2234.8573402356,3.306131593829925e-06,6.612263187659849e-08,"Method: equity_%, ATR: 604936.60, Risk: 2234.86"
2024-01-08 18:00:00,EURUSD,485808.83337585477,372.33467167999993,equity_%,1.2366295071477431e-05,2236.8583941699508,4.1168456861974426e-06,8.233691372394885e-08,"Method: equity_%, ATR: 485808.83, Risk: 2236.86"
2024-01-08 19:00:00,EURUSD,489384.9223457369,365.9442126435844,equity_%,1.2511948474494932e-05,2240.7345744761888,4.086762604809176e-06,8.173525209618353e-08,"Method: equity_%, ATR: 489384.92, Risk: 2240.73"
2024-01-08 20:00:00,EURUSD,447457.76918276533,375.22693002860143,equity_%,1.3346067899930535e-05,2240.780844845674,4.469695550605346e-06,8.939391101210691e-08,"Method: equity_%, ATR: 447457.77, Risk: 2240.78"
2024-01-08 21:00:00,EURUSD,659706.8281582972,409.70121598454443,equity_%,8.27540828791676e-06,2236.6996103390843,3.0316496883674795e-06,6.063299376734959e-08,"Method: equity_%, ATR: 659706.83, Risk: 2236.70"
2024-01-08 22:00:00,EURUSD,1043168.2292951967,416.038874879964,equity_%,5.164010246261381e-06,2241.1728889688784,1.9172363036317495e-06,3.8344726072634997e-08,"Method: equity_%, ATR: 1043168.23, Risk: 2241.17"
2024-01-08 23:00:00,EURUSD,950951.575689229,392.20458837716467,equity_%,6.0055215620050835e-06,2239.864791429734,2.1031565130437303e-06,4.2063130260874606e-08,"Method: equity_%, ATR: 950951.58, Risk: 2239.86"
2024-01-09 00:00:00,EURUSD,645561.3605496165,376.3131073403241,equity_%,9.21259023399041e-06,2238.0440402706877,3.0980788538788084e-06,6.196157707757616e-08,"Method: equity_%, ATR: 645561.36, Risk: 2238.04"
2024-01-09 01:00:00,EURUSD,948476.6337822691,439.5350950711463,equity_%,5.371731900069557e-06,2239.4146906353467,2.1086444607755272e-06,4.2172889215510544e-08,"Method: equity_%, ATR: 948476.63, Risk: 2239.41"
2024-01-09 02:00:00,EURUSD,141142.45654840601,439.73630914831637,equity_%,3.6120273614061536e-05,2241.8215021742103,1.4170080703633514e-05,2.8340161407267033e-07,"Method: equity_%, ATR: 141142.46, Risk: 2241.82"
2024-01-09 03:00:00,EURUSD,549688.1040923103,409.6132682041061,equity_%,9.950390019024422e-06,2240.4252475656385,3.6384269281260195e-06,7.276853856252039e-08,"Method: equity_%, ATR: 549688.10, Risk: 2240.43"
2024-01-09 04:00:00,EURUSD,1205312.971272545,466.5245779131304,equity_%,3.984130886992695e-06,2240.3091695212343,1.659320066794304e-06,3.3186401335886074e-08,"Method: equity_%, ATR: 1205312.97, Risk: 2240.31"
2024-01-09 05:00:00,EURUSD,958622.9229846862,500.1769505170187,equity_%,4.673043704600964e-06,2240.6360905679376,2.0863260746707075e-06,4.1726521493414145e-08,"Method: equity_%, ATR: 958622.92, Risk: 2240.64"
2024-01-09 06:00:00,EURUSD,1416306.9632421765,525.0983898099377,equity_%,3.02055154443888e-06,2246.385711620917,1.4121232556970895e-06,2.824246511394179e-08,"Method: equity_%, ATR: 1416306.96, Risk: 2246.39"
2024-01-09 07:00:00,EURUSD,660854.5150286665,502.9299976511815,equity_%,6.763309670431858e-06,2247.8776773582426,3.0263847102765797e-06,6.052769420553159e-08,"Method: equity_%, ATR: 660854.52, Risk: 2247.88"
2024-01-09 08:00:00,EURUSD,269032.44612705807,522.4308453070698,equity_%,1.598335276440976e-05,2246.473788839857,7.434047561146004e-06,1.4868095122292008e-07,"Method: equity_%, ATR: 269032.45, Risk: 2246.47"
2024-01-09 09:00:00,EURUSD,600326.6391398234,501.2362992204762,equity_%,7.461147825275679e-06,2245.1004387691482,3.331519658807237e-06,6.663039317614474e-08,"Method: equity_%, ATR: 600326.64, Risk: 2245.10"
2024-01-09 10:00:00,EURUSD,1463703.3381837152,537.7180944241207,equity_%,2.853465355968453e-06,2245.847786230401,1.3663971023539279e-06,2.7327942047078557e-08,"Method: equity_%, ATR: 1463703.34, Risk: 2245.85"
2024-01-09 11:00:00,EURUSD,237397.2651872657,529.7962310650821,equity_%,1.787407537238848e-05,2248.0613600324855,8.424696882764607e-06,1.6849393765529215e-07,"Method: equity_%, ATR: 237397.27, Risk: 2248.06"
2024-01-09 12:00:00,EURUSD,914844.2885128219,491.99655235515934,equity_%,5.001137793377925e-06,2251.013300518384,2.1861643835053238e-06,4.3723287670106475e-08,"Method: equity_%, ATR: 914844.29, Risk: 2251.01"
2024-01-09 13:00:00,EURUSD,1475886.8243202295,541.1514395871739,equity_%,2.820767552763606e-06,2252.8857763299256,1.3551174568694784e-06,2.7102349137389567e-08,"Method: equity_%, ATR: 1475886.82, Risk: 2252.89"
2024-01-09 14:00:00,EURUSD,936830.1121041941,556.716031061835,equity_%,4.317644168034724e-06,2251.860156277174,2.1348587904671877e-06,4.2697175809343754e-08,"Method: equity_%, ATR: 936830.11, Risk: 2251.86"
2024-01-09 15:00:00,EURUSD,606686.2345309516,536.4883893386547,equity_%,6.919280743969113e-06,2252.088332378492,3.296596965886763e-06,6.593193931773526e-08,"Method: equity_%, ATR: 606686.23, Risk: 2252.09"
2024-01-09 16:00:00,EURUSD,1075718.5417928167,487.8760365991932,equity_%,4.298238761864979e-06,2255.7900560240855,1.8592223916367146e-06,3.7184447832734294e-08,"Method: equity_%, ATR: 1075718.54, Risk: 2255.79"
2024-01-09 17:00:00,EURUSD,910615.2287224637,507.4073107484213,equity_%,4.877909324324824e-06,2253.851780142726,2.1963173214288046e-06,4.3926346428576096e-08,"Method: equity_%, ATR: 910615.23, Risk: 2253.85"
2024-01-09 18:00:00,EURUSD,749630.3665859005,476.09958835714247,equity_%,6.315389950792467e-06,2253.954519963494,2.6679815668470782e-06,5.335963133694156e-08,"Method: equity_%, ATR: 749630.37, Risk: 2253.95"
2024-01-09 19:00:00,EURUSD,561437.0669677089,462.9538037050355,equity_%,8.68441018793715e-06,2257.2469085371376,3.5622870623806355e-06,7.12457412476127e-08,"Method: equity_%, ATR: 561437.07, Risk: 2257.25"
2024-01-09 20:00:00,EURUSD,1152598.1741085132,424.7279246414967,equity_%,4.619377049069571e-06,2261.3727528170434,1.7352101061125806e-06,3.470420212225161e-08,"Method: equity_%, ATR: 1152598.17, Risk: 2261.37"
2024-01-09 21:00:00,EURUSD,579491.3875265473,451.17346513911303,equity_%,8.652836739662873e-06,2262.294006703769,3.451302371440986e-06,6.902604742881972e-08,"Method: equity_%, ATR: 579491.39, Risk: 2262.29"
2024-01-09 22:00:00,EURUSD,952566.7407741321,388.88647705731165,equity_%,6.107759441394754e-06,2262.5603862720563,2.0995904164936933e-06,4.199180832987387e-08,"Method: equity_%, ATR: 952566.74, Risk: 2262.56"
2024-01-09 23:00:00,EURUSD,727202.2717937671,406.27524522502785,equity_%,7.649814789082086e-06,2260.094032447725,2.7502664355911075e-06,5.500532871182215e-08,"Method: equity_%, ATR: 727202.27, Risk: 2260.09"
2024-01-10 00:00:00,EURUSD,565823.6230098299,426.9604971985092,equity_%,9.368036832370315e-06,2263.1709522159067,3.5346703790153605e-06,7.069340758030721e-08,"Method: equity_%, ATR: 565823.62, Risk: 2263.17"
2024-01-10 01:00:00,EURUSD,985900.4249791969,353.6130735986761,equity_%,6.507314327984723e-06,2268.627291271347,2.0286024321799046e-06,4.057204864359809e-08,"Method: equity_%, ATR: 985900.42, Risk: 2268.63"
2024-01-10 02:00:00,EURUSD,1154744.304553609,411.83453565515737,equity_%,4.78973333503564e-06,2277.822753447146,1.7319851607955256e-06,3.463970321591052e-08,"Method: equity_%, ATR: 1154744.30, Risk: 2277.82"
2024-01-10 03:00:00,EURUSD,1503600.2077329988,367.2634261115626,equity_%,4.1296819722026915e-06,2280.4820919977005,1.3301408111770823e-06,2.6602816223541644e-08,"Method: equity_%, ATR: 1503600.21, Risk: 2280.48"
2024-01-10 04:00:00,EURUSD,492912.1542463696,345.70711952008054,equity_%,1.339076322358347e-05,2281.8294530427684,4.057518125228356e-06,8.115036250456712e-08,"Method: equity_%, ATR: 492912.15, Risk: 2281.83"
2024-01-10 05:00:00,EURUSD,755317.5735563975,352.5771250276997,equity_%,8.56366538959074e-06,2280.5700212033157,2.647892846691016e-06,5.295785693382033e-08,"Method: equity_%, ATR: 755317.57, Risk: 2280.57"
2024-01-10 06:00:00,EURUSD,569974.2348422904,358.1222272870506,equity_%,1.1152403075492833e-05,2276.433450462086,3.5089305406118786e-06,7.017861081223757e-08,"Method: equity_%, ATR: 569974.23, Risk: 2276.43"
2024-01-10 07:00:00,EURUSD,1535769.3343485084,383.8448869465634,equity_%,3.86509775282177e-06,2278.4643282113057,1.3022789003977763e-06,2.6045578007955524e-08,"Method: equity_%, ATR: 1535769.33, Risk: 2278.46"
2024-01-10 08:00:00,EURUSD,895176.3190319492,344.12192308148894,equity_%,7.4241741831413216e-06,2287.0153455717686,2.2341967246886243e-06,4.468393449377249e-08,"Method: equity_%, ATR: 895176.32, Risk: 2287.02"
2024-01-10 09:00:00,EURUSD,1391936.5501303452,305.110136576027,equity_%,5.3975993237473626e-06,2292.3277822607392,1.43684710327688e-06,2.8736942065537605e-08,"Method: equity_%, ATR: 1391936.55, Risk: 2292.33"
2024-01-10 10:00:00,EURUSD,874866.1053465821,317.4769108486616,equity_%,8.270672273820497e-06,2297.1774750680806,2.2860641048697286e-06,4.572128209739457e-08,"Method: equity_%, ATR: 874866.11, Risk: 2297.18"
2024-01-10 11:00:00,EURUSD,617272.9020999634,288.5100683395034,equity_%,1.2911569551549033e-05,2299.4142835192542,3.240057992495696e-06,6.480115984991392e-08,"Method: equity_%, ATR: 617272.90, Risk: 2299.41"
2024-01-10 12:00:00,EURUSD,677373.6160002474,266.061802366727,equity_%,1.2773007450292205e-05,2301.9928530000952,2.952580308352709e-06,5.9051606167054166e-08,"Method: equity_%, ATR: 677373.62, Risk: 2301.99"
2024-01-10 13:00:00,EURUSD,920230.1046173824,203.14522196810574,equity_%,1.2283178163494988e-05,2296.2216110452614,2.1733694539710473e-06,4.346738907942094e-08,"Method: equity_%, ATR: 920230.10, Risk: 2296.22"
2024-01-10 14:00:00,EURUSD,965641.556376407,184.04447278451454,equity_%,1.2941685323757621e-05,2300.0091427875536,2.0711618993542988e-06,4.142323798708597e-08,"Method: equity_%, ATR: 965641.56, Risk: 2300.01"
2024-01-10 15:00:00,EURUSD,724918.0034755634,187.49947809789478,equity_%,1.691981722204988e-05,2299.771121078826,2.7589327212335113e-06,5.517865442467023e-08,"Method: equity_%, ATR: 724918.00, Risk: 2299.77"
2024-01-10 16:00:00,EURUSD,828517.2107670644,187.971847630685,equity_%,1.4763045977226096e-05,2299.165939039038,2.4139510610145854e-06,4.8279021220291705e-08,"Method: equity_%, ATR: 828517.21, Risk: 2299.17"
2024-01-10 17:00:00,EURUSD,595982.8714645954,209.01528582630135,equity_%,1.846114506487892e-05,2299.6961681798925,3.355801140870222e-06,6.711602281740444e-08,"Method: equity_%, ATR: 595982.87, Risk: 2299.70"
2024-01-10 18:00:00,EURUSD,1039264.8843165137,280.63362947865403,equity_%,7.886521675398033e-06,2300.1251547115394,1.9244371961199543e-06,3.8488743922399076e-08,"Method: equity_%, ATR: 1039264.88, Risk: 2300.13"
2024-01-10 19:00:00,EURUSD,986445.7808223184,287.34744694932635,equity_%,8.112367379710862e-06,2299.4722479356246,2.0274809207788035e-06,4.054961841557607e-08,"Method: equity_%, ATR: 986445.78, Risk: 2299.47"
2024-01-10 20:00:00,EURUSD,2625592.260204074,347.4769217787243,equity_%,2.522121395774253e-06,2301.0138641521526,7.617328974928308e-07,1.5234657949856616e-08,"Method: equity_%, ATR: 2625592.26, Risk: 2301.01"
2024-01-10 21:00:00,EURUSD,603704.8112862913,363.8334509870986,equity_%,1.0475119192401822e-05,2300.8390313635286,3.3128773576256164e-06,6.625754715251233e-08,"Method: equity_%, ATR: 603704.81, Risk: 2300.84"
2024-01-10 22:00:00,EURUSD,933613.6819059533,305.45576491405666,equity_%,8.074404663803074e-06,2302.6400002307973,2.1422136786995673e-06,4.2844273573991355e-08,"Method: equity_%, ATR: 933613.68, Risk: 2302.64"
2024-01-10 23:00:00,EURUSD,558882.4701201321,287.8180029764086,equity_%,1.4296465329961682e-05,2299.678466787147,3.578569926464323e-06,7.157139852928644e-08,"Method: equity_%, ATR: 558882.47, Risk: 2299.68"
2024-01-11 00:00:00,EURUSD,695838.3048907465,247.53959415695306,equity_%,1.3355989907193205e-05,2300.536293475251,2.87423096133522e-06,5.74846192267044e-08,"Method: equity_%, ATR: 695838.30, Risk: 2300.54"
2024-01-11 01:00:00,EURUSD,632289.4339632338,224.7749917601673,equity_%,1.6174368649077364e-05,2298.747406706192,3.1631083686846734e-06,6.326216737369346e-08,"Method: equity_%, ATR: 632289.43, Risk: 2298.75"
2024-01-11 02:00:00,EURUSD,972918.322688769,198.74431090782346,equity_%,1.1886116596374443e-05,2298.3230587506982,2.0556710192000244e-06,4.111342038400049e-08,"Method: equity_%, ATR: 972918.32, Risk: 2298.32"
2024-01-11 03:00:00,EURUSD,1031079.573869057,248.2699941935332,equity_%,8.985851486476472e-06,2300.2532552797993,1.9397144999150107e-06,3.879428999830021e-08,"Method: equity_%, ATR: 1031079.57, Risk: 2300.25"
2024-01-11 04:00:00,EURUSD,880240.1250478496,194.72590680479408,equity_%,1.3400623110408525e-05,2296.941262435534,2.272107284238242e-06,4.544214568476484e-08,"Method: equity_%, ATR: 880240.13, Risk: 2296.94"
2024-01-11 05:00:00,EURUSD,221758.43689667745,173.55677584572072,equity_%,5.96547799349827e-05,2295.9740403037176,9.018822589067255e-06,1.803764517813451e-07,"Method: equity_%, ATR: 221758.44, Risk: 2295.97"
2024-01-11 06:00:00,EURUSD,661518.0908134787,150.6005547931671,equity_%,2.30783551320896e-05,2299.1809334582267,3.0233489118046195e-06,6.046697823609238e-08,"Method: equity_%, ATR: 661518.09, Risk: 2299.18"
2024-01-11 07:00:00,EURUSD,447180.98527373315,181.79309456987272,equity_%,2.8248452194610906e-05,2296.4413999326293,4.472462081042508e-06,8.944924162085015e-08,"Method: equity_%, ATR: 447180.99, Risk: 2296.44"
2024-01-11 08:00:00,EURUSD,988912.630020028,154.17894485000483,equity_%,1.5106463345463752e-05,2303.275001353466,2.022423356004155e-06,4.04484671200831e-08,"Method: equity_%, ATR: 988912.63, Risk: 2303.28"
2024-01-11 09:00:00,EURUSD,405326.5622731581,154.39033616051822,equity_%,3.6887877947538706e-05,2308.3882252218577,4.9342929532759266e-06,9.868585906551853e-08,"Method: equity_%, ATR: 405326.56, Risk: 2308.39"
2024-01-11 10:00:00,EURUSD,503073.63584024186,138.5683107948793,equity_%,3.3094883360260996e-05,2307.046434595179,3.975561145555894e-06,7.951122291111787e-08,"Method: equity_%, ATR: 503073.64, Risk: 2307.05"
2024-01-11 11:00:00,EURUSD,1504968.200204245,154.87057729149439,equity_%,9.894591426833242e-06,2306.184805531824,1.3289317340582829e-06,2.6578634681165657e-08,"Method: equity_%, ATR: 1504968.20, Risk: 2306.18"
2024-01-11 12:00:00,EURUSD,537786.5040778781,179.0145465380234,equity_%,2.3976857697650034e-05,2308.2906252418306,3.718947918615629e-06,7.437895837231258e-08,"Method: equity_%, ATR: 537786.50, Risk: 2308.29"
2024-01-11 13:00:00,EURUSD,1140839.2530435733,113.30045388408273,equity_%,1.7836074212306215e-05,2305.448238470749,1.7530953591089418e-06,3.5061907182178834e-08,"Method: equity_%, ATR: 1140839.25, Risk: 2305.45"
2024-01-11 14:00:00,EURUSD,1550682.6639498428,29.785509836634148,equity_%,4.981701091546183e-05,2300.941810296252,1.2897545361767778e-06,2.579509072353556e-08,"Method: equity_%, ATR: 1550682.66, Risk: 2300.94"
2024-01-11 15:00:00,EURUSD,548855.6657955013,70.71964565361938,equity_%,5.928303556860758e-05,2301.0638049240943,3.6439452567210675e-06,7.287890513442135e-08,"Method: equity_%, ATR: 548855.67, Risk: 2301.06"
2024-01-11 16:00:00,EURUSD,277759.42740299867,47.73575596898503,equity_%,0.0001736293757380455,2302.1616586245873,7.2004756731378835e-06,1.4400951346275767e-07,"Method: equity_%, ATR: 277759.43, Risk: 2302.16"
2024-01-11 17:00:00,EURUSD,498151.5974147887,17.999060905044725,equity_%,0.0002569571592048158,2303.944940297648,4.01484208899302e-06,8.02968417798604e-08,"Method: equity_%, ATR: 498151.60, Risk: 2303.94"
2024-01-11 18:00:00,EURUSD,199432.3417879302,5.102367103631035,equity_%,0.0022638096899387484,2303.600718449294,1.0028463698865525e-05,2.005692739773105e-07,"Method: equity_%, ATR: 199432.34, Risk: 2303.60"
2024-01-11 19:00:00,EURUSD,652113.1713572035,-35.195307221242984,equity_%,-0.00010042608861701258,2304.911638543507,3.0669523141781074e-06,6.133904628356215e-08,"Method: equity_%, ATR: 652113.17, Risk: 2304.91"
2024-01-11 20:00:00,EURUSD,228973.02139407018,-40.29771682779,equity_%,-0.00024947477755399793,2301.926219568055,8.734653488097766e-06,1.7469306976195534e-07,"Method: equity_%, ATR: 228973.02, Risk: 2301.93"
2024-01-11 21:00:00,EURUSD,423411.7766886919,-62.78031943001301,equity_%,-8.652538503159633e-05,2300.0114331631808,4.723534181408644e-06,9.447068362817288e-08,"Method: equity_%, ATR: 423411.78, Risk: 2300.01"
2024-01-11 22:00:00,EURUSD,295417.75299621315,-74.21531157316295,equity_%,-0.00010504089849208668,2302.9713410316153,6.7700738351551864e-06,1.3540147670310375e-07,"Method: equity_%, ATR: 295417.75, Risk: 2302.97"
2024-01-11 23:00:00,EURUSD,653922.5021868051,-36.077058449843015,equity_%,-9.753413784524533e-05,2300.986398874704,3.0584663982532026e-06,6.116932796506406e-08,"Method: equity_%, ATR: 653922.50, Risk: 2300.99"
2024-01-12 00:00:00,EURUSD,889044.0867023852,-9.309554228524988,equity_%,-0.00027775708485596736,2298.8854375181118,2.249607224112291e-06,4.4992144482245824e-08,"Method: equity_%, ATR: 889044.09, Risk: 2298.89"
2024-01-12 01:00:00,EURUSD,1835805.0785194726,-74.23431229536251,equity_%,-1.688259540795097e-05,2300.7555018947332,1.0894402806712716e-06,2.178880561342543e-08,"Method: equity_%, ATR: 1835805.08, Risk: 2300.76"
2024-01-12 02:00:00,EURUSD,223714.7559950641,-61.326559480628866,equity_%,-0.0001675767151449512,2299.094934033785,8.939955664096322e-06,1.7879911328192647e-07,"Method: equity_%, ATR: 223714.76, Risk: 2299.09"
2024-01-12 03:00:00,EURUSD,602081.950100901,-86.45106958066359,equity_%,-4.4191506314570915e-05,2300.195680750023,3.3218069395118497e-06,6.643613879023699e-08,"Method: equity_%, ATR: 602081.95, Risk: 2300.20"
2024-01-12 04:00:00,EURUSD,692580.427141271,-80.57273723361449,equity_%,-4.1209109876925834e-05,2299.5961110710496,2.8877512583705237e-06,5.775502516741047e-08,"Method: equity_%, ATR: 692580.43, Risk: 2299.60"
2024-01-12 05:00:00,EURUSD,251142.59003473306,-74.92237956930715,equity_%,-0.00012215596476357476,2298.5111199609314,7.963603464165118e-06,1.5927206928330236e-07,"Method: equity_%, ATR: 251142.59, Risk: 2298.51"
2024-01-12 06:00:00,EURUSD,532010.5558758284,-34.86144012338759,equity_%,-0.00012367212903398222,2293.7042037868964,3.759323904217422e-06,7.518647808434844e-08,"Method: equity_%, ATR: 532010.56, Risk: 2293.70"
2024-01-12 07:00:00,EURUSD,721788.7809932446,-81.30111034443556,equity_%,-3.911955833134164e-05,2295.6228932453605,2.77089371941723e-06,5.54178743883446e-08,"Method: equity_%, ATR: 721788.78, Risk: 2295.62"
2024-01-12 08:00:00,EURUSD,366361.7148090944,-50.03934626652563,equity_%,-0.00012509920823306533,2293.381323269022,5.459085704526114e-06,1.0918171409052228e-07,"Method: equity_%, ATR: 366361.71, Risk: 2293.38"
2024-01-12 09:00:00,EURUSD,204940.52334025697,-33.51795373282482,equity_%,-0.00033400992047131003,2294.3765966584306,9.758928919486835e-06,1.951785783897367e-07,"Method: equity_%, ATR: 204940.52, Risk: 2294.38"
2024-01-12 10:00:00,EURUSD,407887.0490457702,-34.85071968449232,equity_%,-0.00016140097841998047,2294.3402819633848,4.9033182217451925e-06,9.806636443490385e-08,"Method: equity_%, ATR: 407887.05, Risk: 2294.34"
2024-01-12 11:00:00,EURUSD,1096356.321869122,48.029926082098484,equity_%,4.3587385498385913e-05,2295.2207577872855,1.8242244424607336e-06,3.6484488849214674e-08,"Method: equity_%, ATR: 1096356.32, Risk: 2295.22"
2024-01-12 12:00:00,EURUSD,397187.88626897556,64.12446361870573,equity_%,9.015784853638204e-05,2296.2717316652456,5.035400295782436e-06,1.0070800591564871e-07,"Method: equity_%, ATR: 397187.89, Risk: 2296.27"
2024-01-12 13:00:00,EURUSD,290035.6889331439,76.89505105926112,equity_%,0.00010305446871582941,2298.3526164180003,6.895703102458608e-06,1.3791406204917213e-07,"Method: equity_%, ATR: 290035.69, Risk: 2298.35"
2024-01-12 14:00:00,EURUSD,120466.73394462658,82.48845703166918,equity_%,0.00023122096674495807,2297.669338513526,1.660209366113731e-05,3.3204187322274623e-07,"Method: equity_%, ATR: 120466.73, Risk: 2297.67"
2024-01-12 15:00:00,EURUSD,486480.20726138545,87.86585969765609,equity_%,5.3875244818390924e-05,2302.897427951346,4.111164175124193e-06,8.222328350248386e-08,"Method: equity_%, ATR: 486480.21, Risk: 2302.90"
2024-01-12 16:00:00,EURUSD,2100130.1128868186,-17.439841657078816,equity_%,-6.278409617793998e-05,2299.526327860063,9.523219479248452e-07,1.9046438958496903e-08,"Method: equity_%, ATR: 2100130.11, Risk: 2299.53"
2024-01-12 17:00:00,EURUSD,1059242.143724615,51.29852539956286,equity_%,4.2334373385659554e-05,2300.346554504481,1.888142396758683e-06,3.776284793517367e-08,"Method: equity_%, ATR: 1059242.14, Risk: 2300.35"
2024-01-12 18:00:00,EURUSD,1656393.2042955772,-31.255849860601003,equity_%,-4.450970133748906e-05,2304.3552474337134,1.2074427707221547e-06,2.4148855414443093e-08,"Method: equity_%, ATR: 1656393.20, Risk: 2304.36"
2024-01-12 19:00:00,EURUSD,1027903.9852504849,56.18666894052528,equity_%,3.9949883182475856e-05,2307.2855650927213,1.945707020011825e-06,3.8914140400236506e-08,"Method: equity_%, ATR: 1027903.99, Risk: 2307.29"
2024-01-12 20:00:00,EURUSD,1068827.7594626371,3.8315261782652783,equity_%,0.0005630586219626681,2305.8610583631357,1.871208884961519e-06,3.742417769923038e-08,"Method: equity_%, ATR: 1068827.76, Risk: 2305.86"
2024-01-12 21:00:00,EURUSD,711537.0929303865,-11.55351252588759,equity_%,-0.00028027222929282244,2304.0486901236536,2.8108162172729777e-06,5.621632434545956e-08,"Method: equity_%, ATR: 711537.09, Risk: 2304.05"
2024-01-12 22:00:00,EURUSD,840651.1173601873,-8.620161460923649,equity_%,-0.0003177413848364045,2302.5283124456737,2.3791082396706974e-06,4.758216479341395e-08,"Method: equity_%, ATR: 840651.12, Risk: 2302.53"
2024-01-12 23:00:00,EURUSD,809070.5393009402,-59.48260531831814,equity_%,-4.7912646623170534e-05,2305.825995337667,2.471972347093563e-06,4.943944694187125e-08,"Method: equity_%, ATR: 809070.54, Risk: 2305.83"
2024-01-13 00:00:00,EURUSD,1382656.8844446212,15.405766750199284,equity_%,0.00010821643052848864,2305.1062241521204,1.4464904652055815e-06,2.892980930411163e-08,"Method: equity_%, ATR: 1382656.88, Risk: 2305.11"
2024-01-13 01:00:00,EURUSD,2395993.8431784054,-148.86121781303248,equity_%,-6.469195507939338e-06,2307.3715934164907,8.347266858360957e-07,1.669453371672191e-08,"Method: equity_%, ATR: 2395993.84, Risk: 2307.37"
2024-01-13 02:00:00,EURUSD,733753.9086915615,-180.7130104230776,equity_%,-1.741843171572396e-05,2309.6644976587186,2.7257095005686896e-06,5.451419001137379e-08,"Method: equity_%, ATR: 733753.91, Risk: 2309.66"
2024-01-13 03:00:00,EURUSD,3551120.3241636488,-317.4025204038908,equity_%,-2.0567816826057406e-06,2318.2696780634246,5.632025438256687e-07,1.1264050876513373e-08,"Method: equity_%, ATR: 3551120.32, Risk: 2318.27"
2024-01-13 04:00:00,EURUSD,1196810.0097148544,-348.03248980878317,equity_%,-5.571546584215063e-06,2320.70943184283,1.6711090179438837e-06,3.342218035887767e-08,"Method: equity_%, ATR: 1196810.01, Risk: 2320.71"
2024-01-13 05:00:00,EURUSD,479869.67351132137,-324.0016791921442,equity_%,-1.4920228880619104e-05,2319.775999798578,4.1677982802403835e-06,8.335596560480766e-08,"Method: equity_%, ATR: 479869.67, Risk: 2319.78"
2024-01-13 06:00:00,EURUSD,616568.4697808365,-344.43848707365197,equity_%,-1.0909716631228526e-05,2316.8955490123794,3.243759773688904e-06,6.487519547377808e-08,"Method: equity_%, ATR: 616568.47, Risk: 2316.90"
2024-01-13 07:00:00,EURUSD,537375.1950232344,-315.8750852094519,equity_%,-1.3653358574981598e-05,2317.567990868466,3.721794415749924e-06,7.443588831499847e-08,"Method: equity_%, ATR: 537375.20, Risk: 2317.57"
2024-01-13 08:00:00,EURUSD,346143.88929804874,-309.92005585769357,equity_%,-2.1614252547686824e-05,2318.7107333411836,5.777943976003259e-06,1.1555887952006517e-07,"Method: equity_%, ATR: 346143.89, Risk: 2318.71"
2024-01-13 09:00:00,EURUSD,497526.4333850714,-284.4520952769141,equity_%,-1.6347786916953712e-05,2313.5786347590124,4.01988691614312e-06,8.03977383228624e-08,"Method: equity_%, ATR: 497526.43, Risk: 2313.58"
2024-01-13 10:00:00,EURUSD,385299.26889190904,-275.5989443915101,equity_%,-2.178151494302395e-05,2312.937072278133,5.1907702959101e-06,1.0381540591820203e-07,"Method: equity_%, ATR: 385299.27, Risk: 2312.94"
2024-01-13 11:00:00,EURUSD,1181505.2363954722,-251.75013938547264,equity_%,-7.7840813384591e-06,2315.329129906616,1.6927559340334247e-06,3.3855118680668495e-08,"Method: equity_%, ATR: 1181505.24, Risk: 2315.33"
2024-01-13 12:00:00,EURUSD,763506.4798621146,-229.8573065991185,equity_%,-1.3192390177636894e-05,2315.2320628958173,2.619493157885431e-06,5.238986315770862e-08,"Method: equity_%, ATR: 763506.48, Risk: 2315.23"
2024-01-13 13:00:00,EURUSD,576685.2477362326,-219.20884051308903,equity_%,-1.8349460320853897e-05,2319.637934252935,3.4680963451917027e-06,6.936192690383406e-08,"Method: equity_%, ATR: 576685.25, Risk: 2319.64"
2024-01-13 14:00:00,EURUSD,597469.8042826194,-252.5189602423016,equity_%,-1.5353782664008774e-05,2316.462864918773,3.3474495039986082e-06,6.694899007997217e-08,"Method: equity_%, ATR: 597469.80, Risk: 2316.46"
2024-01-13 15:00:00,EURUSD,1696545.1324387288,-210.8994568089852,equity_%,-6.4840430848768825e-06,2319.993513379233,1.178866368927695e-06,2.3577327378553902e-08,"Method: equity_%, ATR: 1696545.13, Risk: 2319.99"
2024-01-13 16:00:00,EURUSD,557452.9879155753,-214.17328770007038,equity_%,-1.9467335784045522e-05,2324.2351826038107,3.5877464886830864e-06,7.175492977366173e-08,"Method: equity_%, ATR: 557452.99, Risk: 2324.24"
2024-01-13 17:00:00,EURUSD,1225393.2692464013,-147.90632749688285,equity_%,-1.2847940605178472e-05,2328.604672031335,1.6321290888352684e-06,3.264258177670537e-08,"Method: equity_%, ATR: 1225393.27, Risk: 2328.60"
2024-01-13 18:00:00,EURUSD,1340641.5435398782,-184.77384268846157,equity_%,-9.387410960845618e-06,2325.4071028773724,1.4918230824916316e-06,2.9836461649832634e-08,"Method: equity_%, ATR: 1340641.54, Risk: 2325.41"
2024-01-13 19:00:00,EURUSD,704559.4333628506,-198.23395318566565,equity_%,-1.6667077636006678e-05,2327.8507612649446,2.8386533559759936e-06,5.677306711951987e-08,"Method: equity_%, ATR: 704559.43, Risk: 2327.85"
2024-01-13 20:00:00,EURUSD,1786130.4663167407,-146.86911390445565,equity_%,-8.871907809165116e-06,2327.34449890938,1.1197390323475583e-06,2.2394780646951165e-08,"Method: equity_%, ATR: 1786130.47, Risk: 2327.34"
2024-01-13 21:00:00,EURUSD,523733.3646466449,-129.60429217685947,equity_%,-3.424707446239248e-05,2324.626071583431,3.818737042558612e-06,7.637474085117223e-08,"Method: equity_%, ATR: 523733.36, Risk: 2324.63"
2024-01-13 22:00:00,EURUSD,726700.2769732672,-87.04193658432834,equity_%,-3.675509126110211e-05,2324.8844684085097,2.7521662828175485e-06,5.5043325656350974e-08,"Method: equity_%, ATR: 726700.28, Risk: 2324.88"
2024-01-13 23:00:00,EURUSD,1506843.5321240423,-31.867320710289377,equity_%,-4.8390560734148956e-05,2323.6695344328073,1.3272778210626856e-06,2.654555642125371e-08,"Method: equity_%, ATR: 1506843.53, Risk: 2323.67"
2024-01-14 00:00:00,EURUSD,595665.3892011815,-42.05864507248228,equity_%,-9.292072853260673e-05,2327.9317858372992,3.357589741250713e-06,6.715179482501426e-08,"Method: equity_%, ATR: 595665.39, Risk: 2327.93"
2024-01-14 01:00:00,EURUSD,842651.0805264604,19.206516557968826,equity_%,0.0001440258605849509,2330.97097586634,2.3734616215652e-06,4.746923243130399e-08,"Method: equity_%, ATR: 842651.08, Risk: 2330.97"
2024-01-14 02:00:00,EURUSD,826619.7570538126,37.42886809485503,equity_%,7.527652417423992e-05,2329.013642462013,2.4194921339991648e-06,4.838984267998329e-08,"Method: equity_%, ATR: 826619.76, Risk: 2329.01"
2024-01-14 03:00:00,EURUSD,367230.960540344,12.224425803822626,equity_%,0.0005186553047961365,2328.3409785205204,5.446163899299771e-06,1.0892327798599544e-07,"Method: equity_%, ATR: 367230.96, Risk: 2328.34"
2024-01-14 04:00:00,EURUSD,810631.7762160593,-38.47981371395681,equity_%,-7.465463058645536e-05,2328.6988862436706,2.467211449982607e-06,4.9344228999652146e-08,"Method: equity_%, ATR: 810631.78, Risk: 2328.70"
2024-01-14 05:00:00,EURUSD,879607.6358552818,-4.000675043434491,equity_%,-0.0006621101365202523,2329.9816708017165,2.2737410618943873e-06,4.547482123788775e-08,"Method: equity_%, ATR: 879607.64, Risk: 2329.98"
2024-01-14 06:00:00,EURUSD,606709.1229639851,31.576540318354645,equity_%,0.00012185657235968827,2334.500805626128,3.296472599965704e-06,6.59294519993141e-08,"Method: equity_%, ATR: 606709.12, Risk: 2334.50"
2024-01-14 07:00:00,EURUSD,478061.91890756617,11.913063871269898,equity_%,0.0004105352701672194,2338.07315260557,4.183558490854617e-06,8.367116981709234e-08,"Method: equity_%, ATR: 478061.92, Risk: 2338.07"
2024-01-14 08:00:00,EURUSD,729965.8178736692,-4.957905216644498,equity_%,-0.0006464940080497111,2339.7273285124948,2.7398543206116646e-06,5.4797086412233285e-08,"Method: equity_%, ATR: 729965.82, Risk: 2339.73"
2024-01-14 09:00:00,EURUSD,1558549.542060315,48.62358369251037,equity_%,3.0883814436554935e-05,2340.4453819628097,1.2832444179837315e-06,2.5664888359674633e-08,"Method: equity_%, ATR: 1558549.54, Risk: 2340.45"
2024-01-14 10:00:00,EURUSD,481831.2276450276,72.36072580917865,equity_%,6.701796258730884e-05,2336.6253198589875,4.150831007311611e-06,8.301662014623222e-08,"Method: equity_%, ATR: 481831.23, Risk: 2336.63"
2024-01-14 11:00:00,EURUSD,710318.4539279754,80.12968134895418,equity_%,4.114723157436882e-05,2342.001312737366,2.8156385195122574e-06,5.631277039024515e-08,"Method: equity_%, ATR: 710318.45, Risk: 2342.00"
2024-01-14 12:00:00,EURUSD,1264749.2852127366,54.02552267523555,equity_%,3.427781607365534e-05,2342.1600229437686,1.5813410795196382e-06,3.162682159039277e-08,"Method: equity_%, ATR: 1264749.29, Risk: 2342.16"
2024-01-14 13:00:00,EURUSD,468741.0012502101,70.09064461211105,equity_%,7.147680307505405e-05,2348.3245436650473,4.266748576859434e-06,8.533497153718867e-08,"Method: equity_%, ATR: 468741.00, Risk: 2348.32"
2024-01-14 14:00:00,EURUSD,1038508.8977327391,77.38470054317003,equity_%,2.9246831876614012e-05,2350.412871541443,1.9258380976478653e-06,3.8516761952957316e-08,"Method: equity_%, ATR: 1038508.90, Risk: 2350.41"
2024-01-14 15:00:00,EURUSD,504264.14942354243,73.26662414408644,equity_%,6.38230345583838e-05,2357.9887241673073,3.966175272000462e-06,7.932350544000923e-08,"Method: equity_%, ATR: 504264.15, Risk: 2357.99"
2024-01-14 16:00:00,EURUSD,856994.610268492,70.72464893148555,equity_%,3.895863125583522e-05,2361.307688767406,2.333736964078934e-06,4.6674739281578685e-08,"Method: equity_%, ATR: 856994.61, Risk: 2361.31"
2024-01-14 17:00:00,EURUSD,626286.0983246914,47.78399235902626,equity_%,7.88102704825904e-05,2358.5116298737435,3.193428698720886e-06,6.386857397441772e-08,"Method: equity_%, ATR: 626286.10, Risk: 2358.51"
2024-01-14 18:00:00,EURUSD,722722.6764664786,100.21446197370136,equity_%,3.25591254921388e-05,2358.1683834329597,2.7673131965062455e-06,5.5346263930124907e-08,"Method: equity_%, ATR: 722722.68, Risk: 2358.17"
2024-01-14 19:00:00,EURUSD,766855.8517204353,143.05322739872128,equity_%,2.1505333405244102e-05,2359.160978550944,2.608052081121915e-06,5.2161041622438306e-08,"Method: equity_%, ATR: 766855.85, Risk: 2359.16"
2024-01-14 20:00:00,EURUSD,2697607.20160712,-92.34461773810804,equity_%,-9.465875747850336e-06,2358.039629889619,7.413977834906744e-07,1.4827955669813489e-08,"Method: equity_%, ATR: 2697607.20, Risk: 2358.04"
2024-01-14 21:00:00,EURUSD,894010.1621632933,-136.51570440204287,equity_%,-1.9323863097216545e-05,2358.408447438073,2.237111035919852e-06,4.474222071839704e-08,"Method: equity_%, ATR: 894010.16, Risk: 2358.41"
2024-01-14 22:00:00,EURUSD,492581.0168328255,-181.09136689301408,equity_%,-2.640975706498276e-05,2355.8076299623262,4.060245790346342e-06,8.120491580692684e-08,"Method: equity_%, ATR: 492581.02, Risk: 2355.81"
2024-01-14 23:00:00,EURUSD,879131.1968638104,-195.22858971533978,equity_%,-1.3734799224305424e-05,2357.324793805624,2.274973299929234e-06,4.549946599858468e-08,"Method: equity_%, ATR: 879131.20, Risk: 2357.32"
2024-01-15 00:00:00,EURUSD,1163076.9250964446,-127.6231076011126,equity_%,-1.5896043492398947e-05,2359.5370296526567,1.7195767165909137e-06,3.439153433181828e-08,"Method: equity_%, ATR: 1163076.93, Risk: 2359.54"
2024-01-15 01:00:00,EURUSD,961110.7122335392,-170.7396790716057,equity_%,-1.4369460790216638e-05,2358.0247014310385,2.0809257191111427e-06,4.161851438222285e-08,"Method: equity_%, ATR: 961110.71, Risk: 2358.02"
2024-01-15 02:00:00,EURUSD,626294.4368414142,-149.19025866967684,equity_%,-2.531486166374654e-05,2365.345464311484,3.193386181245014e-06,6.386772362490028e-08,"Method: equity_%, ATR: 626294.44, Risk: 2365.35"
2024-01-15 03:00:00,EURUSD,727404.8986159258,-150.8452755828047,equity_%,-2.157232376234473e-05,2367.036004095325,2.749500317918551e-06,5.4990006358371024e-08,"Method: equity_%, ATR: 727404.90, Risk: 2367.04"
2024-01-15 04:00:00,EURUSD,1117535.8324467507,-179.05639388102952,equity_%,-1.1824402234876209e-05,2366.0857814969563,1.7896517873804261e-06,3.579303574760852e-08,"Method: equity_%, ATR: 1117535.83, Risk: 2366.09"
2024-01-15 05:00:00,EURUSD,825758.1277648206,-116.29171298377335,equity_%,-2.4604040607206468e-05,2362.697163597061,2.4220167295399702e-06,4.844033459079941e-08,"Method: equity_%, ATR: 825758.13, Risk: 2362.70"
2024-01-15 06:00:00,EURUSD,562526.6491546587,-144.10270258788654,equity_%,-2.9167653837479378e-05,2364.3769922652523,3.5553871145580676e-06,7.110774229116135e-08,"Method: equity_%, ATR: 562526.65, Risk: 2364.38"
2024-01-15 07:00:00,EURUSD,286906.5495002485,-151.10960963589616,equity_%,-5.455268623294169e-05,2365.0955266668125,6.97091092372664e-06,1.394182184745328e-07,"Method: equity_%, ATR: 286906.55, Risk: 2365.10"
2024-01-15 08:00:00,EURUSD,315148.41628685134,-171.16226401053675,equity_%,-4.391690864715055e-05,2368.9446493886717,6.346216248091755e-06,1.269243249618351e-07,"Method: equity_%, ATR: 315148.42, Risk: 2368.94"
2024-01-15 09:00:00,EURUSD,973071.903497297,-111.82063721676965,equity_%,-2.178131593550995e-05,2370.014538593756,2.0553465708051406e-06,4.1106931416102804e-08,"Method: equity_%, ATR: 973071.90, Risk: 2370.01"
2024-01-15 10:00:00,EURUSD,479450.74605744664,-96.04713899349377,equity_%,-5.142106278288634e-05,2367.93338224695,4.171439958006375e-06,8.342879916012749e-08,"Method: equity_%, ATR: 479450.75, Risk: 2367.93"
2024-01-15 11:00:00,EURUSD,576763.9856227037,-123.56951472314775,equity_%,-3.331599108218537e-05,2374.4455371354825,3.4676228923009094e-06,6.935245784601819e-08,"Method: equity_%, ATR: 576763.99, Risk: 2374.45"
2024-01-15 12:00:00,EURUSD,1011819.7263292128,-63.751845689319524,equity_%,-3.6853555376177855e-05,2377.2524117740045,1.9766366952103345e-06,3.953273390420669e-08,"Method: equity_%, ATR: 1011819.73, Risk: 2377.25"
2024-01-15 13:00:00,EURUSD,600189.7454807513,-41.998585154716864,equity_%,-9.433803119693852e-05,2377.990085639209,3.3322795250325417e-06,6.664559050065084e-08,"Method: equity_%, ATR: 600189.75, Risk: 2377.99"
2024-01-15 14:00:00,EURUSD,531021.3006438559,-19.52269551145631,equity_%,-0.00022957379568318495,2379.9840012335585,3.7663272595186448e-06,7.532654519037288e-08,"Method: equity_%, ATR: 531021.30, Risk: 2379.98"
2024-01-15 15:00:00,EURUSD,822049.4155626294,-64.00852956971944,equity_%,-4.528675039994525e-05,2382.9061271032433,2.432943764860114e-06,4.865887529720229e-08,"Method: equity_%, ATR: 822049.42, Risk: 2382.91"
2024-01-15 16:00:00,EURUSD,463216.3004381594,-92.14695834769414,equity_%,-5.576143414106404e-05,2380.119557261563,4.317637350214547e-06,8.635274700429092e-08,"Method: equity_%, ATR: 463216.30, Risk: 2380.12"
2024-01-15 17:00:00,EURUSD,554854.3806272482,-55.341571331592846,equity_%,-7.757613565173529e-05,2382.0926399214513,3.604549355344465e-06,7.20909871068893e-08,"Method: equity_%, ATR: 554854.38, Risk: 2382.09"
2024-01-15 18:00:00,EURUSD,95908.0696863834,-53.046254974003965,equity_%,-0.0004682481257423568,2382.24226950157,2.0853302610926712e-05,4.170660522185342e-07,"Method: equity_%, ATR: 95908.07, Risk: 2382.24"
2024-01-15 19:00:00,EURUSD,815353.5655887602,-18.66827246961624,equity_%,-0.00015670627191517164,2385.264169458459,2.452923595858462e-06,4.905847191716924e-08,"Method: equity_%, ATR: 815353.57, Risk: 2385.26"
2024-01-15 20:00:00,EURUSD,420863.61424736056,7.460323108152625,equity_%,0.0007594623595835218,2384.5436236846404,4.752133309449055e-06,9.504266618898112e-08,"Method: equity_%, ATR: 420863.61, Risk: 2384.54"
2024-01-15 21:00:00,EURUSD,852026.4317014606,29.414054718319267,equity_%,9.513495054789806e-05,2384.229518119349,2.3473450184005263e-06,4.694690036801053e-08,"Method: equity_%, ATR: 852026.43, Risk: 2384.23"
2024-01-15 22:00:00,EURUSD,535522.7380664172,60.31445635401502,equity_%,7.401658474562611e-05,2390.718131415041,3.734668685070761e-06,7.469337370141523e-08,"Method: equity_%, ATR: 535522.74, Risk: 2390.72"
2024-01-15 23:00:00,EURUSD,1091933.782202576,100.31231680948962,equity_%,2.1873591344260782e-05,2395.9108676876876,1.831612898692202e-06,3.663225797384404e-08,"Method: equity_%, ATR: 1091933.78, Risk: 2395.91"
2024-01-16 00:00:00,EURUSD,798774.585648194,152.79521656453034,equity_%,1.9585320512976646e-05,2390.3675259177367,2.5038352946307486e-06,5.0076705892614974e-08,"Method: equity_%, ATR: 798774.59, Risk: 2390.37"
2024-01-16 01:00:00,EURUSD,1116995.633839422,114.80662248758338,equity_%,1.8678773422666182e-05,2395.33781186513,1.7905172942578558e-06,3.5810345885157115e-08,"Method: equity_%, ATR: 1116995.63, Risk: 2395.34"
2024-01-16 02:00:00,EURUSD,774393.2448354425,101.27698137810076,equity_%,3.055809699798794e-05,2396.616855786356,2.5826671569494343e-06,5.165334313898869e-08,"Method: equity_%, ATR: 774393.24, Risk: 2396.62"
2024-01-16 03:00:00,EURUSD,573904.7389000517,110.14198363170114,equity_%,3.7904669576443026e-05,2395.992309597659,3.484898911678632e-06,6.969797823357264e-08,"Method: equity_%, ATR: 573904.74, Risk: 2395.99"
2024-01-16 04:00:00,EURUSD,1695305.8838900859,3.2226166505389386,equity_%,0.00043828118444770163,2394.4707853905365,1.17972810629947e-06,2.35945621259894e-08,"Method: equity_%, ATR: 1695305.88, Risk: 2394.47"
2024-01-16 05:00:00,EURUSD,2762620.501288066,-208.51056002372235,equity_%,-4.154471788087433e-06,2393.1234325056967,7.23950321467427e-07,1.4479006429348539e-08,"Method: equity_%, ATR: 2762620.50, Risk: 2393.12"
2024-01-16 06:00:00,EURUSD,1154873.812560879,-271.4260241712124,equity_%,-7.632751217920034e-06,2392.5836246714216,1.7317909352928292e-06,3.4635818705856584e-08,"Method: equity_%, ATR: 1154873.81, Risk: 2392.58"
2024-01-16 07:00:00,EURUSD,1044605.8287408738,-332.3815067684093,equity_%,-6.885511199530183e-06,2390.702226920376,1.914597779346799e-06,3.829195558693598e-08,"Method: equity_%, ATR: 1044605.83, Risk: 2390.70"
2024-01-16 08:00:00,EURUSD,239750.49350029224,-324.6685982320396,equity_%,-3.0680307015370826e-05,2388.138427937158,8.342005769416956e-06,1.6684011538833914e-07,"Method: equity_%, ATR: 239750.49, Risk: 2388.14"
2024-01-16 09:00:00,EURUSD,778395.5837805115,-317.84523179951907,equity_%,-9.646028054175945e-06,2386.517287484626,2.569387650282393e-06,5.138775300564786e-08,"Method: equity_%, ATR: 778395.58, Risk: 2386.52"
2024-01-16 10:00:00,EURUSD,60434.890215848325,-318.5567638433049,equity_%,-0.00012409071971579088,2388.9874690498236,3.309346625528451e-05,6.618693251056901e-07,"Method: equity_%, ATR: 60434.89, Risk: 2388.99"
2024-01-16 11:00:00,EURUSD,1207380.26102474,-256.099629129938,equity_%,-7.731446413410604e-06,2390.6377394955357,1.6564789607397919e-06,3.312957921479583e-08,"Method: equity_%, ATR: 1207380.26, Risk: 2390.64"
2024-01-16 12:00:00,EURUSD,276426.00692033453,-266.51897951739556,equity_%,-3.249239946346559e-05,2393.8053088501915,7.2352092420030375e-06,1.4470418484006073e-07,"Method: equity_%, ATR: 276426.01, Risk: 2393.81"
2024-01-16 13:00:00,EURUSD,357513.18638976075,-240.8935806130031,equity_%,-2.7810415859698968e-05,2395.106199332561,5.594199252330795e-06,1.1188398504661591e-07,"Method: equity_%, ATR: 357513.19, Risk: 2395.11"
2024-01-16 14:00:00,EURUSD,1045035.2755753491,-202.77538220712208,equity_%,-1.1291185922167197e-05,2392.6861613406268,1.91381099446513e-06,3.82762198893026e-08,"Method: equity_%, ATR: 1045035.28, Risk: 2392.69"
2024-01-16 15:00:00,EURUSD,643978.7976408249,-173.2594628789255,equity_%,-2.1471301399157417e-05,2395.6694841111075,3.1056923105649934e-06,6.211384621129987e-08,"Method: equity_%, ATR: 643978.80, Risk: 2395.67"
2024-01-16 16:00:00,EURUSD,703168.3314018133,-149.86437897294473,equity_%,-2.2719282806979678e-05,2394.155416274483,2.8442691610028366e-06,5.6885383220056734e-08,"Method: equity_%, ATR: 703168.33, Risk: 2394.16"
2024-01-16 17:00:00,EURUSD,294299.2189678851,-129.18987049239848,equity_%,-6.306062906835257e-05,2397.59525918045,6.795804647440285e-06,1.359160929488057e-07,"Method: equity_%, ATR: 294299.22, Risk: 2397.60"
2024-01-16 18:00:00,EURUSD,682714.2677775279,-93.49802729887264,equity_%,-3.752946938152442e-05,2395.597499171579,2.929483232437334e-06,5.8589664648746686e-08,"Method: equity_%, ATR: 682714.27, Risk: 2395.60"
2024-01-16 19:00:00,EURUSD,427934.2397218812,-78.90996856090806,equity_%,-7.092559210937687e-05,2395.035069292368,4.6736152762625865e-06,9.347230552525175e-08,"Method: equity_%, ATR: 427934.24, Risk: 2395.04"
2024-01-16 20:00:00,EURUSD,1186720.9264914752,-118.1181793133511,equity_%,-1.708920767922089e-05,2395.450894370664,1.6853161980660216e-06,3.370632396132044e-08,"Method: equity_%, ATR: 1186720.93, Risk: 2395.45"
2024-01-16 21:00:00,EURUSD,1280558.4320486162,-157.6934489653756,equity_%,-1.1879892445189839e-05,2398.9741087738353,1.5618186175233201e-06,3.12363723504664e-08,"Method: equity_%, ATR: 1280558.43, Risk: 2398.97"
2024-01-16 22:00:00,EURUSD,748805.3126078773,-178.3058740652212,equity_%,-1.7982827251481602e-05,2401.0021005302174,2.670921221211112e-06,5.341842442422224e-08,"Method: equity_%, ATR: 748805.31, Risk: 2401.00"
2024-01-16 23:00:00,EURUSD,387110.1864515572,-148.7470148094803,equity_%,-4.172455989355344e-05,2402.56210449667,5.1664876564809255e-06,1.033297531296185e-07,"Method: equity_%, ATR: 387110.19, Risk: 2402.56"
2024-01-17 00:00:00,EURUSD,775386.6148758268,-98.24887367201694,equity_%,-3.163155497496278e-05,2409.719110851836,2.5793584279505356e-06,5.158716855901072e-08,"Method: equity_%, ATR: 775386.61, Risk: 2409.72"
2024-01-17 01:00:00,EURUSD,772845.244409076,-118.96587632276402,equity_%,-2.616543712880434e-05,2405.7081613681607,2.587840210531692e-06,5.1756804210633836e-08,"Method: equity_%, ATR: 772845.24, Risk: 2405.71"
2024-01-17 02:00:00,EURUSD,1508143.143210636,-173.22305697872855,equity_%,-9.202440254374629e-06,2404.0930284400592,1.3261340669177242e-06,2.6522681338354484e-08,"Method: equity_%, ATR: 1508143.14, Risk: 2404.09"
2024-01-17 03:00:00,EURUSD,1265807.3329463731,-134.81853708829343,equity_%,-1.4077287026866609e-05,2402.349463005942,1.580019287251776e-06,3.160038574503552e-08,"Method: equity_%, ATR: 1265807.33, Risk: 2402.35"
2024-01-17 04:00:00,EURUSD,651180.2498887256,-121.99676806776627,equity_%,-3.0192353547759277e-05,2398.5375060761753,3.0713462214828575e-06,6.142692442965715e-08,"Method: equity_%, ATR: 651180.25, Risk: 2398.54"
2024-01-17 05:00:00,EURUSD,731996.5795869281,-82.456917496631,equity_%,-3.972748822335211e-05,2397.8789475375174,2.732253204145595e-06,5.46450640829119e-08,"Method: equity_%, ATR: 731996.58, Risk: 2397.88"
2024-01-17 06:00:00,EURUSD,1129725.944292152,-143.71866143004658,equity_%,-1.479060306145385e-05,2401.4422550289073,1.7703408601925416e-06,3.540681720385083e-08,"Method: equity_%, ATR: 1129725.94, Risk: 2401.44"
2024-01-17 07:00:00,EURUSD,597191.1898919475,-188.58260224328666,equity_%,-2.132099195386979e-05,2401.16731283336,3.349011227646993e-06,6.698022455293985e-08,"Method: equity_%, ATR: 597191.19, Risk: 2401.17"
2024-01-17 08:00:00,EURUSD,1837662.2442525127,-77.70600220988742,equity_%,-1.68187133129506e-05,2401.6683039174013,1.0883392779359844e-06,2.176678555871969e-08,"Method: equity_%, ATR: 1837662.24, Risk: 2401.67"
2024-01-17 09:00:00,EURUSD,447241.797475416,-104.6734767517873,equity_%,-5.1223619256697564e-05,2398.00063943376,4.471853953028477e-06,8.943707906056953e-08,"Method: equity_%, ATR: 447241.80, Risk: 2398.00"
2024-01-17 10:00:00,EURUSD,711299.3318185218,-83.10563812035474,equity_%,-4.055134532908639e-05,2397.111062708279,2.8117557693844038e-06,5.6235115387688066e-08,"Method: equity_%, ATR: 711299.33, Risk: 2397.11"
2024-01-17 11:00:00,EURUSD,971355.8369464184,-81.11678323291966,equity_%,-3.0424251264194606e-05,2397.2259665615165,2.0589776927549605e-06,4.117955385509921e-08,"Method: equity_%, ATR: 971355.84, Risk: 2397.23"
2024-01-17 12:00:00,EURUSD,392107.93433728564,-95.9141605653833,equity_%,-6.383238326566318e-05,2400.6531678291576,5.100636393344769e-06,1.0201272786689536e-07,"Method: equity_%, ATR: 392107.93, Risk: 2400.65"
2024-01-17 13:00:00,EURUSD,386409.3850854306,-126.76079804298215,equity_%,-4.8939403309050646e-05,2397.128418635403,5.175857722911735e-06,1.0351715445823468e-07,"Method: equity_%, ATR: 386409.39, Risk: 2397.13"
2024-01-17 14:00:00,EURUSD,890216.0426504293,-150.4331818430723,equity_%,-1.790097539332893e-05,2397.2633923982394,2.246645650246231e-06,4.493291300492461e-08,"Method: equity_%, ATR: 890216.04, Risk: 2397.26"
2024-01-17 15:00:00,EURUSD,608960.2088133025,-116.15897709729254,equity_%,-3.395749302362436e-05,2402.0238464884465,3.2842868401819805e-06,6.568573680363961e-08,"Method: equity_%, ATR: 608960.21, Risk: 2402.02"
2024-01-17 16:00:00,EURUSD,607501.4779092538,-130.1759094000534,equity_%,-3.0375899125121243e-05,2402.1885966315763,3.292173060850977e-06,6.584346121701954e-08,"Method: equity_%, ATR: 607501.48, Risk: 2402.19"
2024-01-17 17:00:00,EURUSD,1314362.9136385308,-54.670118451361716,equity_%,-3.336296707329267e-05,2397.3419123892204,1.5216497508008885e-06,3.043299501601777e-08,"Method: equity_%, ATR: 1314362.91, Risk: 2397.34"
2024-01-17 18:00:00,EURUSD,572122.933957545,-71.66439707765754,equity_%,-5.860072964110906e-05,2402.6794397212648,3.495752191168782e-06,6.991504382337563e-08,"Method: equity_%, ATR: 572122.93, Risk: 2402.68"
2024-01-17 19:00:00,EURUSD,846769.7680629995,-47.28590628599174,equity_%,-6.009908964295517e-05,2406.38413054888,2.361917105962622e-06,4.723834211925244e-08,"Method: equity_%, ATR: 846769.77, Risk: 2406.38"
2024-01-17 20:00:00,EURUSD,1544674.4455756934,-47.13767761672224,equity_%,-3.31055348593531e-05,2410.4923220741166,1.294771209382317e-06,2.589542418764634e-08,"Method: equity_%, ATR: 1544674.45, Risk: 2410.49"
2024-01-17 21:00:00,EURUSD,1019825.7175753094,-115.74866893208797,equity_%,-2.0388768513368088e-05,2406.76097113388,1.9611194006316175e-06,3.922238801263235e-08,"Method: equity_%, ATR: 1019825.72, Risk: 2406.76"
2024-01-17 22:00:00,EURUSD,942134.9492798073,-138.88959575869006,equity_%,-1.843903533636526e-05,2412.798338311422,2.1228381364356063e-06,4.245676272871212e-08,"Method: equity_%, ATR: 942134.95, Risk: 2412.80"
2024-01-17 23:00:00,EURUSD,604749.0933665641,-115.52596841828982,equity_%,-3.4523799866825255e-05,2411.978510056088,3.3071566736317787e-06,6.614313347263557e-08,"Method: equity_%, ATR: 604749.09, Risk: 2411.98"
2024-01-18 00:00:00,EURUSD,306711.8926444633,-96.95951603194325,equity_%,-8.110493496463584e-05,2411.9501932234275,6.520777472161393e-06,1.3041554944322788e-07,"Method: equity_%, ATR: 306711.89, Risk: 2411.95"
2024-01-18 01:00:00,EURUSD,471795.87564085337,-117.85217078268049,equity_%,-4.336776682753457e-05,2411.3418617254515,4.2391214151317975e-06,8.478242830263595e-08,"Method: equity_%, ATR: 471795.88, Risk: 2411.34"
2024-01-18 02:00:00,EURUSD,2368611.435503284,-234.94756116160755,equity_%,-4.340853423240435e-06,2415.682673271317,8.44376570180258e-07,1.688753140360516e-08,"Method: equity_%, ATR: 2368611.44, Risk: 2415.68"
2024-01-18 03:00:00,EURUSD,1011326.9556067837,-200.1144950243639,equity_%,-1.1941047295419632e-05,2416.6432782138013,1.9775998146910115e-06,3.9551996293820226e-08,"Method: equity_%, ATR: 1011326.96, Risk: 2416.64"
2024-01-18 04:00:00,EURUSD,873241.5088160667,-197.771814963806,equity_%,-1.4010148592625613e-05,2419.588501311564,2.290317145724764e-06,4.580634291449528e-08,"Method: equity_%, ATR: 873241.51, Risk: 2419.59"
2024-01-18 05:00:00,EURUSD,1374779.522324648,-254.9250745123418,equity_%,-6.908852152411732e-06,2421.316204380217,1.4547787245318814e-06,2.9095574490637625e-08,"Method: equity_%, ATR: 1374779.52, Risk: 2421.32"
2024-01-18 06:00:00,EURUSD,781768.753322277,-290.3421167434548,equity_%,-1.067286486206974e-05,2422.531078369138,2.5583012770728105e-06,5.116602554145621e-08,"Method: equity_%, ATR: 781768.75, Risk: 2422.53"
2024-01-18 07:00:00,EURUSD,545194.8293045583,-243.18049461135433,equity_%,-1.826200830919587e-05,2421.1907261778997,3.668413368026926e-06,7.336826736053853e-08,"Method: equity_%, ATR: 545194.83, Risk: 2421.19"
2024-01-18 08:00:00,EURUSD,1446650.8530496685,-178.23333505303776,equity_%,-9.417134291032499e-06,2428.1271479398233,1.3825035915084988e-06,2.7650071830169976e-08,"Method: equity_%, ATR: 1446650.85, Risk: 2428.13"
2024-01-18 09:00:00,EURUSD,264194.05948437913,-178.93897750419652,equity_%,-5.13010412435236e-05,2425.2369670543076,7.5701929252434724e-06,1.5140385850486945e-07,"Method: equity_%, ATR: 264194.06, Risk: 2425.24"
2024-01-18 10:00:00,EURUSD,727754.607416185,-207.86678266912338,equity_%,-1.6049958932522203e-05,2427.9737289764116,2.7481790972107847e-06,5.496358194421569e-08,"Method: equity_%, ATR: 727754.61, Risk: 2427.97"
2024-01-18 11:00:00,EURUSD,1032869.3867988375,-178.0349290101722,equity_%,-1.32179326043994e-05,2430.6036987527336,1.936353255854142e-06,3.872706511708284e-08,"Method: equity_%, ATR: 1032869.39, Risk: 2430.60"
2024-01-18 12:00:00,EURUSD,2095514.2462069802,-99.35606856836338,equity_%,-1.1698091753558436e-05,2435.5667676111907,9.544196626771364e-07,1.9088393253542734e-08,"Method: equity_%, ATR: 2095514.25, Risk: 2435.57"
2024-01-18 13:00:00,EURUSD,1201852.4085732643,-22.45354622465446,equity_%,-9.04633785243682e-05,2441.2310377083286,1.6640978424083104e-06,3.3281956848166204e-08,"Method: equity_%, ATR: 1201852.41, Risk: 2441.23"
2024-01-18 14:00:00,EURUSD,829208.0041642919,-69.80472164088505,equity_%,-4.21943285369065e-05,2442.318871910078,2.411940056000397e-06,4.823880112000795e-08,"Method: equity_%, ATR: 829208.00, Risk: 2442.32"
2024-01-18 15:00:00,EURUSD,357215.6125841436,-76.22787927574124,equity_%,-8.98064282288823e-05,2445.4100548278525,5.59885942703272e-06,1.1197718854065441e-07,"Method: equity_%, ATR: 357215.61, Risk: 2445.41"
2024-01-18 16:00:00,EURUSD,498371.38479036395,-114.62028506329642,equity_%,-4.292814613178041e-05,2452.20467595921,4.013071498559824e-06,8.026142997119648e-08,"Method: equity_%, ATR: 498371.38, Risk: 2452.20"
2024-01-18 17:00:00,EURUSD,815441.343662088,-72.37817980642902,equity_%,-4.157069614227077e-05,2453.5091456584432,2.4526595512292094e-06,4.905319102458419e-08,"Method: equity_%, ATR: 815441.34, Risk: 2453.51"
2024-01-18 18:00:00,EURUSD,486922.66373916133,-68.82093903323468,equity_%,-7.316547582566006e-05,2451.809845233248,4.107428445908971e-06,8.214856891817944e-08,"Method: equity_%, ATR: 486922.66, Risk: 2451.81"
2024-01-18 19:00:00,EURUSD,1283764.0330680741,-27.89004012150459,equity_%,-6.848789694028208e-05,2452.1564408951494,1.5579187050599868e-06,3.115837410119974e-08,"Method: equity_%, ATR: 1283764.03, Risk: 2452.16"
2024-01-18 20:00:00,EURUSD,1059882.5271165972,-93.98694980952459,equity_%,-2.4592073555655627e-05,2449.742502899306,1.8870015769020987e-06,3.7740031538041964e-08,"Method: equity_%, ATR: 1059882.53, Risk: 2449.74"
2024-01-18 21:00:00,EURUSD,1966044.5084878036,17.832280216671407,equity_%,6.994934238378223e-05,2452.3579533322904,1.017270967857342e-06,2.0345419357146836e-08,"Method: equity_%, ATR: 1966044.51, Risk: 2452.36"
2024-01-18 22:00:00,EURUSD,1626657.2567762074,37.43909380534947,equity_%,4.0345290293357746e-05,2457.0513219567124,1.2295153091830188e-06,2.459030618366038e-08,"Method: equity_%, ATR: 1626657.26, Risk: 2457.05"
2024-01-18 23:00:00,EURUSD,1014138.7759037901,9.428744219231127,equity_%,0.00025707739250875524,2458.1881974805096,1.972116684146724e-06,3.944233368293448e-08,"Method: equity_%, ATR: 1014138.78, Risk: 2458.19"
2024-01-19 00:00:00,EURUSD,610296.7798175176,-21.20992528156395,equity_%,-0.00018964455442764083,2454.825317332149,3.277094138687758e-06,6.554188277375516e-08,"Method: equity_%, ATR: 610296.78, Risk: 2454.83"
2024-01-19 01:00:00,EURUSD,1348447.9428977433,-100.45315931317305,equity_%,-1.81563967912203e-05,2459.3902698373217,1.4831866595473502e-06,2.9663733190947e-08,"Method: equity_%, ATR: 1348447.94, Risk: 2459.39"
2024-01-19 02:00:00,EURUSD,365761.85743898735,-120.49023574967043,equity_%,-5.5718642225740535e-05,2455.5613729526244,5.468038723347799e-06,1.0936077446695599e-07,"Method: equity_%, ATR: 365761.86, Risk: 2455.56"
2024-01-19 03:00:00,EURUSD,823381.8192453294,-191.06668583141277,equity_%,-1.5588675859375092e-05,2452.4235086188555,2.429006753917764e-06,4.8580135078355275e-08,"Method: equity_%, ATR: 823381.82, Risk: 2452.42"
2024-01-19 04:00:00,EURUSD,194310.74689402265,-201.89653204510168,equity_%,-6.253751841471268e-05,2453.388493456371,1.0292791479468725e-05,2.058558295893745e-07,"Method: equity_%, ATR: 194310.75, Risk: 2453.39"
2024-01-19 05:00:00,EURUSD,839815.2566677905,-254.44418626710305,equity_%,-1.1491827212440083e-05,2455.6438491933977,2.3814761450459682e-06,4.762952290091937e-08,"Method: equity_%, ATR: 839815.26, Risk: 2455.64"
2024-01-19 06:00:00,EURUSD,479404.1036702583,-224.2012985200689,equity_%,-2.2872547990977455e-05,2458.410591689673,4.1718458075103e-06,8.3436916150206e-08,"Method: equity_%, ATR: 479404.10, Risk: 2458.41"
2024-01-19 07:00:00,EURUSD,772472.1490605612,-205.1358886660223,equity_%,-1.5522433684463187e-05,2459.7121730335334,2.5890901082094573e-06,5.178180216418914e-08,"Method: equity_%, ATR: 772472.15, Risk: 2459.71"
2024-01-19 08:00:00,EURUSD,848317.9287895877,-204.68651667187217,equity_%,-1.4204694040966547e-05,2466.4923043289377,2.357606661518608e-06,4.7152133230372153e-08,"Method: equity_%, ATR: 848317.93, Risk: 2466.49"
2024-01-19 09:00:00,EURUSD,511933.6776790939,-218.36359190875996,equity_%,-2.2079247755387888e-05,2468.1878093521877,3.906756064705909e-06,7.813512129411818e-08,"Method: equity_%, ATR: 511933.68, Risk: 2468.19"
2024-01-19 10:00:00,EURUSD,522837.9610746168,-228.8108322646355,equity_%,-2.0670161085002417e-05,2472.7918136574467,3.825276947927219e-06,7.650553895854437e-08,"Method: equity_%, ATR: 522837.96, Risk: 2472.79"
2024-01-19 11:00:00,EURUSD,605548.0954113085,-201.0291850386792,equity_%,-2.0344983940753863e-05,2476.6526773497308,3.3027929823502025e-06,6.605585964700405e-08,"Method: equity_%, ATR: 605548.10, Risk: 2476.65"
2024-01-19 12:00:00,EURUSD,472577.16544968786,-183.98610669360787,equity_%,-2.845706061161237e-05,2474.274056153117,4.232113073209685e-06,8.464226146419367e-08,"Method: equity_%, ATR: 472577.17, Risk: 2474.27"
2024-01-19 13:00:00,EURUSD,1203115.7280670404,-118.10669199223707,equity_%,-1.741966373785046e-05,2475.2648646912603,1.6623504733108727e-06,3.3247009466217455e-08,"Method: equity_%, ATR: 1203115.73, Risk: 2475.26"
2024-01-19 14:00:00,EURUSD,616698.4039251338,-142.65970504738445,equity_%,-2.822449335112772e-05,2483.1348262311035,3.243076335645579e-06,6.486152671291158e-08,"Method: equity_%, ATR: 616698.40, Risk: 2483.13"
2024-01-19 15:00:00,EURUSD,1568022.5923414298,-68.78709296374942,equity_%,-2.3021771887607046e-05,2483.121773669283,1.275491826309419e-06,2.550983652618838e-08,"Method: equity_%, ATR: 1568022.59, Risk: 2483.12"
2024-01-19 16:00:00,EURUSD,858375.2586918233,-101.49892912952369,equity_%,-2.849493917659975e-05,2482.597912096213,2.329983279163975e-06,4.65996655832795e-08,"Method: equity_%, ATR: 858375.26, Risk: 2482.60"
2024-01-19 17:00:00,EURUSD,401199.7798310378,-97.94036700535243,equity_%,-6.323183023728393e-05,2484.6096388406436,4.985047601078656e-06,9.970095202157312e-08,"Method: equity_%, ATR: 401199.78, Risk: 2484.61"
2024-01-19 18:00:00,EURUSD,408765.3112058489,-69.89961576253462,equity_%,-8.696126548157907e-05,2484.7040790528636,4.892783084014745e-06,9.785566168029488e-08,"Method: equity_%, ATR: 408765.31, Risk: 2484.70"
2024-01-19 19:00:00,EURUSD,1098984.1762228885,-115.70599427837436,equity_%,-1.9533197459166745e-05,2483.8229653143567,1.8198624177409208e-06,3.6397248354818414e-08,"Method: equity_%, ATR: 1098984.18, Risk: 2483.82"
2024-01-19 20:00:00,EURUSD,748563.9753058567,-97.9973579564111,equity_%,-3.385993474928555e-05,2483.873115131464,2.671782327198978e-06,5.3435646543979556e-08,"Method: equity_%, ATR: 748563.98, Risk: 2483.87"
2024-01-19 21:00:00,EURUSD,919213.8057279388,-27.041255433884686,equity_%,-0.00010016090683777505,2489.66914414557,2.1757723693196393e-06,4.351544738639278e-08,"Method: equity_%, ATR: 919213.81, Risk: 2489.67"
2024-01-19 22:00:00,EURUSD,459694.826225895,-12.811084781340433,equity_%,-0.0004229375423581754,2490.7592880711372,4.350712442034742e-06,8.701424884069484e-08,"Method: equity_%, ATR: 459694.83, Risk: 2490.76"
2024-01-19 23:00:00,EURUSD,1030444.0620678301,-43.451135157221685,equity_%,-5.557415133364195e-05,2488.2750629728735,1.940910791398542e-06,3.881821582797084e-08,"Method: equity_%, ATR: 1030444.06, Risk: 2488.28"
2024-01-20 00:00:00,EURUSD,165620.5920978311,-34.4371092870466,equity_%,-0.00043573985277759337,2485.2398233586086,1.2075793080238548e-05,2.4151586160477097e-07,"Method: equity_%, ATR: 165620.59, Risk: 2485.24"
2024-01-20 01:00:00,EURUSD,909695.9804396863,14.658281021540766,equity_%,0.00018698454426648717,2493.360238154772,2.198536701276105e-06,4.397073402552211e-08,"Method: equity_%, ATR: 909695.98, Risk: 2493.36"
2024-01-20 02:00:00,EURUSD,1939469.5413293636,-93.70511887346004,equity_%,-1.372408171062984e-05,2494.1902350464698,1.0312098011238407e-06,2.0624196022476816e-08,"Method: equity_%, ATR: 1939469.54, Risk: 2494.19"
2024-01-20 03:00:00,EURUSD,578287.6840921491,-49.948475481857635,equity_%,-8.644727604791559e-05,2496.993970549366,3.4584862431227276e-06,6.916972486245455e-08,"Method: equity_%, ATR: 578287.68, Risk: 2496.99"
2024-01-20 04:00:00,EURUSD,860742.3577386574,-25.855903258161117,equity_%,-0.00011216128637917484,2496.1798388703473,2.323575669326186e-06,4.6471513386523714e-08,"Method: equity_%, ATR: 860742.36, Risk: 2496.18"
2024-01-20 05:00:00,EURUSD,689687.942169233,-62.72827946993992,equity_%,-5.775481077440037e-05,2498.6427967781615,2.899862209725638e-06,5.7997244194512757e-08,"Method: equity_%, ATR: 689687.94, Risk: 2498.64"
2024-01-20 06:00:00,EURUSD,643038.4317950046,-27.439198354490117,equity_%,-0.00014194375551194853,2504.520785732966,3.110234009524307e-06,6.220468019048614e-08,"Method: equity_%, ATR: 643038.43, Risk: 2504.52"
2024-01-20 07:00:00,EURUSD,835681.9661649363,-75.25294315337507,equity_%,-3.981813399193088e-05,2504.063996181735,2.3932549474272915e-06,4.786509894854583e-08,"Method: equity_%, ATR: 835681.97, Risk: 2504.06"
2024-01-20 08:00:00,EURUSD,1007246.6059990274,-50.09560277396496,equity_%,-4.9683076249493094e-05,2506.9397565215804,1.985611058988201e-06,3.971222117976401e-08,"Method: equity_%, ATR: 1007246.61, Risk: 2506.94"
2024-01-20 09:00:00,EURUSD,720611.2914854694,-10.309253474503628,equity_%,-0.00033708904262559115,2504.2225176939096,2.7754214007349182e-06,5.5508428014698365e-08,"Method: equity_%, ATR: 720611.29, Risk: 2504.22"
2024-01-20 10:00:00,EURUSD,700929.7862047956,-37.15737634790153,equity_%,-9.644150143039954e-05,2511.79111604901,2.853352845552559e-06,5.706705691105118e-08,"Method: equity_%, ATR: 700929.79, Risk: 2511.79"
2024-01-20 11:00:00,EURUSD,1459472.5438422535,28.397682664592878,equity_%,6.066010406867248e-05,2514.0967238397434,1.37035808480147e-06,2.74071616960294e-08,"Method: equity_%, ATR: 1459472.54, Risk: 2514.10"
2024-01-20 12:00:00,EURUSD,456869.4282170123,47.18172957050706,equity_%,0.00011664368134801357,2514.3583423066866,4.377618366379296e-06,8.755236732758591e-08,"Method: equity_%, ATR: 456869.43, Risk: 2514.36"
2024-01-20 13:00:00,EURUSD,421180.90553834283,19.40531446822512,equity_%,0.000307710657455218,2514.964719936828,4.748553350118402e-06,9.497106700236804e-08,"Method: equity_%, ATR: 421180.91, Risk: 2514.96"
2024-01-20 14:00:00,EURUSD,353250.5380855401,30.305560410704217,equity_%,0.00023492084014825262,2514.934605413285,5.661704043931839e-06,1.1323408087863677e-07,"Method: equity_%, ATR: 353250.54, Risk: 2514.93"
2024-01-20 15:00:00,EURUSD,431105.0761737393,57.57115697834334,equity_%,0.000101335098005327,2515.0578899209145,4.6392402004424135e-06,9.278480400884826e-08,"Method: equity_%, ATR: 431105.08, Risk: 2515.06"
2024-01-20 16:00:00,EURUSD,984140.0560845139,99.05323501756877,equity_%,2.5740226997400814e-05,2509.2154044938657,2.0322310708062966e-06,4.064462141612594e-08,"Method: equity_%, ATR: 984140.06, Risk: 2509.22"
2024-01-20 17:00:00,EURUSD,1009925.5935339866,63.02933464791779,equity_%,3.9437969435119096e-05,2510.4215072975753,1.9803439112791385e-06,3.960687822558276e-08,"Method: equity_%, ATR: 1009925.59, Risk: 2510.42"
2024-01-20 18:00:00,EURUSD,914588.6319948102,37.00601895867957,equity_%,7.420537089698897e-05,2511.501871255758,2.1867754857588796e-06,4.373550971517759e-08,"Method: equity_%, ATR: 914588.63, Risk: 2511.50"
2024-01-20 19:00:00,EURUSD,976698.0085137873,70.33191937252082,equity_%,3.66044020091691e-05,2514.4678558675396,2.0477158574771147e-06,4.095431714954229e-08,"Method: equity_%, ATR: 976698.01, Risk: 2514.47"
2024-01-20 20:00:00,EURUSD,1010701.0314488797,17.86466907172955,equity_%,0.00013925680002726423,2514.398424628215,1.9788245364041246e-06,3.957649072808249e-08,"Method: equity_%, ATR: 1010701.03, Risk: 2514.40"
2024-01-20 21:00:00,EURUSD,657199.3082272704,34.4312261931414,equity_%,0.00011108209029188794,2513.5853156857916,3.043216836905688e-06,6.086433673811376e-08,"Method: equity_%, ATR: 657199.31, Risk: 2513.59"
2024-01-20 22:00:00,EURUSD,504881.8044328411,56.29305744665844,equity_%,8.849202583772999e-05,2515.0619908524327,3.961323189784389e-06,7.922646379568778e-08,"Method: equity_%, ATR: 504881.80, Risk: 2515.06"
2024-01-20 23:00:00,EURUSD,608355.4775675285,83.51057134010554,equity_%,4.94393999420177e-05,2511.7248864981616,3.2875515611314553e-06,6.575103122262911e-08,"Method: equity_%, ATR: 608355.48, Risk: 2511.72"
2024-01-21 00:00:00,EURUSD,1177501.5227813271,80.10286474531419,equity_%,2.6649936080511673e-05,2513.6551560607654,1.698511603854137e-06,3.397023207708274e-08,"Method: equity_%, ATR: 1177501.52, Risk: 2513.66"
2024-01-21 01:00:00,EURUSD,446550.20311120857,96.36474515819711,equity_%,5.831909734100192e-05,2509.5696982822,4.47877973420588e-06,8.957559468411759e-08,"Method: equity_%, ATR: 446550.20, Risk: 2509.57"
2024-01-21 02:00:00,EURUSD,902779.337437633,140.9956253377464,equity_%,1.975389191674554e-05,2514.432154228692,2.215380788041315e-06,4.43076157608263e-08,"Method: equity_%, ATR: 902779.34, Risk: 2514.43"
2024-01-21 03:00:00,EURUSD,733037.4010150408,81.19139492875723,equity_%,4.230746420661366e-05,2517.9849640956745,2.7283737463198865e-06,5.456747492639774e-08,"Method: equity_%, ATR: 733037.40, Risk: 2517.98"
2024-01-21 04:00:00,EURUSD,545540.0074644015,64.36883598118538,equity_%,7.166882655200413e-05,2516.7064064664023,3.6660922620427748e-06,7.332184524085549e-08,"Method: equity_%, ATR: 545540.01, Risk: 2516.71"
2024-01-21 05:00:00,EURUSD,682229.6937019908,48.83757893672798,equity_%,7.563947553970939e-05,2520.1898205064167,2.9315639856532442e-06,5.863127971306489e-08,"Method: equity_%, ATR: 682229.69, Risk: 2520.19"
2024-01-21 06:00:00,EURUSD,930529.6871442809,100.98140244638773,equity_%,2.683969933584417e-05,2522.024363179178,2.1493134798717017e-06,4.298626959743403e-08,"Method: equity_%, ATR: 930529.69, Risk: 2522.02"
2024-01-21 07:00:00,EURUSD,380455.4740227671,111.04182430622276,equity_%,5.966172648948959e-05,2520.4973324859234,5.256856942687377e-06,1.0513713885374753e-07,"Method: equity_%, ATR: 380455.47, Risk: 2520.50"
2024-01-21 08:00:00,EURUSD,1087125.6752161514,122.92255694148852,equity_%,1.882725442774769e-05,2515.9287040142362,1.8397137015482075e-06,3.679427403096415e-08,"Method: equity_%, ATR: 1087125.68, Risk: 2515.93"
2024-01-21 09:00:00,EURUSD,430707.4713123966,134.99133985255202,equity_%,4.331443017574624e-05,2518.3780110645157,4.6435228855117294e-06,9.28704577102346e-08,"Method: equity_%, ATR: 430707.47, Risk: 2518.38"
2024-01-21 10:00:00,EURUSD,824651.1412525843,110.52950553551536,equity_%,2.7619776104654875e-05,2517.4951655231107,2.4252679708441894e-06,4.8505359416883784e-08,"Method: equity_%, ATR: 824651.14, Risk: 2517.50"
2024-01-21 11:00:00,EURUSD,2293822.847486468,-38.38372854212504,equity_%,-2.8647470152853202e-05,2522.2800742321992,8.719069139064362e-07,1.7438138278128722e-08,"Method: equity_%, ATR: 2293822.85, Risk: 2522.28"
2024-01-21 12:00:00,EURUSD,822500.3421619517,-80.06979495806004,equity_%,-3.832251018192629e-05,2523.8221754338447,2.4316099306937394e-06,4.863219861387478e-08,"Method: equity_%, ATR: 822500.34, Risk: 2523.82"
2024-01-21 13:00:00,EURUSD,724902.6614352916,-88.91732136420846,equity_%,-3.914620291607705e-05,2523.223427344353,2.758991112048124e-06,5.517982224096248e-08,"Method: equity_%, ATR: 724902.66, Risk: 2523.22"
2024-01-21 14:00:00,EURUSD,738632.6664664682,-44.05243500261828,equity_%,-7.775747783566842e-05,2530.1169435436245,2.707705860841174e-06,5.415411721682348e-08,"Method: equity_%, ATR: 738632.67, Risk: 2530.12"
2024-01-21 15:00:00,EURUSD,1224029.8444951146,-110.67163786799567,equity_%,-1.8701059556457123e-05,2533.3462830214335,1.633947087969049e-06,3.267894175938098e-08,"Method: equity_%, ATR: 1224029.84, Risk: 2533.35"
2024-01-21 16:00:00,EURUSD,305769.3470559022,-113.08146408397502,equity_%,-7.29933859370914e-05,2523.881023476121,6.5408780155924215e-06,1.3081756031184843e-07,"Method: equity_%, ATR: 305769.35, Risk: 2523.88"
2024-01-21 17:00:00,EURUSD,860741.3475053373,-191.31811745747794,equity_%,-1.5326646421906365e-05,2523.9218481697485,2.3235783964561997e-06,4.6471567929124e-08,"Method: equity_%, ATR: 860741.35, Risk: 2523.92"
2024-01-21 18:00:00,EURUSD,1202544.9280712814,-249.71481214515933,equity_%,-8.396023961634047e-06,2521.269581193711,1.6631395246144593e-06,3.326279049228919e-08,"Method: equity_%, ATR: 1202544.93, Risk: 2521.27"
2024-01-21 19:00:00,EURUSD,966911.0999235769,-296.74038074284016,equity_%,-8.784178218155034e-06,2520.37018738055,2.0684424867581687e-06,4.136884973516337e-08,"Method: equity_%, ATR: 966911.10, Risk: 2520.37"
2024-01-01 01:00:00,GBPUSD,611270.527220881,-23.185761705505648,equity_%,-0.0001779070354836983,2521.4359901837943,3.271873762821392e-06,6.543747525642782e-08,"Method: equity_%, ATR: 611270.53, Risk: 2521.44"
2024-01-01 02:00:00,GBPUSD,625994.5795735387,-46.043531271154166,equity_%,-8.756888762883895e-05,2523.998135709557,3.194915843141179e-06,6.389831686282358e-08,"Method: equity_%, ATR: 625994.58, Risk: 2524.00"
2024-01-01 03:00:00,GBPUSD,505015.1448717463,-12.091519399462804,equity_%,-0.0004137105428181553,2526.282232935898,3.960277271502264e-06,7.920554543004528e-08,"Method: equity_%, ATR: 505015.14, Risk: 2526.28"
2024-01-01 04:00:00,GBPUSD,711019.5239996688,-74.35670598823066,equity_%,-4.787328142194351e-05,2531.015852165592,2.8128622808407325e-06,5.625724561681465e-08,"Method: equity_%, ATR: 711019.52, Risk: 2531.02"
2024-01-01 05:00:00,GBPUSD,600561.244543674,-118.49477271549918,equity_%,-3.5614189046018546e-05,2534.425647298118,3.3302182219894406e-06,6.660436443978881e-08,"Method: equity_%, ATR: 600561.24, Risk: 2534.43"
2024-01-01 06:00:00,GBPUSD,729100.6633411541,-73.40472836089816,equity_%,-4.741548250681714e-05,2537.6498880854947,2.7431054455976794e-06,5.486210891195358e-08,"Method: equity_%, ATR: 729100.66, Risk: 2537.65"
2024-01-01 07:00:00,GBPUSD,2722973.603150597,-309.2056729751182,equity_%,-3.0164826441381345e-06,2539.754365054894,7.344911451531937e-07,1.4689822903063875e-08,"Method: equity_%, ATR: 2722973.60, Risk: 2539.75"
2024-01-01 08:00:00,GBPUSD,719280.7055740531,-347.07855961650006,equity_%,-1.0194857804823476e-05,2545.114761613072,2.7805556085420274e-06,5.561111217084055e-08,"Method: equity_%, ATR: 719280.71, Risk: 2545.11"
2024-01-01 09:00:00,GBPUSD,583605.6463362615,-301.04469817126824,equity_%,-1.4489418035672947e-05,2545.665931983499,3.4269716418193133e-06,6.853943283638627e-08,"Method: equity_%, ATR: 583605.65, Risk: 2545.67"
2024-01-01 10:00:00,GBPUSD,727163.2083457081,-259.9209576043671,equity_%,-1.3472107063008941e-05,2546.2950221772935,2.750414180813669e-06,5.500828361627338e-08,"Method: equity_%, ATR: 727163.21, Risk: 2546.30"
2024-01-01 11:00:00,GBPUSD,789999.9756687251,-304.6974335266265,equity_%,-1.0560708363884565e-05,2542.0783021183756,2.5316456475926157e-06,5.063291295185231e-08,"Method: equity_%, ATR: 789999.98, Risk: 2542.08"
2024-01-01 12:00:00,GBPUSD,379220.02619422984,-315.1364845730008,equity_%,-2.131060690797899e-05,2546.746794249806,5.2739830753970665e-06,1.0547966150794134e-07,"Method: equity_%, ATR: 379220.03, Risk: 2546.75"
2024-01-01 13:00:00,GBPUSD,721875.7555522018,-316.6117694285108,equity_%,-1.114840256794831e-05,2548.0160169824685,2.77055987074963e-06,5.541119741499261e-08,"Method: equity_%, ATR: 721875.76, Risk: 2548.02"
2024-01-01 14:00:00,GBPUSD,1377941.026405167,-333.17843626392374,equity_%,-5.572458106164638e-06,2558.3168341009823,1.4514409264797692e-06,2.9028818529595386e-08,"Method: equity_%, ATR: 1377941.03, Risk: 2558.32"
2024-01-01 15:00:00,GBPUSD,821379.8728453452,-356.0232717887968,equity_%,-8.749434655283581e-06,2558.600236025695,2.4349269639050105e-06,4.869853927810021e-08,"Method: equity_%, ATR: 821379.87, Risk: 2558.60"
2024-01-01 16:00:00,GBPUSD,302490.1908134888,-353.6073253443591,equity_%,-2.3936987733110332e-05,2560.365970413945,6.611784648690218e-06,1.3223569297380436e-07,"Method: equity_%, ATR: 302490.19, Risk: 2560.37"
2024-01-01 17:00:00,GBPUSD,986128.2906566708,-394.0970145481693,equity_%,-6.596258819543039e-06,2563.5054852747703,2.0281336809312953e-06,4.05626736186259e-08,"Method: equity_%, ATR: 986128.29, Risk: 2563.51"
2024-01-01 18:00:00,GBPUSD,365956.9681250451,-410.7030268997443,equity_%,-1.704395219235607e-05,2561.699785355804,5.465123427617351e-06,1.0930246855234702e-07,"Method: equity_%, ATR: 365956.97, Risk: 2561.70"
2024-01-01 19:00:00,GBPUSD,548755.3009182517,-402.8945790340889,equity_%,-1.1598304818464211e-05,2564.2754284974417,3.6446117179247815e-06,7.289223435849563e-08,"Method: equity_%, ATR: 548755.30, Risk: 2564.28"
2024-01-01 20:00:00,GBPUSD,1096885.934516484,-350.77519660834105,equity_%,-6.668772437576305e-06,2565.879412793613,1.8233436468319887e-06,3.646687293663978e-08,"Method: equity_%, ATR: 1096885.93, Risk: 2565.88"
2024-01-01 21:00:00,GBPUSD,416612.37718050415,-356.1835515323572,equity_%,-1.7295371073611528e-05,2566.4683482245828,4.800625496379497e-06,9.601250992758993e-08,"Method: equity_%, ATR: 416612.38, Risk: 2566.47"
2024-01-01 22:00:00,GBPUSD,3146702.7173502017,-523.0872423739678,equity_%,-1.5622637221694993e-06,2571.486160100812,6.355859385675222e-07,1.2711718771350442e-08,"Method: equity_%, ATR: 3146702.72, Risk: 2571.49"
2024-01-01 23:00:00,GBPUSD,1031152.2994380511,-537.4837475206924,equity_%,-4.637580127549699e-06,2570.2749139470798,1.9395776948661643e-06,3.8791553897323286e-08,"Method: equity_%, ATR: 1031152.30, Risk: 2570.27"
2024-01-02 00:00:00,GBPUSD,472786.9083568692,-542.5845194012865,equity_%,-1.0028578082852144e-05,2572.5996202863266,4.230235576849685e-06,8.460471153699371e-08,"Method: equity_%, ATR: 472786.91, Risk: 2572.60"
2024-01-02 01:00:00,GBPUSD,828977.4436868549,-591.2532168758316,equity_%,-5.260715028270695e-06,2578.4636131604816,2.4126108801043533e-06,4.825221760208706e-08,"Method: equity_%, ATR: 828977.44, Risk: 2578.46"
2024-01-02 02:00:00,GBPUSD,438614.0644029422,-592.67090302761,equity_%,-9.916545982624662e-06,2577.8437478926126,4.5598173025356e-06,9.119634605071201e-08,"Method: equity_%, ATR: 438614.06, Risk: 2577.84"
2024-01-02 03:00:00,GBPUSD,905826.0472730285,-634.2161879801837,equity_%,-4.488250696331218e-06,2578.453089944536,2.207929442988486e-06,4.4158588859769715e-08,"Method: equity_%, ATR: 905826.05, Risk: 2578.45"
2024-01-02 04:00:00,GBPUSD,387681.2380164859,-632.728517323906,equity_%,-1.0546355104589223e-05,2586.9890036349516,5.15887745879245e-06,1.0317754917584901e-07,"Method: equity_%, ATR: 387681.24, Risk: 2586.99"
2024-01-02 05:00:00,GBPUSD,2101906.761348356,-476.26056853800446,equity_%,-2.5871819000374253e-06,2589.91217683042,9.515169924649828e-07,1.9030339849299655e-08,"Method: equity_%, ATR: 2101906.76, Risk: 2589.91"
2024-01-02 06:00:00,GBPUSD,1272877.502394477,-412.40157334405876,equity_%,-4.93372564744524e-06,2589.893584400492,1.5712431056701802e-06,3.1424862113403604e-08,"Method: equity_%, ATR: 1272877.50, Risk: 2589.89"
2024-01-02 07:00:00,GBPUSD,2038601.8906295572,-511.8991471987293,equity_%,-2.4855351055600094e-06,2593.801458680727,9.810645272100498e-07,1.9621290544200994e-08,"Method: equity_%, ATR: 2038601.89, Risk: 2593.80"
2024-01-02 08:00:00,GBPUSD,461497.06349647377,-512.2923237781222,equity_%,-1.0970230039616713e-05,2593.5971780259542,4.333722049815994e-06,8.667444099631986e-08,"Method: equity_%, ATR: 461497.06, Risk: 2593.60"
2024-01-02 09:00:00,GBPUSD,827937.3782312132,-451.1609886369772,equity_%,-6.934868165890143e-06,2590.402430253474,2.4156416325504656e-06,4.831283265100931e-08,"Method: equity_%, ATR: 827937.38, Risk: 2590.40"
2024-01-02 10:00:00,GBPUSD,1150258.6633696416,-377.4145272203833,equity_%,-5.97989871791048e-06,2596.0195220892692,1.7387393494095244e-06,3.477478698819049e-08,"Method: equity_%, ATR: 1150258.66, Risk: 2596.02"
2024-01-02 11:00:00,GBPUSD,899102.0554511141,-410.3358175159407,equity_%,-7.0316422793182475e-06,2594.2103442968764,2.2244415835491814e-06,4.448883167098363e-08,"Method: equity_%, ATR: 899102.06, Risk: 2594.21"
2024-01-02 12:00:00,GBPUSD,218171.23871120656,-424.78860391475206,equity_%,-2.8087606924428362e-05,2603.065482171868,9.167111172923217e-06,1.8334222345846433e-07,"Method: equity_%, ATR: 218171.24, Risk: 2603.07"
2024-01-02 13:00:00,GBPUSD,473456.6360701234,-432.58476753272197,equity_%,-1.2709808346131462e-05,2603.097485045482,4.22425170043193e-06,8.448503400863861e-08,"Method: equity_%, ATR: 473456.64, Risk: 2603.10"
2024-01-02 14:00:00,GBPUSD,872296.9866956742,-395.37652824865575,equity_%,-7.5706150436259874e-06,2610.997279090167,2.2927970983553987e-06,4.5855941967107975e-08,"Method: equity_%, ATR: 872296.99, Risk: 2611.00"
2024-01-02 15:00:00,GBPUSD,572428.2285794681,-389.71202884025024,equity_%,-1.1692513609908922e-05,2608.391265884607,3.493887792646389e-06,6.987775585292778e-08,"Method: equity_%, ATR: 572428.23, Risk: 2608.39"
2024-01-02 16:00:00,GBPUSD,864546.5688118412,-439.1989444889228,equity_%,-6.881519894777415e-06,2612.967746643406,2.313351382272709e-06,4.626702764545417e-08,"Method: equity_%, ATR: 864546.57, Risk: 2612.97"
2024-01-02 17:00:00,GBPUSD,986603.2469322715,-493.186121932691,equity_%,-5.376242641497291e-06,2615.9669254623595,2.0271573261275677e-06,4.054314652255135e-08,"Method: equity_%, ATR: 986603.25, Risk: 2615.97"
2024-01-02 18:00:00,GBPUSD,490913.39426591503,-500.29856969302574,equity_%,-1.066752969073435e-05,2619.980164139025,4.074038360657668e-06,8.148076721315337e-08,"Method: equity_%, ATR: 490913.39, Risk: 2619.98"
2024-01-02 19:00:00,GBPUSD,586626.859167863,-537.2393172902032,equity_%,-8.327174922221632e-06,2624.3842322590535,3.4093222441894723e-06,6.818644488378945e-08,"Method: equity_%, ATR: 586626.86, Risk: 2624.38"
2024-01-02 20:00:00,GBPUSD,570338.6256795136,-561.7484553580878,equity_%,-8.19131953233832e-06,2624.3909968322096,3.506688675726911e-06,7.01337735145382e-08,"Method: equity_%, ATR: 570338.63, Risk: 2624.39"
2024-01-02 21:00:00,GBPUSD,2337866.4187272205,-643.6382044474783,equity_%,-1.7424699379374897e-06,2621.9644653062005,8.554808709253964e-07,1.7109617418507927e-08,"Method: equity_%, ATR: 2337866.42, Risk: 2621.96"
2024-01-02 22:00:00,GBPUSD,396807.2746619873,-677.6256636696546,equity_%,-9.756193989263156e-06,2623.311712115183,5.0402301764846975e-06,1.0080460352969397e-07,"Method: equity_%, ATR: 396807.27, Risk: 2623.31"
2024-01-02 23:00:00,GBPUSD,1721669.4447782254,-737.6236482436229,equity_%,-2.067398721913262e-06,2625.4808028879384,1.1616631787628824e-06,2.323326357525765e-08,"Method: equity_%, ATR: 1721669.44, Risk: 2625.48"
2024-01-03 00:00:00,GBPUSD,608025.7006435749,-758.1381441019283,equity_%,-5.695771186225792e-06,2625.5652690244715,3.2893346414190494e-06,6.578669282838099e-08,"Method: equity_%, ATR: 608025.70, Risk: 2625.57"
2024-01-03 01:00:00,GBPUSD,593908.4801974548,-774.8022732778262,equity_%,-5.710814851159065e-06,2627.8979309349515,3.3675222137509578e-06,6.735044427501916e-08,"Method: equity_%, ATR: 593908.48, Risk: 2627.90"
2024-01-03 02:00:00,GBPUSD,478558.15874963126,-763.5435901511004,equity_%,-7.198649978730458e-06,2630.386807528476,4.179220358974899e-06,8.358440717949796e-08,"Method: equity_%, ATR: 478558.16, Risk: 2630.39"
2024-01-03 03:00:00,GBPUSD,574776.2676093043,-726.3704891610312,equity_%,-6.297373561637096e-06,2629.156728188844,3.4796147870173905e-06,6.959229574034781e-08,"Method: equity_%, ATR: 574776.27, Risk: 2629.16"
2024-01-03 04:00:00,GBPUSD,649326.4766647633,-692.6930297613312,equity_%,-5.851346611370056e-06,2631.841642033916,3.080114660152026e-06,6.160229320304052e-08,"Method: equity_%, ATR: 649326.48, Risk: 2631.84"
2024-01-03 05:00:00,GBPUSD,1849505.9102965388,-600.3029695554984,equity_%,-2.371093961796777e-06,2632.540005962832,1.0813698885013738e-06,2.1627397770027475e-08,"Method: equity_%, ATR: 1849505.91, Risk: 2632.54"
2024-01-03 06:00:00,GBPUSD,1026852.9510797895,-650.1976244443331,equity_%,-3.942052110183726e-06,2631.9400632622214,1.9476985462201727e-06,3.895397092440345e-08,"Method: equity_%, ATR: 1026852.95, Risk: 2631.94"
2024-01-03 07:00:00,GBPUSD,417734.1536221206,-645.1770722200108,equity_%,-9.779888525684348e-06,2635.802188676894,4.787733975444072e-06,9.575467950888146e-08,"Method: equity_%, ATR: 417734.15, Risk: 2635.80"
2024-01-03 08:00:00,GBPUSD,1051339.8410666923,-573.3651181857217,equity_%,-4.371208120584167e-06,2634.971215041813,1.9023344515992035e-06,3.8046689031984077e-08,"Method: equity_%, ATR: 1051339.84, Risk: 2634.97"
2024-01-03 09:00:00,GBPUSD,1162320.8993727365,-477.45773362886945,equity_%,-4.7482800102697275e-06,2635.1012122720986,1.7206952065297368e-06,3.4413904130594735e-08,"Method: equity_%, ATR: 1162320.90, Risk: 2635.10"
2024-01-03 10:00:00,GBPUSD,2240272.7966512,-521.528732188221,equity_%,-2.2568406987781664e-06,2636.817364822659,8.927484201877718e-07,1.7854968403755433e-08,"Method: equity_%, ATR: 2240272.80, Risk: 2636.82"
2024-01-03 11:00:00,GBPUSD,1046510.0518276307,-580.9898980939231,equity_%,-4.346034792694515e-06,2642.4402996846216,1.911113989308741e-06,3.822227978617482e-08,"Method: equity_%, ATR: 1046510.05, Risk: 2642.44"
2024-01-03 12:00:00,GBPUSD,442408.07426465495,-572.3037439575395,equity_%,-1.044472483133278e-05,2644.518651917794,4.52071315227301e-06,9.04142630454602e-08,"Method: equity_%, ATR: 442408.07, Risk: 2644.52"
2024-01-03 13:00:00,GBPUSD,748716.6000147045,-596.7068044416235,equity_%,-5.926175339437782e-06,2647.603516915218,2.6712376885469362e-06,5.342475377093872e-08,"Method: equity_%, ATR: 748716.60, Risk: 2647.60"
2024-01-03 14:00:00,GBPUSD,422002.2770541425,-594.2176970910579,equity_%,-1.0560686282472156e-05,2648.2105893072285,4.739310920219045e-06,9.47862184043809e-08,"Method: equity_%, ATR: 422002.28, Risk: 2648.21"
2024-01-03 15:00:00,GBPUSD,527501.6923945771,-572.9020504265106,equity_%,-8.767092964557054e-06,2649.475120434099,3.7914570300638542e-06,7.582914060127709e-08,"Method: equity_%, ATR: 527501.69, Risk: 2649.48"
2024-01-03 16:00:00,GBPUSD,683731.4628474689,-539.0907315267347,equity_%,-7.191743660215896e-06,2650.8284887335403,2.9251250069300558e-06,5.850250013860112e-08,"Method: equity_%, ATR: 683731.46, Risk: 2650.83"
2024-01-03 17:00:00,GBPUSD,573912.7664095793,-555.5115029881699,equity_%,-8.322090283138288e-06,2653.208407441591,3.4848501672337384e-06,6.969700334467476e-08,"Method: equity_%, ATR: 573912.77, Risk: 2653.21"
2024-01-03 18:00:00,GBPUSD,571504.702362314,-585.6622403337666,equity_%,-7.928746135618488e-06,2653.8205047224465,3.499533760147559e-06,6.999067520295118e-08,"Method: equity_%, ATR: 571504.70, Risk: 2653.82"
2024-01-03 19:00:00,GBPUSD,435411.1843227383,-569.5364675990703,equity_%,-1.072390185194934e-05,2659.340504378875,4.593359270527022e-06,9.186718541054044e-08,"Method: equity_%, ATR: 435411.18, Risk: 2659.34"
2024-01-03 20:00:00,GBPUSD,909978.705501004,-654.0025004776136,equity_%,-4.469155285780008e-06,2659.7210056633685,2.197853628782298e-06,4.3957072575645964e-08,"Method: equity_%, ATR: 909978.71, Risk: 2659.72"
2024-01-03 21:00:00,GBPUSD,2387473.1140807937,-618.2523287262982,equity_%,-1.7994511199479462e-06,2656.099282257752,8.377057685820367e-07,1.6754115371640734e-08,"Method: equity_%, ATR: 2387473.11, Risk: 2656.10"
2024-01-03 22:00:00,GBPUSD,683868.8181497104,-642.0799892656323,equity_%,-6.071138418260536e-06,2665.8276720708623,2.924537494502588e-06,5.8490749890051766e-08,"Method: equity_%, ATR: 683868.82, Risk: 2665.83"
2024-01-03 23:00:00,GBPUSD,2155567.655437709,-550.9970961522902,equity_%,-2.244943762861741e-06,2666.345565998031,9.278298433151619e-07,1.8556596866303237e-08,"Method: equity_%, ATR: 2155567.66, Risk: 2666.35"
2024-01-04 00:00:00,GBPUSD,1422202.4431906822,-620.3106270229081,equity_%,-3.0285230101784916e-06,2671.7850753593048,1.4062695571757284e-06,2.8125391143514567e-08,"Method: equity_%, ATR: 1422202.44, Risk: 2671.79"
2024-01-04 01:00:00,GBPUSD,292007.3692794847,-611.8451362498497,equity_%,-1.4986287715988418e-05,2677.499447885184,6.8491422149205065e-06,1.369828442984101e-07,"Method: equity_%, ATR: 292007.37, Risk: 2677.50"
2024-01-04 02:00:00,GBPUSD,667744.3137639171,-622.2837421781711,equity_%,-6.454066203015985e-06,2681.8350908219354,2.995158414343466e-06,5.990316828686931e-08,"Method: equity_%, ATR: 667744.31, Risk: 2681.84"
2024-01-04 03:00:00,GBPUSD,1594487.199781887,-732.5537529018263,equity_%,-2.2967737360626688e-06,2682.7410091631436,1.254321765815106e-06,2.508643531630212e-08,"Method: equity_%, ATR: 1594487.20, Risk: 2682.74"
2024-01-04 04:00:00,GBPUSD,376596.82747597,-739.930414640393,equity_%,-9.635918103730505e-06,2685.1010636227666,5.310719193797818e-06,1.0621438387595638e-07,"Method: equity_%, ATR: 376596.83, Risk: 2685.10"
2024-01-04 05:00:00,GBPUSD,820782.0759413164,-690.7110098643188,equity_%,-4.732170873705919e-06,2682.777532994852,2.4367003844550265e-06,4.8734007689100535e-08,"Method: equity_%, ATR: 820782.08, Risk: 2682.78"
2024-01-04 06:00:00,GBPUSD,995631.4105584136,-752.9002326968708,equity_%,-3.5888581453286286e-06,2690.247976316307,2.0087755155075637e-06,4.0175510310151276e-08,"Method: equity_%, ATR: 995631.41, Risk: 2690.25"
2024-01-04 07:00:00,GBPUSD,714772.3805561452,-801.7904677988406,equity_%,-4.692380802982782e-06,2689.192558321759,2.798093567135112e-06,5.5961871342702235e-08,"Method: equity_%, ATR: 714772.38, Risk: 2689.19"
2024-01-04 08:00:00,GBPUSD,1361035.5065229032,-872.2114613647957,equity_%,-2.2659476501150402e-06,2689.930855433536,1.469469378583287e-06,2.938938757166574e-08,"Method: equity_%, ATR: 1361035.51, Risk: 2689.93"
2024-01-04 09:00:00,GBPUSD,259485.24371391046,-882.5191214304673,equity_%,-1.1754234552941239e-05,2691.7278148946575,7.707567379843204e-06,1.5415134759686407e-07,"Method: equity_%, ATR: 259485.24, Risk: 2691.73"
2024-01-04 10:00:00,GBPUSD,725185.8178911789,-855.0436773120473,equity_%,-4.342936810954825e-06,2692.9054956301466,2.757913834851248e-06,5.515827669702497e-08,"Method: equity_%, ATR: 725185.82, Risk: 2692.91"
2024-01-04 11:00:00,GBPUSD,764658.6270793796,-833.3273478735114,equity_%,-4.225343104688083e-06,2692.4348757832663,2.615546244000434e-06,5.2310924880008674e-08,"Method: equity_%, ATR: 764658.63, Risk: 2692.43"
2024-01-04 12:00:00,GBPUSD,579935.2568076551,-812.0588145340623,equity_%,-5.729199231966641e-06,2698.1178929394305,3.4486608229499873e-06,6.897321645899975e-08,"Method: equity_%, ATR: 579935.26, Risk: 2698.12"
2024-01-04 13:00:00,GBPUSD,804477.4816840208,-871.3626418015036,equity_%,-3.855208306893936e-06,2702.4687307898953,2.486085745760565e-06,4.97217149152113e-08,"Method: equity_%, ATR: 804477.48, Risk: 2702.47"
2024-01-04 14:00:00,GBPUSD,971757.9311546228,-900.7718719277025,equity_%,-3.0901808928280092e-06,2704.934872402872,2.058125728517226e-06,4.116251457034452e-08,"Method: equity_%, ATR: 971757.93, Risk: 2704.93"
2024-01-04 15:00:00,GBPUSD,540996.3863532698,-863.184008181024,equity_%,-5.793052207808797e-06,2705.236213234882,3.6968823645598313e-06,7.393764729119663e-08,"Method: equity_%, ATR: 540996.39, Risk: 2705.24"
2024-01-04 16:00:00,GBPUSD,1508617.964682802,-800.3111175939812,equity_%,-2.2445009527800372e-06,2709.9290408504157,1.3257166803131068e-06,2.6514333606262133e-08,"Method: equity_%, ATR: 1508617.96, Risk: 2709.93"
2024-01-04 17:00:00,GBPUSD,1032985.3849913377,-886.2491686324406,equity_%,-2.9602267837323073e-06,2710.035634952083,1.936135814754796e-06,3.872271629509592e-08,"Method: equity_%, ATR: 1032985.38, Risk: 2710.04"
2024-01-04 18:00:00,GBPUSD,989990.4961531865,-922.2308927404592,equity_%,-2.975079242878928e-06,2716.246810473096,2.020221414014998e-06,4.0404428280299964e-08,"Method: equity_%, ATR: 989990.50, Risk: 2716.25"
2024-01-04 19:00:00,GBPUSD,597827.242472448,-892.7377247722295,equity_%,-5.092871537639638e-06,2718.080473219546,3.345448079161721e-06,6.690896158323442e-08,"Method: equity_%, ATR: 597827.24, Risk: 2718.08"
2024-01-04 20:00:00,GBPUSD,265594.3604626964,-905.0000378944815,equity_%,-1.1329825637033676e-05,2723.2698178004644,7.53028037385947e-06,1.506056074771894e-07,"Method: equity_%, ATR: 265594.36, Risk: 2723.27"
2024-01-04 21:00:00,GBPUSD,453028.8176586714,-870.7438129875827,equity_%,-6.906518282664457e-06,2724.428356821914,4.4147301938458005e-06,8.829460387691599e-08,"Method: equity_%, ATR: 453028.82, Risk: 2724.43"
2024-01-04 22:00:00,GBPUSD,751712.667276546,-858.3518332495743,equity_%,-4.2250457731271305e-06,2726.1429563680367,2.6605910570138423e-06,5.321182114027685e-08,"Method: equity_%, ATR: 751712.67, Risk: 2726.14"
2024-01-04 23:00:00,GBPUSD,476380.9779838323,-842.8767865484389,equity_%,-6.802271403875399e-06,2731.3192195524125,4.1983204460944644e-06,8.39664089218893e-08,"Method: equity_%, ATR: 476380.98, Risk: 2731.32"
2024-01-05 00:00:00,GBPUSD,824684.5521504633,-815.7084607174302,equity_%,-4.072234535536221e-06,2739.4009950078257,2.4251697146318088e-06,4.850339429263617e-08,"Method: equity_%, ATR: 824684.55, Risk: 2739.40"
2024-01-05 01:00:00,GBPUSD,330893.26780071016,-792.5333194321781,equity_%,-1.0469573086893954e-05,2745.58209546034,6.044245062140571e-06,1.2088490124281142e-07,"Method: equity_%, ATR: 330893.27, Risk: 2745.58"
2024-01-05 02:00:00,GBPUSD,930573.9662579208,-818.8084442646294,equity_%,-3.6087287071671254e-06,2749.7134993184736,2.1492112099831444e-06,4.2984224199662886e-08,"Method: equity_%, ATR: 930573.97, Risk: 2749.71"
2024-01-05 03:00:00,GBPUSD,450851.72094816016,-837.1287511271036,equity_%,-7.294193489821196e-06,2752.9813496173465,4.436048277233845e-06,8.87209655446769e-08,"Method: equity_%, ATR: 450851.72, Risk: 2752.98"
2024-01-05 04:00:00,GBPUSD,2674989.0130856386,-964.2169410767111,equity_%,-1.0673410688092513e-06,2752.960503546568,7.476666222613645e-07,1.495333244522729e-08,"Method: equity_%, ATR: 2674989.01, Risk: 2752.96"
2024-01-05 05:00:00,GBPUSD,519154.8712754934,-973.7642660515139,equity_%,-5.450362732558826e-06,2755.346192769884,3.852414974141089e-06,7.704829948282177e-08,"Method: equity_%, ATR: 519154.87, Risk: 2755.35"
2024-01-05 06:00:00,GBPUSD,110149.43850622444,-980.6786096094557,equity_%,-2.549598681573848e-05,2754.1070452178933,1.815715111327582e-05,3.6314302226551647e-07,"Method: equity_%, ATR: 110149.44, Risk: 2754.11"
2024-01-05 07:00:00,GBPUSD,677695.6879029603,-955.2337681688657,equity_%,-4.2584400275323375e-06,2756.734391618948,2.9511771075137508e-06,5.902354215027502e-08,"Method: equity_%, ATR: 677695.69, Risk: 2756.73"
2024-01-05 08:00:00,GBPUSD,343023.599070392,-962.8215630053121,equity_%,-8.355437118468929e-06,2759.554543601029,5.830502640110133e-06,1.1661005280220266e-07,"Method: equity_%, ATR: 343023.60, Risk: 2759.55"
2024-01-05 09:00:00,GBPUSD,930338.64488066,-948.2433686368438,equity_%,-3.1231140346866092e-06,2755.1720081766243,2.1497548349789897e-06,4.29950966995798e-08,"Method: equity_%, ATR: 930338.64, Risk: 2755.17"
2024-01-05 10:00:00,GBPUSD,386440.90019321995,-944.3861243987459,equity_%,-7.553891148714676e-06,2756.788224004199,5.175435620297961e-06,1.0350871240595923e-07,"Method: equity_%, ATR: 386440.90, Risk: 2756.79"
2024-01-05 11:00:00,GBPUSD,473785.6868018343,-945.5269338565373,equity_%,-6.159986030047619e-06,2759.5328487014667,4.2213178990283014e-06,8.442635798056603e-08,"Method: equity_%, ATR: 473785.69, Risk: 2759.53"
2024-01-05 12:00:00,GBPUSD,1468832.6452941748,-860.7687345959151,equity_%,-2.183600928847332e-06,2760.7817191300496,1.3616255101679364e-06,2.7232510203358726e-08,"Method: equity_%, ATR: 1468832.65, Risk: 2760.78"
2024-01-05 13:00:00,GBPUSD,1264359.6216655807,-794.5069347913611,equity_%,-2.750860117991822e-06,2763.3558656466193,1.5818284337215206e-06,3.163656867443041e-08,"Method: equity_%, ATR: 1264359.62, Risk: 2763.36"
2024-01-05 14:00:00,GBPUSD,865387.78856735,-762.0480857625622,equity_%,-4.1864570144544135e-06,2760.830698916551,2.3111026367855286e-06,4.6222052735710575e-08,"Method: equity_%, ATR: 865387.79, Risk: 2760.83"
2024-01-05 15:00:00,GBPUSD,513088.1144418595,-744.4997774265681,equity_%,-7.22525275243169e-06,2760.00310599987,3.897965951083495e-06,7.79593190216699e-08,"Method: equity_%, ATR: 513088.11, Risk: 2760.00"
2024-01-05 16:00:00,GBPUSD,539910.2683961029,-753.8811609261447,equity_%,-6.7921781753168175e-06,2764.6079204893617,3.7043192490880877e-06,7.408638498176175e-08,"Method: equity_%, ATR: 539910.27, Risk: 2764.61"
2024-01-05 17:00:00,GBPUSD,1308616.0287943927,-726.1477860006044,equity_%,-2.910932509911226e-06,2766.109635486299,1.5283321891162898e-06,3.05666437823258e-08,"Method: equity_%, ATR: 1308616.03, Risk: 2766.11"
2024-01-05 18:00:00,GBPUSD,356370.7742559427,-746.7300433736444,equity_%,-1.040397023335595e-05,2768.6292724302434,5.612132488068777e-06,1.1224264976137553e-07,"Method: equity_%, ATR: 356370.77, Risk: 2768.63"
2024-01-05 19:00:00,GBPUSD,450499.45631839935,-789.4422355458188,equity_%,-7.784456294359693e-06,2768.489708948118,4.439517011506581e-06,8.879034023013163e-08,"Method: equity_%, ATR: 450499.46, Risk: 2768.49"
2024-01-05 20:00:00,GBPUSD,470221.5735908362,-781.0363975053198,equity_%,-7.542468428521399e-06,2770.0481910179487,4.253313995627734e-06,8.506627991255469e-08,"Method: equity_%, ATR: 470221.57, Risk: 2770.05"
2024-01-05 21:00:00,GBPUSD,1209233.0794128077,-732.2180788592918,equity_%,-3.1223994300185223e-06,2764.642154477543,1.6539408605751849e-06,3.30788172115037e-08,"Method: equity_%, ATR: 1209233.08, Risk: 2764.64"
2024-01-05 22:00:00,GBPUSD,153416.3534754373,-734.2373741510825,equity_%,-2.4579024943569518e-05,2768.680190292805,1.3036419877625429e-05,2.6072839755250857e-07,"Method: equity_%, ATR: 153416.35, Risk: 2768.68"
2024-01-05 23:00:00,GBPUSD,1789174.956257641,-853.0905845872943,equity_%,-1.818484248626982e-06,2775.6039888096625,1.1178336657379416e-06,2.235667331475883e-08,"Method: equity_%, ATR: 1789174.96, Risk: 2775.60"
2024-01-06 00:00:00,GBPUSD,666506.3734857745,-822.7701039514717,equity_%,-5.058355987782331e-06,2773.908936162018,3.0007214927895757e-06,6.001442985579151e-08,"Method: equity_%, ATR: 666506.37, Risk: 2773.91"
2024-01-06 01:00:00,GBPUSD,401361.1470921819,-813.309709266939,equity_%,-8.493643794034111e-06,2772.5879395994893,4.9830433625421485e-06,9.966086725084297e-08,"Method: equity_%, ATR: 401361.15, Risk: 2772.59"
2024-01-06 02:00:00,GBPUSD,243277.35250467298,-829.4029953617809,equity_%,-1.3754979866148282e-05,2775.4105792942023,8.221069406621331e-06,1.6442138813242658e-07,"Method: equity_%, ATR: 243277.35, Risk: 2775.41"
2024-01-06 03:00:00,GBPUSD,1488470.258570137,-845.4555088826144,equity_%,-2.2101510030266797e-06,2781.3322171657223,1.3436613788449169e-06,2.6873227576898336e-08,"Method: equity_%, ATR: 1488470.26, Risk: 2781.33"
2024-01-06 04:00:00,GBPUSD,452133.07265044935,-816.0053595036786,equity_%,-7.54269859050951e-06,2782.8259252135736,4.423476451912265e-06,8.846952903824531e-08,"Method: equity_%, ATR: 452133.07, Risk: 2782.83"
2024-01-06 05:00:00,GBPUSD,2108624.3339126725,-919.8862231892737,equity_%,-1.433544306845463e-06,2780.637971151136,9.484856870113446e-07,1.8969713740226895e-08,"Method: equity_%, ATR: 2108624.33, Risk: 2780.64"
2024-01-06 06:00:00,GBPUSD,1112955.5339109607,-842.8974581743843,equity_%,-2.965025270377659e-06,2781.5121194412222,1.797016986808033e-06,3.594033973616066e-08,"Method: equity_%, ATR: 1112955.53, Risk: 2781.51"
2024-01-06 07:00:00,GBPUSD,377158.3635035188,-850.2147399618609,equity_%,-8.669225272772243e-06,2779.9223232002873,5.30281227604632e-06,1.0605624552092642e-07,"Method: equity_%, ATR: 377158.36, Risk: 2779.92"
2024-01-06 08:00:00,GBPUSD,463426.27844823594,-859.2287305076516,equity_%,-6.980139022803741e-06,2779.415784321681,4.315681032799692e-06,8.631362065599382e-08,"Method: equity_%, ATR: 463426.28, Risk: 2779.42"
2024-01-06 09:00:00,GBPUSD,1966476.588439599,-945.821020273607,equity_%,-1.4946779433812404e-06,2780.0036610242205,1.0170474501234728e-06,2.0340949002469455e-08,"Method: equity_%, ATR: 1966476.59, Risk: 2780.00"
2024-01-06 10:00:00,GBPUSD,1185382.5252896603,-1015.5481218249804,equity_%,-2.3082619092150174e-06,2778.7156872594956,1.6872190683857763e-06,3.3744381367715525e-08,"Method: equity_%, ATR: 1185382.53, Risk: 2778.72"
2024-01-06 11:00:00,GBPUSD,574669.0476249193,-1044.099332617418,equity_%,-4.629714014096065e-06,2777.881970086972,3.4802640028480875e-06,6.960528005696175e-08,"Method: equity_%, ATR: 574669.05, Risk: 2777.88"
2024-01-06 12:00:00,GBPUSD,521976.99650540017,-1036.9708105393029,equity_%,-5.1352935913053595e-06,2779.605572087639,3.83158647486357e-06,7.66317294972714e-08,"Method: equity_%, ATR: 521977.00, Risk: 2779.61"
2024-01-06 13:00:00,GBPUSD,1369384.148702079,-1124.495035088332,equity_%,-1.8064891777627671e-06,2781.750679524051,1.4605105527880017e-06,2.9210211055760033e-08,"Method: equity_%, ATR: 1369384.15, Risk: 2781.75"
2024-01-06 14:00:00,GBPUSD,881630.6776797501,-1145.0137012206246,equity_%,-2.7528835896448902e-06,2778.9787385225877,2.2685236013605395e-06,4.5370472027210795e-08,"Method: equity_%, ATR: 881630.68, Risk: 2778.98"
2024-01-06 15:00:00,GBPUSD,867643.4674896996,-1096.593996054278,equity_%,-2.923601063791027e-06,2781.667883690116,2.3050942869269556e-06,4.6101885738539115e-08,"Method: equity_%, ATR: 867643.47, Risk: 2781.67"
2024-01-06 16:00:00,GBPUSD,786752.8962077472,-1096.643632090866,equity_%,-3.2244578289457836e-06,2782.022082100722,2.5420942326876256e-06,5.084188465375252e-08,"Method: equity_%, ATR: 786752.90, Risk: 2782.02"
2024-01-06 17:00:00,GBPUSD,643244.552897695,-1146.6375180618809,equity_%,-3.776847140129837e-06,2785.68286667138,3.109237367017534e-06,6.218474734035068e-08,"Method: equity_%, ATR: 643244.55, Risk: 2785.68"
2024-01-06 18:00:00,GBPUSD,574151.1326272393,-1137.432141056505,equity_%,-4.271480578979952e-06,2789.5243592334436,3.483403386924041e-06,6.966806773848082e-08,"Method: equity_%, ATR: 574151.13, Risk: 2789.52"
2024-01-06 19:00:00,GBPUSD,467995.6050213491,-1157.859177923063,equity_%,-5.147683501894846e-06,2789.390735690578,4.273544406274421e-06,8.547088812548842e-08,"Method: equity_%, ATR: 467995.61, Risk: 2789.39"
2024-01-06 20:00:00,GBPUSD,649559.7293507967,-1201.9686096212681,equity_%,-3.5769858866144865e-06,2792.733178772691,3.0790086109539194e-06,6.158017221907838e-08,"Method: equity_%, ATR: 649559.73, Risk: 2792.73"
2024-01-06 21:00:00,GBPUSD,286178.785155048,-1196.8488439304047,equity_%,-8.150710668632178e-06,2791.722310653595,6.988638235068422e-06,1.3977276470136843e-07,"Method: equity_%, ATR: 286178.79, Risk: 2791.72"
2024-01-06 22:00:00,GBPUSD,840414.2452188262,-1241.5056377392345,equity_%,-2.6808988238277398e-06,2797.193596842101,2.379778795252622e-06,4.7595575905052446e-08,"Method: equity_%, ATR: 840414.25, Risk: 2797.19"
2024-01-06 23:00:00,GBPUSD,1593558.8154252695,-1211.4984011568272,equity_%,-1.4484123800589636e-06,2796.2961882395316,1.2550525155648332e-06,2.5101050311296665e-08,"Method: equity_%, ATR: 1593558.82, Risk: 2796.30"
2024-01-07 00:00:00,GBPUSD,545711.7936170789,-1183.644017174502,equity_%,-4.333071599608128e-06,2798.854437065408,3.664938202532934e-06,7.329876405065868e-08,"Method: equity_%, ATR: 545711.79, Risk: 2798.85"
2024-01-07 01:00:00,GBPUSD,842076.5118362601,-1222.9068241511993,equity_%,-2.7188220631350584e-06,2799.7916096314752,2.3750810904804046e-06,4.7501621809608086e-08,"Method: equity_%, ATR: 842076.51, Risk: 2799.79"
2024-01-07 02:00:00,GBPUSD,899412.4148751735,-1172.6793725199136,equity_%,-2.653059195862981e-06,2798.2409260887625,2.223673997514893e-06,4.447347995029786e-08,"Method: equity_%, ATR: 899412.41, Risk: 2798.24"
2024-01-07 03:00:00,GBPUSD,2316669.0013975254,-1009.9884736057735,equity_%,-1.1977232701739932e-06,2802.4436733741186,8.633084824778613e-07,1.7266169649557226e-08,"Method: equity_%, ATR: 2316669.00, Risk: 2802.44"
2024-01-07 04:00:00,GBPUSD,1008915.8877213219,-962.9022585294535,equity_%,-2.88434138783396e-06,2802.1012779475186,1.9823258056893946e-06,3.96465161137879e-08,"Method: equity_%, ATR: 1008915.89, Risk: 2802.10"
2024-01-07 05:00:00,GBPUSD,917126.7118523883,-1024.7773042308738,equity_%,-2.9776019125855207e-06,2798.5010614525836,2.1807237474966273e-06,4.361447494993255e-08,"Method: equity_%, ATR: 917126.71, Risk: 2798.50"
2024-01-07 06:00:00,GBPUSD,561078.7452485169,-1076.0783486756072,equity_%,-4.6232498672893e-06,2791.3550213630797,3.5645620457680077e-06,7.129124091536014e-08,"Method: equity_%, ATR: 561078.75, Risk: 2791.36"
2024-01-07 07:00:00,GBPUSD,664587.246220483,-1037.229399348849,equity_%,-4.0477451926301136e-06,2790.2298872797955,3.0093866702589135e-06,6.018773340517827e-08,"Method: equity_%, ATR: 664587.25, Risk: 2790.23"
2024-01-07 08:00:00,GBPUSD,778800.1699408256,-1052.6406904749385,equity_%,-3.4104277886135305e-06,2795.857612537692,2.56805285513993e-06,5.1361057102798606e-08,"Method: equity_%, ATR: 778800.17, Risk: 2795.86"
2024-01-07 09:00:00,GBPUSD,747683.8808871753,-1098.1539513532875,equity_%,-3.4115531891282785e-06,2801.1308279402033,2.6749272668910164e-06,5.349854533782033e-08,"Method: equity_%, ATR: 747683.88, Risk: 2801.13"
2024-01-07 10:00:00,GBPUSD,635738.9355608916,-1075.054259781488,equity_%,-4.0975334757745275e-06,2800.4750327331603,3.1459454315716333e-06,6.291890863143267e-08,"Method: equity_%, ATR: 635738.94, Risk: 2800.48"
2024-01-07 11:00:00,GBPUSD,509820.7199540025,-1050.2971598644933,equity_%,-5.230707515370091e-06,2800.851667989056,3.922947659287849e-06,7.845895318575699e-08,"Method: equity_%, ATR: 509820.72, Risk: 2800.85"
2024-01-07 12:00:00,GBPUSD,212024.95101889782,-1031.9049563934,equity_%,-1.2802057120049781e-05,2800.956928762388,9.432852078912824e-06,1.8865704157825649e-07,"Method: equity_%, ATR: 212024.95, Risk: 2800.96"
2024-01-07 13:00:00,GBPUSD,584703.7781524636,-994.1387119114366,equity_%,-4.814328220532595e-06,2798.456632326039,3.420535448427516e-06,6.841070896855032e-08,"Method: equity_%, ATR: 584703.78, Risk: 2798.46"
2024-01-07 14:00:00,GBPUSD,419668.2698432926,-1001.033301553242,equity_%,-6.658170423347137e-06,2797.110136711169,4.76566884779451e-06,9.531337695589021e-08,"Method: equity_%, ATR: 419668.27, Risk: 2797.11"
2024-01-07 15:00:00,GBPUSD,803410.9608420988,-1052.6794898535973,equity_%,-3.312569660106887e-06,2801.5535852693715,2.4893860022816856e-06,4.9787720045633714e-08,"Method: equity_%, ATR: 803410.96, Risk: 2801.55"
2024-01-07 16:00:00,GBPUSD,488706.21229600604,-1081.321108809595,equity_%,-5.307170103023721e-06,2804.56524888351,4.09243825774945e-06,8.1848765154989e-08,"Method: equity_%, ATR: 488706.21, Risk: 2804.57"
2024-01-07 17:00:00,GBPUSD,1907116.220669477,-1206.1180856974222,equity_%,-1.2202745534300337e-06,2806.8845154590995,1.0487037854976226e-06,2.0974075709952458e-08,"Method: equity_%, ATR: 1907116.22, Risk: 2806.88"
2024-01-07 18:00:00,GBPUSD,849079.4577413453,-1235.6514284767989,equity_%,-2.6729596852683153e-06,2804.379075624117,2.3554921530197464e-06,4.710984306039493e-08,"Method: equity_%, ATR: 849079.46, Risk: 2804.38"
2024-01-07 19:00:00,GBPUSD,312262.80580702226,-1257.7777921479963,equity_%,-7.144823888164277e-06,2806.181185266219,6.4048614269993955e-06,1.2809722853998792e-07,"Method: equity_%, ATR: 312262.81, Risk: 2806.18"
2024-01-07 20:00:00,GBPUSD,830906.0655122789,-1242.1865637923493,equity_%,-2.7135550406493568e-06,2800.769650357755,2.4070109522752594e-06,4.81402190455052e-08,"Method: equity_%, ATR: 830906.07, Risk: 2800.77"
2024-01-07 21:00:00,GBPUSD,550109.7276548945,-1215.330149577648,equity_%,-4.195251501703574e-06,2804.798058431537,3.6356383089714765e-06,7.271276617942954e-08,"Method: equity_%, ATR: 550109.73, Risk: 2804.80"
2024-01-07 22:00:00,GBPUSD,2312197.7582027717,-1135.755431224435,equity_%,-1.0689171129367914e-06,2807.0737831337483,8.649779167481605e-07,1.729955833496321e-08,"Method: equity_%, ATR: 2312197.76, Risk: 2807.07"
2024-01-07 23:00:00,GBPUSD,1413736.0398766897,-1074.661534347303,equity_%,-1.84595584408461e-06,2804.538085777449,1.4146912461639206e-06,2.829382492327841e-08,"Method: equity_%, ATR: 1413736.04, Risk: 2804.54"
2024-01-08 00:00:00,GBPUSD,762595.9549232675,-1032.4523738771293,equity_%,-3.5700879771459648e-06,2810.887362449919,2.6226207824577827e-06,5.2452415649155663e-08,"Method: equity_%, ATR: 762595.95, Risk: 2810.89"
2024-01-08 01:00:00,GBPUSD,858556.5183570259,-1053.488434529549,equity_%,-3.1034415874108203e-06,2806.998868472413,2.3294913698020646e-06,4.6589827396041296e-08,"Method: equity_%, ATR: 858556.52, Risk: 2807.00"
2024-01-08 02:00:00,GBPUSD,363565.8123630401,-1059.0309521287527,equity_%,-7.298414174080638e-06,2810.0897870191616,5.501067295081342e-06,1.1002134590162683e-07,"Method: equity_%, ATR: 363565.81, Risk: 2810.09"
2024-01-08 03:00:00,GBPUSD,348531.98988419306,-1074.0033140177518,equity_%,-7.515551909668052e-06,2813.255302326098,5.7383541770858435e-06,1.1476708354171689e-07,"Method: equity_%, ATR: 348531.99, Risk: 2813.26"
2024-01-08 04:00:00,GBPUSD,1011179.9400267785,-993.3172594478407,equity_%,-2.7986592572841634e-06,2811.0362910080403,1.9778873381794293e-06,3.955774676358859e-08,"Method: equity_%, ATR: 1011179.94, Risk: 2811.04"
2024-01-08 05:00:00,GBPUSD,194849.42968650218,-993.4464160261899,equity_%,-1.4529043174357684e-05,2812.4227389356097,1.0264335919370391e-05,2.0528671838740782e-07,"Method: equity_%, ATR: 194849.43, Risk: 2812.42"
2024-01-08 06:00:00,GBPUSD,1881798.7561150359,-1092.6410412259947,equity_%,-1.366164348038385e-06,2809.012255409151,1.0628129036119624e-06,2.1256258072239246e-08,"Method: equity_%, ATR: 1881798.76, Risk: 2809.01"
2024-01-08 07:00:00,GBPUSD,2198379.5444139265,-1143.3601997915703,equity_%,-1.1147519015500435e-06,2801.9731324601703,9.097610124157095e-07,1.819522024831419e-08,"Method: equity_%, ATR: 2198379.54, Risk: 2801.97"
2024-01-08 08:00:00,GBPUSD,217739.85533840233,-1145.3546638639925,equity_%,-1.1228504363693745e-05,2800.269503779375,9.18527293449186e-06,1.8370545868983722e-07,"Method: equity_%, ATR: 217739.86, Risk: 2800.27"
2024-01-08 09:00:00,GBPUSD,570014.0400538476,-1157.0528766100526,equity_%,-4.2452845569750155e-06,2799.9196289525894,3.50868550502908e-06,7.01737101005816e-08,"Method: equity_%, ATR: 570014.04, Risk: 2799.92"
2024-01-08 10:00:00,GBPUSD,342409.58438083,-1134.7924053525567,equity_%,-7.21465156366434e-06,2803.3523974950217,5.840957996595061e-06,1.1681915993190122e-07,"Method: equity_%, ATR: 342409.58, Risk: 2803.35"
2024-01-08 11:00:00,GBPUSD,940817.676725519,-1170.408671080954,equity_%,-2.5474069142651466e-06,2805.054621750204,2.1258103982069364e-06,4.2516207964138725e-08,"Method: equity_%, ATR: 940817.68, Risk: 2805.05"
2024-01-08 12:00:00,GBPUSD,3065291.8975998876,-1040.6912065397416,equity_%,-8.798795035441027e-07,2806.8352581283625,6.524664099905111e-07,1.3049328199810222e-08,"Method: equity_%, ATR: 3065291.90, Risk: 2806.84"
2024-01-08 13:00:00,GBPUSD,830536.2725605232,-1036.330379412047,equity_%,-3.2592767477358145e-06,2805.291993258512,2.4080826642694946e-06,4.8161653285389894e-08,"Method: equity_%, ATR: 830536.27, Risk: 2805.29"
2024-01-08 14:00:00,GBPUSD,612294.8449022067,-1006.6796431819175,equity_%,-4.5510566770079585e-06,2805.2019593463874,3.2664001937162023e-06,6.532800387432406e-08,"Method: equity_%, ATR: 612294.84, Risk: 2805.20"
2024-01-08 15:00:00,GBPUSD,598413.9947146003,-1028.3262379251396,equity_%,-4.556503922980681e-06,2803.91217951678,3.3421678263955935e-06,6.684335652791189e-08,"Method: equity_%, ATR: 598413.99, Risk: 2803.91"
2024-01-08 16:00:00,GBPUSD,595805.1260718105,-1015.8047760012018,equity_%,-4.629274349572447e-06,2801.7372574956903,3.3568022705446585e-06,6.713604541089317e-08,"Method: equity_%, ATR: 595805.13, Risk: 2801.74"
2024-01-08 17:00:00,GBPUSD,1501357.2505831644,-1066.7825895679248,equity_%,-1.7491371569850377e-06,2801.4561592147284,1.332127979015754e-06,2.664255958031508e-08,"Method: equity_%, ATR: 1501357.25, Risk: 2801.46"
2024-01-08 18:00:00,GBPUSD,494305.57835592935,-1047.7699004009978,equity_%,-5.412395310534919e-06,2803.1796963700176,4.046080173021801e-06,8.092160346043602e-08,"Method: equity_%, ATR: 494305.58, Risk: 2803.18"
2024-01-08 19:00:00,GBPUSD,553712.453551475,-1041.8426650482272,equity_%,-4.858819281417444e-06,2802.961780811745,3.61198305577585e-06,7.2239661115517e-08,"Method: equity_%, ATR: 553712.45, Risk: 2802.96"
2024-01-08 20:00:00,GBPUSD,1241014.7043911798,-977.4147573433941,equity_%,-2.311231187900005e-06,2803.49127280347,1.6115844501465156e-06,3.2231689002930314e-08,"Method: equity_%, ATR: 1241014.70, Risk: 2803.49"
2024-01-08 21:00:00,GBPUSD,1627159.0909094505,-1049.1023454352412,equity_%,-1.6443955727159098e-06,2807.0760172362043,1.2291361128567712e-06,2.4582722257135426e-08,"Method: equity_%, ATR: 1627159.09, Risk: 2807.08"
2024-01-08 22:00:00,GBPUSD,346918.65941373864,-1032.8354040167612,equity_%,-7.834207091617668e-06,2807.073753980132,5.765040149122622e-06,1.1530080298245245e-07,"Method: equity_%, ATR: 346918.66, Risk: 2807.07"
2024-01-08 23:00:00,GBPUSD,678624.7063663029,-1040.6007841638839,equity_%,-3.971483437082085e-06,2804.5718540871685,2.947137027634911e-06,5.894274055269822e-08,"Method: equity_%, ATR: 678624.71, Risk: 2804.57"
2024-01-09 00:00:00,GBPUSD,591041.7168306435,-985.8530077587358,equity_%,-4.818701499116046e-06,2807.762214651972,3.383855898911241e-06,6.767711797822483e-08,"Method: equity_%, ATR: 591041.72, Risk: 2807.76"
2024-01-09 01:00:00,GBPUSD,433491.1722239644,-1010.4749549731998,equity_%,-6.4151932701544534e-06,2810.059763597497,4.613704103221494e-06,9.227408206442988e-08,"Method: equity_%, ATR: 433491.17, Risk: 2810.06"
2024-01-09 02:00:00,GBPUSD,1085865.4250321854,-994.328278116034,equity_%,-2.60491645223783e-06,2812.545742092014,1.8418488644121983e-06,3.6836977288243965e-08,"Method: equity_%, ATR: 1085865.43, Risk: 2812.55"
2024-01-09 03:00:00,GBPUSD,1901011.0204217471,-1101.1613472028089,equity_%,-1.3451949302428017e-06,2815.9232580646208,1.052071754721491e-06,2.1041435094429823e-08,"Method: equity_%, ATR: 1901011.02, Risk: 2815.92"
2024-01-09 04:00:00,GBPUSD,896782.4034685122,-1145.3236286462743,equity_%,-2.7444031802423734e-06,2818.793182646545,2.2301954100175695e-06,4.460390820035139e-08,"Method: equity_%, ATR: 896782.40, Risk: 2818.79"
2024-01-09 05:00:00,GBPUSD,895563.0212191363,-1201.1453562758904,equity_%,-2.6218981053801052e-06,2820.3793687239586,2.2332320033462143e-06,4.4664640066924286e-08,"Method: equity_%, ATR: 895563.02, Risk: 2820.38"
2024-01-09 06:00:00,GBPUSD,413685.67275424994,-1202.6626587213034,equity_%,-5.686262286622427e-06,2829.0537267125146,4.834588509397328e-06,9.669177018794656e-08,"Method: equity_%, ATR: 413685.67, Risk: 2829.05"
2024-01-09 07:00:00,GBPUSD,705742.860127325,-1168.5385559870388,equity_%,-3.427598925282074e-06,2826.698820473609,2.833893352657049e-06,5.667786705314098e-08,"Method: equity_%, ATR: 705742.86, Risk: 2826.70"
2024-01-09 08:00:00,GBPUSD,1217880.6061853901,-1102.5677246881805,equity_%,-2.1048915000338746e-06,2826.439568638143,1.6421971003088235e-06,3.284394200617647e-08,"Method: equity_%, ATR: 1217880.61, Risk: 2826.44"
2024-01-09 09:00:00,GBPUSD,1040352.2753035668,-1047.0084339618763,equity_%,-2.598872438209716e-06,2830.841571732178,1.922425747006143e-06,3.844851494012286e-08,"Method: equity_%, ATR: 1040352.28, Risk: 2830.84"
2024-01-09 10:00:00,GBPUSD,1148209.400359433,-1085.0010450808693,equity_%,-2.2738402888116195e-06,2832.7693306084648,1.741842558834586e-06,3.483685117669172e-08,"Method: equity_%, ATR: 1148209.40, Risk: 2832.77"
2024-01-09 11:00:00,GBPUSD,583452.049088005,-1037.5181327120633,equity_%,-4.685851506279725e-06,2836.5430997104986,3.4278738126401376e-06,6.855747625280276e-08,"Method: equity_%, ATR: 583452.05, Risk: 2836.54"
2024-01-09 12:00:00,GBPUSD,757241.6160290185,-1054.5322004437894,equity_%,-3.554697033714145e-06,2838.552368999109,2.641164930274193e-06,5.282329860548386e-08,"Method: equity_%, ATR: 757241.62, Risk: 2838.55"
2024-01-09 13:00:00,GBPUSD,417892.4807506269,-1066.6447314184015,equity_%,-6.380752434793761e-06,2844.174538652589,4.785920044331881e-06,9.571840088663763e-08,"Method: equity_%, ATR: 417892.48, Risk: 2844.17"
2024-01-09 14:00:00,GBPUSD,864949.5686603928,-1091.9161831435258,equity_%,-3.0098413757057396e-06,2842.652006085689,2.3122735387885544e-06,4.624547077577109e-08,"Method: equity_%, ATR: 864949.57, Risk: 2842.65"
2024-01-09 15:00:00,GBPUSD,964411.3194808301,-1124.047865214929,equity_%,-2.6273639371395055e-06,2848.179385753909,2.0738039460970417e-06,4.147607892194083e-08,"Method: equity_%, ATR: 964411.32, Risk: 2848.18"
2024-01-09 16:00:00,GBPUSD,539479.0490346691,-1137.1812688741718,equity_%,-4.650790470232036e-06,2853.192375233522,3.7072802059296874e-06,7.414560411859375e-08,"Method: equity_%, ATR: 539479.05, Risk: 2853.19"
2024-01-09 17:00:00,GBPUSD,899131.81415905,-1214.583850771691,equity_%,-2.610692488850154e-06,2851.061507890831,2.2243679608540846e-06,4.448735921708169e-08,"Method: equity_%, ATR: 899131.81, Risk: 2851.06"
2024-01-09 18:00:00,GBPUSD,763240.868600717,-1178.554869422038,equity_%,-3.1733030528995213e-06,2854.453504120494,2.620404753307678e-06,5.2408095066153567e-08,"Method: equity_%, ATR: 763240.87, Risk: 2854.45"
2024-01-09 19:00:00,GBPUSD,468309.53215554473,-1164.6738303611294,equity_%,-5.235934229821729e-06,2855.824384323784,4.270679673749879e-06,8.541359347499758e-08,"Method: equity_%, ATR: 468309.53, Risk: 2855.82"
2024-01-09 20:00:00,GBPUSD,853331.2881209236,-1106.4396192369238,equity_%,-3.0243878291984518e-06,2855.504638266427,2.343755617357118e-06,4.6875112347142355e-08,"Method: equity_%, ATR: 853331.29, Risk: 2855.50"
2024-01-09 21:00:00,GBPUSD,698227.8840597519,-1064.0944893887324,equity_%,-3.837703676622037e-06,2851.3387806972733,2.86439434124468e-06,5.7287886824893604e-08,"Method: equity_%, ATR: 698227.88, Risk: 2851.34"
2024-01-09 22:00:00,GBPUSD,616396.295548609,-1104.2140594562645,equity_%,-4.18699127356167e-06,2849.8063396839216,3.2446658333985397e-06,6.489331666797078e-08,"Method: equity_%, ATR: 616396.30, Risk: 2849.81"
2024-01-09 23:00:00,GBPUSD,1129977.45002795,-1052.622261876223,equity_%,-2.3989710024421913e-06,2853.4306761044754,1.769946825001269e-06,3.539893650002537e-08,"Method: equity_%, ATR: 1129977.45, Risk: 2853.43"
2024-01-10 00:00:00,GBPUSD,669080.832229356,-1083.071707397745,equity_%,-3.94303848152131e-06,2857.3721999122567,2.9891754533395665e-06,5.978350906679133e-08,"Method: equity_%, ATR: 669080.83, Risk: 2857.37"
2024-01-10 01:00:00,GBPUSD,727654.8573787705,-1139.7276503275152,equity_%,-3.4464516148248525e-06,2858.2400684705285,2.748555829345516e-06,5.497111658691033e-08,"Method: equity_%, ATR: 727654.86, Risk: 2858.24"
2024-01-10 02:00:00,GBPUSD,1212301.1574696512,-1111.990743641774,equity_%,-2.123180532335959e-06,2862.1910238999585,1.6497550857531604e-06,3.2995101715063203e-08,"Method: equity_%, ATR: 1212301.16, Risk: 2862.19"
2024-01-10 03:00:00,GBPUSD,539825.6663196593,-1103.7562151045013,equity_%,-4.810933076115951e-06,2866.526804133641,3.704899794104444e-06,7.409799588208888e-08,"Method: equity_%, ATR: 539825.67, Risk: 2866.53"
2024-01-10 04:00:00,GBPUSD,1683070.6238514062,-990.415562186788,equity_%,-1.720812904470447e-06,2868.49072400952,1.1883042646323168e-06,2.3766085292646336e-08,"Method: equity_%, ATR: 1683070.62, Risk: 2868.49"
2024-01-10 05:00:00,GBPUSD,511088.02499936474,-1007.7909802693708,equity_%,-5.567834023250382e-06,2867.8237231379694,3.913220232468733e-06,7.826440464937467e-08,"Method: equity_%, ATR: 511088.02, Risk: 2867.82"
2024-01-10 06:00:00,GBPUSD,600493.3784148125,-1012.6414693333004,equity_%,-4.720802617788043e-06,2870.646885476416,3.330594594197886e-06,6.661189188395772e-08,"Method: equity_%, ATR: 600493.38, Risk: 2870.65"
2024-01-10 07:00:00,GBPUSD,876282.2135588044,-973.2191194773285,equity_%,-3.3695574924874923e-06,2873.6078395993927,2.2823697309540188e-06,4.564739461908038e-08,"Method: equity_%, ATR: 876282.21, Risk: 2873.61"
2024-01-10 08:00:00,GBPUSD,395409.12630245887,-955.398892736381,equity_%,-7.616018907386184e-06,2877.129672770444,5.058052196979761e-06,1.0116104393959522e-07,"Method: equity_%, ATR: 395409.13, Risk: 2877.13"
2024-01-10 09:00:00,GBPUSD,575621.4949503612,-904.5291436559897,equity_%,-5.5337271303486294e-06,2881.22588258045,3.474505412923244e-06,6.949010825846488e-08,"Method: equity_%, ATR: 575621.49, Risk: 2881.23"
2024-01-10 10:00:00,GBPUSD,2679328.1271453258,-991.6336020816641,equity_%,-1.083453122842832e-06,2878.6393888646867,7.464557923074873e-07,1.4929115846149744e-08,"Method: equity_%, ATR: 2679328.13, Risk: 2878.64"
2024-01-10 11:00:00,GBPUSD,916963.093153164,-1060.4078628729374,equity_%,-2.9604516604651234e-06,2878.609601128589,2.1811128658652913e-06,4.362225731730583e-08,"Method: equity_%, ATR: 916963.09, Risk: 2878.61"
2024-01-10 12:00:00,GBPUSD,2005798.2368229125,-962.017728924726,equity_%,-1.4896318822493444e-06,2874.413737091526,9.971092621797811e-07,1.994218524359562e-08,"Method: equity_%, ATR: 2005798.24, Risk: 2874.41"
2024-01-10 13:00:00,GBPUSD,1387258.9203686982,-904.9667068345657,equity_%,-2.2925774116193943e-06,2878.1547252065916,1.4416919369806258e-06,2.8833838739612517e-08,"Method: equity_%, ATR: 1387258.92, Risk: 2878.15"
2024-01-10 14:00:00,GBPUSD,185861.8435159508,-887.858333800345,equity_%,-1.7446585077369713e-05,2879.01779086265,1.0760680956166016e-05,2.1521361912332033e-07,"Method: equity_%, ATR: 185861.84, Risk: 2879.02"
2024-01-10 15:00:00,GBPUSD,684971.3792730188,-855.7239480969168,equity_%,-4.91653649862165e-06,2881.810233074742,2.919830025778101e-06,5.839660051556202e-08,"Method: equity_%, ATR: 684971.38, Risk: 2881.81"
2024-01-10 16:00:00,GBPUSD,1052032.2195090079,-811.0348661913298,equity_%,-3.374080806142017e-06,2878.8831968301715,1.9010824601298012e-06,3.8021649202596026e-08,"Method: equity_%, ATR: 1052032.22, Risk: 2878.88"
2024-01-10 17:00:00,GBPUSD,639384.6574673648,-806.2562334054028,equity_%,-5.595620031658849e-06,2884.5861393792507,3.128007493833371e-06,6.256014987666741e-08,"Method: equity_%, ATR: 639384.66, Risk: 2884.59"
2024-01-10 18:00:00,GBPUSD,642721.121780055,-853.8173567495062,equity_%,-5.252695614736034e-06,2882.5031218853933,3.111769525266074e-06,6.223539050532147e-08,"Method: equity_%, ATR: 642721.12, Risk: 2882.50"
2024-01-10 19:00:00,GBPUSD,336694.9059907006,-847.8948972753486,equity_%,-1.0110367365916846e-05,2886.3268117985403,5.940095809038583e-06,1.1880191618077167e-07,"Method: equity_%, ATR: 336694.91, Risk: 2886.33"
2024-01-10 20:00:00,GBPUSD,3236358.1451283027,-1037.2895846105412,equity_%,-8.603353399250005e-07,2888.180662311218,6.179785766326896e-07,1.235957153265379e-08,"Method: equity_%, ATR: 3236358.15, Risk: 2888.18"
2024-01-10 21:00:00,GBPUSD,774449.2146388518,-1071.2333866713286,equity_%,-3.4824700089294164e-06,2889.112333978639,2.5824805063979023e-06,5.164961012795805e-08,"Method: equity_%, ATR: 774449.21, Risk: 2889.11"
2024-01-10 22:00:00,GBPUSD,951961.423851003,-1028.4377374464245,equity_%,-2.9516897771257125e-06,2889.8018536588024,2.1009254680818155e-06,4.201850936163631e-08,"Method: equity_%, ATR: 951961.42, Risk: 2889.80"
2024-01-10 23:00:00,GBPUSD,491373.9356089434,-999.9829930845631,equity_%,-5.8803216769271145e-06,2889.3876646308545,4.070219958902514e-06,8.140439917805028e-08,"Method: equity_%, ATR: 491373.94, Risk: 2889.39"
2024-01-11 00:00:00,GBPUSD,768013.0415699887,-995.7995321319985,equity_%,-3.7850710710279684e-06,2894.773253161557,2.6041224455141505e-06,5.208244891028301e-08,"Method: equity_%, ATR: 768013.04, Risk: 2894.77"
2024-01-11 01:00:00,GBPUSD,1645867.5088274789,-916.4254249283609,equity_%,-1.92022980338301e-06,2896.3110916646133,1.21516464069748e-06,2.4303292813949604e-08,"Method: equity_%, ATR: 1645867.51, Risk: 2896.31"
2024-01-11 02:00:00,GBPUSD,283448.1812732804,-905.4787635823675,equity_%,-1.1275793069408022e-05,2894.003427073554,7.055963425186854e-06,1.4111926850373709e-07,"Method: equity_%, ATR: 283448.18, Risk: 2894.00"
2024-01-11 03:00:00,GBPUSD,854881.1325478471,-941.562598762852,equity_%,-3.595806789246951e-06,2894.3515464674497,2.3395065393937224e-06,4.679013078787445e-08,"Method: equity_%, ATR: 854881.13, Risk: 2894.35"
2024-01-11 04:00:00,GBPUSD,829821.6805240861,-906.8759745092509,equity_%,-3.848587440005652e-06,2896.2365635490582,2.410156358817801e-06,4.820312717635603e-08,"Method: equity_%, ATR: 829821.68, Risk: 2896.24"
2024-01-11 05:00:00,GBPUSD,631365.7707506695,-888.1145368628096,equity_%,-5.172641425705518e-06,2900.4299793933938,3.167735871430086e-06,6.335471742860172e-08,"Method: equity_%, ATR: 631365.77, Risk: 2900.43"
2024-01-11 06:00:00,GBPUSD,442956.4091928796,-884.2899854478641,equity_%,-7.403885447165408e-06,2900.116120231842,4.515116969735787e-06,9.030233939471575e-08,"Method: equity_%, ATR: 442956.41, Risk: 2900.12"
2024-01-11 07:00:00,GBPUSD,453218.1711472038,-863.7594791118986,equity_%,-7.407953973711512e-06,2900.0027905644283,4.412885729928967e-06,8.825771459857935e-08,"Method: equity_%, ATR: 453218.17, Risk: 2900.00"
2024-01-11 08:00:00,GBPUSD,1609838.6942224146,-936.9459982964921,equity_%,-1.923696663678693e-06,2901.5730869458707,1.2423604968484382e-06,2.4847209936968763e-08,"Method: equity_%, ATR: 1609838.69, Risk: 2901.57"
2024-01-11 09:00:00,GBPUSD,481849.344833887,-946.4799863605143,equity_%,-6.371285600094411e-06,2905.693361405713,4.150674939050672e-06,8.301349878101344e-08,"Method: equity_%, ATR: 481849.34, Risk: 2905.69"
2024-01-11 10:00:00,GBPUSD,743835.1479808602,-932.1319355483652,equity_%,-4.187029128244826e-06,2903.087097798925,2.688767807529663e-06,5.377535615059327e-08,"Method: equity_%, ATR: 743835.15, Risk: 2903.09"
2024-01-11 11:00:00,GBPUSD,1533136.928496358,-807.9559029451766,equity_%,-2.346077876382929e-06,2906.1031616919,1.3045149215481514e-06,2.6090298430963025e-08,"Method: equity_%, ATR: 1533136.93, Risk: 2906.10"
2024-01-11 12:00:00,GBPUSD,1771423.5933476777,-775.0739146830402,equity_%,-2.116711127310483e-06,2906.210974101514,1.1290354308877379e-06,2.2580708617754752e-08,"Method: equity_%, ATR: 1771423.59, Risk: 2906.21"
2024-01-11 13:00:00,GBPUSD,741650.2552840007,-747.4262430214918,equity_%,-5.24370615609138e-06,2906.7376763562684,2.696688885024571e-06,5.393377770049142e-08,"Method: equity_%, ATR: 741650.26, Risk: 2906.74"
2024-01-11 14:00:00,GBPUSD,138403.9657747087,-747.9573798884096,equity_%,-2.815141876037945e-05,2914.242403591658,1.4450452982362958e-05,2.8900905964725916e-07,"Method: equity_%, ATR: 138403.97, Risk: 2914.24"
2024-01-11 15:00:00,GBPUSD,1755116.2693444109,-607.011750658992,equity_%,-2.736266304737824e-06,2915.1529959180034,1.1395256456411635e-06,2.2790512912823272e-08,"Method: equity_%, ATR: 1755116.27, Risk: 2915.15"
2024-01-11 16:00:00,GBPUSD,693316.526554346,-620.7019615506023,equity_%,-6.782769942757092e-06,2918.9170771689287,2.884685310964138e-06,5.769370621928277e-08,"Method: equity_%, ATR: 693316.53, Risk: 2918.92"
2024-01-11 17:00:00,GBPUSD,365443.40100148815,-610.1067537912771,equity_%,-1.3108093568760969e-05,2922.573818680539,5.472803707821928e-06,1.0945607415643857e-07,"Method: equity_%, ATR: 365443.40, Risk: 2922.57"
2024-01-11 18:00:00,GBPUSD,668225.9355337794,-648.4100132640058,equity_%,-6.740454606009543e-06,2920.5337469382434,2.9929996632088187e-06,5.985999326417639e-08,"Method: equity_%, ATR: 668225.94, Risk: 2920.53"
2024-01-11 19:00:00,GBPUSD,425211.75926994375,-627.2612767085037,equity_%,-1.0934725215073077e-05,2916.4975639625745,4.703538781321213e-06,9.407077562642426e-08,"Method: equity_%, ATR: 425211.76, Risk: 2916.50"
2024-01-11 20:00:00,GBPUSD,327112.1393199837,-646.7088616867596,equity_%,-1.380530051483181e-05,2920.4605102398255,6.114111216287158e-06,1.222822243257432e-07,"Method: equity_%, ATR: 327112.14, Risk: 2920.46"
2024-01-11 21:00:00,GBPUSD,496287.34302847536,-633.8749277007212,equity_%,-9.27799541525007e-06,2918.7098716624796,4.029923446758638e-06,8.059846893517276e-08,"Method: equity_%, ATR: 496287.34, Risk: 2918.71"
2024-01-11 22:00:00,GBPUSD,827689.1335821847,-652.9642857402348,equity_%,-5.3940411401811576e-06,2915.2173227987664,2.4163661438251947e-06,4.8327322876503894e-08,"Method: equity_%, ATR: 827689.13, Risk: 2915.22"
2024-01-11 23:00:00,GBPUSD,403724.8240614008,-648.2518278280203,equity_%,-1.1156379448622655e-05,2919.7958094432993,4.953869271352581e-06,9.907738542705162e-08,"Method: equity_%, ATR: 403724.82, Risk: 2919.80"
2024-01-12 00:00:00,GBPUSD,534965.4192858656,-667.8552868315774,equity_%,-8.167940404274014e-06,2918.2375292419724,3.7385594057085665e-06,7.477118811417133e-08,"Method: equity_%, ATR: 534965.42, Risk: 2918.24"
2024-01-12 01:00:00,GBPUSD,410429.36068296625,-673.3661846923083,equity_%,-1.055623933715992e-05,2917.4199768149188,4.872945728521816e-06,9.745891457043632e-08,"Method: equity_%, ATR: 410429.36, Risk: 2917.42"
2024-01-12 02:00:00,GBPUSD,1292329.6823668897,-743.1946346615215,equity_%,-3.0452761989381154e-06,2924.843096280187,1.5475927135999993e-06,3.095185427199999e-08,"Method: equity_%, ATR: 1292329.68, Risk: 2924.84"
2024-01-12 03:00:00,GBPUSD,433008.2700300545,-727.6744467611359,equity_%,-9.271549929316176e-06,2921.3638901960426,4.618849427197274e-06,9.23769885439455e-08,"Method: equity_%, ATR: 433008.27, Risk: 2921.36"
2024-01-12 04:00:00,GBPUSD,623027.196439715,-752.9627986867202,equity_%,-6.22254017352474e-06,2919.0950320718216,3.2101327380714476e-06,6.420265476142895e-08,"Method: equity_%, ATR: 623027.20, Risk: 2919.10"
2024-01-12 05:00:00,GBPUSD,511206.504692193,-759.8952838604448,equity_%,-7.514777061389334e-06,2919.2159376443997,3.912313285614856e-06,7.824626571229713e-08,"Method: equity_%, ATR: 511206.50, Risk: 2919.22"
2024-01-12 06:00:00,GBPUSD,214792.56737601873,-776.2012355899294,equity_%,-1.7514129389828982e-05,2919.9951671248964,9.311309159496068e-06,1.862261831899214e-07,"Method: equity_%, ATR: 214792.57, Risk: 2920.00"
2024-01-12 07:00:00,GBPUSD,326059.8340663,-767.9996466650356,equity_%,-1.1655961036792026e-05,2918.8139312785434,6.133843519019047e-06,1.2267687038038094e-07,"Method: equity_%, ATR: 326059.83, Risk: 2918.81"
2024-01-12 08:00:00,GBPUSD,760349.8357768888,-759.2842854426704,equity_%,-5.052361721759187e-06,2916.8379659865745,2.630368161987563e-06,5.2607363239751255e-08,"Method: equity_%, ATR: 760349.84, Risk: 2916.84"
2024-01-12 09:00:00,GBPUSD,1496704.92948679,-652.5141167158154,equity_%,-2.9928372055237837e-06,2922.8679489598703,1.3362687331335153e-06,2.6725374662670307e-08,"Method: equity_%, ATR: 1496704.93, Risk: 2922.87"
2024-01-12 10:00:00,GBPUSD,306434.2641350174,-638.7259362022672,equity_%,-1.494504719236517e-05,2925.1569073321843,6.526685276679058e-06,1.3053370553358116e-07,"Method: equity_%, ATR: 306434.26, Risk: 2925.16"
2024-01-12 11:00:00,GBPUSD,1024677.3649593899,-595.2040079977345,equity_%,-4.801525607345001e-06,2928.412413564812,1.951833882930813e-06,3.9036677658616265e-08,"Method: equity_%, ATR: 1024677.36, Risk: 2928.41"
2024-01-12 12:00:00,GBPUSD,1624654.570310803,-658.6270652660875,equity_%,-2.73774504584394e-06,2929.5007380351367,1.2310309136159276e-06,2.462061827231855e-08,"Method: equity_%, ATR: 1624654.57, Risk: 2929.50"
2024-01-12 13:00:00,GBPUSD,390033.5840009086,-663.6396084799553,equity_%,-1.1326879350054417e-05,2931.869102881714,5.127763562009935e-06,1.0255527124019868e-07,"Method: equity_%, ATR: 390033.58, Risk: 2931.87"
2024-01-12 14:00:00,GBPUSD,1422602.802078941,-657.2354427513077,equity_%,-3.1403368640913255e-06,2936.167807865043,1.4058737949041515e-06,2.8117475898083033e-08,"Method: equity_%, ATR: 1422602.80, Risk: 2936.17"
2024-01-12 15:00:00,GBPUSD,794419.8370719561,-625.7135005352808,equity_%,-5.903845523161277e-06,2934.6789108214066,2.51756049719444e-06,5.035120994388879e-08,"Method: equity_%, ATR: 794419.84, Risk: 2934.68"
2024-01-12 16:00:00,GBPUSD,490156.5557865683,-640.7227074494685,equity_%,-9.351797290036012e-06,2936.973418810961,4.080328981401753e-06,8.160657962803507e-08,"Method: equity_%, ATR: 490156.56, Risk: 2936.97"
2024-01-12 17:00:00,GBPUSD,690321.7008222874,-593.6449361736479,equity_%,-7.175496880812903e-06,2940.5615457511844,2.8971999541918924e-06,5.794399908383784e-08,"Method: equity_%, ATR: 690321.70, Risk: 2940.56"
2024-01-12 18:00:00,GBPUSD,588848.0511688204,-616.84236022449,equity_%,-8.112559444400663e-06,2946.6959377903377,3.396461949785087e-06,6.792923899570174e-08,"Method: equity_%, ATR: 588848.05, Risk: 2946.70"
2024-01-12 19:00:00,GBPUSD,830556.7410282617,-661.0477306356715,equity_%,-5.380395346428085e-06,2954.0396107297424,2.4080233188209657e-06,4.816046637641931e-08,"Method: equity_%, ATR: 830556.74, Risk: 2954.04"
2024-01-12 20:00:00,GBPUSD,1128171.2783124817,-576.4347341508147,equity_%,-4.545089065967599e-06,2955.7491901206877,1.7727804620160153e-06,3.545560924032031e-08,"Method: equity_%, ATR: 1128171.28, Risk: 2955.75"
2024-01-12 21:00:00,GBPUSD,896244.5261316639,-508.8535099158604,equity_%,-6.491872693001848e-06,2960.6651069697496,2.2315338522984607e-06,4.463067704596921e-08,"Method: equity_%, ATR: 896244.53, Risk: 2960.67"
2024-01-12 22:00:00,GBPUSD,1856294.923174181,-462.6212038851056,equity_%,-3.4400179494106076e-06,2954.154603169635,1.0774150028811636e-06,2.1548300057623276e-08,"Method: equity_%, ATR: 1856294.92, Risk: 2954.15"
2024-01-12 23:00:00,GBPUSD,397151.02156317246,-487.6368811238781,equity_%,-1.5285694528399307e-05,2960.311451897765,5.035867696192925e-06,1.0071735392385852e-07,"Method: equity_%, ATR: 397151.02, Risk: 2960.31"
2024-01-13 00:00:00,GBPUSD,555548.6286421365,-530.6945562341592,equity_%,-1.0038556460662184e-05,2959.6338009126025,3.600044886958627e-06,7.200089773917253e-08,"Method: equity_%, ATR: 555548.63, Risk: 2959.63"
2024-01-13 01:00:00,GBPUSD,625834.3418956394,-514.0146912575402,equity_%,-9.2027370774894e-06,2960.4105085656392,3.1957338645591758e-06,6.391467729118352e-08,"Method: equity_%, ATR: 625834.34, Risk: 2960.41"
2024-01-13 02:00:00,GBPUSD,676151.171178567,-526.2497688925995,equity_%,-8.327798324853796e-06,2963.23382201874,2.957918414182282e-06,5.9158368283645636e-08,"Method: equity_%, ATR: 676151.17, Risk: 2963.23"
2024-01-13 03:00:00,GBPUSD,546922.0333147944,-510.3075055229184,equity_%,-1.0620889614715764e-05,2964.2734949167934,3.656828356097424e-06,7.313656712194848e-08,"Method: equity_%, ATR: 546922.03, Risk: 2964.27"
2024-01-13 04:00:00,GBPUSD,1519739.9718914249,-413.78009340357863,equity_%,-4.717211999243046e-06,2966.362855055498,1.3160146057821046e-06,2.632029211564209e-08,"Method: equity_%, ATR: 1519739.97, Risk: 2966.36"
2024-01-13 05:00:00,GBPUSD,750150.8385101522,-432.09408182344555,equity_%,-9.170929297031132e-06,2972.625933960177,2.666130459804763e-06,5.332260919609526e-08,"Method: equity_%, ATR: 750150.84, Risk: 2972.63"
2024-01-13 06:00:00,GBPUSD,89437.8957403012,-432.94901150951097,equity_%,-7.677727250954224e-05,2972.973273824139,2.236188567995109e-05,4.4723771359902185e-07,"Method: equity_%, ATR: 89437.90, Risk: 2972.97"
2024-01-13 07:00:00,GBPUSD,623294.2903076338,-416.52006229353776,equity_%,-1.144470599835899e-05,2971.2125023746376,3.208757133027607e-06,6.417514266055214e-08,"Method: equity_%, ATR: 623294.29, Risk: 2971.21"
2024-01-13 08:00:00,GBPUSD,1991546.8910305009,-343.6201667642352,equity_%,-4.351888997680795e-06,2978.152893946533,1.0042444940701973e-06,2.0084889881403945e-08,"Method: equity_%, ATR: 1991546.89, Risk: 2978.15"
2024-01-13 09:00:00,GBPUSD,786942.029434141,-405.54244228104784,equity_%,-9.341505930307112e-06,2981.233186597547,2.541483267119589e-06,5.0829665342391776e-08,"Method: equity_%, ATR: 786942.03, Risk: 2981.23"
2024-01-13 10:00:00,GBPUSD,665136.0840623153,-374.6048249378709,equity_%,-1.199414707903568e-05,2988.4999035234873,3.006903471219018e-06,6.013806942438035e-08,"Method: equity_%, ATR: 665136.08, Risk: 2988.50"
2024-01-13 11:00:00,GBPUSD,1296433.1004103043,-458.3315690396469,equity_%,-5.036367966177879e-06,2992.590793255224,1.5426943352241052e-06,3.08538867044821e-08,"Method: equity_%, ATR: 1296433.10, Risk: 2992.59"
2024-01-13 12:00:00,GBPUSD,193482.47787122545,-468.2482732028318,equity_%,-3.3004320377560545e-05,2990.120010079184,1.0336853352328493e-05,2.0673706704656986e-07,"Method: equity_%, ATR: 193482.48, Risk: 2990.12"
2024-01-13 13:00:00,GBPUSD,338527.86799898295,-467.73924048193084,equity_%,-1.890554399519397e-05,2993.5561640944547,5.907933109973706e-06,1.1815866219947411e-07,"Method: equity_%, ATR: 338527.87, Risk: 2993.56"
2024-01-13 14:00:00,GBPUSD,803032.7533753376,-453.1670543981519,equity_%,-8.222145221401943e-06,2992.104319896807,2.490558438112922e-06,4.9811168762258445e-08,"Method: equity_%, ATR: 803032.75, Risk: 2992.10"
2024-01-13 15:00:00,GBPUSD,1096443.823282392,-371.5565468431576,equity_%,-7.348290687130883e-06,2993.6266153041256,1.8240788607050184e-06,3.648157721410037e-08,"Method: equity_%, ATR: 1096443.82, Risk: 2993.63"
2024-01-13 16:00:00,GBPUSD,424866.8373031148,-368.777797131558,equity_%,-1.9114575152351994e-05,2994.8994720933024,4.707357280919364e-06,9.414714561838727e-08,"Method: equity_%, ATR: 424866.84, Risk: 2994.90"
2024-01-13 17:00:00,GBPUSD,848591.8800678826,-310.6493760473903,equity_%,-1.1348184749872031e-05,2991.5464806794034,2.356845554355306e-06,4.7136911087106124e-08,"Method: equity_%, ATR: 848591.88, Risk: 2991.55"
2024-01-13 18:00:00,GBPUSD,867291.4638759323,-355.2737646119234,equity_%,-9.705798883953894e-06,2990.608049210718,2.30602984498658e-06,4.61205968997316e-08,"Method: equity_%, ATR: 867291.46, Risk: 2990.61"
2024-01-13 19:00:00,GBPUSD,655400.5679706234,-395.4369518464223,equity_%,-1.1570506642325874e-05,2998.723611111195,3.0515689148588667e-06,6.103137829717733e-08,"Method: equity_%, ATR: 655400.57, Risk: 2998.72"
2024-01-13 20:00:00,GBPUSD,527056.6399298179,-415.7988051078333,equity_%,-1.3693567424502598e-05,3000.938743325719,3.7946585783765427e-06,7.589317156753087e-08,"Method: equity_%, ATR: 527056.64, Risk: 3000.94"
2024-01-13 21:00:00,GBPUSD,615108.4483868784,-428.34755965053915,equity_%,-1.1393311236173167e-05,3001.91195492173,3.2514591617868357e-06,6.502918323573672e-08,"Method: equity_%, ATR: 615108.45, Risk: 3001.91"
2024-01-13 22:00:00,GBPUSD,1117635.681842969,-463.997410391141,equity_%,-5.802094691394429e-06,3008.8506255815523,1.7894919001709232e-06,3.5789838003418466e-08,"Method: equity_%, ATR: 1117635.68, Risk: 3008.85"
2024-01-13 23:00:00,GBPUSD,855162.8604932363,-514.7816896994018,equity_%,-6.835552683824856e-06,3009.1619196513448,2.3387358038987457e-06,4.677471607797492e-08,"Method: equity_%, ATR: 855162.86, Risk: 3009.16"
2024-01-14 00:00:00,GBPUSD,469820.17941045685,-523.7496358337102,equity_%,-1.2233959106777032e-05,3010.3876585654375,4.256947844406459e-06,8.513895688812918e-08,"Method: equity_%, ATR: 469820.18, Risk: 3010.39"
2024-01-14 01:00:00,GBPUSD,1007403.7848910047,-514.8323465568503,equity_%,-5.812965637882848e-06,3014.860067133806,1.9853012565526426e-06,3.9706025131052855e-08,"Method: equity_%, ATR: 1007403.78, Risk: 3014.86"
2024-01-14 02:00:00,GBPUSD,560712.7129421456,-500.19468979279776,equity_%,-1.0750547316734877e-05,3015.157859737957,3.5668889858153804e-06,7.13377797163076e-08,"Method: equity_%, ATR: 560712.71, Risk: 3015.16"
2024-01-14 03:00:00,GBPUSD,212205.32798528098,-499.17703176687013,equity_%,-2.845723099445029e-05,3014.418297519899,9.424834046290884e-06,1.884966809258177e-07,"Method: equity_%, ATR: 212205.33, Risk: 3014.42"
2024-01-14 04:00:00,GBPUSD,695151.3468655634,-535.3850486563501,equity_%,-8.08535781081094e-06,3009.157028273817,2.877071315502728e-06,5.7541426310054566e-08,"Method: equity_%, ATR: 695151.35, Risk: 3009.16"
2024-01-14 05:00:00,GBPUSD,290336.3513363729,-540.0277515699565,equity_%,-1.918396286561045e-05,3007.8475333336687,6.888562147985646e-06,1.3777124295971292e-07,"Method: equity_%, ATR: 290336.35, Risk: 3007.85"
2024-01-14 06:00:00,GBPUSD,1302216.88962268,-530.7361073876461,equity_%,-4.350113762625388e-06,3006.5094500957,1.5358424667487643e-06,3.0716849334975284e-08,"Method: equity_%, ATR: 1302216.89, Risk: 3006.51"
2024-01-14 07:00:00,GBPUSD,1312859.9996034245,-521.6372483360329,equity_%,-4.392996532448977e-06,3008.485150182106,1.5233916796948189e-06,3.046783359389638e-08,"Method: equity_%, ATR: 1312860.00, Risk: 3008.49"
2024-01-14 08:00:00,GBPUSD,1254524.9042478178,-480.6168873590814,equity_%,-4.989094381302806e-06,3008.1537753849225,1.5942290130933278e-06,3.188458026186655e-08,"Method: equity_%, ATR: 1254524.90, Risk: 3008.15"
2024-01-14 09:00:00,GBPUSD,765976.5404596698,-472.2206229733594,equity_%,-8.338526739230813e-06,3016.1278324174946,2.6110460234197e-06,5.2220920468394e-08,"Method: equity_%, ATR: 765976.54, Risk: 3016.13"
2024-01-14 10:00:00,GBPUSD,954807.989464004,-436.43412711596625,equity_%,-7.233925800609189e-06,3014.4549456267905,2.0946619865662525e-06,4.1893239731325054e-08,"Method: equity_%, ATR: 954807.99, Risk: 3014.45"
2024-01-14 11:00:00,GBPUSD,780676.2567091346,-464.1780308079346,equity_%,-8.334392526813406e-06,3020.156885687363,2.5618814237169287e-06,5.1237628474338575e-08,"Method: equity_%, ATR: 780676.26, Risk: 3020.16"
2024-01-14 12:00:00,GBPUSD,1813496.1045850564,-316.31793546932715,equity_%,-5.268651183012901e-06,3022.3161445527453,1.1028421814325415e-06,2.205684362865083e-08,"Method: equity_%, ATR: 1813496.10, Risk: 3022.32"
2024-01-14 13:00:00,GBPUSD,733417.5862186663,-300.5675429248349,equity_%,-1.3728069202073894e-05,3026.236466659883,2.7269594260911355e-06,5.453918852182271e-08,"Method: equity_%, ATR: 733417.59, Risk: 3026.24"
2024-01-14 14:00:00,GBPUSD,819583.3743966279,-364.1595148156831,equity_%,-1.0152059991364494e-05,3029.9745254440904,2.440264239708849e-06,4.880528479417699e-08,"Method: equity_%, ATR: 819583.37, Risk: 3029.97"
2024-01-14 15:00:00,GBPUSD,454239.5085703231,-352.48533511184513,equity_%,-1.8891809227745312e-05,3024.8198188531533,4.402963551750079e-06,8.805927103500157e-08,"Method: equity_%, ATR: 454239.51, Risk: 3024.82"
2024-01-14 16:00:00,GBPUSD,1767680.796208407,-301.9002035469691,equity_%,-5.670777383851537e-06,3026.285160816223,1.131425992911111e-06,2.262851985822222e-08,"Method: equity_%, ATR: 1767680.80, Risk: 3026.29"
2024-01-14 17:00:00,GBPUSD,1117661.0634096812,-339.3417729503982,equity_%,-7.981136827743844e-06,3026.998476404522,1.7894512616361002e-06,3.578902523272201e-08,"Method: equity_%, ATR: 1117661.06, Risk: 3027.00"
2024-01-14 18:00:00,GBPUSD,403080.72268183023,-328.5174558312838,equity_%,-2.2844896273861355e-05,3025.0995421204484,4.961785288796086e-06,9.923570577592172e-08,"Method: equity_%, ATR: 403080.72, Risk: 3025.10"
2024-01-14 19:00:00,GBPUSD,835317.6931096312,-299.38879413263396,equity_%,-1.2107808801615523e-05,3027.978420232096,2.3942986201508724e-06,4.788597240301745e-08,"Method: equity_%, ATR: 835317.69, Risk: 3027.98"
2024-01-14 20:00:00,GBPUSD,1944756.4345095514,-250.45010794343426,equity_%,-6.230444421551193e-06,3034.6280411797284,1.0284064186703052e-06,2.0568128373406104e-08,"Method: equity_%, ATR: 1944756.43, Risk: 3034.63"
2024-01-14 21:00:00,GBPUSD,573916.045896749,-258.84974008560897,equity_%,-2.0383342779375984e-05,3028.1090302480766,3.484830254005151e-06,6.969660508010301e-08,"Method: equity_%, ATR: 573916.05, Risk: 3028.11"
2024-01-14 22:00:00,GBPUSD,515342.0303595382,-230.30670976655975,equity_%,-2.5512588367138568e-05,3028.005621220551,3.880917686074745e-06,7.76183537214949e-08,"Method: equity_%, ATR: 515342.03, Risk: 3028.01"
2024-01-14 23:00:00,GBPUSD,1949306.6247772027,-277.485699180683,equity_%,-5.5939026917569955e-06,3025.76832272821,1.0260058497613688e-06,2.0520116995227378e-08,"Method: equity_%, ATR: 1949306.62, Risk: 3025.77"
2024-01-15 00:00:00,GBPUSD,1169267.827022828,-320.4764454021052,equity_%,-8.079262006560353e-06,3027.483656206923,1.7104721038056523e-06,3.4209442076113045e-08,"Method: equity_%, ATR: 1169267.83, Risk: 3027.48"
2024-01-15 01:00:00,GBPUSD,908102.2716739246,-276.674016536149,equity_%,-1.2051849732117838e-05,3028.0067923574734,2.2023951072309914e-06,4.4047902144619825e-08,"Method: equity_%, ATR: 908102.27, Risk: 3028.01"
2024-01-15 02:00:00,GBPUSD,788976.3635661826,-247.85899690967318,equity_%,-1.548255714703129e-05,3027.689760719202,2.5349301859436906e-06,5.069860371887382e-08,"Method: equity_%, ATR: 788976.36, Risk: 3027.69"
2024-01-15 03:00:00,GBPUSD,651793.7649756726,-270.0683232482309,equity_%,-1.7220235744295905e-05,3031.2582812041887,3.06845524991275e-06,6.1369104998255e-08,"Method: equity_%, ATR: 651793.76, Risk: 3031.26"
2024-01-15 04:00:00,GBPUSD,408712.42973420495,-265.41999957768456,equity_%,-2.8001974025117542e-05,3037.66682510736,4.893416139314985e-06,9.78683227862997e-08,"Method: equity_%, ATR: 408712.43, Risk: 3037.67"
2024-01-15 05:00:00,GBPUSD,1008720.7612174555,-205.69191274104622,equity_%,-1.4686075907853696e-05,3047.1507810626335,1.9827092659282034e-06,3.965418531856408e-08,"Method: equity_%, ATR: 1008720.76, Risk: 3047.15"
2024-01-15 06:00:00,GBPUSD,645705.0729297925,-173.54350097985645,equity_%,-2.7186225857850092e-05,3046.431893917228,3.097389325013806e-06,6.194778650027612e-08,"Method: equity_%, ATR: 645705.07, Risk: 3046.43"
2024-01-15 07:00:00,GBPUSD,1167615.0181691372,-266.5318019769877,equity_%,-9.776366904180548e-06,3042.469267261774,1.712893350015378e-06,3.425786700030756e-08,"Method: equity_%, ATR: 1167615.02, Risk: 3042.47"
2024-01-15 08:00:00,GBPUSD,845810.7385218148,-207.55053012947127,equity_%,-1.7349321846399232e-05,3045.6468565640093,2.364595185319247e-06,4.729190370638494e-08,"Method: equity_%, ATR: 845810.74, Risk: 3045.65"
2024-01-15 09:00:00,GBPUSD,1179202.6227049304,-143.62535669532969,equity_%,-1.8020294581872957e-05,3051.9783107699786,1.6960613566244216e-06,3.392122713248843e-08,"Method: equity_%, ATR: 1179202.62, Risk: 3051.98"
2024-01-15 10:00:00,GBPUSD,743754.8737377787,-86.40368721113737,equity_%,-4.755320490864374e-05,3055.919380671101,2.689058009057334e-06,5.3781160181146686e-08,"Method: equity_%, ATR: 743754.87, Risk: 3055.92"
2024-01-15 11:00:00,GBPUSD,502128.67841012694,-93.6746438632511,equity_%,-6.510313831890638e-05,3062.238421789692,3.983042765716016e-06,7.966085531432034e-08,"Method: equity_%, ATR: 502128.68, Risk: 3062.24"
2024-01-15 12:00:00,GBPUSD,498337.40589765355,-117.79277639317063,equity_%,-5.2181148866316945e-05,3063.0619617778857,4.013345127880591e-06,8.026690255761184e-08,"Method: equity_%, ATR: 498337.41, Risk: 3063.06"
2024-01-15 13:00:00,GBPUSD,729704.7870485778,-90.63370585306089,equity_%,-4.630972889028412e-05,3062.733238458566,2.740834424410671e-06,5.481668848821342e-08,"Method: equity_%, ATR: 729704.79, Risk: 3062.73"
2024-01-15 14:00:00,GBPUSD,594364.143827758,-60.13414281756344,equity_%,-8.574270334541578e-05,3064.5795461807697,3.364940534803836e-06,6.729881069607672e-08,"Method: equity_%, ATR: 594364.14, Risk: 3064.58"
2024-01-15 15:00:00,GBPUSD,892565.5629166883,-105.55211935820311,equity_%,-3.253387899894766e-05,3065.087886618669,2.2407317547234112e-06,4.481463509446822e-08,"Method: equity_%, ATR: 892565.56, Risk: 3065.09"
2024-01-15 16:00:00,GBPUSD,445325.5428426103,-121.01706543517801,equity_%,-5.693939207459953e-05,3068.57716868269,4.491096529593975e-06,8.98219305918795e-08,"Method: equity_%, ATR: 445325.54, Risk: 3068.58"
2024-01-15 17:00:00,GBPUSD,788194.1986200557,-91.31186279087248,equity_%,-4.269728022744671e-05,3072.9864720167006,2.5374457253067e-06,5.0748914506133995e-08,"Method: equity_%, ATR: 788194.20, Risk: 3072.99"
2024-01-15 18:00:00,GBPUSD,1940823.7025221149,15.88492176533758,equity_%,9.982638425145891e-05,3077.630723010416,1.0304903002786833e-06,2.0609806005573664e-08,"Method: equity_%, ATR: 1940823.70, Risk: 3077.63"
2024-01-15 19:00:00,GBPUSD,463117.0819552406,1.7893883869249976,equity_%,0.0037174805728603065,3080.66250102283,4.31856236344419e-06,8.637124726888379e-08,"Method: equity_%, ATR: 463117.08, Risk: 3080.66"
2024-01-15 20:00:00,GBPUSD,713638.8713463857,-32.298982337732305,equity_%,-0.00013374947825927995,3082.8999680028555,2.802537922614421e-06,5.605075845228842e-08,"Method: equity_%, ATR: 713638.87, Risk: 3082.90"
2024-01-15 21:00:00,GBPUSD,419964.8622616369,-55.51008807024688,equity_%,-0.00013241014558231103,3086.783248070608,4.762303182293394e-06,9.524606364586787e-08,"Method: equity_%, ATR: 419964.86, Risk: 3086.78"
2024-01-15 22:00:00,GBPUSD,519496.19057006144,-62.997214250269245,equity_%,-9.418559299814194e-05,3082.39427234765,3.849883861141176e-06,7.699767722282351e-08,"Method: equity_%, ATR: 519496.19, Risk: 3082.39"
2024-01-15 23:00:00,GBPUSD,374003.31618643075,-65.18590735253493,equity_%,-0.000126520023856192,3084.5259846046515,5.347546167219151e-06,1.0695092334438303e-07,"Method: equity_%, ATR: 374003.32, Risk: 3084.53"
2024-01-16 00:00:00,GBPUSD,414662.1256543523,-65.45718536052881,equity_%,-0.00011370250612083027,3086.1834187761633,4.823203944280963e-06,9.646407888561927e-08,"Method: equity_%, ATR: 414662.13, Risk: 3086.18"
2024-01-16 01:00:00,GBPUSD,790512.2655436972,-77.54775620525925,equity_%,-5.037845203178711e-05,3088.322659964078,2.5300050197506343e-06,5.060010039501268e-08,"Method: equity_%, ATR: 790512.27, Risk: 3088.32"
2024-01-16 02:00:00,GBPUSD,424769.18024913134,-61.75187767527555,equity_%,-0.0001177859361875599,3089.559789325315,4.7084395313873296e-06,9.416879062774658e-08,"Method: equity_%, ATR: 424769.18, Risk: 3089.56"
2024-01-16 03:00:00,GBPUSD,970967.795918772,18.450012578134206,equity_%,0.0001726187241200973,3092.3553558057,2.0598005499322592e-06,4.1196010998645185e-08,"Method: equity_%, ATR: 970967.80, Risk: 3092.36"
2024-01-16 04:00:00,GBPUSD,805135.32808102,9.59891622574649,equity_%,0.0004000984574517572,3092.1315470410977,2.4840544567418882e-06,4.968108913483776e-08,"Method: equity_%, ATR: 805135.33, Risk: 3092.13"
2024-01-16 05:00:00,GBPUSD,2531538.2400421756,98.53035867741299,equity_%,1.2416222045327957e-05,3097.0201173294586,7.900334936148069e-07,1.5800669872296142e-08,"Method: equity_%, ATR: 2531538.24, Risk: 3097.02"
2024-01-16 06:00:00,GBPUSD,691841.2508573238,69.00339079636915,equity_%,6.493465718096505e-05,3099.941066661699,2.8908365864591294e-06,5.781673172918259e-08,"Method: equity_%, ATR: 691841.25, Risk: 3099.94"
2024-01-16 07:00:00,GBPUSD,727597.2493602004,31.01051695308943,equity_%,0.00013747596455494825,3101.8931242353506,2.7487734481660893e-06,5.497546896332179e-08,"Method: equity_%, ATR: 727597.25, Risk: 3101.89"
2024-01-16 08:00:00,GBPUSD,896606.1583063785,-23.275060969961018,equity_%,-0.0001486111225976981,3101.3005745234423,2.2306337977622746e-06,4.461267595524549e-08,"Method: equity_%, ATR: 896606.16, Risk: 3101.30"
2024-01-16 09:00:00,GBPUSD,1012306.6057287586,19.33070571788611,equity_%,0.0001586851564218187,3105.246525179066,1.9756860112161393e-06,3.951372022432279e-08,"Method: equity_%, ATR: 1012306.61, Risk: 3105.25"
2024-01-16 10:00:00,GBPUSD,1057069.2062975906,-24.608362487128794,equity_%,-0.00011945555297778726,3107.3665042745492,1.89202370865106e-06,3.78404741730212e-08,"Method: equity_%, ATR: 1057069.21, Risk: 3107.37"
2024-01-16 11:00:00,GBPUSD,345205.78789689473,-29.236887597761758,equity_%,-0.0003078053319951252,3106.600054093938,5.793645616965597e-06,1.1587291233931197e-07,"Method: equity_%, ATR: 345205.79, Risk: 3106.60"
2024-01-16 12:00:00,GBPUSD,741765.9280098636,-57.37936675876679,equity_%,-7.302113961389962e-05,3107.9300694666986,2.6962683570084464e-06,5.392536714016893e-08,"Method: equity_%, ATR: 741765.93, Risk: 3107.93"
2024-01-16 13:00:00,GBPUSD,1077868.290772296,-137.00767154448832,equity_%,-2.1068505255901413e-05,3111.317317324422,1.8555142749092227e-06,3.7110285498184454e-08,"Method: equity_%, ATR: 1077868.29, Risk: 3111.32"
2024-01-16 14:00:00,GBPUSD,1379685.2007009792,-110.84459572016313,equity_%,-2.036525753803184e-05,3114.472037940882,1.4496060398298514e-06,2.899212079659703e-08,"Method: equity_%, ATR: 1379685.20, Risk: 3114.47"
2024-01-16 15:00:00,GBPUSD,493870.11947663635,-118.18336855529304,equity_%,-5.34106695244083e-05,3117.4330648443065,4.049647713288341e-06,8.099295426576681e-08,"Method: equity_%, ATR: 493870.12, Risk: 3117.43"
2024-01-16 16:00:00,GBPUSD,675719.2623680902,-75.80328065187601,equity_%,-6.089622977624978e-05,3119.21065901953,2.9598090677345876e-06,5.919618135469175e-08,"Method: equity_%, ATR: 675719.26, Risk: 3119.21"
2024-01-16 17:00:00,GBPUSD,1532831.1321654224,-5.75572798320276,equity_%,-0.0003540682587815864,3123.7881176194355,1.3047751693134064e-06,2.609550338626813e-08,"Method: equity_%, ATR: 1532831.13, Risk: 3123.79"
2024-01-16 18:00:00,GBPUSD,1115238.8855874252,-52.82164530876617,equity_%,-5.3116071140550764e-05,3129.001507130871,1.7933377555666455e-06,3.586675511133291e-08,"Method: equity_%, ATR: 1115238.89, Risk: 3129.00"
2024-01-16 19:00:00,GBPUSD,667387.9476571118,-24.322172746193644,equity_%,-0.0001929922844885282,3132.713474977897,2.9967577434100643e-06,5.993515486820128e-08,"Method: equity_%, ATR: 667387.95, Risk: 3132.71"
2024-01-16 20:00:00,GBPUSD,924061.992884655,-12.47327359979746,equity_%,-0.0002717707710056921,3132.45112115333,2.164356953754344e-06,4.328713907508688e-08,"Method: equity_%, ATR: 924061.99, Risk: 3132.45"
2024-01-16 21:00:00,GBPUSD,381648.5509880319,-1.4903096093320283,equity_%,-0.005504425602590158,3130.776936001458,5.240423407405306e-06,1.0480846814810612e-07,"Method: equity_%, ATR: 381648.55, Risk: 3130.78"
2024-01-16 22:00:00,GBPUSD,978993.0549375569,-42.294665472431,equity_%,-7.560815396478387e-05,3130.6451167005434,2.042915411823392e-06,4.085830823646784e-08,"Method: equity_%, ATR: 978993.05, Risk: 3130.65"
2024-01-16 23:00:00,GBPUSD,983781.8459834913,-18.948822410179837,equity_%,-0.00016833435217857994,3138.0060869444737,2.032971037395583e-06,4.065942074791166e-08,"Method: equity_%, ATR: 983781.85, Risk: 3138.01"
2024-01-17 00:00:00,GBPUSD,1090617.1183752667,-79.85331705902688,equity_%,-3.6058939106678224e-05,3140.351174685956,1.8338241407575516e-06,3.667648281515102e-08,"Method: equity_%, ATR: 1090617.12, Risk: 3140.35"
2024-01-17 01:00:00,GBPUSD,1065094.101306052,-152.3911620951358,equity_%,-1.939629415030569e-05,3148.230500168535,1.8777683563804707e-06,3.7555367127609413e-08,"Method: equity_%, ATR: 1065094.10, Risk: 3148.23"
2024-01-17 02:00:00,GBPUSD,576758.0294942792,-127.69728801492849,equity_%,-4.276104891321202e-05,3149.3699051377725,3.467658702131407e-06,6.935317404262815e-08,"Method: equity_%, ATR: 576758.03, Risk: 3149.37"
2024-01-17 03:00:00,GBPUSD,374862.9358343176,-137.20664645854376,equity_%,-6.124572610443396e-05,3150.093464126294,5.335283403115539e-06,1.0670566806231079e-07,"Method: equity_%, ATR: 374862.94, Risk: 3150.09"
2024-01-17 04:00:00,GBPUSD,367388.527609796,-154.12547890591034,equity_%,-5.5654405138901444e-05,3151.371294516361,5.4438281266207735e-06,1.0887656253241548e-07,"Method: equity_%, ATR: 367388.53, Risk: 3151.37"
2024-01-17 05:00:00,GBPUSD,856885.9726869985,-103.32177218723726,equity_%,-3.5608466504752907e-05,3152.5947722762016,2.3340328395486006e-06,4.6680656790972015e-08,"Method: equity_%, ATR: 856885.97, Risk: 3152.59"
2024-01-17 06:00:00,GBPUSD,1003844.0667545808,-134.36342015621798,equity_%,-2.3367257114129678e-05,3151.773819540598,1.9923413070179143e-06,3.9846826140358286e-08,"Method: equity_%, ATR: 1003844.07, Risk: 3151.77"
2024-01-17 07:00:00,GBPUSD,523652.94630575774,-123.94002213023191,equity_%,-4.853238325480232e-05,3149.827274736098,3.8193234929918875e-06,7.638646985983777e-08,"Method: equity_%, ATR: 523652.95, Risk: 3149.83"
2024-01-17 08:00:00,GBPUSD,662027.7366702093,-129.27769057079428,equity_%,-3.6838417094470346e-05,3152.831284617641,3.0210214606103502e-06,6.042042921220701e-08,"Method: equity_%, ATR: 662027.74, Risk: 3152.83"
2024-01-17 09:00:00,GBPUSD,749189.8780272169,-63.493809812356076,equity_%,-6.637729028553784e-05,3157.495986770433,2.6695502150488786e-06,5.339100430097757e-08,"Method: equity_%, ATR: 749189.88, Risk: 3157.50"
2024-01-17 10:00:00,GBPUSD,485631.2544359025,-75.0954654211885,equity_%,-8.682323444624435e-05,3166.330930672432,4.118351077554001e-06,8.236702155108002e-08,"Method: equity_%, ATR: 485631.25, Risk: 3166.33"
2024-01-17 11:00:00,GBPUSD,822515.7208341697,-43.58881361718346,equity_%,-8.832107008190459e-05,3166.5297919523587,2.431564466599693e-06,4.863128933199386e-08,"Method: equity_%, ATR: 822515.72, Risk: 3166.53"
2024-01-17 12:00:00,GBPUSD,1387634.2919670541,27.811406684764066,equity_%,8.206277903415797e-05,3166.971825491767,1.4413019421456362e-06,2.882603884291273e-08,"Method: equity_%, ATR: 1387634.29, Risk: 3166.97"
2024-01-17 13:00:00,GBPUSD,2256381.919540446,58.76762271893463,equity_%,2.387711595432151e-05,3166.158137608414,8.863747677996541e-07,1.772749535599308e-08,"Method: equity_%, ATR: 2256381.92, Risk: 3166.16"
2024-01-17 14:00:00,GBPUSD,1123245.6082474315,85.81162440380365,equity_%,3.2898812862334743e-05,3171.035319896535,1.780554480084319e-06,3.561108960168638e-08,"Method: equity_%, ATR: 1123245.61, Risk: 3171.04"
2024-01-17 15:00:00,GBPUSD,417279.43247661804,59.11490024597359,equity_%,0.00012871142318228026,3174.9802822609236,4.792951303949227e-06,9.585902607898454e-08,"Method: equity_%, ATR: 417279.43, Risk: 3174.98"
2024-01-17 16:00:00,GBPUSD,290104.4997880303,77.10114435462694,equity_%,0.00014189628885261048,3173.8494785153,6.894067487616819e-06,1.3788134975233637e-07,"Method: equity_%, ATR: 290104.50, Risk: 3173.85"
2024-01-17 17:00:00,GBPUSD,1805461.3338375217,173.25197620009786,equity_%,1.0142728517854824e-05,3172.642884254381,1.1077501148966645e-06,2.215500229793329e-08,"Method: equity_%, ATR: 1805461.33, Risk: 3172.64"
2024-01-17 18:00:00,GBPUSD,362616.75900796946,173.0261209357094,equity_%,5.063580631491453e-05,3177.000428530169,5.515464882184458e-06,1.1030929764368917e-07,"Method: equity_%, ATR: 362616.76, Risk: 3177.00"
2024-01-17 19:00:00,GBPUSD,93339.87250234344,171.1670506871418,equity_%,0.00019885039448044165,3176.9752227569816,2.142707019392797e-05,4.2854140387855936e-07,"Method: equity_%, ATR: 93339.87, Risk: 3176.98"
2024-01-17 20:00:00,GBPUSD,1620269.5037468998,108.72039903727902,equity_%,1.8056405251074683e-05,3180.750388896015,1.234362552263662e-06,2.468725104527324e-08,"Method: equity_%, ATR: 1620269.50, Risk: 3180.75"
2024-01-17 21:00:00,GBPUSD,1636103.6631190751,8.373811517659163,equity_%,0.00023208056578958322,3179.6020834609985,1.2224164306234675e-06,2.444832861246935e-08,"Method: equity_%, ATR: 1636103.66, Risk: 3179.60"
2024-01-17 22:00:00,GBPUSD,2685916.0939819803,102.94345425438013,equity_%,1.1484621496479738e-05,3175.468908869268,7.446248989241204e-07,1.4892497978482409e-08,"Method: equity_%, ATR: 2685916.09, Risk: 3175.47"
2024-01-17 23:00:00,GBPUSD,167572.5275980362,103.13488288465454,equity_%,0.00018367311466043582,3174.3440138192273,1.1935130588932161e-05,2.387026117786432e-07,"Method: equity_%, ATR: 167572.53, Risk: 3174.34"
2024-01-18 00:00:00,GBPUSD,671747.101934537,113.82081490899364,equity_%,4.1522696639576964e-05,3174.775663914244,2.977310946694496e-06,5.9546218933889915e-08,"Method: equity_%, ATR: 671747.10, Risk: 3174.78"
2024-01-18 01:00:00,GBPUSD,758709.6973270448,114.85708792670572,equity_%,3.6521602763413514e-05,3182.6088378501486,2.6360543526016014e-06,5.2721087052032034e-08,"Method: equity_%, ATR: 758709.70, Risk: 3182.61"
2024-01-18 02:00:00,GBPUSD,509609.26210171933,140.06304345300728,equity_%,4.459141641187316e-05,3182.820445881566,3.92457545169341e-06,7.84915090338682e-08,"Method: equity_%, ATR: 509609.26, Risk: 3182.82"
2024-01-18 03:00:00,GBPUSD,661010.9011121674,150.61957154201193,equity_%,3.2052131713091345e-05,3191.148013527196,3.025668709298061e-06,6.051337418596123e-08,"Method: equity_%, ATR: 661010.90, Risk: 3191.15"
2024-01-18 04:00:00,GBPUSD,562534.0966969691,166.64082926342715,equity_%,3.4084684566405686e-05,3195.137472829671,3.5553400438184957e-06,7.110680087636993e-08,"Method: equity_%, ATR: 562534.10, Risk: 3195.14"
2024-01-18 05:00:00,GBPUSD,424005.498459274,162.38686260520976,equity_%,4.636634516509376e-05,3192.4583759245447,4.716919962753977e-06,9.433839925507954e-08,"Method: equity_%, ATR: 424005.50, Risk: 3192.46"
2024-01-18 06:00:00,GBPUSD,1131092.5800646225,205.15381507775209,equity_%,1.376698379457378e-05,3194.6004774379776,1.7682018565498275e-06,3.536403713099655e-08,"Method: equity_%, ATR: 1131092.58, Risk: 3194.60"
2024-01-18 07:00:00,GBPUSD,497328.6423957947,217.6187271400491,equity_%,2.9555120930289522e-05,3198.6924002732135,4.021485652556318e-06,8.042971305112636e-08,"Method: equity_%, ATR: 497328.64, Risk: 3198.69"
2024-01-18 08:00:00,GBPUSD,722774.7900474085,182.3972573713064,equity_%,2.4219556521394872e-05,3192.9159515775555,2.7671136674105843e-06,5.534227334821169e-08,"Method: equity_%, ATR: 722774.79, Risk: 3192.92"
2024-01-18 09:00:00,GBPUSD,1821558.266573265,323.0901558721662,equity_%,5.431095513084039e-06,3196.3493050512957,1.0979610351759e-06,2.1959220703518e-08,"Method: equity_%, ATR: 1821558.27, Risk: 3196.35"
2024-01-18 10:00:00,GBPUSD,426821.2900977352,332.6542584269939,equity_%,2.254739462391996e-05,3201.367468590765,4.685801871649918e-06,9.371603743299838e-08,"Method: equity_%, ATR: 426821.29, Risk: 3201.37"
2024-01-18 11:00:00,GBPUSD,414227.96212224057,318.4431874845317,equity_%,2.4290128797468973e-05,3204.064072963158,4.828259274804318e-06,9.656518549608635e-08,"Method: equity_%, ATR: 414227.96, Risk: 3204.06"
2024-01-18 12:00:00,GBPUSD,793412.1069160068,290.0844212011592,equity_%,1.3926954152546925e-05,3205.3789093311143,2.5207581061171365e-06,5.041516212234272e-08,"Method: equity_%, ATR: 793412.11, Risk: 3205.38"
2024-01-18 13:00:00,GBPUSD,807465.1615353952,273.9413521202352,equity_%,1.4495423588761581e-05,3206.36012958211,2.476887047605868e-06,4.953774095211735e-08,"Method: equity_%, ATR: 807465.16, Risk: 3206.36"
2024-01-18 14:00:00,GBPUSD,2311491.853838649,131.1363977791128,equity_%,1.0580491539143266e-05,3207.1661625990346,8.652420715559256e-07,1.7304841431118512e-08,"Method: equity_%, ATR: 2311491.85, Risk: 3207.17"
2024-01-18 15:00:00,GBPUSD,371658.17093432735,128.8733973593592,equity_%,6.691751433735444e-05,3205.1382231877337,5.381288927328343e-06,1.0762577854656684e-07,"Method: equity_%, ATR: 371658.17, Risk: 3205.14"
2024-01-18 16:00:00,GBPUSD,1350140.6534357097,226.9368721707337,equity_%,1.04589105702207e-05,3204.5756516920187,1.481327145368588e-06,2.9626542907371757e-08,"Method: equity_%, ATR: 1350140.65, Risk: 3204.58"
2024-01-18 17:00:00,GBPUSD,501483.8799402642,206.69972404674664,equity_%,3.091772738400277e-05,3204.8258695550626,3.988164086626745e-06,7.97632817325349e-08,"Method: equity_%, ATR: 501483.88, Risk: 3204.83"
2024-01-18 18:00:00,GBPUSD,1111771.3477716548,259.79541439436224,equity_%,1.110214298406287e-05,3206.66635259374,1.7989310517928346e-06,3.5978621035856694e-08,"Method: equity_%, ATR: 1111771.35, Risk: 3206.67"
2024-01-18 19:00:00,GBPUSD,840078.8733962398,301.7984481875374,equity_%,1.2647177815813348e-05,3206.4959083207686,2.380728837894083e-06,4.7614576757881655e-08,"Method: equity_%, ATR: 840078.87, Risk: 3206.50"
2024-01-18 20:00:00,GBPUSD,1254097.4782385353,371.3141365323252,equity_%,6.883477526763283e-06,3205.3885205932747,1.5947723639546228e-06,3.1895447279092455e-08,"Method: equity_%, ATR: 1254097.48, Risk: 3205.39"
2024-01-18 21:00:00,GBPUSD,751380.646627631,329.74307387655443,equity_%,1.2952593727030774e-05,3209.167833170652,2.66176672100414e-06,5.3235334420082794e-08,"Method: equity_%, ATR: 751380.65, Risk: 3209.17"
2024-01-18 22:00:00,GBPUSD,2796465.1735161897,197.21813818852448,equity_%,5.823572355452018e-06,3211.779675086496,7.151885955673325e-07,1.430377191134665e-08,"Method: equity_%, ATR: 2796465.17, Risk: 3211.78"
2024-01-18 23:00:00,GBPUSD,924950.8953038258,242.8573599904324,equity_%,1.4297492738234514e-05,3211.661986476127,2.16227694913798e-06,4.32455389827596e-08,"Method: equity_%, ATR: 924950.90, Risk: 3211.66"
2024-01-19 00:00:00,GBPUSD,1021719.7270614477,156.12688965111866,equity_%,2.015247415334213e-05,3214.68082189059,1.9574839821798967e-06,3.914967964359794e-08,"Method: equity_%, ATR: 1021719.73, Risk: 3214.68"
2024-01-19 01:00:00,GBPUSD,702996.296971298,167.53415194320567,equity_%,2.7296090829809085e-05,3214.8213482095325,2.8449651991291445e-06,5.689930398258289e-08,"Method: equity_%, ATR: 702996.30, Risk: 3214.82"
2024-01-19 02:00:00,GBPUSD,1064620.8247695435,256.19158903761104,equity_%,1.1793023252051154e-05,3216.5105432979967,1.87860311715482e-06,3.75720623430964e-08,"Method: equity_%, ATR: 1064620.82, Risk: 3216.51"
2024-01-19 03:00:00,GBPUSD,642799.6824978269,261.3625334611687,equity_%,1.917180781898474e-05,3220.9356754621654,3.1113892157324793e-06,6.222778431464958e-08,"Method: equity_%, ATR: 642799.68, Risk: 3220.94"
2024-01-19 04:00:00,GBPUSD,105513.6051224298,260.97255323218053,equity_%,0.00011695984644277767,3220.624452182667,1.8954901575766987e-05,3.790980315153397e-07,"Method: equity_%, ATR: 105513.61, Risk: 3220.62"
2024-01-19 05:00:00,GBPUSD,397950.7156681635,266.7998298699491,equity_%,3.0311475427749166e-05,3218.265834770916,5.0257479664083e-06,1.0051495932816598e-07,"Method: equity_%, ATR: 397950.72, Risk: 3218.27"
2024-01-19 06:00:00,GBPUSD,491046.71217494004,280.8790131422835,equity_%,2.3341214875742273e-05,3219.3304310218523,4.072932269807116e-06,8.145864539614233e-08,"Method: equity_%, ATR: 491046.71, Risk: 3219.33"
2024-01-19 07:00:00,GBPUSD,526059.0050880429,229.81437469915988,equity_%,2.660751496940108e-05,3216.740035973296,3.8018548882463733e-06,7.603709776492748e-08,"Method: equity_%, ATR: 526059.01, Risk: 3216.74"
2024-01-19 08:00:00,GBPUSD,576135.1943244841,244.99338158846888,equity_%,2.2794356569094515e-05,3217.407690445243,3.4714074399585867e-06,6.942814879917173e-08,"Method: equity_%, ATR: 576135.19, Risk: 3217.41"
2024-01-19 09:00:00,GBPUSD,1032905.7123301658,198.4727561056251,equity_%,1.5697602845969862e-05,3218.0657780073025,1.9362851576143723e-06,3.8725703152287445e-08,"Method: equity_%, ATR: 1032905.71, Risk: 3218.07"
2024-01-19 10:00:00,GBPUSD,562166.6279032999,191.81372936773366,equity_%,2.9788896156712392e-05,3212.1747256355857,3.557664046084263e-06,7.115328092168525e-08,"Method: equity_%, ATR: 562166.63, Risk: 3212.17"
2024-01-19 11:00:00,GBPUSD,493285.9601140632,170.4264439557774,equity_%,3.824558042373995e-05,3215.266631126819,4.0544433892615505e-06,8.108886778523101e-08,"Method: equity_%, ATR: 493285.96, Risk: 3215.27"
2024-01-19 12:00:00,GBPUSD,676024.9230578057,193.59732586966484,equity_%,2.4574432221412455e-05,3216.218561826775,2.9584708074867574e-06,5.916941614973515e-08,"Method: equity_%, ATR: 676024.92, Risk: 3216.22"
2024-01-19 13:00:00,GBPUSD,313416.5879668475,189.79916680406012,equity_%,5.415144786718784e-05,3221.264251185091,6.381283176407864e-06,1.276256635281573e-07,"Method: equity_%, ATR: 313416.59, Risk: 3221.26"
2024-01-19 14:00:00,GBPUSD,419391.7451213559,164.57437139416487,equity_%,4.6701795745260624e-05,3223.410847124473,4.768811077626901e-06,9.537622155253803e-08,"Method: equity_%, ATR: 419391.75, Risk: 3223.41"
2024-01-19 15:00:00,GBPUSD,334684.8890202006,163.23716959623968,equity_%,5.90690031014769e-05,3227.11767283542,5.975770241241116e-06,1.1951540482482232e-07,"Method: equity_%, ATR: 334684.89, Risk: 3227.12"
2024-01-19 16:00:00,GBPUSD,258954.45997608165,169.97878667525518,equity_%,7.343083472034293e-05,3232.187789095041,7.723365723010641e-06,1.544673144602128e-07,"Method: equity_%, ATR: 258954.46, Risk: 3232.19"
2024-01-19 17:00:00,GBPUSD,902014.1831008386,202.05439805954154,equity_%,1.7740397187837066e-05,3233.292637846728,2.2172600358950397e-06,4.4345200717900785e-08,"Method: equity_%, ATR: 902014.18, Risk: 3233.29"
2024-01-19 18:00:00,GBPUSD,302661.18870033807,216.58528674898855,equity_%,4.9346963101959855e-05,3234.7901682801366,6.6080491145502675e-06,1.3216098229100534e-07,"Method: equity_%, ATR: 302661.19, Risk: 3234.79"
2024-01-19 19:00:00,GBPUSD,375311.63321750483,204.08072950858417,equity_%,4.2190967220268105e-05,3231.569538609966,5.3289048965901294e-06,1.0657809793180259e-07,"Method: equity_%, ATR: 375311.63, Risk: 3231.57"
2024-01-19 20:00:00,GBPUSD,673222.7123653746,232.1650628069316,equity_%,2.0708977232128906e-05,3236.7881518456684,2.9707850957270603e-06,5.941570191454121e-08,"Method: equity_%, ATR: 673222.71, Risk: 3236.79"
2024-01-19 21:00:00,GBPUSD,317369.99444066867,241.6273712077921,equity_%,4.222259039833317e-05,3237.8510596465035,6.301792970456424e-06,1.2603585940912845e-07,"Method: equity_%, ATR: 317369.99, Risk: 3237.85"
2024-01-19 22:00:00,GBPUSD,1036169.2168783827,220.86989866102383,equity_%,1.4141194652205411e-05,3236.3338679954595,1.930186660075952e-06,3.8603733201519035e-08,"Method: equity_%, ATR: 1036169.22, Risk: 3236.33"
2024-01-19 23:00:00,GBPUSD,732906.8348260131,251.25649828142306,equity_%,1.7594869276089673e-05,3240.053035454922,2.728859801771103e-06,5.4577196035422054e-08,"Method: equity_%, ATR: 732906.83, Risk: 3240.05"
2024-01-20 00:00:00,GBPUSD,550889.8618322022,222.39569076330596,equity_%,2.6404927245191934e-05,3235.013691879029,3.630489755880075e-06,7.260979511760151e-08,"Method: equity_%, ATR: 550889.86, Risk: 3235.01"
2024-01-20 01:00:00,GBPUSD,913195.6665971216,193.95087167768187,equity_%,1.826623450240658e-05,3235.2258692104097,2.190111137356446e-06,4.380222274712892e-08,"Method: equity_%, ATR: 913195.67, Risk: 3235.23"
2024-01-20 02:00:00,GBPUSD,476470.42573147104,170.61689941947256,equity_%,3.9848629912128096e-05,3239.4508023340454,4.19753229579701e-06,8.39506459159402e-08,"Method: equity_%, ATR: 476470.43, Risk: 3239.45"
2024-01-20 03:00:00,GBPUSD,1168067.3637281393,138.04089509179525,equity_%,2.0091889423459478e-05,3239.6376367781477,1.712230015242073e-06,3.424460030484146e-08,"Method: equity_%, ATR: 1168067.36, Risk: 3239.64"
2024-01-20 04:00:00,GBPUSD,402381.74346481316,151.11266880616182,equity_%,5.326839869142347e-05,3238.9838709253017,4.970404429332399e-06,9.940808858664798e-08,"Method: equity_%, ATR: 402381.74, Risk: 3238.98"
2024-01-20 05:00:00,GBPUSD,528971.3628088016,126.30164731453503,equity_%,4.848432289073299e-05,3239.2354065339628,3.7809230151517797e-06,7.56184603030356e-08,"Method: equity_%, ATR: 528971.36, Risk: 3239.24"
2024-01-20 06:00:00,GBPUSD,824218.1574815345,165.48981723006074,equity_%,2.3714900608185955e-05,3234.7056187405574,2.426542028764766e-06,4.853084057529532e-08,"Method: equity_%, ATR: 824218.16, Risk: 3234.71"
2024-01-20 07:00:00,GBPUSD,1026484.4713877508,236.17598676966102,equity_%,1.3357830813733287e-05,3238.3520540359063,1.948397716427322e-06,3.8967954328546425e-08,"Method: equity_%, ATR: 1026484.47, Risk: 3238.35"
2024-01-20 08:00:00,GBPUSD,728009.9309549328,237.8268788360839,equity_%,1.8710160727040454e-05,3239.4833959099756,2.7472152713309745e-06,5.494430542661949e-08,"Method: equity_%, ATR: 728009.93, Risk: 3239.48"
2024-01-20 09:00:00,GBPUSD,757863.2739362292,291.5785508800771,equity_%,1.4662934083188484e-05,3240.166422079991,2.638998443099502e-06,5.277996886199004e-08,"Method: equity_%, ATR: 757863.27, Risk: 3240.17"
2024-01-20 10:00:00,GBPUSD,1252370.6558024702,186.44420970209052,equity_%,1.3879650902277288e-05,3240.8604162307643,1.5969713045683574e-06,3.1939426091367144e-08,"Method: equity_%, ATR: 1252370.66, Risk: 3240.86"
2024-01-20 11:00:00,GBPUSD,1177289.476159454,252.18493757147834,equity_%,1.0921053659635311e-05,3242.4026556261583,1.6988175300134225e-06,3.3976350600268445e-08,"Method: equity_%, ATR: 1177289.48, Risk: 3242.40"
2024-01-20 12:00:00,GBPUSD,240540.1652541454,255.45672807742812,equity_%,5.2823263695565924e-05,3245.8629677381746,8.314619713871394e-06,1.6629239427742787e-07,"Method: equity_%, ATR: 240540.17, Risk: 3245.86"
2024-01-20 13:00:00,GBPUSD,797603.4041121386,310.70636387833156,equity_%,1.3103062040038908e-05,3247.2067771145767,2.5075118657828743e-06,5.0150237315657484e-08,"Method: equity_%, ATR: 797603.40, Risk: 3247.21"
2024-01-20 14:00:00,GBPUSD,507117.5012680601,313.2073119704957,equity_%,2.0427894188985453e-05,3244.621867470037,3.943859154927506e-06,7.887718309855011e-08,"Method: equity_%, ATR: 507117.50, Risk: 3244.62"
2024-01-20 15:00:00,GBPUSD,603169.4213488947,321.7582266700486,equity_%,1.6735040808108457e-05,3247.848415834669,3.3158179596162395e-06,6.631635919232479e-08,"Method: equity_%, ATR: 603169.42, Risk: 3247.85"
2024-01-20 16:00:00,GBPUSD,1429746.6346918396,235.2221923560977,equity_%,9.666266611791897e-06,3250.844124907682,1.3988492446642966e-06,2.797698489328593e-08,"Method: equity_%, ATR: 1429746.63, Risk: 3250.84"
2024-01-20 17:00:00,GBPUSD,1347630.5593820268,309.1277821316763,equity_%,7.80854160460799e-06,3252.9607059023315,1.4840862624227857e-06,2.968172524845572e-08,"Method: equity_%, ATR: 1347630.56, Risk: 3252.96"
2024-01-20 18:00:00,GBPUSD,1914111.4806872287,415.6244874065977,equity_%,4.09487758875698e-06,3257.686429823216,1.0448712210231008e-06,2.0897424420462015e-08,"Method: equity_%, ATR: 1914111.48, Risk: 3257.69"
2024-01-20 19:00:00,GBPUSD,971736.2449027746,384.7676478178948,equity_%,8.717147550351243e-06,3259.2775658524542,2.0581716597389107e-06,4.116343319477821e-08,"Method: equity_%, ATR: 971736.24, Risk: 3259.28"
2024-01-20 20:00:00,GBPUSD,596282.6580693115,360.07154639012464,equity_%,1.5202815632384635e-05,3264.111694119422,3.3541139809025294e-06,6.708227961805057e-08,"Method: equity_%, ATR: 596282.66, Risk: 3264.11"
2024-01-20 21:00:00,GBPUSD,344244.0318557863,375.57973295507145,equity_%,2.5290478568495257e-05,3269.8333271838574,5.809832022993089e-06,1.1619664045986179e-07,"Method: equity_%, ATR: 344244.03, Risk: 3269.83"
2024-01-20 22:00:00,GBPUSD,954047.0493571695,403.18356340397264,equity_%,8.509108160026826e-06,3273.0802658404305,2.0963326717980903e-06,4.192665343596181e-08,"Method: equity_%, ATR: 954047.05, Risk: 3273.08"
2024-01-20 23:00:00,GBPUSD,559981.4201509975,380.58766705842254,equity_%,1.535428591467486e-05,3272.336464974797,3.571547069295094e-06,7.143094138590188e-08,"Method: equity_%, ATR: 559981.42, Risk: 3272.34"
2024-01-21 00:00:00,GBPUSD,1370437.9091208484,335.237320299133,equity_%,7.125136781134031e-06,3273.44410781929,1.4593875334950585e-06,2.918775066990117e-08,"Method: equity_%, ATR: 1370437.91, Risk: 3273.44"
2024-01-21 01:00:00,GBPUSD,393467.02117186453,344.62669048369145,equity_%,2.417904953374872e-05,3278.660675921465,5.083018124475569e-06,1.0166036248951138e-07,"Method: equity_%, ATR: 393467.02, Risk: 3278.66"
2024-01-21 02:00:00,GBPUSD,776325.1676041181,382.19487670365515,equity_%,1.1040057205821151e-05,3275.667792323257,2.576240064678525e-06,5.15248012935705e-08,"Method: equity_%, ATR: 776325.17, Risk: 3275.67"
2024-01-21 03:00:00,GBPUSD,611989.2348194771,391.17013112688215,equity_%,1.3684639308908367e-05,3275.991931318721,3.2680313414172306e-06,6.536062682834461e-08,"Method: equity_%, ATR: 611989.23, Risk: 3275.99"
2024-01-21 04:00:00,GBPUSD,556465.6519440546,409.52433893332875,equity_%,1.4377626335512965e-05,3276.463036809381,3.594112220606698e-06,7.188224441213396e-08,"Method: equity_%, ATR: 556465.65, Risk: 3276.46"
2024-01-21 05:00:00,GBPUSD,425267.660214887,396.21620275437783,equity_%,1.943862016297994e-05,3275.36740500832,4.70292050655675e-06,9.405841013113498e-08,"Method: equity_%, ATR: 425267.66, Risk: 3275.37"
2024-01-21 06:00:00,GBPUSD,745362.7156128323,423.12367778985697,equity_%,1.0398502321626434e-05,3279.4860418580765,2.6832573700116102e-06,5.36651474002322e-08,"Method: equity_%, ATR: 745362.72, Risk: 3279.49"
2024-01-21 07:00:00,GBPUSD,501122.43357815314,433.04684241932705,equity_%,1.512429951556971e-05,3282.1164870711987,3.9910406439389374e-06,7.982081287877875e-08,"Method: equity_%, ATR: 501122.43, Risk: 3282.12"
2024-01-21 08:00:00,GBPUSD,511230.33494142815,427.2338528466741,equity_%,1.5024081354008198e-05,3281.4833120013973,3.912130918892247e-06,7.824261837784493e-08,"Method: equity_%, ATR: 511230.33, Risk: 3281.48"
2024-01-21 09:00:00,GBPUSD,324107.9753661836,404.43881657281486,equity_%,2.5059151598989616e-05,3284.7998507621046,6.170783047656758e-06,1.2341566095313516e-07,"Method: equity_%, ATR: 324107.98, Risk: 3284.80"
2024-01-21 10:00:00,GBPUSD,665388.0946778867,431.78131767800465,equity_%,1.1436825730842038e-05,3285.8246020580996,3.005764629690582e-06,6.011529259381165e-08,"Method: equity_%, ATR: 665388.09, Risk: 3285.82"
2024-01-21 11:00:00,GBPUSD,2105227.391381012,339.47439446699724,equity_%,4.596037848970487e-06,3284.6540183384327,9.500161399135208e-07,1.900032279827042e-08,"Method: equity_%, ATR: 2105227.39, Risk: 3284.65"
2024-01-21 12:00:00,GBPUSD,765947.8371995675,354.93153749027937,equity_%,1.2079845573255597e-05,3284.0152631077044,2.6111438702044415e-06,5.222287740408883e-08,"Method: equity_%, ATR: 765947.84, Risk: 3284.02"
2024-01-21 13:00:00,GBPUSD,666279.4135647562,362.58664838987056,equity_%,1.3605301475397983e-05,3286.823416332032,3.001743651810455e-06,6.003487303620911e-08,"Method: equity_%, ATR: 666279.41, Risk: 3286.82"
2024-01-21 14:00:00,GBPUSD,515093.9557157864,374.7474360153903,equity_%,1.704987863248276e-05,3291.1404459675978,3.882786776677963e-06,7.765573553355927e-08,"Method: equity_%, ATR: 515093.96, Risk: 3291.14"
2024-01-21 15:00:00,GBPUSD,1038952.1995946938,335.1259258496757,equity_%,9.45252990836317e-06,3291.1801412687337,1.925016377827797e-06,3.8500327556555944e-08,"Method: equity_%, ATR: 1038952.20, Risk: 3291.18"
2024-01-21 16:00:00,GBPUSD,623483.4778507474,282.7345363765269,equity_%,1.8687926218115252e-05,3294.313465269741,3.207783479514705e-06,6.41556695902941e-08,"Method: equity_%, ATR: 623483.48, Risk: 3294.31"
2024-01-21 17:00:00,GBPUSD,192552.67091551388,277.6531635051608,equity_%,6.173554571465628e-05,3300.5587277424734,1.0386768412459666e-05,2.0773536824919332e-07,"Method: equity_%, ATR: 192552.67, Risk: 3300.56"
2024-01-21 18:00:00,GBPUSD,894783.4061540044,303.9407611541106,equity_%,1.2127769432209886e-05,3298.2821160733624,2.2351777941395715e-06,4.470355588279143e-08,"Method: equity_%, ATR: 894783.41, Risk: 3298.28"
2024-01-21 19:00:00,GBPUSD,633963.9818856154,259.4750506365636,equity_%,2.0066216066461578e-05,3300.8491256918783,3.1547533568884288e-06,6.309506713776857e-08,"Method: equity_%, ATR: 633963.98, Risk: 3300.85"
2024-01-01 01:00:00,USDJPY,617644.325308975,167.35466200601016,equity_%,3.19723318075527e-05,3304.841092765764,3.2381095689651245e-06,6.476219137930249e-08,"Method: equity_%, ATR: 617644.33, Risk: 3304.84"
2024-01-01 02:00:00,USDJPY,822076.2890028688,121.36172669060616,equity_%,3.313723669316105e-05,3306.0556433159677,2.4328642326199247e-06,4.865728465239849e-08,"Method: equity_%, ATR: 822076.29, Risk: 3306.06"
2024-01-01 03:00:00,USDJPY,1223905.9666364873,74.29011056806559,equity_%,3.641795897714252e-05,3311.270492948535,1.6341124682122096e-06,3.268224936424419e-08,"Method: equity_%, ATR: 1223905.97, Risk: 3311.27"
2024-01-01 04:00:00,USDJPY,611083.1724201594,62.080671839669634,equity_%,8.749808333059014e-05,3319.3670040633187,3.2728769016484554e-06,6.545753803296911e-08,"Method: equity_%, ATR: 611083.17, Risk: 3319.37"
2024-01-01 05:00:00,USDJPY,305388.64393489435,73.7692564802054,equity_%,0.00014745444941313354,3321.8970701084777,6.549031994871358e-06,1.3098063989742716e-07,"Method: equity_%, ATR: 305388.64, Risk: 3321.90"
2024-01-01 06:00:00,USDJPY,150108.64515368268,75.14536387383792,equity_%,0.0002945660906875296,3322.696300911644,1.3323682976102948e-05,2.664736595220589e-07,"Method: equity_%, ATR: 150108.65, Risk: 3322.70"
2024-01-01 07:00:00,USDJPY,463603.7573159329,87.81293425282114,equity_%,8.17267022107605e-05,3327.1272493346296,4.3140288844489595e-06,8.628057768897918e-08,"Method: equity_%, ATR: 463603.76, Risk: 3327.13"
2024-01-01 08:00:00,USDJPY,544370.5701271984,97.9137844056929,equity_%,6.249656746054064e-05,3331.1534559157635,3.673967899353334e-06,7.347935798706667e-08,"Method: equity_%, ATR: 544370.57, Risk: 3331.15"
2024-01-01 09:00:00,USDJPY,1768203.2299296828,-53.41652683625193,equity_%,-3.520436281110082e-05,3325.0969630510094,1.1310917015345205e-06,2.262183403069041e-08,"Method: equity_%, ATR: 1768203.23, Risk: 3325.10"
2024-01-01 10:00:00,USDJPY,1676020.7854878164,-2.2897788528474337,equity_%,-0.000866814514563264,3326.588756382736,1.1933026232833306e-06,2.3866052465666613e-08,"Method: equity_%, ATR: 1676020.79, Risk: 3326.59"
2024-01-01 11:00:00,USDJPY,1062303.5007361197,-36.437784400831355,equity_%,-8.594880044042383e-05,3326.9049579825187,1.8827011288338093e-06,3.7654022576676185e-08,"Method: equity_%, ATR: 1062303.50, Risk: 3326.90"
2024-01-01 12:00:00,USDJPY,815749.0172479231,-95.13981432835885,equity_%,-4.290150836290846e-05,3329.5950750570605,2.451734489055668e-06,4.903468978111336e-08,"Method: equity_%, ATR: 815749.02, Risk: 3329.60"
2024-01-01 13:00:00,USDJPY,836230.7849184084,-148.6459028637234,equity_%,-2.6793668623797397e-05,3330.514100216179,2.3916842528048536e-06,4.783368505609708e-08,"Method: equity_%, ATR: 836230.78, Risk: 3330.51"
2024-01-01 14:00:00,USDJPY,215740.48157120871,-147.50554343961264,equity_%,-0.00010469683135720096,3331.758571939366,9.270397402630563e-06,1.8540794805261127e-07,"Method: equity_%, ATR: 215740.48, Risk: 3331.76"
2024-01-01 15:00:00,USDJPY,1937842.0485621481,-34.03136357654199,equity_%,-5.0504926116029524e-05,3330.668933660983,1.0320758606120515e-06,2.064151721224103e-08,"Method: equity_%, ATR: 1937842.05, Risk: 3330.67"
2024-01-01 16:00:00,USDJPY,432055.78241851536,-59.72972967744771,equity_%,-0.0001292063169855182,3334.3725213162566,4.6290319014008216e-06,9.258063802801643e-08,"Method: equity_%, ATR: 432055.78, Risk: 3334.37"
2024-01-01 17:00:00,USDJPY,360181.40541617514,-52.70232812088119,equity_%,-0.00017599660171474976,3340.837647980663,5.552757499208157e-06,1.1105514998416314e-07,"Method: equity_%, ATR: 360181.41, Risk: 3340.84"
2024-01-01 18:00:00,USDJPY,475138.0777597968,-38.52766166471743,equity_%,-0.00018244302924350474,3339.794632133018,4.209302713496871e-06,8.418605426993742e-08,"Method: equity_%, ATR: 475138.08, Risk: 3339.79"
2024-01-01 19:00:00,USDJPY,866713.8009255197,-0.5451774412569037,equity_%,-0.007062461334934306,3337.1034670635768,2.3075668090946533e-06,4.615133618189307e-08,"Method: equity_%, ATR: 866713.80, Risk: 3337.10"
2024-01-01 20:00:00,USDJPY,458396.77325742255,2.531371298440421,equity_%,0.002877234391019774,3338.663476723059,4.363032457204618e-06,8.726064914409235e-08,"Method: equity_%, ATR: 458396.77, Risk: 3338.66"
2024-01-01 21:00:00,USDJPY,238420.87278815103,11.296586872423205,equity_%,0.0012401237509684956,3340.0775097399533,8.388527298853995e-06,1.677705459770799e-07,"Method: equity_%, ATR: 238420.87, Risk: 3340.08"
2024-01-01 22:00:00,USDJPY,733977.6939097932,37.47109605425878,equity_%,0.00012162660623097329,3345.090308098314,2.7248784487526986e-06,5.449756897505397e-08,"Method: equity_%, ATR: 733977.69, Risk: 3345.09"
2024-01-01 23:00:00,USDJPY,576831.1556581889,62.484705368860695,equity_%,9.274730592774402e-05,3342.9027232411786,3.4672190993531123e-06,6.934438198706224e-08,"Method: equity_%, ATR: 576831.16, Risk: 3342.90"
2024-01-02 00:00:00,USDJPY,1088567.1469916813,7.393144687865146,equity_%,0.0004153598530002844,3342.788857716106,1.8372775676053762e-06,3.674555135210753e-08,"Method: equity_%, ATR: 1088567.15, Risk: 3342.79"
2024-01-02 01:00:00,USDJPY,1488918.3214788283,133.71616143313798,equity_%,1.6765306125191554e-05,3337.845747998306,1.3432570283731573e-06,2.6865140567463146e-08,"Method: equity_%, ATR: 1488918.32, Risk: 3337.85"
2024-01-02 02:00:00,USDJPY,182591.99371670064,143.25694143444957,equity_%,0.00012782038349016614,3343.4706989069414,1.0953382781410921e-05,2.1906765562821843e-07,"Method: equity_%, ATR: 182591.99, Risk: 3343.47"
2024-01-02 03:00:00,USDJPY,992567.4759726664,126.83862169380359,equity_%,2.657531010027392e-05,3345.7223327919114,2.014976360211783e-06,4.029952720423566e-08,"Method: equity_%, ATR: 992567.48, Risk: 3345.72"
2024-01-02 04:00:00,USDJPY,689737.881273025,154.4847685580295,equity_%,3.140034282795681e-05,3345.832034049969,2.8996522509517243e-06,5.7993045019034484e-08,"Method: equity_%, ATR: 689737.88, Risk: 3345.83"
2024-01-02 05:00:00,USDJPY,579583.3692313408,145.0090313536496,equity_%,3.978073963186017e-05,3343.3652196141957,3.450754638892511e-06,6.901509277785022e-08,"Method: equity_%, ATR: 579583.37, Risk: 3343.37"
2024-01-02 06:00:00,USDJPY,763592.5799869935,118.60328362838297,equity_%,3.689271810922466e-05,3341.1737914396635,2.6191977926685287e-06,5.2383955853370564e-08,"Method: equity_%, ATR: 763592.58, Risk: 3341.17"
2024-01-02 07:00:00,USDJPY,288596.44327498245,124.28124526606605,equity_%,9.323068295962286e-05,3343.9165921390377,6.93009233691195e-06,1.3860184673823899e-07,"Method: equity_%, ATR: 288596.44, Risk: 3343.92"
2024-01-02 08:00:00,USDJPY,646088.8651849203,126.74883029475751,equity_%,4.081149324616805e-05,3342.0943170022356,3.095549401594424e-06,6.191098803188846e-08,"Method: equity_%, ATR: 646088.87, Risk: 3342.09"
2024-01-02 09:00:00,USDJPY,1084982.4232225805,216.0942524817462,equity_%,1.4262254609821438e-05,3343.9063332716814,1.8433478342069942e-06,3.6866956684139883e-08,"Method: equity_%, ATR: 1084982.42, Risk: 3343.91"
2024-01-02 10:00:00,USDJPY,604944.7389853125,217.84539036514636,equity_%,2.5431952398468813e-05,3351.535167855086,3.3060871036826356e-06,6.612174207365271e-08,"Method: equity_%, ATR: 604944.74, Risk: 3351.54"
2024-01-02 11:00:00,USDJPY,1681758.1891978467,117.2485993327054,equity_%,1.6999330265899807e-05,3351.9924049862516,1.1892316106121927e-06,2.3784632212243854e-08,"Method: equity_%, ATR: 1681758.19, Risk: 3351.99"
2024-01-02 12:00:00,USDJPY,1088961.1140545143,96.46634273234027,equity_%,3.189594288354572e-05,3350.6080716543283,1.8366128727530288e-06,3.673225745506057e-08,"Method: equity_%, ATR: 1088961.11, Risk: 3350.61"
2024-01-02 13:00:00,USDJPY,1398168.902753606,17.38024245052125,equity_%,0.00013799107385051198,3353.2540932706866,1.4304423421670482e-06,2.8608846843340968e-08,"Method: equity_%, ATR: 1398168.90, Risk: 3353.25"
2024-01-02 14:00:00,USDJPY,1000086.1095135517,99.49514137156447,equity_%,3.367790765575525e-05,3351.0767180483417,1.9998277958013165e-06,3.9996555916026326e-08,"Method: equity_%, ATR: 1000086.11, Risk: 3351.08"
2024-01-02 15:00:00,USDJPY,626267.517211477,66.12432383222394,equity_%,8.108219613164423e-05,3357.73667163933,3.193523446506077e-06,6.387046893012154e-08,"Method: equity_%, ATR: 626267.52, Risk: 3357.74"
2024-01-02 16:00:00,USDJPY,574501.0578720005,72.1126351927295,equity_%,8.118624560362728e-05,3363.447530644915,3.4812816662308082e-06,6.962563332461616e-08,"Method: equity_%, ATR: 574501.06, Risk: 3363.45"
2024-01-02 17:00:00,USDJPY,419284.7445827406,84.72148962143265,equity_%,9.47135427468801e-05,3364.455015788054,4.770028067656836e-06,9.540056135313672e-08,"Method: equity_%, ATR: 419284.74, Risk: 3364.46"
2024-01-02 18:00:00,USDJPY,2324377.4804928224,-16.03577821810697,equity_%,-9.02327403152995e-05,3363.2631362437814,8.604454383097677e-07,1.7208908766195355e-08,"Method: equity_%, ATR: 2324377.48, Risk: 3363.26"
2024-01-02 19:00:00,USDJPY,231349.2799110252,-28.537130977610715,equity_%,-0.0005094612318217647,3363.485826625455,8.644937216874769e-06,1.7289874433749537e-07,"Method: equity_%, ATR: 231349.28, Risk: 3363.49"
2024-01-02 20:00:00,USDJPY,1206654.010328611,-113.91977362315299,equity_%,-2.447298094365528e-05,3364.098829789199,1.6574759482673374e-06,3.314951896534675e-08,"Method: equity_%, ATR: 1206654.01, Risk: 3364.10"
2024-01-02 21:00:00,USDJPY,956965.0508797608,-161.76297802079443,equity_%,-2.174881491781418e-05,3366.7495311843204,2.089940482321013e-06,4.179880964642026e-08,"Method: equity_%, ATR: 956965.05, Risk: 3366.75"
2024-01-02 22:00:00,USDJPY,489889.51278316136,-165.81514294422965,equity_%,-4.150341981370859e-05,3371.3684281722235,4.082553203961432e-06,8.165106407922863e-08,"Method: equity_%, ATR: 489889.51, Risk: 3371.37"
2024-01-02 23:00:00,USDJPY,702439.7284257886,-122.37932028093046,equity_%,-3.919960806148447e-05,3369.7588902799475,2.847219368531625e-06,5.694438737063249e-08,"Method: equity_%, ATR: 702439.73, Risk: 3369.76"
2024-01-03 00:00:00,USDJPY,395393.4712044942,-95.12495196989215,equity_%,-8.971367944343875e-05,3374.2916189759762,5.058252464076771e-06,1.011650492815354e-07,"Method: equity_%, ATR: 395393.47, Risk: 3374.29"
2024-01-03 01:00:00,USDJPY,74860.61226894321,-96.99722180864315,equity_%,-0.00046515885217786275,3377.6446758144098,2.6716319027886485e-05,5.343263805577298e-07,"Method: equity_%, ATR: 74860.61, Risk: 3377.64"
2024-01-03 02:00:00,USDJPY,1326321.2820601417,-117.47747851753627,equity_%,-2.1677420435741875e-05,3377.6213073419904,1.5079302632416864e-06,3.015860526483373e-08,"Method: equity_%, ATR: 1326321.28, Risk: 3377.62"
2024-01-03 03:00:00,USDJPY,1022440.2576010283,-174.41467325143262,equity_%,-1.8930566857937865e-05,3375.8611716549594,1.9561045108812906e-06,3.912209021762582e-08,"Method: equity_%, ATR: 1022440.26, Risk: 3375.86"
2024-01-03 04:00:00,USDJPY,944145.5356033786,-151.234146443865,equity_%,-2.3655576658453393e-05,3377.709869806837,2.1183174887564902e-06,4.23663497751298e-08,"Method: equity_%, ATR: 944145.54, Risk: 3377.71"
2024-01-03 05:00:00,USDJPY,2720334.5478529576,-304.5268450929788,equity_%,-4.075290189405034e-06,3376.031104355731,7.352036908763715e-07,1.4704073817527432e-08,"Method: equity_%, ATR: 2720334.55, Risk: 3376.03"
2024-01-03 06:00:00,USDJPY,1010831.5013140938,-232.61542541693353,equity_%,-1.4377281779288699e-05,3380.602146903219,1.978569125912652e-06,3.957138251825303e-08,"Method: equity_%, ATR: 1010831.50, Risk: 3380.60"
2024-01-03 07:00:00,USDJPY,167765.66942611823,-221.8872672454984,equity_%,-9.076492987954449e-05,3378.7304985868223,1.1921390155932789e-05,2.3842780311865573e-07,"Method: equity_%, ATR: 167765.67, Risk: 3378.73"
2024-01-03 08:00:00,USDJPY,1520756.8321428283,-161.22211049684697,equity_%,-1.3793452873383129e-05,3381.8736171663118,1.3151346472544808e-06,2.630269294508962e-08,"Method: equity_%, ATR: 1520756.83, Risk: 3381.87"
2024-01-03 09:00:00,USDJPY,811088.3306093083,-177.7234162068077,equity_%,-2.346962267719819e-05,3383.131768071866,2.4658226786440805e-06,4.9316453572881614e-08,"Method: equity_%, ATR: 811088.33, Risk: 3383.13"
2024-01-03 10:00:00,USDJPY,3020348.235553604,-372.17766742451323,equity_%,-3.009457656609508e-06,3382.949893418741,6.621753003369882e-07,1.3243506006739764e-08,"Method: equity_%, ATR: 3020348.24, Risk: 3382.95"
2024-01-03 11:00:00,USDJPY,509147.3923625591,-411.5478233850531,equity_%,-1.6150451496928467e-05,3384.141398899783,3.9281356047402065e-06,7.856271209480414e-08,"Method: equity_%, ATR: 509147.39, Risk: 3384.14"
2024-01-03 12:00:00,USDJPY,659224.493671382,-446.7381717015436,equity_%,-1.1507208064640507e-05,3388.8813484086854,3.0338678541228227e-06,6.067735708245644e-08,"Method: equity_%, ATR: 659224.49, Risk: 3388.88"
2024-01-03 13:00:00,USDJPY,875336.4247146322,-404.8996079261854,equity_%,-9.555816047834844e-06,3386.8045761817043,2.2848357997349634e-06,4.569671599469928e-08,"Method: equity_%, ATR: 875336.42, Risk: 3386.80"
2024-01-03 14:00:00,USDJPY,545266.5274537719,-428.7187732935578,equity_%,-1.4489139367336353e-05,3387.068106516129,3.6679310012653608e-06,7.335862002530721e-08,"Method: equity_%, ATR: 545266.53, Risk: 3387.07"
2024-01-03 15:00:00,USDJPY,1155444.9303387422,-376.47408237064724,equity_%,-7.784715529680101e-06,3386.3128758220673,1.7309349389880998e-06,3.461869877976199e-08,"Method: equity_%, ATR: 1155444.93, Risk: 3386.31"
2024-01-03 16:00:00,USDJPY,975442.1531881962,-411.4629511631792,equity_%,-8.44058031190979e-06,3387.6970244214212,2.050352236124997e-06,4.100704472249994e-08,"Method: equity_%, ATR: 975442.15, Risk: 3387.70"
2024-01-03 17:00:00,USDJPY,842230.5101510728,-464.07665634704523,equity_%,-8.665883308147457e-06,3387.142981743883,2.3746468168687637e-06,4.749293633737527e-08,"Method: equity_%, ATR: 842230.51, Risk: 3387.14"
2024-01-03 18:00:00,USDJPY,587878.2448308476,-423.6125730225339,equity_%,-1.3585926187064298e-05,3383.3387380167233,3.4020649982981894e-06,6.80412999659638e-08,"Method: equity_%, ATR: 587878.24, Risk: 3383.34"
2024-01-03 19:00:00,USDJPY,598256.3457249103,-428.2977185183177,equity_%,-1.319770987179282e-05,3381.673325375926,3.3430485347825103e-06,6.686097069565019e-08,"Method: equity_%, ATR: 598256.35, Risk: 3381.67"
2024-01-03 20:00:00,USDJPY,2015541.1805995612,-381.40579138902956,equity_%,-4.407329720453243e-06,3388.0865904315406,9.922893261873527e-07,1.9845786523747056e-08,"Method: equity_%, ATR: 2015541.18, Risk: 3388.09"
2024-01-03 21:00:00,USDJPY,980089.4736857413,-461.8287456354718,equity_%,-7.4902251670909385e-06,3390.326775065399,2.0406300176643723e-06,4.081260035328745e-08,"Method: equity_%, ATR: 980089.47, Risk: 3390.33"
2024-01-03 22:00:00,USDJPY,580283.2134487955,-442.8549693435955,equity_%,-1.3201208800595776e-05,3392.4638612268236,3.4465928940342875e-06,6.893185788068573e-08,"Method: equity_%, ATR: 580283.21, Risk: 3392.46"
2024-01-03 23:00:00,USDJPY,732232.6021175928,-425.2887965191777,equity_%,-1.0895965171881208e-05,3393.116024056798,2.7313725095223363e-06,5.462745019044674e-08,"Method: equity_%, ATR: 732232.60, Risk: 3393.12"
2024-01-04 00:00:00,USDJPY,188237.02583004092,-428.5346624022466,equity_%,-4.208039753136105e-05,3394.46114778447,1.0624902253852004e-05,2.124980450770401e-07,"Method: equity_%, ATR: 188237.03, Risk: 3394.46"
2024-01-04 01:00:00,USDJPY,279379.3096607999,-410.69561145708064,equity_%,-2.9585811053289523e-05,3394.671712015976,7.158726257961766e-06,1.4317452515923535e-07,"Method: equity_%, ATR: 279379.31, Risk: 3394.67"
2024-01-04 02:00:00,USDJPY,825986.452533233,-378.3328934117707,equity_%,-1.0872882988944249e-05,3397.7524976090995,2.4213472192748e-06,4.8426944385496e-08,"Method: equity_%, ATR: 825986.45, Risk: 3397.75"
2024-01-04 03:00:00,USDJPY,239657.15026908525,-372.8143605874955,equity_%,-3.8048631276175694e-05,3399.5549241718772,8.345254868275013e-06,1.6690509736550028e-07,"Method: equity_%, ATR: 239657.15, Risk: 3399.55"
2024-01-04 04:00:00,USDJPY,536644.7606780514,-351.2325124871534,equity_%,-1.8025325568417902e-05,3397.5411195414013,3.7268601997958527e-06,7.453720399591705e-08,"Method: equity_%, ATR: 536644.76, Risk: 3397.54"
2024-01-04 05:00:00,USDJPY,2369834.5174980904,-222.4823454369144,equity_%,-6.448223579445184e-06,3399.802293050714,8.43940783726732e-07,1.687881567453464e-08,"Method: equity_%, ATR: 2369834.52, Risk: 3399.80"
2024-01-04 06:00:00,USDJPY,462598.4941189816,-218.78642751482988,equity_%,-3.353341517120021e-05,3393.926067280899,4.32340361117906e-06,8.64680722235812e-08,"Method: equity_%, ATR: 462598.49, Risk: 3393.93"
2024-01-04 07:00:00,USDJPY,260588.19851495628,-228.8211293549735,equity_%,-5.696422406836534e-05,3396.6676448799326,7.674944649825388e-06,1.5349889299650776e-07,"Method: equity_%, ATR: 260588.20, Risk: 3396.67"
2024-01-04 08:00:00,USDJPY,394810.99215640966,-244.68674449998298,equity_%,-3.513212566039822e-05,3393.9395743094233,5.065715088316672e-06,1.0131430176633344e-07,"Method: equity_%, ATR: 394810.99, Risk: 3393.94"
2024-01-04 09:00:00,USDJPY,1745185.5484924135,-152.3782473125878,equity_%,-1.276716775191342e-05,3395.151409050913,1.146009948184426e-06,2.2920198963688518e-08,"Method: equity_%, ATR: 1745185.55, Risk: 3395.15"
2024-01-04 10:00:00,USDJPY,505438.8848540526,-168.85230604558276,equity_%,-3.975729754695009e-05,3393.0675262413242,3.956957131577852e-06,7.913914263155703e-08,"Method: equity_%, ATR: 505438.88, Risk: 3393.07"
2024-01-04 11:00:00,USDJPY,1129041.5801778773,-112.24307744535881,equity_%,-2.6786503873645015e-05,3394.575995839924,1.7714139453437185e-06,3.5428278906874376e-08,"Method: equity_%, ATR: 1129041.58, Risk: 3394.58"
2024-01-04 12:00:00,USDJPY,937576.8012329178,-58.80639736301083,equity_%,-6.162653776312526e-05,3397.8108313977527,2.133158582176938e-06,4.266317164353876e-08,"Method: equity_%, ATR: 937576.80, Risk: 3397.81"
2024-01-04 13:00:00,USDJPY,350150.3027817958,-53.635017324570306,equity_%,-0.00018124397005114684,3403.8193126535016,5.711832844669411e-06,1.1423665689338822e-07,"Method: equity_%, ATR: 350150.30, Risk: 3403.82"
2024-01-04 14:00:00,USDJPY,2023049.8080567378,115.73197391093146,equity_%,1.4524720288456826e-05,3400.695239688467,9.886064060484608e-07,1.9772128120969213e-08,"Method: equity_%, ATR: 2023049.81, Risk: 3400.70"
2024-01-04 15:00:00,USDJPY,866390.4809840216,163.1476769437712,equity_%,2.409007026478492e-05,3405.1216585554807,2.308427947786843e-06,4.616855895573685e-08,"Method: equity_%, ATR: 866390.48, Risk: 3405.12"
2024-01-04 16:00:00,USDJPY,314980.46974316705,148.61601386651247,equity_%,7.27821407760492e-05,3407.015116671613,6.349600029585283e-06,1.269920005917057e-07,"Method: equity_%, ATR: 314980.47, Risk: 3407.02"
2024-01-04 17:00:00,USDJPY,756883.4402758977,171.77702465685928,equity_%,2.620588591390831e-05,3407.163115213139,2.642414794107484e-06,5.2848295882149665e-08,"Method: equity_%, ATR: 756883.44, Risk: 3407.16"
2024-01-04 18:00:00,USDJPY,810552.2521960145,221.03389707410298,equity_%,1.903857872577941e-05,3410.9426847283175,2.467453510346108e-06,4.934907020692216e-08,"Method: equity_%, ATR: 810552.25, Risk: 3410.94"
2024-01-04 19:00:00,USDJPY,391606.09607018356,213.26880260559483,equity_%,4.085060614193132e-05,3411.734910175062,5.107172794474478e-06,1.0214345588948955e-07,"Method: equity_%, ATR: 391606.10, Risk: 3411.73"
2024-01-04 20:00:00,USDJPY,929892.3417374081,176.2053588483516,equity_%,2.084434254557416e-05,3415.3875017242635,2.1507866128494033e-06,4.3015732256988076e-08,"Method: equity_%, ATR: 929892.34, Risk: 3415.39"
2024-01-04 21:00:00,USDJPY,431803.9366410059,173.7091604534313,equity_%,4.551377279300176e-05,3413.9106925848796,4.631731742785763e-06,9.263463485571526e-08,"Method: equity_%, ATR: 431803.94, Risk: 3413.91"
2024-01-04 22:00:00,USDJPY,413013.0953275517,178.32863456566756,equity_%,4.634645166796483e-05,3413.5117014879906,4.842461468234665e-06,9.684922936469331e-08,"Method: equity_%, ATR: 413013.10, Risk: 3413.51"
2024-01-04 23:00:00,USDJPY,774442.1082721004,173.71516670587786,equity_%,2.5405359804982065e-05,3417.842501646375,2.582504203525694e-06,5.1650084070513874e-08,"Method: equity_%, ATR: 774442.11, Risk: 3417.84"
2024-01-05 00:00:00,USDJPY,577278.5715764982,212.5999808002161,equity_%,2.789713250483809e-05,3423.798703217086,3.464531854245294e-06,6.92906370849059e-08,"Method: equity_%, ATR: 577278.57, Risk: 3423.80"
2024-01-05 01:00:00,USDJPY,887145.6267820437,189.53101093876114,equity_%,2.0370886531722114e-05,3425.193607519627,2.2544213031344464e-06,4.5088426062688925e-08,"Method: equity_%, ATR: 887145.63, Risk: 3425.19"
2024-01-05 02:00:00,USDJPY,824372.3417640603,224.49978864273265,equity_%,1.847033867030314e-05,3418.3317407435597,2.4260881869474585e-06,4.852176373894918e-08,"Method: equity_%, ATR: 824372.34, Risk: 3418.33"
2024-01-05 03:00:00,USDJPY,2109225.3884878447,83.82653963864291,equity_%,1.9338570568299283e-05,3419.2345928957343,9.482154021642272e-07,1.8964308043284544e-08,"Method: equity_%, ATR: 2109225.39, Risk: 3419.23"
2024-01-05 04:00:00,USDJPY,725612.2663940875,122.45592989487167,equity_%,3.849880891491079e-05,3420.8318712492014,2.756292985424504e-06,5.5125859708490086e-08,"Method: equity_%, ATR: 725612.27, Risk: 3420.83"
2024-01-05 05:00:00,USDJPY,227955.07779252162,136.00910282042895,equity_%,0.00011036115810884136,3421.633551119122,8.773658474150527e-06,1.7547316948301054e-07,"Method: equity_%, ATR: 227955.08, Risk: 3421.63"
2024-01-05 06:00:00,USDJPY,563832.1368406408,164.3344276936662,equity_%,3.695502122743939e-05,3424.142566804119,3.547155029521263e-06,7.094310059042526e-08,"Method: equity_%, ATR: 563832.14, Risk: 3424.14"
2024-01-05 07:00:00,USDJPY,766772.408030667,129.50924052734928,equity_%,3.448207491536441e-05,3424.2118370213266,2.608335901309597e-06,5.2166718026191936e-08,"Method: equity_%, ATR: 766772.41, Risk: 3424.21"
2024-01-05 08:00:00,USDJPY,648356.7785617032,92.92518454435525,equity_%,5.690131021843927e-05,3428.228449603361,3.084721354246878e-06,6.169442708493756e-08,"Method: equity_%, ATR: 648356.78, Risk: 3428.23"
2024-01-05 09:00:00,USDJPY,466523.9809271054,72.20310585925752,equity_%,0.00010171533807426533,3426.2283097851673,4.287025065732904e-06,8.574050131465808e-08,"Method: equity_%, ATR: 466523.98, Risk: 3426.23"
2024-01-05 10:00:00,USDJPY,2230631.441817137,225.1921997794144,equity_%,6.831170135028898e-06,3431.4388559072295,8.966071052825929e-07,1.7932142105651862e-08,"Method: equity_%, ATR: 2230631.44, Risk: 3431.44"
2024-01-05 11:00:00,USDJPY,278011.96067690797,224.33132511493775,equity_%,5.5047949230104665e-05,3433.1639741431713,7.1939350923261285e-06,1.4387870184652257e-07,"Method: equity_%, ATR: 278011.96, Risk: 3433.16"
2024-01-05 12:00:00,USDJPY,1217464.8092581013,258.9915007264253,equity_%,1.0884182957850251e-05,3431.92479492899,1.6427579547196603e-06,3.2855159094393206e-08,"Method: equity_%, ATR: 1217464.81, Risk: 3431.92"
2024-01-05 13:00:00,USDJPY,693519.3606871004,259.6703297656772,equity_%,1.905021131365837e-05,3430.683995452181,2.8838416248661188e-06,5.767683249732237e-08,"Method: equity_%, ATR: 693519.36, Risk: 3430.68"
2024-01-05 14:00:00,USDJPY,909628.9423287407,230.3111544904754,equity_%,1.6388801474695096e-05,3433.4160813935137,2.198698729703785e-06,4.3973974594075695e-08,"Method: equity_%, ATR: 909628.94, Risk: 3433.42"
2024-01-05 15:00:00,USDJPY,286402.82364015747,210.7416296652777,equity_%,5.6850979100018244e-05,3431.3544201642853,6.983171375827085e-06,1.396634275165417e-07,"Method: equity_%, ATR: 286402.82, Risk: 3431.35"
2024-01-05 16:00:00,USDJPY,572967.0972240166,200.75919783958784,equity_%,2.983068676297587e-05,3431.3766115509784,3.490601833316176e-06,6.981203666632351e-08,"Method: equity_%, ATR: 572967.10, Risk: 3431.38"
2024-01-05 17:00:00,USDJPY,314471.7648418904,200.15837580078846,equity_%,5.459099491908506e-05,3436.1841924203463,6.359871453023952e-06,1.2719742906047904e-07,"Method: equity_%, ATR: 314471.76, Risk: 3436.18"
2024-01-05 18:00:00,USDJPY,416717.07615224394,216.8229370586384,equity_%,3.8071406371994095e-05,3439.897012713777,4.799419352974433e-06,9.598838705948866e-08,"Method: equity_%, ATR: 416717.08, Risk: 3439.90"
2024-01-05 19:00:00,USDJPY,487634.4786963864,188.33542117588556,equity_%,3.753681358414107e-05,3447.337601738846,4.10143270702819e-06,8.20286541405638e-08,"Method: equity_%, ATR: 487634.48, Risk: 3447.34"
2024-01-05 20:00:00,USDJPY,402863.92675700143,157.50582784614667,equity_%,5.4360350563988525e-05,3449.3499541816464,4.964455408305533e-06,9.928910816611066e-08,"Method: equity_%, ATR: 402863.93, Risk: 3449.35"
2024-01-05 21:00:00,USDJPY,518893.3023546632,122.8899764872456,equity_%,5.408799268961492e-05,3449.017440174812,3.8543569379760495e-06,7.7087138759521e-08,"Method: equity_%, ATR: 518893.30, Risk: 3449.02"
2024-01-05 22:00:00,USDJPY,817585.1205001258,88.97235276347496,equity_%,4.7436814936909267e-05,3450.6711707097706,2.446228471937672e-06,4.8924569438753446e-08,"Method: equity_%, ATR: 817585.12, Risk: 3450.67"
2024-01-05 23:00:00,USDJPY,1804115.9509169224,-11.11852049015745,equity_%,-0.00017207747989558784,3451.7194056915446,1.108576197102809e-06,2.217152394205618e-08,"Method: equity_%, ATR: 1804115.95, Risk: 3451.72"
2024-01-06 00:00:00,USDJPY,792186.2498192412,-40.4444558746096,equity_%,-0.00010776713828157345,3452.8097343639347,2.5246588166057593e-06,5.049317633211518e-08,"Method: equity_%, ATR: 792186.25, Risk: 3452.81"
2024-01-06 01:00:00,USDJPY,449555.83616157353,-62.54612467307811,equity_%,-0.0001228480456732741,3454.2383232396473,4.448835581974707e-06,8.897671163949414e-08,"Method: equity_%, ATR: 449555.84, Risk: 3454.24"
2024-01-06 02:00:00,USDJPY,807706.3471060202,-118.5355336937177,equity_%,-3.606511796538697e-05,3452.943023113109,2.476147435470726e-06,4.9522948709414514e-08,"Method: equity_%, ATR: 807706.35, Risk: 3452.94"
2024-01-06 03:00:00,USDJPY,644620.5848464997,-143.009608648231,equity_%,-3.748133702698719e-05,3455.289676378021,3.1026002690811527e-06,6.205200538162305e-08,"Method: equity_%, ATR: 644620.58, Risk: 3455.29"
2024-01-06 04:00:00,USDJPY,956911.4329818259,-116.1782446290425,equity_%,-3.105597329618742e-05,3452.5636865747447,2.090057586382694e-06,4.180115172765388e-08,"Method: equity_%, ATR: 956911.43, Risk: 3452.56"
2024-01-06 05:00:00,USDJPY,597726.2970025599,-135.56329209687192,equity_%,-4.260056876673945e-05,3451.91320675102,3.3460130665648706e-06,6.692026133129742e-08,"Method: equity_%, ATR: 597726.30, Risk: 3451.91"
2024-01-06 06:00:00,USDJPY,614656.132398183,-160.7120766880525,equity_%,-3.495609906210386e-05,3453.056570461601,3.2538518605462665e-06,6.507703721092533e-08,"Method: equity_%, ATR: 614656.13, Risk: 3453.06"
2024-01-06 07:00:00,USDJPY,128537.09004386957,-166.6185015062778,equity_%,-0.0001609858091869015,3447.777910523634,1.5559711203337513e-05,3.1119422406675027e-07,"Method: equity_%, ATR: 128537.09, Risk: 3447.78"
2024-01-06 08:00:00,USDJPY,292838.28530171176,-142.9972167698581,equity_%,-8.24257900708988e-05,3451.584885132669,6.829708068872882e-06,1.3659416137745764e-07,"Method: equity_%, ATR: 292838.29, Risk: 3451.58"
2024-01-06 09:00:00,USDJPY,425857.9213385147,-150.32398961830287,equity_%,-5.3844191927263844e-05,3446.9254216031263,4.696402015286687e-06,9.392804030573373e-08,"Method: equity_%, ATR: 425857.92, Risk: 3446.93"
2024-01-06 10:00:00,USDJPY,375139.3004532935,-149.4014699368856,equity_%,-6.156392680955523e-05,3450.434184675821,5.331352906995702e-06,1.0662705813991402e-07,"Method: equity_%, ATR: 375139.30, Risk: 3450.43"
2024-01-06 11:00:00,USDJPY,218367.3589720388,-148.9522836830565,equity_%,-0.00010600818340210586,3448.0557568060362,9.158877999967446e-06,1.8317755999934892e-07,"Method: equity_%, ATR: 218367.36, Risk: 3448.06"
2024-01-06 12:00:00,USDJPY,360453.3966958274,-165.55800825034768,equity_%,-5.778443757274297e-05,3448.3410007339257,5.5485674939768215e-06,1.1097134987953642e-07,"Method: equity_%, ATR: 360453.40, Risk: 3448.34"
2024-01-06 13:00:00,USDJPY,1033571.9105361307,-121.6438584687574,equity_%,-2.745138162393255e-05,3451.398392674774,1.9350371073480193e-06,3.870074214696038e-08,"Method: equity_%, ATR: 1033571.91, Risk: 3451.40"
2024-01-06 14:00:00,USDJPY,519797.8219290411,-154.29635808380417,equity_%,-4.313425502871218e-05,3459.4928112332123,3.847649827730569e-06,7.695299655461138e-08,"Method: equity_%, ATR: 519797.82, Risk: 3459.49"
2024-01-06 15:00:00,USDJPY,637362.6826142162,-146.63139818527574,equity_%,-3.7036584151123925e-05,3461.342167166334,3.137930811695423e-06,6.275861623390845e-08,"Method: equity_%, ATR: 637362.68, Risk: 3461.34"
2024-01-06 16:00:00,USDJPY,1133969.2236411918,-252.73894005783455,equity_%,-1.2061815230328905e-05,3456.894288181735,1.7637162969714208e-06,3.5274325939428416e-08,"Method: equity_%, ATR: 1133969.22, Risk: 3456.89"
2024-01-06 17:00:00,USDJPY,641736.7734281006,-258.1933840207876,equity_%,-2.0889671327705634e-05,3461.2553735796428,3.1165426118814706e-06,6.23308522376294e-08,"Method: equity_%, ATR: 641736.77, Risk: 3461.26"
2024-01-06 18:00:00,USDJPY,630171.4058224945,-296.0995808432477,equity_%,-1.8554021550423673e-05,3462.0596183650655,3.1737396865692696e-06,6.347479373138539e-08,"Method: equity_%, ATR: 630171.41, Risk: 3462.06"
2024-01-06 19:00:00,USDJPY,945253.3948871042,-354.61811574083134,equity_%,-1.0333318122115845e-05,3463.7693383284422,2.115834770674237e-06,4.2316695413484745e-08,"Method: equity_%, ATR: 945253.39, Risk: 3463.77"
2024-01-06 20:00:00,USDJPY,667858.6269133228,-362.6742343972241,equity_%,-1.431348704321075e-05,3466.9429274181052,2.994645751966258e-06,5.989291503932516e-08,"Method: equity_%, ATR: 667858.63, Risk: 3466.94"
2024-01-06 21:00:00,USDJPY,882796.2805702902,-304.89976114955243,equity_%,-1.2861162597743833e-05,3461.766793547388,2.2655283489730965e-06,4.531056697946193e-08,"Method: equity_%, ATR: 882796.28, Risk: 3461.77"
2024-01-06 22:00:00,USDJPY,993870.8671838893,-260.1880075143325,equity_%,-1.3392793483508786e-05,3463.286404090594,2.0123338615075367e-06,4.024667723015073e-08,"Method: equity_%, ATR: 993870.87, Risk: 3463.29"
2024-01-06 23:00:00,USDJPY,281771.07367163105,-250.11918989818375,equity_%,-4.9144957003884914e-05,3463.557322420736,7.0979606740284145e-06,1.4195921348056828e-07,"Method: equity_%, ATR: 281771.07, Risk: 3463.56"
2024-01-07 00:00:00,USDJPY,1315008.7759315833,-304.21656944559396,equity_%,-8.670778310244999e-06,3468.7228271387526,1.5209023974635854e-06,3.041804794927171e-08,"Method: equity_%, ATR: 1315008.78, Risk: 3468.72"
2024-01-07 01:00:00,USDJPY,1851274.1859687981,-358.5104270475979,equity_%,-5.231879491675892e-06,3472.404168428769,1.0803369998665925e-06,2.1606739997331852e-08,"Method: equity_%, ATR: 1851274.19, Risk: 3472.40"
2024-01-07 02:00:00,USDJPY,424612.68772017036,-374.39213697274323,equity_%,-2.1821646369191216e-05,3469.023162660424,4.710174843663753e-06,9.420349687327507e-08,"Method: equity_%, ATR: 424612.69, Risk: 3469.02"
2024-01-07 03:00:00,USDJPY,354771.7215301964,-370.4926835384086,equity_%,-2.6432611021778103e-05,3474.3110402174716,5.637427896940682e-06,1.1274855793881363e-07,"Method: equity_%, ATR: 354771.72, Risk: 3474.31"
2024-01-07 04:00:00,USDJPY,378683.17529986426,-381.8156241308035,equity_%,-2.4048883632744114e-05,3477.159615481952,5.2814598863978545e-06,1.056291977279571e-07,"Method: equity_%, ATR: 378683.18, Risk: 3477.16"
2024-01-07 05:00:00,USDJPY,2138721.636351982,-408.32750367972733,equity_%,-3.978040076097244e-06,3474.0178906895926,9.35138059112452e-07,1.870276118224904e-08,"Method: equity_%, ATR: 2138721.64, Risk: 3474.02"
2024-01-07 06:00:00,USDJPY,858647.4344354264,-328.87939762126734,equity_%,-1.2308039558620116e-05,3475.6851500000707,2.3292447165058266e-06,4.658489433011653e-08,"Method: equity_%, ATR: 858647.43, Risk: 3475.69"
2024-01-07 07:00:00,USDJPY,772410.4481451627,-362.79398983559037,equity_%,-1.241958727717319e-05,3480.289628341638,2.589296927304291e-06,5.178593854608582e-08,"Method: equity_%, ATR: 772410.45, Risk: 3480.29"
2024-01-07 08:00:00,USDJPY,487043.5373918707,-333.9701322328509,equity_%,-2.1383194263388672e-05,3478.1474967239183,4.106409071168557e-06,8.212818142337114e-08,"Method: equity_%, ATR: 487043.54, Risk: 3478.15"
2024-01-07 09:00:00,USDJPY,229256.49146039347,-353.30318807399874,equity_%,-4.3011199272017505e-05,3483.7802287314544,8.72385330186178e-06,1.7447706603723558e-07,"Method: equity_%, ATR: 229256.49, Risk: 3483.78"
2024-01-07 10:00:00,USDJPY,1075933.7584439467,-284.81373098233604,equity_%,-1.1358616042756799e-05,3480.742342409071,1.8588504954919065e-06,3.717700990983813e-08,"Method: equity_%, ATR: 1075933.76, Risk: 3480.74"
2024-01-07 11:00:00,USDJPY,679473.1159725856,-297.57378046281303,equity_%,-1.7210596087478652e-05,3479.8686608791304,2.9434571478773452e-06,5.88691429575469e-08,"Method: equity_%, ATR: 679473.12, Risk: 3479.87"
2024-01-07 12:00:00,USDJPY,1811604.5522154926,-320.4075977287539,equity_%,-5.992813999653081e-06,3478.5400483729613,1.1039936930794915e-06,2.2079873861589826e-08,"Method: equity_%, ATR: 1811604.55, Risk: 3478.54"
2024-01-07 13:00:00,USDJPY,2276336.5116000976,-133.08244345362303,equity_%,-1.1501175020050872e-05,3484.1708495677276,8.786047185062927e-07,1.7572094370125853e-08,"Method: equity_%, ATR: 2276336.51, Risk: 3484.17"
2024-01-07 14:00:00,USDJPY,596344.3946418915,-136.29904507426232,equity_%,-4.2865988958870387e-05,3484.19780115808,3.35376674614509e-06,6.70753349229018e-08,"Method: equity_%, ATR: 596344.39, Risk: 3484.20"
2024-01-07 15:00:00,USDJPY,1544534.172702147,-211.7153413276754,equity_%,-1.0648906818043062e-05,3482.209350150097,1.2948887990616742e-06,2.5897775981233488e-08,"Method: equity_%, ATR: 1544534.17, Risk: 3482.21"
2024-01-07 16:00:00,USDJPY,514393.0361960517,-221.3582303775623,equity_%,-3.060677939873542e-05,3485.0449827868392,3.888077519069943e-06,7.776155038139886e-08,"Method: equity_%, ATR: 514393.04, Risk: 3485.04"
2024-01-07 17:00:00,USDJPY,222454.74655521577,-210.0496417203276,equity_%,-7.465839627172278e-05,3488.5285257586174,8.990592608027708e-06,1.7981185216055416e-07,"Method: equity_%, ATR: 222454.75, Risk: 3488.53"
2024-01-07 18:00:00,USDJPY,1014565.6473227084,-264.51936576376914,equity_%,-1.301189293484677e-05,3492.0311340429994,1.971286929808544e-06,3.9425738596170886e-08,"Method: equity_%, ATR: 1014565.65, Risk: 3492.03"
2024-01-07 19:00:00,USDJPY,450049.3772656904,-252.63162711872323,equity_%,-3.071959800086552e-05,3492.7171165473214,4.443956821251823e-06,8.887913642503646e-08,"Method: equity_%, ATR: 450049.38, Risk: 3492.72"
2024-01-07 20:00:00,USDJPY,266630.4299083245,-236.19111338980912,equity_%,-5.5497256954703846e-05,3494.9807194504324,7.501019297338492e-06,1.5002038594676984e-07,"Method: equity_%, ATR: 266630.43, Risk: 3494.98"
2024-01-07 21:00:00,USDJPY,436516.41118635953,-240.67201743378084,equity_%,-3.3263090793198646e-05,3494.530020191745,4.581729228837976e-06,9.163458457675952e-08,"Method: equity_%, ATR: 436516.41, Risk: 3494.53"
2024-01-07 22:00:00,USDJPY,763440.7207315047,-187.79378103046247,equity_%,-2.4419813070933804e-05,3501.0544252255518,2.6197187884917425e-06,5.239437576983485e-08,"Method: equity_%, ATR: 763440.72, Risk: 3501.05"
2024-01-07 23:00:00,USDJPY,886127.034386719,-213.78395583058276,equity_%,-1.8507135774462116e-05,3505.9870407015255,2.2570127333765223e-06,4.514025466753044e-08,"Method: equity_%, ATR: 886127.03, Risk: 3505.99"
2024-01-08 00:00:00,USDJPY,776605.3611665359,-265.9580987957732,equity_%,-1.699748073588998e-05,3510.735911188647,2.5753105760122587e-06,5.1506211520245184e-08,"Method: equity_%, ATR: 776605.36, Risk: 3510.74"
2024-01-08 01:00:00,USDJPY,809234.25218506,-291.18513466554515,equity_%,-1.4915393114071974e-05,3514.618258992368,2.4714722524407304e-06,4.94294450488146e-08,"Method: equity_%, ATR: 809234.25, Risk: 3514.62"
2024-01-08 02:00:00,USDJPY,641568.8172037875,-256.59162281225343,equity_%,-2.136831587807555e-05,3517.677458910353,3.1173584912009856e-06,6.234716982401972e-08,"Method: equity_%, ATR: 641568.82, Risk: 3517.68"
2024-01-08 03:00:00,USDJPY,931308.6913696793,-204.29615398427845,equity_%,-1.8476784060949088e-05,3515.444371457904,2.147515661062491e-06,4.295031322124982e-08,"Method: equity_%, ATR: 931308.69, Risk: 3515.44"
2024-01-08 04:00:00,USDJPY,1084599.1221514768,-138.9050029088363,equity_%,-2.3356776836209703e-05,3518.8442751666707,1.8439992796902493e-06,3.687998559380499e-08,"Method: equity_%, ATR: 1084599.12, Risk: 3518.84"
2024-01-08 05:00:00,USDJPY,557952.976177815,-103.03168128126059,equity_%,-6.12433643353584e-05,3520.6870708568604,3.584531466613446e-06,7.169062933226892e-08,"Method: equity_%, ATR: 557952.98, Risk: 3520.69"
2024-01-08 06:00:00,USDJPY,1952320.7846409273,-152.1000970109057,equity_%,-1.1874048712207775e-05,3525.9771631117133,1.0244218141476385e-06,2.048843628295277e-08,"Method: equity_%, ATR: 1952320.78, Risk: 3525.98"
2024-01-08 07:00:00,USDJPY,780799.1354758985,-136.7808261574036,equity_%,-3.3052003085956154e-05,3529.8994206588604,2.561478245978072e-06,5.122956491956144e-08,"Method: equity_%, ATR: 780799.14, Risk: 3529.90"
2024-01-08 08:00:00,USDJPY,891082.645104141,-161.76731774039695,equity_%,-2.4509874238182832e-05,3533.0505620693193,2.2444607253755456e-06,4.4889214507510915e-08,"Method: equity_%, ATR: 891082.65, Risk: 3533.05"
2024-01-08 09:00:00,USDJPY,794630.1335244749,-220.43973885955867,equity_%,-2.014920930976798e-05,3529.497887676729,2.5168942324516056e-06,5.033788464903212e-08,"Method: equity_%, ATR: 794630.13, Risk: 3529.50"
2024-01-08 10:00:00,USDJPY,295415.91064750805,-201.4984461019807,equity_%,-5.931424863346592e-05,3530.7308860669036,6.770116056431406e-06,1.3540232112862816e-07,"Method: equity_%, ATR: 295415.91, Risk: 3530.73"
2024-01-08 11:00:00,USDJPY,820883.8989809862,-152.8465847324012,equity_%,-2.8138813219162224e-05,3530.5572092871926,2.4363981343558126e-06,4.872796268711624e-08,"Method: equity_%, ATR: 820883.90, Risk: 3530.56"
2024-01-08 12:00:00,USDJPY,170096.7220979325,-166.1226324426973,equity_%,-0.00012502476920979767,3532.8143070597416,1.1758016117726877e-05,2.351603223545375e-07,"Method: equity_%, ATR: 170096.72, Risk: 3532.81"
2024-01-08 13:00:00,USDJPY,1003390.7633245843,-187.1247214401794,equity_%,-1.8817013178575852e-05,3533.0676622454134,1.993241390197076e-06,3.9864827803941524e-08,"Method: equity_%, ATR: 1003390.76, Risk: 3533.07"
2024-01-08 14:00:00,USDJPY,400400.97098829394,-193.3238284968039,equity_%,-4.565139592273988e-05,3533.739824917134,4.99499288191904e-06,9.989985763838078e-08,"Method: equity_%, ATR: 400400.97, Risk: 3533.74"
2024-01-08 15:00:00,USDJPY,448120.3053314053,-192.5029414789163,equity_%,-4.0997372883972554e-05,3536.616926631854,4.463087202712025e-06,8.926174405424049e-08,"Method: equity_%, ATR: 448120.31, Risk: 3536.62"
2024-01-08 16:00:00,USDJPY,342506.74603287934,-164.89008073818198,equity_%,-6.262523379404783e-05,3536.820512291147,5.839301044914332e-06,1.1678602089828665e-07,"Method: equity_%, ATR: 342506.75, Risk: 3536.82"
2024-01-08 17:00:00,USDJPY,1990284.8094743257,-45.827610366162375,equity_%,-3.879712106533113e-05,3538.6852869098693,1.0048813066750182e-06,2.0097626133500365e-08,"Method: equity_%, ATR: 1990284.81, Risk: 3538.69"
2024-01-08 18:00:00,USDJPY,909698.9778100445,-96.42799300955471,equity_%,-4.0305620699978e-05,3535.6270512372466,2.198529457309804e-06,4.3970589146196075e-08,"Method: equity_%, ATR: 909698.98, Risk: 3535.63"
2024-01-08 19:00:00,USDJPY,512629.27418508567,-92.85382304041372,equity_%,-7.425757242797368e-05,3534.6298468069663,3.901454912381567e-06,7.802909824763134e-08,"Method: equity_%, ATR: 512629.27, Risk: 3534.63"
2024-01-08 20:00:00,USDJPY,1477373.417870039,-10.248746758597449,equity_%,-0.00023367314978663852,3538.097977508575,1.3537538822672491e-06,2.7075077645344983e-08,"Method: equity_%, ATR: 1477373.42, Risk: 3538.10"
2024-01-08 21:00:00,USDJPY,900000.3776956783,39.28718239686491,equity_%,0.00010000168280939772,3535.9074011584853,2.2222212896406916e-06,4.4444425792813836e-08,"Method: equity_%, ATR: 900000.38, Risk: 3535.91"
2024-01-08 22:00:00,USDJPY,327797.3149374178,47.14094870793712,equity_%,0.00022916059861869287,3541.1445763912943,6.101331246053173e-06,1.2202662492106347e-07,"Method: equity_%, ATR: 327797.31, Risk: 3541.14"
2024-01-08 23:00:00,USDJPY,176864.55607307152,54.924459494877816,equity_%,0.00036498850867925335,3545.567774457198,1.1308088202667928e-05,2.2616176405335855e-07,"Method: equity_%, ATR: 176864.56, Risk: 3545.57"
2024-01-09 00:00:00,USDJPY,2390543.8482438177,18.653247367658693,equity_%,7.952794995897749e-05,3546.263084651179,8.36629707281577e-07,1.673259414563154e-08,"Method: equity_%, ATR: 2390543.85, Risk: 3546.26"
2024-01-09 01:00:00,USDJPY,1117418.8517273962,-33.23118402068136,equity_%,-9.578393280010396e-05,3556.759286967686,1.7898391430467086e-06,3.579678286093417e-08,"Method: equity_%, ATR: 1117418.85, Risk: 3556.76"
2024-01-09 02:00:00,USDJPY,409145.9368291228,2.2268714662464717,equity_%,0.003909481224649215,3561.988597701231,4.88823136189493e-06,9.776462723789861e-08,"Method: equity_%, ATR: 409145.94, Risk: 3561.99"
2024-01-09 03:00:00,USDJPY,979669.8845407414,60.640973510576316,equity_%,5.993523829963629e-05,3560.640759181114,2.041504012280196e-06,4.083008024560393e-08,"Method: equity_%, ATR: 979669.88, Risk: 3560.64"
2024-01-09 04:00:00,USDJPY,762920.9643932895,98.09167484418833,equity_%,4.762908206642222e-05,3564.379281342214,2.6215035283379495e-06,5.243007056675899e-08,"Method: equity_%, ATR: 762920.96, Risk: 3564.38"
2024-01-09 05:00:00,USDJPY,441774.01240621007,86.50040279613071,equity_%,9.331950063004797e-05,3566.0768705411733,4.5272015642264735e-06,9.054403128452947e-08,"Method: equity_%, ATR: 441774.01, Risk: 3566.08"
2024-01-09 06:00:00,USDJPY,809843.0154003038,88.78672803174996,equity_%,4.958390172967568e-05,3565.246734268595,2.4696144338682776e-06,4.939228867736556e-08,"Method: equity_%, ATR: 809843.02, Risk: 3565.25"
2024-01-09 07:00:00,USDJPY,146186.56053666712,92.01090389184672,equity_%,0.0002649320670461841,3563.5370068390966,1.3681148203075422e-05,2.7362296406150845e-07,"Method: equity_%, ATR: 146186.56, Risk: 3563.54"
2024-01-09 08:00:00,USDJPY,971718.5793551775,60.12556125119403,equity_%,6.106998811158563e-05,3568.021686843762,2.058209076672363e-06,4.116418153344726e-08,"Method: equity_%, ATR: 971718.58, Risk: 3568.02"
2024-01-09 09:00:00,USDJPY,904470.2331123429,117.72362939099236,equity_%,3.3506865112031614e-05,3567.727850449889,2.211239161644785e-06,4.42247832328957e-08,"Method: equity_%, ATR: 904470.23, Risk: 3567.73"
2024-01-09 10:00:00,USDJPY,955004.2983017658,177.56068649064605,equity_%,2.1046745116729918e-05,3568.922221384778,2.094231411896779e-06,4.1884628237935586e-08,"Method: equity_%, ATR: 955004.30, Risk: 3568.92"
2024-01-09 11:00:00,USDJPY,885338.3676026356,225.46302974085657,equity_%,1.7873052486469824e-05,3567.6591436000986,2.25902329909829e-06,4.5180465981965796e-08,"Method: equity_%, ATR: 885338.37, Risk: 3567.66"
2024-01-09 12:00:00,USDJPY,980636.8393305638,295.57450534663155,equity_%,1.2306017951156792e-05,3566.914669788203,2.0394909917572637e-06,4.078981983514527e-08,"Method: equity_%, ATR: 980636.84, Risk: 3566.91"
2024-01-09 13:00:00,USDJPY,856530.1140014583,341.96903672933394,equity_%,1.2181465742688854e-05,3568.0338821879886,2.3350025495969832e-06,4.670005099193967e-08,"Method: equity_%, ATR: 856530.11, Risk: 3568.03"
2024-01-09 14:00:00,USDJPY,2319792.3212849675,380.7016813651836,equity_%,4.043144574209049e-06,3570.698429066161,8.621461419840248e-07,1.7242922839680495e-08,"Method: equity_%, ATR: 2319792.32, Risk: 3570.70"
2024-01-09 15:00:00,USDJPY,303773.7328169294,357.7791675649559,equity_%,3.279632877407792e-05,3564.433351575507,6.583847725916805e-06,1.3167695451833608e-07,"Method: equity_%, ATR: 303773.73, Risk: 3564.43"
2024-01-09 16:00:00,USDJPY,908732.2492889882,396.5087263791045,equity_%,9.896707012317083e-06,3565.9841109730073,2.2008682992871038e-06,4.4017365985742074e-08,"Method: equity_%, ATR: 908732.25, Risk: 3565.98"
2024-01-09 17:00:00,USDJPY,2315776.1552988235,280.7319254779567,equity_%,5.484045991944411e-06,3565.2457479352524,8.636413305421239e-07,1.7272826610842478e-08,"Method: equity_%, ATR: 2315776.16, Risk: 3565.25"
2024-01-09 18:00:00,USDJPY,222085.61239772735,275.64421160910814,equity_%,5.8333067274538545e-05,3570.952835895603,9.00553610117819e-06,1.8011072202356378e-07,"Method: equity_%, ATR: 222085.61, Risk: 3570.95"
2024-01-09 19:00:00,USDJPY,794619.6591542684,319.48430488671727,equity_%,1.4106834681988815e-05,3581.2810938336193,2.516927409181702e-06,5.033854818363403e-08,"Method: equity_%, ATR: 794619.66, Risk: 3581.28"
2024-01-09 20:00:00,USDJPY,445757.00948560325,299.3789517675987,equity_%,2.6839236500364826e-05,3581.703256728758,4.486749411541433e-06,8.973498823082868e-08,"Method: equity_%, ATR: 445757.01, Risk: 3581.70"
2024-01-09 21:00:00,USDJPY,353860.9393635983,295.29540479537496,equity_%,3.424171122174445e-05,3578.0365710466185,5.6519377459317854e-06,1.1303875491863572e-07,"Method: equity_%, ATR: 353860.94, Risk: 3578.04"
2024-01-09 22:00:00,USDJPY,502635.3654632723,265.43365351683855,equity_%,2.6832449183303644e-05,3579.8872019563746,3.979027616086318e-06,7.958055232172637e-08,"Method: equity_%, ATR: 502635.37, Risk: 3579.89"
2024-01-09 23:00:00,USDJPY,822547.1295678844,217.8760201249155,equity_%,1.9980498181558172e-05,3580.770913967895,2.431471617985801e-06,4.862943235971601e-08,"Method: equity_%, ATR: 822547.13, Risk: 3580.77"
2024-01-10 00:00:00,USDJPY,652168.3768787483,178.89282773163035,equity_%,3.0755455033475675e-05,3588.184965914899,3.0666926991644706e-06,6.133385398328941e-08,"Method: equity_%, ATR: 652168.38, Risk: 3588.18"
2024-01-10 01:00:00,USDJPY,1670459.938547054,222.60771635276268,equity_%,9.666839948788774e-06,3594.6847339450255,1.197275046140631e-06,2.3945500922812622e-08,"Method: equity_%, ATR: 1670459.94, Risk: 3594.68"
2024-01-10 02:00:00,USDJPY,579703.5141119809,179.12842060126346,equity_%,3.465652166418808e-05,3598.780858856815,3.4500394620924475e-06,6.900078924184895e-08,"Method: equity_%, ATR: 579703.51, Risk: 3598.78"
2024-01-10 03:00:00,USDJPY,1005625.4447717341,144.15576474804138,equity_%,2.4823084553046123e-05,3598.520776613177,1.988812047664504e-06,3.9776240953290076e-08,"Method: equity_%, ATR: 1005625.44, Risk: 3598.52"
2024-01-10 04:00:00,USDJPY,657466.933631876,188.99154143490796,equity_%,2.8989047492680093e-05,3602.05407631172,3.04197807934144e-06,6.08395615868288e-08,"Method: equity_%, ATR: 657466.93, Risk: 3602.05"
2024-01-10 05:00:00,USDJPY,1090694.0447416096,129.24659961160071,equity_%,2.5568472282048627e-05,3604.3490953889245,1.8336948016194672e-06,3.6673896032389343e-08,"Method: equity_%, ATR: 1090694.04, Risk: 3604.35"
2024-01-10 06:00:00,USDJPY,696714.6410811238,164.3419402906529,equity_%,3.1498609886228145e-05,3606.5730649988227,2.8706157185049377e-06,5.7412314370098744e-08,"Method: equity_%, ATR: 696714.64, Risk: 3606.57"
2024-01-10 07:00:00,USDJPY,1012655.2506492094,108.44433051636686,equity_%,3.281283899634323e-05,3603.398375453119,1.975005806485285e-06,3.95001161297057e-08,"Method: equity_%, ATR: 1012655.25, Risk: 3603.40"
2024-01-10 08:00:00,USDJPY,627746.6347235464,89.77276181595191,equity_%,6.402471171933559e-05,3608.0837614684797,3.1859987602813363e-06,6.371997520562673e-08,"Method: equity_%, ATR: 627746.63, Risk: 3608.08"
2024-01-10 09:00:00,USDJPY,542265.201960368,46.08652341763363,equity_%,0.00014444760721591,3609.9071864534135,3.688232239077315e-06,7.37646447815463e-08,"Method: equity_%, ATR: 542265.20, Risk: 3609.91"
2024-01-10 10:00:00,USDJPY,1227546.3162135447,35.4220250512173,equity_%,8.304792823947726e-05,3611.10466241078,1.6292664265159006e-06,3.258532853031801e-08,"Method: equity_%, ATR: 1227546.32, Risk: 3611.10"
2024-01-10 11:00:00,USDJPY,422776.5995245687,55.01865746244482,equity_%,0.0001552326273309671,3610.8041929257533,4.730630792359582e-06,9.461261584719164e-08,"Method: equity_%, ATR: 422776.60, Risk: 3610.80"
2024-01-10 12:00:00,USDJPY,989254.4401258351,56.866894041332685,equity_%,6.416976709017072e-05,3609.923343426793,2.0217245623336255e-06,4.043449124667251e-08,"Method: equity_%, ATR: 989254.44, Risk: 3609.92"
2024-01-10 13:00:00,USDJPY,1110491.0387586206,-34.974519558802044,equity_%,-9.300922522647525e-05,3612.3751191706297,1.801005078110068e-06,3.602010156220136e-08,"Method: equity_%, ATR: 1110491.04, Risk: 3612.38"
2024-01-10 14:00:00,USDJPY,1363488.1259957082,-135.93564943042662,equity_%,-1.9469614096454128e-05,3608.6276307650555,1.4668261218186034e-06,2.9336522436372064e-08,"Method: equity_%, ATR: 1363488.13, Risk: 3608.63"
2024-01-10 15:00:00,USDJPY,726701.7914227344,-103.25954880464121,equity_%,-4.814164613921131e-05,3612.496127044006,2.7521605472919043e-06,5.504321094583809e-08,"Method: equity_%, ATR: 726701.79, Risk: 3612.50"
2024-01-10 16:00:00,USDJPY,818600.7614981079,-134.3994946153629,equity_%,-3.281993529206505e-05,3610.8338107330183,2.443193427208439e-06,4.886386854416878e-08,"Method: equity_%, ATR: 818600.76, Risk: 3610.83"
2024-01-10 17:00:00,USDJPY,482891.68456360017,-111.63211360727591,equity_%,-6.689687775177661e-05,3606.1577686744026,4.141715552230816e-06,8.283431104461632e-08,"Method: equity_%, ATR: 482891.68, Risk: 3606.16"
2024-01-10 18:00:00,USDJPY,315891.7278424339,-138.29101891418182,equity_%,-8.270858124915443e-05,3613.1234546221804,6.331283233214627e-06,1.2662566466429253e-07,"Method: equity_%, ATR: 315891.73, Risk: 3613.12"
2024-01-10 19:00:00,USDJPY,924790.5109348401,-170.7615719607719,equity_%,-2.2872842920623062e-05,3612.049193474144,2.1626519480376873e-06,4.325303896075375e-08,"Method: equity_%, ATR: 924790.51, Risk: 3612.05"
2024-01-10 20:00:00,USDJPY,762588.7168989206,-139.9522132768722,equity_%,-3.383789737314035e-05,3611.382715989579,2.6226456747655966e-06,5.2452913495311934e-08,"Method: equity_%, ATR: 762588.72, Risk: 3611.38"
2024-01-10 21:00:00,USDJPY,949434.7051726702,-126.67825630655864,equity_%,-3.0067383046340833e-05,3616.2863309826034,2.106516634691869e-06,4.213033269383738e-08,"Method: equity_%, ATR: 949434.71, Risk: 3616.29"
2024-01-10 22:00:00,USDJPY,417761.82907696994,-114.78823763822,equity_%,-7.555863399837954e-05,3623.3496236841534,4.787416802580862e-06,9.574833605161724e-08,"Method: equity_%, ATR: 417761.83, Risk: 3623.35"
2024-01-10 23:00:00,USDJPY,725199.8929448604,-94.80278987648916,equity_%,-5.265744552151967e-05,3620.250618948343,2.757860307836625e-06,5.51572061567325e-08,"Method: equity_%, ATR: 725199.89, Risk: 3620.25"
2024-01-11 00:00:00,USDJPY,811651.643408126,-103.2070221645745,equity_%,-4.3201170748542484e-05,3618.882114767591,2.4641113170201917e-06,4.928222634040384e-08,"Method: equity_%, ATR: 811651.64, Risk: 3618.88"
2024-01-11 01:00:00,USDJPY,299483.34254949086,-87.82358469728864,equity_%,-0.0001375475342674532,3617.7340783011086,6.678167750413337e-06,1.335633550082667e-07,"Method: equity_%, ATR: 299483.34, Risk: 3617.73"
2024-01-11 02:00:00,USDJPY,1326936.3653032503,-121.67821521731406,equity_%,-2.2433143433184926e-05,3622.0384832891955,1.5072312827472566e-06,3.014462565494514e-08,"Method: equity_%, ATR: 1326936.37, Risk: 3622.04"
2024-01-11 03:00:00,USDJPY,634613.9810077213,-114.80359506150222,equity_%,-4.980313973150404e-05,3628.455879672984,3.1515221218797355e-06,6.303044243759471e-08,"Method: equity_%, ATR: 634613.98, Risk: 3628.46"
2024-01-11 04:00:00,USDJPY,891934.8166086499,-49.52842127510246,equity_%,-8.209672663005956e-05,3626.71512198825,2.242316324868312e-06,4.4846326497366254e-08,"Method: equity_%, ATR: 891934.82, Risk: 3626.72"
2024-01-11 05:00:00,USDJPY,596168.8581426537,-65.57374179995834,equity_%,-9.291835474305844e-05,3632.459358002154,3.354754232267248e-06,6.709508464534496e-08,"Method: equity_%, ATR: 596168.86, Risk: 3632.46"
2024-01-11 06:00:00,USDJPY,643945.2710602933,-34.616367855421295,equity_%,-0.0001629278497502824,3631.832255667568,3.105854006361261e-06,6.211708012722522e-08,"Method: equity_%, ATR: 643945.27, Risk: 3631.83"
2024-01-11 07:00:00,USDJPY,2221806.5957831927,-152.91062701993292,equity_%,-1.0697485531251176e-05,3634.3406243764043,9.001683601965339e-07,1.800336720393068e-08,"Method: equity_%, ATR: 2221806.60, Risk: 3634.34"
2024-01-11 08:00:00,USDJPY,734102.8382784455,-183.21402546535774,equity_%,-2.70043271177122e-05,3632.026263278121,2.7244139318276265e-06,5.4488278636552526e-08,"Method: equity_%, ATR: 734102.84, Risk: 3632.03"
2024-01-11 09:00:00,USDJPY,928961.7042270073,-98.9907532854246,equity_%,-3.9508645480921136e-05,3633.160472037375,2.1529412793869773e-06,4.305882558773954e-08,"Method: equity_%, ATR: 928961.70, Risk: 3633.16"
2024-01-11 10:00:00,USDJPY,1111904.9768058744,-129.68872184107818,equity_%,-2.5203109853005736e-05,3634.3271338951563,1.7987148557831995e-06,3.597429711566399e-08,"Method: equity_%, ATR: 1111904.98, Risk: 3634.33"
2024-01-11 11:00:00,USDJPY,493650.8521406961,-117.36776036687404,equity_%,-6.273668511278809e-05,3634.881658976211,4.051446465304546e-06,8.102892930609092e-08,"Method: equity_%, ATR: 493650.85, Risk: 3634.88"
2024-01-11 12:00:00,USDJPY,1005837.7577273084,-65.18476933812681,equity_%,-5.547959741287389e-05,3637.53657192017,1.9883922477905403e-06,3.976784495581081e-08,"Method: equity_%, ATR: 1005837.76, Risk: 3637.54"
2024-01-11 13:00:00,USDJPY,999899.8268313346,-36.006087664042354,equity_%,-0.00010099347035248232,3636.0154793256124,2.000200366408669e-06,4.000400732817338e-08,"Method: equity_%, ATR: 999899.83, Risk: 3636.02"
2024-01-11 14:00:00,USDJPY,197348.15738221997,-45.044641537331536,equity_%,-0.0004088951809461694,3634.864309431052,1.0134373822028852e-05,2.0268747644057701e-07,"Method: equity_%, ATR: 197348.16, Risk: 3634.86"
2024-01-11 15:00:00,USDJPY,1207677.2995295853,-65.68199703943237,equity_%,-4.5859254745766436e-05,3637.6779258659,1.6560715356486706e-06,3.3121430712973414e-08,"Method: equity_%, ATR: 1207677.30, Risk: 3637.68"
2024-01-11 16:00:00,USDJPY,455856.7586207248,-103.31486495158947,equity_%,-7.735569340583208e-05,3643.2040318588274,4.387343090078019e-06,8.774686180156038e-08,"Method: equity_%, ATR: 455856.76, Risk: 3643.20"
2024-01-11 17:00:00,USDJPY,880522.1926745778,-68.77171475088588,equity_%,-6.018717402109082e-05,3644.635590776684,2.2713794344297207e-06,4.542758868859442e-08,"Method: equity_%, ATR: 880522.19, Risk: 3644.64"
2024-01-11 18:00:00,USDJPY,1219487.5573658464,-102.95825102612416,equity_%,-2.9051878935602932e-05,3647.64660309707,1.6400331335238052e-06,3.2800662670476105e-08,"Method: equity_%, ATR: 1219487.56, Risk: 3647.65"
2024-01-11 19:00:00,USDJPY,1000144.8253360492,-64.29446478773599,equity_%,-5.678392554484548e-05,3651.420843127962,1.999710391270583e-06,3.999420782541166e-08,"Method: equity_%, ATR: 1000144.83, Risk: 3651.42"
2024-01-11 20:00:00,USDJPY,917547.5828615993,-97.75096306871671,equity_%,-4.075554785261049e-05,3655.412358693862,2.1797234686865012e-06,4.359446937373002e-08,"Method: equity_%, ATR: 917547.58, Risk: 3655.41"
2024-01-11 21:00:00,USDJPY,837030.5153330857,-48.37384494075375,equity_%,-9.024492709385406e-05,3654.051784516352,2.3893991477767393e-06,4.778798295553479e-08,"Method: equity_%, ATR: 837030.52, Risk: 3654.05"
2024-01-11 22:00:00,USDJPY,965014.485085677,-92.10609690935408,equity_%,-4.110112458264142e-05,3653.2207538257376,2.0725077508265936e-06,4.145015501653187e-08,"Method: equity_%, ATR: 965014.49, Risk: 3653.22"
2024-01-11 23:00:00,USDJPY,1067200.4869041843,-41.9313977145463,equity_%,-8.162492005104245e-05,3652.6505300439067,1.8740621134851155e-06,3.748124226970232e-08,"Method: equity_%, ATR: 1067200.49, Risk: 3652.65"
2024-01-12 00:00:00,USDJPY,1125565.5943273713,36.60067014480358,equity_%,8.884105264662981e-05,3659.936431446589,1.7768844482095096e-06,3.5537688964190194e-08,"Method: equity_%, ATR: 1125565.59, Risk: 3659.94"
2024-01-12 01:00:00,USDJPY,1052389.754766402,119.48488579002824,equity_%,2.9130149375859054e-05,3662.961010264105,1.9004365929464397e-06,3.8008731858928794e-08,"Method: equity_%, ATR: 1052389.75, Risk: 3662.96"
2024-01-12 02:00:00,USDJPY,287703.89464667276,102.4497504953085,equity_%,0.00012437072266333738,3665.8509574252603,6.9515916788550494e-06,1.39031833577101e-07,"Method: equity_%, ATR: 287703.89, Risk: 3665.85"
2024-01-12 03:00:00,USDJPY,603516.8474354962,94.15860558442759,equity_%,6.455548495571047e-05,3668.449664684811,3.3139091452020485e-06,6.627818290404097e-08,"Method: equity_%, ATR: 603516.85, Risk: 3668.45"
2024-01-12 04:00:00,USDJPY,2273077.371202363,14.411844219571321,equity_%,0.00011190698023637404,3665.9872844739525,8.798644627490543e-07,1.7597289254981082e-08,"Method: equity_%, ATR: 2273077.37, Risk: 3665.99"
2024-01-12 05:00:00,USDJPY,531086.6201557197,14.842704752822621,equity_%,0.0004659917300498889,3673.3018558862836,3.7658640306426494e-06,7.531728061285299e-08,"Method: equity_%, ATR: 531086.62, Risk: 3673.30"
2024-01-12 06:00:00,USDJPY,275753.6550472732,3.7037326831526958,equity_%,0.0035995057851534655,3676.2394184786444,7.252850373486925e-06,1.4505700746973853e-07,"Method: equity_%, ATR: 275753.66, Risk: 3676.24"
2024-01-12 07:00:00,USDJPY,1380547.5648577365,-59.20913035636684,equity_%,-4.501912094949931e-05,3679.9088988166095,1.4487005380405691e-06,2.8974010760811378e-08,"Method: equity_%, ATR: 1380547.56, Risk: 3679.91"
2024-01-12 08:00:00,USDJPY,341885.08628714614,-71.42296084142208,equity_%,-0.0001505465362497805,3676.112334949862,5.849918818395659e-06,1.1699837636791318e-07,"Method: equity_%, ATR: 341885.09, Risk: 3676.11"
2024-01-12 09:00:00,USDJPY,785763.1129609569,-100.31450465538701,equity_%,-4.6686003369163286e-05,3679.9512665069465,2.545296371146117e-06,5.0905927422922345e-08,"Method: equity_%, ATR: 785763.11, Risk: 3679.95"
2024-01-12 10:00:00,USDJPY,164919.46404466915,-92.57894576123745,equity_%,-0.0002410509383969648,3680.382629156564,1.2127131333984274e-05,2.425426266796855e-07,"Method: equity_%, ATR: 164919.46, Risk: 3680.38"
2024-01-12 11:00:00,USDJPY,542900.498554032,-94.9378700821192,equity_%,-7.135787006279942e-05,3677.914280232385,3.683916307549589e-06,7.367832615099177e-08,"Method: equity_%, ATR: 542900.50, Risk: 3677.91"
2024-01-12 12:00:00,USDJPY,414000.3515950211,-89.81384943264266,equity_%,-9.887734787116042e-05,3676.5529892347695,4.83091377167819e-06,9.661827543356381e-08,"Method: equity_%, ATR: 414000.35, Risk: 3676.55"
2024-01-12 13:00:00,USDJPY,372128.84792649094,-62.546821869219244,equity_%,-0.0001578596367291887,3674.25830660941,5.374482551256208e-06,1.0748965102512417e-07,"Method: equity_%, ATR: 372128.85, Risk: 3674.26"
2024-01-12 14:00:00,USDJPY,709046.2635856586,-2.5875804444892694,equity_%,-0.002001354141248295,3671.912954024066,2.8206904157226174e-06,5.641380831445235e-08,"Method: equity_%, ATR: 709046.26, Risk: 3671.91"
2024-01-12 15:00:00,USDJPY,609831.8399295306,40.67163423221779,equity_%,0.00014811174849665846,3673.594597485159,3.2795926172551286e-06,6.559185234510257e-08,"Method: equity_%, ATR: 609831.84, Risk: 3673.59"
2024-01-12 16:00:00,USDJPY,478973.7139122674,63.94269488267058,equity_%,0.0001199578769772909,3673.9343091189635,4.1755944886076485e-06,8.351188977215295e-08,"Method: equity_%, ATR: 478973.71, Risk: 3673.93"
2024-01-12 17:00:00,USDJPY,588706.7432825208,14.664638267578042,equity_%,0.00042585005342393875,3676.436517205447,3.3972772060472193e-06,6.794554412094439e-08,"Method: equity_%, ATR: 588706.74, Risk: 3676.44"
2024-01-12 18:00:00,USDJPY,659730.4047794092,7.008910603117778,equity_%,0.0007954924954527079,3678.3504810120494,3.0315413470578645e-06,6.063082694115727e-08,"Method: equity_%, ATR: 659730.40, Risk: 3678.35"
2024-01-12 19:00:00,USDJPY,594222.6366404375,-22.092715081058827,equity_%,-0.00028027608002439286,3679.461969871167,3.365741856128908e-06,6.731483712257817e-08,"Method: equity_%, ATR: 594222.64, Risk: 3679.46"
2024-01-12 20:00:00,USDJPY,367696.434469942,5.579380092416148,equity_%,0.0017909796568834875,3674.2273019892923,5.439269496543061e-06,1.0878538993086122e-07,"Method: equity_%, ATR: 367696.43, Risk: 3674.23"
2024-01-12 21:00:00,USDJPY,826129.3737090945,19.473047424634156,equity_%,0.0002284417752333996,3675.0014273546485,2.4209283238780724e-06,4.841856647756145e-08,"Method: equity_%, ATR: 826129.37, Risk: 3675.00"
2024-01-12 22:00:00,USDJPY,1628192.317359272,130.0247024651008,equity_%,1.7383046022638638e-05,3680.081610663842,1.2283561214953738e-06,2.4567122429907476e-08,"Method: equity_%, ATR: 1628192.32, Risk: 3680.08"
2024-01-12 23:00:00,USDJPY,89249.05060614577,127.46163592302942,equity_%,0.00032360924819703555,3681.3237922463522,2.240920196256159e-05,4.481840392512318e-07,"Method: equity_%, ATR: 89249.05, Risk: 3681.32"
2024-01-13 00:00:00,USDJPY,601424.6820196743,103.07437482893533,equity_%,5.948256428606008e-05,3687.411784207427,3.3254371823978026e-06,6.650874364795605e-08,"Method: equity_%, ATR: 601424.68, Risk: 3687.41"
2024-01-13 01:00:00,USDJPY,757443.4146445619,60.51342597864717,equity_%,8.051119613880981e-05,3690.27060898684,2.6404612692269828e-06,5.280922538453966e-08,"Method: equity_%, ATR: 757443.41, Risk: 3690.27"
2024-01-13 02:00:00,USDJPY,785442.5154704043,-2.4813497637787307,equity_%,-0.0018913986632441279,3686.2557997836484,2.5463352958455438e-06,5.092670591691088e-08,"Method: equity_%, ATR: 785442.52, Risk: 3686.26"
2024-01-13 03:00:00,USDJPY,765538.2328275582,-36.2057150893146,equity_%,-0.0001330628599321924,3688.0845465349635,2.61254097344412e-06,5.225081946888241e-08,"Method: equity_%, ATR: 765538.23, Risk: 3688.08"
2024-01-13 04:00:00,USDJPY,1550244.6932384456,-118.19707369442847,equity_%,-2.014073682305675e-05,3690.4755504177574,1.2901189139515907e-06,2.580237827903181e-08,"Method: equity_%, ATR: 1550244.69, Risk: 3690.48"
2024-01-13 05:00:00,USDJPY,886023.1666828841,-91.91759159666492,equity_%,-4.537286346693363e-05,3695.2166178215784,2.2572773209617647e-06,4.514554641923529e-08,"Method: equity_%, ATR: 886023.17, Risk: 3695.22"
2024-01-13 06:00:00,USDJPY,777876.38404056,-41.876982791302275,equity_%,-0.00011365041749722211,3702.1755275364135,2.5711026083750043e-06,5.142205216750009e-08,"Method: equity_%, ATR: 777876.38, Risk: 3702.18"
2024-01-13 07:00:00,USDJPY,793739.8576534409,-89.39800643632535,equity_%,-5.223313734505647e-05,3706.3987040955394,2.5197172357107853e-06,5.0394344714215704e-08,"Method: equity_%, ATR: 793739.86, Risk: 3706.40"
2024-01-13 08:00:00,USDJPY,1212789.0653987634,-90.91506487244968,equity_%,-3.364042578414735e-05,3709.220143487701,1.6490913853534808e-06,3.298182770706962e-08,"Method: equity_%, ATR: 1212789.07, Risk: 3709.22"
2024-01-13 09:00:00,USDJPY,974503.7417508382,-51.60606081367435,equity_%,-7.382633938463698e-05,3712.7487083024357,2.0523266502873637e-06,4.1046533005747274e-08,"Method: equity_%, ATR: 974503.74, Risk: 3712.75"
2024-01-13 10:00:00,USDJPY,1017286.3702242575,-10.945010417621283,equity_%,-0.0003335436204841119,3713.744687883087,1.966014741315276e-06,3.932029482630553e-08,"Method: equity_%, ATR: 1017286.37, Risk: 3713.74"
2024-01-13 11:00:00,USDJPY,240009.66122778077,-6.646716195478516,equity_%,-0.0023261528514699715,3710.856054372665,8.3329978875388e-06,1.66659957750776e-07,"Method: equity_%, ATR: 240009.66, Risk: 3710.86"
2024-01-13 12:00:00,USDJPY,865914.7947322918,-45.13544600886839,equity_%,-9.498855649576206e-05,3712.4805426313333,2.3096960719077728e-06,4.6193921438155454e-08,"Method: equity_%, ATR: 865914.79, Risk: 3712.48"
2024-01-13 13:00:00,USDJPY,536752.8589926913,-62.50617085391982,equity_%,-0.0001107313232744216,3715.07641361371,3.7261096359194857e-06,7.452219271838972e-08,"Method: equity_%, ATR: 536752.86, Risk: 3715.08"
2024-01-13 14:00:00,USDJPY,2528498.1680890843,-221.73791966250897,equity_%,-6.622444006172214e-06,3712.965440735974,7.909833691955974e-07,1.5819667383911944e-08,"Method: equity_%, ATR: 2528498.17, Risk: 3712.97"
2024-01-13 15:00:00,USDJPY,416030.1176265946,-226.0969135091602,equity_%,-3.9531381559034556e-05,3718.445305654474,4.8073442649050905e-06,9.61468852981018e-08,"Method: equity_%, ATR: 416030.12, Risk: 3718.45"
2024-01-13 16:00:00,USDJPY,676069.2665207719,-263.75650801526433,equity_%,-2.0878253744430055e-05,3722.961538700921,2.9582767610374003e-06,5.9165535220748e-08,"Method: equity_%, ATR: 676069.27, Risk: 3722.96"
2024-01-13 17:00:00,USDJPY,679422.1247281258,-304.1282970326285,equity_%,-1.8004739678157706e-05,3720.346254455058,2.943678056996319e-06,5.8873561139926386e-08,"Method: equity_%, ATR: 679422.12, Risk: 3720.35"
2024-01-13 18:00:00,USDJPY,982671.7187874914,-348.39771710449054,equity_%,-1.088309791201276e-05,3725.9437513214275,2.0352676908904833e-06,4.0705353817809665e-08,"Method: equity_%, ATR: 982671.72, Risk: 3725.94"
2024-01-13 19:00:00,USDJPY,730250.0657551598,-310.05020887579946,equity_%,-1.6458857475375495e-05,3726.518808213798,2.738787839658429e-06,5.4775756793168576e-08,"Method: equity_%, ATR: 730250.07, Risk: 3726.52"
2024-01-13 20:00:00,USDJPY,1235597.0443704133,-403.4250503174584,equity_%,-7.474225842384228e-06,3725.683333518443,1.6186506831756634e-06,3.237301366351327e-08,"Method: equity_%, ATR: 1235597.04, Risk: 3725.68"
2024-01-13 21:00:00,USDJPY,595237.8540067315,-395.8629192624958,equity_%,-1.583151589803294e-05,3730.4211665966823,3.3600013617033535e-06,6.720002723406706e-08,"Method: equity_%, ATR: 595237.85, Risk: 3730.42"
2024-01-13 22:00:00,USDJPY,457160.2545489839,-422.9688616537175,equity_%,-1.9299131903362452e-05,3731.768003358402,4.374833507722846e-06,8.749667015445691e-08,"Method: equity_%, ATR: 457160.25, Risk: 3731.77"
2024-01-13 23:00:00,USDJPY,1234475.833527738,-367.75195737594794,equity_%,-8.235953374790353e-06,3738.9655593209127,1.620120820255054e-06,3.240241640510108e-08,"Method: equity_%, ATR: 1234475.83, Risk: 3738.97"
2024-01-14 00:00:00,USDJPY,1105969.832615553,-405.9200631472117,equity_%,-8.326158638869744e-06,3737.9068951892523,1.808367589258849e-06,3.616735178517698e-08,"Method: equity_%, ATR: 1105969.83, Risk: 3737.91"
2024-01-14 01:00:00,USDJPY,1393088.055984362,-430.21793577332255,equity_%,-6.23062883106947e-06,3734.211922617334,1.4356594268456284e-06,2.8713188536912567e-08,"Method: equity_%, ATR: 1393088.06, Risk: 3734.21"
2024-01-14 02:00:00,USDJPY,255247.8778512608,-406.68908845227617,equity_%,-3.5979150096714424e-05,3734.8706077738357,7.835520580372658e-06,1.5671041160745316e-07,"Method: equity_%, ATR: 255247.88, Risk: 3734.87"
2024-01-14 03:00:00,USDJPY,749598.1894367764,-435.91566858019365,equity_%,-1.1441792187370321e-05,3738.7382752710173,2.668096092258087e-06,5.3361921845161735e-08,"Method: equity_%, ATR: 749598.19, Risk: 3738.74"
2024-01-14 04:00:00,USDJPY,882495.918930341,-455.6258642038188,equity_%,-9.29512237361147e-06,3737.456846314411,2.266299432210596e-06,4.532598864421192e-08,"Method: equity_%, ATR: 882495.92, Risk: 3737.46"
2024-01-14 05:00:00,USDJPY,1174876.310558683,-540.9087719009552,equity_%,-5.877201010678405e-06,3734.966545166011,1.7023068573482004e-06,3.4046137146964e-08,"Method: equity_%, ATR: 1174876.31, Risk: 3734.97"
2024-01-14 06:00:00,USDJPY,329064.9396292599,-553.3949293729885,equity_%,-2.052221004192805e-05,3737.1533273741197,6.077827684265891e-06,1.2155655368531781e-07,"Method: equity_%, ATR: 329064.94, Risk: 3737.15"
2024-01-14 07:00:00,USDJPY,233087.8945374934,-565.9135223413756,equity_%,-2.8309684270225364e-05,3734.262265743617,8.580454184326117e-06,1.7160908368652234e-07,"Method: equity_%, ATR: 233087.89, Risk: 3734.26"
2024-01-14 08:00:00,USDJPY,466821.438653451,-545.9831599109416,equity_%,-1.4660748362075234e-05,3736.682343842457,4.284293381574357e-06,8.568586763148713e-08,"Method: equity_%, ATR: 466821.44, Risk: 3736.68"
2024-01-14 09:00:00,USDJPY,1268000.33707171,-620.46747415832,equity_%,-4.750106621026093e-06,3737.1604746887724,1.5772866469568556e-06,3.154573293913711e-08,"Method: equity_%, ATR: 1268000.34, Risk: 3737.16"
2024-01-14 10:00:00,USDJPY,872760.3339307768,-664.6540707276629,equity_%,-6.447593369632572e-06,3740.1438741538295,2.291579855597139e-06,4.583159711194277e-08,"Method: equity_%, ATR: 872760.33, Risk: 3740.14"
2024-01-14 11:00:00,USDJPY,641674.8278242835,-678.0357459765348,equity_%,-8.59038688571944e-06,3737.4923877420556,3.116843474725926e-06,6.23368694945185e-08,"Method: equity_%, ATR: 641674.83, Risk: 3737.49"
2024-01-14 12:00:00,USDJPY,1971439.471599473,-581.38362216754,equity_%,-3.2655809995917575e-06,3742.8868771963876,1.0144871444505245e-06,2.028974288901049e-08,"Method: equity_%, ATR: 1971439.47, Risk: 3742.89"
2024-01-14 13:00:00,USDJPY,1369339.7976225775,-694.498867921694,equity_%,-3.9367174861340625e-06,3743.837773741406,1.4605578567659855e-06,2.9211157135319714e-08,"Method: equity_%, ATR: 1369339.80, Risk: 3743.84"
2024-01-14 14:00:00,USDJPY,587674.9880647537,-674.7811159856566,equity_%,-9.450534835979552e-06,3747.628341745121,3.403241656729532e-06,6.806483313459063e-08,"Method: equity_%, ATR: 587674.99, Risk: 3747.63"
2024-01-14 15:00:00,USDJPY,423077.42479791725,-689.5225654744456,equity_%,-1.2861612363828698e-05,3752.0079681289753,4.727267121272895e-06,9.454534242545789e-08,"Method: equity_%, ATR: 423077.42, Risk: 3752.01"
2024-01-14 16:00:00,USDJPY,1149562.386791374,-767.9269631880734,equity_%,-4.247984587632026e-06,3750.035633271878,1.7397924836270464e-06,3.479584967254092e-08,"Method: equity_%, ATR: 1149562.39, Risk: 3750.04"
2024-01-14 17:00:00,USDJPY,337669.6287231914,-759.174522265992,equity_%,-1.4644742669676448e-05,3754.1824058007023,5.922949030276937e-06,1.1845898060553873e-07,"Method: equity_%, ATR: 337669.63, Risk: 3754.18"
2024-01-14 18:00:00,USDJPY,782456.7673457295,-792.840843251771,equity_%,-6.0471096340463176e-06,3751.4072054752696,2.556051763453274e-06,5.112103526906548e-08,"Method: equity_%, ATR: 782456.77, Risk: 3751.41"
2024-01-14 19:00:00,USDJPY,967053.0783631932,-768.3672720294358,equity_%,-5.0451342792964875e-06,3748.7967922469898,2.0681388072153636e-06,4.1362776144307275e-08,"Method: equity_%, ATR: 967053.08, Risk: 3748.80"
2024-01-14 20:00:00,USDJPY,233944.49179701495,-757.3843826134057,equity_%,-2.1199139970316165e-05,3756.188789954955,8.549036502792836e-06,1.709807300558567e-07,"Method: equity_%, ATR: 233944.49, Risk: 3756.19"
2024-01-14 21:00:00,USDJPY,710718.3642720884,-733.5177598940991,equity_%,-7.214362731121885e-06,3761.024350061345,2.814054202818275e-06,5.62810840563655e-08,"Method: equity_%, ATR: 710718.36, Risk: 3761.02"
2024-01-14 22:00:00,USDJPY,1328634.090587426,-813.7027363408447,equity_%,-3.4859858890313776e-06,3768.7453425876465,1.5053053464221624e-06,3.010610692844325e-08,"Method: equity_%, ATR: 1328634.09, Risk: 3768.75"
2024-01-14 23:00:00,USDJPY,1432298.0523177625,-888.8897010652192,equity_%,-2.960468079158462e-06,3769.1347004958225,1.3963574109198678e-06,2.792714821839735e-08,"Method: equity_%, ATR: 1432298.05, Risk: 3769.13"
2024-01-15 00:00:00,USDJPY,187349.60659627744,-886.4008667706297,equity_%,-2.270737298271154e-05,3770.941986488057,1.0675229248331603e-05,2.1350458496663207e-07,"Method: equity_%, ATR: 187349.61, Risk: 3770.94"
2024-01-15 01:00:00,USDJPY,553784.2265111988,-891.6406555237025,equity_%,-7.643182321835214e-06,3774.024050728314,3.6115149263095806e-06,7.223029852619161e-08,"Method: equity_%, ATR: 553784.23, Risk: 3774.02"
2024-01-15 02:00:00,USDJPY,416931.55370570824,-866.1992576988434,equity_%,-1.0454191741005052e-05,3775.4874640285325,4.7969504400036446e-06,9.59390088000729e-08,"Method: equity_%, ATR: 416931.55, Risk: 3775.49"
2024-01-15 03:00:00,USDJPY,661581.7358341325,-845.039970225822,equity_%,-6.751920599424051e-06,3774.7490559664443,3.02305806171987e-06,6.04611612343974e-08,"Method: equity_%, ATR: 661581.74, Risk: 3774.75"
2024-01-15 04:00:00,USDJPY,2532426.1094811787,-944.8965546987533,equity_%,-1.5769949553286684e-06,3773.5608018728044,7.897565076083277e-07,1.5795130152166553e-08,"Method: equity_%, ATR: 2532426.11, Risk: 3773.56"
2024-01-15 05:00:00,USDJPY,415697.1784672737,-950.0675675594218,equity_%,-9.560182548696965e-06,3775.7023885712915,4.811194551221743e-06,9.622389102443487e-08,"Method: equity_%, ATR: 415697.18, Risk: 3775.70"
2024-01-15 06:00:00,USDJPY,257049.94262820037,-955.2067198476905,equity_%,-1.5370472692655004e-05,3774.0018090463045,7.780589170925512e-06,1.5561178341851026e-07,"Method: equity_%, ATR: 257049.94, Risk: 3774.00"
2024-01-15 07:00:00,USDJPY,458600.2659232224,-949.4319737049932,equity_%,-8.66360289337735e-06,3772.217218569204,4.361096468127287e-06,8.722192936254572e-08,"Method: equity_%, ATR: 458600.27, Risk: 3772.22"
2024-01-15 08:00:00,USDJPY,482749.8430793844,-936.052597918364,equity_%,-8.353775877922332e-06,3774.897934602668,4.142932470453679e-06,8.285864940907358e-08,"Method: equity_%, ATR: 482749.84, Risk: 3774.90"
2024-01-15 09:00:00,USDJPY,866161.592969512,-931.9755227439892,equity_%,-4.6777982901984e-06,3776.112456548211,2.3090379627007983e-06,4.6180759254015964e-08,"Method: equity_%, ATR: 866161.59, Risk: 3776.11"
2024-01-15 10:00:00,USDJPY,612370.7255873341,-899.2691002893529,equity_%,-6.864934980936708e-06,3780.424075359956,3.2659954443148296e-06,6.531990888629659e-08,"Method: equity_%, ATR: 612370.73, Risk: 3780.42"
2024-01-15 11:00:00,USDJPY,660130.6125810823,-897.5305476662745,equity_%,-6.380978571697186e-06,3780.6493411297074,3.0297034585020775e-06,6.059406917004157e-08,"Method: equity_%, ATR: 660130.61, Risk: 3780.65"
2024-01-15 12:00:00,USDJPY,1634905.7604902873,-961.8315997450893,equity_%,-2.4040673460153016e-06,3780.405573279781,1.2233121005092217e-06,2.4466242010184433e-08,"Method: equity_%, ATR: 1634905.76, Risk: 3780.41"
2024-01-15 13:00:00,USDJPY,875541.6667594681,-885.4068498862628,equity_%,-4.880191636459551e-06,3783.176233467887,2.284300194875188e-06,4.568600389750376e-08,"Method: equity_%, ATR: 875541.67, Risk: 3783.18"
2024-01-15 14:00:00,USDJPY,526402.3106485695,-905.7518456110448,equity_%,-7.932719298832482e-06,3782.2401588442253,3.7993754197922137e-06,7.598750839584428e-08,"Method: equity_%, ATR: 526402.31, Risk: 3782.24"
2024-01-15 15:00:00,USDJPY,1212201.4660868389,-979.9256752766394,equity_%,-3.183660033069456e-06,3781.7657756675553,1.6498907615219181e-06,3.2997815230438357e-08,"Method: equity_%, ATR: 1212201.47, Risk: 3781.77"
2024-01-15 16:00:00,USDJPY,490619.32296016946,-966.6322990849576,equity_%,-7.973479176101855e-06,3781.410412496417,4.076480290121734e-06,8.152960580243468e-08,"Method: equity_%, ATR: 490619.32, Risk: 3781.41"
2024-01-15 17:00:00,USDJPY,445834.9261176886,-991.7521947671579,equity_%,-8.554144228380186e-06,3782.2813061775305,4.485965281849752e-06,8.971930563699504e-08,"Method: equity_%, ATR: 445834.93, Risk: 3782.28"
2024-01-15 18:00:00,USDJPY,924488.8452286489,-1047.0465774916513,equity_%,-3.914427299186751e-06,3789.098615807418,2.1633576330554326e-06,4.3267152661108655e-08,"Method: equity_%, ATR: 924488.85, Risk: 3789.10"
2024-01-15 19:00:00,USDJPY,214523.19076409822,-1041.02694465474,equity_%,-1.695501198729978e-05,3786.4682493325463,9.323001363518375e-06,1.8646002727036747e-07,"Method: equity_%, ATR: 214523.19, Risk: 3786.47"
2024-01-15 20:00:00,USDJPY,584203.8043198943,-1016.9961842444526,equity_%,-6.3821644614533915e-06,3791.8547720788983,3.423462814194298e-06,6.846925628388596e-08,"Method: equity_%, ATR: 584203.80, Risk: 3791.85"
2024-01-15 21:00:00,USDJPY,736897.7197139077,-1035.5203025876226,equity_%,-4.974059326165597e-06,3795.5681323477684,2.714080864270387e-06,5.428161728540774e-08,"Method: equity_%, ATR: 736897.72, Risk: 3795.57"
2024-01-15 22:00:00,USDJPY,1259951.9805828778,-997.1389904064132,equity_%,-3.026049590477724e-06,3801.7690688898783,1.5873620826999788e-06,3.174724165399957e-08,"Method: equity_%, ATR: 1259951.98, Risk: 3801.77"
2024-01-15 23:00:00,USDJPY,288850.0957474037,-978.3846498263968,equity_%,-1.3491123275653388e-05,3812.679127034845,6.9240067060562045e-06,1.3848013412112409e-07,"Method: equity_%, ATR: 288850.10, Risk: 3812.68"
2024-01-16 00:00:00,USDJPY,1712273.402867894,-1030.7060701194825,equity_%,-2.163624222722723e-06,3818.4734860972085,1.1680377658440478e-06,2.3360755316880953e-08,"Method: equity_%, ATR: 1712273.40, Risk: 3818.47"
2024-01-16 01:00:00,USDJPY,902783.4609637818,-983.2010882328856,equity_%,-4.306753422849799e-06,3822.7504869409318,2.2153706691357262e-06,4.430741338271452e-08,"Method: equity_%, ATR: 902783.46, Risk: 3822.75"
2024-01-16 02:00:00,USDJPY,348846.39141849446,-1002.6952170771103,equity_%,-1.0921838940243434e-05,3820.3129978860566,5.7331824241251646e-06,1.146636484825033e-07,"Method: equity_%, ATR: 348846.39, Risk: 3820.31"
2024-01-16 03:00:00,USDJPY,450529.1598480915,-1039.5176994054268,equity_%,-8.15286140321601e-06,3818.2543311015233,4.439224312748938e-06,8.878448625497875e-08,"Method: equity_%, ATR: 450529.16, Risk: 3818.25"
2024-01-16 04:00:00,USDJPY,386972.4677198815,-1021.952300175392,equity_%,-9.661567218757455e-06,3820.834901654619,5.168326345758902e-06,1.0336652691517805e-07,"Method: equity_%, ATR: 386972.47, Risk: 3820.83"
2024-01-16 05:00:00,USDJPY,429449.94779534225,-1041.2922491377958,equity_%,-8.536195493758786e-06,3817.24067321086,4.657120137672285e-06,9.314240275344571e-08,"Method: equity_%, ATR: 429449.95, Risk: 3817.24"
2024-01-16 06:00:00,USDJPY,369882.7820487168,-1054.4386980006818,equity_%,-9.795906718583129e-06,3820.586990964734,5.407118409033115e-06,1.0814236818066234e-07,"Method: equity_%, ATR: 369882.78, Risk: 3820.59"
2024-01-16 07:00:00,USDJPY,1250678.263039232,-1079.3154703218531,equity_%,-2.8266900820046873e-06,3815.6822252924508,1.5991322941360364e-06,3.198264588272073e-08,"Method: equity_%, ATR: 1250678.26, Risk: 3815.68"
2024-01-16 08:00:00,USDJPY,868687.6546096528,-1150.6856517357587,equity_%,-3.8222197190831774e-06,3820.6389254491446,2.302323498425571e-06,4.604646996851142e-08,"Method: equity_%, ATR: 868687.65, Risk: 3820.64"
2024-01-16 09:00:00,USDJPY,283914.8303384354,-1156.6542094316094,equity_%,-1.1636039124616036e-05,3821.173824513344,7.044366078432524e-06,1.4088732156865047e-07,"Method: equity_%, ATR: 283914.83, Risk: 3821.17"
2024-01-16 10:00:00,USDJPY,2057469.8167158896,-1035.136122811452,equity_%,-1.7950619928693298e-06,3823.0536153497546,9.720677230601505e-07,1.9441354461203013e-08,"Method: equity_%, ATR: 2057469.82, Risk: 3823.05"
2024-01-16 11:00:00,USDJPY,930166.351492087,-1014.0775737888188,equity_%,-4.052228555206302e-06,3822.3084984604934,2.150153031005459e-06,4.300306062010918e-08,"Method: equity_%, ATR: 930166.35, Risk: 3822.31"
2024-01-16 12:00:00,USDJPY,1919069.5781234808,-967.2202299201152,equity_%,-2.0569923474927888e-06,3818.1129192298254,1.0421716975763092e-06,2.0843433951526187e-08,"Method: equity_%, ATR: 1919069.58, Risk: 3818.11"
2024-01-16 13:00:00,USDJPY,256107.78032106964,-984.5192204491638,equity_%,-1.5163286374455273e-05,3823.3170050674084,7.809212189854986e-06,1.5618424379709972e-07,"Method: equity_%, ATR: 256107.78, Risk: 3823.32"
2024-01-16 14:00:00,USDJPY,2563256.094094535,-844.3655548539109,equity_%,-1.7690614101854266e-06,3828.824109252272,7.802575812100024e-07,1.5605151624200047e-08,"Method: equity_%, ATR: 2563256.09, Risk: 3828.82"
2024-01-16 15:00:00,USDJPY,554526.9868254865,-836.3482807485349,equity_%,-8.256692185746461e-06,3829.269645956661,3.6066774882309086e-06,7.213354976461817e-08,"Method: equity_%, ATR: 554526.99, Risk: 3829.27"
2024-01-16 16:00:00,USDJPY,643017.8603043283,-795.6238599129065,equity_%,-7.491698196855274e-06,3832.755434650863,3.1103335124368667e-06,6.220667024873733e-08,"Method: equity_%, ATR: 643017.86, Risk: 3832.76"
2024-01-16 17:00:00,USDJPY,734559.3122672301,-828.0260942846323,equity_%,-6.301984114976451e-06,3833.082760390232,2.722720911163682e-06,5.445441822327363e-08,"Method: equity_%, ATR: 734559.31, Risk: 3833.08"
2024-01-16 18:00:00,USDJPY,797317.2060977049,-761.7776309891112,equity_%,-6.314758890947905e-06,3835.448229923031,2.5084119403224266e-06,5.0168238806448534e-08,"Method: equity_%, ATR: 797317.21, Risk: 3835.45"
2024-01-16 19:00:00,USDJPY,683879.0858103323,-714.3817020441476,equity_%,-7.858397512814044e-06,3839.225647519791,2.924493585924167e-06,5.8489871718483334e-08,"Method: equity_%, ATR: 683879.09, Risk: 3839.23"
2024-01-16 20:00:00,USDJPY,288310.71170392307,-732.4786271347964,equity_%,-1.8194738164752805e-05,3842.3909022935127,6.936960434733603e-06,1.3873920869467204e-07,"Method: equity_%, ATR: 288310.71, Risk: 3842.39"
2024-01-16 21:00:00,USDJPY,1001379.945805088,-687.7416856616626,equity_%,-5.58728850674344e-06,3847.91381113374,1.9972439116423918e-06,3.9944878232847834e-08,"Method: equity_%, ATR: 1001379.95, Risk: 3847.91"
2024-01-16 22:00:00,USDJPY,444503.95166568225,-695.5187464586511,equity_%,-1.2456204227054146e-05,3850.9704531608563,4.4993975700450655e-06,8.998795140090131e-08,"Method: equity_%, ATR: 444503.95, Risk: 3850.97"
2024-01-16 23:00:00,USDJPY,410676.0116550981,-663.5083791909746,equity_%,-1.4138491239473427e-05,3852.5547070119724,4.870019049663117e-06,9.740038099326232e-08,"Method: equity_%, ATR: 410676.01, Risk: 3852.55"
2024-01-17 00:00:00,USDJPY,1027903.1632154738,-686.2118670010663,equity_%,-5.460720775960732e-06,3851.77045010834,1.9457085760331982e-06,3.8914171520663965e-08,"Method: equity_%, ATR: 1027903.16, Risk: 3851.77"
2024-01-17 01:00:00,USDJPY,1058077.1360317238,-642.1604923902053,equity_%,-5.669003888076682e-06,3851.834933967368,1.8902213571128853e-06,3.780442714225771e-08,"Method: equity_%, ATR: 1058077.14, Risk: 3851.83"
2024-01-17 02:00:00,USDJPY,611897.809999441,-632.1959942496852,equity_%,-9.967355038353246e-06,3855.7650881575432,3.268519624219323e-06,6.537039248438646e-08,"Method: equity_%, ATR: 611897.81, Risk: 3855.77"
2024-01-17 03:00:00,USDJPY,826541.8389255683,-660.6984574974156,equity_%,-7.055109801172806e-06,3852.759608600801,2.419720219607787e-06,4.839440439215574e-08,"Method: equity_%, ATR: 826541.84, Risk: 3852.76"
2024-01-17 04:00:00,USDJPY,1190842.0838961252,-680.988521077176,equity_%,-4.756862977493259e-06,3857.577030511039,1.6794838098570724e-06,3.358967619714144e-08,"Method: equity_%, ATR: 1190842.08, Risk: 3857.58"
2024-01-17 05:00:00,USDJPY,686019.2928341018,-701.8699646923998,equity_%,-8.013007169807131e-06,3858.2335993329953,2.915369904157571e-06,5.830739808315142e-08,"Method: equity_%, ATR: 686019.29, Risk: 3858.23"
2024-01-17 06:00:00,USDJPY,776752.9793589335,-665.9218723704655,equity_%,-7.457181410994093e-06,3857.2777816197718,2.5748211505421343e-06,5.149642301084269e-08,"Method: equity_%, ATR: 776752.98, Risk: 3857.28"
2024-01-17 07:00:00,USDJPY,818855.9989836494,-604.4412408270873,equity_%,-7.789633278341948e-06,3855.4816090894274,2.4424318836063564e-06,4.884863767212714e-08,"Method: equity_%, ATR: 818856.00, Risk: 3855.48"
2024-01-17 08:00:00,USDJPY,465423.07419274154,-623.1302749429085,equity_%,-1.3306031474869903e-05,3859.0047124463727,4.297165548719137e-06,8.594331097438274e-08,"Method: equity_%, ATR: 465423.07, Risk: 3859.00"
2024-01-17 09:00:00,USDJPY,423307.45273044385,-611.5452925048133,equity_%,-1.4912642388662672e-05,3860.460788384963,4.724698294583468e-06,9.449396589166936e-08,"Method: equity_%, ATR: 423307.45, Risk: 3860.46"
2024-01-17 10:00:00,USDJPY,749900.8028282219,-573.4856615362255,equity_%,-8.9911892266385e-06,3866.7270840546526,2.6670194143773116e-06,5.334038828754622e-08,"Method: equity_%, ATR: 749900.80, Risk: 3866.73"
2024-01-17 11:00:00,USDJPY,387567.07906133786,-562.636664807987,equity_%,-1.7721946373854403e-05,3864.4378571030747,5.160397020417393e-06,1.0320794040834786e-07,"Method: equity_%, ATR: 387567.08, Risk: 3864.44"
2024-01-17 12:00:00,USDJPY,624097.0952536702,-610.0158413968389,equity_%,-1.0150015372071701e-05,3864.2033662338895,3.20462956038448e-06,6.40925912076896e-08,"Method: equity_%, ATR: 624097.10, Risk: 3864.20"
2024-01-17 13:00:00,USDJPY,721784.9896976918,-664.9669510993187,equity_%,-8.053590344224931e-06,3865.426702759507,2.7709082739967594e-06,5.5418165479935204e-08,"Method: equity_%, ATR: 721784.99, Risk: 3865.43"
2024-01-17 14:00:00,USDJPY,597149.0024918478,-646.6363189099752,equity_%,-1.0008517168535022e-05,3864.6711325275974,3.34924782868963e-06,6.698495657379261e-08,"Method: equity_%, ATR: 597149.00, Risk: 3864.67"
2024-01-17 15:00:00,USDJPY,737328.3257134198,-609.2961738043921,equity_%,-8.605849888877023e-06,3866.1894885200227,2.7124958180127577e-06,5.424991636025516e-08,"Method: equity_%, ATR: 737328.33, Risk: 3866.19"
2024-01-17 16:00:00,USDJPY,3901331.796616666,-471.5839465154247,equity_%,-2.102748418682795e-06,3868.6479908192696,5.126454514159628e-07,1.0252909028319256e-08,"Method: equity_%, ATR: 3901331.80, Risk: 3868.65"
2024-01-17 17:00:00,USDJPY,953010.9071120364,-549.7200254069419,equity_%,-7.39011529692982e-06,3871.6014435366587,2.098611868001296e-06,4.1972237360025914e-08,"Method: equity_%, ATR: 953010.91, Risk: 3871.60"
2024-01-17 18:00:00,USDJPY,966443.9735346365,-493.0596614839632,equity_%,-8.137464090121825e-06,3877.6199449293126,2.0694422592188912e-06,4.1388845184377825e-08,"Method: equity_%, ATR: 966443.97, Risk: 3877.62"
2024-01-17 19:00:00,USDJPY,809370.6439952262,-529.2750345761738,equity_%,-9.046203049540795e-06,3875.209527642968,2.4710557701074667e-06,4.9421115402149336e-08,"Method: equity_%, ATR: 809370.64, Risk: 3875.21"
2024-01-17 20:00:00,USDJPY,1180971.9800575932,-622.2462165233463,equity_%,-5.2768518696118975e-06,3877.7228086027735,1.693520281406223e-06,3.387040562812447e-08,"Method: equity_%, ATR: 1180971.98, Risk: 3877.72"
2024-01-17 21:00:00,USDJPY,802854.0043918429,-666.6687605829493,equity_%,-7.244037734600567e-06,3877.281980144009,2.4911129409075912e-06,4.982225881815183e-08,"Method: equity_%, ATR: 802854.00, Risk: 3877.28"
2024-01-17 22:00:00,USDJPY,761631.1460532404,-690.2127055949893,equity_%,-7.380947929514351e-06,3880.0720202840794,2.6259430307754165e-06,5.251886061550833e-08,"Method: equity_%, ATR: 761631.15, Risk: 3880.07"
2024-01-17 23:00:00,USDJPY,1329746.1966278956,-719.213101041249,equity_%,-4.060000231086545e-06,3882.8660168431384,1.5040464150766527e-06,3.0080928301533055e-08,"Method: equity_%, ATR: 1329746.20, Risk: 3882.87"
2024-01-18 00:00:00,USDJPY,1054212.5262577066,-741.6961499063601,equity_%,-4.964034521492141e-06,3881.4052586934413,1.8971506695141396e-06,3.794301339028279e-08,"Method: equity_%, ATR: 1054212.53, Risk: 3881.41"
2024-01-18 01:00:00,USDJPY,816320.2777679703,-734.4791047591455,equity_%,-6.4716389957591195e-06,3880.201801665539,2.450018766492626e-06,4.900037532985252e-08,"Method: equity_%, ATR: 816320.28, Risk: 3880.20"
2024-01-18 02:00:00,USDJPY,471286.19281316333,-724.6845282608876,equity_%,-1.1369992050093336e-05,3883.2367308559474,4.243705906302415e-06,8.48741181260483e-08,"Method: equity_%, ATR: 471286.19, Risk: 3883.24"
2024-01-18 03:00:00,USDJPY,665749.0035795717,-670.5213962224991,equity_%,-8.702544959130272e-06,3884.8069443881795,3.004135175939404e-06,6.008270351878808e-08,"Method: equity_%, ATR: 665749.00, Risk: 3884.81"
2024-01-18 04:00:00,USDJPY,2092846.7624275947,-544.4345827637029,equity_%,-3.410203765490422e-06,3885.648078865985,9.556361392078713e-07,1.911272278415743e-08,"Method: equity_%, ATR: 2092846.76, Risk: 3885.65"
2024-01-18 05:00:00,USDJPY,681892.0340396676,-575.1709689853144,equity_%,-9.91605659777075e-06,3889.1220393553103,2.933015639076456e-06,5.866031278152912e-08,"Method: equity_%, ATR: 681892.03, Risk: 3889.12"
2024-01-18 06:00:00,USDJPY,477809.9704255715,-576.7278331126595,equity_%,-1.4126607895428162e-05,3892.8171947828964,4.185764474982928e-06,8.371528949965855e-08,"Method: equity_%, ATR: 477809.97, Risk: 3892.82"
2024-01-18 07:00:00,USDJPY,1312464.2400492951,-596.2610547133235,equity_%,-4.974279333433309e-06,3892.7283044447913,1.5238510421623995e-06,3.047702084324798e-08,"Method: equity_%, ATR: 1312464.24, Risk: 3892.73"
2024-01-18 08:00:00,USDJPY,322929.9575837058,-577.2227415629973,equity_%,-2.0877787703946493e-05,3891.672145031864,6.193293477523173e-06,1.2386586955046343e-07,"Method: equity_%, ATR: 322929.96, Risk: 3891.67"
2024-01-18 09:00:00,USDJPY,334272.2171205492,-600.2604518722833,equity_%,-1.9383896275759967e-05,3889.3863881013513,5.983147559280215e-06,1.196629511856043e-07,"Method: equity_%, ATR: 334272.22, Risk: 3889.39"
2024-01-18 10:00:00,USDJPY,409518.4474103587,-590.057879208928,equity_%,-1.6102439197146844e-05,3890.9867504619556,4.883784876230243e-06,9.767569752460487e-08,"Method: equity_%, ATR: 409518.45, Risk: 3890.99"
2024-01-18 11:00:00,USDJPY,292815.0172936546,-571.4655344257735,equity_%,-2.323630860946053e-05,3888.21726963051,6.830250779092609e-06,1.3660501558185218e-07,"Method: equity_%, ATR: 292815.02, Risk: 3888.22"
2024-01-18 12:00:00,USDJPY,656236.966594754,-600.9735543707985,equity_%,-9.863596218547085e-06,3890.015555005197,3.047679575836909e-06,6.095359151673818e-08,"Method: equity_%, ATR: 656236.97, Risk: 3890.02"
2024-01-18 13:00:00,USDJPY,829440.7198302725,-657.9768562426256,equity_%,-7.1372351820070075e-06,3895.16606537947,2.4112633394816418e-06,4.822526678963283e-08,"Method: equity_%, ATR: 829440.72, Risk: 3895.17"
2024-01-18 14:00:00,USDJPY,701247.3720716878,-635.9145504595162,equity_%,-8.735846253429237e-06,3895.6056860686112,2.8520605989458764e-06,5.7041211978917524e-08,"Method: equity_%, ATR: 701247.37, Risk: 3895.61"
2024-01-18 15:00:00,USDJPY,173142.22465334638,-637.1394437073634,equity_%,-3.531225053272524e-05,3895.497073226991,1.1551197311945508e-05,2.3102394623891018e-07,"Method: equity_%, ATR: 173142.22, Risk: 3895.50"
2024-01-18 16:00:00,USDJPY,616113.1431499905,-641.1314315578855,equity_%,-9.880751204791975e-06,3902.9906075478725,3.2461570122893925e-06,6.492314024578785e-08,"Method: equity_%, ATR: 616113.14, Risk: 3902.99"
2024-01-18 17:00:00,USDJPY,360094.8696032947,-655.1077435045471,equity_%,-1.657059846761554e-05,3909.0197130054353,5.554091904178857e-06,1.1108183808357712e-07,"Method: equity_%, ATR: 360094.87, Risk: 3909.02"
2024-01-18 18:00:00,USDJPY,769944.4384308571,-688.5390903619513,equity_%,-7.372107728475022e-06,3908.225919393769,2.5975900339977642e-06,5.195180067995529e-08,"Method: equity_%, ATR: 769944.44, Risk: 3908.23"
2024-01-18 19:00:00,USDJPY,657211.7015417314,-714.0958670549791,equity_%,-8.331646382606738e-06,3910.142958936946,3.0431594496997933e-06,6.086318899399588e-08,"Method: equity_%, ATR: 657211.70, Risk: 3910.14"
2024-01-18 20:00:00,USDJPY,348654.8829124945,-711.7861248828617,equity_%,-1.5766068134838067e-05,3912.62899366399,5.736331535910142e-06,1.1472663071820285e-07,"Method: equity_%, ATR: 348654.88, Risk: 3912.63"
2024-01-18 21:00:00,USDJPY,500763.5807609665,-754.7092405691521,equity_%,-1.0358348462378632e-05,3914.7399749321685,3.993900668576527e-06,7.987801337153053e-08,"Method: equity_%, ATR: 500763.58, Risk: 3914.74"
2024-01-18 22:00:00,USDJPY,132138.05185039973,-753.4813948685485,equity_%,-3.9388746771932245e-05,3921.6839952753066,1.5135685534885157e-05,3.0271371069770316e-07,"Method: equity_%, ATR: 132138.05, Risk: 3921.68"
2024-01-18 23:00:00,USDJPY,368300.44613526185,-751.0654512274617,equity_%,-1.418363722485156e-05,3923.445684952565,5.430349110317074e-06,1.0860698220634149e-07,"Method: equity_%, ATR: 368300.45, Risk: 3923.45"
2024-01-19 00:00:00,USDJPY,657665.6094170994,-724.3880410481178,equity_%,-8.240166549903022e-06,3925.6573895794577,3.0410591208693962e-06,6.082118241738792e-08,"Method: equity_%, ATR: 657665.61, Risk: 3925.66"
2024-01-19 01:00:00,USDJPY,449859.7288378005,-724.7687981370644,equity_%,-1.2051194996264035e-05,3929.2233764648972,4.445830270620004e-06,8.891660541240006e-08,"Method: equity_%, ATR: 449859.73, Risk: 3929.22"
2024-01-19 02:00:00,USDJPY,989961.9476368616,-732.3469640976562,equity_%,-5.426643954122979e-06,3934.2931356130402,2.020279673147236e-06,4.040559346294473e-08,"Method: equity_%, ATR: 989961.95, Risk: 3934.29"
2024-01-19 03:00:00,USDJPY,534830.8624370156,-686.1825513228329,equity_%,-1.0732136026767022e-05,3938.6038331959526,3.7394999811469e-06,7.478999962293801e-08,"Method: equity_%, ATR: 534830.86, Risk: 3938.60"
2024-01-19 04:00:00,USDJPY,832585.2240346626,-723.6081581612765,equity_%,-6.5426457550620146e-06,3941.7180875548875,2.4021564907290925e-06,4.804312981458186e-08,"Method: equity_%, ATR: 832585.22, Risk: 3941.72"
2024-01-19 05:00:00,USDJPY,616101.2970715512,-702.114910604141,equity_%,-9.104899586738363e-06,3938.5419881387056,3.2462194277246085e-06,6.492438855449217e-08,"Method: equity_%, ATR: 616101.30, Risk: 3938.54"
2024-01-19 06:00:00,USDJPY,623755.096691167,-654.7580895633323,equity_%,-9.643716254579656e-06,3938.5775749665304,3.2063866261123923e-06,6.412773252224786e-08,"Method: equity_%, ATR: 623755.10, Risk: 3938.58"
2024-01-19 07:00:00,USDJPY,865836.5064375357,-606.4750012809218,equity_%,-7.5080447534178735e-06,3942.5358385881464,2.3099049129135866e-06,4.6198098258271734e-08,"Method: equity_%, ATR: 865836.51, Risk: 3942.54"
2024-01-19 08:00:00,USDJPY,2840342.1715515708,-493.6399160618609,equity_%,-2.8134722138000003e-06,3944.787034679984,7.041405151927438e-07,1.4082810303854875e-08,"Method: equity_%, ATR: 2840342.17, Risk: 3944.79"
2024-01-19 09:00:00,USDJPY,636524.7101122878,-504.8055213452948,equity_%,-1.2289153552155334e-05,3948.765420581453,3.142061837076498e-06,6.284123674152996e-08,"Method: equity_%, ATR: 636524.71, Risk: 3948.77"
2024-01-19 10:00:00,USDJPY,426846.602135314,-482.9880969149642,equity_%,-1.9188454799691664e-05,3955.9269187664668,4.685524003224894e-06,9.371048006449788e-08,"Method: equity_%, ATR: 426846.60, Risk: 3955.93"
2024-01-19 11:00:00,USDJPY,717034.4941701933,-536.6509888921589,equity_%,-1.0275270470053612e-05,3953.896029151289,2.7892660900708155e-06,5.578532180141632e-08,"Method: equity_%, ATR: 717034.49, Risk: 3953.90"
2024-01-19 12:00:00,USDJPY,435080.65446582064,-511.028622182111,equity_%,-1.7805313876132547e-05,3958.809759675703,4.596848835891225e-06,9.193697671782451e-08,"Method: equity_%, ATR: 435080.65, Risk: 3958.81"
2024-01-19 13:00:00,USDJPY,859269.3325068444,-542.8337455238974,equity_%,-8.48837011686095e-06,3959.318669288222,2.327558920513516e-06,4.6551178410270316e-08,"Method: equity_%, ATR: 859269.33, Risk: 3959.32"
2024-01-19 14:00:00,USDJPY,761012.7023324674,-570.7757394284221,equity_%,-9.125047147315926e-06,3963.624718746046,2.628077026664727e-06,5.2561540533294534e-08,"Method: equity_%, ATR: 761012.70, Risk: 3963.62"
2024-01-19 15:00:00,USDJPY,362932.3345504213,-570.8681719949975,equity_%,-1.913735067062877e-05,3965.001056515942,5.510669096148404e-06,1.1021338192296806e-07,"Method: equity_%, ATR: 362932.33, Risk: 3965.00"
2024-01-19 16:00:00,USDJPY,350144.07250624005,-578.0655345863637,equity_%,-1.962826073818606e-05,3972.882070132621,5.711934477955091e-06,1.1423868955910184e-07,"Method: equity_%, ATR: 350144.07, Risk: 3972.88"
2024-01-19 17:00:00,USDJPY,574996.7697308887,-591.2669346708938,equity_%,-1.1691312267308254e-05,3974.772330941406,3.4782804100552495e-06,6.956560820110501e-08,"Method: equity_%, ATR: 574996.77, Risk: 3974.77"
2024-01-19 18:00:00,USDJPY,1233165.562691455,-584.270932074061,equity_%,-5.5160796438972e-06,3974.350788268338,1.6218422412274344e-06,3.243684482454869e-08,"Method: equity_%, ATR: 1233165.56, Risk: 3974.35"
2024-01-19 19:00:00,USDJPY,214533.15762951775,-585.2685367320645,equity_%,-3.1675103696719333e-05,3977.1104121367134,9.322568231871392e-06,1.8645136463742785e-07,"Method: equity_%, ATR: 214533.16, Risk: 3977.11"
2024-01-19 20:00:00,USDJPY,633166.2310043965,-552.2965611726365,equity_%,-1.1380134648353935e-05,3979.582240478868,3.158728153943688e-06,6.317456307887375e-08,"Method: equity_%, ATR: 633166.23, Risk: 3979.58"
2024-01-19 21:00:00,USDJPY,1062341.260622561,-481.52746085978947,equity_%,-7.789119095244767e-06,3984.496531761199,1.88263421005407e-06,3.76526842010814e-08,"Method: equity_%, ATR: 1062341.26, Risk: 3984.50"
2024-01-19 22:00:00,USDJPY,591643.6736660972,-490.8854910861016,equity_%,-1.372912703623487e-05,3987.340690157014,3.3804130577566686e-06,6.760826115513338e-08,"Method: equity_%, ATR: 591643.67, Risk: 3987.34"
2024-01-19 23:00:00,USDJPY,640167.2575490181,-453.70461086010016,equity_%,-1.3759027065404186e-05,3996.2658840745216,3.1241835261261523e-06,6.248367052252304e-08,"Method: equity_%, ATR: 640167.26, Risk: 3996.27"
2024-01-20 00:00:00,USDJPY,357927.1919846741,-451.6071375638131,equity_%,-2.473008212016505e-05,3997.431671668315,5.587728579407952e-06,1.1175457158815905e-07,"Method: equity_%, ATR: 357927.19, Risk: 3997.43"
2024-01-20 01:00:00,USDJPY,704548.4703645331,-460.0853844870012,equity_%,-1.2335654917890547e-05,3998.6328118189736,2.838697526325195e-06,5.6773950526503914e-08,"Method: equity_%, ATR: 704548.47, Risk: 3998.63"
2024-01-20 02:00:00,USDJPY,894181.3216324106,-484.9714331183372,equity_%,-9.220106198299195e-06,3998.3211536688145,2.2366828199327795e-06,4.47336563986556e-08,"Method: equity_%, ATR: 894181.32, Risk: 3998.32"
2024-01-20 03:00:00,USDJPY,943094.3995289528,-439.11671087831326,equity_%,-9.659026255538263e-06,4000.078158683877,2.1206784824498376e-06,4.2413569648996753e-08,"Method: equity_%, ATR: 943094.40, Risk: 4000.08"
2024-01-20 04:00:00,USDJPY,929490.6522862965,-499.9022170644027,equity_%,-8.613436158786824e-06,4002.271336047126,2.151716098575644e-06,4.303432197151287e-08,"Method: equity_%, ATR: 929490.65, Risk: 4002.27"
2024-01-20 05:00:00,USDJPY,849122.2540512644,-566.217864061366,equity_%,-8.329270683279472e-06,4004.614967636994,2.3553734346941913e-06,4.710746869388382e-08,"Method: equity_%, ATR: 849122.25, Risk: 4004.61"
2024-01-20 06:00:00,USDJPY,967461.8751212666,-586.7795229053773,equity_%,-7.0572653918868804e-06,4006.316530663476,2.067264924263098e-06,4.134529848526196e-08,"Method: equity_%, ATR: 967461.88, Risk: 4006.32"
2024-01-20 07:00:00,USDJPY,447838.9043635059,-597.7219902132206,equity_%,-1.4965405552180595e-05,4005.987067013294,4.4658915974317e-06,8.931783194863401e-08,"Method: equity_%, ATR: 447838.90, Risk: 4005.99"
2024-01-20 08:00:00,USDJPY,665239.5070008822,-571.4518740346318,equity_%,-1.0534834087238003e-05,4004.8420716290466,3.0064359962874964e-06,6.012871992574992e-08,"Method: equity_%, ATR: 665239.51, Risk: 4004.84"
2024-01-20 09:00:00,USDJPY,549982.3845439107,-557.1835029441137,equity_%,-1.3070101886243044e-05,4005.21655045454,3.636480105919319e-06,7.272960211838638e-08,"Method: equity_%, ATR: 549982.38, Risk: 4005.22"
2024-01-20 10:00:00,USDJPY,1143610.2992599478,-609.4085316310861,equity_%,-5.754042599751081e-06,4010.1411634352453,1.7488474887767612e-06,3.4976949775535223e-08,"Method: equity_%, ATR: 1143610.30, Risk: 4010.14"
2024-01-20 11:00:00,USDJPY,863872.6187843952,-564.8189687428137,equity_%,-8.23006999253534e-06,4015.71156249172,2.3151561428284586e-06,4.6303122856569175e-08,"Method: equity_%, ATR: 863872.62, Risk: 4015.71"
2024-01-20 12:00:00,USDJPY,773437.2908250714,-570.2673981864707,equity_%,-9.107435208581055e-06,4016.9806688823987,2.5858592852000727e-06,5.171718570400145e-08,"Method: equity_%, ATR: 773437.29, Risk: 4016.98"
2024-01-20 13:00:00,USDJPY,898214.3458794348,-550.4728464061249,equity_%,-8.12158146927318e-06,4015.6559199829967,2.226640009898545e-06,4.45328001979709e-08,"Method: equity_%, ATR: 898214.35, Risk: 4015.66"
2024-01-20 14:00:00,USDJPY,1116836.886504875,-513.2120777901962,equity_%,-7.008187992048612e-06,4016.912399152046,1.7907717986097069e-06,3.581543597219414e-08,"Method: equity_%, ATR: 1116836.89, Risk: 4016.91"
2024-01-20 15:00:00,USDJPY,776278.0537605301,-518.5815563895397,equity_%,-9.99764653852643e-06,4024.687395457856,2.5763964217607127e-06,5.152792843521426e-08,"Method: equity_%, ATR: 776278.05, Risk: 4024.69"
2024-01-20 16:00:00,USDJPY,449264.69667261245,-502.25693868822617,equity_%,-1.7856193958285288e-05,4029.1842989638058,4.451718585530074e-06,8.903437171060147e-08,"Method: equity_%, ATR: 449264.70, Risk: 4029.18"
2024-01-20 17:00:00,USDJPY,452256.4808589902,-487.1974809070052,equity_%,-1.830066776435557e-05,4032.3365270384033,4.422269408282031e-06,8.844538816564061e-08,"Method: equity_%, ATR: 452256.48, Risk: 4032.34"
2024-01-20 18:00:00,USDJPY,694194.4100078115,-424.5279831086702,equity_%,-1.3697511846690088e-05,4036.7245817895614,2.881037316300912e-06,5.762074632601823e-08,"Method: equity_%, ATR: 694194.41, Risk: 4036.72"
2024-01-20 19:00:00,USDJPY,536253.4793625821,-443.78849062135646,equity_%,-1.698795378556656e-05,4042.8462816235856,3.7295795308914373e-06,7.459159061782875e-08,"Method: equity_%, ATR: 536253.48, Risk: 4042.85"
2024-01-20 20:00:00,USDJPY,582165.8467018739,-468.41935855743344,equity_%,-1.481819210528466e-05,4040.8876830189442,3.4354471519250703e-06,6.870894303850141e-08,"Method: equity_%, ATR: 582165.85, Risk: 4040.89"
2024-01-20 21:00:00,USDJPY,335444.7615854707,-460.17480712824585,equity_%,-2.6179884960977316e-05,4041.2115634128527,5.962233515130936e-06,1.1924467030261872e-07,"Method: equity_%, ATR: 335444.76, Risk: 4041.21"
2024-01-20 22:00:00,USDJPY,577934.5273931358,-424.59810929572643,equity_%,-1.6468180935309953e-05,4041.1253985143426,3.460599609823128e-06,6.921199219646256e-08,"Method: equity_%, ATR: 577934.53, Risk: 4041.13"
2024-01-20 23:00:00,USDJPY,304250.83610776596,-426.06167519764665,equity_%,-3.1199556962678333e-05,4044.386741705556,6.573523430816795e-06,1.314704686163359e-07,"Method: equity_%, ATR: 304250.84, Risk: 4044.39"
2024-01-21 00:00:00,USDJPY,69333.52963763355,-425.2204308007635,equity_%,-0.0001372485753446402,4046.3670743774746,2.884607217392291e-05,5.769214434784582e-07,"Method: equity_%, ATR: 69333.53, Risk: 4046.37"
2024-01-21 01:00:00,USDJPY,308602.40266580094,-434.4240818732405,equity_%,-3.0210395621665287e-05,4050.136008249543,6.480830942090518e-06,1.2961661884181033e-07,"Method: equity_%, ATR: 308602.40, Risk: 4050.14"
2024-01-21 02:00:00,USDJPY,855895.5690394078,-390.66791386348154,equity_%,-1.211264169458413e-05,4050.115346199941,2.3367336768020057e-06,4.6734673536040115e-08,"Method: equity_%, ATR: 855895.57, Risk: 4050.12"
2024-01-21 03:00:00,USDJPY,473897.84088681894,-403.3720882803964,equity_%,-2.1216736878019684e-05,4055.731202351979,4.220318869267987e-06,8.440637738535972e-08,"Method: equity_%, ATR: 473897.84, Risk: 4055.73"
2024-01-21 04:00:00,USDJPY,247316.82574833996,-413.4796977113949,equity_%,-3.9673419773958565e-05,4057.023201227531,8.086793100098748e-06,1.6173586200197498e-07,"Method: equity_%, ATR: 247316.83, Risk: 4057.02"
2024-01-21 05:00:00,USDJPY,706551.8933987534,-441.6626440543246,equity_%,-1.3012364165980125e-05,4060.6068378834057,2.8306484190132506e-06,5.661296838026502e-08,"Method: equity_%, ATR: 706551.89, Risk: 4060.61"
2024-01-21 06:00:00,USDJPY,1049034.0597347,-490.0870476223117,equity_%,-7.9080931154564e-06,4065.693057380174,1.9065157908274192e-06,3.8130315816548386e-08,"Method: equity_%, ATR: 1049034.06, Risk: 4065.69"
2024-01-21 07:00:00,USDJPY,605813.4814532548,-465.0834911532662,equity_%,-1.4447144007479651e-05,4070.538430326659,3.3013461423841256e-06,6.602692284768251e-08,"Method: equity_%, ATR: 605813.48, Risk: 4070.54"
2024-01-21 08:00:00,USDJPY,525955.4063056015,-479.54244844647127,equity_%,-1.6149211519380076e-05,4073.1209155518645,3.8026037493336825e-06,7.605207498667365e-08,"Method: equity_%, ATR: 525955.41, Risk: 4073.12"
2024-01-21 09:00:00,USDJPY,2772874.7320277877,-589.509864336953,equity_%,-2.4941800158442973e-06,4077.078956271012,7.212731166320706e-07,1.442546233264141e-08,"Method: equity_%, ATR: 2772874.73, Risk: 4077.08"
2024-01-21 10:00:00,USDJPY,289393.1806320643,-602.3645827637688,equity_%,-2.3427026125211797e-05,4083.803938262929,6.911012884380328e-06,1.3822025768760659e-07,"Method: equity_%, ATR: 289393.18, Risk: 4083.80"
2024-01-21 11:00:00,USDJPY,493066.3922015276,-601.3145192945999,equity_%,-1.3784183539575772e-05,4086.8447419648533,4.056248877701958e-06,8.112497755403916e-08,"Method: equity_%, ATR: 493066.39, Risk: 4086.84"
2024-01-21 12:00:00,USDJPY,793737.6526815637,-570.8053070985749,equity_%,-9.018824525395851e-06,4086.1558027586684,2.5197242353858346e-06,5.039448470771669e-08,"Method: equity_%, ATR: 793737.65, Risk: 4086.16"
2024-01-21 13:00:00,USDJPY,1346757.7057266692,-632.5540496730943,equity_%,-4.800351168797629e-06,4089.4049549515603,1.485048120753734e-06,2.9700962415074675e-08,"Method: equity_%, ATR: 1346757.71, Risk: 4089.40"
2024-01-21 14:00:00,USDJPY,807756.7580486767,-651.1214449329449,equity_%,-7.777945872175194e-06,4090.7931112975016,2.4759929026548322e-06,4.951985805309665e-08,"Method: equity_%, ATR: 807756.76, Risk: 4090.79"
2024-01-21 15:00:00,USDJPY,591051.9349270498,-678.0908605073608,equity_%,-1.0193070066350117e-05,4085.2491078942885,3.3837973988645324e-06,6.767594797729065e-08,"Method: equity_%, ATR: 591051.93, Risk: 4085.25"
2024-01-21 16:00:00,USDJPY,523065.06757763034,-671.2265054375738,equity_%,-1.1643952496551025e-05,4088.135101965398,3.8236160737367e-06,7.647232147473399e-08,"Method: equity_%, ATR: 523065.07, Risk: 4088.14"
2024-01-21 17:00:00,USDJPY,751226.0279197255,-601.3620541105204,equity_%,-9.053470142028193e-06,4089.985053915445,2.662314570673683e-06,5.324629141347366e-08,"Method: equity_%, ATR: 751226.03, Risk: 4089.99"
2024-01-21 18:00:00,USDJPY,435980.24422615825,-622.9393145176685,equity_%,-1.5077748994903718e-05,4094.9543072299375,4.587363823216104e-06,9.174727646432208e-08,"Method: equity_%, ATR: 435980.24, Risk: 4094.95"
2024-01-21 19:00:00,USDJPY,996519.0923562602,-689.391790433955,equity_%,-5.9596087608791746e-06,4094.204026257473,2.0069861333725365e-06,4.013972266745073e-08,"Method: equity_%, ATR: 996519.09, Risk: 4094.20"
