timestamp,pair,entry_price,stop_loss_price,stop_loss_pips,stop_type,stop_hit,exit_price,exit_reason
2024-01-01 01:00:00,EURUSD,-112.29059725462392,-306.831870835407,1945412.7358078314,atr,False,0.0,
2024-01-01 02:00:00,EURUSD,-85.94961179704563,-206.5086920618562,1205590.8026481057,atr,False,0.0,
2024-01-01 03:00:00,EURUSD,-107.0252743757154,-159.71302351846265,526877.4914274724,atr,False,0.0,
2024-01-01 04:00:00,EURUSD,-116.48341238720143,-147.02241068470912,305389.98297507694,atr,False,0.0,
2024-01-01 05:00:00,EURUSD,-57.17192222336278,-182.76070690615157,1255887.846827888,atr,False,0.0,
2024-01-01 06:00:00,EURUSD,-68.80908807097379,-199.6052301439037,1307961.420729299,atr,False,0.0,
2024-01-01 07:00:00,EURUSD,-124.38044673696143,-275.2693468691989,1508889.0013223747,atr,False,0.0,
2024-01-01 08:00:00,EURUSD,-136.3711584352776,-214.96216032140353,785910.0188612591,atr,False,0.0,
2024-01-01 09:00:00,EURUSD,-152.47683129892536,-328.5134939649441,1760366.6266601873,atr,False,0.0,
2024-01-01 10:00:00,EURUSD,-140.50933928622644,-240.97419645041953,1004648.5716419308,atr,False,0.0,
2024-01-01 11:00:00,EURUSD,-183.07549705105257,-343.53937838253285,1604638.8133148025,atr,False,0.0,
2024-01-01 12:00:00,EURUSD,-116.67290884835916,-224.221615030269,1075487.0618190984,atr,False,0.0,
2024-01-01 13:00:00,EURUSD,-46.672151931187614,-229.85731675580638,1831851.6482461877,atr,False,0.0,
2024-01-01 14:00:00,EURUSD,-118.75898620607254,-246.31667356192077,1275576.8735584822,atr,False,0.0,
2024-01-01 15:00:00,EURUSD,-60.65070336054785,-168.55477836857298,1079040.7500802514,atr,False,0.0,
2024-01-01 16:00:00,EURUSD,19.44856392881927,-188.46307359655503,2079116.3752537428,atr,False,0.0,
2024-01-01 17:00:00,EURUSD,-34.01589649562024,-136.2049535127713,1021890.5701715107,atr,False,0.0,
2024-01-01 18:00:00,EURUSD,-24.096834493282763,-40.380696406203256,162838.61912920498,atr,False,0.0,
2024-01-01 19:00:00,EURUSD,14.247925630544522,-155.35630574003352,1696042.3137057805,atr,False,0.0,
2024-01-01 20:00:00,EURUSD,33.07188893889902,-61.63399030015742,947058.7923905645,atr,False,0.0,
2024-01-01 21:00:00,EURUSD,25.735531923566796,-55.89155101028534,816270.8293385213,atr,False,0.0,
2024-01-01 22:00:00,EURUSD,-37.39398995812859,-232.965569581751,1955715.796236224,atr,False,0.0,
2024-01-01 23:00:00,EURUSD,-150.0852498229723,-453.68228684136,3035970.370183877,atr,False,0.0,
2024-01-02 00:00:00,EURUSD,-128.24919580778612,-204.1590184703848,759098.2266259869,atr,False,0.0,
2024-01-02 01:00:00,EURUSD,-84.82014576440636,-159.1036307073543,742834.8494294795,atr,False,0.0,
2024-01-02 02:00:00,EURUSD,-75.91976043971239,-147.638022726594,717182.6228688161,atr,False,0.0,
2024-01-02 03:00:00,EURUSD,-133.00098190499418,-227.6231255628831,946221.4365788891,atr,False,0.0,
2024-01-02 04:00:00,EURUSD,-124.11325883117502,-290.898299868492,1667850.4103731702,atr,False,0.0,
2024-01-02 05:00:00,EURUSD,-152.56994466368104,-248.48834814042837,959184.0347674733,atr,False,0.0,
2024-01-02 06:00:00,EURUSD,-155.30951183280484,-225.39322954227052,700837.1770946567,atr,False,0.0,
2024-01-02 07:00:00,EURUSD,-126.60483726655953,-184.7636087100023,581587.7144344279,atr,False,0.0,
2024-01-02 08:00:00,EURUSD,-113.0284932595499,-170.75189215787213,577233.9889832222,atr,False,0.0,
2024-01-02 09:00:00,EURUSD,-134.18525368800653,-252.61251191698395,1184272.5822897742,atr,False,0.0,
2024-01-02 10:00:00,EURUSD,-218.81629677078718,-390.9682596332425,1721519.6286245529,atr,False,0.0,
2024-01-02 11:00:00,EURUSD,-201.4224360791749,-280.7854747603582,793630.3868118332,atr,False,0.0,
2024-01-02 12:00:00,EURUSD,-86.77829903409896,-297.3433235596615,2105650.2452556253,atr,False,0.0,
2024-01-02 13:00:00,EURUSD,-56.66220439051958,-111.04828863182314,543860.8424130356,atr,False,0.0,
2024-01-02 14:00:00,EURUSD,-223.80942862697572,-567.0161705962199,3432067.4196924423,atr,False,0.0,
2024-01-02 15:00:00,EURUSD,-218.5414002224404,-227.6486517037457,91072.5148130534,atr,False,0.0,
2024-01-02 16:00:00,EURUSD,-212.47948888400677,-267.6884802176015,552089.9133359473,atr,False,0.0,
2024-01-02 17:00:00,EURUSD,-165.17965441432113,-373.05296864654497,2078733.1423222385,atr,False,0.0,
2024-01-02 18:00:00,EURUSD,-228.38637864198557,-345.36312583755796,1169767.471955724,atr,False,0.0,
2024-01-02 19:00:00,EURUSD,-232.04032646852627,-351.91143104926266,1198711.0458073642,atr,False,0.0,
2024-01-02 20:00:00,EURUSD,-235.48141322905525,-288.2075048672898,527260.9163823457,atr,False,0.0,
2024-01-02 21:00:00,EURUSD,-213.21720266816453,-576.9680485195822,3637508.4585141763,atr,False,0.0,
2024-01-02 22:00:00,EURUSD,-223.93501055237192,-401.4358740767691,1775008.6352439718,atr,False,0.0,
2024-01-02 23:00:00,EURUSD,-239.37977753016992,-295.74333207838873,563635.545482188,atr,False,0.0,
2024-01-03 00:00:00,EURUSD,-176.08667364796455,-288.7032382878801,1126165.6463991555,atr,False,0.0,
2024-01-03 01:00:00,EURUSD,-195.01163909662824,-276.6562422815007,816446.0318487243,atr,False,0.0,
2024-01-03 02:00:00,EURUSD,-160.01923181733778,-260.7076945609851,1006884.6274364733,atr,False,0.0,
2024-01-03 03:00:00,EURUSD,-162.61974486967293,-261.40798763032785,987882.4276065492,atr,False,0.0,
2024-01-03 04:00:00,EURUSD,-196.15805688399607,-354.723206979921,1585651.5009592494,atr,False,0.0,
2024-01-03 05:00:00,EURUSD,-267.66051225994875,-446.64142216617586,1789809.0990622714,atr,False,0.0,
2024-01-03 06:00:00,EURUSD,-209.06784646948336,-401.52834302437975,1924604.9655489642,atr,False,0.0,
2024-01-03 07:00:00,EURUSD,-208.51105802466648,-351.33883686443903,1428277.7883977252,atr,False,0.0,
2024-01-03 08:00:00,EURUSD,-216.78700811803319,-268.00748517044315,512204.77052409964,atr,False,0.0,
2024-01-03 09:00:00,EURUSD,-278.51557921252385,-393.5673642611828,1150517.8504865891,atr,False,0.0,
2024-01-03 10:00:00,EURUSD,-228.78239116411413,-320.7846108884097,920022.1972429559,atr,False,0.0,
2024-01-03 11:00:00,EURUSD,-203.64192283304138,-265.01657299530405,613746.5016226267,atr,False,0.0,
2024-01-03 12:00:00,EURUSD,-153.8363111505475,-262.2242762361687,1083879.650856212,atr,False,0.0,
2024-01-03 13:00:00,EURUSD,-113.2695251390537,-270.02584753197164,1567563.2239291794,atr,False,0.0,
2024-01-03 14:00:00,EURUSD,-92.94909274639345,-192.49339570948598,995443.0296309253,atr,False,0.0,
2024-01-03 15:00:00,EURUSD,-98.49781178524822,-124.90600653510799,264081.9474985978,atr,False,0.0,
2024-01-03 16:00:00,EURUSD,-80.29986095704,-143.9638733218031,636640.123647631,atr,False,0.0,
2024-01-03 17:00:00,EURUSD,-56.80238667830386,-125.32782538249445,685254.3870419059,atr,False,0.0,
2024-01-03 18:00:00,EURUSD,-104.3755833191008,-276.79306304069115,1724174.7972159034,atr,False,0.0,
2024-01-03 19:00:00,EURUSD,-154.7291390478413,-281.13427026470225,1264051.3121686094,atr,False,0.0,
2024-01-03 20:00:00,EURUSD,-180.47198996286227,-344.3246487500287,1638526.5878716647,atr,False,0.0,
2024-01-03 21:00:00,EURUSD,-177.57411839412944,-225.02807757387146,474539.5917974202,atr,False,0.0,
2024-01-03 22:00:00,EURUSD,-169.36748635625173,-213.4291881525839,440617.0179633214,atr,False,0.0,
2024-01-03 23:00:00,EURUSD,-191.18646462196713,-299.56364542891185,1083771.8080694473,atr,False,0.0,
2024-01-04 00:00:00,EURUSD,-193.62438812925853,-225.92656364843037,323021.7551917183,atr,False,0.0,
2024-01-04 01:00:00,EURUSD,-382.51391671237525,-825.3882789310524,4428743.622186772,atr,False,0.0,
2024-01-04 02:00:00,EURUSD,-418.74878392485954,-484.34413794273127,655953.5401787172,atr,False,0.0,
2024-01-04 03:00:00,EURUSD,-426.84497138518026,-452.97516003997214,261301.88654791907,atr,False,0.0,
2024-01-04 04:00:00,EURUSD,-392.7745868709246,-508.61237406232016,1158377.8719139555,atr,False,0.0,
2024-01-04 05:00:00,EURUSD,-420.0595523195801,-469.38129648202954,493217.44162449444,atr,False,0.0,
2024-01-04 06:00:00,EURUSD,-443.1778777103986,-535.928117688129,927502.3997773033,atr,False,0.0,
2024-01-04 07:00:00,EURUSD,-425.67116112367296,-498.86286264229284,731917.0151861985,atr,False,0.0,
2024-01-04 08:00:00,EURUSD,-420.18269420783776,-518.3840558387335,982013.6163089572,atr,False,0.0,
2024-01-04 09:00:00,EURUSD,-320.9919137274717,-482.9016640370935,1619097.5030962182,atr,False,0.0,
2024-01-04 10:00:00,EURUSD,-259.7109681040453,-479.2472555147964,2195362.8741075103,atr,False,0.0,
2024-01-04 11:00:00,EURUSD,-302.2242562237795,-391.1958097298346,889715.535060551,atr,False,0.0,
2024-01-04 12:00:00,EURUSD,-266.49385927774114,-333.97655663076364,674826.9735302248,atr,False,0.0,
2024-01-04 13:00:00,EURUSD,-253.3979726229453,-308.3566850643846,549587.1244143926,atr,False,0.0,
2024-01-04 14:00:00,EURUSD,-241.99737820606126,-328.236901493283,862395.2328722179,atr,False,0.0,
2024-01-04 15:00:00,EURUSD,-245.39663001006664,-341.9886737932779,965920.4378321125,atr,False,0.0,
2024-01-04 16:00:00,EURUSD,-239.33444814225015,-357.32886383578887,1179944.1569353873,atr,False,0.0,
2024-01-04 17:00:00,EURUSD,-207.94667293914333,-340.91132134000543,1329646.4840086207,atr,False,0.0,
2024-01-04 18:00:00,EURUSD,-238.95040788839916,-371.03735597068237,1320869.4808228323,atr,False,0.0,
2024-01-04 19:00:00,EURUSD,-202.55617576017517,-371.1479615658774,1685917.8580570226,atr,False,0.0,
2024-01-04 20:00:00,EURUSD,-179.41312938478876,-254.07555138517301,746624.2200038424,atr,False,0.0,
2024-01-04 21:00:00,EURUSD,-135.0663324306664,-293.28577358779864,1582194.4115713225,atr,False,0.0,
2024-01-04 22:00:00,EURUSD,-84.73127455439933,-379.05503394222103,2943237.593878217,atr,False,0.0,
2024-01-04 23:00:00,EURUSD,-87.54099667437323,-191.61127218699272,1040702.755126195,atr,False,0.0,
2024-01-05 00:00:00,EURUSD,-104.0330213551244,-154.4028518519862,503698.30496861815,atr,False,0.0,
2024-01-05 01:00:00,EURUSD,-124.97459477847414,-221.8445917737576,968699.9699528347,atr,False,0.0,
2024-01-05 02:00:00,EURUSD,-71.27351108460499,-197.49490797028312,1262213.9688567815,atr,False,0.0,
2024-01-05 03:00:00,EURUSD,-53.11315826950511,-173.36429697583097,1202511.3870632586,atr,False,0.0,
2024-01-05 04:00:00,EURUSD,-81.95887026217535,-161.95700505723667,799981.3479506131,atr,False,0.0,
2024-01-05 05:00:00,EURUSD,-94.25399245291041,-229.49801247166403,1352440.2001875362,atr,False,0.0,
2024-01-05 06:00:00,EURUSD,-155.52588041492447,-299.4867051991813,1439608.247842568,atr,False,0.0,
2024-01-05 07:00:00,EURUSD,-164.70572114224842,-271.21718000394844,1065114.5886170003,atr,False,0.0,
2024-01-05 08:00:00,EURUSD,-136.8223261155942,-201.55804141131046,647357.1529571625,atr,False,0.0,
2024-01-05 09:00:00,EURUSD,-125.50358861576481,-194.02518114023562,685215.9252447081,atr,False,0.0,
2024-01-05 10:00:00,EURUSD,-60.606999592454926,-206.87555815243604,1462685.5855998113,atr,False,0.0,
2024-01-05 11:00:00,EURUSD,38.13073560430169,-313.88907839499643,3520198.139992981,atr,False,0.0,
2024-01-05 12:00:00,EURUSD,92.90473780604182,-75.69296931129122,1685977.0711733303,atr,False,0.0,
2024-01-05 13:00:00,EURUSD,114.4781172382873,56.64378455977354,578343.3267851375,atr,False,0.0,
2024-01-05 14:00:00,EURUSD,103.06278187546626,14.155294247351875,889074.8762811439,atr,False,0.0,
2024-01-05 15:00:00,EURUSD,178.72860813852571,1.1323618758162866,1775962.4626270942,atr,False,0.0,
2024-01-05 16:00:00,EURUSD,262.37433313410816,80.9081482595227,1814661.8487458546,atr,False,0.0,
2024-01-05 17:00:00,EURUSD,242.86615733690726,171.02450516727623,718416.5216963103,atr,False,0.0,
2024-01-05 18:00:00,EURUSD,256.6059964811553,130.3430761278992,1262629.2035325607,atr,False,0.0,
2024-01-05 19:00:00,EURUSD,275.02063471842223,201.23883065850995,737818.0405991228,atr,False,0.0,
2024-01-05 20:00:00,EURUSD,317.0102506412471,207.05766808592364,1099525.825553235,atr,False,0.0,
2024-01-05 21:00:00,EURUSD,437.08059955261245,76.21911035049618,3608614.892021163,atr,False,0.0,
2024-01-05 22:00:00,EURUSD,469.8281727225944,299.0810909124794,1707470.81810115,atr,False,0.0,
2024-01-05 23:00:00,EURUSD,508.05133738684435,360.3314859085006,1477198.5147834374,atr,False,0.0,
2024-01-06 00:00:00,EURUSD,511.02831253778004,447.347646623254,636806.6591452607,atr,False,0.0,
2024-01-06 01:00:00,EURUSD,456.4232713293889,202.65100954437824,2537722.6178501067,atr,False,0.0,
2024-01-06 02:00:00,EURUSD,549.9102756158891,323.3536733715904,2265566.0224429867,atr,False,0.0,
2024-01-06 03:00:00,EURUSD,547.4624642123921,493.5871463003777,538753.179120144,atr,False,0.0,
2024-01-06 04:00:00,EURUSD,642.4797720289077,478.64911679269596,1638306.552362118,atr,False,0.0,
2024-01-06 05:00:00,EURUSD,620.8198911271827,541.7524135034109,790674.7762377182,atr,False,0.0,
2024-01-06 06:00:00,EURUSD,587.4284863410146,521.49572095651,659327.6538450454,atr,False,0.0,
2024-01-06 07:00:00,EURUSD,577.6500917929177,441.9926033528279,1356574.8844008977,atr,False,0.0,
2024-01-06 08:00:00,EURUSD,534.0325963784367,430.1274818763727,1039051.1450206395,atr,False,0.0,
2024-01-06 09:00:00,EURUSD,496.9857249577785,338.50892491214915,1584768.0004562933,atr,False,0.0,
2024-01-06 10:00:00,EURUSD,519.3684553502512,364.6078819018637,1547605.7344838749,atr,False,0.0,
2024-01-06 11:00:00,EURUSD,429.2686368268218,231.26529264697453,1980033.4417984728,atr,False,0.0,
2024-01-06 12:00:00,EURUSD,397.3146192452414,295.53041518002715,1017842.0406521426,atr,False,0.0,
2024-01-06 13:00:00,EURUSD,337.25761586750536,169.4158817550744,1678417.3411243097,atr,False,0.0,
2024-01-06 14:00:00,EURUSD,454.5508098830533,-35.78617842174617,4903369.883047995,atr,False,0.0,
2024-01-06 15:00:00,EURUSD,446.2251318194159,357.0945351829714,891305.9663644447,atr,False,0.0,
2024-01-06 16:00:00,EURUSD,448.5637282426181,370.2693262990131,782944.0194360501,atr,False,0.0,
2024-01-06 17:00:00,EURUSD,443.64594322133667,421.1499484592981,224959.9476203855,atr,False,0.0,
2024-01-06 18:00:00,EURUSD,378.5525930560262,207.1983266233732,1713542.66432653,atr,False,0.0,
2024-01-06 19:00:00,EURUSD,326.38776244721055,119.83829891183433,2065494.6353537622,atr,False,0.0,
2024-01-06 20:00:00,EURUSD,359.4980477859268,296.28823868829886,632098.0909762792,atr,False,0.0,
2024-01-06 21:00:00,EURUSD,389.02503074426994,191.29973427282206,1977252.9647144787,atr,False,0.0,
2024-01-06 22:00:00,EURUSD,385.5009414169422,330.3506347800228,551503.066369194,atr,False,0.0,
2024-01-06 23:00:00,EURUSD,388.24785370520783,347.66215485356895,405856.9885163888,atr,False,0.0,
2024-01-07 00:00:00,EURUSD,469.6871090273114,157.93677850817716,3117503.3051913423,atr,False,0.0,
2024-01-07 01:00:00,EURUSD,463.6599305472992,402.18099183158506,614789.3871571417,atr,False,0.0,
2024-01-07 02:00:00,EURUSD,407.191779665867,302.2866184415914,1049051.6122427562,atr,False,0.0,
2024-01-07 03:00:00,EURUSD,460.6210405593098,300.5539971622725,1600670.4339703731,atr,False,0.0,
2024-01-07 04:00:00,EURUSD,485.0140090714184,375.4329373097796,1095810.717616388,atr,False,0.0,
2024-01-07 05:00:00,EURUSD,457.5269222498713,386.8691972400348,706577.2500983649,atr,False,0.0,
2024-01-07 06:00:00,EURUSD,502.5082827051799,357.8910605790619,1446172.22126118,atr,False,0.0,
2024-01-07 07:00:00,EURUSD,505.5997083663809,452.07203709667317,535276.7126970775,atr,False,0.0,
2024-01-07 08:00:00,EURUSD,510.405884768077,399.79466620033713,1106112.1856773982,atr,False,0.0,
2024-01-07 09:00:00,EURUSD,528.7998911584814,481.14581980312727,476540.71355354117,atr,False,0.0,
2024-01-07 10:00:00,EURUSD,535.7172134492557,485.0361970185596,506810.16430696106,atr,False,0.0,
2024-01-07 11:00:00,EURUSD,545.2347142514499,502.9871745435061,422475.3970794376,atr,False,0.0,
2024-01-07 12:00:00,EURUSD,494.67259693217824,412.8180320355786,818545.6489659963,atr,False,0.0,
2024-01-07 13:00:00,EURUSD,457.6243617046063,277.1222082959453,1805021.53408661,atr,False,0.0,
2024-01-07 14:00:00,EURUSD,474.9661235253405,411.3946681398723,635714.553854682,atr,False,0.0,
2024-01-07 15:00:00,EURUSD,375.7849137387733,96.80376361910021,2789811.501196731,atr,False,0.0,
2024-01-07 16:00:00,EURUSD,395.32152707789135,286.99332771157435,1083281.9936631697,atr,False,0.0,
2024-01-07 17:00:00,EURUSD,261.0373727967916,50.68466293082983,2103527.098659618,atr,False,0.0,
2024-01-07 18:00:00,EURUSD,245.41359144173026,116.70470802636805,1287088.8341536222,atr,False,0.0,
2024-01-07 19:00:00,EURUSD,213.3858364493069,105.54762648766554,1078382.0996164137,atr,False,0.0,
2024-01-07 20:00:00,EURUSD,256.10726335723484,145.19256924382063,1109146.9411341422,atr,False,0.0,
2024-01-07 21:00:00,EURUSD,344.1664810859482,88.08922016508069,2560772.609208675,atr,False,0.0,
2024-01-07 22:00:00,EURUSD,363.65013042506376,192.1024998909685,1715476.3053409527,atr,False,0.0,
2024-01-07 23:00:00,EURUSD,408.1107121895769,283.2251995005759,1248855.1268900095,atr,False,0.0,
2024-01-08 00:00:00,EURUSD,442.9266781380984,337.1387151710776,1057879.629670208,atr,False,0.0,
2024-01-08 01:00:00,EURUSD,421.6195302776014,343.02016713372467,785993.6314387675,atr,False,0.0,
2024-01-08 02:00:00,EURUSD,401.7071698155069,360.5523996801418,411547.7013536511,atr,False,0.0,
2024-01-08 03:00:00,EURUSD,421.2103034158394,182.86782406043497,2383424.7935540443,atr,False,0.0,
2024-01-08 04:00:00,EURUSD,438.81862392164595,356.2454412151327,825731.8270651326,atr,False,0.0,
2024-01-08 05:00:00,EURUSD,413.0030736348091,364.1912362307521,488118.37404056947,atr,False,0.0,
2024-01-08 06:00:00,EURUSD,381.15882573951325,256.21456793347056,1249442.5780604265,atr,False,0.0,
2024-01-08 07:00:00,EURUSD,370.4858094581495,285.5327469327002,849530.6252544927,atr,False,0.0,
2024-01-08 08:00:00,EURUSD,322.5908486016329,234.2579870568993,883328.6154473359,atr,False,0.0,
2024-01-08 09:00:00,EURUSD,318.1584071443578,261.86301275100726,562953.9439335053,atr,False,0.0,
2024-01-08 10:00:00,EURUSD,324.981453274507,257.8036212855792,671778.3198892777,atr,False,0.0,
2024-01-08 11:00:00,EURUSD,354.6894510556543,225.62864741658868,1290608.036390656,atr,False,0.0,
2024-01-08 12:00:00,EURUSD,289.18281106686766,159.10122751987663,1300815.8354699102,atr,False,0.0,
2024-01-08 13:00:00,EURUSD,371.91104875653497,194.34743906419277,1775636.096923422,atr,False,0.0,
2024-01-08 14:00:00,EURUSD,351.13383775765396,238.18495424185517,1129488.8351579881,atr,False,0.0,
2024-01-08 15:00:00,EURUSD,316.61243372118224,234.56774517571836,820446.8854546389,atr,False,0.0,
2024-01-08 16:00:00,EURUSD,344.09550703472956,58.49602086885727,2855994.861658723,atr,False,0.0,
2024-01-08 17:00:00,EURUSD,378.9862687624623,288.2457790130901,907404.8974937224,atr,False,0.0,
2024-01-08 18:00:00,EURUSD,372.33467167999993,299.4633466736217,728713.2500637821,atr,False,0.0,
2024-01-08 19:00:00,EURUSD,365.9442126435844,292.5364742917239,734077.3835186053,atr,False,0.0,
2024-01-08 20:00:00,EURUSD,375.22693002860143,308.10826465118663,671186.653774148,atr,False,0.0,
2024-01-08 21:00:00,EURUSD,409.70121598454443,310.74519176079986,989560.2422374459,atr,False,0.0,
2024-01-08 22:00:00,EURUSD,416.038874879964,259.5636404856845,1564752.343942795,atr,False,0.0,
2024-01-08 23:00:00,EURUSD,392.20458837716467,249.56185202378035,1426427.3635338433,atr,False,0.0,
2024-01-09 00:00:00,EURUSD,376.3131073403241,279.47890325788165,968342.0408244247,atr,False,0.0,
2024-01-09 01:00:00,EURUSD,439.5350950711463,297.26360000380595,1422714.9506734037,atr,False,0.0,
2024-01-09 02:00:00,EURUSD,439.73630914831637,418.56494066605546,211713.684822609,atr,False,0.0,
2024-01-09 03:00:00,EURUSD,409.6132682041061,327.1600525902595,824532.1561384655,atr,False,0.0,
2024-01-09 04:00:00,EURUSD,466.5245779131304,285.72763222224864,1807969.4569088174,atr,False,0.0,
2024-01-09 05:00:00,EURUSD,500.1769505170187,356.38351206931577,1437934.3844770293,atr,False,0.0,
2024-01-09 06:00:00,EURUSD,525.0983898099377,312.6523453236112,2124460.4448632644,atr,False,0.0,
2024-01-09 07:00:00,EURUSD,502.9299976511815,403.80182039688157,991281.7725429997,atr,False,0.0,
2024-01-09 08:00:00,EURUSD,522.4308453070698,482.0759783880111,403548.6691905871,atr,False,0.0,
2024-01-09 09:00:00,EURUSD,501.2362992204762,411.1873033495027,900489.9587097351,atr,False,0.0,
2024-01-09 10:00:00,EURUSD,537.7180944241207,318.1625936965635,2195555.007275573,atr,False,0.0,
2024-01-09 11:00:00,EURUSD,529.7962310650821,494.18664128699226,356095.89778089855,atr,False,0.0,
2024-01-09 12:00:00,EURUSD,491.99655235515934,354.7699090782361,1372266.432769233,atr,False,0.0,
2024-01-09 13:00:00,EURUSD,541.1514395871739,319.76841593913946,2213830.236480344,atr,False,0.0,
2024-01-09 14:00:00,EURUSD,556.716031061835,416.1915142462059,1405245.1681562911,atr,False,0.0,
2024-01-09 15:00:00,EURUSD,536.4883893386547,445.4854541590119,910029.3517964274,atr,False,0.0,
2024-01-09 16:00:00,EURUSD,487.8760365991932,326.5182553302707,1613577.8126892252,atr,False,0.0,
2024-01-09 17:00:00,EURUSD,507.4073107484213,370.8150264400517,1365922.8430836955,atr,False,0.0,
2024-01-09 18:00:00,EURUSD,476.09958835714247,363.65503336925735,1124445.5498788508,atr,False,0.0,
2024-01-09 19:00:00,EURUSD,462.9538037050355,378.7382436598792,842155.6004515633,atr,False,0.0,
2024-01-09 20:00:00,EURUSD,424.7279246414967,251.83819852521975,1728897.2611627697,atr,False,0.0,
2024-01-09 21:00:00,EURUSD,451.17346513911303,364.2497570101309,869237.081289821,atr,False,0.0,
2024-01-09 22:00:00,EURUSD,388.88647705731165,246.00146594119184,1428850.111161198,atr,False,0.0,
2024-01-09 23:00:00,EURUSD,406.27524522502785,297.1949044559628,1090803.4076906508,atr,False,0.0,
2024-01-10 00:00:00,EURUSD,426.9604971985092,342.0869537470347,848735.4345147449,atr,False,0.0,
2024-01-10 01:00:00,EURUSD,353.6130735986761,205.7280098517966,1478850.6374687953,atr,False,0.0,
2024-01-10 02:00:00,EURUSD,411.83453565515737,238.622889972116,1732116.4568304135,atr,False,0.0,
2024-01-10 03:00:00,EURUSD,367.2634261115626,141.72339495161276,2255400.311599498,atr,False,0.0,
2024-01-10 04:00:00,EURUSD,345.70711952008054,271.7702963831251,739368.2313695544,atr,False,0.0,
2024-01-10 05:00:00,EURUSD,352.5771250276997,239.2794889942401,1132976.3603345961,atr,False,0.0,
2024-01-10 06:00:00,EURUSD,358.1222272870506,272.62609206070704,854961.3522634356,atr,False,0.0,
2024-01-10 07:00:00,EURUSD,383.8448869465634,153.47948679428714,2303654.0015227627,atr,False,0.0,
2024-01-10 08:00:00,EURUSD,344.12192308148894,209.84547522669658,1342764.4785479237,atr,False,0.0,
2024-01-10 09:00:00,EURUSD,305.110136576027,96.31965405647523,2087904.8251955179,atr,False,0.0,
2024-01-10 10:00:00,EURUSD,317.4769108486616,186.24699504667427,1312299.1580198733,atr,False,0.0,
2024-01-10 11:00:00,EURUSD,288.5100683395034,195.91913302450888,925909.3531499451,atr,False,0.0,
2024-01-10 12:00:00,EURUSD,266.061802366727,164.45575996668993,1016060.4240003711,atr,False,0.0,
2024-01-10 13:00:00,EURUSD,203.14522196810574,65.11070627549839,1380345.1569260736,atr,False,0.0,
2024-01-10 14:00:00,EURUSD,184.04447278451454,39.19823932805349,1448462.3345646106,atr,False,0.0,
2024-01-10 15:00:00,EURUSD,187.49947809789478,78.76177757656029,1087377.005213345,atr,False,0.0,
2024-01-10 16:00:00,EURUSD,187.971847630685,63.694266015625345,1242775.8161505966,atr,False,0.0,
2024-01-10 17:00:00,EURUSD,209.01528582630135,119.61785510661204,893974.3071968931,atr,False,0.0,
2024-01-10 18:00:00,EURUSD,280.63362947865403,124.74389683117698,1558897.3264747704,atr,False,0.0,
2024-01-10 19:00:00,EURUSD,287.34744694932635,139.3805798259786,1479668.6712334775,atr,False,0.0,
2024-01-10 20:00:00,EURUSD,347.4769217787243,-46.36191725188678,3938388.390306111,atr,False,0.0,
2024-01-10 21:00:00,EURUSD,363.8334509870986,273.27772929415494,905557.216929437,atr,False,0.0,
2024-01-10 22:00:00,EURUSD,305.45576491405666,165.41371262816367,1400420.52285893,atr,False,0.0,
2024-01-10 23:00:00,EURUSD,287.8180029764086,203.98563245838878,838323.7051801982,atr,False,0.0,
2024-01-11 00:00:00,EURUSD,247.53959415695306,143.16384842334108,1043757.4573361197,atr,False,0.0,
2024-01-11 01:00:00,EURUSD,224.7749917601673,129.9315766656822,948434.1509448508,atr,False,0.0,
2024-01-11 02:00:00,EURUSD,198.74431090782346,52.80656250450812,1459377.4840331534,atr,False,0.0,
2024-01-11 03:00:00,EURUSD,248.2699941935332,93.60805811317465,1546619.3608035855,atr,False,0.0,
2024-01-11 04:00:00,EURUSD,194.72590680479408,62.68988804761662,1320360.1875717745,atr,False,0.0,
2024-01-11 05:00:00,EURUSD,173.55677584572072,140.29301031121912,332637.65534501616,atr,False,0.0,
2024-01-11 06:00:00,EURUSD,150.6005547931671,51.372841171145296,992277.136220218,atr,False,0.0,
2024-01-11 07:00:00,EURUSD,181.79309456987272,114.71594677881275,670771.4779105997,atr,False,0.0,
2024-01-11 08:00:00,EURUSD,154.17894485000483,5.842050347000622,1483368.945030042,atr,False,0.0,
2024-01-11 09:00:00,EURUSD,154.39033616051822,93.59135181954451,607989.8434097371,atr,False,0.0,
2024-01-11 10:00:00,EURUSD,138.5683107948793,63.10726541884301,754610.4537603628,atr,False,0.0,
2024-01-11 11:00:00,EURUSD,154.87057729149439,-70.87465273914239,2257452.3003063677,atr,False,0.0,
2024-01-11 12:00:00,EURUSD,179.0145465380234,98.3465709263417,806679.7561168171,atr,False,0.0,
2024-01-11 13:00:00,EURUSD,113.30045388408273,-57.82543407245326,1711258.87956536,atr,False,0.0,
2024-01-11 14:00:00,EURUSD,29.785509836634148,-202.81688975584228,2326023.9959247643,atr,False,0.0,
2024-01-11 15:00:00,EURUSD,70.71964565361938,-11.608704215705814,823283.498693252,atr,False,0.0,
2024-01-11 16:00:00,EURUSD,47.73575596898503,6.07184185853523,416639.141104498,atr,False,0.0,
2024-01-11 17:00:00,EURUSD,17.999060905044725,-56.72367870717356,747227.396122183,atr,False,0.0,
2024-01-11 18:00:00,EURUSD,5.102367103631035,-24.812484164558494,299148.5126818953,atr,False,0.0,
2024-01-11 19:00:00,EURUSD,-35.195307221242984,-133.01228292482352,978169.7570358053,atr,False,0.0,
2024-01-11 20:00:00,EURUSD,-40.29771682779,-74.64367003690052,343459.53209110524,atr,False,0.0,
2024-01-11 21:00:00,EURUSD,-62.78031943001301,-126.2920859333168,635117.6650330379,atr,False,0.0,
2024-01-11 22:00:00,EURUSD,-74.21531157316295,-118.52797452259492,443126.6294943197,atr,False,0.0,
2024-01-11 23:00:00,EURUSD,-36.077058449843015,-134.1654337778638,980883.7532802077,atr,False,0.0,
2024-01-12 00:00:00,EURUSD,-9.309554228524988,-142.6661672338828,1333566.130053578,atr,False,0.0,
2024-01-12 01:00:00,EURUSD,-74.23431229536251,-349.6050740732834,2753707.617779209,atr,False,0.0,
2024-01-12 02:00:00,EURUSD,-61.326559480628866,-94.88377287988848,335572.1339925962,atr,False,0.0,
2024-01-12 03:00:00,EURUSD,-86.45106958066359,-176.76336209579873,903122.9251513514,atr,False,0.0,
2024-01-12 04:00:00,EURUSD,-80.57273723361449,-184.45980130480513,1038870.6407119064,atr,False,0.0,
2024-01-12 05:00:00,EURUSD,-74.92237956930715,-112.59376807451711,376713.8850520996,atr,False,0.0,
2024-01-12 06:00:00,EURUSD,-34.86144012338759,-114.66302350476184,798015.8338137425,atr,False,0.0,
2024-01-12 07:00:00,EURUSD,-81.30111034443556,-189.56942749342227,1082683.171489867,atr,False,0.0,
2024-01-12 08:00:00,EURUSD,-50.03934626652563,-104.99360348788979,549542.5722136416,atr,False,0.0,
2024-01-12 09:00:00,EURUSD,-33.51795373282482,-64.25903223386337,307410.78501038544,atr,False,0.0,
2024-01-12 10:00:00,EURUSD,-34.85071968449232,-96.03377704135785,611830.5735686553,atr,False,0.0,
2024-01-12 11:00:00,EURUSD,48.029926082098484,-116.42352219826984,1644534.4828036833,atr,False,0.0,
2024-01-12 12:00:00,EURUSD,64.12446361870573,4.546280678359402,595781.8294034633,atr,False,0.0,
2024-01-12 13:00:00,EURUSD,76.89505105926112,33.38969771928953,435053.5333997159,atr,False,0.0,
2024-01-12 14:00:00,EURUSD,82.48845703166918,64.4184469399752,180700.10091693987,atr,False,0.0,
2024-01-12 15:00:00,EURUSD,87.86585969765609,14.893828608448274,729720.3108920782,atr,False,0.0,
2024-01-12 16:00:00,EURUSD,-17.439841657078816,-332.45935859010166,3150195.169330228,atr,False,0.0,
2024-01-12 17:00:00,EURUSD,51.29852539956286,-107.5877961591294,1588863.2155869226,atr,False,0.0,
2024-01-12 18:00:00,EURUSD,-31.255849860601003,-279.7148305049376,2484589.8064433658,atr,False,0.0,
2024-01-12 19:00:00,EURUSD,56.18666894052528,-97.99892884704745,1541855.9778757272,atr,False,0.0,
2024-01-12 20:00:00,EURUSD,3.8315261782652783,-156.4926377411303,1603241.6391939558,atr,False,0.0,
2024-01-12 21:00:00,EURUSD,-11.55351252588759,-118.28407646544557,1067305.6393955797,atr,False,0.0,
2024-01-12 22:00:00,EURUSD,-8.620161460923649,-134.71782906495176,1260976.676040281,atr,False,0.0,
2024-01-12 23:00:00,EURUSD,-59.48260531831814,-180.84318621345918,1213605.8089514105,atr,False,0.0,
2024-01-13 00:00:00,EURUSD,15.405766750199284,-191.99276591649388,2073985.3266669316,atr,False,0.0,
2024-01-13 01:00:00,EURUSD,-148.86121781303248,-508.26029428979325,3593990.764767608,atr,False,0.0,
2024-01-13 02:00:00,EURUSD,-180.7130104230776,-290.77609672681183,1100630.8630373422,atr,False,0.0,
2024-01-13 03:00:00,EURUSD,-317.4025204038908,-850.0705690284381,5326680.486245473,atr,False,0.0,
2024-01-13 04:00:00,EURUSD,-348.03248980878317,-527.5539912660113,1795215.0145722816,atr,False,0.0,
2024-01-13 05:00:00,EURUSD,-324.0016791921442,-395.98213021884237,719804.510266982,atr,False,0.0,
2024-01-13 06:00:00,EURUSD,-344.43848707365197,-436.92375754077744,924852.7046712547,atr,False,0.0,
2024-01-13 07:00:00,EURUSD,-315.8750852094519,-396.48136446293705,806062.7925348515,atr,False,0.0,
2024-01-13 08:00:00,EURUSD,-309.92005585769357,-361.84163925240085,519215.8339470731,atr,False,0.0,
2024-01-13 09:00:00,EURUSD,-284.4520952769141,-359.08106028467483,746289.6500776071,atr,False,0.0,
2024-01-13 10:00:00,EURUSD,-275.5989443915101,-333.3938347252964,577948.9033378635,atr,False,0.0,
2024-01-13 11:00:00,EURUSD,-251.75013938547264,-428.97592484479344,1772257.8545932083,atr,False,0.0,
2024-01-13 12:00:00,EURUSD,-229.8573065991185,-344.3832785784357,1145259.719793172,atr,False,0.0,
2024-01-13 13:00:00,EURUSD,-219.20884051308903,-305.71162767352394,865027.8716043489,atr,False,0.0,
2024-01-13 14:00:00,EURUSD,-252.5189602423016,-342.1394308846945,896204.7064239291,atr,False,0.0,
2024-01-13 15:00:00,EURUSD,-210.8994568089852,-465.38122667479456,2544817.6986580933,atr,False,0.0,
2024-01-13 16:00:00,EURUSD,-214.17328770007038,-297.7912358874067,836179.4818733629,atr,False,0.0,
2024-01-13 17:00:00,EURUSD,-147.90632749688285,-331.71531788384306,1838089.903869602,atr,False,0.0,
2024-01-13 18:00:00,EURUSD,-184.77384268846157,-385.8700742194433,2010962.3153098174,atr,False,0.0,
2024-01-13 19:00:00,EURUSD,-198.23395318566565,-303.91786819009326,1056839.150044276,atr,False,0.0,
2024-01-13 20:00:00,EURUSD,-146.86911390445565,-414.78868385196677,2679195.699475111,atr,False,0.0,
2024-01-13 21:00:00,EURUSD,-129.60429217685947,-208.16429687385622,785600.0469699674,atr,False,0.0,
2024-01-13 22:00:00,EURUSD,-87.04193658432834,-196.04697813031842,1090050.4154599009,atr,False,0.0,
2024-01-13 23:00:00,EURUSD,-31.867320710289377,-257.8938505288957,2260265.2981860633,atr,False,0.0,
2024-01-14 00:00:00,EURUSD,-42.05864507248228,-131.4084534526595,893498.0838017722,atr,False,0.0,
2024-01-14 01:00:00,EURUSD,19.206516557968826,-107.19114552100024,1263976.6207896906,atr,False,0.0,
2024-01-14 02:00:00,EURUSD,37.42886809485503,-86.56409546321686,1239929.635580719,atr,False,0.0,
2024-01-14 03:00:00,EURUSD,12.224425803822626,-42.860218277228974,550846.440810516,atr,False,0.0,
2024-01-14 04:00:00,EURUSD,-38.47981371395681,-160.0745801463657,1215947.664324089,atr,False,0.0,
2024-01-14 05:00:00,EURUSD,-4.000675043434491,-135.94182042172676,1319411.4537829228,atr,False,0.0,
2024-01-14 06:00:00,EURUSD,31.576540318354645,-59.42982812624312,910063.6844459777,atr,False,0.0,
2024-01-14 07:00:00,EURUSD,11.913063871269898,-59.79622396486502,717092.8783613492,atr,False,0.0,
2024-01-14 08:00:00,EURUSD,-4.957905216644498,-114.45277789769489,1094948.7268105038,atr,False,0.0,
2024-01-14 09:00:00,EURUSD,48.62358369251037,-185.15884761653686,2337824.3130904725,atr,False,0.0,
2024-01-14 10:00:00,EURUSD,72.36072580917865,0.08604166242450617,722746.8414675414,atr,False,0.0,
2024-01-14 11:00:00,EURUSD,80.12968134895418,-26.418086740242146,1065477.6808919632,atr,False,0.0,
2024-01-14 12:00:00,EURUSD,54.02552267523555,-135.68687010667495,1897123.9278191049,atr,False,0.0,
2024-01-14 13:00:00,EURUSD,70.09064461211105,-0.2205055754204608,703111.5018753151,atr,False,0.0,
2024-01-14 14:00:00,EURUSD,77.38470054317003,-78.39163411674082,1557763.3465991085,atr,False,0.0,
2024-01-14 15:00:00,EURUSD,73.26662414408644,-2.3729982694449347,756396.2241353136,atr,False,0.0,
2024-01-14 16:00:00,EURUSD,70.72464893148555,-57.82454260878825,1285491.915402738,atr,False,0.0,
2024-01-14 17:00:00,EURUSD,47.78399235902626,-46.15892238967746,939429.1474870371,atr,False,0.0,
2024-01-14 18:00:00,EURUSD,100.21446197370136,-8.193939496270431,1084084.014699718,atr,False,0.0,
2024-01-14 19:00:00,EURUSD,143.05322739872128,28.024849640655987,1150283.7775806529,atr,False,0.0,
2024-01-14 20:00:00,EURUSD,-92.34461773810804,-496.98569797917605,4046410.8024106803,atr,False,0.0,
2024-01-14 21:00:00,EURUSD,-136.51570440204287,-270.61722872653684,1341015.24324494,atr,False,0.0,
2024-01-14 22:00:00,EURUSD,-181.09136689301408,-254.9785194179379,738871.5252492382,atr,False,0.0,
2024-01-14 23:00:00,EURUSD,-195.22858971533978,-327.0982692449113,1318696.7952957156,atr,False,0.0,
2024-01-15 00:00:00,EURUSD,-127.6231076011126,-302.08464636557926,1744615.3876446667,atr,False,0.0,
2024-01-15 01:00:00,EURUSD,-170.7396790716057,-314.9062859066366,1441666.0683503088,atr,False,0.0,
2024-01-15 02:00:00,EURUSD,-149.19025866967684,-243.13442419588895,939441.6552621212,atr,False,0.0,
2024-01-15 03:00:00,EURUSD,-150.8452755828047,-259.9560103751936,1091107.3479238888,atr,False,0.0,
2024-01-15 04:00:00,EURUSD,-179.05639388102952,-346.68676874804214,1676303.748670126,atr,False,0.0,
2024-01-15 05:00:00,EURUSD,-116.29171298377335,-240.15543214849646,1238637.1916472309,atr,False,0.0,
2024-01-15 06:00:00,EURUSD,-144.10270258788654,-228.48169996108533,843789.973731988,atr,False,0.0,
2024-01-15 07:00:00,EURUSD,-151.10960963589616,-194.14559206093344,430359.82425037277,atr,False,0.0,
2024-01-15 08:00:00,EURUSD,-171.16226401053675,-218.43452645356444,472722.62443027704,atr,False,0.0,
2024-01-15 09:00:00,EURUSD,-111.82063721676965,-257.78142274136417,1459607.8552459455,atr,False,0.0,
2024-01-15 10:00:00,EURUSD,-96.04713899349377,-167.96475090211078,719176.11908617,atr,False,0.0,
2024-01-15 11:00:00,EURUSD,-123.56951472314775,-210.0841125665533,865145.9784340556,atr,False,0.0,
2024-01-15 12:00:00,EURUSD,-63.751845689319524,-215.52480463870143,1517729.589493819,atr,False,0.0,
2024-01-15 13:00:00,EURUSD,-41.998585154716864,-132.02704697682958,900284.618221127,atr,False,0.0,
2024-01-15 14:00:00,EURUSD,-19.52269551145631,-99.17589060803469,796531.9509657839,atr,False,0.0,
2024-01-15 15:00:00,EURUSD,-64.00852956971944,-187.31594190411386,1233074.123343944,atr,False,0.0,
2024-01-15 16:00:00,EURUSD,-92.14695834769414,-161.62940341341806,694824.4506572391,atr,False,0.0,
2024-01-15 17:00:00,EURUSD,-55.341571331592846,-138.56972842568007,832281.5709408723,atr,False,0.0,
2024-01-15 18:00:00,EURUSD,-53.046254974003965,-67.43246542696147,143862.1045295751,atr,False,0.0,
2024-01-15 19:00:00,EURUSD,-18.66827246961624,-140.97130730793026,1223030.3483831403,atr,False,0.0,
2024-01-15 20:00:00,EURUSD,7.460323108152625,-55.66921902895146,631295.4213710409,atr,False,0.0,
2024-01-15 21:00:00,EURUSD,29.414054718319267,-98.38991003689982,1278039.6475521908,atr,False,0.0,
2024-01-15 22:00:00,EURUSD,60.31445635401502,-20.013954355947547,803284.1070996257,atr,False,0.0,
2024-01-15 23:00:00,EURUSD,100.31231680948962,-63.47775052089678,1637900.673303864,atr,False,0.0,
2024-01-16 00:00:00,EURUSD,152.79521656453034,32.97902871730125,1198161.878472291,atr,False,0.0,
2024-01-16 01:00:00,EURUSD,114.80662248758338,-52.74272258832991,1675493.4507591329,atr,False,0.0,
2024-01-16 02:00:00,EURUSD,101.27698137810076,-14.882005347215625,1161589.8672531638,atr,False,0.0,
2024-01-16 03:00:00,EURUSD,110.14198363170114,24.056272796693378,860857.1083500775,atr,False,0.0,
2024-01-16 04:00:00,EURUSD,3.2226166505389386,-251.07326593297392,2542958.825835129,atr,False,0.0,
2024-01-16 05:00:00,EURUSD,-208.51056002372235,-622.9036352169323,4143930.7519320995,atr,False,0.0,
2024-01-16 06:00:00,EURUSD,-271.4260241712124,-444.65709605534425,1732310.7188413185,atr,False,0.0,
2024-01-16 07:00:00,EURUSD,-332.3815067684093,-489.0723810795404,1566908.7431113108,atr,False,0.0,
2024-01-16 08:00:00,EURUSD,-324.6685982320396,-360.63117225708345,359625.74025043834,atr,False,0.0,
2024-01-16 09:00:00,EURUSD,-317.84523179951907,-434.6045693665958,1167593.3756707674,atr,False,0.0,
2024-01-16 10:00:00,EURUSD,-318.5567638433049,-327.62199737568216,90652.33532377248,atr,False,0.0,
2024-01-16 11:00:00,EURUSD,-256.099629129938,-437.20666828364904,1811070.39153711,atr,False,0.0,
2024-01-16 12:00:00,EURUSD,-266.51897951739556,-307.9828805554457,414639.0103805018,atr,False,0.0,
2024-01-16 13:00:00,EURUSD,-240.8935806130031,-294.52055857146723,536269.7795846411,atr,False,0.0,
2024-01-16 14:00:00,EURUSD,-202.77538220712208,-359.5306735434244,1567552.9133630237,atr,False,0.0,
2024-01-16 15:00:00,EURUSD,-173.2594628789255,-269.8562825250492,965968.1964612374,atr,False,0.0,
2024-01-16 16:00:00,EURUSD,-149.86437897294473,-255.33962868321674,1054752.49710272,atr,False,0.0,
2024-01-16 17:00:00,EURUSD,-129.18987049239848,-173.33475333758125,441448.8284518277,atr,False,0.0,
2024-01-16 18:00:00,EURUSD,-93.49802729887264,-195.90516746550185,1024071.4016662919,atr,False,0.0,
2024-01-16 19:00:00,EURUSD,-78.90996856090806,-143.10010451919024,641901.3595828218,atr,False,0.0,
2024-01-16 20:00:00,EURUSD,-118.1181793133511,-296.1263182870724,1780081.3897372128,atr,False,0.0,
2024-01-16 21:00:00,EURUSD,-157.6934489653756,-349.77721377266806,1920837.6480729245,atr,False,0.0,
2024-01-16 22:00:00,EURUSD,-178.3058740652212,-290.6266709564028,1123207.968911816,atr,False,0.0,
2024-01-16 23:00:00,EURUSD,-148.7470148094803,-206.81354277721388,580665.2796773359,atr,False,0.0,
2024-01-17 00:00:00,EURUSD,-98.24887367201694,-214.55686590339093,1163079.92231374,atr,False,0.0,
2024-01-17 01:00:00,EURUSD,-118.96587632276402,-234.89266298412542,1159267.8666136141,atr,False,0.0,
2024-01-17 02:00:00,EURUSD,-173.22305697872855,-399.4445284603239,2262214.7148159537,atr,False,0.0,
2024-01-17 03:00:00,EURUSD,-134.81853708829343,-324.6896370302494,1898710.9994195597,atr,False,0.0,
2024-01-17 04:00:00,EURUSD,-121.99676806776627,-219.6738055510751,976770.3748330884,atr,False,0.0,
2024-01-17 05:00:00,EURUSD,-82.456917496631,-192.2564044346702,1097994.8693803921,atr,False,0.0,
2024-01-17 06:00:00,EURUSD,-143.71866143004658,-313.1775530738694,1694588.916438228,atr,False,0.0,
2024-01-17 07:00:00,EURUSD,-188.58260224328666,-278.1612807270788,895786.7848379214,atr,False,0.0,
2024-01-17 08:00:00,EURUSD,-77.70600220988742,-353.3553388477643,2756493.3663787693,atr,False,0.0,
2024-01-17 09:00:00,EURUSD,-104.6734767517873,-171.7597463730997,670862.696213124,atr,False,0.0,
2024-01-17 10:00:00,EURUSD,-83.10563812035474,-189.80053789313303,1066948.9977277827,atr,False,0.0,
2024-01-17 11:00:00,EURUSD,-81.11678323291966,-226.8201587748824,1457033.7554196275,atr,False,0.0,
2024-01-17 12:00:00,EURUSD,-95.9141605653833,-154.73035071597616,588161.9015059285,atr,False,0.0,
2024-01-17 13:00:00,EURUSD,-126.76079804298215,-184.72220580579673,579614.0776281459,atr,False,0.0,
2024-01-17 14:00:00,EURUSD,-150.4331818430723,-283.9655882406367,1335324.0639756438,atr,False,0.0,
2024-01-17 15:00:00,EURUSD,-116.15897709729254,-207.5030084192879,913440.3132199537,atr,False,0.0,
2024-01-17 16:00:00,EURUSD,-130.1759094000534,-221.30113108644144,911252.2168638806,atr,False,0.0,
2024-01-17 17:00:00,EURUSD,-54.670118451361716,-251.82455549714132,1971544.3704577961,atr,False,0.0,
2024-01-17 18:00:00,EURUSD,-71.66439707765754,-157.48283717128928,858184.4009363174,atr,False,0.0,
2024-01-17 19:00:00,EURUSD,-47.28590628599174,-174.30137149544166,1270154.6520944992,atr,False,0.0,
2024-01-17 20:00:00,EURUSD,-47.13767761672224,-278.83884445307626,2317011.66836354,atr,False,0.0,
2024-01-17 21:00:00,EURUSD,-115.74866893208797,-268.7225265683844,1529738.5763629642,atr,False,0.0,
2024-01-17 22:00:00,EURUSD,-138.88959575869006,-280.20983815066114,1413202.4239197108,atr,False,0.0,
2024-01-17 23:00:00,EURUSD,-115.52596841828982,-206.23833242327441,907123.6400498461,atr,False,0.0,
2024-01-18 00:00:00,EURUSD,-96.95951603194325,-142.96629992861273,460067.8389666949,atr,False,0.0,
2024-01-18 01:00:00,EURUSD,-117.85217078268049,-188.6215521288085,707693.8134612801,atr,False,0.0,
2024-01-18 02:00:00,EURUSD,-234.94756116160755,-590.2392764871001,3552917.153254926,atr,False,0.0,
2024-01-18 03:00:00,EURUSD,-200.1144950243639,-351.8135383653814,1516990.4334101756,atr,False,0.0,
2024-01-18 04:00:00,EURUSD,-197.771814963806,-328.758041286216,1309862.2632241,atr,False,0.0,
2024-01-18 05:00:00,EURUSD,-254.9250745123418,-461.14200286103903,2062169.283486972,atr,False,0.0,
2024-01-18 06:00:00,EURUSD,-290.3421167434548,-407.60742974179635,1172653.1299834154,atr,False,0.0,
2024-01-18 07:00:00,EURUSD,-243.18049461135433,-324.9597190070381,817792.2439568376,atr,False,0.0,
2024-01-18 08:00:00,EURUSD,-178.23333505303776,-395.23096301048804,2169976.2795745027,atr,False,0.0,
2024-01-18 09:00:00,EURUSD,-178.93897750419652,-218.56808642685337,396291.0892265687,atr,False,0.0,
2024-01-18 10:00:00,EURUSD,-207.86678266912338,-317.0299737815511,1091631.9111242774,atr,False,0.0,
2024-01-18 11:00:00,EURUSD,-178.0349290101722,-332.96533702999784,1549304.0801982563,atr,False,0.0,
2024-01-18 12:00:00,EURUSD,-99.35606856836338,-413.6832054994104,3143271.3693104703,atr,False,0.0,
2024-01-18 13:00:00,EURUSD,-22.45354622465446,-202.7314075106441,1802778.6128598964,atr,False,0.0,
2024-01-18 14:00:00,EURUSD,-69.80472164088505,-194.18592226552883,1243812.0062464378,atr,False,0.0,
2024-01-18 15:00:00,EURUSD,-76.22787927574124,-129.81022116336277,535823.4188762153,atr,False,0.0,
2024-01-18 16:00:00,EURUSD,-114.62028506329642,-189.375992781851,747557.0771855459,atr,False,0.0,
2024-01-18 17:00:00,EURUSD,-72.37817980642902,-194.69438135574222,1223162.0154931322,atr,False,0.0,
2024-01-18 18:00:00,EURUSD,-68.82093903323468,-141.85933859410886,730383.995608742,atr,False,0.0,
2024-01-18 19:00:00,EURUSD,-27.89004012150459,-220.45464508171574,1925646.0496021113,atr,False,0.0,
2024-01-18 20:00:00,EURUSD,-93.98694980952459,-252.96932887701416,1589823.7906748957,atr,False,0.0,
2024-01-18 21:00:00,EURUSD,17.832280216671407,-277.07439605649915,2949066.7627317053,atr,False,0.0,
2024-01-18 22:00:00,EURUSD,37.43909380534947,-206.55949471108164,2439985.885164311,atr,False,0.0,
2024-01-18 23:00:00,EURUSD,9.428744219231127,-142.69207216633737,1521208.1638556852,atr,False,0.0,
2024-01-19 00:00:00,EURUSD,-21.20992528156395,-112.7544422541916,915445.1697262764,atr,False,0.0,
2024-01-19 01:00:00,EURUSD,-100.45315931317305,-302.7203507478346,2022671.9143466149,atr,False,0.0,
2024-01-19 02:00:00,EURUSD,-120.49023574967043,-175.35451436551853,548642.786158481,atr,False,0.0,
2024-01-19 03:00:00,EURUSD,-191.06668583141277,-314.57395871821217,1235072.7288679942,atr,False,0.0,
2024-01-19 04:00:00,EURUSD,-201.89653204510168,-231.04314407920506,291466.12034103397,atr,False,0.0,
2024-01-19 05:00:00,EURUSD,-254.44418626710305,-380.4164747672716,1259722.8850016857,atr,False,0.0,
2024-01-19 06:00:00,EURUSD,-224.2012985200689,-296.11191407060767,719106.1555053875,atr,False,0.0,
2024-01-19 07:00:00,EURUSD,-205.1358886660223,-321.0067110251065,1158708.2235908417,atr,False,0.0,
2024-01-19 08:00:00,EURUSD,-204.68651667187217,-331.9342059903103,1272476.8931843815,atr,False,0.0,
2024-01-19 09:00:00,EURUSD,-218.36359190875996,-295.153643560624,767900.5165186408,atr,False,0.0,
2024-01-19 10:00:00,EURUSD,-228.8108322646355,-307.23652642582806,784256.9416119253,atr,False,0.0,
2024-01-19 11:00:00,EURUSD,-201.0291850386792,-291.86139935037545,908322.1431169626,atr,False,0.0,
2024-01-19 12:00:00,EURUSD,-183.98610669360787,-254.87268151106105,708865.7481745319,atr,False,0.0,
2024-01-19 13:00:00,EURUSD,-118.10669199223707,-298.57405120229316,1804673.5921005607,atr,False,0.0,
2024-01-19 14:00:00,EURUSD,-142.65970504738445,-235.1644656361545,925047.6058877006,atr,False,0.0,
2024-01-19 15:00:00,EURUSD,-68.78709296374942,-303.9904818149639,2352033.888512145,atr,False,0.0,
2024-01-19 16:00:00,EURUSD,-101.49892912952369,-230.25521793329722,1287562.8880377351,atr,False,0.0,
2024-01-19 17:00:00,EURUSD,-97.94036700535243,-158.1203339800081,601799.6697465567,atr,False,0.0,
2024-01-19 18:00:00,EURUSD,-69.89961576253462,-131.21441244341196,613147.9668087733,atr,False,0.0,
2024-01-19 19:00:00,EURUSD,-115.70599427837436,-280.55362071180764,1648476.2643343327,atr,False,0.0,
2024-01-19 20:00:00,EURUSD,-97.9973579564111,-210.2819542522896,1122845.962958785,atr,False,0.0,
2024-01-19 21:00:00,EURUSD,-27.041255433884686,-164.92332629307552,1378820.7085919082,atr,False,0.0,
2024-01-19 22:00:00,EURUSD,-12.811084781340433,-81.76530871522468,689542.2393388426,atr,False,0.0,
2024-01-19 23:00:00,EURUSD,-43.451135157221685,-198.0177444673962,1545666.0931017452,atr,False,0.0,
2024-01-20 00:00:00,EURUSD,-34.4371092870466,-59.28019810172127,248430.88814674667,atr,False,0.0,
2024-01-20 01:00:00,EURUSD,14.658281021540766,-121.79611604441217,1364543.9706595296,atr,False,0.0,
2024-01-20 02:00:00,EURUSD,-93.70511887346004,-384.6255500728646,2909204.3119940455,atr,False,0.0,
2024-01-20 03:00:00,EURUSD,-49.948475481857635,-136.69162809568002,867431.5261382237,atr,False,0.0,
2024-01-20 04:00:00,EURUSD,-25.855903258161117,-154.96725691895972,1291113.536607986,atr,False,0.0,
2024-01-20 05:00:00,EURUSD,-62.72827946993992,-166.18147079532486,1034531.9132538495,atr,False,0.0,
2024-01-20 06:00:00,EURUSD,-27.439198354490117,-123.89496312374081,964557.6476925069,atr,False,0.0,
2024-01-20 07:00:00,EURUSD,-75.25294315337507,-200.60523807811552,1253522.9492474045,atr,False,0.0,
2024-01-20 08:00:00,EURUSD,-50.09560277396496,-201.18259367381907,1510869.908998541,atr,False,0.0,
2024-01-20 09:00:00,EURUSD,-10.309253474503628,-118.40094719732406,1080916.9372282042,atr,False,0.0,
2024-01-20 10:00:00,EURUSD,-37.15737634790153,-142.29684427862088,1051394.6793071935,atr,False,0.0,
2024-01-20 11:00:00,EURUSD,28.397682664592878,-190.52319891174517,2189208.8157633804,atr,False,0.0,
2024-01-20 12:00:00,EURUSD,47.18172957050706,-21.34868466204479,685304.1423255184,atr,False,0.0,
2024-01-20 13:00:00,EURUSD,19.40531446822512,-43.7718213625263,631771.3583075142,atr,False,0.0,
2024-01-20 14:00:00,EURUSD,30.305560410704217,-22.6820203021268,529875.8071283102,atr,False,0.0,
2024-01-20 15:00:00,EURUSD,57.57115697834334,-7.094604447717558,646657.6142606089,atr,False,0.0,
2024-01-20 16:00:00,EURUSD,99.05323501756877,-48.56777339510833,1476210.084126771,atr,False,0.0,
2024-01-20 17:00:00,EURUSD,63.02933464791779,-88.45950438218019,1514888.3903009798,atr,False,0.0,
2024-01-20 18:00:00,EURUSD,37.00601895867957,-100.18227584054199,1371882.9479922154,atr,False,0.0,
2024-01-20 19:00:00,EURUSD,70.33191937252082,-76.17278190454729,1465047.012770681,atr,False,0.0,
2024-01-20 20:00:00,EURUSD,17.86466907172955,-133.7404856456024,1516051.5471733196,atr,False,0.0,
2024-01-20 21:00:00,EURUSD,34.4312261931414,-64.14867004094916,985798.9623409056,atr,False,0.0,
2024-01-20 22:00:00,EURUSD,56.29305744665844,-19.439213218267724,757322.7066492616,atr,False,0.0,
2024-01-20 23:00:00,EURUSD,83.51057134010554,-7.74275029502374,912533.2163512928,atr,False,0.0,
2024-01-21 00:00:00,EURUSD,80.10286474531419,-96.52236367188486,1766252.2841719906,atr,False,0.0,
2024-01-21 01:00:00,EURUSD,96.36474515819711,29.382214691515827,669825.3046668129,atr,False,0.0,
2024-01-21 02:00:00,EURUSD,140.9956253377464,5.578724722101441,1354169.0061564494,atr,False,0.0,
2024-01-21 03:00:00,EURUSD,81.19139492875723,-28.76421522349888,1099556.1015225612,atr,False,0.0,
2024-01-21 04:00:00,EURUSD,64.36883598118538,-17.46216513847486,818310.0111966024,atr,False,0.0,
2024-01-21 05:00:00,EURUSD,48.83757893672798,-53.49687511857063,1023344.5405529861,atr,False,0.0,
2024-01-21 06:00:00,EURUSD,100.98140244638773,-38.59805062525439,1395794.5307164213,atr,False,0.0,
2024-01-21 07:00:00,EURUSD,111.04182430622276,53.9735032028077,570683.2110341507,atr,False,0.0,
2024-01-21 08:00:00,EURUSD,122.92255694148852,-40.14629434093419,1630688.512824227,atr,False,0.0,
2024-01-21 09:00:00,EURUSD,134.99133985255202,70.38521915569254,646061.2069685948,atr,False,0.0,
2024-01-21 10:00:00,EURUSD,110.52950553551536,-13.168165652372295,1236976.7118788764,atr,False,0.0,
2024-01-21 11:00:00,EURUSD,-38.38372854212504,-382.45715566509523,3440734.271229702,atr,False,0.0,
2024-01-21 12:00:00,EURUSD,-80.06979495806004,-203.44484628235278,1233750.5132429276,atr,False,0.0,
2024-01-21 13:00:00,EURUSD,-88.91732136420846,-197.65272057950222,1087353.9921529375,atr,False,0.0,
2024-01-21 14:00:00,EURUSD,-44.05243500261828,-154.84733497258853,1107948.9996997025,atr,False,0.0,
2024-01-21 15:00:00,EURUSD,-110.67163786799567,-294.27611454226286,1836044.7667426718,atr,False,0.0,
2024-01-21 16:00:00,EURUSD,-113.08146408397502,-158.94686614236034,458654.02058385324,atr,False,0.0,
2024-01-21 17:00:00,EURUSD,-191.31811745747794,-320.4293195832785,1291112.0212580059,atr,False,0.0,
2024-01-21 18:00:00,EURUSD,-249.71481214515933,-430.09655135585155,1803817.392106922,atr,False,0.0,
2024-01-21 19:00:00,EURUSD,-296.74038074284016,-441.7770457313767,1450366.6498853653,atr,False,0.0,
2024-01-01 01:00:00,GBPUSD,-23.185761705505648,-114.87634078863778,916905.7908313214,atr,False,0.0,
2024-01-01 02:00:00,GBPUSD,-46.043531271154166,-139.94271820718498,938991.8693603082,atr,False,0.0,
2024-01-01 03:00:00,GBPUSD,-12.091519399462804,-87.84379113022476,757522.7173076195,atr,False,0.0,
2024-01-01 04:00:00,GBPUSD,-74.35670598823066,-181.00963458818097,1066529.2859995032,atr,False,0.0,
2024-01-01 05:00:00,GBPUSD,-118.49477271549918,-208.5789593970503,900841.8668155111,atr,False,0.0,
2024-01-01 06:00:00,GBPUSD,-73.40472836089816,-182.76982786207128,1093650.995011731,atr,False,0.0,
2024-01-01 07:00:00,GBPUSD,-309.2056729751182,-717.6517134477077,4084460.4047258953,atr,False,0.0,
2024-01-01 08:00:00,GBPUSD,-347.07855961650006,-454.97066545260805,1078921.0583610795,atr,False,0.0,
2024-01-01 09:00:00,GBPUSD,-301.04469817126824,-388.58554512170747,875408.4695043922,atr,False,0.0,
2024-01-01 10:00:00,GBPUSD,-259.9209576043671,-368.99543885622336,1090744.8125185622,atr,False,0.0,
2024-01-01 11:00:00,GBPUSD,-304.6974335266265,-423.1974298769353,1184999.9635030876,atr,False,0.0,
2024-01-01 12:00:00,GBPUSD,-315.1364845730008,-372.0194885021353,568830.0392913448,atr,False,0.0,
2024-01-01 13:00:00,GBPUSD,-316.6117694285108,-424.89313276134106,1082813.6333283028,atr,False,0.0,
2024-01-01 14:00:00,GBPUSD,-333.17843626392374,-539.8695902246989,2066911.5396077507,atr,False,0.0,
2024-01-01 15:00:00,GBPUSD,-356.0232717887968,-479.23025271559857,1232069.8092680178,atr,False,0.0,
2024-01-01 16:00:00,GBPUSD,-353.6073253443591,-398.9808539663824,453735.2862202332,atr,False,0.0,
2024-01-01 17:00:00,GBPUSD,-394.0970145481693,-542.0162581466699,1479192.4359850062,atr,False,0.0,
2024-01-01 18:00:00,GBPUSD,-410.7030268997443,-465.59657211850106,548935.4521875677,atr,False,0.0,
2024-01-01 19:00:00,GBPUSD,-402.8945790340889,-485.2078741718267,823132.9513773776,atr,False,0.0,
2024-01-01 20:00:00,GBPUSD,-350.77519660834105,-515.3080867858137,1645328.9017747259,atr,False,0.0,
2024-01-01 21:00:00,GBPUSD,-356.1835515323572,-418.67540810943285,624918.5657707562,atr,False,0.0,
2024-01-01 22:00:00,GBPUSD,-523.0872423739678,-995.092649976498,4720054.0760253025,atr,False,0.0,
2024-01-01 23:00:00,GBPUSD,-537.4837475206924,-692.1565924364,1546728.4491570767,atr,False,0.0,
2024-01-02 00:00:00,GBPUSD,-542.5845194012865,-613.5025556548169,709180.3625353038,atr,False,0.0,
2024-01-02 01:00:00,GBPUSD,-591.2532168758316,-715.5998334288598,1243466.1655302823,atr,False,0.0,
2024-01-02 02:00:00,GBPUSD,-592.67090302761,-658.4630126880514,657921.0966044134,atr,False,0.0,
2024-01-02 03:00:00,GBPUSD,-634.2161879801837,-770.090095071138,1358739.0709095427,atr,False,0.0,
2024-01-02 04:00:00,GBPUSD,-632.728517323906,-690.8807030263788,581521.8570247288,atr,False,0.0,
2024-01-02 05:00:00,GBPUSD,-476.26056853800446,-791.5465827402579,3152860.1420225343,atr,False,0.0,
2024-01-02 06:00:00,GBPUSD,-412.40157334405876,-603.3331987032303,1909316.2535917154,atr,False,0.0,
2024-01-02 07:00:00,GBPUSD,-511.8991471987293,-817.689430793163,3057902.835944336,atr,False,0.0,
2024-01-02 08:00:00,GBPUSD,-512.2923237781222,-581.5168833025932,692245.5952447107,atr,False,0.0,
2024-01-02 09:00:00,GBPUSD,-451.1609886369772,-575.3515953716592,1241906.0673468197,atr,False,0.0,
2024-01-02 10:00:00,GBPUSD,-377.4145272203833,-549.9533267258296,1725387.9950544625,atr,False,0.0,
2024-01-02 11:00:00,GBPUSD,-410.3358175159407,-545.2011258336078,1348653.083176671,atr,False,0.0,
2024-01-02 12:00:00,GBPUSD,-424.78860391475206,-457.51428972143304,327256.85806680983,atr,False,0.0,
2024-01-02 13:00:00,GBPUSD,-432.58476753272197,-503.60326294324045,710184.9541051851,atr,False,0.0,
2024-01-02 14:00:00,GBPUSD,-395.37652824865575,-526.2210762530069,1308445.4800435114,atr,False,0.0,
2024-01-02 15:00:00,GBPUSD,-389.71202884025024,-475.5762631271705,858642.3428692021,atr,False,0.0,
2024-01-02 16:00:00,GBPUSD,-439.1989444889228,-568.880929810699,1296819.8532177617,atr,False,0.0,
2024-01-02 17:00:00,GBPUSD,-493.186121932691,-641.1766089725318,1479904.8703984073,atr,False,0.0,
2024-01-02 18:00:00,GBPUSD,-500.29856969302574,-573.935578832913,736370.0913988726,atr,False,0.0,
2024-01-02 19:00:00,GBPUSD,-537.2393172902032,-625.2333461653826,879940.2887517945,atr,False,0.0,
2024-01-02 20:00:00,GBPUSD,-561.7484553580878,-647.2992492100148,855507.9385192704,atr,False,0.0,
2024-01-02 21:00:00,GBPUSD,-643.6382044474783,-994.3181672565613,3506799.6280908305,atr,False,0.0,
2024-01-02 22:00:00,GBPUSD,-677.6256636696546,-737.1467548689527,595210.911992981,atr,False,0.0,
2024-01-02 23:00:00,GBPUSD,-737.6236482436229,-995.8740649603567,2582504.167167338,atr,False,0.0,
2024-01-03 00:00:00,GBPUSD,-758.1381441019283,-849.3419991984646,912038.5509653625,atr,False,0.0,
2024-01-03 01:00:00,GBPUSD,-774.8022732778262,-863.8885453074445,890862.7202961822,atr,False,0.0,
2024-01-03 02:00:00,GBPUSD,-763.5435901511004,-835.3273139635451,717837.238124447,atr,False,0.0,
2024-01-03 03:00:00,GBPUSD,-726.3704891610312,-812.5869293024268,862164.4014139564,atr,False,0.0,
2024-01-03 04:00:00,GBPUSD,-692.6930297613312,-790.0920012610457,973989.7149971449,atr,False,0.0,
2024-01-03 05:00:00,GBPUSD,-600.3029695554984,-877.7288560999792,2774258.8654448083,atr,False,0.0,
2024-01-03 06:00:00,GBPUSD,-650.1976244443331,-804.2255671063015,1540279.4266196843,atr,False,0.0,
2024-01-03 07:00:00,GBPUSD,-645.1770722200108,-707.8371952633289,626601.2304331809,atr,False,0.0,
2024-01-03 08:00:00,GBPUSD,-573.3651181857217,-731.0660943457256,1577009.7616000385,atr,False,0.0,
2024-01-03 09:00:00,GBPUSD,-477.45773362886945,-651.8058685347798,1743481.3490591047,atr,False,0.0,
2024-01-03 10:00:00,GBPUSD,-521.528732188221,-857.5696516859011,3360409.1949768,atr,False,0.0,
2024-01-03 11:00:00,GBPUSD,-580.9898980939231,-737.9664058680677,1569765.077741446,atr,False,0.0,
2024-01-03 12:00:00,GBPUSD,-572.3037439575395,-638.6649550972377,663612.1113969825,atr,False,0.0,
2024-01-03 13:00:00,GBPUSD,-596.7068044416235,-709.0142944438292,1123074.900022057,atr,False,0.0,
2024-01-03 14:00:00,GBPUSD,-594.2176970910579,-657.5180386491793,633003.4155812138,atr,False,0.0,
2024-01-03 15:00:00,GBPUSD,-572.9020504265106,-652.0273042856973,791252.5385918657,atr,False,0.0,
2024-01-03 16:00:00,GBPUSD,-539.0907315267347,-641.6504509538549,1025597.1942712034,atr,False,0.0,
2024-01-03 17:00:00,GBPUSD,-555.5115029881699,-641.5984179496069,860869.149614369,atr,False,0.0,
2024-01-03 18:00:00,GBPUSD,-585.6622403337666,-671.3879456881136,857257.053543471,atr,False,0.0,
2024-01-03 19:00:00,GBPUSD,-569.5364675990703,-634.848145247481,653116.7764841075,atr,False,0.0,
2024-01-03 20:00:00,GBPUSD,-654.0025004776136,-790.4993063027641,1364968.058251506,atr,False,0.0,
2024-01-03 21:00:00,GBPUSD,-618.2523287262982,-976.3732958384172,3581209.6711211903,atr,False,0.0,
2024-01-03 22:00:00,GBPUSD,-642.0799892656323,-744.6603119880889,1025803.2272245656,atr,False,0.0,
2024-01-03 23:00:00,GBPUSD,-550.9970961522902,-874.3322444679466,3233351.4831565632,atr,False,0.0,
2024-01-04 00:00:00,GBPUSD,-620.3106270229081,-833.6409935015104,2133303.664786023,atr,False,0.0,
2024-01-04 01:00:00,GBPUSD,-611.8451362498497,-655.6462416417723,438011.053919227,atr,False,0.0,
2024-01-04 02:00:00,GBPUSD,-622.2837421781711,-722.4453892427587,1001616.4706458757,atr,False,0.0,
2024-01-04 03:00:00,GBPUSD,-732.5537529018263,-971.7268328691093,2391730.7996728304,atr,False,0.0,
2024-01-04 04:00:00,GBPUSD,-739.930414640393,-796.4199387617884,564895.241213955,atr,False,0.0,
2024-01-04 05:00:00,GBPUSD,-690.7110098643188,-813.8283212555164,1231173.1139119747,atr,False,0.0,
2024-01-04 06:00:00,GBPUSD,-752.9002326968708,-902.2449442806328,1493447.1158376203,atr,False,0.0,
2024-01-04 07:00:00,GBPUSD,-801.7904677988406,-909.0063248822623,1072158.5708342178,atr,False,0.0,
2024-01-04 08:00:00,GBPUSD,-872.2114613647957,-1076.3667873432312,2041553.2597843548,atr,False,0.0,
2024-01-04 09:00:00,GBPUSD,-882.5191214304673,-921.4419079875538,389227.8655708657,atr,False,0.0,
2024-01-04 10:00:00,GBPUSD,-855.0436773120473,-963.8215499957241,1087778.7268367684,atr,False,0.0,
2024-01-04 11:00:00,GBPUSD,-833.3273478735114,-948.0261419354183,1146987.9406190694,atr,False,0.0,
2024-01-04 12:00:00,GBPUSD,-812.0588145340623,-899.0491030552106,869902.8852114826,atr,False,0.0,
2024-01-04 13:00:00,GBPUSD,-871.3626418015036,-992.0342640541068,1206716.2225260313,atr,False,0.0,
2024-01-04 14:00:00,GBPUSD,-900.7718719277025,-1046.535561600896,1457636.8967319343,atr,False,0.0,
2024-01-04 15:00:00,GBPUSD,-863.184008181024,-944.3334661340144,811494.5795299048,atr,False,0.0,
2024-01-04 16:00:00,GBPUSD,-800.3111175939812,-1026.6038122964014,2262926.947024203,atr,False,0.0,
2024-01-04 17:00:00,GBPUSD,-886.2491686324406,-1041.1969763811412,1549478.0774870066,atr,False,0.0,
2024-01-04 18:00:00,GBPUSD,-922.2308927404592,-1070.7294671634372,1484985.7442297798,atr,False,0.0,
2024-01-04 19:00:00,GBPUSD,-892.7377247722295,-982.4118111430968,896740.8637086721,atr,False,0.0,
2024-01-04 20:00:00,GBPUSD,-905.0000378944815,-944.8391919638859,398391.5406940446,atr,False,0.0,
2024-01-04 21:00:00,GBPUSD,-870.7438129875827,-938.6981356363834,679543.2264880071,atr,False,0.0,
2024-01-04 22:00:00,GBPUSD,-858.3518332495743,-971.1087333410562,1127569.000914819,atr,False,0.0,
2024-01-04 23:00:00,GBPUSD,-842.8767865484389,-914.3339332460137,714571.4669757484,atr,False,0.0,
2024-01-05 00:00:00,GBPUSD,-815.7084607174302,-939.4111435399997,1237026.828225695,atr,False,0.0,
2024-01-05 01:00:00,GBPUSD,-792.5333194321781,-842.1673096022846,496339.90170106525,atr,False,0.0,
2024-01-05 02:00:00,GBPUSD,-818.8084442646294,-958.3945392033175,1395860.9493868812,atr,False,0.0,
2024-01-05 03:00:00,GBPUSD,-837.1287511271036,-904.7565092693276,676277.5814222402,atr,False,0.0,
2024-01-05 04:00:00,GBPUSD,-964.2169410767111,-1365.4652930395569,4012483.5196284577,atr,False,0.0,
2024-01-05 05:00:00,GBPUSD,-973.7642660515139,-1051.6374967428378,778732.3069132401,atr,False,0.0,
2024-01-05 06:00:00,GBPUSD,-980.6786096094557,-997.2010253853894,165224.15775933667,atr,False,0.0,
2024-01-05 07:00:00,GBPUSD,-955.2337681688657,-1056.8881213543098,1016543.5318544405,atr,False,0.0,
2024-01-05 08:00:00,GBPUSD,-962.8215630053121,-1014.2751028658708,514535.398605588,atr,False,0.0,
2024-01-05 09:00:00,GBPUSD,-948.2433686368438,-1087.7941653689427,1395507.96732099,atr,False,0.0,
2024-01-05 10:00:00,GBPUSD,-944.3861243987459,-1002.3522594277289,579661.3502898299,atr,False,0.0,
2024-01-05 11:00:00,GBPUSD,-945.5269338565373,-1016.5947868768125,710678.5302027515,atr,False,0.0,
2024-01-05 12:00:00,GBPUSD,-860.7687345959151,-1081.0936313900413,2203248.9679412623,atr,False,0.0,
2024-01-05 13:00:00,GBPUSD,-794.5069347913611,-984.1608780411982,1896539.432498371,atr,False,0.0,
2024-01-05 14:00:00,GBPUSD,-762.0480857625622,-891.8562540476647,1298081.682851025,atr,False,0.0,
2024-01-05 15:00:00,GBPUSD,-744.4997774265681,-821.462994592847,769632.1716627892,atr,False,0.0,
2024-01-05 16:00:00,GBPUSD,-753.8811609261447,-834.8677011855602,809865.4025941545,atr,False,0.0,
2024-01-05 17:00:00,GBPUSD,-726.1477860006044,-922.4401903197632,1962924.043191589,atr,False,0.0,
2024-01-05 18:00:00,GBPUSD,-746.7300433736444,-800.1856595120358,534556.1613839141,atr,False,0.0,
2024-01-05 19:00:00,GBPUSD,-789.4422355458188,-857.0171539935786,675749.184477599,atr,False,0.0,
2024-01-05 20:00:00,GBPUSD,-781.0363975053198,-851.5696335439452,705332.3603862543,atr,False,0.0,
2024-01-05 21:00:00,GBPUSD,-732.2180788592918,-913.603040771213,1813849.6191192116,atr,False,0.0,
2024-01-05 22:00:00,GBPUSD,-734.2373741510825,-757.2498271723981,230124.53021315596,atr,False,0.0,
2024-01-05 23:00:00,GBPUSD,-853.0905845872943,-1121.4668280259405,2683762.4343864615,atr,False,0.0,
2024-01-06 00:00:00,GBPUSD,-822.7701039514717,-922.7460599743379,999759.5602286618,atr,False,0.0,
2024-01-06 01:00:00,GBPUSD,-813.309709266939,-873.5138813307663,602041.7206382728,atr,False,0.0,
2024-01-06 02:00:00,GBPUSD,-829.4029953617809,-865.8945982374819,364916.0287570095,atr,False,0.0,
2024-01-06 03:00:00,GBPUSD,-845.4555088826144,-1068.726047668135,2232705.3878552057,atr,False,0.0,
2024-01-06 04:00:00,GBPUSD,-816.0053595036786,-883.825320401246,678199.608975674,atr,False,0.0,
2024-01-06 05:00:00,GBPUSD,-919.8862231892737,-1236.1798732761745,3162936.5008690087,atr,False,0.0,
2024-01-06 06:00:00,GBPUSD,-842.8974581743843,-1009.8407882610284,1669433.3008664409,atr,False,0.0,
2024-01-06 07:00:00,GBPUSD,-850.2147399618609,-906.7884944873888,565737.5452552782,atr,False,0.0,
2024-01-06 08:00:00,GBPUSD,-859.2287305076516,-928.7426722748869,695139.4176723539,atr,False,0.0,
2024-01-06 09:00:00,GBPUSD,-945.821020273607,-1240.7925085395468,2949714.8826593985,atr,False,0.0,
2024-01-06 10:00:00,GBPUSD,-1015.5481218249804,-1193.3555006184295,1778073.7879344905,atr,False,0.0,
2024-01-06 11:00:00,GBPUSD,-1044.099332617418,-1130.2996897611558,862003.571437379,atr,False,0.0,
2024-01-06 12:00:00,GBPUSD,-1036.9708105393029,-1115.267360015113,782965.4947581002,atr,False,0.0,
2024-01-06 13:00:00,GBPUSD,-1124.495035088332,-1329.902657393644,2054076.2230531184,atr,False,0.0,
2024-01-06 14:00:00,GBPUSD,-1145.0137012206246,-1277.2583028725871,1322446.0165196252,atr,False,0.0,
2024-01-06 15:00:00,GBPUSD,-1096.593996054278,-1226.7405161777328,1301465.2012345493,atr,False,0.0,
2024-01-06 16:00:00,GBPUSD,-1096.643632090866,-1214.6565665220282,1180129.3443116208,atr,False,0.0,
2024-01-06 17:00:00,GBPUSD,-1146.6375180618809,-1243.1242009965351,964866.8293465425,atr,False,0.0,
2024-01-06 18:00:00,GBPUSD,-1137.432141056505,-1223.554810950591,861226.698940859,atr,False,0.0,
2024-01-06 19:00:00,GBPUSD,-1157.859177923063,-1228.0585186762655,701993.4075320236,atr,False,0.0,
2024-01-06 20:00:00,GBPUSD,-1201.9686096212681,-1299.4025690238877,974339.594026195,atr,False,0.0,
2024-01-06 21:00:00,GBPUSD,-1196.8488439304047,-1239.7756617036619,429268.177732572,atr,False,0.0,
2024-01-06 22:00:00,GBPUSD,-1241.5056377392345,-1367.5677745220585,1260621.3678282392,atr,False,0.0,
2024-01-06 23:00:00,GBPUSD,-1211.4984011568272,-1450.5322234706177,2390338.2231379044,atr,False,0.0,
2024-01-07 00:00:00,GBPUSD,-1183.644017174502,-1265.500786217064,818567.6904256183,atr,False,0.0,
2024-01-07 01:00:00,GBPUSD,-1222.9068241511993,-1349.2183009266382,1263114.7677543901,atr,False,0.0,
2024-01-07 02:00:00,GBPUSD,-1172.6793725199136,-1307.5912347511896,1349118.6223127602,atr,False,0.0,
2024-01-07 03:00:00,GBPUSD,-1009.9884736057735,-1357.4888238154022,3475003.502096288,atr,False,0.0,
2024-01-07 04:00:00,GBPUSD,-962.9022585294535,-1114.2396416876518,1513373.8315819828,atr,False,0.0,
2024-01-07 05:00:00,GBPUSD,-1024.7773042308738,-1162.346311008732,1375690.0677785825,atr,False,0.0,
2024-01-07 06:00:00,GBPUSD,-1076.0783486756072,-1160.2401604628847,841618.1178727753,atr,False,0.0,
2024-01-07 07:00:00,GBPUSD,-1037.229399348849,-1136.9174862819214,996880.8693307245,atr,False,0.0,
2024-01-07 08:00:00,GBPUSD,-1052.6406904749385,-1169.4607159660623,1168200.2549112383,atr,False,0.0,
2024-01-07 09:00:00,GBPUSD,-1098.1539513532875,-1210.3065334863638,1121525.821330763,atr,False,0.0,
2024-01-07 10:00:00,GBPUSD,-1075.054259781488,-1170.415100115622,953608.4033413375,atr,False,0.0,
2024-01-07 11:00:00,GBPUSD,-1050.2971598644933,-1126.7702678575938,764731.0799310037,atr,False,0.0,
2024-01-07 12:00:00,GBPUSD,-1031.9049563934,-1063.7086990462346,318037.4265283467,atr,False,0.0,
2024-01-07 13:00:00,GBPUSD,-994.1387119114366,-1081.8442786343062,877055.6672286955,atr,False,0.0,
2024-01-07 14:00:00,GBPUSD,-1001.033301553242,-1063.9835420297359,629502.4047649389,atr,False,0.0,
2024-01-07 15:00:00,GBPUSD,-1052.6794898535973,-1173.1911339799121,1205116.441263148,atr,False,0.0,
2024-01-07 16:00:00,GBPUSD,-1081.321108809595,-1154.627040653996,733059.318444009,atr,False,0.0,
2024-01-07 17:00:00,GBPUSD,-1206.1180856974222,-1492.1855187978438,2860674.3310042154,atr,False,0.0,
2024-01-07 18:00:00,GBPUSD,-1235.6514284767989,-1363.0133471380007,1273619.186612018,atr,False,0.0,
2024-01-07 19:00:00,GBPUSD,-1257.7777921479963,-1304.6172130190496,468394.2087105334,atr,False,0.0,
2024-01-07 20:00:00,GBPUSD,-1242.1865637923493,-1366.822473619191,1246359.0982684183,atr,False,0.0,
2024-01-07 21:00:00,GBPUSD,-1215.330149577648,-1297.846608725882,825164.5914823418,atr,False,0.0,
2024-01-07 22:00:00,GBPUSD,-1135.755431224435,-1482.5850949548508,3468296.6373041575,atr,False,0.0,
2024-01-07 23:00:00,GBPUSD,-1074.661534347303,-1286.7219403288063,2120604.0598150343,atr,False,0.0,
2024-01-08 00:00:00,GBPUSD,-1032.4523738771293,-1146.8417671156194,1143893.9323849012,atr,False,0.0,
2024-01-08 01:00:00,GBPUSD,-1053.488434529549,-1182.271912283103,1287834.777535539,atr,False,0.0,
2024-01-08 02:00:00,GBPUSD,-1059.0309521287527,-1113.5658239832087,545348.7185445601,atr,False,0.0,
2024-01-08 03:00:00,GBPUSD,-1074.0033140177518,-1126.2831125003806,522797.9848262896,atr,False,0.0,
2024-01-08 04:00:00,GBPUSD,-993.3172594478407,-1144.9942504518574,1516769.9100401676,atr,False,0.0,
2024-01-08 05:00:00,GBPUSD,-993.4464160261899,-1022.6738304791652,292274.14452975325,atr,False,0.0,
2024-01-08 06:00:00,GBPUSD,-1092.6410412259947,-1374.91085464325,2822698.1341725537,atr,False,0.0,
2024-01-08 07:00:00,GBPUSD,-1143.3601997915703,-1473.1171314536593,3297569.31662089,atr,False,0.0,
2024-01-08 08:00:00,GBPUSD,-1145.3546638639925,-1178.015642164753,326609.7830076035,atr,False,0.0,
2024-01-08 09:00:00,GBPUSD,-1157.0528766100526,-1242.5549826181298,855021.0600807713,atr,False,0.0,
2024-01-08 10:00:00,GBPUSD,-1134.7924053525567,-1186.1538430096812,513614.376571245,atr,False,0.0,
2024-01-08 11:00:00,GBPUSD,-1170.408671080954,-1311.531322589782,1411226.5150882786,atr,False,0.0,
2024-01-08 12:00:00,GBPUSD,-1040.6912065397416,-1500.4849911797248,4597937.846399832,atr,False,0.0,
2024-01-08 13:00:00,GBPUSD,-1036.330379412047,-1160.9108202961256,1245804.4088407848,atr,False,0.0,
2024-01-08 14:00:00,GBPUSD,-1006.6796431819175,-1098.5238699172485,918442.26735331,atr,False,0.0,
2024-01-08 15:00:00,GBPUSD,-1028.3262379251396,-1118.0883371323296,897620.9920719004,atr,False,0.0,
2024-01-08 16:00:00,GBPUSD,-1015.8047760012018,-1105.1755449119735,893707.6891077157,atr,False,0.0,
2024-01-08 17:00:00,GBPUSD,-1066.7825895679248,-1291.9861771553994,2252035.8758747466,atr,False,0.0,
2024-01-08 18:00:00,GBPUSD,-1047.7699004009978,-1121.9157371543872,741458.367533894,atr,False,0.0,
2024-01-08 19:00:00,GBPUSD,-1041.8426650482272,-1124.8995330809485,830568.6803272124,atr,False,0.0,
2024-01-08 20:00:00,GBPUSD,-977.4147573433941,-1163.5669630020711,1861522.0565867699,atr,False,0.0,
2024-01-08 21:00:00,GBPUSD,-1049.1023454352412,-1293.1762090716588,2440738.636364176,atr,False,0.0,
2024-01-08 22:00:00,GBPUSD,-1032.8354040167612,-1084.8732029288221,520377.98912060796,atr,False,0.0,
2024-01-08 23:00:00,GBPUSD,-1040.6007841638839,-1142.3944901188293,1017937.0595494544,atr,False,0.0,
2024-01-09 00:00:00,GBPUSD,-985.8530077587358,-1074.5092652833323,886562.5752459653,atr,False,0.0,
2024-01-09 01:00:00,GBPUSD,-1010.4749549731998,-1075.4986308067946,650236.7583359466,atr,False,0.0,
2024-01-09 02:00:00,GBPUSD,-994.328278116034,-1157.2080918708618,1628798.137548278,atr,False,0.0,
2024-01-09 03:00:00,GBPUSD,-1101.1613472028089,-1386.313000266071,2851516.5306326207,atr,False,0.0,
2024-01-09 04:00:00,GBPUSD,-1145.3236286462743,-1279.840989166551,1345173.6052027685,atr,False,0.0,
2024-01-09 05:00:00,GBPUSD,-1201.1453562758904,-1335.4798094587609,1343344.5318287045,atr,False,0.0,
2024-01-09 06:00:00,GBPUSD,-1202.6626587213034,-1264.7155096344409,620528.5091313749,atr,False,0.0,
2024-01-09 07:00:00,GBPUSD,-1168.5385559870388,-1274.3999850061375,1058614.2901909875,atr,False,0.0,
2024-01-09 08:00:00,GBPUSD,-1102.5677246881805,-1285.249815615989,1826820.9092780852,atr,False,0.0,
2024-01-09 09:00:00,GBPUSD,-1047.0084339618763,-1203.0612752574114,1560528.4129553502,atr,False,0.0,
2024-01-09 10:00:00,GBPUSD,-1085.0010450808693,-1257.2324551347842,1722314.1005391493,atr,False,0.0,
2024-01-09 11:00:00,GBPUSD,-1037.5181327120633,-1125.035940075264,875178.0736320075,atr,False,0.0,
2024-01-09 12:00:00,GBPUSD,-1054.5322004437894,-1168.1184428481422,1135862.4240435278,atr,False,0.0,
2024-01-09 13:00:00,GBPUSD,-1066.6447314184015,-1129.3286035309957,626838.7211259403,atr,False,0.0,
2024-01-09 14:00:00,GBPUSD,-1091.9161831435258,-1221.6586184425846,1297424.352990589,atr,False,0.0,
2024-01-09 15:00:00,GBPUSD,-1124.047865214929,-1268.7095631370535,1446616.9792212453,atr,False,0.0,
2024-01-09 16:00:00,GBPUSD,-1137.1812688741718,-1218.1031262293723,809218.5735520036,atr,False,0.0,
2024-01-09 17:00:00,GBPUSD,-1214.583850771691,-1349.4536228955485,1348697.721238575,atr,False,0.0,
2024-01-09 18:00:00,GBPUSD,-1178.554869422038,-1293.0409997121458,1144861.3029010757,atr,False,0.0,
2024-01-09 19:00:00,GBPUSD,-1164.6738303611294,-1234.920260184461,702464.2982333171,atr,False,0.0,
2024-01-09 20:00:00,GBPUSD,-1106.4396192369238,-1234.4393124550625,1279996.9321813853,atr,False,0.0,
2024-01-09 21:00:00,GBPUSD,-1064.0944893887324,-1168.8286719976952,1047341.8260896278,atr,False,0.0,
2024-01-09 22:00:00,GBPUSD,-1104.2140594562645,-1196.673503788556,924594.4433229135,atr,False,0.0,
2024-01-09 23:00:00,GBPUSD,-1052.622261876223,-1222.1188793804156,1694966.1750419252,atr,False,0.0,
2024-01-10 00:00:00,GBPUSD,-1083.071707397745,-1183.4338322321485,1003621.2483440341,atr,False,0.0,
2024-01-10 01:00:00,GBPUSD,-1139.7276503275152,-1248.8758789343308,1091482.2860681557,atr,False,0.0,
2024-01-10 02:00:00,GBPUSD,-1111.990743641774,-1293.8359172622218,1818451.7362044768,atr,False,0.0,
2024-01-10 03:00:00,GBPUSD,-1103.7562151045013,-1184.73006505245,809738.4994794889,atr,False,0.0,
2024-01-10 04:00:00,GBPUSD,-990.415562186788,-1242.876155764499,2524605.935777109,atr,False,0.0,
2024-01-10 05:00:00,GBPUSD,-1007.7909802693708,-1084.4541840192755,766632.0374990471,atr,False,0.0,
2024-01-10 06:00:00,GBPUSD,-1012.6414693333004,-1102.7154760955223,900740.0676222187,atr,False,0.0,
2024-01-10 07:00:00,GBPUSD,-973.2191194773285,-1104.6614515111492,1314423.3203382066,atr,False,0.0,
2024-01-10 08:00:00,GBPUSD,-955.398892736381,-1014.7102616817498,593113.6894536883,atr,False,0.0,
2024-01-10 09:00:00,GBPUSD,-904.5291436559897,-990.8723678985439,863432.2424255419,atr,False,0.0,
2024-01-10 10:00:00,GBPUSD,-991.6336020816641,-1393.532821153463,4018992.1907179886,atr,False,0.0,
2024-01-10 11:00:00,GBPUSD,-1060.4078628729374,-1197.952326845912,1375444.6397297462,atr,False,0.0,
2024-01-10 12:00:00,GBPUSD,-962.017728924726,-1262.887464448163,3008697.3552343687,atr,False,0.0,
2024-01-10 13:00:00,GBPUSD,-904.9667068345657,-1113.0555448898704,2080888.3805530472,atr,False,0.0,
2024-01-10 14:00:00,GBPUSD,-887.858333800345,-915.7376103277377,278792.7652739262,atr,False,0.0,
2024-01-10 15:00:00,GBPUSD,-855.7239480969168,-958.4696549878697,1027457.0689095282,atr,False,0.0,
2024-01-10 16:00:00,GBPUSD,-811.0348661913298,-968.839699117681,1578048.3292635118,atr,False,0.0,
2024-01-10 17:00:00,GBPUSD,-806.2562334054028,-902.1639320255075,959076.9862010472,atr,False,0.0,
2024-01-10 18:00:00,GBPUSD,-853.8173567495062,-950.2255250165144,964081.6826700824,atr,False,0.0,
2024-01-10 19:00:00,GBPUSD,-847.8948972753486,-898.3991331739537,505042.3589860509,atr,False,0.0,
2024-01-10 20:00:00,GBPUSD,-1037.2895846105412,-1522.7433063797866,4854537.217692454,atr,False,0.0,
2024-01-10 21:00:00,GBPUSD,-1071.2333866713286,-1187.4007688671563,1161673.8219582778,atr,False,0.0,
2024-01-10 22:00:00,GBPUSD,-1028.4377374464245,-1171.231951024075,1427942.1357765046,atr,False,0.0,
2024-01-10 23:00:00,GBPUSD,-999.9829930845631,-1073.6890834259045,737060.9034134151,atr,False,0.0,
2024-01-11 00:00:00,GBPUSD,-995.7995321319985,-1111.0014883674967,1152019.562354983,atr,False,0.0,
2024-01-11 01:00:00,GBPUSD,-916.4254249283609,-1163.3055512524827,2468801.2632412184,atr,False,0.0,
2024-01-11 02:00:00,GBPUSD,-905.4787635823675,-947.9959907733596,425172.2719099206,atr,False,0.0,
2024-01-11 03:00:00,GBPUSD,-941.562598762852,-1069.794768645029,1282321.6988217707,atr,False,0.0,
2024-01-11 04:00:00,GBPUSD,-906.8759745092509,-1031.3492265878638,1244732.5207861292,atr,False,0.0,
2024-01-11 05:00:00,GBPUSD,-888.1145368628096,-982.81940247541,947048.6561260043,atr,False,0.0,
2024-01-11 06:00:00,GBPUSD,-884.2899854478641,-950.733446826796,664434.6137893194,atr,False,0.0,
2024-01-11 07:00:00,GBPUSD,-863.7594791118986,-931.7422047839791,679827.2567208057,atr,False,0.0,
2024-01-11 08:00:00,GBPUSD,-936.9459982964921,-1178.4218024298543,2414758.041333622,atr,False,0.0,
2024-01-11 09:00:00,GBPUSD,-946.4799863605143,-1018.7573880855973,722774.0172508305,atr,False,0.0,
2024-01-11 10:00:00,GBPUSD,-932.1319355483652,-1043.707207745494,1115752.7219712902,atr,False,0.0,
2024-01-11 11:00:00,GBPUSD,-807.9559029451766,-1037.9264422196302,2299705.392744537,atr,False,0.0,
2024-01-11 12:00:00,GBPUSD,-775.0739146830402,-1040.7874536851918,2657135.3900215165,atr,False,0.0,
2024-01-11 13:00:00,GBPUSD,-747.4262430214918,-858.6737813140919,1112475.382926001,atr,False,0.0,
2024-01-11 14:00:00,GBPUSD,-747.9573798884096,-768.7179747546159,207605.94866206305,atr,False,0.0,
2024-01-11 15:00:00,GBPUSD,-607.011750658992,-870.2791910606536,2632674.4040166163,atr,False,0.0,
2024-01-11 16:00:00,GBPUSD,-620.7019615506023,-724.6994405337541,1039974.7898315189,atr,False,0.0,
2024-01-11 17:00:00,GBPUSD,-610.1067537912771,-664.9232639415004,548165.1015022323,atr,False,0.0,
2024-01-11 18:00:00,GBPUSD,-648.4100132640058,-748.6439035940728,1002338.9033006692,atr,False,0.0,
2024-01-11 19:00:00,GBPUSD,-627.2612767085037,-691.0430405989953,637817.6389049157,atr,False,0.0,
2024-01-11 20:00:00,GBPUSD,-646.7088616867596,-695.7756825847572,490668.20897997555,atr,False,0.0,
2024-01-11 21:00:00,GBPUSD,-633.8749277007212,-708.3180291549925,744431.0145427131,atr,False,0.0,
2024-01-11 22:00:00,GBPUSD,-652.9642857402348,-777.1176557775625,1241533.700373277,atr,False,0.0,
2024-01-11 23:00:00,GBPUSD,-648.2518278280203,-708.8105514372304,605587.2360921012,atr,False,0.0,
2024-01-12 00:00:00,GBPUSD,-667.8552868315774,-748.1000997244572,802448.1289287985,atr,False,0.0,
2024-01-12 01:00:00,GBPUSD,-673.3661846923083,-734.9305887947532,615644.0410244494,atr,False,0.0,
2024-01-12 02:00:00,GBPUSD,-743.1946346615215,-937.044087016555,1938494.5235503344,atr,False,0.0,
2024-01-12 03:00:00,GBPUSD,-727.6744467611359,-792.625687265644,649512.4050450817,atr,False,0.0,
2024-01-12 04:00:00,GBPUSD,-752.9627986867202,-846.4168781526774,934540.7946595724,atr,False,0.0,
2024-01-12 05:00:00,GBPUSD,-759.8952838604448,-836.5762595642738,766809.7570382894,atr,False,0.0,
2024-01-12 06:00:00,GBPUSD,-776.2012355899294,-808.4201206963322,322188.8510640281,atr,False,0.0,
2024-01-12 07:00:00,GBPUSD,-767.9996466650356,-816.9086217749806,489089.75109945005,atr,False,0.0,
2024-01-12 08:00:00,GBPUSD,-759.2842854426704,-873.3367608092037,1140524.7536653331,atr,False,0.0,
2024-01-12 09:00:00,GBPUSD,-652.5141167158154,-877.0198561388338,2245057.394230185,atr,False,0.0,
2024-01-12 10:00:00,GBPUSD,-638.7259362022672,-684.6910758225199,459651.3962025261,atr,False,0.0,
2024-01-12 11:00:00,GBPUSD,-595.2040079977345,-748.9056127416429,1537016.0474390849,atr,False,0.0,
2024-01-12 12:00:00,GBPUSD,-658.6270652660875,-902.325250812708,2436981.855466204,atr,False,0.0,
2024-01-12 13:00:00,GBPUSD,-663.6396084799553,-722.1446460800917,585050.3760013629,atr,False,0.0,
2024-01-12 14:00:00,GBPUSD,-657.2354427513077,-870.6258630631488,2133904.2031184114,atr,False,0.0,
2024-01-12 15:00:00,GBPUSD,-625.7135005352808,-744.8764760960742,1191629.7556079342,atr,False,0.0,
2024-01-12 16:00:00,GBPUSD,-640.7227074494685,-714.2461908174538,735234.8336798525,atr,False,0.0,
2024-01-12 17:00:00,GBPUSD,-593.6449361736479,-697.193191296991,1035482.5512334311,atr,False,0.0,
2024-01-12 18:00:00,GBPUSD,-616.84236022449,-705.169567899813,883272.0767532305,atr,False,0.0,
2024-01-12 19:00:00,GBPUSD,-661.0477306356715,-785.6312417899107,1245835.1115423925,atr,False,0.0,
2024-01-12 20:00:00,GBPUSD,-576.4347341508147,-745.660425897687,1692256.9174687224,atr,False,0.0,
2024-01-12 21:00:00,GBPUSD,-508.8535099158604,-643.29018883561,1344366.789197496,atr,False,0.0,
2024-01-12 22:00:00,GBPUSD,-462.6212038851056,-741.0654423612327,2784442.3847612715,atr,False,0.0,
2024-01-12 23:00:00,GBPUSD,-487.6368811238781,-547.209534358354,595726.5323447587,atr,False,0.0,
2024-01-13 00:00:00,GBPUSD,-530.6945562341592,-614.0268505304797,833322.9429632047,atr,False,0.0,
2024-01-13 01:00:00,GBPUSD,-514.0146912575402,-607.8898425418861,938751.5128434591,atr,False,0.0,
2024-01-13 02:00:00,GBPUSD,-526.2497688925995,-627.6724445693845,1014226.7567678505,atr,False,0.0,
2024-01-13 03:00:00,GBPUSD,-510.3075055229184,-592.3458105201375,820383.0499721917,atr,False,0.0,
2024-01-13 04:00:00,GBPUSD,-413.78009340357863,-641.7410891872923,2279609.9578371374,atr,False,0.0,
2024-01-13 05:00:00,GBPUSD,-432.09408182344555,-544.6167075999684,1125226.2577652284,atr,False,0.0,
2024-01-13 06:00:00,GBPUSD,-432.94901150951097,-446.36469587055615,134156.8436104518,atr,False,0.0,
2024-01-13 07:00:00,GBPUSD,-416.52006229353776,-510.01420583968286,934941.4354614507,atr,False,0.0,
2024-01-13 08:00:00,GBPUSD,-343.6201667642352,-642.3522004188103,2987320.3365457514,atr,False,0.0,
2024-01-13 09:00:00,GBPUSD,-405.54244228104784,-523.583746696169,1180413.0441512116,atr,False,0.0,
2024-01-13 10:00:00,GBPUSD,-374.6048249378709,-474.37523754721815,997704.1260934729,atr,False,0.0,
2024-01-13 11:00:00,GBPUSD,-458.3315690396469,-652.7965341011926,1944649.6506154565,atr,False,0.0,
2024-01-13 12:00:00,GBPUSD,-468.2482732028318,-497.2706448835156,290223.7168068382,atr,False,0.0,
2024-01-13 13:00:00,GBPUSD,-467.73924048193084,-518.5184206817783,507791.8019984744,atr,False,0.0,
2024-01-13 14:00:00,GBPUSD,-453.1670543981519,-573.6219674044526,1204549.1300630064,atr,False,0.0,
2024-01-13 15:00:00,GBPUSD,-371.5565468431576,-536.0231203355164,1644665.734923588,atr,False,0.0,
2024-01-13 16:00:00,GBPUSD,-368.777797131558,-432.5078227270252,637300.2559546722,atr,False,0.0,
2024-01-13 17:00:00,GBPUSD,-310.6493760473903,-437.9381580575727,1272887.820101824,atr,False,0.0,
2024-01-13 18:00:00,GBPUSD,-355.2737646119234,-485.36748419331326,1300937.1958138985,atr,False,0.0,
2024-01-13 19:00:00,GBPUSD,-395.4369518464223,-493.7470370420158,983100.8519559351,atr,False,0.0,
2024-01-13 20:00:00,GBPUSD,-415.7988051078333,-494.85730109730594,790584.9598947268,atr,False,0.0,
2024-01-13 21:00:00,GBPUSD,-428.34755965053915,-520.6138269085709,922662.6725803176,atr,False,0.0,
2024-01-13 22:00:00,GBPUSD,-463.997410391141,-631.6427626675863,1676453.5227644537,atr,False,0.0,
2024-01-13 23:00:00,GBPUSD,-514.7816896994018,-643.0561187733872,1282744.2907398546,atr,False,0.0,
2024-01-14 00:00:00,GBPUSD,-523.7496358337102,-594.2226627452787,704730.2691156853,atr,False,0.0,
2024-01-14 01:00:00,GBPUSD,-514.8323465568503,-665.942914290501,1511105.677336507,atr,False,0.0,
2024-01-14 02:00:00,GBPUSD,-500.19468979279776,-584.3015967341196,841069.0694132184,atr,False,0.0,
2024-01-14 03:00:00,GBPUSD,-499.17703176687013,-531.0078309646623,318307.99197792145,atr,False,0.0,
2024-01-14 04:00:00,GBPUSD,-535.3850486563501,-639.6577506861846,1042727.0202983451,atr,False,0.0,
2024-01-14 05:00:00,GBPUSD,-540.0277515699565,-583.5782042704125,435504.52700455935,atr,False,0.0,
2024-01-14 06:00:00,GBPUSD,-530.7361073876461,-726.0686408310481,1953325.3344340199,atr,False,0.0,
2024-01-14 07:00:00,GBPUSD,-521.6372483360329,-718.5662482765466,1969289.9994051368,atr,False,0.0,
2024-01-14 08:00:00,GBPUSD,-480.6168873590814,-668.795622996254,1881787.3563717268,atr,False,0.0,
2024-01-14 09:00:00,GBPUSD,-472.2206229733594,-587.1171040423098,1148964.8106895047,atr,False,0.0,
2024-01-14 10:00:00,GBPUSD,-436.43412711596625,-579.6553255355668,1432211.9841960059,atr,False,0.0,
2024-01-14 11:00:00,GBPUSD,-464.1780308079346,-581.2794693143047,1171014.3850637018,atr,False,0.0,
2024-01-14 12:00:00,GBPUSD,-316.31793546932715,-588.3423511570857,2720244.1568775848,atr,False,0.0,
2024-01-14 13:00:00,GBPUSD,-300.5675429248349,-410.5801808576349,1100126.3793279994,atr,False,0.0,
2024-01-14 14:00:00,GBPUSD,-364.1595148156831,-487.0970209751773,1229375.061594942,atr,False,0.0,
2024-01-14 15:00:00,GBPUSD,-352.48533511184513,-420.6212613973936,681359.2628554846,atr,False,0.0,
2024-01-14 16:00:00,GBPUSD,-301.9002035469691,-567.0523229782302,2651521.1943126107,atr,False,0.0,
2024-01-14 17:00:00,GBPUSD,-339.3417729503982,-506.9909324618503,1676491.5951145217,atr,False,0.0,
2024-01-14 18:00:00,GBPUSD,-328.5174558312838,-388.97956423355834,604621.0840227454,atr,False,0.0,
2024-01-14 19:00:00,GBPUSD,-299.38879413263396,-424.68644809907863,1252976.5396644468,atr,False,0.0,
2024-01-14 20:00:00,GBPUSD,-250.45010794343426,-542.1635731198669,2917134.651764327,atr,False,0.0,
2024-01-14 21:00:00,GBPUSD,-258.84974008560897,-344.9371469701213,860874.0688451235,atr,False,0.0,
2024-01-14 22:00:00,GBPUSD,-230.30670976655975,-307.6080143204905,773013.0455393073,atr,False,0.0,
2024-01-14 23:00:00,GBPUSD,-277.485699180683,-569.8816928972635,2923959.937165804,atr,False,0.0,
2024-01-15 00:00:00,GBPUSD,-320.4764454021052,-495.86661945552936,1753901.7405342418,atr,False,0.0,
2024-01-15 01:00:00,GBPUSD,-276.674016536149,-412.88935728723766,1362153.407510887,atr,False,0.0,
2024-01-15 02:00:00,GBPUSD,-247.85899690967318,-366.20545144460056,1183464.5453492738,atr,False,0.0,
2024-01-15 03:00:00,GBPUSD,-270.0683232482309,-367.83738799458183,977690.6474635089,atr,False,0.0,
2024-01-15 04:00:00,GBPUSD,-265.41999957768456,-326.7268640378153,613068.6446013075,atr,False,0.0,
2024-01-15 05:00:00,GBPUSD,-205.69191274104622,-357.00002692366456,1513081.1418261833,atr,False,0.0,
2024-01-15 06:00:00,GBPUSD,-173.54350097985645,-270.39926191932534,968557.6093946886,atr,False,0.0,
2024-01-15 07:00:00,GBPUSD,-266.5318019769877,-441.67405470235826,1751422.5272537058,atr,False,0.0,
2024-01-15 08:00:00,GBPUSD,-207.55053012947127,-334.4221409077435,1268716.1077827222,atr,False,0.0,
2024-01-15 09:00:00,GBPUSD,-143.62535669532969,-320.5057501010692,1768803.9340573954,atr,False,0.0,
2024-01-15 10:00:00,GBPUSD,-86.40368721113737,-197.9669182718042,1115632.3106066682,atr,False,0.0,
2024-01-15 11:00:00,GBPUSD,-93.6746438632511,-168.99394562477016,753193.0176151905,atr,False,0.0,
2024-01-15 12:00:00,GBPUSD,-117.79277639317063,-192.54338727781865,747506.1088464803,atr,False,0.0,
2024-01-15 13:00:00,GBPUSD,-90.63370585306089,-200.08942391034756,1094557.1805728667,atr,False,0.0,
2024-01-15 14:00:00,GBPUSD,-60.13414281756344,-149.28876439172714,891546.215741637,atr,False,0.0,
2024-01-15 15:00:00,GBPUSD,-105.55211935820311,-239.43695379570636,1338848.3443750325,atr,False,0.0,
2024-01-15 16:00:00,GBPUSD,-121.01706543517801,-187.81589686156957,667988.3142639154,atr,False,0.0,
2024-01-15 17:00:00,GBPUSD,-91.31186279087248,-209.54099258388084,1182291.2979300835,atr,False,0.0,
2024-01-15 18:00:00,GBPUSD,15.88492176533758,-275.23863361297964,2911235.5537831723,atr,False,0.0,
2024-01-15 19:00:00,GBPUSD,1.7893883869249976,-67.67817390636108,694675.6229328609,atr,False,0.0,
2024-01-15 20:00:00,GBPUSD,-32.298982337732305,-139.34481303969017,1070458.3070195785,atr,False,0.0,
2024-01-15 21:00:00,GBPUSD,-55.51008807024688,-118.5048174094924,629947.2933924553,atr,False,0.0,
2024-01-15 22:00:00,GBPUSD,-62.997214250269245,-140.92164283577844,779244.2858550921,atr,False,0.0,
2024-01-15 23:00:00,GBPUSD,-65.18590735253493,-121.28640478049954,561004.9742796461,atr,False,0.0,
2024-01-16 00:00:00,GBPUSD,-65.45718536052881,-127.65650420868165,621993.1884815284,atr,False,0.0,
2024-01-16 01:00:00,GBPUSD,-77.54775620525925,-196.1245960368138,1185768.3983155456,atr,False,0.0,
2024-01-16 02:00:00,GBPUSD,-61.75187767527555,-125.46725471264526,637153.770373697,atr,False,0.0,
2024-01-16 03:00:00,GBPUSD,18.450012578134206,-127.19515680968159,1456451.693878158,atr,False,0.0,
2024-01-16 04:00:00,GBPUSD,9.59891622574649,-111.17138298640651,1207702.99212153,atr,False,0.0,
2024-01-16 05:00:00,GBPUSD,98.53035867741299,-281.2003773289133,3797307.360063263,atr,False,0.0,
2024-01-16 06:00:00,GBPUSD,69.00339079636915,-34.77279683222942,1037761.8762859856,atr,False,0.0,
2024-01-16 07:00:00,GBPUSD,31.01051695308943,-78.12907045094062,1091395.8740403005,atr,False,0.0,
2024-01-16 08:00:00,GBPUSD,-23.275060969961018,-157.7659847159178,1344909.2374595678,atr,False,0.0,
2024-01-16 09:00:00,GBPUSD,19.33070571788611,-132.51528514142768,1518459.908593138,atr,False,0.0,
2024-01-16 10:00:00,GBPUSD,-24.608362487128794,-183.1687434317674,1585603.809446386,atr,False,0.0,
2024-01-16 11:00:00,GBPUSD,-29.236887597761758,-81.01775578229596,517808.6818453421,atr,False,0.0,
2024-01-16 12:00:00,GBPUSD,-57.37936675876679,-168.64425596024634,1112648.8920147954,atr,False,0.0,
2024-01-16 13:00:00,GBPUSD,-137.00767154448832,-298.68791516033275,1616802.436158444,atr,False,0.0,
2024-01-16 14:00:00,GBPUSD,-110.84459572016313,-317.79737582531,2069527.8010514688,atr,False,0.0,
2024-01-16 15:00:00,GBPUSD,-118.18336855529304,-192.2638864767885,740805.1792149545,atr,False,0.0,
2024-01-16 16:00:00,GBPUSD,-75.80328065187601,-177.16117000708954,1013578.8935521353,atr,False,0.0,
2024-01-16 17:00:00,GBPUSD,-5.75572798320276,-235.6803978080161,2299246.6982481335,atr,False,0.0,
2024-01-16 18:00:00,GBPUSD,-52.82164530876617,-220.10747814687997,1672858.328381138,atr,False,0.0,
2024-01-16 19:00:00,GBPUSD,-24.322172746193644,-124.43036489476042,1001081.9214856677,atr,False,0.0,
2024-01-16 20:00:00,GBPUSD,-12.47327359979746,-151.08257253249573,1386092.9893269825,atr,False,0.0,
2024-01-16 21:00:00,GBPUSD,-1.4903096093320283,-58.73759225753681,572472.8264820478,atr,False,0.0,
2024-01-16 22:00:00,GBPUSD,-42.294665472431,-189.14362371306453,1468489.5824063353,atr,False,0.0,
2024-01-16 23:00:00,GBPUSD,-18.948822410179837,-166.51609930770354,1475672.768975237,atr,False,0.0,
2024-01-17 00:00:00,GBPUSD,-79.85331705902688,-243.44588481531684,1635925.6775629,atr,False,0.0,
2024-01-17 01:00:00,GBPUSD,-152.3911620951358,-312.1552772910436,1597641.151959078,atr,False,0.0,
2024-01-17 02:00:00,GBPUSD,-127.69728801492849,-214.21099243907037,865137.0442414188,atr,False,0.0,
2024-01-17 03:00:00,GBPUSD,-137.20664645854376,-193.4360868336914,562294.4037514764,atr,False,0.0,
2024-01-17 04:00:00,GBPUSD,-154.12547890591034,-209.23375804737975,551082.7914146939,atr,False,0.0,
2024-01-17 05:00:00,GBPUSD,-103.32177218723726,-231.85466809028705,1285328.9590304978,atr,False,0.0,
2024-01-17 06:00:00,GBPUSD,-134.36342015621798,-284.9400301694051,1505766.1001318712,atr,False,0.0,
2024-01-17 07:00:00,GBPUSD,-123.94002213023191,-202.48796407609558,785479.4194586365,atr,False,0.0,
2024-01-17 08:00:00,GBPUSD,-129.27769057079428,-228.58185107132567,993041.605005314,atr,False,0.0,
2024-01-17 09:00:00,GBPUSD,-63.493809812356076,-175.87229151643862,1123784.8170408253,atr,False,0.0,
2024-01-17 10:00:00,GBPUSD,-75.0954654211885,-147.9401535865739,728446.8816538538,atr,False,0.0,
2024-01-17 11:00:00,GBPUSD,-43.58881361718346,-166.96617174230892,1233773.5812512545,atr,False,0.0,
2024-01-17 12:00:00,GBPUSD,27.811406684764066,-180.33373711029407,2081451.4379505813,atr,False,0.0,
2024-01-17 13:00:00,GBPUSD,58.76762271893463,-279.68966521213224,3384572.8793106684,atr,False,0.0,
2024-01-17 14:00:00,GBPUSD,85.81162440380365,-82.67521683331108,1684868.4123711472,atr,False,0.0,
2024-01-17 15:00:00,GBPUSD,59.11490024597359,-3.477014625519118,625919.148714927,atr,False,0.0,
2024-01-17 16:00:00,GBPUSD,77.10114435462694,33.585469386422396,435156.7496820454,atr,False,0.0,
2024-01-17 17:00:00,GBPUSD,173.25197620009786,-97.5672238755304,2708192.0007562824,atr,False,0.0,
2024-01-17 18:00:00,GBPUSD,173.0261209357094,118.63360708451398,543925.1385119542,atr,False,0.0,
2024-01-17 19:00:00,GBPUSD,171.1670506871418,157.1660698117903,140009.80875351516,atr,False,0.0,
2024-01-17 20:00:00,GBPUSD,108.72039903727902,-134.32002652475592,2430404.2556203497,atr,False,0.0,
2024-01-17 21:00:00,GBPUSD,8.373811517659163,-237.0417379502021,2454155.494678613,atr,False,0.0,
2024-01-17 22:00:00,GBPUSD,102.94345425438013,-299.9439598429169,4028874.1409729705,atr,False,0.0,
2024-01-17 23:00:00,GBPUSD,103.13488288465454,77.99900374494912,251358.79139705427,atr,False,0.0,
2024-01-18 00:00:00,GBPUSD,113.82081490899364,13.058749618813096,1007620.6529018055,atr,False,0.0,
2024-01-18 01:00:00,GBPUSD,114.85708792670572,1.0506333276489954,1138064.5459905672,atr,False,0.0,
2024-01-18 02:00:00,GBPUSD,140.06304345300728,63.62165413774939,764413.893152579,atr,False,0.0,
2024-01-18 03:00:00,GBPUSD,150.61957154201193,51.46793637518681,991516.3516682511,atr,False,0.0,
2024-01-18 04:00:00,GBPUSD,166.64082926342715,82.26071475888178,843801.1450454537,atr,False,0.0,
2024-01-18 05:00:00,GBPUSD,162.38686260520976,98.78603783631866,636008.247688911,atr,False,0.0,
2024-01-18 06:00:00,GBPUSD,205.15381507775209,35.48992806805873,1696638.8700969336,atr,False,0.0,
2024-01-18 07:00:00,GBPUSD,217.6187271400491,143.0194307806799,745992.963593692,atr,False,0.0,
2024-01-18 08:00:00,GBPUSD,182.3972573713064,73.98103886419513,1084162.1850711128,atr,False,0.0,
2024-01-18 09:00:00,GBPUSD,323.0901558721662,49.85641588617642,2732337.3998598973,atr,False,0.0,
2024-01-18 10:00:00,GBPUSD,332.6542584269939,268.6310649123336,640231.9351466028,atr,False,0.0,
2024-01-18 11:00:00,GBPUSD,318.4431874845317,256.3089931661956,621341.9431833609,atr,False,0.0,
2024-01-18 12:00:00,GBPUSD,290.0844212011592,171.0726051637582,1190118.1603740102,atr,False,0.0,
2024-01-18 13:00:00,GBPUSD,273.9413521202352,152.82157788992592,1211197.7423030927,atr,False,0.0,
2024-01-18 14:00:00,GBPUSD,131.1363977791128,-215.5873802966846,3467237.780757974,atr,False,0.0,
2024-01-18 15:00:00,GBPUSD,128.8733973593592,73.12467171921008,557487.256401491,atr,False,0.0,
2024-01-18 16:00:00,GBPUSD,226.9368721707337,24.41577415537725,2025210.9801535644,atr,False,0.0,
2024-01-18 17:00:00,GBPUSD,206.69972404674664,131.47714205570702,752225.8199103964,atr,False,0.0,
2024-01-18 18:00:00,GBPUSD,259.79541439436224,93.02971222861402,1667657.0216574823,atr,False,0.0,
2024-01-18 19:00:00,GBPUSD,301.7984481875374,175.78661717810144,1260118.3100943598,atr,False,0.0,
2024-01-18 20:00:00,GBPUSD,371.3141365323252,183.19951479654492,1881146.2173578031,atr,False,0.0,
2024-01-18 21:00:00,GBPUSD,329.74307387655443,217.03597688240978,1127070.9699414466,atr,False,0.0,
2024-01-18 22:00:00,GBPUSD,197.21813818852448,-222.25163783890397,4194697.7602742845,atr,False,0.0,
2024-01-18 23:00:00,GBPUSD,242.8573599904324,104.11472569485852,1387426.3429557388,atr,False,0.0,
2024-01-19 00:00:00,GBPUSD,156.12688965111866,2.868930591901517,1532579.5905921715,atr,False,0.0,
2024-01-19 01:00:00,GBPUSD,167.53415194320567,62.084707397510954,1054494.4454569472,atr,False,0.0,
2024-01-19 02:00:00,GBPUSD,256.19158903761104,96.49846532217953,1596931.2371543152,atr,False,0.0,
2024-01-19 03:00:00,GBPUSD,261.3625334611687,164.94258108649467,964199.5237467403,atr,False,0.0,
2024-01-19 04:00:00,GBPUSD,260.97255323218053,245.14551246381606,158270.4076836447,atr,False,0.0,
2024-01-19 05:00:00,GBPUSD,266.7998298699491,207.1072225197246,596926.0735022452,atr,False,0.0,
2024-01-19 06:00:00,GBPUSD,280.8790131422835,207.2220063160425,736570.0682624101,atr,False,0.0,
2024-01-19 07:00:00,GBPUSD,229.81437469915988,150.90552393595345,789088.5076320644,atr,False,0.0,
2024-01-19 08:00:00,GBPUSD,244.99338158846888,158.57310243979626,864202.7914867261,atr,False,0.0,
2024-01-19 09:00:00,GBPUSD,198.4727561056251,43.53689925610024,1549358.5684952487,atr,False,0.0,
2024-01-19 10:00:00,GBPUSD,191.81372936773366,107.48873518223867,843249.9418549498,atr,False,0.0,
2024-01-19 11:00:00,GBPUSD,170.4264439557774,96.43354993866791,739928.9401710947,atr,False,0.0,
2024-01-19 12:00:00,GBPUSD,193.59732586966484,92.19358741099398,1014037.3845867086,atr,False,0.0,
2024-01-19 13:00:00,GBPUSD,189.79916680406012,142.786678609033,470124.8819502713,atr,False,0.0,
2024-01-19 14:00:00,GBPUSD,164.57437139416487,101.66560962596148,629087.6176820339,atr,False,0.0,
2024-01-19 15:00:00,GBPUSD,163.23716959623968,113.0344362432096,502027.3335303009,atr,False,0.0,
2024-01-19 16:00:00,GBPUSD,169.97878667525518,131.13561767884295,388431.6899641225,atr,False,0.0,
2024-01-19 17:00:00,GBPUSD,202.05439805954154,66.75227059441576,1353021.2746512578,atr,False,0.0,
2024-01-19 18:00:00,GBPUSD,216.58528674898855,171.18610844393783,453991.7830505071,atr,False,0.0,
2024-01-19 19:00:00,GBPUSD,204.08072950858417,147.78398452595843,562967.4498262573,atr,False,0.0,
2024-01-19 20:00:00,GBPUSD,232.1650628069316,131.1816559521254,1009834.0685480619,atr,False,0.0,
2024-01-19 21:00:00,GBPUSD,241.6273712077921,194.0218720416918,476054.991661003,atr,False,0.0,
2024-01-19 22:00:00,GBPUSD,220.86989866102383,65.44451612926642,1554253.8253175742,atr,False,0.0,
2024-01-19 23:00:00,GBPUSD,251.25649828142306,141.3204730575211,1099360.2522390196,atr,False,0.0,
2024-01-20 00:00:00,GBPUSD,222.39569076330596,139.76221148847566,826334.7927483033,atr,False,0.0,
2024-01-20 01:00:00,GBPUSD,193.95087167768187,56.971521688113626,1369793.4998956826,atr,False,0.0,
2024-01-20 02:00:00,GBPUSD,170.61689941947256,99.1463355597519,714705.6385972066,atr,False,0.0,
2024-01-20 03:00:00,GBPUSD,138.04089509179525,-37.169209467425645,1752101.0455922089,atr,False,0.0,
2024-01-20 04:00:00,GBPUSD,151.11266880616182,90.75540728643983,603572.6151972198,atr,False,0.0,
2024-01-20 05:00:00,GBPUSD,126.30164731453503,46.9559428932148,793457.0442132023,atr,False,0.0,
2024-01-20 06:00:00,GBPUSD,165.48981723006074,41.85709360783055,1236327.2362223018,atr,False,0.0,
2024-01-20 07:00:00,GBPUSD,236.17598676966102,82.20331606149841,1539726.7070816262,atr,False,0.0,
2024-01-20 08:00:00,GBPUSD,237.8268788360839,128.62538919284395,1092014.8964323993,atr,False,0.0,
2024-01-20 09:00:00,GBPUSD,291.5785508800771,177.89905978964273,1136794.9109043437,atr,False,0.0,
2024-01-20 10:00:00,GBPUSD,186.44420970209052,-1.4113886682800114,1878555.9837037052,atr,False,0.0,
2024-01-20 11:00:00,GBPUSD,252.18493757147834,75.59151614756024,1765934.214239181,atr,False,0.0,
2024-01-20 12:00:00,GBPUSD,255.45672807742812,219.37570328930633,360810.2478812181,atr,False,0.0,
2024-01-20 13:00:00,GBPUSD,310.70636387833156,191.06585326151077,1196405.1061682077,atr,False,0.0,
2024-01-20 14:00:00,GBPUSD,313.2073119704957,237.1396867802867,760676.2519020902,atr,False,0.0,
2024-01-20 15:00:00,GBPUSD,321.7582266700486,231.2828134677144,904754.1320233421,atr,False,0.0,
2024-01-20 16:00:00,GBPUSD,235.2221923560977,20.76019715232181,2144619.952037759,atr,False,0.0,
2024-01-20 17:00:00,GBPUSD,309.1277821316763,106.98319822437233,2021445.83907304,atr,False,0.0,
2024-01-20 18:00:00,GBPUSD,415.6244874065977,128.50776530351345,2871167.221030843,atr,False,0.0,
2024-01-20 19:00:00,GBPUSD,384.7676478178948,239.0072110824786,1457604.3673541618,atr,False,0.0,
2024-01-20 20:00:00,GBPUSD,360.07154639012464,270.6291476797279,894423.9871039672,atr,False,0.0,
2024-01-20 21:00:00,GBPUSD,375.57973295507145,323.9431281767035,516366.04778367945,atr,False,0.0,
2024-01-20 22:00:00,GBPUSD,403.18356340397264,260.0765060003972,1431070.5740357544,atr,False,0.0,
2024-01-20 23:00:00,GBPUSD,380.58766705842254,296.59045403577295,839972.1302264961,atr,False,0.0,
2024-01-21 00:00:00,GBPUSD,335.237320299133,129.67163393100572,2055656.8636812726,atr,False,0.0,
2024-01-21 01:00:00,GBPUSD,344.62669048369145,285.6066373079118,590200.5317577968,atr,False,0.0,
2024-01-21 02:00:00,GBPUSD,382.19487670365515,265.7461015630374,1164487.7514061772,atr,False,0.0,
2024-01-21 03:00:00,GBPUSD,391.17013112688215,299.3717459039606,917983.8522292157,atr,False,0.0,
2024-01-21 04:00:00,GBPUSD,409.52433893332875,326.0544911417206,834698.4779160819,atr,False,0.0,
2024-01-21 05:00:00,GBPUSD,396.21620275437783,332.4260537221448,637901.4903223305,atr,False,0.0,
2024-01-21 06:00:00,GBPUSD,423.12367778985697,311.3192704479321,1118044.0734192485,atr,False,0.0,
2024-01-21 07:00:00,GBPUSD,433.04684241932705,357.87847738260405,751683.6503672297,atr,False,0.0,
2024-01-21 08:00:00,GBPUSD,427.2338528466741,350.54930260545984,766845.5024121422,atr,False,0.0,
2024-01-21 09:00:00,GBPUSD,404.43881657281486,355.8226202678873,486161.96304927545,atr,False,0.0,
2024-01-21 10:00:00,GBPUSD,431.78131767800465,331.9731034763216,998082.14201683,atr,False,0.0,
2024-01-21 11:00:00,GBPUSD,339.47439446699724,23.690285759845494,3157841.0870715175,atr,False,0.0,
2024-01-21 12:00:00,GBPUSD,354.93153749027937,240.03936191034424,1148921.7557993513,atr,False,0.0,
2024-01-21 13:00:00,GBPUSD,362.58664838987056,262.64473635515714,999419.1203471343,atr,False,0.0,
2024-01-21 14:00:00,GBPUSD,374.7474360153903,297.48334265802237,772640.9335736795,atr,False,0.0,
2024-01-21 15:00:00,GBPUSD,335.1259258496757,179.28309591047162,1558428.2993920408,atr,False,0.0,
2024-01-21 16:00:00,GBPUSD,282.7345363765269,189.21201469891474,935225.2167761212,atr,False,0.0,
2024-01-21 17:00:00,GBPUSD,277.6531635051608,248.77026286783374,288829.0063732708,atr,False,0.0,
2024-01-21 18:00:00,GBPUSD,303.9407611541106,169.72325023100993,1342175.1092310066,atr,False,0.0,
2024-01-21 19:00:00,GBPUSD,259.4750506365636,164.3804533537213,950945.9728284231,atr,False,0.0,
2024-01-01 01:00:00,USDJPY,167.35466200601016,74.70801320966392,926466.4879634625,atr,False,0.0,
2024-01-01 02:00:00,USDJPY,121.36172669060616,-1.949716659824162,1233114.4335043032,atr,False,0.0,
2024-01-01 03:00:00,USDJPY,74.29011056806559,-109.29578442740751,1835858.949954731,atr,False,0.0,
2024-01-01 04:00:00,USDJPY,62.080671839669634,-29.58180402335428,916624.7586302392,atr,False,0.0,
2024-01-01 05:00:00,USDJPY,73.7692564802054,27.96095988997125,458082.96590234153,atr,False,0.0,
2024-01-01 06:00:00,USDJPY,75.14536387383792,52.62906710078552,225162.96773052402,atr,False,0.0,
2024-01-01 07:00:00,USDJPY,87.81293425282114,18.272370655431203,695405.6359738994,atr,False,0.0,
2024-01-01 08:00:00,USDJPY,97.9137844056929,16.258198886613144,816555.8551907975,atr,False,0.0,
2024-01-01 09:00:00,USDJPY,-53.41652683625193,-318.64701132570434,2652304.844894524,atr,False,0.0,
2024-01-01 10:00:00,USDJPY,-2.2897788528474337,-253.6928966760199,2514031.1782317245,atr,False,0.0,
2024-01-01 11:00:00,USDJPY,-36.437784400831355,-195.7833095112493,1593455.2511041795,atr,False,0.0,
2024-01-01 12:00:00,USDJPY,-95.13981432835885,-217.50216691554732,1223623.5258718845,atr,False,0.0,
2024-01-01 13:00:00,USDJPY,-148.6459028637234,-274.08052060148464,1254346.1773776126,atr,False,0.0,
2024-01-01 14:00:00,USDJPY,-147.50554343961264,-179.86661567529393,323610.7223568131,atr,False,0.0,
2024-01-01 15:00:00,USDJPY,-34.03136357654199,-324.7076708608642,2906763.072843222,atr,False,0.0,
2024-01-01 16:00:00,USDJPY,-59.72972967744771,-124.53809704022501,648083.6736277731,atr,False,0.0,
2024-01-01 17:00:00,USDJPY,-52.70232812088119,-106.72953893330745,540272.1081242627,atr,False,0.0,
2024-01-01 18:00:00,USDJPY,-38.52766166471743,-109.79837332868695,712707.1166396952,atr,False,0.0,
2024-01-01 19:00:00,USDJPY,-0.5451774412569037,-130.55224758008484,1300070.7013882794,atr,False,0.0,
2024-01-01 20:00:00,USDJPY,2.531371298440421,-66.22814469017297,687595.1598861339,atr,False,0.0,
2024-01-01 21:00:00,USDJPY,11.296586872423205,-24.466544045799452,357631.30918222654,atr,False,0.0,
2024-01-01 22:00:00,USDJPY,37.47109605425878,-72.6255580322102,1100966.5408646897,atr,False,0.0,
2024-01-01 23:00:00,USDJPY,62.484705368860695,-24.039967979867633,865246.7334872833,atr,False,0.0,
2024-01-02 00:00:00,USDJPY,7.393144687865146,-155.89192736088705,1632850.720487522,atr,False,0.0,
2024-01-02 01:00:00,USDJPY,133.71616143313798,-89.62158678868624,2233377.4822182423,atr,False,0.0,
2024-01-02 02:00:00,USDJPY,143.25694143444957,115.86814237694448,273887.99057505094,atr,False,0.0,
2024-01-02 03:00:00,USDJPY,126.83862169380359,-22.046499702096384,1488851.2139589996,atr,False,0.0,
2024-01-02 04:00:00,USDJPY,154.4847685580295,51.02408636707574,1034606.8219095374,atr,False,0.0,
2024-01-02 05:00:00,USDJPY,145.0090313536496,58.07152596894848,869375.0538470112,atr,False,0.0,
2024-01-02 06:00:00,USDJPY,118.60328362838297,4.064396630333931,1145388.8699804903,atr,False,0.0,
2024-01-02 07:00:00,USDJPY,124.28124526606605,80.99177877481868,432894.66491247364,atr,False,0.0,
2024-01-02 08:00:00,USDJPY,126.74883029475751,29.835500517019483,969133.2977773803,atr,False,0.0,
2024-01-02 09:00:00,USDJPY,216.0942524817462,53.346888998359134,1627473.6348338707,atr,False,0.0,
2024-01-02 10:00:00,USDJPY,217.84539036514636,127.10367951734949,907417.1084779687,atr,False,0.0,
2024-01-02 11:00:00,USDJPY,117.2485993327054,-135.0151290469716,2522637.28379677,atr,False,0.0,
2024-01-02 12:00:00,USDJPY,96.46634273234027,-66.87782437583691,1633441.6710817716,atr,False,0.0,
2024-01-02 13:00:00,USDJPY,17.38024245052125,-192.34509296251963,2097253.3541304087,atr,False,0.0,
2024-01-02 14:00:00,USDJPY,99.49514137156447,-50.51777505546826,1500129.1642703274,atr,False,0.0,
2024-01-02 15:00:00,USDJPY,66.12432383222394,-27.81580374949762,939401.2758172156,atr,False,0.0,
2024-01-02 16:00:00,USDJPY,72.1126351927295,-14.062523488070568,861751.5868080007,atr,False,0.0,
2024-01-02 17:00:00,USDJPY,84.72148962143265,21.828777934021566,628927.1168741109,atr,False,0.0,
2024-01-02 18:00:00,USDJPY,-16.03577821810697,-364.69240029203036,3486566.2207392333,atr,False,0.0,
2024-01-02 19:00:00,USDJPY,-28.537130977610715,-63.239522964264495,347023.9198665378,atr,False,0.0,
2024-01-02 20:00:00,USDJPY,-113.91977362315299,-294.9178751724446,1809981.0154929163,atr,False,0.0,
2024-01-02 21:00:00,USDJPY,-161.76297802079443,-305.30773565275854,1435447.5763196412,atr,False,0.0,
2024-01-02 22:00:00,USDJPY,-165.81514294422965,-239.29856986170387,734834.269174742,atr,False,0.0,
2024-01-02 23:00:00,USDJPY,-122.37932028093046,-227.74527954479873,1053659.5926386828,atr,False,0.0,
2024-01-03 00:00:00,USDJPY,-95.12495196989215,-154.4339726505663,593090.2068067413,atr,False,0.0,
2024-01-03 01:00:00,USDJPY,-96.99722180864315,-108.22631364898463,112290.9184034148,atr,False,0.0,
2024-01-03 02:00:00,USDJPY,-117.47747851753627,-316.4256708265575,1989481.9230902125,atr,False,0.0,
2024-01-03 03:00:00,USDJPY,-174.41467325143262,-327.78071189158686,1533660.3864015425,atr,False,0.0,
2024-01-03 04:00:00,USDJPY,-151.234146443865,-292.8559767843718,1416218.3034050679,atr,False,0.0,
2024-01-03 05:00:00,USDJPY,-304.5268450929788,-712.5770272709225,4080501.8217794364,atr,False,0.0,
2024-01-03 06:00:00,USDJPY,-232.61542541693353,-384.2401506140476,1516247.2519711407,atr,False,0.0,
2024-01-03 07:00:00,USDJPY,-221.8872672454984,-247.05211765941613,251648.50413917733,atr,False,0.0,
2024-01-03 08:00:00,USDJPY,-161.22211049684697,-389.3356353182712,2281135.2482142425,atr,False,0.0,
2024-01-03 09:00:00,USDJPY,-177.7234162068077,-299.3866657982039,1216632.4959139624,atr,False,0.0,
2024-01-03 10:00:00,USDJPY,-372.17766742451323,-825.2299027575539,4530522.353330406,atr,False,0.0,
2024-01-03 11:00:00,USDJPY,-411.5478233850531,-487.91993223943695,763721.0885438386,atr,False,0.0,
2024-01-03 12:00:00,USDJPY,-446.7381717015436,-545.6218457522509,988836.740507073,atr,False,0.0,
2024-01-03 13:00:00,USDJPY,-404.8996079261854,-536.2000716333803,1313004.6370719483,atr,False,0.0,
2024-01-03 14:00:00,USDJPY,-428.7187732935578,-510.50875241162356,817899.7911806579,atr,False,0.0,
2024-01-03 15:00:00,USDJPY,-376.47408237064724,-549.7908219214586,1733167.3955081133,atr,False,0.0,
2024-01-03 16:00:00,USDJPY,-411.4629511631792,-557.7792741414087,1463163.2297822945,atr,False,0.0,
2024-01-03 17:00:00,USDJPY,-464.07665634704523,-590.4112328697062,1263345.765226609,atr,False,0.0,
2024-01-03 18:00:00,USDJPY,-423.6125730225339,-511.79430974716104,881817.3672462713,atr,False,0.0,
2024-01-03 19:00:00,USDJPY,-428.2977185183177,-518.0361703770543,897384.5185873654,atr,False,0.0,
2024-01-03 20:00:00,USDJPY,-381.40579138902956,-683.7369684789637,3023311.770899342,atr,False,0.0,
2024-01-03 21:00:00,USDJPY,-461.8287456354718,-608.842166688333,1470134.210528612,atr,False,0.0,
2024-01-03 22:00:00,USDJPY,-442.8549693435955,-529.8974513609148,870424.8201731932,atr,False,0.0,
2024-01-03 23:00:00,USDJPY,-425.2887965191777,-535.1236868368167,1098348.9031763892,atr,False,0.0,
2024-01-04 00:00:00,USDJPY,-428.5346624022466,-456.77021627675276,282355.5387450614,atr,False,0.0,
2024-01-04 01:00:00,USDJPY,-410.69561145708064,-452.60250790620063,419068.9644911999,atr,False,0.0,
2024-01-04 02:00:00,USDJPY,-378.3328934117707,-502.2308612917557,1238979.6787998495,atr,False,0.0,
2024-01-04 03:00:00,USDJPY,-372.8143605874955,-408.7629331278583,359485.72540362785,atr,False,0.0,
2024-01-04 04:00:00,USDJPY,-351.2325124871534,-431.7292265888611,804967.141017077,atr,False,0.0,
2024-01-04 05:00:00,USDJPY,-222.4823454369144,-577.9575230616279,3554751.7762471354,atr,False,0.0,
2024-01-04 06:00:00,USDJPY,-218.78642751482988,-288.17620163267713,693897.7411784724,atr,False,0.0,
2024-01-04 07:00:00,USDJPY,-228.8211293549735,-267.90935913221693,390882.2977724344,atr,False,0.0,
2024-01-04 08:00:00,USDJPY,-244.68674449998298,-303.90839332344444,592216.4882346145,atr,False,0.0,
2024-01-04 09:00:00,USDJPY,-152.3782473125878,-414.15607958644983,2617778.3227386205,atr,False,0.0,
2024-01-04 10:00:00,USDJPY,-168.85230604558276,-244.66813877369066,758158.3272810789,atr,False,0.0,
2024-01-04 11:00:00,USDJPY,-112.24307744535881,-281.5993144720404,1693562.370266816,atr,False,0.0,
2024-01-04 12:00:00,USDJPY,-58.80639736301083,-199.4429175479485,1406365.2018493768,atr,False,0.0,
2024-01-04 13:00:00,USDJPY,-53.635017324570306,-106.15756274183967,525225.4541726937,atr,False,0.0,
2024-01-04 14:00:00,USDJPY,115.73197391093146,-187.72549729757918,3034574.7120851064,atr,False,0.0,
2024-01-04 15:00:00,USDJPY,163.1476769437712,33.18910479616795,1299585.7214760324,atr,False,0.0,
2024-01-04 16:00:00,USDJPY,148.61601386651247,101.36894340503741,472470.7046147506,atr,False,0.0,
2024-01-04 17:00:00,USDJPY,171.77702465685928,58.244508615474615,1135325.1604138466,atr,False,0.0,
2024-01-04 18:00:00,USDJPY,221.03389707410298,99.4510592447008,1215828.3782940218,atr,False,0.0,
2024-01-04 19:00:00,USDJPY,213.26880260559483,154.5278881950673,587409.1441052754,atr,False,0.0,
2024-01-04 20:00:00,USDJPY,176.2053588483516,36.721507587740405,1394838.512606112,atr,False,0.0,
2024-01-04 21:00:00,USDJPY,173.7091604534313,108.93856995728042,647705.9049615089,atr,False,0.0,
2024-01-04 22:00:00,USDJPY,178.32863456566756,116.3766702665348,619519.6429913276,atr,False,0.0,
2024-01-04 23:00:00,USDJPY,173.71516670587786,57.548850465062785,1161663.1624081507,atr,False,0.0,
2024-01-05 00:00:00,USDJPY,212.5999808002161,126.00819506374135,865917.8573647473,atr,False,0.0,
2024-01-05 01:00:00,USDJPY,189.53101093876114,56.459166921454596,1330718.4401730655,atr,False,0.0,
2024-01-05 02:00:00,USDJPY,224.49978864273265,100.84393737812361,1236558.5126460905,atr,False,0.0,
2024-01-05 03:00:00,USDJPY,83.82653963864291,-232.5572686345338,3163838.082731767,atr,False,0.0,
2024-01-05 04:00:00,USDJPY,122.45592989487167,13.614089935758557,1088418.3995911311,atr,False,0.0,
2024-01-05 05:00:00,USDJPY,136.00910282042895,101.8158411515507,341932.61668878247,atr,False,0.0,
2024-01-05 06:00:00,USDJPY,164.3344276936662,79.7596071675701,845748.2052609612,atr,False,0.0,
2024-01-05 07:00:00,USDJPY,129.50924052734928,14.49337932274922,1150158.6120460005,atr,False,0.0,
2024-01-05 08:00:00,USDJPY,92.92518454435525,-4.328332239900234,972535.1678425547,atr,False,0.0,
2024-01-05 09:00:00,USDJPY,72.20310585925752,2.2245087201917073,699785.9713906581,atr,False,0.0,
2024-01-05 10:00:00,USDJPY,225.1921997794144,-109.40251649315616,3345947.1627257057,atr,False,0.0,
2024-01-05 11:00:00,USDJPY,224.33132511493775,182.62953101340156,417017.9410153619,atr,False,0.0,
2024-01-05 12:00:00,USDJPY,258.9915007264253,76.37177933771008,1826197.2138871518,atr,False,0.0,
2024-01-05 13:00:00,USDJPY,259.6703297656772,155.64242566261214,1040279.0410306507,atr,False,0.0,
2024-01-05 14:00:00,USDJPY,230.3111544904754,93.86681314116427,1364443.413493111,atr,False,0.0,
2024-01-05 15:00:00,USDJPY,210.7416296652777,167.78120611925408,429604.2354602362,atr,False,0.0,
2024-01-05 16:00:00,USDJPY,200.75919783958784,114.81413325598537,859450.6458360248,atr,False,0.0,
2024-01-05 17:00:00,USDJPY,200.15837580078846,152.9876110745049,471707.64726283564,atr,False,0.0,
2024-01-05 18:00:00,USDJPY,216.8229370586384,154.3153756358018,625075.614228366,atr,False,0.0,
2024-01-05 19:00:00,USDJPY,188.33542117588556,115.1902493714276,731451.7180445796,atr,False,0.0,
2024-01-05 20:00:00,USDJPY,157.50582784614667,97.07623883259646,604295.8901355022,atr,False,0.0,
2024-01-05 21:00:00,USDJPY,122.8899764872456,45.05598113404612,778339.9535319948,atr,False,0.0,
2024-01-05 22:00:00,USDJPY,88.97235276347496,-33.66541531154391,1226377.6807501887,atr,False,0.0,
2024-01-05 23:00:00,USDJPY,-11.11852049015745,-281.73591312769577,2706173.9263753835,atr,False,0.0,
2024-01-06 00:00:00,USDJPY,-40.4444558746096,-159.27239334749578,1188279.3747288617,atr,False,0.0,
2024-01-06 01:00:00,USDJPY,-62.54612467307811,-129.97950009731414,674333.7542423604,atr,False,0.0,
2024-01-06 02:00:00,USDJPY,-118.5355336937177,-239.69148575962072,1211559.5206590304,atr,False,0.0,
2024-01-06 03:00:00,USDJPY,-143.009608648231,-239.70269637520596,966930.8772697495,atr,False,0.0,
2024-01-06 04:00:00,USDJPY,-116.1782446290425,-259.71495957631635,1435367.1494727388,atr,False,0.0,
2024-01-06 05:00:00,USDJPY,-135.56329209687192,-225.2222366472559,896589.4455038398,atr,False,0.0,
2024-01-06 06:00:00,USDJPY,-160.7120766880525,-252.91049654777993,921984.1985972745,atr,False,0.0,
2024-01-06 07:00:00,USDJPY,-166.6185015062778,-185.89906501285822,192805.63506580435,atr,False,0.0,
2024-01-06 08:00:00,USDJPY,-142.9972167698581,-186.92295956511487,439257.42795256764,atr,False,0.0,
2024-01-06 09:00:00,USDJPY,-150.32398961830287,-214.2026778190801,638786.8820077721,atr,False,0.0,
2024-01-06 10:00:00,USDJPY,-149.4014699368856,-205.67236500487962,562708.9506799402,atr,False,0.0,
2024-01-06 11:00:00,USDJPY,-148.9522836830565,-181.7073875288623,327551.0384580582,atr,False,0.0,
2024-01-06 12:00:00,USDJPY,-165.55800825034768,-219.6260177547218,540680.0950437412,atr,False,0.0,
2024-01-06 13:00:00,USDJPY,-121.6438584687574,-276.679645049177,1550357.8658041959,atr,False,0.0,
2024-01-06 14:00:00,USDJPY,-154.29635808380417,-232.26603137316033,779696.7328935617,atr,False,0.0,
2024-01-06 15:00:00,USDJPY,-146.63139818527574,-242.23580057740818,956044.0239213244,atr,False,0.0,
2024-01-06 16:00:00,USDJPY,-252.73894005783455,-422.8343236040133,1700953.8354617879,atr,False,0.0,
2024-01-06 17:00:00,USDJPY,-258.1933840207876,-354.45390003500273,962605.1601421509,atr,False,0.0,
2024-01-06 18:00:00,USDJPY,-296.0995808432477,-390.62529171662186,945257.1087337418,atr,False,0.0,
2024-01-06 19:00:00,USDJPY,-354.61811574083134,-496.40612497389697,1417880.0923306562,atr,False,0.0,
2024-01-06 20:00:00,USDJPY,-362.6742343972241,-462.85302843422255,1001787.9403699843,atr,False,0.0,
2024-01-06 21:00:00,USDJPY,-304.89976114955243,-437.319203235096,1324194.4208554353,atr,False,0.0,
2024-01-06 22:00:00,USDJPY,-260.1880075143325,-409.2686375919159,1490806.300775834,atr,False,0.0,
2024-01-06 23:00:00,USDJPY,-250.11918989818375,-292.3848509489284,422656.6105074466,atr,False,0.0,
2024-01-07 00:00:00,USDJPY,-304.21656944559396,-501.46788583533146,1972513.1638973749,atr,False,0.0,
2024-01-07 01:00:00,USDJPY,-358.5104270475979,-636.2015549429177,2776911.2789531974,atr,False,0.0,
2024-01-07 02:00:00,USDJPY,-374.39213697274323,-438.0840401307688,636919.0315802556,atr,False,0.0,
2024-01-07 03:00:00,USDJPY,-370.4926835384086,-423.70844176793804,532157.5822952946,atr,False,0.0,
2024-01-07 04:00:00,USDJPY,-381.8156241308035,-438.61810042578315,568024.7629497964,atr,False,0.0,
2024-01-07 05:00:00,USDJPY,-408.32750367972733,-729.1357491325247,3208082.454527973,atr,False,0.0,
2024-01-07 06:00:00,USDJPY,-328.87939762126734,-457.67651278658127,1287971.1516531396,atr,False,0.0,
2024-01-07 07:00:00,USDJPY,-362.79398983559037,-478.6555570573648,1158615.672217744,atr,False,0.0,
2024-01-07 08:00:00,USDJPY,-333.9701322328509,-407.0266628416315,730565.306087806,atr,False,0.0,
2024-01-07 09:00:00,USDJPY,-353.30318807399874,-387.69166179305773,343884.73719059024,atr,False,0.0,
2024-01-07 10:00:00,USDJPY,-284.81373098233604,-446.20379474892803,1613900.63766592,atr,False,0.0,
2024-01-07 11:00:00,USDJPY,-297.57378046281303,-399.49474785870086,1019209.6739588785,atr,False,0.0,
2024-01-07 12:00:00,USDJPY,-320.4075977287539,-592.1482805610779,2717406.828323239,atr,False,0.0,
2024-01-07 13:00:00,USDJPY,-133.08244345362303,-474.53292019363766,3414504.7674001465,atr,False,0.0,
2024-01-07 14:00:00,USDJPY,-136.29904507426232,-225.75070427054604,894516.5919628371,atr,False,0.0,
2024-01-07 15:00:00,USDJPY,-211.7153413276754,-443.3954672329975,2316801.2590532205,atr,False,0.0,
2024-01-07 16:00:00,USDJPY,-221.3582303775623,-298.5171858069701,771589.5542940776,atr,False,0.0,
2024-01-07 17:00:00,USDJPY,-210.0496417203276,-243.41785370360998,333682.11983282364,atr,False,0.0,
2024-01-07 18:00:00,USDJPY,-264.51936576376914,-416.7042128621754,1521848.4709840626,atr,False,0.0,
2024-01-07 19:00:00,USDJPY,-252.63162711872323,-320.1390337085768,675074.0658985357,atr,False,0.0,
2024-01-07 20:00:00,USDJPY,-236.19111338980912,-276.1856778760578,399945.64486248675,atr,False,0.0,
2024-01-07 21:00:00,USDJPY,-240.67201743378084,-306.14947911173476,654774.6167795393,atr,False,0.0,
2024-01-07 22:00:00,USDJPY,-187.79378103046247,-302.30988914018815,1145161.081097257,atr,False,0.0,
2024-01-07 23:00:00,USDJPY,-213.78395583058276,-346.70301098859056,1329190.5515800784,atr,False,0.0,
2024-01-08 00:00:00,USDJPY,-265.9580987957732,-382.4489029707536,1164908.0417498038,atr,False,0.0,
2024-01-08 01:00:00,USDJPY,-291.18513466554515,-412.5702724933042,1213851.37827759,atr,False,0.0,
2024-01-08 02:00:00,USDJPY,-256.59162281225343,-352.8269453928216,962353.2258056812,atr,False,0.0,
2024-01-08 03:00:00,USDJPY,-204.29615398427845,-343.9924576897304,1396963.037054519,atr,False,0.0,
2024-01-08 04:00:00,USDJPY,-138.9050029088363,-301.5948712315578,1626898.6832272152,atr,False,0.0,
2024-01-08 05:00:00,USDJPY,-103.03168128126059,-186.72462770793283,836929.4642667226,atr,False,0.0,
2024-01-08 06:00:00,USDJPY,-152.1000970109057,-444.9482147070448,2928481.1769613912,atr,False,0.0,
2024-01-08 07:00:00,USDJPY,-136.7808261574036,-253.90069647878835,1171198.7032138477,atr,False,0.0,
2024-01-08 08:00:00,USDJPY,-161.76731774039695,-295.42971450601806,1336623.9676562115,atr,False,0.0,
2024-01-08 09:00:00,USDJPY,-220.43973885955867,-339.6342588882299,1191945.2002867125,atr,False,0.0,
2024-01-08 10:00:00,USDJPY,-201.4984461019807,-245.81083269910692,443123.8659712621,atr,False,0.0,
2024-01-08 11:00:00,USDJPY,-152.8465847324012,-275.97916957954914,1231325.8484714793,atr,False,0.0,
2024-01-08 12:00:00,USDJPY,-166.1226324426973,-191.63714075738716,255145.08314689877,atr,False,0.0,
2024-01-08 13:00:00,USDJPY,-187.1247214401794,-337.63333593886705,1505086.1449868765,atr,False,0.0,
2024-01-08 14:00:00,USDJPY,-193.3238284968039,-253.383974145048,600601.4564824409,atr,False,0.0,
2024-01-08 15:00:00,USDJPY,-192.5029414789163,-259.7209872786271,672180.457997108,atr,False,0.0,
2024-01-08 16:00:00,USDJPY,-164.89008073818198,-216.2660926431139,513760.119049319,atr,False,0.0,
2024-01-08 17:00:00,USDJPY,-45.827610366162375,-344.3703317873113,2985427.2142114886,atr,False,0.0,
2024-01-08 18:00:00,USDJPY,-96.42799300955471,-232.88283968106137,1364548.4667150667,atr,False,0.0,
2024-01-08 19:00:00,USDJPY,-92.85382304041372,-169.74821416817656,768943.9112776285,atr,False,0.0,
2024-01-08 20:00:00,USDJPY,-10.248746758597449,-231.85475943910325,2216060.126805058,atr,False,0.0,
2024-01-08 21:00:00,USDJPY,39.28718239686491,-95.71287425748683,1350000.5665435174,atr,False,0.0,
2024-01-08 22:00:00,USDJPY,47.14094870793712,-2.028648532675547,491695.9724061267,atr,False,0.0,
2024-01-08 23:00:00,USDJPY,54.924459494877816,28.39477608391709,265296.83410960727,atr,False,0.0,
2024-01-09 00:00:00,USDJPY,18.653247367658693,-339.9283298689139,3585815.7723657265,atr,False,0.0,
2024-01-09 01:00:00,USDJPY,-33.23118402068136,-200.8440117797908,1676128.2775910944,atr,False,0.0,
2024-01-09 02:00:00,USDJPY,2.2268714662464717,-59.145019058121946,613718.9052436842,atr,False,0.0,
2024-01-09 03:00:00,USDJPY,60.640973510576316,-86.30950917053491,1469504.8268111122,atr,False,0.0,
2024-01-09 04:00:00,USDJPY,98.09167484418833,-16.34646981480509,1144381.4465899342,atr,False,0.0,
2024-01-09 05:00:00,USDJPY,86.50040279613071,20.2343009351992,662661.0186093152,atr,False,0.0,
2024-01-09 06:00:00,USDJPY,88.78672803174996,-32.689724278295614,1214764.5231004558,atr,False,0.0,
2024-01-09 07:00:00,USDJPY,92.01090389184672,70.08291981134666,219279.84080500068,atr,False,0.0,
2024-01-09 08:00:00,USDJPY,60.12556125119403,-85.63222565208258,1457577.8690327662,atr,False,0.0,
2024-01-09 09:00:00,USDJPY,117.72362939099236,-17.94690557585909,1356705.3496685144,atr,False,0.0,
2024-01-09 10:00:00,USDJPY,177.56068649064605,34.31004174538117,1432506.4474526488,atr,False,0.0,
2024-01-09 11:00:00,USDJPY,225.46302974085657,92.66227460046122,1328007.5514039535,atr,False,0.0,
2024-01-09 12:00:00,USDJPY,295.57450534663155,148.47897944704698,1470955.2589958457,atr,False,0.0,
2024-01-09 13:00:00,USDJPY,341.96903672933394,213.4895196291152,1284795.1710021873,atr,False,0.0,
2024-01-09 14:00:00,USDJPY,380.7016813651836,32.73283317243852,3479688.481927451,atr,False,0.0,
2024-01-09 15:00:00,USDJPY,357.7791675649559,312.2131076424165,455660.5992253941,atr,False,0.0,
2024-01-09 16:00:00,USDJPY,396.5087263791045,260.19888898575624,1363098.3739334822,atr,False,0.0,
2024-01-09 17:00:00,USDJPY,280.7319254779567,-66.63449781686683,3473664.2329482352,atr,False,0.0,
2024-01-09 18:00:00,USDJPY,275.64421160910814,242.33136974944904,333128.41859659104,atr,False,0.0,
2024-01-09 19:00:00,USDJPY,319.48430488671727,200.291356013577,1191929.4887314027,atr,False,0.0,
2024-01-09 20:00:00,USDJPY,299.3789517675987,232.51540034475823,668635.5142284048,atr,False,0.0,
2024-01-09 21:00:00,USDJPY,295.29540479537496,242.21626389083522,530791.4090453974,atr,False,0.0,
2024-01-09 22:00:00,USDJPY,265.43365351683855,190.0383486973477,753953.0481949085,atr,False,0.0,
2024-01-09 23:00:00,USDJPY,217.8760201249155,94.49395068973284,1233820.6943518266,atr,False,0.0,
2024-01-10 00:00:00,USDJPY,178.89282773163035,81.0675711998181,978252.5653181225,atr,False,0.0,
2024-01-10 01:00:00,USDJPY,222.60771635276268,-27.96127442929543,2505689.907820581,atr,False,0.0,
2024-01-10 02:00:00,USDJPY,179.12842060126346,92.17289348446631,869555.2711679714,atr,False,0.0,
2024-01-10 03:00:00,USDJPY,144.15576474804138,-6.688051967718735,1508438.167157601,atr,False,0.0,
2024-01-10 04:00:00,USDJPY,188.99154143490796,90.37150139012655,986200.400447814,atr,False,0.0,
2024-01-10 05:00:00,USDJPY,129.24659961160071,-34.35750709964071,1636041.0671124144,atr,False,0.0,
2024-01-10 06:00:00,USDJPY,164.3419402906529,59.83474412848432,1045071.9616216858,atr,False,0.0,
2024-01-10 07:00:00,USDJPY,108.44433051636686,-43.453957081014565,1518982.8759738142,atr,False,0.0,
2024-01-10 08:00:00,USDJPY,89.77276181595191,-4.389233392580053,941619.9520853197,atr,False,0.0,
2024-01-10 09:00:00,USDJPY,46.08652341763363,-35.25325687642156,813397.8029405519,atr,False,0.0,
2024-01-10 10:00:00,USDJPY,35.4220250512173,-148.70992238081442,1841319.4743203172,atr,False,0.0,
2024-01-10 11:00:00,USDJPY,55.01865746244482,-8.39783246624048,634164.899286853,atr,False,0.0,
2024-01-10 12:00:00,USDJPY,56.866894041332685,-91.52127197754258,1483881.6601887527,atr,False,0.0,
2024-01-10 13:00:00,USDJPY,-34.974519558802044,-201.54817537259515,1665736.558137931,atr,False,0.0,
2024-01-10 14:00:00,USDJPY,-135.93564943042662,-340.45886832978283,2045232.1889935622,atr,False,0.0,
2024-01-10 15:00:00,USDJPY,-103.25954880464121,-212.26481751805136,1090052.6871341015,atr,False,0.0,
2024-01-10 16:00:00,USDJPY,-134.3994946153629,-257.1896088400791,1227901.1422471618,atr,False,0.0,
2024-01-10 17:00:00,USDJPY,-111.63211360727591,-184.06586629181595,724337.5268454002,atr,False,0.0,
2024-01-10 18:00:00,USDJPY,-138.29101891418182,-185.6747780905469,473837.5917636509,atr,False,0.0,
2024-01-10 19:00:00,USDJPY,-170.7615719607719,-309.48014860099795,1387185.7664022602,atr,False,0.0,
2024-01-10 20:00:00,USDJPY,-139.9522132768722,-254.3405208117103,1143883.075348381,atr,False,0.0,
2024-01-10 21:00:00,USDJPY,-126.67825630655864,-269.09346208245915,1424152.0577590053,atr,False,0.0,
2024-01-10 22:00:00,USDJPY,-114.78823763822,-177.45251199976548,626642.7436154549,atr,False,0.0,
2024-01-10 23:00:00,USDJPY,-94.80278987648916,-203.58277381821821,1087799.8394172906,atr,False,0.0,
2024-01-11 00:00:00,USDJPY,-103.2070221645745,-224.9547686757934,1217477.4651121888,atr,False,0.0,
2024-01-11 01:00:00,USDJPY,-87.82358469728864,-132.74608607971226,449225.0138242363,atr,False,0.0,
2024-01-11 02:00:00,USDJPY,-121.67821521731406,-320.7186700128016,1990404.5479548755,atr,False,0.0,
2024-01-11 03:00:00,USDJPY,-114.80359506150222,-209.9956922126604,951920.9715115819,atr,False,0.0,
2024-01-11 04:00:00,USDJPY,-49.52842127510246,-183.31864376639996,1337902.224912975,atr,False,0.0,
2024-01-11 05:00:00,USDJPY,-65.57374179995834,-154.9990705213564,894253.2872139806,atr,False,0.0,
2024-01-11 06:00:00,USDJPY,-34.616367855421295,-131.20815851446528,965917.90659044,atr,False,0.0,
2024-01-11 07:00:00,USDJPY,-152.91062701993292,-486.1816163874118,3332709.893674789,atr,False,0.0,
2024-01-11 08:00:00,USDJPY,-183.21402546535774,-293.3294512071246,1101154.2574176684,atr,False,0.0,
2024-01-11 09:00:00,USDJPY,-98.9907532854246,-238.3350089194757,1393442.556340511,atr,False,0.0,
2024-01-11 10:00:00,USDJPY,-129.68872184107818,-296.47446836195934,1667857.4652088117,atr,False,0.0,
2024-01-11 11:00:00,USDJPY,-117.36776036687404,-191.41538818797846,740476.2782110441,atr,False,0.0,
2024-01-11 12:00:00,USDJPY,-65.18476933812681,-216.0604329972231,1508756.6365909628,atr,False,0.0,
2024-01-11 13:00:00,USDJPY,-36.006087664042354,-185.99106168874255,1499849.7402470019,atr,False,0.0,
2024-01-11 14:00:00,USDJPY,-45.044641537331536,-74.64686514466453,296022.2360733299,atr,False,0.0,
2024-01-11 15:00:00,USDJPY,-65.68199703943237,-246.83359196887017,1811515.949294378,atr,False,0.0,
2024-01-11 16:00:00,USDJPY,-103.31486495158947,-171.69337874469818,683785.1379310872,atr,False,0.0,
2024-01-11 17:00:00,USDJPY,-68.77171475088588,-200.85004365207254,1320783.2890118668,atr,False,0.0,
2024-01-11 18:00:00,USDJPY,-102.95825102612416,-285.88138463100114,1829231.3360487695,atr,False,0.0,
2024-01-11 19:00:00,USDJPY,-64.29446478773599,-214.31618858814338,1500217.2380040737,atr,False,0.0,
2024-01-11 20:00:00,USDJPY,-97.75096306871671,-235.3831004979566,1376321.3742923988,atr,False,0.0,
2024-01-11 21:00:00,USDJPY,-48.37384494075375,-173.9284222407166,1255545.7729996284,atr,False,0.0,
2024-01-11 22:00:00,USDJPY,-92.10609690935408,-236.85826967220564,1447521.7276285156,atr,False,0.0,
2024-01-11 23:00:00,USDJPY,-41.9313977145463,-202.01147075017397,1600800.7303562765,atr,False,0.0,
2024-01-12 00:00:00,USDJPY,36.60067014480358,-132.2341690043021,1688348.391491057,atr,False,0.0,
2024-01-12 01:00:00,USDJPY,119.48488579002824,-38.37357742493208,1578584.6321496032,atr,False,0.0,
2024-01-12 02:00:00,USDJPY,102.4497504953085,59.294166298307594,431555.84197000915,atr,False,0.0,
2024-01-12 03:00:00,USDJPY,94.15860558442759,3.631078469103173,905275.2711532442,atr,False,0.0,
2024-01-12 04:00:00,USDJPY,14.411844219571321,-326.5497614607832,3409616.056803545,atr,False,0.0,
2024-01-12 05:00:00,USDJPY,14.842704752822621,-64.82028827053533,796629.9302335796,atr,False,0.0,
2024-01-12 06:00:00,USDJPY,3.7037326831526958,-37.65931557393829,413630.4825709098,atr,False,0.0,
2024-01-12 07:00:00,USDJPY,-59.20913035636684,-266.29126508502736,2070821.3472866048,atr,False,0.0,
2024-01-12 08:00:00,USDJPY,-71.42296084142208,-122.705723784494,512827.6294307192,atr,False,0.0,
2024-01-12 09:00:00,USDJPY,-100.31450465538701,-218.17897159953054,1178644.6694414353,atr,False,0.0,
2024-01-12 10:00:00,USDJPY,-92.57894576123745,-117.31686536793782,247379.1960670037,atr,False,0.0,
2024-01-12 11:00:00,USDJPY,-94.9378700821192,-176.37294486522399,814350.747831048,atr,False,0.0,
2024-01-12 12:00:00,USDJPY,-89.81384943264266,-151.9139021718958,621000.5273925316,atr,False,0.0,
2024-01-12 13:00:00,USDJPY,-62.546821869219244,-118.36614905819289,558193.2718897364,atr,False,0.0,
2024-01-12 14:00:00,USDJPY,-2.5875804444892694,-108.94451998233805,1063569.3953784879,atr,False,0.0,
2024-01-12 15:00:00,USDJPY,40.67163423221779,-50.8031417572118,914747.759894296,atr,False,0.0,
2024-01-12 16:00:00,USDJPY,63.94269488267058,-7.903362204169525,718460.5708684011,atr,False,0.0,
2024-01-12 17:00:00,USDJPY,14.664638267578042,-73.64137322480008,883060.1149237812,atr,False,0.0,
2024-01-12 18:00:00,USDJPY,7.008910603117778,-91.9506501137936,989595.6071691138,atr,False,0.0,
2024-01-12 19:00:00,USDJPY,-22.092715081058827,-111.22611057712446,891333.9549606564,atr,False,0.0,
2024-01-12 20:00:00,USDJPY,5.579380092416148,-49.57508507807515,551544.651704913,atr,False,0.0,
2024-01-12 21:00:00,USDJPY,19.473047424634156,-104.44635863173,1239194.0605636416,atr,False,0.0,
2024-01-12 22:00:00,USDJPY,130.0247024651008,-114.20414513878995,2442288.4760389077,atr,False,0.0,
2024-01-12 23:00:00,USDJPY,127.46163592302942,114.07427833210755,133873.57590921866,atr,False,0.0,
2024-01-13 00:00:00,USDJPY,103.07437482893533,12.860672525984171,902137.0230295116,atr,False,0.0,
2024-01-13 01:00:00,USDJPY,60.51342597864717,-53.10308621803713,1136165.121966843,atr,False,0.0,
2024-01-13 02:00:00,USDJPY,-2.4813497637787307,-120.29772708433939,1178163.7732056065,atr,False,0.0,
2024-01-13 03:00:00,USDJPY,-36.2057150893146,-151.03645001344833,1148307.3492413373,atr,False,0.0,
2024-01-13 04:00:00,USDJPY,-118.19707369442847,-350.7337776801953,2325367.0398576683,atr,False,0.0,
2024-01-13 05:00:00,USDJPY,-91.91759159666492,-224.82106659909755,1329034.7500243261,atr,False,0.0,
2024-01-13 06:00:00,USDJPY,-41.876982791302275,-158.55844039738628,1166814.57606084,atr,False,0.0,
2024-01-13 07:00:00,USDJPY,-89.39800643632535,-208.45898508434146,1190609.7864801614,atr,False,0.0,
2024-01-13 08:00:00,USDJPY,-90.91506487244968,-272.8334246822642,1819183.598098145,atr,False,0.0,
2024-01-13 09:00:00,USDJPY,-51.60606081367435,-197.7816220763001,1461755.6126262574,atr,False,0.0,
2024-01-13 10:00:00,USDJPY,-10.945010417621283,-163.5379659512599,1525929.5553363862,atr,False,0.0,
2024-01-13 11:00:00,USDJPY,-6.646716195478516,-42.64816537964563,360014.4918416712,atr,False,0.0,
2024-01-13 12:00:00,USDJPY,-45.13544600886839,-175.02266521871218,1298872.1920984378,atr,False,0.0,
2024-01-13 13:00:00,USDJPY,-62.50617085391982,-143.01909970282352,805129.288489037,atr,False,0.0,
2024-01-13 14:00:00,USDJPY,-221.73791966250897,-601.0126448758716,3792747.2521336265,atr,False,0.0,
2024-01-13 15:00:00,USDJPY,-226.0969135091602,-288.5014311531494,624045.1764398919,atr,False,0.0,
2024-01-13 16:00:00,USDJPY,-263.75650801526433,-365.16689799338013,1014103.8997811578,atr,False,0.0,
2024-01-13 17:00:00,USDJPY,-304.1282970326285,-406.04161574184735,1019133.1870921886,atr,False,0.0,
2024-01-13 18:00:00,USDJPY,-348.39771710449054,-495.7984749226142,1474007.5781812372,atr,False,0.0,
2024-01-13 19:00:00,USDJPY,-310.05020887579946,-419.58771873907347,1095375.0986327399,atr,False,0.0,
2024-01-13 20:00:00,USDJPY,-403.4250503174584,-588.7646069730204,1853395.56655562,atr,False,0.0,
2024-01-13 21:00:00,USDJPY,-395.8629192624958,-485.14859736350553,892856.7810100974,atr,False,0.0,
2024-01-13 22:00:00,USDJPY,-422.9688616537175,-491.5428998360651,685740.3818234758,atr,False,0.0,
2024-01-13 23:00:00,USDJPY,-367.75195737594794,-552.9233324051086,1851713.7502916069,atr,False,0.0,
2024-01-14 00:00:00,USDJPY,-405.9200631472117,-571.8155380395447,1658954.7489233294,atr,False,0.0,
2024-01-14 01:00:00,USDJPY,-430.21793577332255,-639.1811441709768,2089632.083976543,atr,False,0.0,
2024-01-14 02:00:00,USDJPY,-406.68908845227617,-444.9762701299653,382871.8167768912,atr,False,0.0,
2024-01-14 03:00:00,USDJPY,-435.91566858019365,-548.3553969957101,1124397.2841551646,atr,False,0.0,
2024-01-14 04:00:00,USDJPY,-455.6258642038188,-588.00025204337,1323743.8783955115,atr,False,0.0,
2024-01-14 05:00:00,USDJPY,-540.9087719009552,-717.1402184847577,1762314.4658380244,atr,False,0.0,
2024-01-14 06:00:00,USDJPY,-553.3949293729885,-602.7546703173775,493597.40944388986,atr,False,0.0,
2024-01-14 07:00:00,USDJPY,-565.9135223413756,-600.8767065219996,349631.84180624015,atr,False,0.0,
2024-01-14 08:00:00,USDJPY,-545.9831599109416,-616.0063757089592,700232.1579801765,atr,False,0.0,
2024-01-14 09:00:00,USDJPY,-620.46747415832,-810.6675247190765,1902000.505607565,atr,False,0.0,
2024-01-14 10:00:00,USDJPY,-664.6540707276629,-795.5681208172794,1309140.5008961651,atr,False,0.0,
2024-01-14 11:00:00,USDJPY,-678.0357459765348,-774.2869701501774,962512.2417364253,atr,False,0.0,
2024-01-14 12:00:00,USDJPY,-581.38362216754,-877.099542907461,2957159.2073992095,atr,False,0.0,
2024-01-14 13:00:00,USDJPY,-694.498867921694,-899.8998375650806,2054009.6964338664,atr,False,0.0,
2024-01-14 14:00:00,USDJPY,-674.7811159856566,-762.9323641953696,881512.4820971305,atr,False,0.0,
2024-01-14 15:00:00,USDJPY,-689.5225654744456,-752.9841791941333,634616.1371968759,atr,False,0.0,
2024-01-14 16:00:00,USDJPY,-767.9269631880734,-940.3613212067795,1724343.580187061,atr,False,0.0,
2024-01-14 17:00:00,USDJPY,-759.174522265992,-809.8249665744706,506504.4430847871,atr,False,0.0,
2024-01-14 18:00:00,USDJPY,-792.840843251771,-910.2093583536305,1173685.1510185944,atr,False,0.0,
2024-01-14 19:00:00,USDJPY,-768.3672720294358,-913.4252337839148,1450579.6175447898,atr,False,0.0,
2024-01-14 20:00:00,USDJPY,-757.3843826134057,-792.476056382958,350916.73769552243,atr,False,0.0,
2024-01-14 21:00:00,USDJPY,-733.5177598940991,-840.1255145349123,1066077.5464081326,atr,False,0.0,
2024-01-14 22:00:00,USDJPY,-813.7027363408447,-1012.9978499289587,1992951.135881139,atr,False,0.0,
2024-01-14 23:00:00,USDJPY,-888.8897010652192,-1103.7344089128835,2148447.0784766437,atr,False,0.0,
2024-01-15 00:00:00,USDJPY,-886.4008667706297,-914.5033077600713,281024.40989441617,atr,False,0.0,
2024-01-15 01:00:00,USDJPY,-891.6406555237025,-974.7082895003823,830676.3397667982,atr,False,0.0,
2024-01-15 02:00:00,USDJPY,-866.1992576988434,-928.7389907546997,625397.3305585624,atr,False,0.0,
2024-01-15 03:00:00,USDJPY,-845.039970225822,-944.277230600942,992372.6037511989,atr,False,0.0,
2024-01-15 04:00:00,USDJPY,-944.8965546987533,-1324.76047112093,3798639.1642217683,atr,False,0.0,
2024-01-15 05:00:00,USDJPY,-950.0675675594218,-1012.4221443295129,623545.7677009106,atr,False,0.0,
2024-01-15 06:00:00,USDJPY,-955.2067198476905,-993.7642112419205,385574.91394230054,atr,False,0.0,
2024-01-15 07:00:00,USDJPY,-949.4319737049932,-1018.2220135934765,687900.3988848336,atr,False,0.0,
2024-01-15 08:00:00,USDJPY,-936.052597918364,-1008.4650743802716,724124.7646190766,atr,False,0.0,
2024-01-15 09:00:00,USDJPY,-931.9755227439892,-1061.899761689416,1299242.389454268,atr,False,0.0,
2024-01-15 10:00:00,USDJPY,-899.2691002893529,-991.124709127453,918556.0883810013,atr,False,0.0,
2024-01-15 11:00:00,USDJPY,-897.5305476662745,-996.5501395534369,990195.9188716235,atr,False,0.0,
2024-01-15 12:00:00,USDJPY,-961.8315997450893,-1207.0674638186324,2452358.640735431,atr,False,0.0,
2024-01-15 13:00:00,USDJPY,-885.4068498862628,-1016.738099900183,1313312.5001392022,atr,False,0.0,
2024-01-15 14:00:00,USDJPY,-905.7518456110448,-984.7121922083302,789603.4659728543,atr,False,0.0,
2024-01-15 15:00:00,USDJPY,-979.9256752766394,-1161.7558951896651,1818302.1991302583,atr,False,0.0,
2024-01-15 16:00:00,USDJPY,-966.6322990849576,-1040.225197528983,735928.9844402542,atr,False,0.0,
2024-01-15 17:00:00,USDJPY,-991.7521947671579,-1058.6274336848112,668752.3891765329,atr,False,0.0,
2024-01-15 18:00:00,USDJPY,-1047.0465774916513,-1185.7199042759487,1386733.2678429733,atr,False,0.0,
2024-01-15 19:00:00,USDJPY,-1041.02694465474,-1073.2054232693547,321784.78614614735,atr,False,0.0,
2024-01-15 20:00:00,USDJPY,-1016.9961842444526,-1104.6267548924368,876305.7064798414,atr,False,0.0,
2024-01-15 21:00:00,USDJPY,-1035.5203025876226,-1146.0549605447088,1105346.5795708615,atr,False,0.0,
2024-01-15 22:00:00,USDJPY,-997.1389904064132,-1186.131787493845,1889927.9708743165,atr,False,0.0,
2024-01-15 23:00:00,USDJPY,-978.3846498263968,-1021.7121641885074,433275.1436211055,atr,False,0.0,
2024-01-16 00:00:00,USDJPY,-1030.7060701194825,-1287.5470805496666,2568410.104301841,atr,False,0.0,
2024-01-16 01:00:00,USDJPY,-983.2010882328856,-1118.618607377453,1354175.1914456727,atr,False,0.0,
2024-01-16 02:00:00,USDJPY,-1002.6952170771103,-1055.0221757898844,523269.58712774166,atr,False,0.0,
2024-01-16 03:00:00,USDJPY,-1039.5176994054268,-1107.0970733826405,675793.7397721373,atr,False,0.0,
2024-01-16 04:00:00,USDJPY,-1021.952300175392,-1079.9981703333742,580458.7015798222,atr,False,0.0,
2024-01-16 05:00:00,USDJPY,-1041.2922491377958,-1105.7097413070971,644174.9216930134,atr,False,0.0,
2024-01-16 06:00:00,USDJPY,-1054.4386980006818,-1109.9211153079893,554824.1730730752,atr,False,0.0,
2024-01-16 07:00:00,USDJPY,-1079.3154703218531,-1266.917209777738,1876017.3945588479,atr,False,0.0,
2024-01-16 08:00:00,USDJPY,-1150.6856517357587,-1280.9887999272066,1303031.4819144793,atr,False,0.0,
2024-01-16 09:00:00,USDJPY,-1156.6542094316094,-1199.2414339823747,425872.2455076531,atr,False,0.0,
2024-01-16 10:00:00,USDJPY,-1035.136122811452,-1343.7565953188355,3086204.7250738344,atr,False,0.0,
2024-01-16 11:00:00,USDJPY,-1014.0775737888188,-1153.6025265126318,1395249.5272381306,atr,False,0.0,
2024-01-16 12:00:00,USDJPY,-967.2202299201152,-1255.0806666386375,2878604.367185221,atr,False,0.0,
2024-01-16 13:00:00,USDJPY,-984.5192204491638,-1022.9353874973242,384161.67048160447,atr,False,0.0,
2024-01-16 14:00:00,USDJPY,-844.3655548539109,-1228.853968968091,3844884.141141802,atr,False,0.0,
2024-01-16 15:00:00,USDJPY,-836.3482807485349,-919.5273287723578,831790.4802382297,atr,False,0.0,
2024-01-16 16:00:00,USDJPY,-795.6238599129065,-892.0765389585557,964526.7904564925,atr,False,0.0,
2024-01-16 17:00:00,USDJPY,-828.0260942846323,-938.2099911247169,1101838.9684008453,atr,False,0.0,
2024-01-16 18:00:00,USDJPY,-761.7776309891112,-881.375211903767,1195975.8091465575,atr,False,0.0,
2024-01-16 19:00:00,USDJPY,-714.3817020441476,-816.9635649156974,1025818.6287154985,atr,False,0.0,
2024-01-16 20:00:00,USDJPY,-732.4786271347964,-775.7252338903849,432466.0675558846,atr,False,0.0,
2024-01-16 21:00:00,USDJPY,-687.7416856616626,-837.9486775324258,1502069.918707632,atr,False,0.0,
2024-01-16 22:00:00,USDJPY,-695.5187464586511,-762.1943392085034,666755.9274985234,atr,False,0.0,
2024-01-16 23:00:00,USDJPY,-663.5083791909746,-725.1097809392393,616014.0174826472,atr,False,0.0,
2024-01-17 00:00:00,USDJPY,-686.2118670010663,-840.3973414833873,1541854.7448232106,atr,False,0.0,
2024-01-17 01:00:00,USDJPY,-642.1604923902053,-800.8720627949639,1587115.7040475858,atr,False,0.0,
2024-01-17 02:00:00,USDJPY,-632.1959942496852,-723.9806657496014,917846.7149991615,atr,False,0.0,
2024-01-17 03:00:00,USDJPY,-660.6984574974156,-784.6797333362508,1239812.7583883523,atr,False,0.0,
2024-01-17 04:00:00,USDJPY,-680.988521077176,-859.6148336615947,1786263.1258441878,atr,False,0.0,
2024-01-17 05:00:00,USDJPY,-701.8699646923998,-804.7728586175151,1029028.9392511528,atr,False,0.0,
2024-01-17 06:00:00,USDJPY,-665.9218723704655,-782.4348192743055,1165129.4690384003,atr,False,0.0,
2024-01-17 07:00:00,USDJPY,-604.4412408270873,-727.2696406746347,1228283.998475474,atr,False,0.0,
2024-01-17 08:00:00,USDJPY,-623.1302749429085,-692.9437360718198,698134.6112891124,atr,False,0.0,
2024-01-17 09:00:00,USDJPY,-611.5452925048133,-675.0414104143799,634961.1790956658,atr,False,0.0,
2024-01-17 10:00:00,USDJPY,-573.4856615362255,-685.9707819604588,1124851.2042423328,atr,False,0.0,
2024-01-17 11:00:00,USDJPY,-562.636664807987,-620.7717266671877,581350.6185920069,atr,False,0.0,
2024-01-17 12:00:00,USDJPY,-610.0158413968389,-703.6304056848895,936145.6428805054,atr,False,0.0,
2024-01-17 13:00:00,USDJPY,-664.9669510993187,-773.2346995539725,1082677.4845465375,atr,False,0.0,
2024-01-17 14:00:00,USDJPY,-646.6363189099752,-736.2086692837524,895723.5037377718,atr,False,0.0,
2024-01-17 15:00:00,USDJPY,-609.2961738043921,-719.8954226614051,1105992.4885701297,atr,False,0.0,
2024-01-17 16:00:00,USDJPY,-471.5839465154247,-1056.7837160079246,5851997.694924999,atr,False,0.0,
2024-01-17 17:00:00,USDJPY,-549.7200254069419,-692.6716614737473,1429516.3606680545,atr,False,0.0,
2024-01-17 18:00:00,USDJPY,-493.0596614839632,-638.0262575141587,1449665.9603019548,atr,False,0.0,
2024-01-17 19:00:00,USDJPY,-529.2750345761738,-650.6806311754577,1214055.9659928393,atr,False,0.0,
2024-01-17 20:00:00,USDJPY,-622.2462165233463,-799.3920135319853,1771457.9700863897,atr,False,0.0,
2024-01-17 21:00:00,USDJPY,-666.6687605829493,-787.0968612417257,1204281.0065877642,atr,False,0.0,
2024-01-17 22:00:00,USDJPY,-690.2127055949893,-804.4573775029753,1142446.7190798605,atr,False,0.0,
2024-01-17 23:00:00,USDJPY,-719.213101041249,-918.6750305354334,1994619.2949418435,atr,False,0.0,
2024-01-18 00:00:00,USDJPY,-741.6961499063601,-899.8280288450161,1581318.7893865597,atr,False,0.0,
2024-01-18 01:00:00,USDJPY,-734.4791047591455,-856.927146424341,1224480.4166519556,atr,False,0.0,
2024-01-18 02:00:00,USDJPY,-724.6845282608876,-795.3774571828621,706929.289219745,atr,False,0.0,
2024-01-18 03:00:00,USDJPY,-670.5213962224991,-770.3837467594349,998623.5053693575,atr,False,0.0,
2024-01-18 04:00:00,USDJPY,-544.4345827637029,-858.3615971278421,3139270.1436413922,atr,False,0.0,
2024-01-18 05:00:00,USDJPY,-575.1709689853144,-677.4547740912645,1022838.0510595014,atr,False,0.0,
2024-01-18 06:00:00,USDJPY,-576.7278331126595,-648.3993286764952,716714.9556383572,atr,False,0.0,
2024-01-18 07:00:00,USDJPY,-596.2610547133235,-793.1306907207177,1968696.3600739427,atr,False,0.0,
2024-01-18 08:00:00,USDJPY,-577.2227415629973,-625.6622352005531,484394.93637555867,atr,False,0.0,
2024-01-18 09:00:00,USDJPY,-600.2604518722833,-650.4012844403657,501408.32568082376,atr,False,0.0,
2024-01-18 10:00:00,USDJPY,-590.057879208928,-651.4856463204818,614277.6711155381,atr,False,0.0,
2024-01-18 11:00:00,USDJPY,-571.4655344257735,-615.3877870198216,439222.5259404819,atr,False,0.0,
2024-01-18 12:00:00,USDJPY,-600.9735543707985,-699.4090993600116,984355.449892131,atr,False,0.0,
2024-01-18 13:00:00,USDJPY,-657.9768562426256,-782.3929642171664,1244161.0797454086,atr,False,0.0,
2024-01-18 14:00:00,USDJPY,-635.9145504595162,-741.1016562702694,1051871.0581075316,atr,False,0.0,
2024-01-18 15:00:00,USDJPY,-637.1394437073634,-663.1107774053653,259713.33698001958,atr,False,0.0,
2024-01-18 16:00:00,USDJPY,-641.1314315578855,-733.5484030303841,924169.7147249856,atr,False,0.0,
2024-01-18 17:00:00,USDJPY,-655.1077435045471,-709.1219739450413,540142.3044049421,atr,False,0.0,
2024-01-18 18:00:00,USDJPY,-688.5390903619513,-804.0307561265798,1154916.6576462858,atr,False,0.0,
2024-01-18 19:00:00,USDJPY,-714.0958670549791,-812.6776222862388,985817.552312597,atr,False,0.0,
2024-01-18 20:00:00,USDJPY,-711.7861248828617,-764.0843573197359,522982.3243687417,atr,False,0.0,
2024-01-18 21:00:00,USDJPY,-754.7092405691521,-829.8237776832971,751145.3711414498,atr,False,0.0,
2024-01-18 22:00:00,USDJPY,-753.4813948685485,-773.3021026461084,198207.0777755996,atr,False,0.0,
2024-01-18 23:00:00,USDJPY,-751.0654512274617,-806.310518147751,552450.6692028928,atr,False,0.0,
2024-01-19 00:00:00,USDJPY,-724.3880410481178,-823.0378824606827,986498.414125649,atr,False,0.0,
2024-01-19 01:00:00,USDJPY,-724.7687981370644,-792.2477574627345,674789.5932567008,atr,False,0.0,
2024-01-19 02:00:00,USDJPY,-732.3469640976562,-880.8412562431854,1484942.9214552925,atr,False,0.0,
2024-01-19 03:00:00,USDJPY,-686.1825513228329,-766.4071806883852,802246.2936555234,atr,False,0.0,
2024-01-19 04:00:00,USDJPY,-723.6081581612765,-848.4959417664759,1248877.836051994,atr,False,0.0,
2024-01-19 05:00:00,USDJPY,-702.114910604141,-794.5301051648737,924151.9456073268,atr,False,0.0,
2024-01-19 06:00:00,USDJPY,-654.7580895633323,-748.3213540670074,935632.6450367505,atr,False,0.0,
2024-01-19 07:00:00,USDJPY,-606.4750012809218,-736.3504772465521,1298754.7596563036,atr,False,0.0,
2024-01-19 08:00:00,USDJPY,-493.6399160618609,-919.6912417945965,4260513.257327356,atr,False,0.0,
2024-01-19 09:00:00,USDJPY,-504.8055213452948,-600.284227862138,954787.0651684317,atr,False,0.0,
2024-01-19 10:00:00,USDJPY,-482.9880969149642,-547.0150872352613,640269.903202971,atr,False,0.0,
2024-01-19 11:00:00,USDJPY,-536.6509888921589,-644.2061630176879,1075551.7412552899,atr,False,0.0,
2024-01-19 12:00:00,USDJPY,-511.028622182111,-576.2907203519841,652620.981698731,atr,False,0.0,
2024-01-19 13:00:00,USDJPY,-542.8337455238974,-671.724145399924,1288903.9987602667,atr,False,0.0,
2024-01-19 14:00:00,USDJPY,-570.7757394284221,-684.9276447782922,1141519.0534987012,atr,False,0.0,
2024-01-19 15:00:00,USDJPY,-570.8681719949975,-625.3080221775607,544398.501825632,atr,False,0.0,
2024-01-19 16:00:00,USDJPY,-578.0655345863637,-630.5871454622998,525216.10875936,atr,False,0.0,
2024-01-19 17:00:00,USDJPY,-591.2669346708938,-677.516450130527,862495.1545963329,atr,False,0.0,
2024-01-19 18:00:00,USDJPY,-584.270932074061,-769.2457664777792,1849748.3440371826,atr,False,0.0,
2024-01-19 19:00:00,USDJPY,-585.2685367320645,-617.4485103764921,321799.73644427664,atr,False,0.0,
2024-01-19 20:00:00,USDJPY,-552.2965611726365,-647.2714958232959,949749.3465065947,atr,False,0.0,
2024-01-19 21:00:00,USDJPY,-481.52746085978947,-640.8786499531736,1593511.8909338415,atr,False,0.0,
2024-01-19 22:00:00,USDJPY,-490.8854910861016,-579.6320421360161,887465.5104991458,atr,False,0.0,
2024-01-19 23:00:00,USDJPY,-453.70461086010016,-549.7296994924529,960250.8863235272,atr,False,0.0,
2024-01-20 00:00:00,USDJPY,-451.6071375638131,-505.2962163615142,536890.7879770112,atr,False,0.0,
2024-01-20 01:00:00,USDJPY,-460.0853844870012,-565.7676550416811,1056822.7055467996,atr,False,0.0,
2024-01-20 02:00:00,USDJPY,-484.9714331183372,-619.0986313631988,1341271.982448616,atr,False,0.0,
2024-01-20 03:00:00,USDJPY,-439.11671087831326,-580.5808708076562,1414641.5992934292,atr,False,0.0,
2024-01-20 04:00:00,USDJPY,-499.9022170644027,-639.3258149073472,1394235.9784294446,atr,False,0.0,
2024-01-20 05:00:00,USDJPY,-566.217864061366,-693.5862021690556,1273683.3810768966,atr,False,0.0,
2024-01-20 06:00:00,USDJPY,-586.7795229053773,-731.8988041735673,1451192.8126818999,atr,False,0.0,
2024-01-20 07:00:00,USDJPY,-597.7219902132206,-664.8978258677464,671758.3565452588,atr,False,0.0,
2024-01-20 08:00:00,USDJPY,-571.4518740346318,-671.2378000847641,997859.2605013233,atr,False,0.0,
2024-01-20 09:00:00,USDJPY,-557.1835029441137,-639.6808606257003,824973.5768158662,atr,False,0.0,
2024-01-20 10:00:00,USDJPY,-609.4085316310861,-780.9500765200783,1715415.448889922,atr,False,0.0,
2024-01-20 11:00:00,USDJPY,-564.8189687428137,-694.399861560473,1295808.9281765928,atr,False,0.0,
2024-01-20 12:00:00,USDJPY,-570.2673981864707,-686.2829918102315,1160155.9362376072,atr,False,0.0,
2024-01-20 13:00:00,USDJPY,-550.4728464061249,-685.2049982880401,1347321.5188191524,atr,False,0.0,
2024-01-20 14:00:00,USDJPY,-513.2120777901962,-680.7376107659275,1675255.3297573125,atr,False,0.0,
2024-01-20 15:00:00,USDJPY,-518.5815563895397,-635.0232644536193,1164417.0806407952,atr,False,0.0,
2024-01-20 16:00:00,USDJPY,-502.25693868822617,-569.6466431891181,673897.0450089187,atr,False,0.0,
2024-01-20 17:00:00,USDJPY,-487.1974809070052,-555.0359530358537,678384.7212884853,atr,False,0.0,
2024-01-20 18:00:00,USDJPY,-424.5279831086702,-528.6571446098419,1041291.6150117172,atr,False,0.0,
2024-01-20 19:00:00,USDJPY,-443.78849062135646,-524.2265125257438,804380.2190438731,atr,False,0.0,
2024-01-20 20:00:00,USDJPY,-468.41935855743344,-555.7442355627145,873248.7700528109,atr,False,0.0,
2024-01-20 21:00:00,USDJPY,-460.17480712824585,-510.4915213660664,503167.142378206,atr,False,0.0,
2024-01-20 22:00:00,USDJPY,-424.59810929572643,-511.2882884046968,866901.7910897038,atr,False,0.0,
2024-01-20 23:00:00,USDJPY,-426.06167519764665,-471.69930061381154,456376.2541616489,atr,False,0.0,
2024-01-21 00:00:00,USDJPY,-425.2204308007635,-435.6204602464085,104000.29445645033,atr,False,0.0,
2024-01-21 01:00:00,USDJPY,-434.4240818732405,-480.71444227311065,462903.60399870144,atr,False,0.0,
2024-01-21 02:00:00,USDJPY,-390.66791386348154,-519.0522492193927,1283843.3535591117,atr,False,0.0,
2024-01-21 03:00:00,USDJPY,-403.3720882803964,-474.45676441341925,710846.7613302284,atr,False,0.0,
2024-01-21 04:00:00,USDJPY,-413.4796977113949,-450.57722157364594,370975.23862250993,atr,False,0.0,
2024-01-21 05:00:00,USDJPY,-441.6626440543246,-547.6454280641376,1059827.84009813,atr,False,0.0,
2024-01-21 06:00:00,USDJPY,-490.0870476223117,-647.4421565825166,1573551.08960205,atr,False,0.0,
2024-01-21 07:00:00,USDJPY,-465.0834911532662,-555.9555133712545,908720.2221798822,atr,False,0.0,
2024-01-21 08:00:00,USDJPY,-479.54244844647127,-558.4357593923115,788933.1094584023,atr,False,0.0,
2024-01-21 09:00:00,USDJPY,-589.509864336953,-1005.4410741411211,4159312.0980416816,atr,False,0.0,
2024-01-21 10:00:00,USDJPY,-602.3645827637688,-645.7735598585784,434089.7709480964,atr,False,0.0,
2024-01-21 11:00:00,USDJPY,-601.3145192945999,-675.2744781248291,739599.5883022915,atr,False,0.0,
2024-01-21 12:00:00,USDJPY,-570.8053070985749,-689.8659550008094,1190606.4790223455,atr,False,0.0,
2024-01-21 13:00:00,USDJPY,-632.5540496730943,-834.5677055320946,2020136.5585900038,atr,False,0.0,
2024-01-21 14:00:00,USDJPY,-651.1214449329449,-772.2849586402464,1211635.1370730149,atr,False,0.0,
2024-01-21 15:00:00,USDJPY,-678.0908605073608,-766.7486507464183,886577.9023905747,atr,False,0.0,
2024-01-21 16:00:00,USDJPY,-671.2265054375738,-749.6862655742184,784597.6013664455,atr,False,0.0,
2024-01-21 17:00:00,USDJPY,-601.3620541105204,-714.0459582984793,1126839.0418795883,atr,False,0.0,
2024-01-21 18:00:00,USDJPY,-622.9393145176685,-688.3363511515923,653970.3663392374,atr,False,0.0,
2024-01-21 19:00:00,USDJPY,-689.391790433955,-838.869654287394,1494778.6385343904,atr,False,0.0,
