timestamp,equity,peak_equity,drawdown_amount,drawdown_pct,recovery_time_remaining
2024-01-01 01:00:00,99961.84961345138,100000.0,38.15038654861564,0.03815038654861564,-1.0
2024-01-01 02:00:00,100228.23422113399,100228.23422113399,0.0,0.0,-1.0
2024-01-01 03:00:00,100417.40541803189,100417.40541803189,0.0,0.0,-1.0
2024-01-01 04:00:00,100587.40619867365,100587.40619867365,0.0,0.0,-1.0
2024-01-01 05:00:00,100727.19298091967,100727.19298091967,0.0,0.0,-1.0
2024-01-01 06:00:00,100662.63652410275,100727.19298091967,64.55645681692113,0.06409039595608484,-1.0
2024-01-01 07:00:00,100676.79979635919,100727.19298091967,50.39318456048204,0.050029374461003605,-1.0
2024-01-01 08:00:00,100876.73755682739,100876.73755682739,0.0,0.0,-1.0
2024-01-01 09:00:00,100770.70700524615,100876.73755682739,106.03055158123607,0.10510902131574722,-1.0
2024-01-01 10:00:00,100689.59073943677,100876.73755682739,187.1468173906178,0.1855202913210704,-1.0
2024-01-01 11:00:00,100810.52035315166,100876.73755682739,66.21720367572561,0.0656416982541918,-1.0
2024-01-01 12:00:00,100767.0904540528,100876.73755682739,109.64710277458653,0.10869414042342367,-1.0
2024-01-01 13:00:00,100965.67460710791,100965.67460710791,0.0,0.0,-1.0
2024-01-01 14:00:00,100927.54191366943,100965.67460710791,38.13269343848515,0.037767977668522044,-1.0
2024-01-01 15:00:00,101039.19893539889,101039.19893539889,0.0,0.0,-1.0
2024-01-01 16:00:00,101163.4096700965,101163.4096700965,0.0,0.0,-1.0
2024-01-01 17:00:00,101166.09546841188,101166.09546841188,0.0,0.0,-1.0
2024-01-01 18:00:00,101205.1484739637,101205.1484739637,0.0,0.0,-1.0
2024-01-01 19:00:00,101178.1467519577,101205.1484739637,27.00172200599627,0.026680186149761743,-1.0
2024-01-01 20:00:00,101250.35604610987,101250.35604610987,0.0,0.0,-1.0
2024-01-01 21:00:00,101181.10296009667,101250.35604610987,69.25308601319557,0.06839786912122799,-1.0
2024-01-01 22:00:00,101222.57679737211,101250.35604610987,27.77924873775919,0.027436198570115047,-1.0
2024-01-01 23:00:00,101409.85044854139,101409.85044854139,0.0,0.0,-1.0
2024-01-02 00:00:00,101314.33778668228,101409.85044854139,95.51266185910208,0.09418479707508125,-1.0
2024-01-02 01:00:00,101316.2773748856,101409.85044854139,93.5730736557889,0.0922721739968159,-1.0
2024-01-02 02:00:00,101469.01673638335,101469.01673638335,0.0,0.0,-1.0
2024-01-02 03:00:00,101232.37001913125,101469.01673638335,236.64671725209337,0.23322066662664317,-1.0
2024-01-02 04:00:00,101585.70762459116,101585.70762459116,0.0,0.0,-1.0
2024-01-02 05:00:00,101817.4963116958,101817.4963116958,0.0,0.0,-1.0
2024-01-02 06:00:00,101661.7459746602,101817.4963116958,155.75033703559893,0.15297011091178037,-1.0
2024-01-02 07:00:00,101421.11660467043,101817.4963116958,396.37970702536404,0.38930411902087975,-1.0
2024-01-02 08:00:00,101500.55924277054,101817.4963116958,316.9370689252537,0.3112795741460862,-1.0
2024-01-02 09:00:00,101407.52261338523,101817.4963116958,409.9736983105686,0.40265545035158645,-1.0
2024-01-02 10:00:00,101626.74660691498,101817.4963116958,190.74970478081377,0.1873447213795831,-1.0
2024-01-02 11:00:00,101760.84693123473,101817.4963116958,56.64938046106545,0.055638158973820816,-1.0
2024-01-02 12:00:00,101854.35378368532,101854.35378368532,0.0,0.0,-1.0
2024-01-02 13:00:00,101843.81532593178,101854.35378368532,10.538457753544208,0.010346595272623703,-1.0
2024-01-02 14:00:00,102158.81647190018,102158.81647190018,0.0,0.0,-1.0
2024-01-02 15:00:00,102346.83428700843,102346.83428700843,0.0,0.0,-1.0
2024-01-02 16:00:00,102512.30915836153,102512.30915836153,0.0,0.0,-1.0
2024-01-02 17:00:00,102767.31755305565,102767.31755305565,0.0,0.0,-1.0
2024-01-02 18:00:00,102689.48842353171,102767.31755305565,77.82912952393235,0.07573334731029788,-1.0
2024-01-02 19:00:00,102957.19910388757,102957.19910388757,0.0,0.0,-1.0
2024-01-02 20:00:00,102992.50785943317,102992.50785943317,0.0,0.0,-1.0
2024-01-02 21:00:00,103117.71731392354,103117.71731392354,0.0,0.0,-1.0
2024-01-02 22:00:00,103169.24786247275,103169.24786247275,0.0,0.0,-1.0
2024-01-02 23:00:00,102962.56802151671,103169.24786247275,206.67984095604334,0.20033085947428136,-1.0
2024-01-03 00:00:00,103181.17026066255,103181.17026066255,0.0,0.0,-1.0
2024-01-03 01:00:00,102982.49776222643,103181.17026066255,198.6724984361208,0.19254724281011956,-1.0
2024-01-03 02:00:00,102912.51967222455,103181.17026066255,268.65058843800216,0.26036784401584195,-1.0
2024-01-03 03:00:00,102919.59597766033,103181.17026066255,261.5742830022209,0.25350970757689223,-1.0
2024-01-03 04:00:00,102701.55364575893,103181.17026066255,479.6166149036144,0.4648295940935519,-1.0
2024-01-03 05:00:00,102611.46025233838,103181.17026066255,569.7100083241676,0.5521453254357666,-1.0
2024-01-03 06:00:00,102723.18326595599,103181.17026066255,457.9869947065599,0.4438668349559957,-1.0
2024-01-03 07:00:00,102746.18558722566,103181.17026066255,434.98467343689117,0.4215736963808478,-1.0
2024-01-03 08:00:00,102781.56265616689,103181.17026066255,399.60760449565714,0.3872873349722087,-1.0
2024-01-03 09:00:00,102719.3116885186,103181.17026066255,461.8585721439449,0.4476190481045812,-1.0
2024-01-03 10:00:00,102801.23888708229,103181.17026066255,379.93137358025706,0.36821774033038324,-1.0
2024-01-03 11:00:00,102827.4516833028,103181.17026066255,353.7185773597448,0.34281310869624704,-1.0
2024-01-03 12:00:00,102656.30687315005,103181.17026066255,524.8633875124942,0.5086813671395202,-1.0
2024-01-03 13:00:00,102701.16907271442,103181.17026066255,480.0011879481317,0.46520231039784055,-1.0
2024-01-03 14:00:00,102589.88229867669,103181.17026066255,591.2879619858577,0.5730580109647042,-1.0
2024-01-03 15:00:00,102799.53686546808,103181.17026066255,381.6333951944689,0.3698672870547634,-1.0
2024-01-03 16:00:00,102815.81085526329,103181.17026066255,365.3594053992565,0.3540950393141145,-1.0
2024-01-03 17:00:00,103269.03951987291,103269.03951987291,0.0,0.0,-1.0
2024-01-03 18:00:00,103489.07490035113,103489.07490035113,0.0,0.0,-1.0
2024-01-03 19:00:00,103544.53452405805,103544.53452405805,0.0,0.0,-1.0
2024-01-03 20:00:00,103706.45634904163,103706.45634904163,0.0,0.0,-1.0
2024-01-03 21:00:00,103467.98647073489,103706.45634904163,238.46987830674334,0.22994699337149524,-1.0
2024-01-03 22:00:00,103687.34338177135,103706.45634904163,19.112967270280933,0.01842987210550615,-1.0
2024-01-03 23:00:00,103639.29980719773,103706.45634904163,67.1565418438986,0.06475637506875356,-1.0
2024-01-04 00:00:00,103727.75976275439,103727.75976275439,0.0,0.0,-1.0
2024-01-04 01:00:00,103693.61638582688,103727.75976275439,34.143376927502686,0.03291633503470551,-1.0
2024-01-04 02:00:00,103675.41862954038,103727.75976275439,52.34113321400946,0.05046010184132371,-1.0
2024-01-04 03:00:00,103723.24881604346,103727.75976275439,4.5109467109286925,0.004348832676273071,-1.0
2024-01-04 04:00:00,103809.77373229444,103809.77373229444,0.0,0.0,-1.0
2024-01-04 05:00:00,103880.73635017606,103880.73635017606,0.0,0.0,-1.0
2024-01-04 06:00:00,103955.43865655536,103955.43865655536,0.0,0.0,-1.0
2024-01-04 07:00:00,103786.58625043315,103955.43865655536,168.85240612221241,0.16242767892121698,-1.0
2024-01-04 08:00:00,104211.39369107276,104211.39369107276,0.0,0.0,-1.0
2024-01-04 09:00:00,104198.79221575287,104211.39369107276,12.601475319897872,0.012092224154734986,-1.0
2024-01-04 10:00:00,104339.42731759844,104339.42731759844,0.0,0.0,-1.0
2024-01-04 11:00:00,104363.42865097919,104363.42865097919,0.0,0.0,-1.0
2024-01-04 12:00:00,104307.30544679554,104363.42865097919,56.12320418364834,0.053776696405155686,-1.0
2024-01-04 13:00:00,104404.96080644106,104404.96080644106,0.0,0.0,-1.0
2024-01-04 14:00:00,104523.35234303722,104523.35234303722,0.0,0.0,-1.0
2024-01-04 15:00:00,104793.62367465542,104793.62367465542,0.0,0.0,-1.0
2024-01-04 16:00:00,105180.26632718265,105180.26632718265,0.0,0.0,-1.0
2024-01-04 17:00:00,105476.81968778117,105476.81968778117,0.0,0.0,-1.0
2024-01-04 18:00:00,105286.84034926818,105476.81968778117,189.97933851298876,0.18011477694847172,-1.0
2024-01-04 19:00:00,105292.77762814671,105476.81968778117,184.04205963446293,0.17448578766333722,-1.0
2024-01-04 20:00:00,105418.15019613986,105476.81968778117,58.66949164131074,0.05562311398369478,-1.0
2024-01-04 21:00:00,105433.10734827799,105476.81968778117,43.71233950318128,0.04144260287006462,-1.0
2024-01-04 22:00:00,105501.53332576613,105501.53332576613,0.0,0.0,-1.0
2024-01-04 23:00:00,105254.76288915215,105501.53332576613,246.77043661398056,0.23390222761218676,-1.0
2024-01-05 00:00:00,105466.89483929964,105501.53332576613,34.63848646648694,0.03283221141396184,-1.0
2024-01-05 01:00:00,105260.57655347868,105501.53332576613,240.95677228744898,0.2283917254012092,-1.0
2024-01-05 02:00:00,105099.70312485658,105501.53332576613,401.8302009095496,0.38087617140955105,-1.0
2024-01-05 03:00:00,105022.50250721283,105501.53332576613,479.0308185532922,0.4540510487882178,-1.0
2024-01-05 04:00:00,105082.87241414751,105501.53332576613,418.6609116186155,0.3968292198425973,-1.0
2024-01-05 05:00:00,104931.1680125091,105501.53332576613,570.3653132570325,0.5406227713258599,-1.0
2024-01-05 06:00:00,104847.10917739937,105501.53332576613,654.4241483667574,0.6202982342882505,-1.0
2024-01-05 07:00:00,105094.4509337458,105501.53332576613,407.08239202032564,0.3858544792551426,-1.0
2024-01-05 08:00:00,105152.59688079199,105501.53332576613,348.9364449741406,0.33074063852389674,-1.0
2024-01-05 09:00:00,105292.6289275967,105501.53332576613,208.9043981694267,0.19801076968651699,-1.0
2024-01-05 10:00:00,105182.19250995923,105501.53332576613,319.34081580689235,0.30268831716486655,-1.0
2024-01-05 11:00:00,105249.11710627565,105501.53332576613,252.4162194904784,0.2392536027993747,-1.0
2024-01-05 12:00:00,105303.73711532894,105501.53332576613,197.79621043718362,0.1874818348150745,-1.0
2024-01-05 13:00:00,105259.44654469298,105501.53332576613,242.08678107314336,0.2294628082092715,-1.0
2024-01-05 14:00:00,105326.78497907531,105501.53332576613,174.7483466908161,0.16563583597522766,-1.0
2024-01-05 15:00:00,105117.96618515188,105501.53332576613,383.5671406142501,0.36356546537563295,-1.0
2024-01-05 16:00:00,105258.7574968023,105501.53332576613,242.77582896382955,0.23011592467968195,-1.0
2024-01-05 17:00:00,105273.83358916933,105501.53332576613,227.69973659679818,0.21582599742290967,-1.0
2024-01-05 18:00:00,105310.25068039581,105501.53332576613,191.28264537031646,0.18130792922191627,-1.0
2024-01-05 19:00:00,105513.01555071333,105513.01555071333,0.0,0.0,-1.0
2024-01-05 20:00:00,105652.82057233203,105652.82057233203,0.0,0.0,-1.0
2024-01-05 21:00:00,105680.06969397287,105680.06969397287,0.0,0.0,-1.0
2024-01-05 22:00:00,105587.58178960606,105680.06969397287,92.48790436680429,0.08751688434217511,-1.0
2024-01-05 23:00:00,105861.8810003242,105861.8810003242,0.0,0.0,-1.0
2024-01-06 00:00:00,105735.86270003504,105861.8810003242,126.0183002891572,0.11904029958505202,-1.0
2024-01-06 01:00:00,105905.26773542521,105905.26773542521,0.0,0.0,-1.0
2024-01-06 02:00:00,105740.65864379426,105905.26773542521,164.60909163094766,0.15543050421455673,-1.0
2024-01-06 03:00:00,105953.33963926604,105953.33963926604,0.0,0.0,-1.0
2024-01-06 04:00:00,106179.92976719857,106179.92976719857,0.0,0.0,-1.0
2024-01-06 05:00:00,105968.0381407203,106179.92976719857,211.8916264782747,0.1995590192448337,-1.0
2024-01-06 06:00:00,106110.43839862349,106179.92976719857,69.49136857507983,0.06544680216632363,-1.0
2024-01-06 07:00:00,106240.41394578597,106240.41394578597,0.0,0.0,-1.0
2024-01-06 08:00:00,106420.87134148888,106420.87134148888,0.0,0.0,-1.0
2024-01-06 09:00:00,106550.65738274163,106550.65738274163,0.0,0.0,-1.0
2024-01-06 10:00:00,106481.31002882309,106550.65738274163,69.3473539185361,0.06508392873582451,-1.0
2024-01-06 11:00:00,106523.72508370261,106550.65738274163,26.932299039021018,0.025276520765401992,-1.0
2024-01-06 12:00:00,106848.42206416771,106848.42206416771,0.0,0.0,-1.0
2024-01-06 13:00:00,106757.25004277527,106848.42206416771,91.17202139244182,0.08532837418758375,-1.0
2024-01-06 14:00:00,106880.67873652795,106880.67873652795,0.0,0.0,-1.0
2024-01-06 15:00:00,107128.36681762121,107128.36681762121,0.0,0.0,-1.0
2024-01-06 16:00:00,107054.75389629211,107128.36681762121,73.61292132909875,0.06871468642326992,-1.0
2024-01-06 17:00:00,106917.23589922473,107128.36681762121,211.13091839647677,0.1970821778286911,-1.0
2024-01-06 18:00:00,106802.32054917706,107128.36681762121,326.0462684441445,0.3043510119025862,-1.0
2024-01-06 19:00:00,106936.56625341352,107128.36681762121,191.8005642076896,0.1790380735797243,-1.0
2024-01-06 20:00:00,106820.37568746477,107128.36681762121,307.9911301564425,0.2874972701495362,-1.0
2024-01-06 21:00:00,106875.07168136995,107128.36681762121,253.295136251254,0.23644077080207135,-1.0
2024-01-06 22:00:00,107155.76239081543,107155.76239081543,0.0,0.0,-1.0
2024-01-06 23:00:00,107223.06617215414,107223.06617215414,0.0,0.0,-1.0
2024-01-07 00:00:00,107181.39425393002,107223.06617215414,41.67191822412133,0.03886469554714481,-1.0
2024-01-07 01:00:00,107275.20570483703,107275.20570483703,0.0,0.0,-1.0
2024-01-07 02:00:00,107339.90477672679,107339.90477672679,0.0,0.0,-1.0
2024-01-07 03:00:00,107482.80342254728,107482.80342254728,0.0,0.0,-1.0
2024-01-07 04:00:00,107800.6751056201,107800.6751056201,0.0,0.0,-1.0
2024-01-07 05:00:00,107935.19043444566,107935.19043444566,0.0,0.0,-1.0
2024-01-07 06:00:00,108315.25781121054,108315.25781121054,0.0,0.0,-1.0
2024-01-07 07:00:00,108319.40545397135,108319.40545397135,0.0,0.0,-1.0
2024-01-07 08:00:00,108279.30576006515,108319.40545397135,40.09969390620245,0.03701986152725163,-1.0
2024-01-07 09:00:00,108697.55120919945,108697.55120919945,0.0,0.0,-1.0
2024-01-07 10:00:00,108753.82850659767,108753.82850659767,0.0,0.0,-1.0
2024-01-07 11:00:00,108670.59467181402,108753.82850659767,83.23383478364849,0.07653416521203116,-1.0
2024-01-07 12:00:00,109094.15397135851,109094.15397135851,0.0,0.0,-1.0
2024-01-07 13:00:00,109059.18643843144,109094.15397135851,34.96753292706853,0.03205261845309225,-1.0
2024-01-07 14:00:00,109018.32802362606,109094.15397135851,75.82594773244637,0.06950505134523859,-1.0
2024-01-07 15:00:00,109010.6074474194,109094.15397135851,83.5465239391051,0.07658203569830088,-1.0
2024-01-07 16:00:00,109110.30140941773,109110.30140941773,0.0,0.0,-1.0
2024-01-07 17:00:00,109324.93061903506,109324.93061903506,0.0,0.0,-1.0
2024-01-07 18:00:00,109002.61187698183,109324.93061903506,322.318742053234,0.29482638610256173,-1.0
2024-01-07 19:00:00,109216.58694977855,109324.93061903506,108.34366925651557,0.09910243586987591,-1.0
2024-01-07 20:00:00,109208.4067594291,109324.93061903506,116.52385960596439,0.10658489234446941,-1.0
2024-01-07 21:00:00,109221.47259295508,109324.93061903506,103.45802607998485,0.09463351633901819,-1.0
2024-01-07 22:00:00,109320.11197877418,109324.93061903506,4.818640260884422,0.004407631666079856,-1.0
2024-01-07 23:00:00,109427.10820275453,109427.10820275453,0.0,0.0,-1.0
2024-01-08 00:00:00,109569.2634049343,109569.2634049343,0.0,0.0,-1.0
2024-01-08 01:00:00,109636.97938771137,109636.97938771137,0.0,0.0,-1.0
2024-01-08 02:00:00,109826.52577529372,109826.52577529372,0.0,0.0,-1.0
2024-01-08 03:00:00,110144.22736123695,110144.22736123695,0.0,0.0,-1.0
2024-01-08 04:00:00,109847.96756877599,110144.22736123695,296.2597924609581,0.2689744161437741,-1.0
2024-01-08 05:00:00,110085.66026738643,110144.22736123695,58.567093850520905,0.05317309427251239,-1.0
2024-01-08 06:00:00,110392.71522696773,110392.71522696773,0.0,0.0,-1.0
2024-01-08 07:00:00,110542.87471415281,110542.87471415281,0.0,0.0,-1.0
2024-01-08 08:00:00,110516.27035074709,110542.87471415281,26.60436340572778,0.024067008818544525,-1.0
2024-01-08 09:00:00,110418.42948356205,110542.87471415281,124.44523059076164,0.11257643779624713,-1.0
2024-01-08 10:00:00,110847.70633659905,110847.70633659905,0.0,0.0,-1.0
2024-01-08 11:00:00,110786.95878360562,110847.70633659905,60.74755299343087,0.054802715366040554,-1.0
2024-01-08 12:00:00,111089.60501926405,111089.60501926405,0.0,0.0,-1.0
2024-01-08 13:00:00,111223.18171793543,111223.18171793543,0.0,0.0,-1.0
2024-01-08 14:00:00,111605.05633883765,111605.05633883765,0.0,0.0,-1.0
2024-01-08 15:00:00,111632.31731419117,111632.31731419117,0.0,0.0,-1.0
2024-01-08 16:00:00,111466.18017564864,111632.31731419117,166.13713854253,0.14882530663135304,-1.0
2024-01-08 17:00:00,111541.50580272803,111632.31731419117,90.81151146313641,0.0813487649884986,-1.0
2024-01-08 18:00:00,111393.53865704297,111632.31731419117,238.77865714819927,0.2138974294300032,-1.0
2024-01-08 19:00:00,111870.09773672411,111870.09773672411,0.0,0.0,-1.0
2024-01-08 20:00:00,112039.52247033625,112039.52247033625,0.0,0.0,-1.0
2024-01-08 21:00:00,112231.24203773942,112231.24203773942,0.0,0.0,-1.0
2024-01-08 22:00:00,112423.05758019333,112423.05758019333,0.0,0.0,-1.0
2024-01-08 23:00:00,112394.01912809983,112423.05758019333,29.03845209350402,0.02582962313828761,-1.0
2024-01-09 00:00:00,112449.21455422227,112449.21455422227,0.0,0.0,-1.0
2024-01-09 01:00:00,112540.76924892624,112540.76924892624,0.0,0.0,-1.0
2024-01-09 02:00:00,112907.35251843916,112907.35251843916,0.0,0.0,-1.0
2024-01-09 03:00:00,112808.78874865182,112907.35251843916,98.56376978734625,0.08729614820367837,-1.0
2024-01-09 04:00:00,112774.5011651886,112907.35251843916,132.85135325056035,0.11766404072654532,-1.0
2024-01-09 05:00:00,112795.0614992547,112907.35251843916,112.29101918445667,0.09945412471355057,-1.0
2024-01-09 06:00:00,112769.0145003881,112907.35251843916,138.3380180510576,0.12252348050448289,-1.0
2024-01-09 07:00:00,112625.17553221047,112907.35251843916,282.1769862286892,0.24991905304183465,-1.0
2024-01-09 08:00:00,112294.46985414674,112907.35251843916,612.882664292425,0.5428190907162878,-1.0
2024-01-09 09:00:00,112095.44318429605,112907.35251843916,811.9093341431144,0.7190934124600252,-1.0
2024-01-09 10:00:00,112335.29767418327,112907.35251843916,572.0548442558938,0.5066586289519721,-1.0
2024-01-09 11:00:00,112409.06483903638,112907.35251843916,498.2876794027834,0.4413243852488764,-1.0
2024-01-09 12:00:00,112609.3956764745,112907.35251843916,297.95684196466755,0.2638949858610913,-1.0
2024-01-09 13:00:00,112597.01863708824,112907.35251843916,310.3338813509181,0.2748571057852382,-1.0
2024-01-09 14:00:00,112657.26828804938,112907.35251843916,250.0842303897807,0.22149507964854537,-1.0
2024-01-09 15:00:00,112974.24191319321,112974.24191319321,0.0,0.0,-1.0
2024-01-09 16:00:00,113282.15030404182,113282.15030404182,0.0,0.0,-1.0
2024-01-09 17:00:00,113498.44612393065,113498.44612393065,0.0,0.0,-1.0
2024-01-09 18:00:00,113603.80879202421,113603.80879202421,0.0,0.0,-1.0
2024-01-09 19:00:00,113756.50420615659,113756.50420615659,0.0,0.0,-1.0
2024-01-09 20:00:00,113887.0999509534,113887.0999509534,0.0,0.0,-1.0
2024-01-09 21:00:00,113937.06093190529,113937.06093190529,0.0,0.0,-1.0
2024-01-09 22:00:00,113951.40546048923,113951.40546048923,0.0,0.0,-1.0
2024-01-09 23:00:00,114194.7606522844,114194.7606522844,0.0,0.0,-1.0
2024-01-10 00:00:00,114075.41651994998,114194.7606522844,119.34413233441592,0.10450928891371034,-1.0
2024-01-10 01:00:00,114373.52026153728,114373.52026153728,0.0,0.0,-1.0
2024-01-10 02:00:00,114407.20384052511,114407.20384052511,0.0,0.0,-1.0
2024-01-10 03:00:00,114285.09581482045,114407.20384052511,122.10802570465603,0.10673106378411737,-1.0
2024-01-10 04:00:00,114278.27008616595,114407.20384052511,128.93375435915368,0.11269723411724795,-1.0
2024-01-10 05:00:00,114222.10890310226,114407.20384052511,185.09493742285122,0.16178608619860985,-1.0
2024-01-10 06:00:00,114210.75775028668,114407.20384052511,196.44609023843077,0.1717077977993952,-1.0
2024-01-10 07:00:00,114196.6647224836,114407.20384052511,210.53911804150266,0.18402610235538847,-1.0
2024-01-10 08:00:00,114176.61050677732,114407.20384052511,230.5933337477909,0.20155490738959092,-1.0
2024-01-10 09:00:00,114205.41694655635,114407.20384052511,201.78689396876143,0.17637603856662465,-1.0
2024-01-10 10:00:00,114270.70094674718,114407.20384052511,136.50289377792797,0.11931319811661734,-1.0
2024-01-10 11:00:00,114460.27989202432,114460.27989202432,0.0,0.0,-1.0
2024-01-10 12:00:00,114498.53699722626,114498.53699722626,0.0,0.0,-1.0
2024-01-10 13:00:00,114622.4401182204,114622.4401182204,0.0,0.0,-1.0
2024-01-10 14:00:00,114698.56981502769,114698.56981502769,0.0,0.0,-1.0
2024-01-10 15:00:00,114854.65693060163,114854.65693060163,0.0,0.0,-1.0
2024-01-10 16:00:00,114936.65823155001,114936.65823155001,0.0,0.0,-1.0
2024-01-10 17:00:00,114914.63496525247,114936.65823155001,22.023266297546797,0.019161220307257403,-1.0
2024-01-10 18:00:00,114851.90501735637,114936.65823155001,84.753214193639,0.07373906245203005,-1.0
2024-01-10 19:00:00,114958.439457132,114958.439457132,0.0,0.0,-1.0
2024-01-10 20:00:00,115224.44623061709,115224.44623061709,0.0,0.0,-1.0
2024-01-10 21:00:00,115265.07753656563,115265.07753656563,0.0,0.0,-1.0
2024-01-10 22:00:00,115234.9479884914,115265.07753656563,30.129548074226477,0.02613935523070156,-1.0
2024-01-10 23:00:00,115271.52238720066,115271.52238720066,0.0,0.0,-1.0
2024-01-11 00:00:00,115262.31321056529,115271.52238720066,9.209176635369658,0.007989116864819176,-1.0
2024-01-11 01:00:00,115237.26613269851,115271.52238720066,34.256254502150114,0.029717881565823587,-1.0
2024-01-11 02:00:00,115095.72694547348,115271.52238720066,175.79544172718306,0.15250552615821336,-1.0
2024-01-11 03:00:00,115047.39632400384,115271.52238720066,224.126063196818,0.1944331596870661,-1.0
2024-01-11 04:00:00,115157.76289708035,115271.52238720066,113.75949012031197,0.09868828637327288,-1.0
2024-01-11 05:00:00,115070.47727350064,115271.52238720066,201.04511370002,0.17441004468102986,-1.0
2024-01-11 06:00:00,115013.72631096047,115271.52238720066,257.79607624019263,0.22364246684818434,-1.0
2024-01-11 07:00:00,114946.51701178723,115271.52238720066,325.0053754134278,0.2819476733565855,-1.0
2024-01-11 08:00:00,114813.5153167303,115271.52238720066,458.00707047035394,0.3973288987473366,-1.0
2024-01-11 09:00:00,114745.17650118441,115271.52238720066,526.34588601625,0.4566139798589956,-1.0
2024-01-11 10:00:00,114790.49803686052,115271.52238720066,481.0243503401434,0.41729677927247943,-1.0
2024-01-11 11:00:00,114664.18936595379,115271.52238720066,607.3330212468718,0.5268716927384902,-1.0
2024-01-11 12:00:00,114718.55799583407,115271.52238720066,552.9643913665932,0.47970598454418645,-1.0
2024-01-11 13:00:00,114635.79798639954,115271.52238720066,635.7244008011185,0.5515016958531183,-1.0
2024-01-11 14:00:00,114536.12433198802,115271.52238720066,735.398055212645,0.6379702809358411,-1.0
2024-01-11 15:00:00,114667.70565444398,115271.52238720066,603.8167327566771,0.5238212528576119,-1.0
2024-01-11 16:00:00,114646.6868136469,115271.52238720066,624.8355735537625,0.5420554536053755,-1.0
2024-01-11 17:00:00,114651.18473373675,115271.52238720066,620.3376534639101,0.5381534316690783,-1.0
2024-01-11 18:00:00,114920.88575523678,115271.52238720066,350.6366319638764,0.304183222969917,-1.0
2024-01-11 19:00:00,114857.87741017548,115271.52238720066,413.6449770251784,0.3588440305626674,-1.0
2024-01-11 20:00:00,115167.75859231433,115271.52238720066,103.76379488632665,0.09001685128941112,-1.0
2024-01-11 21:00:00,115190.58992295644,115271.52238720066,80.9324642442225,0.07021028487189387,-1.0
2024-01-11 22:00:00,115095.16972802565,115271.52238720066,176.35265917501238,0.15298892174134585,-1.0
2024-01-11 23:00:00,115087.07747686634,115271.52238720066,184.44491033432132,0.16000908681917558,-1.0
2024-01-12 00:00:00,115172.39371285969,115271.52238720066,99.1286743409728,0.0859958056318511,-1.0
2024-01-12 01:00:00,115435.5692918358,115435.5692918358,0.0,0.0,-1.0
2024-01-12 02:00:00,115630.3930131203,115630.3930131203,0.0,0.0,-1.0
2024-01-12 03:00:00,115714.97904059564,115714.97904059564,0.0,0.0,-1.0
2024-01-12 04:00:00,115978.97243781901,115978.97243781901,0.0,0.0,-1.0
2024-01-12 05:00:00,115771.81688063889,115978.97243781901,207.1555571801291,0.178614754748921,-1.0
2024-01-12 06:00:00,115884.23311014786,115978.97243781901,94.73932767115184,0.0816866417073538,-1.0
2024-01-12 07:00:00,116005.72406914171,116005.72406914171,0.0,0.0,-1.0
2024-01-12 08:00:00,116129.04543927856,116129.04543927856,0.0,0.0,-1.0
2024-01-12 09:00:00,115962.52276438025,116129.04543927856,166.52267489831138,0.14339450933089998,-1.0
2024-01-12 10:00:00,115884.98590412848,116129.04543927856,244.0595351500815,0.2101623536358913,-1.0
2024-01-12 11:00:00,115935.01474080482,116129.04543927856,194.0306984737399,0.1670819713877649,-1.0
2024-01-12 12:00:00,116177.23346654905,116177.23346654905,0.0,0.0,-1.0
2024-01-12 13:00:00,116539.52314090669,116539.52314090669,0.0,0.0,-1.0
2024-01-12 14:00:00,116514.85785316917,116539.52314090669,24.665287737516337,0.021164740572770152,-1.0
2024-01-12 15:00:00,116393.38083437351,116539.52314090669,146.14230653317645,0.12540149692948147,-1.0
2024-01-12 16:00:00,116590.74504983728,116590.74504983728,0.0,0.0,-1.0
2024-01-12 17:00:00,117057.90055153241,117057.90055153241,0.0,0.0,-1.0
2024-01-12 18:00:00,117298.94164652759,117298.94164652759,0.0,0.0,-1.0
2024-01-12 19:00:00,117261.64673792849,117298.94164652759,37.29490859909856,0.03179475285589894,-1.0
2024-01-12 20:00:00,117765.81763191106,117765.81763191106,0.0,0.0,-1.0
2024-01-12 21:00:00,117943.8375749814,117943.8375749814,0.0,0.0,-1.0
2024-01-12 22:00:00,117900.18559294265,117943.8375749814,43.65198203874752,0.03701082051955134,-1.0
2024-01-12 23:00:00,118265.33091789331,118265.33091789331,0.0,0.0,-1.0
2024-01-13 00:00:00,118209.83214618349,118265.33091789331,55.49877170982654,0.046927338112601254,-1.0
2024-01-13 01:00:00,118191.6688683842,118265.33091789331,73.66204950911924,0.0622854127557126,-1.0
2024-01-13 02:00:00,118375.66199173537,118375.66199173537,0.0,0.0,-1.0
2024-01-13 03:00:00,118446.92619405198,118446.92619405198,0.0,0.0,-1.0
2024-01-13 04:00:00,118527.47726385269,118527.47726385269,0.0,0.0,-1.0
2024-01-13 05:00:00,118608.2809890991,118608.2809890991,0.0,0.0,-1.0
2024-01-13 06:00:00,118850.45297797963,118850.45297797963,0.0,0.0,-1.0
2024-01-13 07:00:00,118576.79438202288,118850.45297797963,273.65859595674556,0.23025456706290254,-1.0
2024-01-13 08:00:00,118694.47146490586,118850.45297797963,155.98151307376975,0.13124183304767859,-1.0
2024-01-13 09:00:00,118725.94095834378,118850.45297797963,124.51201963584754,0.10476360545206914,-1.0
2024-01-13 10:00:00,118688.06655346419,118850.45297797963,162.38642451544,0.13663088397780582,-1.0
2024-01-13 11:00:00,118649.7960907742,118850.45297797963,200.65688720543403,0.16883140297547822,-1.0
2024-01-13 12:00:00,118329.2296403913,118850.45297797963,521.2233375883225,0.43855393440098517,-1.0
2024-01-13 13:00:00,118284.46692485112,118850.45297797963,565.9860531285085,0.476216992823219,-1.0
2024-01-13 14:00:00,118553.03633359203,118850.45297797963,297.416644387602,0.25024443486362374,-1.0
2024-01-13 15:00:00,118752.84456529615,118850.45297797963,97.60841268347576,0.08212708512062672,-1.0
2024-01-13 16:00:00,118799.13730093699,118850.45297797963,51.315677042643074,0.04317667771291603,-1.0
2024-01-13 17:00:00,118662.44894266089,118850.45297797963,188.004035318736,0.15818537549332604,-1.0
2024-01-13 18:00:00,118860.72940849976,118860.72940849976,0.0,0.0,-1.0
2024-01-13 19:00:00,119132.20667024882,119132.20667024882,0.0,0.0,-1.0
2024-01-13 20:00:00,119362.33587086847,119362.33587086847,0.0,0.0,-1.0
2024-01-13 21:00:00,119292.02703762052,119362.33587086847,70.30883324795286,0.05890370084916578,-1.0
2024-01-13 22:00:00,119237.29523549111,119362.33587086847,125.04063537735783,0.10475719536239003,-1.0
2024-01-13 23:00:00,119560.68192431775,119560.68192431775,0.0,0.0,-1.0
2024-01-14 00:00:00,119454.2912680932,119560.68192431775,106.39065622453927,0.08898465156955601,-1.0
2024-01-14 01:00:00,119601.02327292055,119601.02327292055,0.0,0.0,-1.0
2024-01-14 02:00:00,119409.36285085957,119601.02327292055,191.66042206097336,0.16024981794981694,-1.0
2024-01-14 03:00:00,119439.31554575349,119601.02327292055,161.70772716705687,0.1352059729439371,-1.0
2024-01-14 04:00:00,119602.08810586364,119602.08810586364,0.0,0.0,-1.0
2024-01-14 05:00:00,119569.84065907799,119602.08810586364,32.247446785651846,0.02696227741200354,-1.0
2024-01-14 06:00:00,119723.42765723626,119723.42765723626,0.0,0.0,-1.0
2024-01-14 07:00:00,119614.4968958882,119723.42765723626,108.93076134806324,0.09098533468313987,-1.0
2024-01-14 08:00:00,119566.49660121385,119723.42765723626,156.9310560224112,0.1310779845626363,-1.0
2024-01-14 09:00:00,119713.76935798868,119723.42765723626,9.658299247574178,0.008067175686972086,-1.0
2024-01-14 10:00:00,119893.30257929653,119893.30257929653,0.0,0.0,-1.0
2024-01-14 11:00:00,120001.27450725596,120001.27450725596,0.0,0.0,-1.0
2024-01-14 12:00:00,120218.33316850472,120218.33316850472,0.0,0.0,-1.0
2024-01-14 13:00:00,120044.75197771902,120218.33316850472,173.5811907856987,0.14438828605483794,-1.0
2024-01-14 14:00:00,120049.82228516699,120218.33316850472,168.51088333773077,0.14017070349955404,-1.0
2024-01-14 15:00:00,120398.22485115091,120398.22485115091,0.0,0.0,-1.0
2024-01-14 16:00:00,120665.74517549996,120665.74517549996,0.0,0.0,-1.0
2024-01-14 17:00:00,120835.7909002511,120835.7909002511,0.0,0.0,-1.0
2024-01-14 18:00:00,120887.48585424777,120887.48585424777,0.0,0.0,-1.0
2024-01-14 19:00:00,121117.70819850027,121117.70819850027,0.0,0.0,-1.0
2024-01-14 20:00:00,121257.07942644952,121257.07942644952,0.0,0.0,-1.0
2024-01-14 21:00:00,121104.46337175844,121257.07942644952,152.61605469108326,0.12586156240358323,-1.0
2024-01-14 22:00:00,121328.82773881685,121328.82773881685,0.0,0.0,-1.0
2024-01-14 23:00:00,121273.92122666852,121328.82773881685,54.90651214832906,0.04525430037659777,-1.0
2024-01-15 00:00:00,121462.87446417125,121462.87446417125,0.0,0.0,-1.0
2024-01-15 01:00:00,121295.47854585962,121462.87446417125,167.39591831163852,0.1378165295775348,-1.0
2024-01-15 02:00:00,121610.33144567464,121610.33144567464,0.0,0.0,-1.0
2024-01-15 03:00:00,121644.09698885433,121644.09698885433,0.0,0.0,-1.0
2024-01-15 04:00:00,121530.89676393775,121644.09698885433,113.20022491658165,0.09305854350413209,-1.0
2024-01-15 05:00:00,121502.62097897714,121644.09698885433,141.47600987719488,0.11630322669102279,-1.0
2024-01-15 06:00:00,121527.09361438008,121644.09698885433,117.00337447425409,0.0961849998236861,-1.0
2024-01-15 07:00:00,121601.22815691598,121644.09698885433,42.86883193835092,0.03524119377718656,-1.0
2024-01-15 08:00:00,121873.95000236694,121873.95000236694,0.0,0.0,-1.0
2024-01-15 09:00:00,121959.47139483855,121959.47139483855,0.0,0.0,-1.0
2024-01-15 10:00:00,121708.83387518016,121959.47139483855,250.6375196583831,0.20550886027289744,-1.0
2024-01-15 11:00:00,121599.37309835483,121959.47139483855,360.0982964837167,0.2952606241772842,-1.0
2024-01-15 12:00:00,122088.00331721724,122088.00331721724,0.0,0.0,-1.0
2024-01-15 13:00:00,122183.31163656668,122183.31163656668,0.0,0.0,-1.0
2024-01-15 14:00:00,122400.93015366825,122400.93015366825,0.0,0.0,-1.0
2024-01-15 15:00:00,122429.67823274418,122429.67823274418,0.0,0.0,-1.0
2024-01-15 16:00:00,122353.98653561315,122429.67823274418,75.69169713102747,0.06182463126884499,-1.0
2024-01-15 17:00:00,122356.79420225587,122429.67823274418,72.88403048830514,0.059531342024561576,-1.0
2024-01-15 18:00:00,122451.04311486463,122451.04311486463,0.0,0.0,-1.0
2024-01-15 19:00:00,122457.00766428057,122457.00766428057,0.0,0.0,-1.0
2024-01-15 20:00:00,122819.77782926003,122819.77782926003,0.0,0.0,-1.0
2024-01-15 21:00:00,122802.33991012603,122819.77782926003,17.43791913399764,0.014197973194707494,-1.0
2024-01-15 22:00:00,122719.11456858848,122819.77782926003,100.66326067154296,0.08196013903516555,-1.0
2024-01-15 23:00:00,122915.43498254383,122915.43498254383,0.0,0.0,-1.0
2024-01-16 00:00:00,123130.23535812057,123130.23535812057,0.0,0.0,-1.0
2024-01-16 01:00:00,123209.73192635133,123209.73192635133,0.0,0.0,-1.0
2024-01-16 02:00:00,123194.41038297022,123209.73192635133,15.32154338111286,0.012435335376162752,-1.0
2024-01-16 03:00:00,122984.31156084427,123209.73192635133,225.4203655070596,0.18295662362272222,-1.0
2024-01-16 04:00:00,123242.4197892109,123242.4197892109,0.0,0.0,-1.0
2024-01-16 05:00:00,123447.70392569916,123447.70392569916,0.0,0.0,-1.0
2024-01-16 06:00:00,123456.7206777368,123456.7206777368,0.0,0.0,-1.0
2024-01-16 07:00:00,123540.65654950126,123540.65654950126,0.0,0.0,-1.0
2024-01-16 08:00:00,123581.65497212303,123581.65497212303,0.0,0.0,-1.0
2024-01-16 09:00:00,123900.96450831597,123900.96450831597,0.0,0.0,-1.0
2024-01-16 10:00:00,123820.27676287283,123900.96450831597,80.68774544313783,0.06512277427648454,-1.0
2024-01-16 11:00:00,123802.26753876984,123900.96450831597,98.69696954613028,0.07965795095929697,-1.0
2024-01-16 12:00:00,123769.75860291024,123900.96450831597,131.20590540573176,0.10589579017920034,-1.0
2024-01-16 13:00:00,123891.28279587658,123900.96450831597,9.681712439385592,0.007814073504436502,-1.0
2024-01-16 14:00:00,123974.70221393117,123974.70221393117,0.0,0.0,-1.0
2024-01-16 15:00:00,124079.7124384506,124079.7124384506,0.0,0.0,-1.0
2024-01-16 16:00:00,124022.62136961943,124079.7124384506,57.09106883117056,0.0460116063369267,-1.0
2024-01-16 17:00:00,124320.35589418099,124320.35589418099,0.0,0.0,-1.0
2024-01-16 18:00:00,124327.2491280978,124327.2491280978,0.0,0.0,-1.0
2024-01-16 19:00:00,124580.38762050727,124580.38762050727,0.0,0.0,-1.0
2024-01-16 20:00:00,125126.25472009947,125126.25472009947,0.0,0.0,-1.0
2024-01-16 21:00:00,125070.25431202732,125126.25472009947,56.00040807215555,0.04475512209442005,-1.0
2024-01-16 22:00:00,125196.612047008,125196.612047008,0.0,0.0,-1.0
2024-01-16 23:00:00,125251.87150126962,125251.87150126962,0.0,0.0,-1.0
2024-01-17 00:00:00,125631.50373450805,125631.50373450805,0.0,0.0,-1.0
2024-01-17 01:00:00,125664.40564538528,125664.40564538528,0.0,0.0,-1.0
2024-01-17 02:00:00,125776.709367013,125776.709367013,0.0,0.0,-1.0
2024-01-17 03:00:00,125885.7396149397,125885.7396149397,0.0,0.0,-1.0
2024-01-17 04:00:00,125945.67979944752,125945.67979944752,0.0,0.0,-1.0
2024-01-17 05:00:00,126134.00086462755,126134.00086462755,0.0,0.0,-1.0
2024-01-17 06:00:00,126223.0103246958,126223.0103246958,0.0,0.0,-1.0
2024-01-17 07:00:00,126229.14920504918,126229.14920504918,0.0,0.0,-1.0
2024-01-17 08:00:00,126336.18961077773,126336.18961077773,0.0,0.0,-1.0
2024-01-17 09:00:00,126320.50895192113,126336.18961077773,15.680658856595983,0.012411850400827876,-1.0
2024-01-17 10:00:00,126355.16464296235,126355.16464296235,0.0,0.0,-1.0
2024-01-17 11:00:00,126513.4780708738,126513.4780708738,0.0,0.0,-1.0
2024-01-17 12:00:00,126671.1821161593,126671.1821161593,0.0,0.0,-1.0
2024-01-17 13:00:00,126932.93347348105,126932.93347348105,0.0,0.0,-1.0
2024-01-17 14:00:00,127286.82009565686,127286.82009565686,0.0,0.0,-1.0
2024-01-17 15:00:00,127283.6597640707,127286.82009565686,3.160331586157554,0.0024828427513410613,-1.0
2024-01-17 16:00:00,127378.89088781265,127378.89088781265,0.0,0.0,-1.0
2024-01-17 17:00:00,127424.88001637989,127424.88001637989,0.0,0.0,-1.0
2024-01-17 18:00:00,127333.78387077006,127424.88001637989,91.09614560983027,0.07149007760346353,-1.0
2024-01-17 19:00:00,127493.46714159072,127493.46714159072,0.0,0.0,-1.0
2024-01-17 20:00:00,127685.14271619159,127685.14271619159,0.0,0.0,-1.0
2024-01-17 21:00:00,127598.59403226362,127685.14271619159,86.54868392797653,0.06778289320657305,-1.0
2024-01-17 22:00:00,127617.41913138732,127685.14271619159,67.72358480427647,0.05303951843074419,-1.0
2024-01-17 23:00:00,127621.60570302291,127685.14271619159,63.53701316867955,0.04976069401426334,-1.0
2024-01-18 00:00:00,127470.34199753914,127685.14271619159,214.80071865244827,0.16822686969140196,-1.0
2024-01-18 01:00:00,127539.88539801438,127685.14271619159,145.2573181772168,0.11376211443807777,-1.0
2024-01-18 02:00:00,127443.09914654859,127685.14271619159,242.04356964300678,0.189562829702906,-1.0
2024-01-18 03:00:00,127541.94820023689,127685.14271619159,143.1945159547031,0.112146576264542,-1.0
2024-01-18 04:00:00,127657.31642898086,127685.14271619159,27.826287210729788,0.02179289353388581,-1.0
2024-01-18 05:00:00,127791.26984647657,127791.26984647657,0.0,0.0,-1.0
2024-01-18 06:00:00,127932.46817313605,127932.46817313605,0.0,0.0,-1.0
2024-01-18 07:00:00,128237.10928062568,128237.10928062568,0.0,0.0,-1.0
2024-01-18 08:00:00,128190.81235950334,128237.10928062568,46.29692112233897,0.03610259259745619,-1.0
2024-01-18 09:00:00,128152.04008710076,128237.10928062568,85.06919352491968,0.0663374229208176,-1.0
2024-01-18 10:00:00,128325.31467167717,128325.31467167717,0.0,0.0,-1.0
2024-01-18 11:00:00,128380.51744287982,128380.51744287982,0.0,0.0,-1.0
2024-01-18 12:00:00,128624.31643393855,128624.31643393855,0.0,0.0,-1.0
2024-01-18 13:00:00,128783.56975279347,128783.56975279347,0.0,0.0,-1.0
2024-01-18 14:00:00,129146.2864520374,129146.2864520374,0.0,0.0,-1.0
2024-01-18 15:00:00,129207.5871845715,129207.5871845715,0.0,0.0,-1.0
2024-01-18 16:00:00,129060.2812487735,129207.5871845715,147.3059357979946,0.11400718719990477,-1.0
2024-01-18 17:00:00,129186.38046177037,129207.5871845715,21.206722801129217,0.016412908299909407,-1.0
2024-01-18 18:00:00,129250.62933808326,129250.62933808326,0.0,0.0,-1.0
2024-01-18 19:00:00,129405.80246106045,129405.80246106045,0.0,0.0,-1.0
2024-01-18 20:00:00,129580.19353906173,129580.19353906173,0.0,0.0,-1.0
2024-01-18 21:00:00,129575.01126179734,129580.19353906173,5.182277264393633,0.003999281929480561,-1.0
2024-01-18 22:00:00,129498.66041301856,129580.19353906173,81.53312604317034,0.06292097875173518,-1.0
2024-01-18 23:00:00,129551.7689105167,129580.19353906173,28.424628545035375,0.02193593617103745,-1.0
2024-01-19 00:00:00,129269.59018015052,129580.19353906173,310.60335891120485,0.2396997183196628,-1.0
2024-01-19 01:00:00,129356.69026896845,129580.19353906173,223.50327009327884,0.1724825870289383,-1.0
2024-01-19 02:00:00,129370.57455769803,129580.19353906173,209.61898136370291,0.16176776375975516,-1.0
2024-01-19 03:00:00,129574.82581437193,129580.19353906173,5.367724689800525,0.0041423959504910245,-1.0
2024-01-19 04:00:00,129351.94853434047,129580.19353906173,228.24500472126238,0.176141892126792,-1.0
2024-01-19 05:00:00,129427.90033081056,129580.19353906173,152.29320825116883,0.11752815310100637,-1.0
2024-01-19 06:00:00,129739.33397351814,129739.33397351814,0.0,0.0,-1.0
2024-01-19 07:00:00,129915.64417271079,129915.64417271079,0.0,0.0,-1.0
2024-01-19 08:00:00,130137.74497206397,130137.74497206397,0.0,0.0,-1.0
2024-01-19 09:00:00,130263.70500045846,130263.70500045846,0.0,0.0,-1.0
2024-01-19 10:00:00,130089.47488997337,130263.70500045846,174.23011048509215,0.1337518462909365,-1.0
2024-01-19 11:00:00,130189.45426593874,130263.70500045846,74.25073451972276,0.05700032447216317,-1.0
2024-01-19 12:00:00,130325.72766994833,130325.72766994833,0.0,0.0,-1.0
2024-01-19 13:00:00,130238.99398831972,130325.72766994833,86.73368162861152,0.06655146545451543,-1.0
2024-01-19 14:00:00,130295.01091181583,130325.72766994833,30.716758132504765,0.02356922050747752,-1.0
2024-01-19 15:00:00,129934.85031745925,130325.72766994833,390.87735248908575,0.29992339922243744,-1.0
2024-01-19 16:00:00,129959.73559106798,130325.72766994833,365.99207888035744,0.2808287246300572,-1.0
2024-01-19 17:00:00,129969.27919964553,130325.72766994833,356.44847030279925,0.2735058354751794,-1.0
2024-01-19 18:00:00,130254.61510298753,130325.72766994833,71.1125669608009,0.05456525601828554,-1.0
2024-01-19 19:00:00,130239.13163759322,130325.72766994833,86.59603235511167,0.06644584603771966,-1.0
2024-01-19 20:00:00,130274.1780788039,130325.72766994833,51.54959114443045,0.03955442418474769,-1.0
2024-01-19 21:00:00,130337.29376221239,130337.29376221239,0.0,0.0,-1.0
2024-01-19 22:00:00,130323.74575862283,130337.29376221239,13.548003589559812,0.010394571805577624,-1.0
2024-01-19 23:00:00,130506.71447189765,130506.71447189765,0.0,0.0,-1.0
2024-01-20 00:00:00,130282.85566981911,130506.71447189765,223.85880207853916,0.17153048636952947,-1.0
2024-01-20 01:00:00,130528.34217544073,130528.34217544073,0.0,0.0,-1.0
2024-01-20 02:00:00,130497.45131656704,130528.34217544073,30.890858873695834,0.023666016405981777,-1.0
2024-01-20 03:00:00,130767.69838678635,130767.69838678635,0.0,0.0,-1.0
2024-01-20 04:00:00,130430.6135654692,130767.69838678635,337.0848213171412,0.2577737663624754,-1.0
2024-01-20 05:00:00,130140.17916737754,130767.69838678635,627.5192194088013,0.4798732616312609,-1.0
2024-01-20 06:00:00,130171.38238343972,130767.69838678635,596.3160033466265,0.4560116991451785,-1.0
2024-01-20 07:00:00,130322.2696916398,130767.69838678635,445.4286951465474,0.340625934876557,-1.0
2024-01-20 08:00:00,130314.02978423932,130767.69838678635,453.66860254702624,0.34692711437434615,-1.0
2024-01-20 09:00:00,130476.6066587517,130767.69838678635,291.09172803464753,0.22260216523323118,-1.0
2024-01-20 10:00:00,130698.80312236815,130767.69838678635,68.89526441819908,0.05268523134392088,-1.0
2024-01-20 11:00:00,130873.70305442135,130873.70305442135,0.0,0.0,-1.0
2024-01-20 12:00:00,130964.19333007836,130964.19333007836,0.0,0.0,-1.0
2024-01-20 13:00:00,131053.53375752647,131053.53375752647,0.0,0.0,-1.0
2024-01-20 14:00:00,131036.31449456821,131053.53375752647,17.219262958256877,0.013139106183978016,-1.0
2024-01-20 15:00:00,131103.00834593765,131103.00834593765,0.0,0.0,-1.0
2024-01-20 16:00:00,131024.37371285244,131103.00834593765,78.63463308521023,0.05997927437158371,-1.0
2024-01-20 17:00:00,130981.66429274828,131103.00834593765,121.34405318937206,0.0925562690897108,-1.0
2024-01-20 18:00:00,131133.81892268028,131133.81892268028,0.0,0.0,-1.0
2024-01-20 19:00:00,131139.38675295058,131139.38675295058,0.0,0.0,-1.0
2024-01-20 20:00:00,131103.75246882517,131139.38675295058,35.63428412540816,0.02717283114381073,-1.0
2024-01-20 21:00:00,131246.13712080292,131246.13712080292,0.0,0.0,-1.0
2024-01-20 22:00:00,131378.12206934247,131378.12206934247,0.0,0.0,-1.0
2024-01-20 23:00:00,131420.82713152518,131420.82713152518,0.0,0.0,-1.0
2024-01-21 00:00:00,131473.48681691693,131473.48681691693,0.0,0.0,-1.0
2024-01-21 01:00:00,131610.8790003989,131610.8790003989,0.0,0.0,-1.0
2024-01-21 02:00:00,131831.2225678565,131831.2225678565,0.0,0.0,-1.0
2024-01-21 03:00:00,131936.38541672955,131936.38541672955,0.0,0.0,-1.0
2024-01-21 04:00:00,131832.580330173,131936.38541672955,103.80508655656013,0.07867813433624476,-1.0
2024-01-21 05:00:00,131874.36620625848,131936.38541672955,62.019210471073166,0.047006904331342345,-1.0
2024-01-21 06:00:00,131888.29373058947,131936.38541672955,48.09168614007649,0.036450662179485824,-1.0
2024-01-21 07:00:00,131805.3458146333,131936.38541672955,131.03960209625075,0.09932029112541907,-1.0
2024-01-21 08:00:00,131955.0357294736,131955.0357294736,0.0,0.0,-1.0
2024-01-21 09:00:00,132116.2636163829,132116.2636163829,0.0,0.0,-1.0
2024-01-21 10:00:00,132300.1948796388,132300.1948796388,0.0,0.0,-1.0
2024-01-21 11:00:00,132226.5579365265,132300.1948796388,73.6369431123021,0.055658983102250106,-1.0
2024-01-21 12:00:00,132325.17557708838,132325.17557708838,0.0,0.0,-1.0
2024-01-21 13:00:00,132399.23429216177,132399.23429216177,0.0,0.0,-1.0
2024-01-21 14:00:00,132520.34475616305,132520.34475616305,0.0,0.0,-1.0
2024-01-21 15:00:00,132614.80372988776,132614.80372988776,0.0,0.0,-1.0
2024-01-21 16:00:00,132687.9218381503,132687.9218381503,0.0,0.0,-1.0
2024-01-21 17:00:00,132743.01327422913,132743.01327422913,0.0,0.0,-1.0
2024-01-21 18:00:00,132984.03936573296,132984.03936573296,0.0,0.0,-1.0
2024-01-21 19:00:00,132929.76726460506,132984.03936573296,54.2721011278918,0.040810988586857826,-1.0
2024-01-01 01:00:00,132978.7916339903,132984.03936573296,5.247731742652832,0.003946136519601807,-1.0
2024-01-01 02:00:00,133215.99723401119,133215.99723401119,0.0,0.0,-1.0
2024-01-01 03:00:00,133169.33884540648,133215.99723401119,46.65838860470103,0.035024613840287905,-1.0
2024-01-01 04:00:00,133130.32565624488,133215.99723401119,85.67157776630484,0.06431027770321877,-1.0
2024-01-01 05:00:00,133315.41679791265,133315.41679791265,0.0,0.0,-1.0
2024-01-01 06:00:00,133176.8297218156,133315.41679791265,138.58707609705743,0.10395427582628038,-1.0
2024-01-01 07:00:00,133350.92439026956,133350.92439026956,0.0,0.0,-1.0
2024-01-01 08:00:00,133352.4792033825,133352.4792033825,0.0,0.0,-1.0
2024-01-01 09:00:00,133488.97929571057,133488.97929571057,0.0,0.0,-1.0
2024-01-01 10:00:00,133380.86911065222,133488.97929571057,108.11018505835091,0.08098809776562944,-1.0
2024-01-01 11:00:00,133633.63055063598,133633.63055063598,0.0,0.0,-1.0
2024-01-01 12:00:00,133526.04475315256,133633.63055063598,107.58579748342163,0.08050802559214734,-1.0
2024-01-01 13:00:00,133709.78730618456,133709.78730618456,0.0,0.0,-1.0
2024-01-01 14:00:00,133608.46794861817,133709.78730618456,101.31935756638995,0.0757755730583707,-1.0
2024-01-01 15:00:00,133954.71307928153,133954.71307928153,0.0,0.0,-1.0
2024-01-01 16:00:00,134019.00581200325,134019.00581200325,0.0,0.0,-1.0
2024-01-01 17:00:00,134386.6343762528,134386.6343762528,0.0,0.0,-1.0
2024-01-01 18:00:00,134338.8012531412,134386.6343762528,47.83312311160262,0.035593661031558,-1.0
2024-01-01 19:00:00,134347.4036487339,134386.6343762528,39.23072751890868,0.0291924324922606,-1.0
2024-01-01 20:00:00,134604.01152929373,134604.01152929373,0.0,0.0,-1.0
2024-01-01 21:00:00,134465.08212602747,134604.01152929373,138.9294032662583,0.10321341963573147,-1.0
2024-01-01 22:00:00,134435.19212764697,134604.01152929373,168.81940164676053,0.12541929451338865,-1.0
2024-01-01 23:00:00,134584.45239210036,134604.01152929373,19.55913719336968,0.014530872424343047,-1.0
2024-01-02 00:00:00,134506.6353055959,134604.01152929373,97.37622369782184,0.0723427352509698,-1.0
2024-01-02 01:00:00,134659.90791889877,134659.90791889877,0.0,0.0,-1.0
2024-01-02 02:00:00,134760.46857665203,134760.46857665203,0.0,0.0,-1.0
2024-01-02 03:00:00,134608.4217330907,134760.46857665203,152.04684356131474,0.11282748210008647,-1.0
2024-01-02 04:00:00,134828.58705128822,134828.58705128822,0.0,0.0,-1.0
2024-01-02 05:00:00,134714.22208730903,134828.58705128822,114.36496397919836,0.08482248941442545,-1.0
2024-01-02 06:00:00,134904.91395185498,134904.91395185498,0.0,0.0,-1.0
2024-01-02 07:00:00,134999.18526159163,134999.18526159163,0.0,0.0,-1.0
2024-01-02 08:00:00,135005.93339188577,135005.93339188577,0.0,0.0,-1.0
2024-01-02 09:00:00,134915.12301314165,135005.93339188577,90.81037874412141,0.06726399089477304,-1.0
2024-01-02 10:00:00,135039.51341195288,135039.51341195288,0.0,0.0,-1.0
2024-01-02 11:00:00,134983.63469293126,135039.51341195288,55.87871902162442,0.0413795322641309,-1.0
2024-01-02 12:00:00,135239.82771433913,135239.82771433913,0.0,0.0,-1.0
2024-01-02 13:00:00,135501.49530573463,135501.49530573463,0.0,0.0,-1.0
2024-01-02 14:00:00,135822.80040888253,135822.80040888253,0.0,0.0,-1.0
2024-01-02 15:00:00,135939.9350244438,135939.9350244438,0.0,0.0,-1.0
2024-01-02 16:00:00,135954.28855361906,135954.28855361906,0.0,0.0,-1.0
2024-01-02 17:00:00,135984.75316651847,135984.75316651847,0.0,0.0,-1.0
2024-01-02 18:00:00,136004.24002909812,136004.24002909812,0.0,0.0,-1.0
2024-01-02 19:00:00,136116.44085984747,136116.44085984747,0.0,0.0,-1.0
2024-01-02 20:00:00,136256.93194818575,136256.93194818575,0.0,0.0,-1.0
2024-01-02 21:00:00,136516.6666030883,136516.6666030883,0.0,0.0,-1.0
2024-01-02 22:00:00,136594.6851154277,136594.6851154277,0.0,0.0,-1.0
2024-01-02 23:00:00,136459.20101584768,136594.6851154277,135.48409958003322,0.09918694820779006,-1.0
2024-01-03 00:00:00,136473.0878768784,136594.6851154277,121.59723854932236,0.08902047575758021,-1.0
2024-01-03 01:00:00,136781.46564388686,136781.46564388686,0.0,0.0,-1.0
2024-01-03 02:00:00,136622.97885831606,136781.46564388686,158.48678557079984,0.11586861189470157,-1.0
2024-01-03 03:00:00,136808.85135237625,136808.85135237625,0.0,0.0,-1.0
2024-01-03 04:00:00,136825.26538533875,136825.26538533875,0.0,0.0,-1.0
2024-01-03 05:00:00,136767.74573877882,136825.26538533875,57.51964655992924,0.04203876118780958,-1.0
2024-01-03 06:00:00,136902.08739614562,136902.08739614562,0.0,0.0,-1.0
2024-01-03 07:00:00,137211.23034998903,137211.23034998903,0.0,0.0,-1.0
2024-01-03 08:00:00,137337.2969765065,137337.2969765065,0.0,0.0,-1.0
2024-01-03 09:00:00,137372.9153450003,137372.9153450003,0.0,0.0,-1.0
2024-01-03 10:00:00,137253.50795905935,137372.9153450003,119.40738594095455,0.08692207313288294,-1.0
2024-01-03 11:00:00,137313.68058489394,137372.9153450003,59.23476010636659,0.04311967898301027,-1.0
2024-01-03 12:00:00,137188.8581118505,137372.9153450003,184.05723314979696,0.13398364057977002,-1.0
2024-01-03 13:00:00,137217.36947863747,137372.9153450003,155.54586636283784,0.11322891850420276,-1.0
2024-01-03 14:00:00,137282.91083137871,137372.9153450003,90.0045136215922,0.0655183835878809,-1.0
2024-01-03 15:00:00,137003.82960777215,137372.9153450003,369.0857372281607,0.2686743134927533,-1.0
2024-01-03 16:00:00,137287.07793846034,137372.9153450003,85.83740653996938,0.062484956604725236,-1.0
2024-01-03 17:00:00,137176.29971749228,137372.9153450003,196.6156275080284,0.14312546764713052,-1.0
2024-01-03 18:00:00,137223.40583731668,137372.9153450003,149.50950768362964,0.10883477817162816,-1.0
2024-01-03 19:00:00,137378.48082418856,137378.48082418856,0.0,0.0,-1.0
2024-01-03 20:00:00,137649.76328191545,137649.76328191545,0.0,0.0,-1.0
2024-01-03 21:00:00,137605.94033095954,137649.76328191545,43.822950955916895,0.031836561074329424,-1.0
2024-01-03 22:00:00,137304.5625418136,137649.76328191545,345.20074010186363,0.25078193516023023,-1.0
2024-01-03 23:00:00,137541.36209921527,137649.76328191545,108.40118270018138,0.07875144868805105,-1.0
2024-01-04 00:00:00,137428.93786625133,137649.76328191545,220.82541566411965,0.16042556877621006,-1.0
2024-01-04 01:00:00,137557.85435278888,137649.76328191545,91.90892912657,0.06677013235274126,-1.0
2024-01-04 02:00:00,137696.09280780924,137696.09280780924,0.0,0.0,-1.0
2024-01-04 03:00:00,137283.2883929085,137696.09280780924,412.80441490074736,0.2997938478014212,-1.0
2024-01-04 04:00:00,137116.06287717682,137696.09280780924,580.0299306324159,0.42123920788514946,-1.0
2024-01-04 05:00:00,137121.94119616927,137696.09280780924,574.1516116399725,0.41697015502200974,-1.0
2024-01-04 06:00:00,136809.3220083284,137696.09280780924,886.7707994808443,0.6440057821528486,-1.0
2024-01-04 07:00:00,136683.61431688978,137696.09280780924,1012.4784909194568,0.7352993612771818,-1.0
2024-01-04 08:00:00,136777.04610090877,137696.09280780924,919.0467069004662,0.6674457409501338,-1.0
2024-01-04 09:00:00,136838.7735530951,137696.09280780924,857.3192547141516,0.622616980069844,-1.0
2024-01-04 10:00:00,136959.17171769173,137696.09280780924,736.9210901175102,0.5351793758927317,-1.0
2024-01-04 11:00:00,137101.55486450106,137696.09280780924,594.5379433081835,0.4317754637657119,-1.0
2024-01-04 12:00:00,136924.2804294541,137696.09280780924,771.8123783551273,0.5605187210594221,-1.0
2024-01-04 13:00:00,136806.5531899422,137696.09280780924,889.5396178670344,0.6460166005644173,-1.0
2024-01-04 14:00:00,136995.758118369,137696.09280780924,700.3346894402348,0.5086089773206087,-1.0
2024-01-04 15:00:00,137299.4076545194,137696.09280780924,396.6851532898436,0.28808744329697217,-1.0
2024-01-04 16:00:00,137229.29644719008,137696.09280780924,466.79636061916244,0.3390047975222495,-1.0
2024-01-04 17:00:00,137343.1322863046,137696.09280780924,352.9605215046322,0.2563329970424655,-1.0
2024-01-04 18:00:00,137539.1947203017,137696.09280780924,156.89808750755037,0.11394519939395993,-1.0
2024-01-04 19:00:00,137649.8280628801,137696.09280780924,46.2647449291544,0.03359917045266412,-1.0
2024-01-04 20:00:00,137687.51311706693,137696.09280780924,8.579690742306411,0.006230889030585352,-1.0
2024-01-04 21:00:00,137666.4156178996,137696.09280780924,29.677189909649314,0.021552673939028585,-1.0
2024-01-04 22:00:00,138039.20599861443,138039.20599861443,0.0,0.0,-1.0
2024-01-04 23:00:00,138128.63735484346,138128.63735484346,0.0,0.0,-1.0
2024-01-05 00:00:00,138261.97865952607,138261.97865952607,0.0,0.0,-1.0
2024-01-05 01:00:00,138385.6266716381,138385.6266716381,0.0,0.0,-1.0
2024-01-05 02:00:00,138338.763910588,138385.6266716381,46.86276105011348,0.033863893366114964,-1.0
2024-01-05 03:00:00,138421.38706408514,138421.38706408514,0.0,0.0,-1.0
2024-01-05 04:00:00,138448.05066090342,138448.05066090342,0.0,0.0,-1.0
2024-01-05 05:00:00,138472.0285222281,138472.0285222281,0.0,0.0,-1.0
2024-01-05 06:00:00,138594.57239338092,138594.57239338092,0.0,0.0,-1.0
2024-01-05 07:00:00,138532.2259473956,138594.57239338092,62.34644598531304,0.04498476737483741,-1.0
2024-01-05 08:00:00,138426.50768427504,138594.57239338092,168.06470910587814,0.12126355758640421,-1.0
2024-01-05 09:00:00,138576.91644333585,138594.57239338092,17.655950045067584,0.012739279569299215,-1.0
2024-01-05 10:00:00,138572.17485444155,138594.57239338092,22.3975389393745,0.016160473352305804,-1.0
2024-01-05 11:00:00,138595.42249640005,138595.42249640005,0.0,0.0,-1.0
2024-01-05 12:00:00,138381.10301349853,138595.42249640005,214.31948290151195,0.15463676869059567,-1.0
2024-01-05 13:00:00,138600.56543082502,138600.56543082502,0.0,0.0,-1.0
2024-01-05 14:00:00,138754.16786261238,138754.16786261238,0.0,0.0,-1.0
2024-01-05 15:00:00,138935.37818040914,138935.37818040914,0.0,0.0,-1.0
2024-01-05 16:00:00,139068.4770234688,139068.4770234688,0.0,0.0,-1.0
2024-01-05 17:00:00,138916.08348041525,139068.4770234688,152.3935430535348,0.10958165812646192,-1.0
2024-01-05 18:00:00,139025.43332511713,139068.4770234688,43.04369835165562,0.030951441529335,-1.0
2024-01-05 19:00:00,139009.0632997654,139068.4770234688,59.413723703386495,0.042722639217052764,-1.0
2024-01-05 20:00:00,138939.63473398038,139068.4770234688,128.84228948841337,0.09264665310649108,-1.0
2024-01-05 21:00:00,139089.64197019723,139089.64197019723,0.0,0.0,-1.0
2024-01-05 22:00:00,139413.41830771015,139413.41830771015,0.0,0.0,-1.0
2024-01-05 23:00:00,139712.4192205536,139712.4192205536,0.0,0.0,-1.0
2024-01-06 00:00:00,139880.7409733302,139880.7409733302,0.0,0.0,-1.0
2024-01-06 01:00:00,139951.2067494113,139951.2067494113,0.0,0.0,-1.0
2024-01-06 02:00:00,139993.87540127346,139993.87540127346,0.0,0.0,-1.0
2024-01-06 03:00:00,139933.19986330697,139993.87540127346,60.67553796648281,0.04334156604534634,-1.0
2024-01-06 04:00:00,139967.73988575098,139993.87540127346,26.135515522473725,0.018669042090277033,-1.0
2024-01-06 05:00:00,140179.0184796892,140179.0184796892,0.0,0.0,-1.0
2024-01-06 06:00:00,140527.48934949294,140527.48934949294,0.0,0.0,-1.0
2024-01-06 07:00:00,140480.01715344834,140527.48934949294,47.47219604460406,0.033781430426427346,-1.0
2024-01-06 08:00:00,140255.76513074758,140527.48934949294,271.72421874536667,0.1933601888165713,-1.0
2024-01-06 09:00:00,140251.13403133073,140527.48934949294,276.3553181622119,0.19665570020603879,-1.0
2024-01-06 10:00:00,140461.7271482614,140527.48934949294,65.76220123155508,0.04679668123010722,-1.0
2024-01-06 11:00:00,140847.56874186025,140847.56874186025,0.0,0.0,-1.0
2024-01-06 12:00:00,141119.07492285877,141119.07492285877,0.0,0.0,-1.0
2024-01-06 13:00:00,141386.86770471552,141386.86770471552,0.0,0.0,-1.0
2024-01-06 14:00:00,141334.43365166432,141386.86770471552,52.434053051198134,0.03708551855092081,-1.0
2024-01-06 15:00:00,141286.22524563197,141386.86770471552,100.64245908355224,0.07118232458034406,-1.0
2024-01-06 16:00:00,141162.65380004203,141386.86770471552,224.21390467349556,0.15858184590506888,-1.0
2024-01-06 17:00:00,141137.83183962322,141386.86770471552,249.0358650923008,0.17613790384861536,-1.0
2024-01-06 18:00:00,141349.94650713488,141386.86770471552,36.92119758063927,0.02611359752148175,-1.0
2024-01-06 19:00:00,141668.61958517513,141668.61958517513,0.0,0.0,-1.0
2024-01-06 20:00:00,141795.44717586756,141795.44717586756,0.0,0.0,-1.0
2024-01-06 21:00:00,141832.17903186608,141832.17903186608,0.0,0.0,-1.0
2024-01-06 22:00:00,141747.17030921506,141832.17903186608,85.00872265102225,0.059936132428680344,-1.0
2024-01-06 23:00:00,141805.29303581305,141832.17903186608,26.885996053024428,0.018956203194892628,-1.0
2024-01-07 00:00:00,141910.76198496064,141910.76198496064,0.0,0.0,-1.0
2024-01-07 01:00:00,141766.30117404467,141910.76198496064,144.46081091597443,0.10179693836841214,-1.0
2024-01-07 02:00:00,141979.52211332068,141979.52211332068,0.0,0.0,-1.0
2024-01-07 03:00:00,141990.93501387438,141990.93501387438,0.0,0.0,-1.0
2024-01-07 04:00:00,142195.14739003955,142195.14739003955,0.0,0.0,-1.0
2024-01-07 05:00:00,142268.5093957319,142268.5093957319,0.0,0.0,-1.0
2024-01-07 06:00:00,142388.091899665,142388.091899665,0.0,0.0,-1.0
2024-01-07 07:00:00,142357.7995181528,142388.091899665,30.292381512204884,0.02127451889273906,-1.0
2024-01-07 08:00:00,142381.1072252805,142388.091899665,6.984674384526443,0.004905378175478503,-1.0
2024-01-07 09:00:00,142552.4135437848,142552.4135437848,0.0,0.0,-1.0
2024-01-07 10:00:00,142607.68880857402,142607.68880857402,0.0,0.0,-1.0
2024-01-07 11:00:00,142516.94270621944,142607.68880857402,90.74610235457658,0.06363338689009077,-1.0
2024-01-07 12:00:00,142608.6788144773,142608.6788144773,0.0,0.0,-1.0
2024-01-07 13:00:00,142741.53006700304,142741.53006700304,0.0,0.0,-1.0
2024-01-07 14:00:00,143022.46334585384,143022.46334585384,0.0,0.0,-1.0
2024-01-07 15:00:00,143270.34633615275,143270.34633615275,0.0,0.0,-1.0
2024-01-07 16:00:00,143335.65100419967,143335.65100419967,0.0,0.0,-1.0
2024-01-07 17:00:00,143328.55072950004,143335.65100419967,7.1002746996236965,0.00495359992428936,-1.0
2024-01-07 18:00:00,143369.3055195958,143369.3055195958,0.0,0.0,-1.0
2024-01-07 19:00:00,143365.7454934891,143369.3055195958,3.560026106686564,0.002483115959712853,-1.0
2024-01-07 20:00:00,143373.7075854169,143373.7075854169,0.0,0.0,-1.0
2024-01-07 21:00:00,143604.95735380927,143604.95735380927,0.0,0.0,-1.0
2024-01-07 22:00:00,143865.93250770337,143865.93250770337,0.0,0.0,-1.0
2024-01-07 23:00:00,143879.10153982873,143879.10153982873,0.0,0.0,-1.0
2024-01-08 00:00:00,143877.2975799166,143879.10153982873,1.8039599121257197,0.0012538025973329741,-1.0
2024-01-08 01:00:00,143889.2384162328,143889.2384162328,0.0,0.0,-1.0
2024-01-08 02:00:00,143674.4328737199,143889.2384162328,214.80554251291323,0.1492853425852034,-1.0
2024-01-08 03:00:00,143569.01101993787,143889.2384162328,320.22739629494026,0.22255131781892448,-1.0
2024-01-08 04:00:00,143638.82806904707,143889.2384162328,250.41034718573792,0.17402993437311012,-1.0
2024-01-08 05:00:00,143770.71883011368,143889.2384162328,118.51958611913142,0.08236862424435536,-1.0
2024-01-08 06:00:00,143919.39478879605,143919.39478879605,0.0,0.0,-1.0
2024-01-08 07:00:00,143877.32062551548,143919.39478879605,42.074163280572975,0.029234533220708347,-1.0
2024-01-08 08:00:00,143878.6541033426,143919.39478879605,40.74068545346381,0.02830798831057579,-1.0
2024-01-08 09:00:00,143913.22853234666,143919.39478879605,6.166256449389039,0.004284520830870722,-1.0
2024-01-08 10:00:00,143931.05964752132,143931.05964752132,0.0,0.0,-1.0
2024-01-08 11:00:00,144109.26230562103,144109.26230562103,0.0,0.0,-1.0
2024-01-08 12:00:00,143988.03618912675,144109.26230562103,121.22611649427563,0.08412097498437279,-1.0
2024-01-08 13:00:00,143890.64184837032,144109.26230562103,218.6204572507122,0.1517046536447261,-1.0
2024-01-08 14:00:00,143920.8765540232,144109.26230562103,188.38575159781612,0.1307242494922327,-1.0
2024-01-08 15:00:00,143791.03599852257,144109.26230562103,318.2263070984627,0.22082293810066236,-1.0
2024-01-08 16:00:00,143580.96545667906,144109.26230562103,528.2968489419727,0.3665946522032584,-1.0
2024-01-08 17:00:00,143431.9438827361,144109.26230562103,677.3184228849423,0.4700033932923153,-1.0
2024-01-08 18:00:00,143470.53669446878,144109.26230562103,638.7256111522438,0.4432231495277942,-1.0
2024-01-08 19:00:00,143640.1163169176,144109.26230562103,469.14598870341433,0.3255488101163607,-1.0
2024-01-08 20:00:00,143812.82129707653,144109.26230562103,296.4410085444979,0.2057057289737685,-1.0
2024-01-08 21:00:00,144126.0086119574,144126.0086119574,0.0,0.0,-1.0
2024-01-08 22:00:00,144216.25837959303,144216.25837959303,0.0,0.0,-1.0
2024-01-08 23:00:00,144326.68845644235,144326.68845644235,0.0,0.0,-1.0
2024-01-09 00:00:00,144364.1274008881,144364.1274008881,0.0,0.0,-1.0
2024-01-09 01:00:00,144408.8534310277,144408.8534310277,0.0,0.0,-1.0
2024-01-09 02:00:00,144795.93523076698,144795.93523076698,0.0,0.0,-1.0
2024-01-09 03:00:00,144910.13794635524,144910.13794635524,0.0,0.0,-1.0
2024-01-09 04:00:00,145037.37908671936,145037.37908671936,0.0,0.0,-1.0
2024-01-09 05:00:00,144940.61194128182,145037.37908671936,96.76714543753769,0.06671876315393124,-1.0
2024-01-09 06:00:00,145077.1752825176,145077.1752825176,0.0,0.0,-1.0
2024-01-09 07:00:00,145250.9250794161,145250.9250794161,0.0,0.0,-1.0
2024-01-09 08:00:00,145492.4715986068,145492.4715986068,0.0,0.0,-1.0
2024-01-09 09:00:00,145661.984277342,145661.984277342,0.0,0.0,-1.0
2024-01-09 10:00:00,145717.97354312942,145717.97354312942,0.0,0.0,-1.0
2024-01-09 11:00:00,145767.56004619994,145767.56004619994,0.0,0.0,-1.0
2024-01-09 12:00:00,145831.7479443846,145831.7479443846,0.0,0.0,-1.0
2024-01-09 13:00:00,145922.82600091875,145922.82600091875,0.0,0.0,-1.0
2024-01-09 14:00:00,146187.97356703968,146187.97356703968,0.0,0.0,-1.0
2024-01-09 15:00:00,146423.86949941984,146423.86949941984,0.0,0.0,-1.0
2024-01-09 16:00:00,146611.80614247872,146611.80614247872,0.0,0.0,-1.0
2024-01-09 17:00:00,146991.18763954926,146991.18763954926,0.0,0.0,-1.0
2024-01-09 18:00:00,146667.75188325773,146991.18763954926,323.43575629152474,0.2200375148234407,-1.0
2024-01-09 19:00:00,146673.74309710882,146991.18763954926,317.4445424404403,0.21596161480025286,-1.0
2024-01-09 20:00:00,146747.05220424166,146991.18763954926,244.13543530760217,0.1660884840976109,-1.0
2024-01-09 21:00:00,146721.2177831475,146991.18763954926,269.9698564017599,0.18366397383207628,-1.0
2024-01-09 22:00:00,146656.75517444964,146991.18763954926,334.4324650996132,0.22751871759802778,-1.0
2024-01-09 23:00:00,146474.18122839517,146991.18763954926,517.0064111540851,0.3517261268899225,-1.0
2024-01-10 00:00:00,146502.48193658254,146991.18763954926,488.7057029667194,0.3324727902499298,-1.0
2024-01-10 01:00:00,146711.58599465882,146991.18763954926,279.6016448904411,0.19021660371646104,-1.0
2024-01-10 02:00:00,146902.67644600445,146991.18763954926,88.51119354480761,0.06021530607797668,-1.0
2024-01-10 03:00:00,146864.85696306833,146991.18763954926,126.33067648092401,0.08594438789807672,-1.0
2024-01-10 04:00:00,146972.89372484808,146991.18763954926,18.293914701178437,0.012445586021142058,-1.0
2024-01-10 05:00:00,147251.5336971305,147251.5336971305,0.0,0.0,-1.0
2024-01-10 06:00:00,147098.52364032873,147251.5336971305,153.0100568017806,0.10391067105385422,-1.0
2024-01-10 07:00:00,147149.69824327284,147251.5336971305,101.83545385766774,0.06915748264267635,-1.0
2024-01-10 08:00:00,147267.6726868942,147267.6726868942,0.0,0.0,-1.0
2024-01-10 09:00:00,147344.17498789972,147344.17498789972,0.0,0.0,-1.0
2024-01-10 10:00:00,147546.76999700232,147546.76999700232,0.0,0.0,-1.0
2024-01-10 11:00:00,147397.09609255305,147546.76999700232,149.6739044492715,0.10144166792150883,-1.0
2024-01-10 12:00:00,147321.22329343343,147546.76999700232,225.54670356889255,0.152864548355396,-1.0
2024-01-10 13:00:00,147498.52949483783,147546.76999700232,48.24050216449541,0.03269505809274951,-1.0
2024-01-10 14:00:00,147318.19588567357,147546.76999700232,228.57411132875131,0.15491637758887924,-1.0
2024-01-10 15:00:00,147514.96106182857,147546.76999700232,31.808935173758073,0.02155854389384758,-1.0
2024-01-10 16:00:00,147657.43378526336,147657.43378526336,0.0,0.0,-1.0
2024-01-10 17:00:00,147843.72174621918,147843.72174621918,0.0,0.0,-1.0
2024-01-10 18:00:00,147848.32829830522,147848.32829830522,0.0,0.0,-1.0
2024-01-10 19:00:00,147999.80406381225,147999.80406381225,0.0,0.0,-1.0
2024-01-10 20:00:00,147898.96092828963,147999.80406381225,100.84313552262029,0.06813734393806381,-1.0
2024-01-10 21:00:00,147911.78518691967,147999.80406381225,88.01887689257273,0.05947229285156495,-1.0
2024-01-10 22:00:00,147992.2360279613,147999.80406381225,7.568035850941669,0.005113544506909348,-1.0
2024-01-10 23:00:00,147932.42361427777,147999.80406381225,67.38044953448116,0.04552739103994294,-1.0
2024-01-11 00:00:00,148040.1396444829,148040.1396444829,0.0,0.0,-1.0
2024-01-11 01:00:00,147943.5085601639,148040.1396444829,96.63108431900037,0.0652735700946102,-1.0
2024-01-11 02:00:00,148058.80618163914,148058.80618163914,0.0,0.0,-1.0
2024-01-11 03:00:00,148395.08372729723,148395.08372729723,0.0,0.0,-1.0
2024-01-11 04:00:00,148281.58388150463,148395.08372729723,113.49984579259763,0.07648490970305599,-1.0
2024-01-11 05:00:00,148353.19986406324,148395.08372729723,41.88386323399027,0.028224562554214686,-1.0
2024-01-11 06:00:00,148185.50570535645,148395.08372729723,209.57802194077522,0.14122976090361097,-1.0
2024-01-11 07:00:00,148135.5626026429,148395.08372729723,259.5211246543331,0.17488525774293848,-1.0
2024-01-11 08:00:00,148315.8549784038,148395.08372729723,79.22874889342347,0.053390413552392754,-1.0
2024-01-11 09:00:00,148326.26068813528,148395.08372729723,68.8230391619436,0.04637824746837191,-1.0
2024-01-11 10:00:00,148512.62220895055,148512.62220895055,0.0,0.0,-1.0
2024-01-11 11:00:00,148641.00471275207,148641.00471275207,0.0,0.0,-1.0
2024-01-11 12:00:00,148706.32697205106,148706.32697205106,0.0,0.0,-1.0
2024-01-11 13:00:00,148626.91508284255,148706.32697205106,79.41188920850982,0.05340182279092608,-1.0
2024-01-11 14:00:00,148804.73831561717,148804.73831561717,0.0,0.0,-1.0
2024-01-11 15:00:00,148925.3583748849,148925.3583748849,0.0,0.0,-1.0
2024-01-11 16:00:00,148771.1523136835,148925.3583748849,154.20606120140292,0.10354587216317122,-1.0
2024-01-11 17:00:00,148701.473474691,148925.3583748849,223.88490019389428,0.15033363198651245,-1.0
2024-01-11 18:00:00,148361.1191424583,148925.3583748849,564.2392324265966,0.37887384565243465,-1.0
2024-01-11 19:00:00,148231.27512151573,148925.3583748849,694.0832533691719,0.46606116039820356,-1.0
2024-01-11 20:00:00,148259.2686823627,148925.3583748849,666.0896925222187,0.4472641192814813,-1.0
2024-01-11 21:00:00,148175.89033631052,148925.3583748849,749.468038574385,0.503250787342592,-1.0
2024-01-11 22:00:00,148126.14034690248,148925.3583748849,799.2180279824242,0.5366567767260825,-1.0
2024-01-11 23:00:00,148409.72587053885,148925.3583748849,515.6325043460529,0.34623553031718624,-1.0
2024-01-12 00:00:00,148639.04786914456,148925.3583748849,286.3105057403445,0.1922510100795759,-1.0
2024-01-12 01:00:00,148609.84764098047,148925.3583748849,315.51073390443344,0.2118583009283138,-1.0
2024-01-12 02:00:00,148803.87828614085,148925.3583748849,121.48008874405059,0.08157112399773633,-1.0
2024-01-12 03:00:00,149061.10921407648,149061.10921407648,0.0,0.0,-1.0
2024-01-12 04:00:00,149228.89148781434,149228.89148781434,0.0,0.0,-1.0
2024-01-12 05:00:00,149348.73061027064,149348.73061027064,0.0,0.0,-1.0
2024-01-12 06:00:00,149588.4790719284,149588.4790719284,0.0,0.0,-1.0
2024-01-12 07:00:00,149778.906768922,149778.906768922,0.0,0.0,-1.0
2024-01-12 08:00:00,149671.9426293884,149778.906768922,106.96413953360752,0.07141468838374629,-1.0
2024-01-12 09:00:00,149718.60279129754,149778.906768922,60.303977624455,0.0402619961150415,-1.0
2024-01-12 10:00:00,149710.79242913862,149778.906768922,68.11433978338027,0.04547659029750208,-1.0
2024-01-12 11:00:00,149958.66345172768,149958.66345172768,0.0,0.0,-1.0
2024-01-12 12:00:00,149946.60014410986,149958.66345172768,12.0633076178201,0.008044421936117969,-1.0
2024-01-12 13:00:00,149908.7723984134,149958.66345172768,49.89105331429164,0.03326987062028049,-1.0
2024-01-12 14:00:00,150137.77470958413,150137.77470958413,0.0,0.0,-1.0
2024-01-12 15:00:00,150251.7253619739,150251.7253619739,0.0,0.0,-1.0
2024-01-12 16:00:00,150380.10903827127,150380.10903827127,0.0,0.0,-1.0
2024-01-12 17:00:00,150325.7728098503,150380.10903827127,54.33622842095792,0.03613259012009994,-1.0
2024-01-12 18:00:00,150322.94742043043,150380.10903827127,57.161617840843974,0.03801142199351413,-1.0
2024-01-12 19:00:00,150566.24258104461,150566.24258104461,0.0,0.0,-1.0
2024-01-12 20:00:00,150449.37752535546,150566.24258104461,116.86505568915163,0.07761703665165663,-1.0
2024-01-12 21:00:00,150722.33137904434,150722.33137904434,0.0,0.0,-1.0
2024-01-12 22:00:00,150601.7722253805,150722.33137904434,120.55915366383852,0.07998758548967114,-1.0
2024-01-12 23:00:00,150617.53899262132,150722.33137904434,104.79238642301061,0.06952678177427689,-1.0
2024-01-13 00:00:00,150416.08133865154,150722.33137904434,306.25004039279884,0.2031882320229146,-1.0
2024-01-13 01:00:00,150497.85081464978,150722.33137904434,224.48056439455831,0.14893649954897722,-1.0
2024-01-13 02:00:00,150367.42124124206,150722.33137904434,354.91013780227513,0.23547282911231562,-1.0
2024-01-13 03:00:00,150731.3625267938,150731.3625267938,0.0,0.0,-1.0
2024-01-13 04:00:00,150645.61794987446,150731.3625267938,85.74457691932912,0.0568856908621703,-1.0
2024-01-13 05:00:00,150596.28939852733,150731.3625267938,135.07312826646375,0.0896118272947034,-1.0
2024-01-13 06:00:00,150751.60329197274,150751.60329197274,0.0,0.0,-1.0
2024-01-13 07:00:00,150736.45964763823,150751.60329197274,15.143644334515557,0.01004542837609869,-1.0
2024-01-13 08:00:00,150916.4526511911,150916.4526511911,0.0,0.0,-1.0
2024-01-13 09:00:00,150884.81912439122,150916.4526511911,31.6335267998802,0.02096095305989856,-1.0
2024-01-13 10:00:00,150841.62648090083,150916.4526511911,74.82617029026733,0.0495811881181775,-1.0
2024-01-13 11:00:00,150912.49267498875,150916.4526511911,3.9599762023426592,0.0026239526127050175,-1.0
2024-01-13 12:00:00,150804.95309894474,150916.4526511911,111.49955224635778,0.07388164132380154,-1.0
2024-01-13 13:00:00,150939.40805364487,150939.40805364487,0.0,0.0,-1.0
2024-01-13 14:00:00,151146.00283162534,151146.00283162534,0.0,0.0,-1.0
2024-01-13 15:00:00,151303.9523276242,151303.9523276242,0.0,0.0,-1.0
2024-01-13 16:00:00,151475.44445833092,151475.44445833092,0.0,0.0,-1.0
2024-01-13 17:00:00,151261.71617533613,151475.44445833092,213.72828299479443,0.14109764375280542,-1.0
2024-01-13 18:00:00,151267.46901345727,151475.44445833092,207.9754448736494,0.13729977529847154,-1.0
2024-01-13 19:00:00,151308.4092386107,151475.44445833092,167.03521972021554,0.11027214365835047,-1.0
2024-01-13 20:00:00,151601.57713938004,151601.57713938004,0.0,0.0,-1.0
2024-01-13 21:00:00,151589.38103112904,151601.57713938004,12.196108250995167,0.008044842594072924,-1.0
2024-01-13 22:00:00,151319.1208572105,151601.57713938004,282.456282169529,0.18631487053056398,-1.0
2024-01-13 23:00:00,151243.525431161,151601.57713938004,358.05170821904903,0.23617940853600888,-1.0
2024-01-14 00:00:00,151219.34644855282,151601.57713938004,382.23069082721486,0.2521284395846345,-1.0
2024-01-14 01:00:00,150970.87412846368,151601.57713938004,630.7030109163607,0.4160266817913791,-1.0
2024-01-14 02:00:00,151013.52681751663,151601.57713938004,588.0503218634112,0.3878919553209973,-1.0
2024-01-14 03:00:00,150853.08981268888,151601.57713938004,748.48732669116,0.4937200132179448,-1.0
2024-01-14 04:00:00,150994.9930449237,151601.57713938004,606.5840944563388,0.40011727180031587,-1.0
2024-01-14 05:00:00,150906.13353606922,151601.57713938004,695.4436033108213,0.4587311137742596,-1.0
2024-01-14 06:00:00,151207.18119116497,151601.57713938004,394.3959482150676,0.2601529322168373,-1.0
2024-01-14 07:00:00,151240.75813649825,151601.57713938004,360.8190028817917,0.23800478180385978,-1.0
2024-01-14 08:00:00,151243.89138831044,151601.57713938004,357.68575106959906,0.23593801451072544,-1.0
2024-01-14 09:00:00,151398.12955530893,151601.57713938004,203.4475840711093,0.1341988572348841,-1.0
2024-01-14 10:00:00,151322.0344826308,151601.57713938004,279.542656749225,0.18439297402046023,-1.0
2024-01-14 11:00:00,151483.36645371493,151601.57713938004,118.21068566510803,0.07797457513019607,-1.0
2024-01-14 12:00:00,151486.11615998947,151601.57713938004,115.46097939056926,0.07616080358083366,-1.0
2024-01-14 13:00:00,151471.92588299795,151601.57713938004,129.651256382087,0.0855210472268951,-1.0
2024-01-14 14:00:00,151533.79057645536,151601.57713938004,67.78656292468077,0.04471362646996666,-1.0
2024-01-14 15:00:00,151445.34001105736,151601.57713938004,156.2371283226821,0.10305771962981639,-1.0
2024-01-14 16:00:00,151491.70625836935,151601.57713938004,109.87088101069094,0.07247344195481385,-1.0
2024-01-14 17:00:00,151617.62901543773,151617.62901543773,0.0,0.0,-1.0
2024-01-14 18:00:00,151346.31780563007,151617.62901543773,271.3112098076672,0.1789443691802107,-1.0
2024-01-14 19:00:00,151585.0139350607,151617.62901543773,32.61508037702879,0.02151140377858561,-1.0
2024-01-14 20:00:00,151782.4106545799,151782.4106545799,0.0,0.0,-1.0
2024-01-14 21:00:00,151579.22407839494,151782.4106545799,203.18657618496218,0.13386701088004574,-1.0
2024-01-14 22:00:00,151352.65923404164,151782.4106545799,429.7514205382613,0.2831365101429781,-1.0
2024-01-14 23:00:00,151553.9452278818,151782.4106545799,228.46542669809423,0.15052167488499466,-1.0
2024-01-15 00:00:00,151743.6230641592,151782.4106545799,38.7875904206885,0.025554733419644843,-1.0
2024-01-15 01:00:00,151912.0782772579,151912.0782772579,0.0,0.0,-1.0
2024-01-15 02:00:00,151773.03970673255,151912.0782772579,139.0385705253575,0.09152568518718787,-1.0
2024-01-15 03:00:00,152122.3360402941,152122.3360402941,0.0,0.0,-1.0
2024-01-15 04:00:00,152084.08591027177,152122.3360402941,38.25013002232299,0.025144322009485392,-1.0
2024-01-15 05:00:00,152195.0073914245,152195.0073914245,0.0,0.0,-1.0
2024-01-15 06:00:00,152307.77424470033,152307.77424470033,0.0,0.0,-1.0
2024-01-15 07:00:00,152621.71391761993,152621.71391761993,0.0,0.0,-1.0
2024-01-15 08:00:00,152715.48901261148,152715.48901261148,0.0,0.0,-1.0
2024-01-15 09:00:00,152852.86521596267,152852.86521596267,0.0,0.0,-1.0
2024-01-15 10:00:00,152916.29633434454,152916.29633434454,0.0,0.0,-1.0
2024-01-15 11:00:00,152811.8064260378,152916.29633434454,104.48990830674302,0.06833144067149034,-1.0
2024-01-15 12:00:00,152539.00733657225,152916.29633434454,377.28899777229526,0.2467290974320814,-1.0
2024-01-15 13:00:00,152618.89431779136,152916.29633434454,297.4020165531838,0.19448680335739219,-1.0
2024-01-15 14:00:00,152482.03985421415,152916.29633434454,434.2564801303961,0.2839831270703248,-1.0
2024-01-15 15:00:00,152609.56643651123,152916.29633434454,306.72989783331286,0.20058679498924162,-1.0
2024-01-15 16:00:00,152706.87894958886,152916.29633434454,209.41738475568127,0.1369490301398614,-1.0
2024-01-15 17:00:00,152800.54400399598,152916.29633434454,115.75233034856501,0.07569653014318226,-1.0
2024-01-15 18:00:00,152717.60531107662,152916.29633434454,198.691023267922,0.12993449882770708,-1.0
2024-01-15 19:00:00,152948.08692253084,152948.08692253084,0.0,0.0,-1.0
2024-01-15 20:00:00,153094.3025871153,153094.3025871153,0.0,0.0,-1.0
2024-01-15 21:00:00,152992.0476196556,153094.3025871153,102.25496745968121,0.06679214427427503,-1.0
2024-01-15 22:00:00,153377.32975724395,153377.32975724395,0.0,0.0,-1.0
2024-01-15 23:00:00,153420.71105960623,153420.71105960623,0.0,0.0,-1.0
2024-01-16 00:00:00,153295.5680845074,153420.71105960623,125.14297509883181,0.08156850156313765,-1.0
2024-01-16 01:00:00,153256.8152868681,153420.71105960623,163.8957727381203,0.10682767118348471,-1.0
2024-01-16 02:00:00,153105.48165763312,153420.71105960623,315.22940197310527,0.20546730607358088,-1.0
2024-01-16 03:00:00,153384.39569528616,153420.71105960623,36.31536432006396,0.023670444537279525,-1.0
2024-01-16 04:00:00,153621.46294431054,153621.46294431054,0.0,0.0,-1.0
2024-01-16 05:00:00,153807.384880521,153807.384880521,0.0,0.0,-1.0
2024-01-16 06:00:00,153965.05616579892,153965.05616579892,0.0,0.0,-1.0
2024-01-16 07:00:00,154227.30748992137,154227.30748992137,0.0,0.0,-1.0
2024-01-16 08:00:00,154266.00835805808,154266.00835805808,0.0,0.0,-1.0
2024-01-16 09:00:00,154404.40767957995,154404.40767957995,0.0,0.0,-1.0
2024-01-16 10:00:00,154357.62395002236,154404.40767957995,46.78372955758823,0.030299478014043375,-1.0
2024-01-16 11:00:00,154409.6066671562,154409.6066671562,0.0,0.0,-1.0
2024-01-16 12:00:00,154552.1182431313,154552.1182431313,0.0,0.0,-1.0
2024-01-16 13:00:00,154164.9468195648,154552.1182431313,387.17142356649856,0.25051188425475074,-1.0
2024-01-16 14:00:00,154146.99020321958,154552.1182431313,405.1280399117095,0.2621303703352603,-1.0
2024-01-16 15:00:00,154246.7382741857,154552.1182431313,305.3799689455773,0.1975902837288671,-1.0
2024-01-16 16:00:00,154310.11086429452,154552.1182431313,242.00737883677357,0.15658625814242377,-1.0
2024-01-16 17:00:00,154317.2514154327,154552.1182431313,234.86682769859908,0.15196610073575434,-1.0
2024-01-16 18:00:00,154480.62420625382,154552.1182431313,71.49403687746963,0.04625885280006313,-1.0
2024-01-16 19:00:00,154449.4673502726,154552.1182431313,102.65089285868453,0.06641830214012392,-1.0
2024-01-16 20:00:00,154341.18123127462,154552.1182431313,210.93701185667305,0.13648276986074093,-1.0
2024-01-16 21:00:00,154593.74614721804,154593.74614721804,0.0,0.0,-1.0
2024-01-16 22:00:00,154825.1434261086,154825.1434261086,0.0,0.0,-1.0
2024-01-16 23:00:00,154810.27106146823,154825.1434261086,14.87236464038142,0.009605910455674379,-1.0
2024-01-17 00:00:00,154874.9668760152,154874.9668760152,0.0,0.0,-1.0
2024-01-17 01:00:00,155076.86532911877,155076.86532911877,0.0,0.0,-1.0
2024-01-17 02:00:00,155158.47047812838,155158.47047812838,0.0,0.0,-1.0
2024-01-17 03:00:00,155313.00161915907,155313.00161915907,0.0,0.0,-1.0
2024-01-17 04:00:00,155459.33663821808,155459.33663821808,0.0,0.0,-1.0
2024-01-17 05:00:00,155486.46110564485,155486.46110564485,0.0,0.0,-1.0
2024-01-17 06:00:00,155638.84970604707,155638.84970604707,0.0,0.0,-1.0
2024-01-17 07:00:00,155569.10816214338,155638.84970604707,69.74154390368494,0.044809855659692185,-1.0
2024-01-17 08:00:00,155703.24930985516,155703.24930985516,0.0,0.0,-1.0
2024-01-17 09:00:00,155767.13466139341,155767.13466139341,0.0,0.0,-1.0
2024-01-17 10:00:00,155788.02659660613,155788.02659660613,0.0,0.0,-1.0
2024-01-17 11:00:00,155676.01621618663,155788.02659660613,112.01038041949505,0.07189922285204375,-1.0
2024-01-17 12:00:00,155770.7651053305,155788.02659660613,17.261491275625303,0.011080114212064451,-1.0
2024-01-17 13:00:00,155851.54464697896,155851.54464697896,0.0,0.0,-1.0
2024-01-17 14:00:00,155800.5991776556,155851.54464697896,50.94546932337107,0.03268845967408806,-1.0
2024-01-17 15:00:00,155636.06840462278,155851.54464697896,215.47624235617695,0.13825736719148632,-1.0
2024-01-17 16:00:00,155464.39713952807,155851.54464697896,387.1475074508926,0.24840787322822155,-1.0
2024-01-17 17:00:00,155501.28619109414,155851.54464697896,350.2584558848175,0.22473852067247188,-1.0
2024-01-17 18:00:00,155622.2608370074,155851.54464697896,229.2838099715591,0.14711680303901534,-1.0
2024-01-17 19:00:00,155974.75657615255,155974.75657615255,0.0,0.0,-1.0
2024-01-17 20:00:00,156042.98334939498,156042.98334939498,0.0,0.0,-1.0
2024-01-17 21:00:00,155874.1754416582,156042.98334939498,168.8079077367729,0.1081803898601426,-1.0
2024-01-17 22:00:00,155918.13771642128,156042.98334939498,124.84563297370914,0.08000720717711989,-1.0
2024-01-17 23:00:00,156180.8424511991,156180.8424511991,0.0,0.0,-1.0
2024-01-18 00:00:00,156153.42310992393,156180.8424511991,27.41934127517743,0.017556148913555124,-1.0
2024-01-18 01:00:00,156396.21364653407,156396.21364653407,0.0,0.0,-1.0
2024-01-18 02:00:00,156497.57235348932,156497.57235348932,0.0,0.0,-1.0
2024-01-18 03:00:00,156669.60458666744,156669.60458666744,0.0,0.0,-1.0
2024-01-18 04:00:00,157023.43298639805,157023.43298639805,0.0,0.0,-1.0
2024-01-18 05:00:00,156822.84340029283,157023.43298639805,200.58958610522677,0.127745001042362,-1.0
2024-01-18 06:00:00,157032.31902774406,157032.31902774406,0.0,0.0,-1.0
2024-01-18 07:00:00,157093.11386006186,157093.11386006186,0.0,0.0,-1.0
2024-01-18 08:00:00,157025.73678005883,157093.11386006186,67.37708000303246,0.042889900357473205,-1.0
2024-01-18 09:00:00,157085.64158452037,157093.11386006186,7.472275541484123,0.004756590125357377,-1.0
2024-01-18 10:00:00,157414.28722599312,157414.28722599312,0.0,0.0,-1.0
2024-01-18 11:00:00,157689.52912295648,157689.52912295648,0.0,0.0,-1.0
2024-01-18 12:00:00,157464.42195377778,157689.52912295648,225.10716917869286,0.14275340311478024,-1.0
2024-01-18 13:00:00,157423.94599787542,157689.52912295648,265.5831250810588,0.16842153474500748,-1.0
2024-01-18 14:00:00,157640.38013321083,157689.52912295648,49.14898974564858,0.031168201223636897,-1.0
2024-01-18 15:00:00,157712.11852154337,157712.11852154337,0.0,0.0,-1.0
2024-01-18 16:00:00,157784.4165205618,157784.4165205618,0.0,0.0,-1.0
2024-01-18 17:00:00,157624.1675521929,157784.4165205618,160.24896836889093,0.10156197418140338,-1.0
2024-01-18 18:00:00,157587.34602584803,157784.4165205618,197.0704947137565,0.12489857937781523,-1.0
2024-01-18 19:00:00,157458.61516379294,157784.4165205618,325.80135676884674,0.20648512949083897,-1.0
2024-01-18 20:00:00,157285.61754208073,157784.4165205618,498.7989784810634,0.31612689610324224,-1.0
2024-01-18 21:00:00,157171.9568445711,157784.4165205618,612.4596759906854,0.388162335353867,-1.0
2024-01-18 22:00:00,157107.74218095414,157784.4165205618,676.674339607649,0.42886005762138607,-1.0
2024-01-18 23:00:00,157068.57516061794,157784.4165205618,715.84135994385,0.45368318096899296,-1.0
2024-01-19 00:00:00,157017.25570230887,157784.4165205618,767.1608182529162,0.486208229665661,-1.0
2024-01-19 01:00:00,157245.32411332152,157784.4165205618,539.0924072402704,0.3416639102442782,-1.0
2024-01-19 02:00:00,157184.25248256847,157784.4165205618,600.1640379933233,0.3803696532446298,-1.0
2024-01-19 03:00:00,157473.18018639632,157784.4165205618,311.2363341654709,0.1972541655435991,-1.0
2024-01-19 04:00:00,157475.58380475797,157784.4165205618,308.8327158038155,0.1957308095527734,-1.0
2024-01-19 05:00:00,157616.46360372062,157784.4165205618,167.9529168411682,0.10644455298237977,-1.0
2024-01-19 06:00:00,157762.13506593046,157784.4165205618,22.281454631331144,0.014121454528069646,-1.0
2024-01-19 07:00:00,157702.45855281153,157784.4165205618,81.95796775026247,0.051943005245757,-1.0
2024-01-19 08:00:00,157728.24496806037,157784.4165205618,56.171552501415135,0.035600190272335984,-1.0
2024-01-19 09:00:00,157727.80339251933,157784.4165205618,56.61312804245972,0.03588005031858272,-1.0
2024-01-19 10:00:00,157858.66949944096,157858.66949944096,0.0,0.0,-1.0
2024-01-19 11:00:00,157914.3428260283,157914.3428260283,0.0,0.0,-1.0
2024-01-19 12:00:00,157877.08308493625,157914.3428260283,37.25974109204253,0.023594906216397957,-1.0
2024-01-19 13:00:00,157969.94182823514,157969.94182823514,0.0,0.0,-1.0
2024-01-19 14:00:00,158095.88424070465,158095.88424070465,0.0,0.0,-1.0
2024-01-19 15:00:00,158448.39094248603,158448.39094248603,0.0,0.0,-1.0
2024-01-19 16:00:00,158533.6099109004,158533.6099109004,0.0,0.0,-1.0
2024-01-19 17:00:00,158610.1111629217,158610.1111629217,0.0,0.0,-1.0
2024-01-19 18:00:00,158749.3709544907,158749.3709544907,0.0,0.0,-1.0
2024-01-19 19:00:00,158681.96060009126,158749.3709544907,67.41035439944244,0.04246338363051985,-1.0
2024-01-19 20:00:00,158498.13415993593,158749.3709544907,251.23679455477395,0.15826002524872806,-1.0
2024-01-19 21:00:00,158526.3188461778,158749.3709544907,223.05210831289878,0.1405058218321016,-1.0
2024-01-19 22:00:00,158762.13371087448,158762.13371087448,0.0,0.0,-1.0
2024-01-19 23:00:00,159022.16646784978,159022.16646784978,0.0,0.0,-1.0
2024-01-20 00:00:00,158815.25876199006,159022.16646784978,206.90770585971768,0.13011249340609954,-1.0
2024-01-20 01:00:00,158990.17068406407,159022.16646784978,31.995783785707317,0.02012032944613168,-1.0
2024-01-20 02:00:00,158737.45098378992,159022.16646784978,284.7154840598523,0.17904138170411263,-1.0
2024-01-20 03:00:00,158881.3280670148,159022.16646784978,140.83840083496762,0.08856526354987218,-1.0
2024-01-20 04:00:00,159016.2319639493,159022.16646784978,5.934503900469281,0.003731872123418144,-1.0
2024-01-20 05:00:00,158832.63495952197,159022.16646784978,189.53150832781103,0.11918559062401497,-1.0
2024-01-20 06:00:00,159057.64188099172,159057.64188099172,0.0,0.0,-1.0
2024-01-20 07:00:00,159394.21726618535,159394.21726618535,0.0,0.0,-1.0
2024-01-20 08:00:00,159459.84521653497,159459.84521653497,0.0,0.0,-1.0
2024-01-20 09:00:00,159555.9951977815,159555.9951977815,0.0,0.0,-1.0
2024-01-20 10:00:00,159852.86262822954,159852.86262822954,0.0,0.0,-1.0
2024-01-20 11:00:00,159758.91282311635,159852.86262822954,93.94980511319591,0.05877267605253673,-1.0
2024-01-20 12:00:00,159668.7512044729,159852.86262822954,184.1114237566362,0.11517555627691504,-1.0
2024-01-20 13:00:00,159617.84367888502,159852.86262822954,235.0189493445214,0.147022046074399,-1.0
2024-01-20 14:00:00,159698.40599453167,159852.86262822954,154.45663369787508,0.0966242525522333,-1.0
2024-01-20 15:00:00,159778.56837117104,159852.86262822954,74.29425705850008,0.04647665098828198,-1.0
2024-01-20 16:00:00,159770.574829879,159852.86262822954,82.28779835053138,0.05147721285536715,-1.0
2024-01-20 17:00:00,159800.50276816037,159852.86262822954,52.35986006917665,0.032755034353654455,-1.0
2024-01-20 18:00:00,159794.56753291775,159852.86262822954,58.29509531179792,0.036467970828508126,-1.0
2024-01-20 19:00:00,159795.79753121064,159852.86262822954,57.065097018901724,0.0356985142966243,-1.0
2024-01-20 20:00:00,159755.51931216885,159852.86262822954,97.34331606069463,0.06089557262861559,-1.0
2024-01-20 21:00:00,159716.4533513977,159852.86262822954,136.4092768318369,0.0853342721481845,-1.0
2024-01-20 22:00:00,159491.31177615857,159852.86262822954,361.55085207097,0.22617727710753,-1.0
2024-01-20 23:00:00,159532.76051200187,159852.86262822954,320.10211622767383,0.20024797239454928,-1.0
2024-01-21 00:00:00,159314.4236136693,159852.86262822954,538.439014560252,0.33683413966286097,-1.0
2024-01-21 01:00:00,159502.00748147542,159852.86262822954,350.8551467541256,0.2194863082121406,-1.0
2024-01-21 02:00:00,159493.01980485365,159852.86262822954,359.84282337588957,0.22510877657085032,-1.0
2024-01-21 03:00:00,159550.1083680462,159852.86262822954,302.7542601833411,0.18939558241597332,-1.0
2024-01-21 04:00:00,159569.12692313342,159852.86262822954,283.7357050961291,0.17749804440850983,-1.0
2024-01-21 05:00:00,159607.5098568312,159852.86262822954,245.35277139834943,0.1534866297446092,-1.0
2024-01-21 06:00:00,159872.01607917072,159872.01607917072,0.0,0.0,-1.0
2024-01-21 07:00:00,159744.29161738162,159872.01607917072,127.7244617890974,0.07989169394464044,-1.0
2024-01-21 08:00:00,159575.79407903025,159872.01607917072,296.22200014046393,0.1852869610362397,-1.0
2024-01-21 09:00:00,159668.69992802985,159872.01607917072,203.3161511408689,0.1271743211395946,-1.0
2024-01-21 10:00:00,159669.31796946895,159872.01607917072,202.6981097017706,0.126787736010905,-1.0
2024-01-21 11:00:00,159798.26155767054,159872.01607917072,73.75452150017372,0.04613347808390026,-1.0
2024-01-21 12:00:00,159980.74814363173,159980.74814363173,0.0,0.0,-1.0
2024-01-21 13:00:00,159889.79665514696,159980.74814363173,90.95148848477402,0.05685152091120188,-1.0
2024-01-21 14:00:00,160055.30498163667,160055.30498163667,0.0,0.0,-1.0
2024-01-21 15:00:00,159977.01345859875,160055.30498163667,78.29152303791489,0.04891529402720975,-1.0
2024-01-21 16:00:00,160063.19973723948,160063.19973723948,0.0,0.0,-1.0
2024-01-21 17:00:00,159952.6626787004,160063.19973723948,110.5370585390774,0.0690583836387974,-1.0
2024-01-21 18:00:00,160047.4842422791,160063.19973723948,15.71549496037187,0.009818306135433068,-1.0
2024-01-21 19:00:00,160119.35265014082,160119.35265014082,0.0,0.0,-1.0
2024-01-01 01:00:00,160028.9132268499,160119.35265014082,90.43942329092533,0.0564825062018172,-1.0
2024-01-01 02:00:00,159900.15152564773,160119.35265014082,219.2011244930909,0.1368985827541054,-1.0
2024-01-01 03:00:00,160087.74731326228,160119.35265014082,31.605336878536036,0.01973861145166717,-1.0
2024-01-01 04:00:00,160094.79724536053,160119.35265014082,24.555404780287063,0.015335688268700647,-1.0
2024-01-01 05:00:00,160321.6018896954,160321.6018896954,0.0,0.0,-1.0
2024-01-01 06:00:00,160315.0928302217,160321.6018896954,6.509059473697562,0.0040600015200546275,-1.0
2024-01-01 07:00:00,160585.41979056457,160585.41979056457,0.0,0.0,-1.0
2024-01-01 08:00:00,160518.1613573164,160585.41979056457,67.25843324817833,0.0418832751665106,-1.0
2024-01-01 09:00:00,160814.07334094308,160814.07334094308,0.0,0.0,-1.0
2024-01-01 10:00:00,160915.22912040178,160915.22912040178,0.0,0.0,-1.0
2024-01-01 11:00:00,161050.1986315171,161050.1986315171,0.0,0.0,-1.0
2024-01-01 12:00:00,160974.59493950044,161050.1986315171,75.60369201665162,0.046944178063159606,-1.0
2024-01-01 13:00:00,161158.97721694005,161158.97721694005,0.0,0.0,-1.0
2024-01-01 14:00:00,161348.56643680172,161348.56643680172,0.0,0.0,-1.0
2024-01-01 15:00:00,161374.90120817293,161374.90120817293,0.0,0.0,-1.0
2024-01-01 16:00:00,161129.80189937283,161374.90120817293,245.0993088000978,0.15188192647375862,-1.0
2024-01-01 17:00:00,161037.80261448582,161374.90120817293,337.09859368711477,0.20889158795038332,-1.0
2024-01-01 18:00:00,160945.78051527703,161374.90120817293,429.1206928959,0.26591538689299404,-1.0
2024-01-01 19:00:00,161088.18343790824,161374.90120817293,286.7177702646877,0.17767184866921965,-1.0
2024-01-01 20:00:00,161093.4285869802,161374.90120817293,281.4726211927191,0.17442156065497486,-1.0
2024-01-01 21:00:00,161101.58712953937,161374.90120817293,273.3140786335571,0.16936591538543103,-1.0
2024-01-01 22:00:00,161091.64028906016,161374.90120817293,283.26091911277035,0.17552972425827545,-1.0
2024-01-01 23:00:00,161387.03383073345,161387.03383073345,0.0,0.0,-1.0
2024-01-02 00:00:00,161468.8366248579,161468.8366248579,0.0,0.0,-1.0
2024-01-02 01:00:00,161573.4976751954,161573.4976751954,0.0,0.0,-1.0
2024-01-02 02:00:00,161555.5892484797,161573.4976751954,17.908426715701353,0.01108376495735825,-1.0
2024-01-02 03:00:00,161626.1434499286,161626.1434499286,0.0,0.0,-1.0
2024-01-02 04:00:00,161554.79004852282,161626.1434499286,71.35340140579501,0.04414719047472671,-1.0
2024-01-02 05:00:00,161681.3487501565,161681.3487501565,0.0,0.0,-1.0
2024-01-02 06:00:00,161584.36571346055,161681.3487501565,96.98303669595043,0.059984059661585765,-1.0
2024-01-02 07:00:00,161770.99869030042,161770.99869030042,0.0,0.0,-1.0
2024-01-02 08:00:00,161735.75584938464,161770.99869030042,35.24284091577283,0.02178563599229727,-1.0
2024-01-02 09:00:00,161953.01477133288,161953.01477133288,0.0,0.0,-1.0
2024-01-02 10:00:00,162314.10890998517,162314.10890998517,0.0,0.0,-1.0
2024-01-02 11:00:00,162389.27407671395,162389.27407671395,0.0,0.0,-1.0
2024-01-02 12:00:00,162661.01634503537,162661.01634503537,0.0,0.0,-1.0
2024-01-02 13:00:00,162848.73368738318,162848.73368738318,0.0,0.0,-1.0
2024-01-02 14:00:00,162708.8163815278,162848.73368738318,139.91730585537152,0.08591857160152527,-1.0
2024-01-02 15:00:00,162800.4555481556,162848.73368738318,48.27813922759378,0.029646002234363197,-1.0
2024-01-02 16:00:00,162950.63535400896,162950.63535400896,0.0,0.0,-1.0
2024-01-02 17:00:00,163115.2926513229,163115.2926513229,0.0,0.0,-1.0
2024-01-02 18:00:00,163217.02367206916,163217.02367206916,0.0,0.0,-1.0
2024-01-02 19:00:00,163316.82038151825,163316.82038151825,0.0,0.0,-1.0
2024-01-02 20:00:00,163392.58348523555,163392.58348523555,0.0,0.0,-1.0
2024-01-02 21:00:00,163487.5598981346,163487.5598981346,0.0,0.0,-1.0
2024-01-02 22:00:00,163379.00805258975,163487.5598981346,108.55184554486186,0.06639761802824512,-1.0
2024-01-02 23:00:00,163418.57643544296,163487.5598981346,68.98346269165631,0.04219493075475489,-1.0
2024-01-03 00:00:00,163275.62923222122,163487.5598981346,211.9306659133872,0.12963106553516146,-1.0
2024-01-03 01:00:00,163275.98507980813,163487.5598981346,211.57481832648045,0.1294134051901612,-1.0
2024-01-03 02:00:00,163262.364247143,163487.5598981346,225.19565099160536,0.13774482360120835,-1.0
2024-01-03 03:00:00,163239.16480109244,163487.5598981346,248.39509704217198,0.15193516693070797,-1.0
2024-01-03 04:00:00,163156.36357742408,163487.5598981346,331.1963207105291,0.2025819707119551,-1.0
2024-01-03 05:00:00,163271.7551684936,163487.5598981346,215.80472964100773,0.132000703769431,-1.0
2024-01-03 06:00:00,163299.04462263684,163487.5598981346,188.5152754977753,0.11530863609147686,-1.0
2024-01-03 07:00:00,163310.98068427388,163487.5598981346,176.57921386073576,0.10800773708455755,-1.0
2024-01-03 08:00:00,163174.84458509943,163487.5598981346,312.71531303517986,0.19127774200680814,-1.0
2024-01-03 09:00:00,163205.1654062699,163487.5598981346,282.39449186471757,0.17273148613917239,-1.0
2024-01-03 10:00:00,163451.99532625728,163487.5598981346,35.56457187733031,0.02175368688571154,-1.0
2024-01-03 11:00:00,163701.11627273634,163701.11627273634,0.0,0.0,-1.0
2024-01-03 12:00:00,163832.1431596941,163832.1431596941,0.0,0.0,-1.0
2024-01-03 13:00:00,163862.87006342612,163862.87006342612,0.0,0.0,-1.0
2024-01-03 14:00:00,164021.7174879598,164021.7174879598,0.0,0.0,-1.0
2024-01-03 15:00:00,163996.6144497333,164021.7174879598,25.10303822651622,0.015304703920295759,-1.0
2024-01-03 16:00:00,164026.72661135078,164026.72661135078,0.0,0.0,-1.0
2024-01-03 17:00:00,163990.3482449612,164026.72661135078,36.378366389573785,0.022178316388505172,-1.0
2024-01-03 18:00:00,164201.60320903582,164201.60320903582,0.0,0.0,-1.0
2024-01-03 19:00:00,164393.60410318457,164393.60410318457,0.0,0.0,-1.0
2024-01-03 20:00:00,164463.40176432766,164463.40176432766,0.0,0.0,-1.0
2024-01-03 21:00:00,164798.08961072125,164798.08961072125,0.0,0.0,-1.0
2024-01-03 22:00:00,164934.96679783688,164934.96679783688,0.0,0.0,-1.0
2024-01-03 23:00:00,165063.40092978734,165063.40092978734,0.0,0.0,-1.0
2024-01-04 00:00:00,165175.76896676834,165175.76896676834,0.0,0.0,-1.0
2024-01-04 01:00:00,165061.42594410837,165175.76896676834,114.34302265997394,0.06922505847875216,-1.0
2024-01-04 02:00:00,165002.28396939728,165175.76896676834,173.48499737106613,0.10503053714008713,-1.0
2024-01-04 03:00:00,165069.08827634435,165175.76896676834,106.68069042399293,0.0645861624203826,-1.0
2024-01-04 04:00:00,165137.13075452865,165175.76896676834,38.63821223968989,0.02339217942279627,-1.0
2024-01-04 05:00:00,165300.5951595602,165300.5951595602,0.0,0.0,-1.0
2024-01-04 06:00:00,165275.41509320206,165300.5951595602,25.180066358152544,0.015232895159177681,-1.0
2024-01-04 07:00:00,165361.01809831554,165361.01809831554,0.0,0.0,-1.0
2024-01-04 08:00:00,165449.30211798107,165449.30211798107,0.0,0.0,-1.0
2024-01-04 09:00:00,165543.5313802475,165543.5313802475,0.0,0.0,-1.0
2024-01-04 10:00:00,165620.9935578055,165620.9935578055,0.0,0.0,-1.0
2024-01-04 11:00:00,165485.4175550227,165620.9935578055,135.57600278279278,0.08185918938801298,-1.0
2024-01-04 12:00:00,165221.23478547402,165620.9935578055,399.75877233146457,0.24136962576060123,-1.0
2024-01-04 13:00:00,165154.97024010294,165620.9935578055,466.02331770255114,0.28137937570088206,-1.0
2024-01-04 14:00:00,165150.3017866831,165620.9935578055,470.69177112239413,0.28419813274342665,-1.0
2024-01-04 15:00:00,165048.53400632553,165620.9935578055,572.4595514799585,0.3456443166911428,-1.0
2024-01-04 16:00:00,165115.18292599436,165620.9935578055,505.81063181112404,0.3054024860891712,-1.0
2024-01-04 17:00:00,165353.69897131258,165620.9935578055,267.2945864929061,0.16138931469434412,-1.0
2024-01-04 18:00:00,165537.60394612676,165620.9935578055,83.38961167872185,0.05034966273742161,-1.0
2024-01-04 19:00:00,165682.5539404388,165682.5539404388,0.0,0.0,-1.0
2024-01-04 20:00:00,165905.3505512382,165905.3505512382,0.0,0.0,-1.0
2024-01-04 21:00:00,165841.65709458865,165905.3505512382,63.69345664954744,0.03839144213126289,-1.0
2024-01-04 22:00:00,165848.137654138,165905.3505512382,57.21289710019482,0.03448526338065583,-1.0
2024-01-04 23:00:00,166015.36468359674,166015.36468359674,0.0,0.0,-1.0
2024-01-05 00:00:00,166019.18518222094,166019.18518222094,0.0,0.0,-1.0
2024-01-05 01:00:00,166031.21120869828,166031.21120869828,0.0,0.0,-1.0
2024-01-05 02:00:00,166385.57407698466,166385.57407698466,0.0,0.0,-1.0
2024-01-05 03:00:00,166474.89038866415,166474.89038866415,0.0,0.0,-1.0
2024-01-05 04:00:00,166814.43431869426,166814.43431869426,0.0,0.0,-1.0
2024-01-05 05:00:00,166615.93981873384,166814.43431869426,198.4944999604195,0.1189912016733524,-1.0
2024-01-05 06:00:00,166596.30987304336,166814.43431869426,218.12444565090118,0.1307587359222048,-1.0
2024-01-05 07:00:00,166732.63236014114,166814.43431869426,81.80195855311467,0.04903769801888627,-1.0
2024-01-05 08:00:00,166821.6922471071,166821.6922471071,0.0,0.0,-1.0
2024-01-05 09:00:00,166588.36030762753,166821.6922471071,233.33193947956897,0.1398690639907564,-1.0
2024-01-05 10:00:00,166628.9234305417,166821.6922471071,192.76881656539626,0.11555380716307241,-1.0
2024-01-05 11:00:00,167074.87607003452,167074.87607003452,0.0,0.0,-1.0
2024-01-05 12:00:00,167186.91298580903,167186.91298580903,0.0,0.0,-1.0
2024-01-05 13:00:00,167352.57838580885,167352.57838580885,0.0,0.0,-1.0
2024-01-05 14:00:00,167330.9869106201,167352.57838580885,21.59147518876125,0.012901788186964774,-1.0
2024-01-05 15:00:00,167442.47953272954,167442.47953272954,0.0,0.0,-1.0
2024-01-05 16:00:00,167515.63030299425,167515.63030299425,0.0,0.0,-1.0
2024-01-05 17:00:00,167758.4524677551,167758.4524677551,0.0,0.0,-1.0
2024-01-05 18:00:00,167996.50260077207,167996.50260077207,0.0,0.0,-1.0
2024-01-05 19:00:00,168132.63002249517,168132.63002249517,0.0,0.0,-1.0
2024-01-05 20:00:00,168218.27489483435,168218.27489483435,0.0,0.0,-1.0
2024-01-05 21:00:00,168041.40876444994,168218.27489483435,176.86613038441283,0.10514085374789682,-1.0
2024-01-05 22:00:00,167859.3154488856,168218.27489483435,358.95944594874163,0.21338908996252262,-1.0
2024-01-05 23:00:00,167946.60208589523,168218.27489483435,271.6728089391254,0.16150017535786057,-1.0
2024-01-06 00:00:00,168152.79720261449,168218.27489483435,65.47769221986528,0.03892424426585055,-1.0
2024-01-06 01:00:00,168427.5591111579,168427.5591111579,0.0,0.0,-1.0
2024-01-06 02:00:00,168369.09829860186,168427.5591111579,58.46081255603349,0.034709766539721,-1.0
2024-01-06 03:00:00,168217.71250955568,168427.5591111579,209.84660160221392,0.12459160645065248,-1.0
2024-01-06 04:00:00,168432.65638248986,168432.65638248986,0.0,0.0,-1.0
2024-01-06 05:00:00,168385.45261742512,168432.65638248986,47.203765064739855,0.028025304640179695,-1.0
2024-01-06 06:00:00,168223.8923772742,168432.65638248986,208.76400521566393,0.12394508861843663,-1.0
2024-01-06 07:00:00,168224.84065355634,168432.65638248986,207.8157289335213,0.1233820883650955,-1.0
2024-01-06 08:00:00,168223.1758085477,168432.65638248986,209.4805739421572,0.12437052198859382,-1.0
2024-01-06 09:00:00,168496.2014699938,168496.2014699938,0.0,0.0,-1.0
2024-01-06 10:00:00,168701.04655719604,168701.04655719604,0.0,0.0,-1.0
2024-01-06 11:00:00,168665.43849178153,168701.04655719604,35.60806541450438,0.021107198882984936,-1.0
2024-01-06 12:00:00,168950.13164316493,168950.13164316493,0.0,0.0,-1.0
2024-01-06 13:00:00,169043.8855218521,169043.8855218521,0.0,0.0,-1.0
2024-01-06 14:00:00,169278.0108671462,169278.0108671462,0.0,0.0,-1.0
2024-01-06 15:00:00,169552.08764336453,169552.08764336453,0.0,0.0,-1.0
2024-01-06 16:00:00,169587.6987083541,169587.6987083541,0.0,0.0,-1.0
2024-01-06 17:00:00,169748.39664447313,169748.39664447313,0.0,0.0,-1.0
2024-01-06 18:00:00,169762.38287480813,169762.38287480813,0.0,0.0,-1.0
2024-01-06 19:00:00,169976.89821409603,169976.89821409603,0.0,0.0,-1.0
2024-01-06 20:00:00,170065.43948566657,170065.43948566657,0.0,0.0,-1.0
2024-01-06 21:00:00,170284.48781852642,170284.48781852642,0.0,0.0,-1.0
2024-01-06 22:00:00,170588.2013180992,170588.2013180992,0.0,0.0,-1.0
2024-01-06 23:00:00,170745.28609286842,170745.28609286842,0.0,0.0,-1.0
2024-01-07 00:00:00,170806.26711450715,170806.26711450715,0.0,0.0,-1.0
2024-01-07 01:00:00,170869.74293301866,170869.74293301866,0.0,0.0,-1.0
2024-01-07 02:00:00,170501.18817037184,170869.74293301866,368.55476264681784,0.21569340265894366,-1.0
2024-01-07 03:00:00,170469.26902239714,170869.74293301866,400.4739106215129,0.2343738006198673,-1.0
2024-01-07 04:00:00,170684.15505044744,170869.74293301866,185.5878825712134,0.10861366054958269,-1.0
2024-01-07 05:00:00,170904.63723149966,170904.63723149966,0.0,0.0,-1.0
2024-01-07 06:00:00,170869.45208278458,170904.63723149966,35.18514871507068,0.0205875915861841,-1.0
2024-01-07 07:00:00,170969.13827544538,170969.13827544538,0.0,0.0,-1.0
2024-01-07 08:00:00,171015.74831213345,171015.74831213345,0.0,0.0,-1.0
2024-01-07 09:00:00,171194.18866893984,171194.18866893984,0.0,0.0,-1.0
2024-01-07 10:00:00,171600.48088344172,171600.48088344172,0.0,0.0,-1.0
2024-01-07 11:00:00,171781.751170142,171781.751170142,0.0,0.0,-1.0
2024-01-07 12:00:00,171756.22455195652,171781.751170142,25.52661818548222,0.014859912657543738,-1.0
2024-01-07 13:00:00,171819.4616227429,171819.4616227429,0.0,0.0,-1.0
2024-01-07 14:00:00,172104.75086070833,172104.75086070833,0.0,0.0,-1.0
2024-01-07 15:00:00,171968.44932205067,172104.75086070833,136.30153865765897,0.07919684841702805,-1.0
2024-01-07 16:00:00,171951.19067222733,172104.75086070833,153.56018848100211,0.08922483993790786,-1.0
2024-01-07 17:00:00,172132.68526202833,172132.68526202833,0.0,0.0,-1.0
2024-01-07 18:00:00,172401.83495000913,172401.83495000913,0.0,0.0,-1.0
2024-01-07 19:00:00,172568.18013535018,172568.18013535018,0.0,0.0,-1.0
2024-01-07 20:00:00,172552.1758980676,172568.18013535018,16.004237282584654,0.009274153131841613,-1.0
2024-01-07 21:00:00,172707.65619326656,172707.65619326656,0.0,0.0,-1.0
2024-01-07 22:00:00,172844.80010827706,172844.80010827706,0.0,0.0,-1.0
2024-01-07 23:00:00,172972.4233733305,172972.4233733305,0.0,0.0,-1.0
2024-01-08 00:00:00,173032.86232178615,173032.86232178615,0.0,0.0,-1.0
2024-01-08 01:00:00,173115.811468014,173115.811468014,0.0,0.0,-1.0
2024-01-08 02:00:00,173054.6864889332,173115.811468014,61.12497908080695,0.03530872111707763,-1.0
2024-01-08 03:00:00,173501.7171226828,173501.7171226828,0.0,0.0,-1.0
2024-01-08 04:00:00,173600.2670387844,173600.2670387844,0.0,0.0,-1.0
2024-01-08 05:00:00,173757.54388094202,173757.54388094202,0.0,0.0,-1.0
2024-01-08 06:00:00,173799.85719847775,173799.85719847775,0.0,0.0,-1.0
2024-01-08 07:00:00,174001.65374788467,174001.65374788467,0.0,0.0,-1.0
2024-01-08 08:00:00,173881.88880665036,174001.65374788467,119.76494123431621,0.0688297718180579,-1.0
2024-01-08 09:00:00,173695.04797632323,174001.65374788467,306.60577156144427,0.17620853880256393,-1.0
2024-01-08 10:00:00,173765.4772502096,174001.65374788467,236.176497675071,0.13573232931295756,-1.0
2024-01-08 11:00:00,174148.58554147725,174148.58554147725,0.0,0.0,-1.0
2024-01-08 12:00:00,174404.83366665823,174404.83366665823,0.0,0.0,-1.0
2024-01-08 13:00:00,174358.56670219867,174404.83366665823,46.26696445955895,0.026528487477583036,-1.0
2024-01-08 14:00:00,174510.97981369463,174510.97981369463,0.0,0.0,-1.0
2024-01-08 15:00:00,174490.58139202005,174510.97981369463,20.398421674588462,0.011688904443929842,-1.0
2024-01-08 16:00:00,174629.54389513668,174629.54389513668,0.0,0.0,-1.0
2024-01-08 17:00:00,174780.20297657358,174780.20297657358,0.0,0.0,-1.0
2024-01-08 18:00:00,174994.1748447083,174994.1748447083,0.0,0.0,-1.0
2024-01-08 19:00:00,174834.32529013464,174994.1748447083,159.8495545736514,0.09134564319955428,-1.0
2024-01-08 20:00:00,174719.48709180643,174994.1748447083,274.6877529018675,0.15696965521602554,-1.0
2024-01-08 21:00:00,174783.15150812067,174994.1748447083,211.02333658761927,0.1205887777549645,-1.0
2024-01-08 22:00:00,174703.28800777099,174994.1748447083,290.88683693730854,0.16622658279651,-1.0
2024-01-08 23:00:00,174611.82969727324,174994.1748447083,382.3451474350586,0.21849021418818984,-1.0
2024-01-09 00:00:00,174727.6083041567,174994.1748447083,266.5665405516047,0.152328807966413,-1.0
2024-01-09 01:00:00,174665.20296948974,174994.1748447083,328.9718752185581,0.18799018625076594,-1.0
2024-01-09 02:00:00,175078.851503048,175078.851503048,0.0,0.0,-1.0
2024-01-09 03:00:00,175073.87660495393,175078.851503048,4.974898094078526,0.0028415185794110126,-1.0
2024-01-09 04:00:00,175108.34179232278,175108.34179232278,0.0,0.0,-1.0
2024-01-09 05:00:00,175227.97287340034,175227.97287340034,0.0,0.0,-1.0
2024-01-09 06:00:00,175076.77956622848,175227.97287340034,151.19330717186676,0.08628377347097528,-1.0
2024-01-09 07:00:00,175228.05524305327,175228.05524305327,0.0,0.0,-1.0
2024-01-09 08:00:00,175354.27539052835,175354.27539052835,0.0,0.0,-1.0
2024-01-09 09:00:00,175376.87956322168,175376.87956322168,0.0,0.0,-1.0
2024-01-09 10:00:00,175492.96865936113,175492.96865936113,0.0,0.0,-1.0
2024-01-09 11:00:00,175632.21103628472,175632.21103628472,0.0,0.0,-1.0
2024-01-09 12:00:00,175922.48964312975,175922.48964312975,0.0,0.0,-1.0
2024-01-09 13:00:00,176372.52886332676,176372.52886332676,0.0,0.0,-1.0
2024-01-09 14:00:00,176288.30371518157,176372.52886332676,84.22514814519673,0.04775411946974113,-1.0
2024-01-09 15:00:00,176168.70160369034,176372.52886332676,203.82725963642588,0.11556633051078727,-1.0
2024-01-09 16:00:00,176259.11404538655,176372.52886332676,113.41481794021092,0.06430412869347554,-1.0
2024-01-09 17:00:00,176022.27627328463,176372.52886332676,350.2525900421315,0.1985868163820152,-1.0
2024-01-09 18:00:00,176194.68855805846,176372.52886332676,177.84030526829883,0.1008322023925333,-1.0
2024-01-09 19:00:00,176286.6506725194,176372.52886332676,85.8781908073579,0.04869136444366909,-1.0
2024-01-09 20:00:00,176416.7436624086,176416.7436624086,0.0,0.0,-1.0
2024-01-09 21:00:00,176446.20787214063,176446.20787214063,0.0,0.0,-1.0
2024-01-09 22:00:00,176559.46023703588,176559.46023703588,0.0,0.0,-1.0
2024-01-09 23:00:00,176705.29617368247,176705.29617368247,0.0,0.0,-1.0
2024-01-10 00:00:00,176810.29968453245,176810.29968453245,0.0,0.0,-1.0
2024-01-10 01:00:00,176683.53489221307,176810.29968453245,126.7647923193872,0.0716953664721811,-1.0
2024-01-10 02:00:00,176784.33576629328,176810.29968453245,25.96391823916929,0.014684618648062073,-1.0
2024-01-10 03:00:00,177137.43046920077,177137.43046920077,0.0,0.0,-1.0
2024-01-10 04:00:00,177248.56427797276,177248.56427797276,0.0,0.0,-1.0
2024-01-10 05:00:00,177344.122619888,177344.122619888,0.0,0.0,-1.0
2024-01-10 06:00:00,177653.1282685716,177653.1282685716,0.0,0.0,-1.0
2024-01-10 07:00:00,177616.28593490686,177653.1282685716,36.84233366473927,0.020738353455303046,-1.0
2024-01-10 08:00:00,177824.73758091987,177824.73758091987,0.0,0.0,-1.0
2024-01-10 09:00:00,177820.21397796203,177824.73758091987,4.523602957837284,0.0025438547073793937,-1.0
2024-01-10 10:00:00,178058.2014794638,178058.2014794638,0.0,0.0,-1.0
2024-01-10 11:00:00,178252.90870263395,178252.90870263395,0.0,0.0,-1.0
2024-01-10 12:00:00,178266.06687313487,178266.06687313487,0.0,0.0,-1.0
2024-01-10 13:00:00,178301.17270418492,178301.17270418492,0.0,0.0,-1.0
2024-01-10 14:00:00,178522.84443539765,178522.84443539765,0.0,0.0,-1.0
2024-01-10 15:00:00,178319.52680021417,178522.84443539765,203.31763518348453,0.1138888615776338,-1.0
2024-01-10 16:00:00,178328.23743372996,178522.84443539765,194.60700166769675,0.10900957929679386,-1.0
2024-01-10 17:00:00,178496.30005627364,178522.84443539765,26.544379124010447,0.014868897707719477,-1.0
2024-01-10 18:00:00,178525.0840405644,178525.0840405644,0.0,0.0,-1.0
2024-01-10 19:00:00,178620.31354759543,178620.31354759543,0.0,0.0,-1.0
2024-01-10 20:00:00,178389.14090574638,178620.31354759543,231.17264184905798,0.12942124960913776,-1.0
2024-01-10 21:00:00,178335.96919139594,178620.31354759543,284.34435619949363,0.15918926047777138,-1.0
2024-01-10 22:00:00,178512.8870922187,178620.31354759543,107.42645537672797,0.060142350689639204,-1.0
2024-01-10 23:00:00,178475.23598565903,178620.31354759543,145.07756193639943,0.08122119990442288,-1.0
2024-01-11 00:00:00,178354.86702903573,178620.31354759543,265.44651855970733,0.1486093677072043,-1.0
2024-01-11 01:00:00,178589.1083089789,178620.31354759543,31.20523861653055,0.01747015106891275,-1.0
2024-01-11 02:00:00,178741.46091708937,178741.46091708937,0.0,0.0,-1.0
2024-01-11 03:00:00,178653.1809141668,178741.46091708937,88.28000292257639,0.04938977362589968,-1.0
2024-01-11 04:00:00,178748.9564908316,178748.9564908316,0.0,0.0,-1.0
2024-01-11 05:00:00,178665.5643216228,178748.9564908316,83.39216920878971,0.046653234148008614,-1.0
2024-01-11 06:00:00,178717.69546309146,178748.9564908316,31.26102774013998,0.01748878894391947,-1.0
2024-01-11 07:00:00,178819.09369152028,178819.09369152028,0.0,0.0,-1.0
2024-01-11 08:00:00,178772.81923164023,178819.09369152028,46.27445988004911,0.025877806963878754,-1.0
2024-01-11 09:00:00,178959.16917166903,178959.16917166903,0.0,0.0,-1.0
2024-01-11 10:00:00,179168.77192701728,179168.77192701728,0.0,0.0,-1.0
2024-01-11 11:00:00,179283.30675575227,179283.30675575227,0.0,0.0,-1.0
2024-01-11 12:00:00,179420.40407848332,179420.40407848332,0.0,0.0,-1.0
2024-01-11 13:00:00,179277.47975272802,179420.40407848332,142.92432575530256,0.07965890306031392,-1.0
2024-01-11 14:00:00,179556.80783675454,179556.80783675454,0.0,0.0,-1.0
2024-01-11 15:00:00,179618.10908854607,179618.10908854607,0.0,0.0,-1.0
2024-01-11 16:00:00,179552.82063377727,179618.10908854607,65.28845476880088,0.03634848128626926,-1.0
2024-01-11 17:00:00,179649.69600564567,179649.69600564567,0.0,0.0,-1.0
2024-01-11 18:00:00,179836.51650450402,179836.51650450402,0.0,0.0,-1.0
2024-01-11 19:00:00,179988.36893956212,179988.36893956212,0.0,0.0,-1.0
2024-01-11 20:00:00,179900.66538484386,179988.36893956212,87.70355471826042,0.04872734568071462,-1.0
2024-01-11 21:00:00,180089.3110682715,180089.3110682715,0.0,0.0,-1.0
2024-01-11 22:00:00,180155.21220600163,180155.21220600163,0.0,0.0,-1.0
2024-01-11 23:00:00,180305.39283335925,180305.39283335925,0.0,0.0,-1.0
2024-01-12 00:00:00,180260.16010827204,180305.39283335925,45.23272508720402,0.025086728897237547,-1.0
2024-01-12 01:00:00,180492.04684668005,180492.04684668005,0.0,0.0,-1.0
2024-01-12 02:00:00,180594.4541756198,180594.4541756198,0.0,0.0,-1.0
2024-01-12 03:00:00,180847.7776727405,180847.7776727405,0.0,0.0,-1.0
2024-01-12 04:00:00,180692.5474564121,180847.7776727405,155.2302163284039,0.0858347381018451,-1.0
2024-01-12 05:00:00,180557.33458846985,180847.7776727405,290.44308427066426,0.16060085891475306,-1.0
2024-01-12 06:00:00,180596.33041147454,180847.7776727405,251.4472612659738,0.13903807085812747,-1.0
2024-01-12 07:00:00,180891.47416447045,180891.47416447045,0.0,0.0,-1.0
2024-01-12 08:00:00,181260.8957991215,181260.8957991215,0.0,0.0,-1.0
2024-01-12 09:00:00,181202.63185426028,181260.8957991215,58.26394486121717,0.032143692440859906,-1.0
2024-01-12 10:00:00,181285.588909002,181285.588909002,0.0,0.0,-1.0
2024-01-12 11:00:00,181383.86170529408,181383.86170529408,0.0,0.0,-1.0
2024-01-12 12:00:00,181566.58534724978,181566.58534724978,0.0,0.0,-1.0
2024-01-12 13:00:00,181774.32974721165,181774.32974721165,0.0,0.0,-1.0
2024-01-12 14:00:00,181682.1700182749,181774.32974721165,92.15972893676371,0.05070007908428412,-1.0
2024-01-12 15:00:00,181766.8590223075,181774.32974721165,7.47072490415303,0.004109889946805115,-1.0
2024-01-12 16:00:00,181540.581333742,181774.32974721165,233.7484134696424,0.12859264220350014,-1.0
2024-01-12 17:00:00,181737.2000261981,181774.32974721165,37.12972101356718,0.020426273096538116,-1.0
2024-01-12 18:00:00,181761.40704594948,181774.32974721165,12.922701262170449,0.007109200336561097,-1.0
2024-01-12 19:00:00,181655.59973405418,181774.32974721165,118.73001315747388,0.06531726087098674,-1.0
2024-01-12 20:00:00,181780.4817555477,181780.4817555477,0.0,0.0,-1.0
2024-01-12 21:00:00,181800.00136909686,181800.00136909686,0.0,0.0,-1.0
2024-01-12 22:00:00,182064.2205237133,182064.2205237133,0.0,0.0,-1.0
2024-01-12 23:00:00,182005.33320338136,182064.2205237133,58.8873203319381,0.03234425751668665,-1.0
2024-01-13 00:00:00,182413.7764833905,182413.7764833905,0.0,0.0,-1.0
2024-01-13 01:00:00,182616.95981483502,182616.95981483502,0.0,0.0,-1.0
2024-01-13 02:00:00,182885.11397681266,182885.11397681266,0.0,0.0,-1.0
2024-01-13 03:00:00,182805.78854658038,182885.11397681266,79.32543023227481,0.0433744597946513,-1.0
2024-01-13 04:00:00,183149.05745315045,183149.05745315045,0.0,0.0,-1.0
2024-01-13 05:00:00,183042.17533633922,183149.05745315045,106.88211681123357,0.0583579944650133,-1.0
2024-01-13 06:00:00,183085.70358187117,183149.05745315045,63.3538712792797,0.03459142632797094,-1.0
2024-01-13 07:00:00,183356.4020759822,183356.4020759822,0.0,0.0,-1.0
2024-01-13 08:00:00,183507.41743685785,183507.41743685785,0.0,0.0,-1.0
2024-01-13 09:00:00,183396.54314926345,183507.41743685785,110.87428759440081,0.06041951281481632,-1.0
2024-01-13 10:00:00,183641.85465853984,183641.85465853984,0.0,0.0,-1.0
2024-01-13 11:00:00,183767.84782645124,183767.84782645124,0.0,0.0,-1.0
2024-01-13 12:00:00,183780.417791043,183780.417791043,0.0,0.0,-1.0
2024-01-13 13:00:00,183624.11640263555,183780.417791043,156.3013884074462,0.0850479013412407,-1.0
2024-01-13 14:00:00,183764.32898211648,183780.417791043,16.08880892652087,0.008754365192930255,-1.0
2024-01-13 15:00:00,183814.8148116715,183814.8148116715,0.0,0.0,-1.0
2024-01-13 16:00:00,183913.26121398358,183913.26121398358,0.0,0.0,-1.0
2024-01-13 17:00:00,183750.481009958,183913.26121398358,162.78020402559196,0.08850922600746922,-1.0
2024-01-13 18:00:00,183762.68245120454,183913.26121398358,150.57876277904143,0.08187488046543996,-1.0
2024-01-13 19:00:00,183909.72814443576,183913.26121398358,3.533069547818741,0.0019210520897174482,-1.0
2024-01-13 20:00:00,184266.19783613147,184266.19783613147,0.0,0.0,-1.0
2024-01-13 21:00:00,184310.40559270387,184310.40559270387,0.0,0.0,-1.0
2024-01-13 22:00:00,184601.90045156408,184601.90045156408,0.0,0.0,-1.0
2024-01-13 23:00:00,184795.00271469157,184795.00271469157,0.0,0.0,-1.0
2024-01-14 00:00:00,184905.07045962958,184905.07045962958,0.0,0.0,-1.0
2024-01-14 01:00:00,184828.21919207968,184905.07045962958,76.85126754990779,0.04156255280554178,-1.0
2024-01-14 02:00:00,184757.64741055004,184905.07045962958,147.4230490795453,0.07972904621440992,-1.0
2024-01-14 03:00:00,184925.27854115603,184925.27854115603,0.0,0.0,-1.0
2024-01-14 04:00:00,184921.30420504024,184925.27854115603,3.9743361157889012,0.002149157836690452,-1.0
2024-01-14 05:00:00,184903.99979722532,184925.27854115603,21.278743930713972,0.011506671288305391,-1.0
2024-01-14 06:00:00,184951.90824637018,184951.90824637018,0.0,0.0,-1.0
2024-01-14 07:00:00,185002.3336218193,185002.3336218193,0.0,0.0,-1.0
2024-01-14 08:00:00,185212.44881824835,185212.44881824835,0.0,0.0,-1.0
2024-01-14 09:00:00,185211.62416350932,185212.44881824835,0.8246547390299384,0.0004452480080532729,-1.0
2024-01-14 10:00:00,185406.81016891295,185406.81016891295,0.0,0.0,-1.0
2024-01-14 11:00:00,185547.7659390211,185547.7659390211,0.0,0.0,-1.0
2024-01-14 12:00:00,185371.6665409168,185547.7659390211,176.09939810429933,0.09490785147053352,-1.0
2024-01-14 13:00:00,185490.8426903643,185547.7659390211,56.923248656792566,0.03067848775689381,-1.0
2024-01-14 14:00:00,185165.67892522275,185547.7659390211,382.0870137983584,0.20592380181172779,-1.0
2024-01-14 15:00:00,185106.39543597496,185547.7659390211,441.3705030461424,0.23787432891603533,-1.0
2024-01-14 16:00:00,185250.8569629593,185547.7659390211,296.9089760617935,0.1600175429540717,-1.0
2024-01-14 17:00:00,185324.26049792042,185547.7659390211,223.50544110068586,0.12045709091110224,-1.0
2024-01-14 18:00:00,185134.07668202618,185547.7659390211,413.68925699492684,0.22295566583694829,-1.0
2024-01-14 19:00:00,185041.20241698014,185547.7659390211,506.5635220409604,0.27300976623315354,-1.0
2024-01-14 20:00:00,184724.8654499923,185547.7659390211,822.9004890288052,0.4434979234938594,-1.0
2024-01-14 21:00:00,184598.48096143565,185547.7659390211,949.2849775854556,0.5116121839469795,-1.0
2024-01-14 22:00:00,184760.34046383342,185547.7659390211,787.425475187687,0.42437884994339864,-1.0
2024-01-14 23:00:00,184751.72552304715,185547.7659390211,796.0404159739555,0.42902182731511207,-1.0
2024-01-15 00:00:00,184852.21735430614,185547.7659390211,695.5485847149685,0.3748622793677588,-1.0
2024-01-15 01:00:00,184929.26401153707,185547.7659390211,618.5019274840306,0.3333383855924714,-1.0
2024-01-15 02:00:00,185009.15147211202,185547.7659390211,538.6144669090863,0.29028345568229474,-1.0
2024-01-15 03:00:00,185237.62133557897,185547.7659390211,310.14460344213876,0.16715081524833098,-1.0
2024-01-15 04:00:00,185282.1847392533,185547.7659390211,265.5811997677956,0.14313360143343193,-1.0
2024-01-15 05:00:00,185493.7849952123,185547.7659390211,53.98094380879775,0.029092747916209447,-1.0
2024-01-15 06:00:00,185197.18348627168,185547.7659390211,350.582452749426,0.18894458307013104,-1.0
2024-01-15 07:00:00,185438.8973797983,185547.7659390211,108.86855922281393,0.05867414176174601,-1.0
2024-01-15 08:00:00,185320.38566598183,185547.7659390211,227.3802730392781,0.12254541136000793,-1.0
2024-01-15 09:00:00,185234.44470752007,185547.7659390211,313.32123150103143,0.16886284236049606,-1.0
2024-01-15 10:00:00,185203.7520840964,185547.7659390211,344.0138549247058,0.1854044715568084,-1.0
2024-01-15 11:00:00,185441.33036722112,185547.7659390211,106.43557179998606,0.05736289588901077,-1.0
2024-01-15 12:00:00,185382.93538984942,185547.7659390211,164.8305491716892,0.0888345641552265,-1.0
2024-01-15 13:00:00,185359.55207296397,185547.7659390211,188.21386605713633,0.1014368807431459,-1.0
2024-01-15 14:00:00,185290.2989152601,185547.7659390211,257.46702376101166,0.138760508625917,-1.0
2024-01-15 15:00:00,185403.60813538902,185547.7659390211,144.15780363208614,0.07769309584652317,-1.0
2024-01-15 16:00:00,185590.14938562218,185590.14938562218,0.0,0.0,-1.0
2024-01-15 17:00:00,185920.7980629863,185920.7980629863,0.0,0.0,-1.0
2024-01-15 18:00:00,186355.7706879543,186355.7706879543,0.0,0.0,-1.0
2024-01-15 19:00:00,186528.2978009325,186528.2978009325,0.0,0.0,-1.0
2024-01-15 20:00:00,186658.14592896288,186658.14592896288,0.0,0.0,-1.0
2024-01-15 21:00:00,186550.54496914666,186658.14592896288,107.60095981621998,0.057646002686199425,-1.0
2024-01-15 22:00:00,186911.9404422063,186911.9404422063,0.0,0.0,-1.0
2024-01-15 23:00:00,187019.2509086064,187019.2509086064,0.0,0.0,-1.0
2024-01-16 00:00:00,187050.89118232025,187050.89118232025,0.0,0.0,-1.0
2024-01-16 01:00:00,187184.02094767828,187184.02094767828,0.0,0.0,-1.0
2024-01-16 02:00:00,187163.56833856905,187184.02094767828,20.452609109226614,0.010926471717873573,-1.0
2024-01-16 03:00:00,186887.91760392534,187184.02094767828,296.1033437529404,0.15818836578775455,-1.0
2024-01-16 04:00:00,187048.6880420654,187184.02094767828,135.33290561288595,0.07229939015505722,-1.0
2024-01-16 05:00:00,187325.0591198555,187325.0591198555,0.0,0.0,-1.0
2024-01-16 06:00:00,187483.59751513563,187483.59751513563,0.0,0.0,-1.0
2024-01-16 07:00:00,187557.5356456354,187557.5356456354,0.0,0.0,-1.0
2024-01-16 08:00:00,187634.5264084941,187634.5264084941,0.0,0.0,-1.0
2024-01-16 09:00:00,187735.36837065153,187735.36837065153,0.0,0.0,-1.0
2024-01-16 10:00:00,187831.61650381482,187831.61650381482,0.0,0.0,-1.0
2024-01-16 11:00:00,187897.51130619273,187897.51130619273,0.0,0.0,-1.0
2024-01-16 12:00:00,187976.31273811305,187976.31273811305,0.0,0.0,-1.0
2024-01-16 13:00:00,188284.5646491791,188284.5646491791,0.0,0.0,-1.0
2024-01-16 14:00:00,188430.4056313311,188430.4056313311,0.0,0.0,-1.0
2024-01-16 15:00:00,188521.17767893476,188521.17767893476,0.0,0.0,-1.0
2024-01-16 16:00:00,188695.06171337914,188695.06171337914,0.0,0.0,-1.0
2024-01-16 17:00:00,188868.95656139663,188868.95656139663,0.0,0.0,-1.0
2024-01-16 18:00:00,189085.8562558121,189085.8562558121,0.0,0.0,-1.0
2024-01-16 19:00:00,189047.31954403716,189085.8562558121,38.53671177494107,0.020380536407125657,-1.0
2024-01-16 20:00:00,189050.240358115,189085.8562558121,35.61589769710554,0.018835833838846832,-1.0
2024-01-16 21:00:00,189003.20673998585,189085.8562558121,82.64951582625508,0.04371004656976537,-1.0
2024-01-16 22:00:00,189193.2151785099,189193.2151785099,0.0,0.0,-1.0
2024-01-16 23:00:00,189375.89582467097,189375.89582467097,0.0,0.0,-1.0
2024-01-17 00:00:00,189259.90939379262,189375.89582467097,115.98643087834353,0.061246670476862976,-1.0
2024-01-17 01:00:00,189393.53506571567,189393.53506571567,0.0,0.0,-1.0
2024-01-17 02:00:00,189674.37014589584,189674.37014589584,0.0,0.0,-1.0
2024-01-17 03:00:00,189714.07025008716,189714.07025008716,0.0,0.0,-1.0
2024-01-17 04:00:00,189836.1662411761,189836.1662411761,0.0,0.0,-1.0
2024-01-17 05:00:00,190020.73909659978,190020.73909659978,0.0,0.0,-1.0
2024-01-17 06:00:00,189897.65536068997,190020.73909659978,123.08373590980773,0.06477384336834746,-1.0
2024-01-17 07:00:00,189995.45358453863,190020.73909659978,25.285512061149348,0.013306711773337063,-1.0
2024-01-17 08:00:00,190261.27101299984,190261.27101299984,0.0,0.0,-1.0
2024-01-17 09:00:00,190247.28969048522,190261.27101299984,13.981322514620842,0.007348485816467373,-1.0
2024-01-17 10:00:00,190447.15961182406,190447.15961182406,0.0,0.0,-1.0
2024-01-17 11:00:00,190526.23385289492,190526.23385289492,0.0,0.0,-1.0
2024-01-17 12:00:00,190500.05815657487,190526.23385289492,26.175696320045972,0.013738631048707022,-1.0
2024-01-17 13:00:00,190560.5818739527,190560.5818739527,0.0,0.0,-1.0
2024-01-17 14:00:00,190556.66268533978,190560.5818739527,3.9191886129265185,0.002056662807378961,-1.0
2024-01-17 15:00:00,190498.41557907534,190560.5818739527,62.16629487735918,0.03262285109859677,-1.0
2024-01-17 16:00:00,190535.26386320736,190560.5818739527,25.318010745337233,0.013286069184068697,-1.0
2024-01-17 17:00:00,190620.52781006528,190620.52781006528,0.0,0.0,-1.0
2024-01-17 18:00:00,190670.61965268294,190670.61965268294,0.0,0.0,-1.0
2024-01-17 19:00:00,190705.81361551362,190705.81361551362,0.0,0.0,-1.0
2024-01-17 20:00:00,190814.71299795844,190814.71299795844,0.0,0.0,-1.0
2024-01-17 21:00:00,190969.4238942056,190969.4238942056,0.0,0.0,-1.0
2024-01-17 22:00:00,190872.80960927965,190969.4238942056,96.6142849259486,0.05059149415430586,-1.0
2024-01-17 23:00:00,190909.95022887256,190969.4238942056,59.47366533303284,0.031143030187900878,-1.0
2024-01-18 00:00:00,190688.9190923735,190969.4238942056,280.5048018321104,0.14688466672419043,-1.0
2024-01-18 01:00:00,190739.59158851835,190969.4238942056,229.83230568724684,0.12035031629700614,-1.0
2024-01-18 02:00:00,190837.1709454291,190969.4238942056,132.25294877649867,0.06925346795294568,-1.0
2024-01-18 03:00:00,190997.6379472539,190997.6379472539,0.0,0.0,-1.0
2024-01-18 04:00:00,191095.75366822837,191095.75366822837,0.0,0.0,-1.0
2024-01-18 05:00:00,191252.9800148365,191252.9800148365,0.0,0.0,-1.0
2024-01-18 06:00:00,191337.7637620869,191337.7637620869,0.0,0.0,-1.0
2024-01-18 07:00:00,191311.43600535952,191337.7637620869,26.327756727376254,0.013759832983159926,-1.0
2024-01-18 08:00:00,191219.04573010106,191337.7637620869,118.71803198583075,0.06204631519235641,-1.0
2024-01-18 09:00:00,191254.5953240078,191337.7637620869,83.16843807909754,0.04346681828188961,-1.0
2024-01-18 10:00:00,191214.65389349675,191337.7637620869,123.10986859013792,0.06434164702751263,-1.0
2024-01-18 11:00:00,191271.69602630212,191337.7637620869,66.06773578477441,0.03452937595054384,-1.0
2024-01-18 12:00:00,191272.914475779,191337.7637620869,64.84928630790091,0.03389257041204672,-1.0
2024-01-18 13:00:00,191410.7766276636,191410.7766276636,0.0,0.0,-1.0
2024-01-18 14:00:00,191493.11988133218,191493.11988133218,0.0,0.0,-1.0
2024-01-18 15:00:00,191635.24403177077,191635.24403177077,0.0,0.0,-1.0
2024-01-18 16:00:00,191776.60174026195,191776.60174026195,0.0,0.0,-1.0
2024-01-18 17:00:00,191824.65078370448,191824.65078370448,0.0,0.0,-1.0
2024-01-18 18:00:00,191881.9003319663,191881.9003319663,0.0,0.0,-1.0
2024-01-18 19:00:00,192032.14100521448,192032.14100521448,0.0,0.0,-1.0
2024-01-18 20:00:00,192474.0318448156,192474.0318448156,0.0,0.0,-1.0
2024-01-18 21:00:00,192400.66217277525,192474.0318448156,73.36967204033863,0.038119257614707094,-1.0
2024-01-18 22:00:00,192481.92489597367,192481.92489597367,0.0,0.0,-1.0
2024-01-18 23:00:00,192377.56864389006,192481.92489597367,104.35625208361307,0.05421613075617989,-1.0
2024-01-19 00:00:00,192449.43179145636,192481.92489597367,32.49310451731435,0.016881119894699287,-1.0
2024-01-19 01:00:00,192423.3226559082,192481.92489597367,58.602240065461956,0.030445580849803623,-1.0
2024-01-19 02:00:00,192480.33669425038,192481.92489597367,1.5882017232943326,0.0008251173320054192,-1.0
2024-01-19 03:00:00,192578.63324434255,192578.63324434255,0.0,0.0,-1.0
2024-01-19 04:00:00,192580.22457747895,192580.22457747895,0.0,0.0,-1.0
2024-01-19 05:00:00,192387.66077605085,192580.22457747895,192.5638014280994,0.09999147204786184,-1.0
2024-01-19 06:00:00,192676.49112762377,192676.49112762377,0.0,0.0,-1.0
2024-01-19 07:00:00,192877.38267459365,192877.38267459365,0.0,0.0,-1.0
2024-01-19 08:00:00,192932.79879025702,192932.79879025702,0.0,0.0,-1.0
2024-01-19 09:00:00,192873.58884052542,192932.79879025702,59.20994973159395,0.03068941626455274,-1.0
2024-01-19 10:00:00,192961.3425290679,192961.3425290679,0.0,0.0,-1.0
2024-01-19 11:00:00,193090.4908528241,193090.4908528241,0.0,0.0,-1.0
2024-01-19 12:00:00,193280.99262518802,193280.99262518802,0.0,0.0,-1.0
2024-01-19 13:00:00,193485.32594984813,193485.32594984813,0.0,0.0,-1.0
2024-01-19 14:00:00,193717.92739564492,193717.92739564492,0.0,0.0,-1.0
2024-01-19 15:00:00,193531.79844222066,193717.92739564492,186.12895342425327,0.09608246171460831,-1.0
2024-01-19 16:00:00,193561.1019601175,193717.92739564492,156.82543552742573,0.0809555613338404,-1.0
2024-01-19 17:00:00,193785.06708320923,193785.06708320923,0.0,0.0,-1.0
2024-01-19 18:00:00,193721.52232781352,193785.06708320923,63.54475539570558,0.032791358153732325,-1.0
2024-01-19 19:00:00,193979.41246439077,193979.41246439077,0.0,0.0,-1.0
2024-01-19 20:00:00,194325.9691066615,194325.9691066615,0.0,0.0,-1.0
2024-01-19 21:00:00,194579.65725458038,194579.65725458038,0.0,0.0,-1.0
2024-01-19 22:00:00,194753.89581564587,194753.89581564587,0.0,0.0,-1.0
2024-01-19 23:00:00,194761.76988154143,194761.76988154143,0.0,0.0,-1.0
2024-01-20 00:00:00,194879.0151021036,194879.0151021036,0.0,0.0,-1.0
2024-01-20 01:00:00,194752.10090479552,194879.0151021036,126.91419730809866,0.06512460935909599,-1.0
2024-01-20 02:00:00,194709.93430510676,194879.0151021036,169.08079699685914,0.08676193119524546,-1.0
2024-01-20 03:00:00,194678.31378273002,194879.0151021036,200.7013193735911,0.10298765070648422,-1.0
2024-01-20 04:00:00,194762.6096688249,194879.0151021036,116.40543327870546,0.059732153930333015,-1.0
2024-01-20 05:00:00,194778.78307901067,194879.0151021036,100.2320230929472,0.05143294830407076,-1.0
2024-01-20 06:00:00,194893.02307250368,194893.02307250368,0.0,0.0,-1.0
2024-01-20 07:00:00,195099.69709623526,195099.69709623526,0.0,0.0,-1.0
2024-01-20 08:00:00,195068.23796480458,195099.69709623526,31.459131430689013,0.016124643912271898,-1.0
2024-01-20 09:00:00,195165.52812874512,195165.52812874512,0.0,0.0,-1.0
2024-01-20 10:00:00,195178.13278027243,195178.13278027243,0.0,0.0,-1.0
2024-01-20 11:00:00,195281.657154321,195281.657154321,0.0,0.0,-1.0
2024-01-20 12:00:00,195459.58304405276,195459.58304405276,0.0,0.0,-1.0
2024-01-20 13:00:00,195672.76841267908,195672.76841267908,0.0,0.0,-1.0
2024-01-20 14:00:00,195848.31403057303,195848.31403057303,0.0,0.0,-1.0
2024-01-20 15:00:00,195985.4118749124,195985.4118749124,0.0,0.0,-1.0
2024-01-20 16:00:00,195847.37988395945,195985.4118749124,138.0319909529353,0.0704297272089997,-1.0
2024-01-20 17:00:00,195760.18999452758,195985.4118749124,225.22188038480817,0.11491767587709842,-1.0
2024-01-20 18:00:00,195711.5632525575,195985.4118749124,273.84862235488254,0.13972908480028418,-1.0
2024-01-20 19:00:00,195840.35628357864,195985.4118749124,145.05559133374481,0.07401346352570695,-1.0
2024-01-20 20:00:00,195721.70554672007,195985.4118749124,263.7063281923183,0.13455405974840046,-1.0
2024-01-20 21:00:00,195847.33389594525,195985.4118749124,138.077978967136,0.0704531922280339,-1.0
2024-01-20 22:00:00,195962.00428451516,195985.4118749124,23.40759039722616,0.011943537109877365,-1.0
2024-01-20 23:00:00,195746.6509186872,195985.4118749124,238.76095622518915,0.121825881804702,-1.0
2024-01-21 00:00:00,195658.51049542206,195985.4118749124,326.9013794903294,0.1667988328126045,-1.0
2024-01-21 01:00:00,195890.09183165058,195985.4118749124,95.32004326180322,0.04863629509457633,-1.0
2024-01-21 02:00:00,196069.70320390983,196069.70320390983,0.0,0.0,-1.0
2024-01-21 03:00:00,196017.1441043306,196069.70320390983,52.55909957922995,0.026806334033447895,-1.0
2024-01-21 04:00:00,195936.91495651842,196069.70320390983,132.7882473914069,0.06772502085817356,-1.0
2024-01-21 05:00:00,195644.36295375664,196069.70320390983,425.34025015318184,0.21693318406813406,-1.0
2024-01-21 06:00:00,195940.05760691484,196069.70320390983,129.64559699498932,0.06612219780848021,-1.0
2024-01-21 07:00:00,196021.2157621795,196069.70320390983,48.487441730336286,0.02472969609175672,-1.0
2024-01-21 08:00:00,196378.77437048126,196378.77437048126,0.0,0.0,-1.0
2024-01-21 09:00:00,196425.0237074354,196425.0237074354,0.0,0.0,-1.0
2024-01-21 10:00:00,196542.41210226883,196542.41210226883,0.0,0.0,-1.0
2024-01-21 11:00:00,196751.10687298313,196751.10687298313,0.0,0.0,-1.0
2024-01-21 12:00:00,197071.93327591027,197071.93327591027,0.0,0.0,-1.0
2024-01-21 13:00:00,197222.08652468293,197222.08652468293,0.0,0.0,-1.0
2024-01-21 14:00:00,197297.44760737367,197297.44760737367,0.0,0.0,-1.0
2024-01-21 15:00:00,197376.64125654098,197376.64125654098,0.0,0.0,-1.0
2024-01-21 16:00:00,197294.76591620993,197376.64125654098,81.87534033105476,0.04148177809178392,-1.0
2024-01-21 17:00:00,197312.48348618008,197376.64125654098,64.1577703609073,0.03250524983729864,-1.0
2024-01-21 18:00:00,197395.16640887235,197395.16640887235,0.0,0.0,-1.0
2024-01-21 19:00:00,197677.45049013762,197677.45049013762,0.0,0.0,-1.0
