timestamp,pair,predicted_signal,actual_move,was_correct,confidence,feature_importance
2024-01-01 01:00:00,EURUSD,SignalType.BUY,489841.6254929437,True,0.75,{}
2024-01-01 02:00:00,EURUSD,SignalType.BUY,-837668.778423047,False,0.75,{}
2024-01-01 03:00:00,EURUSD,SignalType.SELL,725038.7931103603,False,0.75,{}
2024-01-01 04:00:00,EURUSD,SignalType.BUY,-391582.3126485701,False,0.75,{}
2024-01-01 05:00:00,EURUSD,SignalType.SELL,774843.9470699248,False,0.75,{}
2024-01-01 06:00:00,EURUSD,SignalType.BUY,-101734.26293003278,False,0.75,{}
2024-01-01 07:00:00,EURUSD,SignalType.SELL,717479.7386806456,False,0.75,{}
2024-01-01 08:00:00,EURUSD,SignalType.BUY,-1406728.144418045,False,0.75,{}
2024-01-01 09:00:00,EURUSD,SignalType.SELL,637866.6960288489,False,0.75,{}
2024-01-01 10:00:00,EURUSD,SignalType.BUY,-633424.2403305942,False,0.75,{}
2024-01-01 11:00:00,EURUSD,SignalType.SELL,-913438.604082267,True,0.75,{}
2024-01-01 12:00:00,EURUSD,SignalType.SELL,1341407.4146459247,False,0.75,{}
2024-01-01 13:00:00,EURUSD,SignalType.BUY,-871052.1195089782,False,0.75,{}
2024-01-01 14:00:00,EURUSD,SignalType.SELL,-979940.0599368573,True,0.75,{}
2024-01-01 15:00:00,EURUSD,SignalType.SELL,845853.6933991843,False,0.75,{}
2024-01-01 16:00:00,EURUSD,SignalType.BUY,-1105646.016821661,False,0.75,{}
2024-01-01 17:00:00,EURUSD,SignalType.SELL,1716529.753138529,False,0.75,{}
2024-01-01 18:00:00,EURUSD,SignalType.BUY,-1274184.7457745117,False,0.75,{}
2024-01-01 19:00:00,EURUSD,SignalType.SELL,486908.08985787496,False,0.75,{}
2024-01-01 20:00:00,EURUSD,SignalType.BUY,814370.835546126,True,0.75,{}
2024-01-01 21:00:00,EURUSD,SignalType.BUY,-2821266.5034292354,False,0.75,{}
2024-01-01 22:00:00,EURUSD,SignalType.SELL,-1196816.4369040704,True,0.75,{}
2024-01-01 23:00:00,EURUSD,SignalType.SELL,1037298.4117696007,False,0.75,{}
2024-01-02 00:00:00,EURUSD,SignalType.BUY,504151.0704546522,True,0.75,{}
2024-01-02 01:00:00,EURUSD,SignalType.BUY,1313937.0453402959,True,0.75,{}
2024-01-02 02:00:00,EURUSD,SignalType.BUY,1534327.7333766131,True,0.75,{}
2024-01-02 03:00:00,EURUSD,SignalType.BUY,1303602.7033473256,True,0.75,{}
2024-01-02 04:00:00,EURUSD,SignalType.BUY,-33838.3506559471,False,0.75,{}
2024-01-02 05:00:00,EURUSD,SignalType.SELL,-1040430.9629006699,True,0.75,{}
2024-01-02 06:00:00,EURUSD,SignalType.SELL,-1134819.1937539533,True,0.75,{}
2024-01-02 07:00:00,EURUSD,SignalType.SELL,98362.1784973836,False,0.75,{}
2024-01-02 08:00:00,EURUSD,SignalType.BUY,-921363.3931166492,False,0.75,{}
2024-01-02 09:00:00,EURUSD,SignalType.SELL,3586861.8862078968,False,0.75,{}
2024-01-02 10:00:00,EURUSD,SignalType.BUY,944154.7356668297,True,0.75,{}
2024-01-02 11:00:00,EURUSD,SignalType.BUY,-1415236.8420496036,False,0.75,{}
2024-01-02 12:00:00,EURUSD,SignalType.SELL,183366.66380910715,False,0.75,{}
2024-01-02 13:00:00,EURUSD,SignalType.BUY,1951232.2197953274,True,0.75,{}
2024-01-02 14:00:00,EURUSD,SignalType.BUY,-484601.4719401887,False,0.75,{}
2024-01-02 15:00:00,EURUSD,SignalType.SELL,-2362538.3899939307,True,0.75,{}
2024-01-02 16:00:00,EURUSD,SignalType.SELL,-313139.7181067578,True,0.75,{}
2024-01-02 17:00:00,EURUSD,SignalType.SELL,-247509.83187419435,True,0.75,{}
2024-01-02 18:00:00,EURUSD,SignalType.SELL,-886327.5610043386,True,0.75,{}
2024-01-02 19:00:00,EURUSD,SignalType.SELL,-270410.618332668,True,0.75,{}
2024-01-02 20:00:00,EURUSD,SignalType.SELL,686456.3978780282,False,0.75,{}
2024-01-02 21:00:00,EURUSD,SignalType.BUY,2418811.020509557,True,0.75,{}
2024-01-02 22:00:00,EURUSD,SignalType.BUY,2255814.402525205,True,0.75,{}
2024-01-02 23:00:00,EURUSD,SignalType.BUY,382427.36864214635,True,0.75,{}
2024-01-03 00:00:00,EURUSD,SignalType.BUY,672322.2755307887,True,0.75,{}
2024-01-03 01:00:00,EURUSD,SignalType.BUY,1125651.5630387622,True,0.75,{}
2024-01-03 02:00:00,EURUSD,SignalType.BUY,646917.5883335742,True,0.75,{}
2024-01-03 03:00:00,EURUSD,SignalType.BUY,1039360.9061715404,True,0.75,{}
2024-01-03 04:00:00,EURUSD,SignalType.BUY,1323569.8181930399,True,0.75,{}
2024-01-03 05:00:00,EURUSD,SignalType.BUY,1203472.4099051596,True,0.75,{}
2024-01-03 06:00:00,EURUSD,SignalType.BUY,473638.21916589356,True,0.75,{}
2024-01-03 07:00:00,EURUSD,SignalType.BUY,1753043.0503268645,True,0.75,{}
2024-01-03 08:00:00,EURUSD,SignalType.BUY,-517397.48466077115,False,0.75,{}
2024-01-03 09:00:00,EURUSD,SignalType.SELL,1113335.5664366628,False,0.75,{}
2024-01-03 10:00:00,EURUSD,SignalType.BUY,572887.5295691614,True,0.75,{}
2024-01-03 11:00:00,EURUSD,SignalType.BUY,-1125476.4699534257,False,0.75,{}
2024-01-03 12:00:00,EURUSD,SignalType.SELL,1069533.5735578875,False,0.75,{}
2024-01-03 13:00:00,EURUSD,SignalType.BUY,2011371.4472061247,True,0.75,{}
2024-01-03 14:00:00,EURUSD,SignalType.BUY,-1050103.9372882792,False,0.75,{}
2024-01-03 15:00:00,EURUSD,SignalType.SELL,-2163790.6317995545,True,0.75,{}
2024-01-03 16:00:00,EURUSD,SignalType.SELL,-1398666.133990405,True,0.75,{}
2024-01-03 17:00:00,EURUSD,SignalType.SELL,-2512212.668485265,True,0.75,{}
2024-01-03 18:00:00,EURUSD,SignalType.SELL,221071.11666794252,False,0.75,{}
2024-01-03 19:00:00,EURUSD,SignalType.BUY,758340.2928021167,True,0.75,{}
2024-01-03 20:00:00,EURUSD,SignalType.BUY,-630149.2550279613,False,0.75,{}
2024-01-03 21:00:00,EURUSD,SignalType.SELL,-2085714.7939901347,True,0.75,{}
2024-01-03 22:00:00,EURUSD,SignalType.SELL,1560975.9681450771,False,0.75,{}
2024-01-03 23:00:00,EURUSD,SignalType.BUY,-618645.3588778658,False,0.75,{}
2024-01-04 00:00:00,EURUSD,SignalType.SELL,-1005118.3205124346,True,0.75,{}
2024-01-04 01:00:00,EURUSD,SignalType.SELL,-364150.4739355685,True,0.75,{}
2024-01-04 02:00:00,EURUSD,SignalType.SELL,-1781492.6265824267,True,0.75,{}
2024-01-04 03:00:00,EURUSD,SignalType.SELL,3009646.7121157018,False,0.75,{}
2024-01-04 04:00:00,EURUSD,SignalType.BUY,848730.995622119,True,0.75,{}
2024-01-04 05:00:00,EURUSD,SignalType.BUY,-33363.10990836864,False,0.75,{}
2024-01-04 06:00:00,EURUSD,SignalType.SELL,402928.1692028974,False,0.75,{}
2024-01-04 07:00:00,EURUSD,SignalType.BUY,624529.243700457,True,0.75,{}
2024-01-04 08:00:00,EURUSD,SignalType.BUY,-2149.55433987825,False,0.75,{}
2024-01-04 09:00:00,EURUSD,SignalType.HOLD,957590.3186942264,False,0.75,{}
2024-01-04 10:00:00,EURUSD,SignalType.BUY,149766.66419118145,True,0.75,{}
2024-01-04 11:00:00,EURUSD,SignalType.BUY,-782234.2954552028,False,0.75,{}
2024-01-04 12:00:00,EURUSD,SignalType.SELL,651819.8911803369,False,0.75,{}
2024-01-04 13:00:00,EURUSD,SignalType.BUY,1181097.0385500286,True,0.75,{}
2024-01-04 14:00:00,EURUSD,SignalType.BUY,-210556.79769295693,False,0.75,{}
2024-01-04 15:00:00,EURUSD,SignalType.SELL,2277336.899957568,False,0.75,{}
2024-01-04 16:00:00,EURUSD,SignalType.BUY,208630.08391828544,True,0.75,{}
2024-01-04 17:00:00,EURUSD,SignalType.BUY,729029.5312062085,True,0.75,{}
2024-01-04 18:00:00,EURUSD,SignalType.BUY,-1469582.2164888887,False,0.75,{}
2024-01-04 19:00:00,EURUSD,SignalType.SELL,858612.9393798342,False,0.75,{}
2024-01-04 20:00:00,EURUSD,SignalType.BUY,-92574.8735002071,False,0.75,{}
2024-01-04 21:00:00,EURUSD,SignalType.SELL,85459.09004244095,False,0.75,{}
2024-01-04 22:00:00,EURUSD,SignalType.BUY,740155.8240849158,True,0.75,{}
2024-01-04 23:00:00,EURUSD,SignalType.BUY,-1023778.2409877514,False,0.75,{}
2024-01-05 00:00:00,EURUSD,SignalType.SELL,-144354.42975682917,True,0.75,{}
2024-01-05 01:00:00,EURUSD,SignalType.SELL,406097.22959801275,False,0.75,{}
2024-01-05 02:00:00,EURUSD,SignalType.BUY,-667187.2842703874,False,0.75,{}
2024-01-05 03:00:00,EURUSD,SignalType.SELL,242264.35492539848,False,0.75,{}
2024-01-05 04:00:00,EURUSD,SignalType.BUY,-13431.352181798957,False,0.75,{}
2024-01-05 05:00:00,EURUSD,SignalType.HOLD,-1814882.4704695106,False,0.75,{}
2024-01-05 06:00:00,EURUSD,SignalType.SELL,-1774416.5832390718,True,0.75,{}
2024-01-05 07:00:00,EURUSD,SignalType.SELL,-45779.2235548834,True,0.75,{}
2024-01-05 08:00:00,EURUSD,SignalType.SELL,1369099.486688002,False,0.75,{}
2024-01-05 09:00:00,EURUSD,SignalType.BUY,866562.1516799729,True,0.75,{}
2024-01-05 10:00:00,EURUSD,SignalType.BUY,-449560.0217413744,False,0.75,{}
2024-01-05 11:00:00,EURUSD,SignalType.SELL,998888.712652274,False,0.75,{}
2024-01-05 12:00:00,EURUSD,SignalType.BUY,1085592.7093728473,True,0.75,{}
2024-01-05 13:00:00,EURUSD,SignalType.BUY,-963629.6279733119,False,0.75,{}
2024-01-05 14:00:00,EURUSD,SignalType.SELL,-1881158.4513158437,True,0.75,{}
2024-01-05 15:00:00,EURUSD,SignalType.SELL,-680847.93465345,True,0.75,{}
2024-01-05 16:00:00,EURUSD,SignalType.SELL,-1768978.371979,True,0.75,{}
2024-01-05 17:00:00,EURUSD,SignalType.SELL,-38773.56943450991,True,0.75,{}
2024-01-05 18:00:00,EURUSD,SignalType.SELL,217434.49505768466,False,0.75,{}
2024-01-05 19:00:00,EURUSD,SignalType.BUY,-973105.7060499688,False,0.75,{}
2024-01-05 20:00:00,EURUSD,SignalType.SELL,3215983.586790187,False,0.75,{}
2024-01-05 21:00:00,EURUSD,SignalType.BUY,184981.11649470957,True,0.75,{}
2024-01-05 22:00:00,EURUSD,SignalType.BUY,-185449.6733531005,False,0.75,{}
2024-01-05 23:00:00,EURUSD,SignalType.SELL,306416.5291822519,False,0.75,{}
2024-01-06 00:00:00,EURUSD,SignalType.BUY,208654.2658287044,True,0.75,{}
2024-01-06 01:00:00,EURUSD,SignalType.BUY,216187.30728048377,True,0.75,{}
2024-01-06 02:00:00,EURUSD,SignalType.BUY,1445412.9877577794,True,0.75,{}
2024-01-06 03:00:00,EURUSD,SignalType.BUY,232020.1618355918,True,0.75,{}
2024-01-06 04:00:00,EURUSD,SignalType.BUY,440313.36970445636,True,0.75,{}
2024-01-06 05:00:00,EURUSD,SignalType.BUY,745227.1622912304,True,0.75,{}
2024-01-06 06:00:00,EURUSD,SignalType.BUY,-1028760.2509424005,False,0.75,{}
2024-01-06 07:00:00,EURUSD,SignalType.SELL,541673.0763910982,False,0.75,{}
2024-01-06 08:00:00,EURUSD,SignalType.BUY,1381806.4826120895,True,0.75,{}
2024-01-06 09:00:00,EURUSD,SignalType.BUY,-1067137.402130843,False,0.75,{}
2024-01-06 10:00:00,EURUSD,SignalType.SELL,980823.772883391,False,0.75,{}
2024-01-06 11:00:00,EURUSD,SignalType.BUY,644469.5249490042,True,0.75,{}
2024-01-06 12:00:00,EURUSD,SignalType.BUY,-344286.4991510828,False,0.75,{}
2024-01-06 13:00:00,EURUSD,SignalType.SELL,1543073.605010659,False,0.75,{}
2024-01-06 14:00:00,EURUSD,SignalType.BUY,234552.21128808943,True,0.75,{}
2024-01-06 15:00:00,EURUSD,SignalType.BUY,-771448.645057344,False,0.75,{}
2024-01-06 16:00:00,EURUSD,SignalType.SELL,-653725.1131276184,True,0.75,{}
2024-01-06 17:00:00,EURUSD,SignalType.SELL,-803737.368206855,True,0.75,{}
2024-01-06 18:00:00,EURUSD,SignalType.SELL,-878913.0836102618,True,0.75,{}
2024-01-06 19:00:00,EURUSD,SignalType.SELL,283113.2953501856,False,0.75,{}
2024-01-06 20:00:00,EURUSD,SignalType.BUY,806970.2659154587,True,0.75,{}
2024-01-06 21:00:00,EURUSD,SignalType.BUY,-87177.65678353999,False,0.75,{}
2024-01-06 22:00:00,EURUSD,SignalType.SELL,2404754.273662147,False,0.75,{}
2024-01-06 23:00:00,EURUSD,SignalType.BUY,82553.58524401572,True,0.75,{}
2024-01-07 00:00:00,EURUSD,SignalType.BUY,-2578805.5713931,False,0.75,{}
2024-01-07 01:00:00,EURUSD,SignalType.SELL,-1296628.339471972,True,0.75,{}
2024-01-07 02:00:00,EURUSD,SignalType.SELL,-583966.2192618926,True,0.75,{}
2024-01-07 03:00:00,EURUSD,SignalType.SELL,-610299.3945063781,True,0.75,{}
2024-01-07 04:00:00,EURUSD,SignalType.SELL,-1448466.4172739484,True,0.75,{}
2024-01-07 05:00:00,EURUSD,SignalType.SELL,-1232366.9260938345,True,0.75,{}
2024-01-07 06:00:00,EURUSD,SignalType.SELL,6031.797849549321,False,0.75,{}
2024-01-07 07:00:00,EURUSD,SignalType.HOLD,-40213.81392432886,False,0.75,{}
2024-01-07 08:00:00,EURUSD,SignalType.SELL,3579602.2364165275,False,0.75,{}
2024-01-07 09:00:00,EURUSD,SignalType.BUY,-963891.3596242082,False,0.75,{}
2024-01-07 10:00:00,EURUSD,SignalType.SELL,-379493.9256113776,True,0.75,{}
2024-01-07 11:00:00,EURUSD,SignalType.SELL,-573595.2364078866,True,0.75,{}
2024-01-07 12:00:00,EURUSD,SignalType.SELL,-560563.4660696841,True,0.75,{}
2024-01-07 13:00:00,EURUSD,SignalType.SELL,4610547.79987239,False,0.75,{}
2024-01-07 14:00:00,EURUSD,SignalType.BUY,695654.4879591911,True,0.75,{}
2024-01-07 15:00:00,EURUSD,SignalType.BUY,426702.7352585774,True,0.75,{}
2024-01-07 16:00:00,EURUSD,SignalType.BUY,-1601950.4911209128,False,0.75,{}
2024-01-07 17:00:00,EURUSD,SignalType.SELL,-1310783.2656785354,True,0.75,{}
2024-01-07 18:00:00,EURUSD,SignalType.SELL,-577405.6490025464,True,0.75,{}
2024-01-07 19:00:00,EURUSD,SignalType.SELL,-357246.37838355877,True,0.75,{}
2024-01-07 20:00:00,EURUSD,SignalType.SELL,266713.7098277749,False,0.75,{}
2024-01-07 21:00:00,EURUSD,SignalType.BUY,14529.561188282969,True,0.75,{}
2024-01-07 22:00:00,EURUSD,SignalType.HOLD,544176.1756309324,False,0.75,{}
2024-01-07 23:00:00,EURUSD,SignalType.BUY,1166247.0934456997,True,0.75,{}
2024-01-08 00:00:00,EURUSD,SignalType.BUY,-137843.1748580988,False,0.75,{}
2024-01-08 01:00:00,EURUSD,SignalType.SELL,-1391805.6677752042,True,0.75,{}
2024-01-08 02:00:00,EURUSD,SignalType.SELL,1924128.883533592,False,0.75,{}
2024-01-08 03:00:00,EURUSD,SignalType.BUY,-474211.188450397,False,0.75,{}
2024-01-08 04:00:00,EURUSD,SignalType.SELL,-886748.0618759169,True,0.75,{}
2024-01-08 05:00:00,EURUSD,SignalType.SELL,-2672061.9653697554,True,0.75,{}
2024-01-08 06:00:00,EURUSD,SignalType.SELL,-590013.0393147651,True,0.75,{}
2024-01-08 07:00:00,EURUSD,SignalType.SELL,1428852.275667366,False,0.75,{}
2024-01-08 08:00:00,EURUSD,SignalType.BUY,863148.6658962171,True,0.75,{}
2024-01-08 09:00:00,EURUSD,SignalType.BUY,-1353581.195543004,False,0.75,{}
2024-01-08 10:00:00,EURUSD,SignalType.SELL,803412.4855023857,False,0.75,{}
2024-01-08 11:00:00,EURUSD,SignalType.BUY,488567.3685482925,True,0.75,{}
2024-01-08 12:00:00,EURUSD,SignalType.BUY,317770.03114812716,True,0.75,{}
2024-01-08 13:00:00,EURUSD,SignalType.BUY,668654.9532395543,True,0.75,{}
2024-01-08 14:00:00,EURUSD,SignalType.BUY,297908.67729071126,True,0.75,{}
2024-01-08 15:00:00,EURUSD,SignalType.BUY,-39464.390503310366,False,0.75,{}
2024-01-08 16:00:00,EURUSD,SignalType.SELL,1462751.8030426814,False,0.75,{}
2024-01-08 17:00:00,EURUSD,SignalType.BUY,223486.75894026202,True,0.75,{}
2024-01-08 18:00:00,EURUSD,SignalType.BUY,572104.9161808105,True,0.75,{}
2024-01-08 19:00:00,EURUSD,SignalType.BUY,-678286.6967530935,False,0.75,{}
2024-01-08 20:00:00,EURUSD,SignalType.SELL,-2171310.5251926095,True,0.75,{}
2024-01-08 21:00:00,EURUSD,SignalType.SELL,-572825.7857244489,True,0.75,{}
2024-01-08 22:00:00,EURUSD,SignalType.SELL,46910.155810396645,False,0.75,{}
2024-01-08 23:00:00,EURUSD,SignalType.BUY,-1662552.608441956,False,0.75,{}
2024-01-09 00:00:00,EURUSD,SignalType.SELL,661701.2713306348,False,0.75,{}
2024-01-09 01:00:00,EURUSD,SignalType.BUY,-702844.5273715556,False,0.75,{}
2024-01-09 02:00:00,EURUSD,SignalType.SELL,-256427.65298186534,True,0.75,{}
2024-01-09 03:00:00,EURUSD,SignalType.SELL,-737632.2021997089,True,0.75,{}
2024-01-09 04:00:00,EURUSD,SignalType.SELL,-359155.9259724113,True,0.75,{}
2024-01-09 05:00:00,EURUSD,SignalType.SELL,-1580980.9239943798,True,0.75,{}
2024-01-09 06:00:00,EURUSD,SignalType.SELL,1631113.527242951,False,0.75,{}
2024-01-09 07:00:00,EURUSD,SignalType.BUY,1626906.5029342938,True,0.75,{}
2024-01-09 08:00:00,EURUSD,SignalType.BUY,905939.3196997894,True,0.75,{}
2024-01-09 09:00:00,EURUSD,SignalType.BUY,-601522.7339804778,False,0.75,{}
2024-01-09 10:00:00,EURUSD,SignalType.SELL,-263146.5397205807,True,0.75,{}
2024-01-09 11:00:00,EURUSD,SignalType.SELL,631144.7084375777,False,0.75,{}
2024-01-09 12:00:00,EURUSD,SignalType.BUY,-1307669.2309764598,False,0.75,{}
2024-01-09 13:00:00,EURUSD,SignalType.SELL,-73135.87617624762,True,0.75,{}
2024-01-09 14:00:00,EURUSD,SignalType.SELL,1411414.5312183313,False,0.75,{}
2024-01-09 15:00:00,EURUSD,SignalType.BUY,-262863.6275075155,False,0.75,{}
2024-01-09 16:00:00,EURUSD,SignalType.SELL,76158.02563167107,False,0.75,{}
2024-01-09 17:00:00,EURUSD,SignalType.BUY,1285300.8855219537,True,0.75,{}
2024-01-09 18:00:00,EURUSD,SignalType.BUY,634228.4787912036,True,0.75,{}
2024-01-09 19:00:00,EURUSD,SignalType.BUY,695042.4110964854,True,0.75,{}
2024-01-09 20:00:00,EURUSD,SignalType.BUY,-237584.0840038495,False,0.75,{}
2024-01-09 21:00:00,EURUSD,SignalType.SELL,746062.2500906788,False,0.75,{}
2024-01-09 22:00:00,EURUSD,SignalType.BUY,1497311.5437496812,True,0.75,{}
2024-01-09 23:00:00,EURUSD,SignalType.BUY,1100074.3868931022,True,0.75,{}
2024-01-10 00:00:00,EURUSD,SignalType.BUY,-804732.6229232817,False,0.75,{}
2024-01-10 01:00:00,EURUSD,SignalType.SELL,-666188.5407333466,True,0.75,{}
2024-01-10 02:00:00,EURUSD,SignalType.SELL,731864.976819279,False,0.75,{}
2024-01-10 03:00:00,EURUSD,SignalType.BUY,1468344.2933162088,True,0.75,{}
2024-01-10 04:00:00,EURUSD,SignalType.BUY,-317062.9716374492,False,0.75,{}
2024-01-10 05:00:00,EURUSD,SignalType.SELL,-1944804.846892846,True,0.75,{}
2024-01-10 06:00:00,EURUSD,SignalType.SELL,-91541.23974837603,True,0.75,{}
2024-01-10 07:00:00,EURUSD,SignalType.SELL,2142365.982742417,False,0.75,{}
2024-01-10 08:00:00,EURUSD,SignalType.BUY,1788088.9829330612,True,0.75,{}
2024-01-10 09:00:00,EURUSD,SignalType.BUY,-1222771.0884730732,False,0.75,{}
2024-01-10 10:00:00,EURUSD,SignalType.SELL,-1272690.1415193037,True,0.75,{}
2024-01-10 11:00:00,EURUSD,SignalType.SELL,1112695.6783850256,False,0.75,{}
2024-01-10 12:00:00,EURUSD,SignalType.BUY,229706.15645769384,True,0.75,{}
2024-01-10 13:00:00,EURUSD,SignalType.BUY,1843813.3208598425,True,0.75,{}
2024-01-10 14:00:00,EURUSD,SignalType.BUY,403548.78882614686,True,0.75,{}
2024-01-10 15:00:00,EURUSD,SignalType.BUY,1541370.9724388854,True,0.75,{}
2024-01-10 16:00:00,EURUSD,SignalType.BUY,677080.0073626515,True,0.75,{}
2024-01-10 17:00:00,EURUSD,SignalType.BUY,625003.5517187734,True,0.75,{}
2024-01-10 18:00:00,EURUSD,SignalType.BUY,-1382980.89871319,False,0.75,{}
2024-01-10 19:00:00,EURUSD,SignalType.SELL,-1167693.539189995,True,0.75,{}
2024-01-10 20:00:00,EURUSD,SignalType.SELL,-3462977.175448559,True,0.75,{}
2024-01-10 21:00:00,EURUSD,SignalType.SELL,3572786.4411688736,False,0.75,{}
2024-01-10 22:00:00,EURUSD,SignalType.BUY,-422532.6140249672,False,0.75,{}
2024-01-10 23:00:00,EURUSD,SignalType.SELL,-624815.7736022585,True,0.75,{}
2024-01-11 00:00:00,EURUSD,SignalType.SELL,-1553101.7991308614,True,0.75,{}
2024-01-11 01:00:00,EURUSD,SignalType.SELL,-3611928.827695408,True,0.75,{}
2024-01-11 02:00:00,EURUSD,SignalType.SELL,-15198.069764662705,True,0.75,{}
2024-01-11 03:00:00,EURUSD,SignalType.HOLD,140657.9031212823,False,0.75,{}
2024-01-11 04:00:00,EURUSD,SignalType.BUY,-881952.5834765909,False,0.75,{}
2024-01-11 05:00:00,EURUSD,SignalType.SELL,1717921.5737230128,False,0.75,{}
2024-01-11 06:00:00,EURUSD,SignalType.BUY,745909.9872563229,True,0.75,{}
2024-01-11 07:00:00,EURUSD,SignalType.BUY,-342583.86776733457,False,0.75,{}
2024-01-11 08:00:00,EURUSD,SignalType.SELL,-260837.22000107172,True,0.75,{}
2024-01-11 09:00:00,EURUSD,SignalType.SELL,-1965829.5325117547,True,0.75,{}
2024-01-11 10:00:00,EURUSD,SignalType.SELL,753679.1398071364,False,0.75,{}
2024-01-11 11:00:00,EURUSD,SignalType.BUY,1000282.3318346963,True,0.75,{}
2024-01-11 12:00:00,EURUSD,SignalType.BUY,30093.47263708605,True,0.75,{}
2024-01-11 13:00:00,EURUSD,SignalType.HOLD,6466.320593719956,False,0.75,{}
2024-01-11 14:00:00,EURUSD,SignalType.HOLD,911910.7437258322,False,0.75,{}
2024-01-11 15:00:00,EURUSD,SignalType.BUY,543513.2224284416,True,0.75,{}
2024-01-11 16:00:00,EURUSD,SignalType.BUY,239049.82849194083,True,0.75,{}
2024-01-11 17:00:00,EURUSD,SignalType.BUY,-411559.1886864968,False,0.75,{}
2024-01-11 18:00:00,EURUSD,SignalType.SELL,-1134570.821047455,True,0.75,{}
2024-01-11 19:00:00,EURUSD,SignalType.SELL,-1249528.6823242668,True,0.75,{}
2024-01-11 20:00:00,EURUSD,SignalType.SELL,-511731.6820164137,True,0.75,{}
2024-01-11 21:00:00,EURUSD,SignalType.SELL,3176190.9100833987,False,0.75,{}
2024-01-11 22:00:00,EURUSD,SignalType.BUY,-921040.4962257644,False,0.75,{}
2024-01-11 23:00:00,EURUSD,SignalType.SELL,-867979.6318465469,True,0.75,{}
2024-01-12 00:00:00,EURUSD,SignalType.SELL,-864615.5641117502,True,0.75,{}
2024-01-12 01:00:00,EURUSD,SignalType.SELL,1840729.7066675187,False,0.75,{}
2024-01-12 02:00:00,EURUSD,SignalType.BUY,-1435072.663335236,False,0.75,{}
2024-01-12 03:00:00,EURUSD,SignalType.SELL,437506.1557088543,False,0.75,{}
2024-01-12 04:00:00,EURUSD,SignalType.BUY,678692.3548952973,True,0.75,{}
2024-01-12 05:00:00,EURUSD,SignalType.BUY,466269.7254423256,True,0.75,{}
2024-01-12 06:00:00,EURUSD,SignalType.BUY,810740.3137671576,True,0.75,{}
2024-01-12 07:00:00,EURUSD,SignalType.BUY,601052.5232101235,True,0.75,{}
2024-01-12 08:00:00,EURUSD,SignalType.BUY,565444.9867790276,True,0.75,{}
2024-01-12 09:00:00,EURUSD,SignalType.BUY,-2767890.0491032596,False,0.75,{}
2024-01-12 10:00:00,EURUSD,SignalType.SELL,-932252.5410403728,True,0.75,{}
2024-01-12 11:00:00,EURUSD,SignalType.SELL,587969.4015223435,False,0.75,{}
2024-01-12 12:00:00,EURUSD,SignalType.BUY,823690.350210868,True,0.75,{}
2024-01-12 13:00:00,EURUSD,SignalType.BUY,-125795.8078348679,False,0.75,{}
2024-01-12 14:00:00,EURUSD,SignalType.SELL,835117.1531894761,False,0.75,{}
2024-01-12 15:00:00,EURUSD,SignalType.BUY,-859667.2934486651,False,0.75,{}
2024-01-12 16:00:00,EURUSD,SignalType.SELL,397553.35149156966,False,0.75,{}
2024-01-12 17:00:00,EURUSD,SignalType.BUY,55181.51678074218,True,0.75,{}
2024-01-12 18:00:00,EURUSD,SignalType.BUY,1240954.1667186408,True,0.75,{}
2024-01-12 19:00:00,EURUSD,SignalType.BUY,-818493.9412147923,False,0.75,{}
2024-01-12 20:00:00,EURUSD,SignalType.SELL,1281990.8855981613,False,0.75,{}
2024-01-12 21:00:00,EURUSD,SignalType.BUY,1337065.9269790282,True,0.75,{}
2024-01-12 22:00:00,EURUSD,SignalType.BUY,958927.8700956469,True,0.75,{}
2024-01-12 23:00:00,EURUSD,SignalType.BUY,-1814780.8245183683,False,0.75,{}
2024-01-13 00:00:00,EURUSD,SignalType.SELL,123495.09543063732,False,0.75,{}
2024-01-13 01:00:00,EURUSD,SignalType.BUY,461422.4878480127,True,0.75,{}
2024-01-13 02:00:00,EURUSD,SignalType.BUY,-7621714.951507579,False,0.75,{}
2024-01-13 03:00:00,EURUSD,SignalType.SELL,2635946.8365793396,False,0.75,{}
2024-01-13 04:00:00,EURUSD,SignalType.BUY,468075.99187298364,True,0.75,{}
2024-01-13 05:00:00,EURUSD,SignalType.BUY,1792857.888415608,True,0.75,{}
2024-01-13 06:00:00,EURUSD,SignalType.BUY,54863.13489352369,True,0.75,{}
2024-01-13 07:00:00,EURUSD,SignalType.BUY,-396217.8757333845,False,0.75,{}
2024-01-13 08:00:00,EURUSD,SignalType.SELL,939747.5784853373,False,0.75,{}
2024-01-13 09:00:00,EURUSD,SignalType.BUY,-1246668.869340008,False,0.75,{}
2024-01-13 10:00:00,EURUSD,SignalType.SELL,-404693.11946563266,True,0.75,{}
2024-01-13 11:00:00,EURUSD,SignalType.SELL,-906699.7040453361,True,0.75,{}
2024-01-13 12:00:00,EURUSD,SignalType.SELL,-1637008.5791512611,True,0.75,{}
2024-01-13 13:00:00,EURUSD,SignalType.SELL,-999126.0150924177,True,0.75,{}
2024-01-13 14:00:00,EURUSD,SignalType.SELL,-395321.2590837416,True,0.75,{}
2024-01-13 15:00:00,EURUSD,SignalType.SELL,1379785.786697016,False,0.75,{}
2024-01-13 16:00:00,EURUSD,SignalType.BUY,-61853.68274200527,False,0.75,{}
2024-01-13 17:00:00,EURUSD,SignalType.SELL,-143380.4952191008,True,0.75,{}
2024-01-13 18:00:00,EURUSD,SignalType.SELL,264008.15303232096,False,0.75,{}
2024-01-13 19:00:00,EURUSD,SignalType.BUY,-209017.59135869725,False,0.75,{}
2024-01-13 20:00:00,EURUSD,SignalType.SELL,1811472.2897203593,False,0.75,{}
2024-01-13 21:00:00,EURUSD,SignalType.BUY,1287395.4932194487,True,0.75,{}
2024-01-13 22:00:00,EURUSD,SignalType.BUY,-1756116.7493043672,False,0.75,{}
2024-01-13 23:00:00,EURUSD,SignalType.SELL,676372.4830800993,False,0.75,{}
2024-01-14 00:00:00,EURUSD,SignalType.BUY,1248437.2807460704,True,0.75,{}
2024-01-14 01:00:00,EURUSD,SignalType.BUY,-54614.415487365026,False,0.75,{}
2024-01-14 02:00:00,EURUSD,SignalType.SELL,-2060043.2757478985,True,0.75,{}
2024-01-14 03:00:00,EURUSD,SignalType.SELL,1863150.110711988,False,0.75,{}
2024-01-14 04:00:00,EURUSD,SignalType.BUY,-17039.4614041561,False,0.75,{}
2024-01-14 05:00:00,EURUSD,SignalType.HOLD,360191.95263259235,False,0.75,{}
2024-01-14 06:00:00,EURUSD,SignalType.BUY,-1825056.9903518022,False,0.75,{}
2024-01-14 07:00:00,EURUSD,SignalType.SELL,-3416633.813407268,True,0.75,{}
2024-01-14 08:00:00,EURUSD,SignalType.SELL,1443216.4369057706,False,0.75,{}
2024-01-14 09:00:00,EURUSD,SignalType.BUY,-1051875.4496515202,False,0.75,{}
2024-01-14 10:00:00,EURUSD,SignalType.SELL,120297.70922223406,False,0.75,{}
2024-01-14 11:00:00,EURUSD,SignalType.BUY,1035244.3550013981,True,0.75,{}
2024-01-14 12:00:00,EURUSD,SignalType.BUY,-1572052.2048347243,False,0.75,{}
2024-01-14 13:00:00,EURUSD,SignalType.SELL,-1498170.9358264152,True,0.75,{}
2024-01-14 14:00:00,EURUSD,SignalType.SELL,96428.79619551195,False,0.75,{}
2024-01-14 15:00:00,EURUSD,SignalType.BUY,1217532.6714030392,True,0.75,{}
2024-01-14 16:00:00,EURUSD,SignalType.BUY,1087492.9532441,True,0.75,{}
2024-01-14 17:00:00,EURUSD,SignalType.BUY,1321437.4345550663,True,0.75,{}
2024-01-14 18:00:00,EURUSD,SignalType.BUY,1390434.3251506498,True,0.75,{}
2024-01-14 19:00:00,EURUSD,SignalType.BUY,1110356.1841730925,True,0.75,{}
2024-01-14 20:00:00,EURUSD,SignalType.BUY,-1268001.9761212724,False,0.75,{}
2024-01-14 21:00:00,EURUSD,SignalType.SELL,-1991116.7372489353,True,0.75,{}
2024-01-14 22:00:00,EURUSD,SignalType.SELL,-727355.3019229076,True,0.75,{}
2024-01-14 23:00:00,EURUSD,SignalType.SELL,-1010001.918711173,True,0.75,{}
2024-01-15 00:00:00,EURUSD,SignalType.SELL,-2401461.202807138,True,0.75,{}
2024-01-15 01:00:00,EURUSD,SignalType.SELL,2362047.6852380987,False,0.75,{}
2024-01-15 02:00:00,EURUSD,SignalType.BUY,210317.02942554376,True,0.75,{}
2024-01-15 03:00:00,EURUSD,SignalType.BUY,-3235.1501114681014,False,0.75,{}
2024-01-15 04:00:00,EURUSD,SignalType.HOLD,63334.04081612344,False,0.75,{}
2024-01-15 05:00:00,EURUSD,SignalType.BUY,1380829.3630428351,True,0.75,{}
2024-01-15 06:00:00,EURUSD,SignalType.BUY,-855625.1815205769,False,0.75,{}
2024-01-15 07:00:00,EURUSD,SignalType.SELL,-277880.4245260835,True,0.75,{}
2024-01-15 08:00:00,EURUSD,SignalType.SELL,184961.253560798,False,0.75,{}
2024-01-15 09:00:00,EURUSD,SignalType.BUY,-823861.4157581378,False,0.75,{}
2024-01-15 10:00:00,EURUSD,SignalType.SELL,-638225.698045901,True,0.75,{}
2024-01-15 11:00:00,EURUSD,SignalType.SELL,1087038.835761714,False,0.75,{}
2024-01-15 12:00:00,EURUSD,SignalType.BUY,-755858.5532025404,False,0.75,{}
2024-01-15 13:00:00,EURUSD,SignalType.SELL,-1302108.4070064945,True,0.75,{}
2024-01-15 14:00:00,EURUSD,SignalType.SELL,2481677.7621743223,False,0.75,{}
2024-01-15 15:00:00,EURUSD,SignalType.BUY,1743996.2677279345,True,0.75,{}
2024-01-15 16:00:00,EURUSD,SignalType.BUY,1141959.7369182792,True,0.75,{}
2024-01-15 17:00:00,EURUSD,SignalType.BUY,-3010341.1426831735,False,0.75,{}
2024-01-15 18:00:00,EURUSD,SignalType.SELL,-1156645.1092930469,True,0.75,{}
2024-01-15 19:00:00,EURUSD,SignalType.SELL,-2342530.4093910735,True,0.75,{}
2024-01-15 20:00:00,EURUSD,SignalType.SELL,1755929.0581994094,False,0.75,{}
2024-01-15 21:00:00,EURUSD,SignalType.BUY,110358.49569809898,True,0.75,{}
2024-01-15 22:00:00,EURUSD,SignalType.BUY,-2114643.4143849523,False,0.75,{}
2024-01-15 23:00:00,EURUSD,SignalType.SELL,3532370.7024810235,False,0.75,{}
2024-01-16 00:00:00,EURUSD,SignalType.BUY,-264644.2797444115,False,0.75,{}
2024-01-16 01:00:00,EURUSD,SignalType.SELL,1748828.5141117966,False,0.75,{}
2024-01-16 02:00:00,EURUSD,SignalType.BUY,444328.1621755773,True,0.75,{}
2024-01-16 03:00:00,EURUSD,SignalType.BUY,914156.3375047463,True,0.75,{}
2024-01-16 04:00:00,EURUSD,SignalType.BUY,-230499.3837816005,False,0.75,{}
2024-01-16 05:00:00,EURUSD,SignalType.SELL,984289.2331110216,False,0.75,{}
2024-01-16 06:00:00,EURUSD,SignalType.BUY,-1930509.6895416728,False,0.75,{}
2024-01-16 07:00:00,EURUSD,SignalType.SELL,1394861.6974520974,False,0.75,{}
2024-01-16 08:00:00,EURUSD,SignalType.BUY,-2322114.2127502593,False,0.75,{}
2024-01-16 09:00:00,EURUSD,SignalType.SELL,106614.96488575949,False,0.75,{}
2024-01-16 10:00:00,EURUSD,SignalType.BUY,430185.4200354501,True,0.75,{}
2024-01-16 11:00:00,EURUSD,SignalType.BUY,495623.311969448,True,0.75,{}
2024-01-16 12:00:00,EURUSD,SignalType.BUY,-552941.2664239339,False,0.75,{}
2024-01-16 13:00:00,EURUSD,SignalType.SELL,-1864003.9475308436,True,0.75,{}
2024-01-16 14:00:00,EURUSD,SignalType.SELL,987674.7995748201,False,0.75,{}
2024-01-16 15:00:00,EURUSD,SignalType.BUY,-973452.1174992551,False,0.75,{}
2024-01-16 16:00:00,EURUSD,SignalType.SELL,2421033.223513266,False,0.75,{}
2024-01-16 17:00:00,EURUSD,SignalType.BUY,1410962.0059496616,True,0.75,{}
2024-01-16 18:00:00,EURUSD,SignalType.BUY,-500706.84848603833,False,0.75,{}
2024-01-16 19:00:00,EURUSD,SignalType.SELL,70495.34245752738,False,0.75,{}
2024-01-16 20:00:00,EURUSD,SignalType.BUY,-1873671.446021674,False,0.75,{}
2024-01-16 21:00:00,EURUSD,SignalType.SELL,1507135.7487721548,False,0.75,{}
2024-01-16 22:00:00,EURUSD,SignalType.BUY,-139370.34020157397,False,0.75,{}
2024-01-16 23:00:00,EURUSD,SignalType.SELL,445223.1525782895,False,0.75,{}
2024-01-17 00:00:00,EURUSD,SignalType.BUY,-499664.4833622986,False,0.75,{}
2024-01-17 01:00:00,EURUSD,SignalType.SELL,47299.19393538239,False,0.75,{}
2024-01-17 02:00:00,EURUSD,SignalType.BUY,1079466.1600712356,True,0.75,{}
2024-01-17 03:00:00,EURUSD,SignalType.BUY,1121499.796859432,True,0.75,{}
2024-01-17 04:00:00,EURUSD,SignalType.BUY,1481413.6509407195,True,0.75,{}
2024-01-17 05:00:00,EURUSD,SignalType.BUY,774772.3996009335,True,0.75,{}
2024-01-17 06:00:00,EURUSD,SignalType.BUY,153526.77845169182,True,0.75,{}
2024-01-17 07:00:00,EURUSD,SignalType.HOLD,582415.9846036832,False,0.75,{}
2024-01-17 08:00:00,EURUSD,SignalType.BUY,-902735.0330506578,False,0.75,{}
2024-01-17 09:00:00,EURUSD,SignalType.SELL,-1557595.1553110213,True,0.75,{}
2024-01-17 10:00:00,EURUSD,SignalType.SELL,-229031.71629040118,True,0.75,{}
2024-01-17 11:00:00,EURUSD,SignalType.SELL,505739.69270755467,False,0.75,{}
2024-01-17 12:00:00,EURUSD,SignalType.BUY,2165911.980173239,True,0.75,{}
2024-01-17 13:00:00,EURUSD,SignalType.BUY,-892359.680752063,False,0.75,{}
2024-01-17 14:00:00,EURUSD,SignalType.SELL,631079.3835314143,False,0.75,{}
2024-01-17 15:00:00,EURUSD,SignalType.BUY,1480484.2468851688,True,0.75,{}
2024-01-17 16:00:00,EURUSD,SignalType.BUY,669559.9911926683,True,0.75,{}
2024-01-17 17:00:00,EURUSD,SignalType.BUY,-122782.9430105703,False,0.75,{}
2024-01-17 18:00:00,EURUSD,SignalType.SELL,168785.11645475554,False,0.75,{}
2024-01-17 19:00:00,EURUSD,SignalType.BUY,-1323537.9316172067,False,0.75,{}
2024-01-17 20:00:00,EURUSD,SignalType.SELL,1358683.8874524347,False,0.75,{}
2024-01-17 21:00:00,EURUSD,SignalType.BUY,1339899.6019688912,True,0.75,{}
2024-01-17 22:00:00,EURUSD,SignalType.BUY,369877.9034556719,True,0.75,{}
2024-01-17 23:00:00,EURUSD,SignalType.BUY,671745.1942868683,True,0.75,{}
2024-01-18 00:00:00,EURUSD,SignalType.BUY,-1668223.2001628517,False,0.75,{}
2024-01-18 01:00:00,EURUSD,SignalType.SELL,-1257180.026721785,True,0.75,{}
2024-01-18 02:00:00,EURUSD,SignalType.SELL,1739057.2691967327,False,0.75,{}
2024-01-18 03:00:00,EURUSD,SignalType.BUY,-437020.8981807355,False,0.75,{}
2024-01-18 04:00:00,EURUSD,SignalType.SELL,-3456059.3869067226,True,0.75,{}
2024-01-18 05:00:00,EURUSD,SignalType.SELL,-478206.02218457905,True,0.75,{}
2024-01-18 06:00:00,EURUSD,SignalType.SELL,-531440.1802369799,True,0.75,{}
2024-01-18 07:00:00,EURUSD,SignalType.SELL,-80911.09767149873,True,0.75,{}
2024-01-18 08:00:00,EURUSD,SignalType.SELL,1713941.8875492448,False,0.75,{}
2024-01-18 09:00:00,EURUSD,SignalType.BUY,-1037624.1611867318,False,0.75,{}
2024-01-18 10:00:00,EURUSD,SignalType.SELL,-777057.3868428164,True,0.75,{}
2024-01-18 11:00:00,EURUSD,SignalType.SELL,143337.33724970443,False,0.75,{}
2024-01-18 12:00:00,EURUSD,SignalType.BUY,-800501.6584556939,False,0.75,{}
2024-01-18 13:00:00,EURUSD,SignalType.SELL,840130.9417668085,False,0.75,{}
2024-01-18 14:00:00,EURUSD,SignalType.BUY,-385569.7669743245,False,0.75,{}
2024-01-18 15:00:00,EURUSD,SignalType.SELL,1085768.9645371942,False,0.75,{}
2024-01-18 16:00:00,EURUSD,SignalType.BUY,-131393.5522038355,False,0.75,{}
2024-01-18 17:00:00,EURUSD,SignalType.SELL,5041466.823652542,False,0.75,{}
2024-01-18 18:00:00,EURUSD,SignalType.BUY,1385793.6408265096,True,0.75,{}
2024-01-18 19:00:00,EURUSD,SignalType.BUY,531082.3926656394,True,0.75,{}
2024-01-18 20:00:00,EURUSD,SignalType.BUY,1468825.6189245386,True,0.75,{}
2024-01-18 21:00:00,EURUSD,SignalType.BUY,-1305973.8308852366,False,0.75,{}
2024-01-18 22:00:00,EURUSD,SignalType.SELL,-1469426.6014009237,True,0.75,{}
2024-01-18 23:00:00,EURUSD,SignalType.SELL,-186558.4034660469,True,0.75,{}
2024-01-19 00:00:00,EURUSD,SignalType.SELL,708701.0363359514,False,0.75,{}
2024-01-19 01:00:00,EURUSD,SignalType.BUY,-995509.6151736779,False,0.75,{}
2024-01-19 02:00:00,EURUSD,SignalType.SELL,-660661.2536599323,True,0.75,{}
2024-01-19 03:00:00,EURUSD,SignalType.SELL,453180.36549601855,False,0.75,{}
2024-01-19 04:00:00,EURUSD,SignalType.BUY,1299849.5397976104,True,0.75,{}
2024-01-19 05:00:00,EURUSD,SignalType.BUY,1145566.8363030371,True,0.75,{}
2024-01-19 06:00:00,EURUSD,SignalType.BUY,-1267169.3645067262,False,0.75,{}
2024-01-19 07:00:00,EURUSD,SignalType.SELL,-1132478.7638750605,True,0.75,{}
2024-01-19 08:00:00,EURUSD,SignalType.SELL,1063880.9812421368,False,0.75,{}
2024-01-19 09:00:00,EURUSD,SignalType.BUY,-1273195.486797713,False,0.75,{}
2024-01-19 10:00:00,EURUSD,SignalType.SELL,-1001090.4614700621,True,0.75,{}
2024-01-19 11:00:00,EURUSD,SignalType.SELL,-153223.2546798241,True,0.75,{}
2024-01-19 12:00:00,EURUSD,SignalType.SELL,-4965907.990595251,True,0.75,{}
2024-01-19 13:00:00,EURUSD,SignalType.SELL,759604.5076590371,False,0.75,{}
2024-01-19 14:00:00,EURUSD,SignalType.BUY,-806382.8502973774,False,0.75,{}
2024-01-19 15:00:00,EURUSD,SignalType.SELL,-1204336.8435859429,True,0.75,{}
2024-01-19 16:00:00,EURUSD,SignalType.SELL,34436.65004791001,False,0.75,{}
2024-01-19 17:00:00,EURUSD,SignalType.BUY,1894367.6540998057,True,0.75,{}
2024-01-19 18:00:00,EURUSD,SignalType.BUY,624776.5148306167,True,0.75,{}
2024-01-19 19:00:00,EURUSD,SignalType.BUY,-948138.6414371082,False,0.75,{}
2024-01-19 20:00:00,EURUSD,SignalType.SELL,-341939.18055676477,True,0.75,{}
2024-01-19 21:00:00,EURUSD,SignalType.SELL,54592.146551747195,False,0.75,{}
2024-01-19 22:00:00,EURUSD,SignalType.BUY,-665853.987102496,False,0.75,{}
2024-01-19 23:00:00,EURUSD,SignalType.SELL,-222183.02784676553,True,0.75,{}
2024-01-20 00:00:00,EURUSD,SignalType.SELL,-431509.289592359,True,0.75,{}
2024-01-20 01:00:00,EURUSD,SignalType.SELL,-22280.380157278614,True,0.75,{}
2024-01-20 02:00:00,EURUSD,SignalType.HOLD,-390319.722985314,False,0.75,{}
2024-01-20 03:00:00,EURUSD,SignalType.SELL,-2816188.63270784,True,0.75,{}
2024-01-20 04:00:00,EURUSD,SignalType.SELL,888710.181603401,False,0.75,{}
2024-01-20 05:00:00,EURUSD,SignalType.BUY,-285993.4417508771,False,0.75,{}
2024-01-20 06:00:00,EURUSD,SignalType.SELL,1316711.7262088868,False,0.75,{}
2024-01-20 07:00:00,EURUSD,SignalType.BUY,44259.31610633824,True,0.75,{}
2024-01-20 08:00:00,EURUSD,SignalType.BUY,-30146.35149057085,False,0.75,{}
2024-01-20 09:00:00,EURUSD,SignalType.SELL,1198248.9984137556,False,0.75,{}
2024-01-20 10:00:00,EURUSD,SignalType.BUY,352958.13997888216,True,0.75,{}
2024-01-20 11:00:00,EURUSD,SignalType.BUY,2722572.5757972943,True,0.75,{}
2024-01-20 12:00:00,EURUSD,SignalType.BUY,815772.7360287072,True,0.75,{}
2024-01-20 13:00:00,EURUSD,SignalType.BUY,1008327.1050337089,True,0.75,{}
2024-01-20 14:00:00,EURUSD,SignalType.BUY,-1015791.688690731,False,0.75,{}
2024-01-20 15:00:00,EURUSD,SignalType.SELL,-349645.09091713355,True,0.75,{}
2024-01-20 16:00:00,EURUSD,SignalType.SELL,-1203209.0476199551,True,0.75,{}
2024-01-20 17:00:00,EURUSD,SignalType.SELL,868329.1040462109,False,0.75,{}
2024-01-20 18:00:00,EURUSD,SignalType.BUY,-1216784.4407832285,False,0.75,{}
2024-01-20 19:00:00,EURUSD,SignalType.SELL,1657385.0163903877,False,0.75,{}
2024-01-20 20:00:00,EURUSD,SignalType.BUY,142022.9087468897,True,0.75,{}
2024-01-20 21:00:00,EURUSD,SignalType.BUY,1776305.701792594,True,0.75,{}
2024-01-20 22:00:00,EURUSD,SignalType.BUY,-346371.8176791326,False,0.75,{}
2024-01-20 23:00:00,EURUSD,SignalType.SELL,-1582808.4640570933,True,0.75,{}
2024-01-21 00:00:00,EURUSD,SignalType.SELL,798903.5915011505,False,0.75,{}
2024-01-21 01:00:00,EURUSD,SignalType.BUY,-1583651.0611387484,False,0.75,{}
2024-01-21 02:00:00,EURUSD,SignalType.SELL,1131013.0234217537,False,0.75,{}
2024-01-21 03:00:00,EURUSD,SignalType.BUY,-1244450.801924479,False,0.75,{}
2024-01-21 04:00:00,EURUSD,SignalType.SELL,-884348.604657946,True,0.75,{}
2024-01-21 05:00:00,EURUSD,SignalType.SELL,-174462.2892343523,True,0.75,{}
2024-01-21 06:00:00,EURUSD,SignalType.SELL,-941076.5619359722,True,0.75,{}
2024-01-21 07:00:00,EURUSD,SignalType.SELL,368034.70903148764,False,0.75,{}
2024-01-21 08:00:00,EURUSD,SignalType.BUY,678593.9870318226,True,0.75,{}
2024-01-21 09:00:00,EURUSD,SignalType.BUY,-409690.21434895694,False,0.75,{}
2024-01-21 10:00:00,EURUSD,SignalType.SELL,-1550814.8074446057,True,0.75,{}
2024-01-21 11:00:00,EURUSD,SignalType.SELL,618317.3095995904,False,0.75,{}
2024-01-21 12:00:00,EURUSD,SignalType.BUY,-276947.7228040091,False,0.75,{}
2024-01-21 13:00:00,EURUSD,SignalType.SELL,2021174.8588286059,False,0.75,{}
2024-01-21 14:00:00,EURUSD,SignalType.BUY,720219.04786194,True,0.75,{}
2024-01-21 15:00:00,EURUSD,SignalType.BUY,-2497798.117119087,False,0.75,{}
2024-01-21 16:00:00,EURUSD,SignalType.SELL,-2031782.9981248905,True,0.75,{}
2024-01-21 17:00:00,EURUSD,SignalType.SELL,-1274489.0162346563,True,0.75,{}
2024-01-21 18:00:00,EURUSD,SignalType.SELL,-59611.42160154395,True,0.75,{}
2024-01-01 01:00:00,GBPUSD,SignalType.BUY,1661152.158055329,True,0.75,{}
2024-01-01 02:00:00,GBPUSD,SignalType.BUY,-113537.064194594,False,0.75,{}
2024-01-01 03:00:00,GBPUSD,SignalType.SELL,-385882.37280070985,True,0.75,{}
2024-01-01 04:00:00,GBPUSD,SignalType.SELL,-1637841.0927267577,True,0.75,{}
2024-01-01 05:00:00,GBPUSD,SignalType.SELL,2119143.1341628446,False,0.75,{}
2024-01-01 06:00:00,GBPUSD,SignalType.BUY,832171.3704209082,True,0.75,{}
2024-01-01 07:00:00,GBPUSD,SignalType.BUY,-5488837.931669268,False,0.75,{}
2024-01-01 08:00:00,GBPUSD,SignalType.SELL,658629.5873137669,False,0.75,{}
2024-01-01 09:00:00,GBPUSD,SignalType.BUY,1876002.243395443,True,0.75,{}
2024-01-01 10:00:00,GBPUSD,SignalType.BUY,1693641.7602320113,True,0.75,{}
2024-01-01 11:00:00,GBPUSD,SignalType.BUY,-2874162.882538666,False,0.75,{}
2024-01-01 12:00:00,GBPUSD,SignalType.SELL,-438846.17911268095,True,0.75,{}
2024-01-01 13:00:00,GBPUSD,SignalType.SELL,-854648.0466142031,True,0.75,{}
2024-01-01 14:00:00,GBPUSD,SignalType.SELL,366900.9793272647,False,0.75,{}
2024-01-01 15:00:00,GBPUSD,SignalType.BUY,-411362.31974835054,False,0.75,{}
2024-01-01 16:00:00,GBPUSD,SignalType.SELL,-770164.9970287227,True,0.75,{}
2024-01-01 17:00:00,GBPUSD,SignalType.SELL,2210730.3503962127,False,0.75,{}
2024-01-01 18:00:00,GBPUSD,SignalType.BUY,698309.8735163594,True,0.75,{}
2024-01-01 19:00:00,GBPUSD,SignalType.BUY,-677791.0418308727,False,0.75,{}
2024-01-01 20:00:00,GBPUSD,SignalType.SELL,439884.8014416472,False,0.75,{}
2024-01-01 21:00:00,GBPUSD,SignalType.BUY,-1425073.6426670852,False,0.75,{}
2024-01-01 22:00:00,GBPUSD,SignalType.SELL,-1008049.0476123422,True,0.75,{}
2024-01-01 23:00:00,GBPUSD,SignalType.SELL,-306238.2722524012,True,0.75,{}
2024-01-02 00:00:00,GBPUSD,SignalType.SELL,916965.6716098973,False,0.75,{}
2024-01-02 01:00:00,GBPUSD,SignalType.BUY,883938.481193762,True,0.75,{}
2024-01-02 02:00:00,GBPUSD,SignalType.BUY,-1104342.1217799904,False,0.75,{}
2024-01-02 03:00:00,GBPUSD,SignalType.SELL,718369.2370702078,False,0.75,{}
2024-01-02 04:00:00,GBPUSD,SignalType.BUY,913456.9658061867,True,0.75,{}
2024-01-02 05:00:00,GBPUSD,SignalType.BUY,957654.1474181851,True,0.75,{}
2024-01-02 06:00:00,GBPUSD,SignalType.BUY,781266.2040883066,True,0.75,{}
2024-01-02 07:00:00,GBPUSD,SignalType.BUY,-788997.9102599602,False,0.75,{}
2024-01-02 08:00:00,GBPUSD,SignalType.SELL,285560.06962695165,False,0.75,{}
2024-01-02 09:00:00,GBPUSD,SignalType.BUY,622589.7041922361,True,0.75,{}
2024-01-02 10:00:00,GBPUSD,SignalType.BUY,-475877.9038278135,False,0.75,{}
2024-01-02 11:00:00,GBPUSD,SignalType.SELL,1497469.8448780987,False,0.75,{}
2024-01-02 12:00:00,GBPUSD,SignalType.BUY,-1284360.5226697763,False,0.75,{}
2024-01-02 13:00:00,GBPUSD,SignalType.SELL,1039635.597457916,False,0.75,{}
2024-01-02 14:00:00,GBPUSD,SignalType.BUY,1652866.525064892,True,0.75,{}
2024-01-02 15:00:00,GBPUSD,SignalType.BUY,-127189.45591571582,False,0.75,{}
2024-01-02 16:00:00,GBPUSD,SignalType.SELL,-2522571.7718307385,True,0.75,{}
2024-01-02 17:00:00,GBPUSD,SignalType.SELL,30416.21283219172,False,0.75,{}
2024-01-02 18:00:00,GBPUSD,SignalType.BUY,36570.15032890797,True,0.75,{}
2024-01-02 19:00:00,GBPUSD,SignalType.BUY,-34353.08290967328,False,0.75,{}
2024-01-02 20:00:00,GBPUSD,SignalType.SELL,74921.02322837013,False,0.75,{}
2024-01-02 21:00:00,GBPUSD,SignalType.BUY,-980733.9275241833,False,0.75,{}
2024-01-02 22:00:00,GBPUSD,SignalType.SELL,-1154890.8345198175,True,0.75,{}
2024-01-02 23:00:00,GBPUSD,SignalType.SELL,1064777.6961518617,False,0.75,{}
2024-01-03 00:00:00,GBPUSD,SignalType.BUY,-396473.8176751433,False,0.75,{}
2024-01-03 01:00:00,GBPUSD,SignalType.SELL,937744.2510211893,False,0.75,{}
2024-01-03 02:00:00,GBPUSD,SignalType.BUY,-1142782.9837010654,False,0.75,{}
2024-01-03 03:00:00,GBPUSD,SignalType.SELL,481843.2312847352,False,0.75,{}
2024-01-03 04:00:00,GBPUSD,SignalType.BUY,46601.344543629464,True,0.75,{}
2024-01-03 05:00:00,GBPUSD,SignalType.BUY,-48483.16461845229,False,0.75,{}
2024-01-03 06:00:00,GBPUSD,SignalType.SELL,425307.2077325504,False,0.75,{}
2024-01-03 07:00:00,GBPUSD,SignalType.BUY,-92813.3837375907,False,0.75,{}
2024-01-03 08:00:00,GBPUSD,SignalType.SELL,98762.16876739875,False,0.75,{}
2024-01-03 09:00:00,GBPUSD,SignalType.BUY,552447.0172508194,True,0.75,{}
2024-01-03 10:00:00,GBPUSD,SignalType.BUY,1236953.5314890556,True,0.75,{}
2024-01-03 11:00:00,GBPUSD,SignalType.BUY,1263476.2095470682,True,0.75,{}
2024-01-03 12:00:00,GBPUSD,SignalType.BUY,514586.8453535184,True,0.75,{}
2024-01-03 13:00:00,GBPUSD,SignalType.BUY,1366719.0366242675,True,0.75,{}
2024-01-03 14:00:00,GBPUSD,SignalType.BUY,244608.5606151553,True,0.75,{}
2024-01-03 15:00:00,GBPUSD,SignalType.BUY,-1702881.3445162643,False,0.75,{}
2024-01-03 16:00:00,GBPUSD,SignalType.SELL,223170.76616791156,False,0.75,{}
2024-01-03 17:00:00,GBPUSD,SignalType.BUY,-64134.729490591555,False,0.75,{}
2024-01-03 18:00:00,GBPUSD,SignalType.SELL,936676.0352396773,False,0.75,{}
2024-01-03 19:00:00,GBPUSD,SignalType.BUY,59565.756889199976,True,0.75,{}
2024-01-03 20:00:00,GBPUSD,SignalType.BUY,387823.72151731123,True,0.75,{}
2024-01-03 21:00:00,GBPUSD,SignalType.BUY,-1444007.8278286841,False,0.75,{}
2024-01-03 22:00:00,GBPUSD,SignalType.SELL,-637682.4837233289,True,0.75,{}
2024-01-03 23:00:00,GBPUSD,SignalType.SELL,-1336871.644545589,True,0.75,{}
2024-01-04 00:00:00,GBPUSD,SignalType.SELL,91232.50344604685,False,0.75,{}
2024-01-04 01:00:00,GBPUSD,SignalType.BUY,356558.64573026064,True,0.75,{}
2024-01-04 02:00:00,GBPUSD,SignalType.BUY,99261.96086219874,True,0.75,{}
2024-01-04 03:00:00,GBPUSD,SignalType.BUY,804669.4031809295,True,0.75,{}
2024-01-04 04:00:00,GBPUSD,SignalType.BUY,1959962.6234217146,True,0.75,{}
2024-01-04 05:00:00,GBPUSD,SignalType.BUY,-884257.5393920492,False,0.75,{}
2024-01-04 06:00:00,GBPUSD,SignalType.SELL,-334206.0856207377,True,0.75,{}
2024-01-04 07:00:00,GBPUSD,SignalType.SELL,-2545189.203253086,True,0.75,{}
2024-01-04 08:00:00,GBPUSD,SignalType.SELL,-3128672.0035277517,True,0.75,{}
2024-01-04 09:00:00,GBPUSD,SignalType.SELL,827578.8372532947,False,0.75,{}
2024-01-04 10:00:00,GBPUSD,SignalType.BUY,-1316437.1020621166,False,0.75,{}
2024-01-04 11:00:00,GBPUSD,SignalType.SELL,-887664.8115154906,True,0.75,{}
2024-01-04 12:00:00,GBPUSD,SignalType.SELL,267560.6121243398,False,0.75,{}
2024-01-04 13:00:00,GBPUSD,SignalType.BUY,-955925.5066223213,False,0.75,{}
2024-01-04 14:00:00,GBPUSD,SignalType.SELL,593909.9580142957,False,0.75,{}
2024-01-04 15:00:00,GBPUSD,SignalType.BUY,936939.3724822737,True,0.75,{}
2024-01-04 16:00:00,GBPUSD,SignalType.BUY,616183.6136035294,True,0.75,{}
2024-01-04 17:00:00,GBPUSD,SignalType.BUY,-660569.5388808837,False,0.75,{}
2024-01-04 18:00:00,GBPUSD,SignalType.SELL,1581551.8837169693,False,0.75,{}
2024-01-04 19:00:00,GBPUSD,SignalType.BUY,-180339.1194333699,False,0.75,{}
2024-01-04 20:00:00,GBPUSD,SignalType.SELL,-431331.4423002782,True,0.75,{}
2024-01-04 21:00:00,GBPUSD,SignalType.SELL,279915.17565444496,False,0.75,{}
2024-01-04 22:00:00,GBPUSD,SignalType.BUY,-537403.4910230187,False,0.75,{}
2024-01-04 23:00:00,GBPUSD,SignalType.SELL,99452.30931323749,False,0.75,{}
2024-01-05 00:00:00,GBPUSD,SignalType.BUY,1371607.3034048788,True,0.75,{}
2024-01-05 01:00:00,GBPUSD,SignalType.BUY,1843733.2323755727,True,0.75,{}
2024-01-05 02:00:00,GBPUSD,SignalType.BUY,1988845.0095665837,True,0.75,{}
2024-01-05 03:00:00,GBPUSD,SignalType.BUY,760558.7321176131,True,0.75,{}
2024-01-05 04:00:00,GBPUSD,SignalType.BUY,896372.7018489692,True,0.75,{}
2024-01-05 05:00:00,GBPUSD,SignalType.BUY,5297260.210576709,True,0.75,{}
2024-01-05 06:00:00,GBPUSD,SignalType.BUY,429403.4227316888,True,0.75,{}
2024-01-05 07:00:00,GBPUSD,SignalType.BUY,-104819.35502029273,False,0.75,{}
2024-01-05 08:00:00,GBPUSD,SignalType.SELL,-38213.85637361572,True,0.75,{}
2024-01-05 09:00:00,GBPUSD,SignalType.SELL,-464991.7235208932,True,0.75,{}
2024-01-05 10:00:00,GBPUSD,SignalType.SELL,-1279805.1970527195,True,0.75,{}
2024-01-05 11:00:00,GBPUSD,SignalType.SELL,-251540.25969435906,True,0.75,{}
2024-01-05 12:00:00,GBPUSD,SignalType.SELL,-695284.9501654714,True,0.75,{}
2024-01-05 13:00:00,GBPUSD,SignalType.SELL,-2371094.0243708366,True,0.75,{}
2024-01-05 14:00:00,GBPUSD,SignalType.SELL,-1155984.2001826668,True,0.75,{}
2024-01-05 15:00:00,GBPUSD,SignalType.SELL,-2461618.6222227314,True,0.75,{}
2024-01-05 16:00:00,GBPUSD,SignalType.SELL,237562.67292944243,False,0.75,{}
2024-01-05 17:00:00,GBPUSD,SignalType.BUY,-279654.7303915929,False,0.75,{}
2024-01-05 18:00:00,GBPUSD,SignalType.SELL,1130874.0238960364,False,0.75,{}
2024-01-05 19:00:00,GBPUSD,SignalType.BUY,-127489.45692255233,False,0.75,{}
2024-01-05 20:00:00,GBPUSD,SignalType.SELL,-577094.930735592,True,0.75,{}
2024-01-05 21:00:00,GBPUSD,SignalType.SELL,-179572.33678998137,True,0.75,{}
2024-01-05 22:00:00,GBPUSD,SignalType.SELL,444304.309449841,False,0.75,{}
2024-01-05 23:00:00,GBPUSD,SignalType.BUY,484461.72292456706,True,0.75,{}
2024-01-06 00:00:00,GBPUSD,SignalType.BUY,-2202396.866968452,False,0.75,{}
2024-01-06 01:00:00,GBPUSD,SignalType.SELL,59631.37582047125,False,0.75,{}
2024-01-06 02:00:00,GBPUSD,SignalType.BUY,-51645.16538880093,False,0.75,{}
2024-01-06 03:00:00,GBPUSD,SignalType.SELL,-896251.8594688362,True,0.75,{}
2024-01-06 04:00:00,GBPUSD,SignalType.SELL,-772009.4536636742,True,0.75,{}
2024-01-06 05:00:00,GBPUSD,SignalType.SELL,-884410.8082030602,True,0.75,{}
2024-01-06 06:00:00,GBPUSD,SignalType.SELL,-45629.22204981589,True,0.75,{}
2024-01-06 07:00:00,GBPUSD,SignalType.SELL,528877.6063902526,False,0.75,{}
2024-01-06 08:00:00,GBPUSD,SignalType.BUY,-267569.0113713461,False,0.75,{}
2024-01-06 09:00:00,GBPUSD,SignalType.SELL,2199594.46095343,False,0.75,{}
2024-01-06 10:00:00,GBPUSD,SignalType.BUY,869624.0608526819,True,0.75,{}
2024-01-06 11:00:00,GBPUSD,SignalType.BUY,-229716.00736396114,False,0.75,{}
2024-01-06 12:00:00,GBPUSD,SignalType.SELL,-820721.7615375334,True,0.75,{}
2024-01-06 13:00:00,GBPUSD,SignalType.SELL,-1466621.3038647715,True,0.75,{}
2024-01-06 14:00:00,GBPUSD,SignalType.SELL,1290848.2164414488,False,0.75,{}
2024-01-06 15:00:00,GBPUSD,SignalType.BUY,1479230.324704056,True,0.75,{}
2024-01-06 16:00:00,GBPUSD,SignalType.BUY,-577450.8023212195,False,0.75,{}
2024-01-06 17:00:00,GBPUSD,SignalType.SELL,1552768.4003704723,False,0.75,{}
2024-01-06 18:00:00,GBPUSD,SignalType.BUY,-1425819.981818521,False,0.75,{}
2024-01-06 19:00:00,GBPUSD,SignalType.SELL,-500362.6417439784,True,0.75,{}
2024-01-06 20:00:00,GBPUSD,SignalType.SELL,2027047.8497139004,False,0.75,{}
2024-01-06 21:00:00,GBPUSD,SignalType.BUY,595980.9306267061,True,0.75,{}
2024-01-06 22:00:00,GBPUSD,SignalType.BUY,-472043.5676328282,False,0.75,{}
2024-01-06 23:00:00,GBPUSD,SignalType.SELL,-454637.7271994595,True,0.75,{}
2024-01-07 00:00:00,GBPUSD,SignalType.SELL,73312.89044895925,False,0.75,{}
2024-01-07 01:00:00,GBPUSD,SignalType.BUY,459255.8893177318,True,0.75,{}
2024-01-07 02:00:00,GBPUSD,SignalType.BUY,408347.53024886025,True,0.75,{}
2024-01-07 03:00:00,GBPUSD,SignalType.BUY,-807368.6767124161,False,0.75,{}
2024-01-07 04:00:00,GBPUSD,SignalType.SELL,291607.24150560325,False,0.75,{}
2024-01-07 05:00:00,GBPUSD,SignalType.BUY,-710350.0383016637,False,0.75,{}
2024-01-07 06:00:00,GBPUSD,SignalType.SELL,-2303213.6795552447,True,0.75,{}
2024-01-07 07:00:00,GBPUSD,SignalType.SELL,154570.3568002466,False,0.75,{}
2024-01-07 08:00:00,GBPUSD,SignalType.BUY,-1221887.5198140119,False,0.75,{}
2024-01-07 09:00:00,GBPUSD,SignalType.SELL,-34602.79726120518,True,0.75,{}
2024-01-07 10:00:00,GBPUSD,SignalType.SELL,-536406.2587449707,True,0.75,{}
2024-01-07 11:00:00,GBPUSD,SignalType.SELL,-55077.84930049354,True,0.75,{}
2024-01-07 12:00:00,GBPUSD,SignalType.SELL,-1104064.6512285788,True,0.75,{}
2024-01-07 13:00:00,GBPUSD,SignalType.SELL,2843284.426032843,False,0.75,{}
2024-01-07 14:00:00,GBPUSD,SignalType.BUY,27757.891052305014,True,0.75,{}
2024-01-07 15:00:00,GBPUSD,SignalType.BUY,-250203.06079263036,False,0.75,{}
2024-01-07 16:00:00,GBPUSD,SignalType.SELL,-712591.5839578835,True,0.75,{}
2024-01-07 17:00:00,GBPUSD,SignalType.SELL,107300.63603608415,False,0.75,{}
2024-01-07 18:00:00,GBPUSD,SignalType.BUY,-339490.6747748439,False,0.75,{}
2024-01-07 19:00:00,GBPUSD,SignalType.SELL,1670.0897065265963,False,0.75,{}
2024-01-07 20:00:00,GBPUSD,SignalType.HOLD,-475089.18735476246,False,0.75,{}
2024-01-07 21:00:00,GBPUSD,SignalType.SELL,987922.0147678934,False,0.75,{}
2024-01-07 22:00:00,GBPUSD,SignalType.BUY,1457157.8395829783,True,0.75,{}
2024-01-07 23:00:00,GBPUSD,SignalType.BUY,-819998.5734735196,False,0.75,{}
2024-01-08 00:00:00,GBPUSD,SignalType.SELL,-2515701.627538475,True,0.75,{}
2024-01-08 01:00:00,GBPUSD,SignalType.SELL,-950013.6313405897,True,0.75,{}
2024-01-08 02:00:00,GBPUSD,SignalType.SELL,578909.3945979684,False,0.75,{}
2024-01-08 03:00:00,GBPUSD,SignalType.BUY,-884550.333321803,False,0.75,{}
2024-01-08 04:00:00,GBPUSD,SignalType.SELL,1697685.3221323355,False,0.75,{}
2024-01-08 05:00:00,GBPUSD,SignalType.BUY,-535767.9101748002,False,0.75,{}
2024-01-08 06:00:00,GBPUSD,SignalType.SELL,-621449.5134054141,True,0.75,{}
2024-01-08 07:00:00,GBPUSD,SignalType.SELL,1143422.7347417816,False,0.75,{}
2024-01-08 08:00:00,GBPUSD,SignalType.BUY,-897630.5607723998,False,0.75,{}
2024-01-08 09:00:00,GBPUSD,SignalType.SELL,-15620.342738954776,True,0.75,{}
2024-01-08 10:00:00,GBPUSD,SignalType.SELL,192828.98764959298,False,0.75,{}
2024-01-08 11:00:00,GBPUSD,SignalType.BUY,-892859.0703814176,False,0.75,{}
2024-01-08 12:00:00,GBPUSD,SignalType.SELL,-313846.5956059764,True,0.75,{}
2024-01-08 13:00:00,GBPUSD,SignalType.SELL,-770845.9035736697,True,0.75,{}
2024-01-08 14:00:00,GBPUSD,SignalType.SELL,-1095807.8115039887,True,0.75,{}
2024-01-08 15:00:00,GBPUSD,SignalType.SELL,-264955.4495623184,True,0.75,{}
2024-01-08 16:00:00,GBPUSD,SignalType.SELL,-1184076.6843092232,True,0.75,{}
2024-01-08 17:00:00,GBPUSD,SignalType.SELL,-2500311.168231708,True,0.75,{}
2024-01-08 18:00:00,GBPUSD,SignalType.SELL,-194849.13442253857,True,0.75,{}
2024-01-08 19:00:00,GBPUSD,SignalType.SELL,675047.3781694819,False,0.75,{}
2024-01-08 20:00:00,GBPUSD,SignalType.BUY,-1223576.9280025675,False,0.75,{}
2024-01-08 21:00:00,GBPUSD,SignalType.SELL,991374.1413264524,False,0.75,{}
2024-01-08 22:00:00,GBPUSD,SignalType.BUY,-738785.1406458202,False,0.75,{}
2024-01-08 23:00:00,GBPUSD,SignalType.SELL,2269546.3517720136,False,0.75,{}
2024-01-09 00:00:00,GBPUSD,SignalType.BUY,-1212136.52382978,False,0.75,{}
2024-01-09 01:00:00,GBPUSD,SignalType.SELL,267239.84838322224,False,0.75,{}
2024-01-09 02:00:00,GBPUSD,SignalType.BUY,1248850.4041753567,True,0.75,{}
2024-01-09 03:00:00,GBPUSD,SignalType.BUY,688924.5059628129,True,0.75,{}
2024-01-09 04:00:00,GBPUSD,SignalType.BUY,-579800.6999564078,False,0.75,{}
2024-01-09 05:00:00,GBPUSD,SignalType.SELL,-130843.92628951206,True,0.75,{}
2024-01-09 06:00:00,GBPUSD,SignalType.SELL,-655243.1368374244,True,0.75,{}
2024-01-09 07:00:00,GBPUSD,SignalType.SELL,1543178.8732750143,False,0.75,{}
2024-01-09 08:00:00,GBPUSD,SignalType.BUY,-1514581.3647665468,False,0.75,{}
2024-01-09 09:00:00,GBPUSD,SignalType.SELL,11121.223092116565,False,0.75,{}
2024-01-09 10:00:00,GBPUSD,SignalType.BUY,-805515.8852914843,False,0.75,{}
2024-01-09 11:00:00,GBPUSD,SignalType.SELL,-422480.9776565064,True,0.75,{}
2024-01-09 12:00:00,GBPUSD,SignalType.SELL,865683.3117354745,False,0.75,{}
2024-01-09 13:00:00,GBPUSD,SignalType.BUY,695991.2150023803,True,0.75,{}
2024-01-09 14:00:00,GBPUSD,SignalType.BUY,-2759112.1528288913,False,0.75,{}
2024-01-09 15:00:00,GBPUSD,SignalType.SELL,-1892810.5367082004,True,0.75,{}
2024-01-09 16:00:00,GBPUSD,SignalType.SELL,958208.7213231807,False,0.75,{}
2024-01-09 17:00:00,GBPUSD,SignalType.BUY,2766032.3714201655,True,0.75,{}
2024-01-09 18:00:00,GBPUSD,SignalType.BUY,-1463368.5284707912,False,0.75,{}
2024-01-09 19:00:00,GBPUSD,SignalType.SELL,1513787.0986803386,False,0.75,{}
2024-01-09 20:00:00,GBPUSD,SignalType.BUY,707587.1592468582,True,0.75,{}
2024-01-09 21:00:00,GBPUSD,SignalType.BUY,1954541.4172892075,True,0.75,{}
2024-01-09 22:00:00,GBPUSD,SignalType.BUY,-1232719.702668813,False,0.75,{}
2024-01-09 23:00:00,GBPUSD,SignalType.SELL,405504.34599375026,False,0.75,{}
2024-01-10 00:00:00,GBPUSD,SignalType.BUY,828891.90002009,True,0.75,{}
2024-01-10 01:00:00,GBPUSD,SignalType.BUY,132907.86904495035,True,0.75,{}
2024-01-10 02:00:00,GBPUSD,SignalType.BUY,105419.3227447118,True,0.75,{}
2024-01-10 03:00:00,GBPUSD,SignalType.BUY,-667611.3122075713,False,0.75,{}
2024-01-10 04:00:00,GBPUSD,SignalType.SELL,-1127775.0260555036,True,0.75,{}
2024-01-10 05:00:00,GBPUSD,SignalType.SELL,307945.99925031775,False,0.75,{}
2024-01-10 06:00:00,GBPUSD,SignalType.BUY,-501891.1456105218,False,0.75,{}
2024-01-10 07:00:00,GBPUSD,SignalType.SELL,232019.68270370286,False,0.75,{}
2024-01-10 08:00:00,GBPUSD,SignalType.BUY,-252412.41961274453,False,0.75,{}
2024-01-10 09:00:00,GBPUSD,SignalType.SELL,1115234.1993677723,False,0.75,{}
2024-01-10 10:00:00,GBPUSD,SignalType.BUY,-666217.8794901561,False,0.75,{}
2024-01-10 11:00:00,GBPUSD,SignalType.SELL,316293.86809029087,False,0.75,{}
2024-01-10 12:00:00,GBPUSD,SignalType.BUY,162845.80797481397,True,0.75,{}
2024-01-10 13:00:00,GBPUSD,SignalType.BUY,1048734.3561892428,True,0.75,{}
2024-01-10 14:00:00,GBPUSD,SignalType.BUY,892220.3873734116,True,0.75,{}
2024-01-10 15:00:00,GBPUSD,SignalType.BUY,2861077.893122814,True,0.75,{}
2024-01-10 16:00:00,GBPUSD,SignalType.BUY,-352849.2702484192,False,0.75,{}
2024-01-10 17:00:00,GBPUSD,SignalType.SELL,-1392885.4212275208,True,0.75,{}
2024-01-10 18:00:00,GBPUSD,SignalType.SELL,-918723.3578615299,True,0.75,{}
2024-01-10 19:00:00,GBPUSD,SignalType.SELL,-575022.3439496666,True,0.75,{}
2024-01-10 20:00:00,GBPUSD,SignalType.SELL,-599147.7568804104,True,0.75,{}
2024-01-10 21:00:00,GBPUSD,SignalType.SELL,-2270182.4551776885,True,0.75,{}
2024-01-10 22:00:00,GBPUSD,SignalType.SELL,-406218.43467467156,True,0.75,{}
2024-01-10 23:00:00,GBPUSD,SignalType.SELL,6797116.070668423,False,0.75,{}
2024-01-11 00:00:00,GBPUSD,SignalType.BUY,338725.4221902987,True,0.75,{}
2024-01-11 01:00:00,GBPUSD,SignalType.BUY,278118.4247507395,True,0.75,{}
2024-01-11 02:00:00,GBPUSD,SignalType.BUY,999076.5575452304,True,0.75,{}
2024-01-11 03:00:00,GBPUSD,SignalType.BUY,-403873.8354023735,False,0.75,{}
2024-01-11 04:00:00,GBPUSD,SignalType.SELL,1121848.095049362,False,0.75,{}
2024-01-11 05:00:00,GBPUSD,SignalType.BUY,-402794.2429598994,False,0.75,{}
2024-01-11 06:00:00,GBPUSD,SignalType.SELL,1594975.2401492589,False,0.75,{}
2024-01-11 07:00:00,GBPUSD,SignalType.BUY,2019686.5994634186,True,0.75,{}
2024-01-11 08:00:00,GBPUSD,SignalType.BUY,-1339041.488851011,False,0.75,{}
2024-01-11 09:00:00,GBPUSD,SignalType.SELL,-784456.9548857987,True,0.75,{}
2024-01-11 10:00:00,GBPUSD,SignalType.SELL,298601.093546722,False,0.75,{}
2024-01-11 11:00:00,GBPUSD,SignalType.BUY,788031.2063302199,True,0.75,{}
2024-01-11 12:00:00,GBPUSD,SignalType.BUY,273968.1266612092,True,0.75,{}
2024-01-11 13:00:00,GBPUSD,SignalType.BUY,-678747.2939274847,False,0.75,{}
2024-01-11 14:00:00,GBPUSD,SignalType.SELL,355280.0497416081,False,0.75,{}
2024-01-11 15:00:00,GBPUSD,SignalType.BUY,112167.45942873672,True,0.75,{}
2024-01-11 16:00:00,GBPUSD,SignalType.BUY,1226459.03115485,True,0.75,{}
2024-01-11 17:00:00,GBPUSD,SignalType.BUY,90439.90321022534,True,0.75,{}
2024-01-11 18:00:00,GBPUSD,SignalType.BUY,72302.02935318516,True,0.75,{}
2024-01-11 19:00:00,GBPUSD,SignalType.BUY,1233116.7999418722,True,0.75,{}
2024-01-11 20:00:00,GBPUSD,SignalType.BUY,-1952707.2963854335,False,0.75,{}
2024-01-11 21:00:00,GBPUSD,SignalType.SELL,-1298841.0999073323,True,0.75,{}
2024-01-11 22:00:00,GBPUSD,SignalType.SELL,1491722.6286916297,False,0.75,{}
2024-01-11 23:00:00,GBPUSD,SignalType.BUY,315916.98698839766,True,0.75,{}
2024-01-12 00:00:00,GBPUSD,SignalType.BUY,-1117439.5315002538,False,0.75,{}
2024-01-12 01:00:00,GBPUSD,SignalType.SELL,-1327827.1388670204,True,0.75,{}
2024-01-12 02:00:00,GBPUSD,SignalType.SELL,3753181.2528058267,False,0.75,{}
2024-01-12 03:00:00,GBPUSD,SignalType.BUY,-1446041.370579585,False,0.75,{}
2024-01-12 04:00:00,GBPUSD,SignalType.SELL,1506644.0077917252,False,0.75,{}
2024-01-12 05:00:00,GBPUSD,SignalType.BUY,-674204.8502892635,False,0.75,{}
2024-01-12 06:00:00,GBPUSD,SignalType.SELL,668391.8197274806,False,0.75,{}
2024-01-12 07:00:00,GBPUSD,SignalType.BUY,1113177.8335953266,True,0.75,{}
2024-01-12 08:00:00,GBPUSD,SignalType.BUY,3220972.6439731778,True,0.75,{}
2024-01-12 09:00:00,GBPUSD,SignalType.BUY,612536.1772832252,True,0.75,{}
2024-01-12 10:00:00,GBPUSD,SignalType.BUY,705114.3306804715,True,0.75,{}
2024-01-12 11:00:00,GBPUSD,SignalType.BUY,185717.56076823705,True,0.75,{}
2024-01-12 12:00:00,GBPUSD,SignalType.BUY,1105979.0979677017,True,0.75,{}
2024-01-12 13:00:00,GBPUSD,SignalType.BUY,-2708508.246418728,False,0.75,{}
2024-01-12 14:00:00,GBPUSD,SignalType.SELL,305782.5358667037,False,0.75,{}
2024-01-12 15:00:00,GBPUSD,SignalType.BUY,-131608.20790475328,False,0.75,{}
2024-01-12 16:00:00,GBPUSD,SignalType.HOLD,-1825164.1648913824,False,0.75,{}
2024-01-12 17:00:00,GBPUSD,SignalType.SELL,279599.32518458116,False,0.75,{}
2024-01-12 18:00:00,GBPUSD,SignalType.BUY,-552972.3877684773,False,0.75,{}
2024-01-12 19:00:00,GBPUSD,SignalType.SELL,-292015.5538405243,True,0.75,{}
2024-01-12 20:00:00,GBPUSD,SignalType.SELL,103935.93938573985,False,0.75,{}
2024-01-12 21:00:00,GBPUSD,SignalType.BUY,-23953.17981889093,False,0.75,{}
2024-01-12 22:00:00,GBPUSD,SignalType.HOLD,1456485.5272352588,False,0.75,{}
2024-01-12 23:00:00,GBPUSD,SignalType.HOLD,1590622.5428563994,False,0.75,{}
2024-01-13 00:00:00,GBPUSD,SignalType.BUY,-248116.40090441643,False,0.75,{}
2024-01-13 01:00:00,GBPUSD,SignalType.SELL,-281974.48460071883,True,0.75,{}
2024-01-13 02:00:00,GBPUSD,SignalType.SELL,-799296.4083451079,True,0.75,{}
2024-01-13 03:00:00,GBPUSD,SignalType.SELL,2519981.405083447,False,0.75,{}
2024-01-13 04:00:00,GBPUSD,SignalType.BUY,459245.41528088186,True,0.75,{}
2024-01-13 05:00:00,GBPUSD,SignalType.BUY,937693.0018700454,True,0.75,{}
2024-01-13 06:00:00,GBPUSD,SignalType.BUY,-943577.9630311299,False,0.75,{}
2024-01-13 07:00:00,GBPUSD,SignalType.SELL,2509743.4705476733,False,0.75,{}
2024-01-13 08:00:00,GBPUSD,SignalType.BUY,1258507.7599561238,True,0.75,{}
2024-01-13 09:00:00,GBPUSD,SignalType.BUY,-228729.00753414116,False,0.75,{}
2024-01-13 10:00:00,GBPUSD,SignalType.SELL,-435327.0206942534,True,0.75,{}
2024-01-13 11:00:00,GBPUSD,SignalType.SELL,87367.08210365122,False,0.75,{}
2024-01-13 12:00:00,GBPUSD,SignalType.BUY,-1403816.2865715867,False,0.75,{}
2024-01-13 13:00:00,GBPUSD,SignalType.SELL,-833396.208333263,True,0.75,{}
2024-01-13 14:00:00,GBPUSD,SignalType.SELL,1211775.8617035702,False,0.75,{}
2024-01-13 15:00:00,GBPUSD,SignalType.BUY,-1741978.2579765501,False,0.75,{}
2024-01-13 16:00:00,GBPUSD,SignalType.SELL,-934890.1340120324,True,0.75,{}
2024-01-13 17:00:00,GBPUSD,SignalType.SELL,378924.17829170654,False,0.75,{}
2024-01-13 18:00:00,GBPUSD,SignalType.BUY,-1062635.640345011,False,0.75,{}
2024-01-13 19:00:00,GBPUSD,SignalType.SELL,192796.35913161654,False,0.75,{}
2024-01-13 20:00:00,GBPUSD,SignalType.BUY,1032810.4350860076,True,0.75,{}
2024-01-13 21:00:00,GBPUSD,SignalType.BUY,-3167012.544011707,False,0.75,{}
2024-01-13 22:00:00,GBPUSD,SignalType.SELL,718270.6415763892,False,0.75,{}
2024-01-13 23:00:00,GBPUSD,SignalType.BUY,-2458657.4656163794,False,0.75,{}
2024-01-14 00:00:00,GBPUSD,SignalType.SELL,-1397398.565454714,True,0.75,{}
2024-01-14 01:00:00,GBPUSD,SignalType.SELL,1130.2725316545548,False,0.75,{}
2024-01-14 02:00:00,GBPUSD,SignalType.HOLD,-368984.97717767896,False,0.75,{}
2024-01-14 03:00:00,GBPUSD,SignalType.SELL,-319548.48905002675,True,0.75,{}
2024-01-14 04:00:00,GBPUSD,SignalType.SELL,227640.13888010595,False,0.75,{}
2024-01-14 05:00:00,GBPUSD,SignalType.BUY,-1351675.9714333364,False,0.75,{}
2024-01-14 06:00:00,GBPUSD,SignalType.SELL,-1894502.8677672348,True,0.75,{}
2024-01-14 07:00:00,GBPUSD,SignalType.SELL,464272.095877152,False,0.75,{}
2024-01-14 08:00:00,GBPUSD,SignalType.BUY,-851399.1054141002,False,0.75,{}
2024-01-14 09:00:00,GBPUSD,SignalType.SELL,1149506.5755655458,False,0.75,{}
2024-01-14 10:00:00,GBPUSD,SignalType.BUY,-1636686.41851987,False,0.75,{}
2024-01-14 11:00:00,GBPUSD,SignalType.SELL,-1158771.8087051252,True,0.75,{}
2024-01-14 12:00:00,GBPUSD,SignalType.SELL,338537.0812122693,False,0.75,{}
2024-01-14 13:00:00,GBPUSD,SignalType.BUY,-1453637.8103153913,False,0.75,{}
2024-01-14 14:00:00,GBPUSD,SignalType.SELL,-410233.0739056816,True,0.75,{}
2024-01-14 15:00:00,GBPUSD,SignalType.SELL,36625.54439982614,False,0.75,{}
2024-01-14 16:00:00,GBPUSD,SignalType.BUY,-1797552.3124528176,False,0.75,{}
2024-01-14 17:00:00,GBPUSD,SignalType.SELL,-1065919.7529339592,True,0.75,{}
2024-01-14 18:00:00,GBPUSD,SignalType.SELL,954966.5262067465,False,0.75,{}
2024-01-14 19:00:00,GBPUSD,SignalType.BUY,5923384.721578222,True,0.75,{}
2024-01-14 20:00:00,GBPUSD,SignalType.BUY,1845137.0018286435,True,0.75,{}
2024-01-14 21:00:00,GBPUSD,SignalType.BUY,520274.73728607333,True,0.75,{}
2024-01-14 22:00:00,GBPUSD,SignalType.BUY,1016055.6705846319,True,0.75,{}
2024-01-14 23:00:00,GBPUSD,SignalType.BUY,60994.077868340355,True,0.75,{}
2024-01-15 00:00:00,GBPUSD,SignalType.BUY,650033.8582819995,True,0.75,{}
2024-01-15 01:00:00,GBPUSD,SignalType.BUY,-465800.32931609364,False,0.75,{}
2024-01-15 02:00:00,GBPUSD,SignalType.SELL,25497.442742550902,False,0.75,{}
2024-01-15 03:00:00,GBPUSD,SignalType.BUY,307060.359387151,True,0.75,{}
2024-01-15 04:00:00,GBPUSD,SignalType.BUY,-1289790.9967104567,False,0.75,{}
2024-01-15 05:00:00,GBPUSD,SignalType.SELL,-1140180.7645224268,True,0.75,{}
2024-01-15 06:00:00,GBPUSD,SignalType.SELL,57154.77754968219,False,0.75,{}
2024-01-15 07:00:00,GBPUSD,SignalType.BUY,-626575.4443000662,False,0.75,{}
2024-01-15 08:00:00,GBPUSD,SignalType.SELL,1646345.8040039302,False,0.75,{}
2024-01-15 09:00:00,GBPUSD,SignalType.BUY,-737338.2369408068,False,0.75,{}
2024-01-15 10:00:00,GBPUSD,SignalType.SELL,-123951.62796571184,True,0.75,{}
2024-01-15 11:00:00,GBPUSD,SignalType.SELL,-207008.62559447158,True,0.75,{}
2024-01-15 12:00:00,GBPUSD,SignalType.SELL,-1535379.6232333048,True,0.75,{}
2024-01-15 13:00:00,GBPUSD,SignalType.SELL,-161778.62217315577,True,0.75,{}
2024-01-15 14:00:00,GBPUSD,SignalType.SELL,-627703.0790475169,True,0.75,{}
2024-01-15 15:00:00,GBPUSD,SignalType.SELL,1615451.3760078975,False,0.75,{}
2024-01-15 16:00:00,GBPUSD,SignalType.BUY,-3227053.553303782,False,0.75,{}
2024-01-15 17:00:00,GBPUSD,SignalType.SELL,-2298756.592383728,True,0.75,{}
2024-01-15 18:00:00,GBPUSD,SignalType.SELL,-674119.690974544,True,0.75,{}
2024-01-15 19:00:00,GBPUSD,SignalType.SELL,-812385.9400254679,True,0.75,{}
2024-01-15 20:00:00,GBPUSD,SignalType.SELL,-2720705.9674525545,True,0.75,{}
2024-01-15 21:00:00,GBPUSD,SignalType.SELL,-588086.2145948897,True,0.75,{}
2024-01-15 22:00:00,GBPUSD,SignalType.SELL,33442.38821276065,False,0.75,{}
2024-01-15 23:00:00,GBPUSD,SignalType.BUY,830847.1746213803,True,0.75,{}
2024-01-16 00:00:00,GBPUSD,SignalType.BUY,328162.1656073051,True,0.75,{}
2024-01-16 01:00:00,GBPUSD,SignalType.BUY,-429099.76830009697,False,0.75,{}
2024-01-16 02:00:00,GBPUSD,SignalType.SELL,-224586.37314075418,True,0.75,{}
2024-01-16 03:00:00,GBPUSD,SignalType.SELL,1160092.6999917403,False,0.75,{}
2024-01-16 04:00:00,GBPUSD,SignalType.BUY,-226271.30811779835,False,0.75,{}
2024-01-16 05:00:00,GBPUSD,SignalType.SELL,-1579400.0266968799,True,0.75,{}
2024-01-16 06:00:00,GBPUSD,SignalType.SELL,-1914441.6384355542,True,0.75,{}
2024-01-16 07:00:00,GBPUSD,SignalType.SELL,-753393.1390395014,True,0.75,{}
2024-01-16 08:00:00,GBPUSD,SignalType.SELL,4193991.0893146773,False,0.75,{}
2024-01-16 09:00:00,GBPUSD,SignalType.BUY,511275.3415777298,True,0.75,{}
2024-01-16 10:00:00,GBPUSD,SignalType.BUY,-640246.1334503858,False,0.75,{}
2024-01-16 11:00:00,GBPUSD,SignalType.SELL,-595447.2080992477,True,0.75,{}
2024-01-16 12:00:00,GBPUSD,SignalType.SELL,-138322.9307736022,True,0.75,{}
2024-01-16 13:00:00,GBPUSD,SignalType.SELL,-842659.1858739266,True,0.75,{}
2024-01-16 14:00:00,GBPUSD,SignalType.SELL,-1750463.1683311062,True,0.75,{}
2024-01-16 15:00:00,GBPUSD,SignalType.SELL,-75732.45266944639,True,0.75,{}
2024-01-16 16:00:00,GBPUSD,SignalType.SELL,101936.10077565722,False,0.75,{}
2024-01-16 17:00:00,GBPUSD,SignalType.BUY,-244903.64058811168,False,0.75,{}
2024-01-16 18:00:00,GBPUSD,SignalType.SELL,2409253.1852332847,False,0.75,{}
2024-01-16 19:00:00,GBPUSD,SignalType.BUY,428864.7980100757,True,0.75,{}
2024-01-16 20:00:00,GBPUSD,SignalType.BUY,2146292.803987968,True,0.75,{}
2024-01-16 21:00:00,GBPUSD,SignalType.BUY,-4775533.670911821,False,0.75,{}
2024-01-16 22:00:00,GBPUSD,SignalType.SELL,-234340.8696970073,True,0.75,{}
2024-01-16 23:00:00,GBPUSD,SignalType.SELL,-219538.25400221546,True,0.75,{}
2024-01-17 00:00:00,GBPUSD,SignalType.SELL,-1233008.453973177,True,0.75,{}
2024-01-17 01:00:00,GBPUSD,SignalType.SELL,-1981571.9675604065,True,0.75,{}
2024-01-17 02:00:00,GBPUSD,SignalType.SELL,148668.91092469133,False,0.75,{}
2024-01-17 03:00:00,GBPUSD,SignalType.BUY,-270295.2258682944,False,0.75,{}
2024-01-17 04:00:00,GBPUSD,SignalType.SELL,-403939.8491392728,True,0.75,{}
2024-01-17 05:00:00,GBPUSD,SignalType.SELL,999548.3257015382,False,0.75,{}
2024-01-17 06:00:00,GBPUSD,SignalType.BUY,-422759.61519169866,False,0.75,{}
2024-01-17 07:00:00,GBPUSD,SignalType.SELL,-26788.507486762683,True,0.75,{}
2024-01-17 08:00:00,GBPUSD,SignalType.SELL,-2421359.622927536,True,0.75,{}
2024-01-17 09:00:00,GBPUSD,SignalType.SELL,97926.33603723743,False,0.75,{}
2024-01-17 10:00:00,GBPUSD,SignalType.BUY,764547.323358828,True,0.75,{}
2024-01-17 11:00:00,GBPUSD,SignalType.BUY,-1553386.108488304,False,0.75,{}
2024-01-17 12:00:00,GBPUSD,SignalType.SELL,148435.86508308817,False,0.75,{}
2024-01-17 13:00:00,GBPUSD,SignalType.BUY,266427.02959747566,True,0.75,{}
2024-01-17 14:00:00,GBPUSD,SignalType.BUY,630911.7536302529,True,0.75,{}
2024-01-17 15:00:00,GBPUSD,SignalType.BUY,171307.5807237283,True,0.75,{}
2024-01-17 16:00:00,GBPUSD,SignalType.BUY,2375168.2301206393,True,0.75,{}
2024-01-17 17:00:00,GBPUSD,SignalType.BUY,-424959.1574435374,False,0.75,{}
2024-01-17 18:00:00,GBPUSD,SignalType.SELL,-1240583.5486530997,True,0.75,{}
2024-01-17 19:00:00,GBPUSD,SignalType.SELL,18071.40075371308,False,0.75,{}
2024-01-17 20:00:00,GBPUSD,SignalType.BUY,-3283496.9723231415,False,0.75,{}
2024-01-17 21:00:00,GBPUSD,SignalType.SELL,1225301.3456043412,False,0.75,{}
2024-01-17 22:00:00,GBPUSD,SignalType.BUY,-80865.90185200976,False,0.75,{}
2024-01-17 23:00:00,GBPUSD,SignalType.SELL,329754.34000658424,False,0.75,{}
2024-01-18 00:00:00,GBPUSD,SignalType.BUY,1408804.9723649647,True,0.75,{}
2024-01-18 01:00:00,GBPUSD,SignalType.BUY,270888.4270448493,True,0.75,{}
2024-01-18 02:00:00,GBPUSD,SignalType.BUY,1631361.5440343926,True,0.75,{}
2024-01-18 03:00:00,GBPUSD,SignalType.BUY,-1453975.8398603136,False,0.75,{}
2024-01-18 04:00:00,GBPUSD,SignalType.SELL,1516761.5926616169,False,0.75,{}
2024-01-18 05:00:00,GBPUSD,SignalType.BUY,494589.7101997741,True,0.75,{}
2024-01-18 06:00:00,GBPUSD,SignalType.BUY,-1135252.703156059,False,0.75,{}
2024-01-18 07:00:00,GBPUSD,SignalType.SELL,1892634.6601704801,False,0.75,{}
2024-01-18 08:00:00,GBPUSD,SignalType.BUY,-373945.6459098744,False,0.75,{}
2024-01-18 09:00:00,GBPUSD,SignalType.SELL,774246.2547898446,False,0.75,{}
2024-01-18 10:00:00,GBPUSD,SignalType.BUY,1196979.1690300342,True,0.75,{}
2024-01-18 11:00:00,GBPUSD,SignalType.BUY,1058064.7470358373,True,0.75,{}
2024-01-18 12:00:00,GBPUSD,SignalType.BUY,1191491.247167782,True,0.75,{}
2024-01-18 13:00:00,GBPUSD,SignalType.BUY,1071544.953348199,True,0.75,{}
2024-01-18 14:00:00,GBPUSD,SignalType.BUY,693531.2598224783,True,0.75,{}
2024-01-18 15:00:00,GBPUSD,SignalType.BUY,547984.5204324229,True,0.75,{}
2024-01-18 16:00:00,GBPUSD,SignalType.BUY,-260466.0389602094,False,0.75,{}
2024-01-18 17:00:00,GBPUSD,SignalType.SELL,1178763.3817985673,False,0.75,{}
2024-01-18 18:00:00,GBPUSD,SignalType.BUY,2607702.7583210603,True,0.75,{}
2024-01-18 19:00:00,GBPUSD,SignalType.BUY,-4660251.652041227,False,0.75,{}
2024-01-18 20:00:00,GBPUSD,SignalType.SELL,1011349.7972545722,False,0.75,{}
2024-01-18 21:00:00,GBPUSD,SignalType.BUY,-1090218.498439696,False,0.75,{}
2024-01-18 22:00:00,GBPUSD,SignalType.SELL,-3108819.873327973,True,0.75,{}
2024-01-18 23:00:00,GBPUSD,SignalType.SELL,-120849.6832841945,True,0.75,{}
2024-01-19 00:00:00,GBPUSD,SignalType.SELL,25513.567215232342,False,0.75,{}
2024-01-19 01:00:00,GBPUSD,SignalType.BUY,509986.6551210647,True,0.75,{}
2024-01-19 02:00:00,GBPUSD,SignalType.BUY,-1365926.980968038,False,0.75,{}
2024-01-19 03:00:00,GBPUSD,SignalType.SELL,-340106.0727100878,True,0.75,{}
2024-01-19 04:00:00,GBPUSD,SignalType.SELL,-20560.168939196046,True,0.75,{}
2024-01-19 05:00:00,GBPUSD,SignalType.SELL,-6287.430485535879,True,0.75,{}
2024-01-19 06:00:00,GBPUSD,SignalType.BUY,2567418.0336896353,True,0.75,{}
2024-01-19 07:00:00,GBPUSD,SignalType.BUY,2760240.7391450456,True,0.75,{}
2024-01-19 08:00:00,GBPUSD,SignalType.BUY,-1666797.3027538897,False,0.75,{}
2024-01-19 09:00:00,GBPUSD,SignalType.SELL,310985.07118310465,False,0.75,{}
2024-01-19 10:00:00,GBPUSD,SignalType.BUY,-1474415.6189133981,False,0.75,{}
2024-01-19 11:00:00,GBPUSD,SignalType.SELL,-1712102.370648865,True,0.75,{}
2024-01-19 12:00:00,GBPUSD,SignalType.SELL,994871.3687138297,False,0.75,{}
2024-01-19 13:00:00,GBPUSD,SignalType.BUY,256162.9441701615,True,0.75,{}
2024-01-19 14:00:00,GBPUSD,SignalType.BUY,1280890.2479401429,True,0.75,{}
2024-01-19 15:00:00,GBPUSD,SignalType.BUY,-983483.9033361817,False,0.75,{}
2024-01-19 16:00:00,GBPUSD,SignalType.SELL,-74772.86372969218,True,0.75,{}
2024-01-19 17:00:00,GBPUSD,SignalType.SELL,-523149.8621133875,True,0.75,{}
2024-01-19 18:00:00,GBPUSD,SignalType.SELL,-1065994.0973212707,True,0.75,{}
2024-01-19 19:00:00,GBPUSD,SignalType.SELL,-1104404.7859782586,True,0.75,{}
2024-01-19 20:00:00,GBPUSD,SignalType.SELL,-249893.3196552298,True,0.75,{}
2024-01-19 21:00:00,GBPUSD,SignalType.SELL,-1987345.7455111248,True,0.75,{}
2024-01-19 22:00:00,GBPUSD,SignalType.SELL,1857409.4056592777,False,0.75,{}
2024-01-19 23:00:00,GBPUSD,SignalType.BUY,-1529038.772786613,False,0.75,{}
2024-01-20 00:00:00,GBPUSD,SignalType.SELL,147441.97884410937,False,0.75,{}
2024-01-20 01:00:00,GBPUSD,SignalType.BUY,55243.745622817645,True,0.75,{}
2024-01-20 02:00:00,GBPUSD,SignalType.BUY,-1067380.5706368433,False,0.75,{}
2024-01-20 03:00:00,GBPUSD,SignalType.SELL,-596686.2261097822,True,0.75,{}
2024-01-20 04:00:00,GBPUSD,SignalType.SELL,903920.149659134,False,0.75,{}
2024-01-20 05:00:00,GBPUSD,SignalType.BUY,-937260.3724384271,False,0.75,{}
2024-01-20 06:00:00,GBPUSD,SignalType.SELL,195451.08104365796,False,0.75,{}
2024-01-20 07:00:00,GBPUSD,SignalType.BUY,-313130.4125254451,False,0.75,{}
2024-01-20 08:00:00,GBPUSD,SignalType.SELL,2107590.3833571747,False,0.75,{}
2024-01-20 09:00:00,GBPUSD,SignalType.BUY,767437.4973966008,True,0.75,{}
2024-01-20 10:00:00,GBPUSD,SignalType.BUY,418941.56486712745,True,0.75,{}
2024-01-20 11:00:00,GBPUSD,SignalType.BUY,-3038728.487221922,False,0.75,{}
2024-01-20 12:00:00,GBPUSD,SignalType.SELL,27738.441406802394,False,0.75,{}
2024-01-20 13:00:00,GBPUSD,SignalType.BUY,-3223629.9025775613,False,0.75,{}
2024-01-20 14:00:00,GBPUSD,SignalType.SELL,555504.6246836173,False,0.75,{}
2024-01-20 15:00:00,GBPUSD,SignalType.BUY,588976.5741261453,True,0.75,{}
2024-01-20 16:00:00,GBPUSD,SignalType.BUY,-32476.323048495033,False,0.75,{}
2024-01-20 17:00:00,GBPUSD,SignalType.SELL,-458391.73015987856,True,0.75,{}
2024-01-20 18:00:00,GBPUSD,SignalType.SELL,1341300.2499775826,False,0.75,{}
2024-01-20 19:00:00,GBPUSD,SignalType.BUY,-1282842.1611576003,False,0.75,{}
2024-01-20 20:00:00,GBPUSD,SignalType.SELL,-278654.7676383293,True,0.75,{}
2024-01-20 21:00:00,GBPUSD,SignalType.SELL,-1640335.797945463,True,0.75,{}
2024-01-20 22:00:00,GBPUSD,SignalType.SELL,-178708.1591318656,True,0.75,{}
2024-01-20 23:00:00,GBPUSD,SignalType.SELL,-104171.7195655383,True,0.75,{}
2024-01-21 00:00:00,GBPUSD,SignalType.SELL,650360.0490089047,False,0.75,{}
2024-01-21 01:00:00,GBPUSD,SignalType.BUY,1104647.5867588515,True,0.75,{}
2024-01-21 02:00:00,GBPUSD,SignalType.BUY,-3054328.102072468,False,0.75,{}
2024-01-21 03:00:00,GBPUSD,SignalType.SELL,-56922.08531401775,True,0.75,{}
2024-01-21 04:00:00,GBPUSD,SignalType.SELL,-140265.99637494428,True,0.75,{}
2024-01-21 05:00:00,GBPUSD,SignalType.SELL,710827.3685976678,False,0.75,{}
2024-01-21 06:00:00,GBPUSD,SignalType.BUY,772509.6828283744,True,0.75,{}
2024-01-21 07:00:00,GBPUSD,SignalType.BUY,1978979.8653738627,True,0.75,{}
2024-01-21 08:00:00,GBPUSD,SignalType.BUY,1047068.6287510421,True,0.75,{}
2024-01-21 09:00:00,GBPUSD,SignalType.BUY,-71193.13129802776,False,0.75,{}
2024-01-21 10:00:00,GBPUSD,SignalType.SELL,-2611904.8587352815,True,0.75,{}
2024-01-21 11:00:00,GBPUSD,SignalType.SELL,2368532.7049478656,False,0.75,{}
2024-01-21 12:00:00,GBPUSD,SignalType.BUY,392625.4146418546,True,0.75,{}
2024-01-21 13:00:00,GBPUSD,SignalType.BUY,144569.48043974309,True,0.75,{}
2024-01-21 14:00:00,GBPUSD,SignalType.BUY,1753572.59756306,True,0.75,{}
2024-01-21 15:00:00,GBPUSD,SignalType.BUY,1440555.742511234,True,0.75,{}
2024-01-21 16:00:00,GBPUSD,SignalType.BUY,-114308.90361580282,False,0.75,{}
2024-01-21 17:00:00,GBPUSD,SignalType.SELL,-489313.21247334266,True,0.75,{}
2024-01-21 18:00:00,GBPUSD,SignalType.SELL,352820.07460241177,False,0.75,{}
2024-01-01 01:00:00,USDJPY,SignalType.BUY,-339819.03758908744,False,0.75,{}
2024-01-01 02:00:00,USDJPY,SignalType.SELL,-1746167.9475555297,True,0.75,{}
2024-01-01 03:00:00,USDJPY,SignalType.SELL,2859997.306278492,False,0.75,{}
2024-01-01 04:00:00,USDJPY,SignalType.BUY,-84481.7480754216,False,0.75,{}
2024-01-01 05:00:00,USDJPY,SignalType.SELL,775963.3599919368,False,0.75,{}
2024-01-01 06:00:00,USDJPY,SignalType.BUY,1863208.7960727245,True,0.75,{}
2024-01-01 07:00:00,USDJPY,SignalType.BUY,-514747.1453175933,False,0.75,{}
2024-01-01 08:00:00,USDJPY,SignalType.SELL,-73854.90640904891,True,0.75,{}
2024-01-01 09:00:00,USDJPY,SignalType.SELL,-774829.8921991261,True,0.75,{}
2024-01-01 10:00:00,USDJPY,SignalType.SELL,89478.84735451566,False,0.75,{}
2024-01-01 11:00:00,USDJPY,SignalType.BUY,-1872994.8851431494,False,0.75,{}
2024-01-01 12:00:00,USDJPY,SignalType.SELL,711036.459360953,False,0.75,{}
2024-01-01 13:00:00,USDJPY,SignalType.BUY,-1299948.2605353899,False,0.75,{}
2024-01-01 14:00:00,USDJPY,SignalType.SELL,609983.3490487265,False,0.75,{}
2024-01-01 15:00:00,USDJPY,SignalType.BUY,-603179.3504688687,False,0.75,{}
2024-01-01 16:00:00,USDJPY,SignalType.SELL,-33697.6363839733,True,0.75,{}
2024-01-01 17:00:00,USDJPY,SignalType.SELL,243208.59488708494,False,0.75,{}
2024-01-01 18:00:00,USDJPY,SignalType.BUY,-1888093.524197842,False,0.75,{}
2024-01-01 19:00:00,USDJPY,SignalType.SELL,-1702831.6692926765,True,0.75,{}
2024-01-01 20:00:00,USDJPY,SignalType.SELL,-313112.52426939236,True,0.75,{}
2024-01-01 21:00:00,USDJPY,SignalType.SELL,-755973.1358372087,True,0.75,{}
2024-01-01 22:00:00,USDJPY,SignalType.SELL,756986.7595478954,False,0.75,{}
2024-01-01 23:00:00,USDJPY,SignalType.BUY,-879808.9291659093,False,0.75,{}
2024-01-02 00:00:00,USDJPY,SignalType.SELL,1197259.7325501454,False,0.75,{}
2024-01-02 01:00:00,USDJPY,SignalType.BUY,-3480476.136529226,False,0.75,{}
2024-01-02 02:00:00,USDJPY,SignalType.SELL,-481542.1077112916,True,0.75,{}
2024-01-02 03:00:00,USDJPY,SignalType.SELL,-751633.6620004761,True,0.75,{}
2024-01-02 04:00:00,USDJPY,SignalType.SELL,2038296.6041231893,False,0.75,{}
2024-01-02 05:00:00,USDJPY,SignalType.BUY,-2200338.2757465756,False,0.75,{}
2024-01-02 06:00:00,USDJPY,SignalType.SELL,557618.3929439071,False,0.75,{}
2024-01-02 07:00:00,USDJPY,SignalType.BUY,618024.5191695965,True,0.75,{}
2024-01-02 08:00:00,USDJPY,SignalType.BUY,1242505.6830878784,True,0.75,{}
2024-01-02 09:00:00,USDJPY,SignalType.BUY,312085.61394009786,True,0.75,{}
2024-01-02 10:00:00,USDJPY,SignalType.BUY,-4712455.145675163,False,0.75,{}
2024-01-02 11:00:00,USDJPY,SignalType.SELL,1840702.2325987997,False,0.75,{}
2024-01-02 12:00:00,USDJPY,SignalType.BUY,1450541.261209537,True,0.75,{}
2024-01-02 13:00:00,USDJPY,SignalType.BUY,-682009.6727739702,False,0.75,{}
2024-01-02 14:00:00,USDJPY,SignalType.SELL,-1583659.6719743449,True,0.75,{}
2024-01-02 15:00:00,USDJPY,SignalType.SELL,125616.1121352045,False,0.75,{}
2024-01-02 16:00:00,USDJPY,SignalType.BUY,762890.5541384808,True,0.75,{}
2024-01-02 17:00:00,USDJPY,SignalType.BUY,-2532917.444066406,False,0.75,{}
2024-01-02 18:00:00,USDJPY,SignalType.SELL,-532537.0938393292,True,0.75,{}
2024-01-02 19:00:00,USDJPY,SignalType.SELL,122595.82928861846,False,0.75,{}
2024-01-02 20:00:00,USDJPY,SignalType.BUY,1909463.897471252,True,0.75,{}
2024-01-02 21:00:00,USDJPY,SignalType.BUY,-1904021.283897639,False,0.75,{}
2024-01-02 22:00:00,USDJPY,SignalType.SELL,-545125.3314456949,True,0.75,{}
2024-01-02 23:00:00,USDJPY,SignalType.SELL,1439742.6944787048,False,0.75,{}
2024-01-03 00:00:00,USDJPY,SignalType.BUY,-5099032.716827098,False,0.75,{}
2024-01-03 01:00:00,USDJPY,SignalType.SELL,-880920.6025050707,True,0.75,{}
2024-01-03 02:00:00,USDJPY,SignalType.SELL,1119895.42499487,False,0.75,{}
2024-01-03 03:00:00,USDJPY,SignalType.BUY,-2323487.0505935396,False,0.75,{}
2024-01-03 04:00:00,USDJPY,SignalType.SELL,15615.404670447788,False,0.75,{}
2024-01-03 05:00:00,USDJPY,SignalType.BUY,-817905.7463704908,False,0.75,{}
2024-01-03 06:00:00,USDJPY,SignalType.SELL,-5171666.833918004,True,0.75,{}
2024-01-03 07:00:00,USDJPY,SignalType.SELL,-3895316.631115452,True,0.75,{}
2024-01-03 08:00:00,USDJPY,SignalType.SELL,-69856.29150462046,True,0.75,{}
2024-01-03 09:00:00,USDJPY,SignalType.SELL,-693566.394807085,True,0.75,{}
2024-01-03 10:00:00,USDJPY,SignalType.SELL,1099927.9216661807,False,0.75,{}
2024-01-03 11:00:00,USDJPY,SignalType.BUY,-351569.3925533924,False,0.75,{}
2024-01-03 12:00:00,USDJPY,SignalType.SELL,-710841.3654543074,True,0.75,{}
2024-01-03 13:00:00,USDJPY,SignalType.SELL,1519211.8566925775,False,0.75,{}
2024-01-03 14:00:00,USDJPY,SignalType.BUY,853147.4707467168,True,0.75,{}
2024-01-03 15:00:00,USDJPY,SignalType.BUY,-821901.5268560952,False,0.75,{}
2024-01-03 16:00:00,USDJPY,SignalType.SELL,-1116103.4521867486,True,0.75,{}
2024-01-03 17:00:00,USDJPY,SignalType.SELL,-81093.39349343372,True,0.75,{}
2024-01-03 18:00:00,USDJPY,SignalType.SELL,-1088341.434924473,True,0.75,{}
2024-01-03 19:00:00,USDJPY,SignalType.SELL,506943.07854502765,False,0.75,{}
2024-01-03 20:00:00,USDJPY,SignalType.BUY,-1242422.8275077075,False,0.75,{}
2024-01-03 21:00:00,USDJPY,SignalType.SELL,967218.5578278822,False,0.75,{}
2024-01-03 22:00:00,USDJPY,SignalType.BUY,-369580.5887401275,False,0.75,{}
2024-01-03 23:00:00,USDJPY,SignalType.SELL,752560.1544000164,False,0.75,{}
2024-01-04 00:00:00,USDJPY,SignalType.BUY,-2263789.8482908304,False,0.75,{}
2024-01-04 01:00:00,USDJPY,SignalType.SELL,-236764.73702535988,True,0.75,{}
2024-01-04 02:00:00,USDJPY,SignalType.SELL,-858457.9097060396,True,0.75,{}
2024-01-04 03:00:00,USDJPY,SignalType.SELL,1034539.0177754188,False,0.75,{}
2024-01-04 04:00:00,USDJPY,SignalType.BUY,-1388931.6791442388,False,0.75,{}
2024-01-04 05:00:00,USDJPY,SignalType.SELL,294722.2933788907,False,0.75,{}
2024-01-04 06:00:00,USDJPY,SignalType.BUY,39840.07757290783,True,0.75,{}
2024-01-04 07:00:00,USDJPY,SignalType.BUY,267399.5406914719,True,0.75,{}
2024-01-04 08:00:00,USDJPY,SignalType.BUY,-2306279.086726336,False,0.75,{}
2024-01-04 09:00:00,USDJPY,SignalType.SELL,-194031.5174214811,True,0.75,{}
2024-01-04 10:00:00,USDJPY,SignalType.SELL,-713189.8030638604,True,0.75,{}
2024-01-04 11:00:00,USDJPY,SignalType.SELL,24799.291653171167,False,0.75,{}
2024-01-04 12:00:00,USDJPY,SignalType.BUY,-175167.66528098742,False,0.75,{}
2024-01-04 13:00:00,USDJPY,SignalType.SELL,-179857.82559576363,True,0.75,{}
2024-01-04 14:00:00,USDJPY,SignalType.SELL,-1373080.435437023,True,0.75,{}
2024-01-04 15:00:00,USDJPY,SignalType.SELL,-237341.6231210376,True,0.75,{}
2024-01-04 16:00:00,USDJPY,SignalType.SELL,-989439.4104476032,True,0.75,{}
2024-01-04 17:00:00,USDJPY,SignalType.SELL,-1048799.0436021301,True,0.75,{}
2024-01-04 18:00:00,USDJPY,SignalType.SELL,378028.8844465849,False,0.75,{}
2024-01-04 19:00:00,USDJPY,SignalType.BUY,936172.2728875339,True,0.75,{}
2024-01-04 20:00:00,USDJPY,SignalType.BUY,-512349.84096598055,False,0.75,{}
2024-01-04 21:00:00,USDJPY,SignalType.SELL,85020.84893636493,False,0.75,{}
2024-01-04 22:00:00,USDJPY,SignalType.BUY,118948.31716389034,True,0.75,{}
2024-01-04 23:00:00,USDJPY,SignalType.BUY,-1423801.5059929148,False,0.75,{}
2024-01-05 00:00:00,USDJPY,SignalType.SELL,-436130.69003178226,True,0.75,{}
2024-01-05 01:00:00,USDJPY,SignalType.SELL,654579.4328509237,False,0.75,{}
2024-01-05 02:00:00,USDJPY,SignalType.BUY,667271.2184047669,True,0.75,{}
2024-01-05 03:00:00,USDJPY,SignalType.BUY,-1639864.7218418363,False,0.75,{}
2024-01-05 04:00:00,USDJPY,SignalType.SELL,1149820.0474191436,False,0.75,{}
2024-01-05 05:00:00,USDJPY,SignalType.BUY,-680594.5132868737,False,0.75,{}
2024-01-05 06:00:00,USDJPY,SignalType.SELL,-1632398.8182616723,True,0.75,{}
2024-01-05 07:00:00,USDJPY,SignalType.SELL,-744816.1797125477,True,0.75,{}
2024-01-05 08:00:00,USDJPY,SignalType.SELL,-410976.9046306019,True,0.75,{}
2024-01-05 09:00:00,USDJPY,SignalType.SELL,691883.8020508429,False,0.75,{}
2024-01-05 10:00:00,USDJPY,SignalType.BUY,-916979.7733894029,False,0.75,{}
2024-01-05 11:00:00,USDJPY,SignalType.SELL,-477.2217463641937,True,0.75,{}
2024-01-05 12:00:00,USDJPY,SignalType.BUY,638790.3574428856,True,0.75,{}
2024-01-05 13:00:00,USDJPY,SignalType.BUY,1118013.9890307055,True,0.75,{}
2024-01-05 14:00:00,USDJPY,SignalType.BUY,117380.31606942514,True,0.75,{}
2024-01-05 15:00:00,USDJPY,SignalType.BUY,-747942.089800299,False,0.75,{}
2024-01-05 16:00:00,USDJPY,SignalType.SELL,-270647.31390922586,True,0.75,{}
2024-01-05 17:00:00,USDJPY,SignalType.SELL,867963.0979160493,False,0.75,{}
2024-01-05 18:00:00,USDJPY,SignalType.BUY,656132.7865774729,True,0.75,{}
2024-01-05 19:00:00,USDJPY,SignalType.BUY,151250.1285958888,True,0.75,{}
2024-01-05 20:00:00,USDJPY,SignalType.BUY,87561.9438486683,True,0.75,{}
2024-01-05 21:00:00,USDJPY,SignalType.BUY,-913355.9219948938,False,0.75,{}
2024-01-05 22:00:00,USDJPY,SignalType.SELL,-1228600.5794313224,True,0.75,{}
2024-01-05 23:00:00,USDJPY,SignalType.SELL,2206929.217794186,False,0.75,{}
2024-01-06 00:00:00,USDJPY,SignalType.BUY,231016.46640365742,True,0.75,{}
2024-01-06 01:00:00,USDJPY,SignalType.BUY,755835.9119918533,True,0.75,{}
2024-01-06 02:00:00,USDJPY,SignalType.BUY,3212743.5279299244,True,0.75,{}
2024-01-06 03:00:00,USDJPY,SignalType.BUY,-529632.6622955075,False,0.75,{}
2024-01-06 04:00:00,USDJPY,SignalType.SELL,672918.4729792314,False,0.75,{}
2024-01-06 05:00:00,USDJPY,SignalType.BUY,16391.25774230706,True,0.75,{}
2024-01-06 06:00:00,USDJPY,SignalType.BUY,2561044.5488323695,True,0.75,{}
2024-01-06 07:00:00,USDJPY,SignalType.BUY,106564.8343697967,True,0.75,{}
2024-01-06 08:00:00,USDJPY,SignalType.BUY,-90213.13831964108,False,0.75,{}
2024-01-06 09:00:00,USDJPY,SignalType.SELL,938954.3566113161,False,0.75,{}
2024-01-06 10:00:00,USDJPY,SignalType.BUY,-804068.1429096503,False,0.75,{}
2024-01-06 11:00:00,USDJPY,SignalType.SELL,-879128.0969031095,True,0.75,{}
2024-01-06 12:00:00,USDJPY,SignalType.SELL,915574.2483750009,False,0.75,{}
2024-01-06 13:00:00,USDJPY,SignalType.BUY,-335928.9594301163,False,0.75,{}
2024-01-06 14:00:00,USDJPY,SignalType.SELL,-2513662.992376203,True,0.75,{}
2024-01-06 15:00:00,USDJPY,SignalType.SELL,940824.029474702,False,0.75,{}
2024-01-06 16:00:00,USDJPY,SignalType.BUY,9888.797233124933,True,0.75,{}
2024-01-06 17:00:00,USDJPY,SignalType.BUY,-1564374.530899513,False,0.75,{}
2024-01-06 18:00:00,USDJPY,SignalType.SELL,-2489721.006913478,True,0.75,{}
2024-01-06 19:00:00,USDJPY,SignalType.SELL,-1428692.9353041295,True,0.75,{}
2024-01-06 20:00:00,USDJPY,SignalType.SELL,-1823047.7755787114,True,0.75,{}
2024-01-06 21:00:00,USDJPY,SignalType.SELL,-1437211.925529109,True,0.75,{}
2024-01-06 22:00:00,USDJPY,SignalType.SELL,4442006.4944859175,False,0.75,{}
2024-01-06 23:00:00,USDJPY,SignalType.BUY,1317955.5224963543,True,0.75,{}
2024-01-07 00:00:00,USDJPY,SignalType.BUY,-1369047.9592177144,False,0.75,{}
2024-01-07 01:00:00,USDJPY,SignalType.SELL,-1258629.52337774,True,0.75,{}
2024-01-07 02:00:00,USDJPY,SignalType.SELL,2847727.0743545475,False,0.75,{}
2024-01-07 03:00:00,USDJPY,SignalType.BUY,445141.29677144863,True,0.75,{}
2024-01-07 04:00:00,USDJPY,SignalType.BUY,3239224.0442942646,True,0.75,{}
2024-01-07 05:00:00,USDJPY,SignalType.BUY,218991.4739251026,True,0.75,{}
2024-01-07 06:00:00,USDJPY,SignalType.BUY,-736925.9896700578,False,0.75,{}
2024-01-07 07:00:00,USDJPY,SignalType.SELL,798952.4297161415,False,0.75,{}
2024-01-07 08:00:00,USDJPY,SignalType.BUY,216897.38989705348,True,0.75,{}
2024-01-07 09:00:00,USDJPY,SignalType.BUY,-1034300.241821802,False,0.75,{}
2024-01-07 10:00:00,USDJPY,SignalType.SELL,-328450.007923484,True,0.75,{}
2024-01-07 11:00:00,USDJPY,SignalType.SELL,-1474774.108077054,True,0.75,{}
2024-01-07 12:00:00,USDJPY,SignalType.SELL,1833610.388255579,False,0.75,{}
2024-01-07 13:00:00,USDJPY,SignalType.BUY,600013.5264946267,True,0.75,{}
2024-01-07 14:00:00,USDJPY,SignalType.BUY,739534.8999375255,True,0.75,{}
2024-01-07 15:00:00,USDJPY,SignalType.BUY,753472.517737082,True,0.75,{}
2024-01-07 16:00:00,USDJPY,SignalType.BUY,323412.660830304,True,0.75,{}
2024-01-07 17:00:00,USDJPY,SignalType.BUY,-1160338.6130047874,False,0.75,{}
2024-01-07 18:00:00,USDJPY,SignalType.SELL,944471.4819925639,False,0.75,{}
2024-01-07 19:00:00,USDJPY,SignalType.BUY,902802.4459506104,True,0.75,{}
2024-01-07 20:00:00,USDJPY,SignalType.BUY,-1129898.1288559753,False,0.75,{}
2024-01-07 21:00:00,USDJPY,SignalType.SELL,-2430159.762518474,True,0.75,{}
2024-01-07 22:00:00,USDJPY,SignalType.SELL,-798344.849735513,True,0.75,{}
2024-01-07 23:00:00,USDJPY,SignalType.SELL,-1189236.08651,True,0.75,{}
2024-01-08 00:00:00,USDJPY,SignalType.SELL,127715.20125983897,False,0.75,{}
2024-01-08 01:00:00,USDJPY,SignalType.BUY,-1474200.1308038016,False,0.75,{}
2024-01-08 02:00:00,USDJPY,SignalType.SELL,-1345512.6849867338,True,0.75,{}
2024-01-08 03:00:00,USDJPY,SignalType.SELL,95653.91668743815,False,0.75,{}
2024-01-08 04:00:00,USDJPY,SignalType.BUY,203381.34207027906,True,0.75,{}
2024-01-08 05:00:00,USDJPY,SignalType.BUY,-1217327.445827059,False,0.75,{}
2024-01-08 06:00:00,USDJPY,SignalType.SELL,-256401.34837274218,True,0.75,{}
2024-01-08 07:00:00,USDJPY,SignalType.SELL,-129624.76033308121,True,0.75,{}
2024-01-08 08:00:00,USDJPY,SignalType.SELL,1742736.5701161262,False,0.75,{}
2024-01-08 09:00:00,USDJPY,SignalType.BUY,-2532353.641799814,False,0.75,{}
2024-01-08 10:00:00,USDJPY,SignalType.SELL,1340033.8589611691,False,0.75,{}
2024-01-08 11:00:00,USDJPY,SignalType.BUY,-979909.0766971449,False,0.75,{}
2024-01-08 12:00:00,USDJPY,SignalType.SELL,-52011.568103680474,True,0.75,{}
2024-01-08 13:00:00,USDJPY,SignalType.BUY,-1148155.3774788335,False,0.75,{}
2024-01-08 14:00:00,USDJPY,SignalType.SELL,-1247053.7751704205,True,0.75,{}
2024-01-08 15:00:00,USDJPY,SignalType.SELL,-2886750.243684155,True,0.75,{}
2024-01-08 16:00:00,USDJPY,SignalType.SELL,-3685731.1983197453,True,0.75,{}
2024-01-08 17:00:00,USDJPY,SignalType.SELL,1811731.0925603851,False,0.75,{}
2024-01-08 18:00:00,USDJPY,SignalType.BUY,1676623.2270472755,True,0.75,{}
2024-01-08 19:00:00,USDJPY,SignalType.BUY,1496931.7444213766,True,0.75,{}
2024-01-08 20:00:00,USDJPY,SignalType.BUY,291340.2948967041,True,0.75,{}
2024-01-08 21:00:00,USDJPY,SignalType.BUY,1205545.9725134505,True,0.75,{}
2024-01-08 22:00:00,USDJPY,SignalType.BUY,-848023.5166549847,False,0.75,{}
2024-01-08 23:00:00,USDJPY,SignalType.SELL,969052.3871255936,False,0.75,{}
2024-01-09 00:00:00,USDJPY,SignalType.BUY,-280069.7626307965,False,0.75,{}
2024-01-09 01:00:00,USDJPY,SignalType.SELL,-32907.44557485141,True,0.75,{}
2024-01-09 02:00:00,USDJPY,SignalType.BUY,3359373.411192992,True,0.75,{}
2024-01-09 03:00:00,USDJPY,SignalType.BUY,-131058.85252638473,False,0.75,{}
2024-01-09 04:00:00,USDJPY,SignalType.SELL,-1784789.1505497545,True,0.75,{}
2024-01-09 05:00:00,USDJPY,SignalType.SELL,501894.7805505104,False,0.75,{}
2024-01-09 06:00:00,USDJPY,SignalType.BUY,1781048.5364090528,True,0.75,{}
2024-01-09 07:00:00,USDJPY,SignalType.BUY,382670.9131634789,True,0.75,{}
2024-01-09 08:00:00,USDJPY,SignalType.BUY,19296.28422627502,True,0.75,{}
2024-01-09 09:00:00,USDJPY,SignalType.BUY,-756598.2483439984,False,0.75,{}
2024-01-09 10:00:00,USDJPY,SignalType.SELL,971867.6418083032,False,0.75,{}
2024-01-09 11:00:00,USDJPY,SignalType.BUY,-733272.309618601,False,0.75,{}
2024-01-09 12:00:00,USDJPY,SignalType.SELL,789974.672122471,False,0.75,{}
2024-01-09 13:00:00,USDJPY,SignalType.BUY,998464.0847007268,True,0.75,{}
2024-01-09 14:00:00,USDJPY,SignalType.BUY,-1509407.2986137143,False,0.75,{}
2024-01-09 15:00:00,USDJPY,SignalType.SELL,1013710.0469870256,False,0.75,{}
2024-01-09 16:00:00,USDJPY,SignalType.BUY,88713.58524210336,True,0.75,{}
2024-01-09 17:00:00,USDJPY,SignalType.BUY,1233642.8122478856,True,0.75,{}
2024-01-09 18:00:00,USDJPY,SignalType.BUY,-197794.4287295395,False,0.75,{}
2024-01-09 19:00:00,USDJPY,SignalType.SELL,187448.84360933155,False,0.75,{}
2024-01-09 20:00:00,USDJPY,SignalType.BUY,539181.5841358902,True,0.75,{}
2024-01-09 21:00:00,USDJPY,SignalType.BUY,95870.50705253205,True,0.75,{}
2024-01-09 22:00:00,USDJPY,SignalType.BUY,783735.0871704166,True,0.75,{}
2024-01-09 23:00:00,USDJPY,SignalType.BUY,155486.03882961744,True,0.75,{}
2024-01-10 00:00:00,USDJPY,SignalType.BUY,-1476687.8692166437,False,0.75,{}
2024-01-10 01:00:00,USDJPY,SignalType.SELL,-593628.2428072309,True,0.75,{}
2024-01-10 02:00:00,USDJPY,SignalType.SELL,-2050.277322441616,True,0.75,{}
2024-01-10 03:00:00,USDJPY,SignalType.BUY,-811177.0000495699,False,0.75,{}
2024-01-10 04:00:00,USDJPY,SignalType.SELL,519610.1308015068,False,0.75,{}
2024-01-10 05:00:00,USDJPY,SignalType.BUY,1650139.130917787,True,0.75,{}
2024-01-10 06:00:00,USDJPY,SignalType.BUY,-1452091.3607849388,False,0.75,{}
2024-01-10 07:00:00,USDJPY,SignalType.SELL,2896538.990121935,False,0.75,{}
2024-01-10 08:00:00,USDJPY,SignalType.BUY,1949662.6713015984,True,0.75,{}
2024-01-10 09:00:00,USDJPY,SignalType.BUY,1310101.6422788142,True,0.75,{}
2024-01-10 10:00:00,USDJPY,SignalType.BUY,-574710.4034902395,False,0.75,{}
2024-01-10 11:00:00,USDJPY,SignalType.SELL,2279297.6386686224,False,0.75,{}
2024-01-10 12:00:00,USDJPY,SignalType.BUY,85415.31339620179,True,0.75,{}
2024-01-10 13:00:00,USDJPY,SignalType.BUY,-781558.5375525416,False,0.75,{}
2024-01-10 14:00:00,USDJPY,SignalType.SELL,-1627248.1877050132,True,0.75,{}
2024-01-10 15:00:00,USDJPY,SignalType.SELL,-270671.07207081333,True,0.75,{}
2024-01-10 16:00:00,USDJPY,SignalType.SELL,-3461952.4358212356,True,0.75,{}
2024-01-10 17:00:00,USDJPY,SignalType.SELL,-2928059.842508569,True,0.75,{}
2024-01-10 18:00:00,USDJPY,SignalType.SELL,1298333.673657744,False,0.75,{}
2024-01-10 19:00:00,USDJPY,SignalType.BUY,-1090388.7574613737,False,0.75,{}
2024-01-10 20:00:00,USDJPY,SignalType.SELL,12782.764630874226,False,0.75,{}
2024-01-10 21:00:00,USDJPY,SignalType.BUY,3008206.57649665,True,0.75,{}
2024-01-10 22:00:00,USDJPY,SignalType.BUY,689792.7831534616,True,0.75,{}
2024-01-10 23:00:00,USDJPY,SignalType.BUY,351255.3289035759,True,0.75,{}
2024-01-11 00:00:00,USDJPY,SignalType.BUY,60207.00396727079,True,0.75,{}
2024-01-11 01:00:00,USDJPY,SignalType.BUY,147825.0042921536,True,0.75,{}
2024-01-11 02:00:00,USDJPY,SignalType.BUY,451849.4864520517,True,0.75,{}
2024-01-11 03:00:00,USDJPY,SignalType.BUY,-611253.1601419369,False,0.75,{}
2024-01-11 04:00:00,USDJPY,SignalType.SELL,-1262695.7149612235,True,0.75,{}
2024-01-11 05:00:00,USDJPY,SignalType.SELL,849025.6981527818,False,0.75,{}
2024-01-11 06:00:00,USDJPY,SignalType.BUY,-529133.4331380904,False,0.75,{}
2024-01-11 07:00:00,USDJPY,SignalType.SELL,-350820.1067359323,True,0.75,{}
2024-01-11 08:00:00,USDJPY,SignalType.SELL,-217225.56975104907,True,0.75,{}
2024-01-11 09:00:00,USDJPY,SignalType.SELL,1073382.3459187578,False,0.75,{}
2024-01-11 10:00:00,USDJPY,SignalType.BUY,1533966.0205261952,True,0.75,{}
2024-01-11 11:00:00,USDJPY,SignalType.BUY,418217.0130797704,True,0.75,{}
2024-01-11 12:00:00,USDJPY,SignalType.BUY,579091.7264980044,True,0.75,{}
2024-01-11 13:00:00,USDJPY,SignalType.BUY,1544287.34031369,True,0.75,{}
2024-01-11 14:00:00,USDJPY,SignalType.BUY,424794.47404724394,True,0.75,{}
2024-01-11 15:00:00,USDJPY,SignalType.BUY,-1333976.235515629,False,0.75,{}
2024-01-11 16:00:00,USDJPY,SignalType.SELL,-2004684.1116968154,True,0.75,{}
2024-01-11 17:00:00,USDJPY,SignalType.SELL,245106.41578230207,False,0.75,{}
2024-01-11 18:00:00,USDJPY,SignalType.BUY,705477.9201647352,True,0.75,{}
2024-01-11 19:00:00,USDJPY,SignalType.BUY,153856.4458743349,True,0.75,{}
2024-01-11 20:00:00,USDJPY,SignalType.BUY,1113879.2672769933,True,0.75,{}
2024-01-11 21:00:00,USDJPY,SignalType.BUY,1816429.935319752,True,0.75,{}
2024-01-11 22:00:00,USDJPY,SignalType.BUY,925376.6790939926,True,0.75,{}
2024-01-11 23:00:00,USDJPY,SignalType.BUY,-2363884.1088455957,False,0.75,{}
2024-01-12 00:00:00,USDJPY,SignalType.SELL,1447860.3763144882,False,0.75,{}
2024-01-12 01:00:00,USDJPY,SignalType.BUY,2663396.0718497112,True,0.75,{}
2024-01-12 02:00:00,USDJPY,SignalType.BUY,450360.7190363573,True,0.75,{}
2024-01-12 03:00:00,USDJPY,SignalType.BUY,290989.5190428779,True,0.75,{}
2024-01-12 04:00:00,USDJPY,SignalType.BUY,-189883.75749102942,False,0.75,{}
2024-01-12 05:00:00,USDJPY,SignalType.SELL,677166.0236250364,False,0.75,{}
2024-01-12 06:00:00,USDJPY,SignalType.BUY,502139.9667313017,True,0.75,{}
2024-01-12 07:00:00,USDJPY,SignalType.BUY,-999030.941971323,False,0.75,{}
2024-01-12 08:00:00,USDJPY,SignalType.SELL,309242.2173213799,False,0.75,{}
2024-01-12 09:00:00,USDJPY,SignalType.BUY,-1396094.7069468785,False,0.75,{}
2024-01-12 10:00:00,USDJPY,SignalType.SELL,1463582.3098486299,False,0.75,{}
2024-01-12 11:00:00,USDJPY,SignalType.BUY,-214459.5608134341,False,0.75,{}
2024-01-12 12:00:00,USDJPY,SignalType.SELL,-1195298.9826548265,True,0.75,{}
2024-01-12 13:00:00,USDJPY,SignalType.SELL,41301.422084366095,False,0.75,{}
2024-01-12 14:00:00,USDJPY,SignalType.BUY,2240759.4111936716,True,0.75,{}
2024-01-12 15:00:00,USDJPY,SignalType.BUY,-161273.21282008552,False,0.75,{}
2024-01-12 16:00:00,USDJPY,SignalType.SELL,-293697.39855589386,True,0.75,{}
2024-01-12 17:00:00,USDJPY,SignalType.SELL,-2493890.9847317655,True,0.75,{}
2024-01-12 18:00:00,USDJPY,SignalType.SELL,-1414296.0434303267,True,0.75,{}
2024-01-12 19:00:00,USDJPY,SignalType.SELL,-775468.3361355591,True,0.75,{}
2024-01-12 20:00:00,USDJPY,SignalType.SELL,-229873.73812124133,True,0.75,{}
2024-01-12 21:00:00,USDJPY,SignalType.SELL,1413448.4462846923,False,0.75,{}
2024-01-12 22:00:00,USDJPY,SignalType.BUY,2658440.258054184,True,0.75,{}
2024-01-12 23:00:00,USDJPY,SignalType.BUY,-1342530.570826466,False,0.75,{}
2024-01-13 00:00:00,USDJPY,SignalType.SELL,696547.534878564,False,0.75,{}
2024-01-13 01:00:00,USDJPY,SignalType.BUY,1634599.7301020953,True,0.75,{}
2024-01-13 02:00:00,USDJPY,SignalType.BUY,-879785.6804858929,False,0.75,{}
2024-01-13 03:00:00,USDJPY,SignalType.SELL,-236402.9112864182,True,0.75,{}
2024-01-13 04:00:00,USDJPY,SignalType.SELL,255132.09365917192,False,0.75,{}
2024-01-13 05:00:00,USDJPY,SignalType.BUY,90723.02362698337,True,0.75,{}
2024-01-13 06:00:00,USDJPY,SignalType.BUY,430253.772401079,True,0.75,{}
2024-01-13 07:00:00,USDJPY,SignalType.BUY,-2656191.4788936474,False,0.75,{}
2024-01-13 08:00:00,USDJPY,SignalType.SELL,-86536.61632496551,True,0.75,{}
2024-01-13 09:00:00,USDJPY,SignalType.SELL,-699809.7933886629,True,0.75,{}
2024-01-13 10:00:00,USDJPY,SignalType.SELL,1664674.4188482217,False,0.75,{}
2024-01-13 11:00:00,USDJPY,SignalType.BUY,-313851.31544667727,False,0.75,{}
2024-01-13 12:00:00,USDJPY,SignalType.SELL,-748229.033781754,True,0.75,{}
2024-01-13 13:00:00,USDJPY,SignalType.SELL,-7275.072464622099,True,0.75,{}
2024-01-13 14:00:00,USDJPY,SignalType.BUY,-351727.61094578163,False,0.75,{}
2024-01-13 15:00:00,USDJPY,SignalType.SELL,-590030.8789061409,True,0.75,{}
2024-01-13 16:00:00,USDJPY,SignalType.SELL,783379.5699167149,False,0.75,{}
2024-01-13 17:00:00,USDJPY,SignalType.BUY,982251.6066606431,True,0.75,{}
2024-01-13 18:00:00,USDJPY,SignalType.BUY,-236301.67726554192,False,0.75,{}
2024-01-13 19:00:00,USDJPY,SignalType.SELL,1395027.5501635724,False,0.75,{}
2024-01-13 20:00:00,USDJPY,SignalType.BUY,1109580.3175087348,True,0.75,{}
2024-01-13 21:00:00,USDJPY,SignalType.BUY,-2490711.6130099986,False,0.75,{}
2024-01-13 22:00:00,USDJPY,SignalType.SELL,-132475.17695449915,True,0.75,{}
2024-01-13 23:00:00,USDJPY,SignalType.SELL,-310614.84943164943,True,0.75,{}
2024-01-14 00:00:00,USDJPY,SignalType.SELL,381624.12402905826,False,0.75,{}
2024-01-14 01:00:00,USDJPY,SignalType.BUY,4454038.044752351,True,0.75,{}
2024-01-14 02:00:00,USDJPY,SignalType.BUY,1229072.639089636,True,0.75,{}
2024-01-14 03:00:00,USDJPY,SignalType.BUY,1185628.092611803,True,0.75,{}
2024-01-14 04:00:00,USDJPY,SignalType.BUY,1024087.3085736644,True,0.75,{}
2024-01-14 05:00:00,USDJPY,SignalType.BUY,39329.04773149858,True,0.75,{}
2024-01-14 06:00:00,USDJPY,SignalType.BUY,-3411876.719020743,False,0.75,{}
2024-01-14 07:00:00,USDJPY,SignalType.SELL,60016.02634857136,False,0.75,{}
2024-01-14 08:00:00,USDJPY,SignalType.BUY,-1887775.554792488,False,0.75,{}
2024-01-14 09:00:00,USDJPY,SignalType.SELL,-167851.3874133705,True,0.75,{}
2024-01-14 10:00:00,USDJPY,SignalType.SELL,1107856.8982046158,False,0.75,{}
2024-01-14 11:00:00,USDJPY,SignalType.BUY,624884.6821769302,True,0.75,{}
2024-01-14 12:00:00,USDJPY,SignalType.BUY,1185311.5482516158,True,0.75,{}
2024-01-14 13:00:00,USDJPY,SignalType.BUY,-17648.69651125764,False,0.75,{}
2024-01-14 14:00:00,USDJPY,SignalType.BUY,138154.57253405612,True,0.75,{}
2024-01-14 15:00:00,USDJPY,SignalType.BUY,-395002.5030983511,False,0.75,{}
2024-01-14 16:00:00,USDJPY,SignalType.SELL,777715.2258925685,False,0.75,{}
2024-01-14 17:00:00,USDJPY,SignalType.BUY,-559529.7227011338,False,0.75,{}
2024-01-14 18:00:00,USDJPY,SignalType.SELL,404004.715697115,False,0.75,{}
2024-01-14 19:00:00,USDJPY,SignalType.BUY,668470.1644574625,True,0.75,{}
2024-01-14 20:00:00,USDJPY,SignalType.BUY,-1284403.4883112228,False,0.75,{}
2024-01-14 21:00:00,USDJPY,SignalType.SELL,1026095.869684043,False,0.75,{}
2024-01-14 22:00:00,USDJPY,SignalType.BUY,-736490.090692555,False,0.75,{}
2024-01-14 23:00:00,USDJPY,SignalType.SELL,159296.8063682224,False,0.75,{}
2024-01-15 00:00:00,USDJPY,SignalType.BUY,-2384581.2659209743,False,0.75,{}
2024-01-15 01:00:00,USDJPY,SignalType.SELL,428071.1664876799,False,0.75,{}
2024-01-15 02:00:00,USDJPY,SignalType.BUY,10141.676474102042,True,0.75,{}
2024-01-15 03:00:00,USDJPY,SignalType.BUY,-1861830.5228505118,False,0.75,{}
2024-01-15 04:00:00,USDJPY,SignalType.SELL,508214.46322997415,False,0.75,{}
2024-01-15 05:00:00,USDJPY,SignalType.BUY,-334728.36389620625,False,0.75,{}
2024-01-15 06:00:00,USDJPY,SignalType.SELL,1152601.8098068517,False,0.75,{}
2024-01-15 07:00:00,USDJPY,SignalType.BUY,-256815.70425240806,False,0.75,{}
2024-01-15 08:00:00,USDJPY,SignalType.SELL,318285.73415698885,False,0.75,{}
2024-01-15 09:00:00,USDJPY,SignalType.BUY,1544471.4249895697,True,0.75,{}
2024-01-15 10:00:00,USDJPY,SignalType.BUY,-3368805.732935857,False,0.75,{}
2024-01-15 11:00:00,USDJPY,SignalType.SELL,-125304.81128872452,True,0.75,{}
2024-01-15 12:00:00,USDJPY,SignalType.SELL,-1813787.7243469483,True,0.75,{}
2024-01-15 13:00:00,USDJPY,SignalType.SELL,-1625633.0701199113,True,0.75,{}
2024-01-15 14:00:00,USDJPY,SignalType.SELL,464786.78210632096,False,0.75,{}
2024-01-15 15:00:00,USDJPY,SignalType.BUY,194195.3141107524,True,0.75,{}
2024-01-15 16:00:00,USDJPY,SignalType.BUY,1262643.5903686616,True,0.75,{}
2024-01-15 17:00:00,USDJPY,SignalType.BUY,-709824.7642438946,False,0.75,{}
2024-01-15 18:00:00,USDJPY,SignalType.SELL,380618.2390998174,False,0.75,{}
2024-01-15 19:00:00,USDJPY,SignalType.BUY,1362322.984116413,True,0.75,{}
2024-01-15 20:00:00,USDJPY,SignalType.BUY,2478917.4303793423,True,0.75,{}
2024-01-15 21:00:00,USDJPY,SignalType.BUY,-168721.84473702646,False,0.75,{}
2024-01-15 22:00:00,USDJPY,SignalType.SELL,-756951.388645391,True,0.75,{}
2024-01-15 23:00:00,USDJPY,SignalType.SELL,932567.4086055937,False,0.75,{}
2024-01-16 00:00:00,USDJPY,SignalType.BUY,1266360.1815715516,True,0.75,{}
2024-01-16 01:00:00,USDJPY,SignalType.BUY,-490998.36966134264,False,0.75,{}
2024-01-16 02:00:00,USDJPY,SignalType.SELL,-2998073.4392435034,True,0.75,{}
2024-01-16 03:00:00,USDJPY,SignalType.SELL,360695.0993696819,False,0.75,{}
2024-01-16 04:00:00,USDJPY,SignalType.BUY,-955059.3420202904,False,0.75,{}
2024-01-16 05:00:00,USDJPY,SignalType.SELL,353177.35389620793,False,0.75,{}
2024-01-16 06:00:00,USDJPY,SignalType.BUY,-1627512.780018842,False,0.75,{}
2024-01-16 07:00:00,USDJPY,SignalType.SELL,2486771.4162858417,False,0.75,{}
2024-01-16 08:00:00,USDJPY,SignalType.BUY,1856725.8289483811,True,0.75,{}
2024-01-16 09:00:00,USDJPY,SignalType.BUY,1541748.7877357553,True,0.75,{}
2024-01-16 10:00:00,USDJPY,SignalType.BUY,1794570.4027791475,True,0.75,{}
2024-01-16 11:00:00,USDJPY,SignalType.BUY,980872.0840361639,True,0.75,{}
2024-01-16 12:00:00,USDJPY,SignalType.BUY,1557166.355012946,True,0.75,{}
2024-01-16 13:00:00,USDJPY,SignalType.BUY,513316.43453282595,True,0.75,{}
2024-01-16 14:00:00,USDJPY,SignalType.BUY,-1785194.7720306772,False,0.75,{}
2024-01-16 15:00:00,USDJPY,SignalType.SELL,326962.5737248225,False,0.75,{}
2024-01-16 16:00:00,USDJPY,SignalType.BUY,-961484.5562440042,False,0.75,{}
2024-01-16 17:00:00,USDJPY,SignalType.SELL,1280166.2176111767,False,0.75,{}
2024-01-16 18:00:00,USDJPY,SignalType.BUY,-871212.2839871335,False,0.75,{}
2024-01-16 19:00:00,USDJPY,SignalType.SELL,1266395.1828291283,False,0.75,{}
2024-01-16 20:00:00,USDJPY,SignalType.BUY,-2560286.4219565433,False,0.75,{}
2024-01-16 21:00:00,USDJPY,SignalType.SELL,-67692.75791000154,True,0.75,{}
2024-01-16 22:00:00,USDJPY,SignalType.SELL,894595.3085619339,False,0.75,{}
2024-01-16 23:00:00,USDJPY,SignalType.BUY,-388136.05650313775,False,0.75,{}
2024-01-17 00:00:00,USDJPY,SignalType.SELL,1579458.4756312724,False,0.75,{}
2024-01-17 01:00:00,USDJPY,SignalType.BUY,-792666.305430364,False,0.75,{}
2024-01-17 02:00:00,USDJPY,SignalType.SELL,-24764.587902757285,True,0.75,{}
2024-01-17 03:00:00,USDJPY,SignalType.BUY,-758634.8720903107,False,0.75,{}
2024-01-17 04:00:00,USDJPY,SignalType.SELL,-239846.45668998384,True,0.75,{}
2024-01-17 05:00:00,USDJPY,SignalType.SELL,566485.72856898,False,0.75,{}
2024-01-17 06:00:00,USDJPY,SignalType.BUY,1087183.5689337968,True,0.75,{}
2024-01-17 07:00:00,USDJPY,SignalType.BUY,-1157435.7971176482,False,0.75,{}
2024-01-17 08:00:00,USDJPY,SignalType.SELL,-860555.7739522419,True,0.75,{}
2024-01-17 09:00:00,USDJPY,SignalType.SELL,351441.6539996819,False,0.75,{}
2024-01-17 10:00:00,USDJPY,SignalType.BUY,630888.7653919851,True,0.75,{}
2024-01-17 11:00:00,USDJPY,SignalType.BUY,1172442.915342615,True,0.75,{}
2024-01-17 12:00:00,USDJPY,SignalType.BUY,1974457.5271578764,True,0.75,{}
2024-01-17 13:00:00,USDJPY,SignalType.BUY,2262101.4311054684,True,0.75,{}
2024-01-17 14:00:00,USDJPY,SignalType.BUY,-477655.4840971653,False,0.75,{}
2024-01-17 15:00:00,USDJPY,SignalType.SELL,-1265492.4064722445,True,0.75,{}
2024-01-17 16:00:00,USDJPY,SignalType.SELL,-336676.7379037515,True,0.75,{}
2024-01-17 17:00:00,USDJPY,SignalType.SELL,660638.5017196476,False,0.75,{}
2024-01-17 18:00:00,USDJPY,SignalType.BUY,-1860544.6337554462,False,0.75,{}
2024-01-17 19:00:00,USDJPY,SignalType.SELL,82902.3790817223,False,0.75,{}
2024-01-17 20:00:00,USDJPY,SignalType.BUY,1835693.831086028,True,0.75,{}
2024-01-17 21:00:00,USDJPY,SignalType.BUY,232960.56982444043,True,0.75,{}
2024-01-17 22:00:00,USDJPY,SignalType.BUY,-1865966.9832782175,False,0.75,{}
2024-01-17 23:00:00,USDJPY,SignalType.SELL,-1763472.6707586606,True,0.75,{}
2024-01-18 00:00:00,USDJPY,SignalType.SELL,606577.5028411031,False,0.75,{}
2024-01-18 01:00:00,USDJPY,SignalType.BUY,1130299.1452024367,True,0.75,{}
2024-01-18 02:00:00,USDJPY,SignalType.BUY,-439433.8522532871,False,0.75,{}
2024-01-18 03:00:00,USDJPY,SignalType.SELL,459756.37487646507,False,0.75,{}
2024-01-18 04:00:00,USDJPY,SignalType.BUY,1131069.5966384718,True,0.75,{}
2024-01-18 05:00:00,USDJPY,SignalType.BUY,624388.0055057685,True,0.75,{}
2024-01-18 06:00:00,USDJPY,SignalType.BUY,-234175.29784036332,False,0.75,{}
2024-01-18 07:00:00,USDJPY,SignalType.SELL,-11487.428610664665,True,0.75,{}
2024-01-18 08:00:00,USDJPY,SignalType.BUY,-1804684.8558966327,False,0.75,{}
2024-01-18 09:00:00,USDJPY,SignalType.SELL,-275311.3100248379,True,0.75,{}
2024-01-18 10:00:00,USDJPY,SignalType.SELL,285387.6987407443,False,0.75,{}
2024-01-18 11:00:00,USDJPY,SignalType.BUY,921037.9014043724,True,0.75,{}
2024-01-18 12:00:00,USDJPY,SignalType.BUY,460232.4778887464,True,0.75,{}
2024-01-18 13:00:00,USDJPY,SignalType.BUY,1740961.2815581157,True,0.75,{}
2024-01-18 14:00:00,USDJPY,SignalType.BUY,2417767.3598441733,True,0.75,{}
2024-01-18 15:00:00,USDJPY,SignalType.BUY,887815.4609240403,True,0.75,{}
2024-01-18 16:00:00,USDJPY,SignalType.BUY,266854.1194995191,True,0.75,{}
2024-01-18 17:00:00,USDJPY,SignalType.BUY,-168849.1752720438,False,0.75,{}
2024-01-18 18:00:00,USDJPY,SignalType.SELL,-445478.20989478735,True,0.75,{}
2024-01-18 19:00:00,USDJPY,SignalType.SELL,2445979.7088451535,False,0.75,{}
2024-01-18 20:00:00,USDJPY,SignalType.BUY,364981.7797056443,True,0.75,{}
2024-01-18 21:00:00,USDJPY,SignalType.BUY,-2953594.4410956763,False,0.75,{}
2024-01-18 22:00:00,USDJPY,SignalType.SELL,845413.1611593027,False,0.75,{}
2024-01-18 23:00:00,USDJPY,SignalType.BUY,-1797445.279909615,False,0.75,{}
2024-01-19 00:00:00,USDJPY,SignalType.SELL,4868390.331291554,False,0.75,{}
2024-01-19 01:00:00,USDJPY,SignalType.BUY,-1373201.5999382532,False,0.75,{}
2024-01-19 02:00:00,USDJPY,SignalType.SELL,1551482.8563397713,False,0.75,{}
2024-01-19 03:00:00,USDJPY,SignalType.BUY,1821848.4509207546,True,0.75,{}
2024-01-19 04:00:00,USDJPY,SignalType.BUY,-882473.298414013,False,0.75,{}
2024-01-19 05:00:00,USDJPY,SignalType.SELL,-612278.0984258037,True,0.75,{}
2024-01-19 06:00:00,USDJPY,SignalType.SELL,700765.2482376404,False,0.75,{}
2024-01-19 07:00:00,USDJPY,SignalType.BUY,-1824728.073210394,False,0.75,{}
2024-01-19 08:00:00,USDJPY,SignalType.SELL,634851.5447128534,False,0.75,{}
2024-01-19 09:00:00,USDJPY,SignalType.BUY,1544820.038685687,True,0.75,{}
2024-01-19 10:00:00,USDJPY,SignalType.BUY,-1151990.0335263058,False,0.75,{}
2024-01-19 11:00:00,USDJPY,SignalType.SELL,916165.6639860851,False,0.75,{}
2024-01-19 12:00:00,USDJPY,SignalType.BUY,1127872.4926467468,True,0.75,{}
2024-01-19 13:00:00,USDJPY,SignalType.BUY,1250229.1104641673,True,0.75,{}
2024-01-19 14:00:00,USDJPY,SignalType.BUY,394171.7850367753,True,0.75,{}
2024-01-19 15:00:00,USDJPY,SignalType.BUY,759938.4827494879,True,0.75,{}
2024-01-19 16:00:00,USDJPY,SignalType.BUY,-600327.1026585981,False,0.75,{}
2024-01-19 17:00:00,USDJPY,SignalType.SELL,200264.4125933652,False,0.75,{}
2024-01-19 18:00:00,USDJPY,SignalType.BUY,-663856.6309997143,False,0.75,{}
2024-01-19 19:00:00,USDJPY,SignalType.SELL,-907632.1640953792,True,0.75,{}
2024-01-19 20:00:00,USDJPY,SignalType.SELL,-1613794.425578768,True,0.75,{}
2024-01-19 21:00:00,USDJPY,SignalType.SELL,619275.7252748827,False,0.75,{}
2024-01-19 22:00:00,USDJPY,SignalType.BUY,-535846.1002515841,False,0.75,{}
2024-01-19 23:00:00,USDJPY,SignalType.SELL,810850.1934549863,False,0.75,{}
2024-01-20 00:00:00,USDJPY,SignalType.BUY,660885.523404034,True,0.75,{}
2024-01-20 01:00:00,USDJPY,SignalType.BUY,-1387966.3030223686,False,0.75,{}
2024-01-20 02:00:00,USDJPY,SignalType.SELL,-833315.4695467397,True,0.75,{}
2024-01-20 03:00:00,USDJPY,SignalType.SELL,-299093.0396299592,True,0.75,{}
2024-01-20 04:00:00,USDJPY,SignalType.SELL,-1103437.2693184633,True,0.75,{}
2024-01-20 05:00:00,USDJPY,SignalType.SELL,-1629540.3596311219,True,0.75,{}
2024-01-20 06:00:00,USDJPY,SignalType.SELL,1231163.5241106136,False,0.75,{}
2024-01-20 07:00:00,USDJPY,SignalType.BUY,656891.6924011995,True,0.75,{}
2024-01-20 08:00:00,USDJPY,SignalType.BUY,1284111.028718483,True,0.75,{}
2024-01-20 09:00:00,USDJPY,SignalType.BUY,335214.1578933248,True,0.75,{}
2024-01-20 10:00:00,USDJPY,SignalType.BUY,836211.8583636283,True,0.75,{}
2024-01-20 11:00:00,USDJPY,SignalType.BUY,1347230.0444251308,True,0.75,{}
2024-01-20 12:00:00,USDJPY,SignalType.BUY,411785.1169690289,True,0.75,{}
2024-01-20 13:00:00,USDJPY,SignalType.BUY,553801.2082191723,True,0.75,{}
2024-01-20 14:00:00,USDJPY,SignalType.BUY,435310.4306422982,True,0.75,{}
2024-01-20 15:00:00,USDJPY,SignalType.BUY,391157.8055825459,True,0.75,{}
2024-01-20 16:00:00,USDJPY,SignalType.BUY,2436304.6240101694,True,0.75,{}
2024-01-20 17:00:00,USDJPY,SignalType.BUY,260481.68673772068,True,0.75,{}
2024-01-20 18:00:00,USDJPY,SignalType.BUY,93750.32734396143,True,0.75,{}
2024-01-20 19:00:00,USDJPY,SignalType.BUY,-2016771.2011576367,False,0.75,{}
2024-01-20 20:00:00,USDJPY,SignalType.SELL,-1068255.024069557,True,0.75,{}
2024-01-20 21:00:00,USDJPY,SignalType.SELL,1589487.7612877782,False,0.75,{}
2024-01-20 22:00:00,USDJPY,SignalType.BUY,541772.4161721122,True,0.75,{}
2024-01-20 23:00:00,USDJPY,SignalType.BUY,-2335281.208883328,False,0.75,{}
2024-01-21 00:00:00,USDJPY,SignalType.SELL,218896.62625103086,False,0.75,{}
2024-01-21 01:00:00,USDJPY,SignalType.BUY,538611.8986536599,True,0.75,{}
2024-01-21 02:00:00,USDJPY,SignalType.BUY,-1573782.8329594976,False,0.75,{}
2024-01-21 03:00:00,USDJPY,SignalType.SELL,1033011.2543678283,False,0.75,{}
2024-01-21 04:00:00,USDJPY,SignalType.BUY,-192450.71796225075,False,0.75,{}
2024-01-21 05:00:00,USDJPY,SignalType.SELL,1451641.2766138853,False,0.75,{}
2024-01-21 06:00:00,USDJPY,SignalType.BUY,93406.00695170253,True,0.75,{}
2024-01-21 07:00:00,USDJPY,SignalType.BUY,121795.85125108162,True,0.75,{}
2024-01-21 08:00:00,USDJPY,SignalType.BUY,956656.069249006,True,0.75,{}
2024-01-21 09:00:00,USDJPY,SignalType.BUY,-541822.1842165821,False,0.75,{}
2024-01-21 10:00:00,USDJPY,SignalType.SELL,-602170.9396132343,True,0.75,{}
2024-01-21 11:00:00,USDJPY,SignalType.SELL,-1309718.413051784,True,0.75,{}
2024-01-21 12:00:00,USDJPY,SignalType.SELL,-378593.6649976132,True,0.75,{}
2024-01-21 13:00:00,USDJPY,SignalType.SELL,-1117867.2818085605,True,0.75,{}
2024-01-21 14:00:00,USDJPY,SignalType.SELL,-1018294.5976908024,True,0.75,{}
2024-01-21 15:00:00,USDJPY,SignalType.SELL,4668552.404045726,False,0.75,{}
2024-01-21 16:00:00,USDJPY,SignalType.BUY,486052.7585268181,True,0.75,{}
2024-01-21 17:00:00,USDJPY,SignalType.BUY,-329852.37986823224,False,0.75,{}
2024-01-21 18:00:00,USDJPY,SignalType.SELL,953633.2141744338,False,0.75,{}
