timestamp,pair,atr,entry_price,method,position_size,risk_amount,portfolio_exposure,margin_used_pct,decision_reason
2024-01-01 01:00:00,EURUSD,318161.7816552649,-74.28386035582848,equity_%,-8.462282525648277e-05,2000.0,6.286110134268242e-06,1.2572220268536483e-07,"Method: equity_%, ATR: 318161.78, Risk: 2000.00"
2024-01-01 02:00:00,EURUSD,871992.4569393231,-25.299697806534112,equity_%,-9.062253719612026e-05,1999.2369922690277,2.2935978219581874e-06,4.5871956439163754e-08,"Method: equity_%, ATR: 871992.46, Risk: 1999.24"
2024-01-01 03:00:00,EURUSD,2134287.4713719953,-109.06657564883882,equity_%,-8.611434091385126e-06,2004.5646844226796,9.370808885057689e-07,1.8741617770115378e-08,"Method: equity_%, ATR: 2134287.47, Risk: 2004.56"
2024-01-01 04:00:00,EURUSD,1785133.783675321,-36.56269633780279,equity_%,-3.077017788276237e-05,2008.348108360638,1.1203642092764063e-06,2.240728418552813e-08,"Method: equity_%, ATR: 1785133.78, Risk: 2008.35"
2024-01-01 05:00:00,EURUSD,2026629.6030897382,-75.7209276026598,equity_%,-1.3109414557502312e-05,2011.748123973473,9.86860152911445e-07,1.9737203058228898e-08,"Method: equity_%, ATR: 2026629.60, Risk: 2011.75"
2024-01-01 06:00:00,EURUSD,1103014.0843539315,1.7634671043326762,equity_%,0.0010356864785522632,2014.5438596183935,1.8132134742154812e-06,3.6264269484309626e-08,"Method: equity_%, ATR: 1103014.08, Risk: 2014.54"
2024-01-01 07:00:00,EURUSD,494906.8778811587,-8.409959188670602,equity_%,-0.0004837053814086379,2013.252730482055,4.041164286426137e-06,8.082328572852275e-08,"Method: equity_%, ATR: 494906.88, Risk: 2013.25"
2024-01-01 08:00:00,EURUSD,1396360.20741479,63.338014679393964,equity_%,2.276656384063605e-05,2013.5359959271839,1.4322951838500067e-06,2.864590367700014e-08,"Method: equity_%, ATR: 1396360.21, Risk: 2013.54"
2024-01-01 09:00:00,EURUSD,2418314.277785348,-77.33479976241053,equity_%,-1.0787810740104229e-05,2017.5347511365478,8.27022367759234e-07,1.654044735518468e-08,"Method: equity_%, ATR: 2418314.28, Risk: 2017.53"
2024-01-01 10:00:00,EURUSD,1746411.2291802648,-13.548130159525634,equity_%,-8.5180154944656e-05,2015.414140104923,1.1452056460601008e-06,2.2904112921202015e-08,"Method: equity_%, ATR: 1746411.23, Risk: 2015.41"
2024-01-01 11:00:00,EURUSD,5604260.420949204,-76.89055419258506,equity_%,-4.673295813211562e-06,2013.7918147887353,3.5687135318048915e-07,7.137427063609784e-09,"Method: equity_%, ATR: 5604260.42, Risk: 2013.79"
2024-01-01 12:00:00,EURUSD,1403357.0914713212,-168.23441460081176,equity_%,-8.539900629210352e-06,2016.2104070630332,1.4251540197107927e-06,2.8503080394215853e-08,"Method: equity_%, ATR: 1403357.09, Risk: 2016.21"
2024-01-01 13:00:00,EURUSD,2313343.931798263,-34.09367313621928,equity_%,-2.5552577608558607e-05,2015.341809081056,8.645493532149855e-07,1.7290987064299712e-08,"Method: equity_%, ATR: 2313343.93, Risk: 2015.34"
2024-01-01 14:00:00,EURUSD,2475369.7729000854,-121.1988850871171,equity_%,-6.730774471747578e-06,2019.3134921421583,8.079600962634553e-07,1.6159201925269103e-08,"Method: equity_%, ATR: 2475369.77, Risk: 2019.31"
2024-01-01 15:00:00,EURUSD,1406282.7129892013,-219.19289108080284,equity_%,-6.5484812564898195e-06,2018.5508382733885,1.4221891384476956e-06,2.8443782768953913e-08,"Method: equity_%, ATR: 1406282.71, Risk: 2018.55"
2024-01-01 16:00:00,EURUSD,1627218.473826247,-134.6075217408844,equity_%,-9.225814015174572e-06,2020.783978707978,1.2290912573633663e-06,2.4581825147267327e-08,"Method: equity_%, ATR: 1627218.47, Risk: 2020.78"
2024-01-01 17:00:00,EURUSD,1758504.508838109,-245.17212342305052,equity_%,-4.69287384576839e-06,2023.2681934019301,1.137330038079603e-06,2.274660076159206e-08,"Method: equity_%, ATR: 1758504.51, Risk: 2023.27"
2024-01-01 18:00:00,EURUSD,2477261.722490015,-73.51914810919763,equity_%,-1.1109451721931323e-05,2023.3219093682376,8.073430359993226e-07,1.6146860719986453e-08,"Method: equity_%, ATR: 2477261.72, Risk: 2023.32"
2024-01-01 19:00:00,EURUSD,1661664.9443808838,-200.9376226866488,equity_%,-6.062166837381228e-06,2024.102969479274,1.2036120800184395e-06,2.407224160036879e-08,"Method: equity_%, ATR: 1661664.94, Risk: 2024.10"
2024-01-01 20:00:00,EURUSD,2318645.619365986,-152.2468137008613,equity_%,-5.732368849932821e-06,2023.562935039154,8.62572522206685e-07,1.72514504441337e-08,"Method: equity_%, ATR: 2318645.62, Risk: 2023.56"
2024-01-01 21:00:00,EURUSD,3098181.464905332,-70.80973014624871,equity_%,-9.230532675788085e-06,2025.0071209221974,6.455399797122962e-07,1.2910799594245924e-08,"Method: equity_%, ATR: 3098181.46, Risk: 2025.01"
2024-01-01 22:00:00,EURUSD,4459489.503317578,-352.9363804891723,equity_%,-1.2857242387989495e-06,2023.6220592019336,4.4848182701453314e-07,8.969636540290663e-09,"Method: equity_%, ATR: 4459489.50, Risk: 2023.62"
2024-01-01 23:00:00,EURUSD,1919282.6392952458,-472.6180241795793,equity_%,-2.231814882622462e-06,2024.4515359474422,1.042056005224115e-06,2.08411201044823e-08,"Method: equity_%, ATR: 1919282.64, Risk: 2024.45"
2024-01-02 00:00:00,EURUSD,1983110.3682896695,-368.88818300261926,equity_%,-2.7724805592091147e-06,2028.1970089708277,1.0085167381404481e-06,2.0170334762808963e-08,"Method: equity_%, ATR: 1983110.37, Risk: 2028.20"
2024-01-02 01:00:00,EURUSD,1528187.9461360245,-318.47307595715404,equity_%,-4.163431402085725e-06,2026.2867557336458,1.3087395467664417e-06,2.6174790935328833e-08,"Method: equity_%, ATR: 1528187.95, Risk: 2026.29"
2024-01-02 02:00:00,EURUSD,1929404.9246829643,-187.07937142312446,equity_%,-5.6138387665333035e-06,2026.325547497712,1.036589040700534e-06,2.073178081401068e-08,"Method: equity_%, ATR: 1929404.92, Risk: 2026.33"
2024-01-02 03:00:00,EURUSD,3036315.2351787845,-33.646598085463154,equity_%,-1.9864398930511446e-05,2029.3803347276669,6.586931346350261e-07,1.3173862692700523e-08,"Method: equity_%, ATR: 3036315.24, Risk: 2029.38"
2024-01-02 04:00:00,EURUSD,3211805.0288931523,96.7136722492694,equity_%,6.517969929440073e-06,2024.6474003826252,6.227028048116724e-07,1.2454056096233448e-08,"Method: equity_%, ATR: 3211805.03, Risk: 2024.65"
2024-01-02 05:00:00,EURUSD,1438900.6853604456,93.32983718367468,equity_%,1.5129036762078489e-05,2031.7141524918231,1.389949994706548e-06,2.7798999894130963e-08,"Method: equity_%, ATR: 1438900.69, Risk: 2031.71"
2024-01-02 06:00:00,EURUSD,1737708.340880457,-10.7132591063923,equity_%,-0.00010938402871549028,2036.349926233916,1.1509411291578688e-06,2.3018822583157377e-08,"Method: equity_%, ATR: 1737708.34, Risk: 2036.35"
2024-01-02 07:00:00,EURUSD,2183920.3386785784,-124.19517848178764,equity_%,-7.496283989351994e-06,2033.234919493204,9.157843189510005e-07,1.831568637902001e-08,"Method: equity_%, ATR: 2183920.34, Risk: 2033.23"
2024-01-02 08:00:00,EURUSD,1379045.6534645648,-114.35896063204927,equity_%,-1.2862030644159815e-05,2028.4223320934086,1.4502783102034486e-06,2.9005566204068977e-08,"Method: equity_%, ATR: 1379045.65, Risk: 2028.42"
2024-01-02 09:00:00,EURUSD,3745825.1656514555,-206.4952999437142,equity_%,-2.624464826310054e-06,2030.0111848554109,5.339277493086546e-07,1.0678554986173093e-08,"Method: equity_%, ATR: 3745825.17, Risk: 2030.01"
2024-01-02 10:00:00,EURUSD,4739778.922087134,152.19088867707546,equity_%,2.8115993250720307e-06,2028.1504522677046,4.219606088967778e-07,8.439212177935556e-09,"Method: equity_%, ATR: 4739778.92, Risk: 2028.15"
2024-01-02 11:00:00,EURUSD,1415192.8433019198,246.60636224375844,equity_%,5.823956437138351e-06,2032.5349321382996,1.4132349590841707e-06,2.8264699181683417e-08,"Method: equity_%, ATR: 1415192.84, Risk: 2032.53"
2024-01-02 12:00:00,EURUSD,2057939.0689314394,105.0826780387981,equity_%,9.411244668649309e-06,2035.2169386246946,9.718460717296536e-07,1.943692143459307e-08,"Method: equity_%, ATR: 2057939.07, Risk: 2035.22"
2024-01-02 13:00:00,EURUSD,1130607.9386480928,123.4193444197088,equity_%,1.4598704828115943e-05,2037.0870756737065,1.7689598061654065e-06,3.537919612330813e-08,"Method: equity_%, ATR: 1130607.94, Risk: 2037.09"
2024-01-02 14:00:00,EURUSD,2829663.8926085224,318.54256639924154,equity_%,2.259760060522417e-06,2036.8763065186356,7.067977243602251e-07,1.4135954487204504e-08,"Method: equity_%, ATR: 2829663.89, Risk: 2036.88"
2024-01-02 15:00:00,EURUSD,1609313.333969153,270.08241920522266,equity_%,4.700769149023899e-06,2043.1763294380037,1.242766065367315e-06,2.4855321307346305e-08,"Method: equity_%, ATR: 1609313.33, Risk: 2043.18"
2024-01-02 16:00:00,EURUSD,3504364.829641415,33.82858020582958,equity_%,1.7266778817433288e-05,2046.9366857401687,5.70716833784869e-07,1.141433667569738e-08,"Method: equity_%, ATR: 3504364.83, Risk: 2046.94"
2024-01-02 17:00:00,EURUSD,682225.3060030681,2.5146083951538003,equity_%,0.0011951098508329407,2050.246183167231,2.931582839864644e-06,5.863165679729288e-08,"Method: equity_%, ATR: 682225.31, Risk: 2050.25"
2024-01-02 18:00:00,EURUSD,1764021.7878835246,-22.236374792265636,equity_%,-5.2398286600265576e-05,2055.346351061113,1.1337728443817025e-06,2.2675456887634055e-08,"Method: equity_%, ATR: 1764021.79, Risk: 2055.35"
2024-01-02 19:00:00,EURUSD,1514259.667109291,-110.86913089269949,equity_%,-1.2233338359735175e-05,2053.7897684706345,1.3207774356283181e-06,2.6415548712566366e-08,"Method: equity_%, ATR: 1514259.67, Risk: 2053.79"
2024-01-02 20:00:00,EURUSD,2269870.1473158253,-137.91019272596628,equity_%,-6.57793134564828e-06,2059.1439820777514,8.811076714520639e-07,1.7622153429041282e-08,"Method: equity_%, ATR: 2269870.15, Risk: 2059.14"
2024-01-02 21:00:00,EURUSD,2258992.5853571533,-69.26455293816346,equity_%,-1.3164664270815774e-05,2059.8501571886636,8.853504048503967e-07,1.7707008097007934e-08,"Method: equity_%, ATR: 2258992.59, Risk: 2059.85"
2024-01-02 22:00:00,EURUSD,8078852.179928769,172.61654911279223,equity_%,1.4788740702011025e-06,2062.354346278471,2.475599200798391e-07,4.951198401596782e-09,"Method: equity_%, ATR: 8078852.18, Risk: 2062.35"
2024-01-02 23:00:00,EURUSD,3342810.5612736433,398.19798936531276,equity_%,1.550134676944447e-06,2063.384957249455,5.982989353838767e-07,1.1965978707677532e-08,"Method: equity_%, ATR: 3342810.56, Risk: 2063.38"
2024-01-03 00:00:00,EURUSD,1368132.879092633,436.4407262295274,equity_%,3.44870313464166e-06,2059.251360430334,1.4618463093485707e-06,2.9236926186971414e-08,"Method: equity_%, ATR: 1368132.88, Risk: 2059.25"
2024-01-03 01:00:00,EURUSD,1983210.616777128,503.67295378260627,equity_%,2.065917504700508e-06,2063.623405213251,1.0084657590478997e-06,2.0169315180957993e-08,"Method: equity_%, ATR: 1983210.62, Risk: 2063.62"
2024-01-03 02:00:00,EURUSD,2652152.8931820937,616.2381100864825,equity_%,1.2602198234745502e-06,2059.6499552445284,7.541043373258806e-07,1.5082086746517612e-08,"Method: equity_%, ATR: 2652152.89, Risk: 2059.65"
2024-01-03 03:00:00,EURUSD,1364760.904548376,680.9298689198399,equity_%,2.2148241441657956e-06,2058.250393444491,1.4654581570548695e-06,2.9309163141097392e-08,"Method: equity_%, ATR: 1364760.90, Risk: 2058.25"
2024-01-03 04:00:00,EURUSD,1471796.135287982,784.865959536994,equity_%,1.7819065180698114e-06,2058.3919195532067,1.3588838508593218e-06,2.7177677017186434e-08,"Method: equity_%, ATR: 1471796.14, Risk: 2058.39"
2024-01-03 05:00:00,EURUSD,3417356.5948186424,917.222941356298,equity_%,6.553024649404265e-07,2054.031072915179,5.852476744839498e-07,1.1704953489678996e-08,"Method: equity_%, ATR: 3417356.59, Risk: 2054.03"
2024-01-03 06:00:00,EURUSD,1666585.180915763,1037.570182346814,equity_%,1.1868090937848172e-06,2052.2292050467677,1.20005867260924e-06,2.4001173452184793e-08,"Method: equity_%, ATR: 1666585.18, Risk: 2052.23"
2024-01-03 07:00:00,EURUSD,1831338.3747383808,1084.9340042634033,equity_%,1.03401430677669e-06,2054.4636653191196,1.092097466851648e-06,2.1841949337032962e-08,"Method: equity_%, ATR: 1831338.37, Risk: 2054.46"
2024-01-03 08:00:00,EURUSD,2223071.1878964347,1260.2383092960897,equity_%,7.33482330317591e-07,2054.923711744513,8.996563002071409e-07,1.7993126004142816e-08,"Method: equity_%, ATR: 2223071.19, Risk: 2054.92"
2024-01-03 09:00:00,EURUSD,1430304.6727163019,1208.4985608300126,equity_%,1.18924276209672e-06,2055.631253123338,1.3983034790774932e-06,2.7966069581549865e-08,"Method: equity_%, ATR: 1430304.67, Risk: 2055.63"
2024-01-03 10:00:00,EURUSD,1805189.8938550015,1319.8321174736789,equity_%,8.622645078437686e-07,2054.386233770372,1.1079166833407091e-06,2.2158333666814183e-08,"Method: equity_%, ATR: 1805189.89, Risk: 2054.39"
2024-01-03 11:00:00,EURUSD,1747494.857721233,1377.120870430595,equity_%,8.543589584035065e-07,2056.0247777416457,1.144495499464896e-06,2.288990998929792e-08,"Method: equity_%, ATR: 1747494.86, Risk: 2056.02"
2024-01-03 12:00:00,EURUSD,2708647.7839633813,1264.5732234352524,equity_%,6.004025821780994e-07,2056.549033666056,7.383758094504021e-07,1.4767516189008043e-08,"Method: equity_%, ATR: 2708647.78, Risk: 2056.55"
2024-01-03 13:00:00,EURUSD,2694086.2683210573,1371.5265807910412,equity_%,5.556481908983254e-07,2053.126137463001,7.423667250441804e-07,1.4847334500883607e-08,"Method: equity_%, ATR: 2694086.27, Risk: 2053.13"
2024-01-03 14:00:00,EURUSD,3350052.789712179,1572.6637255116536,equity_%,3.8986824465186106e-07,2054.0233814542885,5.97005517686732e-07,1.1940110353734642e-08,"Method: equity_%, ATR: 3350052.79, Risk: 2054.02"
2024-01-03 15:00:00,EURUSD,1956930.7838093664,1467.6533317828257,equity_%,7.143903465420779e-07,2051.7976459735337,1.0220085536734184e-06,2.044017107346837e-08,"Method: equity_%, ATR: 1956930.78, Risk: 2051.80"
2024-01-03 16:00:00,EURUSD,2973219.9201482125,1251.2742686028703,equity_%,5.526390968280586e-07,2055.9907373093615,6.726713979167413e-07,1.3453427958334824e-08,"Method: equity_%, ATR: 2973219.92, Risk: 2055.99"
2024-01-03 17:00:00,EURUSD,3126351.455770091,1111.4076552038298,equity_%,5.91805120036465e-07,2056.316217105266,6.397233415036362e-07,1.2794466830072724e-08,"Method: equity_%, ATR: 3126351.46, Risk: 2056.32"
2024-01-03 18:00:00,EURUSD,3544706.963295182,860.1863883553033,equity_%,6.773719820427048e-07,2065.3807903974584,5.642215338840839e-07,1.1284430677681676e-08,"Method: equity_%, ATR: 3544706.96, Risk: 2065.38"
2024-01-03 19:00:00,EURUSD,2374664.6850171587,882.2935000220975,equity_%,9.87891223259691e-07,2069.7814980070225,8.422241727932837e-07,1.6844483455865675e-08,"Method: equity_%, ATR: 2374664.69, Risk: 2069.78"
2024-01-03 20:00:00,EURUSD,2300932.380667173,958.1275293023092,equity_%,9.393555403794903e-07,2070.890690481161,8.692128533651586e-07,1.7384257067303168e-08,"Method: equity_%, ATR: 2300932.38, Risk: 2070.89"
2024-01-03 21:00:00,EURUSD,2267573.301573234,895.1126037995131,equity_%,1.0218726675033457e-06,2074.1291269808326,8.820001534734984e-07,1.764000306946997e-08,"Method: equity_%, ATR: 2267573.30, Risk: 2074.13"
2024-01-03 22:00:00,EURUSD,4344798.616618872,686.5411244004996,equity_%,6.937448702072518e-07,2069.359729414698,4.6032052955227707e-07,9.206410591045542e-09,"Method: equity_%, ATR: 4344798.62, Risk: 2069.36"
2024-01-03 23:00:00,EURUSD,1893188.2552162164,842.6387212150073,equity_%,1.2999316845281413e-06,2073.746867635427,1.0564189770824374e-06,2.1128379541648748e-08,"Method: equity_%, ATR: 1893188.26, Risk: 2073.75"
2024-01-04 00:00:00,EURUSD,3167236.9883853514,780.7741853272207,equity_%,8.382015495499084e-07,2072.785996143955,6.314652194749704e-07,1.2629304389499408e-08,"Method: equity_%, ATR: 3167236.99, Risk: 2072.79"
2024-01-04 01:00:00,EURUSD,1792374.9400420398,680.2623532759773,equity_%,1.7014519690149813e-06,2074.5551952550877,1.1158379618681179e-06,2.231675923736236e-08,"Method: equity_%, ATR: 1792374.94, Risk: 2074.56"
2024-01-04 02:00:00,EURUSD,862872.9266140442,643.8473058824204,equity_%,3.7329510159049323e-06,2073.8723277165377,2.3178383957972796e-06,4.6356767915945594e-08,"Method: equity_%, ATR: 862872.93, Risk: 2073.87"
2024-01-04 03:00:00,EURUSD,4530419.932527185,465.69804322417775,equity_%,9.827949604066453e-07,2073.5083725908075,4.4146018024522255e-07,8.829203604904451e-09,"Method: equity_%, ATR: 4530419.93, Risk: 2073.51"
2024-01-04 04:00:00,EURUSD,5713926.516223937,766.662714435748,equity_%,4.735513877008348e-07,2074.464976320869,3.5002200226433867e-07,7.000440045286773e-09,"Method: equity_%, ATR: 5713926.52, Risk: 2074.46"
2024-01-04 05:00:00,EURUSD,1704254.5391837836,851.5358139979598,equity_%,1.4306416433903247e-06,2076.195474645889,1.173533620721854e-06,2.3470672414437085e-08,"Method: equity_%, ATR: 1704254.54, Risk: 2076.20"
2024-01-04 06:00:00,EURUSD,490371.2713288712,848.199503007123,equity_%,4.995074644764442e-06,2077.6147270035212,4.07854235542825e-06,8.157084710856502e-08,"Method: equity_%, ATR: 490371.27, Risk: 2077.61"
2024-01-04 07:00:00,EURUSD,2267858.6700435663,888.4923199274127,equity_%,1.0318285645062725e-06,2079.1087731311072,8.818891699109184e-07,1.7637783398218368e-08,"Method: equity_%, ATR: 2267858.67, Risk: 2079.11"
2024-01-04 08:00:00,EURUSD,1824774.4656257897,950.9452442974584,equity_%,1.1962074889534948e-06,2075.731725008663,1.0960258583594979e-06,2.1920517167189957e-08,"Method: equity_%, ATR: 1824774.47, Risk: 2075.73"
2024-01-04 09:00:00,EURUSD,661918.2338730695,950.7302888634706,equity_%,3.311948117532018e-06,2084.2278738214554,3.021521235783819e-06,6.04304247156764e-08,"Method: equity_%, ATR: 661918.23, Risk: 2084.23"
2024-01-04 10:00:00,EURUSD,2481300.5644963267,1046.4893207328932,equity_%,8.02561838853661e-07,2083.975844315057,8.060289142786597e-07,1.6120578285573195e-08,"Method: equity_%, ATR: 2481300.56, Risk: 2083.98"
2024-01-04 11:00:00,EURUSD,1343829.3561825436,1061.4659871520114,equity_%,1.462945804436591e-06,2086.7885463519688,1.488284201263068e-06,2.9765684025261363e-08,"Method: equity_%, ATR: 1343829.36, Risk: 2086.79"
2024-01-04 12:00:00,EURUSD,2543167.588468932,983.2425576064911,equity_%,8.347235883130838e-07,2087.2685730195835,7.864208434663417e-07,1.572841686932684e-08,"Method: equity_%, ATR: 2543167.59, Risk: 2087.27"
2024-01-04 13:00:00,EURUSD,1351240.9566980556,1048.4245467245248,equity_%,1.4725659063188083e-06,2086.146108935911,1.48012091410201e-06,2.96024182820402e-08,"Method: equity_%, ATR: 1351240.96, Risk: 2086.15"
2024-01-04 14:00:00,EURUSD,2113788.7920170645,1166.5342505795277,equity_%,8.468218297231394e-07,2088.0992161288214,9.461683246468147e-07,1.8923366492936294e-08,"Method: equity_%, ATR: 2113788.79, Risk: 2088.10"
2024-01-04 15:00:00,EURUSD,652044.7501085232,1145.478570810232,equity_%,2.798845686132688e-06,2090.467046860744,3.067274139799652e-06,6.134548279599304e-08,"Method: equity_%, ATR: 652044.75, Risk: 2090.47"
2024-01-04 16:00:00,EURUSD,3440754.005051192,1373.2122608059888,equity_%,4.4358163499982176e-07,2095.8724734931084,5.812679421614868e-07,1.1625358843229734e-08,"Method: equity_%, ATR: 3440754.01, Risk: 2095.87"
2024-01-04 17:00:00,EURUSD,1555283.0227684171,1394.0752691978173,equity_%,9.70216391403105e-07,2103.605326543653,1.2859395818775047e-06,2.5718791637550095e-08,"Method: equity_%, ATR: 1555283.02, Risk: 2103.61"
2024-01-04 18:00:00,EURUSD,1998412.5514798756,1466.9782223184382,equity_%,7.195785465349542e-07,2109.5363937556235,1.0007943547587053e-06,2.0015887095174107e-08,"Method: equity_%, ATR: 1998412.55, Risk: 2109.54"
2024-01-04 19:00:00,EURUSD,1702881.9202461136,1320.0200006695493,equity_%,9.367830892237854e-07,2105.7368069853637,1.1744795550539081e-06,2.3489591101078165e-08,"Method: equity_%, ATR: 1702881.92, Risk: 2105.74"
2024-01-04 20:00:00,EURUSD,2192134.3617036655,1405.8812946075327,equity_%,6.833021006943133e-07,2105.855552562934,9.12352835181898e-07,1.824705670363796e-08,"Method: equity_%, ATR: 2192134.36, Risk: 2105.86"
2024-01-04 21:00:00,EURUSD,1480080.132057833,1396.623807257512,equity_%,1.0199543092025266e-06,2108.3630039227974,1.3512781887148875e-06,2.7025563774297745e-08,"Method: equity_%, ATR: 1480080.13, Risk: 2108.36"
2024-01-04 22:00:00,EURUSD,1373003.8518754758,1405.169716261756,equity_%,1.0929655288715516e-06,2108.6621469655597,1.4566601523135344e-06,2.9133203046270686e-08,"Method: equity_%, ATR: 1373003.85, Risk: 2108.66"
2024-01-04 23:00:00,EURUSD,1486855.1936095355,1479.1852986702477,equity_%,9.59395133631362e-07,2110.0306665153225,1.3451209025572548e-06,2.6902418051145096e-08,"Method: equity_%, ATR: 1486855.19, Risk: 2110.03"
2024-01-05 00:00:00,EURUSD,1056517.6506169473,1376.8074745714725,equity_%,1.447177430579968e-06,2105.095257783043,1.89301144077632e-06,3.7860228815526395e-08,"Method: equity_%, ATR: 1056517.65, Risk: 2105.10"
2024-01-05 01:00:00,EURUSD,6051018.562250961,1362.3720315957896,equity_%,2.558715210458368e-07,2109.3378967859926,3.305228664273021e-07,6.610457328546042e-09,"Method: equity_%, ATR: 6051018.56, Risk: 2109.34"
2024-01-05 02:00:00,EURUSD,948577.9458027537,1402.981754555591,equity_%,1.581869650361732e-06,2105.2115310695735,2.108419248886773e-06,4.2168384977735465e-08,"Method: equity_%, ATR: 948577.95, Risk: 2105.21"
2024-01-05 03:00:00,EURUSD,1439454.863100052,1336.2630261285522,equity_%,1.0928020017065217e-06,2101.9940624971314,1.3894148759154155e-06,2.7788297518308307e-08,"Method: equity_%, ATR: 1439454.86, Risk: 2101.99"
2024-01-05 04:00:00,EURUSD,942229.3893839014,1360.489461621092,equity_%,1.6385531371824706e-06,2100.4500501442567,2.122625363349944e-06,4.245250726699889e-08,"Method: equity_%, ATR: 942229.39, Risk: 2100.45"
2024-01-05 05:00:00,EURUSD,1093223.8171525318,1359.146326402912,equity_%,1.4144468437990792e-06,2101.65744828295,1.8294515437921074e-06,3.6589030875842146e-08,"Method: equity_%, ATR: 1093223.82, Risk: 2101.66"
2024-01-05 06:00:00,EURUSD,3645125.056277325,1177.658079355961,equity_%,4.888806568980952e-07,2098.623360250182,5.486780204031053e-07,1.0973560408062106e-08,"Method: equity_%, ATR: 3645125.06, Risk: 2098.62"
2024-01-05 07:00:00,EURUSD,6301204.266676136,1000.2164210320539,equity_%,3.327123468190337e-07,2096.9421835479875,3.173996454260311e-07,6.347992908520622e-09,"Method: equity_%, ATR: 6301204.27, Risk: 2096.94"
2024-01-05 08:00:00,EURUSD,811210.5308863898,995.6384986765655,equity_%,2.602402815023174e-06,2101.889018674916,2.4654512285665834e-06,4.9309024571331667e-08,"Method: equity_%, ATR: 811210.53, Risk: 2101.89"
2024-01-05 09:00:00,EURUSD,2173968.760653531,1132.5484473453657,equity_%,8.541613382991589e-07,2103.05193761584,9.199764210957507e-07,1.8399528421915013e-08,"Method: equity_%, ATR: 2173968.76, Risk: 2103.05"
2024-01-05 10:00:00,EURUSD,2012620.89425637,1219.204662513363,equity_%,8.582017049269707e-07,2105.852578551934,9.937291248975965e-07,1.987458249795193e-08,"Method: equity_%, ATR: 2012620.89, Risk: 2105.85"
2024-01-05 11:00:00,EURUSD,2549332.129097793,1174.2486603392256,equity_%,7.02725514688414e-07,2103.6438501991847,7.84519199037357e-07,1.569038398074714e-08,"Method: equity_%, ATR: 2549332.13, Risk: 2103.64"
2024-01-05 12:00:00,EURUSD,1279469.6464982145,1274.137531604453,equity_%,1.2912256986389202e-06,2104.982342125513,1.5631476725327622e-06,3.126295345065524e-08,"Method: equity_%, ATR: 1279469.65, Risk: 2104.98"
2024-01-05 13:00:00,EURUSD,2095934.5391356056,1382.6968025417377,equity_%,7.267233369190961e-07,2106.074742306579,9.542282750991019e-07,1.9084565501982035e-08,"Method: equity_%, ATR: 2095934.54, Risk: 2106.07"
2024-01-05 14:00:00,EURUSD,2550302.2374146166,1286.3338397444065,equity_%,6.417202308931846e-07,2105.18893089386,7.842207761333855e-07,1.568441552266771e-08,"Method: equity_%, ATR: 2550302.24, Risk: 2105.19"
2024-01-05 15:00:00,EURUSD,4270020.147016034,1098.2179946128222,equity_%,4.4921096015356927e-07,2106.5356995815064,4.6838186498900605e-07,9.36763729978012e-09,"Method: equity_%, ATR: 4270020.15, Risk: 2106.54"
2024-01-05 16:00:00,EURUSD,1176314.8336838537,1030.1332011474772,equity_%,1.7349620792502803e-06,2102.3593237030377,1.7002250951274832e-06,3.4004501902549666e-08,"Method: equity_%, ATR: 1176314.83, Risk: 2102.36"
2024-01-05 17:00:00,EURUSD,3068299.0711645745,853.2353639495772,equity_%,8.041215459741264e-07,2105.175149936046,6.518269417723022e-07,1.3036538835446046e-08,"Method: equity_%, ATR: 3068299.07, Risk: 2105.18"
2024-01-05 18:00:00,EURUSD,1860431.181631442,849.3580070061262,equity_%,1.3324350204207815e-06,2105.476671783387,1.075019608221234e-06,2.1500392164424682e-08,"Method: equity_%, ATR: 1860431.18, Risk: 2105.48"
2024-01-05 19:00:00,EURUSD,347545.86210784735,871.1014565118946,equity_%,6.956964386807538e-06,2106.205013607916,5.754636202169422e-06,1.1509272404338843e-07,"Method: equity_%, ATR: 347545.86, Risk: 2106.21"
2024-01-05 20:00:00,EURUSD,2706397.941508242,773.7908859068978,equity_%,1.007675655252925e-06,2110.260311014267,7.389896250384469e-07,1.4779792500768938e-08,"Method: equity_%, ATR: 2706397.94, Risk: 2110.26"
2024-01-05 21:00:00,EURUSD,4846424.055811791,1095.3892445859165,equity_%,3.980349498211604e-07,2113.0564114466406,4.1267540292963365e-07,8.253508058592673e-09,"Method: equity_%, ATR: 4846424.06, Risk: 2113.06"
2024-01-05 22:00:00,EURUSD,1401697.902630974,1113.8873562353874,equity_%,1.3537154603821296e-06,2113.601393879457,1.4268409735407453e-06,2.853681947081491e-08,"Method: equity_%, ATR: 1401697.90, Risk: 2113.60"
2024-01-05 23:00:00,EURUSD,1316049.6289866115,1095.3423889000774,equity_%,1.4649428328051549e-06,2111.7516357921213,1.5196995280033979e-06,3.0393990560067956e-08,"Method: equity_%, ATR: 1316049.63, Risk: 2111.75"
2024-01-06 00:00:00,EURUSD,907530.648969539,1125.9840418183026,equity_%,2.0719347091606593e-06,2117.237620006484,2.2037823210388675e-06,4.407564642077736e-08,"Method: equity_%, ATR: 907530.65, Risk: 2117.24"
2024-01-06 01:00:00,EURUSD,2654153.759442568,1146.849468401173,equity_%,6.947360137998248e-07,2114.717254000701,7.535358465517254e-07,1.507071693103451e-08,"Method: equity_%, ATR: 2654153.76, Risk: 2114.72"
2024-01-06 02:00:00,EURUSD,1052795.0540703114,1168.4681991292214,equity_%,1.7218163400359273e-06,2118.1053547085044,1.8997049732211505e-06,3.799409946442301e-08,"Method: equity_%, ATR: 1052795.05, Risk: 2118.11"
2024-01-06 03:00:00,EURUSD,2944531.2943292423,1313.0094979049993,equity_%,5.470008042946074e-07,2114.8131728758854,6.792252484637273e-07,1.3584504969274546e-08,"Method: equity_%, ATR: 2944531.29, Risk: 2114.81"
2024-01-06 04:00:00,EURUSD,1120913.8561815848,1336.2115140885585,equity_%,1.4148069950738999e-06,2119.0667927853206,1.7842584325017082e-06,3.5685168650034166e-08,"Method: equity_%, ATR: 1120913.86, Risk: 2119.07"
2024-01-06 05:00:00,EURUSD,2575312.3590742983,1380.2428510590041,equity_%,5.974299779903601e-07,2123.5985953439713,7.766048234703865e-07,1.553209646940773e-08,"Method: equity_%, ATR: 2575312.36, Risk: 2123.60"
2024-01-06 06:00:00,EURUSD,2353007.7626538104,1454.7655672881272,equity_%,6.191395062851587e-07,2119.360762814406,8.499759464220062e-07,1.6999518928440124e-08,"Method: equity_%, ATR: 2353007.76, Risk: 2119.36"
2024-01-06 07:00:00,EURUSD,2197118.3534151576,1351.889542193887,equity_%,7.144855404304654e-07,2122.20876797247,9.102832338964533e-07,1.820566467792907e-08,"Method: equity_%, ATR: 2197118.35, Risk: 2122.21"
2024-01-06 08:00:00,EURUSD,1611059.8336787256,1406.056849832997,equity_%,9.38005099053324e-07,2124.8082789157193,1.2414188214432486e-06,2.4828376428864977e-08,"Method: equity_%, ATR: 1611059.83, Risk: 2124.81"
2024-01-06 09:00:00,EURUSD,2091959.2049484118,1544.2374980942059,equity_%,6.588544763511592e-07,2128.4174268297775,9.560415878422068e-07,1.9120831756844134e-08,"Method: equity_%, ATR: 2091959.20, Risk: 2128.42"
2024-01-06 10:00:00,EURUSD,3319814.682878409,1437.5237578811216,equity_%,4.4653680103721123e-07,2131.0131476548327,6.024432659795101e-07,1.2048865319590202e-08,"Method: equity_%, ATR: 3319814.68, Risk: 2131.01"
2024-01-06 11:00:00,EURUSD,1704597.7010666889,1535.6061351694607,equity_%,8.135825859022898e-07,2129.626200576462,1.1732973702524982e-06,2.3465947405049964e-08,"Method: equity_%, ATR: 1704597.70, Risk: 2129.63"
2024-01-06 12:00:00,EURUSD,2388693.2039089105,1600.053087664361,equity_%,5.574187519760082e-07,2130.474501674052,8.372778876446568e-07,1.6745557752893134e-08,"Method: equity_%, ATR: 2388693.20, Risk: 2130.47"
2024-01-06 13:00:00,EURUSD,515995.08179974917,1565.6244377492528,equity_%,2.645239229708107e-06,2136.9684412833544,3.876005935994897e-06,7.752011871989793e-08,"Method: equity_%, ATR: 515995.08, Risk: 2136.97"
2024-01-06 14:00:00,EURUSD,8764060.06526347,1719.9317982503187,equity_%,1.416481160628503e-07,2135.1450008555053,2.2820473446171833e-07,4.564094689234366e-09,"Method: equity_%, ATR: 8764060.07, Risk: 2135.15"
2024-01-06 15:00:00,EURUSD,637814.4820447688,1743.3870193791277,equity_%,1.922387857738397e-06,2137.613574730559,3.135708040978e-06,6.271416081956e-08,"Method: equity_%, ATR: 637814.48, Risk: 2137.61"
2024-01-06 16:00:00,EURUSD,1371770.3891407745,1666.2421548733932,equity_%,9.373783919298824e-07,2142.5673363524243,1.457969945868802e-06,2.9159398917376037e-08,"Method: equity_%, ATR: 1371770.39, Risk: 2142.57"
2024-01-06 17:00:00,EURUSD,1239918.491663468,1600.8696435606314,equity_%,1.0786656446720133e-06,2141.0950779258424,1.6130092529846948e-06,3.226018505969389e-08,"Method: equity_%, ATR: 1239918.49, Risk: 2141.10"
2024-01-06 18:00:00,EURUSD,2940766.6828873903,1520.495906739946,equity_%,4.782245789116377e-07,2138.3447179844948,6.800947561185987e-07,1.3601895122371974e-08,"Method: equity_%, ATR: 2940766.68, Risk: 2138.34"
2024-01-06 19:00:00,EURUSD,2110768.381932819,1432.6045983789197,equity_%,7.063887332116463e-07,2136.046410983541,9.475222469310495e-07,1.895044493862099e-08,"Method: equity_%, ATR: 2110768.38, Risk: 2136.05"
2024-01-06 20:00:00,EURUSD,1103391.452502874,1460.9159279139383,equity_%,1.3267875602036076e-06,2138.7313250682705,1.8125933416135383e-06,3.625186683227077e-08,"Method: equity_%, ATR: 1103391.45, Risk: 2138.73"
2024-01-06 21:00:00,EURUSD,1078799.6090163824,1541.6129545054841,equity_%,1.2846001405643169e-06,2136.4075137492955,1.8539124257039183e-06,3.707824851407837e-08,"Method: equity_%, ATR: 1078799.61, Risk: 2136.41"
2024-01-06 22:00:00,EURUSD,1886102.8045234003,1532.8951888271301,equity_%,7.393134253344946e-07,2137.501433627399,1.0603875860867405e-06,2.120775172173481e-08,"Method: equity_%, ATR: 1886102.80, Risk: 2137.50"
2024-01-06 23:00:00,EURUSD,2896516.304303136,1773.3706161933449,equity_%,4.1722472838149064e-07,2143.1152478163085,6.904846339130737e-07,1.3809692678261474e-08,"Method: equity_%, ATR: 2896516.30, Risk: 2143.12"
2024-01-07 00:00:00,EURUSD,1489028.0616594078,1781.6259747177464,equity_%,8.083488034206295e-07,2144.4613234430826,1.3431580314014718e-06,2.6863160628029437e-08,"Method: equity_%, ATR: 1489028.06, Risk: 2144.46"
2024-01-07 01:00:00,EURUSD,4262075.323622269,1523.7454175784364,equity_%,3.3007745688817105e-07,2143.6278850786002,4.692549634013113e-07,9.385099268026226e-09,"Method: equity_%, ATR: 4262075.32, Risk: 2143.63"
2024-01-07 02:00:00,EURUSD,2812725.112134997,1394.0825836312392,equity_%,5.471590155346521e-07,2145.5041140967405,7.11054198425349e-07,1.4221083968506978e-08,"Method: equity_%, ATR: 2812725.11, Risk: 2145.50"
2024-01-07 03:00:00,EURUSD,1855143.4311449225,1335.68596170505,equity_%,8.663818527274662e-07,2146.798095534536,1.0780837569878236e-06,2.1561675139756473e-08,"Method: equity_%, ATR: 1855143.43, Risk: 2146.80"
2024-01-07 04:00:00,EURUSD,1552638.4588254087,1274.6560222544122,equity_%,1.0861895980995942e-06,2149.6560684509454,1.2881298853778399e-06,2.5762597707556797e-08,"Method: equity_%, ATR: 1552638.46, Risk: 2149.66"
2024-01-07 05:00:00,EURUSD,2779152.2055643736,1129.8093805270173,equity_%,6.866476968066726e-07,2156.013502112402,7.196439245017356e-07,1.4392878490034713e-08,"Method: equity_%, ATR: 2779152.21, Risk: 2156.01"
2024-01-07 06:00:00,EURUSD,2543597.2856948785,1006.5726879176339,equity_%,8.431397461614614e-07,2158.7038086889133,7.862879911249887e-07,1.5725759822499773e-08,"Method: equity_%, ATR: 2543597.29, Risk: 2158.70"
2024-01-07 07:00:00,EURUSD,243833.30998840166,1007.1758677025888,equity_%,8.821070394680452e-06,2166.305156224211,8.202324777099297e-06,1.640464955419859e-07,"Method: equity_%, ATR: 243833.31, Risk: 2166.31"
2024-01-07 08:00:00,EURUSD,980915.3249170765,1003.1544863101559,equity_%,2.2015924331705664e-06,2166.388109079427,2.038911972518192e-06,4.077823945036385e-08,"Method: equity_%, ATR: 980915.32, Risk: 2166.39"
2024-01-07 09:00:00,EURUSD,7696380.014806954,1361.1147099518087,equity_%,2.067255840157544e-07,2165.586115201303,2.598624283302318e-07,5.197248566604636e-09,"Method: equity_%, ATR: 7696380.01, Risk: 2165.59"
2024-01-07 10:00:00,EURUSD,1522298.5099363495,1264.7255739893878,equity_%,1.129155184892366e-06,2173.951024183989,1.313802770577253e-06,2.627605541154506e-08,"Method: equity_%, ATR: 1522298.51, Risk: 2173.95"
2024-01-07 11:00:00,EURUSD,1146573.341326798,1226.77618142825,equity_%,1.5463484914711883e-06,2175.0765701319533,1.744328014539069e-06,3.488656029078138e-08,"Method: equity_%, ATR: 1146573.34, Risk: 2175.08"
2024-01-07 12:00:00,EURUSD,1508046.8949358738,1169.4166577874614,equity_%,1.2324176705680277e-06,2173.4118934362805,1.326218704946205e-06,2.6524374098924104e-08,"Method: equity_%, ATR: 1508046.89, Risk: 2173.41"
2024-01-07 13:00:00,EURUSD,2372273.8622667394,1113.360311180493,equity_%,8.260967525194371e-07,2181.8830794271703,8.430729823448687e-07,1.6861459646897378e-08,"Method: equity_%, ATR: 2372273.86, Risk: 2181.88"
2024-01-07 14:00:00,EURUSD,6153604.654105842,1574.415091167732,equity_%,2.2513520614194548e-07,2181.183728768629,3.250127547055772e-07,6.500255094111543e-09,"Method: equity_%, ATR: 6153604.65, Risk: 2181.18"
2024-01-07 15:00:00,EURUSD,4590228.062319075,1643.9805399636512,equity_%,2.8893395121300027e-07,2180.366560472521,4.3570819855725424e-07,8.714163971145087e-09,"Method: equity_%, ATR: 4590228.06, Risk: 2180.37"
2024-01-07 16:00:00,EURUSD,1257789.0833986795,1686.650813489509,equity_%,1.027698574593528e-06,2180.212148948388,1.5900917144198675e-06,3.180183428839735e-08,"Method: equity_%, ATR: 1257789.08, Risk: 2180.21"
2024-01-07 17:00:00,EURUSD,1930411.5534314883,1526.4557643774176,equity_%,7.405623344557713e-07,2182.2060281883546,1.0360485029447796e-06,2.072097005889559e-08,"Method: equity_%, ATR: 1930411.55, Risk: 2182.21"
2024-01-07 18:00:00,EURUSD,1697894.4449711526,1395.377437809564,equity_%,9.228833740200746e-07,2186.498612380701,1.1779295267286067e-06,2.3558590534572136e-08,"Method: equity_%, ATR: 1697894.44, Risk: 2186.50"
2024-01-07 19:00:00,EURUSD,2721707.911304918,1337.6368729093094,equity_%,5.988073915509625e-07,2180.0522375396367,7.34832709892482e-07,1.4696654197849638e-08,"Method: equity_%, ATR: 2721707.91, Risk: 2180.05"
2024-01-07 20:00:00,EURUSD,1225987.7013888923,1301.9122350709536,equity_%,1.3685188201365612e-06,2184.331738995571,1.6313377350639386e-06,3.262675470127877e-08,"Method: equity_%, ATR: 1225987.70, Risk: 2184.33"
2024-01-07 21:00:00,EURUSD,1542634.7071724513,1328.583606053731,equity_%,1.0656978252690425e-06,2184.168135188582,1.296483211936719e-06,2.5929664238734387e-08,"Method: equity_%, ATR: 1542634.71, Risk: 2184.17"
2024-01-07 22:00:00,EURUSD,2351604.165880133,1330.0365621725593,equity_%,6.984096360389712e-07,2184.4294518591014,8.504832696838932e-07,1.7009665393677866e-08,"Method: equity_%, ATR: 2351604.17, Risk: 2184.43"
2024-01-07 23:00:00,EURUSD,1669358.5594512979,1384.4541797356526,equity_%,9.460233338171149e-07,2186.4022395754837,1.1980649625430868e-06,2.3961299250861732e-08,"Method: equity_%, ATR: 1669358.56, Risk: 2186.40"
2024-01-08 00:00:00,EURUSD,1940363.7159816185,1501.0788890802226,equity_%,7.513949224883434e-07,2188.542164055091,1.030734590390035e-06,2.06146918078007e-08,"Method: equity_%, ATR: 1940363.72, Risk: 2188.54"
2024-01-08 01:00:00,EURUSD,1999734.61960059,1487.2945715944127,equity_%,7.367995970314659e-07,2191.385268098686,1.0001327078087305e-06,2.0002654156174614e-08,"Method: equity_%, ATR: 1999734.62, Risk: 2191.39"
2024-01-08 02:00:00,EURUSD,2555844.20940721,1348.1140048168922,equity_%,6.363939745470714e-07,2192.7395877542276,7.825203088039041e-07,1.5650406176078084e-08,"Method: equity_%, ATR: 2555844.21, Risk: 2192.74"
2024-01-08 03:00:00,EURUSD,2842468.72532693,1540.5268931702515,equity_%,5.016170177693964e-07,2196.5305155058745,7.036137221773538e-07,1.4072274443547077e-08,"Method: equity_%, ATR: 2842468.73, Risk: 2196.53"
2024-01-08 04:00:00,EURUSD,1970080.6514413033,1493.1057743252118,equity_%,7.488884898631524e-07,2202.884547224739,1.0151868648305376e-06,2.0303737296610755e-08,"Method: equity_%, ATR: 1970080.65, Risk: 2202.88"
2024-01-08 05:00:00,EURUSD,1514854.8669641854,1404.43096813762,equity_%,1.0326439329394106e-06,2196.95935137552,1.3202584905100907e-06,2.6405169810201812e-08,"Method: equity_%, ATR: 1514854.87, Risk: 2196.96"
2024-01-08 06:00:00,EURUSD,4874466.022302281,1137.2247716006445,equity_%,3.9718001567417805e-07,2201.7132053477285,4.103013521582352e-07,8.206027043164704e-09,"Method: equity_%, ATR: 4874466.02, Risk: 2201.71"
2024-01-08 07:00:00,EURUSD,2799514.3741621245,1078.223467669168,equity_%,7.314403747628953e-07,2207.854304539355,7.144096199179498e-07,1.4288192398358995e-08,"Method: equity_%, ATR: 2799514.37, Risk: 2207.85"
2024-01-08 08:00:00,EURUSD,4797957.973194679,1221.1086952359046,equity_%,3.773548939556441e-07,2210.8574942830564,4.1684400138009484e-07,8.336880027601897e-09,"Method: equity_%, ATR: 4797957.97, Risk: 2210.86"
2024-01-08 09:00:00,EURUSD,1905229.0480981288,1307.4235618255263,equity_%,8.873454241102503e-07,2210.325407014942,1.0497425503754917e-06,2.0994851007509833e-08,"Method: equity_%, ATR: 1905229.05, Risk: 2210.33"
2024-01-08 10:00:00,EURUSD,2406036.3504704833,1172.065442271226,equity_%,7.831005262650962e-07,2208.368589671241,8.312426367161552e-07,1.6624852734323104e-08,"Method: equity_%, ATR: 2406036.35, Risk: 2208.37"
2024-01-08 11:00:00,EURUSD,2567092.175610612,1252.4066908214645,equity_%,6.895565127435517e-07,2216.954126731981,7.790916193043503e-07,1.5581832386087007e-08,"Method: equity_%, ATR: 2567092.18, Risk: 2216.95"
2024-01-08 12:00:00,EURUSD,1434494.963677132,1301.2634276762938,equity_%,1.1870100186673732e-06,2215.739175672112,1.3942189067525707e-06,2.7884378135051414e-08,"Method: equity_%, ATR: 1434494.96, Risk: 2215.74"
2024-01-08 13:00:00,EURUSD,1016583.3091403305,1333.0404307911065,equity_%,1.639521520811041e-06,2221.792100385281,1.9673744217690253e-06,3.9347488435380505e-08,"Method: equity_%, ATR: 1016583.31, Risk: 2221.79"
2024-01-08 14:00:00,EURUSD,1905330.1241601866,1399.905926115062,equity_%,8.339811302568647e-07,2224.4636343587085,1.049686862470377e-06,2.099373724940754e-08,"Method: equity_%, ATR: 1905330.12, Risk: 2224.46"
2024-01-08 15:00:00,EURUSD,508275.30052149313,1429.696793844133,equity_%,3.0716442658699773e-06,2232.101126776753,3.934875446333886e-06,7.869750892667772e-08,"Method: equity_%, ATR: 508275.30, Risk: 2232.10"
2024-01-08 16:00:00,EURUSD,1311052.1079263117,1425.750354793802,equity_%,1.1944184254684767e-06,2232.6463462838233,1.5254923796761945e-06,3.050984759352389e-08,"Method: equity_%, ATR: 1311052.11, Risk: 2232.65"
2024-01-08 17:00:00,EURUSD,3288610.268571281,1572.0255350980701,equity_%,4.3122219861584266e-07,2229.323603512973,6.081596287385216e-07,1.2163192574770433e-08,"Method: equity_%, ATR: 3288610.27, Risk: 2229.32"
2024-01-08 18:00:00,EURUSD,705647.4070904187,1594.3742109920963,equity_%,1.9828437271206546e-06,2230.8301160545607,2.8342766938612565e-06,5.668553387722513e-08,"Method: equity_%, ATR: 705647.41, Risk: 2230.83"
2024-01-08 19:00:00,EURUSD,1597896.0706810153,1651.5847026101774,equity_%,8.441908014797625e-07,2227.8707731408595,1.251645859012351e-06,2.5032917180247023e-08,"Method: equity_%, ATR: 1597896.07, Risk: 2227.87"
2024-01-08 20:00:00,EURUSD,1232586.0165538052,1583.756032934868,equity_%,1.1461421770820679e-06,2237.4019547344824,1.6226048106498985e-06,3.245209621299798e-08,"Method: equity_%, ATR: 1232586.02, Risk: 2237.40"
2024-01-08 21:00:00,EURUSD,3317326.5455485284,1366.624980415607,equity_%,4.942693335297814e-07,2240.790449406725,6.028951242933172e-07,1.2057902485866344e-08,"Method: equity_%, ATR: 3317326.55, Risk: 2240.79"
2024-01-08 22:00:00,EURUSD,1173547.288126631,1309.3424018431622,equity_%,1.4607972355424184e-06,2244.6248407547882,1.7042346910388761e-06,3.408469382077752e-08,"Method: equity_%, ATR: 1173547.29, Risk: 2244.62"
2024-01-08 23:00:00,EURUSD,1871490.582830577,1314.0334174242018,equity_%,9.143054998819285e-07,2248.4611516038667,1.068666878876332e-06,2.1373337577526638e-08,"Method: equity_%, ATR: 1871490.58, Risk: 2248.46"
2024-01-09 00:00:00,EURUSD,2965597.7132045086,1147.7781565800062,equity_%,6.603938248758754e-07,2247.8803825619966,6.744003042269946e-07,1.3488006084539892e-08,"Method: equity_%, ATR: 2965597.71, Risk: 2247.88"
2024-01-09 01:00:00,EURUSD,961251.9455153825,1213.9482837130697,equity_%,1.9272985945813627e-06,2248.9842910844454,2.0806199761995644e-06,4.16123995239913e-08,"Method: equity_%, ATR: 961251.95, Risk: 2248.98"
2024-01-09 02:00:00,EURUSD,1006030.805022931,1143.6638309759142,equity_%,1.956276371111047e-06,2250.815384978525,1.988010695114265e-06,3.976021390228529e-08,"Method: equity_%, ATR: 1006030.81, Risk: 2250.82"
2024-01-09 03:00:00,EURUSD,3402095.6214329535,1118.0210656777276,equity_%,5.936845091682231e-07,2258.1470503687833,5.878729531880721e-07,1.1757459063761444e-08,"Method: equity_%, ATR: 3402095.62, Risk: 2258.15"
2024-01-09 04:00:00,EURUSD,2592936.311185321,1044.2578454577567,equity_%,8.332461879152032e-07,2256.1757749730364,7.71326311167948e-07,1.542652622335896e-08,"Method: equity_%, ATR: 2592936.31, Risk: 2256.18"
2024-01-09 05:00:00,EURUSD,2974027.5002630083,1008.3422528605156,equity_%,7.52121432338453e-07,2255.490023303772,6.724887378556956e-07,1.344977475711391e-08,"Method: equity_%, ATR: 2974027.50, Risk: 2255.49"
2024-01-09 06:00:00,EURUSD,2473329.340461315,850.2441604610776,equity_%,1.0727399974638681e-06,2255.9012299850942,8.08626642348798e-07,1.617253284697596e-08,"Method: equity_%, ATR: 2473329.34, Risk: 2255.90"
2024-01-09 07:00:00,EURUSD,3572543.5608184976,1013.3555131853727,equity_%,6.229890498174772e-07,2255.380290007762,5.598252242281364e-07,1.1196504484562727e-08,"Method: equity_%, ATR: 3572543.56, Risk: 2255.38"
2024-01-09 08:00:00,EURUSD,4250778.611528607,1176.046163478802,equity_%,4.5058073627205e-07,2252.5035106442097,4.705020380444579e-07,9.410040760889158e-09,"Method: equity_%, ATR: 4250778.61, Risk: 2252.50"
2024-01-09 09:00:00,EURUSD,2822335.606604213,1266.640095448781,equity_%,6.282412932993342e-07,2245.889397082935,7.086329475913627e-07,1.4172658951827252e-08,"Method: equity_%, ATR: 2822335.61, Risk: 2245.89"
2024-01-09 10:00:00,EURUSD,2270110.4067295203,1206.4878220507333,equity_%,8.185553131387248e-07,2241.908863685921,8.810144185371758e-07,1.762028837074352e-08,"Method: equity_%, ATR: 2270110.41, Risk: 2241.91"
2024-01-09 11:00:00,EURUSD,1983228.7180913296,1180.1731680786752,equity_%,9.59903769335756e-07,2246.7059534836653,1.008456554584794e-06,2.016913109169588e-08,"Method: equity_%, ATR: 1983228.72, Risk: 2246.71"
2024-01-09 12:00:00,EURUSD,2270206.3358123703,1243.287638922433,equity_%,7.965157784025615e-07,2248.1812967807277,8.809771906853217e-07,1.7619543813706434e-08,"Method: equity_%, ATR: 2270206.34, Risk: 2248.18"
2024-01-09 13:00:00,EURUSD,2844284.6635671095,1112.520715824787,equity_%,7.117434142896613e-07,2252.18791352949,7.03164498834563e-07,1.4063289976691261e-08,"Method: equity_%, ATR: 2844284.66, Risk: 2252.19"
2024-01-09 14:00:00,EURUSD,754363.1972975981,1105.2071282071622,equity_%,2.701050581630619e-06,2251.940372741765,2.6512428060710324e-06,5.302485612142065e-08,"Method: equity_%, ATR: 754363.20, Risk: 2251.94"
2024-01-09 15:00:00,EURUSD,3091949.3084747307,1246.3485813289954,equity_%,5.846787678426846e-07,2253.1453657609877,6.468411349818044e-07,1.2936822699636087e-08,"Method: equity_%, ATR: 3091949.31, Risk: 2253.15"
2024-01-09 16:00:00,EURUSD,1283975.9099862727,1220.0622185782438,equity_%,1.4423497289724922e-06,2259.4848382638643,1.5576616231229622e-06,3.1153232462459246e-08,"Method: equity_%, ATR: 1283975.91, Risk: 2259.48"
2024-01-09 17:00:00,EURUSD,1043450.5870216958,1227.678021141411,equity_%,1.7686223596802829e-06,2265.6430060808366,1.916717499492303e-06,3.833434998984606e-08,"Method: equity_%, ATR: 1043450.59, Risk: 2265.64"
2024-01-09 18:00:00,EURUSD,1326334.472913918,1356.2081096936063,equity_%,1.261945260425607e-06,2269.968922478613,1.5079152663551437e-06,3.015830532710287e-08,"Method: equity_%, ATR: 1326334.47, Risk: 2269.97"
2024-01-09 19:00:00,EURUSD,1410850.0985769592,1419.6309575727266,equity_%,1.134400877220621e-06,2272.076175840484,1.417585044660153e-06,2.8351700893203057e-08,"Method: equity_%, ATR: 1410850.10, Risk: 2272.08"
2024-01-09 20:00:00,EURUSD,2294089.4080213727,1489.1351986823752,equity_%,6.659808850630001e-07,2275.130084123132,8.718056031325208e-07,1.7436112062650415e-08,"Method: equity_%, ATR: 2294089.41, Risk: 2275.13"
2024-01-09 21:00:00,EURUSD,1400323.5667399373,1465.3767902819902,equity_%,1.1100098262781705e-06,2277.741999019068,1.4282413347196294e-06,2.8564826694392583e-08,"Method: equity_%, ATR: 1400323.57, Risk: 2277.74"
2024-01-09 22:00:00,EURUSD,1659852.1175953601,1539.983015291058,equity_%,8.914760503060908e-07,2278.7412186381057,1.2049266189432672e-06,2.4098532378865346e-08,"Method: equity_%, ATR: 1659852.12, Risk: 2278.74"
2024-01-09 23:00:00,EURUSD,2072538.2439913186,1689.7141696660262,equity_%,6.507795278790221e-07,2279.028109209785,9.650002868696776e-07,1.930000573739355e-08,"Method: equity_%, ATR: 2072538.24, Risk: 2279.03"
2024-01-10 00:00:00,EURUSD,3729802.8866008054,1799.7216083553365,equity_%,3.4023968096275e-07,2283.8952130456883,5.362213663314312e-07,1.0724427326628626e-08,"Method: equity_%, ATR: 3729802.89, Risk: 2283.90"
2024-01-10 01:00:00,EURUSD,1019111.4171288951,1719.2483460630083,equity_%,1.302152282659723e-06,2281.5083303989995,1.962493959330302e-06,3.924987918660604e-08,"Method: equity_%, ATR: 1019111.42, Risk: 2281.51"
2024-01-10 02:00:00,EURUSD,979511.2397633875,1652.6294919896736,equity_%,1.4130924026261041e-06,2287.4704052307457,2.0418346608081025e-06,4.083669321616205e-08,"Method: equity_%, ATR: 979511.24, Risk: 2287.47"
2024-01-10 03:00:00,EURUSD,3032100.7285240055,1725.8159896716015,equity_%,4.3726554105425566e-07,2288.144076810502,6.596086934663213e-07,1.3192173869326423e-08,"Method: equity_%, ATR: 3032100.73, Risk: 2288.14"
2024-01-10 04:00:00,EURUSD,2517485.143424342,1872.6504190032224,equity_%,4.8483723297678e-07,2285.7019162964093,7.944436157742539e-07,1.5888872315485077e-08,"Method: equity_%, ATR: 2517485.14, Risk: 2285.70"
2024-01-10 05:00:00,EURUSD,1172665.8481717755,1840.9441218394775,equity_%,1.058714276199582e-06,2285.565401723319,1.7055156872847162e-06,3.411031374569433e-08,"Method: equity_%, ATR: 1172665.85, Risk: 2285.57"
2024-01-10 06:00:00,EURUSD,2371759.2181444527,1646.4636371501929,equity_%,5.850021056109352e-07,2284.442178062045,8.432559193612837e-07,1.6865118387225675e-08,"Method: equity_%, ATR: 2371759.22, Risk: 2284.44"
2024-01-10 07:00:00,EURUSD,813328.1430872785,1637.3095131753553,equity_%,1.715301325573771e-06,2284.215155005734,2.459032085633092e-06,4.9180641712661834e-08,"Method: equity_%, ATR: 813328.14, Risk: 2284.22"
2024-01-10 08:00:00,EURUSD,3682908.3396305987,1851.546111449597,equity_%,3.349330258687582e-07,2283.9332944496723,5.430490839206178e-07,1.0860981678412356e-08,"Method: equity_%, ATR: 3682908.34, Risk: 2283.93"
2024-01-10 09:00:00,EURUSD,3921680.8579418194,2030.3550097429031,equity_%,2.867892789852587e-07,2283.5322101355464,5.09985404842362e-07,1.0199708096847239e-08,"Method: equity_%, ATR: 3921680.86, Risk: 2283.53"
2024-01-10 10:00:00,EURUSD,2160041.891004971,1908.0779008955958,equity_%,5.541896669452085e-07,2284.108338931127,9.259079688817931e-07,1.851815937763586e-08,"Method: equity_%, ATR: 2160041.89, Risk: 2284.11"
2024-01-10 11:00:00,EURUSD,1911149.7006971398,1780.8088867436654,equity_%,6.715105899856267e-07,2285.4140189349437,1.0464904969351433e-06,2.0929809938702864e-08,"Method: equity_%, ATR: 1911149.70, Risk: 2285.41"
2024-01-10 12:00:00,EURUSD,1976611.8641667617,1892.078454582168,equity_%,6.121026519275511e-07,2289.2055978404865,1.0118324372413388e-06,2.0236648744826774e-08,"Method: equity_%, ATR: 1976611.86, Risk: 2289.21"
2024-01-10 13:00:00,EURUSD,554510.6740005917,1915.0490702279374,equity_%,2.1564535909353167e-06,2289.970739944525,3.6067835909645006e-06,7.213567181929001e-08,"Method: equity_%, ATR: 554510.67, Risk: 2289.97"
2024-01-10 14:00:00,EURUSD,5756549.814107295,2099.4304023139216,equity_%,1.8968626976341395e-07,2292.448802364408,3.4743032972609703e-07,6.9486065945219395e-09,"Method: equity_%, ATR: 5756549.81, Risk: 2292.45"
2024-01-10 15:00:00,EURUSD,1095282.9211615063,2139.7852811965363,equity_%,9.787944244077982e-07,2293.971396300554,1.8260122214624467e-06,3.652024442924893e-08,"Method: equity_%, ATR: 1095282.92, Risk: 2293.97"
2024-01-10 16:00:00,EURUSD,2098078.1957461704,2293.922378440425,equity_%,4.772854729206556e-07,2297.093138612033,9.532533172762473e-07,1.9065066345524942e-08,"Method: equity_%, ATR: 2098078.20, Risk: 2297.09"
2024-01-10 17:00:00,EURUSD,3554740.172957754,2361.63037917669,equity_%,2.7382227381594084e-07,2298.7331646310004,5.626290256640282e-07,1.1252580513280564e-08,"Method: equity_%, ATR: 3554740.17, Risk: 2298.73"
2024-01-10 18:00:00,EURUSD,1211615.2960277214,2424.1307343485673,equity_%,7.825003712187776e-07,2298.292699305049,1.6506889658433632e-06,3.301377931686726e-08,"Method: equity_%, ATR: 1211615.30, Risk: 2298.29"
2024-01-10 19:00:00,EURUSD,3447142.7149269264,2285.8326444772483,equity_%,2.915174149157094e-07,2297.0381003471275,5.801906580019262e-07,1.1603813160038527e-08,"Method: equity_%, ATR: 3447142.71, Risk: 2297.04"
2024-01-10 20:00:00,EURUSD,2984603.418832494,2169.063290558249,equity_%,3.551501470683171e-07,2299.16878914264,6.701057793408119e-07,1.3402115586816239e-08,"Method: equity_%, ATR: 2984603.42, Risk: 2299.17"
2024-01-10 21:00:00,EURUSD,4205267.471522964,1822.765573013393,equity_%,3.006423683813518e-07,2304.4889246123416,4.755940052668487e-07,9.511880105336974e-09,"Method: equity_%, ATR: 4205267.47, Risk: 2304.49"
2024-01-10 22:00:00,EURUSD,5667138.847592262,2180.0442171302802,equity_%,1.8659439190114618e-07,2305.3015507313125,3.529117697283382e-07,7.0582353945667626e-09,"Method: equity_%, ATR: 5667138.85, Risk: 2305.30"
2024-01-10 23:00:00,EURUSD,842549.7508013314,2137.7909557277835,equity_%,1.2795386709942709e-06,2304.698959769828,2.373747067277442e-06,4.7474941345548836e-08,"Method: equity_%, ATR: 842549.75, Risk: 2304.70"
2024-01-11 00:00:00,EURUSD,1642192.4063440792,2075.3093783675577,equity_%,6.76464696298233e-07,2305.4304477440132,1.2178840873174463e-06,2.4357681746348926e-08,"Method: equity_%, ATR: 1642192.41, Risk: 2305.43"
2024-01-11 01:00:00,EURUSD,1950474.8374437918,1919.9991984544715,equity_%,6.155678474448057e-07,2305.246264211306,1.0253913363071702e-06,2.05078267261434e-08,"Method: equity_%, ATR: 1950474.84, Risk: 2305.25"
2024-01-11 02:00:00,EURUSD,4198043.110399451,1558.8063156849307,equity_%,3.5219557197698153e-07,2304.74532265397,4.7641244918270904e-07,9.528248983654181e-09,"Method: equity_%, ATR: 4198043.11, Risk: 2304.75"
2024-01-11 03:00:00,EURUSD,845227.049421012,1557.2865087084645,equity_%,1.7488287634692295e-06,2301.9145389094697,2.3662281056551813e-06,4.7324562113103636e-08,"Method: equity_%, ATR: 845227.05, Risk: 2301.91"
2024-01-11 04:00:00,EURUSD,918196.702059563,1571.3522990205927,equity_%,1.5947679397248514e-06,2300.947926480077,2.1781825130866796e-06,4.356365026173359e-08,"Method: equity_%, ATR: 918196.70, Risk: 2300.95"
2024-01-11 05:00:00,EURUSD,1289950.5461559806,1483.1570406729336,equity_%,1.2038240535683546e-06,2303.155257941607,1.5504470353223607e-06,3.1008940706447214e-08,"Method: equity_%, ATR: 1289950.55, Risk: 2303.16"
2024-01-11 06:00:00,EURUSD,3072597.2667099265,1654.9491980452349,equity_%,4.5258859254332704e-07,2301.4095454700127,6.509151139555488e-07,1.3018302279110978e-08,"Method: equity_%, ATR: 3072597.27, Risk: 2301.41"
2024-01-11 07:00:00,EURUSD,2417363.9748272193,1729.5401967708672,equity_%,5.501827430680228e-07,2300.2745262192093,8.273474829717977e-07,1.6546949659435954e-08,"Method: equity_%, ATR: 2417363.97, Risk: 2300.27"
2024-01-11 08:00:00,EURUSD,2568440.286097914,1695.2818099941337,equity_%,5.27976310158375e-07,2298.9303402357446,7.786826934717203e-07,1.5573653869434407e-08,"Method: equity_%, ATR: 2568440.29, Risk: 2298.93"
2024-01-11 09:00:00,EURUSD,903922.398671109,1669.1980879940265,equity_%,1.5218925224510217e-06,2296.270306334606,2.212579313158161e-06,4.425158626316322e-08,"Method: equity_%, ATR: 903922.40, Risk: 2296.27"
2024-01-11 10:00:00,EURUSD,2738859.144928713,1472.615134742851,equity_%,5.689911042904848e-07,2294.9035300236883,7.302310539420077e-07,1.4604621078840153e-08,"Method: equity_%, ATR: 2738859.14, Risk: 2294.90"
2024-01-11 11:00:00,EURUSD,1992798.890089939,1547.9830487235647,equity_%,7.442284406758441e-07,2295.8099607372105,1.0036135657972672e-06,2.0072271315945344e-08,"Method: equity_%, ATR: 1992798.89, Risk: 2295.81"
2024-01-11 12:00:00,EURUSD,4117860.38593317,1648.0112819070343,equity_%,3.3792941952850247e-07,2293.283787319076,4.856891231262008e-07,9.713782462524017e-09,"Method: equity_%, ATR: 4117860.39, Risk: 2293.28"
2024-01-11 13:00:00,EURUSD,2226010.6443266114,1651.020629170743,equity_%,6.242864927991401e-07,2294.3711599166813,8.98468300274017e-07,1.796936600548034e-08,"Method: equity_%, ATR: 2226010.64, Risk: 2294.37"
2024-01-11 14:00:00,EURUSD,1053619.1089780482,1651.667261230115,equity_%,1.3174800726702252e-06,2292.715959727991,1.89821917897815e-06,3.796438357956299e-08,"Method: equity_%, ATR: 1053619.11, Risk: 2292.72"
2024-01-11 15:00:00,EURUSD,4542578.44023276,1742.8583356026982,equity_%,2.8933965269879575e-07,2290.7224866397605,4.402785832571162e-07,8.805571665142323e-09,"Method: equity_%, ATR: 4542578.44, Risk: 2290.72"
2024-01-11 16:00:00,EURUSD,1096691.7924320137,1797.2096578455423,equity_%,1.1635573171767644e-06,2293.35411308888,1.823666424606697e-06,3.647332849213394e-08,"Method: equity_%, ATR: 1096691.79, Risk: 2293.35"
2024-01-11 17:00:00,EURUSD,918097.4935778931,1821.1146406947364,equity_%,1.3714040149203312e-06,2292.933736272938,2.178417884799852e-06,4.3568357695997055e-08,"Method: equity_%, ATR: 918097.49, Risk: 2292.93"
2024-01-11 18:00:00,EURUSD,1488515.5812078232,1779.9587218260867,equity_%,8.654564651271091e-07,2293.023694674735,1.3436204667586644e-06,2.687240933517329e-08,"Method: equity_%, ATR: 1488515.58, Risk: 2293.02"
2024-01-11 19:00:00,EURUSD,2423638.044839338,1666.5016397213412,equity_%,5.690565857509281e-07,2298.4177151047356,8.252057291552293e-07,1.6504114583104585e-08,"Method: equity_%, ATR: 2423638.04, Risk: 2298.42"
2024-01-11 20:00:00,EURUSD,1597388.7229278306,1541.5487714889146,equity_%,9.328738049032651e-07,2297.1575482035096,1.2520433951319182e-06,2.5040867902638364e-08,"Method: equity_%, ATR: 1597388.72, Risk: 2297.16"
2024-01-11 21:00:00,EURUSD,2355706.080688137,1490.3756032872732,equity_%,6.560607779072855e-07,2303.355171846287,8.490023506734634e-07,1.698004701346927e-08,"Method: equity_%, ATR: 2355706.08, Risk: 2303.36"
2024-01-11 22:00:00,EURUSD,4863361.485076741,1807.994694295613,equity_%,2.620072418344912e-07,2303.811798459129,4.1123819525589743e-07,8.224763905117948e-09,"Method: equity_%, ATR: 4863361.49, Risk: 2303.81"
2024-01-11 23:00:00,EURUSD,1321463.0965658533,1715.8906446730366,equity_%,1.0151785842924386e-06,2301.903394560513,1.5134739707809409e-06,3.026947941561882e-08,"Method: equity_%, ATR: 1321463.10, Risk: 2301.90"
2024-01-12 00:00:00,EURUSD,1771025.8997231494,1629.092681488382,equity_%,7.977849740657298e-07,2301.741549537327,1.1292889620149793e-06,2.2585779240299585e-08,"Method: equity_%, ATR: 1771025.90, Risk: 2301.74"
2024-01-12 01:00:00,EURUSD,2460529.276650004,1542.631125077207,equity_%,6.068589513379676e-07,2303.4478742571937,8.12833246480606e-07,1.625666492961212e-08,"Method: equity_%, ATR: 2460529.28, Risk: 2303.45"
2024-01-12 02:00:00,EURUSD,5995031.310492927,1726.7040957439588,equity_%,2.2302845195448897e-07,2308.711385836716,3.3360960042017775e-07,6.6721920084035554e-09,"Method: equity_%, ATR: 5995031.31, Risk: 2308.71"
2024-01-12 03:00:00,EURUSD,1946985.4255840527,1583.1968294104352,equity_%,7.502472036807313e-07,2312.607860262406,1.0272290556053056e-06,2.054458111210611e-08,"Method: equity_%, ATR: 1946985.43, Risk: 2312.61"
2024-01-12 04:00:00,EURUSD,1010147.0447552014,1626.9474449813206,equity_%,1.4081906449741377e-06,2314.299580811913,1.9799097669831617e-06,3.959819533966323e-08,"Method: equity_%, ATR: 1010147.04, Risk: 2314.30"
2024-01-12 05:00:00,EURUSD,2444476.3608575524,1694.8166804708503,equity_%,5.598873829444592e-07,2319.5794487563803,8.181711355549274e-07,1.6363422711098547e-08,"Method: equity_%, ATR: 2444476.36, Risk: 2319.58"
2024-01-12 06:00:00,EURUSD,1412980.3222303872,1741.4436530150829,equity_%,9.409949747960636e-07,2315.4363376127776,1.415447878879872e-06,2.8308957577597443e-08,"Method: equity_%, ATR: 1412980.32, Risk: 2315.44"
2024-01-12 07:00:00,EURUSD,1401348.2128017813,1822.5176843917986,equity_%,9.07478891046334e-07,2317.6846622029575,1.4271970247860854e-06,2.8543940495721713e-08,"Method: equity_%, ATR: 1401348.21, Risk: 2317.68"
2024-01-12 08:00:00,EURUSD,2377341.785155156,1882.622936712811,equity_%,5.183874101591371e-07,2320.114481382834,8.412757528129134e-07,1.682551505625827e-08,"Method: equity_%, ATR: 2377341.79, Risk: 2320.11"
2024-01-12 09:00:00,EURUSD,1548031.6472257006,1939.1674353907138,equity_%,7.737055417341469e-07,2322.5809087855714,1.2919632512580044e-06,2.5839265025160087e-08,"Method: equity_%, ATR: 1548031.65, Risk: 2322.58"
2024-01-12 10:00:00,EURUSD,6616451.668752011,1662.3784304803878,equity_%,2.1085922736652622e-07,2319.250455287605,3.022768245169148e-07,6.045536490338296e-09,"Method: equity_%, ATR: 6616451.67, Risk: 2319.25"
2024-01-12 11:00:00,EURUSD,1047866.7177854186,1569.1531763763505,equity_%,1.409567186198062e-06,2317.6997180825697,1.908639682942539e-06,3.8172793658850785e-08,"Method: equity_%, ATR: 1047866.72, Risk: 2317.70"
2024-01-12 12:00:00,EURUSD,1017755.4512440497,1627.9501165285849,equity_%,1.3994587017226507e-06,2318.7002948160966,1.9651086098878737e-06,3.9302172197757476e-08,"Method: equity_%, ATR: 1017755.45, Risk: 2318.70"
2024-01-12 13:00:00,EURUSD,2406585.7508146497,1710.3191515496717,equity_%,5.645111524907325e-07,2323.544669330981,8.310528720295892e-07,1.6621057440591783e-08,"Method: equity_%, ATR: 2406585.75, Risk: 2323.54"
2024-01-12 14:00:00,EURUSD,1751377.6551568252,1697.739570766185,equity_%,7.838850045214865e-07,2330.790462818134,1.1419581574031858e-06,2.2839163148063718e-08,"Method: equity_%, ATR: 1751377.66, Risk: 2330.79"
2024-01-12 15:00:00,EURUSD,1520896.1795859386,1781.2512860851325,equity_%,8.601744638807276e-07,2330.2971570633836,1.3150141520800563e-06,2.630028304160112e-08,"Method: equity_%, ATR: 1520896.18, Risk: 2330.30"
2024-01-12 16:00:00,EURUSD,2972120.4934344953,1695.284556740266,equity_%,4.620077499910385e-07,2327.86761668747,6.729202279712619e-07,1.3458404559425238e-08,"Method: equity_%, ATR: 2972120.49, Risk: 2327.87"
2024-01-12 17:00:00,EURUSD,2631534.35959515,1735.039891889423,equity_%,5.107114136718091e-07,2331.8149009967456,7.600128771671029e-07,1.520025754334206e-08,"Method: equity_%, ATR: 2631534.36, Risk: 2331.81"
2024-01-12 18:00:00,EURUSD,524203.89556299825,1740.5580435674972,equity_%,2.565913264117263e-06,2341.158011030648,3.815309304124853e-06,7.630618608249706e-08,"Method: equity_%, ATR: 524203.90, Risk: 2341.16"
2024-01-12 19:00:00,EURUSD,3422600.8235448943,1864.6534602393613,equity_%,3.675950946543088e-07,2345.9788329305516,5.843509375214073e-07,1.1687018750428145e-08,"Method: equity_%, ATR: 3422600.82, Risk: 2345.98"
2024-01-12 20:00:00,EURUSD,1623393.9067435858,1782.804066117882,equity_%,8.103235429751373e-07,2345.2329347585696,1.2319868835850564e-06,2.463973767170113e-08,"Method: equity_%, ATR: 1623393.91, Risk: 2345.23"
2024-01-12 21:00:00,EURUSD,2976455.4532904685,1911.0031546776981,equity_%,4.1408400602355364e-07,2355.3163526382214,6.719401756169412e-07,1.3438803512338826e-08,"Method: equity_%, ATR: 2976455.45, Risk: 2355.32"
2024-01-12 22:00:00,EURUSD,2640389.3282523314,2044.709747375601,equity_%,4.3692371133777846e-07,2358.876751499628,7.57464052213768e-07,1.5149281044275364e-08,"Method: equity_%, ATR: 2640389.33, Risk: 2358.88"
2024-01-12 23:00:00,EURUSD,1889247.1816936564,2140.6025343851657,equity_%,5.830686162671094e-07,2358.003711858853,1.0586227251677342e-06,2.1172454503354684e-08,"Method: equity_%, ATR: 1889247.18, Risk: 2358.00"
2024-01-13 00:00:00,EURUSD,3246406.6474441322,1959.1244519333288,equity_%,3.718968526167224e-07,2365.3066183578662,6.16065766614476e-07,1.232131533228952e-08,"Method: equity_%, ATR: 3246406.65, Risk: 2365.31"
2024-01-13 01:00:00,EURUSD,1392891.091245906,1971.4739614763926,equity_%,8.609449643013425e-07,2364.19664292367,1.4358624393318869e-06,2.8717248786637733e-08,"Method: equity_%, ATR: 1392891.09, Risk: 2364.20"
2024-01-13 02:00:00,EURUSD,1859035.2684615846,2017.6162102611938,equity_%,6.302178112477946e-07,2363.833377367684,1.0758268193884609e-06,2.151653638776922e-08,"Method: equity_%, ATR: 1859035.27, Risk: 2363.83"
2024-01-13 03:00:00,EURUSD,11678345.065742569,1255.444715110436,equity_%,1.6147805887966154e-07,2367.5132398347073,1.712571420643178e-07,3.425142841286356e-09,"Method: equity_%, ATR: 11678345.07, Risk: 2367.51"
2024-01-13 04:00:00,EURUSD,3468382.9511127193,1519.03939876837,equity_%,4.4963251507895713e-07,2368.9385238810396,5.766375939999257e-07,1.1532751879998513e-08,"Method: equity_%, ATR: 3468382.95, Risk: 2368.94"
2024-01-13 05:00:00,EURUSD,2215702.8041006266,1565.8469979556683,equity_%,6.832634748667341e-07,2370.5495452770538,9.026481332688558e-07,1.8052962665377117e-08,"Method: equity_%, ATR: 2215702.80, Risk: 2370.55"
2024-01-13 06:00:00,EURUSD,3031491.0462835724,1745.132786797229,equity_%,4.483944614036101e-07,2372.165619781982,6.597413515213515e-07,1.319482703042703e-08,"Method: equity_%, ATR: 3031491.05, Risk: 2372.17"
2024-01-13 07:00:00,EURUSD,664317.7036366387,1750.6191002865814,equity_%,2.043917434306477e-06,2377.0090595595925,3.010607709310632e-06,6.021215418621264e-08,"Method: equity_%, ATR: 664317.70, Risk: 2377.01"
2024-01-13 08:00:00,EURUSD,1026610.4068778441,1710.997312713243,equity_%,1.3501272759295007e-06,2371.5358876404575,1.9481587042181414e-06,3.896317408436283e-08,"Method: equity_%, ATR: 1026610.41, Risk: 2371.54"
2024-01-13 09:00:00,EURUSD,4790787.814182288,1804.9720705617767,equity_%,2.745257357588512e-07,2373.889429298117,4.1746787325444696e-07,8.349357465088939e-09,"Method: equity_%, ATR: 4790787.81, Risk: 2373.89"
2024-01-13 10:00:00,EURUSD,1809663.7361838021,1680.305183627776,equity_%,7.808894673497775e-07,2374.518819166876,1.1051776968342068e-06,2.2103553936684136e-08,"Method: equity_%, ATR: 1809663.74, Risk: 2374.52"
2024-01-13 11:00:00,EURUSD,1275184.1443298145,1639.8358716812127,equity_%,1.1351774733898824e-06,2373.7613310692836,1.5684009316561253e-06,3.1368018633122505e-08,"Method: equity_%, ATR: 1275184.14, Risk: 2373.76"
2024-01-13 12:00:00,EURUSD,2759882.775772751,1549.165901276679,equity_%,5.550197361230032e-07,2372.995921815484,7.246684596739845e-07,1.4493369193479689e-08,"Method: equity_%, ATR: 2759882.78, Risk: 2373.00"
2024-01-13 13:00:00,EURUSD,2779847.678459225,1385.465043361553,equity_%,6.144767580324058e-07,2366.584592807826,7.194638812399001e-07,1.4389277624798001e-08,"Method: equity_%, ATR: 2779847.68, Risk: 2366.58"
2024-01-13 14:00:00,EURUSD,2528983.6275372566,1285.5524418523112,equity_%,7.27648933681075e-07,2365.6893384970226,7.908315333569855e-07,1.581663066713971e-08,"Method: equity_%, ATR: 2528983.63, Risk: 2365.69"
2024-01-13 15:00:00,EURUSD,1130916.0513203074,1246.020315943937,equity_%,1.6826244122140035e-06,2371.0607266718407,1.7684778615221398e-06,3.53695572304428e-08,"Method: equity_%, ATR: 1130916.05, Risk: 2371.06"
2024-01-13 16:00:00,EURUSD,2691015.9881221284,1383.9988946136386,equity_%,6.377081916476223e-07,2375.0568913059233,7.432137188436625e-07,1.4864274376873249e-08,"Method: equity_%, ATR: 2691015.99, Risk: 2375.06"
2024-01-13 17:00:00,EURUSD,1549583.6371808173,1377.813526339438,equity_%,1.112853040564846e-06,2375.98274601874,1.290669281742438e-06,2.581338563484876e-08,"Method: equity_%, ATR: 1549583.64, Risk: 2375.98"
2024-01-13 18:00:00,EURUSD,1393279.3403002778,1363.475476817528,equity_%,1.2492742087642123e-06,2373.248978853218,1.4354623241373567e-06,2.8709246482747137e-08,"Method: equity_%, ATR: 1393279.34, Risk: 2373.25"
2024-01-13 19:00:00,EURUSD,1534870.604706191,1389.8762921207601,equity_%,1.1143470584822778e-06,2377.2145881699953,1.3030414380649668e-06,2.6060828761299335e-08,"Method: equity_%, ATR: 1534870.60, Risk: 2377.21"
2024-01-13 20:00:00,EURUSD,1376431.836273034,1368.9745329848904,equity_%,1.264471670493453e-06,2382.6441334049764,1.4530323604076187e-06,2.9060647208152372e-08,"Method: equity_%, ATR: 1376431.84, Risk: 2382.64"
2024-01-13 21:00:00,EURUSD,2968421.1448217547,1550.1217619569263,equity_%,5.188071766088947e-07,2387.2467174173694,6.737588443233159e-07,1.3475176886466318e-08,"Method: equity_%, ATR: 2968421.14, Risk: 2387.25"
2024-01-13 22:00:00,EURUSD,2206325.0922062616,1678.8613112788712,equity_%,6.441056202585191e-07,2385.8405407524106,9.06484727506796e-07,1.8129694550135924e-08,"Method: equity_%, ATR: 2206325.09, Risk: 2385.84"
2024-01-13 23:00:00,EURUSD,5511864.385829385,1503.2496363484345,equity_%,2.878143746144382e-07,2384.7459047098223,3.6285362991547086e-07,7.2570725983094166e-09,"Method: equity_%, ATR: 5511864.39, Risk: 2384.75"
2024-01-14 00:00:00,EURUSD,5519281.787103484,1570.8868846564444,equity_%,2.757978636243535e-07,2391.2136384863547,3.623659883924134e-07,7.2473197678482685e-09,"Method: equity_%, ATR: 5519281.79, Risk: 2391.21"
2024-01-14 01:00:00,EURUSD,1526040.4580617524,1695.7306127310515,equity_%,9.232277363252573e-07,2389.085825361864,1.3105812427412514e-06,2.6211624854825028e-08,"Method: equity_%, ATR: 1526040.46, Risk: 2389.09"
2024-01-14 02:00:00,EURUSD,1379499.2202442859,1690.269171182315,equity_%,1.0258587362210786e-06,2392.020465458411,1.4498014719035752e-06,2.8996029438071504e-08,"Method: equity_%, ATR: 1379499.22, Risk: 2392.02"
2024-01-14 03:00:00,EURUSD,3999476.3157023774,1484.264843607525,equity_%,4.023035330058e-07,2388.1872570171913,5.000654691084888e-07,1.0001309382169777e-08,"Method: equity_%, ATR: 3999476.32, Risk: 2388.19"
2024-01-14 04:00:00,EURUSD,4080224.408440238,1670.579854678724,equity_%,3.504499578721681e-07,2388.78631091507,4.901691181158703e-07,9.803382362317406e-09,"Method: equity_%, ATR: 4080224.41, Risk: 2388.79"
2024-01-14 05:00:00,EURUSD,991164.4175449442,1668.8759085383083,equity_%,1.4461022760461495e-06,2392.041762117273,2.0178286917864565e-06,4.035657383572913e-08,"Method: equity_%, ATR: 991164.42, Risk: 2392.04"
2024-01-14 06:00:00,EURUSD,2013390.8341621463,1704.8951038015675,equity_%,6.966680527188927e-07,2391.39681318156,9.933491133788146e-07,1.9866982267576295e-08,"Method: equity_%, ATR: 2013390.83, Risk: 2391.40"
2024-01-14 07:00:00,EURUSD,5256093.550673517,1522.3894047663873,equity_%,2.992404495980477e-07,2394.4685531447253,3.805107311576902e-07,7.610214623153803e-09,"Method: equity_%, ATR: 5256093.55, Risk: 2394.47"
2024-01-14 08:00:00,EURUSD,4835578.380315094,1180.7260234256605,equity_%,4.1900214970561343e-07,2392.289937917764,4.136009888996312e-07,8.272019777992624e-09,"Method: equity_%, ATR: 4835578.38, Risk: 2392.29"
2024-01-14 09:00:00,EURUSD,4143790.9750363654,1325.0476671162376,equity_%,4.355220601627388e-07,2391.329932024277,4.826498276695648e-07,9.652996553391295e-09,"Method: equity_%, ATR: 4143790.98, Risk: 2391.33"
2024-01-14 10:00:00,EURUSD,1631572.802972994,1219.8601221510855,equity_%,1.202977790622091e-06,2394.275387159774,1.225811067919048e-06,2.4516221358380957e-08,"Method: equity_%, ATR: 1631572.80, Risk: 2394.28"
2024-01-14 11:00:00,EURUSD,930774.3237986688,1231.889893073309,equity_%,2.0912628983480133e-06,2397.8660515859306,2.1487485729490427e-06,4.2974971458980856e-08,"Method: equity_%, ATR: 930774.32, Risk: 2397.87"
2024-01-14 12:00:00,EURUSD,1366203.1824749578,1335.4143285734488,equity_%,1.3154808487767806e-06,2400.0254901451194,1.463911097306099e-06,2.927822194612198e-08,"Method: equity_%, ATR: 1366203.18, Risk: 2400.03"
2024-01-14 13:00:00,EURUSD,2803836.1439003963,1178.2091080899763,equity_%,7.278228602287544e-07,2404.3666633700946,7.133084450569266e-07,1.426616890113853e-08,"Method: equity_%, ATR: 2803836.14, Risk: 2404.37"
2024-01-14 14:00:00,EURUSD,2800368.1390398117,1028.3920145073348,equity_%,8.33679938389566e-07,2400.89503955438,7.141918136112485e-07,1.4283836272224972e-08,"Method: equity_%, ATR: 2800368.14, Risk: 2400.90"
2024-01-14 15:00:00,EURUSD,845725.1776175417,1038.034894126886,equity_%,2.7349557520383897e-06,2400.9964457033398,2.3648344083052123e-06,4.729668816610425e-08,"Method: equity_%, ATR: 845725.18, Risk: 2401.00"
2024-01-14 16:00:00,EURUSD,3201455.2029606444,1159.78816126719,equity_%,6.485209031749105e-07,2407.9644970230183,6.247159098620024e-07,1.2494318197240047e-08,"Method: equity_%, ATR: 3201455.20, Risk: 2407.96"
2024-01-14 17:00:00,EURUSD,1698734.7600177736,1268.5374565916,equity_%,1.1199151662357314e-06,2413.314903509999,1.1773468389962622e-06,2.3546936779925242e-08,"Method: equity_%, ATR: 1698734.76, Risk: 2413.31"
2024-01-14 18:00:00,EURUSD,6519856.692020126,1400.6812000471066,equity_%,2.6463558053087687e-07,2416.715818005022,3.067552086609308e-07,6.135104173218617e-09,"Method: equity_%, ATR: 6519856.69, Risk: 2416.72"
2024-01-14 19:00:00,EURUSD,2354822.8255483536,1539.7246325621716,equity_%,6.668221947851165e-07,2417.7497170849556,8.493207974295355e-07,1.6986415948590713e-08,"Method: equity_%, ATR: 2354822.83, Risk: 2417.75"
2024-01-14 20:00:00,EURUSD,2573627.7724274807,1650.7602509794808,equity_%,5.701746475996262e-07,2422.3541639700056,7.771131557667225e-07,1.554226311533445e-08,"Method: equity_%, ATR: 2573627.77, Risk: 2422.35"
2024-01-14 21:00:00,EURUSD,3188450.0562004405,1523.9600533673536,equity_%,4.990957796644253e-07,2425.1415885289903,6.272640200559789e-07,1.2545280401119577e-08,"Method: equity_%, ATR: 3188450.06, Risk: 2425.14"
2024-01-14 22:00:00,EURUSD,3892017.535697214,1324.84837964246,equity_%,4.6973095189662855e-07,2422.089267435169,5.138722993039447e-07,1.0277445986078894e-08,"Method: equity_%, ATR: 3892017.54, Risk: 2422.09"
2024-01-14 23:00:00,EURUSD,1573759.0345903595,1252.1128494501693,equity_%,1.2314372555999256e-06,2426.576554776337,1.2708425851995751e-06,2.5416851703991503e-08,"Method: equity_%, ATR: 1573759.03, Risk: 2426.58"
2024-01-15 00:00:00,EURUSD,1342814.1273541404,1151.112657579052,equity_%,1.5691471944959116e-06,2425.4784245333703,1.4894094121133266e-06,2.978818824226653e-08,"Method: equity_%, ATR: 1342814.13, Risk: 2425.48"
2024-01-15 01:00:00,EURUSD,4503141.360940276,910.9665372983382,equity_%,5.921824680598953e-07,2429.257489283425,4.4413440300759093e-07,8.882688060151819e-09,"Method: equity_%, ATR: 4503141.36, Risk: 2429.26"
2024-01-15 02:00:00,EURUSD,7318286.646604539,1147.171305822148,equity_%,2.889594595043788e-07,2425.9095709171925,2.7328801078431917e-07,5.465760215686383e-09,"Method: equity_%, ATR: 7318286.65, Risk: 2425.91"
2024-01-15 03:00:00,EURUSD,1508520.8262514903,1168.2030087647024,equity_%,1.3801644509286487e-06,2432.2066289134928,1.3258020474067844e-06,2.651604094813569e-08,"Method: equity_%, ATR: 1508520.83, Risk: 2432.21"
2024-01-15 04:00:00,EURUSD,1227947.4369760328,1167.8794937535556,equity_%,1.6964584394219394e-06,2432.8819397770867,1.6287342110711502e-06,3.2574684221423e-08,"Method: equity_%, ATR: 1227947.44, Risk: 2432.88"
2024-01-15 05:00:00,EURUSD,1019996.9973608018,1174.212897835168,equity_%,2.0294154316983102e-06,2430.617935278755,1.9607900858285992e-06,3.9215801716571984e-08,"Method: equity_%, ATR: 1019997.00, Risk: 2430.62"
2024-01-15 06:00:00,EURUSD,2006127.8891405119,1312.2958341394515,equity_%,9.230501056601739e-07,2430.052419579543,9.969454145103695e-07,1.993890829020739e-08,"Method: equity_%, ATR: 2006127.89, Risk: 2430.05"
2024-01-15 07:00:00,EURUSD,4538674.088728128,1226.7333159873938,equity_%,4.36539904352443e-07,2430.5418722876016,4.406573287487271e-07,8.813146574974542e-09,"Method: equity_%, ATR: 4538674.09, Risk: 2430.54"
2024-01-15 08:00:00,EURUSD,986725.0219102993,1198.9452735347854,equity_%,2.0557602085343354e-06,2432.0245631383195,2.026907147979283e-06,4.0538142959585654e-08,"Method: equity_%, ATR: 986725.02, Risk: 2432.02"
2024-01-15 09:00:00,EURUSD,1182176.5223095235,1217.4413988908652,equity_%,1.6935986032407866e-06,2437.479000047339,1.6917947212255243e-06,3.3835894424510485e-08,"Method: equity_%, ATR: 1182176.52, Risk: 2437.48"
2024-01-15 10:00:00,EURUSD,2411170.3674768317,1135.0552573150514,equity_%,8.912522243822405e-07,2439.189427896771,8.29472702127183e-07,1.658945404254366e-08,"Method: equity_%, ATR: 2411170.37, Risk: 2439.19"
2024-01-15 11:00:00,EURUSD,2461664.7543587806,1071.2326875104613,equity_%,9.230800676807715e-07,2434.1766775036035,8.124583156413451e-07,1.62491663128269e-08,"Method: equity_%, ATR: 2461664.75, Risk: 2434.18"
2024-01-15 12:00:00,EURUSD,2146064.577841963,1179.9365710866327,equity_%,9.604170987501331e-07,2431.987461967097,9.319384051393075e-07,1.863876810278615e-08,"Method: equity_%, ATR: 2146064.58, Risk: 2431.99"
2024-01-15 13:00:00,EURUSD,1155059.080566582,1104.3507157663787,equity_%,1.914219654626928e-06,2441.760066344345,1.7315131612306408e-06,3.4630263224612816e-08,"Method: equity_%, ATR: 1155059.08, Risk: 2441.76"
2024-01-15 14:00:00,EURUSD,2041840.6452125101,974.1398750657293,equity_%,1.228566649970058e-06,2443.666232731334,9.795083689265303e-07,1.9590167378530606e-08,"Method: equity_%, ATR: 2041840.65, Risk: 2443.67"
2024-01-15 15:00:00,EURUSD,4295893.522470745,1222.3076512831615,equity_%,4.6620902345602676e-07,2448.018603073365,4.655608872842168e-07,9.311217745684336e-09,"Method: equity_%, ATR: 4295893.52, Risk: 2448.02"
2024-01-15 16:00:00,EURUSD,2095941.0695137035,1396.707278055955,equity_%,8.364350821326283e-07,2448.5935646548837,9.542253019852493e-07,1.9084506039704987e-08,"Method: equity_%, ATR: 2095941.07, Risk: 2448.59"
2024-01-15 17:00:00,EURUSD,1717115.7176668202,1510.9032517477829,equity_%,9.432176095883216e-07,2447.079730712263,1.1647438663700294e-06,2.329487732740059e-08,"Method: equity_%, ATR: 1717115.72, Risk: 2447.08"
2024-01-15 18:00:00,EURUSD,3996953.176795762,1209.8691374794655,equity_%,5.060467340389599e-07,2447.1358840451176,5.003811432195311e-07,1.0007622864390622e-08,"Method: equity_%, ATR: 3996953.18, Risk: 2447.14"
2024-01-15 19:00:00,EURUSD,2354867.2653349875,1094.2046265501608,equity_%,9.504461270301433e-07,2449.0208622972928,8.493047695049148e-07,1.6986095390098292e-08,"Method: equity_%, ATR: 2354867.27, Risk: 2449.02"
2024-01-15 20:00:00,EURUSD,3807739.881617151,859.9515856110535,equity_%,7.479496516040691e-07,2449.140153285611,5.252459627443349e-07,1.0504919254886696e-08,"Method: equity_%, ATR: 3807739.88, Risk: 2449.14"
2024-01-15 21:00:00,EURUSD,2566635.350900009,1035.5444914309944,equity_%,9.241987328037039e-07,2456.3955565852007,7.792302865690236e-07,1.558460573138047e-08,"Method: equity_%, ATR: 2566635.35, Risk: 2456.40"
2024-01-15 22:00:00,EURUSD,1030113.2805692828,1046.5803410008043,equity_%,2.2781330192466423e-06,2456.0467982025207,1.941534040697658e-06,3.8830680813953163e-08,"Method: equity_%, ATR: 1030113.28, Risk: 2456.05"
2024-01-15 23:00:00,EURUSD,3765200.455735494,835.1159995623091,equity_%,7.805618153599119e-07,2454.38229137177,5.311802182944654e-07,1.0623604365889308e-08,"Method: equity_%, ATR: 3765200.46, Risk: 2454.38"
2024-01-16 00:00:00,EURUSD,4767657.791410277,1188.3530698104114,equity_%,4.3389620354629647e-07,2458.3086996508764,4.1949319508697335e-07,8.389863901739467e-09,"Method: equity_%, ATR: 4767657.79, Risk: 2458.31"
2024-01-16 01:00:00,EURUSD,1771320.4090586647,1161.8886418359702,equity_%,1.196556120193255e-06,2462.6047071624116,1.1291012003090186e-06,2.258202400618037e-08,"Method: equity_%, ATR: 1771320.41, Risk: 2462.60"
2024-01-16 02:00:00,EURUSD,2879493.962631175,1336.77149324715,equity_%,6.401793488675963e-07,2464.1946385270267,6.945664849293429e-07,1.3891329698586857e-08,"Method: equity_%, ATR: 2879493.96, Risk: 2464.19"
2024-01-16 03:00:00,EURUSD,688355.5033972698,1381.2043094647076,equity_%,2.5914944634178236e-06,2463.8882076594045,2.9054754267661353e-06,5.81095085353227e-08,"Method: equity_%, ATR: 688355.50, Risk: 2463.89"
2024-01-16 04:00:00,EURUSD,1227925.4678913571,1472.6199432151823,equity_%,1.3602446466591376e-06,2459.6862312168855,1.6287633511132234e-06,3.257526702226447e-08,"Method: equity_%, ATR: 1227925.47, Risk: 2459.69"
2024-01-16 05:00:00,EURUSD,1877360.392283265,1449.5700048370222,equity_%,9.057396241803507e-07,2464.8483957842177,1.06532555401767e-06,2.1306511080353403e-08,"Method: equity_%, ATR: 1877360.39, Risk: 2464.85"
2024-01-16 06:00:00,EURUSD,1723664.9392611708,1547.9989281481244,equity_%,9.253148006245628e-07,2468.954078513983,1.160318316190429e-06,2.320636632380858e-08,"Method: equity_%, ATR: 1723664.94, Risk: 2468.95"
2024-01-16 07:00:00,EURUSD,3097694.7287908252,1354.947959193957,equity_%,5.882792100799574e-07,2469.134413554736,6.45641412438563e-07,1.2912828248771261e-08,"Method: equity_%, ATR: 3097694.73, Risk: 2469.13"
2024-01-16 08:00:00,EURUSD,3598442.901116748,1494.4341289391668,equity_%,4.594608458050153e-07,2470.8131309900255,5.557959525714071e-07,1.111591905142814e-08,"Method: equity_%, ATR: 3598442.90, Risk: 2470.81"
2024-01-16 09:00:00,EURUSD,7240507.956179344,1262.222707664141,equity_%,2.704450136265758e-07,2471.6330994424607,2.7622371415159057e-07,5.524474283031811e-09,"Method: equity_%, ATR: 7240507.96, Risk: 2471.63"
2024-01-16 10:00:00,EURUSD,1291602.9770743216,1272.8842041527168,equity_%,1.5072550523579226e-06,2478.0192901663195,1.5484634485206176e-06,3.0969268970412346e-08,"Method: equity_%, ATR: 1291602.98, Risk: 2478.02"
2024-01-16 11:00:00,EURUSD,1124190.4862055527,1315.9027461562619,equity_%,1.6740100739870526e-06,2476.405535257457,1.779057930609733e-06,3.5581158612194654e-08,"Method: equity_%, ATR: 1124190.49, Risk: 2476.41"
2024-01-16 12:00:00,EURUSD,1806067.9772379058,1365.4650773532067,equity_%,1.0040235631134368e-06,2476.045350775397,1.107378030730982e-06,2.2147560614619636e-08,"Method: equity_%, ATR: 1806067.98, Risk: 2476.05"
2024-01-16 13:00:00,EURUSD,865979.5382962966,1310.1709507108133,equity_%,2.1817698863045726e-06,2475.395172058205,2.3095233912047655e-06,4.619046782409531e-08,"Method: equity_%, ATR: 865979.54, Risk: 2475.40"
2024-01-16 14:00:00,EURUSD,2989567.8405134003,1123.770555957729,equity_%,7.375384791759322e-07,2477.8256559175315,6.68993013938944e-07,1.337986027877888e-08,"Method: equity_%, ATR: 2989567.84, Risk: 2477.83"
2024-01-16 15:00:00,EURUSD,1345644.191285926,1222.538035915211,equity_%,1.5071984837453177e-06,2479.4940442786237,1.48627699131132e-06,2.9725539826226396e-08,"Method: equity_%, ATR: 1345644.19, Risk: 2479.49"
2024-01-16 16:00:00,EURUSD,3195180.8891247083,1125.1928241652854,equity_%,6.902531070232485e-07,2481.594248769012,6.259426522007907e-07,1.2518853044015811e-08,"Method: equity_%, ATR: 3195180.89, Risk: 2481.59"
2024-01-16 17:00:00,EURUSD,6126884.026170665,1367.296146516612,equity_%,2.960933492417019e-07,2480.4524273923885,3.264302035842533e-07,6.528604071685067e-09,"Method: equity_%, ATR: 6126884.03, Risk: 2480.45"
2024-01-16 18:00:00,EURUSD,3317423.8566128905,1508.3923471115781,equity_%,4.968862243787716e-07,2486.40711788362,6.028774393761104e-07,1.2057548787522207e-08,"Method: equity_%, ATR: 3317423.86, Risk: 2486.41"
2024-01-16 19:00:00,EURUSD,1139522.0854415947,1458.3216622629743,equity_%,1.496305410953415e-06,2486.544982561956,1.7551217528398737e-06,3.510243505679748e-08,"Method: equity_%, ATR: 1139522.09, Risk: 2486.54"
2024-01-16 20:00:00,EURUSD,1238772.1704772548,1465.371196508727,equity_%,1.3725892162476532e-06,2491.6077524101456,1.6145018815118128e-06,3.2290037630236256e-08,"Method: equity_%, ATR: 1238772.17, Risk: 2491.61"
2024-01-16 21:00:00,EURUSD,2903126.4513537507,1278.0040519065597,equity_%,6.744973652867911e-07,2502.5250944019895,6.88912465065855e-07,1.37782493013171e-08,"Method: equity_%, ATR: 2903126.45, Risk: 2502.53"
2024-01-16 22:00:00,EURUSD,2941988.377978248,1428.7176267837751,equity_%,5.95109211968282e-07,2501.4050862405466,6.798123388150201e-07,1.3596246776300401e-08,"Method: equity_%, ATR: 2941988.38, Risk: 2501.41"
2024-01-16 23:00:00,EURUSD,933956.0935686268,1414.7805927636177,equity_%,1.8949904187914107e-06,2503.93224094016,2.141428289586978e-06,4.282856579173956e-08,"Method: equity_%, ATR: 933956.09, Risk: 2503.93"
2024-01-17 00:00:00,EURUSD,606632.9108859213,1459.3029080214467,equity_%,2.8297156954443082e-06,2505.0374300253925,3.2968867400867153e-06,6.59377348017343e-08,"Method: equity_%, ATR: 606632.91, Risk: 2505.04"
2024-01-17 01:00:00,EURUSD,1868079.4858931676,1409.3364596852168,equity_%,9.543738148408435e-07,2512.630074690161,1.070618255327481e-06,2.141236510654962e-08,"Method: equity_%, ATR: 1868079.49, Risk: 2512.63"
2024-01-17 02:00:00,EURUSD,1871560.9007766328,1414.066379078755,equity_%,9.496608115922704e-07,2513.288112907706,1.0686267271185616e-06,2.137253454237123e-08,"Method: equity_%, ATR: 1871560.90, Risk: 2513.29"
2024-01-17 03:00:00,EURUSD,1452119.7204237205,1522.0129950858786,equity_%,1.1381760430664031e-06,2515.53418734026,1.3772969073213957e-06,2.7545938146427913e-08,"Method: equity_%, ATR: 1452119.72, Risk: 2515.53"
2024-01-17 04:00:00,EURUSD,1790802.5922883712,1634.1629747718218,equity_%,8.603267977632124e-07,2517.714792298794,1.116817681978172e-06,2.233635363956344e-08,"Method: equity_%, ATR: 1790802.59, Risk: 2517.71"
2024-01-17 05:00:00,EURUSD,2578212.045446089,1782.3043398658938,equity_%,5.481668556786858e-07,2518.9135959889504,7.757313846751323e-07,1.5514627693502648e-08,"Method: equity_%, ATR: 2578212.05, Risk: 2518.91"
2024-01-17 06:00:00,EURUSD,2033263.6155392902,1859.7815798259871,equity_%,6.671239556502708e-07,2522.680017292551,9.836402838839628e-07,1.9672805677679255e-08,"Method: equity_%, ATR: 2033263.62, Risk: 2522.68"
2024-01-17 07:00:00,EURUSD,966902.9890515571,1875.1342576711563,equity_%,1.3923655141361026e-06,2524.4602064939163,2.0684598379014384e-06,4.1369196758028764e-08,"Method: equity_%, ATR: 966902.99, Risk: 2524.46"
2024-01-17 08:00:00,EURUSD,1284718.1637016912,1933.3758561315246,equity_%,1.0164019638762773e-06,2524.5829841009836,1.5567616746674998e-06,3.113523349334999e-08,"Method: equity_%, ATR: 1284718.16, Risk: 2524.58"
2024-01-17 09:00:00,EURUSD,1394394.259930325,1843.1023528264589,equity_%,9.831566700368094e-07,2526.7237922155546,1.4343145676029504e-06,2.868629135205901e-08,"Method: equity_%, ATR: 1394394.26, Risk: 2526.72"
2024-01-17 10:00:00,EURUSD,2605741.970725976,1687.3428372953567,equity_%,5.746046311676362e-07,2526.4101790384225,7.67535704789215e-07,1.5350714095784303e-08,"Method: equity_%, ATR: 2605741.97, Risk: 2526.41"
2024-01-17 11:00:00,EURUSD,365313.5108139691,1664.4396656663166,equity_%,4.156130752732115e-06,2527.103292859247,5.4747496076554175e-06,1.0949499215310835e-07,"Method: equity_%, ATR: 365313.51, Risk: 2527.10"
2024-01-17 12:00:00,EURUSD,589980.6681806854,1715.013634937072,equity_%,2.500699069301785e-06,2530.269561417476,3.389941582607054e-06,6.779883165214107e-08,"Method: equity_%, ATR: 589980.67, Risk: 2530.27"
2024-01-17 13:00:00,EURUSD,3594709.0172392973,1931.604832954396,equity_%,3.648596143068876e-07,2533.423642323186,5.563732670456819e-07,1.1127465340913637e-08,"Method: equity_%, ATR: 3594709.02, Risk: 2533.42"
2024-01-17 14:00:00,EURUSD,1625552.4639480154,1842.3688648791897,equity_%,8.476698495834344e-07,2538.658669469621,1.230350938746422e-06,2.4607018774928443e-08,"Method: equity_%, ATR: 1625552.46, Risk: 2538.66"
2024-01-17 15:00:00,EURUSD,1418616.4536888145,1905.4768032323311,equity_%,9.417698306849803e-07,2545.7364019131373,1.4098243360983297e-06,2.8196486721966596e-08,"Method: equity_%, ATR: 1418616.45, Risk: 2545.74"
2024-01-17 16:00:00,EURUSD,1504176.5211013376,2053.525227920848,equity_%,8.241453292072172e-07,2545.6731952814143,1.329631178218117e-06,2.6592623564362344e-08,"Method: equity_%, ATR: 1504176.52, Risk: 2545.67"
2024-01-17 17:00:00,EURUSD,1671451.1932384153,2120.481227040115,equity_%,7.18785532535504e-07,2547.577817756253,1.196565001772517e-06,2.393130003545034e-08,"Method: equity_%, ATR: 1671451.19, Risk: 2547.58"
2024-01-17 18:00:00,EURUSD,1239479.525845545,2108.202932739058,equity_%,9.752870519739644e-07,2548.497600327598,1.6135805056042737e-06,3.2271610112085475e-08,"Method: equity_%, ATR: 1239479.53, Risk: 2548.50"
2024-01-17 19:00:00,EURUSD,1518787.8791804132,2125.0814443845334,equity_%,7.890434858772323e-07,2546.6756774154014,1.3168395846556692e-06,2.6336791693113385e-08,"Method: equity_%, ATR: 1518787.88, Risk: 2546.68"
2024-01-17 20:00:00,EURUSD,1892684.3748690407,1992.7276512228127,equity_%,6.760701845534177e-07,2549.8693428318143,1.0567002224754906e-06,2.113400444950981e-08,"Method: equity_%, ATR: 1892684.37, Risk: 2549.87"
2024-01-17 21:00:00,EURUSD,3653183.133020602,2128.596039968056,equity_%,3.284019053885926e-07,2553.702854323832,5.474677636394094e-07,1.0949355272788188e-08,"Method: equity_%, ATR: 3653183.13, Risk: 2553.70"
2024-01-17 22:00:00,EURUSD,2517812.3652191153,2262.5860001649453,equity_%,4.479684489112133e-07,2551.9718806452724,7.943403677048618e-07,1.5886807354097237e-08,"Method: equity_%, ATR: 2517812.37, Risk: 2551.97"
2024-01-17 23:00:00,EURUSD,1033295.6528518753,2299.5737905105125,equity_%,1.0741575879616223e-06,2552.3483826277466,1.9355544509260635e-06,3.871108901852127e-08,"Method: equity_%, ATR: 1033295.65, Risk: 2552.35"
2024-01-18 00:00:00,EURUSD,1356488.4421848273,2366.7483099391993,equity_%,7.950345947537961e-07,2552.4321140604584,1.4743951646050897e-06,2.948790329210179e-08,"Method: equity_%, ATR: 1356488.44, Risk: 2552.43"
2024-01-18 01:00:00,EURUSD,5838382.529395498,2199.925989922914,equity_%,1.984899533742109e-07,2549.406839950783,3.4256063043664223e-07,6.851212608732845e-09,"Method: equity_%, ATR: 5838382.53, Risk: 2549.41"
2024-01-18 02:00:00,EURUSD,3491142.5414939187,2074.2079872507356,equity_%,3.522541631799039e-07,2550.7977079602874,5.728783560765657e-07,1.1457567121531315e-08,"Method: equity_%, ATR: 3491142.54, Risk: 2550.80"
2024-01-18 03:00:00,EURUSD,3662430.4152017157,2248.113714170409,equity_%,3.0956985428304303e-07,2548.861982930972,5.460854605451517e-07,1.0921709210903035e-08,"Method: equity_%, ATR: 3662430.42, Risk: 2548.86"
2024-01-18 04:00:00,EURUSD,2072844.1124732536,2204.4116243523354,equity_%,5.582435416010089e-07,2550.838964004738,9.648578916113773e-07,1.9297157832227544e-08,"Method: equity_%, ATR: 2072844.11, Risk: 2550.84"
2024-01-18 05:00:00,EURUSD,8661911.629250506,1858.8056856616631,equity_%,1.5857253366699832e-07,2553.146328579617,2.3089591369717713e-07,4.617918273943542e-09,"Method: equity_%, ATR: 8661911.63, Risk: 2553.15"
2024-01-18 06:00:00,EURUSD,2924150.48515325,1810.9850834432052,equity_%,4.82632528631782e-07,2555.8253969295315,6.839593277276848e-07,1.3679186554553697e-08,"Method: equity_%, ATR: 2924150.49, Risk: 2555.83"
2024-01-18 07:00:00,EURUSD,5601443.042917633,1757.8410654195072,equity_%,2.5985509958353e-07,2558.649363462721,3.570508500534992e-07,7.1410170010699834e-09,"Method: equity_%, ATR: 5601443.04, Risk: 2558.65"
2024-01-18 08:00:00,EURUSD,1456883.4352284716,1749.7499556523574,equity_%,1.0061040997081637e-06,2564.742185612514,1.3727934244007354e-06,2.7455868488014706e-08,"Method: equity_%, ATR: 1456883.44, Risk: 2564.74"
2024-01-18 09:00:00,EURUSD,2528660.9800082603,1921.1441444072818,equity_%,5.277598370664066e-07,2563.816247190067,7.909324404544997e-07,1.5818648809089992e-08,"Method: equity_%, ATR: 2528660.98, Risk: 2563.82"
2024-01-18 10:00:00,EURUSD,1635092.3851720085,1817.3817282886087,equity_%,8.625158140369264e-07,2563.0408017420154,1.2231724752296514e-06,2.446344950459303e-08,"Method: equity_%, ATR: 1635092.39, Risk: 2563.04"
2024-01-18 11:00:00,EURUSD,2140513.5834757495,1739.675989604327,equity_%,6.892169917157257e-07,2566.5062934335433,9.343552012187727e-07,1.8687104024375455e-08,"Method: equity_%, ATR: 2140513.58, Risk: 2566.51"
2024-01-18 12:00:00,EURUSD,490122.43080522236,1754.0097233292975,equity_%,2.9867064658610147e-06,2567.6103488575964,4.080613076031226e-06,8.161226152062451e-08,"Method: equity_%, ATR: 490122.43, Risk: 2567.61"
2024-01-18 13:00:00,EURUSD,1326085.7170343592,1673.959557483728,equity_%,1.1588747934905462e-06,2572.4863286787713,1.508198131017333e-06,3.0163962620346654e-08,"Method: equity_%, ATR: 1326085.72, Risk: 2572.49"
2024-01-18 14:00:00,EURUSD,1434696.5301527688,1757.972651660409,equity_%,1.02121760303805e-06,2575.671395055869,1.3940230271464007e-06,2.7880460542928012e-08,"Method: equity_%, ATR: 1434696.53, Risk: 2575.67"
2024-01-18 15:00:00,EURUSD,1383763.8696536897,1719.4156749629765,equity_%,1.0855980382448058e-06,2582.925729040748,1.4453332998935246e-06,2.8906665997870494e-08,"Method: equity_%, ATR: 1383763.87, Risk: 2582.93"
2024-01-18 16:00:00,EURUSD,2018440.8630431585,1827.992571416696,equity_%,7.003700336440774e-07,2584.15174369143,9.908638081101093e-07,1.981727616220219e-08,"Method: equity_%, ATR: 2018440.86, Risk: 2584.15"
2024-01-18 17:00:00,EURUSD,1422356.9245128739,1814.8532161963124,equity_%,9.999366948106436e-07,2581.20562497547,1.4061168230927384e-06,2.8122336461854766e-08,"Method: equity_%, ATR: 1422356.92, Risk: 2581.21"
2024-01-18 18:00:00,EURUSD,7041065.964464976,2318.9998985615666,equity_%,1.5823683340293523e-07,2583.7276092354073,2.8404789986255616e-07,5.680957997251123e-09,"Method: equity_%, ATR: 7041065.96, Risk: 2583.73"
2024-01-18 19:00:00,EURUSD,2405058.110976147,2457.5792626442176,equity_%,4.373504261979817e-07,2585.0125867616653,8.315807384746538e-07,1.6631614769493075e-08,"Method: equity_%, ATR: 2405058.11, Risk: 2585.01"
2024-01-18 20:00:00,EURUSD,2344073.63034351,2510.6875019107815,equity_%,4.3976416369921376e-07,2588.116049221209,8.53215519389172e-07,1.7064310387783442e-08,"Method: equity_%, ATR: 2344073.63, Risk: 2588.12"
2024-01-18 21:00:00,EURUSD,2852667.630389515,2657.5700638032354,equity_%,3.418477476271014e-07,2591.6038707812345,7.01098150620131e-07,1.4021963012402618e-08,"Method: equity_%, ATR: 2852667.63, Risk: 2591.60"
2024-01-18 22:00:00,EURUSD,2412867.7291963734,2526.9726807147117,equity_%,4.2502765522547054e-07,2591.500225235947,8.288891992708268e-07,1.6577783985416533e-08,"Method: equity_%, ATR: 2412867.73, Risk: 2591.50"
2024-01-18 23:00:00,EURUSD,2046569.0290727299,2380.0300205746194,equity_%,5.317242151530033e-07,2589.9732082603714,9.772453172059242e-07,1.9544906344118484e-08,"Method: equity_%, ATR: 2046569.03, Risk: 2589.97"
2024-01-19 00:00:00,EURUSD,1116716.110895345,2361.3741802280147,equity_%,9.825750924518408e-07,2591.035378210334,1.7909654750091038e-06,3.5819309500182075e-08,"Method: equity_%, ATR: 1116716.11, Risk: 2591.04"
2024-01-19 01:00:00,EURUSD,2620185.9611524697,2432.24428386161,equity_%,4.056832351387821e-07,2585.3918036030104,7.633046011437732e-07,1.5266092022875464e-08,"Method: equity_%, ATR: 2620185.96, Risk: 2585.39"
2024-01-19 02:00:00,EURUSD,1576033.665854061,2332.693322344242,equity_%,7.037132922906689e-07,2587.1338053793693,1.269008424966728e-06,2.538016849933456e-08,"Method: equity_%, ATR: 1576033.67, Risk: 2587.13"
2024-01-19 03:00:00,EURUSD,2624852.509698817,2266.627196978249,equity_%,4.3489108164912095e-07,2587.4114911539605,7.619475732865027e-07,1.523895146573005e-08,"Method: equity_%, ATR: 2624852.51, Risk: 2587.41"
2024-01-19 04:00:00,EURUSD,2006764.6941685735,2311.9452335278506,equity_%,5.585687510307507e-07,2591.4965162874387,9.966290546229805e-07,1.9932581092459608e-08,"Method: equity_%, ATR: 2006764.69, Risk: 2591.50"
2024-01-19 05:00:00,EURUSD,2517768.5002405816,2441.9301875076117,equity_%,4.2077887814348483e-07,2587.0389706868095,7.943542068339059e-07,1.588708413667812e-08,"Method: equity_%, ATR: 2517768.50, Risk: 2587.04"
2024-01-19 06:00:00,EURUSD,1910106.4405830312,2556.4868711379154,equity_%,5.300987324533641e-07,2588.558006616211,1.0470620681167537e-06,2.0941241362335075e-08,"Method: equity_%, ATR: 1910106.44, Risk: 2588.56"
2024-01-19 07:00:00,EURUSD,2332334.250206618,2429.7699346872428,equity_%,4.578737182642554e-07,2594.7866794703627,8.575100244841933e-07,1.7150200489683867e-08,"Method: equity_%, ATR: 2332334.25, Risk: 2594.79"
2024-01-19 08:00:00,EURUSD,2081111.0827360062,2316.5220582997367,equity_%,5.389639841091529e-07,2598.312883454216,9.610251065361822e-07,1.9220502130723644e-08,"Method: equity_%, ATR: 2081111.08, Risk: 2598.31"
2024-01-19 09:00:00,EURUSD,2000517.3240072555,2422.9101564239504,equity_%,5.369744793961952e-07,2602.7548994412796,9.997414048851028e-07,1.9994828097702057e-08,"Method: equity_%, ATR: 2000517.32, Risk: 2602.75"
2024-01-19 10:00:00,EURUSD,4543872.236215721,2295.590607744179,equity_%,2.497657427470481e-07,2605.274100009169,4.401532208717344e-07,8.80306441743469e-09,"Method: equity_%, ATR: 4543872.24, Risk: 2605.27"
2024-01-19 11:00:00,EURUSD,1677465.1213322158,2195.481561597173,equity_%,7.064620924964508e-07,2601.7894977994674,1.1922751624258108e-06,2.3845503248516215e-08,"Method: equity_%, ATR: 1677465.12, Risk: 2601.79"
2024-01-19 12:00:00,EURUSD,1841221.1792335347,2180.1592361291905,equity_%,6.486517964610079e-07,2603.7890853187746,1.0862356041508069e-06,2.172471208301614e-08,"Method: equity_%, ATR: 1841221.18, Risk: 2603.79"
2024-01-19 13:00:00,EURUSD,8939712.866474895,1683.5684370696654,equity_%,1.7318321951485622e-07,2606.5145533989667,2.2372083196321267e-07,4.4744166392642525e-09,"Method: equity_%, ATR: 8939712.87, Risk: 2606.51"
2024-01-19 14:00:00,EURUSD,1048180.5449808713,1759.528887835569,equity_%,1.4123376365368871e-06,2604.7798797663945,1.9080682326883857e-06,3.816136465376771e-08,"Method: equity_%, ATR: 1048180.54, Risk: 2604.78"
2024-01-19 15:00:00,EURUSD,1872909.4155151597,1678.8906028058313,equity_%,8.287405916016299e-07,2605.9002182363165,1.0678573044868177e-06,2.1357146089736352e-08,"Method: equity_%, ATR: 1872909.42, Risk: 2605.90"
2024-01-19 16:00:00,EURUSD,3641137.908875635,1558.456918447237,equity_%,4.579559612337472e-07,2598.697006349185,5.492788381139867e-07,1.0985576762279734e-08,"Method: equity_%, ATR: 3641137.91, Risk: 2598.70"
2024-01-19 17:00:00,EURUSD,1490948.2879193274,1561.900583452028,equity_%,1.1161507282909795e-06,2599.1947118213598,1.341428147579198e-06,2.6828562951583965e-08,"Method: equity_%, ATR: 1490948.29, Risk: 2599.19"
2024-01-19 18:00:00,EURUSD,3192295.167536513,1751.3373488620086,equity_%,4.649410114555865e-07,2599.3855839929106,6.265084821537337e-07,1.2530169643074674e-08,"Method: equity_%, ATR: 3192295.17, Risk: 2599.39"
2024-01-19 19:00:00,EURUSD,1342768.4340866813,1813.8150003450703,equity_%,1.0696187395461825e-06,2605.0923020597506,1.4894600954485142e-06,2.9789201908970283e-08,"Method: equity_%, ATR: 1342768.43, Risk: 2605.09"
2024-01-19 20:00:00,EURUSD,4433170.127804858,1719.0011362013595,equity_%,3.418069788516662e-07,2604.7826327518646,4.5114442765369944e-07,9.02288855307399e-09,"Method: equity_%, ATR: 4433170.13, Risk: 2604.78"
2024-01-19 21:00:00,EURUSD,1853244.0842573533,1684.807218145683,equity_%,8.344599557938422e-07,2605.483561576078,1.079188660030962e-06,2.1583773200619238e-08,"Method: equity_%, ATR: 1853244.08, Risk: 2605.48"
2024-01-19 22:00:00,EURUSD,515404.2303403071,1690.2664328008577,equity_%,2.992233971888273e-06,2606.7458752442476,3.880449329411704e-06,7.760898658823407e-08,"Method: equity_%, ATR: 515404.23, Risk: 2606.75"
2024-01-19 23:00:00,EURUSD,1335630.1564792353,1623.6810340906081,equity_%,1.2018952411770465e-06,2606.474915172457,1.497420517422327e-06,2.9948410348446534e-08,"Method: equity_%, ATR: 1335630.16, Risk: 2606.47"
2024-01-20 00:00:00,EURUSD,839748.0617706606,1601.4627313059316,equity_%,1.9408724953019895e-06,2610.134289437953,2.381666705824693e-06,4.7633334116493865e-08,"Method: equity_%, ATR: 839748.06, Risk: 2610.13"
2024-01-20 01:00:00,EURUSD,1172215.274197988,1558.3118023466957,equity_%,1.4264466354947823e-06,2605.657113396382,1.7061712503007344e-06,3.412342500601469e-08,"Method: equity_%, ATR: 1172215.27, Risk: 2605.66"
2024-01-20 02:00:00,EURUSD,205005.2900446326,1556.0837643309678,equity_%,8.183456503727956e-06,2610.5668435088146,9.755845810440166e-06,1.951169162088033e-07,"Method: equity_%, ATR: 205005.29, Risk: 2610.57"
2024-01-20 03:00:00,EURUSD,1717189.4609536345,1517.0517920324364,equity_%,1.0018746851530204e-06,2609.949026331341,1.164693847404181e-06,2.329387694808362e-08,"Method: equity_%, ATR: 1717189.46, Risk: 2609.95"
2024-01-20 04:00:00,EURUSD,3962180.6190463165,1235.4329287616524,equity_%,5.342899849320609e-07,2615.353967735727,5.047725463059262e-07,1.0095450926118524e-08,"Method: equity_%, ATR: 3962180.62, Risk: 2615.35"
2024-01-20 05:00:00,EURUSD,2640476.613335386,1324.3039469219925,equity_%,7.460012140024832e-07,2608.612271309384,7.574390130551652e-07,1.5148780261103307e-08,"Method: equity_%, ATR: 2640476.61, Risk: 2608.61"
2024-01-20 06:00:00,EURUSD,1416980.2949751853,1295.7046027469048,equity_%,1.4176583610595498e-06,2602.803583347551,1.4114522319698347e-06,2.82290446393967e-08,"Method: equity_%, ATR: 1416980.29, Risk: 2602.80"
2024-01-20 07:00:00,EURUSD,2515985.7521332493,1427.3757753677935,equity_%,7.249349086395653e-07,2603.4276476687946,7.949170611575379e-07,1.5898341223150758e-08,"Method: equity_%, ATR: 2515985.75, Risk: 2603.43"
2024-01-20 08:00:00,EURUSD,4835010.822089883,1431.8017069784273,equity_%,3.7650288151535595e-07,2606.445393832796,4.136495394927619e-07,8.272990789855238e-09,"Method: equity_%, ATR: 4835010.82, Risk: 2606.45"
2024-01-20 09:00:00,EURUSD,1324813.0838054,1428.7870718293702,equity_%,1.3768893798611505e-06,2606.2805956847865,1.5096469263839013e-06,3.0192938527678025e-08,"Method: equity_%, ATR: 1324813.08, Risk: 2606.28"
2024-01-20 10:00:00,EURUSD,1870618.9487615256,1548.6119716707458,equity_%,9.008131294507054e-07,2609.5321331750342,1.069164835160113e-06,2.138329670320226e-08,"Method: equity_%, ATR: 1870618.95, Risk: 2609.53"
2024-01-20 11:00:00,EURUSD,1267364.818774713,1583.907785668634,equity_%,1.3021771353621546e-06,2613.976062447363,1.5780775751165304e-06,3.156155150233061e-08,"Method: equity_%, ATR: 1267364.82, Risk: 2613.98"
2024-01-20 12:00:00,EURUSD,6310724.6497631855,1856.1650432483634,equity_%,2.234531934572866e-07,2617.474061088427,3.169208151198692e-07,6.3384163023973834e-09,"Method: equity_%, ATR: 6310724.65, Risk: 2617.47"
2024-01-20 13:00:00,EURUSD,4345369.965044424,1937.7423168512341,equity_%,3.1107118679985714e-07,2619.2838666015673,4.602600045769759e-07,9.205200091539519e-09,"Method: equity_%, ATR: 4345369.97, Risk: 2619.28"
2024-01-20 14:00:00,EURUSD,2157051.0170839974,2038.575027354605,equity_%,5.9606224595943e-07,2621.0706751505295,9.271917929431701e-07,1.85438358588634e-08,"Method: equity_%, ATR: 2157051.02, Risk: 2621.07"
2024-01-20 15:00:00,EURUSD,2220737.1244554133,1936.995858485532,equity_%,6.092503963701264e-07,2620.7262898913646,9.006018668195391e-07,1.801203733639078e-08,"Method: equity_%, ATR: 2220737.12, Risk: 2620.73"
2024-01-20 16:00:00,EURUSD,1178007.830565666,1902.0313493938186,equity_%,1.1702450287548043e-06,2622.060166918753,1.6977815835397483e-06,3.3955631670794966e-08,"Method: equity_%, ATR: 1178007.83, Risk: 2622.06"
2024-01-20 17:00:00,EURUSD,1993012.5479798561,1781.710444631823,equity_%,7.379635803220341e-07,2620.4874742570487,1.0035059749258609e-06,2.007011949851722e-08,"Method: equity_%, ATR: 1993012.55, Risk: 2620.49"
2024-01-20 18:00:00,EURUSD,2211754.3290765206,1868.5433550364442,equity_%,6.338703461874622e-07,2619.6332858549654,9.042595616101113e-07,1.8085191232202225e-08,"Method: equity_%, ATR: 2211754.33, Risk: 2619.63"
2024-01-20 19:00:00,EURUSD,2440778.7130942075,1746.8649109581213,equity_%,6.151159329417925e-07,2622.6763784536056,8.194106205820575e-07,1.638821241164115e-08,"Method: equity_%, ATR: 2440778.71, Risk: 2622.68"
2024-01-20 20:00:00,EURUSD,4947252.122414884,1912.60341259716,equity_%,2.7718784003671497e-07,2622.7877350590115,4.0426482227142844e-07,8.085296445428568e-09,"Method: equity_%, ATR: 4947252.12, Risk: 2622.79"
2024-01-20 21:00:00,EURUSD,361538.52098012296,1926.805703471849,equity_%,3.76402602682349e-06,2622.0750493765036,5.5319139840978605e-06,1.1063827968195722e-07,"Method: equity_%, ATR: 361538.52, Risk: 2622.08"
2024-01-20 22:00:00,EURUSD,2989728.184977,2104.4362736511084,equity_%,4.172045545940304e-07,2624.9227424160586,6.689571346484751e-07,1.3379142692969502e-08,"Method: equity_%, ATR: 2989728.18, Risk: 2624.92"
2024-01-20 23:00:00,EURUSD,1297212.9774816448,2069.799091883195,equity_%,9.78618831423429e-07,2627.5624413868495,1.5417668761553068e-06,3.083533752310614e-08,"Method: equity_%, ATR: 1297212.98, Risk: 2627.56"
2024-01-21 00:00:00,EURUSD,5238498.226084494,1911.5182454774858,equity_%,2.6248769123721444e-07,2628.4165426305035,3.817888092509475e-07,7.63577618501895e-09,"Method: equity_%, ATR: 5238498.23, Risk: 2628.42"
2024-01-21 01:00:00,EURUSD,1808131.132985618,1991.4086046276009,equity_%,7.302606061618091e-07,2629.469736338339,1.10611446455079e-06,2.21222892910158e-08,"Method: equity_%, ATR: 1808131.13, Risk: 2629.47"
2024-01-21 02:00:00,EURUSD,3556473.9475486362,1833.043498513726,equity_%,4.0376566275819905e-07,2632.217580007978,5.623547450357497e-07,1.1247094900714997e-08,"Method: equity_%, ATR: 3556473.95, Risk: 2632.22"
2024-01-21 03:00:00,EURUSD,1269765.6764457042,1946.1448008559014,equity_%,1.0669634479903393e-06,2636.6244513571296,1.5750937650152499e-06,3.1501875300305006e-08,"Method: equity_%, ATR: 1269765.68, Risk: 2636.62"
2024-01-21 04:00:00,EURUSD,2232017.9467579443,1821.6997206634535,equity_%,6.489632493031097e-07,2638.727708334591,8.960501428337728e-07,1.7921002856675457e-08,"Method: equity_%, ATR: 2232017.95, Risk: 2638.73"
2024-01-21 05:00:00,EURUSD,1568938.7632224134,1733.264860197659,equity_%,9.695759239297525e-07,2636.6516066034596,1.274747011726728e-06,2.549494023453456e-08,"Method: equity_%, ATR: 1568938.76, Risk: 2636.65"
2024-01-21 06:00:00,EURUSD,2239450.0829502433,1715.8186312742237,equity_%,6.864005379913188e-07,2637.4873241251694,8.930763919351162e-07,1.786152783870232e-08,"Method: equity_%, ATR: 2239450.08, Risk: 2637.49"
2024-01-21 07:00:00,EURUSD,1625451.2164475545,1621.7109750806264,equity_%,1.0006653222327107e-06,2637.7658746117895,1.2304275759016794e-06,2.4608551518033586e-08,"Method: equity_%, ATR: 1625451.22, Risk: 2637.77"
2024-01-21 08:00:00,EURUSD,1163892.6768177045,1658.5144459837752,equity_%,1.3656230115379335e-06,2636.106916292666,1.7183714957880534e-06,3.436742991576107e-08,"Method: equity_%, ATR: 1163892.68, Risk: 2636.11"
2024-01-21 09:00:00,EURUSD,1380034.0473430469,1726.3738446869575,equity_%,1.1077233628788922e-06,2639.1007145894723,1.4492396066970682e-06,2.8984792133941364e-08,"Method: equity_%, ATR: 1380034.05, Risk: 2639.10"
2024-01-21 10:00:00,EURUSD,821153.1783978058,1685.4048232520618,equity_%,1.909228320749228e-06,2642.3252723276582,2.435599170306207e-06,4.871198340612414e-08,"Method: equity_%, ATR: 821153.18, Risk: 2642.33"
2024-01-21 11:00:00,EURUSD,3148520.7522108066,1530.3233425076012,equity_%,5.491623018320306e-07,2646.003897592776,6.352189353033973e-07,1.2704378706067946e-08,"Method: equity_%, ATR: 3148520.75, Risk: 2646.00"
2024-01-21 12:00:00,EURUSD,1305499.812981361,1592.1550734675602,equity_%,1.2722911590924345e-06,2644.5311587305296,1.5319803037218467e-06,3.063960607443693e-08,"Method: equity_%, ATR: 1305499.81, Risk: 2644.53"
2024-01-21 13:00:00,EURUSD,978068.0011242907,1564.4603011871593,equity_%,1.7295729195067572e-06,2646.5035115417677,2.044847595158002e-06,4.089695190316005e-08,"Method: equity_%, ATR: 978068.00, Risk: 2646.50"
2024-01-21 14:00:00,EURUSD,2134483.682921541,1766.57778707002,equity_%,7.022469547756959e-07,2647.984685843235,9.369947477239701e-07,1.87398949544794e-08,"Method: equity_%, ATR: 2134483.68, Risk: 2647.98"
2024-01-21 15:00:00,EURUSD,2426722.7396940417,1838.599691856214,equity_%,5.940256661180378e-07,2650.406895123261,8.241567803712746e-07,1.648313560742549e-08,"Method: equity_%, ATR: 2426722.74, Risk: 2650.41"
2024-01-21 16:00:00,EURUSD,3525916.281677605,1588.8198801443052,equity_%,4.7345133001274996e-07,2652.2960745977553,5.672284422613729e-07,1.1344568845227458e-08,"Method: equity_%, ATR: 3525916.28, Risk: 2652.30"
2024-01-21 17:00:00,EURUSD,2736533.393931954,1385.6415803318162,equity_%,6.998576731089671e-07,2653.758436763006,7.308516696470219e-07,1.4617033392940437e-08,"Method: equity_%, ATR: 2736533.39, Risk: 2653.76"
2024-01-21 18:00:00,EURUSD,1525657.3643337311,1258.1926787083505,equity_%,1.383048799861802e-06,2654.8602654845827,1.3109103306910715e-06,2.621820661382143e-08,"Method: equity_%, ATR: 1525657.36, Risk: 2654.86"
2024-01-21 19:00:00,EURUSD,1016165.6433653206,1252.2315365481961,equity_%,2.090164040601062e-06,2659.680787314659,1.9681830546606876e-06,3.9363661093213754e-08,"Method: equity_%, ATR: 1016165.64, Risk: 2659.68"
2024-01-01 01:00:00,GBPUSD,2671158.8659166466,492.464432587244,equity_%,2.021052764685025e-06,2658.5953452921012,7.487386937256055e-07,1.497477387451211e-08,"Method: equity_%, ATR: 2671158.87, Risk: 2658.60"
2024-01-01 02:00:00,GBPUSD,7387000.175858891,658.5796483927769,equity_%,5.466834955083594e-07,2659.575832679806,2.70745898522665e-07,5.414917970453301e-09,"Method: equity_%, ATR: 7387000.18, Risk: 2659.58"
2024-01-01 03:00:00,GBPUSD,2083017.3809116706,647.2259419733175,equity_%,1.9762303552024065e-06,2664.3199446802237,9.601456129591505e-07,1.9202912259183008e-08,"Method: equity_%, ATR: 2083017.38, Risk: 2664.32"
2024-01-01 04:00:00,GBPUSD,1181427.8634408708,608.6377046932465,equity_%,3.703976109686439e-06,2663.38677690813,1.692866794401703e-06,3.385733588803406e-08,"Method: equity_%, ATR: 1181427.86, Risk: 2663.39"
2024-01-01 05:00:00,GBPUSD,3336120.559869867,444.85359542057074,equity_%,1.7941062055000398e-06,2662.6065131248974,5.994987183790548e-07,1.1989974367581096e-08,"Method: equity_%, ATR: 3336120.56, Risk: 2662.61"
2024-01-01 06:00:00,GBPUSD,3688137.5212414274,656.7679088368552,equity_%,1.1007567062107424e-06,2666.308335958253,5.422791282812035e-07,1.0845582565624072e-08,"Method: equity_%, ATR: 3688137.52, Risk: 2666.31"
2024-01-01 07:00:00,GBPUSD,1961338.2655199098,739.985045878946,equity_%,1.8351992504996432e-06,2663.536594436312,1.0197119156648087e-06,2.0394238313296173e-08,"Method: equity_%, ATR: 1961338.27, Risk: 2663.54"
2024-01-01 08:00:00,GBPUSD,9375267.97983706,191.10125271201923,equity_%,1.4886026985612301e-06,2667.018487805391,2.133272354775676e-07,4.266544709551352e-09,"Method: equity_%, ATR: 9375267.98, Risk: 2667.02"
2024-01-01 09:00:00,GBPUSD,1220903.287558347,256.9642114433959,equity_%,8.501140331743444e-06,2667.0495840676504,1.6381313904066459e-06,3.2762627808132917e-08,"Method: equity_%, ATR: 1220903.29, Risk: 2667.05"
2024-01-01 10:00:00,GBPUSD,3919153.594191872,444.5644357829402,equity_%,1.5323162483104596e-06,2669.7795859142116,5.103142686124807e-07,1.0206285372249615e-08,"Method: equity_%, ATR: 3919153.59, Risk: 2669.78"
2024-01-01 11:00:00,GBPUSD,2215202.2848072127,613.9286118061414,equity_%,1.961517892592829e-06,2667.6173822130445,9.028520843070812e-07,1.8057041686141627e-08,"Method: equity_%, ATR: 2215202.28, Risk: 2667.62"
2024-01-01 12:00:00,GBPUSD,3291166.33554191,326.5123235522748,equity_%,2.4871177875507846e-06,2672.6726110127197,6.076873047714521e-07,1.2153746095429042e-08,"Method: equity_%, ATR: 3291166.34, Risk: 2672.67"
2024-01-01 13:00:00,GBPUSD,1488874.5773537043,282.6277056410067,equity_%,6.346337043952263e-06,2670.5208950630513,1.3432964941578625e-06,2.6865929883157246e-08,"Method: equity_%, ATR: 1488874.58, Risk: 2670.52"
2024-01-01 14:00:00,GBPUSD,1532119.1158753184,197.16290097958637,equity_%,8.852694205880514e-06,2674.195746123691,1.3053815328564549e-06,2.6107630657129103e-08,"Method: equity_%, ATR: 1532119.12, Risk: 2674.20"
2024-01-01 15:00:00,GBPUSD,1879946.258197803,233.85299891231284,equity_%,6.078208615486949e-06,2672.1693589723636,1.063860198810835e-06,2.12772039762167e-08,"Method: equity_%, ATR: 1879946.26, Risk: 2672.17"
2024-01-01 16:00:00,GBPUSD,2056682.2577566826,192.7167669374778,equity_%,6.759293292782601e-06,2679.0942615856306,9.724399539389673e-07,1.9448799078779348e-08,"Method: equity_%, ATR: 2056682.26, Risk: 2679.09"
2024-01-01 17:00:00,GBPUSD,1896930.9632116554,115.70026723460552,equity_%,1.2212666566233175e-05,2680.380116240065,1.054334627241173e-06,2.1086692544823463e-08,"Method: equity_%, ATR: 1896930.96, Risk: 2680.38"
2024-01-01 18:00:00,GBPUSD,2996629.236538351,336.7733022742268,equity_%,2.663271276761745e-06,2687.732687525056,6.674165677934724e-07,1.3348331355869449e-08,"Method: equity_%, ATR: 2996629.24, Risk: 2687.73"
2024-01-01 19:00:00,GBPUSD,1994058.581796438,406.60428962586275,equity_%,3.313764150501283e-06,2686.776025062824,1.0029795605093054e-06,2.0059591210186105e-08,"Method: equity_%, ATR: 1994058.58, Risk: 2686.78"
2024-01-01 20:00:00,GBPUSD,2718865.8646767447,338.8251854427755,equity_%,2.9167271659474234e-06,2686.948072974678,7.356008348862722e-07,1.4712016697725445e-08,"Method: equity_%, ATR: 2718865.86, Risk: 2686.95"
2024-01-01 21:00:00,GBPUSD,1607350.4219458352,382.8136655869402,equity_%,4.3751202843734e-06,2692.0802305858747,1.2442837434159682e-06,2.4885674868319366e-08,"Method: equity_%, ATR: 1607350.42, Risk: 2692.08"
2024-01-01 22:00:00,GBPUSD,3732500.143981012,240.30630132023168,equity_%,2.998296134990818e-06,2689.301642520549,5.358338708238706e-07,1.071667741647741e-08,"Method: equity_%, ATR: 3732500.14, Risk: 2689.30"
2024-01-01 23:00:00,GBPUSD,2201934.945111548,139.50139655899747,equity_%,8.75306046680767e-06,2688.7038425529395,9.082920476102812e-07,1.8165840952205624e-08,"Method: equity_%, ATR: 2201934.95, Risk: 2688.70"
2024-01-02 00:00:00,GBPUSD,573814.8683693095,108.87756933375735,equity_%,4.308386668626424e-05,2691.6890478420073,3.4854447143966167e-06,6.970889428793234e-08,"Method: equity_%, ATR: 573814.87, Risk: 2691.69"
2024-01-02 01:00:00,GBPUSD,2984802.0106389495,200.57413649474708,equity_%,4.493484467604963e-06,2690.132706111918,6.700611943007452e-07,1.3401223886014906e-08,"Method: equity_%, ATR: 2984802.01, Risk: 2690.13"
2024-01-02 02:00:00,GBPUSD,2570302.2189304545,288.9679846141233,equity_%,3.6260550123919926e-06,2693.1981583779752,7.78118613939583e-07,1.556237227879166e-08,"Method: equity_%, ATR: 2570302.22, Risk: 2693.20"
2024-01-02 03:00:00,GBPUSD,2190277.1914502243,178.53377243612425,equity_%,6.892440817021283e-06,2695.2093715330407,9.131264334062494e-07,1.826252866812499e-08,"Method: equity_%, ATR: 2190277.19, Risk: 2695.21"
2024-01-02 04:00:00,GBPUSD,2498681.806118682,250.37069614314504,equity_%,4.303360968379318e-06,2692.1684346618144,8.004220445766533e-07,1.6008440891533065e-08,"Method: equity_%, ATR: 2498681.81, Risk: 2692.17"
2024-01-02 05:00:00,GBPUSD,3932847.2474407055,341.7163927237637,equity_%,2.006499644720449e-06,2696.5717410257644,5.085374219152541e-07,1.0170748438305083e-08,"Method: equity_%, ATR: 3932847.25, Risk: 2696.57"
2024-01-02 06:00:00,GBPUSD,3201296.1262390995,437.4818074655822,equity_%,1.92378970546359e-06,2694.2844417461806,6.247469528380091e-07,1.2494939056760182e-08,"Method: equity_%, ATR: 3201296.13, Risk: 2694.28"
2024-01-02 07:00:00,GBPUSD,1669633.8408140873,515.6084278744129,equity_%,3.1341264804912928e-06,2698.0982790370995,1.1978674312356004e-06,2.3957348624712004e-08,"Method: equity_%, ATR: 1669633.84, Risk: 2698.10"
2024-01-02 08:00:00,GBPUSD,984256.0124597804,436.70863684841686,equity_%,6.281469937376784e-06,2699.9837052318326,2.031991651238936e-06,4.063983302477872e-08,"Method: equity_%, ATR: 984256.01, Risk: 2699.98"
2024-01-02 09:00:00,GBPUSD,1435121.8137673442,465.264643811112,equity_%,4.043840659412998e-06,2700.1186678377157,1.3936099227352639e-06,2.7872198454705276e-08,"Method: equity_%, ATR: 1435121.81, Risk: 2700.12"
2024-01-02 10:00:00,GBPUSD,1007686.8967631628,527.5236142303356,equity_%,5.0760175235208765e-06,2698.302460262833,1.9847434817543933e-06,3.969486963508787e-08,"Method: equity_%, ATR: 1007686.90, Risk: 2698.30"
2024-01-02 11:00:00,GBPUSD,1115830.9730390175,479.9358238475543,equity_%,5.043235860214531e-06,2700.7902682390577,1.7923861662962332e-06,3.584772332592466e-08,"Method: equity_%, ATR: 1115830.97, Risk: 2700.79"
2024-01-02 12:00:00,GBPUSD,2771048.0339237005,629.6828083353641,equity_%,1.5471956066178213e-06,2699.6726938586253,7.217485859197016e-07,1.4434971718394031e-08,"Method: equity_%, ATR: 2771048.03, Risk: 2699.67"
2024-01-02 13:00:00,GBPUSD,1747268.6325031538,501.2467560683865,equity_%,3.0883275033747825e-06,2704.796554286783,1.1446436814554271e-06,2.2892873629108547e-08,"Method: equity_%, ATR: 1747268.63, Risk: 2704.80"
2024-01-02 14:00:00,GBPUSD,3176256.2196882307,605.2103158141781,equity_%,1.4097828823390273e-06,2710.0299061146925,6.296721239309568e-07,1.2593442478619134e-08,"Method: equity_%, ATR: 3176256.22, Risk: 2710.03"
2024-01-02 15:00:00,GBPUSD,6882615.569480974,770.4969683206673,equity_%,5.122455914305415e-07,2716.4560081776503,2.905872018870905e-07,5.81174403774181e-09,"Method: equity_%, ATR: 6882615.57, Risk: 2716.46"
2024-01-02 16:00:00,GBPUSD,359235.3122521752,757.7780227290957,equity_%,9.987482411939966e-06,2718.7987004888764,5.567381412092485e-06,1.1134762824184969e-07,"Method: equity_%, ATR: 359235.31, Risk: 2718.80"
2024-01-02 17:00:00,GBPUSD,3878397.2850756915,505.52084554602186,equity_%,1.38685655742972e-06,2719.0857710723812,5.15676928636507e-07,1.0313538572730142e-08,"Method: equity_%, ATR: 3878397.29, Risk: 2719.09"
2024-01-02 18:00:00,GBPUSD,377307.317097887,508.56246682924103,equity_%,1.4173616587143796e-05,2719.6950633303695,5.300718828840335e-06,1.0601437657680669e-07,"Method: equity_%, ATR: 377307.32, Risk: 2719.70"
2024-01-02 19:00:00,GBPUSD,1384157.5280653553,512.2194818621318,equity_%,3.836549731267359e-06,2720.0848005819626,1.4449222429150905e-06,2.889844485830181e-08,"Method: equity_%, ATR: 1384157.53, Risk: 2720.08"
2024-01-02 20:00:00,GBPUSD,1319736.3975173596,508.7841735711645,equity_%,4.054336511342282e-06,2722.3288171969493,1.515454149603154e-06,3.0309082992063077e-08,"Method: equity_%, ATR: 1319736.40, Risk: 2722.33"
2024-01-02 21:00:00,GBPUSD,1261095.5794385984,516.2762758940015,equity_%,4.185606815833355e-06,2725.138638963715,1.5859226157071615e-06,3.1718452314143224e-08,"Method: equity_%, ATR: 1261095.58, Risk: 2725.14"
2024-01-02 22:00:00,GBPUSD,1260411.189759876,418.2028831415832,equity_%,5.179840635428127e-06,2730.3333320617658,1.5867837545785552e-06,3.1735675091571103e-08,"Method: equity_%, ATR: 1260411.19, Risk: 2730.33"
2024-01-02 23:00:00,GBPUSD,2452716.4415352987,302.71379968960144,equity_%,3.6794612643477894e-06,2731.893702308554,8.154224296503198e-07,1.6308448593006397e-08,"Method: equity_%, ATR: 2452716.44, Risk: 2731.89"
2024-01-03 00:00:00,GBPUSD,1899674.6368150408,409.1915693047876,equity_%,3.5109683798590707e-06,2729.1840203169536,1.052811866432645e-06,2.10562373286529e-08,"Method: equity_%, ATR: 1899674.64, Risk: 2729.18"
2024-01-03 01:00:00,GBPUSD,1661742.7094035652,369.5441875372733,equity_%,4.4447450604021394e-06,2729.461757537568,1.203555754258638e-06,2.407111508517276e-08,"Method: equity_%, ATR: 1661742.71, Risk: 2729.46"
2024-01-03 02:00:00,GBPUSD,2066926.7859896217,463.3186126393922,equity_%,2.8566195755943324e-06,2735.629312877737,9.67620146759297e-07,1.9352402935185942e-08,"Method: equity_%, ATR: 2066926.79, Risk: 2735.63"
2024-01-03 03:00:00,GBPUSD,2491097.544093698,349.04031426928566,equity_%,3.1425878082974314e-06,2732.459577166321,8.028589666197247e-07,1.6057179332394493e-08,"Method: equity_%, ATR: 2491097.54, Risk: 2732.46"
2024-01-03 04:00:00,GBPUSD,1012551.305858828,397.2246373977592,equity_%,6.802851281590295e-06,2736.177027047525,1.975208553312403e-06,3.9504171066248054e-08,"Method: equity_%, ATR: 1012551.31, Risk: 2736.18"
2024-01-03 05:00:00,GBPUSD,230275.09805522356,401.8847718521221,equity_%,2.956975788944834e-05,2736.505307706775,8.685263916467289e-06,1.737052783293458e-07,"Method: equity_%, ATR: 230275.10, Risk: 2736.51"
2024-01-03 06:00:00,GBPUSD,329539.1178558214,397.0364553902769,equity_%,2.0906258915515827e-05,2735.354914775576,6.069082217046632e-06,1.2138164434093264e-07,"Method: equity_%, ATR: 329539.12, Risk: 2735.35"
2024-01-03 07:00:00,GBPUSD,5338250.138520971,439.56717616353194,equity_%,1.1668523114186963e-06,2738.0417479229127,3.7465460555471935e-07,7.493092111094386e-09,"Method: equity_%, ATR: 5338250.14, Risk: 2738.04"
2024-01-03 08:00:00,GBPUSD,1450815.2591870357,430.28583778977287,equity_%,4.395927157913489e-06,2744.2246069997805,1.3785352665236648e-06,2.7570705330473297e-08,"Method: equity_%, ATR: 1450815.26, Risk: 2744.22"
2024-01-03 09:00:00,GBPUSD,252193.01436264344,440.16205466651274,equity_%,2.4744167007369772e-05,2746.7459395301303,7.930433779280183e-06,1.5860867558560367e-07,"Method: equity_%, ATR: 252193.01, Risk: 2746.75"
2024-01-03 10:00:00,GBPUSD,1614305.3346706473,495.4067563915947,equity_%,3.4354489822546467e-06,2747.4583069000064,1.2389229949537662e-06,2.4778459899075323e-08,"Method: equity_%, ATR: 1614305.33, Risk: 2747.46"
2024-01-03 11:00:00,GBPUSD,3226398.489406017,619.1021095405002,equity_%,1.3742734592377912e-06,2745.070159181187,6.198862312163437e-07,1.2397724624326875e-08,"Method: equity_%, ATR: 3226398.49, Risk: 2745.07"
2024-01-03 12:00:00,GBPUSD,1885539.1831530903,745.4497304952071,equity_%,1.95384397481484e-06,2746.273611697879,1.0607045548931542e-06,2.1214091097863083e-08,"Method: equity_%, ATR: 1885539.18, Risk: 2746.27"
2024-01-03 13:00:00,GBPUSD,1882849.156290539,796.9084150305589,equity_%,1.8286260236590626e-06,2743.77716223701,1.0622199836445016e-06,2.124439967289003e-08,"Method: equity_%, ATR: 1882849.16, Risk: 2743.78"
2024-01-03 14:00:00,GBPUSD,3622092.935441186,933.5803186929857,equity_%,8.11573407690656e-07,2744.3473895727493,5.521669475762337e-07,1.1043338951524674e-08,"Method: equity_%, ATR: 3622092.94, Risk: 2744.35"
2024-01-03 15:00:00,GBPUSD,1730656.1041854501,958.0411747545012,equity_%,1.6559664036940597e-06,2745.6582166275743,1.155631089945116e-06,2.3112621798902323e-08,"Method: equity_%, ATR: 1730656.10, Risk: 2745.66"
2024-01-03 16:00:00,GBPUSD,3122860.3645764985,787.7530403028748,equity_%,1.1138329185140548e-06,2740.076592155443,6.404384975667097e-07,1.2808769951334192e-08,"Method: equity_%, ATR: 3122860.36, Risk: 2740.08"
2024-01-03 17:00:00,GBPUSD,761110.995808873,810.0701169196659,equity_%,4.453372769865013e-06,2745.7415587692067,2.6277376243585782e-06,5.255475248717157e-08,"Method: equity_%, ATR: 761111.00, Risk: 2745.74"
2024-01-03 18:00:00,GBPUSD,2311796.767868543,803.6566439706068,equity_%,1.476688483028707e-06,2743.5259943498454,8.651279506044049e-07,1.7302559012088098e-08,"Method: equity_%, ATR: 2311796.77, Risk: 2743.53"
2024-01-03 19:00:00,GBPUSD,1541213.408242204,897.3242474945745,equity_%,1.984476716524688e-06,2744.4681167463336,1.2976788219621416e-06,2.595357643924283e-08,"Method: equity_%, ATR: 1541213.41, Risk: 2744.47"
2024-01-03 20:00:00,GBPUSD,854368.9254684523,903.2808231834945,equity_%,3.5602498013448177e-06,2747.5696164837714,2.3409091089114645e-06,4.681818217822929e-08,"Method: equity_%, ATR: 854368.93, Risk: 2747.57"
2024-01-03 21:00:00,GBPUSD,1625588.923450447,942.0631953352256,equity_%,1.7976895592315408e-06,2752.9952656383093,1.2303233438345748e-06,2.4606466876691493e-08,"Method: equity_%, ATR: 1625588.92, Risk: 2753.00"
2024-01-03 22:00:00,GBPUSD,3678847.2916729334,797.6624125523572,equity_%,9.378562774499247e-07,2752.1188066191908,5.436485511445387e-07,1.0872971022890772e-08,"Method: equity_%, ATR: 3678847.29, Risk: 2752.12"
2024-01-03 23:00:00,GBPUSD,1677968.1083572325,733.8941641800243,equity_%,2.22996387633483e-06,2746.0912508362717,1.1919177665170548e-06,2.383835533034109e-08,"Method: equity_%, ATR: 1677968.11, Risk: 2746.09"
2024-01-04 00:00:00,GBPUSD,1666704.4052149812,600.2069997254654,equity_%,2.749816270703395e-06,2750.8272419843056,1.1999728288604532e-06,2.3999456577209062e-08,"Method: equity_%, ATR: 1666704.41, Risk: 2750.83"
2024-01-04 01:00:00,GBPUSD,2607650.786519633,609.3302500700701,equity_%,1.7298403206537888e-06,2748.578757325027,7.669738641151987e-07,1.5339477282303974e-08,"Method: equity_%, ATR: 2607650.79, Risk: 2748.58"
2024-01-04 02:00:00,GBPUSD,1706094.4222036926,644.9861146430961,equity_%,2.5001263673807676e-06,2751.1570870557775,1.1722680608829852e-06,2.34453612176597e-08,"Method: equity_%, ATR: 1706094.42, Risk: 2751.16"
2024-01-04 03:00:00,GBPUSD,1115509.7813872863,654.912310729316,equity_%,3.7695983255125024e-06,2753.9218561561847,1.7929022527375166e-06,3.585804505475033e-08,"Method: equity_%, ATR: 1115509.78, Risk: 2753.92"
2024-01-04 04:00:00,GBPUSD,1532364.3113361949,735.379251047409,equity_%,2.4365440559204107e-06,2745.66576785817,1.305172657183614e-06,2.610345314367228e-08,"Method: equity_%, ATR: 1532364.31, Risk: 2745.67"
2024-01-04 05:00:00,GBPUSD,3673709.168243042,931.3755133895804,equity_%,8.014727155079176e-07,2742.3212575435364,5.444089089274596e-07,1.0888178178549192e-08,"Method: equity_%, ATR: 3673709.17, Risk: 2742.32"
2024-01-04 06:00:00,GBPUSD,1674123.7923575863,842.9497594503755,equity_%,1.943335073124625e-06,2742.4388239233854,1.1946547854645194e-06,2.389309570929039e-08,"Method: equity_%, ATR: 1674123.79, Risk: 2742.44"
2024-01-04 07:00:00,GBPUSD,2716137.6937063416,809.5291508883017,equity_%,1.2444040376036762e-06,2736.186440166568,7.363396946459196e-07,1.4726793892918392e-08,"Method: equity_%, ATR: 2716137.69, Risk: 2736.19"
2024-01-04 08:00:00,GBPUSD,3473670.0794130582,555.0102305629931,equity_%,1.41793686375806e-06,2733.672286337796,5.757599179764181e-07,1.151519835952836e-08,"Method: equity_%, ATR: 3473670.08, Risk: 2733.67"
2024-01-04 09:00:00,GBPUSD,5292874.273179595,242.14303021021794,equity_%,2.13441893561315e-06,2735.5409220181755,3.77866523324488e-07,7.55733046648976e-09,"Method: equity_%, ATR: 5292874.27, Risk: 2735.54"
2024-01-04 10:00:00,GBPUSD,1512860.9423961288,324.9009139355474,equity_%,5.567871771866963e-06,2736.775471061902,1.3219985683762327e-06,2.6439971367524652e-08,"Method: equity_%, ATR: 1512860.94, Risk: 2736.78"
2024-01-04 11:00:00,GBPUSD,2459797.9672029642,193.25720372933574,equity_%,5.7621689369244954e-06,2739.183434353835,8.13074905608691e-07,1.626149811217382e-08,"Method: equity_%, ATR: 2459797.97, Risk: 2739.18"
2024-01-04 12:00:00,GBPUSD,2113768.4235005584,104.49072257778668,equity_%,1.2414728818054419e-05,2742.031097290021,9.461774420340006e-07,1.892354884068001e-08,"Method: equity_%, ATR: 2113768.42, Risk: 2742.03"
2024-01-04 13:00:00,GBPUSD,1523141.1041914783,131.24678379022066,equity_%,1.3698772548366996e-05,2738.4856085890824,1.3130759812707244e-06,2.626151962541449e-08,"Method: equity_%, ATR: 1523141.10, Risk: 2738.49"
2024-01-04 14:00:00,GBPUSD,2701727.129041908,35.65423312798853,equity_%,2.840431453782481e-05,2736.131063798844,7.402672085205157e-07,1.4805344170410315e-08,"Method: equity_%, ATR: 2701727.13, Risk: 2736.13"
2024-01-04 15:00:00,GBPUSD,2042533.3820198392,95.0452289294181,equity_%,1.4113594370347177e-05,2739.91516236738,9.791761630951763e-07,1.9583523261903526e-08,"Method: equity_%, ATR: 2042533.38, Risk: 2739.92"
2024-01-04 16:00:00,GBPUSD,1721312.2130627807,188.73916617764547,equity_%,8.452340360859834e-06,2745.988153090388,1.1619042639808743e-06,2.3238085279617487e-08,"Method: equity_%, ATR: 1721312.21, Risk: 2745.99"
2024-01-04 17:00:00,GBPUSD,3177629.040033007,250.3575275379984,equity_%,3.4499514442600176e-06,2744.5859289438017,6.294000888093676e-07,1.2588001776187353e-08,"Method: equity_%, ATR: 3177629.04, Risk: 2744.59"
2024-01-04 18:00:00,GBPUSD,1773842.3921559877,184.30057364991004,equity_%,8.40224279229556e-06,2746.862645726092,1.127495886243384e-06,2.254991772486768e-08,"Method: equity_%, ATR: 1773842.39, Risk: 2746.86"
2024-01-04 19:00:00,GBPUSD,2320480.3469534107,342.455762021607,equity_%,3.4615778281644943e-06,2750.783894406034,8.618905144470741e-07,1.723781028894148e-08,"Method: equity_%, ATR: 2320480.35, Risk: 2750.78"
2024-01-04 20:00:00,GBPUSD,1355054.5399190532,324.42185007827,equity_%,6.2623710559885155e-06,2752.9965612576016,1.475955351671287e-06,2.9519107033425742e-08,"Method: equity_%, ATR: 1355054.54, Risk: 2753.00"
2024-01-04 21:00:00,GBPUSD,1431226.445175515,281.28870584824216,equity_%,6.840122890184356e-06,2753.750262341339,1.3974029104491112e-06,2.7948058208982224e-08,"Method: equity_%, ATR: 1431226.45, Risk: 2753.75"
2024-01-04 22:00:00,GBPUSD,906506.4358770212,309.28022341368666,equity_%,9.820530718238949e-06,2753.3283123579918,2.2062722567049975e-06,4.412544513409995e-08,"Method: equity_%, ATR: 906506.44, Risk: 2753.33"
2024-01-04 23:00:00,GBPUSD,1372115.9561785662,255.53987431138478,equity_%,7.873774208996646e-06,2760.784119972289,1.457602756526593e-06,2.9152055130531863e-08,"Method: equity_%, ATR: 1372115.96, Risk: 2760.78"
2024-01-05 00:00:00,GBPUSD,1236785.9279183927,265.4851052427085,equity_%,8.413545107728344e-06,2762.5727470968695,1.6170947250072262e-06,3.2341894500144525e-08,"Method: equity_%, ATR: 1236785.93, Risk: 2762.57"
2024-01-05 01:00:00,GBPUSD,3164173.8034363356,402.6458355831964,equity_%,2.170447178800898e-06,2765.2395731905212,6.320765306343073e-07,1.2641530612686146e-08,"Method: equity_%, ATR: 3164173.80, Risk: 2765.24"
2024-01-05 02:00:00,GBPUSD,2692438.647993454,587.0191588207537,equity_%,1.751148146386151e-06,2767.712533432762,7.42821011535585e-07,1.4856420230711697e-08,"Method: equity_%, ATR: 2692438.65, Risk: 2767.71"
2024-01-05 03:00:00,GBPUSD,2546711.4856705246,785.903659777412,equity_%,1.3823716809461714e-06,2766.77527821176,7.853264931081972e-07,1.5706529862163942e-08,"Method: equity_%, ATR: 2546711.49, Risk: 2766.78"
2024-01-05 04:00:00,GBPUSD,2457779.929668599,861.9595329891733,equity_%,1.30678253594957e-06,2768.4277412817028,8.137425063397255e-07,1.6274850126794513e-08,"Method: equity_%, ATR: 2457779.93, Risk: 2768.43"
2024-01-05 05:00:00,GBPUSD,1564871.882789654,951.5968031740703,equity_%,1.859452459413295e-06,2768.9610132180683,1.2780598987021578e-06,2.5561197974043155e-08,"Method: equity_%, ATR: 1564871.88, Risk: 2768.96"
2024-01-05 06:00:00,GBPUSD,9660908.582660368,1481.3228242317412,equity_%,1.9351933499792818e-07,2769.440570444562,2.070198659771658e-07,4.140397319543316e-09,"Method: equity_%, ATR: 9660908.58, Risk: 2769.44"
2024-01-05 07:00:00,GBPUSD,578047.7016037366,1524.26316650491,equity_%,3.1459555690485516e-06,2771.8914478676184,3.459922069495642e-06,6.919844138991284e-08,"Method: equity_%, ATR: 578047.70, Risk: 2771.89"
2024-01-05 08:00:00,GBPUSD,1255774.24054052,1513.7812310028808,equity_%,1.4574918058065497e-06,2770.6445189479123,1.5926429571760802e-06,3.1852859143521605e-08,"Method: equity_%, ATR: 1255774.24, Risk: 2770.64"
2024-01-05 09:00:00,GBPUSD,2412939.6084069028,1509.9598453655192,equity_%,7.598666908941836e-07,2768.530153685501,8.288645074380713e-07,1.6577290148761425e-08,"Method: equity_%, ATR: 2412939.61, Risk: 2768.53"
2024-01-05 10:00:00,GBPUSD,837267.4790572341,1463.4606730134299,equity_%,2.2619115068566065e-06,2771.538328866717,2.388722899224518e-06,4.777445798449036e-08,"Method: equity_%, ATR: 837267.48, Risk: 2771.54"
2024-01-05 11:00:00,GBPUSD,3198889.654788711,1335.480153308158,equity_%,6.487379902869457e-07,2771.443497088831,6.252169395733976e-07,1.250433879146795e-08,"Method: equity_%, ATR: 3198889.65, Risk: 2771.44"
2024-01-05 12:00:00,GBPUSD,1403602.213637289,1310.326127338722,equity_%,1.5071463883189406e-06,2771.908449928001,1.424905133782319e-06,2.849810267564638e-08,"Method: equity_%, ATR: 1403602.21, Risk: 2771.91"
2024-01-05 13:00:00,GBPUSD,2076963.458297821,1240.7976323221749,equity_%,1.0739324663150133e-06,2767.622060269971,9.629442405496646e-07,1.925888481099329e-08,"Method: equity_%, ATR: 2076963.46, Risk: 2767.62"
2024-01-05 14:00:00,GBPUSD,3393050.667560118,1003.6882298850912,equity_%,8.139651698358409e-07,2772.0113086165006,5.894400632213855e-07,1.178880126442771e-08,"Method: equity_%, ATR: 3393050.67, Risk: 2772.01"
2024-01-05 15:00:00,GBPUSD,1410754.7196632435,888.0898098668246,equity_%,2.214968906945959e-06,2775.0833572522474,1.4176808853614277e-06,2.8353617707228555e-08,"Method: equity_%, ATR: 1410754.72, Risk: 2775.08"
2024-01-05 16:00:00,GBPUSD,4376935.515862816,641.9279476445514,equity_%,9.889774993717884e-07,2778.7075636081827,4.569407049182318e-07,9.138814098364636e-09,"Method: equity_%, ATR: 4376935.52, Risk: 2778.71"
2024-01-05 17:00:00,GBPUSD,2282512.863850734,665.6842149374957,equity_%,1.8305314786012646e-06,2781.369540469376,8.762272632391136e-07,1.7524545264782275e-08,"Method: equity_%, ATR: 2282512.86, Risk: 2781.37"
2024-01-05 18:00:00,GBPUSD,1218754.2230892677,637.7187418983364,equity_%,3.574680341769437e-06,2778.321669608305,1.6410199547292234e-06,3.282039909458447e-08,"Method: equity_%, ATR: 1218754.22, Risk: 2778.32"
2024-01-05 19:00:00,GBPUSD,2231704.9371060203,750.80614428794,equity_%,1.659432764818402e-06,2780.5086665023427,8.961758190997752e-07,1.7923516381995504e-08,"Method: equity_%, ATR: 2231704.94, Risk: 2780.51"
2024-01-05 20:00:00,GBPUSD,2338974.8030296825,738.0571985956848,equity_%,1.6104882061772294e-06,2780.181265995308,8.550754789702706e-07,1.7101509579405412e-08,"Method: equity_%, ATR: 2338974.80, Risk: 2780.18"
2024-01-05 21:00:00,GBPUSD,4640429.128650453,680.3477055221256,equity_%,8.801710496005045e-07,2778.7926946796074,4.3099462238347935e-07,8.619892447669587e-09,"Method: equity_%, ATR: 4640429.13, Risk: 2778.79"
2024-01-05 22:00:00,GBPUSD,1443396.301714422,662.3904718431274,equity_%,2.909545277544691e-06,2781.7928394039445,1.3856208427473877e-06,2.7712416854947753e-08,"Method: equity_%, ATR: 1443396.30, Risk: 2781.79"
2024-01-05 23:00:00,GBPUSD,2409746.5390488696,706.8209027881115,equity_%,1.6370193840748817e-06,2788.268366154203,8.299628062914047e-07,1.6599256125828095e-08,"Method: equity_%, ATR: 2409746.54, Risk: 2788.27"
2024-01-06 00:00:00,GBPUSD,1454081.3996490932,755.2670750805682,equity_%,2.544343463900224e-06,2794.248384411072,1.375438816893367e-06,2.7508776337867337e-08,"Method: equity_%, ATR: 1454081.40, Risk: 2794.25"
2024-01-06 01:00:00,GBPUSD,4307896.261520076,535.0273883837231,equity_%,1.213798702593221e-06,2797.614819466604,4.642637330580203e-07,9.285274661160406e-09,"Method: equity_%, ATR: 4307896.26, Risk: 2797.61"
2024-01-06 02:00:00,GBPUSD,2592125.1962481444,540.9905259657702,equity_%,1.9960021743375643e-06,2799.0241349882263,7.715676707648268e-07,1.5431353415296536e-08,"Method: equity_%, ATR: 2592125.20, Risk: 2799.02"
2024-01-06 03:00:00,GBPUSD,1224541.6957767406,535.8260094268901,equity_%,4.267186884498354e-06,2799.877508025469,1.6332641076230385e-06,3.266528215246077e-08,"Method: equity_%, ATR: 1224541.70, Risk: 2799.88"
2024-01-06 04:00:00,GBPUSD,2287331.9401646107,446.2008234800065,equity_%,2.7421499451472022e-06,2798.6639972661396,8.743811796096669e-07,1.7487623592193337e-08,"Method: equity_%, ATR: 2287331.94, Risk: 2798.66"
2024-01-06 05:00:00,GBPUSD,1732629.6868127633,368.99987811363906,equity_%,4.378506225942504e-06,2799.3547977150197,1.1543147478207386e-06,2.3086294956414772e-08,"Method: equity_%, ATR: 1732629.69, Risk: 2799.35"
2024-01-06 06:00:00,GBPUSD,1388700.1796547254,280.55879729333304,equity_%,7.195825575023253e-06,2803.580369593784,1.440195680321193e-06,2.8803913606423858e-08,"Method: equity_%, ATR: 1388700.18, Risk: 2803.58"
2024-01-06 07:00:00,GBPUSD,2079606.2675792442,275.99587508835145,equity_%,4.8967459628041465e-06,2810.549786989859,9.617205098771365e-07,1.9234410197542735e-08,"Method: equity_%, ATR: 2079606.27, Risk: 2810.55"
2024-01-06 08:00:00,GBPUSD,1613258.0937867726,328.8836357273767,equity_%,5.2953958382802075e-06,2809.6003430689666,1.2397272375094272e-06,2.4794544750188545e-08,"Method: equity_%, ATR: 1613258.09, Risk: 2809.60"
2024-01-06 09:00:00,GBPUSD,1669933.8498996159,302.1267345902421,equity_%,5.559839984604045e-06,2805.1153026149514,1.1976522304283042e-06,2.395304460856608e-08,"Method: equity_%, ATR: 1669933.85, Risk: 2805.12"
2024-01-06 10:00:00,GBPUSD,3182413.3911153832,522.0861806855851,equity_%,1.6882532176492169e-06,2805.0226806266146,6.284538663592769e-07,1.2569077327185537e-08,"Method: equity_%, ATR: 3182413.39, Risk: 2805.02"
2024-01-06 11:00:00,GBPUSD,3251063.005101348,609.0485867708533,equity_%,1.4187656789997514e-06,2809.234542965228,6.151834021247006e-07,1.2303668042494012e-08,"Method: equity_%, ATR: 3251063.01, Risk: 2809.23"
2024-01-06 12:00:00,GBPUSD,1098499.993780788,586.0769860344571,equity_%,4.375469125664655e-06,2816.951374837205,1.8206645528658163e-06,3.6413291057316324e-08,"Method: equity_%, ATR: 1098499.99, Risk: 2816.95"
2024-01-06 13:00:00,GBPUSD,1897393.08179825,504.0048098807038,equity_%,2.951370436653935e-06,2822.3814984571754,1.0540778393186214e-06,2.108155678637243e-08,"Method: equity_%, ATR: 1897393.08, Risk: 2822.38"
2024-01-06 14:00:00,GBPUSD,2740008.85305253,357.3426794942267,equity_%,2.8880334112920856e-06,2827.7373540943104,7.29924648882752e-07,1.459849297765504e-08,"Method: equity_%, ATR: 2740008.85, Risk: 2827.74"
2024-01-06 15:00:00,GBPUSD,1719704.4014963682,486.42750113837155,equity_%,3.3791389876936086e-06,2826.6886730332867,1.1629905687627117e-06,2.3259811375254234e-08,"Method: equity_%, ATR: 1719704.40, Risk: 2826.69"
2024-01-06 16:00:00,GBPUSD,1742532.6662344907,634.3505336087771,equity_%,2.556345676580985e-06,2825.7245049126395,1.1477546669594903e-06,2.2955093339189803e-08,"Method: equity_%, ATR: 1742532.67, Risk: 2825.72"
2024-01-06 17:00:00,GBPUSD,1058814.0962637386,576.6054533766552,equity_%,4.624356954516001e-06,2823.253076000841,1.8889057173090587e-06,3.7778114346181174e-08,"Method: equity_%, ATR: 1058814.10, Risk: 2823.25"
2024-01-06 18:00:00,GBPUSD,3286454.5222114497,731.8822934137024,equity_%,1.1735580314509773e-06,2822.7566367924646,6.085585504022748e-07,1.2171171008045495e-08,"Method: equity_%, ATR: 3286454.52, Risk: 2822.76"
2024-01-06 19:00:00,GBPUSD,2571486.8255184204,589.3002952318503,equity_%,1.8655405000495043e-06,2826.9989301426976,7.777601581127264e-07,1.555520316225453e-08,"Method: equity_%, ATR: 2571486.83, Risk: 2827.00"
2024-01-06 20:00:00,GBPUSD,1201892.2666061802,539.2640310574525,equity_%,4.371562212247531e-06,2833.3723917035027,1.6640426563750681e-06,3.328085312750136e-08,"Method: equity_%, ATR: 1201892.27, Risk: 2833.37"
2024-01-06 21:00:00,GBPUSD,3821208.1231432585,741.9688160288425,equity_%,1.0002439589364176e-06,2835.9089435173514,5.233946792604522e-07,1.0467893585209044e-08,"Method: equity_%, ATR: 3821208.12, Risk: 2835.91"
2024-01-06 22:00:00,GBPUSD,1593798.2622239122,801.5669090915131,equity_%,2.220402163882398e-06,2836.6435806373215,1.2548639607683425e-06,2.509727921536685e-08,"Method: equity_%, ATR: 1593798.26, Risk: 2836.64"
2024-01-06 23:00:00,GBPUSD,1874702.0574241253,754.3625523282303,equity_%,2.004619802831926e-06,2834.9434061843012,1.0668361898252976e-06,2.1336723796505952e-08,"Method: equity_%, ATR: 1874702.06, Risk: 2834.94"
2024-01-07 00:00:00,GBPUSD,3318017.092381818,708.8987796082844,equity_%,1.2057564386807592e-06,2836.1058607162613,6.027696495572638e-07,1.2055392991145277e-08,"Method: equity_%, ATR: 3318017.09, Risk: 2836.11"
2024-01-07 01:00:00,GBPUSD,1212645.8123868224,716.2300686531803,equity_%,3.267825118847428e-06,2838.215239699213,1.6492861968190423e-06,3.2985723936380844e-08,"Method: equity_%, ATR: 1212645.81, Risk: 2838.22"
2024-01-07 02:00:00,GBPUSD,1259576.518275046,762.1556575849535,equity_%,2.9534850066383103e-06,2835.3260234808936,1.5878352533428797e-06,3.1756705066857594e-08,"Method: equity_%, ATR: 1259576.52, Risk: 2835.33"
2024-01-07 03:00:00,GBPUSD,1126326.697206672,802.9904106098395,equity_%,3.1396480608793907e-06,2839.5904422664134,1.775683738084223e-06,3.5513674761684456e-08,"Method: equity_%, ATR: 1126326.70, Risk: 2839.59"
2024-01-07 04:00:00,GBPUSD,2773254.4527988387,722.2535429385979,equity_%,1.4177877342899036e-06,2839.8187002774876,7.2117435815583e-07,1.4423487163116603e-08,"Method: equity_%, ATR: 2773254.45, Risk: 2839.82"
2024-01-07 05:00:00,GBPUSD,964630.6180846818,751.4142670891582,equity_%,3.923505737401623e-06,2843.902947800791,2.0733324886277105e-06,4.146664977255421e-08,"Method: equity_%, ATR: 964630.62, Risk: 2843.90"
2024-01-07 06:00:00,GBPUSD,1482342.602558947,680.3792632589918,equity_%,2.8212340570785703e-06,2845.3701879146383,1.3492157592633637e-06,2.698431518526727e-08,"Method: equity_%, ATR: 1482342.60, Risk: 2845.37"
2024-01-07 07:00:00,GBPUSD,2677946.838572683,450.0578953034674,equity_%,2.3628346428269453e-06,2847.7618379933006,7.468408152067644e-07,1.4936816304135287e-08,"Method: equity_%, ATR: 2677946.84, Risk: 2847.76"
2024-01-07 08:00:00,GBPUSD,301676.09067402565,465.51493098349204,equity_%,2.0273874569855444e-05,2847.1559903630564,6.629627145894993e-06,1.3259254291789986e-07,"Method: equity_%, ATR: 301676.09, Risk: 2847.16"
2024-01-07 09:00:00,GBPUSD,1690619.0086664606,343.32617900209084,equity_%,4.906024285957666e-06,2847.62214450561,1.182998647091739e-06,2.3659972941834783e-08,"Method: equity_%, ATR: 1690619.01, Risk: 2847.62"
2024-01-07 10:00:00,GBPUSD,1767436.4498510787,339.8658992759703,equity_%,4.746277994319664e-06,2851.048270875696,1.131582411445977e-06,2.2631648228919535e-08,"Method: equity_%, ATR: 1767436.45, Risk: 2851.05"
2024-01-07 11:00:00,GBPUSD,1433736.770593739,286.22527340147326,equity_%,6.950171715268147e-06,2852.1537761714803,1.3949562018778106e-06,2.789912403755621e-08,"Method: equity_%, ATR: 1433736.77, Risk: 2852.15"
2024-01-07 12:00:00,GBPUSD,682414.5479274193,280.7174884714239,equity_%,1.4879171396671638e-05,2850.338854124389,2.930769875985582e-06,5.8615397519711646e-08,"Method: equity_%, ATR: 682414.55, Risk: 2850.34"
2024-01-07 13:00:00,GBPUSD,1689883.3268860287,170.31102334856604,equity_%,9.910064304341877e-06,2852.173576289546,1.1835136593041766e-06,2.3670273186083537e-08,"Method: equity_%, ATR: 1689883.33, Risk: 2852.17"
2024-01-07 14:00:00,GBPUSD,5718854.727254804,454.63946595185035,equity_%,1.0980045655459289e-06,2854.830601340061,3.497203715402037e-07,6.994407430804075e-09,"Method: equity_%, ATR: 5718854.73, Risk: 2854.83"
2024-01-07 15:00:00,GBPUSD,1271927.908228932,457.41525505708086,equity_%,4.916557338882809e-06,2860.449266917077,1.5724161621587938e-06,3.144832324317588e-08,"Method: equity_%, ATR: 1271927.91, Risk: 2860.45"
2024-01-07 16:00:00,GBPUSD,1466694.6386164478,432.3949489778178,equity_%,4.518205603439575e-06,2865.406926723055,1.3636103571542512e-06,2.7272207143085025e-08,"Method: equity_%, ATR: 1466694.64, Risk: 2865.41"
2024-01-07 17:00:00,GBPUSD,1268180.8711550094,361.1357905820295,equity_%,6.259396881910073e-06,2866.7130200839933,1.5770621095857396e-06,3.154124219171479e-08,"Method: equity_%, ATR: 1268180.87, Risk: 2866.71"
2024-01-07 18:00:00,GBPUSD,1941326.2887036148,371.8658541856379,equity_%,3.970798668224429e-06,2866.5710145900007,1.0302235186520687e-06,2.0604470373041375e-08,"Method: equity_%, ATR: 1941326.29, Risk: 2866.57"
2024-01-07 19:00:00,GBPUSD,1140074.7888294007,337.9167867081535,equity_%,7.442915157410065e-06,2867.386110391916,1.7542708773110826e-06,3.5085417546221653e-08,"Method: equity_%, ATR: 1140074.79, Risk: 2867.39"
2024-01-07 20:00:00,GBPUSD,527869.8050615719,338.08379567880615,equity_%,1.606660871445873e-05,2867.3149098697822,3.788813038409567e-06,7.577626076819134e-08,"Method: equity_%, ATR: 527869.81, Risk: 2867.31"
2024-01-07 21:00:00,GBPUSD,2090870.598466862,290.5748769433299,equity_%,4.719698904621371e-06,2867.474151708338,9.565393484735527e-07,1.9130786969471056e-08,"Method: equity_%, ATR: 2090870.60, Risk: 2867.47"
2024-01-07 22:00:00,GBPUSD,2656903.903065505,389.36707842011924,equity_%,2.776286956724537e-06,2872.0991470761855,7.527558665905919e-07,1.505511733181184e-08,"Method: equity_%, ATR: 2656903.90, Risk: 2872.10"
2024-01-07 23:00:00,GBPUSD,4496166.279918417,535.0828623784171,equity_%,1.195981756294038e-06,2877.3186501540677,4.4482340631679e-07,8.8964681263358e-09,"Method: equity_%, ATR: 4496166.28, Risk: 2877.32"
2024-01-08 00:00:00,GBPUSD,2780163.9254289363,453.0830050310651,equity_%,2.2844388473180487e-06,2877.5820307965746,7.193820413634174e-07,1.4387640827268347e-08,"Method: equity_%, ATR: 2780163.93, Risk: 2877.58"
2024-01-08 01:00:00,GBPUSD,5744505.634878199,201.5128422772176,equity_%,2.4858039808829497e-06,2877.545951598332,3.481587671977984e-07,6.963175343955967e-09,"Method: equity_%, ATR: 5744505.63, Risk: 2877.55"
2024-01-08 02:00:00,GBPUSD,2190370.9009831063,106.51147914315862,equity_%,1.2335144247862407e-05,2877.7847683246564,9.130873675788599e-07,1.82617473515772e-08,"Method: equity_%, ATR: 2190370.90, Risk: 2877.78"
2024-01-08 03:00:00,GBPUSD,2063974.6744609585,164.40241860295546,equity_%,8.468313370509806e-06,2873.4886574743978,9.690041378644016e-07,1.938008275728803e-08,"Method: equity_%, ATR: 2063974.67, Risk: 2873.49"
2024-01-08 04:00:00,GBPUSD,5170749.337045343,75.94738527077516,equity_%,7.311801504403525e-06,2871.3802203987575,3.867911340569519e-07,7.735822681139038e-09,"Method: equity_%, ATR: 5170749.34, Risk: 2871.38"
2024-01-08 05:00:00,GBPUSD,3347407.349253027,245.7159174840087,equity_%,3.4926896117982097e-06,2872.7765613809415,5.974773283706567e-07,1.1949546567413133e-08,"Method: equity_%, ATR: 3347407.35, Risk: 2872.78"
2024-01-08 06:00:00,GBPUSD,1859716.951983472,192.1391264665287,equity_%,8.047069979017846e-06,2875.4143766022735,1.0754324725958482e-06,2.1508649451916967e-08,"Method: equity_%, ATR: 1859716.95, Risk: 2875.41"
2024-01-08 07:00:00,GBPUSD,892090.8998161522,129.99417512598728,equity_%,2.4820831023780656e-05,2878.387895775921,2.2419240017045046e-06,4.48384800340901e-08,"Method: equity_%, ATR: 892090.90, Risk: 2878.39"
2024-01-08 08:00:00,GBPUSD,2759784.3372718906,244.33644860016545,equity_%,4.267356584636032e-06,2877.5464125103094,7.246943078085026e-07,1.4493886156170051e-08,"Method: equity_%, ATR: 2759784.34, Risk: 2877.55"
2024-01-08 09:00:00,GBPUSD,2151393.25364238,154.57339252292547,equity_%,8.653101960152764e-06,2877.573082066852,9.296301346180825e-07,1.8592602692361646e-08,"Method: equity_%, ATR: 2151393.25, Risk: 2877.57"
2024-01-08 10:00:00,GBPUSD,1611297.3888255816,153.01135824903,equity_%,1.1674313141411198e-05,2878.2645706469334,1.2412357978546283e-06,2.482471595709256e-08,"Method: equity_%, ATR: 1611297.39, Risk: 2878.26"
2024-01-08 11:00:00,GBPUSD,1881382.062373431,172.2942570139893,equity_%,8.88048566988723e-06,2878.6211929504266,1.0630482983753596e-06,2.126096596750719e-08,"Method: equity_%, ATR: 1881382.06, Risk: 2878.62"
2024-01-08 12:00:00,GBPUSD,1663907.7843343068,83.00834997584754,equity_%,2.0867520847286723e-05,2882.185246112421,1.2019896888697808e-06,2.403979377739562e-08,"Method: equity_%, ATR: 1663907.78, Risk: 2882.19"
2024-01-08 13:00:00,GBPUSD,1206492.2821963856,51.6236904152499,equity_%,4.6236271836902464e-05,2879.760723782535,1.6576981299532688e-06,3.315396259906538e-08,"Method: equity_%, ATR: 1206492.28, Risk: 2879.76"
2024-01-08 14:00:00,GBPUSD,1945242.5711441531,-25.46089994211708,equity_%,-5.810520394879205e-05,2877.8128369674064,1.028149409059889e-06,2.056298818119778e-08,"Method: equity_%, ATR: 1945242.57, Risk: 2877.81"
2024-01-08 15:00:00,GBPUSD,3465178.1733358633,-135.04168109251594,equity_%,-6.151207610216898e-06,2878.4175310804644,5.771708985672841e-07,1.1543417971345681e-08,"Method: equity_%, ATR: 3465178.17, Risk: 2878.42"
2024-01-08 16:00:00,GBPUSD,1570796.9575472856,-161.53722604874778,equity_%,-1.1333632759094861e-05,2875.8207199704516,1.273239033466739e-06,2.5464780669334785e-08,"Method: equity_%, ATR: 1570796.96, Risk: 2875.82"
2024-01-08 17:00:00,GBPUSD,2086355.2500660561,-279.9448944796701,equity_%,-4.9166133321347165e-06,2871.6193091335813,9.586095176920028e-07,1.917219035384006e-08,"Method: equity_%, ATR: 2086355.25, Risk: 2871.62"
2024-01-08 18:00:00,GBPUSD,4585960.59253726,-529.9760113028409,equity_%,-1.1802916894332427e-06,2868.638877654722,4.361136472159405e-07,8.722272944318811e-09,"Method: equity_%, ATR: 4585960.59, Risk: 2868.64"
2024-01-08 19:00:00,GBPUSD,1499308.993425667,-549.4609247450948,equity_%,-3.483090508387869e-06,2869.410733889376,1.3339478444869054e-06,2.6678956889738108e-08,"Method: equity_%, ATR: 1499308.99, Risk: 2869.41"
2024-01-08 20:00:00,GBPUSD,2706892.0845296085,-481.95618692814656,equity_%,-2.2020503349102814e-06,2872.8023263383525,7.388547225175219e-07,1.477709445035044e-08,"Method: equity_%, ATR: 2706892.08, Risk: 2872.80"
2024-01-08 21:00:00,GBPUSD,2828755.872455596,-604.3138797284033,equity_%,-1.682556141953196e-06,2876.256425941531,7.070246038106615e-07,1.4140492076213231e-08,"Method: equity_%, ATR: 2828755.87, Risk: 2876.26"
2024-01-08 22:00:00,GBPUSD,2223753.3839406357,-505.1764655957581,equity_%,-2.5659171126529333e-06,2882.520172239148,8.993803064869854e-07,1.798760612973971e-08,"Method: equity_%, ATR: 2223753.38, Risk: 2882.52"
2024-01-08 23:00:00,GBPUSD,2145021.322494832,-579.0549796603401,equity_%,-2.3221635567674456e-06,2884.3251675918605,9.323916639084219e-07,1.8647833278168438e-08,"Method: equity_%, ATR: 2145021.32, Risk: 2884.33"
2024-01-09 00:00:00,GBPUSD,4773713.001980496,-352.10034448313877,equity_%,-1.7173305161128229e-06,2886.5337691288473,4.1896108944342685e-07,8.379221788868536e-09,"Method: equity_%, ATR: 4773713.00, Risk: 2886.53"
2024-01-09 01:00:00,GBPUSD,4334732.209255537,-473.3139968661168,equity_%,-1.4072707640783134e-06,2887.282548017762,4.6138951691862123e-07,9.227790338372425e-09,"Method: equity_%, ATR: 4334732.21, Risk: 2887.28"
2024-01-09 02:00:00,GBPUSD,1477192.6455994418,-446.59001202779456,equity_%,-4.378019310613711e-06,2888.177068620554,1.353919548650612e-06,2.7078390973012235e-08,"Method: equity_%, ATR: 1477192.65, Risk: 2888.18"
2024-01-09 03:00:00,GBPUSD,5426236.153191116,-321.7049716102589,equity_%,-1.658937035800949e-06,2895.9187046153397,3.685796090580797e-07,7.371592181161595e-09,"Method: equity_%, ATR: 5426236.15, Risk: 2895.92"
2024-01-09 04:00:00,GBPUSD,1411208.8955631836,-252.8125210139776,equity_%,-8.123419493258583e-06,2898.202758927105,1.4172246265510126e-06,2.834449253102025e-08,"Method: equity_%, ATR: 1411208.90, Risk: 2898.20"
2024-01-09 05:00:00,GBPUSD,2625180.6009827205,-310.7925910096184,equity_%,-3.555331456962705e-06,2900.747581734387,7.618523461781305e-07,1.523704692356261e-08,"Method: equity_%, ATR: 2625180.60, Risk: 2900.75"
2024-01-09 06:00:00,GBPUSD,612983.3497873716,-323.8769836385696,equity_%,-1.460129321195202e-05,2898.8122388256365,3.262731362432193e-06,6.525462724864386e-08,"Method: equity_%, ATR: 612983.35, Risk: 2898.81"
2024-01-09 07:00:00,GBPUSD,3548255.158885571,-389.401297322312,equity_%,-2.0999881777389007e-06,2901.543505650352,5.636573218224126e-07,1.1273146436448253e-08,"Method: equity_%, ATR: 3548255.16, Risk: 2901.54"
2024-01-09 08:00:00,GBPUSD,3065521.431056003,-235.08340999481058,equity_%,-4.031090647917802e-06,2905.018501588322,6.52417556027669e-07,1.304835112055338e-08,"Method: equity_%, ATR: 3065521.43, Risk: 2905.02"
2024-01-09 09:00:00,GBPUSD,2283644.0447343495,-386.54154647146527,equity_%,-3.296445703717037e-06,2909.849431972136,8.757932325800167e-07,1.7515864651600333e-08,"Method: equity_%, ATR: 2283644.04, Risk: 2909.85"
2024-01-09 10:00:00,GBPUSD,197640.2146515369,-385.4294241622536,equity_%,-3.824335936040736e-05,2913.23968554684,1.0119398036104327e-05,2.023879607220865e-07,"Method: equity_%, ATR: 197640.21, Risk: 2913.24"
2024-01-09 11:00:00,GBPUSD,2065671.4329101846,-465.98101269140204,equity_%,-3.0277056710258364e-06,2914.3594708625888,9.68208190390829e-07,1.9364163807816575e-08,"Method: equity_%, ATR: 2065671.43, Risk: 2914.36"
2024-01-09 12:00:00,GBPUSD,1657178.474915188,-508.2291104570527,equity_%,-3.4614818546238303e-06,2915.351200923999,1.2068706118707927e-06,2.4137412237415856e-08,"Method: equity_%, ATR: 1657178.47, Risk: 2915.35"
2024-01-09 13:00:00,GBPUSD,2578888.438924365,-421.66077928350524,equity_%,-2.682170086659335e-06,2916.6349588876924,7.755279250599086e-07,1.5510558501198173e-08,"Method: equity_%, ATR: 2578888.44, Risk: 2916.63"
2024-01-09 14:00:00,GBPUSD,2063054.3373112108,-352.0616577832672,equity_%,-4.018128589897204e-06,2918.456520018375,9.694364146543083e-07,1.9388728293086167e-08,"Method: equity_%, ATR: 2063054.34, Risk: 2918.46"
2024-01-09 15:00:00,GBPUSD,6305391.158047455,-627.9728730661564,equity_%,-7.383949615607591e-07,2923.7594713407934,3.171888864416344e-07,6.343777728832689e-09,"Method: equity_%, ATR: 6305391.16, Risk: 2923.76"
2024-01-09 16:00:00,GBPUSD,3069951.0020949077,-817.2539267369764,equity_%,-1.1672218676283592e-06,2928.477389988397,6.514761957553125e-07,1.3029523915106249e-08,"Method: equity_%, ATR: 3069951.00, Risk: 2928.48"
2024-01-09 17:00:00,GBPUSD,1947638.293465461,-721.4330546046583,equity_%,-2.086866165389596e-06,2932.2361228495743,1.0268847181277026e-06,2.0537694362554053e-08,"Method: equity_%, ATR: 1947638.29, Risk: 2932.24"
2024-01-09 18:00:00,GBPUSD,4210046.179594418,-444.82981746264176,equity_%,-1.5697863346113856e-06,2939.823752790985,4.750541715418127e-07,9.501083430836253e-09,"Method: equity_%, ATR: 4210046.18, Risk: 2939.82"
2024-01-09 19:00:00,GBPUSD,3256236.972239161,-591.1666703097209,equity_%,-1.5238376056329442e-06,2933.3550376651547,6.142059122388424e-07,1.2284118244776846e-08,"Method: equity_%, ATR: 3256236.97, Risk: 2933.36"
2024-01-09 20:00:00,GBPUSD,1912305.336085547,-439.787960441687,equity_%,-3.4880427415927e-06,2933.4748619421766,1.045858086708037e-06,2.091716173416074e-08,"Method: equity_%, ATR: 1912305.34, Risk: 2933.47"
2024-01-09 21:00:00,GBPUSD,3411430.257644928,-369.0292445170012,equity_%,-2.3313211330453357e-06,2934.9410440848333,5.862643668350104e-07,1.1725287336700205e-08,"Method: equity_%, ATR: 3411430.26, Risk: 2934.94"
2024-01-09 22:00:00,GBPUSD,3403659.5830199583,-173.57510278808044,equity_%,-4.96694521631612e-06,2934.42435566295,5.876028290189537e-07,1.1752056580379074e-08,"Method: equity_%, ATR: 3403659.58, Risk: 2934.42"
2024-01-09 23:00:00,GBPUSD,2705253.386624576,-296.84707305496175,equity_%,-3.6525094399766606e-06,2933.135103488993,7.39302281216422e-07,1.478604562432844e-08,"Method: equity_%, ATR: 2705253.39, Risk: 2933.14"
2024-01-10 00:00:00,GBPUSD,2288392.6136511234,-256.29663845558673,equity_%,-4.9947945285929125e-06,2929.4836245679035,8.73975902591735e-07,1.74795180518347e-08,"Method: equity_%, ATR: 2288392.61, Risk: 2929.48"
2024-01-10 01:00:00,GBPUSD,1206157.2331528307,-173.40744845357773,equity_%,-1.40088764256804e-05,2930.0496387316507,1.6581586090331742e-06,3.3163172180663484e-08,"Method: equity_%, ATR: 1206157.23, Risk: 2930.05"
2024-01-10 02:00:00,GBPUSD,1884586.5631743907,-160.1166615490827,equity_%,-9.723929262148574e-06,2934.2317198931764,1.0612407193603288e-06,2.1224814387206573e-08,"Method: equity_%, ATR: 1884586.56, Risk: 2934.23"
2024-01-10 03:00:00,GBPUSD,1447140.123897515,-149.5747292746115,equity_%,-1.3573470189982513e-05,2938.053528920089,1.3820361739494122e-06,2.7640723478988245e-08,"Method: equity_%, ATR: 1447140.12, Risk: 2938.05"
2024-01-10 04:00:00,GBPUSD,1195757.496951983,-216.33586049536865,equity_%,-1.1354715430769004e-05,2937.2971392613667,1.672579937903841e-06,3.345159875807682e-08,"Method: equity_%, ATR: 1195757.50, Risk: 2937.30"
2024-01-10 05:00:00,GBPUSD,3926552.422114069,-329.113363100919,equity_%,-2.2746277034927356e-06,2939.4578744969617,5.093526801618997e-07,1.0187053603237995e-08,"Method: equity_%, ATR: 3926552.42, Risk: 2939.46"
2024-01-10 06:00:00,GBPUSD,2772813.5054781553,-298.3187631758872,equity_%,-3.5603163777380224e-06,2945.03067394261,7.212890430779664e-07,1.4425780861559326e-08,"Method: equity_%, ATR: 2772813.51, Risk: 2945.03"
2024-01-10 07:00:00,GBPUSD,2188340.260037698,-348.5078777369394,equity_%,-3.857543745875145e-06,2941.9704728065744,9.139346547348842e-07,1.8278693094697684e-08,"Method: equity_%, ATR: 2188340.26, Risk: 2941.97"
2024-01-10 08:00:00,GBPUSD,1868156.3615849137,-325.3059094665691,equity_%,-4.842662420608045e-06,2942.9939648654567,1.0705741987802522e-06,2.1411483975605045e-08,"Method: equity_%, ATR: 1868156.36, Risk: 2942.99"
2024-01-10 09:00:00,GBPUSD,1784757.9044585768,-350.5471514278436,equity_%,-4.707731255456442e-06,2945.3534537378837,1.1206001637553856e-06,2.241200327510771e-08,"Method: equity_%, ATR: 1784757.90, Risk: 2945.35"
2024-01-10 10:00:00,GBPUSD,2026224.0981116386,-239.02373149106634,equity_%,-6.084634125686902e-06,2946.8834997579943,9.870576516506349e-07,1.9741153033012702e-08,"Method: equity_%, ATR: 2026224.10, Risk: 2946.88"
2024-01-10 11:00:00,GBPUSD,1051659.524758042,-305.64551944008196,equity_%,-9.180503680528546e-06,2950.9353999400464,1.9017561795583462e-06,3.803512359116692e-08,"Method: equity_%, ATR: 1051659.52, Risk: 2950.94"
2024-01-10 12:00:00,GBPUSD,862900.0862465278,-274.01613263105287,equity_%,-1.2467583288917127e-05,2947.941921851061,2.3177654422305923e-06,4.635530884461185e-08,"Method: equity_%, ATR: 862900.09, Risk: 2947.94"
2024-01-10 13:00:00,GBPUSD,966142.6528184817,-257.7315518335715,equity_%,-1.1832771220968973e-05,2946.424465868669,2.0700876771825525e-06,4.140175354365105e-08,"Method: equity_%, ATR: 966142.65, Risk: 2946.42"
2024-01-10 14:00:00,GBPUSD,2861782.365286653,-152.8581162146472,equity_%,-6.743612079769752e-06,2949.970589896757,6.988651632842348e-07,1.3977303265684696e-08,"Method: equity_%, ATR: 2861782.37, Risk: 2949.97"
2024-01-10 15:00:00,GBPUSD,3237305.7402907223,-63.636077477306046,equity_%,-1.430208214413638e-05,2946.3639177134714,6.177976874746443e-07,1.2355953749492888e-08,"Method: equity_%, ATR: 3237305.74, Risk: 2946.36"
2024-01-10 16:00:00,GBPUSD,3521390.9358897796,222.47171183497534,equity_%,3.7659714740898377e-06,2950.299221236571,5.67957388546706e-07,1.1359147770934119e-08,"Method: equity_%, ATR: 3521390.94, Risk: 2950.30"
2024-01-10 17:00:00,GBPUSD,1599989.3612088477,187.18678481013342,equity_%,9.860365927537238e-06,2953.148675705267,1.2500083116108536e-06,2.5000166232217072e-08,"Method: equity_%, ATR: 1599989.36, Risk: 2953.15"
2024-01-10 18:00:00,GBPUSD,1890289.18026972,47.89824268738133,equity_%,3.265765928627217e-05,2956.8744349243834,1.0580391724585894e-06,2.116078344917179e-08,"Method: equity_%, ATR: 1890289.18, Risk: 2956.87"
2024-01-10 19:00:00,GBPUSD,2831728.7478037393,-43.97409309877166,equity_%,-2.3746405119727095e-05,2956.9665659661046,7.06282337794953e-07,1.4125646755899061e-08,"Method: equity_%, ATR: 2831728.75, Risk: 2956.97"
2024-01-10 20:00:00,GBPUSD,1562641.217805814,-101.47632749373832,equity_%,-1.8666681577592197e-05,2959.996081276245,1.2798843248281294e-06,2.5597686496562584e-08,"Method: equity_%, ATR: 1562641.22, Risk: 2960.00"
2024-01-10 21:00:00,GBPUSD,3506858.052102201,-161.39110318177936,equity_%,-5.2263361699746305e-06,2957.9792185657925,5.703110791157033e-07,1.1406221582314067e-08,"Method: equity_%, ATR: 3506858.05, Risk: 2957.98"
2024-01-10 22:00:00,GBPUSD,3576949.875752371,-388.4093486995482,equity_%,-2.1292675991530597e-06,2958.2357037383936,5.591355958208172e-07,1.1182711916416345e-08,"Method: equity_%, ATR: 3576949.88, Risk: 2958.24"
2024-01-10 23:00:00,GBPUSD,2320241.7377252663,-429.0311921670154,equity_%,-2.9733554131015217e-06,2959.844720559226,8.619791496211825e-07,1.723958299242365e-08,"Method: equity_%, ATR: 2320241.74, Risk: 2959.84"
2024-01-11 00:00:00,GBPUSD,12278961.716101386,250.68041489982687,equity_%,9.611945905488831e-07,2958.6484722855553,1.6288022116539403e-07,3.2576044233078806e-09,"Method: equity_%, ATR: 12278961.72, Risk: 2958.65"
2024-01-11 01:00:00,GBPUSD,1056228.0511051323,284.55295711885674,equity_%,9.851189680591796e-06,2960.802792889658,1.8935304718591767e-06,3.7870609437183535e-08,"Method: equity_%, ATR: 1056228.05, Risk: 2960.80"
2024-01-11 02:00:00,GBPUSD,496765.3946357996,312.3647995939307,equity_%,1.9068322466452078e-05,2958.870171203278,4.0260453356786e-06,8.052090671357201e-08,"Method: equity_%, ATR: 496765.39, Risk: 2958.87"
2024-01-11 03:00:00,GBPUSD,2305583.770427792,412.2724553484537,equity_%,3.11529381444806e-06,2961.176123632783,8.674592637459919e-07,1.7349185274919837e-08,"Method: equity_%, ATR: 2305583.77, Risk: 2961.18"
2024-01-11 04:00:00,GBPUSD,1824752.651984794,371.88507180821637,equity_%,4.373576829342855e-06,2967.9016745459444,1.0960389605816372e-06,2.1920779211632744e-08,"Method: equity_%, ATR: 1824752.65, Risk: 2967.90"
2024-01-11 05:00:00,GBPUSD,2059944.587403839,484.06988131315256,equity_%,2.9740866134823963e-06,2965.631677630093,9.708999029535124e-07,1.9417998059070246e-08,"Method: equity_%, ATR: 2059944.59, Risk: 2965.63"
2024-01-11 06:00:00,GBPUSD,1471089.01946456,443.7904570171626,equity_%,4.5447500258121525e-06,2967.0639972812646,1.359537032455011e-06,2.7190740649100222e-08,"Method: equity_%, ATR: 1471089.02, Risk: 2967.06"
2024-01-11 07:00:00,GBPUSD,2093789.383160843,603.2879810320885,equity_%,2.3462703678092795e-06,2963.710114107129,9.552059133000014e-07,1.9104118266000028e-08,"Method: equity_%, ATR: 2093789.38, Risk: 2963.71"
2024-01-11 08:00:00,GBPUSD,4463499.462761695,805.2566409784304,equity_%,8.242890391252827e-07,2962.711252052858,4.480789158116181e-07,8.961578316232361e-09,"Method: equity_%, ATR: 4463499.46, Risk: 2962.71"
2024-01-11 09:00:00,GBPUSD,4852726.421993612,671.3524920933293,equity_%,9.105025401851757e-07,2966.317099568076,4.121394502965518e-07,8.242789005931036e-09,"Method: equity_%, ATR: 4852726.42, Risk: 2966.32"
2024-01-11 10:00:00,GBPUSD,4352635.658630944,592.9067966047494,equity_%,1.1495008573141406e-06,2966.525213762706,4.594917095884542e-07,9.189834191769085e-09,"Method: equity_%, ATR: 4352635.66, Risk: 2966.53"
2024-01-11 11:00:00,GBPUSD,2062410.9115869305,622.7669059594216,equity_%,2.3125580233636558e-06,2970.252444179011,9.697388569676893e-07,1.9394777139353785e-08,"Method: equity_%, ATR: 2062410.91, Risk: 2970.25"
2024-01-11 12:00:00,GBPUSD,1689800.7751316198,701.5700265924436,equity_%,2.50762214586571e-06,2972.8200942550416,1.1835714774389418e-06,2.3671429548778838e-08,"Method: equity_%, ATR: 1689800.78, Risk: 2972.82"
2024-01-11 13:00:00,GBPUSD,1262457.8746784779,728.9668392585645,equity_%,3.2317277995470334e-06,2974.126539441021,1.584211275571756e-06,3.168422551143512e-08,"Method: equity_%, ATR: 1262457.87, Risk: 2974.13"
2024-01-11 14:00:00,GBPUSD,4527969.764376639,661.092109865816,equity_%,9.930290813667343e-07,2972.538301656851,4.416990625102679e-07,8.833981250205359e-09,"Method: equity_%, ATR: 4527969.76, Risk: 2972.54"
2024-01-11 15:00:00,GBPUSD,1359931.0525351837,696.6201148399768,equity_%,3.1414767877063836e-06,2976.0947663123434,1.4706627929935121e-06,2.9413255859870246e-08,"Method: equity_%, ATR: 1359931.05, Risk: 2976.09"
2024-01-11 16:00:00,GBPUSD,1931277.9626321162,707.8368607828505,equity_%,2.1788166718909256e-06,2978.507167497698,1.0355837112510845e-06,2.071167422502169e-08,"Method: equity_%, ATR: 1931277.96, Risk: 2978.51"
2024-01-11 17:00:00,GBPUSD,2870602.1897981246,830.4827638983355,equity_%,1.2480876543701353e-06,2975.42304627367,6.96717924590119e-07,1.393435849180238e-08,"Method: equity_%, ATR: 2870602.19, Risk: 2975.42"
2024-01-11 18:00:00,GBPUSD,734674.5402545515,839.526754219358,equity_%,4.821872658564975e-06,2974.02946949382,2.722293873566159e-06,5.444587747132318e-08,"Method: equity_%, ATR: 734674.54, Risk: 2974.03"
2024-01-11 19:00:00,GBPUSD,656629.9421557778,846.7569571546766,equity_%,5.336673585109079e-06,2967.222382849166,3.0458556206465575e-06,6.091711241293115e-08,"Method: equity_%, ATR: 656629.94, Risk: 2967.22"
2024-01-11 20:00:00,GBPUSD,1616019.8799125464,970.0686371488638,equity_%,1.8911269221152526e-06,2964.6255024303146,1.2376085374074935e-06,2.475217074814987e-08,"Method: equity_%, ATR: 1616019.88, Risk: 2964.63"
2024-01-11 21:00:00,GBPUSD,2742033.7576538157,774.7979075103204,equity_%,1.3956952899850896e-06,2965.185373647254,7.293856227763124e-07,1.4587712455526248e-08,"Method: equity_%, ATR: 2742033.76, Risk: 2965.19"
2024-01-11 22:00:00,GBPUSD,3475984.347835613,644.9137975195872,equity_%,1.321989666475086e-06,2963.5178067262104,5.753765839726343e-07,1.1507531679452684e-08,"Method: equity_%, ATR: 3475984.35, Risk: 2963.52"
2024-01-11 23:00:00,GBPUSD,3471947.9520583595,794.0860603887502,equity_%,1.0745358858543294e-06,2962.5228069380496,5.760455017231153e-07,1.1520910034462304e-08,"Method: equity_%, ATR: 3471947.95, Risk: 2962.52"
2024-01-12 00:00:00,GBPUSD,1151071.4790996907,825.67775908759,equity_%,3.123053894911662e-06,2968.1945174107773,1.7375115588514954e-06,3.475023117702991e-08,"Method: equity_%, ATR: 1151071.48, Risk: 2968.19"
2024-01-12 01:00:00,GBPUSD,1834210.265731716,713.9338059375646,equity_%,2.270156740391414e-06,2972.7809573828913,1.090387529372019e-06,2.180775058744038e-08,"Method: equity_%, ATR: 1834210.27, Risk: 2972.78"
2024-01-12 02:00:00,GBPUSD,3306560.32743473,581.1510920508625,equity_%,1.5467213334038868e-06,2972.1969528196096,6.048581613363833e-07,1.2097163226727666e-08,"Method: equity_%, ATR: 3306560.33, Risk: 2972.20"
2024-01-12 03:00:00,GBPUSD,6886203.252695246,956.4692173314452,equity_%,4.518490895077862e-07,2976.0775657228173,2.904358071651754e-07,5.808716143303507e-09,"Method: equity_%, ATR: 6886203.25, Risk: 2976.08"
2024-01-12 04:00:00,GBPUSD,2177509.078314438,811.8650802734867,equity_%,1.6863608373046453e-06,2981.2221842815297,9.184806712944481e-07,1.836961342588896e-08,"Method: equity_%, ATR: 2177509.08, Risk: 2981.22"
2024-01-12 05:00:00,GBPUSD,1808186.7748347553,962.5294810526592,equity_%,1.7148477970425633e-06,2984.577829756287,1.1060804269972462e-06,2.212160853994493e-08,"Method: equity_%, ATR: 1808186.77, Risk: 2984.58"
2024-01-12 06:00:00,GBPUSD,1621836.6041674109,895.1089960237329,equity_%,2.0575410633660277e-06,2986.9746122054125,1.2331698488373456e-06,2.466339697674691e-08,"Method: equity_%, ATR: 1621836.60, Risk: 2986.97"
2024-01-12 07:00:00,GBPUSD,1454420.160589924,961.9481779964809,equity_%,2.13838835090533e-06,2991.769581438568,1.3751184521457572e-06,2.7502369042915148e-08,"Method: equity_%, ATR: 1454420.16, Risk: 2991.77"
2024-01-12 08:00:00,GBPUSD,3188097.257540103,1073.2659613560136,equity_%,8.754709390203093e-07,2995.57813537844,6.273334338436011e-07,1.2546668676872024e-08,"Method: equity_%, ATR: 3188097.26, Risk: 2995.58"
2024-01-12 09:00:00,GBPUSD,5347674.135724414,1395.3632257533313,equity_%,4.011605173155259e-07,2993.438852587768,3.7399436638056734e-07,7.479887327611347e-09,"Method: equity_%, ATR: 5347674.14, Risk: 2993.44"
2024-01-12 10:00:00,GBPUSD,1527648.6013583827,1456.6168434816539,equity_%,1.3456650310888516e-06,2994.372055825951,1.3092016044930774e-06,2.6184032089861545e-08,"Method: equity_%, ATR: 1527648.60, Risk: 2994.37"
2024-01-12 11:00:00,GBPUSD,1605209.9088474642,1527.128276549701,equity_%,1.2214501695963703e-06,2994.215848582772,1.2459429691883686e-06,2.4918859383767372e-08,"Method: equity_%, ATR: 1605209.91, Risk: 2994.22"
2024-01-12 12:00:00,GBPUSD,529986.14704484,1545.7000326265247,equity_%,3.6611019482172888e-06,2999.173269034554,3.7736835408846797e-06,7.547367081769359e-08,"Method: equity_%, ATR: 529986.15, Risk: 2999.17"
2024-01-12 13:00:00,GBPUSD,2597460.835251727,1656.297942423295,equity_%,6.970744238832864e-07,2998.932002882197,7.699827357767165e-07,1.539965471553433e-08,"Method: equity_%, ATR: 2597460.84, Risk: 2998.93"
2024-01-12 14:00:00,GBPUSD,4335338.285445402,1385.447117781422,equity_%,4.991649684989635e-07,2998.1754479682677,4.613250151007592e-07,9.226500302015184e-09,"Method: equity_%, ATR: 4335338.29, Risk: 2998.18"
2024-01-12 15:00:00,GBPUSD,1317327.36836718,1416.0253713680925,equity_%,1.6097380908638253e-06,3002.755494191683,1.518225498099982e-06,3.036450996199964e-08,"Method: equity_%, ATR: 1317327.37, Risk: 3002.76"
2024-01-12 16:00:00,GBPUSD,496966.2467080957,1402.8645505776171,equity_%,4.310293359747688e-06,3005.034507239478,4.024418183826365e-06,8.048836367652731e-08,"Method: equity_%, ATR: 496966.25, Risk: 3005.03"
2024-01-12 17:00:00,GBPUSD,3462005.705603874,1220.348134088479,equity_%,7.118834070936689e-07,3007.6021807654256,5.776997989236827e-07,1.1553995978473653e-08,"Method: equity_%, ATR: 3462005.71, Risk: 3007.60"
2024-01-12 18:00:00,GBPUSD,1861100.2584897939,1248.308066606937,equity_%,1.2941120897705488e-06,3006.515456197006,1.0746331321359966e-06,2.1492662642719932e-08,"Method: equity_%, ATR: 1861100.26, Risk: 3006.52"
2024-01-12 19:00:00,GBPUSD,2448546.073321188,1193.0108278300893,equity_%,1.0292067181741496e-06,3006.4589484086086,8.168112586451014e-07,1.6336225172902027e-08,"Method: equity_%, ATR: 2448546.07, Risk: 3006.46"
2024-01-12 20:00:00,GBPUSD,711040.0170276534,1163.8092724460369,equity_%,3.638997455466941e-06,3011.3248516208923,2.8127812107686437e-06,5.625562421537287e-08,"Method: equity_%, ATR: 711040.02, Risk: 3011.32"
2024-01-12 21:00:00,GBPUSD,966857.5355285157,1174.2028663846108,equity_%,2.6504204162517416e-06,3008.9875505071095,2.0685570795150653e-06,4.1371141590301306e-08,"Method: equity_%, ATR: 966857.54, Risk: 3008.99"
2024-01-12 22:00:00,GBPUSD,151163.37101854014,1171.8075484027217,equity_%,1.701785187702799e-05,3014.446627580887,1.3230718437436147e-05,2.646143687487229e-07,"Method: equity_%, ATR: 151163.37, Risk: 3014.45"
2024-01-12 23:00:00,GBPUSD,2039189.5658516297,1317.4561011262476,equity_%,1.1211567213865388e-06,3012.03544450761,9.80781793655725e-07,1.9615635873114496e-08,"Method: equity_%, ATR: 2039189.57, Risk: 3012.04"
2024-01-13 00:00:00,GBPUSD,4521160.34237132,1476.5183554118876,equity_%,4.5124955128797054e-07,3012.3507798524265,4.423643154737159e-07,8.847286309474318e-09,"Method: equity_%, ATR: 4521160.34, Risk: 3012.35"
2024-01-13 01:00:00,GBPUSD,3089013.5373986075,1451.706715321446,equity_%,6.70850223006643e-07,3008.321626773031,6.474558870610477e-07,1.2949117741220953e-08,"Method: equity_%, ATR: 3089013.54, Risk: 3008.32"
2024-01-13 02:00:00,GBPUSD,822090.1223799933,1423.509266861374,equity_%,2.572056858181463e-06,3009.9570162929954,2.4328232946162845e-06,4.865646589232569e-08,"Method: equity_%, ATR: 822090.12, Risk: 3009.96"
2024-01-13 03:00:00,GBPUSD,1963606.404301347,1343.5796260268633,equity_%,1.1398977539966864e-06,3007.3484248248415,1.01853405836268e-06,2.03706811672536e-08,"Method: equity_%, ATR: 1963606.40, Risk: 3007.35"
2024-01-13 04:00:00,GBPUSD,4224873.387905518,1595.577766535208,equity_%,4.472001557582018e-07,3014.6272505358756,4.733869672225848e-07,9.467739344451697e-09,"Method: equity_%, ATR: 4224873.39, Risk: 3014.63"
2024-01-13 05:00:00,GBPUSD,894913.9058812057,1641.5023080632961,equity_%,2.0509909527840875e-06,3012.9123589974893,2.234851852067977e-06,4.469703704135954e-08,"Method: equity_%, ATR: 894913.91, Risk: 3012.91"
2024-01-13 06:00:00,GBPUSD,1802863.1627816663,1735.2716082503007,equity_%,9.627511382504146e-07,3011.9257879705465,1.1093465334962906e-06,2.218693066992581e-08,"Method: equity_%, ATR: 1802863.16, Risk: 3011.93"
2024-01-13 07:00:00,GBPUSD,3151156.5091313333,1640.9138119471877,equity_%,5.83090802274876e-07,3015.032065839455,6.346876120574955e-07,1.2693752241149913e-08,"Method: equity_%, ATR: 3151156.51, Risk: 3015.03"
2024-01-13 08:00:00,GBPUSD,3309955.4769183397,1891.888159001955,equity_%,4.81427279468265e-07,3014.7291929527646,6.042377349021188e-07,1.2084754698042378e-08,"Method: equity_%, ATR: 3309955.48, Risk: 3014.73"
2024-01-13 09:00:00,GBPUSD,2654683.5060301395,2017.7389349975674,equity_%,5.634934318089769e-07,3018.329053023822,7.533854771979334e-07,1.5067709543958672e-08,"Method: equity_%, ATR: 2654683.51, Risk: 3018.33"
2024-01-13 10:00:00,GBPUSD,1889457.484469583,1994.8660342441533,equity_%,8.006167691751344e-07,3017.6963824878244,1.0585048970082802e-06,2.1170097940165604e-08,"Method: equity_%, ATR: 1889457.48, Risk: 3017.70"
2024-01-13 11:00:00,GBPUSD,1470188.7624320171,1951.333332174728,equity_%,1.0515904667425332e-06,3016.8325296180165,1.3603695328833543e-06,2.7207390657667087e-08,"Method: equity_%, ATR: 1470188.76, Risk: 3016.83"
2024-01-13 12:00:00,GBPUSD,1124697.216313541,1960.070040385093,equity_%,1.369140374209111e-06,3018.2498534997753,1.77825637957518e-06,3.55651275915036e-08,"Method: equity_%, ATR: 1124697.22, Risk: 3018.25"
2024-01-13 13:00:00,GBPUSD,4080692.0132959452,1819.6884117279344,equity_%,4.061764637095094e-07,3016.099061978895,4.901129498338726e-07,9.802258996677453e-09,"Method: equity_%, ATR: 4080692.01, Risk: 3016.10"
2024-01-13 14:00:00,GBPUSD,1966385.9160805077,1736.348790894608,equity_%,8.841519603221013e-07,3018.7881610728978,1.0170943473733242e-06,2.0341886947466485e-08,"Method: equity_%, ATR: 1966385.92, Risk: 3018.79"
2024-01-13 15:00:00,GBPUSD,2344192.242886579,1857.5263770649651,equity_%,6.942221209730156e-07,3022.920056632507,8.531723479885125e-07,1.7063446959770252e-08,"Method: equity_%, ATR: 2344192.24, Risk: 3022.92"
2024-01-13 16:00:00,GBPUSD,2398988.266387844,1683.32855126731,equity_%,7.493474865238786e-07,3026.0790465524838,8.336847778798848e-07,1.66736955575977e-08,"Method: equity_%, ATR: 2398988.27, Risk: 3026.08"
2024-01-13 17:00:00,GBPUSD,2248314.122051534,1589.8395378661069,equity_%,8.475434062410668e-07,3029.5088891666187,8.895554141585194e-07,1.779110828317039e-08,"Method: equity_%, ATR: 2248314.12, Risk: 3029.51"
2024-01-13 18:00:00,GBPUSD,1234126.1821709622,1627.7319556952775,equity_%,1.5059708425023422e-06,3025.234323506723,1.6205798312144895e-06,3.241159662428979e-08,"Method: equity_%, ATR: 1234126.18, Risk: 3025.23"
2024-01-13 19:00:00,GBPUSD,4066766.243701736,1521.4683916607764,equity_%,4.889488079605593e-07,3025.3493802691455,4.917912366115046e-07,9.835824732230092e-09,"Method: equity_%, ATR: 4066766.24, Risk: 3025.35"
2024-01-13 20:00:00,GBPUSD,1526956.1316566842,1540.748027573938,equity_%,1.286278114508132e-06,3026.1681847722143,1.3097953232160523e-06,2.6195906464321043e-08,"Method: equity_%, ATR: 1526956.13, Risk: 3026.17"
2024-01-13 21:00:00,GBPUSD,2778149.3873223006,1644.0290710825388,equity_%,6.638479633259875e-07,3032.0315427876008,7.19903691690131e-07,1.439807383380262e-08,"Method: equity_%, ATR: 2778149.39, Risk: 3032.03"
2024-01-13 22:00:00,GBPUSD,8671208.303631036,1327.3278166813682,equity_%,2.634152779402345e-07,3031.787620622581,2.3064836294643132e-07,4.6129672589286256e-09,"Method: equity_%, ATR: 8671208.30, Risk: 3031.79"
2024-01-13 23:00:00,GBPUSD,1299890.1906697687,1399.154880839007,equity_%,1.663992432323921e-06,3026.38241714421,1.5385915013094296e-06,3.077183002618859e-08,"Method: equity_%, ATR: 1299890.19, Risk: 3026.38"
2024-01-14 00:00:00,GBPUSD,4558698.107567007,1153.2891342773692,equity_%,5.753442202873939e-07,3024.87050862322,4.387217474831662e-07,8.774434949663324e-09,"Method: equity_%, ATR: 4558698.11, Risk: 3024.87"
2024-01-14 01:00:00,GBPUSD,3089903.4415437165,1013.5492777318977,equity_%,9.657118840175211e-07,3024.3869289710565,6.472694172607542e-07,1.2945388345215083e-08,"Method: equity_%, ATR: 3089903.44, Risk: 3024.39"
2024-01-14 02:00:00,GBPUSD,1702572.9114390253,1013.6623049850632,equity_%,1.749541099773041e-06,3019.4174825692735,1.1746927174528974e-06,2.3493854349057948e-08,"Method: equity_%, ATR: 1702572.91, Risk: 3019.42"
2024-01-14 03:00:00,GBPUSD,1239061.498015899,976.7638072672953,equity_%,2.495533618658039e-06,3020.270536350333,1.6141248866199027e-06,3.2282497732398056e-08,"Method: equity_%, ATR: 1239061.50, Risk: 3020.27"
2024-01-14 04:00:00,GBPUSD,1089265.0895299006,944.8089583622926,equity_%,2.931612860700105e-06,3017.0617962537776,1.8361003388653073e-06,3.6722006777306146e-08,"Method: equity_%, ATR: 1089265.09, Risk: 3017.06"
2024-01-14 05:00:00,GBPUSD,681361.4124322339,967.5729722503032,equity_%,4.5806939805873e-06,3019.899860898474,2.935299774110577e-06,5.870599548221155e-08,"Method: equity_%, ATR: 681361.41, Risk: 3019.90"
2024-01-14 06:00:00,GBPUSD,2217172.293646868,832.4053751069696,equity_%,1.6353193242306569e-06,3018.1226707213846,9.020498793579742e-07,1.8040997587159485e-08,"Method: equity_%, ATR: 2217172.29, Risk: 3018.12"
2024-01-14 07:00:00,GBPUSD,2473314.6399028716,642.9550883302461,equity_%,1.9017017545697336e-06,3024.1436238232995,8.086314485562343e-07,1.6172628971124686e-08,"Method: equity_%, ATR: 2473314.64, Risk: 3024.14"
2024-01-14 08:00:00,GBPUSD,1101094.32249732,689.3822979179613,equity_%,3.984870302229636e-06,3024.815162729965,1.8163748183388422e-06,3.6327496366776844e-08,"Method: equity_%, ATR: 1101094.32, Risk: 3024.82"
2024-01-14 09:00:00,GBPUSD,1570419.0518327777,604.2423873765513,equity_%,3.1877268142204565e-06,3024.877827766209,1.2735454257676476e-06,2.5470908515352954e-08,"Method: equity_%, ATR: 1570419.05, Risk: 3024.88"
2024-01-14 10:00:00,GBPUSD,2587620.1799300336,719.1930449331059,equity_%,1.6270634794678364e-06,3027.9625911061785,7.729109610105443e-07,1.545821922021089e-08,"Method: equity_%, ATR: 2587620.18, Risk: 3027.96"
2024-01-14 11:00:00,GBPUSD,3011725.7221005205,555.5244030811189,equity_%,1.8088960390196832e-06,3026.440689652616,6.640710956259008e-07,1.3281421912518016e-08,"Method: equity_%, ATR: 3011725.72, Risk: 3026.44"
2024-01-14 12:00:00,GBPUSD,2559884.1466452945,439.64722221060634,equity_%,2.6919705185520527e-06,3029.667329074299,7.812853572381321e-07,1.5625707144762642e-08,"Method: equity_%, ATR: 2559884.15, Risk: 3029.67"
2024-01-14 13:00:00,GBPUSD,1007131.2790456773,473.5009303318333,equity_%,6.353249426022644e-06,3029.7223231997896,1.985838432001765e-06,3.971676864003531e-08,"Method: equity_%, ATR: 1007131.28, Risk: 3029.72"
2024-01-14 14:00:00,GBPUSD,2722657.48737025,328.13714930029414,equity_%,3.3908902372541625e-06,3029.438517659959,7.345764236880757e-07,1.4691528473761514e-08,"Method: equity_%, ATR: 2722657.49, Risk: 3029.44"
2024-01-14 15:00:00,GBPUSD,1596580.5591762592,287.113841909726,equity_%,6.611416471796994e-06,3030.6758115291072,1.2526771596366432e-06,2.5053543192732865e-08,"Method: equity_%, ATR: 1596580.56, Risk: 3030.68"
2024-01-14 16:00:00,GBPUSD,940637.8042530412,290.7763963497086,equity_%,1.10739952078244e-05,3028.906800221147,2.1262169040592584e-06,4.252433808118517e-08,"Method: equity_%, ATR: 940637.80, Risk: 3028.91"
2024-01-14 17:00:00,GBPUSD,2331110.2806755845,111.02116510442684,equity_%,1.1707124916630117e-05,3029.834125167387,8.579602675083975e-07,1.715920535016795e-08,"Method: equity_%, ATR: 2331110.28, Risk: 3029.83"
2024-01-14 18:00:00,GBPUSD,2571987.4610369015,4.429189811030909,equity_%,0.0002661868257706618,3032.3525803087546,7.776087676546044e-07,1.555217535309209e-08,"Method: equity_%, ATR: 2571987.46, Risk: 3032.35"
2024-01-14 19:00:00,GBPUSD,2702231.6897452767,99.92584243170556,equity_%,1.1209892654409897e-05,3026.9263561126013,7.401289858267218e-07,1.4802579716534436e-08,"Method: equity_%, ATR: 2702231.69, Risk: 3026.93"
2024-01-14 20:00:00,GBPUSD,11158510.803380975,692.2643145895277,equity_%,3.9247145972621785e-07,3031.7002787012143,1.7923538680394605e-07,3.584707736078921e-09,"Method: equity_%, ATR: 11158510.80, Risk: 3031.70"
2024-01-14 21:00:00,GBPUSD,3217902.307393563,876.778014772392,equity_%,1.075942184630524e-06,3035.648213091598,6.215229080773307e-07,1.2430458161546613e-08,"Method: equity_%, ATR: 3217902.31, Risk: 3035.65"
2024-01-14 22:00:00,GBPUSD,1112334.2725137684,928.8054885009993,equity_%,2.934334255251086e-06,3031.584481567899,1.7980206574775337e-06,3.5960413149550676e-08,"Method: equity_%, ATR: 1112334.27, Risk: 3031.58"
2024-01-14 23:00:00,GBPUSD,1906742.5084486785,1030.4110555594625,equity_%,1.540697908637206e-06,3027.053184680833,1.0489093263186311e-06,2.097818652637262e-08,"Method: equity_%, ATR: 1906742.51, Risk: 3027.05"
2024-01-15 00:00:00,GBPUSD,2425210.958850403,1036.5104633462965,equity_%,1.2057965291196705e-06,3031.078904557636,8.246705271973697e-07,1.6493410543947396e-08,"Method: equity_%, ATR: 2425210.96, Risk: 3031.08"
2024-01-15 01:00:00,GBPUSD,2280112.608458859,1101.5138491744965,equity_%,1.2083540077697108e-06,3034.8724612831843,8.771496603195453e-07,1.75429932063909e-08,"Method: equity_%, ATR: 2280112.61, Risk: 3034.87"
2024-01-15 02:00:00,GBPUSD,1244898.5074244412,1054.9338162428871,equity_%,2.3134661035781846e-06,3038.241565545158,1.6065566695374882e-06,3.213113339074976e-08,"Method: equity_%, ATR: 1244898.51, Risk: 3038.24"
2024-01-15 03:00:00,GBPUSD,5103727.516307599,1057.4835605171422,equity_%,5.624235839985945e-07,3035.460794134651,3.918704502953055e-07,7.83740900590611e-09,"Method: equity_%, ATR: 5103727.52, Risk: 3035.46"
2024-01-15 04:00:00,GBPUSD,739970.2361687833,1088.1895964558573,equity_%,3.7783671838420754e-06,3042.446720805882,2.7028114135442208e-06,5.405622827088441e-08,"Method: equity_%, ATR: 739970.24, Risk: 3042.45"
2024-01-15 05:00:00,GBPUSD,2120613.660329292,959.2104967848117,equity_%,1.4953342823478832e-06,3041.6817182054356,9.431232276837437e-07,1.8862464553674874e-08,"Method: equity_%, ATR: 2120613.66, Risk: 3041.68"
2024-01-15 06:00:00,GBPUSD,1880753.8176770129,845.192420332569,equity_%,1.9148857003826093e-06,3043.90014782849,1.0634033977239364e-06,2.1268067954478726e-08,"Method: equity_%, ATR: 1880753.82, Risk: 3043.90"
2024-01-15 07:00:00,GBPUSD,1432830.5018185142,850.9078980875372,equity_%,2.498473194485484e-06,3046.1554848940063,1.395838515066261e-06,2.7916770301325215e-08,"Method: equity_%, ATR: 1432830.50, Risk: 3046.16"
2024-01-15 08:00:00,GBPUSD,1736151.3508512327,788.2503536575306,equity_%,2.2304606466073186e-06,3052.4342783523985,1.1519732994588305e-06,2.303946598917661e-08,"Method: equity_%, ATR: 1736151.35, Risk: 3052.43"
2024-01-15 09:00:00,GBPUSD,2585964.674739623,952.8849340579236,equity_%,1.2395099987633141e-06,3054.3097802522298,7.73405769822195e-07,1.54681153964439e-08,"Method: equity_%, ATR: 2585964.67, Risk: 3054.31"
2024-01-15 10:00:00,GBPUSD,2896050.6173767364,879.1511103638429,equity_%,1.2006983185488168e-06,3057.0573043192535,6.90595664315983e-07,1.3811913286319662e-08,"Method: equity_%, ATR: 2896050.62, Risk: 3057.06"
2024-01-15 11:00:00,GBPUSD,1125088.8513335895,866.7559475672717,equity_%,3.1361737455209567e-06,3058.325926686891,1.7776373818204326e-06,3.555274763640866e-08,"Method: equity_%, ATR: 1125088.85, Risk: 3058.33"
2024-01-15 12:00:00,GBPUSD,628980.7646100303,846.0550850078246,equity_%,5.743159809651921e-06,3056.236128520756,3.1797474780329812e-06,6.359494956065961e-08,"Method: equity_%, ATR: 628980.76, Risk: 3056.24"
2024-01-15 13:00:00,GBPUSD,2172775.353403102,692.5171226844941,equity_%,2.02752197207656e-06,3050.7801467314453,9.204817225432473e-07,1.8409634450864947e-08,"Method: equity_%, ATR: 2172775.35, Risk: 3050.78"
2024-01-15 14:00:00,GBPUSD,1761509.3000373894,676.3392604671785,equity_%,2.5620568362821155e-06,3052.3778863558273,1.1353899749252238e-06,2.2707799498504475e-08,"Method: equity_%, ATR: 1761509.30, Risk: 3052.38"
2024-01-15 15:00:00,GBPUSD,2088122.3229201874,613.5689525624268,equity_%,2.3802872869218884e-06,3049.640797084283,9.577982946913999e-07,1.9155965893827995e-08,"Method: equity_%, ATR: 2088122.32, Risk: 3049.64"
2024-01-15 16:00:00,GBPUSD,2294660.2571603227,775.1140901632166,equity_%,1.716041271851323e-06,3052.1913287302245,8.71588721580523e-07,1.743177443161046e-08,"Method: equity_%, ATR: 2294660.26, Risk: 3052.19"
2024-01-15 17:00:00,GBPUSD,3338537.998840424,452.4087348328384,equity_%,2.0220937721613025e-06,3054.1375789917774,5.990646207096223e-07,1.1981292414192444e-08,"Method: equity_%, ATR: 3338538.00, Risk: 3054.14"
2024-01-15 18:00:00,GBPUSD,5519546.684716106,222.53307559446557,equity_%,2.488037459959552e-06,3056.01088007992,3.6234859749227184e-07,7.246971949845437e-09,"Method: equity_%, ATR: 5519546.68, Risk: 3056.01"
2024-01-15 19:00:00,GBPUSD,855268.0736864184,155.12110649701117,equity_%,2.302215357414151e-05,3054.3521062215327,2.3384480977753585e-06,4.676896195550718e-08,"Method: equity_%, ATR: 855268.07, Risk: 3054.35"
2024-01-15 20:00:00,GBPUSD,1277840.0093384837,73.88251249446438,equity_%,3.2400812961078726e-05,3058.961738450617,1.5651411642959642e-06,3.1302823285919286e-08,"Method: equity_%, ATR: 1277840.01, Risk: 3058.96"
2024-01-15 21:00:00,GBPUSD,6943975.277909847,-198.18808425079106,equity_%,-2.2248632308502494e-06,3061.886051742306,2.880194585891447e-07,5.760389171782894e-09,"Method: equity_%, ATR: 6943975.28, Risk: 3061.89"
2024-01-15 22:00:00,GBPUSD,2265237.29642193,-256.99670571028,equity_%,-5.256027065455352e-06,3059.8409523931123,8.829097080288731e-07,1.765819416057746e-08,"Method: equity_%, ATR: 2265237.30, Risk: 3059.84"
2024-01-15 23:00:00,GBPUSD,542580.0877273085,-253.65246688900396,equity_%,-2.2288878992789034e-05,3067.546595144879,3.686091777487356e-06,7.372183554974712e-08,"Method: equity_%, ATR: 542580.09, Risk: 3067.55"
2024-01-16 00:00:00,GBPUSD,2644778.446223222,-170.56774942686593,equity_%,-6.801861284931976e-06,3068.4142211921244,7.562070096480202e-07,1.5124140192960404e-08,"Method: equity_%, ATR: 2644778.45, Risk: 3068.41"
2024-01-16 01:00:00,GBPUSD,1437483.2484750173,-137.75153286613542,equity_%,-1.5483187110940962e-05,3065.911361690148,1.391320561211228e-06,2.7826411224224556e-08,"Method: equity_%, ATR: 1437483.25, Risk: 3065.91"
2024-01-16 02:00:00,GBPUSD,2486980.266237669,-180.66150969614512,equity_%,-6.822001615494351e-06,3065.1363057373624,8.041881261187576e-07,1.6083762522375152e-08,"Method: equity_%, ATR: 2486980.27, Risk: 3065.14"
2024-01-16 03:00:00,GBPUSD,3042796.984421288,-203.12014701022053,equity_%,-4.954442088390319e-06,3062.1096331526624,6.572899901767128e-07,1.3145799803534256e-08,"Method: equity_%, ATR: 3042796.98, Risk: 3062.11"
2024-01-16 04:00:00,GBPUSD,2764813.7470609765,-87.1108770110465,equity_%,-1.2737168935817684e-05,3067.6879139057232,7.233760328796178e-07,1.4467520657592354e-08,"Method: equity_%, ATR: 2764813.75, Risk: 3067.69"
2024-01-16 05:00:00,GBPUSD,1203183.381213222,-109.73800782282633,equity_%,-2.3269818496676208e-05,3072.429258886211,1.662257001907152e-06,3.324514003814304e-08,"Method: equity_%, ATR: 1203183.38, Risk: 3072.43"
2024-01-16 06:00:00,GBPUSD,2210021.949579774,-267.6780104925143,equity_%,-5.199934832946356e-06,3076.14769761042,9.049683874770075e-07,1.809936774954015e-08,"Method: equity_%, ATR: 2210021.95, Risk: 3076.15"
2024-01-16 07:00:00,GBPUSD,3431522.66106046,-459.12217433606975,equity_%,-1.9545060572171885e-06,3079.301123315978,5.828316457574931e-07,1.1656632915149861e-08,"Method: equity_%, ATR: 3431522.66, Risk: 3079.30"
2024-01-16 08:00:00,GBPUSD,1958966.385018731,-534.4614882400199,equity_%,-2.946102631134765e-06,3084.5461497984275,1.0209465641141548e-06,2.0418931282283097e-08,"Method: equity_%, ATR: 1958966.39, Risk: 3084.55"
2024-01-16 09:00:00,GBPUSD,5141681.040225812,-115.06237930855218,equity_%,-5.215089373894522e-06,3085.320167161162,3.889778429181138e-07,7.779556858362276e-09,"Method: equity_%, ATR: 5141681.04, Risk: 3085.32"
2024-01-16 10:00:00,GBPUSD,2956847.0839630687,-63.9348451507792,equity_%,-1.6335152998452637e-05,3088.088153591599,6.763961555020273e-07,1.3527923110040549e-08,"Method: equity_%, ATR: 2956847.08, Risk: 3088.09"
2024-01-16 11:00:00,GBPUSD,1437025.6333829297,-127.95945849581778,equity_%,-1.6788858617551017e-05,3087.1524790004473,1.3917636217050364e-06,2.783527243410073e-08,"Method: equity_%, ATR: 1437025.63, Risk: 3087.15"
2024-01-16 12:00:00,GBPUSD,5392852.628527175,-187.50417930574255,equity_%,-3.0540406105961715e-06,3088.1921333431237,3.708612375981455e-07,7.417224751962911e-09,"Method: equity_%, ATR: 5392852.63, Risk: 3088.19"
2024-01-16 13:00:00,GBPUSD,1104469.2947404878,-201.33647238310277,equity_%,-1.3900449866579028e-05,3091.042364862626,1.8108244471114345e-06,3.62164889422287e-08,"Method: equity_%, ATR: 1104469.29, Risk: 3091.04"
2024-01-16 14:00:00,GBPUSD,3132635.4351045173,-285.60239097049543,equity_%,-3.446227455249647e-06,3083.298936391296,6.384400743182144e-07,1.276880148636429e-08,"Method: equity_%, ATR: 3132635.44, Risk: 3083.30"
2024-01-16 15:00:00,GBPUSD,3825658.6600114168,-460.64870780360604,equity_%,-1.7493993860183078e-06,3082.939804064392,5.227857939615638e-07,1.0455715879231273e-08,"Method: equity_%, ATR: 3825658.66, Risk: 3082.94"
2024-01-16 16:00:00,GBPUSD,1498563.0361689061,-468.2219530705507,equity_%,-4.3966226874063075e-06,3084.9347654837143,1.3346118593135886e-06,2.6692237186271768e-08,"Method: equity_%, ATR: 1498563.04, Risk: 3084.93"
2024-01-16 17:00:00,GBPUSD,1306404.482259287,-458.02834299298496,equity_%,-5.157679649131902e-06,3086.2022172858906,1.530919425920228e-06,3.061838851840456e-08,"Method: equity_%, ATR: 1306404.48, Risk: 3086.20"
2024-01-16 18:00:00,GBPUSD,763655.3779656952,-482.5187070517961,equity_%,-8.375927413106765e-06,3086.345028308654,2.6189824071269013e-06,5.2379648142538026e-08,"Method: equity_%, ATR: 763655.38, Risk: 3086.35"
2024-01-16 19:00:00,GBPUSD,3674931.419314225,-241.59338852846764,equity_%,-3.479923744184313e-06,3089.6124841250767,5.442278431343403e-07,1.0884556862686805e-08,"Method: equity_%, ATR: 3674931.42, Risk: 3089.61"
2024-01-16 20:00:00,GBPUSD,1416795.1722506206,-198.70690872746007,equity_%,-1.0972267199745556e-05,3088.989347005452,1.4116366565697296e-06,2.823273313139459e-08,"Method: equity_%, ATR: 1416795.17, Risk: 3088.99"
2024-01-16 21:00:00,GBPUSD,4288720.024266578,15.92237167133672,equity_%,4.5203947566194835e-05,3086.8236246254924,4.6633960451685667e-07,9.326792090337134e-09,"Method: equity_%, ATR: 4288720.02, Risk: 3086.82"
2024-01-16 22:00:00,GBPUSD,7462436.912673984,-461.63099541984536,equity_%,-8.975244394194809e-07,3091.874922944361,2.680089658919942e-07,5.3601793178398834e-09,"Method: equity_%, ATR: 7462436.91, Risk: 3091.87"
2024-01-16 23:00:00,GBPUSD,690771.0272291626,-485.0650823895461,equity_%,-9.241391308299303e-06,3096.5028685221723,2.895315410118528e-06,5.7906308202370565e-08,"Method: equity_%, ATR: 690771.03, Risk: 3096.50"
2024-01-17 00:00:00,GBPUSD,2110655.444681354,-507.01890778976764,equity_%,-2.8932653700902372e-06,3096.2054212293647,9.475729470860842e-07,1.8951458941721684e-08,"Method: equity_%, ATR: 2110655.44, Risk: 3096.21"
2024-01-17 01:00:00,GBPUSD,2595188.3632208607,-630.3197531870853,equity_%,-1.8935702405559558e-06,3097.4993375203044,7.706569697768763e-07,1.5413139395537528e-08,"Method: equity_%, ATR: 2595188.36, Risk: 3097.50"
2024-01-17 02:00:00,GBPUSD,3130981.8048210274,-828.476949943126,equity_%,-1.1956829481048642e-06,3101.5373065823755,6.387772669008926e-07,1.2775545338017853e-08,"Method: equity_%, ATR: 3130981.80, Risk: 3101.54"
2024-01-17 03:00:00,GBPUSD,1234394.8533538878,-813.6100588506569,equity_%,-3.0898334742173704e-06,3103.1694095625676,1.6202271052620967e-06,3.2404542105241935e-08,"Method: equity_%, ATR: 1234394.85, Risk: 3103.17"
2024-01-17 04:00:00,GBPUSD,2283129.4589240337,-840.6395814374863,equity_%,-1.618443102716424e-06,3106.2600323831816,8.759906242647039e-07,1.7519812485294078e-08,"Method: equity_%, ATR: 2283129.46, Risk: 3106.26"
2024-01-17 05:00:00,GBPUSD,1845601.9122226178,-881.0335663514136,equity_%,-1.912125175389964e-06,3109.1867327643618,1.083657308087335e-06,2.1673146161746697e-08,"Method: equity_%, ATR: 1845601.91, Risk: 3109.19"
2024-01-17 06:00:00,GBPUSD,1736059.4967332394,-781.0787337812598,equity_%,-2.2933120674436225e-06,3109.729222112897,1.1520342498419092e-06,2.3040684996838185e-08,"Method: equity_%, ATR: 1736059.50, Risk: 3109.73"
2024-01-17 07:00:00,GBPUSD,2826329.4850963145,-823.3546953004296,equity_%,-1.3376369358540317e-06,3112.7769941209413,7.076315803045322e-07,1.4152631606090644e-08,"Method: equity_%, ATR: 2826329.49, Risk: 3112.78"
2024-01-17 08:00:00,GBPUSD,1743860.7553532529,-826.0335460491059,equity_%,-2.1599508491061315e-06,3111.3821632428676,1.1468805601940743e-06,2.293761120388148e-08,"Method: equity_%, ATR: 1743860.76, Risk: 3111.38"
2024-01-17 09:00:00,GBPUSD,5948300.057254531,-1068.1695083418595,equity_%,-4.901111997019304e-07,3114.0649861971033,3.362305164079282e-07,6.724610328158564e-09,"Method: equity_%, ATR: 5948300.06, Risk: 3114.06"
2024-01-17 10:00:00,GBPUSD,980844.195700538,-1058.3768747381357,equity_%,-3.00099628848101e-06,3115.3426932278685,2.039059831079044e-06,4.0781196621580884e-08,"Method: equity_%, ATR: 980844.20, Risk: 3115.34"
2024-01-17 11:00:00,GBPUSD,1902798.666923769,-981.9221424022529,equity_%,-1.6676088056556132e-06,3115.760531932123,1.0510833514684847e-06,2.1021667029369694e-08,"Method: equity_%, ATR: 1902798.67, Risk: 3115.76"
2024-01-17 12:00:00,GBPUSD,1937424.957511388,-1137.2607532510833,equity_%,-1.4130800439346392e-06,3113.520324323733,1.0322980470784218e-06,2.0645960941568434e-08,"Method: equity_%, ATR: 1937424.96, Risk: 3113.52"
2024-01-17 13:00:00,GBPUSD,999735.0793592317,-1122.4171667427745,equity_%,-2.776365999172052e-06,3115.41530210661,2.000529981684624e-06,4.001059963369248e-08,"Method: equity_%, ATR: 999735.08, Risk: 3115.42"
2024-01-17 14:00:00,GBPUSD,1373779.6890003823,-1095.774463783027,equity_%,-2.0706316125466997e-06,3117.030892939579,1.4558375087458754e-06,2.9116750174917513e-08,"Method: equity_%, ATR: 1373779.69, Risk: 3117.03"
2024-01-17 15:00:00,GBPUSD,1502587.6195265881,-1032.6832884200016,equity_%,-2.0081315710479647e-06,3116.011983553112,1.3310371881209356e-06,2.662074376241871e-08,"Method: equity_%, ATR: 1502587.62, Risk: 3116.01"
2024-01-17 16:00:00,GBPUSD,1494497.2561824932,-1015.5525303476288,equity_%,-2.050891723180597e-06,3112.7213680924556,1.338242671056319e-06,2.6764853421126383e-08,"Method: equity_%, ATR: 1494497.26, Risk: 3112.72"
2024-01-17 17:00:00,GBPUSD,4185158.039623159,-778.0357073355649,equity_%,-9.548816581321351e-07,3109.2879427905614,4.778792057707059e-07,9.55758411541412e-09,"Method: equity_%, ATR: 4185158.04, Risk: 3109.29"
2024-01-17 18:00:00,GBPUSD,2270757.953450692,-820.5316230799186,equity_%,-1.6691594051344754e-06,3110.025723821883,8.807631817212211e-07,1.7615263634424422e-08,"Method: equity_%, ATR: 2270757.95, Risk: 3110.03"
2024-01-17 19:00:00,GBPUSD,2508022.0275889677,-944.5899779452286,equity_%,-1.3137932797545855e-06,3112.445216740148,7.974411619991458e-07,1.5948823239982916e-08,"Method: equity_%, ATR: 2508022.03, Risk: 3112.45"
2024-01-17 20:00:00,GBPUSD,1546597.5446140282,-942.7828378698573,equity_%,-2.1394164346717538e-06,3119.495131523051,1.2931612409220036e-06,2.5863224818440066e-08,"Method: equity_%, ATR: 1546597.54, Risk: 3119.50"
2024-01-17 21:00:00,GBPUSD,6068246.642630428,-1271.1325351021715,equity_%,-4.045946926096918e-07,3120.8596669879,3.2958449413536885e-07,6.591689882707377e-09,"Method: equity_%, ATR: 6068246.64, Risk: 3120.86"
2024-01-17 22:00:00,GBPUSD,1589610.279616029,-1148.6024005417373,equity_%,-1.7074334391561135e-06,3117.4835088331643,1.2581700217006024e-06,2.516340043401205e-08,"Method: equity_%, ATR: 1589610.28, Risk: 3117.48"
2024-01-17 23:00:00,GBPUSD,1583032.3418438183,-1156.6889907269383,equity_%,-1.7030219472392611e-06,3118.3627543284256,1.2633980665679411e-06,2.526796133135882e-08,"Method: equity_%, ATR: 1583032.34, Risk: 3118.36"
2024-01-18 00:00:00,GBPUSD,836826.7500075945,-1123.7135567262799,equity_%,-3.3217472341113606e-06,3123.616849023982,2.389980960792481e-06,4.779961921584962e-08,"Method: equity_%, ATR: 836826.75, Risk: 3123.62"
2024-01-18 01:00:00,GBPUSD,2051815.8896889712,-982.8330594897834,equity_%,-1.5486859542547225e-06,3123.0684621984788,9.747463259499243e-07,1.9494926518998487e-08,"Method: equity_%, ATR: 2051815.89, Risk: 3123.07"
2024-01-18 02:00:00,GBPUSD,1782582.8220348114,-955.7442167852985,equity_%,-1.8359668457435693e-06,3127.9242729306816,1.1219675042739432e-06,2.2439350085478865e-08,"Method: equity_%, ATR: 1782582.82, Risk: 3127.92"
2024-01-18 03:00:00,GBPUSD,3251087.9571992652,-792.6080623818592,equity_%,-1.2146478776286523e-06,3129.9514470697864,6.151786805924968e-07,1.2303573611849935e-08,"Method: equity_%, ATR: 3251087.96, Risk: 3129.95"
2024-01-18 04:00:00,GBPUSD,4031614.1907709017,-938.0056463678906,equity_%,-8.285721375387522e-07,3133.392091733349,4.960792142706423e-07,9.921584285412846e-09,"Method: equity_%, ATR: 4031614.19, Risk: 3133.39"
2024-01-18 05:00:00,GBPUSD,3051647.1588790626,-786.3294871017289,equity_%,-1.3087466534520678e-06,3140.468659727961,6.553837635457974e-07,1.3107675270915946e-08,"Method: equity_%, ATR: 3051647.16, Risk: 3140.47"
2024-01-18 06:00:00,GBPUSD,1169842.010644428,-736.8705160817515,equity_%,-3.638487828231472e-06,3136.4568680058564,1.7096325673056182e-06,3.419265134611237e-08,"Method: equity_%, ATR: 1169842.01, Risk: 3136.46"
2024-01-18 07:00:00,GBPUSD,2516253.9132952336,-850.3957863973574,equity_%,-1.4677208949346705e-06,3140.646380554881,7.948323455882248e-07,1.5896646911764492e-08,"Method: equity_%, ATR: 2516253.91, Risk: 3140.65"
2024-01-18 08:00:00,GBPUSD,5797271.459359702,-661.1323203803094,equity_%,-8.197380952758312e-07,3141.8622772012372,3.449898825715669e-07,6.899797651431339e-09,"Method: equity_%, ATR: 5797271.46, Risk: 3141.86"
2024-01-18 09:00:00,GBPUSD,2228897.138861545,-698.5268849712968,equity_%,-2.0171011771146345e-06,3140.5147356011767,8.973047545036291e-07,1.7946095090072585e-08,"Method: equity_%, ATR: 2228897.14, Risk: 3140.51"
2024-01-18 10:00:00,GBPUSD,2230508.547414074,-621.1022594923123,equity_%,-2.2677725015820385e-06,3141.7128316904077,8.966565056738684e-07,1.793313011347737e-08,"Method: equity_%, ATR: 2230508.55, Risk: 3141.71"
2024-01-18 11:00:00,GBPUSD,2196069.8484913004,-501.4043425893089,equity_%,-2.8591695018516606e-06,3148.2857445198624,9.107178450512398e-07,1.8214356901024797e-08,"Method: equity_%, ATR: 2196069.85, Risk: 3148.29"
2024-01-18 12:00:00,GBPUSD,2511693.8082423643,-395.5978678857252,equity_%,-3.174038678768527e-06,3153.7905824591294,7.962754032505109e-07,1.5925508065010217e-08,"Method: equity_%, ATR: 2511693.81, Risk: 3153.79"
2024-01-18 13:00:00,GBPUSD,4376796.00121512,-276.448743168947,equity_%,-2.602804291294879e-06,3149.2884390755557,4.569552703495307e-07,9.139105406990615e-09,"Method: equity_%, ATR: 4376796.00, Risk: 3149.29"
2024-01-18 14:00:00,GBPUSD,2927110.042400738,-169.29424783412708,equity_%,-6.35359514728701e-06,3148.4789199575084,6.832677866663506e-07,1.366535573332701e-08,"Method: equity_%, ATR: 2927110.04, Risk: 3148.48"
2024-01-18 15:00:00,GBPUSD,2604012.085401636,-99.94112185187925,equity_%,-1.211463275722678e-05,3152.8076026642166,7.68045590576253e-07,1.536091181152506e-08,"Method: equity_%, ATR: 2604012.09, Risk: 3152.81"
2024-01-18 16:00:00,GBPUSD,1840599.1119962232,-45.14266980863695,equity_%,-3.796195873178977e-05,3154.2423704308676,1.0866027191716389e-06,2.1732054383432776e-08,"Method: equity_%, ATR: 1840599.11, Risk: 3154.24"
2024-01-18 17:00:00,GBPUSD,872195.2661851139,-71.1892737046579,equity_%,-5.082364589411245e-05,3155.6883304112357,2.293064497756081e-06,4.586128995512162e-08,"Method: equity_%, ATR: 872195.27, Risk: 3155.69"
2024-01-18 18:00:00,GBPUSD,2203036.279287622,46.687064475198824,equity_%,3.065028976948416e-05,3152.483351043858,9.078379774330017e-07,1.8156759548660034e-08,"Method: equity_%, ATR: 2203036.28, Risk: 3152.48"
2024-01-18 19:00:00,GBPUSD,5605839.931944016,307.4573403073049,equity_%,1.8286297388207197e-06,3151.746920516961,3.567708005009754e-07,7.135416010019507e-09,"Method: equity_%, ATR: 5605839.93, Risk: 3151.75"
2024-01-18 20:00:00,GBPUSD,6327134.031242898,-158.5678248968178,equity_%,-3.1388771592027043e-06,3149.172303275859,3.160988830209942e-07,6.321977660419884e-09,"Method: equity_%, ATR: 6327134.03, Risk: 3149.17"
2024-01-18 21:00:00,GBPUSD,1899367.246085152,-57.43284517136058,equity_%,-2.883697703978498e-05,3145.712350841615,1.0529822519169295e-06,2.105964503833859e-08,"Method: equity_%, ATR: 1899367.25, Risk: 3145.71"
2024-01-18 22:00:00,GBPUSD,1490746.7178905413,-166.45469501533017,equity_%,-1.2667915120025286e-05,3143.439136891422,1.3416095276265775e-06,2.683219055253155e-08,"Method: equity_%, ATR: 1490746.72, Risk: 3143.44"
2024-01-18 23:00:00,GBPUSD,3896012.3087507123,-477.33668234812745,equity_%,-1.6895943650418981e-06,3142.154843619083,5.133454007596079e-07,1.0266908015192159e-08,"Method: equity_%, ATR: 3896012.31, Risk: 3142.15"
2024-01-19 00:00:00,GBPUSD,874048.1257748104,-489.4216506765469,equity_%,-7.343460723856241e-06,3141.3715032123587,2.2882035222340596e-06,4.5764070444681194e-08,"Method: equity_%, ATR: 874048.13, Risk: 3141.37"
2024-01-19 01:00:00,GBPUSD,798957.1690638047,-486.87029395502367,equity_%,-8.073105038092255e-06,3140.3451140461775,2.5032631002529755e-06,5.00652620050595e-08,"Method: equity_%, ATR: 798957.17, Risk: 3140.35"
2024-01-19 02:00:00,GBPUSD,1669694.1570369455,-435.8716284429172,equity_%,-4.321278006515813e-06,3144.9064822664304,1.1978241593353948e-06,2.3956483186707894e-08,"Method: equity_%, ATR: 1669694.16, Risk: 3144.91"
2024-01-19 03:00:00,GBPUSD,2151138.3863656404,-572.464326539721,equity_%,-2.552832093217558e-06,3143.6850496513694,9.297402773696071e-07,1.8594805547392143e-08,"Method: equity_%, ATR: 2151138.39, Risk: 3143.69"
2024-01-19 04:00:00,GBPUSD,1228139.6862910425,-606.4749338107298,equity_%,-4.228399109024918e-06,3149.4636037279265,1.6284792538867954e-06,3.256958507773591e-08,"Method: equity_%, ATR: 1228139.69, Risk: 3149.46"
2024-01-19 05:00:00,GBPUSD,1296392.8900330893,-608.5309507046494,equity_%,-3.992306816728445e-06,3149.5116760951596,1.5427421851634436e-06,3.085484370326888e-08,"Method: equity_%, ATR: 1296392.89, Risk: 3149.51"
2024-01-19 06:00:00,GBPUSD,2138728.056343773,-609.159693753203,equity_%,-2.41960709036009e-06,3152.3292720744125,9.351352520334291e-07,1.870270504066858e-08,"Method: equity_%, ATR: 2138728.06, Risk: 3152.33"
2024-01-19 07:00:00,GBPUSD,2987901.7140182545,-352.41789038423946,equity_%,-2.996460218231521e-06,3155.2427013186093,6.693660606761783e-07,1.3387321213523565e-08,"Method: equity_%, ATR: 2987901.71, Risk: 3155.24"
2024-01-19 08:00:00,GBPUSD,4016372.728625894,-76.39381646973487,equity_%,-1.0279600648303543e-05,3154.0491710562305,4.979617518427509e-07,9.95923503685502e-09,"Method: equity_%, ATR: 4016372.73, Risk: 3154.05"
2024-01-19 09:00:00,GBPUSD,2296745.0673374524,-243.07354674512385,equity_%,-5.650527285286683e-06,3154.5648993612076,8.707975597476912e-07,1.7415951194953827e-08,"Method: equity_%, ATR: 2296745.07, Risk: 3154.56"
2024-01-19 10:00:00,GBPUSD,540998.0396651673,-211.97503962681338,equity_%,-2.7507925169324857e-05,3154.5560678503866,3.696871066737752e-06,7.393742133475503e-08,"Method: equity_%, ATR: 540998.04, Risk: 3154.56"
2024-01-19 11:00:00,GBPUSD,5141107.526407418,-359.4166015181532,equity_%,-1.7086126330720997e-06,3157.1733899888195,3.8902123515739636e-07,7.780424703147927e-09,"Method: equity_%, ATR: 5141107.53, Risk: 3157.17"
2024-01-19 12:00:00,GBPUSD,1835735.1863805621,-530.6268385830397,equity_%,-3.24229351949232e-06,3158.286856520566,1.0894817590457105e-06,2.178963518091421e-08,"Method: equity_%, ATR: 1835735.19, Risk: 3158.29"
2024-01-19 13:00:00,GBPUSD,2251893.203459098,-431.1397017116567,equity_%,-3.2522452077994358e-06,3157.541661698725,8.881415854569973e-07,1.7762831709139948e-08,"Method: equity_%, ATR: 2251893.20, Risk: 3157.54"
2024-01-19 14:00:00,GBPUSD,668862.3026663344,-405.52340729464055,equity_%,-1.164801193537225e-05,3159.398836564703,2.99015207170034e-06,5.98030414340068e-08,"Method: equity_%, ATR: 668862.30, Risk: 3159.40"
2024-01-19 15:00:00,GBPUSD,1370703.5948425368,-277.43438250062627,equity_%,-8.314702706645933e-06,3161.917684814093,1.4591046580203615e-06,2.918209316040723e-08,"Method: equity_%, ATR: 1370703.59, Risk: 3161.92"
2024-01-19 16:00:00,GBPUSD,1638201.7077064777,-375.78277283424444,equity_%,-5.147704254749766e-06,3168.9678188497205,1.2208508821542182e-06,2.4417017643084362e-08,"Method: equity_%, ATR: 1638201.71, Risk: 3168.97"
2024-01-19 17:00:00,GBPUSD,910958.9117195418,-383.26005920721366,equity_%,-9.081529403264767e-06,3170.6721982180084,2.1954887034638757e-06,4.3909774069277516e-08,"Method: equity_%, ATR: 910958.91, Risk: 3170.67"
2024-01-19 18:00:00,GBPUSD,1488722.0227482403,-435.5750454185524,equity_%,-4.891975368124653e-06,3172.202223258434,1.34343414649561e-06,2.6868682929912198e-08,"Method: equity_%, ATR: 1488722.02, Risk: 3172.20"
2024-01-19 19:00:00,GBPUSD,2413331.718062634,-542.1744551506795,equity_%,-2.4265315154041737e-06,3174.987419089814,8.287298364460037e-07,1.6574596728920074e-08,"Method: equity_%, ATR: 2413331.72, Risk: 3174.99"
2024-01-19 20:00:00,GBPUSD,1941773.4990892967,-652.6149337485053,equity_%,-2.5043900883513477e-06,3173.6392120018254,1.0299862475917053e-06,2.0599724951834108e-08,"Method: equity_%, ATR: 1941773.50, Risk: 3173.64"
2024-01-19 21:00:00,GBPUSD,858436.0611149555,-677.6042657140283,equity_%,-5.449668249419184e-06,3169.962683198719,2.3298182480851944e-06,4.659636496170389e-08,"Method: equity_%, ATR: 858436.06, Risk: 3169.96"
2024-01-19 22:00:00,GBPUSD,3226229.3299632394,-876.3388402651408,equity_%,-1.1214090974835809e-06,3170.526376923556,6.199187334344854e-07,1.2398374668689708e-08,"Method: equity_%, ATR: 3226229.33, Risk: 3170.53"
2024-01-19 23:00:00,GBPUSD,3635769.2433761735,-690.597899699213,equity_%,-1.264606349601665e-06,3175.24267421749,5.500899166369538e-07,1.1001798332739077e-08,"Method: equity_%, ATR: 3635769.24, Risk: 3175.24"
2024-01-20 00:00:00,GBPUSD,2424498.785676719,-843.5017769778743,equity_%,-1.5551765131066639e-06,3180.4433293569955,8.24912766224284e-07,1.649825532448568e-08,"Method: equity_%, ATR: 2424498.79, Risk: 3180.44"
2024-01-20 01:00:00,GBPUSD,3058926.823178963,-828.7575790934634,equity_%,-1.252926576374489e-06,3176.3051752398014,6.538240747849987e-07,1.3076481495699973e-08,"Method: equity_%, ATR: 3058926.82, Risk: 3176.31"
2024-01-20 02:00:00,GBPUSD,1534462.5239357913,-823.2332045311816,equity_%,-2.5172196078480535e-06,3179.8034136812817,1.3033879738360357e-06,2.606775947672071e-08,"Method: equity_%, ATR: 1534462.52, Risk: 3179.80"
2024-01-20 03:00:00,GBPUSD,2202779.733087216,-929.971261594866,equity_%,-1.5497755240996807e-06,3174.7490196757985,9.079437085599939e-07,1.8158874171199878e-08,"Method: equity_%, ATR: 2202779.73, Risk: 3174.75"
2024-01-20 04:00:00,GBPUSD,1633234.5456240068,-989.6398842058442,equity_%,-1.9659710116362372e-06,3177.626561340296,1.224563860321644e-06,2.4491277206432878e-08,"Method: equity_%, ATR: 1633234.55, Risk: 3177.63"
2024-01-20 05:00:00,GBPUSD,1760485.6998730258,-899.2478692399308,equity_%,-2.0089056247242187e-06,3180.324639278986,1.1360501253399838e-06,2.2721002506799674e-08,"Method: equity_%, ATR: 1760485.70, Risk: 3180.32"
2024-01-20 06:00:00,GBPUSD,1874181.5936318368,-992.9739064837735,equity_%,-1.7069477670775415e-06,3176.6526991904393,1.06713245226379e-06,2.1342649045275802e-08,"Method: equity_%, ATR: 1874181.59, Risk: 3176.65"
2024-01-20 07:00:00,GBPUSD,1788151.9870731598,-973.4287983794077,equity_%,-1.8275779730155248e-06,3181.1528376198344,1.1184731580191864e-06,2.2369463160383725e-08,"Method: equity_%, ATR: 1788151.99, Risk: 3181.15"
2024-01-20 08:00:00,GBPUSD,599025.6307111861,-1004.7418396319522,equity_%,-5.296666933355314e-06,3187.8843453237073,3.3387553010470083e-06,6.677510602094015e-08,"Method: equity_%, ATR: 599025.63, Risk: 3187.88"
2024-01-20 09:00:00,GBPUSD,2628123.5875747767,-793.9828012962347,equity_%,-1.5283557480133372e-06,3189.1969043306995,7.609992199208536e-07,1.521998439841707e-08,"Method: equity_%, ATR: 2628123.59, Risk: 3189.20"
2024-01-20 10:00:00,GBPUSD,1608463.9406492102,-717.2390515565746,equity_%,-2.7660999326239565e-06,3191.1199039556304,1.2434223419349754e-06,2.4868446838699504e-08,"Method: equity_%, ATR: 1608463.94, Risk: 3191.12"
2024-01-20 11:00:00,GBPUSD,1250774.7746626365,-675.3448950698619,equity_%,-3.784823907546192e-06,3197.057252564591,1.599008902733466e-06,3.1980178054669316e-08,"Method: equity_%, ATR: 1250774.77, Risk: 3197.06"
2024-01-20 12:00:00,GBPUSD,5762076.914226578,-979.2177437920541,equity_%,-5.662872278355932e-07,3195.178256462327,3.4709706756291235e-07,6.9419413512582465e-09,"Method: equity_%, ATR: 5762076.91, Risk: 3195.18"
2024-01-20 13:00:00,GBPUSD,1086370.58774847,-976.4438996513738,equity_%,-3.010402934898563e-06,3193.3750240894583,1.8409924040239801e-06,3.68198480804796e-08,"Method: equity_%, ATR: 1086370.59, Risk: 3193.38"
2024-01-20 14:00:00,GBPUSD,5607976.686920666,-1298.80688990913,equity_%,-4.3828908152326095e-07,3192.3568735777008,3.566348634552184e-07,7.132697269104369e-09,"Method: equity_%, ATR: 5607976.69, Risk: 3192.36"
2024-01-20 15:00:00,GBPUSD,1280976.6610259635,-1243.2564274407682,equity_%,-2.005527616702764e-06,3193.9681198906333,1.5613086958182004e-06,3.122617391636401e-08,"Method: equity_%, ATR: 1280976.66, Risk: 3193.97"
2024-01-20 16:00:00,GBPUSD,1534161.4026538765,-1184.3587700281537,equity_%,-1.75870982020853e-06,3195.571367423421,1.3036437994987299e-06,2.6072875989974596e-08,"Method: equity_%, ATR: 1534161.40, Risk: 3195.57"
2024-01-20 17:00:00,GBPUSD,687626.8667016325,-1187.6064023330032,equity_%,-3.91292412155901e-06,3195.4114965975805,2.9085541837442746e-06,5.817108367488549e-08,"Method: equity_%, ATR: 687626.87, Risk: 3195.41"
2024-01-20 18:00:00,GBPUSD,2039942.932670292,-1233.445575348991,equity_%,-1.2701942060995917e-06,3196.0100553632074,9.804195832978494e-07,1.960839166595698e-08,"Method: equity_%, ATR: 2039942.93, Risk: 3196.01"
2024-01-20 19:00:00,GBPUSD,2690256.8657971257,-1099.3155503512328,equity_%,-1.0806271796995364e-06,3195.891350658355,7.434234349244558e-07,1.4868468698489118e-08,"Method: equity_%, ATR: 2690256.87, Risk: 3195.89"
2024-01-20 20:00:00,GBPUSD,2359082.9309795913,-1227.5997664669928,equity_%,-1.1035584584272368e-06,3195.915950624213,8.477870674811399e-07,1.6955741349622798e-08,"Method: equity_%, ATR: 2359082.93, Risk: 3195.92"
2024-01-20 21:00:00,GBPUSD,818387.7157710436,-1255.4652432308258,equity_%,-3.109725615604031e-06,3195.110386243377,2.4438294483876767e-06,4.8876588967753535e-08,"Method: equity_%, ATR: 818387.72, Risk: 3195.11"
2024-01-20 22:00:00,GBPUSD,4057086.2958405702,-1419.498823025372,equity_%,-5.546645005557649e-07,3194.3290670279544,4.929646189804864e-07,9.85929237960973e-09,"Method: equity_%, ATR: 4057086.30, Risk: 3194.33"
2024-01-20 23:00:00,GBPUSD,1239417.6888694414,-1437.3696389385586,equity_%,-1.7905269759574894e-06,3189.8262355231714,1.6136610102961641e-06,3.227322020592328e-08,"Method: equity_%, ATR: 1239417.69, Risk: 3189.83"
2024-01-21 00:00:00,GBPUSD,657660.1496776585,-1447.7868108951125,equity_%,-3.3509946379565963e-06,3190.6552102400374,3.0410843670249258e-06,6.082168734049851e-08,"Method: equity_%, ATR: 657660.15, Risk: 3190.66"
2024-01-21 01:00:00,GBPUSD,2038229.1874502676,-1382.750805994222,equity_%,-1.1305457862490115e-06,3186.288472273386,9.812439211028618e-07,1.9624878422057234e-08,"Method: equity_%, ATR: 2038229.19, Risk: 3186.29"
2024-01-21 02:00:00,GBPUSD,1861226.8736710735,-1272.2860473183368,equity_%,-1.3471379479420695e-06,3190.0401496295085,1.0745600272014185e-06,2.1491200544028372e-08,"Method: equity_%, ATR: 1861226.87, Risk: 3190.04"
2024-01-21 03:00:00,GBPUSD,6420363.225446076,-1577.7188575255836,equity_%,-3.1490710665197395e-07,3189.860396097073,3.115088554605948e-07,6.230177109211896e-09,"Method: equity_%, ATR: 6420363.23, Risk: 3189.86"
2024-01-21 04:00:00,GBPUSD,2202070.17049898,-1583.4110660569854,equity_%,-9.151710415474155e-07,3191.002167360924,9.082362709389992e-07,1.8164725418779984e-08,"Method: equity_%, ATR: 2202070.17, Risk: 3191.00"
2024-01-21 05:00:00,GBPUSD,1713652.5627521996,-1597.4376656944798,equity_%,-1.1658217927367147e-06,3191.3825384626684,1.1670977206651004e-06,2.334195441330201e-08,"Method: equity_%, ATR: 1713652.56, Risk: 3191.38"
2024-01-21 06:00:00,GBPUSD,1363440.129482319,-1526.354928834713,equity_%,-1.533881155427657e-06,3192.150197136624,1.466877757778315e-06,2.93375551555663e-08,"Method: equity_%, ATR: 1363440.13, Risk: 3192.15"
2024-01-21 07:00:00,GBPUSD,3170237.267707878,-1449.1039605518756,equity_%,-6.960030406460566e-07,3197.4403215834145,6.30867607409721e-07,1.2617352148194419e-08,"Method: equity_%, ATR: 3170237.27, Risk: 3197.44"
2024-01-21 08:00:00,GBPUSD,2824886.8153712396,-1251.2059740144894,equity_%,-9.039106066764603e-07,3194.8858323476325,7.079929677597242e-07,1.4159859355194484e-08,"Method: equity_%, ATR: 2824886.82, Risk: 3194.89"
2024-01-21 09:00:00,GBPUSD,3071609.212283629,-1146.4991111393851,equity_%,-9.062694202779689e-07,3191.5158815806053,6.511244959162866e-07,1.3022489918325733e-08,"Method: equity_%, ATR: 3071609.21, Risk: 3191.52"
2024-01-21 10:00:00,GBPUSD,2200503.9626426776,-1153.618424269188,equity_%,-1.2579559868489543e-06,3193.373998560597,9.088827077585064e-07,1.8177654155170127e-08,"Method: equity_%, ATR: 2200503.96, Risk: 3193.37"
2024-01-21 11:00:00,GBPUSD,3431366.814572391,-1414.808910142716,equity_%,-6.577888881971876e-07,3193.386359389379,5.828581169189966e-07,1.1657162338379932e-08,"Method: equity_%, ATR: 3431366.81, Risk: 3193.39"
2024-01-21 12:00:00,GBPUSD,3810946.8214322417,-1177.9556396479295,equity_%,-7.119347991282583e-07,3195.965231153411,5.248039643986305e-07,1.049607928797261e-08,"Method: equity_%, ATR: 3810946.82, Risk: 3195.97"
2024-01-21 13:00:00,GBPUSD,2715141.063804051,-1138.693098183744,equity_%,-1.0349005856024904e-06,3199.614962872635,7.366099782668007e-07,1.4732199565336012e-08,"Method: equity_%, ATR: 2715141.06, Risk: 3199.61"
2024-01-21 14:00:00,GBPUSD,1864268.1327192655,-1124.2361501397697,equity_%,-1.5257550774137608e-06,3197.795933102939,1.0728070522145078e-06,2.1456141044290154e-08,"Method: equity_%, ATR: 1864268.13, Risk: 3197.80"
2024-01-21 15:00:00,GBPUSD,2492840.904953646,-948.8788903834637,equity_%,-1.3533019933763695e-06,3201.1060996327333,8.022974895933801e-07,1.60459497918676e-08,"Method: equity_%, ATR: 2492840.90, Risk: 3201.11"
2024-01-21 16:00:00,GBPUSD,3046948.4660799694,-804.8233161323403,equity_%,-1.3047338263161003e-06,3199.540269171975,6.563944294644033e-07,1.3127888589288065e-08,"Method: equity_%, ATR: 3046948.47, Risk: 3199.54"
2024-01-21 17:00:00,GBPUSD,2097257.666936466,-816.2542064939206,equity_%,-1.8700114553283147e-06,3201.2639947447897,9.53626267067826e-07,1.9072525341356523e-08,"Method: equity_%, ATR: 2097257.67, Risk: 3201.26"
2024-01-21 18:00:00,GBPUSD,2725878.9101475943,-865.1855277412549,equity_%,-1.3564558531829397e-06,3199.053253574008,7.337083069077742e-07,1.4674166138155484e-08,"Method: equity_%, ATR: 2725878.91, Risk: 3199.05"
2024-01-21 19:00:00,GBPUSD,506624.03476284794,-829.9035202810137,equity_%,-7.613168666399912e-06,3200.9496848455824,3.947700588141669e-06,7.895401176283338e-08,"Method: equity_%, ATR: 506624.03, Risk: 3200.95"
2024-01-01 01:00:00,USDJPY,6221299.712012917,546.0241986983473,equity_%,9.427158457745501e-07,3202.3870530028166,3.2147623367800994e-07,6.4295246735601984e-09,"Method: equity_%, ATR: 6221299.71, Risk: 3202.39"
2024-01-01 02:00:00,USDJPY,1347431.9117995503,512.0422949394385,equity_%,4.638908297996167e-06,3200.578264536998,1.4843050565196412e-06,2.9686101130392822e-08,"Method: equity_%, ATR: 1347431.91, Risk: 3200.58"
2024-01-01 03:00:00,USDJPY,3171752.643101788,337.42550018388556,equity_%,2.988144947320595e-06,3198.003030512955,6.305661963740393e-07,1.2611323927480786e-08,"Method: equity_%, ATR: 3171752.64, Risk: 3198.00"
2024-01-01 04:00:00,USDJPY,3449069.1067100205,623.4252308117348,equity_%,1.4890244131745923e-06,3201.754946265246,5.79866606937241e-07,1.1597332138744818e-08,"Method: equity_%, ATR: 3449069.11, Risk: 3201.75"
2024-01-01 05:00:00,USDJPY,887037.8670304001,614.9770560041926,equity_%,5.869568036362423e-06,3201.895944907211,2.2546951763125324e-06,4.5093903526250644e-08,"Method: equity_%, ATR: 887037.87, Risk: 3201.90"
2024-01-01 06:00:00,USDJPY,3080605.026056917,692.5733920033863,equity_%,1.5028658542980222e-06,3206.432037793908,6.49223117888612e-07,1.2984462357772239e-08,"Method: equity_%, ATR: 3080605.03, Risk: 3206.43"
2024-01-01 07:00:00,USDJPY,2850336.289223882,878.8942716106587,equity_%,1.2798871256800838e-06,3206.301856604434,7.016715913702169e-07,1.4033431827404338e-08,"Method: equity_%, ATR: 2850336.29, Risk: 3206.30"
2024-01-01 08:00:00,USDJPY,2066952.011084569,827.4195570788994,equity_%,1.8779322993746368e-06,3211.7083958112917,9.67608337917126e-07,1.9352166758342516e-08,"Method: equity_%, ATR: 2066952.01, Risk: 3211.71"
2024-01-01 09:00:00,USDJPY,828878.1262767088,820.0340664379945,equity_%,4.723148481364846e-06,3210.363227146328,2.412899962729056e-06,4.8257999254581116e-08,"Method: equity_%, ATR: 828878.13, Risk: 3210.36"
2024-01-01 10:00:00,USDJPY,3636779.650803384,742.5510772180819,equity_%,1.1909971641765742e-06,3216.2814668188616,5.499370850137124e-07,1.0998741700274249e-08,"Method: equity_%, ATR: 3636779.65, Risk: 3216.28"
2024-01-01 11:00:00,USDJPY,969651.2796264733,751.4989619535335,equity_%,4.4165503273559225e-06,3218.304582408036,2.0625971852173857e-06,4.1251943704347716e-08,"Method: equity_%, ATR: 969651.28, Risk: 3218.30"
2024-01-01 12:00:00,USDJPY,2993180.8872189145,564.1994734392185,equity_%,1.9073290373381018e-06,3221.003972630342,6.681854773763042e-07,1.3363709547526084e-08,"Method: equity_%, ATR: 2993180.89, Risk: 3221.00"
2024-01-01 13:00:00,USDJPY,1375848.9087087002,635.3031193753138,equity_%,3.6832873813755484e-06,3219.491898790009,1.4536479894998757e-06,2.907295978999752e-08,"Method: equity_%, ATR: 1375848.91, Risk: 3219.49"
2024-01-01 14:00:00,USDJPY,2757511.1990066627,505.30829332177484,equity_%,2.313187235595685e-06,3223.179544338801,7.252917053321341e-07,1.450583410664268e-08,"Method: equity_%, ATR: 2757511.20, Risk: 3223.18"
2024-01-01 15:00:00,USDJPY,2351580.7246505152,566.3066282266475,equity_%,2.4231682518417628e-06,3226.9713287360346,8.504917475445093e-07,1.7009834950890183e-08,"Method: equity_%, ATR: 2351580.72, Risk: 3226.97"
2024-01-01 16:00:00,USDJPY,1512527.4982135857,505.9886931797606,equity_%,4.217177627282363e-06,3227.4980241634585,1.3222900095119974e-06,2.6445800190239954e-08,"Method: equity_%, ATR: 1512527.50, Risk: 3227.50"
2024-01-01 17:00:00,USDJPY,1498809.7402894322,502.6189295413633,equity_%,4.277800443470253e-06,3222.596037987457,1.3343921821683545e-06,2.668784364336709e-08,"Method: equity_%, ATR: 1498809.74, Risk: 3222.60"
2024-01-01 18:00:00,USDJPY,828368.8950432611,526.9397890300718,equity_%,7.378584503522245e-06,3220.7560522897165,2.4143832680916286e-06,4.8287665361832574e-08,"Method: equity_%, ATR: 828368.90, Risk: 3220.76"
2024-01-01 19:00:00,USDJPY,2707326.2597432043,338.1304366102876,equity_%,3.516290359749616e-06,3218.9156103055407,7.387362320305289e-07,1.4774724640610581e-08,"Method: equity_%, ATR: 2707326.26, Risk: 3218.92"
2024-01-01 20:00:00,USDJPY,2098128.4511579485,167.84726968101992,equity_%,9.148445931497597e-06,3221.763668758165,9.532304844806847e-07,1.9064609689613694e-08,"Method: equity_%, ATR: 2098128.45, Risk: 3221.76"
2024-01-01 21:00:00,USDJPY,861148.3199426371,136.5360172540807,equity_%,2.7402023312040757e-05,3221.8685717396042,2.3224802901934764e-06,4.644960580386952e-08,"Method: equity_%, ATR: 861148.32, Risk: 3221.87"
2024-01-01 22:00:00,USDJPY,2533278.293953479,60.938703670359814,equity_%,2.0871501880278724e-05,3222.0317425907874,7.894908367444955e-07,1.5789816734889906e-08,"Method: equity_%, ATR: 2533278.29, Risk: 3222.03"
2024-01-01 23:00:00,USDJPY,1563209.3794112785,136.63737962514935,equity_%,1.5083993008434516e-05,3221.832805781203,1.279419140098316e-06,2.5588382801966318e-08,"Method: equity_%, ATR: 1563209.38, Risk: 3221.83"
2024-01-02 00:00:00,USDJPY,2479256.0641901377,48.65648670855842,equity_%,2.675694365496421e-05,3227.740676614669,8.066936001035096e-07,1.613387200207019e-08,"Method: equity_%, ATR: 2479256.06, Risk: 3227.74"
2024-01-02 01:00:00,USDJPY,2050060.968909215,168.38245996357296,equity_%,9.35524325897219e-06,3229.376732497158,9.75580741417729e-07,1.9511614828354583e-08,"Method: equity_%, ATR: 2050060.97, Risk: 3229.38"
2024-01-02 02:00:00,USDJPY,6665737.053996283,-179.6651536893496,equity_%,-2.6982866896762715e-06,3231.469953503908,3.000418384041939e-07,6.000836768083878e-09,"Method: equity_%, ATR: 6665737.05, Risk: 3231.47"
2024-01-02 03:00:00,USDJPY,1402239.3181609474,-227.81936446047877,equity_%,-1.011437862124028e-05,3231.111784969594,1.4262900591198817e-06,2.852580118239763e-08,"Method: equity_%, ATR: 1402239.32, Risk: 3231.11"
2024-01-02 04:00:00,USDJPY,3661105.7727458035,-302.9827306605264,equity_%,-2.9141469937583608e-06,3232.5228689985724,5.462830423771162e-07,1.0925660847542324e-08,"Method: equity_%, ATR: 3661105.77, Risk: 3232.52"
2024-01-02 05:00:00,USDJPY,4128155.441529143,-99.15307024820746,equity_%,-7.893827404718847e-06,3231.0958009704564,4.844778808181612e-07,9.689557616363225e-09,"Method: equity_%, ATR: 4128155.44, Risk: 3231.10"
2024-01-02 06:00:00,USDJPY,3566150.3133175718,-319.18689782286503,equity_%,-2.840829822589967e-06,3233.62697500313,5.608288558480336e-07,1.1216577116960671e-08,"Method: equity_%, ATR: 3566150.31, Risk: 3233.63"
2024-01-02 07:00:00,USDJPY,1907058.10010455,-263.4250585284743,equity_%,-6.432922567283365e-06,3231.687314269211,1.0487357463783382e-06,2.097471492756676e-08,"Method: equity_%, ATR: 1907058.10, Risk: 3231.69"
2024-01-02 08:00:00,USDJPY,2566090.8880873285,-201.62260661151467,equity_%,-6.2534459812492945e-06,3235.4199738060083,7.793956205077085e-07,1.558791241015417e-08,"Method: equity_%, ATR: 2566090.89, Risk: 3235.42"
2024-01-02 09:00:00,USDJPY,3080572.429141763,-77.37203830272684,equity_%,-1.3571272654750527e-05,3234.715116987693,6.492299876088915e-07,1.298459975217783e-08,"Method: equity_%, ATR: 3080572.43, Risk: 3234.72"
2024-01-02 10:00:00,USDJPY,1062172.757115956,-46.16347690871705,equity_%,-6.605799121623295e-05,3239.060295426658,1.8829328718903146e-06,3.765865743780629e-08,"Method: equity_%, ATR: 1062172.76, Risk: 3239.06"
2024-01-02 11:00:00,USDJPY,7480136.272438811,-517.4089914762333,equity_%,-8.387698016054134e-07,3246.2821781997036,2.67374808045833e-07,5.347496160916661e-09,"Method: equity_%, ATR: 7480136.27, Risk: 3246.28"
2024-01-02 12:00:00,USDJPY,3179330.888266154,-333.3387682163533,equity_%,-3.064543429922431e-06,3247.785481534279,6.290631803633054e-07,1.258126360726611e-08,"Method: equity_%, ATR: 3179330.89, Risk: 3247.79"
2024-01-02 13:00:00,USDJPY,2097994.8337848363,-188.2846420953996,equity_%,-8.235579532935941e-06,3253.2203269007077,9.532911939501534e-07,1.9065823879003068e-08,"Method: equity_%, ATR: 2097994.83, Risk: 3253.22"
2024-01-02 14:00:00,USDJPY,2678692.0125323734,-256.4856093727966,equity_%,-4.740548516128441e-06,3256.9746737476635,7.466330547307849e-07,1.4932661094615698e-08,"Method: equity_%, ATR: 2678692.01, Risk: 3256.97"
2024-01-02 15:00:00,USDJPY,2863555.612426304,-414.8515765702311,equity_%,-2.7393196620094115e-06,3254.1763276305564,6.984323933926991e-07,1.3968647867853982e-08,"Method: equity_%, ATR: 2863555.61, Risk: 3254.18"
2024-01-02 16:00:00,USDJPY,1455923.3648988772,-402.28996535671064,equity_%,-5.559143643655948e-06,3256.0091109631117,1.373698676879818e-06,2.747397353759636e-08,"Method: equity_%, ATR: 1455923.36, Risk: 3256.01"
2024-01-02 17:00:00,USDJPY,1828533.6078024283,-326.00090994286256,equity_%,-5.4671916051348585e-06,3259.012707080179,1.093772622754057e-06,2.1875452455081137e-08,"Method: equity_%, ATR: 1828533.61, Risk: 3259.01"
2024-01-02 18:00:00,USDJPY,4729003.986728413,-579.2926543495032,equity_%,-1.1908497604589773e-06,3262.305853026458,4.2292203720124715e-07,8.458440744024943e-09,"Method: equity_%, ATR: 4729003.99, Risk: 3262.31"
2024-01-02 19:00:00,USDJPY,959031.8386821093,-632.5463637334361,equity_%,-5.3810875838324415e-06,3264.3404734413834,2.0854364989053728e-06,4.1708729978107454e-08,"Method: equity_%, ATR: 959031.84, Risk: 3264.34"
2024-01-02 20:00:00,USDJPY,1458223.2898522909,-620.2867808045743,equity_%,-3.611140247431802e-06,3266.336407630365,1.3715320650259178e-06,2.743064130051836e-08,"Method: equity_%, ATR: 1458223.29, Risk: 3266.34"
2024-01-02 21:00:00,USDJPY,3011456.5211281665,-429.3403910574491,equity_%,-2.5274582508123214e-06,3267.851669704711,6.641304584569431e-07,1.3282609169138863e-08,"Method: equity_%, ATR: 3011456.52, Risk: 3267.85"
2024-01-02 22:00:00,USDJPY,2340808.5898751104,-619.742519447213,equity_%,-2.253914885275062e-06,3269.7511979626925,8.544056137912185e-07,1.7088112275824368e-08,"Method: equity_%, ATR: 2340808.59, Risk: 3269.75"
2024-01-02 23:00:00,USDJPY,3123924.9798428286,-674.2550525917825,equity_%,-1.5513201914720425e-06,3267.580161051795,6.402202398921322e-07,1.2804404797842645e-08,"Method: equity_%, ATR: 3123924.98, Risk: 3267.58"
2024-01-03 00:00:00,USDJPY,2839331.9355283245,-530.280783143912,equity_%,-2.1707477643958823e-06,3268.3715287088594,7.043910488147464e-07,1.4087820976294927e-08,"Method: equity_%, ATR: 2839331.94, Risk: 3268.37"
2024-01-03 01:00:00,USDJPY,8653193.544077612,-1040.1840548266218,equity_%,-3.6279788958700247e-07,3265.5125846444244,2.3112854113483145e-07,4.622570822696628e-09,"Method: equity_%, ATR: 8653193.54, Risk: 3265.51"
2024-01-03 02:00:00,USDJPY,1759206.770445462,-1128.276115077129,equity_%,-1.6452050201515877e-06,3265.5197015961626,1.1368760248083656e-06,2.2737520496167317e-08,"Method: equity_%, ATR: 1759206.77, Risk: 3265.52"
2024-01-03 03:00:00,USDJPY,1806335.0270858144,-1016.2865725776419,equity_%,-1.7786954162549051e-06,3265.24728494286,1.1072143151797416e-06,2.214428630359483e-08,"Method: equity_%, ATR: 1806335.03, Risk: 3265.25"
2024-01-03 04:00:00,USDJPY,4866059.371570479,-1248.6352776369959,equity_%,-5.373303300231506e-07,3264.783296021849,4.110101927002418e-07,8.220203854004836e-09,"Method: equity_%, ATR: 4866059.37, Risk: 3264.78"
2024-01-03 05:00:00,USDJPY,1489632.670506053,-1247.073737169951,equity_%,-1.756558795046648e-06,3263.1272715484815,1.3426128733606296e-06,2.6852257467212594e-08,"Method: equity_%, ATR: 1489632.67, Risk: 3263.13"
2024-01-03 06:00:00,USDJPY,2012788.8938565638,-1328.8643118070001,equity_%,-1.2208496740144862e-06,3265.435103369872,9.936461822222897e-07,1.9872923644445795e-08,"Method: equity_%, ATR: 2012788.89, Risk: 3265.44"
2024-01-03 07:00:00,USDJPY,8481615.96513997,-1846.0309951988006,equity_%,-2.0859123074932056e-07,3265.980892452737,2.3580412131604859e-07,4.716082426320972e-09,"Method: equity_%, ATR: 8481615.97, Risk: 3265.98"
2024-01-03 08:00:00,USDJPY,6788476.218995673,-2235.562658310346,equity_%,-2.1522178782095372e-07,3266.2196136854777,2.946169266091783e-07,5.8923385321835655e-09,"Method: equity_%, ATR: 6788476.22, Risk: 3266.22"
2024-01-03 09:00:00,USDJPY,727954.6213990579,-2242.548287460808,equity_%,-1.9991118462067722e-06,3263.4968917019887,2.7474240031009003e-06,5.4948480062018e-08,"Method: equity_%, ATR: 727954.62, Risk: 3263.50"
2024-01-03 10:00:00,USDJPY,2471054.4911177247,-2311.9049269415164,equity_%,-5.713623283508038e-07,3264.103308125398,8.0937106291628e-07,1.61874212583256e-08,"Method: equity_%, ATR: 2471054.49, Risk: 3264.10"
2024-01-03 11:00:00,USDJPY,1398066.2898129548,-2201.9121347748983,equity_%,-1.0619216454268637e-06,3269.039906525146,1.4305473313912585e-06,2.861094662782517e-08,"Method: equity_%, ATR: 1398066.29, Risk: 3269.04"
2024-01-03 12:00:00,USDJPY,2143606.270785208,-2237.0690740302375,equity_%,-6.827429489876472e-07,3274.022325454727,9.330071605301823e-07,1.8660143210603647e-08,"Method: equity_%, ATR: 2143606.27, Risk: 3274.02"
2024-01-03 13:00:00,USDJPY,1105306.9092018176,-2308.1532105756683,equity_%,-1.2843446776674242e-06,3276.642863193882,1.8094521832350373e-06,3.618904366470075e-08,"Method: equity_%, ATR: 1105306.91, Risk: 3276.64"
2024-01-03 14:00:00,USDJPY,2864801.5678312914,-2156.2320249064105,equity_%,-5.305429101325562e-07,3277.2574012685222,6.981286321740035e-07,1.396257264348007e-08,"Method: equity_%, ATR: 2864801.57, Risk: 3277.26"
2024-01-03 15:00:00,USDJPY,2248203.2532689096,-2070.917277831739,equity_%,-7.045844065287991e-07,3280.4343497591963,8.895992820453312e-07,1.7791985640906623e-08,"Method: equity_%, ATR: 2248203.25, Risk: 3280.43"
2024-01-03 16:00:00,USDJPY,1513003.3191627262,-2153.1074305173483,equity_%,-1.0068373031784988e-06,3279.9322889946657,1.3218741655548851e-06,2.64374833110977e-08,"Method: equity_%, ATR: 1513003.32, Risk: 3279.93"
2024-01-03 17:00:00,USDJPY,1499339.2538213083,-2264.717775736023,equity_%,-9.661189785096417e-07,3280.5345322270155,1.3339209221013036e-06,2.6678418442026072e-08,"Method: equity_%, ATR: 1499339.25, Risk: 3280.53"
2024-01-03 18:00:00,USDJPY,1341214.4528526778,-2272.8271150853666,equity_%,-1.0759291083588206e-06,3279.806964899224,1.4911858396292457e-06,2.982371679258492e-08,"Method: equity_%, ATR: 1341214.45, Risk: 3279.81"
2024-01-03 19:00:00,USDJPY,2096830.7752655891,-2381.661258577814,equity_%,-6.576033461222102e-07,3284.0320641807166,9.53820414881442e-07,1.9076408297628845e-08,"Method: equity_%, ATR: 2096830.78, Risk: 3284.03"
2024-01-03 20:00:00,USDJPY,626539.8813945694,-2330.966950723311,equity_%,-2.2512829177179986e-06,3287.8720820636913,3.192135184672277e-06,6.384270369344554e-08,"Method: equity_%, ATR: 626539.88, Risk: 3287.87"
2024-01-03 21:00:00,USDJPY,1593668.2687813162,-2455.209233474082,equity_%,-8.406453796577551e-07,3289.268035286553,1.2549663183853232e-06,2.5099326367706465e-08,"Method: equity_%, ATR: 1593668.27, Risk: 3289.27"
2024-01-03 22:00:00,USDJPY,2238738.462213546,-2358.4873776912937,equity_%,-6.242308839086163e-07,3295.961792214425,8.933602713121326e-07,1.7867205426242652e-08,"Method: equity_%, ATR: 2238738.46, Risk: 3295.96"
2024-01-03 23:00:00,USDJPY,2708113.0669371667,-2395.4454365653064,equity_%,-5.084984780282868e-07,3298.6993359567377,7.385216017815566e-07,1.477043203563113e-08,"Method: equity_%, ATR: 2708113.07, Risk: 3298.70"
2024-01-04 00:00:00,USDJPY,1672585.5832289835,-2320.1894211253048,equity_%,-8.506854274595111e-07,3301.268018595747,1.1957534610210688e-06,2.391506922042138e-08,"Method: equity_%, ATR: 1672585.58, Risk: 3301.27"
2024-01-04 01:00:00,USDJPY,4193261.0586815053,-2546.568405954388,equity_%,-3.0936350910999065e-07,3303.515379335367,4.769557563937753e-07,9.539115127875506e-09,"Method: equity_%, ATR: 4193261.06, Risk: 3303.52"
2024-01-04 02:00:00,USDJPY,1698414.6001764294,-2570.244879656924,equity_%,-7.56236040660834e-07,3301.2285188821675,1.177568774898804e-06,2.3551375497976083e-08,"Method: equity_%, ATR: 1698414.60, Risk: 3301.23"
2024-01-04 03:00:00,USDJPY,1066721.3548406607,-2656.0906706275277,equity_%,-1.1647321559864333e-06,3300.0456793879457,1.874903873372579e-06,3.749807746745158e-08,"Method: equity_%, ATR: 1066721.35, Risk: 3300.05"
2024-01-04 04:00:00,USDJPY,1572101.8077487089,-2552.636768849986,equity_%,-8.226707579995249e-07,3301.381765526887,1.2721822404517506e-06,2.5443644809035018e-08,"Method: equity_%, ATR: 1572101.81, Risk: 3301.38"
2024-01-04 05:00:00,USDJPY,3030394.5037669246,-2691.5299367644097,equity_%,-4.049266363145106e-07,3302.742615090573,6.599800776809438e-07,1.3199601553618876e-08,"Method: equity_%, ATR: 3030394.50, Risk: 3302.74"
2024-01-04 06:00:00,USDJPY,1038940.8235839619,-2662.0577074265207,equity_%,-1.1953528892286073e-06,3306.011903191204,1.9250374560321336e-06,3.8500749120642676e-08,"Method: equity_%, ATR: 1038940.82, Risk: 3306.01"
2024-01-04 07:00:00,USDJPY,1182785.7195086016,-2658.07369966923,equity_%,-1.0513931943706236e-06,3305.508301864041,1.6909233574707997e-06,3.3818467149416e-08,"Method: equity_%, ATR: 1182785.72, Risk: 3305.51"
2024-01-04 08:00:00,USDJPY,2102798.965325956,-2631.3337456000827,equity_%,-5.977085153564758e-07,3307.220361966311,9.511132699696659e-07,1.9022265399393318e-08,"Method: equity_%, ATR: 2102798.97, Risk: 3307.22"
2024-01-04 09:00:00,USDJPY,2945466.9703958645,-2861.9616542727163,equity_%,-3.9253371776883557e-07,3308.9860423596215,6.79009481383254e-07,1.3580189627665078e-08,"Method: equity_%, ATR: 2945466.97, Risk: 3308.99"
2024-01-04 10:00:00,USDJPY,931225.0041679773,-2881.3648060148644,equity_%,-1.2339266245232162e-06,3310.87062760495,2.1477086537071054e-06,4.295417307414211e-08,"Method: equity_%, ATR: 931225.00, Risk: 3310.87"
2024-01-04 11:00:00,USDJPY,1141516.640728696,-2952.6837863212504,equity_%,-9.827571113838013e-07,3312.41987115611,1.7520550543383098e-06,3.5041101086766196e-08,"Method: equity_%, ATR: 1141516.64, Risk: 3312.42"
2024-01-04 12:00:00,USDJPY,750865.1613113034,-2950.2038571559333,equity_%,-1.4940865112658298e-06,3309.708351100454,2.6635940819350573e-06,5.327188163870115e-08,"Method: equity_%, ATR: 750865.16, Risk: 3309.71"
2024-01-04 13:00:00,USDJPY,783304.5173878827,-2967.720623684032,equity_%,-1.4214847776172208e-06,3304.4246957094806,2.5532854153190395e-06,5.106570830638079e-08,"Method: equity_%, ATR: 783304.52, Risk: 3304.42"
2024-01-04 14:00:00,USDJPY,1702628.8257080659,-2985.7064062436084,equity_%,-6.497623785958983e-07,3303.099404802059,1.1746541405865528e-06,2.3493082811731056e-08,"Method: equity_%, ATR: 1702628.83, Risk: 3303.10"
2024-01-04 15:00:00,USDJPY,2720793.3157808203,-3123.0144497873107,equity_%,-3.8872262754624435e-07,3303.006035733662,7.350797241377502e-07,1.4701594482755004e-08,"Method: equity_%, ATR: 2720793.32, Risk: 3303.01"
2024-01-04 16:00:00,USDJPY,767086.2202646913,-3146.7486120994145,equity_%,-1.3675255093926279e-06,3300.9706801265106,2.6072688404047704e-06,5.214537680809541e-08,"Method: equity_%, ATR: 767086.22, Risk: 3300.97"
2024-01-04 17:00:00,USDJPY,2301248.5221483987,-3245.692553144175,equity_%,-4.421260497625838e-07,3302.3036585198874,8.690934424296081e-07,1.7381868848592164e-08,"Method: equity_%, ATR: 2301248.52, Risk: 3302.30"
2024-01-04 18:00:00,USDJPY,1296207.6933438585,-3350.572457504388,equity_%,-7.614656225358425e-07,3307.0739794262518,1.5429626056612516e-06,3.0859252113225024e-08,"Method: equity_%, ATR: 1296207.69, Risk: 3307.07"
2024-01-04 19:00:00,USDJPY,1504320.4593019437,-3312.7695690597293,equity_%,-6.643471407666537e-07,3310.7520789225355,1.3295039548475387e-06,2.6590079096950773e-08,"Method: equity_%, ATR: 1504320.46, Risk: 3310.75"
2024-01-04 20:00:00,USDJPY,1693204.671300109,-3219.152341770976,equity_%,-6.079330981037521e-07,3313.651078808776,1.1811921109716296e-06,2.362384221943259e-08,"Method: equity_%, ATR: 1693204.67, Risk: 3313.65"
2024-01-04 21:00:00,USDJPY,1270495.0173776478,-3270.387325867574,equity_%,-7.9857963524436e-07,3318.107011024764,1.574189565991435e-06,3.14837913198287e-08,"Method: equity_%, ATR: 1270495.02, Risk: 3318.11"
2024-01-04 22:00:00,USDJPY,1211097.9068047255,-3261.8852409739375,equity_%,-8.396063084460804e-07,3316.8331418917733,1.651394151342114e-06,3.302788302684228e-08,"Method: equity_%, ATR: 1211097.91, Risk: 3316.83"
2024-01-04 23:00:00,USDJPY,1875263.7814909848,-3249.9904092575484,equity_%,-5.442471325408406e-07,3316.96275308276,1.0665166254156737e-06,2.1330332508313474e-08,"Method: equity_%, ATR: 1875263.78, Risk: 3316.96"
2024-01-05 00:00:00,USDJPY,3022186.350068505,-3392.37055985684,equity_%,-3.2385734717015293e-07,3320.307293671935,6.617725607670305e-07,1.3235451215340611e-08,"Method: equity_%, ATR: 3022186.35, Risk: 3320.31"
2024-01-05 01:00:00,USDJPY,2040538.5282244333,-3435.983628860018,equity_%,-4.73578948042995e-07,3320.383703644419,9.80133416907493e-07,1.9602668338149856e-08,"Method: equity_%, ATR: 2040538.53, Risk: 3320.38"
2024-01-05 02:00:00,USDJPY,712252.4260865294,-3370.525685574926,equity_%,-1.383210106518567e-06,3320.6242241739656,2.8079932433350894e-06,5.6159864866701784e-08,"Method: equity_%, ATR: 712252.43, Risk: 3320.62"
2024-01-05 03:00:00,USDJPY,2941298.3415715555,-3303.798563734449,equity_%,-3.42446732780578e-07,3327.711481539693,6.799718245961361e-07,1.3599436491922724e-08,"Method: equity_%, ATR: 2941298.34, Risk: 3327.71"
2024-01-05 04:00:00,USDJPY,2298061.024279664,-3467.7850359186327,equity_%,-4.177967025573265e-07,3329.497807773283,8.702989080226482e-07,1.7405978160452965e-08,"Method: equity_%, ATR: 2298061.02, Risk: 3329.50"
2024-01-05 05:00:00,USDJPY,1724624.2966629826,-3352.8030311767184,equity_%,-5.769804287700473e-07,3336.2886863738854,1.1596728654871954e-06,2.319345730974391e-08,"Method: equity_%, ATR: 1724624.30, Risk: 3336.29"
2024-01-05 06:00:00,USDJPY,10640866.17661068,-3420.8624825054058,equity_%,-9.154485589957036e-08,3332.318796374677,1.8795462388166582e-07,3.759092477633317e-09,"Method: equity_%, ATR: 10640866.18, Risk: 3332.32"
2024-01-05 07:00:00,USDJPY,3456403.3418496503,-3584.102364331573,equity_%,-2.6896176861554276e-07,3331.926197460867,5.786361724004484e-07,1.1572723448008967e-08,"Method: equity_%, ATR: 3456403.34, Risk: 3331.93"
2024-01-05 08:00:00,USDJPY,1441450.0070629537,-3658.5839823028277,equity_%,-6.323215588408533e-07,3334.652647202823,1.3874917549691008e-06,2.7749835099382016e-08,"Method: equity_%, ATR: 1441450.01, Risk: 3334.65"
2024-01-05 09:00:00,USDJPY,1833956.916836978,-3699.681672765888,equity_%,-4.917326333892168e-07,3336.433844942142,1.090538159123932e-06,2.1810763182478637e-08,"Method: equity_%, ATR: 1833956.92, Risk: 3336.43"
2024-01-05 10:00:00,USDJPY,1334704.2712788107,-3630.4932925608036,equity_%,-6.875811471282291e-07,3331.767206152551,1.498459278986014e-06,2.9969185579720286e-08,"Method: equity_%, ATR: 1334704.27, Risk: 3331.77"
2024-01-05 11:00:00,USDJPY,2132206.51923848,-3722.191269899744,equity_%,-4.199063391091642e-07,3332.578468610834,9.379954436657019e-07,1.8759908873314038e-08,"Method: equity_%, ATR: 2132206.52, Risk: 3332.58"
2024-01-05 12:00:00,USDJPY,1178437.9623736867,-3722.2389920743803,equity_%,-7.617810493132052e-07,3341.4975214006904,1.697161890449854e-06,3.3943237808997086e-08,"Method: equity_%, ATR: 1178437.96, Risk: 3341.50"
2024-01-05 13:00:00,USDJPY,1595726.0860271298,-3658.359956330092,equity_%,-5.727795383762125e-07,3343.738259716181,1.2533479382914577e-06,2.506695876582915e-08,"Method: equity_%, ATR: 1595726.09, Risk: 3343.74"
2024-01-05 14:00:00,USDJPY,3153810.2365320763,-3546.5585574270212,equity_%,-2.9924004417392945e-07,3347.051567716177,6.34153563468421e-07,1.268307126936842e-08,"Method: equity_%, ATR: 3153810.24, Risk: 3347.05"
2024-01-05 15:00:00,USDJPY,932467.6980893946,-3534.8205258200787,equity_%,-1.0153252898942357e-06,3346.619738212402,2.1448464156967106e-06,4.28969283139342e-08,"Method: equity_%, ATR: 932467.70, Risk: 3346.62"
2024-01-05 16:00:00,USDJPY,1183975.694761516,-3609.6147348001086,equity_%,-7.835956281753966e-07,3348.849590654591,1.6892238657000917e-06,3.3784477314001833e-08,"Method: equity_%, ATR: 1183975.69, Risk: 3348.85"
2024-01-05 17:00:00,USDJPY,1029371.5942147947,-3636.679466191031,equity_%,-8.949692781636969e-07,3350.312606059885,1.942932961469178e-06,3.885865922938356e-08,"Method: equity_%, ATR: 1029371.59, Risk: 3350.31"
2024-01-05 18:00:00,USDJPY,1428794.3526777418,-3549.8831563994263,equity_%,-6.615011801012209e-07,3355.169049355102,1.3997815684613723e-06,2.7995631369227445e-08,"Method: equity_%, ATR: 1428794.35, Risk: 3355.17"
2024-01-05 19:00:00,USDJPY,2602440.853921771,-3484.269877741679,equity_%,-3.7054211991279647e-07,3359.9300520154416,7.685093004077624e-07,1.5370186008155247e-08,"Method: equity_%, ATR: 2602440.85, Risk: 3359.93"
2024-01-05 20:00:00,USDJPY,872199.4664120621,-3469.14486488209,equity_%,-1.1113318215458015e-06,3362.6526004499033,2.2930534551085354e-06,4.586106910217071e-08,"Method: equity_%, ATR: 872199.47, Risk: 3362.65"
2024-01-05 21:00:00,USDJPY,1250107.9912271097,-3460.3886704972233,equity_%,-7.777334133867817e-07,3364.365497896687,1.5998617831702637e-06,3.1997235663405274e-08,"Method: equity_%, ATR: 1250107.99, Risk: 3364.37"
2024-01-05 22:00:00,USDJPY,1097718.6327197615,-3551.7242626967127,equity_%,-8.620173982634349e-07,3360.828175288999,1.8219605100850864e-06,3.6439210201701726e-08,"Method: equity_%, ATR: 1097718.63, Risk: 3360.83"
2024-01-05 23:00:00,USDJPY,3553321.0353013463,-3674.584320639845,equity_%,-2.5711817619962546e-07,3357.186308977712,5.62853730392077e-07,1.1257074607841542e-08,"Method: equity_%, ATR: 3553321.04, Risk: 3357.19"
2024-01-06 00:00:00,USDJPY,2794605.734060051,-3453.8913988604263,equity_%,-3.4799419030722297e-07,3358.9320417179047,7.156644587193221e-07,1.4313289174386438e-08,"Method: equity_%, ATR: 2794605.73, Risk: 3358.93"
2024-01-06 01:00:00,USDJPY,804115.1413172929,-3430.7897522200606,equity_%,-1.219050642713932e-06,3363.0559440522898,2.4872059948076853e-06,4.9744119896153705e-08,"Method: equity_%, ATR: 804115.14, Risk: 3363.06"
2024-01-06 02:00:00,USDJPY,1597592.0954379034,-3355.2061610208752,equity_%,-6.284316316316503e-07,3368.551182223158,1.2518840107629574e-06,2.5037680215259153e-08,"Method: equity_%, ATR: 1597592.10, Risk: 3368.55"
2024-01-06 03:00:00,USDJPY,5594804.450757474,-3033.931808227883,equity_%,-1.9838172158225167e-07,3367.3819659720375,3.574745136497528e-07,7.149490272995055e-09,"Method: equity_%, ATR: 5594804.45, Risk: 3367.38"
2024-01-06 04:00:00,USDJPY,2936659.465982025,-3086.8950744574336,equity_%,-3.711301712782165e-07,3364.354250191114,6.810459377969438e-07,1.3620918755938877e-08,"Method: equity_%, ATR: 2936659.47, Risk: 3364.35"
2024-01-06 05:00:00,USDJPY,1422223.2077709304,-3019.6032271595104,equity_%,-7.844019266281341e-07,3368.653127649797,1.406249025520141e-06,2.812498051040282e-08,"Method: equity_%, ATR: 1422223.21, Risk: 3368.65"
2024-01-06 06:00:00,USDJPY,1241403.6759288774,-3017.9641013852797,equity_%,-8.988919015061342e-07,3367.7090523485026,1.6110794891142117e-06,3.2221589782284234e-08,"Method: equity_%, ATR: 1241403.68, Risk: 3367.71"
2024-01-06 07:00:00,USDJPY,4266778.303493311,-2761.859646502043,equity_%,-2.855064936964064e-07,3364.477847545484,4.6873773553281484e-07,9.374754710656297e-09,"Method: equity_%, ATR: 4266778.30, Risk: 3364.48"
2024-01-06 08:00:00,USDJPY,971064.9811184749,-2751.203163065063,equity_%,-1.2593578871110274e-06,3364.496813071127,2.0595944029372733e-06,4.1191888058745474e-08,"Method: equity_%, ATR: 971064.98, Risk: 3364.50"
2024-01-06 09:00:00,USDJPY,1171959.8687616736,-2760.224476897027,equity_%,-1.0400606848824056e-06,3364.4635161709543,1.7065430765246743e-06,3.413086153049349e-08,"Method: equity_%, ATR: 1171959.87, Risk: 3364.46"
2024-01-06 10:00:00,USDJPY,2517512.645368547,-2666.3290412358956,equity_%,-5.020358220662459e-07,3369.924029399876,7.944349370714732e-07,1.5888698741429463e-08,"Method: equity_%, ATR: 2517512.65, Risk: 3369.92"
2024-01-06 11:00:00,USDJPY,890384.2457998144,-2746.7358555268606,equity_%,-1.3796007080126766e-06,3374.0209311439207,2.2462212347472973e-06,4.492442469494595e-08,"Method: equity_%, ATR: 890384.25, Risk: 3374.02"
2024-01-06 12:00:00,USDJPY,2946970.127191139,-2834.6486652171716,equity_%,-4.0381376888275235e-07,3373.3087698356308,6.786631399980532e-07,1.3573262799961063e-08,"Method: equity_%, ATR: 2946970.13, Risk: 3373.31"
2024-01-06 13:00:00,USDJPY,2302755.0961677115,-2743.0912403796715,equity_%,-5.349343973190597e-07,3379.002632863299,8.685248393667386e-07,1.737049678733477e-08,"Method: equity_%, ATR: 2302755.10, Risk: 3379.00"
2024-01-06 14:00:00,USDJPY,1425127.2910946773,-2776.684136322683,equity_%,-8.543765626821117e-07,3380.877710437042,1.4033834117819385e-06,2.806766823563877e-08,"Method: equity_%, ATR: 1425127.29, Risk: 3380.88"
2024-01-06 15:00:00,USDJPY,4049762.2655407987,-3028.0504355603034,equity_%,-2.760818832743542e-07,3385.560217342924,4.938561497838746e-07,9.877122995677494e-09,"Method: equity_%, ATR: 4049762.27, Risk: 3385.56"
2024-01-06 16:00:00,USDJPY,1916544.9217639617,-2933.968032612833,equity_%,-6.030575464096758e-07,3391.0417528672906,1.043544545858715e-06,2.0870890917174303e-08,"Method: equity_%, ATR: 1916544.92, Risk: 3391.04"
2024-01-06 17:00:00,USDJPY,914638.908611737,-2932.9791528895207,equity_%,-1.2643452874839273e-06,3391.7539741670817,2.186655281301834e-06,4.373310562603668e-08,"Method: equity_%, ATR: 914638.91, Risk: 3391.75"
2024-01-06 18:00:00,USDJPY,1808997.5902684636,-3089.416605979472,equity_%,-6.074649316024387e-07,3394.9679328894626,1.1055846678619348e-06,2.2111693357238694e-08,"Method: equity_%, ATR: 1808997.59, Risk: 3394.97"
2024-01-06 19:00:00,USDJPY,6585933.889215476,-3338.38870667082,equity_%,-1.5442485023999614e-07,3395.2476574961624,3.03677509316487e-07,6.073550186329741e-09,"Method: equity_%, ATR: 6585933.89, Risk: 3395.25"
2024-01-06 20:00:00,USDJPY,3011610.6567199584,-3481.258000201233,equity_%,-3.24253639725472e-07,3399.5379642819207,6.640964679605246e-07,1.3281929359210495e-08,"Method: equity_%, ATR: 3011610.66, Risk: 3399.54"
2024-01-06 21:00:00,USDJPY,2818092.149152703,-3663.562777759104,equity_%,-3.294482716144156e-07,3401.3087897133314,7.097000006196841e-07,1.4194000012393683e-08,"Method: equity_%, ATR: 2818092.15, Risk: 3401.31"
2024-01-06 22:00:00,USDJPY,3914887.0433163666,-3807.283970312015,equity_%,-2.2849177788819387e-07,3405.6897563705284,5.108704230469358e-07,1.0217408460938714e-08,"Method: equity_%, ATR: 3914887.04, Risk: 3405.69"
2024-01-06 23:00:00,USDJPY,6359680.649511097,-3363.083320863423,equity_%,-1.595166609834703e-07,3411.7640263619837,3.14481199642273e-07,6.28962399284546e-09,"Method: equity_%, ATR: 6359680.65, Risk: 3411.76"
2024-01-07 00:00:00,USDJPY,4203633.632395949,-3231.2877686137876,equity_%,-2.5140749656140446e-07,3414.9057218573685,4.757788558419298e-07,9.515577116838596e-09,"Method: equity_%, ATR: 4203633.63, Risk: 3414.91"
2024-01-07 01:00:00,USDJPY,2922015.118749473,-3368.192564535559,equity_%,-3.470998497617205e-07,3416.125342290143,6.844591553160528e-07,1.3689183106321056e-08,"Method: equity_%, ATR: 2922015.12, Risk: 3416.13"
2024-01-07 02:00:00,USDJPY,3443326.528244288,-3494.055516873333,equity_%,-2.8404500207328644e-07,3417.3948586603733,5.808336745280375e-07,1.161667349056075e-08,"Method: equity_%, ATR: 3443326.53, Risk: 3417.39"
2024-01-07 03:00:00,USDJPY,3617621.072603965,-3209.2828094378783,equity_%,-2.937151450057456e-07,3410.023763407437,5.528494996742153e-07,1.1056989993484306e-08,"Method: equity_%, ATR: 3617621.07, Risk: 3410.02"
2024-01-07 04:00:00,USDJPY,1961409.6036438786,-3164.7686797607334,equity_%,-5.492446372496941e-07,3409.385380447943,1.0196748278811468e-06,2.0393496557622937e-08,"Method: equity_%, ATR: 1961409.60, Risk: 3409.39"
2024-01-07 05:00:00,USDJPY,4071050.052556047,-2840.846275331307,equity_%,-2.951678327879367e-07,3413.683101008949,4.91273743673154e-07,9.825474873463083e-09,"Method: equity_%, ATR: 4071050.05, Risk: 3413.68"
2024-01-07 06:00:00,USDJPY,612840.2753873024,-2818.9471279387967,equity_%,-1.9785617687205127e-06,3418.0927446299934,3.2634930834727555e-06,6.526986166945511e-08,"Method: equity_%, ATR: 612840.28, Risk: 3418.09"
2024-01-07 07:00:00,USDJPY,2081073.7150408023,-2892.6397269058025,equity_%,-5.676917882683481e-07,3417.389041655692,9.61042362673245e-07,1.92208472534649e-08,"Method: equity_%, ATR: 2081073.72, Risk: 3417.39"
2024-01-07 08:00:00,USDJPY,2669441.229862032,-2812.7444839341883,equity_%,-4.5540424322682224e-07,3419.3827655089076,7.492204651770395e-07,1.498440930354079e-08,"Method: equity_%, ATR: 2669441.23, Risk: 3419.38"
2024-01-07 09:00:00,USDJPY,1754522.486615665,-2791.054744944483,equity_%,-6.984556053372723e-07,3420.314966242669,1.1399112950999229e-06,2.279822590199846e-08,"Method: equity_%, ATR: 1754522.49, Risk: 3420.31"
2024-01-07 10:00:00,USDJPY,1784841.4626295834,-2894.484769126663,equity_%,-6.627475010887996e-07,3423.883773378797,1.1205477023451853e-06,2.2410954046903708e-08,"Method: equity_%, ATR: 1784841.46, Risk: 3423.88"
2024-01-07 11:00:00,USDJPY,2186748.3799550836,-2927.3297699190116,equity_%,-5.361397819559497e-07,3432.0096176688344,9.145999687632468e-07,1.8291999375264936e-08,"Method: equity_%, ATR: 2186748.38, Risk: 3432.01"
2024-01-07 12:00:00,USDJPY,3675350.59168456,-3074.807180726717,equity_%,-3.040117448548585e-07,3435.63502340284,5.441657741509009e-07,1.0883315483018017e-08,"Method: equity_%, ATR: 3675350.59, Risk: 3435.64"
2024-01-07 13:00:00,USDJPY,8693779.0819855,-2891.446141901159,equity_%,-1.3665287509491573e-07,3435.1244910391306,2.3004955395568175e-07,4.600991079113635e-09,"Method: equity_%, ATR: 8693779.08, Risk: 3435.12"
2024-01-07 14:00:00,USDJPY,1633700.910188254,-2831.4447892516964,equity_%,-7.42885190748316e-07,3436.3892324548583,1.2242142900988755e-06,2.448428580197751e-08,"Method: equity_%, ATR: 1633700.91, Risk: 3436.39"
2024-01-07 15:00:00,USDJPY,3242520.236990481,-2757.491299257944,equity_%,-3.849692213037325e-07,3442.0950172141665,6.168041689251827e-07,1.2336083378503654e-08,"Method: equity_%, ATR: 3242520.24, Risk: 3442.10"
2024-01-07 16:00:00,USDJPY,2157613.331827338,-2682.1440474842357,equity_%,-5.94323708743313e-07,3439.3689864410135,9.269501492680104e-07,1.853900298536021e-08,"Method: equity_%, ATR: 2157613.33, Risk: 3439.37"
2024-01-07 17:00:00,USDJPY,538354.0575639927,-2649.8027814012053,equity_%,-2.410758134220186e-06,3439.0238134445467,3.715027261148237e-06,7.430054522296474e-08,"Method: equity_%, ATR: 538354.06, Risk: 3439.02"
2024-01-07 18:00:00,USDJPY,4784617.933800314,-2765.836642701684,equity_%,-2.601474358818831e-07,3442.6537052405665,4.1800620815953953e-07,8.36012416319079e-09,"Method: equity_%, ATR: 4784617.93, Risk: 3442.65"
2024-01-07 19:00:00,USDJPY,3373633.4498287626,-2671.3894945024276,equity_%,-3.825927814529125e-07,3448.0366990001826,5.928326327513487e-07,1.1856652655026971e-08,"Method: equity_%, ATR: 3373633.45, Risk: 3448.04"
2024-01-07 20:00:00,USDJPY,2187769.8609748357,-2581.1092499073666,equity_%,-6.111990808949487e-07,3451.363602707004,9.141729373256983e-07,1.8283458746513965e-08,"Method: equity_%, ATR: 2187769.86, Risk: 3451.36"
2024-01-07 21:00:00,USDJPY,1862971.1002774956,-2694.099062792964,equity_%,-6.875919082142432e-07,3451.043517961352,1.0735539588896972e-06,2.1471079177793942e-08,"Method: equity_%, ATR: 1862971.10, Risk: 3451.04"
2024-01-07 22:00:00,USDJPY,2538397.1082876995,-2937.1150390448115,equity_%,-4.6329868200000774e-07,3454.1531238653315,7.878987859977195e-07,1.575797571995439e-08,"Method: equity_%, ATR: 2538397.11, Risk: 3454.15"
2024-01-07 23:00:00,USDJPY,1746031.1781288693,-3016.949524018363,equity_%,-6.562454053726222e-07,3456.896002165541,1.1454549180177274e-06,2.2909098360354552e-08,"Method: equity_%, ATR: 1746031.18, Risk: 3456.90"
2024-01-08 00:00:00,USDJPY,2328481.1887110663,-3135.873132669363,equity_%,-4.7377882632105495e-07,3459.44846746661,8.589289918666265e-07,1.717857983733253e-08,"Method: equity_%, ATR: 2328481.19, Risk: 3459.45"
2024-01-08 01:00:00,USDJPY,1398176.3779626181,-3123.101612543379,equity_%,-7.925205140659261e-07,3460.657246435723,1.430434694451312e-06,2.860869388902624e-08,"Method: equity_%, ATR: 1398176.38, Risk: 3460.66"
2024-01-08 02:00:00,USDJPY,3344675.5932061886,-3270.521625623759,equity_%,-3.16516026682363e-07,3462.31622936028,5.979653165952667e-07,1.1959306331905332e-08,"Method: equity_%, ATR: 3344675.59, Risk: 3462.32"
2024-01-08 03:00:00,USDJPY,5447918.141805476,-3405.0728941224324,equity_%,-1.8657625588709976e-07,3461.093729778664,3.6711271130391605e-07,7.34225422607832e-09,"Method: equity_%, ATR: 5447918.14, Risk: 3461.09"
2024-01-08 04:00:00,USDJPY,1409691.74301546,-3395.5075024536886,equity_%,-7.249447726086928e-07,3470.0343424536563,1.4187498862140007e-06,2.8374997724280016e-08,"Method: equity_%, ATR: 1409691.74, Risk: 3470.03"
2024-01-08 05:00:00,USDJPY,1828772.8766656073,-3375.1693682466607,equity_%,-5.625032574266488e-07,3472.005340775688,1.0936295181972464e-06,2.187259036394493e-08,"Method: equity_%, ATR: 1828772.88, Risk: 3472.01"
2024-01-08 06:00:00,USDJPY,2629784.9870667052,-3496.9021128293666,equity_%,-3.7789395739202676e-07,3475.1508776188402,7.605184491644787e-07,1.5210368983289576e-08,"Method: equity_%, ATR: 2629784.99, Risk: 3475.15"
2024-01-08 07:00:00,USDJPY,2318547.0251204832,-3522.542247666641,equity_%,-4.256055588533225e-07,3475.997143969555,8.626092023715025e-07,1.725218404743005e-08,"Method: equity_%, ATR: 2318547.03, Risk: 3476.00"
2024-01-08 08:00:00,USDJPY,1076851.6054345265,-3535.504723699949,equity_%,-9.140629163134528e-07,3480.0330749576933,1.857266117175884e-06,3.714532234351768e-08,"Method: equity_%, ATR: 1076851.61, Risk: 3480.03"
2024-01-08 09:00:00,USDJPY,2718316.4952644254,-3361.2310666883363,equity_%,-3.806150486755625e-07,3477.6377761330073,7.357494991787e-07,1.4714989983574003e-08,"Method: equity_%, ATR: 2718316.50, Risk: 3477.64"
2024-01-08 10:00:00,USDJPY,3958980.4785369686,-3614.4664308683177,equity_%,-2.427671258629723e-07,3473.9009595264647,5.051805662702069e-07,1.0103611325404137e-08,"Method: equity_%, ATR: 3958980.48, Risk: 3473.90"
2024-01-08 11:00:00,USDJPY,2070842.7674970245,-3480.463044972201,equity_%,-4.821801644704128e-07,3475.309545004192,9.657903687286452e-07,1.9315807374572905e-08,"Method: equity_%, ATR: 2070842.77, Risk: 3475.31"
2024-01-08 12:00:00,USDJPY,1368129.424628869,-3578.4539526419153,equity_%,-7.114220644449846e-07,3482.971710829545,1.461850000443151e-06,2.923700000886302e-08,"Method: equity_%, ATR: 1368129.42, Risk: 3482.97"
2024-01-08 13:00:00,USDJPY,854078.6008667237,-3583.6551094522833,equity_%,-1.1396315549148877e-06,3488.0966733331647,2.3417048477392936e-06,4.683409695478588e-08,"Method: equity_%, ATR: 854078.60, Risk: 3488.10"
2024-01-08 14:00:00,USDJPY,1759199.0452505252,-3698.4706472001667,equity_%,-5.359646285630021e-07,3487.1713340439737,1.136881017187673e-06,2.2737620343753455e-08,"Method: equity_%, ATR: 1759199.05, Risk: 3487.17"
2024-01-08 15:00:00,USDJPY,4011139.7281749216,-3823.1760247172087,equity_%,-2.2759392608451545e-07,3490.219596273893,4.986114011316192e-07,9.972228022632386e-09,"Method: equity_%, ATR: 4011139.73, Risk: 3490.22"
2024-01-08 16:00:00,USDJPY,3879291.9381573712,-4111.851049085624,equity_%,-2.1878228175071878e-07,3489.811627840401,5.155580017909098e-07,1.0311160035818195e-08,"Method: equity_%, ATR: 3879291.94, Risk: 3489.81"
2024-01-08 17:00:00,USDJPY,5986112.312053492,-4480.424168917599,equity_%,-1.302218087217259e-07,3492.5908779027336,3.3410666150931517e-07,6.682133230186304e-09,"Method: equity_%, ATR: 5986112.31, Risk: 3492.59"
2024-01-08 18:00:00,USDJPY,4380079.145643458,-4299.25105966156,equity_%,-1.856297030837361e-07,3495.6040595314716,4.566127536734703e-07,9.132255073469403e-09,"Method: equity_%, ATR: 4380079.15, Risk: 3495.60"
2024-01-08 19:00:00,USDJPY,2748234.0065843617,-4131.588736956833,equity_%,-3.082355980440339e-07,3499.883496894166,7.277400669696599e-07,1.4554801339393198e-08,"Method: equity_%, ATR: 2748234.01, Risk: 3499.88"
2024-01-08 20:00:00,USDJPY,2368596.403280244,-3981.895562514695,equity_%,-3.70745396317922e-07,3496.686505802693,8.443819289897684e-07,1.6887638579795372e-08,"Method: equity_%, ATR: 2368596.40, Risk: 3496.69"
2024-01-08 21:00:00,USDJPY,1442712.357718101,-3952.7615330250246,equity_%,-6.12760801376738e-07,3494.3897418361285,1.3862777214741167e-06,2.7725554429482335e-08,"Method: equity_%, ATR: 1442712.36, Risk: 3494.39"
2024-01-08 22:00:00,USDJPY,2736282.9386728983,-3832.2069357736796,equity_%,-3.333646968794807e-07,3495.6630301624136,7.309185653768698e-07,1.4618371307537395e-08,"Method: equity_%, ATR: 2736282.94, Risk: 3495.66"
2024-01-08 23:00:00,USDJPY,1351896.5017506434,-3917.009287439178,equity_%,-6.598314759367335e-07,3494.06576015542,1.4794031920417669e-06,2.9588063840835336e-08,"Method: equity_%, ATR: 1351896.50, Risk: 3494.07"
2024-01-09 00:00:00,USDJPY,1772639.8525097102,-3820.1040487266187,equity_%,-5.157128560565362e-07,3492.236593945465,1.1282607672214931e-06,2.2565215344429864e-08,"Method: equity_%, ATR: 1772639.85, Risk: 3492.24"
2024-01-09 01:00:00,USDJPY,1851406.740533157,-3848.1110249896983,equity_%,-4.90503480795576e-07,3494.5521660831337,1.0802596513308857e-06,2.1605193026617715e-08,"Method: equity_%, ATR: 1851406.74, Risk: 3494.55"
2024-01-09 02:00:00,USDJPY,1555525.9991103048,-3851.4017695471834,equity_%,-5.830963040045717e-07,3493.304059389795,1.2857387154852546e-06,2.571477430970509e-08,"Method: equity_%, ATR: 1555526.00, Risk: 3493.30"
2024-01-09 03:00:00,USDJPY,7248489.449380168,-3515.4644284278843,equity_%,-1.3741478596533841e-07,3501.57703006096,2.7591955730459456e-07,5.51839114609189e-09,"Method: equity_%, ATR: 7248489.45, Risk: 3501.58"
2024-01-09 04:00:00,USDJPY,923815.0833792133,-3528.5703136805228,equity_%,-1.074156396869549e-06,3501.4775320990784,2.164935424830066e-06,4.329870849660132e-08,"Method: equity_%, ATR: 923815.08, Risk: 3501.48"
2024-01-09 05:00:00,USDJPY,3295217.824506003,-3707.049228735498,equity_%,-2.866977928786713e-07,3502.166835846456,6.069401497911073e-07,1.2138802995822148e-08,"Method: equity_%, ATR: 3295217.82, Risk: 3502.17"
2024-01-09 06:00:00,USDJPY,1229938.029935479,-3656.859750680447,equity_%,-7.791873583955708e-07,3504.559457468007,1.626098186511818e-06,3.2521963730236365e-08,"Method: equity_%, ATR: 1229938.03, Risk: 3504.56"
2024-01-09 07:00:00,USDJPY,3105293.41714227,-3478.754897039542,equity_%,-3.241395849890542e-07,3501.5355913245694,6.44061520550465e-07,1.2881230411009301e-08,"Method: equity_%, ATR: 3105293.42, Risk: 3501.54"
2024-01-09 08:00:00,USDJPY,1386048.6117955635,-3440.487805723194,equity_%,-7.349116831272697e-07,3504.5611048610654,1.4429508337439118e-06,2.8859016674878235e-08,"Method: equity_%, ATR: 1386048.61, Risk: 3504.56"
2024-01-09 09:00:00,USDJPY,1540491.2783487272,-3438.5581773005665,equity_%,-6.620804044248394e-07,3507.085507810567,1.2982871296381675e-06,2.596574259276335e-08,"Method: equity_%, ATR: 1540491.28, Risk: 3507.09"
2024-01-09 10:00:00,USDJPY,1669471.281024562,-3514.2180021349664,equity_%,-5.978533711809213e-07,3507.5375912644336,1.1979840700060387e-06,2.3959681400120773e-08,"Method: equity_%, ATR: 1669471.28, Risk: 3507.54"
2024-01-09 11:00:00,USDJPY,1721185.7405988576,-3417.031237954136,equity_%,-5.967783065680603e-07,3509.8593731872224,1.1619896405277756e-06,2.323979281055551e-08,"Method: equity_%, ATR: 1721185.74, Risk: 3509.86"
2024-01-09 12:00:00,USDJPY,2207356.9236429874,-3490.358468915996,equity_%,-4.5592307054665785e-07,3512.6442207256946,9.060609902177628e-07,1.8121219804355256e-08,"Method: equity_%, ATR: 2207356.92, Risk: 3512.64"
2024-01-09 13:00:00,USDJPY,3036280.267174034,-3411.361001703749,equity_%,-3.396892637389984e-07,3518.449792862595,6.587007206226933e-07,1.3174014412453867e-08,"Method: equity_%, ATR: 3036280.27, Risk: 3518.45"
2024-01-09 14:00:00,USDJPY,2139060.2163397307,-3311.5145932336764,equity_%,-4.979792581361914e-07,3527.450577266535,9.349900412912712e-07,1.8699800825825424e-08,"Method: equity_%, ATR: 2139060.22, Risk: 3527.45"
2024-01-09 15:00:00,USDJPY,3041978.8129348764,-3462.455323095048,equity_%,-3.34744254329394e-07,3525.7660743036313,6.574667750793491e-07,1.3149335501586981e-08,"Method: equity_%, ATR: 3041978.81, Risk: 3525.77"
2024-01-09 16:00:00,USDJPY,2421085.8173513226,-3361.084318396345,equity_%,-4.3298131784396565e-07,3523.374032073807,8.260756333652014e-07,1.6521512667304024e-08,"Method: equity_%, ATR: 2421085.82, Risk: 3523.37"
2024-01-09 17:00:00,USDJPY,1166925.972082313,-3352.212959872135,equity_%,-9.011698883004377e-07,3525.182280907731,1.713904778750544e-06,3.427809557501088e-08,"Method: equity_%, ATR: 1166925.97, Risk: 3525.18"
2024-01-09 18:00:00,USDJPY,1998585.5748141694,-3228.8486786473463,equity_%,-5.455407393612416e-07,3520.4455254656928,1.0007077130965293e-06,2.0014154261930585e-08,"Method: equity_%, ATR: 1998585.57, Risk: 3520.45"
2024-01-09 19:00:00,USDJPY,1463092.4516109917,-3248.6281215203003,equity_%,-7.413973661878015e-07,3523.8937711611693,1.366967615612962e-06,2.7339352312259233e-08,"Method: equity_%, ATR: 1463092.45, Risk: 3523.89"
2024-01-09 20:00:00,USDJPY,661525.8005018905,-3229.883237159367,equity_%,-1.6501210812417906e-06,3525.733013450388,3.0233136764773615e-06,6.046627352954724e-08,"Method: equity_%, ATR: 661525.80, Risk: 3525.73"
2024-01-09 21:00:00,USDJPY,771905.9459603113,-3175.965078745778,equity_%,-1.4392283075818852e-06,3528.3348732481722,2.590989239643495e-06,5.1819784792869896e-08,"Method: equity_%, ATR: 771905.95, Risk: 3528.33"
2024-01-09 22:00:00,USDJPY,1433040.6065507531,-3166.378028040525,equity_%,-7.777160554565088e-07,3528.9241574428124,1.3956338647052615e-06,2.7912677294105234e-08,"Method: equity_%, ATR: 1433040.61, Risk: 3528.92"
2024-01-09 23:00:00,USDJPY,3558590.1886651847,-3088.0045193234832,equity_%,-3.213402178982117e-07,3531.1892047407177,5.620203209603614e-07,1.1240406419207229e-08,"Method: equity_%, ATR: 3558590.19, Risk: 3531.19"
2024-01-10 00:00:00,USDJPY,443665.43176673073,-3072.4559154405215,equity_%,-2.592616673991919e-06,3534.1059234736495,4.507901352683152e-06,9.015802705366303e-08,"Method: equity_%, ATR: 443665.43, Risk: 3534.11"
2024-01-10 01:00:00,USDJPY,1628916.5268232909,-3220.124702362186,equity_%,-6.741647421595152e-07,3536.205993690649,1.227809999509548e-06,2.4556199990190967e-08,"Method: equity_%, ATR: 1628916.53, Risk: 3536.21"
2024-01-10 02:00:00,USDJPY,2047795.3439205838,-3279.487526642909,equity_%,-5.261790355679217e-07,3533.670697844261,9.766600973761969e-07,1.953320194752394e-08,"Method: equity_%, ATR: 2047795.34, Risk: 3533.67"
2024-01-10 03:00:00,USDJPY,612459.9172895296,-3279.692554375153,equity_%,-1.7602038699267765e-06,3535.686715325866,3.265519821853967e-06,6.531039643707934e-08,"Method: equity_%, ATR: 612459.92, Risk: 3535.69"
2024-01-10 04:00:00,USDJPY,1822675.6850401626,-3360.81025438011,equity_%,-5.783449431126622e-07,3542.7486093840157,1.0972879138155235e-06,2.1945758276310468e-08,"Method: equity_%, ATR: 1822675.69, Risk: 3542.75"
2024-01-10 05:00:00,USDJPY,2342598.517777401,-3308.8492412999594,equity_%,-4.573386204584407e-07,3544.9712855594553,8.537527812907312e-07,1.7075055625814623e-08,"Method: equity_%, ATR: 2342598.52, Risk: 3544.97"
2024-01-10 06:00:00,USDJPY,4979836.589402393,-3143.8353282081807,equity_%,-2.2655409363887915e-07,3546.88245239776,4.016196041966933e-07,8.032392083933866e-09,"Method: equity_%, ATR: 4979836.59, Risk: 3546.88"
2024-01-10 07:00:00,USDJPY,1822787.076007744,-3289.0444642866746,equity_%,-5.926484728060694e-07,3553.062565371432,1.0972208582805988e-06,2.1944417165611973e-08,"Method: equity_%, ATR: 1822787.08, Risk: 3553.06"
2024-01-10 08:00:00,USDJPY,4509371.339418762,-2999.390565274481,equity_%,-2.6264174720977577e-07,3552.3257186981373,4.4352080355790587e-07,8.870416071158118e-09,"Method: equity_%, ATR: 4509371.34, Risk: 3552.33"
2024-01-10 09:00:00,USDJPY,2890006.416864485,-2804.4242981443213,equity_%,-4.388131602303051e-07,3556.4947516183975,6.92039985907679e-07,1.384079971815358e-08,"Method: equity_%, ATR: 2890006.42, Risk: 3556.49"
2024-01-10 10:00:00,USDJPY,2565501.70465287,-2673.41413391644,equity_%,-5.185284346218468e-07,3556.404279559241,7.795746135630082e-07,1.5591492271260166e-08,"Method: equity_%, ATR: 2565501.70, Risk: 3556.40"
2024-01-10 11:00:00,USDJPY,1886316.4730085009,-2730.885174265464,equity_%,-6.913118174933163e-07,3561.164029589276,1.0602674729390366e-06,2.1205349458780737e-08,"Method: equity_%, ATR: 1886316.47, Risk: 3561.16"
2024-01-10 12:00:00,USDJPY,4756815.573212911,-2502.9554103986015,equity_%,-2.994312990761569e-07,3565.058174052679,4.204493466727224e-07,8.408986933454448e-09,"Method: equity_%, ATR: 4756815.57, Risk: 3565.06"
2024-01-10 13:00:00,USDJPY,1119485.3118617765,-2494.4138790589814,equity_%,-1.276767338251216e-06,3565.3213374626976,1.7865352754596402e-06,3.573070550919281e-08,"Method: equity_%, ATR: 1119485.31, Risk: 3565.32"
2024-01-10 14:00:00,USDJPY,1471893.5638305312,-2572.5697328142355,equity_%,-9.417608519204891e-07,3566.0234540836987,1.3587939027296904e-06,2.7175878054593807e-08,"Method: equity_%, ATR: 1471893.56, Risk: 3566.02"
2024-01-10 15:00:00,USDJPY,2636349.2625662,-2735.294551584737,equity_%,-4.951271579817415e-07,3570.456888707953,7.586248257763909e-07,1.517249651552782e-08,"Method: equity_%, ATR: 2636349.26, Risk: 3570.46"
2024-01-10 16:00:00,USDJPY,2533160.023570431,-2762.361658791818,equity_%,-5.096660855715697e-07,3566.3905360042836,7.895276971807907e-07,1.5790553943615815e-08,"Method: equity_%, ATR: 2533160.02, Risk: 3566.39"
2024-01-10 17:00:00,USDJPY,7337131.37782368,-3108.5569023739417,equity_%,-1.5637416209814592e-07,3566.5647486745993,2.7258609625622303e-07,5.451721925124462e-09,"Method: equity_%, ATR: 7337131.38, Risk: 3566.56"
2024-01-10 18:00:00,USDJPY,4028914.4669066854,-3401.3628866247986,equity_%,-2.6050628032824983e-07,3569.926001125473,4.964116305838474e-07,9.928232611676947e-09,"Method: equity_%, ATR: 4028914.47, Risk: 3569.93"
2024-01-10 19:00:00,USDJPY,2243981.960247238,-3271.5295192590243,equity_%,-4.863613298771433e-07,3570.501680811288,8.912727621837225e-07,1.782545524367445e-08,"Method: equity_%, ATR: 2243981.96, Risk: 3570.50"
2024-01-10 20:00:00,USDJPY,2386857.948511965,-3380.5683950051616,equity_%,-4.4273570022820584e-07,3572.406270951909,8.379216707248361e-07,1.675843341449672e-08,"Method: equity_%, ATR: 2386857.95, Risk: 3572.41"
2024-01-10 21:00:00,USDJPY,1709956.1617386462,-3379.290118542074,equity_%,-6.174303232986561e-07,3567.7828181149275,1.169620628148995e-06,2.33924125629799e-08,"Method: equity_%, ATR: 1709956.16, Risk: 3567.78"
2024-01-10 22:00:00,USDJPY,4468491.688810941,-3078.469460892409,equity_%,-2.5928245961196484e-07,3566.719383827919,4.475783193259552e-07,8.951566386519105e-09,"Method: equity_%, ATR: 4468491.69, Risk: 3566.72"
2024-01-10 23:00:00,USDJPY,4887225.820092467,-3009.490182577063,equity_%,-2.4274161220704417e-07,3570.2577418443743,4.0923011819457117e-07,8.184602363891425e-09,"Method: equity_%, ATR: 4887225.82, Risk: 3570.26"
2024-01-11 00:00:00,USDJPY,2616454.020003607,-2974.3646496867054,equity_%,-4.586703244138358e-07,3569.5047197131807,7.643933295633617e-07,1.5287866591267234e-08,"Method: equity_%, ATR: 2616454.02, Risk: 3569.50"
2024-01-11 01:00:00,USDJPY,603239.2290511188,-2968.3439492899784,equity_%,-1.9921001225814087e-06,3567.0973405807144,3.3154342484422857e-06,6.63086849688457e-08,"Method: equity_%, ATR: 603239.23, Risk: 3567.10"
2024-01-11 02:00:00,USDJPY,1572625.4036613454,-2953.561448860763,equity_%,-7.689775605714542e-07,3571.7821661795783,1.271758675234199e-06,2.5435173504683986e-08,"Method: equity_%, ATR: 1572625.40, Risk: 3571.78"
2024-01-11 03:00:00,USDJPY,917875.6693954438,-2908.376500215558,equity_%,-1.3391240632050768e-06,3574.8292183417875,2.1789443458255025e-06,4.357888691651005e-08,"Method: equity_%, ATR: 917875.67, Risk: 3574.83"
2024-01-11 04:00:00,USDJPY,979756.2709336262,-2969.5018162297515,equity_%,-1.228115186545237e-06,3573.063618283336,2.0413240101991556e-06,4.08264802039831e-08,"Method: equity_%, ATR: 979756.27, Risk: 3573.06"
2024-01-11 05:00:00,USDJPY,3780160.934847004,-3095.771387725874,equity_%,-3.0548812934902756e-07,3574.979129816632,5.290780034159966e-07,1.0581560068319931e-08,"Method: equity_%, ATR: 3780160.93, Risk: 3574.98"
2024-01-11 06:00:00,USDJPY,3229278.723058942,-3010.8688179105957,equity_%,-3.6751366014219436e-07,3573.311286432456,6.193333470161088e-07,1.2386666940322175e-08,"Method: equity_%, ATR: 3229278.72, Risk: 3573.31"
2024-01-11 07:00:00,USDJPY,1882391.442300227,-3063.7821612244047,equity_%,-6.197688269256756e-07,3574.3539092618294,1.0624782683648725e-06,2.124956536729745e-08,"Method: equity_%, ATR: 1882391.44, Risk: 3574.35"
2024-01-11 08:00:00,USDJPY,1371345.1757409575,-3098.864171897998,equity_%,-8.415783629010135e-07,3576.3818738304058,1.4584220190364337e-06,2.9168440380728672e-08,"Method: equity_%, ATR: 1371345.18, Risk: 3576.38"
2024-01-11 09:00:00,USDJPY,2064274.1085015724,-3120.586728873103,equity_%,-5.550445747808575e-07,3575.4563846328047,9.688635786125187e-07,1.9377271572250376e-08,"Method: equity_%, ATR: 2064274.11, Risk: 3575.46"
2024-01-11 10:00:00,USDJPY,3145575.8714832836,-3013.248494281227,equity_%,-3.776146522026824e-07,3579.1833834333806,6.358136257755906e-07,1.2716272515511812e-08,"Method: equity_%, ATR: 3145575.87, Risk: 3579.18"
2024-01-11 11:00:00,USDJPY,4578904.966321079,-2859.8518922286075,equity_%,-2.736447625931973e-07,3583.375438540346,4.367856539304637e-07,8.735713078609274e-09,"Method: equity_%, ATR: 4578904.97, Risk: 3583.38"
2024-01-11 12:00:00,USDJPY,1549878.4494590564,-2818.0301909206305,equity_%,-8.209686407782156e-07,3585.6661351150456,1.2904237752954412e-06,2.5808475505908825e-08,"Method: equity_%, ATR: 1549878.45, Risk: 3585.67"
2024-01-11 13:00:00,USDJPY,1773470.2565924544,-2760.12101827083,equity_%,-7.330773355038938e-07,3588.4080815696666,1.1277324739817175e-06,2.255464947963435e-08,"Method: equity_%, ATR: 1773470.26, Risk: 3588.41"
2024-01-11 14:00:00,USDJPY,2545666.12105225,-2605.692284239461,equity_%,-5.405441408431105e-07,3585.5495950545605,7.856489833683691e-07,1.5712979667367386e-08,"Method: equity_%, ATR: 2545666.12, Risk: 3585.55"
2024-01-11 15:00:00,USDJPY,2287870.5406911466,-2563.2128368347367,equity_%,-6.123726078201328e-07,3591.136156735091,8.741753365974181e-07,1.7483506731948362e-08,"Method: equity_%, ATR: 2287870.54, Risk: 3591.14"
2024-01-11 16:00:00,USDJPY,2479053.387156846,-2696.6104603862996,equity_%,-5.373732222269714e-07,3592.3621817709213,8.067595519972815e-07,1.613519103994563e-08,"Method: equity_%, ATR: 2479053.39, Risk: 3592.36"
2024-01-11 17:00:00,USDJPY,3173600.571825009,-2897.078871555981,equity_%,-3.9057967802185397e-07,3591.0564126755453,6.301990293787604e-07,1.2603980587575208e-08,"Method: equity_%, ATR: 3173600.57, Risk: 3591.06"
2024-01-11 18:00:00,USDJPY,1270171.6987351892,-2872.568229977751,equity_%,-9.84744803140283e-07,3592.9939201129137,1.5745902715290844e-06,3.149180543058169e-08,"Method: equity_%, ATR: 1270171.70, Risk: 3592.99"
2024-01-11 19:00:00,USDJPY,4208877.510490279,-2802.0204379612774,equity_%,-3.0497924972184693e-07,3596.7303300900803,4.751860787146135e-07,9.503721574292271e-09,"Method: equity_%, ATR: 4208877.51, Risk: 3596.73"
2024-01-11 20:00:00,USDJPY,895830.7430962168,-2786.634793373844,equity_%,-1.4420104885354731e-06,3599.7673787912427,2.232564594833502e-06,4.465129189667005e-08,"Method: equity_%, ATR: 895830.74, Risk: 3599.77"
2024-01-11 21:00:00,USDJPY,2314893.085078288,-2675.2468666461446,equity_%,-5.80989071889174e-07,3598.0133076968773,8.639707867684791e-07,1.7279415735369582e-08,"Method: equity_%, ATR: 2314893.09, Risk: 3598.01"
2024-01-11 22:00:00,USDJPY,4836488.556789913,-2493.6038731141693,equity_%,-2.9864847673826616e-07,3601.78622136543,4.135231535267904e-07,8.270463070535808e-09,"Method: equity_%, ATR: 4836488.56, Risk: 3601.79"
2024-01-11 23:00:00,USDJPY,6007976.363606055,-2401.06620520477,equity_%,-2.4977241712194386e-07,3603.1042441200325,3.328907903358623e-07,6.657815806717246e-09,"Method: equity_%, ATR: 6007976.36, Risk: 3603.10"
2024-01-12 00:00:00,USDJPY,5056326.821281787,-2637.4546160893296,equity_%,-2.7040740445297067e-07,3606.107856667185,3.955440521728374e-07,7.910881043456748e-09,"Method: equity_%, ATR: 5056326.82, Risk: 3606.11"
2024-01-12 01:00:00,USDJPY,4596972.765954356,-2492.668578457881,equity_%,-3.146250358933298e-07,3605.203202165441,4.350689251004926e-07,8.701378502009852e-09,"Method: equity_%, ATR: 4596972.77, Risk: 3605.20"
2024-01-12 02:00:00,USDJPY,2914546.0938791665,-2226.3289712729097,equity_%,-5.563240048462217e-07,3609.840936933601,6.862131994413115e-07,1.372426398882623e-08,"Method: equity_%, ATR: 2914546.09, Risk: 3609.84"
2024-01-12 03:00:00,USDJPY,1696834.3947298308,-2181.292899369274,equity_%,-9.758452687894194e-07,3611.8890835123957,1.1786654055409097e-06,2.3573308110818198e-08,"Method: equity_%, ATR: 1696834.39, Risk: 3611.89"
2024-01-12 04:00:00,USDJPY,588716.6192263248,-2152.193947464986,equity_%,-2.8546671035411903e-06,3616.9555534548103,3.3972202154380236e-06,6.794440430876046e-08,"Method: equity_%, ATR: 588716.62, Risk: 3616.96"
2024-01-12 05:00:00,USDJPY,1898901.834150447,-2171.182323214089,equity_%,-8.765393712262865e-07,3613.850949128242,1.0532403329289443e-06,2.1064806658578888e-08,"Method: equity_%, ATR: 1898901.83, Risk: 3613.85"
2024-01-12 06:00:00,USDJPY,1356519.1823711712,-2103.4657208515855,equity_%,-1.2655629504300628e-06,3611.146691769397,1.4743617532219748e-06,2.9487235064439497e-08,"Method: equity_%, ATR: 1356519.18, Risk: 3611.15"
2024-01-12 07:00:00,USDJPY,1498239.6038440038,-2053.2517241784553,equity_%,-1.1741280084727446e-06,3611.9266082294907,1.334899968515476e-06,2.6697999370309518e-08,"Method: equity_%, ATR: 1498239.60, Risk: 3611.93"
2024-01-12 08:00:00,USDJPY,2089499.749982383,-2153.1548183755876,equity_%,-8.041378642958207e-07,3617.829483289409,9.571669008416307e-07,1.9143338016832616e-08,"Method: equity_%, ATR: 2089499.75, Risk: 3617.83"
2024-01-12 09:00:00,USDJPY,429007.42133159837,-2122.2305966434496,equity_%,-3.981775234004073e-06,3625.21791598243,4.661924014722612e-06,9.323848029445224e-08,"Method: equity_%, ATR: 429007.42, Risk: 3625.22"
2024-01-12 10:00:00,USDJPY,2182557.565166053,-2261.8400673381375,equity_%,-7.341197308522816e-07,3624.052637085206,9.163561282049559e-07,1.8327122564099123e-08,"Method: equity_%, ATR: 2182557.57, Risk: 3624.05"
2024-01-12 11:00:00,USDJPY,3088735.0413263333,-2115.4818363532745,equity_%,-5.548854300545073e-07,3625.71177818004,6.475142649792259e-07,1.295028529958452e-08,"Method: equity_%, ATR: 3088735.04, Risk: 3625.71"
2024-01-12 12:00:00,USDJPY,1140361.2612160738,-2136.927792434618,equity_%,-1.4886628017212298e-06,3627.677234105882,1.7538301834869533e-06,3.507660366973907e-08,"Method: equity_%, ATR: 1140361.26, Risk: 3627.68"
2024-01-12 13:00:00,USDJPY,2718807.523591481,-2256.4576907001006,equity_%,-5.919162513266922e-07,3631.331706944996,7.35616619656123e-07,1.4712332393122463e-08,"Method: equity_%, ATR: 2718807.52, Risk: 3631.33"
2024-01-12 14:00:00,USDJPY,1173958.2842075424,-2252.327548491664,equity_%,-1.3749228639261282e-06,3635.4865949442333,1.70363804822082e-06,3.40727609644164e-08,"Method: equity_%, ATR: 1173958.28, Risk: 3635.49"
2024-01-12 15:00:00,USDJPY,5272028.838070173,-2028.2516073722968,equity_%,-3.3981511946769455e-07,3633.6434003654977,3.793605955941812e-07,7.587211911883624e-09,"Method: equity_%, ATR: 5272028.84, Risk: 3633.64"
2024-01-12 16:00:00,USDJPY,1146396.6048968337,-2044.3789286543054,equity_%,-1.5511307624201667e-06,3635.33718044615,1.7445969322108935e-06,3.489193864421787e-08,"Method: equity_%, ATR: 1146396.60, Risk: 3635.34"
2024-01-12 17:00:00,USDJPY,2443840.694300634,-2073.7486685098947,equity_%,-7.16431553402429e-07,3630.81162667484,8.183839497657396e-07,1.636767899531479e-08,"Method: equity_%, ATR: 2443840.69, Risk: 3630.81"
2024-01-12 18:00:00,USDJPY,3631936.479788583,-2323.1377669830713,equity_%,-4.3078504578573845e-07,3634.744000523962,5.506704236513578e-07,1.1013408473027154e-08,"Method: equity_%, ATR: 3631936.48, Risk: 3634.74"
2024-01-12 19:00:00,USDJPY,5314272.587880682,-2464.567371326104,equity_%,-2.775537823247613e-07,3635.2281409189895,3.7634501560214373e-07,7.526900312042874e-09,"Method: equity_%, ATR: 5314272.59, Risk: 3635.23"
2024-01-12 20:00:00,USDJPY,1824210.3250993933,-2542.11420493966,equity_%,-7.834455511708382e-07,3633.1119946810836,1.0963648064490749e-06,2.1927296128981495e-08,"Method: equity_%, ATR: 1824210.33, Risk: 3633.11"
2024-01-12 21:00:00,USDJPY,781872.724431696,-2565.101578751784,equity_%,-1.8127445774830227e-06,3635.609635110954,2.557961081777983e-06,5.115922163555967e-08,"Method: equity_%, ATR: 781872.72, Risk: 3635.61"
2024-01-12 22:00:00,USDJPY,2683887.8221853566,-2423.756734123315,equity_%,-5.589468195431005e-07,3636.0000273819373,7.451876279879311e-07,1.4903752559758622e-08,"Method: equity_%, ATR: 2683887.82, Risk: 3636.00"
2024-01-12 23:00:00,USDJPY,3017368.891677156,-2157.9127083178964,equity_%,-5.592323942855787e-07,3641.284410474266,6.628291308751222e-07,1.3256582617502444e-08,"Method: equity_%, ATR: 3017368.89, Risk: 3641.28"
2024-01-13 00:00:00,USDJPY,2654915.6289758137,-2292.165765400543,equity_%,-5.981599946699047e-07,3640.106664067627,7.533196076635924e-07,1.506639215327185e-08,"Method: equity_%, ATR: 2654915.63, Risk: 3640.11"
2024-01-13 01:00:00,USDJPY,1733089.0225090298,-2222.5110119126866,equity_%,-9.471588844659899e-07,3648.27552966781,1.1540088097174356e-06,2.3080176194348714e-08,"Method: equity_%, ATR: 1733089.02, Risk: 3648.28"
2024-01-13 02:00:00,USDJPY,4094687.1466519064,-2059.051038902477,equity_%,-4.331948321341792e-07,3652.3391962967003,4.88437804493888e-07,9.76875608987776e-09,"Method: equity_%, ATR: 4094687.15, Risk: 3652.34"
2024-01-13 03:00:00,USDJPY,3190026.9357614843,-2147.0296069510664,equity_%,-5.340426835370045e-07,3657.702279536253,6.269539537673479e-07,1.2539079075346958e-08,"Method: equity_%, ATR: 3190026.94, Risk: 3657.70"
2024-01-13 04:00:00,USDJPY,1272899.874857535,-2170.669898079708,equity_%,-1.3232195590617747e-06,3656.1157709316076,1.5712154895323901e-06,3.1424309790647804e-08,"Method: equity_%, ATR: 1272899.87, Risk: 3656.12"
2024-01-13 05:00:00,USDJPY,2662198.9708807427,-2145.156688713791,equity_%,-6.414091522458906e-07,3662.981149063009,7.512586481611983e-07,1.5025172963223966e-08,"Method: equity_%, ATR: 2662198.97, Risk: 3662.98"
2024-01-13 06:00:00,USDJPY,2189528.3157513724,-2136.0843863510927,equity_%,-7.827303839225973e-07,3660.8435067267847,9.134387464240979e-07,1.8268774928481962e-08,"Method: equity_%, ATR: 2189528.32, Risk: 3660.84"
2024-01-13 07:00:00,USDJPY,1744485.827562562,-2093.059009110985,equity_%,-1.002848919682744e-06,3661.7140716374233,1.146469617809649e-06,2.2929392356192984e-08,"Method: equity_%, ATR: 1744485.83, Risk: 3661.71"
2024-01-13 08:00:00,USDJPY,10191802.173085053,-2358.6781570003495,equity_%,-1.5254795977357566e-07,3667.128041519644,1.9623614803686887e-07,3.924722960737377e-09,"Method: equity_%, ATR: 10191802.17, Risk: 3667.13"
2024-01-13 09:00:00,USDJPY,1721960.8671598644,-2367.331818632846,equity_%,-9.003289312246782e-07,3670.148348737157,1.1614665804216112e-06,2.3229331608432222e-08,"Method: equity_%, ATR: 1721960.87, Risk: 3670.15"
2024-01-13 10:00:00,USDJPY,943328.5105336154,-2437.3127979717124,equity_%,-1.5953167006809205e-06,3667.930862985269,2.12015218205231e-06,4.24030436410462e-08,"Method: equity_%, ATR: 943328.51, Risk: 3667.93"
2024-01-13 11:00:00,USDJPY,2311172.8895068653,-2270.84535608689,equity_%,-6.998124611660685e-07,3672.837093170797,8.653614833751099e-07,1.7307229667502197e-08,"Method: equity_%, ATR: 2311172.89, Risk: 3672.84"
2024-01-13 12:00:00,USDJPY,648406.2023675051,-2302.230487631558,equity_%,-2.4620879552756857e-06,3675.356956529025,3.0844862259143477e-06,6.168972451828695e-08,"Method: equity_%, ATR: 648406.20, Risk: 3675.36"
2024-01-13 13:00:00,USDJPY,3987516.3313403483,-2377.0533910097333,equity_%,-3.877821541511707e-07,3675.60835582086,5.015653438910751e-07,1.0031306877821502e-08,"Method: equity_%, ATR: 3987516.33, Risk: 3675.61"
2024-01-13 14:00:00,USDJPY,1460103.1982589667,-2377.7808982561955,equity_%,-1.0578018653634431e-06,3672.482328052711,1.3697661935024926e-06,2.7395323870049855e-08,"Method: equity_%, ATR: 1460103.20, Risk: 3672.48"
2024-01-13 15:00:00,USDJPY,1404507.0999143082,-2412.9536593507737,equity_%,-1.0844718626298208e-06,3675.28657964233,1.4239871055988427e-06,2.8479742111976857e-08,"Method: equity_%, ATR: 1404507.10, Risk: 3675.29"
2024-01-13 16:00:00,USDJPY,855624.7064781246,-2471.956747241388,equity_%,-1.7381462778205574e-06,3676.29629623343,2.3374734096123642e-06,4.6749468192247284e-08,"Method: equity_%, ATR: 855624.71, Risk: 3676.30"
2024-01-13 17:00:00,USDJPY,2585092.6020410135,-2393.6187902497163,equity_%,-5.944453728996426e-07,3678.2652242796717,7.736666757782433e-07,1.5473333515564863e-08,"Method: equity_%, ATR: 2585092.60, Risk: 3678.27"
2024-01-13 18:00:00,USDJPY,2763703.209930254,-2295.393629583652,equity_%,-5.793085060364173e-07,3675.00962019916,7.236667066180644e-07,1.447333413236129e-08,"Method: equity_%, ATR: 2763703.21, Risk: 3675.01"
2024-01-13 19:00:00,USDJPY,2026578.5826065713,-2319.023797310206,equity_%,-7.820214465826197e-07,3675.253649024091,9.868849977816373e-07,1.973769995563275e-08,"Method: equity_%, ATR: 2026578.58, Risk: 3675.25"
2024-01-13 20:00:00,USDJPY,3178982.7945670187,-2179.521042293849,equity_%,-5.308666638629669e-07,3678.194562888715,6.291320618085957e-07,1.2582641236171914e-08,"Method: equity_%, ATR: 3178982.79, Risk: 3678.19"
2024-01-13 21:00:00,USDJPY,2763822.618802244,-2068.5630105429755,equity_%,-6.446095704091092e-07,3685.3239567226296,7.23635441143737e-07,1.4472708822874742e-08,"Method: equity_%, ATR: 2763822.62, Risk: 3685.32"
2024-01-13 22:00:00,USDJPY,4262131.452517428,-2317.6341718439753,equity_%,-3.731712049105663e-07,3686.2081118540773,4.692487836851441e-07,9.384975673702884e-09,"Method: equity_%, ATR: 4262131.45, Risk: 3686.21"
2024-01-13 23:00:00,USDJPY,1241186.536002774,-2330.881689539425,equity_%,-1.2761710173297086e-06,3692.038009031282,1.6113613401261792e-06,3.222722680252358e-08,"Method: equity_%, ATR: 1241186.54, Risk: 3692.04"
2024-01-14 00:00:00,USDJPY,1825505.8308508159,-2361.94317448259,equity_%,-8.571711571832727e-07,3695.9000542938315,1.095586749820381e-06,2.1911734996407624e-08,"Method: equity_%, ATR: 1825505.83, Risk: 3695.90"
2024-01-14 01:00:00,USDJPY,863384.6388513166,-2323.7807620796843,equity_%,-1.8432292208107625e-06,3698.1014091925917,2.316464655499181e-06,4.6329293109983617e-08,"Method: equity_%, ATR: 863384.64, Risk: 3698.10"
2024-01-14 02:00:00,USDJPY,5399734.881491235,-1878.3769576044492,equity_%,-3.644543058723377e-07,3696.5643838415936,3.703885549743256e-07,7.407771099486512e-09,"Method: equity_%, ATR: 5399734.88, Risk: 3696.56"
2024-01-14 03:00:00,USDJPY,1683058.8635799245,-1755.4696936954856,equity_%,-1.2506614908264854e-06,3695.152948211001,1.1883125678361188e-06,2.3766251356722374e-08,"Method: equity_%, ATR: 1683058.86, Risk: 3695.15"
2024-01-14 04:00:00,USDJPY,2749260.17524293,-1636.9068844343053,equity_%,-8.218384591520671e-07,3698.5055708231207,7.274684360578118e-07,1.4549368721156238e-08,"Method: equity_%, ATR: 2749260.18, Risk: 3698.51"
2024-01-14 05:00:00,USDJPY,2572125.1411997876,-1534.4981535769389,equity_%,-9.370407519648134e-07,3698.426084100805,7.775671439792718e-07,1.5551342879585437e-08,"Method: equity_%, ATR: 2572125.14, Risk: 3698.43"
2024-01-14 06:00:00,USDJPY,2354534.1933040502,-1530.565248803789,equity_%,-1.0261703242185793e-06,3698.0799959445067,8.494249120219645e-07,1.6988498240439288e-08,"Method: equity_%, ATR: 2354534.19, Risk: 3698.08"
2024-01-14 07:00:00,USDJPY,5876870.201615584,-1871.7529207058633,equity_%,-3.36274699946409e-07,3699.0381649274036,3.4031719799599943e-07,6.806343959919989e-09,"Method: equity_%, ATR: 5876870.20, Risk: 3699.04"
2024-01-14 08:00:00,USDJPY,1657040.981117159,-1865.7513180710062,equity_%,-1.1967961843250934e-06,3700.046672436386,1.2069707525589514e-06,2.413941505117902e-08,"Method: equity_%, ATR: 1657040.98, Risk: 3700.05"
2024-01-14 09:00:00,USDJPY,3383420.536766432,-2054.528873550255,equity_%,-5.328830905480447e-07,3704.248976364967,5.911177692121652e-07,1.1822355384243304e-08,"Method: equity_%, ATR: 3383420.54, Risk: 3704.25"
2024-01-14 10:00:00,USDJPY,4168171.620496173,-2071.314012291592,equity_%,-4.290488086275665e-07,3704.2324832701865,4.798266919158005e-07,9.59653383831601e-09,"Method: equity_%, ATR: 4168171.62, Risk: 3704.23"
2024-01-14 11:00:00,USDJPY,1853890.0498441807,-1960.5283224711304,equity_%,-1.0202311599650664e-06,3708.1362033782593,1.0788126297824945e-06,2.157625259564989e-08,"Method: equity_%, ATR: 1853890.05, Risk: 3708.14"
2024-01-14 12:00:00,USDJPY,1586044.4444510562,-1898.0398542534374,equity_%,-1.2327217110265136e-06,3710.955318780422,1.260998710973839e-06,2.5219974219476777e-08,"Method: equity_%, ATR: 1586044.44, Risk: 3710.96"
2024-01-14 13:00:00,USDJPY,2050442.4138186097,-1779.5086994282758,equity_%,-1.0160747471576488e-06,3707.4333308183363,9.75399253605631e-07,1.950798507211262e-08,"Method: equity_%, ATR: 2050442.41, Risk: 3707.43"
2024-01-14 14:00:00,USDJPY,2840340.068796909,-1781.2735690794016,equity_%,-7.332490443742093e-07,3709.8168538072864,7.041410364805879e-07,1.4082820729611761e-08,"Method: equity_%, ATR: 2840340.07, Risk: 3709.82"
2024-01-14 15:00:00,USDJPY,1599609.0618710786,-1767.458111825996,equity_%,-1.3098679075168607e-06,3703.313578504455,1.250305495056761e-06,2.500610990113522e-08,"Method: equity_%, ATR: 1599609.06, Risk: 3703.31"
2024-01-14 16:00:00,USDJPY,1070906.8326731971,-1806.958362135831,equity_%,-1.9131612895770393e-06,3702.1279087194994,1.8675760943719083e-06,3.7351521887438165e-08,"Method: equity_%, ATR: 1070906.83, Risk: 3702.13"
2024-01-14 17:00:00,USDJPY,1545105.2865359043,-1729.1868395465742,equity_%,-1.3867246047457328e-06,3705.0171392591865,1.2944101721921883e-06,2.5888203443843764e-08,"Method: equity_%, ATR: 1545105.29, Risk: 3705.02"
2024-01-14 18:00:00,USDJPY,1498005.8543795235,-1785.1398118166876,equity_%,-1.3860424298661778e-06,3706.4852099584086,1.3351082668688257e-06,2.6702165337376518e-08,"Method: equity_%, ATR: 1498005.85, Risk: 3706.49"
2024-01-14 19:00:00,USDJPY,1555779.5516338274,-1744.739340246976,equity_%,-1.3640734232083056e-06,3702.6815336405234,1.2855291727543707e-06,2.5710583455087417e-08,"Method: equity_%, ATR: 1555779.55, Risk: 3702.68"
2024-01-14 20:00:00,USDJPY,821849.374863973,-1677.8923238012298,equity_%,-2.6837503938822403e-06,3700.824048339603,2.433535950953332e-06,4.8670719019066645e-08,"Method: equity_%, ATR: 821849.37, Risk: 3700.82"
2024-01-14 21:00:00,USDJPY,1922704.8003159438,-1806.3326726323521,equity_%,-1.0637633086248763e-06,3694.497308999846,1.040201282938158e-06,2.0804025658763163e-08,"Method: equity_%, ATR: 1922704.80, Risk: 3694.50"
2024-01-14 22:00:00,USDJPY,1267977.650781022,-1703.7230856639478,equity_%,-1.7090214422419451e-06,3691.969619228713,1.5773148673149584e-06,3.1546297346299166e-08,"Method: equity_%, ATR: 1267977.65, Risk: 3691.97"
2024-01-14 23:00:00,USDJPY,1201501.041773845,-1777.3720947332033,equity_%,-1.7303590969529877e-06,3695.2068092766685,1.6645844909524883e-06,3.3291689819049766e-08,"Method: equity_%, ATR: 1201501.04, Risk: 3695.21"
2024-01-15 00:00:00,USDJPY,3300224.837123451,-1761.442414096381,equity_%,-6.356331238684188e-07,3695.0345104609432,6.060193164727662e-07,1.2120386329455324e-08,"Method: equity_%, ATR: 3300224.84, Risk: 3695.03"
2024-01-15 01:00:00,USDJPY,3788858.1276952755,-1999.9005406884785,equity_%,-4.8790797706923e-07,3697.044347086123,5.278635231498045e-07,1.0557270462996092e-08,"Method: equity_%, ATR: 3788858.13, Risk: 3697.04"
2024-01-15 02:00:00,USDJPY,864188.0480909344,-1957.0934240397105,equity_%,-2.1868340306710288e-06,3698.585280230742,2.314311109044116e-06,4.628622218088232e-08,"Method: equity_%, ATR: 864188.05, Risk: 3698.59"
2024-01-15 03:00:00,USDJPY,3187788.328585659,-1956.0792563923003,equity_%,-5.933996464100951e-07,3700.1830294422402,6.273942288029358e-07,1.2547884576058719e-08,"Method: equity_%, ATR: 3187788.33, Risk: 3700.18"
2024-01-15 04:00:00,USDJPY,5737190.836854509,-2142.2623086773515,equity_%,-3.0143053770288743e-07,3704.7524267115796,3.486026623260325e-07,6.972053246520649e-09,"Method: equity_%, ATR: 5737190.84, Risk: 3704.75"
2024-01-15 05:00:00,USDJPY,2389786.301288425,-2091.440862354354,equity_%,-7.414109610712437e-07,3705.643694785066,8.368949135417353e-07,1.673789827083471e-08,"Method: equity_%, ATR: 2389786.30, Risk: 3705.64"
2024-01-15 06:00:00,USDJPY,3295367.1998156575,-2124.9136987439747,equity_%,-5.298027982360888e-07,3709.875699904246,6.069126378729143e-07,1.2138252757458288e-08,"Method: equity_%, ATR: 3295367.20, Risk: 3709.88"
2024-01-15 07:00:00,USDJPY,1587587.2850721998,-2009.6535177632895,equity_%,-1.160928769041175e-06,3703.9436697254337,1.2597732539216227e-06,2.5195465078432453e-08,"Method: equity_%, ATR: 1587587.29, Risk: 3703.94"
2024-01-15 08:00:00,USDJPY,2106774.315717723,-2035.3350881885303,equity_%,-8.649219069748712e-07,3708.777947595966,9.493185791562358e-07,1.8986371583124716e-08,"Method: equity_%, ATR: 2106774.32, Risk: 3708.78"
2024-01-15 09:00:00,USDJPY,1740203.7037297373,-2003.5065147728315,equity_%,-1.0630711772185626e-06,3706.4077133196365,1.1492907386149377e-06,2.298581477229875e-08,"Method: equity_%, ATR: 1740203.70, Risk: 3706.41"
2024-01-15 10:00:00,USDJPY,2649173.912286751,-1849.0593722738745,equity_%,-7.562935862988778e-07,3704.6888941504017,7.549523233352437e-07,1.5099046466704874e-08,"Method: equity_%, ATR: 2649173.91, Risk: 3704.69"
2024-01-15 11:00:00,USDJPY,4119797.226036749,-2185.93994556746,equity_%,-4.113066292654876e-07,3704.0750416819283,4.854607861183506e-07,9.70921572236701e-09,"Method: equity_%, ATR: 4119797.23, Risk: 3704.08"
2024-01-15 12:00:00,USDJPY,1774476.5630148414,-2198.4704266963327,equity_%,-9.507046855733289e-07,3708.8266073444224,1.1270929364104946e-06,2.2541858728209894e-08,"Method: equity_%, ATR: 1774476.56, Risk: 3708.83"
2024-01-15 13:00:00,USDJPY,2245003.672576645,-2379.8491991310275,equity_%,-6.939581105679239e-07,3707.6587077969884,8.908671395198886e-07,1.781734279039777e-08,"Method: equity_%, ATR: 2245003.67, Risk: 3707.66"
2024-01-15 14:00:00,USDJPY,2205770.6451839204,-2542.4125061430186,equity_%,-6.610565276284425e-07,3707.1910414592794,9.06712583362554e-07,1.8134251667251077e-08,"Method: equity_%, ATR: 2205770.65, Risk: 3707.19"
2024-01-15 15:00:00,USDJPY,2593880.795662567,-2495.9338279323865,equity_%,-5.723999625160777e-07,3705.8059783052017,7.710454556525335e-07,1.542090911305067e-08,"Method: equity_%, ATR: 2593880.80, Risk: 3705.81"
2024-01-15 16:00:00,USDJPY,928690.1259360001,-2476.5142965213113,equity_%,-1.6122653107253846e-06,3708.0721627077805,2.1535708673377547e-06,4.30714173467551e-08,"Method: equity_%, ATR: 928690.13, Risk: 3708.07"
2024-01-15 17:00:00,USDJPY,2108046.6491835113,-2350.249937484445,equity_%,-7.491877196576232e-07,3711.8029877124436,9.487456080607326e-07,1.897491216121465e-08,"Method: equity_%, ATR: 2108046.65, Risk: 3711.80"
2024-01-15 18:00:00,USDJPY,1441074.5863324564,-2421.2324139088346,equity_%,-1.0657001622067753e-06,3718.415961259726,1.3878532165986024e-06,2.7757064331972043e-08,"Method: equity_%, ATR: 1441074.59, Risk: 3718.42"
2024-01-15 19:00:00,USDJPY,488418.46101622196,-2383.170589998853,equity_%,-3.2020317930647176e-06,3727.115413759086,4.094849313923811e-06,8.189698627847623e-08,"Method: equity_%, ATR: 488418.46, Risk: 3727.12"
2024-01-15 20:00:00,USDJPY,2271786.363420006,-2246.9382915872116,equity_%,-7.308295329256608e-07,3730.56595601865,8.803644709747921e-07,1.7607289419495843e-08,"Method: equity_%, ATR: 2271786.36, Risk: 3730.57"
2024-01-15 21:00:00,USDJPY,4273995.512573574,-1999.0465485492773,equity_%,-4.3693815906248794e-07,3733.1629185792576,4.67946209610245e-07,9.3589241922049e-09,"Method: equity_%, ATR: 4273995.51, Risk: 3733.16"
2024-01-15 22:00:00,USDJPY,3178317.6044798484,-2015.91873302298,equity_%,-5.82312621887067e-07,3731.0108993829335,6.292637328569662e-07,1.2585274657139324e-08,"Method: equity_%, ATR: 3178317.60, Risk: 3731.01"
2024-01-15 23:00:00,USDJPY,1943724.1590593543,-2091.613871887519,equity_%,-9.194982260516329e-07,3738.238808844126,1.028952586033545e-06,2.05790517206709e-08,"Method: equity_%, ATR: 1943724.16, Risk: 3738.24"
2024-01-16 00:00:00,USDJPY,2967041.284742618,-1998.3571310269597,equity_%,-6.308405691194457e-07,3740.385018172128,6.740721843961447e-07,1.3481443687922896e-08,"Method: equity_%, ATR: 2967041.28, Risk: 3740.39"
2024-01-16 01:00:00,USDJPY,2702257.367370855,-1871.7211128698045,equity_%,-7.396426204910314e-07,3741.0178236464053,7.401219529085373e-07,1.4802439058170744e-08,"Method: equity_%, ATR: 2702257.37, Risk: 3741.02"
2024-01-16 02:00:00,USDJPY,2462664.8451156826,-1920.8209498359388,equity_%,-7.914191838643671e-07,3743.6804189535655,8.12128375473704e-07,1.6242567509474078e-08,"Method: equity_%, ATR: 2462664.85, Risk: 3743.68"
2024-01-16 03:00:00,USDJPY,3924880.414247648,-2220.628293760289,equity_%,-4.2948600262748907e-07,3743.271366771381,5.095696655469632e-07,1.0191393310939261e-08,"Method: equity_%, ATR: 3924880.41, Risk: 3743.27"
2024-01-16 04:00:00,USDJPY,1400794.2384761418,-2184.558783823321,equity_%,-1.2214428124191205e-06,3737.758352078507,1.4277614406636238e-06,2.855522881327248e-08,"Method: equity_%, ATR: 1400794.24, Risk: 3737.76"
2024-01-16 05:00:00,USDJPY,1448044.825785305,-2280.06471802535,equity_%,-1.1330667143323532e-06,3740.973760841308,1.3811727126025664e-06,2.762345425205133e-08,"Method: equity_%, ATR: 1448044.83, Risk: 3740.97"
2024-01-16 06:00:00,USDJPY,850775.6664333419,-2244.746982635729,equity_%,-1.9617488995344293e-06,3746.50118239711,2.3507959605667677e-06,4.701591921133535e-08,"Method: equity_%, ATR: 850775.67, Risk: 3746.50"
2024-01-16 07:00:00,USDJPY,7472805.5564094465,-2407.4982606376134,equity_%,-2.0842202445864888e-07,3749.6719503027125,2.6763709893195254e-07,5.352741978639051e-09,"Method: equity_%, ATR: 7472805.56, Risk: 3749.67"
2024-01-16 08:00:00,USDJPY,8784128.162564041,-2158.821119009029,equity_%,-1.9781043222666776e-07,3751.150712912708,2.2768338109222333e-07,4.5536676218444666e-09,"Method: equity_%, ATR: 8784128.16, Risk: 3751.15"
2024-01-16 09:00:00,USDJPY,4089906.5944072525,-1973.148536114191,equity_%,-4.6501780493525486e-07,3752.690528169882,4.890087227749657e-07,9.780174455499313e-09,"Method: equity_%, ATR: 4089906.59, Risk: 3752.69"
2024-01-16 10:00:00,USDJPY,3238861.042916335,-1818.9736573406155,equity_%,-6.373197386777256e-07,3754.7073674130306,6.175010207289289e-07,1.2350020414578578e-08,"Method: equity_%, ATR: 3238861.04, Risk: 3754.71"
2024-01-16 11:00:00,USDJPY,3112327.7957428284,-1639.5166170627008,equity_%,-7.362029233943547e-07,3756.6323300762965,6.426058343647747e-07,1.2852116687295492e-08,"Method: equity_%, ATR: 3112327.80, Risk: 3756.63"
2024-01-16 12:00:00,USDJPY,1797180.9985486038,-1541.4294086590844,equity_%,-1.3565492476663063e-06,3757.9502261238545,1.1128539649680204e-06,2.225707929936041e-08,"Method: equity_%, ATR: 1797181.00, Risk: 3757.95"
2024-01-16 13:00:00,USDJPY,1828231.0750260104,-1385.7127731577898,equity_%,-1.4839826225005532e-06,3759.526254762261,1.093953618511569e-06,2.187907237023138e-08,"Method: equity_%, ATR: 1828231.08, Risk: 3759.53"
2024-01-16 14:00:00,USDJPY,1875798.6523727868,-1334.3811297045072,equity_%,-1.5044529247591743e-06,3765.691292983582,1.0662125156503896e-06,2.1324250313007794e-08,"Method: equity_%, ATR: 1875798.65, Risk: 3765.69"
2024-01-16 15:00:00,USDJPY,2523675.5130979917,-1512.900606907575,equity_%,-9.870452610909135e-07,3768.6081126266217,7.924949105461097e-07,1.5849898210922192e-08,"Method: equity_%, ATR: 2523675.51, Risk: 3768.61"
2024-01-16 16:00:00,USDJPY,704119.2259250488,-1480.2043495350927,equity_%,-3.6176142929418397e-06,3770.423553578695,2.8404280501962794e-06,5.6808561003925586e-08,"Method: equity_%, ATR: 704119.23, Risk: 3770.42"
2024-01-16 17:00:00,USDJPY,1753387.7875454163,-1576.352805159493,equity_%,-1.3653975803802375e-06,3773.901234267583,1.1406489849001505e-06,2.2812979698003016e-08,"Method: equity_%, ATR: 1753387.79, Risk: 3773.90"
2024-01-16 18:00:00,USDJPY,3222237.7782865055,-1448.3361833983754,equity_%,-8.094007656211859e-07,3777.3791312279327,6.206866586560671e-07,1.2413733173121337e-08,"Method: equity_%, ATR: 3222237.78, Risk: 3777.38"
2024-01-16 19:00:00,USDJPY,1250098.5154020214,-1535.4574117970888,equity_%,-1.9701850789971463e-06,3781.717125116242,1.599873910222841e-06,3.199747820445681e-08,"Method: equity_%, ATR: 1250098.52, Risk: 3781.72"
2024-01-16 20:00:00,USDJPY,2180555.638754952,-1408.817893514176,equity_%,-1.2307744955467056e-06,3780.9463908807434,9.171974172335063e-07,1.8343948344670126e-08,"Method: equity_%, ATR: 2180555.64, Risk: 3780.95"
2024-01-16 21:00:00,USDJPY,3707985.6591398832,-1664.8465357098303,equity_%,-6.124843228228236e-07,3781.0048071623,5.393764118451113e-07,1.0787528236902228e-08,"Method: equity_%, ATR: 3707985.66, Risk: 3781.00"
2024-01-16 22:00:00,USDJPY,1948510.776644323,-1671.6158115008304,equity_%,-1.160539391130537e-06,3780.064134799717,1.0264249107435528e-06,2.0528498214871053e-08,"Method: equity_%, ATR: 1948510.78, Risk: 3780.06"
2024-01-16 23:00:00,USDJPY,1538270.601150971,-1582.156280644637,equity_%,-1.5547244690495104e-06,3783.8643035701984,1.3001613620539533e-06,2.6003227241079067e-08,"Method: equity_%, ATR: 1538270.60, Risk: 3783.86"
2024-01-17 00:00:00,USDJPY,1959085.4898675752,-1620.9698862949508,equity_%,-1.1926866582376486e-06,3787.5179164934193,1.0208844944970679e-06,2.0417689889941355e-08,"Method: equity_%, ATR: 1959085.49, Risk: 3787.52"
2024-01-17 01:00:00,USDJPY,2989079.9868338853,-1463.0240387318236,equity_%,-8.655648759059213e-07,3785.1981878758525,6.691022016170449e-07,1.3382044032340897e-08,"Method: equity_%, ATR: 2989079.99, Risk: 3785.20"
2024-01-17 02:00:00,USDJPY,1647887.4852949001,-1542.29066927486,equity_%,-1.4903949120105366e-06,3787.8707013143135,1.2136750948394315e-06,2.4273501896788625e-08,"Method: equity_%, ATR: 1647887.49, Risk: 3787.87"
2024-01-17 03:00:00,USDJPY,900210.3949762727,-1544.7671280651357,equity_%,-2.7279198336383427e-06,3793.487402917917,2.221702849868463e-06,4.443405699736926e-08,"Method: equity_%, ATR: 900210.39, Risk: 3793.49"
2024-01-17 04:00:00,USDJPY,1937932.0441819073,-1620.6306152741668,equity_%,-1.208111322559689e-06,3794.281405001743,1.0320279320445903e-06,2.064055864089181e-08,"Method: equity_%, ATR: 1937932.04, Risk: 3794.28"
2024-01-17 05:00:00,USDJPY,703324.4753300824,-1644.6152609431651,equity_%,-3.2823803460497646e-06,3796.723324823522,2.8436377094105324e-06,5.687275418821066e-08,"Method: equity_%, ATR: 703324.48, Risk: 3796.72"
2024-01-17 06:00:00,USDJPY,1550264.1800215475,-1587.9666880862671,equity_%,-1.5437746261897316e-06,3800.4147819319955,1.2901026971881668e-06,2.5802053943763334e-08,"Method: equity_%, ATR: 1550264.18, Risk: 3800.41"
2024-01-17 07:00:00,USDJPY,1556639.4834581364,-1479.2483311928875,equity_%,-1.6493790285863128e-06,3797.9531072137993,1.2848190099591464e-06,2.569638019918293e-08,"Method: equity_%, ATR: 1556639.48, Risk: 3797.95"
2024-01-17 08:00:00,USDJPY,2219666.979486758,-1594.9919109046523,equity_%,-1.073314257120672e-06,3799.9090716907726,9.01036064636349e-07,1.802072129272698e-08,"Method: equity_%, ATR: 2219666.98, Risk: 3799.91"
2024-01-17 09:00:00,USDJPY,1662235.9862311964,-1681.0474882998765,equity_%,-1.3617824314525286e-06,3805.225420259997,1.2031985930798064e-06,2.406397186159613e-08,"Method: equity_%, ATR: 1662235.99, Risk: 3805.23"
2024-01-17 10:00:00,USDJPY,758708.119351461,-1645.9033228999083,equity_%,-3.0469787144573947e-06,3804.9457938097044,2.6360598351176047e-06,5.272119670235209e-08,"Method: equity_%, ATR: 758708.12, Risk: 3804.95"
2024-01-17 11:00:00,USDJPY,1720174.1250726627,-1582.8144463607098,equity_%,-1.3989496352633076e-06,3808.943192236481,1.1626729938839865e-06,2.325345987767973e-08,"Method: equity_%, ATR: 1720174.13, Risk: 3808.94"
2024-01-17 12:00:00,USDJPY,3360194.734423292,-1465.5701548264483,equity_%,-7.737732633345175e-07,3810.5246770578983,5.952035992173706e-07,1.1904071984347412e-08,"Method: equity_%, ATR: 3360194.73, Risk: 3810.52"
2024-01-17 13:00:00,USDJPY,3523598.373875036,-1268.1244021106606,equity_%,-8.526618807073491e-07,3810.0011631314974,5.676015787805362e-07,1.1352031575610723e-08,"Method: equity_%, ATR: 3523598.37, Risk: 3810.00"
2024-01-17 14:00:00,USDJPY,4780552.193188171,-1041.9142590001138,equity_%,-7.651613421154926e-07,3811.211637479054,4.1836171203188794e-07,8.367234240637759e-09,"Method: equity_%, ATR: 4780552.19, Risk: 3811.21"
2024-01-17 15:00:00,USDJPY,2304937.471720865,-1089.6798074098303,equity_%,-1.517386033377634e-06,3811.1332537067956,8.67702497155726e-07,1.735404994311452e-08,"Method: equity_%, ATR: 2304937.47, Risk: 3811.13"
2024-01-17 16:00:00,USDJPY,2309444.18018378,-1216.2290480570548,equity_%,-1.3564335469363178e-06,3809.968311581507,8.660092403016404e-07,1.7320184806032812e-08,"Method: equity_%, ATR: 2309444.18, Risk: 3809.97"
2024-01-17 17:00:00,USDJPY,813751.101221958,-1249.89672184743,equity_%,-3.746619965380627e-06,3810.7052772641473,2.4577539704668025e-06,4.9155079409336045e-08,"Method: equity_%, ATR: 813751.10, Risk: 3810.71"
2024-01-17 18:00:00,USDJPY,1349612.069366183,-1183.8328716754652,equity_%,-2.3861641418415158e-06,3812.4105562013056,1.4819073164774363e-06,2.963814632954873e-08,"Method: equity_%, ATR: 1349612.07, Risk: 3812.41"
2024-01-17 19:00:00,USDJPY,2042284.702745435,-1369.8873350510098,equity_%,-1.3630526728244654e-06,3813.412393053659,9.792953927096492e-07,1.958590785419298e-08,"Method: equity_%, ATR: 2042284.70, Risk: 3813.41"
2024-01-17 20:00:00,USDJPY,825197.1584631247,-1361.5970971428376,equity_%,-3.3945920328264225e-06,3814.1162723102725,2.423663217315082e-06,4.8473264346301637e-08,"Method: equity_%, ATR: 825197.16, Risk: 3814.12"
2024-01-17 21:00:00,USDJPY,3386078.0458886144,-1178.0277140342348,equity_%,-9.567299784094237e-07,3816.294259959169,5.906538398984646e-07,1.1813076797969294e-08,"Method: equity_%, ATR: 3386078.05, Risk: 3816.29"
2024-01-17 22:00:00,USDJPY,1490261.835384217,-1154.7316570517908,equity_%,-2.219474613059652e-06,3819.388477884112,1.342046043529232e-06,2.6840920870584642e-08,"Method: equity_%, ATR: 1490261.84, Risk: 3819.39"
2024-01-17 23:00:00,USDJPY,3207683.611233838,-1341.3283553796125,equity_%,-8.872529073794498e-07,3817.456192185593,6.235028894357503e-07,1.2470057788715009e-08,"Method: equity_%, ATR: 3207683.61, Risk: 3817.46"
2024-01-18 00:00:00,USDJPY,2812504.2490345095,-1517.6756224554786,equity_%,-8.945125013669521e-07,3818.1990045774514,7.111100367889471e-07,1.4222200735778942e-08,"Method: equity_%, ATR: 2812504.25, Risk: 3818.20"
2024-01-18 01:00:00,USDJPY,1585077.1801902624,-1457.0178721713683,equity_%,-1.6513539136571383e-06,3813.77838184747,1.2617682122960935e-06,2.5235364245921872e-08,"Method: equity_%, ATR: 1585077.18, Risk: 3813.78"
2024-01-18 02:00:00,USDJPY,2415499.6741063017,-1343.9879576511246,equity_%,-1.1750828378996041e-06,3814.791831770367,8.279860359492573e-07,1.655972071898515e-08,"Method: equity_%, ATR: 2415499.67, Risk: 3814.79"
2024-01-18 03:00:00,USDJPY,4866362.223058024,-1387.9313428764533,equity_%,-5.650938099147618e-07,3816.743418908582,4.1098461403540963e-07,8.219692280708192e-09,"Method: equity_%, ATR: 4866362.22, Risk: 3816.74"
2024-01-18 04:00:00,USDJPY,3616565.547963321,-1341.9557053888068,equity_%,-7.870883243871504e-07,3819.952758945078,5.530108533844508e-07,1.1060217067689016e-08,"Method: equity_%, ATR: 3616565.55, Risk: 3819.95"
2024-01-18 05:00:00,USDJPY,1504647.1103612657,-1228.8487457249596,equity_%,-2.0670355524237207e-06,3821.9150733645674,1.3292153264560485e-06,2.6584306529120975e-08,"Method: equity_%, ATR: 1504647.11, Risk: 3821.92"
2024-01-18 06:00:00,USDJPY,741948.2017104224,-1166.4099451743828,equity_%,-4.419909795313183e-06,3825.05960029673,2.6956059673564478e-06,5.391211934712895e-08,"Method: equity_%, ATR: 741948.20, Risk: 3825.06"
2024-01-18 07:00:00,USDJPY,1078724.0112280096,-1189.827474958419,equity_%,-2.9815105508762718e-06,3826.7552752417378,1.8540423492782162e-06,3.708084698556433e-08,"Method: equity_%, ATR: 1078724.01, Risk: 3826.76"
2024-01-18 08:00:00,USDJPY,1309091.4486742963,-1190.9762178194856,equity_%,-2.4541316251123506e-06,3826.2287201071904,1.5277771480559132e-06,3.0555542961118265e-08,"Method: equity_%, ATR: 1309091.45, Risk: 3826.23"
2024-01-18 09:00:00,USDJPY,2608238.942095486,-1371.4447034091488,equity_%,-1.0691421850902767e-06,3824.380914602021,7.668009121868181e-07,1.5336018243736363e-08,"Method: equity_%, ATR: 2608238.94, Risk: 3824.38"
2024-01-18 10:00:00,USDJPY,2131002.5939288973,-1398.9758344116326,equity_%,-1.2830621202346257e-06,3825.091906480156,9.38525370967583e-07,1.877050741935166e-08,"Method: equity_%, ATR: 2131002.59, Risk: 3825.09"
2024-01-18 11:00:00,USDJPY,1080162.1978552863,-1370.4370645375582,equity_%,-2.583468062914363e-06,3824.293077869935,1.851573776578273e-06,3.703147553156546e-08,"Method: equity_%, ATR: 1080162.20, Risk: 3824.29"
2024-01-18 12:00:00,USDJPY,2159461.663868574,-1278.333274397121,equity_%,-1.3857698632215372e-06,3825.4339205260426,9.261567516864801e-07,1.85231350337296e-08,"Method: equity_%, ATR: 2159461.66, Risk: 3825.43"
2024-01-18 13:00:00,USDJPY,783005.4032095041,-1232.3100266082463,equity_%,-3.964594096778341e-06,3825.45828951558,2.5542607902858517e-06,5.108521580571703e-08,"Method: equity_%, ATR: 783005.40, Risk: 3825.46"
2024-01-18 14:00:00,USDJPY,4469692.164270256,-1058.2138984524347,equity_%,-8.093666518797486e-07,3828.215532553272,4.4745810818641245e-07,8.949162163728251e-09,"Method: equity_%, ATR: 4469692.16, Risk: 3828.22"
2024-01-18 15:00:00,USDJPY,3234831.061748106,-816.4371624680174,equity_%,-1.4501362240298973e-06,3829.8623976266435,6.18270308966057e-07,1.236540617932114e-08,"Method: equity_%, ATR: 3234831.06, Risk: 3829.86"
2024-01-18 16:00:00,USDJPY,1585850.827964464,-727.6556163756134,equity_%,-3.3213692511095167e-06,3832.7048806354155,1.261152666273865e-06,2.52230533254773e-08,"Method: equity_%, ATR: 1585850.83, Risk: 3832.70"
2024-01-18 17:00:00,USDJPY,1455908.24739367,-700.9702044256614,equity_%,-3.7583052443850354e-06,3835.532034805239,1.3737129407573241e-06,2.7474258815146483e-08,"Method: equity_%, ATR: 1455908.25, Risk: 3835.53"
2024-01-18 18:00:00,USDJPY,377205.84462301305,-717.8551219528658,equity_%,-1.4168347340534363e-05,3836.4930156740897,5.3021447798584335e-06,1.0604289559716868e-07,"Method: equity_%, ATR: 377205.84, Risk: 3836.49"
2024-01-18 19:00:00,USDJPY,2629190.626496277,-762.4029429423446,equity_%,-1.914508801501022e-06,3837.638006639326,7.606903736246954e-07,1.5213807472493908e-08,"Method: equity_%, ATR: 2629190.63, Risk: 3837.64"
2024-01-18 20:00:00,USDJPY,3872767.873985669,-517.8049720578292,equity_%,-1.9152092752556284e-06,3840.6428201042895,5.164265107223416e-07,1.032853021444683e-08,"Method: equity_%, ATR: 3872767.87, Risk: 3840.64"
2024-01-18 21:00:00,USDJPY,1740274.565091064,-481.3067940872648,equity_%,-4.595813266264032e-06,3849.480636896312,1.1492439412256453e-06,2.2984878824512907e-08,"Method: equity_%, ATR: 1740274.57, Risk: 3849.48"
2024-01-18 22:00:00,USDJPY,5464000.271978868,-776.6662381968324,equity_%,-9.067580483366169e-07,3848.0132434555053,3.6603219261474725e-07,7.3206438522949444e-09,"Method: equity_%, ATR: 5464000.27, Risk: 3848.01"
2024-01-18 23:00:00,USDJPY,1920690.599156054,-692.1249220809021,equity_%,-2.8958632561752043e-06,3849.6384979194736,1.0412921273623114e-06,2.082584254724623e-08,"Method: equity_%, ATR: 1920690.60, Risk: 3849.64"
2024-01-19 00:00:00,USDJPY,3206054.8463418526,-871.8694500718636,equity_%,-1.376455004838053e-06,3847.5513728778014,6.238196462178506e-07,1.2476392924357011e-08,"Method: equity_%, ATR: 3206054.85, Risk: 3847.55"
2024-01-19 01:00:00,USDJPY,6929639.017831022,-385.03041694270826,equity_%,-1.4425835564925586e-06,3848.9886358291274,2.886153225086752e-07,5.772306450173505e-09,"Method: equity_%, ATR: 6929639.02, Risk: 3848.99"
2024-01-19 02:00:00,USDJPY,2632981.8375447756,-522.3505769365336,equity_%,-2.798193627051588e-06,3848.4664531181643,7.595950611892471e-07,1.5191901223784943e-08,"Method: equity_%, ATR: 2632981.84, Risk: 3848.47"
2024-01-19 03:00:00,USDJPY,2139597.7371628964,-367.20229130255643,equity_%,-4.899805636394053e-06,3849.6067338850075,9.347551482513704e-07,1.869510296502741e-08,"Method: equity_%, ATR: 2139597.74, Risk: 3849.61"
2024-01-19 04:00:00,USDJPY,2336506.594075573,-185.01744621048098,equity_%,-8.909604021216867e-06,3851.5726648868513,8.559787526691273e-07,1.7119575053382545e-08,"Method: equity_%, ATR: 2336506.59, Risk: 3851.57"
2024-01-19 05:00:00,USDJPY,2221707.511622009,-273.2647760518823,equity_%,-6.344116456338252e-06,3851.604491549579,9.002085060872184e-07,1.8004170121744365e-08,"Method: equity_%, ATR: 2221707.51, Risk: 3851.60"
2024-01-19 06:00:00,USDJPY,1049139.530880752,-334.49258589446265,equity_%,-1.096446542865426e-05,3847.753215521017,1.9063241267069605e-06,3.8126482534139216e-08,"Method: equity_%, ATR: 1049139.53, Risk: 3847.75"
2024-01-19 07:00:00,USDJPY,1796043.2938211216,-264.4160610706986,equity_%,-8.114356640224862e-06,3853.5298225524753,1.113558902995571e-06,2.2271178059911423e-08,"Method: equity_%, ATR: 1796043.29, Risk: 3853.53"
2024-01-19 08:00:00,USDJPY,2964049.3425274002,-446.888868391738,equity_%,-2.9122344417147668e-06,3857.547653491873,6.747525998655035e-07,1.3495051997310071e-08,"Method: equity_%, ATR: 2964049.34, Risk: 3857.55"
2024-01-19 09:00:00,USDJPY,1495695.4867781133,-383.4037139204527,equity_%,-6.728783600460544e-06,3858.6559758051403,1.3371705789580284e-06,2.674341157916057e-08,"Method: equity_%, ATR: 1495695.49, Risk: 3858.66"
2024-01-19 10:00:00,USDJPY,3194869.797901539,-228.921710051884,equity_%,-5.274273079320783e-06,3857.4717768105083,6.260036015594888e-07,1.2520072031189777e-08,"Method: equity_%, ATR: 3194869.80, Risk: 3857.47"
2024-01-19 11:00:00,USDJPY,4104120.1116937418,-344.12071340451456,equity_%,-2.7325582636718443e-06,3859.2268505813577,4.873151724535211e-07,9.746303449070421e-09,"Method: equity_%, ATR: 4104120.11, Risk: 3859.23"
2024-01-19 12:00:00,USDJPY,1212146.733633321,-252.50414700590605,equity_%,-1.2617321562391104e-05,3861.8098170564817,1.6499652595731103e-06,3.299930519146221e-08,"Method: equity_%, ATR: 1212146.73, Risk: 3861.81"
2024-01-19 13:00:00,USDJPY,2057727.7156599655,-139.71689774123138,equity_%,-1.3445665471558675e-05,3865.6198525037607,9.719458919561421e-07,1.9438917839122844e-08,"Method: equity_%, ATR: 2057727.72, Risk: 3865.62"
2024-01-19 14:00:00,USDJPY,3389348.0467097377,-14.69398669481464,equity_%,-7.770021467640804e-05,3869.7065189969626,5.900839844233559e-07,1.1801679688467115e-08,"Method: equity_%, ATR: 3389348.05, Risk: 3869.71"
2024-01-19 15:00:00,USDJPY,493806.9310799267,24.723191808862886,equity_%,0.00031734969836997646,3874.3585479128983,4.050165913277315e-06,8.100331826554631e-08,"Method: equity_%, ATR: 493806.93, Risk: 3874.36"
2024-01-19 16:00:00,USDJPY,1271234.383439799,100.71704008381167,equity_%,3.0231085613286892e-05,3870.6359688444136,1.5732739973475652e-06,3.1465479946951304e-08,"Method: equity_%, ATR: 1271234.38, Risk: 3870.64"
2024-01-19 17:00:00,USDJPY,2112736.074613348,40.68432981795186,equity_%,4.503764437484386e-05,3871.22203920235,9.466397739083526e-07,1.8932795478167052e-08,"Method: equity_%, ATR: 2112736.07, Risk: 3871.22"
2024-01-19 18:00:00,USDJPY,1014402.0930002185,60.710771077288385,equity_%,6.293241789423582e-05,3875.701341664185,1.9716047648174256e-06,3.943209529634852e-08,"Method: equity_%, ATR: 1014402.09, Risk: 3875.70"
2024-01-19 19:00:00,USDJPY,2009904.321856961,-5.674892022683039,equity_%,-0.00033968383680153065,3874.4304465562705,9.950722421215504e-07,1.9901444842431007e-08,"Method: equity_%, ATR: 2009904.32, Risk: 3874.43"
2024-01-19 20:00:00,USDJPY,2048352.9346702495,-96.43810843222096,equity_%,-1.9639578527048966e-05,3879.5882492878154,9.763942366318658e-07,1.9527884732637317e-08,"Method: equity_%, ATR: 2048352.93, Risk: 3879.59"
2024-01-19 21:00:00,USDJPY,4350255.827284423,-257.81755099009774,equity_%,-3.4652419373760355e-06,3886.51938213323,4.5974307705219894e-07,9.194861541043979e-09,"Method: equity_%, ATR: 4350255.83, Risk: 3886.52"
2024-01-19 22:00:00,USDJPY,3526310.361212628,-195.88997846260946,equity_%,-5.633712470897016e-06,3891.5931450916078,5.671650521743184e-07,1.1343301043486368e-08,"Method: equity_%, ATR: 3526310.36, Risk: 3891.59"
2024-01-19 23:00:00,USDJPY,1819328.0138324604,-249.47458848776787,equity_%,-8.581808672685513e-06,3895.0779163129173,1.0993069885110763e-06,2.198613977022153e-08,"Method: equity_%, ATR: 1819328.01, Risk: 3895.08"
2024-01-20 00:00:00,USDJPY,2697477.3926986973,-168.38956914226924,equity_%,-8.575524832347646e-06,3895.2353976308286,7.414334612825413e-07,1.4828669225650827e-08,"Method: equity_%, ATR: 2697477.39, Risk: 3895.24"
2024-01-20 01:00:00,USDJPY,1793376.864944027,-102.30101680186584,equity_%,-2.1244355414464032e-05,3897.580302042072,1.1152145648217793e-06,2.2304291296435587e-08,"Method: equity_%, ATR: 1793376.86, Risk: 3897.58"
2024-01-20 02:00:00,USDJPY,2114562.705017227,-241.0976471041027,equity_%,-7.640092325147827e-06,3895.0420180959104,9.45822034624273e-07,1.891644069248546e-08,"Method: equity_%, ATR: 2114562.71, Risk: 3895.04"
2024-01-20 03:00:00,USDJPY,2383820.0357788014,-324.42919405877666,equity_%,-5.035292601910108e-06,3894.198686102135,8.389895084284726e-07,1.6779790168569448e-08,"Method: equity_%, ATR: 2383820.04, Risk: 3894.20"
2024-01-20 04:00:00,USDJPY,1747984.8302410352,-354.3384980217726,equity_%,-6.2862488954678e-06,3893.5662756546008,1.1441746892758866e-06,2.2883493785517734e-08,"Method: equity_%, ATR: 1747984.83, Risk: 3893.57"
2024-01-20 05:00:00,USDJPY,1472636.068993196,-464.6822249536189,equity_%,-5.692251592662936e-06,3895.2521933764983,1.3581087969462475e-06,2.7162175938924953e-08,"Method: equity_%, ATR: 1472636.07, Risk: 3895.25"
2024-01-20 06:00:00,USDJPY,4424458.305893156,-627.6362609167311,equity_%,-1.4028250438391416e-06,3895.5756615802134,4.520327375073465e-07,9.04065475014693e-09,"Method: equity_%, ATR: 4424458.31, Risk: 3895.58"
2024-01-20 07:00:00,USDJPY,1514511.1464141672,-504.5199085056697,equity_%,-5.101237053502993e-06,3897.8604614500737,1.3205581251318622e-06,2.641116250263724e-08,"Method: equity_%, ATR: 1514511.15, Risk: 3897.86"
2024-01-20 08:00:00,USDJPY,1161730.5100889332,-438.83073926554977,equity_%,-7.653924150381398e-06,3901.9939419247053,1.7215696606323057e-06,3.4431393212646115e-08,"Method: equity_%, ATR: 1161730.51, Risk: 3901.99"
2024-01-20 09:00:00,USDJPY,1457333.4401952217,-310.41963639370147,equity_%,-8.623993895581894e-06,3901.3647592960915,1.372369524253889e-06,2.7447390485077776e-08,"Method: equity_%, ATR: 1457333.44, Risk: 3901.36"
2024-01-20 10:00:00,USDJPY,4422126.518382011,-276.898220604369,equity_%,-3.18773182439915e-06,3903.3105625749026,4.5227109439007414e-07,9.045421887801483e-09,"Method: equity_%, ATR: 4422126.52, Risk: 3903.31"
2024-01-20 11:00:00,USDJPY,1505779.8967557088,-193.27703476800616,equity_%,-1.341279867040724e-05,3903.5626556054485,1.3282153682016327e-06,2.6564307364032656e-08,"Method: equity_%, ATR: 1505779.90, Risk: 3903.56"
2024-01-20 12:00:00,USDJPY,2250138.0812067646,-58.55403032549307,equity_%,-2.964322732449402e-05,3905.63314308642,8.888343416362192e-07,1.7776686832724384e-08,"Method: equity_%, ATR: 2250138.08, Risk: 3905.63"
2024-01-20 13:00:00,USDJPY,1770008.9597454828,-17.375518628590186,equity_%,-0.00012710824503529364,3909.191660881055,1.1299377830763006e-06,2.2598755661526016e-08,"Method: equity_%, ATR: 1770008.96, Risk: 3909.19"
2024-01-20 14:00:00,USDJPY,1194850.6477239092,38.004602193327045,equity_%,8.618080984584814e-05,3913.4553682535816,1.6738493667052304e-06,3.347698733410461e-08,"Method: equity_%, ATR: 1194850.65, Risk: 3913.46"
2024-01-20 15:00:00,USDJPY,1175652.7962565678,81.53564525755687,equity_%,4.0862340585311774e-05,3916.9662806114607,1.7011825314142588e-06,3.4023650628285175e-08,"Method: equity_%, ATR: 1175652.80, Risk: 3916.97"
2024-01-20 16:00:00,USDJPY,580794.6923303071,120.65142581581145,equity_%,5.5936932183905494e-05,3919.708237498248,3.4435576399216965e-06,6.887115279843395e-08,"Method: equity_%, ATR: 580794.69, Risk: 3919.71"
2024-01-20 17:00:00,USDJPY,3291763.957352174,364.2818882168284,equity_%,3.266491231570237e-06,3916.947597679189,6.075769787602749e-07,1.2151539575205498e-08,"Method: equity_%, ATR: 3291763.96, Risk: 3916.95"
2024-01-20 18:00:00,USDJPY,808098.4984153474,390.3300568906005,equity_%,1.241246619885669e-05,3915.2037998905516,2.4749458190083624e-06,4.949891638016725e-08,"Method: equity_%, ATR: 808098.50, Risk: 3915.20"
2024-01-20 19:00:00,USDJPY,563385.8912734428,399.7050896249966,equity_%,1.7382043655610408e-05,3914.2312650511503,3.5499646529651695e-06,7.099929305930339e-08,"Method: equity_%, ATR: 563385.89, Risk: 3914.23"
2024-01-20 20:00:00,USDJPY,3886057.828980119,198.02796950923295,equity_%,5.089749316028209e-06,3916.807125671573,5.146603802663667e-07,1.0293207605327336e-08,"Method: equity_%, ATR: 3886057.83, Risk: 3916.81"
2024-01-20 21:00:00,USDJPY,2730448.778069004,91.20246710227724,equity_%,1.5719124980324158e-05,3914.4341109344014,7.324803219397571e-07,1.4649606438795142e-08,"Method: equity_%, ATR: 2730448.78, Risk: 3914.43"
2024-01-20 22:00:00,USDJPY,3415927.963989134,250.15124323105505,equity_%,4.583912196283e-06,3916.946677918905,5.85492440439052e-07,1.1709848808781038e-08,"Method: equity_%, ATR: 3415927.96, Risk: 3916.95"
2024-01-20 23:00:00,USDJPY,659831.2841966865,304.32848484826627,equity_%,1.9517597697617358e-05,3919.240085690303,3.0310778647528148e-06,6.062155729505628e-08,"Method: equity_%, ATR: 659831.28, Risk: 3919.24"
2024-01-21 00:00:00,USDJPY,3398196.830349367,70.80036395993346,equity_%,1.6271976758906678e-05,3914.933018373744,5.885474267228896e-07,1.1770948534457793e-08,"Method: equity_%, ATR: 3398196.83, Risk: 3914.93"
2024-01-21 01:00:00,USDJPY,685949.7140515826,92.69002658503655,equity_%,6.154651301894587e-05,3913.1702099084414,2.915665622465151e-06,5.831331244930302e-08,"Method: equity_%, ATR: 685949.71, Risk: 3913.17"
2024-01-21 02:00:00,USDJPY,1989341.9423321553,146.55121645040253,equity_%,1.3438277303168787e-05,3917.8018366330116,1.0053575795297163e-06,2.0107151590594326e-08,"Method: equity_%, ATR: 1989341.94, Risk: 3917.80"
2024-01-21 03:00:00,USDJPY,1947199.550722297,-10.827066845547222,equity_%,-0.00018600268281704794,3921.3940640781966,1.027116095655485e-06,2.0542321913109696e-08,"Method: equity_%, ATR: 1947199.55, Risk: 3921.39"
2024-01-21 04:00:00,USDJPY,1535335.1780765865,92.4740585912356,equity_%,2.761219511423069e-05,3920.342882086612,1.3026471538973851e-06,2.6052943077947698e-08,"Method: equity_%, ATR: 1535335.18, Risk: 3920.34"
2024-01-21 05:00:00,USDJPY,1719717.4195733503,73.22898679501053,equity_%,3.11176037205267e-05,3918.7382991303684,1.1629817650484612e-06,2.3259635300969226e-08,"Method: equity_%, ATR: 1719717.42, Risk: 3918.74"
2024-01-21 06:00:00,USDJPY,2703175.111193257,218.39311445639908,equity_%,6.628026147316434e-06,3912.887259075133,7.398706771597732e-07,1.4797413543195464e-08,"Method: equity_%, ATR: 2703175.11, Risk: 3912.89"
2024-01-21 07:00:00,USDJPY,1663755.5914191713,227.73371515156933,equity_%,1.0342758113322792e-05,3918.801152138297,1.2020996415068482e-06,2.4041992830136965e-08,"Method: equity_%, ATR: 1663755.59, Risk: 3918.80"
2024-01-21 08:00:00,USDJPY,1289457.950687551,239.9133002766775,equity_%,1.2672770348062004e-05,3920.4243152435897,1.551039333181498e-06,3.102078666362996e-08,"Method: equity_%, ATR: 1289457.95, Risk: 3920.42"
2024-01-21 09:00:00,USDJPY,1591884.0803098902,335.5789072015781,equity_%,7.352219185544242e-06,3927.575487409625,1.256372888414502e-06,2.5127457768290042e-08,"Method: equity_%, ATR: 1591884.08, Risk: 3927.58"
2024-01-21 10:00:00,USDJPY,1916487.5025398578,281.3966887799199,equity_%,7.2845350217934354e-06,3928.5004741487082,1.0435758111385886e-06,2.0871516222771774e-08,"Method: equity_%, ATR: 1916487.50, Risk: 3928.50"
2024-01-21 11:00:00,USDJPY,1827715.72387445,221.17959481859646,equity_%,9.723722833172388e-06,3930.8482420453765,1.0942620747171427e-06,2.188524149434286e-08,"Method: equity_%, ATR: 1827715.72, Risk: 3930.85"
2024-01-21 12:00:00,USDJPY,2900382.097680797,90.20775351341806,equity_%,1.5040009015891461e-05,3935.0221374596626,6.895643169219807e-07,1.3791286338439612e-08,"Method: equity_%, ATR: 2900382.10, Risk: 3935.02"
2024-01-21 13:00:00,USDJPY,1255906.247337318,52.34838701365674,equity_%,5.995069848287669e-05,3941.4386655182057,1.5924755563882704e-06,3.18495111277654e-08,"Method: equity_%, ATR: 1255906.25, Risk: 3941.44"
2024-01-21 14:00:00,USDJPY,2927270.667221488,-59.43834116719932,equity_%,-2.2670232985802168e-05,3944.4417304936587,6.832302944839617e-07,1.3664605889679233e-08,"Method: equity_%, ATR: 2927270.67, Risk: 3944.44"
2024-01-21 15:00:00,USDJPY,2304693.897801655,-161.26780093627957,equity_%,-1.061672447609842e-05,3945.9489521474734,8.677942011768727e-07,1.7355884023537454e-08,"Method: equity_%, ATR: 2304693.90, Risk: 3945.95"
2024-01-21 16:00:00,USDJPY,7121764.966124594,305.58743946829304,equity_%,1.8138551966781513e-06,3947.5328251308197,2.8082926205978504e-07,5.616585241195701e-09,"Method: equity_%, ATR: 7121764.97, Risk: 3947.53"
2024-01-21 17:00:00,USDJPY,1158259.220730381,354.19271532097486,equity_%,9.61834096467158e-06,3945.895318324199,1.7267291848009892e-06,3.4534583696019785e-08,"Method: equity_%, ATR: 1158259.22, Risk: 3945.90"
2024-01-21 18:00:00,USDJPY,5411174.13917498,321.20747733415163,equity_%,2.2704262618693524e-06,3946.2496697236015,3.6960555113551235e-07,7.392111022710247e-09,"Method: equity_%, ATR: 5411174.14, Risk: 3946.25"
2024-01-21 19:00:00,USDJPY,1806238.3962433324,416.570798751595,equity_%,5.246897938867313e-06,3947.903328177447,1.107273549360737e-06,2.214547098721474e-08,"Method: equity_%, ATR: 1806238.40, Risk: 3947.90"
