timestamp,pair,entry_price,stop_loss_price,stop_loss_pips,stop_type,stop_hit,exit_price,exit_reason
2024-01-01 01:00:00,EURUSD,-74.28386035582848,-122.00812760411822,477242.67248289735,atr,False,0.0,
2024-01-01 02:00:00,EURUSD,-25.299697806534112,-156.09856634743258,1307988.6854089848,atr,False,0.0,
2024-01-01 03:00:00,EURUSD,-109.06657564883882,-429.2096963546381,3201431.207057993,atr,False,0.0,
2024-01-01 04:00:00,EURUSD,-36.56269633780279,-304.33276388910093,2677700.6755129816,atr,False,0.0,
2024-01-01 05:00:00,EURUSD,-75.7209276026598,-379.7153680661205,3039944.404634607,atr,False,0.0,
2024-01-01 06:00:00,EURUSD,1.7634671043326762,-163.68864554875705,1654521.1265308973,atr,False,0.0,
2024-01-01 07:00:00,EURUSD,-8.409959188670602,-82.64599087084441,742360.3168217381,atr,False,0.0,
2024-01-01 08:00:00,EURUSD,63.338014679393964,-146.11601643282455,2094540.311122185,atr,False,0.0,
2024-01-01 09:00:00,EURUSD,-77.33479976241053,-440.0819414302127,3627471.4166780217,atr,False,0.0,
2024-01-01 10:00:00,EURUSD,-13.548130159525634,-275.50981453656533,2619616.843770397,atr,False,0.0,
2024-01-01 11:00:00,EURUSD,-76.89055419258506,-917.5296173349655,8406390.631423805,atr,False,0.0,
2024-01-01 12:00:00,EURUSD,-168.23441460081176,-378.73797832150996,2105035.637206982,atr,False,0.0,
2024-01-01 13:00:00,EURUSD,-34.09367313621928,-381.09526290595875,3470015.8976973947,atr,False,0.0,
2024-01-01 14:00:00,EURUSD,-121.1988850871171,-492.5043510221299,3713054.659350128,atr,False,0.0,
2024-01-01 15:00:00,EURUSD,-219.19289108080284,-430.135298029183,2109424.0694838017,atr,False,0.0,
2024-01-01 16:00:00,EURUSD,-134.6075217408844,-378.6902928148214,2440827.7107393704,atr,False,0.0,
2024-01-01 17:00:00,EURUSD,-245.17212342305052,-508.9477997487669,2637756.7632571636,atr,False,0.0,
2024-01-01 18:00:00,EURUSD,-73.51914810919763,-445.10840648269993,3715892.5837350227,atr,False,0.0,
2024-01-01 19:00:00,EURUSD,-200.9376226866488,-450.1873643437814,2492497.4165713256,atr,False,0.0,
2024-01-01 20:00:00,EURUSD,-152.2468137008613,-500.04365660575917,3477968.4290489787,atr,False,0.0,
2024-01-01 21:00:00,EURUSD,-70.80973014624871,-535.5369498820485,4647272.197357997,atr,False,0.0,
2024-01-01 22:00:00,EURUSD,-352.9363804891723,-1021.859805986809,6689234.254976367,atr,False,0.0,
2024-01-01 23:00:00,EURUSD,-472.6180241795793,-760.5104200738663,2878923.9589428687,atr,False,0.0,
2024-01-02 00:00:00,EURUSD,-368.88818300261926,-666.3547382460697,2974665.552434504,atr,False,0.0,
2024-01-02 01:00:00,EURUSD,-318.47307595715404,-547.7012678775577,2292281.9192040367,atr,False,0.0,
2024-01-02 02:00:00,EURUSD,-187.07937142312446,-476.4901101255691,2894107.3870244464,atr,False,0.0,
2024-01-02 03:00:00,EURUSD,-33.646598085463154,-489.09388336228085,4554472.852768177,atr,False,0.0,
2024-01-02 04:00:00,EURUSD,96.7136722492694,-385.05708208470344,4817707.543339728,atr,False,0.0,
2024-01-02 05:00:00,EURUSD,93.32983718367468,-122.50526562039217,2158351.0280406685,atr,False,0.0,
2024-01-02 06:00:00,EURUSD,-10.7132591063923,-271.36951023846086,2606562.5113206855,atr,False,0.0,
2024-01-02 07:00:00,EURUSD,-124.19517848178764,-451.7832292835744,3275880.508017868,atr,False,0.0,
2024-01-02 08:00:00,EURUSD,-114.35896063204927,-321.215808651734,2068568.480196847,atr,False,0.0,
2024-01-02 09:00:00,EURUSD,-206.4952999437142,-768.3690747914325,5618737.748477183,atr,False,0.0,
2024-01-02 10:00:00,EURUSD,152.19088867707546,-558.7759496359946,7109668.383130701,atr,False,0.0,
2024-01-02 11:00:00,EURUSD,246.60636224375844,34.32743574847049,2122789.2649528794,atr,False,0.0,
2024-01-02 12:00:00,EURUSD,105.0826780387981,-203.60818230091778,3086908.603397159,atr,False,0.0,
2024-01-02 13:00:00,EURUSD,123.4193444197088,-46.17184637750512,1695911.9079721393,atr,False,0.0,
2024-01-02 14:00:00,EURUSD,318.54256639924154,-105.9070174920368,4244495.838912783,atr,False,0.0,
2024-01-02 15:00:00,EURUSD,270.08241920522266,28.685419109849732,2413970.0009537293,atr,False,0.0,
2024-01-02 16:00:00,EURUSD,33.82858020582958,-491.82614424038263,5256547.244462122,atr,False,0.0,
2024-01-02 17:00:00,EURUSD,2.5146083951538003,-99.81918750530642,1023337.9590046022,atr,False,0.0,
2024-01-02 18:00:00,EURUSD,-22.236374792265636,-286.8396429747943,2646032.6818252867,atr,False,0.0,
2024-01-02 19:00:00,EURUSD,-110.86913089269949,-338.00808095909315,2271389.5006639366,atr,False,0.0,
2024-01-02 20:00:00,EURUSD,-137.91019272596628,-478.3907148233401,3404805.220973738,atr,False,0.0,
2024-01-02 21:00:00,EURUSD,-69.26455293816346,-408.11344074173644,3388488.8780357298,atr,False,0.0,
2024-01-02 22:00:00,EURUSD,172.61654911279223,-1039.2112778765234,12118278.269893155,atr,False,0.0,
2024-01-02 23:00:00,EURUSD,398.19798936531276,-103.2235948257337,5014215.841910465,atr,False,0.0,
2024-01-03 00:00:00,EURUSD,436.4407262295274,231.22079436563243,2052199.3186389497,atr,False,0.0,
2024-01-03 01:00:00,EURUSD,503.67295378260627,206.19136126603706,2974815.9251656923,atr,False,0.0,
2024-01-03 02:00:00,EURUSD,616.2381100864825,218.41517610916839,3978229.339773141,atr,False,0.0,
2024-01-03 03:00:00,EURUSD,680.9298689198399,476.2157332375835,2047141.3568225643,atr,False,0.0,
2024-01-03 04:00:00,EURUSD,784.865959536994,564.0965392437967,2207694.202931973,atr,False,0.0,
2024-01-03 05:00:00,EURUSD,917.222941356298,404.61945213350157,5126034.892227964,atr,False,0.0,
2024-01-03 06:00:00,EURUSD,1037.570182346814,787.5824052094495,2499877.7713736445,atr,False,0.0,
2024-01-03 07:00:00,EURUSD,1084.9340042634033,810.2332480526461,2747007.5621075714,atr,False,0.0,
2024-01-03 08:00:00,EURUSD,1260.2383092960897,926.7776311116245,3334606.7818446523,atr,False,0.0,
2024-01-03 09:00:00,EURUSD,1208.4985608300126,993.9528599225673,2145457.009074453,atr,False,0.0,
2024-01-03 10:00:00,EURUSD,1319.8321174736789,1049.0536333954287,2707784.840782502,atr,False,0.0,
2024-01-03 11:00:00,EURUSD,1377.120870430595,1114.99664177241,2621242.2865818497,atr,False,0.0,
2024-01-03 12:00:00,EURUSD,1264.5732234352524,858.2760558407452,4062971.675945072,atr,False,0.0,
2024-01-03 13:00:00,EURUSD,1371.5265807910412,967.4136405428826,4041129.4024815857,atr,False,0.0,
2024-01-03 14:00:00,EURUSD,1572.6637255116536,1070.1558070548267,5025079.184568268,atr,False,0.0,
2024-01-03 15:00:00,EURUSD,1467.6533317828257,1174.1137142114208,2935396.1757140495,atr,False,0.0,
2024-01-03 16:00:00,EURUSD,1251.2742686028703,805.2912805806384,4459829.880222319,atr,False,0.0,
2024-01-03 17:00:00,EURUSD,1111.4076552038298,642.4549368383161,4689527.183655137,atr,False,0.0,
2024-01-03 18:00:00,EURUSD,860.1863883553033,328.480343861026,5317060.444942773,atr,False,0.0,
2024-01-03 19:00:00,EURUSD,882.2935000220975,526.0937972695237,3561997.027525738,atr,False,0.0,
2024-01-03 20:00:00,EURUSD,958.1275293023092,612.9876722022332,3451398.5710007595,atr,False,0.0,
2024-01-03 21:00:00,EURUSD,895.1126037995131,554.9766085635279,3401359.9523598514,atr,False,0.0,
2024-01-03 22:00:00,EURUSD,686.5411244004996,34.82133190766888,6517197.9249283075,atr,False,0.0,
2024-01-03 23:00:00,EURUSD,842.6387212150073,558.6604829325748,2839782.3828243245,atr,False,0.0,
2024-01-04 00:00:00,EURUSD,780.7741853272207,305.688637069418,4750855.482578027,atr,False,0.0,
2024-01-04 01:00:00,EURUSD,680.2623532759773,411.40611226967127,2688562.41006306,atr,False,0.0,
2024-01-04 02:00:00,EURUSD,643.8473058824204,514.4163668903138,1294309.3899210664,atr,False,0.0,
2024-01-04 03:00:00,EURUSD,465.69804322417775,-213.86494665490005,6795629.898790779,atr,False,0.0,
2024-01-04 04:00:00,EURUSD,766.662714435748,-90.42626299784263,8570889.774335906,atr,False,0.0,
2024-01-04 05:00:00,EURUSD,851.5358139979598,595.8976331203924,2556381.8087756755,atr,False,0.0,
2024-01-04 06:00:00,EURUSD,848.199503007123,774.6438123077924,735556.9069933068,atr,False,0.0,
2024-01-04 07:00:00,EURUSD,888.4923199274127,548.3135194208778,3401788.0050653494,atr,False,0.0,
2024-01-04 08:00:00,EURUSD,950.9452442974584,677.22907445359,2737161.6984386845,atr,False,0.0,
2024-01-04 09:00:00,EURUSD,950.7302888634706,851.4425537825102,992877.3508096043,atr,False,0.0,
2024-01-04 10:00:00,EURUSD,1046.4893207328932,674.2942360584443,3721950.84674449,atr,False,0.0,
2024-01-04 11:00:00,EURUSD,1061.4659871520114,859.8915837246299,2015744.0342738153,atr,False,0.0,
2024-01-04 12:00:00,EURUSD,983.2425576064911,601.7674193361513,3814751.3827033984,atr,False,0.0,
2024-01-04 13:00:00,EURUSD,1048.4245467245248,845.7384032198165,2026861.4350470835,atr,False,0.0,
2024-01-04 14:00:00,EURUSD,1166.5342505795277,849.4659317769681,3170683.1880255966,atr,False,0.0,
2024-01-04 15:00:00,EURUSD,1145.478570810232,1047.6718582939536,978067.1251627847,atr,False,0.0,
2024-01-04 16:00:00,EURUSD,1373.2122608059888,857.09916004831,5161131.007576788,atr,False,0.0,
2024-01-04 17:00:00,EURUSD,1394.0752691978173,1160.7828157825547,2332924.5341526256,atr,False,0.0,
2024-01-04 18:00:00,EURUSD,1466.9782223184382,1167.216339596457,2997618.827219813,atr,False,0.0,
2024-01-04 19:00:00,EURUSD,1320.0200006695493,1064.5877126326322,2554322.8803691706,atr,False,0.0,
2024-01-04 20:00:00,EURUSD,1405.8812946075327,1077.0611403519829,3288201.542555498,atr,False,0.0,
2024-01-04 21:00:00,EURUSD,1396.623807257512,1174.611787448837,2220120.1980867498,atr,False,0.0,
2024-01-04 22:00:00,EURUSD,1405.169716261756,1199.2191384804346,2059505.7778132139,atr,False,0.0,
2024-01-04 23:00:00,EURUSD,1479.1852986702477,1256.1570196288174,2230282.790414303,atr,False,0.0,
2024-01-05 00:00:00,EURUSD,1376.8074745714725,1218.3298269789304,1584776.4759254209,atr,False,0.0,
2024-01-05 01:00:00,EURUSD,1362.3720315957896,454.7192472581455,9076527.84337644,atr,False,0.0,
2024-01-05 02:00:00,EURUSD,1402.981754555591,1260.6950626851778,1422866.9187041305,atr,False,0.0,
2024-01-05 03:00:00,EURUSD,1336.2630261285522,1120.3447966635442,2159182.2946500783,atr,False,0.0,
2024-01-05 04:00:00,EURUSD,1360.489461621092,1219.1550532135068,1413344.084075852,atr,False,0.0,
2024-01-05 05:00:00,EURUSD,1359.146326402912,1195.1627538300322,1639835.7257287977,atr,False,0.0,
2024-01-05 06:00:00,EURUSD,1177.658079355961,630.8893209143623,5467687.584415987,atr,False,0.0,
2024-01-05 07:00:00,EURUSD,1000.2164210320539,55.035781030633416,9451806.400014205,atr,False,0.0,
2024-01-05 08:00:00,EURUSD,995.6384986765655,873.9569190436071,1216815.7963295847,atr,False,0.0,
2024-01-05 09:00:00,EURUSD,1132.5484473453657,806.453133247336,3260953.140980297,atr,False,0.0,
2024-01-05 10:00:00,EURUSD,1219.204662513363,917.3115283749075,3018931.3413845547,atr,False,0.0,
2024-01-05 11:00:00,EURUSD,1174.2486603392256,791.8488409745567,3823998.193646689,atr,False,0.0,
2024-01-05 12:00:00,EURUSD,1274.137531604453,1082.2170846297208,1919204.4697473217,atr,False,0.0,
2024-01-05 13:00:00,EURUSD,1382.6968025417377,1068.306621671397,3143901.8087034086,atr,False,0.0,
2024-01-05 14:00:00,EURUSD,1286.3338397444065,903.788504132214,3825453.3561219247,atr,False,0.0,
2024-01-05 15:00:00,EURUSD,1098.2179946128222,457.714972560417,6405030.220524052,atr,False,0.0,
2024-01-05 16:00:00,EURUSD,1030.1332011474772,853.6859760948992,1764472.2505257805,atr,False,0.0,
2024-01-05 17:00:00,EURUSD,853.2353639495772,392.990503274891,4602448.606746862,atr,False,0.0,
2024-01-05 18:00:00,EURUSD,849.3580070061262,570.29332976141,2790646.772447163,atr,False,0.0,
2024-01-05 19:00:00,EURUSD,871.1014565118946,818.9695771957175,521318.793161771,atr,False,0.0,
2024-01-05 20:00:00,EURUSD,773.7908859068978,367.83119468066144,4059596.912262363,atr,False,0.0,
2024-01-05 21:00:00,EURUSD,1095.3892445859165,368.42563621414786,7269636.083717686,atr,False,0.0,
2024-01-05 22:00:00,EURUSD,1113.8873562353874,903.6326708407413,2102546.8539464613,atr,False,0.0,
2024-01-05 23:00:00,EURUSD,1095.3423889000774,897.9349445520857,1974074.4434799172,atr,False,0.0,
2024-01-06 00:00:00,EURUSD,1125.9840418183026,989.8544444728717,1361295.9734543085,atr,False,0.0,
2024-01-06 01:00:00,EURUSD,1146.849468401173,748.7264044847878,3981230.6391638517,atr,False,0.0,
2024-01-06 02:00:00,EURUSD,1168.4681991292214,1010.5489410186747,1579192.581105467,atr,False,0.0,
2024-01-06 03:00:00,EURUSD,1313.0094979049993,871.329803755613,4416796.941493863,atr,False,0.0,
2024-01-06 04:00:00,EURUSD,1336.2115140885585,1168.0744356613209,1681370.7842723771,atr,False,0.0,
2024-01-06 05:00:00,EURUSD,1380.2428510590041,993.9459971978594,3862968.5386114474,atr,False,0.0,
2024-01-06 06:00:00,EURUSD,1454.7655672881272,1101.8144028900556,3529511.6439807154,atr,False,0.0,
2024-01-06 07:00:00,EURUSD,1351.889542193887,1022.3217891816134,3295677.5301227365,atr,False,0.0,
2024-01-06 08:00:00,EURUSD,1406.056849832997,1164.3978747811882,2416589.750518088,atr,False,0.0,
2024-01-06 09:00:00,EURUSD,1544.2374980942059,1230.443617351944,3137938.8074226175,atr,False,0.0,
2024-01-06 10:00:00,EURUSD,1437.5237578811216,939.5515554493602,4979722.024317614,atr,False,0.0,
2024-01-06 11:00:00,EURUSD,1535.6061351694607,1279.9164800094572,2556896.5516000334,atr,False,0.0,
2024-01-06 12:00:00,EURUSD,1600.053087664361,1241.7491070780245,3583039.8058633655,atr,False,0.0,
2024-01-06 13:00:00,EURUSD,1565.6244377492528,1488.2251754792906,773992.6226996237,atr,False,0.0,
2024-01-06 14:00:00,EURUSD,1719.9317982503187,405.32278846079817,13146090.097895205,atr,False,0.0,
2024-01-06 15:00:00,EURUSD,1743.3870193791277,1647.7148470724123,956721.7230671531,atr,False,0.0,
2024-01-06 16:00:00,EURUSD,1666.2421548733932,1460.476596502277,2057655.5837111617,atr,False,0.0,
2024-01-06 17:00:00,EURUSD,1600.8696435606314,1414.8818698111113,1859877.737495202,atr,False,0.0,
2024-01-06 18:00:00,EURUSD,1520.495906739946,1079.3809043068372,4411150.024331085,atr,False,0.0,
2024-01-06 19:00:00,EURUSD,1432.6045983789197,1115.989341088997,3166152.572899228,atr,False,0.0,
2024-01-06 20:00:00,EURUSD,1460.9159279139383,1295.4072100385072,1655087.178754311,atr,False,0.0,
2024-01-06 21:00:00,EURUSD,1541.6129545054841,1379.7930131530268,1618199.4135245737,atr,False,0.0,
2024-01-06 22:00:00,EURUSD,1532.8951888271301,1249.9797681486202,2829154.2067851005,atr,False,0.0,
2024-01-06 23:00:00,EURUSD,1773.3706161933449,1338.8931705478744,4344774.4564547045,atr,False,0.0,
2024-01-07 00:00:00,EURUSD,1781.6259747177464,1558.2717654688354,2233542.0924891117,atr,False,0.0,
2024-01-07 01:00:00,EURUSD,1523.7454175784364,884.4341190350962,6393112.985433403,atr,False,0.0,
2024-01-07 02:00:00,EURUSD,1394.0825836312392,972.1738168109897,4219087.668202495,atr,False,0.0,
2024-01-07 03:00:00,EURUSD,1335.68596170505,1057.4144470333117,2782715.1467173835,atr,False,0.0,
2024-01-07 04:00:00,EURUSD,1274.6560222544122,1041.7602534306009,2328957.688238113,atr,False,0.0,
2024-01-07 05:00:00,EURUSD,1129.8093805270173,712.9365496923613,4168728.30834656,atr,False,0.0,
2024-01-07 06:00:00,EURUSD,1006.5726879176339,625.033095063402,3815395.928542318,atr,False,0.0,
2024-01-07 07:00:00,EURUSD,1007.1758677025888,970.6008712043285,365749.9649826025,atr,False,0.0,
2024-01-07 08:00:00,EURUSD,1003.1544863101559,856.0171875725944,1471372.9873756147,atr,False,0.0,
2024-01-07 09:00:00,EURUSD,1361.1147099518087,206.65770773076565,11544570.02221043,atr,False,0.0,
2024-01-07 10:00:00,EURUSD,1264.7255739893878,1036.3807974989354,2283447.764904524,atr,False,0.0,
2024-01-07 11:00:00,EURUSD,1226.77618142825,1054.7901802292304,1719860.011990197,atr,False,0.0,
2024-01-07 12:00:00,EURUSD,1169.4166577874614,943.2096235470804,2262070.3424038105,atr,False,0.0,
2024-01-07 13:00:00,EURUSD,1113.360311180493,757.5192318404821,3558410.793400109,atr,False,0.0,
2024-01-07 14:00:00,EURUSD,1574.415091167732,651.3743930518557,9230406.981158763,atr,False,0.0,
2024-01-07 15:00:00,EURUSD,1643.9805399636512,955.4463306157899,6885342.093478613,atr,False,0.0,
2024-01-07 16:00:00,EURUSD,1686.650813489509,1497.982450979707,1886683.6250980194,atr,False,0.0,
2024-01-07 17:00:00,EURUSD,1526.4557643774176,1236.8940313626945,2895617.3301472324,atr,False,0.0,
2024-01-07 18:00:00,EURUSD,1395.377437809564,1140.6932710638912,2546841.667456729,atr,False,0.0,
2024-01-07 19:00:00,EURUSD,1337.6368729093094,929.3806862135717,4082561.866957377,atr,False,0.0,
2024-01-07 20:00:00,EURUSD,1301.9122350709536,1118.0140798626198,1838981.5520833384,atr,False,0.0,
2024-01-07 21:00:00,EURUSD,1328.583606053731,1097.1883999778634,2313952.060758677,atr,False,0.0,
2024-01-07 22:00:00,EURUSD,1330.0365621725593,977.2959372905393,3527406.2488201996,atr,False,0.0,
2024-01-07 23:00:00,EURUSD,1384.4541797356526,1134.050395817958,2504037.839176947,atr,False,0.0,
2024-01-08 00:00:00,EURUSD,1501.0788890802226,1210.0243316829797,2910545.5739724278,atr,False,0.0,
2024-01-08 01:00:00,EURUSD,1487.2945715944127,1187.3343786543242,2999601.929400885,atr,False,0.0,
2024-01-08 02:00:00,EURUSD,1348.1140048168922,964.7373734058108,3833766.3141108146,atr,False,0.0,
2024-01-08 03:00:00,EURUSD,1540.5268931702515,1114.156584371212,4263703.087990396,atr,False,0.0,
2024-01-08 04:00:00,EURUSD,1493.1057743252118,1197.5936766090163,2955120.977161955,atr,False,0.0,
2024-01-08 05:00:00,EURUSD,1404.43096813762,1177.2027380929924,2272282.300446278,atr,False,0.0,
2024-01-08 06:00:00,EURUSD,1137.2247716006445,406.0548682553024,7311699.033453422,atr,False,0.0,
2024-01-08 07:00:00,EURUSD,1078.223467669168,658.2963115448493,4199271.561243187,atr,False,0.0,
2024-01-08 08:00:00,EURUSD,1221.1086952359046,501.4149992567028,7196936.959792019,atr,False,0.0,
2024-01-08 09:00:00,EURUSD,1307.4235618255263,1021.6392046108069,2857843.5721471934,atr,False,0.0,
2024-01-08 10:00:00,EURUSD,1172.065442271226,811.1599897006535,3609054.525705725,atr,False,0.0,
2024-01-08 11:00:00,EURUSD,1252.4066908214645,867.3428644798727,3850638.263415918,atr,False,0.0,
2024-01-08 12:00:00,EURUSD,1301.2634276762938,1086.089183124724,2151742.445515698,atr,False,0.0,
2024-01-08 13:00:00,EURUSD,1333.0404307911065,1180.5529344200568,1524874.9637104957,atr,False,0.0,
2024-01-08 14:00:00,EURUSD,1399.905926115062,1114.106407491034,2857995.18624028,atr,False,0.0,
2024-01-08 15:00:00,EURUSD,1429.696793844133,1353.455498765909,762412.9507822397,atr,False,0.0,
2024-01-08 16:00:00,EURUSD,1425.750354793802,1229.0925386048552,1966578.1618894674,atr,False,0.0,
2024-01-08 17:00:00,EURUSD,1572.0255350980701,1078.733994812378,4932915.402856922,atr,False,0.0,
2024-01-08 18:00:00,EURUSD,1594.3742109920963,1488.5270999285335,1058471.110635628,atr,False,0.0,
2024-01-08 19:00:00,EURUSD,1651.5847026101774,1411.9002920080252,2396844.106021523,atr,False,0.0,
2024-01-08 20:00:00,EURUSD,1583.756032934868,1398.8681304517972,1848879.0248307078,atr,False,0.0,
2024-01-08 21:00:00,EURUSD,1366.624980415607,869.0259985833278,4975989.818322793,atr,False,0.0,
2024-01-08 22:00:00,EURUSD,1309.3424018431622,1133.3103086241676,1760320.9321899465,atr,False,0.0,
2024-01-08 23:00:00,EURUSD,1314.0334174242018,1033.3098299996154,2807235.8742458653,atr,False,0.0,
2024-01-09 00:00:00,EURUSD,1147.7781565800062,702.9384995993299,4448396.569806763,atr,False,0.0,
2024-01-09 01:00:00,EURUSD,1213.9482837130697,1069.7604918857623,1441877.9182730736,atr,False,0.0,
2024-01-09 02:00:00,EURUSD,1143.6638309759142,992.7592102224745,1509046.2075343966,atr,False,0.0,
2024-01-09 03:00:00,EURUSD,1118.0210656777276,607.7067224627846,5103143.432149431,atr,False,0.0,
2024-01-09 04:00:00,EURUSD,1044.2578454577567,655.3173987799586,3889404.4667779813,atr,False,0.0,
2024-01-09 05:00:00,EURUSD,1008.3422528605156,562.2381278210644,4461041.250394512,atr,False,0.0,
2024-01-09 06:00:00,EURUSD,850.2441604610776,479.2447593918804,3709994.0106919724,atr,False,0.0,
2024-01-09 07:00:00,EURUSD,1013.3555131853727,477.4739790625981,5358815.341227747,atr,False,0.0,
2024-01-09 08:00:00,EURUSD,1176.046163478802,538.429371749511,6376167.917292911,atr,False,0.0,
2024-01-09 09:00:00,EURUSD,1266.640095448781,843.2897544581491,4233503.409906319,atr,False,0.0,
2024-01-09 10:00:00,EURUSD,1206.4878220507333,865.9712610413053,3405165.6100942804,atr,False,0.0,
2024-01-09 11:00:00,EURUSD,1180.1731680786752,882.6888603649758,2974843.0771369943,atr,False,0.0,
2024-01-09 12:00:00,EURUSD,1243.287638922433,902.7566885505773,3405309.5037185554,atr,False,0.0,
2024-01-09 13:00:00,EURUSD,1112.520715824787,685.8780162897206,4266426.9953506645,atr,False,0.0,
2024-01-09 14:00:00,EURUSD,1105.2071282071622,992.0526486125225,1131544.7959463971,atr,False,0.0,
2024-01-09 15:00:00,EURUSD,1246.3485813289954,782.5561850577858,4637923.962712096,atr,False,0.0,
2024-01-09 16:00:00,EURUSD,1220.0622185782438,1027.4658320803028,1925963.8649794091,atr,False,0.0,
2024-01-09 17:00:00,EURUSD,1227.678021141411,1071.1604330881564,1565175.8805325436,atr,False,0.0,
2024-01-09 18:00:00,EURUSD,1356.2081096936063,1157.2579387565186,1989501.7093708771,atr,False,0.0,
2024-01-09 19:00:00,EURUSD,1419.6309575727266,1208.0034427861829,2116275.147865439,atr,False,0.0,
2024-01-09 20:00:00,EURUSD,1489.1351986823752,1145.0217874791692,3441134.112032059,atr,False,0.0,
2024-01-09 21:00:00,EURUSD,1465.3767902819902,1255.3282552709995,2100485.350109906,atr,False,0.0,
2024-01-09 22:00:00,EURUSD,1539.983015291058,1291.005197651754,2489778.1763930405,atr,False,0.0,
2024-01-09 23:00:00,EURUSD,1689.7141696660262,1378.8334330673285,3108807.3659869777,atr,False,0.0,
2024-01-10 00:00:00,EURUSD,1799.7216083553365,1240.2511753652157,5594704.329901208,atr,False,0.0,
2024-01-10 01:00:00,EURUSD,1719.2483460630083,1566.3816334936741,1528667.1256933426,atr,False,0.0,
2024-01-10 02:00:00,EURUSD,1652.6294919896736,1505.7028060251655,1469266.8596450812,atr,False,0.0,
2024-01-10 03:00:00,EURUSD,1725.8159896716015,1271.0008803930007,4548151.0927860085,atr,False,0.0,
2024-01-10 04:00:00,EURUSD,1872.6504190032224,1495.027647489571,3776227.715136513,atr,False,0.0,
2024-01-10 05:00:00,EURUSD,1840.9441218394775,1665.0442446137113,1758998.7722576633,atr,False,0.0,
2024-01-10 06:00:00,EURUSD,1646.4636371501929,1290.699754428525,3557638.827216679,atr,False,0.0,
2024-01-10 07:00:00,EURUSD,1637.3095131753553,1515.3102917122635,1219992.2146309176,atr,False,0.0,
2024-01-10 08:00:00,EURUSD,1851.546111449597,1299.1098605050072,5524362.509445898,atr,False,0.0,
2024-01-10 09:00:00,EURUSD,2030.3550097429031,1442.1028810516302,5882521.286912729,atr,False,0.0,
2024-01-10 10:00:00,EURUSD,1908.0779008955958,1584.0716172448501,3240062.836507457,atr,False,0.0,
2024-01-10 11:00:00,EURUSD,1780.8088867436654,1494.1364316390946,2866724.5510457098,atr,False,0.0,
2024-01-10 12:00:00,EURUSD,1892.078454582168,1595.5866749571537,2964917.7962501426,atr,False,0.0,
2024-01-10 13:00:00,EURUSD,1915.0490702279374,1831.8724691278485,831766.0110008876,atr,False,0.0,
2024-01-10 14:00:00,EURUSD,2099.4304023139216,1235.9479301978272,8634824.721160943,atr,False,0.0,
2024-01-10 15:00:00,EURUSD,2139.7852811965363,1975.4928430223104,1642924.3817422595,atr,False,0.0,
2024-01-10 16:00:00,EURUSD,2293.922378440425,1979.2106490784993,3147117.2936192555,atr,False,0.0,
2024-01-10 17:00:00,EURUSD,2361.63037917669,1828.4193532330269,5332110.259436632,atr,False,0.0,
2024-01-10 18:00:00,EURUSD,2424.1307343485673,2242.388439944409,1817422.944041582,atr,False,0.0,
2024-01-10 19:00:00,EURUSD,2285.8326444772483,1768.7612372382093,5170714.07239039,atr,False,0.0,
2024-01-10 20:00:00,EURUSD,2169.063290558249,1721.3727777333747,4476905.128248741,atr,False,0.0,
2024-01-10 21:00:00,EURUSD,1822.765573013393,1191.9754522849485,6307901.207284445,atr,False,0.0,
2024-01-10 22:00:00,EURUSD,2180.0442171302802,1329.9733899914409,8500708.271388393,atr,False,0.0,
2024-01-10 23:00:00,EURUSD,2137.7909557277835,2011.4084931075838,1263824.626201997,atr,False,0.0,
2024-01-11 00:00:00,EURUSD,2075.3093783675577,1828.9805174159458,2463288.6095161187,atr,False,0.0,
2024-01-11 01:00:00,EURUSD,1919.9991984544715,1627.4279728379029,2925712.256165688,atr,False,0.0,
2024-01-11 02:00:00,EURUSD,1558.8063156849307,929.0998491250131,6297064.665599177,atr,False,0.0,
2024-01-11 03:00:00,EURUSD,1557.2865087084645,1430.5024512953125,1267840.5741315181,atr,False,0.0,
2024-01-11 04:00:00,EURUSD,1571.3522990205927,1433.6227937116582,1377295.0530893444,atr,False,0.0,
2024-01-11 05:00:00,EURUSD,1483.1570406729336,1289.6644587495366,1934925.8192339707,atr,False,0.0,
2024-01-11 06:00:00,EURUSD,1654.9491980452349,1194.0596080387459,4608895.900064889,atr,False,0.0,
2024-01-11 07:00:00,EURUSD,1729.5401967708672,1366.9356005467844,3626045.962240829,atr,False,0.0,
2024-01-11 08:00:00,EURUSD,1695.2818099941337,1310.0157670794465,3852660.429146871,atr,False,0.0,
2024-01-11 09:00:00,EURUSD,1669.1980879940265,1533.6097281933603,1355883.5980066634,atr,False,0.0,
2024-01-11 10:00:00,EURUSD,1472.615134742851,1061.786263003544,4108288.7173930695,atr,False,0.0,
2024-01-11 11:00:00,EURUSD,1547.9830487235647,1249.0632152100738,2989198.3351349086,atr,False,0.0,
2024-01-11 12:00:00,EURUSD,1648.0112819070343,1030.3322240170587,6176790.578899755,atr,False,0.0,
2024-01-11 13:00:00,EURUSD,1651.020629170743,1317.1190325217513,3339015.966489917,atr,False,0.0,
2024-01-11 14:00:00,EURUSD,1651.667261230115,1493.6243948834076,1580428.6634670724,atr,False,0.0,
2024-01-11 15:00:00,EURUSD,1742.8583356026982,1061.4715695677842,6813867.66034914,atr,False,0.0,
2024-01-11 16:00:00,EURUSD,1797.2096578455423,1632.7058889807404,1645037.6886480204,atr,False,0.0,
2024-01-11 17:00:00,EURUSD,1821.1146406947364,1683.4000166580524,1377146.2403668398,atr,False,0.0,
2024-01-11 18:00:00,EURUSD,1779.9587218260867,1556.6813846449131,2232773.371811735,atr,False,0.0,
2024-01-11 19:00:00,EURUSD,1666.5016397213412,1302.9559329954404,3635457.067259007,atr,False,0.0,
2024-01-11 20:00:00,EURUSD,1541.5487714889146,1301.94046304974,2396083.0843917457,atr,False,0.0,
2024-01-11 21:00:00,EURUSD,1490.3756032872732,1137.0196911840526,3533559.1210322054,atr,False,0.0,
2024-01-11 22:00:00,EURUSD,1807.994694295613,1078.4904715341017,7295042.227615112,atr,False,0.0,
2024-01-11 23:00:00,EURUSD,1715.8906446730366,1517.6711801881586,1982194.64484878,atr,False,0.0,
2024-01-12 00:00:00,EURUSD,1629.092681488382,1363.4387965299095,2656538.849584724,atr,False,0.0,
2024-01-12 01:00:00,EURUSD,1542.631125077207,1173.5517335797063,3690793.914975006,atr,False,0.0,
2024-01-12 02:00:00,EURUSD,1726.7040957439588,827.4493991700195,8992546.965739392,atr,False,0.0,
2024-01-12 03:00:00,EURUSD,1583.1968294104352,1291.1490155728272,2920478.138376079,atr,False,0.0,
2024-01-12 04:00:00,EURUSD,1626.9474449813206,1475.4253882680405,1515220.5671328022,atr,False,0.0,
2024-01-12 05:00:00,EURUSD,1694.8166804708503,1328.1452263422175,3666714.541286329,atr,False,0.0,
2024-01-12 06:00:00,EURUSD,1741.4436530150829,1529.4966046805248,2119470.4833455808,atr,False,0.0,
2024-01-12 07:00:00,EURUSD,1822.5176843917986,1612.3154524715314,2102022.3192026718,atr,False,0.0,
2024-01-12 08:00:00,EURUSD,1882.622936712811,1526.0216689395377,3566012.677732734,atr,False,0.0,
2024-01-12 09:00:00,EURUSD,1939.1674353907138,1706.9626883068586,2322047.470838551,atr,False,0.0,
2024-01-12 10:00:00,EURUSD,1662.3784304803878,669.9106801675862,9924677.503128016,atr,False,0.0,
2024-01-12 11:00:00,EURUSD,1569.1531763763505,1411.9731687085377,1571800.076678128,atr,False,0.0,
2024-01-12 12:00:00,EURUSD,1627.9501165285849,1475.2867988419775,1526633.1768660746,atr,False,0.0,
2024-01-12 13:00:00,EURUSD,1710.3191515496717,1349.3312889274744,3609878.6262219744,atr,False,0.0,
2024-01-12 14:00:00,EURUSD,1697.739570766185,1435.032922492661,2627066.482735238,atr,False,0.0,
2024-01-12 15:00:00,EURUSD,1781.2512860851325,1553.1168591472417,2281344.269378908,atr,False,0.0,
2024-01-12 16:00:00,EURUSD,1695.284556740266,1249.4664827250917,4458180.7401517425,atr,False,0.0,
2024-01-12 17:00:00,EURUSD,1735.039891889423,1340.3097379501505,3947301.5393927256,atr,False,0.0,
2024-01-12 18:00:00,EURUSD,1740.5580435674972,1661.9274592330476,786305.8433444974,atr,False,0.0,
2024-01-12 19:00:00,EURUSD,1864.6534602393613,1351.263336707627,5133901.235317342,atr,False,0.0,
2024-01-12 20:00:00,EURUSD,1782.804066117882,1539.2949801063442,2435090.8601153786,atr,False,0.0,
2024-01-12 21:00:00,EURUSD,1911.0031546776981,1464.5348366841279,4464683.179935703,atr,False,0.0,
2024-01-12 22:00:00,EURUSD,2044.709747375601,1648.6513481377513,3960583.992378497,atr,False,0.0,
2024-01-12 23:00:00,EURUSD,2140.6025343851657,1857.215457131117,2833870.7725404846,atr,False,0.0,
2024-01-13 00:00:00,EURUSD,1959.1244519333288,1472.163454816709,4869609.971166198,atr,False,0.0,
2024-01-13 01:00:00,EURUSD,1971.4739614763926,1762.5402977895067,2089336.636868859,atr,False,0.0,
2024-01-13 02:00:00,EURUSD,2017.6162102611938,1738.7609199919561,2788552.9026923766,atr,False,0.0,
2024-01-13 03:00:00,EURUSD,1255.444715110436,-496.30704475094944,17517517.598613854,atr,False,0.0,
2024-01-13 04:00:00,EURUSD,1519.03939876837,998.781956101462,5202574.426669079,atr,False,0.0,
2024-01-13 05:00:00,EURUSD,1565.8469979556683,1233.4915773405742,3323554.2061509397,atr,False,0.0,
2024-01-13 06:00:00,EURUSD,1745.132786797229,1290.4091298546932,4547236.569425358,atr,False,0.0,
2024-01-13 07:00:00,EURUSD,1750.6191002865814,1650.9714447410856,996476.555454958,atr,False,0.0,
2024-01-13 08:00:00,EURUSD,1710.997312713243,1557.0057516815664,1539915.6103167662,atr,False,0.0,
2024-01-13 09:00:00,EURUSD,1804.9720705617767,1086.3538984344336,7186181.721273432,atr,False,0.0,
2024-01-13 10:00:00,EURUSD,1680.305183627776,1408.8556232002056,2714495.6042757034,atr,False,0.0,
2024-01-13 11:00:00,EURUSD,1639.8358716812127,1448.5582500317405,1912776.2164947218,atr,False,0.0,
2024-01-13 12:00:00,EURUSD,1549.165901276679,1135.1834849107663,4139824.1636591265,atr,False,0.0,
2024-01-13 13:00:00,EURUSD,1385.465043361553,968.4878915926691,4169771.517688838,atr,False,0.0,
2024-01-13 14:00:00,EURUSD,1285.5524418523112,906.2048977217227,3793475.441305885,atr,False,0.0,
2024-01-13 15:00:00,EURUSD,1246.020315943937,1076.382908245891,1696374.0769804611,atr,False,0.0,
2024-01-13 16:00:00,EURUSD,1383.9988946136386,980.3464963953194,4036523.982183193,atr,False,0.0,
2024-01-13 17:00:00,EURUSD,1377.813526339438,1145.3759807623155,2324375.455771226,atr,False,0.0,
2024-01-13 18:00:00,EURUSD,1363.475476817528,1154.4835757724863,2089919.0104504167,atr,False,0.0,
2024-01-13 19:00:00,EURUSD,1389.8762921207601,1159.6457014148314,2302305.9070592867,atr,False,0.0,
2024-01-13 20:00:00,EURUSD,1368.9745329848904,1162.5097575439354,2064647.7544095512,atr,False,0.0,
2024-01-13 21:00:00,EURUSD,1550.1217619569263,1104.858590233663,4452631.7172326315,atr,False,0.0,
2024-01-13 22:00:00,EURUSD,1678.8613112788712,1347.912547447932,3309487.638309392,atr,False,0.0,
2024-01-13 23:00:00,EURUSD,1503.2496363484345,676.4699784740267,8267796.578744078,atr,False,0.0,
2024-01-14 00:00:00,EURUSD,1570.8868846564444,742.9946165909219,8278922.680655226,atr,False,0.0,
2024-01-14 01:00:00,EURUSD,1695.7306127310515,1466.8245440217886,2289060.6870926283,atr,False,0.0,
2024-01-14 02:00:00,EURUSD,1690.269171182315,1483.3442881456722,2069248.830366429,atr,False,0.0,
2024-01-14 03:00:00,EURUSD,1484.264843607525,884.3433962521685,5999214.473553566,atr,False,0.0,
2024-01-14 04:00:00,EURUSD,1670.579854678724,1058.5461934126884,6120336.612660357,atr,False,0.0,
2024-01-14 05:00:00,EURUSD,1668.8759085383083,1520.2012459065668,1486746.6263174163,atr,False,0.0,
2024-01-14 06:00:00,EURUSD,1704.8951038015675,1402.8864786772456,3020086.2512432197,atr,False,0.0,
2024-01-14 07:00:00,EURUSD,1522.3894047663873,733.9753721653598,7884140.326010276,atr,False,0.0,
2024-01-14 08:00:00,EURUSD,1180.7260234256605,455.3892663783964,7253367.570472641,atr,False,0.0,
2024-01-14 09:00:00,EURUSD,1325.0476671162376,703.4790208607827,6215686.462554548,atr,False,0.0,
2024-01-14 10:00:00,EURUSD,1219.8601221510855,975.1242017051364,2447359.204459491,atr,False,0.0,
2024-01-14 11:00:00,EURUSD,1231.889893073309,1092.2737445035086,1396161.4856980033,atr,False,0.0,
2024-01-14 12:00:00,EURUSD,1335.4143285734488,1130.4838512022052,2049304.7737124367,atr,False,0.0,
2024-01-14 13:00:00,EURUSD,1178.2091080899763,757.6336865049168,4205754.215850594,atr,False,0.0,
2024-01-14 14:00:00,EURUSD,1028.3920145073348,608.336793651363,4200552.208559718,atr,False,0.0,
2024-01-14 15:00:00,EURUSD,1038.034894126886,911.1761174842547,1268587.7664263127,atr,False,0.0,
2024-01-14 16:00:00,EURUSD,1159.78816126719,679.5698808230932,4802182.804440967,atr,False,0.0,
2024-01-14 17:00:00,EURUSD,1268.5374565916,1013.7272425889339,2548102.1400266606,atr,False,0.0,
2024-01-14 18:00:00,EURUSD,1400.6812000471066,422.70269624408775,9779785.038030189,atr,False,0.0,
2024-01-14 19:00:00,EURUSD,1539.7246325621716,1186.5012087299185,3532234.2383225304,atr,False,0.0,
2024-01-14 20:00:00,EURUSD,1650.7602509794808,1264.7160851153587,3860441.658641221,atr,False,0.0,
2024-01-14 21:00:00,EURUSD,1523.9600533673536,1045.6925449372875,4782675.0843006605,atr,False,0.0,
2024-01-14 22:00:00,EURUSD,1324.84837964246,741.0457492878779,5838026.3035458205,atr,False,0.0,
2024-01-14 23:00:00,EURUSD,1252.1128494501693,1016.0489942616153,2360638.551885539,atr,False,0.0,
2024-01-15 00:00:00,EURUSD,1151.112657579052,949.6905384759309,2014221.1910312106,atr,False,0.0,
2024-01-15 01:00:00,EURUSD,910.9665372983382,235.49533315729684,6754712.041410414,atr,False,0.0,
2024-01-15 02:00:00,EURUSD,1147.171305822148,49.42830883146712,10977429.969906809,atr,False,0.0,
2024-01-15 03:00:00,EURUSD,1168.2030087647024,941.9248848269789,2262781.2393772355,atr,False,0.0,
2024-01-15 04:00:00,EURUSD,1167.8794937535556,983.6873782071507,1841921.1554640492,atr,False,0.0,
2024-01-15 05:00:00,EURUSD,1174.212897835168,1021.2133482310477,1529995.4960412027,atr,False,0.0,
2024-01-15 06:00:00,EURUSD,1312.2958341394515,1011.3766507683747,3009191.833710768,atr,False,0.0,
2024-01-15 07:00:00,EURUSD,1226.7333159873938,545.9322026781746,6808011.133092192,atr,False,0.0,
2024-01-15 08:00:00,EURUSD,1198.9452735347854,1050.9365202482406,1480087.5328654489,atr,False,0.0,
2024-01-15 09:00:00,EURUSD,1217.4413988908652,1040.1149205444367,1773264.7834642853,atr,False,0.0,
2024-01-15 10:00:00,EURUSD,1135.0552573150514,773.3797021935268,3616755.5512152473,atr,False,0.0,
2024-01-15 11:00:00,EURUSD,1071.2326875104613,701.9829743566443,3692497.131538171,atr,False,0.0,
2024-01-15 12:00:00,EURUSD,1179.9365710866327,858.0268844103383,3219096.8667629445,atr,False,0.0,
2024-01-15 13:00:00,EURUSD,1104.3507157663787,931.0918536813914,1732588.620849873,atr,False,0.0,
2024-01-15 14:00:00,EURUSD,974.1398750657293,667.8637782838528,3062760.967818765,atr,False,0.0,
2024-01-15 15:00:00,EURUSD,1222.3076512831615,577.9236229125497,6443840.283706117,atr,False,0.0,
2024-01-15 16:00:00,EURUSD,1396.707278055955,1082.3161176288995,3143911.604270555,atr,False,0.0,
2024-01-15 17:00:00,EURUSD,1510.9032517477829,1253.3358940977598,2575673.5765002305,atr,False,0.0,
2024-01-15 18:00:00,EURUSD,1209.8691374794655,610.3261609601012,5995429.765193643,atr,False,0.0,
2024-01-15 19:00:00,EURUSD,1094.2046265501608,740.9745367499127,3532300.898002481,atr,False,0.0,
2024-01-15 20:00:00,EURUSD,859.9515856110535,288.7906033684808,5711609.822425727,atr,False,0.0,
2024-01-15 21:00:00,EURUSD,1035.5444914309944,650.5491887959931,3849953.026350013,atr,False,0.0,
2024-01-15 22:00:00,EURUSD,1046.5803410008043,892.0633489154119,1545169.9208539242,atr,False,0.0,
2024-01-15 23:00:00,EURUSD,835.1159995623091,270.335931201985,5647800.683603241,atr,False,0.0,
2024-01-16 00:00:00,EURUSD,1188.3530698104114,473.2044010988699,7151486.687115415,atr,False,0.0,
2024-01-16 01:00:00,EURUSD,1161.8886418359702,896.1905804771706,2656980.613587997,atr,False,0.0,
2024-01-16 02:00:00,EURUSD,1336.77149324715,904.8473988524737,4319240.943946762,atr,False,0.0,
2024-01-16 03:00:00,EURUSD,1381.2043094647076,1277.9509839551172,1032533.2550959047,atr,False,0.0,
2024-01-16 04:00:00,EURUSD,1472.6199432151823,1288.4311230314788,1841888.2018370358,atr,False,0.0,
2024-01-16 05:00:00,EURUSD,1449.5700048370222,1167.9659459945324,2816040.5884248978,atr,False,0.0,
2024-01-16 06:00:00,EURUSD,1547.9989281481244,1289.4491872589488,2585497.408891756,atr,False,0.0,
2024-01-16 07:00:00,EURUSD,1354.947959193957,890.2937498753333,4646542.093186238,atr,False,0.0,
2024-01-16 08:00:00,EURUSD,1494.4341289391668,954.6676937716546,5397664.351675122,atr,False,0.0,
2024-01-16 09:00:00,EURUSD,1262.222707664141,176.14651423723922,10860761.934269017,atr,False,0.0,
2024-01-16 10:00:00,EURUSD,1272.8842041527168,1079.1437575915686,1937404.4656114825,atr,False,0.0,
2024-01-16 11:00:00,EURUSD,1315.9027461562619,1147.274173225429,1686285.729308329,atr,False,0.0,
2024-01-16 12:00:00,EURUSD,1365.4650773532067,1094.554880767521,2709101.9658568585,atr,False,0.0,
2024-01-16 13:00:00,EURUSD,1310.1709507108133,1180.2740199663688,1298969.3074444449,atr,False,0.0,
2024-01-16 14:00:00,EURUSD,1123.770555957729,675.3353798807188,4484351.7607701,atr,False,0.0,
2024-01-16 15:00:00,EURUSD,1222.538035915211,1020.691407222322,2018466.2869288889,atr,False,0.0,
2024-01-16 16:00:00,EURUSD,1125.1928241652854,645.9156907965792,4792771.333687062,atr,False,0.0,
2024-01-16 17:00:00,EURUSD,1367.296146516612,448.2635425910121,9190326.039255999,atr,False,0.0,
2024-01-16 18:00:00,EURUSD,1508.3923471115781,1010.7787686196446,4976135.7849193355,atr,False,0.0,
2024-01-16 19:00:00,EURUSD,1458.3216622629743,1287.393349446735,1709283.128162392,atr,False,0.0,
2024-01-16 20:00:00,EURUSD,1465.371196508727,1279.5553709371388,1858158.2557158822,atr,False,0.0,
2024-01-16 21:00:00,EURUSD,1278.0040519065597,842.535084203497,4354689.677030626,atr,False,0.0,
2024-01-16 22:00:00,EURUSD,1428.7176267837751,987.4193700870379,4412982.566967372,atr,False,0.0,
2024-01-16 23:00:00,EURUSD,1414.7805927636177,1274.6871787283237,1400934.1403529402,atr,False,0.0,
2024-01-17 00:00:00,EURUSD,1459.3029080214467,1368.3079713885584,909949.366328882,atr,False,0.0,
2024-01-17 01:00:00,EURUSD,1409.3364596852168,1129.1245368012417,2802119.2288397513,atr,False,0.0,
2024-01-17 02:00:00,EURUSD,1414.066379078755,1133.3322439622602,2807341.351164949,atr,False,0.0,
2024-01-17 03:00:00,EURUSD,1522.0129950858786,1304.1950370223205,2178179.5806355807,atr,False,0.0,
2024-01-17 04:00:00,EURUSD,1634.1629747718218,1365.542585928566,2686203.8884325568,atr,False,0.0,
2024-01-17 05:00:00,EURUSD,1782.3043398658938,1395.5725330489804,3867318.0681691337,atr,False,0.0,
2024-01-17 06:00:00,EURUSD,1859.7815798259871,1554.7920374950936,3049895.4233089355,atr,False,0.0,
2024-01-17 07:00:00,EURUSD,1875.1342576711563,1730.0988093134229,1450354.4835773357,atr,False,0.0,
2024-01-17 08:00:00,EURUSD,1933.3758561315246,1740.668131576271,1927077.2455525368,atr,False,0.0,
2024-01-17 09:00:00,EURUSD,1843.1023528264589,1633.9432138369102,2091591.3898954876,atr,False,0.0,
2024-01-17 10:00:00,EURUSD,1687.3428372953567,1296.4815416864603,3908612.956088964,atr,False,0.0,
2024-01-17 11:00:00,EURUSD,1664.4396656663166,1609.6426390442214,547970.2662209535,atr,False,0.0,
2024-01-17 12:00:00,EURUSD,1715.013634937072,1626.5165347099692,884971.002271028,atr,False,0.0,
2024-01-17 13:00:00,EURUSD,1931.604832954396,1392.3984803685014,5392063.525858946,atr,False,0.0,
2024-01-17 14:00:00,EURUSD,1842.3688648791897,1598.5359952869874,2438328.695922023,atr,False,0.0,
2024-01-17 15:00:00,EURUSD,1905.4768032323311,1692.684335179009,2127924.680533222,atr,False,0.0,
2024-01-17 16:00:00,EURUSD,2053.525227920848,1827.8987497556473,2256264.7816520063,atr,False,0.0,
2024-01-17 17:00:00,EURUSD,2120.481227040115,1869.7635480543524,2507176.789857623,atr,False,0.0,
2024-01-17 18:00:00,EURUSD,2108.202932739058,1922.281003862226,1859219.2887683176,atr,False,0.0,
2024-01-17 19:00:00,EURUSD,2125.0814443845334,1897.2632625074714,2278181.81877062,atr,False,0.0,
2024-01-17 20:00:00,EURUSD,1992.7276512228127,1708.8249949924566,2839026.562303561,atr,False,0.0,
2024-01-17 21:00:00,EURUSD,2128.596039968056,1580.6185700149658,5479774.699530903,atr,False,0.0,
2024-01-17 22:00:00,EURUSD,2262.5860001649453,1884.914145382078,3776718.547828673,atr,False,0.0,
2024-01-17 23:00:00,EURUSD,2299.5737905105125,2144.579442582731,1549943.4792778129,atr,False,0.0,
2024-01-18 00:00:00,EURUSD,2366.7483099391993,2163.275043611475,2034732.663277241,atr,False,0.0,
2024-01-18 01:00:00,EURUSD,2199.925989922914,1324.1686105135896,8757573.794093248,atr,False,0.0,
2024-01-18 02:00:00,EURUSD,2074.2079872507356,1550.5366060266479,5236713.812240878,atr,False,0.0,
2024-01-18 03:00:00,EURUSD,2248.113714170409,1698.7491518901516,5493645.622802573,atr,False,0.0,
2024-01-18 04:00:00,EURUSD,2204.4116243523354,1893.4850074813473,3109266.1687098807,atr,False,0.0,
2024-01-18 05:00:00,EURUSD,1858.8056856616631,559.5189412740872,12992867.44387576,atr,False,0.0,
2024-01-18 06:00:00,EURUSD,1810.9850834432052,1372.3625106702177,4386225.727729875,atr,False,0.0,
2024-01-18 07:00:00,EURUSD,1757.8410654195072,917.6246089818621,8402164.564376451,atr,False,0.0,
2024-01-18 08:00:00,EURUSD,1749.7499556523574,1531.2174403680865,2185325.1528427075,atr,False,0.0,
2024-01-18 09:00:00,EURUSD,1921.1441444072818,1541.8449974060427,3792991.4700123905,atr,False,0.0,
2024-01-18 10:00:00,EURUSD,1817.3817282886087,1572.1178705128073,2452638.577758013,atr,False,0.0,
2024-01-18 11:00:00,EURUSD,1739.675989604327,1418.5989520829646,3210770.375213624,atr,False,0.0,
2024-01-18 12:00:00,EURUSD,1754.0097233292975,1680.491358708514,735183.6462078335,atr,False,0.0,
2024-01-18 13:00:00,EURUSD,1673.959557483728,1475.0466999285743,1989128.5755515387,atr,False,0.0,
2024-01-18 14:00:00,EURUSD,1757.972651660409,1542.7681721374936,2152044.7952291532,atr,False,0.0,
2024-01-18 15:00:00,EURUSD,1719.4156749629765,1511.851094514923,2075645.8044805345,atr,False,0.0,
2024-01-18 16:00:00,EURUSD,1827.992571416696,1525.226441960222,3027661.294564738,atr,False,0.0,
2024-01-18 17:00:00,EURUSD,1814.8532161963124,1601.4996775193813,2133535.3867693106,atr,False,0.0,
2024-01-18 18:00:00,EURUSD,2318.9998985615666,1262.8400038918203,10561598.946697464,atr,False,0.0,
2024-01-18 19:00:00,EURUSD,2457.5792626442176,2096.8205459977953,3607587.1664642207,atr,False,0.0,
2024-01-18 20:00:00,EURUSD,2510.6875019107815,2159.076457359255,3516110.4455152648,atr,False,0.0,
2024-01-18 21:00:00,EURUSD,2657.5700638032354,2229.669919244808,4279001.445584272,atr,False,0.0,
2024-01-18 22:00:00,EURUSD,2526.9726807147117,2165.0425213352555,3619301.59379456,atr,False,0.0,
2024-01-18 23:00:00,EURUSD,2380.0300205746194,2073.04466621371,3069853.543609095,atr,False,0.0,
2024-01-19 00:00:00,EURUSD,2361.3741802280147,2193.8667635937127,1675074.1663430175,atr,False,0.0,
2024-01-19 01:00:00,EURUSD,2432.24428386161,2039.2163896887394,3930278.9417287046,atr,False,0.0,
2024-01-19 02:00:00,EURUSD,2332.693322344242,2096.288272466133,2364050.4987810915,atr,False,0.0,
2024-01-19 03:00:00,EURUSD,2266.627196978249,1872.8993205234262,3937278.7645482253,atr,False,0.0,
2024-01-19 04:00:00,EURUSD,2311.9452335278506,2010.9305294025646,3010147.0412528603,atr,False,0.0,
2024-01-19 05:00:00,EURUSD,2441.9301875076117,2064.2649124715244,3776652.7503608726,atr,False,0.0,
2024-01-19 06:00:00,EURUSD,2556.4868711379154,2269.9709050504607,2865159.6608745465,atr,False,0.0,
2024-01-19 07:00:00,EURUSD,2429.7699346872428,2079.91979715625,3498501.3753099274,atr,False,0.0,
2024-01-19 08:00:00,EURUSD,2316.5220582997367,2004.3553958893358,3121666.6241040095,atr,False,0.0,
2024-01-19 09:00:00,EURUSD,2422.9101564239504,2122.8325578228623,3000775.986010883,atr,False,0.0,
2024-01-19 10:00:00,EURUSD,2295.590607744179,1614.009772311821,6815808.354323581,atr,False,0.0,
2024-01-19 11:00:00,EURUSD,2195.481561597173,1943.8617933973405,2516197.6819983236,atr,False,0.0,
2024-01-19 12:00:00,EURUSD,2180.1592361291905,1903.9760592441603,2761831.7688503023,atr,False,0.0,
2024-01-19 13:00:00,EURUSD,1683.5684370696654,342.6115070984313,13409569.299712341,atr,False,0.0,
2024-01-19 14:00:00,EURUSD,1759.528887835569,1602.3018060884383,1572270.8174713068,atr,False,0.0,
2024-01-19 15:00:00,EURUSD,1678.8906028058313,1397.9541904785574,2809364.1232727394,atr,False,0.0,
2024-01-19 16:00:00,EURUSD,1558.456918447237,1012.2862321158918,5461706.863313452,atr,False,0.0,
2024-01-19 17:00:00,EURUSD,1561.900583452028,1338.258340264129,2236422.431878991,atr,False,0.0,
2024-01-19 18:00:00,EURUSD,1751.3373488620086,1272.4930737315317,4788442.75130477,atr,False,0.0,
2024-01-19 19:00:00,EURUSD,1813.8150003450703,1612.399735232068,2014152.651130022,atr,False,0.0,
2024-01-19 20:00:00,EURUSD,1719.0011362013595,1054.0256170306307,6649755.191707287,atr,False,0.0,
2024-01-19 21:00:00,EURUSD,1684.807218145683,1406.82060550708,2779866.12638603,atr,False,0.0,
2024-01-19 22:00:00,EURUSD,1690.2664328008577,1612.9557982498118,773106.3455104607,atr,False,0.0,
2024-01-19 23:00:00,EURUSD,1623.6810340906081,1423.336510618723,2003445.234718853,atr,False,0.0,
2024-01-20 00:00:00,EURUSD,1601.4627313059316,1475.5005220403325,1259622.0926559907,atr,False,0.0,
2024-01-20 01:00:00,EURUSD,1558.3118023466957,1382.4795112169975,1758322.9112969819,atr,False,0.0,
2024-01-20 02:00:00,EURUSD,1556.0837643309678,1525.332970824273,307507.9350669489,atr,False,0.0,
2024-01-20 03:00:00,EURUSD,1517.0517920324364,1259.4733728893912,2575784.191430452,atr,False,0.0,
2024-01-20 04:00:00,EURUSD,1235.4329287616524,641.1058359047049,5943270.928569475,atr,False,0.0,
2024-01-20 05:00:00,EURUSD,1324.3039469219925,928.2324549216846,3960714.920003079,atr,False,0.0,
2024-01-20 06:00:00,EURUSD,1295.7046027469048,1083.1575585006271,2125470.4424627777,atr,False,0.0,
2024-01-20 07:00:00,EURUSD,1427.3757753677935,1049.9779125478062,3773978.628199874,atr,False,0.0,
2024-01-20 08:00:00,EURUSD,1431.8017069784273,706.550083664945,7252516.233134824,atr,False,0.0,
2024-01-20 09:00:00,EURUSD,1428.7870718293702,1230.0651092585604,1987219.6257081,atr,False,0.0,
2024-01-20 10:00:00,EURUSD,1548.6119716707458,1268.019129356517,2805928.4231422883,atr,False,0.0,
2024-01-20 11:00:00,EURUSD,1583.907785668634,1393.803062852427,1901047.2281620693,atr,False,0.0,
2024-01-20 12:00:00,EURUSD,1856.1650432483634,909.5563457838856,9466086.974644778,atr,False,0.0,
2024-01-20 13:00:00,EURUSD,1937.7423168512341,1285.9368220945705,6518054.947566636,atr,False,0.0,
2024-01-20 14:00:00,EURUSD,2038.575027354605,1715.0173747920053,3235576.5256259963,atr,False,0.0,
2024-01-20 15:00:00,EURUSD,1936.995858485532,1603.88528981722,3331105.68668312,atr,False,0.0,
2024-01-20 16:00:00,EURUSD,1902.0313493938186,1725.3301748089686,1767011.7458484992,atr,False,0.0,
2024-01-20 17:00:00,EURUSD,1781.710444631823,1482.7585624348446,2989518.8219697843,atr,False,0.0,
2024-01-20 18:00:00,EURUSD,1868.5433550364442,1536.780205674966,3317631.4936147807,atr,False,0.0,
2024-01-20 19:00:00,EURUSD,1746.8649109581213,1380.7481039939903,3661168.069641311,atr,False,0.0,
2024-01-20 20:00:00,EURUSD,1912.60341259716,1170.5155942349274,7420878.183622327,atr,False,0.0,
2024-01-20 21:00:00,EURUSD,1926.805703471849,1872.5749253248305,542307.7814701844,atr,False,0.0,
2024-01-20 22:00:00,EURUSD,2104.4362736511084,1655.9770459045585,4484592.2774655,atr,False,0.0,
2024-01-20 23:00:00,EURUSD,2069.799091883195,1875.2171452609484,1945819.4662224674,atr,False,0.0,
2024-01-21 00:00:00,EURUSD,1911.5182454774858,1125.7435115648118,7857747.3391267415,atr,False,0.0,
2024-01-21 01:00:00,EURUSD,1991.4086046276009,1720.1889346797582,2712196.699478427,atr,False,0.0,
2024-01-21 02:00:00,EURUSD,1833.043498513726,1299.5724063814305,5334710.921322955,atr,False,0.0,
2024-01-21 03:00:00,EURUSD,1946.1448008559014,1755.6799493890458,1904648.5146685564,atr,False,0.0,
2024-01-21 04:00:00,EURUSD,1821.6997206634535,1486.897028649762,3348026.9201369165,atr,False,0.0,
2024-01-21 05:00:00,EURUSD,1733.264860197659,1497.9240457142969,2353408.14483362,atr,False,0.0,
2024-01-21 06:00:00,EURUSD,1715.8186312742237,1379.9011188316872,3359175.1244253647,atr,False,0.0,
2024-01-21 07:00:00,EURUSD,1621.7109750806264,1377.8932926134933,2438176.824671332,atr,False,0.0,
2024-01-21 08:00:00,EURUSD,1658.5144459837752,1483.9305444611196,1745839.0152265567,atr,False,0.0,
2024-01-21 09:00:00,EURUSD,1726.3738446869575,1519.3687375855004,2070051.0710145703,atr,False,0.0,
2024-01-21 10:00:00,EURUSD,1685.4048232520618,1562.231846492391,1231729.7675967086,atr,False,0.0,
2024-01-21 11:00:00,EURUSD,1530.3233425076012,1058.0452296759802,4722781.12831621,atr,False,0.0,
2024-01-21 12:00:00,EURUSD,1592.1550734675602,1396.330101520356,1958249.7194720416,atr,False,0.0,
2024-01-21 13:00:00,EURUSD,1564.4603011871593,1417.7501010185156,1467102.0016864361,atr,False,0.0,
2024-01-21 14:00:00,EURUSD,1766.57778707002,1446.4052346317887,3201725.5243823114,atr,False,0.0,
2024-01-21 15:00:00,EURUSD,1838.599691856214,1474.5912809021077,3640084.1095410623,atr,False,0.0,
2024-01-21 16:00:00,EURUSD,1588.8198801443052,1059.9324378926644,5288874.422516407,atr,False,0.0,
2024-01-21 17:00:00,EURUSD,1385.6415803318162,975.161571242023,4104800.0908979313,atr,False,0.0,
2024-01-21 18:00:00,EURUSD,1258.1926787083505,1029.344074058291,2288486.0465005967,atr,False,0.0,
2024-01-21 19:00:00,EURUSD,1252.2315365481961,1099.806690043398,1524248.465047981,atr,False,0.0,
2024-01-01 01:00:00,GBPUSD,492.464432587244,91.79060269974707,4006738.2988749696,atr,False,0.0,
2024-01-01 02:00:00,GBPUSD,658.5796483927769,-449.47037798605663,11080500.263788335,atr,False,0.0,
2024-01-01 03:00:00,GBPUSD,647.2259419733175,334.7733348365669,3124526.071367506,atr,False,0.0,
2024-01-01 04:00:00,GBPUSD,608.6377046932465,431.4235251771159,1772141.7951613062,atr,False,0.0,
2024-01-01 05:00:00,GBPUSD,444.85359542057074,-55.56448855990931,5004180.8398048,atr,False,0.0,
2024-01-01 06:00:00,GBPUSD,656.7679088368552,103.54728065064103,5532206.281862142,atr,False,0.0,
2024-01-01 07:00:00,GBPUSD,739.985045878946,445.7843060509596,2942007.398279865,atr,False,0.0,
2024-01-01 08:00:00,GBPUSD,191.10125271201923,-1215.1889442635397,14062901.96975559,atr,False,0.0,
2024-01-01 09:00:00,GBPUSD,256.9642114433959,73.82871830964388,1831354.9313375205,atr,False,0.0,
2024-01-01 10:00:00,GBPUSD,444.5644357829402,-143.30860334584065,5878730.391287808,atr,False,0.0,
2024-01-01 11:00:00,GBPUSD,613.9286118061414,281.64826908505944,3322803.427210819,atr,False,0.0,
2024-01-01 12:00:00,GBPUSD,326.5123235522748,-167.16262677901176,4936749.503312865,atr,False,0.0,
2024-01-01 13:00:00,GBPUSD,282.6277056410067,59.29651903795107,2233311.866030556,atr,False,0.0,
2024-01-01 14:00:00,GBPUSD,197.16290097958637,-32.65496640171139,2298178.6738129775,atr,False,0.0,
2024-01-01 15:00:00,GBPUSD,233.85299891231284,-48.138939817357596,2819919.3872967046,atr,False,0.0,
2024-01-01 16:00:00,GBPUSD,192.7167669374778,-115.78557172602464,3085023.386635024,atr,False,0.0,
2024-01-01 17:00:00,GBPUSD,115.70026723460552,-168.83937724714275,2845396.444817483,atr,False,0.0,
2024-01-01 18:00:00,GBPUSD,336.7733022742268,-112.72108320652586,4494943.854807527,atr,False,0.0,
2024-01-01 19:00:00,GBPUSD,406.60428962586275,107.49550235639703,2991087.872694657,atr,False,0.0,
2024-01-01 20:00:00,GBPUSD,338.8251854427755,-69.00469425873621,4078298.797015117,atr,False,0.0,
2024-01-01 21:00:00,GBPUSD,382.8136655869402,141.71110229506493,2411025.6329187527,atr,False,0.0,
2024-01-01 22:00:00,GBPUSD,240.30630132023168,-319.5687202769202,5598750.215971518,atr,False,0.0,
2024-01-01 23:00:00,GBPUSD,139.50139655899747,-190.78884520773474,3302902.417667322,atr,False,0.0,
2024-01-02 00:00:00,GBPUSD,108.87756933375735,22.80533907836093,860722.3025539642,atr,False,0.0,
2024-01-02 01:00:00,GBPUSD,200.57413649474708,-247.14616510109536,4477203.015958425,atr,False,0.0,
2024-01-02 02:00:00,GBPUSD,288.9679846141233,-96.57734822544484,3855453.3283956815,atr,False,0.0,
2024-01-02 03:00:00,GBPUSD,178.53377243612425,-150.0078062814094,3285415.7871753364,atr,False,0.0,
2024-01-02 04:00:00,GBPUSD,250.37069614314504,-124.43157477465729,3748022.709178023,atr,False,0.0,
2024-01-02 05:00:00,GBPUSD,341.7163927237637,-248.2106943923422,5899270.871161059,atr,False,0.0,
2024-01-02 06:00:00,GBPUSD,437.4818074655822,-42.71261147028275,4801944.18935865,atr,False,0.0,
2024-01-02 07:00:00,GBPUSD,515.6084278744129,265.16335175229983,2504450.761221131,atr,False,0.0,
2024-01-02 08:00:00,GBPUSD,436.70863684841686,289.07023497944976,1476384.0186896706,atr,False,0.0,
2024-01-02 09:00:00,GBPUSD,465.264643811112,249.99637174601037,2152682.7206510166,atr,False,0.0,
2024-01-02 10:00:00,GBPUSD,527.5236142303356,376.3705797158612,1511530.3451447443,atr,False,0.0,
2024-01-02 11:00:00,GBPUSD,479.9358238475543,312.5611778917016,1673746.4595585263,atr,False,0.0,
2024-01-02 12:00:00,GBPUSD,629.6828083353641,214.02560324680906,4156572.0508855507,atr,False,0.0,
2024-01-02 13:00:00,GBPUSD,501.2467560683865,239.1564611929134,2620902.9487547306,atr,False,0.0,
2024-01-02 14:00:00,GBPUSD,605.2103158141781,128.77188286094355,4764384.329532346,atr,False,0.0,
2024-01-02 15:00:00,GBPUSD,770.4969683206673,-261.89536710147877,10323923.354221461,atr,False,0.0,
2024-01-02 16:00:00,GBPUSD,757.7780227290957,703.8927258912694,538852.9683782628,atr,False,0.0,
2024-01-02 17:00:00,GBPUSD,505.52084554602186,-76.23874721533195,5817595.927613538,atr,False,0.0,
2024-01-02 18:00:00,GBPUSD,508.56246682924103,451.966369264558,565960.9756468305,atr,False,0.0,
2024-01-02 19:00:00,GBPUSD,512.2194818621318,304.5958526523285,2076236.2920980328,atr,False,0.0,
2024-01-02 20:00:00,GBPUSD,508.7841735711645,310.82371394356056,1979604.5962760393,atr,False,0.0,
2024-01-02 21:00:00,GBPUSD,516.2762758940015,327.11193897821175,1891643.3691578975,atr,False,0.0,
2024-01-02 22:00:00,GBPUSD,418.2028831415832,229.14120467760176,1890616.7846398142,atr,False,0.0,
2024-01-02 23:00:00,GBPUSD,302.71379968960144,-65.19366654069336,3679074.662302948,atr,False,0.0,
2024-01-03 00:00:00,GBPUSD,409.1915693047876,124.24037378253149,2849511.955222561,atr,False,0.0,
2024-01-03 01:00:00,GBPUSD,369.5441875372733,120.28278112673851,2492614.0641053477,atr,False,0.0,
2024-01-03 02:00:00,GBPUSD,463.3186126393922,153.27959474094894,3100390.1789844325,atr,False,0.0,
2024-01-03 03:00:00,GBPUSD,349.04031426928566,-24.624317344768997,3736646.3161405465,atr,False,0.0,
2024-01-03 04:00:00,GBPUSD,397.2246373977592,245.341941518935,1518826.958788242,atr,False,0.0,
2024-01-03 05:00:00,GBPUSD,401.8847718521221,367.34350714383856,345412.6470828353,atr,False,0.0,
2024-01-03 06:00:00,GBPUSD,397.0364553902769,347.6055877119037,494308.6767837321,atr,False,0.0,
2024-01-03 07:00:00,GBPUSD,439.56717616353194,-361.17034461461367,8007375.207781456,atr,False,0.0,
2024-01-03 08:00:00,GBPUSD,430.28583778977287,212.6635489117175,2176222.888780554,atr,False,0.0,
2024-01-03 09:00:00,GBPUSD,440.16205466651274,402.3331025121162,378289.52154396515,atr,False,0.0,
2024-01-03 10:00:00,GBPUSD,495.4067563915947,253.26095619099758,2421458.002005971,atr,False,0.0,
2024-01-03 11:00:00,GBPUSD,619.1021095405002,135.1423361295977,4839597.734109025,atr,False,0.0,
2024-01-03 12:00:00,GBPUSD,745.4497304952071,462.6188530222435,2828308.7747296356,atr,False,0.0,
2024-01-03 13:00:00,GBPUSD,796.9084150305589,514.481041586978,2824273.734435809,atr,False,0.0,
2024-01-03 14:00:00,GBPUSD,933.5803186929857,390.2663783768078,5433139.403161779,atr,False,0.0,
2024-01-03 15:00:00,GBPUSD,958.0411747545012,698.4427591266837,2595984.1562781753,atr,False,0.0,
2024-01-03 16:00:00,GBPUSD,787.7530403028748,319.32398561639997,4684290.546864748,atr,False,0.0,
2024-01-03 17:00:00,GBPUSD,810.0701169196659,695.9034675483349,1141666.4937133095,atr,False,0.0,
2024-01-03 18:00:00,GBPUSD,803.6566439706068,456.8871287903253,3467695.1518028146,atr,False,0.0,
2024-01-03 19:00:00,GBPUSD,897.3242474945745,666.1422362582439,2311820.112363306,atr,False,0.0,
2024-01-03 20:00:00,GBPUSD,903.2808231834945,775.1254843632266,1281553.3882026784,atr,False,0.0,
2024-01-03 21:00:00,GBPUSD,942.0631953352256,698.2248568176585,2438383.3851756705,atr,False,0.0,
2024-01-03 22:00:00,GBPUSD,797.6624125523572,245.8353188014172,5518270.9375094,atr,False,0.0,
2024-01-03 23:00:00,GBPUSD,733.8941641800243,482.19894792643936,2516952.162535849,atr,False,0.0,
2024-01-04 00:00:00,GBPUSD,600.2069997254654,350.20133894321816,2500056.6078224718,atr,False,0.0,
2024-01-04 01:00:00,GBPUSD,609.3302500700701,218.18263209212512,3911476.1797794495,atr,False,0.0,
2024-01-04 02:00:00,GBPUSD,644.9861146430961,389.07195131254224,2559141.633305539,atr,False,0.0,
2024-01-04 03:00:00,GBPUSD,654.912310729316,487.58584352122307,1673264.6720809294,atr,False,0.0,
2024-01-04 04:00:00,GBPUSD,735.379251047409,505.52460434697974,2298546.467004292,atr,False,0.0,
2024-01-04 05:00:00,GBPUSD,931.3755133895804,380.3191381531242,5510563.752364563,atr,False,0.0,
2024-01-04 06:00:00,GBPUSD,842.9497594503755,591.8311905967375,2511185.6885363795,atr,False,0.0,
2024-01-04 07:00:00,GBPUSD,809.5291508883017,402.10849683235045,4074206.5405595126,atr,False,0.0,
2024-01-04 08:00:00,GBPUSD,555.0102305629931,33.959718651034336,5210505.119119587,atr,False,0.0,
2024-01-04 09:00:00,GBPUSD,242.14303021021794,-551.7881107667214,7939311.4097693935,atr,False,0.0,
2024-01-04 10:00:00,GBPUSD,324.9009139355474,97.97177257612807,2269291.4135941933,atr,False,0.0,
2024-01-04 11:00:00,GBPUSD,193.25720372933574,-175.7124913511089,3689696.9508044464,atr,False,0.0,
2024-01-04 12:00:00,GBPUSD,104.49072257778668,-212.57454094729707,3170652.6352508375,atr,False,0.0,
2024-01-04 13:00:00,GBPUSD,131.24678379022066,-97.2243818385011,2284711.6562872175,atr,False,0.0,
2024-01-04 14:00:00,GBPUSD,35.65423312798853,-369.6048362282976,4052590.6935628615,atr,False,0.0,
2024-01-04 15:00:00,GBPUSD,95.0452289294181,-211.3347783735578,3063800.073029759,atr,False,0.0,
2024-01-04 16:00:00,GBPUSD,188.73916617764547,-69.4576657817716,2581968.319594171,atr,False,0.0,
2024-01-04 17:00:00,GBPUSD,250.3575275379984,-226.28682846695267,4766443.560049511,atr,False,0.0,
2024-01-04 18:00:00,GBPUSD,184.30057364991004,-81.77578517348812,2660763.5882339813,atr,False,0.0,
2024-01-04 19:00:00,GBPUSD,342.455762021607,-5.616290021404609,3480720.520430116,atr,False,0.0,
2024-01-04 20:00:00,GBPUSD,324.42185007827,121.16366909041201,2032581.8098785798,atr,False,0.0,
2024-01-04 21:00:00,GBPUSD,281.28870584824216,66.60473907191493,2146839.6677632723,atr,False,0.0,
2024-01-04 22:00:00,GBPUSD,309.28022341368666,173.3042580321335,1359759.6538155316,atr,False,0.0,
2024-01-04 23:00:00,GBPUSD,255.53987431138478,49.72248088459986,2058173.9342678492,atr,False,0.0,
2024-01-05 00:00:00,GBPUSD,265.4851052427085,79.96721605494963,1855178.891877589,atr,False,0.0,
2024-01-05 01:00:00,GBPUSD,402.6458355831964,-71.98023493225395,4746260.705154504,atr,False,0.0,
2024-01-05 02:00:00,GBPUSD,587.0191588207537,183.1533616217356,4038657.9719901807,atr,False,0.0,
2024-01-05 03:00:00,GBPUSD,785.903659777412,403.89693692683335,3820067.228505787,atr,False,0.0,
2024-01-05 04:00:00,GBPUSD,861.9595329891733,493.29254353888354,3686669.894502898,atr,False,0.0,
2024-01-05 05:00:00,GBPUSD,951.5968031740703,716.8660207556221,2347307.824184481,atr,False,0.0,
2024-01-05 06:00:00,GBPUSD,1481.3228242317412,32.18653683268599,14491362.87399055,atr,False,0.0,
2024-01-05 07:00:00,GBPUSD,1524.26316650491,1437.5560112643495,867071.5524056049,atr,False,0.0,
2024-01-05 08:00:00,GBPUSD,1513.7812310028808,1325.4150949218028,1883661.36081078,atr,False,0.0,
2024-01-05 09:00:00,GBPUSD,1509.9598453655192,1148.0189041044837,3619409.412610354,atr,False,0.0,
2024-01-05 10:00:00,GBPUSD,1463.4606730134299,1337.8705511548449,1255901.2185858511,atr,False,0.0,
2024-01-05 11:00:00,GBPUSD,1335.480153308158,855.6467050898511,4798334.482183067,atr,False,0.0,
2024-01-05 12:00:00,GBPUSD,1310.326127338722,1099.7857952931286,2105403.3204559335,atr,False,0.0,
2024-01-05 13:00:00,GBPUSD,1240.7976323221749,929.2531135775017,3115445.1874467316,atr,False,0.0,
2024-01-05 14:00:00,GBPUSD,1003.6882298850912,494.73062975107354,5089576.001340177,atr,False,0.0,
2024-01-05 15:00:00,GBPUSD,888.0898098668246,676.476601917338,2116132.079494865,atr,False,0.0,
2024-01-05 16:00:00,GBPUSD,641.9279476445514,-14.61237973487107,6565403.2737942245,atr,False,0.0,
2024-01-05 17:00:00,GBPUSD,665.6842149374957,323.3072853598855,3423769.2957761013,atr,False,0.0,
2024-01-05 18:00:00,GBPUSD,637.7187418983364,454.9056084349462,1828131.3346339017,atr,False,0.0,
2024-01-05 19:00:00,GBPUSD,750.80614428794,416.050403722037,3347557.40565903,atr,False,0.0,
2024-01-05 20:00:00,GBPUSD,738.0571985956848,387.21097814123243,3508462.2045445237,atr,False,0.0,
2024-01-05 21:00:00,GBPUSD,680.3477055221256,-15.716663775442385,6960643.692975679,atr,False,0.0,
2024-01-05 22:00:00,GBPUSD,662.3904718431274,445.88102658596415,2165094.452571633,atr,False,0.0,
2024-01-05 23:00:00,GBPUSD,706.8209027881115,345.3589219307811,3614619.8085733047,atr,False,0.0,
2024-01-06 00:00:00,GBPUSD,755.2670750805682,537.1548651332042,2181122.09947364,atr,False,0.0,
2024-01-06 01:00:00,GBPUSD,535.0273883837231,-111.15705084428828,6461844.392280113,atr,False,0.0,
2024-01-06 02:00:00,GBPUSD,540.9905259657702,152.1717465285485,3888187.794372217,atr,False,0.0,
2024-01-06 03:00:00,GBPUSD,535.8260094268901,352.144755060379,1836812.5436651108,atr,False,0.0,
2024-01-06 04:00:00,GBPUSD,446.2008234800065,103.10103245531485,3430997.910246916,atr,False,0.0,
2024-01-06 05:00:00,GBPUSD,368.99987811363906,109.10542509172456,2598944.530219145,atr,False,0.0,
2024-01-06 06:00:00,GBPUSD,280.55879729333304,72.25377034512425,2083050.269482088,atr,False,0.0,
2024-01-06 07:00:00,GBPUSD,275.99587508835145,-35.945065048535184,3119409.401368866,atr,False,0.0,
2024-01-06 08:00:00,GBPUSD,328.8836357273767,86.89492165936082,2419887.140680159,atr,False,0.0,
2024-01-06 09:00:00,GBPUSD,302.1267345902421,51.63665710529975,2504900.7748494237,atr,False,0.0,
2024-01-06 10:00:00,GBPUSD,522.0861806855851,44.72417201827756,4773620.086673075,atr,False,0.0,
2024-01-06 11:00:00,GBPUSD,609.0485867708533,121.3891360056511,4876594.507652022,atr,False,0.0,
2024-01-06 12:00:00,GBPUSD,586.0769860344571,421.30198696733896,1647749.990671182,atr,False,0.0,
2024-01-06 13:00:00,GBPUSD,504.0048098807038,219.3958476109663,2846089.6226973752,atr,False,0.0,
2024-01-06 14:00:00,GBPUSD,357.3426794942267,-53.65864846365281,4110013.2795787947,atr,False,0.0,
2024-01-06 15:00:00,GBPUSD,486.42750113837155,228.4718409139163,2579556.602244552,atr,False,0.0,
2024-01-06 16:00:00,GBPUSD,634.3505336087771,372.9706336736035,2613798.999351736,atr,False,0.0,
2024-01-06 17:00:00,GBPUSD,576.6054533766552,417.7833389370944,1588221.144395608,atr,False,0.0,
2024-01-06 18:00:00,GBPUSD,731.8822934137024,238.91411508198496,4929681.783317175,atr,False,0.0,
2024-01-06 19:00:00,GBPUSD,589.3002952318503,203.57727140408724,3857230.238277631,atr,False,0.0,
2024-01-06 20:00:00,GBPUSD,539.2640310574525,358.98019106652544,1802838.3999092705,atr,False,0.0,
2024-01-06 21:00:00,GBPUSD,741.9688160288425,168.78759755735382,5731812.184714887,atr,False,0.0,
2024-01-06 22:00:00,GBPUSD,801.5669090915131,562.4971697579263,2390697.393335868,atr,False,0.0,
2024-01-06 23:00:00,GBPUSD,754.3625523282303,473.1572437146115,2812053.086136188,atr,False,0.0,
2024-01-07 00:00:00,GBPUSD,708.8987796082844,211.19621575101166,4977025.638572727,atr,False,0.0,
2024-01-07 01:00:00,GBPUSD,716.2300686531803,534.3331967951569,1818968.7185802336,atr,False,0.0,
2024-01-07 02:00:00,GBPUSD,762.1556575849535,573.2191798436966,1889364.7774125692,atr,False,0.0,
2024-01-07 03:00:00,GBPUSD,802.9904106098395,634.0414060288388,1689490.045810008,atr,False,0.0,
2024-01-07 04:00:00,GBPUSD,722.2535429385979,306.2653750187721,4159881.679198258,atr,False,0.0,
2024-01-07 05:00:00,GBPUSD,751.4142670891582,606.7196743764559,1446945.9271270228,atr,False,0.0,
2024-01-07 06:00:00,GBPUSD,680.3792632589918,458.0278728751498,2223513.9038384203,atr,False,0.0,
2024-01-07 07:00:00,GBPUSD,450.0578953034674,48.36586951756493,4016920.257859024,atr,False,0.0,
2024-01-07 08:00:00,GBPUSD,465.51493098349204,420.2635173823882,452514.13601103844,atr,False,0.0,
2024-01-07 09:00:00,GBPUSD,343.32617900209084,89.73332770212173,2535928.512999691,atr,False,0.0,
2024-01-07 10:00:00,GBPUSD,339.8658992759703,74.75043179830851,2651154.674776618,atr,False,0.0,
2024-01-07 11:00:00,GBPUSD,286.22527340147326,71.1647578124124,2150605.1558906087,atr,False,0.0,
2024-01-07 12:00:00,GBPUSD,280.7174884714239,178.355306282311,1023621.821891129,atr,False,0.0,
2024-01-07 13:00:00,GBPUSD,170.31102334856604,-83.17147568433828,2534824.990329043,atr,False,0.0,
2024-01-07 14:00:00,GBPUSD,454.63946595185035,-403.1887431363703,8578282.090882206,atr,False,0.0,
2024-01-07 15:00:00,GBPUSD,457.41525505708086,266.6260688227411,1907891.862343398,atr,False,0.0,
2024-01-07 16:00:00,GBPUSD,432.3949489778178,212.39075318535066,2200041.9579246715,atr,False,0.0,
2024-01-07 17:00:00,GBPUSD,361.1357905820295,170.90865990877808,1902271.306732514,atr,False,0.0,
2024-01-07 18:00:00,GBPUSD,371.8658541856379,80.66691088009566,2911989.4330554223,atr,False,0.0,
2024-01-07 19:00:00,GBPUSD,337.9167867081535,166.9055683837434,1710112.183244101,atr,False,0.0,
2024-01-07 20:00:00,GBPUSD,338.08379567880615,258.90332491957037,791804.7075923579,atr,False,0.0,
2024-01-07 21:00:00,GBPUSD,290.5748769433299,-23.05571282669939,3136305.897700293,atr,False,0.0,
2024-01-07 22:00:00,GBPUSD,389.36707842011924,-9.168507039706526,3985355.8545982577,atr,False,0.0,
2024-01-07 23:00:00,GBPUSD,535.0828623784171,-139.34207960934555,6744249.419877626,atr,False,0.0,
2024-01-08 00:00:00,GBPUSD,453.0830050310651,36.05841621672465,4170245.8881434044,atr,False,0.0,
2024-01-08 01:00:00,GBPUSD,201.5128422772176,-660.1630029545122,8616758.452317297,atr,False,0.0,
2024-01-08 02:00:00,GBPUSD,106.51147914315862,-222.04415600430735,3285556.3514746595,atr,False,0.0,
2024-01-08 03:00:00,GBPUSD,164.40241860295546,-145.19378256618828,3095962.0116914376,atr,False,0.0,
2024-01-08 04:00:00,GBPUSD,75.94738527077516,-699.6650152860262,7756124.005568014,atr,False,0.0,
2024-01-08 05:00:00,GBPUSD,245.7159174840087,-256.3951849039453,5021111.02387954,atr,False,0.0,
2024-01-08 06:00:00,GBPUSD,192.1391264665287,-86.81841633099214,2789575.427975208,atr,False,0.0,
2024-01-08 07:00:00,GBPUSD,129.99417512598728,-3.819459846435535,1338136.3497242283,atr,False,0.0,
2024-01-08 08:00:00,GBPUSD,244.33644860016545,-169.63120199061814,4139676.505907836,atr,False,0.0,
2024-01-08 09:00:00,GBPUSD,154.57339252292547,-168.13559552343145,3227089.8804635694,atr,False,0.0,
2024-01-08 10:00:00,GBPUSD,153.01135824903,-88.68325007480726,2416946.0832383726,atr,False,0.0,
2024-01-08 11:00:00,GBPUSD,172.2942570139893,-109.91305234202531,2822073.093560146,atr,False,0.0,
2024-01-08 12:00:00,GBPUSD,83.00834997584754,-166.5778176742985,2495861.6765014604,atr,False,0.0,
2024-01-08 13:00:00,GBPUSD,51.6236904152499,-129.3501519142079,1809738.4232945782,atr,False,0.0,
2024-01-08 14:00:00,GBPUSD,-25.46089994211708,-317.24728561374,2917863.8567162296,atr,False,0.0,
2024-01-08 15:00:00,GBPUSD,-135.04168109251594,-654.8184070928955,5197767.260003795,atr,False,0.0,
2024-01-08 16:00:00,GBPUSD,-161.53722604874778,-397.1567696808406,2356195.4363209284,atr,False,0.0,
2024-01-08 17:00:00,GBPUSD,-279.9448944796701,-592.8981819895785,3129532.8750990843,atr,False,0.0,
2024-01-08 18:00:00,GBPUSD,-529.9760113028409,-1217.8701001834297,6878940.8888058895,atr,False,0.0,
2024-01-08 19:00:00,GBPUSD,-549.4609247450948,-774.3572737589448,2248963.4901385005,atr,False,0.0,
2024-01-08 20:00:00,GBPUSD,-481.95618692814656,-887.9899996075878,4060338.1267944127,atr,False,0.0,
2024-01-08 21:00:00,GBPUSD,-604.3138797284033,-1028.6272605967426,4243133.8086833935,atr,False,0.0,
2024-01-08 22:00:00,GBPUSD,-505.1764655957581,-838.7394731868535,3335630.075910954,atr,False,0.0,
2024-01-08 23:00:00,GBPUSD,-579.0549796603401,-900.8081780345649,3217531.983742248,atr,False,0.0,
2024-01-09 00:00:00,GBPUSD,-352.10034448313877,-1068.1572947802133,7160569.502970744,atr,False,0.0,
2024-01-09 01:00:00,GBPUSD,-473.3139968661168,-1123.5238282544474,6502098.3138833055,atr,False,0.0,
2024-01-09 02:00:00,GBPUSD,-446.59001202779456,-668.1689088677108,2215788.968399163,atr,False,0.0,
2024-01-09 03:00:00,GBPUSD,-321.7049716102589,-1135.6403945889263,8139354.229786674,atr,False,0.0,
2024-01-09 04:00:00,GBPUSD,-252.8125210139776,-464.49385534845516,2116813.3433447755,atr,False,0.0,
2024-01-09 05:00:00,GBPUSD,-310.7925910096184,-704.5696811570265,3937770.901474081,atr,False,0.0,
2024-01-09 06:00:00,GBPUSD,-323.8769836385696,-415.8244861066753,919475.0246810573,atr,False,0.0,
2024-01-09 07:00:00,GBPUSD,-389.401297322312,-921.6395711551477,5322382.738328356,atr,False,0.0,
2024-01-09 08:00:00,GBPUSD,-235.08340999481058,-694.911624653211,4598282.146584004,atr,False,0.0,
2024-01-09 09:00:00,GBPUSD,-386.54154647146527,-729.0881531816177,3425466.067101524,atr,False,0.0,
2024-01-09 10:00:00,GBPUSD,-385.4294241622536,-415.0754563599842,296460.32197730534,atr,False,0.0,
2024-01-09 11:00:00,GBPUSD,-465.98101269140204,-775.8317276279297,3098507.149365277,atr,False,0.0,
2024-01-09 12:00:00,GBPUSD,-508.2291104570527,-756.8058816943309,2485767.712372782,atr,False,0.0,
2024-01-09 13:00:00,GBPUSD,-421.66077928350524,-808.4940451221601,3868332.658386548,atr,False,0.0,
2024-01-09 14:00:00,GBPUSD,-352.0616577832672,-661.5198083799488,3094581.505966816,atr,False,0.0,
2024-01-09 15:00:00,GBPUSD,-627.9728730661564,-1573.7815467732746,9458086.737071183,atr,False,0.0,
2024-01-09 16:00:00,GBPUSD,-817.2539267369764,-1277.7465770512126,4604926.5031423615,atr,False,0.0,
2024-01-09 17:00:00,GBPUSD,-721.4330546046583,-1013.5787986244775,2921457.4401981914,atr,False,0.0,
2024-01-09 18:00:00,GBPUSD,-444.82981746264176,-1076.3367444018045,6315069.269391627,atr,False,0.0,
2024-01-09 19:00:00,GBPUSD,-591.1666703097209,-1079.6022161455949,4884355.458358741,atr,False,0.0,
2024-01-09 20:00:00,GBPUSD,-439.787960441687,-726.6337608545191,2868458.0041283206,atr,False,0.0,
2024-01-09 21:00:00,GBPUSD,-369.0292445170012,-880.7437831637403,5117145.386467392,atr,False,0.0,
2024-01-09 22:00:00,GBPUSD,-173.57510278808044,-684.1240402410742,5105489.374529937,atr,False,0.0,
2024-01-09 23:00:00,GBPUSD,-296.84707305496175,-702.6350810486481,4057880.079936864,atr,False,0.0,
2024-01-10 00:00:00,GBPUSD,-256.29663845558673,-599.5555305032553,3432588.9204766853,atr,False,0.0,
2024-01-10 01:00:00,GBPUSD,-173.40744845357773,-354.33103342650236,1809235.849729246,atr,False,0.0,
2024-01-10 02:00:00,GBPUSD,-160.1166615490827,-442.80464602524125,2826879.844761586,atr,False,0.0,
2024-01-10 03:00:00,GBPUSD,-149.5747292746115,-366.6457478592388,2170710.1858462724,atr,False,0.0,
2024-01-10 04:00:00,GBPUSD,-216.33586049536865,-395.69948503816613,1793636.2454279745,atr,False,0.0,
2024-01-10 05:00:00,GBPUSD,-329.113363100919,-918.0962264180293,5889828.633171104,atr,False,0.0,
2024-01-10 06:00:00,GBPUSD,-298.3187631758872,-714.2407889976105,4159220.2582172332,atr,False,0.0,
2024-01-10 07:00:00,GBPUSD,-348.5078777369394,-676.758916742594,3282510.390056547,atr,False,0.0,
2024-01-10 08:00:00,GBPUSD,-325.3059094665691,-605.5293637043062,2802234.5423773704,atr,False,0.0,
2024-01-10 09:00:00,GBPUSD,-350.5471514278436,-618.2608370966301,2677136.856687865,atr,False,0.0,
2024-01-10 10:00:00,GBPUSD,-239.02373149106634,-542.9573462078121,3039336.1471674577,atr,False,0.0,
2024-01-10 11:00:00,GBPUSD,-305.64551944008196,-463.3944481537883,1577489.2871370632,atr,False,0.0,
2024-01-10 12:00:00,GBPUSD,-274.01613263105287,-403.4511455680321,1294350.1293697918,atr,False,0.0,
2024-01-10 13:00:00,GBPUSD,-257.7315518335715,-402.65294975634373,1449213.9792277226,atr,False,0.0,
2024-01-10 14:00:00,GBPUSD,-152.8581162146472,-582.1254710076452,4292673.54792998,atr,False,0.0,
2024-01-10 15:00:00,GBPUSD,-63.636077477306046,-549.2319385209144,4855958.610436084,atr,False,0.0,
2024-01-10 16:00:00,GBPUSD,222.47171183497534,-305.73692854849156,5282086.403834669,atr,False,0.0,
2024-01-10 17:00:00,GBPUSD,187.18678481013342,-52.81161937119373,2399984.0418132716,atr,False,0.0,
2024-01-10 18:00:00,GBPUSD,47.89824268738133,-235.64513435307666,2835433.77040458,atr,False,0.0,
2024-01-10 19:00:00,GBPUSD,-43.97409309877166,-468.73340526933254,4247593.121705608,atr,False,0.0,
2024-01-10 20:00:00,GBPUSD,-101.47632749373832,-335.8725101646104,2343961.826708721,atr,False,0.0,
2024-01-10 21:00:00,GBPUSD,-161.39110318177936,-687.4198109971096,5260287.078153302,atr,False,0.0,
2024-01-10 22:00:00,GBPUSD,-388.4093486995482,-924.9518300624038,5365424.813628556,atr,False,0.0,
2024-01-10 23:00:00,GBPUSD,-429.0311921670154,-777.0674528258053,3480362.6065878994,atr,False,0.0,
2024-01-11 00:00:00,GBPUSD,250.68041489982687,-1591.163842515381,18418442.57415208,atr,False,0.0,
2024-01-11 01:00:00,GBPUSD,284.55295711885674,126.11874945308688,1584342.0766576985,atr,False,0.0,
2024-01-11 02:00:00,GBPUSD,312.3647995939307,237.84999039856075,745148.0919536994,atr,False,0.0,
2024-01-11 03:00:00,GBPUSD,412.2724553484537,66.4348897842849,3458375.655641688,atr,False,0.0,
2024-01-11 04:00:00,GBPUSD,371.88507180821637,98.17217401049726,2737128.977977191,atr,False,0.0,
2024-01-11 05:00:00,GBPUSD,484.06988131315256,175.07819320257676,3089916.8811057582,atr,False,0.0,
2024-01-11 06:00:00,GBPUSD,443.7904570171626,223.1271040974786,2206633.5291968402,atr,False,0.0,
2024-01-11 07:00:00,GBPUSD,603.2879810320885,289.219573557962,3140684.074741265,atr,False,0.0,
2024-01-11 08:00:00,GBPUSD,805.2566409784304,135.73172156417615,6695249.194142542,atr,False,0.0,
2024-01-11 09:00:00,GBPUSD,671.3524920933293,-56.55647120571257,7279089.632990418,atr,False,0.0,
2024-01-11 10:00:00,GBPUSD,592.9067966047494,-59.988552189892175,6528953.487946415,atr,False,0.0,
2024-01-11 11:00:00,GBPUSD,622.7669059594216,313.405269221382,3093616.3673803955,atr,False,0.0,
2024-01-11 12:00:00,GBPUSD,701.5700265924436,448.09991032270057,2534701.16269743,atr,False,0.0,
2024-01-11 13:00:00,GBPUSD,728.9668392585645,539.5981580567928,1893686.812017717,atr,False,0.0,
2024-01-11 14:00:00,GBPUSD,661.092109865816,-18.103354790679873,6791954.646564959,atr,False,0.0,
2024-01-11 15:00:00,GBPUSD,696.6201148399768,492.6304569596993,2039896.5788027756,atr,False,0.0,
2024-01-11 16:00:00,GBPUSD,707.8368607828505,418.1451663880331,2896916.9439481744,atr,False,0.0,
2024-01-11 17:00:00,GBPUSD,830.4827638983355,399.8924354286168,4305903.284697187,atr,False,0.0,
2024-01-11 18:00:00,GBPUSD,839.526754219358,729.3255731811753,1102011.8103818272,atr,False,0.0,
2024-01-11 19:00:00,GBPUSD,846.7569571546766,748.2624658313099,984944.9132336667,atr,False,0.0,
2024-01-11 20:00:00,GBPUSD,970.0686371488638,727.6656551619818,2424029.81986882,atr,False,0.0,
2024-01-11 21:00:00,GBPUSD,774.7979075103204,363.4928438622481,4113050.6364807235,atr,False,0.0,
2024-01-11 22:00:00,GBPUSD,644.9137975195872,123.51614534424527,5213976.521753419,atr,False,0.0,
2024-01-11 23:00:00,GBPUSD,794.0860603887502,273.29386757999623,5207921.928087539,atr,False,0.0,
2024-01-12 00:00:00,GBPUSD,825.67775908759,653.0170372226364,1726607.218649536,atr,False,0.0,
2024-01-12 01:00:00,GBPUSD,713.9338059375646,438.8022660778072,2751315.398597574,atr,False,0.0,
2024-01-12 02:00:00,GBPUSD,581.1510920508625,85.16704293565306,4959840.491152095,atr,False,0.0,
2024-01-12 03:00:00,GBPUSD,956.4692173314452,-76.46127057284161,10329304.879042868,atr,False,0.0,
2024-01-12 04:00:00,GBPUSD,811.8650802734867,485.238718526321,3266263.6174716568,atr,False,0.0,
2024-01-12 05:00:00,GBPUSD,962.5294810526592,691.3014648274459,2712280.162252133,atr,False,0.0,
2024-01-12 06:00:00,GBPUSD,895.1089960237329,651.8335053986212,2432754.906251116,atr,False,0.0,
2024-01-12 07:00:00,GBPUSD,961.9481779964809,743.7851539079923,2181630.240884886,atr,False,0.0,
2024-01-12 08:00:00,GBPUSD,1073.2659613560136,595.0513727249981,4782145.886310155,atr,False,0.0,
2024-01-12 09:00:00,GBPUSD,1395.3632257533313,593.2121053946693,8021511.203586621,atr,False,0.0,
2024-01-12 10:00:00,GBPUSD,1456.6168434816539,1227.4695532778965,2291472.902037574,atr,False,0.0,
2024-01-12 11:00:00,GBPUSD,1527.128276549701,1286.3467902225814,2407814.8632711964,atr,False,0.0,
2024-01-12 12:00:00,GBPUSD,1545.7000326265247,1466.2021105697986,794979.22056726,atr,False,0.0,
2024-01-12 13:00:00,GBPUSD,1656.297942423295,1266.6788171355358,3896191.2528775907,atr,False,0.0,
2024-01-12 14:00:00,GBPUSD,1385.447117781422,735.1463749646118,6503007.428168103,atr,False,0.0,
2024-01-12 15:00:00,GBPUSD,1416.0253713680925,1218.4262661130156,1975991.0525507699,atr,False,0.0,
2024-01-12 16:00:00,GBPUSD,1402.8645505776171,1328.319613571403,745449.3700621435,atr,False,0.0,
2024-01-12 17:00:00,GBPUSD,1220.348134088479,701.0472782478978,5193008.558405811,atr,False,0.0,
2024-01-12 18:00:00,GBPUSD,1248.308066606937,969.143027833468,2791650.3877346907,atr,False,0.0,
2024-01-12 19:00:00,GBPUSD,1193.0108278300893,825.7289168319111,3672819.109981782,atr,False,0.0,
2024-01-12 20:00:00,GBPUSD,1163.8092724460369,1057.1532698918888,1066560.0255414802,atr,False,0.0,
2024-01-12 21:00:00,GBPUSD,1174.2028663846108,1029.1742360553335,1450286.3032927737,atr,False,0.0,
2024-01-12 22:00:00,GBPUSD,1171.8075484027217,1149.1330427499406,226745.05652781023,atr,False,0.0,
2024-01-12 23:00:00,GBPUSD,1317.4561011262476,1011.5776662485032,3058784.3487774446,atr,False,0.0,
2024-01-13 00:00:00,GBPUSD,1476.5183554118876,798.3443040561896,6781740.5135569805,atr,False,0.0,
2024-01-13 01:00:00,GBPUSD,1451.706715321446,988.3546847116547,4633520.306097912,atr,False,0.0,
2024-01-13 02:00:00,GBPUSD,1423.509266861374,1300.195748504375,1233135.18356999,atr,False,0.0,
2024-01-13 03:00:00,GBPUSD,1343.5796260268633,1049.0386653816613,2945409.6064520204,atr,False,0.0,
2024-01-13 04:00:00,GBPUSD,1595.577766535208,961.8467583493804,6337310.081858276,atr,False,0.0,
2024-01-13 05:00:00,GBPUSD,1641.5023080632961,1507.2652221811154,1342370.8588218086,atr,False,0.0,
2024-01-13 06:00:00,GBPUSD,1735.2716082503007,1464.8421338330509,2704294.7441724995,atr,False,0.0,
2024-01-13 07:00:00,GBPUSD,1640.9138119471877,1168.2403355774877,4726734.763697,atr,False,0.0,
2024-01-13 08:00:00,GBPUSD,1891.888159001955,1395.394837464204,4964933.21537751,atr,False,0.0,
2024-01-13 09:00:00,GBPUSD,2017.7389349975674,1619.5364090930466,3982025.2590452093,atr,False,0.0,
2024-01-13 10:00:00,GBPUSD,1994.8660342441533,1711.4474115737157,2834186.2267043744,atr,False,0.0,
2024-01-13 11:00:00,GBPUSD,1951.333332174728,1730.8050178099254,2205283.1436480256,atr,False,0.0,
2024-01-13 12:00:00,GBPUSD,1960.070040385093,1791.365457938062,1687045.8244703114,atr,False,0.0,
2024-01-13 13:00:00,GBPUSD,1819.6884117279344,1207.5846097335425,6121038.019943918,atr,False,0.0,
2024-01-13 14:00:00,GBPUSD,1736.348790894608,1441.390903482532,2949578.8741207616,atr,False,0.0,
2024-01-13 15:00:00,GBPUSD,1857.5263770649651,1505.8975406319782,3516288.364329869,atr,False,0.0,
2024-01-13 16:00:00,GBPUSD,1683.32855126731,1323.4803113091334,3598482.3995817658,atr,False,0.0,
2024-01-13 17:00:00,GBPUSD,1589.8395378661069,1252.5924195583768,3372471.183077301,atr,False,0.0,
2024-01-13 18:00:00,GBPUSD,1627.7319556952775,1442.6130283696332,1851189.2732564434,atr,False,0.0,
2024-01-13 19:00:00,GBPUSD,1521.4683916607764,911.453455105516,6100149.365552604,atr,False,0.0,
2024-01-13 20:00:00,GBPUSD,1540.748027573938,1311.7046078254355,2290434.1974850264,atr,False,0.0,
2024-01-13 21:00:00,GBPUSD,1644.0290710825388,1227.3066629841937,4167224.0809834506,atr,False,0.0,
2024-01-13 22:00:00,GBPUSD,1327.3278166813682,26.646571136712964,13006812.455446552,atr,False,0.0,
2024-01-13 23:00:00,GBPUSD,1399.154880839007,1204.1713522385417,1949835.2860046532,atr,False,0.0,
2024-01-14 00:00:00,GBPUSD,1153.2891342773692,469.4844181423182,6838047.16135051,atr,False,0.0,
2024-01-14 01:00:00,GBPUSD,1013.5492777318977,550.0637615003403,4634855.1623155745,atr,False,0.0,
2024-01-14 02:00:00,GBPUSD,1013.6623049850632,758.2763682692095,2553859.3671585377,atr,False,0.0,
2024-01-14 03:00:00,GBPUSD,976.7638072672953,790.9045825649105,1858592.2470238484,atr,False,0.0,
2024-01-14 04:00:00,GBPUSD,944.8089583622926,781.4191949328076,1633897.6342948508,atr,False,0.0,
2024-01-14 05:00:00,GBPUSD,967.5729722503032,865.3687603854681,1022042.1186483509,atr,False,0.0,
2024-01-14 06:00:00,GBPUSD,832.4053751069696,499.8295310599394,3325758.4404703015,atr,False,0.0,
2024-01-14 07:00:00,GBPUSD,642.9550883302461,271.9578923448153,3709971.9598543076,atr,False,0.0,
2024-01-14 08:00:00,GBPUSD,689.3822979179613,524.2181495433633,1651641.4837459798,atr,False,0.0,
2024-01-14 09:00:00,GBPUSD,604.2423873765513,368.6795296016346,2355628.5777491666,atr,False,0.0,
2024-01-14 10:00:00,GBPUSD,719.1930449331059,331.0500179436008,3881430.2698950507,atr,False,0.0,
2024-01-14 11:00:00,GBPUSD,555.5244030811189,103.76554476604076,4517588.583150781,atr,False,0.0,
2024-01-14 12:00:00,GBPUSD,439.64722221060634,55.66460021381215,3839826.2199679418,atr,False,0.0,
2024-01-14 13:00:00,GBPUSD,473.5009303318333,322.4312384749817,1510696.918568516,atr,False,0.0,
2024-01-14 14:00:00,GBPUSD,328.13714930029414,-80.26147380524333,4083986.2310553747,atr,False,0.0,
2024-01-14 15:00:00,GBPUSD,287.113841909726,47.626758033287075,2394870.838764389,atr,False,0.0,
2024-01-14 16:00:00,GBPUSD,290.7763963497086,149.68072571175242,1410956.7063795617,atr,False,0.0,
2024-01-14 17:00:00,GBPUSD,111.02116510442684,-238.6453769969108,3496665.4210133767,atr,False,0.0,
2024-01-14 18:00:00,GBPUSD,4.429189811030909,-381.3689293445043,3857981.191555352,atr,False,0.0,
2024-01-14 19:00:00,GBPUSD,99.92584243170556,-305.4089110300859,4053347.534617915,atr,False,0.0,
2024-01-14 20:00:00,GBPUSD,692.2643145895277,-981.5123059176187,16737766.205071464,atr,False,0.0,
2024-01-14 21:00:00,GBPUSD,876.778014772392,394.09266866335753,4826853.461090345,atr,False,0.0,
2024-01-14 22:00:00,GBPUSD,928.8054885009993,761.9553476239341,1668501.4087706525,atr,False,0.0,
2024-01-14 23:00:00,GBPUSD,1030.4110555594625,744.3996792921607,2860113.7626730176,atr,False,0.0,
2024-01-15 00:00:00,GBPUSD,1036.5104633462965,672.7288195187361,3637816.4382756045,atr,False,0.0,
2024-01-15 01:00:00,GBPUSD,1101.5138491744965,759.4969579056676,3420168.9126882884,atr,False,0.0,
2024-01-15 02:00:00,GBPUSD,1054.9338162428871,868.199040129221,1867347.7611366617,atr,False,0.0,
2024-01-15 03:00:00,GBPUSD,1057.4835605171422,291.92443307100245,7655591.274461398,atr,False,0.0,
2024-01-15 04:00:00,GBPUSD,1088.1895964558573,977.1940610305398,1109955.354253175,atr,False,0.0,
2024-01-15 05:00:00,GBPUSD,959.2104967848117,641.1184477354178,3180920.4904939383,atr,False,0.0,
2024-01-15 06:00:00,GBPUSD,845.192420332569,563.079347681017,2821130.7265155194,atr,False,0.0,
2024-01-15 07:00:00,GBPUSD,850.9078980875372,635.9833228147601,2149245.752727771,atr,False,0.0,
2024-01-15 08:00:00,GBPUSD,788.2503536575306,527.8276510298456,2604227.026276849,atr,False,0.0,
2024-01-15 09:00:00,GBPUSD,952.8849340579236,564.9902328469802,3878947.012109434,atr,False,0.0,
2024-01-15 10:00:00,GBPUSD,879.1511103638429,444.7435177573325,4344075.926065104,atr,False,0.0,
2024-01-15 11:00:00,GBPUSD,866.7559475672717,697.9926198672333,1687633.2770003844,atr,False,0.0,
2024-01-15 12:00:00,GBPUSD,846.0550850078246,751.70797031632,943471.1469150456,atr,False,0.0,
2024-01-15 13:00:00,GBPUSD,692.5171226844941,366.6008196740288,3259163.030104653,atr,False,0.0,
2024-01-15 14:00:00,GBPUSD,676.3392604671785,412.1128654615701,2642263.950056084,atr,False,0.0,
2024-01-15 15:00:00,GBPUSD,613.5689525624268,300.3506041243987,3132183.484380281,atr,False,0.0,
2024-01-15 16:00:00,GBPUSD,775.1140901632166,430.9150515891682,3441990.385740484,atr,False,0.0,
2024-01-15 17:00:00,GBPUSD,452.4087348328384,-48.37196499322522,5007806.998260636,atr,False,0.0,
2024-01-15 18:00:00,GBPUSD,222.53307559446557,-605.3989271129504,8279320.02707416,atr,False,0.0,
2024-01-15 19:00:00,GBPUSD,155.12110649701117,26.830895444048394,1282902.1105296277,atr,False,0.0,
2024-01-15 20:00:00,GBPUSD,73.88251249446438,-117.79348890630817,1916760.0140077255,atr,False,0.0,
2024-01-15 21:00:00,GBPUSD,-198.18808425079106,-1239.7843759372681,10415962.916864771,atr,False,0.0,
2024-01-15 22:00:00,GBPUSD,-256.99670571028,-596.7823001735696,3397855.9446328953,atr,False,0.0,
2024-01-15 23:00:00,GBPUSD,-253.65246688900396,-335.03948004810024,813870.1315909628,atr,False,0.0,
2024-01-16 00:00:00,GBPUSD,-170.56774942686593,-567.2845163603492,3967167.6693348335,atr,False,0.0,
2024-01-16 01:00:00,GBPUSD,-137.75153286613542,-353.374020137388,2156224.872712526,atr,False,0.0,
2024-01-16 02:00:00,GBPUSD,-180.66150969614512,-553.7085496317954,3730470.399356504,atr,False,0.0,
2024-01-16 03:00:00,GBPUSD,-203.12014701022053,-659.5396946734138,4564195.476631932,atr,False,0.0,
2024-01-16 04:00:00,GBPUSD,-87.1108770110465,-501.83293907019294,4147220.6205914645,atr,False,0.0,
2024-01-16 05:00:00,GBPUSD,-109.73800782282633,-290.2155150048096,1804775.071819833,atr,False,0.0,
2024-01-16 06:00:00,GBPUSD,-267.6780104925143,-599.1813029294804,3315032.924369661,atr,False,0.0,
2024-01-16 07:00:00,GBPUSD,-459.12217433606975,-973.8505734951387,5147283.99159069,atr,False,0.0,
2024-01-16 08:00:00,GBPUSD,-534.4614882400199,-828.3064459928296,2938449.5775280967,atr,False,0.0,
2024-01-16 09:00:00,GBPUSD,-115.06237930855218,-886.314535342424,7712521.560338719,atr,False,0.0,
2024-01-16 10:00:00,GBPUSD,-63.9348451507792,-507.46190774523956,4435270.625944603,atr,False,0.0,
2024-01-16 11:00:00,GBPUSD,-127.95945849581778,-343.51330350325725,2155538.4500743947,atr,False,0.0,
2024-01-16 12:00:00,GBPUSD,-187.50417930574255,-996.4320735848188,8089278.942790762,atr,False,0.0,
2024-01-16 13:00:00,GBPUSD,-201.33647238310277,-367.00686659417596,1656703.9421107317,atr,False,0.0,
2024-01-16 14:00:00,GBPUSD,-285.60239097049543,-755.497706236173,4698953.152656776,atr,False,0.0,
2024-01-16 15:00:00,GBPUSD,-460.64870780360604,-1034.4975068053186,5738487.990017125,atr,False,0.0,
2024-01-16 16:00:00,GBPUSD,-468.2219530705507,-693.0064084958866,2247844.5542533593,atr,False,0.0,
2024-01-16 17:00:00,GBPUSD,-458.02834299298496,-653.989015331878,1959606.7233889305,atr,False,0.0,
2024-01-16 18:00:00,GBPUSD,-482.5187070517961,-597.0670137466504,1145483.0669485428,atr,False,0.0,
2024-01-16 19:00:00,GBPUSD,-241.59338852846764,-792.8331014256014,5512397.128971338,atr,False,0.0,
2024-01-16 20:00:00,GBPUSD,-198.70690872746007,-411.22618456505313,2125192.7583759306,atr,False,0.0,
2024-01-16 21:00:00,GBPUSD,15.92237167133672,-627.38563196865,6433080.036399867,atr,False,0.0,
2024-01-16 22:00:00,GBPUSD,-461.63099541984536,-1580.996532320943,11193655.369010976,atr,False,0.0,
2024-01-16 23:00:00,GBPUSD,-485.0650823895461,-588.6807364739204,1036156.540843744,atr,False,0.0,
2024-01-17 00:00:00,GBPUSD,-507.01890778976764,-823.6172244919708,3165983.167022031,atr,False,0.0,
2024-01-17 01:00:00,GBPUSD,-630.3197531870853,-1019.5980076702144,3892782.544831291,atr,False,0.0,
2024-01-17 02:00:00,GBPUSD,-828.476949943126,-1298.12422066628,4696472.707231541,atr,False,0.0,
2024-01-17 03:00:00,GBPUSD,-813.6100588506569,-998.76928685374,1851592.2800308317,atr,False,0.0,
2024-01-17 04:00:00,GBPUSD,-840.6395814374863,-1183.1090002760914,3424694.1883860505,atr,False,0.0,
2024-01-17 05:00:00,GBPUSD,-881.0335663514136,-1157.8738531848062,2768402.8683339264,atr,False,0.0,
2024-01-17 06:00:00,GBPUSD,-781.0787337812598,-1041.4876582912457,2604089.2450998593,atr,False,0.0,
2024-01-17 07:00:00,GBPUSD,-823.3546953004296,-1247.3041180648768,4239494.227644471,atr,False,0.0,
2024-01-17 08:00:00,GBPUSD,-826.0335460491059,-1087.612659352094,2615791.133029879,atr,False,0.0,
2024-01-17 09:00:00,GBPUSD,-1068.1695083418595,-1960.414516930039,8922450.085881798,atr,False,0.0,
2024-01-17 10:00:00,GBPUSD,-1058.3768747381357,-1205.5035040932164,1471266.293550807,atr,False,0.0,
2024-01-17 11:00:00,GBPUSD,-981.9221424022529,-1267.3419424408182,2854198.0003856537,atr,False,0.0,
2024-01-17 12:00:00,GBPUSD,-1137.2607532510833,-1427.8744968777914,2906137.436267082,atr,False,0.0,
2024-01-17 13:00:00,GBPUSD,-1122.4171667427745,-1272.3774286466592,1499602.6190388477,atr,False,0.0,
2024-01-17 14:00:00,GBPUSD,-1095.774463783027,-1301.8414171330842,2060669.5335005736,atr,False,0.0,
2024-01-17 15:00:00,GBPUSD,-1032.6832884200016,-1258.0714313489898,2253881.429289882,atr,False,0.0,
2024-01-17 16:00:00,GBPUSD,-1015.5525303476288,-1239.7271187750027,2241745.8842737395,atr,False,0.0,
2024-01-17 17:00:00,GBPUSD,-778.0357073355649,-1405.8094132790388,6277737.059434738,atr,False,0.0,
2024-01-17 18:00:00,GBPUSD,-820.5316230799186,-1161.1453160975225,3406136.930176038,atr,False,0.0,
2024-01-17 19:00:00,GBPUSD,-944.5899779452286,-1320.7932820835738,3762033.041383452,atr,False,0.0,
2024-01-17 20:00:00,GBPUSD,-942.7828378698573,-1174.7724695619615,2319896.3169210423,atr,False,0.0,
2024-01-17 21:00:00,GBPUSD,-1271.1325351021715,-2181.369531496736,9102369.963945642,atr,False,0.0,
2024-01-17 22:00:00,GBPUSD,-1148.6024005417373,-1387.0439424841416,2384415.4194240435,atr,False,0.0,
2024-01-17 23:00:00,GBPUSD,-1156.6889907269383,-1394.143842003511,2374548.5127657275,atr,False,0.0,
2024-01-18 00:00:00,GBPUSD,-1123.7135567262799,-1249.237569227419,1255240.1250113917,atr,False,0.0,
2024-01-18 01:00:00,GBPUSD,-982.8330594897834,-1290.6054429431292,3077723.8345334567,atr,False,0.0,
2024-01-18 02:00:00,GBPUSD,-955.7442167852985,-1223.1316400905202,2673874.233052217,atr,False,0.0,
2024-01-18 03:00:00,GBPUSD,-792.6080623818592,-1280.271255961749,4876631.935798898,atr,False,0.0,
2024-01-18 04:00:00,GBPUSD,-938.0056463678906,-1542.7477749835257,6047421.286156353,atr,False,0.0,
2024-01-18 05:00:00,GBPUSD,-786.3294871017289,-1244.0765609335883,4577470.738318594,atr,False,0.0,
2024-01-18 06:00:00,GBPUSD,-736.8705160817515,-912.3468176784156,1754763.015966642,atr,False,0.0,
2024-01-18 07:00:00,GBPUSD,-850.3957863973574,-1227.8338733916423,3774380.8699428504,atr,False,0.0,
2024-01-18 08:00:00,GBPUSD,-661.1323203803094,-1530.7230392842646,8695907.189039553,atr,False,0.0,
2024-01-18 09:00:00,GBPUSD,-698.5268849712968,-1032.8614558005286,3343345.7082923176,atr,False,0.0,
2024-01-18 10:00:00,GBPUSD,-621.1022594923123,-955.6785416044235,3345762.8211211115,atr,False,0.0,
2024-01-18 11:00:00,GBPUSD,-501.4043425893089,-830.814819863004,3294104.772736951,atr,False,0.0,
2024-01-18 12:00:00,GBPUSD,-395.5978678857252,-772.3519391220798,3767540.7123635467,atr,False,0.0,
2024-01-18 13:00:00,GBPUSD,-276.448743168947,-932.968143351215,6565194.00182268,atr,False,0.0,
2024-01-18 14:00:00,GBPUSD,-169.29424783412708,-608.3607541942379,4390665.063601107,atr,False,0.0,
2024-01-18 15:00:00,GBPUSD,-99.94112185187925,-490.5429346621247,3906018.1281024544,atr,False,0.0,
2024-01-18 16:00:00,GBPUSD,-45.14266980863695,-321.2325366080704,2760898.667994335,atr,False,0.0,
2024-01-18 17:00:00,GBPUSD,-71.1892737046579,-202.01856363242496,1308292.8992776708,atr,False,0.0,
2024-01-18 18:00:00,GBPUSD,46.687064475198824,-283.76837741794446,3304554.418931433,atr,False,0.0,
2024-01-18 19:00:00,GBPUSD,307.4573403073049,-533.4186494842976,8408759.897916025,atr,False,0.0,
2024-01-18 20:00:00,GBPUSD,-158.5678248968178,-1107.6379295832523,9490701.046864346,atr,False,0.0,
2024-01-18 21:00:00,GBPUSD,-57.43284517136058,-342.3379320841334,2849050.869127728,atr,False,0.0,
2024-01-18 22:00:00,GBPUSD,-166.45469501533017,-390.0667026989114,2236120.076835812,atr,False,0.0,
2024-01-18 23:00:00,GBPUSD,-477.33668234812745,-1061.7385286607343,5844018.463126069,atr,False,0.0,
2024-01-19 00:00:00,GBPUSD,-489.4216506765469,-620.5288695427685,1311072.1886622156,atr,False,0.0,
2024-01-19 01:00:00,GBPUSD,-486.87029395502367,-606.7138693145944,1198435.753595707,atr,False,0.0,
2024-01-19 02:00:00,GBPUSD,-435.8716284429172,-686.325751998459,2504541.2355554183,atr,False,0.0,
2024-01-19 03:00:00,GBPUSD,-572.464326539721,-895.1350844945671,3226707.5795484604,atr,False,0.0,
2024-01-19 04:00:00,GBPUSD,-606.4749338107298,-790.6958867543862,1842209.5294365636,atr,False,0.0,
2024-01-19 05:00:00,GBPUSD,-608.5309507046494,-802.9898842096128,1944589.3350496339,atr,False,0.0,
2024-01-19 06:00:00,GBPUSD,-609.159693753203,-929.9689022047689,3208092.084515659,atr,False,0.0,
2024-01-19 07:00:00,GBPUSD,-352.41789038423946,-800.6031474869776,4481852.571027381,atr,False,0.0,
2024-01-19 08:00:00,GBPUSD,-76.39381646973487,-678.8497257636191,6024559.092938841,atr,False,0.0,
2024-01-19 09:00:00,GBPUSD,-243.07354674512385,-587.5853068457418,3445117.6010061787,atr,False,0.0,
2024-01-19 10:00:00,GBPUSD,-211.97503962681338,-293.1247455765885,811497.0594977511,atr,False,0.0,
2024-01-19 11:00:00,GBPUSD,-359.4166015181532,-1130.5827304792658,7711661.289611127,atr,False,0.0,
2024-01-19 12:00:00,GBPUSD,-530.6268385830397,-805.9871165401239,2753602.779570843,atr,False,0.0,
2024-01-19 13:00:00,GBPUSD,-431.1397017116567,-768.9236822305214,3377839.805188647,atr,False,0.0,
2024-01-19 14:00:00,GBPUSD,-405.52340729464055,-505.8527526945907,1003293.4539995017,atr,False,0.0,
2024-01-19 15:00:00,GBPUSD,-277.43438250062627,-483.0399217270068,2056055.3922638053,atr,False,0.0,
2024-01-19 16:00:00,GBPUSD,-375.78277283424444,-621.5130289902161,2457302.5615597167,atr,False,0.0,
2024-01-19 17:00:00,GBPUSD,-383.26005920721366,-519.9038959651449,1366438.3675793125,atr,False,0.0,
2024-01-19 18:00:00,GBPUSD,-435.5750454185524,-658.8833488307885,2233083.0341223604,atr,False,0.0,
2024-01-19 19:00:00,GBPUSD,-542.1744551506795,-904.1742128600746,3619997.5770939514,atr,False,0.0,
2024-01-19 20:00:00,GBPUSD,-652.6149337485053,-943.8809586118998,2912660.248633945,atr,False,0.0,
2024-01-19 21:00:00,GBPUSD,-677.6042657140283,-806.3696748812716,1287654.091672433,atr,False,0.0,
2024-01-19 22:00:00,GBPUSD,-876.3388402651408,-1360.2732397596267,4839343.994944859,atr,False,0.0,
2024-01-19 23:00:00,GBPUSD,-690.597899699213,-1235.9632862056392,5453653.865064261,atr,False,0.0,
2024-01-20 00:00:00,GBPUSD,-843.5017769778743,-1207.176594829382,3636748.1785150785,atr,False,0.0,
2024-01-20 01:00:00,GBPUSD,-828.7575790934634,-1287.5966025703078,4588390.234768445,atr,False,0.0,
2024-01-20 02:00:00,GBPUSD,-823.2332045311816,-1053.4025831215504,2301693.785903687,atr,False,0.0,
2024-01-20 03:00:00,GBPUSD,-929.971261594866,-1260.3882215579483,3304169.5996308243,atr,False,0.0,
2024-01-20 04:00:00,GBPUSD,-989.6398842058442,-1234.6250660494452,2449851.8184360103,atr,False,0.0,
2024-01-20 05:00:00,GBPUSD,-899.2478692399308,-1163.3207242208846,2640728.5498095388,atr,False,0.0,
2024-01-20 06:00:00,GBPUSD,-992.9739064837735,-1274.101145528549,2811272.3904477553,atr,False,0.0,
2024-01-20 07:00:00,GBPUSD,-973.4287983794077,-1241.6515964403816,2682227.9806097397,atr,False,0.0,
2024-01-20 08:00:00,GBPUSD,-1004.7418396319522,-1094.5956842386302,898538.4460667791,atr,False,0.0,
2024-01-20 09:00:00,GBPUSD,-793.9828012962347,-1188.2013394324513,3942185.3813621653,atr,False,0.0,
2024-01-20 10:00:00,GBPUSD,-717.2390515565746,-958.5086426539561,2412695.9109738152,atr,False,0.0,
2024-01-20 11:00:00,GBPUSD,-675.3448950698619,-862.9611112692573,1876162.1619939548,atr,False,0.0,
2024-01-20 12:00:00,GBPUSD,-979.2177437920541,-1843.5292809260409,8643115.371339867,atr,False,0.0,
2024-01-20 13:00:00,GBPUSD,-976.4438996513738,-1139.3994878136443,1629555.8816227051,atr,False,0.0,
2024-01-20 14:00:00,GBPUSD,-1298.80688990913,-2140.00339294723,8411965.030381,atr,False,0.0,
2024-01-20 15:00:00,GBPUSD,-1243.2564274407682,-1435.4029265946629,1921464.9915389451,atr,False,0.0,
2024-01-20 16:00:00,GBPUSD,-1184.3587700281537,-1414.4829804262351,2301242.1039808146,atr,False,0.0,
2024-01-20 17:00:00,GBPUSD,-1187.6064023330032,-1290.7504323382482,1031440.3000524488,atr,False,0.0,
2024-01-20 18:00:00,GBPUSD,-1233.445575348991,-1539.4370152495349,3059914.399005438,atr,False,0.0,
2024-01-20 19:00:00,GBPUSD,-1099.3155503512328,-1502.8540802208017,4035385.2986956886,atr,False,0.0,
2024-01-20 20:00:00,GBPUSD,-1227.5997664669928,-1581.4622061139316,3538624.396469387,atr,False,0.0,
2024-01-20 21:00:00,GBPUSD,-1255.4652432308258,-1378.2234005964824,1227581.5736565653,atr,False,0.0,
2024-01-20 22:00:00,GBPUSD,-1419.498823025372,-2028.0617674014575,6085629.443760855,atr,False,0.0,
2024-01-20 23:00:00,GBPUSD,-1437.3696389385586,-1623.2822922689747,1859126.533304162,atr,False,0.0,
2024-01-21 00:00:00,GBPUSD,-1447.7868108951125,-1546.4358333467612,986490.2245164877,atr,False,0.0,
2024-01-21 01:00:00,GBPUSD,-1382.750805994222,-1688.485184111762,3057343.7811754015,atr,False,0.0,
2024-01-21 02:00:00,GBPUSD,-1272.2860473183368,-1551.4700783689977,2791840.31050661,atr,False,0.0,
2024-01-21 03:00:00,GBPUSD,-1577.7188575255836,-2540.773341342495,9630544.838169115,atr,False,0.0,
2024-01-21 04:00:00,GBPUSD,-1583.4110660569854,-1913.7215916318323,3303105.2557484703,atr,False,0.0,
2024-01-21 05:00:00,GBPUSD,-1597.4376656944798,-1854.4855501073098,2570478.8441282995,atr,False,0.0,
2024-01-21 06:00:00,GBPUSD,-1526.354928834713,-1730.870948257061,2045160.1942234787,atr,False,0.0,
2024-01-21 07:00:00,GBPUSD,-1449.1039605518756,-1924.6395507080574,4755355.901561817,atr,False,0.0,
2024-01-21 08:00:00,GBPUSD,-1251.2059740144894,-1674.9389963201752,4237330.223056859,atr,False,0.0,
2024-01-21 09:00:00,GBPUSD,-1146.4991111393851,-1607.2404929819295,4607413.818425443,atr,False,0.0,
2024-01-21 10:00:00,GBPUSD,-1153.618424269188,-1483.6940186655895,3300755.9439640166,atr,False,0.0,
2024-01-21 11:00:00,GBPUSD,-1414.808910142716,-1929.5139323285748,5147050.221858587,atr,False,0.0,
2024-01-21 12:00:00,GBPUSD,-1177.9556396479295,-1749.597662862766,5716420.232148362,atr,False,0.0,
2024-01-21 13:00:00,GBPUSD,-1138.693098183744,-1545.9642577543516,4072711.5957060764,atr,False,0.0,
2024-01-21 14:00:00,GBPUSD,-1124.2361501397697,-1403.8763700476595,2796402.1990788984,atr,False,0.0,
2024-01-21 15:00:00,GBPUSD,-948.8788903834637,-1322.8050261265107,3739261.3574304692,atr,False,0.0,
2024-01-21 16:00:00,GBPUSD,-804.8233161323403,-1261.8655860443357,4570422.699119954,atr,False,0.0,
2024-01-21 17:00:00,GBPUSD,-816.2542064939206,-1130.8428565343904,3145886.500404699,atr,False,0.0,
2024-01-21 18:00:00,GBPUSD,-865.1855277412549,-1274.067364263394,4088818.3652213914,atr,False,0.0,
2024-01-21 19:00:00,GBPUSD,-829.9035202810137,-905.8971254954408,759936.0521442719,atr,False,0.0,
2024-01-01 01:00:00,USDJPY,546.0241986983473,-387.1707581035903,9331949.568019375,atr,False,0.0,
2024-01-01 02:00:00,USDJPY,512.0422949394385,309.927508169506,2021147.8676993256,atr,False,0.0,
2024-01-01 03:00:00,USDJPY,337.42550018388556,-138.3373962813826,4757628.964652682,atr,False,0.0,
2024-01-01 04:00:00,USDJPY,623.4252308117348,106.06486480523165,5173603.660065031,atr,False,0.0,
2024-01-01 05:00:00,USDJPY,614.9770560041926,481.9213759496326,1330556.8005456002,atr,False,0.0,
2024-01-01 06:00:00,USDJPY,692.5733920033863,230.48263809484877,4620907.539085375,atr,False,0.0,
2024-01-01 07:00:00,USDJPY,878.8942716106587,451.3438282270764,4275504.433835823,atr,False,0.0,
2024-01-01 08:00:00,USDJPY,827.4195570788994,517.3767554162141,3100428.0166268535,atr,False,0.0,
2024-01-01 09:00:00,USDJPY,820.0340664379945,695.7023474964882,1243317.1894150632,atr,False,0.0,
2024-01-01 10:00:00,USDJPY,742.5510772180819,197.0341295975743,5455169.476205076,atr,False,0.0,
2024-01-01 11:00:00,USDJPY,751.4989619535335,606.0512700095625,1454476.91943971,atr,False,0.0,
2024-01-01 12:00:00,USDJPY,564.1994734392185,115.22234035638138,4489771.330828371,atr,False,0.0,
2024-01-01 13:00:00,USDJPY,635.3031193753138,428.9257830690088,2063773.3630630504,atr,False,0.0,
2024-01-01 14:00:00,USDJPY,505.30829332177484,91.68161347077546,4136266.798509994,atr,False,0.0,
2024-01-01 15:00:00,USDJPY,566.3066282266475,213.5695195290702,3527371.086975773,atr,False,0.0,
2024-01-01 16:00:00,USDJPY,505.9886931797606,279.1095684477227,2268791.2473203787,atr,False,0.0,
2024-01-01 17:00:00,USDJPY,502.6189295413633,277.79746849794844,2248214.6104341485,atr,False,0.0,
2024-01-01 18:00:00,USDJPY,526.9397890300718,402.6844547735826,1242553.3425648916,atr,False,0.0,
2024-01-01 19:00:00,USDJPY,338.1304366102876,-67.96850235119308,4060989.3896148065,atr,False,0.0,
2024-01-01 20:00:00,USDJPY,167.84726968101992,-146.87199799267236,3147192.676736923,atr,False,0.0,
2024-01-01 21:00:00,USDJPY,136.5360172540807,7.363769262685139,1291722.4799139556,atr,False,0.0,
2024-01-01 22:00:00,USDJPY,60.938703670359814,-319.05304042266204,3799917.4409302184,atr,False,0.0,
2024-01-01 23:00:00,USDJPY,136.63737962514935,-97.84402728654243,2344814.069116918,atr,False,0.0,
2024-01-02 00:00:00,USDJPY,48.65648670855842,-323.2319229199622,3718884.0962852063,atr,False,0.0,
2024-01-02 01:00:00,USDJPY,168.38245996357296,-139.12668537280928,3075091.4533638223,atr,False,0.0,
2024-01-02 02:00:00,USDJPY,-179.6651536893496,-1179.5257117887918,9998605.580994423,atr,False,0.0,
2024-01-02 03:00:00,USDJPY,-227.81936446047877,-438.1552621846209,2103358.977241421,atr,False,0.0,
2024-01-02 04:00:00,USDJPY,-302.9827306605264,-852.148596572397,5491658.659118705,atr,False,0.0,
2024-01-02 05:00:00,USDJPY,-99.15307024820746,-718.3763864775789,6192233.1622937145,atr,False,0.0,
2024-01-02 06:00:00,USDJPY,-319.18689782286503,-854.1094448205008,5349225.469976358,atr,False,0.0,
2024-01-02 07:00:00,USDJPY,-263.4250585284743,-549.4837735441567,2860587.150156825,atr,False,0.0,
2024-01-02 08:00:00,USDJPY,-201.62260661151467,-586.536239824614,3849136.332130993,atr,False,0.0,
2024-01-02 09:00:00,USDJPY,-77.37203830272684,-539.4579026739913,4620858.643712644,atr,False,0.0,
2024-01-02 10:00:00,USDJPY,-46.16347690871705,-205.48939047611046,1593259.135673934,atr,False,0.0,
2024-01-02 11:00:00,USDJPY,-517.4089914762333,-1639.429432342055,11220204.408658218,atr,False,0.0,
2024-01-02 12:00:00,USDJPY,-333.3387682163533,-810.2384014562765,4768996.332399231,atr,False,0.0,
2024-01-02 13:00:00,USDJPY,-188.2846420953996,-502.98386716312507,3146992.2506772545,atr,False,0.0,
2024-01-02 14:00:00,USDJPY,-256.4856093727966,-658.2894112526526,4018038.01879856,atr,False,0.0,
2024-01-02 15:00:00,USDJPY,-414.8515765702311,-844.3849184341766,4295333.418639456,atr,False,0.0,
2024-01-02 16:00:00,USDJPY,-402.28996535671064,-620.6784700915422,2183885.047348316,atr,False,0.0,
2024-01-02 17:00:00,USDJPY,-326.00090994286256,-600.2809511132268,2742800.4117036425,atr,False,0.0,
2024-01-02 18:00:00,USDJPY,-579.2926543495032,-1288.643252358765,7093505.98009262,atr,False,0.0,
2024-01-02 19:00:00,USDJPY,-632.5463637334361,-776.4011395357525,1438547.7580231638,atr,False,0.0,
2024-01-02 20:00:00,USDJPY,-620.2867808045743,-839.0202742824179,2187334.934778436,atr,False,0.0,
2024-01-02 21:00:00,USDJPY,-429.3403910574491,-881.058869226674,4517184.78169225,atr,False,0.0,
2024-01-02 22:00:00,USDJPY,-619.742519447213,-970.8638079284796,3511212.8848126656,atr,False,0.0,
2024-01-02 23:00:00,USDJPY,-674.2550525917825,-1142.8437995682068,4685887.469764243,atr,False,0.0,
2024-01-03 00:00:00,USDJPY,-530.280783143912,-956.1805734731606,4258997.903292486,atr,False,0.0,
2024-01-03 01:00:00,USDJPY,-1040.1840548266218,-2338.1630864382637,12979790.316116419,atr,False,0.0,
2024-01-03 02:00:00,USDJPY,-1128.276115077129,-1392.1571306439482,2638810.155668193,atr,False,0.0,
2024-01-03 03:00:00,USDJPY,-1016.2865725776419,-1287.236826640514,2709502.5406287215,atr,False,0.0,
2024-01-03 04:00:00,USDJPY,-1248.6352776369959,-1978.5441833725677,7299089.057355719,atr,False,0.0,
2024-01-03 05:00:00,USDJPY,-1247.073737169951,-1470.518637745859,2234449.0057590795,atr,False,0.0,
2024-01-03 06:00:00,USDJPY,-1328.8643118070001,-1630.7826458854847,3019183.340784846,atr,False,0.0,
2024-01-03 07:00:00,USDJPY,-1846.0309951988006,-3118.273389969796,12722423.947709955,atr,False,0.0,
2024-01-03 08:00:00,USDJPY,-2235.562658310346,-3253.834091159697,10182714.32849351,atr,False,0.0,
2024-01-03 09:00:00,USDJPY,-2242.548287460808,-2351.7414806706665,1091931.9320985868,atr,False,0.0,
2024-01-03 10:00:00,USDJPY,-2311.9049269415164,-2682.563100609175,3706581.736676587,atr,False,0.0,
2024-01-03 11:00:00,USDJPY,-2201.9121347748983,-2411.6220782468413,2097099.4347194321,atr,False,0.0,
2024-01-03 12:00:00,USDJPY,-2237.0690740302375,-2558.6100146480185,3215409.406177812,atr,False,0.0,
2024-01-03 13:00:00,USDJPY,-2308.1532105756683,-2473.949246955941,1657960.3638027264,atr,False,0.0,
2024-01-03 14:00:00,USDJPY,-2156.2320249064105,-2585.952260081104,4297202.351746937,atr,False,0.0,
2024-01-03 15:00:00,USDJPY,-2070.917277831739,-2408.147765822075,3372304.8799033645,atr,False,0.0,
2024-01-03 16:00:00,USDJPY,-2153.1074305173483,-2380.0579283917573,2269504.978744089,atr,False,0.0,
2024-01-03 17:00:00,USDJPY,-2264.717775736023,-2489.6186638092195,2249008.8807319626,atr,False,0.0,
2024-01-03 18:00:00,USDJPY,-2272.8271150853666,-2474.009283013268,2011821.6792790168,atr,False,0.0,
2024-01-03 19:00:00,USDJPY,-2381.661258577814,-2696.1858748676523,3145246.1628983836,atr,False,0.0,
2024-01-03 20:00:00,USDJPY,-2330.966950723311,-2424.9479329324968,939809.8220918542,atr,False,0.0,
2024-01-03 21:00:00,USDJPY,-2455.209233474082,-2694.259473791279,2390502.4031719742,atr,False,0.0,
2024-01-03 22:00:00,USDJPY,-2358.4873776912937,-2694.2981470233253,3358107.693320319,atr,False,0.0,
2024-01-03 23:00:00,USDJPY,-2395.4454365653064,-2801.6623966058814,4062169.60040575,atr,False,0.0,
2024-01-04 00:00:00,USDJPY,-2320.1894211253048,-2571.0772586096523,2508878.3748434754,atr,False,0.0,
2024-01-04 01:00:00,USDJPY,-2546.568405954388,-3175.557564756614,6289891.588022258,atr,False,0.0,
2024-01-04 02:00:00,USDJPY,-2570.244879656924,-2825.007069683388,2547621.900264644,atr,False,0.0,
2024-01-04 03:00:00,USDJPY,-2656.0906706275277,-2816.098873853627,1600082.0322609912,atr,False,0.0,
2024-01-04 04:00:00,USDJPY,-2552.636768849986,-2788.452040012292,2358152.7116230633,atr,False,0.0,
2024-01-04 05:00:00,USDJPY,-2691.5299367644097,-3146.0891123294487,4545591.755650387,atr,False,0.0,
2024-01-04 06:00:00,USDJPY,-2662.0577074265207,-2817.898830964115,1558411.235375943,atr,False,0.0,
2024-01-04 07:00:00,USDJPY,-2658.07369966923,-2835.49155759552,1774178.5792629025,atr,False,0.0,
2024-01-04 08:00:00,USDJPY,-2631.3337456000827,-2946.753590398976,3154198.447988934,atr,False,0.0,
2024-01-04 09:00:00,USDJPY,-2861.9616542727163,-3303.781699832096,4418200.455593796,atr,False,0.0,
2024-01-04 10:00:00,USDJPY,-2881.3648060148644,-3021.048556640061,1396837.5062519659,atr,False,0.0,
2024-01-04 11:00:00,USDJPY,-2952.6837863212504,-3123.911282430555,1712274.961093044,atr,False,0.0,
2024-01-04 12:00:00,USDJPY,-2950.2038571559333,-3062.833631352629,1126297.7419669551,atr,False,0.0,
2024-01-04 13:00:00,USDJPY,-2967.720623684032,-3085.2163012922147,1174956.776081824,atr,False,0.0,
2024-01-04 14:00:00,USDJPY,-2985.7064062436084,-3241.100730099818,2553943.2385620987,atr,False,0.0,
2024-01-04 15:00:00,USDJPY,-3123.0144497873107,-3531.1334471544337,4081189.9736712305,atr,False,0.0,
2024-01-04 16:00:00,USDJPY,-3146.7486120994145,-3261.811545139118,1150629.3303970369,atr,False,0.0,
2024-01-04 17:00:00,USDJPY,-3245.692553144175,-3590.8798314664346,3451872.783222598,atr,False,0.0,
2024-01-04 18:00:00,USDJPY,-3350.572457504388,-3545.0036115059665,1944311.5400157878,atr,False,0.0,
2024-01-04 19:00:00,USDJPY,-3312.7695690597293,-3538.417637955021,2256480.6889529154,atr,False,0.0,
2024-01-04 20:00:00,USDJPY,-3219.152341770976,-3473.1330424659923,2539807.0069501633,atr,False,0.0,
2024-01-04 21:00:00,USDJPY,-3270.387325867574,-3460.961578474221,1905742.5260664718,atr,False,0.0,
2024-01-04 22:00:00,USDJPY,-3261.8852409739375,-3443.5499269946463,1816646.8602070883,atr,False,0.0,
2024-01-04 23:00:00,USDJPY,-3249.9904092575484,-3531.279976481196,2812895.672236477,atr,False,0.0,
2024-01-05 00:00:00,USDJPY,-3392.37055985684,-3845.6985123671157,4533279.525102757,atr,False,0.0,
2024-01-05 01:00:00,USDJPY,-3435.983628860018,-3742.064408093683,3060807.79233665,atr,False,0.0,
2024-01-05 02:00:00,USDJPY,-3370.525685574926,-3477.3635494879054,1068378.6391297942,atr,False,0.0,
2024-01-05 03:00:00,USDJPY,-3303.798563734449,-3744.9933149701824,4411947.512357334,atr,False,0.0,
2024-01-05 04:00:00,USDJPY,-3467.7850359186327,-3812.4941895605825,3447091.536419496,atr,False,0.0,
2024-01-05 05:00:00,USDJPY,-3352.8030311767184,-3611.496675676166,2586936.444994474,atr,False,0.0,
2024-01-05 06:00:00,USDJPY,-3420.8624825054058,-5016.992408997008,15961299.264916021,atr,False,0.0,
2024-01-05 07:00:00,USDJPY,-3584.102364331573,-4102.56286560902,5184605.012774475,atr,False,0.0,
2024-01-05 08:00:00,USDJPY,-3658.5839823028277,-3874.8014833622706,2162175.0105944304,atr,False,0.0,
2024-01-05 09:00:00,USDJPY,-3699.681672765888,-3974.7752102914346,2750935.375255467,atr,False,0.0,
2024-01-05 10:00:00,USDJPY,-3630.4932925608036,-3830.6989332526255,2002056.406918216,atr,False,0.0,
2024-01-05 11:00:00,USDJPY,-3722.191269899744,-4042.022247785516,3198309.77885772,atr,False,0.0,
2024-01-05 12:00:00,USDJPY,-3722.2389920743803,-3899.004686430433,1767656.94356053,atr,False,0.0,
2024-01-05 13:00:00,USDJPY,-3658.359956330092,-3897.7188692341615,2393589.129040695,atr,False,0.0,
2024-01-05 14:00:00,USDJPY,-3546.5585574270212,-4019.6300929068325,4730715.354798114,atr,False,0.0,
2024-01-05 15:00:00,USDJPY,-3534.8205258200787,-3674.690680533488,1398701.5471340918,atr,False,0.0,
2024-01-05 16:00:00,USDJPY,-3609.6147348001086,-3787.211089014336,1775963.542142274,atr,False,0.0,
2024-01-05 17:00:00,USDJPY,-3636.679466191031,-3791.08520532325,1544057.391322192,atr,False,0.0,
2024-01-05 18:00:00,USDJPY,-3549.8831563994263,-3764.2023093010876,2143191.5290166126,atr,False,0.0,
2024-01-05 19:00:00,USDJPY,-3484.269877741679,-3874.6360058299447,3903661.2808826566,atr,False,0.0,
2024-01-05 20:00:00,USDJPY,-3469.14486488209,-3599.974784843899,1308299.1996180932,atr,False,0.0,
2024-01-05 21:00:00,USDJPY,-3460.3886704972233,-3647.9048691812895,1875161.9868406644,atr,False,0.0,
2024-01-05 22:00:00,USDJPY,-3551.7242626967127,-3716.382057604677,1646577.949079642,atr,False,0.0,
2024-01-05 23:00:00,USDJPY,-3674.584320639845,-4207.582475935047,5329981.5529520195,atr,False,0.0,
2024-01-06 00:00:00,USDJPY,-3453.8913988604263,-3873.082258969434,4191908.6010900764,atr,False,0.0,
2024-01-06 01:00:00,USDJPY,-3430.7897522200606,-3551.4070234176543,1206172.7119759393,atr,False,0.0,
2024-01-06 02:00:00,USDJPY,-3355.2061610208752,-3594.8449753365608,2396388.1431568554,atr,False,0.0,
2024-01-06 03:00:00,USDJPY,-3033.931808227883,-3873.152475841504,8392206.67613621,atr,False,0.0,
2024-01-06 04:00:00,USDJPY,-3086.8950744574336,-3527.3939943547375,4404989.198973037,atr,False,0.0,
2024-01-06 05:00:00,USDJPY,-3019.6032271595104,-3232.93670832515,2133334.8116563954,atr,False,0.0,
2024-01-06 06:00:00,USDJPY,-3017.9641013852797,-3204.1746527746113,1862105.513893316,atr,False,0.0,
2024-01-06 07:00:00,USDJPY,-2761.859646502043,-3401.8763920260394,6400167.4552399665,atr,False,0.0,
2024-01-06 08:00:00,USDJPY,-2751.203163065063,-2896.862910232834,1456597.4716777122,atr,False,0.0,
2024-01-06 09:00:00,USDJPY,-2760.224476897027,-2936.0184572112785,1757939.8031425104,atr,False,0.0,
2024-01-06 10:00:00,USDJPY,-2666.3290412358956,-3043.9559380411774,3776268.968052821,atr,False,0.0,
2024-01-06 11:00:00,USDJPY,-2746.7358555268606,-2880.293492396833,1335576.3686997215,atr,False,0.0,
2024-01-06 12:00:00,USDJPY,-2834.6486652171716,-3276.694184295842,4420455.190786708,atr,False,0.0,
2024-01-06 13:00:00,USDJPY,-2743.0912403796715,-3088.5045048048282,3454132.6442515673,atr,False,0.0,
2024-01-06 14:00:00,USDJPY,-2776.684136322683,-2990.4532299868847,2137690.936642016,atr,False,0.0,
2024-01-06 15:00:00,USDJPY,-3028.0504355603034,-3635.5147753914234,6074643.398311198,atr,False,0.0,
2024-01-06 16:00:00,USDJPY,-2933.968032612833,-3221.4497708774275,2874817.3826459423,atr,False,0.0,
2024-01-06 17:00:00,USDJPY,-2932.9791528895207,-3070.1749891812815,1371958.3629176053,atr,False,0.0,
2024-01-06 18:00:00,USDJPY,-3089.416605979472,-3360.7662445197416,2713496.3854026953,atr,False,0.0,
2024-01-06 19:00:00,USDJPY,-3338.38870667082,-4326.278790053141,9878900.833823213,atr,False,0.0,
2024-01-06 20:00:00,USDJPY,-3481.258000201233,-3932.9995987092266,4517415.985079938,atr,False,0.0,
2024-01-06 21:00:00,USDJPY,-3663.562777759104,-4086.276600132009,4227138.223729054,atr,False,0.0,
2024-01-06 22:00:00,USDJPY,-3807.283970312015,-4394.51702680947,5872330.56497455,atr,False,0.0,
2024-01-06 23:00:00,USDJPY,-3363.083320863423,-4317.035418290087,9539520.974266645,atr,False,0.0,
2024-01-07 00:00:00,USDJPY,-3231.2877686137876,-3861.83281347318,6305450.448593924,atr,False,0.0,
2024-01-07 01:00:00,USDJPY,-3368.192564535559,-3806.49483234798,4383022.678124209,atr,False,0.0,
2024-01-07 02:00:00,USDJPY,-3494.055516873333,-4010.5544961099763,5164989.792366432,atr,False,0.0,
2024-01-07 03:00:00,USDJPY,-3209.2828094378783,-3751.9259703284733,5426431.608905948,atr,False,0.0,
2024-01-07 04:00:00,USDJPY,-3164.7686797607334,-3458.9801203073152,2942114.405465818,atr,False,0.0,
2024-01-07 05:00:00,USDJPY,-2840.846275331307,-3451.503783214714,6106575.078834071,atr,False,0.0,
2024-01-07 06:00:00,USDJPY,-2818.9471279387967,-2910.873169246892,919260.4130809535,atr,False,0.0,
2024-01-07 07:00:00,USDJPY,-2892.6397269058025,-3204.800784161923,3121610.5725612035,atr,False,0.0,
2024-01-07 08:00:00,USDJPY,-2812.7444839341883,-3213.160668413493,4004161.8447930478,atr,False,0.0,
2024-01-07 09:00:00,USDJPY,-2791.054744944483,-3054.233117936833,2631783.7299234974,atr,False,0.0,
2024-01-07 10:00:00,USDJPY,-2894.484769126663,-3162.2109885211007,2677262.193944375,atr,False,0.0,
2024-01-07 11:00:00,USDJPY,-2927.3297699190116,-3255.3420269122744,3280122.5699326256,atr,False,0.0,
2024-01-07 12:00:00,USDJPY,-3074.807180726717,-3626.1097694794007,5513025.88752684,atr,False,0.0,
2024-01-07 13:00:00,USDJPY,-2891.446141901159,-4195.513004198984,13040668.62297825,atr,False,0.0,
2024-01-07 14:00:00,USDJPY,-2831.4447892516964,-3076.4999257799345,2450551.365282381,atr,False,0.0,
2024-01-07 15:00:00,USDJPY,-2757.491299257944,-3243.8693348065162,4863780.3554857215,atr,False,0.0,
2024-01-07 16:00:00,USDJPY,-2682.1440474842357,-3005.786047258336,3236419.997741007,atr,False,0.0,
2024-01-07 17:00:00,USDJPY,-2649.8027814012053,-2730.555890035804,807531.086345989,atr,False,0.0,
2024-01-07 18:00:00,USDJPY,-2765.836642701684,-3483.529332771731,7176926.90070047,atr,False,0.0,
2024-01-07 19:00:00,USDJPY,-2671.3894945024276,-3177.434511976742,5060450.174743144,atr,False,0.0,
2024-01-07 20:00:00,USDJPY,-2581.1092499073666,-2909.2747290535917,3281654.791462254,atr,False,0.0,
2024-01-07 21:00:00,USDJPY,-2694.099062792964,-2973.5447278345882,2794456.6504162434,atr,False,0.0,
2024-01-07 22:00:00,USDJPY,-2937.1150390448115,-3317.8746052879665,3807595.6624315493,atr,False,0.0,
2024-01-07 23:00:00,USDJPY,-3016.949524018363,-3278.854200737693,2619046.767193304,atr,False,0.0,
2024-01-08 00:00:00,USDJPY,-3135.873132669363,-3485.1453109760228,3492721.7830665996,atr,False,0.0,
2024-01-08 01:00:00,USDJPY,-3123.101612543379,-3332.8280692377716,2097264.566943927,atr,False,0.0,
2024-01-08 02:00:00,USDJPY,-3270.521625623759,-3772.222964604687,5017013.3898092825,atr,False,0.0,
2024-01-08 03:00:00,USDJPY,-3405.0728941224324,-4222.260615393254,8171877.212708213,atr,False,0.0,
2024-01-08 04:00:00,USDJPY,-3395.5075024536886,-3606.961263906008,2114537.61452319,atr,False,0.0,
2024-01-08 05:00:00,USDJPY,-3375.1693682466607,-3649.485299746502,2743159.314998411,atr,False,0.0,
2024-01-08 06:00:00,USDJPY,-3496.9021128293666,-3891.3698608893724,3944677.480600058,atr,False,0.0,
2024-01-08 07:00:00,USDJPY,-3522.542247666641,-3870.324301434713,3477820.5376807246,atr,False,0.0,
2024-01-08 08:00:00,USDJPY,-3535.504723699949,-3697.0324645151277,1615277.4081517896,atr,False,0.0,
2024-01-08 09:00:00,USDJPY,-3361.2310666883363,-3768.978540978,4077474.742896638,atr,False,0.0,
2024-01-08 10:00:00,USDJPY,-3614.4664308683177,-4208.3135026488635,5938470.717805453,atr,False,0.0,
2024-01-08 11:00:00,USDJPY,-3480.463044972201,-3791.0894600967545,3106264.1512455367,atr,False,0.0,
2024-01-08 12:00:00,USDJPY,-3578.4539526419153,-3783.6733663362456,2052194.1369433035,atr,False,0.0,
2024-01-08 13:00:00,USDJPY,-3583.6551094522833,-3711.766899582292,1281117.9013000855,atr,False,0.0,
2024-01-08 14:00:00,USDJPY,-3698.4706472001667,-3962.3505039877455,2638798.5678757876,atr,False,0.0,
2024-01-08 15:00:00,USDJPY,-3823.1760247172087,-4424.846983943447,6016709.592262383,atr,False,0.0,
2024-01-08 16:00:00,USDJPY,-4111.851049085624,-4693.74483980923,5818937.907236056,atr,False,0.0,
2024-01-08 17:00:00,USDJPY,-4480.424168917599,-5378.341015725622,8979168.468080238,atr,False,0.0,
2024-01-08 18:00:00,USDJPY,-4299.25105966156,-4956.262931508079,6570118.718465187,atr,False,0.0,
2024-01-08 19:00:00,USDJPY,-4131.588736956833,-4543.8238379444865,4122351.0098765427,atr,False,0.0,
2024-01-08 20:00:00,USDJPY,-3981.895562514695,-4337.185023006732,3552894.6049203663,atr,False,0.0,
2024-01-08 21:00:00,USDJPY,-3952.7615330250246,-4169.16838668274,2164068.5365771516,atr,False,0.0,
2024-01-08 22:00:00,USDJPY,-3832.2069357736796,-4242.6493765746145,4104424.4080093475,atr,False,0.0,
2024-01-08 23:00:00,USDJPY,-3917.009287439178,-4119.7937627017745,2027844.752625965,atr,False,0.0,
2024-01-09 00:00:00,USDJPY,-3820.1040487266187,-4086.000026603075,2658959.7787645655,atr,False,0.0,
2024-01-09 01:00:00,USDJPY,-3848.1110249896983,-4125.822036069672,2777110.1107997354,atr,False,0.0,
2024-01-09 02:00:00,USDJPY,-3851.4017695471834,-4084.730669413729,2333288.998665457,atr,False,0.0,
2024-01-09 03:00:00,USDJPY,-3515.4644284278843,-4602.737845834909,10872734.174070252,atr,False,0.0,
2024-01-09 04:00:00,USDJPY,-3528.5703136805228,-3667.1425761874048,1385722.62506882,atr,False,0.0,
2024-01-09 05:00:00,USDJPY,-3707.049228735498,-4201.331902411399,4942826.736759004,atr,False,0.0,
2024-01-09 06:00:00,USDJPY,-3656.859750680447,-3841.3504551707692,1844907.0449032183,atr,False,0.0,
2024-01-09 07:00:00,USDJPY,-3478.754897039542,-3944.548909610882,4657940.125713405,atr,False,0.0,
2024-01-09 08:00:00,USDJPY,-3440.487805723194,-3648.3950974925287,2079072.9176933453,atr,False,0.0,
2024-01-09 09:00:00,USDJPY,-3438.5581773005665,-3669.6318690528756,2310736.9175230907,atr,False,0.0,
2024-01-09 10:00:00,USDJPY,-3514.2180021349664,-3764.6386942886506,2504206.921536843,atr,False,0.0,
2024-01-09 11:00:00,USDJPY,-3417.031237954136,-3675.2090990439647,2581778.6108982866,atr,False,0.0,
2024-01-09 12:00:00,USDJPY,-3490.358468915996,-3821.4620074624445,3311035.385464481,atr,False,0.0,
2024-01-09 13:00:00,USDJPY,-3411.361001703749,-3866.803041779854,4554420.400761051,atr,False,0.0,
2024-01-09 14:00:00,USDJPY,-3311.5145932336764,-3632.373625684636,3208590.324509596,atr,False,0.0,
2024-01-09 15:00:00,USDJPY,-3462.455323095048,-3918.752145035279,4562968.219402315,atr,False,0.0,
2024-01-09 16:00:00,USDJPY,-3361.084318396345,-3724.2471909990436,3631628.726026984,atr,False,0.0,
2024-01-09 17:00:00,USDJPY,-3352.212959872135,-3527.2518556844816,1750388.9581234693,atr,False,0.0,
2024-01-09 18:00:00,USDJPY,-3228.8486786473463,-3528.6365148694717,2997878.362221254,atr,False,0.0,
2024-01-09 19:00:00,USDJPY,-3248.6281215203003,-3468.091989261949,2194638.6774164876,atr,False,0.0,
2024-01-09 20:00:00,USDJPY,-3229.883237159367,-3329.1121072346505,992288.7007528357,atr,False,0.0,
2024-01-09 21:00:00,USDJPY,-3175.965078745778,-3291.750970639825,1157858.918940467,atr,False,0.0,
2024-01-09 22:00:00,USDJPY,-3166.378028040525,-3381.3341190231376,2149560.9098261297,atr,False,0.0,
2024-01-09 23:00:00,USDJPY,-3088.0045193234832,-3621.793047623261,5337885.282997777,atr,False,0.0,
2024-01-10 00:00:00,USDJPY,-3072.4559154405215,-3139.005730205531,665498.1476500961,atr,False,0.0,
2024-01-10 01:00:00,USDJPY,-3220.124702362186,-3464.4621813856793,2443374.7902349364,atr,False,0.0,
2024-01-10 02:00:00,USDJPY,-3279.487526642909,-3586.6568282309963,3071693.0158808758,atr,False,0.0,
2024-01-10 03:00:00,USDJPY,-3279.692554375153,-3371.561541968583,918689.8759342944,atr,False,0.0,
2024-01-10 04:00:00,USDJPY,-3360.81025438011,-3634.2116071361343,2734013.527560244,atr,False,0.0,
2024-01-10 05:00:00,USDJPY,-3308.8492412999594,-3660.2390189665693,3513897.7766661015,atr,False,0.0,
2024-01-10 06:00:00,USDJPY,-3143.8353282081807,-3890.81081661854,7469754.884103591,atr,False,0.0,
2024-01-10 07:00:00,USDJPY,-3289.0444642866746,-3562.462525687836,2734180.614011616,atr,False,0.0,
2024-01-10 08:00:00,USDJPY,-2999.390565274481,-3675.7962661872953,6764057.009128144,atr,False,0.0,
2024-01-10 09:00:00,USDJPY,-2804.4242981443213,-3237.925260673994,4335009.625296728,atr,False,0.0,
2024-01-10 10:00:00,USDJPY,-2673.41413391644,-3058.2393896143703,3848252.556979305,atr,False,0.0,
2024-01-10 11:00:00,USDJPY,-2730.885174265464,-3013.832645216739,2829474.7095127515,atr,False,0.0,
2024-01-10 12:00:00,USDJPY,-2502.9554103986015,-3216.4777463805385,7135223.3598193675,atr,False,0.0,
2024-01-10 13:00:00,USDJPY,-2494.4138790589814,-2662.3366758382476,1679227.9677926647,atr,False,0.0,
2024-01-10 14:00:00,USDJPY,-2572.5697328142355,-2793.3537673888154,2207840.345745797,atr,False,0.0,
2024-01-10 15:00:00,USDJPY,-2735.294551584737,-3130.746940969667,3954523.8938493,atr,False,0.0,
2024-01-10 16:00:00,USDJPY,-2762.361658791818,-3142.335662327383,3799740.035355646,atr,False,0.0,
2024-01-10 17:00:00,USDJPY,-3108.5569023739417,-4209.126609047494,11005697.06673552,atr,False,0.0,
2024-01-10 18:00:00,USDJPY,-3401.3628866247986,-4005.7000566608012,6043371.700360028,atr,False,0.0,
2024-01-10 19:00:00,USDJPY,-3271.5295192590243,-3608.12681329611,3365972.9403708572,atr,False,0.0,
2024-01-10 20:00:00,USDJPY,-3380.5683950051616,-3738.597087281956,3580286.9227679474,atr,False,0.0,
2024-01-10 21:00:00,USDJPY,-3379.290118542074,-3635.783542802871,2564934.2426079693,atr,False,0.0,
2024-01-10 22:00:00,USDJPY,-3078.469460892409,-3748.7432142140506,6702737.533216411,atr,False,0.0,
2024-01-10 23:00:00,USDJPY,-3009.490182577063,-3742.5740555909333,7330838.7301387,atr,False,0.0,
2024-01-11 00:00:00,USDJPY,-2974.3646496867054,-3366.8327526872463,3924681.0300054103,atr,False,0.0,
2024-01-11 01:00:00,USDJPY,-2968.3439492899784,-3058.8298336476464,904858.8435766783,atr,False,0.0,
2024-01-11 02:00:00,USDJPY,-2953.561448860763,-3189.455259409965,2358938.105492018,atr,False,0.0,
2024-01-11 03:00:00,USDJPY,-2908.376500215558,-3046.0578506248744,1376813.5040931655,atr,False,0.0,
2024-01-11 04:00:00,USDJPY,-2969.5018162297515,-3116.4652568697957,1469634.4064004393,atr,False,0.0,
2024-01-11 05:00:00,USDJPY,-3095.771387725874,-3662.795527952924,5670241.402270505,atr,False,0.0,
2024-01-11 06:00:00,USDJPY,-3010.8688179105957,-3495.260626369437,4843918.084588412,atr,False,0.0,
2024-01-11 07:00:00,USDJPY,-3063.7821612244047,-3346.140877569439,2823587.1634503407,atr,False,0.0,
2024-01-11 08:00:00,USDJPY,-3098.864171897998,-3304.565948259142,2057017.7636114364,atr,False,0.0,
2024-01-11 09:00:00,USDJPY,-3120.586728873103,-3430.227845148339,3096411.1627523587,atr,False,0.0,
2024-01-11 10:00:00,USDJPY,-3013.248494281227,-3485.0848750037194,4718363.807224926,atr,False,0.0,
2024-01-11 11:00:00,USDJPY,-2859.8518922286075,-3546.6876371767694,6868357.449481619,atr,False,0.0,
2024-01-11 12:00:00,USDJPY,-2818.0301909206305,-3050.511958339489,2324817.6741885846,atr,False,0.0,
2024-01-11 13:00:00,USDJPY,-2760.12101827083,-3026.1415567596982,2660205.3848886816,atr,False,0.0,
2024-01-11 14:00:00,USDJPY,-2605.692284239461,-2987.5422023972988,3818499.1815783745,atr,False,0.0,
2024-01-11 15:00:00,USDJPY,-2563.2128368347367,-2906.3934179384087,3431805.81103672,atr,False,0.0,
2024-01-11 16:00:00,USDJPY,-2696.6104603862996,-3068.4684684598265,3718580.080735269,atr,False,0.0,
2024-01-11 17:00:00,USDJPY,-2897.078871555981,-3373.1189573297324,4760400.857737513,atr,False,0.0,
2024-01-11 18:00:00,USDJPY,-2872.568229977751,-3063.093984788029,1905257.5481027837,atr,False,0.0,
2024-01-11 19:00:00,USDJPY,-2802.0204379612774,-3433.352064534819,6313316.265735418,atr,False,0.0,
2024-01-11 20:00:00,USDJPY,-2786.634793373844,-2921.0094048382766,1343746.1146443253,atr,False,0.0,
2024-01-11 21:00:00,USDJPY,-2675.2468666461446,-3022.4808294078875,3472339.627617432,atr,False,0.0,
2024-01-11 22:00:00,USDJPY,-2493.6038731141693,-3219.0771566326566,7254732.83518487,atr,False,0.0,
2024-01-11 23:00:00,USDJPY,-2401.06620520477,-3302.2626597456783,9011964.545409083,atr,False,0.0,
2024-01-12 00:00:00,USDJPY,-2637.4546160893296,-3395.903639281598,7584490.2319226805,atr,False,0.0,
2024-01-12 01:00:00,USDJPY,-2492.668578457881,-3182.214493351034,6895459.148931533,atr,False,0.0,
2024-01-12 02:00:00,USDJPY,-2226.3289712729097,-2663.5108853547845,4371819.14081875,atr,False,0.0,
2024-01-12 03:00:00,USDJPY,-2181.292899369274,-2435.8180585787486,2545251.5920947464,atr,False,0.0,
2024-01-12 04:00:00,USDJPY,-2152.193947464986,-2240.501440348935,883074.9288394873,atr,False,0.0,
2024-01-12 05:00:00,USDJPY,-2171.182323214089,-2456.017598336656,2848352.751225671,atr,False,0.0,
2024-01-12 06:00:00,USDJPY,-2103.4657208515855,-2306.943598207261,2034778.7735567568,atr,False,0.0,
2024-01-12 07:00:00,USDJPY,-2053.2517241784553,-2277.987664755056,2247359.4057660056,atr,False,0.0,
2024-01-12 08:00:00,USDJPY,-2153.1548183755876,-2466.579780872945,3134249.6249735747,atr,False,0.0,
2024-01-12 09:00:00,USDJPY,-2122.2305966434496,-2186.5817098431894,643511.1319973975,atr,False,0.0,
2024-01-12 10:00:00,USDJPY,-2261.8400673381375,-2589.2237021130454,3273836.3477490796,atr,False,0.0,
2024-01-12 11:00:00,USDJPY,-2115.4818363532745,-2578.7920925522244,4633102.5619895,atr,False,0.0,
2024-01-12 12:00:00,USDJPY,-2136.927792434618,-2307.981981617029,1710541.8918241106,atr,False,0.0,
2024-01-12 13:00:00,USDJPY,-2256.4576907001006,-2664.2788192388225,4078211.2853872217,atr,False,0.0,
2024-01-12 14:00:00,USDJPY,-2252.327548491664,-2428.421291122795,1760937.4263113136,atr,False,0.0,
2024-01-12 15:00:00,USDJPY,-2028.2516073722968,-2819.055933082823,7908043.257105259,atr,False,0.0,
2024-01-12 16:00:00,USDJPY,-2044.3789286543054,-2216.3384193888305,1719594.9073452505,atr,False,0.0,
2024-01-12 17:00:00,USDJPY,-2073.7486685098947,-2440.32477265499,3665761.041450951,atr,False,0.0,
2024-01-12 18:00:00,USDJPY,-2323.1377669830713,-2867.9282389513587,5447904.719682874,atr,False,0.0,
2024-01-12 19:00:00,USDJPY,-2464.567371326104,-3261.7082595082065,7971408.881821023,atr,False,0.0,
2024-01-12 20:00:00,USDJPY,-2542.11420493966,-2815.745753704569,2736315.4876490897,atr,False,0.0,
2024-01-12 21:00:00,USDJPY,-2565.101578751784,-2682.3824874165384,1172809.086647544,atr,False,0.0,
2024-01-12 22:00:00,USDJPY,-2423.756734123315,-2826.3399074511185,4025831.733278035,atr,False,0.0,
2024-01-12 23:00:00,USDJPY,-2157.9127083178964,-2610.5180420694696,4526053.337515734,atr,False,0.0,
2024-01-13 00:00:00,USDJPY,-2292.165765400543,-2690.403109746915,3982373.4434637204,atr,False,0.0,
2024-01-13 01:00:00,USDJPY,-2222.5110119126866,-2482.474365289041,2599633.5337635446,atr,False,0.0,
2024-01-13 02:00:00,USDJPY,-2059.051038902477,-2673.254110900263,6142030.719977859,atr,False,0.0,
2024-01-13 03:00:00,USDJPY,-2147.0296069510664,-2625.533647315289,4785040.403642226,atr,False,0.0,
2024-01-13 04:00:00,USDJPY,-2170.669898079708,-2361.6048793083382,1909349.8122863024,atr,False,0.0,
2024-01-13 05:00:00,USDJPY,-2145.156688713791,-2544.4865343459023,3993298.4563211137,atr,False,0.0,
2024-01-13 06:00:00,USDJPY,-2136.0843863510927,-2464.5136337137988,3284292.473627059,atr,False,0.0,
2024-01-13 07:00:00,USDJPY,-2093.059009110985,-2354.7318832453693,2616728.741343843,atr,False,0.0,
2024-01-13 08:00:00,USDJPY,-2358.6781570003495,-3887.4484829631074,15287703.259627579,atr,False,0.0,
2024-01-13 09:00:00,USDJPY,-2367.331818632846,-2625.6259487068255,2582941.300739797,atr,False,0.0,
2024-01-13 10:00:00,USDJPY,-2437.3127979717124,-2578.8120745517544,1414992.765800423,atr,False,0.0,
2024-01-13 11:00:00,USDJPY,-2270.84535608689,-2617.52128951292,3466759.334260298,atr,False,0.0,
2024-01-13 12:00:00,USDJPY,-2302.230487631558,-2399.4914179866837,972609.3035512576,atr,False,0.0,
2024-01-13 13:00:00,USDJPY,-2377.0533910097333,-2975.1808407107856,5981274.4970105225,atr,False,0.0,
2024-01-13 14:00:00,USDJPY,-2377.7808982561955,-2596.7963779950405,2190154.7973884502,atr,False,0.0,
2024-01-13 15:00:00,USDJPY,-2412.9536593507737,-2623.62972433792,2106760.649871462,atr,False,0.0,
2024-01-13 16:00:00,USDJPY,-2471.956747241388,-2600.3004532131063,1283437.059717187,atr,False,0.0,
2024-01-13 17:00:00,USDJPY,-2393.6187902497163,-2781.3826805558683,3877638.9030615203,atr,False,0.0,
2024-01-13 18:00:00,USDJPY,-2295.393629583652,-2709.94911107319,4145554.814895381,atr,False,0.0,
2024-01-13 19:00:00,USDJPY,-2319.023797310206,-2623.010584701192,3039867.873909857,atr,False,0.0,
2024-01-13 20:00:00,USDJPY,-2179.521042293849,-2656.3684614789017,4768474.191850528,atr,False,0.0,
2024-01-13 21:00:00,USDJPY,-2068.5630105429755,-2483.136403363312,4145733.9282033658,atr,False,0.0,
2024-01-13 22:00:00,USDJPY,-2317.6341718439753,-2956.95388972159,6393197.178776143,atr,False,0.0,
2024-01-13 23:00:00,USDJPY,-2330.881689539425,-2517.059669939841,1861779.8040041612,atr,False,0.0,
2024-01-14 00:00:00,USDJPY,-2361.94317448259,-2635.7690491102126,2738258.746276224,atr,False,0.0,
2024-01-14 01:00:00,USDJPY,-2323.7807620796843,-2453.2884579073816,1295076.958276975,atr,False,0.0,
2024-01-14 02:00:00,USDJPY,-1878.3769576044492,-2688.3371898281343,8099602.322236853,atr,False,0.0,
2024-01-14 03:00:00,USDJPY,-1755.4696936954856,-2007.9285232324742,2524588.295369887,atr,False,0.0,
2024-01-14 04:00:00,USDJPY,-1636.9068844343053,-2049.295910720745,4123890.262864395,atr,False,0.0,
2024-01-14 05:00:00,USDJPY,-1534.4981535769389,-1920.316924756907,3858187.711799681,atr,False,0.0,
2024-01-14 06:00:00,USDJPY,-1530.565248803789,-1883.7453777993965,3531801.289956075,atr,False,0.0,
2024-01-14 07:00:00,USDJPY,-1871.7529207058633,-2753.283450948201,8815305.302423377,atr,False,0.0,
2024-01-14 08:00:00,USDJPY,-1865.7513180710062,-2114.30746523858,2485561.471675738,atr,False,0.0,
2024-01-14 09:00:00,USDJPY,-2054.528873550255,-2562.0419540652197,5075130.805149648,atr,False,0.0,
2024-01-14 10:00:00,USDJPY,-2071.314012291592,-2696.5397553660177,6252257.43074426,atr,False,0.0,
2024-01-14 11:00:00,USDJPY,-1960.5283224711304,-2238.6118299477575,2780835.074766271,atr,False,0.0,
2024-01-14 12:00:00,USDJPY,-1898.0398542534374,-2135.9465209210957,2379066.666676584,atr,False,0.0,
2024-01-14 13:00:00,USDJPY,-1779.5086994282758,-2087.0750615010675,3075663.6207279144,atr,False,0.0,
2024-01-14 14:00:00,USDJPY,-1781.2735690794016,-2207.324579398938,4260510.103195364,atr,False,0.0,
2024-01-14 15:00:00,USDJPY,-1767.458111825996,-2007.3994711066578,2399413.5928066177,atr,False,0.0,
2024-01-14 16:00:00,USDJPY,-1806.958362135831,-1967.5943870368105,1606360.2490097957,atr,False,0.0,
2024-01-14 17:00:00,USDJPY,-1729.1868395465742,-1960.9526325269599,2317657.9298038566,atr,False,0.0,
2024-01-14 18:00:00,USDJPY,-1785.1398118166876,-2009.840689973616,2247008.7815692853,atr,False,0.0,
2024-01-14 19:00:00,USDJPY,-1744.739340246976,-1978.1062729920502,2333669.327450741,atr,False,0.0,
2024-01-14 20:00:00,USDJPY,-1677.8923238012298,-1801.1697300308258,1232774.0622959596,atr,False,0.0,
2024-01-14 21:00:00,USDJPY,-1806.3326726323521,-2094.738392679744,2884057.200473916,atr,False,0.0,
2024-01-14 22:00:00,USDJPY,-1703.7230856639478,-1893.9197332811011,1901966.4761715329,atr,False,0.0,
2024-01-14 23:00:00,USDJPY,-1777.3720947332033,-1957.59725099928,1802251.5626607675,atr,False,0.0,
2024-01-15 00:00:00,USDJPY,-1761.442414096381,-2256.4761396648987,4950337.255685177,atr,False,0.0,
2024-01-15 01:00:00,USDJPY,-1999.9005406884785,-2568.22925984277,5683287.191542913,atr,False,0.0,
2024-01-15 02:00:00,USDJPY,-1957.0934240397105,-2086.7216312533506,1296282.0721364017,atr,False,0.0,
2024-01-15 03:00:00,USDJPY,-1956.0792563923003,-2434.247505680149,4781682.492878489,atr,False,0.0,
2024-01-15 04:00:00,USDJPY,-2142.2623086773515,-3002.840934205528,8605786.255281763,atr,False,0.0,
2024-01-15 05:00:00,USDJPY,-2091.440862354354,-2449.908807547618,3584679.4519326375,atr,False,0.0,
2024-01-15 06:00:00,USDJPY,-2124.9136987439747,-2619.2187787163234,4943050.799723486,atr,False,0.0,
2024-01-15 07:00:00,USDJPY,-2009.6535177632895,-2247.7916105241193,2381380.9276082995,atr,False,0.0,
2024-01-15 08:00:00,USDJPY,-2035.3350881885303,-2351.351235546189,3160161.473576585,atr,False,0.0,
2024-01-15 09:00:00,USDJPY,-2003.5065147728315,-2264.537070332292,2610305.555594606,atr,False,0.0,
2024-01-15 10:00:00,USDJPY,-1849.0593722738745,-2246.435459116887,3973760.8684301265,atr,False,0.0,
2024-01-15 11:00:00,USDJPY,-2185.93994556746,-2803.9095294729723,6179695.839055123,atr,False,0.0,
2024-01-15 12:00:00,USDJPY,-2198.4704266963327,-2464.641911148559,2661714.844522262,atr,False,0.0,
2024-01-15 13:00:00,USDJPY,-2379.8491991310275,-2716.5997500175245,3367505.508864967,atr,False,0.0,
2024-01-15 14:00:00,USDJPY,-2542.4125061430186,-2873.2781029206067,3308655.9677758804,atr,False,0.0,
2024-01-15 15:00:00,USDJPY,-2495.9338279323865,-2885.0159472817713,3890821.1934938505,atr,False,0.0,
2024-01-15 16:00:00,USDJPY,-2476.5142965213113,-2615.8178154117113,1393035.1889040002,atr,False,0.0,
2024-01-15 17:00:00,USDJPY,-2350.249937484445,-2666.4569348619716,3162069.9737752667,atr,False,0.0,
2024-01-15 18:00:00,USDJPY,-2421.2324139088346,-2637.3936018587033,2161611.879498685,atr,False,0.0,
2024-01-15 19:00:00,USDJPY,-2383.170589998853,-2456.433359151286,732627.691524333,atr,False,0.0,
2024-01-15 20:00:00,USDJPY,-2246.9382915872116,-2587.7062461002124,3407679.545130009,atr,False,0.0,
2024-01-15 21:00:00,USDJPY,-1999.0465485492773,-2640.1458754353134,6410993.268860361,atr,False,0.0,
2024-01-15 22:00:00,USDJPY,-2015.91873302298,-2492.666373694957,4767476.406719772,atr,False,0.0,
2024-01-15 23:00:00,USDJPY,-2091.613871887519,-2383.172495746422,2915586.2385890316,atr,False,0.0,
2024-01-16 00:00:00,USDJPY,-1998.3571310269597,-2443.413323738352,4450561.927113927,atr,False,0.0,
2024-01-16 01:00:00,USDJPY,-1871.7211128698045,-2277.0597179754327,4053386.0510562826,atr,False,0.0,
2024-01-16 02:00:00,USDJPY,-1920.8209498359388,-2290.2206766032914,3693997.267673524,atr,False,0.0,
2024-01-16 03:00:00,USDJPY,-2220.628293760289,-2809.3603558974364,5887320.621371472,atr,False,0.0,
2024-01-16 04:00:00,USDJPY,-2184.558783823321,-2394.677919594742,2101191.3577142125,atr,False,0.0,
2024-01-16 05:00:00,USDJPY,-2280.06471802535,-2497.2714418931455,2172067.238677957,atr,False,0.0,
2024-01-16 06:00:00,USDJPY,-2244.746982635729,-2372.3633326007302,1276163.499650013,atr,False,0.0,
2024-01-16 07:00:00,USDJPY,-2407.4982606376134,-3528.41909409903,11209208.334614169,atr,False,0.0,
2024-01-16 08:00:00,USDJPY,-2158.821119009029,-3476.4403433936354,13176192.243846063,atr,False,0.0,
2024-01-16 09:00:00,USDJPY,-1973.148536114191,-2586.634525275279,6134859.8916108785,atr,False,0.0,
2024-01-16 10:00:00,USDJPY,-1818.9736573406155,-2304.8028137780657,4858291.564374503,atr,False,0.0,
2024-01-16 11:00:00,USDJPY,-1639.5166170627008,-2106.365786424125,4668491.693614243,atr,False,0.0,
2024-01-16 12:00:00,USDJPY,-1541.4294086590844,-1811.006558441375,2695771.497822906,atr,False,0.0,
2024-01-16 13:00:00,USDJPY,-1385.7127731577898,-1659.9474344116913,2742346.6125390157,atr,False,0.0,
2024-01-16 14:00:00,USDJPY,-1334.3811297045072,-1615.7509275604252,2813697.97855918,atr,False,0.0,
2024-01-16 15:00:00,USDJPY,-1512.900606907575,-1891.4519338722737,3785513.2696469873,atr,False,0.0,
2024-01-16 16:00:00,USDJPY,-1480.2043495350927,-1585.8222334238499,1056178.8388875732,atr,False,0.0,
2024-01-16 17:00:00,USDJPY,-1576.352805159493,-1839.3609732913055,2630081.6813181243,atr,False,0.0,
2024-01-16 18:00:00,USDJPY,-1448.3361833983754,-1931.6718501413511,4833356.667429758,atr,False,0.0,
2024-01-16 19:00:00,USDJPY,-1535.4574117970888,-1722.9721891073918,1875147.773103032,atr,False,0.0,
2024-01-16 20:00:00,USDJPY,-1408.817893514176,-1735.9012393274188,3270833.4581324277,atr,False,0.0,
2024-01-16 21:00:00,USDJPY,-1664.8465357098303,-2221.0443845808127,5561978.488709825,atr,False,0.0,
2024-01-16 22:00:00,USDJPY,-1671.6158115008304,-1963.892427997479,2922766.1649664845,atr,False,0.0,
2024-01-16 23:00:00,USDJPY,-1582.156280644637,-1812.8968708172827,2307405.9017264564,atr,False,0.0,
2024-01-17 00:00:00,USDJPY,-1620.9698862949508,-1914.832709775087,2938628.2348013627,atr,False,0.0,
2024-01-17 01:00:00,USDJPY,-1463.0240387318236,-1911.3860367569064,4483619.980250828,atr,False,0.0,
2024-01-17 02:00:00,USDJPY,-1542.29066927486,-1789.473792069095,2471831.2279423503,atr,False,0.0,
2024-01-17 03:00:00,USDJPY,-1544.7671280651357,-1679.7986873115765,1350315.592464409,atr,False,0.0,
2024-01-17 04:00:00,USDJPY,-1620.6306152741668,-1911.3204219014528,2906898.066272861,atr,False,0.0,
2024-01-17 05:00:00,USDJPY,-1644.6152609431651,-1750.1139322426775,1054986.7129951236,atr,False,0.0,
2024-01-17 06:00:00,USDJPY,-1587.9666880862671,-1820.5063150894994,2325396.270032321,atr,False,0.0,
2024-01-17 07:00:00,USDJPY,-1479.2483311928875,-1712.744253711608,2334959.225187205,atr,False,0.0,
2024-01-17 08:00:00,USDJPY,-1594.9919109046523,-1927.941957827666,3329500.469230137,atr,False,0.0,
2024-01-17 09:00:00,USDJPY,-1681.0474882998765,-1930.3828862345558,2493353.9793467945,atr,False,0.0,
2024-01-17 10:00:00,USDJPY,-1645.9033228999083,-1759.7095408026275,1138062.1790271914,atr,False,0.0,
2024-01-17 11:00:00,USDJPY,-1582.8144463607098,-1840.8405651216092,2580261.187608994,atr,False,0.0,
2024-01-17 12:00:00,USDJPY,-1465.5701548264483,-1969.5993649899422,5040292.101634938,atr,False,0.0,
2024-01-17 13:00:00,USDJPY,-1268.1244021106606,-1796.664158191916,5285397.560812553,atr,False,0.0,
2024-01-17 14:00:00,USDJPY,-1041.9142590001138,-1758.9970879783396,7170828.289782256,atr,False,0.0,
2024-01-17 15:00:00,USDJPY,-1089.6798074098303,-1435.4204281679602,3457406.2075812975,atr,False,0.0,
2024-01-17 16:00:00,USDJPY,-1216.2290480570548,-1562.6456750846219,3464166.27027567,atr,False,0.0,
2024-01-17 17:00:00,USDJPY,-1249.89672184743,-1371.9593870307235,1220626.6518329368,atr,False,0.0,
2024-01-17 18:00:00,USDJPY,-1183.8328716754652,-1386.2746820803927,2024418.1040492742,atr,False,0.0,
2024-01-17 19:00:00,USDJPY,-1369.8873350510098,-1676.230040462825,3063427.0541181527,atr,False,0.0,
2024-01-17 20:00:00,USDJPY,-1361.5970971428376,-1485.3766709123063,1237795.737694687,atr,False,0.0,
2024-01-17 21:00:00,USDJPY,-1178.0277140342348,-1685.939420917527,5079117.068832922,atr,False,0.0,
2024-01-17 22:00:00,USDJPY,-1154.7316570517908,-1378.2709323594233,2235392.7530763256,atr,False,0.0,
2024-01-17 23:00:00,USDJPY,-1341.3283553796125,-1822.4808970646882,4811525.416850757,atr,False,0.0,
2024-01-18 00:00:00,USDJPY,-1517.6756224554786,-1939.551259810655,4218756.3735517645,atr,False,0.0,
2024-01-18 01:00:00,USDJPY,-1457.0178721713683,-1694.7794491999075,2377615.7702853936,atr,False,0.0,
2024-01-18 02:00:00,USDJPY,-1343.9879576511246,-1706.31290876707,3623249.5111594526,atr,False,0.0,
2024-01-18 03:00:00,USDJPY,-1387.9313428764533,-2117.885676335157,7299543.334587037,atr,False,0.0,
2024-01-18 04:00:00,USDJPY,-1341.9557053888068,-1884.4405375833048,5424848.321944982,atr,False,0.0,
2024-01-18 05:00:00,USDJPY,-1228.8487457249596,-1454.5458122791495,2256970.6655418985,atr,False,0.0,
2024-01-18 06:00:00,USDJPY,-1166.4099451743828,-1277.7021754309462,1112922.3025656336,atr,False,0.0,
2024-01-18 07:00:00,USDJPY,-1189.827474958419,-1351.6360766426205,1618086.0168420144,atr,False,0.0,
2024-01-18 08:00:00,USDJPY,-1190.9762178194856,-1387.33993512063,1963637.1730114445,atr,False,0.0,
2024-01-18 09:00:00,USDJPY,-1371.4447034091488,-1762.6805447234717,3912358.4131432287,atr,False,0.0,
2024-01-18 10:00:00,USDJPY,-1398.9758344116326,-1718.6262235009672,3196503.8908933457,atr,False,0.0,
2024-01-18 11:00:00,USDJPY,-1370.4370645375582,-1532.4613942158512,1620243.2967829295,atr,False,0.0,
2024-01-18 12:00:00,USDJPY,-1278.333274397121,-1602.252523977407,3239192.4958028607,atr,False,0.0,
2024-01-18 13:00:00,USDJPY,-1232.3100266082463,-1349.760837089672,1174508.104814256,atr,False,0.0,
2024-01-18 14:00:00,USDJPY,-1058.2138984524347,-1728.6677230929731,6704538.246405384,atr,False,0.0,
2024-01-18 15:00:00,USDJPY,-816.4371624680174,-1301.6618217302332,4852246.592622159,atr,False,0.0,
2024-01-18 16:00:00,USDJPY,-727.6556163756134,-965.5332405702829,2378776.241946696,atr,False,0.0,
2024-01-18 17:00:00,USDJPY,-700.9702044256614,-919.356441534712,2183862.3710905053,atr,False,0.0,
2024-01-18 18:00:00,USDJPY,-717.8551219528658,-774.4359986463178,565808.7669345196,atr,False,0.0,
2024-01-18 19:00:00,USDJPY,-762.4029429423446,-1156.781536916786,3943785.939744415,atr,False,0.0,
2024-01-18 20:00:00,USDJPY,-517.8049720578292,-1098.7201531556796,5809151.810978504,atr,False,0.0,
2024-01-18 21:00:00,USDJPY,-481.3067940872648,-742.3479788509244,2610411.847636596,atr,False,0.0,
2024-01-18 22:00:00,USDJPY,-776.6662381968324,-1596.2662789936626,8196000.407968302,atr,False,0.0,
2024-01-18 23:00:00,USDJPY,-692.1249220809021,-980.2285119543103,2881035.898734081,atr,False,0.0,
2024-01-19 00:00:00,USDJPY,-871.8694500718636,-1352.7776770231417,4809082.269512779,atr,False,0.0,
2024-01-19 01:00:00,USDJPY,-385.03041694270826,-1424.4762696173616,10394458.526746534,atr,False,0.0,
2024-01-19 02:00:00,USDJPY,-522.3505769365336,-917.2978525682499,3949472.7563171634,atr,False,0.0,
2024-01-19 03:00:00,USDJPY,-367.20229130255643,-688.1419518769909,3209396.6057443446,atr,False,0.0,
2024-01-19 04:00:00,USDJPY,-185.01744621048098,-535.493435321817,3504759.8911133595,atr,False,0.0,
2024-01-19 05:00:00,USDJPY,-273.2647760518823,-606.5209027951836,3332561.2674330133,atr,False,0.0,
2024-01-19 06:00:00,USDJPY,-334.49258589446265,-491.86351552657544,1573709.296321128,atr,False,0.0,
2024-01-19 07:00:00,USDJPY,-264.4160610706986,-533.8225551438668,2694064.9407316823,atr,False,0.0,
2024-01-19 08:00:00,USDJPY,-446.888868391738,-891.496269770848,4446074.0137911,atr,False,0.0,
2024-01-19 09:00:00,USDJPY,-383.4037139204527,-607.7580369371697,2243543.23016717,atr,False,0.0,
2024-01-19 10:00:00,USDJPY,-228.921710051884,-708.1521797371148,4792304.696852309,atr,False,0.0,
2024-01-19 11:00:00,USDJPY,-344.12071340451456,-959.7387301585759,6156180.167540613,atr,False,0.0,
2024-01-19 12:00:00,USDJPY,-252.50414700590605,-434.3261570509042,1818220.1004499816,atr,False,0.0,
2024-01-19 13:00:00,USDJPY,-139.71689774123138,-448.3760550902262,3086591.573489948,atr,False,0.0,
2024-01-19 14:00:00,USDJPY,-14.69398669481464,-523.0961937012753,5084022.070064606,atr,False,0.0,
2024-01-19 15:00:00,USDJPY,24.723191808862886,-49.34784785312612,740710.3966198901,atr,False,0.0,
2024-01-19 16:00:00,USDJPY,100.71704008381167,-89.96811743215821,1906851.5751596987,atr,False,0.0,
2024-01-19 17:00:00,USDJPY,40.68432981795186,-276.2260813740504,3169104.1119200224,atr,False,0.0,
2024-01-19 18:00:00,USDJPY,60.710771077288385,-91.4495428727444,1521603.1395003279,atr,False,0.0,
2024-01-19 19:00:00,USDJPY,-5.674892022683039,-307.1605403012272,3014856.4827854414,atr,False,0.0,
2024-01-19 20:00:00,USDJPY,-96.43810843222096,-403.69104863275845,3072529.4020053744,atr,False,0.0,
2024-01-19 21:00:00,USDJPY,-257.81755099009774,-910.3559250827612,6525383.7409266345,atr,False,0.0,
2024-01-19 22:00:00,USDJPY,-195.88997846260946,-724.8365326445037,5289465.541818942,atr,False,0.0,
2024-01-19 23:00:00,USDJPY,-249.47458848776787,-522.3737905626369,2728992.0207486907,atr,False,0.0,
2024-01-20 00:00:00,USDJPY,-168.38956914226924,-573.0111780470738,4046216.0890480457,atr,False,0.0,
2024-01-20 01:00:00,USDJPY,-102.30101680186584,-371.3075465434699,2690065.2974160407,atr,False,0.0,
2024-01-20 02:00:00,USDJPY,-241.0976471041027,-558.2820528566867,3171844.0575258406,atr,False,0.0,
2024-01-20 03:00:00,USDJPY,-324.42919405877666,-682.0021994255969,3575730.053668202,atr,False,0.0,
2024-01-20 04:00:00,USDJPY,-354.3384980217726,-616.5362225579279,2621977.2453615526,atr,False,0.0,
2024-01-20 05:00:00,USDJPY,-464.6822249536189,-685.5776353025983,2208954.103489794,atr,False,0.0,
2024-01-20 06:00:00,USDJPY,-627.6362609167311,-1291.3050068007044,6636687.458839733,atr,False,0.0,
2024-01-20 07:00:00,USDJPY,-504.5199085056697,-731.6965804677948,2271766.719621251,atr,False,0.0,
2024-01-20 08:00:00,USDJPY,-438.83073926554977,-613.0903157788897,1742595.7651333997,atr,False,0.0,
2024-01-20 09:00:00,USDJPY,-310.41963639370147,-529.0196524229848,2186000.1602928326,atr,False,0.0,
2024-01-20 10:00:00,USDJPY,-276.898220604369,-940.2171983616706,6633189.7775730165,atr,False,0.0,
2024-01-20 11:00:00,USDJPY,-193.27703476800616,-419.1440192813625,2258669.8451335635,atr,False,0.0,
2024-01-20 12:00:00,USDJPY,-58.55403032549307,-396.07474250650773,3375207.1218101466,atr,False,0.0,
2024-01-20 13:00:00,USDJPY,-17.375518628590186,-282.87686259041266,2655013.4396182243,atr,False,0.0,
2024-01-20 14:00:00,USDJPY,38.004602193327045,-141.22299496525932,1792275.9715858637,atr,False,0.0,
2024-01-20 15:00:00,USDJPY,81.53564525755687,-94.81227418092831,1763479.1943848517,atr,False,0.0,
2024-01-20 16:00:00,USDJPY,120.65142581581145,33.53222196626538,871192.0384954606,atr,False,0.0,
2024-01-20 17:00:00,USDJPY,364.2818882168284,-129.4827053859977,4937645.936028261,atr,False,0.0,
2024-01-20 18:00:00,USDJPY,390.3300568906005,269.11528212829836,1212147.7476230212,atr,False,0.0,
2024-01-20 19:00:00,USDJPY,399.7050896249966,315.1972059339802,845078.8369101642,atr,False,0.0,
2024-01-20 20:00:00,USDJPY,198.02796950923295,-384.8807048377849,5829086.743470179,atr,False,0.0,
2024-01-20 21:00:00,USDJPY,91.20246710227724,-318.3648496080733,4095673.1671035057,atr,False,0.0,
2024-01-20 22:00:00,USDJPY,250.15124323105505,-262.237951367315,5123891.9459837,atr,False,0.0,
2024-01-20 23:00:00,USDJPY,304.32848484826627,205.35379221876332,989746.9262950297,atr,False,0.0,
2024-01-21 00:00:00,USDJPY,70.80036395993346,-438.9291605924716,5097295.245524051,atr,False,0.0,
2024-01-21 01:00:00,USDJPY,92.69002658503655,-10.202430522700851,1028924.5710773739,atr,False,0.0,
2024-01-21 02:00:00,USDJPY,146.55121645040253,-151.85007489942075,2984012.913498233,atr,False,0.0,
2024-01-21 03:00:00,USDJPY,-10.827066845547222,-302.9069994538918,2920799.3260834455,atr,False,0.0,
2024-01-21 04:00:00,USDJPY,92.4740585912356,-137.82621812025235,2303002.7671148796,atr,False,0.0,
2024-01-21 05:00:00,USDJPY,73.22898679501053,-184.72862614099205,2579576.1293600257,atr,False,0.0,
2024-01-21 06:00:00,USDJPY,218.39311445639908,-187.0831522225895,4054762.6667898856,atr,False,0.0,
2024-01-21 07:00:00,USDJPY,227.73371515156933,-21.829623561306363,2495633.387128757,atr,False,0.0,
2024-01-21 08:00:00,USDJPY,239.9133002766775,46.494607673544834,1934186.9260313264,atr,False,0.0,
2024-01-21 09:00:00,USDJPY,335.5789072015781,96.79629515509455,2387826.1204648353,atr,False,0.0,
2024-01-21 10:00:00,USDJPY,281.3966887799199,-6.076436601058731,2874731.2538097864,atr,False,0.0,
2024-01-21 11:00:00,USDJPY,221.17959481859646,-52.977763762571044,2741573.585811675,atr,False,0.0,
2024-01-21 12:00:00,USDJPY,90.20775351341806,-344.8495611387016,4350573.146521196,atr,False,0.0,
2024-01-21 13:00:00,USDJPY,52.34838701365674,-136.03755008694097,1883859.371005977,atr,False,0.0,
2024-01-21 14:00:00,USDJPY,-59.43834116719932,-498.5289412504225,4390906.000832232,atr,False,0.0,
2024-01-21 15:00:00,USDJPY,-161.26780093627957,-506.97188560652785,3457040.8467024826,atr,False,0.0,
2024-01-21 16:00:00,USDJPY,305.58743946829304,-762.677305450396,10682647.449186891,atr,False,0.0,
2024-01-21 17:00:00,USDJPY,354.19271532097486,180.4538322114177,1737388.8310955716,atr,False,0.0,
2024-01-21 18:00:00,USDJPY,321.20747733415163,-490.46864354209544,8116761.208762471,atr,False,0.0,
2024-01-21 19:00:00,USDJPY,416.570798751595,145.63503931509513,2709357.594364999,atr,False,0.0,
