timestamp,equity,peak_equity,drawdown_amount,drawdown_pct,recovery_time_remaining
2024-01-01 01:00:00,100003.39917123031,100003.39917123031,0.0,0.0,-1.0
2024-01-01 02:00:00,100020.6242441421,100020.6242441421,0.0,0.0,-1.0
2024-01-01 03:00:00,100017.05088810332,100020.6242441421,3.5733560387889156,0.0035726192130801425,-1.0
2024-01-01 04:00:00,100059.7712245783,100059.7712245783,0.0,0.0,-1.0
2024-01-01 05:00:00,100255.09663293992,100255.09663293992,0.0,0.0,-1.0
2024-01-01 06:00:00,100291.00420121099,100291.00420121099,0.0,0.0,-1.0
2024-01-01 07:00:00,100275.36998939312,100291.00420121099,15.63421181787271,0.01558884761638864,-1.0
2024-01-01 08:00:00,100243.59046279303,100291.00420121099,47.41373841796303,0.04727616279804936,-1.0
2024-01-01 09:00:00,100259.32212467458,100291.00420121099,31.682076536410023,0.03159014787891362,-1.0
2024-01-01 10:00:00,100422.76063286194,100422.76063286194,0.0,0.0,-1.0
2024-01-01 11:00:00,100299.62610837954,100422.76063286194,123.13452448240423,0.12261615166364007,-1.0
2024-01-01 12:00:00,100276.34555558545,100422.76063286194,146.41507727649878,0.14579869777906354,-1.0
2024-01-01 13:00:00,100280.36196129065,100422.76063286194,142.3986715712963,0.1417992003744003,-1.0
2024-01-01 14:00:00,100491.10524918987,100491.10524918987,0.0,0.0,-1.0
2024-01-01 15:00:00,100440.69623495433,100491.10524918987,50.40901423554169,0.05016266276556657,-1.0
2024-01-01 16:00:00,100411.24252719143,100491.10524918987,79.86272199844825,0.07947242872929998,-1.0
2024-01-01 17:00:00,100417.43450148519,100491.10524918987,73.67074770468753,0.07331071493542105,-1.0
2024-01-01 18:00:00,100440.50271735677,100491.10524918987,50.602531833108515,0.05035523463258601,-1.0
2024-01-01 19:00:00,100525.52555441906,100525.52555441906,0.0,0.0,-1.0
2024-01-01 20:00:00,100462.82012757852,100525.52555441906,62.70542684053362,0.06237761652545483,-1.0
2024-01-01 21:00:00,100461.80243148253,100525.52555441906,63.72312293652794,0.06338999232790055,-1.0
2024-01-01 22:00:00,100518.8599421181,100525.52555441906,6.665612300959765,0.006630765931535831,-1.0
2024-01-01 23:00:00,100524.43915816103,100525.52555441906,1.0863962580333464,0.0010807168149996197,-1.0
2024-01-02 00:00:00,100612.60378941131,100612.60378941131,0.0,0.0,-1.0
2024-01-02 01:00:00,100705.58315897788,100705.58315897788,0.0,0.0,-1.0
2024-01-02 02:00:00,100717.1632678004,100717.1632678004,0.0,0.0,-1.0
2024-01-02 03:00:00,100690.79514288825,100717.1632678004,26.368124912143685,0.026180368922854344,-1.0
2024-01-02 04:00:00,100676.5181828037,100717.1632678004,40.645084996693186,0.040355668962419586,-1.0
2024-01-02 05:00:00,100737.13769215759,100737.13769215759,0.0,0.0,-1.0
2024-01-02 06:00:00,100773.46017055938,100773.46017055938,0.0,0.0,-1.0
2024-01-02 07:00:00,100903.34989926129,100903.34989926129,0.0,0.0,-1.0
2024-01-02 08:00:00,100927.63042220076,100927.63042220076,0.0,0.0,-1.0
2024-01-02 09:00:00,100973.83294848683,100973.83294848683,0.0,0.0,-1.0
2024-01-02 10:00:00,100948.01913403449,100973.83294848683,25.81381445234001,0.025564855466573482,-1.0
2024-01-02 11:00:00,101053.28397880576,101053.28397880576,0.0,0.0,-1.0
2024-01-02 12:00:00,101085.9600972762,101085.9600972762,0.0,0.0,-1.0
2024-01-02 13:00:00,101066.5192765721,101085.9600972762,19.44082070409786,0.019231969192744208,-1.0
2024-01-02 14:00:00,101206.11050942441,101206.11050942441,0.0,0.0,-1.0
2024-01-02 15:00:00,101195.23223840693,101206.11050942441,10.878271017485531,0.010748630653553805,-1.0
2024-01-02 16:00:00,101089.13426360462,101206.11050942441,116.97624581979471,0.11558219679720008,-1.0
2024-01-02 17:00:00,101160.01303682826,101206.11050942441,46.09747259615688,0.04554811203011723,-1.0
2024-01-02 18:00:00,101147.9901884609,101206.11050942441,58.12032096351322,0.05742767968353156,-1.0
2024-01-02 19:00:00,101231.22983644184,101231.22983644184,0.0,0.0,-1.0
2024-01-02 20:00:00,101326.48467125309,101326.48467125309,0.0,0.0,-1.0
2024-01-02 21:00:00,101294.12781023911,101326.48467125309,32.35686101397732,0.03193327106822758,-1.0
2024-01-02 22:00:00,101486.8330084599,101486.8330084599,0.0,0.0,-1.0
2024-01-02 23:00:00,101556.54008415545,101556.54008415545,0.0,0.0,-1.0
2024-01-03 00:00:00,101615.56699022054,101615.56699022054,0.0,0.0,-1.0
2024-01-03 01:00:00,101750.12935888466,101750.12935888466,0.0,0.0,-1.0
2024-01-03 02:00:00,101826.61255450778,101826.61255450778,0.0,0.0,-1.0
2024-01-03 03:00:00,102106.87988724733,102106.87988724733,0.0,0.0,-1.0
2024-01-03 04:00:00,102093.48357560301,102106.87988724733,13.396311644319212,0.013119891293429239,-1.0
2024-01-03 05:00:00,102196.62881167611,102196.62881167611,0.0,0.0,-1.0
2024-01-03 06:00:00,102211.69659928675,102211.69659928675,0.0,0.0,-1.0
2024-01-03 07:00:00,102356.3394427298,102356.3394427298,0.0,0.0,-1.0
2024-01-03 08:00:00,102456.0369142653,102456.0369142653,0.0,0.0,-1.0
2024-01-03 09:00:00,102503.91947019944,102503.91947019944,0.0,0.0,-1.0
2024-01-03 10:00:00,102509.1244223113,102509.1244223113,0.0,0.0,-1.0
2024-01-03 11:00:00,102479.3706383432,102509.1244223113,29.753783968102653,0.02902549810641704,-1.0
2024-01-03 12:00:00,102587.86780305326,102587.86780305326,0.0,0.0,-1.0
2024-01-03 13:00:00,102551.9174454111,102587.86780305326,35.95035764215572,0.03504347873880439,-1.0
2024-01-03 14:00:00,102731.59537894712,102731.59537894712,0.0,0.0,-1.0
2024-01-03 15:00:00,102705.56775896566,102731.59537894712,26.027619981468888,0.025335555128352217,-1.0
2024-01-03 16:00:00,102693.43276218133,102731.59537894712,38.162616765795974,0.03714788680641542,-1.0
2024-01-03 17:00:00,102697.90946041542,102731.59537894712,33.685918531700736,0.032790222333687245,-1.0
2024-01-03 18:00:00,102775.52435917051,102775.52435917051,0.0,0.0,-1.0
2024-01-03 19:00:00,102852.64493352053,102852.64493352053,0.0,0.0,-1.0
2024-01-03 20:00:00,102963.2291733621,102963.2291733621,0.0,0.0,-1.0
2024-01-03 21:00:00,102897.17801360869,102963.2291733621,66.05115975340595,0.06415024109451127,-1.0
2024-01-03 22:00:00,102911.08180087437,102963.2291733621,52.14737248772872,0.050646597728521814,-1.0
2024-01-03 23:00:00,102944.90369892046,102963.2291733621,18.32547444163356,0.0177980766422724,-1.0
2024-01-04 00:00:00,102966.24576300062,102966.24576300062,0.0,0.0,-1.0
2024-01-04 01:00:00,102841.28716073852,102966.24576300062,124.95860226210789,0.12135880194149011,-1.0
2024-01-04 02:00:00,102946.4655276661,102966.24576300062,19.780235334517783,0.019210407437837765,-1.0
2024-01-04 03:00:00,102900.16692862738,102966.24576300062,66.07883437324199,0.06417523906362178,-1.0
2024-01-04 04:00:00,102927.82109849095,102966.24576300062,38.42466450967186,0.03731772895567606,-1.0
2024-01-04 05:00:00,102984.6348915058,102984.6348915058,0.0,0.0,-1.0
2024-01-04 06:00:00,103041.93049781179,103041.93049781179,0.0,0.0,-1.0
2024-01-04 07:00:00,102995.22260144446,103041.93049781179,46.70789636732661,0.045329019110641085,-1.0
2024-01-04 08:00:00,102957.91113333245,103041.93049781179,84.01936447933258,0.08153900462988396,-1.0
2024-01-04 09:00:00,103068.93663947491,103068.93663947491,0.0,0.0,-1.0
2024-01-04 10:00:00,103141.6952296882,103141.6952296882,0.0,0.0,-1.0
2024-01-04 11:00:00,103184.97535923829,103184.97535923829,0.0,0.0,-1.0
2024-01-04 12:00:00,103231.74864677018,103231.74864677018,0.0,0.0,-1.0
2024-01-04 13:00:00,103403.61402750554,103403.61402750554,0.0,0.0,-1.0
2024-01-04 14:00:00,103479.915515323,103479.915515323,0.0,0.0,-1.0
2024-01-04 15:00:00,103597.2447240081,103597.2447240081,0.0,0.0,-1.0
2024-01-04 16:00:00,103802.16020296939,103802.16020296939,0.0,0.0,-1.0
2024-01-04 17:00:00,103863.78037059026,103863.78037059026,0.0,0.0,-1.0
2024-01-04 18:00:00,104022.35366944429,104022.35366944429,0.0,0.0,-1.0
2024-01-04 19:00:00,104048.26578370525,104048.26578370525,0.0,0.0,-1.0
2024-01-04 20:00:00,104141.46890001696,104141.46890001696,0.0,0.0,-1.0
2024-01-04 21:00:00,104078.68253314962,104141.46890001696,62.786366867338074,0.0602894961349329,-1.0
2024-01-04 22:00:00,104053.50973439045,104141.46890001696,87.9591656265111,0.08446123005136215,-1.0
2024-01-04 23:00:00,104043.86691368179,104141.46890001696,97.60198633516848,0.09372057775454766,-1.0
2024-01-05 00:00:00,104216.52712194217,104216.52712194217,0.0,0.0,-1.0
2024-01-05 01:00:00,104430.63099081824,104430.63099081824,0.0,0.0,-1.0
2024-01-05 02:00:00,104477.25483527168,104477.25483527168,0.0,0.0,-1.0
2024-01-05 03:00:00,104490.4117806796,104490.4117806796,0.0,0.0,-1.0
2024-01-05 04:00:00,104460.29622094281,104490.4117806796,30.1155597367906,0.028821361906393603,-1.0
2024-01-05 05:00:00,104465.87787598689,104490.4117806796,24.533904692711076,0.023479575086953024,-1.0
2024-01-05 06:00:00,104436.78642180015,104490.4117806796,53.62535887944978,0.05132084175532474,-1.0
2024-01-05 07:00:00,104409.83776814622,104490.4117806796,80.57401253338321,0.0771113934381886,-1.0
2024-01-05 08:00:00,104615.20485754077,104615.20485754077,0.0,0.0,-1.0
2024-01-05 09:00:00,104666.49296541707,104666.49296541707,0.0,0.0,-1.0
2024-01-05 10:00:00,104788.42493104417,104788.42493104417,0.0,0.0,-1.0
2024-01-05 11:00:00,104867.66181823733,104867.66181823733,0.0,0.0,-1.0
2024-01-05 12:00:00,104834.2453856501,104867.66181823733,33.416432587240706,0.03186533580310009,-1.0
2024-01-05 13:00:00,104761.65495582305,104867.66181823733,106.00686241428775,0.10108632210950307,-1.0
2024-01-05 14:00:00,104875.6567205187,104875.6567205187,0.0,0.0,-1.0
2024-01-05 15:00:00,105086.98556218804,105086.98556218804,0.0,0.0,-1.0
2024-01-05 16:00:00,105187.18456502169,105187.18456502169,0.0,0.0,-1.0
2024-01-05 17:00:00,105207.14817234906,105207.14817234906,0.0,0.0,-1.0
2024-01-05 18:00:00,105165.95992012564,105207.14817234906,41.18825222342275,0.039149670853114146,-1.0
2024-01-05 19:00:00,105322.15146749068,105322.15146749068,0.0,0.0,-1.0
2024-01-05 20:00:00,105477.35182388124,105477.35182388124,0.0,0.0,-1.0
2024-01-05 21:00:00,105444.50388498907,105477.35182388124,32.84793889216962,0.03114217253673265,-1.0
2024-01-05 22:00:00,105461.32023594239,105477.35182388124,16.031587938850862,0.015199080808948726,-1.0
2024-01-05 23:00:00,105395.00680788855,105477.35182388124,82.34501599268697,0.07806890727611455,-1.0
2024-01-06 00:00:00,105418.96328655891,105477.35182388124,58.3885373223311,0.05535646877049419,-1.0
2024-01-06 01:00:00,105448.1698796965,105477.35182388124,29.181944184732856,0.027666549908703472,-1.0
2024-01-06 02:00:00,105394.08471422011,105477.35182388124,83.26710966113023,0.07894311738141083,-1.0
2024-01-06 03:00:00,105501.29591077947,105501.29591077947,0.0,0.0,-1.0
2024-01-06 04:00:00,105425.42671217484,105501.29591077947,75.8691986046324,0.07191304898168607,-1.0
2024-01-06 05:00:00,105434.12325540558,105501.29591077947,67.17265537389903,0.06366998129644372,-1.0
2024-01-06 06:00:00,105418.54092504198,105501.29591077947,82.75498573749792,0.07843978125868928,-1.0
2024-01-06 07:00:00,105359.6898801127,105501.29591077947,141.60603066677868,0.13422207703167202,-1.0
2024-01-06 08:00:00,105357.08399856788,105501.29591077947,144.21191221159825,0.13669207659169955,-1.0
2024-01-06 09:00:00,105345.18194826729,105501.29591077947,156.11396251218684,0.14797350228210426,-1.0
2024-01-06 10:00:00,105536.72510435453,105536.72510435453,0.0,0.0,-1.0
2024-01-06 11:00:00,105508.94100434471,105536.72510435453,27.78410000981239,0.0263264754352947,-1.0
2024-01-06 12:00:00,105558.9431839913,105558.9431839913,0.0,0.0,-1.0
2024-01-06 13:00:00,105508.43739982053,105558.9431839913,50.50578417077486,0.04784604946521896,-1.0
2024-01-06 14:00:00,105540.21509647752,105558.9431839913,18.728087513780338,0.017741829303024485,-1.0
2024-01-06 15:00:00,105579.45879739165,105579.45879739165,0.0,0.0,-1.0
2024-01-06 16:00:00,105680.17550026292,105680.17550026292,0.0,0.0,-1.0
2024-01-06 17:00:00,105691.89918981984,105691.89918981984,0.0,0.0,-1.0
2024-01-06 18:00:00,105625.98101094158,105691.89918981984,65.91817887825891,0.06236824144854433,-1.0
2024-01-06 19:00:00,105544.83889225397,105691.89918981984,147.0602975658694,0.1391405573115429,-1.0
2024-01-06 20:00:00,105768.02216857964,105768.02216857964,0.0,0.0,-1.0
2024-01-06 21:00:00,105751.14797283037,105768.02216857964,16.874195749274804,0.015953967374354096,-1.0
2024-01-06 22:00:00,105737.77456901217,105768.02216857964,30.247599567475845,0.028598057283576072,-1.0
2024-01-06 23:00:00,105687.04814477057,105768.02216857964,80.97402380907442,0.07655813368620337,-1.0
2024-01-07 00:00:00,105688.76264051483,105768.02216857964,79.25952806480927,0.07493713736887367,-1.0
2024-01-07 01:00:00,105667.96855637067,105768.02216857964,100.05361220896884,0.09459722339281071,-1.0
2024-01-07 02:00:00,105586.19685321639,105768.02216857964,181.82531536325405,0.17190953525957928,-1.0
2024-01-07 03:00:00,105730.36010677347,105768.02216857964,37.66206180617155,0.03560817441224666,-1.0
2024-01-07 04:00:00,105738.75944899338,105768.02216857964,29.262719586258754,0.027666887388343154,-1.0
2024-01-07 05:00:00,105960.9523289269,105960.9523289269,0.0,0.0,-1.0
2024-01-07 06:00:00,106001.58398682908,106001.58398682908,0.0,0.0,-1.0
2024-01-07 07:00:00,105872.65810064824,106001.58398682908,128.9258861808339,0.12162637701418992,-1.0
2024-01-07 08:00:00,106061.01601855525,106061.01601855525,0.0,0.0,-1.0
2024-01-07 09:00:00,106232.61531849722,106232.61531849722,0.0,0.0,-1.0
2024-01-07 10:00:00,106248.70549830874,106248.70549830874,0.0,0.0,-1.0
2024-01-07 11:00:00,106289.0994377389,106289.0994377389,0.0,0.0,-1.0
2024-01-07 12:00:00,106300.56844202855,106300.56844202855,0.0,0.0,-1.0
2024-01-07 13:00:00,106254.99984167668,106300.56844202855,45.56860035187856,0.042867692073283295,-1.0
2024-01-07 14:00:00,106310.58153221964,106310.58153221964,0.0,0.0,-1.0
2024-01-07 15:00:00,106465.58452788572,106465.58452788572,0.0,0.0,-1.0
2024-01-07 16:00:00,106481.29364423332,106481.29364423332,0.0,0.0,-1.0
2024-01-07 17:00:00,106449.62225367484,106481.29364423332,31.67139055847656,0.0297436192541898,-1.0
2024-01-07 18:00:00,106485.53267594049,106485.53267594049,0.0,0.0,-1.0
2024-01-07 19:00:00,106584.76429694392,106584.76429694392,0.0,0.0,-1.0
2024-01-07 20:00:00,106590.5125150618,106590.5125150618,0.0,0.0,-1.0
2024-01-07 21:00:00,106564.91522054255,106590.5125150618,25.597294519247953,0.02401460872573525,-1.0
2024-01-07 22:00:00,106559.65367879579,106590.5125150618,30.85883626600844,0.028950828303455176,-1.0
2024-01-07 23:00:00,106523.690019531,106590.5125150618,66.822495530796,0.06269084738789828,-1.0
2024-01-08 00:00:00,106441.06795614286,106590.5125150618,149.44455891894177,0.14020437222104967,-1.0
2024-01-08 01:00:00,106424.87626951489,106590.5125150618,165.63624554690614,0.15539492365561228,-1.0
2024-01-08 02:00:00,106490.1040898273,106590.5125150618,100.408425234491,0.09420015240127752,-1.0
2024-01-08 03:00:00,106490.59564100682,106590.5125150618,99.91687405497942,0.09373899392862065,-1.0
2024-01-08 04:00:00,106534.08182494156,106590.5125150618,56.43069012023625,0.05294156936553082,-1.0
2024-01-08 05:00:00,106502.99043115249,106590.5125150618,87.522083909309,0.0821105761143063,-1.0
2024-01-08 06:00:00,106483.2803510119,106590.5125150618,107.23216404989944,0.10060197809326321,-1.0
2024-01-08 07:00:00,106619.5745588216,106619.5745588216,0.0,0.0,-1.0
2024-01-08 08:00:00,106584.47367423832,106619.5745588216,35.10088458326936,0.03292161381107776,-1.0
2024-01-08 09:00:00,106671.773636543,106671.773636543,0.0,0.0,-1.0
2024-01-08 10:00:00,106714.11107545785,106714.11107545785,0.0,0.0,-1.0
2024-01-08 11:00:00,106699.3661001494,106714.11107545785,14.744975308451103,0.013817268550384015,-1.0
2024-01-08 12:00:00,106724.69189571783,106724.69189571783,0.0,0.0,-1.0
2024-01-08 13:00:00,106769.81565123939,106769.81565123939,0.0,0.0,-1.0
2024-01-08 14:00:00,106796.44541152898,106796.44541152898,0.0,0.0,-1.0
2024-01-08 15:00:00,106713.34808720078,106796.44541152898,83.09732432820601,0.07780907314658192,-1.0
2024-01-08 16:00:00,106651.163500244,106796.44541152898,145.28191128498293,0.13603627978923288,-1.0
2024-01-08 17:00:00,106553.43549661405,106796.44541152898,243.00991491493187,0.22754494681776952,-1.0
2024-01-08 18:00:00,106501.80467192737,106796.44541152898,294.64073960161477,0.27589002467848756,-1.0
2024-01-08 19:00:00,106725.3521649553,106796.44541152898,71.09324657368416,0.06656892586615007,-1.0
2024-01-08 20:00:00,106719.65072860796,106796.44541152898,76.79468292102683,0.0719075270952198,-1.0
2024-01-08 21:00:00,106685.79861858966,106796.44541152898,110.64679293932568,0.10360531430887966,-1.0
2024-01-08 22:00:00,106712.11089158936,106796.44541152898,84.33451993962808,0.0789675345604002,-1.0
2024-01-08 23:00:00,106744.07133387965,106796.44541152898,52.37407764933596,0.049041030764196226,-1.0
2024-01-09 00:00:00,106690.23742131714,106796.44541152898,106.20799021184212,0.09944899364635282,-1.0
2024-01-09 01:00:00,106965.09343075508,106965.09343075508,0.0,0.0,-1.0
2024-01-09 02:00:00,106971.14666447512,106971.14666447512,0.0,0.0,-1.0
2024-01-09 03:00:00,106982.2407440133,106982.2407440133,0.0,0.0,-1.0
2024-01-09 04:00:00,106997.13007006761,106997.13007006761,0.0,0.0,-1.0
2024-01-09 05:00:00,107111.74109967129,107111.74109967129,0.0,0.0,-1.0
2024-01-09 06:00:00,107081.8821634827,107111.74109967129,29.858936188582447,0.027876436217013453,-1.0
2024-01-09 07:00:00,107161.38293512122,107161.38293512122,0.0,0.0,-1.0
2024-01-09 08:00:00,107144.97539725147,107161.38293512122,16.407537869745283,0.015311054617201897,-1.0
2024-01-09 09:00:00,107178.27610835721,107178.27610835721,0.0,0.0,-1.0
2024-01-09 10:00:00,107215.28133857952,107215.28133857952,0.0,0.0,-1.0
2024-01-09 11:00:00,107238.10001833126,107238.10001833126,0.0,0.0,-1.0
2024-01-09 12:00:00,107465.24918739134,107465.24918739134,0.0,0.0,-1.0
2024-01-09 13:00:00,107455.91434592659,107465.24918739134,9.334841464748024,0.008686381444545388,-1.0
2024-01-09 14:00:00,107528.18576984743,107528.18576984743,0.0,0.0,-1.0
2024-01-09 15:00:00,107625.87514628783,107625.87514628783,0.0,0.0,-1.0
2024-01-09 16:00:00,107724.94596514067,107724.94596514067,0.0,0.0,-1.0
2024-01-09 17:00:00,107973.44685857437,107973.44685857437,0.0,0.0,-1.0
2024-01-09 18:00:00,108019.7981629074,108019.7981629074,0.0,0.0,-1.0
2024-01-09 19:00:00,108128.94306621702,108128.94306621702,0.0,0.0,-1.0
2024-01-09 20:00:00,108128.37692862334,108128.94306621702,0.5661375936761033,0.0005235763687520802,-1.0
2024-01-09 21:00:00,108149.612288251,108149.612288251,0.0,0.0,-1.0
2024-01-09 22:00:00,108230.67812272943,108230.67812272943,0.0,0.0,-1.0
2024-01-09 23:00:00,108154.914613448,108230.67812272943,75.76350928143074,0.07000187986951152,-1.0
2024-01-10 00:00:00,108168.43849067454,108230.67812272943,62.2396320548869,0.05750646039961937,-1.0
2024-01-10 01:00:00,108204.17237228142,108230.67812272943,26.505750448006438,0.02449005301246467,-1.0
2024-01-10 02:00:00,108401.85243955985,108401.85243955985,0.0,0.0,-1.0
2024-01-10 03:00:00,108381.05156498232,108401.85243955985,20.800874577529612,0.01918867077398633,-1.0
2024-01-10 04:00:00,108419.90020744449,108419.90020744449,0.0,0.0,-1.0
2024-01-10 05:00:00,108617.54571351259,108617.54571351259,0.0,0.0,-1.0
2024-01-10 06:00:00,108609.92755437571,108617.54571351259,7.618159136880422,0.007013746339816886,-1.0
2024-01-10 07:00:00,108651.4426621256,108651.4426621256,0.0,0.0,-1.0
2024-01-10 08:00:00,108663.41703972252,108663.41703972252,0.0,0.0,-1.0
2024-01-10 09:00:00,108675.92789817466,108675.92789817466,0.0,0.0,-1.0
2024-01-10 10:00:00,108731.40410834423,108731.40410834423,0.0,0.0,-1.0
2024-01-10 11:00:00,108846.58091200079,108846.58091200079,0.0,0.0,-1.0
2024-01-10 12:00:00,108911.06156704166,108911.06156704166,0.0,0.0,-1.0
2024-01-10 13:00:00,108921.75729122915,108921.75729122915,0.0,0.0,-1.0
2024-01-10 14:00:00,108912.58711861649,108921.75729122915,9.17017261266301,0.008419045781775531,-1.0
2024-01-10 15:00:00,108959.10035016348,108959.10035016348,0.0,0.0,-1.0
2024-01-10 16:00:00,108975.54071918713,108975.54071918713,0.0,0.0,-1.0
2024-01-10 17:00:00,109001.2783484402,109001.2783484402,0.0,0.0,-1.0
2024-01-10 18:00:00,109076.39573815557,109076.39573815557,0.0,0.0,-1.0
2024-01-10 19:00:00,108996.37252566105,109076.39573815557,80.0232124945178,0.07336437178087395,-1.0
2024-01-10 20:00:00,108973.65824578752,109076.39573815557,102.73749236804724,0.09418856542956806,-1.0
2024-01-10 21:00:00,108957.09802364577,109076.39573815557,119.29771450979752,0.10937078888834835,-1.0
2024-01-10 22:00:00,108906.69552982508,109076.39573815557,169.7002083304833,0.15557922241752362,-1.0
2024-01-10 23:00:00,108939.74692481782,109076.39573815557,136.64881333774247,0.12527807910501199,-1.0
2024-01-11 00:00:00,108912.32474202926,109076.39573815557,164.07099612630554,0.1504184246426402,-1.0
2024-01-11 01:00:00,108886.10839242415,109076.39573815557,190.28734573141264,0.1744532760215224,-1.0
2024-01-11 02:00:00,108938.59518663632,109076.39573815557,137.80055151924898,0.12633397958074036,-1.0
2024-01-11 03:00:00,109009.35692464195,109076.39573815557,67.03881351361633,0.061460422358057216,-1.0
2024-01-11 04:00:00,109041.74373096597,109076.39573815557,34.65200718959386,0.03176856638422312,-1.0
2024-01-11 05:00:00,109043.3015287483,109076.39573815557,33.094209407267044,0.030340395081179323,-1.0
2024-01-11 06:00:00,109094.9313930547,109094.9313930547,0.0,0.0,-1.0
2024-01-11 07:00:00,109130.77057726061,109130.77057726061,0.0,0.0,-1.0
2024-01-11 08:00:00,109102.10994247379,109130.77057726061,28.660634786821902,0.026262652261335603,-1.0
2024-01-11 09:00:00,109175.57512140572,109175.57512140572,0.0,0.0,-1.0
2024-01-11 10:00:00,109152.39422512498,109175.57512140572,23.180896280740853,0.0212326761319674,-1.0
2024-01-11 11:00:00,109155.39425175825,109175.57512140572,20.180869647476356,0.018484784371444594,-1.0
2024-01-11 12:00:00,109260.55639840067,109260.55639840067,0.0,0.0,-1.0
2024-01-11 13:00:00,109275.09098880926,109275.09098880926,0.0,0.0,-1.0
2024-01-11 14:00:00,109301.93818460831,109301.93818460831,0.0,0.0,-1.0
2024-01-11 15:00:00,109266.6668078584,109301.93818460831,35.271376749908086,0.03226967182442418,-1.0
2024-01-11 16:00:00,109290.16021853095,109301.93818460831,11.777966077366727,0.010775624177381034,-1.0
2024-01-11 17:00:00,109308.40604081129,109308.40604081129,0.0,0.0,-1.0
2024-01-11 18:00:00,109303.42492220284,109308.40604081129,4.981118608440738,0.004556940119116724,-1.0
2024-01-11 19:00:00,109290.83518204468,109308.40604081129,17.570858766601305,0.016074572306946883,-1.0
2024-01-11 20:00:00,109253.51111622366,109308.40604081129,54.89492458762834,0.05022022237441906,-1.0
2024-01-11 21:00:00,109267.72516270864,109308.40604081129,40.68087810264842,0.03721660536103678,-1.0
2024-01-11 22:00:00,109236.30638191031,109308.40604081129,72.09965890097374,0.06595984838902022,-1.0
2024-01-11 23:00:00,109240.8216127183,109308.40604081129,67.58442809298867,0.06182912233461296,-1.0
2024-01-12 00:00:00,109231.76845180558,109308.40604081129,76.63758900570974,0.07011134072991276,-1.0
2024-01-12 01:00:00,109173.4020215756,109308.40604081129,135.0040192356828,0.12350744478450981,-1.0
2024-01-12 02:00:00,109131.06448102069,109308.40604081129,177.3415597905987,0.16223963573706,-1.0
2024-01-12 03:00:00,109238.44654964257,109308.40604081129,69.95949116871634,0.06400193150982032,-1.0
2024-01-12 04:00:00,109271.50110052501,109308.40604081129,36.904940286272904,0.03376221612132383,-1.0
2024-01-12 05:00:00,109244.1642937855,109308.40604081129,64.24174702577875,0.05877109487974192,-1.0
2024-01-12 06:00:00,109208.60639769574,109308.40604081129,99.79964311554795,0.0913009774182297,-1.0
2024-01-12 07:00:00,109174.40593678116,109308.40604081129,134.00010403012857,0.1225890202626305,-1.0
2024-01-12 08:00:00,109380.81925820967,109380.81925820967,0.0,0.0,-1.0
2024-01-12 09:00:00,109366.2241272493,109380.81925820967,14.595130960369715,0.013343409803793607,-1.0
2024-01-12 10:00:00,109420.14025707591,109420.14025707591,0.0,0.0,-1.0
2024-01-12 11:00:00,109468.68175941205,109468.68175941205,0.0,0.0,-1.0
2024-01-12 12:00:00,109491.38140000582,109491.38140000582,0.0,0.0,-1.0
2024-01-12 13:00:00,109501.73434255907,109501.73434255907,0.0,0.0,-1.0
2024-01-12 14:00:00,109498.85597392988,109501.73434255907,2.8783686291862978,0.0026286055161297917,-1.0
2024-01-12 15:00:00,109558.0559778604,109558.0559778604,0.0,0.0,-1.0
2024-01-12 16:00:00,109561.85132308013,109561.85132308013,0.0,0.0,-1.0
2024-01-12 17:00:00,109639.82717883504,109639.82717883504,0.0,0.0,-1.0
2024-01-12 18:00:00,109697.57935872785,109697.57935872785,0.0,0.0,-1.0
2024-01-12 19:00:00,109847.4333090679,109847.4333090679,0.0,0.0,-1.0
2024-01-12 20:00:00,109784.55424044745,109847.4333090679,62.87906862044474,0.057242182840565356,-1.0
2024-01-12 21:00:00,109742.96764752088,109847.4333090679,104.46566154701577,0.09510068501381373,-1.0
2024-01-12 22:00:00,109754.91043413673,109847.4333090679,92.52287493116455,0.08422852691591001,-1.0
2024-01-12 23:00:00,109707.59296765638,109847.4333090679,139.84034141151642,0.12730415012798718,-1.0
2024-01-13 00:00:00,109706.03003202968,109847.4333090679,141.40327703821822,0.12872697411177964,-1.0
2024-01-13 01:00:00,109821.46359675564,109847.4333090679,25.969712312260526,0.023641619589956073,-1.0
2024-01-13 02:00:00,109739.46115719396,109847.4333090679,107.97215187393886,0.09829283090315571,-1.0
2024-01-13 03:00:00,109715.49903427252,109847.4333090679,131.93427479537786,0.12010683438015905,-1.0
2024-01-13 04:00:00,109697.63249105055,109847.4333090679,149.80081801734923,0.1363717052867936,-1.0
2024-01-13 05:00:00,109681.19825280426,109847.4333090679,166.23505626364204,0.1513326722854974,-1.0
2024-01-13 06:00:00,109653.39121521494,109847.4333090679,194.0420938529569,0.17664690744935116,-1.0
2024-01-13 07:00:00,109635.85838030184,109847.4333090679,211.5749287660583,0.19260798581498836,-1.0
2024-01-13 08:00:00,109594.41346462704,109847.4333090679,253.01984444085974,0.2303375116002578,-1.0
2024-01-13 09:00:00,109576.038380359,109847.4333090679,271.39492870890535,0.24706533464947306,-1.0
2024-01-13 10:00:00,109502.25327961237,109847.4333090679,345.1800294555287,0.3142358624660137,-1.0
2024-01-13 11:00:00,109484.15090267762,109847.4333090679,363.2824063902808,0.33071542542841725,-1.0
2024-01-13 12:00:00,109450.38955883912,109847.4333090679,397.0437502287823,0.36145018437677634,-1.0
2024-01-13 13:00:00,109504.39107501936,109847.4333090679,343.0422340485384,0.31228971284504314,-1.0
2024-01-13 14:00:00,109603.45449184452,109847.4333090679,243.97881722338207,0.22210698044889285,-1.0
2024-01-13 15:00:00,109596.66508942792,109847.4333090679,250.76821963998373,0.22828773698737193,-1.0
2024-01-13 16:00:00,109623.40089749894,109847.4333090679,224.0324115689582,0.20394869940986077,-1.0
2024-01-13 17:00:00,109669.53958444324,109847.4333090679,177.89372462466417,0.16194618232375127,-1.0
2024-01-13 18:00:00,109689.29497715784,109847.4333090679,158.13833191005688,0.14396179059106207,-1.0
2024-01-13 19:00:00,109729.29446141305,109847.4333090679,118.13884765484545,0.1075481184184329,-1.0
2024-01-13 20:00:00,109735.2448496316,109847.4333090679,112.18845943629276,0.10213116142699313,-1.0
2024-01-13 21:00:00,109729.41293641031,109847.4333090679,118.02037265758554,0.10744026428503083,-1.0
2024-01-13 22:00:00,109740.98741977746,109847.4333090679,106.44588929043675,0.09690339235413856,-1.0
2024-01-13 23:00:00,109840.71410917382,109847.4333090679,6.719199894083431,0.006116847423442493,-1.0
2024-01-14 00:00:00,109875.76382949755,109875.76382949755,0.0,0.0,-1.0
2024-01-14 01:00:00,109902.51580787795,109902.51580787795,0.0,0.0,-1.0
2024-01-14 02:00:00,109929.74889629494,109929.74889629494,0.0,0.0,-1.0
2024-01-14 03:00:00,109926.50993459742,109929.74889629494,3.2389616975269746,0.0029463923369665228,-1.0
2024-01-14 04:00:00,110028.80806521281,110028.80806521281,0.0,0.0,-1.0
2024-01-14 05:00:00,110036.70911574306,110036.70911574306,0.0,0.0,-1.0
2024-01-14 06:00:00,110015.11876357444,110036.70911574306,21.5903521686123,0.019621044960461607,-1.0
2024-01-14 07:00:00,110052.87540431146,110052.87540431146,0.0,0.0,-1.0
2024-01-14 08:00:00,109981.10378311368,110052.87540431146,71.77162119778222,0.06521558017826264,-1.0
2024-01-14 09:00:00,110113.07871572384,110113.07871572384,0.0,0.0,-1.0
2024-01-14 10:00:00,110118.75855959815,110118.75855959815,0.0,0.0,-1.0
2024-01-14 11:00:00,110102.38703048739,110118.75855959815,16.37152911076555,0.014867157353490323,-1.0
2024-01-14 12:00:00,110113.03463684044,110118.75855959815,5.723922757708351,0.005197954310945547,-1.0
2024-01-14 13:00:00,110221.5201829388,110221.5201829388,0.0,0.0,-1.0
2024-01-14 14:00:00,110164.20818666868,110221.5201829388,57.31199627011665,0.051997101995140134,-1.0
2024-01-14 15:00:00,110215.85323795195,110221.5201829388,5.666944986849558,0.005141414287739741,-1.0
2024-01-14 16:00:00,110296.62428226008,110296.62428226008,0.0,0.0,-1.0
2024-01-14 17:00:00,110556.80286662334,110556.80286662334,0.0,0.0,-1.0
2024-01-14 18:00:00,110694.98454891428,110694.98454891428,0.0,0.0,-1.0
2024-01-14 19:00:00,110691.96044279089,110694.98454891428,3.0241061233828077,0.0027319269574011327,-1.0
2024-01-14 20:00:00,110711.75729991148,110711.75729991148,0.0,0.0,-1.0
2024-01-14 21:00:00,110777.89013693605,110777.89013693605,0.0,0.0,-1.0
2024-01-14 22:00:00,110778.88336607936,110778.88336607936,0.0,0.0,-1.0
2024-01-14 23:00:00,110971.11777842559,110971.11777842559,0.0,0.0,-1.0
2024-01-15 00:00:00,111015.18417179801,111015.18417179801,0.0,0.0,-1.0
2024-01-15 01:00:00,111028.243711097,111028.243711097,0.0,0.0,-1.0
2024-01-15 02:00:00,111094.01135786648,111094.01135786648,0.0,0.0,-1.0
2024-01-15 03:00:00,111008.36411268245,111094.01135786648,85.64724518402363,0.07709438532031099,-1.0
2024-01-15 04:00:00,111021.87560814359,111094.01135786648,72.13574972288916,0.06493216766700295,-1.0
2024-01-15 05:00:00,111067.1016848844,111094.01135786648,26.90967298207397,0.024222433462583327,-1.0
2024-01-15 06:00:00,111083.99919574102,111094.01135786648,10.012162125451141,0.009012332890923366,-1.0
2024-01-15 07:00:00,111052.37455743515,111094.01135786648,41.636800431326265,0.03747888830587086,-1.0
2024-01-15 08:00:00,111102.95228277586,111102.95228277586,0.0,0.0,-1.0
2024-01-15 09:00:00,111128.4062253108,111128.4062253108,0.0,0.0,-1.0
2024-01-15 10:00:00,111137.12670371933,111137.12670371933,0.0,0.0,-1.0
2024-01-15 11:00:00,111135.66102336558,111137.12670371933,1.4656803537509404,0.0013188035332767783,-1.0
2024-01-15 12:00:00,111210.40910609154,111210.40910609154,0.0,0.0,-1.0
2024-01-15 13:00:00,111320.97050959017,111320.97050959017,0.0,0.0,-1.0
2024-01-15 14:00:00,111306.29372324068,111320.97050959017,14.676786349489703,0.01318420624820668,-1.0
2024-01-15 15:00:00,111268.83858320487,111320.97050959017,52.13192638530745,0.04683028377013327,-1.0
2024-01-15 16:00:00,111404.44091434155,111404.44091434155,0.0,0.0,-1.0
2024-01-15 17:00:00,111438.89025015257,111438.89025015257,0.0,0.0,-1.0
2024-01-15 18:00:00,111436.15087233193,111438.89025015257,2.739377820646041,0.002458188352824422,-1.0
2024-01-15 19:00:00,111408.83973313808,111438.89025015257,30.050517014489742,0.02696591553185231,-1.0
2024-01-15 20:00:00,111457.04199706657,111457.04199706657,0.0,0.0,-1.0
2024-01-15 21:00:00,111416.5453803587,111457.04199706657,40.49661670786736,0.036333834078364644,-1.0
2024-01-15 22:00:00,111649.10101086526,111649.10101086526,0.0,0.0,-1.0
2024-01-15 23:00:00,111665.33830539741,111665.33830539741,0.0,0.0,-1.0
2024-01-16 00:00:00,111609.20638484346,111665.33830539741,56.131920553947566,0.05026798951741893,-1.0
2024-01-16 01:00:00,111558.19171694893,111665.33830539741,107.14658844847872,0.09595331019858624,-1.0
2024-01-16 02:00:00,111508.8028838172,111665.33830539741,156.53542158020718,0.14018264213026696,-1.0
2024-01-16 03:00:00,111564.87519549426,111665.33830539741,100.46310990315396,0.0899680343316508,-1.0
2024-01-16 04:00:00,111602.4213942462,111665.33830539741,62.91691115121648,0.056344172780941955,-1.0
2024-01-16 05:00:00,111759.39258023266,111759.39258023266,0.0,0.0,-1.0
2024-01-16 06:00:00,111789.67557284424,111789.67557284424,0.0,0.0,-1.0
2024-01-16 07:00:00,111775.7351304836,111789.67557284424,13.940442360632005,0.012470241361017416,-1.0
2024-01-16 08:00:00,111894.8705067142,111894.8705067142,0.0,0.0,-1.0
2024-01-16 09:00:00,111880.4000640428,111894.8705067142,14.470442671401543,0.012932176967426982,-1.0
2024-01-16 10:00:00,111871.25940984028,111894.8705067142,23.61109687392309,0.02110114321326849,-1.0
2024-01-16 11:00:00,111815.16269191499,111894.8705067142,79.70781479921425,0.07123455654245689,-1.0
2024-01-16 12:00:00,111806.94107892999,111894.8705067142,87.92942778421275,0.07858217931351605,-1.0
2024-01-16 13:00:00,111813.83710658563,111894.8705067142,81.03340012856643,0.0724192268703721,-1.0
2024-01-16 14:00:00,111761.46827082988,111894.8705067142,133.40223588432127,0.11922104675595163,-1.0
2024-01-16 15:00:00,111736.52061383749,111894.8705067142,158.3498928767076,0.141516668422442,-1.0
2024-01-16 16:00:00,111837.68147223555,111894.8705067142,57.18903447865159,0.05110961228130649,-1.0
2024-01-16 17:00:00,111811.68805307151,111894.8705067142,83.1824536426866,0.0743398274344446,-1.0
2024-01-16 18:00:00,111827.95531928184,111894.8705067142,66.91518743235792,0.05980183642854541,-1.0
2024-01-16 19:00:00,111965.52596041816,111965.52596041816,0.0,0.0,-1.0
2024-01-16 20:00:00,111909.24140797283,111965.52596041816,56.28455244532961,0.050269537844378286,-1.0
2024-01-16 21:00:00,111897.20761768534,111965.52596041816,68.31834273281856,0.06101730166209404,-1.0
2024-01-16 22:00:00,111899.30279130871,111965.52596041816,66.22316910944937,0.05914603494370263,-1.0
2024-01-16 23:00:00,111928.14916181832,111965.52596041816,37.376798599842004,0.033382416845927534,-1.0
2024-01-17 00:00:00,111935.37012046739,111965.52596041816,30.15583995077759,0.026933147227333372,-1.0
2024-01-17 01:00:00,111921.41463025313,111965.52596041816,44.111330165032996,0.03939724284475486,-1.0
2024-01-17 02:00:00,111971.9835407168,111971.9835407168,0.0,0.0,-1.0
2024-01-17 03:00:00,112127.81889134292,112127.81889134292,0.0,0.0,-1.0
2024-01-17 04:00:00,112157.17894866175,112157.17894866175,0.0,0.0,-1.0
2024-01-17 05:00:00,112236.16688880918,112236.16688880918,0.0,0.0,-1.0
2024-01-17 06:00:00,112220.06214084371,112236.16688880918,16.10474796546623,0.014348982517748476,-1.0
2024-01-17 07:00:00,112216.47302854953,112236.16688880918,19.693860259649227,0.01754680403435344,-1.0
2024-01-17 08:00:00,112182.3851306058,112236.16688880918,53.78175820337492,0.04791838468312604,-1.0
2024-01-17 09:00:00,112171.37810455,112236.16688880918,64.78878425917355,0.05772540710817299,-1.0
2024-01-17 10:00:00,112146.79663767038,112236.16688880918,89.37025113879645,0.07962696305134362,-1.0
2024-01-17 11:00:00,112137.76284493525,112236.16688880918,98.4040438739321,0.08767587721649442,-1.0
2024-01-17 12:00:00,112114.61547414881,112236.16688880918,121.5514146603673,0.10829968452217957,-1.0
2024-01-17 13:00:00,112130.57354910634,112236.16688880918,105.59333970284206,0.0940813844858511,-1.0
2024-01-17 14:00:00,112158.30976510032,112236.16688880918,77.85712370886176,0.06936901523552005,-1.0
2024-01-17 15:00:00,112138.12113229174,112236.16688880918,98.0457565174438,0.0873566509221367,-1.0
2024-01-17 16:00:00,112100.64594553706,112236.16688880918,135.5209432721167,0.12074623272405181,-1.0
2024-01-17 17:00:00,112124.11081490443,112236.16688880918,112.05607390475052,0.09983954104184876,-1.0
2024-01-17 18:00:00,112126.50116741596,112236.16688880918,109.66572139321943,0.09770978859413805,-1.0
2024-01-17 19:00:00,112172.1622811346,112236.16688880918,64.00460767457844,0.057026722712284816,-1.0
2024-01-17 20:00:00,112222.18435766913,112236.16688880918,13.982531140049105,0.0124581331736867,-1.0
2024-01-17 21:00:00,112194.58298725047,112236.16688880918,41.58390155871166,0.03705035792955069,-1.0
2024-01-17 22:00:00,112110.14808199606,112236.16688880918,126.01880681312468,0.11228003441882488,-1.0
2024-01-17 23:00:00,112128.5113323455,112236.16688880918,107.65555646368011,0.09591877506858638,-1.0
2024-01-18 00:00:00,112332.9816104968,112332.9816104968,0.0,0.0,-1.0
2024-01-18 01:00:00,112382.56531201146,112382.56531201146,0.0,0.0,-1.0
2024-01-18 02:00:00,112356.94774035402,112382.56531201146,25.6175716574362,0.022794969652377383,-1.0
2024-01-18 03:00:00,112353.01186520417,112382.56531201146,29.5534468072874,0.026297181173287137,-1.0
2024-01-18 04:00:00,112508.8969122356,112508.8969122356,0.0,0.0,-1.0
2024-01-18 05:00:00,112500.58091260692,112508.8969122356,8.31599962868495,0.0073914151297492315,-1.0
2024-01-18 06:00:00,112519.23481588326,112519.23481588326,0.0,0.0,-1.0
2024-01-18 07:00:00,112579.09351740831,112579.09351740831,0.0,0.0,-1.0
2024-01-18 08:00:00,112598.06196425417,112598.06196425417,0.0,0.0,-1.0
2024-01-18 09:00:00,112600.27247601023,112600.27247601023,0.0,0.0,-1.0
2024-01-18 10:00:00,112579.35280501466,112600.27247601023,20.919670995572233,0.018578703706093803,-1.0
2024-01-18 11:00:00,112584.67648407871,112600.27247601023,15.595991931520985,0.013850758607039562,-1.0
2024-01-18 12:00:00,112557.97608777012,112600.27247601023,42.29638824010908,0.03756330896012746,-1.0
2024-01-18 13:00:00,112497.8485536968,112600.27247601023,102.42392231343547,0.09096241071286675,-1.0
2024-01-18 14:00:00,112492.05304194271,112600.27247601023,108.21943406751961,0.09610938915851738,-1.0
2024-01-18 15:00:00,112463.90309331151,112600.27247601023,136.36938269871462,0.12110928304171595,-1.0
2024-01-18 16:00:00,112482.80027473267,112600.27247601023,117.47220127756009,0.10432674690248893,-1.0
2024-01-18 17:00:00,112476.30064386368,112600.27247601023,123.97183214654797,0.11009905164568806,-1.0
2024-01-18 18:00:00,112528.23232180063,112600.27247601023,72.04015420959331,0.06397866774695563,-1.0
2024-01-18 19:00:00,112510.02283735966,112600.27247601023,90.24963865056634,0.080150462042438,-1.0
2024-01-18 20:00:00,112504.22174948592,112600.27247601023,96.05072652430681,0.08530239262500068,-1.0
2024-01-18 21:00:00,112440.43670744007,112600.27247601023,159.83576857016305,0.14194971739896675,-1.0
2024-01-18 22:00:00,112391.27297499325,112600.27247601023,208.9995010169805,0.1856118963313418,-1.0
2024-01-18 23:00:00,112319.12406449931,112600.27247601023,281.1484115109197,0.24968715024274837,-1.0
2024-01-19 00:00:00,112480.323569391,112600.27247601023,119.94890661923273,0.10652630227408033,-1.0
2024-01-19 01:00:00,112456.94139679123,112600.27247601023,143.33107921900228,0.12729194705060712,-1.0
2024-01-19 02:00:00,112505.02458684696,112600.27247601023,95.24788916326361,0.08458939491781108,-1.0
2024-01-19 03:00:00,112365.57569612106,112600.27247601023,234.696779889171,0.20843358077945484,-1.0
2024-01-19 04:00:00,112564.42164800459,112600.27247601023,35.85082800564123,0.03183902420243196,-1.0
2024-01-19 05:00:00,112556.7007323764,112600.27247601023,43.57174363383092,0.03869594866487911,-1.0
2024-01-19 06:00:00,112658.88852349362,112658.88852349362,0.0,0.0,-1.0
2024-01-19 07:00:00,112611.37081428629,112658.88852349362,47.51770920732815,0.04217839340516742,-1.0
2024-01-19 08:00:00,112627.46241103979,112658.88852349362,31.426112453831593,0.027894924995002113,-1.0
2024-01-19 09:00:00,112607.50584519758,112658.88852349362,51.38267829603865,0.04560907618516352,-1.0
2024-01-19 10:00:00,112554.74767631578,112658.88852349362,104.14084717784135,0.09243908629200089,-1.0
2024-01-19 11:00:00,112501.4410221997,112658.88852349362,157.44750129392196,0.13975595122358075,-1.0
2024-01-19 12:00:00,112447.4270047364,112658.88852349362,211.4615187572199,0.1877006967924437,-1.0
2024-01-19 13:00:00,112552.84617240014,112658.88852349362,106.04235109347792,0.09412692818406787,-1.0
2024-01-19 14:00:00,112522.42090776567,112658.88852349362,136.4676157279464,0.12113346538075223,-1.0
2024-01-19 15:00:00,112451.81715753728,112658.88852349362,207.07136595633347,0.18380384243996095,-1.0
2024-01-19 16:00:00,112461.58913809879,112658.88852349362,197.29938539482828,0.17512988809017402,-1.0
2024-01-19 17:00:00,112369.67995717068,112658.88852349362,289.20856632293726,0.2567117163264276,-1.0
2024-01-19 18:00:00,112551.0057249302,112658.88852349362,107.8827985634125,0.09576057422305821,-1.0
2024-01-19 19:00:00,112625.46214798113,112658.88852349362,33.42637551248481,0.029670428983075006,-1.0
2024-01-19 20:00:00,112595.46825393899,112658.88852349362,63.42026955462643,0.05629406643879761,-1.0
2024-01-19 21:00:00,112632.56627920356,112658.88852349362,26.322244290058734,0.023364551732258175,-1.0
2024-01-19 22:00:00,112641.53019929978,112658.88852349362,17.35832419383223,0.015407860330711828,-1.0
2024-01-19 23:00:00,112676.52710517585,112676.52710517585,0.0,0.0,-1.0
2024-01-20 00:00:00,112715.25731152546,112715.25731152546,0.0,0.0,-1.0
2024-01-20 01:00:00,112736.43644404187,112736.43644404187,0.0,0.0,-1.0
2024-01-20 02:00:00,112729.83841213773,112736.43644404187,6.598031904140953,0.005852617052886862,-1.0
2024-01-20 03:00:00,112621.07004584545,112736.43644404187,115.36639819642005,0.10233284094772997,-1.0
2024-01-20 04:00:00,112698.9906219656,112736.43644404187,37.44582207627536,0.03321536785922984,-1.0
2024-01-20 05:00:00,112808.64455684437,112808.64455684437,0.0,0.0,-1.0
2024-01-20 06:00:00,112801.5641256117,112808.64455684437,7.0804312326799845,0.006276497036636362,-1.0
2024-01-20 07:00:00,112819.0902664369,112819.0902664369,0.0,0.0,-1.0
2024-01-20 08:00:00,112806.53184629025,112819.0902664369,12.558420146655408,0.011131467304865755,-1.0
2024-01-20 09:00:00,112852.2993366443,112852.2993366443,0.0,0.0,-1.0
2024-01-20 10:00:00,112948.228811408,112948.228811408,0.0,0.0,-1.0
2024-01-20 11:00:00,112958.24379638593,112958.24379638593,0.0,0.0,-1.0
2024-01-20 12:00:00,112903.27697160005,112958.24379638593,54.966824785879,0.0486611892487989,-1.0
2024-01-20 13:00:00,112950.30654950191,112958.24379638593,7.937246884015622,0.007026708823769418,-1.0
2024-01-20 14:00:00,113029.39067004138,113029.39067004138,0.0,0.0,-1.0
2024-01-20 15:00:00,113160.11597751798,113160.11597751798,0.0,0.0,-1.0
2024-01-20 16:00:00,113201.85068072769,113201.85068072769,0.0,0.0,-1.0
2024-01-20 17:00:00,113351.0801819657,113351.0801819657,0.0,0.0,-1.0
2024-01-20 18:00:00,113300.3060536319,113351.0801819657,50.77412833381095,0.044793687234653434,-1.0
2024-01-20 19:00:00,113298.08750655537,113351.0801819657,52.99267541033623,0.04675092228963817,-1.0
2024-01-20 20:00:00,113365.2783162435,113365.2783162435,0.0,0.0,-1.0
2024-01-20 21:00:00,113319.03619933265,113365.2783162435,46.242116910842014,0.04079037038293606,-1.0
2024-01-20 22:00:00,113312.12787306562,113365.2783162435,53.15044317787397,0.04688423472097482,-1.0
2024-01-20 23:00:00,113283.82369224298,113365.2783162435,81.45462400051474,0.07185147446406749,-1.0
2024-01-21 00:00:00,113471.92567044242,113471.92567044242,0.0,0.0,-1.0
2024-01-21 01:00:00,113514.10518756873,113514.10518756873,0.0,0.0,-1.0
2024-01-21 02:00:00,113617.17483033614,113617.17483033614,0.0,0.0,-1.0
2024-01-21 03:00:00,113593.69147171092,113617.17483033614,23.483358625220717,0.020668845762349116,-1.0
2024-01-21 04:00:00,113687.61698318398,113687.61698318398,0.0,0.0,-1.0
2024-01-21 05:00:00,113666.0151308396,113687.61698318398,21.60185234437813,0.019001060025361734,-1.0
2024-01-21 06:00:00,113629.96407148088,113687.61698318398,57.65291170310229,0.05071168983305365,-1.0
2024-01-21 07:00:00,113738.31976075837,113738.31976075837,0.0,0.0,-1.0
2024-01-21 08:00:00,113719.18179960837,113738.31976075837,19.1379611500015,0.016826309013758107,-1.0
2024-01-21 09:00:00,113705.70384243541,113738.31976075837,32.61591832296108,0.028676279367909317,-1.0
2024-01-21 10:00:00,113736.78358054541,113738.31976075837,1.5361802129627904,0.0013506267862880795,-1.0
2024-01-21 11:00:00,113750.30944602333,113750.30944602333,0.0,0.0,-1.0
2024-01-21 12:00:00,113761.44033711975,113761.44033711975,0.0,0.0,-1.0
2024-01-21 13:00:00,113776.85315361753,113776.85315361753,0.0,0.0,-1.0
2024-01-21 14:00:00,113781.641170676,113781.641170676,0.0,0.0,-1.0
2024-01-21 15:00:00,114040.34831595035,114040.34831595035,0.0,0.0,-1.0
2024-01-21 16:00:00,114003.1775539692,114040.34831595035,37.17076198114955,0.03259439534345112,-1.0
2024-01-21 17:00:00,114201.18560209512,114201.18560209512,0.0,0.0,-1.0
2024-01-21 18:00:00,114313.95683428917,114313.95683428917,0.0,0.0,-1.0
2024-01-21 19:00:00,114461.71280334437,114461.71280334437,0.0,0.0,-1.0
2024-01-01 01:00:00,114564.01155307905,114564.01155307905,0.0,0.0,-1.0
2024-01-01 02:00:00,114789.27374121858,114789.27374121858,0.0,0.0,-1.0
2024-01-01 03:00:00,114771.4706242877,114789.27374121858,17.803116930881515,0.015509390686639361,-1.0
2024-01-01 04:00:00,114886.24824336317,114886.24824336317,0.0,0.0,-1.0
2024-01-01 05:00:00,115065.68607860882,115065.68607860882,0.0,0.0,-1.0
2024-01-01 06:00:00,115095.97866284312,115095.97866284312,0.0,0.0,-1.0
2024-01-01 07:00:00,115130.99612993498,115130.99612993498,0.0,0.0,-1.0
2024-01-01 08:00:00,115204.50506948744,115204.50506948744,0.0,0.0,-1.0
2024-01-01 09:00:00,115180.71437930068,115204.50506948744,23.790690186753636,0.02065083320518056,-1.0
2024-01-01 10:00:00,115117.65079615869,115204.50506948744,86.85427332874679,0.07539138619306532,-1.0
2024-01-01 11:00:00,115109.01800282368,115204.50506948744,95.48706666375801,0.08288483736479182,-1.0
2024-01-01 12:00:00,115143.65340768786,115204.50506948744,60.851661799577414,0.05282055746246534,-1.0
2024-01-01 13:00:00,115055.49462508917,115204.50506948744,149.01044439827092,0.1293442858926332,-1.0
2024-01-01 14:00:00,115058.51262665432,115204.50506948744,145.99244283311418,0.12672459531426875,-1.0
2024-01-01 15:00:00,115089.20771204971,115204.50506948744,115.29735743772471,0.10008059786219409,-1.0
2024-01-01 16:00:00,115033.08971663687,115204.50506948744,171.41535285057034,0.14879223060519936,-1.0
2024-01-01 17:00:00,115002.73105161167,115204.50506948744,201.77401787576673,0.17514420790581367,-1.0
2024-01-01 18:00:00,115020.62572927478,115204.50506948744,183.8793402126612,0.15961124098554255,-1.0
2024-01-01 19:00:00,115163.50876506213,115204.50506948744,40.99630442530906,0.03558567818210016,-1.0
2024-01-01 20:00:00,115222.6726939501,115222.6726939501,0.0,0.0,-1.0
2024-01-01 21:00:00,115194.2190618981,115222.6726939501,28.453632051998284,0.02469447322019313,-1.0
2024-01-01 22:00:00,115156.59598772058,115222.6726939501,66.07670622951991,0.05734696538851363,-1.0
2024-01-01 23:00:00,115217.70340630785,115222.6726939501,4.969287642248673,0.004312768942140319,-1.0
2024-01-02 00:00:00,115232.30805701346,115232.30805701346,0.0,0.0,-1.0
2024-01-02 01:00:00,115247.59947731749,115247.59947731749,0.0,0.0,-1.0
2024-01-02 02:00:00,115497.24866583206,115497.24866583206,0.0,0.0,-1.0
2024-01-02 03:00:00,115632.46536132054,115632.46536132054,0.0,0.0,-1.0
2024-01-02 04:00:00,115658.79616999801,115658.79616999801,0.0,0.0,-1.0
2024-01-02 05:00:00,115704.91881418863,115704.91881418863,0.0,0.0,-1.0
2024-01-02 06:00:00,115821.90822041946,115821.90822041946,0.0,0.0,-1.0
2024-01-02 07:00:00,115848.43103648357,115848.43103648357,0.0,0.0,-1.0
2024-01-02 08:00:00,115829.72745191808,115848.43103648357,18.70358456549002,0.016144875159854164,-1.0
2024-01-02 09:00:00,115871.12595059174,115871.12595059174,0.0,0.0,-1.0
2024-01-02 10:00:00,115882.66521522692,115882.66521522692,0.0,0.0,-1.0
2024-01-02 11:00:00,115818.54245160322,115882.66521522692,64.12276362370176,0.05533421543645689,-1.0
2024-01-02 12:00:00,115823.26020809726,115882.66521522692,59.405007129666046,0.05126306598086446,-1.0
2024-01-02 13:00:00,115731.47428480987,115882.66521522692,151.19093041705491,0.13046897923537618,-1.0
2024-01-02 14:00:00,115755.03080343622,115882.66521522692,127.63441179069923,0.11014107377807197,-1.0
2024-01-02 15:00:00,115811.34667995012,115882.66521522692,71.31853527680505,0.061543747845587034,-1.0
2024-01-02 16:00:00,115882.56878663586,115882.66521522692,0.09642859105952084,8.32122655104848e-05,-1.0
2024-01-02 17:00:00,115996.73928781107,115996.73928781107,0.0,0.0,-1.0
2024-01-02 18:00:00,116028.70655145202,116028.70655145202,0.0,0.0,-1.0
2024-01-02 19:00:00,115981.73762145014,116028.70655145202,46.968930001879926,0.04048043919290949,-1.0
2024-01-02 20:00:00,116004.12061045157,116028.70655145202,24.585941000448656,0.0211895329450615,-1.0
2024-01-02 21:00:00,115973.49428954747,116028.70655145202,55.21226190455491,0.047585001630670996,-1.0
2024-01-02 22:00:00,116135.73570352688,116135.73570352688,0.0,0.0,-1.0
2024-01-02 23:00:00,116086.00161448686,116135.73570352688,49.73408904002281,0.0428241046898646,-1.0
2024-01-03 00:00:00,116169.78620271542,116169.78620271542,0.0,0.0,-1.0
2024-01-03 01:00:00,116118.47090543875,116169.78620271542,51.3152972766693,0.044172670841559854,-1.0
2024-01-03 02:00:00,116203.53570171757,116203.53570171757,0.0,0.0,-1.0
2024-01-03 03:00:00,116279.4351779576,116279.4351779576,0.0,0.0,-1.0
2024-01-03 04:00:00,116303.28590116785,116303.28590116785,0.0,0.0,-1.0
2024-01-03 05:00:00,116375.6756210151,116375.6756210151,0.0,0.0,-1.0
2024-01-03 06:00:00,116272.1892560797,116375.6756210151,103.48636493540835,0.08892439453792592,-1.0
2024-01-03 07:00:00,116304.33428662822,116375.6756210151,71.34133438688878,0.06130261672483555,-1.0
2024-01-03 08:00:00,116417.3065782888,116417.3065782888,0.0,0.0,-1.0
2024-01-03 09:00:00,116451.43796424061,116451.43796424061,0.0,0.0,-1.0
2024-01-03 10:00:00,116503.52397415915,116503.52397415915,0.0,0.0,-1.0
2024-01-03 11:00:00,116501.38550065717,116503.52397415915,2.1384735019819345,0.0018355440496857886,-1.0
2024-01-03 12:00:00,116539.52930530165,116539.52930530165,0.0,0.0,-1.0
2024-01-03 13:00:00,116630.92137393983,116630.92137393983,0.0,0.0,-1.0
2024-01-03 14:00:00,116683.84280249129,116683.84280249129,0.0,0.0,-1.0
2024-01-03 15:00:00,116659.98974234847,116683.84280249129,23.85306014282105,0.02044247049970467,-1.0
2024-01-03 16:00:00,116614.50358081558,116683.84280249129,69.33922167570563,0.05942486981087427,-1.0
2024-01-03 17:00:00,116653.36810815406,116683.84280249129,30.474694337230176,0.026117321477673785,-1.0
2024-01-03 18:00:00,116694.12715358972,116694.12715358972,0.0,0.0,-1.0
2024-01-03 19:00:00,116810.91090091906,116810.91090091906,0.0,0.0,-1.0
2024-01-03 20:00:00,116784.88110158834,116810.91090091906,26.02979933071765,0.022283705460354263,-1.0
2024-01-03 21:00:00,116736.55994540465,116810.91090091906,74.35095551441191,0.06365069404987143,-1.0
2024-01-03 22:00:00,116753.76557782968,116810.91090091906,57.145323089382146,0.04892122032834222,-1.0
2024-01-03 23:00:00,116718.89742197844,116810.91090091906,92.01347894061473,0.07877130503559046,-1.0
2024-01-04 00:00:00,116697.87793218376,116810.91090091906,113.03296873529325,0.09676576260172277,-1.0
2024-01-04 01:00:00,116642.93039276662,116810.91090091906,167.98050815243914,0.14380549458682246,-1.0
2024-01-04 02:00:00,116618.20546270344,116810.91090091906,192.70543821562023,0.1649721218072481,-1.0
2024-01-04 03:00:00,116695.13403616646,116810.91090091906,115.77686475259543,0.09911476921089955,-1.0
2024-01-04 04:00:00,116678.63439696148,116810.91090091906,132.2765039575752,0.11323985314160788,-1.0
2024-01-04 05:00:00,116819.09252627825,116819.09252627825,0.0,0.0,-1.0
2024-01-04 06:00:00,116905.7341857235,116905.7341857235,0.0,0.0,-1.0
2024-01-04 07:00:00,117227.71929061248,117227.71929061248,0.0,0.0,-1.0
2024-01-04 08:00:00,117239.68931411924,117239.68931411924,0.0,0.0,-1.0
2024-01-04 09:00:00,117175.85031130583,117239.68931411924,63.8390028134163,0.05445169906785835,-1.0
2024-01-04 10:00:00,117162.3350146694,117239.68931411924,77.35429944984207,0.0659796182524737,-1.0
2024-01-04 11:00:00,117152.28508875941,117239.68931411924,87.40422535983089,0.0745517374458828,-1.0
2024-01-04 12:00:00,117122.7398392242,117239.68931411924,116.94947489503829,0.09975246060376075,-1.0
2024-01-04 13:00:00,117120.64427259365,117239.68931411924,119.04504152559093,0.10153988143608486,-1.0
2024-01-04 14:00:00,117089.90839010563,117239.68931411924,149.7809240136121,0.1277561591043673,-1.0
2024-01-04 15:00:00,117098.22118206335,117239.68931411924,141.46813205588842,0.12066573434603202,-1.0
2024-01-04 16:00:00,117020.5261650417,117239.68931411924,219.16314907754713,0.18693596883419342,-1.0
2024-01-04 17:00:00,117061.29250391337,117239.68931411924,178.3968102058716,0.1521641785725776,-1.0
2024-01-04 18:00:00,116993.16088886735,117239.68931411924,246.52842525189044,0.2102772761461087,-1.0
2024-01-04 19:00:00,117047.07644470602,117239.68931411924,192.61286941322032,0.16428981562477055,-1.0
2024-01-04 20:00:00,117012.76817314213,117239.68931411924,226.92114097710873,0.1935531749569218,-1.0
2024-01-04 21:00:00,117020.00497598403,117239.68931411924,219.68433813520824,0.18738051885024187,-1.0
2024-01-04 22:00:00,117080.34568712521,117239.68931411924,159.34362699402845,0.1359126998085951,-1.0
2024-01-04 23:00:00,117175.47774037959,117239.68931411924,64.21157373965252,0.05476948473277768,-1.0
2024-01-05 00:00:00,117339.37313329593,117339.37313329593,0.0,0.0,-1.0
2024-01-05 01:00:00,117475.86236830929,117475.86236830929,0.0,0.0,-1.0
2024-01-05 02:00:00,117472.31466197895,117475.86236830929,3.5477063303405885,0.0030199449136349824,-1.0
2024-01-05 03:00:00,117485.69497264449,117485.69497264449,0.0,0.0,-1.0
2024-01-05 04:00:00,117717.49557414974,117717.49557414974,0.0,0.0,-1.0
2024-01-05 05:00:00,117856.83463772436,117856.83463772436,0.0,0.0,-1.0
2024-01-05 06:00:00,117840.09312035287,117856.83463772436,16.741517371483496,0.0142049609790935,-1.0
2024-01-05 07:00:00,117886.20769384848,117886.20769384848,0.0,0.0,-1.0
2024-01-05 08:00:00,117992.51251951404,117992.51251951404,0.0,0.0,-1.0
2024-01-05 09:00:00,117949.00152546336,117992.51251951404,43.51099405068089,0.036876063676909064,-1.0
2024-01-05 10:00:00,117936.77263385609,117992.51251951404,55.73988565795298,0.047240188777855296,-1.0
2024-01-05 11:00:00,117872.88233931677,117992.51251951404,119.63018019727315,0.10138794203360002,-1.0
2024-01-05 12:00:00,117776.48153515949,117992.51251951404,216.03098435455468,0.18308872295504908,-1.0
2024-01-05 13:00:00,117733.51992351086,117992.51251951404,258.9925960031833,0.21949917878081468,-1.0
2024-01-05 14:00:00,117733.42316625807,117992.51251951404,259.0893532559712,0.21958118165601573,-1.0
2024-01-05 15:00:00,117818.46387621664,117992.51251951404,174.0486432973994,0.14750821012359966,-1.0
2024-01-05 16:00:00,117780.53782140664,117992.51251951404,211.97469810739858,0.17965097410087053,-1.0
2024-01-05 17:00:00,117665.23686722595,117992.51251951404,327.27565228809544,0.2773698477129804,-1.0
2024-01-05 18:00:00,117857.8978651716,117992.51251951404,134.6146543424402,0.11408745476131556,-1.0
2024-01-05 19:00:00,117940.52131470443,117992.51251951404,51.99120480961574,0.04406313900724611,-1.0
2024-01-05 20:00:00,118139.97827293773,118139.97827293773,0.0,0.0,-1.0
2024-01-05 21:00:00,118194.92191681116,118194.92191681116,0.0,0.0,-1.0
2024-01-05 22:00:00,118219.31030351408,118219.31030351408,0.0,0.0,-1.0
2024-01-05 23:00:00,118216.67604678175,118219.31030351408,2.634256732329959,0.0022282795641142016,-1.0
2024-01-06 00:00:00,118259.86398164612,118259.86398164612,0.0,0.0,-1.0
2024-01-06 01:00:00,118392.35170350612,118392.35170350612,0.0,0.0,-1.0
2024-01-06 02:00:00,118454.56307423927,118454.56307423927,0.0,0.0,-1.0
2024-01-06 03:00:00,118425.97830373685,118454.56307423927,28.584770502420724,0.024131422007361365,-1.0
2024-01-06 04:00:00,118333.14592899373,118454.56307423927,121.4171452455339,0.10250102832208995,-1.0
2024-01-06 05:00:00,118401.4975043204,118454.56307423927,53.06556991886464,0.04479824883200721,-1.0
2024-01-06 06:00:00,118564.23117532009,118564.23117532009,0.0,0.0,-1.0
2024-01-06 07:00:00,118739.9765017117,118739.9765017117,0.0,0.0,-1.0
2024-01-06 08:00:00,118819.2387985569,118819.2387985569,0.0,0.0,-1.0
2024-01-06 09:00:00,118778.69038453263,118819.2387985569,40.548414024262456,0.03412613515645156,-1.0
2024-01-06 10:00:00,118809.80013875339,118819.2387985569,9.438659803505288,0.007943713407815507,-1.0
2024-01-06 11:00:00,118804.18552084752,118819.2387985569,15.053277709375834,0.012669057520976697,-1.0
2024-01-06 12:00:00,118849.93149406939,118849.93149406939,0.0,0.0,-1.0
2024-01-06 13:00:00,118786.69489729076,118849.93149406939,63.23659677863179,0.0532070956909111,-1.0
2024-01-06 14:00:00,119029.99581544643,119029.99581544643,0.0,0.0,-1.0
2024-01-06 15:00:00,119164.06769137127,119164.06769137127,0.0,0.0,-1.0
2024-01-06 16:00:00,119192.91763171417,119192.91763171417,0.0,0.0,-1.0
2024-01-06 17:00:00,119198.89289062552,119198.89289062552,0.0,0.0,-1.0
2024-01-06 18:00:00,119280.27286402459,119280.27286402459,0.0,0.0,-1.0
2024-01-06 19:00:00,119348.75335474784,119348.75335474784,0.0,0.0,-1.0
2024-01-06 20:00:00,119486.3209236294,119486.3209236294,0.0,0.0,-1.0
2024-01-06 21:00:00,119670.09840012099,119670.09840012099,0.0,0.0,-1.0
2024-01-06 22:00:00,119630.36115233244,119670.09840012099,39.73724778855103,0.03320566149756826,-1.0
2024-01-06 23:00:00,119619.38694449379,119670.09840012099,50.71145562719903,0.042376045733365716,-1.0
2024-01-07 00:00:00,119640.2164585089,119670.09840012099,29.8819416120823,0.024970265765280004,-1.0
2024-01-07 01:00:00,119674.5741097535,119674.5741097535,0.0,0.0,-1.0
2024-01-07 02:00:00,119702.1690744685,119702.1690744685,0.0,0.0,-1.0
2024-01-07 03:00:00,119682.24670069323,119702.1690744685,19.922373775276355,0.016643285522154865,-1.0
2024-01-07 04:00:00,119657.34473023923,119702.1690744685,44.824344229273265,0.03744655972055725,-1.0
2024-01-07 05:00:00,119581.97075068789,119702.1690744685,120.19832378061255,0.1004144909904142,-1.0
2024-01-07 06:00:00,119695.70098429103,119702.1690744685,6.468090177470003,0.005403486192005516,-1.0
2024-01-07 07:00:00,119711.04700603292,119711.04700603292,0.0,0.0,-1.0
2024-01-07 08:00:00,119744.85563572377,119744.85563572377,0.0,0.0,-1.0
2024-01-07 09:00:00,119752.97057997619,119752.97057997619,0.0,0.0,-1.0
2024-01-07 10:00:00,119597.67316712582,119752.97057997619,155.29741285037016,0.12968147019505946,-1.0
2024-01-07 11:00:00,119712.94789575358,119752.97057997619,40.02268422261113,0.0334210366797392,-1.0
2024-01-07 12:00:00,119649.64959717324,119752.97057997619,103.32098280295031,0.08627842992332964,-1.0
2024-01-07 13:00:00,119575.23215732047,119752.97057997619,177.73842265571875,0.14842088826265684,-1.0
2024-01-07 14:00:00,119491.17978780674,119752.97057997619,261.7907921694423,0.21860901729749338,-1.0
2024-01-07 15:00:00,119399.76474999539,119752.97057997619,353.2058299807977,0.2949453598271382,-1.0
2024-01-07 16:00:00,119497.08299814865,119752.97057997619,255.887581827541,0.2136795276044098,-1.0
2024-01-07 17:00:00,119462.83562851208,119752.97057997619,290.13495146410423,0.24227787424307745,-1.0
2024-01-07 18:00:00,119416.30720521268,119752.97057997619,336.663374763506,0.2811315436544162,-1.0
2024-01-07 19:00:00,119412.23050744078,119752.97057997619,340.7400725354091,0.284535799726027,-1.0
2024-01-07 20:00:00,119398.75584947439,119752.97057997619,354.21473050180066,0.29578784458231105,-1.0
2024-01-07 21:00:00,119432.99868642954,119752.97057997619,319.9718935466517,0.26719328296992906,-1.0
2024-01-07 22:00:00,119624.01623633623,119752.97057997619,128.95434363995446,0.10768362823520375,-1.0
2024-01-07 23:00:00,119610.31214690505,119752.97057997619,142.6584330711339,0.11912726037627641,-1.0
2024-01-08 00:00:00,119660.40312236539,119752.97057997619,92.56745761079947,0.07729867339614672,-1.0
2024-01-08 01:00:00,119710.42675279148,119752.97057997619,42.54382718470879,0.03552632304540303,-1.0
2024-01-08 02:00:00,119792.19537228851,119792.19537228851,0.0,0.0,-1.0
2024-01-08 03:00:00,120005.87164961689,120005.87164961689,0.0,0.0,-1.0
2024-01-08 04:00:00,119976.00516941499,120005.87164961689,29.86648020190478,0.02488751574515156,-1.0
2024-01-08 05:00:00,119892.79496305133,120005.87164961689,113.07668656556052,0.09422596162270491,-1.0
2024-01-08 06:00:00,119825.61983988639,120005.87164961689,180.2518097305001,0.15020249197204638,-1.0
2024-01-08 07:00:00,119793.91245369866,120005.87164961689,211.95919591822894,0.17662402097881483,-1.0
2024-01-08 08:00:00,119810.28453568787,120005.87164961689,195.58711392902478,0.16298128686576577,-1.0
2024-01-08 09:00:00,119792.89870626977,120005.87164961689,212.97294334712205,0.17746876916901422,-1.0
2024-01-08 10:00:00,119813.83463799549,120005.87164961689,192.0370116214035,0.16002301302564353,-1.0
2024-01-08 11:00:00,119758.85557845382,120005.87164961689,247.01607116307423,0.20583665429662565,-1.0
2024-01-08 12:00:00,119727.73949904669,120005.87164961689,278.13215057020716,0.23176545176245553,-1.0
2024-01-08 13:00:00,119776.44787660445,120005.87164961689,229.42377301244414,0.19117712313468835,-1.0
2024-01-08 14:00:00,119880.0539478708,120005.87164961689,125.81770174609846,0.10484295477928818,-1.0
2024-01-08 15:00:00,119908.89480654342,120005.87164961689,96.97684307346935,0.08081008182384128,-1.0
2024-01-08 16:00:00,120081.53249639836,120081.53249639836,0.0,0.0,-1.0
2024-01-08 17:00:00,120158.58571543817,120158.58571543817,0.0,0.0,-1.0
2024-01-08 18:00:00,120158.93193548042,120158.93193548042,0.0,0.0,-1.0
2024-01-08 19:00:00,120199.64294614711,120199.64294614711,0.0,0.0,-1.0
2024-01-08 20:00:00,120247.23325575929,120247.23325575929,0.0,0.0,-1.0
2024-01-08 21:00:00,120278.88287427809,120278.88287427809,0.0,0.0,-1.0
2024-01-08 22:00:00,120421.47716561933,120421.47716561933,0.0,0.0,-1.0
2024-01-08 23:00:00,120484.83356772816,120484.83356772816,0.0,0.0,-1.0
2024-01-09 00:00:00,120448.13810244449,120484.83356772816,36.69546528367209,0.030456501616898085,-1.0
2024-01-09 01:00:00,120443.64577300899,120484.83356772816,41.18779471916787,0.03418504512106494,-1.0
2024-01-09 02:00:00,120609.62603274033,120609.62603274033,0.0,0.0,-1.0
2024-01-09 03:00:00,120750.20747829837,120750.20747829837,0.0,0.0,-1.0
2024-01-09 04:00:00,120962.02750958776,120962.02750958776,0.0,0.0,-1.0
2024-01-09 05:00:00,120937.41150132484,120962.02750958776,24.61600826292124,0.020350194825372047,-1.0
2024-01-09 06:00:00,121074.75553914341,121074.75553914341,0.0,0.0,-1.0
2024-01-09 07:00:00,121029.50402898989,121074.75553914341,45.25151015352458,0.037374851555157414,-1.0
2024-01-09 08:00:00,121032.5673874155,121074.75553914341,42.188151727910736,0.03484471353260038,-1.0
2024-01-09 09:00:00,121196.00037983271,121196.00037983271,0.0,0.0,-1.0
2024-01-09 10:00:00,121343.5143468248,121343.5143468248,0.0,0.0,-1.0
2024-01-09 11:00:00,121426.76019017873,121426.76019017873,0.0,0.0,-1.0
2024-01-09 12:00:00,121411.03810367627,121426.76019017873,15.722086502457387,0.012947793779421799,-1.0
2024-01-09 13:00:00,121406.45162436673,121426.76019017873,20.308565811996232,0.016724950727655858,-1.0
2024-01-09 14:00:00,121392.4206934581,121426.76019017873,34.3394967206259,0.028280007361510217,-1.0
2024-01-09 15:00:00,121362.604386135,121426.76019017873,64.15580404372304,0.05283497965624887,-1.0
2024-01-09 16:00:00,121410.14886227385,121426.76019017873,16.61132790487318,0.01368012115192442,-1.0
2024-01-09 17:00:00,121340.65100504666,121426.76019017873,86.10918513206707,0.07091450434583181,-1.0
2024-01-09 18:00:00,121282.90431592551,121426.76019017873,143.85587425321864,0.11847131063030208,-1.0
2024-01-09 19:00:00,121312.01655194777,121426.76019017873,114.74363823095337,0.0944961704086,-1.0
2024-01-09 20:00:00,121336.67231560785,121426.76019017873,90.08787457087601,0.07419112099324753,-1.0
2024-01-09 21:00:00,121388.56448850929,121426.76019017873,38.19570166943595,0.03145575292432558,-1.0
2024-01-09 22:00:00,121468.74599167886,121468.74599167886,0.0,0.0,-1.0
2024-01-09 23:00:00,121471.70181857284,121471.70181857284,0.0,0.0,-1.0
2024-01-10 00:00:00,121583.52808977372,121583.52808977372,0.0,0.0,-1.0
2024-01-10 01:00:00,121592.6607580638,121592.6607580638,0.0,0.0,-1.0
2024-01-10 02:00:00,121534.18972293279,121592.6607580638,58.47103513100592,0.0480876351964592,-1.0
2024-01-10 03:00:00,121413.74303318487,121592.6607580638,178.91772487892013,0.14714516794308627,-1.0
2024-01-10 04:00:00,121368.06749121971,121592.6607580638,224.59326684408006,0.1847095584913298,-1.0
2024-01-10 05:00:00,121430.72106114934,121592.6607580638,161.93969691445818,0.13318213114578847,-1.0
2024-01-10 06:00:00,121582.53575469929,121592.6607580638,10.125003364504664,0.008326985610299832,-1.0
2024-01-10 07:00:00,121676.28452995761,121676.28452995761,0.0,0.0,-1.0
2024-01-10 08:00:00,121692.65959247122,121692.65959247122,0.0,0.0,-1.0
2024-01-10 09:00:00,121651.78432761384,121692.65959247122,40.8752648573718,0.03358893214615932,-1.0
2024-01-10 10:00:00,121721.12601565216,121721.12601565216,0.0,0.0,-1.0
2024-01-10 11:00:00,121801.36480440873,121801.36480440873,0.0,0.0,-1.0
2024-01-10 12:00:00,121815.91065731042,121815.91065731042,0.0,0.0,-1.0
2024-01-10 13:00:00,121805.34586484023,121815.91065731042,10.564792470191605,0.008672752527305094,-1.0
2024-01-10 14:00:00,121862.21164267254,121862.21164267254,0.0,0.0,-1.0
2024-01-10 15:00:00,121990.11055052173,121990.11055052173,0.0,0.0,-1.0
2024-01-10 16:00:00,121992.71443140868,121992.71443140868,0.0,0.0,-1.0
2024-01-10 17:00:00,122051.05901278622,122051.05901278622,0.0,0.0,-1.0
2024-01-10 18:00:00,122100.25859815988,122100.25859815988,0.0,0.0,-1.0
2024-01-10 19:00:00,122074.48494572463,122100.25859815988,25.77365243525128,0.021108597746769802,-1.0
2024-01-10 20:00:00,122150.06758468866,122150.06758468866,0.0,0.0,-1.0
2024-01-10 21:00:00,122140.83926144963,122150.06758468866,9.228323239032761,0.007554906371733779,-1.0
2024-01-10 22:00:00,122200.81593119714,122200.81593119714,0.0,0.0,-1.0
2024-01-10 23:00:00,122409.29418434386,122409.29418434386,0.0,0.0,-1.0
2024-01-11 00:00:00,122508.75444906659,122508.75444906659,0.0,0.0,-1.0
2024-01-11 01:00:00,122458.1398810876,122508.75444906659,50.614567978991545,0.04131506210034542,-1.0
2024-01-11 02:00:00,122514.27667495052,122514.27667495052,0.0,0.0,-1.0
2024-01-11 03:00:00,122520.26921339842,122520.26921339842,0.0,0.0,-1.0
2024-01-11 04:00:00,122565.38326430619,122565.38326430619,0.0,0.0,-1.0
2024-01-11 05:00:00,122748.33866475729,122748.33866475729,0.0,0.0,-1.0
2024-01-11 06:00:00,122712.19106623229,122748.33866475729,36.14759852499992,0.029448544003291173,-1.0
2024-01-11 07:00:00,122775.81906994751,122775.81906994751,0.0,0.0,-1.0
2024-01-11 08:00:00,122774.55117565021,122775.81906994751,1.2678942972997902,0.0010326905630965075,-1.0
2024-01-11 09:00:00,122809.77352953046,122809.77352953046,0.0,0.0,-1.0
2024-01-11 10:00:00,123130.1736984574,123130.1736984574,0.0,0.0,-1.0
2024-01-11 11:00:00,123219.58102156228,123219.58102156228,0.0,0.0,-1.0
2024-01-11 12:00:00,123210.70774556066,123219.58102156228,8.873276001613704,0.007201189882362092,-1.0
2024-01-11 13:00:00,123200.34537719314,123219.58102156228,19.235644369138754,0.015610866560058093,-1.0
2024-01-11 14:00:00,123265.6997406516,123265.6997406516,0.0,0.0,-1.0
2024-01-11 15:00:00,123219.25286964091,123265.6997406516,46.44687101068848,0.03768028827841947,-1.0
2024-01-11 16:00:00,123206.77413246219,123265.6997406516,58.92560818941274,0.04780373478866462,-1.0
2024-01-11 17:00:00,123513.34886290005,123513.34886290005,0.0,0.0,-1.0
2024-01-11 18:00:00,123597.91669926603,123597.91669926603,0.0,0.0,-1.0
2024-01-11 19:00:00,123628.6216979921,123628.6216979921,0.0,0.0,-1.0
2024-01-11 20:00:00,123686.84425184627,123686.84425184627,0.0,0.0,-1.0
2024-01-11 21:00:00,123665.36939587655,123686.84425184627,21.47485596971819,0.017362279795894813,-1.0
2024-01-11 22:00:00,123824.24154572788,123824.24154572788,0.0,0.0,-1.0
2024-01-11 23:00:00,123892.02357789587,123892.02357789587,0.0,0.0,-1.0
2024-01-12 00:00:00,123951.3791016324,123951.3791016324,0.0,0.0,-1.0
2024-01-12 01:00:00,124001.09115890831,124001.09115890831,0.0,0.0,-1.0
2024-01-12 02:00:00,124055.96481674616,124055.96481674616,0.0,0.0,-1.0
2024-01-12 03:00:00,124059.22206588836,124059.22206588836,0.0,0.0,-1.0
2024-01-12 04:00:00,124103.55151370745,124103.55151370745,0.0,0.0,-1.0
2024-01-12 05:00:00,124039.86589543374,124103.55151370745,63.68561827371013,0.051316515520247574,-1.0
2024-01-12 06:00:00,123944.48108072496,124103.55151370745,159.07043298249482,0.12817556874262798,-1.0
2024-01-12 07:00:00,123964.46801487292,124103.55151370745,139.08349883453047,0.11207052267087494,-1.0
2024-01-12 08:00:00,123899.83276447924,124103.55151370745,203.71874922821007,0.1641522315384415,-1.0
2024-01-12 09:00:00,124007.31000441388,124103.55151370745,96.24150929356983,0.07754935948222222,-1.0
2024-01-12 10:00:00,124042.2702564263,124103.55151370745,61.28125728115265,0.049379132614415164,-1.0
2024-01-12 11:00:00,124192.43257419938,124192.43257419938,0.0,0.0,-1.0
2024-01-12 12:00:00,124129.56022054228,124192.43257419938,62.87235365710512,0.050624947393265465,-1.0
2024-01-12 13:00:00,124252.42028563679,124252.42028563679,0.0,0.0,-1.0
2024-01-12 14:00:00,124260.68428380796,124260.68428380796,0.0,0.0,-1.0
2024-01-12 15:00:00,124270.18493281923,124270.18493281923,0.0,0.0,-1.0
2024-01-12 16:00:00,124435.09684217053,124435.09684217053,0.0,0.0,-1.0
2024-01-12 17:00:00,124515.71980753767,124515.71980753767,0.0,0.0,-1.0
2024-01-12 18:00:00,124394.89269686573,124515.71980753767,120.82711067193304,0.09703763577698779,-1.0
2024-01-12 19:00:00,124505.82134412097,124515.71980753767,9.898463416699087,0.007949569284905563,-1.0
2024-01-12 20:00:00,124606.39515312706,124606.39515312706,0.0,0.0,-1.0
2024-01-12 21:00:00,124591.6101498054,124606.39515312706,14.785003321652766,0.011865364778014548,-1.0
2024-01-12 22:00:00,124599.26831719109,124606.39515312706,7.126835935967392,0.005719478464335096,-1.0
2024-01-12 23:00:00,124645.39477135162,124645.39477135162,0.0,0.0,-1.0
2024-01-13 00:00:00,124837.03955348356,124837.03955348356,0.0,0.0,-1.0
2024-01-13 01:00:00,124838.44692591764,124838.44692591764,0.0,0.0,-1.0
2024-01-13 02:00:00,124774.21400799316,124838.44692591764,64.23291792448435,0.05145283324663742,-1.0
2024-01-13 03:00:00,124731.75299303619,124838.44692591764,106.69393288144784,0.08546560415379309,-1.0
2024-01-13 04:00:00,124803.9293196611,124838.44692591764,34.51760625654424,0.0276498203129905,-1.0
2024-01-13 05:00:00,124865.76334083884,124865.76334083884,0.0,0.0,-1.0
2024-01-13 06:00:00,124948.95736972196,124948.95736972196,0.0,0.0,-1.0
2024-01-13 07:00:00,125075.97589047793,125075.97589047793,0.0,0.0,-1.0
2024-01-13 08:00:00,125031.72605253391,125075.97589047793,44.24983794402215,0.03537836713164586,-1.0
2024-01-13 09:00:00,125036.7187121039,125075.97589047793,39.25717837402772,0.031386665660240815,-1.0
2024-01-13 10:00:00,125181.78569840516,125181.78569840516,0.0,0.0,-1.0
2024-01-13 11:00:00,125230.05111560387,125230.05111560387,0.0,0.0,-1.0
2024-01-13 12:00:00,125253.69135604761,125253.69135604761,0.0,0.0,-1.0
2024-01-13 13:00:00,125442.64739564019,125442.64739564019,0.0,0.0,-1.0
2024-01-13 14:00:00,125499.2825817999,125499.2825817999,0.0,0.0,-1.0
2024-01-13 15:00:00,125631.42529988801,125631.42529988801,0.0,0.0,-1.0
2024-01-13 16:00:00,125672.24397935039,125672.24397935039,0.0,0.0,-1.0
2024-01-13 17:00:00,125607.97326539144,125672.24397935039,64.27071395894745,0.05114153445808446,-1.0
2024-01-13 18:00:00,125621.03081605278,125672.24397935039,51.213163297608844,0.040751371723754565,-1.0
2024-01-13 19:00:00,125810.32221957394,125810.32221957394,0.0,0.0,-1.0
2024-01-13 20:00:00,125782.8956187595,125810.32221957394,27.426600814433186,0.021799960711145906,-1.0
2024-01-13 21:00:00,125735.63236133641,125810.32221957394,74.68985823752882,0.05936703516836583,-1.0
2024-01-13 22:00:00,125750.42377874961,125810.32221957394,59.898440824326826,0.04761011637804044,-1.0
2024-01-13 23:00:00,125836.09924107313,125836.09924107313,0.0,0.0,-1.0
2024-01-14 00:00:00,125884.91491857117,125884.91491857117,0.0,0.0,-1.0
2024-01-14 01:00:00,125959.7379017744,125959.7379017744,0.0,0.0,-1.0
2024-01-14 02:00:00,125887.92614154416,125959.7379017744,71.81176023023727,0.057011678038134166,-1.0
2024-01-14 03:00:00,125995.2841673722,125995.2841673722,0.0,0.0,-1.0
2024-01-14 04:00:00,126197.69199579943,126197.69199579943,0.0,0.0,-1.0
2024-01-14 05:00:00,126215.5179326167,126215.5179326167,0.0,0.0,-1.0
2024-01-14 06:00:00,126224.24457818067,126224.24457818067,0.0,0.0,-1.0
2024-01-14 07:00:00,126313.04951769994,126313.04951769994,0.0,0.0,-1.0
2024-01-14 08:00:00,126421.8846157115,126421.8846157115,0.0,0.0,-1.0
2024-01-14 09:00:00,126584.87527759578,126584.87527759578,0.0,0.0,-1.0
2024-01-14 10:00:00,126576.10828620661,126584.87527759578,8.7669913891732,0.0069257811171733775,-1.0
2024-01-14 11:00:00,126572.69223892869,126584.87527759578,12.18303866709175,0.009624403105327405,-1.0
2024-01-14 12:00:00,126615.64611395336,126615.64611395336,0.0,0.0,-1.0
2024-01-14 13:00:00,126574.2711040522,126615.64611395336,41.37500990116678,0.03267764385448028,-1.0
2024-01-14 14:00:00,126593.74080831878,126615.64611395336,21.90530563458742,0.017300630930614035,-1.0
2024-01-14 15:00:00,126544.04260796301,126615.64611395336,71.60350599035155,0.05655186241825817,-1.0
2024-01-14 16:00:00,126576.03919473175,126615.64611395336,39.60691922160913,0.03128122032087814,-1.0
2024-01-14 17:00:00,126559.28101904319,126615.64611395336,56.36509491017205,0.044516690188070265,-1.0
2024-01-14 18:00:00,126650.33654906263,126650.33654906263,0.0,0.0,-1.0
2024-01-14 19:00:00,126696.62646227318,126696.62646227318,0.0,0.0,-1.0
2024-01-14 20:00:00,126827.52139902145,126827.52139902145,0.0,0.0,-1.0
2024-01-14 21:00:00,126815.53412235787,126827.52139902145,11.987276663581724,0.009451636783050948,-1.0
2024-01-14 22:00:00,126896.85298979901,126896.85298979901,0.0,0.0,-1.0
2024-01-14 23:00:00,127085.36239698318,127085.36239698318,0.0,0.0,-1.0
2024-01-15 00:00:00,127056.01930399897,127085.36239698318,29.34309298421431,0.02308927828568782,-1.0
2024-01-15 01:00:00,127058.67754944497,127085.36239698318,26.684847538213944,0.020997577561180564,-1.0
2024-01-15 02:00:00,127192.48996800411,127192.48996800411,0.0,0.0,-1.0
2024-01-15 03:00:00,127230.83722171666,127230.83722171666,0.0,0.0,-1.0
2024-01-15 04:00:00,127402.83535803363,127402.83535803363,0.0,0.0,-1.0
2024-01-15 05:00:00,127565.40742330645,127565.40742330645,0.0,0.0,-1.0
2024-01-15 06:00:00,127633.72241905102,127633.72241905102,0.0,0.0,-1.0
2024-01-15 07:00:00,127787.21968977689,127787.21968977689,0.0,0.0,-1.0
2024-01-15 08:00:00,127669.36667418423,127787.21968977689,117.85301559265645,0.09222597993661867,-1.0
2024-01-15 09:00:00,127718.67020255531,127787.21968977689,68.5494872215786,0.05364346089381474,-1.0
2024-01-15 10:00:00,127864.59090672135,127864.59090672135,0.0,0.0,-1.0
2024-01-15 11:00:00,127852.57669114285,127864.59090672135,12.014215578499716,0.009396045842952894,-1.0
2024-01-15 12:00:00,127947.72711995029,127947.72711995029,0.0,0.0,-1.0
2024-01-15 13:00:00,127860.62443904091,127947.72711995029,87.10268090937461,0.06807677077977034,-1.0
2024-01-15 14:00:00,127874.55054841242,127947.72711995029,73.1765715378715,0.05719255291598018,-1.0
2024-01-15 15:00:00,128037.201695459,128037.201695459,0.0,0.0,-1.0
2024-01-15 16:00:00,128111.1748027866,128111.1748027866,0.0,0.0,-1.0
2024-01-15 17:00:00,128180.71856498471,128180.71856498471,0.0,0.0,-1.0
2024-01-15 18:00:00,128259.33666023644,128259.33666023644,0.0,0.0,-1.0
2024-01-15 19:00:00,128251.47947438694,128259.33666023644,7.85718584949791,0.0061260147246136746,-1.0
2024-01-15 20:00:00,128285.9790630657,128285.9790630657,0.0,0.0,-1.0
2024-01-15 21:00:00,128256.21947848778,128285.9790630657,29.75958457791421,0.023197846557560534,-1.0
2024-01-15 22:00:00,128364.76716438068,128364.76716438068,0.0,0.0,-1.0
2024-01-15 23:00:00,128348.19775119056,128364.76716438068,16.569413190125488,0.01290806936837046,-1.0
2024-01-16 00:00:00,128482.48568945189,128482.48568945189,0.0,0.0,-1.0
2024-01-16 01:00:00,128464.6308453778,128482.48568945189,17.854844074085122,0.01389671438739215,-1.0
2024-01-16 02:00:00,128457.99134406402,128482.48568945189,24.494345387865906,0.019064345818363037,-1.0
2024-01-16 03:00:00,128504.01766895535,128504.01766895535,0.0,0.0,-1.0
2024-01-16 04:00:00,128560.16539691413,128560.16539691413,0.0,0.0,-1.0
2024-01-16 05:00:00,128514.97634780832,128560.16539691413,45.189049105814775,0.035150117430464554,-1.0
2024-01-16 06:00:00,128616.31635278107,128616.31635278107,0.0,0.0,-1.0
2024-01-16 07:00:00,128735.68948057058,128735.68948057058,0.0,0.0,-1.0
2024-01-16 08:00:00,128704.2382682629,128735.68948057058,31.451212307685637,0.02443084154408666,-1.0
2024-01-16 09:00:00,128731.5262757845,128735.68948057058,4.163204786076676,0.0032339165641436267,-1.0
2024-01-16 10:00:00,128808.92738319383,128808.92738319383,0.0,0.0,-1.0
2024-01-16 11:00:00,128779.98145766585,128808.92738319383,28.945925527979853,0.022471987086631492,-1.0
2024-01-16 12:00:00,128837.15572853091,128837.15572853091,0.0,0.0,-1.0
2024-01-16 13:00:00,129041.44386777011,129041.44386777011,0.0,0.0,-1.0
2024-01-16 14:00:00,128995.71735635174,129041.44386777011,45.72651141836832,0.035435523695181735,-1.0
2024-01-16 15:00:00,128885.74239611668,129041.44386777011,155.70147165343224,0.12066005074538758,-1.0
2024-01-16 16:00:00,128856.79280362443,129041.44386777011,184.65106414568436,0.14309438782698208,-1.0
2024-01-16 17:00:00,128838.66641622524,129041.44386777011,202.7774515448691,0.15714133805931135,-1.0
2024-01-16 18:00:00,128874.46722031473,129041.44386777011,166.97664745537622,0.12939768995957504,-1.0
2024-01-16 19:00:00,128970.9721160893,129041.44386777011,70.47175168081594,0.05461171974565703,-1.0
2024-01-16 20:00:00,128963.72557530184,129041.44386777011,77.7182924682711,0.06022738907657428,-1.0
2024-01-16 21:00:00,128944.70316597413,129041.44386777011,96.74070179597766,0.07496870687149836,-1.0
2024-01-16 22:00:00,128965.74419202367,129041.44386777011,75.6996757464367,0.0586630724808123,-1.0
2024-01-16 23:00:00,128988.43629310535,129041.44386777011,53.007574664763524,0.04107794602723203,-1.0
2024-01-17 00:00:00,129068.26993102331,129068.26993102331,0.0,0.0,-1.0
2024-01-17 01:00:00,129125.36783294045,129125.36783294045,0.0,0.0,-1.0
2024-01-17 02:00:00,129066.80567699687,129125.36783294045,58.562155943582184,0.045352944139798006,-1.0
2024-01-17 03:00:00,128984.61332048122,129125.36783294045,140.75451245922886,0.10900608828571466,-1.0
2024-01-17 04:00:00,129052.75308467158,129125.36783294045,72.61474826886842,0.05623585007929332,-1.0
2024-01-17 05:00:00,129280.68068563193,129280.68068563193,0.0,0.0,-1.0
2024-01-17 06:00:00,129408.96786497805,129408.96786497805,0.0,0.0,-1.0
2024-01-17 07:00:00,129481.33700904183,129481.33700904183,0.0,0.0,-1.0
2024-01-17 08:00:00,129519.8510672249,129519.8510672249,0.0,0.0,-1.0
2024-01-17 09:00:00,129681.02406534016,129681.02406534016,0.0,0.0,-1.0
2024-01-17 10:00:00,129770.26321570842,129770.26321570842,0.0,0.0,-1.0
2024-01-17 11:00:00,129983.80388636285,129983.80388636285,0.0,0.0,-1.0
2024-01-17 12:00:00,129923.78749736879,129983.80388636285,60.016388994059525,0.04617220545917267,-1.0
2024-01-17 13:00:00,130032.67916045144,130032.67916045144,0.0,0.0,-1.0
2024-01-17 14:00:00,130062.61534704777,130062.61534704777,0.0,0.0,-1.0
2024-01-17 15:00:00,130170.75736444886,130170.75736444886,0.0,0.0,-1.0
2024-01-17 16:00:00,130265.82586457657,130265.82586457657,0.0,0.0,-1.0
2024-01-17 17:00:00,130381.59916129657,130381.59916129657,0.0,0.0,-1.0
2024-01-17 18:00:00,130534.80573303867,130534.80573303867,0.0,0.0,-1.0
2024-01-17 19:00:00,130720.98913941962,130720.98913941962,0.0,0.0,-1.0
2024-01-17 20:00:00,130952.1269930519,130952.1269930519,0.0,0.0,-1.0
2024-01-17 21:00:00,131028.3905371365,131028.3905371365,0.0,0.0,-1.0
2024-01-17 22:00:00,131060.00253924767,131060.00253924767,0.0,0.0,-1.0
2024-01-17 23:00:00,131036.93679775314,131060.00253924767,23.065741494530812,0.017599375131725232,-1.0
2024-01-18 00:00:00,131146.72770498222,131146.72770498222,0.0,0.0,-1.0
2024-01-18 01:00:00,131175.1243988793,131175.1243988793,0.0,0.0,-1.0
2024-01-18 02:00:00,131142.24857895682,131175.1243988793,32.87581992248306,0.025062541448418046,-1.0
2024-01-18 03:00:00,131308.82177769672,131308.82177769672,0.0,0.0,-1.0
2024-01-18 04:00:00,131375.71375286602,131375.71375286602,0.0,0.0,-1.0
2024-01-18 05:00:00,131350.24841012663,131375.71375286602,25.465342739393236,0.019383599915047234,-1.0
2024-01-18 06:00:00,131357.38543456706,131375.71375286602,18.328318298968952,0.013951070388433273,-1.0
2024-01-18 07:00:00,131314.6557240613,131375.71375286602,61.05802880472038,0.04647588740760571,-1.0
2024-01-18 08:00:00,131315.61930421338,131375.71375286602,60.09444865264231,0.04574243361728744,-1.0
2024-01-18 09:00:00,131333.41536007109,131375.71375286602,42.29839279493899,0.03219650846160768,-1.0
2024-01-18 10:00:00,131477.52157836617,131477.52157836617,0.0,0.0,-1.0
2024-01-18 11:00:00,131688.453224888,131688.453224888,0.0,0.0,-1.0
2024-01-18 12:00:00,131655.52433559447,131688.453224888,32.92888929354376,0.02500514546807698,-1.0
2024-01-18 13:00:00,131664.24258629268,131688.453224888,24.210638595337514,0.018384784696341094,-1.0
2024-01-18 14:00:00,131687.48052226877,131688.453224888,0.9727026192413177,0.0007386392621532326,-1.0
2024-01-18 15:00:00,131764.09043450843,131764.09043450843,0.0,0.0,-1.0
2024-01-18 16:00:00,131720.66000352238,131764.09043450843,43.430430986045394,0.032960748898146805,-1.0
2024-01-18 17:00:00,131705.8042322952,131764.09043450843,58.28620221323217,0.044235270794209705,-1.0
2024-01-18 18:00:00,131845.0490713879,131845.0490713879,0.0,0.0,-1.0
2024-01-18 19:00:00,131780.71043330367,131845.0490713879,64.33863808424212,0.04879867582240859,-1.0
2024-01-18 20:00:00,131904.8969107179,131904.8969107179,0.0,0.0,-1.0
2024-01-18 21:00:00,131925.80498655376,131925.80498655376,0.0,0.0,-1.0
2024-01-18 22:00:00,131846.76207577722,131925.80498655376,79.04291077653761,0.05991467005609242,-1.0
2024-01-18 23:00:00,131718.67652862272,131925.80498655376,207.12845793104498,0.1570037476384215,-1.0
2024-01-19 00:00:00,131910.75343634697,131925.80498655376,15.051550206786487,0.011409102418075509,-1.0
2024-01-19 01:00:00,131833.3201189057,131925.80498655376,92.48486764804693,0.07010369780004241,-1.0
2024-01-19 02:00:00,131903.17030962458,131925.80498655376,22.634676929184934,0.017157126258575357,-1.0
2024-01-19 03:00:00,132006.48637317473,132006.48637317473,0.0,0.0,-1.0
2024-01-19 04:00:00,131976.430194851,132006.48637317473,30.056178323720815,0.022768713227283188,-1.0
2024-01-19 05:00:00,132007.14816538274,132007.14816538274,0.0,0.0,-1.0
2024-01-19 06:00:00,132120.45407818336,132120.45407818336,0.0,0.0,-1.0
2024-01-19 07:00:00,132218.91937296902,132218.91937296902,0.0,0.0,-1.0
2024-01-19 08:00:00,132257.07332765107,132257.07332765107,0.0,0.0,-1.0
2024-01-19 09:00:00,132351.0256980251,132351.0256980251,0.0,0.0,-1.0
2024-01-19 10:00:00,132341.93631145768,132351.0256980251,9.089386567415204,0.006867635909489467,-1.0
2024-01-19 11:00:00,132339.30298509268,132351.0256980251,11.72271293241647,0.008857289069420028,-1.0
2024-01-19 12:00:00,132510.34222163458,132510.34222163458,0.0,0.0,-1.0
2024-01-19 13:00:00,132601.9358684315,132601.9358684315,0.0,0.0,-1.0
2024-01-19 14:00:00,132529.57337425236,132601.9358684315,72.36249417913496,0.054571220024218575,-1.0
2024-01-19 15:00:00,132646.3073461861,132646.3073461861,0.0,0.0,-1.0
2024-01-19 16:00:00,132616.68671218635,132646.3073461861,29.620633999758866,0.022330537948903204,-1.0
2024-01-19 17:00:00,132600.10926456042,132646.3073461861,46.1980816256837,0.034828019377210355,-1.0
2024-01-19 18:00:00,132595.4370579283,132646.3073461861,50.87028825780726,0.03835032371089213,-1.0
2024-01-19 19:00:00,132607.0012576894,132646.3073461861,39.30608849669807,0.029632252328076748,-1.0
2024-01-19 20:00:00,132826.24428672096,132826.24428672096,0.0,0.0,-1.0
2024-01-19 21:00:00,132761.51157771022,132826.24428672096,64.73270901074284,0.04873487868181361,-1.0
2024-01-19 22:00:00,132841.04657589408,132841.04657589408,0.0,0.0,-1.0
2024-01-19 23:00:00,132851.30063914027,132851.30063914027,0.0,0.0,-1.0
2024-01-20 00:00:00,132929.59766114253,132929.59766114253,0.0,0.0,-1.0
2024-01-20 01:00:00,132989.3187964643,132989.3187964643,0.0,0.0,-1.0
2024-01-20 02:00:00,133034.15773382536,133034.15773382536,0.0,0.0,-1.0
2024-01-20 03:00:00,133044.90333816153,133044.90333816153,0.0,0.0,-1.0
2024-01-20 04:00:00,133054.2302855077,133054.2302855077,0.0,0.0,-1.0
2024-01-20 05:00:00,133221.91376160915,133221.91376160915,0.0,0.0,-1.0
2024-01-20 06:00:00,133261.5740237294,133261.5740237294,0.0,0.0,-1.0
2024-01-20 07:00:00,133507.1488770739,133507.1488770739,0.0,0.0,-1.0
2024-01-20 08:00:00,133635.66410257755,133635.66410257755,0.0,0.0,-1.0
2024-01-20 09:00:00,133523.9589139933,133635.66410257755,111.70518858425203,0.08358935418505356,-1.0
2024-01-20 10:00:00,133554.2892746424,133635.66410257755,81.37482793515665,0.06089304713799607,-1.0
2024-01-20 11:00:00,133547.16288241348,133635.66410257755,88.50122016406385,0.0662257495096003,-1.0
2024-01-20 12:00:00,133510.96674262278,133635.66410257755,124.69735995476367,0.09331143807467975,-1.0
2024-01-20 13:00:00,133690.30715860886,133690.30715860886,0.0,0.0,-1.0
2024-01-20 14:00:00,133730.43380393257,133730.43380393257,0.0,0.0,-1.0
2024-01-20 15:00:00,133763.75921511,133763.75921511,0.0,0.0,-1.0
2024-01-20 16:00:00,133773.7668157877,133773.7668157877,0.0,0.0,-1.0
2024-01-20 17:00:00,133940.1932429522,133940.1932429522,0.0,0.0,-1.0
2024-01-20 18:00:00,134024.26645880804,134024.26645880804,0.0,0.0,-1.0
2024-01-20 19:00:00,134102.61200663965,134102.61200663965,0.0,0.0,-1.0
2024-01-20 20:00:00,134069.7373660615,134102.61200663965,32.874640578142134,0.02451454157844029,-1.0
2024-01-20 21:00:00,134109.7676400228,134109.7676400228,0.0,0.0,-1.0
2024-01-20 22:00:00,134109.68967148513,134109.7676400228,0.07796853766194545,5.813785157784216e-05,-1.0
2024-01-20 23:00:00,134095.67194638847,134109.7676400228,14.0956936343282,0.010510564504267754,-1.0
2024-01-21 00:00:00,134076.6916713101,134109.7676400228,33.0759687126847,0.02466335546972772,-1.0
2024-01-21 01:00:00,134233.83771895707,134233.83771895707,0.0,0.0,-1.0
2024-01-21 02:00:00,134287.85183125315,134287.85183125315,0.0,0.0,-1.0
2024-01-21 03:00:00,134445.20364070399,134445.20364070399,0.0,0.0,-1.0
2024-01-21 04:00:00,134482.47766443546,134482.47766443546,0.0,0.0,-1.0
2024-01-21 05:00:00,134615.26210313808,134615.26210313808,0.0,0.0,-1.0
2024-01-21 06:00:00,134706.82979756547,134706.82979756547,0.0,0.0,-1.0
2024-01-21 07:00:00,134705.76939847876,134706.82979756547,1.0603990867093671,0.0007871902919123789,-1.0
2024-01-21 08:00:00,134697.2903545737,134706.82979756547,9.539442991779651,0.007081632762136353,-1.0
2024-01-21 09:00:00,134604.66623791764,134706.82979756547,102.16355964782997,0.07584141041798635,-1.0
2024-01-21 10:00:00,134620.1430506351,134706.82979756547,86.68674693038338,0.06435215427506857,-1.0
2024-01-21 11:00:00,134568.91853821432,134706.82979756547,137.9112593511527,0.10237881743516848,-1.0
2024-01-21 12:00:00,134803.7185456687,134803.7185456687,0.0,0.0,-1.0
2024-01-21 13:00:00,134753.43609638736,134803.7185456687,50.282449281337904,0.03730049128007048,-1.0
2024-01-21 14:00:00,135035.2993465648,135035.2993465648,0.0,0.0,-1.0
2024-01-21 15:00:00,135151.4417091783,135151.4417091783,0.0,0.0,-1.0
2024-01-21 16:00:00,135184.93233574205,135184.93233574205,0.0,0.0,-1.0
2024-01-21 17:00:00,135212.18673976688,135212.18673976688,0.0,0.0,-1.0
2024-01-21 18:00:00,135235.6255622341,135235.6255622341,0.0,0.0,-1.0
2024-01-21 19:00:00,135174.2436070178,135235.6255622341,61.3819552163186,0.04538889435466931,-1.0
2024-01-01 01:00:00,135255.5692284745,135255.5692284745,0.0,0.0,-1.0
2024-01-01 02:00:00,135386.5750441806,135386.5750441806,0.0,0.0,-1.0
2024-01-01 03:00:00,135563.84791580154,135563.84791580154,0.0,0.0,-1.0
2024-01-01 04:00:00,135578.7571201839,135578.7571201839,0.0,0.0,-1.0
2024-01-01 05:00:00,135552.58329923713,135578.7571201839,26.17382094677305,0.019305252166879835,-1.0
2024-01-01 06:00:00,135738.4853858036,135738.4853858036,0.0,0.0,-1.0
2024-01-01 07:00:00,135780.00441885303,135780.00441885303,0.0,0.0,-1.0
2024-01-01 08:00:00,135876.52582107476,135876.52582107476,0.0,0.0,-1.0
2024-01-01 09:00:00,135919.9569309477,135919.9569309477,0.0,0.0,-1.0
2024-01-01 10:00:00,136002.3493433871,136002.3493433871,0.0,0.0,-1.0
2024-01-01 11:00:00,136033.8626281796,136033.8626281796,0.0,0.0,-1.0
2024-01-01 12:00:00,136036.88841359696,136036.88841359696,0.0,0.0,-1.0
2024-01-01 13:00:00,136066.07327836272,136066.07327836272,0.0,0.0,-1.0
2024-01-01 14:00:00,136033.10127596545,136066.07327836272,32.97200239726226,0.0242323465378533,-1.0
2024-01-01 15:00:00,136155.3984587348,136155.3984587348,0.0,0.0,-1.0
2024-01-01 16:00:00,136101.6062026273,136155.3984587348,53.79225610749563,0.03950798625424954,-1.0
2024-01-01 17:00:00,136277.80734135304,136277.80734135304,0.0,0.0,-1.0
2024-01-01 18:00:00,136245.9200759061,136277.80734135304,31.887265446945094,0.02339872211700093,-1.0
2024-01-01 19:00:00,136295.26838785986,136295.26838785986,0.0,0.0,-1.0
2024-01-01 20:00:00,136165.70532399422,136295.26838785986,129.56306386564393,0.09506057356073588,-1.0
2024-01-01 21:00:00,136145.29781888606,136295.26838785986,149.9705689738039,0.11003358425255658,-1.0
2024-01-01 22:00:00,136088.57740225582,136295.26838785986,206.69098560404382,0.15164942117862565,-1.0
2024-01-01 23:00:00,136137.71159915935,136295.26838785986,157.55678870051634,0.11559960265983106,-1.0
2024-01-02 00:00:00,136347.03358303965,136347.03358303965,0.0,0.0,-1.0
2024-01-02 01:00:00,136248.27042714568,136347.03358303965,98.76315589397564,0.07243513356953656,-1.0
2024-01-02 02:00:00,136392.5393518124,136392.5393518124,0.0,0.0,-1.0
2024-01-02 03:00:00,136430.28684595873,136430.28684595873,0.0,0.0,-1.0
2024-01-02 04:00:00,136531.3416079756,136531.3416079756,0.0,0.0,-1.0
2024-01-02 05:00:00,136549.86814035207,136549.86814035207,0.0,0.0,-1.0
2024-01-02 06:00:00,136666.15254153413,136666.15254153413,0.0,0.0,-1.0
2024-01-02 07:00:00,136695.93288081413,136695.93288081413,0.0,0.0,-1.0
2024-01-02 08:00:00,136683.53551757603,136695.93288081413,12.39736323809484,0.009069299266499877,-1.0
2024-01-02 09:00:00,136854.57506513124,136854.57506513124,0.0,0.0,-1.0
2024-01-02 10:00:00,136946.32277200287,136946.32277200287,0.0,0.0,-1.0
2024-01-02 11:00:00,137033.26947918444,137033.26947918444,0.0,0.0,-1.0
2024-01-02 12:00:00,137050.93447715408,137050.93447715408,0.0,0.0,-1.0
2024-01-02 13:00:00,136995.1037256009,137050.93447715408,55.830751553177834,0.04073722792636969,-1.0
2024-01-02 14:00:00,136945.82835082096,137050.93447715408,105.10612633312121,0.0766912876107693,-1.0
2024-01-02 15:00:00,136935.98706432883,137050.93447715408,114.94741282524774,0.0838720387159484,-1.0
2024-01-02 16:00:00,136992.72862158407,137050.93447715408,58.20585557000595,0.04247023618777927,-1.0
2024-01-02 17:00:00,136940.31331643605,137050.93447715408,110.6211607180303,0.08071536406522675,-1.0
2024-01-02 18:00:00,136942.3194940627,137050.93447715408,108.61498309136368,0.07925154505930744,-1.0
2024-01-02 19:00:00,136959.98478142783,137050.93447715408,90.94969572624541,0.06636196686525068,-1.0
2024-01-02 20:00:00,136920.9456442577,137050.93447715408,129.9888328963716,0.09484709709734981,-1.0
2024-01-02 21:00:00,136935.9755788968,137050.93447715408,114.95889825728955,0.08388041912727914,-1.0
2024-01-02 22:00:00,137071.72561884794,137071.72561884794,0.0,0.0,-1.0
2024-01-02 23:00:00,137035.22356008942,137071.72561884794,36.502058758516796,0.02662989656963771,-1.0
2024-01-03 00:00:00,137221.20358056677,137221.20358056677,0.0,0.0,-1.0
2024-01-03 01:00:00,137233.10372562648,137233.10372562648,0.0,0.0,-1.0
2024-01-03 02:00:00,137218.43660704597,137233.10372562648,14.667118580517126,0.010687740918431355,-1.0
2024-01-03 03:00:00,137321.23804991838,137321.23804991838,0.0,0.0,-1.0
2024-01-03 04:00:00,137559.14585109087,137559.14585109087,0.0,0.0,-1.0
2024-01-03 05:00:00,137584.28708113488,137584.28708113488,0.0,0.0,-1.0
2024-01-03 06:00:00,137551.33920372452,137584.28708113488,32.94787741036271,0.023947412970881623,-1.0
2024-01-03 07:00:00,137624.84260410236,137624.84260410236,0.0,0.0,-1.0
2024-01-03 08:00:00,137625.09335894923,137625.09335894923,0.0,0.0,-1.0
2024-01-03 09:00:00,137753.32190196082,137753.32190196082,0.0,0.0,-1.0
2024-01-03 10:00:00,137757.9038107956,137757.9038107956,0.0,0.0,-1.0
2024-01-03 11:00:00,137828.71676715367,137828.71676715367,0.0,0.0,-1.0
2024-01-03 12:00:00,137814.64931000563,137828.71676715367,14.067457148048561,0.010206477632534277,-1.0
2024-01-03 13:00:00,137751.25685421148,137828.71676715367,77.45991294219857,0.05620012633002925,-1.0
2024-01-03 14:00:00,137754.83799699135,137828.71676715367,73.87877016232233,0.053601870419451345,-1.0
2024-01-03 15:00:00,137794.54798105566,137828.71676715367,34.168786098016426,0.024790759791909547,-1.0
2024-01-03 16:00:00,137749.22550184376,137828.71676715367,79.49126530991634,0.05767395008415265,-1.0
2024-01-03 17:00:00,137767.94358331038,137828.71676715367,60.773183843295556,0.044093266823317455,-1.0
2024-01-03 18:00:00,137814.2725458562,137828.71676715367,14.444221297482727,0.010479834417877252,-1.0
2024-01-03 19:00:00,137854.8647145062,137854.8647145062,0.0,0.0,-1.0
2024-01-03 20:00:00,137790.53478179028,137854.8647145062,64.3299327159184,0.04666497105426348,-1.0
2024-01-03 21:00:00,137799.5261924933,137854.8647145062,55.338522012898466,0.04014259643829261,-1.0
2024-01-03 22:00:00,137883.34541735414,137883.34541735414,0.0,0.0,-1.0
2024-01-03 23:00:00,137944.3564865,137944.3564865,0.0,0.0,-1.0
2024-01-04 00:00:00,137931.1868669134,137944.3564865,13.16961958660977,0.009547052102779298,-1.0
2024-01-04 01:00:00,137954.9779276925,137954.9779276925,0.0,0.0,-1.0
2024-01-04 02:00:00,138071.75245536558,138071.75245536558,0.0,0.0,-1.0
2024-01-04 03:00:00,138260.1574332779,138260.1574332779,0.0,0.0,-1.0
2024-01-04 04:00:00,138321.78854304602,138321.78854304602,0.0,0.0,-1.0
2024-01-04 05:00:00,138452.963975978,138452.963975978,0.0,0.0,-1.0
2024-01-04 06:00:00,138585.4120390879,138585.4120390879,0.0,0.0,-1.0
2024-01-04 07:00:00,138633.5675676358,138633.5675676358,0.0,0.0,-1.0
2024-01-04 08:00:00,138624.0083600365,138633.5675676358,9.559207599289948,0.006895305204222097,-1.0
2024-01-04 09:00:00,138618.5603931781,138633.5675676358,15.007174457685323,0.010825065473673037,-1.0
2024-01-04 10:00:00,138594.54440800688,138633.5675676358,39.023159628908616,0.028148420554690124,-1.0
2024-01-04 11:00:00,138638.4501365306,138638.4501365306,0.0,0.0,-1.0
2024-01-04 12:00:00,138833.14329867193,138833.14329867193,0.0,0.0,-1.0
2024-01-04 13:00:00,138869.65196329876,138869.65196329876,0.0,0.0,-1.0
2024-01-04 14:00:00,138841.45452667013,138869.65196329876,28.197436628630385,0.0203049667295793,-1.0
2024-01-04 15:00:00,138915.1951547875,138915.1951547875,0.0,0.0,-1.0
2024-01-04 16:00:00,139067.9063459417,139067.9063459417,0.0,0.0,-1.0
2024-01-04 17:00:00,139178.3788009451,139178.3788009451,0.0,0.0,-1.0
2024-01-04 18:00:00,139317.37167714437,139317.37167714437,0.0,0.0,-1.0
2024-01-04 19:00:00,139333.73680189616,139333.73680189616,0.0,0.0,-1.0
2024-01-04 20:00:00,139425.96971411456,139425.96971411456,0.0,0.0,-1.0
2024-01-04 21:00:00,139487.69829948686,139487.69829948686,0.0,0.0,-1.0
2024-01-04 22:00:00,139434.89395707645,139487.69829948686,52.804342410410754,0.03785591349929459,-1.0
2024-01-04 23:00:00,139457.5833524952,139487.69829948686,30.114946991670877,0.021589679490597532,-1.0
2024-01-05 00:00:00,139514.8431910546,139514.8431910546,0.0,0.0,-1.0
2024-01-05 01:00:00,139458.01223954605,139514.8431910546,56.83095150854206,0.0407346990532875,-1.0
2024-01-05 02:00:00,139431.18587981758,139514.8431910546,83.65731123700971,0.05996301850294711,-1.0
2024-01-05 03:00:00,139460.2774673957,139514.8431910546,54.5657236588886,0.039111052566761756,-1.0
2024-01-05 04:00:00,139378.63089214507,139514.8431910546,136.21229890952236,0.09763283661724104,-1.0
2024-01-05 05:00:00,139371.2689309294,139514.8431910546,143.57426012519863,0.102909666700184,-1.0
2024-01-05 06:00:00,139457.23960303492,139514.8431910546,57.603588019672316,0.04128850142546391,-1.0
2024-01-05 07:00:00,139508.4683487707,139514.8431910546,6.374842283898033,0.004569293229372153,-1.0
2024-01-05 08:00:00,139543.46739152804,139543.46739152804,0.0,0.0,-1.0
2024-01-05 09:00:00,139598.53277627323,139598.53277627323,0.0,0.0,-1.0
2024-01-05 10:00:00,139601.84405022228,139601.84405022228,0.0,0.0,-1.0
2024-01-05 11:00:00,139660.10961546493,139660.10961546493,0.0,0.0,-1.0
2024-01-05 12:00:00,139688.84188244224,139688.84188244224,0.0,0.0,-1.0
2024-01-05 13:00:00,139647.86719124875,139688.84188244224,40.97469119349262,0.02933283048332209,-1.0
2024-01-05 14:00:00,139644.67653122998,139688.84188244224,44.16535121225752,0.03161694994180401,-1.0
2024-01-05 15:00:00,139627.26934921654,139688.84188244224,61.57253322569886,0.044078347558723675,-1.0
2024-01-05 16:00:00,139789.38011889375,139789.38011889375,0.0,0.0,-1.0
2024-01-05 17:00:00,139797.6136726956,139797.6136726956,0.0,0.0,-1.0
2024-01-05 18:00:00,139952.6619453769,139952.6619453769,0.0,0.0,-1.0
2024-01-05 19:00:00,140039.53796806897,140039.53796806897,0.0,0.0,-1.0
2024-01-05 20:00:00,140078.60755405074,140078.60755405074,0.0,0.0,-1.0
2024-01-05 21:00:00,140029.39226679615,140078.60755405074,49.21528725459939,0.03513404945548818,-1.0
2024-01-05 22:00:00,140054.35101426157,140078.60755405074,24.256539789173985,0.017316377006256545,-1.0
2024-01-05 23:00:00,140165.67013941193,140165.67013941193,0.0,0.0,-1.0
2024-01-06 00:00:00,140143.4317431439,140165.67013941193,22.238396268017823,0.015865793846595255,-1.0
2024-01-06 01:00:00,140038.6977412046,140165.67013941193,126.9723982073192,0.09058737284317164,-1.0
2024-01-06 02:00:00,140003.91698501183,140165.67013941193,161.7531544000958,0.11540140623535883,-1.0
2024-01-06 03:00:00,139989.85644949015,140165.67013941193,175.81368992177886,0.12543277519160762,-1.0
2024-01-06 04:00:00,139943.29060427574,140165.67013941193,222.3795351361914,0.15865477967251732,-1.0
2024-01-06 05:00:00,140072.8332588225,140165.67013941193,92.83688058942789,0.06623367940030554,-1.0
2024-01-06 06:00:00,140081.3152064563,140165.67013941193,84.35493295564083,0.06018230631775921,-1.0
2024-01-06 07:00:00,140169.29317552655,140169.29317552655,0.0,0.0,-1.0
2024-01-06 08:00:00,140244.6399358561,140244.6399358561,0.0,0.0,-1.0
2024-01-06 09:00:00,140413.65789230153,140413.65789230153,0.0,0.0,-1.0
2024-01-06 10:00:00,140552.80343551762,140552.80343551762,0.0,0.0,-1.0
2024-01-06 11:00:00,140508.1821507175,140552.80343551762,44.62128480011597,0.03174699024810785,-1.0
2024-01-06 12:00:00,140505.56374816675,140552.80343551762,47.239687350869644,0.033609921820266016,-1.0
2024-01-06 13:00:00,140604.45948115244,140604.45948115244,0.0,0.0,-1.0
2024-01-06 14:00:00,140646.24130281157,140646.24130281157,0.0,0.0,-1.0
2024-01-06 15:00:00,140857.75168527415,140857.75168527415,0.0,0.0,-1.0
2024-01-06 16:00:00,140854.79984169712,140857.75168527415,2.951843577029649,0.002095620256402436,-1.0
2024-01-06 17:00:00,140800.6658910876,140857.75168527415,57.085794186539715,0.04052726492049191,-1.0
2024-01-06 18:00:00,140795.8757014277,140857.75168527415,61.87598384646117,0.043927993387764645,-1.0
2024-01-06 19:00:00,140882.16939495676,140882.16939495676,0.0,0.0,-1.0
2024-01-06 20:00:00,140860.36447586588,140882.16939495676,21.804919090878684,0.015477415761358405,-1.0
2024-01-06 21:00:00,140772.22331813784,140882.16939495676,109.94607681891648,0.07804115828929895,-1.0
2024-01-06 22:00:00,140743.24953891517,140882.16939495676,138.91985604158253,0.09860712440630229,-1.0
2024-01-06 23:00:00,140672.11997943648,140882.16939495676,210.04941552027594,0.14909581277912606,-1.0
2024-01-07 00:00:00,140820.50484331415,140882.16939495676,61.664551642606966,0.04377030245022222,-1.0
2024-01-07 01:00:00,140739.11667698366,140882.16939495676,143.0527179730998,0.10154068367023651,-1.0
2024-01-07 02:00:00,140678.02847337018,140882.16939495676,204.1409215865715,0.14490188677764587,-1.0
2024-01-07 03:00:00,140753.34755821107,140882.16939495676,128.8218367456866,0.09143941869928227,-1.0
2024-01-07 04:00:00,140917.0979715724,140917.0979715724,0.0,0.0,-1.0
2024-01-07 05:00:00,140986.54324609405,140986.54324609405,0.0,0.0,-1.0
2024-01-07 06:00:00,140960.93161107012,140986.54324609405,25.61163502393174,0.018166013886322656,-1.0
2024-01-07 07:00:00,141050.53665032575,141050.53665032575,0.0,0.0,-1.0
2024-01-07 08:00:00,141026.82475176672,141050.53665032575,23.711898559035035,0.01681092402917864,-1.0
2024-01-07 09:00:00,141192.44092562402,141192.44092562402,0.0,0.0,-1.0
2024-01-07 10:00:00,141335.82396573707,141335.82396573707,0.0,0.0,-1.0
2024-01-07 11:00:00,141309.33758723785,141335.82396573707,26.486378499219427,0.01874003190135313,-1.0
2024-01-07 12:00:00,141335.52849965397,141335.82396573707,0.29546608310192823,0.0002090525068673005,-1.0
2024-01-07 13:00:00,141432.2265487899,141432.2265487899,0.0,0.0,-1.0
2024-01-07 14:00:00,141481.89892745874,141481.89892745874,0.0,0.0,-1.0
2024-01-07 15:00:00,141615.8734319946,141615.8734319946,0.0,0.0,-1.0
2024-01-07 16:00:00,141734.63308998483,141734.63308998483,0.0,0.0,-1.0
2024-01-07 17:00:00,141782.75146913168,141782.75146913168,0.0,0.0,-1.0
2024-01-07 18:00:00,141778.36765639397,141782.75146913168,4.383812737709377,0.0030919224604438584,-1.0
2024-01-07 19:00:00,141742.4436381564,141782.75146913168,40.307830975274555,0.02842929098046895,-1.0
2024-01-07 20:00:00,141833.51081725192,141833.51081725192,0.0,0.0,-1.0
2024-01-07 21:00:00,141814.29424508678,141833.51081725192,19.21657216513995,0.013548682574670177,-1.0
2024-01-07 22:00:00,141833.46210705276,141833.51081725192,0.04871019916026853,3.434322317737034e-05,-1.0
2024-01-07 23:00:00,141913.41762985103,141913.41762985103,0.0,0.0,-1.0
2024-01-08 00:00:00,142020.65257964467,142020.65257964467,0.0,0.0,-1.0
2024-01-08 01:00:00,141999.323401013,142020.65257964467,21.32917863165494,0.015018364050745095,-1.0
2024-01-08 02:00:00,142114.98632384147,142114.98632384147,0.0,0.0,-1.0
2024-01-08 03:00:00,142087.16850089314,142114.98632384147,27.817822948331013,0.019574165728688,-1.0
2024-01-08 04:00:00,142120.63890815456,142120.63890815456,0.0,0.0,-1.0
2024-01-08 05:00:00,142154.16908321812,142154.16908321812,0.0,0.0,-1.0
2024-01-08 06:00:00,142163.08724852238,142163.08724852238,0.0,0.0,-1.0
2024-01-08 07:00:00,142262.8942011906,142262.8942011906,0.0,0.0,-1.0
2024-01-08 08:00:00,142320.00171554156,142320.00171554156,0.0,0.0,-1.0
2024-01-08 09:00:00,142346.74342181112,142346.74342181112,0.0,0.0,-1.0
2024-01-08 10:00:00,142341.14425359393,142346.74342181112,5.59916821718798,0.003933471242539186,-1.0
2024-01-08 11:00:00,142415.4516504583,142415.4516504583,0.0,0.0,-1.0
2024-01-08 12:00:00,142508.79716380136,142508.79716380136,0.0,0.0,-1.0
2024-01-08 13:00:00,142449.96719963936,142508.79716380136,58.82996416199603,0.04128163687633694,-1.0
2024-01-08 14:00:00,142388.29848234024,142508.79716380136,120.4986814611184,0.08455525824319163,-1.0
2024-01-08 15:00:00,142325.77550828064,142508.79716380136,183.02165552071529,0.12842832103224333,-1.0
2024-01-08 16:00:00,142370.56778185916,142508.79716380136,138.22938194219023,0.09699708698215148,-1.0
2024-01-08 17:00:00,142416.1997452338,142508.79716380136,92.59741856754408,0.06497663330995031,-1.0
2024-01-08 18:00:00,142409.32104232433,142508.79716380136,99.47612147702603,0.0698034952626026,-1.0
2024-01-08 19:00:00,142598.06076109197,142598.06076109197,0.0,0.0,-1.0
2024-01-08 20:00:00,142687.4166324309,142687.4166324309,0.0,0.0,-1.0
2024-01-08 21:00:00,142801.09212589316,142801.09212589316,0.0,0.0,-1.0
2024-01-08 22:00:00,142814.33370942852,142814.33370942852,0.0,0.0,-1.0
2024-01-08 23:00:00,142936.5869331649,142936.5869331649,0.0,0.0,-1.0
2024-01-09 00:00:00,142915.132313644,142936.5869331649,21.454619520896813,0.015009886538656954,-1.0
2024-01-09 01:00:00,142803.37906650678,142936.5869331649,133.20786665810738,0.09319368085960628,-1.0
2024-01-09 02:00:00,142831.31050470952,142936.5869331649,105.27642845537048,0.07365254111223198,-1.0
2024-01-09 03:00:00,142835.28016986663,142936.5869331649,101.30676329825656,0.07087531993864254,-1.0
2024-01-09 04:00:00,142935.12516856298,142936.5869331649,1.461764601903269,0.0010226665077617736,-1.0
2024-01-09 05:00:00,142938.8947252626,142938.8947252626,0.0,0.0,-1.0
2024-01-09 06:00:00,142992.10435541577,142992.10435541577,0.0,0.0,-1.0
2024-01-09 07:00:00,143057.32535461857,143057.32535461857,0.0,0.0,-1.0
2024-01-09 08:00:00,143081.06706560845,143081.06706560845,0.0,0.0,-1.0
2024-01-09 09:00:00,142978.00839861736,143081.06706560845,103.05866699109902,0.07202816494501152,-1.0
2024-01-09 10:00:00,143062.56493248983,143081.06706560845,18.50213311862899,0.012931223884530448,-1.0
2024-01-09 11:00:00,143232.70053025734,143232.70053025734,0.0,0.0,-1.0
2024-01-09 12:00:00,143239.18696536144,143239.18696536144,0.0,0.0,-1.0
2024-01-09 13:00:00,143285.65588583032,143285.65588583032,0.0,0.0,-1.0
2024-01-09 14:00:00,143290.27378603592,143290.27378603592,0.0,0.0,-1.0
2024-01-09 15:00:00,143358.8300486083,143358.8300486083,0.0,0.0,-1.0
2024-01-09 16:00:00,143363.81980637144,143363.81980637144,0.0,0.0,-1.0
2024-01-09 17:00:00,143360.0547337396,143363.81980637144,3.765072631824296,0.0026262362686132663,-1.0
2024-01-09 18:00:00,143488.65015583247,143488.65015583247,0.0,0.0,-1.0
2024-01-09 19:00:00,143493.80564345908,143493.80564345908,0.0,0.0,-1.0
2024-01-09 20:00:00,143478.89096108926,143493.80564345908,14.914682369824732,0.01039395554598603,-1.0
2024-01-09 21:00:00,143519.78489177392,143519.78489177392,0.0,0.0,-1.0
2024-01-09 22:00:00,143571.96933379857,143571.96933379857,0.0,0.0,-1.0
2024-01-09 23:00:00,143689.53191983237,143689.53191983237,0.0,0.0,-1.0
2024-01-10 00:00:00,143802.43370878109,143802.43370878109,0.0,0.0,-1.0
2024-01-10 01:00:00,144045.01119548897,144045.01119548897,0.0,0.0,-1.0
2024-01-10 02:00:00,143997.06803437008,144045.01119548897,47.94316111889202,0.03328345821975503,-1.0
2024-01-10 03:00:00,144212.70056955845,144212.70056955845,0.0,0.0,-1.0
2024-01-10 04:00:00,144271.3424632045,144271.3424632045,0.0,0.0,-1.0
2024-01-10 05:00:00,144339.09550149343,144339.09550149343,0.0,0.0,-1.0
2024-01-10 06:00:00,144482.7941523062,144482.7941523062,0.0,0.0,-1.0
2024-01-10 07:00:00,144625.98682511898,144625.98682511898,0.0,0.0,-1.0
2024-01-10 08:00:00,144793.51626783216,144793.51626783216,0.0,0.0,-1.0
2024-01-10 09:00:00,144978.49845094583,144978.49845094583,0.0,0.0,-1.0
2024-01-10 10:00:00,144971.90521113446,144978.49845094583,6.593239811365493,0.004547736306978202,-1.0
2024-01-10 11:00:00,145022.41044636583,145022.41044636583,0.0,0.0,-1.0
2024-01-10 12:00:00,144992.24419892096,145022.41044636583,30.166247444867622,0.02080109367374232,-1.0
2024-01-10 13:00:00,145042.8204408632,145042.8204408632,0.0,0.0,-1.0
2024-01-10 14:00:00,145103.25923534457,145103.25923534457,0.0,0.0,-1.0
2024-01-10 15:00:00,145136.12886631285,145136.12886631285,0.0,0.0,-1.0
2024-01-10 16:00:00,145215.91737226053,145215.91737226053,0.0,0.0,-1.0
2024-01-10 17:00:00,145362.63135001314,145362.63135001314,0.0,0.0,-1.0
2024-01-10 18:00:00,145489.73902820927,145489.73902820927,0.0,0.0,-1.0
2024-01-10 19:00:00,145460.21165488093,145489.73902820927,29.52737332833931,0.020295158631506098,-1.0
2024-01-10 20:00:00,145479.5699976724,145489.73902820927,10.169030536868377,0.0069895173397050946,-1.0
2024-01-10 21:00:00,145486.14223801327,145489.73902820927,3.596790195995709,0.0024721950977575954,-1.0
2024-01-10 22:00:00,145568.2455837987,145568.2455837987,0.0,0.0,-1.0
2024-01-10 23:00:00,145516.7781071953,145568.2455837987,51.46747660340043,0.035356252592721085,-1.0
2024-01-11 00:00:00,145476.15409124122,145568.2455837987,92.09149255749071,0.06326344882990072,-1.0
2024-01-11 01:00:00,145514.44840542722,145568.2455837987,53.79717837148928,0.036956671529382465,-1.0
2024-01-11 02:00:00,145551.6632437417,145568.2455837987,16.58234005700797,0.011391454221698426,-1.0
2024-01-11 03:00:00,145616.08962204802,145616.08962204802,0.0,0.0,-1.0
2024-01-11 04:00:00,145651.32398142666,145651.32398142666,0.0,0.0,-1.0
2024-01-11 05:00:00,145741.32996488194,145741.32996488194,0.0,0.0,-1.0
2024-01-11 06:00:00,145778.38603161636,145778.38603161636,0.0,0.0,-1.0
2024-01-11 07:00:00,145818.73467966143,145818.73467966143,0.0,0.0,-1.0
2024-01-11 08:00:00,145800.45003017515,145818.73467966143,18.284649486275157,0.012539300609378743,-1.0
2024-01-11 09:00:00,146067.70458423093,146067.70458423093,0.0,0.0,-1.0
2024-01-11 10:00:00,146231.54558835193,146231.54558835193,0.0,0.0,-1.0
2024-01-11 11:00:00,146354.84363438853,146354.84363438853,0.0,0.0,-1.0
2024-01-11 12:00:00,146325.5788596999,146354.84363438853,29.264774688635953,0.019995767794158403,-1.0
2024-01-11 13:00:00,146364.4487726034,146364.4487726034,0.0,0.0,-1.0
2024-01-11 14:00:00,146361.4220783882,146364.4487726034,3.0266942152229603,0.0020679162464686566,-1.0
2024-01-11 15:00:00,146446.6275370325,146446.6275370325,0.0,0.0,-1.0
2024-01-11 16:00:00,146404.53524687528,146446.6275370325,42.092290157219395,0.02874241002687164,-1.0
2024-01-11 17:00:00,146372.7236236573,146446.6275370325,73.90391337519395,0.05046474242399716,-1.0
2024-01-11 18:00:00,146375.63122755018,146446.6275370325,70.99630948231788,0.0484793065407838,-1.0
2024-01-11 19:00:00,146431.45096156906,146446.6275370325,15.176575463439804,0.010363212672549969,-1.0
2024-01-11 20:00:00,146512.164960004,146512.164960004,0.0,0.0,-1.0
2024-01-11 21:00:00,146570.10400448297,146570.10400448297,0.0,0.0,-1.0
2024-01-11 22:00:00,146767.7365217159,146767.7365217159,0.0,0.0,-1.0
2024-01-11 23:00:00,146795.18079789405,146795.18079789405,0.0,0.0,-1.0
2024-01-12 00:00:00,146807.53817400613,146807.53817400613,0.0,0.0,-1.0
2024-01-12 01:00:00,146908.5866285216,146908.5866285216,0.0,0.0,-1.0
2024-01-12 02:00:00,146927.53374035654,146927.53374035654,0.0,0.0,-1.0
2024-01-12 03:00:00,146970.92382609408,146970.92382609408,0.0,0.0,-1.0
2024-01-12 04:00:00,147084.25960235615,147084.25960235615,0.0,0.0,-1.0
2024-01-12 05:00:00,147105.8856019795,147105.8856019795,0.0,0.0,-1.0
2024-01-12 06:00:00,147077.38832140795,147105.8856019795,28.497280571551528,0.019371951336233997,-1.0
2024-01-12 07:00:00,147063.9987544651,147105.8856019795,41.88684751439723,0.0284739440186162,-1.0
2024-01-12 08:00:00,147146.01503428305,147146.01503428305,0.0,0.0,-1.0
2024-01-12 09:00:00,147255.7848269696,147255.7848269696,0.0,0.0,-1.0
2024-01-12 10:00:00,147225.25327374495,147255.7848269696,30.531553224660456,0.02073368680254975,-1.0
2024-01-12 11:00:00,147252.91545444756,147255.7848269696,2.8693725220509805,0.0019485635321033993,-1.0
2024-01-12 12:00:00,147273.4871745782,147273.4871745782,0.0,0.0,-1.0
2024-01-12 13:00:00,147296.2574917059,147296.2574917059,0.0,0.0,-1.0
2024-01-12 14:00:00,147461.67046657464,147461.67046657464,0.0,0.0,-1.0
2024-01-12 15:00:00,147629.52864932004,147629.52864932004,0.0,0.0,-1.0
2024-01-12 16:00:00,147707.23537354497,147707.23537354497,0.0,0.0,-1.0
2024-01-12 17:00:00,147919.17615098367,147919.17615098367,0.0,0.0,-1.0
2024-01-12 18:00:00,147921.96709318174,147921.96709318174,0.0,0.0,-1.0
2024-01-12 19:00:00,147953.96639401637,147953.96639401637,0.0,0.0,-1.0
2024-01-12 20:00:00,148099.33673774352,148099.33673774352,0.0,0.0,-1.0
2024-01-12 21:00:00,148080.3974097666,148099.33673774352,18.939327976928325,0.012788259822166772,-1.0
2024-01-12 22:00:00,148093.59439888922,148099.33673774352,5.742338854295667,0.003877356226425433,-1.0
2024-01-12 23:00:00,148013.48945288028,148099.33673774352,85.84728486323729,0.05796601575283009,-1.0
2024-01-13 00:00:00,147936.05859944885,148099.33673774352,163.2781382946705,0.11024906788327203,-1.0
2024-01-13 01:00:00,147862.47292183017,148099.33673774352,236.8638159133552,0.1599357709027402,-1.0
2024-01-13 02:00:00,147968.6134755443,148099.33673774352,130.7232621992298,0.08826728402620497,-1.0
2024-01-13 03:00:00,147981.0738408211,148099.33673774352,118.26289692241699,0.0798537654033108,-1.0
2024-01-13 04:00:00,148034.16311176715,148099.33673774352,65.17362597637111,0.04400669672935911,-1.0
2024-01-13 05:00:00,148098.00987691752,148099.33673774352,1.326860825996846,0.0008959262446573077,-1.0
2024-01-13 06:00:00,148132.4928930339,148132.4928930339,0.0,0.0,-1.0
2024-01-13 07:00:00,148063.5603656423,148132.4928930339,68.93252739158925,0.046534373414862634,-1.0
2024-01-13 08:00:00,148051.68139740688,148132.4928930339,80.81149562701466,0.0545535243812905,-1.0
2024-01-13 09:00:00,148051.50657211238,148132.4928930339,80.98632092151092,0.05467154392655158,-1.0
2024-01-13 10:00:00,148063.06640686124,148132.4928930339,69.42648617265513,0.046867830829518155,-1.0
2024-01-13 11:00:00,148135.62009288,148135.62009288,0.0,0.0,-1.0
2024-01-13 12:00:00,148095.30095792376,148135.62009288,40.31913495625486,0.02721771774470923,-1.0
2024-01-13 13:00:00,148305.85876036598,148305.85876036598,0.0,0.0,-1.0
2024-01-13 14:00:00,148385.4505130027,148385.4505130027,0.0,0.0,-1.0
2024-01-13 15:00:00,148363.80893142388,148385.4505130027,21.641581578820478,0.014584705915573624,-1.0
2024-01-13 16:00:00,148418.55773546704,148418.55773546704,0.0,0.0,-1.0
2024-01-13 17:00:00,148478.3044573154,148478.3044573154,0.0,0.0,-1.0
2024-01-13 18:00:00,148626.2064285021,148626.2064285021,0.0,0.0,-1.0
2024-01-13 19:00:00,148688.21833984889,148688.21833984889,0.0,0.0,-1.0
2024-01-13 20:00:00,148683.85116544092,148688.21833984889,4.367174407962011,0.002937135474970982,-1.0
2024-01-13 21:00:00,148691.95555438814,148691.95555438814,0.0,0.0,-1.0
2024-01-13 22:00:00,148667.66984994797,148691.95555438814,24.285704440175323,0.016332897331014094,-1.0
2024-01-13 23:00:00,148682.95648031658,148691.95555438814,8.999074071558425,0.006052159337071042,-1.0
2024-01-14 00:00:00,148818.47903239552,148818.47903239552,0.0,0.0,-1.0
2024-01-14 01:00:00,148784.45738603652,148818.47903239552,34.02164635900408,0.0228611705886324,-1.0
2024-01-14 02:00:00,148923.51820070625,148923.51820070625,0.0,0.0,-1.0
2024-01-14 03:00:00,148925.82892966882,148925.82892966882,0.0,0.0,-1.0
2024-01-14 04:00:00,148951.88703735158,148951.88703735158,0.0,0.0,-1.0
2024-01-14 05:00:00,148888.90609652337,148951.88703735158,62.98094082821626,0.042282741146087655,-1.0
2024-01-14 06:00:00,148824.73378667602,148951.88703735158,127.15325067556114,0.08536531708636617,-1.0
2024-01-14 07:00:00,148826.1795978123,148951.88703735158,125.70743953928468,0.08439466061128983,-1.0
2024-01-14 08:00:00,148899.12105734114,148951.88703735158,52.765980010444764,0.03542484829159165,-1.0
2024-01-14 09:00:00,148894.60254689227,148951.88703735158,57.28449045930756,0.03845838518644799,-1.0
2024-01-14 10:00:00,149089.44929582873,149089.44929582873,0.0,0.0,-1.0
2024-01-14 11:00:00,149089.8495369224,149089.8495369224,0.0,0.0,-1.0
2024-01-14 12:00:00,149179.56524912253,149179.56524912253,0.0,0.0,-1.0
2024-01-14 13:00:00,149360.18468650273,149360.18468650273,0.0,0.0,-1.0
2024-01-14 14:00:00,149442.58569484463,149442.58569484463,0.0,0.0,-1.0
2024-01-14 15:00:00,149423.02906187787,149442.58569484463,19.556632966763573,0.0130863855679648,-1.0
2024-01-14 16:00:00,149509.78974880214,149509.78974880214,0.0,0.0,-1.0
2024-01-14 17:00:00,149539.85097567728,149539.85097567728,0.0,0.0,-1.0
2024-01-14 18:00:00,149534.78624015386,149539.85097567728,5.064735523425043,0.003386880146248657,-1.0
2024-01-14 19:00:00,149658.80274303662,149658.80274303662,0.0,0.0,-1.0
2024-01-14 20:00:00,149687.15382486972,149687.15382486972,0.0,0.0,-1.0
2024-01-14 21:00:00,149837.09408595215,149837.09408595215,0.0,0.0,-1.0
2024-01-14 22:00:00,149975.7951099143,149975.7951099143,0.0,0.0,-1.0
2024-01-14 23:00:00,150064.10043066432,150064.10043066432,0.0,0.0,-1.0
2024-01-15 00:00:00,150216.77130179136,150216.77130179136,0.0,0.0,-1.0
2024-01-15 01:00:00,150190.0089330706,150216.77130179136,26.76236872075242,0.017815832738799702,-1.0
2024-01-15 02:00:00,150327.711085523,150327.711085523,0.0,0.0,-1.0
2024-01-15 03:00:00,150464.99691730525,150464.99691730525,0.0,0.0,-1.0
2024-01-15 04:00:00,150447.94005773545,150464.99691730525,17.05685956979869,0.011336098042239716,-1.0
2024-01-15 05:00:00,150425.7512821715,150464.99691730525,39.245635133760516,0.02608290030094488,-1.0
2024-01-15 06:00:00,150527.0735658377,150527.0735658377,0.0,0.0,-1.0
2024-01-15 07:00:00,150759.53312225064,150759.53312225064,0.0,0.0,-1.0
2024-01-15 08:00:00,150815.95428534475,150815.95428534475,0.0,0.0,-1.0
2024-01-15 09:00:00,150792.92339041302,150815.95428534475,23.030894931725925,0.015270861123983822,-1.0
2024-01-15 10:00:00,150962.19497453916,150962.19497453916,0.0,0.0,-1.0
2024-01-15 11:00:00,151042.6455789951,151042.6455789951,0.0,0.0,-1.0
2024-01-15 12:00:00,151072.2864215945,151072.2864215945,0.0,0.0,-1.0
2024-01-15 13:00:00,151265.2569117957,151265.2569117957,0.0,0.0,-1.0
2024-01-15 14:00:00,151183.97595635292,151265.2569117957,81.2809554427804,0.05373405440363357,-1.0
2024-01-15 15:00:00,151255.969589037,151265.2569117957,9.287322758696973,0.006139759352745823,-1.0
2024-01-15 16:00:00,151312.58529277175,151312.58529277175,0.0,0.0,-1.0
2024-01-15 17:00:00,151310.59883137615,151312.58529277175,1.9864613956015091,0.0013128196783882477,-1.0
2024-01-15 18:00:00,151232.1081041073,151312.58529277175,80.47718866445939,0.05318605092150508,-1.0
2024-01-15 19:00:00,151179.7882517851,151312.58529277175,132.79704098665388,0.0877633811686632,-1.0
2024-01-15 20:00:00,151178.96300305988,151312.58529277175,133.62228971187142,0.08830877448384632,-1.0
2024-01-15 21:00:00,151152.60156188713,151312.58529277175,159.98373088461813,0.10573061756566299,-1.0
2024-01-15 22:00:00,151163.45487493355,151312.58529277175,149.1304178381979,0.09855784140469769,-1.0
2024-01-15 23:00:00,151162.23197012214,151312.58529277175,150.35332264960743,0.09936603908967105,-1.0
2024-01-16 00:00:00,151181.86020609207,151312.58529277175,130.72508667968214,0.08639406063067705,-1.0
2024-01-16 01:00:00,151360.07465719435,151360.07465719435,0.0,0.0,-1.0
2024-01-16 02:00:00,151385.40391805937,151385.40391805937,0.0,0.0,-1.0
2024-01-16 03:00:00,151440.61677885827,151440.61677885827,0.0,0.0,-1.0
2024-01-16 04:00:00,151513.21552029444,151513.21552029444,0.0,0.0,-1.0
2024-01-16 05:00:00,151482.13953653944,151513.21552029444,31.07598375499947,0.020510411351435543,-1.0
2024-01-16 06:00:00,151448.15694623778,151513.21552029444,65.05857405666029,0.04293920753595651,-1.0
2024-01-16 07:00:00,151644.26048664827,151644.26048664827,0.0,0.0,-1.0
2024-01-16 08:00:00,151774.92715704473,151774.92715704473,0.0,0.0,-1.0
2024-01-16 09:00:00,151789.17370241164,151789.17370241164,0.0,0.0,-1.0
2024-01-16 10:00:00,151873.69982786963,151873.69982786963,0.0,0.0,-1.0
2024-01-16 11:00:00,151760.0055231752,151873.69982786963,113.69430469442159,0.07486108840653798,-1.0
2024-01-16 12:00:00,151728.47717768623,151873.69982786963,145.22265018339385,0.09562067056243843,-1.0
2024-01-16 13:00:00,151693.46563091927,151873.69982786963,180.23419695036137,0.11867373821447355,-1.0
2024-01-16 14:00:00,151706.48024983122,151873.69982786963,167.21957803840633,0.11010436845084394,-1.0
2024-01-16 15:00:00,151878.52142743763,151878.52142743763,0.0,0.0,-1.0
2024-01-16 16:00:00,151796.95396052802,151878.52142743763,81.56746690961882,0.053705728856854165,-1.0
2024-01-16 17:00:00,151757.72943820126,151878.52142743763,120.79198923637159,0.0795319760168207,-1.0
2024-01-16 18:00:00,151868.9209968645,151878.52142743763,9.600430573133053,0.006321124595435182,-1.0
2024-01-16 19:00:00,151873.13188939472,151878.52142743763,5.3895380429166835,0.003548584745402345,-1.0
2024-01-16 20:00:00,151920.1502225482,151920.1502225482,0.0,0.0,-1.0
2024-01-16 21:00:00,152159.34933685194,152159.34933685194,0.0,0.0,-1.0
2024-01-16 22:00:00,152179.04562052665,152179.04562052665,0.0,0.0,-1.0
2024-01-16 23:00:00,152222.9586087529,152222.9586087529,0.0,0.0,-1.0
2024-01-17 00:00:00,152215.92660401558,152222.9586087529,7.032004737324314,0.004619542808518222,-1.0
2024-01-17 01:00:00,152189.18331827372,152222.9586087529,33.77529047918506,0.02218803969379883,-1.0
2024-01-17 02:00:00,152221.6129680819,152222.9586087529,1.3456406710029114,0.0008839932447125202,-1.0
2024-01-17 03:00:00,152370.8261609917,152370.8261609917,0.0,0.0,-1.0
2024-01-17 04:00:00,152396.7360944999,152396.7360944999,0.0,0.0,-1.0
2024-01-17 05:00:00,152382.99176920054,152396.7360944999,13.744325299368938,0.009018779306957204,-1.0
2024-01-17 06:00:00,152495.71849357086,152495.71849357086,0.0,0.0,-1.0
2024-01-17 07:00:00,152647.72793789225,152647.72793789225,0.0,0.0,-1.0
2024-01-17 08:00:00,152677.61357950966,152677.61357950966,0.0,0.0,-1.0
2024-01-17 09:00:00,152725.1419415317,152725.1419415317,0.0,0.0,-1.0
2024-01-17 10:00:00,152835.87318166415,152835.87318166415,0.0,0.0,-1.0
2024-01-17 11:00:00,152767.78036105353,152835.87318166415,68.09282061061822,0.04455290449362079,-1.0
2024-01-17 12:00:00,152781.40404806935,152835.87318166415,54.46913359480095,0.03563897170270864,-1.0
2024-01-17 13:00:00,152766.40012330556,152835.87318166415,69.47305835859152,0.045455989429925445,-1.0
2024-01-17 14:00:00,152799.06625894317,152835.87318166415,36.80692272097804,0.02408264627587039,-1.0
2024-01-17 15:00:00,153045.88904512243,153045.88904512243,0.0,0.0,-1.0
2024-01-17 16:00:00,153013.00231252977,153045.88904512243,32.88673259265488,0.021488151558882385,-1.0
2024-01-17 17:00:00,152954.0165631353,153045.88904512243,91.87248198714224,0.06002936933513812,-1.0
2024-01-17 18:00:00,153014.62387267116,153045.88904512243,31.26517245126888,0.020428626110990143,-1.0
2024-01-17 19:00:00,153068.40309002157,153068.40309002157,0.0,0.0,-1.0
2024-01-17 20:00:00,153089.83204299994,153089.83204299994,0.0,0.0,-1.0
2024-01-17 21:00:00,153094.19449543572,153094.19449543572,0.0,0.0,-1.0
2024-01-17 22:00:00,153145.48807282382,153145.48807282382,0.0,0.0,-1.0
2024-01-17 23:00:00,153144.11261689282,153145.48807282382,1.3754559310036711,0.0008981367641400011,-1.0
2024-01-18 00:00:00,153094.22652028847,153145.48807282382,51.26155253534671,0.033472453665086624,-1.0
2024-01-18 01:00:00,153235.56372375952,153235.56372375952,0.0,0.0,-1.0
2024-01-18 02:00:00,153295.28216947772,153295.28216947772,0.0,0.0,-1.0
2024-01-18 03:00:00,153274.47439845538,153295.28216947772,20.80777102234424,0.01357365388410318,-1.0
2024-01-18 04:00:00,153206.30427935807,153295.28216947772,88.97789011965506,0.05804346282574066,-1.0
2024-01-18 05:00:00,153249.13720521823,153295.28216947772,46.14496425949619,0.03010201201657334,-1.0
2024-01-18 06:00:00,153195.2783861333,153295.28216947772,100.00378334443667,0.06523604766510434,-1.0
2024-01-18 07:00:00,153139.22967880924,153295.28216947772,156.05249066848774,0.10179862580243125,-1.0
2024-01-18 08:00:00,153102.0681991574,153295.28216947772,193.21397032032837,0.12604038923175598,-1.0
2024-01-18 09:00:00,153161.5800074768,153295.28216947772,133.70216200093273,0.08721870634812913,-1.0
2024-01-18 10:00:00,153203.6662099043,153295.28216947772,91.6159595734207,0.059764369964193285,-1.0
2024-01-18 11:00:00,153308.5267638351,153308.5267638351,0.0,0.0,-1.0
2024-01-18 12:00:00,153281.0061960386,153308.5267638351,27.520567796513205,0.017951100553531118,-1.0
2024-01-18 13:00:00,153227.34047221698,153308.5267638351,81.18629161812714,0.05295614884043011,-1.0
2024-01-18 14:00:00,153221.66515302038,153308.5267638351,86.86161081472528,0.056658042868373316,-1.0
2024-01-18 15:00:00,153211.98066963285,153308.5267638351,96.54609420226188,0.06297503227004901,-1.0
2024-01-18 16:00:00,153227.46751440433,153308.5267638351,81.05924943077844,0.052873281833597276,-1.0
2024-01-18 17:00:00,153169.16969033724,153308.5267638351,139.35707349787117,0.09089975387510212,-1.0
2024-01-18 18:00:00,153070.97882562428,153308.5267638351,237.5479382108315,0.15494763613296175,-1.0
2024-01-18 19:00:00,153001.58791761086,153308.5267638351,306.9388462242496,0.2002098987599529,-1.0
2024-01-18 20:00:00,153043.12236401555,153308.5267638351,265.4043998195557,0.17311783331425476,-1.0
2024-01-18 21:00:00,153026.63716976636,153308.5267638351,281.88959406875074,0.18387078658905187,-1.0
2024-01-18 22:00:00,153027.11484110507,153308.5267638351,281.4119227300398,0.18355921139568593,-1.0
2024-01-18 23:00:00,152999.52674694514,153308.5267638351,309.00001688997145,0.20155435800773958,-1.0
2024-01-19 00:00:00,153006.80611032352,153308.5267638351,301.7206535115838,0.1968061789390038,-1.0
2024-01-19 01:00:00,153059.1370931486,153308.5267638351,249.38967068650527,0.1626717547620028,-1.0
2024-01-19 02:00:00,153227.64792663397,153308.5267638351,80.87883720113314,0.052755602645457124,-1.0
2024-01-19 03:00:00,153381.5441211029,153381.5441211029,0.0,0.0,-1.0
2024-01-19 04:00:00,153481.25582456443,153481.25582456443,0.0,0.0,-1.0
2024-01-19 05:00:00,153491.7960775188,153491.7960775188,0.0,0.0,-1.0
2024-01-19 06:00:00,153502.38024666105,153502.38024666105,0.0,0.0,-1.0
2024-01-19 07:00:00,153588.92890971908,153588.92890971908,0.0,0.0,-1.0
2024-01-19 08:00:00,153546.33422091822,153588.92890971908,42.59468880086206,0.02773291610484476,-1.0
2024-01-19 09:00:00,153537.0723568686,153588.92890971908,51.85655285048415,0.03376321016013198,-1.0
2024-01-19 10:00:00,153467.37276569894,153588.92890971908,121.5561440201418,0.0791438190779972,-1.0
2024-01-19 11:00:00,153478.61562897734,153588.92890971908,110.31328074174235,0.07182371901726423,-1.0
2024-01-19 12:00:00,153566.7093699557,153588.92890971908,22.219539763376815,0.01446688893601026,-1.0
2024-01-19 13:00:00,153617.47857972528,153617.47857972528,0.0,0.0,-1.0
2024-01-19 14:00:00,153657.77405275826,153657.77405275826,0.0,0.0,-1.0
2024-01-19 15:00:00,153579.56979320955,153657.77405275826,78.20425954871462,0.05089508814689926,-1.0
2024-01-19 16:00:00,153675.08175794905,153675.08175794905,0.0,0.0,-1.0
2024-01-19 17:00:00,153724.83855291735,153724.83855291735,0.0,0.0,-1.0
2024-01-19 18:00:00,153755.6784413339,153755.6784413339,0.0,0.0,-1.0
2024-01-19 19:00:00,153756.5268955698,153756.5268955698,0.0,0.0,-1.0
2024-01-19 20:00:00,153887.98960638614,153887.98960638614,0.0,0.0,-1.0
2024-01-19 21:00:00,153882.69999044237,153887.98960638614,5.289615943765966,0.003437315645812072,-1.0
2024-01-19 22:00:00,153972.23422021483,153972.23422021483,0.0,0.0,-1.0
2024-01-19 23:00:00,154121.72432242986,154121.72432242986,0.0,0.0,-1.0
2024-01-20 00:00:00,154109.02875185633,154121.72432242986,12.695570573530858,0.008237366036063242,-1.0
2024-01-20 01:00:00,154221.77714291244,154221.77714291244,0.0,0.0,-1.0
2024-01-20 02:00:00,154261.2951897284,154261.2951897284,0.0,0.0,-1.0
2024-01-20 03:00:00,154325.80663695844,154325.80663695844,0.0,0.0,-1.0
2024-01-20 04:00:00,154528.2885568472,154528.2885568472,0.0,0.0,-1.0
2024-01-20 05:00:00,154548.90882412548,154548.90882412548,0.0,0.0,-1.0
2024-01-20 06:00:00,154522.25046778133,154548.90882412548,26.658356344152708,0.0172491391540587,-1.0
2024-01-20 07:00:00,154631.0840005995,154631.0840005995,0.0,0.0,-1.0
2024-01-20 08:00:00,154603.68549870944,154631.0840005995,27.398501890071202,0.017718624988727994,-1.0
2024-01-20 09:00:00,154589.83781012468,154631.0840005995,41.24619047483429,0.026673932179557363,-1.0
2024-01-20 10:00:00,154588.5638660589,154631.0840005995,42.520134540623985,0.027497792449323537,-1.0
2024-01-20 11:00:00,154699.71636186956,154699.71636186956,0.0,0.0,-1.0
2024-01-20 12:00:00,154759.6018361361,154759.6018361361,0.0,0.0,-1.0
2024-01-20 13:00:00,154857.2801141822,154857.2801141822,0.0,0.0,-1.0
2024-01-20 14:00:00,154883.24729492393,154883.24729492393,0.0,0.0,-1.0
2024-01-20 15:00:00,154859.83872456086,154883.24729492393,23.408570363069884,0.015113687743449749,-1.0
2024-01-20 16:00:00,154900.87997923812,154900.87997923812,0.0,0.0,-1.0
2024-01-20 17:00:00,154972.9170047902,154972.9170047902,0.0,0.0,-1.0
2024-01-20 18:00:00,154933.49715381436,154972.9170047902,39.41985097582801,0.025436606432728857,-1.0
2024-01-20 19:00:00,155007.60011475979,155007.60011475979,0.0,0.0,-1.0
2024-01-20 20:00:00,155085.92513817048,155085.92513817048,0.0,0.0,-1.0
2024-01-20 21:00:00,155090.08274677707,155090.08274677707,0.0,0.0,-1.0
2024-01-20 22:00:00,155198.64678213018,155198.64678213018,0.0,0.0,-1.0
2024-01-20 23:00:00,155129.52213189297,155198.64678213018,69.1246502372087,0.044539467109044294,-1.0
2024-01-21 00:00:00,155101.7124120078,155198.64678213018,96.93437012238428,0.062458257292965946,-1.0
2024-01-21 01:00:00,155083.3376717,155198.64678213018,115.30911043018568,0.07429775505198706,-1.0
2024-01-21 02:00:00,155082.04199174905,155198.64678213018,116.6047903811268,0.07513260766043797,-1.0
2024-01-21 03:00:00,155065.66695738584,155198.64678213018,132.97982474433957,0.08568362385982548,-1.0
2024-01-21 04:00:00,154969.95797466044,155198.64678213018,228.68880746973446,0.14735232053329092,-1.0
2024-01-21 05:00:00,155042.83976699933,155198.64678213018,155.80701513084932,0.10039199333327511,-1.0
2024-01-21 06:00:00,154958.28100428949,155198.64678213018,240.36577784069232,0.1548762072507764,-1.0
2024-01-21 07:00:00,155035.71489869288,155198.64678213018,162.93188343729707,0.10498279902274078,-1.0
2024-01-21 08:00:00,155155.78474203407,155198.64678213018,42.8620400961081,0.027617534678816093,-1.0
2024-01-21 09:00:00,155173.20178408612,155198.64678213018,25.444998044054955,0.016395115918616844,-1.0
2024-01-21 10:00:00,155299.39855933905,155299.39855933905,0.0,0.0,-1.0
2024-01-21 11:00:00,155293.74436098826,155299.39855933905,5.654198350792285,0.003640837249367612,-1.0
2024-01-21 12:00:00,155382.43247314286,155382.43247314286,0.0,0.0,-1.0
2024-01-21 13:00:00,155282.98872734353,155382.43247314286,99.44374579933356,0.06399934935792818,-1.0
2024-01-21 14:00:00,155451.84705464702,155451.84705464702,0.0,0.0,-1.0
2024-01-21 15:00:00,155446.88207809665,155451.84705464702,4.9649765503709204,0.0031939000046911953,-1.0
2024-01-21 16:00:00,155394.3050857332,155451.84705464702,57.54196891380707,0.03701594416795766,-1.0
2024-01-21 17:00:00,155519.60543089543,155519.60543089543,0.0,0.0,-1.0
2024-01-21 18:00:00,155579.89152064925,155579.89152064925,0.0,0.0,-1.0
2024-01-21 19:00:00,155537.8351020655,155579.89152064925,42.05641858375748,0.02703204004881027,-1.0
