timestamp,pair,predicted_signal,actual_move,was_correct,confidence,feature_importance
2024-01-01 01:00:00,EURUSD,SignalType.HOLD,-4108876.1409886735,False,0.75,{}
2024-01-01 02:00:00,EURUSD,SignalType.HOLD,-1239100.7980926884,False,0.75,{}
2024-01-01 03:00:00,EURUSD,SignalType.SELL,-1009187.6829841544,True,0.75,{}
2024-01-01 04:00:00,EURUSD,SignalType.SELL,280558.4146765375,False,0.75,{}
2024-01-01 05:00:00,EURUSD,SignalType.BUY,-30797.77979034702,False,0.75,{}
2024-01-01 06:00:00,EURUSD,SignalType.SELL,-996674.9199768173,True,0.75,{}
2024-01-01 07:00:00,EURUSD,SignalType.HOLD,570773.2639963286,False,0.75,{}
2024-01-01 08:00:00,EURUSD,SignalType.HOLD,-260882.95647143127,False,0.75,{}
2024-01-01 09:00:00,EURUSD,SignalType.SELL,239267.17551583578,False,0.75,{}
2024-01-01 10:00:00,EURUSD,SignalType.BUY,469341.03107269434,True,0.75,{}
2024-01-01 11:00:00,EURUSD,SignalType.BUY,-2478529.4686898743,False,0.75,{}
2024-01-01 12:00:00,EURUSD,SignalType.HOLD,-348306.64694904047,False,0.75,{}
2024-01-01 13:00:00,EURUSD,SignalType.HOLD,722990.9647151055,False,0.75,{}
2024-01-01 14:00:00,EURUSD,SignalType.BUY,1231714.9246512053,True,0.75,{}
2024-01-01 15:00:00,EURUSD,SignalType.HOLD,-195737.5102700098,False,0.75,{}
2024-01-01 16:00:00,EURUSD,SignalType.SELL,-822127.7204244472,True,0.75,{}
2024-01-01 17:00:00,EURUSD,SignalType.SELL,1077489.7068398218,False,0.75,{}
2024-01-01 18:00:00,EURUSD,SignalType.HOLD,518500.40221917996,False,0.75,{}
2024-01-01 19:00:00,EURUSD,SignalType.BUY,-2585921.036839844,False,0.75,{}
2024-01-01 20:00:00,EURUSD,SignalType.HOLD,-661821.8153772955,False,0.75,{}
2024-01-01 21:00:00,EURUSD,SignalType.HOLD,-1555016.972239233,False,0.75,{}
2024-01-01 22:00:00,EURUSD,SignalType.HOLD,1950593.6899882283,False,0.75,{}
2024-01-01 23:00:00,EURUSD,SignalType.HOLD,894258.251612016,False,0.75,{}
2024-01-02 00:00:00,EURUSD,SignalType.BUY,-747509.9638357915,False,0.75,{}
2024-01-02 01:00:00,EURUSD,SignalType.SELL,-812429.0601045504,True,0.75,{}
2024-01-02 02:00:00,EURUSD,SignalType.HOLD,-933562.4499341531,False,0.75,{}
2024-01-02 03:00:00,EURUSD,SignalType.SELL,476438.57276938774,False,0.75,{}
2024-01-02 04:00:00,EURUSD,SignalType.HOLD,-728409.8990630787,False,0.75,{}
2024-01-02 05:00:00,EURUSD,SignalType.SELL,1071109.2195336847,False,0.75,{}
2024-01-02 06:00:00,EURUSD,SignalType.BUY,-184693.37367640377,False,0.75,{}
2024-01-02 07:00:00,EURUSD,SignalType.SELL,474112.67640891654,False,0.75,{}
2024-01-02 08:00:00,EURUSD,SignalType.BUY,1671584.5386831278,True,0.75,{}
2024-01-02 09:00:00,EURUSD,SignalType.BUY,-799745.3361818566,False,0.75,{}
2024-01-02 10:00:00,EURUSD,SignalType.SELL,-676545.8546813681,True,0.75,{}
2024-01-02 11:00:00,EURUSD,SignalType.SELL,-731611.543700418,True,0.75,{}
2024-01-02 12:00:00,EURUSD,SignalType.HOLD,252921.57985331528,False,0.75,{}
2024-01-02 13:00:00,EURUSD,SignalType.HOLD,480533.8782120054,False,0.75,{}
2024-01-02 14:00:00,EURUSD,SignalType.BUY,365977.9321945484,True,0.75,{}
2024-01-02 15:00:00,EURUSD,SignalType.HOLD,358590.09965883614,False,0.75,{}
2024-01-02 16:00:00,EURUSD,SignalType.HOLD,-1231877.7797486917,False,0.75,{}
2024-01-02 17:00:00,EURUSD,SignalType.SELL,-727085.9489609064,True,0.75,{}
2024-01-02 18:00:00,EURUSD,SignalType.HOLD,-934376.2382644991,False,0.75,{}
2024-01-02 19:00:00,EURUSD,SignalType.SELL,392028.21376692783,False,0.75,{}
2024-01-02 20:00:00,EURUSD,SignalType.BUY,3062185.1925237775,True,0.75,{}
2024-01-02 21:00:00,EURUSD,SignalType.HOLD,-638260.1716300576,False,0.75,{}
2024-01-02 22:00:00,EURUSD,SignalType.SELL,45499.31150905763,False,0.75,{}
2024-01-02 23:00:00,EURUSD,SignalType.BUY,-1973361.8137437555,False,0.75,{}
2024-01-03 00:00:00,EURUSD,SignalType.SELL,82840.80005686519,False,0.75,{}
2024-01-03 01:00:00,EURUSD,SignalType.BUY,-7885.377392108239,False,0.75,{}
2024-01-03 02:00:00,EURUSD,SignalType.BUY,-522855.79798056575,False,0.75,{}
2024-01-03 03:00:00,EURUSD,SignalType.SELL,2628695.9511352144,False,0.75,{}
2024-01-03 04:00:00,EURUSD,SignalType.HOLD,714289.5576438206,False,0.75,{}
2024-01-03 05:00:00,EURUSD,SignalType.BUY,993528.9193492986,True,0.75,{}
2024-01-03 06:00:00,EURUSD,SignalType.BUY,1366547.7418015592,True,0.75,{}
2024-01-03 07:00:00,EURUSD,SignalType.BUY,1214454.1214872668,True,0.75,{}
2024-01-03 08:00:00,EURUSD,SignalType.BUY,-392531.8170036371,False,0.75,{}
2024-01-03 09:00:00,EURUSD,SignalType.SELL,117573.1480559233,False,0.75,{}
2024-01-03 10:00:00,EURUSD,SignalType.BUY,509704.53961683746,True,0.75,{}
2024-01-03 11:00:00,EURUSD,SignalType.BUY,204793.494188026,True,0.75,{}
2024-01-03 12:00:00,EURUSD,SignalType.BUY,-1093441.589390407,False,0.75,{}
2024-01-03 13:00:00,EURUSD,SignalType.SELL,269611.1295539765,False,0.75,{}
2024-01-03 14:00:00,EURUSD,SignalType.BUY,681403.7199618604,True,0.75,{}
2024-01-03 15:00:00,EURUSD,SignalType.BUY,1222287.8206714606,True,0.75,{}
2024-01-03 16:00:00,EURUSD,SignalType.HOLD,189298.44477797303,False,0.75,{}
2024-01-03 17:00:00,EURUSD,SignalType.BUY,-236832.3698308339,False,0.75,{}
2024-01-03 18:00:00,EURUSD,SignalType.SELL,832181.6660375344,False,0.75,{}
2024-01-03 19:00:00,EURUSD,SignalType.BUY,-579317.2624735339,False,0.75,{}
2024-01-03 20:00:00,EURUSD,SignalType.SELL,1396345.213253375,False,0.75,{}
2024-01-03 21:00:00,EURUSD,SignalType.HOLD,-981465.9411098888,False,0.75,{}
2024-01-03 22:00:00,EURUSD,SignalType.SELL,-1145971.0195012444,True,0.75,{}
2024-01-03 23:00:00,EURUSD,SignalType.HOLD,666127.6985616155,False,0.75,{}
2024-01-04 00:00:00,EURUSD,SignalType.HOLD,-822023.4917102471,False,0.75,{}
2024-01-04 01:00:00,EURUSD,SignalType.SELL,-107008.11876548613,True,0.75,{}
2024-01-04 02:00:00,EURUSD,SignalType.SELL,-340976.3775086691,True,0.75,{}
2024-01-04 03:00:00,EURUSD,SignalType.HOLD,-391.86059284588737,False,0.75,{}
2024-01-04 04:00:00,EURUSD,SignalType.BUY,747416.6608681653,True,0.75,{}
2024-01-04 05:00:00,EURUSD,SignalType.BUY,1731842.346574138,True,0.75,{}
2024-01-04 06:00:00,EURUSD,SignalType.HOLD,-499514.1163552177,False,0.75,{}
2024-01-04 07:00:00,EURUSD,SignalType.HOLD,253404.78062172758,False,0.75,{}
2024-01-04 08:00:00,EURUSD,SignalType.BUY,-1342905.0541269935,False,0.75,{}
2024-01-04 09:00:00,EURUSD,SignalType.SELL,-78888.89263352496,True,0.75,{}
2024-01-04 10:00:00,EURUSD,SignalType.SELL,-897876.6948533269,True,0.75,{}
2024-01-04 11:00:00,EURUSD,SignalType.HOLD,-106902.93127108419,False,0.75,{}
2024-01-04 12:00:00,EURUSD,SignalType.SELL,221878.6322653142,False,0.75,{}
2024-01-04 13:00:00,EURUSD,SignalType.BUY,-270418.9665731525,False,0.75,{}
2024-01-04 14:00:00,EURUSD,SignalType.SELL,408393.44798016385,False,0.75,{}
2024-01-04 15:00:00,EURUSD,SignalType.BUY,71889.17457111643,True,0.75,{}
2024-01-04 16:00:00,EURUSD,SignalType.BUY,902596.1491427649,True,0.75,{}
2024-01-04 17:00:00,EURUSD,SignalType.BUY,1171236.1391075833,True,0.75,{}
2024-01-04 18:00:00,EURUSD,SignalType.BUY,-293846.9108995195,False,0.75,{}
2024-01-04 19:00:00,EURUSD,SignalType.SELL,140107.5353387381,False,0.75,{}
2024-01-04 20:00:00,EURUSD,SignalType.BUY,1047556.5126913085,True,0.75,{}
2024-01-04 21:00:00,EURUSD,SignalType.HOLD,-24959.311739097957,False,0.75,{}
2024-01-04 22:00:00,EURUSD,SignalType.HOLD,-1972324.003193036,False,0.75,{}
2024-01-04 23:00:00,EURUSD,SignalType.SELL,-70143.27781853738,True,0.75,{}
2024-01-05 00:00:00,EURUSD,SignalType.SELL,687037.1744897875,False,0.75,{}
2024-01-05 01:00:00,EURUSD,SignalType.BUY,-990510.9802246772,False,0.75,{}
2024-01-05 02:00:00,EURUSD,SignalType.SELL,8210.841577382836,False,0.75,{}
2024-01-05 03:00:00,EURUSD,SignalType.BUY,-109862.43975266376,False,0.75,{}
2024-01-05 04:00:00,EURUSD,SignalType.SELL,586006.168037844,False,0.75,{}
2024-01-05 05:00:00,EURUSD,SignalType.HOLD,1295974.170801027,False,0.75,{}
2024-01-05 06:00:00,EURUSD,SignalType.HOLD,229000.12363482887,False,0.75,{}
2024-01-05 07:00:00,EURUSD,SignalType.HOLD,-625080.5962274427,False,0.75,{}
2024-01-05 08:00:00,EURUSD,SignalType.SELL,-885238.402891516,True,0.75,{}
2024-01-05 09:00:00,EURUSD,SignalType.SELL,41894.6461180947,False,0.75,{}
2024-01-05 10:00:00,EURUSD,SignalType.BUY,810207.6753703634,True,0.75,{}
2024-01-05 11:00:00,EURUSD,SignalType.BUY,2152.745292970231,True,0.75,{}
2024-01-05 12:00:00,EURUSD,SignalType.BUY,-210794.69390724658,False,0.75,{}
2024-01-05 13:00:00,EURUSD,SignalType.SELL,90440.97547880227,False,0.75,{}
2024-01-05 14:00:00,EURUSD,SignalType.BUY,-60190.487559309535,False,0.75,{}
2024-01-05 15:00:00,EURUSD,SignalType.SELL,59465.84434338071,False,0.75,{}
2024-01-05 16:00:00,EURUSD,SignalType.BUY,843081.5254503224,True,0.75,{}
2024-01-05 17:00:00,EURUSD,SignalType.HOLD,1214235.7756707044,False,0.75,{}
2024-01-05 18:00:00,EURUSD,SignalType.HOLD,-1962379.320277572,False,0.75,{}
2024-01-05 19:00:00,EURUSD,SignalType.SELL,-598671.2659609872,True,0.75,{}
2024-01-05 20:00:00,EURUSD,SignalType.SELL,-846103.2552274356,True,0.75,{}
2024-01-05 21:00:00,EURUSD,SignalType.HOLD,2419899.3537116894,False,0.75,{}
2024-01-05 22:00:00,EURUSD,SignalType.HOLD,-595441.1175343653,False,0.75,{}
2024-01-05 23:00:00,EURUSD,SignalType.SELL,-236162.65494203064,True,0.75,{}
2024-01-06 00:00:00,EURUSD,SignalType.HOLD,1020841.9465298397,False,0.75,{}
2024-01-06 01:00:00,EURUSD,SignalType.BUY,-211342.93282413494,False,0.75,{}
2024-01-06 02:00:00,EURUSD,SignalType.HOLD,202585.13513258522,False,0.75,{}
2024-01-06 03:00:00,EURUSD,SignalType.BUY,486225.49288502795,True,0.75,{}
2024-01-06 04:00:00,EURUSD,SignalType.HOLD,178576.46904026894,False,0.75,{}
2024-01-06 05:00:00,EURUSD,SignalType.HOLD,363183.86059711344,False,0.75,{}
2024-01-06 06:00:00,EURUSD,SignalType.SELL,-428013.11908379773,True,0.75,{}
2024-01-06 07:00:00,EURUSD,SignalType.HOLD,1401777.2188915415,False,0.75,{}
2024-01-06 08:00:00,EURUSD,SignalType.HOLD,786882.3598790687,False,0.75,{}
2024-01-06 09:00:00,EURUSD,SignalType.HOLD,-732674.673960862,False,0.75,{}
2024-01-06 10:00:00,EURUSD,SignalType.BUY,5918912.2795429295,True,0.75,{}
2024-01-06 11:00:00,EURUSD,SignalType.SELL,-652379.5643562494,True,0.75,{}
2024-01-06 12:00:00,EURUSD,SignalType.HOLD,1056336.036923982,False,0.75,{}
2024-01-06 13:00:00,EURUSD,SignalType.HOLD,24579.92983095551,False,0.75,{}
2024-01-06 14:00:00,EURUSD,SignalType.HOLD,1203640.2555684901,False,0.75,{}
2024-01-06 15:00:00,EURUSD,SignalType.HOLD,-1051968.719792843,False,0.75,{}
2024-01-06 16:00:00,EURUSD,SignalType.BUY,1315217.220231515,True,0.75,{}
2024-01-06 17:00:00,EURUSD,SignalType.SELL,-204747.62416694147,True,0.75,{}
2024-01-06 18:00:00,EURUSD,SignalType.HOLD,881252.0236382056,False,0.75,{}
2024-01-06 19:00:00,EURUSD,SignalType.SELL,2038687.8425998883,False,0.75,{}
2024-01-06 20:00:00,EURUSD,SignalType.SELL,-39300.06968800171,True,0.75,{}
2024-01-06 21:00:00,EURUSD,SignalType.HOLD,-590276.6261417309,False,0.75,{}
2024-01-06 22:00:00,EURUSD,SignalType.BUY,1183194.3908661515,True,0.75,{}
2024-01-06 23:00:00,EURUSD,SignalType.HOLD,-354848.77211011056,False,0.75,{}
2024-01-07 00:00:00,EURUSD,SignalType.HOLD,-1860417.8347794663,False,0.75,{}
2024-01-07 01:00:00,EURUSD,SignalType.HOLD,557337.6512345885,False,0.75,{}
2024-01-07 02:00:00,EURUSD,SignalType.HOLD,371499.64898233523,False,0.75,{}
2024-01-07 03:00:00,EURUSD,SignalType.SELL,-308772.93265526305,True,0.75,{}
2024-01-07 04:00:00,EURUSD,SignalType.HOLD,472748.48555541213,False,0.75,{}
2024-01-07 05:00:00,EURUSD,SignalType.SELL,-438178.4164152305,True,0.75,{}
2024-01-07 06:00:00,EURUSD,SignalType.HOLD,-1146769.0370908484,False,0.75,{}
2024-01-07 07:00:00,EURUSD,SignalType.HOLD,148813.97376209407,False,0.75,{}
2024-01-07 08:00:00,EURUSD,SignalType.SELL,299308.8914816576,False,0.75,{}
2024-01-07 09:00:00,EURUSD,SignalType.SELL,3261164.327753561,False,0.75,{}
2024-01-07 10:00:00,EURUSD,SignalType.SELL,-354514.42720741854,True,0.75,{}
2024-01-07 11:00:00,EURUSD,SignalType.BUY,429887.60572483443,True,0.75,{}
2024-01-07 12:00:00,EURUSD,SignalType.HOLD,-1382066.8833902732,False,0.75,{}
2024-01-07 13:00:00,EURUSD,SignalType.HOLD,-1492699.3850653162,False,0.75,{}
2024-01-07 14:00:00,EURUSD,SignalType.BUY,872.8401686676079,True,0.75,{}
2024-01-07 15:00:00,EURUSD,SignalType.SELL,-758586.5968887242,True,0.75,{}
2024-01-07 16:00:00,EURUSD,SignalType.HOLD,822913.4372862723,False,0.75,{}
2024-01-07 17:00:00,EURUSD,SignalType.HOLD,-480510.2609902201,False,0.75,{}
2024-01-07 18:00:00,EURUSD,SignalType.HOLD,-96847.91977972054,False,0.75,{}
2024-01-07 19:00:00,EURUSD,SignalType.SELL,546201.5483643813,False,0.75,{}
2024-01-07 20:00:00,EURUSD,SignalType.HOLD,758043.5597013843,False,0.75,{}
2024-01-07 21:00:00,EURUSD,SignalType.HOLD,-3107649.843296474,False,0.75,{}
2024-01-07 22:00:00,EURUSD,SignalType.HOLD,75684.53510965583,False,0.75,{}
2024-01-07 23:00:00,EURUSD,SignalType.HOLD,-1241241.4893581967,False,0.75,{}
2024-01-08 00:00:00,EURUSD,SignalType.HOLD,87078.12339680005,False,0.75,{}
2024-01-08 01:00:00,EURUSD,SignalType.HOLD,883255.5500281136,False,0.75,{}
2024-01-08 02:00:00,EURUSD,SignalType.SELL,1678145.2509205928,False,0.75,{}
2024-01-08 03:00:00,EURUSD,SignalType.HOLD,984604.9004588167,False,0.75,{}
2024-01-08 04:00:00,EURUSD,SignalType.HOLD,-371784.8466193391,False,0.75,{}
2024-01-08 05:00:00,EURUSD,SignalType.HOLD,45827.19142033966,False,0.75,{}
2024-01-08 06:00:00,EURUSD,SignalType.HOLD,1107477.9521484629,False,0.75,{}
2024-01-08 07:00:00,EURUSD,SignalType.SELL,-356149.453676685,True,0.75,{}
2024-01-08 08:00:00,EURUSD,SignalType.HOLD,-754921.5571873583,False,0.75,{}
2024-01-08 09:00:00,EURUSD,SignalType.BUY,767457.9187812674,True,0.75,{}
2024-01-08 10:00:00,EURUSD,SignalType.SELL,1592415.281329395,False,0.75,{}
2024-01-08 11:00:00,EURUSD,SignalType.HOLD,-434026.9207265783,False,0.75,{}
2024-01-08 12:00:00,EURUSD,SignalType.HOLD,-1491795.11929304,False,0.75,{}
2024-01-08 13:00:00,EURUSD,SignalType.BUY,-1556654.018151969,False,0.75,{}
2024-01-08 14:00:00,EURUSD,SignalType.HOLD,2092905.6480005465,False,0.75,{}
2024-01-08 15:00:00,EURUSD,SignalType.HOLD,208692.31257992395,False,0.75,{}
2024-01-08 16:00:00,EURUSD,SignalType.HOLD,1588163.6310130807,False,0.75,{}
2024-01-08 17:00:00,EURUSD,SignalType.HOLD,-434089.03922893613,False,0.75,{}
2024-01-08 18:00:00,EURUSD,SignalType.HOLD,930714.6187584681,False,0.75,{}
2024-01-08 19:00:00,EURUSD,SignalType.SELL,447142.54826077196,False,0.75,{}
2024-01-08 20:00:00,EURUSD,SignalType.HOLD,866962.8644663271,False,0.75,{}
2024-01-08 21:00:00,EURUSD,SignalType.HOLD,1085727.1928300224,False,0.75,{}
2024-01-08 22:00:00,EURUSD,SignalType.HOLD,97370.94914665932,False,0.75,{}
2024-01-08 23:00:00,EURUSD,SignalType.HOLD,132879.2544159228,False,0.75,{}
2024-01-09 00:00:00,EURUSD,SignalType.HOLD,577002.8528217768,False,0.75,{}
2024-01-09 01:00:00,EURUSD,SignalType.SELL,-96236.42590956252,True,0.75,{}
2024-01-09 02:00:00,EURUSD,SignalType.HOLD,129287.29852508695,False,0.75,{}
2024-01-09 03:00:00,EURUSD,SignalType.HOLD,86375.73931750012,False,0.75,{}
2024-01-09 04:00:00,EURUSD,SignalType.HOLD,-1238549.5238270187,False,0.75,{}
2024-01-09 05:00:00,EURUSD,SignalType.BUY,-180724.93033821956,False,0.75,{}
2024-01-09 06:00:00,EURUSD,SignalType.HOLD,844055.2002577306,False,0.75,{}
2024-01-09 07:00:00,EURUSD,SignalType.HOLD,877482.5515414795,False,0.75,{}
2024-01-09 08:00:00,EURUSD,SignalType.HOLD,-937566.9029867504,False,0.75,{}
2024-01-09 09:00:00,EURUSD,SignalType.HOLD,698310.831008273,False,0.75,{}
2024-01-09 10:00:00,EURUSD,SignalType.SELL,-555296.8648901151,True,0.75,{}
2024-01-09 11:00:00,EURUSD,SignalType.BUY,195735.48591765756,True,0.75,{}
2024-01-09 12:00:00,EURUSD,SignalType.SELL,558032.0642320612,False,0.75,{}
2024-01-09 13:00:00,EURUSD,SignalType.HOLD,979361.4139900274,False,0.75,{}
2024-01-09 14:00:00,EURUSD,SignalType.SELL,-59813.20771926676,True,0.75,{}
2024-01-09 15:00:00,EURUSD,SignalType.BUY,1575848.8644447858,True,0.75,{}
2024-01-09 16:00:00,EURUSD,SignalType.HOLD,-3177407.9508915544,False,0.75,{}
2024-01-09 17:00:00,EURUSD,SignalType.BUY,277705.1128745279,True,0.75,{}
2024-01-09 18:00:00,EURUSD,SignalType.HOLD,-476803.77571165765,False,0.75,{}
2024-01-09 19:00:00,EURUSD,SignalType.HOLD,-721054.9343793446,False,0.75,{}
2024-01-09 20:00:00,EURUSD,SignalType.BUY,-88910.75638669007,False,0.75,{}
2024-01-09 21:00:00,EURUSD,SignalType.HOLD,-414770.2530912125,False,0.75,{}
2024-01-09 22:00:00,EURUSD,SignalType.BUY,-1875383.863108666,False,0.75,{}
2024-01-09 23:00:00,EURUSD,SignalType.HOLD,696154.5760221861,False,0.75,{}
2024-01-10 00:00:00,EURUSD,SignalType.HOLD,-448188.1692484535,False,0.75,{}
2024-01-10 01:00:00,EURUSD,SignalType.BUY,1368771.0425322007,True,0.75,{}
2024-01-10 02:00:00,EURUSD,SignalType.SELL,-407108.66724345804,True,0.75,{}
2024-01-10 03:00:00,EURUSD,SignalType.HOLD,1362034.5360805686,False,0.75,{}
2024-01-10 04:00:00,EURUSD,SignalType.SELL,76025.06137460978,False,0.75,{}
2024-01-10 05:00:00,EURUSD,SignalType.SELL,-406549.16983949987,True,0.75,{}
2024-01-10 06:00:00,EURUSD,SignalType.HOLD,-3300840.828178725,False,0.75,{}
2024-01-10 07:00:00,EURUSD,SignalType.HOLD,-1326361.824433586,False,0.75,{}
2024-01-10 08:00:00,EURUSD,SignalType.HOLD,123419.68354134678,False,0.75,{}
2024-01-10 09:00:00,EURUSD,SignalType.HOLD,239040.10208475712,False,0.75,{}
2024-01-10 10:00:00,EURUSD,SignalType.SELL,-60338.28137718956,True,0.75,{}
2024-01-10 11:00:00,EURUSD,SignalType.BUY,-2181208.996064488,False,0.75,{}
2024-01-10 12:00:00,EURUSD,SignalType.BUY,257203.1053845717,True,0.75,{}
2024-01-10 13:00:00,EURUSD,SignalType.SELL,-1265265.5189278005,True,0.75,{}
2024-01-10 14:00:00,EURUSD,SignalType.HOLD,1037680.7039280618,False,0.75,{}
2024-01-10 15:00:00,EURUSD,SignalType.HOLD,270124.4978009345,False,0.75,{}
2024-01-10 16:00:00,EURUSD,SignalType.HOLD,283780.94955209916,False,0.75,{}
2024-01-10 17:00:00,EURUSD,SignalType.HOLD,966523.2328536081,False,0.75,{}
2024-01-10 18:00:00,EURUSD,SignalType.SELL,-4783622.805930167,True,0.75,{}
2024-01-10 19:00:00,EURUSD,SignalType.BUY,-1700735.089161534,False,0.75,{}
2024-01-10 20:00:00,EURUSD,SignalType.BUY,302712.01868326217,True,0.75,{}
2024-01-10 21:00:00,EURUSD,SignalType.HOLD,201255.32207594233,False,0.75,{}
2024-01-10 22:00:00,EURUSD,SignalType.HOLD,-151168.70368153742,False,0.75,{}
2024-01-10 23:00:00,EURUSD,SignalType.SELL,-379136.66208783636,True,0.75,{}
2024-01-11 00:00:00,EURUSD,SignalType.HOLD,339382.7479357958,False,0.75,{}
2024-01-11 01:00:00,EURUSD,SignalType.HOLD,-147597.74809303394,False,0.75,{}
2024-01-11 02:00:00,EURUSD,SignalType.HOLD,317536.6033882278,False,0.75,{}
2024-01-11 03:00:00,EURUSD,SignalType.SELL,457920.05587988684,False,0.75,{}
2024-01-11 04:00:00,EURUSD,SignalType.HOLD,2529717.010180309,False,0.75,{}
2024-01-11 05:00:00,EURUSD,SignalType.HOLD,-1262181.6542528302,False,0.75,{}
2024-01-11 06:00:00,EURUSD,SignalType.HOLD,-500779.17040268856,False,0.75,{}
2024-01-11 07:00:00,EURUSD,SignalType.HOLD,27313.697817937737,False,0.75,{}
2024-01-11 08:00:00,EURUSD,SignalType.HOLD,-35948.316196647735,False,0.75,{}
2024-01-11 09:00:00,EURUSD,SignalType.HOLD,523978.46041340474,False,0.75,{}
2024-01-11 10:00:00,EURUSD,SignalType.HOLD,890154.9277677498,False,0.75,{}
2024-01-11 11:00:00,EURUSD,SignalType.HOLD,-810872.8857207337,False,0.75,{}
2024-01-11 12:00:00,EURUSD,SignalType.BUY,1093601.8290756794,True,0.75,{}
2024-01-11 13:00:00,EURUSD,SignalType.HOLD,-1393723.3871496448,False,0.75,{}
2024-01-11 14:00:00,EURUSD,SignalType.HOLD,157826.1739666277,False,0.75,{}
2024-01-11 15:00:00,EURUSD,SignalType.HOLD,219676.40237066575,False,0.75,{}
2024-01-11 16:00:00,EURUSD,SignalType.HOLD,12473.352963105526,False,0.75,{}
2024-01-11 17:00:00,EURUSD,SignalType.HOLD,-1015090.5883130281,False,0.75,{}
2024-01-11 18:00:00,EURUSD,SignalType.HOLD,695939.5015555526,False,0.75,{}
2024-01-11 19:00:00,EURUSD,SignalType.HOLD,-970078.7352236102,False,0.75,{}
2024-01-11 20:00:00,EURUSD,SignalType.HOLD,488296.8676270025,False,0.75,{}
2024-01-11 21:00:00,EURUSD,SignalType.HOLD,1147594.8827068168,False,0.75,{}
2024-01-11 22:00:00,EURUSD,SignalType.HOLD,-21667.037936147153,False,0.75,{}
2024-01-11 23:00:00,EURUSD,SignalType.HOLD,222148.27919678896,False,0.75,{}
2024-01-12 00:00:00,EURUSD,SignalType.HOLD,1260500.601232544,False,0.75,{}
2024-01-12 01:00:00,EURUSD,SignalType.HOLD,7266.774607380739,False,0.75,{}
2024-01-12 02:00:00,EURUSD,SignalType.HOLD,-1264716.5169629022,False,0.75,{}
2024-01-12 03:00:00,EURUSD,SignalType.BUY,1318057.9094701626,True,0.75,{}
2024-01-12 04:00:00,EURUSD,SignalType.SELL,-64615.262126164904,True,0.75,{}
2024-01-12 05:00:00,EURUSD,SignalType.HOLD,-108980.84907896077,False,0.75,{}
2024-01-12 06:00:00,EURUSD,SignalType.HOLD,968874.5401683502,False,0.75,{}
2024-01-12 07:00:00,EURUSD,SignalType.HOLD,950478.1599833473,False,0.75,{}
2024-01-12 08:00:00,EURUSD,SignalType.SELL,294654.2715154965,False,0.75,{}
2024-01-12 09:00:00,EURUSD,SignalType.SELL,-648791.5684063592,True,0.75,{}
2024-01-12 10:00:00,EURUSD,SignalType.HOLD,386393.0615300342,False,0.75,{}
2024-01-12 11:00:00,EURUSD,SignalType.SELL,45463.48683805263,False,0.75,{}
2024-01-12 12:00:00,EURUSD,SignalType.SELL,-252219.63535092073,True,0.75,{}
2024-01-12 13:00:00,EURUSD,SignalType.HOLD,409207.8748563222,False,0.75,{}
2024-01-12 14:00:00,EURUSD,SignalType.HOLD,-27295.197315363566,False,0.75,{}
2024-01-12 15:00:00,EURUSD,SignalType.SELL,-11717.904125296172,True,0.75,{}
2024-01-12 16:00:00,EURUSD,SignalType.HOLD,-395723.7632265856,False,0.75,{}
2024-01-12 17:00:00,EURUSD,SignalType.BUY,-2330616.964154179,False,0.75,{}
2024-01-12 18:00:00,EURUSD,SignalType.BUY,-654625.5150669389,False,0.75,{}
2024-01-12 19:00:00,EURUSD,SignalType.BUY,-570933.4039703549,False,0.75,{}
2024-01-12 20:00:00,EURUSD,SignalType.HOLD,-348744.92503934674,False,0.75,{}
2024-01-12 21:00:00,EURUSD,SignalType.HOLD,-1247438.9011075664,False,0.75,{}
2024-01-12 22:00:00,EURUSD,SignalType.BUY,5161404.686006754,True,0.75,{}
2024-01-12 23:00:00,EURUSD,SignalType.HOLD,413170.1825638311,False,0.75,{}
2024-01-13 00:00:00,EURUSD,SignalType.HOLD,-2092833.8337159278,False,0.75,{}
2024-01-13 01:00:00,EURUSD,SignalType.BUY,-32247.879338395935,False,0.75,{}
2024-01-13 02:00:00,EURUSD,SignalType.BUY,-798455.152705244,False,0.75,{}
2024-01-13 03:00:00,EURUSD,SignalType.HOLD,-158356.84793873838,False,0.75,{}
2024-01-13 04:00:00,EURUSD,SignalType.HOLD,-1310849.1183013928,False,0.75,{}
2024-01-13 05:00:00,EURUSD,SignalType.HOLD,522340.69707141543,False,0.75,{}
2024-01-13 06:00:00,EURUSD,SignalType.SELL,-504571.9384026711,True,0.75,{}
2024-01-13 07:00:00,EURUSD,SignalType.HOLD,347977.71435129334,False,0.75,{}
2024-01-13 08:00:00,EURUSD,SignalType.HOLD,261206.53844102094,False,0.75,{}
2024-01-13 09:00:00,EURUSD,SignalType.HOLD,524212.303436384,False,0.75,{}
2024-01-13 10:00:00,EURUSD,SignalType.HOLD,-368842.79011990316,False,0.75,{}
2024-01-13 11:00:00,EURUSD,SignalType.HOLD,2332098.920436574,False,0.75,{}
2024-01-13 12:00:00,EURUSD,SignalType.HOLD,2889607.9807135127,False,0.75,{}
2024-01-13 13:00:00,EURUSD,SignalType.SELL,-1540110.0976168504,True,0.75,{}
2024-01-13 14:00:00,EURUSD,SignalType.BUY,194873.8230906065,True,0.75,{}
2024-01-13 15:00:00,EURUSD,SignalType.HOLD,-855847.3552168265,False,0.75,{}
2024-01-13 16:00:00,EURUSD,SignalType.HOLD,-902566.6925773453,False,0.75,{}
2024-01-13 17:00:00,EURUSD,SignalType.BUY,668378.7906877956,True,0.75,{}
2024-01-13 18:00:00,EURUSD,SignalType.HOLD,206063.96039064066,False,0.75,{}
2024-01-13 19:00:00,EURUSD,SignalType.HOLD,124817.24696296624,False,0.75,{}
2024-01-13 20:00:00,EURUSD,SignalType.HOLD,-541085.5150334623,False,0.75,{}
2024-01-13 21:00:00,EURUSD,SignalType.HOLD,172602.54359085366,False,0.75,{}
2024-01-13 22:00:00,EURUSD,SignalType.HOLD,-1428610.2073246548,False,0.75,{}
2024-01-13 23:00:00,EURUSD,SignalType.BUY,-187218.60582882073,False,0.75,{}
2024-01-14 00:00:00,EURUSD,SignalType.HOLD,450862.72353648726,False,0.75,{}
2024-01-14 01:00:00,EURUSD,SignalType.HOLD,-127213.73333833412,False,0.75,{}
2024-01-14 02:00:00,EURUSD,SignalType.HOLD,498624.34707508783,False,0.75,{}
2024-01-14 03:00:00,EURUSD,SignalType.HOLD,1361571.0809867233,False,0.75,{}
2024-01-14 04:00:00,EURUSD,SignalType.SELL,726072.6654984729,False,0.75,{}
2024-01-14 05:00:00,EURUSD,SignalType.HOLD,4200015.1469880575,False,0.75,{}
2024-01-14 06:00:00,EURUSD,SignalType.SELL,-570349.9099710621,True,0.75,{}
2024-01-14 07:00:00,EURUSD,SignalType.HOLD,-25634.23913978795,False,0.75,{}
2024-01-14 08:00:00,EURUSD,SignalType.HOLD,-539412.4624607388,False,0.75,{}
2024-01-14 09:00:00,EURUSD,SignalType.BUY,-694608.4834349949,False,0.75,{}
2024-01-14 10:00:00,EURUSD,SignalType.HOLD,-1112369.6177537453,False,0.75,{}
2024-01-14 11:00:00,EURUSD,SignalType.HOLD,-299689.7494222435,False,0.75,{}
2024-01-14 12:00:00,EURUSD,SignalType.HOLD,-263379.10493745084,False,0.75,{}
2024-01-14 13:00:00,EURUSD,SignalType.BUY,-442221.4913967514,False,0.75,{}
2024-01-14 14:00:00,EURUSD,SignalType.HOLD,116238.68972991432,False,0.75,{}
2024-01-14 15:00:00,EURUSD,SignalType.HOLD,-2550731.3082926213,False,0.75,{}
2024-01-14 16:00:00,EURUSD,SignalType.BUY,1397801.2773357944,True,0.75,{}
2024-01-14 17:00:00,EURUSD,SignalType.SELL,722897.3857787718,False,0.75,{}
2024-01-14 18:00:00,EURUSD,SignalType.SELL,-733964.6714855235,True,0.75,{}
2024-01-14 19:00:00,EURUSD,SignalType.HOLD,-440862.4257695669,False,0.75,{}
2024-01-14 20:00:00,EURUSD,SignalType.BUY,-924821.1131935546,False,0.75,{}
2024-01-14 21:00:00,EURUSD,SignalType.BUY,-107639.43317536246,False,0.75,{}
2024-01-14 22:00:00,EURUSD,SignalType.HOLD,-755344.1109765731,False,0.75,{}
2024-01-14 23:00:00,EURUSD,SignalType.BUY,43994.704447314914,True,0.75,{}
2024-01-15 00:00:00,EURUSD,SignalType.HOLD,-272211.8753932375,False,0.75,{}
2024-01-15 01:00:00,EURUSD,SignalType.HOLD,-256432.99211723957,False,0.75,{}
2024-01-15 02:00:00,EURUSD,SignalType.HOLD,1429203.850074814,False,0.75,{}
2024-01-15 03:00:00,EURUSD,SignalType.HOLD,-378704.175243106,False,0.75,{}
2024-01-15 04:00:00,EURUSD,SignalType.HOLD,-1897389.9704606005,False,0.75,{}
2024-01-15 05:00:00,EURUSD,SignalType.HOLD,-536771.3432996277,False,0.75,{}
2024-01-15 06:00:00,EURUSD,SignalType.HOLD,-782662.88660697,False,0.75,{}
2024-01-15 07:00:00,EURUSD,SignalType.BUY,-253449.01513243484,False,0.75,{}
2024-01-15 08:00:00,EURUSD,SignalType.HOLD,-82269.75761024164,False,0.75,{}
2024-01-15 09:00:00,EURUSD,SignalType.HOLD,70616.3284302113,False,0.75,{}
2024-01-15 10:00:00,EURUSD,SignalType.HOLD,-554515.2684311949,False,0.75,{}
2024-01-15 11:00:00,EURUSD,SignalType.HOLD,367786.2538355794,False,0.75,{}
2024-01-15 12:00:00,EURUSD,SignalType.HOLD,803968.6540649291,False,0.75,{}
2024-01-15 13:00:00,EURUSD,SignalType.SELL,-784098.0634794823,True,0.75,{}
2024-01-15 14:00:00,EURUSD,SignalType.HOLD,-874026.3314034189,False,0.75,{}
2024-01-15 15:00:00,EURUSD,SignalType.HOLD,-869914.8225175038,False,0.75,{}
2024-01-15 16:00:00,EURUSD,SignalType.BUY,1824997.5559534056,True,0.75,{}
2024-01-15 17:00:00,EURUSD,SignalType.HOLD,683300.3043890017,False,0.75,{}
2024-01-15 18:00:00,EURUSD,SignalType.HOLD,1034078.0284863672,False,0.75,{}
2024-01-15 19:00:00,EURUSD,SignalType.HOLD,1017595.6372488872,False,0.75,{}
2024-01-15 20:00:00,EURUSD,SignalType.HOLD,-423819.9369825736,False,0.75,{}
2024-01-15 21:00:00,EURUSD,SignalType.HOLD,1272300.551575553,False,0.75,{}
2024-01-15 22:00:00,EURUSD,SignalType.SELL,1197052.8415379613,False,0.75,{}
2024-01-15 23:00:00,EURUSD,SignalType.SELL,2382983.1936571575,False,0.75,{}
2024-01-16 00:00:00,EURUSD,SignalType.HOLD,399411.7421145347,False,0.75,{}
2024-01-16 01:00:00,EURUSD,SignalType.HOLD,802946.0885571144,False,0.75,{}
2024-01-16 02:00:00,EURUSD,SignalType.HOLD,513968.62531144964,False,0.75,{}
2024-01-16 03:00:00,EURUSD,SignalType.SELL,1902408.6639191706,False,0.75,{}
2024-01-16 04:00:00,EURUSD,SignalType.SELL,1426598.0499373653,False,0.75,{}
2024-01-16 05:00:00,EURUSD,SignalType.SELL,136780.0270916814,False,0.75,{}
2024-01-16 06:00:00,EURUSD,SignalType.HOLD,-441404.34612399305,False,0.75,{}
2024-01-16 07:00:00,EURUSD,SignalType.HOLD,-48940.50643903256,False,0.75,{}
2024-01-16 08:00:00,EURUSD,SignalType.HOLD,-1313048.486749269,False,0.75,{}
2024-01-16 09:00:00,EURUSD,SignalType.HOLD,930750.5207000759,False,0.75,{}
2024-01-16 10:00:00,EURUSD,SignalType.HOLD,-393682.7254326204,False,0.75,{}
2024-01-16 11:00:00,EURUSD,SignalType.HOLD,192124.4218391098,False,0.75,{}
2024-01-16 12:00:00,EURUSD,SignalType.HOLD,2130027.492557567,False,0.75,{}
2024-01-16 13:00:00,EURUSD,SignalType.HOLD,1664161.92096641,False,0.75,{}
2024-01-16 14:00:00,EURUSD,SignalType.HOLD,1379665.0442179998,False,0.75,{}
2024-01-16 15:00:00,EURUSD,SignalType.HOLD,319387.4077695182,False,0.75,{}
2024-01-16 16:00:00,EURUSD,SignalType.SELL,468914.92371963523,False,0.75,{}
2024-01-16 17:00:00,EURUSD,SignalType.HOLD,-196155.70160636707,False,0.75,{}
2024-01-16 18:00:00,EURUSD,SignalType.BUY,-1012048.2339764658,False,0.75,{}
2024-01-16 19:00:00,EURUSD,SignalType.BUY,847583.6664584585,True,0.75,{}
2024-01-16 20:00:00,EURUSD,SignalType.HOLD,2164693.786578855,False,0.75,{}
2024-01-16 21:00:00,EURUSD,SignalType.SELL,1716963.6455951969,False,0.75,{}
2024-01-16 22:00:00,EURUSD,SignalType.HOLD,-112791.5020797991,False,0.75,{}
2024-01-16 23:00:00,EURUSD,SignalType.HOLD,597617.2496027403,False,0.75,{}
2024-01-17 00:00:00,EURUSD,SignalType.HOLD,-453897.85715103697,False,0.75,{}
2024-01-17 01:00:00,EURUSD,SignalType.HOLD,-3593318.985793435,False,0.75,{}
2024-01-17 02:00:00,EURUSD,SignalType.BUY,-1299597.9146474383,False,0.75,{}
2024-01-17 03:00:00,EURUSD,SignalType.BUY,920940.0841919342,True,0.75,{}
2024-01-17 04:00:00,EURUSD,SignalType.HOLD,587150.8800975562,False,0.75,{}
2024-01-17 05:00:00,EURUSD,SignalType.SELL,-239341.6939732515,True,0.75,{}
2024-01-17 06:00:00,EURUSD,SignalType.HOLD,54275.92091289171,False,0.75,{}
2024-01-17 07:00:00,EURUSD,SignalType.HOLD,-536981.8478750404,False,0.75,{}
2024-01-17 08:00:00,EURUSD,SignalType.HOLD,715323.3388880016,False,0.75,{}
2024-01-17 09:00:00,EURUSD,SignalType.HOLD,-127446.99317643608,False,0.75,{}
2024-01-17 10:00:00,EURUSD,SignalType.HOLD,-1418825.5785905449,False,0.75,{}
2024-01-17 11:00:00,EURUSD,SignalType.HOLD,-1675530.2964317617,False,0.75,{}
2024-01-17 12:00:00,EURUSD,SignalType.HOLD,-149075.36932143557,False,0.75,{}
2024-01-17 13:00:00,EURUSD,SignalType.HOLD,-1323112.146859612,False,0.75,{}
2024-01-17 14:00:00,EURUSD,SignalType.HOLD,-389676.8149211175,False,0.75,{}
2024-01-17 15:00:00,EURUSD,SignalType.HOLD,-898516.3824246775,False,0.75,{}
2024-01-17 16:00:00,EURUSD,SignalType.HOLD,-853191.5756442687,False,0.75,{}
2024-01-17 17:00:00,EURUSD,SignalType.HOLD,-105841.7152033826,False,0.75,{}
2024-01-17 18:00:00,EURUSD,SignalType.HOLD,-2120805.869327528,False,0.75,{}
2024-01-17 19:00:00,EURUSD,SignalType.BUY,-870721.6052567605,False,0.75,{}
2024-01-17 20:00:00,EURUSD,SignalType.HOLD,-712031.3810791936,False,0.75,{}
2024-01-17 21:00:00,EURUSD,SignalType.HOLD,-184229.67319047984,False,0.75,{}
2024-01-17 22:00:00,EURUSD,SignalType.BUY,699571.9769185962,True,0.75,{}
2024-01-17 23:00:00,EURUSD,SignalType.SELL,-1239617.0292953388,True,0.75,{}
2024-01-18 00:00:00,EURUSD,SignalType.BUY,3781144.934844017,True,0.75,{}
2024-01-18 01:00:00,EURUSD,SignalType.SELL,281680.3151217482,False,0.75,{}
2024-01-18 02:00:00,EURUSD,SignalType.HOLD,-61114.978870789404,False,0.75,{}
2024-01-18 03:00:00,EURUSD,SignalType.HOLD,-1728539.3711829556,False,0.75,{}
2024-01-18 04:00:00,EURUSD,SignalType.BUY,158591.13130332844,True,0.75,{}
2024-01-18 05:00:00,EURUSD,SignalType.HOLD,-177870.73624586128,False,0.75,{}
2024-01-18 06:00:00,EURUSD,SignalType.HOLD,887016.0774936517,False,0.75,{}
2024-01-18 07:00:00,EURUSD,SignalType.SELL,-34967.00515671819,True,0.75,{}
2024-01-18 08:00:00,EURUSD,SignalType.HOLD,1457454.0456974432,False,0.75,{}
2024-01-18 09:00:00,EURUSD,SignalType.HOLD,-448490.6707403297,False,0.75,{}
2024-01-18 10:00:00,EURUSD,SignalType.HOLD,552526.5958063119,False,0.75,{}
2024-01-18 11:00:00,EURUSD,SignalType.HOLD,-633643.6052565409,False,0.75,{}
2024-01-18 12:00:00,EURUSD,SignalType.HOLD,-39222.28646448275,False,0.75,{}
2024-01-18 13:00:00,EURUSD,SignalType.HOLD,4152.629768123006,False,0.75,{}
2024-01-18 14:00:00,EURUSD,SignalType.HOLD,-195555.04931588983,False,0.75,{}
2024-01-18 15:00:00,EURUSD,SignalType.BUY,-818423.8697437763,False,0.75,{}
2024-01-18 16:00:00,EURUSD,SignalType.HOLD,-523924.20377472945,False,0.75,{}
2024-01-18 17:00:00,EURUSD,SignalType.HOLD,43116.877278807806,False,0.75,{}
2024-01-18 18:00:00,EURUSD,SignalType.HOLD,2706723.549116407,False,0.75,{}
2024-01-18 19:00:00,EURUSD,SignalType.HOLD,147727.53221970107,False,0.75,{}
2024-01-18 20:00:00,EURUSD,SignalType.HOLD,-798836.9597635756,False,0.75,{}
2024-01-18 21:00:00,EURUSD,SignalType.HOLD,-40459.449753595894,False,0.75,{}
2024-01-18 22:00:00,EURUSD,SignalType.HOLD,-878827.7417816357,False,0.75,{}
2024-01-18 23:00:00,EURUSD,SignalType.HOLD,-706759.9522997489,False,0.75,{}
2024-01-19 00:00:00,EURUSD,SignalType.BUY,-642031.231875983,False,0.75,{}
2024-01-19 01:00:00,EURUSD,SignalType.HOLD,-201008.69693900223,False,0.75,{}
2024-01-19 02:00:00,EURUSD,SignalType.HOLD,1565353.4451200245,False,0.75,{}
2024-01-19 03:00:00,EURUSD,SignalType.SELL,-864309.6136739905,True,0.75,{}
2024-01-19 04:00:00,EURUSD,SignalType.BUY,-484619.9543607213,False,0.75,{}
2024-01-19 05:00:00,EURUSD,SignalType.HOLD,-460429.4795932674,False,0.75,{}
2024-01-19 06:00:00,EURUSD,SignalType.BUY,-138224.25505397632,False,0.75,{}
2024-01-19 07:00:00,EURUSD,SignalType.HOLD,811289.4299362142,False,0.75,{}
2024-01-19 08:00:00,EURUSD,SignalType.HOLD,-877485.7864321234,False,0.75,{}
2024-01-19 09:00:00,EURUSD,SignalType.HOLD,-971529.5142938634,False,0.75,{}
2024-01-19 10:00:00,EURUSD,SignalType.HOLD,490713.5404867063,False,0.75,{}
2024-01-19 11:00:00,EURUSD,SignalType.HOLD,572659.4763361004,False,0.75,{}
2024-01-19 12:00:00,EURUSD,SignalType.HOLD,-815479.49968681,False,0.75,{}
2024-01-19 13:00:00,EURUSD,SignalType.BUY,-2027.285750361898,False,0.75,{}
2024-01-19 14:00:00,EURUSD,SignalType.HOLD,871457.3557350968,False,0.75,{}
2024-01-19 15:00:00,EURUSD,SignalType.HOLD,-524909.5722367929,False,0.75,{}
2024-01-19 16:00:00,EURUSD,SignalType.HOLD,-613783.6161533074,False,0.75,{}
2024-01-19 17:00:00,EURUSD,SignalType.HOLD,516175.9178218699,False,0.75,{}
2024-01-19 18:00:00,EURUSD,SignalType.SELL,-1399979.37051098,True,0.75,{}
2024-01-19 19:00:00,EURUSD,SignalType.HOLD,-3290.8093632295277,False,0.75,{}
2024-01-19 20:00:00,EURUSD,SignalType.SELL,-1219991.7878456882,True,0.75,{}
2024-01-19 21:00:00,EURUSD,SignalType.HOLD,-1058501.508043704,False,0.75,{}
2024-01-19 22:00:00,EURUSD,SignalType.HOLD,658849.6275805972,False,0.75,{}
2024-01-19 23:00:00,EURUSD,SignalType.SELL,-891264.092918243,True,0.75,{}
2024-01-20 00:00:00,EURUSD,SignalType.BUY,447658.1023596543,True,0.75,{}
2024-01-20 01:00:00,EURUSD,SignalType.HOLD,1730119.899640016,False,0.75,{}
2024-01-20 02:00:00,EURUSD,SignalType.HOLD,-86426.88279421919,False,0.75,{}
2024-01-20 03:00:00,EURUSD,SignalType.HOLD,18369.156785238374,False,0.75,{}
2024-01-20 04:00:00,EURUSD,SignalType.HOLD,-3168701.466260137,False,0.75,{}
2024-01-20 05:00:00,EURUSD,SignalType.BUY,-1724026.7306143744,False,0.75,{}
2024-01-20 06:00:00,EURUSD,SignalType.HOLD,920226.4862592393,False,0.75,{}
2024-01-20 07:00:00,EURUSD,SignalType.SELL,-2056207.9843087462,True,0.75,{}
2024-01-20 08:00:00,EURUSD,SignalType.HOLD,-795082.8466244616,False,0.75,{}
2024-01-20 09:00:00,EURUSD,SignalType.HOLD,1131013.3884680646,False,0.75,{}
2024-01-20 10:00:00,EURUSD,SignalType.SELL,1037043.2258184098,False,0.75,{}
2024-01-20 11:00:00,EURUSD,SignalType.HOLD,-1596083.054169469,False,0.75,{}
2024-01-20 12:00:00,EURUSD,SignalType.HOLD,564611.2952532201,False,0.75,{}
2024-01-20 13:00:00,EURUSD,SignalType.SELL,245930.11931447676,False,0.75,{}
2024-01-20 14:00:00,EURUSD,SignalType.SELL,1566708.9878813692,False,0.75,{}
2024-01-20 15:00:00,EURUSD,SignalType.SELL,1108840.7208473792,False,0.75,{}
2024-01-20 16:00:00,EURUSD,SignalType.SELL,-2797143.913550707,True,0.75,{}
2024-01-20 17:00:00,EURUSD,SignalType.BUY,-11086.749560994349,False,0.75,{}
2024-01-20 18:00:00,EURUSD,SignalType.HOLD,-315036.7493422686,False,0.75,{}
2024-01-20 19:00:00,EURUSD,SignalType.HOLD,-4023706.833669557,False,0.75,{}
2024-01-20 20:00:00,EURUSD,SignalType.BUY,-85218.13848131671,False,0.75,{}
2024-01-20 21:00:00,EURUSD,SignalType.BUY,-889796.7510902422,False,0.75,{}
2024-01-20 22:00:00,EURUSD,SignalType.HOLD,-939035.2281269248,False,0.75,{}
2024-01-20 23:00:00,EURUSD,SignalType.HOLD,-391523.40984751016,False,0.75,{}
2024-01-21 00:00:00,EURUSD,SignalType.SELL,-221231.10883559653,True,0.75,{}
2024-01-21 01:00:00,EURUSD,SignalType.SELL,48254.514052019316,False,0.75,{}
2024-01-21 02:00:00,EURUSD,SignalType.BUY,398011.284212606,True,0.75,{}
2024-01-21 03:00:00,EURUSD,SignalType.BUY,-327177.0175618813,False,0.75,{}
2024-01-21 04:00:00,EURUSD,SignalType.SELL,2467934.844804289,False,0.75,{}
2024-01-21 05:00:00,EURUSD,SignalType.HOLD,164056.60735312183,False,0.75,{}
2024-01-21 06:00:00,EURUSD,SignalType.HOLD,317269.2884915645,False,0.75,{}
2024-01-21 07:00:00,EURUSD,SignalType.HOLD,331600.9844961812,False,0.75,{}
2024-01-21 08:00:00,EURUSD,SignalType.HOLD,1319593.94667803,False,0.75,{}
2024-01-21 09:00:00,EURUSD,SignalType.HOLD,-255173.558131346,False,0.75,{}
2024-01-21 10:00:00,EURUSD,SignalType.HOLD,-305623.3606452878,False,0.75,{}
2024-01-21 11:00:00,EURUSD,SignalType.BUY,539062.7361620278,True,0.75,{}
2024-01-21 12:00:00,EURUSD,SignalType.HOLD,-440827.87413406436,False,0.75,{}
2024-01-21 13:00:00,EURUSD,SignalType.HOLD,827949.1072372975,False,0.75,{}
2024-01-21 14:00:00,EURUSD,SignalType.HOLD,-1112764.5689604275,False,0.75,{}
2024-01-21 15:00:00,EURUSD,SignalType.BUY,-843497.2065456571,False,0.75,{}
2024-01-21 16:00:00,EURUSD,SignalType.HOLD,870150.6999919405,False,0.75,{}
2024-01-21 17:00:00,EURUSD,SignalType.SELL,-144718.54234933402,True,0.75,{}
2024-01-21 18:00:00,EURUSD,SignalType.BUY,381426.18893403606,True,0.75,{}
2024-01-01 01:00:00,GBPUSD,SignalType.BUY,-317855.2423503382,False,0.75,{}
2024-01-01 02:00:00,GBPUSD,SignalType.BUY,320355.8913473378,True,0.75,{}
2024-01-01 03:00:00,GBPUSD,SignalType.HOLD,700318.870716051,False,0.75,{}
2024-01-01 04:00:00,GBPUSD,SignalType.SELL,-962432.6939011045,True,0.75,{}
2024-01-01 05:00:00,GBPUSD,SignalType.SELL,-608242.7685455618,True,0.75,{}
2024-01-01 06:00:00,GBPUSD,SignalType.SELL,585996.1194699884,False,0.75,{}
2024-01-01 07:00:00,GBPUSD,SignalType.HOLD,-615511.6419328109,False,0.75,{}
2024-01-01 08:00:00,GBPUSD,SignalType.BUY,672420.1314821105,True,0.75,{}
2024-01-01 09:00:00,GBPUSD,SignalType.BUY,320742.9334884012,True,0.75,{}
2024-01-01 10:00:00,GBPUSD,SignalType.HOLD,2531805.4634666136,False,0.75,{}
2024-01-01 11:00:00,GBPUSD,SignalType.HOLD,333045.7213593968,False,0.75,{}
2024-01-01 12:00:00,GBPUSD,SignalType.HOLD,-1506321.16111863,False,0.75,{}
2024-01-01 13:00:00,GBPUSD,SignalType.HOLD,-724854.6693290337,False,0.75,{}
2024-01-01 14:00:00,GBPUSD,SignalType.HOLD,2959726.1538579557,False,0.75,{}
2024-01-01 15:00:00,GBPUSD,SignalType.HOLD,-628151.5591696694,False,0.75,{}
2024-01-01 16:00:00,GBPUSD,SignalType.HOLD,-808370.428763476,False,0.75,{}
2024-01-01 17:00:00,GBPUSD,SignalType.HOLD,1104556.1226952532,False,0.75,{}
2024-01-01 18:00:00,GBPUSD,SignalType.HOLD,-693369.5568304075,False,0.75,{}
2024-01-01 19:00:00,GBPUSD,SignalType.BUY,-45209.8595384183,False,0.75,{}
2024-01-01 20:00:00,GBPUSD,SignalType.HOLD,52950.619075026,False,0.75,{}
2024-01-01 21:00:00,GBPUSD,SignalType.HOLD,944764.8143236336,False,0.75,{}
2024-01-01 22:00:00,GBPUSD,SignalType.HOLD,-775969.4609590924,False,0.75,{}
2024-01-01 23:00:00,GBPUSD,SignalType.HOLD,1388950.499893899,False,0.75,{}
2024-01-02 00:00:00,GBPUSD,SignalType.SELL,339579.13026584603,False,0.75,{}
2024-01-02 01:00:00,GBPUSD,SignalType.HOLD,3430511.988850767,False,0.75,{}
2024-01-02 02:00:00,GBPUSD,SignalType.SELL,142270.75630668993,False,0.75,{}
2024-01-02 03:00:00,GBPUSD,SignalType.BUY,-21923.07273508277,False,0.75,{}
2024-01-02 04:00:00,GBPUSD,SignalType.HOLD,647801.0610599051,False,0.75,{}
2024-01-02 05:00:00,GBPUSD,SignalType.HOLD,-1112659.3243323509,False,0.75,{}
2024-01-02 06:00:00,GBPUSD,SignalType.BUY,1417088.65834157,True,0.75,{}
2024-01-02 07:00:00,GBPUSD,SignalType.HOLD,-247507.7196852078,False,0.75,{}
2024-01-02 08:00:00,GBPUSD,SignalType.HOLD,-280490.3112123873,False,0.75,{}
2024-01-02 09:00:00,GBPUSD,SignalType.HOLD,-1020556.8503905806,False,0.75,{}
2024-01-02 10:00:00,GBPUSD,SignalType.HOLD,-1570306.4031203256,False,0.75,{}
2024-01-02 11:00:00,GBPUSD,SignalType.HOLD,-440703.7407161636,False,0.75,{}
2024-01-02 12:00:00,GBPUSD,SignalType.HOLD,84852.14897267951,False,0.75,{}
2024-01-02 13:00:00,GBPUSD,SignalType.HOLD,-243848.27390160467,False,0.75,{}
2024-01-02 14:00:00,GBPUSD,SignalType.HOLD,-1376654.1273555253,False,0.75,{}
2024-01-02 15:00:00,GBPUSD,SignalType.BUY,127894.3070821083,True,0.75,{}
2024-01-02 16:00:00,GBPUSD,SignalType.HOLD,-653367.4804540761,False,0.75,{}
2024-01-02 17:00:00,GBPUSD,SignalType.BUY,-625058.7397028597,False,0.75,{}
2024-01-02 18:00:00,GBPUSD,SignalType.HOLD,233717.5877683802,False,0.75,{}
2024-01-02 19:00:00,GBPUSD,SignalType.HOLD,427661.64920837356,False,0.75,{}
2024-01-02 20:00:00,GBPUSD,SignalType.HOLD,-414218.18259434926,False,0.75,{}
2024-01-02 21:00:00,GBPUSD,SignalType.HOLD,-491927.4382926051,False,0.75,{}
2024-01-02 22:00:00,GBPUSD,SignalType.BUY,-875916.2632644029,False,0.75,{}
2024-01-02 23:00:00,GBPUSD,SignalType.HOLD,-254724.41267363593,False,0.75,{}
2024-01-03 00:00:00,GBPUSD,SignalType.BUY,946678.2540588508,True,0.75,{}
2024-01-03 01:00:00,GBPUSD,SignalType.HOLD,-1237277.4741061358,False,0.75,{}
2024-01-03 02:00:00,GBPUSD,SignalType.BUY,441435.05913105345,True,0.75,{}
2024-01-03 03:00:00,GBPUSD,SignalType.HOLD,251424.28964938803,False,0.75,{}
2024-01-03 04:00:00,GBPUSD,SignalType.HOLD,-932806.8078021905,False,0.75,{}
2024-01-03 05:00:00,GBPUSD,SignalType.BUY,-122123.74521455217,False,0.75,{}
2024-01-03 06:00:00,GBPUSD,SignalType.HOLD,1622377.6196013305,False,0.75,{}
2024-01-03 07:00:00,GBPUSD,SignalType.SELL,1894052.2095937093,False,0.75,{}
2024-01-03 08:00:00,GBPUSD,SignalType.SELL,66255.37329798249,False,0.75,{}
2024-01-03 09:00:00,GBPUSD,SignalType.SELL,-1159544.9453341751,True,0.75,{}
2024-01-03 10:00:00,GBPUSD,SignalType.HOLD,75680.21013368366,False,0.75,{}
2024-01-03 11:00:00,GBPUSD,SignalType.HOLD,-651477.6096407701,False,0.75,{}
2024-01-03 12:00:00,GBPUSD,SignalType.HOLD,1396134.0925178183,False,0.75,{}
2024-01-03 13:00:00,GBPUSD,SignalType.SELL,-1135064.8350503382,True,0.75,{}
2024-01-03 14:00:00,GBPUSD,SignalType.BUY,812150.8518342017,True,0.75,{}
2024-01-03 15:00:00,GBPUSD,SignalType.HOLD,382171.913418606,False,0.75,{}
2024-01-03 16:00:00,GBPUSD,SignalType.HOLD,456515.2460557761,False,0.75,{}
2024-01-03 17:00:00,GBPUSD,SignalType.HOLD,940811.8089375126,False,0.75,{}
2024-01-03 18:00:00,GBPUSD,SignalType.SELL,205602.10001348425,False,0.75,{}
2024-01-03 19:00:00,GBPUSD,SignalType.SELL,105806.74942823862,False,0.75,{}
2024-01-03 20:00:00,GBPUSD,SignalType.HOLD,-1171873.5026661307,False,0.75,{}
2024-01-03 21:00:00,GBPUSD,SignalType.HOLD,-1485345.7977648207,False,0.75,{}
2024-01-03 22:00:00,GBPUSD,SignalType.HOLD,1466161.8748301857,False,0.75,{}
2024-01-03 23:00:00,GBPUSD,SignalType.HOLD,-59223.47267042937,False,0.75,{}
2024-01-04 00:00:00,GBPUSD,SignalType.HOLD,1140801.1505050694,False,0.75,{}
2024-01-04 01:00:00,GBPUSD,SignalType.HOLD,-909264.1996108409,False,0.75,{}
2024-01-04 02:00:00,GBPUSD,SignalType.HOLD,-1274287.5402923648,False,0.75,{}
2024-01-04 03:00:00,GBPUSD,SignalType.BUY,-1714913.4379032939,False,0.75,{}
2024-01-04 04:00:00,GBPUSD,SignalType.HOLD,1676454.4963444013,False,0.75,{}
2024-01-04 05:00:00,GBPUSD,SignalType.SELL,728967.2076639596,False,0.75,{}
2024-01-04 06:00:00,GBPUSD,SignalType.SELL,293336.4924922171,False,0.75,{}
2024-01-04 07:00:00,GBPUSD,SignalType.SELL,-523481.6797493477,True,0.75,{}
2024-01-04 08:00:00,GBPUSD,SignalType.HOLD,-1487846.4237076447,False,0.75,{}
2024-01-04 09:00:00,GBPUSD,SignalType.BUY,-1287342.4862897648,False,0.75,{}
2024-01-04 10:00:00,GBPUSD,SignalType.HOLD,-336983.74248140794,False,0.75,{}
2024-01-04 11:00:00,GBPUSD,SignalType.HOLD,-168637.04988153643,False,0.75,{}
2024-01-04 12:00:00,GBPUSD,SignalType.HOLD,583260.7465264715,False,0.75,{}
2024-01-04 13:00:00,GBPUSD,SignalType.HOLD,-241308.69532915737,False,0.75,{}
2024-01-04 14:00:00,GBPUSD,SignalType.HOLD,-312639.738234802,False,0.75,{}
2024-01-04 15:00:00,GBPUSD,SignalType.HOLD,-665397.1041675911,False,0.75,{}
2024-01-04 16:00:00,GBPUSD,SignalType.BUY,130031.02753116963,True,0.75,{}
2024-01-04 17:00:00,GBPUSD,SignalType.HOLD,285573.16601927596,False,0.75,{}
2024-01-04 18:00:00,GBPUSD,SignalType.HOLD,1277998.672720811,False,0.75,{}
2024-01-04 19:00:00,GBPUSD,SignalType.SELL,-421095.4173342549,True,0.75,{}
2024-01-04 20:00:00,GBPUSD,SignalType.HOLD,-530621.572557718,False,0.75,{}
2024-01-04 21:00:00,GBPUSD,SignalType.HOLD,-1226550.283483143,False,0.75,{}
2024-01-04 22:00:00,GBPUSD,SignalType.BUY,-602942.4535566326,False,0.75,{}
2024-01-04 23:00:00,GBPUSD,SignalType.SELL,-471985.52882566076,True,0.75,{}
2024-01-05 00:00:00,GBPUSD,SignalType.SELL,93412.6871688636,False,0.75,{}
2024-01-05 01:00:00,GBPUSD,SignalType.BUY,567828.6655839322,True,0.75,{}
2024-01-05 02:00:00,GBPUSD,SignalType.HOLD,-1026294.5247271103,False,0.75,{}
2024-01-05 03:00:00,GBPUSD,SignalType.HOLD,1709987.9052326793,False,0.75,{}
2024-01-05 04:00:00,GBPUSD,SignalType.BUY,-777217.7840003299,False,0.75,{}
2024-01-05 05:00:00,GBPUSD,SignalType.BUY,-2983244.2497301158,False,0.75,{}
2024-01-05 06:00:00,GBPUSD,SignalType.HOLD,1425227.737167467,False,0.75,{}
2024-01-05 07:00:00,GBPUSD,SignalType.HOLD,2668098.460312513,False,0.75,{}
2024-01-05 08:00:00,GBPUSD,SignalType.BUY,-552286.6149294862,False,0.75,{}
2024-01-05 09:00:00,GBPUSD,SignalType.HOLD,777219.7071172647,False,0.75,{}
2024-01-05 10:00:00,GBPUSD,SignalType.HOLD,-262369.10149944096,False,0.75,{}
2024-01-05 11:00:00,GBPUSD,SignalType.HOLD,-2197822.192738516,False,0.75,{}
2024-01-05 12:00:00,GBPUSD,SignalType.HOLD,2473139.045612384,False,0.75,{}
2024-01-05 13:00:00,GBPUSD,SignalType.HOLD,-1330423.2459488134,False,0.75,{}
2024-01-05 14:00:00,GBPUSD,SignalType.HOLD,446190.0665390915,False,0.75,{}
2024-01-05 15:00:00,GBPUSD,SignalType.BUY,-1634790.2915109103,False,0.75,{}
2024-01-05 16:00:00,GBPUSD,SignalType.SELL,-196383.60545961987,True,0.75,{}
2024-01-05 17:00:00,GBPUSD,SignalType.SELL,363054.9985704601,False,0.75,{}
2024-01-05 18:00:00,GBPUSD,SignalType.BUY,-250713.7602402392,False,0.75,{}
2024-01-05 19:00:00,GBPUSD,SignalType.SELL,1144464.654791483,False,0.75,{}
2024-01-05 20:00:00,GBPUSD,SignalType.BUY,-383033.9881312671,False,0.75,{}
2024-01-05 21:00:00,GBPUSD,SignalType.HOLD,-189943.14392837323,False,0.75,{}
2024-01-05 22:00:00,GBPUSD,SignalType.HOLD,217091.55140370864,False,0.75,{}
2024-01-05 23:00:00,GBPUSD,SignalType.HOLD,210728.9189728493,False,0.75,{}
2024-01-06 00:00:00,GBPUSD,SignalType.BUY,-433709.6643590099,False,0.75,{}
2024-01-06 01:00:00,GBPUSD,SignalType.SELL,-2542974.15671802,True,0.75,{}
2024-01-06 02:00:00,GBPUSD,SignalType.SELL,-1002755.0650126102,True,0.75,{}
2024-01-06 03:00:00,GBPUSD,SignalType.HOLD,-140256.36821749742,False,0.75,{}
2024-01-06 04:00:00,GBPUSD,SignalType.SELL,-957787.0027493122,True,0.75,{}
2024-01-06 05:00:00,GBPUSD,SignalType.SELL,1091290.9304322477,False,0.75,{}
2024-01-06 06:00:00,GBPUSD,SignalType.BUY,48063.22558399188,True,0.75,{}
2024-01-06 07:00:00,GBPUSD,SignalType.BUY,-318126.50310062733,False,0.75,{}
2024-01-06 08:00:00,GBPUSD,SignalType.SELL,-832703.061591983,True,0.75,{}
2024-01-06 09:00:00,GBPUSD,SignalType.HOLD,2253434.4730049893,False,0.75,{}
2024-01-06 10:00:00,GBPUSD,SignalType.HOLD,1020421.4868768048,False,0.75,{}
2024-01-06 11:00:00,GBPUSD,SignalType.HOLD,-605245.452607354,False,0.75,{}
2024-01-06 12:00:00,GBPUSD,SignalType.SELL,-2525667.978575362,True,0.75,{}
2024-01-06 13:00:00,GBPUSD,SignalType.HOLD,-324325.8059286768,False,0.75,{}
2024-01-06 14:00:00,GBPUSD,SignalType.SELL,1360412.3500644898,False,0.75,{}
2024-01-06 15:00:00,GBPUSD,SignalType.BUY,-868863.653066457,False,0.75,{}
2024-01-06 16:00:00,GBPUSD,SignalType.HOLD,-289750.51023293816,False,0.75,{}
2024-01-06 17:00:00,GBPUSD,SignalType.SELL,-409911.53303208476,True,0.75,{}
2024-01-06 18:00:00,GBPUSD,SignalType.SELL,-347934.14889642125,True,0.75,{}
2024-01-06 19:00:00,GBPUSD,SignalType.SELL,-312404.7495882121,True,0.75,{}
2024-01-06 20:00:00,GBPUSD,SignalType.SELL,794048.9424497173,False,0.75,{}
2024-01-06 21:00:00,GBPUSD,SignalType.BUY,-682142.1423013282,False,0.75,{}
2024-01-06 22:00:00,GBPUSD,SignalType.SELL,1302893.8147938277,False,0.75,{}
2024-01-06 23:00:00,GBPUSD,SignalType.BUY,-897894.6551768535,False,0.75,{}
2024-01-07 00:00:00,GBPUSD,SignalType.HOLD,933519.4675308582,False,0.75,{}
2024-01-07 01:00:00,GBPUSD,SignalType.BUY,-1246160.4479119445,False,0.75,{}
2024-01-07 02:00:00,GBPUSD,SignalType.HOLD,120428.98366287886,False,0.75,{}
2024-01-07 03:00:00,GBPUSD,SignalType.HOLD,94439.01590316159,False,0.75,{}
2024-01-07 04:00:00,GBPUSD,SignalType.BUY,446057.05504704476,True,0.75,{}
2024-01-07 05:00:00,GBPUSD,SignalType.HOLD,1094763.6220195454,False,0.75,{}
2024-01-07 06:00:00,GBPUSD,SignalType.BUY,618649.3776315331,True,0.75,{}
2024-01-07 07:00:00,GBPUSD,SignalType.HOLD,-928373.3566481357,False,0.75,{}
2024-01-07 08:00:00,GBPUSD,SignalType.HOLD,1276981.503780982,False,0.75,{}
2024-01-07 09:00:00,GBPUSD,SignalType.HOLD,-727326.7839550147,False,0.75,{}
2024-01-07 10:00:00,GBPUSD,SignalType.HOLD,739618.3343688074,False,0.75,{}
2024-01-07 11:00:00,GBPUSD,SignalType.BUY,1177613.4564471021,True,0.75,{}
2024-01-07 12:00:00,GBPUSD,SignalType.HOLD,117803.50912882994,False,0.75,{}
2024-01-07 13:00:00,GBPUSD,SignalType.BUY,979603.9205649269,True,0.75,{}
2024-01-07 14:00:00,GBPUSD,SignalType.BUY,-638054.9990049924,False,0.75,{}
2024-01-07 15:00:00,GBPUSD,SignalType.SELL,410103.9223599037,False,0.75,{}
2024-01-07 16:00:00,GBPUSD,SignalType.BUY,-1043224.5889758292,False,0.75,{}
2024-01-07 17:00:00,GBPUSD,SignalType.HOLD,-94355.36529087073,False,0.75,{}
2024-01-07 18:00:00,GBPUSD,SignalType.SELL,129132.93579523696,False,0.75,{}
2024-01-07 19:00:00,GBPUSD,SignalType.HOLD,-780313.6006315899,False,0.75,{}
2024-01-07 20:00:00,GBPUSD,SignalType.SELL,2053936.914672028,False,0.75,{}
2024-01-07 21:00:00,GBPUSD,SignalType.HOLD,384992.7914447409,False,0.75,{}
2024-01-07 22:00:00,GBPUSD,SignalType.BUY,-859724.399127953,False,0.75,{}
2024-01-07 23:00:00,GBPUSD,SignalType.HOLD,422519.3251033673,False,0.75,{}
2024-01-08 00:00:00,GBPUSD,SignalType.HOLD,-639691.9760148654,False,0.75,{}
2024-01-08 01:00:00,GBPUSD,SignalType.HOLD,-1672066.4370050565,False,0.75,{}
2024-01-08 02:00:00,GBPUSD,SignalType.SELL,-616835.8346533108,True,0.75,{}
2024-01-08 03:00:00,GBPUSD,SignalType.SELL,1892612.9318141793,False,0.75,{}
2024-01-08 04:00:00,GBPUSD,SignalType.HOLD,-2138036.148270881,False,0.75,{}
2024-01-08 05:00:00,GBPUSD,SignalType.HOLD,-807994.5006536121,False,0.75,{}
2024-01-08 06:00:00,GBPUSD,SignalType.HOLD,-483299.2877085974,False,0.75,{}
2024-01-08 07:00:00,GBPUSD,SignalType.HOLD,-1501474.1852597264,False,0.75,{}
2024-01-08 08:00:00,GBPUSD,SignalType.HOLD,-694636.5511583622,False,0.75,{}
2024-01-08 09:00:00,GBPUSD,SignalType.SELL,-602921.9314561419,True,0.75,{}
2024-01-08 10:00:00,GBPUSD,SignalType.SELL,-110464.26870898812,True,0.75,{}
2024-01-08 11:00:00,GBPUSD,SignalType.HOLD,-636306.3509728988,False,0.75,{}
2024-01-08 12:00:00,GBPUSD,SignalType.HOLD,1375729.5971297924,False,0.75,{}
2024-01-08 13:00:00,GBPUSD,SignalType.HOLD,230763.67831656738,False,0.75,{}
2024-01-08 14:00:00,GBPUSD,SignalType.BUY,-828177.9216894836,False,0.75,{}
2024-01-08 15:00:00,GBPUSD,SignalType.SELL,-336916.87194985774,True,0.75,{}
2024-01-08 16:00:00,GBPUSD,SignalType.SELL,2356212.768661023,False,0.75,{}
2024-01-08 17:00:00,GBPUSD,SignalType.BUY,-1887146.222296011,False,0.75,{}
2024-01-08 18:00:00,GBPUSD,SignalType.HOLD,-309306.0188937272,False,0.75,{}
2024-01-08 19:00:00,GBPUSD,SignalType.HOLD,43603.78589415859,False,0.75,{}
2024-01-08 20:00:00,GBPUSD,SignalType.BUY,-707386.5136771371,False,0.75,{}
2024-01-08 21:00:00,GBPUSD,SignalType.HOLD,113629.60058108455,False,0.75,{}
2024-01-08 22:00:00,GBPUSD,SignalType.BUY,-159320.48779937645,False,0.75,{}
2024-01-08 23:00:00,GBPUSD,SignalType.SELL,499491.7474700208,False,0.75,{}
2024-01-09 00:00:00,GBPUSD,SignalType.BUY,-519901.13421244017,False,0.75,{}
2024-01-09 01:00:00,GBPUSD,SignalType.HOLD,-560992.9665939388,False,0.75,{}
2024-01-09 02:00:00,GBPUSD,SignalType.SELL,1114591.0263250323,False,0.75,{}
2024-01-09 03:00:00,GBPUSD,SignalType.BUY,-1037136.6217001093,False,0.75,{}
2024-01-09 04:00:00,GBPUSD,SignalType.SELL,-1365261.6798139524,True,0.75,{}
2024-01-09 05:00:00,GBPUSD,SignalType.HOLD,88910.19210502919,False,0.75,{}
2024-01-09 06:00:00,GBPUSD,SignalType.BUY,58798.67841974374,True,0.75,{}
2024-01-09 07:00:00,GBPUSD,SignalType.HOLD,1050420.322103081,False,0.75,{}
2024-01-09 08:00:00,GBPUSD,SignalType.HOLD,863953.5377847778,False,0.75,{}
2024-01-09 09:00:00,GBPUSD,SignalType.BUY,-219847.91974739663,False,0.75,{}
2024-01-09 10:00:00,GBPUSD,SignalType.SELL,989991.9159015599,False,0.75,{}
2024-01-09 11:00:00,GBPUSD,SignalType.BUY,-781015.5145106422,False,0.75,{}
2024-01-09 12:00:00,GBPUSD,SignalType.HOLD,-596840.0236183914,False,0.75,{}
2024-01-09 13:00:00,GBPUSD,SignalType.SELL,-1083348.1066759066,True,0.75,{}
2024-01-09 14:00:00,GBPUSD,SignalType.HOLD,760542.6763505227,False,0.75,{}
2024-01-09 15:00:00,GBPUSD,SignalType.BUY,-607061.4465735786,False,0.75,{}
2024-01-09 16:00:00,GBPUSD,SignalType.SELL,-1552477.4534194057,True,0.75,{}
2024-01-09 17:00:00,GBPUSD,SignalType.SELL,694595.7026937027,False,0.75,{}
2024-01-09 18:00:00,GBPUSD,SignalType.HOLD,567678.5026423977,False,0.75,{}
2024-01-09 19:00:00,GBPUSD,SignalType.HOLD,-1337491.0866342771,False,0.75,{}
2024-01-09 20:00:00,GBPUSD,SignalType.HOLD,-2996962.0613204506,False,0.75,{}
2024-01-09 21:00:00,GBPUSD,SignalType.SELL,-225072.54269799433,True,0.75,{}
2024-01-09 22:00:00,GBPUSD,SignalType.SELL,-4060004.6530032866,True,0.75,{}
2024-01-09 23:00:00,GBPUSD,SignalType.HOLD,853556.9370316602,False,0.75,{}
2024-01-10 00:00:00,GBPUSD,SignalType.BUY,5391505.985116417,True,0.75,{}
2024-01-10 01:00:00,GBPUSD,SignalType.HOLD,1475054.2724350817,False,0.75,{}
2024-01-10 02:00:00,GBPUSD,SignalType.HOLD,-13155.135340521156,False,0.75,{}
2024-01-10 03:00:00,GBPUSD,SignalType.BUY,1128069.9193777877,True,0.75,{}
2024-01-10 04:00:00,GBPUSD,SignalType.HOLD,-82584.5272468132,False,0.75,{}
2024-01-10 05:00:00,GBPUSD,SignalType.SELL,111435.81229645634,False,0.75,{}
2024-01-10 06:00:00,GBPUSD,SignalType.BUY,-66014.20240436937,False,0.75,{}
2024-01-10 07:00:00,GBPUSD,SignalType.SELL,-688849.7216800193,True,0.75,{}
2024-01-10 08:00:00,GBPUSD,SignalType.HOLD,-730215.6092308314,False,0.75,{}
2024-01-10 09:00:00,GBPUSD,SignalType.HOLD,212717.64607200568,False,0.75,{}
2024-01-10 10:00:00,GBPUSD,SignalType.BUY,1150269.7342735154,True,0.75,{}
2024-01-10 11:00:00,GBPUSD,SignalType.BUY,-825272.3331278162,False,0.75,{}
2024-01-10 12:00:00,GBPUSD,SignalType.SELL,-1718946.4138598647,True,0.75,{}
2024-01-10 13:00:00,GBPUSD,SignalType.SELL,189771.78578948497,False,0.75,{}
2024-01-10 14:00:00,GBPUSD,SignalType.BUY,-546229.9114364623,False,0.75,{}
2024-01-10 15:00:00,GBPUSD,SignalType.SELL,2808251.628830833,False,0.75,{}
2024-01-10 16:00:00,GBPUSD,SignalType.BUY,81014.18898725342,True,0.75,{}
2024-01-10 17:00:00,GBPUSD,SignalType.BUY,-1065895.8257847712,False,0.75,{}
2024-01-10 18:00:00,GBPUSD,SignalType.HOLD,565564.4020078762,False,0.75,{}
2024-01-10 19:00:00,GBPUSD,SignalType.HOLD,-347446.77927657677,False,0.75,{}
2024-01-10 20:00:00,GBPUSD,SignalType.SELL,882327.1946028558,False,0.75,{}
2024-01-10 21:00:00,GBPUSD,SignalType.HOLD,-630015.391317279,False,0.75,{}
2024-01-10 22:00:00,GBPUSD,SignalType.SELL,700426.4618652724,False,0.75,{}
2024-01-10 23:00:00,GBPUSD,SignalType.BUY,358430.6257281719,True,0.75,{}
2024-01-11 00:00:00,GBPUSD,SignalType.BUY,382601.65179960383,True,0.75,{}
2024-01-11 01:00:00,GBPUSD,SignalType.BUY,-543118.7106604613,False,0.75,{}
2024-01-11 02:00:00,GBPUSD,SignalType.HOLD,-2875764.837762952,False,0.75,{}
2024-01-11 03:00:00,GBPUSD,SignalType.HOLD,915063.5515510726,False,0.75,{}
2024-01-11 04:00:00,GBPUSD,SignalType.BUY,-279254.54016717593,False,0.75,{}
2024-01-11 05:00:00,GBPUSD,SignalType.SELL,-497303.2468893848,True,0.75,{}
2024-01-11 06:00:00,GBPUSD,SignalType.HOLD,35805.44452248887,False,0.75,{}
2024-01-11 07:00:00,GBPUSD,SignalType.HOLD,-420308.87209634786,False,0.75,{}
2024-01-11 08:00:00,GBPUSD,SignalType.HOLD,2066201.8840687461,False,0.75,{}
2024-01-11 09:00:00,GBPUSD,SignalType.HOLD,-562283.4709222002,False,0.75,{}
2024-01-11 10:00:00,GBPUSD,SignalType.SELL,-139545.18880887236,True,0.75,{}
2024-01-11 11:00:00,GBPUSD,SignalType.SELL,-1137721.8452385205,True,0.75,{}
2024-01-11 12:00:00,GBPUSD,SignalType.HOLD,-151648.77569813826,False,0.75,{}
2024-01-11 13:00:00,GBPUSD,SignalType.SELL,1044305.3485264477,False,0.75,{}
2024-01-11 14:00:00,GBPUSD,SignalType.BUY,-717416.5504332609,False,0.75,{}
2024-01-11 15:00:00,GBPUSD,SignalType.HOLD,-318352.41634410975,False,0.75,{}
2024-01-11 16:00:00,GBPUSD,SignalType.HOLD,-527785.5122132837,False,0.75,{}
2024-01-11 17:00:00,GBPUSD,SignalType.SELL,-850489.3295175998,True,0.75,{}
2024-01-11 18:00:00,GBPUSD,SignalType.SELL,-888843.6656944691,True,0.75,{}
2024-01-11 19:00:00,GBPUSD,SignalType.SELL,61987.71372656665,False,0.75,{}
2024-01-11 20:00:00,GBPUSD,SignalType.BUY,-1804374.415299567,False,0.75,{}
2024-01-11 21:00:00,GBPUSD,SignalType.HOLD,-292478.96552788914,False,0.75,{}
2024-01-11 22:00:00,GBPUSD,SignalType.SELL,158522.4437981583,False,0.75,{}
2024-01-11 23:00:00,GBPUSD,SignalType.BUY,-1569402.1620019726,False,0.75,{}
2024-01-12 00:00:00,GBPUSD,SignalType.HOLD,59909.563527369304,False,0.75,{}
2024-01-12 01:00:00,GBPUSD,SignalType.BUY,162411.05027516143,True,0.75,{}
2024-01-12 02:00:00,GBPUSD,SignalType.BUY,774343.815436423,True,0.75,{}
2024-01-12 03:00:00,GBPUSD,SignalType.BUY,-865918.2861951172,False,0.75,{}
2024-01-12 04:00:00,GBPUSD,SignalType.SELL,-294372.13292532304,True,0.75,{}
2024-01-12 05:00:00,GBPUSD,SignalType.SELL,1473779.363449853,False,0.75,{}
2024-01-12 06:00:00,GBPUSD,SignalType.BUY,2033376.107073609,True,0.75,{}
2024-01-12 07:00:00,GBPUSD,SignalType.HOLD,-975618.3518128273,False,0.75,{}
2024-01-12 08:00:00,GBPUSD,SignalType.SELL,422711.1864595417,False,0.75,{}
2024-01-12 09:00:00,GBPUSD,SignalType.BUY,296336.7883104297,True,0.75,{}
2024-01-12 10:00:00,GBPUSD,SignalType.BUY,-386910.90888086817,False,0.75,{}
2024-01-12 11:00:00,GBPUSD,SignalType.SELL,-787022.76494942,True,0.75,{}
2024-01-12 12:00:00,GBPUSD,SignalType.SELL,310399.12971023796,False,0.75,{}
2024-01-12 13:00:00,GBPUSD,SignalType.BUY,506210.54092029907,True,0.75,{}
2024-01-12 14:00:00,GBPUSD,SignalType.HOLD,826251.3446566368,False,0.75,{}
2024-01-12 15:00:00,GBPUSD,SignalType.HOLD,-1571106.3487045544,False,0.75,{}
2024-01-12 16:00:00,GBPUSD,SignalType.SELL,-1028969.4814818472,True,0.75,{}
2024-01-12 17:00:00,GBPUSD,SignalType.SELL,273469.05825268547,False,0.75,{}
2024-01-12 18:00:00,GBPUSD,SignalType.BUY,-722779.0410736474,False,0.75,{}
2024-01-12 19:00:00,GBPUSD,SignalType.SELL,-195093.00138849995,True,0.75,{}
2024-01-12 20:00:00,GBPUSD,SignalType.SELL,1536156.059421546,False,0.75,{}
2024-01-12 21:00:00,GBPUSD,SignalType.HOLD,334336.2181005159,False,0.75,{}
2024-01-12 22:00:00,GBPUSD,SignalType.BUY,1420651.883445246,True,0.75,{}
2024-01-12 23:00:00,GBPUSD,SignalType.BUY,-876153.2503154649,False,0.75,{}
2024-01-13 00:00:00,GBPUSD,SignalType.SELL,155441.8697603478,False,0.75,{}
2024-01-13 01:00:00,GBPUSD,SignalType.BUY,661974.9147463609,True,0.75,{}
2024-01-13 02:00:00,GBPUSD,SignalType.BUY,-8680.588027393696,False,0.75,{}
2024-01-13 03:00:00,GBPUSD,SignalType.BUY,-619486.1515382217,False,0.75,{}
2024-01-13 04:00:00,GBPUSD,SignalType.SELL,1436435.1263534513,False,0.75,{}
2024-01-13 05:00:00,GBPUSD,SignalType.HOLD,955439.36319767,False,0.75,{}
2024-01-13 06:00:00,GBPUSD,SignalType.HOLD,-29328.284711052675,False,0.75,{}
2024-01-13 07:00:00,GBPUSD,SignalType.BUY,-177592.51857145273,False,0.75,{}
2024-01-13 08:00:00,GBPUSD,SignalType.HOLD,-11985.661200476443,False,0.75,{}
2024-01-13 09:00:00,GBPUSD,SignalType.BUY,1363908.3189467555,True,0.75,{}
2024-01-13 10:00:00,GBPUSD,SignalType.BUY,2214589.921907782,True,0.75,{}
2024-01-13 11:00:00,GBPUSD,SignalType.HOLD,34270.811133549156,False,0.75,{}
2024-01-13 12:00:00,GBPUSD,SignalType.BUY,-647129.4282085365,False,0.75,{}
2024-01-13 13:00:00,GBPUSD,SignalType.SELL,-794458.9025796995,True,0.75,{}
2024-01-13 14:00:00,GBPUSD,SignalType.SELL,597436.9417885282,False,0.75,{}
2024-01-13 15:00:00,GBPUSD,SignalType.BUY,-1255949.8773414067,False,0.75,{}
2024-01-13 16:00:00,GBPUSD,SignalType.HOLD,650211.3772372718,False,0.75,{}
2024-01-13 17:00:00,GBPUSD,SignalType.HOLD,-1633871.03849793,False,0.75,{}
2024-01-13 18:00:00,GBPUSD,SignalType.HOLD,82893.96032397235,False,0.75,{}
2024-01-13 19:00:00,GBPUSD,SignalType.BUY,475253.3647448376,True,0.75,{}
2024-01-13 20:00:00,GBPUSD,SignalType.HOLD,-126878.23466221517,False,0.75,{}
2024-01-13 21:00:00,GBPUSD,SignalType.HOLD,2866185.0669462252,False,0.75,{}
2024-01-13 22:00:00,GBPUSD,SignalType.HOLD,-397052.5769208939,False,0.75,{}
2024-01-13 23:00:00,GBPUSD,SignalType.SELL,-2960774.046909244,True,0.75,{}
2024-01-14 00:00:00,GBPUSD,SignalType.SELL,381349.53733598196,False,0.75,{}
2024-01-14 01:00:00,GBPUSD,SignalType.BUY,669149.2205062446,True,0.75,{}
2024-01-14 02:00:00,GBPUSD,SignalType.HOLD,-481135.66106787405,False,0.75,{}
2024-01-14 03:00:00,GBPUSD,SignalType.SELL,-656909.4425491971,True,0.75,{}
2024-01-14 04:00:00,GBPUSD,SignalType.SELL,-406327.8715684146,True,0.75,{}
2024-01-14 05:00:00,GBPUSD,SignalType.SELL,-612990.9956585926,True,0.75,{}
2024-01-14 06:00:00,GBPUSD,SignalType.SELL,-1010199.3842182083,True,0.75,{}
2024-01-14 07:00:00,GBPUSD,SignalType.SELL,441890.82008532976,False,0.75,{}
2024-01-14 08:00:00,GBPUSD,SignalType.HOLD,-407294.79566785356,False,0.75,{}
2024-01-14 09:00:00,GBPUSD,SignalType.SELL,45022.7376449584,False,0.75,{}
2024-01-14 10:00:00,GBPUSD,SignalType.HOLD,2765892.8558416553,False,0.75,{}
2024-01-14 11:00:00,GBPUSD,SignalType.HOLD,-1646400.5885360371,False,0.75,{}
2024-01-14 12:00:00,GBPUSD,SignalType.HOLD,-21524.50639100607,False,0.75,{}
2024-01-14 13:00:00,GBPUSD,SignalType.HOLD,87765.97448224266,False,0.75,{}
2024-01-14 14:00:00,GBPUSD,SignalType.HOLD,266178.2155777928,False,0.75,{}
2024-01-14 15:00:00,GBPUSD,SignalType.HOLD,-2499736.4182266165,False,0.75,{}
2024-01-14 16:00:00,GBPUSD,SignalType.HOLD,285704.40351730667,False,0.75,{}
2024-01-14 17:00:00,GBPUSD,SignalType.HOLD,447746.625534337,False,0.75,{}
2024-01-14 18:00:00,GBPUSD,SignalType.BUY,-548688.609781484,False,0.75,{}
2024-01-14 19:00:00,GBPUSD,SignalType.SELL,604939.0852885518,False,0.75,{}
2024-01-14 20:00:00,GBPUSD,SignalType.BUY,798560.7786783885,True,0.75,{}
2024-01-14 21:00:00,GBPUSD,SignalType.HOLD,1146814.4580586136,False,0.75,{}
2024-01-14 22:00:00,GBPUSD,SignalType.HOLD,606103.8610532137,False,0.75,{}
2024-01-14 23:00:00,GBPUSD,SignalType.BUY,-1372537.3020851612,False,0.75,{}
2024-01-15 00:00:00,GBPUSD,SignalType.SELL,-264488.491323043,True,0.75,{}
2024-01-15 01:00:00,GBPUSD,SignalType.HOLD,-111712.66840511408,False,0.75,{}
2024-01-15 02:00:00,GBPUSD,SignalType.SELL,-2026956.4588774848,True,0.75,{}
2024-01-15 03:00:00,GBPUSD,SignalType.SELL,-99360.28234524428,True,0.75,{}
2024-01-15 04:00:00,GBPUSD,SignalType.SELL,-668780.5071405773,True,0.75,{}
2024-01-15 05:00:00,GBPUSD,SignalType.SELL,-560298.591042631,True,0.75,{}
2024-01-15 06:00:00,GBPUSD,SignalType.SELL,647041.6781747576,False,0.75,{}
2024-01-15 07:00:00,GBPUSD,SignalType.BUY,482085.03804946534,True,0.75,{}
2024-01-15 08:00:00,GBPUSD,SignalType.BUY,-283862.7357184282,False,0.75,{}
2024-01-15 09:00:00,GBPUSD,SignalType.HOLD,785276.5722221602,False,0.75,{}
2024-01-15 10:00:00,GBPUSD,SignalType.BUY,328669.28544623987,True,0.75,{}
2024-01-15 11:00:00,GBPUSD,SignalType.BUY,-394796.8906882534,False,0.75,{}
2024-01-15 12:00:00,GBPUSD,SignalType.SELL,-818557.193264271,True,0.75,{}
2024-01-15 13:00:00,GBPUSD,SignalType.SELL,-145090.50994925702,True,0.75,{}
2024-01-15 14:00:00,GBPUSD,SignalType.SELL,-249575.7092098893,True,0.75,{}
2024-01-15 15:00:00,GBPUSD,SignalType.SELL,68214.01486772629,False,0.75,{}
2024-01-15 16:00:00,GBPUSD,SignalType.BUY,50529.83882332001,True,0.75,{}
2024-01-15 17:00:00,GBPUSD,SignalType.BUY,-400636.35520392156,False,0.75,{}
2024-01-15 18:00:00,GBPUSD,SignalType.SELL,-1100444.7714743856,True,0.75,{}
2024-01-15 19:00:00,GBPUSD,SignalType.HOLD,-694954.3902696109,False,0.75,{}
2024-01-15 20:00:00,GBPUSD,SignalType.HOLD,985663.8147848571,False,0.75,{}
2024-01-15 21:00:00,GBPUSD,SignalType.HOLD,-272162.34093078354,False,0.75,{}
2024-01-15 22:00:00,GBPUSD,SignalType.SELL,823915.4456647179,False,0.75,{}
2024-01-15 23:00:00,GBPUSD,SignalType.BUY,-701909.4128592837,False,0.75,{}
2024-01-16 00:00:00,GBPUSD,SignalType.SELL,-989189.873260084,True,0.75,{}
2024-01-16 01:00:00,GBPUSD,SignalType.HOLD,-1941543.390104873,False,0.75,{}
2024-01-16 02:00:00,GBPUSD,SignalType.HOLD,-228500.34032972873,False,0.75,{}
2024-01-16 03:00:00,GBPUSD,SignalType.SELL,-1704799.451906606,True,0.75,{}
2024-01-16 04:00:00,GBPUSD,SignalType.SELL,722596.5530754593,False,0.75,{}
2024-01-16 05:00:00,GBPUSD,SignalType.HOLD,-434602.1110889615,False,0.75,{}
2024-01-16 06:00:00,GBPUSD,SignalType.SELL,241359.65727604344,False,0.75,{}
2024-01-16 07:00:00,GBPUSD,SignalType.BUY,58330.990086915335,True,0.75,{}
2024-01-16 08:00:00,GBPUSD,SignalType.BUY,1726999.628949866,True,0.75,{}
2024-01-16 09:00:00,GBPUSD,SignalType.BUY,-101950.96103615014,False,0.75,{}
2024-01-16 10:00:00,GBPUSD,SignalType.SELL,695741.713950506,False,0.75,{}
2024-01-16 11:00:00,GBPUSD,SignalType.HOLD,-12540.793470125209,False,0.75,{}
2024-01-16 12:00:00,GBPUSD,SignalType.BUY,-1140056.578546405,False,0.75,{}
2024-01-16 13:00:00,GBPUSD,SignalType.SELL,-611816.9311783732,True,0.75,{}
2024-01-16 14:00:00,GBPUSD,SignalType.HOLD,327602.1168730449,False,0.75,{}
2024-01-16 15:00:00,GBPUSD,SignalType.BUY,-176558.8249175198,False,0.75,{}
2024-01-16 16:00:00,GBPUSD,SignalType.HOLD,382472.29489899834,False,0.75,{}
2024-01-16 17:00:00,GBPUSD,SignalType.HOLD,-544550.1755691567,False,0.75,{}
2024-01-16 18:00:00,GBPUSD,SignalType.SELL,875395.9340512756,False,0.75,{}
2024-01-16 19:00:00,GBPUSD,SignalType.BUY,-1197629.6584214333,False,0.75,{}
2024-01-16 20:00:00,GBPUSD,SignalType.SELL,72659.66978155574,False,0.75,{}
2024-01-16 21:00:00,GBPUSD,SignalType.BUY,431873.8868800983,True,0.75,{}
2024-01-16 22:00:00,GBPUSD,SignalType.BUY,35495.84212645641,True,0.75,{}
2024-01-16 23:00:00,GBPUSD,SignalType.BUY,-2074028.2341733382,False,0.75,{}
2024-01-17 00:00:00,GBPUSD,SignalType.HOLD,1405963.3732458497,False,0.75,{}
2024-01-17 01:00:00,GBPUSD,SignalType.HOLD,-804882.9711597865,False,0.75,{}
2024-01-17 02:00:00,GBPUSD,SignalType.SELL,1014607.4215441195,False,0.75,{}
2024-01-17 03:00:00,GBPUSD,SignalType.HOLD,-464355.8342920005,False,0.75,{}
2024-01-17 04:00:00,GBPUSD,SignalType.SELL,83631.71136483742,False,0.75,{}
2024-01-17 05:00:00,GBPUSD,SignalType.BUY,-347017.120689402,False,0.75,{}
2024-01-17 06:00:00,GBPUSD,SignalType.SELL,-2247631.621114692,True,0.75,{}
2024-01-17 07:00:00,GBPUSD,SignalType.SELL,165989.2947354956,False,0.75,{}
2024-01-17 08:00:00,GBPUSD,SignalType.BUY,3893.5386062621546,True,0.75,{}
2024-01-17 09:00:00,GBPUSD,SignalType.BUY,-693595.02380928,False,0.75,{}
2024-01-17 10:00:00,GBPUSD,SignalType.SELL,-436351.188313688,True,0.75,{}
2024-01-17 11:00:00,GBPUSD,SignalType.SELL,323342.4958999967,False,0.75,{}
2024-01-17 12:00:00,GBPUSD,SignalType.BUY,627911.1047770447,True,0.75,{}
2024-01-17 13:00:00,GBPUSD,SignalType.BUY,-130809.79568578186,False,0.75,{}
2024-01-17 14:00:00,GBPUSD,SignalType.SELL,817529.4355905135,False,0.75,{}
2024-01-17 15:00:00,GBPUSD,SignalType.BUY,-36448.445880405416,False,0.75,{}
2024-01-17 16:00:00,GBPUSD,SignalType.BUY,-195735.56188076964,False,0.75,{}
2024-01-17 17:00:00,GBPUSD,SignalType.SELL,13029.964469951665,False,0.75,{}
2024-01-17 18:00:00,GBPUSD,SignalType.BUY,1977414.9111935366,True,0.75,{}
2024-01-17 19:00:00,GBPUSD,SignalType.BUY,49144.151270033944,True,0.75,{}
2024-01-17 20:00:00,GBPUSD,SignalType.BUY,56575.92902417946,True,0.75,{}
2024-01-17 21:00:00,GBPUSD,SignalType.BUY,-988715.5330369114,False,0.75,{}
2024-01-17 22:00:00,GBPUSD,SignalType.SELL,-684173.375113819,True,0.75,{}
2024-01-17 23:00:00,GBPUSD,SignalType.SELL,544902.8392874607,False,0.75,{}
2024-01-18 00:00:00,GBPUSD,SignalType.BUY,828955.4210212645,True,0.75,{}
2024-01-18 01:00:00,GBPUSD,SignalType.HOLD,177377.11095888697,False,0.75,{}
2024-01-18 02:00:00,GBPUSD,SignalType.BUY,-617883.0057477762,False,0.75,{}
2024-01-18 03:00:00,GBPUSD,SignalType.SELL,-1285942.3792189136,True,0.75,{}
2024-01-18 04:00:00,GBPUSD,SignalType.SELL,-738000.8941385313,True,0.75,{}
2024-01-18 05:00:00,GBPUSD,SignalType.SELL,450800.6290089543,False,0.75,{}
2024-01-18 06:00:00,GBPUSD,SignalType.BUY,90333.2167344479,True,0.75,{}
2024-01-18 07:00:00,GBPUSD,SignalType.HOLD,-375735.2541591217,False,0.75,{}
2024-01-18 08:00:00,GBPUSD,SignalType.SELL,-1513518.6389799719,True,0.75,{}
2024-01-18 09:00:00,GBPUSD,SignalType.HOLD,-119428.62172994865,False,0.75,{}
2024-01-18 10:00:00,GBPUSD,SignalType.SELL,240462.253429655,False,0.75,{}
2024-01-18 11:00:00,GBPUSD,SignalType.BUY,-715429.5895909172,False,0.75,{}
2024-01-18 12:00:00,GBPUSD,SignalType.HOLD,2314538.8440480744,False,0.75,{}
2024-01-18 13:00:00,GBPUSD,SignalType.HOLD,-1882633.4399377492,False,0.75,{}
2024-01-18 14:00:00,GBPUSD,SignalType.SELL,-921101.6158474968,True,0.75,{}
2024-01-18 15:00:00,GBPUSD,SignalType.SELL,-119909.50828005225,True,0.75,{}
2024-01-18 16:00:00,GBPUSD,SignalType.SELL,-377056.4121874759,True,0.75,{}
2024-01-18 17:00:00,GBPUSD,SignalType.SELL,-315151.5512251717,True,0.75,{}
2024-01-18 18:00:00,GBPUSD,SignalType.SELL,2454316.72622105,False,0.75,{}
2024-01-18 19:00:00,GBPUSD,SignalType.HOLD,328531.6531656008,False,0.75,{}
2024-01-18 20:00:00,GBPUSD,SignalType.BUY,-299011.5717597155,False,0.75,{}
2024-01-18 21:00:00,GBPUSD,SignalType.SELL,64207.76081866734,False,0.75,{}
2024-01-18 22:00:00,GBPUSD,SignalType.BUY,28925.167948568742,True,0.75,{}
2024-01-18 23:00:00,GBPUSD,SignalType.BUY,-1085928.9389155083,False,0.75,{}
2024-01-19 00:00:00,GBPUSD,SignalType.SELL,-9239.708304567102,True,0.75,{}
2024-01-19 01:00:00,GBPUSD,SignalType.BUY,1133012.5294636628,True,0.75,{}
2024-01-19 02:00:00,GBPUSD,SignalType.BUY,1313610.1642856556,True,0.75,{}
2024-01-19 03:00:00,GBPUSD,SignalType.BUY,-657061.3162636119,False,0.75,{}
2024-01-19 04:00:00,GBPUSD,SignalType.SELL,-267727.8497485531,True,0.75,{}
2024-01-19 05:00:00,GBPUSD,SignalType.SELL,227870.07455993717,False,0.75,{}
2024-01-19 06:00:00,GBPUSD,SignalType.BUY,632612.1319919957,True,0.75,{}
2024-01-19 07:00:00,GBPUSD,SignalType.BUY,-2550663.1710531656,False,0.75,{}
2024-01-19 08:00:00,GBPUSD,SignalType.SELL,-643215.5372159878,True,0.75,{}
2024-01-19 09:00:00,GBPUSD,SignalType.SELL,-997033.0751597885,True,0.75,{}
2024-01-19 10:00:00,GBPUSD,SignalType.HOLD,754482.1310212364,False,0.75,{}
2024-01-19 11:00:00,GBPUSD,SignalType.BUY,870542.6346405648,True,0.75,{}
2024-01-19 12:00:00,GBPUSD,SignalType.BUY,-1683706.6257976312,False,0.75,{}
2024-01-19 13:00:00,GBPUSD,SignalType.SELL,638173.8996003515,False,0.75,{}
2024-01-19 14:00:00,GBPUSD,SignalType.BUY,-439426.1943279025,False,0.75,{}
2024-01-19 15:00:00,GBPUSD,SignalType.SELL,1590959.1338650852,False,0.75,{}
2024-01-19 16:00:00,GBPUSD,SignalType.HOLD,-804375.6279375203,False,0.75,{}
2024-01-19 17:00:00,GBPUSD,SignalType.HOLD,759077.0058078533,False,0.75,{}
2024-01-19 18:00:00,GBPUSD,SignalType.HOLD,-1168873.2100280458,False,0.75,{}
2024-01-19 19:00:00,GBPUSD,SignalType.SELL,-807564.3971712771,True,0.75,{}
2024-01-19 20:00:00,GBPUSD,SignalType.SELL,54527.023934119825,False,0.75,{}
2024-01-19 21:00:00,GBPUSD,SignalType.HOLD,-1307616.7864647822,False,0.75,{}
2024-01-19 22:00:00,GBPUSD,SignalType.SELL,914069.2374548826,False,0.75,{}
2024-01-19 23:00:00,GBPUSD,SignalType.HOLD,-637392.6516774282,False,0.75,{}
2024-01-20 00:00:00,GBPUSD,SignalType.SELL,-661222.072083633,True,0.75,{}
2024-01-20 01:00:00,GBPUSD,SignalType.SELL,-863068.3962914782,True,0.75,{}
2024-01-20 02:00:00,GBPUSD,SignalType.SELL,-469070.39715376415,True,0.75,{}
2024-01-20 03:00:00,GBPUSD,SignalType.SELL,471016.6846319271,False,0.75,{}
2024-01-20 04:00:00,GBPUSD,SignalType.BUY,909807.6780045312,True,0.75,{}
2024-01-20 05:00:00,GBPUSD,SignalType.BUY,-57008.97381307186,False,0.75,{}
2024-01-20 06:00:00,GBPUSD,SignalType.BUY,-1377258.4274065502,False,0.75,{}
2024-01-20 07:00:00,GBPUSD,SignalType.SELL,-1491021.3743831946,True,0.75,{}
2024-01-20 08:00:00,GBPUSD,SignalType.SELL,-1567124.6775143344,True,0.75,{}
2024-01-20 09:00:00,GBPUSD,SignalType.HOLD,325305.303710079,False,0.75,{}
2024-01-20 10:00:00,GBPUSD,SignalType.HOLD,-1819545.9633606107,False,0.75,{}
2024-01-20 11:00:00,GBPUSD,SignalType.HOLD,-747015.7366463809,False,0.75,{}
2024-01-20 12:00:00,GBPUSD,SignalType.SELL,18040.59854456682,False,0.75,{}
2024-01-20 13:00:00,GBPUSD,SignalType.BUY,-304093.2523544871,False,0.75,{}
2024-01-20 14:00:00,GBPUSD,SignalType.SELL,-919724.0314527471,True,0.75,{}
2024-01-20 15:00:00,GBPUSD,SignalType.SELL,-523245.38508672506,True,0.75,{}
2024-01-20 16:00:00,GBPUSD,SignalType.HOLD,-669972.1469456381,False,0.75,{}
2024-01-20 17:00:00,GBPUSD,SignalType.SELL,146444.0254592455,False,0.75,{}
2024-01-20 18:00:00,GBPUSD,SignalType.BUY,-603124.5457568229,False,0.75,{}
2024-01-20 19:00:00,GBPUSD,SignalType.SELL,-325961.91813543555,True,0.75,{}
2024-01-20 20:00:00,GBPUSD,SignalType.HOLD,-963286.5714902801,False,0.75,{}
2024-01-20 21:00:00,GBPUSD,SignalType.HOLD,751125.5472606899,False,0.75,{}
2024-01-20 22:00:00,GBPUSD,SignalType.HOLD,-2229197.8193271826,False,0.75,{}
2024-01-20 23:00:00,GBPUSD,SignalType.HOLD,314858.30879292736,False,0.75,{}
2024-01-21 00:00:00,GBPUSD,SignalType.HOLD,-440366.7313655114,False,0.75,{}
2024-01-21 01:00:00,GBPUSD,SignalType.SELL,152176.58636017406,False,0.75,{}
2024-01-21 02:00:00,GBPUSD,SignalType.BUY,-130329.00136918215,False,0.75,{}
2024-01-21 03:00:00,GBPUSD,SignalType.BUY,1050421.7302255346,True,0.75,{}
2024-01-21 04:00:00,GBPUSD,SignalType.BUY,848657.0553830006,True,0.75,{}
2024-01-21 05:00:00,GBPUSD,SignalType.BUY,745787.0461989478,True,0.75,{}
2024-01-21 06:00:00,GBPUSD,SignalType.BUY,640999.5381382578,True,0.75,{}
2024-01-21 07:00:00,GBPUSD,SignalType.BUY,-2115321.7640426736,False,0.75,{}
2024-01-21 08:00:00,GBPUSD,SignalType.HOLD,-1724670.3978847018,False,0.75,{}
2024-01-21 09:00:00,GBPUSD,SignalType.HOLD,-1119111.2940708536,False,0.75,{}
2024-01-21 10:00:00,GBPUSD,SignalType.SELL,-2342939.909581455,True,0.75,{}
2024-01-21 11:00:00,GBPUSD,SignalType.SELL,542514.0337760058,False,0.75,{}
2024-01-21 12:00:00,GBPUSD,SignalType.BUY,-1125614.0549539486,False,0.75,{}
2024-01-21 13:00:00,GBPUSD,SignalType.SELL,-201684.80622473906,True,0.75,{}
2024-01-21 14:00:00,GBPUSD,SignalType.SELL,562814.9148116244,False,0.75,{}
2024-01-21 15:00:00,GBPUSD,SignalType.BUY,-1525834.6287354743,False,0.75,{}
2024-01-21 16:00:00,GBPUSD,SignalType.SELL,-1823688.702634172,True,0.75,{}
2024-01-21 17:00:00,GBPUSD,SignalType.HOLD,-4635.225597048702,False,0.75,{}
2024-01-21 18:00:00,GBPUSD,SignalType.BUY,413390.1180929479,True,0.75,{}
2024-01-01 01:00:00,USDJPY,SignalType.SELL,122222.51086798846,False,0.75,{}
2024-01-01 02:00:00,USDJPY,SignalType.BUY,-412823.75846239,False,0.75,{}
2024-01-01 03:00:00,USDJPY,SignalType.SELL,758692.7619884915,False,0.75,{}
2024-01-01 04:00:00,USDJPY,SignalType.HOLD,-847577.08561403,False,0.75,{}
2024-01-01 05:00:00,USDJPY,SignalType.HOLD,-30666.277629169515,False,0.75,{}
2024-01-01 06:00:00,USDJPY,SignalType.SELL,-1591225.7263767277,True,0.75,{}
2024-01-01 07:00:00,USDJPY,SignalType.HOLD,479430.36531907355,False,0.75,{}
2024-01-01 08:00:00,USDJPY,SignalType.BUY,926075.4872559113,True,0.75,{}
2024-01-01 09:00:00,USDJPY,SignalType.HOLD,296588.3699720384,False,0.75,{}
2024-01-01 10:00:00,USDJPY,SignalType.HOLD,-1128327.5134545034,False,0.75,{}
2024-01-01 11:00:00,USDJPY,SignalType.SELL,-1033517.3703412752,True,0.75,{}
2024-01-01 12:00:00,USDJPY,SignalType.SELL,-49052.746732735955,True,0.75,{}
2024-01-01 13:00:00,USDJPY,SignalType.SELL,-554615.1998752921,True,0.75,{}
2024-01-01 14:00:00,USDJPY,SignalType.SELL,497278.48493913515,False,0.75,{}
2024-01-01 15:00:00,USDJPY,SignalType.BUY,-85802.95973716232,False,0.75,{}
2024-01-01 16:00:00,USDJPY,SignalType.SELL,125591.90609823815,False,0.75,{}
2024-01-01 17:00:00,USDJPY,SignalType.BUY,-1047509.6288580113,False,0.75,{}
2024-01-01 18:00:00,USDJPY,SignalType.HOLD,-203264.82473736804,False,0.75,{}
2024-01-01 19:00:00,USDJPY,SignalType.HOLD,-460469.65360056504,False,0.75,{}
2024-01-01 20:00:00,USDJPY,SignalType.SELL,1180674.4242243024,False,0.75,{}
2024-01-01 21:00:00,USDJPY,SignalType.HOLD,88152.27278990847,False,0.75,{}
2024-01-01 22:00:00,USDJPY,SignalType.HOLD,-244931.23397164594,False,0.75,{}
2024-01-01 23:00:00,USDJPY,SignalType.HOLD,607317.1330827989,False,0.75,{}
2024-01-02 00:00:00,USDJPY,SignalType.BUY,-389013.6403986458,False,0.75,{}
2024-01-02 01:00:00,USDJPY,SignalType.HOLD,-898727.3743700422,False,0.75,{}
2024-01-02 02:00:00,USDJPY,SignalType.SELL,-823432.4507954023,True,0.75,{}
2024-01-02 03:00:00,USDJPY,SignalType.HOLD,-154640.33853731395,False,0.75,{}
2024-01-02 04:00:00,USDJPY,SignalType.SELL,1247472.1106372061,False,0.75,{}
2024-01-02 05:00:00,USDJPY,SignalType.HOLD,221836.94894730137,False,0.75,{}
2024-01-02 06:00:00,USDJPY,SignalType.BUY,472773.60483747034,True,0.75,{}
2024-01-02 07:00:00,USDJPY,SignalType.HOLD,534574.0813269634,False,0.75,{}
2024-01-02 08:00:00,USDJPY,SignalType.BUY,-286063.50387990003,False,0.75,{}
2024-01-02 09:00:00,USDJPY,SignalType.SELL,66411.29678360073,False,0.75,{}
2024-01-02 10:00:00,USDJPY,SignalType.BUY,1341733.5735028686,True,0.75,{}
2024-01-02 11:00:00,USDJPY,SignalType.BUY,618678.4410792863,True,0.75,{}
2024-01-02 12:00:00,USDJPY,SignalType.HOLD,1409277.6191413568,False,0.75,{}
2024-01-02 13:00:00,USDJPY,SignalType.HOLD,-1757155.5512760126,False,0.75,{}
2024-01-02 14:00:00,USDJPY,SignalType.SELL,1112480.9211746342,False,0.75,{}
2024-01-02 15:00:00,USDJPY,SignalType.HOLD,-1505983.0261307224,False,0.75,{}
2024-01-02 16:00:00,USDJPY,SignalType.HOLD,-1412294.260491588,False,0.75,{}
2024-01-02 17:00:00,USDJPY,SignalType.HOLD,806266.1013828199,False,0.75,{}
2024-01-02 18:00:00,USDJPY,SignalType.HOLD,984279.8242307799,False,0.75,{}
2024-01-02 19:00:00,USDJPY,SignalType.BUY,-433291.3590080864,False,0.75,{}
2024-01-02 20:00:00,USDJPY,SignalType.HOLD,-2159653.702523313,False,0.75,{}
2024-01-02 21:00:00,USDJPY,SignalType.HOLD,292967.461789915,False,0.75,{}
2024-01-02 22:00:00,USDJPY,SignalType.BUY,905467.0248295912,True,0.75,{}
2024-01-02 23:00:00,USDJPY,SignalType.HOLD,-106511.19231313345,False,0.75,{}
2024-01-03 00:00:00,USDJPY,SignalType.SELL,1101607.4607352978,False,0.75,{}
2024-01-03 01:00:00,USDJPY,SignalType.HOLD,1160089.8914478845,False,0.75,{}
2024-01-03 02:00:00,USDJPY,SignalType.HOLD,1011090.7401650418,False,0.75,{}
2024-01-03 03:00:00,USDJPY,SignalType.BUY,-3090823.4761310266,False,0.75,{}
2024-01-03 04:00:00,USDJPY,SignalType.SELL,-1360984.192458452,True,0.75,{}
2024-01-03 05:00:00,USDJPY,SignalType.HOLD,1255342.3649632097,False,0.75,{}
2024-01-03 06:00:00,USDJPY,SignalType.HOLD,-380825.7094465202,False,0.75,{}
2024-01-03 07:00:00,USDJPY,SignalType.SELL,-932988.9734757824,True,0.75,{}
2024-01-03 08:00:00,USDJPY,SignalType.HOLD,-1181998.717670158,False,0.75,{}
2024-01-03 09:00:00,USDJPY,SignalType.SELL,337801.72439380066,False,0.75,{}
2024-01-03 10:00:00,USDJPY,SignalType.HOLD,-1380140.810095059,False,0.75,{}
2024-01-03 11:00:00,USDJPY,SignalType.HOLD,881078.0259479822,False,0.75,{}
2024-01-03 12:00:00,USDJPY,SignalType.HOLD,460750.70456938137,False,0.75,{}
2024-01-03 13:00:00,USDJPY,SignalType.BUY,-3563405.259061202,False,0.75,{}
2024-01-03 14:00:00,USDJPY,SignalType.HOLD,-51329.692354207735,False,0.75,{}
2024-01-03 15:00:00,USDJPY,SignalType.SELL,-1575139.6698122527,True,0.75,{}
2024-01-03 16:00:00,USDJPY,SignalType.SELL,-301229.50099888386,True,0.75,{}
2024-01-03 17:00:00,USDJPY,SignalType.SELL,-907521.3765371484,True,0.75,{}
2024-01-03 18:00:00,USDJPY,SignalType.SELL,1417332.1613400138,False,0.75,{}
2024-01-03 19:00:00,USDJPY,SignalType.HOLD,864985.247087975,False,0.75,{}
2024-01-03 20:00:00,USDJPY,SignalType.HOLD,-720592.5372344063,False,0.75,{}
2024-01-03 21:00:00,USDJPY,SignalType.HOLD,353156.6406718446,False,0.75,{}
2024-01-03 22:00:00,USDJPY,SignalType.HOLD,-88058.53986010561,False,0.75,{}
2024-01-03 23:00:00,USDJPY,SignalType.SELL,-377774.25178308476,True,0.75,{}
2024-01-04 00:00:00,USDJPY,SignalType.HOLD,-205882.03341879306,False,0.75,{}
2024-01-04 01:00:00,USDJPY,SignalType.HOLD,728844.9343488128,False,0.75,{}
2024-01-04 02:00:00,USDJPY,SignalType.BUY,-1969160.092642461,False,0.75,{}
2024-01-04 03:00:00,USDJPY,SignalType.SELL,18273.669311570302,False,0.75,{}
2024-01-04 04:00:00,USDJPY,SignalType.BUY,-760313.8061143659,False,0.75,{}
2024-01-04 05:00:00,USDJPY,SignalType.SELL,-210245.62994075267,True,0.75,{}
2024-01-04 06:00:00,USDJPY,SignalType.SELL,-883626.2817328316,True,0.75,{}
2024-01-04 07:00:00,USDJPY,SignalType.SELL,932872.5465169532,False,0.75,{}
2024-01-04 08:00:00,USDJPY,SignalType.HOLD,-1139745.203786149,False,0.75,{}
2024-01-04 09:00:00,USDJPY,SignalType.HOLD,838033.4396582065,False,0.75,{}
2024-01-04 10:00:00,USDJPY,SignalType.BUY,207803.67470845475,True,0.75,{}
2024-01-04 11:00:00,USDJPY,SignalType.BUY,434618.70172222686,True,0.75,{}
2024-01-04 12:00:00,USDJPY,SignalType.BUY,-2014248.399516282,False,0.75,{}
2024-01-04 13:00:00,USDJPY,SignalType.HOLD,-3416344.2668234096,False,0.75,{}
2024-01-04 14:00:00,USDJPY,SignalType.HOLD,135943.6590487826,False,0.75,{}
2024-01-04 15:00:00,USDJPY,SignalType.BUY,-51953.69086709207,False,0.75,{}
2024-01-04 16:00:00,USDJPY,SignalType.BUY,46160.00291085584,True,0.75,{}
2024-01-04 17:00:00,USDJPY,SignalType.BUY,507721.83902179904,True,0.75,{}
2024-01-04 18:00:00,USDJPY,SignalType.BUY,-416236.8567048543,False,0.75,{}
2024-01-04 19:00:00,USDJPY,SignalType.HOLD,-177717.90476673003,False,0.75,{}
2024-01-04 20:00:00,USDJPY,SignalType.SELL,-88035.4712304188,True,0.75,{}
2024-01-04 21:00:00,USDJPY,SignalType.SELL,172091.59817748968,False,0.75,{}
2024-01-04 22:00:00,USDJPY,SignalType.HOLD,1958612.8662102488,False,0.75,{}
2024-01-04 23:00:00,USDJPY,SignalType.HOLD,-153470.32912380883,False,0.75,{}
2024-01-05 00:00:00,USDJPY,SignalType.SELL,-678568.201179271,True,0.75,{}
2024-01-05 01:00:00,USDJPY,SignalType.SELL,-219755.33797343588,True,0.75,{}
2024-01-05 02:00:00,USDJPY,SignalType.HOLD,-2592322.305412731,False,0.75,{}
2024-01-05 03:00:00,USDJPY,SignalType.HOLD,-899133.003782556,False,0.75,{}
2024-01-05 04:00:00,USDJPY,SignalType.HOLD,-383113.13292250363,False,0.75,{}
2024-01-05 05:00:00,USDJPY,SignalType.SELL,-245700.62154713014,True,0.75,{}
2024-01-05 06:00:00,USDJPY,SignalType.SELL,-745522.2997776491,True,0.75,{}
2024-01-05 07:00:00,USDJPY,SignalType.HOLD,-320506.9285738728,False,0.75,{}
2024-01-05 08:00:00,USDJPY,SignalType.HOLD,-1166984.0198481826,False,0.75,{}
2024-01-05 09:00:00,USDJPY,SignalType.HOLD,-1591628.830482341,False,0.75,{}
2024-01-05 10:00:00,USDJPY,SignalType.HOLD,-454885.51687444217,False,0.75,{}
2024-01-05 11:00:00,USDJPY,SignalType.SELL,-1216433.2291985648,True,0.75,{}
2024-01-05 12:00:00,USDJPY,SignalType.HOLD,-368611.597576496,False,0.75,{}
2024-01-05 13:00:00,USDJPY,SignalType.HOLD,288776.07405509934,False,0.75,{}
2024-01-05 14:00:00,USDJPY,SignalType.BUY,-2618251.907113513,False,0.75,{}
2024-01-05 15:00:00,USDJPY,SignalType.SELL,-10450.575854888484,True,0.75,{}
2024-01-05 16:00:00,USDJPY,SignalType.BUY,61048.226576999696,True,0.75,{}
2024-01-05 17:00:00,USDJPY,SignalType.BUY,-650054.2957808784,False,0.75,{}
2024-01-05 18:00:00,USDJPY,SignalType.SELL,43445.369749688325,False,0.75,{}
2024-01-05 19:00:00,USDJPY,SignalType.BUY,1526687.7981714834,True,0.75,{}
2024-01-05 20:00:00,USDJPY,SignalType.HOLD,804527.8465932461,False,0.75,{}
2024-01-05 21:00:00,USDJPY,SignalType.HOLD,-1099940.5102890206,False,0.75,{}
2024-01-05 22:00:00,USDJPY,SignalType.SELL,-739039.8481950706,True,0.75,{}
2024-01-05 23:00:00,USDJPY,SignalType.SELL,-603167.4000265275,True,0.75,{}
2024-01-06 00:00:00,USDJPY,SignalType.HOLD,-671894.519127477,False,0.75,{}
2024-01-06 01:00:00,USDJPY,SignalType.HOLD,-1015589.1599110919,False,0.75,{}
2024-01-06 02:00:00,USDJPY,SignalType.SELL,-451032.24366137054,True,0.75,{}
2024-01-06 03:00:00,USDJPY,SignalType.SELL,737446.0532094963,False,0.75,{}
2024-01-06 04:00:00,USDJPY,SignalType.HOLD,-802390.8601140056,False,0.75,{}
2024-01-06 05:00:00,USDJPY,SignalType.SELL,454026.9756697944,False,0.75,{}
2024-01-06 06:00:00,USDJPY,SignalType.HOLD,-1633929.4348890963,False,0.75,{}
2024-01-06 07:00:00,USDJPY,SignalType.SELL,1380740.7535417133,False,0.75,{}
2024-01-06 08:00:00,USDJPY,SignalType.HOLD,-883492.4672783109,False,0.75,{}
2024-01-06 09:00:00,USDJPY,SignalType.SELL,-141646.00225658886,True,0.75,{}
2024-01-06 10:00:00,USDJPY,SignalType.SELL,662532.2451305556,False,0.75,{}
2024-01-06 11:00:00,USDJPY,SignalType.BUY,-363707.9828220067,False,0.75,{}
2024-01-06 12:00:00,USDJPY,SignalType.HOLD,751815.9154419573,False,0.75,{}
2024-01-06 13:00:00,USDJPY,SignalType.BUY,-314227.6212568458,False,0.75,{}
2024-01-06 14:00:00,USDJPY,SignalType.SELL,916934.1061649175,False,0.75,{}
2024-01-06 15:00:00,USDJPY,SignalType.BUY,2113524.1778560067,True,0.75,{}
2024-01-06 16:00:00,USDJPY,SignalType.HOLD,165675.71034282993,False,0.75,{}
2024-01-06 17:00:00,USDJPY,SignalType.HOLD,-1125309.8443627232,False,0.75,{}
2024-01-06 18:00:00,USDJPY,SignalType.SELL,1543768.9578090294,False,0.75,{}
2024-01-06 19:00:00,USDJPY,SignalType.HOLD,219756.44444087264,False,0.75,{}
2024-01-06 20:00:00,USDJPY,SignalType.HOLD,1347365.7234823713,False,0.75,{}
2024-01-06 21:00:00,USDJPY,SignalType.HOLD,-920891.1806229935,False,0.75,{}
2024-01-06 22:00:00,USDJPY,SignalType.HOLD,-2202769.6579496707,False,0.75,{}
2024-01-06 23:00:00,USDJPY,SignalType.SELL,-524676.4406326838,True,0.75,{}
2024-01-07 00:00:00,USDJPY,SignalType.SELL,-441911.24931169726,True,0.75,{}
2024-01-07 01:00:00,USDJPY,SignalType.SELL,551796.519911154,False,0.75,{}
2024-01-07 02:00:00,USDJPY,SignalType.HOLD,601545.3538838619,False,0.75,{}
2024-01-07 03:00:00,USDJPY,SignalType.BUY,678253.6665426687,True,0.75,{}
2024-01-07 04:00:00,USDJPY,SignalType.BUY,303858.72704661323,True,0.75,{}
2024-01-07 05:00:00,USDJPY,SignalType.BUY,-465423.0182746915,False,0.75,{}
2024-01-07 06:00:00,USDJPY,SignalType.SELL,299575.4980817492,False,0.75,{}
2024-01-07 07:00:00,USDJPY,SignalType.BUY,-1111284.7950546849,False,0.75,{}
2024-01-07 08:00:00,USDJPY,SignalType.HOLD,-805859.4178214207,False,0.75,{}
2024-01-07 09:00:00,USDJPY,SignalType.SELL,593110.7812579194,False,0.75,{}
2024-01-07 10:00:00,USDJPY,SignalType.BUY,-1237867.4546253933,False,0.75,{}
2024-01-07 11:00:00,USDJPY,SignalType.HOLD,754235.5752027425,False,0.75,{}
2024-01-07 12:00:00,USDJPY,SignalType.HOLD,239726.58840201347,False,0.75,{}
2024-01-07 13:00:00,USDJPY,SignalType.BUY,1208848.945367622,True,0.75,{}
2024-01-07 14:00:00,USDJPY,SignalType.HOLD,73699.37291988208,False,0.75,{}
2024-01-07 15:00:00,USDJPY,SignalType.BUY,944654.7365728338,True,0.75,{}
2024-01-07 16:00:00,USDJPY,SignalType.BUY,923953.7040307733,True,0.75,{}
2024-01-07 17:00:00,USDJPY,SignalType.HOLD,426979.06955558667,False,0.75,{}
2024-01-07 18:00:00,USDJPY,SignalType.HOLD,974775.3026767714,False,0.75,{}
2024-01-07 19:00:00,USDJPY,SignalType.HOLD,22447.45034609423,False,0.75,{}
2024-01-07 20:00:00,USDJPY,SignalType.BUY,1321692.6961494982,True,0.75,{}
2024-01-07 21:00:00,USDJPY,SignalType.HOLD,-721987.2177245043,False,0.75,{}
2024-01-07 22:00:00,USDJPY,SignalType.HOLD,-121925.49791196597,False,0.75,{}
2024-01-07 23:00:00,USDJPY,SignalType.SELL,-1567971.2937923751,True,0.75,{}
2024-01-08 00:00:00,USDJPY,SignalType.SELL,827771.9080769293,False,0.75,{}
2024-01-08 01:00:00,USDJPY,SignalType.BUY,-156925.10940029024,False,0.75,{}
2024-01-08 02:00:00,USDJPY,SignalType.SELL,234117.09520850764,False,0.75,{}
2024-01-08 03:00:00,USDJPY,SignalType.BUY,-258504.46341267345,False,0.75,{}
2024-01-08 04:00:00,USDJPY,SignalType.HOLD,-326947.40406102483,False,0.75,{}
2024-01-08 05:00:00,USDJPY,SignalType.HOLD,914701.9071543491,False,0.75,{}
2024-01-08 06:00:00,USDJPY,SignalType.HOLD,392915.2316691034,False,0.75,{}
2024-01-08 07:00:00,USDJPY,SignalType.BUY,7417.451360179257,True,0.75,{}
2024-01-08 08:00:00,USDJPY,SignalType.BUY,360601.59346522595,True,0.75,{}
2024-01-08 09:00:00,USDJPY,SignalType.BUY,-721357.6684954341,False,0.75,{}
2024-01-08 10:00:00,USDJPY,SignalType.HOLD,-1677101.7434705254,False,0.75,{}
2024-01-08 11:00:00,USDJPY,SignalType.HOLD,418453.5397657373,False,0.75,{}
2024-01-08 12:00:00,USDJPY,SignalType.BUY,-112797.65785722702,False,0.75,{}
2024-01-08 13:00:00,USDJPY,SignalType.HOLD,2737191.5733591914,False,0.75,{}
2024-01-08 14:00:00,USDJPY,SignalType.BUY,1624209.4338218977,True,0.75,{}
2024-01-08 15:00:00,USDJPY,SignalType.HOLD,14424.778657025854,False,0.75,{}
2024-01-08 16:00:00,USDJPY,SignalType.BUY,1677305.0458641637,True,0.75,{}
2024-01-08 17:00:00,USDJPY,SignalType.HOLD,-85515.50365799357,False,0.75,{}
2024-01-08 18:00:00,USDJPY,SignalType.SELL,218300.9528190769,False,0.75,{}
2024-01-08 19:00:00,USDJPY,SignalType.BUY,630624.3248516739,True,0.75,{}
2024-01-08 20:00:00,USDJPY,SignalType.BUY,105458.4128785541,True,0.75,{}
2024-01-08 21:00:00,USDJPY,SignalType.BUY,-1052753.7755945786,False,0.75,{}
2024-01-08 22:00:00,USDJPY,SignalType.HOLD,431030.30000553187,False,0.75,{}
2024-01-08 23:00:00,USDJPY,SignalType.BUY,-183303.81509817243,False,0.75,{}
2024-01-09 00:00:00,USDJPY,SignalType.HOLD,-2619256.1603031526,False,0.75,{}
2024-01-09 01:00:00,USDJPY,SignalType.SELL,989573.6927970939,False,0.75,{}
2024-01-09 02:00:00,USDJPY,SignalType.BUY,-112327.47055983054,False,0.75,{}
2024-01-09 03:00:00,USDJPY,SignalType.SELL,-170482.30043604237,True,0.75,{}
2024-01-09 04:00:00,USDJPY,SignalType.SELL,-575825.1797881303,True,0.75,{}
2024-01-09 05:00:00,USDJPY,SignalType.HOLD,2105464.939423932,False,0.75,{}
2024-01-09 06:00:00,USDJPY,SignalType.BUY,1435817.4298500784,True,0.75,{}
2024-01-09 07:00:00,USDJPY,SignalType.HOLD,1816187.5124448147,False,0.75,{}
2024-01-09 08:00:00,USDJPY,SignalType.BUY,264813.7236050434,True,0.75,{}
2024-01-09 09:00:00,USDJPY,SignalType.BUY,1124970.5672435765,True,0.75,{}
2024-01-09 10:00:00,USDJPY,SignalType.BUY,-244741.2993662192,False,0.75,{}
2024-01-09 11:00:00,USDJPY,SignalType.SELL,1329276.908817751,False,0.75,{}
2024-01-09 12:00:00,USDJPY,SignalType.HOLD,-37895.08950267191,False,0.75,{}
2024-01-09 13:00:00,USDJPY,SignalType.BUY,-75502.69355226419,False,0.75,{}
2024-01-09 14:00:00,USDJPY,SignalType.HOLD,1334013.3022702797,False,0.75,{}
2024-01-09 15:00:00,USDJPY,SignalType.HOLD,-592410.3883881822,False,0.75,{}
2024-01-09 16:00:00,USDJPY,SignalType.SELL,-918312.896930986,True,0.75,{}
2024-01-09 17:00:00,USDJPY,SignalType.HOLD,-53504.04397205466,False,0.75,{}
2024-01-09 18:00:00,USDJPY,SignalType.BUY,-380370.5207069811,False,0.75,{}
2024-01-09 19:00:00,USDJPY,SignalType.HOLD,-1021282.8739717952,False,0.75,{}
2024-01-09 20:00:00,USDJPY,SignalType.HOLD,9199.945460927665,False,0.75,{}
2024-01-09 21:00:00,USDJPY,SignalType.BUY,541821.1420412627,True,0.75,{}
2024-01-09 22:00:00,USDJPY,SignalType.BUY,952384.4749077057,True,0.75,{}
2024-01-09 23:00:00,USDJPY,SignalType.BUY,-237124.04813159764,False,0.75,{}
2024-01-10 00:00:00,USDJPY,SignalType.SELL,-33818.59043853865,True,0.75,{}
2024-01-10 01:00:00,USDJPY,SignalType.BUY,-1353246.0462426776,False,0.75,{}
2024-01-10 02:00:00,USDJPY,SignalType.SELL,3054571.1423230045,False,0.75,{}
2024-01-10 03:00:00,USDJPY,SignalType.BUY,196326.5073664388,True,0.75,{}
2024-01-10 04:00:00,USDJPY,SignalType.BUY,-249444.32746683105,False,0.75,{}
2024-01-10 05:00:00,USDJPY,SignalType.SELL,-289492.9640324267,True,0.75,{}
2024-01-10 06:00:00,USDJPY,SignalType.SELL,1178773.8593096333,False,0.75,{}
2024-01-10 07:00:00,USDJPY,SignalType.BUY,279552.9795614652,True,0.75,{}
2024-01-10 08:00:00,USDJPY,SignalType.BUY,-754158.4997098653,False,0.75,{}
2024-01-10 09:00:00,USDJPY,SignalType.SELL,1006235.9750711835,False,0.75,{}
2024-01-10 10:00:00,USDJPY,SignalType.HOLD,-296083.27745535236,False,0.75,{}
2024-01-10 11:00:00,USDJPY,SignalType.HOLD,-524114.26411387767,False,0.75,{}
2024-01-10 12:00:00,USDJPY,SignalType.HOLD,-167269.49361273454,False,0.75,{}
2024-01-10 13:00:00,USDJPY,SignalType.SELL,-1520005.909977549,True,0.75,{}
2024-01-10 14:00:00,USDJPY,SignalType.SELL,57947.28823784226,False,0.75,{}
2024-01-10 15:00:00,USDJPY,SignalType.BUY,605621.9100593012,True,0.75,{}
2024-01-10 16:00:00,USDJPY,SignalType.BUY,-521786.9227364895,False,0.75,{}
2024-01-10 17:00:00,USDJPY,SignalType.SELL,321746.2770827296,False,0.75,{}
2024-01-10 18:00:00,USDJPY,SignalType.BUY,-1158301.5262492427,False,0.75,{}
2024-01-10 19:00:00,USDJPY,SignalType.HOLD,365718.3773001657,False,0.75,{}
2024-01-10 20:00:00,USDJPY,SignalType.BUY,6573.25041051763,True,0.75,{}
2024-01-10 21:00:00,USDJPY,SignalType.BUY,-203575.83305577008,False,0.75,{}
2024-01-10 22:00:00,USDJPY,SignalType.SELL,306397.7017998104,False,0.75,{}
2024-01-10 23:00:00,USDJPY,SignalType.BUY,-676927.7665562686,False,0.75,{}
2024-01-11 00:00:00,USDJPY,SignalType.HOLD,-323835.39367356437,False,0.75,{}
2024-01-11 01:00:00,USDJPY,SignalType.SELL,-826395.391094793,True,0.75,{}
2024-01-11 02:00:00,USDJPY,SignalType.HOLD,-255424.49004907894,False,0.75,{}
2024-01-11 03:00:00,USDJPY,SignalType.SELL,1072418.384324951,False,0.75,{}
2024-01-11 04:00:00,USDJPY,SignalType.HOLD,694873.6325051687,False,0.75,{}
2024-01-11 05:00:00,USDJPY,SignalType.BUY,-308221.47750158136,False,0.75,{}
2024-01-11 06:00:00,USDJPY,SignalType.SELL,-1229605.0496492602,True,0.75,{}
2024-01-11 07:00:00,USDJPY,SignalType.SELL,373527.21394179296,False,0.75,{}
2024-01-11 08:00:00,USDJPY,SignalType.BUY,-2592845.759405709,False,0.75,{}
2024-01-11 09:00:00,USDJPY,SignalType.SELL,-167930.17510095297,True,0.75,{}
2024-01-11 10:00:00,USDJPY,SignalType.SELL,-81484.95203764469,True,0.75,{}
2024-01-11 11:00:00,USDJPY,SignalType.SELL,-2419020.913253096,True,0.75,{}
2024-01-11 12:00:00,USDJPY,SignalType.SELL,-217872.30962012472,True,0.75,{}
2024-01-11 13:00:00,USDJPY,SignalType.SELL,-78485.8416071529,True,0.75,{}
2024-01-11 14:00:00,USDJPY,SignalType.BUY,-342703.79677494476,False,0.75,{}
2024-01-11 15:00:00,USDJPY,SignalType.SELL,-443198.73136249953,True,0.75,{}
2024-01-11 16:00:00,USDJPY,SignalType.HOLD,-2934599.410186474,False,0.75,{}
2024-01-11 17:00:00,USDJPY,SignalType.HOLD,1836556.7574441365,False,0.75,{}
2024-01-11 18:00:00,USDJPY,SignalType.BUY,356407.87790284323,True,0.75,{}
2024-01-11 19:00:00,USDJPY,SignalType.BUY,-4611565.558002708,False,0.75,{}
2024-01-11 20:00:00,USDJPY,SignalType.SELL,-1240494.342638599,True,0.75,{}
2024-01-11 21:00:00,USDJPY,SignalType.SELL,-1953636.0068107797,True,0.75,{}
2024-01-11 22:00:00,USDJPY,SignalType.SELL,678229.9315756882,False,0.75,{}
2024-01-11 23:00:00,USDJPY,SignalType.HOLD,-1216443.8957928359,False,0.75,{}
2024-01-12 00:00:00,USDJPY,SignalType.SELL,-918038.4724035321,True,0.75,{}
2024-01-12 01:00:00,USDJPY,SignalType.SELL,-53987.29803425795,True,0.75,{}
2024-01-12 02:00:00,USDJPY,SignalType.BUY,-1588779.6304546965,False,0.75,{}
2024-01-12 03:00:00,USDJPY,SignalType.SELL,510028.8267188898,False,0.75,{}
2024-01-12 04:00:00,USDJPY,SignalType.BUY,1926162.8660697034,True,0.75,{}
2024-01-12 05:00:00,USDJPY,SignalType.HOLD,-219842.52346825541,False,0.75,{}
2024-01-12 06:00:00,USDJPY,SignalType.HOLD,-561691.156704428,False,0.75,{}
2024-01-12 07:00:00,USDJPY,SignalType.SELL,786942.1625242513,False,0.75,{}
2024-01-12 08:00:00,USDJPY,SignalType.BUY,-1719159.9856906123,False,0.75,{}
2024-01-12 09:00:00,USDJPY,SignalType.SELL,-1644514.0565808835,True,0.75,{}
2024-01-12 10:00:00,USDJPY,SignalType.HOLD,-783565.6101222002,False,0.75,{}
2024-01-12 11:00:00,USDJPY,SignalType.HOLD,-415444.4810290852,False,0.75,{}
2024-01-12 12:00:00,USDJPY,SignalType.HOLD,-1251037.9017271998,False,0.75,{}
2024-01-12 13:00:00,USDJPY,SignalType.SELL,-708405.800880173,True,0.75,{}
2024-01-12 14:00:00,USDJPY,SignalType.SELL,-795240.8412300656,True,0.75,{}
2024-01-12 15:00:00,USDJPY,SignalType.SELL,462963.3240981002,False,0.75,{}
2024-01-12 16:00:00,USDJPY,SignalType.HOLD,-634974.6084146909,False,0.75,{}
2024-01-12 17:00:00,USDJPY,SignalType.SELL,-719711.8513184432,True,0.75,{}
2024-01-12 18:00:00,USDJPY,SignalType.SELL,-964668.7335937077,True,0.75,{}
2024-01-12 19:00:00,USDJPY,SignalType.HOLD,436825.1715177166,False,0.75,{}
2024-01-12 20:00:00,USDJPY,SignalType.BUY,-759385.6122553507,False,0.75,{}
2024-01-12 21:00:00,USDJPY,SignalType.HOLD,-1891196.8495836118,False,0.75,{}
2024-01-12 22:00:00,USDJPY,SignalType.HOLD,-2900868.0835676114,False,0.75,{}
2024-01-12 23:00:00,USDJPY,SignalType.HOLD,775481.2158523418,False,0.75,{}
2024-01-13 00:00:00,USDJPY,SignalType.BUY,721811.5666139419,True,0.75,{}
2024-01-13 01:00:00,USDJPY,SignalType.HOLD,1266283.4694465983,False,0.75,{}
2024-01-13 02:00:00,USDJPY,SignalType.BUY,689905.8913129101,True,0.75,{}
2024-01-13 03:00:00,USDJPY,SignalType.HOLD,-603706.9162681291,False,0.75,{}
2024-01-13 04:00:00,USDJPY,SignalType.SELL,-1554342.8178768228,True,0.75,{}
2024-01-13 05:00:00,USDJPY,SignalType.HOLD,-591252.0943857452,False,0.75,{}
2024-01-13 06:00:00,USDJPY,SignalType.HOLD,-1008562.4176395232,False,0.75,{}
2024-01-13 07:00:00,USDJPY,SignalType.HOLD,-1048479.29124222,False,0.75,{}
2024-01-13 08:00:00,USDJPY,SignalType.HOLD,113194.50169209631,False,0.75,{}
2024-01-13 09:00:00,USDJPY,SignalType.BUY,2148265.3154679155,True,0.75,{}
2024-01-13 10:00:00,USDJPY,SignalType.HOLD,472131.18742286495,False,0.75,{}
2024-01-13 11:00:00,USDJPY,SignalType.BUY,1115228.4890938154,True,0.75,{}
2024-01-13 12:00:00,USDJPY,SignalType.HOLD,1093536.7101439352,False,0.75,{}
2024-01-13 13:00:00,USDJPY,SignalType.BUY,-784846.8413467163,False,0.75,{}
2024-01-13 14:00:00,USDJPY,SignalType.SELL,-1058483.1229497285,True,0.75,{}
2024-01-13 15:00:00,USDJPY,SignalType.HOLD,2059058.3200596666,False,0.75,{}
2024-01-13 16:00:00,USDJPY,SignalType.BUY,913222.6689768049,True,0.75,{}
2024-01-13 17:00:00,USDJPY,SignalType.HOLD,812046.3126347113,False,0.75,{}
2024-01-13 18:00:00,USDJPY,SignalType.BUY,-772012.7456990031,False,0.75,{}
2024-01-13 19:00:00,USDJPY,SignalType.SELL,64946.335552176606,False,0.75,{}
2024-01-13 20:00:00,USDJPY,SignalType.BUY,882230.421689319,True,0.75,{}
2024-01-13 21:00:00,USDJPY,SignalType.BUY,-1092390.9130931497,False,0.75,{}
2024-01-13 22:00:00,USDJPY,SignalType.HOLD,-1486964.6141035445,False,0.75,{}
2024-01-13 23:00:00,USDJPY,SignalType.HOLD,322370.1012421043,False,0.75,{}
2024-01-14 00:00:00,USDJPY,SignalType.BUY,-1558217.4176498665,False,0.75,{}
2024-01-14 01:00:00,USDJPY,SignalType.HOLD,-483161.4058791365,False,0.75,{}
2024-01-14 02:00:00,USDJPY,SignalType.SELL,167407.41156540933,False,0.75,{}
2024-01-14 03:00:00,USDJPY,SignalType.BUY,-67066.28330522108,False,0.75,{}
2024-01-14 04:00:00,USDJPY,SignalType.BUY,-939765.9783179279,False,0.75,{}
2024-01-14 05:00:00,USDJPY,SignalType.HOLD,542793.7185800237,False,0.75,{}
2024-01-14 06:00:00,USDJPY,SignalType.HOLD,-309379.0688747049,False,0.75,{}
2024-01-14 07:00:00,USDJPY,SignalType.SELL,-733234.7918836058,True,0.75,{}
2024-01-14 08:00:00,USDJPY,SignalType.SELL,-281318.0505508899,True,0.75,{}
2024-01-14 09:00:00,USDJPY,SignalType.SELL,-1555129.6274700235,True,0.75,{}
2024-01-14 10:00:00,USDJPY,SignalType.SELL,-966252.4018434306,True,0.75,{}
2024-01-14 11:00:00,USDJPY,SignalType.SELL,-569327.3673386556,True,0.75,{}
2024-01-14 12:00:00,USDJPY,SignalType.SELL,-654290.8840578548,True,0.75,{}
2024-01-14 13:00:00,USDJPY,SignalType.SELL,-412418.92202526284,True,0.75,{}
2024-01-14 14:00:00,USDJPY,SignalType.SELL,395255.63149777555,False,0.75,{}
2024-01-14 15:00:00,USDJPY,SignalType.HOLD,-1152616.8104446605,False,0.75,{}
2024-01-14 16:00:00,USDJPY,SignalType.SELL,688910.5227953042,False,0.75,{}
2024-01-14 17:00:00,USDJPY,SignalType.BUY,-4237272.891856856,False,0.75,{}
2024-01-14 18:00:00,USDJPY,SignalType.SELL,-116469.75077877869,True,0.75,{}
2024-01-14 19:00:00,USDJPY,SignalType.BUY,291055.12821097363,True,0.75,{}
2024-01-14 20:00:00,USDJPY,SignalType.BUY,-76896.23266426679,False,0.75,{}
2024-01-14 21:00:00,USDJPY,SignalType.BUY,-189671.73593634472,False,0.75,{}
2024-01-14 22:00:00,USDJPY,SignalType.BUY,-18214.702270079215,False,0.75,{}
2024-01-14 23:00:00,USDJPY,SignalType.BUY,669065.614637002,True,0.75,{}
2024-01-15 00:00:00,USDJPY,SignalType.BUY,573955.3909175629,True,0.75,{}
2024-01-15 01:00:00,USDJPY,SignalType.HOLD,-327460.1814870221,False,0.75,{}
2024-01-15 02:00:00,USDJPY,SignalType.SELL,249669.83418694325,False,0.75,{}
2024-01-15 03:00:00,USDJPY,SignalType.BUY,-2179457.8795458437,False,0.75,{}
2024-01-15 04:00:00,USDJPY,SignalType.HOLD,1205731.0156868333,False,0.75,{}
2024-01-15 05:00:00,USDJPY,SignalType.HOLD,2204666.6225394257,False,0.75,{}
2024-01-15 06:00:00,USDJPY,SignalType.BUY,-12913.837064879772,False,0.75,{}
2024-01-15 07:00:00,USDJPY,SignalType.BUY,-236297.11930862867,False,0.75,{}
2024-01-15 08:00:00,USDJPY,SignalType.SELL,1659526.0164020055,False,0.75,{}
2024-01-15 09:00:00,USDJPY,SignalType.HOLD,-644115.1051102134,False,0.75,{}
2024-01-15 10:00:00,USDJPY,SignalType.SELL,-388245.4100594896,True,0.75,{}
2024-01-15 11:00:00,USDJPY,SignalType.SELL,-543815.8204991578,True,0.75,{}
2024-01-15 12:00:00,USDJPY,SignalType.HOLD,236744.0495405299,False,0.75,{}
2024-01-15 13:00:00,USDJPY,SignalType.BUY,-763141.1859685886,False,0.75,{}
2024-01-15 14:00:00,USDJPY,SignalType.HOLD,2479594.1490004133,False,0.75,{}
2024-01-15 15:00:00,USDJPY,SignalType.BUY,466894.09771045577,True,0.75,{}
2024-01-15 16:00:00,USDJPY,SignalType.BUY,-39429.196536020754,False,0.75,{}
2024-01-15 17:00:00,USDJPY,SignalType.BUY,1146385.2287947522,True,0.75,{}
2024-01-15 18:00:00,USDJPY,SignalType.BUY,24204.87862934351,True,0.75,{}
2024-01-15 19:00:00,USDJPY,SignalType.BUY,901630.9586509852,True,0.75,{}
2024-01-15 20:00:00,USDJPY,SignalType.HOLD,-219311.39699165215,False,0.75,{}
2024-01-15 21:00:00,USDJPY,SignalType.HOLD,138372.87997884233,False,0.75,{}
2024-01-15 22:00:00,USDJPY,SignalType.BUY,1852237.1984362416,True,0.75,{}
2024-01-15 23:00:00,USDJPY,SignalType.HOLD,984612.9402148472,False,0.75,{}
2024-01-16 00:00:00,USDJPY,SignalType.BUY,-1481790.3614290026,False,0.75,{}
2024-01-16 01:00:00,USDJPY,SignalType.SELL,-281291.02452897315,True,0.75,{}
2024-01-16 02:00:00,USDJPY,SignalType.SELL,-1142846.903650934,True,0.75,{}
2024-01-16 03:00:00,USDJPY,SignalType.HOLD,742541.0034634842,False,0.75,{}
2024-01-16 04:00:00,USDJPY,SignalType.BUY,-1127068.895441271,False,0.75,{}
2024-01-16 05:00:00,USDJPY,SignalType.HOLD,160046.30820634702,False,0.75,{}
2024-01-16 06:00:00,USDJPY,SignalType.HOLD,-295852.104533833,False,0.75,{}
2024-01-16 07:00:00,USDJPY,SignalType.SELL,196478.1728925209,False,0.75,{}
2024-01-16 08:00:00,USDJPY,SignalType.BUY,584535.1846910762,True,0.75,{}
2024-01-16 09:00:00,USDJPY,SignalType.BUY,267244.0747842938,True,0.75,{}
2024-01-16 10:00:00,USDJPY,SignalType.BUY,890520.2647740953,True,0.75,{}
2024-01-16 11:00:00,USDJPY,SignalType.BUY,332283.1951023272,True,0.75,{}
2024-01-16 12:00:00,USDJPY,SignalType.BUY,656894.7754367491,True,0.75,{}
2024-01-16 13:00:00,USDJPY,SignalType.HOLD,2299313.9755521044,False,0.75,{}
2024-01-16 14:00:00,USDJPY,SignalType.BUY,-487436.0237443852,False,0.75,{}
2024-01-16 15:00:00,USDJPY,SignalType.SELL,1838613.5875637864,False,0.75,{}
2024-01-16 16:00:00,USDJPY,SignalType.HOLD,830215.6796230429,False,0.75,{}
2024-01-16 17:00:00,USDJPY,SignalType.BUY,-1201959.4261628846,False,0.75,{}
2024-01-16 18:00:00,USDJPY,SignalType.SELL,515553.3085642583,False,0.75,{}
2024-01-16 19:00:00,USDJPY,SignalType.HOLD,-359948.63179002097,False,0.75,{}
2024-01-16 20:00:00,USDJPY,SignalType.SELL,119625.12667559167,False,0.75,{}
2024-01-16 21:00:00,USDJPY,SignalType.BUY,60231.77800562735,True,0.75,{}
2024-01-16 22:00:00,USDJPY,SignalType.HOLD,2084492.0078814994,False,0.75,{}
2024-01-16 23:00:00,USDJPY,SignalType.HOLD,-415361.2393301637,False,0.75,{}
2024-01-17 00:00:00,USDJPY,SignalType.HOLD,-1285084.1809040457,False,0.75,{}
2024-01-17 01:00:00,USDJPY,SignalType.HOLD,-1101301.0762176237,False,0.75,{}
2024-01-17 02:00:00,USDJPY,SignalType.SELL,-328802.060519547,True,0.75,{}
2024-01-17 03:00:00,USDJPY,SignalType.SELL,612607.449786019,False,0.75,{}
2024-01-17 04:00:00,USDJPY,SignalType.HOLD,2374248.456048513,False,0.75,{}
2024-01-17 05:00:00,USDJPY,SignalType.HOLD,190002.31268146762,False,0.75,{}
2024-01-17 06:00:00,USDJPY,SignalType.BUY,876950.514055925,True,0.75,{}
2024-01-17 07:00:00,USDJPY,SignalType.BUY,-21463.007075280984,False,0.75,{}
2024-01-17 08:00:00,USDJPY,SignalType.BUY,-1081009.7295593277,False,0.75,{}
2024-01-17 09:00:00,USDJPY,SignalType.SELL,-76669.47833287396,True,0.75,{}
2024-01-17 10:00:00,USDJPY,SignalType.BUY,778574.124777383,True,0.75,{}
2024-01-17 11:00:00,USDJPY,SignalType.BUY,-452301.071189645,False,0.75,{}
2024-01-17 12:00:00,USDJPY,SignalType.HOLD,-700292.9714520132,False,0.75,{}
2024-01-17 13:00:00,USDJPY,SignalType.SELL,-566586.4342221539,True,0.75,{}
2024-01-17 14:00:00,USDJPY,SignalType.HOLD,-135860.76287966536,False,0.75,{}
2024-01-17 15:00:00,USDJPY,SignalType.BUY,-2891386.1185243875,False,0.75,{}
2024-01-17 16:00:00,USDJPY,SignalType.HOLD,339546.81275780784,False,0.75,{}
2024-01-17 17:00:00,USDJPY,SignalType.HOLD,-14894.76722935251,False,0.75,{}
2024-01-17 18:00:00,USDJPY,SignalType.BUY,-483187.37595192034,False,0.75,{}
2024-01-17 19:00:00,USDJPY,SignalType.SELL,150259.51893597265,False,0.75,{}
2024-01-17 20:00:00,USDJPY,SignalType.HOLD,1050873.710636488,False,0.75,{}
2024-01-17 21:00:00,USDJPY,SignalType.HOLD,-347472.4601748949,False,0.75,{}
2024-01-17 22:00:00,USDJPY,SignalType.SELL,-840175.2685899464,True,0.75,{}
2024-01-17 23:00:00,USDJPY,SignalType.HOLD,-3622311.233767541,False,0.75,{}
2024-01-18 00:00:00,USDJPY,SignalType.HOLD,-538253.8409824702,False,0.75,{}
2024-01-18 01:00:00,USDJPY,SignalType.SELL,-3295968.835745798,True,0.75,{}
2024-01-18 02:00:00,USDJPY,SignalType.HOLD,-732772.3709136354,False,0.75,{}
2024-01-18 03:00:00,USDJPY,SignalType.SELL,-1084468.2474166257,True,0.75,{}
2024-01-18 04:00:00,USDJPY,SignalType.HOLD,1079587.985142043,False,0.75,{}
2024-01-18 05:00:00,USDJPY,SignalType.BUY,-526871.6123950526,False,0.75,{}
2024-01-18 06:00:00,USDJPY,SignalType.HOLD,1748551.7808126132,False,0.75,{}
2024-01-18 07:00:00,USDJPY,SignalType.HOLD,-169781.85720550755,False,0.75,{}
2024-01-18 08:00:00,USDJPY,SignalType.BUY,-1109776.24109918,False,0.75,{}
2024-01-18 09:00:00,USDJPY,SignalType.SELL,84784.90335763126,False,0.75,{}
2024-01-18 10:00:00,USDJPY,SignalType.BUY,-60893.810781308275,False,0.75,{}
2024-01-18 11:00:00,USDJPY,SignalType.BUY,-348865.2941427881,False,0.75,{}
2024-01-18 12:00:00,USDJPY,SignalType.HOLD,-970877.9219741063,False,0.75,{}
2024-01-18 13:00:00,USDJPY,SignalType.HOLD,-376958.03780879034,False,0.75,{}
2024-01-18 14:00:00,USDJPY,SignalType.HOLD,-119937.27625885185,False,0.75,{}
2024-01-18 15:00:00,USDJPY,SignalType.BUY,-796217.0607265944,False,0.75,{}
2024-01-18 16:00:00,USDJPY,SignalType.HOLD,-157005.04385994462,False,0.75,{}
2024-01-18 17:00:00,USDJPY,SignalType.BUY,-321138.0436705531,False,0.75,{}
2024-01-18 18:00:00,USDJPY,SignalType.SELL,1007283.7561431152,False,0.75,{}
2024-01-18 19:00:00,USDJPY,SignalType.HOLD,-65430.87670902423,False,0.75,{}
2024-01-18 20:00:00,USDJPY,SignalType.BUY,-494162.2583656863,False,0.75,{}
2024-01-18 21:00:00,USDJPY,SignalType.HOLD,434915.6928102184,False,0.75,{}
2024-01-18 22:00:00,USDJPY,SignalType.HOLD,168834.45105949248,False,0.75,{}
2024-01-18 23:00:00,USDJPY,SignalType.HOLD,-167431.20146617002,False,0.75,{}
2024-01-19 00:00:00,USDJPY,SignalType.BUY,-762612.6709248001,False,0.75,{}
2024-01-19 01:00:00,USDJPY,SignalType.HOLD,78743.34536291826,False,0.75,{}
2024-01-19 02:00:00,USDJPY,SignalType.BUY,276272.2138630761,True,0.75,{}
2024-01-19 03:00:00,USDJPY,SignalType.BUY,-689904.631745976,False,0.75,{}
2024-01-19 04:00:00,USDJPY,SignalType.SELL,114921.0940881585,False,0.75,{}
2024-01-19 05:00:00,USDJPY,SignalType.HOLD,1061890.0367409242,False,0.75,{}
2024-01-19 06:00:00,USDJPY,SignalType.BUY,-3872836.6639309297,False,0.75,{}
2024-01-19 07:00:00,USDJPY,SignalType.SELL,-884050.1575255621,True,0.75,{}
2024-01-19 08:00:00,USDJPY,SignalType.HOLD,93082.0627643152,False,0.75,{}
2024-01-19 09:00:00,USDJPY,SignalType.BUY,926160.2235252667,True,0.75,{}
2024-01-19 10:00:00,USDJPY,SignalType.HOLD,-744637.7706969179,False,0.75,{}
2024-01-19 11:00:00,USDJPY,SignalType.HOLD,-250520.20993801305,False,0.75,{}
2024-01-19 12:00:00,USDJPY,SignalType.SELL,135964.0739297538,False,0.75,{}
2024-01-19 13:00:00,USDJPY,SignalType.BUY,130458.68559342125,True,0.75,{}
2024-01-19 14:00:00,USDJPY,SignalType.BUY,4103173.1223198404,True,0.75,{}
2024-01-19 15:00:00,USDJPY,SignalType.HOLD,602901.8917137273,False,0.75,{}
2024-01-19 16:00:00,USDJPY,SignalType.BUY,-1278797.6992115455,False,0.75,{}
2024-01-19 17:00:00,USDJPY,SignalType.SELL,1918465.0327022155,False,0.75,{}
2024-01-19 18:00:00,USDJPY,SignalType.HOLD,1101200.2772417236,False,0.75,{}
2024-01-19 19:00:00,USDJPY,SignalType.HOLD,-1006533.3035525236,False,0.75,{}
2024-01-19 20:00:00,USDJPY,SignalType.SELL,1123942.232265672,False,0.75,{}
2024-01-19 21:00:00,USDJPY,SignalType.HOLD,890974.4542848784,False,0.75,{}
2024-01-19 22:00:00,USDJPY,SignalType.BUY,872345.662269554,True,0.75,{}
2024-01-19 23:00:00,USDJPY,SignalType.BUY,-810018.3699415993,False,0.75,{}
2024-01-20 00:00:00,USDJPY,SignalType.HOLD,947208.1591208007,False,0.75,{}
2024-01-20 01:00:00,USDJPY,SignalType.BUY,-1117927.7900490433,False,0.75,{}
2024-01-20 02:00:00,USDJPY,SignalType.SELL,-690541.1858652224,True,0.75,{}
2024-01-20 03:00:00,USDJPY,SignalType.SELL,-365840.9486476285,True,0.75,{}
2024-01-20 04:00:00,USDJPY,SignalType.SELL,1010746.8980027079,False,0.75,{}
2024-01-20 05:00:00,USDJPY,SignalType.HOLD,-1415808.3100842396,False,0.75,{}
2024-01-20 06:00:00,USDJPY,SignalType.HOLD,149503.34306310653,False,0.75,{}
2024-01-20 07:00:00,USDJPY,SignalType.BUY,993064.2143650311,True,0.75,{}
2024-01-20 08:00:00,USDJPY,SignalType.BUY,1338099.0237674722,True,0.75,{}
2024-01-20 09:00:00,USDJPY,SignalType.HOLD,895423.5423011414,False,0.75,{}
2024-01-20 10:00:00,USDJPY,SignalType.BUY,-15183.091346643778,False,0.75,{}
2024-01-20 11:00:00,USDJPY,SignalType.BUY,16993.46001455524,True,0.75,{}
2024-01-20 12:00:00,USDJPY,SignalType.BUY,356479.13080269063,True,0.75,{}
2024-01-20 13:00:00,USDJPY,SignalType.BUY,-579568.6988394209,False,0.75,{}
2024-01-20 14:00:00,USDJPY,SignalType.HOLD,848142.2785378527,False,0.75,{}
2024-01-20 15:00:00,USDJPY,SignalType.HOLD,-553764.3075810593,False,0.75,{}
2024-01-20 16:00:00,USDJPY,SignalType.SELL,364545.0113763127,False,0.75,{}
2024-01-20 17:00:00,USDJPY,SignalType.BUY,-4098022.819499511,False,0.75,{}
2024-01-20 18:00:00,USDJPY,SignalType.HOLD,-514540.0336801322,False,0.75,{}
2024-01-20 19:00:00,USDJPY,SignalType.SELL,-579680.6469618877,True,0.75,{}
2024-01-20 20:00:00,USDJPY,SignalType.SELL,-1329122.415365191,True,0.75,{}
2024-01-20 21:00:00,USDJPY,SignalType.HOLD,2813900.479552458,False,0.75,{}
2024-01-20 22:00:00,USDJPY,SignalType.BUY,-268976.71800684294,False,0.75,{}
2024-01-20 23:00:00,USDJPY,SignalType.HOLD,-612451.0226696475,False,0.75,{}
2024-01-21 00:00:00,USDJPY,SignalType.SELL,-587491.2817737095,True,0.75,{}
2024-01-21 01:00:00,USDJPY,SignalType.SELL,3250780.990946332,False,0.75,{}
2024-01-21 02:00:00,USDJPY,SignalType.HOLD,-810002.2347755749,False,0.75,{}
2024-01-21 03:00:00,USDJPY,SignalType.HOLD,-1004024.06073762,False,0.75,{}
2024-01-21 04:00:00,USDJPY,SignalType.HOLD,1152283.7660228924,False,0.75,{}
2024-01-21 05:00:00,USDJPY,SignalType.HOLD,-929312.7067737896,False,0.75,{}
2024-01-21 06:00:00,USDJPY,SignalType.HOLD,110555.21972413771,False,0.75,{}
2024-01-21 07:00:00,USDJPY,SignalType.BUY,-246381.02158460242,False,0.75,{}
2024-01-21 08:00:00,USDJPY,SignalType.SELL,1413183.4722913117,False,0.75,{}
2024-01-21 09:00:00,USDJPY,SignalType.BUY,-227300.1685062809,False,0.75,{}
2024-01-21 10:00:00,USDJPY,SignalType.SELL,698839.6002729769,False,0.75,{}
2024-01-21 11:00:00,USDJPY,SignalType.BUY,-259693.95912860817,False,0.75,{}
2024-01-21 12:00:00,USDJPY,SignalType.SELL,492099.9005132944,False,0.75,{}
2024-01-21 13:00:00,USDJPY,SignalType.BUY,461830.41730602784,True,0.75,{}
2024-01-21 14:00:00,USDJPY,SignalType.BUY,1235702.8695515965,True,0.75,{}
2024-01-21 15:00:00,USDJPY,SignalType.HOLD,318806.299217631,False,0.75,{}
2024-01-21 16:00:00,USDJPY,SignalType.BUY,62033.151854020616,True,0.75,{}
2024-01-21 17:00:00,USDJPY,SignalType.BUY,1609768.5117746824,True,0.75,{}
2024-01-21 18:00:00,USDJPY,SignalType.HOLD,141390.9238368342,False,0.75,{}
