timestamp,pair,atr,entry_price,method,position_size,risk_amount,portfolio_exposure,margin_used_pct,decision_reason
2024-01-01 01:00:00,EURUSD,4043386.756850726,147.00447239232557,equity_%,3.3647605509136023e-06,2000.0,4.946348495135649e-07,9.892696990271298e-09,"Method: equity_%, ATR: 4043386.76, Risk: 2000.00"
2024-01-01 02:00:00,EURUSD,6044533.878857062,-263.8831417065418,equity_%,-1.2537595933868324e-06,1999.809979280758,3.30877457233836e-07,6.61754914467672e-09,"Method: equity_%, ATR: 6044533.88, Risk: 1999.81"
2024-01-01 03:00:00,EURUSD,2831160.8944515307,-387.7932215158106,equity_%,-1.821619902468225e-06,1999.9656061035525,7.064239986923993e-07,1.4128479973847985e-08,"Method: equity_%, ATR: 2831160.89, Risk: 1999.97"
2024-01-01 04:00:00,EURUSD,2614290.6946606007,-488.71198981422606,equity_%,-1.564610352562078e-06,1999.0012722025826,7.650258649831018e-07,1.5300517299662036e-08,"Method: equity_%, ATR: 2614290.69, Risk: 1999.00"
2024-01-01 05:00:00,EURUSD,780264.5809153034,-460.6561483465723,equity_%,-5.5620672494662965e-06,1999.1942806144575,2.563233099282636e-06,5.126466198565272e-08,"Method: equity_%, ATR: 780264.58, Risk: 1999.19"
2024-01-01 06:00:00,EURUSD,1083741.050783437,-463.735926325607,equity_%,-3.985919913064547e-06,2003.2024158234979,1.8454592991141184e-06,3.690918598228237e-08,"Method: equity_%, ATR: 1083741.05, Risk: 2003.20"
2024-01-01 07:00:00,EURUSD,1850701.3994466478,-563.4034183232887,equity_%,-1.9212059512600387e-06,2003.2251050302746,1.0806713609218602e-06,2.1613427218437208e-08,"Method: equity_%, ATR: 1850701.40, Risk: 2003.23"
2024-01-01 08:00:00,EURUSD,731502.5396001261,-506.3260919236559,equity_%,-5.406786593082001e-06,2002.5592497348277,2.7340985051033382e-06,5.4681970102066765e-08,"Method: equity_%, ATR: 731502.54, Risk: 2002.56"
2024-01-01 09:00:00,EURUSD,1110829.1148915056,-532.414387570799,equity_%,-3.3842024515058466e-06,2001.4897615698253,1.8004569498480775e-06,3.600913899696156e-08,"Method: equity_%, ATR: 1110829.11, Risk: 2001.49"
2024-01-01 10:00:00,EURUSD,833989.57272031,-508.48767001921544,equity_%,-4.7185416109019814e-06,2001.008053116864,2.398111517721251e-06,4.796223035442502e-08,"Method: equity_%, ATR: 833989.57, Risk: 2001.01"
2024-01-01 11:00:00,EURUSD,1568217.6303754982,-461.553566911946,equity_%,-2.768960336227195e-06,2004.2190158215483,1.2753331943609858e-06,2.550666388721972e-08,"Method: equity_%, ATR: 1568217.63, Risk: 2004.22"
2024-01-01 12:00:00,EURUSD,3936161.0782851754,-709.4065137809334,equity_%,-7.163407266291914e-07,2000.265652709488,5.08109287252878e-07,1.0162185745057559e-08,"Method: equity_%, ATR: 3936161.08, Risk: 2000.27"
2024-01-01 13:00:00,EURUSD,981866.4569423038,-744.2371784758375,equity_%,-2.7361366227492727e-06,1999.408638889636,2.0369368826676637e-06,4.073873765335327e-08,"Method: equity_%, ATR: 981866.46, Risk: 1999.41"
2024-01-01 14:00:00,EURUSD,2987976.9647539495,-671.9380820043269,equity_%,-9.957656465744566e-07,1999.234049032266,6.693492030199414e-07,1.338698406039883e-08,"Method: equity_%, ATR: 2987976.96, Risk: 1999.23"
2024-01-01 15:00:00,EURUSD,1447905.399125467,-548.7665895392064,equity_%,-2.5216752868351074e-06,2003.6276312297466,1.3813057132102676e-06,2.7626114264205348e-08,"Method: equity_%, ATR: 1447905.40, Risk: 2003.63"
2024-01-01 16:00:00,EURUSD,1223341.2153718371,-568.3403405662074,equity_%,-2.8795725664715887e-06,2002.092405873858,1.6348668506129715e-06,3.269733701225942e-08,"Method: equity_%, ATR: 1223341.22, Risk: 2002.09"
2024-01-01 17:00:00,EURUSD,2620161.691732611,-650.5531126086521,equity_%,-1.1736094364549988e-06,2000.4810631797857,7.633116713028034e-07,1.5266233426056068e-08,"Method: equity_%, ATR: 2620161.69, Risk: 2000.48"
2024-01-01 18:00:00,EURUSD,1349001.1374634912,-542.8041419246699,equity_%,-2.731005631761239e-06,1999.7608625371295,1.4825784385627527e-06,2.965156877125505e-08,"Method: equity_%, ATR: 1349001.14, Risk: 1999.76"
2024-01-01 19:00:00,EURUSD,1395284.725159679,-490.9541017027519,equity_%,-2.9197108876837436e-06,2000.062567933919,1.433399193681502e-06,2.866798387363004e-08,"Method: equity_%, ATR: 1395284.73, Risk: 2000.06"
2024-01-01 20:00:00,EURUSD,3554645.8440494114,-749.5462053867363,equity_%,-7.511389782386211e-07,2001.3131388604763,5.626439560351878e-07,1.1252879120703756e-08,"Method: equity_%, ATR: 3554645.84, Risk: 2001.31"
2024-01-01 21:00:00,EURUSD,1815849.4952410217,-815.7283869244659,equity_%,-1.34986263580406e-06,1999.470503189463,1.1014128677743392e-06,2.2028257355486784e-08,"Method: equity_%, ATR: 1815849.50, Risk: 1999.47"
2024-01-01 22:00:00,EURUSD,1603593.66005777,-971.2300841483892,equity_%,-1.2836105631190392e-06,1999.170060787063,1.2471987448041851e-06,2.4943974896083702e-08,"Method: equity_%, ATR: 1603593.66, Risk: 1999.17"
2024-01-01 23:00:00,EURUSD,2227182.3419724796,-776.1707151495664,equity_%,-1.1571423141715818e-06,2000.3214985529523,8.979956253733233e-07,1.7959912507466467e-08,"Method: equity_%, ATR: 2227182.34, Risk: 2000.32"
2024-01-02 00:00:00,EURUSD,1758318.6402607157,-686.7448899883648,equity_%,-1.6564463028429297e-06,2000.1859789540256,1.1374502631124066e-06,2.2749005262248133e-08,"Method: equity_%, ATR: 1758318.64, Risk: 2000.19"
2024-01-02 01:00:00,EURUSD,2302805.086817531,-761.4958863719439,equity_%,-1.1404979605763692e-06,1999.9505368446542,8.68505984917722e-07,1.7370119698354443e-08,"Method: equity_%, ATR: 2302805.09, Risk: 1999.95"
2024-01-02 02:00:00,EURUSD,1185360.5531311824,-842.738792382399,equity_%,-2.0035050616111444e-06,2001.4000210838187,1.6872503431271707e-06,3.3745006862543415e-08,"Method: equity_%, ATR: 1185360.55, Risk: 2001.40"
2024-01-02 03:00:00,EURUSD,3311248.0779810473,-936.0950373758143,equity_%,-6.456919692648227e-07,2001.4145238043814,6.040018605973646e-07,1.2080037211947292e-08,"Method: equity_%, ATR: 3311248.08, Risk: 2001.41"
2024-01-02 04:00:00,EURUSD,783991.5672396069,-888.4511800988755,equity_%,-2.8711709216253166e-06,1999.8803206815778,2.551047847417409e-06,5.1020956948348196e-08,"Method: equity_%, ATR: 783991.57, Risk: 1999.88"
2024-01-02 05:00:00,EURUSD,1239615.3206722874,-961.2921700051834,equity_%,-1.6777390630310975e-06,1999.2483966794643,1.6134037444094582e-06,3.2268074888189165e-08,"Method: equity_%, ATR: 1239615.32, Risk: 1999.25"
2024-01-02 06:00:00,EURUSD,2674755.2770286915,-854.1812480518149,equity_%,-8.753299340092392e-07,1999.8888844133114,7.477319578267147e-07,1.4954639156534294e-08,"Method: equity_%, ATR: 2674755.28, Risk: 1999.89"
2024-01-02 07:00:00,EURUSD,1657923.8478029696,-872.6505854194553,equity_%,-1.3823183820203566e-06,1999.9219463733564,1.2063280244447533e-06,2.4126560488895063e-08,"Method: equity_%, ATR: 1657923.85, Risk: 1999.92"
2024-01-02 08:00:00,EURUSD,1282393.7536371476,-825.2393177785636,equity_%,-1.8920237417393516e-06,2002.2941895909041,1.5595833918619497e-06,3.119166783723899e-08,"Method: equity_%, ATR: 1282393.75, Risk: 2002.29"
2024-01-02 09:00:00,EURUSD,4940815.064568439,-658.0808639102509,equity_%,-6.157322434682207e-07,2002.0262026643911,4.047915118989973e-07,8.095830237979946e-09,"Method: equity_%, ATR: 4940815.06, Risk: 2002.03"
2024-01-02 10:00:00,EURUSD,1889326.238521777,-738.0553975284365,equity_%,-1.4359343667284918e-06,2002.3062658215429,1.0585784282363089e-06,2.1171568564726177e-08,"Method: equity_%, ATR: 1889326.24, Risk: 2002.31"
2024-01-02 11:00:00,EURUSD,2199103.6145644933,-805.7099829965733,equity_%,-1.1292138221777038e-06,2000.7859204602344,9.094614672788287e-07,1.8189229345576573e-08,"Method: equity_%, ATR: 2199103.61, Risk: 2000.79"
2024-01-02 12:00:00,EURUSD,1231642.2605529623,-878.8711373666151,equity_%,-1.8500010143718563e-06,2002.542541579516,1.6238481449167497e-06,3.2476962898334995e-08,"Method: equity_%, ATR: 1231642.26, Risk: 2002.54"
2024-01-02 13:00:00,EURUSD,1074181.722513041,-853.5789793812836,equity_%,-2.1846294730107348e-06,2003.084444541277,1.8618823594587085e-06,3.7237647189174164e-08,"Method: equity_%, ATR: 1074181.72, Risk: 2003.08"
2024-01-02 14:00:00,EURUSD,1560241.908719347,-805.5255915600831,equity_%,-1.5931730319651874e-06,2002.3234240236748,1.2818525055781948e-06,2.5637050111563893e-08,"Method: equity_%, ATR: 1560241.91, Risk: 2002.32"
2024-01-02 15:00:00,EURUSD,890957.3686685963,-768.9277983406282,equity_%,-2.9265672326764954e-06,2004.9382048449827,2.244776316277291e-06,4.4895526325545825e-08,"Method: equity_%, ATR: 890957.37, Risk: 2004.94"
2024-01-02 16:00:00,EURUSD,873578.7728649916,-733.0687883747446,equity_%,-3.129937721264171e-06,2004.3912480695453,2.2894329190724198e-06,4.5788658381448394e-08,"Method: equity_%, ATR: 873578.77, Risk: 2004.39"
2024-01-02 17:00:00,EURUSD,2049383.9925403188,-856.2565663496138,equity_%,-1.1405661664475436e-06,2001.4637986994876,9.759030066009713e-07,1.951806013201943e-08,"Method: equity_%, ATR: 2049383.99, Risk: 2001.46"
2024-01-02 18:00:00,EURUSD,845768.8906201622,-928.9651612457044,equity_%,-2.548538471236456e-06,2002.3607680300786,2.3647121834115875e-06,4.729424366823176e-08,"Method: equity_%, ATR: 845768.89, Risk: 2002.36"
2024-01-02 19:00:00,EURUSD,2131014.0835821996,-1022.4027850721543,equity_%,-9.187749155546591e-07,2001.7851968208945,9.385203107799423e-07,1.8770406215598845e-08,"Method: equity_%, ATR: 2131014.08, Risk: 2001.79"
2024-01-02 20:00:00,EURUSD,968175.0506091509,-983.1999636954615,equity_%,-2.104181984326964e-06,2002.991188020418,2.065742139029147e-06,4.131484278058294e-08,"Method: equity_%, ATR: 968175.05, Risk: 2002.99"
2024-01-02 21:00:00,EURUSD,3961205.280811217,-676.9814444430838,equity_%,-7.474831673514942e-07,2004.497558890699,5.048968327110832e-07,1.0097936654221663e-08,"Method: equity_%, ATR: 3961205.28, Risk: 2004.50"
2024-01-02 22:00:00,EURUSD,1042682.1781887611,-740.8074616060895,equity_%,-2.5936616893496964e-06,2003.4136373653496,1.9181300321773903e-06,3.8362600643547816e-08,"Method: equity_%, ATR: 1042682.18, Risk: 2003.41"
2024-01-02 23:00:00,EURUSD,1332925.9059849903,-736.2575304551838,equity_%,-2.045449208293179e-06,2007.3562673208694,1.5004584958697031e-06,3.000916991739406e-08,"Method: equity_%, ATR: 1332925.91, Risk: 2007.36"
2024-01-03 00:00:00,EURUSD,4874879.584972318,-933.5937118295593,equity_%,-4.4125570193794006e-07,2008.2239442132582,4.1026654405277094e-07,8.205330881055421e-09,"Method: equity_%, ATR: 4874879.58, Risk: 2008.22"
2024-01-03 01:00:00,EURUSD,2453012.640856143,-925.3096318238728,equity_%,-8.850242131892501e-07,2008.8246168648855,8.153239680419934e-07,1.6306479360839868e-08,"Method: equity_%, ATR: 2453012.64, Risk: 2008.82"
2024-01-03 02:00:00,EURUSD,842337.8834746507,-926.0981695630836,equity_%,-2.578317804529263e-06,2011.3136760814882,2.3743441191912015e-06,4.748688238382403e-08,"Method: equity_%, ATR: 842337.88, Risk: 2011.31"
2024-01-03 03:00:00,EURUSD,1885403.4506649156,-978.3837493611402,equity_%,-1.0909130902061628e-06,2012.3507559720663,1.0607809163045025e-06,2.121561832609005e-08,"Method: equity_%, ATR: 1885403.45, Risk: 2012.35"
2024-01-03 04:00:00,EURUSD,4378194.793694566,-715.5141542476188,equity_%,-6.443349157050485e-07,2018.4824392905552,4.568092773945053e-07,9.136185547890106e-09,"Method: equity_%, ATR: 4378194.79, Risk: 2018.48"
2024-01-03 05:00:00,EURUSD,2480877.573879537,-644.0851984832367,equity_%,-1.2628305403090847e-06,2017.8725314994474,8.061663425303359e-07,1.612332685060672e-08,"Method: equity_%, ATR: 2480877.57, Risk: 2017.87"
2024-01-03 06:00:00,EURUSD,1638362.699857704,-544.7323065483068,equity_%,-2.262908799276311e-06,2019.576162401275,1.2207309164043497e-06,2.4414618328087e-08,"Method: equity_%, ATR: 1638362.70, Risk: 2019.58"
2024-01-03 07:00:00,EURUSD,3120764.4153078026,-408.0775323681509,equity_%,-1.5849274217940338e-06,2018.4270097464082,6.408686250681755e-07,1.2817372501363512e-08,"Method: equity_%, ATR: 3120764.42, Risk: 2018.43"
2024-01-03 08:00:00,EURUSD,2027392.6555541959,-286.6321202194242,equity_%,-3.478081112612268e-06,2021.1680808324847,9.864887270459664e-07,1.972977454091933e-08,"Method: equity_%, ATR: 2027392.66, Risk: 2021.17"
2024-01-03 09:00:00,EURUSD,1128771.4798926287,-325.88530191978793,equity_%,-5.498940676307028e-06,2022.7855176208725,1.771837821584794e-06,3.5436756431695884e-08,"Method: equity_%, ATR: 1128771.48, Risk: 2022.79"
2024-01-03 10:00:00,EURUSD,805776.3750053914,-314.1279871141956,equity_%,-7.992779208499613e-06,2023.1075815192257,2.482078231676398e-06,4.9641564633527965e-08,"Method: equity_%, ATR: 805776.38, Risk: 2023.11"
2024-01-03 11:00:00,EURUSD,2797372.3971569478,-263.15753315251186,equity_%,-2.747216940928576e-06,2022.3627053220225,7.149566507600702e-07,1.4299133015201405e-08,"Method: equity_%, ATR: 2797372.40, Risk: 2022.36"
2024-01-03 12:00:00,EURUSD,670053.6854876328,-242.67818373370926,equity_%,-1.2427132584837274e-05,2020.7438607228198,2.9848354591833883e-06,5.969670918366778e-08,"Method: equity_%, ATR: 670053.69, Risk: 2020.74"
2024-01-03 13:00:00,EURUSD,2583645.823184807,-352.02234267274997,equity_%,-2.2238361110442956e-06,2022.5812898405713,7.740999103099363e-07,1.548199820619872e-08,"Method: equity_%, ATR: 2583645.82, Risk: 2022.58"
2024-01-03 14:00:00,EURUSD,947779.5246824451,-325.0612297173523,equity_%,-6.559181307652306e-06,2020.7944103700445,2.1101954071756332e-06,4.2203908143512656e-08,"Method: equity_%, ATR: 947779.52, Risk: 2020.79"
2024-01-03 15:00:00,EURUSD,2366019.0810414967,-256.92085772116627,equity_%,-3.3302831458400753e-06,2024.4113587084448,8.453017205252721e-07,1.6906034410505442e-08,"Method: equity_%, ATR: 2366019.08, Risk: 2024.41"
2024-01-03 16:00:00,EURUSD,1696850.4284889812,-134.69207565402021,equity_%,-8.850865261728962e-06,2022.8856682089079,1.1786542681790572e-06,2.3573085363581143e-08,"Method: equity_%, ATR: 1696850.43, Risk: 2022.89"
2024-01-03 17:00:00,EURUSD,1013803.8503441138,-115.76223117622291,equity_%,-1.7231628503891877e-05,2022.3072932892997,1.9727682029626767e-06,3.945536405925354e-08,"Method: equity_%, ATR: 1013803.85, Risk: 2022.31"
2024-01-03 18:00:00,EURUSD,1651063.270569909,-139.4454681593063,equity_%,-8.780416612980248e-06,2021.5442107451522,1.2113406164681055e-06,2.422681232936211e-08,"Method: equity_%, ATR: 1651063.27, Risk: 2021.54"
2024-01-03 19:00:00,EURUSD,2177068.3649931084,-56.22730155555287,equity_%,-1.652314644478152e-05,2022.6095832140293,9.186666032907657e-07,1.8373332065815315e-08,"Method: equity_%, ATR: 2177068.36, Risk: 2022.61"
2024-01-03 20:00:00,EURUSD,1754664.7476041426,-114.15902780290625,equity_%,-1.0102612431682232e-05,2023.66259757278,1.1398188757885765e-06,2.279637751577153e-08,"Method: equity_%, ATR: 1754664.75, Risk: 2023.66"
2024-01-03 21:00:00,EURUSD,2500509.6058156057,25.475493522431236,equity_%,3.179745103129092e-05,2025.552203568819,7.998369593735867e-07,1.5996739187471735e-08,"Method: equity_%, ATR: 2500509.61, Risk: 2025.55"
2024-01-03 22:00:00,EURUSD,3382065.438942327,-72.67110058855765,equity_%,-8.2335379299207e-06,2023.6259245749843,5.913546133588296e-07,1.1827092267176592e-08,"Method: equity_%, ATR: 3382065.44, Risk: 2023.63"
2024-01-03 23:00:00,EURUSD,1667830.1883612429,-187.2682025386821,equity_%,-6.477406604215041e-06,2023.0985192566263,1.1991628488060505e-06,2.3983256976121013e-08,"Method: equity_%, ATR: 1667830.19, Risk: 2023.10"
2024-01-04 00:00:00,EURUSD,766342.3517666403,-120.65543268252054,equity_%,-2.1886170812361346e-05,2023.6690667077785,2.6097996481460573e-06,5.219599296292115e-08,"Method: equity_%, ATR: 766342.35, Risk: 2023.67"
2024-01-04 01:00:00,EURUSD,1465995.213888878,-202.85778185354525,equity_%,-6.805667887211467e-06,2023.9276183097827,1.364260934177647e-06,2.7285218683552934e-08,"Method: equity_%, ATR: 1465995.21, Risk: 2023.93"
2024-01-04 02:00:00,EURUSD,718447.3184991166,-213.55859373009386,equity_%,-1.3165096573403661e-05,2019.9286532532299,2.7837810073230293e-06,5.5675620146460586e-08,"Method: equity_%, ATR: 718447.32, Risk: 2019.93"
2024-01-04 03:00:00,EURUSD,473519.9117603077,-247.65623148096077,equity_%,-1.7239536180836433e-05,2021.6831124264197,4.2236872205965125e-06,8.447374441193027e-08,"Method: equity_%, ATR: 473519.91, Risk: 2021.68"
2024-01-04 04:00:00,EURUSD,1091911.324055521,-247.69541754024536,equity_%,-7.4696441467620055e-06,2020.2506474504517,1.8316505708281352e-06,3.6633011416562705e-08,"Method: equity_%, ATR: 1091911.32, Risk: 2020.25"
2024-01-04 05:00:00,EURUSD,1338587.7406452221,-172.95375145342882,equity_%,-8.725472310058841e-06,2020.067001697041,1.4941119952555113e-06,2.988223990511023e-08,"Method: equity_%, ATR: 1338587.74, Risk: 2020.07"
2024-01-04 06:00:00,EURUSD,2654733.6179942572,0.23048320398496003,equity_%,0.0033023474920676294,2020.6123465224123,7.533712559496154e-07,1.5067425118992305e-08,"Method: equity_%, ATR: 2654733.62, Risk: 2020.61"
2024-01-04 07:00:00,EURUSD,1008848.9272519648,-49.72092843153681,equity_%,-4.030568675306306e-05,2021.769736680062,1.9824573788742213e-06,3.964914757748443e-08,"Method: equity_%, ATR: 1008848.93, Risk: 2021.77"
2024-01-04 08:00:00,EURUSD,1836297.7999668121,-24.380450369364056,equity_%,-4.512703902004523e-05,2020.3270392708787,1.089147958482631e-06,2.178295916965262e-08,"Method: equity_%, ATR: 1836297.80, Risk: 2020.33"
2024-01-04 09:00:00,EURUSD,4904189.556616831,-158.6709557820634,equity_%,-2.593989477760085e-06,2018.5192525680782,4.0781457912889193e-07,8.15629158257784e-09,"Method: equity_%, ATR: 4904189.56, Risk: 2018.52"
2024-01-04 10:00:00,EURUSD,402400.1721433459,-166.5598450454159,equity_%,-3.014485292775021e-05,2020.4198902216397,4.970176800241392e-06,9.940353600482784e-08,"Method: equity_%, ATR: 402400.17, Risk: 2020.42"
2024-01-04 11:00:00,EURUSD,1208317.2828538455,-256.3475145307486,equity_%,-6.5258095816531185e-06,2021.3638549769717,1.655194399997599e-06,3.3103887999951984e-08,"Method: equity_%, ATR: 1208317.28, Risk: 2021.36"
2024-01-04 12:00:00,EURUSD,283232.52095761005,-267.037807657857,equity_%,-2.673634124830983e-05,2022.1708582157244,7.061336011973463e-06,1.4122672023946925e-07,"Method: equity_%, ATR: 283232.52, Risk: 2022.17"
2024-01-04 13:00:00,EURUSD,1245946.0425231466,-244.84994443132558,equity_%,-6.629515811175017e-06,2022.4651904040218,1.6052059493281348e-06,3.21041189865627e-08,"Method: equity_%, ATR: 1245946.04, Risk: 2022.47"
2024-01-04 14:00:00,EURUSD,1932338.5758975828,-271.89184108864083,equity_%,-3.855988949644575e-06,2025.8868249224056,1.035015304743367e-06,2.0700306094867338e-08,"Method: equity_%, ATR: 1932338.58, Risk: 2025.89"
2024-01-04 15:00:00,EURUSD,1042177.6560142825,-231.05249629062445,equity_%,-8.417517898451686e-06,2026.9193621178422,1.9190586062349724e-06,3.838117212469945e-08,"Method: equity_%, ATR: 1042177.66, Risk: 2026.92"
2024-01-04 16:00:00,EURUSD,1035781.1988496727,-223.8635788335128,equity_%,-8.750357260392621e-06,2028.9775923349698,1.9309097348177184e-06,3.8618194696354367e-08,"Method: equity_%, ATR: 1035781.20, Risk: 2028.98"
2024-01-04 17:00:00,EURUSD,1624703.652849784,-133.60396391923632,equity_%,-9.366817162688363e-06,2033.2254793090021,1.2309937239889465e-06,2.461987447977893e-08,"Method: equity_%, ATR: 1624703.65, Risk: 2033.23"
2024-01-04 18:00:00,EURUSD,1905662.4164486811,-16.480350008478,equity_%,-6.476125721897789e-05,2033.8909834995238,1.0495038275074569e-06,2.0990076550149142e-08,"Method: equity_%, ATR: 1905662.42, Risk: 2033.89"
2024-01-04 19:00:00,EURUSD,2071965.5725180514,-45.86504109842995,equity_%,-2.1434951753543322e-05,2036.9803159708745,9.65267003722175e-07,1.9305340074443498e-08,"Method: equity_%, ATR: 2071965.57, Risk: 2036.98"
2024-01-04 20:00:00,EURUSD,1628352.5168757075,-31.854287564556138,equity_%,-3.926648838460087e-05,2036.7531188273986,1.2282352741637088e-06,2.4564705483274175e-08,"Method: equity_%, ATR: 1628352.52, Risk: 2036.75"
2024-01-04 21:00:00,EURUSD,1501785.778156816,72.90136370457472,equity_%,1.8616794469997777e-05,2038.2081967351912,1.331747862504502e-06,2.663495725009004e-08,"Method: equity_%, ATR: 1501785.78, Risk: 2038.21"
2024-01-04 22:00:00,EURUSD,879405.638393913,70.40543253066492,equity_%,3.288969873321949e-05,2036.3635375635079,2.274263335009615e-06,4.5485266700192294e-08,"Method: equity_%, ATR: 879405.64, Risk: 2036.36"
2024-01-04 23:00:00,EURUSD,3211203.511850378,-126.82696778863867,equity_%,-4.997847103333781e-06,2035.4592175945288,6.228194484153229e-07,1.245638896830646e-08,"Method: equity_%, ATR: 3211203.51, Risk: 2035.46"
2024-01-05 00:00:00,EURUSD,1157029.5632471351,-133.8412955704924,equity_%,-1.3136801045383965e-05,2034.3431470768126,1.7285643025292441e-06,3.4571286050584885e-08,"Method: equity_%, ATR: 1157029.56, Risk: 2034.34"
2024-01-05 01:00:00,EURUSD,2036690.341613899,-65.13757812151366,equity_%,-1.5360369963946538e-05,2037.7846522833222,9.819853117264625e-07,1.963970623452925e-08,"Method: equity_%, ATR: 2036690.34, Risk: 2037.78"
2024-01-05 02:00:00,EURUSD,4871196.195378931,-164.18867614398138,equity_%,-2.553481328339163e-06,2042.2622490052238,4.105767700133498e-07,8.211535400266996e-09,"Method: equity_%, ATR: 4871196.20, Risk: 2042.26"
2024-01-05 03:00:00,EURUSD,519885.87606439524,-163.3675919862431,equity_%,-2.4049130269432526e-05,2042.55284511656,3.8469981434007486e-06,7.693996286801497e-08,"Method: equity_%, ATR: 519885.88, Risk: 2042.55"
2024-01-05 04:00:00,EURUSD,577538.7675155867,-174.35383596150947,equity_%,-2.027890631539411e-05,2042.006768751758,3.462970994316886e-06,6.925941988633772e-08,"Method: equity_%, ATR: 577538.77, Risk: 2042.01"
2024-01-05 05:00:00,EURUSD,2029110.9706946923,-115.75321915772507,equity_%,-8.687042428740365e-06,2040.378879758338,9.85653337291491e-07,1.971306674582982e-08,"Method: equity_%, ATR: 2029110.97, Risk: 2040.38"
2024-01-05 06:00:00,EURUSD,1758306.2522638282,13.844197922377631,equity_%,8.38145979751018e-05,2040.24342113444,1.1374582769213213e-06,2.274916553842643e-08,"Method: equity_%, ATR: 1758306.25, Risk: 2040.24"
2024-01-05 07:00:00,EURUSD,835736.6216002966,36.74421028586052,equity_%,6.640644508722406e-05,2039.2411347797718,2.3930984335355948e-06,4.786196867071189e-08,"Method: equity_%, ATR: 835736.62, Risk: 2039.24"
2024-01-05 08:00:00,EURUSD,1783623.488777955,-25.76384933688375,equity_%,-4.435601843416661e-05,2038.2924184384235,1.1213128850250199e-06,2.2426257700500397e-08,"Method: equity_%, ATR: 1783623.49, Risk: 2038.29"
2024-01-05 09:00:00,EURUSD,2323755.9824238447,-114.28768962603534,equity_%,-7.679596847031957e-06,2039.5220070558555,8.606755679715804e-07,1.7213511359431606e-08,"Method: equity_%, ATR: 2323755.98, Risk: 2039.52"
2024-01-05 10:00:00,EURUSD,1377163.2821329306,-110.09822501422587,equity_%,-1.3446657014049407e-05,2038.8256084043094,1.4522606185828808e-06,2.9045212371657617e-08,"Method: equity_%, ATR: 1377163.28, Risk: 2038.83"
2024-01-05 11:00:00,EURUSD,3727614.391814931,-29.07745747718954,equity_%,-1.8830218659937173e-05,2040.9989075449867,5.365361836759686e-07,1.0730723673519373e-08,"Method: equity_%, ATR: 3727614.39, Risk: 2041.00"
2024-01-05 12:00:00,EURUSD,275874.2033528848,-28.862182947892517,equity_%,-0.0002564707047561615,2042.1048297248158,7.249681107159184e-06,1.4499362214318368e-07,"Method: equity_%, ATR: 275874.20, Risk: 2042.10"
2024-01-05 13:00:00,EURUSD,656197.112171665,-49.941652338617175,equity_%,-6.226111659701407e-05,2040.394418910135,3.0478646780097206e-06,6.09572935601944e-08,"Method: equity_%, ATR: 656197.11, Risk: 2040.39"
2024-01-05 14:00:00,EURUSD,1845293.8848473856,-40.89755479073695,equity_%,-2.7000906988688715e-05,2037.7046581644588,1.0838381985780057e-06,2.1676763971560115e-08,"Method: equity_%, ATR: 1845293.88, Risk: 2037.70"
2024-01-05 15:00:00,EURUSD,806201.5191399993,-46.9166035466679,equity_%,-5.392520408187659e-05,2039.67970228185,2.4807693269214668e-06,4.961538653842934e-08,"Method: equity_%, ATR: 806201.52, Risk: 2039.68"
2024-01-05 16:00:00,EURUSD,1415109.5908595507,-40.97001911232983,equity_%,-3.525683567096125e-05,2044.0879233235837,1.4133181012399058e-06,2.8266362024798116e-08,"Method: equity_%, ATR: 1415109.59, Risk: 2044.09"
2024-01-05 17:00:00,EURUSD,4201782.894419066,43.33813343270241,equity_%,1.1234194375262887e-05,2045.7178983944248,4.759884197387876e-07,9.519768394775751e-09,"Method: equity_%, ATR: 4201782.89, Risk: 2045.72"
2024-01-05 18:00:00,EURUSD,3551541.6231720555,164.76171099977287,equity_%,3.4963919625535288e-06,2045.9419885776088,5.631357343388538e-07,1.1262714686777074e-08,"Method: equity_%, ATR: 3551541.62, Risk: 2045.94"
2024-01-05 19:00:00,EURUSD,3491808.2930775937,-31.47622102798431,equity_%,-1.8603013325089697e-05,2044.6372822720232,5.727691305289984e-07,1.145538261057997e-08,"Method: equity_%, ATR: 3491808.29, Risk: 2044.64"
2024-01-05 20:00:00,EURUSD,2952962.3753377995,-91.34334762408302,equity_%,-7.5824931401006884e-06,2045.2521766140862,6.77285974485609e-07,1.3545719489712177e-08,"Method: equity_%, ATR: 2952962.38, Risk: 2045.25"
2024-01-05 21:00:00,EURUSD,991212.2492076088,-175.9536731468266,equity_%,-1.1744093205745605e-05,2048.2571855238502,2.017731320006217e-06,4.035462640012434e-08,"Method: equity_%, ATR: 991212.25, Risk: 2048.26"
2024-01-05 22:00:00,EURUSD,3285758.207775497,66.03626222434235,equity_%,9.43482635940496e-06,2047.160987051546,6.086875154925131e-07,1.2173750309850264e-08,"Method: equity_%, ATR: 3285758.21, Risk: 2047.16"
2024-01-05 23:00:00,EURUSD,2139093.901531102,6.49215047090582,equity_%,0.00014742271888780622,2047.3063958253792,9.349753176185753e-07,1.869950635237151e-08,"Method: equity_%, ATR: 2139093.90, Risk: 2047.31"
2024-01-06 00:00:00,EURUSD,906896.7966341461,-17.124115023297243,equity_%,-0.00013166769011248286,2044.7735601240333,2.2053225983626736e-06,4.410645196725347e-08,"Method: equity_%, ATR: 906896.80, Risk: 2044.77"
2024-01-06 01:00:00,EURUSD,2082119.2281634365,84.96007962968673,equity_%,1.1560949556991782e-05,2045.0974720907923,9.605597858889806e-07,1.921119571777961e-08,"Method: equity_%, ATR: 2082119.23, Risk: 2045.10"
2024-01-06 02:00:00,EURUSD,1172031.778337857,63.82578634727324,equity_%,2.7336801069674042e-05,2044.952636919232,1.7064383722055257e-06,3.4128767444110514e-08,"Method: equity_%, ATR: 1172031.78, Risk: 2044.95"
2024-01-06 03:00:00,EURUSD,4475581.077695386,84.08429986053176,equity_%,5.429667249364431e-06,2043.325507782322,4.4686934842209615e-07,8.937386968441923e-09,"Method: equity_%, ATR: 4475581.08, Risk: 2043.33"
2024-01-06 04:00:00,EURUSD,1859658.5960882474,132.70684914903455,equity_%,8.286946343935185e-06,2045.130787696306,1.0754662195560827e-06,2.1509324391121654e-08,"Method: equity_%, ATR: 1859658.60, Risk: 2045.13"
2024-01-06 05:00:00,EURUSD,1122971.4688140121,150.56449605306145,equity_%,1.2082821674330805e-05,2042.9590577311903,1.7809891484707369e-06,3.561978296941474e-08,"Method: equity_%, ATR: 1122971.47, Risk: 2042.96"
2024-01-06 06:00:00,EURUSD,1131057.0083422281,186.8828821127728,equity_%,9.664811830444101e-06,2042.9014713119589,1.76825746646614e-06,3.5365149329322794e-08,"Method: equity_%, ATR: 1131057.01, Risk: 2042.90"
2024-01-06 07:00:00,EURUSD,1127250.7636861778,144.08157020439302,equity_%,1.257041275643898e-05,2041.636913052869,1.7742281171403954e-06,3.5484562342807914e-08,"Method: equity_%, ATR: 1127250.76, Risk: 2041.64"
2024-01-06 08:00:00,EURUSD,3838088.3902201583,284.2592920935472,equity_%,1.8697228783554335e-06,2039.8906369296371,5.210927411406691e-07,1.042185482281338e-08,"Method: equity_%, ATR: 3838088.39, Risk: 2039.89"
2024-01-06 09:00:00,EURUSD,1666810.2354574106,362.94752808145404,equity_%,3.3713547955411033e-06,2039.550489891017,1.1998966393742805e-06,2.399793278748561e-08,"Method: equity_%, ATR: 1666810.24, Risk: 2039.55"
2024-01-06 10:00:00,EURUSD,2135614.9557852484,289.68006068536783,equity_%,3.2958768080999764e-06,2038.9779386335022,9.364984050997228e-07,1.8729968101994456e-08,"Method: equity_%, ATR: 2135614.96, Risk: 2038.98"
2024-01-06 11:00:00,EURUSD,7232273.833445879,881.5712886396608,equity_%,3.2041512341567353e-07,2042.891517535683,2.7653820168574607e-07,5.5307640337149215e-09,"Method: equity_%, ATR: 7232273.83, Risk: 2042.89"
2024-01-06 12:00:00,EURUSD,1970335.562378426,816.3333322040359,equity_%,1.2691231680548217e-06,2041.3219150354375,1.0150555256617129e-06,2.0301110513234256e-08,"Method: equity_%, ATR: 1970335.56, Risk: 2041.32"
2024-01-06 13:00:00,EURUSD,1680955.4115245908,921.966935896434,equity_%,1.3177934751102168e-06,2042.2969695266022,1.1897995546390147e-06,2.3795991092780294e-08,"Method: equity_%, ATR: 1680955.41, Risk: 2042.30"
2024-01-06 14:00:00,EURUSD,1585107.3728149857,924.4249288795296,equity_%,1.3927124407656895e-06,2040.759324922333,1.261744178533602e-06,2.523488357067204e-08,"Method: equity_%, ATR: 1585107.37, Risk: 2040.76"
2024-01-06 15:00:00,EURUSD,2697138.441959014,1044.7889544363786,equity_%,7.243867645785996e-07,2041.2787673387581,7.415266375971931e-07,1.4830532751943864e-08,"Method: equity_%, ATR: 2697138.44, Risk: 2041.28"
2024-01-06 16:00:00,EURUSD,1965252.263750939,939.5920824570943,equity_%,1.1072037276648235e-06,2044.490952384465,1.0176810564679062e-06,2.0353621129358124e-08,"Method: equity_%, ATR: 1965252.26, Risk: 2044.49"
2024-01-06 17:00:00,EURUSD,1605558.5351783396,1071.1138044802458,equity_%,1.1897953964623678e-06,2046.1338699562466,1.2456724287401005e-06,2.4913448574802007e-08,"Method: equity_%, ATR: 1605558.54, Risk: 2046.13"
2024-01-06 18:00:00,EURUSD,1630038.6016318486,1050.6390420635516,equity_%,1.1944255687305845e-06,2045.5519621951698,1.2269648080712809e-06,2.4539296161425617e-08,"Method: equity_%, ATR: 1630038.60, Risk: 2045.55"
2024-01-06 19:00:00,EURUSD,1651484.1992442461,1138.7642444273722,equity_%,1.0866603308316938e-06,2043.6290077232134,1.2110318711588293e-06,2.4220637423176584e-08,"Method: equity_%, ATR: 1651484.20, Risk: 2043.63"
2024-01-06 20:00:00,EURUSD,2079650.569119251,1342.633028687361,equity_%,7.308645306242801e-07,2040.725454756023,9.617000229259746e-07,1.9234000458519497e-08,"Method: equity_%, ATR: 2079650.57, Risk: 2040.73"
2024-01-06 21:00:00,EURUSD,666791.8006355535,1338.7030217185609,equity_%,2.2878052105032794e-06,2042.1777457100939,2.9994370028151174e-06,5.998874005630235e-08,"Method: equity_%, ATR: 666791.80, Risk: 2042.18"
2024-01-06 22:00:00,EURUSD,792664.7954048736,1279.6753591043878,equity_%,2.0125929235264694e-06,2041.480890816362,2.523134635969861e-06,5.046269271939722e-08,"Method: equity_%, ATR: 792664.80, Risk: 2041.48"
2024-01-06 23:00:00,EURUSD,3042100.628813387,1397.994798191003,equity_%,4.797432176395336e-07,2040.271555720907,6.574404479118521e-07,1.3148808958237042e-08,"Method: equity_%, ATR: 3042100.63, Risk: 2040.27"
2024-01-07 00:00:00,EURUSD,2483298.797310597,1362.5099209799919,equity_%,6.026226201189206e-07,2038.9852345088268,8.053803280402634e-07,1.6107606560805272e-08,"Method: equity_%, ATR: 2483298.80, Risk: 2038.99"
2024-01-07 01:00:00,EURUSD,4004012.768238665,1176.4681375020452,equity_%,4.328017522943109e-07,2038.7530969024333,4.994989066630236e-07,9.989978133260473e-09,"Method: equity_%, ATR: 4004012.77, Risk: 2038.75"
2024-01-07 02:00:00,EURUSD,1483337.9922329118,1232.201902625504,equity_%,1.1149959406653122e-06,2037.9582447988294,1.3483103719263215e-06,2.6966207438526425e-08,"Method: equity_%, ATR: 1483337.99, Risk: 2037.96"
2024-01-07 03:00:00,EURUSD,715981.5241786669,1269.3518675237376,equity_%,2.2398395592161244e-06,2035.6389522199722,2.7933681700715473e-06,5.586736340143094e-08,"Method: equity_%, ATR: 715981.52, Risk: 2035.64"
2024-01-07 04:00:00,EURUSD,1563393.0859951852,1238.4745742582113,equity_%,1.0527550126162963e-06,2038.3680335588992,1.2792688018873324e-06,2.558537603774665e-08,"Method: equity_%, ATR: 1563393.09, Risk: 2038.37"
2024-01-07 05:00:00,EURUSD,1356006.580786768,1285.7494228137525,equity_%,1.1690971777145618e-06,2038.303017114397,1.47491909577576e-06,2.94983819155152e-08,"Method: equity_%, ATR: 1356006.58, Risk: 2038.30"
2024-01-07 06:00:00,EURUSD,1420056.0495878335,1241.9315811722295,equity_%,1.1584080353368259e-06,2042.982839112735,1.4083951127003004e-06,2.816790225400601e-08,"Method: equity_%, ATR: 1420056.05, Risk: 2042.98"
2024-01-07 07:00:00,EURUSD,2846494.2164000105,1127.2546774631446,equity_%,6.369272276569476e-07,2043.7236305602896,7.026186768541619e-07,1.4052373537083237e-08,"Method: equity_%, ATR: 2846494.22, Risk: 2043.72"
2024-01-07 08:00:00,EURUSD,508128.00502252456,1142.136074839354,equity_%,3.5155006888280548e-06,2040.2254834057687,3.936016083017001e-06,7.872032166034001e-08,"Method: equity_%, ATR: 508128.01, Risk: 2040.23"
2024-01-07 09:00:00,EURUSD,447445.3611510512,1172.0669639875198,equity_%,3.892262822209053e-06,2041.2424573796063,4.469819498977504e-06,8.939638997955008e-08,"Method: equity_%, ATR: 447445.36, Risk: 2041.24"
2024-01-07 10:00:00,EURUSD,4641350.690015613,1498.1833967628759,equity_%,2.940432358300077e-07,2044.6574398781554,4.3090904643391043e-07,8.618180928678209e-09,"Method: equity_%, ATR: 4641350.69, Risk: 2044.66"
2024-01-07 11:00:00,EURUSD,1132502.7163337881,1462.731954042134,equity_%,1.2340027599122034e-06,2044.1846943734436,1.7660001792088684e-06,3.5320003584177374e-08,"Method: equity_%, ATR: 1132502.72, Risk: 2044.18"
2024-01-07 12:00:00,EURUSD,2659596.7127479822,1505.7207146146175,equity_%,5.102499840355856e-07,2043.3521186163205,7.519937103296893e-07,1.5039874206593788e-08,"Method: equity_%, ATR: 2659596.71, Risk: 2043.35"
2024-01-07 13:00:00,EURUSD,2075750.485615531,1367.5140262755901,equity_%,7.198446260598605e-07,2043.3638437235618,9.63506940674968e-07,1.9270138813499367e-08,"Method: equity_%, ATR: 2075750.49, Risk: 2043.36"
2024-01-07 14:00:00,EURUSD,2559160.889946888,1218.2440877690585,equity_%,6.549575037268708e-07,2041.949628714765,7.815061600294725e-07,1.563012320058945e-08,"Method: equity_%, ATR: 2559160.89, Risk: 2041.95"
2024-01-07 15:00:00,EURUSD,528476.6703936907,1218.3313717859253,equity_%,3.172219272948517e-06,2042.464170978339,3.7844622327606103e-06,7.568924465521222e-08,"Method: equity_%, ATR: 528476.67, Risk: 2042.46"
2024-01-07 16:00:00,EURUSD,2062018.9977011797,1142.4727120970529,equity_%,8.682671987003573e-07,2045.464245869991,9.699231686175925e-07,1.939846337235185e-08,"Method: equity_%, ATR: 2062019.00, Risk: 2045.46"
2024-01-07 17:00:00,EURUSD,1202679.6910486997,1224.76405582568,equity_%,1.3887193225400101e-06,2045.5819737786808,1.6629531660720579e-06,3.3259063321441166e-08,"Method: equity_%, ATR: 1202679.69, Risk: 2045.58"
2024-01-07 18:00:00,EURUSD,1982483.0986221468,1176.713029726658,equity_%,8.767302807210363e-07,2045.2484042507574,1.0088358389486538e-06,2.0176716778973077e-08,"Method: equity_%, ATR: 1982483.10, Risk: 2045.25"
2024-01-07 19:00:00,EURUSD,1108089.8304139054,1167.028237748686,equity_%,1.5820563480412705e-06,2045.8711648073986,1.8049078198406886e-06,3.6098156396813773e-08,"Method: equity_%, ATR: 1108089.83, Risk: 2045.87"
2024-01-07 20:00:00,EURUSD,1215331.2767362627,1221.6483925851242,equity_%,1.3790439897354921e-06,2047.4769553324843,1.645641841268944e-06,3.2912836825378886e-08,"Method: equity_%, ATR: 1215331.28, Risk: 2047.48"
2024-01-07 21:00:00,EURUSD,1303850.8140721524,1297.4527485552626,equity_%,1.210240603714758e-06,2047.3456607854312,1.53391782128329e-06,3.0678356425665806e-08,"Method: equity_%, ATR: 1303850.81, Risk: 2047.35"
2024-01-07 22:00:00,EURUSD,5222260.365513161,986.6877642256152,equity_%,3.9715385753446116e-07,2046.4307284224499,3.82975926134903e-07,7.65951852269806e-09,"Method: equity_%, ATR: 5222260.37, Risk: 2046.43"
2024-01-07 23:00:00,EURUSD,1390832.4751279098,994.2562177365808,equity_%,1.479577184552436e-06,2046.024189878781,1.4379877057559125e-06,2.875975411511825e-08,"Method: equity_%, ATR: 1390832.48, Risk: 2046.02"
2024-01-08 00:00:00,EURUSD,1732019.6888649378,870.1320688007611,equity_%,1.3568238759416755e-06,2044.8500983971614,1.1547212845546118e-06,2.3094425691092237e-08,"Method: equity_%, ATR: 1732019.69, Risk: 2044.85"
2024-01-08 01:00:00,EURUSD,456628.9035872103,878.8398811404411,equity_%,5.08968541984168e-06,2042.5095468124575,4.379924232321455e-06,8.75984846464291e-08,"Method: equity_%, ATR: 456628.90, Risk: 2042.51"
2024-01-08 02:00:00,EURUSD,1188940.4854514191,967.1654361432525,equity_%,1.775655230136107e-06,2041.8297546467586,1.6821699861962693e-06,3.364339972392539e-08,"Method: equity_%, ATR: 1188940.49, Risk: 2041.83"
2024-01-08 03:00:00,EURUSD,2675305.3769444306,1134.9799612353117,equity_%,6.722748999298357e-07,2041.3076024006639,7.47578208168623e-07,1.4951564163372456e-08,"Method: equity_%, ATR: 2675305.38, Risk: 2041.31"
2024-01-08 04:00:00,EURUSD,1590233.110432098,1233.4404512811934,equity_%,1.0413592037052024e-06,2042.5821799596395,1.2576772467380961e-06,2.5153544934761928e-08,"Method: equity_%, ATR: 1590233.11, Risk: 2042.58"
2024-01-08 05:00:00,EURUSD,1781531.5976224793,1196.2619666192595,equity_%,9.588095702380578e-07,2043.3943345580078,1.122629541159458e-06,2.245259082318916e-08,"Method: equity_%, ATR: 1781531.60, Risk: 2043.39"
2024-01-08 06:00:00,EURUSD,932177.7335131447,1200.8446857612935,equity_%,1.8244959921959947e-06,2042.3420497132813,2.1455135947760736e-06,4.2910271895521476e-08,"Method: equity_%, ATR: 932177.73, Risk: 2042.34"
2024-01-08 07:00:00,EURUSD,2170854.671318807,1311.5924809761398,equity_%,7.170270186188324e-07,2041.5742977097666,9.212961265550716e-07,1.842592253110143e-08,"Method: equity_%, ATR: 2170854.67, Risk: 2041.57"
2024-01-08 08:00:00,EURUSD,1266841.1208177644,1275.9775356084713,equity_%,1.264556887834307e-06,2044.1066529050092,1.5787299347442804e-06,3.157459869488561e-08,"Method: equity_%, ATR: 1266841.12, Risk: 2044.11"
2024-01-08 09:00:00,EURUSD,905505.3443444058,1200.4853798897354,equity_%,1.8793632168508689e-06,2042.9541307904271,2.208711425605134e-06,4.417422851210267e-08,"Method: equity_%, ATR: 905505.34, Risk: 2042.95"
2024-01-08 10:00:00,EURUSD,914991.3489529149,1277.2311717678622,equity_%,1.7492423365665856e-06,2044.2616298480443,2.18581301592494e-06,4.371626031849879e-08,"Method: equity_%, ATR: 914991.35, Risk: 2044.26"
2024-01-08 11:00:00,EURUSD,6255926.6147245355,1436.4726999008017,equity_%,2.2750263090483117e-07,2044.4450658209157,3.1969684479555957e-07,6.3939368959111914e-09,"Method: equity_%, ATR: 6255926.61, Risk: 2044.45"
2024-01-08 12:00:00,EURUSD,1080435.600211674,1393.0700078281438,equity_%,1.3578971388909075e-06,2043.8014414382042,1.851105239042631e-06,3.702210478085263e-08,"Method: equity_%, ATR: 1080435.60, Risk: 2043.80"
2024-01-08 13:00:00,EURUSD,4785415.529659954,1243.8904958988398,equity_%,3.434100444212722e-07,2044.1595863274151,4.179365381342585e-07,8.358730762685169e-09,"Method: equity_%, ATR: 4785415.53, Risk: 2044.16"
2024-01-08 14:00:00,EURUSD,6225591.334019569,1088.225094083643,equity_%,3.0176524572315485e-07,2044.412680215454,3.212546234879017e-07,6.425092469758033e-09,"Method: equity_%, ATR: 6225591.33, Risk: 2044.41"
2024-01-08 15:00:00,EURUSD,3670745.9304308575,1297.5156588836976,equity_%,4.293234691203066e-07,2044.8034242226938,5.448483871955824e-07,1.0896967743911648e-08,"Method: equity_%, ATR: 3670745.93, Risk: 2044.80"
2024-01-08 16:00:00,EURUSD,764772.9076694441,1318.38489014169,equity_%,2.025708418137325e-06,2042.4509911144887,2.6151554009604837e-06,5.230310801920967e-08,"Method: equity_%, ATR: 764772.91, Risk: 2042.45"
2024-01-08 17:00:00,EURUSD,2769903.221068689,1477.201253242998,equity_%,4.987143516880685e-07,2040.5917617666498,7.220468876989704e-07,1.4440937753979406e-08,"Method: equity_%, ATR: 2769903.22, Risk: 2040.59"
2024-01-08 18:00:00,EURUSD,568607.1139474597,1433.7923493201044,equity_%,2.4996470315085097e-06,2037.873561675901,3.517367178393768e-06,7.034734356787536e-08,"Method: equity_%, ATR: 568607.11, Risk: 2037.87"
2024-01-08 19:00:00,EURUSD,1789530.7977273525,1526.8638111959513,equity_%,7.452533623276888e-07,2036.307791058734,1.117611388717052e-06,2.235222777434104e-08,"Method: equity_%, ATR: 1789530.80, Risk: 2036.31"
2024-01-08 20:00:00,EURUSD,979112.8242892182,1571.5780660220285,equity_%,1.3264133282157257e-06,2041.0214783844324,2.0426655134988042e-06,4.0853310269976083e-08,"Method: equity_%, ATR: 979112.82, Risk: 2041.02"
2024-01-08 21:00:00,EURUSD,1610506.3433569376,1658.2743524686612,equity_%,7.645995236759301e-07,2041.9864065670654,1.2418454657131013e-06,2.4836909314262022e-08,"Method: equity_%, ATR: 1610506.34, Risk: 2041.99"
2024-01-08 22:00:00,EURUSD,1542590.8548576627,1766.8470717516634,equity_%,7.487978460150241e-07,2040.8651038166079,1.2965200679765107e-06,2.5930401359530212e-08,"Method: equity_%, ATR: 1542590.85, Risk: 2040.87"
2024-01-08 23:00:00,EURUSD,524097.7370188057,1776.5841666663293,equity_%,2.194632699523667e-06,2043.4307174665926,3.816082113570042e-06,7.632164227140083e-08,"Method: equity_%, ATR: 524097.74, Risk: 2043.43"
2024-01-09 00:00:00,EURUSD,920403.160332121,1789.8720921079216,equity_%,1.2407125484503367e-06,2043.95472852385,2.172960813474732e-06,4.345921626949464e-08,"Method: equity_%, ATR: 920403.16, Risk: 2043.95"
2024-01-09 01:00:00,EURUSD,872082.8478872613,1847.5723773900993,equity_%,1.2675571125828665e-06,2042.3338807097875,2.2933600916991665e-06,4.586720183398333e-08,"Method: equity_%, ATR: 872082.85, Risk: 2042.33"
2024-01-09 02:00:00,EURUSD,592910.5257822153,1837.948734799143,equity_%,1.8796519145065226e-06,2048.3302809457355,3.37319024208828e-06,6.74638048417656e-08,"Method: equity_%, ATR: 592910.53, Risk: 2048.33"
2024-01-09 03:00:00,EURUSD,487980.51869643584,1850.8774646516517,equity_%,2.2677418338650683e-06,2048.2066117887366,4.098524271712095e-06,8.197048543424191e-08,"Method: equity_%, ATR: 487980.52, Risk: 2048.21"
2024-01-09 04:00:00,EURUSD,1147669.5078813487,1859.5150385834017,equity_%,9.597491238003416e-07,2048.2089637771915,1.7426619651959677e-06,3.4853239303919353e-08,"Method: equity_%, ATR: 1147669.51, Risk: 2048.21"
2024-01-09 05:00:00,EURUSD,1762784.4083352396,1735.6600862006999,equity_%,6.694698174563393e-07,2048.306196928549,1.1345686917487461e-06,2.269137383497492e-08,"Method: equity_%, ATR: 1762784.41, Risk: 2048.31"
2024-01-09 06:00:00,EURUSD,2556738.6526428526,1717.587593166878,equity_%,4.6688662528660287e-07,2050.296472668641,7.822465538011238e-07,1.5644931076022474e-08,"Method: equity_%, ATR: 2556738.65, Risk: 2050.30"
2024-01-09 07:00:00,EURUSD,1632316.6321055351,1801.993113192651,equity_%,6.969597015249114e-07,2050.053525859212,1.2252524789998543e-06,2.450504957999709e-08,"Method: equity_%, ATR: 1632316.63, Risk: 2050.05"
2024-01-09 08:00:00,EURUSD,1735938.249304236,1889.741368346799,equity_%,6.254479820224363e-07,2051.7660451501747,1.152114714219587e-06,2.3042294284391735e-08,"Method: equity_%, ATR: 1735938.25, Risk: 2051.77"
2024-01-09 09:00:00,EURUSD,2554509.0742334444,1795.984678048124,equity_%,4.4706709303805564e-07,2051.080856703431,7.829292994780842e-07,1.5658585989561684e-08,"Method: equity_%, ATR: 2554509.07, Risk: 2051.08"
2024-01-09 10:00:00,EURUSD,1212076.7263601124,1865.8157611489512,equity_%,9.071977074198051e-07,2051.638374481074,1.6500605584648385e-06,3.300121116929677e-08,"Method: equity_%, ATR: 1212076.73, Risk: 2051.64"
2024-01-09 11:00:00,EURUSD,1279644.8716978556,1810.2860746599397,equity_%,8.856757506165425e-07,2051.688505236632,1.562933626535278e-06,3.125867253070556e-08,"Method: equity_%, ATR: 1279644.87, Risk: 2051.69"
2024-01-09 12:00:00,EURUSD,720887.7929514188,1829.8596232517054,equity_%,1.5551114253685267e-06,2051.383972230425,2.774356868787736e-06,5.548713737575472e-08,"Method: equity_%, ATR: 720887.79, Risk: 2051.38"
2024-01-09 13:00:00,EURUSD,1267896.206885198,1885.6628296749116,equity_%,8.600327991991115e-07,2056.1877014569272,1.5774161868607047e-06,3.154832373721409e-08,"Method: equity_%, ATR: 1267896.21, Risk: 2056.19"
2024-01-09 14:00:00,EURUSD,1831749.7730898003,1983.5989710739143,equity_%,5.65764050635041e-07,2055.6793304203084,1.0918521893011591e-06,2.183704378602318e-08,"Method: equity_%, ATR: 1831749.77, Risk: 2055.68"
2024-01-09 15:00:00,EURUSD,997459.8842087993,1977.6176503019876,equity_%,1.0425920548949097e-06,2056.6111160183295,2.005093168820951e-06,4.010186337641902e-08,"Method: equity_%, ATR: 997459.88, Risk: 2056.61"
2024-01-09 16:00:00,EURUSD,3036005.6628083135,2135.202536746466,equity_%,3.17498261502685e-07,2058.1783504293394,6.587602995937744e-07,1.3175205991875487e-08,"Method: equity_%, ATR: 3036005.66, Risk: 2058.18"
2024-01-09 17:00:00,EURUSD,6649231.8408873435,1817.4617416573108,equity_%,1.7049458793468164e-07,2060.38012090066,3.0078662435886707e-07,6.015732487177342e-09,"Method: equity_%, ATR: 6649231.84, Risk: 2060.38"
2024-01-09 18:00:00,EURUSD,559412.6318513077,1845.2322529447636,equity_%,2.0011869079355454e-06,2065.717643236503,3.57517847493226e-06,7.15035694986452e-08,"Method: equity_%, ATR: 559412.63, Risk: 2065.72"
2024-01-09 19:00:00,EURUSD,1834596.2236286118,1797.5518753735978,equity_%,6.266640728768751e-07,2066.601425844829,1.090158136292377e-06,2.1803162725847542e-08,"Method: equity_%, ATR: 1834596.22, Risk: 2066.60"
2024-01-09 20:00:00,EURUSD,892888.8986949665,1725.4463819356633,equity_%,1.3429911596266107e-06,2069.055048427569,2.239920333787519e-06,4.479840667575039e-08,"Method: equity_%, ATR: 892888.90, Risk: 2069.06"
2024-01-09 21:00:00,EURUSD,793414.8713378226,1716.5553062969943,equity_%,1.5185434926224817e-06,2068.1658949877274,2.520749323273566e-06,5.041498646547132e-08,"Method: equity_%, ATR: 793414.87, Risk: 2068.17"
2024-01-09 22:00:00,EURUSD,818246.8279755949,1675.078280987873,equity_%,1.5106056737013879e-06,2070.4776629691105,2.4442502330845e-06,4.888500466169e-08,"Method: equity_%, ATR: 818246.83, Risk: 2070.48"
2024-01-09 23:00:00,EURUSD,3024557.5928908805,1487.5398946770065,equity_%,4.6044903382504266e-07,2071.6293088310713,6.612537333396897e-07,1.3225074666793794e-08,"Method: equity_%, ATR: 3024557.59, Risk: 2071.63"
2024-01-10 00:00:00,EURUSD,1639600.3055429175,1557.155352279225,equity_%,8.105636978968509e-07,2069.4602210990356,1.2198094823712199e-06,2.4396189647424395e-08,"Method: equity_%, ATR: 1639600.31, Risk: 2069.46"
2024-01-10 01:00:00,EURUSD,1296584.624631421,1512.3365353543797,equity_%,1.0563596701362867e-06,2071.386414960363,1.5425140496082453e-06,3.085028099216491e-08,"Method: equity_%, ATR: 1296584.62, Risk: 2071.39"
2024-01-10 02:00:00,EURUSD,1844395.1632953736,1649.2136396075998,equity_%,6.809795619317117e-07,2071.404762000535,1.0843663222509258e-06,2.1687326445018516e-08,"Method: equity_%, ATR: 1844395.16, Risk: 2071.40"
2024-01-10 03:00:00,EURUSD,1021168.5427489419,1608.502772883254,equity_%,1.2635649995089002e-06,2075.4717636824953,1.958540550628485e-06,3.917081101256971e-08,"Method: equity_%, ATR: 1021168.54, Risk: 2075.47"
2024-01-10 04:00:00,EURUSD,1627657.738872217,1744.7062264913109,equity_%,7.305753922144957e-07,2074.676741818057,1.2287595556703304e-06,2.4575191113406606e-08,"Method: equity_%, ATR: 1627657.74, Risk: 2074.68"
2024-01-10 05:00:00,EURUSD,1154563.0037031332,1752.3087326287718,equity_%,1.0255157071134385e-06,2074.7729578796116,1.7322571341583103e-06,3.464514268316621e-08,"Method: equity_%, ATR: 1154563.00, Risk: 2074.77"
2024-01-10 06:00:00,EURUSD,1974410.5285632303,1711.6538156448219,equity_%,6.151308169648469e-07,2078.8390955313143,1.012960562692801e-06,2.025921125385602e-08,"Method: equity_%, ATR: 1974410.53, Risk: 2078.84"
2024-01-10 07:00:00,EURUSD,8889569.835690286,1381.5697328269493,equity_%,1.6922716138269522e-07,2078.373641552892,2.2498276485441406e-07,4.499655297088282e-09,"Method: equity_%, ATR: 8889569.84, Risk: 2078.37"
2024-01-10 08:00:00,EURUSD,2095391.1575697043,1248.9335503835907,equity_%,7.944719483466927e-07,2079.136519246639,9.544757277298327e-07,1.9089514554596653e-08,"Method: equity_%, ATR: 2095391.16, Risk: 2079.14"
2024-01-10 09:00:00,EURUSD,1329558.6531776304,1261.2755187377254,equity_%,1.240942139349056e-06,2080.985238126486,1.5042585712334106e-06,3.008517142466821e-08,"Method: equity_%, ATR: 1329558.65, Risk: 2080.99"
2024-01-10 10:00:00,EURUSD,1326549.567942259,1285.1795289462011,equity_%,1.2206456293403078e-06,2081.023009587789,1.5076707635602309e-06,3.0153415271204626e-08,"Method: equity_%, ATR: 1326549.57, Risk: 2081.02"
2024-01-10 11:00:00,EURUSD,1443328.9932317757,1279.1457008084822,equity_%,1.1274527461080322e-06,2081.5349148420282,1.385685460057014e-06,2.7713709201140278e-08,"Method: equity_%, ATR: 1443328.99, Risk: 2081.53"
2024-01-10 12:00:00,EURUSD,4084157.7783342884,1061.0248012020334,equity_%,4.808101830736194e-07,2083.539334933442,4.896970461351016e-07,9.79394092270203e-09,"Method: equity_%, ATR: 4084157.78, Risk: 2083.54"
2024-01-10 13:00:00,EURUSD,1018699.009923913,1086.7451117404905,equity_%,1.8827025962650003e-06,2084.2763513094637,1.963288449793802e-06,3.926576899587603e-08,"Method: equity_%, ATR: 1018699.01, Risk: 2084.28"
2024-01-10 14:00:00,EURUSD,2345435.4918239256,960.2185598477105,equity_%,9.249341332407572e-07,2083.0725478618074,8.527201054865517e-07,1.705440210973103e-08,"Method: equity_%, ATR: 2345435.49, Risk: 2083.07"
2024-01-10 15:00:00,EURUSD,2839879.177978847,1063.9866302405167,equity_%,6.89228484734885e-07,2082.568293546491,7.042553132219546e-07,1.4085106264439093e-08,"Method: equity_%, ATR: 2839879.18, Risk: 2082.57"
2024-01-10 16:00:00,EURUSD,1167270.7986935915,1090.99908002061,equity_%,1.6360190398537658e-06,2083.456124335166,1.7133984695225808e-06,3.426796939045161e-08,"Method: equity_%, ATR: 1167270.80, Risk: 2083.46"
2024-01-10 17:00:00,EURUSD,695900.9485423212,1119.37717497582,equity_%,2.674784720266924e-06,2083.5921335607572,2.8739722286473792e-06,5.747944457294758e-08,"Method: equity_%, ATR: 695900.95, Risk: 2083.59"
2024-01-10 18:00:00,EURUSD,1116723.802036811,1216.0294982611808,equity_%,1.5346156240163609e-06,2083.960574292084,1.7909531402054541e-06,3.5819062804109074e-08,"Method: equity_%, ATR: 1116723.80, Risk: 2083.96"
2024-01-10 19:00:00,EURUSD,5771329.784942547,737.6672176681641,equity_%,4.897360604176187e-07,2084.9635090349684,3.465405850169954e-07,6.930811700339907e-09,"Method: equity_%, ATR: 5771329.78, Risk: 2084.96"
2024-01-10 20:00:00,EURUSD,3833711.5914364974,567.5937087520107,equity_%,9.568460210309507e-07,2082.0879287226053,5.216876523699575e-07,1.0433753047399151e-08,"Method: equity_%, ATR: 3833711.59, Risk: 2082.09"
2024-01-10 21:00:00,EURUSD,1189044.2177237459,597.8649106203369,equity_%,2.9268261854554696e-06,2080.645071725767,1.6820232336091864e-06,3.3640464672183726e-08,"Method: equity_%, ATR: 1189044.22, Risk: 2080.65"
2024-01-10 22:00:00,EURUSD,1166583.8164189677,617.9904428279311,equity_%,2.88507066897996e-06,2079.956066172223,1.714407462071048e-06,3.428814924142096e-08,"Method: equity_%, ATR: 1166583.82, Risk: 2079.96"
2024-01-10 23:00:00,EURUSD,1290373.8492236005,602.8735724597774,equity_%,2.6717248074484384e-06,2078.421003826706,1.5499384160670738e-06,3.0998768321341474e-08,"Method: equity_%, ATR: 1290373.85, Risk: 2078.42"
2024-01-11 00:00:00,EURUSD,527572.7966743761,564.9599062509938,equity_%,6.973058701270601e-06,2078.372288701524,3.7909460317273e-06,7.581892063454601e-08,"Method: equity_%, ATR: 527572.80, Risk: 2078.37"
2024-01-11 01:00:00,EURUSD,1862985.3602586496,598.8981810445733,equity_%,1.8626686256705235e-06,2078.2511795620962,1.0735457415093846e-06,2.1470914830187692e-08,"Method: equity_%, ATR: 1862985.36, Risk: 2078.25"
2024-01-11 02:00:00,EURUSD,1052947.8740413936,584.1384062352699,equity_%,3.3773877988520597e-06,2077.320770821969,1.8994292588517785e-06,3.798858517703558e-08,"Method: equity_%, ATR: 1052947.87, Risk: 2077.32"
2024-01-11 03:00:00,EURUSD,994153.1333924707,615.8920665740927,equity_%,3.3943955509032347e-06,2078.357940677273,2.0117625070246016e-06,4.023525014049203e-08,"Method: equity_%, ATR: 994153.13, Risk: 2078.36"
2024-01-11 04:00:00,EURUSD,1017212.3534555851,661.6840721620814,equity_%,3.089191407661493e-06,2079.251984127414,1.966157797047759e-06,3.9323155940955184e-08,"Method: equity_%, ATR: 1017212.35, Risk: 2079.25"
2024-01-11 05:00:00,EURUSD,6320327.522399212,914.6557731801123,equity_%,3.597671641883121e-07,2079.7866542855145,3.1643929731679396e-07,6.328785946335878e-09,"Method: equity_%, ATR: 6320327.52, Risk: 2079.79"
2024-01-11 06:00:00,EURUSD,2156323.18741791,788.4376077548293,equity_%,1.2231741870089477e-06,2079.5505992300723,9.275047505262423e-07,1.8550095010524845e-08,"Method: equity_%, ATR: 2156323.19, Risk: 2079.55"
2024-01-11 07:00:00,EURUSD,1970019.2424876639,738.3596907145604,equity_%,1.4303526398509523e-06,2080.5663458377326,1.0152185099849468e-06,2.0304370199698936e-08,"Method: equity_%, ATR: 1970019.24, Risk: 2080.57"
2024-01-11 08:00:00,EURUSD,912316.0264723776,741.0910604963542,equity_%,3.0781819959151967e-06,2081.1873254428806,2.1922228065348525e-06,4.384445613069705e-08,"Method: equity_%, ATR: 912316.03, Risk: 2081.19"
2024-01-11 09:00:00,EURUSD,1866842.8717431345,737.4962288766894,equity_%,1.5109032223160691e-06,2080.1958095732098,1.0713274428567908e-06,2.1426548857135816e-08,"Method: equity_%, ATR: 1866842.87, Risk: 2080.20"
2024-01-11 10:00:00,EURUSD,987744.8994908252,789.8940749180299,equity_%,2.668188287122435e-06,2081.757439046508,2.0248143027931444e-06,4.049628605586289e-08,"Method: equity_%, ATR: 987744.90, Risk: 2081.76"
2024-01-11 11:00:00,EURUSD,2571368.0928594624,878.9095676948049,equity_%,9.207534952461438e-07,2080.9029166394894,7.777960711085596e-07,1.5555921422171195e-08,"Method: equity_%, ATR: 2571368.09, Risk: 2080.90"
2024-01-11 12:00:00,EURUSD,1529623.628007513,797.8222791227315,equity_%,1.7049801722031889e-06,2080.702917305321,1.307511183391694e-06,2.6150223667833887e-08,"Method: equity_%, ATR: 1529623.63, Risk: 2080.70"
2024-01-11 13:00:00,EURUSD,2174625.45082847,907.1824620302995,equity_%,1.0555940274074876e-06,2082.456970971382,9.196986079777818e-07,1.839397215955564e-08,"Method: equity_%, ATR: 2174625.45, Risk: 2082.46"
2024-01-11 14:00:00,EURUSD,3772602.581927773,767.810123315335,equity_%,7.189514650341566e-07,2082.5453357315964,5.301380032926803e-07,1.0602760065853607e-08,"Method: equity_%, ATR: 3772602.58, Risk: 2082.55"
2024-01-11 15:00:00,EURUSD,982459.1410940445,783.5927407119977,equity_%,2.705653478022697e-06,2082.9415156265727,2.0357080679944052e-06,4.07141613598881e-08,"Method: equity_%, ATR: 982459.14, Risk: 2082.94"
2024-01-11 16:00:00,EURUSD,1032026.8065862331,805.5603809490643,equity_%,2.5048452879370113e-06,2082.4279467890774,1.937934157559003e-06,3.875868315118006e-08,"Method: equity_%, ATR: 1032026.81, Risk: 2082.43"
2024-01-11 17:00:00,EURUSD,1777695.2813556204,806.8077162453749,equity_%,1.4521375441440446e-06,2082.740282055891,1.1250522071897813e-06,2.250104414379563e-08,"Method: equity_%, ATR: 1777695.28, Risk: 2082.74"
2024-01-11 18:00:00,EURUSD,1805425.567797487,705.2986574140721,equity_%,1.6357624787386e-06,2082.921427612899,1.107772059769754e-06,2.2155441195395083e-08,"Method: equity_%, ATR: 1805425.57, Risk: 2082.92"
2024-01-11 19:00:00,EURUSD,1229330.981977448,774.8926075696273,equity_%,2.1876165095001684e-06,2083.9223716824777,1.6269011595094494e-06,3.253802319018899e-08,"Method: equity_%, ATR: 1229330.98, Risk: 2083.92"
2024-01-11 20:00:00,EURUSD,1498493.3862727212,677.8847340472663,equity_%,2.050916274947158e-06,2083.3326281785235,1.3346738920047566e-06,2.6693477840095135e-08,"Method: equity_%, ATR: 1498493.39, Risk: 2083.33"
2024-01-11 21:00:00,EURUSD,2937151.592461213,726.7144208099666,equity_%,9.757532392980452e-07,2082.716424887472,6.809318269895909e-07,1.3618636539791817e-08,"Method: equity_%, ATR: 2937151.59, Risk: 2082.72"
2024-01-11 22:00:00,EURUSD,2267423.765084218,841.4739090806482,equity_%,1.091625187752382e-06,2082.7967760495962,8.82058321341496e-07,1.764116642682992e-08,"Method: equity_%, ATR: 2267423.77, Risk: 2082.80"
2024-01-11 23:00:00,EURUSD,1896953.1798359277,839.3072052870335,equity_%,1.3075194359454123e-06,2081.736306529638,1.0543222791471244e-06,2.108644558294249e-08,"Method: equity_%, ATR: 1896953.18, Risk: 2081.74"
2024-01-12 00:00:00,EURUSD,1430177.055362941,861.5220332067124,equity_%,1.6894124819581962e-06,2081.574187299838,1.398428252292478e-06,2.7968565045849563e-08,"Method: equity_%, ATR: 1430177.06, Risk: 2081.57"
2024-01-12 01:00:00,EURUSD,3800625.0007307357,987.5720933299668,equity_%,5.547973619026081e-07,2082.3715292542015,5.262292385108938e-07,1.0524584770217876e-08,"Method: equity_%, ATR: 3800625.00, Risk: 2082.37"
2024-01-12 02:00:00,EURUSD,569371.894603039,988.2987707907049,equity_%,3.697650469161975e-06,2080.703207742703,3.5126426487812187e-06,7.025285297562437e-08,"Method: equity_%, ATR: 569371.89, Risk: 2080.70"
2024-01-12 03:00:00,EURUSD,2590680.1559175574,861.8271190944147,equity_%,9.315264820189666e-07,2079.836330714957,7.719980389827966e-07,1.5439960779655935e-08,"Method: equity_%, ATR: 2590680.16, Risk: 2079.84"
2024-01-12 04:00:00,EURUSD,1947515.1939398563,993.6329100414309,equity_%,1.0757219486058987e-06,2081.645882430504,1.0269496259764558e-06,2.0538992519529114e-08,"Method: equity_%, ATR: 1947515.19, Risk: 2081.65"
2024-01-12 05:00:00,EURUSD,881895.8300205771,987.1713838288144,equity_%,2.3910400910395923e-06,2081.5972462025657,2.267841543091699e-06,4.535683086183399e-08,"Method: equity_%, ATR: 881895.83, Risk: 2081.60"
2024-01-12 06:00:00,EURUSD,1027065.8961495121,976.2732989209184,equity_%,2.0750424145572295e-06,2080.6388260340777,1.9472947232480748e-06,3.89458944649615e-08,"Method: equity_%, ATR: 1027065.90, Risk: 2080.64"
2024-01-12 07:00:00,EURUSD,1757758.4202140837,1073.1607529377534,equity_%,1.1023758986816125e-06,2079.4748786318332,1.1378127830310224e-06,2.2756255660620448e-08,"Method: equity_%, ATR: 1757758.42, Risk: 2079.47"
2024-01-12 08:00:00,EURUSD,2328664.174011443,1168.208568936088,equity_%,7.639947320410128e-07,2078.344867108969,8.588614976434004e-07,1.717722995286801e-08,"Method: equity_%, ATR: 2328664.17, Risk: 2078.34"
2024-01-12 09:00:00,EURUSD,454820.28656668036,1197.6739960876378,equity_%,3.823258951669877e-06,2082.6302001446816,4.3973412336056465e-06,8.794682467211292e-08,"Method: equity_%, ATR: 454820.29, Risk: 2082.63"
2024-01-12 10:00:00,EURUSD,2422557.031336562,1132.7948392470018,equity_%,7.584522763300162e-07,2081.390321870673,8.255739593038887e-07,1.6511479186077775e-08,"Method: equity_%, ATR: 2422557.03, Risk: 2081.39"
2024-01-12 11:00:00,EURUSD,2000076.8098297373,1171.4341454000053,equity_%,8.888178902510056e-07,2082.4632251163375,9.999615965600122e-07,1.999923193120024e-08,"Method: equity_%, ATR: 2000076.81, Risk: 2082.46"
2024-01-12 12:00:00,EURUSD,615524.5230982427,1175.9804940838105,equity_%,2.8774147003797716e-06,2082.801762674741,3.2492612803353472e-06,6.498522560670694e-08,"Method: equity_%, ATR: 615524.52, Risk: 2082.80"
2024-01-12 13:00:00,EURUSD,1181894.0051314803,1150.7585305487185,equity_%,1.5306130965201753e-06,2081.748008182163,1.692199123877872e-06,3.3843982477557436e-08,"Method: equity_%, ATR: 1181894.01, Risk: 2081.75"
2024-01-12 14:00:00,EURUSD,928131.392786015,1191.6793180343507,equity_%,1.8821573093067396e-06,2081.7318317459944,2.1548673124787938e-06,4.309734624957588e-08,"Method: equity_%, ATR: 928131.39, Risk: 2081.73"
2024-01-12 15:00:00,EURUSD,499259.42176480475,1188.9497983028143,equity_%,3.5064092784127384e-06,2081.384872530265,4.005933414196391e-06,8.011866828392782e-08,"Method: equity_%, ATR: 499259.42, Risk: 2081.38"
2024-01-12 16:00:00,EURUSD,1342809.8455635926,1187.7780078902847,equity_%,1.304601600180162e-06,2080.7873725793966,1.4894141613629419e-06,2.9788283227258837e-08,"Method: equity_%, ATR: 1342809.85, Risk: 2080.79"
2024-01-12 17:00:00,EURUSD,879770.257511393,1148.2056315676261,equity_%,2.059686680477533e-06,2080.60725620989,2.2733207708764805e-06,4.546641541752962e-08,"Method: equity_%, ATR: 879770.26, Risk: 2080.61"
2024-01-12 18:00:00,EURUSD,2653495.454395429,915.1439351522082,equity_%,8.566563116869109e-07,2080.244454406826,7.537227910781098e-07,1.5074455821562193e-08,"Method: equity_%, ATR: 2653495.45, Risk: 2080.24"
2024-01-12 19:00:00,EURUSD,1429501.7096447714,849.6813836455143,equity_%,1.7131379047877163e-06,2080.8132589041466,1.3990889178418656e-06,2.7981778356837316e-08,"Method: equity_%, ATR: 1429501.71, Risk: 2080.81"
2024-01-12 20:00:00,EURUSD,921664.7548024752,792.5880432484788,equity_%,2.8524069577078287e-06,2083.684607662648,2.169986418140321e-06,4.339972836280642e-08,"Method: equity_%, ATR: 921664.75, Risk: 2083.68"
2024-01-12 21:00:00,EURUSD,869756.7176632276,757.7135507445441,equity_%,3.1589591409305328e-06,2081.837630947137,2.299493593304336e-06,4.598987186608672e-08,"Method: equity_%, ATR: 869756.72, Risk: 2081.84"
2024-01-12 22:00:00,EURUSD,2038137.7523461287,632.9696606337875,equity_%,1.6127092862116075e-06,2080.5229661239723,9.812879417486734e-07,1.962575883497347e-08,"Method: equity_%, ATR: 2038137.75, Risk: 2080.52"
2024-01-12 23:00:00,EURUSD,7683758.759802022,1149.1101292344629,equity_%,2.3556827275076227e-07,2079.9465357893687,2.602892754081638e-07,5.205785508163277e-09,"Method: equity_%, ATR: 7683758.76, Risk: 2079.95"
2024-01-13 00:00:00,EURUSD,1161142.8967402775,1190.427147490846,equity_%,1.5036929189934443e-06,2078.4885991273595,1.7224408861430229e-06,3.4448817722860456e-08,"Method: equity_%, ATR: 1161142.90, Risk: 2078.49"
2024-01-13 01:00:00,EURUSD,2618140.967762745,981.1437641192532,equity_%,8.09014568940071e-07,2078.174525736692,7.639008077204647e-07,1.5278016154409293e-08,"Method: equity_%, ATR: 2618140.97, Risk: 2078.17"
2024-01-13 02:00:00,EURUSD,423616.12542693136,977.9189761854136,equity_%,5.021421518709474e-06,2080.1853648548413,4.721255589560828e-06,9.442511179121655e-08,"Method: equity_%, ATR: 423616.13, Risk: 2080.19"
2024-01-13 03:00:00,EURUSD,1336375.751911795,898.0734609148892,equity_%,1.7308142904407567e-06,2077.2603038657994,1.4965850713310507e-06,2.9931701426621015e-08,"Method: equity_%, ATR: 1336375.75, Risk: 2077.26"
2024-01-13 04:00:00,EURUSD,1885178.2368600096,882.2377761210154,equity_%,1.2484469057080374e-06,2076.3862507927633,1.0609076430519587e-06,2.1218152861039174e-08,"Method: equity_%, ATR: 1885178.24, Risk: 2076.39"
2024-01-13 05:00:00,EURUSD,2267876.476892749,751.1528642908761,equity_%,1.2184548805796751e-06,2075.6645872122144,8.818822455181641e-07,1.7637644910363282e-08,"Method: equity_%, ATR: 2267876.48, Risk: 2075.66"
2024-01-13 06:00:00,EURUSD,2003663.6850616902,803.3869339980176,equity_%,1.2890330670571504e-06,2074.978731256057,9.981715069804353e-07,1.9963430139608708e-08,"Method: equity_%, ATR: 2003663.69, Risk: 2074.98"
2024-01-13 07:00:00,EURUSD,2107993.330633036,752.9297401577505,equity_%,1.3063549700970816e-06,2073.4085553163236,9.487696051672965e-07,1.897539210334593e-08,"Method: equity_%, ATR: 2107993.33, Risk: 2073.41"
2024-01-13 08:00:00,EURUSD,1854995.180027381,787.7275115928799,equity_%,1.4184585512099868e-06,2072.6952344434962,1.0781699173851649e-06,2.1563398347703296e-08,"Method: equity_%, ATR: 1854995.18, Risk: 2072.70"
2024-01-13 09:00:00,EURUSD,3290681.070673843,813.848165436982,equity_%,7.736311473577874e-07,2071.872988659756,6.077769182263699e-07,1.2155538364527398e-08,"Method: equity_%, ATR: 3290681.07, Risk: 2071.87"
2024-01-13 10:00:00,EURUSD,1425378.0232261876,866.2693957806204,equity_%,1.6773594318925916e-06,2071.1386115530545,1.4031365486281444e-06,2.8062730972562884e-08,"Method: equity_%, ATR: 1425378.02, Risk: 2071.14"
2024-01-13 11:00:00,EURUSD,1299173.650934971,829.38511676863,equity_%,1.9201759853284072e-06,2069.018984034389,1.5394400883674545e-06,3.078880176734909e-08,"Method: equity_%, ATR: 1299173.65, Risk: 2069.02"
2024-01-13 12:00:00,EURUSD,5933339.526387383,1062.5950088122875,equity_%,3.280535628460433e-07,2068.2914246110204,3.3707829985211294e-07,6.741565997042259e-09,"Method: equity_%, ATR: 5933339.53, Risk: 2068.29"
2024-01-13 13:00:00,EURUSD,5421470.5945377555,1351.5558068836388,equity_%,2.822075627420086e-07,2067.853357419095,3.6890359638121834e-07,7.378071927624367e-09,"Method: equity_%, ATR: 5421470.59, Risk: 2067.85"
2024-01-13 14:00:00,EURUSD,3168595.0615115734,1197.5447971219537,equity_%,5.450809259783874e-07,2068.3283953236014,6.311945708347796e-07,1.2623891416695595e-08,"Method: equity_%, ATR: 3168595.06, Risk: 2068.33"
2024-01-13 15:00:00,EURUSD,1096923.7362518902,1217.0321794310144,equity_%,1.5505192380486505e-06,2069.9299807442303,1.8232808115118895e-06,3.646561623023778e-08,"Method: equity_%, ATR: 1096923.74, Risk: 2069.93"
2024-01-13 16:00:00,EURUSD,3108483.038033968,1131.4474439093317,equity_%,5.884091897606574e-07,2069.4852456838153,6.434006476885735e-07,1.286801295377147e-08,"Method: equity_%, ATR: 3108483.04, Risk: 2069.49"
2024-01-13 17:00:00,EURUSD,1181484.1697231736,1041.1907746515972,equity_%,1.682622393770169e-06,2069.878640885591,1.6927861170316048e-06,3.385572234063209e-08,"Method: equity_%, ATR: 1181484.17, Risk: 2069.88"
2024-01-13 18:00:00,EURUSD,1088490.3160067915,1108.0286537203767,equity_%,1.7164365152769408e-06,2070.157108059198,1.837407251666832e-06,3.674814503333664e-08,"Method: equity_%, ATR: 1088490.32, Risk: 2070.16"
2024-01-13 19:00:00,EURUSD,892541.4934959599,1128.6350497594408,equity_%,2.0552623888121165e-06,2070.375992877063,2.2407921811749954e-06,4.481584362349991e-08,"Method: equity_%, ATR: 892541.49, Risk: 2070.38"
2024-01-13 20:00:00,EURUSD,1074868.39079972,1141.1167744557374,equity_%,1.6885576512780422e-06,2071.1009799834433,1.8606929156340402e-06,3.721385831268081e-08,"Method: equity_%, ATR: 1074868.39, Risk: 2071.10"
2024-01-13 21:00:00,EURUSD,1246436.1180084916,1087.0082229523912,equity_%,1.528522891495207e-06,2070.974739688907,1.6045748122218447e-06,3.209149624443689e-08,"Method: equity_%, ATR: 1246436.12, Risk: 2070.97"
2024-01-13 22:00:00,EURUSD,1946230.4890855376,1104.2684773114765,equity_%,9.634243141388252e-07,2070.553941858375,1.027627514426478e-06,2.0552550288529565e-08,"Method: equity_%, ATR: 1946230.49, Risk: 2070.55"
2024-01-13 23:00:00,EURUSD,2527853.3063221686,961.4074565790111,equity_%,8.519815844510263e-07,2070.5683039425535,7.91185151052078e-07,1.582370302104156e-08,"Method: equity_%, ATR: 2527853.31, Risk: 2070.57"
2024-01-14 00:00:00,EURUSD,988603.1920766731,942.685595996129,equity_%,2.223514440716484e-06,2072.1864711774624,2.0230563850383425e-06,4.046112770076684e-08,"Method: equity_%, ATR: 988603.19, Risk: 2072.19"
2024-01-14 01:00:00,EURUSD,1369534.7324794682,987.7718683497777,equity_%,1.5322340941814162e-06,2072.7877141855556,1.4603499659910843e-06,2.9206999319821682e-08,"Method: equity_%, ATR: 1369534.73, Risk: 2072.79"
2024-01-14 02:00:00,EURUSD,574982.1777127386,975.0504950159443,equity_%,3.697905742952006e-06,2073.1815136450655,3.4783686825841085e-06,6.956737365168216e-08,"Method: equity_%, ATR: 574982.18, Risk: 2073.18"
2024-01-14 03:00:00,EURUSD,1240596.6148253742,1024.912929723453,equity_%,1.6325500873063646e-06,2075.793168065915,1.6121275651566394e-06,3.224255130313279e-08,"Method: equity_%, ATR: 1240596.61, Risk: 2075.79"
2024-01-14 04:00:00,EURUSD,1711190.7913519565,1161.0700378221254,equity_%,1.044606546200834e-06,2075.437194023477,1.1687767431356178e-06,2.3375534862712358e-08,"Method: equity_%, ATR: 1711190.79, Risk: 2075.44"
2024-01-14 05:00:00,EURUSD,2287487.2995769465,1233.6773043719727,equity_%,7.360397124806161e-07,2077.1196472888614,8.743217942105666e-07,1.7486435884211333e-08,"Method: equity_%, ATR: 2287487.30, Risk: 2077.12"
2024-01-14 06:00:00,EURUSD,4763623.106198368,1653.6788190707784,equity_%,2.636675949704312e-07,2077.042173552117,4.1984849670361713e-07,8.396969934072341e-09,"Method: equity_%, ATR: 4763623.11, Risk: 2077.04"
2024-01-14 07:00:00,EURUSD,2019276.8465529776,1596.6438280736722,equity_%,6.437918671552635e-07,2075.6274147479016,9.904535890727986e-07,1.9809071781455976e-08,"Method: equity_%, ATR: 2019276.85, Risk: 2075.63"
2024-01-14 08:00:00,EURUSD,1385488.2172002657,1594.0804041596934,equity_%,9.401048142278475e-07,2076.296330766327,1.4435344704998739e-06,2.8870689409997475e-08,"Method: equity_%, ATR: 1385488.22, Risk: 2076.30"
2024-01-14 09:00:00,EURUSD,2541132.1838847673,1540.1391579136196,equity_%,5.299917044842985e-07,2074.227040236383,7.870507534726081e-07,1.574101506945216e-08,"Method: equity_%, ATR: 2541132.18, Risk: 2074.23"
2024-01-14 10:00:00,EURUSD,1039177.8698374742,1470.67830957012,equity_%,1.3588015240211966e-06,2076.651413551637,1.9245983368687374e-06,3.8491966737374746e-08,"Method: equity_%, ATR: 1039177.87, Risk: 2076.65"
2024-01-14 11:00:00,EURUSD,1541668.9231008468,1359.4413477947455,equity_%,9.90795881770073e-07,2076.5184096484945,1.2972953985329649e-06,2.59459079706593e-08,"Method: equity_%, ATR: 1541668.92, Risk: 2076.52"
2024-01-14 12:00:00,EURUSD,1088770.2390395724,1329.4723728525212,equity_%,1.434863039028241e-06,2076.9498331929562,1.8369348539176116e-06,3.6738697078352223e-08,"Method: equity_%, ATR: 1088770.24, Risk: 2076.95"
2024-01-14 13:00:00,EURUSD,1160494.9259128717,1303.134462358776,equity_%,1.3733830667945557e-06,2076.941023351783,1.7234026236062638e-06,3.446805247212528e-08,"Method: equity_%, ATR: 1160494.93, Risk: 2076.94"
2024-01-14 14:00:00,EURUSD,1935967.6380016957,1258.912313219101,equity_%,8.52932319699821e-07,2078.7781620042415,1.033075120028555e-06,2.06615024005711e-08,"Method: equity_%, ATR: 1935967.64, Risk: 2078.78"
2024-01-14 15:00:00,EURUSD,803867.8168557021,1270.5361821920924,equity_%,2.033665539508549e-06,2077.0703620974887,2.487971228681505e-06,4.97594245736301e-08,"Method: equity_%, ATR: 803867.82, Risk: 2077.07"
2024-01-14 16:00:00,EURUSD,6941632.918991339,1015.4630513628302,equity_%,2.948070390192142e-07,2078.0864883795703,2.8811664680917933e-07,5.762332936183587e-09,"Method: equity_%, ATR: 6941632.92, Risk: 2078.09"
2024-01-14 17:00:00,EURUSD,1997553.6145404044,1155.2431790964097,equity_%,9.003746033182984e-07,2077.758626433422,1.0012246907626348e-06,2.00244938152527e-08,"Method: equity_%, ATR: 1997553.61, Risk: 2077.76"
2024-01-14 18:00:00,EURUSD,2338049.5323900105,1227.5329176742869,equity_%,7.25910908425126e-07,2083.3880910425037,8.55413870533167e-07,1.7108277410663337e-08,"Method: equity_%, ATR: 2338049.53, Risk: 2083.39"
2024-01-14 19:00:00,EURUSD,1721307.1789005427,1154.1364505257345,equity_%,1.0500065978752095e-06,2085.9676330997772,1.1619076621044871e-06,2.3238153242089744e-08,"Method: equity_%, ATR: 1721307.18, Risk: 2085.97"
2024-01-14 20:00:00,EURUSD,505634.1682999414,1110.0502079487778,equity_%,3.7158273602129142e-06,2085.6170304466928,3.955428895805165e-06,7.91085779161033e-08,"Method: equity_%, ATR: 505634.17, Risk: 2085.62"
2024-01-14 21:00:00,EURUSD,1112089.8371977126,1017.5680966294224,equity_%,1.8426890626431308e-06,2085.2369518747073,1.7984158591356954e-06,3.596831718271391e-08,"Method: equity_%, ATR: 1112089.84, Risk: 2085.24"
2024-01-14 22:00:00,EURUSD,941266.109456542,1006.8041533118861,equity_%,2.199842487381519e-06,2084.7261123375147,2.1247976315164885e-06,4.249595263032977e-08,"Method: equity_%, ATR: 941266.11, Risk: 2084.73"
2024-01-14 23:00:00,EURUSD,1694718.9303996821,931.2697422142288,equity_%,1.320759411506708e-06,2084.4759430660974,1.1801366964894413e-06,2.3602733929788828e-08,"Method: equity_%, ATR: 1694718.93, Risk: 2084.48"
2024-01-15 00:00:00,EURUSD,691537.2313223474,935.6692126589603,equity_%,3.227581316880829e-06,2088.406803374753,2.892107480859171e-06,5.784214961718343e-08,"Method: equity_%, ATR: 691537.23, Risk: 2088.41"
2024-01-15 01:00:00,EURUSD,878433.0376448986,908.4480251196366,equity_%,2.6180517513259717e-06,2089.2334632090633,2.2767813985708583e-06,4.5535627971417176e-08,"Method: equity_%, ATR: 878433.04, Risk: 2089.23"
2024-01-15 02:00:00,EURUSD,554239.6317328337,882.8047259079126,equity_%,4.270074472095109e-06,2089.284951691538,3.6085474323569883e-06,7.217094864713978e-08,"Method: equity_%, ATR: 554239.63, Risk: 2089.28"
2024-01-15 03:00:00,EURUSD,2170825.5437872596,1025.725110915394,equity_%,9.389150111049845e-07,2090.6541428607748,9.21308488249482e-07,1.8426169764989644e-08,"Method: equity_%, ATR: 2170825.54, Risk: 2090.65"
2024-01-15 04:00:00,EURUSD,2495432.3328302074,987.8546933910834,equity_%,8.47112560087845e-07,2088.2379617311744,8.014643289211892e-07,1.6029286578423784e-08,"Method: equity_%, ATR: 2495432.33, Risk: 2088.24"
2024-01-15 05:00:00,EURUSD,3876543.855405399,798.1156963450234,equity_%,6.749669231689745e-07,2088.3007491177027,5.159234809664871e-07,1.0318469619329743e-08,"Method: equity_%, ATR: 3876543.86, Risk: 2088.30"
2024-01-15 06:00:00,EURUSD,1254655.2394457068,744.4385620150606,equity_%,2.236751245160211e-06,2089.156401036223,1.5940634025356466e-06,3.1881268050712933e-08,"Method: equity_%, ATR: 1254655.24, Risk: 2089.16"
2024-01-15 07:00:00,EURUSD,1104905.2407426666,666.1722733543636,equity_%,2.8411530708592482e-06,2091.2512765790543,1.8101099770833668e-06,3.6202199541667335e-08,"Method: equity_%, ATR: 1104905.24, Risk: 2091.25"
2024-01-15 08:00:00,EURUSD,1623377.3432049714,640.8273718411201,equity_%,2.0086286147372723e-06,2089.585660621407,1.2319994537138712e-06,2.463998907427742e-08,"Method: equity_%, ATR: 1623377.34, Risk: 2089.59"
2024-01-15 09:00:00,EURUSD,670574.3743483288,632.600396080096,equity_%,4.928211769832396e-06,2090.5751037549253,2.9825177884908306e-06,5.965035576981662e-08,"Method: equity_%, ATR: 670574.37, Risk: 2090.58"
2024-01-15 10:00:00,EURUSD,1390820.1996500508,639.6620289231171,equity_%,2.3502782045085394e-06,2090.9364523182985,1.4380003975375302e-06,2.8760007950750603e-08,"Method: equity_%, ATR: 1390820.20, Risk: 2090.94"
2024-01-15 11:00:00,EURUSD,1522384.692571759,584.2105020799976,equity_%,2.3509058076576374e-06,2090.879464278512,1.3137283958244532e-06,2.6274567916489063e-08,"Method: equity_%, ATR: 1522384.69, Risk: 2090.88"
2024-01-15 12:00:00,EURUSD,1202133.8867282465,620.9891274635555,equity_%,2.8004474364488847e-06,2090.567822269668,1.6637081959674586e-06,3.327416391934918e-08,"Method: equity_%, ATR: 1202133.89, Risk: 2090.57"
2024-01-15 13:00:00,EURUSD,1217485.9794601104,701.3859928700484,equity_%,2.4500455234029377e-06,2092.1615243378164,1.6427293896944033e-06,3.2854587793888065e-08,"Method: equity_%, ATR: 1217485.98, Risk: 2092.16"
2024-01-15 14:00:00,EURUSD,2176327.4949879814,622.9761865221002,equity_%,1.5445126458127576e-06,2094.0505594252822,9.189793377172972e-07,1.8379586754345944e-08,"Method: equity_%, ATR: 2176327.49, Risk: 2094.05"
2024-01-15 15:00:00,EURUSD,1678432.7381728035,535.5735533817583,equity_%,2.328793321037313e-06,2093.4086397665455,1.1915878155339517e-06,2.383175631067904e-08,"Method: equity_%, ATR: 1678432.74, Risk: 2093.41"
2024-01-15 16:00:00,EURUSD,1214567.5853563342,448.58207113000793,equity_%,3.8400690271284105e-06,2092.19726126565,1.6466765819484907e-06,3.2933531638969814e-08,"Method: equity_%, ATR: 1214567.59, Risk: 2092.20"
2024-01-15 17:00:00,EURUSD,4467500.400781347,631.0818267253485,equity_%,7.429748497291652e-07,2094.712319544067,4.476776319147522e-07,8.953552638295043e-09,"Method: equity_%, ATR: 4467500.40, Risk: 2094.71"
2024-01-15 18:00:00,EURUSD,1357968.223405678,699.4118571642487,equity_%,2.206090451404921e-06,2095.2985529393427,1.4727885126679598e-06,2.9455770253359197e-08,"Method: equity_%, ATR: 1357968.22, Risk: 2095.30"
2024-01-15 19:00:00,EURUSD,1837780.8413116965,802.8196600128854,equity_%,1.4199171146509323e-06,2094.9550684938263,1.0882690444049474e-06,2.1765380888098946e-08,"Method: equity_%, ATR: 1837780.84, Risk: 2094.96"
2024-01-15 20:00:00,EURUSD,1590011.0022214109,904.5792237377741,equity_%,1.455892729090779e-06,2093.99729001398,1.257852931335564e-06,2.515705862671128e-08,"Method: equity_%, ATR: 1590011.00, Risk: 2094.00"
2024-01-15 21:00:00,EURUSD,763043.5831338275,862.1972300395167,equity_%,3.1842928245678343e-06,2094.927346612192,2.6210822608401735e-06,5.242164521680347e-08,"Method: equity_%, ATR: 763043.58, Risk: 2094.93"
2024-01-15 22:00:00,EURUSD,2134408.7859961814,989.427285197072,equity_%,9.913808149807136e-07,2093.6399311944956,9.370276270984098e-07,1.87405525419682e-08,"Method: equity_%, ATR: 2134408.79, Risk: 2093.64"
2024-01-15 23:00:00,EURUSD,1436691.2317053755,1109.1325693508682,equity_%,1.3169775936989667e-06,2098.5788219571596,1.3920875661125654e-06,2.784175132225131e-08,"Method: equity_%, ATR: 1436691.23, Risk: 2098.58"
2024-01-16 00:00:00,EURUSD,4527980.582207128,1347.430888716584,equity_%,3.4388810039268795e-07,2098.1097543204637,4.4169800724390823e-07,8.833960144878165e-09,"Method: equity_%, ATR: 4527980.58, Risk: 2098.11"
2024-01-16 01:00:00,EURUSD,1736922.5596877004,1387.3720629280374,equity_%,8.699759893084279e-07,2096.431456306615,1.1514618132195837e-06,2.3029236264391673e-08,"Method: equity_%, ATR: 1736922.56, Risk: 2096.43"
2024-01-16 02:00:00,EURUSD,1945547.371625637,1467.6666717837488,equity_%,7.336520482695146e-07,2094.881089609252,1.0279883333443916e-06,2.055976666688783e-08,"Method: equity_%, ATR: 1945547.37, Risk: 2094.88"
2024-01-16 03:00:00,EURUSD,1030893.1913721245,1519.0635343148938,equity_%,1.3367699376430341e-06,2093.371368780958,1.940065194666762e-06,3.8801303893335234e-08,"Method: equity_%, ATR: 1030893.19, Risk: 2093.37"
2024-01-16 04:00:00,EURUSD,4689672.927273028,1709.3044007068108,equity_%,2.6121228199606083e-07,2093.8981765728845,4.264689736396967e-07,8.529379472793934e-09,"Method: equity_%, ATR: 4689672.93, Risk: 2093.90"
2024-01-16 05:00:00,EURUSD,2195596.5942970263,1851.9642057005474,equity_%,5.149720094089019e-07,2093.961831541683,9.109141475236935e-07,1.821828295047387e-08,"Method: equity_%, ATR: 2195596.59, Risk: 2093.96"
2024-01-16 06:00:00,EURUSD,811939.6430333267,1865.6422084097155,equity_%,1.3843586749866065e-06,2097.0111111913443,2.463237282673127e-06,4.9264745653462526e-08,"Method: equity_%, ATR: 811939.64, Risk: 2097.01"
2024-01-16 07:00:00,EURUSD,993164.4134190219,1821.5017737973162,equity_%,1.1607055642849906e-06,2099.775260821923,2.013765266835218e-06,4.027530533670437e-08,"Method: equity_%, ATR: 993164.41, Risk: 2099.78"
2024-01-16 08:00:00,EURUSD,1199706.9166384903,1816.607723153413,equity_%,9.631801337546168e-07,2099.1517497629075,1.6670738263340889e-06,3.334147652668178e-08,"Method: equity_%, ATR: 1199706.92, Risk: 2099.15"
2024-01-16 09:00:00,EURUSD,2803164.226900351,1685.302874478486,equity_%,4.449142093916182e-07,2101.8551341686725,7.134794247183784e-07,1.4269588494367568e-08,"Method: equity_%, ATR: 2803164.23, Risk: 2101.86"
2024-01-16 10:00:00,EURUSD,1594598.3532381842,1778.3779265484936,equity_%,7.409618008431661e-07,2101.2183731018877,1.2542343317604451e-06,2.5084686635208902e-08,"Method: equity_%, ATR: 1594598.35, Risk: 2101.22"
2024-01-16 11:00:00,EURUSD,824799.4899754145,1739.0096540052316,equity_%,1.4645922448882097e-06,2100.7148567468244,2.424831761304333e-06,4.849663522608666e-08,"Method: equity_%, ATR: 824799.49, Risk: 2100.71"
2024-01-16 12:00:00,EURUSD,917444.09843732,1758.2220961891426,equity_%,1.301268268906112e-06,2099.037438798692,2.1799693337246315e-06,4.359938667449263e-08,"Method: equity_%, ATR: 917444.10, Risk: 2099.04"
2024-01-16 13:00:00,EURUSD,3152626.203868838,1971.2248454448993,equity_%,3.3768525951019575e-07,2098.556898474067,6.343917326911898e-07,1.2687834653823796e-08,"Method: equity_%, ATR: 3152626.20, Risk: 2098.56"
2024-01-16 14:00:00,EURUSD,2971680.709532625,2137.6410375415403,equity_%,3.3034108590748987e-07,2098.454299165458,6.730198145394135e-07,1.3460396290788269e-08,"Method: equity_%, ATR: 2971680.71, Risk: 2098.45"
2024-01-16 15:00:00,EURUSD,1937234.3969019402,2275.6075419633403,equity_%,4.7570385986411726e-07,2097.0858573776704,1.032399591499323e-06,2.0647991829986463e-08,"Method: equity_%, ATR: 1937234.40, Risk: 2097.09"
2024-01-16 16:00:00,EURUSD,1227941.5667362355,2307.546282740292,equity_%,7.397788934875057e-07,2096.1871659528606,1.6287419973214443e-06,3.2574839946428886e-08,"Method: equity_%, ATR: 1227941.57, Risk: 2096.19"
2024-01-16 17:00:00,EURUSD,631251.4772424992,2354.4377751122556,equity_%,1.410344829626586e-06,2096.1141766828364,3.1683094172493915e-06,6.336618834498783e-08,"Method: equity_%, ATR: 631251.48, Risk: 2096.11"
2024-01-16 18:00:00,EURUSD,1607293.0213785502,2334.822204951619,equity_%,5.583087085050927e-07,2095.1893412037352,1.2443281799883826e-06,2.4886563599767655e-08,"Method: equity_%, ATR: 1607293.02, Risk: 2095.19"
2024-01-16 19:00:00,EURUSD,1130658.077917742,2233.6173815539723,equity_%,8.294421875920041e-07,2094.7210228589934,1.7688813612717182e-06,3.537762722543436e-08,"Method: equity_%, ATR: 1130658.08, Risk: 2094.72"
2024-01-16 20:00:00,EURUSD,1439882.3551072155,2318.375748199818,equity_%,6.276168230459578e-07,2095.1031558731975,1.3890023673851312e-06,2.7780047347702624e-08,"Method: equity_%, ATR: 1439882.36, Risk: 2095.10"
2024-01-16 21:00:00,EURUSD,2709844.3770940867,2534.8451268577037,equity_%,3.047791545996858e-07,2093.5389282509313,7.380497628962401e-07,1.4760995257924802e-08,"Method: equity_%, ATR: 2709844.38, Risk: 2093.54"
2024-01-16 22:00:00,EURUSD,3889367.136776518,2706.5414914172234,equity_%,1.9876660478998336e-07,2092.363083493744,5.142224762195083e-07,1.0284449524390165e-08,"Method: equity_%, ATR: 3889367.14, Risk: 2092.36"
2024-01-16 23:00:00,EURUSD,3577488.7978718425,2695.2623412092435,equity_%,2.1697590734266766e-07,2092.140462834328,5.590513661956815e-07,1.118102732391363e-08,"Method: equity_%, ATR: 3577488.80, Risk: 2092.14"
2024-01-17 00:00:00,EURUSD,1971057.2501170372,2755.0240661695175,equity_%,3.8535305728228063e-07,2092.5866220970684,1.0146838707405604e-06,2.029367741481121e-08,"Method: equity_%, ATR: 1971057.25, Risk: 2092.59"
2024-01-17 01:00:00,EURUSD,879296.553847139,2709.634280454414,equity_%,8.782492497272732e-07,2092.492146063295,2.274545477574667e-06,4.549090955149334e-08,"Method: equity_%, ATR: 879296.55, Risk: 2092.49"
2024-01-17 02:00:00,EURUSD,4674703.536121915,2350.3023818750703,equity_%,1.903954281758302e-07,2091.8682588079387,4.278346176491822e-07,8.556692352983644e-09,"Method: equity_%, ATR: 4674703.54, Risk: 2091.87"
2024-01-17 03:00:00,EURUSD,1916807.5390534522,2220.3425904103265,equity_%,4.916053845261953e-07,2092.2574815695307,1.0434015722765933e-06,2.0868031445531868e-08,"Method: equity_%, ATR: 1916807.54, Risk: 2092.26"
2024-01-17 04:00:00,EURUSD,2007736.3271228478,2312.43659882952,equity_%,4.512998793488179e-07,2095.278365335184,9.961467414728038e-07,1.9922934829456075e-08,"Method: equity_%, ATR: 2007736.33, Risk: 2095.28"
2024-01-17 05:00:00,EURUSD,1036906.5982642769,2371.1516868392755,equity_%,8.523890879073631e-07,2095.7373667681545,1.9288140352736563e-06,3.8576280705473126e-08,"Method: equity_%, ATR: 1036906.60, Risk: 2095.74"
2024-01-17 06:00:00,EURUSD,3142683.6179277506,2347.2175174419503,equity_%,2.840601359712957e-07,2095.3872160199976,6.363987735166219e-07,1.2727975470332438e-08,"Method: equity_%, ATR: 3142683.62, Risk: 2095.39"
2024-01-17 07:00:00,EURUSD,1248130.2267972433,2352.6451095332395,equity_%,7.137401730115825e-07,2095.8319786217244,1.6023968950195904e-06,3.204793790039181e-08,"Method: equity_%, ATR: 1248130.23, Risk: 2095.83"
2024-01-17 08:00:00,EURUSD,2199592.5735199945,2298.9469247457355,equity_%,4.1439040232508486e-07,2095.46725081437,9.092592983251496e-07,1.818518596650299e-08,"Method: equity_%, ATR: 2199592.57, Risk: 2095.47"
2024-01-17 09:00:00,EURUSD,1635129.9550994418,2370.4792586345357,equity_%,5.403296057850174e-07,2094.3400533657764,1.223144370734966e-06,2.4462887414699316e-08,"Method: equity_%, ATR: 1635129.96, Risk: 2094.34"
2024-01-17 10:00:00,EURUSD,1025853.3096551537,2357.734559316892,equity_%,8.656711070928766e-07,2093.789877714382,1.949596478537766e-06,3.899192957075532e-08,"Method: equity_%, ATR: 1025853.31, Risk: 2093.79"
2024-01-17 11:00:00,EURUSD,2628006.329645318,2215.8520014578376,equity_%,3.594027465917449e-07,2092.900341042391,7.610331746308713e-07,1.522066349261742e-08,"Method: equity_%, ATR: 2628006.33, Risk: 2092.90"
2024-01-17 12:00:00,EURUSD,2252001.4774175254,2048.2989718146614,equity_%,4.5389161015820825e-07,2093.6986514056343,8.880988845058366e-07,1.776197769011673e-08,"Method: equity_%, ATR: 2252001.48, Risk: 2093.70"
2024-01-17 13:00:00,EURUSD,633116.8437176325,2033.3914348825178,equity_%,1.6256692849438515e-06,2092.844967135973,3.1589745555592767e-06,6.317949111118554e-08,"Method: equity_%, ATR: 633116.84, Risk: 2092.84"
2024-01-17 14:00:00,EURUSD,3094882.3127030935,1901.0802201965566,equity_%,3.5572811969764474e-07,2092.968919009911,6.462281269277683e-07,1.2924562538555366e-08,"Method: equity_%, ATR: 3094882.31, Risk: 2092.97"
2024-01-17 15:00:00,EURUSD,659147.5907468884,1862.112538704445,equity_%,1.7055364156698113e-06,2093.387324409761,3.0342218162912117e-06,6.068443632582423e-08,"Method: equity_%, ATR: 659147.59, Risk: 2093.39"
2024-01-17 16:00:00,EURUSD,2111248.3285906957,1772.2609004619771,equity_%,5.592691002126518e-07,2092.607608589546,9.473068482356329e-07,1.8946136964712657e-08,"Method: equity_%, ATR: 2111248.33, Risk: 2092.61"
2024-01-17 17:00:00,EURUSD,2546724.032925488,1686.9417428975503,equity_%,4.86804120076366e-07,2091.395728920679,7.853226239446713e-07,1.570645247889343e-08,"Method: equity_%, ATR: 2546724.03, Risk: 2091.40"
2024-01-17 18:00:00,EURUSD,1236253.8388154984,1676.357571377212,equity_%,1.0103336486952677e-06,2093.8189723890478,1.6177907297066727e-06,3.235581459413345e-08,"Method: equity_%, ATR: 1236253.84, Risk: 2093.82"
2024-01-17 19:00:00,EURUSD,4500383.870985288,1464.2769844444592,equity_%,3.17703272219833e-07,2093.603731201836,4.4440653449460786e-07,8.88813068989216e-09,"Method: equity_%, ATR: 4500383.87, Risk: 2093.60"
2024-01-17 20:00:00,EURUSD,2066245.707192793,1377.2048239187832,equity_%,7.358160705370513e-07,2093.870259044802,9.679390950639676e-07,1.9358781901279354e-08,"Method: equity_%, ATR: 2066245.71, Risk: 2093.87"
2024-01-17 21:00:00,EURUSD,2272272.991149432,1306.0016858108638,equity_%,7.059075367854618e-07,2094.845810958165,8.801759329931118e-07,1.760351865986224e-08,"Method: equity_%, ATR: 2272272.99, Risk: 2094.85"
2024-01-17 22:00:00,EURUSD,1654803.8647816316,1287.5787184918158,equity_%,9.827241603732352e-07,2093.8807766976984,1.2086024468307129e-06,2.417204893661426e-08,"Method: equity_%, ATR: 1654803.86, Risk: 2093.88"
2024-01-17 23:00:00,EURUSD,1664870.054022472,1357.5359161836755,equity_%,9.251252486145658e-07,2090.8949040663383,1.20129495702552e-06,2.4025899140510395e-08,"Method: equity_%, ATR: 1664870.05, Risk: 2090.89"
2024-01-18 00:00:00,EURUSD,1523431.3546906696,1233.5742132541416,equity_%,1.112391429185731e-06,2090.478985325074,1.3128258085551197e-06,2.6256516171102392e-08,"Method: equity_%, ATR: 1523431.35, Risk: 2090.48"
2024-01-18 01:00:00,EURUSD,4702090.320876189,1611.6887067385433,equity_%,2.764095008441054e-07,2094.715742278857,4.253427440813854e-07,8.506854881627708e-09,"Method: equity_%, ATR: 4702090.32, Risk: 2094.72"
2024-01-18 02:00:00,EURUSD,928655.6312177504,1639.856738250718,equity_%,1.3757517538792859e-06,2095.0803348167233,2.153650861275014e-06,4.3073017225500274e-08,"Method: equity_%, ATR: 928655.63, Risk: 2095.08"
2024-01-18 03:00:00,EURUSD,934434.2169971947,1633.7452403636391,equity_%,1.3717589641258525e-06,2094.164895525287,2.140332581598951e-06,4.280665163197902e-08,"Method: equity_%, ATR: 934434.22, Risk: 2094.16"
2024-01-18 04:00:00,EURUSD,4077070.3631095397,1460.8913032453436,equity_%,3.5153398853312723e-07,2093.7914986465407,4.905483157947318e-07,9.810966315894635e-09,"Method: equity_%, ATR: 4077070.36, Risk: 2093.79"
2024-01-18 05:00:00,EURUSD,811740.4193277889,1476.7504163756764,equity_%,1.7491842428615838e-06,2096.8136248223263,2.4638418297024334e-06,4.927683659404867e-08,"Method: equity_%, ATR: 811740.42, Risk: 2096.81"
2024-01-18 06:00:00,EURUSD,371732.4120893295,1458.9633427510903,equity_%,3.8653158688668015e-06,2096.330724831609,5.380214194288196e-06,1.0760428388576394e-07,"Method: equity_%, ATR: 371732.41, Risk: 2096.33"
2024-01-18 07:00:00,EURUSD,2866025.477382932,1547.6649505004555,equity_%,4.7265302852185463e-07,2096.522072413518,6.978305028280035e-07,1.3956610056560068e-08,"Method: equity_%, ATR: 2866025.48, Risk: 2096.52"
2024-01-18 08:00:00,EURUSD,882040.4620786599,1544.1682499847836,equity_%,1.5397316261617151e-06,2097.143539951644,2.26746967512885e-06,4.5349393502577e-08,"Method: equity_%, ATR: 882040.46, Risk: 2097.14"
2024-01-18 09:00:00,EURUSD,3287827.8198402356,1689.913654554528,equity_%,3.774816358003773e-07,2097.3427511227906,6.083043606879589e-07,1.2166087213759176e-08,"Method: equity_%, ATR: 3287827.82, Risk: 2097.34"
2024-01-18 10:00:00,EURUSD,1216620.1463653739,1645.064587480495,equity_%,1.0478182270394098e-06,2097.123013916692,1.6438984723168988e-06,3.2877969446337975e-08,"Method: equity_%, ATR: 1216620.15, Risk: 2097.12"
2024-01-18 11:00:00,EURUSD,1605078.338013916,1700.3172470611262,equity_%,7.684930786173556e-07,2097.3270303669137,1.2460451011224478e-06,2.492090202244895e-08,"Method: equity_%, ATR: 1605078.34, Risk: 2097.33"
2024-01-18 12:00:00,EURUSD,1211596.3139735209,1636.952886535472,equity_%,1.0582441444238169e-06,2098.843214320116,1.6507148271529898e-06,3.30142965430598e-08,"Method: equity_%, ATR: 1211596.31, Risk: 2098.84"
2024-01-18 13:00:00,EURUSD,453335.20905793423,1633.0306578890238,equity_%,2.8338126856453197e-06,2097.9007044124014,4.411746451717606e-06,8.823492903435211e-08,"Method: equity_%, ATR: 453335.21, Risk: 2097.90"
2024-01-18 14:00:00,EURUSD,604403.4126579618,1633.4459208658361,equity_%,2.1231711023859305e-06,2096.122516060568,3.309048159084139e-06,6.618096318168278e-08,"Method: equity_%, ATR: 604403.41, Risk: 2096.12"
2024-01-18 15:00:00,EURUSD,342120.0267270933,1613.8904159342471,equity_%,3.7955709865650825e-06,2095.702628266716,5.8459015659886694e-06,1.1691803131977338e-07,"Method: equity_%, ATR: 342120.03, Risk: 2095.70"
2024-01-18 16:00:00,EURUSD,1734780.1648194194,1532.0480289598695,equity_%,7.878845747158788e-07,2094.0132539088263,1.1528838296396989e-06,2.3057676592793976e-08,"Method: equity_%, ATR: 1734780.16, Risk: 2094.01"
2024-01-18 17:00:00,EURUSD,1034505.5957413228,1479.6556085823966,equity_%,1.3681284749023315e-06,2094.2106834443553,1.933290654234507e-06,3.866581308469013e-08,"Method: equity_%, ATR: 1034505.60, Risk: 2094.21"
2024-01-18 18:00:00,EURUSD,981709.033003558,1483.9672963102773,equity_%,1.4372175703537813e-06,2093.77319267263,2.037263519803786e-06,4.0745270396075715e-08,"Method: equity_%, ATR: 981709.03, Risk: 2093.77"
2024-01-18 19:00:00,EURUSD,7788772.406174568,1754.639651221918,equity_%,1.5327978533640376e-07,2094.796484621054,2.5677987437590223e-07,5.135597487518045e-09,"Method: equity_%, ATR: 7788772.41, Risk: 2094.80"
2024-01-18 20:00:00,EURUSD,875032.4502905414,1769.4124044438881,equity_%,1.3524997399414995e-06,2094.06624751003,2.2856295207519786e-06,4.5712590415039575e-08,"Method: equity_%, ATR: 875032.45, Risk: 2094.07"
2024-01-18 21:00:00,EURUSD,2937964.129753152,1689.5287084675306,equity_%,4.2178509889644723e-07,2093.646220313186,6.807435052544498e-07,1.3614870105088994e-08,"Method: equity_%, ATR: 2937964.13, Risk: 2093.65"
2024-01-18 22:00:00,EURUSD,1420181.3099013749,1685.482763492171,equity_%,8.738707253287251e-07,2091.7765942620395,1.4082708919320246e-06,2.816541783864049e-08,"Method: equity_%, ATR: 1420181.31, Risk: 2091.78"
2024-01-18 23:00:00,EURUSD,1821204.0840878761,1597.5999893140074,equity_%,7.184164079185005e-07,2090.272500950869,1.0981745634518886e-06,2.1963491269037772e-08,"Method: equity_%, ATR: 1821204.08, Risk: 2090.27"
2024-01-19 00:00:00,EURUSD,1489955.3280374494,1526.9239940840325,equity_%,9.178677909594597e-07,2088.1937781885204,1.3423221235997558e-06,2.684644247199511e-08,"Method: equity_%, ATR: 1489955.33, Risk: 2088.19"
2024-01-19 01:00:00,EURUSD,1589070.7027743338,1462.7208708964342,equity_%,8.997498552212672e-07,2091.348765810813,1.2585972395741932e-06,2.517194479148387e-08,"Method: equity_%, ATR: 1589070.70, Risk: 2091.35"
2024-01-19 02:00:00,EURUSD,661105.2171004053,1442.620001202534,equity_%,2.192909599018847e-06,2091.4296571808245,3.0252370549607245e-06,6.050474109921448e-08,"Method: equity_%, ATR: 661105.22, Risk: 2091.43"
2024-01-19 03:00:00,EURUSD,2314996.1388354925,1599.1553457145365,equity_%,5.651904389380832e-07,2092.356736932218,8.639323264729313e-07,1.7278646529458625e-08,"Method: equity_%, ATR: 2314996.14, Risk: 2092.36"
2024-01-19 04:00:00,EURUSD,1570910.606449654,1512.7243843471374,equity_%,8.786547918820648e-07,2087.9955146640705,1.2731469198747802e-06,2.54629383974956e-08,"Method: equity_%, ATR: 1570910.61, Risk: 2088.00"
2024-01-19 05:00:00,EURUSD,1172067.1928858268,1464.2623889110653,equity_%,1.2190156797642328e-06,2092.0916634611585,1.7063868113872067e-06,3.412773622774413e-08,"Method: equity_%, ATR: 1172067.19, Risk: 2092.09"
2024-01-19 06:00:00,EURUSD,1428586.9487876904,1418.2194409517385,equity_%,1.032365372870984e-06,2091.623640570454,1.3999847903533036e-06,2.7999695807066073e-08,"Method: equity_%, ATR: 1428586.95, Risk: 2091.62"
2024-01-19 07:00:00,EURUSD,489466.9646133389,1404.397015446341,equity_%,3.0452214631255105e-06,2093.3033353483843,4.086077599904883e-06,8.172155199809765e-08,"Method: equity_%, ATR: 489466.96, Risk: 2093.30"
2024-01-19 08:00:00,EURUSD,1229186.5760511518,1485.5259584399623,equity_%,1.1455933684400457e-06,2091.8403926182013,1.6270922892968295e-06,3.254184578593659e-08,"Method: equity_%, ATR: 1229186.58, Risk: 2091.84"
2024-01-19 09:00:00,EURUSD,1593423.9914869387,1397.77737979675,equity_%,9.392595321604302e-07,2091.9676825370384,1.2551587089721524e-06,2.5103174179443052e-08,"Method: equity_%, ATR: 1593423.99, Risk: 2091.97"
2024-01-19 10:00:00,EURUSD,2395773.9795200084,1300.6244283673636,equity_%,6.711143507804764e-07,2091.193768390983,8.348032899166467e-07,1.6696065798332934e-08,"Method: equity_%, ATR: 2395773.98, Risk: 2091.19"
2024-01-19 11:00:00,EURUSD,886581.4090711387,1349.6957824160343,equity_%,1.7464309995983341e-06,2089.8058599468927,2.2558560099916573e-06,4.511712019983315e-08,"Method: equity_%, ATR: 886581.41, Risk: 2089.81"
2024-01-19 12:00:00,EURUSD,988075.0261505977,1406.9617300496443,equity_%,1.5021022913555215e-06,2088.1981935939907,2.0241377902159116e-06,4.048275580431823e-08,"Method: equity_%, ATR: 988075.03, Risk: 2088.20"
2024-01-19 13:00:00,EURUSD,2605922.5370129365,1325.4137800809633,equity_%,6.041163187657821e-07,2086.5728431574084,7.674825216763806e-07,1.5349650433527615e-08,"Method: equity_%, ATR: 2605922.54, Risk: 2086.57"
2024-01-19 14:00:00,EURUSD,969669.1668214339,1325.2110515059271,equity_%,1.6251415087598825e-06,2088.333322349002,2.062559137108567e-06,4.125118274217134e-08,"Method: equity_%, ATR: 969669.17, Risk: 2088.33"
2024-01-19 15:00:00,EURUSD,1127989.0977771787,1412.3567870794368,equity_%,1.3101923798386187e-06,2087.297690733141,1.7730667822421428e-06,3.5461335644842854e-08,"Method: equity_%, ATR: 1127989.10, Risk: 2087.30"
2024-01-19 16:00:00,EURUSD,2269213.0287517286,1359.8658298557575,equity_%,6.756758171913654e-07,2085.017503221721,8.81362822555351e-07,1.762725645110702e-08,"Method: equity_%, ATR: 2269213.03, Risk: 2085.02"
2024-01-19 17:00:00,EURUSD,1924247.9793332927,1298.4874682404268,equity_%,8.344580499374065e-07,2084.986802735759,1.0393670781938166e-06,2.0787341563876327e-08,"Method: equity_%, ATR: 1924247.98, Risk: 2084.99"
2024-01-19 18:00:00,EURUSD,2168434.9998365813,1350.1050600226138,equity_%,7.113005045214219e-07,2082.414073212556,9.223241647320417e-07,1.8446483294640835e-08,"Method: equity_%, ATR: 2168435.00, Risk: 2082.41"
2024-01-19 19:00:00,EURUSD,3201816.1243924852,1210.1071229715158,equity_%,5.384050620132044e-07,2086.0722174065445,6.246454894031373e-07,1.2492909788062744e-08,"Method: equity_%, ATR: 3201816.12, Risk: 2086.07"
2024-01-19 20:00:00,EURUSD,838175.585062338,1209.7780420351928,equity_%,2.0588219073929844e-06,2087.658627982818,2.3861348810956517e-06,4.772269762191303e-08,"Method: equity_%, ATR: 838175.59, Risk: 2087.66"
2024-01-19 21:00:00,EURUSD,3681617.9366090093,1087.778863250624,equity_%,5.208851833765286e-07,2086.0337806317643,5.432394220249046e-07,1.0864788440498092e-08,"Method: equity_%, ATR: 3681617.94, Risk: 2086.03"
2024-01-19 22:00:00,EURUSD,2597451.2048095437,981.9287124462536,equity_%,8.181440820594357e-07,2086.686231263378,7.69985590603866e-07,1.5399711812077323e-08,"Method: equity_%, ATR: 2597451.20, Risk: 2086.69"
2024-01-19 23:00:00,EURUSD,1834116.0711607484,1047.8136752043133,equity_%,1.0857645994814887e-06,2086.635329265783,1.0904435283282095e-06,2.180887056656419e-08,"Method: equity_%, ATR: 1834116.07, Risk: 2086.64"
2024-01-20 00:00:00,EURUSD,999726.7909475534,958.687265912489,equity_%,2.177149493439558e-06,2086.635251912685,2.0005465674320637e-06,4.001093134864128e-08,"Method: equity_%, ATR: 999726.79, Risk: 2086.64"
2024-01-20 01:00:00,EURUSD,870213.6930764994,1003.4530761484544,equity_%,2.388613644093727e-06,2085.781879492055,2.298286059978353e-06,4.596572119956707e-08,"Method: equity_%, ATR: 870213.69, Risk: 2085.78"
2024-01-20 02:00:00,EURUSD,3106696.91622114,1176.465066112456,equity_%,5.707474126763939e-07,2086.036357804965,6.437705556526315e-07,1.287541111305263e-08,"Method: equity_%, ATR: 3106696.92, Risk: 2086.04"
2024-01-20 03:00:00,EURUSD,545042.1302710196,1167.8223778330341,equity_%,3.2765998245644254e-06,2085.5964070073614,3.669441110920195e-06,7.33888222184039e-08,"Method: equity_%, ATR: 545042.13, Risk: 2085.60"
2024-01-20 04:00:00,EURUSD,441516.5106209042,1169.659293511558,equity_%,4.032737908983314e-06,2082.602197850055,4.529841924116047e-06,9.059683848232096e-08,"Method: equity_%, ATR: 441516.51, Risk: 2082.60"
2024-01-20 05:00:00,EURUSD,3775181.0531286183,852.7891468855443,equity_%,6.474043516683919e-07,2084.2752122530583,5.297759158709842e-07,1.059551831741968e-08,"Method: equity_%, ATR: 3775181.05, Risk: 2084.28"
2024-01-20 06:00:00,EURUSD,4482274.3950027535,680.3864738241068,equity_%,6.83451758386242e-07,2084.3083864390433,4.4620204470966386e-07,8.924040894193277e-09,"Method: equity_%, ATR: 4482274.40, Risk: 2084.31"
2024-01-20 07:00:00,EURUSD,1798646.2319442818,772.4091224500307,equity_%,1.499942588862308e-06,2083.856375658226,1.1119473993716158e-06,2.2238947987432316e-08,"Method: equity_%, ATR: 1798646.23, Risk: 2083.86"
2024-01-20 08:00:00,EURUSD,3751073.374824914,566.7883240191561,equity_%,9.796212028802817e-07,2082.737952418541,5.331807192636834e-07,1.066361438527367e-08,"Method: equity_%, ATR: 3751073.37, Risk: 2082.74"
2024-01-20 09:00:00,EURUSD,1402733.1707634449,487.28003935670995,equity_%,3.046197900491799e-06,2082.148991914875,1.425787912972422e-06,2.851575825944844e-08,"Method: equity_%, ATR: 1402733.17, Risk: 2082.15"
2024-01-20 10:00:00,EURUSD,2030270.5469207945,600.3813782035164,equity_%,1.7088814376963205e-06,2083.0181791737264,9.850903876004583e-07,1.9701807752009166e-08,"Method: equity_%, ATR: 2030270.55, Risk: 2083.02"
2024-01-20 11:00:00,EURUSD,2646513.264889031,704.0857007853574,equity_%,1.1186930209737076e-06,2084.5414160428186,7.557113076037653e-07,1.5114226152075304e-08,"Method: equity_%, ATR: 2646513.26, Risk: 2084.54"
2024-01-20 12:00:00,EURUSD,2774193.8440143196,544.4773953684105,equity_%,1.3800306746507744e-06,2084.516790667267,7.209301557334422e-07,1.4418603114668845e-08,"Method: equity_%, ATR: 2774193.84, Risk: 2084.52"
2024-01-20 13:00:00,EURUSD,1106810.2881037442,600.9385248937325,equity_%,3.1317701657236214e-06,2083.018449427973,1.8069944068070814e-06,3.613988813614162e-08,"Method: equity_%, ATR: 1106810.29, Risk: 2083.02"
2024-01-20 14:00:00,EURUSD,1751177.9130353795,625.5315368251802,equity_%,1.9008914393976304e-06,2082.2688191517464,1.1420884109561021e-06,2.2841768219122046e-08,"Method: equity_%, ATR: 1751177.91, Risk: 2082.27"
2024-01-20 15:00:00,EURUSD,2553984.2099967995,782.2024356133171,equity_%,1.0428677239412102e-06,2083.370922165233,7.830901977277715e-07,1.566180395455543e-08,"Method: equity_%, ATR: 2553984.21, Risk: 2083.37"
2024-01-20 16:00:00,EURUSD,1537969.519988876,893.086507698055,equity_%,1.518531907857465e-06,2085.764054852148,1.3004158886155728e-06,2.6008317772311455e-08,"Method: equity_%, ATR: 1537969.52, Risk: 2085.76"
2024-01-20 17:00:00,EURUSD,3680230.7808374087,613.3721163429843,equity_%,9.240620866698402e-07,2085.932422432391,5.43444180298094e-07,1.0868883605961882e-08,"Method: equity_%, ATR: 3680230.78, Risk: 2085.93"
2024-01-20 18:00:00,EURUSD,1117238.4121721995,612.2634413868849,equity_%,3.0535863805653073e-06,2088.7881599633415,1.7901282109621389e-06,3.580256421924278e-08,"Method: equity_%, ATR: 1117238.41, Risk: 2088.79"
2024-01-20 19:00:00,EURUSD,1310514.1171743355,580.759766452658,equity_%,2.74242623917257e-06,2087.243806754996,1.5261186230578722e-06,3.052237246115745e-08,"Method: equity_%, ATR: 1310514.12, Risk: 2087.24"
2024-01-20 20:00:00,EURUSD,5321852.80354096,178.38908308570234,equity_%,2.1982307781982943e-06,2086.913343078083,3.758089661309827e-07,7.516179322619656e-09,"Method: equity_%, ATR: 5321852.80, Risk: 2086.91"
2024-01-20 21:00:00,EURUSD,482740.01660511317,169.86726923757067,equity_%,2.5459440364951008e-05,2087.7181133202857,4.1430168024293345e-06,8.28603360485867e-08,"Method: equity_%, ATR: 482740.02, Risk: 2087.72"
2024-01-20 22:00:00,EURUSD,1878307.8617215878,80.88759412854645,equity_%,1.3727784479180715e-05,2085.687060397515,1.06478817490913e-06,2.12957634981826e-08,"Method: equity_%, ATR: 1878307.86, Risk: 2085.69"
2024-01-20 23:00:00,EURUSD,2284923.201557626,-13.015928684146033,equity_%,-7.01601802154127e-05,2086.591644084163,8.75302941751655e-07,1.7506058835033098e-08,"Method: equity_%, ATR: 2284923.20, Risk: 2086.59"
2024-01-21 00:00:00,EURUSD,1088976.1952668258,-52.16826966889705,equity_%,-3.671200315804571e-05,2085.6090395635965,1.8365874375334266e-06,3.673174875066853e-08,"Method: equity_%, ATR: 1088976.20, Risk: 2085.61"
2024-01-21 01:00:00,EURUSD,1352363.9404140802,-74.2913805524567,equity_%,-2.0796832045702884e-05,2089.4365890185823,1.4788918428183024e-06,2.957783685636605e-08,"Method: equity_%, ATR: 1352363.94, Risk: 2089.44"
2024-01-21 02:00:00,EURUSD,965932.1858426145,-69.46592914725477,equity_%,-3.114210857294444e-05,2089.61607694674,2.070538728612023e-06,4.1410774572240464e-08,"Method: equity_%, ATR: 965932.19, Risk: 2089.62"
2024-01-21 03:00:00,EURUSD,1603988.3050183419,-29.66480072599417,equity_%,-4.395187479617178e-05,2091.3178180159257,1.2468918842753845e-06,2.4937837685507687e-08,"Method: equity_%, ATR: 1603988.31, Risk: 2091.32"
2024-01-21 04:00:00,EURUSD,1584862.9273418505,-62.382502482182296,equity_%,-2.113618955884558e-05,2089.68677603311,1.261938786942554e-06,2.5238775738851083e-08,"Method: equity_%, ATR: 1584862.93, Risk: 2089.69"
2024-01-21 05:00:00,EURUSD,3264345.0464427453,184.41098199824657,equity_%,3.473796766369905e-06,2091.1599138199367,6.126803299116495e-07,1.225360659823299e-08,"Method: equity_%, ATR: 3264345.05, Risk: 2091.16"
2024-01-21 06:00:00,EURUSD,815710.318394801,200.81664273355875,equity_%,1.2760928761460558e-05,2090.3448675113273,2.4518508040154605e-06,4.90370160803092e-08,"Method: equity_%, ATR: 815710.32, Risk: 2090.34"
2024-01-21 07:00:00,EURUSD,1246004.6411654907,232.5435715827152,equity_%,7.210236159087361e-06,2089.168591027359,1.6051304577238455e-06,3.210260915447691e-08,"Method: equity_%, ATR: 1246004.64, Risk: 2089.17"
2024-01-21 08:00:00,EURUSD,1024158.2315080208,265.7036700323333,equity_%,7.68625052482955e-06,2091.6024832592966,1.952823243977742e-06,3.9056464879554835e-08,"Method: equity_%, ATR: 1024158.23, Risk: 2091.60"
2024-01-21 09:00:00,EURUSD,2147722.2707017106,397.6630647001363,equity_%,2.448100828004618e-06,2090.8490342305467,9.31219100012663e-07,1.862438200025326e-08,"Method: equity_%, ATR: 2147722.27, Risk: 2090.85"
2024-01-21 10:00:00,EURUSD,1145278.4373131164,372.1457088870017,equity_%,4.904236994269762e-06,2090.2370853012226,1.7463002313150198e-06,3.4926004626300396e-08,"Method: equity_%, ATR: 1145278.44, Risk: 2090.24"
2024-01-21 11:00:00,EURUSD,613869.4294401029,341.58337282247294,equity_%,9.970733494298297e-06,2090.7390787539725,3.2580218269285e-06,6.516043653857e-08,"Method: equity_%, ATR: 613869.43, Risk: 2090.74"
2024-01-21 12:00:00,EURUSD,1050338.1398960534,395.4896464386757,equity_%,5.031807885243501e-06,2090.202225390921,1.9041486965311286e-06,3.8082973930622565e-08,"Method: equity_%, ATR: 1050338.14, Risk: 2090.20"
2024-01-21 13:00:00,EURUSD,1192131.2773629182,351.4068590252693,equity_%,4.9937774531277425e-06,2092.0087699457426,1.6776675840802926e-06,3.355335168160584e-08,"Method: equity_%, ATR: 1192131.28, Risk: 2092.01"
2024-01-21 14:00:00,EURUSD,1556271.2599925157,434.201769748999,equity_%,3.096061050308034e-06,2092.1190903581864,1.285123006133017e-06,2.5702460122660342e-08,"Method: equity_%, ATR: 1556271.26, Risk: 2092.12"
2024-01-21 15:00:00,EURUSD,1399857.3086499618,322.92531285295627,equity_%,4.63137143749818e-06,2093.60849121111,1.4287170468315964e-06,2.857434093663193e-08,"Method: equity_%, ATR: 1399857.31, Risk: 2093.61"
2024-01-21 16:00:00,EURUSD,2453513.7109000552,238.57559219839055,equity_%,3.586241731372651e-06,2099.2011698429687,8.151574581037551e-07,1.63031491620751e-08,"Method: equity_%, ATR: 2453513.71, Risk: 2099.20"
2024-01-21 17:00:00,EURUSD,2126319.9755532774,325.5906621975846,equity_%,3.0304301776725326e-06,2097.9969007934396,9.405922076613099e-07,1.8811844153226195e-08,"Method: equity_%, ATR: 2126319.98, Risk: 2098.00"
2024-01-21 18:00:00,EURUSD,541369.6348616321,311.1188079626512,equity_%,1.2480369673380502e-05,2102.0721019965877,3.6943335407261567e-06,7.388667081452313e-08,"Method: equity_%, ATR: 541369.63, Risk: 2102.07"
2024-01-21 19:00:00,EURUSD,1325483.3347818656,349.2614268560548,equity_%,4.544898842781773e-06,2104.016382801439,1.5088835502629232e-06,3.0177671005258465e-08,"Method: equity_%, ATR: 1325483.33, Risk: 2104.02"
2024-01-01 01:00:00,GBPUSD,2462285.8852705983,125.6870823751145,equity_%,6.807716507118839e-06,2106.8352820278187,8.122533666638818e-07,1.6245067333277636e-08,"Method: equity_%, ATR: 2462285.89, Risk: 2106.84"
2024-01-01 02:00:00,GBPUSD,666448.9277169079,93.90155814008068,equity_%,3.3692837646226404e-05,2108.5177507711855,3.0009801453976587e-06,6.001960290795316e-08,"Method: equity_%, ATR: 666448.93, Risk: 2108.52"
2024-01-01 03:00:00,GBPUSD,1232770.3420978417,125.93714727481446,equity_%,1.3611934279325637e-05,2113.274305474674,1.6223621965114292e-06,3.2447243930228584e-08,"Method: equity_%, ATR: 1232770.34, Risk: 2113.27"
2024-01-01 04:00:00,GBPUSD,1615761.502992775,195.96903434641956,equity_%,6.671802115058265e-06,2112.5542275514017,1.2378064437700264e-06,2.4756128875400525e-08,"Method: equity_%, ATR: 1615761.50, Risk: 2112.55"
2024-01-01 05:00:00,GBPUSD,2372188.401270516,99.7257649563091,equity_%,8.938427683567335e-06,2114.5486680282884,8.431033550829367e-07,1.6862067101658738e-08,"Method: equity_%, ATR: 2372188.40, Risk: 2114.55"
2024-01-01 06:00:00,GBPUSD,1600350.0040268756,38.901488101752925,equity_%,3.4023382938480956e-05,2118.15961390943,1.249726619156751e-06,2.4994532383135018e-08,"Method: equity_%, ATR: 1600350.00, Risk: 2118.16"
2024-01-01 07:00:00,GBPUSD,1298105.7636248488,97.50110004875177,equity_%,1.673458548142827e-05,2118.0419285152875,1.5407065094720573e-06,3.0814130189441144e-08,"Method: equity_%, ATR: 1298105.76, Risk: 2118.04"
2024-01-01 08:00:00,GBPUSD,4000688.33305432,35.94993585547068,equity_%,1.4730748432653283e-05,2118.6423651925843,4.999139731719874e-07,9.998279463439748e-09,"Method: equity_%, ATR: 4000688.33, Risk: 2118.64"
2024-01-01 09:00:00,GBPUSD,3381941.8079434154,103.19194900368171,equity_%,6.073555547470868e-06,2119.6050886813955,5.913762310464517e-07,1.1827524620929035e-08,"Method: equity_%, ATR: 3381941.81, Risk: 2119.61"
2024-01-01 10:00:00,GBPUSD,2170613.1071019634,135.26624235252183,equity_%,7.2140949761603066e-06,2118.135321426727,9.213986561936167e-07,1.8427973123872334e-08,"Method: equity_%, ATR: 2170613.11, Risk: 2118.14"
2024-01-01 11:00:00,GBPUSD,5028664.659684199,388.4467886991832,equity_%,1.0834021239707894e-06,2116.283731848177,3.977198988897383e-07,7.954397977794766e-09,"Method: equity_%, ATR: 5028664.66, Risk: 2116.28"
2024-01-01 12:00:00,GBPUSD,871851.1715182257,421.75136083512285,equity_%,5.754058989364648e-06,2115.792912014802,2.2939695045855555e-06,4.5879390091711105e-08,"Method: equity_%, ATR: 871851.17, Risk: 2115.79"
2024-01-01 13:00:00,GBPUSD,2456517.1176075717,271.11924472325984,equity_%,3.177710194241211e-06,2116.383797136406,8.141608237388638e-07,1.6283216474777277e-08,"Method: equity_%, ATR: 2456517.12, Risk: 2116.38"
2024-01-01 14:00:00,GBPUSD,1788269.6842718075,198.63377779035648,equity_%,5.9492168525367185e-06,2113.225858006471,1.1183995443139273e-06,2.2367990886278547e-08,"Method: equity_%, ATR: 1788269.68, Risk: 2113.23"
2024-01-01 15:00:00,GBPUSD,6460373.53183408,494.60639317615204,equity_%,6.612832911845462e-07,2113.0263080455998,3.095796226247318e-07,6.191592452494636e-09,"Method: equity_%, ATR: 6460373.53, Risk: 2113.03"
2024-01-01 16:00:00,GBPUSD,1648629.5206827691,431.7912372591851,equity_%,2.968993145912894e-06,2113.5186851804847,1.2131288290723518e-06,2.4262576581447035e-08,"Method: equity_%, ATR: 1648629.52, Risk: 2113.52"
2024-01-01 17:00:00,GBPUSD,2716671.245162635,350.9541943828375,equity_%,2.2149995360143415e-06,2111.8407352951635,7.361950782823811e-07,1.4723901565647621e-08,"Method: equity_%, ATR: 2716671.25, Risk: 2111.84"
2024-01-01 18:00:00,GBPUSD,4811593.2897829935,461.4098066523628,equity_%,9.507640390707569e-07,2110.8067686695335,4.1566272948439533e-07,8.313254589687906e-09,"Method: equity_%, ATR: 4811593.29, Risk: 2110.81"
2024-01-01 19:00:00,GBPUSD,1804416.0582494328,392.0728509693221,equity_%,2.9838740449307666e-06,2110.9791356111114,1.1083918206426928e-06,2.2167836412853855e-08,"Method: equity_%, ATR: 1804416.06, Risk: 2110.98"
2024-01-01 20:00:00,GBPUSD,797682.6648304489,387.55186501548025,equity_%,6.8372029974135225e-06,2113.676211505795,2.5072627100716913e-06,5.014525420143382e-08,"Method: equity_%, ATR: 797682.66, Risk: 2113.68"
2024-01-01 21:00:00,GBPUSD,935841.9341903533,392.84692692298285,equity_%,5.760715017900372e-06,2117.8844079501932,2.137113038998735e-06,4.2742260779974695e-08,"Method: equity_%, ATR: 935841.93, Risk: 2117.88"
2024-01-01 22:00:00,GBPUSD,2027889.7310520767,487.3234083553462,equity_%,2.142093075640026e-06,2116.8980671488935,9.86246919334412e-07,1.9724938386688245e-08,"Method: equity_%, ATR: 2027889.73, Risk: 2116.90"
2024-01-01 23:00:00,GBPUSD,3642893.1962820063,409.72646225943697,equity_%,1.4174574775534174e-06,2115.6824902944554,5.490141742396488e-07,1.0980283484792975e-08,"Method: equity_%, ATR: 3642893.20, Risk: 2115.68"
2024-01-02 00:00:00,GBPUSD,2050975.666792142,548.6215122488269,equity_%,1.881370017548429e-06,2116.935175759137,9.75145650132519e-07,1.950291300265038e-08,"Method: equity_%, ATR: 2050975.67, Risk: 2116.94"
2024-01-02 01:00:00,GBPUSD,2076030.7941907076,582.5794252754115,equity_%,1.7493697867134574e-06,2115.7802338929573,9.633768466231512e-07,1.926753693246302e-08,"Method: equity_%, ATR: 2076030.79, Risk: 2115.78"
2024-01-02 02:00:00,GBPUSD,4844448.216570388,925.6306241604882,equity_%,4.7185715431802756e-07,2115.887519400558,4.1284371523655053e-07,8.25687430473101e-09,"Method: equity_%, ATR: 4844448.22, Risk: 2115.89"
2024-01-02 03:00:00,GBPUSD,2548918.0230133673,939.8576997911572,equity_%,8.854716296394625e-07,2121.253749113422,7.846466547541497e-07,1.5692933095082997e-08,"Method: equity_%, ATR: 2548918.02, Risk: 2121.25"
2024-01-02 04:00:00,GBPUSD,963526.832059224,937.6653925176489,equity_%,2.3506802895490753e-06,2123.759166500635,2.0757076330979318e-06,4.1514152661958636e-08,"Method: equity_%, ATR: 963526.83, Risk: 2123.76"
2024-01-02 05:00:00,GBPUSD,1859590.7725417283,1002.4454986236394,equity_%,1.1394767886388362e-06,2124.1424367175714,1.0755054442792043e-06,2.1510108885584087e-08,"Method: equity_%, ATR: 1859590.77, Risk: 2124.14"
2024-01-02 06:00:00,GBPUSD,1477641.416863346,891.1795661904043,equity_%,1.6137224804734261e-06,2125.0205028223368,1.3535083526864637e-06,2.7070167053729272e-08,"Method: equity_%, ATR: 1477641.42, Risk: 2125.02"
2024-01-02 07:00:00,GBPUSD,2680655.735357193,1032.8884320245613,equity_%,7.682231219444695e-07,2127.0702379781073,7.460861063285709e-07,1.492172212657142e-08,"Method: equity_%, ATR: 2680655.74, Risk: 2127.07"
2024-01-02 08:00:00,GBPUSD,1518435.2027843988,1008.1376600560405,equity_%,1.3912058457691038e-06,2129.646378781313,1.317145437837941e-06,2.634290875675882e-08,"Method: equity_%, ATR: 1518435.20, Risk: 2129.65"
2024-01-02 09:00:00,GBPUSD,847898.4730509967,980.0886289348018,equity_%,2.5618094968811e-06,2128.903789167176,2.358772970546098e-06,4.717545941092196e-08,"Method: equity_%, ATR: 847898.47, Risk: 2128.90"
2024-01-02 10:00:00,GBPUSD,2189221.5200386182,878.0329438957438,equity_%,1.107925400926422e-06,2129.6637516340174,9.135667549827119e-07,1.8271335099654233e-08,"Method: equity_%, ATR: 2189221.52, Risk: 2129.66"
2024-01-02 11:00:00,GBPUSD,6552404.267160077,721.0023035837112,equity_%,4.507922607787309e-07,2129.677233249897,3.0523147206038226e-07,6.104629441207644e-09,"Method: equity_%, ATR: 6552404.27, Risk: 2129.68"
2024-01-02 12:00:00,GBPUSD,764513.3766698053,676.9319295120948,equity_%,4.111502379382011e-06,2127.7991641593044,2.6160431733868847e-06,5.2320863467737697e-08,"Method: equity_%, ATR: 764513.38, Risk: 2127.80"
2024-01-02 13:00:00,GBPUSD,1909401.6964462537,685.4171444093628,equity_%,1.6257220996784998e-06,2127.642108071655,1.047448529936035e-06,2.09489705987207e-08,"Method: equity_%, ATR: 1909401.70, Risk: 2127.64"
2024-01-02 14:00:00,GBPUSD,1067330.1489865968,661.0323170192023,equity_%,3.011981317997811e-06,2125.0724599894706,1.8738344474752726e-06,3.747668894950545e-08,"Method: equity_%, ATR: 1067330.15, Risk: 2125.07"
2024-01-02 15:00:00,GBPUSD,3007771.3816958936,523.3669042836498,equity_%,1.3501648980500295e-06,2125.3863729551294,6.649441550548717e-07,1.3298883101097437e-08,"Method: equity_%, ATR: 3007771.38, Risk: 2125.39"
2024-01-02 16:00:00,GBPUSD,976098.2588852539,536.1563349918606,equity_%,4.062204553198842e-06,2125.9192698679767,2.048974047227669e-06,4.0979480944553386e-08,"Method: equity_%, ATR: 976098.26, Risk: 2125.92"
2024-01-02 17:00:00,GBPUSD,1331546.434666792,470.819586946453,equity_%,3.3987377796211095e-06,2130.7303752022644,1.5020129587147916e-06,3.004025917429583e-08,"Method: equity_%, ATR: 1331546.43, Risk: 2130.73"
2024-01-02 18:00:00,GBPUSD,1395074.3857988908,408.31371297616704,equity_%,3.7440393185684745e-06,2132.7096377316448,1.4336153113833412e-06,2.8672306227666824e-08,"Method: equity_%, ATR: 1395074.39, Risk: 2132.71"
2024-01-02 19:00:00,GBPUSD,1089770.4983019417,431.68547175300506,equity_%,4.534568643849185e-06,2133.2338193226683,1.8352488006569816e-06,3.670497601313963e-08,"Method: equity_%, ATR: 1089770.50, Risk: 2133.23"
2024-01-02 20:00:00,GBPUSD,940010.4683614171,474.4516366738424,equity_%,4.77989856531391e-06,2131.7845960726213,2.1276358799347284e-06,4.2552717598694577e-08,"Method: equity_%, ATR: 940010.47, Risk: 2131.78"
2024-01-02 21:00:00,GBPUSD,783496.2447123228,433.0298184144075,equity_%,6.284150367155966e-06,2132.0691707976575,2.5526606074983074e-06,5.105321214996615e-08,"Method: equity_%, ATR: 783496.24, Risk: 2132.07"
2024-01-02 22:00:00,GBPUSD,1062695.002987894,383.837074585147,equity_%,5.224367287345783e-06,2131.0285127750544,1.882007532148698e-06,3.764015064297397e-08,"Method: equity_%, ATR: 1062695.00, Risk: 2131.03"
2024-01-02 23:00:00,GBPUSD,1279794.9557749468,296.2454482587067,equity_%,5.629177954944976e-06,2134.20954812454,1.562750338228167e-06,3.1255006764563344e-08,"Method: equity_%, ATR: 1279794.96, Risk: 2134.21"
2024-01-03 00:00:00,GBPUSD,1248870.338215828,270.7730069913431,equity_%,6.306744793543555e-06,2132.6911958985393,1.6014472750287732e-06,3.2028945500575456e-08,"Method: equity_%, ATR: 1248870.34, Risk: 2132.69"
2024-01-03 01:00:00,GBPUSD,1776666.926931652,365.4408323972282,equity_%,3.28664785303071e-06,2133.910810604253,1.1257033998229762e-06,2.2514067996459526e-08,"Method: equity_%, ATR: 1776666.93, Risk: 2133.91"
2024-01-03 02:00:00,GBPUSD,2244450.2357822233,241.7130849866146,equity_%,3.930510356726947e-06,2132.3529281723368,8.910868096404781e-07,1.7821736192809565e-08,"Method: equity_%, ATR: 2244450.24, Risk: 2132.35"
2024-01-03 03:00:00,GBPUSD,2142853.977962049,285.85659089971995,equity_%,3.4831577256241157e-06,2133.6045480793073,9.333347118230099e-07,1.86666942364602e-08,"Method: equity_%, ATR: 2142853.98, Risk: 2133.60"
2024-01-03 04:00:00,GBPUSD,3329523.5308348117,310.99901986465875,equity_%,2.0620678480315515e-06,2135.227034985308,6.006865491347165e-07,1.2013730982694329e-08,"Method: equity_%, ATR: 3329523.53, Risk: 2135.23"
2024-01-03 05:00:00,GBPUSD,1381543.533743585,217.7183390844397,equity_%,7.099860439400119e-06,2135.548303065564,1.4476561549823739e-06,2.8953123099647478e-08,"Method: equity_%, ATR: 1381543.53, Risk: 2135.55"
2024-01-03 06:00:00,GBPUSD,2076555.2882503157,205.50596456298447,equity_%,5.006468879333673e-06,2136.4830460617454,9.63133517954718e-07,1.926267035909436e-08,"Method: equity_%, ATR: 2076555.29, Risk: 2136.48"
2024-01-03 07:00:00,GBPUSD,2289042.7219539005,367.7437265231175,equity_%,2.533388699194284e-06,2132.5587278149756,8.737276857344205e-07,1.7474553714688413e-08,"Method: equity_%, ATR: 2289042.72, Risk: 2132.56"
2024-01-03 08:00:00,GBPUSD,2851144.934191018,557.1489474824884,equity_%,1.3418988997279718e-06,2131.623040696832,7.014725824758814e-07,1.402945164951763e-08,"Method: equity_%, ATR: 2851144.93, Risk: 2131.62"
2024-01-03 09:00:00,GBPUSD,1392313.2579677575,563.7744848122867,equity_%,2.7180972970184786e-06,2133.572347988347,1.4364583462483378e-06,2.8729166924966757e-08,"Method: equity_%, ATR: 1392313.26, Risk: 2133.57"
2024-01-03 10:00:00,GBPUSD,5178364.637169516,447.81999027886917,equity_%,9.200402967990366e-07,2133.550632637142,3.8622231923265954e-07,7.724446384653191e-09,"Method: equity_%, ATR: 5178364.64, Risk: 2133.55"
2024-01-03 11:00:00,GBPUSD,327781.5993492692,455.38801129223754,equity_%,1.4300322175043617e-05,2134.577782885105,6.101623776229399e-06,1.2203247552458798e-07,"Method: equity_%, ATR: 327781.60, Risk: 2134.58"
2024-01-03 12:00:00,GBPUSD,1332210.3328989812,390.2402503281605,equity_%,4.105256454298151e-06,2134.249321047556,1.5012644404640393e-06,3.0025288809280786e-08,"Method: equity_%, ATR: 1332210.33, Risk: 2134.25"
2024-01-03 13:00:00,GBPUSD,1742108.0100047698,529.8536595799424,equity_%,2.312875204405428e-06,2134.9279161636678,1.1480344436247234e-06,2.296068887249447e-08,"Method: equity_%, ATR: 1742108.01, Risk: 2134.93"
2024-01-03 14:00:00,GBPUSD,1799715.4756270545,416.34717607490853,equity_%,2.851086762603638e-06,2136.3377178796222,1.1112867712065223e-06,2.2225735424130448e-08,"Method: equity_%, ATR: 1799715.48, Risk: 2136.34"
2024-01-03 15:00:00,GBPUSD,2049568.3146233973,497.5622612583287,equity_%,2.0953238103331675e-06,2136.7857535934086,9.758152415463618e-07,1.9516304830927236e-08,"Method: equity_%, ATR: 2049568.31, Risk: 2136.79"
2024-01-03 16:00:00,GBPUSD,855005.5424464796,535.7794526001893,equity_%,4.664634829806928e-06,2136.8431005862676,2.3391661231543337e-06,4.6783322463086676e-08,"Method: equity_%, ATR: 855005.54, Risk: 2136.84"
2024-01-03 17:00:00,GBPUSD,1394697.3046298462,581.4309772057669,equity_%,2.633821118806614e-06,2135.818792509623,1.4340029147262187e-06,2.8680058294524372e-08,"Method: equity_%, ATR: 1394697.30, Risk: 2135.82"
2024-01-03 18:00:00,GBPUSD,1289507.0335115679,675.5121580995182,equity_%,2.455592733252508e-06,2139.012018876547,1.5509802955891038e-06,3.101960591178208e-08,"Method: equity_%, ATR: 1289507.03, Risk: 2139.01"
2024-01-03 19:00:00,GBPUSD,944884.9743013409,696.0723681008666,equity_%,3.2524386945000624e-06,2139.1559950124383,2.1166597568966777e-06,4.233319513793355e-08,"Method: equity_%, ATR: 944884.97, Risk: 2139.16"
2024-01-03 20:00:00,GBPUSD,332416.6173768515,706.6530430436904,equity_%,9.115246020519144e-06,2141.2005886956717,6.0165463922420435e-06,1.203309278448409e-07,"Method: equity_%, ATR: 332416.62, Risk: 2141.20"
2024-01-03 21:00:00,GBPUSD,2880727.587431569,589.4656927770774,equity_%,1.26040123848829e-06,2140.2748437124037,6.942690481133561e-07,1.3885380962267123e-08,"Method: equity_%, ATR: 2880727.59, Risk: 2140.27"
2024-01-03 22:00:00,GBPUSD,2912641.0908634444,440.9311130005953,equity_%,1.6653702286008112e-06,2138.7918148078115,6.866620148543965e-07,1.3733240297087932e-08,"Method: equity_%, ATR: 2912641.09, Risk: 2138.79"
2024-01-03 23:00:00,GBPUSD,3532721.975222864,587.5473004836139,equity_%,1.030499343475236e-06,2138.9469556184367,5.66135691975542e-07,1.1322713839510839e-08,"Method: equity_%, ATR: 3532721.98, Risk: 2138.95"
2024-01-04 00:00:00,GBPUSD,334301.8486402582,581.6249532165709,equity_%,1.0994748893994461e-05,2137.800251722156,5.982617230909177e-06,1.1965234461818354e-07,"Method: equity_%, ATR: 334301.85, Risk: 2137.80"
2024-01-04 01:00:00,GBPUSD,2086993.1609233776,695.7050682670779,equity_%,1.4718321363096377e-06,2136.999764477289,9.583165088644144e-07,1.9166330177288288e-08,"Method: equity_%, ATR: 2086993.16, Risk: 2137.00"
2024-01-04 02:00:00,GBPUSD,1226941.072447621,604.7786483059938,equity_%,2.877723963269322e-06,2135.35107599186,1.6300701353245975e-06,3.260140270649195e-08,"Method: equity_%, ATR: 1226941.07, Risk: 2135.35"
2024-01-04 03:00:00,GBPUSD,2322808.2194032897,477.3498942767573,equity_%,1.9258475283932324e-06,2135.364829488701,8.610267448226024e-07,1.7220534896452052e-08,"Method: equity_%, ATR: 2322808.22, Risk: 2135.36"
2024-01-04 04:00:00,GBPUSD,2932261.115557701,305.85855048642793,equity_%,2.380522888922607e-06,2134.988936656989,6.820674971231578e-07,1.3641349942463156e-08,"Method: equity_%, ATR: 2932261.12, Risk: 2134.99"
2024-01-04 05:00:00,GBPUSD,1725702.507097311,473.50400012086806,equity_%,2.611957921915584e-06,2134.3014456768647,1.1589483075875383e-06,2.317896615175076e-08,"Method: equity_%, ATR: 1725702.51, Risk: 2134.30"
2024-01-04 06:00:00,GBPUSD,1534190.7707473764,546.400720887264,equity_%,2.5465383613329596e-06,2134.7196722933245,1.3036188446275858e-06,2.6072376892551715e-08,"Method: equity_%, ATR: 1534190.77, Risk: 2134.72"
2024-01-04 07:00:00,GBPUSD,837088.0939967071,575.7343701364857,equity_%,4.432105657482224e-06,2136.0107137794553,2.389234794214941e-06,4.778469588429882e-08,"Method: equity_%, ATR: 837088.09, Risk: 2136.01"
2024-01-04 08:00:00,GBPUSD,1235677.1010093268,523.386202161551,equity_%,3.3138470691907157e-06,2143.18534140168,1.618545814571103e-06,3.237091629142206e-08,"Method: equity_%, ATR: 1235677.10, Risk: 2143.19"
2024-01-04 09:00:00,GBPUSD,2005908.9041093625,374.6015597907865,equity_%,2.8546532381184677e-06,2145.033842577018,9.97054251019447e-07,1.994108502038894e-08,"Method: equity_%, ATR: 2005908.90, Risk: 2145.03"
2024-01-04 10:00:00,GBPUSD,4038823.3871112806,245.86731116181002,equity_%,2.1576347087868953e-06,2142.562867506683,4.951937255742386e-07,9.903874511484773e-09,"Method: equity_%, ATR: 4038823.39, Risk: 2142.56"
2024-01-04 11:00:00,GBPUSD,1273583.8675196273,212.16893691366923,equity_%,7.926837882488511e-06,2141.949985090772,1.5703716504317123e-06,3.1407433008634244e-08,"Method: equity_%, ATR: 1273583.87, Risk: 2141.95"
2024-01-04 12:00:00,GBPUSD,2981882.297118245,195.30523192551559,equity_%,3.677039016785864e-06,2141.423736943022,6.707172854987746e-07,1.3414345709975492e-08,"Method: equity_%, ATR: 2981882.30, Risk: 2141.42"
2024-01-04 13:00:00,GBPUSD,1150774.1312018426,253.63130657816274,equity_%,7.3333775246916195e-06,2140.410105704642,1.7379605135121042e-06,3.475921027024208e-08,"Method: equity_%, ATR: 1150774.13, Risk: 2140.41"
2024-01-04 14:00:00,GBPUSD,759172.1927375016,229.500437045247,equity_%,1.2283065012618631e-05,2140.0827165388782,2.634448441516533e-06,5.268896883033067e-08,"Method: equity_%, ATR: 759172.19, Risk: 2140.08"
2024-01-04 15:00:00,GBPUSD,1372071.4017431508,198.2364632217668,equity_%,7.864271795377738e-06,2139.039319476678,1.457650088369378e-06,2.9153001767387564e-08,"Method: equity_%, ATR: 1372071.40, Risk: 2139.04"
2024-01-04 16:00:00,GBPUSD,1926731.0734041126,131.6967528050077,equity_%,8.429638671477587e-06,2138.972139275621,1.0380275834065608e-06,2.0760551668131213e-08,"Method: equity_%, ATR: 1926731.07, Risk: 2138.97"
2024-01-04 17:00:00,GBPUSD,1146168.1010776022,144.69985555812465,equity_%,1.2880012928306456e-05,2136.1547638500797,1.7449447407580472e-06,3.489889481516095e-08,"Method: equity_%, ATR: 1146168.10, Risk: 2136.15"
2024-01-04 18:00:00,GBPUSD,1043010.1995552601,173.25717216005225,equity_%,1.1825083141474467e-05,2136.8989223218714,1.9175267901050256e-06,3.835053580210051e-08,"Method: equity_%, ATR: 1043010.20, Risk: 2136.90"
2024-01-04 19:00:00,GBPUSD,2659326.0213895678,301.05703943213337,equity_%,2.6666214280785265e-06,2134.920631945721,7.52070255363029e-07,1.504140510726058e-08,"Method: equity_%, ATR: 2659326.02, Risk: 2134.92"
2024-01-04 20:00:00,GBPUSD,1681854.150252654,258.9474976987079,equity_%,4.903180382960742e-06,2135.3935208416883,1.1891637569759264e-06,2.3783275139518526e-08,"Method: equity_%, ATR: 1681854.15, Risk: 2135.39"
2024-01-04 21:00:00,GBPUSD,1669766.1990778954,205.88534044293607,equity_%,6.208210018902843e-06,2134.260814052591,1.1977724792276139e-06,2.3955449584552276e-08,"Method: equity_%, ATR: 1669766.20, Risk: 2134.26"
2024-01-04 22:00:00,GBPUSD,1887352.1480528666,83.23031209462178,equity_%,1.3596930966233126e-05,2135.8726541946858,1.0596856564702827e-06,2.1193713129405653e-08,"Method: equity_%, ATR: 1887352.15, Risk: 2135.87"
2024-01-04 23:00:00,GBPUSD,1486176.7724032353,22.936066738958523,equity_%,6.267794352047236e-05,2136.506171973215,1.3457349335139197e-06,2.6914698670278396e-08,"Method: equity_%, ATR: 1486176.77, Risk: 2136.51"
2024-01-05 00:00:00,GBPUSD,894616.2052537756,-24.262486143607553,equity_%,-9.842420919899753e-05,2136.357822638895,2.2355955417023335e-06,4.4711910834046676e-08,"Method: equity_%, ATR: 894616.21, Risk: 2136.36"
2024-01-05 01:00:00,GBPUSD,1341939.3706851483,-14.921217426721194,equity_%,-0.00010672874289399037,2137.069015050349,1.4903802986113063e-06,2.9807605972226125e-08,"Method: equity_%, ATR: 1341939.37, Risk: 2137.07"
2024-01-05 02:00:00,GBPUSD,2226664.986225478,41.86164913167203,equity_%,2.2954225496681905e-05,2139.606245925683,8.982042706793948e-07,1.7964085413587896e-08,"Method: equity_%, ATR: 2226664.99, Risk: 2139.61"
2024-01-05 03:00:00,GBPUSD,1295561.4834499625,-60.76780334103899,equity_%,-2.7172429033646958e-05,2139.2425532674247,1.543732216146301e-06,3.087464432292602e-08,"Method: equity_%, ATR: 1295561.48, Risk: 2139.24"
2024-01-05 04:00:00,GBPUSD,4151350.5497201243,110.23098718222894,equity_%,4.6749719024686625e-06,2139.3020610340636,4.817709263639121e-07,9.635418527278242e-09,"Method: equity_%, ATR: 4151350.55, Risk: 2139.30"
2024-01-05 05:00:00,GBPUSD,2617236.5831847186,32.509208782195955,equity_%,2.5201151271159944e-05,2144.2220760716946,7.641647731999643e-07,1.5283295463999285e-08,"Method: equity_%, ATR: 2617236.58, Risk: 2144.22"
2024-01-05 06:00:00,GBPUSD,3450194.6570617496,-265.8152161908156,equity_%,-2.340854020302636e-06,2146.83055266106,5.796774381719198e-07,1.1593548763438395e-08,"Method: equity_%, ATR: 3450194.66, Risk: 2146.83"
2024-01-05 07:00:00,GBPUSD,1848945.9975699678,-123.2924424740689,equity_%,-9.414489207084388e-06,2146.137014726773,1.0816973576451445e-06,2.1633947152902894e-08,"Method: equity_%, ATR: 1848946.00, Risk: 2146.14"
2024-01-05 08:00:00,GBPUSD,5648576.895841554,143.5174035571824,equity_%,2.6484479374570336e-06,2147.014879064163,3.540714832920814e-07,7.081429665841629e-09,"Method: equity_%, ATR: 5648576.90, Risk: 2147.01"
2024-01-05 09:00:00,GBPUSD,859769.1978910587,88.28874206423379,equity_%,2.830794081472259e-05,2148.797499705802,2.3262056897430504e-06,4.652411379486101e-08,"Method: equity_%, ATR: 859769.20, Risk: 2148.80"
2024-01-05 10:00:00,GBPUSD,1758479.6926094668,166.01071277596026,equity_%,7.356080953044221e-06,2147.4347248545346,1.1373460884453737e-06,2.2746921768907472e-08,"Method: equity_%, ATR: 1758479.69, Risk: 2147.43"
2024-01-05 11:00:00,GBPUSD,420510.59854959266,139.77380262601616,equity_%,3.6546548353508975e-05,2148.0732802741713,4.756122692028014e-06,9.512245384056026e-08,"Method: equity_%, ATR: 420510.60, Risk: 2148.07"
2024-01-05 12:00:00,GBPUSD,2734174.6522182315,-80.00841664783542,equity_%,-9.810891411030972e-06,2146.201022910688,7.314821671605372e-07,1.4629643343210745e-08,"Method: equity_%, ATR: 2734174.65, Risk: 2146.20"
2024-01-05 13:00:00,GBPUSD,2952447.0976372818,167.30548791340297,equity_%,4.339447302522003e-06,2143.516002806756,6.774041782494648e-07,1.3548083564989296e-08,"Method: equity_%, ATR: 2952447.10, Risk: 2143.52"
2024-01-05 14:00:00,GBPUSD,2679132.997657892,34.263163318521634,equity_%,2.3336277868958567e-05,2142.1669625155405,7.46510158976209e-07,1.493020317952418e-08,"Method: equity_%, ATR: 2679133.00, Risk: 2142.17"
2024-01-05 15:00:00,GBPUSD,2415061.245686235,78.88216997243079,equity_%,1.1243203533109751e-05,2141.889543584221,8.281363479176297e-07,1.6562726958352594e-08,"Method: equity_%, ATR: 2415061.25, Risk: 2141.89"
2024-01-05 16:00:00,GBPUSD,2160204.3746506236,-84.59685917866024,equity_%,-1.1727395596736736e-05,2143.1405613331854,9.258383250536034e-07,1.851676650107207e-08,"Method: equity_%, ATR: 2160204.37, Risk: 2143.14"
2024-01-05 17:00:00,GBPUSD,2035145.677596944,-104.23521972462223,equity_%,-1.0094234919324665e-05,2141.32898564806,9.827306330039023e-07,1.965461266007804e-08,"Method: equity_%, ATR: 2035145.68, Risk: 2141.33"
2024-01-05 18:00:00,GBPUSD,827292.2874255696,-67.92971986757621,equity_%,-3.805402988466858e-05,2138.550223720801,2.4175252572748505e-06,4.835050514549702e-08,"Method: equity_%, ATR: 827292.29, Risk: 2138.55"
2024-01-05 19:00:00,GBPUSD,853132.8247971928,-93.00109589160013,equity_%,-2.7003150680444175e-05,2142.4917486694426,2.344300842574474e-06,4.6886016851489484e-08,"Method: equity_%, ATR: 853132.82, Risk: 2142.49"
2024-01-05 20:00:00,GBPUSD,1656276.4973155586,21.44536958754817,equity_%,6.035233184540043e-05,2143.682334907763,1.2075278513228544e-06,2.4150557026457087e-08,"Method: equity_%, ATR: 1656276.50, Risk: 2143.68"
2024-01-05 21:00:00,GBPUSD,1788536.7901085436,-16.858029225578534,equity_%,-7.12340924605107e-05,2147.7937588635955,1.118232518928852e-06,2.236465037857704e-08,"Method: equity_%, ATR: 1788536.79, Risk: 2147.79"
2024-01-05 22:00:00,GBPUSD,1037995.9459290854,-35.85234361841586,equity_%,-5.774328037073855e-05,2148.892349960431,1.926789798981197e-06,3.853579597962395e-08,"Method: equity_%, ATR: 1037995.95, Risk: 2148.89"
2024-01-05 23:00:00,GBPUSD,1266460.5991634112,-14.143188478044994,equity_%,-0.00011998951222405461,2149.227059628004,1.5792042810657865e-06,3.158408562131573e-08,"Method: equity_%, ATR: 1266460.60, Risk: 2149.23"
2024-01-06 00:00:00,GBPUSD,1321682.2111409274,6.929703419239935,equity_%,0.00023462361658674506,2148.8862032096963,1.5132230600830456e-06,3.026446120166091e-08,"Method: equity_%, ATR: 1321682.21, Risk: 2148.89"
2024-01-06 01:00:00,GBPUSD,1471746.4152437304,-36.441263016661054,equity_%,-4.0052144398426994e-05,2148.0885523955008,1.3589297580648687e-06,2.7178595161297375e-08,"Method: equity_%, ATR: 1471746.42, Risk: 2148.09"
2024-01-06 02:00:00,GBPUSD,4839177.939627364,-290.73867868846304,equity_%,-1.5285168903043084e-06,2150.5257454420007,4.132933372055353e-07,8.265866744110706e-09,"Method: equity_%, ATR: 4839177.94, Risk: 2150.53"
2024-01-06 03:00:00,GBPUSD,2213283.378059489,-391.01418518972406,equity_%,-2.485721513538079e-06,2151.206029710329,9.036348530089774e-07,1.8072697060179552e-08,"Method: equity_%, ATR: 2213283.38, Risk: 2151.21"
2024-01-06 04:00:00,GBPUSD,907049.7566173839,-405.0398220114738,equity_%,-5.852660567802156e-06,2150.216410447769,2.2049507046432618e-06,4.409901409286524e-08,"Method: equity_%, ATR: 907049.76, Risk: 2150.22"
2024-01-06 05:00:00,GBPUSD,1630686.9270391178,-500.818522286405,equity_%,-2.6289676351023425e-06,2147.020601079191,1.226476993736286e-06,2.452953987472572e-08,"Method: equity_%, ATR: 1630686.93, Risk: 2147.02"
2024-01-06 06:00:00,GBPUSD,3132355.118640313,-391.68942924318026,equity_%,-1.750620428685635e-06,2147.854390462358,6.384972087290524e-07,1.2769944174581049e-08,"Method: equity_%, ATR: 3132355.12, Risk: 2147.85"
2024-01-06 07:00:00,GBPUSD,285094.02926302643,-386.88310668478107,equity_%,-1.947949935406431e-05,2148.551061349854,7.015229344402752e-06,1.4030458688805504e-07,"Method: equity_%, ATR: 285094.03, Risk: 2148.55"
2024-01-06 08:00:00,GBPUSD,1848924.7409117876,-418.6957569948438,equity_%,-2.7799599426518755e-06,2152.0696945096443,1.0817097936683514e-06,2.163419587336703e-08,"Method: equity_%, ATR: 1848924.74, Risk: 2152.07"
2024-01-06 09:00:00,GBPUSD,1603680.3730457637,-501.9660631540421,equity_%,-2.6747759568378823e-06,2153.176251930774,1.2471313072202365e-06,2.494262614440473e-08,"Method: equity_%, ATR: 1603680.37, Risk: 2153.18"
2024-01-06 10:00:00,GBPUSD,3141329.724646802,-276.62261585354315,equity_%,-2.47638613348393e-06,2151.887541580167,6.366730573705922e-07,1.2733461147411844e-08,"Method: equity_%, ATR: 3141329.72, Risk: 2151.89"
2024-01-06 11:00:00,GBPUSD,1559640.3145387103,-174.58046716586267,equity_%,-7.904982618990906e-06,2152.390285435686,1.2823469497141931e-06,2.5646938994283863e-08,"Method: equity_%, ATR: 1559640.31, Risk: 2152.39"
2024-01-06 12:00:00,GBPUSD,1163230.9104385294,-235.10501242659808,equity_%,-7.868815872211751e-06,2151.9749199880393,1.7193490837051558e-06,3.438698167410312e-08,"Method: equity_%, ATR: 1163230.91, Risk: 2151.97"
2024-01-06 13:00:00,GBPUSD,5311043.441307996,-487.67181028413427,equity_%,-8.30967260215736e-07,2152.243569318586,3.765738356505407e-07,7.531476713010816e-09,"Method: equity_%, ATR: 5311043.44, Risk: 2152.24"
2024-01-06 14:00:00,GBPUSD,665908.9882114416,-520.104390877002,equity_%,-6.208852760654564e-06,2150.3876543991205,3.0034134324748796e-06,6.00682686494976e-08,"Method: equity_%, ATR: 665908.99, Risk: 2150.39"
2024-01-06 15:00:00,GBPUSD,4117569.3654150893,-384.063155870553,equity_%,-1.3608715811643588e-06,2152.0914158760665,4.857234505382478e-07,9.714469010764956e-09,"Method: equity_%, ATR: 4117569.37, Risk: 2152.09"
2024-01-06 16:00:00,GBPUSD,2826610.789922106,-470.9495211771987,equity_%,-1.618526729748765e-06,2154.5682127741875,7.075611566794857e-07,1.4151223133589712e-08,"Method: equity_%, ATR: 2826610.79, Risk: 2154.57"
2024-01-06 17:00:00,GBPUSD,1889796.7337766597,-499.9245722004925,equity_%,-2.281027972805118e-06,2155.01446128276,1.0583148781314194e-06,2.1166297562628385e-08,"Method: equity_%, ATR: 1889796.73, Risk: 2155.01"
2024-01-06 18:00:00,GBPUSD,1498474.14113473,-540.915725503701,equity_%,-2.6578169817190203e-06,2154.2888427555436,1.3346910334305042e-06,2.6693820668610085e-08,"Method: equity_%, ATR: 1498474.14, Risk: 2154.29"
2024-01-06 19:00:00,GBPUSD,4150535.8240350974,-575.7091403933431,equity_%,-9.020494115562277e-07,2155.448342090521,4.818654951532561e-07,9.63730990306512e-09,"Method: equity_%, ATR: 4150535.82, Risk: 2155.45"
2024-01-06 20:00:00,GBPUSD,1178774.2661462163,-606.9496153521643,equity_%,-3.0138591107545303e-06,2156.2853543586016,1.6966776909192533e-06,3.393355381838507e-08,"Method: equity_%, ATR: 1178774.27, Risk: 2156.29"
2024-01-06 21:00:00,GBPUSD,1565144.9379984722,-527.5447211071926,equity_%,-2.6146197271737176e-06,2158.849543580641,1.2778369283535018e-06,2.555673856707004e-08,"Method: equity_%, ATR: 1565144.94, Risk: 2158.85"
2024-01-06 22:00:00,GBPUSD,1988396.8845144943,-595.7589353373254,equity_%,-1.825560921486409e-06,2162.56898049293,1.0058354122237212e-06,2.0116708244474428e-08,"Method: equity_%, ATR: 1988396.88, Risk: 2162.57"
2024-01-06 23:00:00,GBPUSD,2169764.4988842774,-465.4695538579426,equity_%,-2.139427535842377e-06,2160.7347648955733,9.217590208653647e-07,1.8435180417307292e-08,"Method: equity_%, ATR: 2169764.50, Risk: 2160.73"
2024-01-07 00:00:00,GBPUSD,2139020.6027717786,-555.259019375628,equity_%,-1.818275953481895e-06,2159.585409699607,9.35007356828806e-07,1.870014713657612e-08,"Method: equity_%, ATR: 2139020.60, Risk: 2159.59"
2024-01-07 01:00:00,GBPUSD,1601610.975936324,-461.90707262254216,equity_%,-2.9194977941659333e-06,2159.831147549985,1.2487426909838526e-06,2.4974853819677052e-08,"Method: equity_%, ATR: 1601610.98, Risk: 2159.83"
2024-01-07 02:00:00,GBPUSD,1525029.6176741607,-586.5231174137366,equity_%,-2.414644268671756e-06,2159.8150888311,1.3114499396085314e-06,2.6228998792170625e-08,"Method: equity_%, ATR: 1525029.62, Risk: 2159.82"
2024-01-07 03:00:00,GBPUSD,456635.44091578614,-574.4802190474487,equity_%,-8.234842378120803e-06,2160.229962948975,4.3798615280254715e-06,8.759723056050943e-08,"Method: equity_%, ATR: 456635.44, Risk: 2160.23"
2024-01-07 04:00:00,GBPUSD,958221.9766452056,-565.0363174571326,equity_%,-3.98843070785625e-06,2159.456903604593,2.08719905068565e-06,4.1743981013713e-08,"Method: equity_%, ATR: 958221.98, Risk: 2159.46"
2024-01-07 05:00:00,GBPUSD,1227080.4211182229,-520.4306119524281,equity_%,-3.3791494489470186e-06,2157.959354343243,1.6298850226763668e-06,3.2597700453527336e-08,"Method: equity_%, ATR: 1227080.42, Risk: 2157.96"
2024-01-07 06:00:00,GBPUSD,1733101.9800752762,-410.95424975047354,equity_%,-3.026849824440983e-06,2155.800004854459,1.1540001817510654e-06,2.3080003635021305e-08,"Method: equity_%, ATR: 1733101.98, Risk: 2155.80"
2024-01-07 07:00:00,GBPUSD,3555908.403121893,-349.08931198732023,equity_%,-1.7367539625450887e-06,2155.8841327744985,5.624441839514509e-07,1.124888367902902e-08,"Method: equity_%, ATR: 3555908.40, Risk: 2155.88"
2024-01-07 08:00:00,GBPUSD,1367967.1387245473,-441.9266476521338,equity_%,-3.5663293533103873e-06,2155.992783318046,1.4620234239433134e-06,2.9240468478866268e-08,"Method: equity_%, ATR: 1367967.14, Risk: 2155.99"
2024-01-07 09:00:00,GBPUSD,2274516.3400299456,-314.2284972740356,equity_%,-3.0173627178540564e-06,2156.562999060317,8.79307818018871e-07,1.7586156360377416e-08,"Method: equity_%, ATR: 2274516.34, Risk: 2156.56"
2024-01-07 10:00:00,GBPUSD,2210310.0869184043,-386.96117566953706,equity_%,-2.5213145198082496e-06,2156.4908726666276,9.048504152593283e-07,1.8097008305186566e-08,"Method: equity_%, ATR: 2210310.09, Risk: 2156.49"
2024-01-07 11:00:00,GBPUSD,1401801.265963123,-312.9993422326563,equity_%,-4.9054593357100434e-06,2152.333437345368,1.4267357638786822e-06,2.8534715277573645e-08,"Method: equity_%, ATR: 1401801.27, Risk: 2152.33"
2024-01-07 12:00:00,GBPUSD,2610922.4064365407,-195.2379965879461,equity_%,-4.226257932293067e-06,2154.340305561062,7.660128064585631e-07,1.5320256129171264e-08,"Method: equity_%, ATR: 2610922.41, Risk: 2154.34"
2024-01-07 13:00:00,GBPUSD,1040879.8572951306,-183.4576456750631,equity_%,-1.127205967529568e-05,2152.4828480965534,1.9214513432868947e-06,3.842902686573789e-08,"Method: equity_%, ATR: 1040879.86, Risk: 2152.48"
2024-01-07 14:00:00,GBPUSD,1921645.2863950264,-85.49725361857041,equity_%,-1.3084648049591924e-05,2149.747412100234,1.0407748059226715e-06,2.0815496118453436e-08,"Method: equity_%, ATR: 1921645.29, Risk: 2149.75"
2024-01-07 15:00:00,GBPUSD,2310931.0453516794,-149.30275351906965,equity_%,-6.2220133192688606e-06,2146.771102862391,8.654520454095325e-07,1.730904090819065e-08,"Method: equity_%, ATR: 2310931.05, Risk: 2146.77"
2024-01-07 16:00:00,GBPUSD,806684.4701835349,-108.29236128307929,equity_%,-2.4538296054788708e-05,2143.610726917107,2.4792841239957976e-06,4.958568247991595e-08,"Method: equity_%, ATR: 806684.47, Risk: 2143.61"
2024-01-07 17:00:00,GBPUSD,2585802.7963474137,-212.6148201806622,equity_%,-3.901867467917928e-06,2145.1686831209386,7.734541871580882e-07,1.546908374316176e-08,"Method: equity_%, ATR: 2585802.80, Risk: 2145.17"
2024-01-07 18:00:00,GBPUSD,853903.3559198254,-222.05035670974928,equity_%,-1.130764541096435e-05,2144.0374988800245,2.3421854313309243e-06,4.6843708626618496e-08,"Method: equity_%, ATR: 853903.36, Risk: 2144.04"
2024-01-07 19:00:00,GBPUSD,587295.8199891436,-209.13706313022558,equity_%,-1.743939471362615e-05,2141.9992882975394,3.405438846877832e-06,6.810877693755663e-08,"Method: equity_%, ATR: 587295.82, Risk: 2142.00"
2024-01-07 20:00:00,GBPUSD,5405229.167759134,-287.16842319338457,equity_%,-1.3797236211360614e-06,2141.622370853242,3.7001206386021694e-07,7.400241277204339e-09,"Method: equity_%, ATR: 5405229.17, Risk: 2141.62"
2024-01-07 21:00:00,GBPUSD,2557234.5216567577,-81.77473172618176,equity_%,-1.0235460509644162e-05,2140.410504404082,7.820948696970735e-07,1.5641897393941467e-08,"Method: equity_%, ATR: 2557234.52, Risk: 2140.41"
2024-01-07 22:00:00,GBPUSD,1513621.7779761944,-43.27545258170767,equity_%,-3.268556316427398e-05,2140.9915753279606,1.3213340539233806e-06,2.6426681078467607e-08,"Method: equity_%, ATR: 1513621.78, Risk: 2140.99"
2024-01-07 23:00:00,GBPUSD,3254032.8290688954,-129.24789249450296,equity_%,-5.099880876058493e-06,2144.892014075628,6.146219491498732e-07,1.229243898299746e-08,"Method: equity_%, ATR: 3254032.83, Risk: 2144.89"
2024-01-08 00:00:00,GBPUSD,1806641.137178734,-86.99595998416623,equity_%,-1.3642984425614761e-05,2144.2744118398487,1.1070267131873332e-06,2.2140534263746664e-08,"Method: equity_%, ATR: 1806641.14, Risk: 2144.27"
2024-01-08 01:00:00,GBPUSD,2166580.822420556,-150.96515758565278,equity_%,-6.558833899707858e-06,2145.2516862263574,9.23113497222574e-07,1.846226994445148e-08,"Method: equity_%, ATR: 2166580.82, Risk: 2145.25"
2024-01-08 02:00:00,GBPUSD,2851577.3015870955,-318.1718012861584,equity_%,-2.3655322559475726e-06,2146.2272769870096,7.01366222436567e-07,1.4027324448731339e-08,"Method: equity_%, ATR: 2851577.30, Risk: 2146.23"
2024-01-08 03:00:00,GBPUSD,2978740.612579883,-379.8553847514895,equity_%,-1.8978472961424147e-06,2147.3964924744355,6.714246925541473e-07,1.3428493851082947e-08,"Method: equity_%, ATR: 2978740.61, Risk: 2147.40"
2024-01-08 04:00:00,GBPUSD,2159767.5810074317,-190.59409157007158,equity_%,-5.227550626917925e-06,2151.863399407645,9.260255675599559e-07,1.8520511351199117e-08,"Method: equity_%, ATR: 2159767.58, Risk: 2151.86"
2024-01-08 05:00:00,GBPUSD,3180199.1095779603,-404.39770639715965,equity_%,-1.6724204140309466e-06,2150.8417374025976,6.28891440783221e-07,1.257782881566442e-08,"Method: equity_%, ATR: 3180199.11, Risk: 2150.84"
2024-01-08 06:00:00,GBPUSD,963533.0174443112,-485.19715646252087,equity_%,-4.595658798570869e-06,2148.486482243506,2.0756943081253503e-06,4.1513886162507e-08,"Method: equity_%, ATR: 963533.02, Risk: 2148.49"
2024-01-08 07:00:00,GBPUSD,822538.2251716383,-533.5270852333806,equity_%,-4.891305927737398e-06,2146.5321041643824,2.4314979399074876e-06,4.8629958798149755e-08,"Method: equity_%, ATR: 822538.23, Risk: 2146.53"
2024-01-08 08:00:00,GBPUSD,2320324.5118716434,-683.6745037593532,equity_%,-1.3524561856796304e-06,2145.464419509689,8.6194839978945e-07,1.7238967995789e-08,"Method: equity_%, ATR: 2320324.51, Risk: 2145.46"
2024-01-08 09:00:00,GBPUSD,2618752.3027375448,-753.1381588751894,equity_%,-1.0878760787918695e-06,2145.598721559419,7.637224787962098e-07,1.5274449575924193e-08,"Method: equity_%, ATR: 2618752.30, Risk: 2145.60"
2024-01-08 10:00:00,GBPUSD,2713818.8680791133,-813.4303520208036,equity_%,-9.713642193247783e-07,2144.2890758239664,7.369688609378834e-07,1.4739377218757667e-08,"Method: equity_%, ATR: 2713818.87, Risk: 2144.29"
2024-01-08 11:00:00,GBPUSD,616721.779127804,-824.4767788917025,equity_%,-4.216425211834563e-06,2143.9374741171096,3.242953415442035e-06,6.485906830884069e-08,"Method: equity_%, ATR: 616721.78, Risk: 2143.94"
2024-01-08 12:00:00,GBPUSD,1433017.4988156979,-888.1074139889923,equity_%,-1.6832974493608187e-06,2142.2879976285676,1.3956563696206634e-06,2.791312739241327e-08,"Method: equity_%, ATR: 1433017.50, Risk: 2142.29"
2024-01-08 13:00:00,GBPUSD,1800455.6492596646,-750.5344542760131,equity_%,-1.5845694962426295e-06,2141.235095643389,1.1108299173169784e-06,2.221659834633957e-08,"Method: equity_%, ATR: 1800455.65, Risk: 2141.24"
2024-01-08 14:00:00,GBPUSD,1546450.666287592,-727.4580864443564,equity_%,-1.9041952146580664e-06,2142.177805082333,1.2932840624015497e-06,2.5865681248030992e-08,"Method: equity_%, ATR: 1546450.67, Risk: 2142.18"
2024-01-08 15:00:00,GBPUSD,1482959.053734494,-810.2758786133047,equity_%,-1.7841896975337532e-06,2143.8929568639915,1.3486549038312666e-06,2.697309807662533e-08,"Method: equity_%, ATR: 1482959.05, Risk: 2143.89"
2024-01-08 16:00:00,GBPUSD,1194394.1150145282,-843.9675658082905,equity_%,-2.126662107323223e-06,2143.738978330807,1.6744891613733986e-06,3.348978322746797e-08,"Method: equity_%, ATR: 1194394.12, Risk: 2143.74"
2024-01-08 17:00:00,GBPUSD,4838589.415772659,-608.3462889421882,equity_%,-7.294554997172141e-07,2147.179920577181,4.133436066057749e-07,8.266872132115498e-09,"Method: equity_%, ATR: 4838589.42, Risk: 2147.18"
2024-01-08 18:00:00,GBPUSD,2326979.4186566323,-797.0609111717893,equity_%,-1.1582357792875989e-06,2148.231251053176,8.5948332158202e-07,1.71896664316404e-08,"Method: equity_%, ATR: 2326979.42, Risk: 2148.23"
2024-01-08 19:00:00,GBPUSD,540795.5554381647,-827.991513061162,equity_%,-4.796983036013401e-06,2147.964906554232,3.6982552461614715e-06,7.396510492322943e-08,"Method: equity_%, ATR: 540795.56, Risk: 2147.96"
2024-01-08 20:00:00,GBPUSD,124863.77477246606,-823.6311344717461,equity_%,-2.0893352007426776e-05,2148.7076818209,1.601745585254422e-05,3.203491170508844e-07,"Method: equity_%, ATR: 124863.77, Risk: 2148.71"
2024-01-08 21:00:00,GBPUSD,898681.6983066649,-894.3697858394598,equity_%,-2.673732368939257e-06,2149.0224395612045,2.2254820630802724e-06,4.450964126160545e-08,"Method: equity_%, ATR: 898681.70, Risk: 2149.02"
2024-01-08 22:00:00,GBPUSD,660215.3861998112,-883.0068257813514,equity_%,-3.687190383522613e-06,2149.5386800241745,3.029314435569227e-06,6.058628871138453e-08,"Method: equity_%, ATR: 660215.39, Risk: 2149.54"
2024-01-08 23:00:00,GBPUSD,1160565.129795534,-898.938874561289,equity_%,-2.0629500190394582e-06,2152.2285373077057,1.7232983730541307e-06,3.4465967461082615e-08,"Method: equity_%, ATR: 1160565.13, Risk: 2152.23"
2024-01-09 00:00:00,GBPUSD,1044237.0739036152,-848.989699814287,equity_%,-2.42845400553027e-06,2152.937447360426,1.9152738874932946e-06,3.8305477749865895e-08,"Method: equity_%, ATR: 1044237.07, Risk: 2152.94"
2024-01-09 01:00:00,GBPUSD,1474871.1190229482,-900.979813235531,equity_%,-1.6188274715276095e-06,2151.1450607283346,1.3560506909410037e-06,2.7121013818820076e-08,"Method: equity_%, ATR: 1474871.12, Risk: 2151.15"
2024-01-09 02:00:00,GBPUSD,1503203.6931351593,-957.0791098949248,equity_%,-1.4949471029606138e-06,2150.7577524924473,1.330491675302298e-06,2.6609833506045962e-08,"Method: equity_%, ATR: 1503203.69, Risk: 2150.76"
2024-01-09 03:00:00,GBPUSD,2005303.1692727301,-845.6200072624216,equity_%,-1.2687762843547552e-06,2151.495005739089,9.973554276709921e-07,1.9947108553419843e-08,"Method: equity_%, ATR: 2005303.17, Risk: 2151.50"
2024-01-09 04:00:00,GBPUSD,1740876.8500057647,-949.3336694324325,equity_%,-1.3020813937978573e-06,2151.9147738085644,1.1488463414246544e-06,2.297692682849309e-08,"Method: equity_%, ATR: 1740876.85, Risk: 2151.91"
2024-01-09 05:00:00,GBPUSD,2868509.0092959227,-1085.8598374138278,equity_%,-6.92287195405891e-07,2156.335274590799,6.972263268194864e-07,1.394452653638973e-08,"Method: equity_%, ATR: 2868509.01, Risk: 2156.34"
2024-01-09 06:00:00,GBPUSD,1714295.2627109843,-1076.9688182033249,equity_%,-1.1674765498177972e-06,2155.444874384226,1.1666601684689968e-06,2.3333203369379938e-08,"Method: equity_%, ATR: 1714295.26, Risk: 2155.44"
2024-01-09 07:00:00,GBPUSD,1615506.3937321892,-1071.0889503613505,equity_%,-1.2471477844723577e-06,2158.0034753296904,1.2380019093453062e-06,2.476003818690612e-08,"Method: equity_%, ATR: 1615506.39, Risk: 2158.00"
2024-01-09 08:00:00,GBPUSD,1330126.3926575745,-966.0469181510424,equity_%,-1.678332112353626e-06,2156.5971875758523,1.5036165067020637e-06,3.0072330134041275e-08,"Method: equity_%, ATR: 1330126.39, Risk: 2156.60"
2024-01-09 09:00:00,GBPUSD,1312139.33452319,-879.6515643725646,equity_%,-1.868264844431147e-06,2156.398771536493,1.5242283707063528e-06,3.048456741412705e-08,"Method: equity_%, ATR: 1312139.33, Risk: 2156.40"
2024-01-09 10:00:00,GBPUSD,523305.15282994043,-901.6363563473043,equity_%,-4.577083361320512e-06,2159.609596346923,3.821861850937944e-06,7.643723701875888e-08,"Method: equity_%, ATR: 523305.15, Risk: 2159.61"
2024-01-09 11:00:00,GBPUSD,2095583.8440941216,-802.6371647571483,equity_%,-1.2842594533617162e-06,2160.116020934324,9.543879647843723e-07,1.9087759295687447e-08,"Method: equity_%, ATR: 2095583.84, Risk: 2160.12"
2024-01-09 12:00:00,GBPUSD,1339241.5002894676,-880.7387162082125,equity_%,-1.8323714698198222e-06,2161.322167018172,1.4933826345492683e-06,2.986765269098536e-08,"Method: equity_%, ATR: 1339241.50, Risk: 2161.32"
2024-01-09 13:00:00,GBPUSD,1204461.7179156204,-940.4227185700516,equity_%,-1.907520156293887e-06,2160.6541148556107,1.6604927913035686e-06,3.320985582607137e-08,"Method: equity_%, ATR: 1204461.72, Risk: 2160.65"
2024-01-09 14:00:00,GBPUSD,1172992.8339744366,-1048.7575292376423,equity_%,-1.7552312598228492e-06,2159.2592838642413,1.705040254358098e-06,3.4100805087161956e-08,"Method: equity_%, ATR: 1172992.83, Risk: 2159.26"
2024-01-09 15:00:00,GBPUSD,1855046.929687062,-972.70326160259,equity_%,-1.1963097481208073e-06,2158.633510591526,1.0781398400187057e-06,2.1562796800374115e-08,"Method: equity_%, ATR: 1855046.93, Risk: 2158.63"
2024-01-09 16:00:00,GBPUSD,2931950.0522849024,-1033.409406259948,equity_%,-7.11907888806121e-07,2157.013102908448,6.821398606164444e-07,1.3642797212328887e-08,"Method: equity_%, ATR: 2931950.05, Risk: 2157.01"
2024-01-09 17:00:00,GBPUSD,3195069.705181527,-1188.6571516018885,equity_%,-5.680400754936962e-07,2157.3267148119194,6.259644341269139e-07,1.2519288682538279e-08,"Method: equity_%, ATR: 3195069.71, Risk: 2157.33"
2024-01-09 18:00:00,GBPUSD,1009095.1030197061,-1119.1975813325182,equity_%,-1.9078789921903203e-06,2154.71426838124,1.9819737446104154e-06,3.9639474892208305e-08,"Method: equity_%, ATR: 1009095.10, Risk: 2154.71"
2024-01-09 19:00:00,GBPUSD,887968.1742901608,-1062.4297310682784,equity_%,-2.2821570436232e-06,2152.9956011532113,2.2523329753330346e-06,4.504665950666069e-08,"Method: equity_%, ATR: 887968.17, Risk: 2153.00"
2024-01-09 20:00:00,GBPUSD,2054518.623446338,-1196.1788397317061,equity_%,-8.762504891510163e-07,2153.448407053768,9.734640402748521e-07,1.9469280805497043e-08,"Method: equity_%, ATR: 2054518.62, Risk: 2153.45"
2024-01-09 21:00:00,GBPUSD,7437242.481886726,-1495.8750458637512,equity_%,-1.9359585626812395e-07,2153.78980114527,2.6891687407946767e-07,5.378337481589353e-09,"Method: equity_%, ATR: 7437242.48, Risk: 2153.79"
2024-01-09 22:00:00,GBPUSD,973171.8041941008,-1518.3823001335506,equity_%,-1.457866686099468e-06,2154.212105467806,2.0551355797409607e-06,4.110271159481922e-08,"Method: equity_%, ATR: 973171.80, Risk: 2154.21"
2024-01-09 23:00:00,GBPUSD,4585084.625481982,-1924.3827654338793,equity_%,-2.4427403453928393e-07,2155.341643047045,4.3619696545726476e-07,8.723939309145295e-09,"Method: equity_%, ATR: 4585084.63, Risk: 2155.34"
2024-01-10 00:00:00,GBPUSD,2472949.736429964,-1839.0270717307133,equity_%,-4.7388415153919934e-07,2155.1405387193945,8.087507685810343e-07,1.6175015371620686e-08,"Method: equity_%, ATR: 2472949.74, Risk: 2155.14"
2024-01-10 01:00:00,GBPUSD,7358326.414736569,-1299.8764732190716,equity_%,-2.2532356842769058e-07,2155.200867109406,2.71800935059715e-07,5.4360187011943e-09,"Method: equity_%, ATR: 7358326.41, Risk: 2155.20"
2024-01-10 02:00:00,GBPUSD,1864975.0562461372,-1152.3710459755634,equity_%,-1.0027968947692917e-06,2155.1541838166577,1.0724004019794475e-06,2.1448008039588947e-08,"Method: equity_%, ATR: 1864975.06, Risk: 2155.15"
2024-01-10 03:00:00,GBPUSD,637746.0372058477,-1153.6865595096156,equity_%,-2.926797111187108e-06,2153.4174079383824,3.1360445746751893e-06,6.272089149350379e-08,"Method: equity_%, ATR: 637746.04, Risk: 2153.42"
2024-01-10 04:00:00,GBPUSD,2136393.467778004,-1040.8795675718368,equity_%,-9.666339327910306e-07,2149.5312406946846,9.36157140603944e-07,1.872314281207888e-08,"Method: equity_%, ATR: 2136393.47, Risk: 2149.53"
2024-01-10 05:00:00,GBPUSD,804189.9607594974,-1049.138020296518,equity_%,-2.546045283054241e-06,2148.114352145555,2.4869745925591377e-06,4.973949185118276e-08,"Method: equity_%, ATR: 804189.96, Risk: 2148.11"
2024-01-10 06:00:00,GBPUSD,1617393.1886701211,-1037.9944390668725,equity_%,-1.2799308559183064e-06,2148.805691393796,1.2365576991482648e-06,2.4731153982965295e-08,"Method: equity_%, ATR: 1617393.19, Risk: 2148.81"
2024-01-10 07:00:00,GBPUSD,794663.4677606312,-1044.5958593073094,equity_%,-2.5921219601270356e-06,2151.726058732545,2.516788654744653e-06,5.0335773094893067e-08,"Method: equity_%, ATR: 794663.47, Risk: 2151.73"
2024-01-10 08:00:00,GBPUSD,1537922.7550995813,-1113.4808314753113,equity_%,-1.257378557846552e-06,2153.194778114003,1.3004554314371265e-06,2.6009108628742524e-08,"Method: equity_%, ATR: 1537922.76, Risk: 2153.19"
2024-01-10 09:00:00,GBPUSD,1318928.7802878334,-1186.5023923983945,equity_%,-1.3760064104898912e-06,2153.3291546768432,1.5163821048499182e-06,3.032764209699836e-08,"Method: equity_%, ATR: 1318928.78, Risk: 2153.33"
2024-01-10 10:00:00,GBPUSD,1958111.9375778395,-1165.230627791194,equity_%,-9.431904036537298e-07,2152.032273055409,1.0213920673370573e-06,2.0427841346741144e-08,"Method: equity_%, ATR: 1958111.94, Risk: 2152.03"
2024-01-10 11:00:00,GBPUSD,3613386.6363009177,-1050.2036543638424,equity_%,-5.673277745695391e-07,2152.8908152563667,5.534973700039562e-07,1.1069947400079125e-08,"Method: equity_%, ATR: 3613386.64, Risk: 2152.89"
2024-01-10 12:00:00,GBPUSD,1893352.4886671887,-1132.730887676624,equity_%,-1.0043657012506329e-06,2154.021784975281,1.0563273410372124e-06,2.112654682074425e-08,"Method: equity_%, ATR: 1893352.49, Risk: 2154.02"
2024-01-10 13:00:00,GBPUSD,2777041.5593141047,-1304.6255290626104,equity_%,-5.943999004483073e-07,2153.5104312978233,7.201908784159412e-07,1.4403817568318823e-08,"Method: equity_%, ATR: 2777041.56, Risk: 2153.51"
2024-01-10 14:00:00,GBPUSD,612581.2744047926,-1285.648350483662,equity_%,-2.7325278765191355e-06,2152.040871391946,3.264872896977265e-06,6.52974579395453e-08,"Method: equity_%, ATR: 612581.27, Risk: 2152.04"
2024-01-10 15:00:00,GBPUSD,1298951.65644931,-1340.2713416273082,equity_%,-1.2364458400641481e-06,2152.587515837754,1.5397031830014436e-06,3.079406366002887e-08,"Method: equity_%, ATR: 1298951.66, Risk: 2152.59"
2024-01-10 16:00:00,GBPUSD,7045162.527199903,-1059.4461787442249,equity_%,-2.8870826637322416e-07,2154.909988533984,2.838827340431704e-07,5.677654680863407e-09,"Method: equity_%, ATR: 7045162.53, Risk: 2154.91"
2024-01-10 17:00:00,GBPUSD,1082975.1411015172,-1051.3447598454995,equity_%,-1.8919176800725162e-06,2154.1000855561574,1.8467644584766344e-06,3.693528916953269e-08,"Method: equity_%, ATR: 1082975.14, Risk: 2154.10"
2024-01-10 18:00:00,GBPUSD,2313518.2096408606,-1157.9343424239767,equity_%,-8.038710421983661e-07,2153.4918928233765,8.644842265194319e-07,1.7289684530388635e-08,"Method: equity_%, ATR: 2313518.21, Risk: 2153.49"
2024-01-10 19:00:00,GBPUSD,1568001.4910180217,-1101.377902223189,equity_%,-1.2475356388025148e-06,2154.446882457718,1.2755089911945838e-06,2.5510179823891675e-08,"Method: equity_%, ATR: 1568001.49, Risk: 2154.45"
2024-01-10 20:00:00,GBPUSD,1542162.3212962733,-1136.1225801508467,equity_%,-1.2291224489025758e-06,2153.527541146837,1.296880342867467e-06,2.5937606857349343e-08,"Method: equity_%, ATR: 1542162.32, Risk: 2153.53"
2024-01-10 21:00:00,GBPUSD,953524.699263237,-1047.8898606905611,equity_%,-2.156291151905674e-06,2154.5421071209375,2.097481063201977e-06,4.194962126403954e-08,"Method: equity_%, ATR: 953524.70, Risk: 2154.54"
2024-01-10 22:00:00,GBPUSD,1543844.574580828,-1110.891399822289,equity_%,-1.2559659258653616e-06,2154.036399039962,1.2954671946449164e-06,2.590934389289833e-08,"Method: equity_%, ATR: 1543844.57, Risk: 2154.04"
2024-01-10 23:00:00,GBPUSD,1728057.0422977633,-1040.8487536357618,equity_%,-1.1972609312996764e-06,2153.448607411806,1.1573692019683792e-06,2.314738403936759e-08,"Method: equity_%, ATR: 1728057.04, Risk: 2153.45"
2024-01-11 00:00:00,GBPUSD,1650157.6987856084,-1005.0056910629446,equity_%,-1.2992606469093603e-06,2154.7170855761397,1.2120053746813705e-06,2.424010749362741e-08,"Method: equity_%, ATR: 1650157.70, Risk: 2154.72"
2024-01-11 01:00:00,GBPUSD,1017126.2290836865,-966.7455258829842,equity_%,-2.1912111764469316e-06,2154.6228388851737,1.9663242799291187e-06,3.932648559858237e-08,"Method: equity_%, ATR: 1017126.23, Risk: 2154.62"
2024-01-11 02:00:00,GBPUSD,584941.796802151,-1021.0573969490304,equity_%,-3.603933870946609e-06,2152.4824746856993,3.419143598446725e-06,6.838287196893452e-08,"Method: equity_%, ATR: 584941.80, Risk: 2152.48"
2024-01-11 03:00:00,GBPUSD,5401269.42539623,-1308.6338807253255,equity_%,-3.046865184025513e-07,2153.6108945322726,3.7028332461924593e-07,7.405666492384918e-09,"Method: equity_%, ATR: 5401269.43, Risk: 2153.61"
2024-01-11 04:00:00,GBPUSD,2441919.268143515,-1217.1275255702183,equity_%,-7.245604224233627e-07,2153.48570799347,8.190278958405177e-07,1.6380557916810354e-08,"Method: equity_%, ATR: 2441919.27, Risk: 2153.49"
2024-01-11 05:00:00,GBPUSD,913183.3994536669,-1245.0529795869359,equity_%,-1.8942929526813504e-06,2153.738559266164,2.190140557960807e-06,4.3802811159216136e-08,"Method: equity_%, ATR: 913183.40, Risk: 2153.74"
2024-01-11 06:00:00,GBPUSD,1966502.59983536,-1294.7833042758743,equity_%,-8.47318319922354e-07,2157.4374442774415,1.0170339973959072e-06,2.034067994791814e-08,"Method: equity_%, ATR: 1966502.60, Risk: 2157.44"
2024-01-11 07:00:00,GBPUSD,2693204.0715733366,-1291.2027598236255,equity_%,-6.200649281115711e-07,2156.258754314317,7.426098976716699e-07,1.4852197953433399e-08,"Method: equity_%, ATR: 2693204.07, Risk: 2156.26"
2024-01-11 08:00:00,GBPUSD,709985.3906583076,-1333.2336470332602,equity_%,-2.279345256944604e-06,2157.574454407197,2.8169593717211202e-06,5.6339187434422396e-08,"Method: equity_%, ATR: 709985.39, Risk: 2157.57"
2024-01-11 09:00:00,GBPUSD,2528055.961485916,-1126.6134586263856,equity_%,-7.574298806853273e-07,2157.2677570497644,7.911217277106713e-07,1.5822434554213423e-08,"Method: equity_%, ATR: 2528055.96, Risk: 2157.27"
2024-01-11 10:00:00,GBPUSD,1676791.453674441,-1182.8418057186057,equity_%,-1.0879782846860804e-06,2157.8733158967707,1.192754170840563e-06,2.385508341681126e-08,"Method: equity_%, ATR: 1676791.45, Risk: 2157.87"
2024-01-11 11:00:00,GBPUSD,678116.6247856595,-1196.796324599493,equity_%,-2.667687360924757e-06,2165.008320119944,2.9493451817851595e-06,5.8986903635703186e-08,"Method: equity_%, ATR: 678116.62, Risk: 2165.01"
2024-01-11 12:00:00,GBPUSD,2001769.2450517484,-1310.568509123345,equity_%,-8.257690321266025e-07,2166.3685031975665,9.991161593394833e-07,1.9982323186789668e-08,"Method: equity_%, ATR: 2001769.25, Risk: 2166.37"
2024-01-11 13:00:00,GBPUSD,865458.8209520284,-1325.7333866931588,equity_%,-1.887687581421391e-06,2165.871671297526,2.3109129534319674e-06,4.6218259068639345e-08,"Method: equity_%, ATR: 865458.82, Risk: 2165.87"
2024-01-11 14:00:00,GBPUSD,1981382.57073751,-1221.302851840514,equity_%,-8.945684009553686e-07,2164.7376120883378,1.0093961809987862e-06,2.0187923619975724e-08,"Method: equity_%, ATR: 1981382.57, Risk: 2164.74"
2024-01-11 15:00:00,GBPUSD,1060783.846737679,-1293.04450688384,equity_%,-1.578763615065407e-06,2165.4964711747994,1.8853982422062461e-06,3.770796484412492e-08,"Method: equity_%, ATR: 1060783.85, Risk: 2165.50"
2024-01-11 16:00:00,GBPUSD,1411835.9351053936,-1324.879748518251,equity_%,-1.1569342132715325e-06,2164.060299399532,1.416595193726033e-06,2.833190387452066e-08,"Method: equity_%, ATR: 1411835.94, Risk: 2164.06"
2024-01-11 17:00:00,GBPUSD,1888872.9301082094,-1377.6582997395794,equity_%,-8.31394774226466e-07,2163.473330970064,1.0588324752398375e-06,2.117664950479675e-08,"Method: equity_%, ATR: 1888872.93, Risk: 2163.47"
2024-01-11 18:00:00,GBPUSD,6795733.158008904,-1462.7072326913394,equity_%,-2.1833259660553818e-07,2170.262699231011,2.9430231492285146e-07,5.886046298457028e-09,"Method: equity_%, ATR: 6795733.16, Risk: 2170.26"
2024-01-11 19:00:00,GBPUSD,2027533.8358245995,-1551.5915992607863,equity_%,-6.902631399014137e-07,2171.5018951401607,9.864200363327593e-07,1.9728400726655184e-08,"Method: equity_%, ATR: 2027533.84, Risk: 2171.50"
2024-01-11 20:00:00,GBPUSD,1329819.876679196,-1545.3928278881297,equity_%,-1.0565912871417169e-06,2171.3945201083125,1.5039630818230561e-06,3.007926163646112e-08,"Method: equity_%, ATR: 1329819.88, Risk: 2171.39"
2024-01-11 21:00:00,GBPUSD,2503788.4626640016,-1725.8302694180863,equity_%,-5.023669460433326e-07,2170.7848020314896,7.987895262813151e-07,1.59757905256263e-08,"Method: equity_%, ATR: 2503788.46, Risk: 2170.78"
2024-01-11 22:00:00,GBPUSD,1332442.9831034262,-1755.0781659708753,equity_%,-9.279171867853696e-07,2169.9729306322465,1.5010023133160641e-06,3.002004626632129e-08,"Method: equity_%, ATR: 1332442.98, Risk: 2169.97"
2024-01-11 23:00:00,GBPUSD,848507.5047324358,-1739.2259215910594,equity_%,-1.472522623012199e-06,2173.0697343785296,2.357079918380534e-06,4.7141598367610675e-08,"Method: equity_%, ATR: 848507.50, Risk: 2173.07"
2024-01-12 00:00:00,GBPUSD,2487588.5346761197,-1896.1661377912567,equity_%,-4.6087429780818235e-07,2173.8892851827295,8.039914849745828e-07,1.6079829699491657e-08,"Method: equity_%, ATR: 2487588.53, Risk: 2173.89"
2024-01-12 01:00:00,GBPUSD,615730.8315866499,-1890.1751814385198,equity_%,-1.868899322435071e-06,2175.0981732761425,3.2481725737954148e-06,6.49634514759083e-08,"Method: equity_%, ATR: 615730.83, Risk: 2175.10"
2024-01-12 02:00:00,GBPUSD,1671931.8843139354,-1873.9340764110036,equity_%,-6.943515454177158e-07,2175.4659747080404,1.196220981706252e-06,2.3924419634125043e-08,"Method: equity_%, ATR: 1671931.88, Risk: 2175.47"
2024-01-12 03:00:00,GBPUSD,1975915.5705811123,-1796.4996948673613,equity_%,-6.12993597268015e-07,2175.9628161539868,1.0121889972311947e-06,2.0243779944623893e-08,"Method: equity_%, ATR: 1975915.57, Risk: 2175.96"
2024-01-12 04:00:00,GBPUSD,1705488.8757106506,-1883.091523486873,equity_%,-6.77130305461891e-07,2174.6660317682645,1.1726842833651623e-06,2.3453685667303245e-08,"Method: equity_%, ATR: 1705488.88, Risk: 2174.67"
2024-01-12 05:00:00,GBPUSD,1197189.3630421436,-1912.5287367794053,equity_%,-9.498790915134189e-07,2174.8992679637417,1.6705794937217426e-06,3.341158987443485e-08,"Method: equity_%, ATR: 1197189.36, Risk: 2174.90"
2024-01-12 06:00:00,GBPUSD,2566014.8521464067,-1765.15080043442,equity_%,-4.797024279123324e-07,2172.7656977353204,7.79418715494593e-07,1.558837430989186e-08,"Method: equity_%, ATR: 2566014.85, Risk: 2172.77"
2024-01-12 07:00:00,GBPUSD,3820909.552296289,-1561.8131897270591,equity_%,-3.635507354706298e-07,2169.5060773676005,5.234355780021122e-07,1.0468711560042245e-08,"Method: equity_%, ATR: 3820909.55, Risk: 2169.51"
2024-01-12 08:00:00,GBPUSD,1608954.409136527,-1659.3750249083419,equity_%,-8.126762287967443e-07,2169.7307507212995,1.2430433010673896e-06,2.486086602134779e-08,"Method: equity_%, ATR: 1608954.41, Risk: 2169.73"
2024-01-12 09:00:00,GBPUSD,981938.6148562058,-1617.1039062623877,equity_%,-1.3648493470660711e-06,2167.2398694614576,2.0367871980397454e-06,4.07357439607949e-08,"Method: equity_%, ATR: 981938.61, Risk: 2167.24"
2024-01-12 10:00:00,GBPUSD,1162601.4527182723,-1587.4702274313447,equity_%,-1.1742801691827258e-06,2167.245834960641,1.7202799767055264e-06,3.4405599534110527e-08,"Method: equity_%, ATR: 1162601.45, Risk: 2167.25"
2024-01-12 11:00:00,GBPUSD,1440842.0508651785,-1626.1613183194315,equity_%,-9.24970701760308e-07,2167.244841260951,1.3880772002726222e-06,2.7761544005452445e-08,"Method: equity_%, ATR: 1440842.05, Risk: 2167.24"
2024-01-12 12:00:00,GBPUSD,2431237.129317269,-1704.8635948143735,equity_%,-5.235613431314686e-07,2170.1238992052777,8.226264628336078e-07,1.6452529256672156e-08,"Method: equity_%, ATR: 2431237.13, Risk: 2170.12"
2024-01-12 13:00:00,GBPUSD,845809.3501149028,-1673.8236818433497,equity_%,-1.5311311701074684e-06,2167.67709036385,2.364599066832615e-06,4.72919813366523e-08,"Method: equity_%, ATR: 845809.35, Risk: 2167.68"
2024-01-12 14:00:00,GBPUSD,1209864.9186671856,-1623.2026277513198,equity_%,-1.1049046802219322e-06,2169.873591991213,1.6530771073214068e-06,3.3061542146428136e-08,"Method: equity_%, ATR: 1209864.92, Risk: 2169.87"
2024-01-12 15:00:00,GBPUSD,1437059.469913147,-1540.5774932856561,equity_%,-9.800820929040827e-07,2169.805191945492,1.391730851695982e-06,2.783461703391964e-08,"Method: equity_%, ATR: 1437059.47, Risk: 2169.81"
2024-01-12 16:00:00,GBPUSD,3363978.6399270818,-1697.6881281561116,equity_%,-3.799286988395875e-07,2169.767708170774,5.945340961033428e-07,1.1890681922066856e-08,"Method: equity_%, ATR: 3363978.64, Risk: 2169.77"
2024-01-12 17:00:00,GBPUSD,2429508.4389844034,-1800.5850763042963,equity_%,-4.967418690777449e-07,2173.0155059045564,8.232117937553044e-07,1.6464235875106087e-08,"Method: equity_%, ATR: 2429508.44, Risk: 2173.02"
2024-01-12 18:00:00,GBPUSD,2041511.4229886238,-1773.2381704790278,equity_%,-6.005813374661588e-07,2174.1560800387347,9.796663283285215e-07,1.9593326566570432e-08,"Method: equity_%, ATR: 2041511.42, Risk: 2174.16"
2024-01-12 19:00:00,GBPUSD,1495605.056248055,-1845.5160745863925,equity_%,-7.862797474672439e-07,2170.260402271936,1.3372514298776803e-06,2.6745028597553605e-08,"Method: equity_%, ATR: 1495605.06, Risk: 2170.26"
2024-01-12 20:00:00,GBPUSD,1206697.5505080882,-1865.0253747252425,equity_%,-9.643584657490459e-07,2170.3095103626265,1.65741614305746e-06,3.314832286114919e-08,"Method: equity_%, ATR: 1206697.55, Risk: 2170.31"
2024-01-12 21:00:00,GBPUSD,2070690.6509926966,-1711.4097687830879,equity_%,-6.1288693717541e-07,2171.948855587779,9.658613173537984e-07,1.9317226347075965e-08,"Method: equity_%, ATR: 2070690.65, Risk: 2171.95"
2024-01-12 22:00:00,GBPUSD,2123465.901221837,-1677.9761469730363,equity_%,-6.093819752542174e-07,2171.3042305047375,9.418564239007583e-07,1.8837128478015165e-08,"Method: equity_%, ATR: 2123465.90, Risk: 2171.30"
2024-01-12 23:00:00,GBPUSD,2998479.7665351336,-1535.9109586285117,equity_%,-4.71320983861586e-07,2170.6206846893797,6.670046676056388e-07,1.3340093352112776e-08,"Method: equity_%, ATR: 2998479.77, Risk: 2170.62"
2024-01-13 00:00:00,GBPUSD,2340762.28231844,-1623.5262836600582,equity_%,-5.712457118709162e-07,2170.898846043393,8.544225165910792e-07,1.7088450331821585e-08,"Method: equity_%, ATR: 2340762.28, Risk: 2170.90"
2024-01-13 01:00:00,GBPUSD,918441.7244897304,-1607.9820966840234,equity_%,-1.4706806885226716e-06,2171.9569058200423,2.1776014162587874e-06,4.355202832517575e-08,"Method: equity_%, ATR: 918441.72, Risk: 2171.96"
2024-01-13 02:00:00,GBPUSD,2163503.6410568273,-1541.7846052093873,equity_%,-6.508814742837505e-07,2171.1170901308947,9.24426454407556e-07,1.848852908815112e-08,"Method: equity_%, ATR: 2163503.64, Risk: 2171.12"
2024-01-13 03:00:00,GBPUSD,510212.76904933073,-1542.6526640121267,equity_%,-2.7552895145562203e-06,2168.6362671827824,3.91993325397669e-06,7.839866507953379e-08,"Method: equity_%, ATR: 510212.77, Risk: 2168.64"
2024-01-13 04:00:00,GBPUSD,1402645.4293362985,-1604.6012791659489,equity_%,-9.626838732456988e-07,2166.699741808858,1.4258771020601808e-06,2.851754204120362e-08,"Method: equity_%, ATR: 1402645.43, Risk: 2166.70"
2024-01-13 05:00:00,GBPUSD,2219321.497694723,-1460.9577665306037,equity_%,-6.685395446052975e-07,2167.629149974481,9.011763289264134e-07,1.8023526578528265e-08,"Method: equity_%, ATR: 2219321.50, Risk: 2167.63"
2024-01-13 06:00:00,GBPUSD,2239697.178100871,-1365.4138302108367,equity_%,-7.092280907026557e-07,2168.9000005039247,8.929778630590945e-07,1.785955726118189e-08,"Method: equity_%, ATR: 2239697.18, Risk: 2168.90"
2024-01-13 07:00:00,GBPUSD,766772.7160386266,-1368.346658681942,equity_%,-2.0688928073575903e-06,2170.704851226003,2.608334853556851e-06,5.216669707113702e-08,"Method: equity_%, ATR: 766772.72, Risk: 2170.70"
2024-01-13 08:00:00,GBPUSD,599626.9750951047,-1386.1059105390873,equity_%,-2.614467280019344e-06,2173.005314244902,3.33540698312111e-06,6.670813966242221e-08,"Method: equity_%, ATR: 599626.98, Risk: 2173.01"
2024-01-13 09:00:00,GBPUSD,958320.9447942681,-1387.304476659135,equity_%,-1.63343508081478e-06,2171.624068296301,2.08698350053213e-06,4.173967001064261e-08,"Method: equity_%, ATR: 958320.94, Risk: 2171.62"
2024-01-13 10:00:00,GBPUSD,2842796.9640683364,-1250.9136447644594,equity_%,-6.104659165105771e-07,2170.873884785551,7.035324806094464e-07,1.4070649612188926e-08,"Method: equity_%, ATR: 2842796.96, Risk: 2170.87"
2024-01-13 11:00:00,GBPUSD,2927187.3765251064,-1029.4546525736812,equity_%,-7.213183622421219e-07,2173.6255594430827,6.832497352370452e-07,1.3664994704740905e-08,"Method: equity_%, ATR: 2927187.38, Risk: 2173.63"
2024-01-13 12:00:00,GBPUSD,1972919.3203900445,-1026.0275714603263,equity_%,-1.0742428649209818e-06,2174.5571948730503,1.0137261971790117e-06,2.0274523943580236e-08,"Method: equity_%, ATR: 1972919.32, Risk: 2174.56"
2024-01-13 13:00:00,GBPUSD,3598861.7962166313,-1090.74051428118,equity_%,-5.53895069149e-07,2174.2732008841435,5.557312598395793e-07,1.1114625196791587e-08,"Method: equity_%, ATR: 3598861.80, Risk: 2174.27"
2024-01-13 14:00:00,GBPUSD,3917806.6747245044,-1170.1864045391499,equity_%,-4.750990609652584e-07,2178.122101873958,5.104897117315361e-07,1.0209794234630721e-08,"Method: equity_%, ATR: 3917806.67, Risk: 2178.12"
2024-01-13 15:00:00,GBPUSD,1381525.412773235,-1110.442710360297,equity_%,-1.4201526178265878e-06,2178.6629815279507,1.447675143365808e-06,2.8953502867316163e-08,"Method: equity_%, ATR: 1381525.41, Risk: 2178.66"
2024-01-13 16:00:00,GBPUSD,1774334.9715957516,-1236.0376980944377,equity_%,-9.945040729488928e-07,2181.0915494801534,1.127182878101814e-06,2.2543657562036274e-08,"Method: equity_%, ATR: 1774334.97, Risk: 2181.09"
2024-01-13 17:00:00,GBPUSD,1626595.9476186368,-1171.0165603707105,equity_%,-1.1454590893464367e-06,2181.837016466713,1.2295616516984646e-06,2.459123303396929e-08,"Method: equity_%, ATR: 1626595.95, Risk: 2181.84"
2024-01-13 18:00:00,GBPUSD,3675802.8381997836,-1334.4036642205035,equity_%,-4.444348880504422e-07,2179.955248617739,5.440988235863856e-07,1.0881976471727711e-08,"Method: equity_%, ATR: 3675802.84, Risk: 2179.96"
2024-01-13 19:00:00,GBPUSD,1344923.806741167,-1326.1142681881063,equity_%,-1.2223038982406883e-06,2180.0066873842725,1.4870730891782803e-06,2.974146178356561e-08,"Method: equity_%, ATR: 1344923.81, Risk: 2180.01"
2024-01-13 20:00:00,GBPUSD,1139089.083254778,-1278.5889317136225,equity_%,-1.499467141972257e-06,2183.8639724723016,1.7557889276625292e-06,3.511577855325058e-08,"Method: equity_%, ATR: 1139089.08, Risk: 2183.86"
2024-01-13 21:00:00,GBPUSD,798604.6353220331,-1291.276755179844,equity_%,-2.11681711912573e-06,2182.903307451941,2.5043681335427144e-06,5.008736267085428e-08,"Method: equity_%, ATR: 798604.64, Risk: 2182.90"
2024-01-13 22:00:00,GBPUSD,4023330.6917373193,-1004.6582484852215,equity_%,-5.396852229696032e-07,2181.4467260163638,4.971005749309604e-07,9.942011498619208e-09,"Method: equity_%, ATR: 4023330.69, Risk: 2181.45"
2024-01-13 23:00:00,GBPUSD,1688983.0700630841,-1044.363506177311,equity_%,-1.236763038073208e-06,2181.541511451694,1.1841444922981372e-06,2.3682889845962743e-08,"Method: equity_%, ATR: 1688983.07, Risk: 2181.54"
2024-01-14 00:00:00,GBPUSD,6096752.876571743,-1340.4409108682353,equity_%,-2.670972089822822e-07,2182.808398009782,3.280434750251215e-07,6.56086950050243e-09,"Method: equity_%, ATR: 6096752.88, Risk: 2182.81"
2024-01-14 01:00:00,GBPUSD,2853006.715259246,-1302.305957134637,equity_%,-5.875820352193786e-07,2183.1537899472332,7.010148238709157e-07,1.4020296477418313e-08,"Method: equity_%, ATR: 2853006.72, Risk: 2183.15"
2024-01-14 02:00:00,GBPUSD,939415.0715602154,-1235.3910350840126,equity_%,-1.88200323492066e-06,2184.149364527314,2.128984365428932e-06,4.257968730857865e-08,"Method: equity_%, ATR: 939415.07, Risk: 2184.15"
2024-01-14 03:00:00,GBPUSD,1696632.411219332,-1283.5046011908,equity_%,-1.0020405454352613e-06,2182.0790705215577,1.1788057252558581e-06,2.357611450511716e-08,"Method: equity_%, ATR: 1696632.41, Risk: 2182.08"
2024-01-14 04:00:00,GBPUSD,1997363.3879452972,-1349.1955454457197,equity_%,-8.097284357433314e-07,2182.0835458444085,1.0013200462522821e-06,2.0026400925045643e-08,"Method: equity_%, ATR: 1997363.39, Risk: 2182.08"
2024-01-14 05:00:00,GBPUSD,588779.6524404417,-1389.8283326025612,equity_%,-2.671711696482967e-06,2186.268741555089,3.39685651790134e-06,6.79371303580268e-08,"Method: equity_%, ATR: 588779.65, Risk: 2186.27"
2024-01-14 06:00:00,GBPUSD,1607060.6590100692,-1451.1274321684205,equity_%,-9.370100324556938e-07,2185.1540657653054,1.2445080954392706e-06,2.489016190878541e-08,"Method: equity_%, ATR: 1607060.66, Risk: 2185.15"
2024-01-14 07:00:00,GBPUSD,4333142.947485626,-1552.1473705902413,equity_%,-3.247996322575314e-07,2184.4972319044045,4.6155874021200514e-07,9.231174804240103e-09,"Method: equity_%, ATR: 4333142.95, Risk: 2184.50"
2024-01-14 08:00:00,GBPUSD,1301823.5677418625,-1507.9582885817083,equity_%,-1.1134670729697278e-06,2185.8423553923863,1.5363064931058143e-06,3.0726129862116286e-08,"Method: equity_%, ATR: 1301823.57, Risk: 2185.84"
2024-01-14 09:00:00,GBPUSD,1079788.1959862297,-1548.6877681484937,equity_%,-1.3085854323034057e-06,2188.2882328426754,1.852215098696546e-06,3.704430197393092e-08,"Method: equity_%, ATR: 1079788.20, Risk: 2188.29"
2024-01-14 10:00:00,GBPUSD,1403731.179413828,-1544.1854943839978,equity_%,-1.0110105366865615e-06,2191.487999389782,1.4247742226792757e-06,2.8495484453585515e-08,"Method: equity_%, ATR: 1403731.18, Risk: 2191.49"
2024-01-14 11:00:00,GBPUSD,3278228.7072795248,-1267.5962087998323,equity_%,-5.272553228600291e-07,2190.993824605053,6.100855610100866e-07,1.2201711220201732e-08,"Method: equity_%, ATR: 3278228.71, Risk: 2190.99"
2024-01-14 12:00:00,GBPUSD,3271651.638981534,-1432.236267653436,equity_%,-4.6750686043793025e-07,2190.633423423105,6.113120285088178e-07,1.2226240570176352e-08,"Method: equity_%, ATR: 3271651.64, Risk: 2190.63"
2024-01-14 13:00:00,GBPUSD,960437.9421927865,-1434.3887182925366,equity_%,-1.590713194000912e-06,2191.432270298722,2.0823833713126514e-06,4.1647667426253025e-08,"Method: equity_%, ATR: 960437.94, Risk: 2191.43"
2024-01-14 14:00:00,GBPUSD,761210.3301889624,-1425.6121208443124,equity_%,-2.0181917787165226e-06,2190.122895051193,2.6273947169155223e-06,5.2547894338310446e-08,"Method: equity_%, ATR: 761210.33, Risk: 2190.12"
2024-01-14 15:00:00,GBPUSD,739073.3944807289,-1398.994299286533,equity_%,-2.1183950729801127e-06,2190.3346376578575,2.706091187878837e-06,5.4121823757576745e-08,"Method: equity_%, ATR: 739073.39, Risk: 2190.33"
2024-01-14 16:00:00,GBPUSD,2882063.356332012,-1648.9679411091947,equity_%,-4.60567992866626e-07,2188.817182648963,6.939472706614577e-07,1.3878945413229151e-08,"Method: equity_%, ATR: 2882063.36, Risk: 2188.82"
2024-01-14 17:00:00,GBPUSD,841021.7358593263,-1620.397500757464,equity_%,-1.6065152153025795e-06,2189.3420973181815,2.3780598226233365e-06,4.756119645246673e-08,"Method: equity_%, ATR: 841021.74, Risk: 2189.34"
2024-01-14 18:00:00,GBPUSD,874467.809493783,-1575.6228382040304,equity_%,-1.5884730602482366e-06,2188.6481429259675,2.287105343715021e-06,4.5742106874300414e-08,"Method: equity_%, ATR: 874467.81, Risk: 2188.65"
2024-01-14 19:00:00,GBPUSD,1542258.0295805666,-1630.4916991821788,equity_%,-8.702835320802437e-07,2188.4488370512104,1.2967998620463794e-06,2.5935997240927594e-08,"Method: equity_%, ATR: 1542258.03, Risk: 2188.45"
2024-01-14 20:00:00,GBPUSD,1292373.175984469,-1569.9977906533236,equity_%,-1.0781986835769335e-06,2187.6899609663424,1.5475406308061865e-06,3.095081261612373e-08,"Method: equity_%, ATR: 1292373.18, Risk: 2187.69"
2024-01-14 21:00:00,GBPUSD,1547725.3661069698,-1490.1417127854847,equity_%,-9.495983718127388e-07,2190.087334385049,1.2922189193232951e-06,2.5844378386465904e-08,"Method: equity_%, ATR: 1547725.37, Risk: 2190.09"
2024-01-14 22:00:00,GBPUSD,4106899.4022235484,-1375.4602669796234,equity_%,-3.8760140688678047e-07,2189.5126524684592,4.869853882754383e-07,9.739707765508765e-09,"Method: equity_%, ATR: 4106899.40, Risk: 2189.51"
2024-01-14 23:00:00,GBPUSD,2998409.4869949445,-1314.849880874302,equity_%,-5.558132580859871e-07,2191.2706241544875,6.670203014880509e-07,1.3340406029761017e-08,"Method: equity_%, ATR: 2998409.49, Risk: 2191.27"
2024-01-15 00:00:00,GBPUSD,3463418.984253606,-1452.1036110828181,equity_%,-4.359084256972062e-07,2192.2894917442895,5.774640634277793e-07,1.154928126855559e-08,"Method: equity_%, ATR: 3463418.98, Risk: 2192.29"
2024-01-15 01:00:00,GBPUSD,1530402.7328865163,-1478.5524602151224,equity_%,-9.681366335736324e-07,2190.6809144196845,1.3068455492285804e-06,2.6136910984571608e-08,"Method: equity_%, ATR: 1530402.73, Risk: 2190.68"
2024-01-15 02:00:00,GBPUSD,343768.3932288019,-1489.7237270556338,equity_%,-4.277264432925003e-06,2190.4723705558345,5.817870518040501e-06,1.1635741036081002e-07,"Method: equity_%, ATR: 343768.39, Risk: 2190.47"
2024-01-15 03:00:00,GBPUSD,6453871.9332093755,-1692.4193729433823,equity_%,-2.0057458063770352e-07,2190.8075257878236,3.098914916034663e-07,6.197829832069326e-09,"Method: equity_%, ATR: 6453871.93, Risk: 2190.81"
2024-01-15 04:00:00,GBPUSD,792077.0408151794,-1702.3554011779067,equity_%,-1.6248121366460833e-06,2190.891207130637,2.5250069083452625e-06,5.0500138166905255e-08,"Method: equity_%, ATR: 792077.04, Risk: 2190.89"
2024-01-15 05:00:00,GBPUSD,1560611.8019286804,-1769.2334518919645,equity_%,-7.947292041674008e-07,2194.3161605385612,1.2815486833614241e-06,2.563097366722848e-08,"Method: equity_%, ATR: 1560611.80, Risk: 2194.32"
2024-01-15 06:00:00,GBPUSD,1985037.9468892675,-1825.2633109962276,equity_%,-6.065067318229662e-07,2197.5054621703816,1.007537414150787e-06,2.015074828301574e-08,"Method: equity_%, ATR: 1985037.95, Risk: 2197.51"
2024-01-15 07:00:00,GBPUSD,1510849.6149095776,-1760.5591431787518,equity_%,-8.264615936929307e-07,2198.3383370639963,1.323758486790029e-06,2.6475169735800575e-08,"Method: equity_%, ATR: 1510849.61, Risk: 2198.34"
2024-01-15 08:00:00,GBPUSD,727260.285180937,-1712.3506393738053,equity_%,-1.7676521796148823e-06,2201.3007688321427,2.750047047464464e-06,5.500094094928928e-08,"Method: equity_%, ATR: 727260.29, Risk: 2201.30"
2024-01-15 09:00:00,GBPUSD,1166992.1657553732,-1740.736912945648,equity_%,-1.0822396376353277e-06,2198.4901061372348,1.7138075633142198e-06,3.4276151266284395e-08,"Method: equity_%, ATR: 1166992.17, Risk: 2198.49"
2024-01-15 10:00:00,GBPUSD,1715149.641079704,-1662.209255723432,equity_%,-7.714822267249928e-07,2199.4476943465115,1.1660790126399584e-06,2.3321580252799164e-08,"Method: equity_%, ATR: 1715149.64, Risk: 2199.45"
2024-01-15 11:00:00,GBPUSD,2356881.26172784,-1629.342327178808,equity_%,-5.734701267180754e-07,2202.2207119506625,8.485790236771584e-07,1.697158047354317e-08,"Method: equity_%, ATR: 2356881.26, Risk: 2202.22"
2024-01-15 12:00:00,GBPUSD,1576182.7403235065,-1668.8220162476334,equity_%,-8.367821433140915e-07,2201.0453565612,1.2688884028697755e-06,2.537776805739551e-08,"Method: equity_%, ATR: 1576182.74, Risk: 2201.05"
2024-01-15 13:00:00,GBPUSD,1742438.9886571385,-1750.6777355740605,equity_%,-7.220409238121753e-07,2202.549117281386,1.1478163729229673e-06,2.2956327458459348e-08,"Method: equity_%, ATR: 1742438.99, Risk: 2202.55"
2024-01-15 14:00:00,GBPUSD,1385992.9566446089,-1765.1867865689862,equity_%,-8.99024638382087e-07,2199.4965502586515,1.443008776063234e-06,2.8860175521264682e-08,"Method: equity_%, ATR: 1385992.96, Risk: 2199.50"
2024-01-15 15:00:00,GBPUSD,991938.5974168609,-1790.1443574899752,equity_%,-1.2383585367462185e-06,2198.969702992939,2.0162538338645803e-06,4.0325076677291604e-08,"Method: equity_%, ATR: 991938.60, Risk: 2198.97"
2024-01-15 16:00:00,GBPUSD,770043.2301283309,-1783.3229560032025,equity_%,-1.6036292024543868e-06,2202.1609816691034,2.5972567795533913e-06,5.1945135591067836e-08,"Method: equity_%, ATR: 770043.23, Risk: 2202.16"
2024-01-15 17:00:00,GBPUSD,1628589.328816163,-1778.2699721208705,equity_%,-7.607323607465615e-07,2203.1353093522935,1.2280566774030255e-06,2.4561133548060512e-08,"Method: equity_%, ATR: 1628589.33, Risk: 2203.14"
2024-01-15 18:00:00,GBPUSD,1247986.9663957835,-1818.3336076412627,equity_%,-9.712426799794664e-07,2203.998903407246,1.6025808392663334e-06,3.205161678532667e-08,"Method: equity_%, ATR: 1247986.97, Risk: 2204.00"
2024-01-15 19:00:00,GBPUSD,1227703.1654985764,-1928.3780847887012,equity_%,-9.314094286548497e-07,2205.0893557885393,1.6290582741861626e-06,3.258116548372326e-08,"Method: equity_%, ATR: 1227703.17, Risk: 2205.09"
2024-01-15 20:00:00,GBPUSD,867865.9857964317,-1997.8735238156623,equity_%,-1.2714891993338228e-06,2204.6179261423017,2.3045032674769717e-06,4.6090065349539444e-08,"Method: equity_%, ATR: 867865.99, Risk: 2204.62"
2024-01-15 21:00:00,GBPUSD,1515702.8846724462,-1899.3071423371766,equity_%,-7.660194057323756e-07,2205.2054158592705,1.3195198216121455e-06,2.639039643224291e-08,"Method: equity_%, ATR: 1515702.88, Risk: 2205.21"
2024-01-15 22:00:00,GBPUSD,732641.6160538793,-1926.523376430255,equity_%,-1.5616455081425894e-06,2204.1864262448225,2.729847658357587e-06,5.4596953167151726e-08,"Method: equity_%, ATR: 732641.62, Risk: 2204.19"
2024-01-15 23:00:00,GBPUSD,3102416.3288166393,-1844.1318318637832,equity_%,-3.8558347342970287e-07,2206.025118392145,6.446588039854933e-07,1.2893176079709867e-08,"Method: equity_%, ATR: 3102416.33, Risk: 2206.03"
2024-01-16 00:00:00,GBPUSD,1322288.5161664977,-1914.3227731497116,equity_%,-8.709940304532084e-07,2204.735883062392,1.5125292064082085e-06,3.025058412816417e-08,"Method: equity_%, ATR: 1322288.52, Risk: 2204.74"
2024-01-16 01:00:00,GBPUSD,2310532.6405254393,-2013.24176047572,equity_%,-4.745010816602374e-07,2207.2180815189254,8.656012751869972e-07,1.7312025503739945e-08,"Method: equity_%, ATR: 2310532.64, Risk: 2207.22"
2024-01-16 02:00:00,GBPUSD,4868269.490387083,-2207.3960994862073,equity_%,-2.053281065334946e-07,2206.4967104170732,4.108236004496492e-07,8.216472008992982e-09,"Method: equity_%, ATR: 4868269.49, Risk: 2206.50"
2024-01-16 03:00:00,GBPUSD,2429644.5389532847,-2230.24613351918,equity_%,-4.071185984366443e-07,2206.0557228842285,8.231656803845142e-07,1.6463313607690286e-08,"Method: equity_%, ATR: 2429644.54, Risk: 2206.06"
2024-01-16 04:00:00,GBPUSD,2873119.898694763,-2400.7260787098407,equity_%,-3.1987064194038393e-07,2206.3313810065115,6.961073921448893e-07,1.3922147842897785e-08,"Method: equity_%, ATR: 2873119.90, Risk: 2206.33"
2024-01-16 05:00:00,GBPUSD,1333768.5738310802,-2328.466423402295,equity_%,-7.10598583563612e-07,2206.8600742054814,1.4995105142230596e-06,2.999021028446119e-08,"Method: equity_%, ATR: 1333768.57, Risk: 2206.86"
2024-01-16 06:00:00,GBPUSD,1639941.3617305346,-2371.926634511191,equity_%,-5.669812512317787e-07,2205.4553479778356,1.2195558003912506e-06,2.4391116007825013e-08,"Method: equity_%, ATR: 1639941.36, Risk: 2205.46"
2024-01-16 07:00:00,GBPUSD,1888907.8311533558,-2347.7906687835866,equity_%,-4.976850513741899e-07,2207.1138481021544,1.058812911363077e-06,2.117625822726154e-08,"Method: equity_%, ATR: 1888907.83, Risk: 2207.11"
2024-01-16 08:00:00,GBPUSD,1046315.1932947312,-2341.957569774895,equity_%,-9.015670614227175e-07,2209.223176296892,1.9114699020112864e-06,3.8229398040225726e-08,"Method: equity_%, ATR: 1046315.19, Risk: 2209.22"
2024-01-16 09:00:00,GBPUSD,2764402.7292689043,-2169.2576068799085,equity_%,-3.681293526379043e-07,2207.5618959892,7.234835861014129e-07,1.4469671722028258e-08,"Method: equity_%, ATR: 2764402.73, Risk: 2207.56"
2024-01-16 10:00:00,GBPUSD,2789229.0027323635,-2179.4527029835235,equity_%,-3.629820940543423e-07,2206.56549608322,7.170440283106102e-07,1.4340880566212204e-08,"Method: equity_%, ATR: 2789229.00, Risk: 2206.57"
2024-01-16 11:00:00,GBPUSD,1055657.9730229941,-2109.878531588473,equity_%,-9.91162177971466e-07,2207.625523768453,1.8945530191684884e-06,3.789106038336977e-08,"Method: equity_%, ATR: 1055657.97, Risk: 2207.63"
2024-01-16 12:00:00,GBPUSD,3682920.2247605463,-2111.1326109354854,equity_%,-2.83805676183032e-07,2206.626875630254,5.430473314501496e-07,1.0860946629002994e-08,"Method: equity_%, ATR: 3682920.22, Risk: 2206.63"
2024-01-16 13:00:00,GBPUSD,1594219.0825796342,-2225.138268790126,equity_%,-6.222042717892477e-07,2207.18123240188,1.25453271878026e-06,2.5090654375605195e-08,"Method: equity_%, ATR: 1594219.08, Risk: 2207.18"
2024-01-16 14:00:00,GBPUSD,1575175.5443956973,-2286.3199619079633,equity_%,-6.140503386648351e-07,2211.41343588286,1.2696997532216532e-06,2.5393995064433062e-08,"Method: equity_%, ATR: 1575175.54, Risk: 2211.41"
2024-01-16 15:00:00,GBPUSD,1312915.815715951,-2253.5597502206588,equity_%,-7.469394327204754e-07,2209.995273097401,1.5233269156022563e-06,3.046653831204513e-08,"Method: equity_%, ATR: 1312915.82, Risk: 2210.00"
2024-01-16 16:00:00,GBPUSD,799061.9192401755,-2271.2156327124108,equity_%,-1.2157372340574323e-06,2206.3708990915247,2.5029349438924475e-06,5.0058698877848954e-08,"Method: equity_%, ATR: 799061.92, Risk: 2206.37"
2024-01-16 17:00:00,GBPUSD,624611.5388631097,-2232.968403222511,equity_%,-1.5812091067886919e-06,2205.372159279218,3.2019901579793283e-06,6.403980315958656e-08,"Method: equity_%, ATR: 624611.54, Risk: 2205.37"
2024-01-16 18:00:00,GBPUSD,1202647.8882010407,-2287.4234207794266,equity_%,-8.014075215540975e-07,2204.6439995942383,1.6629971412427822e-06,3.325994282485564e-08,"Method: equity_%, ATR: 1202647.89, Risk: 2204.64"
2024-01-16 19:00:00,GBPUSD,1776880.4705983622,-2199.883827374299,equity_%,-5.640069470162856e-07,2204.664019696476,1.1255681139466306e-06,2.2511362278932613e-08,"Method: equity_%, ATR: 1776880.47, Risk: 2204.66"
2024-01-16 20:00:00,GBPUSD,2738920.151743123,-2319.6467932164423,equity_%,-3.472513726494572e-07,2206.20164209084,7.302147887469979e-07,1.4604295774939959e-08,"Method: equity_%, ATR: 2738920.15, Risk: 2206.20"
2024-01-16 21:00:00,GBPUSD,1240285.5449531397,-2312.3808262382868,equity_%,-7.688758219896853e-07,2205.1454785711535,1.6125318948835798e-06,3.225063789767159e-08,"Method: equity_%, ATR: 1240285.54, Risk: 2205.15"
2024-01-16 22:00:00,GBPUSD,1471704.4378969057,-2269.193437550277,equity_%,-6.599014139195302e-07,2203.794918337961,1.3589685187455431e-06,2.7179370374910858e-08,"Method: equity_%, ATR: 1471704.44, Risk: 2203.79"
2024-01-16 23:00:00,GBPUSD,1593740.238482842,-2265.6438533376313,equity_%,-6.102295309046953e-07,2203.4459439892,1.254909646947169e-06,2.509819293894338e-08,"Method: equity_%, ATR: 1593740.24, Risk: 2203.45"
2024-01-17 00:00:00,GBPUSD,6526502.450620155,-2473.046676754965,equity_%,-1.3649883070753168e-07,2203.1382465162415,3.064428482379499e-07,6.128856964758998e-09,"Method: equity_%, ATR: 6526502.45, Risk: 2203.14"
2024-01-17 01:00:00,GBPUSD,2093871.463882024,-2332.45033943038,equity_%,-4.5145910351642855e-07,2204.8590874641905,9.551684687903494e-07,1.910336937580699e-08,"Method: equity_%, ATR: 2093871.46, Risk: 2204.86"
2024-01-17 02:00:00,GBPUSD,2022669.4655437768,-2412.938636546359,equity_%,-4.519980728385263e-07,2206.0115350121187,9.88792303473231e-07,1.9775846069464624e-08,"Method: equity_%, ATR: 2022669.47, Risk: 2206.01"
2024-01-17 03:00:00,GBPUSD,1294521.5163380818,-2311.477894391947,equity_%,-7.364580787200079e-07,2203.672481113529,1.5449723892249873e-06,3.0899447784499745e-08,"Method: equity_%, ATR: 1294521.52, Risk: 2203.67"
2024-01-17 04:00:00,GBPUSD,917501.2530760978,-2357.913477821147,equity_%,-1.017543820916618e-06,2201.342672200638,2.1798335351528057e-06,4.359667070305612e-08,"Method: equity_%, ATR: 917501.25, Risk: 2201.34"
2024-01-17 05:00:00,GBPUSD,492051.9638688984,-2349.550306684663,equity_%,-1.9048261926080431e-06,2202.171166305397,4.064611355830046e-06,8.129222711660093e-08,"Method: equity_%, ATR: 492051.96, Risk: 2202.17"
2024-01-17 06:00:00,GBPUSD,5119777.617664081,-2384.2520187536034,equity_%,-1.8079980851274557e-07,2206.994356329406,3.906419671627277e-07,7.812839343254553e-09,"Method: equity_%, ATR: 5119777.62, Risk: 2206.99"
2024-01-17 07:00:00,GBPUSD,4116702.607762309,-2609.0151808650726,equity_%,-2.0569977099366542e-07,2209.326535813059,4.858257179493294e-07,9.716514358986588e-09,"Method: equity_%, ATR: 4116702.61, Risk: 2209.33"
2024-01-17 08:00:00,GBPUSD,933605.0223865141,-2592.416251391523,equity_%,-9.132203900338487e-07,2210.2607644146533,2.142233548495197e-06,4.284467096990394e-08,"Method: equity_%, ATR: 933605.02, Risk: 2210.26"
2024-01-17 09:00:00,GBPUSD,1669243.9641637157,-2592.026897530897,equity_%,-5.108594806205524e-07,2210.34861586923,1.198147210915327e-06,2.3962944218306542e-08,"Method: equity_%, ATR: 1669243.96, Risk: 2210.35"
2024-01-17 10:00:00,GBPUSD,1612443.0735747137,-2661.386399911825,equity_%,-5.15807650126219e-07,2213.5029408221117,1.2403538659917403e-06,2.480707731983481e-08,"Method: equity_%, ATR: 1612443.07, Risk: 2213.50"
2024-01-17 11:00:00,GBPUSD,1453417.2584176622,-2705.0215187431936,equity_%,-5.633587328749933e-07,2214.858919581318,1.376067325757094e-06,2.7521346515141884e-08,"Method: equity_%, ATR: 1453417.26, Risk: 2214.86"
2024-01-17 12:00:00,GBPUSD,913175.0653925291,-2672.687269153194,equity_%,-9.093230800875042e-07,2219.322436347679,2.1901605462040274e-06,4.3803210924080546e-08,"Method: equity_%, ATR: 913175.07, Risk: 2219.32"
2024-01-17 13:00:00,GBPUSD,4337145.019764903,-2609.8961586754895,equity_%,-1.9585206003020573e-07,2216.9470266228273,4.6113283989485116e-07,9.222656797897023e-09,"Method: equity_%, ATR: 4337145.02, Risk: 2216.95"
2024-01-17 14:00:00,GBPUSD,539093.9728555167,-2622.9771382440676,equity_%,-1.5691268843933617e-06,2218.794318199894,3.7099283254944178e-06,7.419856650988835e-08,"Method: equity_%, ATR: 539093.97, Risk: 2218.79"
2024-01-17 15:00:00,GBPUSD,1348705.361657253,-2541.2241946850163,equity_%,-6.473396367129395e-07,2218.6677228648023,1.4829035732033078e-06,2.9658071464066154e-08,"Method: equity_%, ATR: 1348705.36, Risk: 2218.67"
2024-01-17 16:00:00,GBPUSD,858588.4579539516,-2544.869039273057,equity_%,-1.0162476738775288e-06,2220.496273299829,2.3294047124347268e-06,4.658809424869453e-08,"Method: equity_%, ATR: 858588.46, Risk: 2220.50"
2024-01-17 17:00:00,GBPUSD,1408079.4381486839,-2564.442595461134,equity_%,-6.14894684683439e-07,2220.347129551426,1.4203744091523433e-06,2.840748818304687e-08,"Method: equity_%, ATR: 1408079.44, Risk: 2220.35"
2024-01-17 18:00:00,GBPUSD,781124.5160337421,-2563.1395990141386,equity_%,-1.1100004262926645e-06,2222.366461969426,2.560411251915702e-06,5.1208225038314027e-08,"Method: equity_%, ATR: 781124.52, Risk: 2222.37"
2024-01-17 19:00:00,GBPUSD,3826722.98852779,-2365.398107894785,equity_%,-2.4584507816387423e-07,2225.3216262629785,5.226403912684144e-07,1.0452807825368289e-08,"Method: equity_%, ATR: 3826722.99, Risk: 2225.32"
2024-01-17 20:00:00,GBPUSD,562114.989361903,-2360.4836927677816,equity_%,-1.6799780872643423e-06,2229.101211422502,3.557990869929199e-06,7.115981739858397e-08,"Method: equity_%, ATR: 562114.99, Risk: 2229.10"
2024-01-17 21:00:00,GBPUSD,3349705.240138851,-2354.8260998653636,equity_%,-2.8321655834013463e-07,2234.0046577633093,5.97067460155717e-07,1.1941349203114341e-08,"Method: equity_%, ATR: 3349705.24, Risk: 2234.00"
2024-01-17 22:00:00,GBPUSD,2859969.9169887663,-2453.697653169055,equity_%,-3.184945888250449e-07,2235.0362463654237,6.993080549972287e-07,1.3986161099944574e-08,"Method: equity_%, ATR: 2859969.92, Risk: 2235.04"
2024-01-17 23:00:00,GBPUSD,1472024.1831058275,-2522.1149906804367,equity_%,-6.019886232692756e-07,2234.951546418203,1.3586733308825097e-06,2.71734666176502e-08,"Method: equity_%, ATR: 1472024.18, Risk: 2234.95"
2024-01-18 00:00:00,GBPUSD,1482382.5675231684,-2467.6247067516906,equity_%,-6.105379432819307e-07,2233.325724649522,1.3491793844700227e-06,2.6983587689400456e-08,"Method: equity_%, ATR: 1482382.57, Risk: 2233.33"
2024-01-18 01:00:00,GBPUSD,1298287.8918357664,-2384.729164649564,equity_%,-7.219472128313661e-07,2235.1954973302486,1.540490373958598e-06,3.080980747917196e-08,"Method: equity_%, ATR: 1298287.89, Risk: 2235.20"
2024-01-18 02:00:00,GBPUSD,2044655.472360164,-2366.9914535536755,equity_%,-4.6193745818315823e-07,2235.6304146776756,9.78159903727635e-07,1.95631980745527e-08,"Method: equity_%, ATR: 2044655.47, Risk: 2235.63"
2024-01-18 03:00:00,GBPUSD,1436582.734301369,-2428.779754128453,equity_%,-6.402527728543468e-07,2233.9335191796135,1.3921927030346982e-06,2.784385406069396e-08,"Method: equity_%, ATR: 1436582.73, Risk: 2233.93"
2024-01-18 04:00:00,GBPUSD,2516506.3809240656,-2557.3739920503444,equity_%,-3.476297740001025e-07,2237.222849148111,7.94752604309152e-07,1.589505208618304e-08,"Method: equity_%, ATR: 2516506.38, Risk: 2237.22"
2024-01-18 05:00:00,GBPUSD,2190747.348595887,-2631.1740814641976,equity_%,-3.8825952142629423e-07,2238.0201485273433,9.129304669850941e-07,1.825860933970188e-08,"Method: equity_%, ATR: 2190747.35, Risk: 2238.02"
2024-01-18 06:00:00,GBPUSD,1013001.3344363852,-2586.094018563302,equity_%,-8.537215195728028e-07,2236.508514958859,1.974331061580252e-06,3.948662123160504e-08,"Method: equity_%, ATR: 1013001.33, Risk: 2236.51"
2024-01-18 07:00:00,GBPUSD,915325.3316413111,-2577.0606968898574,equity_%,-9.478402391358751e-07,2235.8119405698694,2.1850154593817587e-06,4.370030918763517e-08,"Method: equity_%, ATR: 915325.33, Risk: 2235.81"
2024-01-18 08:00:00,GBPUSD,1042251.3406832331,-2614.6342223057695,equity_%,-8.199566102972875e-07,2234.468697807226,1.918922933396208e-06,3.837845866792416e-08,"Method: equity_%, ATR: 1042251.34, Risk: 2234.47"
2024-01-18 09:00:00,GBPUSD,3933229.3217873713,-2765.9860862037667,equity_%,-2.0530976229901916e-07,2233.6177873110278,5.084880225318628e-07,1.0169760450637257e-08,"Method: equity_%, ATR: 3933229.32, Risk: 2233.62"
2024-01-18 10:00:00,GBPUSD,655906.154605218,-2777.9289483767616,equity_%,-1.225967771381052e-06,2233.7876887074704,3.0492166996112055e-06,6.09843339922241e-08,"Method: equity_%, ATR: 655906.15, Risk: 2233.79"
2024-01-18 11:00:00,GBPUSD,826951.7720608882,-2753.882723033796,equity_%,-9.820786245328386e-07,2236.515344164847,2.418520725840757e-06,4.837041451681515e-08,"Method: equity_%, ATR: 826951.77, Risk: 2236.52"
2024-01-18 12:00:00,GBPUSD,798432.5747984439,-2825.425681992888,equity_%,-9.933515724470997e-07,2240.9136353278936,2.5049078195549315e-06,5.009815639109862e-08,"Method: equity_%, ATR: 798432.57, Risk: 2240.91"
2024-01-18 13:00:00,GBPUSD,3629223.266870895,-2593.9717975880803,equity_%,-2.3792128260584052e-07,2239.8154130955554,5.510821057102927e-07,1.1021642114205852e-08,"Method: equity_%, ATR: 3629223.27, Risk: 2239.82"
2024-01-18 14:00:00,GBPUSD,5427214.424592303,-2782.2351415818553,equity_%,-1.4833046419134034e-07,2239.758369363011,3.6851317149685716e-07,7.3702634299371425e-09,"Method: equity_%, ATR: 5427214.42, Risk: 2239.76"
2024-01-18 15:00:00,GBPUSD,3599496.7183889593,-2874.345303166605,equity_%,-2.164529081518423e-07,2239.464317762413,5.556332333302272e-07,1.1112664666604542e-08,"Method: equity_%, ATR: 3599496.72, Risk: 2239.46"
2024-01-18 16:00:00,GBPUSD,251149.4858004835,-2886.33625399461,equity_%,-3.0907694827906974e-06,2240.5045655684044,7.963384808953289e-06,1.5926769617906576e-07,"Method: equity_%, ATR: 251149.49, Risk: 2240.50"
2024-01-18 17:00:00,GBPUSD,2054525.0234468267,-2924.0418952133577,equity_%,-3.7262378352419446e-07,2238.543804793753,9.734610078609065e-07,1.946922015721813e-08,"Method: equity_%, ATR: 2054525.02, Risk: 2238.54"
2024-01-18 18:00:00,GBPUSD,948951.0944141784,-2955.557050335875,equity_%,-7.977017450914644e-07,2237.297410513074,2.107590171688112e-06,4.215180343376224e-08,"Method: equity_%, ATR: 948951.09, Risk: 2237.30"
2024-01-18 19:00:00,GBPUSD,4121991.5562847247,-2710.12537771377,equity_%,-2.0050852107028157e-07,2239.9035314903913,4.85202352477078e-07,9.70404704954156e-09,"Method: equity_%, ATR: 4121991.56, Risk: 2239.90"
2024-01-18 20:00:00,GBPUSD,1003883.7902770092,-2677.27221239721,equity_%,-8.326989246557567e-07,2238.0200655382855,1.9922624703882557e-06,3.9845249407765116e-08,"Method: equity_%, ATR: 1003883.79, Risk: 2238.02"
2024-01-18 21:00:00,GBPUSD,2223939.84229951,-2707.1733695731814,equity_%,-3.720979938554164e-07,2240.249727473641,8.993049011307966e-07,1.7986098022615933e-08,"Method: equity_%, ATR: 2223939.84, Risk: 2240.25"
2024-01-18 22:00:00,GBPUSD,1247238.8128857801,-2700.7525934913147,equity_%,-6.64957229832329e-07,2239.8974293695373,1.6035421439239294e-06,3.207084287847859e-08,"Method: equity_%, ATR: 1247238.81, Risk: 2239.90"
2024-01-18 23:00:00,GBPUSD,916617.3090623624,-2697.860076696458,equity_%,-9.046227558753656e-07,2237.0463566001245,2.181935667400679e-06,4.363871334801358e-08,"Method: equity_%, ATR: 916617.31, Risk: 2237.05"
2024-01-19 00:00:00,GBPUSD,5418105.498331738,-2806.4529705880086,equity_%,-1.468512035560024e-07,2232.9692179212616,3.691327163370684e-07,7.382654326741368e-09,"Method: equity_%, ATR: 5418105.50, Risk: 2232.97"
2024-01-19 01:00:00,GBPUSD,2254271.8316529454,-2807.3769414184653,equity_%,-3.534588071009565e-07,2236.896140614368,8.872044497550676e-07,1.7744088995101356e-08,"Method: equity_%, ATR: 2254271.83, Risk: 2236.90"
2024-01-19 02:00:00,GBPUSD,5035596.774479191,-2694.075688472099,equity_%,-1.646793002607615e-07,2234.0853076783364,3.971723888092392e-07,7.943447776184786e-09,"Method: equity_%, ATR: 5035596.77, Risk: 2234.09"
2024-01-19 03:00:00,GBPUSD,2771867.4556744234,-2562.7146720435335,equity_%,-3.1462727728708713e-07,2234.9565624463085,7.215352220055486e-07,1.443070444011097e-08,"Method: equity_%, ATR: 2771867.46, Risk: 2234.96"
2024-01-19 04:00:00,GBPUSD,1636656.4184327172,-2628.4208036698947,equity_%,-5.199342462595927e-07,2236.6644640350623,1.2220035784390381e-06,2.4440071568780763e-08,"Method: equity_%, ATR: 1636656.42, Risk: 2236.66"
2024-01-19 05:00:00,GBPUSD,721665.6176536344,-2655.19358864475,equity_%,-1.1664139835573464e-06,2235.0380595769698,2.771366615057316e-06,5.542733230114632e-08,"Method: equity_%, ATR: 721665.62, Risk: 2235.04"
2024-01-19 06:00:00,GBPUSD,822600.1384461052,-2632.4065811887563,equity_%,-1.0321014188142336e-06,2234.9310088402626,2.4313149324020386e-06,4.862629864804077e-08,"Method: equity_%, ATR: 822600.14, Risk: 2234.93"
2024-01-19 07:00:00,GBPUSD,1769694.038636044,-2569.1453679895567,equity_%,-4.919913881906649e-07,2236.888656660278,1.1301388580940576e-06,2.2602777161881154e-08,"Method: equity_%, ATR: 1769694.04, Risk: 2236.89"
2024-01-19 08:00:00,GBPUSD,6116588.042586372,-2824.2116850948732,equity_%,-1.295823427904256e-07,2238.4752890299187,3.269796798599352e-07,6.5395935971987045e-09,"Method: equity_%, ATR: 6116588.04, Risk: 2238.48"
2024-01-19 09:00:00,GBPUSD,1768642.4308187815,-2888.533238816472,equity_%,-4.3799373643340534e-07,2237.6147134634443,1.1308108214242676e-06,2.2616216428485352e-08,"Method: equity_%, ATR: 1768642.43, Risk: 2237.61"
2024-01-19 10:00:00,GBPUSD,2234769.681017201,-2988.236546332451,equity_%,-3.3529225390009723e-07,2239.088522722795,8.949468112927231e-07,1.7898936225854463e-08,"Method: equity_%, ATR: 2234769.68, Risk: 2239.09"
2024-01-19 11:00:00,GBPUSD,2148649.0861069025,-2912.788333230327,equity_%,-3.5768392274858845e-07,2238.5862880586096,9.308174205513303e-07,1.8616348411026607e-08,"Method: equity_%, ATR: 2148649.09, Risk: 2238.59"
2024-01-19 12:00:00,GBPUSD,1824187.1520681889,-2825.7340697662707,equity_%,-4.341008088458374e-07,2237.6454548994843,1.0963787338006859e-06,2.1927574676013716e-08,"Method: equity_%, ATR: 1824187.15, Risk: 2237.65"
2024-01-19 13:00:00,GBPUSD,2667491.628271814,-2994.104732346034,equity_%,-2.805955651633971e-07,2241.0464358130316,7.497680513043405e-07,1.499536102608681e-08,"Method: equity_%, ATR: 2667491.63, Risk: 2241.05"
2024-01-19 14:00:00,GBPUSD,1951502.7633089584,-2930.2873423859987,equity_%,-3.918629052770643e-07,2240.853856397993,1.0248512262461825e-06,2.0497024524923648e-08,"Method: equity_%, ATR: 1951502.76, Risk: 2240.85"
2024-01-19 15:00:00,GBPUSD,1603997.3258157533,-2974.229961818789,equity_%,-4.691533762661044e-07,2238.1697940435147,1.246884871820375e-06,2.4937697436407502e-08,"Method: equity_%, ATR: 1603997.33, Risk: 2238.17"
2024-01-19 16:00:00,GBPUSD,2333927.095811373,-2815.1340484322805,equity_%,-3.4095964124428046e-07,2240.213143341858,8.569247958041783e-07,1.7138495916083566e-08,"Method: equity_%, ATR: 2333927.10, Risk: 2240.21"
2024-01-19 17:00:00,GBPUSD,1359506.171539747,-2895.5716112260325,equity_%,-5.688227161930093e-07,2239.1976274918648,1.4711224133207458e-06,2.9422448266414915e-08,"Method: equity_%, ATR: 1359506.17, Risk: 2239.20"
2024-01-19 18:00:00,GBPUSD,2245398.819242291,-2819.663910645247,equity_%,-3.5356384829228733e-07,2238.5081913012164,8.907103641725881e-07,1.7814207283451757e-08,"Method: equity_%, ATR: 2245398.82, Risk: 2238.51"
2024-01-19 19:00:00,GBPUSD,2037800.353595767,-2936.5512316480517,equity_%,-3.7401020444085217e-07,2238.1163861354134,9.814504136634058e-07,1.9629008273268114e-08,"Method: equity_%, ATR: 2037800.35, Risk: 2238.12"
2024-01-19 20:00:00,GBPUSD,1426799.116016773,-3017.3076713651794,equity_%,-5.197404686394398e-07,2237.530491129441,1.4017390237691236e-06,2.803478047538247e-08,"Method: equity_%, ATR: 1426799.12, Risk: 2237.53"
2024-01-19 21:00:00,GBPUSD,693179.745722914,-3011.8549689717674,equity_%,-1.0739452510742822e-06,2242.13656685523,2.8852545279063355e-06,5.770509055812671e-08,"Method: equity_%, ATR: 693179.75, Risk: 2242.14"
2024-01-19 22:00:00,GBPUSD,2714813.223390424,-3142.6166476182457,equity_%,-2.6258131236709784e-07,2240.2432491299614,7.366989311707705e-07,1.4733978623415413e-08,"Method: equity_%, ATR: 2714813.22, Risk: 2240.24"
2024-01-19 23:00:00,GBPUSD,2679030.545694036,-3051.2097238727574,equity_%,-2.741960775944694e-07,2241.3566240845585,7.46538707150827e-07,1.493077414301654e-08,"Method: equity_%, ATR: 2679030.55, Risk: 2241.36"
2024-01-20 00:00:00,GBPUSD,1203270.3878574877,-3114.9489890405002,equity_%,-5.979889812939421e-07,2241.337975665713,1.6621368066417296e-06,3.324273613283459e-08,"Method: equity_%, ATR: 1203270.39, Risk: 2241.34"
2024-01-20 01:00:00,GBPUSD,1287295.752539767,-3181.0711962488635,equity_%,-5.472504127487106e-07,2240.9791884407414,1.5536445265620623e-06,3.1072890531241245e-08,"Method: equity_%, ATR: 1287295.75, Risk: 2240.98"
2024-01-20 02:00:00,GBPUSD,2055709.70638737,-3267.3780358780114,equity_%,-3.337308902377887e-07,2241.5972168237854,9.72900012966679e-07,1.945800025933358e-08,"Method: equity_%, ATR: 2055709.71, Risk: 2241.60"
2024-01-20 03:00:00,GBPUSD,1855656.0329477815,-3314.285075593388,equity_%,-3.6451708845761094e-07,2241.843190257812,1.0777859498146984e-06,2.1555718996293967e-08,"Method: equity_%, ATR: 1855656.03, Risk: 2241.84"
2024-01-20 04:00:00,GBPUSD,775111.2241517422,-3267.183407130195,equity_%,-8.850141410053194e-07,2241.2368303662156,2.580274853055751e-06,5.160549706111502e-08,"Method: equity_%, ATR: 775111.22, Risk: 2241.24"
2024-01-20 05:00:00,GBPUSD,2330506.8000646406,-3176.202639329742,equity_%,-3.026946788861795e-07,2240.59500404987,8.581824348011027e-07,1.716364869602205e-08,"Method: equity_%, ATR: 2330506.80, Risk: 2240.60"
2024-01-20 06:00:00,GBPUSD,155560.48707671836,-3181.903536711049,equity_%,-4.533352972188657e-06,2243.912090952406,1.2856735264744011e-05,2.571347052948802e-07,"Method: equity_%, ATR: 155560.49, Risk: 2243.91"
2024-01-20 07:00:00,GBPUSD,5186434.399149671,-3319.629379451704,equity_%,-1.303376536687651e-07,2244.028597505412,3.8562138187420345e-07,7.712427637484069e-09,"Method: equity_%, ATR: 5186434.40, Risk: 2244.03"
2024-01-20 08:00:00,GBPUSD,2547564.1617298196,-3468.7315168900236,equity_%,-2.5453658236366496e-07,2249.2929688390245,7.850636423782872e-07,1.5701272847565744e-08,"Method: equity_%, ATR: 2547564.16, Risk: 2249.29"
2024-01-20 09:00:00,GBPUSD,3322874.4792642603,-3625.443984641457,equity_%,-1.8673374795128917e-07,2249.5619091578205,6.018885192566267e-07,1.2037770385132535e-08,"Method: equity_%, ATR: 3322874.48, Risk: 2249.56"
2024-01-20 10:00:00,GBPUSD,2179840.9436532483,-3592.913454270449,equity_%,-2.8683606458942117e-07,2246.494279443214,9.174981348171908e-07,1.8349962696343817e-08,"Method: equity_%, ATR: 2179840.94, Risk: 2246.49"
2024-01-20 11:00:00,GBPUSD,2472431.0139107318,-3774.86805060651,equity_%,-2.4075359053341834e-07,2246.977538459442,8.08920446616033e-07,1.617840893232066e-08,"Method: equity_%, ATR: 2472431.01, Risk: 2246.98"
2024-01-20 12:00:00,GBPUSD,2162036.1471520984,-3849.5696242711483,equity_%,-2.69920584905098e-07,2246.524378653719,9.250539139387019e-07,1.850107827877404e-08,"Method: equity_%, ATR: 2162036.15, Risk: 2246.52"
2024-01-20 13:00:00,GBPUSD,1688699.2204421768,-3847.7655644166916,equity_%,-3.4546500509037695e-07,2244.7344269063356,1.184343532459446e-06,2.3686870649188915e-08,"Method: equity_%, ATR: 1688699.22, Risk: 2244.73"
2024-01-20 14:00:00,GBPUSD,2251039.830070927,-3878.1748896521403,equity_%,-2.575443251258026e-07,2248.3429373059876,8.884782815846413e-07,1.7769565631692826e-08,"Method: equity_%, ATR: 2251039.83, Risk: 2248.34"
2024-01-20 15:00:00,GBPUSD,2358121.328931784,-3970.147292797415,equity_%,-2.4016766995082527e-07,2248.4711034390803,8.481327807276098e-07,1.6962655614552192e-08,"Method: equity_%, ATR: 2358121.33, Risk: 2248.47"
2024-01-20 16:00:00,GBPUSD,668286.6059399475,-4022.4718313060876,equity_%,-8.364181645456725e-07,2248.429238718517,2.9927279437046226e-06,5.985455887409243e-08,"Method: equity_%, ATR: 668286.61, Risk: 2248.43"
2024-01-20 17:00:00,GBPUSD,1543218.9053615958,-4089.4690460006514,equity_%,-3.5627058898057655e-07,2248.404428735459,1.2959924175704514e-06,2.591984835140903e-08,"Method: equity_%, ATR: 1543218.91, Risk: 2248.40"
2024-01-20 18:00:00,GBPUSD,1060332.5027048867,-4074.824643454727,equity_%,-5.211438513378415e-07,2251.6900894145715,1.8862007859780218e-06,3.772401571956044e-08,"Method: equity_%, ATR: 1060332.50, Risk: 2251.69"
2024-01-20 19:00:00,GBPUSD,2244352.560627167,-4135.137098030409,equity_%,-2.4275276393953317e-07,2252.916919810968,8.911255901083187e-07,1.782251180216637e-08,"Method: equity_%, ATR: 2244352.56, Risk: 2252.92"
2024-01-20 20:00:00,GBPUSD,1751877.2440351632,-4167.733289843953,equity_%,-3.087098089637024e-07,2254.000558506759,1.1416325012552403e-06,2.2832650025104807e-08,"Method: equity_%, ATR: 1751877.24, Risk: 2254.00"
2024-01-20 21:00:00,GBPUSD,1532835.109688158,-4264.061946992981,equity_%,-3.446860300842217e-07,2252.9036924923053,1.3047717835787846e-06,2.6095435671575693e-08,"Method: equity_%, ATR: 1532835.11, Risk: 2252.90"
2024-01-20 22:00:00,GBPUSD,1194253.015999302,-4188.949392266912,equity_%,-4.504857408226332e-07,2253.6294493413375,1.6746869994935553e-06,3.3493739989871106e-08,"Method: equity_%, ATR: 1194253.02, Risk: 2253.63"
2024-01-20 23:00:00,GBPUSD,4066405.2383052786,-4411.86917419963,equity_%,-1.2560179712849198e-07,2253.3525001278967,4.918348966207617e-07,9.836697932415232e-09,"Method: equity_%, ATR: 4066405.24, Risk: 2253.35"
2024-01-21 00:00:00,GBPUSD,1974632.7208831646,-4380.383343320337,equity_%,-2.6044146353084966e-07,2252.72705700048,1.0128465809608838e-06,2.0256931619217677e-08,"Method: equity_%, ATR: 1974632.72, Risk: 2252.73"
2024-01-21 01:00:00,GBPUSD,1365302.4380051557,-4424.420016456888,equity_%,-3.728025227445176e-07,2251.977550123521,1.4648768978411858e-06,2.929753795682371e-08,"Method: equity_%, ATR: 1365302.44, Risk: 2251.98"
2024-01-21 02:00:00,GBPUSD,962460.2383065849,-4409.202357820871,equity_%,-5.313855342588131e-07,2255.031201314695,2.0780079221962774e-06,4.156015844392554e-08,"Method: equity_%, ATR: 962460.24, Risk: 2255.03"
2024-01-21 03:00:00,GBPUSD,1888289.2954362342,-4422.235257957789,equity_%,-2.701056815204606e-07,2255.5065541220965,1.0591597404241801e-06,2.1183194808483602e-08,"Method: equity_%, ATR: 1888289.30, Risk: 2255.51"
2024-01-21 04:00:00,GBPUSD,2404506.1467142384,-4317.193084935236,equity_%,-2.1757314856647818e-07,2258.5653493583673,8.317716312486883e-07,1.6635432624973766e-08,"Method: equity_%, ATR: 2404506.15, Risk: 2258.57"
2024-01-21 05:00:00,GBPUSD,2107605.405588538,-4232.327379396936,equity_%,-2.5310252498970835e-07,2257.6937746550107,9.489442353377865e-07,1.897888470675573e-08,"Method: equity_%, ATR: 2107605.41, Risk: 2257.69"
2024-01-21 06:00:00,GBPUSD,1290235.3509325804,-4157.748674777041,equity_%,-4.213159110464251e-07,2260.138385622576,1.5501047917764794e-06,3.100209583552959e-08,"Method: equity_%, ATR: 1290235.35, Risk: 2260.14"
2024-01-21 07:00:00,GBPUSD,1154881.033090478,-4093.648720963215,equity_%,-4.783644169656195e-07,2261.5525779832606,1.7317801078159297e-06,3.463560215631859e-08,"Method: equity_%, ATR: 1154881.03, Risk: 2261.55"
2024-01-21 08:00:00,GBPUSD,3185040.2874285784,-4305.180897367482,equity_%,-1.6486451883038426e-07,2260.651068006093,6.279355422579872e-07,1.2558710845159744e-08,"Method: equity_%, ATR: 3185040.29, Risk: 2260.65"
2024-01-21 09:00:00,GBPUSD,2082525.7509353196,-4477.647937155953,equity_%,-2.423815995244073e-07,2260.164091908466,9.603722782787896e-07,1.9207445565575795e-08,"Method: equity_%, ATR: 2082525.75, Risk: 2260.16"
2024-01-21 10:00:00,GBPUSD,2448832.9664802314,-4589.559066563038,equity_%,-2.0086846917382914e-07,2257.573488992065,8.167155650777807e-07,1.6334311301555613e-08,"Method: equity_%, ATR: 2448832.97, Risk: 2257.57"
2024-01-21 11:00:00,GBPUSD,3392662.8715489917,-4823.8530575211835,equity_%,-1.3791554415630917e-07,2257.085409310001,5.895074387650129e-07,1.1790148775300259e-08,"Method: equity_%, ATR: 3392662.87, Risk: 2257.09"
2024-01-21 12:00:00,GBPUSD,933736.1815674558,-4769.601654143583,equity_%,-5.063219186336438e-07,2254.929796499482,2.141932635236021e-06,4.283865270472042e-08,"Method: equity_%, ATR: 933736.18, Risk: 2254.93"
2024-01-21 13:00:00,GBPUSD,1867836.8869840323,-4882.163059638978,equity_%,-2.478236558042582e-07,2259.9247966858416,1.0707573096649622e-06,2.1415146193299245e-08,"Method: equity_%, ATR: 1867836.89, Risk: 2259.92"
2024-01-21 14:00:00,GBPUSD,356984.54967239744,-4902.331540261452,equity_%,-1.2901255383429088e-06,2257.792735453808,5.602483361914087e-06,1.1204966723828175e-07,"Method: equity_%, ATR: 356984.55, Risk: 2257.79"
2024-01-21 15:00:00,GBPUSD,2082935.5693956404,-4846.050048780289,equity_%,-2.238930338015819e-07,2259.9785260810263,9.601833246240526e-07,1.9203666492481053e-08,"Method: equity_%, ATR: 2082935.57, Risk: 2259.98"
2024-01-21 16:00:00,GBPUSD,4353200.543523781,-4998.633511653837,equity_%,-1.0395227294436326e-07,2262.007085146363,4.594320845097253e-07,9.188641690194505e-09,"Method: equity_%, ATR: 4353200.54, Risk: 2262.01"
2024-01-21 17:00:00,GBPUSD,2635357.4232807294,-5181.002381917254,equity_%,-1.6560147085388808e-07,2261.08821797841,7.589103407120468e-07,1.5178206814240932e-08,"Method: equity_%, ATR: 2635357.42, Risk: 2261.09"
2024-01-21 18:00:00,GBPUSD,997428.1499729841,-5181.465904476959,equity_%,-4.3758385016872687e-07,2261.494578079031,2.005156962989436e-06,4.010313925978871e-08,"Method: equity_%, ATR: 997428.15, Risk: 2261.49"
2024-01-21 19:00:00,GBPUSD,1505060.7082724036,-5140.126892667664,equity_%,-2.9228880657622724e-07,2261.205548640712,1.328850051700384e-06,2.657700103400768e-08,"Method: equity_%, ATR: 1505060.71, Risk: 2261.21"
2024-01-01 01:00:00,USDJPY,1225402.0550500348,4.6152064869518625,equity_%,0.00039950536401186593,2259.3959997603047,1.6321173869080358e-06,3.2642347738160716e-08,"Method: equity_%, ATR: 1225402.06, Risk: 2259.40"
2024-01-01 02:00:00,USDJPY,411115.3267412925,16.837457573750708,equity_%,0.0003265688301346779,2260.5541402967224,4.864814979906026e-06,9.729629959812051e-08,"Method: equity_%, ATR: 411115.33, Risk: 2260.55"
2024-01-01 03:00:00,USDJPY,1667018.8748671557,-24.44491827248829,equity_%,-5.553242951046737e-05,2262.9542856893745,1.1997464636741917e-06,2.3994929273483832e-08,"Method: equity_%, ATR: 1667018.87, Risk: 2262.95"
2024-01-01 04:00:00,USDJPY,2034413.2966388634,51.424357926360855,equity_%,2.1664555765051182e-05,2266.5111074798983,9.830844122500974e-07,1.9661688245001945e-08,"Method: equity_%, ATR: 2034413.30, Risk: 2266.51"
2024-01-01 05:00:00,USDJPY,2478723.8526601642,-33.33335063504215,equity_%,-2.743275728764255e-05,2266.6088375894574,8.068668068262634e-07,1.613733613652527e-08,"Method: equity_%, ATR: 2478723.85, Risk: 2266.61"
2024-01-01 06:00:00,USDJPY,558393.5940936366,-36.3999783979591,equity_%,-0.00011146972258918731,2265.679492065788,3.58170298003924e-06,7.163405960078479e-08,"Method: equity_%, ATR: 558393.59, Risk: 2265.68"
2024-01-01 07:00:00,USDJPY,2794877.0671044383,-195.52255103563186,equity_%,-4.1529953513363395e-06,2269.45204422995,7.155949803803177e-07,1.431189960760635e-08,"Method: equity_%, ATR: 2794877.07, Risk: 2269.45"
2024-01-01 08:00:00,USDJPY,2290109.5500563583,-147.5795145037245,equity_%,-6.717143983213409e-06,2270.215020056186,8.733206671055458e-07,1.7466413342110915e-08,"Method: equity_%, ATR: 2290109.55, Risk: 2270.22"
2024-01-01 09:00:00,USDJPY,1389673.3284766611,-54.97196577813338,equity_%,-2.9737683230414912e-05,2271.753055111729,1.4391871521290329e-06,2.8783743042580656e-08,"Method: equity_%, ATR: 1389673.33, Risk: 2271.75"
2024-01-01 10:00:00,USDJPY,1550925.5204673456,-25.313128780929546,equity_%,-5.7886770339595316e-05,2272.5638328585524,1.289552575933713e-06,2.5791051518674255e-08,"Method: equity_%, ATR: 1550925.52, Risk: 2272.56"
2024-01-01 11:00:00,USDJPY,2020675.0049697785,-138.1458801263799,equity_%,-8.14746742891094e-06,2274.3486431695374,9.897682680693683e-07,1.9795365361387368e-08,"Method: equity_%, ATR: 2020675.00, Risk: 2274.35"
2024-01-01 12:00:00,USDJPY,2232048.4286035,-241.49761716050742,equity_%,-4.2191399524302445e-06,2274.26147528935,8.960379059747001e-07,1.7920758119494003e-08,"Method: equity_%, ATR: 2232048.43, Risk: 2274.26"
2024-01-01 13:00:00,USDJPY,1559896.9203810191,-246.402891833781,equity_%,-5.914881132167877e-06,2273.462119924784,1.282136001340064e-06,2.5642720026801284e-08,"Method: equity_%, ATR: 1559896.92, Risk: 2273.46"
2024-01-01 14:00:00,USDJPY,1875306.346570145,-301.8644118213102,equity_%,-4.015834549503788e-06,2273.316741543928,1.066492417976356e-06,2.132984835952712e-08,"Method: equity_%, ATR: 1875306.35, Risk: 2273.32"
2024-01-01 15:00:00,USDJPY,1706636.9207947582,-252.13656332739671,equity_%,-5.279079821676694e-06,2271.617441483996,1.1718954252253175e-06,2.3437908504506354e-08,"Method: equity_%, ATR: 1706636.92, Risk: 2271.62"
2024-01-01 16:00:00,USDJPY,502548.343543055,-260.71685930111295,equity_%,-1.7354227079095907e-05,2273.7998710532297,3.9797166296473e-06,7.9594332592946e-08,"Method: equity_%, ATR: 502548.34, Risk: 2273.80"
2024-01-01 17:00:00,USDJPY,1321315.8791353377,-248.15766869128913,equity_%,-6.927773718680437e-06,2271.580064650542,1.5136425979447014e-06,3.0272851958894035e-08,"Method: equity_%, ATR: 1321315.88, Risk: 2271.58"
2024-01-01 18:00:00,USDJPY,2149211.4392410973,-352.90863157709026,equity_%,-2.999583755895742e-06,2275.1100931186857,9.305738669929166e-07,1.8611477339858332e-08,"Method: equity_%, ATR: 2149211.44, Risk: 2275.11"
2024-01-01 19:00:00,USDJPY,1009806.1338237636,-373.23511405082706,equity_%,-6.033609527075074e-06,2274.0379114825123,1.980578185266847e-06,3.9611563705336935e-08,"Method: equity_%, ATR: 1009806.13, Risk: 2274.04"
2024-01-01 20:00:00,USDJPY,1201958.608056314,-419.28207941088357,equity_%,-4.514243100656749e-06,2274.9966192813563,1.6639508104477888e-06,3.327901620895577e-08,"Method: equity_%, ATR: 1201958.61, Risk: 2275.00"
2024-01-01 21:00:00,USDJPY,2998884.353829261,-301.2146369884533,equity_%,-2.5139629999832843e-06,2270.8825426847156,6.669146802697509e-07,1.3338293605395019e-08,"Method: equity_%, ATR: 2998884.35, Risk: 2270.88"
2024-01-01 22:00:00,USDJPY,1024231.020229605,-292.3994097094625,equity_%,-7.580015020774688e-06,2270.097355057012,1.9526844632685057e-06,3.905368926537012e-08,"Method: equity_%, ATR: 1024231.02, Risk: 2270.10"
2024-01-01 23:00:00,USDJPY,1380574.1403235646,-316.89253310662707,equity_%,-5.184999633254929e-06,2268.4043446412556,1.4486726511705198e-06,2.8973453023410395e-08,"Method: equity_%, ATR: 1380574.14, Risk: 2268.40"
2024-01-02 00:00:00,USDJPY,1539197.6931687195,-256.1608197983472,equity_%,-5.755669487826246e-06,2269.357699563844,1.2993782467816948e-06,2.5987564935633898e-08,"Method: equity_%, ATR: 1539197.69, Risk: 2269.36"
2024-01-02 01:00:00,USDJPY,1838720.118574919,-295.06218383821175,equity_%,-4.190897022237654e-06,2273.715749160852,1.0877131216414164e-06,2.175426243282833e-08,"Method: equity_%, ATR: 1838720.12, Risk: 2273.72"
2024-01-02 02:00:00,USDJPY,2089090.3698919085,-384.93492127521597,equity_%,-2.8240161588646063e-06,2270.9716702635023,9.57354468157106e-07,1.914708936314212e-08,"Method: equity_%, ATR: 2089090.37, Risk: 2270.97"
2024-01-02 03:00:00,USDJPY,1283997.4695531651,-467.2781663547562,equity_%,-3.789606818070008e-06,2273.7033933801704,1.557635468468646e-06,3.115270936937292e-08,"Method: equity_%, ATR: 1283997.47, Risk: 2273.70"
2024-01-02 04:00:00,USDJPY,1166483.464205204,-482.7422002084876,equity_%,-4.0389424335279265e-06,2274.372080733829,1.7145549520178768e-06,3.429109904035754e-08,"Method: equity_%, ATR: 1166483.46, Risk: 2274.37"
2024-01-02 05:00:00,USDJPY,1981874.9417030807,-357.994989144767,equity_%,-3.2079200636081763e-06,2276.0234497842507,1.0091454096903531e-06,2.0182908193807064e-08,"Method: equity_%, ATR: 1981874.94, Risk: 2276.02"
2024-01-02 06:00:00,USDJPY,5731427.477843434,-335.81129425003684,equity_%,-1.182645366854591e-06,2276.2116130936624,3.489532071602763e-07,6.979064143205527e-09,"Method: equity_%, ATR: 5731427.48, Risk: 2276.21"
2024-01-02 07:00:00,USDJPY,774472.263678594,-288.5339337662898,equity_%,-1.0195239131453901e-05,2278.243723123214,2.582403649293243e-06,5.164807298586486e-08,"Method: equity_%, ATR: 774472.26, Risk: 2278.24"
2024-01-02 08:00:00,USDJPY,2166255.8917705296,-235.07652563359346,equity_%,-4.474769341293008e-06,2278.713231605214,9.232519609515546e-07,1.8465039219031093e-08,"Method: equity_%, ATR: 2166255.89, Risk: 2278.71"
2024-01-02 09:00:00,USDJPY,1201654.0896715757,-263.68287602158347,equity_%,-7.187905948001546e-06,2277.5282975242612,1.6643724822229166e-06,3.328744964445833e-08,"Method: equity_%, ATR: 1201654.09, Risk: 2277.53"
2024-01-02 10:00:00,USDJPY,1110611.0892988155,-257.0417463432234,equity_%,-7.9899884722716e-06,2280.9292862131415,1.8008104000318423e-06,3.6016208000636846e-08,"Method: equity_%, ATR: 1110611.09, Risk: 2280.93"
2024-01-02 11:00:00,USDJPY,5171877.263530383,-122.86838899293653,equity_%,-3.5916456771535608e-06,2282.347978884932,3.8670677939382825e-07,7.734135587876565e-09,"Method: equity_%, ATR: 5171877.26, Risk: 2282.35"
2024-01-02 12:00:00,USDJPY,1427466.3026721368,-61.000544885007905,equity_%,-2.6225835102678938e-05,2283.646646564472,1.4010838618439627e-06,2.8021677236879253e-08,"Method: equity_%, ATR: 1427466.30, Risk: 2283.65"
2024-01-02 13:00:00,USDJPY,1553751.0783130622,79.92721702912777,equity_%,1.839011553569804e-05,2283.813271513713,1.2872074735236479e-06,2.574414947047296e-08,"Method: equity_%, ATR: 1553751.08, Risk: 2283.81"
2024-01-02 14:00:00,USDJPY,4715484.6571382545,-95.78833809847347,equity_%,-5.052470480793862e-06,2282.1425027248833,4.24134557827989e-07,8.48269115655978e-09,"Method: equity_%, ATR: 4715484.66, Risk: 2282.14"
2024-01-02 15:00:00,USDJPY,3925149.516778601,15.459754018989955,equity_%,3.757360344164266e-05,2280.0356183553845,5.095347301932628e-07,1.0190694603865255e-08,"Method: equity_%, ATR: 3925149.52, Risk: 2280.04"
2024-01-02 16:00:00,USDJPY,2799045.7120746565,-135.1385485940823,equity_%,-6.026333112979282e-06,2279.514586193082,7.145292380800732e-07,1.4290584761601462e-08,"Method: equity_%, ATR: 2799045.71, Risk: 2279.51"
2024-01-02 17:00:00,USDJPY,1699163.4919842067,-276.3679746432411,equity_%,-4.856655566799978e-06,2280.6581251244625,1.177049771511092e-06,2.3540995430221842e-08,"Method: equity_%, ATR: 1699163.49, Risk: 2280.66"
2024-01-02 18:00:00,USDJPY,2804875.483316763,-195.7413645049591,equity_%,-4.151088468186393e-06,2279.072742495762,7.13044130442112e-07,1.426088260884224e-08,"Method: equity_%, ATR: 2804875.48, Risk: 2279.07"
2024-01-02 19:00:00,USDJPY,1827624.867806273,-97.31338208188112,equity_%,-1.2813144197616134e-05,2278.8478969364287,1.0943164733803561e-06,2.1886329467607123e-08,"Method: equity_%, ATR: 1827624.87, Risk: 2278.85"
2024-01-02 20:00:00,USDJPY,1163138.5560089601,-140.64251798268975,equity_%,-1.3923691362456422e-05,2277.731213028492,1.7194856018379576e-06,3.4389712036759145e-08,"Method: equity_%, ATR: 1163138.56, Risk: 2277.73"
2024-01-02 21:00:00,USDJPY,2412639.60312741,-356.60788823502105,equity_%,-2.6459430102105096e-06,2276.4802345992393,8.289675745218962e-07,1.6579351490437925e-08,"Method: equity_%, ATR: 2412639.60, Risk: 2276.48"
2024-01-02 22:00:00,USDJPY,627850.1991955249,-327.31114205602955,equity_%,-1.1078125425859582e-05,2276.5809829652167,3.185473226834417e-06,6.370946453668834e-08,"Method: equity_%, ATR: 627850.20, Risk: 2276.58"
2024-01-02 23:00:00,USDJPY,1848153.2227764954,-236.76443957307043,equity_%,-5.2084545844470655e-06,2279.0997339639953,1.082161357268519e-06,2.1643227145370382e-08,"Method: equity_%, ATR: 1848153.22, Risk: 2279.10"
2024-01-03 00:00:00,USDJPY,1113049.9865152251,-247.41555880438378,equity_%,-8.271710031665302e-06,2277.912182495032,1.7968644932665318e-06,3.5937289865330635e-08,"Method: equity_%, ATR: 1113049.99, Risk: 2277.91"
2024-01-03 01:00:00,USDJPY,2033945.4737853012,-137.254812730854,equity_%,-8.17314342164665e-06,2281.6866830069657,9.833105291057158e-07,1.9666210582114314e-08,"Method: equity_%, ATR: 2033945.47, Risk: 2281.69"
2024-01-03 02:00:00,USDJPY,1390707.196478097,-21.24582358606557,equity_%,-7.722377324647549e-05,2281.709186633458,1.4381172435613402e-06,2.8762344871226806e-08,"Method: equity_%, ATR: 1390707.20, Risk: 2281.71"
2024-01-03 03:00:00,USDJPY,2474242.7907613884,79.86325043043861,equity_%,1.1543801305926795e-05,2281.067508668945,8.083281105103466e-07,1.6166562210206933e-08,"Method: equity_%, ATR: 2474242.79, Risk: 2281.07"
2024-01-03 04:00:00,USDJPY,5225601.440056447,-229.2190971826641,equity_%,-1.905783917437706e-06,2282.762544740755,3.8273106415448243e-07,7.65462128308965e-09,"Method: equity_%, ATR: 5225601.44, Risk: 2282.76"
2024-01-03 05:00:00,USDJPY,1879630.2250987957,-365.3175164285093,equity_%,-3.3318222853164704e-06,2287.835239770068,1.0640390717780022e-06,2.1280781435560045e-08,"Method: equity_%, ATR: 1879630.23, Risk: 2287.84"
2024-01-03 06:00:00,USDJPY,2114768.917121323,-239.78327993218832,equity_%,-4.5124253974485165e-06,2288.1887705211684,9.457298070762508e-07,1.8914596141525016e-08,"Method: equity_%, ATR: 2114768.92, Risk: 2288.19"
2024-01-03 07:00:00,USDJPY,3563348.6198113714,-277.86585087684034,equity_%,-2.309881918204619e-06,2287.0900735859095,5.612698092127375e-07,1.122539618425475e-08,"Method: equity_%, ATR: 3563348.62, Risk: 2287.09"
2024-01-03 08:00:00,USDJPY,1374955.4912369524,-371.1647482244186,equity_%,-4.483432685350892e-06,2288.0526585953553,1.454592539719768e-06,2.909185079439536e-08,"Method: equity_%, ATR: 1374955.49, Risk: 2288.05"
2024-01-03 09:00:00,USDJPY,2014900.399787669,-489.3646199914344,equity_%,-2.3202183327129856e-06,2287.783927466527,9.926048951157889e-07,1.985209790231578e-08,"Method: equity_%, ATR: 2014900.40, Risk: 2287.78"
2024-01-03 10:00:00,USDJPY,884933.9077465516,-455.5844475520543,equity_%,-5.680381405645998e-06,2290.114641041817,2.260055787773936e-06,4.520111575547872e-08,"Method: equity_%, ATR: 884933.91, Risk: 2290.11"
2024-01-03 11:00:00,USDJPY,2278995.9915520786,-593.5985285615602,equity_%,-1.6927406249777533e-06,2289.954188762686,8.775794285789541e-07,1.7551588571579082e-08,"Method: equity_%, ATR: 2278995.99, Risk: 2289.95"
2024-01-03 12:00:00,USDJPY,969943.9708140903,-505.490725966762,equity_%,-4.673588305659374e-06,2291.4495126716383,2.0619747739875805e-06,4.1239495479751605e-08,"Method: equity_%, ATR: 969943.97, Risk: 2291.45"
2024-01-03 13:00:00,USDJPY,2762980.1129665338,-459.41565550982386,equity_%,-1.8047121919853385e-06,2290.822826242937,7.238560967609196e-07,1.447712193521839e-08,"Method: equity_%, ATR: 2762980.11, Risk: 2290.82"
2024-01-03 14:00:00,USDJPY,4145371.7944239737,-815.7561814159441,equity_%,-6.767076070385095e-07,2288.363014848084,4.82465771270563e-07,9.649315425411259e-09,"Method: equity_%, ATR: 4145371.79, Risk: 2288.36"
2024-01-03 15:00:00,USDJPY,1075551.8660573808,-820.8891506513648,equity_%,-2.591635051770789e-06,2288.177543417581,1.8595105109448063e-06,3.719021021889613e-08,"Method: equity_%, ATR: 1075551.87, Risk: 2288.18"
2024-01-03 16:00:00,USDJPY,3493662.463881221,-978.4031176325901,equity_%,-6.694425234034926e-07,2288.2952930191886,5.724651481580553e-07,1.1449302963161109e-08,"Method: equity_%, ATR: 3493662.46, Risk: 2288.30"
2024-01-03 17:00:00,USDJPY,645679.5847911485,-1008.5260677324785,equity_%,-3.510965870041761e-06,2286.287231038891,3.0975115941553585e-06,6.195023188310717e-08,"Method: equity_%, ATR: 645679.58, Risk: 2286.29"
2024-01-03 18:00:00,USDJPY,2691787.7347459616,-1099.2782053861933,equity_%,-7.725116455793446e-07,2285.880183075557,7.430006364111585e-07,1.4860012728223169e-08,"Method: equity_%, ATR: 2691787.73, Risk: 2285.88"
2024-01-03 19:00:00,USDJPY,2972333.462037959,-957.544989252192,equity_%,-8.032496598829464e-07,2286.1634071392023,6.72872013030703e-07,1.345744026061406e-08,"Method: equity_%, ATR: 2972333.46, Risk: 2286.16"
2024-01-03 20:00:00,USDJPY,1121438.431712188,-871.0464645433944,equity_%,-2.3411596299190736e-06,2286.9032113554526,1.7834238094965614e-06,3.5668476189931235e-08,"Method: equity_%, ATR: 1121438.43, Risk: 2286.90"
2024-01-03 21:00:00,USDJPY,1770276.4775498076,-943.1057182668351,equity_%,-1.368637772679342e-06,2285.0199630375546,1.1297670309488304e-06,2.259534061897661e-08,"Method: equity_%, ATR: 1770276.48, Risk: 2285.02"
2024-01-03 22:00:00,USDJPY,550145.569283834,-907.7900541996506,equity_%,-4.575277233199226e-06,2284.96974830513,3.635401449481001e-06,7.270802898962001e-08,"Method: equity_%, ATR: 550145.57, Risk: 2284.97"
2024-01-03 23:00:00,USDJPY,1205134.9250508314,-916.5959081856612,equity_%,-2.070202082589873e-06,2286.7902289266513,1.6595652141735433e-06,3.3191304283470865e-08,"Method: equity_%, ATR: 1205134.93, Risk: 2286.79"
2024-01-04 00:00:00,USDJPY,1405729.3726951503,-954.3733333639697,equity_%,-1.7050212331788659e-06,2287.440505655298,1.4227489578349477e-06,2.845497915669895e-08,"Method: equity_%, ATR: 1405729.37, Risk: 2287.44"
2024-01-04 01:00:00,USDJPY,889637.0986371301,-974.961536705849,equity_%,-2.6365420546625813e-06,2286.8362651656325,2.2481076869027582e-06,4.4962153738055166e-08,"Method: equity_%, ATR: 889637.10, Risk: 2286.84"
2024-01-04 02:00:00,USDJPY,1180996.2797860135,-902.0770432709677,equity_%,-2.1468595591455746e-06,2287.1560416851103,1.693485436179683e-06,3.3869708723593656e-08,"Method: equity_%, ATR: 1180996.28, Risk: 2287.16"
2024-01-04 03:00:00,USDJPY,3804556.9851495964,-1098.9930525352138,equity_%,-5.475008196376702e-07,2289.2004048769372,5.256853840819417e-07,1.0513707681638834e-08,"Method: equity_%, ATR: 3804556.99, Risk: 2289.20"
2024-01-04 04:00:00,USDJPY,1113563.3155463666,-1097.1656856040568,equity_%,-1.8768244485050086e-06,2293.0355293247453,1.796036176908994e-06,3.592072353817988e-08,"Method: equity_%, ATR: 1113563.32, Risk: 2293.04"
2024-01-04 05:00:00,USDJPY,1418905.665246484,-1173.1970662154934,equity_%,-1.3771424655796743e-06,2292.468418196847,1.4095369755624818e-06,2.8190739511249635e-08,"Method: equity_%, ATR: 1418905.67, Risk: 2292.47"
2024-01-04 06:00:00,USDJPY,763033.2688883436,-1194.2216292095686,equity_%,-2.518431905089344e-06,2294.872804020146,2.6211176911247685e-06,5.242235382249537e-08,"Method: equity_%, ATR: 763033.27, Risk: 2294.87"
2024-01-04 07:00:00,USDJPY,1977690.848774273,-1282.5842573828518,equity_%,-9.05680685420378e-07,2297.3090055978937,1.0112804037292046e-06,2.0225608074584093e-08,"Method: equity_%, ATR: 1977690.85, Risk: 2297.31"
2024-01-04 08:00:00,USDJPY,2258186.168992959,-1189.2970027311565,equity_%,-8.551263168874283e-07,2296.5734497047424,8.856665705697341e-07,1.7713331411394682e-08,"Method: equity_%, ATR: 2258186.17, Risk: 2296.57"
2024-01-04 09:00:00,USDJPY,1389404.3950053584,-1303.2715231097714,equity_%,-1.2680008894660624e-06,2296.0594695147606,1.4394657215635823e-06,2.8789314431271644e-08,"Method: equity_%, ATR: 1389404.40, Risk: 2296.06"
2024-01-04 10:00:00,USDJPY,2441352.545235959,-1219.4681791439507,equity_%,-7.710887682331546e-07,2295.6482703433007,8.192180207249414e-07,1.6384360414498827e-08,"Method: equity_%, ATR: 2441352.55, Risk: 2295.65"
2024-01-04 11:00:00,USDJPY,840305.1909278702,-1198.6878116731052,equity_%,-2.2776291056912755e-06,2294.17287071402,2.3800876414812907e-06,4.760175282962581e-08,"Method: equity_%, ATR: 840305.19, Risk: 2294.17"
2024-01-04 12:00:00,USDJPY,1229679.0167035875,-1155.2259415008825,equity_%,-1.6151378316474984e-06,2294.3955139271125,1.6264406994285541e-06,3.252881398857109e-08,"Method: equity_%, ATR: 1229679.02, Risk: 2294.40"
2024-01-04 13:00:00,USDJPY,2591644.152904012,-1356.6507814525107,equity_%,-6.537020941969471e-07,2298.3878429806464,7.717108839031557e-07,1.5434217678063113e-08,"Method: equity_%, ATR: 2591644.15, Risk: 2298.39"
2024-01-04 14:00:00,USDJPY,6253658.156729818,-1698.2852081348517,equity_%,-2.1647065681573964e-07,2299.0255595963176,3.1981281193755656e-07,6.396256238751132e-09,"Method: equity_%, ATR: 6253658.16, Risk: 2299.03"
2024-01-04 15:00:00,USDJPY,562301.9484095426,-1684.6908422299734,equity_%,-2.425877369828639e-06,2298.045623680602,3.5568078781461657e-06,7.113615756292331e-08,"Method: equity_%, ATR: 562301.95, Risk: 2298.05"
2024-01-04 16:00:00,USDJPY,1093917.4395612667,-1689.8862113166826,equity_%,-1.243654180023897e-06,2299.014139383537,1.82829153980956e-06,3.65658307961912e-08,"Method: equity_%, ATR: 1093917.44, Risk: 2299.01"
2024-01-04 17:00:00,USDJPY,1289408.805371097,-1685.270211025597,equity_%,-1.0593440111092885e-06,2301.9569191623923,1.5510984504440328e-06,3.1021969008880656e-08,"Method: equity_%, ATR: 1289408.81, Risk: 2301.96"
2024-01-04 18:00:00,USDJPY,859018.1591776081,-1634.4980271234172,equity_%,-1.6408401420512154e-06,2303.843730537477,2.328239489040285e-06,4.65647897808057e-08,"Method: equity_%, ATR: 859018.16, Risk: 2303.84"
2024-01-04 19:00:00,USDJPY,565790.0989738574,-1676.1217127939026,equity_%,-2.432102840189231e-06,2306.4435524424584,3.5348798143115113e-06,7.069759628623023e-08,"Method: equity_%, ATR: 565790.10, Risk: 2306.44"
2024-01-04 20:00:00,USDJPY,1620652.1598442623,-1693.8935032705756,equity_%,-8.402183664661027e-07,2306.577680561253,1.2340711039389179e-06,2.468142207877836e-08,"Method: equity_%, ATR: 1620652.16, Risk: 2306.58"
2024-01-04 21:00:00,USDJPY,846651.4134615181,-1702.6970503936175,equity_%,-1.6010149345024375e-06,2308.0085033667133,2.3622472817036213e-06,4.724494563407242e-08,"Method: equity_%, ATR: 846651.41, Risk: 2308.01"
2024-01-04 22:00:00,USDJPY,1358344.3478963205,-1685.4878905758685,equity_%,-1.0083878555511464e-06,2308.6767180010206,1.47238069867734e-06,2.9447613973546803e-08,"Method: equity_%, ATR: 1358344.35, Risk: 2308.68"
2024-01-04 23:00:00,USDJPY,3506028.0251018004,-1489.6266039548436,equity_%,-4.417434859745776e-07,2307.08160944076,5.70446096175152e-07,1.140892192350304e-08,"Method: equity_%, ATR: 3506028.03, Risk: 2307.08"
2024-01-05 00:00:00,USDJPY,1758884.9449478402,-1504.9736368672245,equity_%,-8.716690809759216e-07,2307.3738443262287,1.137084040513696e-06,2.2741680810273924e-08,"Method: equity_%, ATR: 1758884.94, Risk: 2307.37"
2024-01-05 01:00:00,USDJPY,1355219.4577367664,-1572.8304569851516,equity_%,-1.0827573925444036e-06,2307.9303402902137,1.4757757413991278e-06,2.9515514827982556e-08,"Method: equity_%, ATR: 1355219.46, Risk: 2307.93"
2024-01-05 02:00:00,USDJPY,432043.5784536744,-1594.8059907824952,equity_%,-3.3462243996764146e-06,2305.6345665025,4.6291626579850875e-06,9.258325315970176e-08,"Method: equity_%, ATR: 432043.58, Risk: 2305.63"
2024-01-05 03:00:00,USDJPY,4082484.078539255,-1854.0382213237683,equity_%,-3.0448726196887584e-07,2304.6889075092886,4.898978076886011e-07,9.797956153772024e-09,"Method: equity_%, ATR: 4082484.08, Risk: 2304.69"
2024-01-05 04:00:00,USDJPY,1333676.7468198854,-1943.951521702024,equity_%,-8.89122341240262e-07,2305.1411971987413,1.499613759307826e-06,2.9992275186156514e-08,"Method: equity_%, ATR: 1333676.75, Risk: 2305.14"
2024-01-05 05:00:00,USDJPY,1278793.4873705625,-1982.2628349942743,equity_%,-9.084463564485817e-07,2302.8250328174754,1.5639741832845677e-06,3.1279483665691356e-08,"Method: equity_%, ATR: 1278793.49, Risk: 2302.83"
2024-01-05 06:00:00,USDJPY,1466307.8318888939,-2006.8328971489873,equity_%,-7.822125899488716e-07,2301.7659837870838,1.3639700726576665e-06,2.7279401453153327e-08,"Method: equity_%, ATR: 1466307.83, Risk: 2301.77"
2024-01-05 07:00:00,USDJPY,1300209.2599186061,-2081.385127126752,equity_%,-8.51012279411817e-07,2303.0402505897223,1.538213933444222e-06,3.076427866888445e-08,"Method: equity_%, ATR: 1300209.26, Risk: 2303.04"
2024-01-05 08:00:00,USDJPY,1298535.4231605174,-2113.4358199841395,equity_%,-8.395533026778035e-07,2304.0459692331165,1.5401967203422003e-06,3.080393440684401e-08,"Method: equity_%, ATR: 1298535.42, Risk: 2304.05"
2024-01-05 09:00:00,USDJPY,2064376.897722309,-2230.1342219689577,equity_%,-5.005923671146628e-07,2304.64594530205,9.688153370669192e-07,1.9376306741338382e-08,"Method: equity_%, ATR: 2064376.90, Risk: 2304.65"
2024-01-05 10:00:00,USDJPY,2422397.029304875,-2389.297105017192,equity_%,-3.9837885529590305e-07,2305.7475799206804,8.256284893867768e-07,1.6512569787735538e-08,"Method: equity_%, ATR: 2422397.03, Risk: 2305.75"
2024-01-05 11:00:00,USDJPY,1252919.1623210362,-2434.785656704636,equity_%,-7.55773689671604e-07,2305.5553617694068,1.5962721779232704e-06,3.1925443558465414e-08,"Method: equity_%, ATR: 1252919.16, Risk: 2305.56"
2024-01-05 12:00:00,USDJPY,1320113.938706977,-2556.4289796244925,equity_%,-6.829920376415438e-07,2304.94618133494,1.515020742799638e-06,3.030041485599276e-08,"Method: equity_%, ATR: 1320113.94, Risk: 2304.95"
2024-01-05 13:00:00,USDJPY,1074816.6876167215,-2593.290139382142,equity_%,-8.271014823493718e-07,2305.3894880093726,1.8607824227541192e-06,3.721564845508238e-08,"Method: equity_%, ATR: 1074816.69, Risk: 2305.39"
2024-01-05 14:00:00,USDJPY,1467427.9847941352,-2564.412531976632,equity_%,-6.122866270988896e-07,2304.090120729535,1.3629288937682206e-06,2.7258577875364413e-08,"Method: equity_%, ATR: 1467427.98, Risk: 2304.09"
2024-01-05 15:00:00,USDJPY,4263455.4510005275,-2826.2377226879835,equity_%,-1.9113888307090224e-07,2303.135354229066,4.6910306041327327e-07,9.382061208265466e-09,"Method: equity_%, ATR: 4263455.45, Risk: 2303.14"
2024-01-05 16:00:00,USDJPY,430985.1999125885,-2827.2827802734723,equity_%,-1.8890381586385241e-06,2301.8251746787296,4.6405305806455436e-06,9.281061161291086e-08,"Method: equity_%, ATR: 430985.20, Risk: 2301.83"
2024-01-05 17:00:00,USDJPY,547030.1996200942,-2821.1779576157724,equity_%,-1.4935841615532502e-06,2305.00294392066,3.6561052778968618e-06,7.312210555793724e-08,"Method: equity_%, ATR: 547030.20, Risk: 2305.00"
2024-01-05 18:00:00,USDJPY,2086510.506738282,-2886.18338719386,equity_%,-3.826492692857371e-07,2304.3337827657056,9.58538187821772e-07,1.9170763756435442e-08,"Method: equity_%, ATR: 2086510.51, Risk: 2304.33"
2024-01-05 19:00:00,USDJPY,2239295.125606868,-2881.8388502188914,equity_%,-3.575441078087524e-07,2307.334989582738,8.931381920719283e-07,1.7862763841438566e-08,"Method: equity_%, ATR: 2239295.13, Risk: 2307.33"
2024-01-05 20:00:00,USDJPY,1676916.6947450049,-2729.170070401743,equity_%,-5.044435834165442e-07,2308.6318901500404,1.1926650896060903e-06,2.3853301792121805e-08,"Method: equity_%, ATR: 1676916.69, Risk: 2308.63"
2024-01-05 21:00:00,USDJPY,1839913.2845724444,-2648.7172857424184,equity_%,-4.738640033175851e-07,2309.3336297995847,1.0870077501857684e-06,2.174015500371537e-08,"Method: equity_%, ATR: 1839913.28, Risk: 2309.33"
2024-01-05 22:00:00,USDJPY,2109314.090831626,-2758.7113367713205,equity_%,-3.9660297837086305e-07,2307.82824761822,9.481755271503792e-07,1.8963510543007583e-08,"Method: equity_%, ATR: 2109314.09, Risk: 2307.83"
2024-01-05 23:00:00,USDJPY,1818796.9512236577,-2832.6153215908275,equity_%,-4.4790346777937583e-07,2307.577216304856,1.0996279703759298e-06,2.19925594075186e-08,"Method: equity_%, ATR: 1818796.95, Risk: 2307.58"
2024-01-06 00:00:00,USDJPY,809980.53981064,-2892.9320615934803,equity_%,-9.856037855784723e-07,2309.485194433615,2.4691951246971523e-06,4.9383902493943044e-08,"Method: equity_%, ATR: 809980.54, Risk: 2309.49"
2024-01-06 01:00:00,USDJPY,1080712.8915498878,-2960.121513506228,equity_%,-7.216706156565157e-07,2308.654234526915,1.8506302789927218e-06,3.701260557985443e-08,"Method: equity_%, ATR: 1080712.89, Risk: 2308.65"
2024-01-06 02:00:00,USDJPY,1663721.679362634,-3061.680429497337,equity_%,-4.5266168266478787e-07,2305.760884478432,1.202124144205534e-06,2.4042482884110682e-08,"Method: equity_%, ATR: 1663721.68, Risk: 2305.76"
2024-01-06 03:00:00,USDJPY,1484717.7573935005,-3106.7836538634742,equity_%,-4.994884110789296e-07,2303.9886250260224,1.347057371706192e-06,2.6941147434123837e-08,"Method: equity_%, ATR: 1484717.76, Risk: 2303.99"
2024-01-06 04:00:00,USDJPY,1004811.2822129951,-3033.0390485425246,equity_%,-7.555906424793063e-07,2302.7621116379805,1.9904235107663225e-06,3.980847021532646e-08,"Method: equity_%, ATR: 1004811.28, Risk: 2302.76"
2024-01-06 05:00:00,USDJPY,2257422.5970333326,-3113.278134553925,equity_%,-3.2745134745125156e-07,2301.32296550762,8.859661468031581e-07,1.7719322936063162e-08,"Method: equity_%, ATR: 2257422.60, Risk: 2301.32"
2024-01-06 06:00:00,USDJPY,930356.1560598337,-3067.8754369869457,equity_%,-8.071168710166663e-07,2303.6865318712894,2.1497143722574294e-06,4.2994287445148587e-08,"Method: equity_%, ATR: 930356.16, Risk: 2303.69"
2024-01-06 07:00:00,USDJPY,5308881.254303083,-3231.2683804758553,equity_%,-1.3428746426507484e-07,2303.623580562134,3.767272056384595e-07,7.53454411276919e-09,"Method: equity_%, ATR: 5308881.25, Risk: 2303.62"
2024-01-06 08:00:00,USDJPY,1542520.0605991676,-3093.194305121684,equity_%,-4.830845131580858e-07,2304.9480297888904,1.2965795720174504e-06,2.5931591440349006e-08,"Method: equity_%, ATR: 1542520.06, Risk: 2304.95"
2024-01-06 09:00:00,USDJPY,3001424.7230912223,-3181.543551849515,equity_%,-2.415454196642579e-07,2306.5566987971297,6.663502118221254e-07,1.3327004236442508e-08,"Method: equity_%, ATR: 3001424.72, Risk: 2306.56"
2024-01-06 10:00:00,USDJPY,2492045.390495414,-3195.708152075174,equity_%,-2.900490610060173e-07,2309.9071477082653,8.025536001984313e-07,1.6051072003968626e-08,"Method: equity_%, ATR: 2492045.39, Risk: 2309.91"
2024-01-06 11:00:00,USDJPY,1423892.882324635,-3129.4549275621184,equity_%,-5.189646150798524e-07,2312.5107862886675,1.4046000403729933e-06,2.8092000807459867e-08,"Method: equity_%, ATR: 1423892.88, Risk: 2312.51"
2024-01-06 12:00:00,USDJPY,1332558.3737297165,-3165.825725844319,equity_%,-5.476921714711794e-07,2310.5202541686645,1.5008723365732729e-06,3.001744673146546e-08,"Method: equity_%, ATR: 1332558.37, Risk: 2310.52"
2024-01-06 13:00:00,USDJPY,2363124.6797996527,-3090.6441343001234,equity_%,-3.1630797594325527e-07,2310.1797941048953,8.463370625749469e-07,1.6926741251498938e-08,"Method: equity_%, ATR: 2363124.68, Risk: 2310.18"
2024-01-06 14:00:00,USDJPY,1453817.3518807662,-3122.066896425808,equity_%,-5.093237421922551e-07,2311.777187429538,1.3756886292577614e-06,2.751377258515523e-08,"Method: equity_%, ATR: 1453817.35, Risk: 2311.78"
2024-01-06 15:00:00,USDJPY,2458266.615296175,-3030.373485809316,equity_%,-3.103506669669022e-07,2311.9467329710164,8.135814022593469e-07,1.6271628045186937e-08,"Method: equity_%, ATR: 2458266.62, Risk: 2311.95"
2024-01-06 16:00:00,USDJPY,2793272.932662121,-2819.0210680237155,equity_%,-2.9377271749517993e-07,2313.2531127517987,7.160059357657919e-07,1.4320118715315841e-08,"Method: equity_%, ATR: 2793272.93, Risk: 2313.25"
2024-01-06 17:00:00,USDJPY,575906.863159089,-2802.4534969894326,equity_%,-1.4330686577556732e-06,2312.904316662373,3.4727837571324762e-06,6.945567514264953e-08,"Method: equity_%, ATR: 575906.86, Risk: 2312.90"
2024-01-06 18:00:00,USDJPY,1475769.947105373,-2914.984481425705,equity_%,-5.372753237798545e-07,2311.2759678971347,1.3552247787149143e-06,2.7104495574298286e-08,"Method: equity_%, ATR: 1475769.95, Risk: 2311.28"
2024-01-06 19:00:00,USDJPY,1998406.0988531883,-2760.607585644802,equity_%,-4.1869784931737344e-07,2309.878590526386,1.0007975862101935e-06,2.001595172420387e-08,"Method: equity_%, ATR: 1998406.10, Risk: 2309.88"
2024-01-06 20:00:00,USDJPY,769200.9006369199,-2738.6319412007147,equity_%,-1.0974113990758997e-06,2311.760932864612,2.600100959767395e-06,5.20020191953479e-08,"Method: equity_%, ATR: 769200.90, Risk: 2311.76"
2024-01-06 21:00:00,USDJPY,1844980.9252030444,-2603.8953688524775,equity_%,-4.810313843980818e-07,2310.9408098873405,1.0840220474257183e-06,2.1680440948514364e-08,"Method: equity_%, ATR: 1844980.93, Risk: 2310.94"
2024-01-06 22:00:00,USDJPY,1983790.1590232968,-2695.984486914777,equity_%,-4.3162805217294034e-07,2308.46228094414,1.0081711469849635e-06,2.016342293969927e-08,"Method: equity_%, ATR: 1983790.16, Risk: 2308.46"
2024-01-06 23:00:00,USDJPY,3921424.260823433,-2916.261452709744,equity_%,-2.017736476332313e-07,2307.462936463573,5.100187755711069e-07,1.0200375511422136e-08,"Method: equity_%, ATR: 3921424.26, Risk: 2307.46"
2024-01-07 00:00:00,USDJPY,1122139.5784561993,-2968.7290967730123,equity_%,-6.918590450506752e-07,2304.8096974766054,1.782309472366647e-06,3.564618944733294e-08,"Method: equity_%, ATR: 1122139.58, Risk: 2304.81"
2024-01-07 01:00:00,USDJPY,1877116.2343328206,-3012.920221704182,equity_%,-4.0802810010980027e-07,2307.644319073547,1.0654641217307757e-06,2.130928243461552e-08,"Method: equity_%, ATR: 1877116.23, Risk: 2307.64"
2024-01-07 02:00:00,USDJPY,1078858.3103921746,-2957.7405697130666,equity_%,-7.222647753134495e-07,2304.734614915285,1.853811553134333e-06,3.707623106268666e-08,"Method: equity_%, ATR: 1078858.31, Risk: 2304.73"
2024-01-07 03:00:00,USDJPY,2164080.863678719,-2897.5860343246804,equity_%,-3.672580866449588e-07,2302.932409824948,9.241798832785766e-07,1.8483597665571536e-08,"Method: equity_%, ATR: 2164080.86, Risk: 2302.93"
2024-01-07 04:00:00,USDJPY,1261296.0919185888,-2829.7606676704136,equity_%,-6.455122403909006e-07,2303.94038694597,1.5856704962573462e-06,3.1713409925146923e-08,"Method: equity_%, ATR: 1261296.09, Risk: 2303.94"
2024-01-07 05:00:00,USDJPY,1057428.3180342172,-2799.3747949657522,equity_%,-7.794092728839886e-07,2307.1591472800033,1.891381161153358e-06,3.782762322306716e-08,"Method: equity_%, ATR: 1057428.32, Risk: 2307.16"
2024-01-07 06:00:00,USDJPY,1120634.181493774,-2845.9170967932214,equity_%,-7.236915646927573e-07,2308.0202791430447,1.7847037267184334e-06,3.569407453436867e-08,"Method: equity_%, ATR: 1120634.18, Risk: 2308.02"
2024-01-07 07:00:00,USDJPY,1128065.2902925976,-2815.9595469850465,equity_%,-7.260955081182666e-07,2306.5049882674466,1.7729470246187969e-06,3.5458940492375945e-08,"Method: equity_%, ATR: 1128065.29, Risk: 2306.50"
2024-01-07 08:00:00,USDJPY,1689650.0395047907,-2927.088026490515,equity_%,-4.6663661956979347e-07,2307.870114248837,1.183677065214148e-06,2.3673541304282954e-08,"Method: equity_%, ATR: 1689650.04, Risk: 2307.87"
2024-01-07 09:00:00,USDJPY,2207982.513072784,-3007.673968272657,equity_%,-3.4739346478037946e-07,2307.0023167848613,9.058042752415912e-07,1.8116085504831824e-08,"Method: equity_%, ATR: 2207982.51, Risk: 2307.00"
2024-01-07 10:00:00,USDJPY,1082938.405356781,-2948.362890146865,equity_%,-7.227718810137305e-07,2307.735018958077,1.8468271049460904e-06,3.693654209892181e-08,"Method: equity_%, ATR: 1082938.41, Risk: 2307.74"
2024-01-07 11:00:00,USDJPY,1296692.1974839305,-3072.1496356094044,equity_%,-5.794183647659903e-07,2308.1898069594904,1.54238608351369e-06,3.08477216702738e-08,"Method: equity_%, ATR: 1296692.20, Risk: 2308.19"
2024-01-07 12:00:00,USDJPY,1565698.6466736088,-2996.72607808913,equity_%,-4.91744973806217e-07,2307.2526474970095,1.2773850218553119e-06,2.554770043710624e-08,"Method: equity_%, ATR: 1565698.65, Risk: 2307.25"
2024-01-07 13:00:00,USDJPY,406467.1580143658,-2972.753419248929,equity_%,-1.9097753502718295e-06,2307.6324203074128,4.9204467336800535e-06,9.840893467360105e-08,"Method: equity_%, ATR: 406467.16, Risk: 2307.63"
2024-01-07 14:00:00,USDJPY,1941799.8677603782,-2851.8685247121666,equity_%,-4.1698732648876476e-07,2309.1748715358112,1.0299722608935743e-06,2.0599445217871483e-08,"Method: equity_%, ATR: 1941799.87, Risk: 2309.17"
2024-01-07 15:00:00,USDJPY,404185.8202711364,-2844.4985874201784,equity_%,-2.009332552337623e-06,2310.141681002531,4.948219110354633e-06,9.896438220709267e-08,"Method: equity_%, ATR: 404185.82, Risk: 2310.14"
2024-01-07 16:00:00,USDJPY,2237624.413021072,-2750.033113762895,equity_%,-3.758187288321355e-07,2312.6160436159284,8.938050498384361e-07,1.7876100996768718e-08,"Method: equity_%, ATR: 2237624.41, Risk: 2312.62"
2024-01-07 17:00:00,USDJPY,2525859.9956292394,-2657.6377433598177,equity_%,-3.445292356192807e-07,2312.7630393408062,7.918095236714662e-07,1.5836190473429327e-08,"Method: equity_%, ATR: 2525860.00, Risk: 2312.76"
2024-01-07 18:00:00,USDJPY,706645.1714845106,-2614.939836404259,equity_%,-1.2521093540532728e-06,2313.690998819477,2.8302747697241417e-06,5.660549539448283e-08,"Method: equity_%, ATR: 706645.17, Risk: 2313.69"
2024-01-07 19:00:00,USDJPY,2326359.2781601846,-2517.462306136582,equity_%,-3.949966354001722e-07,2313.3064035010348,8.597124351238268e-07,1.7194248702476536e-08,"Method: equity_%, ATR: 2326359.28, Risk: 2313.31"
2024-01-07 20:00:00,USDJPY,774060.5317423842,-2515.2175611019725,equity_%,-1.1875786698423703e-06,2312.1333030450955,2.583777260284887e-06,5.167554520569774e-08,"Method: equity_%, ATR: 774060.53, Risk: 2312.13"
2024-01-07 21:00:00,USDJPY,2660748.0667913617,-2383.0482914870227,equity_%,-3.6487110527773336e-07,2313.5349825224835,7.516683089849358e-07,1.5033366179698715e-08,"Method: equity_%, ATR: 2660748.07, Risk: 2313.53"
2024-01-07 22:00:00,USDJPY,1633166.142292971,-2455.247013259473,equity_%,-5.767779946586485e-07,2312.779568218355,1.2246151498046566e-06,2.449230299609313e-08,"Method: equity_%, ATR: 1633166.14, Risk: 2312.78"
2024-01-07 23:00:00,USDJPY,346172.8413795936,-2467.4395630506697,equity_%,-2.7079027772638353e-06,2312.983764767505,5.777460739061598e-06,1.1554921478123197e-07,"Method: equity_%, ATR: 346172.84, Risk: 2312.98"
2024-01-08 00:00:00,USDJPY,2977401.2172452104,-2624.236692429907,equity_%,-2.9617145125887043e-07,2314.107652837461,6.717267355222168e-07,1.3434534710444336e-08,"Method: equity_%, ATR: 2977401.22, Risk: 2314.11"
2024-01-08 01:00:00,USDJPY,5503063.177966628,-2541.4595016222142,equity_%,-1.6559020621667314e-07,2315.9135265823024,3.6343395220459674e-07,7.268679044091936e-09,"Method: equity_%, ATR: 5503063.18, Risk: 2315.91"
2024-01-08 02:00:00,USDJPY,1173494.6609142344,-2557.1520125622433,equity_%,-7.712949985137176e-07,2314.5052971165114,1.7043111201220636e-06,3.408622240244127e-08,"Method: equity_%, ATR: 1173494.66, Risk: 2314.51"
2024-01-08 03:00:00,USDJPY,706074.4906009177,-2533.7403030413925,equity_%,-1.294862887939459e-06,2316.5218701872222,2.832562323980665e-06,5.665124647961331e-08,"Method: equity_%, ATR: 706074.49, Risk: 2316.52"
2024-01-08 04:00:00,USDJPY,1230840.4454091305,-2559.59074938266,equity_%,-7.348007516141686e-07,2314.951424613514,1.6249059798609409e-06,3.2498119597218816e-08,"Method: equity_%, ATR: 1230840.45, Risk: 2314.95"
2024-01-08 05:00:00,USDJPY,1114570.7601116102,-2592.2854897887623,equity_%,-8.014137397003985e-07,2315.5131847950493,1.7944127655024123e-06,3.5888255310048246e-08,"Method: equity_%, ATR: 1114570.76, Risk: 2315.51"
2024-01-08 06:00:00,USDJPY,1455652.8435937525,-2500.8152990733274,equity_%,-6.362289958392519e-07,2316.0764391716384,1.373953967666047e-06,2.7479079353320944e-08,"Method: equity_%, ATR: 1455652.84, Risk: 2316.08"
2024-01-08 07:00:00,USDJPY,1446310.6135510362,-2461.523775906417,equity_%,-6.505452662470421e-07,2316.024393304245,1.3828288206290105e-06,2.765657641258021e-08,"Method: equity_%, ATR: 1446310.61, Risk: 2316.02"
2024-01-08 08:00:00,USDJPY,1122151.9048496885,-2460.782030770399,equity_%,-8.386900116652868e-07,2315.9344802125975,1.7822898944041796e-06,3.564579788808359e-08,"Method: equity_%, ATR: 1122151.90, Risk: 2315.93"
2024-01-08 09:00:00,USDJPY,1538912.2187272233,-2424.7218714238766,equity_%,-6.208034489449426e-07,2316.487168071372,1.299619286702477e-06,2.5992385734049538e-08,"Method: equity_%, ATR: 1538912.22, Risk: 2316.49"
2024-01-08 10:00:00,USDJPY,1307091.456723224,-2496.85763827342,equity_%,-7.097271731556008e-07,2316.280710728111,1.5301148130933727e-06,3.0602296261867455e-08,"Method: equity_%, ATR: 1307091.46, Risk: 2316.28"
2024-01-08 11:00:00,USDJPY,2381334.9687044,-2664.5678126204725,equity_%,-3.6497751473499385e-07,2315.8657315226815,8.398650447266261e-07,1.6797300894532525e-08,"Method: equity_%, ATR: 2381334.97, Risk: 2315.87"
2024-01-08 12:00:00,USDJPY,1584303.9524630012,-2622.722458643899,equity_%,-5.577238738225905e-07,2317.4484164442906,1.2623840247894013e-06,2.5247680495788024e-08,"Method: equity_%, ATR: 1584303.95, Risk: 2317.45"
2024-01-08 13:00:00,USDJPY,742113.020026959,-2634.0022244296215,equity_%,-1.1863071643120026e-06,2318.907054277867,2.6950072913790743e-06,5.390014582758149e-08,"Method: equity_%, ATR: 742113.02, Risk: 2318.91"
2024-01-08 14:00:00,USDJPY,6852514.5351028005,-2360.2830670937024,equity_%,-1.432656951392355e-07,2317.1613051738173,2.9186366402504774e-07,5.837273280500955e-09,"Method: equity_%, ATR: 6852514.54, Risk: 2317.16"
2024-01-08 15:00:00,USDJPY,2354640.7177777975,-2197.8621237115126,equity_%,-4.4727845863331815e-07,2314.744587241339,8.493864838485885e-07,1.698772967697177e-08,"Method: equity_%, ATR: 2354640.72, Risk: 2314.74"
2024-01-08 16:00:00,USDJPY,1555634.76284663,-2196.41964584581,equity_%,-6.769165306928453e-07,2312.906512889849,1.2856488217968551e-06,2.5712976435937102e-08,"Method: equity_%, ATR: 1555634.76, Risk: 2312.91"
2024-01-08 17:00:00,USDJPY,1784565.9711321287,-2028.6891412593936,equity_%,-6.38651495024584e-07,2312.1289163095803,1.1207206863477284e-06,2.241441372695457e-08,"Method: equity_%, ATR: 1784565.97, Risk: 2312.13"
2024-01-08 18:00:00,USDJPY,1059151.7108960785,-2037.240691625193,equity_%,-1.0719490069684538e-06,2312.9947153939465,1.8883036107338498e-06,3.7766072214677005e-08,"Method: equity_%, ATR: 1059151.71, Risk: 2312.99"
2024-01-08 19:00:00,USDJPY,2040925.5986738503,-2015.4105963432853,equity_%,-5.620659854203626e-07,2311.9477478212093,9.799475303262193e-07,1.959895060652438e-08,"Method: equity_%, ATR: 2040925.60, Risk: 2311.95"
2024-01-08 20:00:00,USDJPY,2079639.1535516772,-1952.348163858118,equity_%,-5.703666885802968e-07,2315.7912407904,9.61705301895443e-07,1.9234106037908863e-08,"Method: equity_%, ATR: 2079639.15, Risk: 2315.79"
2024-01-08 21:00:00,USDJPY,1463489.6681819647,-1941.8023225702625,equity_%,-8.148231636972804e-07,2315.570689182137,1.3665965968072198e-06,2.7331931936144394e-08,"Method: equity_%, ATR: 1463489.67, Risk: 2315.57"
2024-01-08 22:00:00,USDJPY,1288502.2024916385,-2047.0777001297204,equity_%,-8.786325576100655e-07,2317.5375765186936,1.5521898186378762e-06,3.104379637275752e-08,"Method: equity_%, ATR: 1288502.20, Risk: 2317.54"
2024-01-08 23:00:00,USDJPY,2029123.2816268166,-2003.9746701291672,equity_%,-5.699498244327396e-07,2317.593616107077,9.85647357215542e-07,1.9712947144310842e-08,"Method: equity_%, ATR: 2029123.28, Risk: 2317.59"
2024-01-09 00:00:00,USDJPY,1935949.6371122396,-2022.3050516389844,equity_%,-5.92522889354673e-07,2319.774946700486,1.0330847257903369e-06,2.0661694515806737e-08,"Method: equity_%, ATR: 1935949.64, Risk: 2319.77"
2024-01-09 01:00:00,USDJPY,7031755.482327912,-2284.2306676692997,equity_%,-1.443744057752044e-07,2318.963581212464,2.844239969700832e-07,5.688479939401664e-09,"Method: equity_%, ATR: 7031755.48, Risk: 2318.96"
2024-01-09 02:00:00,USDJPY,1577900.9164205627,-2185.2732983895903,equity_%,-6.717320008779271e-07,2316.2291656232487,1.2675067104574352e-06,2.535013420914871e-08,"Method: equity_%, ATR: 1577900.92, Risk: 2316.23"
2024-01-09 03:00:00,USDJPY,849482.4506886834,-2196.5060454455734,equity_%,-1.2408216273173606e-06,2315.240808600783,2.354374711777249e-06,4.7087494235544975e-08,"Method: equity_%, ATR: 849482.45, Risk: 2315.24"
2024-01-09 04:00:00,USDJPY,715596.7419709987,-2213.5542754891776,equity_%,-1.4611408988722978e-06,2314.465050229711,2.79487018693142e-06,5.58974037386284e-08,"Method: equity_%, ATR: 715596.74, Risk: 2314.47"
2024-01-09 05:00:00,USDJPY,624683.2092120894,-2271.1367934679906,equity_%,-1.6324939798026608e-06,2316.0861751971192,3.2016227913706732e-06,6.403245582741346e-08,"Method: equity_%, ATR: 624683.21, Risk: 2316.09"
2024-01-09 06:00:00,USDJPY,4479249.872117007,-2060.5902995255974,equity_%,-2.50913412525516e-07,2315.90541411461,4.4650333361615956e-07,8.93006667232319e-09,"Method: equity_%, ATR: 4479249.87, Risk: 2315.91"
2024-01-09 07:00:00,USDJPY,3136409.127950342,-1917.0085565405896,equity_%,-3.8525600697462963e-07,2316.3606548684393,6.376719102673348e-07,1.2753438205346698e-08,"Method: equity_%, ATR: 3136409.13, Risk: 2316.36"
2024-01-09 08:00:00,USDJPY,3690549.0714784013,-1735.389805296108,equity_%,-3.6188637014800586e-07,2317.7161798485095,5.419247817232837e-07,1.0838495634465675e-08,"Method: equity_%, ATR: 3690549.07, Risk: 2317.72"
2024-01-09 09:00:00,USDJPY,1386766.7514858157,-1708.9084329356037,equity_%,-9.775590105211336e-07,2316.6754512358825,1.4422035990242418e-06,2.8844071980484837e-08,"Method: equity_%, ATR: 1386766.75, Risk: 2316.68"
2024-01-09 10:00:00,USDJPY,3793586.0869951104,-1596.411376211246,equity_%,-3.8196443631946876e-07,2313.2239845611048,5.272056450376206e-07,1.0544112900752411e-08,"Method: equity_%, ATR: 3793586.09, Risk: 2313.22"
2024-01-09 11:00:00,USDJPY,875841.1027726242,-1620.885506147868,equity_%,-1.6303188944708622e-06,2314.4628979079166,2.2835192293084437e-06,4.567038458616887e-08,"Method: equity_%, ATR: 875841.10, Risk: 2314.46"
2024-01-09 12:00:00,USDJPY,1559545.2714384056,-1487.957815266093,equity_%,-9.988380765409196e-07,2317.8412878521044,1.282425099564665e-06,2.5648501991293306e-08,"Method: equity_%, ATR: 1559545.27, Risk: 2317.84"
2024-01-09 13:00:00,USDJPY,1346625.3127631627,-1491.74732421636,equity_%,-1.153773368383622e-06,2317.728448729707,1.4851941227037885e-06,2.970388245407577e-08,"Method: equity_%, ATR: 1346625.31, Risk: 2317.73"
2024-01-09 14:00:00,USDJPY,1147611.9116842528,-1499.2975935715865,equity_%,-1.3472040596237627e-06,2318.015171741429,1.7427494256876174e-06,3.485498851375235e-08,"Method: equity_%, ATR: 1147611.91, Risk: 2318.02"
2024-01-09 15:00:00,USDJPY,1928490.851173458,-1365.8962633445585,equity_%,-8.799359882376798e-07,2317.855619246569,1.0370803671601706e-06,2.0741607343203412e-08,"Method: equity_%, ATR: 1928490.85, Risk: 2317.86"
2024-01-09 16:00:00,USDJPY,1590623.9776155395,-1425.1373021833767,equity_%,-1.0231320054646178e-06,2319.2945258108784,1.2573681952149022e-06,2.514736390429804e-08,"Method: equity_%, ATR: 1590623.98, Risk: 2319.29"
2024-01-09 17:00:00,USDJPY,3424711.478790441,-1516.9685918764753,equity_%,-4.461865632228574e-07,2318.019397782918,5.839908010897232e-07,1.167981602179446e-08,"Method: equity_%, ATR: 3424711.48, Risk: 2318.02"
2024-01-09 18:00:00,USDJPY,512091.4048272107,-1522.3189962736808,equity_%,-2.972998903952382e-06,2317.650270967122,3.9055527609857796e-06,7.811105521971561e-08,"Method: equity_%, ATR: 512091.40, Risk: 2317.65"
2024-01-09 19:00:00,USDJPY,1704931.678981627,-1560.356048344379,equity_%,-8.720782459522594e-07,2319.9901565194436,1.1730675338231855e-06,2.346135067646371e-08,"Method: equity_%, ATR: 1704931.68, Risk: 2319.99"
2024-01-09 20:00:00,USDJPY,1805198.9277589815,-1662.4843357415584,equity_%,-7.729940671584916e-07,2319.8440437101094,1.1079111389030402e-06,2.2158222778060805e-08,"Method: equity_%, ATR: 1805198.93, Risk: 2319.84"
2024-01-09 21:00:00,USDJPY,156536.58042124563,-1661.5643411954657,equity_%,-8.916706686215948e-06,2319.1961766508643,1.2776566311963169e-05,2.555313262392634e-07,"Method: equity_%, ATR: 156536.58, Risk: 2319.20"
2024-01-09 22:00:00,USDJPY,1569043.7538532796,-1607.3822269913394,equity_%,-9.196251962523875e-07,2319.3435249179806,1.2746617136000015e-06,2.5493234272000028e-08,"Method: equity_%, ATR: 1569043.75, Risk: 2319.34"
2024-01-09 23:00:00,USDJPY,3223636.536193201,-1512.1437795005688,equity_%,-4.758897581028456e-07,2319.7731359685968,6.204173384763172e-07,1.2408346769526344e-08,"Method: equity_%, ATR: 3223636.54, Risk: 2319.77"
2024-01-10 00:00:00,USDJPY,1174927.6128054748,-1535.8561843137286,equity_%,-1.2866786769714977e-06,2321.8372006194422,1.7022325275209337e-06,3.404465055041867e-08,"Method: equity_%, ATR: 1174927.61, Risk: 2321.84"
2024-01-10 01:00:00,USDJPY,601460.9988822168,-1539.2380433575825,equity_%,-2.510051524707476e-06,2323.78474534316,3.325236388921133e-06,6.650472777842266e-08,"Method: equity_%, ATR: 601461.00, Risk: 2323.78"
2024-01-10 02:00:00,USDJPY,3836991.1537437043,-1674.5626479818502,equity_%,-3.6247034112052014e-07,2328.974182510857,5.212417542450221e-07,1.0424835084900443e-08,"Method: equity_%, ATR: 3836991.15, Risk: 2328.97"
2024-01-10 03:00:00,USDJPY,7179159.060245235,-1369.1055337495497,equity_%,-2.3673764923261045e-07,2326.9006034828844,2.7858416051471095e-07,5.571683210294218e-09,"Method: equity_%, ATR: 7179159.06, Risk: 2326.90"
2024-01-10 04:00:00,USDJPY,1413346.5439637734,-1349.4728830129059,equity_%,-1.2223822274484205e-06,2331.4164168625935,1.4150811126554558e-06,2.8301622253109118e-08,"Method: equity_%, ATR: 1413346.54, Risk: 2331.42"
2024-01-10 05:00:00,USDJPY,1216713.8515900343,-1374.417315759589,equity_%,-1.3945139589064756e-06,2332.007464203745,1.643771867466082e-06,3.287543734932164e-08,"Method: equity_%, ATR: 1216713.85, Risk: 2332.01"
2024-01-10 06:00:00,USDJPY,1582203.4153301548,-1403.3666121628316,equity_%,-1.0506279336662886e-06,2332.8262901609687,1.2640599689153524e-06,2.5281199378307053e-08,"Method: equity_%, ATR: 1582203.42, Risk: 2332.83"
2024-01-10 07:00:00,USDJPY,2537334.867462903,-1285.4892262318683,equity_%,-7.160474122846633e-07,2335.543756431287,7.88228635347534e-07,1.576457270695068e-08,"Method: equity_%, ATR: 2537334.87, Risk: 2335.54"
2024-01-10 08:00:00,USDJPY,1257905.4399398002,-1257.5339282757218,equity_%,-1.4781651931579777e-06,2338.248573251607,1.589944630572322e-06,3.179889261144645e-08,"Method: equity_%, ATR: 1257905.44, Risk: 2338.25"
2024-01-10 09:00:00,USDJPY,1701064.360793739,-1332.9497782467083,equity_%,-1.0326926683014848e-06,2341.561809319437,1.1757344672524758e-06,2.3514689345049518e-08,"Method: equity_%, ATR: 1701064.36, Risk: 2341.56"
2024-01-10 10:00:00,USDJPY,1782275.0059020335,-1232.32618073959,equity_%,-1.067825077766214e-06,2345.3113638972786,1.1221612789142899e-06,2.2443225578285798e-08,"Method: equity_%, ATR: 1782275.01, Risk: 2345.31"
2024-01-10 11:00:00,USDJPY,1153467.0397186028,-1261.9345084851252,equity_%,-1.6109314066355766e-06,2344.871532901995,1.7339030341845882e-06,3.467806068369177e-08,"Method: equity_%, ATR: 1153467.04, Risk: 2344.87"
2024-01-10 12:00:00,USDJPY,907101.6543460177,-1314.345934896513,equity_%,-1.9675976263091353e-06,2345.859163782779,2.2048245534751186e-06,4.409649106950237e-08,"Method: equity_%, ATR: 907101.65, Risk: 2345.86"
2024-01-10 13:00:00,USDJPY,769249.494316648,-1331.0728842577864,equity_%,-2.2900359887576614e-06,2344.8300075966577,2.5999367107503554e-06,5.199873421500711e-08,"Method: equity_%, ATR: 769249.49, Risk: 2344.83"
2024-01-10 14:00:00,USDJPY,2770037.7339397823,-1483.0734752555413,equity_%,-5.708672488116917e-07,2345.2194136452135,7.220118251441401e-07,1.4440236502882802e-08,"Method: equity_%, ATR: 2770037.73, Risk: 2345.22"
2024-01-10 15:00:00,USDJPY,2327082.609716756,-1477.278746431757,equity_%,-6.820267955687276e-07,2344.637398576231,8.594452090566019e-07,1.7188904181132042e-08,"Method: equity_%, ATR: 2327082.61, Risk: 2344.64"
2024-01-10 16:00:00,USDJPY,1127281.901193337,-1416.716555425827,equity_%,-1.4680820187252397e-06,2344.584139350438,1.7741791098418294e-06,3.5483582196836594e-08,"Method: equity_%, ATR: 1127281.90, Risk: 2344.58"
2024-01-10 17:00:00,USDJPY,3752921.5441874657,-1468.895247699476,equity_%,-4.2551303613996045e-07,2345.7038519991297,5.329181482883928e-07,1.0658362965767857e-08,"Method: equity_%, ATR: 3752921.54, Risk: 2345.70"
2024-01-10 18:00:00,USDJPY,2209045.617005595,-1436.720619991203,equity_%,-7.399680110253531e-07,2348.4967014429444,9.053683566349524e-07,1.8107367132699046e-08,"Method: equity_%, ATR: 2209045.62, Risk: 2348.50"
2024-01-10 19:00:00,USDJPY,1575469.8330338283,-1552.5507726161272,equity_%,-9.610802806582243e-07,2350.799393397848,1.269462580663108e-06,2.5389251613262164e-08,"Method: equity_%, ATR: 1575469.83, Risk: 2350.80"
2024-01-10 20:00:00,USDJPY,3752169.282482739,-1515.9789348861107,equity_%,-4.1309768406149134e-07,2349.78620906464,5.330249915261388e-07,1.0660499830522776e-08,"Method: equity_%, ATR: 3752169.28, Risk: 2349.79"
2024-01-10 21:00:00,USDJPY,393074.0000825472,-1515.321609845059,equity_%,-3.9443635435896335e-06,2349.395167634427,5.088100458386949e-06,1.0176200916773898e-07,"Method: equity_%, ATR: 393074.00, Risk: 2349.40"
2024-01-10 22:00:00,USDJPY,1082320.9991985778,-1535.679193150636,equity_%,-1.4130843677457363e-06,2348.6844736429484,1.8478806208887495e-06,3.6957612417774994e-08,"Method: equity_%, ATR: 1082321.00, Risk: 2348.68"
2024-01-10 23:00:00,USDJPY,1470551.2894524464,-1505.0394229706549,equity_%,-1.061057880737066e-06,2348.3732654652663,1.3600341683727955e-06,2.720068336745591e-08,"Method: equity_%, ATR: 1470551.29, Risk: 2348.37"
2024-01-11 00:00:00,USDJPY,1119084.8674567475,-1572.7321996262817,equity_%,-1.3330590022950958e-06,2346.2115785501815,1.7871745549962052e-06,3.5743491099924105e-08,"Method: equity_%, ATR: 1119084.87, Risk: 2346.21"
2024-01-11 01:00:00,USDJPY,1526964.4048673853,-1605.1157389936382,equity_%,-9.567378273666285e-07,2344.9209781513296,1.3097882266441552e-06,2.6195764532883107e-08,"Method: equity_%, ATR: 1526964.40, Risk: 2344.92"
2024-01-11 02:00:00,USDJPY,1218332.9925128033,-1687.7552781031175,equity_%,-1.1404282975728297e-06,2345.0033360059792,1.6415873265280404e-06,3.2831746530560816e-08,"Method: equity_%, ATR: 1218332.99, Risk: 2345.00"
2024-01-11 03:00:00,USDJPY,930815.544333766,-1713.2977271080254,equity_%,-1.470849904330037e-06,2345.6587069638417,2.1486534170757817e-06,4.2973068341515636e-08,"Method: equity_%, ATR: 930815.54, Risk: 2345.66"
2024-01-11 04:00:00,USDJPY,1119001.4526994606,-1606.0558886755302,equity_%,-1.3055986815043516e-06,2346.3943664215,1.7873077779972788e-06,3.574615555994558e-08,"Method: equity_%, ATR: 1119001.45, Risk: 2346.39"
2024-01-11 05:00:00,USDJPY,1284795.7163000365,-1536.5685254250134,equity_%,-1.1888501540063663e-06,2347.000225405966,1.5566677057109233e-06,3.113335411421847e-08,"Method: equity_%, ATR: 1284795.72, Risk: 2347.00"
2024-01-11 06:00:00,USDJPY,1119927.3679669204,-1567.3906731751715,equity_%,-1.3378283714245535e-06,2348.375374992348,1.7858300968488115e-06,3.571660193697623e-08,"Method: equity_%, ATR: 1119927.37, Risk: 2348.38"
2024-01-11 07:00:00,USDJPY,2517647.375147476,-1690.3511781400975,equity_%,-5.5182983949684e-07,2348.4267766607086,7.943924235548858e-07,1.5887848471097713e-08,"Method: equity_%, ATR: 2517647.38, Risk: 2348.43"
2024-01-11 08:00:00,USDJPY,1210470.602608043,-1652.9984567459182,equity_%,-1.173748516024121e-06,2348.5604928618354,1.6522499560839075e-06,3.304499912167814e-08,"Method: equity_%, ATR: 1210470.60, Risk: 2348.56"
2024-01-11 09:00:00,USDJPY,3478022.176764696,-1912.2830326864892,equity_%,-3.529155775851689e-07,2347.2283766246787,5.750394616116069e-07,1.1500789232232139e-08,"Method: equity_%, ATR: 3478022.18, Risk: 2347.23"
2024-01-11 10:00:00,USDJPY,1019527.7365771699,-1929.0760501965844,equity_%,-1.1944760098955388e-06,2349.231558550376,1.9616925839747537e-06,3.923385167949507e-08,"Method: equity_%, ATR: 1019527.74, Risk: 2349.23"
2024-01-11 11:00:00,USDJPY,853796.0513128632,-1937.224545400349,equity_%,-1.422285470481707e-06,2352.452583653401,2.3424797958770646e-06,4.68495959175413e-08,"Method: equity_%, ATR: 853796.05, Risk: 2352.45"
2024-01-11 12:00:00,USDJPY,5630710.50071424,-2179.1266367256585,equity_%,-1.91903344788129e-07,2354.660034804316,3.551949615854528e-07,7.103899231709057e-09,"Method: equity_%, ATR: 5630710.50, Risk: 2354.66"
2024-01-11 13:00:00,USDJPY,1657769.7066482278,-2200.913867687671,equity_%,-6.449180614174434e-07,2353.0534154371003,1.2064401900814758e-06,2.412880380162951e-08,"Method: equity_%, ATR: 1657769.71, Risk: 2353.05"
2024-01-11 14:00:00,USDJPY,1090242.4014905456,-2208.7624518483863,equity_%,-9.771867343528181e-07,2353.150163259688,1.8344544270757238e-06,3.668908854151447e-08,"Method: equity_%, ATR: 1090242.40, Risk: 2353.15"
2024-01-11 15:00:00,USDJPY,1394111.3547983833,-2243.0328315258807,equity_%,-7.522133860258384e-07,2352.1994959043072,1.4346056311184986e-06,2.869211262236997e-08,"Method: equity_%, ATR: 1394111.35, Risk: 2352.20"
2024-01-11 16:00:00,USDJPY,1287226.4154433333,-2287.3527046621307,equity_%,-7.987957935655518e-07,2351.9270641373614,1.5537282144036649e-06,3.10745642880733e-08,"Method: equity_%, ATR: 1287226.42, Risk: 2351.93"
2024-01-11 17:00:00,USDJPY,3464219.8701892314,-2580.812645680778,equity_%,-2.629158451048027e-07,2350.5997568834305,5.773305606871745e-07,1.1546611213743491e-08,"Method: equity_%, ATR: 3464219.87, Risk: 2350.60"
2024-01-11 18:00:00,USDJPY,5772168.968755759,-2397.1569699363645,equity_%,-1.6980301099714353e-07,2349.5294663029813,3.4649020339248963e-07,6.9298040678497936e-09,"Method: equity_%, ATR: 5772168.97, Risk: 2349.53"
2024-01-11 19:00:00,USDJPY,1711435.080719316,-2361.51618214608,equity_%,-5.81140594668857e-07,2348.727156400303,1.1686099125415851e-06,2.3372198250831704e-08,"Method: equity_%, ATR: 1711435.08, Risk: 2348.73"
2024-01-11 20:00:00,USDJPY,7155731.232635953,-2822.672737946351,equity_%,-1.1625180632332251e-07,2348.087403075539,2.7949624363732015e-07,5.589924872746404e-09,"Method: equity_%, ATR: 7155731.23, Risk: 2348.09"
2024-01-11 21:00:00,USDJPY,2109951.714626104,-2946.722172210211,equity_%,-3.776085111759251e-07,2347.7588280559758,9.4788899013e-07,1.89577798026e-08,"Method: equity_%, ATR: 2109951.71, Risk: 2347.76"
2024-01-11 22:00:00,USDJPY,3809103.577394694,-3142.085772891289,equity_%,-1.9620891397412297e-07,2348.33230416795,5.250579196294621e-07,1.0501158392589241e-08,"Method: equity_%, ATR: 3809103.58, Risk: 2348.33"
2024-01-11 23:00:00,USDJPY,1845315.7428049552,-3074.26277973372,equity_%,-4.141496939448143e-07,2349.465210633362,1.083825360401423e-06,2.1676507208028457e-08,"Method: equity_%, ATR: 1845315.74, Risk: 2349.47"
2024-01-12 00:00:00,USDJPY,4846533.56368055,-3195.9071693130036,equity_%,-1.517118917296504e-07,2349.876317537815,4.1266607849119315e-07,8.253321569823863e-09,"Method: equity_%, ATR: 4846533.56, Risk: 2349.88"
2024-01-12 01:00:00,USDJPY,1460058.4089135919,-3287.711016553357,equity_%,-4.894141336947311e-07,2349.310251940617,1.3698082130071564e-06,2.739616426014313e-08,"Method: equity_%, ATR: 1460058.41, Risk: 2349.31"
2024-01-12 02:00:00,USDJPY,2053781.9980372204,-3293.1097463567826,equity_%,-3.4734901686231223e-07,2349.235857622061,9.738131904512656e-07,1.947626380902531e-08,"Method: equity_%, ATR: 2053782.00, Risk: 2349.24"
2024-01-12 03:00:00,USDJPY,4352876.849750555,-3451.987709402252,equity_%,-1.5631721274276503e-07,2348.834535417934,4.5946624934142386e-07,9.189324986828479e-09,"Method: equity_%, ATR: 4352876.85, Risk: 2348.83"
2024-01-12 04:00:00,USDJPY,1552791.4234040373,-3400.9848267303632,equity_%,-4.4461853587628465e-07,2348.0394114896535,1.2880029924531589e-06,2.5760059849063175e-08,"Method: equity_%, ATR: 1552791.42, Risk: 2348.04"
2024-01-12 05:00:00,USDJPY,3973166.160300625,-3208.368540123393,equity_%,-1.843514168221739e-07,2349.997805896205,5.03376883651066e-07,1.0067537673021318e-08,"Method: equity_%, ATR: 3973166.16, Risk: 2350.00"
2024-01-12 06:00:00,USDJPY,1066086.1434163235,-3230.3527924702184,equity_%,-6.824554309979154e-07,2350.263455886789,1.8760210066992383e-06,3.7520420133984766e-08,"Method: equity_%, ATR: 1066086.14, Risk: 2350.26"
2024-01-12 07:00:00,USDJPY,2042922.7791011499,-3286.5219081406613,equity_%,-3.499013062586798e-07,2349.2760238725,9.789895244498496e-07,1.9579790488996994e-08,"Method: equity_%, ATR: 2042922.78, Risk: 2349.28"
2024-01-12 08:00:00,USDJPY,2130858.3937485944,-3207.827691888236,equity_%,-3.435142288592436e-07,2348.066284698929,9.38588883178488e-07,1.8771777663569763e-08,"Method: equity_%, ATR: 2130858.39, Risk: 2348.07"
2024-01-12 09:00:00,USDJPY,2344591.7450233763,-3379.7436904572974,equity_%,-2.9646723442271717e-07,2349.2416916943776,8.530269733505607e-07,1.7060539467011217e-08,"Method: equity_%, ATR: 2344591.75, Risk: 2349.24"
2024-01-12 10:00:00,USDJPY,1830810.583448265,-3544.1950961153857,equity_%,-3.6205376278740514e-07,2349.2763141029595,1.0924122998202647e-06,2.1848245996405295e-08,"Method: equity_%, ATR: 1830810.58, Risk: 2349.28"
2024-01-12 11:00:00,USDJPY,2616829.326474353,-3622.5516571276057,equity_%,-2.4771490048853687e-07,2348.238025272343,7.642837000357964e-07,1.528567400071593e-08,"Method: equity_%, ATR: 2616829.33, Risk: 2348.24"
2024-01-12 12:00:00,USDJPY,849675.1895673515,-3664.0961052305142,equity_%,-7.543959632287026e-07,2348.6545797899084,2.3538406494114367e-06,4.707681298822874e-08,"Method: equity_%, ATR: 849675.19, Risk: 2348.65"
2024-01-12 13:00:00,USDJPY,2189939.9412242793,-3789.199895403234,equity_%,-2.8306337064885375e-07,2348.8938727931736,9.132670546580862e-07,1.8265341093161724e-08,"Method: equity_%, ATR: 2189939.94, Risk: 2348.89"
2024-01-12 14:00:00,USDJPY,1604301.1784290774,-3860.0404754912515,equity_%,-3.792530661359742e-07,2348.5881307213663,1.2466487134032953e-06,2.4932974268065907e-08,"Method: equity_%, ATR: 1604301.18, Risk: 2348.59"
2024-01-12 15:00:00,USDJPY,2149382.996076324,-3939.564559614258,equity_%,-2.7744686994770436e-07,2349.3182929072254,9.30499591580923e-07,1.8609991831618456e-08,"Method: equity_%, ATR: 2149383.00, Risk: 2349.32"
2024-01-12 16:00:00,USDJPY,530683.2255852441,-3893.268227204448,equity_%,-1.1386906231937056e-06,2352.6397474758605,3.7687266217890628e-06,7.537453243578125e-08,"Method: equity_%, ATR: 530683.23, Risk: 2352.64"
2024-01-12 17:00:00,USDJPY,1483942.4131183524,-3956.765688045917,equity_%,-4.009643767108925e-07,2354.3074155814843,1.3477611949895046e-06,2.695522389979009e-08,"Method: equity_%, ATR: 1483942.41, Risk: 2354.31"
2024-01-12 18:00:00,USDJPY,2715511.785705216,-4028.7368731777615,equity_%,-2.1560449324839076e-07,2358.730935017452,7.365094162095863e-07,1.4730188324191725e-08,"Method: equity_%, ATR: 2715511.79, Risk: 2358.73"
2024-01-12 19:00:00,USDJPY,1982248.804192668,-4125.203746537132,equity_%,-2.883543780056176e-07,2357.9257085724034,1.0089550795892958e-06,2.0179101591785922e-08,"Method: equity_%, ATR: 1982248.80, Risk: 2357.93"
2024-01-12 20:00:00,USDJPY,1180449.111456751,-4081.5212293853606,equity_%,-4.89505382269112e-07,2358.450691093269,1.6942704099559783e-06,3.3885408199119565e-08,"Method: equity_%, ATR: 1180449.11, Risk: 2358.45"
2024-01-12 21:00:00,USDJPY,2289927.7320480677,-4157.459790610896,equity_%,-2.4801889621207724e-07,2361.209949686448,8.733900079070349e-07,1.7467800158140698e-08,"Method: equity_%, ATR: 2289927.73, Risk: 2361.21"
2024-01-12 22:00:00,USDJPY,3386182.9718050105,-4346.579475569257,equity_%,-1.603758121879436e-07,2360.461466487025,5.906355376106262e-07,1.1812710752212524e-08,"Method: equity_%, ATR: 3386182.97, Risk: 2360.46"
2024-01-12 23:00:00,USDJPY,3650321.62299417,-4636.666283926018,equity_%,-1.3946654749476723e-07,2360.516391215091,5.478969270547462e-07,1.0957938541094927e-08,"Method: equity_%, ATR: 3650321.62, Risk: 2360.52"
2024-01-13 00:00:00,USDJPY,1560681.760850748,-4559.118162340784,equity_%,-3.314305757562833e-07,2358.2387675648674,1.2814912368231779e-06,2.562982473646356e-08,"Method: equity_%, ATR: 1560681.76, Risk: 2358.24"
2024-01-13 01:00:00,USDJPY,2495490.1327584866,-4486.93700567939,equity_%,-2.1036040748599207e-07,2355.427996229081,8.014457656016546e-07,1.602891531203309e-08,"Method: equity_%, ATR: 2495490.13, Risk: 2355.43"
2024-01-13 02:00:00,USDJPY,2405289.068764405,-4360.30865873473,equity_%,-2.2438573737951121e-07,2353.313354288614,8.315008894242383e-07,1.6630017788484765e-08,"Method: equity_%, ATR: 2405289.07, Risk: 2353.31"
2024-01-13 03:00:00,USDJPY,1105299.095997907,-4291.318069603439,equity_%,-4.961434434754437e-07,2353.3026112100406,1.8094649739981215e-06,3.6189299479962425e-08,"Method: equity_%, ATR: 1105299.10, Risk: 2353.30"
2024-01-13 04:00:00,USDJPY,1505050.99532852,-4351.688761230252,equity_%,-3.593151033005925e-07,2353.339120341961,1.3288586275200887e-06,2.6577172550401773e-08,"Method: equity_%, ATR: 1505051.00, Risk: 2353.34"
2024-01-13 05:00:00,USDJPY,2322685.993159439,-4507.123043017934,equity_%,-2.2484231470903582e-07,2353.791352115612,8.610720544620393e-07,1.722144108924078e-08,"Method: equity_%, ATR: 2322685.99, Risk: 2353.79"
2024-01-13 06:00:00,USDJPY,1418895.3332480106,-4566.248252456508,equity_%,-3.634977961445946e-07,2355.1125212443712,1.409547239416015e-06,2.8190944788320302e-08,"Method: equity_%, ATR: 1418895.33, Risk: 2355.11"
2024-01-13 07:00:00,USDJPY,1108109.0897005652,-4667.104494220461,equity_%,-4.5550155674266716e-07,2355.6995966472805,1.8048764499715841e-06,3.609752899943168e-08,"Method: equity_%, ATR: 1108109.09, Risk: 2355.70"
2024-01-13 08:00:00,USDJPY,2162036.2994124754,-4771.952423344683,equity_%,-2.2813517801672534e-07,2353.7012834624907,9.250538487922205e-07,1.850107697584441e-08,"Method: equity_%, ATR: 2162036.30, Risk: 2353.70"
2024-01-13 09:00:00,USDJPY,340527.63981224416,-4760.632973175473,equity_%,-1.4515390521861935e-06,2353.129309256605,5.873238369439658e-06,1.1746476738879315e-07,"Method: equity_%, ATR: 340527.64, Risk: 2353.13"
2024-01-13 10:00:00,USDJPY,2556997.738097634,-4545.806441628682,equity_%,-2.0236815969666845e-07,2352.249938624243,7.821672933852372e-07,1.5643345867704744e-08,"Method: equity_%, ATR: 2556997.74, Risk: 2352.25"
2024-01-13 11:00:00,USDJPY,1161318.6080578088,-4498.593322886395,equity_%,-4.5025436389175994e-07,2352.2639344929644,1.7221802751828836e-06,3.444360550365767e-08,"Method: equity_%, ATR: 1161318.61, Risk: 2352.26"
2024-01-13 12:00:00,USDJPY,1688204.47230456,-4387.0704739770135,equity_%,-3.177310769029637e-07,2353.2027766434335,1.1846906182340635e-06,2.3693812364681267e-08,"Method: equity_%, ATR: 1688204.47, Risk: 2353.20"
2024-01-13 13:00:00,USDJPY,1953074.170635382,-4277.71680296262,equity_%,-2.815086485193709e-07,2351.919798269527,1.0240266499194713e-06,2.048053299838943e-08,"Method: equity_%, ATR: 1953074.17, Risk: 2351.92"
2024-01-13 14:00:00,USDJPY,2870807.771359832,-4356.201487097292,equity_%,-1.8816957382517313e-07,2353.2142708000547,6.966680318872931e-07,1.3933360637745858e-08,"Method: equity_%, ATR: 2870807.77, Risk: 2353.21"
2024-01-13 15:00:00,USDJPY,1973105.2691959122,-4462.0497993922645,equity_%,-2.674129867853675e-07,2354.329064615972,1.0136306618931934e-06,2.0272613237863866e-08,"Method: equity_%, ATR: 1973105.27, Risk: 2354.33"
2024-01-13 16:00:00,USDJPY,3413074.0683068596,-4256.143967386298,equity_%,-1.62014760498597e-07,2353.513025076502,5.859820091722034e-07,1.171964018344407e-08,"Method: equity_%, ATR: 3413074.07, Risk: 2353.51"
2024-01-13 17:00:00,USDJPY,1324591.1947119113,-4164.821700488617,equity_%,-4.267066641662974e-07,2354.0067451775813,1.5098998151161534e-06,3.019799630232307e-08,"Method: equity_%, ATR: 1324591.19, Risk: 2354.01"
2024-01-13 18:00:00,USDJPY,1510165.2369013163,-4083.617069225146,equity_%,-3.8191173176838164e-07,2355.22541322379,1.3243583888235752e-06,2.6487167776471504e-08,"Method: equity_%, ATR: 1510165.24, Risk: 2355.23"
2024-01-13 19:00:00,USDJPY,2292324.8726690053,-4160.8183437950465,equity_%,-2.472280322508062e-07,2358.047962503458,8.724766824483107e-07,1.7449533648966218e-08,"Method: equity_%, ATR: 2292324.87, Risk: 2358.05"
2024-01-13 20:00:00,USDJPY,454507.7064851921,-4154.323710239829,equity_%,-1.2492098619597497e-06,2358.7232602871277,4.400365431570873e-06,8.800730863141745e-08,"Method: equity_%, ATR: 454507.71, Risk: 2358.72"
2024-01-13 21:00:00,USDJPY,1652390.8684902245,-4066.100668070897,equity_%,-3.5091734049086534e-07,2357.7390809269286,1.210367376229441e-06,2.4207347524588823e-08,"Method: equity_%, ATR: 1652390.87, Risk: 2357.74"
2024-01-13 22:00:00,USDJPY,1352307.2395944973,-4175.339759380212,equity_%,-4.174502029247533e-07,2357.0666906506094,1.4789538511970992e-06,2.9579077023941983e-08,"Method: equity_%, ATR: 1352307.24, Risk: 2357.07"
2024-01-13 23:00:00,USDJPY,2040166.168671949,-4324.036220790566,equity_%,-2.670880385886159e-07,2356.1845480396046,9.803123052971241e-07,1.9606246105942483e-08,"Method: equity_%, ATR: 2040166.17, Risk: 2356.18"
2024-01-14 00:00:00,USDJPY,2205275.5924993837,-4291.799210666356,equity_%,-2.4895840310740177e-07,2356.29171379882,9.069161273096343e-07,1.8138322546192686e-08,"Method: equity_%, ATR: 2205275.59, Risk: 2356.29"
2024-01-14 01:00:00,USDJPY,1868142.9084382944,-4447.620952431343,equity_%,-2.838926413980558e-07,2358.8047776007934,1.070581908357286e-06,2.141163816714572e-08,"Method: equity_%, ATR: 1868142.91, Risk: 2358.80"
2024-01-14 02:00:00,USDJPY,1236396.8149281482,-4495.937093019256,equity_%,-4.241374443416642e-07,2357.6792364418184,1.6176036494531313e-06,3.2352072989062625e-08,"Method: equity_%, ATR: 1236396.81, Risk: 2357.68"
2024-01-14 03:00:00,USDJPY,603106.7821724173,-4479.196351862715,equity_%,-8.728994525917703e-07,2358.0799966251902,3.3161623432519067e-06,6.632324686503814e-08,"Method: equity_%, ATR: 603106.78, Risk: 2358.08"
2024-01-14 04:00:00,USDJPY,297817.6202197847,-4485.902980193237,equity_%,-1.7644433961998907e-06,2357.262764849254,6.715519379021402e-06,1.3431038758042805e-07,"Method: equity_%, ATR: 297817.62, Risk: 2357.26"
2024-01-14 05:00:00,USDJPY,1450606.2292501791,-4579.87957802503,equity_%,-3.5478333477798497e-07,2357.039217541323,1.3787339111550647e-06,2.7574678223101295e-08,"Method: equity_%, ATR: 1450606.23, Risk: 2357.04"
2024-01-14 06:00:00,USDJPY,740906.5357662893,-4525.600206167028,equity_%,-7.024028756115703e-07,2355.1896940206175,2.6993958123631366e-06,5.398791624726273e-08,"Method: equity_%, ATR: 740906.54, Risk: 2355.19"
2024-01-14 07:00:00,USDJPY,899297.9559252035,-4556.538113054498,equity_%,-5.743023561209059e-07,2353.310386274434,2.223957017607571e-06,4.447914035215142e-08,"Method: equity_%, ATR: 899297.96, Risk: 2353.31"
2024-01-14 08:00:00,USDJPY,1136636.8907122705,-4629.861592242859,equity_%,-4.4693657073122004e-07,2351.9909589136373,1.7595768854085892e-06,3.5191537708171785e-08,"Method: equity_%, ATR: 1136636.89, Risk: 2351.99"
2024-01-14 09:00:00,USDJPY,786184.5559588892,-4657.993397297948,equity_%,-6.425210833076491e-07,2352.939495401859,2.543931936643873e-06,5.0878638732877456e-08,"Method: equity_%, ATR: 786184.56, Risk: 2352.94"
2024-01-14 10:00:00,USDJPY,3068121.424308765,-4813.50636004495,equity_%,-1.5925543936546535e-07,2351.951532640637,6.518646831099885e-07,1.3037293662199769e-08,"Method: equity_%, ATR: 3068121.42, Risk: 2351.95"
2024-01-14 11:00:00,USDJPY,2886124.695013277,-4910.131600229293,equity_%,-1.6604387571728894e-07,2353.049617002343,6.929707519067534e-07,1.3859415038135068e-08,"Method: equity_%, ATR: 2886124.70, Risk: 2353.05"
2024-01-14 12:00:00,USDJPY,1569067.512567226,-4967.064336963159,equity_%,-3.018074741694993e-07,2352.184623029685,1.2746424127587121e-06,2.5492848255174244e-08,"Method: equity_%, ATR: 1569067.51, Risk: 2352.18"
2024-01-14 13:00:00,USDJPY,1731410.3608417918,-5032.493425368944,equity_%,-2.7011000138378166e-07,2353.552515834688,1.1551276607976534e-06,2.310255321595307e-08,"Method: equity_%, ATR: 1731410.36, Risk: 2353.55"
2024-01-14 14:00:00,USDJPY,3041783.2414848,-5073.735317571471,equity_%,-1.5273517703974663e-07,2357.1930017691934,6.575090469049104e-07,1.3150180938098209e-08,"Method: equity_%, ATR: 3041783.24, Risk: 2357.19"
2024-01-14 15:00:00,USDJPY,830732.2100573129,-5034.209754421693,equity_%,-5.639246300666998e-07,2358.3780269777412,2.407514691000146e-06,4.8150293820002923e-08,"Method: equity_%, ATR: 830732.21, Risk: 2358.38"
2024-01-14 16:00:00,USDJPY,2784079.0336797726,-5149.471435466159,equity_%,-1.6444796708786784e-07,2357.614111153572,7.183704111145724e-07,1.436740822229145e-08,"Method: equity_%, ATR: 2784079.03, Risk: 2357.61"
2024-01-14 17:00:00,USDJPY,2102361.610208145,-5080.580383186629,equity_%,-2.208463786527263e-07,2358.908128326679,9.513111304396342e-07,1.902622260879268e-08,"Method: equity_%, ATR: 2102361.61, Risk: 2358.91"
2024-01-14 18:00:00,USDJPY,7104193.7728347145,-5504.307672372314,equity_%,-6.032131414156355e-08,2358.784658998558,2.8152385252323437e-07,5.630477050464687e-09,"Method: equity_%, ATR: 7104193.77, Risk: 2358.78"
2024-01-14 19:00:00,USDJPY,1138919.7893074835,-5515.954647450192,equity_%,-3.7530989414604206e-07,2357.7830406104727,1.7560499156978329e-06,3.512099831395666e-08,"Method: equity_%, ATR: 1138919.79, Risk: 2357.78"
2024-01-14 20:00:00,USDJPY,1571499.4018561994,-5486.849134629095,equity_%,-2.737009591955859e-07,2360.008453182542,1.2726699085202777e-06,2.5453398170405553e-08,"Method: equity_%, ATR: 1571499.40, Risk: 2360.01"
2024-01-14 21:00:00,USDJPY,948260.5594038796,-5494.5387578955215,equity_%,-4.5292265036744754e-07,2359.842230228369,2.1091249447907994e-06,4.2182498895816e-08,"Method: equity_%, ATR: 948260.56, Risk: 2359.84"
2024-01-14 22:00:00,USDJPY,682516.9740707406,-5513.505931489156,equity_%,-6.278706338004926e-07,2362.7157367554296,2.9303300518247725e-06,5.860660103649544e-08,"Method: equity_%, ATR: 682516.97, Risk: 2362.72"
2024-01-14 23:00:00,USDJPY,428057.5839339599,-5515.327401716164,equity_%,-1.0018766495737865e-06,2365.3082623544833,4.672268580361274e-06,9.344537160722549e-08,"Method: equity_%, ATR: 428057.58, Risk: 2365.31"
2024-01-15 00:00:00,USDJPY,2380058.5353292627,-5448.420840252464,equity_%,-1.8250471172486736e-07,2366.640895373234,8.403154671669936e-07,1.6806309343339873e-08,"Method: equity_%, ATR: 2380058.54, Risk: 2366.64"
2024-01-15 01:00:00,USDJPY,1846096.158508035,-5391.025301160707,equity_%,-2.3809275251705304e-07,2369.58266715141,1.083367185822187e-06,2.1667343716443742e-08,"Method: equity_%, ATR: 1846096.16, Risk: 2369.58"
2024-01-15 02:00:00,USDJPY,1466040.0808841223,-5423.77131930941,equity_%,-2.978870267620751e-07,2368.638607933391,1.364219182052556e-06,2.7284383641051115e-08,"Method: equity_%, ATR: 1466040.08, Risk: 2368.64"
2024-01-15 03:00:00,USDJPY,809360.3035057914,-5398.804335890715,equity_%,-5.426625196761954e-07,2371.2061617447007,2.4710873406280035e-06,4.942174681256007e-08,"Method: equity_%, ATR: 809360.30, Risk: 2371.21"
2024-01-15 04:00:00,USDJPY,2922974.884222458,-5616.7501238453,equity_%,-1.4458632698417773e-07,2373.763307539257,6.84234411590581e-07,1.3684688231811619e-08,"Method: equity_%, ATR: 2922974.88, Risk: 2373.76"
2024-01-15 05:00:00,USDJPY,1531049.1196809562,-5496.177022276616,equity_%,-2.8200657100100746e-07,2373.0618860500117,1.3062938179388816e-06,2.612587635877763e-08,"Method: equity_%, ATR: 1531049.12, Risk: 2373.06"
2024-01-15 06:00:00,USDJPY,4679415.365757995,-5275.710360022674,equity_%,-9.609142839570637e-08,2372.2321666609128,4.274038194247862e-07,8.548076388495724e-09,"Method: equity_%, ATR: 4679415.37, Risk: 2372.23"
2024-01-15 07:00:00,USDJPY,1353215.786974788,-5277.001743729162,equity_%,-3.321925617982042e-07,2372.16119520674,1.477960883438365e-06,2.95592176687673e-08,"Method: equity_%, ATR: 1353215.79, Risk: 2372.16"
2024-01-15 08:00:00,USDJPY,1771716.044442146,-5300.631455660025,equity_%,-2.5311932363989836e-07,2377.0976841170636,1.1288490648792047e-06,2.2576981297584093e-08,"Method: equity_%, ATR: 1771716.04, Risk: 2377.10"
2024-01-15 09:00:00,USDJPY,1923717.5707575171,-5134.678854019824,equity_%,-2.407078540004952e-07,2377.633213194417,1.0396536531152256e-06,2.0793073062304514e-08,"Method: equity_%, ATR: 1923717.57, Risk: 2377.63"
2024-01-15 10:00:00,USDJPY,1368997.6663293692,-5199.090364530845,equity_%,-3.3393301345458617e-07,2376.7824408211236,1.4609228702065714e-06,2.921845740413143e-08,"Method: equity_%, ATR: 1368997.67, Risk: 2376.78"
2024-01-15 11:00:00,USDJPY,1249301.452952741,-5237.914905536794,equity_%,-3.6333392839436003e-07,2377.5608356227003,1.6008946401790958e-06,3.201789280358192e-08,"Method: equity_%, ATR: 1249301.45, Risk: 2377.56"
2024-01-15 12:00:00,USDJPY,874509.1278002292,-5292.29648758671,equity_%,-5.139615497064381e-07,2378.6971007340994,2.2869972838715472e-06,4.573994567743095e-08,"Method: equity_%, ATR: 874509.13, Risk: 2378.70"
2024-01-15 13:00:00,USDJPY,1194850.2053835273,-5268.622082632657,equity_%,-3.7793203768893343e-07,2379.163121799084,1.6738499863738423e-06,3.3476999727476846e-08,"Method: equity_%, ATR: 1194850.21, Risk: 2379.16"
2024-01-15 14:00:00,USDJPY,1086253.5489645142,-5344.936201229516,equity_%,-4.104599514509744e-07,2383.1123840541145,1.8411907624205485e-06,3.682381524841097e-08,"Method: equity_%, ATR: 1086253.55, Risk: 2383.11"
2024-01-15 15:00:00,USDJPY,3424344.8761116904,-5096.976786329475,equity_%,-1.364060832076995e-07,2380.8053601680444,5.840533218345054e-07,1.1681066436690106e-08,"Method: equity_%, ATR: 3424344.88, Risk: 2380.81"
2024-01-15 16:00:00,USDJPY,2345243.8892546343,-5050.287376558429,equity_%,-2.0097403809835775e-07,2380.3677805765956,8.527897713169783e-07,1.7055795426339566e-08,"Method: equity_%, ATR: 2345243.89, Risk: 2380.37"
2024-01-15 17:00:00,USDJPY,1673114.5144499806,-5054.230296212031,equity_%,-2.8155416254261453e-07,2380.908173169964,1.1953754406687938e-06,2.3907508813375875e-08,"Method: equity_%, ATR: 1673114.51, Risk: 2380.91"
2024-01-15 18:00:00,USDJPY,3413994.380305485,-4939.591773332556,equity_%,-1.41130242493398e-07,2379.9835116350737,5.858240457387746e-07,1.1716480914775492e-08,"Method: equity_%, ATR: 3413994.38, Risk: 2379.98"
2024-01-15 19:00:00,USDJPY,1699659.780345728,-4937.171285469622,equity_%,-2.832798660945291e-07,2377.1462434533523,1.176706081491897e-06,2.3534121629837937e-08,"Method: equity_%, ATR: 1699659.78, Risk: 2377.15"
2024-01-15 20:00:00,USDJPY,1435631.5962991265,-4847.008189604523,equity_%,-3.413030204812822e-07,2374.963247145298,1.393115061799798e-06,2.7862301235995957e-08,"Method: equity_%, ATR: 1435631.60, Risk: 2374.96"
2024-01-15 21:00:00,USDJPY,1273657.5451702084,-4868.939329303688,equity_%,-3.8292682780220646e-07,2374.667615927167,1.5702808086711604e-06,3.14056161734232e-08,"Method: equity_%, ATR: 1273657.55, Risk: 2374.67"
2024-01-15 22:00:00,USDJPY,1119697.596777578,-4855.102041305804,equity_%,-4.36649397686839e-07,2373.7335798978484,1.7861965639257239e-06,3.5723931278514476e-08,"Method: equity_%, ATR: 1119697.60, Risk: 2373.73"
2024-01-15 23:00:00,USDJPY,2539767.1469976013,-4669.87832146218,equity_%,-2.0008846279598864e-07,2373.1299127240086,7.874737659963476e-07,1.5749475319926948e-08,"Method: equity_%, ATR: 2539767.15, Risk: 2373.13"
2024-01-16 00:00:00,USDJPY,2585295.5333105093,-4571.417027440695,equity_%,-2.007726499567425e-07,2372.8243401037234,7.736059472624278e-07,1.5472118945248557e-08,"Method: equity_%, ATR: 2585295.53, Risk: 2372.82"
2024-01-16 01:00:00,USDJPY,3196354.650528883,-4719.596063583595,equity_%,-1.5726622263082743e-07,2372.440046002971,6.257127943136944e-07,1.251425588627389e-08,"Method: equity_%, ATR: 3196354.65, Risk: 2372.44"
2024-01-16 02:00:00,USDJPY,2262803.8014650336,-4747.725166036493,equity_%,-2.2116566011248473e-07,2376.020407280528,8.838592186848531e-07,1.7677184373697062e-08,"Method: equity_%, ATR: 2262803.80, Risk: 2376.02"
2024-01-16 03:00:00,USDJPY,1358774.0276953808,-4862.009856401586,equity_%,-3.5961922543487416e-07,2375.7786388021536,1.471915093484826e-06,2.9438301869696517e-08,"Method: equity_%, ATR: 1358774.03, Risk: 2375.78"
2024-01-16 04:00:00,USDJPY,1536786.6930419586,-4787.755756055238,equity_%,-3.230445373326077e-07,2376.8839603221263,1.3014167867637792e-06,2.6028335735275583e-08,"Method: equity_%, ATR: 1536786.69, Risk: 2376.88"
2024-01-16 05:00:00,USDJPY,2645652.6598127494,-4900.462645599365,equity_%,-1.8340441406983886e-07,2377.8239288580303,7.55957133141413e-07,1.511914266282826e-08,"Method: equity_%, ATR: 2645652.66, Risk: 2377.82"
2024-01-16 06:00:00,USDJPY,630566.6926146023,-4884.45801477873,equity_%,-7.716851092197832e-07,2376.7720292641557,3.171750147010041e-06,6.343500294020083e-08,"Method: equity_%, ATR: 630566.69, Risk: 2376.77"
2024-01-16 07:00:00,USDJPY,1315793.7715067782,-4914.043225232113,equity_%,-3.674135722725005e-07,2375.647464506614,1.5199950351715868e-06,3.0399900703431735e-08,"Method: equity_%, ATR: 1315793.77, Risk: 2375.65"
2024-01-16 08:00:00,USDJPY,1556390.036232051,-4894.395407942861,equity_%,-3.1239218714296466e-07,2379.6750530168765,1.2850249316950838e-06,2.5700498633901672e-08,"Method: equity_%, ATR: 1556390.04, Risk: 2379.68"
2024-01-16 09:00:00,USDJPY,2944221.364733303,-4835.941889473754,equity_%,-1.671552844991396e-07,2379.970886396832,6.792967485246024e-07,1.358593497049205e-08,"Method: equity_%, ATR: 2944221.36, Risk: 2379.97"
2024-01-16 10:00:00,USDJPY,1404936.3911540513,-4809.217481995324,equity_%,-3.5216474627288e-07,2379.4520500310055,1.423551993238034e-06,2.8471039864760685e-08,"Method: equity_%, ATR: 1404936.39, Risk: 2379.45"
2024-01-16 11:00:00,USDJPY,1839100.7322363476,-4720.165455517915,equity_%,-2.7424590109247595e-07,2380.6902031674545,1.087488012452694e-06,2.1749760249053884e-08,"Method: equity_%, ATR: 1839100.73, Risk: 2380.69"
2024-01-16 12:00:00,USDJPY,1212270.6558950904,-4686.937136007682,equity_%,-4.1834588267172685e-07,2376.972845550094,1.649796594740869e-06,3.299593189481738e-08,"Method: equity_%, ATR: 1212270.66, Risk: 2376.97"
2024-01-16 13:00:00,USDJPY,2156891.2107726736,-4621.247658464007,equity_%,-2.3829791421174504e-07,2375.241241231482,9.272604895466799e-07,1.8545209790933597e-08,"Method: equity_%, ATR: 2156891.21, Risk: 2375.24"
2024-01-16 14:00:00,USDJPY,4080846.616222316,-4391.316260908797,equity_%,-1.3248062412680953e-07,2374.090952562308,4.90094381898485e-07,9.8018876379697e-09,"Method: equity_%, ATR: 4080846.62, Risk: 2374.09"
2024-01-16 15:00:00,USDJPY,2210966.269448081,-4440.059863283235,equity_%,-2.417830510614916e-07,2373.541318035107,9.045818688582959e-07,1.809163737716592e-08,"Method: equity_%, ATR: 2210966.27, Risk: 2373.54"
2024-01-16 16:00:00,USDJPY,2297919.1227864977,-4256.198504526857,equity_%,-2.427665891778832e-07,2374.354332755187,8.703526508690892e-07,1.7407053017381783e-08,"Method: equity_%, ATR: 2297919.12, Risk: 2374.35"
2024-01-16 17:00:00,USDJPY,1311404.395588952,-4173.176936564552,equity_%,-4.3342963437236244e-07,2372.040146082446,1.525082580725833e-06,3.050165161451666e-08,"Method: equity_%, ATR: 1311404.40, Risk: 2372.04"
2024-01-16 18:00:00,USDJPY,2294665.105543545,-4293.372879180841,equity_%,-2.4058261421867734e-07,2370.1845330242772,8.715868800062889e-07,1.743173760012578e-08,"Method: equity_%, ATR: 2294665.11, Risk: 2370.18"
2024-01-16 19:00:00,USDJPY,2956659.0474853637,-4241.817548324415,equity_%,-1.8913757136279614e-07,2372.089321990858,6.764391726874963e-07,1.3528783453749925e-08,"Method: equity_%, ATR: 2956659.05, Risk: 2372.09"
2024-01-16 20:00:00,USDJPY,547146.0957600994,-4277.812411503417,equity_%,-1.0133860509178334e-06,2371.919594304113,3.655330843988908e-06,7.310661687977816e-08,"Method: equity_%, ATR: 547146.10, Risk: 2371.92"
2024-01-16 21:00:00,USDJPY,525843.3756776322,-4265.849898835858,equity_%,-1.0570625385838993e-06,2371.169823468532,3.80341389186977e-06,7.606827783739541e-08,"Method: equity_%, ATR: 525843.38, Risk: 2371.17"
2024-01-16 22:00:00,USDJPY,1194967.6939498477,-4259.826721035295,equity_%,-4.668190440541639e-07,2376.2748013261257,1.6736854143639628e-06,3.347370828727925e-08,"Method: equity_%, ATR: 1194967.69, Risk: 2376.27"
2024-01-16 23:00:00,USDJPY,2967164.6389811123,-4051.377520247145,equity_%,-1.9769333875161255e-07,2376.492208417994,6.740441611243976e-07,1.3480883222487955e-08,"Method: equity_%, ATR: 2967164.64, Risk: 2376.49"
2024-01-17 00:00:00,USDJPY,1273938.3359192517,-4092.9136441801616,equity_%,-4.5593795633768296e-07,2377.3150331236498,1.5699347006123613e-06,3.139869401224723e-08,"Method: equity_%, ATR: 1273938.34, Risk: 2377.32"
2024-01-17 01:00:00,USDJPY,1838294.0710223557,-4221.422062270566,equity_%,-3.0628844530284413e-07,2376.8642330052166,1.0879652127081674e-06,2.175930425416335e-08,"Method: equity_%, ATR: 1838294.07, Risk: 2376.86"
2024-01-17 02:00:00,USDJPY,4771868.480615148,-4331.5521698923285,equity_%,-1.1494760249250276e-07,2375.9206508616694,4.1912303495468036e-07,8.382460699093605e-09,"Method: equity_%, ATR: 4771868.48, Risk: 2375.92"
2024-01-17 03:00:00,USDJPY,999619.8265158636,-4364.432375944283,equity_%,-5.445748194718262e-07,2375.856392106874,2.000760636141965e-06,4.00152127228393e-08,"Method: equity_%, ATR: 999619.83, Risk: 2375.86"
2024-01-17 04:00:00,USDJPY,1615097.6687112688,-4303.171630965681,equity_%,-3.4225858798107666e-07,2378.711721929619,1.2383152045509765e-06,2.4766304091019526e-08,"Method: equity_%, ATR: 1615097.67, Risk: 2378.71"
2024-01-17 05:00:00,USDJPY,2859654.1842925535,-4065.74678536083,equity_%,-2.046237396178723e-07,2379.084470267324,6.99385265178411e-07,1.398770530356822e-08,"Method: equity_%, ATR: 2859654.18, Risk: 2379.08"
2024-01-17 06:00:00,USDJPY,892756.9288728546,-4046.7465540926833,equity_%,-6.583512846015302e-07,2378.46586213484,2.2402514450658923e-06,4.4805028901317845e-08,"Method: equity_%, ATR: 892756.93, Risk: 2378.47"
2024-01-17 07:00:00,USDJPY,1442358.3970156277,-3959.0515026870908,equity_%,-4.1685714563510023e-07,2380.4090302440977,1.3866179197473972e-06,2.773235839494794e-08,"Method: equity_%, ATR: 1442358.40, Risk: 2380.41"
2024-01-17 08:00:00,USDJPY,130035.49535383172,-3961.197803394619,equity_%,-4.626968162032142e-06,2383.334266352132,1.538041589765872e-05,3.076083179531744e-07,"Method: equity_%, ATR: 130035.50, Risk: 2383.33"
2024-01-17 09:00:00,USDJPY,1993202.5695138327,-4069.2987763505516,equity_%,-2.938262833103349e-07,2383.206407392568,1.0034103059017356e-06,2.006820611803471e-08,"Method: equity_%, ATR: 1993202.57, Risk: 2383.21"
2024-01-17 10:00:00,USDJPY,188011.0954944712,-4076.965724183839,equity_%,-3.10955462440812e-06,2383.5196164431195,1.0637670052078463e-05,2.1275340104156925e-07,"Method: equity_%, ATR: 188011.10, Risk: 2383.52"
2024-01-17 11:00:00,USDJPY,2058800.5197766006,-3999.1083117061007,equity_%,-2.897251038024629e-07,2385.41289744643,9.71439428341032e-07,1.9428788566820638e-08,"Method: equity_%, ATR: 2058800.52, Risk: 2385.41"
2024-01-17 12:00:00,USDJPY,1124261.4214090554,-4044.338418825065,equity_%,-5.240579075345384e-07,2382.8355769311647,1.7789456810617653e-06,3.5578913621235304e-08,"Method: equity_%, ATR: 1124261.42, Risk: 2382.84"
2024-01-17 13:00:00,USDJPY,4061695.4801607607,-4114.3677159702665,equity_%,-1.4259213350344196e-07,2382.90116910656,4.924052060940917e-07,9.848104121881834e-09,"Method: equity_%, ATR: 4061695.48, Risk: 2382.90"
2024-01-17 14:00:00,USDJPY,1150083.8621419598,-4171.026359392482,equity_%,-4.964844954277636e-07,2381.651070987465,1.7390036203752343e-06,3.4780072407504686e-08,"Method: equity_%, ATR: 1150083.86, Risk: 2381.65"
2024-01-17 15:00:00,USDJPY,663025.6908000957,-4184.6124356804485,equity_%,-8.586008139748142e-07,2382.1927243784057,3.01647436555065e-06,6.0329487311013e-08,"Method: equity_%, ATR: 663025.69, Risk: 2382.19"
2024-01-17 16:00:00,USDJPY,4730240.28554325,-4473.751047532887,equity_%,-1.1282003635278794e-07,2387.488294032887,4.228115020102636e-07,8.456230040205273e-09,"Method: equity_%, ATR: 4730240.29, Risk: 2387.49"
2024-01-17 17:00:00,USDJPY,1805832.9672692253,-4439.7963662571065,equity_%,-2.976466484558123e-07,2386.3911257180707,1.1075221442127032e-06,2.215044288425406e-08,"Method: equity_%, ATR: 1805832.97, Risk: 2386.39"
2024-01-17 18:00:00,USDJPY,2194911.786201974,-4441.285842980042,equity_%,-2.44623005897123e-07,2384.641481983208,9.111983509190386e-07,1.8223967018380775e-08,"Method: equity_%, ATR: 2194911.79, Risk: 2384.64"
2024-01-17 19:00:00,USDJPY,1547816.448121721,-4489.604580575234,equity_%,-3.432512440623384e-07,2385.281664721605,1.292142878069945e-06,2.5842857561398898e-08,"Method: equity_%, ATR: 1547816.45, Risk: 2385.28"
2024-01-17 20:00:00,USDJPY,253426.14066046735,-4474.5786286816365,equity_%,-2.103883012600892e-06,2385.751145155365,7.891845706159961e-06,1.5783691412319919e-07,"Method: equity_%, ATR: 253426.14, Risk: 2385.75"
2024-01-17 21:00:00,USDJPY,1285974.1541125367,-4369.491257617988,equity_%,-4.2462883759052773e-07,2386.0118689798246,1.5552412104115885e-06,3.110482420823177e-08,"Method: equity_%, ATR: 1285974.15, Risk: 2386.01"
2024-01-17 22:00:00,USDJPY,1991856.448838189,-4404.238503635477,equity_%,-2.7196532102232555e-07,2385.8459302907186,1.004088422720704e-06,2.008176845441408e-08,"Method: equity_%, ATR: 1991856.45, Risk: 2385.85"
2024-01-17 23:00:00,USDJPY,1596614.29404915,-4488.256030494472,equity_%,-3.329959107562849e-07,2386.2532697254214,1.252650691813506e-06,2.505301383627012e-08,"Method: equity_%, ATR: 1596614.29, Risk: 2386.25"
2024-01-18 00:00:00,USDJPY,4441553.380506894,-4850.487153871226,equity_%,-1.1074904252386108e-07,2385.943883327146,4.502929107590168e-07,9.005858215180337e-09,"Method: equity_%, ATR: 4441553.38, Risk: 2385.94"
2024-01-18 01:00:00,USDJPY,1537253.6617480456,-4904.312537969473,equity_%,-3.162710178357656e-07,2384.4217309120377,1.3010214577897023e-06,2.6020429155794044e-08,"Method: equity_%, ATR: 1537253.66, Risk: 2384.42"
2024-01-18 02:00:00,USDJPY,5765077.371402267,-5233.909421544053,equity_%,-7.911077895004711e-08,2387.0801609988143,3.4691641952994825e-07,6.938328390598965e-09,"Method: equity_%, ATR: 5765077.37, Risk: 2387.08"
2024-01-18 03:00:00,USDJPY,3796117.5455254125,-5307.186658635416,equity_%,-1.1854534993145295e-07,2388.298122141769,5.268540755165641e-07,1.0537081510331282e-08,"Method: equity_%, ATR: 3796117.55, Risk: 2388.30"
2024-01-18 04:00:00,USDJPY,2336542.3143809037,-5415.633483377079,equity_%,-1.8861447256994255e-07,2386.7005250039897,8.559656667420232e-07,1.7119313334840465e-08,"Method: equity_%, ATR: 2336542.31, Risk: 2386.70"
2024-01-18 05:00:00,USDJPY,2170728.3043846744,-5307.6746848628745,equity_%,-2.0697975098407137e-07,2384.721272026557,9.213497589542557e-07,1.8426995179085114e-08,"Method: equity_%, ATR: 2170728.30, Risk: 2384.72"
2024-01-18 06:00:00,USDJPY,1643853.1606598918,-5360.36184610238,equity_%,-2.706550646734153e-07,2384.9170951730616,1.2166536816446187e-06,2.433307363289237e-08,"Method: equity_%, ATR: 1643853.16, Risk: 2384.92"
2024-01-18 07:00:00,USDJPY,2818082.583372507,-5185.5066680211185,equity_%,-1.6309212927790924e-07,2383.2956246959384,7.097024096456832e-07,1.4194048192913663e-08,"Method: equity_%, ATR: 2818082.58, Risk: 2383.30"
2024-01-18 08:00:00,USDJPY,1562220.5993020907,-5202.484853741669,equity_%,-2.9303478446055014e-07,2381.619407012837,1.280228925987459e-06,2.5604578519749185e-08,"Method: equity_%, ATR: 1562220.60, Risk: 2381.62"
2024-01-18 09:00:00,USDJPY,2253737.3138334807,-5313.462477851587,equity_%,-1.987295055102654e-07,2379.815370021541,8.874148676174298e-07,1.7748297352348597e-08,"Method: equity_%, ATR: 2253737.31, Risk: 2379.82"
2024-01-18 10:00:00,USDJPY,1104490.540037841,-5304.983987515824,equity_%,-4.062646194124848e-07,2380.4281652295267,1.8107896152116231e-06,3.621579230423246e-08,"Method: equity_%, ATR: 1104490.54, Risk: 2380.43"
2024-01-18 11:00:00,USDJPY,326534.3838144145,-5311.073368593955,equity_%,-1.372701726896073e-06,2380.6053202902144,6.124929254423319e-06,1.224985850884664e-07,"Method: equity_%, ATR: 326534.38, Risk: 2380.61"
2024-01-18 12:00:00,USDJPY,888475.2693383143,-5345.959898008234,equity_%,-5.015738194720707e-07,2382.3518341384847,2.2510474618944492e-06,4.5020949237888995e-08,"Method: equity_%, ATR: 888475.27, Risk: 2382.35"
2024-01-18 13:00:00,USDJPY,2104753.641776151,-5443.047690205644,equity_%,-2.0786764760968678e-07,2381.3888199435723,9.502299748070507e-07,1.9004599496141017e-08,"Method: equity_%, ATR: 2104753.64, Risk: 2381.39"
2024-01-18 14:00:00,USDJPY,845124.0617201074,-5480.743493986523,equity_%,-5.137779231821402e-07,2379.7721768480314,2.3665164566836938e-06,4.7330329133673886e-08,"Method: equity_%, ATR: 845124.06, Risk: 2379.77"
2024-01-18 15:00:00,USDJPY,603003.0305572563,-5492.737221612409,equity_%,-7.183746194325501e-07,2379.3552938681164,3.3167329161708024e-06,6.633465832341605e-08,"Method: equity_%, ATR: 603003.03, Risk: 2379.36"
2024-01-18 16:00:00,USDJPY,1637139.1140385459,-5572.358927685068,equity_%,-2.606937865046068e-07,2378.238181783428,1.2216432817772815e-06,2.4432865635545633e-08,"Method: equity_%, ATR: 1637139.11, Risk: 2378.24"
2024-01-18 17:00:00,USDJPY,2348732.9967123787,-5588.0594320710625,equity_%,-1.8120958469582324e-07,2378.350352902715,8.515229286596157e-07,1.7030458573192315e-08,"Method: equity_%, ATR: 2348733.00, Risk: 2378.35"
2024-01-18 18:00:00,USDJPY,825110.5431983615,-5620.173236438118,equity_%,-5.123749281757618e-07,2376.0179073010377,2.423917639262535e-06,4.8478352785250694e-08,"Method: equity_%, ATR: 825110.54, Risk: 2376.02"
2024-01-18 19:00:00,USDJPY,1678849.6747011868,-5519.444860823806,equity_%,-2.5605511079326666e-07,2372.6881356832137,1.1912918888083137e-06,2.3825837776166275e-08,"Method: equity_%, ATR: 1678849.67, Risk: 2372.69"
2024-01-18 20:00:00,USDJPY,880077.2158795644,-5525.987948494709,equity_%,-4.874633005573175e-07,2370.6783629828783,2.2725278690474512e-06,4.545055738094903e-08,"Method: equity_%, ATR: 880077.22, Risk: 2370.68"
2024-01-18 21:00:00,USDJPY,1479510.840727953,-5575.404174331277,equity_%,-2.874140895031613e-07,2370.8417241429956,1.3517981382386862e-06,2.703596276477372e-08,"Method: equity_%, ATR: 1479510.84, Risk: 2370.84"
2024-01-18 22:00:00,USDJPY,1560153.0618232482,-5531.9126050502555,equity_%,-2.746212602781339e-07,2370.1545942867656,1.2819255039391662e-06,2.5638510078783327e-08,"Method: equity_%, ATR: 1560153.06, Risk: 2370.15"
2024-01-18 23:00:00,USDJPY,1675409.995930977,-5515.029159944306,equity_%,-2.5648357272846916e-07,2369.8915360702335,1.1937376551753576e-06,2.3874753103507156e-08,"Method: equity_%, ATR: 1675410.00, Risk: 2369.89"
2024-01-19 00:00:00,USDJPY,1046805.2010478005,-5531.772280090923,equity_%,-4.090924664302438e-07,2368.9268337162357,1.9105751461667353e-06,3.8211502923334706e-08,"Method: equity_%, ATR: 1046805.20, Risk: 2368.93"
2024-01-19 01:00:00,USDJPY,991168.7568028355,-5608.033547183403,equity_%,-4.260556918469522e-07,2368.2338178006953,2.0178198578931216e-06,4.035639715786244e-08,"Method: equity_%, ATR: 991168.76, Risk: 2368.23"
2024-01-19 02:00:00,USDJPY,1808215.4694310883,-5600.159212647111,equity_%,-2.339717739582688e-07,2369.267092371322,1.106062874591628e-06,2.2121257491832562e-08,"Method: equity_%, ATR: 1808215.47, Risk: 2369.27"
2024-01-19 03:00:00,USDJPY,563600.5003852369,-5572.531991260804,equity_%,-7.554426077456338e-07,2372.604863208456,3.548612889152765e-06,7.09722577830553e-08,"Method: equity_%, ATR: 563600.50, Risk: 2372.60"
2024-01-19 04:00:00,USDJPY,1709708.37387953,-5641.522454435401,equity_%,-2.4629228104335356e-07,2375.57726807018,1.1697901411465652e-06,2.339580282293131e-08,"Method: equity_%, ATR: 1709708.37, Risk: 2375.58"
2024-01-19 05:00:00,USDJPY,898280.4448891329,-5630.030345026586,equity_%,-4.700479231609025e-07,2377.1950606567184,2.2264761649652107e-06,4.452952329930421e-08,"Method: equity_%, ATR: 898280.44, Risk: 2377.20"
2024-01-19 06:00:00,USDJPY,3535370.0999004557,-5523.841341352493,equity_%,-1.2172692150029437e-07,2377.183566980578,5.65711635128756e-07,1.131423270257512e-08,"Method: equity_%, ATR: 3535370.10, Risk: 2377.18"
2024-01-19 07:00:00,USDJPY,9317774.050601602,-5911.125007745586,equity_%,-4.3148814823531156e-08,2376.5731712091333,2.1464353923358661e-07,4.292870784671732e-09,"Method: equity_%, ATR: 9317774.05, Risk: 2376.57"
2024-01-19 08:00:00,USDJPY,1260535.1261893157,-5999.530023498142,equity_%,-3.142188887705919e-07,2376.317529497359,1.5866277412245844e-06,3.173255482449168e-08,"Method: equity_%, ATR: 1260535.13, Risk: 2376.32"
2024-01-19 09:00:00,USDJPY,751112.2582488861,-5990.221817221711,equity_%,-5.278515180790129e-07,2374.9776622773375,2.6627178268435165e-06,5.325435653687033e-08,"Method: equity_%, ATR: 751112.26, Risk: 2374.98"
2024-01-19 10:00:00,USDJPY,1857886.1375319047,-5897.605794869184,equity_%,-2.1665179999098375e-07,2373.871115676097,1.0764922346946866e-06,2.152984469389373e-08,"Method: equity_%, ATR: 1857886.14, Risk: 2373.87"
2024-01-19 11:00:00,USDJPY,1217916.7359302938,-5972.069571938876,equity_%,-3.2609596660012387e-07,2371.8536258968556,1.6421483842015848e-06,3.284296768403169e-08,"Method: equity_%, ATR: 1217916.74, Risk: 2371.85"
2024-01-19 12:00:00,USDJPY,423061.2819783255,-5997.121592932677,equity_%,-9.348519972760395e-07,2371.8596974788156,4.7274475003894714e-06,9.454895000778945e-08,"Method: equity_%, ATR: 423061.28, Risk: 2371.86"
2024-01-19 13:00:00,USDJPY,1365204.987798379,-5983.525185539702,equity_%,-2.9032920935945365e-07,2371.623369241045,1.4649814627657742e-06,2.9299629255315482e-08,"Method: equity_%, ATR: 1365204.99, Risk: 2371.62"
2024-01-19 14:00:00,USDJPY,979707.0950889883,-5970.47931698036,equity_%,-4.055201656058278e-07,2372.017599485285,2.0414264733056127e-06,4.082852946611225e-08,"Method: equity_%, ATR: 979707.10, Risk: 2372.02"
2024-01-19 15:00:00,USDJPY,4625697.318095563,-5560.162004748376,equity_%,-9.223112119265865e-08,2372.1499863111094,4.3236724378313114e-07,8.647344875662623e-09,"Method: equity_%, ATR: 4625697.32, Risk: 2372.15"
2024-01-19 16:00:00,USDJPY,1260866.8542513987,-5499.871815577003,equity_%,-3.417526322660121e-07,2369.9198798223915,1.5862103070251926e-06,3.172420614050385e-08,"Method: equity_%, ATR: 1260866.85, Risk: 2369.92"
2024-01-19 17:00:00,USDJPY,2937104.612565454,-5627.7515854981575,equity_%,-1.4346846969791058e-07,2371.4326789408797,6.809427187045519e-07,1.3618854374091037e-08,"Method: equity_%, ATR: 2937104.61, Risk: 2371.43"
2024-01-19 18:00:00,USDJPY,3270232.6699535297,-5435.905082227936,equity_%,-1.3342212084731395e-07,2371.801598815087,6.115772796155266e-07,1.2231545592310533e-08,"Method: equity_%, ATR: 3270232.67, Risk: 2371.80"
2024-01-19 19:00:00,USDJPY,2004604.816588917,-5325.785054503764,equity_%,-2.222065029851966e-07,2372.2975960255003,9.97702880612273e-07,1.995405761224546e-08,"Method: equity_%, ATR: 2004604.82, Risk: 2372.30"
2024-01-19 20:00:00,USDJPY,4258571.916263527,-5426.438384859016,equity_%,-1.0264642861405435e-07,2372.043807381398,4.6964100626362107e-07,9.392820125272421e-09,"Method: equity_%, ATR: 4258571.92, Risk: 2372.04"
2024-01-19 21:00:00,USDJPY,1811138.5188290752,-5314.044161632449,equity_%,-2.4671024559435365e-07,2374.455375151806,1.1042777673863547e-06,2.2085555347727093e-08,"Method: equity_%, ATR: 1811138.52, Risk: 2374.46"
2024-01-19 22:00:00,USDJPY,2607039.881422797,-5224.946716203961,equity_%,-1.7428498742759722e-07,2374.048134753212,7.671535883480601e-07,1.5343071766961202e-08,"Method: equity_%, ATR: 2607039.88, Risk: 2374.05"
2024-01-19 23:00:00,USDJPY,4162783.807255446,-5137.7121499770055,equity_%,-1.1106704770580951e-07,2375.411490497523,4.804477226307399e-07,9.608954452614799e-09,"Method: equity_%, ATR: 4162783.81, Risk: 2375.41"
2024-01-20 00:00:00,USDJPY,1525014.3659594324,-5218.7139869711655,equity_%,-2.9883014834390643e-07,2378.2737430528987,1.3114630554589824e-06,2.622926110917965e-08,"Method: equity_%, ATR: 1525014.37, Risk: 2378.27"
2024-01-20 01:00:00,USDJPY,2603178.5560597475,-5123.993171059085,equity_%,-1.782547665038263e-07,2377.6813537885605,7.682915162866364e-07,1.536583032573273e-08,"Method: equity_%, ATR: 2603178.56, Risk: 2377.68"
2024-01-20 02:00:00,USDJPY,1876076.1796950102,-5235.78595006399,equity_%,-2.422569146678531e-07,2379.6250635649635,1.0660547911893087e-06,2.1321095823786178e-08,"Method: equity_%, ATR: 1876076.18, Risk: 2379.63"
2024-01-20 03:00:00,USDJPY,1019643.7046313985,-5304.840068650512,equity_%,-4.3995515503786685e-07,2379.738014735363,1.9614694730283268e-06,3.922938946056654e-08,"Method: equity_%, ATR: 1019643.70, Risk: 2379.74"
2024-01-20 04:00:00,USDJPY,1014939.1593743712,-5341.424163515275,equity_%,-4.391032939527225e-07,2380.4758009161137,1.970561468170013e-06,3.941122936340026e-08,"Method: equity_%, ATR: 1014939.16, Risk: 2380.48"
2024-01-20 05:00:00,USDJPY,1254686.242177213,-5240.349473715004,equity_%,-3.6268667437188085e-07,2384.6628489133327,1.5940240139474793e-06,3.188048027894959e-08,"Method: equity_%, ATR: 1254686.24, Risk: 2384.66"
2024-01-20 06:00:00,USDJPY,2188178.7966969386,-5381.930304723428,equity_%,-2.0251160226480176e-07,2384.9033555952897,9.140020929820749e-07,1.8280041859641498e-08,"Method: equity_%, ATR: 2188178.80, Risk: 2384.90"
2024-01-20 07:00:00,USDJPY,1451321.651214239,-5366.979970417117,equity_%,-3.060593566265892e-07,2383.961896686686,1.3780542709651666e-06,2.7561085419303333e-08,"Method: equity_%, ATR: 1451321.65, Risk: 2383.96"
2024-01-20 08:00:00,USDJPY,1748210.8109973434,-5267.673548980614,equity_%,-2.590733780342587e-07,2385.8077350071408,1.1440267886565765e-06,2.2880535773131532e-08,"Method: equity_%, ATR: 1748210.81, Risk: 2385.81"
2024-01-20 09:00:00,USDJPY,2280482.2740832516,-5133.863646603867,equity_%,-2.036378451287896e-07,2384.127753733515,8.770074745720158e-07,1.7540149491440315e-08,"Method: equity_%, ATR: 2280482.27, Risk: 2384.13"
2024-01-20 10:00:00,USDJPY,2853380.8659572694,-5044.321292373753,equity_%,-1.6559753449908433e-07,2383.5065615188955,7.009229030240335e-07,1.4018458060480668e-08,"Method: equity_%, ATR: 2853380.87, Risk: 2383.51"
2024-01-20 11:00:00,USDJPY,963088.6628173084,-5045.839601508417,equity_%,-4.902881239973172e-07,2382.5997129172506,2.0766520022667808e-06,4.1533040045335624e-08,"Method: equity_%, ATR: 963088.66, Risk: 2382.60"
2024-01-20 12:00:00,USDJPY,1005854.3377875503,-5044.140255506962,equity_%,-4.699760445216441e-07,2384.5035253125175,1.9883594720077913e-06,3.976718944015583e-08,"Method: equity_%, ATR: 1005854.34, Risk: 2384.50"
2024-01-20 13:00:00,USDJPY,1054631.1921718917,-5008.492342426693,equity_%,-4.515477046392373e-07,2385.125662169181,1.8963975414772531e-06,3.792795082954506e-08,"Method: equity_%, ATR: 1054631.19, Risk: 2385.13"
2024-01-20 14:00:00,USDJPY,949016.4954699139,-5066.449212310635,equity_%,-4.963854411806827e-07,2386.6926191203343,2.1074449280354003e-06,4.2148898560708e-08,"Method: equity_%, ATR: 949016.50, Risk: 2386.69"
2024-01-20 15:00:00,USDJPY,1226209.3253313652,-4981.634984456849,equity_%,-3.9077615468097635e-07,2387.066798638877,1.6310428885863586e-06,3.2620857771727174e-08,"Method: equity_%, ATR: 1226209.33, Risk: 2387.07"
2024-01-20 16:00:00,USDJPY,2042939.6174492103,-5037.011415214955,equity_%,-2.318886937423512e-07,2386.2065843798005,9.78981455407466e-07,1.9579629108149327e-08,"Method: equity_%, ATR: 2042939.62, Risk: 2386.21"
2024-01-20 17:00:00,USDJPY,743910.7556499585,-5000.556914077324,equity_%,-6.414994884794247e-07,2386.357615746732,2.6884945335312304e-06,5.3769890670624614e-08,"Method: equity_%, ATR: 743910.76, Risk: 2386.36"
2024-01-20 18:00:00,USDJPY,4863572.189183997,-5410.359196027275,equity_%,-9.072407280417016e-08,2387.2835413855337,4.1122037921998176e-07,8.224407584399637e-09,"Method: equity_%, ATR: 4863572.19, Risk: 2387.28"
2024-01-20 19:00:00,USDJPY,975305.1197558034,-5461.813199395288,equity_%,-4.4791673342705343e-07,2386.023045111138,2.050640317053559e-06,4.1012806341071186e-08,"Method: equity_%, ATR: 975305.12, Risk: 2386.02"
2024-01-20 20:00:00,USDJPY,1511633.6479386792,-5519.781264091477,equity_%,-2.8607777094082685e-07,2387.0006191347734,1.323071898225655e-06,2.6461437964513103e-08,"Method: equity_%, ATR: 1511633.65, Risk: 2387.00"
2024-01-20 21:00:00,USDJPY,1493796.2533387418,-5652.693505627996,equity_%,-2.828152008623557e-07,2388.0837447200406,1.338870676325407e-06,2.677741352650814e-08,"Method: equity_%, ATR: 1493796.25, Risk: 2388.08"
2024-01-20 22:00:00,USDJPY,5910492.021209657,-5371.3034576727505,equity_%,-7.521684592733502e-08,2387.912684935205,3.383813044367624e-07,6.767626088735247e-09,"Method: equity_%, ATR: 5910492.02, Risk: 2387.91"
2024-01-20 23:00:00,USDJPY,1258472.9065895225,-5398.201129473435,equity_%,-3.517708619633797e-07,2389.7517858190326,1.5892276977340931e-06,3.178455395468187e-08,"Method: equity_%, ATR: 1258472.91, Risk: 2389.75"
2024-01-21 00:00:00,USDJPY,2651254.265240641,-5459.4462317403995,equity_%,-1.6496379477308505e-07,2387.748669563103,7.543599368121978e-07,1.5087198736243958e-08,"Method: equity_%, ATR: 2651254.27, Risk: 2387.75"
2024-01-21 01:00:00,USDJPY,1122267.4749687212,-5518.1953599177705,equity_%,-3.8529072793708586e-07,2386.0635480645383,1.7821063557560041e-06,3.564212711512008e-08,"Method: equity_%, ATR: 1122267.47, Risk: 2386.06"
2024-01-21 02:00:00,USDJPY,4235930.418946027,-5193.117260823137,equity_%,-1.0839761275040828e-07,2384.4963638106906,4.7215128724839507e-07,9.443025744967901e-09,"Method: equity_%, ATR: 4235930.42, Risk: 2384.50"
2024-01-21 03:00:00,USDJPY,1376596.7983972859,-5274.117484300695,equity_%,-3.2838561150418345e-07,2384.1889718119173,1.4528582387584488e-06,2.9057164775168977e-08,"Method: equity_%, ATR: 1376596.80, Risk: 2384.19"
2024-01-21 04:00:00,USDJPY,1507612.2378985747,-5374.519890374457,equity_%,-2.94162064638442e-07,2383.5045959528366,1.3266010647325026e-06,2.653202129465005e-08,"Method: equity_%, ATR: 1507612.24, Risk: 2383.50"
2024-01-21 05:00:00,USDJPY,1287888.8453727905,-5259.2915137721675,equity_%,-3.5149893565283534e-07,2380.836871384701,1.5529290491067831e-06,3.105858098213566e-08,"Method: equity_%, ATR: 1287888.85, Risk: 2380.84"
2024-01-21 06:00:00,USDJPY,1867239.5888659048,-5352.222784449546,equity_%,-2.3838422861695895e-07,2382.3839161931733,1.0710998266776943e-06,2.142199653355389e-08,"Method: equity_%, ATR: 1867239.59, Risk: 2382.38"
2024-01-21 07:00:00,USDJPY,909764.8774701701,-5341.167262477133,equity_%,-4.897908754965874e-07,2379.9949471254276,2.1983702047956637e-06,4.3967404095913275e-08,"Method: equity_%, ATR: 909764.88, Risk: 2379.99"
2024-01-21 08:00:00,USDJPY,1118793.5705336076,-5365.805364635593,equity_%,-3.96629210024871e-07,2381.0557944855123,1.7876398762696695e-06,3.575279752539339e-08,"Method: equity_%, ATR: 1118793.57, Risk: 2381.06"
2024-01-21 09:00:00,USDJPY,4033126.624629476,-5224.487017406462,equity_%,-1.131023938016833e-07,2383.182540569042,4.958931831662341e-07,9.917863663324682e-09,"Method: equity_%, ATR: 4033126.62, Risk: 2383.18"
2024-01-21 10:00:00,USDJPY,1396053.5986800916,-5247.21703425709,equity_%,-3.251786907960247e-07,2382.062753594693,1.4326097521548699e-06,2.8652195043097397e-08,"Method: equity_%, ATR: 1396053.60, Risk: 2382.06"
2024-01-21 11:00:00,USDJPY,1838245.594893042,-5177.333074229792,equity_%,-2.5052959258823236e-07,2384.342672976016,1.087993903293629e-06,2.1759878065872586e-08,"Method: equity_%, ATR: 1838245.59, Risk: 2384.34"
2024-01-21 12:00:00,USDJPY,2199249.899567776,-5203.302470142653,equity_%,-2.0827150512617882e-07,2383.3263180172466,9.09400973665187e-07,1.8188019473303743e-08,"Method: equity_%, ATR: 2199249.90, Risk: 2383.33"
2024-01-21 13:00:00,USDJPY,1807947.8764601662,-5154.0924800913235,equity_%,-2.5591156129137734e-07,2384.668520821112,1.106226582104711e-06,2.212453164209422e-08,"Method: equity_%, ATR: 1807947.88, Risk: 2384.67"
2024-01-21 14:00:00,USDJPY,2143568.06412552,-5107.909438360721,equity_%,-2.1748784981736734e-07,2381.307427176129,9.330237903203276e-07,1.8660475806406556e-08,"Method: equity_%, ATR: 2143568.06, Risk: 2381.31"
2024-01-21 15:00:00,USDJPY,1932564.7163725444,-4984.339151405561,equity_%,-2.4756185124408146e-07,2384.653885358716,1.0348941916698307e-06,2.0697883833396614e-08,"Method: equity_%, ATR: 1932564.72, Risk: 2384.65"
2024-01-21 16:00:00,USDJPY,1846949.345666435,-4952.458521483798,equity_%,-2.6066146211162953e-07,2384.2547609449566,1.0828667308568442e-06,2.1657334617136883e-08,"Method: equity_%, ATR: 1846949.35, Risk: 2384.25"
2024-01-21 17:00:00,USDJPY,733320.0025869427,-4946.255206298396,equity_%,-6.567251034402818e-07,2382.065336135871,2.7273223053299698e-06,5.4546446106599395e-08,"Method: equity_%, ATR: 733320.00, Risk: 2382.07"
2024-01-21 18:00:00,USDJPY,1978031.3470771215,-4785.278355120928,equity_%,-2.518979799030434e-07,2384.3228447649267,1.0111063219272744e-06,2.0222126438545486e-08,"Method: equity_%, ATR: 1978031.35, Risk: 2384.32"
2024-01-21 19:00:00,USDJPY,667948.7544278891,-4771.139262737244,equity_%,-7.485558277009916e-07,2385.5549970087723,2.994241679083657e-06,5.988483358167313e-08,"Method: equity_%, ATR: 667948.75, Risk: 2385.55"
