timestamp,pair,entry_price,stop_loss_price,stop_loss_pips,stop_type,stop_hit,exit_price,exit_reason
2024-01-01 01:00:00,EURUSD,147.00447239232557,-459.5035411352832,6065080.1352760885,atr,False,0.0,
2024-01-01 02:00:00,EURUSD,-263.8831417065418,-1170.5632235351013,9066800.818285594,atr,False,0.0,
2024-01-01 03:00:00,EURUSD,-387.7932215158106,-812.4673556835403,4246741.341677296,atr,False,0.0,
2024-01-01 04:00:00,EURUSD,-488.71198981422606,-880.8555940133162,3921436.0419909013,atr,False,0.0,
2024-01-01 05:00:00,EURUSD,-460.6561483465723,-577.6958354838678,1170396.8713729552,atr,False,0.0,
2024-01-01 06:00:00,EURUSD,-463.735926325607,-626.2970839431225,1625611.5761751556,atr,False,0.0,
2024-01-01 07:00:00,EURUSD,-563.4034183232887,-841.0086282402859,2776052.099169972,atr,False,0.0,
2024-01-01 08:00:00,EURUSD,-506.3260919236559,-616.0514728636748,1097253.8094001892,atr,False,0.0,
2024-01-01 09:00:00,EURUSD,-532.414387570799,-699.0387548045248,1666243.6723372582,atr,False,0.0,
2024-01-01 10:00:00,EURUSD,-508.48767001921544,-633.586105927262,1250984.359080465,atr,False,0.0,
2024-01-01 11:00:00,EURUSD,-461.553566911946,-696.7862114682707,2352326.4455632474,atr,False,0.0,
2024-01-01 12:00:00,EURUSD,-709.4065137809334,-1299.8306755237097,5904241.617427763,atr,False,0.0,
2024-01-01 13:00:00,EURUSD,-744.2371784758375,-891.5171470171831,1472799.6854134556,atr,False,0.0,
2024-01-01 14:00:00,EURUSD,-671.9380820043269,-1120.1346267174195,4481965.447130924,atr,False,0.0,
2024-01-01 15:00:00,EURUSD,-548.7665895392064,-765.9523994080264,2171858.0986882006,atr,False,0.0,
2024-01-01 16:00:00,EURUSD,-568.3403405662074,-751.841522871983,1835011.8230577558,atr,False,0.0,
2024-01-01 17:00:00,EURUSD,-650.5531126086521,-1043.5773663685436,3930242.5375989163,atr,False,0.0,
2024-01-01 18:00:00,EURUSD,-542.8041419246699,-745.1543125441935,2023501.7061952366,atr,False,0.0,
2024-01-01 19:00:00,EURUSD,-490.9541017027519,-700.2468104767038,2092927.0877395186,atr,False,0.0,
2024-01-01 20:00:00,EURUSD,-749.5462053867363,-1282.743081994148,5331968.766074117,atr,False,0.0,
2024-01-01 21:00:00,EURUSD,-815.7283869244659,-1088.105811210619,2723774.2428615326,atr,False,0.0,
2024-01-01 22:00:00,EURUSD,-971.2300841483892,-1211.7691331570547,2405390.490086655,atr,False,0.0,
2024-01-01 23:00:00,EURUSD,-776.1707151495664,-1110.2480664454383,3340773.5129587194,atr,False,0.0,
2024-01-02 00:00:00,EURUSD,-686.7448899883648,-950.4926860274721,2637477.9603910735,atr,False,0.0,
2024-01-02 01:00:00,EURUSD,-761.4958863719439,-1106.9166493945736,3454207.6302262964,atr,False,0.0,
2024-01-02 02:00:00,EURUSD,-842.738792382399,-1020.5428753520763,1778040.8296967736,atr,False,0.0,
2024-01-02 03:00:00,EURUSD,-936.0950373758143,-1432.7822490729714,4966872.116971571,atr,False,0.0,
2024-01-02 04:00:00,EURUSD,-888.4511800988755,-1006.0499151848165,1175987.3508594104,atr,False,0.0,
2024-01-02 05:00:00,EURUSD,-961.2921700051834,-1147.2344681060265,1859422.981008431,atr,False,0.0,
2024-01-02 06:00:00,EURUSD,-854.1812480518149,-1255.3945396061185,4012132.9155430375,atr,False,0.0,
2024-01-02 07:00:00,EURUSD,-872.6505854194553,-1121.3391625899008,2486885.7717044544,atr,False,0.0,
2024-01-02 08:00:00,EURUSD,-825.2393177785636,-1017.5983808241358,1923590.6304557214,atr,False,0.0,
2024-01-02 09:00:00,EURUSD,-658.0808639102509,-1399.2031235955167,7411222.596852658,atr,False,0.0,
2024-01-02 10:00:00,EURUSD,-738.0553975284365,-1021.4543333067031,2833989.3577826656,atr,False,0.0,
2024-01-02 11:00:00,EURUSD,-805.7099829965733,-1135.5755251812473,3298655.42184674,atr,False,0.0,
2024-01-02 12:00:00,EURUSD,-878.8711373666151,-1063.6174764495595,1847463.3908294435,atr,False,0.0,
2024-01-02 13:00:00,EURUSD,-853.5789793812836,-1014.7062377582397,1611272.5837695615,atr,False,0.0,
2024-01-02 14:00:00,EURUSD,-805.5255915600831,-1039.5618778679852,2340362.8630790208,atr,False,0.0,
2024-01-02 15:00:00,EURUSD,-768.9277983406282,-902.5714036409177,1336436.0530028944,atr,False,0.0,
2024-01-02 16:00:00,EURUSD,-733.0687883747446,-864.1056043044933,1310368.1592974872,atr,False,0.0,
2024-01-02 17:00:00,EURUSD,-856.2565663496138,-1163.6641652306616,3074075.9888104782,atr,False,0.0,
2024-01-02 18:00:00,EURUSD,-928.9651612457044,-1055.8304948387288,1268653.3359302434,atr,False,0.0,
2024-01-02 19:00:00,EURUSD,-1022.4027850721543,-1342.0548976094842,3196521.1253732992,atr,False,0.0,
2024-01-02 20:00:00,EURUSD,-983.1999636954615,-1128.426221286834,1452262.5759137264,atr,False,0.0,
2024-01-02 21:00:00,EURUSD,-676.9814444430838,-1271.1622365647663,5941807.921216826,atr,False,0.0,
2024-01-02 22:00:00,EURUSD,-740.8074616060895,-897.2097883344037,1564023.2672831416,atr,False,0.0,
2024-01-02 23:00:00,EURUSD,-736.2575304551838,-936.1964163529324,1999388.8589774854,atr,False,0.0,
2024-01-03 00:00:00,EURUSD,-933.5937118295593,-1664.8256495754072,7312319.377458477,atr,False,0.0,
2024-01-03 01:00:00,EURUSD,-925.3096318238728,-1293.2615279522943,3679518.9612842146,atr,False,0.0,
2024-01-03 02:00:00,EURUSD,-926.0981695630836,-1052.4488520842813,1263506.825211976,atr,False,0.0,
2024-01-03 03:00:00,EURUSD,-978.3837493611402,-1261.1942669608775,2828105.1759973736,atr,False,0.0,
2024-01-03 04:00:00,EURUSD,-715.5141542476188,-1372.2433733018038,6567292.190541849,atr,False,0.0,
2024-01-03 05:00:00,EURUSD,-644.0851984832367,-1016.2168345651673,3721316.3608193058,atr,False,0.0,
2024-01-03 06:00:00,EURUSD,-544.7323065483068,-790.4867115269624,2457544.049786556,atr,False,0.0,
2024-01-03 07:00:00,EURUSD,-408.0775323681509,-876.1921946643213,4681146.622961704,atr,False,0.0,
2024-01-03 08:00:00,EURUSD,-286.6321202194242,-590.7410185525537,3041088.983331294,atr,False,0.0,
2024-01-03 09:00:00,EURUSD,-325.88530191978793,-495.20102390368226,1693157.219838943,atr,False,0.0,
2024-01-03 10:00:00,EURUSD,-314.1279871141956,-434.9944433650043,1208664.5625080871,atr,False,0.0,
2024-01-03 11:00:00,EURUSD,-263.15753315251186,-682.763392726054,4196058.595735421,atr,False,0.0,
2024-01-03 12:00:00,EURUSD,-242.67818373370926,-343.18623655685417,1005080.5282314492,atr,False,0.0,
2024-01-03 13:00:00,EURUSD,-352.02234267274997,-739.569216150471,3875468.7347772103,atr,False,0.0,
2024-01-03 14:00:00,EURUSD,-325.0612297173523,-467.2281584197191,1421669.2870236677,atr,False,0.0,
2024-01-03 15:00:00,EURUSD,-256.92085772116627,-611.8237198773909,3549028.6215622453,atr,False,0.0,
2024-01-03 16:00:00,EURUSD,-134.69207565402021,-389.21963992736744,2545275.642733472,atr,False,0.0,
2024-01-03 17:00:00,EURUSD,-115.76223117622291,-267.83280872783996,1520705.7755161705,atr,False,0.0,
2024-01-03 18:00:00,EURUSD,-139.4454681593063,-387.1049587447926,2476594.905854863,atr,False,0.0,
2024-01-03 19:00:00,EURUSD,-56.22730155555287,-382.7875563045191,3265602.5474896627,atr,False,0.0,
2024-01-03 20:00:00,EURUSD,-114.15902780290625,-377.35873994352767,2631997.121406214,atr,False,0.0,
2024-01-03 21:00:00,EURUSD,25.475493522431236,-349.6009473499096,3750764.4087234084,atr,False,0.0,
2024-01-03 22:00:00,EURUSD,-72.67110058855765,-579.9809164299066,5073098.15841349,atr,False,0.0,
2024-01-03 23:00:00,EURUSD,-187.2682025386821,-437.44273079286853,2501745.2825418646,atr,False,0.0,
2024-01-04 00:00:00,EURUSD,-120.65543268252054,-235.6067854475166,1149513.5276499605,atr,False,0.0,
2024-01-04 01:00:00,EURUSD,-202.85778185354525,-422.757063936877,2198992.820833317,atr,False,0.0,
2024-01-04 02:00:00,EURUSD,-213.55859373009386,-321.32569150496136,1077670.9777486748,atr,False,0.0,
2024-01-04 03:00:00,EURUSD,-247.65623148096077,-318.68421824500695,710279.8676404615,atr,False,0.0,
2024-01-04 04:00:00,EURUSD,-247.69541754024536,-411.48211614857354,1637866.9860832817,atr,False,0.0,
2024-01-04 05:00:00,EURUSD,-172.95375145342882,-373.74191255021213,2007881.610967833,atr,False,0.0,
2024-01-04 06:00:00,EURUSD,0.23048320398496003,-397.9795594951536,3982100.426991386,atr,False,0.0,
2024-01-04 07:00:00,EURUSD,-49.72092843153681,-201.04826751933152,1513273.3908779472,atr,False,0.0,
2024-01-04 08:00:00,EURUSD,-24.380450369364056,-299.82512036438584,2754446.699950218,atr,False,0.0,
2024-01-04 09:00:00,EURUSD,-158.6709557820634,-894.299389274588,7356284.3349252455,atr,False,0.0,
2024-01-04 10:00:00,EURUSD,-166.5598450454159,-226.9198708669178,603600.2582150188,atr,False,0.0,
2024-01-04 11:00:00,EURUSD,-256.3475145307486,-437.5951069588254,1812475.9242807683,atr,False,0.0,
2024-01-04 12:00:00,EURUSD,-267.037807657857,-309.5226858014985,424848.78143641504,atr,False,0.0,
2024-01-04 13:00:00,EURUSD,-244.84994443132558,-431.7418508097976,1868919.06378472,atr,False,0.0,
2024-01-04 14:00:00,EURUSD,-271.89184108864083,-561.7426274732783,2898507.863846374,atr,False,0.0,
2024-01-04 15:00:00,EURUSD,-231.05249629062445,-387.37914469276683,1563266.4840214239,atr,False,0.0,
2024-01-04 16:00:00,EURUSD,-223.8635788335128,-379.2307586609637,1553671.7982745091,atr,False,0.0,
2024-01-04 17:00:00,EURUSD,-133.60396391923632,-377.3095118467039,2437055.4792746757,atr,False,0.0,
2024-01-04 18:00:00,EURUSD,-16.480350008478,-302.3297124757802,2858493.624673022,atr,False,0.0,
2024-01-04 19:00:00,EURUSD,-45.86504109842995,-356.65987697613764,3107948.358777077,atr,False,0.0,
2024-01-04 20:00:00,EURUSD,-31.854287564556138,-276.10716509591225,2442528.7753135613,atr,False,0.0,
2024-01-04 21:00:00,EURUSD,72.90136370457472,-152.3665030189477,2252678.667235224,atr,False,0.0,
2024-01-04 22:00:00,EURUSD,70.40543253066492,-61.50541322842203,1319108.4575908696,atr,False,0.0,
2024-01-04 23:00:00,EURUSD,-126.82696778863867,-608.5074945661954,4816805.267775567,atr,False,0.0,
2024-01-05 00:00:00,EURUSD,-133.8412955704924,-307.3957300575627,1735544.3448707028,atr,False,0.0,
2024-01-05 01:00:00,EURUSD,-65.13757812151366,-370.64112936359845,3055035.5124208485,atr,False,0.0,
2024-01-05 02:00:00,EURUSD,-164.18867614398138,-894.8681054508211,7306794.293068397,atr,False,0.0,
2024-01-05 03:00:00,EURUSD,-163.3675919862431,-241.35047339590238,779828.8140965928,atr,False,0.0,
2024-01-05 04:00:00,EURUSD,-174.35383596150947,-260.9846510888475,866308.15127338,atr,False,0.0,
2024-01-05 05:00:00,EURUSD,-115.75321915772507,-420.1198647619289,3043666.4560420383,atr,False,0.0,
2024-01-05 06:00:00,EURUSD,13.844197922377631,-249.9017399171966,2637459.3783957423,atr,False,0.0,
2024-01-05 07:00:00,EURUSD,36.74421028586052,-88.61628295418399,1253604.932400445,atr,False,0.0,
2024-01-05 08:00:00,EURUSD,-25.76384933688375,-293.30737265357703,2675435.2331669326,atr,False,0.0,
2024-01-05 09:00:00,EURUSD,-114.28768962603534,-462.85108698961204,3485633.973635767,atr,False,0.0,
2024-01-05 10:00:00,EURUSD,-110.09822501422587,-316.67271733416544,2065744.9231993959,atr,False,0.0,
2024-01-05 11:00:00,EURUSD,-29.07745747718954,-588.2196162494292,5591421.5877223965,atr,False,0.0,
2024-01-05 12:00:00,EURUSD,-28.862182947892517,-70.24331345082524,413811.30502932717,atr,False,0.0,
2024-01-05 13:00:00,EURUSD,-49.941652338617175,-148.37121916436692,984295.6682574975,atr,False,0.0,
2024-01-05 14:00:00,EURUSD,-40.89755479073695,-317.69163751784475,2767940.8272710782,atr,False,0.0,
2024-01-05 15:00:00,EURUSD,-46.9166035466679,-167.84683141766777,1209302.2787099988,atr,False,0.0,
2024-01-05 16:00:00,EURUSD,-40.97001911232983,-253.23645774126243,2122664.386289326,atr,False,0.0,
2024-01-05 17:00:00,EURUSD,43.33813343270241,-586.9293007301574,6302674.341628598,atr,False,0.0,
2024-01-05 18:00:00,EURUSD,164.76171099977287,-367.9695324760354,5327312.434758083,atr,False,0.0,
2024-01-05 19:00:00,EURUSD,-31.47622102798431,-555.2474649896233,5237712.4396163905,atr,False,0.0,
2024-01-05 20:00:00,EURUSD,-91.34334762408302,-534.2877039247529,4429443.563006699,atr,False,0.0,
2024-01-05 21:00:00,EURUSD,-175.9536731468266,-324.6355105279679,1486818.373811413,atr,False,0.0,
2024-01-05 22:00:00,EURUSD,66.03626222434235,-426.8274689419822,4928637.311663246,atr,False,0.0,
2024-01-05 23:00:00,EURUSD,6.49215047090582,-314.3719347587595,3208640.852296653,atr,False,0.0,
2024-01-06 00:00:00,EURUSD,-17.124115023297243,-153.15863451841915,1360345.1949512193,atr,False,0.0,
2024-01-06 01:00:00,EURUSD,84.96007962968673,-227.3578045948288,3123178.842245155,atr,False,0.0,
2024-01-06 02:00:00,EURUSD,63.82578634727324,-111.97898040340533,1758047.6675067856,atr,False,0.0,
2024-01-06 03:00:00,EURUSD,84.08429986053176,-587.2528617937762,6713371.616543079,atr,False,0.0,
2024-01-06 04:00:00,EURUSD,132.70684914903455,-146.24194026420253,2789487.894132371,atr,False,0.0,
2024-01-06 05:00:00,EURUSD,150.56449605306145,-17.88122426904036,1684457.2032210182,atr,False,0.0,
2024-01-06 06:00:00,EURUSD,186.8828821127728,17.224330861438546,1696585.5125133423,atr,False,0.0,
2024-01-06 07:00:00,EURUSD,144.08157020439302,-25.006044348533663,1690876.1455292667,atr,False,0.0,
2024-01-06 08:00:00,EURUSD,284.2592920935472,-291.45396643947663,5757132.585330238,atr,False,0.0,
2024-01-06 09:00:00,EURUSD,362.94752808145404,112.92599276284247,2500215.3531861156,atr,False,0.0,
2024-01-06 10:00:00,EURUSD,289.68006068536783,-30.662182682419427,3203422.4336778726,atr,False,0.0,
2024-01-06 11:00:00,EURUSD,881.5712886396608,-203.26978637722107,10848410.750168819,atr,False,0.0,
2024-01-06 12:00:00,EURUSD,816.3333322040359,520.7829978472719,2955503.343567639,atr,False,0.0,
2024-01-06 13:00:00,EURUSD,921.966935896434,669.8236241677455,2521433.117286886,atr,False,0.0,
2024-01-06 14:00:00,EURUSD,924.4249288795296,686.6588229572817,2377661.0592224784,atr,False,0.0,
2024-01-06 15:00:00,EURUSD,1044.7889544363786,640.2181881425265,4045707.6629385212,atr,False,0.0,
2024-01-06 16:00:00,EURUSD,939.5920824570943,644.8042428944534,2947878.3956264085,atr,False,0.0,
2024-01-06 17:00:00,EURUSD,1071.1138044802458,830.2800242034948,2408337.8027675096,atr,False,0.0,
2024-01-06 18:00:00,EURUSD,1050.6390420635516,806.1332518187744,2445057.902447773,atr,False,0.0,
2024-01-06 19:00:00,EURUSD,1138.7642444273722,891.0416145407353,2477226.2988663693,atr,False,0.0,
2024-01-06 20:00:00,EURUSD,1342.633028687361,1030.6854433194735,3119475.8536788765,atr,False,0.0,
2024-01-06 21:00:00,EURUSD,1338.7030217185609,1238.6842516232277,1000187.7009533304,atr,False,0.0,
2024-01-06 22:00:00,EURUSD,1279.6753591043878,1160.7756397936569,1188997.1931073102,atr,False,0.0,
2024-01-06 23:00:00,EURUSD,1397.994798191003,941.6797038689949,4563150.943220081,atr,False,0.0,
2024-01-07 00:00:00,EURUSD,1362.5099209799919,990.0151013834023,3724948.1959658954,atr,False,0.0,
2024-01-07 01:00:00,EURUSD,1176.4681375020452,575.8662222662455,6006019.152357997,atr,False,0.0,
2024-01-07 02:00:00,EURUSD,1232.201902625504,1009.7012037905673,2225006.988349368,atr,False,0.0,
2024-01-07 03:00:00,EURUSD,1269.3518675237376,1161.9546388969375,1073972.2862680003,atr,False,0.0,
2024-01-07 04:00:00,EURUSD,1238.4745742582113,1003.9656113589335,2345089.628992778,atr,False,0.0,
2024-01-07 05:00:00,EURUSD,1285.7494228137525,1082.3484356957374,2034009.871180152,atr,False,0.0,
2024-01-07 06:00:00,EURUSD,1241.9315811722295,1028.9231737340544,2130084.07438175,atr,False,0.0,
2024-01-07 07:00:00,EURUSD,1127.2546774631446,700.2805450031431,4269741.324600016,atr,False,0.0,
2024-01-07 08:00:00,EURUSD,1142.136074839354,1065.9168740859755,762192.0075337868,atr,False,0.0,
2024-01-07 09:00:00,EURUSD,1172.0669639875198,1104.9501598148622,671168.0417265767,atr,False,0.0,
2024-01-07 10:00:00,EURUSD,1498.1833967628759,801.9807932605339,6962026.035023419,atr,False,0.0,
2024-01-07 11:00:00,EURUSD,1462.731954042134,1292.8565465920658,1698754.0745006823,atr,False,0.0,
2024-01-07 12:00:00,EURUSD,1505.7207146146175,1106.78120770242,3989395.0691219736,atr,False,0.0,
2024-01-07 13:00:00,EURUSD,1367.5140262755901,1056.1514534332605,3113625.7284232965,atr,False,0.0,
2024-01-07 14:00:00,EURUSD,1218.2440877690585,834.3699542770253,3838741.3349203323,atr,False,0.0,
2024-01-07 15:00:00,EURUSD,1218.3313717859253,1139.0598712268716,792715.005590536,atr,False,0.0,
2024-01-07 16:00:00,EURUSD,1142.4727120970529,833.1698624418759,3093028.49655177,atr,False,0.0,
2024-01-07 17:00:00,EURUSD,1224.76405582568,1044.362102168375,1804019.5365730496,atr,False,0.0,
2024-01-07 18:00:00,EURUSD,1176.713029726658,879.340564933336,2973724.64793322,atr,False,0.0,
2024-01-07 19:00:00,EURUSD,1167.028237748686,1000.8147631866002,1662134.7456208582,atr,False,0.0,
2024-01-07 20:00:00,EURUSD,1221.6483925851242,1039.3487010746849,1822996.915104394,atr,False,0.0,
2024-01-07 21:00:00,EURUSD,1297.4527485552626,1101.8751264444397,1955776.2211082284,atr,False,0.0,
2024-01-07 22:00:00,EURUSD,986.6877642256152,203.34870939864106,7833390.548269741,atr,False,0.0,
2024-01-07 23:00:00,EURUSD,994.2562177365808,785.6313464673943,2086248.7126918647,atr,False,0.0,
2024-01-08 00:00:00,EURUSD,870.1320688007611,610.3291154710205,2598029.5332974065,atr,False,0.0,
2024-01-08 01:00:00,EURUSD,878.8398811404411,810.3455456023596,684943.3553808155,atr,False,0.0,
2024-01-08 02:00:00,EURUSD,967.1654361432525,788.8243633255396,1783410.7281771288,atr,False,0.0,
2024-01-08 03:00:00,EURUSD,1134.9799612353117,733.6841546936471,4012958.065416646,atr,False,0.0,
2024-01-08 04:00:00,EURUSD,1233.4404512811934,994.9054847163787,2385349.665648147,atr,False,0.0,
2024-01-08 05:00:00,EURUSD,1196.2619666192595,929.0322269758876,2672297.396433719,atr,False,0.0,
2024-01-08 06:00:00,EURUSD,1200.8446857612935,1061.0180257343218,1398266.600269717,atr,False,0.0,
2024-01-08 07:00:00,EURUSD,1311.5924809761398,985.9642802783187,3256282.006978211,atr,False,0.0,
2024-01-08 08:00:00,EURUSD,1275.9775356084713,1085.9513674858067,1900261.6812266465,atr,False,0.0,
2024-01-08 09:00:00,EURUSD,1200.4853798897354,1064.6595782380746,1358258.0165166087,atr,False,0.0,
2024-01-08 10:00:00,EURUSD,1277.2311717678622,1139.982469424925,1372487.0234293723,atr,False,0.0,
2024-01-08 11:00:00,EURUSD,1436.4726999008017,498.0837076921214,9383889.922086803,atr,False,0.0,
2024-01-08 12:00:00,EURUSD,1393.0700078281438,1231.0046677963928,1620653.400317511,atr,False,0.0,
2024-01-08 13:00:00,EURUSD,1243.8904958988398,526.0781664498467,7178123.294489931,atr,False,0.0,
2024-01-08 14:00:00,EURUSD,1088.225094083643,154.38639398070757,9338387.001029354,atr,False,0.0,
2024-01-08 15:00:00,EURUSD,1297.5156588836976,746.9037693190689,5506118.895646286,atr,False,0.0,
2024-01-08 16:00:00,EURUSD,1318.38489014169,1203.6689539912734,1147159.3615041662,atr,False,0.0,
2024-01-08 17:00:00,EURUSD,1477.201253242998,1061.7157700826947,4154854.8316030335,atr,False,0.0,
2024-01-08 18:00:00,EURUSD,1433.7923493201044,1348.5012822279855,852910.6709211896,atr,False,0.0,
2024-01-08 19:00:00,EURUSD,1526.8638111959513,1258.4341915368484,2684296.196591029,atr,False,0.0,
2024-01-08 20:00:00,EURUSD,1571.5780660220285,1424.7111423786457,1468669.2364338273,atr,False,0.0,
2024-01-08 21:00:00,EURUSD,1658.2743524686612,1416.6984009651205,2415759.5150354067,atr,False,0.0,
2024-01-08 22:00:00,EURUSD,1766.8470717516634,1535.458443523014,2313886.282286494,atr,False,0.0,
2024-01-08 23:00:00,EURUSD,1776.5841666663293,1697.9695061135085,786146.6055282085,atr,False,0.0,
2024-01-09 00:00:00,EURUSD,1789.8720921079216,1651.8116180581035,1380604.7404981814,atr,False,0.0,
2024-01-09 01:00:00,EURUSD,1847.5723773900993,1716.7599502070102,1308124.271830892,atr,False,0.0,
2024-01-09 02:00:00,EURUSD,1837.948734799143,1749.0121559318109,889365.7886733229,atr,False,0.0,
2024-01-09 03:00:00,EURUSD,1850.8774646516517,1777.6803868471864,731970.7780446538,atr,False,0.0,
2024-01-09 04:00:00,EURUSD,1859.5150385834017,1687.3646124011993,1721504.261822023,atr,False,0.0,
2024-01-09 05:00:00,EURUSD,1735.6600862006999,1471.2424249504138,2644176.6125028594,atr,False,0.0,
2024-01-09 06:00:00,EURUSD,1717.587593166878,1334.07679527045,3835107.978964279,atr,False,0.0,
2024-01-09 07:00:00,EURUSD,1801.993113192651,1557.1456183768207,2448474.948158303,atr,False,0.0,
2024-01-09 08:00:00,EURUSD,1889.741368346799,1629.3506309511636,2603907.373956354,atr,False,0.0,
2024-01-09 09:00:00,EURUSD,1795.984678048124,1412.8083169131073,3831763.6113501666,atr,False,0.0,
2024-01-09 10:00:00,EURUSD,1865.8157611489512,1684.0042521949345,1818115.0895401686,atr,False,0.0,
2024-01-09 11:00:00,EURUSD,1810.2860746599397,1618.3393439052613,1919467.3075467835,atr,False,0.0,
2024-01-09 12:00:00,EURUSD,1829.8596232517054,1721.7264543089927,1081331.689427128,atr,False,0.0,
2024-01-09 13:00:00,EURUSD,1885.6628296749116,1695.4783986421319,1901844.3103277967,atr,False,0.0,
2024-01-09 14:00:00,EURUSD,1983.5989710739143,1708.8365051104443,2747624.6596347005,atr,False,0.0,
2024-01-09 15:00:00,EURUSD,1977.6176503019876,1827.9986676706676,1496189.826313199,atr,False,0.0,
2024-01-09 16:00:00,EURUSD,2135.202536746466,1679.801687325219,4554008.49421247,atr,False,0.0,
2024-01-09 17:00:00,EURUSD,1817.4617416573108,820.0769655242093,9973847.761331014,atr,False,0.0,
2024-01-09 18:00:00,EURUSD,1845.2322529447636,1761.3203581670673,839118.9477769616,atr,False,0.0,
2024-01-09 19:00:00,EURUSD,1797.5518753735978,1522.3624418293061,2751894.3354429174,atr,False,0.0,
2024-01-09 20:00:00,EURUSD,1725.4463819356633,1591.5130471314183,1339333.3480424497,atr,False,0.0,
2024-01-09 21:00:00,EURUSD,1716.5553062969943,1597.543075596321,1190122.307006734,atr,False,0.0,
2024-01-09 22:00:00,EURUSD,1675.078280987873,1552.3412567915339,1227370.2419633924,atr,False,0.0,
2024-01-09 23:00:00,EURUSD,1487.5398946770065,1033.8562557433745,4536836.389336321,atr,False,0.0,
2024-01-10 00:00:00,EURUSD,1557.155352279225,1311.2153064477875,2459400.458314376,atr,False,0.0,
2024-01-10 01:00:00,EURUSD,1512.3365353543797,1317.8488416596665,1944876.9369471315,atr,False,0.0,
2024-01-10 02:00:00,EURUSD,1649.2136396075998,1372.554365113294,2766592.7449430604,atr,False,0.0,
2024-01-10 03:00:00,EURUSD,1608.502772883254,1455.3274914709127,1531752.8141234128,atr,False,0.0,
2024-01-10 04:00:00,EURUSD,1744.7062264913109,1500.5575656604783,2441486.6083083255,atr,False,0.0,
2024-01-10 05:00:00,EURUSD,1752.3087326287718,1579.1242820733019,1731844.5055546998,atr,False,0.0,
2024-01-10 06:00:00,EURUSD,1711.6538156448219,1415.4922363603373,2961615.7928448454,atr,False,0.0,
2024-01-10 07:00:00,EURUSD,1381.5697328269493,48.13425747340648,13334354.753535429,atr,False,0.0,
2024-01-10 08:00:00,EURUSD,1248.9335503835907,934.6248767481351,3143086.7363545564,atr,False,0.0,
2024-01-10 09:00:00,EURUSD,1261.2755187377254,1061.8417207610808,1994337.9797664457,atr,False,0.0,
2024-01-10 10:00:00,EURUSD,1285.1795289462011,1086.1970937548622,1989824.3519133884,atr,False,0.0,
2024-01-10 11:00:00,EURUSD,1279.1457008084822,1062.6463518237158,2164993.489847664,atr,False,0.0,
2024-01-10 12:00:00,EURUSD,1061.0248012020334,448.40113445189013,6126236.667501433,atr,False,0.0,
2024-01-10 13:00:00,EURUSD,1086.7451117404905,933.9402602519035,1528048.5148858696,atr,False,0.0,
2024-01-10 14:00:00,EURUSD,960.2185598477105,608.4032360741217,3518153.2377358885,atr,False,0.0,
2024-01-10 15:00:00,EURUSD,1063.9866302405167,638.0047535436895,4259818.766968271,atr,False,0.0,
2024-01-10 16:00:00,EURUSD,1090.99908002061,915.9084602165714,1750906.1980403871,atr,False,0.0,
2024-01-10 17:00:00,EURUSD,1119.37717497582,1014.9920326944718,1043851.4228134819,atr,False,0.0,
2024-01-10 18:00:00,EURUSD,1216.0294982611808,1048.520927955659,1675085.7030552165,atr,False,0.0,
2024-01-10 19:00:00,EURUSD,737.6672176681641,-128.03225007321805,8656994.677413821,atr,False,0.0,
2024-01-10 20:00:00,EURUSD,567.5937087520107,-7.463029963463896,5750567.387154746,atr,False,0.0,
2024-01-10 21:00:00,EURUSD,597.8649106203369,419.50827796177504,1783566.3265856188,atr,False,0.0,
2024-01-10 22:00:00,EURUSD,617.9904428279311,443.002870365086,1749875.7246284515,atr,False,0.0,
2024-01-10 23:00:00,EURUSD,602.8735724597774,409.3174950762373,1935560.7738354006,atr,False,0.0,
2024-01-11 00:00:00,EURUSD,564.9599062509938,485.82398674983733,791359.1950115642,atr,False,0.0,
2024-01-11 01:00:00,EURUSD,598.8981810445733,319.4503770057759,2794478.040387974,atr,False,0.0,
2024-01-11 02:00:00,EURUSD,584.1384062352699,426.19622512906085,1579421.8110620906,atr,False,0.0,
2024-01-11 03:00:00,EURUSD,615.8920665740927,466.7690965652221,1491229.7000887059,atr,False,0.0,
2024-01-11 04:00:00,EURUSD,661.6840721620814,509.10221914374364,1525818.5301833777,atr,False,0.0,
2024-01-11 05:00:00,EURUSD,914.6557731801123,-33.393355179769515,9480491.283598818,atr,False,0.0,
2024-01-11 06:00:00,EURUSD,788.4376077548293,464.98912964214276,3234484.781126865,atr,False,0.0,
2024-01-11 07:00:00,EURUSD,738.3596907145604,442.85680434141085,2955028.863731496,atr,False,0.0,
2024-01-11 08:00:00,EURUSD,741.0910604963542,604.2436565254975,1368474.0397085664,atr,False,0.0,
2024-01-11 09:00:00,EURUSD,737.4962288766894,457.46979811521925,2800264.307614702,atr,False,0.0,
2024-01-11 10:00:00,EURUSD,789.8940749180299,641.7323399944062,1481617.3492362378,atr,False,0.0,
2024-01-11 11:00:00,EURUSD,878.9095676948049,493.2043537658855,3857052.139289194,atr,False,0.0,
2024-01-11 12:00:00,EURUSD,797.8222791227315,568.3787349216045,2294435.4420112697,atr,False,0.0,
2024-01-11 13:00:00,EURUSD,907.1824620302995,580.988644406029,3261938.1762427045,atr,False,0.0,
2024-01-11 14:00:00,EURUSD,767.810123315335,201.91973602616895,5658903.87289166,atr,False,0.0,
2024-01-11 15:00:00,EURUSD,783.5927407119977,636.2238695478911,1473688.7116410667,atr,False,0.0,
2024-01-11 16:00:00,EURUSD,805.5603809490643,650.7563599611294,1548040.2098793497,atr,False,0.0,
2024-01-11 17:00:00,EURUSD,806.8077162453749,540.1534240420318,2666542.9220334305,atr,False,0.0,
2024-01-11 18:00:00,EURUSD,705.2986574140721,434.48482224444905,2708138.3516962305,atr,False,0.0,
2024-01-11 19:00:00,EURUSD,774.8926075696273,590.4929602730101,1843996.4729661723,atr,False,0.0,
2024-01-11 20:00:00,EURUSD,677.8847340472663,453.11072610635813,2247740.079409082,atr,False,0.0,
2024-01-11 21:00:00,EURUSD,726.7144208099666,286.1416819407846,4405727.388691819,atr,False,0.0,
2024-01-11 22:00:00,EURUSD,841.4739090806482,501.3603443180156,3401135.6476263264,atr,False,0.0,
2024-01-11 23:00:00,EURUSD,839.3072052870335,554.7642283116444,2845429.7697538915,atr,False,0.0,
2024-01-12 00:00:00,EURUSD,861.5220332067124,646.9954749022713,2145265.5830444116,atr,False,0.0,
2024-01-12 01:00:00,EURUSD,987.5720933299668,417.47834322035646,5700937.501096103,atr,False,0.0,
2024-01-12 02:00:00,EURUSD,988.2987707907049,902.8929866002491,854057.8419045585,atr,False,0.0,
2024-01-12 03:00:00,EURUSD,861.8271190944147,473.225095706781,3886020.2338763364,atr,False,0.0,
2024-01-12 04:00:00,EURUSD,993.6329100414309,701.5056309504525,2921272.7909097844,atr,False,0.0,
2024-01-12 05:00:00,EURUSD,987.1713838288144,854.8870093257278,1322843.7450308655,atr,False,0.0,
2024-01-12 06:00:00,EURUSD,976.2732989209184,822.2134144984916,1540598.844224268,atr,False,0.0,
2024-01-12 07:00:00,EURUSD,1073.1607529377534,809.4969899056408,2636637.6303211255,atr,False,0.0,
2024-01-12 08:00:00,EURUSD,1168.208568936088,818.9089428343717,3492996.261017164,atr,False,0.0,
2024-01-12 09:00:00,EURUSD,1197.6739960876378,1129.4509531026356,682230.4298500206,atr,False,0.0,
2024-01-12 10:00:00,EURUSD,1132.7948392470018,769.4112845465177,3633835.5470048427,atr,False,0.0,
2024-01-12 11:00:00,EURUSD,1171.4341454000053,871.4226239255447,3000115.214744606,atr,False,0.0,
2024-01-12 12:00:00,EURUSD,1175.9804940838105,1083.6518156190741,923286.784647364,atr,False,0.0,
2024-01-12 13:00:00,EURUSD,1150.7585305487185,973.4744297789964,1772841.0076972204,atr,False,0.0,
2024-01-12 14:00:00,EURUSD,1191.6793180343507,1052.4596091164485,1392197.0891790227,atr,False,0.0,
2024-01-12 15:00:00,EURUSD,1188.9497983028143,1114.0608850380936,748889.1326472071,atr,False,0.0,
2024-01-12 16:00:00,EURUSD,1187.7780078902847,986.3565310557458,2014214.768345389,atr,False,0.0,
2024-01-12 17:00:00,EURUSD,1148.2056315676261,1016.2400929409172,1319655.3862670895,atr,False,0.0,
2024-01-12 18:00:00,EURUSD,915.1439351522082,517.1196169928938,3980243.181593144,atr,False,0.0,
2024-01-12 19:00:00,EURUSD,849.6813836455143,635.2561271987986,2144252.5644671572,atr,False,0.0,
2024-01-12 20:00:00,EURUSD,792.5880432484788,654.3383300281075,1382497.1322037128,atr,False,0.0,
2024-01-12 21:00:00,EURUSD,757.7135507445441,627.2500430950599,1304635.0764948414,atr,False,0.0,
2024-01-12 22:00:00,EURUSD,632.9696606337875,327.2489977818682,3057206.6285191933,atr,False,0.0,
2024-01-12 23:00:00,EURUSD,1149.1101292344629,-3.4536847358403975,11525638.139703033,atr,False,0.0,
2024-01-13 00:00:00,EURUSD,1190.427147490846,1016.2557129798043,1741714.3451104164,atr,False,0.0,
2024-01-13 01:00:00,EURUSD,981.1437641192532,588.4226189548415,3927211.4516441175,atr,False,0.0,
2024-01-13 02:00:00,EURUSD,977.9189761854136,914.3765573713739,635424.1881403971,atr,False,0.0,
2024-01-13 03:00:00,EURUSD,898.0734609148892,697.61709812812,2004563.6278676926,atr,False,0.0,
2024-01-13 04:00:00,EURUSD,882.2377761210154,599.4610405920139,2827767.3552900143,atr,False,0.0,
2024-01-13 05:00:00,EURUSD,751.1528642908761,410.9713927569638,3401814.7153391233,atr,False,0.0,
2024-01-13 06:00:00,EURUSD,803.3869339980176,502.8373812387641,3005495.527592535,atr,False,0.0,
2024-01-13 07:00:00,EURUSD,752.9297401577505,436.7307405627952,3161989.995949554,atr,False,0.0,
2024-01-13 08:00:00,EURUSD,787.7275115928799,509.4782345887727,2782492.770041072,atr,False,0.0,
2024-01-13 09:00:00,EURUSD,813.848165436982,320.24600483590547,4936021.606010765,atr,False,0.0,
2024-01-13 10:00:00,EURUSD,866.2693957806204,652.4626922966922,2138067.0348392813,atr,False,0.0,
2024-01-13 11:00:00,EURUSD,829.38511676863,634.5090691283845,1948760.4764024564,atr,False,0.0,
2024-01-13 12:00:00,EURUSD,1062.5950088122875,172.59407985417988,8900009.289581075,atr,False,0.0,
2024-01-13 13:00:00,EURUSD,1351.5558068836388,538.3352177029755,8132205.891806633,atr,False,0.0,
2024-01-13 14:00:00,EURUSD,1197.5447971219537,722.2555378952177,4752892.592267361,atr,False,0.0,
2024-01-13 15:00:00,EURUSD,1217.0321794310144,1052.493618993231,1645385.6043778353,atr,False,0.0,
2024-01-13 16:00:00,EURUSD,1131.4474439093317,665.1749882042366,4662724.557050952,atr,False,0.0,
2024-01-13 17:00:00,EURUSD,1041.1907746515972,863.9681491931211,1772226.2545847604,atr,False,0.0,
2024-01-13 18:00:00,EURUSD,1108.0286537203767,944.755106319358,1632735.4740101872,atr,False,0.0,
2024-01-13 19:00:00,EURUSD,1128.6350497594408,994.7538257350468,1338812.24024394,atr,False,0.0,
2024-01-13 20:00:00,EURUSD,1141.1167744557374,979.8865158357794,1612302.5861995802,atr,False,0.0,
2024-01-13 21:00:00,EURUSD,1087.0082229523912,900.0428052511174,1869654.1770127374,atr,False,0.0,
2024-01-13 22:00:00,EURUSD,1104.2684773114765,812.3339039486459,2919345.7336283065,atr,False,0.0,
2024-01-13 23:00:00,EURUSD,961.4074565790111,582.2294606306857,3791779.959483253,atr,False,0.0,
2024-01-14 00:00:00,EURUSD,942.685595996129,794.395117184628,1482904.7881150097,atr,False,0.0,
2024-01-14 01:00:00,EURUSD,987.7718683497777,782.3416584778574,2054302.0987192024,atr,False,0.0,
2024-01-14 02:00:00,EURUSD,975.0504950159443,888.8031683590335,862473.266569108,atr,False,0.0,
2024-01-14 03:00:00,EURUSD,1024.912929723453,838.823437499647,1860894.9222380612,atr,False,0.0,
2024-01-14 04:00:00,EURUSD,1161.0700378221254,904.3914191193319,2566786.187027935,atr,False,0.0,
2024-01-14 05:00:00,EURUSD,1233.6773043719727,890.5542094354307,3431230.94936542,atr,False,0.0,
2024-01-14 06:00:00,EURUSD,1653.6788190707784,939.1353531410233,7145434.659297552,atr,False,0.0,
2024-01-14 07:00:00,EURUSD,1596.6438280736722,1293.7523010907257,3028915.2698294665,atr,False,0.0,
2024-01-14 08:00:00,EURUSD,1594.0804041596934,1386.2571715796535,2078232.3258003986,atr,False,0.0,
2024-01-14 09:00:00,EURUSD,1540.1391579136196,1158.9693303309045,3811698.275827151,atr,False,0.0,
2024-01-14 10:00:00,EURUSD,1470.67830957012,1314.8016290944988,1558766.8047562113,atr,False,0.0,
2024-01-14 11:00:00,EURUSD,1359.4413477947455,1128.1910093296185,2312503.38465127,atr,False,0.0,
2024-01-14 12:00:00,EURUSD,1329.4723728525212,1166.1568369965853,1633155.3585593586,atr,False,0.0,
2024-01-14 13:00:00,EURUSD,1303.134462358776,1129.0602234718453,1740742.3888693075,atr,False,0.0,
2024-01-14 14:00:00,EURUSD,1258.912313219101,968.5171675188466,2903951.457002544,atr,False,0.0,
2024-01-14 15:00:00,EURUSD,1270.5361821920924,1149.956009663737,1205801.7252835531,atr,False,0.0,
2024-01-14 16:00:00,EURUSD,1015.4630513628302,-25.781886485870814,10412449.37848701,atr,False,0.0,
2024-01-14 17:00:00,EURUSD,1155.2431790964097,855.610136915349,2996330.4218106065,atr,False,0.0,
2024-01-14 18:00:00,EURUSD,1227.5329176742869,876.8254878157852,3507074.298585016,atr,False,0.0,
2024-01-14 19:00:00,EURUSD,1154.1364505257345,895.9403736906531,2581960.768350814,atr,False,0.0,
2024-01-14 20:00:00,EURUSD,1110.0502079487778,1034.2050827037865,758451.2524499121,atr,False,0.0,
2024-01-14 21:00:00,EURUSD,1017.5680966294224,850.7546210497655,1668134.755796569,atr,False,0.0,
2024-01-14 22:00:00,EURUSD,1006.8041533118861,865.6142368934048,1411899.164184813,atr,False,0.0,
2024-01-14 23:00:00,EURUSD,931.2697422142288,677.0619026542765,2542078.395599523,atr,False,0.0,
2024-01-15 00:00:00,EURUSD,935.6692126589603,831.9386279606082,1037305.8469835211,atr,False,0.0,
2024-01-15 01:00:00,EURUSD,908.4480251196366,776.6830694729017,1317649.556467348,atr,False,0.0,
2024-01-15 02:00:00,EURUSD,882.8047259079126,799.6687811479876,831359.4475992506,atr,False,0.0,
2024-01-15 03:00:00,EURUSD,1025.725110915394,700.1012793473051,3256238.3156808894,atr,False,0.0,
2024-01-15 04:00:00,EURUSD,987.8546933910834,613.5398434665523,3743148.499245311,atr,False,0.0,
2024-01-15 05:00:00,EURUSD,798.1156963450234,216.63411803421354,5814815.783108098,atr,False,0.0,
2024-01-15 06:00:00,EURUSD,744.4385620150606,556.2402760982045,1881982.8591685602,atr,False,0.0,
2024-01-15 07:00:00,EURUSD,666.1722733543636,500.4364872429636,1657357.861114,atr,False,0.0,
2024-01-15 08:00:00,EURUSD,640.8273718411201,397.3207703603744,2435066.014807457,atr,False,0.0,
2024-01-15 09:00:00,EURUSD,632.600396080096,532.0142399278466,1005861.5615224931,atr,False,0.0,
2024-01-15 10:00:00,EURUSD,639.6620289231171,431.0389989756095,2086230.2994750761,atr,False,0.0,
2024-01-15 11:00:00,EURUSD,584.2105020799976,355.85279819423374,2283577.0388576384,atr,False,0.0,
2024-01-15 12:00:00,EURUSD,620.9891274635555,440.66904445431857,1803200.8300923696,atr,False,0.0,
2024-01-15 13:00:00,EURUSD,701.3859928700484,518.7630959510318,1826228.9691901656,atr,False,0.0,
2024-01-15 14:00:00,EURUSD,622.9761865221002,296.52706227390297,3264491.242481972,atr,False,0.0,
2024-01-15 15:00:00,EURUSD,535.5735533817583,283.80864265583773,2517649.1072592055,atr,False,0.0,
2024-01-15 16:00:00,EURUSD,448.58207113000793,266.3969333265578,1821851.3780345013,atr,False,0.0,
2024-01-15 17:00:00,EURUSD,631.0818267253485,-39.04323339185362,6701250.601172021,atr,False,0.0,
2024-01-15 18:00:00,EURUSD,699.4118571642487,495.71662365339694,2036952.3351085172,atr,False,0.0,
2024-01-15 19:00:00,EURUSD,802.8196600128854,527.1525338161309,2756671.2619675444,atr,False,0.0,
2024-01-15 20:00:00,EURUSD,904.5792237377741,666.0775734045625,2385016.503332116,atr,False,0.0,
2024-01-15 21:00:00,EURUSD,862.1972300395167,747.7406925694426,1144565.3747007414,atr,False,0.0,
2024-01-15 22:00:00,EURUSD,989.427285197072,669.2659672976448,3201613.178994272,atr,False,0.0,
2024-01-15 23:00:00,EURUSD,1109.1325693508682,893.6288845950618,2155036.8475580635,atr,False,0.0,
2024-01-16 00:00:00,EURUSD,1347.430888716584,668.2338013855147,6791970.873310693,atr,False,0.0,
2024-01-16 01:00:00,EURUSD,1387.3720629280374,1126.8336789748823,2605383.8395315506,atr,False,0.0,
2024-01-16 02:00:00,EURUSD,1467.6666717837488,1175.8345660399032,2918321.0574384555,atr,False,0.0,
2024-01-16 03:00:00,EURUSD,1519.0635343148938,1364.4295556090751,1546339.7870581867,atr,False,0.0,
2024-01-16 04:00:00,EURUSD,1709.3044007068108,1005.8534616158566,7034509.390909541,atr,False,0.0,
2024-01-16 05:00:00,EURUSD,1851.9642057005474,1522.6247165559935,3293394.8914455394,atr,False,0.0,
2024-01-16 06:00:00,EURUSD,1865.6422084097155,1743.8512619547164,1217909.4645499901,atr,False,0.0,
2024-01-16 07:00:00,EURUSD,1821.5017737973162,1672.527111784463,1489746.6201285329,atr,False,0.0,
2024-01-16 08:00:00,EURUSD,1816.607723153413,1636.6516856576395,1799560.3749577354,atr,False,0.0,
2024-01-16 09:00:00,EURUSD,1685.302874478486,1264.8282404434335,4204746.340350526,atr,False,0.0,
2024-01-16 10:00:00,EURUSD,1778.3779265484936,1539.188173562766,2391897.5298572765,atr,False,0.0,
2024-01-16 11:00:00,EURUSD,1739.0096540052316,1615.2897305089193,1237199.2349631218,atr,False,0.0,
2024-01-16 12:00:00,EURUSD,1758.2220961891426,1620.6054814235445,1376166.14765598,atr,False,0.0,
2024-01-16 13:00:00,EURUSD,1971.2248454448993,1498.3309148645735,4728939.305803257,atr,False,0.0,
2024-01-16 14:00:00,EURUSD,2137.6410375415403,1691.8889311116466,4457521.064298937,atr,False,0.0,
2024-01-16 15:00:00,EURUSD,2275.6075419633403,1985.0223824280492,2905851.5953529105,atr,False,0.0,
2024-01-16 16:00:00,EURUSD,2307.546282740292,2123.355047729857,1841912.3501043534,atr,False,0.0,
2024-01-16 17:00:00,EURUSD,2354.4377751122556,2259.7500535258805,946877.2158637489,atr,False,0.0,
2024-01-16 18:00:00,EURUSD,2334.822204951619,2093.7282517448366,2410939.532067825,atr,False,0.0,
2024-01-16 19:00:00,EURUSD,2233.6173815539723,2064.018669866311,1695987.116876613,atr,False,0.0,
2024-01-16 20:00:00,EURUSD,2318.375748199818,2102.393394933736,2159823.5326608233,atr,False,0.0,
2024-01-16 21:00:00,EURUSD,2534.8451268577037,2128.3684702935907,4064766.5656411303,atr,False,0.0,
2024-01-16 22:00:00,EURUSD,2706.5414914172234,2123.1364209007456,5834050.705164777,atr,False,0.0,
2024-01-16 23:00:00,EURUSD,2695.2623412092435,2158.6390215284673,5366233.196807764,atr,False,0.0,
2024-01-17 00:00:00,EURUSD,2755.0240661695175,2459.365478651962,2956585.8751755557,atr,False,0.0,
2024-01-17 01:00:00,EURUSD,2709.634280454414,2577.7397973773427,1318944.8307707086,atr,False,0.0,
2024-01-17 02:00:00,EURUSD,2350.3023818750703,1649.096851456783,7012055.304182872,atr,False,0.0,
2024-01-17 03:00:00,EURUSD,2220.3425904103265,1932.8214595523086,2875211.3085801783,atr,False,0.0,
2024-01-17 04:00:00,EURUSD,2312.43659882952,2011.2761497610927,3011604.490684272,atr,False,0.0,
2024-01-17 05:00:00,EURUSD,2371.1516868392755,2215.615697099634,1555359.8973964152,atr,False,0.0,
2024-01-17 06:00:00,EURUSD,2347.2175174419503,1875.8149747527877,4714025.426891626,atr,False,0.0,
2024-01-17 07:00:00,EURUSD,2352.6451095332395,2165.425575513653,1872195.340195865,atr,False,0.0,
2024-01-17 08:00:00,EURUSD,2298.9469247457355,1969.0080387177363,3299388.8602799918,atr,False,0.0,
2024-01-17 09:00:00,EURUSD,2370.4792586345357,2125.209765369619,2452694.9326491626,atr,False,0.0,
2024-01-17 10:00:00,EURUSD,2357.734559316892,2203.856562868619,1538779.9644827305,atr,False,0.0,
2024-01-17 11:00:00,EURUSD,2215.8520014578376,1821.6510520110398,3942009.494467977,atr,False,0.0,
2024-01-17 12:00:00,EURUSD,2048.2989718146614,1710.4987502020326,3378002.2161262883,atr,False,0.0,
2024-01-17 13:00:00,EURUSD,2033.3914348825178,1938.423908324873,949675.2655764488,atr,False,0.0,
2024-01-17 14:00:00,EURUSD,1901.0802201965566,1436.8478732910926,4642323.46905464,atr,False,0.0,
2024-01-17 15:00:00,EURUSD,1862.112538704445,1763.2404000924116,988721.3861203326,atr,False,0.0,
2024-01-17 16:00:00,EURUSD,1772.2609004619771,1455.5736511733728,3166872.4928860436,atr,False,0.0,
2024-01-17 17:00:00,EURUSD,1686.9417428975503,1304.933137958727,3820086.0493882317,atr,False,0.0,
2024-01-17 18:00:00,EURUSD,1676.357571377212,1490.9194955548874,1854380.7582232477,atr,False,0.0,
2024-01-17 19:00:00,EURUSD,1464.2769844444592,789.219403796666,6750575.806477932,atr,False,0.0,
2024-01-17 20:00:00,EURUSD,1377.2048239187832,1067.2679678398642,3099368.5607891893,atr,False,0.0,
2024-01-17 21:00:00,EURUSD,1306.0016858108638,965.160737138449,3408409.486724148,atr,False,0.0,
2024-01-17 22:00:00,EURUSD,1287.5787184918158,1039.358138774571,2482205.7971724477,atr,False,0.0,
2024-01-17 23:00:00,EURUSD,1357.5359161836755,1107.8054080803047,2497305.0810337076,atr,False,0.0,
2024-01-18 00:00:00,EURUSD,1233.5742132541416,1005.0595100505411,2285147.0320360046,atr,False,0.0,
2024-01-18 01:00:00,EURUSD,1611.6887067385433,906.3751586071149,7053135.481314283,atr,False,0.0,
2024-01-18 02:00:00,EURUSD,1639.856738250718,1500.5583935680556,1392983.4468266256,atr,False,0.0,
2024-01-18 03:00:00,EURUSD,1633.7452403636391,1493.5801078140598,1401651.325495792,atr,False,0.0,
2024-01-18 04:00:00,EURUSD,1460.8913032453436,849.3307487789126,6115605.544664309,atr,False,0.0,
2024-01-18 05:00:00,EURUSD,1476.7504163756764,1354.989353476508,1217610.6289916832,atr,False,0.0,
2024-01-18 06:00:00,EURUSD,1458.9633427510903,1403.203480937691,557598.6181339943,atr,False,0.0,
2024-01-18 07:00:00,EURUSD,1547.6649505004555,1117.7611288930157,4299038.216074398,atr,False,0.0,
2024-01-18 08:00:00,EURUSD,1544.1682499847836,1411.8621806729848,1323060.69311799,atr,False,0.0,
2024-01-18 09:00:00,EURUSD,1689.913654554528,1196.7394815784926,4931741.729760353,atr,False,0.0,
2024-01-18 10:00:00,EURUSD,1645.064587480495,1462.571565525689,1824930.2195480608,atr,False,0.0,
2024-01-18 11:00:00,EURUSD,1700.3172470611262,1459.555496359039,2407617.507020874,atr,False,0.0,
2024-01-18 12:00:00,EURUSD,1636.952886535472,1455.2134394394438,1817394.4709602813,atr,False,0.0,
2024-01-18 13:00:00,EURUSD,1633.0306578890238,1565.0303765303336,680002.8135869014,atr,False,0.0,
2024-01-18 14:00:00,EURUSD,1633.4459208658361,1542.7854089671418,906605.1189869428,atr,False,0.0,
2024-01-18 15:00:00,EURUSD,1613.8904159342471,1562.5724119251831,513180.04009063996,atr,False,0.0,
2024-01-18 16:00:00,EURUSD,1532.0480289598695,1271.8310042369567,2602170.247229129,atr,False,0.0,
2024-01-18 17:00:00,EURUSD,1479.6556085823966,1324.4797692211982,1551758.3936119843,atr,False,0.0,
2024-01-18 18:00:00,EURUSD,1483.9672963102773,1336.7109413597436,1472563.5495053371,atr,False,0.0,
2024-01-18 19:00:00,EURUSD,1754.639651221918,586.3237902957328,11683158.609261852,atr,False,0.0,
2024-01-18 20:00:00,EURUSD,1769.4124044438881,1638.157536900307,1312548.6754358122,atr,False,0.0,
2024-01-18 21:00:00,EURUSD,1689.5287084675306,1248.8340890045579,4406946.194629728,atr,False,0.0,
2024-01-18 22:00:00,EURUSD,1685.482763492171,1472.4555670069649,2130271.964852062,atr,False,0.0,
2024-01-18 23:00:00,EURUSD,1597.5999893140074,1324.419376700826,2731806.126131814,atr,False,0.0,
2024-01-19 00:00:00,EURUSD,1526.9239940840325,1303.4306948784151,2234932.992056174,atr,False,0.0,
2024-01-19 01:00:00,EURUSD,1462.7208708964342,1224.3602654802842,2383606.0541615007,atr,False,0.0,
2024-01-19 02:00:00,EURUSD,1442.620001202534,1343.4542186374733,991657.8256506079,atr,False,0.0,
2024-01-19 03:00:00,EURUSD,1599.1553457145365,1251.9059248892127,3472494.208253239,atr,False,0.0,
2024-01-19 04:00:00,EURUSD,1512.7243843471374,1277.0877933796892,2356365.909674481,atr,False,0.0,
2024-01-19 05:00:00,EURUSD,1464.2623889110653,1288.4523099781914,1758100.7893287402,atr,False,0.0,
2024-01-19 06:00:00,EURUSD,1418.2194409517385,1203.9313986335849,2142880.4231815357,atr,False,0.0,
2024-01-19 07:00:00,EURUSD,1404.397015446341,1330.97697075434,734200.4469200083,atr,False,0.0,
2024-01-19 08:00:00,EURUSD,1485.5259584399623,1301.1479720322895,1843779.8640767278,atr,False,0.0,
2024-01-19 09:00:00,EURUSD,1397.77737979675,1158.7637810737092,2390135.987230408,atr,False,0.0,
2024-01-19 10:00:00,EURUSD,1300.6244283673636,941.2583314393623,3593660.969280013,atr,False,0.0,
2024-01-19 11:00:00,EURUSD,1349.6957824160343,1216.7085710553633,1329872.1136067081,atr,False,0.0,
2024-01-19 12:00:00,EURUSD,1406.9617300496443,1258.7504761270548,1482112.5392258966,atr,False,0.0,
2024-01-19 13:00:00,EURUSD,1325.4137800809633,934.5253995290228,3908883.805519405,atr,False,0.0,
2024-01-19 14:00:00,EURUSD,1325.2110515059271,1179.760676482712,1454503.7502321508,atr,False,0.0,
2024-01-19 15:00:00,EURUSD,1412.3567870794368,1243.15842241286,1691983.6466657682,atr,False,0.0,
2024-01-19 16:00:00,EURUSD,1359.8658298557575,1019.4838755429982,3403819.5431275927,atr,False,0.0,
2024-01-19 17:00:00,EURUSD,1298.4874682404268,1009.8502713404329,2886371.968999939,atr,False,0.0,
2024-01-19 18:00:00,EURUSD,1350.1050600226138,1024.8398100471265,3252652.499754872,atr,False,0.0,
2024-01-19 19:00:00,EURUSD,1210.1071229715158,729.834704312643,4802724.186588728,atr,False,0.0,
2024-01-19 20:00:00,EURUSD,1209.7780420351928,1084.051704275842,1257263.377593507,atr,False,0.0,
2024-01-19 21:00:00,EURUSD,1087.778863250624,535.5361727592726,5522426.904913514,atr,False,0.0,
2024-01-19 22:00:00,EURUSD,981.9287124462536,592.311031724822,3896176.8072143155,atr,False,0.0,
2024-01-19 23:00:00,EURUSD,1047.8136752043133,772.696264530201,2751174.1067411224,atr,False,0.0,
2024-01-20 00:00:00,EURUSD,958.687265912489,808.728247270356,1499590.18642133,atr,False,0.0,
2024-01-20 01:00:00,EURUSD,1003.4530761484544,872.9210221869796,1305320.5396147491,atr,False,0.0,
2024-01-20 02:00:00,EURUSD,1176.465066112456,710.4605286792851,4660045.37433171,atr,False,0.0,
2024-01-20 03:00:00,EURUSD,1167.8223778330341,1086.066058292381,817563.1954065295,atr,False,0.0,
2024-01-20 04:00:00,EURUSD,1169.659293511558,1103.4318169184223,662274.7659313563,atr,False,0.0,
2024-01-20 05:00:00,EURUSD,852.7891468855443,286.51198891625154,5662771.579692927,atr,False,0.0,
2024-01-20 06:00:00,EURUSD,680.3864738241068,8.045314573693759,6723411.592504131,atr,False,0.0,
2024-01-20 07:00:00,EURUSD,772.4091224500307,502.61218765838845,2697969.347916423,atr,False,0.0,
2024-01-20 08:00:00,EURUSD,566.7883240191561,4.127317795419003,5626610.062237371,atr,False,0.0,
2024-01-20 09:00:00,EURUSD,487.28003935670995,276.8700637421932,2104099.756145167,atr,False,0.0,
2024-01-20 10:00:00,EURUSD,600.3813782035164,295.84079616539725,3045405.8203811916,atr,False,0.0,
2024-01-20 11:00:00,EURUSD,704.0857007853574,307.1087110520028,3969769.8973335465,atr,False,0.0,
2024-01-20 12:00:00,EURUSD,544.4773953684105,128.34831876626254,4161290.7660214794,atr,False,0.0,
2024-01-20 13:00:00,EURUSD,600.9385248937325,434.9169816781709,1660215.432155616,atr,False,0.0,
2024-01-20 14:00:00,EURUSD,625.5315368251802,362.85484986987325,2626766.869553069,atr,False,0.0,
2024-01-20 15:00:00,EURUSD,782.2024356133171,399.1048041137972,3830976.3149951994,atr,False,0.0,
2024-01-20 16:00:00,EURUSD,893.086507698055,662.3910796997236,2306954.279983314,atr,False,0.0,
2024-01-20 17:00:00,EURUSD,613.3721163429843,61.33749921737308,5520346.171256113,atr,False,0.0,
2024-01-20 18:00:00,EURUSD,612.2634413868849,444.67767956105496,1675857.6182582993,atr,False,0.0,
2024-01-20 19:00:00,EURUSD,580.759766452658,384.1826488765077,1965771.1757615032,atr,False,0.0,
2024-01-20 20:00:00,EURUSD,178.38908308570234,-619.8888374454416,7982779.20531144,atr,False,0.0,
2024-01-20 21:00:00,EURUSD,169.86726923757067,97.45626674680369,724110.0249076698,atr,False,0.0,
2024-01-20 22:00:00,EURUSD,80.88759412854645,-200.8585851296917,2817461.7925823815,atr,False,0.0,
2024-01-20 23:00:00,EURUSD,-13.015928684146033,-355.75440891778993,3427384.802336439,atr,False,0.0,
2024-01-21 00:00:00,EURUSD,-52.16826966889705,-215.51469895892092,1633464.2929002387,atr,False,0.0,
2024-01-21 01:00:00,EURUSD,-74.2913805524567,-277.1459716145687,2028545.9106211201,atr,False,0.0,
2024-01-21 02:00:00,EURUSD,-69.46592914725477,-214.35575702364693,1448898.2787639217,atr,False,0.0,
2024-01-21 03:00:00,EURUSD,-29.66480072599417,-270.2630464787454,2405982.4575275127,atr,False,0.0,
2024-01-21 04:00:00,EURUSD,-62.382502482182296,-300.11194158345984,2377294.3910127757,atr,False,0.0,
2024-01-21 05:00:00,EURUSD,184.41098199824657,-305.24077496816517,4896517.569664118,atr,False,0.0,
2024-01-21 06:00:00,EURUSD,200.81664273355875,78.4600949743386,1223565.4775922014,atr,False,0.0,
2024-01-21 07:00:00,EURUSD,232.5435715827152,45.64287540789158,1869006.961748236,atr,False,0.0,
2024-01-21 08:00:00,EURUSD,265.7036700323333,112.07993530613021,1536237.3472620312,atr,False,0.0,
2024-01-21 09:00:00,EURUSD,397.6630647001363,75.50472409487969,3221583.406052566,atr,False,0.0,
2024-01-21 10:00:00,EURUSD,372.1457088870017,200.35394329003424,1717917.6559696747,atr,False,0.0,
2024-01-21 11:00:00,EURUSD,341.58337282247294,249.5029584064575,920804.1441601543,atr,False,0.0,
2024-01-21 12:00:00,EURUSD,395.4896464386757,237.93892545426772,1575507.20984408,atr,False,0.0,
2024-01-21 13:00:00,EURUSD,351.4068590252693,172.58716742083155,1788196.9160443773,atr,False,0.0,
2024-01-21 14:00:00,EURUSD,434.201769748999,200.76108075012166,2334406.8899887735,atr,False,0.0,
2024-01-21 15:00:00,EURUSD,322.92531285295627,112.94671655546199,2099785.9629749428,atr,False,0.0,
2024-01-21 16:00:00,EURUSD,238.57559219839055,-129.45146443661775,3680270.566350083,atr,False,0.0,
2024-01-21 17:00:00,EURUSD,325.5906621975846,6.642665864593027,3189479.963329916,atr,False,0.0,
2024-01-21 18:00:00,EURUSD,311.1188079626512,229.9133627334064,812054.4522924481,atr,False,0.0,
2024-01-21 19:00:00,EURUSD,349.2614268560548,150.43892663877497,1988225.0021727984,atr,False,0.0,
2024-01-01 01:00:00,GBPUSD,125.6870823751145,-243.65580041547523,3693428.8279058975,atr,False,0.0,
2024-01-01 02:00:00,GBPUSD,93.90155814008068,-6.065781017455507,999673.3915753618,atr,False,0.0,
2024-01-01 03:00:00,GBPUSD,125.93714727481446,-58.9784040398618,1849155.5131467625,atr,False,0.0,
2024-01-01 04:00:00,GBPUSD,195.96903434641956,-46.39519110249668,2423642.2544891625,atr,False,0.0,
2024-01-01 05:00:00,GBPUSD,99.7257649563091,-256.10249523426836,3558282.6019057743,atr,False,0.0,
2024-01-01 06:00:00,GBPUSD,38.901488101752925,-201.1510125022784,2400525.0060403133,atr,False,0.0,
2024-01-01 07:00:00,GBPUSD,97.50110004875177,-97.21476449497555,1947158.6454372732,atr,False,0.0,
2024-01-01 08:00:00,GBPUSD,35.94993585547068,-564.1533141026773,6001032.49958148,atr,False,0.0,
2024-01-01 09:00:00,GBPUSD,103.19194900368171,-404.09932218783064,5072912.711915123,atr,False,0.0,
2024-01-01 10:00:00,GBPUSD,135.26624235252183,-190.32572371277263,3255919.660652945,atr,False,0.0,
2024-01-01 11:00:00,GBPUSD,388.4467886991832,-365.8529102534466,7542996.989526298,atr,False,0.0,
2024-01-01 12:00:00,GBPUSD,421.75136083512285,290.973685107389,1307776.7572773385,atr,False,0.0,
2024-01-01 13:00:00,GBPUSD,271.11924472325984,-97.35832291787591,3684775.6764113577,atr,False,0.0,
2024-01-01 14:00:00,GBPUSD,198.63377779035648,-69.60667485041466,2682404.526407711,atr,False,0.0,
2024-01-01 15:00:00,GBPUSD,494.60639317615204,-474.4496365989599,9690560.29775112,atr,False,0.0,
2024-01-01 16:00:00,GBPUSD,431.7912372591851,184.4968091567697,2472944.281024154,atr,False,0.0,
2024-01-01 17:00:00,GBPUSD,350.9541943828375,-56.54649239155776,4075006.8677439527,atr,False,0.0,
2024-01-01 18:00:00,GBPUSD,461.4098066523628,-260.32918681508625,7217389.93467449,atr,False,0.0,
2024-01-01 19:00:00,GBPUSD,392.0728509693221,121.41044223190715,2706624.0873741494,atr,False,0.0,
2024-01-01 20:00:00,GBPUSD,387.55186501548025,267.89946529091293,1196523.9972456733,atr,False,0.0,
2024-01-01 21:00:00,GBPUSD,392.84692692298285,252.47063679442985,1403762.9012855298,atr,False,0.0,
2024-01-01 22:00:00,GBPUSD,487.3234083553462,183.1399486975347,3041834.596578115,atr,False,0.0,
2024-01-01 23:00:00,GBPUSD,409.72646225943697,-136.70751718286397,5464339.794423009,atr,False,0.0,
2024-01-02 00:00:00,GBPUSD,548.6215122488269,240.9751622300056,3076463.500188213,atr,False,0.0,
2024-01-02 01:00:00,GBPUSD,582.5794252754115,271.17480614680534,3114046.1912860614,atr,False,0.0,
2024-01-02 02:00:00,GBPUSD,925.6306241604882,198.9633916749301,7266672.324855581,atr,False,0.0,
2024-01-02 03:00:00,GBPUSD,939.8576997911572,557.5199963391522,3823377.034520051,atr,False,0.0,
2024-01-02 04:00:00,GBPUSD,937.6653925176489,793.1363677087653,1445290.248088836,atr,False,0.0,
2024-01-02 05:00:00,GBPUSD,1002.4454986236394,723.5068827423802,2789386.1588125927,atr,False,0.0,
2024-01-02 06:00:00,GBPUSD,891.1795661904043,669.5333536609024,2216462.125295019,atr,False,0.0,
2024-01-02 07:00:00,GBPUSD,1032.8884320245613,630.7900717209825,4020983.603035789,atr,False,0.0,
2024-01-02 08:00:00,GBPUSD,1008.1376600560405,780.3723796383807,2277652.8041765983,atr,False,0.0,
2024-01-02 09:00:00,GBPUSD,980.0886289348018,852.9038579771523,1271847.709576495,atr,False,0.0,
2024-01-02 10:00:00,GBPUSD,878.0329438957438,549.649715889951,3283832.2800579276,atr,False,0.0,
2024-01-02 11:00:00,GBPUSD,721.0023035837112,-261.8583364903003,9828606.400740115,atr,False,0.0,
2024-01-02 12:00:00,GBPUSD,676.9319295120948,562.254923011624,1146770.0650047078,atr,False,0.0,
2024-01-02 13:00:00,GBPUSD,685.4171444093628,399.0068899424247,2864102.5446693804,atr,False,0.0,
2024-01-02 14:00:00,GBPUSD,661.0323170192023,500.9327946712128,1600995.2234798954,atr,False,0.0,
2024-01-02 15:00:00,GBPUSD,523.3669042836498,72.2011970292657,4511657.072543841,atr,False,0.0,
2024-01-02 16:00:00,GBPUSD,536.1563349918606,389.7415961590725,1464147.3883278808,atr,False,0.0,
2024-01-02 17:00:00,GBPUSD,470.819586946453,271.08762174643425,1997319.652000188,atr,False,0.0,
2024-01-02 18:00:00,GBPUSD,408.31371297616704,199.05255510633341,2092611.5786983361,atr,False,0.0,
2024-01-02 19:00:00,GBPUSD,431.68547175300506,268.2198970077138,1634655.7474529124,atr,False,0.0,
2024-01-02 20:00:00,GBPUSD,474.4516366738424,333.4500664196298,1410015.7025421257,atr,False,0.0,
2024-01-02 21:00:00,GBPUSD,433.0298184144075,315.5053817075591,1175244.3670684842,atr,False,0.0,
2024-01-02 22:00:00,GBPUSD,383.837074585147,224.4328241369629,1594042.5044818409,atr,False,0.0,
2024-01-02 23:00:00,GBPUSD,296.2454482587067,104.27620489246468,1919692.4336624201,atr,False,0.0,
2024-01-03 00:00:00,GBPUSD,270.7730069913431,83.44245625896892,1873305.507323742,atr,False,0.0,
2024-01-03 01:00:00,GBPUSD,365.4408323972282,98.9407933574804,2665000.390397478,atr,False,0.0,
2024-01-03 02:00:00,GBPUSD,241.7130849866146,-94.95445038071892,3366675.353673335,atr,False,0.0,
2024-01-03 03:00:00,GBPUSD,285.85659089971995,-35.57150579458744,3214280.966943074,atr,False,0.0,
2024-01-03 04:00:00,GBPUSD,310.99901986465875,-188.42950976056295,4994285.296252217,atr,False,0.0,
2024-01-03 05:00:00,GBPUSD,217.7183390844397,10.486809022901951,2072315.3006153775,atr,False,0.0,
2024-01-03 06:00:00,GBPUSD,205.50596456298447,-105.97732867456287,3114832.9323754734,atr,False,0.0,
2024-01-03 07:00:00,GBPUSD,367.7437265231175,24.387318230032463,3433564.082930851,atr,False,0.0,
2024-01-03 08:00:00,GBPUSD,557.1489474824884,129.47720735383575,4276717.401286527,atr,False,0.0,
2024-01-03 09:00:00,GBPUSD,563.7744848122867,354.92749611712304,2088469.8869516363,atr,False,0.0,
2024-01-03 10:00:00,GBPUSD,447.81999027886917,-328.9347052965582,7767546.955754274,atr,False,0.0,
2024-01-03 11:00:00,GBPUSD,455.38801129223754,406.2207713898472,491672.39902390377,atr,False,0.0,
2024-01-03 12:00:00,GBPUSD,390.2402503281605,190.40870039331335,1998315.4993484719,atr,False,0.0,
2024-01-03 13:00:00,GBPUSD,529.8536595799424,268.5374580792269,2613162.0150071546,atr,False,0.0,
2024-01-03 14:00:00,GBPUSD,416.34717607490853,146.38985473085035,2699573.2134405817,atr,False,0.0,
2024-01-03 15:00:00,GBPUSD,497.5622612583287,190.1270140648191,3074352.471935096,atr,False,0.0,
2024-01-03 16:00:00,GBPUSD,535.7794526001893,407.52862123321734,1282508.3136697193,atr,False,0.0,
2024-01-03 17:00:00,GBPUSD,581.4309772057669,372.22638151129,2092045.9569447692,atr,False,0.0,
2024-01-03 18:00:00,GBPUSD,675.5121580995182,482.086103072783,1934260.5502673518,atr,False,0.0,
2024-01-03 19:00:00,GBPUSD,696.0723681008666,554.3396219556655,1417327.4614520113,atr,False,0.0,
2024-01-03 20:00:00,GBPUSD,706.6530430436904,656.7905504371627,498624.92606527725,atr,False,0.0,
2024-01-03 21:00:00,GBPUSD,589.4656927770774,157.35655466234198,4321091.381147354,atr,False,0.0,
2024-01-03 22:00:00,GBPUSD,440.9311130005953,4.034949371078596,4368961.636295167,atr,False,0.0,
2024-01-03 23:00:00,GBPUSD,587.5473004836139,57.63900420018422,5299082.962834297,atr,False,0.0,
2024-01-04 00:00:00,GBPUSD,581.6249532165709,531.4796759205321,501452.7729603873,atr,False,0.0,
2024-01-04 01:00:00,GBPUSD,695.7050682670779,382.6560941285712,3130489.7413850664,atr,False,0.0,
2024-01-04 02:00:00,GBPUSD,604.7786483059938,420.7374874388506,1840411.6086714314,atr,False,0.0,
2024-01-04 03:00:00,GBPUSD,477.3498942767573,128.92866136626384,3484212.329104935,atr,False,0.0,
2024-01-04 04:00:00,GBPUSD,305.85855048642793,-133.98061684722722,4398391.6733365515,atr,False,0.0,
2024-01-04 05:00:00,GBPUSD,473.50400012086806,214.6486240562714,2588553.7606459665,atr,False,0.0,
2024-01-04 06:00:00,GBPUSD,546.400720887264,316.27210527515757,2301286.1561210644,atr,False,0.0,
2024-01-04 07:00:00,GBPUSD,575.7343701364857,450.17115603697965,1255632.1409950606,atr,False,0.0,
2024-01-04 08:00:00,GBPUSD,523.386202161551,338.034637010152,1853515.65151399,atr,False,0.0,
2024-01-04 09:00:00,GBPUSD,374.6015597907865,73.71522417438212,3008863.356164044,atr,False,0.0,
2024-01-04 10:00:00,GBPUSD,245.86731116181002,-359.95619690488206,6058235.080666921,atr,False,0.0,
2024-01-04 11:00:00,GBPUSD,212.16893691366923,21.13135678572513,1910375.801279441,atr,False,0.0,
2024-01-04 12:00:00,GBPUSD,195.30523192551559,-251.97711264222121,4472823.445677368,atr,False,0.0,
2024-01-04 13:00:00,GBPUSD,253.63130657816274,81.01518689788637,1726161.1968027637,atr,False,0.0,
2024-01-04 14:00:00,GBPUSD,229.500437045247,115.62460813462177,1138758.2891062524,atr,False,0.0,
2024-01-04 15:00:00,GBPUSD,198.2364632217668,-7.574247039705824,2058107.1026147262,atr,False,0.0,
2024-01-04 16:00:00,GBPUSD,131.6967528050077,-157.31290820560918,2890096.610106169,atr,False,0.0,
2024-01-04 17:00:00,GBPUSD,144.69985555812465,-27.22535960351567,1719252.1516164034,atr,False,0.0,
2024-01-04 18:00:00,GBPUSD,173.25717216005225,16.80564222676324,1564515.2993328902,atr,False,0.0,
2024-01-04 19:00:00,GBPUSD,301.05703943213337,-97.84186377630175,3988989.0320843514,atr,False,0.0,
2024-01-04 20:00:00,GBPUSD,258.9474976987079,6.669375160809778,2522781.225378981,atr,False,0.0,
2024-01-04 21:00:00,GBPUSD,205.88534044293607,-44.57958941874827,2504649.2986168433,atr,False,0.0,
2024-01-04 22:00:00,GBPUSD,83.23031209462178,-199.8725101133082,2831028.2220793,atr,False,0.0,
2024-01-04 23:00:00,GBPUSD,22.936066738958523,-199.99044912152678,2229265.158604853,atr,False,0.0,
2024-01-05 00:00:00,GBPUSD,-24.262486143607553,-158.4549169316739,1341924.3078806633,atr,False,0.0,
2024-01-05 01:00:00,GBPUSD,-14.921217426721194,-216.21212302949345,2012909.0560277225,atr,False,0.0,
2024-01-05 02:00:00,GBPUSD,41.86164913167203,-292.1380988021496,3339997.4793382166,atr,False,0.0,
2024-01-05 03:00:00,GBPUSD,-60.76780334103899,-255.10202585853335,1943342.2251749437,atr,False,0.0,
2024-01-05 04:00:00,GBPUSD,110.23098718222894,-512.4715952757897,6227025.824580187,atr,False,0.0,
2024-01-05 05:00:00,GBPUSD,32.509208782195955,-360.0762786955118,3925854.8747770777,atr,False,0.0,
2024-01-05 06:00:00,GBPUSD,-265.8152161908156,-783.344414750078,5175291.985592624,atr,False,0.0,
2024-01-05 07:00:00,GBPUSD,-123.2924424740689,-400.63434210956405,2773418.9963549515,atr,False,0.0,
2024-01-05 08:00:00,GBPUSD,143.5174035571824,-703.7691308190506,8472865.34376233,atr,False,0.0,
2024-01-05 09:00:00,GBPUSD,88.28874206423379,-40.67663761942501,1289653.796836588,atr,False,0.0,
2024-01-05 10:00:00,GBPUSD,166.01071277596026,-97.76124111545977,2637719.5389142004,atr,False,0.0,
2024-01-05 11:00:00,GBPUSD,139.77380262601616,76.69721284357726,630765.8978243889,atr,False,0.0,
2024-01-05 12:00:00,GBPUSD,-80.00841664783542,-490.1346144805701,4101261.978327347,atr,False,0.0,
2024-01-05 13:00:00,GBPUSD,167.30548791340297,-275.56157673218934,4428670.646455923,atr,False,0.0,
2024-01-05 14:00:00,GBPUSD,34.263163318521634,-367.6067863301622,4018699.496486838,atr,False,0.0,
2024-01-05 15:00:00,GBPUSD,78.88216997243079,-283.3770168805044,3622591.8685293524,atr,False,0.0,
2024-01-05 16:00:00,GBPUSD,-84.59685917866024,-408.62751537625377,3240306.5619759355,atr,False,0.0,
2024-01-05 17:00:00,GBPUSD,-104.23521972462223,-409.50707136416383,3052718.516395416,atr,False,0.0,
2024-01-05 18:00:00,GBPUSD,-67.92971986757621,-192.02356298141166,1240938.4311383544,atr,False,0.0,
2024-01-05 19:00:00,GBPUSD,-93.00109589160013,-220.97101961117906,1279699.2371957893,atr,False,0.0,
2024-01-05 20:00:00,GBPUSD,21.44536958754817,-226.9961050097856,2484414.745973338,atr,False,0.0,
2024-01-05 21:00:00,GBPUSD,-16.858029225578534,-285.13854774186007,2682805.1851628153,atr,False,0.0,
2024-01-05 22:00:00,GBPUSD,-35.85234361841586,-191.55173550777866,1556993.918893628,atr,False,0.0,
2024-01-05 23:00:00,GBPUSD,-14.143188478044994,-204.11227835255667,1899690.8987451168,atr,False,0.0,
2024-01-06 00:00:00,GBPUSD,6.929703419239935,-191.32262825189918,1982523.316711391,atr,False,0.0,
2024-01-06 01:00:00,GBPUSD,-36.441263016661054,-257.2032253032206,2207619.622865596,atr,False,0.0,
2024-01-06 02:00:00,GBPUSD,-290.73867868846304,-1016.6153696325678,7258766.909441046,atr,False,0.0,
2024-01-06 03:00:00,GBPUSD,-391.01418518972406,-723.0066918986474,3319925.0670892335,atr,False,0.0,
2024-01-06 04:00:00,GBPUSD,-405.0398220114738,-541.0972855040814,1360574.6349260758,atr,False,0.0,
2024-01-06 05:00:00,GBPUSD,-500.818522286405,-745.4215613422728,2446030.390558677,atr,False,0.0,
2024-01-06 06:00:00,GBPUSD,-391.68942924318026,-861.5426970392273,4698532.677960469,atr,False,0.0,
2024-01-06 07:00:00,GBPUSD,-386.88310668478107,-429.64721107423503,427641.04389453965,atr,False,0.0,
2024-01-06 08:00:00,GBPUSD,-418.6957569948438,-696.0344681316119,2773387.1113676815,atr,False,0.0,
2024-01-06 09:00:00,GBPUSD,-501.9660631540421,-742.5181191109066,2405520.5595686454,atr,False,0.0,
2024-01-06 10:00:00,GBPUSD,-276.62261585354315,-747.8220745505635,4711994.586970203,atr,False,0.0,
2024-01-06 11:00:00,GBPUSD,-174.58046716586267,-408.5265143466693,2339460.4718080657,atr,False,0.0,
2024-01-06 12:00:00,GBPUSD,-235.10501242659808,-409.58964899237753,1744846.3656577943,atr,False,0.0,
2024-01-06 13:00:00,GBPUSD,-487.67181028413427,-1284.3283264803338,7966565.161961995,atr,False,0.0,
2024-01-06 14:00:00,GBPUSD,-520.104390877002,-619.9907391087181,998863.4823171623,atr,False,0.0,
2024-01-06 15:00:00,GBPUSD,-384.063155870553,-1001.6985606828164,6176354.048122634,atr,False,0.0,
2024-01-06 16:00:00,GBPUSD,-470.9495211771987,-894.9411396655146,4239916.184883159,atr,False,0.0,
2024-01-06 17:00:00,GBPUSD,-499.9245722004925,-783.3940822669915,2834695.1006649896,atr,False,0.0,
2024-01-06 18:00:00,GBPUSD,-540.915725503701,-765.6868466739105,2247711.2117020953,atr,False,0.0,
2024-01-06 19:00:00,GBPUSD,-575.7091403933431,-1198.2895139986076,6225803.736052646,atr,False,0.0,
2024-01-06 20:00:00,GBPUSD,-606.9496153521643,-783.7657552740967,1768161.3992193243,atr,False,0.0,
2024-01-06 21:00:00,GBPUSD,-527.5447211071926,-762.3164618069634,2347717.4069977086,atr,False,0.0,
2024-01-06 22:00:00,GBPUSD,-595.7589353373254,-894.0184680144996,2982595.3267717417,atr,False,0.0,
2024-01-06 23:00:00,GBPUSD,-465.4695538579426,-790.9342286905842,3254646.748326416,atr,False,0.0,
2024-01-07 00:00:00,GBPUSD,-555.259019375628,-876.1121097913948,3208530.904157668,atr,False,0.0,
2024-01-07 01:00:00,GBPUSD,-461.90707262254216,-702.1487190129908,2402416.463904486,atr,False,0.0,
2024-01-07 02:00:00,GBPUSD,-586.5231174137366,-815.2775600648607,2287544.426511241,atr,False,0.0,
2024-01-07 03:00:00,GBPUSD,-574.4802190474487,-642.9755351848166,684953.1613736792,atr,False,0.0,
2024-01-07 04:00:00,GBPUSD,-565.0363174571326,-708.7696139539134,1437332.9649678085,atr,False,0.0,
2024-01-07 05:00:00,GBPUSD,-520.4306119524281,-704.4926751201615,1840620.6316773342,atr,False,0.0,
2024-01-07 06:00:00,GBPUSD,-410.95424975047354,-670.9195467617649,2599652.970112914,atr,False,0.0,
2024-01-07 07:00:00,GBPUSD,-349.08931198732023,-882.4755724556042,5333862.6046828395,atr,False,0.0,
2024-01-07 08:00:00,GBPUSD,-441.9266476521338,-647.1217184608158,2051950.708086821,atr,False,0.0,
2024-01-07 09:00:00,GBPUSD,-314.2284972740356,-655.4059482785274,3411774.5100449184,atr,False,0.0,
2024-01-07 10:00:00,GBPUSD,-386.96117566953706,-718.5076887072977,3315465.1303776065,atr,False,0.0,
2024-01-07 11:00:00,GBPUSD,-312.9993422326563,-523.2695321271248,2102701.8989446843,atr,False,0.0,
2024-01-07 12:00:00,GBPUSD,-195.2379965879461,-586.8763575534272,3916383.609654811,atr,False,0.0,
2024-01-07 13:00:00,GBPUSD,-183.4576456750631,-339.5896242693327,1561319.785942696,atr,False,0.0,
2024-01-07 14:00:00,GBPUSD,-85.49725361857041,-373.7440465778244,2882467.9295925396,atr,False,0.0,
2024-01-07 15:00:00,GBPUSD,-149.30275351906965,-495.94241032182157,3466396.568027519,atr,False,0.0,
2024-01-07 16:00:00,GBPUSD,-108.29236128307929,-229.29503181060952,1210026.7052753023,atr,False,0.0,
2024-01-07 17:00:00,GBPUSD,-212.6148201806622,-600.4852396327742,3878704.1945211207,atr,False,0.0,
2024-01-07 18:00:00,GBPUSD,-222.05035670974928,-350.1358600977231,1280855.033879738,atr,False,0.0,
2024-01-07 19:00:00,GBPUSD,-209.13706313022558,-297.2314361285971,880943.7299837155,atr,False,0.0,
2024-01-07 20:00:00,GBPUSD,-287.16842319338457,-1097.9527983572548,8107843.751638701,atr,False,0.0,
2024-01-07 21:00:00,GBPUSD,-81.77473172618176,-465.3599099746954,3835851.7824851368,atr,False,0.0,
2024-01-07 22:00:00,GBPUSD,-43.27545258170767,-270.3187192781368,2270432.6669642916,atr,False,0.0,
2024-01-07 23:00:00,GBPUSD,-129.24789249450296,-617.3528168548373,4881049.243603343,atr,False,0.0,
2024-01-08 00:00:00,GBPUSD,-86.99595998416623,-357.9921305609763,2709961.705768101,atr,False,0.0,
2024-01-08 01:00:00,GBPUSD,-150.96515758565278,-475.9522809487362,3249871.233630834,atr,False,0.0,
2024-01-08 02:00:00,GBPUSD,-318.1718012861584,-745.9083965242228,4277365.952380643,atr,False,0.0,
2024-01-08 03:00:00,GBPUSD,-379.8553847514895,-826.666476638472,4468110.918869825,atr,False,0.0,
2024-01-08 04:00:00,GBPUSD,-190.59409157007158,-514.5592287211863,3239651.3715111474,atr,False,0.0,
2024-01-08 05:00:00,GBPUSD,-404.39770639715965,-881.4275728338537,4770298.66436694,atr,False,0.0,
2024-01-08 06:00:00,GBPUSD,-485.19715646252087,-629.7271090791676,1445299.5261664668,atr,False,0.0,
2024-01-08 07:00:00,GBPUSD,-533.5270852333806,-656.9078190091263,1233807.3377574575,atr,False,0.0,
2024-01-08 08:00:00,GBPUSD,-683.6745037593532,-1031.7231805400997,3480486.767807465,atr,False,0.0,
2024-01-08 09:00:00,GBPUSD,-753.1381588751894,-1145.951004285821,3928128.454106317,atr,False,0.0,
2024-01-08 10:00:00,GBPUSD,-813.4303520208036,-1220.5031822326707,4070728.30211867,atr,False,0.0,
2024-01-08 11:00:00,GBPUSD,-824.4767788917025,-916.985045760873,925082.6686917059,atr,False,0.0,
2024-01-08 12:00:00,GBPUSD,-888.1074139889923,-1103.060038811347,2149526.248223547,atr,False,0.0,
2024-01-08 13:00:00,GBPUSD,-750.5344542760131,-1020.6028016649627,2700683.473889497,atr,False,0.0,
2024-01-08 14:00:00,GBPUSD,-727.4580864443564,-959.4256863874951,2319675.999431388,atr,False,0.0,
2024-01-08 15:00:00,GBPUSD,-810.2758786133047,-1032.7197366734788,2224438.5806017406,atr,False,0.0,
2024-01-08 16:00:00,GBPUSD,-843.9675658082905,-1023.1266830604698,1791591.1725217924,atr,False,0.0,
2024-01-08 17:00:00,GBPUSD,-608.3462889421882,-1334.134701308087,7257884.123658989,atr,False,0.0,
2024-01-08 18:00:00,GBPUSD,-797.0609111717893,-1146.1078239702842,3490469.1279849485,atr,False,0.0,
2024-01-08 19:00:00,GBPUSD,-827.991513061162,-909.1108463768867,811193.3331572472,atr,False,0.0,
2024-01-08 20:00:00,GBPUSD,-823.6311344717461,-842.360700687616,187295.6621586991,atr,False,0.0,
2024-01-08 21:00:00,GBPUSD,-894.3697858394598,-1029.1720405854596,1348022.5474599975,atr,False,0.0,
2024-01-08 22:00:00,GBPUSD,-883.0068257813514,-982.0391337113231,990323.0792997169,atr,False,0.0,
2024-01-08 23:00:00,GBPUSD,-898.938874561289,-1073.0236440306192,1740847.694693301,atr,False,0.0,
2024-01-09 00:00:00,GBPUSD,-848.989699814287,-1005.6252608998293,1566355.610855423,atr,False,0.0,
2024-01-09 01:00:00,GBPUSD,-900.979813235531,-1122.2104810889732,2212306.678534422,atr,False,0.0,
2024-01-09 02:00:00,GBPUSD,-957.0791098949248,-1182.5596638651987,2254805.539702739,atr,False,0.0,
2024-01-09 03:00:00,GBPUSD,-845.6200072624216,-1146.415482653331,3007954.753909095,atr,False,0.0,
2024-01-09 04:00:00,GBPUSD,-949.3336694324325,-1210.4651969332972,2611315.2750086472,atr,False,0.0,
2024-01-09 05:00:00,GBPUSD,-1085.8598374138278,-1516.1361888082163,4302763.5139438845,atr,False,0.0,
2024-01-09 06:00:00,GBPUSD,-1076.9688182033249,-1334.1131076099725,2571442.8940664763,atr,False,0.0,
2024-01-09 07:00:00,GBPUSD,-1071.0889503613505,-1313.414909421179,2423259.590598284,atr,False,0.0,
2024-01-09 08:00:00,GBPUSD,-966.0469181510424,-1165.5658770496786,1995189.5889863619,atr,False,0.0,
2024-01-09 09:00:00,GBPUSD,-879.6515643725646,-1076.4724645510432,1968209.0017847852,atr,False,0.0,
2024-01-09 10:00:00,GBPUSD,-901.6363563473043,-980.1321292717953,784957.7292449106,atr,False,0.0,
2024-01-09 11:00:00,GBPUSD,-802.6371647571483,-1116.9747413712666,3143375.7661411823,atr,False,0.0,
2024-01-09 12:00:00,GBPUSD,-880.7387162082125,-1081.6249412516327,2008862.2504342014,atr,False,0.0,
2024-01-09 13:00:00,GBPUSD,-940.4227185700516,-1121.0919762573947,1806692.5768734305,atr,False,0.0,
2024-01-09 14:00:00,GBPUSD,-1048.7575292376423,-1224.7064543338079,1759489.2509616548,atr,False,0.0,
2024-01-09 15:00:00,GBPUSD,-972.70326160259,-1250.9603010556493,2782570.394530593,atr,False,0.0,
2024-01-09 16:00:00,GBPUSD,-1033.409406259948,-1473.2019141026833,4397925.078427354,atr,False,0.0,
2024-01-09 17:00:00,GBPUSD,-1188.6571516018885,-1667.9176073791175,4792604.55777229,atr,False,0.0,
2024-01-09 18:00:00,GBPUSD,-1119.1975813325182,-1270.5618467854742,1513642.6545295592,atr,False,0.0,
2024-01-09 19:00:00,GBPUSD,-1062.4297310682784,-1195.6249572118027,1331952.2614352412,atr,False,0.0,
2024-01-09 20:00:00,GBPUSD,-1196.1788397317061,-1504.3566332486569,3081777.9351695073,atr,False,0.0,
2024-01-09 21:00:00,GBPUSD,-1495.8750458637512,-2611.46141814676,11155863.722830089,atr,False,0.0,
2024-01-09 22:00:00,GBPUSD,-1518.3823001335506,-1664.3580707626656,1459757.7062911512,atr,False,0.0,
2024-01-09 23:00:00,GBPUSD,-1924.3827654338793,-2612.1454592561768,6877626.938222973,atr,False,0.0,
2024-01-10 00:00:00,GBPUSD,-1839.0270717307133,-2209.9695321952076,3709424.6046449463,atr,False,0.0,
2024-01-10 01:00:00,GBPUSD,-1299.8764732190716,-2403.625435429557,11037489.622104853,atr,False,0.0,
2024-01-10 02:00:00,GBPUSD,-1152.3710459755634,-1432.117304412484,2797462.584369206,atr,False,0.0,
2024-01-10 03:00:00,GBPUSD,-1153.6865595096156,-1249.3484650904927,956619.0558087715,atr,False,0.0,
2024-01-10 04:00:00,GBPUSD,-1040.8795675718368,-1361.3385877385374,3204590.2016670057,atr,False,0.0,
2024-01-10 05:00:00,GBPUSD,-1049.138020296518,-1169.7665144104428,1206284.941139246,atr,False,0.0,
2024-01-10 06:00:00,GBPUSD,-1037.9944390668725,-1280.6034173673906,2426089.7830051817,atr,False,0.0,
2024-01-10 07:00:00,GBPUSD,-1044.5958593073094,-1163.795379471404,1191995.2016409468,atr,False,0.0,
2024-01-10 08:00:00,GBPUSD,-1113.4808314753113,-1344.1692447402486,2306884.132649372,atr,False,0.0,
2024-01-10 09:00:00,GBPUSD,-1186.5023923983945,-1384.3417094415695,1978393.1704317501,atr,False,0.0,
2024-01-10 10:00:00,GBPUSD,-1165.230627791194,-1458.9474184278697,2937167.906366759,atr,False,0.0,
2024-01-10 11:00:00,GBPUSD,-1050.2036543638424,-1592.21164980898,5420079.954451377,atr,False,0.0,
2024-01-10 12:00:00,GBPUSD,-1132.730887676624,-1416.7337609767023,2840028.7330007832,atr,False,0.0,
2024-01-10 13:00:00,GBPUSD,-1304.6255290626104,-1721.1817629597263,4165562.338971157,atr,False,0.0,
2024-01-10 14:00:00,GBPUSD,-1285.648350483662,-1377.5355416443808,918871.9116071889,atr,False,0.0,
2024-01-10 15:00:00,GBPUSD,-1340.2713416273082,-1535.1140900947046,1948427.484673965,atr,False,0.0,
2024-01-10 16:00:00,GBPUSD,-1059.4461787442249,-2116.22055782421,10567743.790799854,atr,False,0.0,
2024-01-10 17:00:00,GBPUSD,-1051.3447598454995,-1213.7910310107272,1624462.7116522759,atr,False,0.0,
2024-01-10 18:00:00,GBPUSD,-1157.9343424239767,-1504.9620738701058,3470277.314461291,atr,False,0.0,
2024-01-10 19:00:00,GBPUSD,-1101.377902223189,-1336.5781258758923,2352002.2365270327,atr,False,0.0,
2024-01-10 20:00:00,GBPUSD,-1136.1225801508467,-1367.4469283452877,2313243.48194441,atr,False,0.0,
2024-01-10 21:00:00,GBPUSD,-1047.8898606905611,-1190.9185655800466,1430287.0488948554,atr,False,0.0,
2024-01-10 22:00:00,GBPUSD,-1110.891399822289,-1342.4680860094131,2315766.861871242,atr,False,0.0,
2024-01-10 23:00:00,GBPUSD,-1040.8487536357618,-1300.0573099804262,2592085.5634466447,atr,False,0.0,
2024-01-11 00:00:00,GBPUSD,-1005.0056910629446,-1252.529345880786,2475236.5481784125,atr,False,0.0,
2024-01-11 01:00:00,GBPUSD,-966.7455258829842,-1119.3144602455372,1525689.3436255297,atr,False,0.0,
2024-01-11 02:00:00,GBPUSD,-1021.0573969490304,-1108.798666469353,877412.6952032265,atr,False,0.0,
2024-01-11 03:00:00,GBPUSD,-1308.6338807253255,-2118.82429453476,8101904.138094345,atr,False,0.0,
2024-01-11 04:00:00,GBPUSD,-1217.1275255702183,-1583.4154157917455,3662878.9022152727,atr,False,0.0,
2024-01-11 05:00:00,GBPUSD,-1245.0529795869359,-1382.0304895049858,1369775.0991805003,atr,False,0.0,
2024-01-11 06:00:00,GBPUSD,-1294.7833042758743,-1589.7586942511784,2949753.8997530397,atr,False,0.0,
2024-01-11 07:00:00,GBPUSD,-1291.2027598236255,-1695.183370559626,4039806.107360005,atr,False,0.0,
2024-01-11 08:00:00,GBPUSD,-1333.2336470332602,-1439.7314556320064,1064978.0859874613,atr,False,0.0,
2024-01-11 09:00:00,GBPUSD,-1126.6134586263856,-1505.821852849273,3792083.9422288737,atr,False,0.0,
2024-01-11 10:00:00,GBPUSD,-1182.8418057186057,-1434.3605237697718,2515187.1805116613,atr,False,0.0,
2024-01-11 11:00:00,GBPUSD,-1196.796324599493,-1298.5138183173417,1017174.9371784893,atr,False,0.0,
2024-01-11 12:00:00,GBPUSD,-1310.568509123345,-1610.8338958811073,3002653.8675776226,atr,False,0.0,
2024-01-11 13:00:00,GBPUSD,-1325.7333866931588,-1455.552209835963,1298188.2314280425,atr,False,0.0,
2024-01-11 14:00:00,GBPUSD,-1221.302851840514,-1518.5102374511405,2972073.856106265,atr,False,0.0,
2024-01-11 15:00:00,GBPUSD,-1293.04450688384,-1452.1620838944918,1591175.7701065186,atr,False,0.0,
2024-01-11 16:00:00,GBPUSD,-1324.879748518251,-1536.65513878406,2117753.9026580905,atr,False,0.0,
2024-01-11 17:00:00,GBPUSD,-1377.6582997395794,-1660.9892392558108,2833309.395162314,atr,False,0.0,
2024-01-11 18:00:00,GBPUSD,-1462.7072326913394,-2482.067206392675,10193599.737013357,atr,False,0.0,
2024-01-11 19:00:00,GBPUSD,-1551.5915992607863,-1855.7216746344761,3041300.7537368992,atr,False,0.0,
2024-01-11 20:00:00,GBPUSD,-1545.3928278881297,-1744.865809390009,1994729.815018794,atr,False,0.0,
2024-01-11 21:00:00,GBPUSD,-1725.8302694180863,-2101.3985388176866,3755682.6939960024,atr,False,0.0,
2024-01-11 22:00:00,GBPUSD,-1755.0781659708753,-1954.944613436389,1998664.4746551393,atr,False,0.0,
2024-01-11 23:00:00,GBPUSD,-1739.2259215910594,-1866.502047300925,1272761.2570986538,atr,False,0.0,
2024-01-12 00:00:00,GBPUSD,-1896.1661377912567,-2269.3044179926746,3731382.8020141795,atr,False,0.0,
2024-01-12 01:00:00,GBPUSD,-1890.1751814385198,-1982.5348061765171,923596.2473799748,atr,False,0.0,
2024-01-12 02:00:00,GBPUSD,-1873.9340764110036,-2124.7238590580937,2507897.826470903,atr,False,0.0,
2024-01-12 03:00:00,GBPUSD,-1796.4996948673613,-2092.887030454528,2963873.3558716686,atr,False,0.0,
2024-01-12 04:00:00,GBPUSD,-1883.091523486873,-2138.9148548434705,2558233.313565976,atr,False,0.0,
2024-01-12 05:00:00,GBPUSD,-1912.5287367794053,-2092.107141235727,1795784.0445632155,atr,False,0.0,
2024-01-12 06:00:00,GBPUSD,-1765.15080043442,-2150.053028256381,3849022.27821961,atr,False,0.0,
2024-01-12 07:00:00,GBPUSD,-1561.8131897270591,-2134.9496225715025,5731364.328444433,atr,False,0.0,
2024-01-12 08:00:00,GBPUSD,-1659.3750249083419,-1900.718186278821,2413431.6137047904,atr,False,0.0,
2024-01-12 09:00:00,GBPUSD,-1617.1039062623877,-1764.3946984908184,1472907.9222843086,atr,False,0.0,
2024-01-12 10:00:00,GBPUSD,-1587.4702274313447,-1761.8604453390856,1743902.1790774085,atr,False,0.0,
2024-01-12 11:00:00,GBPUSD,-1626.1613183194315,-1842.2876259492082,2161263.0762977675,atr,False,0.0,
2024-01-12 12:00:00,GBPUSD,-1704.8635948143735,-2069.549164211964,3646855.693975904,atr,False,0.0,
2024-01-12 13:00:00,GBPUSD,-1673.8236818433497,-1800.695084360585,1268714.0251723542,atr,False,0.0,
2024-01-12 14:00:00,GBPUSD,-1623.2026277513198,-1804.6823655513977,1814797.3780007784,atr,False,0.0,
2024-01-12 15:00:00,GBPUSD,-1540.5774932856561,-1756.1364137726282,2155589.20486972,atr,False,0.0,
2024-01-12 16:00:00,GBPUSD,-1697.6881281561116,-2202.284924145174,5045967.959890623,atr,False,0.0,
2024-01-12 17:00:00,GBPUSD,-1800.5850763042963,-2165.011342151957,3644262.658476605,atr,False,0.0,
2024-01-12 18:00:00,GBPUSD,-1773.2381704790278,-2079.4648839273214,3062267.134482936,atr,False,0.0,
2024-01-12 19:00:00,GBPUSD,-1845.5160745863925,-2069.8568330236008,2243407.5843720827,atr,False,0.0,
2024-01-12 20:00:00,GBPUSD,-1865.0253747252425,-2046.0300073014557,1810046.3257621322,atr,False,0.0,
2024-01-12 21:00:00,GBPUSD,-1711.4097687830879,-2022.0133664319924,3106035.9764890447,atr,False,0.0,
2024-01-12 22:00:00,GBPUSD,-1677.9761469730363,-1996.496032156312,3185198.8518327554,atr,False,0.0,
2024-01-12 23:00:00,GBPUSD,-1535.9109586285117,-1985.6829236087817,4497719.649802701,atr,False,0.0,
2024-01-13 00:00:00,GBPUSD,-1623.5262836600582,-1974.6406260078243,3511143.42347766,atr,False,0.0,
2024-01-13 01:00:00,GBPUSD,-1607.9820966840234,-1745.748355357483,1377662.5867345957,atr,False,0.0,
2024-01-13 02:00:00,GBPUSD,-1541.7846052093873,-1866.3101513679114,3245255.461585241,atr,False,0.0,
2024-01-13 03:00:00,GBPUSD,-1542.6526640121267,-1619.1845793695263,765319.1535739962,atr,False,0.0,
2024-01-13 04:00:00,GBPUSD,-1604.6012791659489,-1814.9980935663937,2103968.144004448,atr,False,0.0,
2024-01-13 05:00:00,GBPUSD,-1460.9577665306037,-1793.8559911848122,3328982.246542084,atr,False,0.0,
2024-01-13 06:00:00,GBPUSD,-1365.4138302108367,-1701.3684069259675,3359545.7671513064,atr,False,0.0,
2024-01-13 07:00:00,GBPUSD,-1368.346658681942,-1483.362566087736,1150159.07405794,atr,False,0.0,
2024-01-13 08:00:00,GBPUSD,-1386.1059105390873,-1476.0499568033529,899440.462642657,atr,False,0.0,
2024-01-13 09:00:00,GBPUSD,-1387.304476659135,-1531.0526183782752,1437481.417191402,atr,False,0.0,
2024-01-13 10:00:00,GBPUSD,-1250.9136447644594,-1677.33318937471,4264195.446102505,atr,False,0.0,
2024-01-13 11:00:00,GBPUSD,-1029.4546525736812,-1468.532759052447,4390781.06478766,atr,False,0.0,
2024-01-13 12:00:00,GBPUSD,-1026.0275714603263,-1321.9654695188328,2959378.9805850666,atr,False,0.0,
2024-01-13 13:00:00,GBPUSD,-1090.74051428118,-1630.5697837136745,5398292.694324947,atr,False,0.0,
2024-01-13 14:00:00,GBPUSD,-1170.1864045391499,-1757.8574057478254,5876710.0120867565,atr,False,0.0,
2024-01-13 15:00:00,GBPUSD,-1110.442710360297,-1317.6715222762823,2072288.1191598526,atr,False,0.0,
2024-01-13 16:00:00,GBPUSD,-1236.0376980944377,-1502.1879438338005,2661502.4573936276,atr,False,0.0,
2024-01-13 17:00:00,GBPUSD,-1171.0165603707105,-1415.005952513506,2439893.921427955,atr,False,0.0,
2024-01-13 18:00:00,GBPUSD,-1334.4036642205035,-1885.774089950471,5513704.257299676,atr,False,0.0,
2024-01-13 19:00:00,GBPUSD,-1326.1142681881063,-1527.8528391992813,2017385.7101117508,atr,False,0.0,
2024-01-13 20:00:00,GBPUSD,-1278.5889317136225,-1449.4522942018393,1708633.6248821672,atr,False,0.0,
2024-01-13 21:00:00,GBPUSD,-1291.276755179844,-1411.067450478149,1197906.9529830497,atr,False,0.0,
2024-01-13 22:00:00,GBPUSD,-1004.6582484852215,-1608.1578522458194,6034996.037605979,atr,False,0.0,
2024-01-13 23:00:00,GBPUSD,-1044.363506177311,-1297.7109666867736,2533474.605094626,atr,False,0.0,
2024-01-14 00:00:00,GBPUSD,-1340.4409108682353,-2254.9538423539966,9145129.314857613,atr,False,0.0,
2024-01-14 01:00:00,GBPUSD,-1302.305957134637,-1730.256964423524,4279510.072888869,atr,False,0.0,
2024-01-14 02:00:00,GBPUSD,-1235.3910350840126,-1376.303295818045,1409122.6073403233,atr,False,0.0,
2024-01-14 03:00:00,GBPUSD,-1283.5046011908,-1537.9994628736997,2544948.6168289976,atr,False,0.0,
2024-01-14 04:00:00,GBPUSD,-1349.1955454457197,-1648.8000536375143,2996045.0819179458,atr,False,0.0,
2024-01-14 05:00:00,GBPUSD,-1389.8283326025612,-1478.1452804686273,883169.4786606624,atr,False,0.0,
2024-01-14 06:00:00,GBPUSD,-1451.1274321684205,-1692.1865310199307,2410590.9885151037,atr,False,0.0,
2024-01-14 07:00:00,GBPUSD,-1552.1473705902413,-2202.1188127130854,6499714.421228439,atr,False,0.0,
2024-01-14 08:00:00,GBPUSD,-1507.9582885817083,-1703.2318237429877,1952735.3516127937,atr,False,0.0,
2024-01-14 09:00:00,GBPUSD,-1548.6877681484937,-1710.6559975464281,1619682.2939793444,atr,False,0.0,
2024-01-14 10:00:00,GBPUSD,-1544.1854943839978,-1754.745171296072,2105596.769120742,atr,False,0.0,
2024-01-14 11:00:00,GBPUSD,-1267.5962087998323,-1759.330514891761,4917343.060919287,atr,False,0.0,
2024-01-14 12:00:00,GBPUSD,-1432.236267653436,-1922.9840135006662,4907477.458472301,atr,False,0.0,
2024-01-14 13:00:00,GBPUSD,-1434.3887182925366,-1578.4544096214545,1440656.9132891798,atr,False,0.0,
2024-01-14 14:00:00,GBPUSD,-1425.6121208443124,-1539.7936703726566,1141815.4952834435,atr,False,0.0,
2024-01-14 15:00:00,GBPUSD,-1398.994299286533,-1509.8553084586424,1108610.0917210933,atr,False,0.0,
2024-01-14 16:00:00,GBPUSD,-1648.9679411091947,-2081.2774445589966,4323095.034498018,atr,False,0.0,
2024-01-14 17:00:00,GBPUSD,-1620.397500757464,-1746.550761136363,1261532.6037889896,atr,False,0.0,
2024-01-14 18:00:00,GBPUSD,-1575.6228382040304,-1706.793009628098,1311701.7142406746,atr,False,0.0,
2024-01-14 19:00:00,GBPUSD,-1630.4916991821788,-1861.8304036192637,2313387.0443708496,atr,False,0.0,
2024-01-14 20:00:00,GBPUSD,-1569.9977906533236,-1763.8537670509938,1938559.7639767034,atr,False,0.0,
2024-01-14 21:00:00,GBPUSD,-1490.1417127854847,-1722.3005177015302,2321588.0491604544,atr,False,0.0,
2024-01-14 22:00:00,GBPUSD,-1375.4602669796234,-1991.4951773131556,6160349.103335323,atr,False,0.0,
2024-01-14 23:00:00,GBPUSD,-1314.849880874302,-1764.6113039235438,4497614.230492417,atr,False,0.0,
2024-01-15 00:00:00,GBPUSD,-1452.1036110828181,-1971.616458720859,5195128.476380409,atr,False,0.0,
2024-01-15 01:00:00,GBPUSD,-1478.5524602151224,-1708.1128701480998,2295604.0993297743,atr,False,0.0,
2024-01-15 02:00:00,GBPUSD,-1489.7237270556338,-1541.2889860399541,515652.58984320285,atr,False,0.0,
2024-01-15 03:00:00,GBPUSD,-1692.4193729433823,-2660.5001629247886,9680807.899814064,atr,False,0.0,
2024-01-15 04:00:00,GBPUSD,-1702.3554011779067,-1821.1669573001836,1188115.561222769,atr,False,0.0,
2024-01-15 05:00:00,GBPUSD,-1769.2334518919645,-2003.3252221812666,2340917.7028930206,atr,False,0.0,
2024-01-15 06:00:00,GBPUSD,-1825.2633109962276,-2123.0190030296176,2977556.9203339014,atr,False,0.0,
2024-01-15 07:00:00,GBPUSD,-1760.5591431787518,-1987.1865854151883,2266274.4223643662,atr,False,0.0,
2024-01-15 08:00:00,GBPUSD,-1712.3506393738053,-1821.4396821509458,1090890.4277714055,atr,False,0.0,
2024-01-15 09:00:00,GBPUSD,-1740.736912945648,-1915.785737808954,1750488.2486330597,atr,False,0.0,
2024-01-15 10:00:00,GBPUSD,-1662.209255723432,-1919.4817018853878,2572724.461619556,atr,False,0.0,
2024-01-15 11:00:00,GBPUSD,-1629.342327178808,-1982.874516437984,3535321.8925917605,atr,False,0.0,
2024-01-15 12:00:00,GBPUSD,-1668.8220162476334,-1905.2494272961594,2364274.11048526,atr,False,0.0,
2024-01-15 13:00:00,GBPUSD,-1750.6777355740605,-2012.0435838726312,2613658.482985708,atr,False,0.0,
2024-01-15 14:00:00,GBPUSD,-1765.1867865689862,-1973.0857300656776,2078989.4349669134,atr,False,0.0,
2024-01-15 15:00:00,GBPUSD,-1790.1443574899752,-1938.9351471025043,1487907.8961252912,atr,False,0.0,
2024-01-15 16:00:00,GBPUSD,-1783.3229560032025,-1898.8294405224522,1155064.8451924962,atr,False,0.0,
2024-01-15 17:00:00,GBPUSD,-1778.2699721208705,-2022.558371443295,2442883.9932242446,atr,False,0.0,
2024-01-15 18:00:00,GBPUSD,-1818.3336076412627,-2005.5316526006302,1871980.4495936753,atr,False,0.0,
2024-01-15 19:00:00,GBPUSD,-1928.3780847887012,-2112.533559613488,1841554.7482478647,atr,False,0.0,
2024-01-15 20:00:00,GBPUSD,-1997.8735238156623,-2128.053421685127,1301798.9786946476,atr,False,0.0,
2024-01-15 21:00:00,GBPUSD,-1899.3071423371766,-2126.6625750380435,2273554.3270086693,atr,False,0.0,
2024-01-15 22:00:00,GBPUSD,-1926.523376430255,-2036.4196188383369,1098962.424080819,atr,False,0.0,
2024-01-15 23:00:00,GBPUSD,-1844.1318318637832,-2309.4942811862793,4653624.493224959,atr,False,0.0,
2024-01-16 00:00:00,GBPUSD,-1914.3227731497116,-2112.6660505746863,1983432.7742497465,atr,False,0.0,
2024-01-16 01:00:00,GBPUSD,-2013.24176047572,-2359.821656554536,3465798.9607881587,atr,False,0.0,
2024-01-16 02:00:00,GBPUSD,-2207.3960994862073,-2937.63652304427,7302404.235580625,atr,False,0.0,
2024-01-16 03:00:00,GBPUSD,-2230.24613351918,-2594.6928143621726,3644466.808429927,atr,False,0.0,
2024-01-16 04:00:00,GBPUSD,-2400.7260787098407,-2831.6940635140554,4309679.848042144,atr,False,0.0,
2024-01-16 05:00:00,GBPUSD,-2328.466423402295,-2528.531709476957,2000652.8607466202,atr,False,0.0,
2024-01-16 06:00:00,GBPUSD,-2371.926634511191,-2617.917838770771,2459912.042595802,atr,False,0.0,
2024-01-16 07:00:00,GBPUSD,-2347.7906687835866,-2631.12684345659,2833361.746730034,atr,False,0.0,
2024-01-16 08:00:00,GBPUSD,-2341.957569774895,-2498.904848769105,1569472.789942097,atr,False,0.0,
2024-01-16 09:00:00,GBPUSD,-2169.2576068799085,-2583.918016270244,4146604.093903356,atr,False,0.0,
2024-01-16 10:00:00,GBPUSD,-2179.4527029835235,-2597.837053393378,4183843.5040985453,atr,False,0.0,
2024-01-16 11:00:00,GBPUSD,-2109.878531588473,-2268.227227541922,1583486.9595344912,atr,False,0.0,
2024-01-16 12:00:00,GBPUSD,-2111.1326109354854,-2663.5706446495674,5524380.337140819,atr,False,0.0,
2024-01-16 13:00:00,GBPUSD,-2225.138268790126,-2464.271131177071,2391328.623869451,atr,False,0.0,
2024-01-16 14:00:00,GBPUSD,-2286.3199619079633,-2522.596293567318,2362763.316593546,atr,False,0.0,
2024-01-16 15:00:00,GBPUSD,-2253.5597502206588,-2450.4971225780514,1969373.7235739264,atr,False,0.0,
2024-01-16 16:00:00,GBPUSD,-2271.2156327124108,-2391.074920598437,1198592.8788602632,atr,False,0.0,
2024-01-16 17:00:00,GBPUSD,-2232.968403222511,-2326.6601340519774,936917.3082946645,atr,False,0.0,
2024-01-16 18:00:00,GBPUSD,-2287.4234207794266,-2467.820604009583,1803971.832301561,atr,False,0.0,
2024-01-16 19:00:00,GBPUSD,-2199.883827374299,-2466.4158979640533,2665320.705897543,atr,False,0.0,
2024-01-16 20:00:00,GBPUSD,-2319.6467932164423,-2730.484815977911,4108380.227614684,atr,False,0.0,
2024-01-16 21:00:00,GBPUSD,-2312.3808262382868,-2498.4236579812577,1860428.3174297097,atr,False,0.0,
2024-01-16 22:00:00,GBPUSD,-2269.193437550277,-2489.949103234813,2207556.6568453587,atr,False,0.0,
2024-01-16 23:00:00,GBPUSD,-2265.6438533376313,-2504.7048891100576,2390610.357724263,atr,False,0.0,
2024-01-17 00:00:00,GBPUSD,-2473.046676754965,-3452.0220443479884,9789753.675930232,atr,False,0.0,
2024-01-17 01:00:00,GBPUSD,-2332.45033943038,-2646.5310590126837,3140807.195823036,atr,False,0.0,
2024-01-17 02:00:00,GBPUSD,-2412.938636546359,-2716.3390563779253,3034004.198315665,atr,False,0.0,
2024-01-17 03:00:00,GBPUSD,-2311.477894391947,-2505.656121842659,1941782.2745071226,atr,False,0.0,
2024-01-17 04:00:00,GBPUSD,-2357.913477821147,-2495.5386657825616,1376251.8796141467,atr,False,0.0,
2024-01-17 05:00:00,GBPUSD,-2349.550306684663,-2423.358101264998,738077.9458033476,atr,False,0.0,
2024-01-17 06:00:00,GBPUSD,-2384.2520187536034,-3152.2186614032157,7679666.426496122,atr,False,0.0,
2024-01-17 07:00:00,GBPUSD,-2609.0151808650726,-3226.520572029419,6175053.911643463,atr,False,0.0,
2024-01-17 08:00:00,GBPUSD,-2592.416251391523,-2732.4570047495,1400407.5335797712,atr,False,0.0,
2024-01-17 09:00:00,GBPUSD,-2592.026897530897,-2842.413492155454,2503865.9462455735,atr,False,0.0,
2024-01-17 10:00:00,GBPUSD,-2661.386399911825,-2903.252860948032,2418664.6103620706,atr,False,0.0,
2024-01-17 11:00:00,GBPUSD,-2705.0215187431936,-2923.034107505843,2180125.8876264933,atr,False,0.0,
2024-01-17 12:00:00,GBPUSD,-2672.687269153194,-2809.6635289620735,1369762.5980887937,atr,False,0.0,
2024-01-17 13:00:00,GBPUSD,-2609.8961586754895,-3260.467911640225,6505717.529647354,atr,False,0.0,
2024-01-17 14:00:00,GBPUSD,-2622.9771382440676,-2703.841234172395,808640.9592832751,atr,False,0.0,
2024-01-17 15:00:00,GBPUSD,-2541.2241946850163,-2743.5299989336045,2023058.0424858795,atr,False,0.0,
2024-01-17 16:00:00,GBPUSD,-2544.869039273057,-2673.6573079661493,1287882.6869309274,atr,False,0.0,
2024-01-17 17:00:00,GBPUSD,-2564.442595461134,-2775.6545111834366,2112119.157223026,atr,False,0.0,
2024-01-17 18:00:00,GBPUSD,-2563.1395990141386,-2680.3082764192,1171686.7740506132,atr,False,0.0,
2024-01-17 19:00:00,GBPUSD,-2365.398107894785,-2939.4065561739535,5740084.4827916855,atr,False,0.0,
2024-01-17 20:00:00,GBPUSD,-2360.4836927677816,-2444.800941172067,843172.4840428545,atr,False,0.0,
2024-01-17 21:00:00,GBPUSD,-2354.8260998653636,-2857.281885886191,5024557.860208277,atr,False,0.0,
2024-01-17 22:00:00,GBPUSD,-2453.697653169055,-2882.6931407173697,4289954.87548315,atr,False,0.0,
2024-01-17 23:00:00,GBPUSD,-2522.1149906804367,-2742.918618146311,2208036.2746587414,atr,False,0.0,
2024-01-18 00:00:00,GBPUSD,-2467.6247067516906,-2689.982091880166,2223573.8512847526,atr,False,0.0,
2024-01-18 01:00:00,GBPUSD,-2384.729164649564,-2579.472348424929,1947431.8377536496,atr,False,0.0,
2024-01-18 02:00:00,GBPUSD,-2366.9914535536755,-2673.6897744077,3066983.208540246,atr,False,0.0,
2024-01-18 03:00:00,GBPUSD,-2428.779754128453,-2644.2671642736586,2154874.1014520535,atr,False,0.0,
2024-01-18 04:00:00,GBPUSD,-2557.3739920503444,-2934.8499491889543,3774759.5713860984,atr,False,0.0,
2024-01-18 05:00:00,GBPUSD,-2631.1740814641976,-2959.7861837535806,3286121.02289383,atr,False,0.0,
2024-01-18 06:00:00,GBPUSD,-2586.094018563302,-2738.04421872876,1519502.001654578,atr,False,0.0,
2024-01-18 07:00:00,GBPUSD,-2577.0606968898574,-2714.3594966360542,1372987.9974619667,atr,False,0.0,
2024-01-18 08:00:00,GBPUSD,-2614.6342223057695,-2770.9719234082545,1563377.0110248497,atr,False,0.0,
2024-01-18 09:00:00,GBPUSD,-2765.9860862037667,-3355.9704844718726,5899843.9826810565,atr,False,0.0,
2024-01-18 10:00:00,GBPUSD,-2777.9289483767616,-2876.3148715675443,983859.231907827,atr,False,0.0,
2024-01-18 11:00:00,GBPUSD,-2753.882723033796,-2877.925488842929,1240427.6580913323,atr,False,0.0,
2024-01-18 12:00:00,GBPUSD,-2825.425681992888,-2945.1905682126544,1197648.862197666,atr,False,0.0,
2024-01-18 13:00:00,GBPUSD,-2593.9717975880803,-3138.3552876187146,5443834.900306342,atr,False,0.0,
2024-01-18 14:00:00,GBPUSD,-2782.2351415818553,-3596.3173052707007,8140821.636888455,atr,False,0.0,
2024-01-18 15:00:00,GBPUSD,-2874.345303166605,-3414.2698109249486,5399245.077583439,atr,False,0.0,
2024-01-18 16:00:00,GBPUSD,-2886.33625399461,-2924.0086768646825,376724.22870072525,atr,False,0.0,
2024-01-18 17:00:00,GBPUSD,-2924.0418952133577,-3232.220648730382,3081787.5351702403,atr,False,0.0,
2024-01-18 18:00:00,GBPUSD,-2955.557050335875,-3097.8997144980017,1423426.6416212677,atr,False,0.0,
2024-01-18 19:00:00,GBPUSD,-2710.12537771377,-3328.424111156479,6182987.334427087,atr,False,0.0,
2024-01-18 20:00:00,GBPUSD,-2677.27221239721,-2827.854780938761,1505825.6854155138,atr,False,0.0,
2024-01-18 21:00:00,GBPUSD,-2707.1733695731814,-3040.7643459181077,3335909.7634492647,atr,False,0.0,
2024-01-18 22:00:00,GBPUSD,-2700.7525934913147,-2887.8384154241817,1870858.2193286703,atr,False,0.0,
2024-01-18 23:00:00,GBPUSD,-2697.860076696458,-2835.352673055812,1374925.9635935435,atr,False,0.0,
2024-01-19 00:00:00,GBPUSD,-2806.4529705880086,-3619.1687953377696,8127158.247497607,atr,False,0.0,
2024-01-19 01:00:00,GBPUSD,-2807.3769414184653,-3145.517716166407,3381407.7474794183,atr,False,0.0,
2024-01-19 02:00:00,GBPUSD,-2694.075688472099,-3449.4152046439776,7553395.161718786,atr,False,0.0,
2024-01-19 03:00:00,GBPUSD,-2562.7146720435335,-2978.494790394697,4157801.1835116353,atr,False,0.0,
2024-01-19 04:00:00,GBPUSD,-2628.4208036698947,-2873.919266434802,2454984.627649076,atr,False,0.0,
2024-01-19 05:00:00,GBPUSD,-2655.19358864475,-2763.443431292795,1082498.4264804516,atr,False,0.0,
2024-01-19 06:00:00,GBPUSD,-2632.4065811887563,-2755.796601955672,1233900.2076691578,atr,False,0.0,
2024-01-19 07:00:00,GBPUSD,-2569.1453679895567,-2834.5994737849633,2654541.057954066,atr,False,0.0,
2024-01-19 08:00:00,GBPUSD,-2824.2116850948732,-3741.699891482829,9174882.063879559,atr,False,0.0,
2024-01-19 09:00:00,GBPUSD,-2888.533238816472,-3153.8296034392893,2652963.6462281724,atr,False,0.0,
2024-01-19 10:00:00,GBPUSD,-2988.236546332451,-3323.451998485031,3352154.521525801,atr,False,0.0,
2024-01-19 11:00:00,GBPUSD,-2912.788333230327,-3235.085696146363,3222973.629160354,atr,False,0.0,
2024-01-19 12:00:00,GBPUSD,-2825.7340697662707,-3099.362142576499,2736280.7281022836,atr,False,0.0,
2024-01-19 13:00:00,GBPUSD,-2994.104732346034,-3394.2284765868058,4001237.4424077207,atr,False,0.0,
2024-01-19 14:00:00,GBPUSD,-2930.2873423859987,-3223.0127568823427,2927254.1449634377,atr,False,0.0,
2024-01-19 15:00:00,GBPUSD,-2974.229961818789,-3214.829560691152,2405995.98872363,atr,False,0.0,
2024-01-19 16:00:00,GBPUSD,-2815.1340484322805,-3165.2231128039866,3500890.64371706,atr,False,0.0,
2024-01-19 17:00:00,GBPUSD,-2895.5716112260325,-3099.4975369569947,2039259.2573096203,atr,False,0.0,
2024-01-19 18:00:00,GBPUSD,-2819.663910645247,-3156.473733531591,3368098.2288634367,atr,False,0.0,
2024-01-19 19:00:00,GBPUSD,-2936.5512316480517,-3242.2212846874168,3056700.5303936503,atr,False,0.0,
2024-01-19 20:00:00,GBPUSD,-3017.3076713651794,-3231.3275387676954,2140198.6740251593,atr,False,0.0,
2024-01-19 21:00:00,GBPUSD,-3011.8549689717674,-3115.8319308302043,1039769.6185843709,atr,False,0.0,
2024-01-19 22:00:00,GBPUSD,-3142.6166476182457,-3549.838631126809,4072219.835085636,atr,False,0.0,
2024-01-19 23:00:00,GBPUSD,-3051.2097238727574,-3453.0643057268626,4018545.8185410537,atr,False,0.0,
2024-01-20 00:00:00,GBPUSD,-3114.9489890405002,-3295.4395472191236,1804905.5817862316,atr,False,0.0,
2024-01-20 01:00:00,GBPUSD,-3181.0711962488635,-3374.1655591298286,1930943.6288096504,atr,False,0.0,
2024-01-20 02:00:00,GBPUSD,-3267.3780358780114,-3575.734491836117,3083564.559581055,atr,False,0.0,
2024-01-20 03:00:00,GBPUSD,-3314.285075593388,-3592.633480535555,2783484.0494216722,atr,False,0.0,
2024-01-20 04:00:00,GBPUSD,-3267.183407130195,-3383.4500907529564,1162666.8362276133,atr,False,0.0,
2024-01-20 05:00:00,GBPUSD,-3176.202639329742,-3525.778659339438,3495760.200096961,atr,False,0.0,
2024-01-20 06:00:00,GBPUSD,-3181.903536711049,-3205.237609772557,233340.73061507754,atr,False,0.0,
2024-01-20 07:00:00,GBPUSD,-3319.629379451704,-4097.5945393241545,7779651.598724507,atr,False,0.0,
2024-01-20 08:00:00,GBPUSD,-3468.7315168900236,-3850.8661411494963,3821346.242594729,atr,False,0.0,
2024-01-20 09:00:00,GBPUSD,-3625.443984641457,-4123.875156531096,4984311.718896391,atr,False,0.0,
2024-01-20 10:00:00,GBPUSD,-3592.913454270449,-3919.8895958184366,3269761.4154798724,atr,False,0.0,
2024-01-20 11:00:00,GBPUSD,-3774.86805060651,-4145.73270269312,3708646.520866098,atr,False,0.0,
2024-01-20 12:00:00,GBPUSD,-3849.5696242711483,-4173.875046343963,3243054.220728148,atr,False,0.0,
2024-01-20 13:00:00,GBPUSD,-3847.7655644166916,-4101.070447483018,2533048.830663265,atr,False,0.0,
2024-01-20 14:00:00,GBPUSD,-3878.1748896521403,-4215.830864162779,3376559.74510639,atr,False,0.0,
2024-01-20 15:00:00,GBPUSD,-3970.147292797415,-4323.865492137183,3537181.9933976755,atr,False,0.0,
2024-01-20 16:00:00,GBPUSD,-4022.4718313060876,-4122.71482219708,1002429.9089099213,atr,False,0.0,
2024-01-20 17:00:00,GBPUSD,-4089.4690460006514,-4320.951881804891,2314828.358042394,atr,False,0.0,
2024-01-20 18:00:00,GBPUSD,-4074.824643454727,-4233.87451886046,1590498.75405733,atr,False,0.0,
2024-01-20 19:00:00,GBPUSD,-4135.137098030409,-4471.789982124485,3366528.8409407507,atr,False,0.0,
2024-01-20 20:00:00,GBPUSD,-4167.733289843953,-4430.514876449227,2627815.866052745,atr,False,0.0,
2024-01-20 21:00:00,GBPUSD,-4264.061946992981,-4493.987213446204,2299252.6645322368,atr,False,0.0,
2024-01-20 22:00:00,GBPUSD,-4188.949392266912,-4368.0873446668065,1791379.523998953,atr,False,0.0,
2024-01-20 23:00:00,GBPUSD,-4411.86917419963,-5021.829959945422,6099607.857457918,atr,False,0.0,
2024-01-21 00:00:00,GBPUSD,-4380.383343320337,-4676.578251452812,2961949.081324747,atr,False,0.0,
2024-01-21 01:00:00,GBPUSD,-4424.420016456888,-4629.215382157661,2047953.6570077334,atr,False,0.0,
2024-01-21 02:00:00,GBPUSD,-4409.202357820871,-4553.571393566859,1443690.3574598774,atr,False,0.0,
2024-01-21 03:00:00,GBPUSD,-4422.235257957789,-4705.478652273225,2832433.9431543513,atr,False,0.0,
2024-01-21 04:00:00,GBPUSD,-4317.193084935236,-4677.869006942372,3606759.2200713577,atr,False,0.0,
2024-01-21 05:00:00,GBPUSD,-4232.327379396936,-4548.468190235217,3161408.108382807,atr,False,0.0,
2024-01-21 06:00:00,GBPUSD,-4157.748674777041,-4351.283977416928,1935353.0263988706,atr,False,0.0,
2024-01-21 07:00:00,GBPUSD,-4093.648720963215,-4266.880875926787,1732321.5496357172,atr,False,0.0,
2024-01-21 08:00:00,GBPUSD,-4305.180897367482,-4782.936940481769,4777560.431142868,atr,False,0.0,
2024-01-21 09:00:00,GBPUSD,-4477.647937155953,-4790.026799796251,3123788.6264029793,atr,False,0.0,
2024-01-21 10:00:00,GBPUSD,-4589.559066563038,-4956.884011535073,3673249.4497203473,atr,False,0.0,
2024-01-21 11:00:00,GBPUSD,-4823.8530575211835,-5332.752488253533,5088994.3073234875,atr,False,0.0,
2024-01-21 12:00:00,GBPUSD,-4769.601654143583,-4909.662081378701,1400604.2723511837,atr,False,0.0,
2024-01-21 13:00:00,GBPUSD,-4882.163059638978,-5162.338592686583,2801755.3304760484,atr,False,0.0,
2024-01-21 14:00:00,GBPUSD,-4902.331540261452,-4955.879222712311,535476.8245085962,atr,False,0.0,
2024-01-21 15:00:00,GBPUSD,-4846.050048780289,-5158.490384189636,3124403.3540934604,atr,False,0.0,
2024-01-21 16:00:00,GBPUSD,-4998.633511653837,-5651.613593182404,6529800.8152856715,atr,False,0.0,
2024-01-21 17:00:00,GBPUSD,-5181.002381917254,-5576.305995409363,3953036.1349210944,atr,False,0.0,
2024-01-21 18:00:00,GBPUSD,-5181.465904476959,-5331.080126972906,1496142.2249594762,atr,False,0.0,
2024-01-21 19:00:00,GBPUSD,-5140.126892667664,-5365.885998908525,2257591.0624086056,atr,False,0.0,
2024-01-01 01:00:00,USDJPY,4.6152064869518625,-179.19510177055332,1838103.082575052,atr,False,0.0,
2024-01-01 02:00:00,USDJPY,16.837457573750708,-44.829841437443164,616672.9901119387,atr,False,0.0,
2024-01-01 03:00:00,USDJPY,-24.44491827248829,-274.49774950256165,2500528.3123007333,atr,False,0.0,
2024-01-01 04:00:00,USDJPY,51.424357926360855,-253.73763656946863,3051619.944958295,atr,False,0.0,
2024-01-01 05:00:00,USDJPY,-33.33335063504215,-405.1419285340668,3718085.7789902464,atr,False,0.0,
2024-01-01 06:00:00,USDJPY,-36.3999783979591,-120.1590175120046,837590.3911404549,atr,False,0.0,
2024-01-01 07:00:00,USDJPY,-195.52255103563186,-614.7541111012977,4192315.6006566575,atr,False,0.0,
2024-01-01 08:00:00,USDJPY,-147.5795145037245,-491.0959470121782,3435164.3250845373,atr,False,0.0,
2024-01-01 09:00:00,USDJPY,-54.97196577813338,-263.4229650496326,2084509.9927149918,atr,False,0.0,
2024-01-01 10:00:00,USDJPY,-25.313128780929546,-257.9519568510314,2326388.2807010184,atr,False,0.0,
2024-01-01 11:00:00,USDJPY,-138.1458801263799,-441.24713087184665,3031012.5074546677,atr,False,0.0,
2024-01-01 12:00:00,USDJPY,-241.49761716050742,-576.3048814510324,3348072.64290525,atr,False,0.0,
2024-01-01 13:00:00,USDJPY,-246.402891833781,-480.3874298909339,2339845.380571529,atr,False,0.0,
2024-01-01 14:00:00,USDJPY,-301.8644118213102,-583.160363806832,2812959.5198552175,atr,False,0.0,
2024-01-01 15:00:00,USDJPY,-252.13656332739671,-508.1321014466105,2559955.3811921375,atr,False,0.0,
2024-01-01 16:00:00,USDJPY,-260.71685930111295,-336.0991108325712,753822.5153145825,atr,False,0.0,
2024-01-01 17:00:00,USDJPY,-248.15766869128913,-446.3550505615898,1981973.8187030065,atr,False,0.0,
2024-01-01 18:00:00,USDJPY,-352.90863157709026,-675.2903474632549,3223817.158861646,atr,False,0.0,
2024-01-01 19:00:00,USDJPY,-373.23511405082706,-524.7060341243916,1514709.2007356454,atr,False,0.0,
2024-01-01 20:00:00,USDJPY,-419.28207941088357,-599.5758706193307,1802937.912084471,atr,False,0.0,
2024-01-01 21:00:00,USDJPY,-301.2146369884533,-751.0472900628424,4498326.530743891,atr,False,0.0,
2024-01-01 22:00:00,USDJPY,-292.3994097094625,-446.03406274390323,1536346.5303444075,atr,False,0.0,
2024-01-01 23:00:00,USDJPY,-316.89253310662707,-523.9786541551618,2070861.210485347,atr,False,0.0,
2024-01-02 00:00:00,USDJPY,-256.1608197983472,-487.0404737736551,2308796.5397530794,atr,False,0.0,
2024-01-02 01:00:00,USDJPY,-295.06218383821175,-570.8702016244496,2758080.1778623783,atr,False,0.0,
2024-01-02 02:00:00,USDJPY,-384.93492127521597,-698.2984767590023,3133635.554837863,atr,False,0.0,
2024-01-02 03:00:00,USDJPY,-467.2781663547562,-659.877786787731,1925996.2043297477,atr,False,0.0,
2024-01-02 04:00:00,USDJPY,-482.7422002084876,-657.7147198392681,1749725.196307806,atr,False,0.0,
2024-01-02 05:00:00,USDJPY,-357.994989144767,-655.276230400229,2972812.4125546208,atr,False,0.0,
2024-01-02 06:00:00,USDJPY,-335.81129425003684,-1195.525415926552,8597141.21676515,atr,False,0.0,
2024-01-02 07:00:00,USDJPY,-288.5339337662898,-404.7047733180789,1161708.395517891,atr,False,0.0,
2024-01-02 08:00:00,USDJPY,-235.07652563359346,-560.0149093991729,3249383.8376557943,atr,False,0.0,
2024-01-02 09:00:00,USDJPY,-263.68287602158347,-443.9309894723198,1802481.1345073637,atr,False,0.0,
2024-01-02 10:00:00,USDJPY,-257.0417463432234,-423.6334097380457,1665916.6339482232,atr,False,0.0,
2024-01-02 11:00:00,USDJPY,-122.86838899293653,-898.6499785224939,7757815.895295574,atr,False,0.0,
2024-01-02 12:00:00,USDJPY,-61.000544885007905,-275.12049028582845,2141199.4540082053,atr,False,0.0,
2024-01-02 13:00:00,USDJPY,79.92721702912777,-153.13544471783158,2330626.6174695934,atr,False,0.0,
2024-01-02 14:00:00,USDJPY,-95.78833809847347,-803.1110366692117,7073226.985707382,atr,False,0.0,
2024-01-02 15:00:00,USDJPY,15.459754018989955,-573.3126734978001,5887724.275167901,atr,False,0.0,
2024-01-02 16:00:00,USDJPY,-135.1385485940823,-554.9954054052807,4198568.568111985,atr,False,0.0,
2024-01-02 17:00:00,USDJPY,-276.3679746432411,-531.242498440872,2548745.23797631,atr,False,0.0,
2024-01-02 18:00:00,USDJPY,-195.7413645049591,-616.4726870024735,4207313.2249751445,atr,False,0.0,
2024-01-02 19:00:00,USDJPY,-97.31338208188112,-371.45711225282207,2741437.30170941,atr,False,0.0,
2024-01-02 20:00:00,USDJPY,-140.64251798268975,-315.1133013840338,1744707.8340134402,atr,False,0.0,
2024-01-02 21:00:00,USDJPY,-356.60788823502105,-718.5038287041325,3618959.404691115,atr,False,0.0,
2024-01-02 22:00:00,USDJPY,-327.31114205602955,-421.4886719353583,941775.2987932874,atr,False,0.0,
2024-01-02 23:00:00,USDJPY,-236.76443957307043,-513.9874229895447,2772229.8341647433,atr,False,0.0,
2024-01-03 00:00:00,USDJPY,-247.41555880438378,-414.3730567816676,1669574.9797728378,atr,False,0.0,
2024-01-03 01:00:00,USDJPY,-137.254812730854,-442.3466337986491,3050918.2106779516,atr,False,0.0,
2024-01-03 02:00:00,USDJPY,-21.24582358606557,-229.85190305778013,2086060.7947171456,atr,False,0.0,
2024-01-03 03:00:00,USDJPY,79.86325043043861,-291.27316818376966,3711364.1861420823,atr,False,0.0,
2024-01-03 04:00:00,USDJPY,-229.2190971826641,-1013.0593131911311,7838402.16008467,atr,False,0.0,
2024-01-03 05:00:00,USDJPY,-365.3175164285093,-647.2620501933286,2819445.3376481934,atr,False,0.0,
2024-01-03 06:00:00,USDJPY,-239.78327993218832,-556.9986175003868,3172153.3756819842,atr,False,0.0,
2024-01-03 07:00:00,USDJPY,-277.86585087684034,-812.3681438485461,5345022.929717057,atr,False,0.0,
2024-01-03 08:00:00,USDJPY,-371.1647482244186,-577.4080719099614,2062433.2368554287,atr,False,0.0,
2024-01-03 09:00:00,USDJPY,-489.3646199914344,-791.5996799595848,3022350.5996815036,atr,False,0.0,
2024-01-03 10:00:00,USDJPY,-455.5844475520543,-588.324533714037,1327400.8616198273,atr,False,0.0,
2024-01-03 11:00:00,USDJPY,-593.5985285615602,-935.447927294372,3418493.9873281177,atr,False,0.0,
2024-01-03 12:00:00,USDJPY,-505.490725966762,-650.9823215888755,1454915.9562211356,atr,False,0.0,
2024-01-03 13:00:00,USDJPY,-459.41565550982386,-873.8626724548039,4144470.1694498006,atr,False,0.0,
2024-01-03 14:00:00,USDJPY,-815.7561814159441,-1437.5619505795403,6218057.691635961,atr,False,0.0,
2024-01-03 15:00:00,USDJPY,-820.8891506513648,-982.221930559972,1613327.799086071,atr,False,0.0,
2024-01-03 16:00:00,USDJPY,-978.4031176325901,-1502.4524872147733,5240493.695821832,atr,False,0.0,
2024-01-03 17:00:00,USDJPY,-1008.5260677324785,-1105.3780054511508,968519.3771867228,atr,False,0.0,
2024-01-03 18:00:00,USDJPY,-1099.2782053861933,-1503.0463655980875,4037681.6021189424,atr,False,0.0,
2024-01-03 19:00:00,USDJPY,-957.544989252192,-1403.3950085578858,4458500.193056939,atr,False,0.0,
2024-01-03 20:00:00,USDJPY,-871.0464645433944,-1039.2622293002228,1682157.6475682822,atr,False,0.0,
2024-01-03 21:00:00,USDJPY,-943.1057182668351,-1208.6471898993063,2655414.716324711,atr,False,0.0,
2024-01-03 22:00:00,USDJPY,-907.7900541996506,-990.3118895922257,825218.3539257509,atr,False,0.0,
2024-01-03 23:00:00,USDJPY,-916.5959081856612,-1097.366146943286,1807702.387576247,atr,False,0.0,
2024-01-04 00:00:00,USDJPY,-954.3733333639697,-1165.2327392682423,2108594.0590427257,atr,False,0.0,
2024-01-04 01:00:00,USDJPY,-974.961536705849,-1108.4071015014185,1334455.6479556952,atr,False,0.0,
2024-01-04 02:00:00,USDJPY,-902.0770432709677,-1079.2264852388698,1771494.4196790203,atr,False,0.0,
2024-01-04 03:00:00,USDJPY,-1098.9930525352138,-1669.6766003076532,5706835.477724395,atr,False,0.0,
2024-01-04 04:00:00,USDJPY,-1097.1656856040568,-1264.2001829360117,1670344.97331955,atr,False,0.0,
2024-01-04 05:00:00,USDJPY,-1173.1970662154934,-1386.032916002466,2128358.4978697263,atr,False,0.0,
2024-01-04 06:00:00,USDJPY,-1194.2216292095686,-1308.6766195428202,1144549.9033325154,atr,False,0.0,
2024-01-04 07:00:00,USDJPY,-1282.5842573828518,-1579.2378846989927,2966536.2731614094,atr,False,0.0,
2024-01-04 08:00:00,USDJPY,-1189.2970027311565,-1528.0249280801004,3387279.2534894384,atr,False,0.0,
2024-01-04 09:00:00,USDJPY,-1303.2715231097714,-1511.682182360575,2084106.5925080376,atr,False,0.0,
2024-01-04 10:00:00,USDJPY,-1219.4681791439507,-1585.6710609293445,3662028.8178539383,atr,False,0.0,
2024-01-04 11:00:00,USDJPY,-1198.6878116731052,-1324.7335903122857,1260457.7863918054,atr,False,0.0,
2024-01-04 12:00:00,USDJPY,-1155.2259415008825,-1339.6777940064208,1844518.5250553812,atr,False,0.0,
2024-01-04 13:00:00,USDJPY,-1356.6507814525107,-1745.3974043881126,3887466.229356018,atr,False,0.0,
2024-01-04 14:00:00,USDJPY,-1698.2852081348517,-2636.3339316443244,9380487.235094728,atr,False,0.0,
2024-01-04 15:00:00,USDJPY,-1684.6908422299734,-1769.036134491405,843452.9226143139,atr,False,0.0,
2024-01-04 16:00:00,USDJPY,-1689.8862113166826,-1853.9738272508725,1640876.1593419001,atr,False,0.0,
2024-01-04 17:00:00,USDJPY,-1685.270211025597,-1878.6815318312615,1934113.2080566455,atr,False,0.0,
2024-01-04 18:00:00,USDJPY,-1634.4980271234172,-1763.3507510000584,1288527.2387664123,atr,False,0.0,
2024-01-04 19:00:00,USDJPY,-1676.1217127939026,-1760.9902276399812,848685.1484607861,atr,False,0.0,
2024-01-04 20:00:00,USDJPY,-1693.8935032705756,-1936.991327247215,2430978.2397663933,atr,False,0.0,
2024-01-04 21:00:00,USDJPY,-1702.6970503936175,-1829.6947624128452,1269977.1201922772,atr,False,0.0,
2024-01-04 22:00:00,USDJPY,-1685.4878905758685,-1889.2395427603165,2037516.5218444807,atr,False,0.0,
2024-01-04 23:00:00,USDJPY,-1489.6266039548436,-2015.530807720114,5259042.037652701,atr,False,0.0,
2024-01-05 00:00:00,USDJPY,-1504.9736368672245,-1768.8063786094006,2638327.41742176,atr,False,0.0,
2024-01-05 01:00:00,USDJPY,-1572.8304569851516,-1776.1133756456666,2032829.1866051496,atr,False,0.0,
2024-01-05 02:00:00,USDJPY,-1594.8059907824952,-1659.6125275505465,648065.3676805116,atr,False,0.0,
2024-01-05 03:00:00,USDJPY,-1854.0382213237683,-2466.4108331046564,6123726.117808882,atr,False,0.0,
2024-01-05 04:00:00,USDJPY,-1943.951521702024,-2144.003033725007,2000515.1202298282,atr,False,0.0,
2024-01-05 05:00:00,USDJPY,-1982.2628349942743,-2174.0818580998584,1918190.2310558436,atr,False,0.0,
2024-01-05 06:00:00,USDJPY,-2006.8328971489873,-2226.7790719323216,2199461.747833341,atr,False,0.0,
2024-01-05 07:00:00,USDJPY,-2081.385127126752,-2276.416516114543,1950313.8898779093,atr,False,0.0,
2024-01-05 08:00:00,USDJPY,-2113.4358199841395,-2308.216133458217,1947803.134740776,atr,False,0.0,
2024-01-05 09:00:00,USDJPY,-2230.1342219689577,-2539.7907566273043,3096565.3465834633,atr,False,0.0,
2024-01-05 10:00:00,USDJPY,-2389.297105017192,-2752.656659412923,3633595.5439573126,atr,False,0.0,
2024-01-05 11:00:00,USDJPY,-2434.785656704636,-2622.7235310527913,1879378.7434815543,atr,False,0.0,
2024-01-05 12:00:00,USDJPY,-2556.4289796244925,-2754.4460704305393,1980170.9080604655,atr,False,0.0,
2024-01-05 13:00:00,USDJPY,-2593.290139382142,-2754.5126425246503,1612225.0314250821,atr,False,0.0,
2024-01-05 14:00:00,USDJPY,-2564.412531976632,-2784.5267296957527,2201141.977191203,atr,False,0.0,
2024-01-05 15:00:00,USDJPY,-2826.2377226879835,-3465.7560403380626,6395183.176500792,atr,False,0.0,
2024-01-05 16:00:00,USDJPY,-2827.2827802734723,-2891.930560260361,646477.7998688828,atr,False,0.0,
2024-01-05 17:00:00,USDJPY,-2821.1779576157724,-2903.2324875587865,820545.2994301412,atr,False,0.0,
2024-01-05 18:00:00,USDJPY,-2886.18338719386,-3199.1599632046027,3129765.760107423,atr,False,0.0,
2024-01-05 19:00:00,USDJPY,-2881.8388502188914,-3217.7331190599216,3358942.6884103017,atr,False,0.0,
2024-01-05 20:00:00,USDJPY,-2729.170070401743,-2980.7075746134938,2515375.042117507,atr,False,0.0,
2024-01-05 21:00:00,USDJPY,-2648.7172857424184,-2924.704278428285,2759869.9268586664,atr,False,0.0,
2024-01-05 22:00:00,USDJPY,-2758.7113367713205,-3075.1084503960647,3163971.1362474393,atr,False,0.0,
2024-01-05 23:00:00,USDJPY,-2832.6153215908275,-3105.434864274376,2728195.4268354867,atr,False,0.0,
2024-01-06 00:00:00,USDJPY,-2892.9320615934803,-3014.4291425650763,1214970.8097159602,atr,False,0.0,
2024-01-06 01:00:00,USDJPY,-2960.121513506228,-3122.228447238711,1621069.3373248316,atr,False,0.0,
2024-01-06 02:00:00,USDJPY,-3061.680429497337,-3311.2386814017323,2495582.519043951,atr,False,0.0,
2024-01-06 03:00:00,USDJPY,-3106.7836538634742,-3329.4913174724993,2227076.6360902507,atr,False,0.0,
2024-01-06 04:00:00,USDJPY,-3033.0390485425246,-3183.760740874474,1507216.9233194927,atr,False,0.0,
2024-01-06 05:00:00,USDJPY,-3113.278134553925,-3451.891524108925,3386133.8955499986,atr,False,0.0,
2024-01-06 06:00:00,USDJPY,-3067.8754369869457,-3207.4288603959208,1395534.2340897506,atr,False,0.0,
2024-01-06 07:00:00,USDJPY,-3231.2683804758553,-4027.6005686213175,7963321.881454624,atr,False,0.0,
2024-01-06 08:00:00,USDJPY,-3093.194305121684,-3324.572314211559,2313780.0908987513,atr,False,0.0,
2024-01-06 09:00:00,USDJPY,-3181.543551849515,-3631.7572603131985,4502137.0846368335,atr,False,0.0,
2024-01-06 10:00:00,USDJPY,-3195.708152075174,-3569.514960649486,3738068.085743121,atr,False,0.0,
2024-01-06 11:00:00,USDJPY,-3129.4549275621184,-3343.0388599108137,2135839.3234869526,atr,False,0.0,
2024-01-06 12:00:00,USDJPY,-3165.825725844319,-3365.7094819037766,1998837.5605945748,atr,False,0.0,
2024-01-06 13:00:00,USDJPY,-3090.6441343001234,-3445.112836270071,3544687.019699479,atr,False,0.0,
2024-01-06 14:00:00,USDJPY,-3122.066896425808,-3340.139499207923,2180726.027821149,atr,False,0.0,
2024-01-06 15:00:00,USDJPY,-3030.373485809316,-3399.1134781037426,3687399.922944262,atr,False,0.0,
2024-01-06 16:00:00,USDJPY,-2819.0210680237155,-3238.0120079230337,4189909.3989931815,atr,False,0.0,
2024-01-06 17:00:00,USDJPY,-2802.4534969894326,-2888.839526463296,863860.2947386336,atr,False,0.0,
2024-01-06 18:00:00,USDJPY,-2914.984481425705,-3136.349973491511,2213654.9206580594,atr,False,0.0,
2024-01-06 19:00:00,USDJPY,-2760.607585644802,-3060.3685004727804,2997609.1482797824,atr,False,0.0,
2024-01-06 20:00:00,USDJPY,-2738.6319412007147,-2854.012076296253,1153801.35095538,atr,False,0.0,
2024-01-06 21:00:00,USDJPY,-2603.8953688524775,-2880.642507632934,2767471.387804567,atr,False,0.0,
2024-01-06 22:00:00,USDJPY,-2695.984486914777,-2993.5530107682716,2975685.238534945,atr,False,0.0,
2024-01-06 23:00:00,USDJPY,-2916.261452709744,-3504.475091833259,5882136.391235149,atr,False,0.0,
2024-01-07 00:00:00,USDJPY,-2968.7290967730123,-3137.050033541442,1683209.367684299,atr,False,0.0,
2024-01-07 01:00:00,USDJPY,-3012.920221704182,-3294.487656854105,2815674.351499231,atr,False,0.0,
2024-01-07 02:00:00,USDJPY,-2957.7405697130666,-3119.5693162718926,1618287.4655882618,atr,False,0.0,
2024-01-07 03:00:00,USDJPY,-2897.5860343246804,-3222.1981638764883,3246121.2955180784,atr,False,0.0,
2024-01-07 04:00:00,USDJPY,-2829.7606676704136,-3018.9550814582017,1891944.1378778834,atr,False,0.0,
2024-01-07 05:00:00,USDJPY,-2799.3747949657522,-2957.989042670885,1586142.4770513258,atr,False,0.0,
2024-01-07 06:00:00,USDJPY,-2845.9170967932214,-3014.0122240172877,1680951.272240661,atr,False,0.0,
2024-01-07 07:00:00,USDJPY,-2815.9595469850465,-2985.169340528936,1692097.9354388965,atr,False,0.0,
2024-01-07 08:00:00,USDJPY,-2927.088026490515,-3180.5355324162338,2534475.059257186,atr,False,0.0,
2024-01-07 09:00:00,USDJPY,-3007.673968272657,-3338.8713452335746,3311973.769609176,atr,False,0.0,
2024-01-07 10:00:00,USDJPY,-2948.362890146865,-3110.8036509503822,1624407.6080351716,atr,False,0.0,
2024-01-07 11:00:00,USDJPY,-3072.1496356094044,-3266.653465231994,1945038.2962258956,atr,False,0.0,
2024-01-07 12:00:00,USDJPY,-2996.72607808913,-3231.5808750901715,2348547.9700104133,atr,False,0.0,
2024-01-07 13:00:00,USDJPY,-2972.753419248929,-3033.7234929510837,609700.7370215487,atr,False,0.0,
2024-01-07 14:00:00,USDJPY,-2851.8685247121666,-3143.138504876223,2912699.8016405674,atr,False,0.0,
2024-01-07 15:00:00,USDJPY,-2844.4985874201784,-2905.1264604608486,606278.7304067046,atr,False,0.0,
2024-01-07 16:00:00,USDJPY,-2750.033113762895,-3085.676775716056,3356436.6195316077,atr,False,0.0,
2024-01-07 17:00:00,USDJPY,-2657.6377433598177,-3036.5167427042034,3788789.993443859,atr,False,0.0,
2024-01-07 18:00:00,USDJPY,-2614.939836404259,-2720.936612126936,1059967.757226766,atr,False,0.0,
2024-01-07 19:00:00,USDJPY,-2517.462306136582,-2866.41619786061,3489538.917240277,atr,False,0.0,
2024-01-07 20:00:00,USDJPY,-2515.2175611019725,-2631.32664086333,1161090.7976135763,atr,False,0.0,
2024-01-07 21:00:00,USDJPY,-2383.0482914870227,-2782.160501505727,3991122.1001870427,atr,False,0.0,
2024-01-07 22:00:00,USDJPY,-2455.247013259473,-2700.221934603419,2449749.2134394567,atr,False,0.0,
2024-01-07 23:00:00,USDJPY,-2467.4395630506697,-2519.3654892576087,519259.2620693904,atr,False,0.0,
2024-01-08 00:00:00,USDJPY,-2624.236692429907,-3070.846875016689,4466101.825867816,atr,False,0.0,
2024-01-08 01:00:00,USDJPY,-2541.4595016222142,-3366.9189783172087,8254594.766949942,atr,False,0.0,
2024-01-08 02:00:00,USDJPY,-2557.1520125622433,-2733.1762116993787,1760241.9913713515,atr,False,0.0,
2024-01-08 03:00:00,USDJPY,-2533.7403030413925,-2639.6514766315304,1059111.7359013767,atr,False,0.0,
2024-01-08 04:00:00,USDJPY,-2559.59074938266,-2744.2168161940294,1846260.668113696,atr,False,0.0,
2024-01-08 05:00:00,USDJPY,-2592.2854897887623,-2759.471103805504,1671856.1401674151,atr,False,0.0,
2024-01-08 06:00:00,USDJPY,-2500.8152990733274,-2719.1632256123903,2183479.265390629,atr,False,0.0,
2024-01-08 07:00:00,USDJPY,-2461.523775906417,-2678.4703679390723,2169465.920326554,atr,False,0.0,
2024-01-08 08:00:00,USDJPY,-2460.782030770399,-2629.1048164978524,1683227.8572745328,atr,False,0.0,
2024-01-08 09:00:00,USDJPY,-2424.7218714238766,-2655.55870423296,2308368.328090835,atr,False,0.0,
2024-01-08 10:00:00,USDJPY,-2496.85763827342,-2692.9213567819033,1960637.1850848359,atr,False,0.0,
2024-01-08 11:00:00,USDJPY,-2664.5678126204725,-3021.7680579261323,3572002.4530566,atr,False,0.0,
2024-01-08 12:00:00,USDJPY,-2622.722458643899,-2860.368051513349,2376455.928694502,atr,False,0.0,
2024-01-08 13:00:00,USDJPY,-2634.0022244296215,-2745.3191774336656,1113169.5300404385,atr,False,0.0,
2024-01-08 14:00:00,USDJPY,-2360.2830670937024,-3388.1602473591224,10278771.802654201,atr,False,0.0,
2024-01-08 15:00:00,USDJPY,-2197.8621237115126,-2551.0582313781824,3531961.076666696,atr,False,0.0,
2024-01-08 16:00:00,USDJPY,-2196.41964584581,-2429.7648602728045,2333452.144269945,atr,False,0.0,
2024-01-08 17:00:00,USDJPY,-2028.6891412593936,-2296.3740369292127,2676848.956698193,atr,False,0.0,
2024-01-08 18:00:00,USDJPY,-2037.240691625193,-2196.113448259605,1588727.5663441177,atr,False,0.0,
2024-01-08 19:00:00,USDJPY,-2015.4105963432853,-2321.549436144363,3061388.3980107754,atr,False,0.0,
2024-01-08 20:00:00,USDJPY,-1952.348163858118,-2264.2940368908694,3119458.730327516,atr,False,0.0,
2024-01-08 21:00:00,USDJPY,-1941.8023225702625,-2161.325772797557,2195234.5022729468,atr,False,0.0,
2024-01-08 22:00:00,USDJPY,-2047.0777001297204,-2240.353030503466,1932753.3037374578,atr,False,0.0,
2024-01-08 23:00:00,USDJPY,-2003.9746701291672,-2308.3431623731894,3043684.922440225,atr,False,0.0,
2024-01-09 00:00:00,USDJPY,-2022.3050516389844,-2312.6974972058206,2903924.4556683595,atr,False,0.0,
2024-01-09 01:00:00,USDJPY,-2284.2306676692997,-3338.9939900184863,10547633.223491868,atr,False,0.0,
2024-01-09 02:00:00,USDJPY,-2185.2732983895903,-2421.958435852675,2366851.374630844,atr,False,0.0,
2024-01-09 03:00:00,USDJPY,-2196.5060454455734,-2323.928413048876,1274223.6760330251,atr,False,0.0,
2024-01-09 04:00:00,USDJPY,-2213.5542754891776,-2320.893786784827,1073395.112956498,atr,False,0.0,
2024-01-09 05:00:00,USDJPY,-2271.1367934679906,-2364.839274849804,937024.8138181341,atr,False,0.0,
2024-01-09 06:00:00,USDJPY,-2060.5902995255974,-2732.4777803431484,6718874.808175511,atr,False,0.0,
2024-01-09 07:00:00,USDJPY,-1917.0085565405896,-2387.469925733141,4704613.691925513,atr,False,0.0,
2024-01-09 08:00:00,USDJPY,-1735.389805296108,-2288.9721660178684,5535823.607217602,atr,False,0.0,
2024-01-09 09:00:00,USDJPY,-1708.9084329356037,-1916.923445658476,2080150.1272287236,atr,False,0.0,
2024-01-09 10:00:00,USDJPY,-1596.411376211246,-2165.4492892605126,5690379.130492666,atr,False,0.0,
2024-01-09 11:00:00,USDJPY,-1620.885506147868,-1752.2616715637616,1313761.6541589363,atr,False,0.0,
2024-01-09 12:00:00,USDJPY,-1487.957815266093,-1721.8896059818537,2339317.9071576083,atr,False,0.0,
2024-01-09 13:00:00,USDJPY,-1491.74732421636,-1693.7411211308345,2019937.9691447439,atr,False,0.0,
2024-01-09 14:00:00,USDJPY,-1499.2975935715865,-1671.4393803242244,1721417.8675263792,atr,False,0.0,
2024-01-09 15:00:00,USDJPY,-1365.8962633445585,-1655.1698910205773,2892736.276760187,atr,False,0.0,
2024-01-09 16:00:00,USDJPY,-1425.1373021833767,-1663.7308988257078,2385935.9664233094,atr,False,0.0,
2024-01-09 17:00:00,USDJPY,-1516.9685918764753,-2030.6753136950415,5137067.218185661,atr,False,0.0,
2024-01-09 18:00:00,USDJPY,-1522.3189962736808,-1599.1327069977624,768137.1072408161,atr,False,0.0,
2024-01-09 19:00:00,USDJPY,-1560.356048344379,-1816.0958001916229,2557397.5184724405,atr,False,0.0,
2024-01-09 20:00:00,USDJPY,-1662.4843357415584,-1933.2641749054055,2707798.391638472,atr,False,0.0,
2024-01-09 21:00:00,USDJPY,-1661.5643411954657,-1685.0448282586526,234804.87063186843,atr,False,0.0,
2024-01-09 22:00:00,USDJPY,-1607.3822269913394,-1842.7387900693313,2353565.630779919,atr,False,0.0,
2024-01-09 23:00:00,USDJPY,-1512.1437795005688,-1995.6892599295488,4835454.804289801,atr,False,0.0,
2024-01-10 00:00:00,USDJPY,-1535.8561843137286,-1712.0953262345497,1762391.4192082123,atr,False,0.0,
2024-01-10 01:00:00,USDJPY,-1539.2380433575825,-1629.457193189915,902191.4983233251,atr,False,0.0,
2024-01-10 02:00:00,USDJPY,-1674.5626479818502,-2250.111321043406,5755486.730615556,atr,False,0.0,
2024-01-10 03:00:00,USDJPY,-1369.1055337495497,-2445.979392786335,10768738.590367854,atr,False,0.0,
2024-01-10 04:00:00,USDJPY,-1349.4728830129059,-1561.4748646074718,2120019.81594566,atr,False,0.0,
2024-01-10 05:00:00,USDJPY,-1374.417315759589,-1556.924393498094,1825070.7773850514,atr,False,0.0,
2024-01-10 06:00:00,USDJPY,-1403.3666121628316,-1640.6971244623549,2373305.122995232,atr,False,0.0,
2024-01-10 07:00:00,USDJPY,-1285.4892262318683,-1666.0894563513039,3806002.301194354,atr,False,0.0,
2024-01-10 08:00:00,USDJPY,-1257.5339282757218,-1446.2197442666918,1886858.1599097003,atr,False,0.0,
2024-01-10 09:00:00,USDJPY,-1332.9497782467083,-1588.1094323657692,2551596.5411906084,atr,False,0.0,
2024-01-10 10:00:00,USDJPY,-1232.32618073959,-1499.667431624895,2673412.5088530504,atr,False,0.0,
2024-01-10 11:00:00,USDJPY,-1261.9345084851252,-1434.9545644429156,1730200.5595779042,atr,False,0.0,
2024-01-10 12:00:00,USDJPY,-1314.345934896513,-1450.4111830484158,1360652.4815190267,atr,False,0.0,
2024-01-10 13:00:00,USDJPY,-1331.0728842577864,-1446.4603084052837,1153874.241474972,atr,False,0.0,
2024-01-10 14:00:00,USDJPY,-1483.0734752555413,-1898.5791353465088,4155056.6009096736,atr,False,0.0,
2024-01-10 15:00:00,USDJPY,-1477.278746431757,-1826.3411378892704,3490623.9145751335,atr,False,0.0,
2024-01-10 16:00:00,USDJPY,-1416.716555425827,-1585.8088406048275,1690922.8517900056,atr,False,0.0,
2024-01-10 17:00:00,USDJPY,-1468.895247699476,-2031.8334793275958,5629382.3162811985,atr,False,0.0,
2024-01-10 18:00:00,USDJPY,-1436.720619991203,-1768.0774625420422,3313568.4255083925,atr,False,0.0,
2024-01-10 19:00:00,USDJPY,-1552.5507726161272,-1788.8712475712014,2363204.7495507426,atr,False,0.0,
2024-01-10 20:00:00,USDJPY,-1515.9789348861107,-2078.8043272585214,5628253.923724108,atr,False,0.0,
2024-01-10 21:00:00,USDJPY,-1515.321609845059,-1574.282709857441,589611.0001238207,atr,False,0.0,
2024-01-10 22:00:00,USDJPY,-1535.679193150636,-1698.0273430304226,1623481.4987978667,atr,False,0.0,
2024-01-10 23:00:00,USDJPY,-1505.0394229706549,-1725.6221163885218,2205826.9341786695,atr,False,0.0,
2024-01-11 00:00:00,USDJPY,-1572.7321996262817,-1740.594929744794,1678627.3011851213,atr,False,0.0,
2024-01-11 01:00:00,USDJPY,-1605.1157389936382,-1834.160399723746,2290446.607301078,atr,False,0.0,
2024-01-11 02:00:00,USDJPY,-1687.7552781031175,-1870.505226980038,1827499.4887692048,atr,False,0.0,
2024-01-11 03:00:00,USDJPY,-1713.2977271080254,-1852.9200587580904,1396223.3165006489,atr,False,0.0,
2024-01-11 04:00:00,USDJPY,-1606.0558886755302,-1773.9061065804494,1678502.1790491908,atr,False,0.0,
2024-01-11 05:00:00,USDJPY,-1536.5685254250134,-1729.2878828700188,1927193.5744500547,atr,False,0.0,
2024-01-11 06:00:00,USDJPY,-1567.3906731751715,-1735.3797783702096,1679891.0519503807,atr,False,0.0,
2024-01-11 07:00:00,USDJPY,-1690.3511781400975,-2067.9982844122187,3776471.062721214,atr,False,0.0,
2024-01-11 08:00:00,USDJPY,-1652.9984567459182,-1834.5690471371247,1815705.9039120646,atr,False,0.0,
2024-01-11 09:00:00,USDJPY,-1912.2830326864892,-2433.9863592011934,5217033.265147043,atr,False,0.0,
2024-01-11 10:00:00,USDJPY,-1929.0760501965844,-2082.00521068316,1529291.6048657547,atr,False,0.0,
2024-01-11 11:00:00,USDJPY,-1937.224545400349,-2065.2939530972785,1280694.0769692948,atr,False,0.0,
2024-01-11 12:00:00,USDJPY,-2179.1266367256585,-3023.7332118327945,8446065.75107136,atr,False,0.0,
2024-01-11 13:00:00,USDJPY,-2200.913867687671,-2449.579323684905,2486654.5599723416,atr,False,0.0,
2024-01-11 14:00:00,USDJPY,-2208.7624518483863,-2372.2988120719683,1635363.6022358183,atr,False,0.0,
2024-01-11 15:00:00,USDJPY,-2243.0328315258807,-2452.1495347456384,2091167.032197575,atr,False,0.0,
2024-01-11 16:00:00,USDJPY,-2287.3527046621307,-2480.4366669786305,1930839.623165,atr,False,0.0,
2024-01-11 17:00:00,USDJPY,-2580.812645680778,-3100.4456262091626,5196329.805283847,atr,False,0.0,
2024-01-11 18:00:00,USDJPY,-2397.1569699363645,-3262.9823152497283,8658253.453133639,atr,False,0.0,
2024-01-11 19:00:00,USDJPY,-2361.51618214608,-2618.2314442539773,2567152.6210789736,atr,False,0.0,
2024-01-11 20:00:00,USDJPY,-2822.672737946351,-3896.032422841744,10733596.84895393,atr,False,0.0,
2024-01-11 21:00:00,USDJPY,-2946.722172210211,-3263.2149294041265,3164927.5719391564,atr,False,0.0,
2024-01-11 22:00:00,USDJPY,-3142.085772891289,-3713.451309500493,5713655.366092041,atr,False,0.0,
2024-01-11 23:00:00,USDJPY,-3074.26277973372,-3351.060141154463,2767973.6142074326,atr,False,0.0,
2024-01-12 00:00:00,USDJPY,-3195.9071693130036,-3922.887203865086,7269800.345520825,atr,False,0.0,
2024-01-12 01:00:00,USDJPY,-3287.711016553357,-3506.7197778903956,2190087.613370388,atr,False,0.0,
2024-01-12 02:00:00,USDJPY,-3293.1097463567826,-3601.1770460623657,3080672.9970558304,atr,False,0.0,
2024-01-12 03:00:00,USDJPY,-3451.987709402252,-4104.9192368648355,6529315.274625832,atr,False,0.0,
2024-01-12 04:00:00,USDJPY,-3400.9848267303632,-3633.903540240969,2329187.135106056,atr,False,0.0,
2024-01-12 05:00:00,USDJPY,-3208.368540123393,-3804.3434641684867,5959749.240450937,atr,False,0.0,
2024-01-12 06:00:00,USDJPY,-3230.3527924702184,-3390.265713982667,1599129.215124485,atr,False,0.0,
2024-01-12 07:00:00,USDJPY,-3286.5219081406613,-3592.9603250058335,3064384.1686517247,atr,False,0.0,
2024-01-12 08:00:00,USDJPY,-3207.827691888236,-3527.4564509505253,3196287.5906228917,atr,False,0.0,
2024-01-12 09:00:00,USDJPY,-3379.7436904572974,-3731.4324522108036,3516887.6175350645,atr,False,0.0,
2024-01-12 10:00:00,USDJPY,-3544.1950961153857,-3818.8166836326254,2746215.8751723976,atr,False,0.0,
2024-01-12 11:00:00,USDJPY,-3622.5516571276057,-4015.0760560987587,3925243.9897115296,atr,False,0.0,
2024-01-12 12:00:00,USDJPY,-3664.0961052305142,-3791.547383665617,1274512.784351027,atr,False,0.0,
2024-01-12 13:00:00,USDJPY,-3789.199895403234,-4117.690886586876,3284909.9118364193,atr,False,0.0,
2024-01-12 14:00:00,USDJPY,-3860.0404754912515,-4100.685652255613,2406451.767643616,atr,False,0.0,
2024-01-12 15:00:00,USDJPY,-3939.564559614258,-4261.972009025707,3224074.494114486,atr,False,0.0,
2024-01-12 16:00:00,USDJPY,-3893.268227204448,-3972.8707110422347,796024.8383778662,atr,False,0.0,
2024-01-12 17:00:00,USDJPY,-3956.765688045917,-4179.35705001367,2225913.6196775287,atr,False,0.0,
2024-01-12 18:00:00,USDJPY,-4028.7368731777615,-4436.063641033544,4073267.6785578243,atr,False,0.0,
2024-01-12 19:00:00,USDJPY,-4125.203746537132,-4422.541067166032,2973373.206289002,atr,False,0.0,
2024-01-12 20:00:00,USDJPY,-4081.5212293853606,-4258.588596103873,1770673.6671851263,atr,False,0.0,
2024-01-12 21:00:00,USDJPY,-4157.459790610896,-4500.948950418106,3434891.5980721014,atr,False,0.0,
2024-01-12 22:00:00,USDJPY,-4346.579475569257,-4854.506921340008,5079274.457707516,atr,False,0.0,
2024-01-12 23:00:00,USDJPY,-4636.666283926018,-5184.214527375143,5475482.434491255,atr,False,0.0,
2024-01-13 00:00:00,USDJPY,-4559.118162340784,-4793.220426468396,2341022.641276122,atr,False,0.0,
2024-01-13 01:00:00,USDJPY,-4486.93700567939,-4861.260525593162,3743235.1991377296,atr,False,0.0,
2024-01-13 02:00:00,USDJPY,-4360.30865873473,-4721.102019049391,3607933.603146607,atr,False,0.0,
2024-01-13 03:00:00,USDJPY,-4291.318069603439,-4457.112934003125,1657948.6439968604,atr,False,0.0,
2024-01-13 04:00:00,USDJPY,-4351.688761230252,-4577.44641052953,2257576.49299278,atr,False,0.0,
2024-01-13 05:00:00,USDJPY,-4507.123043017934,-4855.525941991849,3484028.989739158,atr,False,0.0,
2024-01-13 06:00:00,USDJPY,-4566.248252456508,-4779.08255244371,2128342.999872016,atr,False,0.0,
2024-01-13 07:00:00,USDJPY,-4667.104494220461,-4833.320857675546,1662163.6345508478,atr,False,0.0,
2024-01-13 08:00:00,USDJPY,-4771.952423344683,-5096.2578682565545,3243054.449118713,atr,False,0.0,
2024-01-13 09:00:00,USDJPY,-4760.632973175473,-4811.71211914731,510791.45971836627,atr,False,0.0,
2024-01-13 10:00:00,USDJPY,-4545.806441628682,-4929.356102343327,3835496.6071464512,atr,False,0.0,
2024-01-13 11:00:00,USDJPY,-4498.593322886395,-4672.791114095066,1741977.9120867131,atr,False,0.0,
2024-01-13 12:00:00,USDJPY,-4387.0704739770135,-4640.301144822697,2532306.70845684,atr,False,0.0,
2024-01-13 13:00:00,USDJPY,-4277.71680296262,-4570.677928557927,2929611.255953073,atr,False,0.0,
2024-01-13 14:00:00,USDJPY,-4356.201487097292,-4786.8226528012665,4306211.6570397485,atr,False,0.0,
2024-01-13 15:00:00,USDJPY,-4462.0497993922645,-4758.015589771651,2959657.903793868,atr,False,0.0,
2024-01-13 16:00:00,USDJPY,-4256.143967386298,-4768.105077632326,5119611.102460289,atr,False,0.0,
2024-01-13 17:00:00,USDJPY,-4164.821700488617,-4363.5103796954045,1986886.7920678668,atr,False,0.0,
2024-01-13 18:00:00,USDJPY,-4083.617069225146,-4310.141854760343,2265247.8553519743,atr,False,0.0,
2024-01-13 19:00:00,USDJPY,-4160.8183437950465,-4504.667074695397,3438487.3090035077,atr,False,0.0,
2024-01-13 20:00:00,USDJPY,-4154.323710239829,-4222.499866212607,681761.5597277882,atr,False,0.0,
2024-01-13 21:00:00,USDJPY,-4066.100668070897,-4313.959298344431,2478586.3027353366,atr,False,0.0,
2024-01-13 22:00:00,USDJPY,-4175.339759380212,-4378.185845319386,2028460.8593917459,atr,False,0.0,
2024-01-13 23:00:00,USDJPY,-4324.036220790566,-4630.061146091359,3060249.2530079237,atr,False,0.0,
2024-01-14 00:00:00,USDJPY,-4291.799210666356,-4622.5905495412635,3307913.3887490756,atr,False,0.0,
2024-01-14 01:00:00,USDJPY,-4447.620952431343,-4727.842388697087,2802214.3626574418,atr,False,0.0,
2024-01-14 02:00:00,USDJPY,-4495.937093019256,-4681.396615258478,1854595.2223922224,atr,False,0.0,
2024-01-14 03:00:00,USDJPY,-4479.196351862715,-4569.662369188578,904660.1732586259,atr,False,0.0,
2024-01-14 04:00:00,USDJPY,-4485.902980193237,-4530.575623226205,446726.430329677,atr,False,0.0,
2024-01-14 05:00:00,USDJPY,-4579.87957802503,-4797.470512412557,2175909.3438752685,atr,False,0.0,
2024-01-14 06:00:00,USDJPY,-4525.600206167028,-4636.736186531971,1111359.803649434,atr,False,0.0,
2024-01-14 07:00:00,USDJPY,-4556.538113054498,-4691.432806443279,1348946.9338878053,atr,False,0.0,
2024-01-14 08:00:00,USDJPY,-4629.861592242859,-4800.3571258496995,1704955.3360684058,atr,False,0.0,
2024-01-14 09:00:00,USDJPY,-4657.993397297948,-4775.921080691781,1179276.8339383337,atr,False,0.0,
2024-01-14 10:00:00,USDJPY,-4813.50636004495,-5273.724573691265,4602182.136463148,atr,False,0.0,
2024-01-14 11:00:00,USDJPY,-4910.131600229293,-5343.050304481285,4329187.042519916,atr,False,0.0,
2024-01-14 12:00:00,USDJPY,-4967.064336963159,-5202.424463848243,2353601.268850839,atr,False,0.0,
2024-01-14 13:00:00,USDJPY,-5032.493425368944,-5292.204979495213,2597115.5412626876,atr,False,0.0,
2024-01-14 14:00:00,USDJPY,-5073.735317571471,-5530.00280379419,4562674.8622272,atr,False,0.0,
2024-01-14 15:00:00,USDJPY,-5034.209754421693,-5158.8195859302905,1246098.3150859694,atr,False,0.0,
2024-01-14 16:00:00,USDJPY,-5149.471435466159,-5567.083290518125,4176118.550519659,atr,False,0.0,
2024-01-14 17:00:00,USDJPY,-5080.580383186629,-5395.934624717851,3153542.4153122175,atr,False,0.0,
2024-01-14 18:00:00,USDJPY,-5504.307672372314,-6569.9367382975215,10656290.659252072,atr,False,0.0,
2024-01-14 19:00:00,USDJPY,-5515.954647450192,-5686.792615846315,1708379.6839612252,atr,False,0.0,
2024-01-14 20:00:00,USDJPY,-5486.849134629095,-5722.574044907525,2357249.1027842993,atr,False,0.0,
2024-01-14 21:00:00,USDJPY,-5494.5387578955215,-5636.777841806103,1422390.8391058194,atr,False,0.0,
2024-01-14 22:00:00,USDJPY,-5513.505931489156,-5615.8834775997675,1023775.461106111,atr,False,0.0,
2024-01-14 23:00:00,USDJPY,-5515.327401716164,-5579.536039306258,642086.3759009398,atr,False,0.0,
2024-01-15 00:00:00,USDJPY,-5448.420840252464,-5805.429620551853,3570087.802993894,atr,False,0.0,
2024-01-15 01:00:00,USDJPY,-5391.025301160707,-5667.939724936912,2769144.2377620526,atr,False,0.0,
2024-01-15 02:00:00,USDJPY,-5423.77131930941,-5643.677331442028,2199060.1213261834,atr,False,0.0,
2024-01-15 03:00:00,USDJPY,-5398.804335890715,-5520.2083814165835,1214040.455258687,atr,False,0.0,
2024-01-15 04:00:00,USDJPY,-5616.7501238453,-6055.196356478668,4384462.326333687,atr,False,0.0,
2024-01-15 05:00:00,USDJPY,-5496.177022276616,-5725.83439022876,2296573.6795214345,atr,False,0.0,
2024-01-15 06:00:00,USDJPY,-5275.710360022674,-5977.622664886373,7019123.048636993,atr,False,0.0,
2024-01-15 07:00:00,USDJPY,-5277.001743729162,-5479.98411177538,2029823.680462182,atr,False,0.0,
2024-01-15 08:00:00,USDJPY,-5300.631455660025,-5566.3888623263465,2657574.066663219,atr,False,0.0,
2024-01-15 09:00:00,USDJPY,-5134.678854019824,-5423.236489633451,2885576.3561362755,atr,False,0.0,
2024-01-15 10:00:00,USDJPY,-5199.090364530845,-5404.440014480251,2053496.499494054,atr,False,0.0,
2024-01-15 11:00:00,USDJPY,-5237.914905536794,-5425.310123479706,1873952.1794291115,atr,False,0.0,
2024-01-15 12:00:00,USDJPY,-5292.29648758671,-5423.4728567567445,1311763.691700344,atr,False,0.0,
2024-01-15 13:00:00,USDJPY,-5268.622082632657,-5447.849613440187,1792275.308075291,atr,False,0.0,
2024-01-15 14:00:00,USDJPY,-5344.936201229516,-5507.874233574193,1629380.3234467711,atr,False,0.0,
2024-01-15 15:00:00,USDJPY,-5096.976786329475,-5610.628517746229,5136517.314167536,atr,False,0.0,
2024-01-15 16:00:00,USDJPY,-5050.287376558429,-5402.073959946624,3517865.8338819514,atr,False,0.0,
2024-01-15 17:00:00,USDJPY,-5054.230296212031,-5305.197473379529,2509671.771674971,atr,False,0.0,
2024-01-15 18:00:00,USDJPY,-4939.591773332556,-5451.690930378379,5120991.570458228,atr,False,0.0,
2024-01-15 19:00:00,USDJPY,-4937.171285469622,-5192.120252521481,2549489.670518592,atr,False,0.0,
2024-01-15 20:00:00,USDJPY,-4847.008189604523,-5062.352929049392,2153447.3944486897,atr,False,0.0,
2024-01-15 21:00:00,USDJPY,-4868.939329303688,-5059.9879610792195,1910486.3177553127,atr,False,0.0,
2024-01-15 22:00:00,USDJPY,-4855.102041305804,-5023.056680822441,1679546.3951663668,atr,False,0.0,
2024-01-15 23:00:00,USDJPY,-4669.87832146218,-5050.84339351182,3809650.720496402,atr,False,0.0,
2024-01-16 00:00:00,USDJPY,-4571.417027440695,-4959.2113574372715,3877943.299965764,atr,False,0.0,
2024-01-16 01:00:00,USDJPY,-4719.596063583595,-5199.049261162928,4794531.975793324,atr,False,0.0,
2024-01-16 02:00:00,USDJPY,-4747.725166036493,-5087.145736256248,3394205.7021975503,atr,False,0.0,
2024-01-16 03:00:00,USDJPY,-4862.009856401586,-5065.825960555893,2038161.0415430712,atr,False,0.0,
2024-01-16 04:00:00,USDJPY,-4787.755756055238,-5018.2737600115315,2305180.039562938,atr,False,0.0,
2024-01-16 05:00:00,USDJPY,-4900.462645599365,-5297.310544571277,3968478.989719124,atr,False,0.0,
2024-01-16 06:00:00,USDJPY,-4884.45801477873,-4979.04301867092,945850.0389219034,atr,False,0.0,
2024-01-16 07:00:00,USDJPY,-4914.043225232113,-5111.41229095813,1973690.6572601674,atr,False,0.0,
2024-01-16 08:00:00,USDJPY,-4894.395407942861,-5127.853913377669,2334585.0543480767,atr,False,0.0,
2024-01-16 09:00:00,USDJPY,-4835.941889473754,-5277.575094183749,4416332.047099954,atr,False,0.0,
2024-01-16 10:00:00,USDJPY,-4809.217481995324,-5019.9579406684325,2107404.586731077,atr,False,0.0,
2024-01-16 11:00:00,USDJPY,-4720.165455517915,-4996.030565353367,2758651.098354521,atr,False,0.0,
2024-01-16 12:00:00,USDJPY,-4686.937136007682,-4868.777734391946,1818405.9838426355,atr,False,0.0,
2024-01-16 13:00:00,USDJPY,-4621.247658464007,-4944.781340079908,3235336.8161590104,atr,False,0.0,
2024-01-16 14:00:00,USDJPY,-4391.316260908797,-5003.443253342144,6121269.924333474,atr,False,0.0,
2024-01-16 15:00:00,USDJPY,-4440.059863283235,-4771.704803700448,3316449.4041721215,atr,False,0.0,
2024-01-16 16:00:00,USDJPY,-4256.198504526857,-4600.886372944831,3446878.6841797465,atr,False,0.0,
2024-01-16 17:00:00,USDJPY,-4173.176936564552,-4369.887595902895,1967106.5933834277,atr,False,0.0,
2024-01-16 18:00:00,USDJPY,-4293.372879180841,-4637.572645012373,3441997.6583153177,atr,False,0.0,
2024-01-16 19:00:00,USDJPY,-4241.817548324415,-4685.31640544722,4434988.571228046,atr,False,0.0,
2024-01-16 20:00:00,USDJPY,-4277.812411503417,-4359.8843258674315,820719.143640149,atr,False,0.0,
2024-01-16 21:00:00,USDJPY,-4265.849898835858,-4344.726405187503,788765.0635164483,atr,False,0.0,
2024-01-16 22:00:00,USDJPY,-4259.826721035295,-4439.071875127773,1792451.5409247717,atr,False,0.0,
2024-01-16 23:00:00,USDJPY,-4051.377520247145,-4496.4522160943125,4450746.958471669,atr,False,0.0,
2024-01-17 00:00:00,USDJPY,-4092.9136441801616,-4284.004394568049,1910907.5038788775,atr,False,0.0,
2024-01-17 01:00:00,USDJPY,-4221.422062270566,-4497.1661729239195,2757441.1065335334,atr,False,0.0,
2024-01-17 02:00:00,USDJPY,-4331.5521698923285,-5047.332441984601,7157802.7209227225,atr,False,0.0,
2024-01-17 03:00:00,USDJPY,-4364.432375944283,-4514.375349921663,1499429.7397737955,atr,False,0.0,
2024-01-17 04:00:00,USDJPY,-4303.171630965681,-4545.436281272371,2422646.503066903,atr,False,0.0,
2024-01-17 05:00:00,USDJPY,-4065.74678536083,-4494.694913004713,4289481.27643883,atr,False,0.0,
2024-01-17 06:00:00,USDJPY,-4046.7465540926833,-4180.660093423611,1339135.393309282,atr,False,0.0,
2024-01-17 07:00:00,USDJPY,-3959.0515026870908,-4175.405262239435,2163537.5955234417,atr,False,0.0,
2024-01-17 08:00:00,USDJPY,-3961.197803394619,-3980.7031276976936,195053.24303074757,atr,False,0.0,
2024-01-17 09:00:00,USDJPY,-4069.2987763505516,-4368.2791617776265,2989803.854270749,atr,False,0.0,
2024-01-17 10:00:00,USDJPY,-4076.965724183839,-4105.16738850801,282016.64324170677,atr,False,0.0,
2024-01-17 11:00:00,USDJPY,-3999.1083117061007,-4307.928389672591,3088200.779664901,atr,False,0.0,
2024-01-17 12:00:00,USDJPY,-4044.338418825065,-4212.9776320364235,1686392.132113583,atr,False,0.0,
2024-01-17 13:00:00,USDJPY,-4114.3677159702665,-4723.622037994381,6092543.220241141,atr,False,0.0,
2024-01-17 14:00:00,USDJPY,-4171.026359392482,-4343.538938713776,1725125.7932129398,atr,False,0.0,
2024-01-17 15:00:00,USDJPY,-4184.6124356804485,-4284.066289300463,994538.5362001435,atr,False,0.0,
2024-01-17 16:00:00,USDJPY,-4473.751047532887,-5183.287090364374,7095360.428314875,atr,False,0.0,
2024-01-17 17:00:00,USDJPY,-4439.7963662571065,-4710.671311347491,2708749.450903838,atr,False,0.0,
2024-01-17 18:00:00,USDJPY,-4441.285842980042,-4770.522610910338,3292367.6793029606,atr,False,0.0,
2024-01-17 19:00:00,USDJPY,-4489.604580575234,-4721.777047793492,2321724.6721825814,atr,False,0.0,
2024-01-17 20:00:00,USDJPY,-4474.5786286816365,-4512.592549780707,380139.21099070105,atr,False,0.0,
2024-01-17 21:00:00,USDJPY,-4369.491257617988,-4562.387380734868,1928961.2311688052,atr,False,0.0,
2024-01-17 22:00:00,USDJPY,-4404.238503635477,-4703.0169709612055,2987784.6732572834,atr,False,0.0,
2024-01-17 23:00:00,USDJPY,-4488.256030494472,-4727.748174601844,2394921.441073725,atr,False,0.0,
2024-01-18 00:00:00,USDJPY,-4850.487153871226,-5516.7201609472595,6662330.07076034,atr,False,0.0,
2024-01-18 01:00:00,USDJPY,-4904.312537969473,-5134.900587231679,2305880.492622068,atr,False,0.0,
2024-01-18 02:00:00,USDJPY,-5233.909421544053,-6098.671027254393,8647616.057103401,atr,False,0.0,
2024-01-18 03:00:00,USDJPY,-5307.186658635416,-5876.604290464228,5694176.318288119,atr,False,0.0,
2024-01-18 04:00:00,USDJPY,-5415.633483377079,-5766.114830534214,3504813.4715713556,atr,False,0.0,
2024-01-18 05:00:00,USDJPY,-5307.6746848628745,-5633.283930520575,3256092.4565770114,atr,False,0.0,
2024-01-18 06:00:00,USDJPY,-5360.36184610238,-5606.939820201364,2465779.740989838,atr,False,0.0,
2024-01-18 07:00:00,USDJPY,-5185.5066680211185,-5608.219055526994,4227123.87505876,atr,False,0.0,
2024-01-18 08:00:00,USDJPY,-5202.484853741669,-5436.817943636983,2343330.898953136,atr,False,0.0,
2024-01-18 09:00:00,USDJPY,-5313.462477851587,-5651.523074926609,3380605.970750221,atr,False,0.0,
2024-01-18 10:00:00,USDJPY,-5304.983987515824,-5470.6575685215,1656735.8100567616,atr,False,0.0,
2024-01-18 11:00:00,USDJPY,-5311.073368593955,-5360.053526166117,489801.57572162175,atr,False,0.0,
2024-01-18 12:00:00,USDJPY,-5345.959898008234,-5479.231188408981,1332712.9040074714,atr,False,0.0,
2024-01-18 13:00:00,USDJPY,-5443.047690205644,-5758.760736472067,3157130.4626642265,atr,False,0.0,
2024-01-18 14:00:00,USDJPY,-5480.743493986523,-5607.5121032445395,1267686.092580161,atr,False,0.0,
2024-01-18 15:00:00,USDJPY,-5492.737221612409,-5583.1876761959975,904504.5458358845,atr,False,0.0,
2024-01-18 16:00:00,USDJPY,-5572.358927685068,-5817.92979479085,2455708.671057819,atr,False,0.0,
2024-01-18 17:00:00,USDJPY,-5588.0594320710625,-5940.369381577919,3523099.495068568,atr,False,0.0,
2024-01-18 18:00:00,USDJPY,-5620.173236438118,-5743.939817917872,1237665.8147975423,atr,False,0.0,
2024-01-18 19:00:00,USDJPY,-5519.444860823806,-5771.272312028985,2518274.5120517802,atr,False,0.0,
2024-01-18 20:00:00,USDJPY,-5525.987948494709,-5657.999530876643,1320115.8238193467,atr,False,0.0,
2024-01-18 21:00:00,USDJPY,-5575.404174331277,-5797.33080044047,2219266.2610919294,atr,False,0.0,
2024-01-18 22:00:00,USDJPY,-5531.9126050502555,-5765.935564323743,2340229.5927348724,atr,False,0.0,
2024-01-18 23:00:00,USDJPY,-5515.029159944306,-5766.340659333953,2513114.9938964653,atr,False,0.0,
2024-01-19 00:00:00,USDJPY,-5531.772280090923,-5688.793060248094,1570207.8015717007,atr,False,0.0,
2024-01-19 01:00:00,USDJPY,-5608.033547183403,-5756.708860703829,1486753.1352042533,atr,False,0.0,
2024-01-19 02:00:00,USDJPY,-5600.159212647111,-5871.391533061775,2712323.2041466325,atr,False,0.0,
2024-01-19 03:00:00,USDJPY,-5572.531991260804,-5657.072066318589,845400.7505778554,atr,False,0.0,
2024-01-19 04:00:00,USDJPY,-5641.522454435401,-5897.978710517331,2564562.5608192952,atr,False,0.0,
2024-01-19 05:00:00,USDJPY,-5630.030345026586,-5764.7724117599555,1347420.6673336993,atr,False,0.0,
2024-01-19 06:00:00,USDJPY,-5523.841341352493,-6054.146856337562,5303055.149850683,atr,False,0.0,
2024-01-19 07:00:00,USDJPY,-5911.125007745586,-7308.791115335826,13976661.075902402,atr,False,0.0,
2024-01-19 08:00:00,USDJPY,-5999.530023498142,-6188.61029242654,1890802.6892839735,atr,False,0.0,
2024-01-19 09:00:00,USDJPY,-5990.221817221711,-6102.888655959044,1126668.3873733291,atr,False,0.0,
2024-01-19 10:00:00,USDJPY,-5897.605794869184,-6176.288715498969,2786829.206297857,atr,False,0.0,
2024-01-19 11:00:00,USDJPY,-5972.069571938876,-6154.75708232842,1826875.1038954407,atr,False,0.0,
2024-01-19 12:00:00,USDJPY,-5997.121592932677,-6060.5807852294265,634591.9229674883,atr,False,0.0,
2024-01-19 13:00:00,USDJPY,-5983.525185539702,-6188.305933709458,2047807.4816975687,atr,False,0.0,
2024-01-19 14:00:00,USDJPY,-5970.47931698036,-6117.4353812437075,1469560.6426334823,atr,False,0.0,
2024-01-19 15:00:00,USDJPY,-5560.162004748376,-6254.016602462711,6938545.9771433445,atr,False,0.0,
2024-01-19 16:00:00,USDJPY,-5499.871815577003,-5689.001843714713,1891300.281377098,atr,False,0.0,
2024-01-19 17:00:00,USDJPY,-5627.7515854981575,-6068.317277382976,4405656.918848181,atr,False,0.0,
2024-01-19 18:00:00,USDJPY,-5435.905082227936,-5926.439982720965,4905349.004930295,atr,False,0.0,
2024-01-19 19:00:00,USDJPY,-5325.785054503764,-5626.475776992102,3006907.2248833757,atr,False,0.0,
2024-01-19 20:00:00,USDJPY,-5426.438384859016,-6065.224172298545,6387857.87439529,atr,False,0.0,
2024-01-19 21:00:00,USDJPY,-5314.044161632449,-5585.71493945681,2716707.7782436125,atr,False,0.0,
2024-01-19 22:00:00,USDJPY,-5224.946716203961,-5616.00269841738,3910559.822134196,atr,False,0.0,
2024-01-19 23:00:00,USDJPY,-5137.7121499770055,-5762.129721065323,6244175.7108831685,atr,False,0.0,
2024-01-20 00:00:00,USDJPY,-5218.7139869711655,-5447.46614186508,2287521.548939149,atr,False,0.0,
2024-01-20 01:00:00,USDJPY,-5123.993171059085,-5514.469954468048,3904767.834089621,atr,False,0.0,
2024-01-20 02:00:00,USDJPY,-5235.78595006399,-5517.197377018241,2814114.2695425153,atr,False,0.0,
2024-01-20 03:00:00,USDJPY,-5304.840068650512,-5457.786624345222,1529465.5569470979,atr,False,0.0,
2024-01-20 04:00:00,USDJPY,-5341.424163515275,-5493.6650374214305,1522408.7390615568,atr,False,0.0,
2024-01-20 05:00:00,USDJPY,-5240.349473715004,-5428.552410041586,1882029.3632658196,atr,False,0.0,
2024-01-20 06:00:00,USDJPY,-5381.930304723428,-5710.157124227969,3282268.195045408,atr,False,0.0,
2024-01-20 07:00:00,USDJPY,-5366.979970417117,-5584.678218099253,2176982.4768213583,atr,False,0.0,
2024-01-20 08:00:00,USDJPY,-5267.673548980614,-5529.905170630216,2622316.216496015,atr,False,0.0,
2024-01-20 09:00:00,USDJPY,-5133.863646603867,-5475.935987716355,3420723.4111248776,atr,False,0.0,
2024-01-20 10:00:00,USDJPY,-5044.321292373753,-5472.328422267343,4280071.298935904,atr,False,0.0,
2024-01-20 11:00:00,USDJPY,-5045.839601508417,-5190.302900931014,1444632.9942259626,atr,False,0.0,
2024-01-20 12:00:00,USDJPY,-5044.140255506962,-5195.018406175094,1508781.5066813254,atr,False,0.0,
2024-01-20 13:00:00,USDJPY,-5008.492342426693,-5166.687021252476,1581946.7882578375,atr,False,0.0,
2024-01-20 14:00:00,USDJPY,-5066.449212310635,-5208.801686631122,1423524.743204871,atr,False,0.0,
2024-01-20 15:00:00,USDJPY,-4981.634984456849,-5165.566383256554,1839313.9879970478,atr,False,0.0,
2024-01-20 16:00:00,USDJPY,-5037.011415214955,-5343.452357832337,3064409.4261738155,atr,False,0.0,
2024-01-20 17:00:00,USDJPY,-5000.556914077324,-5112.143527424818,1115866.1334749376,atr,False,0.0,
2024-01-20 18:00:00,USDJPY,-5410.359196027275,-6139.895024404875,7295358.2837759955,atr,False,0.0,
2024-01-20 19:00:00,USDJPY,-5461.813199395288,-5608.108967358659,1462957.679633705,atr,False,0.0,
2024-01-20 20:00:00,USDJPY,-5519.781264091477,-5746.5263112822795,2267450.471908019,atr,False,0.0,
2024-01-20 21:00:00,USDJPY,-5652.693505627996,-5876.762943628808,2240694.3800081126,atr,False,0.0,
2024-01-20 22:00:00,USDJPY,-5371.3034576727505,-6257.877260854199,8865738.031814486,atr,False,0.0,
2024-01-20 23:00:00,USDJPY,-5398.201129473435,-5586.972065461863,1887709.3598842837,atr,False,0.0,
2024-01-21 00:00:00,USDJPY,-5459.4462317403995,-5857.134371526496,3976881.397860961,atr,False,0.0,
2024-01-21 01:00:00,USDJPY,-5518.1953599177705,-5686.535481163079,1683401.2124530817,atr,False,0.0,
2024-01-21 02:00:00,USDJPY,-5193.117260823137,-5828.506823665041,6353895.62841904,atr,False,0.0,
2024-01-21 03:00:00,USDJPY,-5274.117484300695,-5480.607004060287,2064895.1975959288,atr,False,0.0,
2024-01-21 04:00:00,USDJPY,-5374.519890374457,-5600.661726059243,2261418.356847862,atr,False,0.0,
2024-01-21 05:00:00,USDJPY,-5259.2915137721675,-5452.4748405780865,1931833.2680591857,atr,False,0.0,
2024-01-21 06:00:00,USDJPY,-5352.222784449546,-5632.308722779432,2800859.383298857,atr,False,0.0,
2024-01-21 07:00:00,USDJPY,-5341.167262477133,-5477.631994097658,1364647.3162052552,atr,False,0.0,
2024-01-21 08:00:00,USDJPY,-5365.805364635593,-5533.6244002156345,1678190.3558004114,atr,False,0.0,
2024-01-21 09:00:00,USDJPY,-5224.487017406462,-5829.456011100883,6049689.936944215,atr,False,0.0,
2024-01-21 10:00:00,USDJPY,-5247.21703425709,-5456.625074059104,2094080.3980201373,atr,False,0.0,
2024-01-21 11:00:00,USDJPY,-5177.333074229792,-5453.069913463749,2757368.392339563,atr,False,0.0,
2024-01-21 12:00:00,USDJPY,-5203.302470142653,-5533.18995507782,3298874.849351664,atr,False,0.0,
2024-01-21 13:00:00,USDJPY,-5154.0924800913235,-5425.2846615603485,2711921.814690249,atr,False,0.0,
2024-01-21 14:00:00,USDJPY,-5107.909438360721,-5429.444647979549,3215352.0961882803,atr,False,0.0,
2024-01-21 15:00:00,USDJPY,-4984.339151405561,-5274.223858861443,2898847.074558817,atr,False,0.0,
2024-01-21 16:00:00,USDJPY,-4952.458521483798,-5229.500923333763,2770424.018499653,atr,False,0.0,
2024-01-21 17:00:00,USDJPY,-4946.255206298396,-5056.253206686437,1099980.0038804142,atr,False,0.0,
2024-01-21 18:00:00,USDJPY,-4785.278355120928,-5081.983057182496,2967047.020615682,atr,False,0.0,
2024-01-21 19:00:00,USDJPY,-4771.139262737244,-4871.331575901428,1001923.1316418337,atr,False,0.0,
